内置番号,卡号,姓名,姓氏提取,匹配类型,骑砍ID,罗马音名,家族,文化,类型,外观模版,生年,登场,终年,死因,父亲,父亲编号,祖父,祖父编号,亲族,仕官倾向,仕官相性,亲密相性,性情,精神,主义,行动,情义,野心,喜好,物欲,饮酒,出身,武具,统率,武力,政务,智谋,魅力,足轻,骑马,火枪,水军,弓术,武艺,军学,忍术,建筑,开垦,矿山,算术,礼法,辩才,茶道,医术,特殊合战卡,秘技卡,称号卡,亲密获取,组合获取,事件获取,流亡之章,姓名,身份,立场,所属势力,所属据点,所属流派,乱麻之章,姓名,身份,立场,所属势力,所属据点,所属流派,日轮之章,姓名,身份,立场,所属势力,所属据点,所属流派,升龙之章,姓名,身份,立场,所属势力,所属据点,所属流派,覇道之章,姓名,身份,立场,所属势力,所属据点,所属流派,转变之章,姓名,身份,立场,所属势力,所属据点,所属流派,浪华之章,姓名,身份,立场,所属势力,所属据点,所属流派,太平之章,姓名,身份,立场,所属势力,所属据点,所属流派,梦幻之章,姓名,身份,立场,所属势力,所属据点,所属流派,事件获取
0,2,青山忠成,青山,需新建,lord_1_aoyamatadaakira,Aoyama Tadanari,,,,,1551,1565,1613,病死,,,,,,只限武将,88,88,温和,胆小,现实,慎重,重视情义,35,书籍,无欲,普通,藤原氏,刀剑,45,40,55,53,38,1,0,1,0,1,0,2,0,1,3,1,2,2,0,0,1,无,强袭,无,无要求,,,未登场,青山忠成,足轻组头,直臣,松平家,冈崎城,无,未登场,青山忠成,足轻组头,陪臣（松平元康）,今川家,冈崎城,无,未登场,青山忠成,浪人,其他,无,冈崎之町,无,已登场,青山忠成,足轻组头,直臣,德川家,冈崎城,无,已登场,青山忠成,足轻组头,直臣,德川家,滨松城,无,已登场,青山忠成,足轻组头,直臣,德川家,滨松城,无,已登场,青山忠成,足轻组头,直臣,德川家,滨松城,无,已登场,青山忠成,足轻大将,直臣,德川家,江户城,无,已登场,青山忠成,大名,首领,青山家,高松城,无,
1,3,赤池长任,赤池,需新建,lord_1_akaike,Akaike Nagatomo,,,,,1530,1554,1579,病死,,,,,,只限武将,60,60,性急,勇敢,普通,普通,重视情义,29,武具,普通,嗜酒如命,其他,刀剑,70,63,43,61,58,2,3,2,1,2,2,3,0,1,0,0,1,1,1,0,0,无,强袭，拔突，刚弓，铁壁,无,无要求,,,已登场,赤池长任,部将,直臣,相良家,人吉城,无,已登场,赤池长任,部将,直臣,相良家,人吉城,无,已登场,赤池长任,部将,直臣,相良家,人吉城,无,已登场,赤池长任,部将,直臣,相良家,人吉城,无,已登场,赤池长任,部将,直臣,相良家,人吉城,无,已死亡,赤池长任,无效,无效,无,无效,无,已死亡,赤池长任,无效,无效,无,无效,无,已死亡,赤池长任,无效,无效,无,无效,无,已登场,赤池长任,部将,直臣,赤穴家,中村城,无,
2,4,赤井直正,赤井,需新建,lord_1_akainaomasa,Akai Naomasa,,,,,1529,1560,1578,战死,,,,,,全职种,44,44,普通,勇敢,普通,普通,普通,57,武具,贪心,嗜酒如命,源氏,枪,72,62,43,56,55,3,2,2,0,1,2,2,1,1,1,1,1,1,0,0,0,无,强袭，拔突，铁壁,无,一般条件,,,已登场,赤井直正,侍大将,直臣,波多野家,八上城,无,已登场,赤井直正,侍大将,直臣,波多野家,八上城,无,已登场,赤井直正,侍大将,直臣,波多野家,八上城,无,已登场,赤井直正,侍大将,直臣,波多野家,八上城,无,已登场,赤井直正,侍大将,直臣,波多野家,八上城,无,已死亡,赤井直正,无效,无效,无,无效,无,已死亡,赤井直正,无效,无效,无,无效,无,已死亡,赤井直正,无效,无效,无,无效,无,已登场,赤井直正,家老,直臣,赤穴家,中村城,无,
3,71,安西又助,安西,需新建,lord_1_anzaimatasuke,Anzai Matasuke,,,,,1556,1570,1619,病死,,,,,,全职种,35,35,性急,普通,理想,轻率,普通,44,南蛮物,贪心,嗜酒如命,平氏,刀剑,56,53,21,39,47,2,0,1,3,2,1,0,1,2,0,0,0,0,1,0,1,进水,强袭，刚弓,无,无要求,,,未登场,安西又助,船大将,直臣,房总水军,冈本之砦,无,未登场,安西又助,船大将,直臣,房总水军,冈本之砦,无,未登场,安西又助,船大将,直臣,房总水军,冈本之砦,无,未登场,安西又助,船大将,直臣,房总水军,冈本之砦,无,已登场,安西又助,船头,直臣,房总水军,冈本之砦,无,已登场,安西又助,船头,直臣,房总水军,冈本之砦,无,已登场,安西又助,船头,直臣,房总水军,冈本之砦,无,已登场,安西又助,头领,首领,房总水军,冈本之砦,无,已登场,安西又助,侍大将,直臣,西园寺家,山形城,无,
4,5,武将,赤尾清纲,赤尾清綱,精确匹配,赤尾清纲,100,lord_1_akao,clan_akao_1,kinai,Akao Kiyotsuna,Akao Kiyotsuna,1514,1554,1573,刀剑,64,70,39,66,41,1,2,1,0,0,1,0,0,1,0,0,0,1,0,0,0,无,强袭,无,,,,,,只限武将,70,70,温和,勇敢,理想,普通,普通,21,书籍,普通,普通,藤原氏,已登场,赤尾清纲,部将,直臣,浅井家,小谷城,无,已登场,赤尾清纲,家老,直臣,浅井家,小谷城,无,已登场,赤尾清纲,家老,直臣,浅井家,小谷城,无,已登场,赤尾清纲,家老,直臣,浅井家,小谷城,无,已死亡,赤尾清纲,无效,无效,无,无效,无,已死亡,赤尾清纲,无效,无效,无,无效,无,已死亡,赤尾清纲,无效,无效,无,无效,无,已死亡,赤尾清纲,无效,无效,无,无效,无,已登场,赤尾清纲,家老,直臣,赤穴家,中村城,无,无要求,,
5,6,武将,明石全登,明石全登,精确匹配,明石全登,100,lord_1_akashi_2,clan_akashi_1,sanyo,Akashi Teruzumi,Akashi Teruzumi,1566,1580,1615,刀剑,60,69,46,56,53,1,1,1,0,1,0,0,0,0,1,1,1,0,0,1,2,无,强袭,无,,,,,,全职种,19,19,性急,胆小,理想,轻率,普通,62,南蛮物,贪心,普通,源氏,未登场,明石全登,足轻组头,陪臣（宇喜多直家）,浦上家,天神山城,无,未登场,明石全登,足轻组头,陪臣（宇喜多直家）,浦上家,天神山城,无,未登场,明石全登,足轻组头,直臣,浦上家,天神山城,无,未登场,明石全登,足轻组头,陪臣（宇喜多直家）,浦上家,天神山城,无,未登场,明石全登,足轻组头,陪臣（宇喜多直家）,浦上家,冈山城,无,已登场,明石全登,足轻组头,直臣,宇喜多家,冈山城,无,已登场,明石全登,足轻组头,直臣,宇喜多家,冈山城,无,已登场,明石全登,侍大将,直臣,宇喜多家,冈山城,无,已登场,明石全登,浪人,其他,无,江户之町,无,一般条件,,
4,5,赤尾清纲,赤尾,精确匹配,lord_1_akao,Akao Kiyotsuna,clan_akao_1,kinai,精确匹配织丰,,1514,1554,1573,战死,,,,,,只限武将,70,70,温和,勇敢,理想,普通,普通,21,书籍,普通,普通,藤原氏,刀剑,64,70,39,66,41,1,2,1,0,0,1,0,0,1,0,0,0,1,0,0,0,无,强袭,无,无要求,,,已登场,赤尾清纲,部将,直臣,浅井家,小谷城,无,已登场,赤尾清纲,家老,直臣,浅井家,小谷城,无,已登场,赤尾清纲,家老,直臣,浅井家,小谷城,无,已登场,赤尾清纲,家老,直臣,浅井家,小谷城,无,已死亡,赤尾清纲,无效,无效,无,无效,无,已死亡,赤尾清纲,无效,无效,无,无效,无,已死亡,赤尾清纲,无效,无效,无,无效,无,已死亡,赤尾清纲,无效,无效,无,无效,无,已登场,赤尾清纲,家老,直臣,赤穴家,中村城,无,
7,10,武将,赤松政秀,赤松政秀,姓氏推断,,57,akamatsu_masahide,clan_akamatsu_1,kinai,Akamatsu Masahide,,1510,1554,1570,刀剑,48,58,44,55,46,1,1,0,0,0,0,1,0,0,1,1,0,0,0,0,1,无,强袭,无,,,,,斋村政广,全职种,59,59,普通,普通,理想,轻率,不重情义,61,书籍,贪心,普通,源氏,已登场,赤松政秀,部将,直臣,赤松家,置盐城,无,已登场,赤松政秀,家老,直臣,赤松家,置盐城,无,已登场,赤松政秀,家老,直臣,赤松家,置盐城,无,已登场,赤松政秀,家老,直臣,赤松家,置盐城,无,已死亡,赤松政秀,无效,无效,无,无效,无,已死亡,赤松政秀,无效,无效,无,无效,无,已死亡,赤松政秀,无效,无效,无,无效,无,已死亡,赤松政秀,无效,无效,无,无效,无,已登场,赤松政秀,部将,直臣,赤穴家,中村城,无,无要求,,
8,11,武将,赤松义祐,赤松義祐,精确匹配,赤松义祐,100,lord_1_akamatsu,clan_akamatsu_1,kinai,Akamatsu Yoshisuke,Akamatsu Yoshisuke,1537,1554,1576,刀剑,39,45,51,46,39,1,0,0,0,1,0,0,0,0,1,0,0,0,0,0,1,无,强袭,无,赤松晴政,808,,,赤松晴政,只限武将,59,59,温和,胆小,普通,普通,普通,56,艺术品,贪心,普通,源氏,未登场,赤松义祐,家老,直臣,赤松家,置盐城,无,已登场,赤松义祐,家老,直臣,赤松家,置盐城,无,已登场,赤松义祐,大名,首领,赤松家,置盐城,无,已登场,赤松义祐,大名,首领,赤松家,置盐城,无,已登场,赤松义祐,大名,首领,赤松家,置盐城,无,已死亡,赤松义祐,无效,无效,无,无效,无,已死亡,赤松义祐,无效,无效,无,无效,无,已死亡,赤松义祐,无效,无效,无,无效,无,已登场,赤松义祐,家老,直臣,赤穴家,中村城,无,一般条件,,
5,6,明石全登,明石,精确匹配,lord_1_akashi_2,Akashi Teruzumi,clan_akashi_1,sanyo,精确匹配织丰,,1566,1580,1615,战死,,,,,,全职种,19,19,性急,胆小,理想,轻率,普通,62,南蛮物,贪心,普通,源氏,刀剑,60,69,46,56,53,1,1,1,0,1,0,0,0,0,1,1,1,0,0,1,2,无,强袭,无,一般条件,,,未登场,明石全登,足轻组头,陪臣（宇喜多直家）,浦上家,天神山城,无,未登场,明石全登,足轻组头,陪臣（宇喜多直家）,浦上家,天神山城,无,未登场,明石全登,足轻组头,直臣,浦上家,天神山城,无,未登场,明石全登,足轻组头,陪臣（宇喜多直家）,浦上家,天神山城,无,未登场,明石全登,足轻组头,陪臣（宇喜多直家）,浦上家,冈山城,无,已登场,明石全登,足轻组头,直臣,宇喜多家,冈山城,无,已登场,明石全登,足轻组头,直臣,宇喜多家,冈山城,无,已登场,明石全登,侍大将,直臣,宇喜多家,冈山城,无,已登场,明石全登,浪人,其他,无,江户之町,无,
10,13,武将,安艺国虎,安藝國虎,精确匹配,安艺国虎,100,lord_1_aki,clan_aki_1,nankai,Aki Kunitora,Aki Kunitora,1530,1554,1569,刀剑,66,60,39,35,34,1,2,1,0,1,1,2,1,1,0,1,0,0,0,0,0,无,强袭,无,,,,,,全职种,40,40,性急,勇敢,理想,轻率,重视情义,67,南蛮物,贪心,嗜酒如命,其他,已登场,安艺国虎,城主,直臣,一条家,安艺城,无,已登场,安艺国虎,城主,直臣,一条家,安艺城,无,已登场,安艺国虎,城主,直臣,一条家,安艺城,无,已登场,安艺国虎,城主,直臣,一条家,安艺城,无,已死亡,安艺国虎,无效,无效,无,无效,无,已死亡,安艺国虎,无效,无效,无,无效,无,已死亡,安艺国虎,无效,无效,无,无效,无,已死亡,安艺国虎,无效,无效,无,无效,无,已登场,安艺国虎,浪人,其他,无,府内之町,无,无要求,,
6,7,赤穴盛清,赤穴,需新建,lord_1_akanaseikiyo,Akana Sanekiyo,,,,,1529,1554,1595,病死,,,,,,全职种,20,36,温和,胆小,现实,慎重,不重情义,31,艺术品,普通,滴酒不沾,源氏,刀剑,39,45,60,53,36,0,0,0,0,1,0,0,0,1,0,0,0,1,0,0,0,无,强袭,无,无要求,,,已登场,赤穴盛清,侍大将,直臣,尼子家,月山富田城,无,已登场,赤穴盛清,侍大将,直臣,尼子家,月山富田城,无,已登场,赤穴盛清,侍大将,直臣,尼子家,月山富田城,无,已登场,赤穴盛清,侍大将,直臣,毛利家,吉田郡山城,无,已登场,赤穴盛清,侍大将,直臣,毛利家,吉田郡山城,无,已登场,赤穴盛清,侍大将,直臣,毛利家,吉田郡山城,无,已登场,赤穴盛清,侍大将,直臣,毛利家,吉田郡山城,无,已死亡,赤穴盛清,无效,无效,无,无效,无,已登场,赤穴盛清,大名,首领,赤穴家,中村城,无,
7,10,赤松政秀,赤松,姓氏推断,lord_1_akamatsu_masahide,Akamatsu Torashige,clan_akamatsu_1,kinai,家族和文化自动推断,,1510,1554,1570,战死,,,,,斋村政广,全职种,59,59,普通,普通,理想,轻率,不重情义,61,书籍,贪心,普通,源氏,刀剑,48,58,44,55,46,1,1,0,0,0,0,1,0,0,1,1,0,0,0,0,1,无,强袭,无,无要求,,,已登场,赤松政秀,部将,直臣,赤松家,置盐城,无,已登场,赤松政秀,家老,直臣,赤松家,置盐城,无,已登场,赤松政秀,家老,直臣,赤松家,置盐城,无,已登场,赤松政秀,家老,直臣,赤松家,置盐城,无,已死亡,赤松政秀,无效,无效,无,无效,无,已死亡,赤松政秀,无效,无效,无,无效,无,已死亡,赤松政秀,无效,无效,无,无效,无,已死亡,赤松政秀,无效,无效,无,无效,无,已登场,赤松政秀,部将,直臣,赤穴家,中村城,无,
13,16,武将,明智秀满,明智秀滿,精确匹配,明智秀满,100,lord_1_akechi_6,clan_akechi_1,tosan,Akechi Hidemitsu,Akechi Hidemitsu,1537,1554,1582,刀剑,64,57,42,51,73,2,1,2,1,2,1,2,1,2,0,1,2,2,2,2,2,无,强袭，刚弓,无,,,,,,全职种,0,60,普通,勇敢,理想,慎重,重视情义,26,武具,无欲,普通,源氏,未登场,明智秀满,足轻组头,陪臣（明智光秀）,斋藤家,稻叶山城,无,已登场,明智秀满,足轻组头,陪臣（明智光秀）,斋藤家,稻叶山城,无,已登场,明智秀满,足轻组头,陪臣（明智光秀）,朝仓家,一乘谷城,无,已登场,明智秀满,足轻组头,陪臣（明智光秀）,织田家,岐阜城,无,已登场,明智秀满,足轻大将,陪臣（明智光秀）,织田家,坂本城,无,已登场,明智秀满,足轻大将,陪臣（明智光秀）,织田家,丹波龟山城,无,已死亡,明智秀满,无效,无效,无,无效,无,已死亡,明智秀满,无效,无效,无,无效,无,已登场,明智秀满,浪人,其他,无,奈良之町,无,一般条件,,
14,17,武将,明智光秀,明智光秀,精确匹配,明智光秀,100,lord_1_akechi,clan_akechi_1,tosan,Akechi Mitsuhide,Akechi Mitsuhide,1528,1554,1582,火绳枪,89,78,86,90,82,4,3,4,1,3,3,4,2,2,2,2,3,4,4,3,2,齐攻，枪炮乱射，激励,强袭，连续斩，拔突，二连苦无，急所击，二挺击，刚弓，石火，乱射，刚力，铁壁，丢钱，克己,火枪名人，策士，雄辩,,,(明智光继),1354,明智光安,只限武将,0,56,温和,胆小,理想,轻率,不重情义,94,南蛮物,普通,滴酒不沾,源氏,已登场,明智光秀,侍大将,直臣,斋藤家,稻叶山城,无,已登场,明智光秀,侍大将,直臣,斋藤家,稻叶山城,无,已登场,明智光秀,侍大将,直臣,朝仓家,一乘谷城,无,已登场,明智光秀,部将,直臣,织田家,岐阜城,无,已登场,明智光秀,城主,直臣,织田家,坂本城,无,已登场,明智光秀,国主,直臣,织田家,丹波龟山城,无,已死亡,明智光秀,无效,无效,无,无效,无,已死亡,明智光秀,无效,无效,无,无效,无,已登场,明智光秀,浪人,其他,无,奈良之町,无,不可,,主角丰臣秀吉，山崎之战胜利
15,19,武将,浅井井赖,淺井井賴,姓氏推断,,50,azai_i,clan_azai_1,kinai,Azai Iyori,,1573,1587,1615,刀剑,56,61,51,53,70,1,0,1,2,1,2,0,0,1,0,1,0,1,1,1,1,无,强袭，拔突，铁壁,无,浅井长政,16,浅井久政,17,浅井长政 浅井久政,全职种,49,49,普通,勇敢,理想,慎重,重视情义,55,武具,无欲,普通,源氏,未登场,浅井井赖,足轻组头,直臣,浅井家,小谷城,无,未登场,浅井井赖,足轻组头,陪臣（浅井长政）,浅井家,小谷城,无,未登场,浅井井赖,足轻组头,直臣,浅井家,小谷城,无,未登场,浅井井赖,足轻组头,直臣,浅井家,小谷城,无,未登场,浅井井赖,浪人,其他,无,长滨之町,无,未登场,浅井井赖,浪人,其他,无,长滨之町,无,未登场,浅井井赖,浪人,其他,无,长滨之町,无,已登场,浅井井赖,足轻组头,直臣,生驹家,高松城,无,已登场,浅井井赖,浪人,其他,无,龟山之町,无,无要求,,
16,20,武将,浅井长政,淺井長政,精确匹配,浅井长政,100,lord_1_azai,clan_azai_1,kinai,Azai Nagamasa,Azai Nagamasa,1545,1559,1573,刀剑,87,75,65,49,80,2,2,1,1,1,1,1,0,1,1,1,1,1,0,1,0,无,强袭,无,浅井久政,17,,,浅井井赖 浅井久政,只限武将,72,72,性急,胆小,理想,轻率,不重情义,81,武具,贪心,普通,源氏,未登场,浅井长政,家老,直臣,浅井家,小谷城,无,未登场,浅井长政,部将,陪臣（浅井久政）,浅井家,小谷城,无,已登场,浅井长政,大名,首领,浅井家,小谷城,无,已登场,浅井长政,大名,首领,浅井家,小谷城,无,已死亡,浅井长政,无效,无效,无,无效,无,已死亡,浅井长政,无效,无效,无,无效,无,已死亡,浅井长政,无效,无效,无,无效,无,已死亡,浅井长政,无效,无效,无,无效,无,已登场,浅井长政,浪人,其他,无,长滨之町,无,一般条件,海赤雨三将 海北纲亲/赤尾清纲/雨森弥兵卫,
17,21,武将,浅井久政,淺井久政,精确匹配,浅井久政,100,lord_1_azai_2,clan_azai_1,kinai,Azai Hisamasa,Azai Hisamasa,1526,1554,1573,刀剑,44,29,59,55,46,0,1,0,0,0,0,1,0,1,2,0,0,1,1,0,0,无,强袭,无,,,,,浅井井赖 浅井长政,只限武将,55,55,温和,胆小,现实,慎重,普通,31,艺术品,贪心,滴酒不沾,源氏,已登场,浅井久政,大名,首领,浅井家,小谷城,无,已登场,浅井久政,大名,首领,浅井家,小谷城,无,已登场,浅井久政,家老,直臣,浅井家,小谷城,无,已登场,浅井久政,家老,直臣,浅井家,小谷城,无,已死亡,浅井久政,无效,无效,无,无效,无,已死亡,浅井久政,无效,无效,无,无效,无,已死亡,浅井久政,无效,无效,无,无效,无,已死亡,浅井久政,无效,无效,无,无效,无,已登场,浅井久政,浪人,其他,无,浦户之町,无,一般条件,,
18,22,武将,朝仓景镜,朝倉景鏡,精确匹配,朝仓景镜,100,lord_1_asakura_2,clan_asakura_1,hokuriku,Asakura Kageakira,Asakura Kageakira,1535,1554,1574,刀剑,59,46,45,72,44,1,1,1,1,0,1,2,1,0,0,0,0,1,1,1,1,无,强袭,无,,,(朝仓贞景),1304,朝仓义景,全职种,45,45,性急,普通,现实,慎重,不重情义,71,艺术品,普通,普通,其他,已登场,朝仓景镜,侍大将,直臣,朝仓家,一乘谷城,无,已登场,朝仓景镜,侍大将,直臣,朝仓家,一乘谷城,无,已登场,朝仓景镜,侍大将,直臣,朝仓家,一乘谷城,无,已登场,朝仓景镜,侍大将,直臣,朝仓家,一乘谷城,无,已死亡,朝仓景镜,无效,无效,无,无效,无,已死亡,朝仓景镜,无效,无效,无,无效,无,已死亡,朝仓景镜,无效,无效,无,无效,无,已死亡,朝仓景镜,无效,无效,无,无效,无,已登场,朝仓景镜,浪人,其他,无,大凑之町,无,无要求,,
19,23,武将,朝仓景健,朝倉景健,姓氏推断,,75,asakura_keitakeshi,clan_asakura_1,hokuriku,Asakura Kage-take,,1541,1555,1575,刀剑,62,65,49,33,45,2,1,1,0,0,1,1,1,0,0,0,0,1,0,0,0,无,强袭,无,,,,,,全职种,50,50,普通,胆小,现实,普通,普通,40,艺术品,无欲,普通,其他,未登场,朝仓景健,部将,直臣,朝仓家,一乘谷城,无,未登场,朝仓景健,部将,直臣,朝仓家,一乘谷城,无,已登场,朝仓景健,部将,直臣,朝仓家,一乘谷城,无,已登场,朝仓景健,部将,直臣,朝仓家,一乘谷城,无,已死亡,朝仓景健,无效,无效,无,无效,无,已死亡,朝仓景健,无效,无效,无,无效,无,已死亡,朝仓景健,无效,无效,无,无效,无,已死亡,朝仓景健,无效,无效,无,无效,无,已登场,朝仓景健,浪人,其他,无,京之町,无,无要求,,
20,24,武将,朝仓景恒,朝倉景恒,姓氏推断,,75,asakura_keitsune,clan_asakura_1,hokuriku,Asakura Kage-tsune,,1527,1554,1571,刀剑,59,60,34,41,36,0,1,1,1,1,1,1,0,1,1,1,0,0,0,0,0,无,强袭,无,,,朝仓宗滴,22,朝仓宗滴,只限武将,50,50,温和,普通,普通,普通,普通,21,书籍,无欲,嗜酒如命,其他,已登场,朝仓景恒,家老,直臣,朝仓家,一乘谷城,无,已登场,朝仓景恒,家老,直臣,朝仓家,一乘谷城,无,已登场,朝仓景恒,家老,直臣,朝仓家,一乘谷城,无,已登场,朝仓景恒,家老,直臣,朝仓家,一乘谷城,无,已死亡,朝仓景恒,无效,无效,无,无效,无,已死亡,朝仓景恒,无效,无效,无,无效,无,已死亡,朝仓景恒,无效,无效,无,无效,无,已死亡,朝仓景恒,无效,无效,无,无效,无,已登场,朝仓景恒,浪人,其他,无,奈良之町,无,无要求,,
21,25,武将,朝仓景连,朝倉景連,姓氏推断,,75,asakura_kei,clan_asakura_1,hokuriku,Asakura Keren,,1502,1554,1570,刀剑,56,58,52,66,53,1,0,0,0,0,0,1,0,2,2,1,1,1,1,1,1,无,强袭,无,,,,,,只限武将,50,50,温和,胆小,普通,慎重,普通,40,书籍,贪心,普通,其他,已登场,朝仓景连,部将,直臣,朝仓家,一乘谷城,无,已登场,朝仓景连,部将,直臣,朝仓家,一乘谷城,无,已登场,朝仓景连,部将,直臣,朝仓家,一乘谷城,无,已登场,朝仓景连,部将,直臣,朝仓家,一乘谷城,无,已死亡,朝仓景连,无效,无效,无,无效,无,已死亡,朝仓景连,无效,无效,无,无效,无,已死亡,朝仓景连,无效,无效,无,无效,无,已死亡,朝仓景连,无效,无效,无,无效,无,已登场,朝仓景连,浪人,其他,无,鹿岛之町,无,无要求,,
22,26,武将,朝仓宗滴,朝倉宗滴,姓氏推断,,50,asakura_shuushizuku,clan_asakura_1,hokuriku,Asakura Souteki,,1477,1554,1555,枪,88,79,58,69,69,3,4,1,1,2,2,3,1,1,0,1,0,3,1,1,0,无,强袭，拔突，刚弓，铁壁,无,,,,,朝仓景恒,只限武将,30,30,普通,普通,普通,轻率,重视情义,29,武具,无欲,普通,其他,已登场,朝仓宗滴,家老,直臣,朝仓家,一乘谷城,无,已登场,朝仓宗滴,家老,直臣,朝仓家,一乘谷城,无,已死亡,朝仓宗滴,无效,无效,无,无效,无,已死亡,朝仓宗滴,无效,无效,无,无效,无,已死亡,朝仓宗滴,无效,无效,无,无效,无,已死亡,朝仓宗滴,无效,无效,无,无效,无,已死亡,朝仓宗滴,无效,无效,无,无效,无,已死亡,朝仓宗滴,无效,无效,无,无效,无,已登场,朝仓宗滴,浪人,其他,无,安土之町,无,一般条件,,
23,27,武将,朝仓义景,朝倉義景,精确匹配,朝仓义景,100,lord_1_asakura,clan_asakura_1,hokuriku,Asakura Yoshikage,Asakura Yoshikage,1533,1554,1573,刀剑,42,19,51,34,49,0,1,1,0,0,0,0,0,1,1,1,1,3,1,2,1,威风凛凛,强袭,无,,,(朝仓贞景),1304,朝仓景镜,只限武将,50,50,普通,胆小,现实,慎重,不重情义,61,南蛮物,贪心,滴酒不沾,其他,已登场,朝仓义景,大名,首领,朝仓家,一乘谷城,无,已登场,朝仓义景,大名,首领,朝仓家,一乘谷城,无,已登场,朝仓义景,大名,首领,朝仓家,一乘谷城,无,已登场,朝仓义景,大名,首领,朝仓家,一乘谷城,无,已死亡,朝仓义景,无效,无效,无,无效,无,已死亡,朝仓义景,无效,无效,无,无效,无,已死亡,朝仓义景,无效,无效,无,无效,无,已死亡,朝仓义景,无效,无效,无,无效,无,已登场,朝仓义景,浪人,其他,无,鹿儿岛之町,无,一般条件,,
8,11,赤松义祐,赤松,精确匹配,lord_1_akamatsu,Akamatsu Yoshisuke,clan_akamatsu_1,kinai,精确匹配织丰,,1537,1554,1576,病死,赤松晴政,808,,,赤松晴政,只限武将,59,59,温和,胆小,普通,普通,普通,56,艺术品,贪心,普通,源氏,刀剑,39,45,51,46,39,1,0,0,0,1,0,0,0,0,1,0,0,0,0,0,1,无,强袭,无,一般条件,,,未登场,赤松义祐,家老,直臣,赤松家,置盐城,无,已登场,赤松义祐,家老,直臣,赤松家,置盐城,无,已登场,赤松义祐,大名,首领,赤松家,置盐城,无,已登场,赤松义祐,大名,首领,赤松家,置盐城,无,已登场,赤松义祐,大名,首领,赤松家,置盐城,无,已死亡,赤松义祐,无效,无效,无,无效,无,已死亡,赤松义祐,无效,无效,无,无效,无,已死亡,赤松义祐,无效,无效,无,无效,无,已登场,赤松义祐,家老,直臣,赤穴家,中村城,无,
9,12,秋上久家,秋上,需新建,lord_1_akiagekuge,Akiue Hisaya,,,,,1536,1554,1579,病死,,,,,,没那个意思,18,18,普通,普通,理想,轻率,重视情义,41,武具,无欲,普通,其他,枪,63,58,38,40,61,0,1,0,0,0,0,2,0,0,0,1,1,0,1,0,0,无,拔突,无,无要求,,,未登场,秋上久家,足轻大将,直臣,尼子家,月山富田城,无,已登场,秋上久家,足轻组头,直臣,尼子家,月山富田城,无,已登场,秋上久家,侍大将,直臣,尼子家,月山富田城,无,已登场,秋上久家,浪人,其他,无,津山之町,无,已登场,秋上久家,浪人,其他,无,津山之町,无,已死亡,秋上久家,无效,无效,无,无效,无,已死亡,秋上久家,无效,无效,无,无效,无,已死亡,秋上久家,无效,无效,无,无效,无,已登场,秋上久家,部将,直臣,上泉家,内城,无,
10,13,安艺国虎,安艺,精确匹配,lord_1_aki,Aki Kunitora,clan_aki_1,nankai,精确匹配织丰,,1530,1554,1569,战死,,,,,,全职种,40,40,性急,勇敢,理想,轻率,重视情义,67,南蛮物,贪心,嗜酒如命,其他,刀剑,66,60,39,35,34,1,2,1,0,1,1,2,1,1,0,1,0,0,0,0,0,无,强袭,无,无要求,,,已登场,安艺国虎,城主,直臣,一条家,安艺城,无,已登场,安艺国虎,城主,直臣,一条家,安艺城,无,已登场,安艺国虎,城主,直臣,一条家,安艺城,无,已登场,安艺国虎,城主,直臣,一条家,安艺城,无,已死亡,安艺国虎,无效,无效,无,无效,无,已死亡,安艺国虎,无效,无效,无,无效,无,已死亡,安艺国虎,无效,无效,无,无效,无,已死亡,安艺国虎,无效,无效,无,无效,无,已登场,安艺国虎,浪人,其他,无,府内之町,无,
27,32,武将,朝比奈泰朝,朝比奈泰朝,精确匹配,朝比奈泰朝,100,lord_1_asahina,clan_asahina_1,tokai,Asahina Yasutomo,Asahina Yasutomo,1538,1554,1569,刀剑,56,61,26,43,34,1,1,1,0,0,1,1,0,1,0,0,0,1,0,0,1,无,强袭,无,,,,,,只限武将,60,60,性急,胆小,普通,慎重,普通,25,艺术品,普通,嗜酒如命,藤原氏,已登场,朝比奈泰朝,城主,直臣,今川家,高天神城,无,已登场,朝比奈泰朝,城主,直臣,今川家,高天神城,无,已登场,朝比奈泰朝,城主,直臣,今川家,高天神城,无,已登场,朝比奈泰朝,城主,直臣,今川家,高天神城,无,已死亡,朝比奈泰朝,无效,无效,无,无效,无,已死亡,朝比奈泰朝,无效,无效,无,无效,无,已死亡,朝比奈泰朝,无效,无效,无,无效,无,已死亡,朝比奈泰朝,无效,无效,无,无效,无,已登场,朝比奈泰朝,浪人,其他,无,府内之町,无,无要求,,
28,33,武将,浅利胜赖,淺利勝賴,精确匹配,浅利胜赖,100,lord_1_asari,clan_asari_1,ou,Asari Katsuyori,Asari Katsuyori,1532,1554,1583,枪,51,52,40,29,42,0,0,1,0,1,1,0,0,1,0,0,0,0,0,0,0,无,拔突,无,,,,,,全职种,70,70,普通,勇敢,普通,慎重,普通,30,武具,普通,嗜酒如命,源氏,已登场,浅利胜赖,家老,直臣,安东家,桧山城,无,已登场,浅利胜赖,家老,直臣,安东家,桧山城,无,已登场,浅利胜赖,家老,直臣,安东家,桧山城,无,已登场,浅利胜赖,家老,直臣,安东家,桧山城,无,已登场,浅利胜赖,家老,直臣,安东家,桧山城,无,已登场,浅利胜赖,家老,直臣,安东家,桧山城,无,已死亡,浅利胜赖,无效,无效,无,无效,无,已死亡,浅利胜赖,无效,无效,无,无效,无,已登场,浅利胜赖,浪人,其他,无,出石之町,无,无要求,,
29,34,武将,足利义昭,足利義昭,精确匹配,足利义昭,100,lord_1_ashikaga,clan_ashikaga_1,kinai,Ashikaga Yoshiaki,Ashikaga Yoshiaki,1537,1554,1597,刀剑,14,6,9,69,99,0,0,1,0,0,0,1,0,0,0,0,2,4,3,3,1,威风凛凛,强袭,无,,,,,,没那个意思,50,50,性急,胆小,理想,慎重,不重情义,95,艺术品,贪心,普通,源氏,未登场,足利义昭,侍大将,直臣,足利家,朽木谷城,无,未登场,足利义昭,浪人,其他,无,京之町,无,未登场,足利义昭,家老,直臣,足利家,二条城,无,已登场,足利义昭,大名,首领,足利家,二条城,无,已登场,足利义昭,浪人,其他,无,尾道之町,无,已登场,足利义昭,浪人,其他,无,尾道之町,无,已登场,足利义昭,浪人,其他,无,尾道之町,无,已死亡,足利义昭,无效,无效,无,无效,无,已登场,足利义昭,浪人,其他,无,浦户之町,无,不可,,主角织田信长，放逐将军
30,35,武将,足利义氏,足利義氏,精确匹配,足利义氏,100,lord_1_kogakubo,clan_kogakubo_1,kanto,Koga-Kubo Yoshiuji,Koga-Kubo Yoshiuji,1541,1554,1583,枪,26,19,43,42,78,0,0,0,0,1,0,0,0,1,0,0,2,3,2,2,2,威风凛凛,拔突,无,,,,,,没那个意思,80,80,温和,胆小,普通,普通,普通,29,艺术品,贪心,普通,源氏,未登场,足利义氏,浪人,其他,无,小田原之町,无,已登场,足利义氏,浪人,其他,无,小田原之町,无,已登场,足利义氏,浪人,其他,无,小田原之町,无,已登场,足利义氏,浪人,其他,无,小田原之町,无,已登场,足利义氏,浪人,其他,无,小田原之町,无,已登场,足利义氏,浪人,其他,无,小田原之町,无,已死亡,足利义氏,无效,无效,无,无效,无,已死亡,足利义氏,无效,无效,无,无效,无,已登场,足利义氏,浪人,其他,无,鸣门之町,无,一般条件,,
31,36,武将,足利义辉,足利義輝,精确匹配,足利义辉,100,dead_lord_1_ashikaga_4,clan_ashikaga_1,kinai,Ashikaga Yoshiteru,Ashikaga Yoshiteru,1536,1554,1565,刀剑,61,92,65,39,100,2,1,2,0,4,4,2,1,1,1,1,1,4,2,3,1,弓箭乱射，威风凛凛,强袭，连续斩，八神太刀，一之太刀，拔突，刚弓，神妙剑，当身，刚力，金刚力，铁壁，气声，辱骂，大喝，炯眼，罗刹，鸣弦，克己,剑豪,,,,,,没那个意思,18,18,普通,勇敢,理想,轻率,普通,67,武具,贪心,嗜酒如命,源氏,已登场,足利义藤,大名,首领,足利家,朽木谷城,新当流,已登场,足利义辉,大名,首领,足利家,朽木谷城,新当流,已登场,足利义辉,大名,首领,足利家,二条城,新当流,已死亡,足利义辉,无效,无效,无,无效,无,已死亡,足利义辉,无效,无效,无,无效,无,已死亡,足利义辉,无效,无效,无,无效,无,已死亡,足利义辉,无效,无效,无,无效,无,已死亡,足利义辉,无效,无效,无,无效,无,已登场,足利义辉,浪人,其他,无,宇须岸之町,新当流,一般条件,,
32,37,武将,芦名盛氏,蘆名盛氏,精确匹配,芦名盛氏,100,lord_1_ashina_2,clan_ashina_1,ou,Ashina Moriuji,Ashina Moriuji,1521,1554,1580,刀剑,72,68,80,81,85,2,2,1,0,2,2,0,0,0,0,0,1,1,1,0,1,无,强袭，拔突，刚弓，铁壁,无,,,,,芦名盛兴,只限武将,45,45,温和,普通,普通,轻率,普通,29,书籍,无欲,滴酒不沾,平氏,已登场,芦名盛氏,大名,首领,芦名家,黑川城,无,已登场,芦名盛氏,大名,首领,芦名家,黑川城,无,已登场,芦名盛氏,大名,首领,芦名家,黑川城,无,已登场,芦名盛氏,大名,首领,芦名家,黑川城,无,已登场,芦名盛氏,大名,首领,芦名家,黑川城,无,已死亡,芦名盛氏,无效,无效,无,无效,无,已死亡,芦名盛氏,无效,无效,无,无效,无,已死亡,芦名盛氏,无效,无效,无,无效,无,已登场,芦名盛氏,浪人,其他,无,小仓之町,无,一般条件,,
33,38,武将,芦名盛兴,蘆名盛興,精确匹配,芦名盛兴,100,lord_1_ashina,clan_ashina_1,ou,Ashina Morioki,Ashina Morioki,1547,1560,1575,刀剑,59,32,61,44,51,1,1,0,0,1,0,1,0,1,1,1,0,0,1,0,1,无,强袭,无,芦名盛氏,32,,,芦名盛氏,只限武将,46,46,温和,普通,现实,慎重,重视情义,18,艺术品,普通,普通,平氏,未登场,芦名盛兴,家老,直臣,芦名家,黑川城,无,未登场,芦名盛兴,部将,陪臣（芦名盛氏）,芦名家,黑川城,无,已登场,芦名盛兴,家老,直臣,芦名家,黑川城,无,已登场,芦名盛兴,家老,直臣,芦名家,黑川城,无,已登场,芦名盛兴,家老,直臣,芦名家,黑川城,无,已死亡,芦名盛兴,无效,无效,无,无效,无,已死亡,芦名盛兴,无效,无效,无,无效,无,已死亡,芦名盛兴,无效,无效,无,无效,无,已登场,芦名盛兴,浪人,其他,无,姬路之町,无,无要求,,
34,39,武将,芦名盛重,蘆名盛重,姓氏推断,,75,ashina_morishige,clan_ashina_1,ou,Ashina Morishige,,1575,1590,1631,刀剑,31,25,31,38,19,0,0,1,0,0,0,0,0,0,0,0,1,2,1,0,0,无,强袭,无,佐竹义重,347,佐竹义昭,346,宇都宫国纲 佐竹义昭 佐竹义重 佐竹义宣,只限武将,20,20,普通,胆小,普通,轻率,普通,55,书籍,普通,普通,平氏,未登场,佐竹义广,侍大将,直臣,佐竹家,太田城,无,未登场,佐竹义广,侍大将,陪臣（佐竹义重）,佐竹家,太田城,无,未登场,佐竹义广,家老,直臣,佐竹家,太田城,无,未登场,佐竹义广,侍大将,直臣,佐竹家,太田城,无,未登场,佐竹义广,侍大将,直臣,佐竹家,太田城,无,未登场,芦名盛重,侍大将,直臣,芦名家,黑川城,无,未登场,芦名盛重,侍大将,直臣,芦名家,黑川城,无,已登场,芦名盛重,城主,直臣,佐竹家,太田城,无,已登场,芦名盛重,浪人,其他,无,小诸之町,无,无要求,,
35,40,武将,芦名盛隆,蘆名盛隆,姓氏推断,,75,ashina_moritaka,clan_ashina_1,ou,Ashina Moritaka,,1561,1575,1584,刀剑,27,51,42,58,41,0,0,1,0,0,0,0,0,1,0,0,0,0,1,1,0,无,强袭,无,二阶堂盛义,820,,,二阶堂盛义,只限武将,16,16,普通,胆小,普通,轻率,普通,65,书籍,贪心,嗜酒如命,平氏,未登场,芦名盛隆,家老,直臣,芦名家,黑川城,无,未登场,芦名盛隆,部将,陪臣（芦名盛氏）,芦名家,黑川城,无,未登场,芦名盛隆,家老,直臣,芦名家,黑川城,无,未登场,芦名盛隆,家老,直臣,芦名家,黑川城,无,已登场,芦名盛隆,家老,直臣,芦名家,黑川城,无,已登场,芦名盛隆,大名,首领,芦名家,黑川城,无,已登场,芦名盛隆,大名,首领,芦名家,黑川城,无,已死亡,芦名盛隆,无效,无效,无,无效,无,已登场,芦名盛隆,浪人,其他,无,甲府之町,无,无要求,,
36,42,武将,阿苏惟将,阿蘇惟將,精确匹配,阿苏惟将,100,lord_1_aso,clan_aso_1,saikai,Aso Koremasa,Aso Koremasa,1551,1560,1583,刀剑,41,37,50,51,56,0,1,2,0,0,0,1,1,0,1,1,0,0,1,1,0,无,强袭,无,阿苏惟丰,850,,,阿苏惟丰,只限武将,52,52,温和,胆小,理想,慎重,普通,34,书籍,贪心,普通,其他,未登场,阿苏惟将,家老,直臣,阿苏家,岩尾城,无,已登场,阿苏惟将,家老,直臣,阿苏家,岩尾城,无,已登场,阿苏惟将,大名,首领,阿苏家,岩尾城,无,已登场,阿苏惟将,大名,首领,阿苏家,岩尾城,无,已登场,阿苏惟将,大名,首领,阿苏家,岩尾城,无,已登场,阿苏惟将,大名,首领,阿苏家,岩尾城,无,已死亡,阿苏惟将,无效,无效,无,无效,无,已死亡,阿苏惟将,无效,无效,无,无效,无,已登场,阿苏惟将,浪人,其他,无,甲府之町,无,一般条件,,
37,43,武将,安宅信康,安宅信康,精确匹配,安宅信康,100,lord_1_atagi,clan_atagi_1,kinai,Atagi Nobuyasu,Atagi Nobuyasu,1549,1563,1578,刀剑,55,67,43,37,51,2,1,2,4,1,0,1,0,1,0,1,1,1,0,2,0,水上拖延，蝴蝶之阵,强袭,无,安宅冬康,38,,,安宅冬康,全职种,49,3,普通,勇敢,普通,普通,不重情义,40,南蛮物,普通,嗜酒如命,其他,未登场,安宅信康,船头,直臣,淡路水军,洲本之砦,无,未登场,安宅信康,船大将,直臣,淡路水军,洲本之砦,无,已登场,安宅信康,船头,直臣,淡路水军,洲本之砦,无,已登场,安宅信康,头领,首领,淡路水军,洲本之砦,无,已登场,安宅信康,头领,首领,淡路水军,洲本之砦,无,已死亡,安宅信康,无效,无效,无,无效,无,已死亡,安宅信康,无效,无效,无,无效,无,已死亡,安宅信康,无效,无效,无,无效,无,已登场,安宅信康,浪人,其他,无,柳川之町,无,一般条件,,
38,44,武将,安宅冬康,安宅冬康,精确匹配,安宅冬康,100,dead_lord_1_atagi_2,clan_atagi_1,kinai,Atagi Fuyuyasu,Atagi Fuyuyasu,1528,1554,1564,刀剑,61,50,39,61,53,1,0,1,3,1,1,2,0,1,1,1,0,3,1,3,1,水上拖延,强袭,无,(三好元长),1333,(三好长秀),1331,安宅信康 十河一存 十河存保 三好笑岩 三好长治 三好长庆 三好义兴 三好实休 三好义继,全职种,49,24,温和,普通,普通,轻率,重视情义,22,武具,普通,普通,其他,已登场,安宅冬康,头领,首领,淡路水军,洲本之砦,无,已登场,安宅冬康,头领,首领,淡路水军,洲本之砦,无,已登场,安宅冬康,头领,首领,淡路水军,洲本之砦,无,已死亡,安宅冬康,无效,无效,无,无效,无,已死亡,安宅冬康,无效,无效,无,无效,无,已死亡,安宅冬康,无效,无效,无,无效,无,已死亡,安宅冬康,无效,无效,无,无效,无,已死亡,安宅冬康,无效,无效,无,无效,无,已登场,安宅冬康,浪人,其他,无,奈良之町,无,一般条件,,
11,14,秋田实季,秋田,需新建,lord_1_akita,Akita Sanesue,,,,,1576,1590,1659,战死,安东爱季,56,,,安东爱季,全职种,21,21,普通,胆小,现实,慎重,普通,47,艺术品,普通,普通,其他,刀剑,58,46,55,62,59,0,1,1,0,0,0,1,0,0,1,2,1,2,2,3,0,无,强袭,无,一般条件,,,未登场,安东实季,部将,直臣,安东家,桧山城,无,未登场,安东实季,部将,陪臣（安东爱季）,安东家,桧山城,无,未登场,安东实季,部将,陪臣（安东爱季）,安东家,桧山城,无,未登场,安东实季,部将,陪臣（安东爱季）,安东家,桧山城,无,未登场,安东实季,部将,直臣,安东家,桧山城,无,未登场,安东实季,部将,直臣,安东家,桧山城,无,未登场,安东实季,部将,直臣,安东家,凑城,无,已登场,秋田实季,大名,首领,秋田家,桧山城,无,已登场,安东实季,足轻大将,直臣,东乡家,盛冈城,无,
40,47,武将,穴山小助,穴山小助,姓氏推断,,50,anayama_kosuke,clan_anayama_1,tosan,Anayama Kosuke,,1584,1598,1615,枪,64,80,50,79,68,2,1,1,1,0,2,1,0,0,0,0,0,0,1,0,3,无,强袭，拔突，铁壁，伤药,无,,,,,,全职种,49,49,普通,普通,理想,慎重,重视情义,17,武具,无欲,普通,源氏,未登场,穴山小助,足轻组头,陪臣（穴山信君）,武田家,踯躅崎馆,无,未登场,穴山小助,足轻组头,陪臣（穴山信君）,武田家,踯躅崎馆,无,未登场,穴山小助,足轻组头,陪臣（穴山信君）,武田家,踯躅崎馆,无,未登场,穴山小助,足轻组头,陪臣（穴山信君）,武田家,踯躅崎馆,无,未登场,穴山小助,足轻组头,陪臣（穴山信君）,武田家,踯躅崎馆,无,未登场,穴山小助,足轻组头,陪臣（穴山梅雪）,武田家,骏府城,无,未登场,穴山小助,浪人,其他,无,甲府之町,无,已登场,穴山小助,浪人,其他,无,甲府之町,无,已登场,穴山小助,足轻组头,直臣,小笠原家,小仓城,无,一般条件,,
41,48,武将,穴山梅雪,穴山梅雪,姓氏推断,,50,anayama_baisetsu,clan_anayama_1,tosan,Anayama Baiesetsu,,1541,1555,1582,刀剑,51,22,66,64,55,1,2,1,0,1,0,1,0,1,2,2,1,1,1,1,1,无,强袭,无,,,,,,全职种,86,86,普通,胆小,现实,轻率,不重情义,45,艺术品,贪心,普通,源氏,未登场,穴山信君,部将,直臣,武田家,踯躅崎馆,无,未登场,穴山信君,部将,直臣,武田家,踯躅崎馆,无,已登场,穴山信君,部将,直臣,武田家,踯躅崎馆,无,已登场,穴山信君,部将,直臣,武田家,踯躅崎馆,无,已登场,穴山信君,部将,直臣,武田家,踯躅崎馆,无,已登场,穴山梅雪,城主,直臣,武田家,骏府城,无,已死亡,穴山梅雪,无效,无效,无,无效,无,已死亡,穴山梅雪,无效,无效,无,无效,无,已登场,穴山梅雪,当家,首领,浴池屋,甲府之町,无,一般条件,,
42,50,武将,姊小路赖纲,姊小路賴綱,精确匹配,姊小路赖纲,100,lord_1_anekouji_2,clan_anekouji_1,tosan,Anekouji Yoritsuna,Anekouji Yoritsuna,1540,1554,1587,刀剑,61,50,53,70,60,1,1,0,0,0,0,1,0,0,0,0,0,0,1,0,2,无,强袭,无,姊小路良赖,907,三木直赖,899,三木直赖 姊小路良赖,全职种,20,20,普通,胆小,普通,轻率,普通,58,艺术品,贪心,普通,藤原氏,未登场,三木自纲,家老,直臣,三木家,松仓城,无,已登场,三木自纲,家老,直臣,三木家,松仓城,无,已登场,三木自纲,家老,直臣,三木家,松仓城,无,已登场,姊小路赖纲,家老,直臣,姊小路家,松仓城,无,已登场,姊小路赖纲,大名,首领,姊小路家,松仓城,无,已登场,姊小路赖纲,大名,首领,姊小路家,松仓城,无,已登场,姊小路赖纲,大名,首领,姊小路家,松仓城,无,已死亡,姊小路赖纲,无效,无效,无,无效,无,已登场,姊小路赖纲,足轻组头,直臣,小笠原家,小仓城,无,一般条件,,
12,15,秋山虎繁,秋山,需新建,lord_1_akiyamatorahan,Akiyama Torashige,,,,,1531,1554,1575,战死,,,,,,只限武将,60,60,普通,普通,现实,普通,普通,33,武具,普通,嗜酒如命,源氏,刀剑,75,65,59,70,69,2,2,1,1,1,1,1,2,0,1,0,0,2,1,0,1,无,强袭，二连苦无,无,一般条件,,,已登场,秋山虎繁,足轻大将,直臣,武田家,踯躅崎馆,无,已登场,秋山虎繁,侍大将,直臣,武田家,踯躅崎馆,无,已登场,秋山虎繁,侍大将,直臣,武田家,踯躅崎馆,无,已登场,秋山虎繁,侍大将,直臣,武田家,踯躅崎馆,无,已登场,秋山虎繁,城主,直臣,武田家,岩村城,无,已死亡,秋山虎繁,无效,无效,无,无效,无,已死亡,秋山虎繁,无效,无效,无,无效,无,已死亡,秋山虎繁,无效,无效,无,无效,无,已登场,秋山虎繁,中忍,直臣,伊贺众,伊贺之里,无,
44,55,武将,尼子胜久,尼子勝久,精确匹配,尼子胜久,100,lord_1_amago,clan_amago_1,sanyo,Amago Katsuhisa,Amago Katsuhisa,1553,1567,1578,刀剑,55,53,59,28,42,2,1,1,1,1,2,0,0,0,0,0,0,3,0,1,1,无,强袭，拔突，铁壁,无,尼子诚久,840,尼子国久,839,尼子国久 尼子诚久,全职种,17,17,普通,普通,普通,轻率,普通,67,书籍,普通,普通,源氏,未登场,尼子胜久,足轻组头,陪臣（尼子诚久）,尼子家,白鹿城,无,未登场,尼子胜久,浪人,其他,无,京之町,无,未登场,尼子胜久,足轻组头,直臣,尼子家,月山富田城,无,已登场,尼子胜久,浪人,其他,无,京之町,无,已登场,尼子胜久,浪人,其他,无,京之町,无,已死亡,尼子胜久,无效,无效,无,无效,无,已死亡,尼子胜久,无效,无效,无,无效,无,已死亡,尼子胜久,无效,无效,无,无效,无,已登场,尼子胜久,浪人,其他,无,鸟取之町,无,一般条件,,
45,58,武将,尼子晴久,尼子晴久,姓氏推断,,75,amago_haruhisa,clan_amago_1,sanyo,Amago Haruhisa,,1514,1554,1560,刀剑,69,58,54,71,35,2,2,1,1,2,0,2,0,1,0,1,0,1,1,0,0,无,强袭，刚弓,无,,,(尼子经久),1340,尼子义久 尼子国久 尼子诚久,只限武将,12,62,性急,勇敢,普通,轻率,重视情义,86,武具,贪心,普通,源氏,已登场,尼子晴久,大名,首领,尼子家,月山富田城,无,已登场,尼子晴久,大名,首领,尼子家,月山富田城,无,已登场,尼子晴久,大名,首领,尼子家,月山富田城,无,已死亡,尼子晴久,无效,无效,无,无效,无,已死亡,尼子晴久,无效,无效,无,无效,无,已死亡,尼子晴久,无效,无效,无,无效,无,已死亡,尼子晴久,无效,无效,无,无效,无,已死亡,尼子晴久,无效,无效,无,无效,无,已登场,尼子晴久,浪人,其他,无,出石之町,无,一般条件,,
46,59,武将,尼子义久,尼子義久,姓氏推断,,75,amago,clan_amago_1,sanyo,Amago Yoshihisa,,1540,1554,1610,刀剑,47,40,46,32,34,0,0,0,0,0,0,0,1,0,0,0,0,0,0,1,0,无,强袭,无,尼子晴久,45,,,尼子晴久,没那个意思,12,62,普通,胆小,现实,普通,普通,32,艺术品,贪心,普通,源氏,已登场,尼子义久,家老,直臣,尼子家,月山富田城,无,已登场,尼子义久,家老,直臣,尼子家,月山富田城,无,已登场,尼子义久,家老,直臣,尼子家,月山富田城,无,已登场,尼子义久,浪人,其他,无,严岛之町,无,已登场,尼子义久,浪人,其他,无,严岛之町,无,已登场,尼子义久,浪人,其他,无,严岛之町,无,已登场,尼子义久,浪人,其他,无,严岛之町,无,已登场,尼子义久,浪人,其他,无,严岛之町,无,已登场,尼子义久,浪人,其他,无,岐阜之町,无,一般条件,,
47,60,武将,天野隆重,天野隆重,精确匹配,天野隆重,100,lord_1_amano,clan_amano_1,sanyo,Amano Takashige,Amano Takashige,1503,1554,1584,刀剑,66,60,33,59,52,2,2,2,0,1,1,3,0,0,0,0,0,0,0,0,1,无,强袭,无,,,,,,全职种,35,35,温和,勇敢,普通,慎重,普通,41,武具,普通,嗜酒如命,藤原氏,已登场,天野隆重,部将,直臣,大内家,山口城,无,已登场,天野隆重,部将,直臣,大内家,山口城,无,已登场,天野隆重,侍大将,直臣,毛利家,吉田郡山城,无,已登场,天野隆重,城主,直臣,毛利家,月山富田城,无,已登场,天野隆重,部将,陪臣（吉川元春）,毛利家,月山富田城,无,已登场,天野隆重,部将,陪臣（吉川元春）,毛利家,月山富田城,无,已登场,天野隆重,部将,陪臣（吉川元长）,毛利家,月山富田城,无,已死亡,天野隆重,无效,无效,无,无效,无,已登场,天野隆重,浪人,其他,无,江户之町,无,无要求,,
48,61,武将,天野康景,天野康景,姓氏推断,,50,amano_yasukage,clan_amano_1,sanyo,Amano Yasukage,,1537,1554,1613,刀剑,51,42,69,53,38,0,1,0,0,1,0,0,0,1,3,2,2,1,2,1,0,无,强袭,无,,,,,,全职种,89,89,普通,普通,现实,慎重,重视情义,17,书籍,无欲,普通,藤原氏,未登场,天野康景,足轻大将,直臣,松平家,冈崎城,无,已登场,天野康景,足轻组头,陪臣（松平元康）,今川家,骏府城,无,已登场,天野康景,足轻大将,陪臣（松平元康）,今川家,冈崎城,无,已登场,天野康景,足轻大将,直臣,德川家,冈崎城,无,已登场,天野康景,足轻大将,陪臣（德川信康）,德川家,冈崎城,无,已登场,天野康景,足轻大将,直臣,德川家,滨松城,无,已登场,天野康景,足轻大将,直臣,德川家,滨松城,无,已登场,天野康景,侍大将,直臣,德川家,江户城,无,已登场,天野康景,浪人,其他,无,骏府之町,无,无要求,,
13,16,明智秀满,明智,精确匹配,lord_1_akechi_6,Akechi Hidemitsu,clan_akechi_1,tosan,精确匹配织丰,,1537,1554,1582,战死,,,,,,全职种,0,60,普通,勇敢,理想,慎重,重视情义,26,武具,无欲,普通,源氏,刀剑,64,57,42,51,73,2,1,2,1,2,1,2,1,2,0,1,2,2,2,2,2,无,强袭，刚弓,无,一般条件,,,未登场,明智秀满,足轻组头,陪臣（明智光秀）,斋藤家,稻叶山城,无,已登场,明智秀满,足轻组头,陪臣（明智光秀）,斋藤家,稻叶山城,无,已登场,明智秀满,足轻组头,陪臣（明智光秀）,朝仓家,一乘谷城,无,已登场,明智秀满,足轻组头,陪臣（明智光秀）,织田家,岐阜城,无,已登场,明智秀满,足轻大将,陪臣（明智光秀）,织田家,坂本城,无,已登场,明智秀满,足轻大将,陪臣（明智光秀）,织田家,丹波龟山城,无,已死亡,明智秀满,无效,无效,无,无效,无,已死亡,明智秀满,无效,无效,无,无效,无,已登场,明智秀满,浪人,其他,无,奈良之町,无,
14,17,明智光秀,明智,精确匹配,lord_1_akechi,Akechi Mitsuhide,clan_akechi_1,tosan,精确匹配织丰,,1528,1554,1582,战死,,,明智光继,###,明智光安,只限武将,0,56,温和,胆小,理想,轻率,不重情义,94,南蛮物,普通,滴酒不沾,源氏,火绳枪,89,78,86,90,82,4,3,4,1,3,3,4,2,2,2,2,3,4,4,3,2,齐攻，枪炮乱射，激励,强袭，连续斩，拔突，二连苦无，急所击，二挺击，刚弓，石火，乱射，刚力，铁壁，丢钱，克己,火枪名人，策士，雄辩,不可,,主角丰臣秀吉，山崎之战胜利,已登场,明智光秀,侍大将,直臣,斋藤家,稻叶山城,无,已登场,明智光秀,侍大将,直臣,斋藤家,稻叶山城,无,已登场,明智光秀,侍大将,直臣,朝仓家,一乘谷城,无,已登场,明智光秀,部将,直臣,织田家,岐阜城,无,已登场,明智光秀,城主,直臣,织田家,坂本城,无,已登场,明智光秀,国主,直臣,织田家,丹波龟山城,无,已死亡,明智光秀,无效,无效,无,无效,无,已死亡,明智光秀,无效,无效,无,无效,无,已登场,明智光秀,浪人,其他,无,奈良之町,无,
15,19,浅井井赖,浅井,姓氏推断,lord_1_azai_i,Azai Ujitsuna,clan_azai_1,kinai,家族和文化自动推断,,1573,1587,1615,病死,浅井长政,16,浅井久政,17,浅井长政 浅井久政,全职种,49,49,普通,勇敢,理想,慎重,重视情义,55,武具,无欲,普通,源氏,刀剑,56,61,51,53,70,1,0,1,2,1,2,0,0,1,0,1,0,1,1,1,1,无,强袭，拔突，铁壁,无,无要求,,,未登场,浅井井赖,足轻组头,直臣,浅井家,小谷城,无,未登场,浅井井赖,足轻组头,陪臣（浅井长政）,浅井家,小谷城,无,未登场,浅井井赖,足轻组头,直臣,浅井家,小谷城,无,未登场,浅井井赖,足轻组头,直臣,浅井家,小谷城,无,未登场,浅井井赖,浪人,其他,无,长滨之町,无,未登场,浅井井赖,浪人,其他,无,长滨之町,无,未登场,浅井井赖,浪人,其他,无,长滨之町,无,已登场,浅井井赖,足轻组头,直臣,生驹家,高松城,无,已登场,浅井井赖,浪人,其他,无,龟山之町,无,
16,20,浅井长政,浅井,精确匹配,lord_1_azai,Azai Nagamasa,clan_azai_1,kinai,精确匹配织丰,,1545,1559,1573,战死,浅井久政,17,,,浅井井赖 浅井久政,只限武将,72,72,性急,胆小,理想,轻率,不重情义,81,武具,贪心,普通,源氏,刀剑,87,75,65,49,80,2,2,1,1,1,1,1,0,1,1,1,1,1,0,1,0,无,强袭,无,一般条件,海赤雨三将 海北纲亲/赤尾清纲/雨森弥兵卫,,未登场,浅井长政,家老,直臣,浅井家,小谷城,无,未登场,浅井长政,部将,陪臣（浅井久政）,浅井家,小谷城,无,已登场,浅井长政,大名,首领,浅井家,小谷城,无,已登场,浅井长政,大名,首领,浅井家,小谷城,无,已死亡,浅井长政,无效,无效,无,无效,无,已死亡,浅井长政,无效,无效,无,无效,无,已死亡,浅井长政,无效,无效,无,无效,无,已死亡,浅井长政,无效,无效,无,无效,无,已登场,浅井长政,浪人,其他,无,长滨之町,无,
53,68,武将,有马晴信,有馬晴信,精确匹配,有马晴信,100,lord_1_arima_6,clan_arima_1,saikai,Arima Harunobu,Arima Harunobu,1567,1581,1612,刀剑,61,42,68,66,44,1,0,2,1,0,0,0,0,1,1,1,1,2,3,1,1,加护,强袭,无,有马义贞,810,有马晴纯,822,大村纯忠 有马义贞 有马晴纯,全职种,10,15,性急,勇敢,理想,普通,不重情义,80,南蛮物,贪心,普通,藤原氏,未登场,有马晴信,部将,陪臣（有马义贞）,有马家,日野江城,无,未登场,有马晴信,家老,直臣,龙造寺家,佐嘉城,无,未登场,有马晴信,家老,直臣,有马家,日野江城,无,未登场,有马晴信,部将,陪臣（有马义贞）,龙造寺家,日野江城,无,未登场,有马晴信,部将,陪臣（有马义贞）,龙造寺家,日野江城,无,已登场,有马晴信,城主,直臣,龙造寺家,日野江城,无,已登场,有马晴信,大名,首领,有马家,日野江城,无,已登场,有马晴信,大名,首领,有马家,日野江城,无,已登场,有马晴信,下忍,直臣,风魔众,风魔之里,无,一般条件,,
17,21,浅井久政,浅井,精确匹配,lord_1_azai_2,Azai Hisamasa,clan_azai_1,kinai,精确匹配织丰,,1526,1554,1573,战死,,,,,浅井井赖 浅井长政,只限武将,55,55,温和,胆小,现实,慎重,普通,31,艺术品,贪心,滴酒不沾,源氏,刀剑,44,29,59,55,46,0,1,0,0,0,0,1,0,1,2,0,0,1,1,0,0,无,强袭,无,一般条件,,,已登场,浅井久政,大名,首领,浅井家,小谷城,无,已登场,浅井久政,大名,首领,浅井家,小谷城,无,已登场,浅井久政,家老,直臣,浅井家,小谷城,无,已登场,浅井久政,家老,直臣,浅井家,小谷城,无,已死亡,浅井久政,无效,无效,无,无效,无,已死亡,浅井久政,无效,无效,无,无效,无,已死亡,浅井久政,无效,无效,无,无效,无,已死亡,浅井久政,无效,无效,无,无效,无,已登场,浅井久政,浪人,其他,无,浦户之町,无,
55,72,武将,安东高季,安東高季,姓氏推断,,75,ando_takasue,clan_ando_1,ou,Ando Takasue,,1558,1572,1588,刀剑,58,59,52,64,36,1,1,0,0,1,1,0,0,1,0,0,1,1,1,1,1,无,强袭,无,,,,,,全职种,21,70,性急,勇敢,理想,轻率,不重情义,86,艺术品,贪心,嗜酒如命,其他,未登场,安东高季,家老,直臣,安东家,桧山城,无,未登场,安东高季,部将,陪臣（安东爱季）,安东家,桧山城,无,未登场,安东高季,家老,直臣,安东家,桧山城,无,未登场,安东高季,家老,直臣,安东家,桧山城,无,已登场,安东高季,家老,直臣,安东家,桧山城,无,已登场,安东高季,家老,直臣,安东家,桧山城,无,已登场,安东高季,家老,直臣,安东家,凑城,无,已死亡,安东高季,无效,无效,无,无效,无,已登场,安东高季,足轻大将,直臣,东乡家,盛冈城,无,无要求,,
56,73,武将,安东爱季,安東愛季,精确匹配,安东爱季,100,lord_1_ando,clan_ando_1,ou,Ando Chikasue,Ando Chikasue,1539,1554,1587,刀剑,75,61,79,72,78,1,1,1,0,1,1,1,0,1,1,0,2,1,1,1,0,无,强袭,无,,,,,秋田实季,全职种,21,21,温和,普通,普通,慎重,普通,38,书籍,贪心,普通,其他,已登场,安东爱季,大名,首领,安东家,桧山城,无,已登场,安东爱季,大名,首领,安东家,桧山城,无,已登场,安东爱季,大名,首领,安东家,桧山城,无,已登场,安东爱季,大名,首领,安东家,桧山城,无,已登场,安东爱季,大名,首领,安东家,桧山城,无,已登场,安东爱季,大名,首领,安东家,桧山城,无,已登场,安东爱季,大名,首领,安东家,凑城,无,已死亡,安东爱季,无效,无效,无,无效,无,已登场,安东爱季,足轻大将,直臣,东乡家,盛冈城,无,无要求,,
18,22,朝仓景镜,朝仓,精确匹配,lord_1_asakura_2,Asakura Kageakira,clan_asakura_1,hokuriku,精确匹配织丰,,1535,1554,1574,战死,,,朝仓贞景,###,朝仓义景,全职种,45,45,性急,普通,现实,慎重,不重情义,71,艺术品,普通,普通,其他,刀剑,59,46,45,72,44,1,1,1,1,0,1,2,1,0,0,0,0,1,1,1,1,无,强袭,无,无要求,,,已登场,朝仓景镜,侍大将,直臣,朝仓家,一乘谷城,无,已登场,朝仓景镜,侍大将,直臣,朝仓家,一乘谷城,无,已登场,朝仓景镜,侍大将,直臣,朝仓家,一乘谷城,无,已登场,朝仓景镜,侍大将,直臣,朝仓家,一乘谷城,无,已死亡,朝仓景镜,无效,无效,无,无效,无,已死亡,朝仓景镜,无效,无效,无,无效,无,已死亡,朝仓景镜,无效,无效,无,无效,无,已死亡,朝仓景镜,无效,无效,无,无效,无,已登场,朝仓景镜,浪人,其他,无,大凑之町,无,
19,23,朝仓景健,朝仓,姓氏推断,lord_1_asakura_keitakeshi,Asakura Morinari,clan_asakura_1,hokuriku,家族和文化自动推断,,1541,1555,1575,战死,,,,,,全职种,50,50,普通,胆小,现实,普通,普通,40,艺术品,无欲,普通,其他,刀剑,62,65,49,33,45,2,1,1,0,0,1,1,1,0,0,0,0,1,0,0,0,无,强袭,无,无要求,,,未登场,朝仓景健,部将,直臣,朝仓家,一乘谷城,无,未登场,朝仓景健,部将,直臣,朝仓家,一乘谷城,无,已登场,朝仓景健,部将,直臣,朝仓家,一乘谷城,无,已登场,朝仓景健,部将,直臣,朝仓家,一乘谷城,无,已死亡,朝仓景健,无效,无效,无,无效,无,已死亡,朝仓景健,无效,无效,无,无效,无,已死亡,朝仓景健,无效,无效,无,无效,无,已死亡,朝仓景健,无效,无效,无,无效,无,已登场,朝仓景健,浪人,其他,无,京之町,无,
20,24,朝仓景恒,朝仓,姓氏推断,lord_1_asakura_keitsune,Asakura Ryosei,clan_asakura_1,hokuriku,家族和文化自动推断,,1527,1554,1571,病死,,,朝仓宗滴,22,朝仓宗滴,只限武将,50,50,温和,普通,普通,普通,普通,21,书籍,无欲,嗜酒如命,其他,刀剑,59,60,34,41,36,0,1,1,1,1,1,1,0,1,1,1,0,0,0,0,0,无,强袭,无,无要求,,,已登场,朝仓景恒,家老,直臣,朝仓家,一乘谷城,无,已登场,朝仓景恒,家老,直臣,朝仓家,一乘谷城,无,已登场,朝仓景恒,家老,直臣,朝仓家,一乘谷城,无,已登场,朝仓景恒,家老,直臣,朝仓家,一乘谷城,无,已死亡,朝仓景恒,无效,无效,无,无效,无,已死亡,朝仓景恒,无效,无效,无,无效,无,已死亡,朝仓景恒,无效,无效,无,无效,无,已死亡,朝仓景恒,无效,无效,无,无效,无,已登场,朝仓景恒,浪人,其他,无,奈良之町,无,
21,25,朝仓景连,朝仓,姓氏推断,lord_1_asakura_kei,Asakura Tadamasa,clan_asakura_1,hokuriku,家族和文化自动推断,,1502,1554,1570,战死,,,,,,只限武将,50,50,温和,胆小,普通,慎重,普通,40,书籍,贪心,普通,其他,刀剑,56,58,52,66,53,1,0,0,0,0,0,1,0,2,2,1,1,1,1,1,1,无,强袭,无,无要求,,,已登场,朝仓景连,部将,直臣,朝仓家,一乘谷城,无,已登场,朝仓景连,部将,直臣,朝仓家,一乘谷城,无,已登场,朝仓景连,部将,直臣,朝仓家,一乘谷城,无,已登场,朝仓景连,部将,直臣,朝仓家,一乘谷城,无,已死亡,朝仓景连,无效,无效,无,无效,无,已死亡,朝仓景连,无效,无效,无,无效,无,已死亡,朝仓景连,无效,无效,无,无效,无,已死亡,朝仓景连,无效,无效,无,无效,无,已登场,朝仓景连,浪人,其他,无,鹿岛之町,无,
22,26,朝仓宗滴,朝仓,姓氏推断,lord_1_asakura_shuushizuku,Asakura Kakubei,clan_asakura_1,hokuriku,家族和文化自动推断,,1477,1554,1555,病死,,,,,朝仓景恒,只限武将,30,30,普通,普通,普通,轻率,重视情义,29,武具,无欲,普通,其他,枪,88,79,58,69,69,3,4,1,1,2,2,3,1,1,0,1,0,3,1,1,0,无,强袭，拔突，刚弓，铁壁,无,一般条件,,,已登场,朝仓宗滴,家老,直臣,朝仓家,一乘谷城,无,已登场,朝仓宗滴,家老,直臣,朝仓家,一乘谷城,无,已死亡,朝仓宗滴,无效,无效,无,无效,无,已死亡,朝仓宗滴,无效,无效,无,无效,无,已死亡,朝仓宗滴,无效,无效,无,无效,无,已死亡,朝仓宗滴,无效,无效,无,无效,无,已死亡,朝仓宗滴,无效,无效,无,无效,无,已死亡,朝仓宗滴,无效,无效,无,无效,无,已登场,朝仓宗滴,浪人,其他,无,安土之町,无,
62,80,武将,井伊直政,井伊直政,精确匹配,井伊直政,100,lord_1_ii_3,clan_ii_1,tokai,Ii Naomasa,Ii Naomasa,1561,1575,1602,枪,79,81,78,71,74,3,3,2,1,2,3,2,0,2,2,1,0,1,1,1,0,三河武者,强袭，连续斩，拔突，粘花，刚弓，卷枪，引落，柄返，刚力，铁壁,无,,,,,井伊直孝,只限武将,86,86,普通,勇敢,理想,普通,重视情义,32,武具,无欲,嗜酒如命,源氏,未登场,井伊直政,足轻大将,陪臣（朝比奈泰朝）,今川家,高天神城,无,未登场,井伊直政,足轻大将,陪臣（松平元康）,今川家,骏府城,无,未登场,井伊直政,足轻组头,陪臣（松平元康）,今川家,冈崎城,无,未登场,井伊直政,足轻大将,直臣,德川家,冈崎城,无,已登场,井伊直政,足轻大将,直臣,德川家,滨松城,无,已登场,井伊直政,侍大将,直臣,德川家,滨松城,无,已登场,井伊直政,侍大将,直臣,德川家,滨松城,无,已登场,井伊直政,城主,直臣,德川家,箕轮城,无,已登场,井伊直政,浪人,其他,无,严岛之町,无,一般条件,,
23,27,朝仓义景,朝仓,精确匹配,lord_1_asakura,Asakura Yoshikage,clan_asakura_1,hokuriku,精确匹配织丰,,1533,1554,1573,战死,,,朝仓贞景,###,朝仓景镜,只限武将,50,50,普通,胆小,现实,慎重,不重情义,61,南蛮物,贪心,滴酒不沾,其他,刀剑,42,19,51,34,49,0,1,1,0,0,0,0,0,1,1,1,1,3,1,2,1,威风凛凛,强袭,无,一般条件,,,已登场,朝仓义景,大名,首领,朝仓家,一乘谷城,无,已登场,朝仓义景,大名,首领,朝仓家,一乘谷城,无,已登场,朝仓义景,大名,首领,朝仓家,一乘谷城,无,已登场,朝仓义景,大名,首领,朝仓家,一乘谷城,无,已死亡,朝仓义景,无效,无效,无,无效,无,已死亡,朝仓义景,无效,无效,无,无效,无,已死亡,朝仓义景,无效,无效,无,无效,无,已死亡,朝仓义景,无效,无效,无,无效,无,已登场,朝仓义景,浪人,其他,无,鹿儿岛之町,无,
24,28,浅野长晟,浅野,需新建,lord_1_Ike_Tadatsugu,Asano Nagashige,,,,,1586,1599,1632,病死,浅野长政,25,,,浅野长政 浅野幸长,全职种,5,5,普通,普通,普通,普通,普通,55,书籍,普通,普通,源氏,刀剑,54,69,51,49,53,1,2,1,1,1,2,1,0,1,2,1,1,1,1,1,2,无,强袭，拔突，铁壁,无,无要求,,,未登场,浅野长晟,足轻组头,陪臣（浅野长吉）,织田家,那古野城,无,未登场,浅野长晟,足轻组头,陪臣（浅野长吉）,织田家,清洲城,无,未登场,浅野长晟,足轻组头,陪臣（浅野长吉）,织田家,清洲城,无,未登场,浅野长晟,足轻组头,陪臣（浅野长吉）,织田家,岐阜城,无,未登场,浅野长晟,足轻组头,陪臣（浅野长政）,织田家,岐阜城,无,未登场,浅野长晟,足轻组头,陪臣（浅野长政）,织田家,姬路城,无,未登场,浅野长晟,足轻组头,陪臣（浅野长政）,羽柴家,坂本城,无,已登场,浅野长晟,家老,直臣,浅野家,甲府城,无,已登场,浅野长晟,浪人,其他,无,长滨之町,无,
65,83,武将,池田惣左卫门,池田惣左衛門,姓氏推断,,40,ikeda_souhidari,clan_ikeda_1,tosan,Ikeda Souzaemon,,1551,1565,1621,枪,34,26,58,64,73,0,0,1,1,0,0,1,0,1,1,2,4,2,3,2,2,无,拔突，丢钱，贿赂，大宴宾客,风雅之士,,,,,,武将以外优先,50,99,温和,勇敢,现实,慎重,普通,65,艺术品,贪心,普通,其他,未登场,池田惣左卫门,浪人,其他,无,酒田之町,无,未登场,池田惣左卫门,浪人,其他,无,酒田之町,无,已登场,池田惣左卫门,当家,首领,镫屋,酒田之町,无,已登场,池田惣左卫门,当家,首领,镫屋,酒田之町,无,已登场,池田惣左卫门,当家,首领,镫屋,酒田之町,无,已登场,池田惣左卫门,当家,首领,镫屋,酒田之町,无,已登场,池田惣左卫门,当家,首领,镫屋,酒田之町,无,已登场,池田惣左卫门,当家,首领,镫屋,酒田之町,无,已登场,池田惣左卫门,头领,首领,五岛水军,江川之砦,无,无要求,,
66,84,武将,池田恒兴,池田恒興,精确匹配,池田恒兴,100,lord_1_ikeda,clan_ikeda_1,tosan,Ikeda Tsuneoki,Ikeda Tsuneoki,1536,1560,1584,枪,61,57,51,52,49,1,1,1,0,1,1,0,1,1,1,1,1,1,1,2,0,无,拔突,无,,,,,池田辉政 池田元助,只限武将,0,0,温和,胆小,现实,轻率,重视情义,25,武具,无欲,普通,源氏,未登场,池田恒兴,足轻大将,直臣,织田家,那古野城,无,已登场,池田恒兴,足轻组头,直臣,织田家,清洲城,无,已登场,池田恒兴,部将,直臣,织田家,清洲城,无,已登场,池田恒兴,部将,直臣,织田家,岐阜城,无,已登场,池田恒兴,部将,直臣,织田家,岐阜城,无,已登场,池田恒兴,城主,直臣,织田家,伊丹城,无,已登场,池田恒兴,国主,直臣,羽柴家,大垣城,无,已死亡,池田恒兴,无效,无效,无,无效,无,已登场,池田恒兴,船头,直臣,五岛水军,江川之砦,无,一般条件,,
67,85,武将,池田辉政,池田輝政,精确匹配,池田辉政,100,lord_1_ikeda_5,clan_ikeda_1,tosan,Ikeda Terumasa,Ikeda Terumasa,1564,1578,1613,枪,67,75,70,58,69,2,1,2,0,1,1,1,0,2,1,1,1,1,1,2,0,无,拔突,无,池田恒兴,66,,,池田恒兴 池田元助,只限武将,98,98,性急,勇敢,普通,轻率,普通,66,南蛮物,贪心,嗜酒如命,源氏,未登场,池田辉政,足轻组头,陪臣（池田恒兴）,织田家,那古野城,无,未登场,池田辉政,足轻组头,陪臣（池田恒兴）,织田家,清洲城,无,未登场,池田辉政,足轻组头,陪臣（池田恒兴）,织田家,清洲城,无,未登场,池田辉政,足轻组头,陪臣（池田恒兴）,织田家,岐阜城,无,未登场,池田辉政,足轻组头,陪臣（池田恒兴）,织田家,岐阜城,无,已登场,池田辉政,足轻大将,陪臣（池田恒兴）,织田家,伊丹城,无,已登场,池田辉政,部将,陪臣（池田恒兴）,羽柴家,大垣城,无,已登场,池田辉政,大名,首领,池田家,吉田城,无,已登场,池田辉政,水夫头,直臣,五岛水军,江川之砦,无,一般条件,,
68,86,武将,池田元助,池田元助,精确匹配,池田元助,100,lord_1_ikeda_4,clan_ikeda_1,tosan,Ikeda Motosuke,Ikeda Motosuke,1559,1573,1584,枪,60,69,43,50,71,1,2,1,1,1,2,2,0,0,0,0,0,1,0,2,0,无,强袭，拔突，铁壁,无,池田恒兴,66,,,池田恒兴 池田辉政,只限武将,99,99,性急,勇敢,理想,轻率,重视情义,55,书籍,普通,普通,源氏,未登场,池田元助,足轻组头,陪臣（池田恒兴）,织田家,那古野城,无,未登场,池田元助,足轻组头,陪臣（池田恒兴）,织田家,清洲城,无,未登场,池田元助,足轻组头,陪臣（池田恒兴）,织田家,清洲城,无,未登场,池田元助,足轻组头,陪臣（池田恒兴）,织田家,岐阜城,无,已登场,池田元助,足轻组头,陪臣（池田恒兴）,织田家,岐阜城,无,已登场,池田元助,足轻大将,陪臣（池田恒兴）,织田家,伊丹城,无,已登场,池田元助,部将,陪臣（池田恒兴）,羽柴家,大垣城,无,已死亡,池田元助,无效,无效,无,无效,无,已登场,池田元助,水夫头,直臣,五岛水军,江川之砦,无,无要求,,
25,29,浅野长政,浅野,需新建,lord_1_Ike_Yorikazu,Asano Nagamasa,,,,,1547,1561,1611,病死,,,,,浅野长晟 浅野幸长,全职种,8,8,温和,胆小,现实,慎重,普通,36,书籍,贪心,普通,源氏,刀剑,62,53,78,66,60,1,0,0,0,1,1,1,0,0,4,3,2,1,2,1,1,无,强袭,无,一般条件,,,未登场,浅野长吉,足轻组头,直臣,织田家,那古野城,无,未登场,浅野长吉,足轻组头,直臣,织田家,清洲城,无,已登场,浅野长吉,足轻组头,直臣,织田家,清洲城,无,已登场,浅野长吉,足轻组头,陪臣（木下藤吉郎）,织田家,岐阜城,无,已登场,浅野长政,足轻大将,陪臣（羽柴秀吉）,织田家,长滨城,无,已登场,浅野长政,足轻大将,陪臣（羽柴秀吉）,织田家,姬路城,无,已登场,浅野长政,城主,直臣,羽柴家,坂本城,无,已登场,浅野长政,家老,直臣,浅野家,甲府城,无,已登场,浅野长政,浪人,其他,无,长滨之町,无,
26,30,浅野幸长,浅野,需新建,lord_1_asanosachi,Asano Yukinaga,,,,,1576,1590,1613,病死,浅野长政,25,,,浅野长晟 浅野长政,全职种,5,5,普通,勇敢,普通,普通,普通,70,艺术品,普通,普通,源氏,刀剑,57,62,71,65,52,0,1,1,2,1,0,0,0,1,0,1,1,1,0,0,1,无,强袭,无,一般条件,,,未登场,浅野幸长,足轻组头,陪臣（浅野长吉）,织田家,那古野城,无,未登场,浅野幸长,足轻组头,陪臣（浅野长吉）,织田家,清洲城,无,未登场,浅野幸长,足轻组头,陪臣（浅野长吉）,织田家,清洲城,无,未登场,浅野幸长,足轻组头,陪臣（浅野长吉）,织田家,岐阜城,无,未登场,浅野幸长,足轻组头,陪臣（浅野长政）,织田家,岐阜城,无,未登场,浅野幸长,足轻组头,陪臣（浅野长政）,织田家,姬路城,无,未登场,浅野幸长,足轻组头,陪臣（浅野长政）,羽柴家,坂本城,无,已登场,浅野幸长,大名,首领,浅野家,甲府城,无,已登场,浅野幸长,浪人,其他,无,长滨之町,无,
27,32,朝比奈泰朝,朝比奈,精确匹配,lord_1_asahina,Asahina Yasutomo,clan_asahina_1,tokai,精确匹配织丰,,1538,1554,1569,病死,,,,,,只限武将,60,60,性急,胆小,普通,慎重,普通,25,艺术品,普通,嗜酒如命,藤原氏,刀剑,56,61,26,43,34,1,1,1,0,0,1,1,0,1,0,0,0,1,0,0,1,无,强袭,无,无要求,,,已登场,朝比奈泰朝,城主,直臣,今川家,高天神城,无,已登场,朝比奈泰朝,城主,直臣,今川家,高天神城,无,已登场,朝比奈泰朝,城主,直臣,今川家,高天神城,无,已登场,朝比奈泰朝,城主,直臣,今川家,高天神城,无,已死亡,朝比奈泰朝,无效,无效,无,无效,无,已死亡,朝比奈泰朝,无效,无效,无,无效,无,已死亡,朝比奈泰朝,无效,无效,无,无效,无,已死亡,朝比奈泰朝,无效,无效,无,无效,无,已登场,朝比奈泰朝,浪人,其他,无,府内之町,无,
28,33,浅利胜赖,浅利,精确匹配,lord_1_asari,Asari Katsuyori,clan_asari_1,ou,精确匹配织丰,,1532,1554,1583,战死,,,,,,全职种,70,70,普通,勇敢,普通,慎重,普通,30,武具,普通,嗜酒如命,源氏,枪,51,52,40,29,42,0,0,1,0,1,1,0,0,1,0,0,0,0,0,0,0,无,拔突,无,无要求,,,已登场,浅利胜赖,家老,直臣,安东家,桧山城,无,已登场,浅利胜赖,家老,直臣,安东家,桧山城,无,已登场,浅利胜赖,家老,直臣,安东家,桧山城,无,已登场,浅利胜赖,家老,直臣,安东家,桧山城,无,已登场,浅利胜赖,家老,直臣,安东家,桧山城,无,已登场,浅利胜赖,家老,直臣,安东家,桧山城,无,已死亡,浅利胜赖,无效,无效,无,无效,无,已死亡,浅利胜赖,无效,无效,无,无效,无,已登场,浅利胜赖,浪人,其他,无,出石之町,无,
29,34,足利义昭,足利,精确匹配,lord_1_ashikaga,Ashikaga Yoshiaki,clan_ashikaga_1,kinai,精确匹配织丰,,1537,1554,1597,病死,,,,,,没那个意思,50,50,性急,胆小,理想,慎重,不重情义,95,艺术品,贪心,普通,源氏,刀剑,14,6,9,69,99,0,0,1,0,0,0,1,0,0,0,0,2,4,3,3,1,威风凛凛,强袭,无,不可,,主角织田信长，放逐将军,未登场,足利义昭,侍大将,直臣,足利家,朽木谷城,无,未登场,足利义昭,浪人,其他,无,京之町,无,未登场,足利义昭,家老,直臣,足利家,二条城,无,已登场,足利义昭,大名,首领,足利家,二条城,无,已登场,足利义昭,浪人,其他,无,尾道之町,无,已登场,足利义昭,浪人,其他,无,尾道之町,无,已登场,足利义昭,浪人,其他,无,尾道之町,无,已死亡,足利义昭,无效,无效,无,无效,无,已登场,足利义昭,浪人,其他,无,浦户之町,无,
30,35,足利义氏,足利,精确匹配,lord_1_kogakubo,Koga-Kubo Yoshiuji,clan_kogakubo_1,kanto,精确匹配织丰,,1541,1554,1583,病死,,,,,,没那个意思,80,80,温和,胆小,普通,普通,普通,29,艺术品,贪心,普通,源氏,枪,26,19,43,42,78,0,0,0,0,1,0,0,0,1,0,0,2,3,2,2,2,威风凛凛,拔突,无,一般条件,,,未登场,足利义氏,浪人,其他,无,小田原之町,无,已登场,足利义氏,浪人,其他,无,小田原之町,无,已登场,足利义氏,浪人,其他,无,小田原之町,无,已登场,足利义氏,浪人,其他,无,小田原之町,无,已登场,足利义氏,浪人,其他,无,小田原之町,无,已登场,足利义氏,浪人,其他,无,小田原之町,无,已死亡,足利义氏,无效,无效,无,无效,无,已死亡,足利义氏,无效,无效,无,无效,无,已登场,足利义氏,浪人,其他,无,鸣门之町,无,
31,36,足利义辉,足利,精确匹配,dead_lord_1_ashikaga_4,Ashikaga Yoshiteru,clan_ashikaga_1,kinai,精确匹配织丰,,1536,1554,1565,战死,,,,,,没那个意思,18,18,普通,勇敢,理想,轻率,普通,67,武具,贪心,嗜酒如命,源氏,刀剑,61,92,65,39,100,2,1,2,0,4,4,2,1,1,1,1,1,4,2,3,1,弓箭乱射，威风凛凛,强袭，连续斩，八神太刀，一之太刀，拔突，刚弓，神妙剑，当身，刚力，金刚力，铁壁，气声，辱骂，大喝，炯眼，罗刹，鸣弦，克己,剑豪,一般条件,,,已登场,足利义藤,大名,首领,足利家,朽木谷城,新当流,已登场,足利义辉,大名,首领,足利家,朽木谷城,新当流,已登场,足利义辉,大名,首领,足利家,二条城,新当流,已死亡,足利义辉,无效,无效,无,无效,无,已死亡,足利义辉,无效,无效,无,无效,无,已死亡,足利义辉,无效,无效,无,无效,无,已死亡,足利义辉,无效,无效,无,无效,无,已死亡,足利义辉,无效,无效,无,无效,无,已登场,足利义辉,浪人,其他,无,宇须岸之町,新当流,"主角丰臣秀吉，三碗茶
主角德川家康，关原之战胜利"
32,37,芦名盛氏,芦名,精确匹配,lord_1_ashina_2,Ashina Moriuji,clan_ashina_1,ou,精确匹配织丰,,1521,1554,1580,病死,,,,,芦名盛兴,只限武将,45,45,温和,普通,普通,轻率,普通,29,书籍,无欲,滴酒不沾,平氏,刀剑,72,68,80,81,85,2,2,1,0,2,2,0,0,0,0,0,1,1,1,0,1,无,强袭，拔突，刚弓，铁壁,无,一般条件,,,已登场,芦名盛氏,大名,首领,芦名家,黑川城,无,已登场,芦名盛氏,大名,首领,芦名家,黑川城,无,已登场,芦名盛氏,大名,首领,芦名家,黑川城,无,已登场,芦名盛氏,大名,首领,芦名家,黑川城,无,已登场,芦名盛氏,大名,首领,芦名家,黑川城,无,已死亡,芦名盛氏,无效,无效,无,无效,无,已死亡,芦名盛氏,无效,无效,无,无效,无,已死亡,芦名盛氏,无效,无效,无,无效,无,已登场,芦名盛氏,浪人,其他,无,小仓之町,无,
77,98,武将,伊集院忠仓,伊集院忠倉,精确匹配,伊集院忠仓,100,lord_1_ijuin,clan_ijuin_1,saikai,Ijuin Tadaao,Ijuin Tadaao,1525,1554,1562,刀剑,64,45,74,79,53,1,0,1,0,1,0,1,0,1,2,1,1,0,3,1,1,无,强袭,无,,,,,伊集院忠栋,只限武将,39,39,温和,普通,普通,慎重,普通,40,书籍,普通,普通,源氏,已登场,伊集院忠仓,部将,直臣,岛津家,内城,无,已登场,伊集院忠仓,侍大将,直臣,岛津家,内城,无,已登场,伊集院忠仓,部将,直臣,岛津家,内城,无,已死亡,伊集院忠仓,无效,无效,无,无效,无,已死亡,伊集院忠仓,无效,无效,无,无效,无,已死亡,伊集院忠仓,无效,无效,无,无效,无,已死亡,伊集院忠仓,无效,无效,无,无效,无,已死亡,伊集院忠仓,无效,无效,无,无效,无,已登场,伊集院忠仓,部将,直臣,青山家,高松城,无,无要求,,
78,100,武将,伊集院忠栋,伊集院忠棟,精确匹配,伊集院忠栋,100,lord_1_ijuin_2,clan_ijuin_1,saikai,Ijuin Tadamune,Ijuin Tadamune,1553,1567,1599,刀剑,60,51,85,77,41,0,1,1,1,1,0,1,0,1,0,1,1,3,3,0,1,无,强袭,无,伊集院忠仓,77,,,伊集院忠仓,只限武将,39,39,温和,胆小,普通,轻率,不重情义,74,南蛮物,普通,普通,源氏,未登场,伊集院忠栋,足轻组头,直臣,岛津家,内城,无,未登场,伊集院忠栋,足轻组头,陪臣（伊集院忠仓）,岛津家,内城,无,未登场,伊集院忠栋,足轻组头,陪臣（伊集院忠仓）,岛津家,内城,无,已登场,伊集院忠栋,足轻组头,直臣,岛津家,内城,无,已登场,伊集院忠栋,足轻组头,直臣,岛津家,内城,无,已登场,伊集院忠栋,足轻大将,直臣,岛津家,内城,无,已登场,伊集院忠栋,足轻大将,直臣,岛津家,内城,无,已登场,伊集院忠栋,家老,直臣,岛津家,内城,无,已登场,伊集院忠栋,浪人,其他,无,会津之町,无,无要求,,
33,38,芦名盛兴,芦名,精确匹配,lord_1_ashina,Ashina Morioki,clan_ashina_1,ou,精确匹配织丰,,1547,1560,1575,病死,芦名盛氏,32,,,芦名盛氏,只限武将,46,46,温和,普通,现实,慎重,重视情义,18,艺术品,普通,普通,平氏,刀剑,59,32,61,44,51,1,1,0,0,1,0,1,0,1,1,1,0,0,1,0,1,无,强袭,无,无要求,,,未登场,芦名盛兴,家老,直臣,芦名家,黑川城,无,未登场,芦名盛兴,部将,陪臣（芦名盛氏）,芦名家,黑川城,无,已登场,芦名盛兴,家老,直臣,芦名家,黑川城,无,已登场,芦名盛兴,家老,直臣,芦名家,黑川城,无,已登场,芦名盛兴,家老,直臣,芦名家,黑川城,无,已死亡,芦名盛兴,无效,无效,无,无效,无,已死亡,芦名盛兴,无效,无效,无,无效,无,已死亡,芦名盛兴,无效,无效,无,无效,无,已登场,芦名盛兴,浪人,其他,无,姬路之町,无,
80,102,武将,矶野员昌,磯野員昌,精确匹配,矶野员昌,100,lord_1_isono,clan_isono_1,kinai,Isono Kazumasa,Isono Kazumasa,1527,1554,1578,刀剑,72,54,20,63,59,2,1,0,1,1,2,1,0,0,1,1,0,0,0,1,1,无,强袭，拔突，铁壁,无,,,,,,只限武将,77,77,普通,胆小,普通,轻率,普通,37,武具,无欲,普通,其他,已登场,矶野员昌,部将,直臣,浅井家,小谷城,无,已登场,矶野员昌,城主,直臣,浅井家,佐和山城,无,已登场,矶野员昌,城主,直臣,浅井家,佐和山城,无,已登场,矶野员昌,城主,直臣,浅井家,佐和山城,无,已登场,矶野员昌,家老,直臣,织田家,岐阜城,无,已死亡,矶野员昌,无效,无效,无,无效,无,已死亡,矶野员昌,无效,无效,无,无效,无,已死亡,矶野员昌,无效,无效,无,无效,无,已登场,矶野员昌,头领,首领,坊津水军,坊津之砦,无,一般条件,,
34,39,芦名盛重,芦名,姓氏推断,lord_1_ashina_morishige,Ashina Katsushige,clan_ashina_1,ou,家族和文化自动推断,,1575,1590,1631,病死,佐竹义重,347,佐竹义昭,346,宇都宫国纲 佐竹义昭 佐竹义重 佐竹义宣,只限武将,20,20,普通,胆小,普通,轻率,普通,55,书籍,普通,普通,平氏,刀剑,31,25,31,38,19,0,0,1,0,0,0,0,0,0,0,0,1,2,1,0,0,无,强袭,无,无要求,,,未登场,佐竹义广,侍大将,直臣,佐竹家,太田城,无,未登场,佐竹义广,侍大将,陪臣（佐竹义重）,佐竹家,太田城,无,未登场,佐竹义广,家老,直臣,佐竹家,太田城,无,未登场,佐竹义广,侍大将,直臣,佐竹家,太田城,无,未登场,佐竹义广,侍大将,直臣,佐竹家,太田城,无,未登场,芦名盛重,侍大将,直臣,芦名家,黑川城,无,未登场,芦名盛重,侍大将,直臣,芦名家,黑川城,无,已登场,芦名盛重,城主,直臣,佐竹家,太田城,无,已登场,芦名盛重,浪人,其他,无,小诸之町,无,
35,40,芦名盛隆,芦名,姓氏推断,lord_1_ashina_moritaka,Ashina Ekketsusai,clan_ashina_1,ou,家族和文化自动推断,,1561,1575,1584,战死,二阶堂盛义,820,,,二阶堂盛义,只限武将,16,16,普通,胆小,普通,轻率,普通,65,书籍,贪心,嗜酒如命,平氏,刀剑,27,51,42,58,41,0,0,1,0,0,0,0,0,1,0,0,0,0,1,1,0,无,强袭,无,无要求,,,未登场,芦名盛隆,家老,直臣,芦名家,黑川城,无,未登场,芦名盛隆,部将,陪臣（芦名盛氏）,芦名家,黑川城,无,未登场,芦名盛隆,家老,直臣,芦名家,黑川城,无,未登场,芦名盛隆,家老,直臣,芦名家,黑川城,无,已登场,芦名盛隆,家老,直臣,芦名家,黑川城,无,已登场,芦名盛隆,大名,首领,芦名家,黑川城,无,已登场,芦名盛隆,大名,首领,芦名家,黑川城,无,已死亡,芦名盛隆,无效,无效,无,无效,无,已登场,芦名盛隆,浪人,其他,无,甲府之町,无,
36,42,阿苏惟将,阿苏,精确匹配,lord_1_aso,Aso Koremasa,clan_aso_1,saikai,精确匹配织丰,,1551,1560,1583,病死,阿苏惟丰,850,,,阿苏惟丰,只限武将,52,52,温和,胆小,理想,慎重,普通,34,书籍,贪心,普通,其他,刀剑,41,37,50,51,56,0,1,2,0,0,0,1,1,0,1,1,0,0,1,1,0,无,强袭,无,一般条件,,,未登场,阿苏惟将,家老,直臣,阿苏家,岩尾城,无,已登场,阿苏惟将,家老,直臣,阿苏家,岩尾城,无,已登场,阿苏惟将,大名,首领,阿苏家,岩尾城,无,已登场,阿苏惟将,大名,首领,阿苏家,岩尾城,无,已登场,阿苏惟将,大名,首领,阿苏家,岩尾城,无,已登场,阿苏惟将,大名,首领,阿苏家,岩尾城,无,已死亡,阿苏惟将,无效,无效,无,无效,无,已死亡,阿苏惟将,无效,无效,无,无效,无,已登场,阿苏惟将,浪人,其他,无,甲府之町,无,
37,43,安宅信康,安宅,精确匹配,lord_1_atagi,Atagi Nobuyasu,clan_atagi_1,kinai,精确匹配织丰,,1549,1563,1578,病死,安宅冬康,38,,,安宅冬康,全职种,49,3,普通,勇敢,普通,普通,不重情义,40,南蛮物,普通,嗜酒如命,其他,刀剑,55,67,43,37,51,2,1,2,4,1,0,1,0,1,0,1,1,1,0,2,0,水上拖延，蝴蝶之阵,强袭,无,一般条件,,,未登场,安宅信康,船头,直臣,淡路水军,洲本之砦,无,未登场,安宅信康,船大将,直臣,淡路水军,洲本之砦,无,已登场,安宅信康,船头,直臣,淡路水军,洲本之砦,无,已登场,安宅信康,头领,首领,淡路水军,洲本之砦,无,已登场,安宅信康,头领,首领,淡路水军,洲本之砦,无,已死亡,安宅信康,无效,无效,无,无效,无,已死亡,安宅信康,无效,无效,无,无效,无,已死亡,安宅信康,无效,无效,无,无效,无,已登场,安宅信康,浪人,其他,无,柳川之町,无,
38,44,安宅冬康,安宅,精确匹配,dead_lord_1_atagi_2,Atagi Fuyuyasu,clan_atagi_1,kinai,精确匹配织丰,,1528,1554,1564,战死,三好元长,1333,三好长秀,###,安宅信康 十河一存 十河存保 三好笑岩 三好长治 三好长庆 三好义兴 三好实休 三好义继,全职种,49,24,温和,普通,普通,轻率,重视情义,22,武具,普通,普通,其他,刀剑,61,50,39,61,53,1,0,1,3,1,1,2,0,1,1,1,0,3,1,3,1,水上拖延,强袭,无,一般条件,,,已登场,安宅冬康,头领,首领,淡路水军,洲本之砦,无,已登场,安宅冬康,头领,首领,淡路水军,洲本之砦,无,已登场,安宅冬康,头领,首领,淡路水军,洲本之砦,无,已死亡,安宅冬康,无效,无效,无,无效,无,已死亡,安宅冬康,无效,无效,无,无效,无,已死亡,安宅冬康,无效,无效,无,无效,无,已死亡,安宅冬康,无效,无效,无,无效,无,已死亡,安宅冬康,无效,无效,无,无效,无,已登场,安宅冬康,浪人,其他,无,奈良之町,无,
86,108,武将,一条兼定,一條兼定,精确匹配,一条兼定,100,lord_1_ichijo,clan_ichijo_1,nankai,Ichijo Kanesada,Ichijo Kanesada,1543,1557,1585,刀剑,10,11,12,9,88,0,0,0,0,0,0,0,0,0,0,0,1,4,1,3,1,无,强袭,无,,,,,,只限武将,20,20,温和,胆小,普通,轻率,不重情义,36,南蛮物,贪心,普通,藤原氏,已登场,一条兼定,大名,首领,一条家,中村城,无,已登场,一条兼定,大名,首领,一条家,中村城,无,已登场,一条兼定,大名,首领,一条家,中村城,无,已登场,一条兼定,大名,首领,一条家,中村城,无,已登场,一条兼定,浪人,其他,无,府内之町,无,已登场,一条兼定,浪人,其他,无,府内之町,无,已登场,一条兼定,浪人,其他,无,府内之町,无,已死亡,一条兼定,无效,无效,无,无效,无,已登场,一条兼定,家老,直臣,一宫家,春日山城,无,一般条件,,
87,109,武将,一条信龙,一條信龍,姓氏推断,,50,ichijo_shin,clan_ichijo_1,nankai,Ichijo Nobutatsu,,1540,1554,1582,刀剑,47,44,50,44,56,1,1,0,0,1,0,1,0,0,1,1,0,1,0,0,0,无,强袭,无,武田信虎,801,,,武田胜赖 武田逍遥轩 武田信玄 武田信繁 武田信丰 仁科盛信 武田信虎,只限武将,62,62,性急,勇敢,普通,慎重,普通,20,书籍,无欲,普通,源氏,未登场,一条信龙,侍大将,直臣,武田家,踯躅崎馆,无,已登场,一条信龙,足轻大将,直臣,武田家,踯躅崎馆,无,已登场,一条信龙,侍大将,直臣,武田家,踯躅崎馆,无,已登场,一条信龙,侍大将,直臣,武田家,踯躅崎馆,无,已登场,一条信龙,侍大将,直臣,武田家,踯躅崎馆,无,已登场,一条信龙,侍大将,直臣,武田家,甲府城,无,已死亡,一条信龙,无效,无效,无,无效,无,已死亡,一条信龙,无效,无效,无,无效,无,已登场,一条信龙,家老,直臣,一宫家,春日山城,无,无要求,,
39,46,迹部胜资,迹部,需新建,lord_1_sekibu,Atobe Katsusuke,,,,,1547,1561,1582,病死,,,,,,只限武将,61,61,性急,普通,普通,轻率,普通,26,书籍,普通,普通,源氏,刀剑,48,23,42,33,36,1,1,1,0,0,1,1,0,0,1,0,0,1,0,0,1,无,强袭,无,无要求,,,未登场,迹部胜资,侍大将,直臣,武田家,踯躅崎馆,无,未登场,迹部胜资,侍大将,直臣,武田家,踯躅崎馆,无,已登场,迹部胜资,足轻大将,直臣,武田家,踯躅崎馆,无,已登场,迹部胜资,侍大将,直臣,武田家,踯躅崎馆,无,已登场,迹部胜资,侍大将,直臣,武田家,踯躅崎馆,无,已登场,迹部胜资,侍大将,直臣,武田家,甲府城,无,已死亡,迹部胜资,无效,无效,无,无效,无,已死亡,迹部胜资,无效,无效,无,无效,无,已登场,迹部胜资,浪人,其他,无,鸣门之町,无,
40,47,穴山小助,穴山,姓氏推断,lord_1_anayama_kosuke,Anayama Shigehide,clan_anayama_1,tosan,家族和文化自动推断,,1584,1598,1615,战死,,,,,,全职种,49,49,普通,普通,理想,慎重,重视情义,17,武具,无欲,普通,源氏,枪,64,80,50,79,68,2,1,1,1,0,2,1,0,0,0,0,0,0,1,0,3,无,强袭，拔突，铁壁，伤药,无,一般条件,,,未登场,穴山小助,足轻组头,陪臣（穴山信君）,武田家,踯躅崎馆,无,未登场,穴山小助,足轻组头,陪臣（穴山信君）,武田家,踯躅崎馆,无,未登场,穴山小助,足轻组头,陪臣（穴山信君）,武田家,踯躅崎馆,无,未登场,穴山小助,足轻组头,陪臣（穴山信君）,武田家,踯躅崎馆,无,未登场,穴山小助,足轻组头,陪臣（穴山信君）,武田家,踯躅崎馆,无,未登场,穴山小助,足轻组头,陪臣（穴山梅雪）,武田家,骏府城,无,未登场,穴山小助,浪人,其他,无,甲府之町,无,已登场,穴山小助,浪人,其他,无,甲府之町,无,已登场,穴山小助,足轻组头,直臣,小笠原家,小仓城,无,
41,48,穴山梅雪,穴山,姓氏推断,lord_1_anayama_baisetsu,Anayama Akisane,clan_anayama_1,tosan,家族和文化自动推断,,1541,1555,1582,战死,,,,,,全职种,86,86,普通,胆小,现实,轻率,不重情义,45,艺术品,贪心,普通,源氏,刀剑,51,22,66,64,55,1,2,1,0,1,0,1,0,1,2,2,1,1,1,1,1,无,强袭,无,一般条件,,,未登场,穴山信君,部将,直臣,武田家,踯躅崎馆,无,未登场,穴山信君,部将,直臣,武田家,踯躅崎馆,无,已登场,穴山信君,部将,直臣,武田家,踯躅崎馆,无,已登场,穴山信君,部将,直臣,武田家,踯躅崎馆,无,已登场,穴山信君,部将,直臣,武田家,踯躅崎馆,无,已登场,穴山梅雪,城主,直臣,武田家,骏府城,无,已死亡,穴山梅雪,无效,无效,无,无效,无,已死亡,穴山梅雪,无效,无效,无,无效,无,已登场,穴山梅雪,当家,首领,浴池屋,甲府之町,无,
91,112,武将,一色义清,一色義清,精确匹配,一色义清,100,lord_1_issiki_5,clan_issiki_1,kinai,Issiki Yoshikiyo,Issiki Yoshikiyo,1551,1565,1582,刀剑,33,36,35,45,18,0,0,1,1,0,0,0,0,0,0,0,0,1,0,0,0,无,强袭,无,(一色义幸),1338,,,一色义定 一色义道,只限武将,40,40,温和,胆小,普通,轻率,重视情义,60,书籍,无欲,滴酒不沾,源氏,未登场,一色义清,家老,直臣,一色家,宫津城,无,未登场,一色义清,部将,直臣,一色家,宫津城,无,已登场,一色义清,家老,直臣,一色家,宫津城,无,已登场,一色义清,家老,直臣,一色家,宫津城,无,已登场,一色义清,家老,直臣,一色家,宫津城,无,已死亡,一色义清,无效,无效,无,无效,无,已死亡,一色义清,无效,无效,无,无效,无,已死亡,一色义清,无效,无效,无,无效,无,已登场,一色义清,家老,直臣,一宫家,春日山城,无,无要求,,
92,113,武将,一色义定,一色義定,精确匹配,一色义定,100,lord_1_issiki_4,clan_issiki_1,kinai,Issiki Yoshisada,Issiki Yoshisada,1558,1572,1582,刀剑,39,42,37,46,41,0,0,1,0,0,0,0,0,0,1,0,0,0,0,0,0,无,强袭,无,一色义道,93,(一色义幸),1338,一色义清 一色义道,只限武将,40,40,普通,胆小,现实,普通,普通,45,艺术品,贪心,普通,源氏,未登场,一色义定,足轻组头,直臣,一色家,宫津城,无,未登场,一色义定,足轻组头,直臣,一色家,宫津城,无,未登场,一色义定,足轻组头,直臣,一色家,宫津城,无,未登场,一色义定,足轻组头,直臣,一色家,宫津城,无,已登场,一色义定,足轻组头,直臣,一色家,宫津城,无,已死亡,一色义定,无效,无效,无,无效,无,已死亡,一色义定,无效,无效,无,无效,无,已死亡,一色义定,无效,无效,无,无效,无,已登场,一色义定,部将,直臣,一宫家,春日山城,无,无要求,,
93,114,武将,一色义道,一色義道,精确匹配,一色义道,100,lord_1_issiki,clan_issiki_1,kinai,Issiki Yoshimichi,Issiki Yoshimichi,1520,1554,1579,刀剑,60,39,37,38,42,1,1,1,0,1,1,1,0,0,0,1,0,0,0,1,0,无,强袭,无,(一色义幸),1338,,,一色义清 一色义定,只限武将,40,40,性急,勇敢,普通,轻率,普通,70,南蛮物,普通,嗜酒如命,源氏,已登场,一色义道,大名,首领,一色家,宫津城,无,已登场,一色义道,大名,首领,一色家,宫津城,无,已登场,一色义道,大名,首领,一色家,宫津城,无,已登场,一色义道,大名,首领,一色家,宫津城,无,已登场,一色义道,大名,首领,一色家,宫津城,无,已死亡,一色义道,无效,无效,无,无效,无,已死亡,一色义道,无效,无效,无,无效,无,已死亡,一色义道,无效,无效,无,无效,无,已登场,一色义道,部将,直臣,一宫家,春日山城,无,无要求,,
42,50,姊小路赖纲,姊小路,精确匹配,lord_1_anekouji_2,Anekouji Yoritsuna,clan_anekouji_1,tosan,精确匹配织丰,,1540,1554,1587,病死,姊小路良赖,907,三木直赖,899,三木直赖 姊小路良赖,全职种,20,20,普通,胆小,普通,轻率,普通,58,艺术品,贪心,普通,藤原氏,刀剑,61,50,53,70,60,1,1,0,0,0,0,1,0,0,0,0,0,0,1,0,2,无,强袭,无,一般条件,,,未登场,三木自纲,家老,直臣,三木家,松仓城,无,已登场,三木自纲,家老,直臣,三木家,松仓城,无,已登场,三木自纲,家老,直臣,三木家,松仓城,无,已登场,姊小路赖纲,家老,直臣,姊小路家,松仓城,无,已登场,姊小路赖纲,大名,首领,姊小路家,松仓城,无,已登场,姊小路赖纲,大名,首领,姊小路家,松仓城,无,已登场,姊小路赖纲,大名,首领,姊小路家,松仓城,无,已死亡,姊小路赖纲,无效,无效,无,无效,无,已登场,姊小路赖纲,足轻组头,直臣,小笠原家,小仓城,无,
43,51,阿部正次,阿部,需新建,lord_1_abemasaji,Abe Masatsugu,,,,,1569,1583,1647,病死,,,,,,全职种,88,87,温和,普通,普通,普通,重视情义,14,书籍,无欲,普通,其他,刀剑,26,41,64,56,66,1,0,1,1,1,0,0,0,1,3,1,2,2,2,2,2,无,强袭,无,无要求,,,未登场,阿部正次,浪人,其他,无,冈崎之町,无,未登场,阿部正次,浪人,其他,无,冈崎之町,无,未登场,阿部正次,浪人,其他,无,冈崎之町,无,未登场,阿部正次,浪人,其他,无,冈崎之町,无,未登场,阿部正次,浪人,其他,无,冈崎之町,无,未登场,阿部正次,足轻组头,直臣,德川家,滨松城,无,已登场,阿部正次,足轻组头,直臣,德川家,滨松城,无,已登场,阿部正次,侍大将,直臣,德川家,江户城,无,已登场,阿部正次,浪人,其他,无,诹访之町,无,
96,117,武将,伊东佑兵,伊東祐兵,姓氏推断,,75,ito_yuuhei,clan_ito_1,saikai,Itou Yuuhei,,1559,1573,1600,刀剑,52,49,25,43,36,1,0,0,0,0,0,1,0,0,0,0,0,1,2,0,0,无,强袭,无,伊东义祐,98,,,伊东义祐 伊东满所,全职种,71,71,普通,胆小,现实,慎重,普通,21,南蛮物,贪心,普通,藤原氏,未登场,伊东祐兵,家老,直臣,伊东家,都于郡城,无,未登场,伊东祐兵,部将,陪臣（伊东义祐）,伊东家,都于郡城,无,未登场,伊东祐兵,家老,直臣,伊东家,都于郡城,无,未登场,伊东祐兵,家老,直臣,伊东家,都于郡城,无,已登场,伊东祐兵,家老,直臣,伊东家,都于郡城,无,已登场,伊东祐兵,浪人,其他,无,今治之町,无,已登场,伊东祐兵,浪人,其他,无,今治之町,无,已登场,伊东祐兵,大名,首领,伊东家,饫肥城,无,已登场,伊东祐兵,家老,直臣,东乡家,盛冈城,无,无要求,,
44,55,尼子胜久,尼子,精确匹配,lord_1_amago,Amago Katsuhisa,clan_amago_1,sanyo,精确匹配织丰,,1553,1567,1578,战死,尼子诚久,840,尼子国久,839,尼子国久 尼子诚久,全职种,17,17,普通,普通,普通,轻率,普通,67,书籍,普通,普通,源氏,刀剑,55,53,59,28,42,2,1,1,1,1,2,0,0,0,0,0,0,3,0,1,1,无,强袭，拔突，铁壁,无,一般条件,,,未登场,尼子胜久,足轻组头,陪臣（尼子诚久）,尼子家,白鹿城,无,未登场,尼子胜久,浪人,其他,无,京之町,无,未登场,尼子胜久,足轻组头,直臣,尼子家,月山富田城,无,已登场,尼子胜久,浪人,其他,无,京之町,无,已登场,尼子胜久,浪人,其他,无,京之町,无,已死亡,尼子胜久,无效,无效,无,无效,无,已死亡,尼子胜久,无效,无效,无,无效,无,已死亡,尼子胜久,无效,无效,无,无效,无,已登场,尼子胜久,浪人,其他,无,鸟取之町,无,
98,120,武将,伊东义佑,伊東義祐,姓氏推断,,75,ito,clan_ito_1,saikai,Itou Yoshisuke,,1512,1554,1585,刀剑,58,46,51,56,50,1,0,0,0,0,0,0,0,0,1,0,0,0,2,0,1,无,强袭,无,,,,,伊东祐兵 伊东满所,只限武将,71,71,普通,胆小,现实,轻率,普通,46,艺术品,贪心,普通,藤原氏,已登场,伊东义祐,大名,首领,伊东家,都于郡城,无,已登场,伊东义祐,大名,首领,伊东家,都于郡城,无,已登场,伊东义祐,大名,首领,伊东家,都于郡城,无,已登场,伊东义祐,大名,首领,伊东家,都于郡城,无,已登场,伊东义祐,大名,首领,伊东家,都于郡城,无,已登场,伊东义祐,浪人,其他,无,今治之町,无,已登场,伊东义祐,浪人,其他,无,今治之町,无,已死亡,伊东义祐,无效,无效,无,无效,无,已登场,伊东义祐,家老,直臣,东乡家,盛冈城,无,一般条件,,
45,58,尼子晴久,尼子,姓氏推断,lord_1_Ina_Tadatsugu,Amago Haruhisa,clan_amago_1,sanyo,家族和文化自动推断,,1514,1554,1560,病死,,,尼子经久,###,尼子义久 尼子国久 尼子诚久,只限武将,12,62,性急,勇敢,普通,轻率,重视情义,86,武具,贪心,普通,源氏,刀剑,69,58,54,71,35,2,2,1,1,2,0,2,0,1,0,1,0,1,1,0,0,无,强袭，刚弓,无,一般条件,,,已登场,尼子晴久,大名,首领,尼子家,月山富田城,无,已登场,尼子晴久,大名,首领,尼子家,月山富田城,无,已登场,尼子晴久,大名,首领,尼子家,月山富田城,无,已死亡,尼子晴久,无效,无效,无,无效,无,已死亡,尼子晴久,无效,无效,无,无效,无,已死亡,尼子晴久,无效,无效,无,无效,无,已死亡,尼子晴久,无效,无效,无,无效,无,已死亡,尼子晴久,无效,无效,无,无效,无,已登场,尼子晴久,浪人,其他,无,出石之町,无,
46,59,尼子义久,尼子,姓氏推断,lord_1_Inatomi_Ichimu,Amago Yoshihisa,clan_amago_1,sanyo,家族和文化自动推断,,1540,1554,1610,病死,尼子晴久,45,,,尼子晴久,没那个意思,12,62,普通,胆小,现实,普通,普通,32,艺术品,贪心,普通,源氏,刀剑,47,40,46,32,34,0,0,0,0,0,0,0,1,0,0,0,0,0,0,1,0,无,强袭,无,一般条件,,,已登场,尼子义久,家老,直臣,尼子家,月山富田城,无,已登场,尼子义久,家老,直臣,尼子家,月山富田城,无,已登场,尼子义久,家老,直臣,尼子家,月山富田城,无,已登场,尼子义久,浪人,其他,无,严岛之町,无,已登场,尼子义久,浪人,其他,无,严岛之町,无,已登场,尼子义久,浪人,其他,无,严岛之町,无,已登场,尼子义久,浪人,其他,无,严岛之町,无,已登场,尼子义久,浪人,其他,无,严岛之町,无,已登场,尼子义久,浪人,其他,无,岐阜之町,无,
47,60,天野隆重,天野,精确匹配,lord_1_amano,Amano Takashige,clan_amano_1,sanyo,精确匹配织丰,,1503,1554,1584,病死,,,,,,全职种,35,35,温和,勇敢,普通,慎重,普通,41,武具,普通,嗜酒如命,藤原氏,刀剑,66,60,33,59,52,2,2,2,0,1,1,3,0,0,0,0,0,0,0,0,1,无,强袭,无,无要求,,,已登场,天野隆重,部将,直臣,大内家,山口城,无,已登场,天野隆重,部将,直臣,大内家,山口城,无,已登场,天野隆重,侍大将,直臣,毛利家,吉田郡山城,无,已登场,天野隆重,城主,直臣,毛利家,月山富田城,无,已登场,天野隆重,部将,陪臣（吉川元春）,毛利家,月山富田城,无,已登场,天野隆重,部将,陪臣（吉川元春）,毛利家,月山富田城,无,已登场,天野隆重,部将,陪臣（吉川元长）,毛利家,月山富田城,无,已死亡,天野隆重,无效,无效,无,无效,无,已登场,天野隆重,浪人,其他,无,江户之町,无,
48,61,天野康景,天野,姓氏推断,lord_1_amano_yasukage,Amano Yasukage,clan_amano_1,sanyo,家族和文化自动推断,,1537,1554,1613,病死,,,,,,全职种,89,89,普通,普通,现实,慎重,重视情义,17,书籍,无欲,普通,藤原氏,刀剑,51,42,69,53,38,0,1,0,0,1,0,0,0,1,3,2,2,1,2,1,0,无,强袭,无,无要求,,,未登场,天野康景,足轻大将,直臣,松平家,冈崎城,无,已登场,天野康景,足轻组头,陪臣（松平元康）,今川家,骏府城,无,已登场,天野康景,足轻大将,陪臣（松平元康）,今川家,冈崎城,无,已登场,天野康景,足轻大将,直臣,德川家,冈崎城,无,已登场,天野康景,足轻大将,陪臣（德川信康）,德川家,冈崎城,无,已登场,天野康景,足轻大将,直臣,德川家,滨松城,无,已登场,天野康景,足轻大将,直臣,德川家,滨松城,无,已登场,天野康景,侍大将,直臣,德川家,江户城,无,已登场,天野康景,浪人,其他,无,骏府之町,无,
49,62,雨森弥兵卫,雨森,需新建,lord_1_amamoriyahei,Amamori Yahei,,,,,1517,1554,1573,病死,,,,,,全职种,71,71,温和,勇敢,普通,普通,普通,30,武具,无欲,普通,藤原氏,刀剑,62,71,51,49,46,1,1,1,1,1,2,1,0,1,0,0,0,1,1,1,1,无,强袭，拔突，铁壁,无,无要求,,,已登场,雨森弥兵卫,部将,直臣,浅井家,小谷城,无,已登场,雨森弥兵卫,家老,直臣,浅井家,小谷城,无,已登场,雨森弥兵卫,家老,直臣,浅井家,小谷城,无,已登场,雨森弥兵卫,家老,直臣,浅井家,小谷城,无,已死亡,雨森弥兵卫,无效,无效,无,无效,无,已死亡,雨森弥兵卫,无效,无效,无,无效,无,已死亡,雨森弥兵卫,无效,无效,无,无效,无,已死亡,雨森弥兵卫,无效,无效,无,无效,无,已登场,雨森弥兵卫,浪人,其他,无,大坂之町,无,
104,126,武将,猪苗代盛国,豬苗代盛國,精确匹配,猪苗代盛国,100,lord_1_inawashiro,clan_inawashiro_1,ou,Inawashiro Morikuni,Inawashiro Morikuni,1536,1554,1589,刀剑,51,63,32,43,42,1,1,0,0,1,1,0,1,0,1,1,1,1,1,0,1,无,强袭,无,,,,,,全职种,64,64,性急,勇敢,理想,轻率,不重情义,83,艺术品,贪心,嗜酒如命,平氏,已登场,猪苗代盛国,侍大将,直臣,芦名家,黑川城,无,已登场,猪苗代盛国,侍大将,直臣,芦名家,黑川城,无,已登场,猪苗代盛国,侍大将,直臣,芦名家,黑川城,无,已登场,猪苗代盛国,侍大将,直臣,芦名家,黑川城,无,已登场,猪苗代盛国,侍大将,直臣,芦名家,黑川城,无,已登场,猪苗代盛国,侍大将,直臣,芦名家,黑川城,无,已登场,猪苗代盛国,侍大将,直臣,芦名家,黑川城,无,已死亡,猪苗代盛国,无效,无效,无,无效,无,已登场,猪苗代盛国,上忍,直臣,根来众,根来之里,无,无要求,,
50,63,鲇贝宗重,鲇贝,需新建,lord_1_muneshige,Ayukabe Muneshige,,,,,1555,1569,1624,病死,,,,,,只限武将,64,64,温和,普通,普通,慎重,重视情义,21,武具,无欲,普通,藤原氏,刀剑,73,79,51,43,55,2,1,1,0,0,1,1,0,1,1,1,0,1,0,0,0,无,强袭,无,无要求,,,未登场,鲇贝宗重,足轻组头,直臣,伊达家,米泽城,无,未登场,鲇贝宗重,足轻组头,直臣,伊达家,米泽城,无,未登场,鲇贝宗重,足轻组头,直臣,伊达家,米泽城,无,未登场,鲇贝宗重,足轻组头,直臣,伊达家,米泽城,无,已登场,鲇贝宗重,足轻组头,直臣,伊达家,米泽城,无,已登场,鲇贝宗重,足轻组头,直臣,伊达家,米泽城,无,已登场,鲇贝宗重,部将,直臣,伊达家,米泽城,无,已登场,鲇贝宗重,部将,直臣,伊达家,仙台城,无,已登场,鲇贝宗重,头领,首领,骏河水军,清水之砦,无,
51,64,荒木氏纲,荒木,需新建,lord_1_arakishi,Araki Ujitsuna,,,,,1535,1554,1579,病死,,,,,,全职种,44,44,性急,勇敢,普通,轻率,重视情义,23,武具,无欲,普通,藤原氏,刀剑,68,76,24,30,53,1,2,2,0,2,2,0,2,0,0,0,0,1,0,0,0,无,强袭，拔突，二连苦无，刚弓，铁壁,无,无要求,,,已登场,荒木氏纲,侍大将,直臣,波多野家,八上城,无,已登场,荒木氏纲,侍大将,直臣,波多野家,八上城,无,已登场,荒木氏纲,侍大将,直臣,波多野家,八上城,无,已登场,荒木氏纲,侍大将,直臣,波多野家,八上城,无,已登场,荒木氏纲,侍大将,直臣,波多野家,八上城,无,已死亡,荒木氏纲,无效,无效,无,无效,无,已死亡,荒木氏纲,无效,无效,无,无效,无,已死亡,荒木氏纲,无效,无效,无,无效,无,已登场,荒木氏纲,浪人,其他,无,大坂之町,无,
52,65,荒木村重,荒木,需新建,lord_1_arakimurashige,Araki Murashige,,,,,1535,1554,1586,病死,,,,,,全职种,8,41,普通,胆小,理想,轻率,不重情义,82,艺术品,贪心,滴酒不沾,藤原氏,刀剑,71,69,46,69,45,2,1,2,0,0,1,2,0,1,0,1,2,2,2,4,0,无,强袭,风雅之士,一般条件,,,已登场,荒木村重,侍大将,陪臣（三好长庆）,细川家,芥川城,无,已登场,荒木村重,城主,直臣,三好家,有冈城,无,已登场,荒木村重,城主,直臣,三好家,有冈城,无,已登场,荒木村重,城主,直臣,织田家,有冈城,无,已登场,荒木村重,城主,直臣,织田家,有冈城,无,已登场,荒木村重,浪人,其他,无,堺之町,无,已登场,荒木村重,浪人,其他,无,堺之町,无,已死亡,荒木村重,无效,无效,无,无效,无,已登场,荒木村重,浪人,其他,无,温泉津之町,无,主角吕宋助左卫门，剧情流程
53,68,有马晴信,有马,精确匹配,lord_1_arima_6,Arima Harunobu,clan_arima_1,saikai,精确匹配织丰,,1567,1581,1612,病死,有马义贞,810,有马晴纯,822,大村纯忠 有马义贞 有马晴纯,全职种,10,15,性急,勇敢,理想,普通,不重情义,80,南蛮物,贪心,普通,藤原氏,刀剑,61,42,68,66,44,1,0,2,1,0,0,0,0,1,1,1,1,2,3,1,1,加护,强袭,无,一般条件,,,未登场,有马晴信,部将,陪臣（有马义贞）,有马家,日野江城,无,未登场,有马晴信,家老,直臣,龙造寺家,佐嘉城,无,未登场,有马晴信,家老,直臣,有马家,日野江城,无,未登场,有马晴信,部将,陪臣（有马义贞）,龙造寺家,日野江城,无,未登场,有马晴信,部将,陪臣（有马义贞）,龙造寺家,日野江城,无,已登场,有马晴信,城主,直臣,龙造寺家,日野江城,无,已登场,有马晴信,大名,首领,有马家,日野江城,无,已登场,有马晴信,大名,首领,有马家,日野江城,无,已登场,有马晴信,下忍,直臣,风魔众,风魔之里,无,
109,133,武将,今川氏真,今川氏真,精确匹配,今川氏真,100,lord_1_imagawa,clan_imagawa_1,tokai,Imagawa Ujizane,Imagawa Ujizane,1538,1554,1614,刀剑,13,57,62,17,40,0,0,0,0,0,1,0,0,0,1,0,0,4,0,3,1,无,强袭,无,今川义元,110,,,今川义元,全职种,79,78,温和,胆小,现实,慎重,不重情义,2,艺术品,贪心,嗜酒如命,源氏,已登场,今川氏真,部将,直臣,今川家,骏府城,新当流,已登场,今川氏真,家老,直臣,今川家,骏府城,新当流,已登场,今川氏真,家老,直臣,今川家,骏府城,新当流,已登场,今川氏真,大名,首领,今川家,曳马城,新当流,已登场,今川氏真,浪人,其他,无,小田原之町,新当流,已登场,今川氏真,浪人,其他,无,小田原之町,新当流,已登场,今川氏真,浪人,其他,无,小田原之町,新当流,已登场,今川氏真,足轻组头,直臣,德川家,江户城,新当流,已登场,今川氏真,侍大将,直臣,河尻家,水户城,新当流,一般条件,,
110,134,武将,今川义元,今川義元,姓氏推断,,50,imagawa,clan_imagawa_1,tokai,Imagawa Yoshimoto,,1519,1554,1560,弓,90,24,87,76,79,4,2,1,1,4,1,3,0,2,3,4,1,4,2,3,1,弓箭乱射，进水,刚弓，神弓，天弓，心眼，鸣弦,弓术名人,,,,,今川氏真,只限武将,48,48,温和,普通,理想,轻率,普通,72,艺术品,贪心,嗜酒如命,源氏,已登场,今川义元,大名,首领,今川家,骏府城,无,已登场,今川义元,大名,首领,今川家,骏府城,无,已登场,今川义元,大名,首领,今川家,骏府城,无,已死亡,今川义元,无效,无效,无,无效,无,已死亡,今川义元,无效,无效,无,无效,无,已死亡,今川义元,无效,无效,无,无效,无,已死亡,今川义元,无效,无效,无,无效,无,已死亡,今川义元,无效,无效,无,无效,无,已登场,今川义元,侍大将,直臣,河尻家,水户城,无,不可,,主角织田信长，桶狭间之战胜利
54,70,安国寺惠琼,安国寺,需新建,lord_1_ankokujimegumi,Ankokuji Ekei,,,,,1539,1554,1600,战死,,,,,,全职种,25,15,温和,勇敢,现实,慎重,普通,65,书籍,普通,普通,源氏,枪,34,12,72,85,71,1,0,2,1,0,0,3,1,1,1,3,2,4,3,2,4,无,拔突，伤药，止血,说客,一般条件,,,已登场,安国寺惠琼,僧侣,其他,无,严岛之町,无,已登场,安国寺惠琼,僧侣,其他,无,严岛之町,无,已登场,安国寺惠琼,僧侣,其他,无,严岛之町,无,已登场,安国寺惠琼,僧侣,其他,无,严岛之町,无,已登场,安国寺惠琼,僧侣,其他,无,严岛之町,无,已登场,安国寺惠琼,僧侣,其他,无,严岛之町,无,已登场,安国寺惠琼,僧侣,其他,无,严岛之町,无,已登场,安国寺惠琼,大名,首领,安国寺家,川之江城,无,已登场,安国寺惠琼,浪人,其他,无,厩桥之町,无,
112,136,武将,色部胜长,色部勝長,精确匹配,色部胜长,100,lord_1_irobe,clan_irobe_1,hokuriku,Irobe Katsunaga,Irobe Katsunaga,1493,1554,1568,刀剑,69,72,31,37,41,3,2,1,0,1,1,2,0,1,0,1,1,1,1,1,0,无,强袭,无,,,,,色部长实 色部显长,全职种,15,15,性急,勇敢,普通,轻率,普通,40,武具,普通,普通,平氏,已登场,色部胜长,部将,直臣,长尾家,春日山城,无,已登场,色部胜长,部将,直臣,长尾家,春日山城,无,已登场,色部胜长,家老,直臣,长尾家,春日山城,无,已登场,色部胜长,部将,直臣,上杉家,春日山城,无,已死亡,色部胜长,无效,无效,无,无效,无,已死亡,色部胜长,无效,无效,无,无效,无,已死亡,色部胜长,无效,无效,无,无效,无,已死亡,色部胜长,无效,无效,无,无效,无,已登场,色部胜长,浪人,其他,无,长滨之町,无,一般条件,,
113,137,武将,色部长实,色部長實,精确匹配,色部长实,100,lord_1_irobe_3,clan_irobe_1,hokuriku,Irobe Nagazane,Irobe Nagazane,1553,1567,1592,刀剑,44,51,40,46,53,2,1,1,0,0,0,1,0,1,0,0,0,1,1,0,0,无,强袭,无,色部胜长,112,,,色部胜长 色部显长,全职种,15,15,普通,普通,普通,普通,普通,27,书籍,普通,普通,平氏,未登场,色部长实,足轻组头,直臣,长尾家,春日山城,无,未登场,色部长实,足轻组头,陪臣（色部胜长）,长尾家,春日山城,无,未登场,色部长实,足轻组头,陪臣（色部胜长）,长尾家,春日山城,无,已登场,色部长实,足轻组头,直臣,上杉家,春日山城,无,已登场,色部长实,足轻组头,直臣,上杉家,春日山城,无,已登场,色部长实,足轻大将,直臣,上杉家,春日山城,无,已登场,色部长实,足轻大将,直臣,上杉家,春日山城,无,已死亡,色部长实,无效,无效,无,无效,无,已登场,色部长实,浪人,其他,无,长滨之町,无,无要求,,
55,72,安东高季,安东,姓氏推断,lord_1_ando_takasue,Ando Takatsune,clan_ando_1,ou,家族和文化自动推断,,1558,1572,1588,病死,,,,,,全职种,21,70,性急,勇敢,理想,轻率,不重情义,86,艺术品,贪心,嗜酒如命,其他,刀剑,58,59,52,64,36,1,1,0,0,1,1,0,0,1,0,0,1,1,1,1,1,无,强袭,无,无要求,,,未登场,安东高季,家老,直臣,安东家,桧山城,无,未登场,安东高季,部将,陪臣（安东爱季）,安东家,桧山城,无,未登场,安东高季,家老,直臣,安东家,桧山城,无,未登场,安东高季,家老,直臣,安东家,桧山城,无,已登场,安东高季,家老,直臣,安东家,桧山城,无,已登场,安东高季,家老,直臣,安东家,桧山城,无,已登场,安东高季,家老,直臣,安东家,凑城,无,已死亡,安东高季,无效,无效,无,无效,无,已登场,安东高季,足轻大将,直臣,东乡家,盛冈城,无,
115,140,武将,犬童赖安,犬童賴安,精确匹配,犬童赖安,100,lord_1_indo,clan_indo_1,saikai,Indo Yoriyasu,Indo Yoriyasu,1521,1554,1606,刀剑,76,68,43,60,44,2,0,1,1,1,1,1,0,0,0,1,1,3,1,2,1,无,强袭,无,,,,,,只限武将,51,51,普通,普通,普通,普通,普通,46,武具,无欲,滴酒不沾,藤原氏,已登场,犬童赖安,部将,直臣,相良家,人吉城,无,已登场,犬童赖安,部将,直臣,相良家,人吉城,无,已登场,犬童赖安,部将,直臣,相良家,人吉城,无,已登场,犬童赖安,部将,直臣,相良家,人吉城,无,已登场,犬童赖安,部将,直臣,相良家,人吉城,无,已登场,犬童赖安,部将,直臣,相良家,人吉城,无,已登场,犬童赖安,家老,直臣,相良家,人吉城,无,已登场,犬童赖安,家老,直臣,相良家,人吉城,无,已登场,犬童赖安,头目,首领,透波众,透波之里,无,无要求,,
116,141,武将,上杉景胜,上杉景勝,精确匹配,上杉景胜,100,lord_1_uesugi_5,clan_uesugi_1,hokuriku,Uesugi Kagekatsu,Uesugi Kagekatsu,1555,1569,1623,刀剑,81,71,82,66,83,2,2,2,1,2,1,4,0,2,2,3,2,1,1,2,1,车悬，毘沙门天,强袭，刚弓,无,长尾政景,528,,,长尾政景,只限武将,11,15,性急,勇敢,理想,慎重,重视情义,90,书籍,无欲,滴酒不沾,藤原氏,未登场,上杉景胜,部将,直臣,长尾家,春日山城,无,未登场,上杉景胜,侍大将,陪臣（长尾政景）,长尾家,春日山城,无,未登场,上杉景胜,部将,直臣,长尾家,春日山城,无,未登场,上杉景胜,部将,直臣,上杉家,春日山城,无,已登场,上杉景胜,部将,直臣,上杉家,春日山城,无,已登场,上杉景胜,大名,首领,上杉家,春日山城,无,已登场,上杉景胜,大名,首领,上杉家,春日山城,无,已登场,上杉景胜,大名,首领,上杉家,会津若松城,无,已登场,上杉景胜,家老,直臣,上泉家,内城,无,一般条件,,
117,142,武将,上杉景虎,上杉景虎,姓氏推断,,75,uesugi_kagetora,clan_uesugi_1,hokuriku,Uesugi Kagetora,,1552,1568,1579,刀剑,64,63,51,67,53,1,2,1,0,1,1,2,0,0,0,1,2,0,1,1,0,狮子奋迅,强袭,无,北条氏康,630,(北条氏纲),1323,北条氏邦 北条氏繁 北条氏照 北条氏直 北条氏规 北条氏政 北条氏康,全职种,15,80,普通,普通,普通,轻率,普通,74,艺术品,普通,普通,平氏,未登场,北条三郎,部将,直臣,北条家,小田原城,无,未登场,北条三郎,侍大将,直臣,北条家,小田原城,无,未登场,北条三郎,部将,直臣,北条家,小田原城,无,已登场,北条三郎,部将,直臣,北条家,小田原城,无,已登场,上杉景虎,部将,直臣,上杉家,春日山城,无,已死亡,上杉景虎,无效,无效,无,无效,无,已死亡,上杉景虎,无效,无效,无,无效,无,已死亡,上杉景虎,无效,无效,无,无效,无,已登场,上杉景虎,中忍,直臣,伊贺众,伊贺之里,无,一般条件,,
118,143,武将,上杉景信,上杉景信,姓氏推断,,75,uesugi_kagenobu,clan_uesugi_1,hokuriku,Uesugi Kagenobu,,1527,1554,1578,刀剑,60,33,66,61,57,1,1,1,0,0,1,1,0,1,2,2,1,0,0,0,1,无,强袭,无,,,,,,只限武将,14,14,普通,普通,普通,慎重,普通,25,书籍,无欲,普通,藤原氏,已登场,上杉景信,部将,直臣,长尾家,春日山城,无,已登场,长尾景信,部将,直臣,长尾家,春日山城,无,已登场,长尾景信,部将,直臣,长尾家,春日山城,无,已登场,上杉景信,部将,直臣,上杉家,春日山城,无,已登场,上杉景信,部将,直臣,上杉家,春日山城,无,已死亡,上杉景信,无效,无效,无,无效,无,已死亡,上杉景信,无效,无效,无,无效,无,已死亡,上杉景信,无效,无效,无,无效,无,已登场,上杉景信,家老,直臣,上泉家,内城,无,无要求,,
119,144,武将,上杉谦信,上杉謙信,精确匹配,上杉谦信,100,lord_1_uesugi,clan_uesugi_1,hokuriku,Uesugi Kenshin,Uesugi Kenshin,1530,1554,1578,刀剑,100,90,63,79,92,4,4,2,1,2,4,4,1,2,3,4,2,4,2,2,2,强行突破，车悬，城门爆破，毘沙门天,强袭，连续斩，拔突，刚弓，当身，刚力，铁壁,剑客，军师,,,,,,只限武将,15,15,性急,勇敢,理想,轻率,重视情义,89,武具,无欲,普通,藤原氏,已登场,长尾景虎,大名,首领,长尾家,春日山城,无,已登场,长尾景虎,大名,首领,长尾家,春日山城,无,已登场,长尾景虎,大名,首领,长尾家,春日山城,无,已登场,上杉谦信,大名,首领,上杉家,春日山城,无,已登场,上杉谦信,大名,首领,上杉家,春日山城,无,已死亡,上杉谦信,无效,无效,无,无效,无,已死亡,上杉谦信,无效,无效,无,无效,无,已死亡,上杉谦信,无效,无效,无,无效,无,已登场,上杉谦信,家老,直臣,上泉家,内城,无,不可,,"主角上杉景胜，御馆之乱
主角柴田胜家，手取川之战胜利"
56,73,安东爱季,安东,精确匹配,lord_1_ando,Ando Chikasue,clan_ando_1,ou,精确匹配织丰,,1539,1554,1587,病死,,,,,秋田实季,全职种,21,21,温和,普通,普通,慎重,普通,38,书籍,贪心,普通,其他,刀剑,75,61,79,72,78,1,1,1,0,1,1,1,0,1,1,0,2,1,1,1,0,无,强袭,无,无要求,,,已登场,安东爱季,大名,首领,安东家,桧山城,无,已登场,安东爱季,大名,首领,安东家,桧山城,无,已登场,安东爱季,大名,首领,安东家,桧山城,无,已登场,安东爱季,大名,首领,安东家,桧山城,无,已登场,安东爱季,大名,首领,安东家,桧山城,无,已登场,安东爱季,大名,首领,安东家,桧山城,无,已登场,安东爱季,大名,首领,安东家,凑城,无,已死亡,安东爱季,无效,无效,无,无效,无,已登场,安东爱季,足轻大将,直臣,东乡家,盛冈城,无,
57,74,安藤直次,安藤,需新建,lord_1_andounaoji,Ando Naotsugu,,,,,1555,1569,1635,病死,,,,,,只限武将,90,90,温和,胆小,现实,慎重,重视情义,19,书籍,无欲,普通,其他,刀剑,50,43,71,53,54,2,1,0,0,0,0,0,0,1,3,1,1,1,2,1,1,无,强袭,无,无要求,,,未登场,安藤直次,浪人,其他,无,冈崎之町,无,未登场,安藤直次,足轻组头,陪臣（松平元康）,今川家,骏府城,无,未登场,安藤直次,足轻组头,陪臣（松平元康）,今川家,冈崎城,无,未登场,安藤直次,足轻组头,直臣,德川家,冈崎城,无,已登场,安藤直次,足轻组头,直臣,德川家,滨松城,无,已登场,安藤直次,足轻组头,直臣,德川家,滨松城,无,已登场,安藤直次,足轻组头,直臣,德川家,滨松城,无,已登场,安藤直次,足轻大将,直臣,德川家,江户城,无,已登场,安藤直次,浪人,其他,无,鸟取之町,无,
58,75,安藤守就,安藤,需新建,lord_1_andoumorinari,Ando Morinari,,,,,1516,1554,1582,战死,,,,,,全职种,40,15,普通,普通,普通,慎重,普通,56,武具,普通,普通,其他,刀剑,62,50,63,71,57,2,1,1,0,1,0,1,0,0,2,1,0,1,0,1,0,无,强袭,无,一般条件,,,已登场,安藤守就,城主,直臣,斋藤家,大垣城,无,已登场,安藤守就,城主,直臣,斋藤家,大垣城,无,已登场,安藤守就,城主,直臣,斋藤家,大垣城,无,已登场,安藤守就,城主,直臣,织田家,大垣城,无,已登场,安藤守就,城主,直臣,织田家,大垣城,无,已登场,安藤守就,浪人,其他,无,岐阜之町,无,已死亡,安藤守就,无效,无效,无,无效,无,已死亡,安藤守就,无效,无效,无,无效,无,已登场,安藤守就,浪人,其他,无,博多之町,无,
123,149,武将,宇喜多忠家,宇喜多忠家,精确匹配,宇喜多忠家,100,lord_1_ukita_6,clan_ukita_1,sanyo,Ukita Tadaie,Ukita Tadaie,1536,1554,1609,刀剑,71,54,63,69,64,1,0,1,0,1,1,1,0,2,1,1,2,1,1,2,2,无,强袭,无,(宇喜多兴家),1307,,,宇喜多直家 宇喜多秀家 坂崎直盛,全职种,15,15,温和,普通,现实,慎重,普通,23,书籍,普通,普通,其他,未登场,宇喜多忠家,侍大将,陪臣（宇喜多直家）,浦上家,天神山城,无,已登场,宇喜多忠家,侍大将,陪臣（宇喜多直家）,浦上家,天神山城,无,已登场,宇喜多忠家,侍大将,陪臣（宇喜多直家）,浦上家,天神山城,无,已登场,宇喜多忠家,侍大将,陪臣（宇喜多直家）,浦上家,天神山城,无,已登场,宇喜多忠家,侍大将,陪臣（宇喜多直家）,浦上家,冈山城,无,已登场,宇喜多忠家,家老,直臣,宇喜多家,冈山城,无,已登场,宇喜多忠家,家老,直臣,宇喜多家,冈山城,无,已登场,宇喜多忠家,家老,直臣,宇喜多家,冈山城,无,已登场,宇喜多忠家,浪人,其他,无,松江之町,无,无要求,,
124,150,武将,宇喜多直家,宇喜多直家,精确匹配,宇喜多直家,100,lord_1_ukita,clan_ukita_1,sanyo,Ukita Naoie,Ukita Naoie,1529,1554,1581,刀剑,86,61,78,97,88,2,3,2,2,2,1,3,3,2,1,1,3,1,4,1,2,鬼谋，威吓，刺杀,强袭，二连苦无，半月，刚弓，丢钱,策士，雄辩,(宇喜多兴家),1307,,,宇喜多忠家 宇喜多秀家 坂崎直盛,只限武将,15,15,普通,普通,现实,慎重,不重情义,96,艺术品,贪心,普通,其他,已登场,宇喜多直家,家老,直臣,浦上家,天神山城,无,已登场,宇喜多直家,家老,直臣,浦上家,天神山城,无,已登场,宇喜多直家,家老,直臣,浦上家,天神山城,无,已登场,宇喜多直家,家老,直臣,浦上家,天神山城,无,已登场,宇喜多直家,国主,直臣,浦上家,冈山城,无,已死亡,宇喜多直家,无效,无效,无,无效,无,已死亡,宇喜多直家,无效,无效,无,无效,无,已死亡,宇喜多直家,无效,无效,无,无效,无,已登场,宇喜多直家,浪人,其他,无,金泽之町,无,一般条件,宇喜多三老 冈家利/长船贞亲/户川秀安,
59,76,安藤良整,安藤,需新建,lord_1_andouryousei,Ando Yoshinari,,,,,1520,1554,1589,病死,,,,,,全职种,90,90,温和,胆小,现实,慎重,普通,31,书籍,无欲,滴酒不沾,藤原氏,刀剑,41,28,76,54,64,0,1,0,0,1,0,1,0,2,3,3,2,2,2,0,2,无,强袭,无,无要求,,,已登场,安藤良整,侍大将,直臣,北条家,小田原城,无,已登场,安藤良整,侍大将,直臣,北条家,小田原城,无,已登场,安藤良整,侍大将,直臣,北条家,小田原城,无,已登场,安藤良整,侍大将,直臣,北条家,小田原城,无,已登场,安藤良整,侍大将,直臣,北条家,小田原城,无,已登场,安藤良整,侍大将,直臣,北条家,小田原城,无,已登场,安藤良整,侍大将,直臣,北条家,小田原城,无,已死亡,安藤良整,无效,无效,无,无效,无,已登场,安藤良整,浪人,其他,无,鸟取之町,无,
60,128,饭尾连龙,饭尾,需新建,lord_1_Uku_Sumisada,Iio Tsuratatsu,,,,,1526,1554,1565,战死,,,,,,全职种,48,48,普通,胆小,现实,普通,不重情义,66,南蛮物,贪心,普通,其他,刀剑,36,47,48,29,36,1,0,1,0,0,0,0,0,0,0,0,2,2,1,1,1,无,强袭,无,无要求,,,已登场,饭尾连龙,城主,直臣,今川家,曳马城,无,已登场,饭尾连龙,城主,直臣,今川家,曳马城,无,已登场,饭尾连龙,城主,直臣,今川家,曳马城,无,已死亡,饭尾连龙,无效,无效,无,无效,无,已死亡,饭尾连龙,无效,无效,无,无效,无,已死亡,饭尾连龙,无效,无效,无,无效,无,已死亡,饭尾连龙,无效,无效,无,无效,无,已死亡,饭尾连龙,无效,无效,无,无效,无,已登场,饭尾连龙,下忍,直臣,甲贺众,甲贺之里,无,
61,78,饭田觉兵卫,饭田,需新建,lord_1_Uku_Sungen,Iida Kakubee,,,,,1572,1586,1632,病死,,,,,,全职种,15,15,性急,勇敢,普通,普通,普通,44,武具,普通,嗜酒如命,其他,刀剑,57,59,24,31,41,1,2,1,0,2,3,1,1,1,0,0,0,0,0,0,0,无,强袭，连续斩，拔突，刚弓，刚力，铁壁,无,无要求,,,未登场,饭田觉兵卫,浪人,其他,无,清洲之町,无,未登场,饭田觉兵卫,浪人,其他,无,清洲之町,无,未登场,饭田觉兵卫,浪人,其他,无,清洲之町,无,未登场,饭田觉兵卫,浪人,其他,无,清洲之町,无,未登场,饭田觉兵卫,浪人,其他,无,清洲之町,无,未登场,饭田觉兵卫,浪人,其他,无,清洲之町,无,未登场,饭田觉兵卫,足轻组头,陪臣（加藤清正）,羽柴家,石山本愿寺,无,已登场,饭田觉兵卫,部将,直臣,加藤家,熊本城,无,已登场,饭田觉兵卫,浪人,其他,无,仓敷之町,无,
62,80,井伊直政,井伊,精确匹配,lord_1_ii_3,Ii Naomasa,clan_ii_1,tokai,精确匹配织丰,,1561,1575,1602,病死,,,,,井伊直孝,只限武将,86,86,普通,勇敢,理想,普通,重视情义,32,武具,无欲,嗜酒如命,源氏,枪,79,81,78,71,74,3,3,2,1,2,3,2,0,2,2,1,0,1,1,1,0,三河武者,强袭，连续斩，拔突，粘花，刚弓，卷枪，引落，柄返，刚力，铁壁,无,一般条件,,,未登场,井伊直政,足轻大将,陪臣（朝比奈泰朝）,今川家,高天神城,无,未登场,井伊直政,足轻大将,陪臣（松平元康）,今川家,骏府城,无,未登场,井伊直政,足轻组头,陪臣（松平元康）,今川家,冈崎城,无,未登场,井伊直政,足轻大将,直臣,德川家,冈崎城,无,已登场,井伊直政,足轻大将,直臣,德川家,滨松城,无,已登场,井伊直政,侍大将,直臣,德川家,滨松城,无,已登场,井伊直政,侍大将,直臣,德川家,滨松城,无,已登场,井伊直政,城主,直臣,德川家,箕轮城,无,已登场,井伊直政,浪人,其他,无,严岛之町,无,
129,156,武将,氏家卜全,氏家卜全,姓氏推断,,50,ujiie_bokuzen,clan_ujiie_1,ou,Ujiie Bokuzen,,1517,1554,1571,刀剑,65,58,52,47,55,1,2,1,0,0,0,2,0,0,0,1,0,2,1,0,0,无,强袭,无,,,,,氏家行广,全职种,10,30,普通,胆小,普通,轻率,不重情义,56,艺术品,普通,普通,藤原氏,已登场,氏家卜全,部将,陪臣（稻叶一铁）,斋藤家,曾根城,无,已登场,氏家卜全,部将,直臣,斋藤家,稻叶山城,无,已登场,氏家卜全,部将,陪臣（稻叶一铁）,斋藤家,曾根城,无,已登场,氏家卜全,部将,陪臣（稻叶一铁）,织田家,曾根城,无,已死亡,氏家卜全,无效,无效,无,无效,无,已死亡,氏家卜全,无效,无效,无,无效,无,已死亡,氏家卜全,无效,无效,无,无效,无,已死亡,氏家卜全,无效,无效,无,无效,无,已登场,氏家卜全,浪人,其他,无,京之町,无,一般条件,,
130,157,武将,氏家光氏,氏家光氏,姓氏推断,,75,ujiie_hikarishi,clan_ujiie_1,ou,Ujiie Mitsuuji,,1565,1579,1623,刀剑,66,54,27,53,41,2,1,1,0,1,1,2,0,1,0,0,0,0,2,0,0,无,强袭,无,,,,,,全职种,50,50,普通,胆小,普通,轻率,普通,49,书籍,普通,普通,藤原氏,未登场,氏家光氏,足轻组头,直臣,最上家,山形城,无,未登场,氏家光氏,足轻组头,陪臣（氏家守栋）,最上家,山形城,无,未登场,氏家光氏,足轻组头,直臣,最上家,山形城,无,未登场,氏家光氏,足轻组头,直臣,最上家,山形城,无,未登场,氏家光氏,足轻组头,直臣,最上家,山形城,无,已登场,氏家光氏,足轻组头,直臣,最上家,山形城,无,已登场,氏家光氏,足轻组头,直臣,最上家,山形城,无,已登场,氏家光氏,部将,直臣,最上家,山形城,无,已登场,氏家光氏,浪人,其他,无,鸣门之町,无,无要求,,
131,158,武将,氏家守栋,氏家守棟,精确匹配,氏家守栋,100,lord_1_ujiie,clan_ujiie_1,ou,Ujiie Morimune,Ujiie Morimune,1534,1554,1591,刀剑,50,52,60,80,77,1,1,1,0,0,0,3,0,0,0,0,1,2,3,1,1,无,强袭,无,,,,,,全职种,50,50,普通,胆小,普通,普通,不重情义,82,武具,贪心,普通,藤原氏,已登场,氏家守栋,侍大将,直臣,最上家,山形城,无,已登场,氏家守栋,侍大将,直臣,最上家,山形城,无,已登场,氏家守栋,侍大将,直臣,最上家,山形城,无,已登场,氏家守栋,侍大将,直臣,最上家,山形城,无,已登场,氏家守栋,侍大将,直臣,最上家,山形城,无,已登场,氏家守栋,部将,直臣,最上家,山形城,无,已登场,氏家守栋,部将,直臣,最上家,山形城,无,已死亡,氏家守栋,无效,无效,无,无效,无,已登场,氏家守栋,浪人,其他,无,鹿儿岛之町,无,无要求,,
132,159,武将,氏家行广,氏家行廣,姓氏推断,,50,ujiie_gyougen,clan_ujiie_1,ou,Ujiie Yukihiro,,1546,1560,1615,刀剑,46,51,43,34,53,0,1,1,0,1,1,1,0,0,1,1,0,1,0,0,1,无,强袭,无,氏家卜全,129,,,氏家卜全,全职种,20,20,普通,普通,普通,普通,普通,54,艺术品,普通,普通,藤原氏,未登场,氏家行广,足轻组头,陪臣（氏家卜全）,斋藤家,曾根城,无,未登场,氏家行广,足轻组头,陪臣（氏家卜全）,斋藤家,稻叶山城,无,已登场,氏家行广,足轻组头,陪臣（稻叶一铁）,斋藤家,曾根城,无,已登场,氏家行广,足轻组头,陪臣（稻叶一铁）,织田家,曾根城,无,已登场,氏家行广,足轻组头,陪臣（稻叶一铁）,织田家,曾根城,无,已登场,氏家行广,足轻大将,陪臣（稻叶一铁）,织田家,曾根城,无,已登场,氏家行广,部将,直臣,羽柴家,石山本愿寺,无,已登场,氏家行广,城主,直臣,丰臣家,大河内城,无,已登场,氏家行广,浪人,其他,无,温泉津之町,无,无要求,,
63,81,伊贺崎道顺,伊贺,需新建,lord_1_imichi,Igasaki Doshun,,,,,1539,1554,1599,病死,,,,,,武将以外优先,80,80,温和,普通,普通,轻率,重视情义,48,艺术品,无欲,普通,其他,火绳枪,71,68,19,57,27,3,1,3,0,2,3,1,4,0,0,0,0,0,2,0,3,鬼谋，雾隐之术，刺杀，雷爆之术，伪情报,强袭，连续斩，拔突，二连苦无，半月，急所击，二挺击，刚弓，刚力，铁壁，分身之术，伤药,无,无要求,,,未登场,伊贺崎道顺,中忍,直臣,伊贺众,伊贺之里,无,已登场,伊贺崎道顺,上忍,直臣,伊贺众,伊贺之里,无,已登场,伊贺崎道顺,上忍,直臣,伊贺众,伊贺之里,无,已登场,伊贺崎道顺,上忍,直臣,伊贺众,伊贺之里,无,已登场,伊贺崎道顺,上忍,直臣,伊贺众,伊贺之里,无,已登场,伊贺崎道顺,上忍,直臣,伊贺众,伊贺之里,无,已登场,伊贺崎道顺,上忍,直臣,伊贺众,伊贺之里,无,已登场,伊贺崎道顺,头目,首领,伊贺众,伊贺之里,无,已登场,伊贺崎道顺,浪人,其他,无,滨松之町,无,
64,82,伊木忠次,伊木,需新建,lord_1_ikitadatsugu,Igi Tadatsugu,,,,,1570,1584,1616,病死,,,,,,只限武将,10,10,普通,普通,现实,普通,普通,40,武具,普通,嗜酒如命,其他,刀剑,56,30,51,43,39,1,2,0,1,0,0,0,0,0,1,1,0,0,0,1,1,无,强袭,无,无要求,,,未登场,伊木忠次,浪人,其他,无,清洲之町,无,未登场,伊木忠次,足轻组头,陪臣（松平元康）,今川家,冈崎城,无,未登场,伊木忠次,浪人,其他,无,清洲之町,无,未登场,伊木忠次,浪人,其他,无,清洲之町,无,未登场,伊木忠次,浪人,其他,无,清洲之町,无,未登场,伊木忠次,浪人,其他,无,清洲之町,无,已登场,伊木忠次,足轻大将,陪臣（池田恒兴）,羽柴家,大垣城,无,已登场,伊木忠次,部将,直臣,池田家,吉田城,无,已登场,伊木忠次,浪人,其他,无,奈良之町,无,
135,163,武将,宇都宫国纲,宇都宮國綱,精确匹配,宇都宫国纲,100,lord_1_utsunomiya_2,clan_utsunomiya_1,kanto,Utsunomiya Kunitsuna,Utsunomiya Kunitsuna,1568,1582,1607,刀剑,35,31,52,48,54,1,0,0,0,2,0,0,1,0,0,0,0,1,1,0,0,无,强袭，刚弓,无,宇都宫广纲,136,佐竹义昭,346,芦名盛重 宇都宫广纲 佐竹义昭 佐竹义重,全职种,31,31,普通,胆小,理想,轻率,普通,74,艺术品,贪心,滴酒不沾,藤原氏,未登场,宇都宫国纲,家老,直臣,宇都宫家,宇都宫城,无,未登场,宇都宫国纲,部将,陪臣（宇都宫广纲）,宇都宫家,宇都宫城,无,未登场,宇都宫国纲,家老,直臣,宇都宫家,宇都宫城,无,未登场,宇都宫国纲,家老,直臣,宇都宫家,宇都宫城,无,未登场,宇都宫国纲,家老,直臣,宇都宫家,宇都宫城,无,已登场,宇都宫国纲,大名,首领,宇都宫家,宇都宫城,无,已登场,宇都宫国纲,大名,首领,宇都宫家,宇都宫城,无,已登场,宇都宫国纲,浪人,其他,无,长船之町,无,已登场,宇都宫国纲,浪人,其他,无,安土之町,无,无要求,,
136,164,武将,宇都宫广纲,宇都宮廣綱,精确匹配,宇都宫广纲,100,lord_1_utsunomiya,clan_utsunomiya_1,kanto,Utsunomiya Hirotsuna,Utsunomiya Hirotsuna,1543,1560,1580,刀剑,42,24,62,64,52,0,0,0,0,0,0,1,3,1,1,1,0,1,1,0,0,幻惑之术，内讧之术,强袭，二连苦无，半月,无,,,,,宇都宫国纲,全职种,31,31,普通,胆小,普通,轻率,不重情义,66,艺术品,贪心,普通,藤原氏,已登场,宇都宫广纲,大名,首领,宇都宫家,宇都宫城,无,已登场,宇都宫广纲,大名,首领,宇都宫家,宇都宫城,无,已登场,宇都宫广纲,大名,首领,宇都宫家,宇都宫城,无,已登场,宇都宫广纲,大名,首领,宇都宫家,宇都宫城,无,已登场,宇都宫广纲,大名,首领,宇都宫家,宇都宫城,无,已死亡,宇都宫广纲,无效,无效,无,无效,无,已死亡,宇都宫广纲,无效,无效,无,无效,无,已死亡,宇都宫广纲,无效,无效,无,无效,无,已登场,宇都宫广纲,浪人,其他,无,今治之町,无,无要求,,
65,83,池田惣左卫门,池田,姓氏推断,lord_1_ikeda_souhidari,Ikeda Nagai,clan_ikeda_1,kinai,家族和文化自动推断,,1551,1565,1621,病死,,,,,,武将以外优先,50,99,温和,勇敢,现实,慎重,普通,65,艺术品,贪心,普通,其他,枪,34,26,58,64,73,0,0,1,1,0,0,1,0,1,1,2,4,2,3,2,2,无,拔突，丢钱，贿赂，大宴宾客,风雅之士,无要求,,,未登场,池田惣左卫门,浪人,其他,无,酒田之町,无,未登场,池田惣左卫门,浪人,其他,无,酒田之町,无,已登场,池田惣左卫门,当家,首领,镫屋,酒田之町,无,已登场,池田惣左卫门,当家,首领,镫屋,酒田之町,无,已登场,池田惣左卫门,当家,首领,镫屋,酒田之町,无,已登场,池田惣左卫门,当家,首领,镫屋,酒田之町,无,已登场,池田惣左卫门,当家,首领,镫屋,酒田之町,无,已登场,池田惣左卫门,当家,首领,镫屋,酒田之町,无,已登场,池田惣左卫门,头领,首领,五岛水军,江川之砦,无,
66,84,池田恒兴,池田,精确匹配,lord_1_ikeda,Ikeda Tsuneoki,clan_ikeda_1,tosan,精确匹配织丰,,1536,1560,1584,战死,,,,,池田辉政 池田元助,只限武将,0,0,温和,胆小,现实,轻率,重视情义,25,武具,无欲,普通,源氏,枪,61,57,51,52,49,1,1,1,0,1,1,0,1,1,1,1,1,1,1,2,0,无,拔突,无,一般条件,,,未登场,池田恒兴,足轻大将,直臣,织田家,那古野城,无,已登场,池田恒兴,足轻组头,直臣,织田家,清洲城,无,已登场,池田恒兴,部将,直臣,织田家,清洲城,无,已登场,池田恒兴,部将,直臣,织田家,岐阜城,无,已登场,池田恒兴,部将,直臣,织田家,岐阜城,无,已登场,池田恒兴,城主,直臣,织田家,伊丹城,无,已登场,池田恒兴,国主,直臣,羽柴家,大垣城,无,已死亡,池田恒兴,无效,无效,无,无效,无,已登场,池田恒兴,船头,直臣,五岛水军,江川之砦,无,
67,85,池田辉政,池田,精确匹配,lord_1_ikeda_5,Ikeda Terumasa,clan_ikeda_1,tosan,精确匹配织丰,,1564,1578,1613,病死,池田恒兴,66,,,池田恒兴 池田元助,只限武将,98,98,性急,勇敢,普通,轻率,普通,66,南蛮物,贪心,嗜酒如命,源氏,枪,67,75,70,58,69,2,1,2,0,1,1,1,0,2,1,1,1,1,1,2,0,无,拔突,无,一般条件,,,未登场,池田辉政,足轻组头,陪臣（池田恒兴）,织田家,那古野城,无,未登场,池田辉政,足轻组头,陪臣（池田恒兴）,织田家,清洲城,无,未登场,池田辉政,足轻组头,陪臣（池田恒兴）,织田家,清洲城,无,未登场,池田辉政,足轻组头,陪臣（池田恒兴）,织田家,岐阜城,无,未登场,池田辉政,足轻组头,陪臣（池田恒兴）,织田家,岐阜城,无,已登场,池田辉政,足轻大将,陪臣（池田恒兴）,织田家,伊丹城,无,已登场,池田辉政,部将,陪臣（池田恒兴）,羽柴家,大垣城,无,已登场,池田辉政,大名,首领,池田家,吉田城,无,已登场,池田辉政,水夫头,直臣,五岛水军,江川之砦,无,
140,171,武将,浦上宗景,浦上宗景,精确匹配,浦上宗景,100,lord_1_uragami,clan_uragami_1,sanyo,Uragami Munekage,Uragami Munekage,1514,1554,1577,刀剑,34,24,51,41,37,1,1,0,0,1,0,0,0,1,1,0,0,3,0,0,0,无,强袭,无,,,,,,全职种,60,60,普通,胆小,普通,慎重,不重情义,62,书籍,贪心,普通,其他,已登场,浦上宗景,大名,首领,浦上家,天神山城,无,已登场,浦上宗景,大名,首领,浦上家,天神山城,无,已登场,浦上宗景,大名,首领,浦上家,天神山城,无,已登场,浦上宗景,大名,首领,浦上家,天神山城,无,已登场,浦上宗景,大名,首领,浦上家,天神山城,无,已死亡,浦上宗景,无效,无效,无,无效,无,已死亡,浦上宗景,无效,无效,无,无效,无,已死亡,浦上宗景,无效,无效,无,无效,无,已登场,浦上宗景,头领,首领,相模水军,三崎之砦,无,一般条件,,
141,172,武将,上井觉兼,上井覺兼,精确匹配,上井觉兼,100,lord_1_uwai_2,clan_uwai_1,saikai,Uwai Kakuken,Uwai Kakuken,1545,1559,1589,刀剑,61,57,72,60,42,1,1,1,0,0,1,2,0,1,2,2,1,3,2,2,2,无,强袭,无,,,,,,全职种,27,27,温和,普通,普通,慎重,普通,36,书籍,普通,普通,其他,未登场,上井觉兼,侍大将,直臣,岛津家,内城,无,未登场,上井觉兼,足轻大将,直臣,岛津家,内城,无,已登场,上井觉兼,侍大将,直臣,岛津家,内城,无,已登场,上井觉兼,侍大将,直臣,岛津家,内城,无,已登场,上井觉兼,侍大将,直臣,岛津家,内城,无,已登场,上井觉兼,侍大将,直臣,岛津家,内城,无,已登场,上井觉兼,侍大将,直臣,岛津家,内城,无,已死亡,上井觉兼,无效,无效,无,无效,无,已登场,上井觉兼,家老,直臣,上泉家,内城,无,无要求,,
68,86,池田元助,池田,精确匹配,lord_1_ikeda_4,Ikeda Motosuke,clan_ikeda_1,tosan,精确匹配织丰,,1559,1573,1584,战死,池田恒兴,66,,,池田恒兴 池田辉政,只限武将,99,99,性急,勇敢,理想,轻率,重视情义,55,书籍,普通,普通,源氏,枪,60,69,43,50,71,1,2,1,1,1,2,2,0,0,0,0,0,1,0,2,0,无,强袭，拔突，铁壁,无,无要求,,,未登场,池田元助,足轻组头,陪臣（池田恒兴）,织田家,那古野城,无,未登场,池田元助,足轻组头,陪臣（池田恒兴）,织田家,清洲城,无,未登场,池田元助,足轻组头,陪臣（池田恒兴）,织田家,清洲城,无,未登场,池田元助,足轻组头,陪臣（池田恒兴）,织田家,岐阜城,无,已登场,池田元助,足轻组头,陪臣（池田恒兴）,织田家,岐阜城,无,已登场,池田元助,足轻大将,陪臣（池田恒兴）,织田家,伊丹城,无,已登场,池田元助,部将,陪臣（池田恒兴）,羽柴家,大垣城,无,已死亡,池田元助,无效,无效,无,无效,无,已登场,池田元助,水夫头,直臣,五岛水军,江川之砦,无,
69,87,池赖和,池,需新建,lord_1_ike,Ike Yorikazu,,,,,1540,1554,1593,战死,,,,,,全职种,88,88,性急,普通,普通,轻率,普通,50,艺术品,贪心,嗜酒如命,其他,刀剑,61,66,23,51,56,1,0,2,3,1,1,0,1,0,0,1,1,0,0,1,0,水上拖延,强袭,无,无要求,,,已登场,池赖和,头领,首领,土佐水军,十市之砦,无,已登场,池赖和,头领,首领,土佐水军,十市之砦,无,已登场,池赖和,头领,首领,土佐水军,十市之砦,无,已登场,池赖和,头领,首领,土佐水军,十市之砦,无,已登场,池赖和,头领,首领,土佐水军,十市之砦,无,已登场,池赖和,头领,首领,土佐水军,十市之砦,无,已登场,池赖和,头领,首领,土佐水军,十市之砦,无,已死亡,池赖和,无效,无效,无,无效,无,已登场,池赖和,船头,直臣,五岛水军,江川之砦,无,
70,88,生驹亲正,生驹,需新建,lord_1_namasei,Ikoma Chikamasa,,,,,1526,1554,1603,病死,,,,,,全职种,5,5,普通,普通,现实,普通,普通,24,艺术品,贪心,普通,藤原氏,刀剑,33,37,51,57,59,1,1,0,1,0,0,0,0,0,1,0,0,0,1,1,0,无,强袭,无,无要求,,,已登场,生驹亲正,足轻大将,直臣,斋藤家,稻叶山城,无,已登场,生驹亲正,足轻组头,直臣,织田家,清洲城,无,已登场,生驹亲正,足轻大将,直臣,织田家,清洲城,无,已登场,生驹亲正,足轻大将,直臣,织田家,岐阜城,无,已登场,生驹亲正,足轻大将,直臣,织田家,岐阜城,无,已登场,生驹亲正,侍大将,直臣,织田家,安土城,无,已登场,生驹亲正,侍大将,直臣,羽柴家,石山本愿寺,无,已登场,生驹亲正,大名,首领,生驹家,高松城,无,已登场,生驹亲正,浪人,其他,无,鹿儿岛之町,无,
71,89,石川昭光,石川,需新建,lord_1_ishikawaakimitsu,Ishikawa Akimitsu,,,,,1550,1564,1622,病死,伊达晴宗,465,伊达稙宗,463,伊达实元 伊达成实 伊达稙宗 伊达辉宗 伊达晴宗 伊达政宗 留守政景 亘理元宗 伊达小次郎,全职种,64,11,性急,勇敢,普通,轻率,普通,70,艺术品,贪心,普通,源氏,刀剑,47,44,48,51,34,1,0,0,0,0,0,0,0,0,0,0,1,0,0,0,1,无,强袭,无,无要求,,,未登场,石川昭光,足轻组头,直臣,伊达家,米泽城,无,未登场,石川昭光,足轻组头,直臣,伊达家,米泽城,无,已登场,石川昭光,足轻组头,直臣,伊达家,米泽城,无,已登场,石川昭光,足轻组头,直臣,伊达家,米泽城,无,已登场,石川昭光,足轻组头,直臣,伊达家,米泽城,无,已登场,石川昭光,足轻组头,直臣,伊达家,米泽城,无,已登场,石川昭光,足轻组头,直臣,伊达家,米泽城,无,已登场,石川昭光,侍大将,直臣,伊达家,仙台城,无,已登场,石川昭光,足轻组头,直臣,河尻家,水户城,无,
72,90,石川数正,石川,需新建,lord_1_ishikawakazumasa,Ishikawa Kazumasa,,,,,1535,1554,1592,病死,,,,,,只限武将,90,15,温和,胆小,现实,慎重,普通,46,南蛮物,无欲,滴酒不沾,源氏,刀剑,55,41,81,83,78,0,0,1,0,1,0,2,0,2,3,2,3,1,3,2,2,无,强袭，丢钱,雄辩,一般条件,,,已登场,石川数正,部将,直臣,松平家,冈崎城,无,已登场,石川数正,足轻组头,陪臣（松平元康）,今川家,骏府城,无,已登场,石川数正,部将,陪臣（松平元康）,今川家,冈崎城,无,已登场,石川数正,部将,直臣,德川家,冈崎城,无,已登场,石川数正,部将,直臣,德川家,滨松城,无,已登场,石川数正,家老,直臣,德川家,滨松城,无,已登场,石川数正,家老,直臣,德川家,滨松城,无,已死亡,石川数正,无效,无效,无,无效,无,已登场,石川数正,足轻组头,直臣,河尻家,水户城,无,
73,91,石川五右卫门,石川,需新建,lord_1_ishikawagomigi,Ishikawa Goemon,,,,,1541,1555,1594,战死,,,,,,武将以外优先,55,55,性急,勇敢,理想,轻率,不重情义,90,南蛮物,贪心,嗜酒如命,其他,锁镰,19,78,4,61,86,2,0,2,0,2,0,0,4,0,0,0,0,0,1,2,1,鬼脚之术，破技之术，雾隐之术,二连苦无，半月，千鸟，刚弓，横车,锁镰高手,一般条件,,,未登场,石川五右卫门,下忍,直臣,伊贺众,伊贺之里,无,未登场,石川五右卫门,下忍,直臣,伊贺众,伊贺之里,无,已登场,石川五右卫门,下忍,直臣,伊贺众,伊贺之里,无,已登场,石川五右卫门,下忍,直臣,伊贺众,伊贺之里,无,已登场,石川五右卫门,下忍,直臣,伊贺众,伊贺之里,无,已登场,石川五右卫门,下忍,直臣,伊贺众,伊贺之里,无,已登场,石川五右卫门,下忍,直臣,伊贺众,伊贺之里,无,已死亡,石川五右卫门,无效,无效,无,无效,无,已登场,石川五右卫门,足轻大将,直臣,五代家,安土城,无,
74,92,石川高信,石川,需新建,lord_1_ishikawatakanobu,Ishikawa Takanobu,,,,,1506,1554,1581,病死,南部政康,1321,,,南部利直 南部信直 南部晴政,全职种,65,65,普通,勇敢,普通,慎重,普通,65,书籍,普通,嗜酒如命,源氏,刀剑,53,56,56,59,60,2,2,1,0,2,1,2,0,1,2,1,1,0,1,0,1,无,强袭，刚弓,无,一般条件,,,已登场,石川高信,家老,直臣,南部家,三户城,无,已登场,石川高信,家老,直臣,南部家,三户城,无,已登场,石川高信,家老,直臣,南部家,三户城,无,已登场,石川高信,家老,直臣,南部家,三户城,无,已登场,石川高信,家老,直臣,南部家,三户城,无,已死亡,石川高信,无效,无效,无,无效,无,已死亡,石川高信,无效,无效,无,无效,无,已死亡,石川高信,无效,无效,无,无效,无,已登场,石川高信,足轻大将,直臣,河尻家,水户城,无,
75,94,石田三成,石田,需新建,lord_1_ishidamitsunari,Ishida Mitsunari,,,,,1560,1574,1600,战死,石田三成父,1347,,,石田正澄,全职种,20,20,性急,胆小,理想,轻率,重视情义,61,书籍,无欲,滴酒不沾,平氏,刀剑,47,25,98,84,83,2,1,2,0,2,1,2,0,2,4,4,4,3,3,2,2,土龙攻,强袭，刚弓，丢钱，贿赂,名奉行,不可,,"主角丰臣秀吉，三碗茶
    主角德川家康，关原之战胜利",未登场,石田三成,浪人,其他,无,今滨之町,无,未登场,石田三成,浪人,其他,无,今滨之町,无,未登场,石田三成,浪人,其他,无,今滨之町,无,未登场,石田三成,浪人,其他,无,今滨之町,无,已登场,石田三成,足轻组头,陪臣（羽柴秀吉）,织田家,长滨城,无,已登场,石田三成,足轻大将,陪臣（羽柴秀吉）,织田家,姬路城,无,已登场,石田三成,足轻大将,直臣,羽柴家,石山本愿寺,无,已登场,石田三成,国主,直臣,丰臣家,佐和山城,无,已登场,石田三成,侍大将,直臣,三刀屋家,骏府城,无,
76,97,石母田景赖,石母田,需新建,lord_1_ishimotakei,Ishimoda Kagenori,,,,,1542,1556,1615,病死,,,,,,只限武将,60,60,温和,勇敢,普通,普通,普通,18,武具,无欲,普通,其他,刀剑,59,63,44,34,38,1,1,1,0,0,0,0,0,1,0,1,0,0,0,0,0,无,强袭,无,无要求,,,未登场,石母田景赖,侍大将,直臣,伊达家,米泽城,无,未登场,石母田景赖,足轻组头,直臣,伊达家,米泽城,无,已登场,石母田景赖,侍大将,直臣,伊达家,米泽城,无,已登场,石母田景赖,侍大将,直臣,伊达家,米泽城,无,已登场,石母田景赖,侍大将,直臣,伊达家,米泽城,无,已登场,石母田景赖,侍大将,直臣,伊达家,米泽城,无,已登场,石母田景赖,侍大将,直臣,伊达家,米泽城,无,已登场,石母田景赖,部将,直臣,伊达家,仙台城,无,已登场,石母田景赖,浪人,其他,无,佐仓之町,无,
77,98,伊集院忠仓,伊集院,精确匹配,lord_1_ijuin,Ijuin Tadaao,clan_ijuin_1,saikai,精确匹配织丰,,1525,1554,1562,病死,,,,,伊集院忠栋,只限武将,39,39,温和,普通,普通,慎重,普通,40,书籍,普通,普通,源氏,刀剑,64,45,74,79,53,1,0,1,0,1,0,1,0,1,2,1,1,0,3,1,1,无,强袭,无,无要求,,,已登场,伊集院忠仓,部将,直臣,岛津家,内城,无,已登场,伊集院忠仓,侍大将,直臣,岛津家,内城,无,已登场,伊集院忠仓,部将,直臣,岛津家,内城,无,已死亡,伊集院忠仓,无效,无效,无,无效,无,已死亡,伊集院忠仓,无效,无效,无,无效,无,已死亡,伊集院忠仓,无效,无效,无,无效,无,已死亡,伊集院忠仓,无效,无效,无,无效,无,已死亡,伊集院忠仓,无效,无效,无,无效,无,已登场,伊集院忠仓,部将,直臣,青山家,高松城,无,
78,100,伊集院忠栋,伊集院,精确匹配,lord_1_ijuin_2,Ijuin Tadamune,clan_ijuin_1,saikai,精确匹配织丰,,1553,1567,1599,战死,伊集院忠仓,77,,,伊集院忠仓,只限武将,39,39,温和,胆小,普通,轻率,不重情义,74,南蛮物,普通,普通,源氏,刀剑,60,51,85,77,41,0,1,1,1,1,0,1,0,1,0,1,1,3,3,0,1,无,强袭,无,无要求,,,未登场,伊集院忠栋,足轻组头,直臣,岛津家,内城,无,未登场,伊集院忠栋,足轻组头,陪臣（伊集院忠仓）,岛津家,内城,无,未登场,伊集院忠栋,足轻组头,陪臣（伊集院忠仓）,岛津家,内城,无,已登场,伊集院忠栋,足轻组头,直臣,岛津家,内城,无,已登场,伊集院忠栋,足轻组头,直臣,岛津家,内城,无,已登场,伊集院忠栋,足轻大将,直臣,岛津家,内城,无,已登场,伊集院忠栋,足轻大将,直臣,岛津家,内城,无,已登场,伊集院忠栋,家老,直臣,岛津家,内城,无,已登场,伊集院忠栋,浪人,其他,无,会津之町,无,主角毛利元就，防长攻略
153,188,武将,大久保忠佐,大久保忠佐,精确匹配,大久保忠佐,100,lord_1_okubo_6,clan_okubo_1,tokai,Okubo Tadasuke,Okubo Tadasuke,1537,1554,1613,刀剑,65,75,42,65,71,2,2,2,0,1,2,1,0,1,1,1,1,1,0,0,0,无,强袭，拔突，铁壁,无,(大久保忠员),1308,,,大久保忠教 大久保忠邻 大久保忠世,全职种,90,90,性急,勇敢,理想,轻率,重视情义,45,武具,普通,嗜酒如命,藤原氏,未登场,大久保忠佐,侍大将,直臣,松平家,冈崎城,无,已登场,大久保忠佐,足轻组头,陪臣（松平元康）,今川家,骏府城,无,已登场,大久保忠佐,足轻大将,陪臣（松平元康）,今川家,冈崎城,无,已登场,大久保忠佐,侍大将,直臣,德川家,冈崎城,无,已登场,大久保忠佐,侍大将,直臣,德川家,滨松城,无,已登场,大久保忠佐,侍大将,直臣,德川家,滨松城,无,已登场,大久保忠佐,侍大将,直臣,德川家,滨松城,无,已登场,大久保忠佐,部将,直臣,德川家,江户城,无,已登场,大久保忠佐,部将,陪臣（大久保忠世）,大久保家,金石城,无,无要求,,
154,189,武将,大久保忠教,大久保忠教,精确匹配,大久保忠教,100,lord_1_okubo_9,clan_okubo_1,tokai,Okubo Tadataka,Okubo Tadataka,1560,1574,1639,枪,63,76,56,60,80,2,1,1,1,1,2,3,0,0,0,0,0,3,3,0,0,无,强袭，拔突，铁壁,无,(大久保忠员),1308,,,大久保忠佐 大久保忠邻 大久保忠世,只限武将,90,90,性急,勇敢,理想,轻率,重视情义,55,武具,无欲,普通,藤原氏,未登场,大久保忠教,足轻组头,直臣,松平家,冈崎城,无,未登场,大久保忠教,足轻组头,陪臣（松平元康）,今川家,骏府城,无,未登场,大久保忠教,浪人,其他,无,冈崎之町,无,未登场,大久保忠教,足轻组头,直臣,德川家,冈崎城,无,已登场,大久保忠教,足轻组头,直臣,德川家,滨松城,无,已登场,大久保忠教,足轻组头,直臣,德川家,滨松城,无,已登场,大久保忠教,足轻组头,直臣,德川家,滨松城,无,已登场,大久保忠教,侍大将,陪臣（大久保忠邻）,德川家,小田原城,无,已登场,大久保忠教,足轻组头,直臣,大久保家,佐贺城,无,一般条件,,
155,190,武将,大久保忠邻,大久保忠鄰,精确匹配,大久保忠邻,100,lord_1_okubo_4,clan_okubo_1,tokai,Okubo Tadachika,Okubo Tadachika,1553,1567,1628,枪,58,35,67,46,40,1,2,1,0,1,2,2,0,1,1,1,2,2,1,0,1,无,强袭，拔突，铁壁,无,大久保忠世,156,(大久保忠员),1308,大久保忠佐 大久保忠教 大久保忠世,只限武将,90,65,温和,勇敢,普通,普通,重视情义,48,书籍,普通,普通,藤原氏,未登场,大久保忠邻,足轻组头,陪臣（大久保忠世）,松平家,冈崎城,无,未登场,大久保忠邻,足轻组头,陪臣（大久保忠世）,今川家,骏府城,无,未登场,大久保忠邻,足轻组头,陪臣（大久保忠世）,今川家,冈崎城,无,已登场,大久保忠邻,足轻组头,陪臣（大久保忠世）,德川家,冈崎城,无,已登场,大久保忠邻,足轻组头,陪臣（大久保忠世）,德川家,滨松城,无,已登场,大久保忠邻,足轻组头,陪臣（大久保忠世）,德川家,滨松城,无,已登场,大久保忠邻,足轻组头,陪臣（大久保忠世）,德川家,滨松城,无,已登场,大久保忠邻,城主,直臣,德川家,小田原城,无,已登场,大久保忠邻,足轻组头,直臣,大久保家,佐贺城,无,一般条件,,
156,191,武将,大久保忠世,大久保忠世,精确匹配,大久保忠世,100,lord_1_okubo_2,clan_okubo_1,tokai,Okubo Tadayo,Okubo Tadayo,1532,1554,1594,刀剑,71,67,35,71,65,2,2,1,1,1,1,2,0,1,1,1,1,1,1,1,1,三河武者,强袭,无,(大久保忠员),1308,,,大久保忠佐 大久保忠教 大久保忠邻,只限武将,90,90,普通,勇敢,普通,普通,普通,40,武具,无欲,普通,藤原氏,已登场,大久保忠世,侍大将,直臣,松平家,冈崎城,无,已登场,大久保忠世,足轻组头,陪臣（松平元康）,今川家,骏府城,无,已登场,大久保忠世,侍大将,陪臣（松平元康）,今川家,冈崎城,无,已登场,大久保忠世,侍大将,直臣,德川家,冈崎城,无,已登场,大久保忠世,侍大将,直臣,德川家,滨松城,无,已登场,大久保忠世,侍大将,直臣,德川家,滨松城,无,已登场,大久保忠世,侍大将,直臣,德川家,滨松城,无,已死亡,大久保忠世,无效,无效,无,无效,无,已登场,大久保忠世,城主,直臣,大久保家,金石城,无,无要求,,
157,192,武将,大久保长安,大久保長安,姓氏推断,,60,okubo_ho,clan_okubo_1,tokai,Okubo Nagayasu,,1545,1559,1613,刀剑,7,2,92,69,41,0,0,0,0,0,0,0,0,2,2,4,3,1,2,1,1,无,强袭，丢钱,无,,,,,,全职种,99,99,普通,普通,普通,轻率,不重情义,61,艺术品,贪心,普通,其他,未登场,大久保长安,浪人,其他,无,甲府之町,无,未登场,大久保长安,浪人,其他,无,甲府之町,无,已登场,大久保长安,浪人,其他,无,甲府之町,无,已登场,大久保长安,浪人,其他,无,甲府之町,无,已登场,大久保长安,浪人,其他,无,甲府之町,无,已登场,大久保长安,浪人,其他,无,甲府之町,无,已登场,大久保长安,浪人,其他,无,甲府之町,无,已登场,大久保长安,侍大将,直臣,德川家,江户城,无,已登场,大久保长安,大名,首领,大久保家,佐贺城,无,一般条件,,
79,101,以心崇传,以心,需新建,lord_1_ishinsuu,Isshin Sogen,,,,,1569,1583,1633,病死,,,,,,只限武将,90,90,普通,勇敢,现实,慎重,普通,65,书籍,贪心,普通,源氏,枪,18,39,86,82,60,0,0,0,1,0,1,2,1,2,1,2,3,3,3,2,3,无,拔突，伤药，丢钱,雄辩，能吏,一般条件,,,未登场,以心崇传,浪人,其他,无,京之町,无,未登场,以心崇传,浪人,其他,无,京之町,无,未登场,以心崇传,浪人,其他,无,京之町,无,未登场,以心崇传,浪人,其他,无,京之町,无,未登场,以心崇传,浪人,其他,无,京之町,无,未登场,以心崇传,浪人,其他,无,京之町,无,已登场,以心崇传,浪人,其他,无,京之町,无,已登场,以心崇传,部将,直臣,德川家,江户城,无,已登场,以心崇传,浪人,其他,无,足利之町,无,
159,194,武将,大崎义隆,大崎義隆,精确匹配,大崎义隆,100,lord_1_osaki,clan_osaki_1,ou,Osaki Yoshitaka,Osaki Yoshitaka,1548,1562,1603,刀剑,58,39,43,24,36,1,1,1,0,1,1,1,0,0,2,1,0,0,1,0,0,无,强袭,无,大崎义直,160,,,大崎义直,只限武将,75,75,普通,勇敢,普通,慎重,普通,60,武具,普通,普通,源氏,未登场,大崎义隆,家老,直臣,大崎家,名生城,无,未登场,大崎义隆,部将,陪臣（大崎义直）,大崎家,名生城,无,已登场,大崎义隆,家老,直臣,大崎家,名生城,无,已登场,大崎义隆,家老,直臣,大崎家,名生城,无,已登场,大崎义隆,家老,直臣,大崎家,名生城,无,已登场,大崎义隆,大名,首领,大崎家,名生城,无,已登场,大崎义隆,大名,首领,大崎家,名生城,无,已登场,大崎义隆,部将,直臣,上杉家,会津若松城,无,已登场,大崎义隆,家老,直臣,大久保家,佐贺城,无,无要求,,
160,195,武将,大崎义直,大崎義直,精确匹配,大崎义直,100,lord_1_osaki_1,clan_osaki_1,ou,Osaki Yoshinao,Osaki Yoshinao,1517,1554,1577,刀剑,35,44,47,51,56,1,0,1,0,1,1,0,0,2,0,0,0,0,1,0,0,无,强袭,无,,,,,大崎义隆,只限武将,75,75,普通,胆小,现实,慎重,普通,29,艺术品,贪心,滴酒不沾,源氏,已登场,大崎义直,大名,首领,大崎家,名生城,无,已登场,大崎义直,大名,首领,大崎家,名生城,无,已登场,大崎义直,大名,首领,大崎家,名生城,无,已登场,大崎义直,大名,首领,大崎家,名生城,无,已登场,大崎义直,大名,首领,大崎家,名生城,无,已死亡,大崎义直,无效,无效,无,无效,无,已死亡,大崎义直,无效,无效,无,无效,无,已死亡,大崎义直,无效,无效,无,无效,无,已登场,大崎义直,部将,直臣,大久保家,佐贺城,无,一般条件,,
80,102,矶野员昌,矶野,精确匹配,lord_1_isono,Isono Kazumasa,clan_isono_1,kinai,精确匹配织丰,,1527,1554,1578,病死,,,,,,只限武将,77,77,普通,胆小,普通,轻率,普通,37,武具,无欲,普通,其他,刀剑,72,54,20,63,59,2,1,0,1,1,2,1,0,0,1,1,0,0,0,1,1,无,强袭，拔突，铁壁,无,一般条件,,,已登场,矶野员昌,部将,直臣,浅井家,小谷城,无,已登场,矶野员昌,城主,直臣,浅井家,佐和山城,无,已登场,矶野员昌,城主,直臣,浅井家,佐和山城,无,已登场,矶野员昌,城主,直臣,浅井家,佐和山城,无,已登场,矶野员昌,家老,直臣,织田家,岐阜城,无,已死亡,矶野员昌,无效,无效,无,无效,无,已死亡,矶野员昌,无效,无效,无,无效,无,已死亡,矶野员昌,无效,无效,无,无效,无,已登场,矶野员昌,头领,首领,坊津水军,坊津之砦,无,
81,103,板仓胜重,板仓,需新建,lord_1_itajuu,Itakura Katsushige,,,,,1545,1559,1624,病死,,,,,,全职种,90,90,性急,勇敢,现实,慎重,重视情义,21,书籍,无欲,普通,源氏,刀剑,19,41,87,83,55,0,0,0,0,0,0,0,0,0,0,1,2,4,4,2,4,激励,强袭，伤药，止血,能吏,一般条件,,,未登场,板仓胜重,浪人,其他,无,冈崎之町,无,未登场,板仓胜重,足轻组头,陪臣（松平元康）,今川家,骏府城,无,已登场,板仓胜重,足轻组头,陪臣（松平元康）,今川家,冈崎城,无,已登场,板仓胜重,足轻组头,直臣,德川家,冈崎城,无,已登场,板仓胜重,足轻组头,直臣,德川家,滨松城,无,已登场,板仓胜重,足轻大将,直臣,德川家,滨松城,无,已登场,板仓胜重,足轻大将,直臣,德川家,滨松城,无,已登场,板仓胜重,部将,直臣,德川家,江户城,无,已登场,板仓胜重,浪人,其他,无,龟山之町,无,
82,104,板部冈江雪斋,板部,需新建,lord_1_itabuyuki,Itabeoka Ekketsusai,,,,,1537,1554,1609,病死,,,,,,只限武将,85,85,温和,胆小,普通,慎重,普通,32,艺术品,普通,滴酒不沾,平氏,枪,18,11,76,74,61,0,0,0,0,0,0,0,0,0,3,2,1,3,1,4,2,无,拔突,风雅之士,一般条件,,,未登场,板部冈江雪斋,足轻组头,直臣,北条家,小田原城,无,已登场,板部冈江雪斋,足轻组头,直臣,北条家,小田原城,无,已登场,板部冈江雪斋,足轻组头,直臣,北条家,小田原城,无,已登场,板部冈江雪斋,足轻组头,直臣,北条家,小田原城,无,已登场,板部冈江雪斋,足轻组头,直臣,北条家,小田原城,无,已登场,板部冈江雪斋,足轻组头,直臣,北条家,小田原城,无,已登场,板部冈江雪斋,足轻组头,直臣,北条家,小田原城,无,已登场,板部冈江雪斋,足轻大将,直臣,德川家,江户城,无,已登场,板部冈江雪斋,浪人,其他,无,冈崎之町,无,
83,105,伊丹康直,伊丹,需新建,lord_1_itamiyasunao,Itami Yasunao,,,,,1523,1554,1596,病死,,,,,,全职种,60,60,普通,普通,现实,普通,普通,55,武具,贪心,普通,藤原氏,刀剑,69,62,25,61,59,2,1,1,4,2,2,1,2,2,0,0,0,1,0,0,0,水上拖延，蝴蝶之阵,强袭，拔突，二连苦无，刚弓，铁壁,无,无要求,,,已登场,伊丹康直,船头,直臣,骏河水军,清水之砦,无,已登场,伊丹康直,船头,直臣,骏河水军,清水之砦,无,已登场,伊丹康直,船头,直臣,骏河水军,清水之砦,无,已登场,伊丹康直,船头,直臣,骏河水军,清水之砦,无,已登场,伊丹康直,船头,直臣,骏河水军,清水之砦,无,已登场,伊丹康直,头领,首领,骏河水军,清水之砦,无,已登场,伊丹康直,头领,首领,骏河水军,清水之砦,无,已死亡,伊丹康直,无效,无效,无,无效,无,已登场,伊丹康直,浪人,其他,无,小仓之町,无,
84,106,市川经好,市川,需新建,lord_1_ichikawa,Ichikawa Tsuneyoshi,,,,,1520,1554,1584,病死,,,,,,只限武将,40,40,普通,普通,普通,轻率,不重情义,60,书籍,普通,普通,藤原氏,刀剑,32,26,66,61,49,1,0,1,0,0,1,0,0,0,0,1,2,2,2,1,0,无,强袭,无,无要求,,,已登场,市川经好,部将,直臣,毛利家,吉田郡山城,无,已登场,市川经好,部将,直臣,毛利家,吉田郡山城,无,已登场,市川经好,部将,直臣,毛利家,吉田郡山城,无,已登场,市川经好,部将,直臣,毛利家,吉田郡山城,无,已登场,市川经好,部将,直臣,毛利家,吉田郡山城,无,已登场,市川经好,部将,直臣,毛利家,吉田郡山城,无,已登场,市川经好,部将,直臣,毛利家,吉田郡山城,无,已死亡,市川经好,无效,无效,无,无效,无,已登场,市川经好,浪人,其他,无,小诸之町,无,
85,107,一栗放牛,一栗,需新建,lord_1_ichikurihouushi,Ichikuri Bangyu,,,,,1500,1554,1591,战死,,,,,,只限武将,75,75,性急,勇敢,理想,轻率,重视情义,50,武具,无欲,嗜酒如命,其他,枪,73,66,51,54,74,2,2,0,1,2,3,2,1,0,0,0,0,2,0,0,3,无,强袭，连续斩，拔突，粘花，刚弓，卷枪，引落，柄返，刚力，铁壁，伤药,无,一般条件,,,已登场,一栗放牛,城主,直臣,大崎家,岩出山城,无,已登场,一栗放牛,城主,直臣,大崎家,岩出山城,无,已登场,一栗放牛,城主,直臣,大崎家,岩出山城,无,已登场,一栗放牛,城主,直臣,大崎家,岩出山城,无,已登场,一栗放牛,城主,直臣,大崎家,岩出山城,无,已登场,一栗放牛,城主,直臣,大崎家,岩出山城,无,已登场,一栗放牛,家老,直臣,大崎家,名生城,无,已死亡,一栗放牛,无效,无效,无,无效,无,已登场,一栗放牛,上忍,直臣,羽黑众,羽黑之里,无,
167,203,武将,大友宗麟,大友宗麟,精确匹配,大友宗麟,100,lord_1_otomo,clan_otomo_1,saikai,Otomo Sorin,Otomo Sorin,1530,1554,1587,刀剑,86,59,86,74,85,4,3,3,2,1,0,2,0,2,2,1,1,3,2,3,2,强行突破，加护,强袭，急所击,无,大友义鉴,811,,,大内义长 大友亲家 大友亲盛 大友义统 大友义鉴,只限武将,84,84,性急,勇敢,普通,普通,普通,81,南蛮物,贪心,普通,藤原氏,已登场,大友义镇,家老,直臣,大友家,府内城,无,已登场,大友义镇,大名,首领,大友家,府内城,无,已登场,大友义镇,大名,首领,大友家,府内城,无,已登场,大友义镇,大名,首领,大友家,府内城,无,已登场,大友宗麟,大名,首领,大友家,府内城,无,已登场,大友宗麟,大名,首领,大友家,府内城,无,已登场,大友宗麟,大名,首领,大友家,府内城,无,已死亡,大友宗麟,无效,无效,无,无效,无,已登场,大友宗麟,部将,直臣,大久保家,佐贺城,无,一般条件,臼杵鉴速/吉冈长增/吉弘鉴理,
168,204,武将,大友亲家,大友親家,精确匹配,大友亲家,100,lord_1_otomo_3,clan_otomo_1,saikai,Otomo Chikaie,Otomo Chikaie,1561,1575,1641,刀剑,49,72,35,25,52,1,0,0,0,2,3,1,0,0,0,0,0,0,1,1,0,无,强袭，连续斩，拔突，刚弓，刚力，铁壁,无,大友宗麟,167,大友义鉴,811,大内义长 大友宗麟 大友亲盛 大友义统 大友义鉴,全职种,84,84,性急,勇敢,理想,轻率,不重情义,76,武具,贪心,嗜酒如命,藤原氏,未登场,大友亲家,部将,陪臣（大友义镇）,大友家,府内城,无,未登场,大友亲家,部将,陪臣（大友义镇）,大友家,府内城,无,未登场,大友亲家,部将,直臣,大友家,府内城,无,未登场,大友亲家,部将,直臣,大友家,府内城,无,已登场,大友亲家,部将,直臣,大友家,府内城,无,已登场,大友亲家,部将,直臣,大友家,府内城,无,已登场,大友亲家,部将,直臣,大友家,府内城,无,已登场,大友亲家,部将,直臣,立花家,柳川城,无,已登场,大友亲家,部将,陪臣（大友宗麟）,大久保家,佐贺城,无,无要求,,
169,205,武将,大友亲盛,大友親盛,精确匹配,大友亲盛,100,lord_1_otomo_4,clan_otomo_1,saikai,Otomo Chikamori,Otomo Chikamori,1567,1581,1643,刀剑,39,43,62,51,61,0,1,0,0,0,0,0,0,0,1,1,0,2,1,1,1,无,强袭,无,大友宗麟,167,大友义鉴,811,大内义长 大友宗麟 大友亲家 大友义统 大友义鉴,全职种,84,84,温和,胆小,普通,普通,普通,43,书籍,无欲,滴酒不沾,藤原氏,未登场,大友亲盛,部将,陪臣（大友义镇）,大友家,府内城,无,未登场,大友亲盛,部将,陪臣（大友义镇）,大友家,府内城,无,未登场,大友亲盛,部将,直臣,大友家,府内城,无,未登场,大友亲盛,部将,直臣,大友家,府内城,无,未登场,大友亲盛,部将,直臣,大友家,府内城,无,已登场,大友亲盛,部将,直臣,大友家,府内城,无,已登场,大友亲盛,部将,直臣,大友家,府内城,无,已登场,大友亲盛,浪人,其他,无,小仓之町,无,已登场,大友亲盛,部将,陪臣（大友宗麟）,大久保家,佐贺城,无,无要求,,
170,207,武将,大友义统,大友義統,精确匹配,大友义统,100,lord_1_otomo_2,clan_otomo_1,saikai,Otomo Yoshimune,Otomo Yoshimune,1558,1572,1610,刀剑,42,32,41,30,63,0,0,1,0,0,0,0,0,1,0,0,1,0,0,0,1,无,强袭,无,大友宗麟,167,大友义鉴,811,大内义长 大友宗麟 大友亲家 大友亲盛 大友义鉴,全职种,84,84,普通,胆小,普通,普通,普通,65,南蛮物,贪心,滴酒不沾,藤原氏,未登场,大友义统,部将,陪臣（大友义镇）,大友家,府内城,无,未登场,大友义统,部将,陪臣（大友义镇）,大友家,府内城,无,未登场,大友义统,家老,直臣,大友家,府内城,无,未登场,大友义统,家老,直臣,大友家,府内城,无,已登场,大友义统,家老,直臣,大友家,府内城,无,已登场,大友义统,家老,直臣,大友家,府内城,无,已登场,大友义统,家老,直臣,大友家,府内城,无,已登场,大友义统,浪人,其他,无,府内之町,无,已登场,大友义统,部将,陪臣（大友宗麟）,大久保家,佐贺城,无,一般条件,,
86,108,一条兼定,一条,精确匹配,lord_1_ichijo,Ichijo Kanesada,clan_ichijo_1,nankai,精确匹配织丰,,1543,1557,1585,病死,,,,,,只限武将,20,20,温和,胆小,普通,轻率,不重情义,36,南蛮物,贪心,普通,藤原氏,刀剑,10,11,12,9,88,0,0,0,0,0,0,0,0,0,0,0,1,4,1,3,1,无,强袭,无,一般条件,,,已登场,一条兼定,大名,首领,一条家,中村城,无,已登场,一条兼定,大名,首领,一条家,中村城,无,已登场,一条兼定,大名,首领,一条家,中村城,无,已登场,一条兼定,大名,首领,一条家,中村城,无,已登场,一条兼定,浪人,其他,无,府内之町,无,已登场,一条兼定,浪人,其他,无,府内之町,无,已登场,一条兼定,浪人,其他,无,府内之町,无,已死亡,一条兼定,无效,无效,无,无效,无,已登场,一条兼定,家老,直臣,一宫家,春日山城,无,
172,210,武将,大村纯忠,大村純忠,精确匹配,大村纯忠,100,lord_1_omura,clan_omura_1,saikai,Omura Sumitada,Omura Sumitada,1533,1554,1587,刀剑,48,37,62,55,42,0,1,2,1,0,0,0,0,0,1,2,1,2,3,1,2,无,强袭,无,有马晴纯,822,,,有马晴信 有马义贞 有马晴纯,全职种,70,70,温和,普通,理想,普通,重视情义,16,南蛮物,贪心,滴酒不沾,藤原氏,已登场,大村纯忠,城主,直臣,有马家,大村城,无,已登场,大村纯忠,城主,直臣,龙造寺家,大村城,无,已登场,大村纯忠,城主,直臣,龙造寺家,大村城,无,已登场,大村纯忠,城主,直臣,龙造寺家,大村城,无,已登场,大村纯忠,城主,直臣,龙造寺家,大村城,无,已登场,大村纯忠,城主,直臣,龙造寺家,大村城,无,已登场,大村纯忠,家老,直臣,龙造寺家,佐嘉城,无,已死亡,大村纯忠,无效,无效,无,无效,无,已登场,大村纯忠,部将,直臣,大久保家,佐贺城,无,无要求,,
87,109,一条信龙,一条,姓氏推断,lord_1_ichijo_shin,Ichijo Nagatoki,clan_ichijo_1,nankai,家族和文化自动推断,,1540,1554,1582,战死,武田信虎,801,,,武田胜赖 武田逍遥轩 武田信玄 武田信繁 武田信丰 仁科盛信 武田信虎,只限武将,62,62,性急,勇敢,普通,慎重,普通,20,书籍,无欲,普通,源氏,刀剑,47,44,50,44,56,1,1,0,0,1,0,1,0,0,1,1,0,1,0,0,0,无,强袭,无,无要求,,,未登场,一条信龙,侍大将,直臣,武田家,踯躅崎馆,无,已登场,一条信龙,足轻大将,直臣,武田家,踯躅崎馆,无,已登场,一条信龙,侍大将,直臣,武田家,踯躅崎馆,无,已登场,一条信龙,侍大将,直臣,武田家,踯躅崎馆,无,已登场,一条信龙,侍大将,直臣,武田家,踯躅崎馆,无,已登场,一条信龙,侍大将,直臣,武田家,甲府城,无,已死亡,一条信龙,无效,无效,无,无效,无,已死亡,一条信龙,无效,无效,无,无效,无,已登场,一条信龙,家老,直臣,一宫家,春日山城,无,
88,95,伊地知重兴,伊地知,需新建,lord_1_ijichijuu,Iichiji Shigeoki,,,,,1528,1554,1580,病死,,,,,,只限武将,32,32,温和,胆小,现实,轻率,普通,50,武具,普通,普通,其他,刀剑,47,50,40,51,34,1,1,1,0,1,0,0,0,1,0,0,1,1,1,1,1,无,强袭,无,无要求,,,已登场,伊地知重兴,侍大将,直臣,肝付家,大隅高山城,无,已登场,伊地知重兴,足轻大将,直臣,肝付家,大隅高山城,无,已登场,伊地知重兴,侍大将,直臣,肝付家,大隅高山城,无,已登场,伊地知重兴,侍大将,直臣,肝付家,大隅高山城,无,已登场,伊地知重兴,侍大将,直臣,岛津家,内城,无,已死亡,伊地知重兴,无效,无效,无,无效,无,已死亡,伊地知重兴,无效,无效,无,无效,无,已死亡,伊地知重兴,无效,无效,无,无效,无,已登场,伊地知重兴,浪人,其他,无,府内之町,无,
89,96,伊地知重秀,伊地知,需新建,lord_1_ijichishigehide,Iichiji Shigehide,,,,,1534,1554,1594,病死,,,,,,只限武将,32,32,普通,普通,普通,轻率,普通,24,武具,普通,普通,其他,刀剑,61,47,31,76,42,0,1,1,0,0,0,0,0,0,0,0,1,2,2,1,1,无,强袭,无,无要求,,,已登场,伊地知重秀,足轻组头,直臣,岛津家,内城,无,已登场,伊地知重秀,足轻组头,直臣,岛津家,内城,无,已登场,伊地知重秀,足轻组头,直臣,岛津家,内城,无,已登场,伊地知重秀,足轻组头,直臣,岛津家,内城,无,已登场,伊地知重秀,足轻组头,直臣,岛津家,内城,无,已登场,伊地知重秀,足轻大将,直臣,岛津家,内城,无,已登场,伊地知重秀,足轻大将,直臣,岛津家,内城,无,已死亡,伊地知重秀,无效,无效,无,无效,无,已登场,伊地知重秀,浪人,其他,无,津山之町,无,
176,215,武将,冈部贞纲,岡部貞綱,姓氏推断,,75,okabe,clan_okabe_1,tokai,Okabe Sadatsuna,,1526,1554,1575,刀剑,67,66,21,43,59,2,1,2,3,1,2,1,2,1,0,0,0,1,0,0,1,水上禁行,强袭，拔突，二连苦无，铁壁,无,,,,,,全职种,86,86,普通,勇敢,理想,轻率,普通,50,南蛮物,贪心,嗜酒如命,源氏,已登场,冈部贞纲,头领,首领,骏河水军,清水之砦,无,已登场,冈部贞纲,头领,首领,骏河水军,清水之砦,无,已登场,冈部贞纲,头领,首领,骏河水军,清水之砦,无,已登场,冈部贞纲,头领,首领,骏河水军,清水之砦,无,已登场,冈部贞纲,头领,首领,骏河水军,清水之砦,无,已死亡,冈部贞纲,无效,无效,无,无效,无,已死亡,冈部贞纲,无效,无效,无,无效,无,已死亡,冈部贞纲,无效,无效,无,无效,无,已登场,冈部贞纲,浪人,其他,无,冈崎之町,无,无要求,,
177,216,武将,冈部正纲,岡部正綱,精确匹配,冈部正纲,100,lord_1_okabe_6,clan_okabe_1,tokai,Okabe Masatsuna,Okabe Masatsuna,1542,1556,1583,刀剑,67,67,54,48,63,3,2,1,0,1,1,2,0,0,0,0,0,0,0,1,0,无,强袭,无,(冈部久纲),1342,,,冈部元信,全职种,70,45,温和,普通,普通,轻率,普通,43,艺术品,无欲,嗜酒如命,藤原氏,未登场,冈部正纲,部将,直臣,今川家,骏府城,无,未登场,冈部正纲,部将,直臣,今川家,骏府城,无,已登场,冈部正纲,部将,直臣,今川家,骏府城,无,已登场,冈部正纲,部将,直臣,今川家,曳马城,无,已登场,冈部正纲,部将,直臣,武田家,踯躅崎馆,无,已登场,冈部正纲,部将,直臣,武田家,甲府城,无,已死亡,冈部正纲,无效,无效,无,无效,无,已死亡,冈部正纲,无效,无效,无,无效,无,已登场,冈部正纲,浪人,其他,无,冈崎之町,无,无要求,,
178,217,武将,冈部元信,岡部元信,精确匹配,冈部元信,100,lord_1_okabe,clan_okabe_1,tokai,Okabe Motonobu,Okabe Motonobu,1543,1557,1581,刀剑,70,68,35,52,66,2,2,1,0,1,1,3,0,2,0,0,0,0,1,0,0,无,强袭,无,(冈部久纲),1342,,,冈部正纲,只限武将,45,45,性急,勇敢,普通,轻率,重视情义,31,武具,无欲,嗜酒如命,藤原氏,未登场,冈部元信,部将,直臣,今川家,骏府城,无,未登场,冈部元信,部将,直臣,今川家,骏府城,无,已登场,冈部元信,部将,直臣,今川家,骏府城,无,已登场,冈部元信,部将,直臣,今川家,曳马城,无,已登场,冈部元信,部将,直臣,武田家,踯躅崎馆,无,已死亡,冈部元信,无效,无效,无,无效,无,已死亡,冈部元信,无效,无效,无,无效,无,已死亡,冈部元信,无效,无效,无,无效,无,已登场,冈部元信,浪人,其他,无,冈崎之町,无,无要求,,
90,111,一万田鉴实,一万田,需新建,lord_1_ichimanta,Ichimada Akizane,,,,,1533,1554,1588,病死,,,一万田亲泰,###,高桥鉴种,全职种,60,60,温和,普通,普通,普通,重视情义,16,艺术品,普通,普通,藤原氏,刀剑,68,69,49,74,40,2,3,2,0,1,1,1,0,0,0,0,0,3,2,3,1,无,强袭,无,无要求,,,已登场,一万田鉴实,侍大将,直臣,大友家,府内城,无,已登场,一万田鉴实,侍大将,直臣,大友家,府内城,无,已登场,一万田鉴实,侍大将,直臣,大友家,府内城,无,已登场,一万田鉴实,侍大将,直臣,大友家,府内城,无,已登场,一万田鉴实,侍大将,直臣,大友家,府内城,无,已登场,一万田鉴实,侍大将,直臣,大友家,府内城,无,已登场,一万田鉴实,侍大将,直臣,大友家,府内城,无,已死亡,一万田鉴实,无效,无效,无,无效,无,已登场,一万田鉴实,大名,首领,一万田家,甲府城,无,
91,112,一色义清,一色,精确匹配,lord_1_issiki_5,Issiki Yoshikiyo,clan_issiki_1,kinai,精确匹配织丰,,1551,1565,1582,战死,一色义幸,1338,,,一色义定 一色义道,只限武将,40,40,温和,胆小,普通,轻率,重视情义,60,书籍,无欲,滴酒不沾,源氏,刀剑,33,36,35,45,18,0,0,1,1,0,0,0,0,0,0,0,0,1,0,0,0,无,强袭,无,无要求,,,未登场,一色义清,家老,直臣,一色家,宫津城,无,未登场,一色义清,部将,直臣,一色家,宫津城,无,已登场,一色义清,家老,直臣,一色家,宫津城,无,已登场,一色义清,家老,直臣,一色家,宫津城,无,已登场,一色义清,家老,直臣,一色家,宫津城,无,已死亡,一色义清,无效,无效,无,无效,无,已死亡,一色义清,无效,无效,无,无效,无,已死亡,一色义清,无效,无效,无,无效,无,已登场,一色义清,家老,直臣,一宫家,春日山城,无,
92,113,一色义定,一色,精确匹配,lord_1_issiki_4,Issiki Yoshisada,clan_issiki_1,kinai,精确匹配织丰,,1558,1572,1582,战死,一色义道,93,一色义幸,###,一色义清 一色义道,只限武将,40,40,普通,胆小,现实,普通,普通,45,艺术品,贪心,普通,源氏,刀剑,39,42,37,46,41,0,0,1,0,0,0,0,0,0,1,0,0,0,0,0,0,无,强袭,无,无要求,,,未登场,一色义定,足轻组头,直臣,一色家,宫津城,无,未登场,一色义定,足轻组头,直臣,一色家,宫津城,无,未登场,一色义定,足轻组头,直臣,一色家,宫津城,无,未登场,一色义定,足轻组头,直臣,一色家,宫津城,无,已登场,一色义定,足轻组头,直臣,一色家,宫津城,无,已死亡,一色义定,无效,无效,无,无效,无,已死亡,一色义定,无效,无效,无,无效,无,已死亡,一色义定,无效,无效,无,无效,无,已登场,一色义定,部将,直臣,一宫家,春日山城,无,
93,114,一色义道,一色,精确匹配,lord_1_issiki,Issiki Yoshimichi,clan_issiki_1,kinai,精确匹配织丰,,1520,1554,1579,战死,一色义幸,1338,,,一色义清 一色义定,只限武将,40,40,性急,勇敢,普通,轻率,普通,70,南蛮物,普通,嗜酒如命,源氏,刀剑,60,39,37,38,42,1,1,1,0,1,1,1,0,0,0,1,0,0,0,1,0,无,强袭,无,无要求,,,已登场,一色义道,大名,首领,一色家,宫津城,无,已登场,一色义道,大名,首领,一色家,宫津城,无,已登场,一色义道,大名,首领,一色家,宫津城,无,已登场,一色义道,大名,首领,一色家,宫津城,无,已登场,一色义道,大名,首领,一色家,宫津城,无,已死亡,一色义道,无效,无效,无,无效,无,已死亡,一色义道,无效,无效,无,无效,无,已死亡,一色义道,无效,无效,无,无效,无,已登场,一色义道,部将,直臣,一宫家,春日山城,无,
94,115,出浦盛清,出浦,需新建,lord_1_shutsuuraseikiyo,Deura Morikiyo,,,,,1546,1559,1623,病死,,,,,,武将以外优先,62,62,普通,普通,现实,轻率,重视情义,55,武具,普通,滴酒不沾,其他,苦无,58,80,31,51,33,2,0,2,0,2,3,1,4,1,1,2,2,0,0,2,2,奈落之术，千里眼术，刺杀，雷爆之术，内讧之术,强袭，连续斩，拔突，二连苦无，半月，刚弓，猛毒苦无，十字投，乱苦无，叠返之术，刚力，铁壁,苦无名人,无要求,,,未登场,出浦盛清,上忍,直臣,户隐众,户隐之里,无,已登场,出浦盛清,头目,首领,户隐众,户隐之里,无,已登场,出浦盛清,头目,首领,户隐众,户隐之里,无,已登场,出浦盛清,头目,首领,户隐众,户隐之里,无,已登场,出浦盛清,头目,首领,户隐众,户隐之里,无,已登场,出浦盛清,头目,首领,户隐众,户隐之里,无,已登场,出浦盛清,头目,首领,户隐众,户隐之里,无,已登场,出浦盛清,头目,首领,户隐众,户隐之里,无,已登场,出浦盛清,水夫头,直臣,相模水军,三崎之砦,无,
95,116,伊藤一刀斋,伊藤,需新建,lord_1_itouittou,Ito Ittosai,,,,,1540,1554,1634,病死,,,,,,没那个意思,90,90,普通,勇敢,普通,轻率,普通,24,武具,贪心,嗜酒如命,藤原氏,刀剑,26,98,25,51,69,1,0,0,0,1,4,3,3,0,0,0,0,1,0,0,2,内讧之术，错乱之术,强袭，连续斩，切落，绝妙剑，拂舍刀，拔突，二连苦无，半月，金翅鸟王剑，当身，梦想剑，刚力，独妙剑，铁壁，辱骂,剑豪,一般条件,,,已登场,伊藤弥五郎,浪人,其他,无,金泽之町,钟卷流,已登场,伊藤弥五郎,浪人,其他,无,金泽之町,钟卷流,已登场,伊藤一刀斋,师范,其他,无,佐仓之町,一刀流,已登场,伊藤一刀斋,师范,其他,无,佐仓之町,一刀流,已登场,伊藤一刀斋,师范,其他,无,佐仓之町,一刀流,已登场,伊藤一刀斋,师范,其他,无,佐仓之町,一刀流,已登场,伊藤一刀斋,师范,其他,无,佐仓之町,一刀流,已登场,伊藤一刀斋,师范,其他,无,佐仓之町,一刀流,已登场,伊藤一刀斋,师范,其他,无,佐仓之町,一刀流,
96,117,伊东祐兵,伊东,姓氏推断,lord_1_ito_yuuhei,Ito Sadachika,clan_ito_1,saikai,家族和文化自动推断,,1559,1573,1600,病死,伊东义祐,98,,,伊东义祐 伊东满所,全职种,71,71,普通,胆小,现实,慎重,普通,21,南蛮物,贪心,普通,藤原氏,刀剑,52,49,25,43,36,1,0,0,0,0,0,1,0,0,0,0,0,1,2,0,0,无,强袭,无,无要求,,,未登场,伊东祐兵,家老,直臣,伊东家,都于郡城,无,未登场,伊东祐兵,部将,陪臣（伊东义祐）,伊东家,都于郡城,无,未登场,伊东祐兵,家老,直臣,伊东家,都于郡城,无,未登场,伊东祐兵,家老,直臣,伊东家,都于郡城,无,已登场,伊东祐兵,家老,直臣,伊东家,都于郡城,无,已登场,伊东祐兵,浪人,其他,无,今治之町,无,已登场,伊东祐兵,浪人,其他,无,今治之町,无,已登场,伊东祐兵,大名,首领,伊东家,饫肥城,无,已登场,伊东祐兵,家老,直臣,东乡家,盛冈城,无,
97,118,伊藤惣十郎,伊藤,需新建,lord_1_itousoujuurou,Ito Sojuro,,,,,1524,1554,1592,病死,,,,,,武将以外优先,0,0,温和,勇敢,现实,普通,普通,46,艺术品,贪心,普通,其他,枪,16,34,71,69,52,0,0,0,0,0,1,0,1,0,1,2,4,2,3,2,1,无,拔突，丢钱，贿赂，大宴宾客,风雅之士,一般条件,,,已登场,伊藤惣十郎,当家,首领,伊藤屋,清洲之町,无,已登场,伊藤惣十郎,当家,首领,伊藤屋,清洲之町,无,已登场,伊藤惣十郎,当家,首领,伊藤屋,清洲之町,无,已登场,伊藤惣十郎,当家,首领,伊藤屋,清洲之町,无,已登场,伊藤惣十郎,当家,首领,伊藤屋,清洲之町,无,已登场,伊藤惣十郎,当家,首领,伊藤屋,清洲之町,无,已登场,伊藤惣十郎,当家,首领,伊藤屋,清洲之町,无,已死亡,伊藤惣十郎,无效,无效,无,无效,无,已登场,伊藤惣十郎,部将,直臣,十河家,广岛城,无,
98,120,伊东义祐,伊东,姓氏推断,lord_1_Oze_Hoan,Ito Hoan,clan_ito_1,saikai,家族和文化自动推断,,1512,1554,1585,病死,,,,,伊东祐兵 伊东满所,只限武将,71,71,普通,胆小,现实,轻率,普通,46,艺术品,贪心,普通,藤原氏,刀剑,58,46,51,56,50,1,0,0,0,0,0,0,0,0,1,0,0,0,2,0,1,无,强袭,无,一般条件,,,已登场,伊东义祐,大名,首领,伊东家,都于郡城,无,已登场,伊东义祐,大名,首领,伊东家,都于郡城,无,已登场,伊东义祐,大名,首领,伊东家,都于郡城,无,已登场,伊东义祐,大名,首领,伊东家,都于郡城,无,已登场,伊东义祐,大名,首领,伊东家,都于郡城,无,已登场,伊东义祐,浪人,其他,无,今治之町,无,已登场,伊东义祐,浪人,其他,无,今治之町,无,已死亡,伊东义祐,无效,无效,无,无效,无,已登场,伊东义祐,家老,直臣,东乡家,盛冈城,无,
188,229,武将,小田氏治,小田氏治,精确匹配,小田氏治,100,lord_2_oda,clan_oda_2,kanto,Oda Ujiharu,Oda Ujiharu,1531,1554,1601,刀剑,44,41,53,50,36,0,1,0,0,0,1,0,0,0,1,0,0,0,2,0,1,无,强袭,无,,,,,,全职种,70,70,性急,胆小,理想,普通,不重情义,89,艺术品,贪心,普通,藤原氏,已登场,小田氏治,大名,首领,小田家,小田城,无,已登场,小田氏治,大名,首领,小田家,土浦城,无,已登场,小田氏治,大名,首领,小田家,土浦城,无,已登场,小田氏治,大名,首领,小田家,土浦城,无,已登场,小田氏治,家老,直臣,北条家,小田原城,无,已登场,小田氏治,家老,直臣,北条家,小田原城,无,已登场,小田氏治,大名,首领,小田家,土浦城,无,已登场,小田氏治,足轻大将,直臣,结城家,结城城,无,已登场,小田氏治,部将,直臣,小笠原家,小仓城,无,无要求,,
189,230,武将,织田有乐,織田有樂,姓氏推断,,50,oda_ari,clan_oda_1,kinai,Oda Ura,,1547,1561,1621,枪,48,19,50,46,41,2,2,1,0,0,1,0,0,0,0,1,1,3,1,4,2,无,拔突,风雅之士,织田信秀,803,(织田信定),1306,织田信胜 织田信雄 织田信包 织田信孝 织田信忠 织田信长 津田信澄 织田信秀 织田信光,全职种,0,0,温和,胆小,现实,轻率,普通,39,艺术品,普通,普通,平氏,未登场,织田长益,足轻组头,直臣,织田家,那古野城,无,未登场,织田长益,足轻组头,直臣,织田家,清洲城,无,未登场,织田长益,足轻组头,直臣,织田家,清洲城,无,已登场,织田长益,足轻组头,直臣,织田家,岐阜城,无,已登场,织田长益,足轻组头,直臣,织田家,岐阜城,无,已登场,织田长益,足轻组头,直臣,织田家,安土城,无,已登场,织田有乐,足轻大将,直臣,织田家,长岛城,无,已登场,织田有乐,城主,直臣,丰臣家,信贵山城,无,已登场,织田有乐,浪人,其他,无,小田原之町,无,一般条件,,
190,231,武将,织田信胜,織田信勝,姓氏推断,,75,oda_shin,clan_oda_1,kinai,Oda Nobukatsu,,1537,1554,1557,刀剑,65,51,59,72,82,1,1,0,0,2,1,1,0,0,1,1,1,1,1,1,0,无,强袭，刚弓,无,织田信秀,803,(织田信定),1306,织田有乐 织田信雄 织田信包 织田信孝 织田信忠 织田信长 津田信澄 织田信秀 织田信光,全职种,40,40,性急,胆小,理想,轻率,不重情义,88,武具,贪心,普通,平氏,已登场,织田信胜,部将,直臣,织田家,那古野城,无,已登场,织田信胜,城主,直臣,织田家,那古野城,无,已死亡,织田信胜,无效,无效,无,无效,无,已死亡,织田信胜,无效,无效,无,无效,无,已死亡,织田信胜,无效,无效,无,无效,无,已死亡,织田信胜,无效,无效,无,无效,无,已死亡,织田信胜,无效,无效,无,无效,无,已死亡,织田信胜,无效,无效,无,无效,无,已登场,织田信胜,浪人,其他,无,小田原之町,无,不可,,主角织田信长，信胜谋反
191,232,武将,织田信雄,織田信雄,精确匹配,织田信雄,100,lord_1_oda_5,clan_oda_1,kinai,Oda Nobukatsu,Oda Nobukatsu,1558,1572,1630,刀剑,31,34,32,24,36,0,0,0,0,1,0,0,1,0,0,0,0,2,2,2,0,无,强袭,无,织田信长,195,织田信秀,803,织田有乐 织田信胜 织田信包 织田信孝 织田信忠 织田信长 织田秀信 津田信澄 织田信秀,只限武将,25,25,性急,胆小,现实,轻率,不重情义,62,艺术品,贪心,嗜酒如命,平氏,未登场,织田信雄,部将,陪臣（织田信长）,织田家,那古野城,无,未登场,织田信雄,部将,陪臣（织田信长）,织田家,清洲城,无,未登场,织田信雄,部将,直臣,织田家,清洲城,无,未登场,织田信雄,部将,直臣,织田家,岐阜城,无,已登场,织田信雄,城主,直臣,织田家,大河内城,无,已登场,织田信雄,国主,直臣,织田家,安浓津城,无,已登场,织田信雄,大名,首领,织田家,长岛城,无,已登场,织田信雄,城主,直臣,德川家,一乘谷城,无,已登场,织田信雄,浪人,其他,无,小田原之町,无,一般条件,,
192,233,武将,织田信包,織田信包,精确匹配,织田信包,100,lord_1_oda_8,clan_oda_1,kinai,Oda Nobukane,Oda Nobukane,1543,1554,1614,刀剑,41,45,32,55,50,1,0,1,0,0,1,0,1,1,1,0,0,1,0,1,0,无,强袭,无,织田信秀,803,(织田信定),1306,织田有乐 织田信胜 织田信雄 织田信孝 织田信忠 织田信长 津田信澄 织田信秀 织田信光,全职种,0,0,温和,普通,普通,慎重,普通,34,艺术品,贪心,普通,平氏,未登场,织田信包,侍大将,直臣,织田家,那古野城,无,已登场,织田信包,侍大将,直臣,织田家,清洲城,无,已登场,织田信包,侍大将,直臣,织田家,清洲城,无,已登场,织田信包,侍大将,直臣,织田家,岐阜城,无,已登场,织田信包,侍大将,直臣,织田家,岐阜城,无,已登场,织田信包,侍大将,直臣,织田家,安土城,无,已登场,织田信包,部将,直臣,羽柴家,石山本愿寺,无,已登场,织田信包,城主,直臣,丰臣家,八上城,无,已登场,织田信包,浪人,其他,无,小田原之町,无,无要求,,
193,234,武将,织田信孝,織田信孝,精确匹配,织田信孝,100,lord_1_oda_6,clan_oda_1,kinai,Oda Nobutaka,Oda Nobutaka,1558,1572,1583,刀剑,64,58,42,12,44,2,2,1,1,0,1,1,0,1,0,0,0,1,0,1,0,无,强袭,无,织田信长,195,织田信秀,803,织田有乐 织田信胜 织田信雄 织田信包 织田信忠 织田信长 织田秀信 津田信澄 织田信秀,只限武将,85,85,性急,勇敢,理想,轻率,普通,82,武具,贪心,嗜酒如命,平氏,未登场,织田信孝,部将,陪臣（织田信长）,织田家,那古野城,无,未登场,织田信孝,部将,陪臣（织田信长）,织田家,清洲城,无,未登场,织田信孝,部将,直臣,织田家,清洲城,无,未登场,织田信孝,部将,直臣,织田家,岐阜城,无,已登场,织田信孝,城主,直臣,织田家,安浓津城,无,已登场,织田信孝,家老,直臣,织田家,安土城,无,已死亡,织田信孝,无效,无效,无,无效,无,已死亡,织田信孝,无效,无效,无,无效,无,已登场,织田信孝,浪人,其他,无,小田原之町,无,一般条件,,
194,235,武将,织田信忠,織田信忠,精确匹配,织田信忠,100,lord_1_oda_4,clan_oda_1,kinai,Oda Nobutada,Oda Nobutada,1557,1571,1582,刀剑,78,60,65,57,78,2,1,2,0,2,2,2,0,1,1,1,2,3,1,2,1,无,强袭，拔突，刚弓，铁壁,无,织田信长,195,织田信秀,803,织田有乐 织田信胜 织田信雄 织田信包 织田信孝 织田信长 织田秀信 津田信澄 织田信秀,只限武将,0,0,温和,普通,普通,轻率,重视情义,77,南蛮物,无欲,普通,平氏,未登场,织田信忠,部将,陪臣（织田信长）,织田家,那古野城,无,未登场,织田信忠,部将,陪臣（织田信长）,织田家,清洲城,无,未登场,织田信忠,部将,直臣,织田家,清洲城,无,未登场,织田信忠,部将,直臣,织田家,岐阜城,无,已登场,织田信忠,家老,直臣,织田家,岐阜城,无,已登场,织田信忠,国主,直臣,织田家,岐阜城,无,已死亡,织田信忠,无效,无效,无,无效,无,已死亡,织田信忠,无效,无效,无,无效,无,已登场,织田信忠,浪人,其他,无,小田原之町,无,一般条件,,
195,237,武将,织田信长,織田信長,精确匹配,织田信长,100,lord_1_oda,clan_oda_1,kinai,Oda Nobunaga,Oda Nobunaga,1534,1554,1582,枪,96,70,97,91,99,4,3,4,2,2,2,3,1,4,2,2,3,3,3,3,1,齐攻，齐射，枪炮乱射,强袭，拔突，急所击，刚弓，铁壁，丢钱,风雅之士,织田信秀,803,(织田信定),1306,织田有乐 织田信胜 织田信雄 织田信包 织田信孝 织田信忠 织田秀信 津田信澄 织田信秀 织田信光,只限武将,0,0,性急,勇敢,理想,轻率,普通,100,南蛮物,贪心,滴酒不沾,平氏,已登场,织田信长,部将,直臣,织田家,那古野城,无,已登场,织田信长,大名,首领,织田家,清洲城,无,已登场,织田信长,大名,首领,织田家,清洲城,无,已登场,织田信长,大名,首领,织田家,岐阜城,无,已登场,织田信长,大名,首领,织田家,岐阜城,无,已登场,织田信长,大名,首领,织田家,安土城,无,已死亡,织田信长,无效,无效,无,无效,无,已死亡,织田信长,无效,无效,无,无效,无,已登场,织田信长,浪人,其他,无,小田原之町,无,不可,,"主角明智光秀，本能寺之变
主角丰臣秀吉，山崎之战凯旋后
主角九鬼嘉隆，救出泷川一益后"
196,240,武将,织田秀信,織田秀信,姓氏推断,,75,oda_hidenobu,clan_oda_1,kinai,Oda Hidenobu,,1580,1594,1605,刀剑,16,24,29,31,79,0,0,1,0,0,0,0,0,0,0,0,0,2,0,3,0,无,强袭,无,织田信忠,194,织田信长,195,织田信雄 织田信孝 织田信忠 织田信长,只限武将,5,5,温和,胆小,现实,轻率,普通,23,南蛮物,普通,普通,平氏,未登场,织田秀信,足轻组头,陪臣（织田信忠）,织田家,那古野城,无,未登场,织田秀信,足轻组头,陪臣（织田信忠）,织田家,清洲城,无,未登场,织田秀信,足轻组头,陪臣（织田信忠）,织田家,清洲城,无,未登场,织田秀信,足轻组头,陪臣（织田信忠）,织田家,岐阜城,无,未登场,织田秀信,足轻组头,陪臣（织田信忠）,织田家,岐阜城,无,未登场,织田秀信,足轻组头,陪臣（织田信忠）,织田家,岐阜城,无,未登场,织田秀信,足轻组头,直臣,羽柴家,石山本愿寺,无,已登场,织田秀信,大名,首领,织田家,岐阜城,无,已登场,织田秀信,浪人,其他,无,小田原之町,无,一般条件,,
197,372,武将,小寺政职,小寺政職,精确匹配,小寺政职,100,lord_1_kodera,clan_kodera_1,kinai,Kodera Masamoto,Kodera Masamoto,1523,1554,1582,刀剑,49,39,55,56,47,1,1,0,1,1,1,0,0,0,0,1,1,1,1,1,0,无,强袭,无,,,,,,只限武将,80,80,普通,胆小,普通,普通,不重情义,54,艺术品,贪心,普通,源氏,已登场,小寺政职,城主,直臣,赤松家,御着城,无,已登场,小寺政职,城主,直臣,赤松家,御着城,无,已登场,小寺政职,城主,直臣,赤松家,御着城,无,已登场,小寺政职,城主,直臣,赤松家,御着城,无,已登场,小寺政职,城主,直臣,赤松家,姬路城,无,已死亡,小寺政职,无效,无效,无,无效,无,已死亡,小寺政职,无效,无效,无,无效,无,已死亡,小寺政职,无效,无效,无,无效,无,已登场,小寺政职,家老,直臣,小笠原家,小仓城,无,无要求,,
198,365,武将,小岛弥太郎,小島彌太郎,姓氏推断,,57,nanjo_yatarou,clan_nanjo_1,sanyo,Kojima Yataro,,1522,1554,1582,枪,56,88,5,12,59,2,1,1,0,2,3,0,0,0,0,0,0,0,0,0,0,无,强袭，连续斩，拔突，粘花，刚弓，卷枪，引落，柄返，刚力，铁壁,无,,,,,,只限武将,15,15,温和,勇敢,普通,慎重,普通,61,武具,贪心,嗜酒如命,其他,已登场,小岛弥太郎,足轻大将,直臣,长尾家,春日山城,无,已登场,小岛弥太郎,足轻大将,直臣,长尾家,春日山城,无,已登场,小岛弥太郎,足轻大将,直臣,长尾家,春日山城,无,已登场,小岛弥太郎,足轻大将,直臣,上杉家,春日山城,无,已登场,小岛弥太郎,足轻大将,直臣,上杉家,春日山城,无,已登场,小岛弥太郎,足轻大将,直臣,上杉家,春日山城,无,已死亡,小岛弥太郎,无效,无效,无,无效,无,已死亡,小岛弥太郎,无效,无效,无,无效,无,已登场,小岛弥太郎,水夫,直臣,村上水军,三岛之砦,无,一般条件,,
199,241,武将,鬼庭左月,鬼庭左月,姓氏推断,,50,oniniwa_hidarigatsu,clan_oniniwa_1,ou,Oniniwa Tsunamoto,,1513,1554,1585,刀剑,72,69,48,43,56,2,2,0,1,2,2,3,0,0,0,0,0,1,0,0,1,无,强袭，拔突，刚弓，铁壁,无,,,,,鬼庭纲元,只限武将,64,64,普通,勇敢,普通,轻率,重视情义,31,武具,无欲,普通,藤原氏,已登场,鬼庭良直,部将,直臣,伊达家,米泽城,无,已登场,鬼庭良直,部将,直臣,伊达家,米泽城,无,已登场,鬼庭良直,部将,直臣,伊达家,米泽城,无,已登场,鬼庭良直,部将,直臣,伊达家,米泽城,无,已登场,鬼庭左月,部将,直臣,伊达家,米泽城,无,已登场,鬼庭左月,部将,直臣,伊达家,米泽城,无,已登场,鬼庭左月,家老,直臣,伊达家,米泽城,无,已死亡,鬼庭左月,无效,无效,无,无效,无,已登场,鬼庭左月,头目,首领,户隐众,户隐之里,无,一般条件,,
200,242,武将,鬼庭纲元,鬼庭綱元,精确匹配,鬼庭纲元,100,lord_1_oniniwa_2,clan_oniniwa_1,ou,Oniniwa Tsunamoto,Oniniwa Tsunamoto,1549,1563,1640,刀剑,60,55,64,61,69,1,2,1,0,0,0,0,0,1,2,0,2,1,2,1,0,无,强袭,无,鬼庭左月,199,,,鬼庭左月,只限武将,64,64,温和,普通,现实,普通,普通,51,书籍,普通,普通,藤原氏,未登场,鬼庭纲元,足轻组头,陪臣（鬼庭良直）,伊达家,米泽城,无,未登场,鬼庭纲元,足轻组头,陪臣（鬼庭良直）,伊达家,米泽城,无,已登场,鬼庭纲元,足轻组头,陪臣（鬼庭良直）,伊达家,米泽城,无,已登场,鬼庭纲元,足轻组头,陪臣（鬼庭良直）,伊达家,米泽城,无,已登场,鬼庭纲元,足轻组头,陪臣（鬼庭左月）,伊达家,米泽城,无,已登场,鬼庭纲元,足轻组头,陪臣（鬼庭左月）,伊达家,米泽城,无,已登场,鬼庭纲元,足轻组头,陪臣（鬼庭左月）,伊达家,米泽城,无,已登场,茂庭纲元,部将,直臣,伊达家,仙台城,无,已登场,鬼庭纲元,上忍,直臣,户隐众,户隐之里,无,无要求,,
201,243,武将,小野镇幸,小野鎮幸,姓氏推断,,44,onodera,clan_onodera_1,ou,Ono Shige-yuki,,1545,1559,1609,刀剑,63,72,45,53,60,1,3,2,2,1,2,1,1,0,0,0,0,0,0,0,0,无,强袭，拔突，铁壁,无,,,,,,全职种,89,89,普通,勇敢,现实,普通,普通,47,武具,普通,普通,其他,未登场,小野镇幸,侍大将,直臣,大友家,府内城,无,未登场,小野镇幸,足轻大将,陪臣（户次鉴连）,大友家,府内城,无,已登场,小野镇幸,侍大将,直臣,大友家,府内城,无,已登场,小野镇幸,侍大将,直臣,大友家,府内城,无,已登场,小野镇幸,侍大将,直臣,大友家,府内城,无,已登场,小野镇幸,侍大将,陪臣（立花道雪）,大友家,立花山城,无,已登场,小野镇幸,侍大将,陪臣（立花宗茂）,大友家,立花山城,无,已登场,小野镇幸,部将,直臣,立花家,柳川城,无,已登场,小野镇幸,家老,直臣,小笠原家,小仓城,无,无要求,,
202,244,武将,小野善鬼,小野善鬼,姓氏推断,,44,onodera_zenoni,clan_onodera_1,ou,Ono Zenki,,1563,1577,1592,刀剑,21,90,11,8,45,1,1,0,0,2,4,2,3,0,0,0,0,0,0,0,0,无,强袭，连续斩，切落，绝妙剑，拂舍刀，拔突，二连苦无，半月，刚弓，金翅鸟王剑，当身，梦想剑，刚力，独妙剑，铁壁，辱骂,剑豪,,,,,,全职种,9,40,性急,勇敢,普通,轻率,普通,78,武具,贪心,嗜酒如命,其他,未登场,小野善鬼,浪人,其他,无,佐仓之町,无,未登场,小野善鬼,浪人,其他,无,佐仓之町,无,未登场,小野善鬼,浪人,其他,无,佐仓之町,无,未登场,小野善鬼,浪人,其他,无,佐仓之町,无,未登场,小野善鬼,浪人,其他,无,佐仓之町,无,已登场,小野善鬼,浪人,其他,无,佐仓之町,一刀流,已登场,小野善鬼,浪人,其他,无,佐仓之町,一刀流,已死亡,小野善鬼,无效,无效,无,无效,无,已登场,小野善鬼,中忍,直臣,户隐众,户隐之里,无,一般条件,,
203,245,武将,小野忠明,小野忠明,姓氏推断,,50,onodera_tadaaki,clan_onodera_1,ou,Ono Tadaaki,,1569,1583,1628,刀剑,44,90,9,52,58,1,0,0,0,1,4,3,0,0,0,0,0,1,0,0,0,无,强袭，连续斩，切落，绝妙剑，拂舍刀，拔突，金翅鸟王剑，当身，梦想剑，刚力，独妙剑，铁壁，辱骂,剑豪,,,,,,只限武将,90,10,普通,胆小,普通,轻率,普通,68,武具,普通,普通,其他,未登场,御子神典膳,浪人,其他,无,木更津之町,无,未登场,御子神典膳,浪人,其他,无,木更津之町,无,未登场,御子神典膳,浪人,其他,无,木更津之町,无,未登场,御子神典膳,浪人,其他,无,木更津之町,无,未登场,御子神典膳,浪人,其他,无,木更津之町,无,已登场,御子神典膳,浪人,其他,无,木更津之町,无,已登场,御子神典膳,浪人,其他,无,木更津之町,无,已登场,小野忠明,足轻大将,直臣,德川家,江户城,小野一刀流,已登场,御子神典膳,浪人,其他,无,丸龟之町,无,一般条件,,
99,121,伊奈忠次,伊奈,需新建,lord_1_inatadatsugu,Ina Tadatsugu,,,,,1550,1564,1610,病死,,,,,,全职种,88,88,性急,普通,现实,慎重,普通,20,书籍,无欲,滴酒不沾,源氏,刀剑,6,14,87,61,49,0,0,0,0,0,0,0,0,3,4,3,3,2,1,1,3,无,强袭，伤药，丢钱,名奉行,无要求,,,未登场,伊奈忠次,浪人,其他,无,冈崎之町,无,未登场,伊奈忠次,浪人,其他,无,冈崎之町,无,已登场,伊奈忠次,浪人,其他,无,冈崎之町,无,已登场,伊奈忠次,浪人,其他,无,冈崎之町,无,已登场,伊奈忠次,足轻组头,陪臣（德川信康）,德川家,冈崎城,无,已登场,伊奈忠次,足轻组头,直臣,德川家,滨松城,无,已登场,伊奈忠次,足轻组头,直臣,德川家,滨松城,无,已登场,伊奈忠次,部将,直臣,德川家,江户城,无,已登场,伊奈忠次,浪人,其他,无,江户之町,无,
205,247,武将,小野寺义道,小野寺義道,精确匹配,小野寺义道,100,lord_1_onodera_3,clan_onodera_1,ou,Onodera Yoshimichi,Onodera Yoshimichi,1566,1580,1645,刀剑,51,48,55,59,39,1,0,1,0,0,1,0,1,0,1,0,0,2,2,1,1,无,强袭,无,小野寺辉道,204,,,小野寺辉道,只限武将,2,2,温和,胆小,普通,普通,普通,55,艺术品,普通,普通,藤原氏,未登场,小野寺义道,家老,直臣,小野寺家,横手城,无,未登场,小野寺义道,部将,陪臣（小野寺辉道）,小野寺家,横手城,无,未登场,小野寺义道,家老,直臣,小野寺家,横手城,无,未登场,小野寺义道,家老,直臣,小野寺家,横手城,无,未登场,小野寺义道,家老,直臣,小野寺家,横手城,无,已登场,小野寺义道,大名,首领,小野寺家,横手城,无,已登场,小野寺义道,大名,首领,小野寺家,横手城,无,已登场,小野寺义道,大名,首领,小野寺家,横手城,无,已登场,小野寺义道,部将,直臣,小笠原家,小仓城,无,无要求,,
206,248,武将,小幡勘兵卫,小幡勘兵衛,姓氏推断,,44,obata_kanhei,clan_obata_1,kanto,Obata Kanbee,,1572,1586,1663,刀剑,60,52,7,68,49,2,1,2,1,1,1,4,0,1,0,1,2,0,3,0,2,风林火山,强袭,无,,,,,,全职种,60,60,普通,勇敢,普通,慎重,普通,71,书籍,贪心,普通,藤原氏,未登场,小幡勘兵卫,足轻组头,直臣,武田家,踯躅崎馆,无,未登场,小幡勘兵卫,足轻组头,直臣,武田家,踯躅崎馆,无,未登场,小幡勘兵卫,足轻组头,直臣,武田家,踯躅崎馆,无,未登场,小幡勘兵卫,足轻组头,直臣,武田家,踯躅崎馆,无,未登场,小幡勘兵卫,足轻组头,直臣,武田家,踯躅崎馆,无,未登场,小幡勘兵卫,足轻组头,直臣,武田家,甲府城,无,未登场,小幡勘兵卫,足轻组头,直臣,德川家,滨松城,无,已登场,小幡勘兵卫,足轻组头,直臣,德川家,江户城,无,已登场,小幡勘兵卫,部将,直臣,小笠原家,小仓城,无,无要求,,
100,122,稻富一梦,稻富,需新建,lord_1_inatomiichiyume,Inatomi Ichimu,,,,,1552,1566,1611,病死,,,,,,全职种,36,36,性急,勇敢,普通,轻率,普通,39,武具,无欲,普通,藤原氏,火绳枪,48,79,18,56,59,1,1,4,0,2,3,3,0,0,0,1,0,2,1,1,1,枪炮乱射，狙击，钓瓶击,强袭，连续斩，拔突，急所击，二挺击，刚弓，石火，乱射，刚力，铁壁，心眼,火枪高手,一般条件,,,未登场,稻富祐直,足轻组头,直臣,一色家,宫津城,无,未登场,稻富祐直,足轻组头,直臣,一色家,宫津城,无,未登场,稻富祐直,足轻组头,直臣,一色家,宫津城,无,已登场,稻富祐直,足轻组头,直臣,一色家,宫津城,稻富流,已登场,稻富祐直,足轻组头,直臣,一色家,宫津城,稻富流,已登场,稻富祐直,足轻组头,陪臣（细川藤孝）,织田家,宫津城,稻富流,已登场,稻富祐直,足轻大将,陪臣（细川忠兴）,羽柴家,宫津城,稻富流,已登场,稻富一梦,部将,直臣,细川家,宫津城,稻富流,已登场,稻富一梦,侍大将,直臣,一宫家,春日山城,稻富流,
101,123,稻叶一铁,稻叶,需新建,lord_1_inekanouichi,Inaba Ittetsu,,,,,1515,1554,1588,病死,,,,,稻叶贞通,只限武将,2,2,性急,勇敢,普通,轻率,重视情义,67,武具,贪心,嗜酒如命,其他,枪,80,72,59,73,75,2,3,3,0,2,2,3,0,1,0,0,0,0,1,1,1,无,强袭，拔突，急所击，刚弓，铁壁,无,一般条件,,,已登场,稻叶一铁,城主,直臣,斋藤家,曾根城,无,已登场,稻叶一铁,城主,直臣,斋藤家,曾根城,无,已登场,稻叶一铁,城主,直臣,斋藤家,曾根城,无,已登场,稻叶一铁,城主,直臣,织田家,曾根城,无,已登场,稻叶一铁,城主,直臣,织田家,曾根城,无,已登场,稻叶一铁,城主,直臣,织田家,曾根城,无,已登场,稻叶一铁,城主,直臣,羽柴家,曾根城,无,已死亡,稻叶一铁,无效,无效,无,无效,无,已登场,稻叶一铁,侍大将,直臣,一宫家,春日山城,无,
209,254,武将,小山田信茂,小山田信茂,精确匹配,小山田信茂,100,lord_1_oyamada,clan_oyamada_1,tosan,Oyamada Nobushige,Oyamada Nobushige,1539,1559,1582,刀剑,65,74,57,72,67,2,2,1,0,3,2,1,0,1,0,0,1,1,1,0,0,无,强袭，拔突，刚弓，铁壁,无,,,,,,全职种,59,59,温和,勇敢,现实,轻率,不重情义,78,武具,贪心,普通,平氏,未登场,小山田信茂,侍大将,陪臣（小山田信有）,武田家,踯躅崎馆,无,未登场,小山田信茂,侍大将,直臣,武田家,踯躅崎馆,无,已登场,小山田信茂,部将,直臣,武田家,踯躅崎馆,无,已登场,小山田信茂,部将,直臣,武田家,踯躅崎馆,无,已登场,小山田信茂,部将,直臣,武田家,踯躅崎馆,无,已登场,小山田信茂,城主,直臣,武田家,岩殿城,无,已死亡,小山田信茂,无效,无效,无,无效,无,已死亡,小山田信茂,无效,无效,无,无效,无,已登场,小山田信茂,家老,直臣,小笠原家,小仓城,无,一般条件,,
210,255,武将,甲斐宗运,甲斐宗運,精确匹配,甲斐宗运,100,lord_1_kai,clan_kai_1,saikai,Kai Soun,Kai Soun,1515,1554,1584,刀剑,81,59,69,86,74,3,2,2,0,1,1,3,0,1,0,0,0,3,3,1,2,无,强袭,无,,,,,,全职种,50,50,普通,勇敢,普通,普通,普通,56,书籍,普通,普通,藤原氏,已登场,甲斐宗运,家老,直臣,阿苏家,岩尾城,无,已登场,甲斐宗运,家老,直臣,阿苏家,岩尾城,无,已登场,甲斐宗运,家老,直臣,阿苏家,岩尾城,无,已登场,甲斐宗运,家老,直臣,阿苏家,岩尾城,无,已登场,甲斐宗运,家老,直臣,阿苏家,岩尾城,无,已登场,甲斐宗运,家老,直臣,阿苏家,岩尾城,无,已死亡,甲斐宗运,无效,无效,无,无效,无,已死亡,甲斐宗运,无效,无效,无,无效,无,已登场,甲斐宗运,浪人,其他,无,柳川之町,无,一般条件,,
102,124,稻叶贞通,稻叶,需新建,lord_1_inekanou,Inaba Sadamichi,,,,,1546,1554,1603,病死,稻叶一铁,101,,,稻叶一铁,只限武将,99,99,普通,胆小,现实,轻率,不重情义,34,书籍,普通,普通,其他,枪,42,53,49,50,52,0,1,1,0,0,1,0,0,0,0,0,0,0,2,1,0,无,拔突,无,无要求,,,未登场,稻叶贞通,足轻组头,陪臣（稻叶一铁）,斋藤家,曾根城,无,已登场,稻叶贞通,足轻组头,陪臣（稻叶一铁）,斋藤家,曾根城,无,已登场,稻叶贞通,足轻组头,陪臣（稻叶一铁）,斋藤家,曾根城,无,已登场,稻叶贞通,足轻组头,陪臣（稻叶一铁）,织田家,曾根城,无,已登场,稻叶贞通,足轻组头,陪臣（稻叶一铁）,织田家,曾根城,无,已登场,稻叶贞通,足轻大将,陪臣（稻叶一铁）,织田家,曾根城,无,已登场,稻叶贞通,足轻大将,陪臣（稻叶一铁）,羽柴家,曾根城,无,已登场,稻叶贞通,城主,直臣,织田家,曾根城,无,已登场,稻叶贞通,浪人,其他,无,足利之町,无,
103,125,稻叶正成,稻叶,需新建,lord_1_inekanoumasashige,Inaba Masanari,,,,,1571,1585,1628,病死,,,,,,全职种,95,95,温和,胆小,理想,普通,普通,55,艺术品,普通,滴酒不沾,其他,枪,40,52,44,72,46,0,1,1,0,0,1,0,0,0,0,0,0,0,2,0,1,无,拔突,无,无要求,,,未登场,稻叶正成,浪人,其他,无,井之口之町,无,未登场,稻叶正成,足轻组头,陪臣（稻叶一铁）,斋藤家,曾根城,无,未登场,稻叶正成,浪人,其他,无,井之口之町,无,未登场,稻叶正成,浪人,其他,无,岐阜之町,无,未登场,稻叶正成,足轻组头,陪臣（稻叶一铁）,织田家,曾根城,无,未登场,稻叶正成,浪人,其他,无,岐阜之町,无,未登场,稻叶正成,足轻组头,陪臣（稻叶一铁）,羽柴家,曾根城,无,已登场,稻叶正成,部将,直臣,小早川家,名岛城,无,已登场,稻叶正成,浪人,其他,无,鹿屋之町,无,
104,126,猪苗代盛国,猪苗代,精确匹配,lord_1_inawashiro,Inawashiro Morikuni,clan_inawashiro_1,ou,精确匹配织丰,,1536,1554,1589,病死,,,,,,全职种,64,64,性急,勇敢,理想,轻率,不重情义,83,艺术品,贪心,嗜酒如命,平氏,刀剑,51,63,32,43,42,1,1,0,0,1,1,0,1,0,1,1,1,1,1,0,1,无,强袭,无,无要求,,,已登场,猪苗代盛国,侍大将,直臣,芦名家,黑川城,无,已登场,猪苗代盛国,侍大将,直臣,芦名家,黑川城,无,已登场,猪苗代盛国,侍大将,直臣,芦名家,黑川城,无,已登场,猪苗代盛国,侍大将,直臣,芦名家,黑川城,无,已登场,猪苗代盛国,侍大将,直臣,芦名家,黑川城,无,已登场,猪苗代盛国,侍大将,直臣,芦名家,黑川城,无,已登场,猪苗代盛国,侍大将,直臣,芦名家,黑川城,无,已死亡,猪苗代盛国,无效,无效,无,无效,无,已登场,猪苗代盛国,上忍,直臣,根来众,根来之里,无,
214,259,武将,柿崎景家,柿崎景家,精确匹配,柿崎景家,100,lord_1_kakizaki,clan_kakizaki_1,hokuriku,Kakizaki Kageie,Kakizaki Kageie,1513,1554,1575,刀剑,88,82,19,16,51,2,3,1,1,1,1,2,0,0,1,0,1,0,0,0,1,车悬,强袭,无,,,,,,只限武将,19,1,性急,勇敢,普通,轻率,普通,44,武具,贪心,普通,源氏,已登场,柿崎景家,部将,直臣,长尾家,春日山城,无,已登场,柿崎景家,家老,直臣,长尾家,春日山城,无,已登场,柿崎景家,家老,直臣,长尾家,春日山城,无,已登场,柿崎景家,家老,直臣,上杉家,春日山城,无,已登场,柿崎景家,家老,直臣,上杉家,春日山城,无,已死亡,柿崎景家,无效,无效,无,无效,无,已死亡,柿崎景家,无效,无效,无,无效,无,已死亡,柿崎景家,无效,无效,无,无效,无,已登场,柿崎景家,浪人,其他,无,仙台之町,无,无要求,,
215,260,武将,蛎崎季广,蠣崎季廣,精确匹配,蛎崎季广,100,lord_2_kakizaki,clan_kakizaki_2,ou,Kakizaki Suehiro,Kakizaki Suehiro,1507,1554,1595,刀剑,64,42,70,76,69,2,2,1,2,0,0,2,0,0,2,1,2,1,3,0,1,无,强袭,无,,,,,蛎崎庆广,全职种,65,65,普通,普通,普通,慎重,普通,64,艺术品,普通,普通,源氏,已登场,蛎崎季广,城主,直臣,安东家,胜山馆,无,已登场,蛎崎季广,城主,直臣,安东家,胜山馆,无,已登场,蛎崎季广,城主,直臣,安东家,胜山馆,无,已登场,蛎崎季广,城主,直臣,安东家,胜山馆,无,已登场,蛎崎季广,城主,直臣,安东家,胜山馆,无,已登场,蛎崎季广,城主,直臣,安东家,胜山馆,无,已登场,蛎崎季广,部将,陪臣（蛎崎庆广）,安东家,胜山馆,无,已死亡,蛎崎季广,无效,无效,无,无效,无,已登场,蛎崎季广,船头,直臣,房总水军,冈本之砦,无,无要求,,
216,261,武将,蛎崎庆广,蠣崎慶廣,精确匹配,蛎崎庆广,100,lord_2_kakizaki_2,clan_kakizaki_2,ou,Kakizaki Yoshihiro,Kakizaki Yoshihiro,1549,1563,1616,刀剑,58,32,74,77,78,1,0,2,2,0,0,0,0,0,2,1,2,2,3,2,1,无,强袭,无,蛎崎季广,215,,,蛎崎季广,全职种,65,65,普通,勇敢,普通,普通,不重情义,83,艺术品,贪心,普通,源氏,未登场,蛎崎庆广,部将,陪臣（蛎崎季广）,安东家,胜山馆,无,未登场,蛎崎庆广,部将,陪臣（蛎崎季广）,安东家,胜山馆,无,已登场,蛎崎庆广,部将,陪臣（蛎崎季广）,安东家,胜山馆,无,已登场,蛎崎庆广,部将,陪臣（蛎崎季广）,安东家,胜山馆,无,已登场,蛎崎庆广,部将,陪臣（蛎崎季广）,安东家,胜山馆,无,已登场,蛎崎庆广,部将,陪臣（蛎崎季广）,安东家,胜山馆,无,已登场,蛎崎庆广,城主,直臣,安东家,胜山馆,无,已登场,蛎崎庆广,大名,首领,蛎崎家,松前城,无,已登场,蛎崎庆广,头领,首领,房总水军,冈本之砦,无,一般条件,,
105,129,猪子兵介,猪子,需新建,lord_1_inokohyousuke,Inoko Hyosuke,,,,,1530,1554,1582,病死,,,,,,全职种,10,0,温和,普通,普通,普通,重视情义,18,武具,无欲,普通,其他,枪,53,59,42,33,60,1,0,0,0,1,1,0,0,0,1,0,0,0,0,0,0,无,拔突,无,无要求,,,已登场,猪子兵介,足轻大将,直臣,斋藤家,稻叶山城,无,已登场,猪子兵介,足轻大将,直臣,斋藤家,稻叶山城,无,已登场,猪子兵介,足轻大将,直臣,织田家,清洲城,无,已登场,猪子兵介,足轻大将,直臣,织田家,岐阜城,无,已登场,猪子兵介,足轻大将,直臣,织田家,岐阜城,无,已登场,猪子兵介,足轻大将,直臣,织田家,安土城,无,已死亡,猪子兵介,无效,无效,无,无效,无,已死亡,猪子兵介,无效,无效,无,无效,无,已登场,猪子兵介,上忍,直臣,根来众,根来之里,无,
106,130,猪俣邦宪,猪俣,需新建,lord_1_inomatakuni,Inomata Kuninori,,,,,1549,1563,1590,战死,,,,,,全职种,41,41,普通,胆小,普通,轻率,普通,53,书籍,贪心,普通,其他,刀剑,25,46,12,70,34,0,1,0,0,1,1,2,0,1,0,1,1,2,3,0,1,无,强袭,无,无要求,,,未登场,猪俣邦宪,足轻大将,陪臣（北条氏邦）,北条家,小田原城,无,未登场,猪俣邦宪,足轻大将,陪臣（北条氏邦）,北条家,小田原城,无,已登场,猪俣邦宪,足轻组头,直臣,北条家,小田原城,无,已登场,猪俣邦宪,足轻大将,陪臣（北条氏邦）,北条家,馆林城,无,已登场,猪俣邦宪,足轻大将,陪臣（北条氏邦）,北条家,馆林城,无,已登场,猪俣邦宪,足轻大将,陪臣（北条氏邦）,北条家,馆林城,无,已登场,猪俣邦宪,足轻大将,陪臣（北条氏邦）,北条家,箕轮城,无,已死亡,猪俣邦宪,无效,无效,无,无效,无,已登场,猪俣邦宪,头目,首领,根来众,根来之里,无,
219,265,武将,葛西晴信,葛西晴信,精确匹配,葛西晴信,100,lord_1_kasai,clan_kasai_1,ou,Kasai Harunobu,Kasai Harunobu,1534,1554,1597,刀剑,26,29,44,51,48,1,0,0,0,0,1,0,0,0,0,0,1,0,1,0,0,无,强袭,无,葛西晴胤,854,,,葛西晴胤,只限武将,48,48,温和,胆小,普通,轻率,普通,14,书籍,无欲,滴酒不沾,平氏,已登场,葛西晴信,家老,直臣,葛西家,寺池城,无,已登场,葛西晴信,大名,首领,葛西家,寺池城,无,已登场,葛西晴信,大名,首领,葛西家,寺池城,无,已登场,葛西晴信,大名,首领,葛西家,寺池城,无,已登场,葛西晴信,大名,首领,葛西家,寺池城,无,已登场,葛西晴信,大名,首领,葛西家,寺池城,无,已登场,葛西晴信,大名,首领,葛西家,寺池城,无,已死亡,葛西晴信,无效,无效,无,无效,无,已登场,葛西晴信,部将,直臣,西园寺家,山形城,无,无要求,,
220,266,武将,笠原政尧,笠原政堯,姓氏推断,,75,matsuda_matsurigoto,clan_matsuda_1,kanto,Kasahara Masataka,,1550,1564,1590,刀剑,47,34,50,45,40,0,0,0,0,0,0,1,0,1,1,1,0,1,1,0,0,无,强袭,无,松田宪秀,678,,,松田宪秀,全职种,80,20,普通,普通,理想,轻率,不重情义,79,书籍,贪心,普通,源氏,未登场,笠原政尧,侍大将,直臣,北条家,小田原城,无,未登场,笠原政尧,侍大将,陪臣（松田宪秀）,北条家,小田原城,无,已登场,笠原政尧,侍大将,直臣,北条家,小田原城,无,已登场,笠原政尧,侍大将,直臣,北条家,小田原城,无,已登场,笠原政尧,侍大将,直臣,北条家,小田原城,无,已登场,笠原政尧,侍大将,直臣,北条家,小田原城,无,已登场,笠原政尧,侍大将,直臣,北条家,小田原城,无,已死亡,笠原政尧,无效,无效,无,无效,无,已登场,笠原政尧,浪人,其他,无,严岛之町,无,无要求,,
107,131,今井宗久,今井,需新建,lord_1_imaimunehisa,Imai Sokyu,,,,,1520,1555,1593,病死,,,,,今井宗薰,武将以外优先,0,0,温和,勇敢,普通,慎重,不重情义,77,南蛮物,贪心,普通,其他,枪,46,35,82,79,74,0,0,1,0,0,1,0,0,0,0,0,4,3,4,4,2,无,拔突，丢钱，贿赂，大宴宾客,茶宗,一般条件,,主角吕宋助左卫门，剧情流程,已登场,今井宗久,当家,首领,纳屋,堺之町,无,已登场,今井宗久,当家,首领,纳屋,堺之町,无,已登场,今井宗久,当家,首领,纳屋,堺之町,无,已登场,今井宗久,当家,首领,纳屋,堺之町,无,已登场,今井宗久,当家,首领,纳屋,堺之町,无,已登场,今井宗久,当家,首领,纳屋,堺之町,无,已登场,今井宗久,当家,首领,纳屋,堺之町,无,已死亡,今井宗久,无效,无效,无,无效,无,已登场,今井宗久,浪人,其他,无,松仓之町,无,
108,132,今井宗薰,今井,需新建,lord_1_imaishuukun,Imai Sokun,,,,,1552,1566,1627,病死,今井宗久,107,,,今井宗久,武将以外优先,90,90,普通,胆小,普通,轻率,普通,47,艺术品,贪心,普通,其他,枪,24,31,51,46,60,0,0,0,0,0,0,0,0,0,1,0,3,2,2,3,1,无,拔突，丢钱,无,无要求,,,未登场,今井宗薰,掌柜,直臣,纳屋,堺之町,无,未登场,今井宗薰,掌柜,直臣,纳屋,堺之町,无,未登场,今井宗薰,掌柜,直臣,纳屋,堺之町,无,已登场,今井宗薰,掌柜,直臣,纳屋,堺之町,无,已登场,今井宗薰,掌柜,直臣,纳屋,堺之町,无,已登场,今井宗薰,掌柜,直臣,纳屋,堺之町,无,已登场,今井宗薰,掌柜,直臣,纳屋,堺之町,无,已登场,今井宗薰,当家,首领,纳屋,堺之町,无,已登场,今井宗薰,浪人,其他,无,松江之町,无,
109,133,今川氏真,今川,精确匹配,lord_1_imagawa,Imagawa Ujizane,clan_imagawa_1,tokai,精确匹配织丰,,1538,1554,1614,病死,今川义元,110,,,今川义元,全职种,79,78,温和,胆小,现实,慎重,不重情义,2,艺术品,贪心,嗜酒如命,源氏,刀剑,13,57,62,17,40,0,0,0,0,0,1,0,0,0,1,0,0,4,0,3,1,无,强袭,无,一般条件,,,已登场,今川氏真,部将,直臣,今川家,骏府城,新当流,已登场,今川氏真,家老,直臣,今川家,骏府城,新当流,已登场,今川氏真,家老,直臣,今川家,骏府城,新当流,已登场,今川氏真,大名,首领,今川家,曳马城,新当流,已登场,今川氏真,浪人,其他,无,小田原之町,新当流,已登场,今川氏真,浪人,其他,无,小田原之町,新当流,已登场,今川氏真,浪人,其他,无,小田原之町,新当流,已登场,今川氏真,足轻组头,直臣,德川家,江户城,新当流,已登场,今川氏真,侍大将,直臣,河尻家,水户城,新当流,
110,134,今川义元,今川,姓氏推断,lord_1_Katagiri_Katsumoto,Imagawa Katsumoto,clan_imagawa_1,tosan,家族和文化自动推断,,1519,1554,1560,战死,,,,,今川氏真,只限武将,48,48,温和,普通,理想,轻率,普通,72,艺术品,贪心,嗜酒如命,源氏,弓,90,24,87,76,79,4,2,1,1,4,1,3,0,2,3,4,1,4,2,3,1,弓箭乱射，进水,刚弓，神弓，天弓，心眼，鸣弦,弓术名人,不可,,主角织田信长，桶狭间之战胜利,已登场,今川义元,大名,首领,今川家,骏府城,无,已登场,今川义元,大名,首领,今川家,骏府城,无,已登场,今川义元,大名,首领,今川家,骏府城,无,已死亡,今川义元,无效,无效,无,无效,无,已死亡,今川义元,无效,无效,无,无效,无,已死亡,今川义元,无效,无效,无,无效,无,已死亡,今川义元,无效,无效,无,无效,无,已死亡,今川义元,无效,无效,无,无效,无,已登场,今川义元,侍大将,直臣,河尻家,水户城,无,
225,272,武将,片仓景纲,片倉景綱,精确匹配,片仓景纲,100,lord_1_katakura_4,clan_katakura_1,ou,Katakura Kagetsuna,Katakura Kagetsuna,1557,1571,1615,刀剑,80,69,72,77,81,2,2,2,0,0,3,1,0,1,2,1,1,0,1,0,0,骑射突击,强袭，连续斩，八神太刀，拔突，刚力，金刚力，铁壁，气声，大喝,无,,,,,片仓重长,只限武将,62,62,普通,勇敢,普通,慎重,普通,40,武具,无欲,普通,藤原氏,未登场,片仓景纲,足轻组头,直臣,伊达家,米泽城,新当流,未登场,片仓景纲,足轻组头,直臣,伊达家,米泽城,新当流,未登场,片仓景纲,足轻组头,直臣,伊达家,米泽城,新当流,未登场,片仓景纲,足轻组头,直臣,伊达家,米泽城,新当流,已登场,片仓景纲,足轻组头,直臣,伊达家,米泽城,新当流,已登场,片仓景纲,足轻组头,直臣,伊达家,米泽城,新当流,已登场,片仓景纲,侍大将,直臣,伊达家,米泽城,新当流,已登场,片仓景纲,部将,直臣,伊达家,仙台城,新当流,已登场,片仓景纲,浪人,其他,无,今治之町,新当流,一般条件,,
111,168,宇野藤右卫门,宇野,需新建,lord_1_unofujimigi,Uno Fujiemon,,,,,1534,1554,1591,病死,,,,,宇野源十郎,武将以外优先,82,82,温和,普通,普通,普通,普通,39,书籍,贪心,普通,其他,枪,17,23,51,61,54,0,0,0,1,0,0,0,1,1,1,1,3,1,2,1,4,无,拔突，伤药，止血，丢钱，大宴宾客,风雅之士,无要求,,,已登场,宇野藤右卫门,当家,首领,虎屋,小田原之町,无,已登场,宇野藤右卫门,当家,首领,虎屋,小田原之町,无,已登场,宇野藤右卫门,当家,首领,虎屋,小田原之町,无,已登场,宇野藤右卫门,当家,首领,虎屋,小田原之町,无,已登场,宇野藤右卫门,当家,首领,虎屋,小田原之町,无,已登场,宇野藤右卫门,当家,首领,虎屋,小田原之町,无,已登场,宇野藤右卫门,当家,首领,虎屋,小田原之町,无,已死亡,宇野藤右卫门,无效,无效,无,无效,无,已登场,宇野藤右卫门,浪人,其他,无,油津之町,无,
112,136,色部胜长,色部,精确匹配,lord_1_irobe,Irobe Katsunaga,clan_irobe_1,hokuriku,精确匹配织丰,,1493,1554,1568,病死,,,,,色部长实 色部显长,全职种,15,15,性急,勇敢,普通,轻率,普通,40,武具,普通,普通,平氏,刀剑,69,72,31,37,41,3,2,1,0,1,1,2,0,1,0,1,1,1,1,1,0,无,强袭,无,一般条件,,,已登场,色部胜长,部将,直臣,长尾家,春日山城,无,已登场,色部胜长,部将,直臣,长尾家,春日山城,无,已登场,色部胜长,家老,直臣,长尾家,春日山城,无,已登场,色部胜长,部将,直臣,上杉家,春日山城,无,已死亡,色部胜长,无效,无效,无,无效,无,已死亡,色部胜长,无效,无效,无,无效,无,已死亡,色部胜长,无效,无效,无,无效,无,已死亡,色部胜长,无效,无效,无,无效,无,已登场,色部胜长,浪人,其他,无,长滨之町,无,
113,137,色部长实,色部,精确匹配,lord_1_irobe_3,Irobe Nagazane,clan_irobe_1,hokuriku,精确匹配织丰,,1553,1567,1592,病死,色部胜长,112,,,色部胜长 色部显长,全职种,15,15,普通,普通,普通,普通,普通,27,书籍,普通,普通,平氏,刀剑,44,51,40,46,53,2,1,1,0,0,0,1,0,1,0,0,0,1,1,0,0,无,强袭,无,无要求,,,未登场,色部长实,足轻组头,直臣,长尾家,春日山城,无,未登场,色部长实,足轻组头,陪臣（色部胜长）,长尾家,春日山城,无,未登场,色部长实,足轻组头,陪臣（色部胜长）,长尾家,春日山城,无,已登场,色部长实,足轻组头,直臣,上杉家,春日山城,无,已登场,色部长实,足轻组头,直臣,上杉家,春日山城,无,已登场,色部长实,足轻大将,直臣,上杉家,春日山城,无,已登场,色部长实,足轻大将,直臣,上杉家,春日山城,无,已死亡,色部长实,无效,无效,无,无效,无,已登场,色部长实,浪人,其他,无,长滨之町,无,
114,138,岩成友通,岩成,需新建,lord_1_iwanaritomomichi,Iwanari Tomomichi,,,,,1519,1554,1573,战死,,,,,,全职种,50,50,性急,勇敢,理想,轻率,普通,65,武具,贪心,普通,源氏,刀剑,45,44,49,53,36,1,1,1,0,0,1,1,0,0,0,0,1,0,0,0,1,无,强袭,无,无要求,,,已登场,岩成友通,部将,陪臣（三好长庆）,细川家,芥川城,无,已登场,岩成友通,家老,直臣,三好家,饭盛城,无,已登场,岩成友通,家老,直臣,三好家,饭盛城,无,已登场,岩成友通,家老,直臣,三好家,胜瑞城,无,已死亡,岩成友通,无效,无效,无,无效,无,已死亡,岩成友通,无效,无效,无,无效,无,已死亡,岩成友通,无效,无效,无,无效,无,已死亡,岩成友通,无效,无效,无,无效,无,已登场,岩成友通,浪人,其他,无,杂贺之町,无,
115,140,犬童赖安,犬童,精确匹配,lord_1_indo,Indo Yoriyasu,clan_indo_1,saikai,精确匹配织丰,,1521,1554,1606,病死,,,,,,只限武将,51,51,普通,普通,普通,普通,普通,46,武具,无欲,滴酒不沾,藤原氏,刀剑,76,68,43,60,44,2,0,1,1,1,1,1,0,0,0,1,1,3,1,2,1,无,强袭,无,无要求,,,已登场,犬童赖安,部将,直臣,相良家,人吉城,无,已登场,犬童赖安,部将,直臣,相良家,人吉城,无,已登场,犬童赖安,部将,直臣,相良家,人吉城,无,已登场,犬童赖安,部将,直臣,相良家,人吉城,无,已登场,犬童赖安,部将,直臣,相良家,人吉城,无,已登场,犬童赖安,部将,直臣,相良家,人吉城,无,已登场,犬童赖安,家老,直臣,相良家,人吉城,无,已登场,犬童赖安,家老,直臣,相良家,人吉城,无,已登场,犬童赖安,头目,首领,透波众,透波之里,无,
116,141,上杉景胜,上杉,精确匹配,lord_1_uesugi_5,Uesugi Kagekatsu,clan_uesugi_1,hokuriku,精确匹配织丰,,1555,1569,1623,病死,长尾政景,528,,,长尾政景,只限武将,11,15,性急,勇敢,理想,慎重,重视情义,90,书籍,无欲,滴酒不沾,藤原氏,刀剑,81,71,82,66,83,2,2,2,1,2,1,4,0,2,2,3,2,1,1,2,1,车悬，毘沙门天,强袭，刚弓,无,一般条件,,,未登场,上杉景胜,部将,直臣,长尾家,春日山城,无,未登场,上杉景胜,侍大将,陪臣（长尾政景）,长尾家,春日山城,无,未登场,上杉景胜,部将,直臣,长尾家,春日山城,无,未登场,上杉景胜,部将,直臣,上杉家,春日山城,无,已登场,上杉景胜,部将,直臣,上杉家,春日山城,无,已登场,上杉景胜,大名,首领,上杉家,春日山城,无,已登场,上杉景胜,大名,首领,上杉家,春日山城,无,已登场,上杉景胜,大名,首领,上杉家,会津若松城,无,已登场,上杉景胜,家老,直臣,上泉家,内城,无,
117,142,上杉景虎,上杉,姓氏推断,lord_1_uesugi_kagetora,Uesugi Mitsuyasu,clan_uesugi_1,hokuriku,家族和文化自动推断,,1552,1568,1579,战死,北条氏康,630,北条氏纲,###,北条氏邦 北条氏繁 北条氏照 北条氏直 北条氏规 北条氏政 北条氏康,全职种,15,80,普通,普通,普通,轻率,普通,74,艺术品,普通,普通,平氏,刀剑,64,63,51,67,53,1,2,1,0,1,1,2,0,0,0,1,2,0,1,1,0,狮子奋迅,强袭,无,一般条件,,,未登场,北条三郎,部将,直臣,北条家,小田原城,无,未登场,北条三郎,侍大将,直臣,北条家,小田原城,无,未登场,北条三郎,部将,直臣,北条家,小田原城,无,已登场,北条三郎,部将,直臣,北条家,小田原城,无,已登场,上杉景虎,部将,直臣,上杉家,春日山城,无,已死亡,上杉景虎,无效,无效,无,无效,无,已死亡,上杉景虎,无效,无效,无,无效,无,已死亡,上杉景虎,无效,无效,无,无效,无,已登场,上杉景虎,中忍,直臣,伊贺众,伊贺之里,无,
118,143,上杉景信,上杉,姓氏推断,lord_1_uesugi_kagenobu,Uesugi Yoshiaki,clan_uesugi_1,hokuriku,家族和文化自动推断,,1527,1554,1578,病死,,,,,,只限武将,14,14,普通,普通,普通,慎重,普通,25,书籍,无欲,普通,藤原氏,刀剑,60,33,66,61,57,1,1,1,0,0,1,1,0,1,2,2,1,0,0,0,1,无,强袭,无,无要求,,,已登场,上杉景信,部将,直臣,长尾家,春日山城,无,已登场,长尾景信,部将,直臣,长尾家,春日山城,无,已登场,长尾景信,部将,直臣,长尾家,春日山城,无,已登场,上杉景信,部将,直臣,上杉家,春日山城,无,已登场,上杉景信,部将,直臣,上杉家,春日山城,无,已死亡,上杉景信,无效,无效,无,无效,无,已死亡,上杉景信,无效,无效,无,无效,无,已死亡,上杉景信,无效,无效,无,无效,无,已登场,上杉景信,家老,直臣,上泉家,内城,无,
119,144,上杉谦信,上杉,精确匹配,lord_1_uesugi,Uesugi Kenshin,clan_uesugi_1,hokuriku,精确匹配织丰,,1530,1554,1578,病死,,,,,,只限武将,15,15,性急,勇敢,理想,轻率,重视情义,89,武具,无欲,普通,藤原氏,刀剑,100,90,63,79,92,4,4,2,1,2,4,4,1,2,3,4,2,4,2,2,2,强行突破，车悬，城门爆破，毘沙门天,强袭，连续斩，拔突，刚弓，当身，刚力，铁壁,剑客，军师,不可,,"主角上杉景胜，御馆之乱
    主角柴田胜家，手取川之战胜利",已登场,长尾景虎,大名,首领,长尾家,春日山城,无,已登场,长尾景虎,大名,首领,长尾家,春日山城,无,已登场,长尾景虎,大名,首领,长尾家,春日山城,无,已登场,上杉谦信,大名,首领,上杉家,春日山城,无,已登场,上杉谦信,大名,首领,上杉家,春日山城,无,已死亡,上杉谦信,无效,无效,无,无效,无,已死亡,上杉谦信,无效,无效,无,无效,无,已死亡,上杉谦信,无效,无效,无,无效,无,已登场,上杉谦信,家老,直臣,上泉家,内城,无,
120,294,神屋宗湛,神屋,需新建,lord_1_kamiyasoutan,Kamiya Sotan,,,,,1553,1565,1635,病死,神屋绍策,845,,,神屋绍策,武将以外优先,1,1,温和,勇敢,普通,轻率,普通,72,南蛮物,贪心,普通,其他,枪,31,26,67,77,68,0,0,0,1,1,0,0,1,3,2,3,4,2,2,4,2,无,拔突，丢钱，贿赂,风雅之士,无要求,,,未登场,神屋宗湛,掌柜,直臣,神屋,博多之町,无,未登场,神屋宗湛,浪人,其他,无,博多之町,无,未登场,神屋宗湛,掌柜,直臣,神屋,博多之町,无,已登场,神屋宗湛,当家,首领,神屋,博多之町,无,已登场,神屋宗湛,当家,首领,神屋,博多之町,无,已登场,神屋宗湛,当家,首领,神屋,博多之町,无,已登场,神屋宗湛,当家,首领,神屋,博多之町,无,已登场,神屋宗湛,当家,首领,神屋,博多之町,无,已登场,神屋宗湛,浪人,其他,无,甲府之町,无,
121,406,坂田源右卫门,坂田,模糊匹配,spc_tango_kaizoku_leader_3,Sakata Genemon,,sanyo,,,1511,1554,1580,病死,,,,,,武将以外优先,80,80,性急,普通,现实,轻率,不重情义,40,艺术品,贪心,嗜酒如命,其他,枪,16,23,45,54,34,0,0,0,0,0,0,1,0,0,0,3,3,2,2,1,0,无,拔突，丢钱，大宴宾客,风雅之士,无要求,,,已登场,坂田源右卫门,当家,首领,坂田屋,甲府之町,无,已登场,坂田源右卫门,当家,首领,坂田屋,甲府之町,无,已登场,坂田源右卫门,当家,首领,坂田屋,甲府之町,无,已登场,坂田源右卫门,当家,首领,坂田屋,甲府之町,无,已登场,坂田源右卫门,当家,首领,坂田屋,甲府之町,无,已死亡,坂田源右卫门,无效,无效,无,无效,无,已死亡,坂田源右卫门,无效,无效,无,无效,无,已死亡,坂田源右卫门,无效,无效,无,无效,无,已登场,坂田源右卫门,浪人,其他,无,松仓之町,无,
122,148,鹈饲孙六,鹈饲,需新建,lord_1_Kane_Makoto,Ukai Magoroku,,,,,1530,1554,1589,病死,,,,,,武将以外优先,86,88,普通,勇敢,现实,轻率,重视情义,44,武具,无欲,普通,其他,苦无,65,71,33,59,46,3,2,2,1,2,2,2,3,0,0,0,0,0,2,0,2,奈落之术，雷爆之术,强袭，拔突，二连苦无，半月，刚弓，毒苦无，十字投，叠返之术，铁壁,无,无要求,,,已登场,鹈饲孙六,中忍,直臣,甲贺众,甲贺之里,无,已登场,鹈饲孙六,中忍,直臣,甲贺众,甲贺之里,无,已登场,鹈饲孙六,中忍,直臣,甲贺众,甲贺之里,无,已登场,鹈饲孙六,中忍,直臣,甲贺众,甲贺之里,无,已登场,鹈饲孙六,中忍,直臣,甲贺众,甲贺之里,无,已登场,鹈饲孙六,中忍,直臣,甲贺众,甲贺之里,无,已登场,鹈饲孙六,中忍,直臣,甲贺众,甲贺之里,无,已死亡,鹈饲孙六,无效,无效,无,无效,无,已登场,鹈饲孙六,部将,直臣,六角家,大坂城,无,
238,290,武将,蒲池鉴盛,蒲池鑒盛,精确匹配,蒲池鉴盛,100,lord_1_kamachi,clan_kamachi_1,saikai,Kamachi Akimori,Kamachi Akimori,1519,1554,1578,刀剑,55,56,62,72,41,1,0,1,1,1,0,1,0,0,1,1,3,1,2,1,0,无,强袭，丢钱,无,,,,,,只限武将,70,70,温和,胆小,现实,慎重,普通,29,书籍,无欲,普通,藤原氏,已登场,蒲池鉴盛,城主,直臣,大友家,柳川城,无,已登场,蒲池鉴盛,城主,直臣,大友家,柳川城,无,已登场,蒲池鉴盛,城主,直臣,大友家,柳川城,无,已登场,蒲池鉴盛,城主,直臣,大友家,柳川城,无,已登场,蒲池鉴盛,城主,直臣,大友家,柳川城,无,已死亡,蒲池鉴盛,无效,无效,无,无效,无,已死亡,蒲池鉴盛,无效,无效,无,无效,无,已死亡,蒲池鉴盛,无效,无效,无,无效,无,已登场,蒲池鉴盛,水夫,直臣,五岛水军,江川之砦,无,无要求,,
123,149,宇喜多忠家,宇喜多,精确匹配,lord_1_ukita_6,Ukita Tadaie,clan_ukita_1,sanyo,精确匹配织丰,,1536,1554,1609,病死,宇喜多兴家,1307,,,宇喜多直家 宇喜多秀家 坂崎直盛,全职种,15,15,温和,普通,现实,慎重,普通,23,书籍,普通,普通,其他,刀剑,71,54,63,69,64,1,0,1,0,1,1,1,0,2,1,1,2,1,1,2,2,无,强袭,无,无要求,,,未登场,宇喜多忠家,侍大将,陪臣（宇喜多直家）,浦上家,天神山城,无,已登场,宇喜多忠家,侍大将,陪臣（宇喜多直家）,浦上家,天神山城,无,已登场,宇喜多忠家,侍大将,陪臣（宇喜多直家）,浦上家,天神山城,无,已登场,宇喜多忠家,侍大将,陪臣（宇喜多直家）,浦上家,天神山城,无,已登场,宇喜多忠家,侍大将,陪臣（宇喜多直家）,浦上家,冈山城,无,已登场,宇喜多忠家,家老,直臣,宇喜多家,冈山城,无,已登场,宇喜多忠家,家老,直臣,宇喜多家,冈山城,无,已登场,宇喜多忠家,家老,直臣,宇喜多家,冈山城,无,已登场,宇喜多忠家,浪人,其他,无,松江之町,无,
240,296,武将,蒲生氏乡,蒲生氏鄉,精确匹配,蒲生氏乡,100,lord_1_gamou_2,clan_gamou_1,kinai,Gamou Ujisato,Gamou Ujisato,1556,1570,1595,弓,77,72,90,82,88,2,2,2,1,3,1,2,0,3,4,2,4,3,4,4,1,土龙攻，激励，加护,刚弓，神弓，心眼，丢钱，贿赂,风雅之士,蒲生贤秀,241,蒲生定秀,242,蒲生贤秀 蒲生定秀 蒲生秀行,全职种,24,24,普通,普通,普通,慎重,普通,69,艺术品,普通,普通,藤原氏,未登场,蒲生赋秀,足轻组头,陪臣（蒲生定秀）,六角家,日野城,无,未登场,蒲生赋秀,足轻组头,陪臣（蒲生贤秀）,六角家,日野城,无,未登场,蒲生赋秀,足轻组头,陪臣（蒲生定秀）,六角家,日野城,无,未登场,蒲生赋秀,足轻组头,陪臣（蒲生定秀）,织田家,日野城,无,已登场,蒲生赋秀,足轻组头,陪臣（蒲生定秀）,织田家,日野城,无,已登场,蒲生氏乡,足轻大将,陪臣（蒲生贤秀）,织田家,日野城,无,已登场,蒲生氏乡,城主,直臣,羽柴家,日野城,无,已死亡,蒲生氏乡,无效,无效,无,无效,无,已登场,蒲生氏乡,浪人,其他,无,大凑之町,无,一般条件,,
241,297,武将,蒲生贤秀,蒲生賢秀,精确匹配,蒲生贤秀,100,lord_1_gamou,clan_gamou_1,kinai,Gamou Katahide,Gamou Katahide,1534,1554,1584,弓,58,46,64,66,58,0,1,0,0,2,0,1,0,1,0,0,0,1,2,1,0,无,刚弓,无,蒲生定秀,242,,,蒲生氏乡 蒲生定秀 蒲生秀行,只限武将,24,24,温和,普通,现实,慎重,普通,42,艺术品,无欲,滴酒不沾,藤原氏,已登场,蒲生贤秀,侍大将,陪臣（蒲生定秀）,六角家,日野城,无,已登场,蒲生贤秀,侍大将,陪臣（蒲生定秀）,六角家,日野城,无,已登场,蒲生贤秀,侍大将,陪臣（蒲生定秀）,六角家,日野城,无,已登场,蒲生贤秀,侍大将,陪臣（蒲生定秀）,织田家,日野城,无,已登场,蒲生贤秀,侍大将,陪臣（蒲生定秀）,织田家,日野城,无,已登场,蒲生贤秀,城主,直臣,织田家,日野城,无,已登场,蒲生贤秀,部将,陪臣（蒲生氏乡）,羽柴家,日野城,无,已死亡,蒲生贤秀,无效,无效,无,无效,无,已登场,蒲生贤秀,浪人,其他,无,大凑之町,无,无要求,,
242,298,武将,蒲生定秀,蒲生定秀,姓氏推断,,75,gamou_sadahide,clan_gamou_1,kinai,Gamou Sadahide,,1508,1554,1579,弓,70,49,45,76,49,2,1,0,0,2,1,1,0,1,2,2,3,1,0,0,2,无,刚弓，丢钱,无,,,,,蒲生氏乡 蒲生贤秀,只限武将,24,24,性急,勇敢,理想,慎重,不重情义,67,艺术品,贪心,嗜酒如命,藤原氏,已登场,蒲生定秀,城主,直臣,六角家,日野城,无,已登场,蒲生定秀,城主,直臣,六角家,日野城,无,已登场,蒲生定秀,城主,直臣,六角家,日野城,无,已登场,蒲生定秀,城主,直臣,织田家,日野城,无,已登场,蒲生定秀,城主,直臣,织田家,日野城,无,已死亡,蒲生定秀,无效,无效,无,无效,无,已死亡,蒲生定秀,无效,无效,无,无效,无,已死亡,蒲生定秀,无效,无效,无,无效,无,已登场,蒲生定秀,浪人,其他,无,大凑之町,无,无要求,,
243,300,武将,蒲生赖乡,蒲生賴鄉,姓氏推断,,75,gamou,clan_gamou_1,kinai,Gamou Yorikuni,,1558,1572,1600,刀剑,69,77,25,35,61,1,2,1,0,2,3,0,1,0,0,0,0,2,0,0,0,无,强袭，连续斩，拔突，刚弓，刚力，铁壁,无,,,,,,只限武将,15,15,性急,勇敢,理想,轻率,重视情义,35,武具,无欲,嗜酒如命,藤原氏,未登场,横山喜内,足轻组头,陪臣（蒲生定秀）,六角家,日野城,无,未登场,横山喜内,足轻组头,陪臣（蒲生定秀）,六角家,日野城,无,未登场,横山喜内,足轻组头,陪臣（蒲生定秀）,六角家,日野城,无,未登场,横山喜内,足轻组头,陪臣（蒲生定秀）,织田家,日野城,无,已登场,横山喜内,足轻组头,陪臣（蒲生定秀）,织田家,日野城,无,已登场,横山喜内,足轻组头,陪臣（蒲生贤秀）,织田家,日野城,无,已登场,蒲生赖乡,足轻组头,陪臣（蒲生氏乡）,羽柴家,日野城,无,已登场,蒲生赖乡,部将,陪臣（石田三成）,丰臣家,佐和山城,无,已登场,蒲生赖乡,浪人,其他,无,诹访之町,无,一般条件,,
244,299,武将,蒲生秀行,蒲生秀行,姓氏推断,,75,gamou_hideyuki,clan_gamou_1,kinai,Gamou Hideyuki,,1583,1596,1612,弓,54,41,57,26,41,0,0,0,0,0,0,0,0,0,1,1,0,1,0,1,0,无,刚弓,无,蒲生氏乡,240,蒲生贤秀,241,蒲生氏乡 蒲生贤秀,全职种,5,5,温和,胆小,普通,慎重,普通,42,艺术品,普通,普通,藤原氏,未登场,蒲生秀行,足轻组头,陪臣（蒲生赋秀）,六角家,日野城,无,未登场,蒲生秀行,足轻组头,陪臣（蒲生赋秀）,六角家,日野城,无,未登场,蒲生秀行,足轻组头,陪臣（蒲生赋秀）,六角家,日野城,无,未登场,蒲生秀行,足轻组头,陪臣（蒲生赋秀）,织田家,日野城,无,未登场,蒲生秀行,足轻组头,陪臣（蒲生赋秀）,织田家,日野城,无,未登场,蒲生秀行,足轻组头,陪臣（蒲生氏乡）,织田家,日野城,无,未登场,蒲生秀行,足轻组头,陪臣（蒲生氏乡）,羽柴家,日野城,无,已登场,蒲生秀行,大名,首领,蒲生家,宇都宫城,无,已登场,蒲生秀行,浪人,其他,无,宇须岸之町,无,无要求,,
245,302,武将,川上忠智,川上忠智,精确匹配,川上忠智,100,lord_1_kawakami_11,clan_kawakami_1,saikai,Kawakami Tadatomo,Kawakami Tadatomo,1545,1559,1588,枪,61,80,34,36,59,2,2,1,1,0,3,1,0,0,0,0,0,0,0,0,0,无,强袭，连续斩，拔突，粘花，卷枪，引落，柄返，刚力，铁壁,无,,,,,,只限武将,32,32,普通,勇敢,普通,轻率,普通,72,武具,普通,普通,源氏,未登场,川上忠智,侍大将,直臣,岛津家,内城,无,未登场,川上忠智,侍大将,直臣,岛津家,内城,无,已登场,川上忠智,侍大将,直臣,岛津家,内城,无,已登场,川上忠智,侍大将,直臣,岛津家,内城,无,已登场,川上忠智,侍大将,直臣,岛津家,内城,无,已登场,川上忠智,侍大将,直臣,岛津家,内城,无,已登场,川上忠智,侍大将,直臣,岛津家,内城,无,已死亡,川上忠智,无效,无效,无,无效,无,已登场,川上忠智,家老,直臣,河尻家,水户城,无,无要求,,
246,303,武将,川上久朗,川上久朗,精确匹配,川上久朗,100,dead_lord_1_kawakami_7,clan_kawakami_1,saikai,Kawakami Hisaaki,Kawakami Hisaaki,1536,1554,1568,枪,64,47,51,48,77,1,2,2,1,0,0,1,0,1,1,1,0,1,0,0,0,无,拔突,无,,,,,,只限武将,32,32,温和,普通,现实,轻率,重视情义,18,武具,无欲,普通,源氏,未登场,川上久朗,侍大将,直臣,岛津家,内城,无,已登场,川上久朗,足轻大将,直臣,岛津家,内城,无,已登场,川上久朗,侍大将,直臣,岛津家,内城,无,已登场,川上久朗,侍大将,直臣,岛津家,内城,无,已死亡,川上久朗,无效,无效,无,无效,无,已死亡,川上久朗,无效,无效,无,无效,无,已死亡,川上久朗,无效,无效,无,无效,无,已死亡,川上久朗,无效,无效,无,无效,无,已登场,川上久朗,家老,直臣,河尻家,水户城,无,无要求,,
124,150,宇喜多直家,宇喜多,精确匹配,lord_1_ukita,Ukita Naoie,clan_ukita_1,sanyo,精确匹配织丰,,1529,1554,1581,病死,宇喜多兴家,1307,,,宇喜多忠家 宇喜多秀家 坂崎直盛,只限武将,15,15,普通,普通,现实,慎重,不重情义,96,艺术品,贪心,普通,其他,刀剑,86,61,78,97,88,2,3,2,2,2,1,3,3,2,1,1,3,1,4,1,2,鬼谋，威吓，刺杀,强袭，二连苦无，半月，刚弓，丢钱,策士，雄辩,一般条件,宇喜多三老 冈家利/长船贞亲/户川秀安,,已登场,宇喜多直家,家老,直臣,浦上家,天神山城,无,已登场,宇喜多直家,家老,直臣,浦上家,天神山城,无,已登场,宇喜多直家,家老,直臣,浦上家,天神山城,无,已登场,宇喜多直家,家老,直臣,浦上家,天神山城,无,已登场,宇喜多直家,国主,直臣,浦上家,冈山城,无,已死亡,宇喜多直家,无效,无效,无,无效,无,已死亡,宇喜多直家,无效,无效,无,无效,无,已死亡,宇喜多直家,无效,无效,无,无效,无,已登场,宇喜多直家,浪人,其他,无,金泽之町,无,
125,151,宇喜多秀家,宇喜多,模糊匹配,dead_lord_1_ukita_1,Ukita Hideie,clan_ukita_1,sanyo,家族和文化自动推断,,1572,1586,1655,病死,宇喜多直家,124,宇喜多兴家,###,宇喜多忠家 宇喜多直家 坂崎直盛,全职种,12,12,性急,勇敢,理想,轻率,普通,89,南蛮物,贪心,嗜酒如命,其他,刀剑,79,60,52,45,60,3,2,2,0,2,1,1,1,2,1,1,1,2,1,2,1,无,强袭，刚弓,无,一般条件,,,未登场,宇喜多秀家,足轻组头,陪臣（宇喜多直家）,浦上家,天神山城,无,未登场,宇喜多秀家,足轻组头,陪臣（宇喜多直家）,浦上家,天神山城,无,未登场,宇喜多秀家,足轻组头,陪臣（宇喜多直家）,浦上家,天神山城,无,未登场,宇喜多秀家,足轻组头,陪臣（宇喜多直家）,浦上家,天神山城,无,未登场,宇喜多秀家,足轻组头,陪臣（宇喜多直家）,浦上家,冈山城,无,已登场,宇喜多秀家,大名,首领,宇喜多家,冈山城,无,已登场,宇喜多秀家,大名,首领,宇喜多家,冈山城,无,已登场,宇喜多秀家,大名,首领,宇喜多家,冈山城,无,已登场,宇喜多秀家,浪人,其他,无,岐阜之町,无,
126,152,宇久纯定,宇久,需新建,lord_1_Ganshoji_Shoei,Uku Sumisada,,,,,1502,1555,1576,病死,,,,,宇久纯玄 宇久玄雅,全职种,15,15,性急,勇敢,普通,轻率,普通,49,南蛮物,贪心,嗜酒如命,源氏,刀剑,71,67,54,56,76,1,2,3,4,2,2,1,2,2,0,0,0,0,1,0,0,齐射，进水,强袭，拔突，二连苦无，急所击，刚弓，铁壁,无,一般条件,,,已登场,宇久纯定,头领,首领,五岛水军,江川之砦,无,已登场,宇久纯定,头领,首领,五岛水军,江川之砦,无,已登场,宇久纯定,头领,首领,五岛水军,江川之砦,无,已登场,宇久纯定,头领,首领,五岛水军,江川之砦,无,已登场,宇久纯定,头领,首领,五岛水军,江川之砦,无,已死亡,宇久纯定,无效,无效,无,无效,无,已死亡,宇久纯定,无效,无效,无,无效,无,已死亡,宇久纯定,无效,无效,无,无效,无,已登场,宇久纯定,浪人,其他,无,鸟取之町,无,
127,153,宇久纯玄,宇久,需新建,lord_1_Kanbe_Tomomori,Uku Sungen,,,,,1562,1576,1594,病死,,,宇久纯定,126,宇久纯定 宇久玄雅,全职种,15,15,性急,勇敢,现实,轻率,普通,55,南蛮物,贪心,嗜酒如命,源氏,刀剑,64,68,49,56,74,1,2,3,3,3,2,1,1,2,0,0,0,0,1,0,0,焙烙,强袭，拔突，急所击，刚弓，铁壁,无,无要求,,,未登场,宇久纯玄,船头,直臣,五岛水军,江川之砦,无,未登场,宇久纯玄,船头,直臣,五岛水军,江川之砦,无,未登场,宇久纯玄,船头,直臣,五岛水军,江川之砦,无,未登场,宇久纯玄,船头,直臣,五岛水军,江川之砦,无,未登场,宇久纯玄,船头,直臣,五岛水军,江川之砦,无,已登场,宇久纯玄,头领,首领,五岛水军,江川之砦,无,已登场,宇久纯玄,头领,首领,五岛水军,江川之砦,无,已死亡,宇久纯玄,无效,无效,无,无效,无,已登场,宇久纯玄,浪人,其他,无,厩桥之町,无,
128,155,宇佐美定满,宇佐美,需新建,lord_1_usamitei,Usami Sadamitsu,,,,,1490,1554,1564,战死,,,,,,全职种,16,16,温和,普通,普通,慎重,不重情义,29,书籍,普通,嗜酒如命,藤原氏,刀剑,85,71,61,87,84,3,3,1,0,1,0,4,1,2,1,1,2,2,3,1,3,车悬，毘沙门天,强袭，伤药,军师,一般条件,,,已登场,宇佐美定满,部将,直臣,长尾家,春日山城,无,已登场,宇佐美定满,家老,直臣,长尾家,春日山城,无,已登场,宇佐美定满,部将,直臣,长尾家,春日山城,无,已死亡,宇佐美定满,无效,无效,无,无效,无,已死亡,宇佐美定满,无效,无效,无,无效,无,已死亡,宇佐美定满,无效,无效,无,无效,无,已死亡,宇佐美定满,无效,无效,无,无效,无,已死亡,宇佐美定满,无效,无效,无,无效,无,已登场,宇佐美定满,下忍,直臣,外闻众,外闻之里,无,
252,309,武将,城井镇房,城井鎮房,精确匹配,城井镇房,100,lord_1_kii,clan_kii_1,saikai,Kii Shigefusa,Kii Shigefusa,1536,1554,1588,刀剑,46,50,42,59,49,1,1,1,0,3,1,2,0,0,0,1,2,1,1,0,0,无,强袭，刚弓,无,城井长房,853,,,城井长房,只限武将,80,80,温和,勇敢,普通,轻率,不重情义,91,艺术品,贪心,普通,藤原氏,未登场,城井镇房,侍大将,陪臣（城井长房）,大内家,城井谷城,无,已登场,城井镇房,城主,直臣,大友家,城井谷城,无,已登场,城井镇房,城主,直臣,大友家,城井谷城,无,已登场,城井镇房,城主,直臣,大友家,城井谷城,无,已登场,城井镇房,城主,直臣,大友家,城井谷城,无,已登场,城井镇房,大名,首领,城井家,城井谷城,无,已登场,城井镇房,大名,首领,城井家,城井谷城,无,已死亡,城井镇房,无效,无效,无,无效,无,已登场,城井镇房,浪人,其他,无,杂贺之町,无,无要求,,
129,156,氏家卜全,氏家,姓氏推断,lord_1_ujiie_bokuzen,Ujiie Suehisa,clan_ujiie_1,ou,家族和文化自动推断,,1517,1554,1571,战死,,,,,氏家行广,全职种,10,30,普通,胆小,普通,轻率,不重情义,56,艺术品,普通,普通,藤原氏,刀剑,65,58,52,47,55,1,2,1,0,0,0,2,0,0,0,1,0,2,1,0,0,无,强袭,无,一般条件,,,已登场,氏家卜全,部将,陪臣（稻叶一铁）,斋藤家,曾根城,无,已登场,氏家卜全,部将,直臣,斋藤家,稻叶山城,无,已登场,氏家卜全,部将,陪臣（稻叶一铁）,斋藤家,曾根城,无,已登场,氏家卜全,部将,陪臣（稻叶一铁）,织田家,曾根城,无,已死亡,氏家卜全,无效,无效,无,无效,无,已死亡,氏家卜全,无效,无效,无,无效,无,已死亡,氏家卜全,无效,无效,无,无效,无,已死亡,氏家卜全,无效,无效,无,无效,无,已登场,氏家卜全,浪人,其他,无,京之町,无,
254,312,武将,木曾义昌,木曾義昌,精确匹配,木曾义昌,100,lord_1_kiso_2,clan_kiso_1,tosan,Kiso Yoshimasa,Kiso Yoshimasa,1540,1554,1595,刀剑,49,46,50,62,57,1,1,0,0,1,1,0,0,0,0,0,0,0,0,1,0,无,强袭,无,木曾义康,255,,,木曾义康,全职种,60,80,普通,普通,普通,慎重,不重情义,69,武具,贪心,普通,源氏,未登场,木曾义昌,部将,直臣,木曾家,木曾福岛城,无,已登场,木曾义昌,部将,直臣,木曾家,木曾福岛城,无,已登场,木曾义昌,部将,陪臣（木曾义康）,武田家,木曾福岛城,无,已登场,木曾义昌,部将,陪臣（木曾义康）,武田家,木曾福岛城,无,已登场,木曾义昌,城主,直臣,武田家,木曾福岛城,无,已登场,木曾义昌,城主,直臣,织田家,木曾福岛城,无,已登场,木曾义昌,城主,直臣,羽柴家,木曾福岛城,无,已死亡,木曾义昌,无效,无效,无,无效,无,已登场,木曾义昌,浪人,其他,无,浦户之町,无,无要求,,
255,313,武将,木曾义康,木曾義康,精确匹配,木曾义康,100,lord_1_kiso,clan_kiso_1,tosan,Kiso Yoshiyasu,Kiso Yoshiyasu,1514,1554,1579,刀剑,58,45,35,40,27,1,2,0,0,0,1,0,0,0,0,0,0,0,0,0,1,无,强袭,无,,,,,木曾义昌,只限武将,30,0,性急,勇敢,普通,轻率,不重情义,59,武具,贪心,普通,源氏,已登场,木曾义康,大名,首领,木曾家,木曾福岛城,无,已登场,木曾义康,大名,首领,木曾家,木曾福岛城,无,已登场,木曾义康,城主,直臣,武田家,木曾福岛城,无,已登场,木曾义康,城主,直臣,武田家,木曾福岛城,无,已登场,木曾义康,部将,陪臣（木曾义昌）,武田家,木曾福岛城,无,已死亡,木曾义康,无效,无效,无,无效,无,已死亡,木曾义康,无效,无效,无,无效,无,已死亡,木曾义康,无效,无效,无,无效,无,已登场,木曾义康,浪人,其他,无,会津之町,无,无要求,,
256,314,武将,北条景广,北條景廣,姓氏推断,,67,hojo_keigen,clan_hojo_1,kanto,Hojo Kagehiro,,1548,1562,1579,刀剑,49,65,29,41,55,1,1,0,0,1,1,1,0,0,1,0,1,0,0,0,0,无,强袭,无,北条高广,257,,,北条高广,只限武将,20,50,性急,普通,普通,轻率,普通,78,书籍,普通,普通,其他,未登场,北条景广,足轻组头,陪臣（北条高广）,长尾家,春日山城,无,未登场,北条景广,足轻组头,陪臣（北条高广）,长尾家,春日山城,无,已登场,北条景广,足轻组头,陪臣（北条高广）,长尾家,厩桥城,无,已登场,北条景广,足轻组头,陪臣（北条高广）,上杉家,厩桥城,无,已登场,北条景广,足轻组头,陪臣（北条高广）,上杉家,厩桥城,无,已死亡,北条景广,无效,无效,无,无效,无,已死亡,北条景广,无效,无效,无,无效,无,已死亡,北条景广,无效,无效,无,无效,无,已登场,北条景广,部将,直臣,北家,松前城,无,无要求,,
257,315,武将,北条高广,北條高廣,姓氏推断,,67,hojo_takagen,clan_hojo_1,kanto,Hojo Takahiro,,1517,1554,1587,刀剑,64,70,42,27,49,2,1,0,0,1,1,1,0,0,0,0,0,1,0,0,0,无,强袭,无,,,,,北条景广,只限武将,20,60,普通,普通,现实,轻率,普通,76,艺术品,贪心,普通,其他,已登场,北条高广,家老,直臣,长尾家,春日山城,无,已登场,北条高广,家老,直臣,长尾家,春日山城,无,已登场,北条高广,城主,直臣,长尾家,厩桥城,无,已登场,北条高广,城主,直臣,上杉家,厩桥城,无,已登场,北条高广,国主,直臣,上杉家,厩桥城,无,已登场,北条高广,家老,直臣,上杉家,春日山城,无,已登场,北条高广,家老,直臣,上杉家,春日山城,无,已死亡,北条高广,无效,无效,无,无效,无,已登场,北条高广,家老,直臣,北家,松前城,无,一般条件,,
258,316,武将,北信爱,北信愛,精确匹配,北信爱,100,lord_1_kita,clan_kita_1,ou,Kita Nobuchika,Kita Nobuchika,1523,1554,1613,刀剑,53,40,59,77,71,1,1,1,0,1,2,1,0,1,2,1,2,2,3,1,1,无,强袭，拔突，铁壁,无,,,,,,只限武将,70,70,普通,勇敢,现实,慎重,普通,53,艺术品,无欲,普通,源氏,已登场,北信爱,部将,直臣,南部家,三户城,无,已登场,北信爱,部将,直臣,南部家,三户城,无,已登场,北信爱,部将,直臣,南部家,三户城,无,已登场,北信爱,部将,直臣,南部家,三户城,无,已登场,北信爱,部将,直臣,南部家,三户城,无,已登场,北信爱,部将,直臣,南部家,三户城,无,已登场,北信爱,部将,直臣,南部家,三户城,无,已登场,北信爱,家老,直臣,南部家,盛冈城,无,已登场,北信爱,大名,首领,北家,松前城,无,一般条件,,
259,317,武将,北畠具教,北田具教,精确匹配,北畠具教,100,lord_1_kitabatake,clan_kitabatake_1,kinai,Kitabatake Tomonori,Kitabatake Tomonori,1528,1554,1576,刀剑,58,93,53,27,59,1,1,0,0,1,4,3,0,0,0,0,1,3,0,2,0,无,强袭，连续斩，八神太刀，一之太刀，拔突，神妙剑，当身，刚力，金刚力，铁壁，气声，辱骂，大喝，炯眼，罗刹,剑豪,北畠晴具,261,,,北畠具房 北畠晴具 木造具政 长野具藤,只限武将,42,42,性急,勇敢,理想,轻率,普通,63,武具,贪心,普通,源氏,已登场,北畠具教,家老,直臣,北畠家,大河内城,新当流,已登场,北畠具教,家老,直臣,北畠家,大河内城,新当流,已登场,北畠具教,大名,首领,北畠家,大河内城,新当流,已登场,北畠具教,大名,首领,北畠家,大河内城,新当流,已登场,北畠具教,部将,陪臣（织田信雄）,织田家,大河内城,新当流,已死亡,北畠具教,无效,无效,无,无效,无,已死亡,北畠具教,无效,无效,无,无效,无,已死亡,北畠具教,无效,无效,无,无效,无,已登场,北畠具教,部将,直臣,北家,松前城,新当流,一般条件,,
260,318,武将,北畠具房,北畠具房,精确匹配,北畠具房,100,lord_1_kitabatake_4,clan_kitabatake_1,kinai,Kitabatake Tomofusa,Kitabatake Tomofusa,1547,1561,1580,刀剑,22,13,31,16,28,0,0,0,0,0,0,0,0,0,1,0,0,3,0,1,0,无,强袭,无,北畠具教,259,北畠晴具,261,北畠具教 北畠晴具 木造具政 长野具藤,只限武将,42,42,温和,胆小,普通,轻率,不重情义,5,艺术品,贪心,普通,源氏,未登场,北畠具房,部将,陪臣（北畠具教）,北畠家,大河内城,无,未登场,北畠具房,部将,陪臣（北畠具教）,北畠家,大河内城,无,已登场,北畠具房,家老,直臣,北畠家,大河内城,无,已登场,北畠具房,家老,直臣,北畠家,大河内城,无,已登场,北畠具房,侍大将,陪臣（织田信雄）,织田家,大河内城,无,已死亡,北畠具房,无效,无效,无,无效,无,已死亡,北畠具房,无效,无效,无,无效,无,已死亡,北畠具房,无效,无效,无,无效,无,已登场,北畠具房,部将,直臣,北家,松前城,无,无要求,,
261,319,武将,北畠晴具,北畠晴具,精确匹配,北畠晴具,100,dead_lord_1_kitabatake_2,clan_kitabatake_1,kinai,Kitabatake Harutomo,Kitabatake Harutomo,1503,1554,1563,刀剑,49,35,62,60,39,1,0,0,0,0,1,0,0,3,0,0,1,4,1,1,0,无,强袭,无,,,,,北畠具教 北畠具房 木造具政 长野具藤,只限武将,40,40,普通,勇敢,普通,轻率,普通,72,艺术品,普通,普通,源氏,已登场,北畠晴具,大名,首领,北畠家,大河内城,无,已登场,北畠晴具,大名,首领,北畠家,大河内城,无,已登场,北畠晴具,家老,直臣,北畠家,大河内城,无,已死亡,北畠晴具,无效,无效,无,无效,无,已死亡,北畠晴具,无效,无效,无,无效,无,已死亡,北畠晴具,无效,无效,无,无效,无,已死亡,北畠晴具,无效,无效,无,无效,无,已死亡,北畠晴具,无效,无效,无,无效,无,已登场,北畠晴具,家老,直臣,北家,松前城,无,无要求,,
262,320,武将,吉川经家,吉川經家,精确匹配,吉川经家,100,lord_1_kikkawa_9,clan_kikkawa_1,sanyo,Kikkawa Tuneie,Kikkawa Tuneie,1547,1561,1581,刀剑,79,67,24,66,78,3,1,2,0,1,2,1,0,3,0,1,0,0,0,0,0,无,强袭，拔突，铁壁,无,,,,,,只限武将,48,48,普通,勇敢,普通,普通,重视情义,56,武具,无欲,嗜酒如命,藤原氏,未登场,吉川经家,足轻大将,直臣,毛利家,吉田郡山城,无,未登场,吉川经家,足轻大将,陪臣（吉川元春）,毛利家,山吹城,无,已登场,吉川经家,足轻大将,直臣,毛利家,吉田郡山城,无,已登场,吉川经家,足轻大将,直臣,毛利家,吉田郡山城,无,已登场,吉川经家,足轻大将,直臣,毛利家,吉田郡山城,无,已死亡,吉川经家,无效,无效,无,无效,无,已死亡,吉川经家,无效,无效,无,无效,无,已死亡,吉川经家,无效,无效,无,无效,无,已登场,吉川经家,足轻大将,直臣,河尻家,水户城,无,一般条件,,
263,321,武将,吉川广家,吉川廣家,精确匹配,吉川广家,100,lord_1_kikkawa_4,clan_kikkawa_1,sanyo,Kikkawa Hiroie,Kikkawa Hiroie,1561,1575,1625,刀剑,74,54,83,75,75,2,2,1,2,0,0,0,0,2,3,2,3,1,2,1,0,百万一心,强袭，丢钱,无,吉川元春,265,毛利元就,722,吉川元长 吉川元春 小早川隆景 小早川秀包 繁泽元氏 二宫就辰 穗井田元清 毛利隆元 毛利辉元 毛利元就 毛利秀元,只限武将,40,40,温和,普通,现实,慎重,普通,38,书籍,普通,普通,藤原氏,未登场,吉川广家,足轻组头,陪臣（吉川元春）,毛利家,吉田郡山城,无,未登场,吉川广家,足轻组头,陪臣（吉川元春）,毛利家,山吹城,无,未登场,吉川广家,足轻组头,陪臣（吉川元春）,毛利家,山吹城,无,未登场,吉川广家,足轻组头,陪臣（吉川元春）,毛利家,山吹城,无,已登场,吉川广家,足轻组头,陪臣（吉川元春）,毛利家,月山富田城,无,已登场,吉川广家,足轻大将,陪臣（吉川元春）,毛利家,月山富田城,无,已登场,吉川广家,侍大将,陪臣（吉川元长）,毛利家,月山富田城,无,已登场,吉川广家,大名,首领,吉川家,月山富田城,无,已登场,吉川广家,足轻大将,直臣,河尻家,水户城,无,一般条件,,
264,322,武将,吉川元长,吉川元長,精确匹配,吉川元长,100,lord_1_kikkawa_2,clan_kikkawa_1,sanyo,Kikkawa Motonaga,Kikkawa Motonaga,1548,1562,1587,刀剑,76,71,55,58,66,2,2,2,1,2,2,1,0,0,0,0,1,1,1,1,0,百万一心,强袭，拔突，刚弓，铁壁,无,吉川元春,265,毛利元就,722,吉川广家 吉川元春 小早川隆景 小早川秀包 繁泽元氏 二宫就辰 穗井田元清 毛利隆元 毛利辉元 毛利元就 毛利秀元,只限武将,41,41,温和,普通,普通,轻率,普通,44,武具,无欲,普通,藤原氏,未登场,吉川元长,侍大将,陪臣（吉川元春）,毛利家,吉田郡山城,无,未登场,吉川元长,侍大将,陪臣（吉川元春）,毛利家,山吹城,无,已登场,吉川元长,侍大将,陪臣（吉川元春）,毛利家,山吹城,无,已登场,吉川元长,侍大将,陪臣（吉川元春）,毛利家,山吹城,无,已登场,吉川元长,侍大将,陪臣（吉川元春）,毛利家,月山富田城,无,已登场,吉川元长,侍大将,陪臣（吉川元春）,毛利家,月山富田城,无,已登场,吉川元长,国主,直臣,毛利家,月山富田城,无,已死亡,吉川元长,无效,无效,无,无效,无,已登场,吉川元长,足轻大将,直臣,河尻家,水户城,无,无要求,,
265,323,武将,吉川元春,吉川元春,精确匹配,吉川元春,100,lord_1_kikkawa,clan_kikkawa_1,sanyo,Kikkawa Motoharu,Kikkawa Motoharu,1530,1554,1586,刀剑,91,87,64,66,80,4,4,3,1,3,3,3,0,2,0,2,1,3,1,1,2,强行突破，百万一心,强袭，连续斩，拔突，急所击，刚弓，刚力，铁壁,军师,毛利元就,722,,,吉川广家 吉川元长 小早川隆景 小早川秀包 繁泽元氏 二宫就辰 穗井田元清 毛利隆元 毛利辉元 毛利元就 毛利秀元,只限武将,41,41,普通,勇敢,理想,轻率,重视情义,67,武具,普通,嗜酒如命,藤原氏,已登场,吉川元春,家老,直臣,毛利家,吉田郡山城,无,已登场,吉川元春,国主,直臣,毛利家,山吹城,无,已登场,吉川元春,城主,直臣,毛利家,山吹城,无,已登场,吉川元春,国主,直臣,毛利家,山吹城,无,已登场,吉川元春,国主,直臣,毛利家,月山富田城,无,已登场,吉川元春,国主,直臣,毛利家,月山富田城,无,已登场,吉川元春,部将,陪臣（吉川元长）,毛利家,月山富田城,无,已死亡,吉川元春,无效,无效,无,无效,无,已登场,吉川元春,足轻大将,直臣,河尻家,水户城,无,一般条件,,
266,324,武将,木下昌直,木下昌直,姓氏推断,,50,kinoshita_masanao,clan_kinoshita_1,kinai,Kinoshita Masanao,,1525,1554,1584,刀剑,63,79,35,44,63,2,3,2,0,1,1,1,0,1,0,1,0,0,0,0,0,无,强袭,无,,,,,,只限武将,60,60,普通,勇敢,普通,轻率,重视情义,42,武具,普通,普通,其他,已登场,木下昌直,侍大将,直臣,龙造寺家,佐嘉城,无,已登场,木下昌直,侍大将,直臣,龙造寺家,佐嘉城,无,已登场,木下昌直,侍大将,直臣,龙造寺家,佐嘉城,无,已登场,木下昌直,侍大将,直臣,龙造寺家,佐嘉城,无,已登场,木下昌直,侍大将,直臣,龙造寺家,佐嘉城,无,已登场,木下昌直,侍大将,直臣,龙造寺家,佐嘉城,无,已登场,木下昌直,侍大将,直臣,龙造寺家,佐嘉城,无,已死亡,木下昌直,无效,无效,无,无效,无,已登场,木下昌直,部将,直臣,下间家,饫肥城,无,无要求,,
130,157,氏家光氏,氏家,姓氏推断,lord_1_ujiie_hikarishi,Ujiie Mitsumoto,clan_ujiie_1,ou,家族和文化自动推断,,1565,1579,1623,病死,,,,,,全职种,50,50,普通,胆小,普通,轻率,普通,49,书籍,普通,普通,藤原氏,刀剑,66,54,27,53,41,2,1,1,0,1,1,2,0,1,0,0,0,0,2,0,0,无,强袭,无,无要求,,,未登场,氏家光氏,足轻组头,直臣,最上家,山形城,无,未登场,氏家光氏,足轻组头,陪臣（氏家守栋）,最上家,山形城,无,未登场,氏家光氏,足轻组头,直臣,最上家,山形城,无,未登场,氏家光氏,足轻组头,直臣,最上家,山形城,无,未登场,氏家光氏,足轻组头,直臣,最上家,山形城,无,已登场,氏家光氏,足轻组头,直臣,最上家,山形城,无,已登场,氏家光氏,足轻组头,直臣,最上家,山形城,无,已登场,氏家光氏,部将,直臣,最上家,山形城,无,已登场,氏家光氏,浪人,其他,无,鸣门之町,无,
268,326,武将,肝付兼续,肝付兼續,精确匹配,肝付兼续,100,dead_lord_1_kimotsuki_1,clan_kimotsuki_1,saikai,Kimotsuki Kanetsugu,Kimotsuki Kanetsugu,1511,1554,1566,刀剑,65,60,48,52,59,2,2,2,0,1,1,1,1,0,0,0,0,0,2,0,0,无,强袭,无,,,,,肝付兼护 肝付良兼,只限武将,60,60,性急,勇敢,普通,轻率,不重情义,67,武具,无欲,嗜酒如命,其他,已登场,肝付兼续,大名,首领,肝付家,大隅高山城,无,已登场,肝付兼续,大名,首领,肝付家,大隅高山城,无,已登场,肝付兼续,大名,首领,肝付家,大隅高山城,无,已死亡,肝付兼续,无效,无效,无,无效,无,已死亡,肝付兼续,无效,无效,无,无效,无,已死亡,肝付兼续,无效,无效,无,无效,无,已死亡,肝付兼续,无效,无效,无,无效,无,已死亡,肝付兼续,无效,无效,无,无效,无,已登场,肝付兼续,浪人,其他,无,甲府之町,无,无要求,,
269,327,武将,肝付兼护,肝付兼護,精确匹配,肝付兼护,100,lord_1_kimotsuki_5,clan_kimotsuki_1,saikai,Kimotsuki Kanemori,Kimotsuki Kanemori,1561,1575,1600,刀剑,38,31,35,30,46,0,0,0,0,0,0,1,0,0,0,0,1,0,1,0,0,无,强袭,无,肝付兼续,268,,,肝付兼续 肝付良兼,全职种,60,60,温和,胆小,现实,轻率,不重情义,24,艺术品,普通,普通,其他,未登场,肝付兼护,部将,直臣,肝付家,大隅高山城,无,未登场,肝付兼护,部将,陪臣（肝付兼续）,肝付家,大隅高山城,无,未登场,肝付兼护,家老,直臣,肝付家,大隅高山城,无,未登场,肝付兼护,家老,直臣,肝付家,大隅高山城,无,已登场,肝付兼护,城主,直臣,岛津家,大隅高山城,无,已登场,肝付兼护,城主,直臣,岛津家,大隅高山城,无,已登场,肝付兼护,城主,直臣,岛津家,大隅高山城,无,已登场,肝付兼护,部将,直臣,岛津家,内城,无,已登场,肝付兼护,浪人,其他,无,温泉津之町,无,无要求,,
270,328,武将,肝付良兼,肝付良兼,精确匹配,肝付良兼,100,lord_1_kimotsuki,clan_kimotsuki_1,saikai,Kimotsuki Yoshikane,Kimotsuki Yoshikane,1535,1554,1571,刀剑,55,58,45,59,49,1,2,1,0,0,1,1,0,0,0,1,0,0,1,0,1,无,强袭,无,肝付兼续,268,,,肝付兼续 肝付兼护,只限武将,60,60,性急,勇敢,普通,轻率,普通,53,武具,普通,普通,其他,已登场,肝付良兼,家老,直臣,肝付家,大隅高山城,无,已登场,肝付良兼,家老,直臣,肝付家,大隅高山城,无,已登场,肝付良兼,家老,直臣,肝付家,大隅高山城,无,已登场,肝付良兼,大名,首领,肝付家,大隅高山城,无,已死亡,肝付良兼,无效,无效,无,无效,无,已死亡,肝付良兼,无效,无效,无,无效,无,已死亡,肝付良兼,无效,无效,无,无效,无,已死亡,肝付良兼,无效,无效,无,无效,无,已登场,肝付良兼,浪人,其他,无,津山之町,无,无要求,,
131,158,氏家守栋,氏家,精确匹配,lord_1_ujiie,Ujiie Morimune,clan_ujiie_1,ou,精确匹配织丰,,1534,1554,1591,病死,,,,,,全职种,50,50,普通,胆小,普通,普通,不重情义,82,武具,贪心,普通,藤原氏,刀剑,50,52,60,80,77,1,1,1,0,0,0,3,0,0,0,0,1,2,3,1,1,无,强袭,无,无要求,,,已登场,氏家守栋,侍大将,直臣,最上家,山形城,无,已登场,氏家守栋,侍大将,直臣,最上家,山形城,无,已登场,氏家守栋,侍大将,直臣,最上家,山形城,无,已登场,氏家守栋,侍大将,直臣,最上家,山形城,无,已登场,氏家守栋,侍大将,直臣,最上家,山形城,无,已登场,氏家守栋,部将,直臣,最上家,山形城,无,已登场,氏家守栋,部将,直臣,最上家,山形城,无,已死亡,氏家守栋,无效,无效,无,无效,无,已登场,氏家守栋,浪人,其他,无,鹿儿岛之町,无,
132,159,氏家行广,氏家,姓氏推断,lord_1_ujiie_gyougen,Ujiie Takakazu,clan_ujiie_1,ou,家族和文化自动推断,,1546,1560,1615,战死,氏家卜全,129,,,氏家卜全,全职种,20,20,普通,普通,普通,普通,普通,54,艺术品,普通,普通,藤原氏,刀剑,46,51,43,34,53,0,1,1,0,1,1,1,0,0,1,1,0,1,0,0,1,无,强袭,无,无要求,,,未登场,氏家行广,足轻组头,陪臣（氏家卜全）,斋藤家,曾根城,无,未登场,氏家行广,足轻组头,陪臣（氏家卜全）,斋藤家,稻叶山城,无,已登场,氏家行广,足轻组头,陪臣（稻叶一铁）,斋藤家,曾根城,无,已登场,氏家行广,足轻组头,陪臣（稻叶一铁）,织田家,曾根城,无,已登场,氏家行广,足轻组头,陪臣（稻叶一铁）,织田家,曾根城,无,已登场,氏家行广,足轻大将,陪臣（稻叶一铁）,织田家,曾根城,无,已登场,氏家行广,部将,直臣,羽柴家,石山本愿寺,无,已登场,氏家行广,城主,直臣,丰臣家,大河内城,无,已登场,氏家行广,浪人,其他,无,温泉津之町,无,
133,160,牛尾幸清,牛尾,需新建,lord_1_ushiosachikiyoshi,Ushio Yukikiyo,,,,,1541,1554,1600,病死,,,,,,只限武将,25,25,温和,胆小,现实,慎重,不重情义,45,书籍,普通,滴酒不沾,其他,刀剑,46,35,59,56,61,0,1,0,0,0,0,0,0,1,2,2,1,1,2,0,1,无,强袭,无,无要求,,,未登场,牛尾幸清,足轻大将,直臣,尼子家,月山富田城,无,已登场,牛尾幸清,侍大将,直臣,尼子家,月山富田城,无,已登场,牛尾幸清,家老,直臣,尼子家,月山富田城,无,已登场,牛尾幸清,足轻大将,直臣,毛利家,吉田郡山城,无,已登场,牛尾幸清,足轻大将,直臣,毛利家,吉田郡山城,无,已登场,牛尾幸清,足轻大将,直臣,毛利家,吉田郡山城,无,已登场,牛尾幸清,足轻大将,直臣,毛利家,吉田郡山城,无,已死亡,牛尾幸清,无效,无效,无,无效,无,已登场,牛尾幸清,头目,首领,羽黑众,羽黑之里,无,
274,332,武将,吉良亲贞,吉良親貞,精确匹配,吉良亲贞,100,lord_1_kira,clan_kira_1,nankai,Kira Chikasada,Kira Chikasada,1541,1555,1576,枪,78,70,52,69,83,2,2,2,2,2,2,2,0,1,1,1,1,1,3,1,0,无,强袭，拔突，刚弓，铁壁,无,长宗我部国亲,481,,,香川亲和 吉良亲实 香宗我部亲泰 长宗我部国亲 长宗我部信亲 长宗我部元亲 长宗我部盛亲 津野亲忠,只限武将,83,83,普通,勇敢,普通,轻率,普通,61,书籍,无欲,嗜酒如命,源氏,未登场,吉良亲贞,部将,直臣,长宗我部家,冈丰城,无,未登场,吉良亲贞,部将,陪臣（长宗我部国亲）,长宗我部家,冈丰城,无,已登场,吉良亲贞,部将,直臣,长宗我部家,冈丰城,无,已登场,吉良亲贞,部将,直臣,长宗我部家,冈丰城,无,已登场,吉良亲贞,部将,直臣,长宗我部家,冈丰城,无,已死亡,吉良亲贞,无效,无效,无,无效,无,已死亡,吉良亲贞,无效,无效,无,无效,无,已死亡,吉良亲贞,无效,无效,无,无效,无,已登场,吉良亲贞,浪人,其他,无,京之町,无,无要求,,
275,333,武将,吉良亲实,吉良親實,精确匹配,吉良亲实,100,lord_1_kira_2,clan_kira_1,nankai,Kira Chikazane,Kira Chikazane,1563,1577,1588,刀剑,64,63,46,43,58,1,1,1,1,1,1,0,0,0,1,1,0,0,0,0,1,无,强袭,无,吉良亲贞,274,长宗我部国亲,481,香川亲和 吉良亲贞 香宗我部亲泰 长宗我部国亲 长宗我部信亲 长宗我部元亲 长宗我部盛亲 津野亲忠,只限武将,70,70,性急,勇敢,普通,轻率,重视情义,51,南蛮物,普通,普通,源氏,未登场,吉良亲实,足轻组头,陪臣（吉良亲贞）,长宗我部家,冈丰城,无,未登场,吉良亲实,足轻组头,陪臣（吉良亲贞）,长宗我部家,冈丰城,无,未登场,吉良亲实,足轻组头,陪臣（吉良亲贞）,长宗我部家,冈丰城,无,未登场,吉良亲实,足轻组头,陪臣（吉良亲贞）,长宗我部家,冈丰城,无,未登场,吉良亲实,足轻组头,陪臣（吉良亲贞）,长宗我部家,冈丰城,无,已登场,吉良亲实,足轻大将,直臣,长宗我部家,冈丰城,无,已登场,吉良亲实,足轻大将,直臣,长宗我部家,冈丰城,无,已死亡,吉良亲实,无效,无效,无,无效,无,已登场,吉良亲实,浪人,其他,无,大坂之町,无,无要求,,
134,161,臼杵鉴速,臼杵,需新建,lord_1_usuki,Usuki Kagetoshi,,,,,1538,1554,1574,病死,,,,,,只限武将,58,58,普通,普通,现实,轻率,重视情义,38,武具,无欲,普通,藤原氏,刀剑,68,54,70,73,52,2,3,2,0,2,1,2,0,1,2,1,2,2,3,1,1,无,强袭，刚弓,无,无要求,,,已登场,臼杵鉴速,侍大将,直臣,大友家,府内城,无,已登场,臼杵鉴速,家老,直臣,大友家,府内城,无,已登场,臼杵鉴速,家老,直臣,大友家,府内城,无,已登场,臼杵鉴速,家老,直臣,大友家,府内城,无,已死亡,臼杵鉴速,无效,无效,无,无效,无,已死亡,臼杵鉴速,无效,无效,无,无效,无,已死亡,臼杵鉴速,无效,无效,无,无效,无,已死亡,臼杵鉴速,无效,无效,无,无效,无,已登场,臼杵鉴速,浪人,其他,无,小诸之町,无,主角真田幸村，剧情十勇士集结
277,336,武将,九鬼广隆,九鬼廣隆,姓氏推断,,75,kuki_gentakashi,clan_kuki_1,kinai,Kuki Noritaka,,1551,1565,1641,刀剑,56,63,29,56,52,1,1,1,2,2,2,1,1,0,0,0,0,0,1,0,0,无,强袭，拔突，刚弓，铁壁,无,,,(九鬼定隆),1310,九鬼守隆 九鬼嘉隆 九鬼净隆,全职种,5,5,性急,勇敢,现实,轻率,不重情义,74,武具,贪心,嗜酒如命,藤原氏,未登场,九鬼广隆,浪人,其他,无,大凑之町,无,未登场,九鬼广隆,浪人,其他,无,大凑之町,无,未登场,九鬼广隆,浪人,其他,无,大凑之町,无,已登场,九鬼广隆,浪人,其他,无,大凑之町,无,已登场,九鬼广隆,浪人,其他,无,大凑之町,无,已登场,九鬼广隆,浪人,其他,无,大凑之町,无,已登场,九鬼广隆,浪人,其他,无,大凑之町,无,已登场,九鬼广隆,侍大将,直臣,小早川家,名岛城,无,已登场,九鬼广隆,下忍,直臣,户隐众,户隐之里,无,无要求,,
278,337,武将,九鬼守隆,九鬼守隆,姓氏推断,,75,kuki_moritaka,clan_kuki_1,kinai,Kuki Moritaka,,1573,1587,1632,刀剑,59,63,50,47,52,1,1,1,3,1,2,1,0,2,2,1,1,1,2,0,1,焙烙,强袭，拔突，铁壁,无,九鬼嘉隆,279,(九鬼定隆),1310,九鬼广隆 九鬼嘉隆 九鬼净隆,全职种,10,90,温和,胆小,现实,轻率,重视情义,34,武具,无欲,普通,藤原氏,未登场,九鬼守隆,水夫头,陪臣（九鬼嘉隆）,熊野水军,鸟羽之砦,无,未登场,九鬼守隆,水夫头,陪臣（九鬼嘉隆）,熊野水军,鸟羽之砦,无,未登场,九鬼守隆,水夫头,陪臣（九鬼嘉隆）,熊野水军,鸟羽之砦,无,未登场,九鬼守隆,水夫头,陪臣（九鬼嘉隆）,熊野水军,鸟羽之砦,无,未登场,九鬼守隆,水夫头,陪臣（九鬼嘉隆）,熊野水军,鸟羽之砦,无,未登场,九鬼守隆,水夫头,直臣,熊野水军,鸟羽之砦,无,未登场,九鬼守隆,水夫头,直臣,熊野水军,鸟羽之砦,无,已登场,九鬼守隆,大名,首领,九鬼家,鸟羽城,无,已登场,九鬼守隆,家老,直臣,九户家,月山富田城,无,一般条件,,
279,338,武将,九鬼嘉隆,九鬼嘉隆,精确匹配,九鬼嘉隆,100,lord_1_kuki,clan_kuki_1,kinai,Kuki Yoshitaka,Kuki Yoshitaka,1542,1554,1600,刀剑,83,71,31,62,77,2,1,3,4,2,2,2,2,2,0,0,1,0,1,1,0,焙烙,强袭，连续斩，拔突，二连苦无，急所击，刚弓，刚力，铁壁，辱骂,无,(九鬼定隆),1310,,,九鬼广隆 九鬼守隆 九鬼净隆,武将以外优先,10,10,性急,勇敢,理想,轻率,重视情义,66,武具,贪心,嗜酒如命,藤原氏,未登场,九鬼嘉隆,船头,直臣,熊野水军,鸟羽之砦,无,已登场,九鬼嘉隆,船头,直臣,熊野水军,鸟羽之砦,无,已登场,九鬼嘉隆,头领,首领,熊野水军,鸟羽之砦,无,已登场,九鬼嘉隆,头领,首领,熊野水军,鸟羽之砦,无,已登场,九鬼嘉隆,头领,首领,熊野水军,鸟羽之砦,无,已登场,九鬼嘉隆,头领,首领,熊野水军,鸟羽之砦,无,已登场,九鬼嘉隆,头领,首领,熊野水军,鸟羽之砦,无,已登场,九鬼嘉隆,头领,首领,熊野水军,鸟羽之砦,无,已登场,九鬼嘉隆,家老,直臣,九户家,月山富田城,无,无要求,,
135,163,宇都宫国纲,宇都宫,精确匹配,lord_1_utsunomiya_2,Utsunomiya Kunitsuna,clan_utsunomiya_1,kanto,精确匹配织丰,,1568,1582,1607,病死,宇都宫广纲,136,佐竹义昭,346,芦名盛重 宇都宫广纲 佐竹义昭 佐竹义重,全职种,31,31,普通,胆小,理想,轻率,普通,74,艺术品,贪心,滴酒不沾,藤原氏,刀剑,35,31,52,48,54,1,0,0,0,2,0,0,1,0,0,0,0,1,1,0,0,无,强袭，刚弓,无,无要求,,,未登场,宇都宫国纲,家老,直臣,宇都宫家,宇都宫城,无,未登场,宇都宫国纲,部将,陪臣（宇都宫广纲）,宇都宫家,宇都宫城,无,未登场,宇都宫国纲,家老,直臣,宇都宫家,宇都宫城,无,未登场,宇都宫国纲,家老,直臣,宇都宫家,宇都宫城,无,未登场,宇都宫国纲,家老,直臣,宇都宫家,宇都宫城,无,已登场,宇都宫国纲,大名,首领,宇都宫家,宇都宫城,无,已登场,宇都宫国纲,大名,首领,宇都宫家,宇都宫城,无,已登场,宇都宫国纲,浪人,其他,无,长船之町,无,已登场,宇都宫国纲,浪人,其他,无,安土之町,无,
136,164,宇都宫广纲,宇都宫,精确匹配,lord_1_utsunomiya,Utsunomiya Hirotsuna,clan_utsunomiya_1,kanto,精确匹配织丰,,1543,1560,1580,病死,,,,,宇都宫国纲,全职种,31,31,普通,胆小,普通,轻率,不重情义,66,艺术品,贪心,普通,藤原氏,刀剑,42,24,62,64,52,0,0,0,0,0,0,1,3,1,1,1,0,1,1,0,0,幻惑之术，内讧之术,强袭，二连苦无，半月,无,无要求,,,已登场,宇都宫广纲,大名,首领,宇都宫家,宇都宫城,无,已登场,宇都宫广纲,大名,首领,宇都宫家,宇都宫城,无,已登场,宇都宫广纲,大名,首领,宇都宫家,宇都宫城,无,已登场,宇都宫广纲,大名,首领,宇都宫家,宇都宫城,无,已登场,宇都宫广纲,大名,首领,宇都宫家,宇都宫城,无,已死亡,宇都宫广纲,无效,无效,无,无效,无,已死亡,宇都宫广纲,无效,无效,无,无效,无,已死亡,宇都宫广纲,无效,无效,无,无效,无,已登场,宇都宫广纲,浪人,其他,无,今治之町,无,
137,165,鹈殿氏长,鹈殿,需新建,lord_1_Kuchiki_Mototsuna,Utono Ujinaga,,,,,1549,1563,1624,病死,鹈殿长照,138,,,鹈殿长照,只限武将,47,47,普通,胆小,现实,轻率,普通,41,武具,普通,普通,藤原氏,刀剑,27,37,38,50,34,0,1,1,0,1,0,0,0,0,1,0,0,0,1,1,1,无,强袭,无,无要求,,,未登场,鹈殿氏长,足轻组头,陪臣（鹈殿长照）,今川家,二俣城,无,未登场,鹈殿氏长,足轻组头,陪臣（鹈殿长照）,今川家,骏府城,无,已登场,鹈殿氏长,足轻大将,陪臣（鹈殿长照）,今川家,长篠城,无,已登场,鹈殿氏长,城主,直臣,德川家,二俣城,无,已登场,鹈殿氏长,部将,直臣,德川家,滨松城,无,已登场,鹈殿氏长,城主,直臣,德川家,二俣城,无,已登场,鹈殿氏长,城主,直臣,德川家,二俣城,无,已登场,鹈殿氏长,足轻组头,直臣,德川家,江户城,无,已登场,鹈殿氏长,下忍,直臣,黑胫巾众,黑胫巾之里,无,
138,166,鹈殿长照,鹈殿,需新建,lord_1_Kunishi_Motosou,Utono Nagateru,,,,,1533,1554,1562,战死,,,,,鹈殿氏长,只限武将,46,46,普通,普通,普通,普通,重视情义,10,艺术品,普通,普通,藤原氏,刀剑,54,23,44,56,42,1,1,1,0,0,0,1,0,0,0,1,0,0,1,0,1,无,强袭,无,无要求,,,已登场,鹈殿长照,城主,直臣,今川家,二俣城,无,已登场,鹈殿长照,侍大将,直臣,今川家,骏府城,无,已登场,鹈殿长照,城主,直臣,今川家,长篠城,无,已死亡,鹈殿长照,无效,无效,无,无效,无,已死亡,鹈殿长照,无效,无效,无,无效,无,已死亡,鹈殿长照,无效,无效,无,无效,无,已死亡,鹈殿长照,无效,无效,无,无效,无,已死亡,鹈殿长照,无效,无效,无,无效,无,已登场,鹈殿长照,下忍,直臣,黑胫巾众,黑胫巾之里,无,
139,170,宇山久兼,宇山,需新建,lord_1_uyamakyuuken,Uyama Hisakane,,,,,1511,1554,1566,战死,,,,,,只限武将,15,85,温和,普通,普通,慎重,重视情义,8,书籍,无欲,普通,其他,刀剑,52,47,56,51,38,0,0,0,0,0,0,0,0,1,1,2,1,1,0,1,1,无,强袭,无,无要求,,,已登场,宇山久兼,部将,直臣,尼子家,月山富田城,无,已登场,宇山久兼,家老,直臣,尼子家,月山富田城,无,已登场,宇山久兼,家老,直臣,尼子家,月山富田城,无,已死亡,宇山久兼,无效,无效,无,无效,无,已死亡,宇山久兼,无效,无效,无,无效,无,已死亡,宇山久兼,无效,无效,无,无效,无,已死亡,宇山久兼,无效,无效,无,无效,无,已死亡,宇山久兼,无效,无效,无,无效,无,已登场,宇山久兼,足轻组头,直臣,山中家,江户城,无,
285,344,武将,九户政实,九戶政實,精确匹配,九户政实,100,lord_1_konohe,clan_konohe_1,ou,Konohe Masazane,Konohe Masazane,1536,1554,1591,刀剑,63,49,34,26,44,2,2,0,1,1,1,0,1,1,1,0,1,0,0,0,1,无,强袭,无,,,,,,全职种,61,61,普通,勇敢,理想,轻率,不重情义,90,武具,贪心,普通,源氏,已登场,九户政实,城主,直臣,南部家,九户城,无,已登场,九户政实,城主,直臣,南部家,九户城,无,已登场,九户政实,城主,直臣,南部家,九户城,无,已登场,九户政实,城主,直臣,南部家,九户城,无,已登场,九户政实,城主,直臣,南部家,九户城,无,已登场,九户政实,城主,直臣,南部家,九户城,无,已登场,九户政实,城主,直臣,南部家,九户城,无,已死亡,九户政实,无效,无效,无,无效,无,已登场,九户政实,大名,首领,九户家,月山富田城,无,无要求,,
140,171,浦上宗景,浦上,精确匹配,lord_1_uragami,Uragami Munekage,clan_uragami_1,sanyo,精确匹配织丰,,1514,1554,1577,病死,,,,,,全职种,60,60,普通,胆小,普通,慎重,不重情义,62,书籍,贪心,普通,其他,刀剑,34,24,51,41,37,1,1,0,0,1,0,0,0,1,1,0,0,3,0,0,0,无,强袭,无,一般条件,,,已登场,浦上宗景,大名,首领,浦上家,天神山城,无,已登场,浦上宗景,大名,首领,浦上家,天神山城,无,已登场,浦上宗景,大名,首领,浦上家,天神山城,无,已登场,浦上宗景,大名,首领,浦上家,天神山城,无,已登场,浦上宗景,大名,首领,浦上家,天神山城,无,已死亡,浦上宗景,无效,无效,无,无效,无,已死亡,浦上宗景,无效,无效,无,无效,无,已死亡,浦上宗景,无效,无效,无,无效,无,已登场,浦上宗景,头领,首领,相模水军,三崎之砦,无,
141,172,上井觉兼,上井,精确匹配,lord_1_uwai_2,Uwai Kakuken,clan_uwai_1,saikai,精确匹配织丰,,1545,1559,1589,病死,,,,,,全职种,27,27,温和,普通,普通,慎重,普通,36,书籍,普通,普通,其他,刀剑,61,57,72,60,42,1,1,1,0,0,1,2,0,1,2,2,1,3,2,2,2,无,强袭,无,无要求,,,未登场,上井觉兼,侍大将,直臣,岛津家,内城,无,未登场,上井觉兼,足轻大将,直臣,岛津家,内城,无,已登场,上井觉兼,侍大将,直臣,岛津家,内城,无,已登场,上井觉兼,侍大将,直臣,岛津家,内城,无,已登场,上井觉兼,侍大将,直臣,岛津家,内城,无,已登场,上井觉兼,侍大将,直臣,岛津家,内城,无,已登场,上井觉兼,侍大将,直臣,岛津家,内城,无,已死亡,上井觉兼,无效,无效,无,无效,无,已登场,上井觉兼,家老,直臣,上泉家,内城,无,
142,173,海野六郎,海野,需新建,lord_1_uminorokurou,Unno Rokuro,,,,,1576,1590,1615,病死,,,,,,只限武将,49,49,普通,普通,普通,慎重,重视情义,11,书籍,无欲,普通,源氏,刀剑,74,55,50,79,86,2,1,1,0,0,0,3,2,0,0,0,1,2,1,0,1,无,强袭，二连苦无,无,一般条件,,,未登场,海野六郎,浪人,其他,无,小诸之町,无,未登场,海野六郎,浪人,其他,无,小诸之町,无,未登场,海野六郎,浪人,其他,无,小诸之町,无,未登场,海野六郎,浪人,其他,无,小诸之町,无,未登场,海野六郎,浪人,其他,无,小诸之町,无,未登场,海野六郎,浪人,其他,无,小诸之町,无,未登场,海野六郎,浪人,其他,无,小诸之町,无,已登场,海野六郎,浪人,其他,无,小诸之町,无,已登场,海野六郎,浪人,其他,无,小诸之町,无,
143,174,颖娃久虎,颖娃,需新建,lord_1_hisatora,Eiha Hisatora,,,,,1558,1572,1587,病死,,,,,,全职种,30,30,普通,勇敢,普通,轻率,普通,44,南蛮物,普通,嗜酒如命,其他,刀剑,63,73,26,50,53,2,1,2,0,1,2,1,0,0,1,1,0,0,1,0,0,无,强袭，拔突，铁壁,无,无要求,,,未登场,颖娃久虎,足轻组头,直臣,岛津家,内城,无,未登场,颖娃久虎,足轻组头,直臣,岛津家,内城,无,未登场,颖娃久虎,足轻组头,直臣,岛津家,内城,无,未登场,颖娃久虎,足轻组头,直臣,岛津家,内城,无,已登场,颖娃久虎,足轻组头,直臣,岛津家,内城,无,已登场,颖娃久虎,足轻大将,直臣,岛津家,内城,无,已登场,颖娃久虎,足轻大将,直臣,岛津家,内城,无,已死亡,颖娃久虎,无效,无效,无,无效,无,已登场,颖娃久虎,浪人,其他,无,今治之町,无,
290,351,武将,来岛通总,來島通總,精确匹配,来岛通总,100,lord_1_murakami_4,clan_murakami_1,sanyo,Murakami Michifusa,Murakami Michifusa,1561,1575,1597,刀剑,67,69,42,55,59,1,0,2,4,2,2,2,0,1,0,0,0,0,1,0,1,进水，蝴蝶之阵,强袭，拔突，刚弓，铁壁,无,村上通康,291,,,村上通康 得居通之,全职种,7,7,普通,胆小,普通,轻率,不重情义,71,艺术品,贪心,嗜酒如命,其他,未登场,来岛通总,船头,直臣,村上水军,三岛之砦,无,未登场,来岛通总,船头,陪臣（村上通康）,村上水军,三岛之砦,无,未登场,来岛通总,水夫,陪臣（村上通康）,村上水军,三岛之砦,无,已登场,来岛通总,船头,直臣,村上水军,三岛之砦,无,已登场,来岛通总,船头,直臣,村上水军,三岛之砦,无,已登场,来岛通总,船头,直臣,村上水军,三岛之砦,无,已登场,来岛通总,足轻大将,直臣,羽柴家,石山本愿寺,无,已死亡,来岛通总,无效,无效,无,无效,无,已登场,来岛通总,水夫,直臣,村上水军,三岛之砦,无,一般条件,,
291,857,武将,村上通康,村上通康,姓氏推断,,75,murakami_michiyasu,clan_murakami_2,hokuriku,Murakami Michiyasu,,1519,1554,1567,刀剑,69,72,36,48,52,0,0,2,4,2,2,1,0,2,0,0,2,0,0,0,0,水上禁行，蝴蝶之阵,强袭，拔突，刚弓，铁壁,无,,,,,来岛通总 得居通之,全职种,7,7,温和,勇敢,普通,轻率,不重情义,55,武具,贪心,嗜酒如命,其他,已登场,村上通康,船头,直臣,村上水军,三岛之砦,无,已登场,村上通康,船头,直臣,村上水军,三岛之砦,无,已登场,村上通康,船头,直臣,村上水军,三岛之砦,无,已死亡,村上通康,无效,无效,无,无效,无,已死亡,村上通康,无效,无效,无,无效,无,已死亡,村上通康,无效,无效,无,无效,无,已死亡,村上通康,无效,无效,无,无效,无,已死亡,村上通康,无效,无效,无,无效,无,已登场,村上通康,侍大将,直臣,上泉家,内城,无,一般条件,,
292,352,武将,黑田如水,黑田如水,姓氏推断,,50,kuroda_josui,clan_kuroda_1,kinai,Kuroda Yoshitaka,,1546,1561,1604,枪,88,55,86,92,86,4,3,3,2,2,1,4,1,4,3,4,3,2,4,2,3,强行突破，紧急修补，影武者，威吓，加护,拔突，急所击，刚弓，伤药，丢钱,军师，说客,黑田职隆,294,,,黑田长政 黑田职隆,只限武将,6,6,普通,胆小,理想,慎重,不重情义,98,南蛮物,贪心,普通,源氏,未登场,黑田官兵卫,足轻组头,陪臣（黑田职隆）,赤松家,御着城,无,未登场,黑田官兵卫,足轻组头,陪臣（小寺政职）,赤松家,御着城,无,已登场,黑田官兵卫,足轻组头,陪臣（小寺政职）,赤松家,御着城,无,已登场,黑田官兵卫,足轻组头,陪臣（小寺政职）,赤松家,御着城,无,已登场,黑田官兵卫,足轻组头,陪臣（羽柴秀吉）,织田家,长滨城,无,已登场,黑田官兵卫,部将,陪臣（羽柴秀吉）,织田家,姬路城,无,已登场,黑田官兵卫,家老,直臣,羽柴家,石山本愿寺,无,已登场,黑田如水,家老,直臣,黑田家,中津城,无,已登场,黑田如水,家老,直臣,黑田家,宇和岛城,无,一般条件,,主角丰臣秀吉，剧情救出黑田官兵卫
293,353,武将,黑田长政,黑田長政,精确匹配,黑田长政,100,lord_1_kuroda_4,clan_kuroda_1,kinai,Kuroda Nagamasa,Kuroda Nagamasa,1568,1582,1623,枪,72,68,75,78,80,2,2,3,2,2,3,3,1,3,3,3,2,2,2,3,1,无,强袭，连续斩，拔突，粘花，急所击，刚弓，卷枪，引落，柄返，刚力，铁壁，辱骂，克己,无,黑田如水,292,黑田职隆,294,黑田如水 黑田职隆,只限武将,99,99,温和,勇敢,现实,普通,不重情义,70,武具,普通,普通,源氏,未登场,黑田长政,足轻组头,陪臣（黑田官兵卫）,赤松家,御着城,无,未登场,黑田长政,足轻组头,陪臣（小寺政职）,赤松家,御着城,无,未登场,黑田长政,足轻组头,陪臣（小寺政职）,赤松家,御着城,无,未登场,黑田长政,足轻组头,陪臣（小寺政职）,赤松家,御着城,无,未登场,黑田长政,足轻组头,陪臣（小寺政职）,赤松家,姬路城,无,已登场,黑田长政,足轻组头,陪臣（羽柴秀吉）,织田家,姬路城,无,已登场,黑田长政,足轻组头,陪臣（黑田官兵卫）,羽柴家,石山本愿寺,无,已登场,黑田长政,大名,首领,黑田家,中津城,柳生新阴流,已登场,黑田长政,家老,直臣,黑田家,宇和岛城,无,一般条件,,
294,354,武将,黑田职隆,黑田職隆,精确匹配,黑田职隆,100,lord_1_kuroda_2,clan_kuroda_1,kinai,Kuroda Mototaka,Kuroda Mototaka,1524,1554,1585,枪,66,60,56,70,59,2,2,1,1,2,2,1,0,2,2,1,3,2,2,0,3,无,强袭，拔突，刚弓，铁壁，伤药，丢钱,无,,,,,黑田如水 黑田长政,全职种,95,95,温和,普通,现实,普通,普通,42,书籍,普通,普通,源氏,已登场,黑田职隆,部将,陪臣（小寺政职）,赤松家,御着城,无,已登场,黑田职隆,部将,陪臣（小寺政职）,赤松家,御着城,无,已登场,黑田职隆,部将,陪臣（小寺政职）,赤松家,御着城,无,已登场,黑田职隆,部将,陪臣（小寺政职）,赤松家,御着城,无,已登场,黑田职隆,部将,陪臣（小寺政职）,赤松家,姬路城,无,已登场,黑田职隆,侍大将,陪臣（羽柴秀吉）,织田家,姬路城,无,已登场,黑田职隆,侍大将,陪臣（黑田官兵卫）,羽柴家,石山本愿寺,无,已死亡,黑田职隆,无效,无效,无,无效,无,已登场,黑田职隆,大名,首领,黑田家,宇和岛城,无,无要求,,
144,177,江村亲家,江村,需新建,lord_1_emura,Emura Oyakataka,,,,,1527,1554,1587,病死,吉田重俊,774,吉田则弘,###,吉田重俊 吉田孝赖,全职种,80,80,普通,勇敢,普通,轻率,普通,45,武具,普通,嗜酒如命,其他,刀剑,58,45,28,40,36,2,1,1,2,0,0,0,0,0,0,0,0,0,0,0,1,无,强袭,无,无要求,,,已登场,江村亲家,足轻组头,直臣,长宗我部家,冈丰城,无,已登场,江村亲家,足轻组头,直臣,长宗我部家,冈丰城,无,已登场,江村亲家,足轻组头,直臣,长宗我部家,冈丰城,无,已登场,江村亲家,足轻组头,直臣,长宗我部家,冈丰城,无,已登场,江村亲家,足轻组头,直臣,长宗我部家,冈丰城,无,已登场,江村亲家,足轻大将,直臣,长宗我部家,冈丰城,无,已登场,江村亲家,足轻大将,直臣,长宗我部家,冈丰城,无,已死亡,江村亲家,无效,无效,无,无效,无,已登场,江村亲家,浪人,其他,无,厩桥之町,无,
145,178,江里口信常,江里口,需新建,lord_1_eriguchinobutsune,Eriguchi Nobutsune,,,,,1548,1562,1584,战死,,,,,,只限武将,60,60,性急,勇敢,普通,轻率,重视情义,32,武具,普通,嗜酒如命,藤原氏,刀剑,61,81,12,15,54,2,2,2,1,1,2,1,1,0,0,0,0,1,0,0,0,无,强袭，拔突，铁壁,无,无要求,,,未登场,江里口信常,侍大将,直臣,龙造寺家,佐嘉城,无,未登场,江里口信常,侍大将,直臣,龙造寺家,佐嘉城,无,已登场,江里口信常,侍大将,直臣,龙造寺家,佐嘉城,无,已登场,江里口信常,侍大将,直臣,龙造寺家,佐嘉城,无,已登场,江里口信常,侍大将,直臣,龙造寺家,佐嘉城,无,已登场,江里口信常,侍大将,直臣,龙造寺家,佐嘉城,无,已登场,江里口信常,侍大将,直臣,龙造寺家,佐嘉城,无,已死亡,江里口信常,无效,无效,无,无效,无,已登场,江里口信常,浪人,其他,无,土崎凑之町,无,主角柳生宗严，无刀取剧情
146,179,圆城寺信胤,圆城寺,需新建,lord_1_teranobutane,Enjoji Nobutane,,,,,1542,1556,1584,战死,,,,,,只限武将,60,60,性急,勇敢,普通,轻率,重视情义,41,武具,无欲,普通,其他,刀剑,62,38,56,60,49,1,2,2,0,0,2,0,0,0,0,0,0,0,0,0,0,无,强袭，拔突，铁壁,无,无要求,,,未登场,圆城寺信胤,侍大将,直臣,龙造寺家,佐嘉城,无,未登场,圆城寺信胤,足轻大将,直臣,龙造寺家,佐嘉城,无,已登场,圆城寺信胤,侍大将,直臣,龙造寺家,佐嘉城,无,已登场,圆城寺信胤,侍大将,直臣,龙造寺家,佐嘉城,无,已登场,圆城寺信胤,侍大将,直臣,龙造寺家,佐嘉城,无,已登场,圆城寺信胤,侍大将,直臣,龙造寺家,佐嘉城,无,已登场,圆城寺信胤,侍大将,直臣,龙造寺家,佐嘉城,无,已死亡,圆城寺信胤,无效,无效,无,无效,无,已登场,圆城寺信胤,浪人,其他,无,出石之町,无,
147,180,远藤直经,远藤,需新建,lord_1_choku,Endo Naokiyo,,,,,1531,1554,1570,战死,,,,,,只限武将,72,72,性急,普通,现实,轻率,普通,77,武具,普通,普通,藤原氏,刀剑,57,51,16,42,59,2,1,1,0,2,2,2,0,0,0,0,0,0,0,0,1,无,强袭，拔突，刚弓，铁壁,无,无要求,,,已登场,远藤直经,侍大将,直臣,浅井家,小谷城,无,已登场,远藤直经,足轻大将,直臣,浅井家,小谷城,无,已登场,远藤直经,侍大将,直臣,浅井家,小谷城,无,已登场,远藤直经,侍大将,直臣,浅井家,小谷城,无,已死亡,远藤直经,无效,无效,无,无效,无,已死亡,远藤直经,无效,无效,无,无效,无,已死亡,远藤直经,无效,无效,无,无效,无,已死亡,远藤直经,无效,无效,无,无效,无,已登场,远藤直经,浪人,其他,无,轮岛之町,无,
299,358,武将,香宗我部亲泰,香宗我部親泰,精确匹配,香宗我部亲泰,100,lord_1_kosokabe,clan_kosokabe_1,nankai,Kosokabe Chikayasu,Kosokabe Chikayasu,1543,1557,1593,刀剑,78,64,78,82,77,3,1,2,0,1,2,2,0,2,2,2,0,2,3,1,0,无,强袭，拔突，铁壁,无,长宗我部国亲,481,,,香川亲和 吉良亲贞 吉良亲实 长宗我部国亲 长宗我部信亲 长宗我部元亲 长宗我部盛亲 津野亲忠,只限武将,80,80,温和,普通,普通,慎重,重视情义,30,艺术品,无欲,普通,源氏,未登场,香宗我部亲泰,部将,直臣,长宗我部家,冈丰城,无,未登场,香宗我部亲泰,部将,陪臣（长宗我部国亲）,长宗我部家,冈丰城,无,已登场,香宗我部亲泰,部将,直臣,长宗我部家,冈丰城,无,已登场,香宗我部亲泰,部将,直臣,长宗我部家,冈丰城,无,已登场,香宗我部亲泰,部将,直臣,长宗我部家,冈丰城,无,已登场,香宗我部亲泰,部将,直臣,长宗我部家,冈丰城,无,已登场,香宗我部亲泰,国主,直臣,长宗我部家,安艺城,无,已死亡,香宗我部亲泰,无效,无效,无,无效,无,已登场,香宗我部亲泰,浪人,其他,无,安土之町,无,一般条件,,
300,360,武将,河野通直(牛福丸),河野通直(牛福丸),姓氏推断,,67,kawano_tsuuchokuushifukumaru,clan_kawano_1,sanyo,Kono Michinao,,1564,1578,1587,刀剑,44,41,50,36,48,1,0,1,2,0,2,1,0,0,1,1,0,1,0,1,1,无,强袭，拔突，铁壁,无,,,,,,全职种,43,43,性急,胆小,现实,轻率,普通,49,南蛮物,普通,普通,其他,未登场,河野牛福丸,家老,直臣,河野家,汤筑城,无,未登场,河野牛福丸,部将,陪臣（河野通宣）,河野家,汤筑城,无,未登场,河野牛福丸,家老,直臣,河野家,汤筑城,无,未登场,河野牛福丸,家老,直臣,河野家,汤筑城,无,未登场,河野牛福丸,家老,直臣,河野家,汤筑城,无,已登场,河野通直,大名,首领,河野家,汤筑城,无,已登场,河野通直,大名,首领,河野家,汤筑城,无,已死亡,河野牛福丸,无效,无效,无,无效,无,已登场,河野牛福丸,家老,直臣,河尻家,水户城,无,无要求,,
301,362,武将,河野通宣,河野通宣,精确匹配,河野通宣,100,lord_1_kawano,clan_kawano_1,sanyo,Kawano Michinobu,Kawano Michinobu,1527,1554,1581,刀剑,40,43,41,27,35,1,0,0,2,0,0,1,1,0,0,0,2,1,0,0,0,无,强袭,无,,,,,,全职种,43,43,普通,胆小,现实,慎重,普通,35,南蛮物,普通,普通,其他,已登场,河野通宣,大名,首领,河野家,汤筑城,无,已登场,河野通宣,大名,首领,河野家,汤筑城,无,已登场,河野通宣,大名,首领,河野家,汤筑城,无,已登场,河野通宣,大名,首领,河野家,汤筑城,无,已登场,河野通宣,大名,首领,河野家,汤筑城,无,已死亡,河野通宣,无效,无效,无,无效,无,已死亡,河野通宣,无效,无效,无,无效,无,已死亡,河野通宣,无效,无效,无,无效,无,已登场,河野通宣,家老,直臣,河尻家,水户城,无,一般条件,,
148,181,远藤基信,远藤,需新建,lord_1_Kouriki_Kiyomasa,Endo Motonobu,,,,,1532,1554,1585,战死,,,,,,只限武将,64,64,普通,普通,现实,慎重,重视情义,23,书籍,无欲,滴酒不沾,藤原氏,刀剑,13,16,78,60,52,0,0,0,0,0,0,1,0,2,3,3,3,2,2,0,2,无,强袭，丢钱,无,无要求,,,已登场,远藤基信,足轻组头,陪臣（中野宗时）,伊达家,米泽城,无,已登场,远藤基信,足轻组头,直臣,伊达家,米泽城,无,已登场,远藤基信,足轻组头,直臣,伊达家,米泽城,无,已登场,远藤基信,足轻组头,直臣,伊达家,米泽城,无,已登场,远藤基信,足轻组头,直臣,伊达家,米泽城,无,已登场,远藤基信,足轻大将,直臣,伊达家,米泽城,无,已登场,远藤基信,家老,直臣,伊达家,米泽城,无,已死亡,远藤基信,无效,无效,无,无效,无,已登场,远藤基信,浪人,其他,无,鸟取之町,无,
303,364,武将,小岛职镇,小島職鎮,姓氏推断,,67,nanjo,clan_nanjo_1,sanyo,Kojima Shigetoshi,,1519,1554,1582,刀剑,33,35,40,39,36,0,1,0,0,0,0,1,0,1,1,1,0,0,2,0,0,无,强袭,无,,,,,,全职种,16,16,性急,胆小,现实,轻率,不重情义,72,艺术品,贪心,普通,其他,已登场,小岛职镇,部将,直臣,神保家,富山城,无,已登场,小岛职镇,足轻组头,直臣,神保家,富山城,无,已登场,小岛职镇,部将,直臣,神保家,富山城,无,已登场,小岛职镇,部将,直臣,神保家,富山城,无,已登场,小岛职镇,部将,直臣,神保家,富山城,无,已死亡,小岛职镇,无效,无效,无,无效,无,已死亡,小岛职镇,无效,无效,无,无效,无,已死亡,小岛职镇,无效,无效,无,无效,无,已登场,小岛职镇,家老,直臣,小笠原家,小仓城,无,无要求,,
149,182,大石智久,大石,需新建,lord_1_ooishitomohisa,Oishi Tomohisa,,,,,1541,1555,1600,病死,,,,,,全职种,90,90,性急,勇敢,普通,轻率,重视情义,55,武具,贪心,嗜酒如命,源氏,刀剑,59,80,34,42,61,2,1,2,2,2,3,1,1,0,0,0,0,0,0,0,0,无,强袭，连续斩，拔突，刚弓，刚力，铁壁,无,无要求,,,未登场,大石智久,足轻大将,直臣,宗家,金石城,无,未登场,大石智久,足轻大将,直臣,宗家,金石城,无,已登场,大石智久,足轻组头,直臣,宗家,金石城,无,已登场,大石智久,足轻大将,直臣,宗家,金石城,无,已登场,大石智久,足轻大将,直臣,宗家,金石城,无,已登场,大石智久,足轻大将,直臣,宗家,金石城,无,已登场,大石智久,足轻大将,直臣,宗家,金石城,无,已登场,大石智久,侍大将,直臣,宗家,金石城,无,已登场,大石智久,家老,直臣,大久保家,佐贺城,无,
150,183,大内定纲,大内,需新建,lord_1_oouchitei,Ouchi Tetsuna,,,,,1545,1559,1610,病死,,,,,,全职种,65,90,普通,胆小,现实,慎重,不重情义,72,武具,贪心,普通,其他,枪,49,82,36,63,21,1,1,1,0,2,3,1,0,0,0,0,1,2,2,1,0,无,强袭，连续斩，拔突，粘花，刚弓，卷枪，引落，柄返，刚力，铁壁,无,无要求,,,未登场,大内定纲,足轻组头,直臣,芦名家,黑川城,无,未登场,大内定纲,足轻组头,直臣,芦名家,黑川城,无,已登场,大内定纲,足轻组头,直臣,芦名家,黑川城,无,已登场,大内定纲,足轻组头,直臣,芦名家,黑川城,无,已登场,大内定纲,足轻组头,直臣,芦名家,黑川城,无,已登场,大内定纲,足轻组头,直臣,芦名家,黑川城,无,已登场,大内定纲,足轻组头,直臣,芦名家,黑川城,无,已登场,大内定纲,部将,直臣,伊达家,仙台城,无,已登场,大内定纲,家老,直臣,大久保家,佐贺城,无,
306,369,武将,木造具政,木造具政,精确匹配,木造具政,100,lord_1_kitabatake_10,clan_kitabatake_1,kinai,Kitabatake Tomomasa,Kitabatake Tomomasa,1530,1554,1584,刀剑,62,38,59,64,59,2,2,1,0,1,0,2,1,0,1,0,0,0,2,1,0,无,强袭,无,北畠晴具,261,,,北畠具教 北畠具房 北畠晴具 泷川雄利 长野具藤,只限武将,42,42,普通,普通,现实,普通,不重情义,61,书籍,贪心,普通,源氏,已登场,木造具政,家老,直臣,北畠家,大河内城,无,已登场,木造具政,家老,直臣,北畠家,大河内城,无,已登场,木造具政,家老,直臣,北畠家,大河内城,无,已登场,木造具政,家老,直臣,北畠家,大河内城,无,已登场,木造具政,侍大将,陪臣（织田信雄）,织田家,大河内城,无,已登场,木造具政,侍大将,陪臣（织田信雄）,织田家,安浓津城,无,已登场,木造具政,家老,直臣,织田家,长岛城,无,已死亡,木造具政,无效,无效,无,无效,无,已登场,木造具政,浪人,其他,无,大坂之町,无,无要求,,
151,184,大内辉弘,大内,需新建,lord_1_Komotedaya_Yasukazu,Ouchi Teruhiro,,,,,1520,1554,1569,战死,,,,,,只限武将,80,80,性急,普通,现实,轻率,普通,63,艺术品,贪心,普通,其他,刀剑,51,47,45,45,50,1,1,1,1,1,1,1,0,0,1,0,1,2,0,0,0,无,强袭,无,无要求,,,已登场,大内辉弘,部将,直臣,大友家,府内城,无,已登场,大内辉弘,家老,直臣,大友家,府内城,无,已登场,大内辉弘,部将,直臣,大友家,府内城,无,已登场,大内辉弘,家老,直臣,大友家,府内城,无,已死亡,大内辉弘,无效,无效,无,无效,无,已死亡,大内辉弘,无效,无效,无,无效,无,已死亡,大内辉弘,无效,无效,无,无效,无,已死亡,大内辉弘,无效,无效,无,无效,无,已登场,大内辉弘,部将,直臣,大久保家,佐贺城,无,
152,186,大内义长,大内,需新建,lord_1_Komotedaya_Yasutsune,Ouchi Yoshinaga,,,,,1532,1554,1557,病死,大友义鉴,811,,,大友宗麟 大友亲家 大友亲盛 大友义统 大友义鉴,只限武将,50,45,温和,胆小,普通,普通,普通,29,艺术品,普通,普通,其他,刀剑,38,29,28,35,37,0,0,0,0,0,0,0,0,1,0,0,0,3,0,2,1,无,强袭,无,无要求,,主角毛利元就，防长攻略,已登场,大友晴英,部将,直臣,大友家,府内城,无,已登场,大内义长,大名,首领,大内家,山口城,无,已死亡,大内义长,无效,无效,无,无效,无,已死亡,大内义长,无效,无效,无,无效,无,已死亡,大内义长,无效,无效,无,无效,无,已死亡,大内义长,无效,无效,无,无效,无,已死亡,大内义长,无效,无效,无,无效,无,已死亡,大内义长,无效,无效,无,无效,无,已登场,大内义长,部将,直臣,大久保家,佐贺城,无,
309,373,武将,后藤贤丰,後藤賢豐,姓氏推断,,50,matsuura,clan_matsuura_1,saikai,Goto Yoshisada,,1516,1554,1563,刀剑,56,46,68,62,57,1,0,1,1,1,1,2,0,2,2,1,1,3,1,1,0,无,强袭,无,,,,,,只限武将,51,51,普通,普通,普通,轻率,普通,18,艺术品,普通,普通,藤原氏,已登场,后藤贤丰,家老,直臣,六角家,观音寺城,无,已登场,后藤贤丰,家老,直臣,六角家,观音寺城,无,已登场,后藤贤丰,家老,直臣,六角家,观音寺城,无,已死亡,后藤贤丰,无效,无效,无,无效,无,已死亡,后藤贤丰,无效,无效,无,无效,无,已死亡,后藤贤丰,无效,无效,无,无效,无,已死亡,后藤贤丰,无效,无效,无,无效,无,已死亡,后藤贤丰,无效,无效,无,无效,无,已登场,后藤贤丰,浪人,其他,无,足利之町,无,无要求,,
310,375,武将,后藤信康,後藤信康,姓氏推断,,50,matsuura_nobuyasu,clan_matsuura_1,saikai,Goto Nobuyasu,,1555,1569,1614,刀剑,63,70,17,42,52,2,3,2,1,2,3,2,0,0,0,0,2,1,1,0,0,无,强袭，连续斩，拔突，刚弓，刚力，铁壁,无,,,,,,只限武将,62,62,普通,勇敢,普通,普通,重视情义,55,武具,普通,普通,其他,未登场,后藤信康,足轻组头,直臣,伊达家,米泽城,无,未登场,后藤信康,足轻组头,直臣,伊达家,米泽城,无,未登场,后藤信康,足轻组头,直臣,伊达家,米泽城,无,未登场,后藤信康,足轻组头,直臣,伊达家,米泽城,无,已登场,后藤信康,足轻组头,直臣,伊达家,米泽城,无,已登场,后藤信康,足轻组头,直臣,伊达家,米泽城,无,已登场,后藤信康,侍大将,直臣,伊达家,米泽城,无,已登场,后藤信康,家老,直臣,伊达家,仙台城,无,已登场,后藤信康,浪人,其他,无,京之町,无,无要求,,
311,376,武将,后藤又兵卫,後藤又兵衛,姓氏推断,,44,matsuura_matahei,clan_matsuura_1,saikai,Goto Matabei,,1560,1574,1615,枪,51,82,23,64,69,2,1,2,0,3,3,2,0,0,0,1,0,0,0,1,1,无,强袭，连续斩，拔突，粘花，刚弓，卷枪，引落，柄返，刚力，铁壁，辱骂,枪术名人,,,,,,只限武将,7,15,性急,勇敢,理想,慎重,普通,69,武具,无欲,嗜酒如命,藤原氏,未登场,后藤又兵卫,足轻组头,陪臣（小寺政职）,赤松家,御着城,无,未登场,后藤又兵卫,足轻组头,陪臣（小寺政职）,赤松家,御着城,无,未登场,后藤又兵卫,足轻组头,陪臣（小寺政职）,赤松家,御着城,无,未登场,后藤又兵卫,足轻组头,陪臣（小寺政职）,赤松家,御着城,无,已登场,后藤又兵卫,足轻组头,陪臣（小寺政职）,赤松家,姬路城,无,已登场,后藤又兵卫,足轻组头,陪臣（羽柴秀吉）,织田家,姬路城,无,已登场,后藤又兵卫,足轻组头,陪臣（黑田官兵卫）,羽柴家,石山本愿寺,无,已登场,后藤又兵卫,家老,直臣,黑田家,中津城,无,已登场,后藤又兵卫,浪人,其他,无,鹿屋之町,无,一般条件,,
153,188,大久保忠佐,大久保,精确匹配,lord_1_okubo_6,Okubo Tadasuke,clan_okubo_1,tokai,精确匹配织丰,,1537,1554,1613,病死,大久保忠员,1308,,,大久保忠教 大久保忠邻 大久保忠世,全职种,90,90,性急,勇敢,理想,轻率,重视情义,45,武具,普通,嗜酒如命,藤原氏,刀剑,65,75,42,65,71,2,2,2,0,1,2,1,0,1,1,1,1,1,0,0,0,无,强袭，拔突，铁壁,无,无要求,,,未登场,大久保忠佐,侍大将,直臣,松平家,冈崎城,无,已登场,大久保忠佐,足轻组头,陪臣（松平元康）,今川家,骏府城,无,已登场,大久保忠佐,足轻大将,陪臣（松平元康）,今川家,冈崎城,无,已登场,大久保忠佐,侍大将,直臣,德川家,冈崎城,无,已登场,大久保忠佐,侍大将,直臣,德川家,滨松城,无,已登场,大久保忠佐,侍大将,直臣,德川家,滨松城,无,已登场,大久保忠佐,侍大将,直臣,德川家,滨松城,无,已登场,大久保忠佐,部将,直臣,德川家,江户城,无,已登场,大久保忠佐,部将,陪臣（大久保忠世）,大久保家,金石城,无,
154,189,大久保忠教,大久保,精确匹配,lord_1_okubo_9,Okubo Tadataka,clan_okubo_1,tokai,精确匹配织丰,,1560,1574,1639,病死,大久保忠员,1308,,,大久保忠佐 大久保忠邻 大久保忠世,只限武将,90,90,性急,勇敢,理想,轻率,重视情义,55,武具,无欲,普通,藤原氏,枪,63,76,56,60,80,2,1,1,1,1,2,3,0,0,0,0,0,3,3,0,0,无,强袭，拔突，铁壁,无,一般条件,,,未登场,大久保忠教,足轻组头,直臣,松平家,冈崎城,无,未登场,大久保忠教,足轻组头,陪臣（松平元康）,今川家,骏府城,无,未登场,大久保忠教,浪人,其他,无,冈崎之町,无,未登场,大久保忠教,足轻组头,直臣,德川家,冈崎城,无,已登场,大久保忠教,足轻组头,直臣,德川家,滨松城,无,已登场,大久保忠教,足轻组头,直臣,德川家,滨松城,无,已登场,大久保忠教,足轻组头,直臣,德川家,滨松城,无,已登场,大久保忠教,侍大将,陪臣（大久保忠邻）,德川家,小田原城,无,已登场,大久保忠教,足轻组头,直臣,大久保家,佐贺城,无,
314,379,武将,小早川隆景,小早川隆景,精确匹配,小早川隆景,100,lord_1_kobayakawa,clan_kobayakawa_1,sanyo,Kobayakawa Takakage,Kobayakawa Takakage,1533,1554,1597,刀剑,81,63,92,94,84,4,2,3,4,2,2,3,1,3,3,4,3,2,4,2,2,齐攻，百万一心，齐射，激励,强袭，拔突，急所击，刚弓，铁壁，丢钱,军师,毛利元就,722,,,吉川广家 吉川元长 吉川元春 小早川秀包 繁泽元氏 二宫就辰 穗井田元清 毛利隆元 毛利辉元 毛利元就 毛利秀元,全职种,29,29,温和,普通,现实,轻率,重视情义,46,书籍,无欲,普通,平氏,已登场,小早川隆景,家老,直臣,毛利家,吉田郡山城,无,已登场,小早川隆景,家老,直臣,毛利家,吉田郡山城,无,已登场,小早川隆景,家老,直臣,毛利家,吉田郡山城,无,已登场,小早川隆景,城主,直臣,毛利家,三原城,无,已登场,小早川隆景,国主,直臣,毛利家,三原城,无,已登场,小早川隆景,国主,直臣,毛利家,三原城,无,已登场,小早川隆景,国主,直臣,毛利家,三原城,无,已死亡,小早川隆景,无效,无效,无,无效,无,已登场,小早川隆景,家老,直臣,小笠原家,小仓城,无,一般条件,,
315,380,武将,小早川秀秋,小早川秀秋,姓氏推断,,60,kobayakawa_kawahideaki,clan_kobayakawa_1,sanyo,Kobayakawa Hideaki,,1582,1596,1602,刀剑,35,24,33,40,38,0,0,1,0,0,0,1,1,0,0,0,2,1,1,2,0,无,强袭,无,,,,,,全职种,99,99,温和,胆小,现实,普通,不重情义,70,艺术品,普通,滴酒不沾,平氏,未登场,木下秀俊,浪人,其他,无,清洲之町,无,未登场,木下秀俊,浪人,其他,无,清洲之町,无,未登场,木下秀俊,足轻组头,陪臣（木下藤吉郎）,织田家,清洲城,无,未登场,木下秀俊,足轻组头,陪臣（木下藤吉郎）,织田家,岐阜城,无,未登场,羽柴秀俊,足轻组头,陪臣（羽柴秀吉）,织田家,长滨城,无,未登场,羽柴秀俊,足轻组头,陪臣（羽柴秀吉）,织田家,姬路城,无,未登场,羽柴秀俊,足轻组头,直臣,羽柴家,石山本愿寺,无,已登场,小早川秀秋,大名,首领,小早川家,名岛城,无,已登场,小早川秀秋,家老,直臣,小笠原家,小仓城,无,无要求,,
316,381,武将,小早川秀包,小早川秀包,姓氏推断,,60,kobayakawa_kawahidekane,clan_kobayakawa_1,sanyo,Kobayakawa Hidekane,,1567,1581,1601,刀剑,68,72,56,63,77,2,1,2,2,1,1,1,0,0,1,0,1,1,1,2,1,百万一心,强袭,无,毛利元就,722,,,吉川广家 吉川元长 吉川元春 小早川隆景 繁泽元氏 二宫就辰 穗井田元清 毛利隆元 毛利辉元 毛利元就 毛利秀元,只限武将,29,29,温和,勇敢,普通,普通,普通,42,艺术品,无欲,普通,平氏,未登场,小早川秀包,足轻组头,陪臣（小早川隆景）,毛利家,吉田郡山城,无,未登场,小早川秀包,足轻组头,陪臣（小早川隆景）,毛利家,吉田郡山城,无,未登场,小早川秀包,足轻组头,直臣,毛利家,吉田郡山城,无,未登场,小早川秀包,足轻组头,陪臣（小早川隆景）,毛利家,三原城,无,未登场,小早川秀包,足轻组头,陪臣（小早川隆景）,毛利家,三原城,无,已登场,小早川秀包,足轻组头,陪臣（小早川隆景）,毛利家,三原城,无,已登场,小早川秀包,足轻组头,陪臣（小早川隆景）,毛利家,三原城,无,已登场,小早川秀包,大名,首领,小早川家,久留米城,无,已登场,小早川秀包,部将,直臣,小笠原家,小仓城,无,无要求,,
155,190,大久保忠邻,大久保,精确匹配,lord_1_okubo_4,Okubo Tadachika,clan_okubo_1,tokai,精确匹配织丰,,1553,1567,1628,病死,大久保忠世,156,大久保忠员,###,大久保忠佐 大久保忠教 大久保忠世,只限武将,90,65,温和,勇敢,普通,普通,重视情义,48,书籍,普通,普通,藤原氏,枪,58,35,67,46,40,1,2,1,0,1,2,2,0,1,1,1,2,2,1,0,1,无,强袭，拔突，铁壁,无,一般条件,,,未登场,大久保忠邻,足轻组头,陪臣（大久保忠世）,松平家,冈崎城,无,未登场,大久保忠邻,足轻组头,陪臣（大久保忠世）,今川家,骏府城,无,未登场,大久保忠邻,足轻组头,陪臣（大久保忠世）,今川家,冈崎城,无,已登场,大久保忠邻,足轻组头,陪臣（大久保忠世）,德川家,冈崎城,无,已登场,大久保忠邻,足轻组头,陪臣（大久保忠世）,德川家,滨松城,无,已登场,大久保忠邻,足轻组头,陪臣（大久保忠世）,德川家,滨松城,无,已登场,大久保忠邻,足轻组头,陪臣（大久保忠世）,德川家,滨松城,无,已登场,大久保忠邻,城主,直臣,德川家,小田原城,无,已登场,大久保忠邻,足轻组头,直臣,大久保家,佐贺城,无,
156,191,大久保忠世,大久保,精确匹配,lord_1_okubo_2,Okubo Tadayo,clan_okubo_1,tokai,精确匹配织丰,,1532,1554,1594,病死,大久保忠员,1308,,,大久保忠佐 大久保忠教 大久保忠邻,只限武将,90,90,普通,勇敢,普通,普通,普通,40,武具,无欲,普通,藤原氏,刀剑,71,67,35,71,65,2,2,1,1,1,1,2,0,1,1,1,1,1,1,1,1,三河武者,强袭,无,无要求,,,已登场,大久保忠世,侍大将,直臣,松平家,冈崎城,无,已登场,大久保忠世,足轻组头,陪臣（松平元康）,今川家,骏府城,无,已登场,大久保忠世,侍大将,陪臣（松平元康）,今川家,冈崎城,无,已登场,大久保忠世,侍大将,直臣,德川家,冈崎城,无,已登场,大久保忠世,侍大将,直臣,德川家,滨松城,无,已登场,大久保忠世,侍大将,直臣,德川家,滨松城,无,已登场,大久保忠世,侍大将,直臣,德川家,滨松城,无,已死亡,大久保忠世,无效,无效,无,无效,无,已登场,大久保忠世,城主,直臣,大久保家,金石城,无,
157,192,大久保长安,大久保,姓氏推断,lord_1_okubo_ho,Okubo Nagayasu,clan_okubo_1,tokai,家族和文化自动推断,,1545,1559,1613,病死,,,,,,全职种,99,99,普通,普通,普通,轻率,不重情义,61,艺术品,贪心,普通,其他,刀剑,7,2,92,69,41,0,0,0,0,0,0,0,0,2,2,4,3,1,2,1,1,无,强袭，丢钱,无,一般条件,,,未登场,大久保长安,浪人,其他,无,甲府之町,无,未登场,大久保长安,浪人,其他,无,甲府之町,无,已登场,大久保长安,浪人,其他,无,甲府之町,无,已登场,大久保长安,浪人,其他,无,甲府之町,无,已登场,大久保长安,浪人,其他,无,甲府之町,无,已登场,大久保长安,浪人,其他,无,甲府之町,无,已登场,大久保长安,浪人,其他,无,甲府之町,无,已登场,大久保长安,侍大将,直臣,德川家,江户城,无,已登场,大久保长安,大名,首领,大久保家,佐贺城,无,
320,387,武将,西园寺公广,西園寺公廣,精确匹配,西园寺公广,100,lord_1_saionji,clan_saionji_1,nankai,Saionji Kinhiro,Saionji Kinhiro,1537,1554,1587,刀剑,11,15,24,28,23,0,0,0,0,0,0,0,0,0,0,0,0,2,0,0,0,无,强袭,无,,,,,,全职种,33,33,普通,胆小,普通,轻率,不重情义,71,艺术品,贪心,嗜酒如命,藤原氏,已登场,西园寺公广,城主,直臣,河野家,宇和岛城,无,已登场,西园寺公广,城主,直臣,河野家,宇和岛城,无,已登场,西园寺公广,城主,直臣,河野家,宇和岛城,无,已登场,西园寺公广,城主,直臣,河野家,宇和岛城,无,已登场,西园寺公广,城主,直臣,大友家,宇和岛城,无,已登场,西园寺公广,城主,直臣,大友家,宇和岛城,无,已登场,西园寺公广,城主,直臣,大友家,宇和岛城,无,已死亡,西园寺公广,无效,无效,无,无效,无,已登场,西园寺公广,大名,首领,西园寺家,山形城,无,无要求,,
158,193,大熊朝秀,大熊,需新建,lord_1_ookumaasashuu,Okuma Tomohide,,,,,1517,1554,1582,病死,,,,,,全职种,52,52,普通,普通,普通,慎重,不重情义,40,艺术品,贪心,普通,源氏,刀剑,52,39,64,53,52,1,1,1,0,1,1,1,0,1,2,1,3,1,1,1,1,无,强袭，丢钱,无,无要求,,,已登场,大熊朝秀,侍大将,直臣,长尾家,春日山城,无,已登场,大熊朝秀,侍大将,直臣,长尾家,春日山城,无,已登场,大熊朝秀,侍大将,直臣,武田家,踯躅崎馆,无,已登场,大熊朝秀,侍大将,直臣,武田家,踯躅崎馆,无,已登场,大熊朝秀,侍大将,直臣,武田家,踯躅崎馆,无,已登场,大熊朝秀,侍大将,直臣,武田家,甲府城,无,已死亡,大熊朝秀,无效,无效,无,无效,无,已死亡,大熊朝秀,无效,无效,无,无效,无,已登场,大熊朝秀,上忍,直臣,钵屋众,钵屋之里,无,
159,194,大崎义隆,大崎,精确匹配,lord_1_osaki,Osaki Yoshitaka,clan_osaki_1,ou,精确匹配织丰,,1548,1562,1603,病死,大崎义直,160,,,大崎义直,只限武将,75,75,普通,勇敢,普通,慎重,普通,60,武具,普通,普通,源氏,刀剑,58,39,43,24,36,1,1,1,0,1,1,1,0,0,2,1,0,0,1,0,0,无,强袭,无,无要求,,,未登场,大崎义隆,家老,直臣,大崎家,名生城,无,未登场,大崎义隆,部将,陪臣（大崎义直）,大崎家,名生城,无,已登场,大崎义隆,家老,直臣,大崎家,名生城,无,已登场,大崎义隆,家老,直臣,大崎家,名生城,无,已登场,大崎义隆,家老,直臣,大崎家,名生城,无,已登场,大崎义隆,大名,首领,大崎家,名生城,无,已登场,大崎义隆,大名,首领,大崎家,名生城,无,已登场,大崎义隆,部将,直臣,上杉家,会津若松城,无,已登场,大崎义隆,家老,直臣,大久保家,佐贺城,无,
160,195,大崎义直,大崎,精确匹配,lord_1_osaki_1,Osaki Yoshinao,clan_osaki_1,ou,精确匹配织丰,,1517,1554,1577,病死,,,,,大崎义隆,只限武将,75,75,普通,胆小,现实,慎重,普通,29,艺术品,贪心,滴酒不沾,源氏,刀剑,35,44,47,51,56,1,0,1,0,1,1,0,0,2,0,0,0,0,1,0,0,无,强袭,无,一般条件,,,已登场,大崎义直,大名,首领,大崎家,名生城,无,已登场,大崎义直,大名,首领,大崎家,名生城,无,已登场,大崎义直,大名,首领,大崎家,名生城,无,已登场,大崎义直,大名,首领,大崎家,名生城,无,已登场,大崎义直,大名,首领,大崎家,名生城,无,已死亡,大崎义直,无效,无效,无,无效,无,已死亡,大崎义直,无效,无效,无,无效,无,已死亡,大崎义直,无效,无效,无,无效,无,已登场,大崎义直,部将,直臣,大久保家,佐贺城,无,
161,196,大须贺康高,大须贺,需新建,lord_1_daiyasutaka,Ota Ujiyasu,,,,,1528,1554,1589,病死,,,,,,只限武将,60,60,温和,普通,现实,慎重,普通,26,书籍,无欲,普通,平氏,刀剑,65,46,52,37,44,1,1,1,2,1,0,2,0,1,1,0,0,1,0,0,1,无,强袭,无,无要求,,,已登场,大须贺康高,足轻组头,直臣,松平家,冈崎城,无,已登场,大须贺康高,足轻组头,陪臣（松平元康）,今川家,骏府城,无,已登场,大须贺康高,足轻组头,陪臣（松平元康）,今川家,冈崎城,无,已登场,大须贺康高,侍大将,直臣,德川家,冈崎城,无,已登场,大须贺康高,侍大将,直臣,德川家,滨松城,无,已登场,大须贺康高,侍大将,直臣,德川家,滨松城,无,已登场,大须贺康高,侍大将,直臣,德川家,滨松城,无,已死亡,大须贺康高,无效,无效,无,无效,无,已登场,大须贺康高,家老,直臣,大久保家,佐贺城,无,主角斋藤义龙，长良川之战胜利
162,197,太田氏资,太田,需新建,lord_1_ootashi,Otaa Gyuichi,,,,,1543,1557,1567,战死,太田三乐斋,164,,,太田三乐斋 梶原政景,全职种,70,70,性急,胆小,现实,慎重,不重情义,55,南蛮物,贪心,普通,源氏,刀剑,51,55,43,60,35,1,0,1,2,1,2,1,0,0,0,0,0,2,2,0,0,无,强袭，拔突，铁壁,无,无要求,,,未登场,太田氏资,侍大将,直臣,太田家,岩槻城,无,未登场,太田氏资,部将,陪臣（太田资正）,太田家,岩槻城,无,已登场,太田氏资,家老,直臣,太田家,岩槻城,无,已死亡,太田氏资,无效,无效,无,无效,无,已死亡,太田氏资,无效,无效,无,无效,无,已死亡,太田氏资,无效,无效,无,无效,无,已死亡,太田氏资,无效,无效,无,无效,无,已死亡,太田氏资,无效,无效,无,无效,无,已登场,太田氏资,浪人,其他,无,鸣门之町,无,
163,198,太田牛一,太田,需新建,lord_1_ootagyuuichi,Otaa Sanrakusai,,,,,1527,1554,1611,病死,,,,,,全职种,0,0,性急,勇敢,现实,慎重,普通,17,武具,无欲,普通,其他,弓,37,79,62,66,71,1,0,0,0,4,0,1,0,0,1,0,1,3,3,0,2,弓箭乱射,刚弓，神弓，天弓，心眼,弓术名人,一般条件,,,已登场,太田牛一,足轻组头,直臣,织田家,那古野城,无,已登场,太田牛一,足轻组头,直臣,织田家,清洲城,无,已登场,太田牛一,足轻组头,直臣,织田家,清洲城,无,已登场,太田牛一,足轻组头,直臣,织田家,岐阜城,无,已登场,太田牛一,足轻组头,直臣,织田家,岐阜城,无,已登场,太田牛一,足轻组头,直臣,织田家,安土城,无,已登场,太田牛一,侍大将,直臣,羽柴家,石山本愿寺,无,已登场,太田牛一,足轻大将,直臣,丰臣家,大坂城,无,已登场,太田牛一,中忍,直臣,羽黑众,羽黑之里,无,
164,199,太田三乐斋,太田,需新建,lord_1_ootasan,Otaa Sanzesai,,,,,1522,1554,1591,病死,,,,,太田氏资 梶原政景,只限武将,15,15,普通,勇敢,普通,轻率,普通,69,武具,普通,普通,源氏,弓,79,65,49,59,48,2,3,1,2,4,2,2,2,0,1,0,0,3,1,2,0,弓箭乱射,强袭，拔突，二连苦无，刚弓，神弓，天弓，铁壁，心眼，忍犬之术，鸣弦,弓术名人,无要求,,,已登场,太田资正,大名,首领,太田家,岩槻城,无,已登场,太田资正,大名,首领,太田家,岩槻城,无,已登场,太田资正,大名,首领,太田家,岩槻城,无,已登场,太田三乐斋,城主,直臣,佐竹家,小田城,无,已登场,太田三乐斋,家老,直臣,佐竹家,太田城,无,已登场,太田三乐斋,家老,直臣,佐竹家,太田城,无,已登场,太田三乐斋,家老,直臣,佐竹家,水户城,无,已死亡,太田三乐斋,无效,无效,无,无效,无,已登场,太田资正,下忍,直臣,透波众,透波之里,无,
165,200,大谷吉继,大谷,需新建,lord_1_ootanikichi,Otsuki Kageshu,,,,,1559,1573,1600,战死,,,,,大谷吉治,只限武将,16,16,普通,勇敢,理想,轻率,重视情义,32,武具,普通,普通,源氏,枪,80,69,72,81,76,2,1,2,2,1,2,1,0,2,2,1,3,2,0,2,1,无,强袭，拔突，铁壁，丢钱,无,一般条件,,,未登场,大谷吉继,浪人,其他,无,目加田之町,无,未登场,大谷吉继,浪人,其他,无,目加田之町,无,未登场,大谷吉继,浪人,其他,无,目加田之町,无,未登场,大谷吉继,浪人,其他,无,目加田之町,无,已登场,大谷吉继,浪人,其他,无,目加田之町,无,已登场,大谷吉继,足轻组头,陪臣（羽柴秀吉）,织田家,姬路城,无,已登场,大谷吉继,足轻组头,直臣,羽柴家,石山本愿寺,无,已登场,大谷吉继,大名,首领,大谷家,敦贺城,无,已登场,大谷吉继,家老,直臣,大久保家,佐贺城,无,
166,202,大月景秀,大月,需新建,lord_1_ootsukikeishuu,Ogasawara Shozai,,,,,1522,1554,1573,病死,,,,,,全职种,50,50,温和,胆小,现实,普通,普通,12,书籍,无欲,滴酒不沾,源氏,枪,26,41,48,51,64,0,0,0,0,0,0,0,0,0,0,1,1,3,2,1,4,无,拔突，伤药，止血,良医,一般条件,,,已登场,大月景秀,医师,其他,无,敦贺之町,无,已登场,大月景秀,医师,其他,无,敦贺之町,无,已登场,大月景秀,医师,其他,无,敦贺之町,无,已登场,大月景秀,医师,其他,无,敦贺之町,无,已死亡,大月景秀,无效,无效,无,无效,无,已死亡,大月景秀,无效,无效,无,无效,无,已死亡,大月景秀,无效,无效,无,无效,无,已死亡,大月景秀,无效,无效,无,无效,无,已登场,大月景秀,部将,直臣,大久保家,佐贺城,无,
330,930,武将,吉田印西,吉田印西,姓氏推断,,50,yoshida_inzai,clan_yoshida_1,nankai,Yoshida Inzai,,1562,1576,1638,弓,39,86,34,35,58,1,1,1,0,4,3,3,2,1,0,0,0,3,0,0,0,弓箭乱射,强袭，连续斩，拔突，二连苦无，刚弓，神弓，天弓，刚力，铁壁，心眼,弓术高手,,,,,,全职种,10,10,普通,普通,普通,轻率,不重情义,62,武具,贪心,普通,源氏,未登场,吉田源八郎,足轻大将,直臣,六角家,观音寺城,无,未登场,吉田源八郎,浪人,其他,无,目加田之町,无,未登场,吉田源八郎,浪人,其他,无,目加田之町,无,未登场,吉田源八郎,浪人,其他,无,目加田之町,无,未登场,吉田源八郎,浪人,其他,无,目加田之町,无,已登场,吉田源八郎,浪人,其他,无,安土之町,日置流,已登场,吉田源八郎,浪人,其他,无,安土之町,日置流,已登场,吉田印西,侍大将,直臣,结城家,结城城,日置流,已登场,吉田源八郎,部将,直臣,八板家,姬路城,无,一般条件,,
331,399,武将,酒井家次,酒井家次,精确匹配,酒井家次,100,lord_1_sakai_2,clan_sakai_1,tokai,Sakai Ietsugu,Sakai Ietsugu,1564,1578,1618,刀剑,60,45,66,60,58,2,2,1,0,1,1,2,1,2,1,1,2,2,1,1,1,无,强袭,无,酒井忠次,332,,,酒井忠次,只限武将,90,90,温和,普通,现实,慎重,普通,28,书籍,普通,普通,源氏,未登场,酒井家次,足轻组头,陪臣（酒井忠次）,松平家,冈崎城,无,未登场,酒井家次,足轻组头,陪臣（酒井忠次）,今川家,骏府城,无,未登场,酒井家次,足轻组头,陪臣（松平元康）,今川家,冈崎城,无,未登场,酒井家次,足轻组头,直臣,德川家,冈崎城,无,未登场,酒井家次,足轻组头,陪臣（酒井忠次）,德川家,滨松城,无,已登场,酒井家次,足轻组头,陪臣（酒井忠次）,德川家,滨松城,无,已登场,酒井家次,足轻组头,陪臣（酒井忠次）,德川家,吉田城,无,已登场,酒井家次,家老,直臣,德川家,江户城,无,已登场,酒井家次,浪人,其他,无,酒田之町,无,无要求,,
332,401,武将,酒井忠次,酒井忠次,精确匹配,酒井忠次,100,lord_1_sakai,clan_sakai_1,tokai,Sakai Tadatsugu,Sakai Tadatsugu,1527,1554,1596,刀剑,71,74,83,66,73,1,2,2,0,2,2,3,1,2,2,2,2,2,3,2,1,三河武者,强袭，拔突，刚弓，铁壁,无,,,,,酒井家次,只限武将,90,90,温和,普通,现实,普通,重视情义,31,书籍,普通,滴酒不沾,源氏,已登场,酒井忠次,侍大将,直臣,松平家,冈崎城,无,已登场,酒井忠次,足轻组头,陪臣（松平元康）,今川家,骏府城,无,已登场,酒井忠次,部将,陪臣（松平元康）,今川家,冈崎城,无,已登场,酒井忠次,家老,直臣,德川家,冈崎城,无,已登场,酒井忠次,家老,直臣,德川家,滨松城,无,已登场,酒井忠次,家老,直臣,德川家,滨松城,无,已登场,酒井忠次,城主,直臣,德川家,吉田城,无,已死亡,酒井忠次,无效,无效,无,无效,无,已登场,酒井忠次,浪人,其他,无,酒田之町,无,一般条件,,
333,402,武将,酒井忠世,酒井忠世,姓氏推断,,75,sakai_tadayo,clan_sakai_1,tokai,Sakai Tadayo,,1572,1586,1636,刀剑,43,55,76,61,55,1,0,1,0,0,0,0,0,2,2,1,2,1,2,1,1,无,强袭,无,,,,,,只限武将,90,90,温和,普通,现实,慎重,重视情义,55,书籍,普通,普通,源氏,未登场,酒井忠世,足轻组头,直臣,松平家,冈崎城,无,未登场,酒井忠世,足轻组头,陪臣（松平元康）,今川家,骏府城,无,未登场,酒井忠世,足轻组头,陪臣（松平元康）,今川家,冈崎城,无,未登场,酒井忠世,足轻组头,直臣,德川家,冈崎城,无,未登场,酒井忠世,足轻组头,直臣,德川家,滨松城,无,未登场,酒井忠世,足轻组头,直臣,德川家,滨松城,无,未登场,酒井忠世,足轻组头,陪臣（酒井忠次）,德川家,吉田城,无,已登场,酒井忠世,部将,陪臣（德川秀忠）,德川家,江户城,无,已登场,酒井忠世,浪人,其他,无,酒田之町,无,无要求,,
167,203,大友宗麟,大友,精确匹配,lord_1_otomo,Otomo Sorin,clan_otomo_1,saikai,精确匹配织丰,,1530,1554,1587,病死,大友义鉴,811,,,大内义长 大友亲家 大友亲盛 大友义统 大友义鉴,只限武将,84,84,性急,勇敢,普通,普通,普通,81,南蛮物,贪心,普通,藤原氏,刀剑,86,59,86,74,85,4,3,3,2,1,0,2,0,2,2,1,1,3,2,3,2,强行突破，加护,强袭，急所击,无,一般条件,臼杵鉴速/吉冈长增/吉弘鉴理,,已登场,大友义镇,家老,直臣,大友家,府内城,无,已登场,大友义镇,大名,首领,大友家,府内城,无,已登场,大友义镇,大名,首领,大友家,府内城,无,已登场,大友义镇,大名,首领,大友家,府内城,无,已登场,大友宗麟,大名,首领,大友家,府内城,无,已登场,大友宗麟,大名,首领,大友家,府内城,无,已登场,大友宗麟,大名,首领,大友家,府内城,无,已死亡,大友宗麟,无效,无效,无,无效,无,已登场,大友宗麟,部将,直臣,大久保家,佐贺城,无,
335,404,武将,榊原康政,神原康政,精确匹配,榊原康政,100,lord_1_sakakibara,clan_sakakibara_1,tokai,Sakakibara Yasumasa,Sakakibara Yasumasa,1548,1562,1606,枪,82,85,59,56,67,3,3,1,1,2,3,3,1,1,1,0,0,1,1,1,0,三河武者,强袭，连续斩，拔突，粘花，刚弓，卷枪，引落，柄返，刚力，铁壁,无,,,,,,只限武将,90,0,性急,勇敢,普通,轻率,重视情义,50,武具,无欲,普通,源氏,未登场,榊原康政,侍大将,直臣,松平家,冈崎城,无,未登场,榊原康政,足轻大将,陪臣（松平元康）,今川家,骏府城,无,已登场,榊原康政,足轻组头,陪臣（松平元康）,今川家,冈崎城,无,已登场,榊原康政,侍大将,直臣,德川家,冈崎城,无,已登场,榊原康政,侍大将,直臣,德川家,滨松城,无,已登场,榊原康政,侍大将,直臣,德川家,滨松城,无,已登场,榊原康政,侍大将,直臣,德川家,滨松城,无,已登场,榊原康政,城主,直臣,德川家,馆林城,无,已登场,榊原康政,浪人,其他,无,骏府之町,无,一般条件,,
168,204,大友亲家,大友,精确匹配,lord_1_otomo_3,Otomo Chikaie,clan_otomo_1,saikai,精确匹配织丰,,1561,1575,1641,病死,大友宗麟,167,大友义鉴,811,大内义长 大友宗麟 大友亲盛 大友义统 大友义鉴,全职种,84,84,性急,勇敢,理想,轻率,不重情义,76,武具,贪心,嗜酒如命,藤原氏,刀剑,49,72,35,25,52,1,0,0,0,2,3,1,0,0,0,0,0,0,1,1,0,无,强袭，连续斩，拔突，刚弓，刚力，铁壁,无,无要求,,,未登场,大友亲家,部将,陪臣（大友义镇）,大友家,府内城,无,未登场,大友亲家,部将,陪臣（大友义镇）,大友家,府内城,无,未登场,大友亲家,部将,直臣,大友家,府内城,无,未登场,大友亲家,部将,直臣,大友家,府内城,无,已登场,大友亲家,部将,直臣,大友家,府内城,无,已登场,大友亲家,部将,直臣,大友家,府内城,无,已登场,大友亲家,部将,直臣,大友家,府内城,无,已登场,大友亲家,部将,直臣,立花家,柳川城,无,已登场,大友亲家,部将,陪臣（大友宗麟）,大久保家,佐贺城,无,
337,409,武将,相良义阳,相良義陽,精确匹配,相良义阳,100,lord_1_sagara,clan_sagara_1,saikai,Sagara Yoshihi,Sagara Yoshihi,1544,1558,1581,刀剑,46,37,54,62,54,1,0,1,0,0,0,0,0,1,0,0,0,2,1,1,0,无,强袭,无,相良晴广,823,,,相良赖房 相良晴广,只限武将,60,60,普通,胆小,普通,普通,普通,41,南蛮物,贪心,普通,藤原氏,未登场,相良义阳,家老,直臣,相良家,人吉城,无,已登场,相良义阳,家老,直臣,相良家,人吉城,无,已登场,相良义阳,大名,首领,相良家,人吉城,无,已登场,相良义阳,大名,首领,相良家,人吉城,无,已登场,相良义阳,大名,首领,相良家,人吉城,无,已死亡,相良义阳,无效,无效,无,无效,无,已死亡,相良义阳,无效,无效,无,无效,无,已死亡,相良义阳,无效,无效,无,无效,无,已登场,相良义阳,浪人,其他,无,浦户之町,无,无要求,,
338,410,武将,相良赖房,相良賴房,姓氏推断,,75,sagara,clan_sagara_1,saikai,Sagara Yorifusa,,1574,1588,1636,刀剑,40,44,52,57,60,0,1,0,2,0,0,0,1,0,0,1,1,1,3,0,1,无,强袭,无,相良义阳,337,相良晴广,823,相良义阳 相良晴广,全职种,60,60,普通,胆小,普通,慎重,不重情义,87,艺术品,贪心,普通,藤原氏,未登场,相良赖房,部将,陪臣（相良义阳）,相良家,人吉城,无,未登场,相良赖房,部将,陪臣（相良义阳）,相良家,人吉城,无,未登场,相良赖房,家老,直臣,相良家,人吉城,无,未登场,相良赖房,家老,直臣,相良家,人吉城,无,未登场,相良赖房,家老,直臣,相良家,人吉城,无,已登场,相良赖房,大名,首领,相良家,人吉城,无,已登场,相良赖房,大名,首领,相良家,人吉城,无,已登场,相良赖房,大名,首领,相良家,人吉城,无,已登场,相良赖房,浪人,其他,无,严岛之町,无,无要求,,
339,411,武将,佐久间信盛,佐久間信盛,精确匹配,佐久间信盛,100,lord_1_sakuma,clan_sakuma_1,kinai,Sakuma Nobumori,Sakuma Nobumori,1527,1554,1581,刀剑,63,53,60,49,41,2,1,2,0,2,1,0,0,0,1,1,1,1,0,3,1,无,强袭，刚弓,无,(佐久间信晴),1312,,,佐久间盛重,全职种,99,70,温和,胆小,理想,慎重,普通,55,艺术品,普通,普通,平氏,已登场,佐久间信盛,侍大将,直臣,织田家,那古野城,无,已登场,佐久间信盛,家老,直臣,织田家,清洲城,无,已登场,佐久间信盛,部将,直臣,织田家,清洲城,无,已登场,佐久间信盛,家老,直臣,织田家,岐阜城,无,已登场,佐久间信盛,家老,直臣,织田家,岐阜城,无,已死亡,佐久间信盛,无效,无效,无,无效,无,已死亡,佐久间信盛,无效,无效,无,无效,无,已死亡,佐久间信盛,无效,无效,无,无效,无,已登场,佐久间信盛,浪人,其他,无,厩桥之町,无,一般条件,,
169,205,大友亲盛,大友,精确匹配,lord_1_otomo_4,Otomo Chikamori,clan_otomo_1,saikai,精确匹配织丰,,1567,1581,1643,病死,大友宗麟,167,大友义鉴,811,大内义长 大友宗麟 大友亲家 大友义统 大友义鉴,全职种,84,84,温和,胆小,普通,普通,普通,43,书籍,无欲,滴酒不沾,藤原氏,刀剑,39,43,62,51,61,0,1,0,0,0,0,0,0,0,1,1,0,2,1,1,1,无,强袭,无,无要求,,,未登场,大友亲盛,部将,陪臣（大友义镇）,大友家,府内城,无,未登场,大友亲盛,部将,陪臣（大友义镇）,大友家,府内城,无,未登场,大友亲盛,部将,直臣,大友家,府内城,无,未登场,大友亲盛,部将,直臣,大友家,府内城,无,未登场,大友亲盛,部将,直臣,大友家,府内城,无,已登场,大友亲盛,部将,直臣,大友家,府内城,无,已登场,大友亲盛,部将,直臣,大友家,府内城,无,已登场,大友亲盛,浪人,其他,无,小仓之町,无,已登场,大友亲盛,部将,陪臣（大友宗麟）,大久保家,佐贺城,无,
170,207,大友义统,大友,精确匹配,lord_1_otomo_2,Otomo Yoshimune,clan_otomo_1,saikai,精确匹配织丰,,1558,1572,1610,病死,大友宗麟,167,大友义鉴,811,大内义长 大友宗麟 大友亲家 大友亲盛 大友义鉴,全职种,84,84,普通,胆小,普通,普通,普通,65,南蛮物,贪心,滴酒不沾,藤原氏,刀剑,42,32,41,30,63,0,0,1,0,0,0,0,0,1,0,0,1,0,0,0,1,无,强袭,无,一般条件,,,未登场,大友义统,部将,陪臣（大友义镇）,大友家,府内城,无,未登场,大友义统,部将,陪臣（大友义镇）,大友家,府内城,无,未登场,大友义统,家老,直臣,大友家,府内城,无,未登场,大友义统,家老,直臣,大友家,府内城,无,已登场,大友义统,家老,直臣,大友家,府内城,无,已登场,大友义统,家老,直臣,大友家,府内城,无,已登场,大友义统,家老,直臣,大友家,府内城,无,已登场,大友义统,浪人,其他,无,府内之町,无,已登场,大友义统,部将,陪臣（大友宗麟）,大久保家,佐贺城,无,
342,414,武将,鲑延秀纲,鮭延秀綱,精确匹配,鲑延秀纲,100,lord_1_sakenobe_2,clan_sakenobe_1,ou,Sakenobe Hidetsuna,Sakenobe Hidetsuna,1562,1576,1646,刀剑,45,54,41,57,55,1,2,1,0,1,0,1,1,0,1,0,0,1,2,1,0,无,强袭,无,,,,,,只限武将,64,64,温和,胆小,普通,慎重,普通,55,艺术品,普通,普通,其他,未登场,鲑延秀纲,城主,直臣,小野寺家,鲑延城,无,未登场,鲑延秀纲,家老,直臣,小野寺家,横手城,无,未登场,鲑延秀纲,城主,直臣,小野寺家,鲑延城,无,未登场,鲑延秀纲,城主,直臣,小野寺家,鲑延城,无,未登场,鲑延秀纲,城主,直臣,小野寺家,鲑延城,无,已登场,鲑延秀纲,城主,直臣,最上家,鲑延城,无,已登场,鲑延秀纲,城主,直臣,最上家,鲑延城,无,已登场,鲑延秀纲,城主,直臣,最上家,鲑延城,无,已登场,鲑延秀纲,头领,首领,柏崎水军,柏崎之砦,无,一般条件,,
171,208,大野治长,大野,需新建,lord_1_oonoosamu,Oka Toshimasa,,,,,1569,1584,1615,战死,大野治长父,1349,,,大野治房,只限武将,20,20,性急,胆小,理想,轻率,普通,65,艺术品,贪心,嗜酒如命,其他,刀剑,29,28,57,59,35,0,0,1,0,0,0,0,0,2,1,2,0,3,1,4,0,无,强袭,风雅之士,一般条件,,,未登场,大野治长,浪人,其他,无,井之口之町,无,未登场,大野治长,足轻组头,直臣,织田家,清洲城,无,未登场,大野治长,足轻组头,直臣,织田家,清洲城,无,未登场,大野治长,足轻组头,直臣,织田家,岐阜城,无,未登场,大野治长,足轻组头,直臣,织田家,岐阜城,无,未登场,大野治长,足轻组头,陪臣（羽柴秀吉）,织田家,姬路城,无,已登场,大野治长,足轻组头,直臣,羽柴家,石山本愿寺,无,已登场,大野治长,部将,直臣,丰臣家,大坂城,无,已登场,大野治长,部将,直臣,大久保家,佐贺城,无,主角宫本武藏，剧情流程
172,210,大村纯忠,大村,精确匹配,lord_1_omura,Omura Sumitada,clan_omura_1,saikai,精确匹配织丰,,1533,1554,1587,病死,有马晴纯,822,,,有马晴信 有马义贞 有马晴纯,全职种,70,70,温和,普通,理想,普通,重视情义,16,南蛮物,贪心,滴酒不沾,藤原氏,刀剑,48,37,62,55,42,0,1,2,1,0,0,0,0,0,1,2,1,2,3,1,2,无,强袭,无,无要求,,,已登场,大村纯忠,城主,直臣,有马家,大村城,无,已登场,大村纯忠,城主,直臣,龙造寺家,大村城,无,已登场,大村纯忠,城主,直臣,龙造寺家,大村城,无,已登场,大村纯忠,城主,直臣,龙造寺家,大村城,无,已登场,大村纯忠,城主,直臣,龙造寺家,大村城,无,已登场,大村纯忠,城主,直臣,龙造寺家,大村城,无,已登场,大村纯忠,家老,直臣,龙造寺家,佐嘉城,无,已死亡,大村纯忠,无效,无效,无,无效,无,已登场,大村纯忠,部将,直臣,大久保家,佐贺城,无,
173,214,小笠原长时,小笠原,需新建,lord_1_ogasawara,Okamoto Zuiensai,,,,,1514,1554,1583,病死,,,,,,全职种,15,15,温和,胆小,现实,慎重,普通,67,艺术品,普通,普通,源氏,刀剑,24,31,41,29,53,0,0,1,0,0,0,1,0,0,0,0,2,3,0,1,1,无,强袭,无,无要求,,,已登场,小笠原长时,大名,首领,小笠原家,高远城,无,已登场,小笠原长时,足轻大将,直臣,长尾家,春日山城,无,已登场,小笠原长时,足轻大将,直臣,三好家,饭盛城,无,已登场,小笠原长时,足轻大将,直臣,上杉家,春日山城,无,已登场,小笠原长时,足轻大将,直臣,上杉家,春日山城,无,已登场,小笠原长时,足轻大将,直臣,上杉家,春日山城,无,已死亡,小笠原长时,无效,无效,无,无效,无,已死亡,小笠原长时,无效,无效,无,无效,无,已登场,小笠原长时,城主,直臣,小笠原家,名岛城,无,
346,419,武将,佐竹义昭,佐竹義昭,精确匹配,佐竹义昭,100,dead_lord_1_satake_2,clan_satake_1,kanto,Satake Yoshiaki,Satake Yoshiaki,1531,1554,1565,刀剑,70,49,78,64,67,2,2,0,1,2,2,2,0,1,2,1,1,2,1,1,1,无,强袭，拔突，刚弓，铁壁,无,,,,,芦名盛重 宇都宫国纲 佐竹义重,只限武将,20,20,普通,普通,现实,轻率,不重情义,71,武具,无欲,普通,源氏,已登场,佐竹义昭,大名,首领,佐竹家,太田城,无,已登场,佐竹义昭,大名,首领,佐竹家,太田城,无,已登场,佐竹义昭,大名,首领,佐竹家,太田城,无,已死亡,佐竹义昭,无效,无效,无,无效,无,已死亡,佐竹义昭,无效,无效,无,无效,无,已死亡,佐竹义昭,无效,无效,无,无效,无,已死亡,佐竹义昭,无效,无效,无,无效,无,已死亡,佐竹义昭,无效,无效,无,无效,无,已登场,佐竹义昭,伙计,直臣,吴服屋,堺之町,无,一般条件,,
347,420,武将,佐竹义重,佐竹義重,精确匹配,佐竹义重,100,lord_1_satake,clan_satake_1,kanto,Satake Yoshishige,Satake Yoshishige,1547,1561,1612,刀剑,81,72,78,82,81,3,4,2,1,2,3,3,1,2,2,4,3,1,0,1,1,无,强袭，连续斩，拔突，刚弓，刚力，铁壁，丢钱,无,佐竹义昭,346,,,芦名盛重 宇都宫国纲 佐竹义昭 佐竹义宣,只限武将,20,20,普通,勇敢,普通,轻率,普通,69,武具,普通,普通,源氏,未登场,佐竹义重,家老,直臣,佐竹家,太田城,阴流,未登场,佐竹义重,部将,陪臣（佐竹义昭）,佐竹家,太田城,阴流,已登场,佐竹义重,家老,直臣,佐竹家,太田城,阴流,已登场,佐竹义重,大名,首领,佐竹家,太田城,阴流,已登场,佐竹义重,大名,首领,佐竹家,太田城,阴流,已登场,佐竹义重,大名,首领,佐竹家,太田城,阴流,已登场,佐竹义重,大名,首领,佐竹家,水户城,阴流,已登场,佐竹义重,家老,直臣,佐竹家,水户城,阴流,已登场,佐竹义重,当家,首领,五金屋,京之町,阴流,一般条件,,
348,421,武将,佐竹义宣,佐竹義宣,姓氏推断,,75,satake,clan_satake_1,kanto,Satake Yoshinobu,,1570,1584,1633,刀剑,69,64,76,65,70,3,3,2,0,2,2,3,0,1,1,4,2,2,2,3,1,无,强袭，拔突，刚弓，铁壁,无,佐竹义重,347,,,芦名盛重 佐竹义重,只限武将,20,20,性急,普通,现实,轻率,不重情义,86,武具,贪心,普通,源氏,未登场,佐竹义宣,部将,陪臣（佐竹义重）,佐竹家,太田城,无,未登场,佐竹义宣,部将,陪臣（佐竹义重）,佐竹家,太田城,无,未登场,佐竹义宣,足轻组头,陪臣（佐竹义重）,佐竹家,太田城,无,未登场,佐竹义宣,部将,陪臣（佐竹义重）,佐竹家,太田城,无,未登场,佐竹义宣,部将,陪臣（佐竹义重）,佐竹家,太田城,无,未登场,佐竹义宣,家老,直臣,佐竹家,太田城,无,已登场,佐竹义宣,家老,直臣,佐竹家,水户城,无,已登场,佐竹义宣,大名,首领,佐竹家,水户城,无,已登场,佐竹义宣,伙计,直臣,五金屋,京之町,无,一般条件,,
349,422,武将,佐竹义久,佐竹義久,精确匹配,佐竹义久,100,lord_1_satake_4,clan_satake_1,kanto,Satake Yoshihisa,Satake Yoshihisa,1541,1555,1601,刀剑,27,29,64,78,66,0,0,0,0,0,1,1,0,0,3,2,2,3,3,2,1,无,强袭,无,,,,,,只限武将,20,20,温和,普通,普通,慎重,重视情义,21,书籍,无欲,滴酒不沾,源氏,未登场,佐竹义久,侍大将,直臣,佐竹家,太田城,无,未登场,佐竹义久,侍大将,直臣,佐竹家,太田城,无,已登场,佐竹义久,侍大将,直臣,佐竹家,太田城,无,已登场,佐竹义久,侍大将,直臣,佐竹家,太田城,无,已登场,佐竹义久,侍大将,直臣,佐竹家,太田城,无,已登场,佐竹义久,侍大将,直臣,佐竹家,太田城,无,已登场,佐竹义久,侍大将,直臣,佐竹家,水户城,无,已登场,佐竹义久,部将,直臣,佐竹家,水户城,无,已登场,佐竹义久,当家,首领,吴服屋,堺之町,无,无要求,,
174,213,小笠原少斋,小笠原,需新建,lord_1_ogasawarashou,Okamoto Motonobu,,,,,1547,1561,1600,战死,,,,,,全职种,98,98,温和,普通,普通,慎重,重视情义,55,武具,无欲,普通,源氏,枪,51,62,34,51,65,1,1,1,1,1,1,2,1,1,1,0,0,0,0,0,0,无,拔突,无,无要求,,,未登场,小笠原秀清,浪人,其他,无,京之町,无,未登场,小笠原秀清,足轻组头,陪臣（细川藤孝）,足利家,朽木谷城,无,未登场,小笠原秀清,浪人,其他,无,京之町,无,已登场,小笠原秀清,足轻组头,陪臣（细川藤孝）,足利家,二条城,无,已登场,小笠原秀清,足轻组头,陪臣（细川藤孝）,织田家,岐阜城,无,已登场,小笠原秀清,足轻组头,陪臣（细川藤孝）,织田家,宫津城,无,已登场,小笠原秀清,足轻组头,陪臣（细川忠兴）,羽柴家,宫津城,无,已登场,小笠原少斋,侍大将,直臣,细川家,宫津城,无,已登场,小笠原少斋,大名,首领,小笠原家,小仓城,无,
175,212,冈家利,冈,需新建,lord_1_ri,Okudaira Nobumasa,,,,,1532,1554,1592,病死,,,,,,只限武将,15,15,温和,普通,普通,轻率,普通,24,书籍,普通,普通,其他,枪,63,52,66,67,65,2,2,1,1,1,3,1,0,3,4,1,0,1,0,1,0,土龙攻,强袭，连续斩，拔突，粘花，卷枪，引落，柄返，刚力，铁壁,无,无要求,,,已登场,冈家利,侍大将,陪臣（宇喜多直家）,浦上家,天神山城,无,已登场,冈家利,侍大将,陪臣（宇喜多直家）,浦上家,天神山城,无,已登场,冈家利,侍大将,陪臣（宇喜多直家）,浦上家,天神山城,无,已登场,冈家利,侍大将,陪臣（宇喜多直家）,浦上家,天神山城,无,已登场,冈家利,侍大将,陪臣（宇喜多直家）,浦上家,冈山城,无,已登场,冈家利,侍大将,直臣,宇喜多家,冈山城,无,已登场,冈家利,部将,直臣,宇喜多家,冈山城,无,已死亡,冈家利,无效,无效,无,无效,无,已登场,冈家利,浪人,其他,无,冈崎之町,无,
352,425,武将,里见义尧,里見義堯,精确匹配,里见义尧,100,lord_1_satomi_2,clan_satomi_1,kanto,Satomi Yoshitaka,Satomi Yoshitaka,1512,1554,1574,刀剑,68,62,55,79,62,2,2,0,2,1,1,2,0,0,1,2,1,1,2,1,2,无,强袭,无,,,,,里见义弘,全职种,33,33,性急,勇敢,理想,普通,普通,73,南蛮物,贪心,普通,源氏,已登场,里见义尧,大名,首领,里见家,久留里城,无,已登场,里见义尧,大名,首领,里见家,久留里城,无,已登场,里见义尧,大名,首领,里见家,久留里城,无,已登场,里见义尧,大名,首领,里见家,久留里城,无,已死亡,里见义尧,无效,无效,无,无效,无,已死亡,里见义尧,无效,无效,无,无效,无,已死亡,里见义尧,无效,无效,无,无效,无,已死亡,里见义尧,无效,无效,无,无效,无,已登场,里见义尧,浪人,其他,无,府内之町,无,一般条件,,
353,426,武将,里见义弘,里見義弘,精确匹配,里见义弘,100,lord_1_satomi,clan_satomi_1,kanto,Satomi Yoshihiro,Satomi Yoshihiro,1530,1554,1578,刀剑,63,51,63,62,64,1,2,1,2,1,2,0,0,0,1,0,1,1,2,2,0,无,强袭，拔突，铁壁,无,里见义尧,352,,,里见义尧 里见义赖,全职种,33,33,性急,胆小,普通,慎重,普通,70,艺术品,普通,普通,源氏,已登场,里见义弘,家老,直臣,里见家,久留里城,无,已登场,里见义弘,家老,直臣,里见家,久留里城,无,已登场,里见义弘,家老,直臣,里见家,久留里城,无,已登场,里见义弘,家老,直臣,里见家,久留里城,无,已登场,里见义弘,大名,首领,里见家,久留里城,无,已死亡,里见义弘,无效,无效,无,无效,无,已死亡,里见义弘,无效,无效,无,无效,无,已死亡,里见义弘,无效,无效,无,无效,无,已登场,里见义弘,浪人,其他,无,鹿屋之町,无,一般条件,,
354,427,武将,里见义康,裡見義康,姓氏推断,,75,satomi,clan_satomi_1,kanto,Satomi Yoshiyasu,,1573,1587,1603,刀剑,39,40,49,38,51,0,0,1,1,0,0,1,0,0,1,0,0,0,1,0,1,无,强袭,无,里见义赖,355,,,里见义赖,全职种,33,33,温和,胆小,普通,轻率,普通,43,书籍,普通,普通,源氏,未登场,里见义康,足轻组头,陪臣（里见义赖）,里见家,久留里城,无,未登场,里见义康,足轻组头,陪臣（里见义赖）,里见家,久留里城,无,未登场,里见义康,足轻组头,陪臣（里见义赖）,里见家,久留里城,无,未登场,里见义康,足轻组头,陪臣（里见义赖）,里见家,久留里城,无,未登场,里见义康,足轻组头,陪臣（里见义赖）,里见家,久留里城,无,未登场,里见义康,足轻组头,直臣,里见家,久留里城,无,已登场,里见义康,大名,首领,里见家,久留里城,无,已登场,里见义康,大名,首领,里见家,稻村城,无,已登场,里见义康,浪人,其他,无,岐阜之町,无,无要求,,
355,428,武将,里见义赖,裡見義賴,精确匹配,里见义赖,100,lord_1_satomi_10,clan_satomi_1,kanto,Satomi Yoshiyori,Satomi Yoshiyori,1543,1557,1587,刀剑,64,53,54,48,53,2,1,1,1,1,2,1,0,1,1,1,1,1,1,1,1,无,强袭，拔突，铁壁,无,里见义弘,353,,,里见义弘 里见义康,全职种,33,33,温和,勇敢,现实,轻率,不重情义,66,武具,贪心,普通,源氏,未登场,里见义赖,部将,直臣,里见家,久留里城,无,未登场,里见义赖,部将,直臣,里见家,久留里城,无,已登场,里见义赖,部将,直臣,里见家,久留里城,无,已登场,里见义赖,部将,直臣,里见家,久留里城,无,已登场,里见义赖,家老,直臣,里见家,久留里城,无,已登场,里见义赖,大名,首领,里见家,久留里城,无,已登场,里见义赖,城主,直臣,里见家,胜浦城,无,已死亡,里见义赖,无效,无效,无,无效,无,已登场,里见义赖,浪人,其他,无,土崎凑之町,无,无要求,,
356,430,武将,真田信纲,真田信綱,精确匹配,真田信纲,100,lord_1_sanada,clan_sanada_1,tosan,Sanada Nobutsuna,Sanada Nobutsuna,1537,1554,1575,枪,78,75,35,45,78,2,3,1,0,1,3,2,1,0,0,1,0,1,1,0,0,六文钱,强袭，连续斩，拔突，粘花，卷枪，引落，柄返，刚力，铁壁,无,真田幸隆,360,(真田赖昌),1335,真田信幸 真田昌辉 真田昌幸 真田幸隆 真田幸村 矢泽赖纲 矢泽赖康 真田信尹,只限武将,60,60,性急,勇敢,普通,轻率,普通,56,武具,无欲,普通,源氏,未登场,真田信纲,侍大将,陪臣（真田幸隆）,武田家,踯躅崎馆,无,已登场,真田信纲,侍大将,陪臣（真田幸隆）,武田家,户石城,无,已登场,真田信纲,侍大将,陪臣（真田幸隆）,武田家,户石城,无,已登场,真田信纲,侍大将,陪臣（真田幸隆）,武田家,户石城,无,已登场,真田信纲,城主,直臣,武田家,户石城,无,已死亡,真田信纲,无效,无效,无,无效,无,已死亡,真田信纲,无效,无效,无,无效,无,已死亡,真田信纲,无效,无效,无,无效,无,已登场,真田信纲,浪人,其他,无,小滨之町,无,无要求,,
357,431,武将,真田信幸,真田信幸,姓氏推断,,75,sanada_nobuyuki,clan_sanada_1,tosan,Sanada Nobuyuki,,1566,1580,1658,刀剑,65,62,73,80,71,1,2,1,0,1,1,1,0,2,2,1,1,3,3,2,2,六文钱,强袭,无,真田昌幸,359,真田幸隆,360,真田信纲 真田昌辉 真田昌幸 真田幸隆 真田幸村 真田信尹,只限武将,62,86,温和,胆小,现实,慎重,重视情义,44,书籍,无欲,普通,源氏,未登场,真田信幸,足轻组头,陪臣（真田昌幸）,武田家,踯躅崎馆,无,未登场,真田信幸,足轻组头,陪臣（真田昌幸）,武田家,户石城,无,未登场,真田信幸,足轻组头,陪臣（真田昌幸）,武田家,户石城,无,未登场,真田信幸,足轻组头,陪臣（真田昌幸）,武田家,户石城,无,未登场,真田信幸,足轻组头,陪臣（真田信纲）,武田家,户石城,无,已登场,真田信幸,足轻组头,陪臣（真田昌幸）,武田家,上田城,无,已登场,真田信幸,城主,直臣,真田家,沼田城,无,已登场,真田信幸,城主,直臣,真田家,沼田城,无,已登场,真田信之,浪人,其他,无,柳川之町,无,一般条件,,
358,432,武将,真田昌辉,真田昌輝,精确匹配,真田昌辉,100,lord_1_sanada_4,clan_sanada_1,tosan,Sanada Masateru,Sanada Masateru,1544,1558,1575,枪,68,78,35,44,76,3,3,1,0,1,3,3,0,1,0,0,0,0,0,0,1,六文钱,强袭，连续斩，拔突，粘花，卷枪，引落，柄返，刚力，铁壁,无,真田幸隆,360,(真田赖昌),1335,真田信纲 真田信幸 真田昌幸 真田幸隆 真田幸村 矢泽赖纲 矢泽赖康 真田信尹,只限武将,60,60,性急,勇敢,理想,轻率,普通,61,武具,贪心,嗜酒如命,源氏,未登场,真田昌辉,侍大将,陪臣（真田幸隆）,武田家,踯躅崎馆,无,未登场,真田昌辉,侍大将,陪臣（真田幸隆）,武田家,户石城,无,已登场,真田昌辉,侍大将,陪臣（真田幸隆）,武田家,户石城,无,已登场,真田昌辉,侍大将,陪臣（真田幸隆）,武田家,户石城,无,已登场,真田昌辉,部将,陪臣（真田信纲）,武田家,户石城,无,已死亡,真田昌辉,无效,无效,无,无效,无,已死亡,真田昌辉,无效,无效,无,无效,无,已死亡,真田昌辉,无效,无效,无,无效,无,已登场,真田昌辉,浪人,其他,无,鹿屋之町,无,无要求,,
359,433,武将,真田昌幸,真田昌幸,精确匹配,真田昌幸,100,lord_1_sanada_6,clan_sanada_1,tosan,Sanada Masayuki,Sanada Masayuki,1547,1561,1611,刀剑,90,75,88,96,88,3,3,2,0,3,2,4,3,2,2,2,3,2,3,1,0,钓野伏，六文钱，风林火山，鬼谋，错乱之术，伪情报,强袭，拔突，二连苦无，半月，刚弓，铁壁，丢钱,策士，雄辩,真田幸隆,360,(真田赖昌),1335,真田信纲 真田信幸 真田昌辉 真田幸隆 真田幸村 矢泽赖纲 矢泽赖康 真田信尹,只限武将,49,49,普通,勇敢,普通,慎重,不重情义,87,书籍,贪心,普通,源氏,未登场,真田昌幸,足轻大将,陪臣（真田幸隆）,武田家,踯躅崎馆,无,未登场,真田昌幸,足轻大将,陪臣（真田幸隆）,武田家,户石城,无,已登场,真田昌幸,足轻大将,陪臣（真田幸隆）,武田家,户石城,无,已登场,真田昌幸,足轻大将,陪臣（真田幸隆）,武田家,户石城,无,已登场,真田昌幸,侍大将,陪臣（真田信纲）,武田家,户石城,无,已登场,真田昌幸,国主,直臣,武田家,上田城,无,已登场,真田昌幸,大名,首领,真田家,上田城,无,已登场,真田昌幸,大名,首领,真田家,上田城,无,已登场,真田昌幸,浪人,其他,无,诹访之町,无,不可,,"主角真田幸村，剧情昌幸死去
主角徳川秀忠，关原之战胜利"
360,434,武将,真田幸隆,真田幸隆,姓氏推断,,75,sanada_yukitaka,clan_sanada_1,tosan,Sanada Yukitaka,,1513,1554,1574,刀剑,80,63,75,94,80,2,3,2,0,1,1,3,3,3,1,3,2,2,3,1,2,六文钱，幻惑之术，内讧之术,强袭，二连苦无，半月,无,(真田赖昌),1335,,,真田信纲 真田信幸 真田昌辉 真田昌幸 真田幸村 矢泽赖纲 矢泽赖康 真田信尹,只限武将,59,59,普通,普通,普通,普通,普通,81,书籍,贪心,普通,源氏,已登场,真田幸隆,家老,直臣,武田家,踯躅崎馆,无,已登场,真田幸隆,城主,直臣,武田家,户石城,无,已登场,真田幸隆,城主,直臣,武田家,户石城,无,已登场,真田幸隆,城主,直臣,武田家,户石城,无,已死亡,真田幸隆,无效,无效,无,无效,无,已死亡,真田幸隆,无效,无效,无,无效,无,已死亡,真田幸隆,无效,无效,无,无效,无,已死亡,真田幸隆,无效,无效,无,无效,无,已登场,真田幸隆,浪人,其他,无,木更津之町,无,一般条件,,
361,435,武将,真田幸村,真田幸村,精确匹配,真田信繁,100,lord_1_sanada_9,clan_sanada_1,tosan,Sanada Nobushige,Sanada Nobushige,1567,1581,1615,枪,98,86,44,87,91,4,4,3,0,2,3,4,3,0,0,1,2,2,1,1,0,齐攻，骑射突击，城门爆破，六文钱，风林火山，影武者，破技之术,强袭，连续斩，拔突，粘花，二连苦无，半月，急所击，刚弓，卷枪，引落，柄返，刚力，铁壁,策士,真田昌幸,359,真田幸隆,360,真田信纲 真田信幸 真田昌辉 真田昌幸 真田幸隆 真田信尹,只限武将,49,49,温和,勇敢,理想,轻率,重视情义,71,武具,无欲,普通,源氏,未登场,真田信繁,足轻组头,陪臣（真田昌幸）,武田家,踯躅崎馆,无,未登场,真田信繁,足轻组头,陪臣（真田昌幸）,武田家,户石城,无,未登场,真田信繁,足轻组头,陪臣（真田昌幸）,武田家,户石城,无,未登场,真田信繁,足轻组头,陪臣（真田昌幸）,武田家,户石城,无,未登场,真田信繁,足轻组头,陪臣（真田信纲）,武田家,户石城,无,已登场,真田信繁,足轻组头,陪臣（真田昌幸）,武田家,上田城,无,已登场,真田信繁,家老,直臣,真田家,上田城,无,已登场,真田幸村,家老,直臣,真田家,上田城,无,已登场,真田幸村,浪人,其他,无,宇须岸之町,无,不可,赤备的传统 饭富虎昌/山县昌景/井伊直政,"主角真田信幸，剧情真田分家
主角德川家康，大阪夏之阵胜利"
362,436,武将,佐野房纲,佐野房綱,精确匹配,佐野房纲,100,lord_1_sano_8,clan_sano_1,kanto,Sano Fusatsuna,Sano Fusatsuna,1558,1572,1601,刀剑,26,87,31,26,42,1,1,1,0,2,4,1,0,1,1,1,0,0,2,2,2,无,强袭，连续斩，拔突，刚弓，当身，刚力，铁壁,剑客,,,,,,全职种,40,40,性急,勇敢,普通,轻率,普通,67,武具,普通,普通,藤原氏,未登场,佐野房纲,足轻组头,直臣,结城家,结城城,无,未登场,佐野房纲,足轻组头,直臣,结城家,结城城,无,未登场,佐野房纲,足轻组头,直臣,结城家,结城城,无,已登场,佐野房纲,足轻组头,直臣,结城家,结城城,无,已登场,佐野房纲,足轻组头,直臣,结城家,结城城,无,已登场,佐野房纲,足轻大将,直臣,结城家,结城城,无,已登场,佐野房纲,足轻大将,直臣,结城家,结城城,无,已登场,佐野房纲,浪人,其他,无,足利之町,无,已登场,佐野房纲,浪人,其他,无,赤间关之町,无,一般条件,,
176,215,冈部贞纲,冈部,精确匹配,spc_suruga_shu_leader_1,,,tokai,精确匹配织丰,,1526,1554,1575,战死,,,,,,全职种,86,86,普通,勇敢,理想,轻率,普通,50,南蛮物,贪心,嗜酒如命,源氏,刀剑,67,66,21,43,59,2,1,2,3,1,2,1,2,1,0,0,0,1,0,0,1,水上禁行,强袭，拔突，二连苦无，铁壁,无,无要求,,,已登场,冈部贞纲,头领,首领,骏河水军,清水之砦,无,已登场,冈部贞纲,头领,首领,骏河水军,清水之砦,无,已登场,冈部贞纲,头领,首领,骏河水军,清水之砦,无,已登场,冈部贞纲,头领,首领,骏河水军,清水之砦,无,已登场,冈部贞纲,头领,首领,骏河水军,清水之砦,无,已死亡,冈部贞纲,无效,无效,无,无效,无,已死亡,冈部贞纲,无效,无效,无,无效,无,已死亡,冈部贞纲,无效,无效,无,无效,无,已登场,冈部贞纲,浪人,其他,无,冈崎之町,无,
177,216,冈部正纲,冈部,精确匹配,lord_1_okabe_6,Okabe Masatsuna,clan_okabe_1,tokai,精确匹配织丰,,1542,1556,1583,病死,冈部久纲,1342,,,冈部元信,全职种,70,45,温和,普通,普通,轻率,普通,43,艺术品,无欲,嗜酒如命,藤原氏,刀剑,67,67,54,48,63,3,2,1,0,1,1,2,0,0,0,0,0,0,0,1,0,无,强袭,无,无要求,,,未登场,冈部正纲,部将,直臣,今川家,骏府城,无,未登场,冈部正纲,部将,直臣,今川家,骏府城,无,已登场,冈部正纲,部将,直臣,今川家,骏府城,无,已登场,冈部正纲,部将,直臣,今川家,曳马城,无,已登场,冈部正纲,部将,直臣,武田家,踯躅崎馆,无,已登场,冈部正纲,部将,直臣,武田家,甲府城,无,已死亡,冈部正纲,无效,无效,无,无效,无,已死亡,冈部正纲,无效,无效,无,无效,无,已登场,冈部正纲,浪人,其他,无,冈崎之町,无,主角真田幸村，剧情十勇士集结
178,217,冈部元信,冈部,精确匹配,lord_1_okabe,Okabe Motonobu,clan_okabe_1,tokai,精确匹配织丰,,1543,1557,1581,战死,冈部久纲,1342,,,冈部正纲,只限武将,45,45,性急,勇敢,普通,轻率,重视情义,31,武具,无欲,嗜酒如命,藤原氏,刀剑,70,68,35,52,66,2,2,1,0,1,1,3,0,2,0,0,0,0,1,0,0,无,强袭,无,无要求,,,未登场,冈部元信,部将,直臣,今川家,骏府城,无,未登场,冈部元信,部将,直臣,今川家,骏府城,无,已登场,冈部元信,部将,直臣,今川家,骏府城,无,已登场,冈部元信,部将,直臣,今川家,曳马城,无,已登场,冈部元信,部将,直臣,武田家,踯躅崎馆,无,已死亡,冈部元信,无效,无效,无,无效,无,已死亡,冈部元信,无效,无效,无,无效,无,已死亡,冈部元信,无效,无效,无,无效,无,已登场,冈部元信,浪人,其他,无,冈崎之町,无,
179,218,冈本随缘斋,冈本,需新建,lord_1_zui,Okumura Eifuku,,,,,1520,1554,1592,病死,,,,,,全职种,33,33,性急,勇敢,普通,轻率,普通,36,艺术品,贪心,嗜酒如命,其他,刀剑,62,65,46,32,61,2,1,2,4,1,2,1,1,2,0,0,1,0,0,0,2,水上拖延，进水,强袭，拔突，铁壁,无,一般条件,,,已登场,冈本随缘斋,头领,首领,房总水军,冈本之砦,无,已登场,冈本随缘斋,头领,首领,房总水军,冈本之砦,无,已登场,冈本随缘斋,头领,首领,房总水军,冈本之砦,无,已登场,冈本随缘斋,头领,首领,房总水军,冈本之砦,无,已登场,冈本随缘斋,头领,首领,房总水军,冈本之砦,无,已登场,冈本随缘斋,头领,首领,房总水军,冈本之砦,无,已登场,冈本随缘斋,头领,首领,房总水军,冈本之砦,无,已死亡,冈本随缘斋,无效,无效,无,无效,无,已登场,冈本随缘斋,浪人,其他,无,冈崎之町,无,
180,219,冈本禅哲,冈本,需新建,lord_1_zensatoshi,Okumura Tsunanao,,,,,1519,1554,1583,病死,,,,,,全职种,20,20,普通,普通,现实,慎重,重视情义,21,书籍,无欲,普通,藤原氏,刀剑,9,8,68,70,49,0,0,0,0,0,0,0,0,1,1,1,1,3,3,2,3,无,强袭，伤药,无,一般条件,,,已登场,冈本禅哲,部将,直臣,佐竹家,太田城,无,已登场,冈本禅哲,部将,直臣,佐竹家,太田城,无,已登场,冈本禅哲,部将,直臣,佐竹家,太田城,无,已登场,冈本禅哲,部将,直臣,佐竹家,太田城,无,已登场,冈本禅哲,部将,直臣,佐竹家,太田城,无,已登场,冈本禅哲,部将,直臣,佐竹家,太田城,无,已死亡,冈本禅哲,无效,无效,无,无效,无,已死亡,冈本禅哲,无效,无效,无,无效,无,已登场,冈本禅哲,浪人,其他,无,冈崎之町,无,
181,220,冈本赖氏,冈本,需新建,lord_1_Shiga_Chikatsugu,Okumura Kagemichi,,,,,1537,1554,1606,病死,,,,,,只限武将,20,20,性急,勇敢,普通,轻率,普通,56,武具,普通,普通,其他,枪,70,62,22,27,53,1,2,2,0,1,4,1,0,0,0,0,0,2,0,0,0,无,强袭，连续斩，拔突，粘花，卷枪，引落，当身，柄返，刚力，铁壁,枪术名人,无要求,,,未登场,冈本赖氏,足轻组头,直臣,相良家,人吉城,无,已登场,冈本赖氏,足轻组头,直臣,相良家,人吉城,无,已登场,冈本赖氏,足轻组头,直臣,相良家,人吉城,无,已登场,冈本赖氏,足轻组头,直臣,相良家,人吉城,无,已登场,冈本赖氏,足轻组头,直臣,相良家,人吉城,无,已登场,冈本赖氏,足轻组头,直臣,相良家,人吉城,无,已登场,冈本赖氏,部将,直臣,相良家,人吉城,无,已登场,冈本赖氏,部将,直臣,相良家,人吉城,无,已登场,冈本赖氏,浪人,其他,无,冈崎之町,无,
182,221,冈吉正,冈,需新建,lord_1_sei,Okudaira Kagetaka,,,,,1546,1560,1585,病死,,,,,,全职种,41,41,普通,勇敢,普通,轻率,普通,60,南蛮物,普通,普通,其他,火绳枪,58,54,60,59,52,1,1,4,2,1,1,1,2,0,0,0,0,0,0,0,1,狙击,二连苦无，急所击，二挺击，石火，乱射,火枪名人,无要求,,,未登场,冈吉正,足轻组头,陪臣（铃木佐太夫）,本愿寺,杂贺城,无,未登场,冈吉正,足轻组头,陪臣（铃木佐太夫）,本愿寺,杂贺城,无,已登场,冈吉正,足轻组头,陪臣（铃木佐太夫）,本愿寺,杂贺城,无,已登场,冈吉正,足轻组头,陪臣（铃木佐太夫）,本愿寺,杂贺城,无,已登场,冈吉正,足轻组头,陪臣（铃木佐太夫）,本愿寺,杂贺城,无,已登场,冈吉正,足轻组头,直臣,铃木家,杂贺城,无,已登场,冈吉正,足轻组头,直臣,铃木家,杂贺城,无,已死亡,冈吉正,无效,无效,无,无效,无,已登场,冈吉正,浪人,其他,无,冈崎之町,无,
183,223,奥平信昌,奥平,需新建,lord_1_okudairanobumasa,Ii Toramasa,,,,,1555,1569,1615,病死,,,,,,全职种,76,76,温和,普通,普通,轻率,不重情义,57,武具,贪心,普通,源氏,刀剑,46,42,58,53,46,1,0,0,0,0,0,1,0,1,1,1,1,1,1,1,0,无,强袭,无,无要求,,,未登场,奥平信昌,侍大将,直臣,松平家,冈崎城,无,未登场,奥平信昌,部将,陪臣（松平元康）,今川家,骏府城,无,未登场,奥平信昌,足轻组头,陪臣（松平元康）,今川家,冈崎城,无,已登场,奥平信昌,城主,直臣,德川家,长篠城,无,已登场,奥平信昌,城主,直臣,德川家,长篠城,无,已登场,奥平信昌,城主,直臣,德川家,长篠城,无,已登场,奥平信昌,城主,直臣,德川家,长篠城,无,已登场,奥平信昌,家老,直臣,德川家,江户城,无,已登场,奥平信昌,浪人,其他,无,平户之町,无,
184,224,奥村永福,奥村,需新建,lord_1_okumuraeifuku,Kaibara Tsunachika,,,,,1542,1556,1624,病死,,,,,,全职种,99,99,温和,普通,普通,慎重,重视情义,55,武具,无欲,普通,其他,枪,61,56,55,53,52,2,2,1,1,2,2,0,2,1,2,1,1,2,1,1,0,无,强袭，拔突，二连苦无，刚弓，铁壁,无,无要求,,,未登场,奥村永福,足轻组头,陪臣（前田利家）,织田家,那古野城,无,未登场,奥村永福,足轻组头,陪臣（前田利家）,织田家,清洲城,无,已登场,奥村永福,足轻组头,陪臣（前田利家）,织田家,清洲城,无,已登场,奥村永福,足轻组头,陪臣（前田利家）,织田家,岐阜城,无,已登场,奥村永福,足轻组头,陪臣（前田利家）,织田家,岐阜城,无,已登场,奥村永福,足轻大将,陪臣（前田利家）,织田家,七尾城,无,已登场,奥村永福,足轻大将,直臣,前田家,尾山城,无,已登场,奥村永福,家老,直臣,前田家,金泽城,无,已登场,奥村永福,浪人,其他,无,仓敷之町,无,
185,226,长船贞亲,长船,需新建,lord_1_Shishido_Baikan,Osafune Sadachika,,,,,1530,1554,1588,战死,,,,,长船纲直,只限武将,19,19,普通,勇敢,普通,普通,普通,49,武具,普通,嗜酒如命,其他,刀剑,62,46,39,36,43,1,1,1,0,0,0,0,0,1,1,1,0,0,1,0,0,无,强袭,无,无要求,,,已登场,长船贞亲,足轻大将,陪臣（宇喜多直家）,浦上家,天神山城,无,已登场,长船贞亲,足轻大将,陪臣（宇喜多直家）,浦上家,天神山城,无,已登场,长船贞亲,足轻大将,陪臣（宇喜多直家）,浦上家,天神山城,无,已登场,长船贞亲,足轻大将,陪臣（宇喜多直家）,浦上家,天神山城,无,已登场,长船贞亲,足轻大将,陪臣（宇喜多直家）,浦上家,冈山城,无,已登场,长船贞亲,侍大将,直臣,宇喜多家,冈山城,无,已登场,长船贞亲,家老,直臣,宇喜多家,冈山城,无,已死亡,长船贞亲,无效,无效,无,无效,无,已登场,长船贞亲,浪人,其他,无,长船之町,无,主角宫本武藏，剧情流程
186,227,长船纲直,长船,需新建,lord_1_Shishido_Motosue,Osafune Mitsunari,,,,,1559,1573,1598,战死,长船贞亲,185,,,长船贞亲,全职种,19,19,普通,普通,普通,慎重,普通,45,南蛮物,无欲,普通,其他,刀剑,39,37,72,68,42,1,0,1,0,0,0,0,0,4,3,3,0,2,2,1,3,紧急修补,强袭，伤药,无,无要求,,,未登场,长船纲直,足轻组头,陪臣（长船贞亲）,浦上家,天神山城,无,未登场,长船纲直,足轻组头,陪臣（长船贞亲）,浦上家,天神山城,无,未登场,长船纲直,足轻组头,陪臣（长船贞亲）,浦上家,天神山城,无,未登场,长船纲直,足轻组头,陪臣（长船贞亲）,浦上家,天神山城,无,已登场,长船纲直,足轻组头,陪臣（宇喜多直家）,浦上家,冈山城,无,已登场,长船纲直,足轻组头,陪臣（长船贞亲）,宇喜多家,冈山城,无,已登场,长船纲直,部将,陪臣（长船贞亲）,宇喜多家,冈山城,无,已登场,长船纲直,家老,直臣,宇喜多家,冈山城,无,已登场,长船纲直,浪人,其他,无,长船之町,无,
187,228,小濑甫庵,小濑,需新建,lord_1_shouiori,Kakei Juuzou,,,,,1564,1578,1640,病死,,,,,,全职种,50,50,普通,普通,理想,轻率,普通,64,书籍,贪心,普通,源氏,枪,23,29,58,61,72,0,0,0,0,0,0,1,0,4,1,0,2,3,3,1,4,紧急修补,拔突，伤药，止血,无,一般条件,,,未登场,小濑甫庵,浪人,其他,无,井之口之町,无,未登场,小濑甫庵,浪人,其他,无,井之口之町,无,未登场,小濑甫庵,浪人,其他,无,井之口之町,无,未登场,小濑甫庵,浪人,其他,无,岐阜之町,无,未登场,小濑甫庵,浪人,其他,无,岐阜之町,无,已登场,小濑甫庵,浪人,其他,无,岐阜之町,无,已登场,小濑甫庵,足轻组头,陪臣（羽柴秀次）,羽柴家,石山本愿寺,无,已登场,小濑甫庵,侍大将,直臣,堀尾家,滨松城,无,已登场,小濑甫庵,家老,直臣,小笠原家,小仓城,无,
375,449,武将,七里赖周,七裡賴周,精确匹配,七里赖周,100,lord_1_shichiri,clan_shichiri_1,hokuriku,Shichiri Yorichika,Shichiri Yorichika,1530,1554,1580,枪,76,57,59,70,60,1,1,2,0,0,0,3,0,1,2,1,3,3,2,1,3,百发百中,拔突，伤药，丢钱,无,,,,,,全职种,50,50,性急,普通,现实,普通,普通,51,艺术品,贪心,普通,其他,已登场,七里赖周,城主,直臣,本愿寺,尾山城,无,已登场,七里赖周,城主,直臣,本愿寺,尾山城,无,已登场,七里赖周,城主,直臣,本愿寺,尾山城,无,已登场,七里赖周,城主,直臣,本愿寺,尾山城,无,已登场,七里赖周,城主,直臣,本愿寺,尾山城,无,已死亡,七里赖周,无效,无效,无,无效,无,已死亡,七里赖周,无效,无效,无,无效,无,已死亡,七里赖周,无效,无效,无,无效,无,已登场,七里赖周,家老,直臣,七条家,杂贺城,无,无要求,,
188,229,小田氏治,小田,精确匹配,lord_2_oda,Oda Ujiharu,clan_oda_2,kanto,精确匹配织丰,,1531,1554,1601,病死,,,,,,全职种,70,70,性急,胆小,理想,普通,不重情义,89,艺术品,贪心,普通,藤原氏,刀剑,44,41,53,50,36,0,1,0,0,0,1,0,0,0,1,0,0,0,2,0,1,无,强袭,无,无要求,,,已登场,小田氏治,大名,首领,小田家,小田城,无,已登场,小田氏治,大名,首领,小田家,土浦城,无,已登场,小田氏治,大名,首领,小田家,土浦城,无,已登场,小田氏治,大名,首领,小田家,土浦城,无,已登场,小田氏治,家老,直臣,北条家,小田原城,无,已登场,小田氏治,家老,直臣,北条家,小田原城,无,已登场,小田氏治,大名,首领,小田家,土浦城,无,已登场,小田氏治,足轻大将,直臣,结城家,结城城,无,已登场,小田氏治,部将,直臣,小笠原家,小仓城,无,
377,452,武将,斯波诠直,斯波詮直,精确匹配,斯波诠直,100,lord_1_shiba_2,clan_shiba_1,ou,Shiba Akinao,Shiba Akinao,1546,1560,1600,刀剑,17,19,32,38,56,0,0,0,0,1,0,1,0,0,0,0,1,3,0,1,0,无,强袭,无,,,斯波诠真,378,斯波诠真,只限武将,20,20,普通,胆小,理想,普通,普通,21,艺术品,无欲,普通,源氏,未登场,斯波诠直,家老,直臣,斯波家,高水寺城,无,未登场,斯波诠直,部将,陪臣（斯波诠真）,斯波家,高水寺城,无,已登场,斯波诠直,家老,直臣,斯波家,高水寺城,无,已登场,斯波诠直,家老,直臣,斯波家,高水寺城,无,已登场,斯波诠直,家老,直臣,斯波家,高水寺城,无,已登场,斯波诠直,大名,首领,斯波家,高水寺城,无,已登场,斯波诠直,大名,首领,斯波家,高水寺城,无,已登场,斯波诠直,足轻组头,直臣,南部家,盛冈城,无,已登场,斯波诠直,水夫头,直臣,丰后水军,一尺屋之砦,无,无要求,,
378,451,武将,斯波诠真,斯波詮真,精确匹配,斯波诠真,100,lord_1_shiba,clan_shiba_1,ou,Shiba Akizane,Shiba Akizane,1518,1554,1579,刀剑,23,17,33,39,58,0,0,0,0,0,1,1,0,1,0,0,0,3,1,1,0,无,强袭,无,,,,,斯波诠直,只限武将,20,20,普通,胆小,普通,普通,普通,17,艺术品,无欲,普通,源氏,已登场,斯波诠真,大名,首领,斯波家,高水寺城,无,已登场,斯波诠真,大名,首领,斯波家,高水寺城,无,已登场,斯波诠真,大名,首领,斯波家,高水寺城,无,已登场,斯波诠真,大名,首领,斯波家,高水寺城,无,已登场,斯波诠真,大名,首领,斯波家,高水寺城,无,已死亡,斯波诠真,无效,无效,无,无效,无,已死亡,斯波诠真,无效,无效,无,无效,无,已死亡,斯波诠真,无效,无效,无,无效,无,已登场,斯波诠真,水夫头,直臣,丰后水军,一尺屋之砦,无,无要求,,
379,453,武将,柴田胜家,柴田勝家,精确匹配,柴田胜家,100,lord_1_shibata,clan_shibata_1,kinai,Shibata Katsuie,Shibata Katsuie,1522,1554,1583,刀剑,94,89,69,52,82,4,4,3,0,4,3,3,1,3,1,1,0,1,0,1,0,强行突破，弓箭乱射，骑射突击,强袭，连续斩，拔突，急所击，刚弓，刚力，铁壁,无,(柴田胜义),1313,,,佐久间盛政 柴田胜丰,只限武将,85,85,性急,勇敢,理想,轻率,重视情义,83,武具,贪心,嗜酒如命,源氏,已登场,柴田胜家,侍大将,陪臣（织田信胜）,织田家,那古野城,无,已登场,柴田胜家,部将,陪臣（织田信胜）,织田家,那古野城,无,已登场,柴田胜家,家老,直臣,织田家,清洲城,无,已登场,柴田胜家,家老,直臣,织田家,岐阜城,无,已登场,柴田胜家,城主,直臣,织田家,北之庄城,无,已登场,柴田胜家,国主,直臣,织田家,北之庄城,无,已死亡,柴田胜家,无效,无效,无,无效,无,已死亡,柴田胜家,无效,无效,无,无效,无,已登场,柴田胜家,浪人,其他,无,杂贺之町,无,一般条件,"贱岳七本枪 糟谷武则/片桐且元/加藤清正/加藤嘉明/
平野长泰/福岛正则/胁坂安治","主角丰臣秀吉，北之庄剧情战斗胜利
主角前田利家，贱岳之战投降丰臣秀吉"
380,454,武将,柴田胜丰,柴田勝豐,精确匹配,柴田胜丰,100,lord_1_shibata_5,clan_shibata_1,kinai,Shibata Katsutoyo,Shibata Katsutoyo,1556,1570,1583,刀剑,26,21,44,17,24,0,0,0,0,0,0,1,0,2,1,1,1,0,0,0,1,无,强袭,无,,,(柴田胜义),1313,佐久间盛政 柴田胜家,只限武将,90,10,温和,普通,普通,轻率,不重情义,40,书籍,无欲,普通,源氏,未登场,柴田胜丰,足轻组头,直臣,织田家,那古野城,无,未登场,柴田胜丰,足轻组头,陪臣（柴田胜家）,织田家,那古野城,无,未登场,柴田胜丰,足轻组头,直臣,织田家,清洲城,无,未登场,柴田胜丰,足轻组头,直臣,织田家,岐阜城,无,已登场,柴田胜丰,足轻组头,直臣,织田家,岐阜城,无,已登场,柴田胜丰,足轻组头,陪臣（柴田胜家）,织田家,北之庄城,无,已死亡,柴田胜丰,无效,无效,无,无效,无,已死亡,柴田胜丰,无效,无效,无,无效,无,已登场,柴田胜丰,浪人,其他,无,小滨之町,无,无要求,,
381,455,武将,新发田重家,新發田重家,精确匹配,新发田重家,100,lord_2_shibata_4,clan_shibata_2,hokuriku,Shibata Shigeie,Shibata Shigeie,1546,1560,1587,刀剑,51,63,24,20,47,1,2,0,0,0,0,0,1,0,0,1,1,0,0,0,1,无,强袭,无,(新发田纲贞),1314,,,新发田长敦,全职种,5,90,普通,普通,普通,轻率,不重情义,75,艺术品,贪心,普通,源氏,未登场,新发田重家,足轻大将,陪臣（新发田长敦）,长尾家,新发田城,无,未登场,新发田重家,足轻大将,陪臣（新发田长敦）,长尾家,新发田城,无,已登场,新发田重家,足轻大将,陪臣（新发田长敦）,长尾家,新发田城,无,已登场,新发田重家,足轻大将,陪臣（新发田长敦）,上杉家,新发田城,无,已登场,新发田重家,足轻大将,陪臣（新发田长敦）,上杉家,新发田城,无,已登场,新发田重家,城主,直臣,上杉家,新发田城,无,已登场,新发田重家,大名,首领,新发田家,新发田城,无,已死亡,新发田重家,无效,无效,无,无效,无,已登场,新发田重家,浪人,其他,无,京之町,无,无要求,,
382,456,武将,新发田长敦,新發田長敦,精确匹配,新发田长敦,100,lord_2_shibata,clan_shibata_2,hokuriku,Shibata Nagaatsu,Shibata Nagaatsu,1507,1554,1580,刀剑,47,47,52,61,34,0,0,0,0,0,0,2,0,1,2,1,1,1,1,1,0,无,强袭,无,(新发田纲贞),1314,,,新发田重家,全职种,10,10,温和,胆小,普通,轻率,重视情义,31,书籍,无欲,普通,源氏,已登场,新发田长敦,城主,直臣,长尾家,新发田城,无,已登场,新发田长敦,城主,直臣,长尾家,新发田城,无,已登场,新发田长敦,城主,直臣,长尾家,新发田城,无,已登场,新发田长敦,城主,直臣,上杉家,新发田城,无,已登场,新发田长敦,城主,直臣,上杉家,新发田城,无,已死亡,新发田长敦,无效,无效,无,无效,无,已死亡,新发田长敦,无效,无效,无,无效,无,已死亡,新发田长敦,无效,无效,无,无效,无,已登场,新发田长敦,浪人,其他,无,长滨之町,无,无要求,,
189,230,织田有乐,织田,姓氏推断,lord_1_oda_ari,Oda Kiyoeimon,clan_oda_1,kinai,家族和文化自动推断,,1547,1561,1621,病死,织田信秀,803,织田信定,###,织田信胜 织田信雄 织田信包 织田信孝 织田信忠 织田信长 津田信澄 织田信秀 织田信光,全职种,0,0,温和,胆小,现实,轻率,普通,39,艺术品,普通,普通,平氏,枪,48,19,50,46,41,2,2,1,0,0,1,0,0,0,0,1,1,3,1,4,2,无,拔突,风雅之士,一般条件,,,未登场,织田长益,足轻组头,直臣,织田家,那古野城,无,未登场,织田长益,足轻组头,直臣,织田家,清洲城,无,未登场,织田长益,足轻组头,直臣,织田家,清洲城,无,已登场,织田长益,足轻组头,直臣,织田家,岐阜城,无,已登场,织田长益,足轻组头,直臣,织田家,岐阜城,无,已登场,织田长益,足轻组头,直臣,织田家,安土城,无,已登场,织田有乐,足轻大将,直臣,织田家,长岛城,无,已登场,织田有乐,城主,直臣,丰臣家,信贵山城,无,已登场,织田有乐,浪人,其他,无,小田原之町,无,
190,231,织田信胜,织田,姓氏推断,lord_1_oda_shin,Oda Yuuemon,clan_oda_1,kinai,家族和文化自动推断,,1537,1554,1557,战死,织田信秀,803,织田信定,###,织田有乐 织田信雄 织田信包 织田信孝 织田信忠 织田信长 津田信澄 织田信秀 织田信光,全职种,40,40,性急,胆小,理想,轻率,不重情义,88,武具,贪心,普通,平氏,刀剑,65,51,59,72,82,1,1,0,0,2,1,1,0,0,1,1,1,1,1,1,0,无,强袭，刚弓,无,不可,,主角织田信长，信胜谋反,已登场,织田信胜,部将,直臣,织田家,那古野城,无,已登场,织田信胜,城主,直臣,织田家,那古野城,无,已死亡,织田信胜,无效,无效,无,无效,无,已死亡,织田信胜,无效,无效,无,无效,无,已死亡,织田信胜,无效,无效,无,无效,无,已死亡,织田信胜,无效,无效,无,无效,无,已死亡,织田信胜,无效,无效,无,无效,无,已死亡,织田信胜,无效,无效,无,无效,无,已登场,织田信胜,浪人,其他,无,小田原之町,无,
191,232,织田信雄,织田,精确匹配,lord_1_oda_5,Oda Nobukatsu,clan_oda_1,kinai,精确匹配织丰,,1558,1572,1630,病死,织田信长,195,织田信秀,803,织田有乐 织田信胜 织田信包 织田信孝 织田信忠 织田信长 织田秀信 津田信澄 织田信秀,只限武将,25,25,性急,胆小,现实,轻率,不重情义,62,艺术品,贪心,嗜酒如命,平氏,刀剑,31,34,32,24,36,0,0,0,0,1,0,0,1,0,0,0,0,2,2,2,0,无,强袭,无,一般条件,,,未登场,织田信雄,部将,陪臣（织田信长）,织田家,那古野城,无,未登场,织田信雄,部将,陪臣（织田信长）,织田家,清洲城,无,未登场,织田信雄,部将,直臣,织田家,清洲城,无,未登场,织田信雄,部将,直臣,织田家,岐阜城,无,已登场,织田信雄,城主,直臣,织田家,大河内城,无,已登场,织田信雄,国主,直臣,织田家,安浓津城,无,已登场,织田信雄,大名,首领,织田家,长岛城,无,已登场,织田信雄,城主,直臣,德川家,一乘谷城,无,已登场,织田信雄,浪人,其他,无,小田原之町,无,
192,233,织田信包,织田,精确匹配,lord_1_oda_8,Oda Nobukane,clan_oda_1,kinai,精确匹配织丰,,1543,1554,1614,病死,织田信秀,803,织田信定,###,织田有乐 织田信胜 织田信雄 织田信孝 织田信忠 织田信长 津田信澄 织田信秀 织田信光,全职种,0,0,温和,普通,普通,慎重,普通,34,艺术品,贪心,普通,平氏,刀剑,41,45,32,55,50,1,0,1,0,0,1,0,1,1,1,0,0,1,0,1,0,无,强袭,无,无要求,,,未登场,织田信包,侍大将,直臣,织田家,那古野城,无,已登场,织田信包,侍大将,直臣,织田家,清洲城,无,已登场,织田信包,侍大将,直臣,织田家,清洲城,无,已登场,织田信包,侍大将,直臣,织田家,岐阜城,无,已登场,织田信包,侍大将,直臣,织田家,岐阜城,无,已登场,织田信包,侍大将,直臣,织田家,安土城,无,已登场,织田信包,部将,直臣,羽柴家,石山本愿寺,无,已登场,织田信包,城主,直臣,丰臣家,八上城,无,已登场,织田信包,浪人,其他,无,小田原之町,无,
387,463,武将,岛津家久,島津家久,精确匹配,岛津家久,100,lord_1_shimazu_9,clan_shimazu_1,saikai,Shimazu Iehisa,Shimazu Iehisa,1547,1561,1587,刀剑,75,84,49,43,78,1,2,2,0,1,2,2,1,1,2,1,2,0,2,1,2,钓野伏，狙击,强袭，拔突，铁壁,无,岛津贵久,389,岛津日新斋,388,岛津日新斋 岛津贵久 岛津忠恒 岛津岁久 岛津丰久 岛津龙伯 岛津义弘,只限武将,30,30,温和,勇敢,普通,轻率,普通,41,武具,无欲,嗜酒如命,源氏,未登场,岛津家久,侍大将,直臣,岛津家,内城,无,未登场,岛津家久,侍大将,陪臣（岛津贵久）,岛津家,内城,无,已登场,岛津家久,侍大将,直臣,岛津家,内城,无,已登场,岛津家久,侍大将,直臣,岛津家,内城,无,已登场,岛津家久,侍大将,直臣,岛津家,内城,无,已登场,岛津家久,侍大将,直臣,岛津家,内城,无,已登场,岛津家久,国主,直臣,岛津家,饫肥城,无,已死亡,岛津家久,无效,无效,无,无效,无,已登场,岛津家久,水夫头,直臣,村上水军,三岛之砦,无,一般条件,,
388,466,武将,岛津日新斋,島津日新齋,姓氏推断,,44,shimazu_nisshin,clan_shimazu_1,saikai,Shimazu Tadayoshi,,1492,1554,1568,枪,81,74,88,86,89,2,2,2,1,1,1,3,2,2,2,1,3,4,3,0,3,无,拔突，二连苦无，伤药，丢钱,无,,,,,岛津家久 岛津贵久 岛津岁久 岛津龙伯 岛津义弘,只限武将,30,30,温和,普通,普通,慎重,普通,69,书籍,无欲,普通,源氏,已登场,岛津忠良,家老,直臣,岛津家,内城,无,已登场,岛津日新斋,家老,直臣,岛津家,内城,无,已登场,岛津日新斋,家老,直臣,岛津家,内城,无,已死亡,岛津日新斋,无效,无效,无,无效,无,已死亡,岛津日新斋,无效,无效,无,无效,无,已死亡,岛津日新斋,无效,无效,无,无效,无,已死亡,岛津日新斋,无效,无效,无,无效,无,已死亡,岛津日新斋,无效,无效,无,无效,无,已登场,岛津日新斋,水夫头,直臣,村上水军,三岛之砦,无,一般条件,,
389,467,武将,岛津贵久,島津貴久,精确匹配,岛津贵久,100,lord_1_shimazu_11,clan_shimazu_1,saikai,Shimazu Takahisa,Shimazu Takahisa,1514,1554,1571,刀剑,83,60,84,80,83,3,3,2,0,0,0,2,0,2,2,2,0,3,2,1,0,无,强袭,策士,岛津日新斋,388,,,岛津家久 岛津日新斋 岛津忠恒 岛津岁久 岛津丰久 岛津龙伯 岛津义弘,只限武将,30,30,温和,勇敢,普通,轻率,普通,70,南蛮物,普通,普通,源氏,已登场,岛津贵久,大名,首领,岛津家,内城,无,已登场,岛津贵久,大名,首领,岛津家,内城,无,已登场,岛津贵久,大名,首领,岛津家,内城,无,已登场,岛津贵久,大名,首领,岛津家,内城,无,已死亡,岛津贵久,无效,无效,无,无效,无,已死亡,岛津贵久,无效,无效,无,无效,无,已死亡,岛津贵久,无效,无效,无,无效,无,已死亡,岛津贵久,无效,无效,无,无效,无,已登场,岛津贵久,水夫头,直臣,村上水军,三岛之砦,无,一般条件,,
390,468,武将,岛津忠恒,島津忠恒,姓氏推断,,50,shimazu_tadatsune,clan_shimazu_1,saikai,Shimazu Tadatsune,,1578,1592,1638,刀剑,68,69,80,78,75,1,2,3,2,1,0,0,0,3,3,2,2,3,2,3,1,无,强袭，急所击,无,岛津义弘,395,岛津贵久,389,岛津家久 岛津贵久 岛津岁久 岛津丰久 岛津龙伯 岛津义弘,只限武将,36,90,温和,胆小,现实,轻率,不重情义,34,南蛮物,贪心,普通,源氏,未登场,岛津忠恒,足轻组头,陪臣（岛津义弘）,岛津家,内城,无,未登场,岛津忠恒,足轻组头,陪臣（岛津义弘）,岛津家,内城,无,未登场,岛津忠恒,足轻组头,陪臣（岛津义弘）,岛津家,内城,无,未登场,岛津忠恒,足轻组头,陪臣（岛津义弘）,岛津家,内城,无,未登场,岛津忠恒,足轻组头,陪臣（岛津义弘）,岛津家,内城,无,未登场,岛津忠恒,足轻组头,陪臣（岛津义弘）,岛津家,内城,无,未登场,岛津忠恒,足轻组头,陪臣（岛津义弘）,岛津家,八代城,无,已登场,岛津忠恒,家老,直臣,岛津家,内城,无,已登场,岛津忠恒,水夫头,直臣,村上水军,三岛之砦,无,无要求,,
391,470,武将,岛津岁久,島津歲久,精确匹配,岛津岁久,100,lord_1_shimazu_7,clan_shimazu_1,saikai,Shimazu Toshihisa,Shimazu Toshihisa,1537,1554,1592,刀剑,70,67,60,72,79,2,2,2,0,1,2,2,0,1,1,1,1,1,0,1,1,无,强袭，拔突，铁壁,无,岛津贵久,389,岛津日新斋,388,岛津家久 岛津日新斋 岛津贵久 岛津忠恒 岛津丰久 岛津龙伯 岛津义弘,只限武将,30,30,普通,勇敢,普通,轻率,重视情义,69,武具,普通,嗜酒如命,源氏,未登场,岛津岁久,家老,直臣,岛津家,内城,无,已登场,岛津岁久,家老,直臣,岛津家,内城,无,已登场,岛津岁久,家老,直臣,岛津家,内城,无,已登场,岛津岁久,家老,直臣,岛津家,内城,无,已登场,岛津岁久,家老,直臣,岛津家,内城,无,已登场,岛津岁久,家老,直臣,岛津家,内城,无,已登场,岛津岁久,家老,直臣,岛津家,内城,无,已死亡,岛津岁久,无效,无效,无,无效,无,已登场,岛津岁久,水夫头,直臣,村上水军,三岛之砦,无,一般条件,,
392,471,武将,岛津丰久,島津豐久,姓氏推断,,75,shimazu,clan_shimazu_1,saikai,Shimazu Toyohisa,,1570,1584,1600,刀剑,75,64,33,48,65,2,2,1,0,1,1,2,0,0,1,1,1,1,1,1,0,无,强袭,无,岛津家久,387,岛津贵久,389,岛津家久 岛津贵久 岛津忠恒 岛津岁久 岛津龙伯 岛津义弘,只限武将,30,30,普通,勇敢,普通,轻率,重视情义,53,武具,普通,普通,源氏,未登场,岛津丰久,足轻组头,陪臣（岛津家久）,岛津家,内城,无,未登场,岛津丰久,足轻组头,陪臣（岛津家久）,岛津家,内城,无,未登场,岛津丰久,足轻组头,陪臣（岛津家久）,岛津家,内城,无,未登场,岛津丰久,足轻组头,陪臣（岛津家久）,岛津家,内城,无,未登场,岛津丰久,足轻组头,陪臣（岛津家久）,岛津家,内城,无,未登场,岛津丰久,足轻组头,陪臣（岛津家久）,岛津家,内城,无,已登场,岛津丰久,足轻组头,陪臣（岛津家久）,岛津家,饫肥城,无,已登场,岛津丰久,城主,直臣,岛津家,都于郡城,无,已登场,岛津丰久,水夫头,直臣,村上水军,三岛之砦,无,无要求,,
393,472,武将,岛津义虎,島津義虎,姓氏推断,,75,shimazu_1,clan_shimazu_1,saikai,Shimazu Yoshihisa,,1536,1554,1585,刀剑,62,66,69,73,70,2,0,1,1,1,0,1,0,1,0,1,0,0,0,0,0,无,强袭,无,岛津实久,847,,,岛津实久,只限武将,40,40,普通,普通,普通,轻率,普通,35,书籍,无欲,普通,源氏,未登场,岛津义虎,部将,陪臣（岛津实久）,岛津家,出水城,无,已登场,岛津义虎,城主,直臣,岛津家,出水城,无,已登场,岛津义虎,城主,直臣,岛津家,出水城,无,已登场,岛津义虎,城主,直臣,岛津家,出水城,无,已登场,岛津义虎,城主,直臣,岛津家,出水城,无,已登场,岛津义虎,城主,直臣,岛津家,出水城,无,已登场,岛津义虎,城主,直臣,岛津家,出水城,无,已死亡,岛津义虎,无效,无效,无,无效,无,已登场,岛津义虎,水夫头,直臣,村上水军,三岛之砦,无,无要求,,
394,473,武将,岛津义久,島津義久,精确匹配,岛津义久,100,lord_1_shimazu,clan_shimazu_1,saikai,Shimazu Yoshihisa,Shimazu Yoshihisa,1533,1554,1611,刀剑,90,55,94,86,88,4,3,3,2,2,2,3,1,2,2,1,2,4,3,1,2,钓野伏,强袭，拔突，急所击，刚弓，铁壁,策士,岛津贵久,389,岛津日新斋,388,岛津家久 岛津日新斋 岛津贵久 岛津忠恒 岛津岁久 岛津丰久 岛津义弘,只限武将,30,30,普通,勇敢,理想,慎重,普通,90,南蛮物,贪心,嗜酒如命,源氏,已登场,岛津义久,家老,直臣,岛津家,内城,无,已登场,岛津义久,家老,直臣,岛津家,内城,无,已登场,岛津义久,家老,直臣,岛津家,内城,无,已登场,岛津义久,家老,直臣,岛津家,内城,无,已登场,岛津义久,大名,首领,岛津家,内城,无,已登场,岛津义久,大名,首领,岛津家,内城,无,已登场,岛津义久,大名,首领,岛津家,内城,无,已登场,岛津龙伯,国主,直臣,岛津家,加治木城,无,已登场,岛津义久,水夫头,直臣,村上水军,三岛之砦,无,一般条件,,
395,474,武将,岛津义弘,島津義弘,精确匹配,岛津义弘,100,lord_1_shimazu_4,clan_shimazu_1,saikai,Shimazu Yoshihiro,Shimazu Yoshihiro,1535,1554,1619,枪,94,90,71,76,94,4,3,3,4,2,3,3,1,2,1,1,2,2,1,1,0,钓野伏，齐射,强袭，连续斩，拔突，粘花，急所击，刚弓，卷枪，引落，柄返，刚力，铁壁,策士,岛津贵久,389,岛津日新斋,388,岛津家久 岛津日新斋 岛津贵久 岛津忠恒 岛津岁久 岛津丰久 岛津龙伯,只限武将,28,28,性急,勇敢,普通,轻率,重视情义,86,武具,贪心,嗜酒如命,源氏,已登场,岛津义弘,家老,直臣,岛津家,内城,无,已登场,岛津义弘,家老,直臣,岛津家,内城,无,已登场,岛津义弘,家老,直臣,岛津家,内城,无,已登场,岛津义弘,家老,直臣,岛津家,内城,无,已登场,岛津义弘,家老,直臣,岛津家,内城,无,已登场,岛津义弘,家老,直臣,岛津家,内城,无,已登场,岛津义弘,国主,直臣,岛津家,八代城,无,已登场,岛津义弘,大名,首领,岛津家,内城,无,已登场,岛津义弘,水夫头,直臣,村上水军,三岛之砦,无,一般条件,,
193,234,织田信孝,织田,精确匹配,lord_1_oda_6,Oda Nobutaka,clan_oda_1,kinai,精确匹配织丰,,1558,1572,1583,战死,织田信长,195,织田信秀,803,织田有乐 织田信胜 织田信雄 织田信包 织田信忠 织田信长 织田秀信 津田信澄 织田信秀,只限武将,85,85,性急,勇敢,理想,轻率,普通,82,武具,贪心,嗜酒如命,平氏,刀剑,64,58,42,12,44,2,2,1,1,0,1,1,0,1,0,0,0,1,0,1,0,无,强袭,无,一般条件,,,未登场,织田信孝,部将,陪臣（织田信长）,织田家,那古野城,无,未登场,织田信孝,部将,陪臣（织田信长）,织田家,清洲城,无,未登场,织田信孝,部将,直臣,织田家,清洲城,无,未登场,织田信孝,部将,直臣,织田家,岐阜城,无,已登场,织田信孝,城主,直臣,织田家,安浓津城,无,已登场,织田信孝,家老,直臣,织田家,安土城,无,已死亡,织田信孝,无效,无效,无,无效,无,已死亡,织田信孝,无效,无效,无,无效,无,已登场,织田信孝,浪人,其他,无,小田原之町,无,
194,235,织田信忠,织田,精确匹配,lord_1_oda_4,Oda Nobutada,clan_oda_1,kinai,精确匹配织丰,,1557,1571,1582,战死,织田信长,195,织田信秀,803,织田有乐 织田信胜 织田信雄 织田信包 织田信孝 织田信长 织田秀信 津田信澄 织田信秀,只限武将,0,0,温和,普通,普通,轻率,重视情义,77,南蛮物,无欲,普通,平氏,刀剑,78,60,65,57,78,2,1,2,0,2,2,2,0,1,1,1,2,3,1,2,1,无,强袭，拔突，刚弓，铁壁,无,一般条件,,,未登场,织田信忠,部将,陪臣（织田信长）,织田家,那古野城,无,未登场,织田信忠,部将,陪臣（织田信长）,织田家,清洲城,无,未登场,织田信忠,部将,直臣,织田家,清洲城,无,未登场,织田信忠,部将,直臣,织田家,岐阜城,无,已登场,织田信忠,家老,直臣,织田家,岐阜城,无,已登场,织田信忠,国主,直臣,织田家,岐阜城,无,已死亡,织田信忠,无效,无效,无,无效,无,已死亡,织田信忠,无效,无效,无,无效,无,已登场,织田信忠,浪人,其他,无,小田原之町,无,
195,237,织田信长,织田,精确匹配,lord_1_oda,Oda Nobunaga,clan_oda_1,kinai,精确匹配织丰,,1534,1554,1582,战死,织田信秀,803,织田信定,###,织田有乐 织田信胜 织田信雄 织田信包 织田信孝 织田信忠 织田秀信 津田信澄 织田信秀 织田信光,只限武将,0,0,性急,勇敢,理想,轻率,普通,100,南蛮物,贪心,滴酒不沾,平氏,枪,96,70,97,91,99,4,3,4,2,2,2,3,1,4,2,2,3,3,3,3,1,齐攻，齐射，枪炮乱射,强袭，拔突，急所击，刚弓，铁壁，丢钱,风雅之士,不可,,"主角明智光秀，本能寺之变
    主角丰臣秀吉，山崎之战凯旋后
    主角九鬼嘉隆，救出泷川一益后",已登场,织田信长,部将,直臣,织田家,那古野城,无,已登场,织田信长,大名,首领,织田家,清洲城,无,已登场,织田信长,大名,首领,织田家,清洲城,无,已登场,织田信长,大名,首领,织田家,岐阜城,无,已登场,织田信长,大名,首领,织田家,岐阜城,无,已登场,织田信长,大名,首领,织田家,安土城,无,已死亡,织田信长,无效,无效,无,无效,无,已死亡,织田信长,无效,无效,无,无效,无,已登场,织田信长,浪人,其他,无,小田原之町,无,
399,479,武将,下间仲孝,下間仲孝,精确匹配,下间仲孝,100,lord_1_shimotsuma_8,clan_shimotsuma_1,hokuriku,Shimotsuma Nakataka,Shimotsuma Nakataka,1551,1565,1616,火绳枪,60,71,50,69,77,1,1,2,0,2,1,1,1,0,1,1,1,2,1,2,1,无,急所击，刚弓,无,下间赖照,400,,,下间赖照,全职种,50,50,普通,勇敢,普通,慎重,普通,70,艺术品,普通,滴酒不沾,源氏,未登场,下间仲孝,侍大将,直臣,本愿寺,石山本愿寺,无,未登场,下间仲孝,侍大将,直臣,本愿寺,石山本愿寺,无,已登场,下间仲孝,侍大将,直臣,本愿寺,石山本愿寺,无,已登场,下间仲孝,侍大将,直臣,本愿寺,石山本愿寺,无,已登场,下间仲孝,侍大将,直臣,本愿寺,石山本愿寺,无,已登场,下间仲孝,浪人,其他,无,石山之町,无,已登场,下间仲孝,浪人,其他,无,石山之町,无,已登场,下间仲孝,浪人,其他,无,大坂之町,无,已登场,下间仲孝,家老,直臣,下间家,饫肥城,无,无要求,,
400,480,武将,下间赖照,下間賴照,精确匹配,下间赖照,100,lord_1_shimotsuma_6,clan_shimotsuma_1,hokuriku,Shimotsuma Raisho,Shimotsuma Raisho,1526,1554,1575,枪,61,35,61,56,73,1,0,2,1,0,0,0,1,1,1,2,2,1,2,1,1,无,拔突,无,,,,,下间仲孝,全职种,50,50,普通,普通,普通,慎重,不重情义,56,艺术品,普通,普通,源氏,已登场,下间赖照,城主,直臣,本愿寺,大圣寺城,无,已登场,下间赖照,城主,直臣,本愿寺,大圣寺城,无,已登场,下间赖照,城主,直臣,本愿寺,大圣寺城,无,已登场,下间赖照,城主,直臣,本愿寺,大圣寺城,无,已登场,下间赖照,城主,直臣,本愿寺,大圣寺城,无,已死亡,下间赖照,无效,无效,无,无效,无,已死亡,下间赖照,无效,无效,无,无效,无,已死亡,下间赖照,无效,无效,无,无效,无,已登场,下间赖照,家老,直臣,下间家,饫肥城,无,无要求,,
401,481,武将,下间赖廉,下間賴廉,精确匹配,下间赖廉,100,lord_1_shimotsuma,clan_shimotsuma_1,hokuriku,Shimotsuma Rairen,Shimotsuma Rairen,1537,1554,1626,火绳枪,72,72,74,79,78,3,0,3,2,1,0,3,2,3,2,1,1,2,3,1,2,百发百中,二连苦无，急所击，二挺击,无,,,,,,全职种,50,50,温和,勇敢,现实,轻率,普通,49,艺术品,普通,普通,源氏,未登场,下间赖廉,家老,直臣,本愿寺,石山本愿寺,无,已登场,下间赖廉,家老,直臣,本愿寺,石山本愿寺,无,已登场,下间赖廉,家老,直臣,本愿寺,石山本愿寺,无,已登场,下间赖廉,家老,直臣,本愿寺,石山本愿寺,无,已登场,下间赖廉,家老,直臣,本愿寺,石山本愿寺,无,已登场,下间赖廉,浪人,其他,无,石山之町,无,已登场,下间赖廉,浪人,其他,无,石山之町,无,已登场,下间赖廉,浪人,其他,无,京之町,无,已登场,下间赖廉,大名,首领,下间家,饫肥城,无,无要求,,
196,240,织田秀信,织田,姓氏推断,lord_1_oda_hidenobu,Oda Masashige,clan_oda_1,kinai,家族和文化自动推断,,1580,1594,1605,病死,织田信忠,194,织田信长,195,织田信雄 织田信孝 织田信忠 织田信长,只限武将,5,5,温和,胆小,现实,轻率,普通,23,南蛮物,普通,普通,平氏,刀剑,16,24,29,31,79,0,0,1,0,0,0,0,0,0,0,0,0,2,0,3,0,无,强袭,无,一般条件,,,未登场,织田秀信,足轻组头,陪臣（织田信忠）,织田家,那古野城,无,未登场,织田秀信,足轻组头,陪臣（织田信忠）,织田家,清洲城,无,未登场,织田秀信,足轻组头,陪臣（织田信忠）,织田家,清洲城,无,未登场,织田秀信,足轻组头,陪臣（织田信忠）,织田家,岐阜城,无,未登场,织田秀信,足轻组头,陪臣（织田信忠）,织田家,岐阜城,无,未登场,织田秀信,足轻组头,陪臣（织田信忠）,织田家,岐阜城,无,未登场,织田秀信,足轻组头,直臣,羽柴家,石山本愿寺,无,已登场,织田秀信,大名,首领,织田家,岐阜城,无,已登场,织田秀信,浪人,其他,无,小田原之町,无,
197,372,小寺政职,小寺,精确匹配,lord_1_kodera,Kodera Masamoto,clan_kodera_1,kinai,精确匹配织丰,,1523,1554,1582,病死,,,,,,只限武将,80,80,普通,胆小,普通,普通,不重情义,54,艺术品,贪心,普通,源氏,刀剑,49,39,55,56,47,1,1,0,1,1,1,0,0,0,0,1,1,1,1,1,0,无,强袭,无,无要求,,,已登场,小寺政职,城主,直臣,赤松家,御着城,无,已登场,小寺政职,城主,直臣,赤松家,御着城,无,已登场,小寺政职,城主,直臣,赤松家,御着城,无,已登场,小寺政职,城主,直臣,赤松家,御着城,无,已登场,小寺政职,城主,直臣,赤松家,姬路城,无,已死亡,小寺政职,无效,无效,无,无效,无,已死亡,小寺政职,无效,无效,无,无效,无,已死亡,小寺政职,无效,无效,无,无效,无,已登场,小寺政职,家老,直臣,小笠原家,小仓城,无,
198,365,小岛弥太郎,小岛,姓氏推断,lord_1_nanjo_yatarou,Jingu Motomichi,,sanyo,,,1522,1554,1582,病死,,,,,,只限武将,15,15,温和,勇敢,普通,慎重,普通,61,武具,贪心,嗜酒如命,其他,枪,56,88,5,12,59,2,1,1,0,2,3,0,0,0,0,0,0,0,0,0,0,无,强袭，连续斩，拔突，粘花，刚弓，卷枪，引落，柄返，刚力，铁壁,无,一般条件,,,已登场,小岛弥太郎,足轻大将,直臣,长尾家,春日山城,无,已登场,小岛弥太郎,足轻大将,直臣,长尾家,春日山城,无,已登场,小岛弥太郎,足轻大将,直臣,长尾家,春日山城,无,已登场,小岛弥太郎,足轻大将,直臣,上杉家,春日山城,无,已登场,小岛弥太郎,足轻大将,直臣,上杉家,春日山城,无,已登场,小岛弥太郎,足轻大将,直臣,上杉家,春日山城,无,已死亡,小岛弥太郎,无效,无效,无,无效,无,已死亡,小岛弥太郎,无效,无效,无,无效,无,已登场,小岛弥太郎,水夫,直臣,村上水军,三岛之砦,无,
405,488,武将,神保氏张,神保氏張,姓氏推断,,50,jinbo_shi,clan_jinbo_1,hokuriku,Jinbo Nagaharu,,1528,1554,1592,刀剑,34,32,51,55,42,0,1,0,0,1,0,1,0,0,0,0,1,0,2,0,0,无,强袭,无,,,,,,全职种,90,90,普通,胆小,现实,轻率,不重情义,43,艺术品,普通,滴酒不沾,其他,已登场,神保氏张,部将,直臣,神保家,富山城,无,已登场,神保氏张,部将,直臣,神保家,富山城,无,已登场,神保氏张,部将,直臣,神保家,富山城,无,已登场,神保氏张,部将,直臣,神保家,富山城,无,已登场,神保氏张,部将,直臣,神保家,富山城,无,已登场,神保氏张,部将,陪臣（佐佐成政）,织田家,富山城,无,已登场,神保氏张,部将,直臣,佐佐家,富山城,无,已死亡,神保氏张,无效,无效,无,无效,无,已登场,神保氏张,浪人,其他,无,丸龟之町,无,无要求,,
406,489,武将,神保长住,神保長住,精确匹配,神保长住,100,lord_1_jinbo_2,clan_jinbo_1,hokuriku,Jinbo Nagazumi,Jinbo Nagazumi,1542,1556,1585,刀剑,30,35,44,39,55,0,0,0,0,1,0,0,0,0,0,0,0,0,1,0,0,无,强袭,无,神保长职,408,,,神保长城 神保长职,全职种,90,90,普通,胆小,现实,轻率,不重情义,38,书籍,贪心,普通,其他,未登场,神保长住,家老,直臣,神保家,富山城,无,未登场,神保长住,部将,陪臣（神保长职）,神保家,富山城,无,已登场,神保长住,家老,直臣,神保家,富山城,无,已登场,神保长住,家老,直臣,神保家,富山城,无,已登场,神保长住,浪人,其他,无,富山之町,无,已登场,神保长住,浪人,其他,无,富山之町,无,已登场,神保长住,浪人,其他,无,富山之町,无,已死亡,神保长住,无效,无效,无,无效,无,已登场,神保长住,浪人,其他,无,长滨之町,无,无要求,,
407,490,武将,神保长城,神保長城,精确匹配,神保长城,100,lord_1_jinbo_4,clan_jinbo_1,hokuriku,Jinbo Nagakuni,Jinbo Nagakuni,1553,1567,1576,刀剑,24,29,37,35,34,0,0,0,0,0,0,0,0,0,1,0,0,0,0,0,1,无,强袭,无,神保长职,408,,,神保长住 神保长职,全职种,90,90,普通,胆小,普通,轻率,普通,19,艺术品,贪心,普通,其他,未登场,神保长城,部将,直臣,神保家,富山城,无,未登场,神保长城,部将,陪臣（神保长职）,神保家,富山城,无,未登场,神保长城,部将,直臣,神保家,富山城,无,已登场,神保长城,部将,直臣,神保家,富山城,无,已登场,神保长城,大名,首领,神保家,富山城,无,已死亡,神保长城,无效,无效,无,无效,无,已死亡,神保长城,无效,无效,无,无效,无,已死亡,神保长城,无效,无效,无,无效,无,已登场,神保长城,浪人,其他,无,长滨之町,无,无要求,,
408,491,武将,神保长职,神保長職,精确匹配,神保长职,100,lord_1_jinbo,clan_jinbo_1,hokuriku,Jinbo Nagamoto,Jinbo Nagamoto,1518,1554,1572,刀剑,41,39,47,49,50,1,0,0,0,0,0,0,1,0,0,0,0,1,0,1,0,无,强袭,无,,,,,神保长住 神保长城,全职种,90,90,普通,勇敢,理想,轻率,不重情义,59,武具,贪心,普通,其他,已登场,神保长职,大名,首领,神保家,富山城,无,已登场,神保长职,大名,首领,神保家,富山城,无,已登场,神保长职,大名,首领,神保家,富山城,无,已登场,神保长职,大名,首领,神保家,富山城,无,已死亡,神保长职,无效,无效,无,无效,无,已死亡,神保长职,无效,无效,无,无效,无,已死亡,神保长职,无效,无效,无,无效,无,已死亡,神保长职,无效,无效,无,无效,无,已登场,神保长职,浪人,其他,无,长滨之町,无,无要求,,
199,241,鬼庭左月,鬼庭,姓氏推断,lord_1_oniniwa_hidarigatsu,Oniniwa Tsunemasa,clan_oniniwa_1,ou,家族和文化自动推断,,1513,1554,1585,战死,,,,,鬼庭纲元,只限武将,64,64,普通,勇敢,普通,轻率,重视情义,31,武具,无欲,普通,藤原氏,刀剑,72,69,48,43,56,2,2,0,1,2,2,3,0,0,0,0,0,1,0,0,1,无,强袭，拔突，刚弓，铁壁,无,一般条件,,,已登场,鬼庭良直,部将,直臣,伊达家,米泽城,无,已登场,鬼庭良直,部将,直臣,伊达家,米泽城,无,已登场,鬼庭良直,部将,直臣,伊达家,米泽城,无,已登场,鬼庭良直,部将,直臣,伊达家,米泽城,无,已登场,鬼庭左月,部将,直臣,伊达家,米泽城,无,已登场,鬼庭左月,部将,直臣,伊达家,米泽城,无,已登场,鬼庭左月,家老,直臣,伊达家,米泽城,无,已死亡,鬼庭左月,无效,无效,无,无效,无,已登场,鬼庭左月,头目,首领,户隐众,户隐之里,无,主角毛利元就，严岛之战胜利
200,242,鬼庭纲元,鬼庭,精确匹配,lord_1_oniniwa_2,Oniniwa Tsunamoto,clan_oniniwa_1,ou,精确匹配织丰,,1549,1563,1640,病死,鬼庭左月,199,,,鬼庭左月,只限武将,64,64,温和,普通,现实,普通,普通,51,书籍,普通,普通,藤原氏,刀剑,60,55,64,61,69,1,2,1,0,0,0,0,0,1,2,0,2,1,2,1,0,无,强袭,无,无要求,,,未登场,鬼庭纲元,足轻组头,陪臣（鬼庭良直）,伊达家,米泽城,无,未登场,鬼庭纲元,足轻组头,陪臣（鬼庭良直）,伊达家,米泽城,无,已登场,鬼庭纲元,足轻组头,陪臣（鬼庭良直）,伊达家,米泽城,无,已登场,鬼庭纲元,足轻组头,陪臣（鬼庭良直）,伊达家,米泽城,无,已登场,鬼庭纲元,足轻组头,陪臣（鬼庭左月）,伊达家,米泽城,无,已登场,鬼庭纲元,足轻组头,陪臣（鬼庭左月）,伊达家,米泽城,无,已登场,鬼庭纲元,足轻组头,陪臣（鬼庭左月）,伊达家,米泽城,无,已登场,茂庭纲元,部将,直臣,伊达家,仙台城,无,已登场,鬼庭纲元,上忍,直臣,户隐众,户隐之里,无,
201,243,小野镇幸,小野,姓氏推断,lord_1_onodera,Sugiya Zenjubou,,ou,,,1545,1559,1609,病死,,,,,,全职种,89,89,普通,勇敢,现实,普通,普通,47,武具,普通,普通,其他,刀剑,63,72,45,53,60,1,3,2,2,1,2,1,1,0,0,0,0,0,0,0,0,无,强袭，拔突，铁壁,无,无要求,,,未登场,小野镇幸,侍大将,直臣,大友家,府内城,无,未登场,小野镇幸,足轻大将,陪臣（户次鉴连）,大友家,府内城,无,已登场,小野镇幸,侍大将,直臣,大友家,府内城,无,已登场,小野镇幸,侍大将,直臣,大友家,府内城,无,已登场,小野镇幸,侍大将,直臣,大友家,府内城,无,已登场,小野镇幸,侍大将,陪臣（立花道雪）,大友家,立花山城,无,已登场,小野镇幸,侍大将,陪臣（立花宗茂）,大友家,立花山城,无,已登场,小野镇幸,部将,直臣,立花家,柳川城,无,已登场,小野镇幸,家老,直臣,小笠原家,小仓城,无,
202,244,小野善鬼,小野,姓氏推断,lord_1_onodera_zenoni,Sugiya Bou Shouzan,,ou,,,1563,1577,1592,战死,,,,,,全职种,9,40,性急,勇敢,普通,轻率,普通,78,武具,贪心,嗜酒如命,其他,刀剑,21,90,11,8,45,1,1,0,0,2,4,2,3,0,0,0,0,0,0,0,0,无,强袭，连续斩，切落，绝妙剑，拂舍刀，拔突，二连苦无，半月，刚弓，金翅鸟王剑，当身，梦想剑，刚力，独妙剑，铁壁，辱骂,剑豪,一般条件,,,未登场,小野善鬼,浪人,其他,无,佐仓之町,无,未登场,小野善鬼,浪人,其他,无,佐仓之町,无,未登场,小野善鬼,浪人,其他,无,佐仓之町,无,未登场,小野善鬼,浪人,其他,无,佐仓之町,无,未登场,小野善鬼,浪人,其他,无,佐仓之町,无,已登场,小野善鬼,浪人,其他,无,佐仓之町,一刀流,已登场,小野善鬼,浪人,其他,无,佐仓之町,一刀流,已死亡,小野善鬼,无效,无效,无,无效,无,已登场,小野善鬼,中忍,直臣,户隐众,户隐之里,无,
203,245,小野忠明,小野,姓氏推断,lord_1_onodera_tadaaki,Sugiya Satayu,,ou,,,1569,1583,1628,病死,,,,,,只限武将,90,10,普通,胆小,普通,轻率,普通,68,武具,普通,普通,其他,刀剑,44,90,9,52,58,1,0,0,0,1,4,3,0,0,0,0,0,1,0,0,0,无,强袭，连续斩，切落，绝妙剑，拂舍刀，拔突，金翅鸟王剑，当身，梦想剑，刚力，独妙剑，铁壁，辱骂,剑豪,一般条件,,,未登场,御子神典膳,浪人,其他,无,木更津之町,无,未登场,御子神典膳,浪人,其他,无,木更津之町,无,未登场,御子神典膳,浪人,其他,无,木更津之町,无,未登场,御子神典膳,浪人,其他,无,木更津之町,无,未登场,御子神典膳,浪人,其他,无,木更津之町,无,已登场,御子神典膳,浪人,其他,无,木更津之町,无,已登场,御子神典膳,浪人,其他,无,木更津之町,无,已登场,小野忠明,足轻大将,直臣,德川家,江户城,小野一刀流,已登场,御子神典膳,浪人,其他,无,丸龟之町,无,
204,246,小野寺辉道,小野,模糊匹配,lord_1_onodera,Sugiya Kagemune,,ou,,,1536,1554,1597,病死,,,,,小野寺义道,只限武将,2,2,普通,胆小,普通,普通,普通,67,艺术品,贪心,嗜酒如命,藤原氏,刀剑,63,49,60,66,51,1,1,1,0,1,1,2,0,1,2,1,0,2,1,0,1,无,强袭,无,一般条件,,,已登场,小野寺辉道,大名,首领,小野寺家,横手城,无,已登场,小野寺辉道,大名,首领,小野寺家,横手城,无,已登场,小野寺辉道,大名,首领,小野寺家,横手城,无,已登场,小野寺辉道,大名,首领,小野寺家,横手城,无,已登场,小野寺辉道,大名,首领,小野寺家,横手城,无,已登场,小野寺辉道,家老,直臣,小野寺家,横手城,无,已登场,小野寺辉道,家老,直臣,小野寺家,横手城,无,已死亡,小野寺辉道,无效,无效,无,无效,无,已登场,小野寺辉道,部将,直臣,小笠原家,小仓城,无,
205,247,小野寺义道,小野,精确匹配,lord_1_onodera_3,Onodera Yoshimichi,clan_onodera_1,ou,精确匹配织丰,,1566,1580,1645,病死,小野寺辉道,204,,,小野寺辉道,只限武将,2,2,温和,胆小,普通,普通,普通,55,艺术品,普通,普通,藤原氏,刀剑,51,48,55,59,39,1,0,1,0,0,1,0,1,0,1,0,0,2,2,1,1,无,强袭,无,无要求,,,未登场,小野寺义道,家老,直臣,小野寺家,横手城,无,未登场,小野寺义道,部将,陪臣（小野寺辉道）,小野寺家,横手城,无,未登场,小野寺义道,家老,直臣,小野寺家,横手城,无,未登场,小野寺义道,家老,直臣,小野寺家,横手城,无,未登场,小野寺义道,家老,直臣,小野寺家,横手城,无,已登场,小野寺义道,大名,首领,小野寺家,横手城,无,已登场,小野寺义道,大名,首领,小野寺家,横手城,无,已登场,小野寺义道,大名,首领,小野寺家,横手城,无,已登场,小野寺义道,部将,直臣,小笠原家,小仓城,无,
206,248,小幡勘兵卫,小幡,姓氏推断,lord_1_obata_kanhei,Obata Kanbei,clan_obata_1,tosan,家族和文化自动推断,,1572,1586,1663,病死,,,,,,全职种,60,60,普通,勇敢,普通,慎重,普通,71,书籍,贪心,普通,藤原氏,刀剑,60,52,7,68,49,2,1,2,1,1,1,4,0,1,0,1,2,0,3,0,2,风林火山,强袭,无,无要求,,,未登场,小幡勘兵卫,足轻组头,直臣,武田家,踯躅崎馆,无,未登场,小幡勘兵卫,足轻组头,直臣,武田家,踯躅崎馆,无,未登场,小幡勘兵卫,足轻组头,直臣,武田家,踯躅崎馆,无,未登场,小幡勘兵卫,足轻组头,直臣,武田家,踯躅崎馆,无,未登场,小幡勘兵卫,足轻组头,直臣,武田家,踯躅崎馆,无,未登场,小幡勘兵卫,足轻组头,直臣,武田家,甲府城,无,未登场,小幡勘兵卫,足轻组头,直臣,德川家,滨松城,无,已登场,小幡勘兵卫,足轻组头,直臣,德川家,江户城,无,已登场,小幡勘兵卫,部将,直臣,小笠原家,小仓城,无,
207,249,小滨景隆,小滨,需新建,lord_1_shoutakashi,Kashin Koji,,,,,1541,1554,1606,病死,,,,,小滨光隆,全职种,88,88,温和,普通,普通,普通,普通,55,武具,贪心,普通,其他,刀剑,56,55,25,57,43,1,0,2,3,2,2,2,1,2,0,0,1,0,1,0,0,焙烙,强袭，拔突，刚弓，铁壁,无,无要求,,,未登场,小滨景隆,船头,直臣,骏河水军,清水之砦,无,已登场,小滨景隆,船头,直臣,骏河水军,清水之砦,无,已登场,小滨景隆,船头,直臣,骏河水军,清水之砦,无,已登场,小滨景隆,船头,直臣,骏河水军,清水之砦,无,已登场,小滨景隆,船头,直臣,骏河水军,清水之砦,无,已登场,小滨景隆,船头,直臣,骏河水军,清水之砦,无,已登场,小滨景隆,船头,直臣,骏河水军,清水之砦,无,已登场,小滨景隆,船大将,直臣,江户水军,清水之砦,无,已登场,小滨景隆,家老,直臣,小笠原家,小仓城,无,
208,251,饭富虎昌,饭富,需新建,lord_1_toramasa,Sako Toutarou,,,,,1504,1554,1565,战死,饭富道悦,1309,,,山县昌景,只限武将,57,57,温和,普通,普通,普通,重视情义,46,武具,普通,普通,源氏,刀剑,75,82,47,48,78,2,3,1,0,2,2,2,0,1,0,1,0,0,0,0,1,无,强袭，拔突，刚弓，铁壁,无,无要求,,,已登场,饭富虎昌,部将,直臣,武田家,踯躅崎馆,无,已登场,饭富虎昌,家老,直臣,武田家,踯躅崎馆,无,已登场,饭富虎昌,家老,直臣,武田家,踯躅崎馆,无,已死亡,饭富虎昌,无效,无效,无,无效,无,已死亡,饭富虎昌,无效,无效,无,无效,无,已死亡,饭富虎昌,无效,无效,无,无效,无,已死亡,饭富虎昌,无效,无效,无,无效,无,已死亡,饭富虎昌,无效,无效,无,无效,无,已登场,饭富虎昌,上忍,直臣,伊贺众,伊贺之里,无,
209,254,小山田信茂,小山田,精确匹配,lord_1_oyamada,Oyamada Nobushige,clan_oyamada_1,tosan,精确匹配织丰,,1539,1559,1582,战死,,,,,,全职种,59,59,温和,勇敢,现实,轻率,不重情义,78,武具,贪心,普通,平氏,刀剑,65,74,57,72,67,2,2,1,0,3,2,1,0,1,0,0,1,1,1,0,0,无,强袭，拔突，刚弓，铁壁,无,一般条件,,,未登场,小山田信茂,侍大将,陪臣（小山田信有）,武田家,踯躅崎馆,无,未登场,小山田信茂,侍大将,直臣,武田家,踯躅崎馆,无,已登场,小山田信茂,部将,直臣,武田家,踯躅崎馆,无,已登场,小山田信茂,部将,直臣,武田家,踯躅崎馆,无,已登场,小山田信茂,部将,直臣,武田家,踯躅崎馆,无,已登场,小山田信茂,城主,直臣,武田家,岩殿城,无,已死亡,小山田信茂,无效,无效,无,无效,无,已死亡,小山田信茂,无效,无效,无,无效,无,已登场,小山田信茂,家老,直臣,小笠原家,小仓城,无,
210,255,甲斐宗运,甲斐,精确匹配,lord_1_kai,Kai Soun,clan_kai_1,saikai,精确匹配织丰,,1515,1554,1584,病死,,,,,,全职种,50,50,普通,勇敢,普通,普通,普通,56,书籍,普通,普通,藤原氏,刀剑,81,59,69,86,74,3,2,2,0,1,1,3,0,1,0,0,0,3,3,1,2,无,强袭,无,一般条件,,,已登场,甲斐宗运,家老,直臣,阿苏家,岩尾城,无,已登场,甲斐宗运,家老,直臣,阿苏家,岩尾城,无,已登场,甲斐宗运,家老,直臣,阿苏家,岩尾城,无,已登场,甲斐宗运,家老,直臣,阿苏家,岩尾城,无,已登场,甲斐宗运,家老,直臣,阿苏家,岩尾城,无,已登场,甲斐宗运,家老,直臣,阿苏家,岩尾城,无,已死亡,甲斐宗运,无效,无效,无,无效,无,已死亡,甲斐宗运,无效,无效,无,无效,无,已登场,甲斐宗运,浪人,其他,无,柳川之町,无,
211,256,海北纲亲,海北,需新建,lord_1_kaihou,Kazuyama Ujimoto,,,,,1510,1554,1573,战死,,,,,,全职种,70,70,普通,勇敢,普通,慎重,重视情义,45,武具,普通,嗜酒如命,藤原氏,刀剑,63,70,42,61,59,2,1,2,1,1,1,2,0,0,1,1,0,1,0,1,1,无,强袭,无,无要求,,,已登场,海北纲亲,家老,直臣,浅井家,小谷城,无,已登场,海北纲亲,家老,直臣,浅井家,小谷城,无,已登场,海北纲亲,家老,直臣,浅井家,小谷城,无,已登场,海北纲亲,家老,直臣,浅井家,小谷城,无,已死亡,海北纲亲,无效,无效,无,无效,无,已死亡,海北纲亲,无效,无效,无,无效,无,已死亡,海北纲亲,无效,无效,无,无效,无,已死亡,海北纲亲,无效,无效,无,无效,无,已登场,海北纲亲,头领,首领,安东水军,十三凑之砦,无,
212,257,香川亲和,香川,需新建,lord_1_kagawa,Kagawa Chikawa,,,,,1569,1583,1587,病死,长宗我部元亲,483,长宗我部国亲,481,吉良亲贞 吉良亲实 香宗我部亲泰 长宗我部国亲 长宗我部信亲 长宗我部元亲 长宗我部盛亲 津野亲忠,全职种,80,80,温和,普通,普通,普通,普通,30,书籍,普通,滴酒不沾,平氏,刀剑,36,42,44,21,36,0,1,1,0,0,0,0,0,0,1,1,0,1,0,0,0,无,强袭,无,无要求,,,未登场,香川亲和,足轻组头,直臣,长宗我部家,冈丰城,无,未登场,香川亲和,足轻组头,陪臣（长宗我部元亲）,长宗我部家,冈丰城,无,未登场,香川亲和,足轻组头,直臣,长宗我部家,冈丰城,无,未登场,香川亲和,足轻组头,直臣,长宗我部家,冈丰城,无,未登场,香川亲和,足轻组头,直臣,长宗我部家,冈丰城,无,已登场,香川亲和,侍大将,直臣,长宗我部家,冈丰城,无,已登场,香川亲和,城主,直臣,长宗我部家,天雾城,无,已死亡,香川亲和,无效,无效,无,无效,无,已登场,香川亲和,足轻组头,直臣,河尻家,水户城,无,
213,258,香川元景,香川,需新建,lord_1_kagawamotokage,Kagawa Saizou,,,,,1527,1554,1578,病死,,,,,,只限武将,60,60,普通,胆小,现实,普通,不重情义,32,艺术品,普通,普通,平氏,刀剑,35,41,42,52,34,0,0,0,0,0,0,1,0,1,0,0,0,0,1,0,1,无,强袭,无,无要求,,,已登场,香川元景,城主,直臣,细川家,天雾城,无,已登场,香川元景,城主,直臣,三好家,天雾城,无,已登场,香川元景,城主,直臣,三好家,天雾城,无,已登场,香川元景,城主,直臣,三好家,天雾城,无,已登场,香川元景,城主,直臣,三好家,天雾城,无,已死亡,香川元景,无效,无效,无,无效,无,已死亡,香川元景,无效,无效,无,无效,无,已死亡,香川元景,无效,无效,无,无效,无,已登场,香川元景,足轻组头,直臣,河尻家,水户城,无,
214,259,柿崎景家,柿崎,精确匹配,lord_1_kakizaki,Kakizaki Kageie,clan_kakizaki_1,hokuriku,精确匹配织丰,,1513,1554,1575,战死,,,,,,只限武将,19,1,性急,勇敢,普通,轻率,普通,44,武具,贪心,普通,源氏,刀剑,88,82,19,16,51,2,3,1,1,1,1,2,0,0,1,0,1,0,0,0,1,车悬,强袭,无,无要求,,,已登场,柿崎景家,部将,直臣,长尾家,春日山城,无,已登场,柿崎景家,家老,直臣,长尾家,春日山城,无,已登场,柿崎景家,家老,直臣,长尾家,春日山城,无,已登场,柿崎景家,家老,直臣,上杉家,春日山城,无,已登场,柿崎景家,家老,直臣,上杉家,春日山城,无,已死亡,柿崎景家,无效,无效,无,无效,无,已死亡,柿崎景家,无效,无效,无,无效,无,已死亡,柿崎景家,无效,无效,无,无效,无,已登场,柿崎景家,浪人,其他,无,仙台之町,无,
215,260,蛎崎季广,蛎崎,精确匹配,lord_2_kakizaki,Kakizaki Suehiro,clan_kakizaki_2,ou,精确匹配织丰,,1507,1554,1595,病死,,,,,蛎崎庆广,全职种,65,65,普通,普通,普通,慎重,普通,64,艺术品,普通,普通,源氏,刀剑,64,42,70,76,69,2,2,1,2,0,0,2,0,0,2,1,2,1,3,0,1,无,强袭,无,无要求,,,已登场,蛎崎季广,城主,直臣,安东家,胜山馆,无,已登场,蛎崎季广,城主,直臣,安东家,胜山馆,无,已登场,蛎崎季广,城主,直臣,安东家,胜山馆,无,已登场,蛎崎季广,城主,直臣,安东家,胜山馆,无,已登场,蛎崎季广,城主,直臣,安东家,胜山馆,无,已登场,蛎崎季广,城主,直臣,安东家,胜山馆,无,已登场,蛎崎季广,部将,陪臣（蛎崎庆广）,安东家,胜山馆,无,已死亡,蛎崎季广,无效,无效,无,无效,无,已登场,蛎崎季广,船头,直臣,房总水军,冈本之砦,无,
216,261,蛎崎庆广,蛎崎,精确匹配,lord_2_kakizaki_2,Kakizaki Yoshihiro,clan_kakizaki_2,ou,精确匹配织丰,,1549,1563,1616,病死,蛎崎季广,215,,,蛎崎季广,全职种,65,65,普通,勇敢,普通,普通,不重情义,83,艺术品,贪心,普通,源氏,刀剑,58,32,74,77,78,1,0,2,2,0,0,0,0,0,2,1,2,2,3,2,1,无,强袭,无,一般条件,,,未登场,蛎崎庆广,部将,陪臣（蛎崎季广）,安东家,胜山馆,无,未登场,蛎崎庆广,部将,陪臣（蛎崎季广）,安东家,胜山馆,无,已登场,蛎崎庆广,部将,陪臣（蛎崎季广）,安东家,胜山馆,无,已登场,蛎崎庆广,部将,陪臣（蛎崎季广）,安东家,胜山馆,无,已登场,蛎崎庆广,部将,陪臣（蛎崎季广）,安东家,胜山馆,无,已登场,蛎崎庆广,部将,陪臣（蛎崎季广）,安东家,胜山馆,无,已登场,蛎崎庆广,城主,直臣,安东家,胜山馆,无,已登场,蛎崎庆广,大名,首领,蛎崎家,松前城,无,已登场,蛎崎庆广,头领,首领,房总水军,冈本之砦,无,天下大茶会剧情
427,515,武将,相马盛胤,相馬盛胤,精确匹配,相马盛胤,100,lord_1_soma,clan_soma_1,ou,Soma Moritane,Soma Moritane,1529,1554,1601,刀剑,72,61,47,29,54,2,2,0,0,1,1,2,0,0,1,0,2,0,2,0,0,无,强袭,无,,,,,相马义胤,只限武将,30,30,性急,勇敢,理想,轻率,不重情义,74,武具,普通,普通,平氏,已登场,相马盛胤,大名,首领,相马家,小高城,无,已登场,相马盛胤,大名,首领,相马家,小高城,无,已登场,相马盛胤,大名,首领,相马家,小高城,无,已登场,相马盛胤,大名,首领,相马家,小高城,无,已登场,相马盛胤,大名,首领,相马家,小高城,无,已登场,相马盛胤,大名,首领,相马家,小高城,无,已登场,相马盛胤,家老,直臣,相马家,小高城,无,已登场,相马盛胤,家老,直臣,相马家,小高城,无,已登场,相马盛胤,下忍,直臣,风魔众,风魔之里,无,无要求,,
428,516,武将,相马义胤,相馬義胤,精确匹配,相马义胤,100,lord_1_soma_2,clan_soma_1,ou,Soma Yoshitane,Soma Yoshitane,1548,1562,1635,刀剑,67,68,44,54,52,2,2,0,0,1,2,1,0,1,1,0,0,0,1,0,0,无,强袭，拔突，铁壁,无,相马盛胤,427,,,相马盛胤,只限武将,30,30,普通,勇敢,理想,轻率,普通,79,武具,普通,嗜酒如命,平氏,未登场,相马义胤,家老,直臣,相马家,小高城,无,未登场,相马义胤,家老,直臣,相马家,小高城,无,已登场,相马义胤,家老,直臣,相马家,小高城,无,已登场,相马义胤,家老,直臣,相马家,小高城,无,已登场,相马义胤,家老,直臣,相马家,小高城,无,已登场,相马义胤,家老,直臣,相马家,小高城,无,已登场,相马义胤,大名,首领,相马家,小高城,无,已登场,相马义胤,大名,首领,相马家,小高城,无,已登场,相马义胤,下忍,直臣,风魔众,风魔之里,无,一般条件,,
217,262,垣屋光成,垣屋,需新建,lord_1_kakiyamitsunari,Kane Makoto,,,,,1520,1554,1592,病死,,,,,,全职种,16,16,普通,胆小,现实,轻率,不重情义,69,书籍,普通,普通,平氏,刀剑,57,53,46,69,32,1,1,1,0,1,1,2,0,0,0,0,0,0,2,0,0,无,强袭,无,无要求,,,已登场,垣屋光成,部将,直臣,山名家,鸟取城,无,已登场,垣屋光成,部将,直臣,山名家,鸟取城,无,已登场,垣屋光成,部将,直臣,山名家,鸟取城,无,已登场,垣屋光成,部将,直臣,山名家,鸟取城,无,已登场,垣屋光成,部将,直臣,山名家,鸟取城,无,已登场,垣屋光成,足轻大将,陪臣（羽柴秀吉）,织田家,姬路城,无,已登场,垣屋光成,部将,陪臣（宫部继润）,羽柴家,鸟取城,无,已死亡,垣屋光成,无效,无效,无,无效,无,已登场,垣屋光成,浪人,其他,无,清洲之町,无,
218,263,笕十藏,笕,需新建,lord_1_kura,Kawata Nagachika,,,,,1581,1595,1615,战死,,,,,,武将以外优先,49,49,普通,普通,理想,轻率,重视情义,42,武具,无欲,普通,其他,火绳枪,53,81,37,66,79,2,0,4,0,2,2,1,3,0,0,1,0,0,0,0,1,狙击，幻惑之术，内讧之术,强袭，拔突，二连苦无，半月，急所击，二挺击，刚弓，石火，乱射，铁壁,火枪名人,一般条件,,,未登场,笕十藏,浪人,其他,无,诹访之町,无,未登场,笕十藏,浪人,其他,无,诹访之町,无,未登场,笕十藏,浪人,其他,无,诹访之町,无,未登场,笕十藏,浪人,其他,无,诹访之町,无,未登场,笕十藏,浪人,其他,无,诹访之町,无,未登场,笕十藏,浪人,其他,无,诹访之町,无,未登场,笕十藏,浪人,其他,无,诹访之町,无,已登场,笕十藏,浪人,其他,无,诹访之町,无,已登场,笕十藏,部将,直臣,十河家,广岛城,无,
431,520,武将,十河一存,十河一存,精确匹配,十河一存,100,dead_lord_1_sogo_1,clan_sogo_1,nankai,Sogo Kazumasa,Sogo Kazumasa,1532,1554,1561,刀剑,76,67,47,38,68,2,2,2,2,1,2,2,1,0,0,0,0,0,1,0,1,无,强袭，拔突，铁壁,无,(三好元长),1333,(三好长秀),1331,安宅冬康 十河存保 三好笑岩 三好长治 三好长庆 三好义兴 三好实休 三好义继,只限武将,50,50,性急,勇敢,理想,轻率,重视情义,68,武具,贪心,嗜酒如命,其他,已登场,十河一存,城主,直臣,细川家,十河城,无,已登场,十河一存,城主,直臣,三好家,十河城,无,已登场,十河一存,城主,直臣,三好家,十河城,无,已死亡,十河一存,无效,无效,无,无效,无,已死亡,十河一存,无效,无效,无,无效,无,已死亡,十河一存,无效,无效,无,无效,无,已死亡,十河一存,无效,无效,无,无效,无,已死亡,十河一存,无效,无效,无,无效,无,已登场,十河一存,家老,直臣,十河家,广岛城,无,一般条件,,
432,521,武将,十河存保,十河存保,精确匹配,十河存保,100,lord_1_sogo,clan_sogo_1,nankai,Sogo Masayasu,Sogo Masayasu,1554,1568,1586,刀剑,58,53,42,54,65,1,0,1,1,0,1,0,1,0,0,1,0,0,1,0,0,无,强袭,无,三好实休,708,(三好元长),1333,安宅冬康 十河一存 三好长治 三好长庆 三好义兴 三好实休 三好义继,只限武将,50,50,性急,勇敢,普通,慎重,普通,72,艺术品,普通,普通,其他,未登场,十河存保,部将,陪臣（十河一存）,细川家,十河城,无,未登场,十河存保,部将,陪臣（十河一存）,三好家,十河城,无,未登场,十河存保,足轻组头,陪臣（十河一存）,三好家,十河城,无,已登场,十河存保,城主,直臣,三好家,十河城,无,已登场,十河存保,城主,直臣,三好家,十河城,无,已登场,十河存保,大名,首领,十河家,十河城,无,已登场,十河存保,大名,首领,十河家,十河城,无,已死亡,十河存保,无效,无效,无,无效,无,已登场,十河存保,大名,首领,十河家,广岛城,无,一般条件,,
219,265,葛西晴信,葛西,精确匹配,lord_1_kasai,Kasai Harunobu,clan_kasai_1,ou,精确匹配织丰,,1534,1554,1597,病死,葛西晴胤,854,,,葛西晴胤,只限武将,48,48,温和,胆小,普通,轻率,普通,14,书籍,无欲,滴酒不沾,平氏,刀剑,26,29,44,51,48,1,0,0,0,0,1,0,0,0,0,0,1,0,1,0,0,无,强袭,无,无要求,,,已登场,葛西晴信,家老,直臣,葛西家,寺池城,无,已登场,葛西晴信,大名,首领,葛西家,寺池城,无,已登场,葛西晴信,大名,首领,葛西家,寺池城,无,已登场,葛西晴信,大名,首领,葛西家,寺池城,无,已登场,葛西晴信,大名,首领,葛西家,寺池城,无,已登场,葛西晴信,大名,首领,葛西家,寺池城,无,已登场,葛西晴信,大名,首领,葛西家,寺池城,无,已死亡,葛西晴信,无效,无效,无,无效,无,已登场,葛西晴信,部将,直臣,西园寺家,山形城,无,
434,523,武将,大道寺政繁,大道寺政繁,精确匹配,大道寺政繁,100,lord_1_didoji,clan_didoji_1,kanto,Daidoji Masashige,Daidoji Masashige,1533,1554,1590,刀剑,56,44,82,51,49,1,1,1,1,0,1,2,0,3,2,1,1,0,1,1,0,无,强袭,无,,,,,,只限武将,80,80,普通,普通,普通,轻率,普通,51,书籍,无欲,普通,藤原氏,已登场,大道寺政繁,侍大将,直臣,北条家,小田原城,无,已登场,大道寺政繁,侍大将,直臣,北条家,小田原城,无,已登场,大道寺政繁,侍大将,直臣,北条家,小田原城,无,已登场,大道寺政繁,侍大将,直臣,北条家,小田原城,无,已登场,大道寺政繁,侍大将,直臣,北条家,小田原城,无,已登场,大道寺政繁,部将,直臣,北条家,小田原城,无,已登场,大道寺政繁,部将,直臣,北条家,小田原城,无,已死亡,大道寺政繁,无效,无效,无,无效,无,已登场,大道寺政繁,家老,直臣,大久保家,佐贺城,无,无要求,,
435,524,武将,大宝寺义氏,大寶寺義氏,精确匹配,大宝寺义氏,100,lord_1_daihoji_2,clan_daihoji_1,ou,Daihoji Yoshiuji,Daihoji Yoshiuji,1551,1565,1583,刀剑,19,16,21,52,9,0,0,0,0,0,0,1,0,0,0,0,1,0,1,0,0,无,强袭,无,大宝寺义增,813,,,大宝寺义增 大宝寺义兴,全职种,0,0,普通,胆小,现实,普通,普通,62,书籍,贪心,普通,藤原氏,未登场,大宝寺义氏,家老,直臣,大宝寺家,尾浦城,无,未登场,大宝寺义氏,家老,直臣,大宝寺家,尾浦城,无,未登场,大宝寺义氏,家老,直臣,大宝寺家,尾浦城,无,已登场,大宝寺义氏,大名,首领,大宝寺家,尾浦城,无,已登场,大宝寺义氏,大名,首领,大宝寺家,尾浦城,无,已登场,大宝寺义氏,大名,首领,大宝寺家,尾浦城,无,已死亡,大宝寺义氏,无效,无效,无,无效,无,已死亡,大宝寺义氏,无效,无效,无,无效,无,已登场,大宝寺义氏,家老,直臣,大久保家,佐贺城,无,无要求,,
220,266,笠原政尧,笠原,姓氏推断,lord_1_matsuda_matsurigoto,Kasahara Masayoshi,,kanto,,,1550,1564,1590,战死,松田宪秀,678,,,松田宪秀,全职种,80,20,普通,普通,理想,轻率,不重情义,79,书籍,贪心,普通,源氏,刀剑,47,34,50,45,40,0,0,0,0,0,0,1,0,1,1,1,0,1,1,0,0,无,强袭,无,无要求,,,未登场,笠原政尧,侍大将,直臣,北条家,小田原城,无,未登场,笠原政尧,侍大将,陪臣（松田宪秀）,北条家,小田原城,无,已登场,笠原政尧,侍大将,直臣,北条家,小田原城,无,已登场,笠原政尧,侍大将,直臣,北条家,小田原城,无,已登场,笠原政尧,侍大将,直臣,北条家,小田原城,无,已登场,笠原政尧,侍大将,直臣,北条家,小田原城,无,已登场,笠原政尧,侍大将,直臣,北条家,小田原城,无,已死亡,笠原政尧,无效,无效,无,无效,无,已登场,笠原政尧,浪人,其他,无,严岛之町,无,
221,267,梶原景宗,梶原,需新建,lord_1_kajiwarakeishuu,Ganshoji Shoei,,,,,1534,1554,1605,病死,,,,,,全职种,82,82,普通,勇敢,普通,轻率,重视情义,55,武具,贪心,普通,平氏,刀剑,74,78,29,51,67,2,1,2,4,2,2,0,1,3,1,0,1,0,0,1,1,水上禁行，蝴蝶之阵,强袭，拔突，刚弓，铁壁,无,一般条件,,,已登场,梶原景宗,头领,首领,相模水军,三崎之砦,无,已登场,梶原景宗,头领,首领,相模水军,三崎之砦,无,已登场,梶原景宗,头领,首领,相模水军,三崎之砦,无,已登场,梶原景宗,头领,首领,相模水军,三崎之砦,无,已登场,梶原景宗,头领,首领,相模水军,三崎之砦,无,已登场,梶原景宗,头领,首领,相模水军,三崎之砦,无,已登场,梶原景宗,头领,首领,相模水军,三崎之砦,无,已登场,梶原景宗,浪人,其他,无,杂贺之町,无,已登场,梶原景宗,浪人,其他,无,甲府之町,无,
438,531,武将,高桥鉴种,高橋鑒種,姓氏推断,,75,takahashi,clan_takahashi_1,saikai,Takahashi Akikane,,1536,1554,1579,刀剑,46,60,54,49,56,1,1,1,0,1,1,0,0,0,1,0,0,0,1,0,0,无,强袭,无,(一万田亲泰),1345,,,一万田鉴实,全职种,20,20,性急,勇敢,普通,轻率,不重情义,88,艺术品,贪心,普通,其他,未登场,高桥鉴种,城主,直臣,毛利家,岩屋城,无,已登场,高桥鉴种,国主,直臣,大友家,岩屋城,无,已登场,高桥鉴种,城主,直臣,大友家,岩屋城,无,已登场,高桥鉴种,城主,直臣,毛利家,岩屋城,无,已登场,高桥鉴种,城主,直臣,大友家,小仓城,无,已死亡,高桥鉴种,无效,无效,无,无效,无,已死亡,高桥鉴种,无效,无效,无,无效,无,已死亡,高桥鉴种,无效,无效,无,无效,无,已登场,高桥鉴种,浪人,其他,无,姬路之町,无,无要求,,
439,532,武将,高桥绍运,高橋紹運,姓氏推断,,50,takahashi_1,clan_takahashi_1,saikai,Takahashi Shoun,,1548,1562,1586,刀剑,84,87,40,65,77,2,3,2,1,1,2,3,0,0,0,1,0,1,0,0,1,无,强袭，拔突，铁壁,策士,吉弘鉴理,778,,,立花直次 立花宗茂 吉弘鉴理 吉弘镇信,只限武将,80,80,性急,勇敢,普通,普通,重视情义,52,武具,普通,普通,其他,未登场,高桥绍运,家老,直臣,大友家,府内城,无,未登场,高桥绍运,家老,直臣,大友家,府内城,无,已登场,高桥绍运,家老,直臣,大友家,府内城,无,已登场,高桥绍运,家老,直臣,大友家,府内城,无,已登场,高桥绍运,城主,直臣,大友家,岩屋城,无,已登场,高桥绍运,城主,直臣,大友家,岩屋城,无,已登场,高桥绍运,城主,直臣,大友家,岩屋城,无,已死亡,高桥绍运,无效,无效,无,无效,无,已登场,高桥绍运,浪人,其他,无,仓敷之町,无,一般条件,,
222,269,果心居士,果心,需新建,lord_1_kashimukoji,Kanbe Tomomori,,,,,1525,1554,1616,病死,,,,,,没那个意思,40,40,温和,普通,普通,慎重,不重情义,1,武具,无欲,滴酒不沾,其他,锁镰,4,69,21,89,73,0,0,2,0,2,2,1,4,0,0,2,2,0,2,2,2,激励，奈落之术，幻惑之术，雷爆之术，红莲之术，伪情报,强袭，拔突，二连苦无，半月，千鸟，刚弓，横车，铁壁,锁镰高手,一般条件,,,已登场,果心居士,浪人,其他,无,奈良之町,无,已登场,果心居士,浪人,其他,无,奈良之町,无,已登场,果心居士,浪人,其他,无,奈良之町,无,已登场,果心居士,浪人,其他,无,奈良之町,无,已登场,果心居士,浪人,其他,无,奈良之町,无,已登场,果心居士,浪人,其他,无,奈良之町,无,已登场,果心居士,浪人,其他,无,奈良之町,无,已登场,果心居士,浪人,其他,无,飞高山之町,无,已登场,果心居士,浪人,其他,无,诹访之町,无,
223,270,糟谷武则,糟谷,需新建,lord_1_kasutanitakeshi,Kan Tatsunaga,,,,,1554,1568,1609,病死,,,,,,只限武将,16,16,性急,普通,普通,轻率,普通,59,武具,普通,嗜酒如命,藤原氏,枪,56,74,37,42,38,1,1,1,0,2,3,0,0,0,0,1,0,0,0,1,1,无,强袭，连续斩，拔突，粘花，刚弓，卷枪，引落，柄返，刚力，铁壁,无,无要求,,,未登场,糟谷武则,浪人,其他,无,姬路之町,无,未登场,糟谷武则,浪人,其他,无,姬路之町,无,未登场,糟谷武则,浪人,其他,无,姬路之町,无,已登场,糟谷武则,浪人,其他,无,姬路之町,无,已登场,糟谷武则,浪人,其他,无,姬路之町,无,已登场,糟谷武则,足轻组头,陪臣（羽柴秀吉）,织田家,姬路城,无,已登场,糟谷武则,足轻组头,直臣,羽柴家,石山本愿寺,无,已登场,糟谷武则,城主,直臣,丰臣家,三木城,无,已登场,糟谷武则,浪人,其他,无,金泽之町,无,
442,536,武将,泷川一益,瀧川一益,精确匹配,泷川一益,100,lord_1_takigawa,clan_takigawa_1,kinai,Takigawa Kazumasu,Takigawa Kazumasu,1525,1554,1586,火绳枪,80,81,54,81,72,3,2,4,0,2,3,2,3,2,1,1,3,2,2,1,2,枪炮乱射，钓瓶击，城门爆破，幻惑之术,强袭，连续斩，拔突，二连苦无，半月，急所击，二挺击，刚弓，石火，乱射，刚力，铁壁，丢钱,火枪名人,(泷川一胜),1316,,,前田庆次,全职种,90,90,普通,勇敢,普通,轻率,普通,67,南蛮物,普通,嗜酒如命,其他,已登场,泷川一益,浪人,其他,无,目加田之町,无,已登场,泷川一益,浪人,其他,无,清洲之町,无,已登场,泷川一益,侍大将,直臣,织田家,清洲城,无,已登场,泷川一益,城主,直臣,织田家,安浓津城,无,已登场,泷川一益,城主,直臣,织田家,长岛城,无,已登场,泷川一益,城主,直臣,织田家,长岛城,无,已登场,泷川一益,家老,直臣,羽柴家,石山本愿寺,无,已死亡,泷川一益,无效,无效,无,无效,无,已登场,泷川一益,足轻大将,直臣,一宫家,春日山城,无,一般条件,,
443,537,武将,泷川雄利,瀧川雄利,姓氏推断,,50,takigawa_osuri,clan_takigawa_1,kinai,Takigawa Kazumasu,,1543,1557,1610,刀剑,55,23,44,60,37,2,0,0,1,0,1,1,0,0,1,0,1,2,2,0,1,无,强袭,无,,,木造具政,306,木造具政,全职种,61,61,温和,胆小,现实,慎重,普通,19,书籍,普通,普通,其他,未登场,泷川雄利,足轻组头,陪臣（木造具政）,北畠家,大河内城,无,未登场,泷川雄利,浪人,其他,无,大凑之町,无,已登场,泷川雄利,足轻组头,陪臣（木造具政）,北畠家,大河内城,无,已登场,泷川雄利,足轻组头,陪臣（木造具政）,北畠家,大河内城,无,已登场,泷川雄利,足轻组头,陪臣（织田信雄）,织田家,大河内城,无,已登场,泷川雄利,足轻组头,陪臣（织田信雄）,织田家,安浓津城,无,已登场,泷川雄利,部将,直臣,织田家,长岛城,无,已登场,泷川雄利,侍大将,直臣,丰臣家,大坂城,无,已登场,泷川雄利,浪人,其他,无,龟山之町,无,无要求,,
224,271,片桐且元,片桐,需新建,lord_1_katagirikatsumoto,Kyogoku Takayoshi,,,,,1556,1570,1615,病死,,,,,,只限武将,11,90,温和,胆小,普通,慎重,不重情义,32,书籍,无欲,普通,源氏,枪,45,68,67,64,32,2,1,1,0,0,2,1,0,1,1,1,0,2,2,1,1,无,强袭，拔突，铁壁,无,一般条件,,,未登场,片桐且元,浪人,其他,无,井之口之町,无,未登场,片桐且元,足轻组头,直臣,织田家,清洲城,无,未登场,片桐且元,足轻组头,直臣,织田家,清洲城,无,未登场,片桐且元,足轻组头,直臣,织田家,岐阜城,无,已登场,片桐且元,足轻组头,直臣,织田家,岐阜城,无,已登场,片桐且元,足轻组头,陪臣（羽柴秀吉）,织田家,姬路城,无,已登场,片桐且元,足轻组头,直臣,羽柴家,石山本愿寺,无,已登场,片桐且元,家老,直臣,丰臣家,大坂城,无,已登场,片桐且元,浪人,其他,无,赤间关之町,无,
225,272,片仓景纲,片仓,精确匹配,lord_1_katakura_4,Katakura Kagetsuna,clan_katakura_1,ou,精确匹配织丰,,1557,1571,1615,病死,,,,,片仓重长,只限武将,62,62,普通,勇敢,普通,慎重,普通,40,武具,无欲,普通,藤原氏,刀剑,80,69,72,77,81,2,2,2,0,0,3,1,0,1,2,1,1,0,1,0,0,骑射突击,强袭，连续斩，八神太刀，拔突，刚力，金刚力，铁壁，气声，大喝,无,一般条件,,,未登场,片仓景纲,足轻组头,直臣,伊达家,米泽城,新当流,未登场,片仓景纲,足轻组头,直臣,伊达家,米泽城,新当流,未登场,片仓景纲,足轻组头,直臣,伊达家,米泽城,新当流,未登场,片仓景纲,足轻组头,直臣,伊达家,米泽城,新当流,已登场,片仓景纲,足轻组头,直臣,伊达家,米泽城,新当流,已登场,片仓景纲,足轻组头,直臣,伊达家,米泽城,新当流,已登场,片仓景纲,侍大将,直臣,伊达家,米泽城,新当流,已登场,片仓景纲,部将,直臣,伊达家,仙台城,新当流,已登场,片仓景纲,浪人,其他,无,今治之町,新当流,
226,415,佐甲藤太郎,佐甲,需新建,lord_1_sakoufujitarou,Kirigakure Saizo,,,,,1554,1568,1659,病死,,,,,,武将以外优先,35,35,普通,普通,现实,普通,普通,45,艺术品,普通,普通,其他,枪,13,41,50,58,49,0,0,1,2,0,0,0,0,2,2,3,3,0,2,1,0,无,拔突，丢钱,无,无要求,,,未登场,佐甲藤太郎,掌柜,直臣,下关屋,赤间关之町,无,未登场,佐甲藤太郎,掌柜,直臣,下关屋,赤间关之町,无,未登场,佐甲藤太郎,掌柜,直臣,下关屋,赤间关之町,无,已登场,佐甲藤太郎,掌柜,直臣,下关屋,赤间关之町,无,已登场,佐甲藤太郎,当家,首领,下关屋,赤间关之町,无,已登场,佐甲藤太郎,当家,首领,下关屋,赤间关之町,无,已登场,佐甲藤太郎,当家,首领,下关屋,赤间关之町,无,已登场,佐甲藤太郎,当家,首领,下关屋,赤间关之町,无,已登场,佐甲藤太郎,浪人,其他,无,小滨之町,无,
447,542,武将,武田胜赖,武田勝賴,精确匹配,武田胜赖,100,lord_1_takeda_4,clan_takeda_1,tosan,Takeda Katsuyori,Takeda Katsuyori,1546,1560,1582,刀剑,79,85,51,61,37,2,3,2,0,1,3,3,0,1,1,2,1,1,1,1,0,影武者,强袭，连续斩，拔突，刚力，铁壁,无,武田信玄,449,武田信虎,801,一条信龙 武田逍遥轩 武田信玄 武田信繁 武田信丰 武田义信 仁科盛信 武田信虎,只限武将,70,70,性急,勇敢,普通,轻率,普通,79,武具,普通,普通,源氏,未登场,武田胜赖,家老,直臣,武田家,踯躅崎馆,无,未登场,武田胜赖,部将,陪臣（武田信玄）,武田家,踯躅崎馆,无,已登场,武田胜赖,部将,直臣,武田家,踯躅崎馆,无,已登场,武田胜赖,家老,直臣,武田家,踯躅崎馆,无,已登场,武田胜赖,大名,首领,武田家,踯躅崎馆,无,已登场,武田胜赖,大名,首领,武田家,甲府城,无,已死亡,武田胜赖,无效,无效,无,无效,无,已死亡,武田胜赖,无效,无效,无,无效,无,已登场,武田胜赖,浪人,其他,无,浦户之町,无,一般条件,,"主角德川家康，长筱之战胜利
主角织田信长，天目山之战胜利"
448,543,武将,武田逍遥轩,武田逍遙軒,姓氏推断,,44,takeda_shouyou,clan_takeda_1,tosan,Takeda Nobutora,,1528,1554,1582,刀剑,61,44,74,68,75,2,1,0,0,0,0,2,0,0,1,2,1,3,1,1,0,无,强袭,无,武田信虎,801,,,一条信龙 武田胜赖 武田信玄 武田信繁 武田信丰 仁科盛信 武田信虎,只限武将,62,62,温和,普通,普通,普通,重视情义,35,艺术品,无欲,普通,源氏,已登场,武田信廉,家老,直臣,武田家,踯躅崎馆,无,已登场,武田信廉,城主,直臣,武田家,高远城,无,已登场,武田信廉,城主,直臣,武田家,高远城,无,已登场,武田信廉,城主,直臣,武田家,高远城,无,已登场,武田逍遥轩,家老,直臣,武田家,踯躅崎馆,无,已登场,武田逍遥轩,家老,直臣,武田家,甲府城,无,已死亡,武田逍遥轩,无效,无效,无,无效,无,已死亡,武田逍遥轩,无效,无效,无,无效,无,已登场,武田逍遥轩,浪人,其他,无,岐阜之町,无,一般条件,,
449,544,武将,武田信玄,武田信玄,精确匹配,武田信玄,100,lord_1_takeda,clan_takeda_1,tosan,Takeda Shingen,Takeda Shingen,1521,1554,1573,刀剑,99,85,93,99,92,4,4,3,0,4,3,4,3,3,4,4,3,2,3,1,3,齐攻，城门爆破，土龙攻，风林火山，影武者，鬼谋，威吓,强袭，连续斩，拔突，二连苦无，半月，急所击，刚弓，刚力，铁壁，伤药，丢钱,军师,武田信虎,801,,,一条信龙 武田胜赖 武田逍遥轩 武田信繁 武田信丰 武田义信 仁科盛信 武田信虎,只限武将,62,62,普通,勇敢,普通,普通,不重情义,97,武具,贪心,普通,源氏,已登场,武田晴信,大名,首领,武田家,踯躅崎馆,无,已登场,武田信玄,大名,首领,武田家,踯躅崎馆,无,已登场,武田信玄,大名,首领,武田家,踯躅崎馆,无,已登场,武田信玄,大名,首领,武田家,踯躅崎馆,无,已死亡,武田信玄,无效,无效,无,无效,无,已死亡,武田信玄,无效,无效,无,无效,无,已死亡,武田信玄,无效,无效,无,无效,无,已死亡,武田信玄,无效,无效,无,无效,无,已登场,武田信玄,浪人,其他,无,会津之町,无,一般条件,武田四名臣 山县昌景/马场信春/高坂昌信/内藤昌丰,主角德川家康，三方原之战胜利
450,545,武将,武田信繁,武田信繁,姓氏推断,,75,takeda_nobushige,clan_takeda_1,tosan,Takeda Nobushige,,1525,1554,1561,刀剑,84,81,77,75,85,2,3,2,0,3,3,3,0,1,2,2,1,3,3,1,2,影武者,强袭，连续斩，拔突，刚弓，刚力，铁壁,无,武田信虎,801,,,一条信龙 武田胜赖 武田逍遥轩 武田信玄 武田信丰 仁科盛信 武田信虎,只限武将,62,62,温和,勇敢,普通,轻率,重视情义,42,武具,无欲,普通,源氏,已登场,武田信繁,家老,直臣,武田家,踯躅崎馆,无,已登场,武田信繁,家老,直臣,武田家,踯躅崎馆,无,已登场,武田信繁,家老,直臣,武田家,踯躅崎馆,无,已死亡,武田信繁,无效,无效,无,无效,无,已死亡,武田信繁,无效,无效,无,无效,无,已死亡,武田信繁,无效,无效,无,无效,无,已死亡,武田信繁,无效,无效,无,无效,无,已死亡,武田信繁,无效,无效,无,无效,无,已登场,武田信繁,浪人,其他,无,宇须岸之町,无,不可,,主角武田信玄，川中岛之战败北
451,546,武将,武田信丰,武田信豐,姓氏推断,,75,takeda_shin,clan_takeda_1,tosan,Takeda Nobumasa,,1548,1562,1582,刀剑,39,25,71,70,75,1,2,0,0,1,1,1,0,0,2,2,2,2,1,1,1,无,强袭,无,武田信繁,450,武田信虎,801,一条信龙 武田胜赖 武田逍遥轩 武田信玄 武田信繁 仁科盛信 武田信虎,只限武将,64,64,普通,普通,普通,慎重,重视情义,54,艺术品,无欲,普通,源氏,未登场,武田信丰,侍大将,陪臣（武田信繁）,武田家,踯躅崎馆,无,未登场,武田信丰,部将,陪臣（武田信繁）,武田家,小诸城,无,已登场,武田信丰,足轻组头,陪臣（武田信繁）,武田家,踯躅崎馆,无,已登场,武田信丰,城主,直臣,武田家,小诸城,无,已登场,武田信丰,城主,直臣,武田家,小诸城,无,已登场,武田信丰,城主,直臣,武田家,小诸城,无,已死亡,武田信丰,无效,无效,无,无效,无,已死亡,武田信丰,无效,无效,无,无效,无,已登场,武田信丰,浪人,其他,无,堺之町,无,无要求,,
452,548,武将,武田元明,武田元明,姓氏推断,,50,takeda_motoaki,clan_takeda_1,tosan,Takeda Motoaki,,1552,1566,1582,刀剑,14,9,17,36,44,0,0,0,1,0,0,0,0,0,0,0,0,1,1,0,0,无,强袭,无,,,,,,只限武将,0,50,性急,胆小,理想,普通,普通,55,艺术品,贪心,滴酒不沾,源氏,未登场,武田元明,浪人,其他,无,小滨之町,无,未登场,武田元明,浪人,其他,无,小滨之町,无,未登场,武田元明,浪人,其他,无,小滨之町,无,已登场,武田元明,浪人,其他,无,小滨之町,无,已登场,武田元明,浪人,其他,无,小滨之町,无,已登场,武田元明,侍大将,陪臣（明智光秀）,织田家,丹波龟山城,无,已死亡,武田元明,无效,无效,无,无效,无,已死亡,武田元明,无效,无效,无,无效,无,已登场,武田元明,浪人,其他,无,尾道之町,无,无要求,,
453,549,武将,武田义信,武田義信,姓氏推断,,75,takeda,clan_takeda_1,tosan,Takeda Yoshinobu,,1538,1554,1567,刀剑,75,65,66,56,60,2,2,1,0,2,1,2,0,1,0,0,0,2,0,1,1,无,强袭，刚弓,无,武田信玄,449,,,武田胜赖 武田信玄 仁科盛信,只限武将,62,32,普通,普通,理想,慎重,不重情义,65,艺术品,普通,普通,源氏,未登场,武田义信,家老,直臣,武田家,踯躅崎馆,无,已登场,武田义信,家老,直臣,武田家,踯躅崎馆,无,已登场,武田义信,家老,直臣,武田家,踯躅崎馆,无,已死亡,武田义信,无效,无效,无,无效,无,已死亡,武田义信,无效,无效,无,无效,无,已死亡,武田义信,无效,无效,无,无效,无,已死亡,武田义信,无效,无效,无,无效,无,已死亡,武田义信,无效,无效,无,无效,无,已登场,武田义信,浪人,其他,无,敦贺之町,无,一般条件,战国三弹正 真田幸隆/高坂昌信/保科正俊,
227,274,坚田元庆,坚田,需新建,lord_1_moto,Kondou Mototsuna,,,,,1568,1582,1622,病死,,,,,,只限武将,36,36,温和,勇敢,普通,普通,重视情义,23,艺术品,普通,普通,藤原氏,刀剑,42,24,59,53,36,1,1,1,0,0,0,0,0,1,1,0,1,1,1,1,1,无,强袭,无,无要求,,,未登场,坚田元庆,足轻组头,直臣,毛利家,吉田郡山城,无,未登场,坚田元庆,足轻组头,直臣,毛利家,吉田郡山城,无,未登场,坚田元庆,足轻组头,直臣,毛利家,吉田郡山城,无,未登场,坚田元庆,足轻组头,直臣,毛利家,吉田郡山城,无,未登场,坚田元庆,足轻组头,直臣,毛利家,吉田郡山城,无,已登场,坚田元庆,足轻组头,直臣,毛利家,吉田郡山城,无,已登场,坚田元庆,足轻组头,直臣,毛利家,吉田郡山城,无,已登场,坚田元庆,城主,直臣,毛利家,三原城,无,已登场,坚田元庆,浪人,其他,无,厩桥之町,无,
228,275,桂元澄,桂,需新建,lord_1_katsuramotosumi,Katsura Yoshizumi,,,,,1508,1554,1569,病死,,,,,,只限武将,36,36,性急,勇敢,普通,慎重,重视情义,32,武具,无欲,普通,其他,刀剑,41,42,55,61,44,0,1,1,0,0,1,0,0,0,0,0,0,0,0,0,0,无,强袭,无,无要求,,,已登场,桂元澄,部将,直臣,毛利家,吉田郡山城,无,已登场,桂元澄,部将,直臣,毛利家,吉田郡山城,无,已登场,桂元澄,部将,直臣,毛利家,吉田郡山城,无,已登场,桂元澄,部将,直臣,毛利家,吉田郡山城,无,已死亡,桂元澄,无效,无效,无,无效,无,已死亡,桂元澄,无效,无效,无,无效,无,已死亡,桂元澄,无效,无效,无,无效,无,已死亡,桂元澄,无效,无效,无,无效,无,已登场,桂元澄,浪人,其他,无,甲府之町,无,主角丰臣秀吉，剧情拉拢竹中半兵卫
229,276,葛山氏元,葛山,需新建,lord_1_katsurayamashimoto,Kazayama Moto,,,,,1524,1554,1568,病死,,,,,,全职种,48,48,普通,胆小,普通,慎重,不重情义,61,书籍,普通,滴酒不沾,藤原氏,刀剑,35,39,58,45,49,0,0,0,0,1,0,0,0,1,2,0,2,1,1,0,0,无,强袭,无,无要求,,,已登场,葛山氏元,部将,直臣,今川家,骏府城,无,已登场,葛山氏元,侍大将,直臣,今川家,骏府城,无,已登场,葛山氏元,家老,直臣,今川家,骏府城,无,已死亡,葛山氏元,无效,无效,无,无效,无,已死亡,葛山氏元,无效,无效,无,无效,无,已死亡,葛山氏元,无效,无效,无,无效,无,已死亡,葛山氏元,无效,无效,无,无效,无,已死亡,葛山氏元,无效,无效,无,无效,无,已登场,葛山氏元,浪人,其他,无,轮岛之町,无,
230,277,加藤清正,加藤,需新建,lord_1_katoukiyomasa,Katou Kiyomasa,,,,,1562,1576,1611,病死,,,,,,只限武将,10,7,性急,勇敢,现实,慎重,不重情义,85,武具,贪心,嗜酒如命,藤原氏,枪,80,87,60,57,79,4,3,3,2,2,3,2,1,4,0,2,0,0,1,1,0,强行突破，紧急修补,强袭，连续斩，拔突，粘花，急所击，刚弓，卷枪，引落，柄返，刚力，铁壁,枪术能手,一般条件,,,未登场,加藤清正,浪人,其他,无,清洲之町,无,未登场,加藤清正,浪人,其他,无,清洲之町,无,未登场,加藤清正,足轻组头,直臣,织田家,清洲城,无,未登场,加藤清正,足轻组头,直臣,织田家,岐阜城,无,未登场,加藤清正,足轻组头,陪臣（羽柴秀吉）,织田家,长滨城,无,已登场,加藤清正,足轻组头,陪臣（羽柴秀吉）,织田家,姬路城,无,已登场,加藤清正,足轻大将,直臣,羽柴家,石山本愿寺,无,已登场,加藤清正,大名,首领,加藤家,熊本城,无,已登场,加藤清正,浪人,其他,无,严岛之町,无,
231,278,加藤段藏,加藤,需新建,lord_1_katoudankura,Katou Dankurou,,,,,1533,1554,1572,战死,,,,,,武将以外优先,40,40,普通,普通,理想,轻率,不重情义,83,艺术品,贪心,嗜酒如命,藤原氏,苦无,65,79,13,78,21,2,0,2,1,2,2,1,4,0,0,0,2,0,0,0,0,鬼脚之术，鬼谋，幻惑之术，雷爆之术,强袭，拔突，二连苦无，半月，刚弓，猛毒苦无，十字投，乱苦无，叠返之术，铁壁,苦无名人,一般条件,,,已登场,加藤段藏,中忍,直臣,轩猿众,轩猿之里,无,已登场,加藤段藏,中忍,直臣,轩猿众,轩猿之里,无,已登场,加藤段藏,中忍,直臣,轩猿众,轩猿之里,无,已登场,加藤段藏,中忍,直臣,透波众,透波之里,无,已死亡,加藤段藏,无效,无效,无,无效,无,已死亡,加藤段藏,无效,无效,无,无效,无,已死亡,加藤段藏,无效,无效,无,无效,无,已死亡,加藤段藏,无效,无效,无,无效,无,已登场,加藤段藏,浪人,其他,无,奈良之町,无,
459,556,武将,立原久纲,立原久綱,精确匹配,立原久纲,100,lord_1_tatsuhara,clan_tatsuhara_1,sanyo,Tachihara Hisatsuna,Tachihara Hisatsuna,1531,1554,1613,刀剑,43,45,55,61,52,1,0,1,0,0,0,0,0,2,1,1,1,3,1,0,0,无,强袭,无,,,,,,没那个意思,15,15,温和,普通,普通,慎重,重视情义,54,书籍,无欲,普通,源氏,已登场,立原久纲,家老,直臣,尼子家,月山富田城,无,已登场,立原久纲,侍大将,直臣,尼子家,月山富田城,无,已登场,立原久纲,部将,直臣,尼子家,月山富田城,无,已登场,立原久纲,浪人,其他,无,松江之町,无,已登场,立原久纲,浪人,其他,无,松江之町,无,已登场,立原久纲,浪人,其他,无,松江之町,无,已登场,立原久纲,浪人,其他,无,松江之町,无,已登场,立原久纲,部将,直臣,蜂须贺家,德岛城,无,已登场,立原久纲,浪人,其他,无,仙台之町,无,无要求,,
460,557,武将,楯冈满茂,楯岡滿茂,精确匹配,楯冈满茂,100,lord_1_tateoka_2,clan_tateoka_1,ou,Tateoka Mitsushige,Tateoka Mitsushige,1547,1561,1623,刀剑,57,48,39,47,41,1,1,0,0,0,1,1,0,0,0,0,1,0,0,0,0,无,强袭,无,,,,,,全职种,0,0,普通,勇敢,普通,普通,普通,51,艺术品,普通,普通,源氏,未登场,楯冈满茂,侍大将,直臣,最上家,山形城,无,未登场,楯冈满茂,部将,直臣,最上家,山形城,无,已登场,楯冈满茂,部将,直臣,最上家,山形城,无,已登场,楯冈满茂,部将,直臣,最上家,山形城,无,已登场,楯冈满茂,部将,直臣,最上家,山形城,无,已登场,楯冈满茂,部将,直臣,最上家,山形城,无,已登场,楯冈满茂,部将,直臣,最上家,山形城,无,已登场,楯冈满茂,家老,直臣,最上家,山形城,无,已登场,楯冈满茂,浪人,其他,无,冈崎之町,无,无要求,,
461,559,武将,伊达实元,伊達實際引數,精确匹配,伊达实元,100,lord_1_date_7,clan_date_1,ou,Date Sanemoto,Date Sanemoto,1527,1554,1587,刀剑,56,47,58,60,63,2,1,0,0,0,1,2,0,1,1,1,1,1,1,0,0,无,强袭,无,伊达稙宗,463,,,石川昭光 伊达成实 伊达稙宗 伊达辉宗 伊达晴宗 留守政景 亘理元宗,只限武将,62,62,普通,勇敢,普通,普通,普通,22,书籍,普通,普通,藤原氏,已登场,伊达实元,家老,直臣,伊达家,米泽城,无,已登场,伊达实元,家老,直臣,伊达家,米泽城,无,已登场,伊达实元,家老,直臣,伊达家,米泽城,无,已登场,伊达实元,家老,直臣,伊达家,米泽城,无,已登场,伊达实元,家老,直臣,伊达家,米泽城,无,已登场,伊达实元,家老,直臣,伊达家,米泽城,无,已登场,伊达实元,家老,直臣,伊达家,米泽城,无,已死亡,伊达实元,无效,无效,无,无效,无,已登场,伊达实元,浪人,其他,无,安土之町,无,无要求,,
462,560,武将,伊达成实,伊達成實,精确匹配,伊达成实,100,lord_1_date_9,clan_date_1,ou,Date Shigezane,Date Shigezane,1568,1582,1646,刀剑,71,75,55,54,77,3,2,1,0,2,2,2,1,1,1,1,1,2,1,1,1,骑射突击,强袭，拔突，刚弓，铁壁,无,伊达实元,461,伊达稙宗,463,石川昭光 伊达实元 伊达稙宗 伊达辉宗 伊达晴宗 留守政景 亘理元宗,只限武将,62,62,普通,勇敢,理想,轻率,重视情义,61,武具,普通,普通,藤原氏,未登场,伊达成实,足轻组头,陪臣（伊达实元）,伊达家,米泽城,无,未登场,伊达成实,足轻组头,陪臣（伊达实元）,伊达家,米泽城,无,未登场,伊达成实,足轻组头,陪臣（伊达实元）,伊达家,米泽城,无,未登场,伊达成实,足轻组头,陪臣（伊达实元）,伊达家,米泽城,无,未登场,伊达成实,足轻组头,陪臣（伊达实元）,伊达家,米泽城,无,已登场,伊达成实,足轻组头,陪臣（伊达实元）,伊达家,米泽城,无,已登场,伊达成实,部将,陪臣（伊达实元）,伊达家,米泽城,无,已登场,伊达成实,家老,直臣,伊达家,仙台城,无,已登场,伊达成实,浪人,其他,无,足利之町,无,一般条件,,
463,561,武将,伊达稙宗,伊達稙宗,精确匹配,伊达稙宗,100,dead_lord_1_date_4,clan_date_1,ou,Date Tanemune,Date Tanemune,1488,1554,1565,刀剑,79,76,90,91,46,2,2,2,0,1,2,3,2,3,3,2,3,3,4,0,2,激励,强袭，拔突，二连苦无，铁壁，丢钱,无,,,,,石川昭光 伊达实元 伊达成实 伊达辉宗 伊达晴宗 留守政景 亘理元宗,没那个意思,80,80,普通,勇敢,现实,普通,不重情义,93,武具,贪心,普通,藤原氏,已登场,伊达稙宗,浪人,其他,无,仙台之町,无,已登场,伊达稙宗,家老,直臣,伊达家,米泽城,无,已登场,伊达稙宗,浪人,其他,无,仙台之町,无,已死亡,伊达稙宗,无效,无效,无,无效,无,已死亡,伊达稙宗,无效,无效,无,无效,无,已死亡,伊达稙宗,无效,无效,无,无效,无,已死亡,伊达稙宗,无效,无效,无,无效,无,已死亡,伊达稙宗,无效,无效,无,无效,无,已登场,伊达稙宗,浪人,其他,无,厩桥之町,无,一般条件,,
464,562,武将,伊达辉宗,伊達輝宗,精确匹配,伊达辉宗,100,lord_1_date,clan_date_1,ou,Date Terumune,Date Terumune,1544,1558,1585,刀剑,69,48,73,52,65,2,2,1,0,1,1,2,1,1,2,1,1,1,1,1,1,无,强袭,无,伊达晴宗,465,伊达稙宗,463,石川昭光 伊达实元 伊达成实 伊达稙宗 伊达晴宗 伊达政宗 留守政景 亘理元宗 伊达小次郎,没那个意思,62,62,温和,胆小,普通,普通,不重情义,48,艺术品,普通,普通,藤原氏,未登场,伊达辉宗,家老,直臣,伊达家,米泽城,无,未登场,伊达辉宗,部将,陪臣（伊达晴宗）,伊达家,米泽城,无,已登场,伊达辉宗,家老,直臣,伊达家,米泽城,无,已登场,伊达辉宗,大名,首领,伊达家,米泽城,无,已登场,伊达辉宗,大名,首领,伊达家,米泽城,无,已登场,伊达辉宗,大名,首领,伊达家,米泽城,无,已登场,伊达辉宗,家老,直臣,伊达家,米泽城,无,已死亡,伊达辉宗,无效,无效,无,无效,无,已登场,伊达辉宗,浪人,其他,无,甲府之町,无,一般条件,,
465,563,武将,伊达晴宗,伊達晴宗,精确匹配,伊达晴宗,100,lord_1_date_2,clan_date_1,ou,Date Harumune,Date Harumune,1519,1554,1577,刀剑,76,56,81,80,79,2,3,1,0,2,1,3,1,2,1,2,2,1,2,1,2,无,强袭，刚弓,无,伊达稙宗,463,,,石川昭光 伊达实元 伊达成实 伊达稙宗 伊达辉宗 伊达政宗 留守政景 亘理元宗 伊达小次郎,只限武将,48,48,性急,勇敢,普通,普通,不重情义,84,艺术品,贪心,普通,藤原氏,已登场,伊达晴宗,大名,首领,伊达家,米泽城,无,已登场,伊达晴宗,大名,首领,伊达家,米泽城,无,已登场,伊达晴宗,大名,首领,伊达家,米泽城,无,已登场,伊达晴宗,浪人,其他,无,仙台之町,无,已登场,伊达晴宗,家老,直臣,伊达家,米泽城,无,已死亡,伊达晴宗,无效,无效,无,无效,无,已死亡,伊达晴宗,无效,无效,无,无效,无,已死亡,伊达晴宗,无效,无效,无,无效,无,已登场,伊达晴宗,浪人,其他,无,木更津之町,无,一般条件,,
466,564,武将,伊达政宗,伊達政宗,精确匹配,伊达政宗,100,lord_1_date_6,clan_date_1,ou,Date Masamune,Date Masamune,1567,1577,1636,刀剑,93,79,94,92,96,3,4,4,2,3,3,3,2,3,4,3,3,2,3,2,3,齐攻，狙击，钓瓶击，骑射突击，土龙攻，影武者,强袭，连续斩，拔突，二连苦无，急所击，刚弓，刚力，铁壁，伤药，丢钱,策士,伊达辉宗,464,伊达晴宗,465,石川昭光 伊达辉宗 伊达晴宗 留守政景 伊达小次郎,只限武将,62,62,性急,勇敢,现实,慎重,不重情义,90,南蛮物,贪心,普通,藤原氏,未登场,伊达政宗,部将,陪臣（伊达辉宗）,伊达家,米泽城,无,未登场,伊达政宗,部将,陪臣（伊达辉宗）,伊达家,米泽城,无,未登场,伊达政宗,足轻组头,陪臣（伊达辉宗）,伊达家,米泽城,无,未登场,伊达政宗,部将,陪臣（伊达辉宗）,伊达家,米泽城,无,未登场,伊达政宗,部将,陪臣（伊达辉宗）,伊达家,米泽城,无,已登场,伊达政宗,家老,直臣,伊达家,米泽城,无,已登场,伊达政宗,大名,首领,伊达家,米泽城,无,已登场,伊达政宗,大名,首领,伊达家,仙台城,无,已登场,伊达政宗,浪人,其他,无,岐阜之町,无,一般条件,伊达三杰 片仓景纲/伊达成实/鬼庭纲元,
232,279,加藤光泰,加藤,需新建,lord_1_katoumitsuyasu,Katou Mitsuyasu,,,,,1537,1554,1593,病死,,,,,,全职种,20,20,普通,普通,普通,普通,普通,50,艺术品,无欲,普通,藤原氏,枪,52,54,51,49,34,0,1,1,0,0,0,0,0,0,1,0,1,0,0,1,1,无,拔突,无,无要求,,,未登场,加藤光泰,浪人,其他,无,井之口之町,无,已登场,加藤光泰,足轻组头,直臣,斋藤家,稻叶山城,无,已登场,加藤光泰,足轻组头,直臣,斋藤家,稻叶山城,无,已登场,加藤光泰,足轻组头,直臣,织田家,岐阜城,无,已登场,加藤光泰,足轻组头,直臣,织田家,岐阜城,无,已登场,加藤光泰,足轻大将,陪臣（羽柴秀吉）,织田家,姬路城,无,已登场,加藤光泰,部将,直臣,羽柴家,石山本愿寺,无,已死亡,加藤光泰,无效,无效,无,无效,无,已登场,加藤光泰,浪人,其他,无,鹿岛之町,无,
233,280,加藤嘉明,加藤,需新建,lord_1_katouyoshiaki,Katou Yoshiaki,,,,,1563,1577,1631,病死,,,,,,全职种,18,18,普通,普通,普通,轻率,普通,43,艺术品,无欲,普通,藤原氏,枪,68,78,53,56,69,2,2,2,3,2,3,2,0,2,0,0,0,1,0,0,0,进水,强袭，连续斩，拔突，粘花，刚弓，卷枪，引落，柄返，刚力，铁壁,无,一般条件,,,未登场,加藤嘉明,浪人,其他,无,井之口之町,无,未登场,加藤嘉明,足轻组头,直臣,织田家,清洲城,无,未登场,加藤嘉明,足轻组头,直臣,织田家,清洲城,无,未登场,加藤嘉明,足轻组头,直臣,织田家,岐阜城,无,未登场,加藤嘉明,足轻组头,陪臣（羽柴秀吉）,织田家,长滨城,无,已登场,加藤嘉明,足轻组头,陪臣（羽柴秀吉）,织田家,姬路城,无,已登场,加藤嘉明,侍大将,直臣,羽柴家,石山本愿寺,无,已登场,加藤嘉明,大名,首领,加藤家,汤筑城,无,已登场,加藤嘉明,浪人,其他,无,出石之町,无,
234,282,金上盛备,金上,需新建,lord_1_kanagamijou,Kanakami Morinari,,,,,1527,1554,1589,战死,,,,,,只限武将,19,19,普通,普通,普通,轻率,普通,51,书籍,普通,普通,其他,刀剑,56,59,60,71,63,1,2,1,0,1,1,0,1,0,1,1,0,1,3,0,1,无,强袭,无,无要求,,,已登场,金上盛备,侍大将,直臣,芦名家,黑川城,无,已登场,金上盛备,侍大将,直臣,芦名家,黑川城,无,已登场,金上盛备,侍大将,直臣,芦名家,黑川城,无,已登场,金上盛备,侍大将,直臣,芦名家,黑川城,无,已登场,金上盛备,侍大将,直臣,芦名家,黑川城,无,已登场,金上盛备,侍大将,直臣,芦名家,黑川城,无,已登场,金上盛备,侍大将,直臣,芦名家,黑川城,无,已死亡,金上盛备,无效,无效,无,无效,无,已登场,金上盛备,侍大将,直臣,上泉家,内城,无,
470,568,武将,种子岛时尧,種子島時堯,精确匹配,种子岛时尧,100,lord_1_tanegashima,clan_tanegashima_1,saikai,Tanegashima Tokitaka,Tanegashima Tokitaka,1528,1554,1579,火绳枪,57,50,66,63,62,2,1,4,1,3,3,1,0,2,0,2,2,0,3,1,0,枪炮乱射,强袭，连续斩，拔突，急所击，二挺击，刚弓，石火，乱射，刚力，铁壁,火枪名人,,,,,种子岛久时,全职种,30,30,普通,普通,现实,慎重,普通,59,南蛮物,贪心,普通,平氏,已登场,种子岛时尧,侍大将,直臣,岛津家,内城,无,已登场,种子岛时尧,侍大将,直臣,岛津家,内城,无,已登场,种子岛时尧,侍大将,直臣,岛津家,内城,无,已登场,种子岛时尧,侍大将,直臣,岛津家,内城,无,已登场,种子岛时尧,侍大将,直臣,岛津家,内城,无,已死亡,种子岛时尧,无效,无效,无,无效,无,已死亡,种子岛时尧,无效,无效,无,无效,无,已死亡,种子岛时尧,无效,无效,无,无效,无,已登场,种子岛时尧,水夫头,直臣,村上水军,三岛之砦,无,无要求,,
471,569,武将,种子岛久时,種子島久時,精确匹配,种子岛久时,100,lord_1_tanegashima_2,clan_tanegashima_1,saikai,Tanegashima Hisatoki,Tanegashima Hisatoki,1568,1582,1611,火绳枪,61,45,58,59,54,1,1,4,1,2,3,0,0,0,0,2,2,0,2,1,1,枪炮乱射，钓瓶击,强袭，连续斩，拔突，急所击，二挺击，刚弓，石火，乱射，刚力，铁壁,火枪名人,种子岛时尧,470,,,种子岛时尧,全职种,30,30,普通,勇敢,普通,慎重,普通,65,南蛮物,贪心,普通,平氏,未登场,种子岛久时,足轻组头,陪臣（种子岛时尧）,岛津家,内城,无,未登场,种子岛久时,足轻组头,陪臣（种子岛时尧）,岛津家,内城,无,未登场,种子岛久时,足轻组头,陪臣（种子岛时尧）,岛津家,内城,无,未登场,种子岛久时,足轻组头,陪臣（种子岛时尧）,岛津家,内城,无,未登场,种子岛久时,足轻组头,陪臣（种子岛时尧）,岛津家,内城,无,已登场,种子岛久时,足轻组头,直臣,岛津家,内城,无,已登场,种子岛久时,足轻组头,直臣,岛津家,内城,无,已登场,种子岛久时,部将,直臣,岛津家,内城,无,已登场,种子岛久时,水夫头,直臣,村上水军,三岛之砦,无,无要求,,
472,570,武将,田村清显,田村清顯,精确匹配,田村清显,100,lord_1_tamura_2,clan_tamura_1,ou,Tamura Kiyoaki,Tamura Kiyoaki,1531,1554,1586,刀剑,64,52,51,47,53,2,2,0,0,0,0,2,0,1,1,0,0,0,0,0,0,无,强袭,无,,,,,,只限武将,46,46,普通,勇敢,普通,轻率,普通,50,武具,普通,普通,平氏,已登场,田村清显,家老,直臣,芦名家,黑川城,无,已登场,田村清显,家老,直臣,芦名家,黑川城,无,已登场,田村清显,家老,直臣,芦名家,黑川城,无,已登场,田村清显,家老,直臣,芦名家,黑川城,无,已登场,田村清显,家老,直臣,芦名家,黑川城,无,已登场,田村清显,家老,直臣,芦名家,黑川城,无,已登场,田村清显,家老,直臣,芦名家,黑川城,无,已死亡,田村清显,无效,无效,无,无效,无,已登场,田村清显,浪人,其他,无,柳川之町,无,无要求,,
235,284,金森长近,金森,需新建,lord_1_kanamori,Kanamori Nagachika,,,,,1524,1554,1608,病死,,,,,,全职种,20,20,温和,普通,现实,慎重,普通,56,艺术品,贪心,普通,源氏,刀剑,64,49,70,60,61,1,1,1,0,0,0,1,1,2,1,0,2,2,2,4,2,无,强袭,风雅之士,一般条件,,,已登场,金森长近,浪人,其他,无,井之口之町,无,已登场,金森长近,浪人,其他,无,井之口之町,无,已登场,金森长近,浪人,其他,无,井之口之町,无,已登场,金森长近,浪人,其他,无,岐阜之町,无,已登场,金森长近,足轻大将,直臣,织田家,岐阜城,无,已登场,金森长近,侍大将,直臣,织田家,安土城,无,已登场,金森长近,家老,直臣,羽柴家,石山本愿寺,无,已登场,金森长近,大名,首领,金森家,飞高山城,无,已登场,金森长近,浪人,其他,无,长滨之町,无,
236,286,可儿才藏,可儿,需新建,lord_1_kaninsaizou,Kani Saizou,,,,,1554,1568,1613,病死,,,,,,全职种,10,10,性急,勇敢,普通,轻率,不重情义,76,武具,无欲,嗜酒如命,其他,枪,35,82,9,38,65,3,1,1,0,3,4,0,1,0,0,0,0,0,1,0,0,无,强袭，连续斩，拔突，粘花，刚弓，卷枪，飞鸟，引落，当身，柄返，刚力，铁壁，辱骂，大喝,枪术名人,一般条件,,,未登场,可儿才藏,足轻组头,直臣,斋藤家,稻叶山城,宝藏院流,未登场,可儿才藏,足轻组头,直臣,织田家,清洲城,宝藏院流,未登场,可儿才藏,足轻组头,直臣,斋藤家,稻叶山城,宝藏院流,已登场,可儿才藏,足轻组头,直臣,织田家,岐阜城,宝藏院流,已登场,可儿才藏,足轻组头,直臣,织田家,岐阜城,宝藏院流,已登场,可儿才藏,足轻组头,直臣,织田家,安土城,宝藏院流,已登场,可儿才藏,足轻组头,陪臣（羽柴秀次）,羽柴家,石山本愿寺,宝藏院流,已登场,可儿才藏,侍大将,直臣,福岛家,清洲城,宝藏院流,已登场,可儿才藏,头领,首领,土佐水军,十市之砦,宝藏院流,
237,287,钟卷自斋,钟卷,需新建,lord_1_ji,Kanee Tsumura Jisai,,,,,1532,1554,1599,病死,,,,,,没那个意思,65,65,性急,胆小,普通,轻率,普通,44,艺术品,贪心,普通,其他,刀剑,18,86,24,19,32,1,0,0,0,0,4,0,3,0,0,0,0,1,0,0,2,无,强袭，连续斩，切落，绝妙剑，拔突，二连苦无，半月，金翅鸟王剑，当身，刚力，独妙剑，铁壁,剑豪,一般条件,,,已登场,钟卷自斋,师范,其他,无,金泽之町,钟卷流,已登场,钟卷自斋,师范,其他,无,金泽之町,钟卷流,已登场,钟卷自斋,师范,其他,无,金泽之町,钟卷流,已登场,钟卷自斋,师范,其他,无,金泽之町,钟卷流,已登场,钟卷自斋,师范,其他,无,金泽之町,钟卷流,已登场,钟卷自斋,师范,其他,无,金泽之町,钟卷流,已登场,钟卷自斋,师范,其他,无,金泽之町,钟卷流,已登场,钟卷自斋,师范,其他,无,金泽之町,钟卷流,已登场,钟卷自斋,师范,其他,无,金泽之町,钟卷流,
238,290,蒲池鉴盛,蒲池,精确匹配,lord_1_kamachi,Kamachi Akimori,clan_kamachi_1,saikai,精确匹配织丰,,1519,1554,1578,战死,,,,,,只限武将,70,70,温和,胆小,现实,慎重,普通,29,书籍,无欲,普通,藤原氏,刀剑,55,56,62,72,41,1,0,1,1,1,0,1,0,0,1,1,3,1,2,1,0,无,强袭，丢钱,无,无要求,,,已登场,蒲池鉴盛,城主,直臣,大友家,柳川城,无,已登场,蒲池鉴盛,城主,直臣,大友家,柳川城,无,已登场,蒲池鉴盛,城主,直臣,大友家,柳川城,无,已登场,蒲池鉴盛,城主,直臣,大友家,柳川城,无,已登场,蒲池鉴盛,城主,直臣,大友家,柳川城,无,已死亡,蒲池鉴盛,无效,无效,无,无效,无,已死亡,蒲池鉴盛,无效,无效,无,无效,无,已死亡,蒲池鉴盛,无效,无效,无,无效,无,已登场,蒲池鉴盛,水夫,直臣,五岛水军,江川之砦,无,
477,577,武将,千叶邦胤,千葉邦胤,精确匹配,千叶邦胤,100,lord_1_chiba_5,clan_chiba_1,kanto,Chiba Kunitane,Chiba Kunitane,1557,1571,1585,刀剑,34,36,39,51,34,1,1,1,0,0,0,0,1,0,1,0,1,0,1,0,0,无,强袭,无,千叶胤富,478,,,千叶胤富,全职种,80,80,普通,普通,普通,轻率,普通,51,书籍,贪心,普通,平氏,未登场,千叶邦胤,足轻组头,陪臣（千叶胤富）,北条家,佐仓城,无,未登场,千叶邦胤,足轻组头,陪臣（千叶胤富）,北条家,佐仓城,无,未登场,千叶邦胤,足轻组头,陪臣（千叶胤富）,北条家,佐仓城,无,未登场,千叶邦胤,足轻组头,陪臣（千叶胤富）,北条家,佐仓城,无,已登场,千叶邦胤,足轻组头,陪臣（千叶胤富）,北条家,佐仓城,无,已登场,千叶邦胤,城主,直臣,北条家,佐仓城,无,已登场,千叶邦胤,城主,直臣,北条家,佐仓城,无,已死亡,千叶邦胤,无效,无效,无,无效,无,已登场,千叶邦胤,部将,直臣,千家,海津城,无,无要求,,
478,578,武将,千叶胤富,千葉胤富,精确匹配,千叶胤富,100,lord_1_chiba,clan_chiba_1,kanto,Chiba Tanetomi,Chiba Tanetomi,1525,1554,1579,刀剑,59,44,56,57,55,2,2,1,0,0,0,2,1,0,0,1,0,1,0,1,1,无,强袭,无,,,,,千叶邦胤,只限武将,80,80,普通,勇敢,普通,轻率,普通,53,书籍,普通,普通,平氏,已登场,千叶胤富,城主,直臣,北条家,佐仓城,无,已登场,千叶胤富,城主,直臣,北条家,佐仓城,无,已登场,千叶胤富,城主,直臣,北条家,佐仓城,无,已登场,千叶胤富,城主,直臣,北条家,佐仓城,无,已登场,千叶胤富,城主,直臣,北条家,佐仓城,无,已死亡,千叶胤富,无效,无效,无,无效,无,已死亡,千叶胤富,无效,无效,无,无效,无,已死亡,千叶胤富,无效,无效,无,无效,无,已登场,千叶胤富,部将,直臣,千家,海津城,无,无要求,,
239,295,龟井兹矩,龟井,需新建,lord_1_unknown_hero,Kamei Korenori,,,,,1557,1571,1612,病死,,,,,,全职种,5,5,普通,普通,现实,普通,普通,65,南蛮物,贪心,普通,源氏,刀剑,63,35,83,72,47,2,0,2,2,0,1,1,1,0,4,3,1,1,3,1,1,土龙攻，紧急修补,强袭,无,一般条件,,,未登场,龟井兹矩,足轻组头,直臣,尼子家,月山富田城,无,未登场,龟井兹矩,浪人,其他,无,松江之町,无,未登场,龟井兹矩,足轻组头,直臣,尼子家,月山富田城,无,未登场,龟井兹矩,浪人,其他,无,松江之町,无,已登场,龟井兹矩,浪人,其他,无,松江之町,无,已登场,龟井兹矩,浪人,其他,无,松江之町,无,已登场,龟井兹矩,城主,直臣,羽柴家,羽衣石城,无,已登场,龟井兹矩,大名,首领,龟井家,羽衣石城,无,已登场,龟井兹矩,头目,首领,山潜众,山潜之里,无,
240,296,蒲生氏乡,蒲生,精确匹配,lord_1_gamou_2,Gamou Ujisato,clan_gamou_1,kinai,精确匹配织丰,,1556,1570,1595,病死,蒲生贤秀,241,蒲生定秀,242,蒲生贤秀 蒲生定秀 蒲生秀行,全职种,24,24,普通,普通,普通,慎重,普通,69,艺术品,普通,普通,藤原氏,弓,77,72,90,82,88,2,2,2,1,3,1,2,0,3,4,2,4,3,4,4,1,土龙攻，激励，加护,刚弓，神弓，心眼，丢钱，贿赂,风雅之士,一般条件,,,未登场,蒲生赋秀,足轻组头,陪臣（蒲生定秀）,六角家,日野城,无,未登场,蒲生赋秀,足轻组头,陪臣（蒲生贤秀）,六角家,日野城,无,未登场,蒲生赋秀,足轻组头,陪臣（蒲生定秀）,六角家,日野城,无,未登场,蒲生赋秀,足轻组头,陪臣（蒲生定秀）,织田家,日野城,无,已登场,蒲生赋秀,足轻组头,陪臣（蒲生定秀）,织田家,日野城,无,已登场,蒲生氏乡,足轻大将,陪臣（蒲生贤秀）,织田家,日野城,无,已登场,蒲生氏乡,城主,直臣,羽柴家,日野城,无,已死亡,蒲生氏乡,无效,无效,无,无效,无,已登场,蒲生氏乡,浪人,其他,无,大凑之町,无,
241,297,蒲生贤秀,蒲生,精确匹配,lord_1_gamou,Gamou Katahide,clan_gamou_1,kinai,精确匹配织丰,,1534,1554,1584,病死,蒲生定秀,242,,,蒲生氏乡 蒲生定秀 蒲生秀行,只限武将,24,24,温和,普通,现实,慎重,普通,42,艺术品,无欲,滴酒不沾,藤原氏,弓,58,46,64,66,58,0,1,0,0,2,0,1,0,1,0,0,0,1,2,1,0,无,刚弓,无,无要求,,,已登场,蒲生贤秀,侍大将,陪臣（蒲生定秀）,六角家,日野城,无,已登场,蒲生贤秀,侍大将,陪臣（蒲生定秀）,六角家,日野城,无,已登场,蒲生贤秀,侍大将,陪臣（蒲生定秀）,六角家,日野城,无,已登场,蒲生贤秀,侍大将,陪臣（蒲生定秀）,织田家,日野城,无,已登场,蒲生贤秀,侍大将,陪臣（蒲生定秀）,织田家,日野城,无,已登场,蒲生贤秀,城主,直臣,织田家,日野城,无,已登场,蒲生贤秀,部将,陪臣（蒲生氏乡）,羽柴家,日野城,无,已死亡,蒲生贤秀,无效,无效,无,无效,无,已登场,蒲生贤秀,浪人,其他,无,大凑之町,无,
482,582,武将,长宗我部信亲,長宗我部信親,精确匹配,长宗我部信亲,100,lord_1_chosokabe_2,clan_chosokabe_1,nankai,Chosokabe Nobuchika,Chosokabe Nobuchika,1565,1579,1586,刀剑,75,69,67,60,82,2,2,0,0,1,2,2,0,2,1,1,1,1,1,1,1,无,强袭，拔突，铁壁,无,长宗我部元亲,483,长宗我部国亲,481,香川亲和 吉良亲贞 吉良亲实 香宗我部亲泰 长宗我部国亲 长宗我部元亲 长宗我部盛亲 津野亲忠,只限武将,89,89,温和,普通,普通,轻率,重视情义,43,书籍,普通,普通,其他,未登场,长宗我部信亲,家老,直臣,长宗我部家,冈丰城,无,未登场,长宗我部信亲,部将,陪臣（长宗我部元亲）,长宗我部家,冈丰城,无,未登场,长宗我部信亲,家老,直臣,长宗我部家,冈丰城,无,未登场,长宗我部信亲,家老,直臣,长宗我部家,冈丰城,无,未登场,长宗我部信亲,家老,直臣,长宗我部家,冈丰城,无,已登场,长宗我部信亲,家老,直臣,长宗我部家,冈丰城,无,已登场,长宗我部信亲,家老,直臣,长宗我部家,冈丰城,无,已死亡,长宗我部信亲,无效,无效,无,无效,无,已登场,长宗我部信亲,浪人,其他,无,长船之町,无,无要求,,
483,583,武将,长宗我部元亲,長宗我部元親,精确匹配,长宗我部元亲,100,lord_1_chosokabe,clan_chosokabe_1,nankai,Chosokabe Motochika,Chosokabe Motochika,1539,1560,1599,刀剑,92,68,89,85,84,3,2,2,3,2,2,3,1,3,3,1,3,2,3,2,2,无,强袭，拔突，刚弓，铁壁，丢钱,无,长宗我部国亲,481,,,香川亲和 吉良亲贞 吉良亲实 香宗我部亲泰 长宗我部国亲 长宗我部信亲 长宗我部盛亲 津野亲忠,只限武将,80,80,普通,普通,理想,轻率,普通,94,南蛮物,贪心,嗜酒如命,其他,已登场,长宗我部元亲,家老,直臣,长宗我部家,冈丰城,无,已登场,长宗我部元亲,部将,直臣,长宗我部家,冈丰城,无,已登场,长宗我部元亲,大名,首领,长宗我部家,冈丰城,无,已登场,长宗我部元亲,大名,首领,长宗我部家,冈丰城,无,已登场,长宗我部元亲,大名,首领,长宗我部家,冈丰城,无,已登场,长宗我部元亲,大名,首领,长宗我部家,冈丰城,无,已登场,长宗我部元亲,大名,首领,长宗我部家,冈丰城,无,已登场,长宗我部元亲,家老,直臣,长宗我部家,冈丰城,无,已登场,长宗我部元亲,浪人,其他,无,长船之町,无,一般条件,,
242,298,蒲生定秀,蒲生,姓氏推断,lord_1_gamou_sadahide,Gamou Sadahide,clan_gamou_1,kinai,家族和文化自动推断,,1508,1554,1579,病死,,,,,蒲生氏乡 蒲生贤秀,只限武将,24,24,性急,勇敢,理想,慎重,不重情义,67,艺术品,贪心,嗜酒如命,藤原氏,弓,70,49,45,76,49,2,1,0,0,2,1,1,0,1,2,2,3,1,0,0,2,无,刚弓，丢钱,无,无要求,,,已登场,蒲生定秀,城主,直臣,六角家,日野城,无,已登场,蒲生定秀,城主,直臣,六角家,日野城,无,已登场,蒲生定秀,城主,直臣,六角家,日野城,无,已登场,蒲生定秀,城主,直臣,织田家,日野城,无,已登场,蒲生定秀,城主,直臣,织田家,日野城,无,已死亡,蒲生定秀,无效,无效,无,无效,无,已死亡,蒲生定秀,无效,无效,无,无效,无,已死亡,蒲生定秀,无效,无效,无,无效,无,已登场,蒲生定秀,浪人,其他,无,大凑之町,无,
485,585,武将,长续连,長續連,精确匹配,长续连,100,lord_1_cho,clan_cho_1,hokuriku,Cho Tsugutsura,Cho Tsugutsura,1515,1560,1577,刀剑,34,28,45,67,21,0,0,0,0,1,0,0,1,0,0,1,2,0,2,0,0,无,强袭,无,,,,,长连龙,只限武将,90,90,普通,胆小,普通,轻率,不重情义,76,书籍,贪心,普通,源氏,已登场,长续连,家老,直臣,畠山家,七尾城,无,已登场,长续连,家老,直臣,畠山家,七尾城,无,已登场,长续连,家老,直臣,畠山家,七尾城,无,已登场,长续连,大名,首领,长家,七尾城,无,已登场,长续连,大名,首领,长家,七尾城,无,已死亡,长续连,无效,无效,无,无效,无,已死亡,长续连,无效,无效,无,无效,无,已死亡,长续连,无效,无效,无,无效,无,已登场,长续连,浪人,其他,无,长船之町,无,无要求,,
486,586,武将,长连龙,長連龍,精确匹配,长连龙,100,lord_1_cho_4,clan_cho_1,hokuriku,Cho Turatatsu,Cho Turatatsu,1546,1560,1619,刀剑,39,33,54,51,42,0,0,0,0,0,0,0,0,1,0,1,1,3,1,1,1,无,强袭,无,长续连,485,,,长续连,全职种,90,90,温和,胆小,普通,轻率,普通,68,书籍,普通,普通,源氏,未登场,长连龙,侍大将,陪臣（长续连）,畠山家,七尾城,无,未登场,长连龙,侍大将,陪臣（长续连）,畠山家,七尾城,无,已登场,长连龙,侍大将,直臣,畠山家,七尾城,无,已登场,长连龙,侍大将,直臣,长家,七尾城,无,已登场,长连龙,侍大将,直臣,长家,七尾城,无,已登场,长连龙,侍大将,陪臣（前田利家）,织田家,七尾城,无,已登场,长连龙,侍大将,直臣,前田家,尾山城,无,已登场,长连龙,侍大将,直臣,前田家,金泽城,无,已登场,长连龙,浪人,其他,无,长船之町,无,无要求,,
243,300,蒲生赖乡,蒲生,姓氏推断,lord_1_gamou,Gamou Yasukyo,clan_gamou_1,kinai,家族和文化自动推断,,1558,1572,1600,战死,,,,,,只限武将,15,15,性急,勇敢,理想,轻率,重视情义,35,武具,无欲,嗜酒如命,藤原氏,刀剑,69,77,25,35,61,1,2,1,0,2,3,0,1,0,0,0,0,2,0,0,0,无,强袭，连续斩，拔突，刚弓，刚力，铁壁,无,一般条件,,,未登场,横山喜内,足轻组头,陪臣（蒲生定秀）,六角家,日野城,无,未登场,横山喜内,足轻组头,陪臣（蒲生定秀）,六角家,日野城,无,未登场,横山喜内,足轻组头,陪臣（蒲生定秀）,六角家,日野城,无,未登场,横山喜内,足轻组头,陪臣（蒲生定秀）,织田家,日野城,无,已登场,横山喜内,足轻组头,陪臣（蒲生定秀）,织田家,日野城,无,已登场,横山喜内,足轻组头,陪臣（蒲生贤秀）,织田家,日野城,无,已登场,蒲生赖乡,足轻组头,陪臣（蒲生氏乡）,羽柴家,日野城,无,已登场,蒲生赖乡,部将,陪臣（石田三成）,丰臣家,佐和山城,无,已登场,蒲生赖乡,浪人,其他,无,诹访之町,无,
244,299,蒲生秀行,蒲生,姓氏推断,lord_1_gamou_hideyuki,Gamou Hideyuki,clan_gamou_1,kinai,家族和文化自动推断,,1583,1596,1612,病死,蒲生氏乡,240,蒲生贤秀,241,蒲生氏乡 蒲生贤秀,全职种,5,5,温和,胆小,普通,慎重,普通,42,艺术品,普通,普通,藤原氏,弓,54,41,57,26,41,0,0,0,0,0,0,0,0,0,1,1,0,1,0,1,0,无,刚弓,无,无要求,,,未登场,蒲生秀行,足轻组头,陪臣（蒲生赋秀）,六角家,日野城,无,未登场,蒲生秀行,足轻组头,陪臣（蒲生赋秀）,六角家,日野城,无,未登场,蒲生秀行,足轻组头,陪臣（蒲生赋秀）,六角家,日野城,无,未登场,蒲生秀行,足轻组头,陪臣（蒲生赋秀）,织田家,日野城,无,未登场,蒲生秀行,足轻组头,陪臣（蒲生赋秀）,织田家,日野城,无,未登场,蒲生秀行,足轻组头,陪臣（蒲生氏乡）,织田家,日野城,无,未登场,蒲生秀行,足轻组头,陪臣（蒲生氏乡）,羽柴家,日野城,无,已登场,蒲生秀行,大名,首领,蒲生家,宇都宫城,无,已登场,蒲生秀行,浪人,其他,无,宇须岸之町,无,
245,302,川上忠智,川上,精确匹配,lord_1_kawakami_11,Kawakami Tadatomo,clan_kawakami_1,saikai,精确匹配织丰,,1545,1559,1588,病死,,,,,,只限武将,32,32,普通,勇敢,普通,轻率,普通,72,武具,普通,普通,源氏,枪,61,80,34,36,59,2,2,1,1,0,3,1,0,0,0,0,0,0,0,0,0,无,强袭，连续斩，拔突，粘花，卷枪，引落，柄返，刚力，铁壁,无,无要求,,,未登场,川上忠智,侍大将,直臣,岛津家,内城,无,未登场,川上忠智,侍大将,直臣,岛津家,内城,无,已登场,川上忠智,侍大将,直臣,岛津家,内城,无,已登场,川上忠智,侍大将,直臣,岛津家,内城,无,已登场,川上忠智,侍大将,直臣,岛津家,内城,无,已登场,川上忠智,侍大将,直臣,岛津家,内城,无,已登场,川上忠智,侍大将,直臣,岛津家,内城,无,已死亡,川上忠智,无效,无效,无,无效,无,已登场,川上忠智,家老,直臣,河尻家,水户城,无,
246,303,川上久朗,川上,精确匹配,dead_lord_1_kawakami_7,Kawakami Hisaaki,clan_kawakami_1,saikai,精确匹配织丰,,1536,1554,1568,战死,,,,,,只限武将,32,32,温和,普通,现实,轻率,重视情义,18,武具,无欲,普通,源氏,枪,64,47,51,48,77,1,2,2,1,0,0,1,0,1,1,1,0,1,0,0,0,无,拔突,无,无要求,,,未登场,川上久朗,侍大将,直臣,岛津家,内城,无,已登场,川上久朗,足轻大将,直臣,岛津家,内城,无,已登场,川上久朗,侍大将,直臣,岛津家,内城,无,已登场,川上久朗,侍大将,直臣,岛津家,内城,无,已死亡,川上久朗,无效,无效,无,无效,无,已死亡,川上久朗,无效,无效,无,无效,无,已死亡,川上久朗,无效,无效,无,无效,无,已死亡,川上久朗,无效,无效,无,无效,无,已登场,川上久朗,家老,直臣,河尻家,水户城,无,
247,304,河尻秀隆,河尻,需新建,lord_1_kawajirihidetaka,Kawajiri Hidetaka,,,,,1527,1554,1582,战死,,,,,,全职种,1,1,性急,普通,普通,轻率,普通,49,武具,普通,普通,源氏,刀剑,60,68,26,27,31,2,2,1,0,0,1,0,0,0,0,0,2,1,0,0,0,无,强袭,无,无要求,,,已登场,河尻秀隆,侍大将,直臣,织田家,那古野城,无,已登场,河尻秀隆,侍大将,直臣,织田家,清洲城,无,已登场,河尻秀隆,侍大将,直臣,织田家,清洲城,无,已登场,河尻秀隆,侍大将,直臣,织田家,岐阜城,无,已登场,河尻秀隆,侍大将,直臣,织田家,岐阜城,无,已登场,河尻秀隆,部将,陪臣（织田信忠）,织田家,岐阜城,无,已死亡,河尻秀隆,无效,无效,无,无效,无,已死亡,河尻秀隆,无效,无效,无,无效,无,已登场,河尻秀隆,大名,首领,河尻家,水户城,无,
492,599,武将,筒井定次,筒井定次,精确匹配,筒井定次,100,lord_1_tsutsui_8,clan_tsutsui_1,kinai,Tsutsui Sadatsugu,Tsutsui Sadatsugu,1562,1576,1615,刀剑,24,22,34,17,49,0,0,0,0,0,0,0,0,1,1,0,0,0,1,1,1,无,强袭,无,,,筒井顺昭,819,筒井顺庆 筒井顺昭,全职种,3,3,普通,胆小,普通,慎重,普通,46,南蛮物,普通,普通,藤原氏,未登场,筒井定次,足轻组头,陪臣（筒井顺庆）,筒井家,大和郡山城,无,未登场,筒井定次,足轻组头,陪臣（筒井顺庆）,筒井家,大和郡山城,无,未登场,筒井定次,足轻组头,直臣,筒井家,大和郡山城,无,未登场,筒井定次,足轻组头,直臣,筒井家,大和郡山城,无,未登场,筒井定次,足轻组头,陪臣（筒井顺庆）,筒井家,大和郡山城,无,已登场,筒井定次,足轻大将,陪臣（筒井顺庆）,织田家,大和郡山城,无,已登场,筒井定次,部将,直臣,筒井家,大和郡山城,无,已登场,筒井定次,大名,首领,筒井家,伊贺上野城,无,已登场,筒井定次,浪人,其他,无,小仓之町,无,无要求,,
493,600,武将,筒井顺庆,筒井順慶,精确匹配,筒井顺庆,100,lord_1_tsutsui,clan_tsutsui_1,kinai,Tsutsui Junkei,Tsutsui Junkei,1549,1563,1584,刀剑,56,44,71,68,70,2,1,1,0,2,1,1,0,1,1,1,1,2,2,1,1,无,强袭，刚弓,无,筒井顺昭,819,,,筒井定次 筒井顺昭,全职种,3,3,温和,胆小,现实,慎重,普通,50,艺术品,普通,普通,藤原氏,未登场,筒井顺庆,家老,直臣,筒井家,大和郡山城,无,已登场,筒井顺庆,大名,首领,筒井家,大和郡山城,无,已登场,筒井顺庆,大名,首领,筒井家,大和郡山城,无,已登场,筒井顺庆,大名,首领,筒井家,大和郡山城,无,已登场,筒井顺庆,大名,首领,筒井家,大和郡山城,无,已登场,筒井顺庆,国主,直臣,织田家,大和郡山城,无,已登场,筒井顺庆,大名,首领,筒井家,大和郡山城,无,已死亡,筒井顺庆,无效,无效,无,无效,无,已登场,筒井顺庆,浪人,其他,无,轮岛之町,无,一般条件,,
248,305,河田长亲,河田,需新建,lord_1_kawata,Kawada Nagachika,,,,,1540,1554,1581,病死,,,,,,全职种,21,21,温和,普通,普通,普通,重视情义,48,艺术品,普通,普通,其他,刀剑,56,58,69,74,63,1,1,1,1,1,1,2,0,1,2,1,1,1,2,1,1,无,强袭,无,无要求,,,未登场,河田长亲,侍大将,直臣,长尾家,春日山城,无,已登场,河田长亲,侍大将,直臣,长尾家,春日山城,无,已登场,河田长亲,侍大将,直臣,长尾家,春日山城,无,已登场,河田长亲,侍大将,直臣,上杉家,春日山城,无,已登场,河田长亲,侍大将,直臣,上杉家,春日山城,无,已死亡,河田长亲,无效,无效,无,无效,无,已死亡,河田长亲,无效,无效,无,无效,无,已死亡,河田长亲,无效,无效,无,无效,无,已登场,河田长亲,家老,直臣,河尻家,水户城,无,
495,603,武将,津野亲忠,津野親忠,姓氏推断,,67,tsuno,clan_tsuno_1,nankai,Tsuno Chikatada,,1572,1586,1600,刀剑,43,40,55,40,68,1,1,0,1,1,0,0,0,0,0,1,0,0,1,1,0,无,强袭,无,长宗我部元亲,483,长宗我部国亲,481,香川亲和 吉良亲贞 吉良亲实 香宗我部亲泰 长宗我部国亲 长宗我部信亲 长宗我部元亲 长宗我部盛亲,只限武将,80,80,普通,勇敢,理想,轻率,普通,86,艺术品,普通,普通,其他,未登场,津野亲忠,足轻组头,直臣,长宗我部家,冈丰城,无,未登场,津野亲忠,足轻组头,陪臣（长宗我部元亲）,长宗我部家,冈丰城,无,未登场,津野亲忠,足轻组头,直臣,长宗我部家,冈丰城,无,未登场,津野亲忠,足轻组头,直臣,长宗我部家,冈丰城,无,未登场,津野亲忠,足轻组头,直臣,长宗我部家,冈丰城,无,未登场,津野亲忠,足轻组头,直臣,长宗我部家,冈丰城,无,未登场,津野亲忠,足轻组头,直臣,长宗我部家,冈丰城,无,已登场,津野亲忠,侍大将,直臣,长宗我部家,冈丰城,无,已登场,津野亲忠,船头,直臣,盐饱水军,盐饱之砦,无,无要求,,
496,606,武将,土居宗珊,土居宗珊,精确匹配,土居宗珊,100,lord_1_doi_3,clan_doi_1,nankai,Doi Sozan,Doi Sozan,1518,1554,1572,刀剑,68,40,68,69,80,2,1,1,0,1,0,3,0,1,1,0,2,1,1,1,0,无,强袭,无,,,,,,只限武将,20,20,性急,勇敢,理想,慎重,重视情义,22,书籍,无欲,普通,其他,已登场,土居宗珊,家老,直臣,一条家,中村城,无,已登场,土居宗珊,家老,直臣,一条家,中村城,无,已登场,土居宗珊,家老,直臣,一条家,中村城,无,已登场,土居宗珊,家老,直臣,一条家,中村城,无,已死亡,土居宗珊,无效,无效,无,无效,无,已死亡,土居宗珊,无效,无效,无,无效,无,已死亡,土居宗珊,无效,无效,无,无效,无,已死亡,土居宗珊,无效,无效,无,无效,无,已登场,土居宗珊,浪人,其他,无,丸龟之町,无,一般条件,,
249,306,愿证寺证惠,愿证寺,模糊匹配,lord_1_ganshoji,Ganshoji Shoue,clan_ganshoji_1,kinai,家族和文化自动推断,,1494,1554,1574,战死,,,,,,全职种,50,50,温和,普通,理想,慎重,重视情义,11,书籍,无欲,滴酒不沾,藤原氏,火绳枪,80,32,55,58,74,3,0,3,2,1,1,2,2,0,0,0,2,2,1,0,2,无,二连苦无，急所击，二挺击,无,一般条件,,,已登场,愿证寺证惠,城主,直臣,本愿寺,长岛城,无,已登场,愿证寺证惠,城主,直臣,本愿寺,长岛城,无,已登场,愿证寺证惠,城主,直臣,本愿寺,长岛城,无,已登场,愿证寺证惠,城主,直臣,本愿寺,长岛城,无,已死亡,愿证寺证惠,无效,无效,无,无效,无,已死亡,愿证寺证惠,无效,无效,无,无效,无,已死亡,愿证寺证惠,无效,无效,无,无效,无,已死亡,愿证寺证惠,无效,无效,无,无效,无,已登场,愿证寺证惠,浪人,其他,无,鹿岛之町,无,
250,307,神户具盛,神户,需新建,lord_1_kamijou,Koube Tomomori,,,,,1526,1554,1582,病死,,,,,,全职种,40,40,普通,胆小,普通,慎重,普通,50,书籍,普通,普通,平氏,刀剑,33,25,44,40,38,0,0,1,1,0,0,1,0,0,0,0,1,1,0,1,0,无,强袭,无,无要求,,,已登场,神户具盛,城主,直臣,北畠家,安浓津城,无,已登场,神户具盛,部将,直臣,北畠家,大河内城,无,已登场,神户具盛,城主,直臣,北畠家,安浓津城,无,已登场,神户具盛,部将,陪臣（泷川一益）,织田家,安浓津城,无,已登场,神户具盛,部将,陪臣（织田信孝）,织田家,安浓津城,无,已登场,神户具盛,部将,直臣,织田家,安土城,无,已死亡,神户具盛,无效,无效,无,无效,无,已死亡,神户具盛,无效,无效,无,无效,无,已登场,神户具盛,浪人,其他,无,鹿岛之町,无,
499,609,武将,藤堂高虎,藤堂高虎,精确匹配,藤堂高虎,100,lord_1_todo_2,clan_todo_1,kinai,Todo Takatora,Todo Takatora,1556,1570,1630,枪,83,70,87,90,74,3,2,3,3,1,2,2,2,4,2,4,3,2,4,2,0,齐射，紧急修补，激励,强袭，拔突，二连苦无，急所击，铁壁，丢钱,雄辩,,,,,,全职种,90,90,温和,普通,现实,普通,不重情义,90,南蛮物,贪心,普通,源氏,未登场,藤堂高虎,足轻组头,直臣,浅井家,小谷城,无,未登场,藤堂高虎,足轻组头,直臣,浅井家,小谷城,无,未登场,藤堂高虎,足轻组头,直臣,浅井家,小谷城,无,未登场,藤堂高虎,足轻组头,直臣,浅井家,小谷城,无,已登场,藤堂高虎,足轻组头,直臣,织田家,岐阜城,无,已登场,藤堂高虎,足轻大将,直臣,织田家,安土城,无,已登场,藤堂高虎,侍大将,陪臣（羽柴秀长）,羽柴家,姬路城,无,已登场,藤堂高虎,大名,首领,藤堂家,宇和岛城,无,已登场,藤堂高虎,中忍,直臣,伊贺众,伊贺之里,无,一般条件,,
500,610,武将,远山景任,遠山景任,姓氏推断,,75,toyama_kagetou,clan_toyama_1,kanto,Toyama Kagenari,,1529,1554,1572,刀剑,47,43,46,53,41,1,1,1,0,1,1,1,0,0,0,1,0,1,0,0,0,无,强袭,无,,,,,,只限武将,6,6,普通,普通,普通,慎重,普通,38,武具,普通,普通,藤原氏,已登场,远山景任,城主,直臣,斋藤家,岩村城,无,已登场,远山景任,城主,直臣,斋藤家,岩村城,无,已登场,远山景任,城主,直臣,斋藤家,岩村城,无,已登场,远山景任,城主,直臣,织田家,岩村城,无,已死亡,远山景任,无效,无效,无,无效,无,已死亡,远山景任,无效,无效,无,无效,无,已死亡,远山景任,无效,无效,无,无效,无,已死亡,远山景任,无效,无效,无,无效,无,已登场,远山景任,足轻组头,直臣,山中家,江户城,无,无要求,,
501,611,武将,远山纲景,遠山綱景,精确匹配,远山纲景,100,dead_lord_1_toyama_2,clan_toyama_1,kanto,Toyama Tsunakage,Toyama Tsunakage,1513,1554,1564,刀剑,48,53,51,52,53,0,0,1,0,0,0,1,0,1,0,0,0,3,0,1,1,无,强袭,无,,,,,,全职种,82,82,温和,普通,普通,慎重,重视情义,40,书籍,普通,普通,藤原氏,已登场,远山纲景,部将,直臣,北条家,小田原城,无,已登场,远山纲景,侍大将,直臣,北条家,小田原城,无,已登场,远山纲景,家老,直臣,北条家,小田原城,无,已死亡,远山纲景,无效,无效,无,无效,无,已死亡,远山纲景,无效,无效,无,无效,无,已死亡,远山纲景,无效,无效,无,无效,无,已死亡,远山纲景,无效,无效,无,无效,无,已死亡,远山纲景,无效,无效,无,无效,无,已登场,远山纲景,足轻组头,直臣,山中家,江户城,无,无要求,,
251,308,菅达长,菅,需新建,lord_1_kan,Sugata Nagatake,,,,,1549,1560,1614,战死,,,,,,全职种,0,0,性急,勇敢,普通,轻率,不重情义,62,武具,贪心,嗜酒如命,其他,刀剑,61,56,27,43,55,1,0,2,3,1,2,0,1,0,0,0,1,0,0,0,0,水上拖延,强袭，拔突，铁壁,无,无要求,,,未登场,菅达长,船头,直臣,淡路水军,洲本之砦,无,未登场,菅达长,船头,直臣,淡路水军,洲本之砦,无,已登场,菅达长,船头,直臣,淡路水军,洲本之砦,无,已登场,菅达长,船头,直臣,淡路水军,洲本之砦,无,已登场,菅达长,船头,直臣,淡路水军,洲本之砦,无,已登场,菅达长,船头,直臣,熊野水军,鸟羽之砦,无,已登场,菅达长,船头,直臣,熊野水军,鸟羽之砦,无,已登场,菅达长,头领,首领,淡路水军,洲本之砦,无,已登场,菅达长,浪人,其他,无,长滨之町,无,
252,309,城井镇房,城井,精确匹配,lord_1_kii,Kii Shigefusa,clan_kii_1,saikai,精确匹配织丰,,1536,1554,1588,战死,城井长房,853,,,城井长房,只限武将,80,80,温和,勇敢,普通,轻率,不重情义,91,艺术品,贪心,普通,藤原氏,刀剑,46,50,42,59,49,1,1,1,0,3,1,2,0,0,0,1,2,1,1,0,0,无,强袭，刚弓,无,无要求,,,未登场,城井镇房,侍大将,陪臣（城井长房）,大内家,城井谷城,无,已登场,城井镇房,城主,直臣,大友家,城井谷城,无,已登场,城井镇房,城主,直臣,大友家,城井谷城,无,已登场,城井镇房,城主,直臣,大友家,城井谷城,无,已登场,城井镇房,城主,直臣,大友家,城井谷城,无,已登场,城井镇房,大名,首领,城井家,城井谷城,无,已登场,城井镇房,大名,首领,城井家,城井谷城,无,已死亡,城井镇房,无效,无效,无,无效,无,已登场,城井镇房,浪人,其他,无,杂贺之町,无,
253,311,喜入季久,喜入,需新建,lord_1_kiiresuehisa,Kiriu Suenaga,,,,,1532,1554,1588,病死,,,,,,只限武将,30,30,温和,普通,普通,轻率,普通,32,书籍,普通,普通,源氏,刀剑,57,40,38,62,41,1,0,1,0,0,0,1,0,1,1,0,1,3,2,3,1,无,强袭,无,无要求,,,已登场,喜入季久,部将,直臣,岛津家,内城,无,已登场,喜入季久,部将,直臣,岛津家,内城,无,已登场,喜入季久,侍大将,直臣,岛津家,内城,无,已登场,喜入季久,部将,直臣,岛津家,内城,无,已登场,喜入季久,部将,直臣,岛津家,内城,无,已登场,喜入季久,部将,直臣,岛津家,内城,无,已登场,喜入季久,部将,直臣,岛津家,内城,无,已死亡,喜入季久,无效,无效,无,无效,无,已登场,喜入季久,浪人,其他,无,鹿屋之町,无,
254,312,木曾义昌,木曾,精确匹配,lord_1_kiso_2,Kiso Yoshimasa,clan_kiso_1,tosan,精确匹配织丰,,1540,1554,1595,病死,木曾义康,255,,,木曾义康,全职种,60,80,普通,普通,普通,慎重,不重情义,69,武具,贪心,普通,源氏,刀剑,49,46,50,62,57,1,1,0,0,1,1,0,0,0,0,0,0,0,0,1,0,无,强袭,无,无要求,,,未登场,木曾义昌,部将,直臣,木曾家,木曾福岛城,无,已登场,木曾义昌,部将,直臣,木曾家,木曾福岛城,无,已登场,木曾义昌,部将,陪臣（木曾义康）,武田家,木曾福岛城,无,已登场,木曾义昌,部将,陪臣（木曾义康）,武田家,木曾福岛城,无,已登场,木曾义昌,城主,直臣,武田家,木曾福岛城,无,已登场,木曾义昌,城主,直臣,织田家,木曾福岛城,无,已登场,木曾义昌,城主,直臣,羽柴家,木曾福岛城,无,已死亡,木曾义昌,无效,无效,无,无效,无,已登场,木曾义昌,浪人,其他,无,浦户之町,无,
506,617,武将,德川家康,德川家康,精确匹配,德川家康,100,lord_1_tokugawa,clan_tokugawa_1,tokai,Tokugawa Ieyasu,Tokugawa Ieyasu,1542,1554,1616,火绳枪,88,79,99,98,97,4,3,3,1,2,1,4,1,4,4,3,3,2,3,1,4,齐攻，土龙攻，紧急修补，三河武者，影武者,急所击，二挺击，刚弓，伤药，止血，丢钱,无,松平广忠,804,(松平清康),1329,德川信康 德川秀忠 松平忠吉 水野胜成 水野忠重 水野信元 结城秀康 松平广忠,只限武将,90,90,普通,胆小,现实,慎重,普通,98,书籍,贪心,普通,源氏,未登场,松平竹千代,部将,直臣,松平家,冈崎城,无,已登场,松平元康,部将,直臣,今川家,骏府城,无,已登场,松平元康,城主,直臣,今川家,冈崎城,无,已登场,德川家康,大名,首领,德川家,冈崎城,无,已登场,德川家康,大名,首领,德川家,滨松城,无,已登场,德川家康,大名,首领,德川家,滨松城,无,已登场,德川家康,大名,首领,德川家,滨松城,无,已登场,德川家康,大名,首领,德川家,江户城,无,已登场,德川家康,足轻组头,直臣,河尻家,水户城,无,不可,德川四天王 酒井忠次/本多忠胜/榊原康政/井伊直政,"主角丰臣秀吉，剧情家康臣服
主角石田三成，关原之战胜利
主角真田幸村，大阪夏之阵胜利"
507,618,武将,德川信康,德川信康,精确匹配,德川信康,100,lord_1_tokugawa_2,clan_tokugawa_1,tokai,Tokugawa Nobuyasu,Tokugawa Nobuyasu,1559,1573,1579,刀剑,72,78,63,51,88,3,2,1,0,2,1,1,0,1,2,0,2,1,2,1,1,无,强袭，刚弓,无,德川家康,506,松平广忠,804,德川家康 德川秀忠 松平忠吉 结城秀康 松平广忠,只限武将,90,90,普通,普通,理想,轻率,不重情义,78,武具,普通,普通,源氏,未登场,德川信康,侍大将,陪臣（松平竹千代）,松平家,冈崎城,无,未登场,德川信康,部将,陪臣（松平元康）,今川家,骏府城,无,未登场,德川信康,足轻组头,陪臣（松平元康）,今川家,冈崎城,无,未登场,德川信康,家老,直臣,德川家,冈崎城,无,已登场,德川信康,城主,直臣,德川家,冈崎城,无,已死亡,德川信康,无效,无效,无,无效,无,已死亡,德川信康,无效,无效,无,无效,无,已死亡,德川信康,无效,无效,无,无效,无,已登场,德川信康,足轻组头,直臣,河尻家,水户城,无,一般条件,冈崎三奉行 天野康景/高力清长/本多重次,
508,619,武将,德川秀忠,德川秀忠,姓氏推断,,50,tokugawa_hidetada,clan_tokugawa_1,tokai,Tokugawa Hidetada,,1579,1593,1632,火绳枪,63,28,85,75,79,1,0,2,0,1,1,2,0,3,3,3,3,3,2,2,0,三河武者,急所击，丢钱,无,德川家康,506,松平广忠,804,德川家康 德川信康 松平忠吉 结城秀康 松平广忠,只限武将,90,90,温和,胆小,现实,轻率,普通,60,书籍,无欲,普通,源氏,未登场,德川秀忠,侍大将,陪臣（松平竹千代）,松平家,冈崎城,无,未登场,德川秀忠,部将,陪臣（松平元康）,今川家,骏府城,无,未登场,德川秀忠,足轻组头,陪臣（松平元康）,今川家,冈崎城,无,未登场,德川秀忠,家老,直臣,德川家,冈崎城,无,未登场,德川秀忠,家老,直臣,德川家,滨松城,无,未登场,德川秀忠,家老,直臣,德川家,滨松城,无,未登场,德川秀忠,家老,直臣,德川家,滨松城,无,已登场,德川秀忠,家老,直臣,德川家,江户城,柳生新阴流,已登场,德川秀忠,足轻组头,直臣,河尻家,水户城,无,一般条件,,
509,620,武将,户泽盛安,戶澤盛安,姓氏推断,,75,tozawa_moriyasu,clan_tozawa_1,ou,Tozawa Moriyasu,,1566,1580,1590,刀剑,74,70,43,60,75,3,2,1,0,2,3,2,0,1,1,0,2,0,2,1,0,风林火山,强袭，连续斩，拔突，刚弓，刚力，铁壁,无,,,,,,只限武将,50,50,普通,勇敢,普通,轻率,不重情义,75,武具,普通,普通,平氏,未登场,户泽盛安,浪人,其他,无,土崎凑之町,无,未登场,户泽盛安,浪人,其他,无,土崎凑之町,无,未登场,户泽盛安,浪人,其他,无,土崎凑之町,无,未登场,户泽盛安,浪人,其他,无,土崎凑之町,无,未登场,户泽盛安,浪人,其他,无,土崎凑之町,无,已登场,户泽盛安,浪人,其他,无,土崎凑之町,无,已登场,户泽盛安,城主,直臣,最上家,角馆城,无,已死亡,户泽盛安,无效,无效,无,无效,无,已登场,户泽盛安,浪人,其他,无,鸣门之町,无,无要求,,
255,313,木曾义康,木曾,精确匹配,lord_1_kiso,Kiso Yoshiyasu,clan_kiso_1,tosan,精确匹配织丰,,1514,1554,1579,病死,,,,,木曾义昌,只限武将,30,0,性急,勇敢,普通,轻率,不重情义,59,武具,贪心,普通,源氏,刀剑,58,45,35,40,27,1,2,0,0,0,1,0,0,0,0,0,0,0,0,0,1,无,强袭,无,无要求,,,已登场,木曾义康,大名,首领,木曾家,木曾福岛城,无,已登场,木曾义康,大名,首领,木曾家,木曾福岛城,无,已登场,木曾义康,城主,直臣,武田家,木曾福岛城,无,已登场,木曾义康,城主,直臣,武田家,木曾福岛城,无,已登场,木曾义康,部将,陪臣（木曾义昌）,武田家,木曾福岛城,无,已死亡,木曾义康,无效,无效,无,无效,无,已死亡,木曾义康,无效,无效,无,无效,无,已死亡,木曾义康,无效,无效,无,无效,无,已登场,木曾义康,浪人,其他,无,会津之町,无,
256,314,北条景广,北条,姓氏推断,lord_1_hojo_keigen,Hojo Kagehiro,clan_hojo_1,kanto,家族和文化自动推断,,1548,1562,1579,战死,北条高广,257,,,北条高广,只限武将,20,50,性急,普通,普通,轻率,普通,78,书籍,普通,普通,其他,刀剑,49,65,29,41,55,1,1,0,0,1,1,1,0,0,1,0,1,0,0,0,0,无,强袭,无,无要求,,,未登场,北条景广,足轻组头,陪臣（北条高广）,长尾家,春日山城,无,未登场,北条景广,足轻组头,陪臣（北条高广）,长尾家,春日山城,无,已登场,北条景广,足轻组头,陪臣（北条高广）,长尾家,厩桥城,无,已登场,北条景广,足轻组头,陪臣（北条高广）,上杉家,厩桥城,无,已登场,北条景广,足轻组头,陪臣（北条高广）,上杉家,厩桥城,无,已死亡,北条景广,无效,无效,无,无效,无,已死亡,北条景广,无效,无效,无,无效,无,已死亡,北条景广,无效,无效,无,无效,无,已登场,北条景广,部将,直臣,北家,松前城,无,
257,315,北条高广,北条,姓氏推断,lord_1_hojo_takagen,Hojo Takahiro,clan_hojo_1,kanto,家族和文化自动推断,,1517,1554,1587,病死,,,,,北条景广,只限武将,20,60,普通,普通,现实,轻率,普通,76,艺术品,贪心,普通,其他,刀剑,64,70,42,27,49,2,1,0,0,1,1,1,0,0,0,0,0,1,0,0,0,无,强袭,无,一般条件,,,已登场,北条高广,家老,直臣,长尾家,春日山城,无,已登场,北条高广,家老,直臣,长尾家,春日山城,无,已登场,北条高广,城主,直臣,长尾家,厩桥城,无,已登场,北条高广,城主,直臣,上杉家,厩桥城,无,已登场,北条高广,国主,直臣,上杉家,厩桥城,无,已登场,北条高广,家老,直臣,上杉家,春日山城,无,已登场,北条高广,家老,直臣,上杉家,春日山城,无,已死亡,北条高广,无效,无效,无,无效,无,已登场,北条高广,家老,直臣,北家,松前城,无,
258,316,北信爱,北,精确匹配,lord_1_kita,Kita Nobuchika,clan_kita_1,ou,精确匹配织丰,,1523,1554,1613,病死,,,,,,只限武将,70,70,普通,勇敢,现实,慎重,普通,53,艺术品,无欲,普通,源氏,刀剑,53,40,59,77,71,1,1,1,0,1,2,1,0,1,2,1,2,2,3,1,1,无,强袭，拔突，铁壁,无,一般条件,,,已登场,北信爱,部将,直臣,南部家,三户城,无,已登场,北信爱,部将,直臣,南部家,三户城,无,已登场,北信爱,部将,直臣,南部家,三户城,无,已登场,北信爱,部将,直臣,南部家,三户城,无,已登场,北信爱,部将,直臣,南部家,三户城,无,已登场,北信爱,部将,直臣,南部家,三户城,无,已登场,北信爱,部将,直臣,南部家,三户城,无,已登场,北信爱,家老,直臣,南部家,盛冈城,无,已登场,北信爱,大名,首领,北家,松前城,无,
259,317,北畠具教,北畠,精确匹配,lord_1_kitabatake,Kitabatake Tomonori,clan_kitabatake_1,kinai,精确匹配织丰,,1528,1554,1576,战死,北畠晴具,261,,,北畠具房 北畠晴具 木造具政 长野具藤,只限武将,42,42,性急,勇敢,理想,轻率,普通,63,武具,贪心,普通,源氏,刀剑,58,93,53,27,59,1,1,0,0,1,4,3,0,0,0,0,1,3,0,2,0,无,强袭，连续斩，八神太刀，一之太刀，拔突，神妙剑，当身，刚力，金刚力，铁壁，气声，辱骂，大喝，炯眼，罗刹,剑豪,一般条件,,,已登场,北畠具教,家老,直臣,北畠家,大河内城,新当流,已登场,北畠具教,家老,直臣,北畠家,大河内城,新当流,已登场,北畠具教,大名,首领,北畠家,大河内城,新当流,已登场,北畠具教,大名,首领,北畠家,大河内城,新当流,已登场,北畠具教,部将,陪臣（织田信雄）,织田家,大河内城,新当流,已死亡,北畠具教,无效,无效,无,无效,无,已死亡,北畠具教,无效,无效,无,无效,无,已死亡,北畠具教,无效,无效,无,无效,无,已登场,北畠具教,部将,直臣,北家,松前城,新当流,
260,318,北畠具房,北畠,精确匹配,lord_1_kitabatake_4,Kitabatake Tomofusa,clan_kitabatake_1,kinai,精确匹配织丰,,1547,1561,1580,病死,北畠具教,259,北畠晴具,261,北畠具教 北畠晴具 木造具政 长野具藤,只限武将,42,42,温和,胆小,普通,轻率,不重情义,5,艺术品,贪心,普通,源氏,刀剑,22,13,31,16,28,0,0,0,0,0,0,0,0,0,1,0,0,3,0,1,0,无,强袭,无,无要求,,,未登场,北畠具房,部将,陪臣（北畠具教）,北畠家,大河内城,无,未登场,北畠具房,部将,陪臣（北畠具教）,北畠家,大河内城,无,已登场,北畠具房,家老,直臣,北畠家,大河内城,无,已登场,北畠具房,家老,直臣,北畠家,大河内城,无,已登场,北畠具房,侍大将,陪臣（织田信雄）,织田家,大河内城,无,已死亡,北畠具房,无效,无效,无,无效,无,已死亡,北畠具房,无效,无效,无,无效,无,已死亡,北畠具房,无效,无效,无,无效,无,已登场,北畠具房,部将,直臣,北家,松前城,无,
261,319,北畠晴具,北畠,精确匹配,dead_lord_1_kitabatake_2,Kitabatake Harutomo,clan_kitabatake_1,kinai,精确匹配织丰,,1503,1554,1563,病死,,,,,北畠具教 北畠具房 木造具政 长野具藤,只限武将,40,40,普通,勇敢,普通,轻率,普通,72,艺术品,普通,普通,源氏,刀剑,49,35,62,60,39,1,0,0,0,0,1,0,0,3,0,0,1,4,1,1,0,无,强袭,无,无要求,,,已登场,北畠晴具,大名,首领,北畠家,大河内城,无,已登场,北畠晴具,大名,首领,北畠家,大河内城,无,已登场,北畠晴具,家老,直臣,北畠家,大河内城,无,已死亡,北畠晴具,无效,无效,无,无效,无,已死亡,北畠晴具,无效,无效,无,无效,无,已死亡,北畠晴具,无效,无效,无,无效,无,已死亡,北畠晴具,无效,无效,无,无效,无,已死亡,北畠晴具,无效,无效,无,无效,无,已登场,北畠晴具,家老,直臣,北家,松前城,无,主角丰臣秀吉，登用小一郎事件后
262,320,吉川经家,吉川,精确匹配,lord_1_kikkawa_9,Kikkawa Tuneie,clan_kikkawa_1,sanyo,精确匹配织丰,,1547,1561,1581,战死,,,,,,只限武将,48,48,普通,勇敢,普通,普通,重视情义,56,武具,无欲,嗜酒如命,藤原氏,刀剑,79,67,24,66,78,3,1,2,0,1,2,1,0,3,0,1,0,0,0,0,0,无,强袭，拔突，铁壁,无,一般条件,,,未登场,吉川经家,足轻大将,直臣,毛利家,吉田郡山城,无,未登场,吉川经家,足轻大将,陪臣（吉川元春）,毛利家,山吹城,无,已登场,吉川经家,足轻大将,直臣,毛利家,吉田郡山城,无,已登场,吉川经家,足轻大将,直臣,毛利家,吉田郡山城,无,已登场,吉川经家,足轻大将,直臣,毛利家,吉田郡山城,无,已死亡,吉川经家,无效,无效,无,无效,无,已死亡,吉川经家,无效,无效,无,无效,无,已死亡,吉川经家,无效,无效,无,无效,无,已登场,吉川经家,足轻大将,直臣,河尻家,水户城,无,
263,321,吉川广家,吉川,精确匹配,lord_1_kikkawa_4,Kikkawa Hiroie,clan_kikkawa_1,sanyo,精确匹配织丰,,1561,1575,1625,病死,吉川元春,265,毛利元就,722,吉川元长 吉川元春 小早川隆景 小早川秀包 繁泽元氏 二宫就辰 穗井田元清 毛利隆元 毛利辉元 毛利元就 毛利秀元,只限武将,40,40,温和,普通,现实,慎重,普通,38,书籍,普通,普通,藤原氏,刀剑,74,54,83,75,75,2,2,1,2,0,0,0,0,2,3,2,3,1,2,1,0,百万一心,强袭，丢钱,无,一般条件,,,未登场,吉川广家,足轻组头,陪臣（吉川元春）,毛利家,吉田郡山城,无,未登场,吉川广家,足轻组头,陪臣（吉川元春）,毛利家,山吹城,无,未登场,吉川广家,足轻组头,陪臣（吉川元春）,毛利家,山吹城,无,未登场,吉川广家,足轻组头,陪臣（吉川元春）,毛利家,山吹城,无,已登场,吉川广家,足轻组头,陪臣（吉川元春）,毛利家,月山富田城,无,已登场,吉川广家,足轻大将,陪臣（吉川元春）,毛利家,月山富田城,无,已登场,吉川广家,侍大将,陪臣（吉川元长）,毛利家,月山富田城,无,已登场,吉川广家,大名,首领,吉川家,月山富田城,无,已登场,吉川广家,足轻大将,直臣,河尻家,水户城,无,
264,322,吉川元长,吉川,精确匹配,lord_1_kikkawa_2,Kikkawa Motonaga,clan_kikkawa_1,sanyo,精确匹配织丰,,1548,1562,1587,病死,吉川元春,265,毛利元就,722,吉川广家 吉川元春 小早川隆景 小早川秀包 繁泽元氏 二宫就辰 穗井田元清 毛利隆元 毛利辉元 毛利元就 毛利秀元,只限武将,41,41,温和,普通,普通,轻率,普通,44,武具,无欲,普通,藤原氏,刀剑,76,71,55,58,66,2,2,2,1,2,2,1,0,0,0,0,1,1,1,1,0,百万一心,强袭，拔突，刚弓，铁壁,无,无要求,,,未登场,吉川元长,侍大将,陪臣（吉川元春）,毛利家,吉田郡山城,无,未登场,吉川元长,侍大将,陪臣（吉川元春）,毛利家,山吹城,无,已登场,吉川元长,侍大将,陪臣（吉川元春）,毛利家,山吹城,无,已登场,吉川元长,侍大将,陪臣（吉川元春）,毛利家,山吹城,无,已登场,吉川元长,侍大将,陪臣（吉川元春）,毛利家,月山富田城,无,已登场,吉川元长,侍大将,陪臣（吉川元春）,毛利家,月山富田城,无,已登场,吉川元长,国主,直臣,毛利家,月山富田城,无,已死亡,吉川元长,无效,无效,无,无效,无,已登场,吉川元长,足轻大将,直臣,河尻家,水户城,无,
265,323,吉川元春,吉川,精确匹配,lord_1_kikkawa,Kikkawa Motoharu,clan_kikkawa_1,sanyo,精确匹配织丰,,1530,1554,1586,病死,毛利元就,722,,,吉川广家 吉川元长 小早川隆景 小早川秀包 繁泽元氏 二宫就辰 穗井田元清 毛利隆元 毛利辉元 毛利元就 毛利秀元,只限武将,41,41,普通,勇敢,理想,轻率,重视情义,67,武具,普通,嗜酒如命,藤原氏,刀剑,91,87,64,66,80,4,4,3,1,3,3,3,0,2,0,2,1,3,1,1,2,强行突破，百万一心,强袭，连续斩，拔突，急所击，刚弓，刚力，铁壁,军师,一般条件,,,已登场,吉川元春,家老,直臣,毛利家,吉田郡山城,无,已登场,吉川元春,国主,直臣,毛利家,山吹城,无,已登场,吉川元春,城主,直臣,毛利家,山吹城,无,已登场,吉川元春,国主,直臣,毛利家,山吹城,无,已登场,吉川元春,国主,直臣,毛利家,月山富田城,无,已登场,吉川元春,国主,直臣,毛利家,月山富田城,无,已登场,吉川元春,部将,陪臣（吉川元长）,毛利家,月山富田城,无,已死亡,吉川元春,无效,无效,无,无效,无,已登场,吉川元春,足轻大将,直臣,河尻家,水户城,无,
266,324,木下昌直,木下,姓氏推断,lord_1_kinoshita_masanao,Kinoshita Masanao,clan_kinoshita_1,kinai,家族和文化自动推断,,1525,1554,1584,战死,,,,,,只限武将,60,60,普通,勇敢,普通,轻率,重视情义,42,武具,普通,普通,其他,刀剑,63,79,35,44,63,2,3,2,0,1,1,1,0,1,0,1,0,0,0,0,0,无,强袭,无,无要求,,,已登场,木下昌直,侍大将,直臣,龙造寺家,佐嘉城,无,已登场,木下昌直,侍大将,直臣,龙造寺家,佐嘉城,无,已登场,木下昌直,侍大将,直臣,龙造寺家,佐嘉城,无,已登场,木下昌直,侍大将,直臣,龙造寺家,佐嘉城,无,已登场,木下昌直,侍大将,直臣,龙造寺家,佐嘉城,无,已登场,木下昌直,侍大将,直臣,龙造寺家,佐嘉城,无,已登场,木下昌直,侍大将,直臣,龙造寺家,佐嘉城,无,已死亡,木下昌直,无效,无效,无,无效,无,已登场,木下昌直,部将,直臣,下间家,饫肥城,无,
522,639,武将,内藤如安,內藤如安,姓氏推断,,50,naito_joan,clan_naito_1,sanyo,Naito Joan,,1548,1562,1626,刀剑,53,47,38,51,57,1,2,0,0,1,1,0,1,0,0,1,0,2,1,1,1,无,强袭,无,松永长赖,827,(松永久秀父),1327,松永久秀 松永久通 松永长赖,全职种,5,5,温和,普通,理想,轻率,普通,41,南蛮物,贪心,普通,藤原氏,未登场,内藤如安,足轻大将,陪臣（松永长赖）,细川家,丹波龟山城,无,未登场,内藤如安,足轻大将,陪臣（松永久秀）,三好家,多闻山城,无,已登场,内藤如安,足轻大将,陪臣（松永久秀）,三好家,信贵山城,无,已登场,内藤如安,足轻大将,陪臣（松永久秀）,织田家,信贵山城,无,已登场,内藤如安,足轻大将,陪臣（松永久秀）,织田家,信贵山城,无,已登场,内藤如安,浪人,其他,无,奈良之町,无,已登场,内藤如安,浪人,其他,无,尾道之町,无,已登场,内藤如安,部将,直臣,小西家,宇土城,无,已登场,内藤如安,浪人,其他,无,仓敷之町,无,无要求,,
523,640,武将,内藤昌丰,內藤昌豐,姓氏推断,,50,naito_masa,clan_naito_1,sanyo,Naito Masatoyo,,1522,1554,1575,刀剑,78,72,82,77,79,2,3,1,0,3,3,3,0,1,1,1,1,1,1,1,1,无,强袭，连续斩，拔突，刚弓，刚力，铁壁,无,,,,,,只限武将,62,62,普通,勇敢,普通,轻率,重视情义,60,武具,普通,普通,藤原氏,已登场,内藤昌丰,家老,直臣,武田家,踯躅崎馆,无,已登场,内藤昌丰,家老,直臣,武田家,踯躅崎馆,无,已登场,内藤昌丰,部将,直臣,武田家,踯躅崎馆,无,已登场,内藤昌丰,城主,直臣,武田家,箕轮城,无,已登场,内藤昌丰,城主,直臣,武田家,箕轮城,无,已死亡,内藤昌丰,无效,无效,无,无效,无,已死亡,内藤昌丰,无效,无效,无,无效,无,已死亡,内藤昌丰,无效,无效,无,无效,无,已登场,内藤昌丰,浪人,其他,无,尾道之町,无,一般条件,,
524,641,武将,内藤正成,內藤正成,姓氏推断,,50,naito_masashige,clan_naito_1,sanyo,Naito Masanari,,1528,1554,1602,弓,40,77,56,51,67,1,0,1,1,4,3,1,0,0,1,1,1,1,1,1,1,弓箭乱射,强袭，连续斩，拔突，刚弓，神弓，天弓，刚力，铁壁，心眼,弓术名人,,,,,,只限武将,90,90,性急,勇敢,理想,轻率,重视情义,54,武具,无欲,普通,藤原氏,已登场,内藤正成,足轻组头,直臣,松平家,冈崎城,无,已登场,内藤正成,足轻组头,陪臣（松平元康）,今川家,骏府城,无,已登场,内藤正成,足轻组头,陪臣（松平元康）,今川家,冈崎城,无,已登场,内藤正成,足轻组头,直臣,德川家,冈崎城,无,已登场,内藤正成,足轻组头,直臣,德川家,滨松城,无,已登场,内藤正成,足轻大将,直臣,德川家,滨松城,无,已登场,内藤正成,足轻大将,直臣,德川家,滨松城,无,已登场,内藤正成,侍大将,直臣,德川家,江户城,无,已登场,内藤正成,浪人,其他,无,出石之町,无,一般条件,,
525,642,武将,直江景纲,直江景綱,精确匹配,直江景纲,100,lord_1_naoe,clan_naoe_1,hokuriku,Naoe Kagetsuna,Naoe Kagetsuna,1509,1554,1577,刀剑,46,48,80,79,74,1,1,0,0,0,0,1,0,1,3,2,3,4,3,1,1,无,强袭，丢钱,无,,,,,,只限武将,15,15,温和,普通,普通,普通,普通,34,书籍,无欲,普通,其他,已登场,直江景纲,家老,直臣,长尾家,春日山城,无,已登场,直江景纲,家老,直臣,长尾家,春日山城,无,已登场,直江景纲,家老,直臣,长尾家,春日山城,无,已登场,直江景纲,家老,直臣,上杉家,春日山城,无,已登场,直江景纲,家老,直臣,上杉家,春日山城,无,已死亡,直江景纲,无效,无效,无,无效,无,已死亡,直江景纲,无效,无效,无,无效,无,已死亡,直江景纲,无效,无效,无,无效,无,已登场,直江景纲,浪人,其他,无,油津之町,无,无要求,,
526,643,武将,直江兼续,直江兼續,姓氏推断,,50,naoe_ken,clan_naoe_1,hokuriku,Naoe Kanetsugu,,1560,1574,1619,刀剑,82,70,81,91,84,3,2,1,0,1,2,4,0,1,1,0,2,3,4,3,0,车悬，毘沙门天，激励,强袭，拔突，铁壁,雄辩,(樋口兼丰),1351,,,大国实赖,只限武将,15,15,普通,勇敢,理想,轻率,重视情义,82,艺术品,普通,普通,其他,未登场,直江兼续,足轻组头,直臣,长尾家,春日山城,无,未登场,直江兼续,足轻组头,直臣,长尾家,春日山城,无,未登场,直江兼续,足轻组头,直臣,长尾家,春日山城,无,未登场,直江兼续,足轻组头,直臣,上杉家,春日山城,无,已登场,直江兼续,足轻组头,直臣,上杉家,春日山城,无,已登场,直江兼续,侍大将,直臣,上杉家,春日山城,无,已登场,直江兼续,侍大将,直臣,上杉家,春日山城,无,已登场,直江兼续,国主,直臣,上杉家,米泽城,无,已登场,直江兼续,浪人,其他,无,佐仓之町,无,一般条件,,
267,325,木村重成,木村,需新建,lord_1_kimurashigenari,Kimura Shigenari,,,,,1586,1598,1615,战死,,,,,,全职种,20,20,温和,勇敢,普通,普通,重视情义,54,书籍,普通,普通,其他,枪,51,61,20,63,85,1,1,1,0,1,1,2,0,1,1,1,1,1,3,1,1,无,拔突,无,无要求,,,未登场,木村重成,浪人,其他,无,石山之町,无,未登场,木村重成,浪人,其他,无,石山之町,无,未登场,木村重成,浪人,其他,无,石山之町,无,未登场,木村重成,浪人,其他,无,石山之町,无,未登场,木村重成,浪人,其他,无,石山之町,无,未登场,木村重成,浪人,其他,无,石山之町,无,未登场,木村重成,浪人,其他,无,石山之町,无,已登场,木村重成,侍大将,直臣,丰臣家,大坂城,无,已登场,木村重成,浪人,其他,无,温泉津之町,无,
528,645,武将,长尾政景,長尾政景,精确匹配,长尾政景,100,dead_lord_1_uesugi_4,clan_uesugi_1,hokuriku,Uesugi Masakage,Uesugi Masakage,1526,1554,1564,刀剑,51,60,69,64,67,1,2,0,0,0,0,0,0,0,2,1,2,2,0,0,0,无,强袭,无,,,,,上杉景胜,只限武将,15,15,普通,普通,普通,普通,不重情义,59,书籍,贪心,嗜酒如命,平氏,已登场,长尾政景,部将,直臣,长尾家,春日山城,无,已登场,长尾政景,部将,直臣,长尾家,春日山城,无,已登场,长尾政景,家老,直臣,长尾家,春日山城,无,已死亡,长尾政景,无效,无效,无,无效,无,已死亡,长尾政景,无效,无效,无,无效,无,已死亡,长尾政景,无效,无效,无,无效,无,已死亡,长尾政景,无效,无效,无,无效,无,已死亡,长尾政景,无效,无效,无,无效,无,已登场,长尾政景,浪人,其他,无,长船之町,无,一般条件,,
268,326,肝付兼续,肝付,精确匹配,dead_lord_1_kimotsuki_1,Kimotsuki Kanetsugu,clan_kimotsuki_1,saikai,精确匹配织丰,,1511,1554,1566,战死,,,,,肝付兼护 肝付良兼,只限武将,60,60,性急,勇敢,普通,轻率,不重情义,67,武具,无欲,嗜酒如命,其他,刀剑,65,60,48,52,59,2,2,2,0,1,1,1,1,0,0,0,0,0,2,0,0,无,强袭,无,无要求,,,已登场,肝付兼续,大名,首领,肝付家,大隅高山城,无,已登场,肝付兼续,大名,首领,肝付家,大隅高山城,无,已登场,肝付兼续,大名,首领,肝付家,大隅高山城,无,已死亡,肝付兼续,无效,无效,无,无效,无,已死亡,肝付兼续,无效,无效,无,无效,无,已死亡,肝付兼续,无效,无效,无,无效,无,已死亡,肝付兼续,无效,无效,无,无效,无,已死亡,肝付兼续,无效,无效,无,无效,无,已登场,肝付兼续,浪人,其他,无,甲府之町,无,
269,327,肝付兼护,肝付,精确匹配,lord_1_kimotsuki_5,Kimotsuki Kanemori,clan_kimotsuki_1,saikai,精确匹配织丰,,1561,1575,1600,战死,肝付兼续,268,,,肝付兼续 肝付良兼,全职种,60,60,温和,胆小,现实,轻率,不重情义,24,艺术品,普通,普通,其他,刀剑,38,31,35,30,46,0,0,0,0,0,0,1,0,0,0,0,1,0,1,0,0,无,强袭,无,无要求,,,未登场,肝付兼护,部将,直臣,肝付家,大隅高山城,无,未登场,肝付兼护,部将,陪臣（肝付兼续）,肝付家,大隅高山城,无,未登场,肝付兼护,家老,直臣,肝付家,大隅高山城,无,未登场,肝付兼护,家老,直臣,肝付家,大隅高山城,无,已登场,肝付兼护,城主,直臣,岛津家,大隅高山城,无,已登场,肝付兼护,城主,直臣,岛津家,大隅高山城,无,已登场,肝付兼护,城主,直臣,岛津家,大隅高山城,无,已登场,肝付兼护,部将,直臣,岛津家,内城,无,已登场,肝付兼护,浪人,其他,无,温泉津之町,无,
270,328,肝付良兼,肝付,精确匹配,lord_1_kimotsuki,Kimotsuki Yoshikane,clan_kimotsuki_1,saikai,精确匹配织丰,,1535,1554,1571,病死,肝付兼续,268,,,肝付兼续 肝付兼护,只限武将,60,60,性急,勇敢,普通,轻率,普通,53,武具,普通,普通,其他,刀剑,55,58,45,59,49,1,2,1,0,0,1,1,0,0,0,1,0,0,1,0,1,无,强袭,无,无要求,,,已登场,肝付良兼,家老,直臣,肝付家,大隅高山城,无,已登场,肝付良兼,家老,直臣,肝付家,大隅高山城,无,已登场,肝付良兼,家老,直臣,肝付家,大隅高山城,无,已登场,肝付良兼,大名,首领,肝付家,大隅高山城,无,已死亡,肝付良兼,无效,无效,无,无效,无,已死亡,肝付良兼,无效,无效,无,无效,无,已死亡,肝付良兼,无效,无效,无,无效,无,已死亡,肝付良兼,无效,无效,无,无效,无,已登场,肝付良兼,浪人,其他,无,津山之町,无,
271,329,京极高次,京极,需新建,lord_1_kyoutsugi,Kyougoku Takatsugu,,,,,1563,1577,1609,病死,京极高吉,273,,,京极高知 京极高吉,只限武将,96,96,温和,胆小,现实,普通,不重情义,61,艺术品,普通,嗜酒如命,源氏,刀剑,52,45,50,62,49,1,1,1,0,0,0,1,0,0,0,0,0,2,3,2,0,无,强袭,无,一般条件,,,未登场,京极高次,侍大将,陪臣（京极高吉）,足利家,朽木谷城,无,未登场,京极高次,侍大将,陪臣（京极高吉）,足利家,朽木谷城,无,未登场,京极高次,侍大将,陪臣（京极高吉）,足利家,二条城,无,未登场,京极高次,侍大将,陪臣（京极高吉）,足利家,二条城,无,未登场,京极高次,侍大将,陪臣（京极高吉）,织田家,岐阜城,无,已登场,京极高次,侍大将,直臣,织田家,安土城,无,已登场,京极高次,侍大将,直臣,羽柴家,石山本愿寺,无,已登场,京极高次,大名,首领,京极家,大津城,无,已登场,京极高次,浪人,其他,无,厩桥之町,无,
272,330,京极高知,京极,需新建,lord_1_kyouchi,Kyougoku Takachika,,,,,1572,1586,1622,病死,京极高吉,273,,,京极高次 京极高吉,只限武将,90,90,普通,普通,普通,轻率,普通,55,武具,普通,普通,源氏,刀剑,63,55,51,60,55,1,2,1,0,0,0,0,0,2,2,0,0,2,2,1,0,无,强袭,无,无要求,,,未登场,京极高知,侍大将,陪臣（京极高吉）,足利家,朽木谷城,无,未登场,京极高知,侍大将,陪臣（京极高吉）,足利家,朽木谷城,无,未登场,京极高知,侍大将,陪臣（京极高吉）,足利家,二条城,无,未登场,京极高知,侍大将,陪臣（京极高吉）,足利家,二条城,无,未登场,京极高知,侍大将,陪臣（京极高吉）,织田家,岐阜城,无,未登场,京极高知,侍大将,直臣,织田家,安土城,无,未登场,京极高知,侍大将,直臣,羽柴家,石山本愿寺,无,已登场,京极高知,大名,首领,京极家,高远城,无,已登场,京极高知,浪人,其他,无,木更津之町,无,
273,331,京极高吉,京极,需新建,lord_1_kyoukichi,Kyougoku Takayoshi,,,,,1508,1554,1581,病死,,,,,京极高次 京极高知,只限武将,90,90,温和,胆小,普通,慎重,普通,56,艺术品,贪心,普通,源氏,刀剑,41,30,50,61,57,0,0,0,0,0,0,0,0,0,0,0,0,3,2,2,0,无,强袭,无,无要求,,,已登场,京极高吉,侍大将,直臣,足利家,朽木谷城,无,已登场,京极高吉,侍大将,直臣,足利家,朽木谷城,无,已登场,京极高吉,侍大将,直臣,足利家,二条城,无,已登场,京极高吉,侍大将,直臣,足利家,二条城,无,已登场,京极高吉,侍大将,直臣,织田家,岐阜城,无,已死亡,京极高吉,无效,无效,无,无效,无,已死亡,京极高吉,无效,无效,无,无效,无,已死亡,京极高吉,无效,无效,无,无效,无,已登场,京极高吉,浪人,其他,无,京之町,无,
535,653,武将,长野具藤,長野具藤,精确匹配,长野具藤,100,lord_1_kitabatake_5,clan_kitabatake_1,kinai,Kitabatake Tomofuji,Kitabatake Tomofuji,1552,1560,1576,刀剑,19,49,37,24,34,0,0,0,0,0,0,0,0,0,0,0,0,0,0,0,0,无,强袭,无,北畠具教,259,北畠晴具,261,北畠具教 北畠具房 北畠晴具 木造具政,全职种,40,40,性急,勇敢,理想,轻率,普通,72,艺术品,贪心,普通,藤原氏,未登场,长野具藤,部将,陪臣（神户具盛）,北畠家,安浓津城,无,未登场,长野具藤,部将,陪臣（北畠具教）,北畠家,大河内城,无,未登场,长野具藤,部将,陪臣（神户具盛）,北畠家,安浓津城,无,已登场,长野具藤,部将,陪臣（泷川一益）,织田家,安浓津城,无,已登场,长野具藤,部将,陪臣（织田信孝）,织田家,安浓津城,无,已死亡,长野具藤,无效,无效,无,无效,无,已死亡,长野具藤,无效,无效,无,无效,无,已死亡,长野具藤,无效,无效,无,无效,无,已登场,长野具藤,浪人,其他,无,长船之町,无,无要求,,
536,654,武将,长野业正,長野業正,姓氏推断,,50,kitabatake,clan_kitabatake_1,kinai,Nagano Narimasa,,1491,1554,1561,刀剑,95,87,26,83,74,4,4,0,0,2,3,4,2,2,0,0,0,0,0,0,0,强行突破，车悬,强袭，连续斩，拔突，二连苦无，刚弓，刚力，铁壁,军师,,,,,长野业盛,只限武将,22,20,普通,勇敢,普通,普通,重视情义,35,武具,无欲,普通,其他,已登场,长野业正,城主,直臣,上杉家,箕轮城,无,已登场,长野业正,大名,首领,长野家,箕轮城,无,已登场,长野业正,大名,首领,长野家,箕轮城,无,已死亡,长野业正,无效,无效,无,无效,无,已死亡,长野业正,无效,无效,无,无效,无,已死亡,长野业正,无效,无效,无,无效,无,已死亡,长野业正,无效,无效,无,无效,无,已死亡,长野业正,无效,无效,无,无效,无,已登场,长野业正,浪人,其他,无,长船之町,无,一般条件,,
537,655,武将,长野业盛,長野業盛,姓氏推断,,50,kitabatake_1,clan_kitabatake_1,kinai,Nagano Narimori,,1546,1555,1563,刀剑,69,65,24,58,62,2,2,1,0,2,2,2,2,0,0,0,0,0,0,0,0,无,强袭，拔突，二连苦无，刚弓，铁壁,无,长野业正,536,,,长野业正,只限武将,22,20,普通,勇敢,理想,轻率,重视情义,44,武具,无欲,滴酒不沾,其他,未登场,长野业盛,部将,陪臣（长野业正）,上杉家,箕轮城,无,未登场,长野业盛,侍大将,陪臣（长野业正）,长野家,箕轮城,无,已登场,长野业盛,家老,直臣,长野家,箕轮城,无,已死亡,长野业盛,无效,无效,无,无效,无,已死亡,长野业盛,无效,无效,无,无效,无,已死亡,长野业盛,无效,无效,无,无效,无,已死亡,长野业盛,无效,无效,无,无效,无,已死亡,长野业盛,无效,无效,无,无效,无,已登场,长野业盛,浪人,其他,无,长船之町,无,一般条件,,
538,656,武将,中野宗时,中野宗時,姓氏推断,,75,mogami_shuu,clan_mogami_1,ou,Nakano Munetoki,,1511,1554,1570,刀剑,42,35,70,78,23,0,0,0,0,0,0,2,0,2,2,2,1,2,3,0,1,无,强袭,无,,,,,,全职种,65,65,普通,勇敢,普通,轻率,不重情义,84,书籍,贪心,普通,源氏,已登场,中野宗时,家老,直臣,伊达家,米泽城,无,已登场,中野宗时,家老,直臣,伊达家,米泽城,无,已登场,中野宗时,家老,直臣,伊达家,米泽城,无,已登场,中野宗时,家老,直臣,伊达家,米泽城,无,已死亡,中野宗时,无效,无效,无,无效,无,已死亡,中野宗时,无效,无效,无,无效,无,已死亡,中野宗时,无效,无效,无,无效,无,已死亡,中野宗时,无效,无效,无,无效,无,已登场,中野宗时,部将,直臣,中岛家,岩尾城,无,无要求,,
274,332,吉良亲贞,吉良,精确匹配,lord_1_kira,Kira Chikasada,clan_kira_1,nankai,精确匹配织丰,,1541,1555,1576,病死,长宗我部国亲,481,,,香川亲和 吉良亲实 香宗我部亲泰 长宗我部国亲 长宗我部信亲 长宗我部元亲 长宗我部盛亲 津野亲忠,只限武将,83,83,普通,勇敢,普通,轻率,普通,61,书籍,无欲,嗜酒如命,源氏,枪,78,70,52,69,83,2,2,2,2,2,2,2,0,1,1,1,1,1,3,1,0,无,强袭，拔突，刚弓，铁壁,无,无要求,,,未登场,吉良亲贞,部将,直臣,长宗我部家,冈丰城,无,未登场,吉良亲贞,部将,陪臣（长宗我部国亲）,长宗我部家,冈丰城,无,已登场,吉良亲贞,部将,直臣,长宗我部家,冈丰城,无,已登场,吉良亲贞,部将,直臣,长宗我部家,冈丰城,无,已登场,吉良亲贞,部将,直臣,长宗我部家,冈丰城,无,已死亡,吉良亲贞,无效,无效,无,无效,无,已死亡,吉良亲贞,无效,无效,无,无效,无,已死亡,吉良亲贞,无效,无效,无,无效,无,已登场,吉良亲贞,浪人,其他,无,京之町,无,
275,333,吉良亲实,吉良,精确匹配,lord_1_kira_2,Kira Chikazane,clan_kira_1,nankai,精确匹配织丰,,1563,1577,1588,战死,吉良亲贞,274,长宗我部国亲,481,香川亲和 吉良亲贞 香宗我部亲泰 长宗我部国亲 长宗我部信亲 长宗我部元亲 长宗我部盛亲 津野亲忠,只限武将,70,70,性急,勇敢,普通,轻率,重视情义,51,南蛮物,普通,普通,源氏,刀剑,64,63,46,43,58,1,1,1,1,1,1,0,0,0,1,1,0,0,0,0,1,无,强袭,无,无要求,,,未登场,吉良亲实,足轻组头,陪臣（吉良亲贞）,长宗我部家,冈丰城,无,未登场,吉良亲实,足轻组头,陪臣（吉良亲贞）,长宗我部家,冈丰城,无,未登场,吉良亲实,足轻组头,陪臣（吉良亲贞）,长宗我部家,冈丰城,无,未登场,吉良亲实,足轻组头,陪臣（吉良亲贞）,长宗我部家,冈丰城,无,未登场,吉良亲实,足轻组头,陪臣（吉良亲贞）,长宗我部家,冈丰城,无,已登场,吉良亲实,足轻大将,直臣,长宗我部家,冈丰城,无,已登场,吉良亲实,足轻大将,直臣,长宗我部家,冈丰城,无,已死亡,吉良亲实,无效,无效,无,无效,无,已登场,吉良亲实,浪人,其他,无,大坂之町,无,
276,334,雾隐才藏,雾隐,需新建,lord_1_saizou,Kirigakuree Saizou,,,,,1584,1598,1615,战死,,,,,,武将以外优先,49,49,普通,普通,理想,轻率,重视情义,61,武具,无欲,普通,其他,苦无,39,86,9,46,87,3,1,3,0,4,3,1,4,0,0,0,1,0,1,0,2,弓箭乱射，鬼谋，破技之术，雾隐之术,强袭，连续斩，拔突，二连苦无，半月，急所击，刚弓，猛毒苦无，十字投，乱苦无，空蝉之术，叠返之术，刚力，铁壁，分身之术,苦无高手,不可,,主角真田幸村，剧情十勇士集结,未登场,雾隐才藏,下忍,直臣,伊贺众,伊贺之里,无,未登场,雾隐才藏,下忍,直臣,伊贺众,伊贺之里,无,未登场,雾隐才藏,下忍,直臣,伊贺众,伊贺之里,无,未登场,雾隐才藏,下忍,直臣,伊贺众,伊贺之里,无,未登场,雾隐才藏,下忍,直臣,伊贺众,伊贺之里,无,未登场,雾隐才藏,下忍,直臣,伊贺众,伊贺之里,无,未登场,雾隐才藏,下忍,直臣,伊贺众,伊贺之里,无,已登场,雾隐才藏,下忍,直臣,伊贺众,伊贺之里,无,已登场,雾隐才藏,浪人,其他,无,岐阜之町,无,
277,336,九鬼广隆,九鬼,姓氏推断,lord_1_kuki_gentakashi,Kuki Sanzaburou,clan_kuki_1,kinai,家族和文化自动推断,,1551,1565,1641,病死,,,九鬼定隆,###,九鬼守隆 九鬼嘉隆 九鬼净隆,全职种,5,5,性急,勇敢,现实,轻率,不重情义,74,武具,贪心,嗜酒如命,藤原氏,刀剑,56,63,29,56,52,1,1,1,2,2,2,1,1,0,0,0,0,0,1,0,0,无,强袭，拔突，刚弓，铁壁,无,无要求,,,未登场,九鬼广隆,浪人,其他,无,大凑之町,无,未登场,九鬼广隆,浪人,其他,无,大凑之町,无,未登场,九鬼广隆,浪人,其他,无,大凑之町,无,已登场,九鬼广隆,浪人,其他,无,大凑之町,无,已登场,九鬼广隆,浪人,其他,无,大凑之町,无,已登场,九鬼广隆,浪人,其他,无,大凑之町,无,已登场,九鬼广隆,浪人,其他,无,大凑之町,无,已登场,九鬼广隆,侍大将,直臣,小早川家,名岛城,无,已登场,九鬼广隆,下忍,直臣,户隐众,户隐之里,无,
278,337,九鬼守隆,九鬼,姓氏推断,lord_1_kuki_moritaka,Kuki Moritaka,clan_kuki_1,kinai,家族和文化自动推断,,1573,1587,1632,病死,九鬼嘉隆,279,九鬼定隆,###,九鬼广隆 九鬼嘉隆 九鬼净隆,全职种,10,90,温和,胆小,现实,轻率,重视情义,34,武具,无欲,普通,藤原氏,刀剑,59,63,50,47,52,1,1,1,3,1,2,1,0,2,2,1,1,1,2,0,1,焙烙,强袭，拔突，铁壁,无,一般条件,,,未登场,九鬼守隆,水夫头,陪臣（九鬼嘉隆）,熊野水军,鸟羽之砦,无,未登场,九鬼守隆,水夫头,陪臣（九鬼嘉隆）,熊野水军,鸟羽之砦,无,未登场,九鬼守隆,水夫头,陪臣（九鬼嘉隆）,熊野水军,鸟羽之砦,无,未登场,九鬼守隆,水夫头,陪臣（九鬼嘉隆）,熊野水军,鸟羽之砦,无,未登场,九鬼守隆,水夫头,陪臣（九鬼嘉隆）,熊野水军,鸟羽之砦,无,未登场,九鬼守隆,水夫头,直臣,熊野水军,鸟羽之砦,无,未登场,九鬼守隆,水夫头,直臣,熊野水军,鸟羽之砦,无,已登场,九鬼守隆,大名,首领,九鬼家,鸟羽城,无,已登场,九鬼守隆,家老,直臣,九户家,月山富田城,无,
544,661,武将,那须资晴,那須資晴,精确匹配,那须资晴,100,lord_1_nasu_2,clan_nasu_1,kanto,Nasu Sukeharu,Nasu Sukeharu,1557,1571,1610,弓,59,62,47,49,40,2,1,1,0,0,0,0,0,0,0,0,0,2,2,1,0,无,刚弓,无,,,,,,全职种,50,50,性急,勇敢,普通,轻率,普通,74,艺术品,普通,普通,藤原氏,未登场,那须资晴,城主,直臣,宇都宫家,乌山城,无,未登场,那须资晴,城主,直臣,宇都宫家,乌山城,无,未登场,那须资晴,城主,直臣,宇都宫家,乌山城,无,未登场,那须资晴,城主,直臣,宇都宫家,乌山城,无,已登场,那须资晴,城主,直臣,宇都宫家,乌山城,无,已登场,那须资晴,城主,直臣,宇都宫家,乌山城,无,已登场,那须资晴,城主,直臣,宇都宫家,乌山城,无,已登场,那须资晴,足轻大将,直臣,德川家,江户城,无,已登场,那须资晴,浪人,其他,无,小滨之町,无,无要求,,
279,338,九鬼嘉隆,九鬼,精确匹配,lord_1_kuki,Kuki Yoshitaka,clan_kuki_1,kinai,精确匹配织丰,,1542,1554,1600,战死,九鬼定隆,1310,,,九鬼广隆 九鬼守隆 九鬼净隆,武将以外优先,10,10,性急,勇敢,理想,轻率,重视情义,66,武具,贪心,嗜酒如命,藤原氏,刀剑,83,71,31,62,77,2,1,3,4,2,2,2,2,2,0,0,1,0,1,1,0,焙烙,强袭，连续斩，拔突，二连苦无，急所击，刚弓，刚力，铁壁，辱骂,无,无要求,,,未登场,九鬼嘉隆,船头,直臣,熊野水军,鸟羽之砦,无,已登场,九鬼嘉隆,船头,直臣,熊野水军,鸟羽之砦,无,已登场,九鬼嘉隆,头领,首领,熊野水军,鸟羽之砦,无,已登场,九鬼嘉隆,头领,首领,熊野水军,鸟羽之砦,无,已登场,九鬼嘉隆,头领,首领,熊野水军,鸟羽之砦,无,已登场,九鬼嘉隆,头领,首领,熊野水军,鸟羽之砦,无,已登场,九鬼嘉隆,头领,首领,熊野水军,鸟羽之砦,无,已登场,九鬼嘉隆,头领,首领,熊野水军,鸟羽之砦,无,已登场,九鬼嘉隆,家老,直臣,九户家,月山富田城,无,
280,339,楠长谙,楠,需新建,lord_1_kusunoki,Kusunoki Nagauji,,,,,1520,1554,1596,病死,,,,,,全职种,0,0,温和,普通,现实,普通,普通,60,书籍,贪心,滴酒不沾,其他,枪,13,17,62,58,59,0,0,0,0,0,0,0,1,2,2,1,3,3,2,2,1,无,拔突，丢钱,无,无要求,,,已登场,楠长谙,足轻组头,陪臣（三好长庆）,细川家,芥川城,无,已登场,楠长谙,浪人,其他,无,石山之町,无,已登场,楠长谙,足轻组头,陪臣（松永久秀）,三好家,信贵山城,无,已登场,楠长谙,足轻组头,陪臣（松永久秀）,织田家,信贵山城,无,已登场,楠长谙,足轻组头,陪臣（松永久秀）,织田家,信贵山城,无,已登场,楠长谙,足轻组头,直臣,织田家,安土城,无,已登场,楠长谙,足轻组头,直臣,羽柴家,石山本愿寺,无,已死亡,楠长谙,无效,无效,无,无效,无,已登场,楠长谙,浪人,其他,无,长滨之町,无,
547,664,武将,锅岛胜茂,鍋島勝茂,姓氏推断,,75,nabeshima,clan_nabeshima_1,saikai,Nabeshima Katsushige,,1580,1594,1657,刀剑,51,47,50,41,59,1,2,2,1,1,1,2,0,0,1,0,0,1,0,0,0,无,强袭,无,锅岛直茂,548,锅岛清房,844,锅岛直茂 锅岛清房,只限武将,80,80,普通,胆小,理想,轻率,普通,42,南蛮物,普通,普通,藤原氏,未登场,锅岛胜茂,足轻组头,陪臣（锅岛直茂）,龙造寺家,佐嘉城,无,未登场,锅岛胜茂,足轻组头,陪臣（锅岛直茂）,龙造寺家,佐嘉城,无,未登场,锅岛胜茂,足轻组头,陪臣（锅岛直茂）,龙造寺家,佐嘉城,无,未登场,锅岛胜茂,足轻组头,陪臣（锅岛直茂）,龙造寺家,佐嘉城,无,未登场,锅岛胜茂,足轻组头,陪臣（锅岛直茂）,龙造寺家,佐嘉城,无,未登场,锅岛胜茂,足轻组头,陪臣（锅岛直茂）,龙造寺家,佐嘉城,无,未登场,锅岛胜茂,足轻组头,陪臣（锅岛直茂）,龙造寺家,佐嘉城,无,已登场,锅岛胜茂,家老,直臣,锅岛家,佐贺城,无,已登场,锅岛胜茂,浪人,其他,无,奈良之町,无,无要求,,
548,666,武将,锅岛直茂,鍋島直茂,精确匹配,锅岛直茂,100,lord_1_nabeshima_4,clan_nabeshima_1,saikai,Nabeshima Naoshige,Nabeshima Naoshige,1538,1554,1618,刀剑,81,55,86,87,64,3,3,3,2,1,2,3,0,3,2,2,3,2,4,2,1,威吓,强袭，拔突，急所击，铁壁，丢钱,策士,锅岛清房,844,,,锅岛胜茂 锅岛清房,只限武将,70,70,普通,勇敢,现实,普通,普通,85,南蛮物,贪心,普通,藤原氏,未登场,锅岛直茂,侍大将,陪臣（锅岛清房）,龙造寺家,佐嘉城,无,已登场,锅岛直茂,部将,直臣,龙造寺家,佐嘉城,无,已登场,锅岛直茂,侍大将,直臣,龙造寺家,佐嘉城,无,已登场,锅岛直茂,部将,直臣,龙造寺家,佐嘉城,无,已登场,锅岛直茂,部将,直臣,龙造寺家,佐嘉城,无,已登场,锅岛直茂,家老,直臣,龙造寺家,佐嘉城,无,已登场,锅岛直茂,家老,直臣,龙造寺家,佐嘉城,无,已登场,锅岛直茂,大名,首领,锅岛家,佐贺城,无,已登场,锅岛直茂,浪人,其他,无,鹿儿岛之町,无,一般条件,,
281,340,口羽通良,口羽,需新建,lord_1_kuchibamichiyoshi,Kuchiba Michiyoshi,,,,,1513,1554,1582,病死,志道元良,1346,,,志道广良,只限武将,36,36,温和,普通,普通,慎重,普通,29,武具,无欲,普通,其他,刀剑,54,42,76,69,64,0,1,1,0,0,0,1,0,2,2,2,2,2,2,1,0,无,强袭,无,无要求,,,已登场,口羽通良,部将,陪臣（吉川元春）,毛利家,吉田郡山城,无,已登场,口羽通良,部将,陪臣（吉川元春）,毛利家,山吹城,无,已登场,口羽通良,部将,陪臣（吉川元春）,毛利家,山吹城,无,已登场,口羽通良,部将,陪臣（吉川元春）,毛利家,山吹城,无,已登场,口羽通良,部将,陪臣（吉川元春）,毛利家,月山富田城,无,已登场,口羽通良,部将,陪臣（吉川元春）,毛利家,月山富田城,无,已死亡,口羽通良,无效,无效,无,无效,无,已死亡,口羽通良,无效,无效,无,无效,无,已登场,口羽通良,浪人,其他,无,会津之町,无,
550,667,武将,成田氏长,成田氏長,精确匹配,成田氏长,100,lord_1_narita,clan_narita_1,kanto,Narita Ujinaga,Narita Ujinaga,1542,1556,1595,刀剑,62,47,50,62,57,1,0,2,1,0,1,0,1,1,1,1,1,0,2,0,0,无,强袭,无,成田长泰,552,(成田亲泰),1352,成田长忠 成田长泰 成田长亲,全职种,82,82,普通,胆小,普通,慎重,不重情义,77,书籍,贪心,嗜酒如命,藤原氏,未登场,成田氏长,侍大将,陪臣（成田长泰）,上杉家,忍城,无,未登场,成田氏长,部将,陪臣（成田长泰）,北条家,忍城,无,已登场,成田氏长,侍大将,陪臣（成田长泰）,长尾家,忍城,无,已登场,成田氏长,城主,直臣,北条家,忍城,无,已登场,成田氏长,城主,直臣,北条家,忍城,无,已登场,成田氏长,城主,直臣,北条家,忍城,无,已登场,成田氏长,城主,直臣,北条家,忍城,无,已死亡,成田氏长,无效,无效,无,无效,无,已登场,成田氏长,浪人,其他,无,长滨之町,无,无要求,,
551,668,武将,成田长忠,成田長忠,姓氏推断,,75,narita,clan_narita_1,kanto,Narita Nagachika,,1550,1564,1616,刀剑,47,40,55,55,56,1,0,0,1,0,1,1,0,0,1,0,0,1,0,0,1,无,强袭,无,成田长泰,552,(成田亲泰),1352,成田氏长 成田长泰 成田长亲,全职种,80,80,普通,胆小,普通,慎重,普通,40,艺术品,普通,普通,藤原氏,未登场,成田长忠,侍大将,陪臣（成田长泰）,上杉家,忍城,无,未登场,成田长忠,侍大将,陪臣（成田氏长）,北条家,忍城,无,未登场,成田长忠,足轻组头,陪臣（成田长泰）,长尾家,忍城,无,已登场,成田长忠,侍大将,陪臣（成田氏长）,北条家,忍城,无,已登场,成田长忠,侍大将,陪臣（成田氏长）,北条家,忍城,无,已登场,成田长忠,侍大将,陪臣（成田氏长）,北条家,忍城,无,已登场,成田长忠,侍大将,陪臣（成田氏长）,北条家,忍城,无,已登场,成田长忠,城主,直臣,德川家,乌山城,无,已登场,成田长忠,浪人,其他,无,长滨之町,无,无要求,,
552,670,武将,成田长泰,成田長泰,精确匹配,成田长泰,100,lord_1_narita_2,clan_narita_1,kanto,Narita Nagayasu,Narita Nagayasu,1493,1554,1571,刀剑,56,55,56,41,60,1,1,0,0,0,0,0,0,0,1,0,0,1,2,0,0,无,强袭,无,(成田亲泰),1352,,,成田氏长 成田长忠 成田长亲,全职种,80,80,普通,胆小,现实,轻率,不重情义,79,武具,贪心,普通,藤原氏,已登场,成田长泰,城主,直臣,上杉家,忍城,无,已登场,成田长泰,城主,直臣,北条家,忍城,无,已登场,成田长泰,城主,直臣,长尾家,忍城,无,已登场,成田长泰,浪人,其他,无,骏府之町,无,已死亡,成田长泰,无效,无效,无,无效,无,已死亡,成田长泰,无效,无效,无,无效,无,已死亡,成田长泰,无效,无效,无,无效,无,已死亡,成田长泰,无效,无效,无,无效,无,已登场,成田长泰,浪人,其他,无,长滨之町,无,无要求,,
282,341,朽木元纲,朽木,需新建,lord_1_tochigimoto,Kuchiki Mototsuna,,,,,1549,1563,1632,病死,,,,,,只限武将,35,35,普通,普通,普通,慎重,不重情义,53,南蛮物,普通,普通,源氏,刀剑,33,36,58,65,41,1,0,1,0,0,1,0,0,1,2,1,2,2,2,1,0,无,强袭,无,无要求,,,未登场,朽木元纲,浪人,其他,无,目加田之町,无,未登场,朽木元纲,足轻大将,直臣,足利家,朽木谷城,无,已登场,朽木元纲,部将,直臣,六角家,观音寺城,无,已登场,朽木元纲,部将,直臣,织田家,岐阜城,无,已登场,朽木元纲,部将,直臣,织田家,岐阜城,无,已登场,朽木元纲,部将,直臣,织田家,安土城,无,已登场,朽木元纲,部将,直臣,羽柴家,石山本愿寺,无,已登场,朽木元纲,部将,直臣,丰臣家,大坂城,无,已登场,朽木元纲,浪人,其他,无,出石之町,无,
283,342,国司元相,国司,需新建,lord_1_kunijimotosou,Kokushi Motoai,,,,,1503,1554,1585,病死,,,,,,只限武将,35,35,普通,勇敢,普通,轻率,普通,61,书籍,普通,普通,其他,枪,44,72,65,58,36,1,2,1,0,1,3,0,0,0,2,3,1,1,1,0,1,无,强袭，连续斩，拔突，粘花，卷枪，引落，柄返，刚力，铁壁,无,无要求,姊小路赖纲/一条兼定/北畠具教,,已登场,国司元相,侍大将,直臣,毛利家,吉田郡山城,无,已登场,国司元相,侍大将,直臣,毛利家,吉田郡山城,无,已登场,国司元相,侍大将,直臣,毛利家,吉田郡山城,无,已登场,国司元相,侍大将,直臣,毛利家,吉田郡山城,无,已登场,国司元相,侍大将,直臣,毛利家,吉田郡山城,无,已登场,国司元相,侍大将,直臣,毛利家,吉田郡山城,无,已登场,国司元相,侍大将,直臣,毛利家,吉田郡山城,无,已死亡,国司元相,无效,无效,无,无效,无,已登场,国司元相,浪人,其他,无,甲府之町,无,
555,673,武将,南部利直,南部利直,姓氏推断,,75,nanbu_toshinao,clan_nanbu_1,ou,Nanbu Toshinao,,1576,1590,1632,刀剑,61,44,76,70,67,2,3,0,0,0,1,1,0,0,2,3,1,1,2,1,1,无,强袭,无,南部信直,556,石川高信,74,石川高信 南部信直,只限武将,65,65,温和,普通,普通,普通,普通,48,书籍,普通,普通,源氏,未登场,南部利直,足轻组头,陪臣（南部信直）,南部家,三户城,无,未登场,南部利直,足轻组头,陪臣（南部信直）,南部家,三户城,无,未登场,南部利直,足轻组头,陪臣（南部信直）,南部家,三户城,无,未登场,南部利直,足轻组头,陪臣（南部信直）,南部家,三户城,无,未登场,南部利直,足轻组头,陪臣（南部信直）,南部家,三户城,无,未登场,南部利直,足轻组头,直臣,南部家,三户城,无,未登场,南部利直,足轻组头,直臣,南部家,三户城,无,已登场,南部利直,家老,直臣,南部家,盛冈城,无,已登场,南部利直,大名,首领,南部家,会津若松城,无,一般条件,,
556,674,武将,南部信直,南部信直,精确匹配,南部信直,100,lord_1_nanbu_2,clan_nanbu_1,ou,Nanbu Nobunao,Nanbu Nobunao,1546,1560,1599,刀剑,72,54,69,68,65,2,3,1,0,2,2,3,0,2,1,2,1,3,3,1,0,无,强袭，拔突，刚弓，铁壁,无,石川高信,74,(南部政康),1321,石川高信 南部利直 南部晴政,只限武将,70,70,普通,勇敢,普通,普通,普通,80,艺术品,贪心,普通,源氏,未登场,南部信直,家老,直臣,南部家,三户城,无,未登场,南部信直,部将,陪臣（南部晴政）,南部家,三户城,无,已登场,南部信直,部将,直臣,南部家,三户城,无,已登场,南部信直,家老,直臣,南部家,三户城,无,已登场,南部信直,家老,直臣,南部家,三户城,无,已登场,南部信直,大名,首领,南部家,三户城,无,已登场,南部信直,大名,首领,南部家,三户城,无,已登场,南部信直,大名,首领,南部家,盛冈城,无,已登场,南部信直,家老,直臣,南部家,会津若松城,无,一般条件,,
557,675,武将,南部晴政,南部晴政,精确匹配,南部晴政,100,lord_1_nanbu,clan_nanbu_1,ou,Nanbu Harumasa,Nanbu Harumasa,1517,1554,1582,刀剑,75,76,60,54,81,3,3,0,1,2,2,3,0,0,1,1,1,1,1,0,1,无,强袭，拔突，刚弓，铁壁,无,(南部政康),1321,,,石川高信 南部信直,只限武将,65,65,温和,勇敢,普通,普通,普通,69,武具,无欲,普通,源氏,已登场,南部晴政,大名,首领,南部家,三户城,无,已登场,南部晴政,大名,首领,南部家,三户城,无,已登场,南部晴政,大名,首领,南部家,三户城,无,已登场,南部晴政,大名,首领,南部家,三户城,无,已登场,南部晴政,大名,首领,南部家,三户城,无,已死亡,南部晴政,无效,无效,无,无效,无,已死亡,南部晴政,无效,无效,无,无效,无,已死亡,南部晴政,无效,无效,无,无效,无,已登场,南部晴政,家老,直臣,南部家,会津若松城,无,一般条件,,
558,676,武将,新纳忠元,新納忠元,精确匹配,新纳忠元,100,lord_1_niro,clan_niro_1,saikai,Niro Tadamoto,Niro Tadamoto,1526,1560,1610,刀剑,71,76,42,76,67,3,2,2,0,0,0,3,0,0,0,1,1,3,3,1,1,钓野伏,强袭,无,,,,,,只限武将,30,30,普通,勇敢,普通,轻率,普通,52,武具,普通,普通,源氏,已登场,新纳忠元,部将,直臣,岛津家,内城,无,已登场,新纳忠元,部将,直臣,岛津家,内城,无,已登场,新纳忠元,侍大将,直臣,岛津家,内城,无,已登场,新纳忠元,部将,直臣,岛津家,内城,无,已登场,新纳忠元,部将,直臣,岛津家,内城,无,已登场,新纳忠元,部将,直臣,岛津家,内城,无,已登场,新纳忠元,部将,直臣,岛津家,内城,无,已登场,新纳忠元,家老,直臣,岛津家,内城,无,已登场,新纳忠元,浪人,其他,无,宇须岸之町,无,一般条件,,
284,343,国友善兵卫,国友,需新建,lord_1_kunitomozenhei,Kuniyoshi Zenbei,,,,,1509,1554,1599,病死,,,,,,没那个意思,80,90,性急,普通,普通,慎重,重视情义,12,南蛮物,普通,普通,其他,火绳枪,21,56,27,15,56,0,0,4,2,0,0,0,1,0,0,4,0,0,0,0,0,无,急所击，二挺击，石火，乱射,火枪名人，名工,无要求,,,已登场,国友善兵卫,锻冶匠,其他,无,今滨之町,无,已登场,国友善兵卫,锻冶匠,其他,无,今滨之町,无,已登场,国友善兵卫,锻冶匠,其他,无,今滨之町,无,已登场,国友善兵卫,锻冶匠,其他,无,今滨之町,无,已登场,国友善兵卫,锻冶匠,其他,无,长滨之町,无,已登场,国友善兵卫,锻冶匠,其他,无,长滨之町,无,已登场,国友善兵卫,锻冶匠,其他,无,长滨之町,无,已登场,国友善兵卫,锻冶匠,其他,无,长滨之町,无,已登场,国友善兵卫,锻冶匠,其他,无,长滨之町,无,
560,679,武将,仁科盛信,仁科盛信,精确匹配,仁科盛信,100,lord_1_nishina,clan_nishina_1,tosan,Nishina Morinobu,Nishina Morinobu,1557,1571,1582,刀剑,70,74,55,41,65,2,3,2,0,2,2,2,1,1,1,1,0,1,1,1,0,无,强袭，拔突，刚弓，铁壁,无,武田信玄,449,武田信虎,801,一条信龙 武田胜赖 武田逍遥轩 武田信玄 武田信繁 武田信丰 武田义信 武田信虎,只限武将,61,61,性急,勇敢,普通,轻率,普通,46,武具,普通,普通,平氏,未登场,仁科盛信,侍大将,直臣,武田家,踯躅崎馆,无,未登场,仁科盛信,侍大将,陪臣（武田信玄）,武田家,踯躅崎馆,无,未登场,仁科盛信,侍大将,直臣,武田家,踯躅崎馆,无,未登场,仁科盛信,侍大将,直臣,武田家,踯躅崎馆,无,已登场,仁科盛信,城主,直臣,武田家,高远城,无,已登场,仁科盛信,城主,直臣,武田家,高远城,无,已死亡,仁科盛信,无效,无效,无,无效,无,已死亡,仁科盛信,无效,无效,无,无效,无,已登场,仁科盛信,浪人,其他,无,丸龟之町,无,一般条件,,
285,344,九户政实,九户,精确匹配,lord_1_konohe,Konohe Masazane,clan_konohe_1,ou,精确匹配织丰,,1536,1554,1591,战死,,,,,,全职种,61,61,普通,勇敢,理想,轻率,不重情义,90,武具,贪心,普通,源氏,刀剑,63,49,34,26,44,2,2,0,1,1,1,0,1,1,1,0,1,0,0,0,1,无,强袭,无,无要求,,,已登场,九户政实,城主,直臣,南部家,九户城,无,已登场,九户政实,城主,直臣,南部家,九户城,无,已登场,九户政实,城主,直臣,南部家,九户城,无,已登场,九户政实,城主,直臣,南部家,九户城,无,已登场,九户政实,城主,直臣,南部家,九户城,无,已登场,九户政实,城主,直臣,南部家,九户城,无,已登场,九户政实,城主,直臣,南部家,九户城,无,已死亡,九户政实,无效,无效,无,无效,无,已登场,九户政实,大名,首领,九户家,月山富田城,无,
286,345,熊谷信直,熊谷,需新建,lord_1_kumagayanobunao,Kumagai Nobunao,,,,,1507,1554,1593,病死,,,,,,只限武将,36,36,温和,勇敢,普通,普通,重视情义,39,武具,无欲,普通,平氏,刀剑,63,69,41,46,47,1,2,1,0,2,1,2,0,1,0,0,0,0,0,1,0,无,强袭，刚弓,无,无要求,,,已登场,熊谷信直,部将,直臣,毛利家,吉田郡山城,无,已登场,熊谷信直,部将,陪臣（吉川元春）,毛利家,山吹城,无,已登场,熊谷信直,部将,陪臣（吉川元春）,毛利家,山吹城,无,已登场,熊谷信直,部将,陪臣（吉川元春）,毛利家,山吹城,无,已登场,熊谷信直,部将,陪臣（吉川元春）,毛利家,月山富田城,无,已登场,熊谷信直,部将,陪臣（吉川元春）,毛利家,月山富田城,无,已登场,熊谷信直,部将,陪臣（吉川元长）,毛利家,月山富田城,无,已死亡,熊谷信直,无效,无效,无,无效,无,已登场,熊谷信直,头目,首领,钵屋众,钵屋之里,无,
563,682,武将,二本松义继,二本松義繼,精确匹配,二本松义继,100,lord_1_nihonmatsu_2,clan_nihonmatsu_1,ou,Nihonmatsu Yoshitsugu,Nihonmatsu Yoshitsugu,1552,1566,1585,刀剑,42,37,50,45,53,0,1,2,0,0,0,0,0,0,0,0,2,1,0,1,1,无,强袭,无,,,,,,只限武将,15,15,普通,普通,普通,轻率,不重情义,56,艺术品,普通,普通,源氏,未登场,二本松义继,城主,直臣,芦名家,二本松城,无,未登场,二本松义继,城主,直臣,芦名家,二本松城,无,未登场,二本松义继,城主,直臣,芦名家,二本松城,无,已登场,二本松义继,城主,直臣,芦名家,二本松城,无,已登场,二本松义继,城主,直臣,芦名家,二本松城,无,已登场,二本松义继,城主,直臣,芦名家,二本松城,无,已登场,二本松义继,城主,直臣,芦名家,二本松城,无,已死亡,二本松义继,无效,无效,无,无效,无,已登场,二本松义继,部将,直臣,二阶堂家,金泽城,无,无要求,,
564,683,武将,丹羽长重,丹羽長重,姓氏推断,,75,niwa,clan_niwa_1,tosan,Niwa Nagashige,,1571,1585,1637,刀剑,53,41,42,38,30,2,1,0,0,0,1,1,1,0,0,0,1,0,2,1,0,无,强袭,无,丹羽长秀,565,,,丹羽长秀,只限武将,15,20,温和,胆小,普通,普通,普通,56,艺术品,普通,普通,平氏,未登场,丹羽长重,足轻组头,陪臣（丹羽长秀）,织田家,那古野城,无,未登场,丹羽长重,足轻组头,陪臣（丹羽长秀）,织田家,清洲城,无,未登场,丹羽长重,足轻组头,陪臣（丹羽长秀）,织田家,清洲城,无,未登场,丹羽长重,足轻组头,陪臣（丹羽长秀）,织田家,岐阜城,无,未登场,丹羽长重,足轻组头,陪臣（丹羽长秀）,织田家,佐和山城,无,未登场,丹羽长重,足轻组头,陪臣（丹羽长秀）,织田家,佐和山城,无,已登场,丹羽长重,家老,直臣,丹羽家,北之庄城,无,已登场,丹羽长重,大名,首领,丹羽家,小松城,无,已登场,丹羽长重,浪人,其他,无,长滨之町,无,无要求,,
565,684,武将,丹羽长秀,丹羽長秀,精确匹配,丹羽长秀,100,lord_1_niwa,clan_niwa_1,tosan,Niwa Nagahide,Niwa Nagahide,1535,1554,1585,刀剑,77,56,81,70,75,3,2,2,0,0,2,2,0,4,3,1,3,1,2,2,1,紧急修补,强袭，拔突，铁壁，丢钱,无,,,,,丹羽长重,只限武将,10,10,温和,普通,普通,普通,普通,40,武具,无欲,普通,平氏,已登场,丹羽长秀,侍大将,直臣,织田家,那古野城,无,已登场,丹羽长秀,家老,直臣,织田家,清洲城,无,已登场,丹羽长秀,家老,直臣,织田家,清洲城,无,已登场,丹羽长秀,家老,直臣,织田家,岐阜城,无,已登场,丹羽长秀,城主,直臣,织田家,佐和山城,无,已登场,丹羽长秀,城主,直臣,织田家,佐和山城,无,已登场,丹羽长秀,大名,首领,丹羽家,北之庄城,无,已死亡,丹羽长秀,无效,无效,无,无效,无,已登场,丹羽长秀,浪人,其他,无,长滨之町,无,一般条件,,
566,685,武将,温井景隆,溫井景隆,精确匹配,温井景隆,100,lord_1_nukui,clan_nukui_1,hokuriku,Nukui Kagetaka,Nukui Kagetaka,1532,1554,1582,刀剑,51,31,60,68,64,1,2,1,0,0,0,0,0,1,0,0,0,1,1,0,0,无,强袭,无,,,,,,只限武将,90,90,性急,勇敢,普通,轻率,普通,72,书籍,无欲,普通,藤原氏,已登场,温井景隆,家老,直臣,畠山家,七尾城,无,已登场,温井景隆,家老,直臣,畠山家,七尾城,无,已登场,温井景隆,侍大将,直臣,畠山家,七尾城,无,已登场,温井景隆,家老,直臣,长家,七尾城,无,已登场,温井景隆,家老,直臣,长家,七尾城,无,已登场,温井景隆,侍大将,陪臣（中条景泰）,上杉家,鱼津城,无,已死亡,温井景隆,无效,无效,无,无效,无,已死亡,温井景隆,无效,无效,无,无效,无,已登场,温井景隆,浪人,其他,无,足利之町,无,无要求,,
287,348,组屋源四郎,组屋,需新建,lord_1_genshirou,Kumaya Genshirou,,,,,1538,1554,1616,病死,,,,,,武将以外优先,5,5,普通,普通,普通,普通,普通,56,南蛮物,贪心,普通,其他,枪,29,21,60,66,58,0,0,0,2,0,0,0,1,0,1,2,4,2,3,2,1,威吓,拔突，丢钱，贿赂，大宴宾客,风雅之士,无要求,,,已登场,组屋源四郎,当家,首领,组屋,小滨之町,无,已登场,组屋源四郎,当家,首领,组屋,小滨之町,无,已登场,组屋源四郎,当家,首领,组屋,小滨之町,无,已登场,组屋源四郎,当家,首领,组屋,小滨之町,无,已登场,组屋源四郎,当家,首领,组屋,小滨之町,无,已登场,组屋源四郎,当家,首领,组屋,小滨之町,无,已登场,组屋源四郎,当家,首领,组屋,小滨之町,无,已登场,组屋宗圆,当家,首领,组屋,小滨之町,无,已登场,组屋源四郎,家老,直臣,茶屋家,岐阜城,无,
288,495,末吉孙左卫门,末吉,需新建,lord_1_suekichi,Sueyoshi Magosaburou,,,,,1570,1584,1617,病死,,,,,,武将以外优先,15,15,普通,普通,普通,轻率,普通,56,南蛮物,贪心,普通,其他,枪,47,16,64,68,70,0,0,1,3,0,0,0,0,2,1,2,4,3,2,3,2,无,拔突，丢钱，贿赂,风雅之士,无要求,,,未登场,末吉孙左卫门,浪人,其他,无,石山之町,无,未登场,末吉孙左卫门,浪人,其他,无,石山之町,无,未登场,末吉孙左卫门,浪人,其他,无,石山之町,无,未登场,末吉孙左卫门,浪人,其他,无,石山之町,无,未登场,末吉孙左卫门,浪人,其他,无,石山之町,无,已登场,末吉孙左卫门,当家,首领,平野屋,石山之町,无,已登场,末吉孙左卫门,当家,首领,平野屋,石山之町,无,已登场,末吉孙左卫门,当家,首领,平野屋,大坂之町,无,已登场,末吉孙左卫门,浪人,其他,无,甲府之町,无,
289,349,藏田五郎左,藏田,需新建,lord_1_kuratagoroza,Kurada Gorouza,,,,,1518,1554,1580,病死,,,,,,全职种,15,15,温和,普通,现实,慎重,重视情义,22,艺术品,普通,普通,其他,枪,40,34,56,53,57,2,1,1,1,1,1,1,0,0,1,0,3,1,2,1,0,无,拔突，丢钱，大宴宾客,风雅之士,一般条件,,,已登场,藏田五郎左,当家,首领,越后屋,直江津之町,无,已登场,藏田五郎左,当家,首领,越后屋,直江津之町,无,已登场,藏田五郎左,当家,首领,越后屋,直江津之町,无,已登场,藏田五郎左,当家,首领,越后屋,直江津之町,无,已登场,藏田五郎左,当家,首领,越后屋,直江津之町,无,已死亡,藏田五郎左,无效,无效,无,无效,无,已死亡,藏田五郎左,无效,无效,无,无效,无,已死亡,藏田五郎左,无效,无效,无,无效,无,已登场,藏田五郎左,部将,直臣,五代家,安土城,无,
290,351,来岛通总,来岛,精确匹配,lord_1_murakami_4,Murakami Michifusa,clan_murakami_1,sanyo,精确匹配织丰,,1561,1575,1597,战死,村上通康,291,,,村上通康 得居通之,全职种,7,7,普通,胆小,普通,轻率,不重情义,71,艺术品,贪心,嗜酒如命,其他,刀剑,67,69,42,55,59,1,0,2,4,2,2,2,0,1,0,0,0,0,1,0,1,进水，蝴蝶之阵,强袭，拔突，刚弓，铁壁,无,一般条件,,,未登场,来岛通总,船头,直臣,村上水军,三岛之砦,无,未登场,来岛通总,船头,陪臣（村上通康）,村上水军,三岛之砦,无,未登场,来岛通总,水夫,陪臣（村上通康）,村上水军,三岛之砦,无,已登场,来岛通总,船头,直臣,村上水军,三岛之砦,无,已登场,来岛通总,船头,直臣,村上水军,三岛之砦,无,已登场,来岛通总,船头,直臣,村上水军,三岛之砦,无,已登场,来岛通总,足轻大将,直臣,羽柴家,石山本愿寺,无,已死亡,来岛通总,无效,无效,无,无效,无,已登场,来岛通总,水夫,直臣,村上水军,三岛之砦,无,
291,857,村上通康,村上,姓氏推断,lord_1_murakami_michiyasu,Murakami Munekatsu,clan_murakami_2,hokuriku,家族和文化自动推断,,1519,1554,1567,病死,,,,,来岛通总 得居通之,全职种,7,7,温和,勇敢,普通,轻率,不重情义,55,武具,贪心,嗜酒如命,其他,刀剑,69,72,36,48,52,0,0,2,4,2,2,1,0,2,0,0,2,0,0,0,0,水上禁行，蝴蝶之阵,强袭，拔突，刚弓，铁壁,无,一般条件,,,已登场,村上通康,船头,直臣,村上水军,三岛之砦,无,已登场,村上通康,船头,直臣,村上水军,三岛之砦,无,已登场,村上通康,船头,直臣,村上水军,三岛之砦,无,已死亡,村上通康,无效,无效,无,无效,无,已死亡,村上通康,无效,无效,无,无效,无,已死亡,村上通康,无效,无效,无,无效,无,已死亡,村上通康,无效,无效,无,无效,无,已死亡,村上通康,无效,无效,无,无效,无,已登场,村上通康,侍大将,直臣,上泉家,内城,无,
292,352,黑田如水,黑田,姓氏推断,lord_1_kuroda_kanpei,Kuroda Iekata,clan_kuroda_1,kinai,家族和文化自动推断,,1546,1561,1604,病死,黑田职隆,294,,,黑田长政 黑田职隆,只限武将,6,6,普通,胆小,理想,慎重,不重情义,98,南蛮物,贪心,普通,源氏,枪,88,55,86,92,86,4,3,3,2,2,1,4,1,4,3,4,3,2,4,2,3,强行突破，紧急修补，影武者，威吓，加护,拔突，急所击，刚弓，伤药，丢钱,军师，说客,一般条件,,主角丰臣秀吉，剧情救出黑田官兵卫,未登场,黑田官兵卫,足轻组头,陪臣（黑田职隆）,赤松家,御着城,无,未登场,黑田官兵卫,足轻组头,陪臣（小寺政职）,赤松家,御着城,无,已登场,黑田官兵卫,足轻组头,陪臣（小寺政职）,赤松家,御着城,无,已登场,黑田官兵卫,足轻组头,陪臣（小寺政职）,赤松家,御着城,无,已登场,黑田官兵卫,足轻组头,陪臣（羽柴秀吉）,织田家,长滨城,无,已登场,黑田官兵卫,部将,陪臣（羽柴秀吉）,织田家,姬路城,无,已登场,黑田官兵卫,家老,直臣,羽柴家,石山本愿寺,无,已登场,黑田如水,家老,直臣,黑田家,中津城,无,已登场,黑田如水,家老,直臣,黑田家,宇和岛城,无,
293,353,黑田长政,黑田,精确匹配,lord_1_kuroda_4,Kuroda Nagamasa,clan_kuroda_1,kinai,精确匹配织丰,,1568,1582,1623,病死,黑田如水,292,黑田职隆,294,黑田如水 黑田职隆,只限武将,99,99,温和,勇敢,现实,普通,不重情义,70,武具,普通,普通,源氏,枪,72,68,75,78,80,2,2,3,2,2,3,3,1,3,3,3,2,2,2,3,1,无,强袭，连续斩，拔突，粘花，急所击，刚弓，卷枪，引落，柄返，刚力，铁壁，辱骂，克己,无,一般条件,,,未登场,黑田长政,足轻组头,陪臣（黑田官兵卫）,赤松家,御着城,无,未登场,黑田长政,足轻组头,陪臣（小寺政职）,赤松家,御着城,无,未登场,黑田长政,足轻组头,陪臣（小寺政职）,赤松家,御着城,无,未登场,黑田长政,足轻组头,陪臣（小寺政职）,赤松家,御着城,无,未登场,黑田长政,足轻组头,陪臣（小寺政职）,赤松家,姬路城,无,已登场,黑田长政,足轻组头,陪臣（羽柴秀吉）,织田家,姬路城,无,已登场,黑田长政,足轻组头,陪臣（黑田官兵卫）,羽柴家,石山本愿寺,无,已登场,黑田长政,大名,首领,黑田家,中津城,柳生新阴流,已登场,黑田长政,家老,直臣,黑田家,宇和岛城,无,
574,694,武将,芳贺高定,芳賀高定,精确匹配,芳贺高定,100,lord_1_haga,clan_haga_1,kanto,Haga Takasada,Haga Takasada,1527,1554,1570,刀剑,59,36,64,72,60,1,2,0,0,0,1,2,0,1,1,1,1,2,3,0,1,无,强袭,无,,,,,,全职种,50,50,普通,普通,普通,慎重,不重情义,59,武具,贪心,普通,其他,已登场,芳贺高定,家老,直臣,宇都宫家,宇都宫城,无,已登场,芳贺高定,家老,直臣,宇都宫家,宇都宫城,无,已登场,芳贺高定,家老,直臣,宇都宫家,宇都宫城,无,已登场,芳贺高定,家老,直臣,宇都宫家,宇都宫城,无,已死亡,芳贺高定,无效,无效,无,无效,无,已死亡,芳贺高定,无效,无效,无,无效,无,已死亡,芳贺高定,无效,无效,无,无效,无,已死亡,芳贺高定,无效,无效,无,无效,无,已登场,芳贺高定,浪人,其他,无,严岛之町,无,无要求,,
575,695,武将,芳贺高继,芳賀高繼,精确匹配,芳贺高继,100,lord_1_haga_4,clan_haga_1,kanto,Haga Takatsugu,Haga Takatsugu,1550,1564,1592,刀剑,49,43,60,70,62,1,1,1,0,1,1,1,0,0,2,1,1,1,2,2,1,无,强袭,无,,,,,,全职种,50,50,温和,普通,现实,普通,不重情义,78,书籍,无欲,普通,其他,未登场,芳贺高继,部将,直臣,宇都宫家,宇都宫城,无,未登场,芳贺高继,部将,直臣,宇都宫家,宇都宫城,无,已登场,芳贺高继,部将,直臣,宇都宫家,宇都宫城,无,已登场,芳贺高继,部将,直臣,宇都宫家,宇都宫城,无,已登场,芳贺高继,部将,直臣,宇都宫家,宇都宫城,无,已登场,芳贺高继,部将,直臣,宇都宫家,宇都宫城,无,已登场,芳贺高继,部将,直臣,宇都宫家,宇都宫城,无,已死亡,芳贺高继,无效,无效,无,无效,无,已登场,芳贺高继,浪人,其他,无,会津之町,无,无要求,,
294,354,黑田职隆,黑田,精确匹配,lord_1_kuroda_2,Kuroda Mototaka,clan_kuroda_1,kinai,精确匹配织丰,,1524,1554,1585,病死,,,,,黑田如水 黑田长政,全职种,95,95,温和,普通,现实,普通,普通,42,书籍,普通,普通,源氏,枪,66,60,56,70,59,2,2,1,1,2,2,1,0,2,2,1,3,2,2,0,3,无,强袭，拔突，刚弓，铁壁，伤药，丢钱,无,无要求,,,已登场,黑田职隆,部将,陪臣（小寺政职）,赤松家,御着城,无,已登场,黑田职隆,部将,陪臣（小寺政职）,赤松家,御着城,无,已登场,黑田职隆,部将,陪臣（小寺政职）,赤松家,御着城,无,已登场,黑田职隆,部将,陪臣（小寺政职）,赤松家,御着城,无,已登场,黑田职隆,部将,陪臣（小寺政职）,赤松家,姬路城,无,已登场,黑田职隆,侍大将,陪臣（羽柴秀吉）,织田家,姬路城,无,已登场,黑田职隆,侍大将,陪臣（黑田官兵卫）,羽柴家,石山本愿寺,无,已死亡,黑田职隆,无效,无效,无,无效,无,已登场,黑田职隆,大名,首领,黑田家,宇和岛城,无,
295,355,桑名吉成,桑名,需新建,lord_1_kuwanayoshinari,Kuwana Yoshinari,,,,,1551,1565,1615,战死,,,,,,只限武将,42,42,普通,勇敢,现实,轻率,重视情义,40,武具,无欲,普通,平氏,刀剑,59,53,47,43,53,2,3,2,0,0,1,2,0,0,1,0,1,0,1,1,0,无,强袭,无,无要求,,,未登场,桑名吉成,足轻大将,直臣,长宗我部家,冈丰城,无,未登场,桑名吉成,足轻大将,直臣,长宗我部家,冈丰城,无,已登场,桑名吉成,足轻组头,直臣,长宗我部家,冈丰城,无,已登场,桑名吉成,足轻大将,直臣,长宗我部家,冈丰城,无,已登场,桑名吉成,足轻大将,直臣,长宗我部家,冈丰城,无,已登场,桑名吉成,足轻大将,直臣,长宗我部家,冈丰城,无,已登场,桑名吉成,足轻大将,直臣,长宗我部家,冈丰城,无,已登场,桑名吉成,侍大将,直臣,长宗我部家,冈丰城,无,已登场,桑名吉成,浪人,其他,无,清洲之町,无,
578,698,武将,畠山高政,畠山高政,精确匹配,畠山高政,100,lord_1_hatakeyama_3,clan_hatakeyama_1,kinai,Hatakeyama Takamasa,Hatakeyama Takamasa,1527,1554,1576,刀剑,32,39,42,36,28,1,1,1,1,1,1,0,0,0,0,0,0,3,1,1,0,无,强袭,无,(畠山政国),1317,,,畠山秋高,只限武将,0,0,性急,勇敢,理想,轻率,不重情义,83,艺术品,贪心,嗜酒如命,源氏,已登场,畠山高政,大名,首领,畠山家,高屋城,无,已登场,畠山高政,大名,首领,畠山家,高屋城,无,已登场,畠山高政,大名,首领,畠山家,高屋城,无,已登场,畠山高政,城主,直臣,织田家,高屋城,无,已登场,畠山高政,浪人,其他,无,杂贺之町,无,已死亡,畠山高政,无效,无效,无,无效,无,已死亡,畠山高政,无效,无效,无,无效,无,已死亡,畠山高政,无效,无效,无,无效,无,已登场,畠山高政,足轻组头,直臣,山中家,江户城,无,无要求,,
579,699,武将,畠山义续,畠山義續,姓氏推断,,75,hatakeyama,clan_hatakeyama_1,kinai,Hatakeyama Yoshinaga,,1516,1554,1590,刀剑,32,30,48,17,18,0,0,0,0,0,0,1,0,0,0,0,1,0,0,0,0,无,强袭,无,(畠山义总),1341,,,畠山义纲 松波义亲,只限武将,90,90,普通,勇敢,普通,轻率,普通,55,艺术品,贪心,普通,源氏,已登场,畠山义续,大名,首领,畠山家,七尾城,无,已登场,畠山义续,家老,直臣,畠山家,七尾城,无,已登场,畠山义续,家老,直臣,畠山家,七尾城,无,已登场,畠山义续,浪人,其他,无,目加田之町,无,已登场,畠山义续,浪人,其他,无,目加田之町,无,已登场,畠山义续,浪人,其他,无,安土之町,无,已登场,畠山义续,浪人,其他,无,安土之町,无,已死亡,畠山义续,无效,无效,无,无效,无,已登场,畠山义续,足轻组头,直臣,山中家,江户城,无,无要求,,
580,700,武将,畠山义纲,畠山義綱,精确匹配,畠山义纲,100,dead_lord_1_notohatakeyama_2,clan_notohatakeyama_1,hokuriku,Noto-Hatakeyama Yoshitsuna,Noto-Hatakeyama Yoshitsuna,1537,1554,1593,刀剑,54,47,58,36,28,1,0,1,0,0,0,0,0,1,1,0,0,0,0,0,0,无,强袭,无,畠山义续,579,(畠山义总),1341,畠山义续 松波义亲,只限武将,90,90,普通,胆小,理想,慎重,普通,78,南蛮物,贪心,普通,源氏,已登场,畠山义纲,家老,直臣,畠山家,七尾城,无,已登场,畠山义纲,大名,首领,畠山家,七尾城,无,已登场,畠山义纲,大名,首领,畠山家,七尾城,无,已登场,畠山义纲,浪人,其他,无,今滨之町,无,已登场,畠山义纲,浪人,其他,无,长滨之町,无,已登场,畠山义纲,浪人,其他,无,长滨之町,无,已登场,畠山义纲,浪人,其他,无,长滨之町,无,已死亡,畠山义纲,无效,无效,无,无效,无,已登场,畠山义纲,足轻组头,直臣,山中家,江户城,无,无要求,,
581,701,武将,波多野晴通,波多野晴通,姓氏推断,,50,arima_noharumichi,clan_arima_1,saikai,Hatano Harumichi,,1520,1554,1560,刀剑,28,27,38,19,36,0,1,0,0,1,0,0,0,0,1,1,0,0,1,0,1,无,强袭,无,,,,,波多野秀尚 波多野秀治,只限武将,40,40,普通,普通,普通,轻率,不重情义,38,艺术品,普通,普通,藤原氏,已登场,波多野晴通,大名,首领,波多野家,八上城,无,已登场,波多野晴通,大名,首领,波多野家,八上城,无,已死亡,波多野晴通,无效,无效,无,无效,无,已死亡,波多野晴通,无效,无效,无,无效,无,已死亡,波多野晴通,无效,无效,无,无效,无,已死亡,波多野晴通,无效,无效,无,无效,无,已死亡,波多野晴通,无效,无效,无,无效,无,已死亡,波多野晴通,无效,无效,无,无效,无,已登场,波多野晴通,船头,直臣,丰后水军,一尺屋之砦,无,无要求,,
582,702,武将,波多野秀尚,波多野秀尚,姓氏推断,,50,arima_nohidenao,clan_arima_1,saikai,Hatano Hideharu,,1540,1554,1579,刀剑,57,53,38,29,36,2,2,1,0,0,0,1,0,0,1,0,0,0,0,0,0,无,强袭,无,波多野晴通,581,,,波多野晴通 波多野秀治,只限武将,40,40,普通,普通,普通,轻率,不重情义,60,艺术品,普通,普通,藤原氏,未登场,波多野秀尚,部将,直臣,波多野家,八上城,无,已登场,波多野秀尚,部将,直臣,波多野家,八上城,无,已登场,波多野秀尚,部将,直臣,波多野家,八上城,无,已登场,波多野秀尚,部将,直臣,波多野家,八上城,无,已登场,波多野秀尚,部将,直臣,波多野家,八上城,无,已死亡,波多野秀尚,无效,无效,无,无效,无,已死亡,波多野秀尚,无效,无效,无,无效,无,已死亡,波多野秀尚,无效,无效,无,无效,无,已登场,波多野秀尚,头领,首领,丰后水军,一尺屋之砦,无,无要求,,
583,703,武将,波多野秀治,波多野秀治,姓氏推断,,50,arima_noshuuji,clan_arima_1,saikai,Hatano Hideji,,1535,1554,1579,刀剑,64,64,43,33,56,2,0,1,0,0,0,1,0,0,0,1,0,2,1,0,0,无,强袭,无,波多野晴通,581,,,波多野晴通 波多野秀尚,只限武将,40,40,普通,普通,理想,轻率,不重情义,61,书籍,无欲,普通,藤原氏,已登场,波多野秀治,家老,直臣,波多野家,八上城,无,已登场,波多野秀治,家老,直臣,波多野家,八上城,无,已登场,波多野秀治,大名,首领,波多野家,八上城,无,已登场,波多野秀治,大名,首领,波多野家,八上城,无,已登场,波多野秀治,大名,首领,波多野家,八上城,无,已死亡,波多野秀治,无效,无效,无,无效,无,已死亡,波多野秀治,无效,无效,无,无效,无,已死亡,波多野秀治,无效,无效,无,无效,无,已登场,波多野秀治,船头,直臣,丰后水军,一尺屋之砦,无,一般条件,,
296,291,上泉信纲,上泉,需新建,lord_1_kamiizumishin,Kamiizumi Nobutsuna,,,,,1508,1554,1573,病死,上泉秀继,1311,,,疋田丰五郎 上泉泰纲,没那个意思,90,90,温和,普通,现实,轻率,普通,25,武具,无欲,滴酒不沾,其他,刀剑,86,100,13,12,93,3,0,0,0,3,4,3,2,0,0,0,0,3,0,0,2,无,强袭，连续斩，月影，一刀两断，转，拔突，二连苦无，刚弓，浮舟，当身，肋一寸，刚力，铁壁，天狗抄，心眼，辱骂，大喝,剑圣,一般条件,,主角柳生宗严，无刀取剧情,已登场,上泉秀纲,部将,陪臣（长野业正）,上杉家,箕轮城,新阴流,已登场,上泉秀纲,部将,直臣,长野家,箕轮城,新阴流,已登场,上泉秀纲,部将,直臣,长野家,箕轮城,新阴流,已登场,上泉信纲,师范,其他,无,厩桥之町,新阴流,已死亡,上泉信纲,无效,无效,无,无效,无,已死亡,上泉信纲,无效,无效,无,无效,无,已死亡,上泉信纲,无效,无效,无,无效,无,已死亡,上泉信纲,无效,无效,无,无效,无,已登场,上泉信纲,大名,首领,上泉家,内城,新阴流,
297,356,高坂甚内,高坂,需新建,lord_1_kousakajinnai,Kousaka Jinnai,,,,,1546,1560,1613,战死,,,,,,武将以外优先,60,60,普通,勇敢,现实,轻率,不重情义,74,艺术品,贪心,普通,其他,苦无,54,66,17,57,29,1,0,1,0,1,2,2,3,0,0,0,0,0,0,0,0,破技之术，雷爆之术，错乱之术,强袭，拔突，二连苦无，半月，毒苦无，十字投，叠返之术，铁壁,无,无要求,,,未登场,高坂甚内,上忍,直臣,透波众,透波之里,无,未登场,高坂甚内,上忍,直臣,透波众,透波之里,无,已登场,高坂甚内,上忍,直臣,透波众,透波之里,无,已登场,高坂甚内,上忍,直臣,透波众,透波之里,无,已登场,高坂甚内,上忍,直臣,透波众,透波之里,无,已登场,高坂甚内,上忍,直臣,透波众,透波之里,无,已登场,高坂甚内,上忍,直臣,透波众,透波之里,无,已登场,高坂甚内,浪人,其他,无,江户之町,无,已登场,高坂甚内,浪人,其他,无,诹访之町,无,主角丰臣秀吉，墨俣筑城战胜利
298,357,高坂昌信,高坂,需新建,lord_1_kousakamasanobu,Kousaka Masanobu,,,,,1527,1554,1578,病死,,,,,,只限武将,62,62,普通,勇敢,普通,普通,重视情义,29,武具,无欲,普通,其他,弓,88,79,65,68,87,2,4,2,0,2,3,4,2,2,0,3,2,2,1,0,2,风林火山，破技之术,强袭，连续斩，拔突，二连苦无，刚弓，刚力，铁壁,无,一般条件,,,已登场,高坂昌信,侍大将,直臣,武田家,踯躅崎馆,无,已登场,高坂昌信,家老,直臣,武田家,踯躅崎馆,无,已登场,高坂昌信,城主,直臣,武田家,海津城,无,已登场,高坂昌信,城主,直臣,武田家,海津城,无,已登场,高坂昌信,城主,直臣,武田家,海津城,无,已死亡,高坂昌信,无效,无效,无,无效,无,已死亡,高坂昌信,无效,无效,无,无效,无,已死亡,高坂昌信,无效,无效,无,无效,无,已登场,高坂昌信,上忍,直臣,伊贺众,伊贺之里,无,
587,708,武将,服部半藏,服部半藏,姓氏推断,,50,hattori_hanzou,clan_hattori_1,tokai,Hattori Hanzou,,1542,1556,1596,枪,57,90,10,75,58,4,1,2,0,3,3,2,4,0,0,1,2,2,0,0,3,破技之术，雾隐之术,强袭，连续斩，拔突，粘花，二连苦无，半月，刚弓，卷枪，引落，柄返，刚力，铁壁，伤药,枪术能手,,,,,,全职种,90,90,普通,普通,普通,慎重,重视情义,23,书籍,无欲,普通,平氏,未登场,服部半藏,足轻大将,直臣,松平家,冈崎城,无,未登场,服部半藏,足轻大将,陪臣（松平元康）,今川家,骏府城,无,已登场,服部半藏,足轻组头,陪臣（松平元康）,今川家,冈崎城,无,已登场,服部半藏,足轻大将,直臣,德川家,冈崎城,无,已登场,服部半藏,足轻大将,直臣,德川家,滨松城,无,已登场,服部半藏,足轻大将,直臣,德川家,滨松城,无,已登场,服部半藏,足轻大将,直臣,德川家,滨松城,无,已死亡,服部半藏,无效,无效,无,无效,无,已登场,服部半藏,浪人,其他,无,小仓之町,无,无要求,,
299,358,香宗我部亲泰,香宗我部,精确匹配,lord_1_kosokabe,Kosokabe Chikayasu,clan_kosokabe_1,nankai,精确匹配织丰,,1543,1557,1593,病死,长宗我部国亲,481,,,香川亲和 吉良亲贞 吉良亲实 长宗我部国亲 长宗我部信亲 长宗我部元亲 长宗我部盛亲 津野亲忠,只限武将,80,80,温和,普通,普通,慎重,重视情义,30,艺术品,无欲,普通,源氏,刀剑,78,64,78,82,77,3,1,2,0,1,2,2,0,2,2,2,0,2,3,1,0,无,强袭，拔突，铁壁,无,一般条件,,,未登场,香宗我部亲泰,部将,直臣,长宗我部家,冈丰城,无,未登场,香宗我部亲泰,部将,陪臣（长宗我部国亲）,长宗我部家,冈丰城,无,已登场,香宗我部亲泰,部将,直臣,长宗我部家,冈丰城,无,已登场,香宗我部亲泰,部将,直臣,长宗我部家,冈丰城,无,已登场,香宗我部亲泰,部将,直臣,长宗我部家,冈丰城,无,已登场,香宗我部亲泰,部将,直臣,长宗我部家,冈丰城,无,已登场,香宗我部亲泰,国主,直臣,长宗我部家,安艺城,无,已死亡,香宗我部亲泰,无效,无效,无,无效,无,已登场,香宗我部亲泰,浪人,其他,无,安土之町,无,
300,360,河野通直牛福丸,河野,姓氏推断,lord_1_kawano_tsuuchokuushifukumaru,Kawano Masashige,clan_kawano_1,sanyo,家族和文化自动推断,,1564,1578,1587,病死,,,,,,全职种,43,43,性急,胆小,现实,轻率,普通,49,南蛮物,普通,普通,其他,刀剑,44,41,50,36,48,1,0,1,2,0,2,1,0,0,1,1,0,1,0,1,1,无,强袭，拔突，铁壁,无,无要求,,,未登场,河野牛福丸,家老,直臣,河野家,汤筑城,无,未登场,河野牛福丸,部将,陪臣（河野通宣）,河野家,汤筑城,无,未登场,河野牛福丸,家老,直臣,河野家,汤筑城,无,未登场,河野牛福丸,家老,直臣,河野家,汤筑城,无,未登场,河野牛福丸,家老,直臣,河野家,汤筑城,无,已登场,河野通直,大名,首领,河野家,汤筑城,无,已登场,河野通直,大名,首领,河野家,汤筑城,无,已死亡,河野牛福丸,无效,无效,无,无效,无,已登场,河野牛福丸,家老,直臣,河尻家,水户城,无,
301,362,河野通宣,河野,精确匹配,lord_1_kawano,Kawano Michinobu,clan_kawano_1,sanyo,精确匹配织丰,,1527,1554,1581,病死,,,,,,全职种,43,43,普通,胆小,现实,慎重,普通,35,南蛮物,普通,普通,其他,刀剑,40,43,41,27,35,1,0,0,2,0,0,1,1,0,0,0,2,1,0,0,0,无,强袭,无,一般条件,,,已登场,河野通宣,大名,首领,河野家,汤筑城,无,已登场,河野通宣,大名,首领,河野家,汤筑城,无,已登场,河野通宣,大名,首领,河野家,汤筑城,无,已登场,河野通宣,大名,首领,河野家,汤筑城,无,已登场,河野通宣,大名,首领,河野家,汤筑城,无,已死亡,河野通宣,无效,无效,无,无效,无,已死亡,河野通宣,无效,无效,无,无效,无,已死亡,河野通宣,无效,无效,无,无效,无,已登场,河野通宣,家老,直臣,河尻家,水户城,无,
302,363,高力清长,高力,需新建,lord_1_kourikikiyoshi,Kouri Kiyonaga,,,,,1530,1554,1608,病死,,,,,,全职种,91,91,温和,普通,普通,慎重,重视情义,14,书籍,无欲,普通,平氏,刀剑,48,52,55,59,74,1,0,1,0,0,0,0,0,2,1,1,1,1,2,1,1,无,强袭,无,无要求,,,已登场,高力清长,足轻组头,直臣,松平家,冈崎城,无,已登场,高力清长,足轻组头,陪臣（松平元康）,今川家,骏府城,无,已登场,高力清长,足轻组头,陪臣（松平元康）,今川家,冈崎城,无,已登场,高力清长,足轻组头,直臣,德川家,冈崎城,无,已登场,高力清长,足轻组头,陪臣（德川信康）,德川家,冈崎城,无,已登场,高力清长,足轻大将,直臣,德川家,滨松城,无,已登场,高力清长,足轻大将,直臣,德川家,滨松城,无,已登场,高力清长,城主,直臣,德川家,岩槻城,无,已登场,高力清长,浪人,其他,无,长滨之町,无,
592,712,武将,马场信春,馬場信房,精确匹配,马场信春,100,lord_1_baba,clan_baba_1,tosan,Baba Nobuharu,Baba Nobuharu,1515,1554,1575,刀剑,79,83,52,75,76,2,3,2,0,2,3,3,0,3,1,1,1,1,1,0,0,风林火山,强袭，连续斩，拔突，刚弓，刚力，铁壁,无,,,,,,只限武将,59,59,普通,勇敢,普通,普通,普通,34,武具,无欲,普通,源氏,已登场,马场信春,部将,直臣,武田家,踯躅崎馆,无,已登场,马场信春,家老,直臣,武田家,踯躅崎馆,无,已登场,马场信春,家老,直臣,武田家,踯躅崎馆,无,已登场,马场信春,家老,直臣,武田家,踯躅崎馆,无,已登场,马场信春,家老,直臣,武田家,踯躅崎馆,无,已死亡,马场信春,无效,无效,无,无效,无,已死亡,马场信春,无效,无效,无,无效,无,已死亡,马场信春,无效,无效,无,无效,无,已登场,马场信春,头目,首领,风魔众,风魔之里,无,一般条件,,
303,364,小岛职镇,小岛,姓氏推断,lord_1_nanjo,Jingu Norishige,,sanyo,,,1519,1554,1582,病死,,,,,,全职种,16,16,性急,胆小,现实,轻率,不重情义,72,艺术品,贪心,普通,其他,刀剑,33,35,40,39,36,0,1,0,0,0,0,1,0,1,1,1,0,0,2,0,0,无,强袭,无,无要求,,,已登场,小岛职镇,部将,直臣,神保家,富山城,无,已登场,小岛职镇,足轻组头,直臣,神保家,富山城,无,已登场,小岛职镇,部将,直臣,神保家,富山城,无,已登场,小岛职镇,部将,直臣,神保家,富山城,无,已登场,小岛职镇,部将,直臣,神保家,富山城,无,已死亡,小岛职镇,无效,无效,无,无效,无,已死亡,小岛职镇,无效,无效,无,无效,无,已死亡,小岛职镇,无效,无效,无,无效,无,已登场,小岛职镇,家老,直臣,小笠原家,小仓城,无,
304,366,五代友喜,五代,需新建,lord_1_godaitomoki,Godai Tomoyoshi,,,,,1539,1554,1626,病死,,,,,,全职种,32,32,普通,勇敢,普通,轻率,普通,64,武具,贪心,普通,其他,刀剑,59,65,43,41,44,2,1,2,1,0,2,1,0,0,0,0,0,1,0,0,0,无,强袭，拔突，铁壁,无,无要求,,,未登场,五代友喜,侍大将,直臣,岛津家,内城,无,已登场,五代友喜,侍大将,直臣,岛津家,内城,无,已登场,五代友喜,足轻组头,直臣,岛津家,内城,无,已登场,五代友喜,侍大将,直臣,岛津家,内城,无,已登场,五代友喜,侍大将,直臣,岛津家,内城,无,已登场,五代友喜,侍大将,直臣,岛津家,内城,无,已登场,五代友喜,侍大将,直臣,岛津家,内城,无,已登场,五代友喜,家老,直臣,岛津家,内城,无,已登场,五代友喜,大名,首领,五代家,安土城,无,
305,368,儿玉就英,儿玉,需新建,lord_1_nintamashuuei,Kodama Toshihide,,,,,1535,1554,1601,病死,儿玉元实,1339,,,儿玉就方,全职种,36,36,温和,普通,普通,慎重,普通,49,书籍,普通,嗜酒如命,藤原氏,刀剑,66,57,23,60,55,2,0,2,4,2,1,2,0,1,0,0,1,0,0,0,1,齐射，水上禁行,强袭，刚弓,无,一般条件,,,已登场,儿玉就英,侍大将,陪臣（小早川隆景）,毛利家,吉田郡山城,无,已登场,儿玉就英,侍大将,直臣,毛利家,吉田郡山城,无,已登场,儿玉就英,侍大将,直臣,毛利家,吉田郡山城,无,已登场,儿玉就英,侍大将,陪臣（小早川隆景）,毛利家,三原城,无,已登场,儿玉就英,侍大将,陪臣（小早川隆景）,毛利家,三原城,无,已登场,儿玉就英,侍大将,陪臣（小早川隆景）,毛利家,三原城,无,已登场,儿玉就英,侍大将,陪臣（小早川隆景）,毛利家,三原城,无,已登场,儿玉就英,部将,直臣,毛利家,广岛城,无,已登场,儿玉就英,浪人,其他,无,赤间关之町,无,
306,369,木造具政,木造,精确匹配,lord_1_kitabatake_10,Kitabatake Tomomasa,clan_kitabatake_1,kinai,精确匹配织丰,,1530,1554,1584,病死,北畠晴具,261,,,北畠具教 北畠具房 北畠晴具 泷川雄利 长野具藤,只限武将,42,42,普通,普通,现实,普通,不重情义,61,书籍,贪心,普通,源氏,刀剑,62,38,59,64,59,2,2,1,0,1,0,2,1,0,1,0,0,0,2,1,0,无,强袭,无,无要求,,,已登场,木造具政,家老,直臣,北畠家,大河内城,无,已登场,木造具政,家老,直臣,北畠家,大河内城,无,已登场,木造具政,家老,直臣,北畠家,大河内城,无,已登场,木造具政,家老,直臣,北畠家,大河内城,无,已登场,木造具政,侍大将,陪臣（织田信雄）,织田家,大河内城,无,已登场,木造具政,侍大将,陪臣（织田信雄）,织田家,安浓津城,无,已登场,木造具政,家老,直臣,织田家,长岛城,无,已死亡,木造具政,无效,无效,无,无效,无,已登场,木造具政,浪人,其他,无,大坂之町,无,
307,370,笼手田安一,笼手田,需新建,lord_1_tayasuichi,Koteida Yasuichi,,,,,1553,1567,1623,病死,笼手田安经,308,,,笼手田安经,全职种,2,2,温和,胆小,普通,普通,普通,30,南蛮物,普通,普通,源氏,刀剑,47,49,47,46,37,1,1,2,2,0,1,1,0,0,0,0,0,1,1,1,0,无,强袭,无,无要求,,,未登场,笼手田安一,足轻组头,陪臣（笼手田安经）,松浦家,平户城,无,未登场,笼手田安一,足轻组头,陪臣（笼手田安经）,松浦家,平户城,无,未登场,笼手田安一,足轻组头,陪臣（笼手田安经）,松浦家,平户城,无,已登场,笼手田安一,足轻组头,陪臣（笼手田安经）,松浦家,平户城,无,已登场,笼手田安一,足轻组头,陪臣（笼手田安经）,松浦家,平户城,无,已登场,笼手田安一,足轻组头,陪臣（笼手田安经）,松浦家,平户城,无,已登场,笼手田安一,足轻组头,直臣,松浦家,平户城,无,已登场,笼手田安一,浪人,其他,无,平户之町,无,已登场,笼手田安一,足轻组头,直臣,一宫家,春日山城,无,
308,371,笼手田安经,笼手田,需新建,lord_1_tayasu,Koteida Yasuyuki,,,,,1523,1554,1582,病死,,,,,笼手田安一,全职种,2,2,普通,勇敢,现实,轻率,不重情义,55,南蛮物,普通,普通,源氏,刀剑,58,55,54,60,47,2,1,1,2,0,1,1,0,0,0,0,1,0,0,1,0,无,强袭,无,无要求,,,已登场,笼手田安经,部将,直臣,松浦家,平户城,无,已登场,笼手田安经,部将,直臣,松浦家,平户城,无,已登场,笼手田安经,侍大将,直臣,松浦家,平户城,无,已登场,笼手田安经,部将,直臣,松浦家,平户城,无,已登场,笼手田安经,部将,直臣,松浦家,平户城,无,已登场,笼手田安经,部将,直臣,松浦家,平户城,无,已死亡,笼手田安经,无效,无效,无,无效,无,已死亡,笼手田安经,无效,无效,无,无效,无,已登场,笼手田安经,浪人,其他,无,温泉津之町,无,
309,373,后藤贤丰,后藤,姓氏推断,lord_1_matsuura,Goto Masatoyo,,saikai,,,1516,1554,1563,战死,,,,,,只限武将,51,51,普通,普通,普通,轻率,普通,18,艺术品,普通,普通,藤原氏,刀剑,56,46,68,62,57,1,0,1,1,1,1,2,0,2,2,1,1,3,1,1,0,无,强袭,无,无要求,,,已登场,后藤贤丰,家老,直臣,六角家,观音寺城,无,已登场,后藤贤丰,家老,直臣,六角家,观音寺城,无,已登场,后藤贤丰,家老,直臣,六角家,观音寺城,无,已死亡,后藤贤丰,无效,无效,无,无效,无,已死亡,后藤贤丰,无效,无效,无,无效,无,已死亡,后藤贤丰,无效,无效,无,无效,无,已死亡,后藤贤丰,无效,无效,无,无效,无,已死亡,后藤贤丰,无效,无效,无,无效,无,已登场,后藤贤丰,浪人,其他,无,足利之町,无,
310,375,后藤信康,后藤,姓氏推断,lord_1_matsuura_nobuyasu,Goto Dan'emon,,saikai,,,1555,1569,1614,病死,,,,,,只限武将,62,62,普通,勇敢,普通,普通,重视情义,55,武具,普通,普通,其他,刀剑,63,70,17,42,52,2,3,2,1,2,3,2,0,0,0,0,2,1,1,0,0,无,强袭，连续斩，拔突，刚弓，刚力，铁壁,无,无要求,,,未登场,后藤信康,足轻组头,直臣,伊达家,米泽城,无,未登场,后藤信康,足轻组头,直臣,伊达家,米泽城,无,未登场,后藤信康,足轻组头,直臣,伊达家,米泽城,无,未登场,后藤信康,足轻组头,直臣,伊达家,米泽城,无,已登场,后藤信康,足轻组头,直臣,伊达家,米泽城,无,已登场,后藤信康,足轻组头,直臣,伊达家,米泽城,无,已登场,后藤信康,侍大将,直臣,伊达家,米泽城,无,已登场,后藤信康,家老,直臣,伊达家,仙台城,无,已登场,后藤信康,浪人,其他,无,京之町,无,
311,376,后藤又兵卫,后藤,姓氏推断,lord_1_matsuura_matahei,Goto Tougorou,,saikai,,,1560,1574,1615,战死,,,,,,只限武将,7,15,性急,勇敢,理想,慎重,普通,69,武具,无欲,嗜酒如命,藤原氏,枪,51,82,23,64,69,2,1,2,0,3,3,2,0,0,0,1,0,0,0,1,1,无,强袭，连续斩，拔突，粘花，刚弓，卷枪，引落，柄返，刚力，铁壁，辱骂,枪术名人,一般条件,,,未登场,后藤又兵卫,足轻组头,陪臣（小寺政职）,赤松家,御着城,无,未登场,后藤又兵卫,足轻组头,陪臣（小寺政职）,赤松家,御着城,无,未登场,后藤又兵卫,足轻组头,陪臣（小寺政职）,赤松家,御着城,无,未登场,后藤又兵卫,足轻组头,陪臣（小寺政职）,赤松家,御着城,无,已登场,后藤又兵卫,足轻组头,陪臣（小寺政职）,赤松家,姬路城,无,已登场,后藤又兵卫,足轻组头,陪臣（羽柴秀吉）,织田家,姬路城,无,已登场,后藤又兵卫,足轻组头,陪臣（黑田官兵卫）,羽柴家,石山本愿寺,无,已登场,后藤又兵卫,家老,直臣,黑田家,中津城,无,已登场,后藤又兵卫,浪人,其他,无,鹿屋之町,无,主角柳生宗严，无刀取剧情
602,724,武将,久武亲直,久武親直,精确匹配,久武亲直,100,lord_1_hisatake_4,clan_hisatake_1,nankai,Hisatake Chikanao,Hisatake Chikanao,1542,1555,1600,刀剑,32,57,42,52,59,1,0,0,0,1,1,1,0,1,1,1,0,1,3,1,0,无,强袭,无,(久武昌源),1322,,,久武亲信,只限武将,55,55,性急,胆小,普通,轻率,不重情义,84,艺术品,贪心,嗜酒如命,其他,未登场,久武亲直,足轻组头,直臣,长宗我部家,冈丰城,无,未登场,久武亲直,足轻组头,直臣,长宗我部家,冈丰城,无,已登场,久武亲直,足轻组头,直臣,长宗我部家,冈丰城,无,已登场,久武亲直,足轻组头,直臣,长宗我部家,冈丰城,无,已登场,久武亲直,足轻组头,直臣,长宗我部家,冈丰城,无,已登场,久武亲直,足轻大将,直臣,长宗我部家,冈丰城,无,已登场,久武亲直,足轻大将,直臣,长宗我部家,冈丰城,无,已登场,久武亲直,部将,直臣,长宗我部家,冈丰城,无,已登场,久武亲直,浪人,其他,无,丸龟之町,无,无要求,,
603,725,武将,久武亲信,久武親信,精确匹配,久武亲信,100,lord_1_hisatake,clan_hisatake_1,nankai,Hisatake Chikanobu,Hisatake Chikanobu,1540,1584,1579,刀剑,59,59,63,78,67,1,2,0,0,1,1,0,0,2,1,1,0,2,2,0,0,无,强袭,无,(久武昌源),1322,,,久武亲直,只限武将,90,90,温和,普通,普通,慎重,重视情义,38,书籍,无欲,滴酒不沾,其他,未登场,久武亲信,足轻大将,直臣,长宗我部家,冈丰城,无,已登场,久武亲信,足轻大将,直臣,长宗我部家,冈丰城,无,已登场,久武亲信,足轻大将,直臣,长宗我部家,冈丰城,无,已登场,久武亲信,足轻大将,直臣,长宗我部家,冈丰城,无,已登场,久武亲信,足轻大将,直臣,长宗我部家,冈丰城,无,已死亡,久武亲信,无效,无效,无,无效,无,已死亡,久武亲信,无效,无效,无,无效,无,已死亡,久武亲信,无效,无效,无,无效,无,已登场,久武亲信,浪人,其他,无,诹访之町,无,无要求,,
312,377,小西行长,小西,需新建,lord_1_konishigyou,Konishi Yukinaga,,,,,1558,1572,1600,战死,小西隆佐,313,,,小西隆佐,全职种,14,14,普通,普通,现实,轻率,普通,68,南蛮物,贪心,滴酒不沾,藤原氏,刀剑,66,45,76,54,63,2,1,3,4,1,1,3,1,1,1,1,4,3,3,3,3,水上禁行，加护,强袭，急所击，伤药，丢钱，贿赂,无,一般条件,,,未登场,小西行长,伙计,直臣,小西屋,姬路之町,无,未登场,小西行长,伙计,直臣,小西屋,姬路之町,无,未登场,小西行长,伙计,直臣,小西屋,姬路之町,无,未登场,小西行长,伙计,直臣,小西屋,姬路之町,无,已登场,小西行长,伙计,直臣,小西屋,姬路之町,无,已登场,小西行长,足轻组头,陪臣（羽柴秀吉）,织田家,姬路城,无,已登场,小西行长,侍大将,直臣,羽柴家,石山本愿寺,无,已登场,小西行长,大名,首领,小西家,宇土城,无,已登场,小西行长,部将,直臣,西园寺家,山形城,无,
313,378,小西隆佐,小西,需新建,lord_1_konishiryuusa,Konishi Ryūsa,,,,,1530,1554,1592,病死,,,,,小西行长,武将以外优先,10,10,温和,普通,普通,普通,普通,55,南蛮物,贪心,普通,藤原氏,枪,45,50,56,53,39,1,0,0,2,0,0,0,1,2,2,1,3,1,1,2,4,无,拔突，伤药，止血，丢钱，大宴宾客,风雅之士,无要求,,,已登场,小西隆佐,当家,首领,小西屋,姬路之町,无,已登场,小西隆佐,当家,首领,小西屋,姬路之町,无,已登场,小西隆佐,当家,首领,小西屋,姬路之町,无,已登场,小西隆佐,当家,首领,小西屋,姬路之町,无,已登场,小西隆佐,当家,首领,小西屋,姬路之町,无,已登场,小西隆佐,浪人,其他,无,姬路之町,无,已登场,小西隆佐,浪人,其他,无,姬路之町,无,已死亡,小西隆佐,无效,无效,无,无效,无,已登场,小西隆佐,部将,直臣,西园寺家,山形城,无,
314,379,小早川隆景,小早川,精确匹配,lord_1_kobayakawa,Kobayakawa Takakage,clan_kobayakawa_1,sanyo,精确匹配织丰,,1533,1554,1597,病死,毛利元就,722,,,吉川广家 吉川元长 吉川元春 小早川秀包 繁泽元氏 二宫就辰 穗井田元清 毛利隆元 毛利辉元 毛利元就 毛利秀元,全职种,29,29,温和,普通,现实,轻率,重视情义,46,书籍,无欲,普通,平氏,刀剑,81,63,92,94,84,4,2,3,4,2,2,3,1,3,3,4,3,2,4,2,2,齐攻，百万一心，齐射，激励,强袭，拔突，急所击，刚弓，铁壁，丢钱,军师,一般条件,,,已登场,小早川隆景,家老,直臣,毛利家,吉田郡山城,无,已登场,小早川隆景,家老,直臣,毛利家,吉田郡山城,无,已登场,小早川隆景,家老,直臣,毛利家,吉田郡山城,无,已登场,小早川隆景,城主,直臣,毛利家,三原城,无,已登场,小早川隆景,国主,直臣,毛利家,三原城,无,已登场,小早川隆景,国主,直臣,毛利家,三原城,无,已登场,小早川隆景,国主,直臣,毛利家,三原城,无,已死亡,小早川隆景,无效,无效,无,无效,无,已登场,小早川隆景,家老,直臣,小笠原家,小仓城,无,
315,380,小早川秀秋,小早川,姓氏推断,lord_1_kobayakawa_kawahideaki,Kobayakawa Hideaki,clan_kobayakawa_1,sanyo,家族和文化自动推断,,1582,1596,1602,病死,,,,,,全职种,99,99,温和,胆小,现实,普通,不重情义,70,艺术品,普通,滴酒不沾,平氏,刀剑,35,24,33,40,38,0,0,1,0,0,0,1,1,0,0,0,2,1,1,2,0,无,强袭,无,无要求,,,未登场,木下秀俊,浪人,其他,无,清洲之町,无,未登场,木下秀俊,浪人,其他,无,清洲之町,无,未登场,木下秀俊,足轻组头,陪臣（木下藤吉郎）,织田家,清洲城,无,未登场,木下秀俊,足轻组头,陪臣（木下藤吉郎）,织田家,岐阜城,无,未登场,羽柴秀俊,足轻组头,陪臣（羽柴秀吉）,织田家,长滨城,无,未登场,羽柴秀俊,足轻组头,陪臣（羽柴秀吉）,织田家,姬路城,无,未登场,羽柴秀俊,足轻组头,直臣,羽柴家,石山本愿寺,无,已登场,小早川秀秋,大名,首领,小早川家,名岛城,无,已登场,小早川秀秋,家老,直臣,小笠原家,小仓城,无,
316,381,小早川秀包,小早川,姓氏推断,lord_1_kobayakawa_kawahidekane,Kobayakawa Takakage,clan_kobayakawa_1,sanyo,家族和文化自动推断,,1567,1581,1601,病死,毛利元就,722,,,吉川广家 吉川元长 吉川元春 小早川隆景 繁泽元氏 二宫就辰 穗井田元清 毛利隆元 毛利辉元 毛利元就 毛利秀元,只限武将,29,29,温和,勇敢,普通,普通,普通,42,艺术品,无欲,普通,平氏,刀剑,68,72,56,63,77,2,1,2,2,1,1,1,0,0,1,0,1,1,1,2,1,百万一心,强袭,无,无要求,,,未登场,小早川秀包,足轻组头,陪臣（小早川隆景）,毛利家,吉田郡山城,无,未登场,小早川秀包,足轻组头,陪臣（小早川隆景）,毛利家,吉田郡山城,无,未登场,小早川秀包,足轻组头,直臣,毛利家,吉田郡山城,无,未登场,小早川秀包,足轻组头,陪臣（小早川隆景）,毛利家,三原城,无,未登场,小早川秀包,足轻组头,陪臣（小早川隆景）,毛利家,三原城,无,已登场,小早川秀包,足轻组头,陪臣（小早川隆景）,毛利家,三原城,无,已登场,小早川秀包,足轻组头,陪臣（小早川隆景）,毛利家,三原城,无,已登场,小早川秀包,大名,首领,小早川家,久留米城,无,已登场,小早川秀包,部将,直臣,小笠原家,小仓城,无,
317,382,小堀远州,小堀,需新建,lord_1_kobori,Kobori Enshū,,,,,1579,1593,1647,病死,,,,,,全职种,99,99,温和,普通,普通,慎重,普通,16,艺术品,普通,滴酒不沾,藤原氏,枪,43,29,65,51,78,0,1,0,0,0,0,0,1,4,2,2,2,4,2,4,2,紧急修补,拔突,风雅之士,一般条件,,,未登场,小堀政一,浪人,其他,无,京之町,无,未登场,小堀政一,浪人,其他,无,京之町,无,未登场,小堀政一,浪人,其他,无,京之町,无,未登场,小堀政一,浪人,其他,无,京之町,无,未登场,小堀政一,浪人,其他,无,京之町,无,未登场,小堀政一,浪人,其他,无,京之町,无,未登场,小堀政一,浪人,其他,无,京之町,无,已登场,小堀政一,部将,直臣,德川家,江户城,无,已登场,小堀政一,部将,直臣,小笠原家,小仓城,无,
318,385,小梁川盛宗,小梁川,需新建,lord_1_kobarikawajoushuu,Koyanagawa Morimune,,,,,1523,1554,1595,病死,,,,,,只限武将,60,60,性急,勇敢,普通,轻率,普通,66,武具,普通,普通,藤原氏,刀剑,68,51,44,63,54,2,2,0,1,0,0,3,0,0,0,0,2,0,2,1,1,无,强袭,无,无要求,,,已登场,小梁川盛宗,侍大将,直臣,伊达家,米泽城,无,已登场,小梁川盛宗,侍大将,直臣,伊达家,米泽城,无,已登场,小梁川盛宗,侍大将,直臣,伊达家,米泽城,无,已登场,小梁川盛宗,侍大将,直臣,伊达家,米泽城,无,已登场,小梁川盛宗,侍大将,直臣,伊达家,米泽城,无,已登场,小梁川盛宗,侍大将,直臣,伊达家,米泽城,无,已登场,小梁川盛宗,部将,直臣,伊达家,米泽城,无,已死亡,小梁川盛宗,无效,无效,无,无效,无,已登场,小梁川盛宗,部将,直臣,小笠原家,小仓城,无,
319,386,近藤义武,近藤,需新建,lord_1_kondou,Kondouu Yoshitake,,,,,1563,1577,1638,病死,,,,,,只限武将,65,65,普通,勇敢,普通,轻率,重视情义,41,武具,普通,嗜酒如命,藤原氏,刀剑,56,76,60,37,55,2,1,0,2,2,3,1,1,0,0,0,1,3,1,2,1,无,强袭，连续斩，拔突，刚弓，刚力，铁壁,无,无要求,,,未登场,近藤义武,足轻组头,陪臣（蛎崎季广）,安东家,胜山馆,无,未登场,近藤义武,足轻组头,陪臣（蛎崎季广）,安东家,胜山馆,无,未登场,近藤义武,足轻组头,陪臣（蛎崎季广）,安东家,胜山馆,无,未登场,近藤义武,足轻组头,陪臣（蛎崎季广）,安东家,胜山馆,无,未登场,近藤义武,足轻组头,陪臣（蛎崎季广）,安东家,胜山馆,无,已登场,近藤义武,足轻组头,陪臣（蛎崎季广）,安东家,胜山馆,无,已登场,近藤义武,足轻组头,陪臣（蛎崎庆广）,安东家,胜山馆,无,已登场,近藤义武,部将,直臣,蛎崎家,松前城,无,已登场,近藤义武,浪人,其他,无,严岛之町,无,
320,387,西园寺公广,西园寺,精确匹配,lord_1_saionji,Saionji Kinhiro,clan_saionji_1,nankai,精确匹配织丰,,1537,1554,1587,战死,,,,,,全职种,33,33,普通,胆小,普通,轻率,不重情义,71,艺术品,贪心,嗜酒如命,藤原氏,刀剑,11,15,24,28,23,0,0,0,0,0,0,0,0,0,0,0,0,2,0,0,0,无,强袭,无,无要求,,,已登场,西园寺公广,城主,直臣,河野家,宇和岛城,无,已登场,西园寺公广,城主,直臣,河野家,宇和岛城,无,已登场,西园寺公广,城主,直臣,河野家,宇和岛城,无,已登场,西园寺公广,城主,直臣,河野家,宇和岛城,无,已登场,西园寺公广,城主,直臣,大友家,宇和岛城,无,已登场,西园寺公广,城主,直臣,大友家,宇和岛城,无,已登场,西园寺公广,城主,直臣,大友家,宇和岛城,无,已死亡,西园寺公广,无效,无效,无,无效,无,已登场,西园寺公广,大名,首领,西园寺家,山形城,无,
321,388,杂贺孙一,杂贺,需新建,lord_1_unknown_hero,Saika Magoichi,,,,,1546,1560,1585,病死,铃木佐太夫,413,,,铃木佐太夫 铃木重朝,全职种,50,50,性急,勇敢,普通,慎重,重视情义,79,武具,贪心,普通,其他,火绳枪,91,87,20,77,83,3,2,4,2,2,3,1,2,2,0,0,1,0,0,1,1,枪炮乱射，狙击，钓瓶击，骑射突击，百发百中,强袭，连续斩，拔突，二连苦无，急所击，二挺击，刚弓，石火，乱射，刚力，铁壁,火枪高手，策士,一般条件,,,未登场,铃木重秀,部将,陪臣（铃木佐太夫）,本愿寺,杂贺城,无,未登场,铃木重秀,部将,陪臣（铃木佐太夫）,本愿寺,杂贺城,无,已登场,铃木重秀,侍大将,陪臣（铃木佐太夫）,本愿寺,杂贺城,无,已登场,铃木重秀,部将,陪臣（铃木佐太夫）,本愿寺,杂贺城,无,已登场,杂贺孙一,部将,陪臣（铃木佐太夫）,本愿寺,杂贺城,无,已登场,杂贺孙一,家老,直臣,铃木家,杂贺城,无,已登场,杂贺孙一,家老,直臣,铃木家,杂贺城,无,已死亡,杂贺孙一,无效,无效,无,无效,无,已登场,杂贺孙一,足轻组头,直臣,一宫家,春日山城,无,
322,391,斋藤龙兴,斋藤,需新建,lord_1_unknown_hero,Saitou Tatsutaka,,,,,1548,1560,1573,战死,斋藤义龙,327,斋藤道三,324,斋藤道三 斋藤义龙,只限武将,44,44,性急,胆小,普通,轻率,不重情义,61,艺术品,贪心,普通,藤原氏,刀剑,21,29,41,17,26,0,0,0,0,0,0,0,1,0,0,0,1,1,0,1,0,无,强袭,无,一般条件,,,未登场,斋藤龙兴,侍大将,陪臣（斋藤义龙）,斋藤家,稻叶山城,无,未登场,斋藤龙兴,侍大将,陪臣（斋藤义龙）,斋藤家,稻叶山城,无,已登场,斋藤龙兴,家老,直臣,斋藤家,稻叶山城,无,已登场,斋藤龙兴,侍大将,陪臣（愿证寺证惠）,本愿寺,长岛城,无,已死亡,斋藤龙兴,无效,无效,无,无效,无,已死亡,斋藤龙兴,无效,无效,无,无效,无,已死亡,斋藤龙兴,无效,无效,无,无效,无,已死亡,斋藤龙兴,无效,无效,无,无效,无,已登场,斋藤龙兴,上忍,直臣,甲贺众,甲贺之里,无,
323,392,斋藤传鬼坊,斋藤,需新建,lord_1_bou,Saitou Denki bou,,,,,1550,1564,1587,战死,,,,,,没那个意思,10,90,普通,勇敢,普通,轻率,普通,55,武具,贪心,嗜酒如命,其他,刀剑,19,89,23,17,39,0,0,2,0,3,4,0,0,0,0,0,0,0,0,0,0,无,强袭，连续斩，八神太刀，一之太刀，拔突，刚弓，神妙剑，当身，刚力，金刚力，铁壁，气声，辱骂，大喝,剑豪,一般条件,,,未登场,斋藤传鬼坊,浪人,其他,无,足利之町,新当流,未登场,斋藤传鬼坊,师范,其他,无,足利之町,新当流,未登场,斋藤传鬼坊,浪人,其他,无,小田原之町,新当流,已登场,斋藤传鬼坊,师范,其他,无,足利之町,新当流,已登场,斋藤传鬼坊,师范,其他,无,足利之町,新当流,已登场,斋藤传鬼坊,师范,其他,无,足利之町,天流,已登场,斋藤传鬼坊,师范,其他,无,足利之町,天流,已死亡,斋藤传鬼坊,无效,无效,无,无效,无,已登场,斋藤传鬼坊,下忍,直臣,户隐众,户隐之里,新当流,
616,741,武将,福留亲政,福留親政,精确匹配,福留亲政,100,lord_1_fukudome_1,clan_fukudome_1,nankai,Fukudome Chikamasa,Fukudome Chikamasa,1530,1554,1577,刀剑,57,73,38,48,56,2,2,2,1,3,2,0,0,0,0,0,0,0,0,0,0,无,强袭，拔突，刚弓，铁壁,无,,,,,福留仪重,只限武将,78,78,普通,勇敢,普通,轻率,重视情义,70,武具,普通,普通,其他,已登场,福留亲政,侍大将,直臣,长宗我部家,冈丰城,无,已登场,福留亲政,侍大将,直臣,长宗我部家,冈丰城,无,已登场,福留亲政,侍大将,直臣,长宗我部家,冈丰城,无,已登场,福留亲政,侍大将,直臣,长宗我部家,冈丰城,无,已登场,福留亲政,侍大将,直臣,长宗我部家,冈丰城,无,已死亡,福留亲政,无效,无效,无,无效,无,已死亡,福留亲政,无效,无效,无,无效,无,已死亡,福留亲政,无效,无效,无,无效,无,已登场,福留亲政,浪人,其他,无,小滨之町,无,无要求,,
617,742,武将,福留仪重,福留儀重,精确匹配,福留仪重,100,lord_1_fukudome,clan_fukudome_1,nankai,Fukudome Yoshishige,Fukudome Yoshishige,1549,1563,1586,刀剑,46,70,39,45,49,2,2,2,0,0,0,0,1,0,0,0,0,0,1,0,0,无,强袭,无,福留亲政,616,,,福留亲政,全职种,78,78,普通,勇敢,普通,轻率,重视情义,56,武具,普通,嗜酒如命,其他,未登场,福留仪重,足轻组头,陪臣（福留亲政）,长宗我部家,冈丰城,无,未登场,福留仪重,足轻组头,陪臣（福留亲政）,长宗我部家,冈丰城,无,已登场,福留仪重,足轻组头,陪臣（福留亲政）,长宗我部家,冈丰城,无,已登场,福留仪重,足轻组头,陪臣（福留亲政）,长宗我部家,冈丰城,无,已登场,福留仪重,足轻组头,陪臣（福留亲政）,长宗我部家,冈丰城,无,已登场,福留仪重,侍大将,直臣,长宗我部家,冈丰城,无,已登场,福留仪重,侍大将,直臣,长宗我部家,冈丰城,无,已死亡,福留仪重,无效,无效,无,无效,无,已登场,福留仪重,浪人,其他,无,龟山之町,无,无要求,,
324,393,斋藤道三,斋藤,需新建,lord_1_dousan,Saitou Dousan,,,,,1494,1554,1556,战死,松波庄五郎,1328,,,斋藤龙兴 斋藤义龙 长井道利,全职种,10,0,性急,勇敢,现实,轻率,不重情义,99,艺术品,贪心,嗜酒如命,藤原氏,枪,83,72,75,95,69,3,2,0,0,2,2,3,3,2,1,2,4,1,4,0,3,威吓，幻惑之术，刺杀,强袭，拔突，二连苦无，半月，刚弓，铁壁，伤药，丢钱，贿赂,策士,不可,,主角斋藤义龙，长良川之战胜利,已登场,斋藤道三,大名,首领,斋藤家,稻叶山城,无,已登场,斋藤道三,大名,首领,斋藤家,稻叶山城,无,已死亡,斋藤道三,无效,无效,无,无效,无,已死亡,斋藤道三,无效,无效,无,无效,无,已死亡,斋藤道三,无效,无效,无,无效,无,已死亡,斋藤道三,无效,无效,无,无效,无,已死亡,斋藤道三,无效,无效,无,无效,无,已死亡,斋藤道三,无效,无效,无,无效,无,已登场,斋藤道三,侍大将,直臣,三刀屋家,骏府城,无,
325,394,斋藤利三,斋藤,需新建,lord_1_toshizou,Saitou Toshimitsu,,,,,1534,1554,1582,战死,,,,,,只限武将,52,52,性急,勇敢,理想,轻率,不重情义,53,武具,无欲,嗜酒如命,藤原氏,枪,62,67,33,48,55,2,3,2,0,1,3,1,0,0,0,1,0,1,0,0,0,无,强袭，连续斩，拔突，粘花，卷枪，引落，柄返，刚力，铁壁,无,一般条件,,,已登场,斋藤利三,足轻组头,陪臣（明智光秀）,斋藤家,稻叶山城,无,已登场,斋藤利三,足轻组头,陪臣（明智光秀）,斋藤家,稻叶山城,无,已登场,斋藤利三,足轻大将,陪臣（稻叶一铁）,斋藤家,曾根城,无,已登场,斋藤利三,足轻组头,陪臣（明智光秀）,织田家,岐阜城,无,已登场,斋藤利三,足轻大将,陪臣（明智光秀）,织田家,坂本城,无,已登场,斋藤利三,足轻大将,陪臣（明智光秀）,织田家,丹波龟山城,无,已死亡,斋藤利三,无效,无效,无,无效,无,已死亡,斋藤利三,无效,无效,无,无效,无,已登场,斋藤利三,侍大将,直臣,三刀屋家,骏府城,无,
326,395,斋藤朝信,斋藤,需新建,lord_1_asanobu,Saitou Tomonobu,,,,,1527,1554,1591,病死,,,,,,只限武将,18,18,温和,普通,普通,轻率,重视情义,42,武具,无欲,普通,其他,刀剑,63,67,66,66,65,2,2,1,0,1,2,2,0,1,1,1,1,1,1,0,1,无,强袭，拔突，铁壁,无,无要求,,,已登场,斋藤朝信,侍大将,直臣,长尾家,春日山城,无,已登场,斋藤朝信,侍大将,直臣,长尾家,春日山城,无,已登场,斋藤朝信,侍大将,直臣,长尾家,春日山城,无,已登场,斋藤朝信,侍大将,直臣,上杉家,春日山城,无,已登场,斋藤朝信,侍大将,直臣,上杉家,春日山城,无,已登场,斋藤朝信,侍大将,直臣,上杉家,春日山城,无,已登场,斋藤朝信,侍大将,直臣,上杉家,春日山城,无,已死亡,斋藤朝信,无效,无效,无,无效,无,已登场,斋藤朝信,浪人,其他,无,宇须岸之町,无,
621,750,武将,别所长治,別所長治,精确匹配,别所长治,100,lord_1_bessho_4,clan_bessho_1,kinai,Bessho Nagaharu,Bessho Nagaharu,1558,1572,1580,刀剑,73,64,53,41,57,3,1,2,0,0,0,3,0,1,0,0,0,0,1,0,0,无,强袭,无,,,别所就治,842,别所就治 别所重栋,只限武将,45,45,普通,勇敢,普通,轻率,不重情义,79,武具,无欲,普通,源氏,未登场,别所长治,部将,陪臣（别所就治）,赤松家,三木城,无,未登场,别所长治,部将,陪臣（别所就治）,赤松家,三木城,无,未登场,别所长治,部将,陪臣（别所就治）,赤松家,三木城,无,已登场,别所长治,城主,直臣,赤松家,三木城,无,已登场,别所长治,城主,直臣,赤松家,三木城,无,已死亡,别所长治,无效,无效,无,无效,无,已死亡,别所长治,无效,无效,无,无效,无,已死亡,别所长治,无效,无效,无,无效,无,已登场,别所长治,浪人,其他,无,长滨之町,无,一般条件,,
327,396,斋藤义龙,斋藤,需新建,lord_1_unknown_hero,Saitou Yoshitatsu,,,,,1527,1554,1561,病死,斋藤道三,324,松波庄五郎,###,斋藤龙兴 斋藤道三 长井道利,全职种,50,50,性急,胆小,理想,慎重,不重情义,87,艺术品,贪心,滴酒不沾,藤原氏,刀剑,70,59,71,69,44,2,1,1,0,0,2,2,2,1,1,1,2,2,1,0,1,无,强袭，拔突，二连苦无，铁壁,无,一般条件,美浓三人众 安藤守就/稻叶一铁/氏家卜全,,已登场,斋藤义龙,家老,直臣,斋藤家,稻叶山城,无,已登场,斋藤义龙,家老,直臣,斋藤家,稻叶山城,无,已登场,斋藤义龙,大名,首领,斋藤家,稻叶山城,无,已死亡,斋藤义龙,无效,无效,无,无效,无,已死亡,斋藤义龙,无效,无效,无,无效,无,已死亡,斋藤义龙,无效,无效,无,无效,无,已死亡,斋藤义龙,无效,无效,无,无效,无,已死亡,斋藤义龙,无效,无效,无,无效,无,已登场,斋藤义龙,上忍,直臣,甲贺众,甲贺之里,无,
623,753,武将,北条氏胜,北條氏勝,姓氏推断,,75,hojo_shi,clan_hojo_1,kanto,Hojo Ujikatsu,,1559,1573,1611,刀剑,40,36,46,30,52,0,1,0,0,0,0,0,1,1,0,0,0,1,1,1,0,无,强袭,无,北条氏繁,625,北条纲成,632,北条氏繁 北条纲成,只限武将,82,82,普通,普通,普通,慎重,普通,60,武具,普通,滴酒不沾,平氏,未登场,北条氏胜,足轻组头,陪臣（北条氏繁）,北条家,玉绳城,无,未登场,北条氏胜,足轻组头,陪臣（北条氏繁）,北条家,玉绳城,无,未登场,北条氏胜,足轻组头,陪臣（北条氏繁）,北条家,玉绳城,无,未登场,北条氏胜,足轻组头,陪臣（北条氏繁）,北条家,玉绳城,无,已登场,北条氏胜,足轻组头,陪臣（北条纲成）,北条家,玉绳城,无,已登场,北条氏胜,侍大将,陪臣（北条纲成）,北条家,玉绳城,无,已登场,北条氏胜,侍大将,陪臣（北条纲成）,北条家,玉绳城,无,已登场,北条氏胜,城主,直臣,德川家,佐仓城,无,已登场,北条氏胜,家老,直臣,北家,松前城,无,无要求,,
624,754,武将,北条氏邦,北條氏邦,精确匹配,北条氏邦,100,lord_1_hojo_7,clan_hojo_1,kanto,Hojo Ujikuni,Hojo Ujikuni,1541,1555,1597,刀剑,69,61,69,68,64,2,1,1,0,0,1,2,0,0,1,0,0,2,3,0,0,无,强袭,无,北条氏康,630,(北条氏纲),1323,上杉景虎 北条氏繁 北条氏照 北条氏直 北条氏规 北条氏政 北条氏康,只限武将,82,82,普通,普通,普通,慎重,普通,48,书籍,无欲,普通,平氏,未登场,北条氏邦,侍大将,直臣,北条家,小田原城,无,未登场,北条氏邦,部将,陪臣（北条氏康）,北条家,小田原城,无,已登场,北条氏邦,部将,直臣,北条家,小田原城,无,已登场,北条氏邦,城主,直臣,北条家,馆林城,无,已登场,北条氏邦,城主,直臣,北条家,馆林城,无,已登场,北条氏邦,城主,直臣,北条家,馆林城,无,已登场,北条氏邦,国主,直臣,北条家,箕轮城,无,已死亡,北条氏邦,无效,无效,无,无效,无,已登场,北条氏邦,家老,直臣,北家,松前城,无,一般条件,,
625,755,武将,北条氏繁,北條氏繁,姓氏推断,,75,hojo_ujishige,clan_hojo_1,kanto,Hojo Ujishige,,1536,1554,1578,刀剑,68,67,52,66,66,2,2,1,0,0,1,2,1,0,1,0,1,0,0,0,1,无,强袭,无,北条纲成,632,(北条氏纲),1323,上杉景虎 北条氏胜 北条氏邦 北条氏照 北条氏规 北条氏政 北条氏康 北条纲成,只限武将,82,82,普通,勇敢,普通,普通,重视情义,26,武具,普通,普通,平氏,已登场,北条氏繁,侍大将,陪臣（北条纲成）,北条家,玉绳城,无,已登场,北条氏繁,侍大将,陪臣（北条纲成）,北条家,玉绳城,无,已登场,北条氏繁,侍大将,陪臣（北条纲成）,北条家,玉绳城,无,已登场,北条氏繁,侍大将,陪臣（北条纲成）,北条家,玉绳城,无,已登场,北条氏繁,侍大将,陪臣（北条纲成）,北条家,玉绳城,无,已死亡,北条氏繁,无效,无效,无,无效,无,已死亡,北条氏繁,无效,无效,无,无效,无,已死亡,北条氏繁,无效,无效,无,无效,无,已登场,北条氏繁,家老,直臣,北家,松前城,无,无要求,,
626,756,武将,北条氏照,北條氏照,精确匹配,北条氏照,100,lord_1_hojo_5,clan_hojo_1,kanto,Hojo Ujiteru,Hojo Ujiteru,1540,1554,1590,刀剑,72,71,62,55,63,3,2,1,0,1,1,3,0,1,1,0,0,1,0,0,0,无,强袭,无,北条氏康,630,(北条氏纲),1323,上杉景虎 北条氏邦 北条氏繁 北条氏直 北条氏规 北条氏政 北条氏康,只限武将,82,82,普通,普通,普通,轻率,重视情义,40,武具,贪心,普通,平氏,未登场,北条氏照,侍大将,直臣,北条家,小田原城,无,已登场,北条氏照,国主,直臣,北条家,河越城,无,已登场,北条氏照,部将,直臣,北条家,小田原城,无,已登场,北条氏照,城主,直臣,北条家,河越城,无,已登场,北条氏照,城主,直臣,北条家,八王子城,无,已登场,北条氏照,城主,直臣,北条家,八王子城,无,已登场,北条氏照,国主,直臣,北条家,八王子城,无,已死亡,北条氏照,无效,无效,无,无效,无,已登场,北条氏照,家老,直臣,北家,松前城,无,一般条件,,
627,757,武将,北条氏直,北條氏直,精确匹配,北条氏直,100,lord_1_hojo_4,clan_hojo_1,kanto,Hojo Ujinao,Hojo Ujinao,1562,1576,1591,刀剑,57,39,60,48,61,1,0,1,0,0,0,0,0,0,2,1,1,1,1,1,0,狮子奋迅,强袭,无,北条氏政,629,北条氏康,630,上杉景虎 北条氏邦 北条氏照 北条氏规 北条氏政 北条氏康,只限武将,82,82,温和,胆小,现实,慎重,普通,42,艺术品,无欲,普通,平氏,未登场,北条氏直,足轻组头,陪臣（北条氏政）,北条家,小田原城,无,未登场,北条氏直,足轻组头,陪臣（北条氏政）,北条家,小田原城,无,未登场,北条氏直,足轻组头,陪臣（北条氏政）,北条家,小田原城,无,未登场,北条氏直,足轻组头,陪臣（北条氏政）,北条家,小田原城,无,未登场,北条氏直,足轻组头,陪臣（北条氏政）,北条家,小田原城,无,已登场,北条氏直,侍大将,直臣,北条家,小田原城,无,已登场,北条氏直,侍大将,直臣,北条家,小田原城,无,已死亡,北条氏直,无效,无效,无,无效,无,已登场,北条氏直,部将,直臣,北家,松前城,无,无要求,,
628,758,武将,北条氏规,北條氏規,精确匹配,北条氏规,100,lord_1_hojo_9,clan_hojo_1,kanto,Hojo Ujinori,Hojo Ujinori,1545,1559,1600,刀剑,60,43,68,77,66,1,1,1,0,0,0,2,0,0,1,0,2,2,3,2,1,狮子奋迅,强袭,无,北条氏康,630,(北条氏纲),1323,上杉景虎 北条氏邦 北条氏繁 北条氏照 北条氏直 北条氏政 北条氏康,只限武将,82,92,温和,普通,现实,普通,重视情义,40,书籍,普通,普通,平氏,未登场,北条氏规,侍大将,直臣,北条家,小田原城,无,已登场,北条氏规,城主,直臣,北条家,韭山城,无,已登场,北条氏规,部将,直臣,北条家,小田原城,无,已登场,北条氏规,城主,直臣,北条家,韭山城,无,已登场,北条氏规,城主,直臣,北条家,韭山城,无,已登场,北条氏规,城主,直臣,北条家,韭山城,无,已登场,北条氏规,国主,直臣,北条家,韭山城,无,已登场,北条氏规,家老,直臣,丰臣家,大坂城,无,已登场,北条氏规,部将,直臣,北家,松前城,无,一般条件,,
629,759,武将,北条氏政,北條氏政,精确匹配,北条氏政,100,lord_1_hojo,clan_hojo_1,kanto,Hojo Ujimasa,Hojo Ujimasa,1538,1554,1590,刀剑,75,52,63,53,68,3,2,1,1,1,1,3,0,1,1,0,1,0,2,1,0,狮子奋迅,强袭,无,北条氏康,630,(北条氏纲),1323,上杉景虎 北条氏邦 北条氏繁 北条氏照 北条氏直 北条氏规 北条氏康,只限武将,82,82,普通,勇敢,普通,轻率,普通,82,艺术品,贪心,普通,平氏,已登场,北条氏政,家老,直臣,北条家,小田原城,无,已登场,北条氏政,家老,直臣,北条家,小田原城,无,已登场,北条氏政,家老,直臣,北条家,小田原城,无,已登场,北条氏政,家老,直臣,北条家,小田原城,无,已登场,北条氏政,大名,首领,北条家,小田原城,无,已登场,北条氏政,大名,首领,北条家,小田原城,无,已登场,北条氏政,大名,首领,北条家,小田原城,无,已死亡,北条氏政,无效,无效,无,无效,无,已登场,北条氏政,部将,陪臣（北条幻庵）,北家,大浦城,无,一般条件,北条三家老 大道寺政繁/远山纲景/松田宪秀,
630,760,武将,北条氏康,北條氏康,精确匹配,北条氏康,100,lord_1_hojo_2,clan_hojo_1,kanto,Hojo Ujiyasu,Hojo Ujiyasu,1515,1554,1571,刀剑,94,70,100,93,89,3,4,3,2,2,2,3,0,2,4,3,3,2,3,1,2,钓野伏，狮子奋迅，土龙攻,强袭，拔突，急所击，刚弓，铁壁，丢钱,名宰相,(北条氏纲),1323,(北条早云),1324,上杉景虎 北条氏邦 北条氏繁 北条氏照 北条氏直 北条氏规 北条氏政 北条幻庵,只限武将,82,82,普通,勇敢,普通,普通,普通,88,武具,无欲,普通,平氏,已登场,北条氏康,大名,首领,北条家,小田原城,无,已登场,北条氏康,大名,首领,北条家,小田原城,无,已登场,北条氏康,大名,首领,北条家,小田原城,无,已登场,北条氏康,大名,首领,北条家,小田原城,无,已死亡,北条氏康,无效,无效,无,无效,无,已死亡,北条氏康,无效,无效,无,无效,无,已死亡,北条氏康,无效,无效,无,无效,无,已死亡,北条氏康,无效,无效,无,无效,无,已登场,北条氏康,部将,陪臣（北条幻庵）,北家,大浦城,无,一般条件,,
631,761,武将,北条幻庵,北條幻庵,精确匹配,北条幻庵,100,lord_1_hojo_11,clan_hojo_1,kanto,Hojo Gen-an,Hojo Gen-an,1493,1554,1589,刀剑,14,5,78,73,77,0,0,0,0,0,0,1,0,0,2,2,2,4,3,3,2,狮子奋迅,强袭,无,(北条早云),1324,,,北条氏康,只限武将,82,82,普通,普通,理想,慎重,普通,22,艺术品,普通,滴酒不沾,平氏,已登场,北条幻庵,家老,直臣,北条家,小田原城,无,已登场,北条幻庵,家老,直臣,北条家,小田原城,无,已登场,北条幻庵,家老,直臣,北条家,小田原城,无,已登场,北条幻庵,家老,直臣,北条家,小田原城,无,已登场,北条幻庵,家老,直臣,北条家,小田原城,无,已登场,北条幻庵,家老,直臣,北条家,小田原城,无,已登场,北条幻庵,家老,直臣,北条家,小田原城,无,已死亡,北条幻庵,无效,无效,无,无效,无,已登场,北条幻庵,城主,直臣,北家,大浦城,无,一般条件,,
632,762,武将,北条纲成,北條綱成,姓氏推断,,67,hojo,clan_hojo_1,kanto,Hojo Tsunanari,,1515,1554,1587,枪,83,86,51,79,80,3,4,3,1,1,3,3,2,2,1,1,0,1,2,0,0,骑射突击，狮子奋迅,强袭，连续斩，拔突，粘花，二连苦无，急所击，卷枪，引落，柄返，刚力，铁壁,无,,,,,北条氏胜 北条氏繁,只限武将,82,82,普通,勇敢,普通,轻率,普通,19,武具,无欲,普通,平氏,已登场,北条纲成,城主,直臣,北条家,玉绳城,无,已登场,北条纲成,城主,直臣,北条家,玉绳城,无,已登场,北条纲成,城主,直臣,北条家,玉绳城,无,已登场,北条纲成,城主,直臣,北条家,玉绳城,无,已登场,北条纲成,城主,直臣,北条家,玉绳城,无,已登场,北条纲成,城主,直臣,北条家,玉绳城,无,已登场,北条纲成,城主,直臣,北条家,玉绳城,无,已死亡,北条纲成,无效,无效,无,无效,无,已登场,北条纲成,家老,直臣,北家,松前城,无,一般条件,,
328,397,斋村政广,斋村,需新建,lord_1_matsurigotogen,Saimura Masahiro,,,,,1562,1576,1600,战死,赤松政秀,7,,,赤松政秀,全职种,59,59,普通,普通,普通,普通,普通,49,书籍,普通,普通,源氏,刀剑,58,35,66,14,48,1,0,1,0,1,1,0,0,2,1,1,2,3,1,1,3,无,强袭，伤药,无,无要求,,,未登场,斋村政广,足轻组头,陪臣（赤松政秀）,赤松家,置盐城,无,未登场,斋村政广,足轻组头,陪臣（赤松政秀）,赤松家,置盐城,无,未登场,斋村政广,足轻组头,陪臣（赤松政秀）,赤松家,置盐城,无,未登场,斋村政广,足轻组头,陪臣（赤松政秀）,赤松家,置盐城,无,未登场,斋村政广,足轻组头,直臣,赤松家,置盐城,无,已登场,斋村政广,足轻组头,陪臣（羽柴秀吉）,织田家,姬路城,无,已登场,斋村政广,足轻组头,陪臣（蜂须贺正胜）,羽柴家,上月城,无,已登场,斋村政广,城主,直臣,丰臣家,出石城,无,已登场,斋村政广,浪人,其他,无,鹿岛之町,无,
329,389,佐伯惟定,佐伯,需新建,lord_1_saekitadatei,Saeki Kore sadane,,,,,1569,1583,1618,病死,,,佐伯惟教,856,佐伯惟教,全职种,60,60,普通,勇敢,普通,普通,普通,57,南蛮物,贪心,普通,其他,刀剑,59,47,45,55,52,3,2,1,2,1,1,1,0,0,0,1,0,0,0,0,1,无,强袭,无,无要求,,,未登场,佐伯惟定,部将,陪臣（佐伯惟教）,大友家,佐伯城,无,未登场,佐伯惟定,部将,陪臣（佐伯惟教）,大友家,佐伯城,无,未登场,佐伯惟定,城主,直臣,大友家,佐伯城,无,未登场,佐伯惟定,部将,陪臣（佐伯惟教）,大友家,佐伯城,无,未登场,佐伯惟定,部将,陪臣（佐伯惟教）,大友家,佐伯城,无,已登场,佐伯惟定,城主,直臣,大友家,佐伯城,无,已登场,佐伯惟定,城主,直臣,大友家,佐伯城,无,已登场,佐伯惟定,部将,直臣,藤堂家,宇和岛城,无,已登场,佐伯惟定,浪人,其他,无,仙台之町,无,
330,930,吉田印西,吉田,姓氏推断,lord_1_yoshida_inzai,Yoshida Douton,clan_yoshida_1,nankai,家族和文化自动推断,,1562,1576,1638,病死,,,,,,全职种,10,10,普通,普通,普通,轻率,不重情义,62,武具,贪心,普通,源氏,弓,39,86,34,35,58,1,1,1,0,4,3,3,2,1,0,0,0,3,0,0,0,弓箭乱射,强袭，连续斩，拔突，二连苦无，刚弓，神弓，天弓，刚力，铁壁，心眼,弓术高手,一般条件,,,未登场,吉田源八郎,足轻大将,直臣,六角家,观音寺城,无,未登场,吉田源八郎,浪人,其他,无,目加田之町,无,未登场,吉田源八郎,浪人,其他,无,目加田之町,无,未登场,吉田源八郎,浪人,其他,无,目加田之町,无,未登场,吉田源八郎,浪人,其他,无,目加田之町,无,已登场,吉田源八郎,浪人,其他,无,安土之町,日置流,已登场,吉田源八郎,浪人,其他,无,安土之町,日置流,已登场,吉田印西,侍大将,直臣,结城家,结城城,日置流,已登场,吉田源八郎,部将,直臣,八板家,姬路城,无,
636,766,武将,细川忠兴,細川忠興,精确匹配,细川忠兴,100,lord_1_hosokawa_2,clan_hosokawa_1,kinai,Hosokawa Tadaoki,Hosokawa Tadaoki,1563,1577,1645,刀剑,78,68,80,72,73,2,2,3,2,2,2,2,0,2,2,2,2,4,1,4,0,威风凛凛,强袭，拔突，急所击，刚弓，铁壁,风雅之士,细川幽斋,638,(三渊晴员),1350,细川幽斋 三渊藤英,全职种,98,98,温和,普通,现实,普通,不重情义,76,艺术品,普通,普通,源氏,未登场,细川忠兴,足轻组头,陪臣（细川藤孝）,足利家,朽木谷城,无,未登场,细川忠兴,足轻组头,陪臣（细川藤孝）,足利家,朽木谷城,无,未登场,细川忠兴,足轻组头,陪臣（细川藤孝）,足利家,二条城,无,未登场,细川忠兴,足轻组头,陪臣（细川藤孝）,足利家,二条城,无,未登场,细川忠兴,足轻组头,陪臣（细川藤孝）,织田家,岐阜城,无,已登场,细川忠兴,足轻大将,陪臣（细川藤孝）,织田家,宫津城,无,已登场,细川忠兴,城主,直臣,羽柴家,宫津城,无,已登场,细川忠兴,大名,首领,细川家,宫津城,无,已登场,细川忠兴,浪人,其他,无,鹿岛之町,无,一般条件,,
637,767,武将,细川晴元,細川晴元,姓氏推断,,75,hosokawa_harumoto,clan_hosokawa_1,kinai,Hosokawa Harumoto,,1514,1554,1563,刀剑,24,31,35,58,57,0,0,0,0,0,1,0,0,0,0,0,0,3,2,2,1,威风凛凛,强袭,无,,,,,,只限武将,1,5,性急,勇敢,理想,轻率,不重情义,52,艺术品,贪心,滴酒不沾,源氏,已登场,细川晴元,家老,直臣,足利家,朽木谷城,无,已登场,细川晴元,家老,直臣,足利家,朽木谷城,无,已登场,细川晴元,家老,直臣,足利家,二条城,无,已死亡,细川晴元,无效,无效,无,无效,无,已死亡,细川晴元,无效,无效,无,无效,无,已死亡,细川晴元,无效,无效,无,无效,无,已死亡,细川晴元,无效,无效,无,无效,无,已死亡,细川晴元,无效,无效,无,无效,无,已登场,细川晴元,浪人,其他,无,鹿屋之町,无,一般条件,,
638,768,武将,细川幽斋,細川幽齋,姓氏推断,,50,hosokawa_yuu,clan_hosokawa_1,kinai,Hosokawa Yusai,,1534,1554,1610,刀剑,80,60,91,88,89,3,2,3,0,3,3,3,0,2,2,1,2,4,4,3,1,威吓，威风凛凛,强袭，连续斩，八神太刀，拔突，急所击，刚弓，神妙剑，刚力，金刚力，铁壁，气声，辱骂，大喝，克己,风雅之士，说客,(三渊晴员),1350,,,细川忠兴 三渊藤英,只限武将,99,99,普通,勇敢,现实,轻率,普通,77,艺术品,普通,普通,源氏,已登场,细川藤孝,部将,直臣,足利家,朽木谷城,新当流,已登场,细川藤孝,侍大将,直臣,足利家,朽木谷城,新当流,已登场,细川藤孝,侍大将,直臣,足利家,二条城,新当流,已登场,细川藤孝,部将,直臣,足利家,二条城,新当流,已登场,细川藤孝,侍大将,直臣,织田家,岐阜城,新当流,已登场,细川藤孝,城主,直臣,织田家,宫津城,新当流,已登场,细川幽斋,家老,直臣,羽柴家,石山本愿寺,新当流,已登场,细川幽斋,家老,直臣,细川家,宫津城,新当流,已登场,细川藤孝,浪人,其他,无,鹿屋之町,新当流,一般条件,,
331,399,酒井家次,酒井,精确匹配,lord_1_sakai_2,Sakai Ietsugu,clan_sakai_1,tokai,精确匹配织丰,,1564,1578,1618,病死,酒井忠次,332,,,酒井忠次,只限武将,90,90,温和,普通,现实,慎重,普通,28,书籍,普通,普通,源氏,刀剑,60,45,66,60,58,2,2,1,0,1,1,2,1,2,1,1,2,2,1,1,1,无,强袭,无,无要求,,,未登场,酒井家次,足轻组头,陪臣（酒井忠次）,松平家,冈崎城,无,未登场,酒井家次,足轻组头,陪臣（酒井忠次）,今川家,骏府城,无,未登场,酒井家次,足轻组头,陪臣（松平元康）,今川家,冈崎城,无,未登场,酒井家次,足轻组头,直臣,德川家,冈崎城,无,未登场,酒井家次,足轻组头,陪臣（酒井忠次）,德川家,滨松城,无,已登场,酒井家次,足轻组头,陪臣（酒井忠次）,德川家,滨松城,无,已登场,酒井家次,足轻组头,陪臣（酒井忠次）,德川家,吉田城,无,已登场,酒井家次,家老,直臣,德川家,江户城,无,已登场,酒井家次,浪人,其他,无,酒田之町,无,
332,401,酒井忠次,酒井,精确匹配,lord_1_sakai,Sakai Tadatsugu,clan_sakai_1,tokai,精确匹配织丰,,1527,1554,1596,病死,,,,,酒井家次,只限武将,90,90,温和,普通,现实,普通,重视情义,31,书籍,普通,滴酒不沾,源氏,刀剑,71,74,83,66,73,1,2,2,0,2,2,3,1,2,2,2,2,2,3,2,1,三河武者,强袭，拔突，刚弓，铁壁,无,一般条件,,,已登场,酒井忠次,侍大将,直臣,松平家,冈崎城,无,已登场,酒井忠次,足轻组头,陪臣（松平元康）,今川家,骏府城,无,已登场,酒井忠次,部将,陪臣（松平元康）,今川家,冈崎城,无,已登场,酒井忠次,家老,直臣,德川家,冈崎城,无,已登场,酒井忠次,家老,直臣,德川家,滨松城,无,已登场,酒井忠次,家老,直臣,德川家,滨松城,无,已登场,酒井忠次,城主,直臣,德川家,吉田城,无,已死亡,酒井忠次,无效,无效,无,无效,无,已登场,酒井忠次,浪人,其他,无,酒田之町,无,
333,402,酒井忠世,酒井,姓氏推断,lord_1_sakai_tadayo,Sakai Tadayoshi,clan_sakai_1,tokai,家族和文化自动推断,,1572,1586,1636,病死,,,,,,只限武将,90,90,温和,普通,现实,慎重,重视情义,55,书籍,普通,普通,源氏,刀剑,43,55,76,61,55,1,0,1,0,0,0,0,0,2,2,1,2,1,2,1,1,无,强袭,无,无要求,,,未登场,酒井忠世,足轻组头,直臣,松平家,冈崎城,无,未登场,酒井忠世,足轻组头,陪臣（松平元康）,今川家,骏府城,无,未登场,酒井忠世,足轻组头,陪臣（松平元康）,今川家,冈崎城,无,未登场,酒井忠世,足轻组头,直臣,德川家,冈崎城,无,未登场,酒井忠世,足轻组头,直臣,德川家,滨松城,无,未登场,酒井忠世,足轻组头,直臣,德川家,滨松城,无,未登场,酒井忠世,足轻组头,陪臣（酒井忠次）,德川家,吉田城,无,已登场,酒井忠世,部将,陪臣（德川秀忠）,德川家,江户城,无,已登场,酒井忠世,浪人,其他,无,酒田之町,无,
334,403,坂井政尚,坂井,需新建,lord_1_sakaimatsurigototakashi,Sakai Masanao,,,,,1530,1554,1570,战死,,,,,,只限武将,0,0,性急,勇敢,普通,轻率,重视情义,64,武具,普通,嗜酒如命,其他,刀剑,60,63,41,53,59,1,2,1,1,2,2,2,1,0,0,0,0,0,0,0,0,无,强袭，拔突，刚弓，铁壁,无,无要求,,,已登场,坂井政尚,足轻组头,直臣,斋藤家,稻叶山城,无,已登场,坂井政尚,侍大将,直臣,织田家,清洲城,无,已登场,坂井政尚,足轻大将,直臣,织田家,清洲城,无,已登场,坂井政尚,部将,直臣,织田家,岐阜城,无,已死亡,坂井政尚,无效,无效,无,无效,无,已死亡,坂井政尚,无效,无效,无,无效,无,已死亡,坂井政尚,无效,无效,无,无效,无,已死亡,坂井政尚,无效,无效,无,无效,无,已登场,坂井政尚,浪人,其他,无,浦户之町,无,
335,404,榊原康政,榊原,精确匹配,lord_1_sakakibara,Sakakibara Yasumasa,clan_sakakibara_1,tokai,精确匹配织丰,,1548,1562,1606,病死,,,,,,只限武将,90,0,性急,勇敢,普通,轻率,重视情义,50,武具,无欲,普通,源氏,枪,82,85,59,56,67,3,3,1,1,2,3,3,1,1,1,0,0,1,1,1,0,三河武者,强袭，连续斩，拔突，粘花，刚弓，卷枪，引落，柄返，刚力，铁壁,无,一般条件,,,未登场,榊原康政,侍大将,直臣,松平家,冈崎城,无,未登场,榊原康政,足轻大将,陪臣（松平元康）,今川家,骏府城,无,已登场,榊原康政,足轻组头,陪臣（松平元康）,今川家,冈崎城,无,已登场,榊原康政,侍大将,直臣,德川家,冈崎城,无,已登场,榊原康政,侍大将,直臣,德川家,滨松城,无,已登场,榊原康政,侍大将,直臣,德川家,滨松城,无,已登场,榊原康政,侍大将,直臣,德川家,滨松城,无,已登场,榊原康政,城主,直臣,德川家,馆林城,无,已登场,榊原康政,浪人,其他,无,骏府之町,无,
336,405,坂崎直盛,坂崎,需新建,lord_1_sakasakinaomori,Sakazaki Naomori,,,,,1563,1577,1616,战死,宇喜多忠家,123,宇喜多兴家,###,宇喜多忠家 宇喜多直家 宇喜多秀家,全职种,36,36,性急,勇敢,普通,轻率,不重情义,71,艺术品,贪心,嗜酒如命,其他,刀剑,47,76,33,17,37,2,2,2,0,1,1,2,0,1,1,1,2,1,1,1,1,无,强袭,无,无要求,,,未登场,宇喜多诠家,足轻组头,陪臣（宇喜多忠家）,浦上家,天神山城,无,未登场,宇喜多诠家,足轻组头,陪臣（宇喜多忠家）,浦上家,天神山城,无,未登场,宇喜多诠家,足轻组头,陪臣（宇喜多忠家）,浦上家,天神山城,无,未登场,宇喜多诠家,足轻组头,陪臣（宇喜多忠家）,浦上家,天神山城,无,未登场,宇喜多诠家,足轻组头,陪臣（宇喜多忠家）,浦上家,冈山城,无,已登场,宇喜多诠家,足轻组头,陪臣（宇喜多忠家）,宇喜多家,冈山城,无,已登场,宇喜多诠家,家老,直臣,宇喜多家,冈山城,无,已登场,坂崎直盛,侍大将,直臣,德川家,江户城,无,已登场,坂崎直盛,浪人,其他,无,敦贺之町,无,
337,409,相良义阳,相良,精确匹配,lord_1_sagara,Sagara Yoshihi,clan_sagara_1,saikai,精确匹配织丰,,1544,1558,1581,战死,相良晴广,823,,,相良赖房 相良晴广,只限武将,60,60,普通,胆小,普通,普通,普通,41,南蛮物,贪心,普通,藤原氏,刀剑,46,37,54,62,54,1,0,1,0,0,0,0,0,1,0,0,0,2,1,1,0,无,强袭,无,无要求,,,未登场,相良义阳,家老,直臣,相良家,人吉城,无,已登场,相良义阳,家老,直臣,相良家,人吉城,无,已登场,相良义阳,大名,首领,相良家,人吉城,无,已登场,相良义阳,大名,首领,相良家,人吉城,无,已登场,相良义阳,大名,首领,相良家,人吉城,无,已死亡,相良义阳,无效,无效,无,无效,无,已死亡,相良义阳,无效,无效,无,无效,无,已死亡,相良义阳,无效,无效,无,无效,无,已登场,相良义阳,浪人,其他,无,浦户之町,无,
646,777,武将,本愿寺教如,本願寺教如,精确匹配,本愿寺教如,100,lord_1_honganji_2,clan_honganji_1,kinai,Honganji Kyonyo,Honganji Kyonyo,1558,1572,1614,枪,71,75,39,57,84,2,2,2,1,1,2,2,1,1,0,0,0,1,2,1,1,百发百中,强袭，拔突，铁壁,策士,本愿寺显如,647,本愿寺证如,812,本愿寺显如 本愿寺准如 本愿寺证如,没那个意思,50,50,性急,勇敢,普通,轻率,不重情义,89,武具,普通,普通,藤原氏,未登场,本愿寺教如,侍大将,陪臣（本愿寺显如）,本愿寺,石山本愿寺,无,未登场,本愿寺教如,部将,陪臣（本愿寺显如）,本愿寺,石山本愿寺,无,未登场,本愿寺教如,家老,直臣,本愿寺,石山本愿寺,无,未登场,本愿寺教如,家老,直臣,本愿寺,石山本愿寺,无,已登场,本愿寺教如,家老,直臣,本愿寺,石山本愿寺,无,已登场,本愿寺教如,浪人,其他,无,石山之町,无,已登场,本愿寺教如,浪人,其他,无,石山之町,无,已登场,本愿寺教如,浪人,其他,无,京之町,无,已登场,本愿寺教如,浪人,其他,无,江户之町,无,一般条件,,
647,778,武将,本愿寺显如,本願寺顯如,精确匹配,本愿寺显如,100,lord_1_honganji,clan_honganji_1,kinai,Honganji Ken'nyo,Honganji Ken'nyo,1543,1554,1592,火绳枪,92,55,84,91,93,4,0,3,1,0,1,3,1,2,1,1,1,3,4,2,2,齐射，激励，百发百中,急所击，二挺击,无,本愿寺证如,812,,,本愿寺教如 本愿寺准如 本愿寺证如,没那个意思,50,50,性急,普通,理想,普通,不重情义,88,书籍,普通,普通,藤原氏,未登场,本愿寺显如,家老,直臣,本愿寺,石山本愿寺,无,已登场,本愿寺显如,大名,首领,本愿寺,石山本愿寺,无,已登场,本愿寺显如,大名,首领,本愿寺,石山本愿寺,无,已登场,本愿寺显如,大名,首领,本愿寺,石山本愿寺,无,已登场,本愿寺显如,大名,首领,本愿寺,石山本愿寺,无,已登场,本愿寺显如,浪人,其他,无,石山之町,无,已登场,本愿寺显如,浪人,其他,无,石山之町,无,已死亡,本愿寺显如,无效,无效,无,无效,无,已登场,本愿寺显如,浪人,其他,无,堺之町,无,一般条件,,
338,410,相良赖房,相良,姓氏推断,lord_1_sagara,Sagara Yorifusa,clan_sagara_1,saikai,家族和文化自动推断,,1574,1588,1636,病死,相良义阳,337,相良晴广,823,相良义阳 相良晴广,全职种,60,60,普通,胆小,普通,慎重,不重情义,87,艺术品,贪心,普通,藤原氏,刀剑,40,44,52,57,60,0,1,0,2,0,0,0,1,0,0,1,1,1,3,0,1,无,强袭,无,无要求,,,未登场,相良赖房,部将,陪臣（相良义阳）,相良家,人吉城,无,未登场,相良赖房,部将,陪臣（相良义阳）,相良家,人吉城,无,未登场,相良赖房,家老,直臣,相良家,人吉城,无,未登场,相良赖房,家老,直臣,相良家,人吉城,无,未登场,相良赖房,家老,直臣,相良家,人吉城,无,已登场,相良赖房,大名,首领,相良家,人吉城,无,已登场,相良赖房,大名,首领,相良家,人吉城,无,已登场,相良赖房,大名,首领,相良家,人吉城,无,已登场,相良赖房,浪人,其他,无,严岛之町,无,
649,781,武将,北乡时久,北鄉時久,精确匹配,北乡时久,100,lord_1_hongo,clan_hongo_1,saikai,Hongo Tokihisa,Hongo Tokihisa,1530,1554,1596,刀剑,54,47,52,62,52,2,1,2,0,0,0,0,1,0,1,0,0,1,2,0,0,无,强袭,无,,,,,,只限武将,30,30,普通,普通,普通,慎重,普通,64,书籍,普通,普通,源氏,已登场,北乡时久,侍大将,直臣,岛津家,内城,无,已登场,北乡时久,侍大将,直臣,岛津家,内城,无,已登场,北乡时久,侍大将,直臣,岛津家,内城,无,已登场,北乡时久,侍大将,直臣,岛津家,内城,无,已登场,北乡时久,侍大将,直臣,岛津家,内城,无,已登场,北乡时久,侍大将,直臣,岛津家,内城,无,已登场,北乡时久,侍大将,直臣,岛津家,内城,无,已死亡,北乡时久,无效,无效,无,无效,无,已登场,北乡时久,家老,直臣,北家,松前城,无,无要求,,
650,782,武将,本庄繁长,本莊繁長,精确匹配,本庄繁长,100,lord_1_honjo,clan_honjo_1,hokuriku,Honjo Sigenaga,Honjo Sigenaga,1539,1554,1613,刀剑,64,67,57,56,62,1,2,1,0,2,2,2,0,0,0,0,1,0,1,0,0,车悬,强袭，拔突，刚弓，铁壁,无,,,,,,全职种,33,33,普通,胆小,普通,轻率,不重情义,64,艺术品,贪心,普通,平氏,已登场,本庄繁长,城主,直臣,长尾家,本庄城,无,已登场,本庄繁长,城主,直臣,长尾家,本庄城,无,已登场,本庄繁长,城主,直臣,长尾家,本庄城,无,已登场,本庄繁长,城主,直臣,武田家,本庄城,无,已登场,本庄繁长,城主,直臣,上杉家,本庄城,无,已登场,本庄繁长,城主,直臣,上杉家,本庄城,无,已登场,本庄繁长,城主,直臣,上杉家,本庄城,无,已登场,本庄繁长,城主,直臣,上杉家,须贺川城,无,已登场,本庄繁长,浪人,其他,无,长滨之町,无,无要求,,
651,783,武将,本多重次,本多重次,精确匹配,本多重次,100,lord_1_honda_2,clan_honda_1,tokai,Honda Shigetsugu,Honda Shigetsugu,1529,1554,1596,刀剑,42,49,82,39,54,0,0,0,0,0,0,0,0,2,3,3,3,3,1,1,1,无,强袭，丢钱,无,,,,,,只限武将,82,82,性急,勇敢,现实,普通,重视情义,44,书籍,无欲,嗜酒如命,藤原氏,已登场,本多重次,足轻组头,直臣,松平家,冈崎城,无,已登场,本多重次,足轻组头,陪臣（松平元康）,今川家,骏府城,无,已登场,本多重次,足轻组头,陪臣（松平元康）,今川家,冈崎城,无,已登场,本多重次,足轻组头,直臣,德川家,冈崎城,无,已登场,本多重次,足轻组头,陪臣（德川信康）,德川家,冈崎城,无,已登场,本多重次,足轻大将,直臣,德川家,滨松城,无,已登场,本多重次,足轻大将,直臣,德川家,滨松城,无,已死亡,本多重次,无效,无效,无,无效,无,已登场,本多重次,浪人,其他,无,赤间关之町,无,一般条件,,
652,784,武将,本多忠胜,本多忠勝,精确匹配,本多忠胜,100,lord_1_honda,clan_honda_1,tokai,Honda Tadakatsu,Honda Tadakatsu,1548,1562,1610,枪,92,89,62,58,79,3,4,3,1,3,3,3,2,1,0,0,0,0,0,1,0,骑射突击，三河武者,强袭，连续斩，拔突，粘花，二连苦无，急所击，刚弓，卷枪，引落，柄返，刚力，铁壁,枪术名人,,,,,本多忠朝 本多忠政,只限武将,90,90,性急,勇敢,普通,轻率,重视情义,45,武具,无欲,嗜酒如命,藤原氏,未登场,本多忠胜,足轻组头,直臣,松平家,冈崎城,无,未登场,本多忠胜,足轻组头,陪臣（松平元康）,今川家,骏府城,无,已登场,本多忠胜,足轻组头,陪臣（松平元康）,今川家,冈崎城,无,已登场,本多忠胜,侍大将,直臣,德川家,冈崎城,无,已登场,本多忠胜,侍大将,直臣,德川家,滨松城,无,已登场,本多忠胜,侍大将,直臣,德川家,滨松城,无,已登场,本多忠胜,侍大将,直臣,德川家,滨松城,无,已登场,本多忠胜,国主,直臣,德川家,久留里城,无,已登场,本多忠胜,浪人,其他,无,柳川之町,无,一般条件,,
653,785,武将,本多忠朝,本多忠朝,姓氏推断,,75,honda_tadatomo,clan_honda_1,tokai,Honda Tadatomo,,1582,1596,1615,枪,69,79,45,34,68,3,3,2,1,2,3,1,0,0,0,0,0,1,0,0,0,无,强袭，连续斩，拔突，粘花，刚弓，卷枪，引落，柄返，刚力，铁壁,无,本多忠胜,652,,,本多忠胜 本多忠政,只限武将,90,90,性急,勇敢,理想,轻率,重视情义,72,艺术品,无欲,嗜酒如命,藤原氏,未登场,本多忠朝,足轻组头,陪臣（本多忠胜）,松平家,冈崎城,无,未登场,本多忠朝,足轻组头,陪臣（本多忠胜）,今川家,骏府城,无,未登场,本多忠朝,足轻组头,陪臣（本多忠胜）,今川家,冈崎城,无,未登场,本多忠朝,足轻组头,陪臣（本多忠胜）,德川家,冈崎城,无,未登场,本多忠朝,足轻组头,陪臣（本多忠胜）,德川家,滨松城,无,未登场,本多忠朝,足轻组头,陪臣（本多忠胜）,德川家,滨松城,无,未登场,本多忠朝,足轻组头,陪臣（本多忠胜）,德川家,滨松城,无,已登场,本多忠朝,部将,陪臣（本多忠胜）,德川家,久留里城,无,已登场,本多忠朝,浪人,其他,无,大坂之町,无,无要求,,
654,786,武将,本多忠政,本多忠政,姓氏推断,,75,honda_tadamasa,clan_honda_1,tokai,Honda Tadamasa,,1575,1589,1631,枪,43,44,50,57,60,1,1,0,0,0,0,0,0,1,1,1,0,2,2,0,0,无,拔突,无,本多忠胜,652,,,本多忠胜 本多忠朝,只限武将,90,90,温和,胆小,普通,轻率,普通,15,书籍,无欲,普通,藤原氏,未登场,本多忠政,足轻组头,陪臣（本多忠胜）,松平家,冈崎城,无,未登场,本多忠政,足轻组头,陪臣（本多忠胜）,今川家,骏府城,无,未登场,本多忠政,足轻组头,陪臣（本多忠胜）,今川家,冈崎城,无,未登场,本多忠政,足轻组头,陪臣（本多忠胜）,德川家,冈崎城,无,未登场,本多忠政,足轻组头,陪臣（本多忠胜）,德川家,滨松城,无,未登场,本多忠政,足轻组头,陪臣（本多忠胜）,德川家,滨松城,无,未登场,本多忠政,足轻组头,陪臣（本多忠胜）,德川家,滨松城,无,已登场,本多忠政,部将,陪臣（本多忠胜）,德川家,久留里城,无,已登场,本多忠政,浪人,其他,无,出石之町,无,无要求,,
655,788,武将,本多正纯,本多正純,精确匹配,本多正纯,100,lord_1_honda_8,clan_honda_1,tokai,Honda Masazumi,Honda Masazumi,1565,1579,1637,刀剑,12,24,90,83,73,0,0,0,0,0,0,1,1,3,3,3,4,2,3,1,0,无,强袭，丢钱，贿赂,能吏,本多正信,656,,,本多正信 本多政重,全职种,95,95,温和,胆小,现实,慎重,不重情义,66,书籍,贪心,普通,藤原氏,未登场,本多正纯,足轻组头,陪臣（本多正信）,松平家,冈崎城,无,未登场,本多正纯,足轻组头,陪臣（本多正信）,今川家,骏府城,无,未登场,本多正纯,足轻组头,陪臣（本多正信）,今川家,冈崎城,无,未登场,本多正纯,足轻组头,陪臣（本多正信）,德川家,冈崎城,无,未登场,本多正纯,足轻组头,陪臣（本多正信）,德川家,滨松城,无,已登场,本多正纯,足轻组头,陪臣（本多正信）,德川家,滨松城,无,已登场,本多正纯,足轻组头,陪臣（本多正信）,德川家,滨松城,无,已登场,本多正纯,部将,直臣,德川家,江户城,无,已登场,本多正纯,浪人,其他,无,杂贺之町,无,一般条件,,
656,789,武将,本多正信,本多正信,精确匹配,本多正信,100,lord_1_honda_6,clan_honda_1,tokai,Honda Masanobu,Honda Masanobu,1538,1554,1616,刀剑,11,20,95,92,34,0,0,0,0,1,0,0,0,3,4,3,3,3,4,1,1,土龙攻，威吓,强袭，丢钱,说客，名奉行,,,,,本多正纯 本多政重,只限武将,90,90,温和,胆小,现实,轻率,不重情义,77,书籍,无欲,普通,藤原氏,未登场,本多正信,足轻组头,直臣,松平家,冈崎城,无,已登场,本多正信,足轻大将,陪臣（松平元康）,今川家,骏府城,无,已登场,本多正信,足轻大将,陪臣（松平元康）,今川家,冈崎城,无,已登场,本多正信,足轻组头,直臣,德川家,冈崎城,无,已登场,本多正信,足轻大将,直臣,德川家,滨松城,无,已登场,本多正信,侍大将,直臣,德川家,滨松城,无,已登场,本多正信,侍大将,直臣,德川家,滨松城,无,已登场,本多正信,家老,直臣,德川家,江户城,无,已登场,本多正信,浪人,其他,无,今治之町,无,一般条件,,
657,791,武将,前田庆次,前田慶次,姓氏推断,,50,maeda,clan_maeda_1,tosan,Maeda Keiji,,1550,1564,1612,枪,62,88,2,51,95,3,2,3,0,3,3,0,3,0,0,0,0,3,2,3,1,破技之术，雾隐之术,强袭，连续斩，拔突，粘花，二连苦无，半月，急所击，刚弓，卷枪，引落，柄返，刚力，铁壁，克己,枪术名人，风雅之士,,,(泷川一胜),1316,泷川一益,全职种,0,16,性急,勇敢,理想,轻率,不重情义,78,南蛮物,贪心,嗜酒如命,其他,未登场,前田庆次,浪人,其他,无,清洲之町,无,未登场,前田庆次,足轻组头,直臣,织田家,清洲城,无,未登场,前田庆次,足轻组头,直臣,织田家,清洲城,无,已登场,前田庆次,足轻组头,陪臣（前田利家）,织田家,岐阜城,无,已登场,前田庆次,足轻组头,直臣,织田家,岐阜城,无,已登场,前田庆次,足轻大将,陪臣（前田利家）,织田家,七尾城,无,已登场,前田庆次,足轻大将,直臣,前田家,尾山城,无,已登场,前田庆次,侍大将,直臣,上杉家,会津若松城,无,已登场,前田庆次,浪人,其他,无,弘前之町,无,一般条件,,
658,792,武将,前田玄以,前田玄以,姓氏推断,,50,maeda_geni,clan_maeda_1,tosan,Maeda Gen'i,,1539,1554,1602,刀剑,6,6,80,72,65,0,0,0,0,0,0,0,0,0,2,2,3,3,3,3,3,无,强袭，伤药，丢钱,无,,,,,,全职种,8,8,温和,胆小,现实,慎重,普通,45,南蛮物,普通,滴酒不沾,藤原氏,未登场,前田玄以,浪人,其他,无,井之口之町,无,已登场,前田玄以,浪人,其他,无,井之口之町,无,已登场,前田玄以,浪人,其他,无,井之口之町,无,已登场,前田玄以,浪人,其他,无,岐阜之町,无,已登场,前田玄以,足轻组头,陪臣（织田信忠）,织田家,岐阜城,无,已登场,前田玄以,足轻大将,陪臣（织田信忠）,织田家,岐阜城,无,已登场,前田玄以,足轻大将,直臣,织田家,长岛城,无,已登场,前田玄以,家老,直臣,丰臣家,大坂城,无,已登场,前田玄以,浪人,其他,无,弘前之町,无,无要求,,
659,793,武将,前田利家,前田利家,精确匹配,前田利家,100,lord_1_maeda,clan_maeda_1,tosan,Maeda Toshiie,Maeda Toshiie,1538,1554,1599,枪,74,71,75,66,78,3,2,3,1,2,3,2,0,1,2,1,2,1,1,2,1,无,强袭，连续斩，拔突，粘花，急所击，刚弓，卷枪，引落，柄返，刚力，铁壁,枪术名人,,,,,前田利长 前田利政,只限武将,0,2,普通,勇敢,普通,轻率,普通,71,艺术品,贪心,嗜酒如命,其他,未登场,前田利家,侍大将,直臣,织田家,那古野城,无,已登场,前田利家,足轻大将,直臣,织田家,清洲城,无,已登场,前田利家,足轻大将,直臣,织田家,清洲城,无,已登场,前田利家,侍大将,直臣,织田家,岐阜城,无,已登场,前田利家,侍大将,直臣,织田家,岐阜城,无,已登场,前田利家,城主,直臣,织田家,七尾城,无,已登场,前田利家,大名,首领,前田家,尾山城,无,已登场,前田利家,大名,首领,前田家,金泽城,无,已登场,前田利家,浪人,其他,无,弘前之町,无,一般条件,,
660,794,武将,前田利长,前田利長,精确匹配,前田利长,100,lord_1_maeda_4,clan_maeda_1,tosan,Maeda Toshinaga,Maeda Toshinaga,1562,1576,1614,枪,60,52,65,71,59,2,2,2,0,0,1,1,0,0,1,1,1,1,1,1,0,无,拔突,无,前田利家,659,,,前田利家 前田利政,只限武将,88,82,温和,胆小,现实,轻率,普通,22,南蛮物,普通,普通,其他,未登场,前田利长,足轻组头,陪臣（前田利家）,织田家,那古野城,无,未登场,前田利长,足轻组头,陪臣（前田利家）,织田家,稻叶山城,无,未登场,前田利长,足轻组头,陪臣（前田利家）,织田家,清洲城,无,未登场,前田利长,足轻组头,陪臣（前田利家）,织田家,岐阜城,无,未登场,前田利长,足轻组头,陪臣（前田利家）,织田家,岐阜城,无,已登场,前田利长,足轻组头,陪臣（前田利家）,织田家,七尾城,无,已登场,前田利长,足轻组头,直臣,前田家,尾山城,无,已登场,前田利长,家老,直臣,前田家,金泽城,无,已登场,前田利长,浪人,其他,无,弘前之町,无,一般条件,,
661,795,武将,前田利政,前田利政,姓氏推断,,75,maeda_toshimasa,clan_maeda_1,tosan,Maeda Toshimasa,,1578,1592,1633,枪,61,46,55,19,52,1,1,1,0,1,1,1,0,1,1,1,1,1,1,1,1,无,拔突,无,前田利家,659,,,前田利家 前田利长,只限武将,15,15,性急,勇敢,理想,轻率,不重情义,75,武具,普通,普通,其他,未登场,前田利政,足轻组头,陪臣（前田利家）,织田家,那古野城,无,未登场,前田利政,足轻组头,陪臣（前田利家）,织田家,稻叶山城,无,未登场,前田利政,足轻组头,陪臣（前田利家）,织田家,清洲城,无,未登场,前田利政,足轻组头,陪臣（前田利家）,织田家,岐阜城,无,未登场,前田利政,足轻组头,陪臣（前田利家）,织田家,岐阜城,无,未登场,前田利政,足轻组头,陪臣（前田利家）,织田家,七尾城,无,未登场,前田利政,足轻组头,直臣,前田家,尾山城,无,已登场,前田利政,城主,直臣,前田家,七尾城,无,已登场,前田利政,浪人,其他,无,弘前之町,无,无要求,,
339,411,佐久间信盛,佐久间,精确匹配,lord_1_sakuma,Sakuma Nobumori,clan_sakuma_1,kinai,精确匹配织丰,,1527,1554,1581,病死,佐久间信晴,1312,,,佐久间盛重,全职种,99,70,温和,胆小,理想,慎重,普通,55,艺术品,普通,普通,平氏,刀剑,63,53,60,49,41,2,1,2,0,2,1,0,0,0,1,1,1,1,0,3,1,无,强袭，刚弓,无,一般条件,,,已登场,佐久间信盛,侍大将,直臣,织田家,那古野城,无,已登场,佐久间信盛,家老,直臣,织田家,清洲城,无,已登场,佐久间信盛,部将,直臣,织田家,清洲城,无,已登场,佐久间信盛,家老,直臣,织田家,岐阜城,无,已登场,佐久间信盛,家老,直臣,织田家,岐阜城,无,已死亡,佐久间信盛,无效,无效,无,无效,无,已死亡,佐久间信盛,无效,无效,无,无效,无,已死亡,佐久间信盛,无效,无效,无,无效,无,已登场,佐久间信盛,浪人,其他,无,厩桥之町,无,
663,797,武将,前波吉继,前波吉繼,精确匹配,前波吉继,100,lord_1_maeba_5,clan_maeba_1,hokuriku,Maeba Yoshitsugu,Maeba Yoshitsugu,1541,1555,1574,刀剑,52,33,35,62,56,1,1,0,0,0,0,2,0,0,1,0,0,3,2,0,0,无,强袭,无,,,,,,全职种,20,20,普通,普通,普通,轻率,不重情义,64,艺术品,贪心,普通,藤原氏,未登场,前波吉继,侍大将,直臣,朝仓家,一乘谷城,无,未登场,前波吉继,侍大将,直臣,朝仓家,一乘谷城,无,已登场,前波吉继,侍大将,直臣,朝仓家,一乘谷城,无,已登场,前波吉继,侍大将,直臣,朝仓家,一乘谷城,无,已死亡,前波吉继,无效,无效,无,无效,无,已死亡,前波吉继,无效,无效,无,无效,无,已死亡,前波吉继,无效,无效,无,无效,无,已死亡,前波吉继,无效,无效,无,无效,无,已登场,前波吉继,浪人,其他,无,弘前之町,无,无要求,,
340,412,佐久间盛重,佐久间,模糊匹配,lord_1_sakuma,Sakuma Morishige,clan_sakuma_1,kinai,家族和文化自动推断,,1524,1554,1560,战死,,,佐久间信晴,###,佐久间信盛,只限武将,2,2,性急,勇敢,现实,轻率,重视情义,54,武具,普通,普通,平氏,刀剑,75,77,34,19,49,2,2,1,0,0,1,2,1,1,0,0,0,0,0,0,0,无,强袭,无,一般条件,,,已登场,佐久间盛重,足轻大将,直臣,织田家,那古野城,无,已登场,佐久间盛重,城主,直臣,织田家,鸣海城,无,已登场,佐久间盛重,城主,直臣,织田家,鸣海城,无,已死亡,佐久间盛重,无效,无效,无,无效,无,已死亡,佐久间盛重,无效,无效,无,无效,无,已死亡,佐久间盛重,无效,无效,无,无效,无,已死亡,佐久间盛重,无效,无效,无,无效,无,已死亡,佐久间盛重,无效,无效,无,无效,无,已登场,佐久间盛重,浪人,其他,无,直江津之町,无,
341,413,佐久间盛政,佐久间,模糊匹配,lord_1_sakuma,Sakuma Morimasa,clan_sakuma_1,kinai,家族和文化自动推断,,1553,1567,1583,病死,,,柴田胜义,###,柴田胜家 柴田胜丰,全职种,85,85,性急,勇敢,理想,轻率,重视情义,74,武具,贪心,嗜酒如命,平氏,刀剑,61,78,26,20,55,2,3,1,0,1,3,2,0,0,0,0,0,0,0,0,0,无,强袭，连续斩，拔突，刚力，铁壁,无,一般条件,府中三人众 前田利家/佐佐成政/不破光治,,未登场,佐久间盛政,足轻组头,陪臣（柴田胜家）,织田家,那古野城,无,未登场,佐久间盛政,足轻组头,陪臣（柴田胜家）,织田家,那古野城,无,未登场,佐久间盛政,足轻组头,直臣,织田家,清洲城,无,已登场,佐久间盛政,足轻组头,陪臣（柴田胜家）,织田家,岐阜城,无,已登场,佐久间盛政,足轻组头,陪臣（柴田胜家）,织田家,北之庄城,无,已登场,佐久间盛政,足轻大将,陪臣（柴田胜家）,织田家,北之庄城,无,已死亡,佐久间盛政,无效,无效,无,无效,无,已死亡,佐久间盛政,无效,无效,无,无效,无,已登场,佐久间盛政,浪人,其他,无,直江津之町,无,
342,414,鲑延秀纲,鲑延,精确匹配,lord_1_sakenobe_2,Sakenobe Hidetsuna,clan_sakenobe_1,ou,精确匹配织丰,,1562,1576,1646,病死,,,,,,只限武将,64,64,温和,胆小,普通,慎重,普通,55,艺术品,普通,普通,其他,刀剑,45,54,41,57,55,1,2,1,0,1,0,1,1,0,1,0,0,1,2,1,0,无,强袭,无,一般条件,,,未登场,鲑延秀纲,城主,直臣,小野寺家,鲑延城,无,未登场,鲑延秀纲,家老,直臣,小野寺家,横手城,无,未登场,鲑延秀纲,城主,直臣,小野寺家,鲑延城,无,未登场,鲑延秀纲,城主,直臣,小野寺家,鲑延城,无,未登场,鲑延秀纲,城主,直臣,小野寺家,鲑延城,无,已登场,鲑延秀纲,城主,直臣,最上家,鲑延城,无,已登场,鲑延秀纲,城主,直臣,最上家,鲑延城,无,已登场,鲑延秀纲,城主,直臣,最上家,鲑延城,无,已登场,鲑延秀纲,头领,首领,柏崎水军,柏崎之砦,无,
667,801,武将,正木时茂,正木時茂,姓氏推断,,75,masaki,clan_masaki_1,kanto,Masaki Tokishige,,1515,1554,1573,枪,66,72,37,46,65,2,1,1,3,1,3,1,0,0,1,0,0,0,0,0,0,焙烙,强袭，连续斩，拔突，粘花，卷枪，引落，柄返，刚力，铁壁,枪术名人,(正木时纲),1326,,,正木时忠 正木赖忠,全职种,30,30,普通,勇敢,普通,轻率,普通,45,武具,普通,普通,平氏,已登场,正木时茂,家老,直臣,里见家,久留里城,无,已登场,正木时茂,家老,直臣,里见家,久留里城,无,已登场,正木时茂,家老,直臣,里见家,久留里城,无,已登场,正木时茂,家老,直臣,里见家,久留里城,无,已死亡,正木时茂,无效,无效,无,无效,无,已死亡,正木时茂,无效,无效,无,无效,无,已死亡,正木时茂,无效,无效,无,无效,无,已死亡,正木时茂,无效,无效,无,无效,无,已登场,正木时茂,浪人,其他,无,大坂之町,无,无要求,,
668,802,武将,正木时忠,正木時忠,精确匹配,正木时忠,100,lord_1_masaki_2,clan_masaki_1,kanto,Masaki Tokitada,Masaki Tokitada,1520,1554,1576,枪,58,46,55,57,44,2,1,1,3,1,2,1,0,0,0,0,1,0,0,0,0,焙烙,强袭，拔突，铁壁,无,(正木时纲),1326,,,正木时茂 正木赖忠,全职种,30,30,温和,勇敢,普通,轻率,不重情义,66,南蛮物,无欲,普通,平氏,已登场,正木时忠,部将,直臣,里见家,久留里城,无,已登场,正木时忠,部将,直臣,里见家,久留里城,无,已登场,正木时忠,部将,直臣,里见家,久留里城,无,已登场,正木时忠,部将,直臣,里见家,久留里城,无,已登场,正木时忠,部将,直臣,里见家,久留里城,无,已死亡,正木时忠,无效,无效,无,无效,无,已死亡,正木时忠,无效,无效,无,无效,无,已死亡,正木时忠,无效,无效,无,无效,无,已登场,正木时忠,浪人,其他,无,柳川之町,无,无要求,,
669,803,武将,正木赖忠,正木賴忠,姓氏推断,,75,masaki_1,clan_masaki_1,kanto,Masaki Yoritada,,1551,1565,1622,刀剑,40,47,54,53,58,1,0,0,2,0,1,0,0,0,0,0,1,0,0,0,0,无,强袭,无,正木时忠,668,(正木时纲),1326,正木时茂 正木时忠,全职种,30,30,普通,胆小,普通,慎重,普通,24,艺术品,无欲,普通,平氏,未登场,正木赖忠,足轻组头,陪臣（正木时忠）,里见家,久留里城,无,未登场,正木赖忠,足轻组头,陪臣（正木时忠）,里见家,久留里城,无,已登场,正木赖忠,足轻组头,陪臣（正木时忠）,里见家,久留里城,无,已登场,正木赖忠,足轻组头,陪臣（正木时忠）,里见家,久留里城,无,已登场,正木赖忠,足轻大将,陪臣（正木时忠）,里见家,久留里城,无,已登场,正木赖忠,足轻大将,直臣,里见家,久留里城,无,已登场,正木赖忠,足轻大将,直臣,里见家,久留里城,无,已登场,正木赖忠,部将,直臣,里见家,稻村城,无,已登场,正木赖忠,浪人,其他,无,江户之町,无,无要求,,
343,416,佐佐木小次郎,佐佐木,需新建,lord_1_sasakikojirou,Sasaki Kojirou,,,,,1586,1598,1612,战死,,,,,,没那个意思,60,60,性急,勇敢,理想,轻率,不重情义,92,艺术品,贪心,嗜酒如命,源氏,刀剑,35,94,4,11,66,2,0,1,0,2,4,4,0,0,0,0,0,1,0,1,0,无,强袭，连续斩，切落，绝妙剑，拔突，刚弓，金翅鸟王剑，当身，燕返，刚力，独妙剑，铁壁,剑豪,不可,,主角宫本武藏，剧情流程,未登场,佐佐木小次郎,浪人,其他,无,敦贺之町,钟卷流,未登场,佐佐木小次郎,浪人,其他,无,敦贺之町,钟卷流,未登场,佐佐木小次郎,浪人,其他,无,敦贺之町,钟卷流,未登场,佐佐木小次郎,浪人,其他,无,敦贺之町,钟卷流,未登场,佐佐木小次郎,浪人,其他,无,敦贺之町,钟卷流,未登场,佐佐木小次郎,浪人,其他,无,敦贺之町,钟卷流,未登场,佐佐木小次郎,浪人,其他,无,敦贺之町,钟卷流,已登场,佐佐木小次郎,浪人,其他,无,敦贺之町,钟卷流,已登场,佐佐木小次郎,足轻大将,直臣,小笠原家,小仓城,严流,
344,417,笹部勘二郎,笹部,需新建,lord_1_sasabekanjirou,Sasabe Kanjiro,,,,,1510,1554,1579,战死,,,,,,只限武将,60,60,普通,勇敢,普通,轻率,重视情义,31,武具,普通,普通,其他,刀剑,56,59,39,48,53,1,2,2,0,1,2,2,1,0,0,0,0,0,0,0,0,无,强袭，拔突，铁壁,无,无要求,,,已登场,笹部勘二郎,部将,直臣,浦上家,天神山城,无,已登场,笹部勘二郎,部将,直臣,浦上家,天神山城,无,已登场,笹部勘二郎,部将,直臣,浦上家,天神山城,无,已登场,笹部勘二郎,部将,直臣,浦上家,天神山城,无,已登场,笹部勘二郎,部将,直臣,浦上家,天神山城,无,已死亡,笹部勘二郎,无效,无效,无,无效,无,已死亡,笹部勘二郎,无效,无效,无,无效,无,已死亡,笹部勘二郎,无效,无效,无,无效,无,已登场,笹部勘二郎,足轻大将,直臣,二阶堂家,金泽城,无,
345,418,佐世元嘉,佐世,需新建,lord_1_sukeyogenka,Sase Motoyoshi,,,,,1546,1560,1620,病死,,,,,,全职种,36,36,温和,普通,普通,慎重,不重情义,31,艺术品,无欲,滴酒不沾,其他,刀剑,23,19,61,55,56,0,0,0,0,0,0,0,0,2,1,1,2,1,1,0,0,无,强袭,无,无要求,,,未登场,佐世元嘉,足轻大将,直臣,毛利家,吉田郡山城,无,未登场,佐世元嘉,足轻大将,直臣,尼子家,月山富田城,无,已登场,佐世元嘉,足轻大将,直臣,尼子家,月山富田城,无,已登场,佐世元嘉,足轻大将,直臣,毛利家,吉田郡山城,无,已登场,佐世元嘉,足轻大将,直臣,毛利家,吉田郡山城,无,已登场,佐世元嘉,足轻大将,直臣,毛利家,吉田郡山城,无,已登场,佐世元嘉,足轻大将,直臣,毛利家,吉田郡山城,无,已登场,佐世元嘉,足轻大将,直臣,毛利家,广岛城,无,已登场,佐世元嘉,浪人,其他,无,鸟取之町,无,
346,419,佐竹义昭,佐竹,精确匹配,dead_lord_1_satake_2,Satake Yoshiaki,clan_satake_1,kanto,精确匹配织丰,,1531,1554,1565,病死,,,,,芦名盛重 宇都宫国纲 佐竹义重,只限武将,20,20,普通,普通,现实,轻率,不重情义,71,武具,无欲,普通,源氏,刀剑,70,49,78,64,67,2,2,0,1,2,2,2,0,1,2,1,1,2,1,1,1,无,强袭，拔突，刚弓，铁壁,无,一般条件,,,已登场,佐竹义昭,大名,首领,佐竹家,太田城,无,已登场,佐竹义昭,大名,首领,佐竹家,太田城,无,已登场,佐竹义昭,大名,首领,佐竹家,太田城,无,已死亡,佐竹义昭,无效,无效,无,无效,无,已死亡,佐竹义昭,无效,无效,无,无效,无,已死亡,佐竹义昭,无效,无效,无,无效,无,已死亡,佐竹义昭,无效,无效,无,无效,无,已死亡,佐竹义昭,无效,无效,无,无效,无,已登场,佐竹义昭,伙计,直臣,吴服屋,堺之町,无,
347,420,佐竹义重,佐竹,精确匹配,lord_1_satake,Satake Yoshishige,clan_satake_1,kanto,精确匹配织丰,,1547,1561,1612,病死,佐竹义昭,346,,,芦名盛重 宇都宫国纲 佐竹义昭 佐竹义宣,只限武将,20,20,普通,勇敢,普通,轻率,普通,69,武具,普通,普通,源氏,刀剑,81,72,78,82,81,3,4,2,1,2,3,3,1,2,2,4,3,1,0,1,1,无,强袭，连续斩，拔突，刚弓，刚力，铁壁，丢钱,无,一般条件,,,未登场,佐竹义重,家老,直臣,佐竹家,太田城,阴流,未登场,佐竹义重,部将,陪臣（佐竹义昭）,佐竹家,太田城,阴流,已登场,佐竹义重,家老,直臣,佐竹家,太田城,阴流,已登场,佐竹义重,大名,首领,佐竹家,太田城,阴流,已登场,佐竹义重,大名,首领,佐竹家,太田城,阴流,已登场,佐竹义重,大名,首领,佐竹家,太田城,阴流,已登场,佐竹义重,大名,首领,佐竹家,水户城,阴流,已登场,佐竹义重,家老,直臣,佐竹家,水户城,阴流,已登场,佐竹义重,当家,首领,五金屋,京之町,阴流,
348,421,佐竹义宣,佐竹,姓氏推断,lord_1_satake,Satake Yoshinobu,clan_satake_1,kanto,家族和文化自动推断,,1570,1584,1633,病死,佐竹义重,347,,,芦名盛重 佐竹义重,只限武将,20,20,性急,普通,现实,轻率,不重情义,86,武具,贪心,普通,源氏,刀剑,69,64,76,65,70,3,3,2,0,2,2,3,0,1,1,4,2,2,2,3,1,无,强袭，拔突，刚弓，铁壁,无,一般条件,,,未登场,佐竹义宣,部将,陪臣（佐竹义重）,佐竹家,太田城,无,未登场,佐竹义宣,部将,陪臣（佐竹义重）,佐竹家,太田城,无,未登场,佐竹义宣,足轻组头,陪臣（佐竹义重）,佐竹家,太田城,无,未登场,佐竹义宣,部将,陪臣（佐竹义重）,佐竹家,太田城,无,未登场,佐竹义宣,部将,陪臣（佐竹义重）,佐竹家,太田城,无,未登场,佐竹义宣,家老,直臣,佐竹家,太田城,无,已登场,佐竹义宣,家老,直臣,佐竹家,水户城,无,已登场,佐竹义宣,大名,首领,佐竹家,水户城,无,已登场,佐竹义宣,伙计,直臣,五金屋,京之町,无,
349,422,佐竹义久,佐竹,精确匹配,lord_1_satake_4,Satake Yoshihisa,clan_satake_1,kanto,精确匹配织丰,,1541,1555,1601,病死,,,,,,只限武将,20,20,温和,普通,普通,慎重,重视情义,21,书籍,无欲,滴酒不沾,源氏,刀剑,27,29,64,78,66,0,0,0,0,0,1,1,0,0,3,2,2,3,3,2,1,无,强袭,无,无要求,,,未登场,佐竹义久,侍大将,直臣,佐竹家,太田城,无,未登场,佐竹义久,侍大将,直臣,佐竹家,太田城,无,已登场,佐竹义久,侍大将,直臣,佐竹家,太田城,无,已登场,佐竹义久,侍大将,直臣,佐竹家,太田城,无,已登场,佐竹义久,侍大将,直臣,佐竹家,太田城,无,已登场,佐竹义久,侍大将,直臣,佐竹家,太田城,无,已登场,佐竹义久,侍大将,直臣,佐竹家,水户城,无,已登场,佐竹义久,部将,直臣,佐竹家,水户城,无,已登场,佐竹义久,当家,首领,吴服屋,堺之町,无,
350,423,佐田彦四郎,佐田,需新建,lord_1_sadahikoshirou,Sada Hikosaburou,,,,,1544,1558,1600,病死,,,,,,武将以外优先,30,30,普通,普通,现实,轻率,普通,30,武具,普通,普通,其他,锁镰,58,73,11,61,21,3,1,2,1,2,3,0,3,0,0,2,0,0,0,0,0,鬼谋，红莲之术，错乱之术,强袭，连续斩，拔突，二连苦无，半月，千鸟，刚弓，刚力，铁壁,无,无要求,,,未登场,佐田彦四郎,上忍,直臣,外闻众,外闻之里,无,未登场,佐田彦四郎,上忍,直臣,外闻众,外闻之里,无,已登场,佐田彦四郎,上忍,直臣,外闻众,外闻之里,无,已登场,佐田彦四郎,上忍,直臣,外闻众,外闻之里,无,已登场,佐田彦四郎,上忍,直臣,外闻众,外闻之里,无,已登场,佐田彦四郎,上忍,直臣,外闻众,外闻之里,无,已登场,佐田彦四郎,上忍,直臣,外闻众,外闻之里,无,已登场,佐田彦四郎,头目,首领,外闻众,外闻之里,无,已登场,佐田彦四郎,家老,直臣,茶屋家,岐阜城,无,
678,814,武将,松田宪秀,松田憲秀,精确匹配,松田宪秀,100,lord_1_matsuda,clan_matsuda_1,kanto,Matsuda Norihide,Matsuda Norihide,1530,1554,1590,刀剑,16,18,68,74,75,0,0,0,0,0,0,1,0,1,2,1,2,0,2,0,0,无,强袭,无,,,,,笠原政尧,只限武将,82,82,普通,胆小,普通,轻率,不重情义,59,书籍,贪心,普通,藤原氏,已登场,松田宪秀,部将,直臣,北条家,小田原城,无,已登场,松田宪秀,家老,直臣,北条家,小田原城,无,已登场,松田宪秀,家老,直臣,北条家,小田原城,无,已登场,松田宪秀,家老,直臣,北条家,小田原城,无,已登场,松田宪秀,家老,直臣,北条家,小田原城,无,已登场,松田宪秀,家老,直臣,北条家,小田原城,无,已登场,松田宪秀,家老,直臣,北条家,小田原城,无,已死亡,松田宪秀,无效,无效,无,无效,无,已登场,松田宪秀,当家,首领,书屋,大坂之町,无,一般条件,,
679,816,武将,松永久秀,松永久秀,精确匹配,松永久秀,100,lord_1_matsunaga,clan_matsunaga_1,kinai,Matsunaga Hisahide,Matsunaga Hisahide,1510,1554,1577,枪,84,55,87,95,59,3,2,3,0,1,1,2,3,1,0,2,3,4,4,3,0,威吓，刺杀，内讧之术,拔突，二连苦无，半月，急所击，丢钱,风雅之士，说客,(松永久秀父),1327,,,内藤如安 松永久通 松永长赖,全职种,80,93,性急,胆小,现实,普通,不重情义,100,艺术品,贪心,普通,其他,已登场,松永久秀,侍大将,陪臣（三好长庆）,细川家,芥川城,无,已登场,松永久秀,城主,直臣,三好家,多闻山城,无,已登场,松永久秀,国主,直臣,三好家,信贵山城,无,已登场,松永久秀,国主,直臣,织田家,信贵山城,无,已登场,松永久秀,国主,直臣,织田家,信贵山城,无,已死亡,松永久秀,无效,无效,无,无效,无,已死亡,松永久秀,无效,无效,无,无效,无,已死亡,松永久秀,无效,无效,无,无效,无,已登场,松永久秀,伙计,直臣,油屋,油津之町,无,一般条件,,
680,817,武将,松永久通,松永久通,精确匹配,松永久通,100,lord_1_matsunaga_2,clan_matsunaga_1,kinai,Matsunaga Hisamichi,Matsunaga Hisamichi,1538,1554,1577,刀剑,40,46,61,76,62,1,1,1,0,1,1,1,0,0,0,0,0,1,1,1,0,无,强袭,无,松永久秀,679,(松永久秀父),1327,内藤如安 松永久秀 松永长赖,只限武将,93,93,温和,胆小,普通,轻率,不重情义,87,南蛮物,贪心,嗜酒如命,其他,未登场,松永久通,侍大将,陪臣（松永久秀）,细川家,芥川城,无,已登场,松永久通,侍大将,陪臣（松永久秀）,三好家,多闻山城,无,已登场,松永久通,侍大将,陪臣（松永久秀）,三好家,信贵山城,无,已登场,松永久通,侍大将,陪臣（松永久秀）,织田家,信贵山城,无,已登场,松永久通,侍大将,陪臣（松永久秀）,织田家,信贵山城,无,已死亡,松永久通,无效,无效,无,无效,无,已死亡,松永久通,无效,无效,无,无效,无,已死亡,松永久通,无效,无效,无,无效,无,已登场,松永久通,当家,首领,油屋,油津之町,无,无要求,,
351,424,佐佐成政,佐佐,需新建,lord_1_sasanarimasa,Sassa Narimasa,,,,,1539,1554,1588,战死,,,,,,只限武将,88,88,性急,普通,理想,轻率,普通,71,武具,普通,普通,源氏,枪,74,74,48,42,52,2,3,3,0,1,3,2,0,2,1,1,0,2,0,2,0,无,强袭，连续斩，拔突，粘花，急所击，卷枪，引落，柄返，刚力，铁壁,无,一般条件,,,未登场,佐佐成政,足轻组头,直臣,织田家,那古野城,无,已登场,佐佐成政,侍大将,直臣,织田家,清洲城,无,已登场,佐佐成政,侍大将,直臣,织田家,清洲城,无,已登场,佐佐成政,侍大将,直臣,织田家,岐阜城,无,已登场,佐佐成政,侍大将,直臣,织田家,岐阜城,无,已登场,佐佐成政,城主,直臣,织田家,富山城,无,已登场,佐佐成政,大名,首领,佐佐家,富山城,无,已死亡,佐佐成政,无效,无效,无,无效,无,已登场,佐佐成政,浪人,其他,无,清洲之町,无,
352,425,里见义尧,里见,精确匹配,lord_1_satomi_2,Satomi Yoshitaka,clan_satomi_1,kanto,精确匹配织丰,,1512,1554,1574,病死,,,,,里见义弘,全职种,33,33,性急,勇敢,理想,普通,普通,73,南蛮物,贪心,普通,源氏,刀剑,68,62,55,79,62,2,2,0,2,1,1,2,0,0,1,2,1,1,2,1,2,无,强袭,无,一般条件,,,已登场,里见义尧,大名,首领,里见家,久留里城,无,已登场,里见义尧,大名,首领,里见家,久留里城,无,已登场,里见义尧,大名,首领,里见家,久留里城,无,已登场,里见义尧,大名,首领,里见家,久留里城,无,已死亡,里见义尧,无效,无效,无,无效,无,已死亡,里见义尧,无效,无效,无,无效,无,已死亡,里见义尧,无效,无效,无,无效,无,已死亡,里见义尧,无效,无效,无,无效,无,已登场,里见义尧,浪人,其他,无,府内之町,无,
683,819,武将,松浦镇信,松浦鎮信,精确匹配,松浦镇信,100,lord_1_matsuura_2,clan_matsuura_1,saikai,Matsuura Shigenobu,Matsuura Shigenobu,1549,1563,1614,刀剑,59,43,62,70,52,1,0,2,4,1,1,1,0,1,0,2,2,2,1,3,0,焙烙,强袭,无,松浦隆信,684,,,松浦隆信,全职种,15,15,普通,普通,普通,普通,普通,62,南蛮物,贪心,嗜酒如命,源氏,未登场,松浦镇信,家老,直臣,松浦家,平户城,无,未登场,松浦镇信,部将,陪臣（松浦隆信）,松浦家,平户城,无,已登场,松浦镇信,家老,直臣,松浦家,平户城,无,已登场,松浦镇信,家老,直臣,松浦家,平户城,无,已登场,松浦镇信,家老,直臣,松浦家,平户城,无,已登场,松浦镇信,家老,直臣,松浦家,平户城,无,已登场,松浦镇信,家老,直臣,松浦家,平户城,无,已登场,松浦镇信,大名,首领,松浦家,平户城,无,已登场,松浦镇信,当家,首领,地板屋,博多之町,无,一般条件,,
684,820,武将,松浦隆信,松浦隆信,精确匹配,松浦隆信,100,lord_1_matsuura,clan_matsuura_1,saikai,Matsuura Takanobu,Matsuura Takanobu,1529,1554,1599,刀剑,66,51,71,59,66,2,0,1,4,1,1,1,0,2,1,0,2,0,1,2,0,水上禁行,强袭,无,,,,,松浦镇信,只限武将,15,15,温和,勇敢,理想,轻率,普通,66,南蛮物,贪心,普通,源氏,已登场,松浦隆信,大名,首领,松浦家,平户城,无,已登场,松浦隆信,大名,首领,松浦家,平户城,无,已登场,松浦隆信,大名,首领,松浦家,平户城,无,已登场,松浦隆信,大名,首领,松浦家,平户城,无,已登场,松浦隆信,大名,首领,松浦家,平户城,无,已登场,松浦隆信,大名,首领,松浦家,平户城,无,已登场,松浦隆信,大名,首领,松浦家,平户城,无,已登场,松浦隆信,家老,直臣,松浦家,平户城,无,已登场,松浦隆信,伙计,直臣,地板屋,博多之町,无,一般条件,,
353,426,里见义弘,里见,精确匹配,lord_1_satomi,Satomi Yoshihiro,clan_satomi_1,kanto,精确匹配织丰,,1530,1554,1578,病死,里见义尧,352,,,里见义尧 里见义赖,全职种,33,33,性急,胆小,普通,慎重,普通,70,艺术品,普通,普通,源氏,刀剑,63,51,63,62,64,1,2,1,2,1,2,0,0,0,1,0,1,1,2,2,0,无,强袭，拔突，铁壁,无,一般条件,,,已登场,里见义弘,家老,直臣,里见家,久留里城,无,已登场,里见义弘,家老,直臣,里见家,久留里城,无,已登场,里见义弘,家老,直臣,里见家,久留里城,无,已登场,里见义弘,家老,直臣,里见家,久留里城,无,已登场,里见义弘,大名,首领,里见家,久留里城,无,已死亡,里见义弘,无效,无效,无,无效,无,已死亡,里见义弘,无效,无效,无,无效,无,已死亡,里见义弘,无效,无效,无,无效,无,已登场,里见义弘,浪人,其他,无,鹿屋之町,无,
354,427,里见义康,里见,姓氏推断,lord_1_satomi,Satomi Yoshiyasu,clan_satomi_1,kanto,家族和文化自动推断,,1573,1587,1603,病死,里见义赖,355,,,里见义赖,全职种,33,33,温和,胆小,普通,轻率,普通,43,书籍,普通,普通,源氏,刀剑,39,40,49,38,51,0,0,1,1,0,0,1,0,0,1,0,0,0,1,0,1,无,强袭,无,无要求,,,未登场,里见义康,足轻组头,陪臣（里见义赖）,里见家,久留里城,无,未登场,里见义康,足轻组头,陪臣（里见义赖）,里见家,久留里城,无,未登场,里见义康,足轻组头,陪臣（里见义赖）,里见家,久留里城,无,未登场,里见义康,足轻组头,陪臣（里见义赖）,里见家,久留里城,无,未登场,里见义康,足轻组头,陪臣（里见义赖）,里见家,久留里城,无,未登场,里见义康,足轻组头,直臣,里见家,久留里城,无,已登场,里见义康,大名,首领,里见家,久留里城,无,已登场,里见义康,大名,首领,里见家,稻村城,无,已登场,里见义康,浪人,其他,无,岐阜之町,无,主角柳生宗严，柳生新阴流剧情
355,428,里见义赖,里见,精确匹配,lord_1_satomi_10,Satomi Yoshiyori,clan_satomi_1,kanto,精确匹配织丰,,1543,1557,1587,病死,里见义弘,353,,,里见义弘 里见义康,全职种,33,33,温和,勇敢,现实,轻率,不重情义,66,武具,贪心,普通,源氏,刀剑,64,53,54,48,53,2,1,1,1,1,2,1,0,1,1,1,1,1,1,1,1,无,强袭，拔突，铁壁,无,无要求,,,未登场,里见义赖,部将,直臣,里见家,久留里城,无,未登场,里见义赖,部将,直臣,里见家,久留里城,无,已登场,里见义赖,部将,直臣,里见家,久留里城,无,已登场,里见义赖,部将,直臣,里见家,久留里城,无,已登场,里见义赖,家老,直臣,里见家,久留里城,无,已登场,里见义赖,大名,首领,里见家,久留里城,无,已登场,里见义赖,城主,直臣,里见家,胜浦城,无,已死亡,里见义赖,无效,无效,无,无效,无,已登场,里见义赖,浪人,其他,无,土崎凑之町,无,
356,430,真田信纲,真田,精确匹配,lord_1_sanada,Sanada Nobutsuna,clan_sanada_1,tosan,精确匹配织丰,,1537,1554,1575,战死,真田幸隆,360,真田赖昌,###,真田信幸 真田昌辉 真田昌幸 真田幸隆 真田幸村 矢泽赖纲 矢泽赖康 真田信尹,只限武将,60,60,性急,勇敢,普通,轻率,普通,56,武具,无欲,普通,源氏,枪,78,75,35,45,78,2,3,1,0,1,3,2,1,0,0,1,0,1,1,0,0,六文钱,强袭，连续斩，拔突，粘花，卷枪，引落，柄返，刚力，铁壁,无,无要求,,,未登场,真田信纲,侍大将,陪臣（真田幸隆）,武田家,踯躅崎馆,无,已登场,真田信纲,侍大将,陪臣（真田幸隆）,武田家,户石城,无,已登场,真田信纲,侍大将,陪臣（真田幸隆）,武田家,户石城,无,已登场,真田信纲,侍大将,陪臣（真田幸隆）,武田家,户石城,无,已登场,真田信纲,城主,直臣,武田家,户石城,无,已死亡,真田信纲,无效,无效,无,无效,无,已死亡,真田信纲,无效,无效,无,无效,无,已死亡,真田信纲,无效,无效,无,无效,无,已登场,真田信纲,浪人,其他,无,小滨之町,无,
357,431,真田信幸,真田,姓氏推断,lord_1_sanada_nobuyuki,Sanada Taneju,clan_sanada_1,tosan,家族和文化自动推断,,1566,1580,1658,病死,真田昌幸,359,真田幸隆,360,真田信纲 真田昌辉 真田昌幸 真田幸隆 真田幸村 真田信尹,只限武将,62,86,温和,胆小,现实,慎重,重视情义,44,书籍,无欲,普通,源氏,刀剑,65,62,73,80,71,1,2,1,0,1,1,1,0,2,2,1,1,3,3,2,2,六文钱,强袭,无,一般条件,,,未登场,真田信幸,足轻组头,陪臣（真田昌幸）,武田家,踯躅崎馆,无,未登场,真田信幸,足轻组头,陪臣（真田昌幸）,武田家,户石城,无,未登场,真田信幸,足轻组头,陪臣（真田昌幸）,武田家,户石城,无,未登场,真田信幸,足轻组头,陪臣（真田昌幸）,武田家,户石城,无,未登场,真田信幸,足轻组头,陪臣（真田信纲）,武田家,户石城,无,已登场,真田信幸,足轻组头,陪臣（真田昌幸）,武田家,上田城,无,已登场,真田信幸,城主,直臣,真田家,沼田城,无,已登场,真田信幸,城主,直臣,真田家,沼田城,无,已登场,真田信之,浪人,其他,无,柳川之町,无,
358,432,真田昌辉,真田,精确匹配,lord_1_sanada_4,Sanada Masateru,clan_sanada_1,tosan,精确匹配织丰,,1544,1558,1575,战死,真田幸隆,360,真田赖昌,###,真田信纲 真田信幸 真田昌幸 真田幸隆 真田幸村 矢泽赖纲 矢泽赖康 真田信尹,只限武将,60,60,性急,勇敢,理想,轻率,普通,61,武具,贪心,嗜酒如命,源氏,枪,68,78,35,44,76,3,3,1,0,1,3,3,0,1,0,0,0,0,0,0,1,六文钱,强袭，连续斩，拔突，粘花，卷枪，引落，柄返，刚力，铁壁,无,无要求,,,未登场,真田昌辉,侍大将,陪臣（真田幸隆）,武田家,踯躅崎馆,无,未登场,真田昌辉,侍大将,陪臣（真田幸隆）,武田家,户石城,无,已登场,真田昌辉,侍大将,陪臣（真田幸隆）,武田家,户石城,无,已登场,真田昌辉,侍大将,陪臣（真田幸隆）,武田家,户石城,无,已登场,真田昌辉,部将,陪臣（真田信纲）,武田家,户石城,无,已死亡,真田昌辉,无效,无效,无,无效,无,已死亡,真田昌辉,无效,无效,无,无效,无,已死亡,真田昌辉,无效,无效,无,无效,无,已登场,真田昌辉,浪人,其他,无,鹿屋之町,无,
359,433,真田昌幸,真田,精确匹配,lord_1_sanada_6,Sanada Masayuki,clan_sanada_1,tosan,精确匹配织丰,,1547,1561,1611,病死,真田幸隆,360,真田赖昌,###,真田信纲 真田信幸 真田昌辉 真田幸隆 真田幸村 矢泽赖纲 矢泽赖康 真田信尹,只限武将,49,49,普通,勇敢,普通,慎重,不重情义,87,书籍,贪心,普通,源氏,刀剑,90,75,88,96,88,3,3,2,0,3,2,4,3,2,2,2,3,2,3,1,0,钓野伏，六文钱，风林火山，鬼谋，错乱之术，伪情报,强袭，拔突，二连苦无，半月，刚弓，铁壁，丢钱,策士，雄辩,不可,,"主角真田幸村，剧情昌幸死去
    主角徳川秀忠，关原之战胜利",未登场,真田昌幸,足轻大将,陪臣（真田幸隆）,武田家,踯躅崎馆,无,未登场,真田昌幸,足轻大将,陪臣（真田幸隆）,武田家,户石城,无,已登场,真田昌幸,足轻大将,陪臣（真田幸隆）,武田家,户石城,无,已登场,真田昌幸,足轻大将,陪臣（真田幸隆）,武田家,户石城,无,已登场,真田昌幸,侍大将,陪臣（真田信纲）,武田家,户石城,无,已登场,真田昌幸,国主,直臣,武田家,上田城,无,已登场,真田昌幸,大名,首领,真田家,上田城,无,已登场,真田昌幸,大名,首领,真田家,上田城,无,已登场,真田昌幸,浪人,其他,无,诹访之町,无,
360,434,真田幸隆,真田,姓氏推断,lord_1_sanada_yukitaka,Sanada Yukitaka,clan_sanada_1,tosan,家族和文化自动推断,,1513,1554,1574,病死,真田赖昌,1335,,,真田信纲 真田信幸 真田昌辉 真田昌幸 真田幸村 矢泽赖纲 矢泽赖康 真田信尹,只限武将,59,59,普通,普通,普通,普通,普通,81,书籍,贪心,普通,源氏,刀剑,80,63,75,94,80,2,3,2,0,1,1,3,3,3,1,3,2,2,3,1,2,六文钱，幻惑之术，内讧之术,强袭，二连苦无，半月,无,一般条件,,,已登场,真田幸隆,家老,直臣,武田家,踯躅崎馆,无,已登场,真田幸隆,城主,直臣,武田家,户石城,无,已登场,真田幸隆,城主,直臣,武田家,户石城,无,已登场,真田幸隆,城主,直臣,武田家,户石城,无,已死亡,真田幸隆,无效,无效,无,无效,无,已死亡,真田幸隆,无效,无效,无,无效,无,已死亡,真田幸隆,无效,无效,无,无效,无,已死亡,真田幸隆,无效,无效,无,无效,无,已登场,真田幸隆,浪人,其他,无,木更津之町,无,
361,435,真田幸村,真田,精确匹配,lord_1_sanada_9,Sanada Nobushige,clan_sanada_1,tosan,精确匹配织丰,,1567,1581,1615,战死,真田昌幸,359,真田幸隆,360,真田信纲 真田信幸 真田昌辉 真田昌幸 真田幸隆 真田信尹,只限武将,49,49,温和,勇敢,理想,轻率,重视情义,71,武具,无欲,普通,源氏,枪,98,86,44,87,91,4,4,3,0,2,3,4,3,0,0,1,2,2,1,1,0,齐攻，骑射突击，城门爆破，六文钱，风林火山，影武者，破技之术,强袭，连续斩，拔突，粘花，二连苦无，半月，急所击，刚弓，卷枪，引落，柄返，刚力，铁壁,策士,不可,赤备的传统 饭富虎昌/山县昌景/井伊直政,"主角真田信幸，剧情真田分家
    主角德川家康，大阪夏之阵胜利",未登场,真田信繁,足轻组头,陪臣（真田昌幸）,武田家,踯躅崎馆,无,未登场,真田信繁,足轻组头,陪臣（真田昌幸）,武田家,户石城,无,未登场,真田信繁,足轻组头,陪臣（真田昌幸）,武田家,户石城,无,未登场,真田信繁,足轻组头,陪臣（真田昌幸）,武田家,户石城,无,未登场,真田信繁,足轻组头,陪臣（真田信纲）,武田家,户石城,无,已登场,真田信繁,足轻组头,陪臣（真田昌幸）,武田家,上田城,无,已登场,真田信繁,家老,直臣,真田家,上田城,无,已登场,真田幸村,家老,直臣,真田家,上田城,无,已登场,真田幸村,浪人,其他,无,宇须岸之町,无,
362,436,佐野房纲,佐野,精确匹配,lord_1_sano_8,Sano Fusatsuna,clan_sano_1,kanto,精确匹配织丰,,1558,1572,1601,病死,,,,,,全职种,40,40,性急,勇敢,普通,轻率,普通,67,武具,普通,普通,藤原氏,刀剑,26,87,31,26,42,1,1,1,0,2,4,1,0,1,1,1,0,0,2,2,2,无,强袭，连续斩，拔突，刚弓，当身，刚力，铁壁,剑客,一般条件,,,未登场,佐野房纲,足轻组头,直臣,结城家,结城城,无,未登场,佐野房纲,足轻组头,直臣,结城家,结城城,无,未登场,佐野房纲,足轻组头,直臣,结城家,结城城,无,已登场,佐野房纲,足轻组头,直臣,结城家,结城城,无,已登场,佐野房纲,足轻组头,直臣,结城家,结城城,无,已登场,佐野房纲,足轻大将,直臣,结城家,结城城,无,已登场,佐野房纲,足轻大将,直臣,结城家,结城城,无,已登场,佐野房纲,浪人,其他,无,足利之町,无,已登场,佐野房纲,浪人,其他,无,赤间关之町,无,
363,437,佐分利猪之助,佐分利,需新建,lord_1_saburiinoshishiyukisuke,Saburi Inosuke,,,,,1570,1584,1629,病死,,,,,,没那个意思,96,96,普通,普通,普通,普通,重视情义,41,武具,无欲,普通,其他,枪,63,90,23,59,56,3,1,2,1,1,4,2,2,0,0,0,0,0,0,0,0,无,强袭，连续斩，拔突，粘花，二连苦无，卷枪，飞鸟，引落，当身，柄返，刚力，铁壁，辱骂，大喝,枪术高手,一般条件,,,未登场,佐分利猪之助,浪人,其他,无,大凑之町,无,未登场,佐分利猪之助,浪人,其他,无,大凑之町,无,未登场,佐分利猪之助,浪人,其他,无,大凑之町,无,未登场,佐分利猪之助,浪人,其他,无,大凑之町,无,未登场,佐分利猪之助,浪人,其他,无,大凑之町,无,未登场,佐分利猪之助,浪人,其他,无,大凑之町,无,已登场,佐分利猪之助,浪人,其他,无,大凑之町,无,已登场,佐分利猪之助,师范,其他,无,大凑之町,佐分利流,已登场,佐分利猪之助,中忍,直臣,根来众,根来之里,无,
364,438,猿飞佐助,猿飞,需新建,lord_1_sarujo,Sarutobi Sasuke,,,,,1588,1598,1615,战死,,,,,,武将以外优先,49,49,性急,勇敢,理想,慎重,重视情义,54,艺术品,贪心,普通,其他,苦无,29,86,3,65,92,2,1,1,0,3,1,1,4,0,0,0,0,0,2,0,3,鬼谋，奈落之术，幻惑之术，内讧之术，伪情报,二连苦无，半月，刚弓，猛毒苦无，十字投，乱苦无，叠返之术，胧影之术，伤药,苦无高手,不可,,主角真田幸村，剧情十勇士集结,未登场,猿飞佐助,浪人,其他,无,诹访之町,无,未登场,猿飞佐助,浪人,其他,无,诹访之町,无,未登场,猿飞佐助,浪人,其他,无,诹访之町,无,未登场,猿飞佐助,浪人,其他,无,诹访之町,无,未登场,猿飞佐助,浪人,其他,无,诹访之町,无,未登场,猿飞佐助,浪人,其他,无,诹访之町,无,未登场,猿飞佐助,浪人,其他,无,诹访之町,无,已登场,猿飞佐助,下忍,直臣,甲贺众,甲贺之里,无,已登场,猿飞佐助,上忍,直臣,轩猿众,轩猿之里,无,
365,439,猿渡信光,猿渡,需新建,lord_1_saruwatarinobumitsu,Saruwatari Nobumitsu,,,,,1534,1554,1587,战死,,,,,,全职种,30,30,普通,普通,普通,普通,普通,31,武具,普通,普通,其他,刀剑,68,41,42,40,38,1,2,2,0,0,0,1,0,0,0,0,0,0,0,0,1,无,强袭,无,无要求,,,已登场,猿渡信光,侍大将,直臣,岛津家,内城,无,已登场,猿渡信光,侍大将,直臣,岛津家,内城,无,已登场,猿渡信光,侍大将,直臣,岛津家,内城,无,已登场,猿渡信光,侍大将,直臣,岛津家,内城,无,已登场,猿渡信光,侍大将,直臣,岛津家,内城,无,已登场,猿渡信光,侍大将,直臣,岛津家,内城,无,已登场,猿渡信光,侍大将,直臣,岛津家,内城,无,已死亡,猿渡信光,无效,无效,无,无效,无,已登场,猿渡信光,头目,首领,轩猿众,轩猿之里,无,
366,440,山本寺定长,山本寺,需新建,lord_1_yamamototeratei,Yamamotoji Sadanaga,,,,,1525,1554,1578,病死,,,,,,全职种,15,80,普通,勇敢,普通,慎重,普通,59,武具,无欲,普通,其他,枪,67,80,27,36,47,2,2,1,0,3,1,1,1,0,1,1,0,0,1,0,1,无,拔突，刚弓,无,无要求,,,已登场,山本寺定长,部将,直臣,长尾家,春日山城,无,已登场,山本寺定长,部将,直臣,长尾家,春日山城,无,已登场,山本寺定长,部将,直臣,长尾家,春日山城,无,已登场,山本寺定长,部将,直臣,上杉家,春日山城,无,已登场,山本寺定长,部将,直臣,上杉家,春日山城,无,已死亡,山本寺定长,无效,无效,无,无效,无,已死亡,山本寺定长,无效,无效,无,无效,无,已死亡,山本寺定长,无效,无效,无,无效,无,已登场,山本寺定长,家老,直臣,山中家,江户城,无,
367,441,椎名康胤,椎名,需新建,lord_1_shiinayasutane,Shiina Yasuyuki,,,,,1514,1554,1576,战死,,,,,,全职种,90,90,普通,胆小,现实,轻率,不重情义,70,书籍,贪心,嗜酒如命,平氏,刀剑,31,37,33,29,27,1,2,0,0,0,1,0,0,0,0,0,0,0,1,1,0,无,强袭,无,一般条件,,,已登场,椎名康胤,城主,直臣,长尾家,鱼津城,无,已登场,椎名康胤,城主,直臣,长尾家,鱼津城,无,已登场,椎名康胤,城主,直臣,长尾家,鱼津城,无,已登场,椎名康胤,大名,首领,椎名家,鱼津城,无,已登场,椎名康胤,大名,首领,椎名家,鱼津城,无,已死亡,椎名康胤,无效,无效,无,无效,无,已死亡,椎名康胤,无效,无效,无,无效,无,已死亡,椎名康胤,无效,无效,无,无效,无,已登场,椎名康胤,浪人,其他,无,岐阜之町,无,
368,442,志贺亲次,志贺,需新建,lord_1_kokorozashitsugi,Shiga Chikatsugu,,,,,1566,1580,1603,病死,,,志贺亲守,369,志贺亲守,只限武将,84,84,普通,勇敢,普通,普通,普通,55,南蛮物,普通,普通,藤原氏,刀剑,80,49,34,67,53,3,2,3,1,2,2,3,0,0,0,0,0,0,0,0,0,无,强袭，拔突，急所击，刚弓，铁壁,无,无要求,,,未登场,志贺亲次,足轻组头,陪臣（志贺亲守）,大友家,府内城,无,未登场,志贺亲次,足轻组头,陪臣（志贺亲守）,大友家,冈城,无,未登场,志贺亲次,足轻组头,陪臣（志贺亲守）,大友家,冈城,无,未登场,志贺亲次,足轻组头,陪臣（志贺亲守）,大友家,冈城,无,未登场,志贺亲次,足轻组头,陪臣（志贺亲守）,大友家,冈城,无,已登场,志贺亲次,足轻组头,陪臣（志贺亲守）,大友家,冈城,无,已登场,志贺亲次,足轻组头,陪臣（由布惟信）,大友家,冈城,无,已登场,志贺亲次,足轻大将,直臣,福岛家,清洲城,无,已登场,志贺亲次,浪人,其他,无,佐仓之町,无,
701,845,武将,三好笑岩,三好笑巖,姓氏推断,,50,miyoshi_shougan,clan_miyoshi_1,nankai,Miyoshi Shougan,,1517,1554,1583,刀剑,52,34,46,26,64,2,1,1,0,0,1,2,0,0,1,0,0,0,0,0,0,无,强袭,无,(三好长秀),1331,(三好之长),1334,安宅冬康 十河一存 三好长逸 三好长庆 三好实休,只限武将,50,50,温和,普通,普通,轻率,普通,51,武具,普通,普通,源氏,已登场,三好康长,部将,陪臣（三好长庆）,细川家,芥川城,无,已登场,三好康长,部将,直臣,三好家,饭盛城,无,已登场,三好康长,部将,直臣,三好家,饭盛城,无,已登场,三好康长,家老,直臣,三好家,胜瑞城,无,已登场,三好笑岩,部将,直臣,三好家,胜瑞城,无,已登场,三好笑岩,城主,直臣,织田家,高屋城,无,已死亡,三好笑岩,无效,无效,无,无效,无,已死亡,三好笑岩,无效,无效,无,无效,无,已登场,三好康长,部将,直臣,三刀屋家,骏府城,无,一般条件,,
702,847,武将,三好长治,三好長治,姓氏推断,,75,miyoshi,clan_miyoshi_1,nankai,Miyoshi Nagakatsu,,1553,1560,1577,刀剑,27,32,38,20,28,0,0,0,0,0,1,0,0,0,0,0,0,1,0,0,0,无,强袭,无,三好实休,708,(三好元长),1333,安宅冬康 十河一存 十河存保 三好长庆 三好义兴 三好实休 三好义继,全职种,50,50,性急,胆小,普通,轻率,不重情义,69,艺术品,贪心,普通,源氏,未登场,三好长治,足轻大将,陪臣（三好义贤）,细川家,胜瑞城,无,未登场,三好长治,足轻组头,陪臣（三好义贤）,三好家,胜瑞城,无,未登场,三好长治,足轻组头,陪臣（三好实休）,三好家,胜瑞城,无,已登场,三好长治,部将,直臣,三好家,胜瑞城,无,已登场,三好长治,大名,首领,三好家,胜瑞城,无,已死亡,三好长治,无效,无效,无,无效,无,已死亡,三好长治,无效,无效,无,无效,无,已死亡,三好长治,无效,无效,无,无效,无,已登场,三好长治,部将,直臣,三刀屋家,骏府城,无,无要求,,
703,848,武将,三好长逸,三好長逸,姓氏推断,,75,miyoshi_1,clan_miyoshi_1,nankai,Miyoshi Nagayoshi,,1515,1554,1573,刀剑,52,56,59,64,49,2,1,1,0,0,0,1,0,0,1,1,0,0,2,0,1,无,强袭,无,,,(三好之长),1334,三好笑岩,只限武将,50,50,性急,勇敢,普通,轻率,不重情义,58,艺术品,贪心,嗜酒如命,源氏,已登场,三好长逸,侍大将,陪臣（三好长庆）,细川家,芥川城,无,已登场,三好长逸,家老,直臣,三好家,饭盛城,无,已登场,三好长逸,家老,直臣,三好家,饭盛城,无,已登场,三好长逸,大名,首领,三好家,胜瑞城,无,已死亡,三好长逸,无效,无效,无,无效,无,已死亡,三好长逸,无效,无效,无,无效,无,已死亡,三好长逸,无效,无效,无,无效,无,已死亡,三好长逸,无效,无效,无,无效,无,已登场,三好长逸,部将,直臣,三刀屋家,骏府城,无,无要求,,
704,849,武将,三好长庆,三好長慶,精确匹配,三好长庆,100,dead_lord_1_miyoshi_1,clan_miyoshi_1,nankai,Miyoshi Nagayoshi,Miyoshi Nagayoshi,1523,1554,1564,刀剑,81,45,84,90,77,3,3,2,1,2,2,3,1,1,2,2,2,3,2,2,2,无,强袭，拔突，刚弓，铁壁,无,(三好元长),1333,(三好长秀),1331,安宅冬康 十河一存 十河存保 三好笑岩 三好长治 三好义兴 三好实休 三好义继,只限武将,54,54,普通,普通,普通,慎重,不重情义,85,武具,贪心,普通,源氏,已登场,三好长庆,国主,直臣,细川家,芥川城,无,已登场,三好长庆,大名,首领,三好家,饭盛城,无,已登场,三好长庆,大名,首领,三好家,饭盛城,无,已死亡,三好长庆,无效,无效,无,无效,无,已死亡,三好长庆,无效,无效,无,无效,无,已死亡,三好长庆,无效,无效,无,无效,无,已死亡,三好长庆,无效,无效,无,无效,无,已死亡,三好长庆,无效,无效,无,无效,无,已登场,三好长庆,部将,直臣,三刀屋家,骏府城,无,一般条件,三好三人众 三好长逸/三好宗渭/岩成友通,
705,843,武将,三好为三,三好為三,姓氏推断,,50,miyoshi_2,clan_miyoshi_1,nankai,Miyoshi Yoshikata,,1536,1554,1631,刀剑,59,79,47,16,72,2,1,1,0,0,2,0,2,0,1,0,0,0,0,0,0,无,强袭，拔突，二连苦无，铁壁,无,(三好政长),1332,,,三好清海,只限武将,49,49,性急,勇敢,理想,普通,重视情义,40,武具,无欲,嗜酒如命,源氏,已登场,三好为三,侍大将,陪臣（细川晴元）,足利家,朽木谷城,无,已登场,三好为三,侍大将,陪臣（三好宗渭）,三好家,岸和田城,无,已登场,三好为三,侍大将,陪臣（三好宗渭）,三好家,岸和田城,无,已登场,三好为三,部将,陪臣（三好宗渭）,三好家,胜瑞城,无,已登场,三好为三,浪人,其他,无,小诸之町,无,已登场,三好为三,浪人,其他,无,小诸之町,无,已登场,三好为三,浪人,其他,无,小诸之町,无,已登场,三好伊三,浪人,其他,无,小诸之町,无,已登场,三好为三,城主,直臣,三刀屋家,滨松城,无,一般条件,,
706,846,武将,三好宗渭,三好宗渭,姓氏推断,,50,miyoshi_shuui,clan_miyoshi_1,nankai,Miyoshi Yukiyasu,,1528,1554,1615,刀剑,65,82,48,48,67,2,2,1,0,0,3,2,2,1,0,1,0,0,0,0,0,无,强袭，连续斩，拔突，二连苦无，刚力，铁壁,无,(三好政长),1332,,,三好伊三,只限武将,49,49,性急,勇敢,理想,普通,普通,40,书籍,普通,嗜酒如命,源氏,已登场,三好宗渭,部将,直臣,细川家,二条城,无,已登场,三好宗渭,城主,直臣,三好家,岸和田城,无,已登场,三好宗渭,城主,直臣,三好家,岸和田城,无,已登场,三好宗渭,家老,直臣,三好家,胜瑞城,无,已登场,三好宗渭,浪人,其他,无,小诸之町,无,已登场,三好宗渭,浪人,其他,无,小诸之町,无,已登场,三好宗渭,浪人,其他,无,小诸之町,无,已登场,三好清海,浪人,其他,无,诹访之町,无,已登场,三好宗渭,部将,陪臣（三好为三）,三刀屋家,滨松城,无,一般条件,,
707,850,武将,三好义兴,三好義興,姓氏推断,,75,miyoshi_3,clan_miyoshi_1,nankai,Miyoshi Yoshikuni,,1542,1560,1563,刀剑,62,35,57,62,59,1,2,1,0,0,0,1,0,0,0,0,0,1,0,1,0,无,强袭,无,三好长庆,704,(三好元长),1333,安宅冬康 十河一存 十河存保 三好长治 三好长庆 三好实休 三好义继,只限武将,50,50,温和,胆小,普通,轻率,普通,37,武具,普通,滴酒不沾,源氏,未登场,三好义兴,部将,陪臣（三好长庆）,细川家,芥川城,无,未登场,三好义兴,部将,直臣,三好家,饭盛城,无,已登场,三好义兴,部将,直臣,三好家,饭盛城,无,已死亡,三好义兴,无效,无效,无,无效,无,已死亡,三好义兴,无效,无效,无,无效,无,已死亡,三好义兴,无效,无效,无,无效,无,已死亡,三好义兴,无效,无效,无,无效,无,已死亡,三好义兴,无效,无效,无,无效,无,已登场,三好义兴,部将,直臣,三刀屋家,骏府城,无,一般条件,,
708,844,武将,三好实休,三好實休,姓氏推断,,50,miyoshi_4,clan_miyoshi_1,nankai,Miyoshi Jikkyuu,,1527,1554,1562,刀剑,78,63,74,66,75,2,3,0,1,2,2,2,0,1,1,1,0,3,2,3,1,无,强袭，拔突，刚弓，铁壁,无,(三好元长),1333,(三好长秀),1331,安宅冬康 十河一存 十河存保 三好笑岩 三好长治 三好长庆 三好义兴 三好义继,只限武将,50,50,普通,勇敢,普通,慎重,普通,64,艺术品,普通,普通,源氏,已登场,三好义贤,国主,直臣,细川家,胜瑞城,无,已登场,三好义贤,城主,直臣,三好家,胜瑞城,无,已登场,三好实休,城主,直臣,三好家,胜瑞城,无,已死亡,三好实休,无效,无效,无,无效,无,已死亡,三好实休,无效,无效,无,无效,无,已死亡,三好实休,无效,无效,无,无效,无,已死亡,三好实休,无效,无效,无,无效,无,已死亡,三好实休,无效,无效,无,无效,无,已登场,三好实休,部将,直臣,三刀屋家,骏府城,无,一般条件,,
709,851,武将,三好义继,三好義繼,精确匹配,三好义继,100,lord_1_miyoshi,clan_miyoshi_1,nankai,Miyoshi Yoshitsugu,Miyoshi Yoshitsugu,1551,1564,1573,刀剑,36,29,41,35,41,1,0,0,0,0,0,0,1,0,0,0,0,1,1,0,0,无,强袭,无,十河一存,431,(三好元长),1333,安宅冬康 十河一存 十河存保 三好长治 三好长庆 三好义兴 三好实休,只限武将,50,50,普通,胆小,普通,轻率,不重情义,59,南蛮物,贪心,普通,源氏,未登场,三好义继,部将,陪臣（三好长庆）,细川家,芥川城,无,未登场,三好义继,部将,直臣,三好家,饭盛城,无,未登场,三好义继,部将,直臣,三好家,饭盛城,无,已登场,三好义继,大名,首领,三好家,饭盛城,无,已死亡,三好义继,无效,无效,无,无效,无,已死亡,三好义继,无效,无效,无,无效,无,已死亡,三好义继,无效,无效,无,无效,无,已死亡,三好义继,无效,无效,无,无效,无,已登场,三好义继,部将,直臣,三刀屋家,骏府城,无,无要求,,
369,443,志贺亲守,志贺,需新建,lord_1_kokorozashishu,Shiga Chikamori,,,,,1511,1554,1592,战死,,,,,志贺亲次,只限武将,84,84,普通,胆小,普通,轻率,重视情义,21,武具,无欲,普通,藤原氏,刀剑,63,44,31,53,39,1,1,1,0,0,0,2,0,0,0,0,0,1,2,1,1,无,强袭,无,无要求,,,已登场,志贺亲守,家老,直臣,大友家,府内城,无,已登场,志贺亲守,城主,直臣,大友家,冈城,无,已登场,志贺亲守,城主,直臣,大友家,冈城,无,已登场,志贺亲守,城主,直臣,大友家,冈城,无,已登场,志贺亲守,城主,直臣,大友家,冈城,无,已登场,志贺亲守,城主,直臣,大友家,冈城,无,已登场,志贺亲守,家老,直臣,大友家,府内城,无,已死亡,志贺亲守,无效,无效,无,无效,无,已登场,志贺亲守,浪人,其他,无,鹿儿岛之町,无,
370,720,繁泽元氏,繁泽,需新建,lord_1_hanshi,Shiganezawa Motouji,,,,,1556,1570,1631,病死,吉川元春,265,毛利元就,722,吉川广家 吉川元长 吉川元春 小早川隆景 小早川秀包 二宫就辰 穗井田元清 毛利隆元 毛利辉元 毛利元就 毛利秀元,只限武将,39,39,普通,普通,普通,慎重,普通,28,书籍,普通,普通,其他,刀剑,53,50,61,43,63,1,1,1,0,1,0,1,0,1,1,1,1,1,1,1,1,百万一心,强袭,无,无要求,,,未登场,繁泽元氏,足轻组头,陪臣（吉川元春）,毛利家,吉田郡山城,无,未登场,繁泽元氏,足轻组头,陪臣（毛利元就）,毛利家,吉田郡山城,无,未登场,繁泽元氏,足轻组头,陪臣（吉川元春）,毛利家,山吹城,无,未登场,繁泽元氏,足轻组头,陪臣（吉川元春）,毛利家,山吹城,无,已登场,繁泽元氏,足轻组头,陪臣（吉川元春）,毛利家,月山富田城,无,已登场,繁泽元氏,足轻组头,陪臣（吉川元春）,毛利家,月山富田城,无,已登场,繁泽元氏,足轻组头,陪臣（吉川元长）,毛利家,月山富田城,无,已登场,繁泽元氏,城主,直臣,毛利家,益田城,无,已登场,繁泽元氏,浪人,其他,无,京之町,无,
371,444,宍户隆家,宍户,需新建,lord_1_shishiie,Shishido Takayoshi,,,,,1518,1554,1592,病死,,,,,宍户元续,只限武将,36,36,普通,普通,理想,普通,重视情义,40,武具,普通,嗜酒如命,藤原氏,刀剑,60,55,51,49,60,1,2,1,0,1,1,2,0,0,1,1,1,1,1,1,1,无,强袭,无,一般条件,,,已登场,宍户隆家,部将,直臣,毛利家,吉田郡山城,无,已登场,宍户隆家,家老,直臣,毛利家,吉田郡山城,无,已登场,宍户隆家,家老,直臣,毛利家,吉田郡山城,无,已登场,宍户隆家,家老,直臣,毛利家,吉田郡山城,无,已登场,宍户隆家,家老,直臣,毛利家,吉田郡山城,无,已登场,宍户隆家,家老,直臣,毛利家,吉田郡山城,无,已登场,宍户隆家,家老,直臣,毛利家,吉田郡山城,无,已死亡,宍户隆家,无效,无效,无,无效,无,已登场,宍户隆家,浪人,其他,无,丸龟之町,无,
713,855,武将,村上国清,村上國清,精确匹配,村上国清,100,lord_2_murakami_8,clan_murakami_2,hokuriku,Murakami Kunikiyo,Murakami Kunikiyo,1546,1560,1598,刀剑,55,45,31,50,42,1,2,1,0,0,0,2,0,0,1,0,0,0,2,1,1,无,强袭,无,村上义清,716,,,村上义清,全职种,26,26,普通,胆小,普通,轻率,不重情义,44,南蛮物,普通,普通,源氏,未登场,村上国清,家老,直臣,村上家,海津城,无,未登场,村上国清,足轻组头,直臣,长尾家,春日山城,无,已登场,村上国清,足轻组头,直臣,长尾家,春日山城,无,已登场,村上国清,足轻组头,直臣,上杉家,春日山城,无,已登场,村上国清,足轻组头,直臣,上杉家,春日山城,无,已登场,村上国清,足轻大将,直臣,上杉家,春日山城,无,已登场,村上国清,足轻大将,直臣,上杉家,春日山城,无,已登场,村上国清,侍大将,直臣,上杉家,会津若松城,无,已登场,村上国清,侍大将,直臣,上泉家,内城,无,无要求,,
714,856,武将,村上武吉,村上武吉,精确匹配,村上武吉,100,lord_1_murakami,clan_murakami_1,sanyo,Murakami Takeyoshi,Murakami Takeyoshi,1533,1554,1604,刀剑,67,75,19,53,66,2,0,2,4,2,3,3,2,2,0,0,2,0,2,0,0,水上拖延，蝴蝶之阵,强袭，连续斩，拔突，二连苦无，刚弓，刚力，铁壁,无,,,,,村上元吉,全职种,25,25,普通,勇敢,普通,普通,普通,66,艺术品,贪心,嗜酒如命,源氏,已登场,村上武吉,头领,首领,村上水军,三岛之砦,无,已登场,村上武吉,头领,首领,村上水军,三岛之砦,无,已登场,村上武吉,头领,首领,村上水军,三岛之砦,无,已登场,村上武吉,头领,首领,村上水军,三岛之砦,无,已登场,村上武吉,头领,首领,村上水军,三岛之砦,无,已登场,村上武吉,头领,首领,村上水军,三岛之砦,无,已登场,村上武吉,头领,首领,村上水军,三岛之砦,无,已登场,村上武吉,船头,直臣,村上水军,三岛之砦,无,已登场,村上武吉,侍大将,直臣,上泉家,内城,无,一般条件,,
715,858,武将,村上元吉,村上元吉,精确匹配,村上元吉,100,lord_1_murakami_2,clan_murakami_1,sanyo,Murakami Motoyoshi,Murakami Motoyoshi,1553,1567,1600,刀剑,56,56,17,44,53,1,0,1,3,1,2,1,0,0,0,0,0,0,0,0,0,水上禁行，蝴蝶之阵,强袭，拔突，铁壁,无,村上武吉,714,,,村上武吉,全职种,25,25,温和,普通,现实,普通,普通,55,武具,普通,普通,源氏,未登场,村上元吉,船头,直臣,村上水军,三岛之砦,无,未登场,村上元吉,船头,直臣,村上水军,三岛之砦,无,未登场,村上元吉,船头,直臣,村上水军,三岛之砦,无,已登场,村上元吉,船头,直臣,村上水军,三岛之砦,无,已登场,村上元吉,水夫头,直臣,村上水军,三岛之砦,无,已登场,村上元吉,水夫头,直臣,村上水军,三岛之砦,无,已登场,村上元吉,水夫头,直臣,村上水军,三岛之砦,无,已登场,村上元吉,头领,首领,村上水军,三岛之砦,无,已登场,村上元吉,侍大将,直臣,上泉家,内城,无,无要求,,
716,859,武将,村上义清,村上義清,精确匹配,村上义清,100,lord_2_murakami,clan_murakami_2,hokuriku,Murakami Yoshikiyo,Murakami Yoshikiyo,1503,1554,1573,刀剑,66,70,49,34,40,2,2,0,0,0,0,2,0,0,0,0,1,1,2,0,0,无,强袭,无,,,,,村上国清,只限武将,26,26,普通,胆小,理想,轻率,普通,71,艺术品,贪心,普通,源氏,已登场,村上义清,大名,首领,村上家,海津城,无,已登场,村上义清,部将,直臣,长尾家,春日山城,无,已登场,村上义清,部将,直臣,长尾家,春日山城,无,已登场,村上义清,部将,直臣,上杉家,春日山城,无,已死亡,村上义清,无效,无效,无,无效,无,已死亡,村上义清,无效,无效,无,无效,无,已死亡,村上义清,无效,无效,无,无效,无,已死亡,村上义清,无效,无效,无,无效,无,已登场,村上义清,侍大将,直臣,上泉家,内城,无,无要求,,
372,445,宍户梅轩,宍户,需新建,lord_1_shishi,Shishido Baiken,,,,,1568,1582,1605,战死,,,,,,没那个意思,60,60,性急,普通,普通,轻率,重视情义,62,武具,贪心,嗜酒如命,其他,锁镰,13,85,9,29,27,0,0,0,0,0,3,0,3,0,0,1,0,0,0,0,0,无,强袭，连续斩，拔突，二连苦无，半月，千鸟，刚力，铁壁,锁镰名人,不可,,主角宫本武藏，剧情流程,未登场,宍户梅轩,浪人,其他,无,奈良之町,无,未登场,宍户梅轩,浪人,其他,无,奈良之町,无,未登场,宍户梅轩,浪人,其他,无,奈良之町,无,未登场,宍户梅轩,浪人,其他,无,奈良之町,无,未登场,宍户梅轩,浪人,其他,无,奈良之町,无,已登场,宍户梅轩,浪人,其他,无,奈良之町,无,已登场,宍户梅轩,浪人,其他,无,奈良之町,无,已登场,宍户梅轩,浪人,其他,无,大凑之町,无,已登场,宍户梅轩,当家,首领,豆腐屋,今治之町,无,
718,862,武将,毛利胜永,毛利勝永,姓氏推断,,50,mori,clan_mori_1,sanyo,Mori Katsunaga,,1577,1591,1615,刀剑,47,62,27,56,61,1,1,2,0,0,2,0,0,0,0,0,0,0,0,0,0,无,强袭，拔突，铁壁,无,,,,,,全职种,10,10,普通,勇敢,普通,轻率,重视情义,66,南蛮物,普通,普通,其他,未登场,毛利胜永,浪人,其他,无,清洲之町,无,未登场,毛利胜永,浪人,其他,无,清洲之町,无,未登场,毛利胜永,浪人,其他,无,清洲之町,无,未登场,毛利胜永,浪人,其他,无,清洲之町,无,未登场,毛利胜永,浪人,其他,无,清洲之町,无,未登场,毛利胜永,浪人,其他,无,清洲之町,无,未登场,毛利胜永,浪人,其他,无,清洲之町,无,已登场,毛利胜永,城主,直臣,丰臣家,小仓城,无,已登场,毛利胜永,浪人,其他,无,浦户之町,无,无要求,,
719,863,武将,毛利重能,毛利重能,姓氏推断,,50,mori_shigeyoshi,clan_mori_1,sanyo,Mori Shigenobu,,1575,1589,1638,刀剑,14,29,67,59,58,0,0,1,0,0,0,1,0,0,2,1,4,0,3,1,2,无,强袭，丢钱，贿赂,无,,,,,,全职种,12,12,性急,普通,现实,慎重,普通,54,书籍,贪心,普通,其他,未登场,毛利重能,浪人,其他,无,石山之町,无,未登场,毛利重能,浪人,其他,无,石山之町,无,未登场,毛利重能,浪人,其他,无,石山之町,无,未登场,毛利重能,浪人,其他,无,石山之町,无,未登场,毛利重能,浪人,其他,无,石山之町,无,未登场,毛利重能,浪人,其他,无,石山之町,无,未登场,毛利重能,足轻组头,陪臣（池田恒兴）,羽柴家,大垣城,无,已登场,毛利重能,足轻组头,直臣,丰臣家,大坂城,无,已登场,毛利重能,浪人,其他,无,津山之町,无,无要求,,
720,864,武将,毛利隆元,毛利隆元,精确匹配,毛利隆元,100,lord_1_mori_3,clan_mori_1,sanyo,Mori Takamoto,Mori Takamoto,1523,1554,1563,刀剑,74,59,79,75,83,2,1,1,0,1,2,1,0,2,1,1,1,1,1,0,0,百万一心,强袭，拔突，铁壁,无,毛利元就,722,,,吉川广家 吉川元长 吉川元春 小早川隆景 小早川秀包 繁泽元氏 二宫就辰 穗井田元清 毛利辉元 毛利元就 毛利秀元,只限武将,36,36,温和,胆小,普通,轻率,重视情义,45,书籍,无欲,普通,其他,已登场,毛利隆元,家老,直臣,毛利家,吉田郡山城,无,已登场,毛利隆元,家老,直臣,毛利家,吉田郡山城,无,已登场,毛利隆元,家老,直臣,毛利家,吉田郡山城,无,已死亡,毛利隆元,无效,无效,无,无效,无,已死亡,毛利隆元,无效,无效,无,无效,无,已死亡,毛利隆元,无效,无效,无,无效,无,已死亡,毛利隆元,无效,无效,无,无效,无,已死亡,毛利隆元,无效,无效,无,无效,无,已登场,毛利隆元,浪人,其他,无,严岛之町,无,一般条件,,
721,865,武将,毛利辉元,毛利輝元,精确匹配,毛利辉元,100,lord_1_mori,clan_mori_1,sanyo,Mori Terumoto,Mori Terumoto,1553,1567,1625,刀剑,68,47,62,39,73,2,1,2,0,1,1,2,0,1,2,2,2,2,1,2,1,百万一心,强袭,无,毛利隆元,720,毛利元就,722,吉川广家 吉川元长 吉川元春 小早川隆景 小早川秀包 繁泽元氏 二宫就辰 穗井田元清 毛利隆元 毛利元就 毛利秀元,只限武将,36,36,普通,胆小,普通,轻率,普通,76,艺术品,普通,普通,其他,未登场,毛利辉元,部将,直臣,毛利家,吉田郡山城,无,未登场,毛利辉元,足轻组头,陪臣（毛利隆元）,毛利家,吉田郡山城,无,未登场,毛利辉元,足轻组头,直臣,毛利家,吉田郡山城,无,已登场,毛利辉元,家老,直臣,毛利家,吉田郡山城,无,已登场,毛利辉元,大名,首领,毛利家,吉田郡山城,无,已登场,毛利辉元,大名,首领,毛利家,吉田郡山城,无,已登场,毛利辉元,大名,首领,毛利家,吉田郡山城,无,已登场,毛利辉元,大名,首领,毛利家,广岛城,无,已登场,毛利辉元,浪人,其他,无,仙台之町,无,一般条件,,
722,868,武将,毛利元就,毛利元就,精确匹配,毛利元就,100,lord_1_mori_1,clan_mori_1,sanyo,Mori Motonari,Mori Motonari,1497,1554,1571,刀剑,93,54,96,100,97,4,3,2,3,3,2,4,1,3,2,4,3,2,3,1,1,强行突破，百万一心，进水，影武者，威吓,强袭，拔突，刚弓，铁壁，丢钱,军师,,,,,吉川广家 吉川元长 吉川元春 小早川隆景 小早川秀包 繁泽元氏 二宫就辰 穗井田元清 毛利隆元 毛利辉元 毛利秀元,只限武将,36,36,温和,普通,普通,慎重,不重情义,88,书籍,贪心,滴酒不沾,其他,已登场,毛利元就,大名,首领,毛利家,吉田郡山城,无,已登场,毛利元就,大名,首领,毛利家,吉田郡山城,无,已登场,毛利元就,大名,首领,毛利家,吉田郡山城,无,已登场,毛利元就,大名,首领,毛利家,吉田郡山城,无,已死亡,毛利元就,无效,无效,无,无效,无,已死亡,毛利元就,无效,无效,无,无效,无,已死亡,毛利元就,无效,无效,无,无效,无,已死亡,毛利元就,无效,无效,无,无效,无,已登场,毛利元就,浪人,其他,无,滨松之町,无,不可,毛利三本矢 毛利隆元/吉川元春/小早川隆景,主角毛利隆元/吉川元春/小早川隆景，三矢训
723,870,武将,最上义光,最上義光,精确匹配,最上义光,100,lord_1_mogami_2,clan_mogami_1,ou,Mogami Yoshiaki,Mogami Yoshiaki,1546,1560,1614,刀剑,84,69,80,91,87,3,2,2,0,0,1,2,3,0,0,1,3,2,2,2,0,刺杀，内讧之术,强袭，二连苦无，半月，丢钱,策士,最上义守,725,,,最上义时 最上义守 最上家亲,只限武将,50,99,普通,胆小,现实,慎重,不重情义,93,书籍,贪心,普通,源氏,未登场,最上义光,家老,直臣,最上家,山形城,无,未登场,最上义光,部将,陪臣（最上义守）,最上家,山形城,无,已登场,最上义光,家老,直臣,最上家,山形城,无,已登场,最上义光,家老,直臣,最上家,山形城,无,已登场,最上义光,大名,首领,最上家,山形城,无,已登场,最上义光,大名,首领,最上家,山形城,无,已登场,最上义光,大名,首领,最上家,山形城,无,已登场,最上义光,大名,首领,最上家,山形城,无,已登场,最上义光,部将,直臣,上泉家,内城,无,一般条件,,
724,871,武将,最上义时,最上義時,姓氏推断,,75,mogami,clan_mogami_1,ou,Mogami Yoshitoki,,1548,1560,1574,刀剑,52,41,60,58,74,1,2,0,0,0,1,1,0,0,1,1,0,0,0,0,0,无,强袭,无,最上义守,725,,,最上义光 最上义守 最上家亲,全职种,50,50,温和,胆小,理想,轻率,不重情义,58,艺术品,无欲,滴酒不沾,源氏,未登场,最上义时,部将,直臣,最上家,山形城,无,未登场,最上义时,部将,陪臣（最上义守）,最上家,山形城,无,已登场,最上义时,部将,直臣,最上家,山形城,无,已登场,最上义时,部将,直臣,最上家,山形城,无,已死亡,最上义时,无效,无效,无,无效,无,已死亡,最上义时,无效,无效,无,无效,无,已死亡,最上义时,无效,无效,无,无效,无,已死亡,最上义时,无效,无效,无,无效,无,已登场,最上义时,侍大将,直臣,上泉家,内城,无,无要求,,
725,872,武将,最上义守,最上義守,精确匹配,最上义守,100,lord_1_mogami,clan_mogami_1,ou,Mogami Yoshimori,Mogami Yoshimori,1521,1554,1590,刀剑,42,31,42,19,38,1,1,0,0,1,0,0,0,1,1,0,0,0,1,0,0,无,强袭,无,,,,,最上义光 最上义时 最上家亲,只限武将,50,50,性急,胆小,普通,轻率,不重情义,62,艺术品,普通,普通,源氏,已登场,最上义守,大名,首领,最上家,山形城,无,已登场,最上义守,大名,首领,最上家,山形城,无,已登场,最上义守,大名,首领,最上家,山形城,无,已登场,最上义守,大名,首领,最上家,山形城,无,已登场,最上义守,家老,直臣,最上家,山形城,无,已登场,最上义守,家老,直臣,最上家,山形城,无,已登场,最上义守,家老,直臣,最上家,山形城,无,已死亡,最上义守,无效,无效,无,无效,无,已登场,最上义守,侍大将,直臣,上泉家,内城,无,一般条件,,
373,446,宍户元续,宍户,需新建,lord_1_shishi,Shishido Mototsugu,,,,,1563,1577,1631,病死,,,宍户隆家,371,宍户隆家,只限武将,36,36,温和,普通,现实,慎重,普通,38,书籍,无欲,滴酒不沾,藤原氏,刀剑,49,44,58,37,62,1,1,1,0,1,1,1,0,1,1,0,0,1,1,1,1,无,强袭,无,无要求,,,未登场,宍户元续,足轻组头,陪臣（宍户隆家）,毛利家,吉田郡山城,无,未登场,宍户元续,足轻组头,陪臣（宍户隆家）,毛利家,吉田郡山城,无,未登场,宍户元续,足轻组头,陪臣（宍户隆家）,毛利家,吉田郡山城,无,未登场,宍户元续,足轻组头,陪臣（宍户隆家）,毛利家,吉田郡山城,无,未登场,宍户元续,足轻组头,陪臣（宍户隆家）,毛利家,吉田郡山城,无,已登场,宍户元续,足轻组头,陪臣（宍户隆家）,毛利家,吉田郡山城,无,已登场,宍户元续,足轻组头,陪臣（宍户隆家）,毛利家,吉田郡山城,无,已登场,宍户元续,家老,直臣,毛利家,广岛城,无,已登场,宍户元续,浪人,其他,无,丸龟之町,无,
374,448,七条兼仲,七条,需新建,lord_1_nanajoukennaka,Shichijou Kanenaka,,,,,1542,1556,1582,病死,,,,,,全职种,40,40,性急,勇敢,普通,轻率,普通,63,武具,贪心,普通,其他,刀剑,54,81,14,13,56,2,1,1,0,4,3,0,2,0,0,1,0,0,0,0,0,无,强袭，连续斩，拔突，二连苦无，刚弓，刚力，铁壁,无,无要求,,,未登场,七条兼仲,足轻大将,陪臣（三好长庆）,细川家,芥川城,无,未登场,七条兼仲,足轻大将,陪臣（三好义贤）,三好家,胜瑞城,无,已登场,七条兼仲,足轻大将,直臣,三好家,饭盛城,无,已登场,七条兼仲,足轻大将,直臣,三好家,胜瑞城,无,已登场,七条兼仲,足轻大将,直臣,三好家,胜瑞城,无,已登场,七条兼仲,足轻大将,直臣,十河家,十河城,无,已死亡,七条兼仲,无效,无效,无,无效,无,已死亡,七条兼仲,无效,无效,无,无效,无,已登场,七条兼仲,大名,首领,七条家,杂贺城,无,
375,449,七里赖周,七里,精确匹配,lord_1_shichiri,Shichiri Yorichika,clan_shichiri_1,hokuriku,精确匹配织丰,,1530,1554,1580,病死,,,,,,全职种,50,50,性急,普通,现实,普通,普通,51,艺术品,贪心,普通,其他,枪,76,57,59,70,60,1,1,2,0,0,0,3,0,1,2,1,3,3,2,1,3,百发百中,拔突，伤药，丢钱,无,无要求,,,已登场,七里赖周,城主,直臣,本愿寺,尾山城,无,已登场,七里赖周,城主,直臣,本愿寺,尾山城,无,已登场,七里赖周,城主,直臣,本愿寺,尾山城,无,已登场,七里赖周,城主,直臣,本愿寺,尾山城,无,已登场,七里赖周,城主,直臣,本愿寺,尾山城,无,已死亡,七里赖周,无效,无效,无,无效,无,已死亡,七里赖周,无效,无效,无,无效,无,已死亡,七里赖周,无效,无效,无,无效,无,已登场,七里赖周,家老,直臣,七条家,杂贺城,无,
376,450,篠原长房,篠原,需新建,lord_1_shouhara,Shinohara Nagafusa,,,,,1513,1554,1573,战死,,,,,,只限武将,50,50,性急,普通,普通,轻率,普通,64,南蛮物,贪心,嗜酒如命,其他,刀剑,45,37,70,56,64,1,1,1,1,1,1,1,1,1,2,0,3,0,0,0,0,无,强袭，丢钱,无,一般条件,,,已登场,篠原长房,部将,陪臣（三好义贤）,细川家,胜瑞城,无,已登场,篠原长房,城主,直臣,三好家,抚养城,无,已登场,篠原长房,城主,直臣,三好家,抚养城,无,已登场,篠原长房,城主,直臣,三好家,抚养城,无,已死亡,篠原长房,无效,无效,无,无效,无,已死亡,篠原长房,无效,无效,无,无效,无,已死亡,篠原长房,无效,无效,无,无效,无,已死亡,篠原长房,无效,无效,无,无效,无,已登场,篠原长房,浪人,其他,无,长滨之町,无,
377,452,斯波诠直,斯波,精确匹配,lord_1_shiba_2,Shiba Akinao,clan_shiba_1,ou,精确匹配织丰,,1546,1560,1600,病死,,,斯波诠真,378,斯波诠真,只限武将,20,20,普通,胆小,理想,普通,普通,21,艺术品,无欲,普通,源氏,刀剑,17,19,32,38,56,0,0,0,0,1,0,1,0,0,0,0,1,3,0,1,0,无,强袭,无,无要求,,,未登场,斯波诠直,家老,直臣,斯波家,高水寺城,无,未登场,斯波诠直,部将,陪臣（斯波诠真）,斯波家,高水寺城,无,已登场,斯波诠直,家老,直臣,斯波家,高水寺城,无,已登场,斯波诠直,家老,直臣,斯波家,高水寺城,无,已登场,斯波诠直,家老,直臣,斯波家,高水寺城,无,已登场,斯波诠直,大名,首领,斯波家,高水寺城,无,已登场,斯波诠直,大名,首领,斯波家,高水寺城,无,已登场,斯波诠直,足轻组头,直臣,南部家,盛冈城,无,已登场,斯波诠直,水夫头,直臣,丰后水军,一尺屋之砦,无,
378,451,斯波诠真,斯波,精确匹配,lord_1_shiba,Shiba Akizane,clan_shiba_1,ou,精确匹配织丰,,1518,1554,1579,病死,,,,,斯波诠直,只限武将,20,20,普通,胆小,普通,普通,普通,17,艺术品,无欲,普通,源氏,刀剑,23,17,33,39,58,0,0,0,0,0,1,1,0,1,0,0,0,3,1,1,0,无,强袭,无,无要求,,,已登场,斯波诠真,大名,首领,斯波家,高水寺城,无,已登场,斯波诠真,大名,首领,斯波家,高水寺城,无,已登场,斯波诠真,大名,首领,斯波家,高水寺城,无,已登场,斯波诠真,大名,首领,斯波家,高水寺城,无,已登场,斯波诠真,大名,首领,斯波家,高水寺城,无,已死亡,斯波诠真,无效,无效,无,无效,无,已死亡,斯波诠真,无效,无效,无,无效,无,已死亡,斯波诠真,无效,无效,无,无效,无,已登场,斯波诠真,水夫头,直臣,丰后水军,一尺屋之砦,无,
379,453,柴田胜家,柴田,精确匹配,lord_1_shibata,Shibata Katsuie,clan_shibata_1,kinai,精确匹配织丰,,1522,1554,1583,战死,柴田胜义,1313,,,佐久间盛政 柴田胜丰,只限武将,85,85,性急,勇敢,理想,轻率,重视情义,83,武具,贪心,嗜酒如命,源氏,刀剑,94,89,69,52,82,4,4,3,0,4,3,3,1,3,1,1,0,1,0,1,0,强行突破，弓箭乱射，骑射突击,强袭，连续斩，拔突，急所击，刚弓，刚力，铁壁,无,一般条件,"贱岳七本枪 糟谷武则/片桐且元/加藤清正/加藤嘉明/
    平野长泰/福岛正则/胁坂安治","主角丰臣秀吉，北之庄剧情战斗胜利
    主角前田利家，贱岳之战投降丰臣秀吉",已登场,柴田胜家,侍大将,陪臣（织田信胜）,织田家,那古野城,无,已登场,柴田胜家,部将,陪臣（织田信胜）,织田家,那古野城,无,已登场,柴田胜家,家老,直臣,织田家,清洲城,无,已登场,柴田胜家,家老,直臣,织田家,岐阜城,无,已登场,柴田胜家,城主,直臣,织田家,北之庄城,无,已登场,柴田胜家,国主,直臣,织田家,北之庄城,无,已死亡,柴田胜家,无效,无效,无,无效,无,已死亡,柴田胜家,无效,无效,无,无效,无,已登场,柴田胜家,浪人,其他,无,杂贺之町,无,
380,454,柴田胜丰,柴田,精确匹配,lord_1_shibata_5,Shibata Katsutoyo,clan_shibata_1,kinai,精确匹配织丰,,1556,1570,1583,病死,,,柴田胜义,###,佐久间盛政 柴田胜家,只限武将,90,10,温和,普通,普通,轻率,不重情义,40,书籍,无欲,普通,源氏,刀剑,26,21,44,17,24,0,0,0,0,0,0,1,0,2,1,1,1,0,0,0,1,无,强袭,无,无要求,,,未登场,柴田胜丰,足轻组头,直臣,织田家,那古野城,无,未登场,柴田胜丰,足轻组头,陪臣（柴田胜家）,织田家,那古野城,无,未登场,柴田胜丰,足轻组头,直臣,织田家,清洲城,无,未登场,柴田胜丰,足轻组头,直臣,织田家,岐阜城,无,已登场,柴田胜丰,足轻组头,直臣,织田家,岐阜城,无,已登场,柴田胜丰,足轻组头,陪臣（柴田胜家）,织田家,北之庄城,无,已死亡,柴田胜丰,无效,无效,无,无效,无,已死亡,柴田胜丰,无效,无效,无,无效,无,已登场,柴田胜丰,浪人,其他,无,小滨之町,无,
381,455,新发田重家,新发田,精确匹配,lord_2_shibata_4,Shibata Shigeie,clan_shibata_2,hokuriku,精确匹配织丰,,1546,1560,1587,战死,新发田纲贞,1314,,,新发田长敦,全职种,5,90,普通,普通,普通,轻率,不重情义,75,艺术品,贪心,普通,源氏,刀剑,51,63,24,20,47,1,2,0,0,0,0,0,1,0,0,1,1,0,0,0,1,无,强袭,无,无要求,,,未登场,新发田重家,足轻大将,陪臣（新发田长敦）,长尾家,新发田城,无,未登场,新发田重家,足轻大将,陪臣（新发田长敦）,长尾家,新发田城,无,已登场,新发田重家,足轻大将,陪臣（新发田长敦）,长尾家,新发田城,无,已登场,新发田重家,足轻大将,陪臣（新发田长敦）,上杉家,新发田城,无,已登场,新发田重家,足轻大将,陪臣（新发田长敦）,上杉家,新发田城,无,已登场,新发田重家,城主,直臣,上杉家,新发田城,无,已登场,新发田重家,大名,首领,新发田家,新发田城,无,已死亡,新发田重家,无效,无效,无,无效,无,已登场,新发田重家,浪人,其他,无,京之町,无,
382,456,新发田长敦,新发田,精确匹配,lord_2_shibata,Shibata Nagaatsu,clan_shibata_2,hokuriku,精确匹配织丰,,1507,1554,1580,病死,新发田纲贞,1314,,,新发田重家,全职种,10,10,温和,胆小,普通,轻率,重视情义,31,书籍,无欲,普通,源氏,刀剑,47,47,52,61,34,0,0,0,0,0,0,2,0,1,2,1,1,1,1,1,0,无,强袭,无,无要求,,,已登场,新发田长敦,城主,直臣,长尾家,新发田城,无,已登场,新发田长敦,城主,直臣,长尾家,新发田城,无,已登场,新发田长敦,城主,直臣,长尾家,新发田城,无,已登场,新发田长敦,城主,直臣,上杉家,新发田城,无,已登场,新发田长敦,城主,直臣,上杉家,新发田城,无,已死亡,新发田长敦,无效,无效,无,无效,无,已死亡,新发田长敦,无效,无效,无,无效,无,已死亡,新发田长敦,无效,无效,无,无效,无,已登场,新发田长敦,浪人,其他,无,长滨之町,无,
383,457,芝辻清右卫门,芝辻,需新建,lord_1_shibatsujikiyoshimigi,Shibatsuji Kiyouemon,,,,,1516,1554,1599,病死,,,,,,没那个意思,45,45,普通,普通,普通,慎重,重视情义,44,南蛮物,普通,嗜酒如命,其他,火绳枪,24,37,19,42,66,1,0,4,0,0,0,0,0,0,0,4,2,2,1,0,0,无,急所击，二挺击，石火，乱射,火枪名人，名工,一般条件,,,已登场,芝辻清右卫门,锻冶匠,其他,无,杂贺之町,无,已登场,芝辻清右卫门,锻冶匠,其他,无,杂贺之町,无,已登场,芝辻清右卫门,锻冶匠,其他,无,杂贺之町,无,已登场,芝辻清右卫门,锻冶匠,其他,无,杂贺之町,无,已登场,芝辻清右卫门,锻冶匠,其他,无,杂贺之町,无,已登场,芝辻清右卫门,锻冶匠,其他,无,杂贺之町,无,已登场,芝辻清右卫门,锻冶匠,其他,无,杂贺之町,无,已登场,芝辻清右卫门,锻冶匠,其他,无,杂贺之町,无,已登场,芝辻清右卫门,锻冶匠,其他,无,杂贺之町,无,
384,460,涩谷与右卫门,涩谷,需新建,lord_1_yomigi,Shibuya Yuurouemon,,,,,1541,1554,1617,病死,,,,,,武将以外优先,32,32,温和,普通,理想,普通,重视情义,54,南蛮物,贪心,滴酒不沾,其他,枪,19,16,63,63,58,0,0,0,2,0,0,0,1,1,0,0,3,1,3,2,1,无,拔突，丢钱，大宴宾客,风雅之士,一般条件,,,未登场,涩谷与右卫门,浪人,其他,无,尾道之町,无,已登场,涩谷与右卫门,当家,首领,大西屋,尾道之町,无,已登场,涩谷与右卫门,当家,首领,大西屋,尾道之町,无,已登场,涩谷与右卫门,当家,首领,大西屋,尾道之町,无,已登场,涩谷与右卫门,当家,首领,大西屋,尾道之町,无,已登场,涩谷与右卫门,当家,首领,大西屋,尾道之町,无,已登场,涩谷与右卫门,当家,首领,大西屋,尾道之町,无,已登场,涩谷与右卫门,当家,首领,大西屋,尾道之町,无,已登场,涩谷与右卫门,浪人,其他,无,松仓之町,无,
385,461,岛井宗室,岛井,需新建,lord_1_soushitsu,Shimae Soushitsu,,,,,1539,1554,1615,病死,,,,,,武将以外优先,0,0,温和,勇敢,现实,普通,普通,71,南蛮物,贪心,普通,其他,枪,39,28,67,78,72,0,0,0,0,0,0,0,0,3,0,0,4,2,3,4,1,无,拔突，丢钱，贿赂，大宴宾客,茶宗,一般条件,,,已登场,岛井宗室,当家,首领,博多屋,博多之町,无,已登场,岛井宗室,当家,首领,博多屋,博多之町,无,已登场,岛井宗室,当家,首领,博多屋,博多之町,无,已登场,岛井宗室,当家,首领,博多屋,博多之町,无,已登场,岛井宗室,当家,首领,博多屋,博多之町,无,已登场,岛井宗室,当家,首领,博多屋,博多之町,无,已登场,岛井宗室,当家,首领,博多屋,博多之町,无,已登场,岛井宗室,当家,首领,博多屋,博多之町,无,已登场,岛井宗室,船头,直臣,村上水军,三岛之砦,无,
386,462,岛左近,岛,需新建,lord_1_kin,Shima Sakon,,,,,1545,1559,1600,战死,,,,,,只限武将,15,15,普通,勇敢,理想,普通,普通,65,武具,无欲,普通,其他,枪,87,88,42,79,85,2,4,3,0,2,3,3,0,0,0,0,1,2,0,1,1,骑射突击,强袭，连续斩，拔突，粘花，急所击，刚弓，卷枪，引落，柄返，刚力，铁壁,无,一般条件,,,未登场,岛清兴,足轻大将,直臣,筒井家,大和郡山城,无,未登场,岛清兴,足轻大将,直臣,筒井家,大和郡山城,无,已登场,岛清兴,足轻大将,直臣,筒井家,大和郡山城,无,已登场,岛清兴,足轻大将,直臣,筒井家,大和郡山城,无,已登场,岛清兴,足轻大将,直臣,筒井家,大和郡山城,无,已登场,岛清兴,足轻大将,陪臣（筒井顺庆）,织田家,大和郡山城,无,已登场,岛清兴,侍大将,直臣,筒井家,大和郡山城,无,已登场,岛清兴,部将,陪臣（石田三成）,丰臣家,佐和山城,无,已登场,岛清兴,头领,首领,村上水军,三岛之砦,无,
387,463,岛津家久,岛津,精确匹配,lord_1_shimazu_9,Shimazu Iehisa,clan_shimazu_1,saikai,精确匹配织丰,,1547,1561,1587,战死,岛津贵久,389,岛津日新斋,388,岛津日新斋 岛津贵久 岛津忠恒 岛津岁久 岛津丰久 岛津龙伯 岛津义弘,只限武将,30,30,温和,勇敢,普通,轻率,普通,41,武具,无欲,嗜酒如命,源氏,刀剑,75,84,49,43,78,1,2,2,0,1,2,2,1,1,2,1,2,0,2,1,2,钓野伏，狙击,强袭，拔突，铁壁,无,一般条件,,,未登场,岛津家久,侍大将,直臣,岛津家,内城,无,未登场,岛津家久,侍大将,陪臣（岛津贵久）,岛津家,内城,无,已登场,岛津家久,侍大将,直臣,岛津家,内城,无,已登场,岛津家久,侍大将,直臣,岛津家,内城,无,已登场,岛津家久,侍大将,直臣,岛津家,内城,无,已登场,岛津家久,侍大将,直臣,岛津家,内城,无,已登场,岛津家久,国主,直臣,岛津家,饫肥城,无,已死亡,岛津家久,无效,无效,无,无效,无,已登场,岛津家久,水夫头,直臣,村上水军,三岛之砦,无,
388,466,岛津日新斋,岛津,姓氏推断,lord_1_shimazu_nisshin,Shimazu Hyougo-no-suke,clan_shimazu_1,saikai,家族和文化自动推断,,1492,1554,1568,病死,,,,,岛津家久 岛津贵久 岛津岁久 岛津龙伯 岛津义弘,只限武将,30,30,温和,普通,普通,慎重,普通,69,书籍,无欲,普通,源氏,枪,81,74,88,86,89,2,2,2,1,1,1,3,2,2,2,1,3,4,3,0,3,无,拔突，二连苦无，伤药，丢钱,无,一般条件,,,已登场,岛津忠良,家老,直臣,岛津家,内城,无,已登场,岛津日新斋,家老,直臣,岛津家,内城,无,已登场,岛津日新斋,家老,直臣,岛津家,内城,无,已死亡,岛津日新斋,无效,无效,无,无效,无,已死亡,岛津日新斋,无效,无效,无,无效,无,已死亡,岛津日新斋,无效,无效,无,无效,无,已死亡,岛津日新斋,无效,无效,无,无效,无,已死亡,岛津日新斋,无效,无效,无,无效,无,已登场,岛津日新斋,水夫头,直臣,村上水军,三岛之砦,无,
389,467,岛津贵久,岛津,精确匹配,lord_1_shimazu_11,Shimazu Takahisa,clan_shimazu_1,saikai,精确匹配织丰,,1514,1554,1571,病死,岛津日新斋,388,,,岛津家久 岛津日新斋 岛津忠恒 岛津岁久 岛津丰久 岛津龙伯 岛津义弘,只限武将,30,30,温和,勇敢,普通,轻率,普通,70,南蛮物,普通,普通,源氏,刀剑,83,60,84,80,83,3,3,2,0,0,0,2,0,2,2,2,0,3,2,1,0,无,强袭,策士,一般条件,,,已登场,岛津贵久,大名,首领,岛津家,内城,无,已登场,岛津贵久,大名,首领,岛津家,内城,无,已登场,岛津贵久,大名,首领,岛津家,内城,无,已登场,岛津贵久,大名,首领,岛津家,内城,无,已死亡,岛津贵久,无效,无效,无,无效,无,已死亡,岛津贵久,无效,无效,无,无效,无,已死亡,岛津贵久,无效,无效,无,无效,无,已死亡,岛津贵久,无效,无效,无,无效,无,已登场,岛津贵久,水夫头,直臣,村上水军,三岛之砦,无,
390,468,岛津忠恒,岛津,姓氏推断,lord_1_shimazu_tadatsune,Shimazu Zenshu,clan_shimazu_1,saikai,家族和文化自动推断,,1578,1592,1638,病死,岛津义弘,395,岛津贵久,389,岛津家久 岛津贵久 岛津岁久 岛津丰久 岛津龙伯 岛津义弘,只限武将,36,90,温和,胆小,现实,轻率,不重情义,34,南蛮物,贪心,普通,源氏,刀剑,68,69,80,78,75,1,2,3,2,1,0,0,0,3,3,2,2,3,2,3,1,无,强袭，急所击,无,无要求,,,未登场,岛津忠恒,足轻组头,陪臣（岛津义弘）,岛津家,内城,无,未登场,岛津忠恒,足轻组头,陪臣（岛津义弘）,岛津家,内城,无,未登场,岛津忠恒,足轻组头,陪臣（岛津义弘）,岛津家,内城,无,未登场,岛津忠恒,足轻组头,陪臣（岛津义弘）,岛津家,内城,无,未登场,岛津忠恒,足轻组头,陪臣（岛津义弘）,岛津家,内城,无,未登场,岛津忠恒,足轻组头,陪臣（岛津义弘）,岛津家,内城,无,未登场,岛津忠恒,足轻组头,陪臣（岛津义弘）,岛津家,八代城,无,已登场,岛津忠恒,家老,直臣,岛津家,内城,无,已登场,岛津忠恒,水夫头,直臣,村上水军,三岛之砦,无,
391,470,岛津岁久,岛津,精确匹配,lord_1_shimazu_7,Shimazu Toshihisa,clan_shimazu_1,saikai,精确匹配织丰,,1537,1554,1592,战死,岛津贵久,389,岛津日新斋,388,岛津家久 岛津日新斋 岛津贵久 岛津忠恒 岛津丰久 岛津龙伯 岛津义弘,只限武将,30,30,普通,勇敢,普通,轻率,重视情义,69,武具,普通,嗜酒如命,源氏,刀剑,70,67,60,72,79,2,2,2,0,1,2,2,0,1,1,1,1,1,0,1,1,无,强袭，拔突，铁壁,无,一般条件,,,未登场,岛津岁久,家老,直臣,岛津家,内城,无,已登场,岛津岁久,家老,直臣,岛津家,内城,无,已登场,岛津岁久,家老,直臣,岛津家,内城,无,已登场,岛津岁久,家老,直臣,岛津家,内城,无,已登场,岛津岁久,家老,直臣,岛津家,内城,无,已登场,岛津岁久,家老,直臣,岛津家,内城,无,已登场,岛津岁久,家老,直臣,岛津家,内城,无,已死亡,岛津岁久,无效,无效,无,无效,无,已登场,岛津岁久,水夫头,直臣,村上水军,三岛之砦,无,
392,471,岛津丰久,岛津,姓氏推断,lord_1_shimazu,Shimazu Toyohisa,clan_shimazu_1,saikai,家族和文化自动推断,,1570,1584,1600,战死,岛津家久,387,岛津贵久,389,岛津家久 岛津贵久 岛津忠恒 岛津岁久 岛津龙伯 岛津义弘,只限武将,30,30,普通,勇敢,普通,轻率,重视情义,53,武具,普通,普通,源氏,刀剑,75,64,33,48,65,2,2,1,0,1,1,2,0,0,1,1,1,1,1,1,0,无,强袭,无,无要求,,,未登场,岛津丰久,足轻组头,陪臣（岛津家久）,岛津家,内城,无,未登场,岛津丰久,足轻组头,陪臣（岛津家久）,岛津家,内城,无,未登场,岛津丰久,足轻组头,陪臣（岛津家久）,岛津家,内城,无,未登场,岛津丰久,足轻组头,陪臣（岛津家久）,岛津家,内城,无,未登场,岛津丰久,足轻组头,陪臣（岛津家久）,岛津家,内城,无,未登场,岛津丰久,足轻组头,陪臣（岛津家久）,岛津家,内城,无,已登场,岛津丰久,足轻组头,陪臣（岛津家久）,岛津家,饫肥城,无,已登场,岛津丰久,城主,直臣,岛津家,都于郡城,无,已登场,岛津丰久,水夫头,直臣,村上水军,三岛之砦,无,
393,472,岛津义虎,岛津,姓氏推断,lord_1_shimazu,Shimazu Kagerai,clan_shimazu_1,saikai,家族和文化自动推断,,1536,1554,1585,病死,岛津实久,847,,,岛津实久,只限武将,40,40,普通,普通,普通,轻率,普通,35,书籍,无欲,普通,源氏,刀剑,62,66,69,73,70,2,0,1,1,1,0,1,0,1,0,1,0,0,0,0,0,无,强袭,无,无要求,,,未登场,岛津义虎,部将,陪臣（岛津实久）,岛津家,出水城,无,已登场,岛津义虎,城主,直臣,岛津家,出水城,无,已登场,岛津义虎,城主,直臣,岛津家,出水城,无,已登场,岛津义虎,城主,直臣,岛津家,出水城,无,已登场,岛津义虎,城主,直臣,岛津家,出水城,无,已登场,岛津义虎,城主,直臣,岛津家,出水城,无,已登场,岛津义虎,城主,直臣,岛津家,出水城,无,已死亡,岛津义虎,无效,无效,无,无效,无,已登场,岛津义虎,水夫头,直臣,村上水军,三岛之砦,无,
394,473,岛津义久,岛津,精确匹配,lord_1_shimazu,Shimazu Yoshihisa,clan_shimazu_1,saikai,精确匹配织丰,,1533,1554,1611,病死,岛津贵久,389,岛津日新斋,388,岛津家久 岛津日新斋 岛津贵久 岛津忠恒 岛津岁久 岛津丰久 岛津义弘,只限武将,30,30,普通,勇敢,理想,慎重,普通,90,南蛮物,贪心,嗜酒如命,源氏,刀剑,90,55,94,86,88,4,3,3,2,2,2,3,1,2,2,1,2,4,3,1,2,钓野伏,强袭，拔突，急所击，刚弓，铁壁,策士,一般条件,,,已登场,岛津义久,家老,直臣,岛津家,内城,无,已登场,岛津义久,家老,直臣,岛津家,内城,无,已登场,岛津义久,家老,直臣,岛津家,内城,无,已登场,岛津义久,家老,直臣,岛津家,内城,无,已登场,岛津义久,大名,首领,岛津家,内城,无,已登场,岛津义久,大名,首领,岛津家,内城,无,已登场,岛津义久,大名,首领,岛津家,内城,无,已登场,岛津龙伯,国主,直臣,岛津家,加治木城,无,已登场,岛津义久,水夫头,直臣,村上水军,三岛之砦,无,
395,474,岛津义弘,岛津,精确匹配,lord_1_shimazu_4,Shimazu Yoshihiro,clan_shimazu_1,saikai,精确匹配织丰,,1535,1554,1619,病死,岛津贵久,389,岛津日新斋,388,岛津家久 岛津日新斋 岛津贵久 岛津忠恒 岛津岁久 岛津丰久 岛津龙伯,只限武将,28,28,性急,勇敢,普通,轻率,重视情义,86,武具,贪心,嗜酒如命,源氏,枪,94,90,71,76,94,4,3,3,4,2,3,3,1,2,1,1,2,2,1,1,0,钓野伏，齐射,强袭，连续斩，拔突，粘花，急所击，刚弓，卷枪，引落，柄返，刚力，铁壁,策士,一般条件,,,已登场,岛津义弘,家老,直臣,岛津家,内城,无,已登场,岛津义弘,家老,直臣,岛津家,内城,无,已登场,岛津义弘,家老,直臣,岛津家,内城,无,已登场,岛津义弘,家老,直臣,岛津家,内城,无,已登场,岛津义弘,家老,直臣,岛津家,内城,无,已登场,岛津义弘,家老,直臣,岛津家,内城,无,已登场,岛津义弘,国主,直臣,岛津家,八代城,无,已登场,岛津义弘,大名,首领,岛津家,内城,无,已登场,岛津义弘,水夫头,直臣,村上水军,三岛之砦,无,
396,476,清水宗治,清水,需新建,lord_1_shimizumuneharu,Shimizu Muneharu,,,,,1537,1554,1582,病死,,,,,清水景治,只限武将,40,40,性急,普通,理想,慎重,重视情义,44,武具,无欲,普通,其他,刀剑,63,70,28,62,66,1,2,1,1,1,2,3,0,3,2,0,1,1,1,0,0,鬼脚之术,强袭，拔突，铁壁,无,一般条件,,,未登场,清水宗治,城主,直臣,毛利家,备中高松城,无,已登场,清水宗治,城主,直臣,三村家,备中高松城,无,已登场,清水宗治,侍大将,直臣,毛利家,吉田郡山城,无,已登场,清水宗治,城主,直臣,毛利家,备中高松城,无,已登场,清水宗治,城主,直臣,毛利家,备中高松城,无,已登场,清水宗治,城主,直臣,毛利家,备中高松城,无,已死亡,清水宗治,无效,无效,无,无效,无,已死亡,清水宗治,无效,无效,无,无效,无,已登场,清水宗治,水夫头,直臣,淡路水军,洲本之砦,无,
750,903,武将,山县昌景,山縣昌景,精确匹配,山县昌景,100,lord_1_yamagata,clan_yamagata_1,tosan,Yamagata Masakage,Yamagata Masakage,1530,1554,1575,枪,88,89,66,69,84,3,4,2,0,2,3,3,0,0,1,0,0,1,0,0,0,风林火山,强袭，连续斩，拔突，粘花，刚弓，卷枪，引落，柄返，刚力，铁壁,无,(饭富道悦),1309,,,饭富虎昌,只限武将,57,57,温和,普通,普通,轻率,重视情义,30,武具,普通,普通,源氏,已登场,饭富昌景,侍大将,直臣,武田家,踯躅崎馆,无,已登场,饭富昌景,侍大将,直臣,武田家,踯躅崎馆,无,已登场,饭富昌景,侍大将,直臣,武田家,踯躅崎馆,无,已登场,山县昌景,家老,直臣,武田家,踯躅崎馆,无,已登场,山县昌景,侍大将,直臣,武田家,踯躅崎馆,无,已死亡,山县昌景,无效,无效,无,无效,无,已死亡,山县昌景,无效,无效,无,无效,无,已死亡,山县昌景,无效,无效,无,无效,无,已登场,山县昌景,家老,直臣,山中家,江户城,无,一般条件,,
751,905,武将,山崎片家,山崎片家,姓氏推断,,75,yamazaki_henie,clan_yamazaki_1,hokuriku,Yamazaki Katakie,,1547,1561,1591,刀剑,34,21,19,41,26,1,1,0,0,0,0,0,1,0,0,0,2,1,1,1,0,无,强袭,无,,,,,,全职种,29,29,普通,胆小,现实,轻率,不重情义,45,艺术品,贪心,普通,源氏,未登场,山崎片家,侍大将,直臣,六角家,观音寺城,无,未登场,山崎片家,足轻组头,直臣,六角家,观音寺城,无,已登场,山崎片家,足轻组头,直臣,六角家,观音寺城,无,已登场,山崎片家,足轻组头,直臣,织田家,岐阜城,无,已登场,山崎片家,足轻组头,直臣,织田家,岐阜城,无,已登场,山崎片家,足轻组头,直臣,织田家,安土城,无,已登场,山崎片家,足轻组头,直臣,羽柴家,石山本愿寺,无,已死亡,山崎片家,无效,无效,无,无效,无,已登场,山崎片家,家老,直臣,山中家,江户城,无,无要求,,
752,906,武将,山崎长德,山崎長德,精确匹配,山崎长德,100,lord_1_yamazaki_7,clan_yamazaki_1,hokuriku,Yamazaki Naganori,Yamazaki Naganori,1552,1566,1620,刀剑,46,36,23,32,37,2,1,1,0,0,0,1,0,0,1,0,0,0,0,0,0,无,强袭,无,,,,,,全职种,50,50,温和,普通,普通,轻率,普通,48,南蛮物,普通,普通,源氏,未登场,山崎长德,足轻大将,直臣,朝仓家,一乘谷城,无,未登场,山崎长德,足轻组头,直臣,朝仓家,一乘谷城,无,未登场,山崎长德,足轻组头,直臣,朝仓家,一乘谷城,无,已登场,山崎长德,足轻大将,直臣,朝仓家,一乘谷城,无,已登场,山崎长德,足轻组头,陪臣（明智光秀）,织田家,坂本城,无,已登场,山崎长德,足轻大将,陪臣（明智光秀）,织田家,丹波龟山城,无,已登场,山崎长德,足轻大将,直臣,前田家,尾山城,无,已登场,山崎长德,侍大将,直臣,前田家,金泽城,无,已登场,山崎长德,部将,陪臣（山田长政）,山中家,小田原城,无,无要求,,
397,477,清水康英,清水,需新建,lord_1_shimizuyasuhide,Shimizu Yasuhide,,,,,1532,1554,1591,病死,,,,,,只限武将,35,35,性急,普通,普通,慎重,重视情义,76,武具,贪心,普通,藤原氏,刀剑,63,67,31,46,65,2,0,0,3,1,1,2,0,0,1,0,0,0,0,0,0,进水,强袭,无,无要求,,,已登场,清水康英,侍大将,直臣,北条家,小田原城,无,已登场,清水康英,侍大将,直臣,北条家,小田原城,无,已登场,清水康英,侍大将,直臣,北条家,小田原城,无,已登场,清水康英,侍大将,直臣,北条家,小田原城,无,已登场,清水康英,侍大将,直臣,北条家,小田原城,无,已登场,清水康英,侍大将,直臣,北条家,小田原城,无,已登场,清水康英,侍大将,直臣,北条家,小田原城,无,已死亡,清水康英,无效,无效,无,无效,无,已登场,清水康英,水夫头,直臣,淡路水军,洲本之砦,无,
398,478,志村光安,志村,需新建,lord_1_shimuramitsuyasu,Shimura Kouyasu,,,,,1560,1574,1609,病死,,,,,,全职种,0,0,温和,勇敢,普通,轻率,普通,40,书籍,无欲,普通,其他,刀剑,70,51,56,69,61,2,2,0,0,1,1,2,0,0,1,1,0,0,0,1,1,无,强袭,无,无要求,,,未登场,志村光安,足轻组头,直臣,最上家,山形城,无,未登场,志村光安,足轻组头,直臣,最上家,山形城,无,未登场,志村光安,足轻组头,直臣,最上家,山形城,无,未登场,志村光安,足轻组头,直臣,最上家,山形城,无,已登场,志村光安,足轻组头,直臣,最上家,山形城,无,已登场,志村光安,足轻组头,直臣,最上家,山形城,无,已登场,志村光安,足轻组头,直臣,最上家,山形城,无,已登场,志村光安,家老,直臣,最上家,山形城,无,已登场,志村光安,浪人,其他,无,鸟取之町,无,
399,479,下间仲孝,下间,精确匹配,lord_1_shimotsuma_8,Shimotsuma Nakataka,clan_shimotsuma_1,hokuriku,精确匹配织丰,,1551,1565,1616,病死,下间赖照,400,,,下间赖照,全职种,50,50,普通,勇敢,普通,慎重,普通,70,艺术品,普通,滴酒不沾,源氏,火绳枪,60,71,50,69,77,1,1,2,0,2,1,1,1,0,1,1,1,2,1,2,1,无,急所击，刚弓,无,无要求,,,未登场,下间仲孝,侍大将,直臣,本愿寺,石山本愿寺,无,未登场,下间仲孝,侍大将,直臣,本愿寺,石山本愿寺,无,已登场,下间仲孝,侍大将,直臣,本愿寺,石山本愿寺,无,已登场,下间仲孝,侍大将,直臣,本愿寺,石山本愿寺,无,已登场,下间仲孝,侍大将,直臣,本愿寺,石山本愿寺,无,已登场,下间仲孝,浪人,其他,无,石山之町,无,已登场,下间仲孝,浪人,其他,无,石山之町,无,已登场,下间仲孝,浪人,其他,无,大坂之町,无,已登场,下间仲孝,家老,直臣,下间家,饫肥城,无,
756,911,武将,山中鹿介,山中鹿介,姓氏推断,,50,yamanaka_shikanosuke,clan_yamanaka_1,sanyo,Yamanaka Shikanosuke,,1545,1559,1578,枪,71,79,21,57,90,3,3,2,0,2,3,2,2,0,1,2,1,1,2,0,1,无,强袭，连续斩，拔突，粘花，二连苦无，刚弓，卷枪，引落，柄返，刚力，铁壁,无,,,,,鸿池新六,只限武将,12,12,普通,勇敢,理想,轻率,重视情义,40,武具,无欲,普通,源氏,未登场,山中鹿介,足轻大将,直臣,尼子家,月山富田城,无,未登场,山中鹿介,足轻组头,直臣,尼子家,月山富田城,无,已登场,山中鹿介,足轻组头,直臣,尼子家,月山富田城,无,已登场,山中鹿介,浪人,其他,无,松江之町,无,已登场,山中鹿介,浪人,其他,无,京之町,无,已死亡,山中鹿介,无效,无效,无,无效,无,已死亡,山中鹿介,无效,无效,无,无效,无,已死亡,山中鹿介,无效,无效,无,无效,无,已登场,山中鹿介,大名,首领,山中家,江户城,无,一般条件,,
757,912,武将,山中俊好,山中俊好,姓氏推断,,50,yamanaka_shunkou,clan_yamanaka_1,sanyo,Yamanaka Toshiyoshi,,1537,1554,1595,锁镰,47,61,35,40,36,1,1,1,0,2,1,1,3,0,0,0,0,0,0,0,1,奈落之术，雾隐之术，错乱之术,二连苦无，半月，千鸟，刚弓,无,,,,,,只限武将,20,20,普通,普通,普通,轻率,普通,49,南蛮物,普通,普通,其他,已登场,山中俊好,足轻大将,直臣,六角家,观音寺城,无,已登场,山中俊好,足轻组头,直臣,六角家,观音寺城,无,已登场,山中俊好,足轻组头,直臣,六角家,观音寺城,无,已登场,山中俊好,浪人,其他,无,目加田之町,无,已登场,山中俊好,足轻组头,直臣,织田家,岐阜城,无,已登场,山中俊好,足轻组头,直臣,织田家,安土城,无,已登场,山中俊好,足轻组头,直臣,羽柴家,石山本愿寺,无,已死亡,山中俊好,无效,无效,无,无效,无,已登场,山中俊好,家老,直臣,山中家,江户城,无,一般条件,,
758,913,武将,山名佑丰,山名祐豐,姓氏推断,,75,yamana_yuu,clan_yamana_1,kinai,Yamana Suketoyo,,1511,1554,1580,刀剑,50,33,32,40,41,2,1,0,1,0,0,1,0,0,1,4,0,0,0,0,0,无,强袭,无,,,,,,只限武将,90,90,普通,勇敢,理想,轻率,不重情义,62,南蛮物,贪心,滴酒不沾,源氏,已登场,山名祐丰,大名,首领,山名家,鸟取城,无,已登场,山名祐丰,大名,首领,山名家,鸟取城,无,已登场,山名祐丰,大名,首领,山名家,鸟取城,无,已登场,山名祐丰,大名,首领,山名家,鸟取城,无,已登场,山名祐丰,大名,首领,山名家,鸟取城,无,已死亡,山名祐丰,无效,无效,无,无效,无,已死亡,山名祐丰,无效,无效,无,无效,无,已死亡,山名祐丰,无效,无效,无,无效,无,已登场,山名祐丰,部将,直臣,山中家,江户城,无,一般条件,,
759,914,武将,山名禅高,山名禪高,姓氏推断,,50,yamana_zentaka,clan_yamana_1,kinai,Yamana Zentaka,,1548,1562,1626,刀剑,25,31,39,12,42,0,1,1,0,1,1,0,0,0,0,1,0,3,2,3,0,无,强袭,无,,,,,,只限武将,90,90,普通,胆小,现实,轻率,普通,51,艺术品,普通,普通,源氏,未登场,山名丰国,部将,直臣,山名家,鸟取城,无,未登场,山名丰国,部将,直臣,山名家,鸟取城,无,已登场,山名丰国,部将,直臣,山名家,鸟取城,无,已登场,山名丰国,部将,直臣,山名家,鸟取城,无,已登场,山名丰国,部将,直臣,山名家,鸟取城,无,已登场,山名禅高,浪人,其他,无,出石之町,无,已登场,山名禅高,浪人,其他,无,出石之町,无,已登场,山名禅高,浪人,其他,无,出石之町,无,已登场,山名丰国,部将,直臣,山中家,江户城,无,无要求,,
400,480,下间赖照,下间,精确匹配,lord_1_shimotsuma_6,Shimotsuma Raisho,clan_shimotsuma_1,hokuriku,精确匹配织丰,,1526,1554,1575,病死,,,,,下间仲孝,全职种,50,50,普通,普通,普通,慎重,不重情义,56,艺术品,普通,普通,源氏,枪,61,35,61,56,73,1,0,2,1,0,0,0,1,1,1,2,2,1,2,1,1,无,拔突,无,无要求,,,已登场,下间赖照,城主,直臣,本愿寺,大圣寺城,无,已登场,下间赖照,城主,直臣,本愿寺,大圣寺城,无,已登场,下间赖照,城主,直臣,本愿寺,大圣寺城,无,已登场,下间赖照,城主,直臣,本愿寺,大圣寺城,无,已登场,下间赖照,城主,直臣,本愿寺,大圣寺城,无,已死亡,下间赖照,无效,无效,无,无效,无,已死亡,下间赖照,无效,无效,无,无效,无,已死亡,下间赖照,无效,无效,无,无效,无,已登场,下间赖照,家老,直臣,下间家,饫肥城,无,
401,481,下间赖廉,下间,精确匹配,lord_1_shimotsuma,Shimotsuma Rairen,clan_shimotsuma_1,hokuriku,精确匹配织丰,,1537,1554,1626,病死,,,,,,全职种,50,50,温和,勇敢,现实,轻率,普通,49,艺术品,普通,普通,源氏,火绳枪,72,72,74,79,78,3,0,3,2,1,0,3,2,3,2,1,1,2,3,1,2,百发百中,二连苦无，急所击，二挺击,无,无要求,,,未登场,下间赖廉,家老,直臣,本愿寺,石山本愿寺,无,已登场,下间赖廉,家老,直臣,本愿寺,石山本愿寺,无,已登场,下间赖廉,家老,直臣,本愿寺,石山本愿寺,无,已登场,下间赖廉,家老,直臣,本愿寺,石山本愿寺,无,已登场,下间赖廉,家老,直臣,本愿寺,石山本愿寺,无,已登场,下间赖廉,浪人,其他,无,石山之町,无,已登场,下间赖廉,浪人,其他,无,石山之町,无,已登场,下间赖廉,浪人,其他,无,京之町,无,已登场,下间赖廉,大名,首领,下间家,饫肥城,无,主角武田信玄，川中岛之战败北
402,482,上条政繁,上条,需新建,lord_1_kamijoumasashige,Joujou Masashige,,,,,1553,1567,1625,病死,,,,,,全职种,90,90,普通,普通,普通,轻率,不重情义,58,书籍,普通,普通,源氏,刀剑,54,57,52,59,52,1,0,1,0,1,1,0,0,0,1,0,0,1,0,1,0,无,强袭,无,一般条件,,,未登场,上条政繁,侍大将,直臣,长尾家,春日山城,无,未登场,上条政繁,侍大将,直臣,长尾家,春日山城,无,未登场,上条政繁,侍大将,直臣,长尾家,春日山城,无,已登场,上条政繁,侍大将,直臣,上杉家,春日山城,无,已登场,上条政繁,侍大将,直臣,上杉家,春日山城,无,已登场,上条政繁,侍大将,直臣,上杉家,春日山城,无,已登场,上条政繁,侍大将,直臣,上杉家,春日山城,无,已登场,上条政繁,足轻大将,直臣,德川家,江户城,无,已登场,上条政繁,家老,直臣,上泉家,内城,无,
763,917,武将,结城晴朝,結城晴朝,精确匹配,结城晴朝,100,lord_1_yuki,clan_yuki_1,kanto,Yuki Harutomo,Yuki Harutomo,1533,1554,1614,枪,41,37,46,56,61,0,1,0,0,0,0,1,0,2,2,1,1,2,3,1,0,无,拔突,无,,,(结城政朝),1343,结城政胜,只限武将,11,11,温和,胆小,现实,慎重,普通,50,南蛮物,无欲,嗜酒如命,藤原氏,已登场,结城晴朝,家老,直臣,结城家,结城城,无,已登场,结城晴朝,家老,直臣,结城家,结城城,无,已登场,结城晴朝,大名,首领,结城家,结城城,无,已登场,结城晴朝,大名,首领,结城家,结城城,无,已登场,结城晴朝,大名,首领,结城家,结城城,无,已登场,结城晴朝,大名,首领,结城家,结城城,无,已登场,结城晴朝,大名,首领,结城家,结城城,无,已登场,结城晴朝,家老,直臣,结城家,结城城,无,已登场,结城晴朝,浪人,其他,无,鹿屋之町,无,一般条件,,
764,918,武将,结城秀康,結城秀康,姓氏推断,,50,yuki_hideyasu,clan_yuki_1,kanto,Yuki Hideyasu,,1574,1588,1607,枪,83,83,52,34,86,2,3,2,0,2,2,2,0,1,2,1,1,2,0,0,0,无,强袭，拔突，刚弓，铁壁,无,德川家康,506,松平广忠,804,德川家康 德川信康 德川秀忠 松平忠吉 松平广忠,只限武将,90,10,性急,勇敢,普通,轻率,普通,79,武具,普通,嗜酒如命,源氏,未登场,德川秀康,足轻组头,陪臣（松平竹千代）,松平家,冈崎城,无,未登场,德川秀康,足轻组头,陪臣（松平元康）,今川家,冈崎城,无,未登场,德川秀康,足轻组头,陪臣（松平元康）,今川家,冈崎城,无,未登场,德川秀康,足轻组头,直臣,德川家,冈崎城,无,未登场,德川秀康,足轻组头,陪臣（德川家康）,德川家,滨松城,无,已登场,德川秀康,足轻大将,直臣,德川家,滨松城,无,已登场,德川秀康,足轻大将,直臣,德川家,滨松城,无,已登场,结城秀康,大名,首领,结城家,结城城,无,已登场,结城秀康,浪人,其他,无,仙台之町,无,一般条件,,
765,919,武将,结城政胜,結城政勝,姓氏推断,,50,yuki_matsurigoto,clan_yuki_1,kanto,Yuki Masakatsu,,1503,1554,1559,刀剑,57,34,72,68,60,1,1,0,1,1,0,2,0,0,1,0,0,3,3,0,1,无,强袭,无,(结城政朝),1343,,,结城晴朝,只限武将,11,11,温和,胆小,普通,普通,普通,69,艺术品,普通,普通,藤原氏,已登场,结城政胜,大名,首领,结城家,结城城,无,已登场,结城政胜,大名,首领,结城家,结城城,无,已死亡,结城政胜,无效,无效,无,无效,无,已死亡,结城政胜,无效,无效,无,无效,无,已死亡,结城政胜,无效,无效,无,无效,无,已死亡,结城政胜,无效,无效,无,无效,无,已死亡,结城政胜,无效,无效,无,无效,无,已死亡,结城政胜,无效,无效,无,无效,无,已登场,结城政胜,浪人,其他,无,今治之町,无,无要求,,
766,920,武将,游佐续光,游佐續光,精确匹配,游佐续光,100,lord_1_yusa,clan_yusa_1,hokuriku,Yusa Tsugumitsu,Yusa Tsugumitsu,1517,1554,1581,刀剑,29,39,39,46,52,0,1,0,0,0,0,0,0,0,0,0,1,0,1,0,0,无,强袭,无,,,,,,全职种,90,90,普通,胆小,理想,轻率,不重情义,77,南蛮物,贪心,普通,藤原氏,已登场,游佐续光,家老,直臣,畠山家,七尾城,无,已登场,游佐续光,部将,直臣,畠山家,七尾城,无,已登场,游佐续光,部将,直臣,畠山家,七尾城,无,已登场,游佐续光,家老,直臣,长家,七尾城,无,已登场,游佐续光,部将,直臣,长家,七尾城,无,已死亡,游佐续光,无效,无效,无,无效,无,已死亡,游佐续光,无效,无效,无,无效,无,已死亡,游佐续光,无效,无效,无,无效,无,已登场,游佐续光,浪人,其他,无,奈良之町,无,无要求,,
403,485,白石宗实,白石,需新建,lord_1_shiroishishuu,Shiraishi Munetoshi,,,,,1553,1567,1599,病死,,,,,,只限武将,60,60,普通,勇敢,普通,普通,普通,37,艺术品,普通,普通,藤原氏,刀剑,66,68,44,55,55,1,2,2,0,1,2,2,1,0,0,0,0,1,0,0,0,无,强袭，拔突，铁壁,无,无要求,,,未登场,白石宗实,足轻组头,直臣,伊达家,米泽城,无,未登场,白石宗实,足轻组头,直臣,伊达家,米泽城,无,未登场,白石宗实,足轻组头,直臣,伊达家,米泽城,无,已登场,白石宗实,足轻组头,直臣,伊达家,米泽城,无,已登场,白石宗实,足轻组头,直臣,伊达家,米泽城,无,已登场,白石宗实,足轻组头,直臣,伊达家,米泽城,无,已登场,白石宗实,部将,直臣,伊达家,米泽城,无,已登场,白石宗实,城主,直臣,伊达家,白石城,无,已登场,白石宗实,大名,首领,白石家,白地城,无,
404,486,神西元通,神西,需新建,lord_1_kamikoumototoori,Jinzai Motomichi,,,,,1516,1554,1578,战死,,,,,,全职种,15,15,普通,普通,理想,轻率,普通,55,书籍,普通,普通,其他,刀剑,57,43,50,34,37,1,1,0,0,0,1,0,1,0,0,1,0,0,0,0,1,无,强袭,无,无要求,,,已登场,神西元通,足轻大将,直臣,尼子家,月山富田城,无,已登场,神西元通,足轻大将,直臣,尼子家,月山富田城,无,已登场,神西元通,侍大将,直臣,尼子家,月山富田城,无,已登场,神西元通,足轻大将,直臣,毛利家,吉田郡山城,无,已登场,神西元通,足轻大将,直臣,毛利家,吉田郡山城,无,已死亡,神西元通,无效,无效,无,无效,无,已死亡,神西元通,无效,无效,无,无效,无,已死亡,神西元通,无效,无效,无,无效,无,已登场,神西元通,足轻大将,直臣,西园寺家,山形城,无,
405,488,神保氏张,神保,姓氏推断,lord_1_jinbo_shi,Jinbo Kagesuke,clan_jinbo_1,hokuriku,家族和文化自动推断,,1528,1554,1592,病死,,,,,,全职种,90,90,普通,胆小,现实,轻率,不重情义,43,艺术品,普通,滴酒不沾,其他,刀剑,34,32,51,55,42,0,1,0,0,1,0,1,0,0,0,0,1,0,2,0,0,无,强袭,无,无要求,,,已登场,神保氏张,部将,直臣,神保家,富山城,无,已登场,神保氏张,部将,直臣,神保家,富山城,无,已登场,神保氏张,部将,直臣,神保家,富山城,无,已登场,神保氏张,部将,直臣,神保家,富山城,无,已登场,神保氏张,部将,直臣,神保家,富山城,无,已登场,神保氏张,部将,陪臣（佐佐成政）,织田家,富山城,无,已登场,神保氏张,部将,直臣,佐佐家,富山城,无,已死亡,神保氏张,无效,无效,无,无效,无,已登场,神保氏张,浪人,其他,无,丸龟之町,无,
406,489,神保长住,神保,精确匹配,lord_1_jinbo_2,Jinbo Nagazumi,clan_jinbo_1,hokuriku,精确匹配织丰,,1542,1556,1585,病死,神保长职,408,,,神保长城 神保长职,全职种,90,90,普通,胆小,现实,轻率,不重情义,38,书籍,贪心,普通,其他,刀剑,30,35,44,39,55,0,0,0,0,1,0,0,0,0,0,0,0,0,1,0,0,无,强袭,无,无要求,,,未登场,神保长住,家老,直臣,神保家,富山城,无,未登场,神保长住,部将,陪臣（神保长职）,神保家,富山城,无,已登场,神保长住,家老,直臣,神保家,富山城,无,已登场,神保长住,家老,直臣,神保家,富山城,无,已登场,神保长住,浪人,其他,无,富山之町,无,已登场,神保长住,浪人,其他,无,富山之町,无,已登场,神保长住,浪人,其他,无,富山之町,无,已死亡,神保长住,无效,无效,无,无效,无,已登场,神保长住,浪人,其他,无,长滨之町,无,
407,490,神保长城,神保,精确匹配,lord_1_jinbo_4,Jinbo Nagakuni,clan_jinbo_1,hokuriku,精确匹配织丰,,1553,1567,1576,病死,神保长职,408,,,神保长住 神保长职,全职种,90,90,普通,胆小,普通,轻率,普通,19,艺术品,贪心,普通,其他,刀剑,24,29,37,35,34,0,0,0,0,0,0,0,0,0,1,0,0,0,0,0,1,无,强袭,无,无要求,,,未登场,神保长城,部将,直臣,神保家,富山城,无,未登场,神保长城,部将,陪臣（神保长职）,神保家,富山城,无,未登场,神保长城,部将,直臣,神保家,富山城,无,已登场,神保长城,部将,直臣,神保家,富山城,无,已登场,神保长城,大名,首领,神保家,富山城,无,已死亡,神保长城,无效,无效,无,无效,无,已死亡,神保长城,无效,无效,无,无效,无,已死亡,神保长城,无效,无效,无,无效,无,已登场,神保长城,浪人,其他,无,长滨之町,无,主角宫本武藏，剧情流程
408,491,神保长职,神保,精确匹配,lord_1_jinbo,Jinbo Nagamoto,clan_jinbo_1,hokuriku,精确匹配织丰,,1518,1554,1572,病死,,,,,神保长住 神保长城,全职种,90,90,普通,勇敢,理想,轻率,不重情义,59,武具,贪心,普通,其他,刀剑,41,39,47,49,50,1,0,0,0,0,0,0,1,0,0,0,0,1,0,1,0,无,强袭,无,无要求,,,已登场,神保长职,大名,首领,神保家,富山城,无,已登场,神保长职,大名,首领,神保家,富山城,无,已登场,神保长职,大名,首领,神保家,富山城,无,已登场,神保长职,大名,首领,神保家,富山城,无,已死亡,神保长职,无效,无效,无,无效,无,已死亡,神保长职,无效,无效,无,无效,无,已死亡,神保长职,无效,无效,无,无效,无,已死亡,神保长职,无效,无效,无,无效,无,已登场,神保长职,浪人,其他,无,长滨之町,无,主角宫本武藏，剧情流程
409,494,陶晴贤,陶,需新建,lord_1_tousei,Sue Harukata,,,,,1521,1554,1555,战死,,,,,,只限武将,50,80,性急,胆小,理想,轻率,普通,79,艺术品,贪心,滴酒不沾,其他,刀剑,80,62,68,66,52,1,3,1,2,2,1,2,1,2,2,1,1,0,2,0,1,无,强袭，刚弓,无,一般条件,,主角毛利元就，严岛之战胜利,已登场,陶隆房,家老,直臣,大内家,山口城,无,已登场,陶晴贤,家老,直臣,大内家,山口城,无,已死亡,陶晴贤,无效,无效,无,无效,无,已死亡,陶晴贤,无效,无效,无,无效,无,已死亡,陶晴贤,无效,无效,无,无效,无,已死亡,陶晴贤,无效,无效,无,无效,无,已死亡,陶晴贤,无效,无效,无,无效,无,已死亡,陶晴贤,无效,无效,无,无效,无,已登场,陶晴贤,浪人,其他,无,安土之町,无,
774,931,武将,吉田重俊,吉田重俊,精确匹配,吉田重俊,100,lord_1_yoshida,clan_yoshida_1,nankai,Yoshida Shigetoshi,Yoshida Shigetoshi,1498,1554,1570,刀剑,52,54,45,72,61,2,1,1,1,0,0,2,0,0,0,0,1,2,2,0,0,无,强袭,无,(吉田则弘),1336,,,江村亲家 吉田孝赖,全职种,80,80,普通,普通,普通,慎重,普通,51,书籍,普通,嗜酒如命,其他,已登场,吉田重俊,部将,直臣,长宗我部家,冈丰城,无,已登场,吉田重俊,部将,直臣,长宗我部家,冈丰城,无,已登场,吉田重俊,部将,直臣,长宗我部家,冈丰城,无,已登场,吉田重俊,部将,直臣,长宗我部家,冈丰城,无,已死亡,吉田重俊,无效,无效,无,无效,无,已死亡,吉田重俊,无效,无效,无,无效,无,已死亡,吉田重俊,无效,无效,无,无效,无,已死亡,吉田重俊,无效,无效,无,无效,无,已登场,吉田重俊,浪人,其他,无,厩桥之町,无,无要求,,
775,932,武将,吉田孝赖,吉田孝賴,精确匹配,吉田孝赖,100,dead_lord_1_yoshida_7,clan_yoshida_1,nankai,Yoshida Takayori,Yoshida Takayori,1494,1554,1570,刀剑,53,61,62,71,70,1,2,1,1,0,0,2,0,0,1,1,1,2,2,1,0,无,强袭,无,(吉田则弘),1336,,,江村亲家 吉田重俊,全职种,80,80,普通,普通,现实,慎重,普通,44,南蛮物,普通,普通,其他,已登场,吉田孝赖,家老,直臣,长宗我部家,冈丰城,无,已登场,吉田孝赖,家老,直臣,长宗我部家,冈丰城,无,已登场,吉田孝赖,家老,直臣,长宗我部家,冈丰城,无,已登场,吉田孝赖,家老,直臣,长宗我部家,冈丰城,无,已死亡,吉田孝赖,无效,无效,无,无效,无,已死亡,吉田孝赖,无效,无效,无,无效,无,已死亡,吉田孝赖,无效,无效,无,无效,无,已死亡,吉田孝赖,无效,无效,无,无效,无,已登场,吉田孝赖,浪人,其他,无,直江津之町,无,无要求,,
776,933,武将,吉田政重,吉田政重,姓氏推断,,75,yoshida_masashige,clan_yoshida_1,nankai,Yoshida Masashige,,1568,1582,1628,刀剑,60,71,23,41,67,2,2,2,1,1,1,2,0,0,0,0,0,0,0,0,4,无,强袭，伤药，止血,无,,,,,,全职种,80,80,普通,勇敢,普通,轻率,普通,56,武具,普通,嗜酒如命,其他,未登场,吉田政重,足轻组头,直臣,长宗我部家,冈丰城,无,未登场,吉田政重,足轻组头,直臣,长宗我部家,冈丰城,无,未登场,吉田政重,足轻组头,直臣,长宗我部家,冈丰城,无,未登场,吉田政重,足轻组头,直臣,长宗我部家,冈丰城,无,未登场,吉田政重,足轻组头,直臣,长宗我部家,冈丰城,无,已登场,吉田政重,足轻组头,直臣,长宗我部家,冈丰城,无,已登场,吉田政重,足轻组头,直臣,长宗我部家,冈丰城,无,已登场,吉田政重,侍大将,直臣,长宗我部家,冈丰城,无,已登场,吉田政重,浪人,其他,无,足利之町,无,无要求,,
777,934,武将,吉田康俊,吉田康俊,姓氏推断,,75,yoshida_yasutoshi,clan_yoshida_1,nankai,Yoshida Yasutoshi,,1565,1579,1634,刀剑,61,51,31,48,53,3,2,2,1,0,0,2,0,0,0,0,1,0,0,0,0,无,强袭,无,,,,,,只限武将,80,80,普通,普通,普通,轻率,重视情义,38,武具,无欲,普通,其他,未登场,吉田康俊,足轻组头,直臣,长宗我部家,冈丰城,无,未登场,吉田康俊,足轻组头,直臣,长宗我部家,冈丰城,无,未登场,吉田康俊,足轻组头,直臣,长宗我部家,冈丰城,无,未登场,吉田康俊,足轻组头,直臣,长宗我部家,冈丰城,无,未登场,吉田康俊,足轻组头,直臣,长宗我部家,冈丰城,无,已登场,吉田康俊,足轻组头,直臣,长宗我部家,冈丰城,无,已登场,吉田康俊,足轻组头,直臣,长宗我部家,冈丰城,无,已登场,吉田康俊,部将,直臣,长宗我部家,冈丰城,无,已登场,吉田康俊,浪人,其他,无,滨松之町,无,无要求,,
778,935,武将,吉弘鉴理,吉弘鑒理,精确匹配,吉弘鉴理,100,lord_1_yoshihiro,clan_yoshihiro_1,saikai,Yoshihiro Akitada,Yoshihiro Akitada,1520,1554,1571,刀剑,66,61,47,48,44,3,3,1,0,1,1,3,0,0,1,1,0,0,0,1,0,无,强袭,无,,,,,高桥绍运 立花直次 立花宗茂 吉弘镇信,只限武将,80,80,普通,普通,普通,普通,重视情义,48,南蛮物,普通,普通,藤原氏,已登场,吉弘鉴理,部将,直臣,大友家,府内城,无,已登场,吉弘鉴理,部将,直臣,大友家,府内城,无,已登场,吉弘鉴理,部将,直臣,大友家,府内城,无,已登场,吉弘鉴理,部将,直臣,大友家,府内城,无,已死亡,吉弘鉴理,无效,无效,无,无效,无,已死亡,吉弘鉴理,无效,无效,无,无效,无,已死亡,吉弘鉴理,无效,无效,无,无效,无,已死亡,吉弘鉴理,无效,无效,无,无效,无,已登场,吉弘鉴理,浪人,其他,无,松仓之町,无,无要求,,
779,937,武将,吉见正赖,吉見正賴,精确匹配,吉见正赖,100,lord_1_yoshimi,clan_yoshimi_1,sanyo,Yoshimi Masayori,Yoshimi Masayori,1513,1554,1588,刀剑,51,44,67,49,59,1,2,1,0,0,0,1,0,1,0,1,2,1,0,0,0,无,强袭,无,,,,,,只限武将,39,39,普通,普通,普通,轻率,普通,40,书籍,普通,普通,源氏,已登场,吉见正赖,城主,直臣,大内家,益田城,无,已登场,吉见正赖,城主,直臣,大内家,益田城,无,已登场,吉见正赖,侍大将,直臣,毛利家,吉田郡山城,无,已登场,吉见正赖,侍大将,直臣,毛利家,吉田郡山城,无,已登场,吉见正赖,侍大将,直臣,毛利家,吉田郡山城,无,已登场,吉见正赖,侍大将,直臣,毛利家,吉田郡山城,无,已登场,吉见正赖,侍大将,直臣,毛利家,吉田郡山城,无,已死亡,吉见正赖,无效,无效,无,无效,无,已登场,吉见正赖,浪人,其他,无,松江之町,无,无要求,,
410,496,菅沼定盈,菅沼,需新建,lord_1_sugenumateiei,Suganuma Sadatada,,,,,1543,1557,1604,病死,,,,,,只限武将,94,94,普通,普通,普通,轻率,普通,42,艺术品,普通,普通,源氏,刀剑,55,56,46,53,64,1,1,1,0,0,1,1,0,1,1,1,0,0,0,0,1,无,强袭,无,无要求,,,未登场,菅沼定盈,侍大将,直臣,松平家,冈崎城,无,未登场,菅沼定盈,部将,陪臣（松平元康）,今川家,骏府城,无,已登场,菅沼定盈,足轻组头,直臣,今川家,骏府城,无,已登场,菅沼定盈,家老,直臣,德川家,冈崎城,无,已登场,菅沼定盈,家老,直臣,德川家,滨松城,无,已登场,菅沼定盈,部将,陪臣（奥平信昌）,德川家,长篠城,无,已登场,菅沼定盈,部将,陪臣（奥平信昌）,德川家,长篠城,无,已登场,菅沼定盈,城主,直臣,德川家,长岛城,无,已登场,菅沼定盈,浪人,其他,无,尾道之町,无,
411,499,杉谷善住坊,杉谷善,需新建,lord_1_sugitanizenjubou,Sugaya Zenjūbou,,,,,1534,1554,1573,战死,,,,,,武将以外优先,60,60,普通,胆小,普通,轻率,不重情义,58,南蛮物,贪心,普通,其他,火绳枪,9,69,18,26,47,0,0,4,0,0,0,1,3,0,0,1,1,0,0,0,0,狙击，鬼脚之术，奈落之术，红莲之术,二连苦无，半月，急所击，二挺击，石火，乱射,火枪名人,一般条件,,,已登场,杉谷善住坊,下忍,直臣,甲贺众,甲贺之里,无,已登场,杉谷善住坊,下忍,直臣,甲贺众,甲贺之里,无,已登场,杉谷善住坊,下忍,直臣,甲贺众,甲贺之里,无,已登场,杉谷善住坊,下忍,直臣,甲贺众,甲贺之里,无,已死亡,杉谷善住坊,无效,无效,无,无效,无,已死亡,杉谷善住坊,无效,无效,无,无效,无,已死亡,杉谷善住坊,无效,无效,无,无效,无,已死亡,杉谷善住坊,无效,无效,无,无效,无,已登场,杉谷善住坊,浪人,其他,无,厩桥之町,无,
412,500,杉之坊照算,杉之坊,需新建,lord_1_sugiyukiboushousan,Suginobou Terusai,,,,,1534,1554,1609,病死,津田算长,851,,,津田算长,武将以外优先,40,40,普通,勇敢,普通,慎重,重视情义,60,南蛮物,无欲,普通,其他,火绳枪,78,79,41,69,59,2,0,4,2,2,3,2,3,0,0,0,2,1,1,0,1,鬼谋，奈落之术，雷爆之术,强袭，连续斩，拔突，二连苦无，半月，急所击，二挺击，刚弓，石火，乱射，刚力，铁壁，心眼,火枪高手,一般条件,,,已登场,杉之坊照算,上忍,直臣,根来众,根来之里,津田流,已登场,杉之坊照算,上忍,直臣,根来众,根来之里,津田流,已登场,杉之坊照算,上忍,直臣,根来众,根来之里,津田流,已登场,杉之坊照算,头目,首领,根来众,根来之里,津田流,已登场,杉之坊照算,头目,首领,根来众,根来之里,津田流,已登场,杉之坊照算,头目,首领,根来众,根来之里,津田流,已登场,杉之坊照算,头目,首领,根来众,根来之里,津田流,已登场,杉之坊照算,头目,首领,根来众,根来之里,津田流,已登场,杉之坊照算,浪人,其他,无,清洲之町,津田流,
413,501,铃木佐太夫,铃木佐,需新建,lord_1_sataotto,Suzuki Satao,,,,,1521,1554,1585,战死,,,,,杂贺孙一 铃木重朝,只限武将,50,50,普通,勇敢,普通,普通,重视情义,66,艺术品,贪心,普通,其他,火绳枪,77,80,49,75,71,3,1,4,0,1,2,1,2,0,1,0,0,1,0,1,1,枪炮乱射，狙击，钓瓶击，百发百中,强袭，拔突，二连苦无，急所击，二挺击，石火，乱射，铁壁，心眼,火枪名人,一般条件,,,已登场,铃木佐太夫,城主,直臣,本愿寺,杂贺城,无,已登场,铃木佐太夫,城主,直臣,本愿寺,杂贺城,无,已登场,铃木佐太夫,城主,直臣,本愿寺,杂贺城,无,已登场,铃木佐太夫,城主,直臣,本愿寺,杂贺城,无,已登场,铃木佐太夫,城主,直臣,本愿寺,杂贺城,无,已登场,铃木佐太夫,大名,首领,铃木家,杂贺城,无,已登场,铃木佐太夫,大名,首领,铃木家,杂贺城,无,已死亡,铃木佐太夫,无效,无效,无,无效,无,已登场,铃木佐太夫,浪人,其他,无,诹访之町,无,
414,502,铃木重朝,铃木,需新建,lord_1_shigetomo,Suzukii Shigetchika,,,,,1561,1575,1606,病死,铃木佐太夫,413,,,杂贺孙一 铃木佐太夫,只限武将,38,38,普通,普通,普通,轻率,重视情义,67,南蛮物,普通,普通,其他,火绳枪,76,72,32,77,74,2,0,4,0,2,1,0,2,1,1,0,1,0,1,1,1,枪炮乱射，狙击，钓瓶击，百发百中,二连苦无，急所击，二挺击，刚弓，石火，乱射，心眼,火枪名人,无要求,,,未登场,铃木重朝,足轻组头,陪臣（铃木佐太夫）,本愿寺,杂贺城,无,未登场,铃木重朝,足轻组头,陪臣（铃木佐太夫）,本愿寺,杂贺城,无,未登场,铃木重朝,足轻组头,陪臣（铃木佐太夫）,本愿寺,杂贺城,无,未登场,铃木重朝,足轻组头,陪臣（铃木佐太夫）,本愿寺,杂贺城,无,已登场,铃木重朝,足轻大将,陪臣（铃木佐太夫）,本愿寺,杂贺城,无,已登场,铃木重朝,侍大将,直臣,铃木家,杂贺城,无,已登场,铃木重朝,侍大将,直臣,铃木家,杂贺城,无,已登场,铃木重朝,侍大将,直臣,丰臣家,大坂城,无,已登场,铃木重朝,浪人,其他,无,姬路之町,无,
785,942,武将,龙造寺隆信,龍造寺隆信,精确匹配,龙造寺隆信,100,lord_1_ryuzoji,clan_ryuzoji_1,saikai,Ryuzoji Takanobu,Ryuzoji Takanobu,1529,1554,1584,刀剑,82,81,59,46,72,3,4,2,1,2,3,2,0,2,0,1,1,1,1,1,1,无,强袭，连续斩，拔突，刚弓，刚力，铁壁,无,(龙造寺周家),1337,,,龙造寺长信 龙造寺信周 龙造寺政家 江上家种,只限武将,60,60,普通,勇敢,理想,轻率,不重情义,81,南蛮物,贪心,普通,藤原氏,已登场,龙造寺隆信,大名,首领,龙造寺家,佐嘉城,无,已登场,龙造寺隆信,大名,首领,龙造寺家,佐嘉城,无,已登场,龙造寺隆信,大名,首领,龙造寺家,佐嘉城,无,已登场,龙造寺隆信,大名,首领,龙造寺家,佐嘉城,无,已登场,龙造寺隆信,大名,首领,龙造寺家,佐嘉城,无,已登场,龙造寺隆信,大名,首领,龙造寺家,佐嘉城,无,已登场,龙造寺隆信,大名,首领,龙造寺家,佐嘉城,无,已死亡,龙造寺隆信,无效,无效,无,无效,无,已登场,龙造寺隆信,下忍,直臣,钵屋众,钵屋之里,无,一般条件,龙造寺四天王 圆城寺信胤/江里口信常/百武贤兼/成松信胜,
786,943,武将,龙造寺长信,龍造寺長信,精确匹配,龙造寺长信,100,lord_1_ryuzoji_11,clan_ryuzoji_1,saikai,Ryuzoji Naganobu,Ryuzoji Naganobu,1544,1558,1603,刀剑,61,50,60,53,49,2,1,1,0,1,1,1,0,0,1,1,0,0,0,0,0,无,强袭,无,(龙造寺周家),1337,,,龙造寺隆信 龙造寺信周,只限武将,60,60,普通,勇敢,普通,轻率,重视情义,31,艺术品,无欲,普通,藤原氏,未登场,龙造寺长信,部将,直臣,龙造寺家,佐嘉城,无,未登场,龙造寺长信,部将,直臣,龙造寺家,佐嘉城,无,已登场,龙造寺长信,部将,直臣,龙造寺家,佐嘉城,无,已登场,龙造寺长信,部将,直臣,龙造寺家,佐嘉城,无,已登场,龙造寺长信,部将,直臣,龙造寺家,佐嘉城,无,已登场,龙造寺长信,部将,直臣,龙造寺家,佐嘉城,无,已登场,龙造寺长信,部将,直臣,龙造寺家,佐嘉城,无,已登场,龙造寺长信,家老,直臣,锅岛家,佐贺城,无,已登场,龙造寺长信,上忍,直臣,甲贺众,甲贺之里,无,无要求,,
787,944,武将,龙造寺信周,龍造寺信周,精确匹配,龙造寺信周,100,lord_1_ryuzoji_8,clan_ryuzoji_1,saikai,Ryuzoji Nobukane,Ryuzoji Nobukane,1532,1554,1608,刀剑,62,55,61,56,50,1,2,2,0,1,1,3,0,1,0,0,1,1,2,0,0,无,强袭,无,(龙造寺周家),1337,,,龙造寺隆信 龙造寺长信,只限武将,60,60,普通,普通,普通,轻率,普通,67,书籍,普通,普通,藤原氏,已登场,龙造寺信周,部将,直臣,龙造寺家,佐嘉城,无,已登场,龙造寺信周,部将,直臣,龙造寺家,佐嘉城,无,已登场,龙造寺信周,部将,直臣,龙造寺家,佐嘉城,无,已登场,龙造寺信周,部将,直臣,龙造寺家,佐嘉城,无,已登场,龙造寺信周,部将,直臣,龙造寺家,佐嘉城,无,已登场,龙造寺信周,部将,直臣,龙造寺家,佐嘉城,无,已登场,龙造寺信周,部将,直臣,龙造寺家,佐嘉城,无,已登场,龙造寺信周,家老,直臣,锅岛家,佐贺城,无,已登场,龙造寺信周,上忍,直臣,甲贺众,甲贺之里,无,无要求,,
788,945,武将,龙造寺政家,龍造寺政家,精确匹配,龙造寺政家,100,lord_1_ryuzoji_3,clan_ryuzoji_1,saikai,Ryuzoji Masaie,Ryuzoji Masaie,1566,1580,1607,刀剑,61,45,38,58,35,2,1,1,0,0,0,2,0,0,1,1,0,0,1,0,0,无,强袭,无,龙造寺隆信,785,,,龙造寺隆信 江上家种,只限武将,60,60,温和,胆小,普通,轻率,重视情义,28,南蛮物,普通,普通,藤原氏,未登场,龙造寺政家,家老,直臣,龙造寺家,佐嘉城,无,未登场,龙造寺政家,部将,陪臣（龙造寺隆信）,龙造寺家,佐嘉城,无,未登场,龙造寺政家,家老,直臣,龙造寺家,佐嘉城,无,未登场,龙造寺政家,家老,直臣,龙造寺家,佐嘉城,无,未登场,龙造寺政家,家老,直臣,龙造寺家,佐嘉城,无,已登场,龙造寺政家,家老,直臣,龙造寺家,佐嘉城,无,已登场,龙造寺政家,家老,直臣,龙造寺家,佐嘉城,无,已死亡,龙造寺政家,无效,无效,无,无效,无,已登场,龙造寺政家,头目,首领,甲贺众,甲贺之里,无,一般条件,,
789,947,武将,留守政景,留守政景,精确匹配,留守政景,100,lord_1_rusu,clan_rusu_1,ou,Rusu Masakage,Rusu Masakage,1549,1563,1607,刀剑,64,49,60,57,57,2,3,1,0,1,1,2,0,0,0,0,0,0,1,1,0,无,强袭,无,伊达晴宗,465,伊达稙宗,463,石川昭光 伊达实元 伊达成实 伊达稙宗 伊达辉宗 伊达晴宗 伊达政宗 亘理元宗 伊达小次郎,只限武将,60,60,普通,勇敢,理想,普通,重视情义,40,武具,普通,嗜酒如命,源氏,未登场,留守政景,部将,直臣,伊达家,米泽城,无,未登场,留守政景,部将,陪臣（伊达晴宗）,伊达家,米泽城,无,已登场,留守政景,部将,直臣,伊达家,米泽城,无,已登场,留守政景,部将,直臣,伊达家,米泽城,无,已登场,留守政景,部将,直臣,伊达家,米泽城,无,已登场,留守政景,部将,直臣,伊达家,米泽城,无,已登场,留守政景,家老,直臣,伊达家,米泽城,无,已登场,留守政景,家老,直臣,伊达家,仙台城,无,已登场,留守政景,浪人,其他,无,小仓之町,无,无要求,,
790,951,武将,六角承祯,六角承禎,姓氏推断,,50,rokkaku_shou,clan_rokkaku_1,kinai,Rokkaku Yoshikata,,1521,1554,1598,弓,62,64,40,38,52,0,4,0,0,4,3,0,1,0,0,0,0,2,0,1,0,弓箭乱射，加护,强袭，连续斩，拔突，刚弓，神弓，天弓，刚力，铁壁，心眼,弓术名人,六角定赖,817,,,六角义治 六角定赖,只限武将,34,34,普通,胆小,理想,慎重,不重情义,67,南蛮物,普通,普通,源氏,已登场,六角义贤,家老,直臣,六角家,观音寺城,无,已登场,六角义贤,大名,首领,六角家,观音寺城,无,已登场,六角承祯,大名,首领,六角家,观音寺城,无,已登场,六角承祯,浪人,其他,无,目加田之町,无,已登场,六角承祯,浪人,其他,无,奈良之町,无,已登场,六角承祯,浪人,其他,无,奈良之町,无,已登场,六角承祯,浪人,其他,无,奈良之町,无,已死亡,六角承祯,无效,无效,无,无效,无,已登场,六角承祯,家老,直臣,六角家,大坂城,无,一般条件,,
791,952,武将,六角义治,六角義治,精确匹配,六角义治,100,lord_1_rokkaku_2,clan_rokkaku_1,kinai,Rokkaku Yoshiharu,Rokkaku Yoshiharu,1545,1560,1612,弓,46,75,27,18,51,0,0,0,0,4,3,0,1,0,0,0,0,0,2,2,0,无,强袭，连续斩，拔突，刚弓，神弓，天弓，刚力，铁壁，心眼,弓术名人,六角承祯,790,六角定赖,817,六角承祯 六角定赖,只限武将,34,34,普通,胆小,理想,慎重,不重情义,65,艺术品,普通,普通,源氏,未登场,六角义治,侍大将,陪臣（六角义贤）,六角家,观音寺城,无,未登场,六角义治,部将,陪臣（六角义贤）,六角家,观音寺城,无,已登场,六角义治,家老,直臣,六角家,观音寺城,无,已登场,六角义治,侍大将,直臣,武田家,踯躅崎馆,无,已登场,六角义治,浪人,其他,无,奈良之町,无,已登场,六角义治,浪人,其他,无,奈良之町,无,已登场,六角义治,浪人,其他,无,尾道之町,无,已登场,六角义治,侍大将,直臣,丰臣家,大坂城,无,已登场,六角义治,大名,首领,六角家,大坂城,无,一般条件,,
415,503,薄田兼相,薄田,需新建,lord_1_usutakanesuke,Susukida Kaneai,,,,,1570,1584,1615,病死,,,,,,全职种,15,15,普通,勇敢,普通,轻率,重视情义,76,武具,贪心,嗜酒如命,其他,刀剑,17,82,5,3,30,1,1,0,0,3,3,0,3,0,0,0,0,0,0,0,1,破技之术，幻惑之术,强袭，连续斩，拔突，二连苦无，半月，刚弓，刚力，铁壁,无,一般条件,,,未登场,岩见重太郎,足轻组头,陪臣（小早川隆景）,毛利家,吉田郡山城,无,未登场,岩见重太郎,足轻组头,直臣,毛利家,吉田郡山城,无,未登场,岩见重太郎,足轻组头,陪臣（小早川隆景）,毛利家,吉田郡山城,无,未登场,岩见重太郎,足轻组头,陪臣（小早川隆景）,毛利家,三原城,无,未登场,岩见重太郎,足轻组头,陪臣（小早川隆景）,毛利家,三原城,无,已登场,岩见重太郎,足轻组头,陪臣（小早川隆景）,毛利家,三原城,无,已登场,岩见重太郎,足轻组头,陪臣（小早川隆景）,毛利家,三原城,无,已登场,岩见重太郎,足轻组头,直臣,小早川家,名岛城,无,已登场,岩见重太郎,浪人,其他,无,鹿儿岛之町,无,
416,504,铃木元信,铃木,需新建,lord_1_motonobu,Suzukii Motonobu,,,,,1555,1569,1615,病死,,,,,,只限武将,60,60,普通,勇敢,理想,慎重,普通,25,书籍,无欲,普通,其他,刀剑,29,18,90,80,58,0,0,0,0,1,0,2,0,3,3,3,3,3,3,1,1,无,强袭，丢钱,能吏,一般条件,,,未登场,铃木元信,足轻组头,直臣,伊达家,米泽城,无,未登场,铃木元信,足轻组头,直臣,伊达家,米泽城,无,未登场,铃木元信,足轻组头,直臣,伊达家,米泽城,无,未登场,铃木元信,足轻组头,直臣,伊达家,米泽城,无,已登场,铃木元信,足轻组头,直臣,伊达家,米泽城,无,已登场,铃木元信,足轻组头,直臣,伊达家,米泽城,无,已登场,铃木元信,足轻大将,直臣,伊达家,米泽城,无,已登场,铃木元信,部将,直臣,伊达家,仙台城,无,已登场,铃木元信,浪人,其他,无,佐仓之町,无,
417,505,须田满亲,须田,需新建,lord_1_unknown_hero,Suda Mitsuchika,,,,,1526,1569,1585,病死,,,,,,全职种,15,15,温和,普通,普通,轻率,普通,36,武具,普通,普通,源氏,刀剑,45,46,64,71,66,1,1,0,0,0,1,0,0,0,0,0,1,1,3,1,0,无,强袭,无,无要求,,,已登场,须田满亲,部将,直臣,村上家,海津城,无,未登场,须田满亲,浪人,其他,无,小诸之町,无,未登场,须田满亲,浪人,其他,无,小诸之町,无,未登场,须田满亲,浪人,其他,无,小诸之町,无,已登场,须田满亲,浪人,其他,无,小诸之町,无,已登场,须田满亲,足轻大将,直臣,上杉家,春日山城,无,已登场,须田满亲,足轻大将,直臣,上杉家,春日山城,无,已死亡,须田满亲,无效,无效,无,无效,无,已登场,须田满亲,浪人,其他,无,土崎凑之町,无,
418,594,津田宗及,津田,需新建,lord_1_tsudasoukyuu,Tsuda Soukyū,,,,,1546,1560,1591,病死,津田宗达,849,,,津田宗达 津田宗凡,武将以外优先,5,5,温和,普通,现实,慎重,重视情义,23,艺术品,贪心,普通,其他,枪,16,15,64,66,72,0,0,0,1,0,0,0,0,2,0,0,3,0,2,4,2,无,拔突，丢钱,茶宗,一般条件,,,未登场,津田宗及,掌柜,直臣,天王寺屋,堺之町,无,已登场,津田宗及,掌柜,直臣,天王寺屋,堺之町,无,已登场,津田宗及,掌柜,直臣,天王寺屋,堺之町,无,已登场,津田宗及,当家,首领,天王寺屋,堺之町,无,已登场,津田宗及,当家,首领,天王寺屋,堺之町,无,已登场,津田宗及,当家,首领,天王寺屋,堺之町,无,已登场,津田宗及,当家,首领,天王寺屋,堺之町,无,已死亡,津田宗及,无效,无效,无,无效,无,已登场,津田宗及,船头,直臣,盐饱水军,盐饱之砦,无,
419,506,角仓素庵,角仓,需新建,lord_1_kakuiori,Sumikura Soan,,,,,1571,1585,1632,病死,角仓了以,420,,,角仓了以,武将以外优先,23,23,温和,胆小,普通,慎重,普通,14,艺术品,无欲,普通,其他,枪,27,17,63,58,66,0,0,0,1,0,0,0,0,3,1,1,3,4,2,3,1,无,拔突，丢钱,无,无要求,,,未登场,角仓素庵,浪人,其他,无,京之町,无,未登场,角仓素庵,浪人,其他,无,京之町,无,未登场,角仓素庵,浪人,其他,无,京之町,无,未登场,角仓素庵,浪人,其他,无,京之町,无,未登场,角仓素庵,浪人,其他,无,京之町,无,未登场,角仓素庵,见习,陪臣（角仓了以）,角仓屋,京之町,无,未登场,角仓素庵,见习,陪臣（角仓了以）,角仓屋,京之町,无,已登场,角仓素庵,掌柜,直臣,角仓屋,京之町,无,已登场,角仓素庵,浪人,其他,无,松仓之町,无,
420,507,角仓了以,角仓,需新建,lord_1_kakui,Sumikura Ryoui,,,,,1554,1568,1614,病死,,,,,角仓素庵,武将以外优先,99,99,普通,勇敢,普通,轻率,普通,55,南蛮物,贪心,普通,其他,枪,40,28,76,67,58,0,0,0,1,0,0,0,1,4,3,1,4,2,3,1,4,无,拔突，伤药，止血，丢钱，贿赂,风雅之士,一般条件,,,未登场,角仓了以,浪人,其他,无,京之町,无,未登场,角仓了以,浪人,其他,无,京之町,无,未登场,角仓了以,浪人,其他,无,京之町,无,未登场,角仓了以,浪人,其他,无,京之町,无,已登场,角仓了以,当家,首领,角仓屋,京之町,无,已登场,角仓了以,当家,首领,角仓屋,京之町,无,已登场,角仓了以,当家,首领,角仓屋,京之町,无,已登场,角仓了以,当家,首领,角仓屋,京之町,无,已登场,角仓了以,浪人,其他,无,松江之町,无,
421,508,关一政,关,需新建,lord_1_matsurigoto,Seki Kazumasa,,,,,1558,1572,1625,病死,关盛信,424,,,关盛信,全职种,75,75,普通,普通,现实,普通,不重情义,55,书籍,普通,普通,平氏,刀剑,51,42,46,63,34,1,1,1,0,1,1,2,1,0,0,0,1,0,0,0,0,无,强袭,无,无要求,,,未登场,关一政,足轻组头,陪臣（关盛信）,北畠家,大河内城,无,未登场,关一政,足轻组头,陪臣（关盛信）,北畠家,大河内城,无,未登场,关一政,足轻组头,陪臣（关盛信）,北畠家,大河内城,无,未登场,关一政,足轻组头,陪臣（关盛信）,北畠家,大河内城,无,已登场,关一政,足轻组头,陪臣（织田信雄）,织田家,大河内城,无,已登场,关一政,足轻大将,陪臣（织田信雄）,织田家,安浓津城,无,已登场,关一政,足轻大将,陪臣（关盛信）,羽柴家,石山本愿寺,无,已登场,关一政,城主,直臣,丰臣家,饭山城,无,已登场,关一政,足轻大将,直臣,一宫家,春日山城,无,
799,960,武将,亘理元宗,亙理元宗,精确匹配,亘理元宗,100,lord_1_watari,clan_watari_1,ou,Watari Motomune,Watari Motomune,1530,1554,1594,刀剑,60,41,36,60,42,2,2,2,0,1,1,3,0,0,0,0,0,2,2,0,0,无,强袭,无,伊达稙宗,463,,,石川昭光 伊达实元 伊达成实 伊达稙宗 伊达辉宗 伊达晴宗 留守政景,只限武将,62,62,普通,勇敢,普通,普通,普通,40,艺术品,普通,普通,平氏,已登场,亘理元宗,部将,直臣,伊达家,米泽城,无,已登场,亘理元宗,部将,直臣,伊达家,米泽城,无,已登场,亘理元宗,部将,直臣,伊达家,米泽城,无,已登场,亘理元宗,部将,直臣,伊达家,米泽城,无,已登场,亘理元宗,部将,直臣,伊达家,米泽城,无,已登场,亘理元宗,部将,直臣,伊达家,米泽城,无,已登场,亘理元宗,部将,直臣,伊达家,米泽城,无,已死亡,亘理元宗,无效,无效,无,无效,无,已登场,亘理元宗,浪人,其他,无,尾道之町,无,无要求,,
800,145,武将,上杉宪政,上杉憲政,姓氏推断,,50,uesugi,clan_uesugi_1,hokuriku,Uesugi Norimasa,,1515,1549,1579,刀剑,30,21,30,29,84,0,1,0,0,1,0,1,0,1,1,0,0,3,2,2,2,无,强袭，丢钱，辱骂,无,,,,,,没那个意思,18,18,温和,胆小,理想,普通,普通,86,艺术品,贪心,滴酒不沾,藤原氏,已登场,上杉宪政,大名,首领,上杉家,厩桥城,无,已登场,上杉宪政,浪人,其他,无,直江津之町,无,已登场,上杉宪政,浪人,其他,无,直江津之町,无,已登场,上杉宪政,浪人,其他,无,直江津之町,无,已登场,上杉宪政,浪人,其他,无,直江津之町,无,已死亡,上杉宪政,无效,无效,无,无效,无,已死亡,上杉宪政,无效,无效,无,无效,无,已死亡,上杉宪政,无效,无效,无,无效,无,已登场,上杉宪政,家老,直臣,上泉家,内城,无,一般条件,,
801,547,武将,武田信虎,武田信虎,精确匹配,武田信虎,100,dead_lord_1_takeda_2,clan_takeda_1,tosan,Takeda Nobutora,Takeda Nobutora,1494,1549,1574,枪,80,74,54,56,32,3,3,0,0,2,2,2,1,0,1,2,0,0,1,0,0,强行突破,强袭，拔突，刚弓，刚力，铁壁，辱骂,无,,,,,一条信龙 武田胜赖 武田逍遥轩 武田信玄 武田信繁 武田信丰 仁科盛信,没那个意思,21,21,性急,勇敢,理想,轻率,不重情义,81,武具,普通,普通,源氏,已登场,武田信虎,浪人,其他,无,骏府之町,无,已登场,武田信虎,浪人,其他,无,骏府之町,无,已登场,武田信虎,浪人,其他,无,骏府之町,无,已登场,武田信虎,浪人,其他,无,京之町,无,已死亡,武田信虎,无效,无效,无,无效,无,已死亡,武田信虎,无效,无效,无,无效,无,已死亡,武田信虎,无效,无效,无,无效,无,已死亡,武田信虎,无效,无效,无,无效,无,已登场,武田信虎,中忍,直臣,伊贺众,伊贺之里,无,一般条件,,
422,509,关口氏广,关口,需新建,lord_1_shigen,Sekiguchi Munihiro,,,,,1521,1554,1562,战死,,,,,,全职种,54,54,温和,胆小,普通,普通,重视情义,39,艺术品,普通,普通,源氏,刀剑,51,51,42,57,59,0,0,1,0,0,0,0,0,1,1,0,0,0,0,0,0,无,强袭,无,无要求,,,已登场,关口氏广,家老,直臣,今川家,骏府城,无,已登场,关口氏广,部将,直臣,今川家,骏府城,无,已登场,关口氏广,部将,直臣,今川家,骏府城,无,已死亡,关口氏广,无效,无效,无,无效,无,已死亡,关口氏广,无效,无效,无,无效,无,已死亡,关口氏广,无效,无效,无,无效,无,已死亡,关口氏广,无效,无效,无,无效,无,已死亡,关口氏广,无效,无效,无,无效,无,已登场,关口氏广,浪人,其他,无,尾道之町,无,主角陶晴贤，大宁寺之变
803,238,武将,织田信秀,織田信秀,精确匹配,织田信秀,100,dead_lord_1_oda_2,clan_oda_1,kinai,Oda Nobuhide,Oda Nobuhide,1510,1549,1551,枪,84,79,54,49,55,3,2,2,1,2,2,2,0,2,0,0,2,2,0,0,0,齐攻,强袭，拔突，刚弓，铁壁,无,(织田信定),1306,,,织田有乐 织田信胜 织田信雄 织田信包 织田信孝 织田信忠 织田信长 津田信澄 织田信光,没那个意思,0,3,性急,勇敢,理想,轻率,不重情义,87,武具,贪心,普通,平氏,已登场,织田信秀,大名,首领,织田家,那古野城,无,已死亡,织田信秀,无效,无效,无,无效,无,已死亡,织田信秀,无效,无效,无,无效,无,已死亡,织田信秀,无效,无效,无,无效,无,已死亡,织田信秀,无效,无效,无,无效,无,已死亡,织田信秀,无效,无效,无,无效,无,已死亡,织田信秀,无效,无效,无,无效,无,已死亡,织田信秀,无效,无效,无,无效,无,已登场,织田信秀,浪人,其他,无,小仓之町,无,一般条件,,
423,510,世鬼政时,世鬼,需新建,lord_1_yoonimatsurigoto,Seiki Masatoki,,,,,1512,1554,1583,病死,,,,,,武将以外优先,34,34,普通,普通,普通,慎重,不重情义,55,武具,无欲,滴酒不沾,其他,苦无,57,62,21,74,19,2,0,2,0,1,2,1,4,1,0,0,0,0,3,0,2,奈落之术，内讧之术，红莲之术，错乱之术,强袭，拔突，二连苦无，半月，猛毒苦无，十字投，乱苦无，叠返之术，铁壁,苦无名人,一般条件,,,已登场,世鬼政时,头目,首领,外闻众,外闻之里,无,已登场,世鬼政时,头目,首领,外闻众,外闻之里,无,已登场,世鬼政时,头目,首领,外闻众,外闻之里,无,已登场,世鬼政时,头目,首领,外闻众,外闻之里,无,已登场,世鬼政时,头目,首领,外闻众,外闻之里,无,已登场,世鬼政时,头目,首领,外闻众,外闻之里,无,已死亡,世鬼政时,无效,无效,无,无效,无,已死亡,世鬼政时,无效,无效,无,无效,无,已登场,世鬼政时,下忍,直臣,户隐众,户隐之里,无,
424,511,关盛信,关,需新建,lord_1_shin,Seki Morinobu,,,,,1524,1554,1593,病死,,,,,关一政,全职种,42,42,普通,胆小,普通,普通,普通,59,书籍,普通,普通,平氏,刀剑,39,36,52,61,57,0,0,0,0,1,1,0,0,0,1,0,1,0,1,0,1,无,强袭,无,无要求,,,已登场,关盛信,家老,直臣,北畠家,大河内城,无,已登场,关盛信,家老,直臣,北畠家,大河内城,无,已登场,关盛信,家老,直臣,北畠家,大河内城,无,已登场,关盛信,家老,直臣,北畠家,大河内城,无,已登场,关盛信,部将,陪臣（织田信雄）,织田家,大河内城,无,已登场,关盛信,部将,陪臣（织田信雄）,织田家,安浓津城,无,已登场,关盛信,部将,直臣,羽柴家,石山本愿寺,无,已死亡,关盛信,无效,无效,无,无效,无,已登场,关盛信,浪人,其他,无,轮岛之町,无,
806,335,武将,九鬼净隆,九鬼淨隆,姓氏推断,,75,kuki,clan_kuki_1,kinai,Kuki Yoshitaka,,1528,1549,1560,枪,64,69,23,39,74,2,0,1,3,2,2,2,3,2,0,0,1,0,0,0,0,水上拖延，水上禁行,强袭，拔突，二连苦无，半月，刚弓，铁壁，骤雨,无,(九鬼定隆),1310,,,九鬼广隆 九鬼守隆 九鬼嘉隆,全职种,0,0,普通,勇敢,理想,轻率,普通,75,南蛮物,普通,普通,藤原氏,已登场,九鬼净隆,头领,首领,熊野水军,鸟羽之砦,无,已登场,九鬼净隆,头领,首领,熊野水军,鸟羽之砦,无,已死亡,九鬼净隆,无效,无效,无,无效,无,已死亡,九鬼净隆,无效,无效,无,无效,无,已死亡,九鬼净隆,无效,无效,无,无效,无,已死亡,九鬼净隆,无效,无效,无,无效,无,已死亡,九鬼净隆,无效,无效,无,无效,无,已死亡,九鬼净隆,无效,无效,无,无效,无,已登场,九鬼净隆,下忍,直臣,户隐众,户隐之里,无,无要求,,
807,697,武将,畠山秋高,畠山秋高,精确匹配,畠山秋高,100,lord_1_hatakeyama,clan_hatakeyama_1,kinai,Hatakeyama Akitaka,Hatakeyama Akitaka,1537,1549,1573,刀剑,28,19,26,22,38,0,0,0,0,1,0,0,0,1,0,1,0,2,0,2,0,无,强袭,无,(畠山政国),1317,,,畠山高政,没那个意思,35,35,温和,胆小,现实,轻率,普通,31,艺术品,普通,滴酒不沾,源氏,已登场,畠山秋高,家老,直臣,畠山家,高屋城,无,已登场,畠山秋高,家老,直臣,畠山家,高屋城,无,已登场,畠山秋高,家老,直臣,畠山家,高屋城,无,已登场,畠山秋高,部将,陪臣（畠山高政）,织田家,高屋城,无,已死亡,畠山秋高,无效,无效,无,无效,无,已死亡,畠山秋高,无效,无效,无,无效,无,已死亡,畠山秋高,无效,无效,无,无效,无,已死亡,畠山秋高,无效,无效,无,无效,无,已登场,畠山秋高,足轻大将,直臣,山中家,江户城,无,无要求,,
808,9,武将,赤松晴政,赤松晴政,姓氏推断,,57,akamatsu_harumasa,clan_akamatsu_1,kinai,Akamatsu Harumasa,,1513,1549,1556,刀剑,35,40,19,48,27,2,1,1,0,0,1,1,0,0,0,0,1,1,1,0,0,无,强袭,无,,,,,赤松义祐,只限武将,58,58,普通,普通,现实,普通,普通,56,书籍,无欲,普通,源氏,已登场,赤松晴政,大名,首领,赤松家,置盐城,无,已登场,赤松晴政,大名,首领,赤松家,置盐城,无,已死亡,赤松晴政,无效,无效,无,无效,无,已死亡,赤松晴政,无效,无效,无,无效,无,已死亡,赤松晴政,无效,无效,无,无效,无,已死亡,赤松晴政,无效,无效,无,无效,无,已死亡,赤松晴政,无效,无效,无,无效,无,已死亡,赤松晴政,无效,无效,无,无效,无,已登场,赤松晴政,家老,直臣,赤穴家,中村城,无,一般条件,,
425,513,仙石秀久,仙石,需新建,lord_1_sengokuhidehisa,Sengoku Hidehisa,,,,,1552,1566,1614,病死,,,,,,全职种,99,99,温和,胆小,现实,普通,普通,44,书籍,贪心,普通,源氏,刀剑,24,39,58,48,50,0,0,0,0,1,1,0,0,3,0,0,1,0,1,1,0,无,强袭,无,无要求,,,未登场,仙石秀久,足轻组头,直臣,斋藤家,稻叶山城,无,未登场,仙石秀久,足轻组头,直臣,织田家,清洲城,无,未登场,仙石秀久,足轻组头,直臣,织田家,清洲城,无,已登场,仙石秀久,足轻组头,直臣,织田家,岐阜城,无,已登场,仙石秀久,足轻组头,直臣,织田家,岐阜城,无,已登场,仙石秀久,足轻组头,陪臣（羽柴秀吉）,织田家,姬路城,无,已登场,仙石秀久,城主,直臣,羽柴家,洲本城,无,已登场,仙石秀久,城主,直臣,丰臣家,小诸城,无,已登场,仙石秀久,浪人,其他,无,轮岛之町,无,
810,69,武将,有马义贞,有馬義貞,精确匹配,有马义贞,100,lord_1_arima,clan_arima_1,saikai,Arima Yoshisada,Arima Yoshisada,1521,1549,1576,刀剑,29,31,37,20,32,0,1,0,0,0,1,0,1,1,0,1,0,1,0,1,0,加护,强袭，连续斩,无,有马晴纯,822,,,有马晴信 大村纯忠 有马晴纯,只限武将,19,25,普通,普通,普通,普通,普通,38,南蛮物,普通,嗜酒如命,藤原氏,已登场,有马义贞,家老,直臣,有马家,日野江城,无,已登场,有马义贞,家老,直臣,有马家,日野江城,无,已登场,有马义贞,大名,首领,有马家,日野江城,无,已登场,有马义贞,城主,直臣,龙造寺家,日野江城,无,已登场,有马义贞,城主,直臣,龙造寺家,日野江城,无,已死亡,有马义贞,无效,无效,无,无效,无,已死亡,有马义贞,无效,无效,无,无效,无,已死亡,有马义贞,无效,无效,无,无效,无,已登场,有马义贞,下忍,直臣,风魔众,风魔之里,无,一般条件,,
811,206,武将,大友义鉴,大友義鑑,精确匹配,大友义鉴,100,dead_lord_1_otomo_1,clan_otomo_1,saikai,Otomo Yoshiaki,Otomo Yoshiaki,1502,1549,1550,刀剑,59,50,74,64,50,2,1,0,2,2,1,2,0,1,0,0,2,2,2,0,0,无,强袭，刚弓,无,,,,,大内义长 大友宗麟 大友亲家 大友亲盛 大友义统,没那个意思,65,60,普通,普通,普通,轻率,不重情义,62,南蛮物,贪心,嗜酒如命,藤原氏,已登场,大友义鉴,大名,首领,大友家,府内城,无,已死亡,大友义鉴,无效,无效,无,无效,无,已死亡,大友义鉴,无效,无效,无,无效,无,已死亡,大友义鉴,无效,无效,无,无效,无,已死亡,大友义鉴,无效,无效,无,无效,无,已死亡,大友义鉴,无效,无效,无,无效,无,已死亡,大友义鉴,无效,无效,无,无效,无,已死亡,大友义鉴,无效,无效,无,无效,无,已登场,大友义鉴,部将,直臣,大久保家,佐贺城,无,一般条件,,主角大友宗麟，二阶崩之变
426,514,千利休,千,需新建,lord_1_senrikyuu,Sen Rikyū,,,,,1522,1554,1591,病死,,,,,,没那个意思,5,5,温和,胆小,理想,慎重,不重情义,61,艺术品,无欲,滴酒不沾,其他,枪,4,3,56,72,95,0,0,0,0,0,0,0,0,1,0,0,3,4,3,4,2,无,拔突，丢钱,茶仙,一般条件,,天下大茶会剧情,已登场,千宗易,茶人,其他,无,堺之町,无,已登场,千宗易,茶人,其他,无,堺之町,无,已登场,千宗易,茶人,其他,无,堺之町,无,已登场,千宗易,茶人,其他,无,堺之町,无,已登场,千宗易,茶人,其他,无,堺之町,无,已登场,千宗易,茶人,其他,无,堺之町,无,已登场,千利休,茶人,其他,无,堺之町,无,已死亡,千利休,无效,无效,无,无效,无,已登场,千利休,大名,首领,千家,海津城,无,
813,526,武将,大宝寺义增,大寶寺義增,精确匹配,大宝寺义增,100,lord_1_daihoji,clan_daihoji_1,ou,Daihoji Yoshimasu,Daihoji Yoshimasu,1522,1549,1581,刀剑,19,35,42,33,37,0,1,0,1,1,0,1,0,1,0,0,0,1,0,1,1,无,强袭，连续斩,无,,,,,大宝寺义氏 大宝寺义兴,全职种,1,0,普通,普通,普通,慎重,重视情义,24,艺术品,无欲,普通,藤原氏,已登场,大宝寺义增,大名,首领,大宝寺家,尾浦城,无,已登场,大宝寺义增,大名,首领,大宝寺家,尾浦城,无,已登场,大宝寺义增,大名,首领,大宝寺家,尾浦城,无,已登场,大宝寺义增,家老,直臣,大宝寺家,尾浦城,无,已登场,大宝寺义增,家老,直臣,大宝寺家,尾浦城,无,已死亡,大宝寺义增,无效,无效,无,无效,无,已死亡,大宝寺义增,无效,无效,无,无效,无,已死亡,大宝寺义增,无效,无效,无,无效,无,已登场,大宝寺义增,部将,直臣,大久保家,佐贺城,无,无要求,,
814,459,武将,斯波义统,斯波義統,姓氏推断,,50,shiba,clan_shiba_1,ou,Shiba Yoshitane,,1513,1549,1554,刀剑,17,12,21,9,30,0,1,0,0,1,0,1,0,0,0,0,0,2,0,0,1,无,强袭,无,,,,,斯波义银 毛利秀赖 津川义冬,没那个意思,40,40,温和,胆小,理想,普通,不重情义,67,艺术品,贪心,嗜酒如命,源氏,已登场,斯波义统,大名,首领,斯波家,清洲城,无,已死亡,斯波义统,无效,无效,无,无效,无,已死亡,斯波义统,无效,无效,无,无效,无,已死亡,斯波义统,无效,无效,无,无效,无,已死亡,斯波义统,无效,无效,无,无效,无,已死亡,斯波义统,无效,无效,无,无效,无,已死亡,斯波义统,无效,无效,无,无效,无,已死亡,斯波义统,无效,无效,无,无效,无,已登场,斯波义统,水夫头,直臣,丰后水军,一尺屋之砦,无,无要求,,
815,236,武将,织田信友,織田信友,姓氏推断,,75,oda_nobutomo,clan_oda_1,kinai,Oda Nobutomo,,1516,1549,1555,刀剑,20,41,30,58,21,1,1,0,0,1,1,1,0,0,0,0,1,0,1,0,0,无,强袭，刚力,无,,,,,,只限武将,60,55,性急,勇敢,现实,普通,不重情义,81,南蛮物,普通,嗜酒如命,平氏,已登场,织田信友,家老,直臣,斯波家,清洲城,无,已死亡,织田信友,无效,无效,无,无效,无,已死亡,织田信友,无效,无效,无,无效,无,已死亡,织田信友,无效,无效,无,无效,无,已死亡,织田信友,无效,无效,无,无效,无,已死亡,织田信友,无效,无效,无,无效,无,已死亡,织田信友,无效,无效,无,无效,无,已死亡,织田信友,无效,无效,无,无效,无,已登场,织田信友,浪人,其他,无,直江津之町,无,无要求,,
816,765,武将,细川氏纲,細川氏綱,姓氏推断,,50,hosokawa_shi,clan_hosokawa_1,kinai,Hosokawa Mototsuna,,1519,1549,1563,刀剑,29,19,42,38,52,1,0,0,0,1,0,0,1,0,0,1,1,2,2,1,1,威风凛凛,强袭，连续斩，切落,无,,,,,,没那个意思,14,13,普通,普通,理想,轻率,不重情义,40,艺术品,贪心,普通,源氏,已登场,细川氏纲,大名,首领,细川家,二条城,无,已登场,细川氏纲,浪人,其他,无,石山之町,无,已登场,细川氏纲,城主,直臣,三好家,芥川城,无,已死亡,细川氏纲,无效,无效,无,无效,无,已死亡,细川氏纲,无效,无效,无,无效,无,已死亡,细川氏纲,无效,无效,无,无效,无,已死亡,细川氏纲,无效,无效,无,无效,无,已死亡,细川氏纲,无效,无效,无,无效,无,已登场,细川氏纲,浪人,其他,无,鹿岛之町,无,一般条件,,
817,950,武将,六角定赖,六角定賴,姓氏推断,,75,rokkaku_tei,clan_rokkaku_1,kinai,Rokkaku Sadayori,,1495,1549,1552,刀剑,60,47,83,70,71,2,1,2,0,2,2,2,1,3,2,1,3,1,3,1,1,无,强袭，拔突，刚弓，铁壁，丢钱,无,,,,,六角承祯 六角义治,没那个意思,34,34,温和,普通,现实,慎重,重视情义,52,书籍,无欲,普通,源氏,已登场,六角定赖,大名,首领,六角家,观音寺城,无,已死亡,六角定赖,无效,无效,无,无效,无,已死亡,六角定赖,无效,无效,无,无效,无,已死亡,六角定赖,无效,无效,无,无效,无,已死亡,六角定赖,无效,无效,无,无效,无,已死亡,六角定赖,无效,无效,无,无效,无,已死亡,六角定赖,无效,无效,无,无效,无,已死亡,六角定赖,无效,无效,无,无效,无,已登场,六角定赖,家老,直臣,六角家,大坂城,无,一般条件,,
818,464,武将,岛津胜久,島津勝久,姓氏推断,,75,shimazu_2,clan_shimazu_1,saikai,Shimazu Katsuhisa,,1503,1549,1573,刀剑,27,30,35,40,32,0,1,1,0,0,1,1,0,0,0,0,0,1,0,0,0,无,强袭，连续斩，切落，刚力,无,,,,,,没那个意思,32,32,温和,胆小,普通,轻率,不重情义,17,南蛮物,普通,滴酒不沾,源氏,已登场,岛津胜久,浪人,其他,无,鹿儿岛之町,无,已登场,岛津胜久,浪人,其他,无,府内之町,无,已登场,岛津胜久,浪人,其他,无,油津之町,无,已登场,岛津胜久,浪人,其他,无,油津之町,无,已死亡,岛津胜久,无效,无效,无,无效,无,已死亡,岛津胜久,无效,无效,无,无效,无,已死亡,岛津胜久,无效,无效,无,无效,无,已死亡,岛津胜久,无效,无效,无,无效,无,已登场,岛津胜久,水夫头,直臣,村上水军,三岛之砦,无,一般条件,,
819,601,武将,筒井顺昭,筒井順昭,精确匹配,筒井顺昭,100,dead_lord_1_tsutsui_4,clan_tsutsui_1,kinai,Tsutsui Junsho,Tsutsui Junsho,1523,1549,1550,刀剑,58,59,44,61,52,2,2,1,0,1,2,2,0,0,0,0,0,1,2,0,1,无,强袭，拔突，铁壁,无,,,,,筒井定次 筒井顺庆,只限武将,2,2,普通,普通,普通,普通,普通,74,书籍,普通,普通,藤原氏,已登场,筒井顺昭,大名,首领,筒井家,大和郡山城,无,已死亡,筒井顺昭,无效,无效,无,无效,无,已死亡,筒井顺昭,无效,无效,无,无效,无,已死亡,筒井顺昭,无效,无效,无,无效,无,已死亡,筒井顺昭,无效,无效,无,无效,无,已死亡,筒井顺昭,无效,无效,无,无效,无,已死亡,筒井顺昭,无效,无效,无,无效,无,已死亡,筒井顺昭,无效,无效,无,无效,无,已登场,筒井顺昭,浪人,其他,无,今治之町,无,无要求,,
820,677,武将,二阶堂盛义,二階堂盛義,精确匹配,二阶堂盛义,100,lord_1_nikaido,clan_nikaido_1,ou,Nikaido Moriyoshi,Nikaido Moriyoshi,1532,1549,1581,刀剑,54,40,37,72,46,2,1,0,0,1,1,0,1,0,0,0,2,0,3,0,1,无,强袭，辱骂，大喝,无,,,,,芦名盛隆,只限武将,12,15,性急,勇敢,理想,轻率,不重情义,67,武具,贪心,普通,藤原氏,已登场,二阶堂盛义,城主,直臣,芦名家,须贺川城,无,已登场,二阶堂盛义,城主,直臣,芦名家,须贺川城,无,已登场,二阶堂盛义,城主,直臣,芦名家,须贺川城,无,已登场,二阶堂盛义,城主,直臣,芦名家,须贺川城,无,已登场,二阶堂盛义,城主,直臣,芦名家,须贺川城,无,已死亡,二阶堂盛义,无效,无效,无,无效,无,已死亡,二阶堂盛义,无效,无效,无,无效,无,已死亡,二阶堂盛义,无效,无效,无,无效,无,已登场,二阶堂盛义,大名,首领,二阶堂家,金泽城,无,一般条件,,
427,515,相马盛胤,相马,精确匹配,lord_1_soma,Soma Moritane,clan_soma_1,ou,精确匹配织丰,,1529,1554,1601,病死,,,,,相马义胤,只限武将,30,30,性急,勇敢,理想,轻率,不重情义,74,武具,普通,普通,平氏,刀剑,72,61,47,29,54,2,2,0,0,1,1,2,0,0,1,0,2,0,2,0,0,无,强袭,无,无要求,,,已登场,相马盛胤,大名,首领,相马家,小高城,无,已登场,相马盛胤,大名,首领,相马家,小高城,无,已登场,相马盛胤,大名,首领,相马家,小高城,无,已登场,相马盛胤,大名,首领,相马家,小高城,无,已登场,相马盛胤,大名,首领,相马家,小高城,无,已登场,相马盛胤,大名,首领,相马家,小高城,无,已登场,相马盛胤,家老,直臣,相马家,小高城,无,已登场,相马盛胤,家老,直臣,相马家,小高城,无,已登场,相马盛胤,下忍,直臣,风魔众,风魔之里,无,
822,67,武将,有马晴纯,有馬晴純,姓氏推断,,75,arima_sei,clan_arima_1,saikai,Arima Haruzumi,,1483,1549,1566,刀剑,79,57,82,77,68,2,2,2,2,1,2,3,1,0,2,1,2,0,2,0,1,无,强袭，连续斩，拔突，铁壁,无,,,,,有马晴信 大村纯忠 有马义贞,只限武将,16,16,普通,普通,普通,普通,普通,75,南蛮物,普通,普通,藤原氏,已登场,有马晴纯,大名,首领,有马家,日野江城,无,已登场,有马晴纯,大名,首领,有马家,日野江城,无,已登场,有马晴纯,家老,直臣,有马家,日野江城,无,已死亡,有马晴纯,无效,无效,无,无效,无,已死亡,有马晴纯,无效,无效,无,无效,无,已死亡,有马晴纯,无效,无效,无,无效,无,已死亡,有马晴纯,无效,无效,无,无效,无,已死亡,有马晴纯,无效,无效,无,无效,无,已登场,有马晴纯,中忍,直臣,风魔众,风魔之里,无,一般条件,,
823,408,武将,相良晴广,相良晴廣,精确匹配,相良晴广,100,dead_lord_1_sagara_1,clan_sagara_1,saikai,Sagara Haruhiro,Sagara Haruhiro,1513,1549,1555,刀剑,49,53,78,60,50,1,0,1,0,1,1,1,0,0,0,0,2,2,3,1,0,无,强袭,无,,,,,相良义阳 相良赖房,只限武将,60,60,普通,普通,普通,普通,普通,56,书籍,普通,普通,藤原氏,已登场,相良晴广,大名,首领,相良家,人吉城,无,已登场,相良晴广,大名,首领,相良家,人吉城,无,已死亡,相良晴广,无效,无效,无,无效,无,已死亡,相良晴广,无效,无效,无,无效,无,已死亡,相良晴广,无效,无效,无,无效,无,已死亡,相良晴广,无效,无效,无,无效,无,已死亡,相良晴广,无效,无效,无,无效,无,已死亡,相良晴广,无效,无效,无,无效,无,已登场,相良晴广,浪人,其他,无,仙台之町,无,一般条件,,
824,860,武将,村上吉充,村上吉充,姓氏推断,,75,murakami_yoshimitsu,clan_murakami_2,hokuriku,Murakami Yoshimitsu,,1530,1549,1608,火绳枪,60,67,16,44,48,2,0,2,3,0,2,1,2,2,0,0,0,0,0,0,0,水上拖延，水上禁行,强袭，拔突，二连苦无，急所击，铁壁,无,,,,,,武将以外优先,25,25,性急,勇敢,普通,普通,普通,24,南蛮物,普通,普通,源氏,已登场,村上吉充,船头,直臣,村上水军,三岛之砦,无,已登场,村上吉充,船头,直臣,村上水军,三岛之砦,无,已登场,村上吉充,船头,直臣,村上水军,三岛之砦,无,已登场,村上吉充,船头,直臣,村上水军,三岛之砦,无,已登场,村上吉充,船头,直臣,村上水军,三岛之砦,无,已登场,村上吉充,船头,直臣,村上水军,三岛之砦,无,已登场,村上吉充,船头,直臣,村上水军,三岛之砦,无,已登场,村上吉充,船头,直臣,村上水军,三岛之砦,无,已登场,村上吉充,侍大将,直臣,上泉家,内城,无,无要求,,
428,516,相马义胤,相马,精确匹配,lord_1_soma_2,Soma Yoshitane,clan_soma_1,ou,精确匹配织丰,,1548,1562,1635,病死,相马盛胤,427,,,相马盛胤,只限武将,30,30,普通,勇敢,理想,轻率,普通,79,武具,普通,嗜酒如命,平氏,刀剑,67,68,44,54,52,2,2,0,0,1,2,1,0,1,1,0,0,0,1,0,0,无,强袭，拔突，铁壁,无,一般条件,,,未登场,相马义胤,家老,直臣,相马家,小高城,无,未登场,相马义胤,家老,直臣,相马家,小高城,无,已登场,相马义胤,家老,直臣,相马家,小高城,无,已登场,相马义胤,家老,直臣,相马家,小高城,无,已登场,相马义胤,家老,直臣,相马家,小高城,无,已登场,相马义胤,家老,直臣,相马家,小高城,无,已登场,相马义胤,大名,首领,相马家,小高城,无,已登场,相马义胤,大名,首领,相马家,小高城,无,已登场,相马义胤,下忍,直臣,风魔众,风魔之里,无,
429,517,宗义调,宗,需新建,lord_1_shuu,Sou Yoshitoshi,,,,,1532,1554,1588,病死,,,宗将盛,###,宗义智,全职种,90,90,普通,普通,现实,普通,普通,61,书籍,普通,普通,其他,刀剑,58,39,51,47,50,1,0,0,2,0,0,1,0,0,0,1,0,0,2,0,0,无,强袭,无,无要求,,,已登场,宗义调,大名,首领,宗家,金石城,无,已登场,宗义调,大名,首领,宗家,金石城,无,已登场,宗义调,大名,首领,宗家,金石城,无,已登场,宗义调,大名,首领,宗家,金石城,无,已登场,宗义调,大名,首领,宗家,金石城,无,已登场,宗义调,大名,首领,宗家,金石城,无,已登场,宗义调,大名,首领,宗家,金石城,无,已死亡,宗义调,无效,无效,无,无效,无,已登场,宗义调,浪人,其他,无,岐阜之町,无,
827,815,武将,松永长赖,松永長賴,姓氏推断,,50,matsunaga,clan_matsunaga_1,kinai,Matsunaga Nagayori,,1517,1549,1565,刀剑,87,75,47,56,29,3,3,2,2,2,2,3,2,2,0,0,0,2,2,1,0,无,强袭，连续斩，拔突，二连苦无，刚弓，铁壁,无,(松永久秀父),1327,,,内藤如安 松永久秀 松永久通,只限武将,44,44,普通,勇敢,普通,轻率,普通,78,武具,普通,嗜酒如命,其他,已登场,松永长赖,城主,直臣,细川家,丹波龟山城,无,已登场,松永长赖,城主,直臣,三好家,丹波龟山城,无,已登场,松永长赖,部将,陪臣（松永久秀）,三好家,信贵山城,无,已死亡,松永长赖,无效,无效,无,无效,无,已死亡,松永长赖,无效,无效,无,无效,无,已死亡,松永长赖,无效,无效,无,无效,无,已死亡,松永长赖,无效,无效,无,无效,无,已死亡,松永长赖,无效,无效,无,无效,无,已登场,松永长赖,伙计,直臣,油屋,油津之町,无,一般条件,,
828,866,武将,毛利秀元,毛利秀元,姓氏推断,,75,mori_hidemoto,clan_mori_1,sanyo,Mori Hidemoto,,1579,1593,1650,刀剑,50,44,47,37,61,1,1,1,1,0,2,2,0,1,1,1,0,1,1,2,0,百万一心,强袭，拔突，刚力，铁壁,无,穗井田元清,622,毛利元就,722,吉川广家 吉川元长 吉川元春 小早川隆景 小早川秀包 繁泽元氏 二宫就辰 穗井田元清 毛利隆元 毛利辉元 毛利元就,只限武将,35,35,温和,胆小,现实,轻率,重视情义,42,书籍,普通,普通,其他,未登场,毛利秀元,足轻大将,陪臣（穗井田元清）,毛利家,吉田郡山城,无,未登场,毛利秀元,足轻组头,陪臣（穗井田元清）,毛利家,吉田郡山城,无,未登场,毛利秀元,家老,直臣,毛利家,吉田郡山城,无,未登场,毛利秀元,家老,直臣,毛利家,吉田郡山城,无,未登场,毛利秀元,家老,直臣,毛利家,吉田郡山城,无,未登场,毛利秀元,家老,直臣,毛利家,吉田郡山城,无,未登场,毛利秀元,家老,直臣,毛利家,吉田郡山城,无,已登场,毛利秀元,家老,直臣,毛利家,广岛城,无,已登场,毛利秀元,浪人,其他,无,出石之町,无,无要求,,
430,518,宗义智,宗,需新建,lord_1_shuu,Sou Yoshitomo,,,,,1568,1582,1615,病死,宗将盛,1315,,,宗义调,全职种,90,90,温和,胆小,现实,普通,普通,35,艺术品,普通,普通,其他,刀剑,37,29,55,72,61,1,0,0,2,0,0,0,0,0,0,1,0,0,3,0,0,无,强袭,无,无要求,,,未登场,宗义智,家老,直臣,宗家,金石城,无,未登场,宗义智,家老,直臣,宗家,金石城,无,未登场,宗义智,家老,直臣,宗家,金石城,无,未登场,宗义智,家老,直臣,宗家,金石城,无,未登场,宗义智,家老,直臣,宗家,金石城,无,已登场,宗义智,家老,直臣,宗家,金石城,无,已登场,宗义智,家老,直臣,宗家,金石城,无,已登场,宗义智,大名,首领,宗家,金石城,无,已登场,宗义智,浪人,其他,无,金泽之町,无,
830,921,武将,游佐信教,遊佐信教,姓氏推断,,50,yusa_shinkyou,clan_yusa_1,hokuriku,Yusa Nobumichi,,1525,1549,1572,枪,44,51,30,67,16,1,1,1,0,0,1,2,1,0,0,0,0,0,2,2,0,无,拔突，粘花,无,,,,,,只限武将,70,70,性急,勇敢,普通,轻率,不重情义,83,艺术品,贪心,普通,藤原氏,已登场,游佐信教,侍大将,直臣,畠山家,高屋城,无,已登场,游佐信教,家老,直臣,畠山家,高屋城,无,已登场,游佐信教,家老,直臣,畠山家,高屋城,无,已登场,游佐信教,部将,陪臣（畠山高政）,织田家,高屋城,无,已死亡,游佐信教,无效,无效,无,无效,无,已死亡,游佐信教,无效,无效,无,无效,无,已死亡,游佐信教,无效,无效,无,无效,无,已死亡,游佐信教,无效,无效,无,无效,无,已登场,游佐信教,浪人,其他,无,直江津之町,无,一般条件,,
431,520,十河一存,十河,精确匹配,dead_lord_1_sogo_1,Sogo Kazumasa,clan_sogo_1,nankai,精确匹配织丰,,1532,1554,1561,病死,三好元长,1333,三好长秀,###,安宅冬康 十河存保 三好笑岩 三好长治 三好长庆 三好义兴 三好实休 三好义继,只限武将,50,50,性急,勇敢,理想,轻率,重视情义,68,武具,贪心,嗜酒如命,其他,刀剑,76,67,47,38,68,2,2,2,2,1,2,2,1,0,0,0,0,0,1,0,1,无,强袭，拔突，铁壁,无,一般条件,,,已登场,十河一存,城主,直臣,细川家,十河城,无,已登场,十河一存,城主,直臣,三好家,十河城,无,已登场,十河一存,城主,直臣,三好家,十河城,无,已死亡,十河一存,无效,无效,无,无效,无,已死亡,十河一存,无效,无效,无,无效,无,已死亡,十河一存,无效,无效,无,无效,无,已死亡,十河一存,无效,无效,无,无效,无,已死亡,十河一存,无效,无效,无,无效,无,已登场,十河一存,家老,直臣,十河家,广岛城,无,
432,521,十河存保,十河,精确匹配,lord_1_sogo,Sogo Masayasu,clan_sogo_1,nankai,精确匹配织丰,,1554,1568,1586,战死,三好实休,708,三好元长,###,安宅冬康 十河一存 三好长治 三好长庆 三好义兴 三好实休 三好义继,只限武将,50,50,性急,勇敢,普通,慎重,普通,72,艺术品,普通,普通,其他,刀剑,58,53,42,54,65,1,0,1,1,0,1,0,1,0,0,1,0,0,1,0,0,无,强袭,无,一般条件,,,未登场,十河存保,部将,陪臣（十河一存）,细川家,十河城,无,未登场,十河存保,部将,陪臣（十河一存）,三好家,十河城,无,未登场,十河存保,足轻组头,陪臣（十河一存）,三好家,十河城,无,已登场,十河存保,城主,直臣,三好家,十河城,无,已登场,十河存保,城主,直臣,三好家,十河城,无,已登场,十河存保,大名,首领,十河家,十河城,无,已登场,十河存保,大名,首领,十河家,十河城,无,已死亡,十河存保,无效,无效,无,无效,无,已登场,十河存保,大名,首领,十河家,广岛城,无,
833,407,武将,相良武任,相良武任,姓氏推断,,50,sagara_takeshinin,clan_sagara_1,saikai,Sagara Taketomo,,1507,1549,1551,刀剑,14,16,71,77,68,0,0,0,0,0,0,0,0,2,3,3,3,2,2,1,2,无,强袭，连续斩，丢钱,无,,,,,,只限武将,20,20,普通,普通,现实,普通,重视情义,50,书籍,无欲,普通,藤原氏,已登场,相良武任,部将,直臣,大内家,山口城,无,已死亡,相良武任,无效,无效,无,无效,无,已死亡,相良武任,无效,无效,无,无效,无,已死亡,相良武任,无效,无效,无,无效,无,已死亡,相良武任,无效,无效,无,无效,无,已死亡,相良武任,无效,无效,无,无效,无,已死亡,相良武任,无效,无效,无,无效,无,已死亡,相良武任,无效,无效,无,无效,无,已登场,相良武任,浪人,其他,无,甲府之町,无,一般条件,,
433,522,太原雪斋,太原,需新建,lord_1_tawarayuki,Saito Dosan,,,,,1496,1554,1555,病死,,,,,,全职种,48,60,温和,勇敢,现实,普通,重视情义,12,书籍,无欲,滴酒不沾,其他,枪,93,23,81,92,80,4,3,1,1,1,2,4,1,2,2,1,3,3,3,0,3,齐攻，风林火山,强袭，拔突，铁壁，伤药，丢钱,军师,一般条件,,,已登场,太原雪斋,家老,直臣,今川家,骏府城,无,已登场,太原雪斋,家老,直臣,今川家,骏府城,无,已死亡,太原雪斋,无效,无效,无,无效,无,已死亡,太原雪斋,无效,无效,无,无效,无,已死亡,太原雪斋,无效,无效,无,无效,无,已死亡,太原雪斋,无效,无效,无,无效,无,已死亡,太原雪斋,无效,无效,无,无效,无,已死亡,太原雪斋,无效,无效,无,无效,无,已登场,太原雪斋,浪人,其他,无,津山之町,无,
434,523,大道寺政繁,大道寺,精确匹配,lord_1_didoji,Daidoji Masashige,clan_didoji_1,kanto,精确匹配织丰,,1533,1554,1590,战死,,,,,,只限武将,80,80,普通,普通,普通,轻率,普通,51,书籍,无欲,普通,藤原氏,刀剑,56,44,82,51,49,1,1,1,1,0,1,2,0,3,2,1,1,0,1,1,0,无,强袭,无,无要求,,,已登场,大道寺政繁,侍大将,直臣,北条家,小田原城,无,已登场,大道寺政繁,侍大将,直臣,北条家,小田原城,无,已登场,大道寺政繁,侍大将,直臣,北条家,小田原城,无,已登场,大道寺政繁,侍大将,直臣,北条家,小田原城,无,已登场,大道寺政繁,侍大将,直臣,北条家,小田原城,无,已登场,大道寺政繁,部将,直臣,北条家,小田原城,无,已登场,大道寺政繁,部将,直臣,北条家,小田原城,无,已死亡,大道寺政繁,无效,无效,无,无效,无,已登场,大道寺政繁,家老,直臣,大久保家,佐贺城,无,
435,524,大宝寺义氏,大宝寺,精确匹配,lord_1_daihoji_2,Daihoji Yoshiuji,clan_daihoji_1,ou,精确匹配织丰,,1551,1565,1583,病死,大宝寺义增,813,,,大宝寺义增 大宝寺义兴,全职种,0,0,普通,胆小,现实,普通,普通,62,书籍,贪心,普通,藤原氏,刀剑,19,16,21,52,9,0,0,0,0,0,0,1,0,0,0,0,1,0,1,0,0,无,强袭,无,无要求,,,未登场,大宝寺义氏,家老,直臣,大宝寺家,尾浦城,无,未登场,大宝寺义氏,家老,直臣,大宝寺家,尾浦城,无,未登场,大宝寺义氏,家老,直臣,大宝寺家,尾浦城,无,已登场,大宝寺义氏,大名,首领,大宝寺家,尾浦城,无,已登场,大宝寺义氏,大名,首领,大宝寺家,尾浦城,无,已登场,大宝寺义氏,大名,首领,大宝寺家,尾浦城,无,已死亡,大宝寺义氏,无效,无效,无,无效,无,已死亡,大宝寺义氏,无效,无效,无,无效,无,已登场,大宝寺义氏,家老,直臣,大久保家,佐贺城,无,
837,239,武将,织田信光,織田信光,姓氏推断,,75,oda_nobumitsu,clan_oda_1,kinai,Oda Nobumitsu,,1516,1549,1555,枪,51,60,56,63,37,2,1,1,0,2,2,2,0,0,0,1,0,0,1,1,0,无,强袭，拔突，刚弓，铁壁,无,(织田信定),1306,,,织田有乐 织田信胜 织田信包 织田信长 织田信秀,只限武将,85,75,性急,勇敢,现实,普通,不重情义,55,武具,贪心,嗜酒如命,平氏,已登场,织田信光,城主,直臣,织田家,小牧山城,无,已登场,织田信光,家老,直臣,织田家,清洲城,无,已死亡,织田信光,无效,无效,无,无效,无,已死亡,织田信光,无效,无效,无,无效,无,已死亡,织田信光,无效,无效,无,无效,无,已死亡,织田信光,无效,无效,无,无效,无,已死亡,织田信光,无效,无效,无,无效,无,已死亡,织田信光,无效,无效,无,无效,无,已登场,织田信光,浪人,其他,无,骏府之町,无,一般条件,,
436,528,高岛正重,高岛,需新建,lord_1_takajuu,Takashima Masashige,,,,,1561,1575,1631,病死,,,,,,只限武将,80,80,温和,普通,现实,慎重,普通,22,书籍,普通,普通,其他,刀剑,40,48,53,37,41,0,0,0,0,0,0,0,0,1,1,1,2,3,1,0,0,无,强袭,无,无要求,,,未登场,高岛正重,足轻组头,直臣,一条家,中村城,无,未登场,高岛正重,足轻组头,直臣,一条家,中村城,无,未登场,高岛正重,足轻组头,直臣,一条家,中村城,无,未登场,高岛正重,足轻组头,直臣,一条家,中村城,无,已登场,高岛正重,足轻组头,直臣,长宗我部家,冈丰城,无,已登场,高岛正重,足轻组头,直臣,长宗我部家,冈丰城,无,已登场,高岛正重,足轻组头,直臣,长宗我部家,冈丰城,无,已登场,高岛正重,侍大将,直臣,长宗我部家,冈丰城,无,已登场,高岛正重,浪人,其他,无,宇须岸之町,无,
839,56,武将,尼子国久,尼子国久,姓氏推断,,75,amago_kunihisa,clan_amago_1,sanyo,Amago Kunihisa,,1492,1549,1554,枪,76,72,27,22,40,2,3,0,2,2,3,2,2,0,0,1,0,0,0,0,0,齐攻,强袭，连续斩，拔突，二连苦无，刚弓，刚力，铁壁,策士,(尼子经久),1340,,,尼子胜久 尼子晴久 尼子诚久,只限武将,8,8,性急,勇敢,现实,轻率,普通,77,武具,普通,嗜酒如命,源氏,已登场,尼子国久,城主,直臣,尼子家,白鹿城,无,已死亡,尼子国久,无效,无效,无,无效,无,已死亡,尼子国久,无效,无效,无,无效,无,已死亡,尼子国久,无效,无效,无,无效,无,已死亡,尼子国久,无效,无效,无,无效,无,已死亡,尼子国久,无效,无效,无,无效,无,已死亡,尼子国久,无效,无效,无,无效,无,已死亡,尼子国久,无效,无效,无,无效,无,已登场,尼子国久,浪人,其他,无,严岛之町,无,一般条件,,
840,57,武将,尼子诚久,尼子誠久,精确匹配,尼子诚久,100,dead_lord_1_amago_1,clan_amago_1,sanyo,Amago Sanehisa,Amago Sanehisa,1520,1549,1554,枪,70,77,9,19,36,3,2,0,2,2,3,2,1,0,0,0,1,0,0,0,0,刺杀,强袭，连续斩，拔突，刚弓，刚力，铁壁,无,尼子国久,839,(尼子经久),1340,尼子胜久 尼子晴久 尼子国久,只限武将,8,8,性急,勇敢,现实,轻率,普通,72,武具,普通,嗜酒如命,源氏,已登场,尼子诚久,部将,陪臣（尼子国久）,尼子家,白鹿城,无,已死亡,尼子诚久,无效,无效,无,无效,无,已死亡,尼子诚久,无效,无效,无,无效,无,已死亡,尼子诚久,无效,无效,无,无效,无,已死亡,尼子诚久,无效,无效,无,无效,无,已死亡,尼子诚久,无效,无效,无,无效,无,已死亡,尼子诚久,无效,无效,无,无效,无,已死亡,尼子诚久,无效,无效,无,无效,无,已登场,尼子诚久,浪人,其他,无,会津之町,无,无要求,,
437,530,高梨政赖,高梨,需新建,lord_1_takanashimatsurigoto,Takanashi Masayori,,,,,1513,1554,1576,病死,,,,,,全职种,15,15,普通,胆小,普通,轻率,普通,50,艺术品,普通,普通,源氏,刀剑,44,51,41,42,53,1,0,1,0,0,0,0,0,0,1,0,0,0,0,0,0,无,强袭,无,无要求,,,已登场,高梨政赖,城主,直臣,村上家,饭山城,无,已登场,高梨政赖,部将,直臣,长尾家,春日山城,无,已登场,高梨政赖,城主,直臣,长尾家,饭山城,无,已登场,高梨政赖,家老,直臣,上杉家,春日山城,无,已登场,高梨政赖,家老,直臣,上杉家,春日山城,无,已死亡,高梨政赖,无效,无效,无,无效,无,已死亡,高梨政赖,无效,无效,无,无效,无,已死亡,高梨政赖,无效,无效,无,无效,无,已登场,高梨政赖,浪人,其他,无,骏府之町,无,
842,751,武将,别所就治,別所就治,精确匹配,别所就治,100,dead_lord_1_bessho_2,clan_bessho_1,kinai,Bessho Nariharu,Bessho Nariharu,1502,1549,1563,刀剑,73,68,48,57,60,2,2,2,1,1,2,2,1,1,0,0,1,0,1,0,0,无,强袭，拔突，铁壁,无,,,,,别所长治 别所重栋,只限武将,0,0,普通,勇敢,普通,慎重,重视情义,74,书籍,普通,普通,源氏,已登场,别所就治,城主,直臣,赤松家,三木城,无,已登场,别所就治,城主,直臣,赤松家,三木城,无,已登场,别所就治,城主,直臣,赤松家,三木城,无,已死亡,别所就治,无效,无效,无,无效,无,已死亡,别所就治,无效,无效,无,无效,无,已死亡,别所就治,无效,无效,无,无效,无,已死亡,别所就治,无效,无效,无,无效,无,已死亡,别所就治,无效,无效,无,无效,无,已登场,别所就治,浪人,其他,无,大坂之町,无,一般条件,,
438,531,高桥鉴种,高桥,姓氏推断,lord_1_takahashi,Takahashi Hiroyoshi,clan_takahashi_1,saikai,家族和文化自动推断,,1536,1554,1579,病死,一万田亲泰,1345,,,一万田鉴实,全职种,20,20,性急,勇敢,普通,轻率,不重情义,88,艺术品,贪心,普通,其他,刀剑,46,60,54,49,56,1,1,1,0,1,1,0,0,0,1,0,0,0,1,0,0,无,强袭,无,无要求,,,未登场,高桥鉴种,城主,直臣,毛利家,岩屋城,无,已登场,高桥鉴种,国主,直臣,大友家,岩屋城,无,已登场,高桥鉴种,城主,直臣,大友家,岩屋城,无,已登场,高桥鉴种,城主,直臣,毛利家,岩屋城,无,已登场,高桥鉴种,城主,直臣,大友家,小仓城,无,已死亡,高桥鉴种,无效,无效,无,无效,无,已死亡,高桥鉴种,无效,无效,无,无效,无,已死亡,高桥鉴种,无效,无效,无,无效,无,已登场,高桥鉴种,浪人,其他,无,姬路之町,无,
844,665,武将,锅岛清房,鍋島清房,精确匹配,锅岛清房,100,lord_1_nabeshima,clan_nabeshima_1,saikai,Nabeshima Kiyofusa,Nabeshima Kiyofusa,1512,1549,1561,枪,59,62,48,60,55,2,2,1,1,2,2,2,0,0,0,1,1,0,2,0,1,无,强袭，拔突，刚弓，铁壁,无,,,,,锅岛胜茂 锅岛直茂,只限武将,0,0,普通,勇敢,普通,慎重,重视情义,45,武具,普通,普通,藤原氏,已登场,锅岛清房,部将,直臣,龙造寺家,佐嘉城,无,已登场,锅岛清房,家老,直臣,龙造寺家,佐嘉城,无,已登场,锅岛清房,家老,直臣,龙造寺家,佐嘉城,无,已死亡,锅岛清房,无效,无效,无,无效,无,已死亡,锅岛清房,无效,无效,无,无效,无,已死亡,锅岛清房,无效,无效,无,无效,无,已死亡,锅岛清房,无效,无效,无,无效,无,已死亡,锅岛清房,无效,无效,无,无效,无,已登场,锅岛清房,浪人,其他,无,堺之町,无,一般条件,,
439,532,高桥绍运,高桥,姓氏推断,lord_1_takahashi,Takahashi Shoun,clan_takahashi_1,saikai,家族和文化自动推断,,1548,1562,1586,战死,吉弘鉴理,778,,,立花直次 立花宗茂 吉弘鉴理 吉弘镇信,只限武将,80,80,性急,勇敢,普通,普通,重视情义,52,武具,普通,普通,其他,刀剑,84,87,40,65,77,2,3,2,1,1,2,3,0,0,0,1,0,1,0,0,1,无,强袭，拔突，铁壁,策士,一般条件,,,未登场,高桥绍运,家老,直臣,大友家,府内城,无,未登场,高桥绍运,家老,直臣,大友家,府内城,无,已登场,高桥绍运,家老,直臣,大友家,府内城,无,已登场,高桥绍运,家老,直臣,大友家,府内城,无,已登场,高桥绍运,城主,直臣,大友家,岩屋城,无,已登场,高桥绍运,城主,直臣,大友家,岩屋城,无,已登场,高桥绍运,城主,直臣,大友家,岩屋城,无,已死亡,高桥绍运,无效,无效,无,无效,无,已登场,高桥绍运,浪人,其他,无,仓敷之町,无,
846,638,武将,内藤兴盛,内藤興盛,姓氏推断,,50,naito,clan_naito_1,sanyo,Naito Okimori,,1484,1549,1554,刀剑,30,26,60,54,59,0,1,0,0,0,1,1,0,1,1,1,1,3,2,2,2,无,强袭,无,,,,,,全职种,0,0,温和,普通,普通,普通,普通,64,艺术品,普通,普通,藤原氏,已登场,内藤兴盛,部将,直臣,大内家,山口城,无,已死亡,内藤兴盛,无效,无效,无,无效,无,已死亡,内藤兴盛,无效,无效,无,无效,无,已死亡,内藤兴盛,无效,无效,无,无效,无,已死亡,内藤兴盛,无效,无效,无,无效,无,已死亡,内藤兴盛,无效,无效,无,无效,无,已死亡,内藤兴盛,无效,无效,无,无效,无,已死亡,内藤兴盛,无效,无效,无,无效,无,已登场,内藤兴盛,浪人,其他,无,今治之町,无,无要求,,
847,465,武将,岛津实久,島津實久,姓氏推断,,75,shimazu_3,clan_shimazu_1,saikai,Shimazu Sanetomo,,1510,1549,1559,刀剑,40,39,49,67,46,1,1,1,1,1,1,0,1,1,0,0,1,0,0,1,0,齐攻,强袭，连续斩,无,,,,,岛津义虎,只限武将,69,72,性急,普通,现实,轻率,不重情义,82,艺术品,普通,普通,源氏,已登场,岛津实久,城主,直臣,岛津家,出水城,无,已登场,岛津实久,部将,陪臣（岛津义虎）,岛津家,出水城,无,已死亡,岛津实久,无效,无效,无,无效,无,已死亡,岛津实久,无效,无效,无,无效,无,已死亡,岛津实久,无效,无效,无,无效,无,已死亡,岛津实久,无效,无效,无,无效,无,已死亡,岛津实久,无效,无效,无,无效,无,已死亡,岛津实久,无效,无效,无,无效,无,已登场,岛津实久,浪人,其他,无,龟山之町,无,无要求,,
440,534,高山重友,高山,需新建,lord_1_kouzanshigetomo,Takayama Shigetomo,,,,,1552,1566,1615,病死,高山友照,441,,,高山友照,全职种,96,96,温和,胆小,理想,慎重,普通,49,南蛮物,无欲,滴酒不沾,平氏,刀剑,53,48,70,65,72,1,1,0,0,0,0,0,0,4,2,3,0,3,1,4,1,紧急修补，加护,强袭,风雅之士,一般条件,,,未登场,高山重友,足轻组头,陪臣（高山友照）,细川家,芥川城,无,未登场,高山重友,足轻组头,陪臣（高山友照）,三好家,多闻山城,无,未登场,高山重友,足轻组头,陪臣（松永久秀）,三好家,信贵山城,无,已登场,高山重友,足轻组头,陪臣（和田惟政）,织田家,高城,无,已登场,高山重友,足轻大将,陪臣（高山友照）,织田家,高城,无,已登场,高山重友,足轻大将,直臣,织田家,安土城,无,已登场,高山重友,城主,直臣,羽柴家,高城,无,已登场,高山重友,侍大将,直臣,前田家,金泽城,无,已登场,高山重友,足轻组头,直臣,山中家,江户城,无,
441,535,高山友照,高山,需新建,lord_1_kouzantomoteru,Takayama Tomoteru,,,,,1530,1554,1596,病死,,,,,高山重友,全职种,96,96,温和,胆小,普通,慎重,不重情义,36,南蛮物,无欲,滴酒不沾,平氏,刀剑,47,50,61,59,66,0,1,0,0,1,0,1,0,0,0,0,0,2,1,3,1,无,强袭,风雅之士,无要求,,,已登场,高山友照,足轻大将,陪臣（三好长庆）,细川家,芥川城,无,已登场,高山友照,部将,陪臣（松永久秀）,三好家,多闻山城,无,已登场,高山友照,部将,陪臣（松永久秀）,三好家,信贵山城,无,已登场,高山友照,部将,陪臣（和田惟政）,织田家,高城,无,已登场,高山友照,城主,直臣,织田家,高城,无,已登场,高山友照,浪人,其他,无,敦贺之町,无,已登场,高山友照,浪人,其他,无,敦贺之町,无,已死亡,高山友照,无效,无效,无,无效,无,已登场,高山友照,足轻大将,直臣,山中家,江户城,无,
850,41,武将,阿苏惟丰,阿蘇惟豐,姓氏推断,,75,aso_tada,clan_aso_1,saikai,Aso Korezane,,1493,1549,1559,刀剑,44,32,52,60,62,0,1,1,0,0,0,1,0,0,0,0,0,3,2,2,0,无,强袭,无,,,,,阿苏惟将,全职种,49,49,普通,胆小,理想,普通,普通,69,艺术品,普通,普通,其他,已登场,阿苏惟丰,大名,首领,阿苏家,岩尾城,无,已登场,阿苏惟丰,大名,首领,阿苏家,岩尾城,无,已死亡,阿苏惟丰,无效,无效,无,无效,无,已死亡,阿苏惟丰,无效,无效,无,无效,无,已死亡,阿苏惟丰,无效,无效,无,无效,无,已死亡,阿苏惟丰,无效,无效,无,无效,无,已死亡,阿苏惟丰,无效,无效,无,无效,无,已死亡,阿苏惟丰,无效,无效,无,无效,无,已登场,阿苏惟丰,浪人,其他,无,严岛之町,无,一般条件,,
442,536,泷川一益,泷川,精确匹配,lord_1_takigawa,Takigawa Kazumasu,clan_takigawa_1,kinai,精确匹配织丰,,1525,1554,1586,病死,泷川一胜,1316,,,前田庆次,全职种,90,90,普通,勇敢,普通,轻率,普通,67,南蛮物,普通,嗜酒如命,其他,火绳枪,80,81,54,81,72,3,2,4,0,2,3,2,3,2,1,1,3,2,2,1,2,枪炮乱射，钓瓶击，城门爆破，幻惑之术,强袭，连续斩，拔突，二连苦无，半月，急所击，二挺击，刚弓，石火，乱射，刚力，铁壁，丢钱,火枪名人,一般条件,,,已登场,泷川一益,浪人,其他,无,目加田之町,无,已登场,泷川一益,浪人,其他,无,清洲之町,无,已登场,泷川一益,侍大将,直臣,织田家,清洲城,无,已登场,泷川一益,城主,直臣,织田家,安浓津城,无,已登场,泷川一益,城主,直臣,织田家,长岛城,无,已登场,泷川一益,城主,直臣,织田家,长岛城,无,已登场,泷川一益,家老,直臣,羽柴家,石山本愿寺,无,已死亡,泷川一益,无效,无效,无,无效,无,已登场,泷川一益,足轻大将,直臣,一宫家,春日山城,无,
443,537,泷川雄利,泷川,姓氏推断,lord_1_takigawa_osuri,Takigawa Yasumasa,clan_takigawa_1,kinai,家族和文化自动推断,,1543,1557,1610,病死,,,木造具政,306,木造具政,全职种,61,61,温和,胆小,现实,慎重,普通,19,书籍,普通,普通,其他,刀剑,55,23,44,60,37,2,0,0,1,0,1,1,0,0,1,0,1,2,2,0,1,无,强袭,无,无要求,,,未登场,泷川雄利,足轻组头,陪臣（木造具政）,北畠家,大河内城,无,未登场,泷川雄利,浪人,其他,无,大凑之町,无,已登场,泷川雄利,足轻组头,陪臣（木造具政）,北畠家,大河内城,无,已登场,泷川雄利,足轻组头,陪臣（木造具政）,北畠家,大河内城,无,已登场,泷川雄利,足轻组头,陪臣（织田信雄）,织田家,大河内城,无,已登场,泷川雄利,足轻组头,陪臣（织田信雄）,织田家,安浓津城,无,已登场,泷川雄利,部将,直臣,织田家,长岛城,无,已登场,泷川雄利,侍大将,直臣,丰臣家,大坂城,无,已登场,泷川雄利,浪人,其他,无,龟山之町,无,
853,310,武将,城井长房,城井長房,精确匹配,城井长房,100,lord_1_kii_5,clan_kii_1,saikai,Kii Nagafusa,Kii Nagafusa,1506,1549,1588,枪,49,53,50,71,68,2,0,0,0,0,1,2,1,0,0,0,2,1,3,1,0,无,拔突,无,,,,,城井镇房,只限武将,31,31,普通,普通,普通,普通,重视情义,42,书籍,普通,普通,藤原氏,已登场,城井长房,城主,直臣,大内家,城井谷城,无,已登场,城井长房,部将,陪臣（城井镇房）,大友家,城井谷城,无,已登场,城井长房,部将,陪臣（城井镇房）,大友家,城井谷城,无,已登场,城井长房,部将,陪臣（城井镇房）,大友家,城井谷城,无,已登场,城井长房,部将,陪臣（城井镇房）,大友家,城井谷城,无,已登场,城井长房,家老,直臣,城井家,城井谷城,无,已登场,城井长房,家老,直臣,城井家,城井谷城,无,已死亡,城井长房,无效,无效,无,无效,无,已登场,城井长房,浪人,其他,无,津山之町,无,无要求,,
854,264,武将,葛西晴胤,葛西晴胤,姓氏推断,,75,kasai_seitane,clan_kasai_1,ou,Kasai Harutane,,1497,1549,1555,枪,42,45,45,51,48,1,1,0,0,1,1,1,0,2,1,0,0,1,1,0,0,无,拔突,无,,,,,葛西晴信,只限武将,40,40,普通,勇敢,普通,普通,普通,34,艺术品,普通,嗜酒如命,平氏,已登场,葛西晴胤,大名,首领,葛西家,寺池城,无,已死亡,葛西晴胤,无效,无效,无,无效,无,已死亡,葛西晴胤,无效,无效,无,无效,无,已死亡,葛西晴胤,无效,无效,无,无效,无,已死亡,葛西晴胤,无效,无效,无,无效,无,已死亡,葛西晴胤,无效,无效,无,无效,无,已死亡,葛西晴胤,无效,无效,无,无效,无,已死亡,葛西晴胤,无效,无效,无,无效,无,已登场,葛西晴胤,部将,直臣,西园寺家,山形城,无,一般条件,,
855,176,武将,江上武种,江上武種,姓氏推断,,75,ryuzoji_takeshi,clan_ryuzoji_1,saikai,Egami Taketane,,1525,1549,1572,刀剑,68,71,22,43,55,2,2,1,1,2,2,2,1,0,0,0,0,0,0,0,0,无,强袭，拔突，刚弓，铁壁,无,,,,,,只限武将,92,92,性急,勇敢,普通,普通,重视情义,53,武具,无欲,普通,其他,已登场,江上武种,部将,直臣,少贰家,岩屋城,无,已登场,江上武种,部将,直臣,少贰家,久留米城,无,已登场,江上武种,侍大将,直臣,龙造寺家,佐嘉城,无,已登场,江上武种,侍大将,直臣,龙造寺家,佐嘉城,无,已死亡,江上武种,无效,无效,无,无效,无,已死亡,江上武种,无效,无效,无,无效,无,已死亡,江上武种,无效,无效,无,无效,无,已死亡,江上武种,无效,无效,无,无效,无,已登场,江上武种,家老,直臣,上泉家,内城,无,一般条件,,
444,538,田北镇周,田北,需新建,lord_1_takita,Takakita Tamechika,,,,,1544,1560,1578,战死,田北亲员,1319,,,田北绍铁,只限武将,61,61,普通,勇敢,理想,轻率,重视情义,55,书籍,普通,普通,藤原氏,刀剑,72,70,30,27,34,2,2,1,0,0,2,2,0,0,0,1,0,0,0,0,0,无,强袭，拔突，铁壁,无,无要求,,,未登场,田北镇周,足轻大将,直臣,大友家,府内城,无,未登场,田北镇周,部将,直臣,大友家,府内城,无,已登场,田北镇周,部将,直臣,大友家,府内城,无,已登场,田北镇周,部将,直臣,大友家,府内城,无,已登场,田北镇周,部将,直臣,大友家,府内城,无,已死亡,田北镇周,无效,无效,无,无效,无,已死亡,田北镇周,无效,无效,无,无效,无,已死亡,田北镇周,无效,无效,无,无效,无,已登场,田北镇周,足轻大将,直臣,北家,松前城,无,
445,540,泷本寺非有,泷本寺,需新建,lord_1_terahiu,Takimotoji Hiyu,,,,,1539,1554,1595,病死,谷忠澄父,1318,,,谷忠澄,全职种,80,80,温和,普通,普通,慎重,普通,27,书籍,无欲,滴酒不沾,其他,枪,11,6,79,74,70,0,0,0,0,0,0,0,0,1,2,1,2,3,3,1,3,无,拔突，伤药,无,一般条件,,,未登场,泷本寺非有,侍大将,直臣,长宗我部家,冈丰城,无,已登场,泷本寺非有,侍大将,直臣,长宗我部家,冈丰城,无,已登场,泷本寺非有,侍大将,直臣,长宗我部家,冈丰城,无,已登场,泷本寺非有,侍大将,直臣,长宗我部家,冈丰城,无,已登场,泷本寺非有,侍大将,直臣,长宗我部家,冈丰城,无,已登场,泷本寺非有,侍大将,直臣,长宗我部家,冈丰城,无,已登场,泷本寺非有,侍大将,直臣,长宗我部家,冈丰城,无,已死亡,泷本寺非有,无效,无效,无,无效,无,已登场,泷本寺非有,浪人,其他,无,小诸之町,无,
446,541,武井夕庵,武井,需新建,lord_1_takeiyuuiori,Takei Yuuan,,,,,1509,1554,1586,病死,,,,,,全职种,0,0,温和,胆小,普通,慎重,普通,13,书籍,普通,滴酒不沾,其他,枪,14,8,79,58,64,0,0,0,0,0,0,0,0,2,2,1,3,4,2,1,3,无,拔突，伤药，丢钱,无,无要求,,,已登场,武井夕庵,浪人,其他,无,清洲之町,无,已登场,武井夕庵,足轻组头,直臣,斋藤家,稻叶山城,无,已登场,武井夕庵,足轻组头,直臣,斋藤家,稻叶山城,无,已登场,武井夕庵,足轻组头,直臣,织田家,岐阜城,无,已登场,武井夕庵,足轻组头,直臣,织田家,岐阜城,无,已登场,武井夕庵,足轻组头,直臣,织田家,安土城,无,已登场,武井夕庵,浪人,其他,无,奈良之町,无,已死亡,武井夕庵,无效,无效,无,无效,无,已登场,武井夕庵,浪人,其他,无,杂贺之町,无,
447,542,武田胜赖,武田,精确匹配,lord_1_takeda_4,Takeda Katsuyori,clan_takeda_1,tosan,精确匹配织丰,,1546,1560,1582,战死,武田信玄,449,武田信虎,801,一条信龙 武田逍遥轩 武田信玄 武田信繁 武田信丰 武田义信 仁科盛信 武田信虎,只限武将,70,70,性急,勇敢,普通,轻率,普通,79,武具,普通,普通,源氏,刀剑,79,85,51,61,37,2,3,2,0,1,3,3,0,1,1,2,1,1,1,1,0,影武者,强袭，连续斩，拔突，刚力，铁壁,无,一般条件,,"主角德川家康，长筱之战胜利
    主角织田信长，天目山之战胜利",未登场,武田胜赖,家老,直臣,武田家,踯躅崎馆,无,未登场,武田胜赖,部将,陪臣（武田信玄）,武田家,踯躅崎馆,无,已登场,武田胜赖,部将,直臣,武田家,踯躅崎馆,无,已登场,武田胜赖,家老,直臣,武田家,踯躅崎馆,无,已登场,武田胜赖,大名,首领,武田家,踯躅崎馆,无,已登场,武田胜赖,大名,首领,武田家,甲府城,无,已死亡,武田胜赖,无效,无效,无,无效,无,已死亡,武田胜赖,无效,无效,无,无效,无,已登场,武田胜赖,浪人,其他,无,浦户之町,无,
860,525,武将,大宝寺义兴,大寶寺義興,精确匹配,大宝寺义兴,100,lord_1_daihoji_4,clan_daihoji_1,ou,Daihoji Yoshioki,Daihoji Yoshioki,1553,1567,1587,刀剑,31,38,66,68,52,0,1,0,0,0,0,2,0,1,1,0,1,2,2,1,0,无,强袭,无,大宝寺义增,813,,,大宝寺义氏 大宝寺义增,只限武将,0,0,性急,胆小,现实,慎重,普通,71,书籍,贪心,普通,藤原氏,未登场,大宝寺义兴,部将,直臣,大宝寺家,尾浦城,无,未登场,大宝寺义兴,部将,直臣,大宝寺家,尾浦城,无,未登场,大宝寺义兴,部将,直臣,大宝寺家,尾浦城,无,已登场,大宝寺义兴,部将,直臣,大宝寺家,尾浦城,无,已登场,大宝寺义兴,部将,直臣,大宝寺家,尾浦城,无,已登场,大宝寺义兴,部将,直臣,大宝寺家,尾浦城,无,已登场,大宝寺义兴,大名,首领,大宝寺家,尾浦城,无,已死亡,大宝寺义兴,无效,无效,无,无效,无,已登场,大宝寺义兴,家老,直臣,大久保家,佐贺城,无,一般条件,,
448,543,武田逍遥轩,武田,姓氏推断,lord_1_takeda_shouyou,Takeda Harufusa,clan_takeda_1,tosan,家族和文化自动推断,,1528,1554,1582,战死,武田信虎,801,,,一条信龙 武田胜赖 武田信玄 武田信繁 武田信丰 仁科盛信 武田信虎,只限武将,62,62,温和,普通,普通,普通,重视情义,35,艺术品,无欲,普通,源氏,刀剑,61,44,74,68,75,2,1,0,0,0,0,2,0,0,1,2,1,3,1,1,0,无,强袭,无,一般条件,,,已登场,武田信廉,家老,直臣,武田家,踯躅崎馆,无,已登场,武田信廉,城主,直臣,武田家,高远城,无,已登场,武田信廉,城主,直臣,武田家,高远城,无,已登场,武田信廉,城主,直臣,武田家,高远城,无,已登场,武田逍遥轩,家老,直臣,武田家,踯躅崎馆,无,已登场,武田逍遥轩,家老,直臣,武田家,甲府城,无,已死亡,武田逍遥轩,无效,无效,无,无效,无,已死亡,武田逍遥轩,无效,无效,无,无效,无,已登场,武田逍遥轩,浪人,其他,无,岐阜之町,无,
449,544,武田信玄,武田,精确匹配,lord_1_takeda,Takeda Shingen,clan_takeda_1,tosan,精确匹配织丰,,1521,1554,1573,病死,武田信虎,801,,,一条信龙 武田胜赖 武田逍遥轩 武田信繁 武田信丰 武田义信 仁科盛信 武田信虎,只限武将,62,62,普通,勇敢,普通,普通,不重情义,97,武具,贪心,普通,源氏,刀剑,99,85,93,99,92,4,4,3,0,4,3,4,3,3,4,4,3,2,3,1,3,齐攻，城门爆破，土龙攻，风林火山，影武者，鬼谋，威吓,强袭，连续斩，拔突，二连苦无，半月，急所击，刚弓，刚力，铁壁，伤药，丢钱,军师,一般条件,武田四名臣 山县昌景/马场信春/高坂昌信/内藤昌丰,主角德川家康，三方原之战胜利,已登场,武田晴信,大名,首领,武田家,踯躅崎馆,无,已登场,武田信玄,大名,首领,武田家,踯躅崎馆,无,已登场,武田信玄,大名,首领,武田家,踯躅崎馆,无,已登场,武田信玄,大名,首领,武田家,踯躅崎馆,无,已死亡,武田信玄,无效,无效,无,无效,无,已死亡,武田信玄,无效,无效,无,无效,无,已死亡,武田信玄,无效,无效,无,无效,无,已死亡,武田信玄,无效,无效,无,无效,无,已登场,武田信玄,浪人,其他,无,会津之町,无,
450,545,武田信繁,武田,姓氏推断,lord_1_takeda_nobushige,Takeda Nobumaki,clan_takeda_1,tosan,家族和文化自动推断,,1525,1554,1561,战死,武田信虎,801,,,一条信龙 武田胜赖 武田逍遥轩 武田信玄 武田信丰 仁科盛信 武田信虎,只限武将,62,62,温和,勇敢,普通,轻率,重视情义,42,武具,无欲,普通,源氏,刀剑,84,81,77,75,85,2,3,2,0,3,3,3,0,1,2,2,1,3,3,1,2,影武者,强袭，连续斩，拔突，刚弓，刚力，铁壁,无,不可,,主角武田信玄，川中岛之战败北,已登场,武田信繁,家老,直臣,武田家,踯躅崎馆,无,已登场,武田信繁,家老,直臣,武田家,踯躅崎馆,无,已登场,武田信繁,家老,直臣,武田家,踯躅崎馆,无,已死亡,武田信繁,无效,无效,无,无效,无,已死亡,武田信繁,无效,无效,无,无效,无,已死亡,武田信繁,无效,无效,无,无效,无,已死亡,武田信繁,无效,无效,无,无效,无,已死亡,武田信繁,无效,无效,无,无效,无,已登场,武田信繁,浪人,其他,无,宇须岸之町,无,
451,546,武田信丰,武田,姓氏推断,lord_1_takeda_shin,Takeda Shigemasa,clan_takeda_1,tosan,家族和文化自动推断,,1548,1562,1582,战死,武田信繁,450,武田信虎,801,一条信龙 武田胜赖 武田逍遥轩 武田信玄 武田信繁 仁科盛信 武田信虎,只限武将,64,64,普通,普通,普通,慎重,重视情义,54,艺术品,无欲,普通,源氏,刀剑,39,25,71,70,75,1,2,0,0,1,1,1,0,0,2,2,2,2,1,1,1,无,强袭,无,无要求,,,未登场,武田信丰,侍大将,陪臣（武田信繁）,武田家,踯躅崎馆,无,未登场,武田信丰,部将,陪臣（武田信繁）,武田家,小诸城,无,已登场,武田信丰,足轻组头,陪臣（武田信繁）,武田家,踯躅崎馆,无,已登场,武田信丰,城主,直臣,武田家,小诸城,无,已登场,武田信丰,城主,直臣,武田家,小诸城,无,已登场,武田信丰,城主,直臣,武田家,小诸城,无,已死亡,武田信丰,无效,无效,无,无效,无,已死亡,武田信丰,无效,无效,无,无效,无,已登场,武田信丰,浪人,其他,无,堺之町,无,
452,548,武田元明,武田,姓氏推断,lord_1_takeda_motoaki,Takeda Renlei,clan_takeda_1,tosan,家族和文化自动推断,,1552,1566,1582,战死,,,,,,只限武将,0,50,性急,胆小,理想,普通,普通,55,艺术品,贪心,滴酒不沾,源氏,刀剑,14,9,17,36,44,0,0,0,1,0,0,0,0,0,0,0,0,1,1,0,0,无,强袭,无,无要求,,,未登场,武田元明,浪人,其他,无,小滨之町,无,未登场,武田元明,浪人,其他,无,小滨之町,无,未登场,武田元明,浪人,其他,无,小滨之町,无,已登场,武田元明,浪人,其他,无,小滨之町,无,已登场,武田元明,浪人,其他,无,小滨之町,无,已登场,武田元明,侍大将,陪臣（明智光秀）,织田家,丹波龟山城,无,已死亡,武田元明,无效,无效,无,无效,无,已死亡,武田元明,无效,无效,无,无效,无,已登场,武田元明,浪人,其他,无,尾道之町,无,
866,79,武将,井伊直孝,井伊直孝,姓氏推断,,75,ii_naotaka,clan_ii_1,tokai,Ii Naotaka,,1590,1598,1659,枪,46,85,58,42,48,2,3,2,1,2,2,2,0,2,1,2,0,0,1,1,0,无,强袭，拔突，粘花，刚弓，卷枪，引落，柄返，铁壁,无,井伊直政,62,,,井伊直政,只限武将,86,86,温和,普通,现实,慎重,普通,40,武具,普通,滴酒不沾,源氏,未登场,井伊直孝,足轻组头,陪臣（松平竹千代）,今川家,冈崎城,无,未登场,井伊直孝,足轻组头,陪臣（松平元康）,今川家,冈崎城,无,未登场,井伊直孝,足轻组头,陪臣（松平元康）,今川家,冈崎城,无,未登场,井伊直孝,足轻组头,直臣,德川家,冈崎城,无,未登场,井伊直孝,足轻组头,陪臣（井伊直政）,德川家,滨松城,无,未登场,井伊直孝,足轻组头,直臣,德川家,滨松城,无,未登场,井伊直孝,足轻组头,直臣,德川家,滨松城,无,已登场,井伊直孝,侍大将,陪臣（井伊直政）,德川家,箕轮城,无,已登场,井伊直孝,浪人,其他,无,严岛之町,无,一般条件,,
867,273,武将,片仓重长,片倉重長,姓氏推断,,75,katakura_juu,clan_katakura_1,ou,Katakura Shigenaga,,1584,1598,1659,刀剑,68,75,59,53,65,2,2,1,0,0,1,1,0,1,1,0,0,0,0,0,0,骑射突击,强袭，连续斩，拔突，金刚力，铁壁,无,片仓景纲,225,,,片仓景纲,只限武将,62,62,普通,普通,理想,慎重,重视情义,30,武具,普通,普通,藤原氏,未登场,片仓重长,足轻组头,陪臣（片仓景纲）,伊达家,米泽城,无,未登场,片仓重长,足轻组头,陪臣（片仓景纲）,伊达家,米泽城,无,未登场,片仓重长,足轻组头,陪臣（片仓景纲）,伊达家,米泽城,无,未登场,片仓重长,足轻组头,陪臣（片仓景纲）,伊达家,米泽城,无,未登场,片仓重长,足轻组头,陪臣（片仓景纲）,伊达家,米泽城,无,未登场,片仓重长,足轻组头,陪臣（片仓景纲）,伊达家,米泽城,无,未登场,片仓重长,足轻组头,陪臣（片仓景纲）,伊达家,米泽城,无,已登场,片仓重长,足轻组头,陪臣（片仓景纲）,伊达家,仙台城,无,已登场,片仓重长,浪人,其他,无,今治之町,无,无要求,,
868,669,武将,成田长亲,成田長親,精确匹配,成田长亲,100,lord_1_narita_11,clan_narita_1,kanto,Narita Nagachika,Narita Nagachika,1545,1559,1613,刀剑,51,33,46,47,52,1,0,0,1,0,0,1,0,0,1,2,2,0,0,0,0,无,强袭,无,,,(成田亲泰),1352,成田氏长 成田长忠 成田长泰,只限武将,80,80,普通,胆小,普通,普通,不重情义,65,艺术品,贪心,普通,藤原氏,未登场,成田长亲,足轻组头,陪臣（成田长泰）,长尾家,忍城,无,未登场,成田长亲,足轻组头,陪臣（成田长泰）,长尾家,忍城,无,已登场,成田长亲,足轻组头,陪臣（成田长泰）,长尾家,忍城,无,已登场,成田长亲,足轻组头,陪臣（成田氏长）,北条家,忍城,无,已登场,成田长亲,足轻组头,陪臣（成田氏长）,北条家,忍城,无,已登场,成田长亲,足轻组头,陪臣（成田氏长）,北条家,忍城,无,已登场,成田长亲,足轻组头,陪臣（成田氏长）,北条家,忍城,无,已登场,成田长亲,浪人,其他,无,清洲之町,无,已登场,成田长亲,浪人,其他,无,长滨之町,无,无要求,,
869,869,武将,最上家亲,最上家親,姓氏推断,,50,mogami_ie,clan_mogami_1,ou,Mogami Iie,,1582,1596,1617,刀剑,39,53,55,34,53,2,2,1,0,1,1,1,0,0,0,0,0,2,1,1,0,无,强袭，毒斩,无,最上义光,723,最上义守,725,最上义光 最上义时 最上义守,只限武将,50,99,性急,胆小,普通,普通,不重情义,77,艺术品,贪心,普通,源氏,未登场,最上家亲,部将,陪臣（最上义光）,最上家,山形城,无,未登场,最上家亲,部将,陪臣（最上义光）,最上家,山形城,无,未登场,最上家亲,部将,陪臣（最上义光）,最上家,山形城,无,未登场,最上家亲,部将,陪臣（最上义光）,最上家,山形城,无,未登场,最上家亲,部将,直臣,最上家,山形城,无,未登场,最上家亲,部将,直臣,最上家,山形城,无,未登场,最上家亲,部将,直臣,最上家,山形城,无,已登场,最上家亲,部将,直臣,最上家,山形城,无,已登场,最上家亲,部将,直臣,上泉家,内城,无,无要求,,
453,549,武田义信,武田,姓氏推断,lord_1_Ueda_Shigeyasu,Takeda Nobuyuki,clan_takeda_1,tosan,家族和文化自动推断,,1538,1554,1567,战死,武田信玄,449,,,武田胜赖 武田信玄 仁科盛信,只限武将,62,32,普通,普通,理想,慎重,不重情义,65,艺术品,普通,普通,源氏,刀剑,75,65,66,56,60,2,2,1,0,2,1,2,0,1,0,0,0,2,0,1,1,无,强袭，刚弓,无,一般条件,战国三弹正 真田幸隆/高坂昌信/保科正俊,,未登场,武田义信,家老,直臣,武田家,踯躅崎馆,无,已登场,武田义信,家老,直臣,武田家,踯躅崎馆,无,已登场,武田义信,家老,直臣,武田家,踯躅崎馆,无,已死亡,武田义信,无效,无效,无,无效,无,已死亡,武田义信,无效,无效,无,无效,无,已死亡,武田义信,无效,无效,无,无效,无,已死亡,武田义信,无效,无效,无,无效,无,已死亡,武田义信,无效,无效,无,无效,无,已登场,武田义信,浪人,其他,无,敦贺之町,无,
454,551,竹中重门,竹中,需新建,lord_1_takenakajuu,Takenaka Shigemoto,,,,,1573,1587,1631,病死,竹中半兵卫,455,,,竹中半兵卫,全职种,0,0,温和,普通,现实,普通,普通,55,书籍,普通,滴酒不沾,源氏,刀剑,58,55,79,60,69,2,1,1,1,0,1,3,1,3,2,2,0,3,1,2,2,无,强袭，连续斩,无,无要求,,,未登场,竹中重门,足轻组头,陪臣（竹中半兵卫）,斋藤家,大垣城,无,未登场,竹中重门,足轻组头,陪臣（竹中半兵卫）,斋藤家,大垣城,无,未登场,竹中重门,足轻组头,陪臣（竹中半兵卫）,斋藤家,稻叶山城,无,未登场,竹中重门,足轻组头,陪臣（木下藤吉郎）,织田家,岐阜城,无,未登场,竹中重门,足轻组头,陪臣（羽柴秀吉）,织田家,长滨城,无,未登场,竹中重门,足轻组头,陪臣（羽柴秀吉）,织田家,姬路城,无,未登场,竹中重门,足轻组头,直臣,羽柴家,石山本愿寺,无,已登场,竹中重门,城主,直臣,丰臣家,墨俣城,无,已登场,竹中重门,当家,首领,石头屋,会津之町,无,
455,552,竹中半兵卫,竹中,需新建,lord_1_takenakahanhei,Takenaka Hanbee,,,,,1544,1558,1579,病死,竹中重元,1353,,,竹中重门 竹中久作,没那个意思,10,10,温和,胆小,现实,慎重,重视情义,44,艺术品,无欲,滴酒不沾,源氏,刀剑,96,71,80,97,88,4,3,3,1,2,2,4,2,2,2,2,3,2,3,2,0,齐攻,强袭，连续斩，八神太刀，拔突，二连苦无，急所击，刚弓，金刚力，铁壁，气声，丢钱，大喝,军师,不可,,主角丰臣秀吉，剧情拉拢竹中半兵卫,未登场,竹中半兵卫,足轻大将,陪臣（安藤守就）,斋藤家,大垣城,新当流,未登场,竹中半兵卫,足轻大将,陪臣（安藤守就）,斋藤家,大垣城,新当流,已登场,竹中半兵卫,部将,陪臣（安藤守就）,斋藤家,大垣城,新当流,已登场,竹中半兵卫,足轻大将,陪臣（木下藤吉郎）,织田家,岐阜城,新当流,已登场,竹中半兵卫,部将,陪臣（羽柴秀吉）,织田家,长滨城,新当流,已死亡,竹中半兵卫,无效,无效,无,无效,无,已死亡,竹中半兵卫,无效,无效,无,无效,无,已死亡,竹中半兵卫,无效,无效,无,无效,无,已登场,竹中半兵卫,当家,首领,百货屋,敦贺之町,新当流,
456,553,立花道雪,立花,需新建,lord_1_tachibanadousetsu,Tachibana Dosetsu,,,,,1513,1554,1585,病死,,,,,,只限武将,84,84,普通,勇敢,普通,普通,普通,40,武具,普通,普通,藤原氏,刀剑,95,87,68,68,85,3,4,3,2,3,3,3,0,1,1,0,0,2,1,1,0,无,强袭，连续斩，拔突，急所击，刚弓，刚力，铁壁,军师,一般条件,,,已登场,户次鉴连,家老,直臣,大友家,府内城,无,已登场,户次鉴连,家老,直臣,大友家,府内城,无,已登场,户次鉴连,家老,直臣,大友家,府内城,无,已登场,户次鉴连,家老,直臣,大友家,府内城,无,已登场,立花道雪,城主,直臣,大友家,立花山城,无,已登场,立花道雪,城主,直臣,大友家,立花山城,无,已登场,立花道雪,家老,直臣,大友家,府内城,无,已死亡,立花道雪,无效,无效,无,无效,无,已登场,立花道雪,浪人,其他,无,滨松之町,无,
457,554,立花直次,立花,需新建,lord_1_tachibananaoji,Tachibana Naotsugu,,,,,1572,1586,1617,病死,高桥绍运,439,吉弘鉴理,778,高桥绍运 立花宗茂 吉弘鉴理 吉弘镇信,只限武将,84,84,温和,胆小,普通,普通,普通,55,书籍,普通,普通,藤原氏,刀剑,51,55,60,53,60,1,1,1,1,0,1,1,0,0,1,0,0,1,0,0,0,无,强袭,无,无要求,,,未登场,高桥直次,足轻组头,陪臣（户次鉴连）,大友家,府内城,无,未登场,高桥直次,足轻组头,陪臣（户次鉴连）,大友家,府内城,无,未登场,高桥直次,足轻组头,陪臣（户次鉴连）,大友家,府内城,无,未登场,高桥直次,足轻组头,陪臣（户次鉴连）,大友家,府内城,无,未登场,高桥直次,足轻组头,陪臣（立花道雪）,大友家,立花山城,无,未登场,立花直次,足轻组头,陪臣（立花道雪）,大友家,立花山城,无,未登场,立花直次,足轻组头,陪臣（立花宗茂）,大友家,立花山城,无,已登场,立花直次,家老,直臣,立花家,柳川城,无,已登场,立花直次,浪人,其他,无,今治之町,无,
875,787,武将,本多政重,本多政重,姓氏推断,,75,honda_masashige,clan_honda_1,tokai,Honda Masashige,,1580,1594,1647,枪,36,65,61,49,63,2,1,1,0,1,2,1,1,0,0,1,1,0,0,0,1,车悬,强袭，拔突，粘花，卷枪，引落，柄返，刚力，铁壁，大喝,无,本多正信,656,,,本多正纯 本多正信,全职种,50,15,性急,勇敢,理想,轻率,不重情义,34,武具,普通,普通,藤原氏,未登场,本多政重,足轻组头,陪臣（松平竹千代）,今川家,冈崎城,无,未登场,本多政重,足轻组头,陪臣（松平元康）,今川家,冈崎城,无,未登场,本多政重,足轻组头,陪臣（松平元康）,今川家,冈崎城,无,未登场,本多政重,足轻组头,直臣,德川家,冈崎城,无,未登场,本多政重,足轻组头,陪臣（本多正信）,德川家,滨松城,无,未登场,本多政重,足轻组头,直臣,德川家,滨松城,无,未登场,本多政重,足轻组头,直臣,德川家,滨松城,无,已登场,本多政重,部将,直臣,德川家,江户城,无,已登场,本多政重,浪人,其他,无,博多之町,无,无要求,,
458,555,立花宗茂,立花,需新建,lord_1_tachibanamuneshige,Tachibana Muneshige,,,,,1567,1581,1642,病死,高桥绍运,439,吉弘鉴理,778,高桥绍运 立花直次 吉弘鉴理 吉弘镇信,只限武将,84,84,性急,普通,普通,慎重,普通,70,南蛮物,普通,普通,藤原氏,刀剑,86,79,60,68,72,3,2,3,0,2,2,3,0,0,2,1,2,2,1,1,2,无,强袭，拔突，急所击，刚弓，铁壁,无,一般条件,,,未登场,高桥统虎,足轻组头,陪臣（户次鉴连）,大友家,府内城,无,未登场,高桥统虎,足轻组头,陪臣（户次鉴连）,大友家,府内城,无,未登场,高桥统虎,足轻组头,陪臣（高桥绍运）,大友家,府内城,无,未登场,高桥统虎,足轻组头,陪臣（户次鉴连）,大友家,府内城,无,已登场,高桥统虎,足轻组头,陪臣（立花道雪）,大友家,立花山城,无,已登场,立花宗茂,足轻组头,陪臣（立花道雪）,大友家,立花山城,无,已登场,立花宗茂,城主,直臣,大友家,立花山城,无,已登场,立花宗茂,大名,首领,立花家,柳川城,无,已登场,立花宗茂,浪人,其他,无,龟山之町,无,
877,533,武将,多贺谷政广,多賀穀政廣,姓氏推断,,57,tsutsui_tanimatsurigotogen,clan_tsutsui_1,kinai,Tagaya Masahiro,,1537,1551,1595,枪,29,31,63,60,39,1,0,0,0,0,0,2,0,1,3,0,2,2,0,2,0,无,拔突,无,,,,,,全职种,20,30,普通,胆小,普通,慎重,普通,55,艺术品,普通,普通,平氏,未登场,多贺谷政广,足轻组头,直臣,结城家,结城城,无,已登场,多贺谷政广,足轻组头,直臣,结城家,结城城,无,已登场,多贺谷政广,足轻组头,直臣,结城家,结城城,无,已登场,多贺谷政广,足轻组头,直臣,结城家,结城城,无,已登场,多贺谷政广,足轻组头,直臣,结城家,结城城,无,已登场,多贺谷政广,足轻组头,直臣,结城家,结城城,无,已登场,多贺谷政广,足轻组头,直臣,结城家,结城城,无,已死亡,多贺谷政广,无效,无效,无,无效,无,已登场,多贺谷政广,浪人,其他,无,松仓之町,无,无要求,,
459,556,立原久纲,立原,精确匹配,lord_1_tatsuhara,Tachihara Hisatsuna,clan_tatsuhara_1,sanyo,精确匹配织丰,,1531,1554,1613,病死,,,,,,没那个意思,15,15,温和,普通,普通,慎重,重视情义,54,书籍,无欲,普通,源氏,刀剑,43,45,55,61,52,1,0,1,0,0,0,0,0,2,1,1,1,3,1,0,0,无,强袭,无,无要求,,,已登场,立原久纲,家老,直臣,尼子家,月山富田城,无,已登场,立原久纲,侍大将,直臣,尼子家,月山富田城,无,已登场,立原久纲,部将,直臣,尼子家,月山富田城,无,已登场,立原久纲,浪人,其他,无,松江之町,无,已登场,立原久纲,浪人,其他,无,松江之町,无,已登场,立原久纲,浪人,其他,无,松江之町,无,已登场,立原久纲,浪人,其他,无,松江之町,无,已登场,立原久纲,部将,直臣,蜂须贺家,德岛城,无,已登场,立原久纲,浪人,其他,无,仙台之町,无,
460,557,楯冈满茂,楯冈,精确匹配,lord_1_tateoka_2,Tateoka Mitsushige,clan_tateoka_1,ou,精确匹配织丰,,1547,1561,1623,病死,,,,,,全职种,0,0,普通,勇敢,普通,普通,普通,51,艺术品,普通,普通,源氏,刀剑,57,48,39,47,41,1,1,0,0,0,1,1,0,0,0,0,1,0,0,0,0,无,强袭,无,无要求,,,未登场,楯冈满茂,侍大将,直臣,最上家,山形城,无,未登场,楯冈满茂,部将,直臣,最上家,山形城,无,已登场,楯冈满茂,部将,直臣,最上家,山形城,无,已登场,楯冈满茂,部将,直臣,最上家,山形城,无,已登场,楯冈满茂,部将,直臣,最上家,山形城,无,已登场,楯冈满茂,部将,直臣,最上家,山形城,无,已登场,楯冈满茂,部将,直臣,最上家,山形城,无,已登场,楯冈满茂,家老,直臣,最上家,山形城,无,已登场,楯冈满茂,浪人,其他,无,冈崎之町,无,
461,559,伊达实元,伊达,精确匹配,lord_1_date_7,Date Sanemoto,clan_date_1,ou,精确匹配织丰,,1527,1554,1587,病死,伊达稙宗,463,,,石川昭光 伊达成实 伊达稙宗 伊达辉宗 伊达晴宗 留守政景 亘理元宗,只限武将,62,62,普通,勇敢,普通,普通,普通,22,书籍,普通,普通,藤原氏,刀剑,56,47,58,60,63,2,1,0,0,0,1,2,0,1,1,1,1,1,1,0,0,无,强袭,无,无要求,,,已登场,伊达实元,家老,直臣,伊达家,米泽城,无,已登场,伊达实元,家老,直臣,伊达家,米泽城,无,已登场,伊达实元,家老,直臣,伊达家,米泽城,无,已登场,伊达实元,家老,直臣,伊达家,米泽城,无,已登场,伊达实元,家老,直臣,伊达家,米泽城,无,已登场,伊达实元,家老,直臣,伊达家,米泽城,无,已登场,伊达实元,家老,直臣,伊达家,米泽城,无,已死亡,伊达实元,无效,无效,无,无效,无,已登场,伊达实元,浪人,其他,无,安土之町,无,
462,560,伊达成实,伊达,精确匹配,lord_1_date_9,Date Shigezane,clan_date_1,ou,精确匹配织丰,,1568,1582,1646,病死,伊达实元,461,伊达稙宗,463,石川昭光 伊达实元 伊达稙宗 伊达辉宗 伊达晴宗 留守政景 亘理元宗,只限武将,62,62,普通,勇敢,理想,轻率,重视情义,61,武具,普通,普通,藤原氏,刀剑,71,75,55,54,77,3,2,1,0,2,2,2,1,1,1,1,1,2,1,1,1,骑射突击,强袭，拔突，刚弓，铁壁,无,一般条件,,,未登场,伊达成实,足轻组头,陪臣（伊达实元）,伊达家,米泽城,无,未登场,伊达成实,足轻组头,陪臣（伊达实元）,伊达家,米泽城,无,未登场,伊达成实,足轻组头,陪臣（伊达实元）,伊达家,米泽城,无,未登场,伊达成实,足轻组头,陪臣（伊达实元）,伊达家,米泽城,无,未登场,伊达成实,足轻组头,陪臣（伊达实元）,伊达家,米泽城,无,已登场,伊达成实,足轻组头,陪臣（伊达实元）,伊达家,米泽城,无,已登场,伊达成实,部将,陪臣（伊达实元）,伊达家,米泽城,无,已登场,伊达成实,家老,直臣,伊达家,仙台城,无,已登场,伊达成实,浪人,其他,无,足利之町,无,
882,429,武将,真田信尹,真田信尹,精确匹配,真田信尹,100,lord_1_sanada_10,clan_sanada_1,tosan,Sanada Nobutada,Sanada Nobutada,1547,1561,1632,枪,63,42,79,70,58,1,1,0,0,2,0,1,0,2,0,1,1,2,3,0,0,六文钱,拔突，粘花，刚弓，卷枪，引落,枪术能手,真田幸隆,360,(真田赖昌),1335,真田信纲 真田信幸 真田昌辉 真田昌幸 真田幸隆 真田幸村 矢泽赖纲 矢泽赖康,只限武将,80,25,性急,普通,普通,慎重,不重情义,46,书籍,普通,滴酒不沾,源氏,未登场,真田信尹,足轻组头,陪臣（真田幸隆）,武田家,踯躅崎馆,无,未登场,真田信尹,足轻组头,陪臣（真田幸隆）,武田家,户石城,无,未登场,真田信尹,足轻组头,陪臣（真田幸隆）,武田家,户石城,无,已登场,真田信尹,足轻组头,陪臣（真田幸隆）,武田家,户石城,无,已登场,真田信尹,足轻组头,陪臣（真田信纲）,武田家,户石城,无,已登场,真田信尹,足轻组头,陪臣（真田昌幸）,武田家,上田城,无,已登场,真田信尹,足轻组头,直臣,真田家,上田城,无,已登场,真田信尹,足轻组头,直臣,真田家,上田城,无,已登场,真田信尹,浪人,其他,无,奈良之町,无,无要求,,
883,119,武将,伊东满所,伊東マンショ,姓氏推断,,50,ito_1,clan_ito_1,saikai,Itou Mitsumoto,,1569,1583,1612,火绳枪,64,19,65,58,64,0,0,2,0,0,0,0,0,1,2,0,3,2,3,0,1,加护,强袭，丢钱,无,,,伊东义祐,98,伊东祐兵 伊东义祐,没那个意思,70,70,温和,普通,理想,慎重,普通,25,南蛮物,无欲,滴酒不沾,藤原氏,未登场,伊东满所,足轻组头,直臣,伊东家,都于郡城,无,未登场,伊东满所,足轻组头,直臣,伊东家,都于郡城,无,未登场,伊东满所,足轻组头,直臣,伊东家,都于郡城,无,未登场,伊东满所,足轻组头,直臣,伊东家,都于郡城,无,未登场,伊东满所,足轻组头,直臣,伊东家,都于郡城,无,未登场,伊东满所,浪人,其他,无,今治之町,无,已登场,伊东满所,浪人,其他,无,今治之町,无,已登场,伊东满所,浪人,其他,无,今治之町,无,已登场,伊东满所,部将,直臣,东乡家,盛冈城,无,一般条件,,
463,561,伊达稙宗,伊达,精确匹配,dead_lord_1_date_4,Date Tanemune,clan_date_1,ou,精确匹配织丰,,1488,1554,1565,病死,,,,,石川昭光 伊达实元 伊达成实 伊达辉宗 伊达晴宗 留守政景 亘理元宗,没那个意思,80,80,普通,勇敢,现实,普通,不重情义,93,武具,贪心,普通,藤原氏,刀剑,79,76,90,91,46,2,2,2,0,1,2,3,2,3,3,2,3,3,4,0,2,激励,强袭，拔突，二连苦无，铁壁，丢钱,无,一般条件,,,已登场,伊达稙宗,浪人,其他,无,仙台之町,无,已登场,伊达稙宗,家老,直臣,伊达家,米泽城,无,已登场,伊达稙宗,浪人,其他,无,仙台之町,无,已死亡,伊达稙宗,无效,无效,无,无效,无,已死亡,伊达稙宗,无效,无效,无,无效,无,已死亡,伊达稙宗,无效,无效,无,无效,无,已死亡,伊达稙宗,无效,无效,无,无效,无,已死亡,伊达稙宗,无效,无效,无,无效,无,已登场,伊达稙宗,浪人,其他,无,厩桥之町,无,
885,31,武将,朝比奈信置,朝比奈信置,精确匹配,朝比奈信置,100,lord_1_asahina_3,clan_asahina_1,tokai,Asahina Nobuoki,Asahina Nobuoki,1528,1549,1582,枪,58,62,33,49,42,1,1,0,1,1,1,0,0,0,2,0,0,0,1,0,0,无,拔突,无,,,,,,只限武将,48,48,性急,勇敢,普通,轻率,普通,43,武具,普通,普通,藤原氏,已登场,朝比奈信置,足轻大将,直臣,今川家,骏府城,无,已登场,朝比奈信置,足轻大将,直臣,今川家,骏府城,无,已登场,朝比奈信置,足轻大将,直臣,今川家,骏府城,无,已登场,朝比奈信置,足轻大将,直臣,今川家,曳马城,无,已登场,朝比奈信置,足轻大将,直臣,武田家,踯躅崎馆,无,已登场,朝比奈信置,足轻大将,直臣,武田家,甲府城,无,已死亡,朝比奈信置,无效,无效,无,无效,无,已死亡,朝比奈信置,无效,无效,无,无效,无,已登场,朝比奈信置,浪人,其他,无,府内之町,无,无要求,,
464,562,伊达辉宗,伊达,精确匹配,lord_1_date,Date Terumune,clan_date_1,ou,精确匹配织丰,,1544,1558,1585,战死,伊达晴宗,465,伊达稙宗,463,石川昭光 伊达实元 伊达成实 伊达稙宗 伊达晴宗 伊达政宗 留守政景 亘理元宗 伊达小次郎,没那个意思,62,62,温和,胆小,普通,普通,不重情义,48,艺术品,普通,普通,藤原氏,刀剑,69,48,73,52,65,2,2,1,0,1,1,2,1,1,2,1,1,1,1,1,1,无,强袭,无,一般条件,,,未登场,伊达辉宗,家老,直臣,伊达家,米泽城,无,未登场,伊达辉宗,部将,陪臣（伊达晴宗）,伊达家,米泽城,无,已登场,伊达辉宗,家老,直臣,伊达家,米泽城,无,已登场,伊达辉宗,大名,首领,伊达家,米泽城,无,已登场,伊达辉宗,大名,首领,伊达家,米泽城,无,已登场,伊达辉宗,大名,首领,伊达家,米泽城,无,已登场,伊达辉宗,家老,直臣,伊达家,米泽城,无,已死亡,伊达辉宗,无效,无效,无,无效,无,已登场,伊达辉宗,浪人,其他,无,甲府之町,无,
887,458,武将,斯波义银,斯波義銀,姓氏推断,,50,shiba_1,clan_shiba_1,ou,Shiba Yoshikane,,1540,1554,1600,刀剑,27,31,34,32,45,1,1,0,0,2,1,1,0,0,0,0,0,2,0,0,0,无,强袭，刚弓,无,斯波义统,814,,,斯波义统 毛利秀赖 津川义冬,只限武将,40,0,普通,胆小,理想,普通,普通,42,武具,普通,普通,源氏,未登场,斯波义银,家老,直臣,斯波家,清洲城,无,已登场,斯波义银,浪人,其他,无,京之町,无,已登场,斯波义银,浪人,其他,无,京之町,无,已登场,斯波义银,浪人,其他,无,京之町,无,已登场,斯波义银,浪人,其他,无,京之町,无,已登场,斯波义银,浪人,其他,无,京之町,无,已登场,斯波义银,浪人,其他,无,京之町,无,已登场,斯波义银,浪人,其他,无,京之町,无,已登场,斯波义银,水夫头,直臣,丰后水军,一尺屋之砦,无,无要求,,
888,867,武将,毛利秀赖,毛利秀賴,姓氏推断,,75,mori_shuu,clan_mori_1,sanyo,Mori Hidenari,,1541,1555,1593,刀剑,53,53,37,39,32,2,1,0,1,0,0,0,0,1,0,1,0,0,0,0,0,无,强袭,无,斯波义统,814,,,斯波义统 斯波义银 津川义冬,只限武将,40,40,普通,胆小,普通,普通,普通,37,艺术品,普通,普通,源氏,未登场,毛利秀赖,足轻大将,直臣,斯波家,清洲城,无,未登场,毛利秀赖,足轻大将,直臣,织田家,清洲城,无,已登场,毛利秀赖,足轻大将,直臣,织田家,清洲城,无,已登场,毛利秀赖,足轻大将,直臣,织田家,岐阜城,无,已登场,毛利秀赖,足轻大将,直臣,织田家,岐阜城,无,已登场,毛利秀赖,足轻大将,直臣,织田家,安土城,无,已登场,毛利秀赖,足轻大将,直臣,羽柴家,石山本愿寺,无,已死亡,毛利秀赖,无效,无效,无,无效,无,已登场,毛利秀赖,浪人,其他,无,鸟取之町,无,无要求,,
465,563,伊达晴宗,伊达,精确匹配,lord_1_date_2,Date Harumune,clan_date_1,ou,精确匹配织丰,,1519,1554,1577,病死,伊达稙宗,463,,,石川昭光 伊达实元 伊达成实 伊达稙宗 伊达辉宗 伊达政宗 留守政景 亘理元宗 伊达小次郎,只限武将,48,48,性急,勇敢,普通,普通,不重情义,84,艺术品,贪心,普通,藤原氏,刀剑,76,56,81,80,79,2,3,1,0,2,1,3,1,2,1,2,2,1,2,1,2,无,强袭，刚弓,无,一般条件,,,已登场,伊达晴宗,大名,首领,伊达家,米泽城,无,已登场,伊达晴宗,大名,首领,伊达家,米泽城,无,已登场,伊达晴宗,大名,首领,伊达家,米泽城,无,已登场,伊达晴宗,浪人,其他,无,仙台之町,无,已登场,伊达晴宗,家老,直臣,伊达家,米泽城,无,已死亡,伊达晴宗,无效,无效,无,无效,无,已死亡,伊达晴宗,无效,无效,无,无效,无,已死亡,伊达晴宗,无效,无效,无,无效,无,已登场,伊达晴宗,浪人,其他,无,木更津之町,无,
890,946,武将,留守显宗,留守顯宗,精确匹配,留守显宗,100,lord_1_rusu_1,clan_rusu_1,ou,Rusu Akimune,Rusu Akimune,1519,1549,1586,刀剑,31,38,34,63,52,1,1,0,0,0,0,0,0,1,1,0,2,2,1,0,0,无,拔突,无,,,,,,只限武将,60,60,普通,胆小,现实,慎重,重视情义,40,艺术品,普通,普通,源氏,已登场,留守显宗,部将,直臣,伊达家,米泽城,无,已登场,留守显宗,部将,直臣,伊达家,米泽城,无,已登场,留守显宗,部将,直臣,伊达家,米泽城,无,已登场,留守显宗,部将,直臣,伊达家,米泽城,无,已登场,留守显宗,部将,直臣,伊达家,米泽城,无,已登场,留守显宗,部将,直臣,伊达家,米泽城,无,已登场,留守显宗,部将,直臣,伊达家,米泽城,无,已死亡,留守显宗,无效,无效,无,无效,无,已登场,留守显宗,浪人,其他,无,小仓之町,无,无要求,,
466,564,伊达政宗,伊达,精确匹配,lord_1_date_6,Date Masamune,clan_date_1,ou,精确匹配织丰,,1567,1577,1636,病死,伊达辉宗,464,伊达晴宗,465,石川昭光 伊达辉宗 伊达晴宗 留守政景 伊达小次郎,只限武将,62,62,性急,勇敢,现实,慎重,不重情义,90,南蛮物,贪心,普通,藤原氏,刀剑,93,79,94,92,96,3,4,4,2,3,3,3,2,3,4,3,3,2,3,2,3,齐攻，狙击，钓瓶击，骑射突击，土龙攻，影武者,强袭，连续斩，拔突，二连苦无，急所击，刚弓，刚力，铁壁，伤药，丢钱,策士,一般条件,伊达三杰 片仓景纲/伊达成实/鬼庭纲元,,未登场,伊达政宗,部将,陪臣（伊达辉宗）,伊达家,米泽城,无,未登场,伊达政宗,部将,陪臣（伊达辉宗）,伊达家,米泽城,无,未登场,伊达政宗,足轻组头,陪臣（伊达辉宗）,伊达家,米泽城,无,未登场,伊达政宗,部将,陪臣（伊达辉宗）,伊达家,米泽城,无,未登场,伊达政宗,部将,陪臣（伊达辉宗）,伊达家,米泽城,无,已登场,伊达政宗,家老,直臣,伊达家,米泽城,无,已登场,伊达政宗,大名,首领,伊达家,米泽城,无,已登场,伊达政宗,大名,首领,伊达家,仙台城,无,已登场,伊达政宗,浪人,其他,无,岐阜之町,无,
467,565,田中胜介,田中,需新建,lord_1_tanaka,Tanaka Katsuie,,,,,1571,1585,1620,病死,,,,,,武将以外优先,62,62,普通,勇敢,理想,轻率,普通,84,南蛮物,贪心,嗜酒如命,其他,枪,53,38,56,67,59,0,0,0,2,0,0,0,0,0,0,2,3,1,3,2,3,无,拔突，伤药，丢钱,无,无要求,,,未登场,田中胜介,浪人,其他,无,京之町,无,未登场,田中胜介,浪人,其他,无,京之町,无,未登场,田中胜介,浪人,其他,无,京之町,无,未登场,田中胜介,浪人,其他,无,京之町,无,未登场,田中胜介,浪人,其他,无,京之町,无,未登场,田中胜介,浪人,其他,无,京之町,无,未登场,田中胜介,浪人,其他,无,京之町,无,已登场,田中胜介,浪人,其他,无,京之町,无,已登场,田中胜介,足轻组头,直臣,中岛家,岩尾城,无,
468,566,田中吉政,田中,需新建,lord_1_tanakayoshimasa,Tanaka Yoshimasa,,,,,1548,1562,1609,病死,,,,,,全职种,16,16,普通,胆小,现实,普通,不重情义,70,南蛮物,普通,普通,其他,刀剑,52,54,64,47,49,1,0,1,0,0,0,1,0,0,2,1,2,1,2,2,2,无,强袭,无,无要求,,,未登场,田中吉政,足轻组头,陪臣（宫部继润）,浅井家,小谷城,无,未登场,田中吉政,足轻组头,陪臣（宫部继润）,浅井家,小谷城,无,未登场,田中吉政,足轻组头,陪臣（宫部继润）,浅井家,小谷城,无,已登场,田中吉政,足轻组头,陪臣（宫部继润）,浅井家,小谷城,无,已登场,田中吉政,足轻组头,陪臣（羽柴秀吉）,织田家,长滨城,无,已登场,田中吉政,足轻组头,陪臣（羽柴秀吉）,织田家,姬路城,无,已登场,田中吉政,足轻组头,陪臣（宫部继润）,羽柴家,鸟取城,无,已登场,田中吉政,大名,首领,田中家,冈崎城,无,已登场,田中吉政,足轻组头,直臣,中岛家,岩尾城,无,
469,567,谷忠澄,谷,需新建,lord_1_tanitadazumi,Tani Tadamasa,,,,,1534,1554,1600,病死,谷忠澄父,1318,,,泷本寺非有,全职种,80,80,普通,普通,普通,慎重,普通,35,书籍,无欲,滴酒不沾,其他,刀剑,37,43,63,67,57,1,0,0,0,0,0,0,0,0,2,1,2,3,3,1,1,无,强袭,无,无要求,,,已登场,谷忠澄,侍大将,直臣,长宗我部家,冈丰城,无,已登场,谷忠澄,侍大将,直臣,长宗我部家,冈丰城,无,已登场,谷忠澄,侍大将,直臣,长宗我部家,冈丰城,无,已登场,谷忠澄,侍大将,直臣,长宗我部家,冈丰城,无,已登场,谷忠澄,侍大将,直臣,长宗我部家,冈丰城,无,已登场,谷忠澄,侍大将,直臣,长宗我部家,冈丰城,无,已登场,谷忠澄,侍大将,直臣,长宗我部家,冈丰城,无,已登场,谷忠澄,城主,直臣,长宗我部家,中村城,无,已登场,谷忠澄,浪人,其他,无,姬路之町,无,
470,568,种子岛时尧,种子岛,精确匹配,lord_1_tanegashima,Tanegashima Tokitaka,clan_tanegashima_1,saikai,精确匹配织丰,,1528,1554,1579,病死,,,,,种子岛久时,全职种,30,30,普通,普通,现实,慎重,普通,59,南蛮物,贪心,普通,平氏,火绳枪,57,50,66,63,62,2,1,4,1,3,3,1,0,2,0,2,2,0,3,1,0,枪炮乱射,强袭，连续斩，拔突，急所击，二挺击，刚弓，石火，乱射，刚力，铁壁,火枪名人,无要求,,,已登场,种子岛时尧,侍大将,直臣,岛津家,内城,无,已登场,种子岛时尧,侍大将,直臣,岛津家,内城,无,已登场,种子岛时尧,侍大将,直臣,岛津家,内城,无,已登场,种子岛时尧,侍大将,直臣,岛津家,内城,无,已登场,种子岛时尧,侍大将,直臣,岛津家,内城,无,已死亡,种子岛时尧,无效,无效,无,无效,无,已死亡,种子岛时尧,无效,无效,无,无效,无,已死亡,种子岛时尧,无效,无效,无,无效,无,已登场,种子岛时尧,水夫头,直臣,村上水军,三岛之砦,无,
896,605,武将,土居清良,土居清良,精确匹配,土居清良,100,lord_1_doi,clan_doi_1,nankai,Doi Kiyoyoshi,Doi Kiyoyoshi,1546,1560,1629,刀剑,81,77,86,90,83,2,2,3,1,2,1,2,0,1,3,1,2,3,3,2,1,土龙攻,强袭，急所击，刚弓,能吏,,,,,,全职种,30,30,温和,普通,现实,普通,普通,80,书籍,贪心,嗜酒如命,其他,未登场,土居清良,部将,陪臣（西园寺公广）,河野家,宇和岛城,无,未登场,土居清良,部将,陪臣（西园寺公广）,河野家,宇和岛城,无,已登场,土居清良,部将,陪臣（西园寺公广）,河野家,宇和岛城,无,已登场,土居清良,部将,陪臣（西园寺公广）,河野家,宇和岛城,无,已登场,土居清良,部将,陪臣（西园寺公广）,大友家,宇和岛城,无,已登场,土居清良,部将,陪臣（西园寺公广）,大友家,宇和岛城,无,已登场,土居清良,部将,陪臣（西园寺公广）,大友家,宇和岛城,无,已登场,土居清良,浪人,其他,无,府内之町,无,已登场,土居清良,浪人,其他,无,丸龟之町,无,一般条件,,
897,469,武将,岛津忠直,島津忠直,姓氏推断,,50,shimazu_tadanao,clan_shimazu_1,saikai,Shimazu Tadanao,,1534,1549,1604,刀剑,42,33,42,47,60,1,1,0,0,0,0,1,0,1,0,0,0,2,0,1,2,无,拔突,无,,,,,,只限武将,15,15,温和,胆小,现实,慎重,重视情义,40,书籍,普通,普通,源氏,已登场,岛津忠直,浪人,其他,无,小诸之町,无,已登场,岛津忠直,浪人,其他,无,小诸之町,无,已登场,岛津忠直,浪人,其他,无,小诸之町,无,已登场,岛津忠直,浪人,其他,无,小诸之町,无,已登场,岛津忠直,浪人,其他,无,小诸之町,无,已登场,岛津忠直,浪人,其他,无,小诸之町,无,已登场,岛津忠直,部将,直臣,上杉家,春日山城,无,已登场,岛津忠直,浪人,其他,无,小诸之町,无,已登场,岛津忠直,水夫头,直臣,村上水军,三岛之砦,无,无要求,,
471,569,种子岛久时,种子岛,精确匹配,lord_1_tanegashima_2,Tanegashima Hisatoki,clan_tanegashima_1,saikai,精确匹配织丰,,1568,1582,1611,病死,种子岛时尧,470,,,种子岛时尧,全职种,30,30,普通,勇敢,普通,慎重,普通,65,南蛮物,贪心,普通,平氏,火绳枪,61,45,58,59,54,1,1,4,1,2,3,0,0,0,0,2,2,0,2,1,1,枪炮乱射，钓瓶击,强袭，连续斩，拔突，急所击，二挺击，刚弓，石火，乱射，刚力，铁壁,火枪名人,无要求,,,未登场,种子岛久时,足轻组头,陪臣（种子岛时尧）,岛津家,内城,无,未登场,种子岛久时,足轻组头,陪臣（种子岛时尧）,岛津家,内城,无,未登场,种子岛久时,足轻组头,陪臣（种子岛时尧）,岛津家,内城,无,未登场,种子岛久时,足轻组头,陪臣（种子岛时尧）,岛津家,内城,无,未登场,种子岛久时,足轻组头,陪臣（种子岛时尧）,岛津家,内城,无,已登场,种子岛久时,足轻组头,直臣,岛津家,内城,无,已登场,种子岛久时,足轻组头,直臣,岛津家,内城,无,已登场,种子岛久时,部将,直臣,岛津家,内城,无,已登场,种子岛久时,水夫头,直臣,村上水军,三岛之砦,无,
899,834,武将,三木直赖,三木直賴,姓氏推断,,50,miki_choku,clan_miki_1,tosan,Miki Naoyori,,1497,1549,1554,刀剑,62,55,60,61,62,1,0,0,1,0,0,1,0,2,0,0,0,2,2,0,1,无,拔突,无,,,,,姊小路赖纲 姊小路良赖,只限武将,20,20,普通,勇敢,现实,普通,普通,70,书籍,贪心,嗜酒如命,藤原氏,已登场,三木直赖,大名,首领,三木家,松仓城,无,已死亡,三木直赖,无效,无效,无,无效,无,已死亡,三木直赖,无效,无效,无,无效,无,已死亡,三木直赖,无效,无效,无,无效,无,已死亡,三木直赖,无效,无效,无,无效,无,已死亡,三木直赖,无效,无效,无,无效,无,已死亡,三木直赖,无效,无效,无,无效,无,已死亡,三木直赖,无效,无效,无,无效,无,已登场,三木直赖,家老,直臣,三刀屋家,骏府城,无,无要求,,
472,570,田村清显,田村,精确匹配,lord_1_tamura_2,Tamura Kiyoaki,clan_tamura_1,ou,精确匹配织丰,,1531,1554,1586,病死,,,,,,只限武将,46,46,普通,勇敢,普通,轻率,普通,50,武具,普通,普通,平氏,刀剑,64,52,51,47,53,2,2,0,0,0,0,2,0,1,1,0,0,0,0,0,0,无,强袭,无,无要求,,,已登场,田村清显,家老,直臣,芦名家,黑川城,无,已登场,田村清显,家老,直臣,芦名家,黑川城,无,已登场,田村清显,家老,直臣,芦名家,黑川城,无,已登场,田村清显,家老,直臣,芦名家,黑川城,无,已登场,田村清显,家老,直臣,芦名家,黑川城,无,已登场,田村清显,家老,直臣,芦名家,黑川城,无,已登场,田村清显,家老,直臣,芦名家,黑川城,无,已死亡,田村清显,无效,无效,无,无效,无,已登场,田村清显,浪人,其他,无,柳川之町,无,
901,135,武将,色部显长,色部顯長,精确匹配,色部显长,100,lord_1_irobe_2,clan_irobe_1,hokuriku,Irobe Akinaga,Irobe Akinaga,1549,1563,1587,刀剑,38,38,52,43,37,1,1,0,0,1,0,2,0,2,0,1,0,2,2,0,1,无,强袭,无,色部胜长,112,,,色部胜长 色部长实,全职种,15,15,普通,胆小,现实,慎重,普通,42,艺术品,普通,嗜酒如命,平氏,未登场,色部显长,足轻组头,陪臣（色部胜长）,长尾家,春日山城,无,未登场,色部显长,足轻组头,陪臣（色部胜长）,长尾家,春日山城,无,未登场,色部显长,足轻组头,陪臣（色部胜长）,长尾家,春日山城,无,已登场,色部显长,足轻组头,陪臣（色部胜长）,上杉家,春日山城,无,已登场,色部显长,足轻组头,直臣,上杉家,春日山城,无,已登场,色部显长,足轻组头,直臣,上杉家,春日山城,无,已登场,色部显长,足轻组头,直臣,上杉家,春日山城,无,已死亡,色部显长,无效,无效,无,无效,无,已登场,色部显长,浪人,其他,无,杂贺之町,无,一般条件,,
473,572,多罗尾光俊,多罗尾,需新建,lord_1_tamitsutoshi,Tarou Mitsutoshi,,,,,1514,1554,1609,病死,,,,,,武将以外优先,90,90,普通,普通,普通,慎重,重视情义,39,武具,无欲,普通,藤原氏,苦无,56,72,33,63,71,3,2,2,0,1,3,2,4,0,0,2,0,1,2,0,0,城门爆破，鬼脚之术，奈落之术，红莲之术，伪情报,强袭，连续斩，拔突，二连苦无，半月，猛毒苦无，十字投，乱苦无，叠返之术，刚力，铁壁,苦无名人,一般条件,,,已登场,多罗尾光俊,头目,首领,甲贺众,甲贺之里,无,已登场,多罗尾光俊,头目,首领,甲贺众,甲贺之里,无,已登场,多罗尾光俊,头目,首领,甲贺众,甲贺之里,无,已登场,多罗尾光俊,头目,首领,甲贺众,甲贺之里,无,已登场,多罗尾光俊,头目,首领,甲贺众,甲贺之里,无,已登场,多罗尾光俊,头目,首领,甲贺众,甲贺之里,无,已登场,多罗尾光俊,头目,首领,甲贺众,甲贺之里,无,已登场,多罗尾光俊,侍大将,直臣,德川家,江户城,无,已登场,多罗尾光俊,浪人,其他,无,津山之町,无,
903,175,武将,江上家种,江上家種,精确匹配,江上家种,100,lord_1_ryuzoji_4,clan_ryuzoji_1,saikai,Ryuzoji Ietane,Ryuzoji Ietane,1558,1572,1593,刀剑,73,63,25,25,64,3,2,3,2,0,2,1,0,1,0,1,0,0,0,0,1,无,强袭，拔突，急所击，刚力，铁壁,无,龙造寺隆信,785,,,龙造寺隆信 龙造寺政家,只限武将,60,60,普通,勇敢,理想,慎重,重视情义,53,南蛮物,普通,嗜酒如命,其他,未登场,江上家种,部将,直臣,龙造寺家,佐嘉城,无,未登场,江上家种,部将,直臣,龙造寺家,佐嘉城,无,未登场,江上家种,部将,直臣,龙造寺家,佐嘉城,无,未登场,江上家种,部将,直臣,龙造寺家,佐嘉城,无,已登场,江上家种,部将,直臣,龙造寺家,佐嘉城,无,已登场,江上家种,部将,直臣,龙造寺家,佐嘉城,无,已登场,江上家种,部将,直臣,龙造寺家,佐嘉城,无,已死亡,江上家种,无效,无效,无,无效,无,已登场,江上家种,部将,直臣,上泉家,内城,无,无要求,,
474,573,田原亲贤,田原,需新建,lord_1_tahara,Tahara Chikayoshi,,,,,1537,1554,1600,战死,,,,,,全职种,83,83,性急,普通,普通,轻率,普通,64,南蛮物,贪心,普通,藤原氏,刀剑,62,48,59,62,67,1,2,1,1,1,2,1,0,1,1,0,0,0,0,0,1,无,强袭，拔突，铁壁,无,无要求,,,已登场,田原亲贤,部将,直臣,大友家,府内城,无,已登场,田原亲贤,部将,直臣,大友家,府内城,无,已登场,田原亲贤,部将,直臣,大友家,府内城,无,已登场,田原亲贤,部将,直臣,大友家,府内城,无,已登场,田原亲贤,部将,直臣,大友家,府内城,无,已登场,田原亲贤,部将,直臣,大友家,府内城,无,已登场,田原亲贤,部将,直臣,大友家,府内城,无,已登场,田原亲贤,浪人,其他,无,府内之町,无,已登场,田原亲贤,浪人,其他,无,安土之町,无,
475,574,千贺孙兵卫,千贺,需新建,lord_1_senhei,Chika Sonbee,,,,,1540,1554,1611,病死,,,,,,武将以外优先,73,73,温和,普通,普通,轻率,不重情义,55,艺术品,普通,普通,其他,刀剑,44,46,17,23,43,1,0,1,3,3,2,1,2,0,0,0,0,0,0,0,0,进水,强袭，拔突，二连苦无，刚弓，铁壁,无,无要求,,,未登场,千贺孙兵卫,船头,直臣,骏河水军,清水之砦,无,已登场,千贺孙兵卫,船头,直臣,骏河水军,清水之砦,无,已登场,千贺孙兵卫,船头,直臣,骏河水军,清水之砦,无,已登场,千贺孙兵卫,船头,直臣,骏河水军,清水之砦,无,已登场,千贺孙兵卫,船头,直臣,骏河水军,清水之砦,无,已登场,千贺孙兵卫,船头,直臣,骏河水军,清水之砦,无,已登场,千贺孙兵卫,船头,直臣,骏河水军,清水之砦,无,已登场,千贺孙兵卫,船头,直臣,江户水军,三崎之砦,无,已登场,千贺孙兵卫,家老,直臣,千家,海津城,无,
906,361,武将,河野通直,河野通直,精确匹配,河野通直,100,lord_1_kawano_2,clan_kawano_1,sanyo,Kawano Michinao,Kawano Michinao,1500,1549,1572,刀剑,32,26,77,63,42,0,1,0,0,0,0,1,0,0,0,0,1,2,2,0,0,无,拔突,无,,,,,,全职种,40,40,普通,普通,现实,轻率,普通,50,艺术品,普通,普通,其他,已登场,河野通直,家老,直臣,河野家,汤筑城,无,已登场,河野通直,家老,直臣,河野家,汤筑城,无,已登场,河野通直,家老,直臣,河野家,汤筑城,无,已登场,河野通直,家老,直臣,河野家,汤筑城,无,已死亡,河野通直,无效,无效,无,无效,无,已死亡,河野通直,无效,无效,无,无效,无,已死亡,河野通直,无效,无效,无,无效,无,已死亡,河野通直,无效,无效,无,无效,无,已登场,河野通直,部将,直臣,河尻家,水户城,无,无要求,,
907,49,武将,姊小路良赖,姉小路良頼,精确匹配,姊小路良赖,100,lord_1_anekouji,clan_anekouji_1,tosan,Anekouji Yoshiyori,Anekouji Yoshiyori,1516,1549,1572,刀剑,55,50,43,61,54,1,1,0,1,1,0,1,0,1,1,1,0,2,2,1,0,无,强袭,无,三木直赖,899,,,姊小路赖纲 三木直赖,只限武将,20,20,普通,勇敢,现实,普通,不重情义,75,艺术品,贪心,普通,藤原氏,已登场,三木良纲,家老,直臣,三木家,松仓城,无,已登场,三木良纲,大名,首领,三木家,松仓城,无,已登场,三木良纲,大名,首领,三木家,松仓城,无,已登场,姊小路良赖,大名,首领,姊小路家,松仓城,无,已死亡,姊小路良赖,无效,无效,无,无效,无,已死亡,姊小路良赖,无效,无效,无,无效,无,已死亡,姊小路良赖,无效,无效,无,无效,无,已死亡,姊小路良赖,无效,无效,无,无效,无,已登场,姊小路良赖,部将,直臣,小笠原家,小仓城,无,无要求,,
476,575,千坂景亲,千坂,需新建,lord_1_chisakakei,Chisaka Kagechika,,,,,1536,1554,1606,病死,,,,,,全职种,15,15,温和,普通,现实,慎重,重视情义,55,书籍,普通,滴酒不沾,藤原氏,刀剑,27,36,61,82,77,0,1,0,0,0,0,1,0,0,0,0,1,2,3,1,2,无,强袭,无,无要求,,,已登场,千坂景亲,足轻大将,直臣,长尾家,春日山城,无,已登场,千坂景亲,足轻大将,直臣,长尾家,春日山城,无,已登场,千坂景亲,足轻大将,直臣,长尾家,春日山城,无,已登场,千坂景亲,足轻大将,直臣,上杉家,春日山城,无,已登场,千坂景亲,足轻大将,直臣,上杉家,春日山城,无,已登场,千坂景亲,足轻大将,直臣,上杉家,春日山城,无,已登场,千坂景亲,足轻大将,直臣,上杉家,春日山城,无,已登场,千坂景亲,部将,直臣,上杉家,会津若松城,无,已登场,千坂景亲,家老,直臣,千家,海津城,无,
477,577,千叶邦胤,千叶,精确匹配,lord_1_chiba_5,Chiba Kunitane,clan_chiba_1,kanto,精确匹配织丰,,1557,1571,1585,病死,千叶胤富,478,,,千叶胤富,全职种,80,80,普通,普通,普通,轻率,普通,51,书籍,贪心,普通,平氏,刀剑,34,36,39,51,34,1,1,1,0,0,0,0,1,0,1,0,1,0,1,0,0,无,强袭,无,无要求,,,未登场,千叶邦胤,足轻组头,陪臣（千叶胤富）,北条家,佐仓城,无,未登场,千叶邦胤,足轻组头,陪臣（千叶胤富）,北条家,佐仓城,无,未登场,千叶邦胤,足轻组头,陪臣（千叶胤富）,北条家,佐仓城,无,未登场,千叶邦胤,足轻组头,陪臣（千叶胤富）,北条家,佐仓城,无,已登场,千叶邦胤,足轻组头,陪臣（千叶胤富）,北条家,佐仓城,无,已登场,千叶邦胤,城主,直臣,北条家,佐仓城,无,已登场,千叶邦胤,城主,直臣,北条家,佐仓城,无,已死亡,千叶邦胤,无效,无效,无,无效,无,已登场,千叶邦胤,部将,直臣,千家,海津城,无,
478,578,千叶胤富,千叶,精确匹配,lord_1_chiba,Chiba Tanetomi,clan_chiba_1,kanto,精确匹配织丰,,1525,1554,1579,病死,,,,,千叶邦胤,只限武将,80,80,普通,勇敢,普通,轻率,普通,53,书籍,普通,普通,平氏,刀剑,59,44,56,57,55,2,2,1,0,0,0,2,1,0,0,1,0,1,0,1,1,无,强袭,无,无要求,,,已登场,千叶胤富,城主,直臣,北条家,佐仓城,无,已登场,千叶胤富,城主,直臣,北条家,佐仓城,无,已登场,千叶胤富,城主,直臣,北条家,佐仓城,无,已登场,千叶胤富,城主,直臣,北条家,佐仓城,无,已登场,千叶胤富,城主,直臣,北条家,佐仓城,无,已死亡,千叶胤富,无效,无效,无,无效,无,已死亡,千叶胤富,无效,无效,无,无效,无,已死亡,千叶胤富,无效,无效,无,无效,无,已登场,千叶胤富,部将,直臣,千家,海津城,无,
479,580,茶屋又四郎,茶屋,需新建,lord_1_chayamatashirou,Chaya Matashiro,,,,,1584,1598,1622,病死,茶屋四郎次郎,480,,,茶屋四郎次郎,武将以外优先,90,90,普通,勇敢,理想,普通,普通,57,南蛮物,贪心,嗜酒如命,源氏,枪,31,41,57,62,51,0,0,0,0,0,1,0,1,1,1,1,3,3,3,3,2,无,拔突，丢钱,风雅之士,无要求,,,未登场,茶屋又四郎,掌柜,直臣,茶屋,京之町,无,未登场,茶屋又四郎,掌柜,直臣,茶屋,京之町,无,未登场,茶屋又四郎,掌柜,直臣,茶屋,京之町,无,未登场,茶屋又四郎,掌柜,直臣,茶屋,京之町,无,未登场,茶屋又四郎,掌柜,直臣,茶屋,京之町,无,未登场,茶屋又四郎,掌柜,直臣,茶屋,京之町,无,未登场,茶屋又四郎,掌柜,直臣,茶屋,京之町,无,已登场,茶屋又四郎,当家,首领,茶屋,京之町,无,已登场,茶屋又四郎,家老,直臣,茶屋家,岐阜城,无,
912,18,武将,明智光安,明智光安,姓氏推断,,75,akechi_mitsuyasu,clan_akechi_1,tosan,Akechi Mitsuyasu,,1500,1549,1556,刀剑,69,42,61,51,77,3,2,0,1,2,1,1,0,0,1,0,0,3,2,0,1,齐攻,拔突，刚弓,无,(明智光继),1354,,,明智光秀,只限武将,0,60,温和,胆小,现实,慎重,重视情义,45,书籍,普通,普通,源氏,已登场,明智光安,部将,直臣,斋藤家,稻叶山城,无,已登场,明智光安,部将,直臣,斋藤家,稻叶山城,无,已死亡,明智光安,无效,无效,无,无效,无,已死亡,明智光安,无效,无效,无,无效,无,已死亡,明智光安,无效,无效,无,无效,无,已死亡,明智光安,无效,无效,无,无效,无,已死亡,明智光安,无效,无效,无,无效,无,已死亡,明智光安,无效,无效,无,无效,无,已登场,明智光安,浪人,其他,无,奈良之町,无,无要求,,
913,749,武将,别所重栋,別所重棟,姓氏推断,,75,bessho_juu,clan_bessho_1,kinai,Bessho Shigetake,,1529,1549,1591,刀剑,49,45,45,54,32,1,0,0,1,1,1,0,0,0,1,2,0,2,1,0,0,齐攻,强袭,无,别所就治,842,,,别所长治 别所就治,全职种,0,30,普通,胆小,普通,慎重,普通,56,艺术品,普通,普通,源氏,已登场,别所重栋,部将,陪臣（别所就治）,赤松家,三木城,无,已登场,别所重栋,部将,陪臣（别所就治）,赤松家,三木城,无,已登场,别所重栋,部将,陪臣（别所就治）,赤松家,三木城,无,已登场,别所重栋,部将,陪臣（别所长治）,赤松家,三木城,无,已登场,别所重栋,部将,陪臣（别所长治）,赤松家,三木城,无,已登场,别所重栋,部将,直臣,织田家,安土城,无,已登场,别所重栋,部将,直臣,羽柴家,石山本愿寺,无,已死亡,别所重栋,无效,无效,无,无效,无,已登场,别所重栋,浪人,其他,无,安土之町,无,无要求,,
480,579,茶屋四郎次郎,茶屋,需新建,lord_1_chayashiroujirou,Chaya Shiroujiro,,,,,1545,1559,1596,病死,,,,,茶屋又四郎,武将以外优先,90,90,温和,胆小,现实,慎重,重视情义,49,南蛮物,贪心,普通,源氏,枪,10,3,68,79,67,0,0,0,0,0,0,0,0,0,2,2,4,3,4,2,3,无,拔突，伤药，丢钱，贿赂，大宴宾客,风雅之士,一般条件,,,已登场,茶屋四郎次郎,当家,首领,茶屋,京之町,无,已登场,茶屋四郎次郎,当家,首领,茶屋,京之町,无,已登场,茶屋四郎次郎,当家,首领,茶屋,京之町,无,已登场,茶屋四郎次郎,当家,首领,茶屋,京之町,无,已登场,茶屋四郎次郎,当家,首领,茶屋,京之町,无,已登场,茶屋四郎次郎,当家,首领,茶屋,京之町,无,已登场,茶屋四郎次郎,当家,首领,茶屋,京之町,无,已死亡,茶屋四郎次郎,无效,无效,无,无效,无,已登场,茶屋四郎次郎,大名,首领,茶屋家,岐阜城,无,
915,936,武将,吉弘镇信,吉弘鎮信,精确匹配,吉弘镇信,100,lord_1_yoshihiro_2,clan_yoshihiro_1,saikai,Yoshihiro Shigenobu,Yoshihiro Shigenobu,1540,1554,1578,刀剑,56,55,51,48,49,2,2,0,0,1,0,0,0,0,0,1,0,2,1,0,0,齐攻,强袭，连续斩,无,吉弘鉴理,778,,,高桥绍运 立花直次 立花宗茂 吉弘鉴理,只限武将,80,80,普通,普通,普通,普通,重视情义,70,南蛮物,贪心,普通,藤原氏,未登场,吉弘镇信,足轻组头,直臣,大友家,府内城,无,已登场,吉弘镇信,足轻组头,直臣,大友家,府内城,无,已登场,吉弘镇信,足轻组头,直臣,大友家,府内城,无,已登场,吉弘镇信,足轻组头,直臣,大友家,府内城,无,已登场,吉弘镇信,足轻组头,直臣,大友家,府内城,无,已死亡,吉弘镇信,无效,无效,无,无效,无,已死亡,吉弘镇信,无效,无效,无,无效,无,已死亡,吉弘镇信,无效,无效,无,无效,无,已登场,吉弘镇信,浪人,其他,无,松仓之町,无,无要求,,
481,581,长宗我部国亲,长宗我部,模糊匹配,lord_1_chosokabe,Chosokabe Kunichika,clan_chosokabe_1,nankai,家族和文化自动推断,,1504,1554,1560,病死,,,,,香川亲和 吉良亲贞 吉良亲实 香宗我部亲泰 长宗我部信亲 长宗我部元亲 长宗我部盛亲 津野亲忠,只限武将,80,80,性急,勇敢,普通,轻率,重视情义,79,武具,贪心,嗜酒如命,其他,刀剑,84,73,69,66,71,3,2,1,2,1,1,2,1,2,1,1,0,0,1,0,0,无,强袭,无,一般条件,,,已登场,长宗我部国亲,大名,首领,长宗我部家,冈丰城,无,已登场,长宗我部国亲,大名,首领,长宗我部家,冈丰城,无,已死亡,长宗我部国亲,无效,无效,无,无效,无,已死亡,长宗我部国亲,无效,无效,无,无效,无,已死亡,长宗我部国亲,无效,无效,无,无效,无,已死亡,长宗我部国亲,无效,无效,无,无效,无,已死亡,长宗我部国亲,无效,无效,无,无效,无,已死亡,长宗我部国亲,无效,无效,无,无效,无,已登场,长宗我部国亲,浪人,其他,无,长船之町,无,
482,582,长宗我部信亲,长宗我部,精确匹配,lord_1_chosokabe_2,Chosokabe Nobuchika,clan_chosokabe_1,nankai,精确匹配织丰,,1565,1579,1586,战死,长宗我部元亲,483,长宗我部国亲,481,香川亲和 吉良亲贞 吉良亲实 香宗我部亲泰 长宗我部国亲 长宗我部元亲 长宗我部盛亲 津野亲忠,只限武将,89,89,温和,普通,普通,轻率,重视情义,43,书籍,普通,普通,其他,刀剑,75,69,67,60,82,2,2,0,0,1,2,2,0,2,1,1,1,1,1,1,1,无,强袭，拔突，铁壁,无,无要求,,,未登场,长宗我部信亲,家老,直臣,长宗我部家,冈丰城,无,未登场,长宗我部信亲,部将,陪臣（长宗我部元亲）,长宗我部家,冈丰城,无,未登场,长宗我部信亲,家老,直臣,长宗我部家,冈丰城,无,未登场,长宗我部信亲,家老,直臣,长宗我部家,冈丰城,无,未登场,长宗我部信亲,家老,直臣,长宗我部家,冈丰城,无,已登场,长宗我部信亲,家老,直臣,长宗我部家,冈丰城,无,已登场,长宗我部信亲,家老,直臣,长宗我部家,冈丰城,无,已死亡,长宗我部信亲,无效,无效,无,无效,无,已登场,长宗我部信亲,浪人,其他,无,长船之町,无,
918,66,武将,有马丰氏,有馬豐氏,姓氏推断,,50,arima,clan_arima_1,saikai,Arima Tomofusa,,1569,1583,1642,刀剑,61,45,65,54,42,2,1,1,2,0,1,2,0,3,0,0,0,1,0,3,1,土龙攻,拔突,风雅之士,,,,,,只限武将,0,0,普通,胆小,普通,慎重,不重情义,64,艺术品,贪心,普通,源氏,未登场,有马丰氏,浪人,其他,无,姬路之町,无,未登场,有马丰氏,浪人,其他,无,姬路之町,无,未登场,有马丰氏,浪人,其他,无,姬路之町,无,未登场,有马丰氏,浪人,其他,无,姬路之町,无,未登场,有马丰氏,浪人,其他,无,姬路之町,无,未登场,有马丰氏,浪人,其他,无,姬路之町,无,已登场,有马丰氏,足轻组头,直臣,羽柴家,石山本愿寺,无,已登场,有马丰氏,浪人,其他,无,姬路之町,无,已登场,有马丰氏,中忍,直臣,风魔众,风魔之里,无,无要求,,
483,583,长宗我部元亲,长宗我部,精确匹配,lord_1_chosokabe,Chosokabe Motochika,clan_chosokabe_1,nankai,精确匹配织丰,,1539,1560,1599,病死,长宗我部国亲,481,,,香川亲和 吉良亲贞 吉良亲实 香宗我部亲泰 长宗我部国亲 长宗我部信亲 长宗我部盛亲 津野亲忠,只限武将,80,80,普通,普通,理想,轻率,普通,94,南蛮物,贪心,嗜酒如命,其他,刀剑,92,68,89,85,84,3,2,2,3,2,2,3,1,3,3,1,3,2,3,2,2,无,强袭，拔突，刚弓，铁壁，丢钱,无,一般条件,,,已登场,长宗我部元亲,家老,直臣,长宗我部家,冈丰城,无,已登场,长宗我部元亲,部将,直臣,长宗我部家,冈丰城,无,已登场,长宗我部元亲,大名,首领,长宗我部家,冈丰城,无,已登场,长宗我部元亲,大名,首领,长宗我部家,冈丰城,无,已登场,长宗我部元亲,大名,首领,长宗我部家,冈丰城,无,已登场,长宗我部元亲,大名,首领,长宗我部家,冈丰城,无,已登场,长宗我部元亲,大名,首领,长宗我部家,冈丰城,无,已登场,长宗我部元亲,家老,直臣,长宗我部家,冈丰城,无,已登场,长宗我部元亲,浪人,其他,无,长船之町,无,
484,584,长宗我部盛亲,长宗我部,模糊匹配,lord_1_chosokabe,Chosokabe Morichika,clan_chosokabe_1,nankai,家族和文化自动推断,,1575,1589,1615,战死,长宗我部元亲,483,长宗我部国亲,481,香川亲和 吉良亲贞 吉良亲实 香宗我部亲泰 长宗我部国亲 长宗我部信亲 长宗我部元亲 津野亲忠,全职种,99,99,性急,勇敢,理想,轻率,重视情义,78,武具,普通,嗜酒如命,其他,枪,62,72,31,27,64,1,2,1,0,1,2,2,0,0,0,0,0,2,2,1,0,无,强袭，拔突，铁壁,无,一般条件,,,未登场,长宗我部盛亲,足轻组头,直臣,长宗我部家,冈丰城,无,未登场,长宗我部盛亲,足轻组头,陪臣（长宗我部元亲）,长宗我部家,冈丰城,无,未登场,长宗我部盛亲,足轻组头,直臣,长宗我部家,冈丰城,无,未登场,长宗我部盛亲,足轻组头,直臣,长宗我部家,冈丰城,无,未登场,长宗我部盛亲,足轻组头,直臣,长宗我部家,冈丰城,无,未登场,长宗我部盛亲,足轻组头,直臣,长宗我部家,冈丰城,无,未登场,长宗我部盛亲,足轻组头,直臣,长宗我部家,冈丰城,无,已登场,长宗我部盛亲,大名,首领,长宗我部家,冈丰城,无,已登场,长宗我部盛亲,浪人,其他,无,长船之町,无,
921,99,武将,伊集院忠朗,伊集院忠朗,精确匹配,伊集院忠朗,100,lord_1_ijuin_10,clan_ijuin_1,saikai,Ijuin Tadaaki,Ijuin Tadaaki,1502,1549,1566,火绳枪,54,52,42,57,70,1,1,2,2,0,2,3,0,2,0,1,1,0,0,0,2,齐攻,强袭，拔突，急所击，刚力，铁壁,无,,,,,,只限武将,30,30,普通,普通,现实,慎重,重视情义,63,南蛮物,普通,嗜酒如命,源氏,已登场,伊集院忠朗,家老,直臣,岛津家,内城,无,已登场,伊集院忠朗,家老,直臣,岛津家,内城,无,已登场,伊集院忠朗,家老,直臣,岛津家,内城,无,已死亡,伊集院忠朗,无效,无效,无,无效,无,已死亡,伊集院忠朗,无效,无效,无,无效,无,已死亡,伊集院忠朗,无效,无效,无,无效,无,已死亡,伊集院忠朗,无效,无效,无,无效,无,已死亡,伊集院忠朗,无效,无效,无,无效,无,已登场,伊集院忠朗,浪人,其他,无,温泉津之町,无,一般条件,,
485,585,长续连,长,精确匹配,lord_1_cho,Cho Tsugutsura,clan_cho_1,hokuriku,精确匹配织丰,,1515,1560,1577,战死,,,,,长连龙,只限武将,90,90,普通,胆小,普通,轻率,不重情义,76,书籍,贪心,普通,源氏,刀剑,34,28,45,67,21,0,0,0,0,1,0,0,1,0,0,1,2,0,2,0,0,无,强袭,无,无要求,,,已登场,长续连,家老,直臣,畠山家,七尾城,无,已登场,长续连,家老,直臣,畠山家,七尾城,无,已登场,长续连,家老,直臣,畠山家,七尾城,无,已登场,长续连,大名,首领,长家,七尾城,无,已登场,长续连,大名,首领,长家,七尾城,无,已死亡,长续连,无效,无效,无,无效,无,已死亡,长续连,无效,无效,无,无效,无,已死亡,长续连,无效,无效,无,无效,无,已登场,长续连,浪人,其他,无,长船之町,无,
486,586,长连龙,长,精确匹配,lord_1_cho_4,Cho Turatatsu,clan_cho_1,hokuriku,精确匹配织丰,,1546,1560,1619,病死,长续连,485,,,长续连,全职种,90,90,温和,胆小,普通,轻率,普通,68,书籍,普通,普通,源氏,刀剑,39,33,54,51,42,0,0,0,0,0,0,0,0,1,0,1,1,3,1,1,1,无,强袭,无,无要求,,,未登场,长连龙,侍大将,陪臣（长续连）,畠山家,七尾城,无,未登场,长连龙,侍大将,陪臣（长续连）,畠山家,七尾城,无,已登场,长连龙,侍大将,直臣,畠山家,七尾城,无,已登场,长连龙,侍大将,直臣,长家,七尾城,无,已登场,长连龙,侍大将,直臣,长家,七尾城,无,已登场,长连龙,侍大将,陪臣（前田利家）,织田家,七尾城,无,已登场,长连龙,侍大将,直臣,前田家,尾山城,无,已登场,长连龙,侍大将,直臣,前田家,金泽城,无,已登场,长连龙,浪人,其他,无,长船之町,无,
487,587,塚原卜传,塚原,需新建,lord_1_tsukaharaboku,Tsukahara Bokuden,,,,,1490,1560,1572,病死,,,,,,没那个意思,0,0,普通,普通,普通,普通,普通,42,武具,无欲,滴酒不沾,其他,刀剑,47,99,45,41,77,0,0,0,0,2,4,3,2,0,0,0,0,0,0,0,2,无,强袭，连续斩，八神太刀，一之太刀，拔突，二连苦无，刚弓，神妙剑，当身，刚力，金刚力，铁壁，气声，辱骂，大喝，炯眼，罗刹,剑圣,一般条件,,,已登场,塚原卜传,师范,其他,无,鹿岛之町,新当流,已登场,塚原卜传,师范,其他,无,鹿岛之町,新当流,已登场,塚原卜传,师范,其他,无,鹿岛之町,新当流,已登场,塚原卜传,师范,其他,无,鹿岛之町,新当流,已死亡,塚原卜传,无效,无效,无,无效,无,已死亡,塚原卜传,无效,无效,无,无效,无,已死亡,塚原卜传,无效,无效,无,无效,无,已死亡,塚原卜传,无效,无效,无,无效,无,已登场,塚原卜传,师范,其他,无,鹿岛之町,新当流,
488,588,津轻为信,津轻,需新建,lord_1_tsushin,Tsugaru Tamenobu,,,,,1550,1564,1607,病死,,,,,津轻信枚,只限武将,16,16,普通,勇敢,现实,轻率,不重情义,94,艺术品,贪心,普通,藤原氏,刀剑,85,65,84,89,84,3,2,2,2,1,2,3,2,3,0,2,2,2,3,1,1,无,强袭，拔突，二连苦无，铁壁,策士,一般条件,,,未登场,大浦为信,城主,直臣,南部家,大浦城,无,未登场,大浦为信,部将,直臣,南部家,三户城,无,已登场,大浦为信,城主,直臣,南部家,大浦城,无,已登场,大浦为信,城主,直臣,南部家,大浦城,无,已登场,津轻为信,城主,直臣,南部家,大浦城,无,已登场,津轻为信,城主,直臣,南部家,大浦城,无,已登场,津轻为信,大名,首领,津轻家,大浦城,无,已登场,津轻为信,大名,首领,津轻家,大浦城,无,已登场,津轻为信,船头,直臣,盐饱水军,盐饱之砦,无,
489,592,柘植三之丞,柘植,需新建,lord_1_tsugesannojou,Tsuge Sannojou,,,,,1542,1555,1631,病死,,,,,,全职种,90,90,普通,勇敢,现实,普通,重视情义,55,武具,无欲,普通,平氏,苦无,24,83,23,57,49,2,0,4,0,1,2,1,4,0,0,2,2,0,1,1,2,城门爆破，鬼脚之术，雾隐之术，雷爆之术,强袭，拔突，二连苦无，半月，急所击，猛毒苦无，十字投，乱苦无，叠返之术，铁壁，分身之术,苦无名人,无要求,,,未登场,柘植三之丞,中忍,直臣,伊贺众,伊贺之里,无,未登场,柘植三之丞,中忍,直臣,伊贺众,伊贺之里,无,已登场,柘植三之丞,中忍,直臣,伊贺众,伊贺之里,无,已登场,柘植三之丞,中忍,直臣,伊贺众,伊贺之里,无,已登场,柘植三之丞,中忍,直臣,伊贺众,伊贺之里,无,已登场,柘植三之丞,中忍,直臣,伊贺众,伊贺之里,无,已登场,柘植三之丞,中忍,直臣,伊贺众,伊贺之里,无,已登场,柘植三之丞,上忍,直臣,伊贺众,伊贺之里,无,已登场,柘植三之丞,侍大将,直臣,三刀屋家,骏府城,无,
927,54,武将,天草四郎,天草四郎,姓氏推断,,50,amakusa_shirou,clan_amakusa_1,saikai,Amakusa Shirou,,1546,1560,1638,刀剑,67,32,57,77,89,1,1,3,0,0,2,1,1,0,0,0,2,0,3,0,0,加护,强袭，拔突，急所击，铁壁，伤药,无,,,,,,全职种,50,50,性急,勇敢,理想,轻率,普通,78,南蛮物,贪心,普通,其他,已死亡,天草四郎,无效,无效,无,无效,无,已死亡,天草四郎,无效,无效,无,无效,无,已死亡,天草四郎,无效,无效,无,无效,无,已死亡,天草四郎,无效,无效,无,无效,无,已死亡,天草四郎,无效,无效,无,无效,无,已死亡,天草四郎,无效,无效,无,无效,无,已死亡,天草四郎,无效,无效,无,无效,无,已死亡,天草四郎,无效,无效,无,无效,无,已登场,天草四郎,家老,直臣,茶屋家,岐阜城,无,不可,天主教大名 大友宗麟/有马晴信/黑田如水/小西行长,
490,597,津田信澄,津田,需新建,lord_1_tsudanobusumi,Tsuda Nobuzumi,,,,,1555,1569,1582,战死,织田信胜,190,织田信秀,803,织田有乐 织田信胜 织田信雄 织田信包 织田信孝 织田信忠 织田信长 织田信秀,全职种,30,30,普通,胆小,普通,轻率,普通,25,书籍,普通,普通,平氏,刀剑,43,44,39,41,78,0,1,0,1,1,0,1,1,0,0,1,1,1,0,1,0,无,强袭,无,无要求,,,未登场,津田信澄,足轻大将,陪臣（织田信胜）,织田家,那古野城,无,未登场,津田信澄,足轻大将,陪臣（织田信胜）,织田家,那古野城,无,未登场,津田信澄,足轻大将,直臣,织田家,清洲城,无,未登场,津田信澄,足轻大将,直臣,织田家,岐阜城,无,已登场,津田信澄,足轻大将,直臣,织田家,岐阜城,无,已登场,津田信澄,侍大将,直臣,织田家,安土城,无,已死亡,津田信澄,无效,无效,无,无效,无,已死亡,津田信澄,无效,无效,无,无效,无,已登场,津田信澄,头领,首领,盐饱水军,盐饱之砦,无,
929,558,武将,伊达小次郎,伊達小次郎,姓氏推断,,44,date_kojirou,clan_date_1,ou,Date Kojirou,,1568,1578,1590,刀剑,26,58,31,59,52,2,1,0,0,1,2,2,0,2,1,0,1,2,1,0,0,骑射突击,强袭，连续斩，毒斩，拔突，急所击，铁壁,无,伊达辉宗,464,伊达晴宗,465,石川昭光 伊达辉宗 伊达晴宗 伊达政宗 留守政景,只限武将,62,62,性急,勇敢,理想,轻率,不重情义,67,武具,普通,普通,藤原氏,未登场,伊达小次郎,足轻组头,直臣,伊达家,米泽城,无,未登场,伊达小次郎,足轻组头,直臣,伊达家,米泽城,无,未登场,伊达小次郎,足轻组头,直臣,伊达家,米泽城,无,未登场,伊达小次郎,足轻组头,直臣,伊达家,米泽城,无,未登场,伊达小次郎,足轻组头,直臣,伊达家,米泽城,无,已登场,伊达小次郎,足轻组头,直臣,伊达家,米泽城,无,已登场,伊达小次郎,足轻组头,直臣,伊达家,米泽城,无,已死亡,伊达小次郎,无效,无效,无,无效,无,已登场,伊达小次郎,足轻组头,直臣,小笠原家,小仓城,无,不可,,主角伊达政宗，兄弟之情剧情
491,598,土屋昌恒,土屋,需新建,lord_1_tsuchiyamasatsune,Tsuchiya Masatsune,,,,,1556,1570,1582,战死,,,,,,只限武将,90,90,普通,普通,普通,轻率,重视情义,19,武具,普通,普通,源氏,刀剑,52,71,21,30,58,2,2,0,0,0,3,0,0,0,0,0,0,1,0,0,1,无,强袭，连续斩，拔突，刚力，铁壁,无,无要求,,,未登场,土屋昌恒,足轻大将,直臣,武田家,踯躅崎馆,无,未登场,土屋昌恒,足轻大将,直臣,武田家,踯躅崎馆,无,未登场,土屋昌恒,足轻大将,直臣,武田家,踯躅崎馆,无,未登场,土屋昌恒,足轻大将,直臣,武田家,踯躅崎馆,无,已登场,土屋昌恒,足轻大将,直臣,武田家,踯躅崎馆,无,已登场,土屋昌恒,足轻大将,直臣,武田家,甲府城,无,已死亡,土屋昌恒,无效,无效,无,无效,无,已死亡,土屋昌恒,无效,无效,无,无效,无,已登场,土屋昌恒,浪人,其他,无,土崎凑之町,无,
492,599,筒井定次,筒井,精确匹配,lord_1_tsutsui_8,Tsutsui Sadatsugu,clan_tsutsui_1,kinai,精确匹配织丰,,1562,1576,1615,战死,,,筒井顺昭,819,筒井顺庆 筒井顺昭,全职种,3,3,普通,胆小,普通,慎重,普通,46,南蛮物,普通,普通,藤原氏,刀剑,24,22,34,17,49,0,0,0,0,0,0,0,0,1,1,0,0,0,1,1,1,无,强袭,无,无要求,,,未登场,筒井定次,足轻组头,陪臣（筒井顺庆）,筒井家,大和郡山城,无,未登场,筒井定次,足轻组头,陪臣（筒井顺庆）,筒井家,大和郡山城,无,未登场,筒井定次,足轻组头,直臣,筒井家,大和郡山城,无,未登场,筒井定次,足轻组头,直臣,筒井家,大和郡山城,无,未登场,筒井定次,足轻组头,陪臣（筒井顺庆）,筒井家,大和郡山城,无,已登场,筒井定次,足轻大将,陪臣（筒井顺庆）,织田家,大和郡山城,无,已登场,筒井定次,部将,直臣,筒井家,大和郡山城,无,已登场,筒井定次,大名,首领,筒井家,伊贺上野城,无,已登场,筒井定次,浪人,其他,无,小仓之町,无,
932,571,武将,多米元忠,多米元忠,姓氏推断,,67,satomi_mototada,clan_satomi_1,kanto,Tomi Mototada,,1519,1549,1590,刀剑,73,30,58,77,72,2,3,0,1,2,3,2,0,0,0,2,0,1,1,0,0,无,强袭，连续斩，拔突，刚弓，刚力，铁壁,无,,,,,,只限武将,82,82,普通,勇敢,普通,慎重,重视情义,89,书籍,贪心,嗜酒如命,其他,已登场,多米元忠,部将,直臣,北条家,小田原城,无,已登场,多米元忠,部将,直臣,北条家,小田原城,无,已登场,多米元忠,部将,直臣,北条家,小田原城,无,已登场,多米元忠,部将,直臣,北条家,小田原城,无,已登场,多米元忠,部将,直臣,北条家,小田原城,无,已登场,多米元忠,部将,直臣,北条家,小田原城,无,已登场,多米元忠,部将,直臣,北条家,小田原城,无,已死亡,多米元忠,无效,无效,无,无效,无,已登场,多米元忠,浪人,其他,无,小仓之町,无,一般条件,,
493,600,筒井顺庆,筒井,精确匹配,lord_1_tsutsui,Tsutsui Junkei,clan_tsutsui_1,kinai,精确匹配织丰,,1549,1563,1584,病死,筒井顺昭,819,,,筒井定次 筒井顺昭,全职种,3,3,温和,胆小,现实,慎重,普通,50,艺术品,普通,普通,藤原氏,刀剑,56,44,71,68,70,2,1,1,0,2,1,1,0,1,1,1,1,2,2,1,1,无,强袭，刚弓,无,一般条件,,,未登场,筒井顺庆,家老,直臣,筒井家,大和郡山城,无,已登场,筒井顺庆,大名,首领,筒井家,大和郡山城,无,已登场,筒井顺庆,大名,首领,筒井家,大和郡山城,无,已登场,筒井顺庆,大名,首领,筒井家,大和郡山城,无,已登场,筒井顺庆,大名,首领,筒井家,大和郡山城,无,已登场,筒井顺庆,国主,直臣,织田家,大和郡山城,无,已登场,筒井顺庆,大名,首领,筒井家,大和郡山城,无,已死亡,筒井顺庆,无效,无效,无,无效,无,已登场,筒井顺庆,浪人,其他,无,轮岛之町,无,
494,602,角隈石宗,角隈,需新建,lord_1_tsunokumaishishuu,Tsunokuma Sekisyu,,,,,1511,1554,1578,战死,,,,,,只限武将,96,96,普通,普通,理想,普通,普通,40,书籍,普通,普通,其他,刀剑,68,55,45,83,76,3,2,2,2,0,1,4,0,1,0,0,3,0,0,0,1,无,强袭，丢钱,无,无要求,,,已登场,角隈石宗,足轻大将,陪臣（大友义镇）,大友家,府内城,无,已登场,角隈石宗,部将,直臣,大友家,府内城,无,已登场,角隈石宗,侍大将,直臣,大友家,府内城,无,已登场,角隈石宗,部将,直臣,大友家,府内城,无,已登场,角隈石宗,部将,直臣,大友家,府内城,无,已死亡,角隈石宗,无效,无效,无,无效,无,已死亡,角隈石宗,无效,无效,无,无效,无,已死亡,角隈石宗,无效,无效,无,无效,无,已登场,角隈石宗,浪人,其他,无,津山之町,无,
495,603,津野亲忠,津野,姓氏推断,lord_1_tsuno,Tsuno Heizou,clan_tsuno_1,nankai,家族和文化自动推断,,1572,1586,1600,病死,长宗我部元亲,483,长宗我部国亲,481,香川亲和 吉良亲贞 吉良亲实 香宗我部亲泰 长宗我部国亲 长宗我部信亲 长宗我部元亲 长宗我部盛亲,只限武将,80,80,普通,勇敢,理想,轻率,普通,86,艺术品,普通,普通,其他,刀剑,43,40,55,40,68,1,1,0,1,1,0,0,0,0,0,1,0,0,1,1,0,无,强袭,无,无要求,,,未登场,津野亲忠,足轻组头,直臣,长宗我部家,冈丰城,无,未登场,津野亲忠,足轻组头,陪臣（长宗我部元亲）,长宗我部家,冈丰城,无,未登场,津野亲忠,足轻组头,直臣,长宗我部家,冈丰城,无,未登场,津野亲忠,足轻组头,直臣,长宗我部家,冈丰城,无,未登场,津野亲忠,足轻组头,直臣,长宗我部家,冈丰城,无,未登场,津野亲忠,足轻组头,直臣,长宗我部家,冈丰城,无,未登场,津野亲忠,足轻组头,直臣,长宗我部家,冈丰城,无,已登场,津野亲忠,侍大将,直臣,长宗我部家,冈丰城,无,已登场,津野亲忠,船头,直臣,盐饱水军,盐饱之砦,无,
496,606,土居宗珊,土居,精确匹配,lord_1_doi_3,Doi Sozan,clan_doi_1,nankai,精确匹配织丰,,1518,1554,1572,战死,,,,,,只限武将,20,20,性急,勇敢,理想,慎重,重视情义,22,书籍,无欲,普通,其他,刀剑,68,40,68,69,80,2,1,1,0,1,0,3,0,1,1,0,2,1,1,1,0,无,强袭,无,一般条件,,,已登场,土居宗珊,家老,直臣,一条家,中村城,无,已登场,土居宗珊,家老,直臣,一条家,中村城,无,已登场,土居宗珊,家老,直臣,一条家,中村城,无,已登场,土居宗珊,家老,直臣,一条家,中村城,无,已死亡,土居宗珊,无效,无效,无,无效,无,已死亡,土居宗珊,无效,无效,无,无效,无,已死亡,土居宗珊,无效,无效,无,无效,无,已死亡,土居宗珊,无效,无效,无,无效,无,已登场,土居宗珊,浪人,其他,无,丸龟之町,无,
937,907,武将,山崎吉家,山崎吉家,精确匹配,山崎吉家,100,lord_1_yamazaki,clan_yamazaki_1,hokuriku,Yamazaki Yoshiie,Yamazaki Yoshiie,1516,1549,1573,刀剑,46,39,65,66,64,1,2,0,0,0,0,2,1,0,2,0,0,2,1,1,1,无,强袭,无,,,,,,全职种,50,50,性急,勇敢,普通,轻率,普通,75,书籍,贪心,普通,源氏,已登场,山崎吉家,足轻大将,直臣,朝仓家,一乘谷城,无,已登场,山崎吉家,足轻大将,直臣,朝仓家,一乘谷城,无,已登场,山崎吉家,足轻大将,直臣,朝仓家,一乘谷城,无,已登场,山崎吉家,足轻大将,直臣,朝仓家,一乘谷城,无,已死亡,山崎吉家,无效,无效,无,无效,无,已死亡,山崎吉家,无效,无效,无,无效,无,已死亡,山崎吉家,无效,无效,无,无效,无,已死亡,山崎吉家,无效,无效,无,无效,无,已登场,山崎吉家,部将,直臣,山中家,江户城,无,无要求,,
497,607,土井利胜,土井,需新建,lord_1_tsuchiiri,Doi Toshikatsu,clan_doi_1,nankai,家族和文化自动推断,,1573,1587,1644,病死,,,,,,只限武将,90,90,温和,勇敢,现实,慎重,重视情义,19,书籍,无欲,普通,藤原氏,刀剑,38,21,84,64,76,1,0,1,0,1,0,1,0,0,3,2,3,3,3,1,1,无,强袭，丢钱,无,一般条件,,,未登场,土井利胜,足轻组头,陪臣（松平竹千代）,松平家,冈崎城,无,未登场,土井利胜,足轻组头,陪臣（松平元康）,今川家,冈崎城,无,未登场,土井利胜,足轻组头,陪臣（松平元康）,今川家,冈崎城,无,未登场,土井利胜,足轻组头,直臣,德川家,冈崎城,无,未登场,土井利胜,足轻组头,直臣,德川家,滨松城,无,未登场,土井利胜,足轻组头,直臣,德川家,滨松城,无,未登场,土井利胜,足轻组头,直臣,德川家,滨松城,无,已登场,土井利胜,侍大将,直臣,德川家,江户城,无,已登场,土井利胜,浪人,其他,无,赤间关之町,无,
498,608,东乡重位,东乡,需新建,lord_1_juui,Togo Shigekata,,,,,1561,1575,1643,病死,,,,,,没那个意思,40,40,普通,勇敢,理想,普通,普通,71,武具,无欲,嗜酒如命,平氏,刀剑,19,91,17,16,38,1,0,1,0,2,4,2,0,0,0,0,0,1,1,0,0,无,强袭，连续斩，八神太刀，一之太刀，碁盘斩，拔突，刚弓，神妙剑，当身，刚力，金刚力，铁壁，气声，辱骂，大喝，炯眼，罗刹,剑豪,一般条件,,,未登场,东乡重位,足轻组头,直臣,岛津家,内城,无,未登场,东乡重位,足轻组头,直臣,岛津家,内城,无,未登场,东乡重位,足轻组头,直臣,岛津家,内城,无,未登场,东乡重位,足轻组头,直臣,岛津家,内城,无,已登场,东乡重位,足轻组头,直臣,岛津家,内城,无,已登场,东乡重位,足轻大将,直臣,岛津家,内城,无,已登场,东乡重位,足轻大将,直臣,岛津家,内城,无,已登场,东乡重位,侍大将,直臣,岛津家,内城,示显流,已登场,东乡重位,大名,首领,东乡家,盛冈城,无,
499,609,藤堂高虎,藤堂,精确匹配,lord_1_todo_2,Todo Takatora,clan_todo_1,kinai,精确匹配织丰,,1556,1570,1630,病死,,,,,,全职种,90,90,温和,普通,现实,普通,不重情义,90,南蛮物,贪心,普通,源氏,枪,83,70,87,90,74,3,2,3,3,1,2,2,2,4,2,4,3,2,4,2,0,齐射，紧急修补，激励,强袭，拔突，二连苦无，急所击，铁壁，丢钱,雄辩,一般条件,,,未登场,藤堂高虎,足轻组头,直臣,浅井家,小谷城,无,未登场,藤堂高虎,足轻组头,直臣,浅井家,小谷城,无,未登场,藤堂高虎,足轻组头,直臣,浅井家,小谷城,无,未登场,藤堂高虎,足轻组头,直臣,浅井家,小谷城,无,已登场,藤堂高虎,足轻组头,直臣,织田家,岐阜城,无,已登场,藤堂高虎,足轻大将,直臣,织田家,安土城,无,已登场,藤堂高虎,侍大将,陪臣（羽柴秀长）,羽柴家,姬路城,无,已登场,藤堂高虎,大名,首领,藤堂家,宇和岛城,无,已登场,藤堂高虎,中忍,直臣,伊贺众,伊贺之里,无,
500,610,远山景任,远山,姓氏推断,lord_1_toyama_kagetou,Toyama Takuma,clan_toyama_1,kanto,家族和文化自动推断,,1529,1554,1572,病死,,,,,,只限武将,6,6,普通,普通,普通,慎重,普通,38,武具,普通,普通,藤原氏,刀剑,47,43,46,53,41,1,1,1,0,1,1,1,0,0,0,1,0,1,0,0,0,无,强袭,无,无要求,,,已登场,远山景任,城主,直臣,斋藤家,岩村城,无,已登场,远山景任,城主,直臣,斋藤家,岩村城,无,已登场,远山景任,城主,直臣,斋藤家,岩村城,无,已登场,远山景任,城主,直臣,织田家,岩村城,无,已死亡,远山景任,无效,无效,无,无效,无,已死亡,远山景任,无效,无效,无,无效,无,已死亡,远山景任,无效,无效,无,无效,无,已死亡,远山景任,无效,无效,无,无效,无,已登场,远山景任,足轻组头,直臣,山中家,江户城,无,
501,611,远山纲景,远山,精确匹配,dead_lord_1_toyama_2,Toyama Tsunakage,clan_toyama_1,kanto,精确匹配织丰,,1513,1554,1564,病死,,,,,,全职种,82,82,温和,普通,普通,慎重,重视情义,40,书籍,普通,普通,藤原氏,刀剑,48,53,51,52,53,0,0,1,0,0,0,1,0,1,0,0,0,3,0,1,1,无,强袭,无,无要求,,,已登场,远山纲景,部将,直臣,北条家,小田原城,无,已登场,远山纲景,侍大将,直臣,北条家,小田原城,无,已登场,远山纲景,家老,直臣,北条家,小田原城,无,已死亡,远山纲景,无效,无效,无,无效,无,已死亡,远山纲景,无效,无效,无,无效,无,已死亡,远山纲景,无效,无效,无,无效,无,已死亡,远山纲景,无效,无效,无,无效,无,已死亡,远山纲景,无效,无效,无,无效,无,已登场,远山纲景,足轻组头,直臣,山中家,江户城,无,
502,612,户川秀安,户川,需新建,lord_1_hideyasu,Togawa Hideyasu,,,,,1533,1554,1592,病死,,,,,户川逵安,只限武将,15,15,普通,普通,普通,轻率,重视情义,30,武具,普通,普通,其他,刀剑,68,57,62,53,58,2,1,3,1,1,2,2,0,1,0,0,1,0,1,0,0,无,强袭，拔突，急所击，铁壁,无,无要求,,,已登场,户川秀安,侍大将,陪臣（宇喜多直家）,浦上家,天神山城,无,已登场,户川秀安,侍大将,陪臣（宇喜多直家）,浦上家,天神山城,无,已登场,户川秀安,侍大将,陪臣（宇喜多直家）,浦上家,天神山城,无,已登场,户川秀安,侍大将,陪臣（宇喜多直家）,浦上家,天神山城,无,已登场,户川秀安,侍大将,陪臣（宇喜多直家）,浦上家,冈山城,无,已登场,户川秀安,侍大将,直臣,宇喜多家,冈山城,无,已登场,户川秀安,侍大将,直臣,宇喜多家,冈山城,无,已死亡,户川秀安,无效,无效,无,无效,无,已登场,户川秀安,浪人,其他,无,土崎凑之町,无,
944,374,武将,后藤宗印,後藤宗印,姓氏推断,,50,matsuura_shuuin,clan_matsuura_1,saikai,Goto Shuin,,1545,1559,1627,火绳枪,52,53,63,61,57,2,2,3,3,1,1,2,1,3,1,2,3,1,3,1,1,加护,拔突，急所击，丢钱,无,,,,,,没那个意思,0,0,普通,普通,理想,轻率,普通,35,南蛮物,无欲,嗜酒如命,藤原氏,未登场,后藤宗印,浪人,其他,无,平户之町,无,未登场,后藤宗印,浪人,其他,无,平户之町,无,已登场,后藤宗印,浪人,其他,无,平户之町,无,已登场,后藤宗印,浪人,其他,无,平户之町,无,已登场,后藤宗印,浪人,其他,无,平户之町,无,已登场,后藤宗印,浪人,其他,无,平户之町,无,已登场,后藤宗印,浪人,其他,无,平户之町,无,已登场,后藤宗印,浪人,其他,无,平户之町,无,已登场,后藤宗印,浪人,其他,无,甲府之町,无,一般条件,,
503,613,户川逵安,户川,需新建,lord_1_kian,Togawa Tomoyasu,,,,,1567,1581,1627,病死,户川秀安,502,,,户川秀安,全职种,15,78,性急,普通,普通,轻率,不重情义,47,书籍,普通,普通,其他,枪,52,55,54,61,57,0,1,2,1,0,1,1,0,0,0,1,0,2,0,0,0,无,拔突,无,无要求,,,未登场,户川逵安,足轻组头,陪臣（户川秀安）,浦上家,天神山城,无,未登场,户川逵安,足轻组头,陪臣（户川秀安）,浦上家,天神山城,无,未登场,户川逵安,足轻组头,陪臣（户川秀安）,浦上家,天神山城,无,未登场,户川逵安,足轻组头,陪臣（户川秀安）,浦上家,天神山城,无,未登场,户川逵安,足轻组头,陪臣（户川秀安）,浦上家,冈山城,无,已登场,户川逵安,足轻组头,陪臣（户川秀安）,宇喜多家,冈山城,无,已登场,户川逵安,侍大将,陪臣（户川秀安）,宇喜多家,冈山城,无,已登场,户川逵安,部将,直臣,宇喜多家,冈山城,无,已登场,户川逵安,浪人,其他,无,鹿儿岛之町,无,
504,615,土岐赖次,土岐,需新建,lord_1_toki,Toki Yoritsugu,,,,,1545,1559,1614,病死,,,,,,只限武将,10,10,温和,胆小,普通,轻率,普通,10,艺术品,贪心,普通,源氏,刀剑,23,16,24,23,11,0,1,0,0,0,0,0,0,0,0,0,0,2,1,0,0,无,强袭,无,无要求,,,未登场,土岐赖次,足轻组头,陪臣（松永久秀）,织田家,信贵山城,无,未登场,土岐赖次,足轻组头,陪臣（松永久秀）,三好家,多闻山城,无,已登场,土岐赖次,足轻组头,陪臣（松永久秀）,三好家,信贵山城,无,已登场,土岐赖次,足轻组头,陪臣（松永久秀）,织田家,信贵山城,无,已登场,土岐赖次,足轻组头,陪臣（松永久秀）,织田家,信贵山城,无,已登场,土岐赖次,浪人,其他,无,奈良之町,无,已登场,土岐赖次,浪人,其他,无,奈良之町,无,已登场,土岐赖次,足轻组头,直臣,丰臣家,大坂城,无,已登场,土岐赖次,浪人,其他,无,滨松之町,无,
505,616,得居通之,得居,需新建,lord_1_tokuitooriyuki,Tokuitsu Michiyuki,,,,,1549,1563,1597,病死,村上通康,291,,,来岛通总 村上通康,全职种,25,25,性急,勇敢,理想,轻率,不重情义,55,武具,普通,嗜酒如命,其他,刀剑,65,67,27,48,55,1,1,2,3,2,1,1,2,0,0,0,0,0,0,0,0,无,强袭，二连苦无，刚弓,无,无要求,,,未登场,得居通之,部将,直臣,河野家,汤筑城,无,未登场,得居通之,部将,直臣,河野家,汤筑城,无,已登场,得居通之,部将,直臣,河野家,汤筑城,无,已登场,得居通之,部将,直臣,河野家,汤筑城,无,已登场,得居通之,部将,直臣,河野家,汤筑城,无,已登场,得居通之,部将,直臣,河野家,汤筑城,无,已登场,得居通之,部将,直臣,河野家,汤筑城,无,已死亡,得居通之,无效,无效,无,无效,无,已登场,得居通之,浪人,其他,无,滨松之町,无,
506,617,德川家康,德川,精确匹配,lord_1_tokugawa,Tokugawa Ieyasu,clan_tokugawa_1,tokai,精确匹配织丰,,1542,1554,1616,病死,松平广忠,804,松平清康,###,德川信康 德川秀忠 松平忠吉 水野胜成 水野忠重 水野信元 结城秀康 松平广忠,只限武将,90,90,普通,胆小,现实,慎重,普通,98,书籍,贪心,普通,源氏,火绳枪,88,79,99,98,97,4,3,3,1,2,1,4,1,4,4,3,3,2,3,1,4,齐攻，土龙攻，紧急修补，三河武者，影武者,急所击，二挺击，刚弓，伤药，止血，丢钱,无,不可,德川四天王 酒井忠次/本多忠胜/榊原康政/井伊直政,"主角丰臣秀吉，剧情家康臣服
    主角石田三成，关原之战胜利
    主角真田幸村，大阪夏之阵胜利",未登场,松平竹千代,部将,直臣,松平家,冈崎城,无,已登场,松平元康,部将,直臣,今川家,骏府城,无,已登场,松平元康,城主,直臣,今川家,冈崎城,无,已登场,德川家康,大名,首领,德川家,冈崎城,无,已登场,德川家康,大名,首领,德川家,滨松城,无,已登场,德川家康,大名,首领,德川家,滨松城,无,已登场,德川家康,大名,首领,德川家,滨松城,无,已登场,德川家康,大名,首领,德川家,江户城,无,已登场,德川家康,足轻组头,直臣,河尻家,水户城,无,
507,618,德川信康,德川,精确匹配,lord_1_tokugawa_2,Tokugawa Nobuyasu,clan_tokugawa_1,tokai,精确匹配织丰,,1559,1573,1579,战死,德川家康,506,松平广忠,804,德川家康 德川秀忠 松平忠吉 结城秀康 松平广忠,只限武将,90,90,普通,普通,理想,轻率,不重情义,78,武具,普通,普通,源氏,刀剑,72,78,63,51,88,3,2,1,0,2,1,1,0,1,2,0,2,1,2,1,1,无,强袭，刚弓,无,一般条件,冈崎三奉行 天野康景/高力清长/本多重次,,未登场,德川信康,侍大将,陪臣（松平竹千代）,松平家,冈崎城,无,未登场,德川信康,部将,陪臣（松平元康）,今川家,骏府城,无,未登场,德川信康,足轻组头,陪臣（松平元康）,今川家,冈崎城,无,未登场,德川信康,家老,直臣,德川家,冈崎城,无,已登场,德川信康,城主,直臣,德川家,冈崎城,无,已死亡,德川信康,无效,无效,无,无效,无,已死亡,德川信康,无效,无效,无,无效,无,已死亡,德川信康,无效,无效,无,无效,无,已登场,德川信康,足轻组头,直臣,河尻家,水户城,无,
508,619,德川秀忠,德川,姓氏推断,lord_1_tokugawa_hidetada,Tokugawa Hidetada,clan_tokugawa_1,tokai,家族和文化自动推断,,1579,1593,1632,病死,德川家康,506,松平广忠,804,德川家康 德川信康 松平忠吉 结城秀康 松平广忠,只限武将,90,90,温和,胆小,现实,轻率,普通,60,书籍,无欲,普通,源氏,火绳枪,63,28,85,75,79,1,0,2,0,1,1,2,0,3,3,3,3,3,2,2,0,三河武者,急所击，丢钱,无,一般条件,,,未登场,德川秀忠,侍大将,陪臣（松平竹千代）,松平家,冈崎城,无,未登场,德川秀忠,部将,陪臣（松平元康）,今川家,骏府城,无,未登场,德川秀忠,足轻组头,陪臣（松平元康）,今川家,冈崎城,无,未登场,德川秀忠,家老,直臣,德川家,冈崎城,无,未登场,德川秀忠,家老,直臣,德川家,滨松城,无,未登场,德川秀忠,家老,直臣,德川家,滨松城,无,未登场,德川秀忠,家老,直臣,德川家,滨松城,无,已登场,德川秀忠,家老,直臣,德川家,江户城,柳生新阴流,已登场,德川秀忠,足轻组头,直臣,河尻家,水户城,无,
509,620,户泽盛安,户泽,姓氏推断,lord_1_tozawa_moriyasu,Tozawa Masazumi,clan_tozawa_1,ou,家族和文化自动推断,,1566,1580,1590,病死,,,,,,只限武将,50,50,普通,勇敢,普通,轻率,不重情义,75,武具,普通,普通,平氏,刀剑,74,70,43,60,75,3,2,1,0,2,3,2,0,1,1,0,2,0,2,1,0,风林火山,强袭，连续斩，拔突，刚弓，刚力，铁壁,无,无要求,,,未登场,户泽盛安,浪人,其他,无,土崎凑之町,无,未登场,户泽盛安,浪人,其他,无,土崎凑之町,无,未登场,户泽盛安,浪人,其他,无,土崎凑之町,无,未登场,户泽盛安,浪人,其他,无,土崎凑之町,无,未登场,户泽盛安,浪人,其他,无,土崎凑之町,无,已登场,户泽盛安,浪人,其他,无,土崎凑之町,无,已登场,户泽盛安,城主,直臣,最上家,角馆城,无,已死亡,户泽盛安,无效,无效,无,无效,无,已登场,户泽盛安,浪人,其他,无,鸣门之町,无,
510,621,富田景政,富田,需新建,lord_1_tomitakagemasa,Tomita Kagemasa,,,,,1527,1554,1601,病死,富田景家,1320,,,富田重政 富田势源,只限武将,80,80,普通,普通,普通,慎重,重视情义,23,武具,无欲,普通,其他,刀剑,72,84,35,56,51,2,1,0,0,2,3,3,2,0,0,0,0,1,0,0,0,无,强袭，连续斩，切落，绝妙剑，拔突，二连苦无，刚弓，刚力，铁壁,剑士,一般条件,,,已登场,富田景政,侍大将,直臣,朝仓家,一乘谷城,中条流,已登场,富田景政,侍大将,直臣,朝仓家,一乘谷城,中条流,已登场,富田景政,侍大将,直臣,朝仓家,一乘谷城,中条流,已登场,富田景政,侍大将,直臣,朝仓家,一乘谷城,中条流,已登场,富田景政,浪人,其他,无,敦贺之町,中条流,已登场,富田景政,浪人,其他,无,敦贺之町,中条流,已登场,富田景政,浪人,其他,无,敦贺之町,中条流,已死亡,富田景政,无效,无效,无,无效,无,已登场,富田景政,浪人,其他,无,京之町,中条流,
511,622,富田重政,富田,需新建,lord_1_tomitashigemasa,Tomita Shigemasa,,,,,1554,1568,1625,病死,富田景政,510,富田景家,###,富田景政 富田势源,只限武将,90,90,普通,勇敢,普通,轻率,普通,72,武具,无欲,嗜酒如命,其他,刀剑,70,82,14,46,38,2,2,0,0,0,3,3,0,0,0,0,0,1,0,0,0,无,强袭，连续斩，切落，绝妙剑，拔突，刚力，铁壁,剑士,一般条件,,,未登场,富田重政,足轻组头,陪臣（富田景政）,朝仓家,一乘谷城,中条流,未登场,富田重政,足轻组头,陪臣（富田景政）,朝仓家,一乘谷城,中条流,未登场,富田重政,足轻组头,陪臣（富田景政）,朝仓家,一乘谷城,中条流,已登场,富田重政,足轻组头,陪臣（富田景政）,朝仓家,一乘谷城,中条流,已登场,富田重政,浪人,其他,无,敦贺之町,中条流,已登场,富田重政,浪人,其他,无,敦贺之町,中条流,已登场,富田重政,浪人,其他,无,敦贺之町,中条流,已登场,富田重政,侍大将,直臣,前田家,金泽城,中条流,已登场,富田重政,浪人,其他,无,富山之町,中条流,
512,623,富田势源,富田,需新建,lord_1_tomita,Tomita Seigen,,,,,1524,1554,1568,病死,富田景家,1320,,,富田景政 富田重政,没那个意思,80,80,温和,普通,理想,慎重,重视情义,6,武具,无欲,滴酒不沾,其他,刀剑,27,95,30,61,77,0,1,0,0,3,4,3,2,0,0,0,0,2,0,0,0,无,强袭，连续斩，切落，绝妙剑，拔突，二连苦无，刚弓，金翅鸟王剑，当身，刚力，独妙剑，铁壁，辱骂,剑豪,一般条件,,,已登场,富田势源,师范,其他,无,敦贺之町,中条流,已登场,富田势源,浪人,其他,无,敦贺之町,中条流,已登场,富田势源,师范,其他,无,敦贺之町,中条流,已死亡,富田势源,无效,无效,无,无效,无,已死亡,富田势源,无效,无效,无,无效,无,已死亡,富田势源,无效,无效,无,无效,无,已死亡,富田势源,无效,无效,无,无效,无,已死亡,富田势源,无效,无效,无,无效,无,已登场,富田势源,师范,其他,无,敦贺之町,中条流,
513,626,富田隆实,富田,需新建,lord_1_tomitatakashi,Tomita Takazane,,,,,1569,1583,1589,病死,,,,,,只限武将,46,46,普通,普通,普通,轻率,重视情义,40,武具,无欲,普通,其他,刀剑,64,67,20,23,42,2,2,1,0,0,0,1,0,0,0,1,0,1,0,0,0,无,强袭,无,无要求,,,未登场,富田隆实,足轻组头,直臣,芦名家,黑川城,无,未登场,富田隆实,足轻组头,直臣,芦名家,黑川城,无,未登场,富田隆实,足轻组头,直臣,芦名家,黑川城,无,未登场,富田隆实,足轻组头,直臣,芦名家,黑川城,无,未登场,富田隆实,足轻组头,直臣,芦名家,黑川城,无,已登场,富田隆实,足轻组头,直臣,芦名家,黑川城,无,已登场,富田隆实,足轻组头,直臣,芦名家,黑川城,无,已死亡,富田隆实,无效,无效,无,无效,无,已登场,富田隆实,浪人,其他,无,柳川之町,无,
514,627,富永山随,富永,需新建,lord_1_tominagayamazui,Tominaga Sanzui,,,,,1512,1556,1590,战死,,,,,,武将以外优先,82,82,性急,勇敢,理想,轻率,重视情义,21,南蛮物,普通,普通,其他,刀剑,65,62,15,43,42,2,0,0,4,3,2,2,0,2,0,2,0,0,1,0,2,齐射，水上禁行,强袭，拔突，刚弓，铁壁,无,一般条件,,,未登场,富永山随,船头,直臣,相模水军,三崎之砦,无,已登场,富永山随,船头,直臣,相模水军,三崎之砦,无,已登场,富永山随,船头,直臣,相模水军,三崎之砦,无,已登场,富永山随,船头,直臣,相模水军,三崎之砦,无,已登场,富永山随,船头,直臣,相模水军,三崎之砦,无,已登场,富永山随,船头,直臣,相模水军,三崎之砦,无,已登场,富永山随,船头,直臣,相模水军,三崎之砦,无,已死亡,富永山随,无效,无效,无,无效,无,已登场,富永山随,足轻组头,直臣,山中家,江户城,无,
515,631,丰臣秀次,丰臣,需新建,lord_1_hidetsugu,Toyotomi Hidetsugu,,,,,1568,1582,1595,战死,,,阿中,###,丰臣秀长 丰臣秀吉 丰臣秀赖,只限武将,15,30,性急,胆小,普通,慎重,重视情义,89,艺术品,贪心,嗜酒如命,其他,刀剑,53,40,49,28,12,1,0,1,1,0,0,0,0,3,2,1,3,3,0,3,0,无,强袭，丢钱,无,无要求,丰臣三中老 生驹亲正/中村一氏/堀尾吉晴,,未登场,三好信吉,浪人,其他,无,清洲之町,无,未登场,三好信吉,浪人,其他,无,清洲之町,无,未登场,三好信吉,足轻组头,直臣,织田家,清洲城,无,未登场,三好信吉,足轻组头,陪臣（木下藤吉郎）,织田家,岐阜城,无,未登场,三好信吉,足轻组头,陪臣（羽柴秀吉）,织田家,长滨城,无,已登场,三好秀次,足轻组头,陪臣（羽柴秀吉）,织田家,姬路城,无,已登场,羽柴秀次,部将,直臣,羽柴家,石山本愿寺,无,已死亡,三好信吉,无效,无效,无,无效,无,已登场,丰臣秀次,浪人,其他,无,今治之町,无,
516,632,丰臣秀长,丰臣,需新建,lord_1_shuu,Toyotomi Hidenaga,,,,,1540,1554,1591,病死,阿中,1180,,,丰臣秀次 丰臣秀吉 丰臣秀赖,全职种,10,10,温和,普通,普通,轻率,重视情义,45,南蛮物,无欲,普通,其他,刀剑,74,60,87,80,86,2,1,2,0,1,1,2,2,2,3,3,4,2,3,1,2,无,强袭，二连苦无，丢钱，贿赂,无,一般条件,丰臣五奉行 浅野长政/石田三成/前田玄以/増田长盛/长束正家,主角丰臣秀吉，登用小一郎事件后,未登场,木下小一郎,浪人,其他,无,清洲之町,无,已登场,木下小一郎,浪人,其他,无,清洲之町,无,已登场,木下小一郎,浪人,其他,无,清洲之町,无,已登场,木下小一郎,足轻组头,陪臣（木下藤吉郎）,织田家,岐阜城,无,已登场,羽柴秀长,侍大将,陪臣（羽柴秀吉）,织田家,长滨城,无,已登场,羽柴秀长,部将,陪臣（羽柴秀吉）,织田家,姬路城,无,已登场,羽柴秀长,国主,直臣,羽柴家,姬路城,无,已死亡,丰臣秀长,无效,无效,无,无效,无,已登场,木下小一郎,部将,直臣,下间家,饫肥城,无,
517,633,丰臣秀吉,丰臣,需新建,lord_1_hidekichi,Toyotomi Hideyoshi,,,,,1536,1554,1598,病死,阿中,1180,,,丰臣秀次 丰臣秀长 丰臣秀赖,全职种,10,10,性急,胆小,理想,慎重,重视情义,98,艺术品,贪心,普通,其他,刀剑,80,56,88,96,93,3,2,3,1,0,1,3,1,3,4,3,3,2,4,2,0,齐攻，城门爆破，激励，威吓,强袭，急所击，丢钱,无,无要求,,,未登场,木下藤吉郎,浪人,其他,无,清洲之町,无,已登场,木下藤吉郎,浪人,其他,无,清洲之町,无,已登场,木下藤吉郎,足轻组头,直臣,织田家,清洲城,无,已登场,木下藤吉郎,部将,直臣,织田家,岐阜城,无,已登场,羽柴秀吉,城主,直臣,织田家,长滨城,无,已登场,羽柴秀吉,国主,直臣,织田家,姬路城,无,已登场,羽柴秀吉,大名,首领,羽柴家,石山本愿寺,无,已死亡,丰臣秀吉,无效,无效,无,无效,无,已登场,木下藤吉郎,部将,直臣,下间家,饫肥城,无,
518,634,丰臣秀赖,丰臣,需新建,lord_1_shuu,Toyotomi Hideyori,,,,,1593,1607,1615,战死,丰臣秀吉,517,阿中,###,丰臣秀次 丰臣秀长 丰臣秀吉,只限武将,5,0,温和,胆小,现实,轻率,普通,15,书籍,贪心,普通,藤原氏,弓,47,25,45,49,87,0,0,0,0,0,0,0,0,0,0,0,2,3,0,3,1,无,刚弓,无,一般条件,丰臣五大老 徳川家康/毛利辉元/宇喜多秀家/前田利长/上杉景胜,,未登场,丰臣秀赖,浪人,其他,无,清洲之町,无,未登场,丰臣秀赖,浪人,其他,无,清洲之町,无,未登场,丰臣秀赖,足轻组头,陪臣（木下藤吉郎）,织田家,清洲城,无,未登场,丰臣秀赖,足轻组头,陪臣（木下藤吉郎）,织田家,岐阜城,无,未登场,丰臣秀赖,足轻组头,陪臣（羽柴秀吉）,织田家,长滨城,无,未登场,丰臣秀赖,足轻组头,陪臣（羽柴秀吉）,织田家,姬路城,无,未登场,丰臣秀赖,足轻组头,直臣,羽柴家,石山本愿寺,无,已登场,丰臣秀赖,大名,首领,丰臣家,大坂城,无,已登场,丰臣秀赖,浪人,其他,无,柳川之町,无,
519,635,鸟居强右卫门,鸟居,需新建,lord_1_unknown_hero,Torii Suneemon,,,,,1540,1555,1575,战死,,,,,,只限武将,90,90,温和,胆小,普通,轻率,重视情义,7,武具,无欲,滴酒不沾,其他,枪,56,40,21,59,76,2,0,0,0,1,1,0,0,0,0,0,0,0,1,0,1,无,拔突,无,无要求,,,未登场,鸟居强右卫门,足轻组头,陪臣（奥平信昌）,松平家,长篠城,无,未登场,鸟居强右卫门,足轻组头,陪臣（奥平信昌）,今川家,骏府城,无,已登场,鸟居强右卫门,足轻组头,陪臣（松平元康）,今川家,冈崎城,无,已登场,鸟居强右卫门,足轻组头,陪臣（奥平信昌）,德川家,长篠城,无,已登场,鸟居强右卫门,足轻组头,陪臣（奥平信昌）,德川家,长篠城,无,已死亡,鸟居强右卫门,无效,无效,无,无效,无,已死亡,鸟居强右卫门,无效,无效,无,无效,无,已死亡,鸟居强右卫门,无效,无效,无,无效,无,已登场,鸟居强右卫门,头目,首领,黑胫巾众,黑胫巾之里,无,
520,636,鸟居忠吉,鸟居,需新建,lord_1_chuukichi,Torii Tadakichi,,,,,1498,1555,1571,病死,,,,,鸟居元忠,只限武将,90,90,性急,勇敢,普通,普通,重视情义,56,书籍,无欲,普通,其他,枪,46,44,68,63,71,1,0,0,0,1,1,2,1,0,2,0,1,2,2,0,0,无,拔突,无,无要求,,,已登场,鸟居忠吉,家老,直臣,松平家,冈崎城,无,已登场,鸟居忠吉,足轻组头,陪臣（松平元康）,今川家,骏府城,无,已登场,鸟居忠吉,侍大将,陪臣（松平元康）,今川家,冈崎城,无,已登场,鸟居忠吉,家老,直臣,德川家,冈崎城,无,已死亡,鸟居忠吉,无效,无效,无,无效,无,已死亡,鸟居忠吉,无效,无效,无,无效,无,已死亡,鸟居忠吉,无效,无效,无,无效,无,已死亡,鸟居忠吉,无效,无效,无,无效,无,已登场,鸟居忠吉,上忍,直臣,黑胫巾众,黑胫巾之里,无,
521,637,鸟居元忠,鸟居,需新建,lord_1_mototada,Torii Mototada,,,,,1539,1560,1600,战死,鸟居忠吉,520,,,鸟居忠吉,只限武将,90,90,温和,勇敢,普通,慎重,重视情义,4,武具,无欲,普通,其他,枪,66,70,17,34,46,2,2,1,0,1,2,2,0,1,1,1,0,0,0,0,0,三河武者,强袭，拔突，铁壁,无,一般条件,,,未登场,鸟居元忠,足轻组头,陪臣（松平竹千代）,松平家,冈崎城,无,已登场,鸟居元忠,侍大将,陪臣（松平元康）,今川家,骏府城,无,已登场,鸟居元忠,足轻大将,陪臣（松平元康）,今川家,冈崎城,无,已登场,鸟居元忠,侍大将,直臣,德川家,冈崎城,无,已登场,鸟居元忠,侍大将,直臣,德川家,滨松城,无,已登场,鸟居元忠,侍大将,直臣,德川家,滨松城,无,已登场,鸟居元忠,侍大将,直臣,德川家,滨松城,无,已登场,鸟居元忠,城主,直臣,德川家,伏见城,无,已登场,鸟居元忠,上忍,直臣,黑胫巾众,黑胫巾之里,无,
522,639,内藤如安,内藤,姓氏推断,lord_1_naito_joan,Naito Joan,clan_naito_1,sanyo,家族和文化自动推断,,1548,1562,1626,病死,松永长赖,827,松永久秀父,###,松永久秀 松永久通 松永长赖,全职种,5,5,温和,普通,理想,轻率,普通,41,南蛮物,贪心,普通,藤原氏,刀剑,53,47,38,51,57,1,2,0,0,1,1,0,1,0,0,1,0,2,1,1,1,无,强袭,无,无要求,,,未登场,内藤如安,足轻大将,陪臣（松永长赖）,细川家,丹波龟山城,无,未登场,内藤如安,足轻大将,陪臣（松永久秀）,三好家,多闻山城,无,已登场,内藤如安,足轻大将,陪臣（松永久秀）,三好家,信贵山城,无,已登场,内藤如安,足轻大将,陪臣（松永久秀）,织田家,信贵山城,无,已登场,内藤如安,足轻大将,陪臣（松永久秀）,织田家,信贵山城,无,已登场,内藤如安,浪人,其他,无,奈良之町,无,已登场,内藤如安,浪人,其他,无,尾道之町,无,已登场,内藤如安,部将,直臣,小西家,宇土城,无,已登场,内藤如安,浪人,其他,无,仓敷之町,无,
523,640,内藤昌丰,内藤,姓氏推断,lord_1_naito_masa,Naito Masatoyo,clan_naito_1,sanyo,家族和文化自动推断,,1522,1554,1575,战死,,,,,,只限武将,62,62,普通,勇敢,普通,轻率,重视情义,60,武具,普通,普通,藤原氏,刀剑,78,72,82,77,79,2,3,1,0,3,3,3,0,1,1,1,1,1,1,1,1,无,强袭，连续斩，拔突，刚弓，刚力，铁壁,无,一般条件,,,已登场,内藤昌丰,家老,直臣,武田家,踯躅崎馆,无,已登场,内藤昌丰,家老,直臣,武田家,踯躅崎馆,无,已登场,内藤昌丰,部将,直臣,武田家,踯躅崎馆,无,已登场,内藤昌丰,城主,直臣,武田家,箕轮城,无,已登场,内藤昌丰,城主,直臣,武田家,箕轮城,无,已死亡,内藤昌丰,无效,无效,无,无效,无,已死亡,内藤昌丰,无效,无效,无,无效,无,已死亡,内藤昌丰,无效,无效,无,无效,无,已登场,内藤昌丰,浪人,其他,无,尾道之町,无,
524,641,内藤正成,内藤,姓氏推断,lord_1_naito_masashige,Naito Masashige,clan_naito_1,sanyo,家族和文化自动推断,,1528,1554,1602,病死,,,,,,只限武将,90,90,性急,勇敢,理想,轻率,重视情义,54,武具,无欲,普通,藤原氏,弓,40,77,56,51,67,1,0,1,1,4,3,1,0,0,1,1,1,1,1,1,1,弓箭乱射,强袭，连续斩，拔突，刚弓，神弓，天弓，刚力，铁壁，心眼,弓术名人,一般条件,,,已登场,内藤正成,足轻组头,直臣,松平家,冈崎城,无,已登场,内藤正成,足轻组头,陪臣（松平元康）,今川家,骏府城,无,已登场,内藤正成,足轻组头,陪臣（松平元康）,今川家,冈崎城,无,已登场,内藤正成,足轻组头,直臣,德川家,冈崎城,无,已登场,内藤正成,足轻组头,直臣,德川家,滨松城,无,已登场,内藤正成,足轻大将,直臣,德川家,滨松城,无,已登场,内藤正成,足轻大将,直臣,德川家,滨松城,无,已登场,内藤正成,侍大将,直臣,德川家,江户城,无,已登场,内藤正成,浪人,其他,无,出石之町,无,
525,642,直江景纲,直江,精确匹配,lord_1_naoe,Naoe Kagetsuna,clan_naoe_1,hokuriku,精确匹配织丰,,1509,1554,1577,病死,,,,,,只限武将,15,15,温和,普通,普通,普通,普通,34,书籍,无欲,普通,其他,刀剑,46,48,80,79,74,1,1,0,0,0,0,1,0,1,3,2,3,4,3,1,1,无,强袭，丢钱,无,无要求,,,已登场,直江景纲,家老,直臣,长尾家,春日山城,无,已登场,直江景纲,家老,直臣,长尾家,春日山城,无,已登场,直江景纲,家老,直臣,长尾家,春日山城,无,已登场,直江景纲,家老,直臣,上杉家,春日山城,无,已登场,直江景纲,家老,直臣,上杉家,春日山城,无,已死亡,直江景纲,无效,无效,无,无效,无,已死亡,直江景纲,无效,无效,无,无效,无,已死亡,直江景纲,无效,无效,无,无效,无,已登场,直江景纲,浪人,其他,无,油津之町,无,
526,643,直江兼续,直江,姓氏推断,lord_1_naoe_ken,Naoe Kanetsugu,clan_naoe_1,hokuriku,家族和文化自动推断,,1560,1574,1619,病死,樋口兼丰,1351,,,大国实赖,只限武将,15,15,普通,勇敢,理想,轻率,重视情义,82,艺术品,普通,普通,其他,刀剑,82,70,81,91,84,3,2,1,0,1,2,4,0,1,1,0,2,3,4,3,0,车悬，毘沙门天，激励,强袭，拔突，铁壁,雄辩,一般条件,,,未登场,直江兼续,足轻组头,直臣,长尾家,春日山城,无,未登场,直江兼续,足轻组头,直臣,长尾家,春日山城,无,未登场,直江兼续,足轻组头,直臣,长尾家,春日山城,无,未登场,直江兼续,足轻组头,直臣,上杉家,春日山城,无,已登场,直江兼续,足轻组头,直臣,上杉家,春日山城,无,已登场,直江兼续,侍大将,直臣,上杉家,春日山城,无,已登场,直江兼续,侍大将,直臣,上杉家,春日山城,无,已登场,直江兼续,国主,直臣,上杉家,米泽城,无,已登场,直江兼续,浪人,其他,无,佐仓之町,无,
527,644,长井道利,长井,需新建,lord_1_michitoshi,Nagai Michitoshi,,,,,1516,1554,1571,战死,松波庄五郎,1328,,,斋藤道三 斋藤义龙,只限武将,20,20,温和,普通,普通,普通,不重情义,45,艺术品,普通,普通,其他,刀剑,51,58,49,56,46,1,0,1,0,1,1,0,1,0,1,1,0,0,0,0,1,无,强袭,无,无要求,,,已登场,长井道利,部将,直臣,斋藤家,稻叶山城,无,已登场,长井道利,足轻大将,直臣,斋藤家,稻叶山城,无,已登场,长井道利,家老,直臣,斋藤家,稻叶山城,无,已登场,长井道利,足轻大将,直臣,织田家,岐阜城,无,已死亡,长井道利,无效,无效,无,无效,无,已死亡,长井道利,无效,无效,无,无效,无,已死亡,长井道利,无效,无效,无,无效,无,已死亡,长井道利,无效,无效,无,无效,无,已登场,长井道利,浪人,其他,无,长船之町,无,
528,645,长尾政景,长尾,精确匹配,dead_lord_1_uesugi_4,Uesugi Masakage,clan_uesugi_1,hokuriku,精确匹配织丰,,1526,1554,1564,病死,,,,,上杉景胜,只限武将,15,15,普通,普通,普通,普通,不重情义,59,书籍,贪心,嗜酒如命,平氏,刀剑,51,60,69,64,67,1,2,0,0,0,0,0,0,0,2,1,2,2,0,0,0,无,强袭,无,一般条件,,,已登场,长尾政景,部将,直臣,长尾家,春日山城,无,已登场,长尾政景,部将,直臣,长尾家,春日山城,无,已登场,长尾政景,家老,直臣,长尾家,春日山城,无,已死亡,长尾政景,无效,无效,无,无效,无,已死亡,长尾政景,无效,无效,无,无效,无,已死亡,长尾政景,无效,无效,无,无效,无,已死亡,长尾政景,无效,无效,无,无效,无,已死亡,长尾政景,无效,无效,无,无效,无,已登场,长尾政景,浪人,其他,无,长船之町,无,
529,646,中川清秀,中川,需新建,lord_1_nakagawakiyohide,Nakagawa Kiyohide,,,,,1542,1560,1583,战死,,,,,,只限武将,15,15,温和,普通,普通,慎重,普通,39,武具,普通,普通,源氏,刀剑,63,53,23,59,35,1,2,2,1,1,1,2,0,0,0,1,1,1,2,1,1,无,强袭,无,无要求,,,未登场,中川清秀,侍大将,陪臣（三好长庆）,细川家,芥川城,无,未登场,中川清秀,足轻大将,陪臣（三好义贤）,三好家,胜瑞城,无,已登场,中川清秀,侍大将,直臣,三好家,饭盛城,无,已登场,中川清秀,侍大将,直臣,三好家,胜瑞城,无,已登场,中川清秀,侍大将,直臣,三好家,胜瑞城,无,已登场,中川清秀,侍大将,陪臣（池田恒兴）,织田家,伊丹城,无,已死亡,中川清秀,无效,无效,无,无效,无,已死亡,中川清秀,无效,无效,无,无效,无,已登场,中川清秀,家老,直臣,中岛家,岩尾城,无,
530,647,长坂钓闲,长坂,需新建,lord_1_unknown_hero,Nagasaka Toukan,,,,,1513,1549,1582,战死,,,,,,全职种,70,70,普通,胆小,现实,慎重,不重情义,80,艺术品,贪心,普通,源氏,枪,23,36,35,56,8,0,0,0,0,0,0,0,1,1,0,0,3,1,3,1,1,无,拔突，丢钱,无,无要求,,,已登场,长坂钓闲,足轻大将,直臣,武田家,踯躅崎馆,无,已登场,长坂钓闲,足轻大将,直臣,武田家,踯躅崎馆,无,已登场,长坂钓闲,足轻大将,直臣,武田家,踯躅崎馆,无,已登场,长坂钓闲,足轻大将,陪臣（武田胜赖）,武田家,踯躅崎馆,无,已登场,长坂钓闲,足轻大将,直臣,武田家,踯躅崎馆,无,已登场,长坂钓闲,侍大将,直臣,武田家,甲府城,无,已死亡,长坂钓闲,无效,无效,无,无效,无,已死亡,长坂钓闲,无效,无效,无,无效,无,已登场,长坂钓闲,浪人,其他,无,长船之町,无,
531,648,中岛重房,中岛,需新建,lord_1_nakabou,Nakajima Shigefusa,,,,,1562,1576,1615,病死,,,,,,全职种,80,80,普通,勇敢,理想,普通,重视情义,64,书籍,普通,嗜酒如命,其他,刀剑,61,59,56,48,53,2,2,1,2,1,1,2,0,0,3,0,2,0,0,0,0,无,强袭,无,无要求,,,未登场,中岛重房,足轻组头,直臣,长宗我部家,冈丰城,无,未登场,中岛重房,足轻组头,直臣,长宗我部家,冈丰城,无,未登场,中岛重房,足轻组头,直臣,长宗我部家,冈丰城,无,未登场,中岛重房,足轻组头,直臣,长宗我部家,冈丰城,无,未登场,中岛重房,足轻组头,直臣,长宗我部家,冈丰城,无,已登场,中岛重房,足轻组头,直臣,长宗我部家,冈丰城,无,已登场,中岛重房,足轻组头,直臣,长宗我部家,冈丰城,无,已登场,中岛重房,部将,直臣,长宗我部家,冈丰城,无,已登场,中岛重房,家老,直臣,中岛家,岩尾城,无,
532,649,中岛可之助,中岛,需新建,lord_1_nakayukisuke,Nakajima Kanonosuke,,,,,1530,1554,1584,病死,,,,,,全职种,80,80,普通,勇敢,普通,轻率,普通,60,南蛮物,无欲,嗜酒如命,其他,刀剑,47,74,50,72,80,1,1,0,0,1,1,1,0,1,1,1,1,3,4,1,0,威吓,强袭,无,一般条件,,,已登场,中岛可之助,侍大将,直臣,长宗我部家,冈丰城,无,已登场,中岛可之助,侍大将,直臣,长宗我部家,冈丰城,无,已登场,中岛可之助,足轻大将,直臣,长宗我部家,冈丰城,无,已登场,中岛可之助,侍大将,直臣,长宗我部家,冈丰城,无,已登场,中岛可之助,侍大将,直臣,长宗我部家,冈丰城,无,已登场,中岛可之助,侍大将,直臣,长宗我部家,冈丰城,无,已登场,中岛可之助,侍大将,直臣,长宗我部家,冈丰城,无,已死亡,中岛可之助,无效,无效,无,无效,无,已登场,中岛可之助,大名,首领,中岛家,岩尾城,无,
533,650,中条景泰,中条,需新建,lord_1_chuujoukageyasu,Chujou Kagetai,,,,,1547,1560,1582,战死,吉江景资,769,,,吉江景资,只限武将,15,15,普通,普通,普通,轻率,重视情义,28,武具,普通,普通,平氏,刀剑,59,62,46,21,33,1,2,0,0,0,1,1,0,0,1,0,0,0,0,0,0,无,强袭,无,无要求,,,未登场,中条景泰,足轻组头,直臣,长尾家,春日山城,无,未登场,中条景泰,足轻组头,直臣,长尾家,春日山城,无,已登场,中条景泰,足轻组头,直臣,长尾家,春日山城,无,已登场,中条景泰,足轻组头,直臣,上杉家,春日山城,无,已登场,中条景泰,足轻组头,直臣,上杉家,春日山城,无,已登场,中条景泰,城主,直臣,上杉家,鱼津城,无,已死亡,中条景泰,无效,无效,无,无效,无,已死亡,中条景泰,无效,无效,无,无效,无,已登场,中条景泰,家老,直臣,中岛家,岩尾城,无,
534,652,永田德本,永田,需新建,lord_1_nagata,Nagata Tokumoto,,,,,1513,1554,1630,病死,,,,,,没那个意思,45,45,温和,普通,现实,普通,普通,3,书籍,普通,嗜酒如命,其他,枪,16,22,77,66,68,0,0,0,0,0,0,0,0,0,0,1,2,0,2,0,4,无,拔突，伤药，止血,良医,无要求,,,已登场,永田德本,医师,其他,无,甲府之町,无,已登场,永田德本,医师,其他,无,甲府之町,无,已登场,永田德本,医师,其他,无,甲府之町,无,已登场,永田德本,医师,其他,无,甲府之町,无,已登场,永田德本,医师,其他,无,甲府之町,无,已登场,永田德本,医师,其他,无,甲府之町,无,已登场,永田德本,医师,其他,无,甲府之町,无,已登场,永田德本,医师,其他,无,甲府之町,无,已登场,永田德本,医师,其他,无,甲府之町,无,
535,653,长野具藤,长野,精确匹配,lord_1_kitabatake_5,Kitabatake Tomofuji,clan_kitabatake_1,kinai,精确匹配织丰,,1552,1560,1576,病死,北畠具教,259,北畠晴具,261,北畠具教 北畠具房 北畠晴具 木造具政,全职种,40,40,性急,勇敢,理想,轻率,普通,72,艺术品,贪心,普通,藤原氏,刀剑,19,49,37,24,34,0,0,0,0,0,0,0,0,0,0,0,0,0,0,0,0,无,强袭,无,无要求,,,未登场,长野具藤,部将,陪臣（神户具盛）,北畠家,安浓津城,无,未登场,长野具藤,部将,陪臣（北畠具教）,北畠家,大河内城,无,未登场,长野具藤,部将,陪臣（神户具盛）,北畠家,安浓津城,无,已登场,长野具藤,部将,陪臣（泷川一益）,织田家,安浓津城,无,已登场,长野具藤,部将,陪臣（织田信孝）,织田家,安浓津城,无,已死亡,长野具藤,无效,无效,无,无效,无,已死亡,长野具藤,无效,无效,无,无效,无,已死亡,长野具藤,无效,无效,无,无效,无,已登场,长野具藤,浪人,其他,无,长船之町,无,
536,654,长野业正,长野,姓氏推断,lord_1_kitabatake,gyo shounin,,kinai,,,1491,1554,1561,病死,,,,,长野业盛,只限武将,22,20,普通,勇敢,普通,普通,重视情义,35,武具,无欲,普通,其他,刀剑,95,87,26,83,74,4,4,0,0,2,3,4,2,2,0,0,0,0,0,0,0,强行突破，车悬,强袭，连续斩，拔突，二连苦无，刚弓，刚力，铁壁,军师,一般条件,,,已登场,长野业正,城主,直臣,上杉家,箕轮城,无,已登场,长野业正,大名,首领,长野家,箕轮城,无,已登场,长野业正,大名,首领,长野家,箕轮城,无,已死亡,长野业正,无效,无效,无,无效,无,已死亡,长野业正,无效,无效,无,无效,无,已死亡,长野业正,无效,无效,无,无效,无,已死亡,长野业正,无效,无效,无,无效,无,已死亡,长野业正,无效,无效,无,无效,无,已登场,长野业正,浪人,其他,无,长船之町,无,
537,655,长野业盛,长野,姓氏推断,lord_1_kitabatake,gyo,,kinai,,,1546,1555,1563,战死,长野业正,536,,,长野业正,只限武将,22,20,普通,勇敢,理想,轻率,重视情义,44,武具,无欲,滴酒不沾,其他,刀剑,69,65,24,58,62,2,2,1,0,2,2,2,2,0,0,0,0,0,0,0,0,无,强袭，拔突，二连苦无，刚弓，铁壁,无,一般条件,,,未登场,长野业盛,部将,陪臣（长野业正）,上杉家,箕轮城,无,未登场,长野业盛,侍大将,陪臣（长野业正）,长野家,箕轮城,无,已登场,长野业盛,家老,直臣,长野家,箕轮城,无,已死亡,长野业盛,无效,无效,无,无效,无,已死亡,长野业盛,无效,无效,无,无效,无,已死亡,长野业盛,无效,无效,无,无效,无,已死亡,长野业盛,无效,无效,无,无效,无,已死亡,长野业盛,无效,无效,无,无效,无,已登场,长野业盛,浪人,其他,无,长船之町,无,
538,656,中野宗时,中野,姓氏推断,lord_1_mogami_shuu,noumin onna,,ou,,,1511,1554,1570,病死,,,,,,全职种,65,65,普通,勇敢,普通,轻率,不重情义,84,书籍,贪心,普通,源氏,刀剑,42,35,70,78,23,0,0,0,0,0,0,2,0,2,2,2,1,2,3,0,1,无,强袭,无,无要求,,,已登场,中野宗时,家老,直臣,伊达家,米泽城,无,已登场,中野宗时,家老,直臣,伊达家,米泽城,无,已登场,中野宗时,家老,直臣,伊达家,米泽城,无,已登场,中野宗时,家老,直臣,伊达家,米泽城,无,已死亡,中野宗时,无效,无效,无,无效,无,已死亡,中野宗时,无效,无效,无,无效,无,已死亡,中野宗时,无效,无效,无,无效,无,已死亡,中野宗时,无效,无效,无,无效,无,已登场,中野宗时,部将,直臣,中岛家,岩尾城,无,
539,657,中村一氏,中村,需新建,lord_1_nakamuraichiuji,Nakamura Kazuuji,,,,,1549,1563,1600,病死,,,,,,全职种,0,0,温和,普通,现实,普通,普通,40,武具,普通,普通,其他,刀剑,54,48,69,38,59,1,1,1,0,0,0,0,0,3,3,1,3,1,1,1,1,无,强袭，丢钱,无,一般条件,,,未登场,中村一氏,浪人,其他,无,目加田之町,无,未登场,中村一氏,足轻组头,直臣,织田家,清洲城,无,已登场,中村一氏,足轻组头,直臣,织田家,清洲城,无,已登场,中村一氏,足轻组头,直臣,织田家,岐阜城,无,已登场,中村一氏,足轻组头,直臣,织田家,岐阜城,无,已登场,中村一氏,足轻大将,陪臣（羽柴秀吉）,织田家,姬路城,无,已登场,中村一氏,国主,直臣,羽柴家,岸和田城,无,已登场,中村一氏,大名,首领,中村家,骏府城,无,已登场,中村一氏,部将,直臣,中岛家,岩尾城,无,
540,625,道川兵卫三郎,道川,需新建,lord_1_dounokawaheirou,Michikawa Hyôebē,,,,,1550,1564,1619,病死,,,,,,武将以外优先,75,75,温和,勇敢,现实,慎重,普通,55,艺术品,贪心,普通,其他,枪,25,20,56,58,47,0,0,0,0,0,0,0,1,2,2,2,3,2,2,0,1,无,拔突，丢钱，大宴宾客,风雅之士,无要求,,,未登场,道川兵卫三郎,浪人,其他,无,敦贺之町,无,未登场,道川兵卫三郎,浪人,其他,无,敦贺之町,无,已登场,道川兵卫三郎,当家,首领,川舟屋,敦贺之町,无,已登场,道川兵卫三郎,当家,首领,川舟屋,敦贺之町,无,已登场,道川兵卫三郎,当家,首领,川舟屋,敦贺之町,无,已登场,道川兵卫三郎,当家,首领,川舟屋,敦贺之町,无,已登场,道川兵卫三郎,当家,首领,川舟屋,敦贺之町,无,已登场,道川兵卫三郎,当家,首领,川舟屋,敦贺之町,无,已登场,道川兵卫三郎,侍大将,直臣,三刀屋家,骏府城,无,
541,658,中山朝正,中山,需新建,lord_1_nakayamaasasei,Nakayama Tomomasa,,,,,1548,1562,1617,病死,,,,,,全职种,95,95,普通,胆小,普通,慎重,不重情义,60,武具,普通,普通,其他,刀剑,39,43,34,25,32,1,0,0,0,0,0,0,0,0,0,0,1,0,0,0,1,无,强袭,无,无要求,,,未登场,中山朝正,足轻组头,直臣,最上家,山形城,无,未登场,中山朝正,足轻组头,直臣,最上家,山形城,无,已登场,中山朝正,足轻组头,直臣,最上家,山形城,无,已登场,中山朝正,足轻组头,直臣,最上家,山形城,无,已登场,中山朝正,足轻组头,直臣,最上家,山形城,无,已登场,中山朝正,足轻组头,直臣,最上家,山形城,无,已登场,中山朝正,足轻组头,直臣,最上家,山形城,无,已登场,中山朝正,家老,直臣,最上家,山形城,无,已登场,中山朝正,部将,直臣,中岛家,岩尾城,无,
542,659,名古屋山三郎,名古屋,需新建,lord_1_nagoyasanzaburou,Nagoya Sanzaburo,,,,,1572,1586,1603,战死,,,,,,全职种,10,10,性急,勇敢,理想,轻率,重视情义,69,艺术品,贪心,嗜酒如命,其他,刀剑,8,76,10,8,88,0,0,0,0,0,2,0,2,0,0,0,1,3,1,2,1,无,强袭，拔突，二连苦无，铁壁,无,一般条件,,,未登场,名古屋山三郎,浪人,其他,无,目加田之町,无,未登场,名古屋山三郎,浪人,其他,无,目加田之町,无,未登场,名古屋山三郎,浪人,其他,无,目加田之町,无,未登场,名古屋山三郎,浪人,其他,无,目加田之町,无,未登场,名古屋山三郎,浪人,其他,无,目加田之町,无,未登场,名古屋山三郎,浪人,其他,无,安土之町,无,未登场,名古屋山三郎,足轻组头,陪臣（蒲生氏乡）,羽柴家,日野城,无,已登场,名古屋山三郎,侍大将,直臣,森家,岩村城,无,已登场,名古屋山三郎,足轻组头,直臣,山中家,江户城,无,
543,660,奈佐日本助,奈佐,需新建,lord_1_nasanipponjo,Nasa Nihonsuke,,,,,1537,1554,1581,战死,,,,,,武将以外优先,30,30,性急,勇敢,理想,轻率,普通,55,武具,贪心,嗜酒如命,其他,刀剑,50,61,15,21,46,1,0,1,3,3,2,1,0,2,0,0,0,0,0,0,0,蝴蝶之阵,强袭，拔突，刚弓，铁壁,无,一般条件,,,已登场,奈佐日本助,头领,首领,丹后水军,舞鹤之砦,无,已登场,奈佐日本助,头领,首领,丹后水军,舞鹤之砦,无,已登场,奈佐日本助,头领,首领,丹后水军,舞鹤之砦,无,已登场,奈佐日本助,头领,首领,丹后水军,舞鹤之砦,无,已登场,奈佐日本助,头领,首领,丹后水军,舞鹤之砦,无,已死亡,奈佐日本助,无效,无效,无,无效,无,已死亡,奈佐日本助,无效,无效,无,无效,无,已死亡,奈佐日本助,无效,无效,无,无效,无,已登场,奈佐日本助,浪人,其他,无,仓敷之町,无,
544,661,那须资晴,那须,精确匹配,lord_1_nasu_2,Nasu Sukeharu,clan_nasu_1,kanto,精确匹配织丰,,1557,1571,1610,病死,,,,,,全职种,50,50,性急,勇敢,普通,轻率,普通,74,艺术品,普通,普通,藤原氏,弓,59,62,47,49,40,2,1,1,0,0,0,0,0,0,0,0,0,2,2,1,0,无,刚弓,无,无要求,,,未登场,那须资晴,城主,直臣,宇都宫家,乌山城,无,未登场,那须资晴,城主,直臣,宇都宫家,乌山城,无,未登场,那须资晴,城主,直臣,宇都宫家,乌山城,无,未登场,那须资晴,城主,直臣,宇都宫家,乌山城,无,已登场,那须资晴,城主,直臣,宇都宫家,乌山城,无,已登场,那须资晴,城主,直臣,宇都宫家,乌山城,无,已登场,那须资晴,城主,直臣,宇都宫家,乌山城,无,已登场,那须资晴,足轻大将,直臣,德川家,江户城,无,已登场,那须资晴,浪人,其他,无,小滨之町,无,
545,662,长束正家,长束,需新建,lord_1_masaie,Nagatsuka Masaiye,,,,,1557,1571,1600,战死,,,,,,全职种,12,12,普通,胆小,现实,慎重,普通,33,书籍,普通,滴酒不沾,其他,刀剑,21,13,86,18,56,0,0,0,0,0,0,0,0,3,4,2,3,2,2,2,3,无,强袭，伤药，丢钱,无,一般条件,,,未登场,长束正家,足轻组头,直臣,织田家,那古野城,无,未登场,长束正家,浪人,其他,无,今滨之町,无,未登场,长束正家,足轻组头,直臣,织田家,清洲城,无,未登场,长束正家,足轻组头,直臣,织田家,岐阜城,无,已登场,长束正家,足轻组头,陪臣（丹羽长秀）,织田家,佐和山城,无,已登场,长束正家,足轻大将,陪臣（丹羽长秀）,织田家,佐和山城,无,已登场,长束正家,足轻大将,直臣,丹羽家,北之庄城,无,已登场,长束正家,城主,直臣,丰臣家,水口城,无,已登场,长束正家,浪人,其他,无,长船之町,无,
546,663,夏目吉信,夏目,需新建,lord_1_natsumeyoshinobu,Natsume Yoshinobu,,,,,1518,1554,1572,战死,,,,,,只限武将,90,90,普通,勇敢,普通,轻率,重视情义,46,武具,无欲,普通,源氏,刀剑,59,58,26,61,68,1,2,1,1,1,2,1,0,0,0,0,0,0,1,0,0,无,强袭，拔突，铁壁,无,无要求,,,已登场,夏目吉信,足轻大将,直臣,松平家,冈崎城,无,已登场,夏目吉信,侍大将,陪臣（松平元康）,今川家,骏府城,无,已登场,夏目吉信,足轻组头,陪臣（松平元康）,今川家,冈崎城,无,已登场,夏目吉信,侍大将,直臣,德川家,冈崎城,无,已死亡,夏目吉信,无效,无效,无,无效,无,已死亡,夏目吉信,无效,无效,无,无效,无,已死亡,夏目吉信,无效,无效,无,无效,无,已死亡,夏目吉信,无效,无效,无,无效,无,已登场,夏目吉信,浪人,其他,无,津山之町,无,
547,664,锅岛胜茂,锅岛,姓氏推断,lord_1_nabeshima,Nabeshima Katsushige,clan_nabeshima_1,saikai,家族和文化自动推断,,1580,1594,1657,病死,锅岛直茂,548,锅岛清房,844,锅岛直茂 锅岛清房,只限武将,80,80,普通,胆小,理想,轻率,普通,42,南蛮物,普通,普通,藤原氏,刀剑,51,47,50,41,59,1,2,2,1,1,1,2,0,0,1,0,0,1,0,0,0,无,强袭,无,无要求,,,未登场,锅岛胜茂,足轻组头,陪臣（锅岛直茂）,龙造寺家,佐嘉城,无,未登场,锅岛胜茂,足轻组头,陪臣（锅岛直茂）,龙造寺家,佐嘉城,无,未登场,锅岛胜茂,足轻组头,陪臣（锅岛直茂）,龙造寺家,佐嘉城,无,未登场,锅岛胜茂,足轻组头,陪臣（锅岛直茂）,龙造寺家,佐嘉城,无,未登场,锅岛胜茂,足轻组头,陪臣（锅岛直茂）,龙造寺家,佐嘉城,无,未登场,锅岛胜茂,足轻组头,陪臣（锅岛直茂）,龙造寺家,佐嘉城,无,未登场,锅岛胜茂,足轻组头,陪臣（锅岛直茂）,龙造寺家,佐嘉城,无,已登场,锅岛胜茂,家老,直臣,锅岛家,佐贺城,无,已登场,锅岛胜茂,浪人,其他,无,奈良之町,无,
548,666,锅岛直茂,锅岛,精确匹配,lord_1_nabeshima_4,Nabeshima Naoshige,clan_nabeshima_1,saikai,精确匹配织丰,,1538,1554,1618,病死,锅岛清房,844,,,锅岛胜茂 锅岛清房,只限武将,70,70,普通,勇敢,现实,普通,普通,85,南蛮物,贪心,普通,藤原氏,刀剑,81,55,86,87,64,3,3,3,2,1,2,3,0,3,2,2,3,2,4,2,1,威吓,强袭，拔突，急所击，铁壁，丢钱,策士,一般条件,,,未登场,锅岛直茂,侍大将,陪臣（锅岛清房）,龙造寺家,佐嘉城,无,已登场,锅岛直茂,部将,直臣,龙造寺家,佐嘉城,无,已登场,锅岛直茂,侍大将,直臣,龙造寺家,佐嘉城,无,已登场,锅岛直茂,部将,直臣,龙造寺家,佐嘉城,无,已登场,锅岛直茂,部将,直臣,龙造寺家,佐嘉城,无,已登场,锅岛直茂,家老,直臣,龙造寺家,佐嘉城,无,已登场,锅岛直茂,家老,直臣,龙造寺家,佐嘉城,无,已登场,锅岛直茂,大名,首领,锅岛家,佐贺城,无,已登场,锅岛直茂,浪人,其他,无,鹿儿岛之町,无,
549,948,吕宋助左卫门,吕宋,需新建,lord_1_johidari,Ruzon Sukezaemon,,,,,1546,1560,1612,病死,,,,,,武将以外优先,75,75,普通,勇敢,理想,轻率,不重情义,88,南蛮物,贪心,普通,其他,刀剑,34,62,64,71,83,0,0,0,3,0,2,0,2,2,0,3,4,2,4,2,2,无,强袭，拔突，二连苦无，铁壁，丢钱，贿赂,无,无要求,,,未登场,纳屋助左卫门,浪人,其他,无,堺之町,无,未登场,纳屋助左卫门,见习,直臣,纳屋,堺之町,无,已登场,纳屋助左卫门,见习,直臣,纳屋,堺之町,无,已登场,纳屋助左卫门,见习,直臣,纳屋,堺之町,无,已登场,纳屋助左卫门,见习,直臣,纳屋,堺之町,无,已登场,纳屋助左卫门,见习,直臣,纳屋,堺之町,无,已登场,纳屋助左卫门,见习,直臣,纳屋,堺之町,无,已登场,吕宋助左卫门,浪人,其他,无,堺之町,无,已登场,纳屋助左卫门,浪人,其他,无,直江津之町,无,
550,667,成田氏长,成田,精确匹配,lord_1_narita,Narita Ujinaga,clan_narita_1,kanto,精确匹配织丰,,1542,1556,1595,病死,成田长泰,552,成田亲泰,###,成田长忠 成田长泰 成田长亲,全职种,82,82,普通,胆小,普通,慎重,不重情义,77,书籍,贪心,嗜酒如命,藤原氏,刀剑,62,47,50,62,57,1,0,2,1,0,1,0,1,1,1,1,1,0,2,0,0,无,强袭,无,无要求,,,未登场,成田氏长,侍大将,陪臣（成田长泰）,上杉家,忍城,无,未登场,成田氏长,部将,陪臣（成田长泰）,北条家,忍城,无,已登场,成田氏长,侍大将,陪臣（成田长泰）,长尾家,忍城,无,已登场,成田氏长,城主,直臣,北条家,忍城,无,已登场,成田氏长,城主,直臣,北条家,忍城,无,已登场,成田氏长,城主,直臣,北条家,忍城,无,已登场,成田氏长,城主,直臣,北条家,忍城,无,已死亡,成田氏长,无效,无效,无,无效,无,已登场,成田氏长,浪人,其他,无,长滨之町,无,
551,668,成田长忠,成田,姓氏推断,lord_1_narita,Narita Nagatada,clan_narita_1,kanto,家族和文化自动推断,,1550,1564,1616,病死,成田长泰,552,成田亲泰,###,成田氏长 成田长泰 成田长亲,全职种,80,80,普通,胆小,普通,慎重,普通,40,艺术品,普通,普通,藤原氏,刀剑,47,40,55,55,56,1,0,0,1,0,1,1,0,0,1,0,0,1,0,0,1,无,强袭,无,无要求,,,未登场,成田长忠,侍大将,陪臣（成田长泰）,上杉家,忍城,无,未登场,成田长忠,侍大将,陪臣（成田氏长）,北条家,忍城,无,未登场,成田长忠,足轻组头,陪臣（成田长泰）,长尾家,忍城,无,已登场,成田长忠,侍大将,陪臣（成田氏长）,北条家,忍城,无,已登场,成田长忠,侍大将,陪臣（成田氏长）,北条家,忍城,无,已登场,成田长忠,侍大将,陪臣（成田氏长）,北条家,忍城,无,已登场,成田长忠,侍大将,陪臣（成田氏长）,北条家,忍城,无,已登场,成田长忠,城主,直臣,德川家,乌山城,无,已登场,成田长忠,浪人,其他,无,长滨之町,无,
552,670,成田长泰,成田,精确匹配,lord_1_narita_2,Narita Nagayasu,clan_narita_1,kanto,精确匹配织丰,,1493,1554,1571,病死,成田亲泰,1352,,,成田氏长 成田长忠 成田长亲,全职种,80,80,普通,胆小,现实,轻率,不重情义,79,武具,贪心,普通,藤原氏,刀剑,56,55,56,41,60,1,1,0,0,0,0,0,0,0,1,0,0,1,2,0,0,无,强袭,无,无要求,,,已登场,成田长泰,城主,直臣,上杉家,忍城,无,已登场,成田长泰,城主,直臣,北条家,忍城,无,已登场,成田长泰,城主,直臣,长尾家,忍城,无,已登场,成田长泰,浪人,其他,无,骏府之町,无,已死亡,成田长泰,无效,无效,无,无效,无,已死亡,成田长泰,无效,无效,无,无效,无,已死亡,成田长泰,无效,无效,无,无效,无,已死亡,成田长泰,无效,无效,无,无效,无,已登场,成田长泰,浪人,其他,无,长滨之町,无,
553,671,成松信胜,成松,需新建,lord_1_narimatsushin,Narinatsu Nobukatsu,,,,,1545,1559,1584,战死,,,,,,只限武将,60,60,普通,勇敢,普通,轻率,重视情义,41,武具,无欲,普通,其他,刀剑,67,79,28,54,64,2,3,2,1,0,3,2,1,0,0,0,0,0,0,0,0,无,强袭，连续斩，拔突，刚力，铁壁,无,无要求,,,未登场,成松信胜,侍大将,直臣,龙造寺家,佐嘉城,无,未登场,成松信胜,侍大将,直臣,龙造寺家,佐嘉城,无,已登场,成松信胜,侍大将,直臣,龙造寺家,佐嘉城,无,已登场,成松信胜,侍大将,直臣,龙造寺家,佐嘉城,无,已登场,成松信胜,侍大将,直臣,龙造寺家,佐嘉城,无,已登场,成松信胜,侍大将,直臣,龙造寺家,佐嘉城,无,已登场,成松信胜,侍大将,直臣,龙造寺家,佐嘉城,无,已死亡,成松信胜,无效,无效,无,无效,无,已登场,成松信胜,当家,首领,杂货屋,赤间关之町,无,
554,672,成富茂安,成富,需新建,lord_1_naritomishigeyasu,Narutomi Shigeaki,,,,,1560,1574,1634,病死,,,,,,只限武将,60,60,普通,普通,普通,普通,普通,33,武具,普通,普通,其他,刀剑,70,62,79,52,66,2,2,2,1,1,1,2,0,3,4,2,2,1,2,1,0,土龙攻,强袭,无,无要求,,,未登场,成富茂安,足轻组头,直臣,龙造寺家,佐嘉城,无,未登场,成富茂安,足轻组头,直臣,龙造寺家,佐嘉城,无,未登场,成富茂安,足轻组头,直臣,龙造寺家,佐嘉城,无,未登场,成富茂安,足轻组头,直臣,龙造寺家,佐嘉城,无,已登场,成富茂安,足轻组头,直臣,龙造寺家,佐嘉城,无,已登场,成富茂安,足轻大将,直臣,龙造寺家,佐嘉城,无,已登场,成富茂安,足轻大将,直臣,龙造寺家,佐嘉城,无,已登场,成富茂安,家老,直臣,锅岛家,佐贺城,无,已登场,成富茂安,浪人,其他,无,博多之町,无,
555,673,南部利直,南部,姓氏推断,lord_1_nanbu_toshinao,Nanbu Toshinao,clan_nanbu_1,ou,家族和文化自动推断,,1576,1590,1632,病死,南部信直,556,石川高信,74,石川高信 南部信直,只限武将,65,65,温和,普通,普通,普通,普通,48,书籍,普通,普通,源氏,刀剑,61,44,76,70,67,2,3,0,0,0,1,1,0,0,2,3,1,1,2,1,1,无,强袭,无,一般条件,,,未登场,南部利直,足轻组头,陪臣（南部信直）,南部家,三户城,无,未登场,南部利直,足轻组头,陪臣（南部信直）,南部家,三户城,无,未登场,南部利直,足轻组头,陪臣（南部信直）,南部家,三户城,无,未登场,南部利直,足轻组头,陪臣（南部信直）,南部家,三户城,无,未登场,南部利直,足轻组头,陪臣（南部信直）,南部家,三户城,无,未登场,南部利直,足轻组头,直臣,南部家,三户城,无,未登场,南部利直,足轻组头,直臣,南部家,三户城,无,已登场,南部利直,家老,直臣,南部家,盛冈城,无,已登场,南部利直,大名,首领,南部家,会津若松城,无,
556,674,南部信直,南部,精确匹配,lord_1_nanbu_2,Nanbu Nobunao,clan_nanbu_1,ou,精确匹配织丰,,1546,1560,1599,病死,石川高信,74,南部政康,###,石川高信 南部利直 南部晴政,只限武将,70,70,普通,勇敢,普通,普通,普通,80,艺术品,贪心,普通,源氏,刀剑,72,54,69,68,65,2,3,1,0,2,2,3,0,2,1,2,1,3,3,1,0,无,强袭，拔突，刚弓，铁壁,无,一般条件,,,未登场,南部信直,家老,直臣,南部家,三户城,无,未登场,南部信直,部将,陪臣（南部晴政）,南部家,三户城,无,已登场,南部信直,部将,直臣,南部家,三户城,无,已登场,南部信直,家老,直臣,南部家,三户城,无,已登场,南部信直,家老,直臣,南部家,三户城,无,已登场,南部信直,大名,首领,南部家,三户城,无,已登场,南部信直,大名,首领,南部家,三户城,无,已登场,南部信直,大名,首领,南部家,盛冈城,无,已登场,南部信直,家老,直臣,南部家,会津若松城,无,
557,675,南部晴政,南部,精确匹配,lord_1_nanbu,Nanbu Harumasa,clan_nanbu_1,ou,精确匹配织丰,,1517,1554,1582,病死,南部政康,1321,,,石川高信 南部信直,只限武将,65,65,温和,勇敢,普通,普通,普通,69,武具,无欲,普通,源氏,刀剑,75,76,60,54,81,3,3,0,1,2,2,3,0,0,1,1,1,1,1,0,1,无,强袭，拔突，刚弓，铁壁,无,一般条件,,,已登场,南部晴政,大名,首领,南部家,三户城,无,已登场,南部晴政,大名,首领,南部家,三户城,无,已登场,南部晴政,大名,首领,南部家,三户城,无,已登场,南部晴政,大名,首领,南部家,三户城,无,已登场,南部晴政,大名,首领,南部家,三户城,无,已死亡,南部晴政,无效,无效,无,无效,无,已死亡,南部晴政,无效,无效,无,无效,无,已死亡,南部晴政,无效,无效,无,无效,无,已登场,南部晴政,家老,直臣,南部家,会津若松城,无,
558,676,新纳忠元,新纳,精确匹配,lord_1_niro,Niro Tadamoto,clan_niro_1,saikai,精确匹配织丰,,1526,1560,1610,病死,,,,,,只限武将,30,30,普通,勇敢,普通,轻率,普通,52,武具,普通,普通,源氏,刀剑,71,76,42,76,67,3,2,2,0,0,0,3,0,0,0,1,1,3,3,1,1,钓野伏,强袭,无,一般条件,,,已登场,新纳忠元,部将,直臣,岛津家,内城,无,已登场,新纳忠元,部将,直臣,岛津家,内城,无,已登场,新纳忠元,侍大将,直臣,岛津家,内城,无,已登场,新纳忠元,部将,直臣,岛津家,内城,无,已登场,新纳忠元,部将,直臣,岛津家,内城,无,已登场,新纳忠元,部将,直臣,岛津家,内城,无,已登场,新纳忠元,部将,直臣,岛津家,内城,无,已登场,新纳忠元,家老,直臣,岛津家,内城,无,已登场,新纳忠元,浪人,其他,无,宇须岸之町,无,
1042,1042,武将,三好政胜,三好政勝,姓氏推断,,50,miyoshi_matsurigoto,clan_miyoshi_1,nankai,Miyoshi Masakatsu,,,,,,,,,,,,,,,,,,,,,,,,,,,,,,,,,,,,,,,,,,,,,,,,,,,,,,,,,,,,,,,,,,,,,,,,,,,,,,,,,,,,,,,,,,,,,,,,,,,,,,,,,,,,,,,,,
1043,1043,武将,三好政康,三好政康,姓氏推断,,50,miyoshi_masayasu,clan_miyoshi_1,nankai,Miyoshi Masayasu,,,,,,,,,,,,,,,,,,,,,,,,,,,,,,,,,,,,,,,,,,,,,,,,,,,,,,,,,,,,,,,,,,,,,,,,,,,,,,,,,,,,,,,,,,,,,,,,,,,,,,,,,,,,,,,,,
559,678,西川仁右卫门,西川,需新建,lord_1_nishikawahitoshimigi,Nishikawa Jin-emon,,,,,1549,1563,1644,病死,,,,,,武将以外优先,30,30,温和,勇敢,现实,普通,重视情义,55,艺术品,贪心,普通,其他,枪,24,22,63,70,58,0,0,0,0,1,0,0,1,3,1,0,4,2,3,2,1,无,拔突，丢钱，贿赂,无,无要求,,,未登场,西川仁右卫门,浪人,其他,无,目加田之町,无,未登场,西川仁右卫门,浪人,其他,无,目加田之町,无,已登场,西川仁右卫门,浪人,其他,无,目加田之町,无,已登场,西川仁右卫门,浪人,其他,无,目加田之町,无,已登场,西川仁右卫门,当家,首领,山形屋,目加田之町,无,已登场,西川仁右卫门,当家,首领,山形屋,安土之町,无,已登场,西川仁右卫门,当家,首领,山形屋,安土之町,无,已登场,西川仁右卫门,当家,首领,山形屋,安土之町,无,已登场,西川仁右卫门,家老,直臣,西园寺家,山形城,无,
560,679,仁科盛信,仁科,精确匹配,lord_1_nishina,Nishina Morinobu,clan_nishina_1,tosan,精确匹配织丰,,1557,1571,1582,战死,武田信玄,449,武田信虎,801,一条信龙 武田胜赖 武田逍遥轩 武田信玄 武田信繁 武田信丰 武田义信 武田信虎,只限武将,61,61,性急,勇敢,普通,轻率,普通,46,武具,普通,普通,平氏,刀剑,70,74,55,41,65,2,3,2,0,2,2,2,1,1,1,1,0,1,1,1,0,无,强袭，拔突，刚弓，铁壁,无,一般条件,,,未登场,仁科盛信,侍大将,直臣,武田家,踯躅崎馆,无,未登场,仁科盛信,侍大将,陪臣（武田信玄）,武田家,踯躅崎馆,无,未登场,仁科盛信,侍大将,直臣,武田家,踯躅崎馆,无,未登场,仁科盛信,侍大将,直臣,武田家,踯躅崎馆,无,已登场,仁科盛信,城主,直臣,武田家,高远城,无,已登场,仁科盛信,城主,直臣,武田家,高远城,无,已死亡,仁科盛信,无效,无效,无,无效,无,已死亡,仁科盛信,无效,无效,无,无效,无,已登场,仁科盛信,浪人,其他,无,丸龟之町,无,
561,680,二曲轮猪助,二曲轮,需新建,lord_1_nikyokujo,Nikyokurin Inosuke,,,,,1525,1554,1599,病死,,,,,,武将以外优先,80,80,普通,普通,现实,轻率,普通,20,武具,无欲,普通,其他,锁镰,41,75,24,63,44,2,0,1,1,1,3,1,4,0,0,0,2,0,0,0,2,城门爆破，奈落之术，雾隐之术，红莲之术,强袭，连续斩，拔突，二连苦无，半月，千鸟，横车，刚力，铁壁，分身之术,锁镰高手,无要求,,,已登场,二曲轮猪助,上忍,直臣,风魔众,风魔之里,无,已登场,二曲轮猪助,上忍,直臣,风魔众,风魔之里,无,已登场,二曲轮猪助,上忍,直臣,风魔众,风魔之里,无,已登场,二曲轮猪助,上忍,直臣,风魔众,风魔之里,无,已登场,二曲轮猪助,上忍,直臣,风魔众,风魔之里,无,已登场,二曲轮猪助,上忍,直臣,风魔众,风魔之里,无,已登场,二曲轮猪助,上忍,直臣,风魔众,风魔之里,无,已登场,二曲轮猪助,下忍,直臣,伊贺众,伊贺之里,无,已登场,二曲轮猪助,家老,直臣,二阶堂家,金泽城,无,
562,681,二宫就辰,二宫,需新建,lord_1_nitatsu,Ninomiya Narutoki,,,,,1541,1555,1599,病死,毛利元就,722,,,吉川广家 吉川元长 吉川元春 小早川隆景 小早川秀包 繁泽元氏 穗井田元清 毛利隆元 毛利辉元 毛利元就 毛利秀元,全职种,36,36,温和,普通,普通,慎重,重视情义,14,书籍,无欲,普通,其他,刀剑,40,24,69,47,67,0,0,0,0,0,0,0,0,3,2,3,2,1,1,1,1,无,强袭,无,无要求,,,未登场,二宫就辰,足轻大将,直臣,毛利家,吉田郡山城,无,未登场,二宫就辰,足轻大将,直臣,毛利家,吉田郡山城,无,已登场,二宫就辰,足轻组头,直臣,毛利家,吉田郡山城,无,已登场,二宫就辰,足轻大将,直臣,毛利家,吉田郡山城,无,已登场,二宫就辰,足轻大将,直臣,毛利家,吉田郡山城,无,已登场,二宫就辰,足轻大将,直臣,毛利家,吉田郡山城,无,已登场,二宫就辰,足轻大将,直臣,毛利家,吉田郡山城,无,已登场,二宫就辰,部将,直臣,毛利家,广岛城,无,已登场,二宫就辰,家老,直臣,二阶堂家,金泽城,无,
563,682,二本松义继,二本松,精确匹配,lord_1_nihonmatsu_2,Nihonmatsu Yoshitsugu,clan_nihonmatsu_1,ou,精确匹配织丰,,1552,1566,1585,战死,,,,,,只限武将,15,15,普通,普通,普通,轻率,不重情义,56,艺术品,普通,普通,源氏,刀剑,42,37,50,45,53,0,1,2,0,0,0,0,0,0,0,0,2,1,0,1,1,无,强袭,无,无要求,,,未登场,二本松义继,城主,直臣,芦名家,二本松城,无,未登场,二本松义继,城主,直臣,芦名家,二本松城,无,未登场,二本松义继,城主,直臣,芦名家,二本松城,无,已登场,二本松义继,城主,直臣,芦名家,二本松城,无,已登场,二本松义继,城主,直臣,芦名家,二本松城,无,已登场,二本松义继,城主,直臣,芦名家,二本松城,无,已登场,二本松义继,城主,直臣,芦名家,二本松城,无,已死亡,二本松义继,无效,无效,无,无效,无,已登场,二本松义继,部将,直臣,二阶堂家,金泽城,无,
564,683,丹羽长重,丹羽,姓氏推断,lord_1_niwa,Niwa Nagashige,clan_niwa_1,kinai,家族和文化自动推断,,1571,1585,1637,病死,丹羽长秀,565,,,丹羽长秀,只限武将,15,20,温和,胆小,普通,普通,普通,56,艺术品,普通,普通,平氏,刀剑,53,41,42,38,30,2,1,0,0,0,1,1,1,0,0,0,1,0,2,1,0,无,强袭,无,无要求,,,未登场,丹羽长重,足轻组头,陪臣（丹羽长秀）,织田家,那古野城,无,未登场,丹羽长重,足轻组头,陪臣（丹羽长秀）,织田家,清洲城,无,未登场,丹羽长重,足轻组头,陪臣（丹羽长秀）,织田家,清洲城,无,未登场,丹羽长重,足轻组头,陪臣（丹羽长秀）,织田家,岐阜城,无,未登场,丹羽长重,足轻组头,陪臣（丹羽长秀）,织田家,佐和山城,无,未登场,丹羽长重,足轻组头,陪臣（丹羽长秀）,织田家,佐和山城,无,已登场,丹羽长重,家老,直臣,丹羽家,北之庄城,无,已登场,丹羽长重,大名,首领,丹羽家,小松城,无,已登场,丹羽长重,浪人,其他,无,长滨之町,无,
565,684,丹羽长秀,丹羽,精确匹配,lord_1_niwa,Niwa Nagahide,clan_niwa_1,tosan,精确匹配织丰,,1535,1554,1585,病死,,,,,丹羽长重,只限武将,10,10,温和,普通,普通,普通,普通,40,武具,无欲,普通,平氏,刀剑,77,56,81,70,75,3,2,2,0,0,2,2,0,4,3,1,3,1,2,2,1,紧急修补,强袭，拔突，铁壁，丢钱,无,一般条件,,,已登场,丹羽长秀,侍大将,直臣,织田家,那古野城,无,已登场,丹羽长秀,家老,直臣,织田家,清洲城,无,已登场,丹羽长秀,家老,直臣,织田家,清洲城,无,已登场,丹羽长秀,家老,直臣,织田家,岐阜城,无,已登场,丹羽长秀,城主,直臣,织田家,佐和山城,无,已登场,丹羽长秀,城主,直臣,织田家,佐和山城,无,已登场,丹羽长秀,大名,首领,丹羽家,北之庄城,无,已死亡,丹羽长秀,无效,无效,无,无效,无,已登场,丹羽长秀,浪人,其他,无,长滨之町,无,
566,685,温井景隆,温井,精确匹配,lord_1_nukui,Nukui Kagetaka,clan_nukui_1,hokuriku,精确匹配织丰,,1532,1554,1582,病死,,,,,,只限武将,90,90,性急,勇敢,普通,轻率,普通,72,书籍,无欲,普通,藤原氏,刀剑,51,31,60,68,64,1,2,1,0,0,0,0,0,1,0,0,0,1,1,0,0,无,强袭,无,无要求,,,已登场,温井景隆,家老,直臣,畠山家,七尾城,无,已登场,温井景隆,家老,直臣,畠山家,七尾城,无,已登场,温井景隆,侍大将,直臣,畠山家,七尾城,无,已登场,温井景隆,家老,直臣,长家,七尾城,无,已登场,温井景隆,家老,直臣,长家,七尾城,无,已登场,温井景隆,侍大将,陪臣（中条景泰）,上杉家,鱼津城,无,已死亡,温井景隆,无效,无效,无,无效,无,已死亡,温井景隆,无效,无效,无,无效,无,已登场,温井景隆,浪人,其他,无,足利之町,无,
1052,1052,武将,蒲生乡舍,蒲生鄉舍,姓氏推断,,75,gamou_1,clan_gamou_1,kinai,Gamou Satosuke,,,,,,,,,,,,,,,,,,,,,,,,,,,,,,,,,,,,,,,,,,,,,,,,,,,,,,,,,,,,,,,,,,,,,,,,,,,,,,,,,,,,,,,,,,,,,,,,,,,,,,,,,,,,,,,,,
567,686,沼田祐光,沼田,需新建,lord_1_numatayuuhikari,Numata Sukemitsu,,,,,1538,1554,1612,病死,,,,,,全职种,96,96,普通,普通,普通,普通,普通,68,艺术品,贪心,嗜酒如命,平氏,刀剑,59,58,70,79,69,2,2,1,0,1,1,3,0,1,1,0,2,1,2,0,2,无,强袭,策士,无要求,,,未登场,沼田祐光,足轻组头,陪臣（细川藤孝）,足利家,朽木谷城,无,已登场,沼田祐光,足轻组头,陪臣（细川藤孝）,足利家,朽木谷城,无,已登场,沼田祐光,浪人,其他,无,弘前之町,无,已登场,沼田祐光,足轻组头,陪臣（大浦为信）,南部家,大浦城,无,已登场,沼田祐光,足轻组头,陪臣（津轻为信）,南部家,大浦城,无,已登场,沼田祐光,足轻大将,陪臣（津轻为信）,南部家,大浦城,无,已登场,沼田祐光,足轻大将,直臣,津轻家,大浦城,无,已登场,沼田祐光,家老,直臣,津轻家,大浦城,无,已登场,沼田祐光,浪人,其他,无,甲府之町,无,
568,687,根岸兔角,根岸,需新建,lord_1_negishitokaku,Negishi Tokaku,,,,,1556,1570,1615,病死,,,,,,全职种,80,80,普通,普通,现实,轻率,不重情义,64,武具,普通,普通,其他,刀剑,10,86,16,20,18,0,0,0,0,0,4,2,3,0,0,0,0,0,0,0,0,刺杀,强袭，连续斩，八神太刀，一之太刀，拔突，二连苦无，半月，神妙剑，当身，刚力，金刚力，铁壁，气声，辱骂，大喝，炯眼，罗刹,剑豪,一般条件,,,未登场,根岸兔角,浪人,其他,无,鹿岛之町,一羽流,未登场,根岸兔角,浪人,其他,无,鹿岛之町,一羽流,未登场,根岸兔角,浪人,其他,无,鹿岛之町,一羽流,未登场,根岸兔角,浪人,其他,无,鹿岛之町,一羽流,已登场,根岸兔角,浪人,其他,无,鹿岛之町,一羽流,已登场,根岸兔角,浪人,其他,无,鹿岛之町,一羽流,已登场,根岸兔角,浪人,其他,无,鹿岛之町,一羽流,已登场,根岸兔角,足轻组头,直臣,黑田家,中津城,微尘流,已登场,根岸兔角,上忍,直臣,外闻众,外闻之里,一羽流,
569,688,祢寝重长,祢寝,需新建,lord_1_nejimejuu,Nenei Shigenaga,,,,,1536,1554,1580,病死,,,,,,只限武将,80,80,普通,普通,普通,普通,普通,50,武具,无欲,普通,平氏,刀剑,56,29,76,58,59,2,1,1,0,0,0,1,0,1,3,1,2,2,2,1,1,无,强袭,无,无要求,,,未登场,祢寝重长,足轻组头,直臣,肝付家,大隅高山城,无,已登场,祢寝重长,足轻组头,直臣,肝付家,大隅高山城,无,已登场,祢寝重长,足轻组头,直臣,肝付家,大隅高山城,无,已登场,祢寝重长,足轻组头,直臣,肝付家,大隅高山城,无,已登场,祢寝重长,足轻组头,直臣,岛津家,内城,无,已死亡,祢寝重长,无效,无效,无,无效,无,已死亡,祢寝重长,无效,无效,无,无效,无,已死亡,祢寝重长,无效,无效,无,无效,无,已登场,祢寝重长,浪人,其他,无,长滨之町,无,
570,689,根津甚八,根津,需新建,lord_1_nezujinpachi,Nezu Jinpachi,,,,,1573,1587,1615,战死,,,,,,全职种,49,49,普通,勇敢,理想,轻率,重视情义,55,南蛮物,无欲,普通,源氏,刀剑,31,76,22,46,67,1,0,2,3,1,3,1,2,0,0,0,0,0,0,0,0,焙烙,强袭，连续斩，拔突，二连苦无，刚力，铁壁,无,一般条件,,,未登场,根津甚八,浪人,其他,无,大凑之町,无,未登场,根津甚八,浪人,其他,无,大凑之町,无,未登场,根津甚八,浪人,其他,无,大凑之町,无,未登场,根津甚八,浪人,其他,无,大凑之町,无,未登场,根津甚八,浪人,其他,无,大凑之町,无,未登场,根津甚八,浪人,其他,无,大凑之町,无,未登场,根津甚八,浪人,其他,无,大凑之町,无,已登场,根津甚八,水夫,直臣,熊野水军,鸟羽之砦,无,已登场,根津甚八,足轻大将,直臣,八板家,姬路城,无,
1057,1057,女性,千代,千代,精确匹配,千代,100,lord_1_nikaho_6,clan_nikaho_1,ou,Nikaho Chiyo,Nikaho Chiyo,,,,,,,,,,,,,,,,,,,,,,,,,,,,,,,,,,,,,,,,,,,,,,,,,,,,,,,,,,,,,,,,,,,,,,,,,,,,,,,,,,,,,,,,,,,,,,,,,,,,,,,,,,,,,,,,
571,690,乃美宗胜,乃美,需新建,lord_1_nomishuu,Nomi Munemasa,,,,,1527,1554,1592,病死,,,,,,全职种,36,36,普通,普通,普通,轻率,普通,37,艺术品,普通,嗜酒如命,平氏,刀剑,62,59,27,63,57,1,1,2,4,0,0,1,0,0,0,0,0,0,0,0,0,进水,强袭,无,无要求,,,已登场,乃美宗胜,侍大将,陪臣（小早川隆景）,毛利家,吉田郡山城,无,已登场,乃美宗胜,部将,直臣,毛利家,吉田郡山城,无,已登场,乃美宗胜,侍大将,直臣,毛利家,吉田郡山城,无,已登场,乃美宗胜,部将,陪臣（小早川隆景）,毛利家,三原城,无,已登场,乃美宗胜,部将,陪臣（小早川隆景）,毛利家,三原城,无,已登场,乃美宗胜,部将,陪臣（小早川隆景）,毛利家,三原城,无,已登场,乃美宗胜,部将,陪臣（小早川隆景）,毛利家,三原城,无,已死亡,乃美宗胜,无效,无效,无,无效,无,已登场,乃美宗胜,浪人,其他,无,府内之町,无,
1059,1059,女性,宁宁,寧寧,精确匹配,宁宁,100,lord_1_kinoshita_1,clan_kinoshita_1,kinai,Kinoshita Nene,Kinoshita Nene,,,,,,,,,,,,,,,,,,,,,,,,,,,,,,,,,,,,,,,,,,,,,,,,,,,,,,,,,,,,,,,,,,,,,,,,,,,,,,,,,,,,,,,,,,,,,,,,,,,,,,,,,,,,,,,,
1060,1060,女性,小夜,小夜,精确匹配,小夜,100,lord_1_jinbo_5,clan_jinbo_1,hokuriku,Jinbo Sayo,Jinbo Sayo,,,,,,,,,,,,,,,,,,,,,,,,,,,,,,,,,,,,,,,,,,,,,,,,,,,,,,,,,,,,,,,,,,,,,,,,,,,,,,,,,,,,,,,,,,,,,,,,,,,,,,,,,,,,,,,,
1061,1061,女性,小松,小松,精确匹配,小松,100,lord_1_yukawa_1,clan_yukawa_1,kinai,Yukawa Komatsu,Yukawa Komatsu,,,,,,,,,,,,,,,,,,,,,,,,,,,,,,,,,,,,,,,,,,,,,,,,,,,,,,,,,,,,,,,,,,,,,,,,,,,,,,,,,,,,,,,,,,,,,,,,,,,,,,,,,,,,,,,,
1062,1062,女性,早川夫人,早川夫人,姓氏推断,,57,imagawa_fujin,clan_imagawa_1,tokai,Hayakawa Fujin,,,,,,,,,,,,,,,,,,,,,,,,,,,,,,,,,,,,,,,,,,,,,,,,,,,,,,,,,,,,,,,,,,,,,,,,,,,,,,,,,,,,,,,,,,,,,,,,,,,,,,,,,,,,,,,,,
572,692,拜乡家嘉,拜乡,需新建,lord_1_haika,Haikan Ieie,,,,,1538,1554,1583,战死,,,,,,只限武将,85,85,普通,普通,普通,轻率,普通,57,武具,贪心,普通,其他,刀剑,62,54,49,45,58,1,1,0,0,0,2,1,0,0,0,0,0,0,0,0,0,无,强袭，拔突，铁壁,无,无要求,,,未登场,拜乡家嘉,足轻组头,陪臣（柴田胜家）,织田家,那古野城,无,已登场,拜乡家嘉,浪人,其他,无,清洲之町,无,已登场,拜乡家嘉,浪人,其他,无,清洲之町,无,已登场,拜乡家嘉,足轻组头,陪臣（柴田胜家）,织田家,岐阜城,无,已登场,拜乡家嘉,足轻组头,陪臣（柴田胜家）,织田家,北之庄城,无,已登场,拜乡家嘉,侍大将,陪臣（柴田胜家）,织田家,北之庄城,无,已死亡,拜乡家嘉,无效,无效,无,无效,无,已死亡,拜乡家嘉,无效,无效,无,无效,无,已登场,拜乡家嘉,浪人,其他,无,小诸之町,无,
573,693,垪和氏续,垪和,需新建,lord_1_hawashi,Hegawa Ujisoku,,,,,1522,1555,1587,病死,,,,,,只限武将,82,82,普通,普通,普通,慎重,重视情义,31,艺术品,无欲,普通,其他,刀剑,65,51,36,59,46,2,2,1,2,2,1,2,0,0,1,0,0,0,0,0,0,无,强袭，刚弓,无,无要求,,,已登场,垪和氏续,家老,直臣,北条家,小田原城,无,已登场,垪和氏续,家老,直臣,北条家,小田原城,无,已登场,垪和氏续,部将,直臣,北条家,小田原城,无,已登场,垪和氏续,城主,直臣,北条家,兴国寺城,无,已登场,垪和氏续,城主,直臣,北条家,兴国寺城,无,已登场,垪和氏续,城主,直臣,北条家,兴国寺城,无,已登场,垪和氏续,城主,直臣,北条家,兴国寺城,无,已死亡,垪和氏续,无效,无效,无,无效,无,已登场,垪和氏续,浪人,其他,无,严岛之町,无,
574,694,芳贺高定,芳贺,精确匹配,lord_1_haga,Haga Takasada,clan_haga_1,kanto,精确匹配织丰,,1527,1554,1570,病死,,,,,,全职种,50,50,普通,普通,普通,慎重,不重情义,59,武具,贪心,普通,其他,刀剑,59,36,64,72,60,1,2,0,0,0,1,2,0,1,1,1,1,2,3,0,1,无,强袭,无,无要求,,,已登场,芳贺高定,家老,直臣,宇都宫家,宇都宫城,无,已登场,芳贺高定,家老,直臣,宇都宫家,宇都宫城,无,已登场,芳贺高定,家老,直臣,宇都宫家,宇都宫城,无,已登场,芳贺高定,家老,直臣,宇都宫家,宇都宫城,无,已死亡,芳贺高定,无效,无效,无,无效,无,已死亡,芳贺高定,无效,无效,无,无效,无,已死亡,芳贺高定,无效,无效,无,无效,无,已死亡,芳贺高定,无效,无效,无,无效,无,已登场,芳贺高定,浪人,其他,无,严岛之町,无,
575,695,芳贺高继,芳贺,精确匹配,lord_1_haga_4,Haga Takatsugu,clan_haga_1,kanto,精确匹配织丰,,1550,1564,1592,病死,,,,,,全职种,50,50,温和,普通,现实,普通,不重情义,78,书籍,无欲,普通,其他,刀剑,49,43,60,70,62,1,1,1,0,1,1,1,0,0,2,1,1,1,2,2,1,无,强袭,无,无要求,,,未登场,芳贺高继,部将,直臣,宇都宫家,宇都宫城,无,未登场,芳贺高继,部将,直臣,宇都宫家,宇都宫城,无,已登场,芳贺高继,部将,直臣,宇都宫家,宇都宫城,无,已登场,芳贺高继,部将,直臣,宇都宫家,宇都宫城,无,已登场,芳贺高继,部将,直臣,宇都宫家,宇都宫城,无,已登场,芳贺高继,部将,直臣,宇都宫家,宇都宫城,无,已登场,芳贺高继,部将,直臣,宇都宫家,宇都宫城,无,已死亡,芳贺高继,无效,无效,无,无效,无,已登场,芳贺高继,浪人,其他,无,会津之町,无,
576,628,友野二郎兵卫,友野,需新建,lord_1_tomonojirouhei,Tomono Jiroubei,,,,,1520,1554,1574,病死,,,,,友野宗善,武将以外优先,60,60,温和,普通,普通,慎重,重视情义,30,书籍,贪心,普通,其他,枪,17,21,60,52,37,0,0,0,0,0,0,0,1,2,1,1,3,1,3,2,1,无,拔突，丢钱，大宴宾客,风雅之士,无要求,,,已登场,友野二郎兵卫,当家,首领,友野屋,骏府之町,无,已登场,友野二郎兵卫,当家,首领,友野屋,骏府之町,无,已登场,友野二郎兵卫,当家,首领,友野屋,骏府之町,无,已登场,友野二郎兵卫,当家,首领,友野屋,骏府之町,无,已死亡,友野二郎兵卫,无效,无效,无,无效,无,已死亡,友野二郎兵卫,无效,无效,无,无效,无,已死亡,友野二郎兵卫,无效,无效,无,无效,无,已死亡,友野二郎兵卫,无效,无效,无,无效,无,已登场,友野二郎兵卫,侍大将,直臣,二阶堂家,金泽城,无,
577,696,支仓常长,支仓,需新建,lord_1_shi,Hasekura Tsunenaga,,,,,1571,1585,1622,病死,,,,,,全职种,62,62,普通,勇敢,理想,慎重,重视情义,56,南蛮物,无欲,普通,其他,刀剑,41,34,60,70,86,0,0,0,2,0,0,0,0,0,0,2,3,3,3,1,2,无,强袭，丢钱,无,一般条件,,,未登场,支仓常长,足轻组头,直臣,伊达家,米泽城,无,未登场,支仓常长,足轻组头,直臣,伊达家,米泽城,无,未登场,支仓常长,足轻组头,直臣,伊达家,米泽城,无,未登场,支仓常长,足轻组头,直臣,伊达家,米泽城,无,未登场,支仓常长,足轻组头,直臣,伊达家,米泽城,无,未登场,支仓常长,足轻组头,直臣,伊达家,米泽城,无,未登场,支仓常长,足轻组头,直臣,伊达家,米泽城,无,已登场,支仓常长,侍大将,直臣,伊达家,仙台城,无,已登场,支仓常长,浪人,其他,无,长滨之町,无,
1069,1069,女性,阿妙,阿妙,精确匹配,阿妙,100,lord_1_kinoshita_5,clan_kinoshita_1,kinai,Kinoshita Tae,Kinoshita Tae,,,,,,,,,,,,,,,,,,,,,,,,,,,,,,,,,,,,,,,,,,,,,,,,,,,,,,,,,,,,,,,,,,,,,,,,,,,,,,,,,,,,,,,,,,,,,,,,,,,,,,,,,,,,,,,,
1070,1070,女性,阿市,阿市,精确匹配,阿市,100,lord_1_azai_1,clan_azai_1,kinai,Azai Ichi,Azai Ichi,,,,,,,,,,,,,,,,,,,,,,,,,,,,,,,,,,,,,,,,,,,,,,,,,,,,,,,,,,,,,,,,,,,,,,,,,,,,,,,,,,,,,,,,,,,,,,,,,,,,,,,,,,,,,,,,
1071,1071,女性,阿春,阿春,精确匹配,阿春,100,lord_1_nikaho_5,clan_nikaho_1,ou,Nikaho Haru,Nikaho Haru,,,,,,,,,,,,,,,,,,,,,,,,,,,,,,,,,,,,,,,,,,,,,,,,,,,,,,,,,,,,,,,,,,,,,,,,,,,,,,,,,,,,,,,,,,,,,,,,,,,,,,,,,,,,,,,,
1072,1072,女性,阿松,阿松,精确匹配,阿松,100,lord_1_inawashiro_1,clan_inawashiro_1,ou,Inawashiro Matsu,Inawashiro Matsu,,,,,,,,,,,,,,,,,,,,,,,,,,,,,,,,,,,,,,,,,,,,,,,,,,,,,,,,,,,,,,,,,,,,,,,,,,,,,,,,,,,,,,,,,,,,,,,,,,,,,,,,,,,,,,,,
1073,1073,女性,阿梅,阿梅,精确匹配,阿梅,100,lord_1_shichinohe_3,clan_shichinohe_1,ou,Shichinohe Ume,Shichinohe Ume,,,,,,,,,,,,,,,,,,,,,,,,,,,,,,,,,,,,,,,,,,,,,,,,,,,,,,,,,,,,,,,,,,,,,,,,,,,,,,,,,,,,,,,,,,,,,,,,,,,,,,,,,,,,,,,,
1074,1074,女性,阿玉,阿玉,精确匹配,阿玉,100,lord_1_namioka_1,clan_namioka_1,ou,Namioka Tama,Namioka Tama,,,,,,,,,,,,,,,,,,,,,,,,,,,,,,,,,,,,,,,,,,,,,,,,,,,,,,,,,,,,,,,,,,,,,,,,,,,,,,,,,,,,,,,,,,,,,,,,,,,,,,,,,,,,,,,,
578,698,畠山高政,畠山,精确匹配,lord_1_hatakeyama_3,Hatakeyama Takamasa,clan_hatakeyama_1,kinai,精确匹配织丰,,1527,1554,1576,病死,畠山政国,1317,,,畠山秋高,只限武将,0,0,性急,勇敢,理想,轻率,不重情义,83,艺术品,贪心,嗜酒如命,源氏,刀剑,32,39,42,36,28,1,1,1,1,1,1,0,0,0,0,0,0,3,1,1,0,无,强袭,无,无要求,,,已登场,畠山高政,大名,首领,畠山家,高屋城,无,已登场,畠山高政,大名,首领,畠山家,高屋城,无,已登场,畠山高政,大名,首领,畠山家,高屋城,无,已登场,畠山高政,城主,直臣,织田家,高屋城,无,已登场,畠山高政,浪人,其他,无,杂贺之町,无,已死亡,畠山高政,无效,无效,无,无效,无,已死亡,畠山高政,无效,无效,无,无效,无,已死亡,畠山高政,无效,无效,无,无效,无,已登场,畠山高政,足轻组头,直臣,山中家,江户城,无,
579,699,畠山义续,畠山,姓氏推断,lord_1_hatakeyama,HatakeyamaYoshitsugu,clan_hatakeyama_1,kinai,家族和文化自动推断,,1516,1554,1590,病死,畠山义总,1341,,,畠山义纲 松波义亲,只限武将,90,90,普通,勇敢,普通,轻率,普通,55,艺术品,贪心,普通,源氏,刀剑,32,30,48,17,18,0,0,0,0,0,0,1,0,0,0,0,1,0,0,0,0,无,强袭,无,无要求,,,已登场,畠山义续,大名,首领,畠山家,七尾城,无,已登场,畠山义续,家老,直臣,畠山家,七尾城,无,已登场,畠山义续,家老,直臣,畠山家,七尾城,无,已登场,畠山义续,浪人,其他,无,目加田之町,无,已登场,畠山义续,浪人,其他,无,目加田之町,无,已登场,畠山义续,浪人,其他,无,安土之町,无,已登场,畠山义续,浪人,其他,无,安土之町,无,已死亡,畠山义续,无效,无效,无,无效,无,已登场,畠山义续,足轻组头,直臣,山中家,江户城,无,
1077,1077,女性,阿铃,阿鈴,精确匹配,阿铃,100,lord_1_chosokabe_4,clan_chosokabe_1,nankai,Chosokabe Suzu,Chosokabe Suzu,,,,,,,,,,,,,,,,,,,,,,,,,,,,,,,,,,,,,,,,,,,,,,,,,,,,,,,,,,,,,,,,,,,,,,,,,,,,,,,,,,,,,,,,,,,,,,,,,,,,,,,,,,,,,,,,
580,700,畠山义纲,畠山,精确匹配,dead_lord_1_notohatakeyama_2,Noto-Hatakeyama Yoshitsuna,clan_notohatakeyama_1,hokuriku,精确匹配织丰,,1537,1554,1593,病死,畠山义续,579,畠山义总,###,畠山义续 松波义亲,只限武将,90,90,普通,胆小,理想,慎重,普通,78,南蛮物,贪心,普通,源氏,刀剑,54,47,58,36,28,1,0,1,0,0,0,0,0,1,1,0,0,0,0,0,0,无,强袭,无,无要求,,,已登场,畠山义纲,家老,直臣,畠山家,七尾城,无,已登场,畠山义纲,大名,首领,畠山家,七尾城,无,已登场,畠山义纲,大名,首领,畠山家,七尾城,无,已登场,畠山义纲,浪人,其他,无,今滨之町,无,已登场,畠山义纲,浪人,其他,无,长滨之町,无,已登场,畠山义纲,浪人,其他,无,长滨之町,无,已登场,畠山义纲,浪人,其他,无,长滨之町,无,已死亡,畠山义纲,无效,无效,无,无效,无,已登场,畠山义纲,足轻组头,直臣,山中家,江户城,无,
581,701,波多野晴通,波多野,姓氏推断,lord_1_arima_noharumichi,Kiku Koushu,,saikai,,,1520,1554,1560,病死,,,,,波多野秀尚 波多野秀治,只限武将,40,40,普通,普通,普通,轻率,不重情义,38,艺术品,普通,普通,藤原氏,刀剑,28,27,38,19,36,0,1,0,0,1,0,0,0,0,1,1,0,0,1,0,1,无,强袭,无,无要求,,,已登场,波多野晴通,大名,首领,波多野家,八上城,无,已登场,波多野晴通,大名,首领,波多野家,八上城,无,已死亡,波多野晴通,无效,无效,无,无效,无,已死亡,波多野晴通,无效,无效,无,无效,无,已死亡,波多野晴通,无效,无效,无,无效,无,已死亡,波多野晴通,无效,无效,无,无效,无,已死亡,波多野晴通,无效,无效,无,无效,无,已死亡,波多野晴通,无效,无效,无,无效,无,已登场,波多野晴通,船头,直臣,丰后水军,一尺屋之砦,无,
582,702,波多野秀尚,波多野,姓氏推断,lord_1_arima_nohidenao,Kiku Hidenari,,saikai,,,1540,1554,1579,病死,波多野晴通,581,,,波多野晴通 波多野秀治,只限武将,40,40,普通,普通,普通,轻率,不重情义,60,艺术品,普通,普通,藤原氏,刀剑,57,53,38,29,36,2,2,1,0,0,0,1,0,0,1,0,0,0,0,0,0,无,强袭,无,无要求,,,未登场,波多野秀尚,部将,直臣,波多野家,八上城,无,已登场,波多野秀尚,部将,直臣,波多野家,八上城,无,已登场,波多野秀尚,部将,直臣,波多野家,八上城,无,已登场,波多野秀尚,部将,直臣,波多野家,八上城,无,已登场,波多野秀尚,部将,直臣,波多野家,八上城,无,已死亡,波多野秀尚,无效,无效,无,无效,无,已死亡,波多野秀尚,无效,无效,无,无效,无,已死亡,波多野秀尚,无效,无效,无,无效,无,已登场,波多野秀尚,头领,首领,丰后水军,一尺屋之砦,无,
583,703,波多野秀治,波多野,姓氏推断,lord_1_arima_noshuuji,Kiku,,saikai,,,1535,1554,1579,病死,波多野晴通,581,,,波多野晴通 波多野秀尚,只限武将,40,40,普通,普通,理想,轻率,不重情义,61,书籍,无欲,普通,藤原氏,刀剑,64,64,43,33,56,2,0,1,0,0,0,1,0,0,0,1,0,2,1,0,0,无,强袭,无,一般条件,,,已登场,波多野秀治,家老,直臣,波多野家,八上城,无,已登场,波多野秀治,家老,直臣,波多野家,八上城,无,已登场,波多野秀治,大名,首领,波多野家,八上城,无,已登场,波多野秀治,大名,首领,波多野家,八上城,无,已登场,波多野秀治,大名,首领,波多野家,八上城,无,已死亡,波多野秀治,无效,无效,无,无效,无,已死亡,波多野秀治,无效,无效,无,无效,无,已死亡,波多野秀治,无效,无效,无,无效,无,已登场,波多野秀治,船头,直臣,丰后水军,一尺屋之砦,无,
1082,1082,女性,訚千代,誾千代,精确匹配,訚千代,100,lord_1_bekki_2,clan_bekki_1,saikai,Bekki Ginchiyo,Bekki Ginchiyo,,,,,,,,,,,,,,,,,,,,,,,,,,,,,,,,,,,,,,,,,,,,,,,,,,,,,,,,,,,,,,,,,,,,,,,,,,,,,,,,,,,,,,,,,,,,,,,,,,,,,,,,,,,,,,,,
584,704,蜂须贺家政,蜂须贺,需新建,lord_1_hachikasei,Hachisuka Iemasa,,,,,1559,1573,1638,病死,蜂须贺正胜,585,,,蜂须贺正胜 蜂须贺至镇,只限武将,4,4,温和,胆小,普通,普通,重视情义,60,艺术品,普通,普通,源氏,刀剑,64,54,70,74,65,2,2,2,1,1,1,1,0,0,1,1,1,0,0,1,0,无,强袭,无,无要求,,,未登场,蜂须贺家政,浪人,其他,无,井之口之町,无,未登场,蜂须贺家政,浪人,其他,无,井之口之町,无,未登场,蜂须贺家政,浪人,其他,无,井之口之町,无,未登场,蜂须贺家政,足轻组头,陪臣（蜂须贺正胜）,织田家,岐阜城,无,已登场,蜂须贺家政,足轻大将,陪臣（羽柴秀吉）,织田家,长滨城,无,已登场,蜂须贺家政,足轻大将,陪臣（羽柴秀吉）,织田家,姬路城,无,已登场,蜂须贺家政,足轻大将,陪臣（蜂须贺正胜）,羽柴家,上月城,无,已登场,蜂须贺家政,大名,首领,蜂须贺家,德岛城,无,已登场,蜂须贺家政,浪人,其他,无,鸟取之町,无,
585,705,蜂须贺小六,蜂须贺,需新建,lord_1_hachishouroku,Hachisuka Koroku,,,,,1526,1554,1586,病死,,,,,蜂须贺家政 蜂须贺至镇,全职种,10,10,性急,勇敢,理想,轻率,重视情义,72,武具,贪心,嗜酒如命,源氏,刀剑,73,85,72,83,74,4,2,3,0,2,3,2,3,2,2,1,2,0,0,1,0,焙烙，鬼谋，错乱之术,强袭，连续斩，拔突，二连苦无，半月，急所击，刚弓，刚力，铁壁,无,不可,,主角丰臣秀吉，墨俣筑城战胜利,已登场,蜂须贺小六,浪人,其他,无,井之口之町,无,已登场,蜂须贺小六,浪人,其他,无,井之口之町,无,已登场,蜂须贺小六,浪人,其他,无,井之口之町,无,已登场,蜂须贺正胜,足轻大将,陪臣（木下藤吉郎）,织田家,岐阜城,无,已登场,蜂须贺正胜,部将,陪臣（羽柴秀吉）,织田家,长滨城,无,已登场,蜂须贺正胜,部将,陪臣（羽柴秀吉）,织田家,姬路城,无,已登场,蜂须贺正胜,城主,直臣,羽柴家,上月城,无,已死亡,蜂须贺正胜,无效,无效,无,无效,无,已登场,蜂须贺小六,侍大将,直臣,六角家,大坂城,无,
586,707,蜂屋赖隆,蜂屋,需新建,lord_1_hachiya,Hachiya Yoritaka,,,,,1534,1554,1589,病死,,,,,,全职种,2,2,普通,普通,普通,普通,普通,58,武具,普通,嗜酒如命,藤原氏,刀剑,61,59,33,42,52,1,1,1,1,0,1,1,0,0,0,0,1,0,0,0,0,无,强袭,无,一般条件,,,已登场,蜂屋赖隆,浪人,其他,无,井之口之町,无,已登场,蜂屋赖隆,侍大将,直臣,斋藤家,稻叶山城,无,已登场,蜂屋赖隆,足轻组头,直臣,斋藤家,稻叶山城,无,已登场,蜂屋赖隆,侍大将,直臣,织田家,岐阜城,无,已登场,蜂屋赖隆,侍大将,直臣,织田家,岐阜城,无,已登场,蜂屋赖隆,侍大将,直臣,织田家,安土城,无,已登场,蜂屋赖隆,城主,直臣,羽柴家,金崎城,无,已死亡,蜂屋赖隆,无效,无效,无,无效,无,已登场,蜂屋赖隆,浪人,其他,无,温泉津之町,无,
587,708,服部半藏,服部,姓氏推断,lord_1_hattori_hanzou,Hattori Hanzo,clan_hattori_1,tokai,家族和文化自动推断,,1542,1556,1596,病死,,,,,,全职种,90,90,普通,普通,普通,慎重,重视情义,23,书籍,无欲,普通,平氏,枪,57,90,10,75,58,4,1,2,0,3,3,2,4,0,0,1,2,2,0,0,3,破技之术，雾隐之术,强袭，连续斩，拔突，粘花，二连苦无，半月，刚弓，卷枪，引落，柄返，刚力，铁壁，伤药,枪术能手,无要求,,,未登场,服部半藏,足轻大将,直臣,松平家,冈崎城,无,未登场,服部半藏,足轻大将,陪臣（松平元康）,今川家,骏府城,无,已登场,服部半藏,足轻组头,陪臣（松平元康）,今川家,冈崎城,无,已登场,服部半藏,足轻大将,直臣,德川家,冈崎城,无,已登场,服部半藏,足轻大将,直臣,德川家,滨松城,无,已登场,服部半藏,足轻大将,直臣,德川家,滨松城,无,已登场,服部半藏,足轻大将,直臣,德川家,滨松城,无,已死亡,服部半藏,无效,无效,无,无效,无,已登场,服部半藏,浪人,其他,无,小仓之町,无,
1087,1087,女性,相模,相模,精确匹配,相模,100,lord_1_oniniwa_3,clan_oniniwa_1,ou,Oniniwa Sagami,Oniniwa Sagami,,,,,,,,,,,,,,,,,,,,,,,,,,,,,,,,,,,,,,,,,,,,,,,,,,,,,,,,,,,,,,,,,,,,,,,,,,,,,,,,,,,,,,,,,,,,,,,,,,,,,,,,,,,,,,,,
588,769,堀立直正,堀立,需新建,lord_1_hoririichisei,Hori Tatsuaki,,,,,1506,1554,1579,病死,,,,,,全职种,36,36,温和,勇敢,普通,普通,普通,42,南蛮物,普通,普通,其他,枪,31,56,66,50,52,1,0,0,2,0,0,0,1,0,1,1,3,2,2,1,1,无,拔突，丢钱，大宴宾客,风雅之士,一般条件,,,已登场,堀立直正,当家,首领,下关屋,赤间关之町,无,已登场,堀立直正,当家,首领,下关屋,赤间关之町,无,已登场,堀立直正,当家,首领,下关屋,赤间关之町,无,已登场,堀立直正,当家,首领,下关屋,赤间关之町,无,已登场,堀立直正,浪人,其他,无,赤间关之町,无,已死亡,堀立直正,无效,无效,无,无效,无,已死亡,堀立直正,无效,无效,无,无效,无,已死亡,堀立直正,无效,无效,无,无效,无,已登场,堀立直正,浪人,其他,无,松江之町,无,
589,709,花房正成,花房,需新建,lord_1_hanabusamasashige,Hanafusa Masanari,,,,,1555,1569,1623,病死,花房正幸,590,,,花房正幸,全职种,0,0,普通,普通,普通,普通,普通,30,书籍,无欲,普通,源氏,刀剑,68,58,44,75,43,3,2,2,2,1,1,3,0,0,0,0,0,1,0,0,0,无,强袭,无,无要求,,,未登场,花房正成,足轻组头,陪臣（花房正幸）,浦上家,天神山城,无,未登场,花房正成,足轻组头,陪臣（花房正幸）,浦上家,天神山城,无,未登场,花房正成,足轻组头,陪臣（花房正幸）,浦上家,天神山城,无,未登场,花房正成,足轻组头,陪臣（花房正幸）,浦上家,天神山城,无,已登场,花房正成,足轻组头,陪臣（宇喜多直家）,浦上家,冈山城,无,已登场,花房正成,足轻大将,直臣,宇喜多家,冈山城,无,已登场,花房正成,侍大将,直臣,宇喜多家,冈山城,无,已登场,花房正成,侍大将,直臣,宇喜多家,冈山城,无,已登场,花房正成,浪人,其他,无,金泽之町,无,
590,710,花房正幸,花房,需新建,lord_1_hanabusamasayuki,Hanafusa Masayuki,,,,,1524,1554,1605,病死,,,,,花房正成,只限武将,0,0,普通,普通,理想,慎重,普通,40,书籍,无欲,普通,源氏,弓,59,82,56,51,76,1,1,1,0,4,3,1,0,1,1,0,0,4,2,2,0,弓箭乱射,强袭，连续斩，拔突，刚弓，神弓，天弓，刚力，铁壁，心眼,弓术名人,无要求,,,已登场,花房正幸,足轻大将,陪臣（宇喜多直家）,浦上家,天神山城,无,已登场,花房正幸,足轻大将,陪臣（宇喜多直家）,浦上家,天神山城,无,已登场,花房正幸,足轻大将,陪臣（宇喜多直家）,浦上家,天神山城,无,已登场,花房正幸,足轻大将,陪臣（宇喜多直家）,浦上家,天神山城,无,已登场,花房正幸,足轻大将,陪臣（宇喜多直家）,浦上家,冈山城,无,已登场,花房正幸,侍大将,直臣,宇喜多家,冈山城,无,已登场,花房正幸,家老,直臣,宇喜多家,冈山城,无,已登场,花房正幸,侍大将,直臣,宇喜多家,冈山城,无,已登场,花房正幸,浪人,其他,无,鹿儿岛之町,无,
591,711,花房职秀,花房,需新建,lord_1_hanabusa,Hanafusa Norihide,,,,,1549,1563,1616,病死,,,,,,只限武将,0,0,性急,勇敢,理想,轻率,重视情义,22,武具,普通,普通,源氏,枪,62,78,33,30,68,2,3,2,1,1,3,1,0,0,0,0,0,1,3,1,0,无,强袭，连续斩，拔突，粘花，卷枪，引落，柄返，刚力，铁壁,无,无要求,,,未登场,花房职秀,足轻组头,陪臣（宇喜多直家）,浦上家,天神山城,无,未登场,花房职秀,足轻组头,陪臣（宇喜多直家）,浦上家,天神山城,无,未登场,花房职秀,足轻组头,陪臣（宇喜多直家）,浦上家,天神山城,无,已登场,花房职秀,足轻组头,陪臣（宇喜多直家）,浦上家,天神山城,无,已登场,花房职秀,足轻组头,陪臣（宇喜多直家）,浦上家,冈山城,无,已登场,花房职秀,足轻大将,直臣,宇喜多家,冈山城,无,已登场,花房职秀,足轻大将,直臣,宇喜多家,冈山城,无,已登场,花房职秀,侍大将,直臣,佐竹家,水户城,无,已登场,花房职秀,浪人,其他,无,安土之町,无,
592,712,马场信春,马场,精确匹配,lord_1_baba,Baba Nobuharu,clan_baba_1,tosan,精确匹配织丰,,1515,1554,1575,战死,,,,,,只限武将,59,59,普通,勇敢,普通,普通,普通,34,武具,无欲,普通,源氏,刀剑,79,83,52,75,76,2,3,2,0,2,3,3,0,3,1,1,1,1,1,0,0,风林火山,强袭，连续斩，拔突，刚弓，刚力，铁壁,无,一般条件,,,已登场,马场信春,部将,直臣,武田家,踯躅崎馆,无,已登场,马场信春,家老,直臣,武田家,踯躅崎馆,无,已登场,马场信春,家老,直臣,武田家,踯躅崎馆,无,已登场,马场信春,家老,直臣,武田家,踯躅崎馆,无,已登场,马场信春,家老,直臣,武田家,踯躅崎馆,无,已死亡,马场信春,无效,无效,无,无效,无,已死亡,马场信春,无效,无效,无,无效,无,已死亡,马场信春,无效,无效,无,无效,无,已登场,马场信春,头目,首领,风魔众,风魔之里,无,
593,713,林崎甚助,林崎,需新建,lord_1_hayashizakijinsuke,Hayashizaki Jinsuke,,,,,1542,1557,1618,病死,,,,,,没那个意思,15,50,温和,勇敢,普通,普通,重视情义,35,武具,无欲,滴酒不沾,其他,刀剑,11,90,9,38,60,0,0,0,0,0,4,2,2,0,0,0,0,0,1,0,1,无,强袭，连续斩，居合斩，卍字拔，拔突，二连苦无，当身，浪返，刚力，铁壁，辱骂,剑豪,一般条件,,,已登场,林崎甚助,师范,其他,无,酒田之町,新当流,未登场,林崎甚助,浪人,其他,无,酒田之町,新当流,已登场,林崎甚助,师范,其他,无,酒田之町,林崎梦想流,已登场,林崎甚助,师范,其他,无,酒田之町,林崎梦想流,已登场,林崎甚助,师范,其他,无,酒田之町,林崎梦想流,已登场,林崎甚助,师范,其他,无,酒田之町,林崎梦想流,已登场,林崎甚助,师范,其他,无,酒田之町,林崎梦想流,已登场,林崎甚助,师范,其他,无,酒田之町,林崎梦想流,已登场,林崎甚助,师范,其他,无,酒田之町,林崎梦想流,
594,714,林秀贞,林,需新建,lord_1_hayashishuu,Hayashi Hidezane,,,,,1514,1554,1580,病死,,,,,,只限武将,1,75,温和,普通,普通,普通,不重情义,49,书籍,贪心,普通,其他,刀剑,38,30,62,67,66,0,0,0,0,1,0,0,0,2,2,1,2,2,1,1,0,无,强袭,无,一般条件,,,已登场,林秀贞,侍大将,陪臣（织田信胜）,织田家,那古野城,无,已登场,林秀贞,部将,陪臣（织田信胜）,织田家,那古野城,无,已登场,林秀贞,城主,直臣,织田家,那古野城,无,已登场,林秀贞,家老,直臣,织田家,岐阜城,无,已登场,林秀贞,城主,直臣,织田家,那古野城,无,已死亡,林秀贞,无效,无效,无,无效,无,已死亡,林秀贞,无效,无效,无,无效,无,已死亡,林秀贞,无效,无效,无,无效,无,已登场,林秀贞,浪人,其他,无,八代之町,无,
595,715,原田宗时,原田,需新建,lord_1_haradashuu,Harada Munetoki,,,,,1565,1579,1593,病死,,,,,,只限武将,60,60,性急,勇敢,普通,轻率,普通,58,武具,普通,普通,其他,刀剑,60,70,25,52,36,2,1,1,0,1,3,1,0,0,0,0,0,1,0,0,0,无,强袭，连续斩，拔突，刚力，铁壁,无,无要求,,,未登场,原田宗时,足轻组头,直臣,伊达家,米泽城,无,未登场,原田宗时,足轻组头,直臣,伊达家,米泽城,无,未登场,原田宗时,足轻组头,直臣,伊达家,米泽城,无,未登场,原田宗时,足轻组头,直臣,伊达家,米泽城,无,未登场,原田宗时,足轻组头,直臣,伊达家,米泽城,无,已登场,原田宗时,足轻组头,直臣,伊达家,米泽城,无,已登场,原田宗时,足轻组头,直臣,伊达家,米泽城,无,已死亡,原田宗时,无效,无效,无,无效,无,已登场,原田宗时,浪人,其他,无,鹿岛之町,无,
596,716,原虎胤,原,需新建,lord_1_haratoratane,Hara Toratane,,,,,1497,1554,1564,病死,,,,,,只限武将,70,70,性急,勇敢,理想,普通,普通,58,武具,普通,嗜酒如命,藤原氏,刀剑,88,76,23,31,56,3,3,0,1,2,2,1,2,0,0,0,0,0,0,0,0,无,强袭，拔突，二连苦无，刚弓，铁壁,无,一般条件,,,已登场,原虎胤,部将,直臣,武田家,踯躅崎馆,无,已登场,原虎胤,部将,直臣,武田家,踯躅崎馆,无,已登场,原虎胤,部将,直臣,武田家,踯躅崎馆,无,已死亡,原虎胤,无效,无效,无,无效,无,已死亡,原虎胤,无效,无效,无,无效,无,已死亡,原虎胤,无效,无效,无,无效,无,已死亡,原虎胤,无效,无效,无,无效,无,已死亡,原虎胤,无效,无效,无,无效,无,已登场,原虎胤,中忍,直臣,伊贺众,伊贺之里,无,
597,718,原昌胤,原,需新建,lord_1_haramasatane,Hara Masatane,,,,,1531,1554,1575,战死,,,,,,只限武将,62,62,普通,普通,普通,轻率,普通,40,武具,普通,普通,藤原氏,刀剑,62,71,16,42,51,2,2,1,0,1,1,3,0,0,0,0,0,0,0,0,0,无,强袭,无,无要求,,,已登场,原昌胤,部将,直臣,武田家,踯躅崎馆,无,已登场,原昌胤,侍大将,直臣,武田家,踯躅崎馆,无,已登场,原昌胤,侍大将,直臣,武田家,踯躅崎馆,无,已登场,原昌胤,部将,直臣,武田家,踯躅崎馆,无,已登场,原昌胤,侍大将,直臣,武田家,踯躅崎馆,无,已死亡,原昌胤,无效,无效,无,无效,无,已死亡,原昌胤,无效,无效,无,无效,无,已死亡,原昌胤,无效,无效,无,无效,无,已登场,原昌胤,浪人,其他,无,八代之町,无,
598,719,播磨屋宗德,播磨屋,需新建,lord_1_harimayashuu,Harimaya Munenori,,,,,1560,1574,1648,病死,,,,,,武将以外优先,74,74,温和,普通,理想,普通,普通,44,艺术品,贪心,嗜酒如命,其他,枪,17,9,68,56,45,0,0,0,1,0,0,0,0,3,2,1,3,2,3,2,2,威吓,拔突，丢钱,无,一般条件,,,未登场,播磨屋宗德,浪人,其他,无,浦户之町,无,未登场,播磨屋宗德,浪人,其他,无,浦户之町,无,未登场,播磨屋宗德,浪人,其他,无,浦户之町,无,未登场,播磨屋宗德,浪人,其他,无,浦户之町,无,已登场,播磨屋宗德,浪人,其他,无,浦户之町,无,已登场,播磨屋宗德,当家,首领,播磨屋,浦户之町,无,已登场,播磨屋宗德,当家,首领,播磨屋,浦户之町,无,已登场,播磨屋宗德,当家,首领,播磨屋,浦户之町,无,已登场,播磨屋宗德,浪人,其他,无,土崎凑之町,无,
599,722,塙直政,塙,需新建,lord_1_hanawanaomasa,Hanawa Naomasa,,,,,1537,1554,1576,战死,,,,,,只限武将,0,0,普通,勇敢,理想,轻率,重视情义,65,武具,普通,嗜酒如命,其他,枪,66,51,61,43,64,3,2,1,0,1,1,2,1,1,1,1,0,3,1,0,0,无,拔突,无,一般条件,,,未登场,塙直政,足轻组头,直臣,织田家,那古野城,无,已登场,塙直政,侍大将,直臣,织田家,清洲城,无,已登场,塙直政,侍大将,直臣,织田家,清洲城,无,已登场,塙直政,部将,直臣,织田家,岐阜城,无,已登场,塙直政,侍大将,直臣,织田家,岐阜城,无,已死亡,塙直政,无效,无效,无,无效,无,已死亡,塙直政,无效,无效,无,无效,无,已死亡,塙直政,无效,无效,无,无效,无,已登场,塙直政,浪人,其他,无,今治之町,无,
600,721,塙团右卫门,塙团,需新建,lord_1_hanawa,Hanawaa Danemon,,,,,1567,1581,1615,战死,,,,,,全职种,0,0,性急,勇敢,理想,轻率,普通,77,武具,贪心,嗜酒如命,其他,枪,59,66,16,9,44,2,0,2,2,1,3,0,0,0,0,0,0,1,0,1,0,无,强袭，连续斩，拔突，粘花，卷枪，引落，柄返，刚力，铁壁,无,一般条件,,,未登场,塙团右卫门,浪人,其他,无,清洲之町,无,未登场,塙团右卫门,浪人,其他,无,清洲之町,无,未登场,塙团右卫门,浪人,其他,无,清洲之町,无,未登场,塙团右卫门,浪人,其他,无,清洲之町,无,未登场,塙团右卫门,浪人,其他,无,清洲之町,无,已登场,塙团右卫门,浪人,其他,无,清洲之町,无,已登场,塙团右卫门,浪人,其他,无,清洲之町,无,已登场,塙团右卫门,侍大将,直臣,加藤家,汤筑城,无,已登场,塙团右卫门,浪人,其他,无,小仓之町,无,
601,723,疋田丰五郎,疋田,需新建,lord_1_hikitarou,Hikita Hyogoro,,,,,1536,1554,1605,病死,,,上泉秀继,###,上泉信纲,没那个意思,5,5,温和,普通,普通,普通,普通,67,武具,无欲,滴酒不沾,其他,刀剑,33,91,14,57,61,0,0,0,0,2,4,2,0,0,0,0,0,2,0,0,0,无,强袭，连续斩，月影，一刀两断，拔突，刚弓，浮舟，当身，肋一寸，刚力，铁壁，天狗抄，心眼，辱骂，大喝,剑豪,一般条件,,主角柳生宗严，无刀取剧情,已登场,疋田丰五郎,足轻大将,陪臣（长野业正）,上杉家,箕轮城,新阴流,已登场,疋田丰五郎,足轻组头,陪臣（上泉秀纲）,长野家,箕轮城,新阴流,已登场,疋田丰五郎,足轻组头,陪臣（上泉秀纲）,长野家,箕轮城,新阴流,已登场,疋田丰五郎,师范,其他,无,石山之町,新阴流,已登场,疋田丰五郎,师范,其他,无,石山之町,新阴流,已登场,疋田丰五郎,师范,其他,无,石山之町,新阴流,已登场,疋田丰五郎,师范,其他,无,石山之町,新阴流,已登场,疋田丰五郎,师范,其他,无,八代之町,新阴流,已登场,疋田丰五郎,足轻大将,直臣,五代家,安土城,新阴流,
602,724,久武亲直,久武,精确匹配,lord_1_hisatake_4,Hisatake Chikanao,clan_hisatake_1,nankai,精确匹配织丰,,1542,1555,1600,病死,久武昌源,1322,,,久武亲信,只限武将,55,55,性急,胆小,普通,轻率,不重情义,84,艺术品,贪心,嗜酒如命,其他,刀剑,32,57,42,52,59,1,0,0,0,1,1,1,0,1,1,1,0,1,3,1,0,无,强袭,无,无要求,,,未登场,久武亲直,足轻组头,直臣,长宗我部家,冈丰城,无,未登场,久武亲直,足轻组头,直臣,长宗我部家,冈丰城,无,已登场,久武亲直,足轻组头,直臣,长宗我部家,冈丰城,无,已登场,久武亲直,足轻组头,直臣,长宗我部家,冈丰城,无,已登场,久武亲直,足轻组头,直臣,长宗我部家,冈丰城,无,已登场,久武亲直,足轻大将,直臣,长宗我部家,冈丰城,无,已登场,久武亲直,足轻大将,直臣,长宗我部家,冈丰城,无,已登场,久武亲直,部将,直臣,长宗我部家,冈丰城,无,已登场,久武亲直,浪人,其他,无,丸龟之町,无,
603,725,久武亲信,久武,精确匹配,lord_1_hisatake,Hisatake Chikanobu,clan_hisatake_1,nankai,精确匹配织丰,,1540,1584,1579,病死,久武昌源,1322,,,久武亲直,只限武将,90,90,温和,普通,普通,慎重,重视情义,38,书籍,无欲,滴酒不沾,其他,刀剑,59,59,63,78,67,1,2,0,0,1,1,0,0,2,1,1,0,2,2,0,0,无,强袭,无,无要求,,,未登场,久武亲信,足轻大将,直臣,长宗我部家,冈丰城,无,已登场,久武亲信,足轻大将,直臣,长宗我部家,冈丰城,无,已登场,久武亲信,足轻大将,直臣,长宗我部家,冈丰城,无,已登场,久武亲信,足轻大将,直臣,长宗我部家,冈丰城,无,已登场,久武亲信,足轻大将,直臣,长宗我部家,冈丰城,无,已死亡,久武亲信,无效,无效,无,无效,无,已死亡,久武亲信,无效,无效,无,无效,无,已死亡,久武亲信,无效,无效,无,无效,无,已登场,久武亲信,浪人,其他,无,诹访之町,无,
604,359,鸿池新六,鸿池,需新建,lord_1_shinroku,Konoike Shinroku,,,,,1570,1584,1650,病死,山中鹿介,756,,,山中鹿介,武将以外优先,10,10,温和,勇敢,普通,轻率,普通,80,艺术品,贪心,嗜酒如命,源氏,枪,23,30,66,80,66,0,0,0,1,0,1,0,1,2,3,2,4,2,3,2,0,无,拔突，丢钱，贿赂,无,一般条件,,,未登场,山中新六,足轻组头,陪臣（山中鹿介）,尼子家,月山富田城,无,未登场,山中新六,足轻组头,陪臣（山中鹿介）,尼子家,月山富田城,无,未登场,山中新六,足轻组头,陪臣（山中鹿介）,尼子家,月山富田城,无,未登场,山中新六,浪人,其他,无,姬路之町,无,未登场,山中新六,浪人,其他,无,姬路之町,无,未登场,鸿池新六,浪人,其他,无,姬路之町,无,已登场,鸿池新六,浪人,其他,无,姬路之町,无,已登场,鸿池新六,当家,首领,鸿池屋,姬路之町,无,已登场,鸿池新六,侍大将,直臣,六角家,大坂城,无,
605,728,日根野弘就,日根野,需新建,lord_1_hinenohiroshishuu,Hineno Hiromune,,,,,1518,1554,1602,病死,,,,,,只限武将,16,43,普通,普通,普通,轻率,不重情义,69,书籍,普通,普通,藤原氏,刀剑,30,64,22,44,52,1,1,0,0,1,2,0,0,0,0,0,0,0,0,0,1,无,强袭，拔突，铁壁,无,无要求,,,已登场,日根野弘就,足轻大将,直臣,斋藤家,稻叶山城,无,已登场,日根野弘就,足轻大将,直臣,斋藤家,稻叶山城,无,已登场,日根野弘就,足轻大将,直臣,斋藤家,稻叶山城,无,已登场,日根野弘就,足轻大将,直臣,浅井家,小谷城,无,已登场,日根野弘就,足轻大将,直臣,织田家,岐阜城,无,已登场,日根野弘就,足轻大将,直臣,织田家,安土城,无,已登场,日根野弘就,足轻大将,直臣,羽柴家,石山本愿寺,无,已登场,日根野弘就,部将,直臣,丰臣家,大坂城,无,已登场,日根野弘就,浪人,其他,无,岐阜之町,无,
606,729,百武贤兼,百武,需新建,lord_1_hyakutake,Hyakutake Kagekane,,,,,1538,1554,1584,战死,,,,,,只限武将,60,60,性急,勇敢,普通,轻率,普通,44,武具,普通,嗜酒如命,其他,枪,67,79,20,42,45,3,2,1,0,0,0,2,1,0,0,0,0,0,0,0,0,无,拔突,无,无要求,,,已登场,百武贤兼,足轻组头,直臣,龙造寺家,佐嘉城,无,已登场,百武贤兼,足轻组头,直臣,龙造寺家,佐嘉城,无,已登场,百武贤兼,足轻组头,直臣,龙造寺家,佐嘉城,无,已登场,百武贤兼,侍大将,直臣,龙造寺家,佐嘉城,无,已登场,百武贤兼,足轻组头,直臣,龙造寺家,佐嘉城,无,已登场,百武贤兼,侍大将,直臣,龙造寺家,佐嘉城,无,已登场,百武贤兼,侍大将,直臣,龙造寺家,佐嘉城,无,已死亡,百武贤兼,无效,无效,无,无效,无,已登场,百武贤兼,大名,首领,百武家,高远城,无,
607,730,平井经治,平井,需新建,lord_1_hirai,Hirai Keiji,,,,,1515,1555,1574,战死,,,,,,只限武将,15,15,性急,普通,理想,慎重,重视情义,55,武具,无欲,普通,其他,刀剑,55,55,55,55,55,3,2,2,2,0,2,2,0,0,0,0,0,0,0,0,0,无,强袭，拔突，铁壁,无,无要求,,,已登场,平井经治,部将,直臣,有马家,日野江城,无,已登场,平井经治,部将,直臣,有马家,日野江城,无,已登场,平井经治,家老,直臣,有马家,日野江城,无,已登场,平井经治,部将,陪臣（有马义贞）,龙造寺家,日野江城,无,已死亡,平井经治,无效,无效,无,无效,无,已死亡,平井经治,无效,无效,无,无效,无,已死亡,平井经治,无效,无效,无,无效,无,已死亡,平井经治,无效,无效,无,无效,无,已登场,平井经治,浪人,其他,无,平户之町,无,
608,731,平岩亲吉,平岩,需新建,lord_1_hiraiwa,Hiraiwa Chikayoshi,,,,,1542,1556,1611,病死,,,,,,全职种,85,85,温和,普通,理想,普通,重视情义,21,书籍,无欲,普通,其他,刀剑,47,42,58,63,64,0,0,0,0,0,0,0,0,1,2,1,1,2,1,0,0,无,强袭,无,无要求,,,未登场,平岩亲吉,足轻组头,直臣,松平家,冈崎城,无,未登场,平岩亲吉,足轻组头,陪臣（松平元康）,今川家,骏府城,无,已登场,平岩亲吉,足轻组头,陪臣（松平元康）,今川家,冈崎城,无,已登场,平岩亲吉,足轻组头,直臣,德川家,冈崎城,无,已登场,平岩亲吉,足轻组头,陪臣（德川信康）,德川家,冈崎城,无,已登场,平岩亲吉,足轻组头,直臣,德川家,滨松城,无,已登场,平岩亲吉,足轻组头,直臣,德川家,滨松城,无,已登场,平岩亲吉,城主,直臣,德川家,厩桥城,无,已登场,平岩亲吉,浪人,其他,无,平户之町,无,
609,732,平冈房实,平冈,需新建,lord_1_taira,Hiraoka Fusami,,,,,1536,1554,1597,病死,,,,,,只限武将,58,58,普通,勇敢,普通,轻率,重视情义,39,武具,普通,普通,其他,刀剑,63,41,53,55,40,2,1,2,2,1,1,1,0,0,1,0,1,0,0,0,0,无,强袭,无,无要求,,,已登场,平冈房实,部将,直臣,河野家,汤筑城,无,已登场,平冈房实,部将,直臣,河野家,汤筑城,无,已登场,平冈房实,部将,直臣,河野家,汤筑城,无,已登场,平冈房实,部将,直臣,河野家,汤筑城,无,已登场,平冈房实,部将,直臣,河野家,汤筑城,无,已登场,平冈房实,部将,直臣,河野家,汤筑城,无,已登场,平冈房实,部将,直臣,河野家,汤筑城,无,已死亡,平冈房实,无效,无效,无,无效,无,已登场,平冈房实,浪人,其他,无,平户之町,无,
610,733,平贺元相,平贺,需新建,lord_1_tairasou,Hiraga Motomasa,,,,,1547,1561,1645,病死,,,,,,全职种,37,37,普通,普通,普通,慎重,普通,50,书籍,普通,普通,藤原氏,刀剑,36,48,51,54,51,0,0,0,0,0,1,0,0,0,1,1,0,1,1,0,0,无,强袭,无,无要求,,,未登场,平贺元相,足轻组头,直臣,毛利家,吉田郡山城,无,未登场,平贺元相,足轻组头,直臣,毛利家,吉田郡山城,无,已登场,平贺元相,足轻组头,直臣,毛利家,吉田郡山城,无,已登场,平贺元相,足轻组头,直臣,毛利家,吉田郡山城,无,已登场,平贺元相,足轻组头,直臣,毛利家,吉田郡山城,无,已登场,平贺元相,足轻组头,直臣,毛利家,吉田郡山城,无,已登场,平贺元相,足轻组头,直臣,毛利家,吉田郡山城,无,已登场,平贺元相,家老,直臣,毛利家,广岛城,无,已登场,平贺元相,浪人,其他,无,平户之町,无,
611,735,平手泛秀,平手,需新建,lord_1_hiratehanshuu,Hirate Hanyu,,,,,1537,1554,1572,战死,平手政秀,805,,,平手政秀,只限武将,91,91,普通,普通,理想,轻率,重视情义,42,武具,无欲,嗜酒如命,源氏,枪,55,56,23,34,49,1,2,1,0,0,1,0,0,0,0,0,0,0,0,0,1,无,拔突,无,无要求,,,未登场,平手泛秀,足轻组头,陪臣（平手政秀）,织田家,那古野城,无,已登场,平手泛秀,足轻大将,直臣,织田家,清洲城,无,已登场,平手泛秀,足轻大将,直臣,织田家,清洲城,无,已登场,平手泛秀,足轻大将,直臣,织田家,岐阜城,无,已死亡,平手泛秀,无效,无效,无,无效,无,已死亡,平手泛秀,无效,无效,无,无效,无,已死亡,平手泛秀,无效,无效,无,无效,无,已死亡,平手泛秀,无效,无效,无,无效,无,已登场,平手泛秀,浪人,其他,无,平户之町,无,
612,737,平野长泰,平野,需新建,lord_1_heiya,Hirano Nagayasu,,,,,1559,1573,1628,病死,,,,,,只限武将,10,10,普通,勇敢,普通,轻率,普通,57,武具,普通,普通,平氏,枪,64,69,60,38,69,2,1,0,0,2,3,1,0,2,0,0,0,0,0,0,0,无,强袭，连续斩，拔突，粘花，刚弓，卷枪，引落，柄返，刚力，铁壁,无,无要求,,,未登场,平野长泰,浪人,其他,无,清洲之町,无,未登场,平野长泰,浪人,其他,无,清洲之町,无,未登场,平野长泰,浪人,其他,无,清洲之町,无,未登场,平野长泰,浪人,其他,无,清洲之町,无,已登场,平野长泰,浪人,其他,无,清洲之町,无,已登场,平野长泰,足轻组头,陪臣（羽柴秀吉）,织田家,姬路城,无,已登场,平野长泰,足轻组头,直臣,羽柴家,石山本愿寺,无,已登场,平野长泰,部将,直臣,丰臣家,大坂城,无,已登场,平野长泰,浪人,其他,无,平户之町,无,
613,738,风魔小太郎,风魔,需新建,lord_1_kotarou,Fūma Kotarou,,,,,1537,1554,1616,病死,,,,,,没那个意思,82,82,普通,勇敢,现实,慎重,重视情义,29,武具,无欲,嗜酒如命,其他,苦无,66,91,3,87,50,2,1,1,1,1,3,1,4,0,0,1,2,0,2,0,3,狮子奋迅，城门爆破，幻惑之术，雷爆之术，错乱之术,强袭，连续斩，拔突，二连苦无，半月，猛毒苦无，十字投，乱苦无，叠返之术，刚力，铁壁，伤药，影缝之术,苦无高手,一般条件,,,已登场,风魔小太郎,头目,首领,风魔众,风魔之里,无,已登场,风魔小太郎,头目,首领,风魔众,风魔之里,无,已登场,风魔小太郎,头目,首领,风魔众,风魔之里,无,已登场,风魔小太郎,头目,首领,风魔众,风魔之里,无,已登场,风魔小太郎,头目,首领,风魔众,风魔之里,无,已登场,风魔小太郎,头目,首领,风魔众,风魔之里,无,已登场,风魔小太郎,头目,首领,风魔众,风魔之里,无,已登场,风魔小太郎,浪人,其他,无,江户之町,无,已登场,风魔小太郎,侍大将,直臣,小笠原家,小仓城,无,
614,739,深水长智,深水,需新建,lord_1_fukamizu,Fukamizu Nagatomo,,,,,1532,1554,1590,病死,,,,,,只限武将,40,40,温和,普通,普通,慎重,普通,44,书籍,普通,普通,藤原氏,刀剑,50,19,76,82,72,0,0,0,0,0,0,0,0,1,1,0,0,3,3,1,0,无,强袭,无,无要求,,,已登场,深水长智,部将,直臣,相良家,人吉城,无,已登场,深水长智,侍大将,直臣,相良家,人吉城,无,已登场,深水长智,侍大将,直臣,相良家,人吉城,无,已登场,深水长智,部将,直臣,相良家,人吉城,无,已登场,深水长智,侍大将,直臣,相良家,人吉城,无,已登场,深水长智,侍大将,直臣,相良家,人吉城,无,已登场,深水长智,侍大将,直臣,相良家,人吉城,无,已死亡,深水长智,无效,无效,无,无效,无,已登场,深水长智,水夫,直臣,淡路水军,洲本之砦,无,
615,740,福岛正则,福岛,需新建,lord_1_fuku,Fukushima Masanori,,,,,1561,1575,1624,病死,,,,,,只限武将,1,1,性急,勇敢,普通,轻率,重视情义,67,武具,贪心,嗜酒如命,平氏,枪,86,88,33,29,76,4,4,3,0,2,3,2,0,0,0,0,0,0,0,1,0,强行突破，骑射突击,强袭，连续斩，拔突，粘花，急所击，刚弓，卷枪，引落，柄返，刚力，铁壁,枪术能手,一般条件,,,未登场,福岛正则,浪人,其他,无,清洲之町,无,未登场,福岛正则,浪人,其他,无,清洲之町,无,未登场,福岛正则,足轻组头,直臣,织田家,清洲城,无,未登场,福岛正则,足轻组头,直臣,织田家,岐阜城,无,已登场,福岛正则,足轻组头,陪臣（羽柴秀吉）,织田家,长滨城,无,已登场,福岛正则,足轻大将,陪臣（羽柴秀吉）,织田家,姬路城,无,已登场,福岛正则,侍大将,直臣,羽柴家,石山本愿寺,无,已登场,福岛正则,大名,首领,福岛家,清洲城,无,已登场,福岛正则,浪人,其他,无,鹿岛之町,无,
616,741,福留亲政,福留,精确匹配,lord_1_fukudome_1,Fukudome Chikamasa,clan_fukudome_1,nankai,精确匹配织丰,,1530,1554,1577,病死,,,,,福留仪重,只限武将,78,78,普通,勇敢,普通,轻率,重视情义,70,武具,普通,普通,其他,刀剑,57,73,38,48,56,2,2,2,1,3,2,0,0,0,0,0,0,0,0,0,0,无,强袭，拔突，刚弓，铁壁,无,无要求,,,已登场,福留亲政,侍大将,直臣,长宗我部家,冈丰城,无,已登场,福留亲政,侍大将,直臣,长宗我部家,冈丰城,无,已登场,福留亲政,侍大将,直臣,长宗我部家,冈丰城,无,已登场,福留亲政,侍大将,直臣,长宗我部家,冈丰城,无,已登场,福留亲政,侍大将,直臣,长宗我部家,冈丰城,无,已死亡,福留亲政,无效,无效,无,无效,无,已死亡,福留亲政,无效,无效,无,无效,无,已死亡,福留亲政,无效,无效,无,无效,无,已登场,福留亲政,浪人,其他,无,小滨之町,无,
617,742,福留仪重,福留,精确匹配,lord_1_fukudome,Fukudome Yoshishige,clan_fukudome_1,nankai,精确匹配织丰,,1549,1563,1586,病死,福留亲政,616,,,福留亲政,全职种,78,78,普通,勇敢,普通,轻率,重视情义,56,武具,普通,嗜酒如命,其他,刀剑,46,70,39,45,49,2,2,2,0,0,0,0,1,0,0,0,0,0,1,0,0,无,强袭,无,无要求,,,未登场,福留仪重,足轻组头,陪臣（福留亲政）,长宗我部家,冈丰城,无,未登场,福留仪重,足轻组头,陪臣（福留亲政）,长宗我部家,冈丰城,无,已登场,福留仪重,足轻组头,陪臣（福留亲政）,长宗我部家,冈丰城,无,已登场,福留仪重,足轻组头,陪臣（福留亲政）,长宗我部家,冈丰城,无,已登场,福留仪重,足轻组头,陪臣（福留亲政）,长宗我部家,冈丰城,无,已登场,福留仪重,侍大将,直臣,长宗我部家,冈丰城,无,已登场,福留仪重,侍大将,直臣,长宗我部家,冈丰城,无,已死亡,福留仪重,无效,无效,无,无效,无,已登场,福留仪重,浪人,其他,无,龟山之町,无,
618,743,福原贞俊,福原,需新建,lord_1_fukuhara,Fukuhara Sadatoshi,,,,,1512,1554,1593,病死,,,,,,只限武将,36,36,温和,胆小,普通,慎重,重视情义,42,书籍,无欲,普通,其他,刀剑,48,42,69,61,59,0,0,0,0,0,0,0,0,2,3,2,2,2,2,1,0,无,强袭,无,无要求,,,已登场,福原贞俊,家老,直臣,毛利家,吉田郡山城,无,已登场,福原贞俊,家老,直臣,毛利家,吉田郡山城,无,已登场,福原贞俊,家老,直臣,毛利家,吉田郡山城,无,已登场,福原贞俊,家老,直臣,毛利家,吉田郡山城,无,已登场,福原贞俊,家老,直臣,毛利家,吉田郡山城,无,已登场,福原贞俊,家老,直臣,毛利家,吉田郡山城,无,已登场,福原贞俊,家老,直臣,毛利家,吉田郡山城,无,已死亡,福原贞俊,无效,无效,无,无效,无,已登场,福原贞俊,浪人,其他,无,安土之町,无,
619,747,古田织部,古田,需新建,lord_1_furuta,Furuta Oribe,,,,,1544,1558,1615,战死,,,,,,全职种,10,10,温和,胆小,理想,慎重,普通,43,艺术品,普通,滴酒不沾,藤原氏,枪,13,7,58,14,52,0,0,0,0,0,0,0,0,0,1,0,0,2,0,4,0,无,拔突,风雅之士,一般条件,,,未登场,古田重然,浪人,其他,无,石山之町,无,未登场,古田重然,足轻组头,陪臣（荒木村重）,三好家,有冈城,无,已登场,古田重然,足轻组头,陪臣（荒木村重）,三好家,有冈城,无,已登场,古田重然,足轻组头,陪臣（荒木村重）,织田家,有冈城,无,已登场,古田重然,足轻组头,陪臣（荒木村重）,织田家,有冈城,无,已登场,古田重然,足轻组头,直臣,织田家,安土城,无,已登场,古田重然,足轻组头,直臣,羽柴家,石山本愿寺,无,已登场,古田重然,浪人,其他,无,京之町,无,已登场,古田重然,浪人,其他,无,会津之町,无,
620,748,不破光治,不破,需新建,lord_1_fuwakouji,Fuwa Mitsuji,,,,,1523,1554,1580,病死,,,,,,全职种,20,20,普通,普通,普通,普通,普通,50,武具,普通,普通,源氏,刀剑,60,50,50,50,48,1,2,0,0,0,1,1,1,0,1,0,0,0,0,0,0,无,强袭,无,无要求,,,已登场,不破光治,足轻大将,直臣,斋藤家,稻叶山城,无,已登场,不破光治,足轻大将,直臣,斋藤家,稻叶山城,无,已登场,不破光治,足轻大将,直臣,斋藤家,稻叶山城,无,已登场,不破光治,足轻大将,直臣,织田家,岐阜城,无,已登场,不破光治,足轻大将,直臣,织田家,岐阜城,无,已死亡,不破光治,无效,无效,无,无效,无,已死亡,不破光治,无效,无效,无,无效,无,已死亡,不破光治,无效,无效,无,无效,无,已登场,不破光治,浪人,其他,无,骏府之町,无,
621,750,别所长治,别所,精确匹配,lord_1_bessho_4,Bessho Nagaharu,clan_bessho_1,kinai,精确匹配织丰,,1558,1572,1580,战死,,,别所就治,842,别所就治 别所重栋,只限武将,45,45,普通,勇敢,普通,轻率,不重情义,79,武具,无欲,普通,源氏,刀剑,73,64,53,41,57,3,1,2,0,0,0,3,0,1,0,0,0,0,1,0,0,无,强袭,无,一般条件,,,未登场,别所长治,部将,陪臣（别所就治）,赤松家,三木城,无,未登场,别所长治,部将,陪臣（别所就治）,赤松家,三木城,无,未登场,别所长治,部将,陪臣（别所就治）,赤松家,三木城,无,已登场,别所长治,城主,直臣,赤松家,三木城,无,已登场,别所长治,城主,直臣,赤松家,三木城,无,已死亡,别所长治,无效,无效,无,无效,无,已死亡,别所长治,无效,无效,无,无效,无,已死亡,别所长治,无效,无效,无,无效,无,已登场,别所长治,浪人,其他,无,长滨之町,无,
622,752,穗井田元清,穗井田,需新建,lord_1_hoidamotokiyo,Hoitada Motokiyo,,,,,1551,1565,1597,病死,毛利元就,722,,,吉川广家 吉川元长 吉川元春 小早川隆景 小早川秀包 繁泽元氏 二宫就辰 毛利隆元 毛利辉元 毛利元就 毛利秀元,只限武将,35,35,温和,普通,普通,慎重,普通,34,艺术品,无欲,普通,其他,刀剑,60,61,50,51,53,1,2,1,0,0,1,2,0,0,1,0,0,0,0,0,1,百万一心,强袭,无,一般条件,,,未登场,穗井田元清,侍大将,直臣,毛利家,吉田郡山城,无,未登场,穗井田元清,侍大将,直臣,毛利家,吉田郡山城,无,未登场,穗井田元清,侍大将,直臣,毛利家,吉田郡山城,无,已登场,穗井田元清,侍大将,直臣,毛利家,吉田郡山城,无,已登场,穗井田元清,侍大将,直臣,毛利家,吉田郡山城,无,已登场,穗井田元清,侍大将,直臣,毛利家,吉田郡山城,无,已登场,穗井田元清,城主,直臣,毛利家,樱尾城,无,已死亡,穗井田元清,无效,无效,无,无效,无,已登场,穗井田元清,浪人,其他,无,滨松之町,无,
623,753,北条氏胜,北条,姓氏推断,lord_1_hojo_shi,Hojo Shi,clan_hojo_1,kanto,家族和文化自动推断,,1559,1573,1611,病死,北条氏繁,625,北条纲成,632,北条氏繁 北条纲成,只限武将,82,82,普通,普通,普通,慎重,普通,60,武具,普通,滴酒不沾,平氏,刀剑,40,36,46,30,52,0,1,0,0,0,0,0,1,1,0,0,0,1,1,1,0,无,强袭,无,无要求,,,未登场,北条氏胜,足轻组头,陪臣（北条氏繁）,北条家,玉绳城,无,未登场,北条氏胜,足轻组头,陪臣（北条氏繁）,北条家,玉绳城,无,未登场,北条氏胜,足轻组头,陪臣（北条氏繁）,北条家,玉绳城,无,未登场,北条氏胜,足轻组头,陪臣（北条氏繁）,北条家,玉绳城,无,已登场,北条氏胜,足轻组头,陪臣（北条纲成）,北条家,玉绳城,无,已登场,北条氏胜,侍大将,陪臣（北条纲成）,北条家,玉绳城,无,已登场,北条氏胜,侍大将,陪臣（北条纲成）,北条家,玉绳城,无,已登场,北条氏胜,城主,直臣,德川家,佐仓城,无,已登场,北条氏胜,家老,直臣,北家,松前城,无,
624,754,北条氏邦,北条,精确匹配,lord_1_hojo_7,Hojo Ujikuni,clan_hojo_1,kanto,精确匹配织丰,,1541,1555,1597,病死,北条氏康,630,北条氏纲,###,上杉景虎 北条氏繁 北条氏照 北条氏直 北条氏规 北条氏政 北条氏康,只限武将,82,82,普通,普通,普通,慎重,普通,48,书籍,无欲,普通,平氏,刀剑,69,61,69,68,64,2,1,1,0,0,1,2,0,0,1,0,0,2,3,0,0,无,强袭,无,一般条件,,,未登场,北条氏邦,侍大将,直臣,北条家,小田原城,无,未登场,北条氏邦,部将,陪臣（北条氏康）,北条家,小田原城,无,已登场,北条氏邦,部将,直臣,北条家,小田原城,无,已登场,北条氏邦,城主,直臣,北条家,馆林城,无,已登场,北条氏邦,城主,直臣,北条家,馆林城,无,已登场,北条氏邦,城主,直臣,北条家,馆林城,无,已登场,北条氏邦,国主,直臣,北条家,箕轮城,无,已死亡,北条氏邦,无效,无效,无,无效,无,已登场,北条氏邦,家老,直臣,北家,松前城,无,
625,755,北条氏繁,北条,姓氏推断,lord_1_hojo_ujishige,Hojo Ujishige,clan_hojo_1,kanto,家族和文化自动推断,,1536,1554,1578,病死,北条纲成,632,北条氏纲,###,上杉景虎 北条氏胜 北条氏邦 北条氏照 北条氏规 北条氏政 北条氏康 北条纲成,只限武将,82,82,普通,勇敢,普通,普通,重视情义,26,武具,普通,普通,平氏,刀剑,68,67,52,66,66,2,2,1,0,0,1,2,1,0,1,0,1,0,0,0,1,无,强袭,无,无要求,,,已登场,北条氏繁,侍大将,陪臣（北条纲成）,北条家,玉绳城,无,已登场,北条氏繁,侍大将,陪臣（北条纲成）,北条家,玉绳城,无,已登场,北条氏繁,侍大将,陪臣（北条纲成）,北条家,玉绳城,无,已登场,北条氏繁,侍大将,陪臣（北条纲成）,北条家,玉绳城,无,已登场,北条氏繁,侍大将,陪臣（北条纲成）,北条家,玉绳城,无,已死亡,北条氏繁,无效,无效,无,无效,无,已死亡,北条氏繁,无效,无效,无,无效,无,已死亡,北条氏繁,无效,无效,无,无效,无,已登场,北条氏繁,家老,直臣,北家,松前城,无,
626,756,北条氏照,北条,精确匹配,lord_1_hojo_5,Hojo Ujiteru,clan_hojo_1,kanto,精确匹配织丰,,1540,1554,1590,战死,北条氏康,630,北条氏纲,###,上杉景虎 北条氏邦 北条氏繁 北条氏直 北条氏规 北条氏政 北条氏康,只限武将,82,82,普通,普通,普通,轻率,重视情义,40,武具,贪心,普通,平氏,刀剑,72,71,62,55,63,3,2,1,0,1,1,3,0,1,1,0,0,1,0,0,0,无,强袭,无,一般条件,,,未登场,北条氏照,侍大将,直臣,北条家,小田原城,无,已登场,北条氏照,国主,直臣,北条家,河越城,无,已登场,北条氏照,部将,直臣,北条家,小田原城,无,已登场,北条氏照,城主,直臣,北条家,河越城,无,已登场,北条氏照,城主,直臣,北条家,八王子城,无,已登场,北条氏照,城主,直臣,北条家,八王子城,无,已登场,北条氏照,国主,直臣,北条家,八王子城,无,已死亡,北条氏照,无效,无效,无,无效,无,已登场,北条氏照,家老,直臣,北家,松前城,无,
627,757,北条氏直,北条,精确匹配,lord_1_hojo_4,Hojo Ujinao,clan_hojo_1,kanto,精确匹配织丰,,1562,1576,1591,病死,北条氏政,629,北条氏康,630,上杉景虎 北条氏邦 北条氏照 北条氏规 北条氏政 北条氏康,只限武将,82,82,温和,胆小,现实,慎重,普通,42,艺术品,无欲,普通,平氏,刀剑,57,39,60,48,61,1,0,1,0,0,0,0,0,0,2,1,1,1,1,1,0,狮子奋迅,强袭,无,无要求,,,未登场,北条氏直,足轻组头,陪臣（北条氏政）,北条家,小田原城,无,未登场,北条氏直,足轻组头,陪臣（北条氏政）,北条家,小田原城,无,未登场,北条氏直,足轻组头,陪臣（北条氏政）,北条家,小田原城,无,未登场,北条氏直,足轻组头,陪臣（北条氏政）,北条家,小田原城,无,未登场,北条氏直,足轻组头,陪臣（北条氏政）,北条家,小田原城,无,已登场,北条氏直,侍大将,直臣,北条家,小田原城,无,已登场,北条氏直,侍大将,直臣,北条家,小田原城,无,已死亡,北条氏直,无效,无效,无,无效,无,已登场,北条氏直,部将,直臣,北家,松前城,无,
628,758,北条氏规,北条,精确匹配,lord_1_hojo_9,Hojo Ujinori,clan_hojo_1,kanto,精确匹配织丰,,1545,1559,1600,病死,北条氏康,630,北条氏纲,###,上杉景虎 北条氏邦 北条氏繁 北条氏照 北条氏直 北条氏政 北条氏康,只限武将,82,92,温和,普通,现实,普通,重视情义,40,书籍,普通,普通,平氏,刀剑,60,43,68,77,66,1,1,1,0,0,0,2,0,0,1,0,2,2,3,2,1,狮子奋迅,强袭,无,一般条件,,,未登场,北条氏规,侍大将,直臣,北条家,小田原城,无,已登场,北条氏规,城主,直臣,北条家,韭山城,无,已登场,北条氏规,部将,直臣,北条家,小田原城,无,已登场,北条氏规,城主,直臣,北条家,韭山城,无,已登场,北条氏规,城主,直臣,北条家,韭山城,无,已登场,北条氏规,城主,直臣,北条家,韭山城,无,已登场,北条氏规,国主,直臣,北条家,韭山城,无,已登场,北条氏规,家老,直臣,丰臣家,大坂城,无,已登场,北条氏规,部将,直臣,北家,松前城,无,
629,759,北条氏政,北条,精确匹配,lord_1_hojo,Hojo Ujimasa,clan_hojo_1,kanto,精确匹配织丰,,1538,1554,1590,战死,北条氏康,630,北条氏纲,###,上杉景虎 北条氏邦 北条氏繁 北条氏照 北条氏直 北条氏规 北条氏康,只限武将,82,82,普通,勇敢,普通,轻率,普通,82,艺术品,贪心,普通,平氏,刀剑,75,52,63,53,68,3,2,1,1,1,1,3,0,1,1,0,1,0,2,1,0,狮子奋迅,强袭,无,一般条件,北条三家老 大道寺政繁/远山纲景/松田宪秀,,已登场,北条氏政,家老,直臣,北条家,小田原城,无,已登场,北条氏政,家老,直臣,北条家,小田原城,无,已登场,北条氏政,家老,直臣,北条家,小田原城,无,已登场,北条氏政,家老,直臣,北条家,小田原城,无,已登场,北条氏政,大名,首领,北条家,小田原城,无,已登场,北条氏政,大名,首领,北条家,小田原城,无,已登场,北条氏政,大名,首领,北条家,小田原城,无,已死亡,北条氏政,无效,无效,无,无效,无,已登场,北条氏政,部将,陪臣（北条幻庵）,北家,大浦城,无,
630,760,北条氏康,北条,精确匹配,lord_1_hojo_2,Hojo Ujiyasu,clan_hojo_1,kanto,精确匹配织丰,,1515,1554,1571,病死,北条氏纲,1323,北条早云,###,上杉景虎 北条氏邦 北条氏繁 北条氏照 北条氏直 北条氏规 北条氏政 北条幻庵,只限武将,82,82,普通,勇敢,普通,普通,普通,88,武具,无欲,普通,平氏,刀剑,94,70,100,93,89,3,4,3,2,2,2,3,0,2,4,3,3,2,3,1,2,钓野伏，狮子奋迅，土龙攻,强袭，拔突，急所击，刚弓，铁壁，丢钱,名宰相,一般条件,,,已登场,北条氏康,大名,首领,北条家,小田原城,无,已登场,北条氏康,大名,首领,北条家,小田原城,无,已登场,北条氏康,大名,首领,北条家,小田原城,无,已登场,北条氏康,大名,首领,北条家,小田原城,无,已死亡,北条氏康,无效,无效,无,无效,无,已死亡,北条氏康,无效,无效,无,无效,无,已死亡,北条氏康,无效,无效,无,无效,无,已死亡,北条氏康,无效,无效,无,无效,无,已登场,北条氏康,部将,陪臣（北条幻庵）,北家,大浦城,无,
631,761,北条幻庵,北条,精确匹配,lord_1_hojo_11,Hojo Gen-an,clan_hojo_1,kanto,精确匹配织丰,,1493,1554,1589,病死,北条早云,1324,,,北条氏康,只限武将,82,82,普通,普通,理想,慎重,普通,22,艺术品,普通,滴酒不沾,平氏,刀剑,14,5,78,73,77,0,0,0,0,0,0,1,0,0,2,2,2,4,3,3,2,狮子奋迅,强袭,无,一般条件,,,已登场,北条幻庵,家老,直臣,北条家,小田原城,无,已登场,北条幻庵,家老,直臣,北条家,小田原城,无,已登场,北条幻庵,家老,直臣,北条家,小田原城,无,已登场,北条幻庵,家老,直臣,北条家,小田原城,无,已登场,北条幻庵,家老,直臣,北条家,小田原城,无,已登场,北条幻庵,家老,直臣,北条家,小田原城,无,已登场,北条幻庵,家老,直臣,北条家,小田原城,无,已死亡,北条幻庵,无效,无效,无,无效,无,已登场,北条幻庵,城主,直臣,北家,大浦城,无,
632,762,北条纲成,北条,姓氏推断,lord_1_hojo,Hojo Tsunashige,clan_hojo_1,kanto,家族和文化自动推断,,1515,1554,1587,病死,,,,,北条氏胜 北条氏繁,只限武将,82,82,普通,勇敢,普通,轻率,普通,19,武具,无欲,普通,平氏,枪,83,86,51,79,80,3,4,3,1,1,3,3,2,2,1,1,0,1,2,0,0,骑射突击，狮子奋迅,强袭，连续斩，拔突，粘花，二连苦无，急所击，卷枪，引落，柄返，刚力，铁壁,无,一般条件,,,已登场,北条纲成,城主,直臣,北条家,玉绳城,无,已登场,北条纲成,城主,直臣,北条家,玉绳城,无,已登场,北条纲成,城主,直臣,北条家,玉绳城,无,已登场,北条纲成,城主,直臣,北条家,玉绳城,无,已登场,北条纲成,城主,直臣,北条家,玉绳城,无,已登场,北条纲成,城主,直臣,北条家,玉绳城,无,已登场,北条纲成,城主,直臣,北条家,玉绳城,无,已死亡,北条纲成,无效,无效,无,无效,无,已登场,北条纲成,家老,直臣,北家,松前城,无,
633,763,宝藏院胤荣,宝藏院,需新建,lord_1_houzouintane,Houzouin In'ei,,,,,1521,1554,1607,病死,,,,,,没那个意思,80,80,普通,勇敢,现实,轻率,重视情义,63,武具,无欲,嗜酒如命,藤原氏,枪,42,92,39,67,71,0,0,0,0,0,4,2,2,0,0,0,0,3,2,2,0,无,强袭，连续斩，拔突，粘花，二连苦无，卷枪，飞鸟，引落，当身，柄返，刚力，铁壁，辱骂，大喝,枪术高手,一般条件,,,已登场,宝藏院胤荣,师范,其他,无,奈良之町,宝藏院流,已登场,宝藏院胤荣,师范,其他,无,奈良之町,宝藏院流,已登场,宝藏院胤荣,师范,其他,无,奈良之町,宝藏院流,已登场,宝藏院胤荣,师范,其他,无,奈良之町,宝藏院流,已登场,宝藏院胤荣,师范,其他,无,奈良之町,宝藏院流,已登场,宝藏院胤荣,师范,其他,无,奈良之町,宝藏院流,已登场,宝藏院胤荣,师范,其他,无,奈良之町,宝藏院流,已登场,宝藏院胤荣,师范,其他,无,奈良之町,宝藏院流,已登场,宝藏院胤荣,师范,其他,无,奈良之町,宝藏院流,
634,764,保科正俊,保科,需新建,lord_1_hoshinamasatoshi,Hoshina Masatoshi,,,,,1509,1554,1593,病死,,,,,,只限武将,70,70,性急,勇敢,普通,轻率,普通,65,武具,普通,嗜酒如命,源氏,枪,55,72,31,38,56,2,2,1,0,0,3,1,0,0,0,0,0,0,0,0,1,无,强袭，连续斩，拔突，粘花，卷枪，引落，柄返，刚力，铁壁,枪术名人,无要求,,,已登场,保科正俊,侍大将,陪臣（武田信廉）,武田家,踯躅崎馆,无,已登场,保科正俊,侍大将,陪臣（武田信廉）,武田家,高远城,无,已登场,保科正俊,侍大将,陪臣（武田信廉）,武田家,高远城,无,已登场,保科正俊,侍大将,陪臣（武田信廉）,武田家,高远城,无,已登场,保科正俊,侍大将,陪臣（仁科盛信）,武田家,高远城,无,已登场,保科正俊,侍大将,陪臣（穴山梅雪）,武田家,骏府城,无,已登场,保科正俊,城主,直臣,德川家,高远城,无,已死亡,保科正俊,无效,无效,无,无效,无,已登场,保科正俊,浪人,其他,无,江户之町,无,
635,895,安井道顿,安井,需新建,lord_1_yasuimichi,Yasui Doton,,,,,1533,1554,1615,战死,,,,,,武将以外优先,10,10,性急,勇敢,现实,轻率,重视情义,57,武具,贪心,嗜酒如命,其他,枪,43,60,66,38,60,1,0,0,0,0,2,0,1,4,2,2,0,1,4,0,0,无,强袭，拔突，铁壁,无,无要求,,,已登场,安井道顿,浪人,其他,无,石山之町,无,已登场,安井道顿,浪人,其他,无,石山之町,无,已登场,安井道顿,浪人,其他,无,石山之町,无,已登场,安井道顿,浪人,其他,无,石山之町,无,已登场,安井道顿,浪人,其他,无,石山之町,无,已登场,安井道顿,浪人,其他,无,石山之町,无,已登场,安井道顿,浪人,其他,无,石山之町,无,已登场,安井道顿,浪人,其他,无,大坂之町,无,已登场,安井道顿,浪人,其他,无,松江之町,无,
636,766,细川忠兴,细川,精确匹配,lord_1_hosokawa_2,Hosokawa Tadaoki,clan_hosokawa_1,kinai,精确匹配织丰,,1563,1577,1645,病死,细川幽斋,638,三渊晴员,###,细川幽斋 三渊藤英,全职种,98,98,温和,普通,现实,普通,不重情义,76,艺术品,普通,普通,源氏,刀剑,78,68,80,72,73,2,2,3,2,2,2,2,0,2,2,2,2,4,1,4,0,威风凛凛,强袭，拔突，急所击，刚弓，铁壁,风雅之士,一般条件,,,未登场,细川忠兴,足轻组头,陪臣（细川藤孝）,足利家,朽木谷城,无,未登场,细川忠兴,足轻组头,陪臣（细川藤孝）,足利家,朽木谷城,无,未登场,细川忠兴,足轻组头,陪臣（细川藤孝）,足利家,二条城,无,未登场,细川忠兴,足轻组头,陪臣（细川藤孝）,足利家,二条城,无,未登场,细川忠兴,足轻组头,陪臣（细川藤孝）,织田家,岐阜城,无,已登场,细川忠兴,足轻大将,陪臣（细川藤孝）,织田家,宫津城,无,已登场,细川忠兴,城主,直臣,羽柴家,宫津城,无,已登场,细川忠兴,大名,首领,细川家,宫津城,无,已登场,细川忠兴,浪人,其他,无,鹿岛之町,无,
637,767,细川晴元,细川,姓氏推断,lord_1_hosokawa_harumoto,Hosokawa Harumoto,clan_hosokawa_1,kinai,家族和文化自动推断,,1514,1554,1563,病死,,,,,,只限武将,1,5,性急,勇敢,理想,轻率,不重情义,52,艺术品,贪心,滴酒不沾,源氏,刀剑,24,31,35,58,57,0,0,0,0,0,1,0,0,0,0,0,0,3,2,2,1,威风凛凛,强袭,无,一般条件,,,已登场,细川晴元,家老,直臣,足利家,朽木谷城,无,已登场,细川晴元,家老,直臣,足利家,朽木谷城,无,已登场,细川晴元,家老,直臣,足利家,二条城,无,已死亡,细川晴元,无效,无效,无,无效,无,已死亡,细川晴元,无效,无效,无,无效,无,已死亡,细川晴元,无效,无效,无,无效,无,已死亡,细川晴元,无效,无效,无,无效,无,已死亡,细川晴元,无效,无效,无,无效,无,已登场,细川晴元,浪人,其他,无,鹿屋之町,无,
638,768,细川幽斋,细川,姓氏推断,lord_1_hosokawa_yuu,Hosokawa Yuu,clan_hosokawa_1,kinai,家族和文化自动推断,,1534,1554,1610,病死,三渊晴员,1350,,,细川忠兴 三渊藤英,只限武将,99,99,普通,勇敢,现实,轻率,普通,77,艺术品,普通,普通,源氏,刀剑,80,60,91,88,89,3,2,3,0,3,3,3,0,2,2,1,2,4,4,3,1,威吓，威风凛凛,强袭，连续斩，八神太刀，拔突，急所击，刚弓，神妙剑，刚力，金刚力，铁壁，气声，辱骂，大喝，克己,风雅之士，说客,一般条件,,,已登场,细川藤孝,部将,直臣,足利家,朽木谷城,新当流,已登场,细川藤孝,侍大将,直臣,足利家,朽木谷城,新当流,已登场,细川藤孝,侍大将,直臣,足利家,二条城,新当流,已登场,细川藤孝,部将,直臣,足利家,二条城,新当流,已登场,细川藤孝,侍大将,直臣,织田家,岐阜城,新当流,已登场,细川藤孝,城主,直臣,织田家,宫津城,新当流,已登场,细川幽斋,家老,直臣,羽柴家,石山本愿寺,新当流,已登场,细川幽斋,家老,直臣,细川家,宫津城,新当流,已登场,细川藤孝,浪人,其他,无,鹿屋之町,新当流,
639,770,堀尾忠氏,堀尾,需新建,lord_1_horiotadashishi,Horio Tadauji,,,,,1578,1592,1604,病死,堀尾吉晴,640,,,堀尾吉晴,全职种,10,90,温和,普通,普通,轻率,普通,30,艺术品,普通,普通,其他,刀剑,29,36,51,42,29,0,0,0,0,1,0,0,0,0,1,0,0,0,1,0,0,无,强袭,无,无要求,,,未登场,堀尾忠氏,浪人,其他,无,井之口之町,无,未登场,堀尾忠氏,浪人,其他,无,井之口之町,无,未登场,堀尾忠氏,浪人,其他,无,井之口之町,无,未登场,堀尾忠氏,足轻组头,陪臣（堀尾吉晴）,织田家,岐阜城,无,未登场,堀尾忠氏,足轻组头,陪臣（堀尾吉晴）,织田家,长滨城,无,未登场,堀尾忠氏,足轻组头,陪臣（堀尾吉晴）,织田家,姬路城,无,未登场,堀尾忠氏,足轻组头,陪臣（堀尾吉晴）,羽柴家,石山本愿寺,无,已登场,堀尾忠氏,大名,首领,堀尾家,滨松城,无,已登场,堀尾忠氏,浪人,其他,无,富山之町,无,
640,771,堀尾吉晴,堀尾,需新建,lord_1_horioyoshiharu,Horio Yoshiharu,,,,,1544,1558,1611,病死,,,,,堀尾忠氏,全职种,10,10,温和,普通,普通,轻率,普通,25,武具,普通,滴酒不沾,其他,刀剑,63,50,68,66,63,1,0,1,0,0,0,0,2,3,2,2,2,1,2,0,2,无,强袭，二连苦无,无,一般条件,,,未登场,堀尾茂助,浪人,其他,无,井之口之町,无,未登场,堀尾茂助,浪人,其他,无,井之口之町,无,已登场,堀尾茂助,浪人,其他,无,井之口之町,无,已登场,堀尾吉晴,足轻组头,陪臣（木下藤吉郎）,织田家,岐阜城,无,已登场,堀尾吉晴,足轻组头,陪臣（羽柴秀吉）,织田家,长滨城,无,已登场,堀尾吉晴,足轻大将,陪臣（羽柴秀吉）,织田家,姬路城,无,已登场,堀尾吉晴,部将,直臣,羽柴家,石山本愿寺,无,已登场,堀尾吉晴,家老,直臣,堀尾家,滨松城,无,已登场,堀尾茂助,浪人,其他,无,厩桥之町,无,
641,772,堀直政,堀,需新建,lord_1_horinaomasa,Horii Naomasa,,,,,1547,1561,1608,病死,,,,,,全职种,0,5,普通,普通,普通,轻率,普通,52,武具,普通,嗜酒如命,藤原氏,刀剑,57,56,58,49,56,2,0,1,0,0,0,1,0,1,2,0,0,0,1,0,0,无,强袭,无,一般条件,,,未登场,堀直政,足轻组头,直臣,斋藤家,稻叶山城,无,未登场,堀直政,浪人,其他,无,井之口之町,无,未登场,堀直政,浪人,其他,无,井之口之町,无,已登场,堀直政,足轻组头,直臣,织田家,岐阜城,无,已登场,堀直政,足轻组头,直臣,织田家,岐阜城,无,已登场,堀直政,侍大将,直臣,织田家,安土城,无,已登场,堀直政,部将,陪臣（堀秀政）,羽柴家,长滨城,无,已登场,堀直政,家老,直臣,堀家,春日山城,无,已登场,堀直政,浪人,其他,无,松江之町,无,
642,773,堀内氏善,堀内,需新建,lord_1_horiuchishizen,Horiuchi Shizen,,,,,1549,1560,1615,病死,,,,,,全职种,70,70,普通,普通,普通,轻率,不重情义,54,艺术品,贪心,嗜酒如命,源氏,刀剑,38,36,27,22,23,0,0,1,2,2,0,0,2,0,0,1,0,2,1,0,1,无,强袭，二连苦无，刚弓,无,无要求,,,未登场,堀内氏善,浪人,其他,无,杂贺之町,无,已登场,堀内氏善,城主,直臣,畠山家,新宫城,无,已登场,堀内氏善,城主,直臣,畠山家,新宫城,无,已登场,堀内氏善,城主,直臣,织田家,新宫城,无,已登场,堀内氏善,城主,直臣,织田家,新宫城,无,已登场,堀内氏善,城主,直臣,织田家,新宫城,无,已登场,堀内氏善,城主,直臣,羽柴家,新宫城,无,已登场,堀内氏善,城主,直臣,九鬼家,新宫城,无,已登场,堀内氏善,浪人,其他,无,直江津之町,无,
643,774,堀秀治,堀,需新建,lord_1_horishuuji,Horii Hideharu,,,,,1576,1590,1606,病死,堀秀政,644,,,堀秀政,全职种,90,90,普通,胆小,现实,慎重,重视情义,40,南蛮物,普通,滴酒不沾,藤原氏,刀剑,44,38,42,42,41,0,0,0,0,1,0,1,0,1,0,0,1,1,1,1,0,无,强袭,无,无要求,,,未登场,堀秀治,足轻组头,陪臣（堀秀政）,斋藤家,稻叶山城,无,未登场,堀秀治,足轻组头,陪臣（堀秀政）,斋藤家,稻叶山城,无,未登场,堀秀治,足轻组头,陪臣（堀秀政）,织田家,清洲城,无,未登场,堀秀治,足轻组头,陪臣（堀秀政）,织田家,岐阜城,无,未登场,堀秀治,足轻组头,陪臣（堀秀政）,织田家,岐阜城,无,未登场,堀秀治,足轻组头,陪臣（堀秀政）,织田家,安土城,无,未登场,堀秀治,足轻组头,陪臣（堀秀政）,羽柴家,长滨城,无,已登场,堀秀治,大名,首领,堀家,春日山城,无,已登场,堀秀治,浪人,其他,无,骏府之町,无,
644,775,堀秀政,堀,需新建,lord_1_horihidemasa,Horii Hidemasa,,,,,1553,1567,1590,病死,,,,,堀秀治,只限武将,5,5,温和,普通,普通,轻率,普通,58,南蛮物,普通,普通,藤原氏,刀剑,70,42,63,54,58,2,1,2,1,1,3,2,0,1,1,0,0,3,2,1,1,无,强袭，连续斩，拔突，刚力，铁壁,无,无要求,,,未登场,堀秀政,足轻组头,直臣,斋藤家,稻叶山城,无,未登场,堀秀政,足轻组头,直臣,斋藤家,稻叶山城,无,未登场,堀秀政,足轻组头,直臣,织田家,清洲城,无,已登场,堀秀政,足轻组头,直臣,织田家,岐阜城,无,已登场,堀秀政,足轻组头,直臣,织田家,岐阜城,无,已登场,堀秀政,侍大将,直臣,织田家,安土城,无,已登场,堀秀政,国主,直臣,羽柴家,长滨城,无,已死亡,堀秀政,无效,无效,无,无效,无,已登场,堀秀政,浪人,其他,无,津山之町,无,
645,776,本因坊算砂,本因坊,需新建,lord_1_honinbousansa,Hon'inbo Sansa,,,,,1558,1572,1623,病死,,,,,,全职种,4,4,温和,胆小,理想,慎重,普通,7,书籍,无欲,滴酒不沾,其他,枪,16,3,22,80,64,0,0,0,0,0,0,2,0,0,0,0,4,3,0,0,0,无,拔突，丢钱，贿赂,无,一般条件,,,未登场,本因坊算砂,浪人,其他,无,京之町,无,未登场,本因坊算砂,浪人,其他,无,京之町,无,未登场,本因坊算砂,浪人,其他,无,京之町,无,未登场,本因坊算砂,浪人,其他,无,京之町,无,已登场,本因坊算砂,浪人,其他,无,京之町,无,已登场,本因坊算砂,浪人,其他,无,京之町,无,已登场,本因坊算砂,浪人,其他,无,京之町,无,已登场,本因坊算砂,足轻组头,直臣,德川家,江户城,无,已登场,本因坊算砂,浪人,其他,无,小滨之町,无,
646,777,本愿寺教如,本愿寺,精确匹配,lord_1_honganji_2,Honganji Kyonyo,clan_honganji_1,kinai,精确匹配织丰,,1558,1572,1614,病死,本愿寺显如,647,本愿寺证如,812,本愿寺显如 本愿寺准如 本愿寺证如,没那个意思,50,50,性急,勇敢,普通,轻率,不重情义,89,武具,普通,普通,藤原氏,枪,71,75,39,57,84,2,2,2,1,1,2,2,1,1,0,0,0,1,2,1,1,百发百中,强袭，拔突，铁壁,策士,一般条件,,,未登场,本愿寺教如,侍大将,陪臣（本愿寺显如）,本愿寺,石山本愿寺,无,未登场,本愿寺教如,部将,陪臣（本愿寺显如）,本愿寺,石山本愿寺,无,未登场,本愿寺教如,家老,直臣,本愿寺,石山本愿寺,无,未登场,本愿寺教如,家老,直臣,本愿寺,石山本愿寺,无,已登场,本愿寺教如,家老,直臣,本愿寺,石山本愿寺,无,已登场,本愿寺教如,浪人,其他,无,石山之町,无,已登场,本愿寺教如,浪人,其他,无,石山之町,无,已登场,本愿寺教如,浪人,其他,无,京之町,无,已登场,本愿寺教如,浪人,其他,无,江户之町,无,
647,778,本愿寺显如,本愿寺,精确匹配,lord_1_honganji,Honganji Ken'nyo,clan_honganji_1,kinai,精确匹配织丰,,1543,1554,1592,病死,本愿寺证如,812,,,本愿寺教如 本愿寺准如 本愿寺证如,没那个意思,50,50,性急,普通,理想,普通,不重情义,88,书籍,普通,普通,藤原氏,火绳枪,92,55,84,91,93,4,0,3,1,0,1,3,1,2,1,1,1,3,4,2,2,齐射，激励，百发百中,急所击，二挺击,无,一般条件,,,未登场,本愿寺显如,家老,直臣,本愿寺,石山本愿寺,无,已登场,本愿寺显如,大名,首领,本愿寺,石山本愿寺,无,已登场,本愿寺显如,大名,首领,本愿寺,石山本愿寺,无,已登场,本愿寺显如,大名,首领,本愿寺,石山本愿寺,无,已登场,本愿寺显如,大名,首领,本愿寺,石山本愿寺,无,已登场,本愿寺显如,浪人,其他,无,石山之町,无,已登场,本愿寺显如,浪人,其他,无,石山之町,无,已死亡,本愿寺显如,无效,无效,无,无效,无,已登场,本愿寺显如,浪人,其他,无,堺之町,无,
648,779,本愿寺准如,本愿寺,模糊匹配,lord_1_honganji,Honganji Junnyo,clan_honganji_1,kinai,家族和文化自动推断,,1577,1591,1630,病死,本愿寺显如,647,本愿寺证如,812,本愿寺教如 本愿寺显如 本愿寺证如,没那个意思,50,50,温和,普通,普通,慎重,普通,55,书籍,普通,普通,藤原氏,枪,56,40,67,64,66,2,0,2,0,0,0,0,0,0,2,2,2,3,3,2,0,无,拔突,无,无要求,,,未登场,本愿寺准如,足轻组头,陪臣（本愿寺显如）,本愿寺,石山本愿寺,无,未登场,本愿寺准如,足轻组头,陪臣（本愿寺显如）,本愿寺,石山本愿寺,无,未登场,本愿寺准如,足轻组头,直臣,本愿寺,石山本愿寺,无,未登场,本愿寺准如,足轻组头,直臣,本愿寺,石山本愿寺,无,未登场,本愿寺准如,足轻组头,直臣,本愿寺,石山本愿寺,无,未登场,本愿寺准如,浪人,其他,无,石山之町,无,未登场,本愿寺准如,浪人,其他,无,石山之町,无,已登场,本愿寺准如,浪人,其他,无,大坂之町,无,已登场,本愿寺准如,浪人,其他,无,滨松之町,无,
649,781,北乡时久,北乡,精确匹配,lord_1_hongo,Hongo Tokihisa,clan_hongo_1,saikai,精确匹配织丰,,1530,1554,1596,病死,,,,,,只限武将,30,30,普通,普通,普通,慎重,普通,64,书籍,普通,普通,源氏,刀剑,54,47,52,62,52,2,1,2,0,0,0,0,1,0,1,0,0,1,2,0,0,无,强袭,无,无要求,,,已登场,北乡时久,侍大将,直臣,岛津家,内城,无,已登场,北乡时久,侍大将,直臣,岛津家,内城,无,已登场,北乡时久,侍大将,直臣,岛津家,内城,无,已登场,北乡时久,侍大将,直臣,岛津家,内城,无,已登场,北乡时久,侍大将,直臣,岛津家,内城,无,已登场,北乡时久,侍大将,直臣,岛津家,内城,无,已登场,北乡时久,侍大将,直臣,岛津家,内城,无,已死亡,北乡时久,无效,无效,无,无效,无,已登场,北乡时久,家老,直臣,北家,松前城,无,
650,782,本庄繁长,本庄,精确匹配,lord_1_honjo,Honjo Sigenaga,clan_honjo_1,hokuriku,精确匹配织丰,,1539,1554,1613,病死,,,,,,全职种,33,33,普通,胆小,普通,轻率,不重情义,64,艺术品,贪心,普通,平氏,刀剑,64,67,57,56,62,1,2,1,0,2,2,2,0,0,0,0,1,0,1,0,0,车悬,强袭，拔突，刚弓，铁壁,无,无要求,,,已登场,本庄繁长,城主,直臣,长尾家,本庄城,无,已登场,本庄繁长,城主,直臣,长尾家,本庄城,无,已登场,本庄繁长,城主,直臣,长尾家,本庄城,无,已登场,本庄繁长,城主,直臣,武田家,本庄城,无,已登场,本庄繁长,城主,直臣,上杉家,本庄城,无,已登场,本庄繁长,城主,直臣,上杉家,本庄城,无,已登场,本庄繁长,城主,直臣,上杉家,本庄城,无,已登场,本庄繁长,城主,直臣,上杉家,须贺川城,无,已登场,本庄繁长,浪人,其他,无,长滨之町,无,
651,783,本多重次,本多,精确匹配,lord_1_honda_2,Honda Shigetsugu,clan_honda_1,tokai,精确匹配织丰,,1529,1554,1596,病死,,,,,,只限武将,82,82,性急,勇敢,现实,普通,重视情义,44,书籍,无欲,嗜酒如命,藤原氏,刀剑,42,49,82,39,54,0,0,0,0,0,0,0,0,2,3,3,3,3,1,1,1,无,强袭，丢钱,无,一般条件,,,已登场,本多重次,足轻组头,直臣,松平家,冈崎城,无,已登场,本多重次,足轻组头,陪臣（松平元康）,今川家,骏府城,无,已登场,本多重次,足轻组头,陪臣（松平元康）,今川家,冈崎城,无,已登场,本多重次,足轻组头,直臣,德川家,冈崎城,无,已登场,本多重次,足轻组头,陪臣（德川信康）,德川家,冈崎城,无,已登场,本多重次,足轻大将,直臣,德川家,滨松城,无,已登场,本多重次,足轻大将,直臣,德川家,滨松城,无,已死亡,本多重次,无效,无效,无,无效,无,已登场,本多重次,浪人,其他,无,赤间关之町,无,
652,784,本多忠胜,本多,精确匹配,lord_1_honda,Honda Tadakatsu,clan_honda_1,tokai,精确匹配织丰,,1548,1562,1610,病死,,,,,本多忠朝 本多忠政,只限武将,90,90,性急,勇敢,普通,轻率,重视情义,45,武具,无欲,嗜酒如命,藤原氏,枪,92,89,62,58,79,3,4,3,1,3,3,3,2,1,0,0,0,0,0,1,0,骑射突击，三河武者,强袭，连续斩，拔突，粘花，二连苦无，急所击，刚弓，卷枪，引落，柄返，刚力，铁壁,枪术名人,一般条件,,,未登场,本多忠胜,足轻组头,直臣,松平家,冈崎城,无,未登场,本多忠胜,足轻组头,陪臣（松平元康）,今川家,骏府城,无,已登场,本多忠胜,足轻组头,陪臣（松平元康）,今川家,冈崎城,无,已登场,本多忠胜,侍大将,直臣,德川家,冈崎城,无,已登场,本多忠胜,侍大将,直臣,德川家,滨松城,无,已登场,本多忠胜,侍大将,直臣,德川家,滨松城,无,已登场,本多忠胜,侍大将,直臣,德川家,滨松城,无,已登场,本多忠胜,国主,直臣,德川家,久留里城,无,已登场,本多忠胜,浪人,其他,无,柳川之町,无,
653,785,本多忠朝,本多,姓氏推断,lord_1_honda_tadatomo,Honda Tadatomo,clan_honda_1,tokai,家族和文化自动推断,,1582,1596,1615,战死,本多忠胜,652,,,本多忠胜 本多忠政,只限武将,90,90,性急,勇敢,理想,轻率,重视情义,72,艺术品,无欲,嗜酒如命,藤原氏,枪,69,79,45,34,68,3,3,2,1,2,3,1,0,0,0,0,0,1,0,0,0,无,强袭，连续斩，拔突，粘花，刚弓，卷枪，引落，柄返，刚力，铁壁,无,无要求,,,未登场,本多忠朝,足轻组头,陪臣（本多忠胜）,松平家,冈崎城,无,未登场,本多忠朝,足轻组头,陪臣（本多忠胜）,今川家,骏府城,无,未登场,本多忠朝,足轻组头,陪臣（本多忠胜）,今川家,冈崎城,无,未登场,本多忠朝,足轻组头,陪臣（本多忠胜）,德川家,冈崎城,无,未登场,本多忠朝,足轻组头,陪臣（本多忠胜）,德川家,滨松城,无,未登场,本多忠朝,足轻组头,陪臣（本多忠胜）,德川家,滨松城,无,未登场,本多忠朝,足轻组头,陪臣（本多忠胜）,德川家,滨松城,无,已登场,本多忠朝,部将,陪臣（本多忠胜）,德川家,久留里城,无,已登场,本多忠朝,浪人,其他,无,大坂之町,无,
654,786,本多忠政,本多,姓氏推断,lord_1_honda_tadamasa,Honda Tadamasa,clan_honda_1,tokai,家族和文化自动推断,,1575,1589,1631,病死,本多忠胜,652,,,本多忠胜 本多忠朝,只限武将,90,90,温和,胆小,普通,轻率,普通,15,书籍,无欲,普通,藤原氏,枪,43,44,50,57,60,1,1,0,0,0,0,0,0,1,1,1,0,2,2,0,0,无,拔突,无,无要求,,,未登场,本多忠政,足轻组头,陪臣（本多忠胜）,松平家,冈崎城,无,未登场,本多忠政,足轻组头,陪臣（本多忠胜）,今川家,骏府城,无,未登场,本多忠政,足轻组头,陪臣（本多忠胜）,今川家,冈崎城,无,未登场,本多忠政,足轻组头,陪臣（本多忠胜）,德川家,冈崎城,无,未登场,本多忠政,足轻组头,陪臣（本多忠胜）,德川家,滨松城,无,未登场,本多忠政,足轻组头,陪臣（本多忠胜）,德川家,滨松城,无,未登场,本多忠政,足轻组头,陪臣（本多忠胜）,德川家,滨松城,无,已登场,本多忠政,部将,陪臣（本多忠胜）,德川家,久留里城,无,已登场,本多忠政,浪人,其他,无,出石之町,无,
655,788,本多正纯,本多,精确匹配,lord_1_honda_8,Honda Masazumi,clan_honda_1,tokai,精确匹配织丰,,1565,1579,1637,病死,本多正信,656,,,本多正信 本多政重,全职种,95,95,温和,胆小,现实,慎重,不重情义,66,书籍,贪心,普通,藤原氏,刀剑,12,24,90,83,73,0,0,0,0,0,0,1,1,3,3,3,4,2,3,1,0,无,强袭，丢钱，贿赂,能吏,一般条件,,,未登场,本多正纯,足轻组头,陪臣（本多正信）,松平家,冈崎城,无,未登场,本多正纯,足轻组头,陪臣（本多正信）,今川家,骏府城,无,未登场,本多正纯,足轻组头,陪臣（本多正信）,今川家,冈崎城,无,未登场,本多正纯,足轻组头,陪臣（本多正信）,德川家,冈崎城,无,未登场,本多正纯,足轻组头,陪臣（本多正信）,德川家,滨松城,无,已登场,本多正纯,足轻组头,陪臣（本多正信）,德川家,滨松城,无,已登场,本多正纯,足轻组头,陪臣（本多正信）,德川家,滨松城,无,已登场,本多正纯,部将,直臣,德川家,江户城,无,已登场,本多正纯,浪人,其他,无,杂贺之町,无,
656,789,本多正信,本多,精确匹配,lord_1_honda_6,Honda Masanobu,clan_honda_1,tokai,精确匹配织丰,,1538,1554,1616,病死,,,,,本多正纯 本多政重,只限武将,90,90,温和,胆小,现实,轻率,不重情义,77,书籍,无欲,普通,藤原氏,刀剑,11,20,95,92,34,0,0,0,0,1,0,0,0,3,4,3,3,3,4,1,1,土龙攻，威吓,强袭，丢钱,说客，名奉行,一般条件,,,未登场,本多正信,足轻组头,直臣,松平家,冈崎城,无,已登场,本多正信,足轻大将,陪臣（松平元康）,今川家,骏府城,无,已登场,本多正信,足轻大将,陪臣（松平元康）,今川家,冈崎城,无,已登场,本多正信,足轻组头,直臣,德川家,冈崎城,无,已登场,本多正信,足轻大将,直臣,德川家,滨松城,无,已登场,本多正信,侍大将,直臣,德川家,滨松城,无,已登场,本多正信,侍大将,直臣,德川家,滨松城,无,已登场,本多正信,家老,直臣,德川家,江户城,无,已登场,本多正信,浪人,其他,无,今治之町,无,
657,791,前田庆次,前田,姓氏推断,lord_1_maeda,Maeda Keiji,clan_maeda_1,kinai,家族和文化自动推断,,1550,1564,1612,病死,,,泷川一胜,###,泷川一益,全职种,0,16,性急,勇敢,理想,轻率,不重情义,78,南蛮物,贪心,嗜酒如命,其他,枪,62,88,2,51,95,3,2,3,0,3,3,0,3,0,0,0,0,3,2,3,1,破技之术，雾隐之术,强袭，连续斩，拔突，粘花，二连苦无，半月，急所击，刚弓，卷枪，引落，柄返，刚力，铁壁，克己,枪术名人，风雅之士,一般条件,,,未登场,前田庆次,浪人,其他,无,清洲之町,无,未登场,前田庆次,足轻组头,直臣,织田家,清洲城,无,未登场,前田庆次,足轻组头,直臣,织田家,清洲城,无,已登场,前田庆次,足轻组头,陪臣（前田利家）,织田家,岐阜城,无,已登场,前田庆次,足轻组头,直臣,织田家,岐阜城,无,已登场,前田庆次,足轻大将,陪臣（前田利家）,织田家,七尾城,无,已登场,前田庆次,足轻大将,直臣,前田家,尾山城,无,已登场,前田庆次,侍大将,直臣,上杉家,会津若松城,无,已登场,前田庆次,浪人,其他,无,弘前之町,无,
658,792,前田玄以,前田,姓氏推断,lord_1_maeda_geni,Maeda Gen'i,clan_maeda_1,kinai,家族和文化自动推断,,1539,1554,1602,病死,,,,,,全职种,8,8,温和,胆小,现实,慎重,普通,45,南蛮物,普通,滴酒不沾,藤原氏,刀剑,6,6,80,72,65,0,0,0,0,0,0,0,0,0,2,2,3,3,3,3,3,无,强袭，伤药，丢钱,无,无要求,,,未登场,前田玄以,浪人,其他,无,井之口之町,无,已登场,前田玄以,浪人,其他,无,井之口之町,无,已登场,前田玄以,浪人,其他,无,井之口之町,无,已登场,前田玄以,浪人,其他,无,岐阜之町,无,已登场,前田玄以,足轻组头,陪臣（织田信忠）,织田家,岐阜城,无,已登场,前田玄以,足轻大将,陪臣（织田信忠）,织田家,岐阜城,无,已登场,前田玄以,足轻大将,直臣,织田家,长岛城,无,已登场,前田玄以,家老,直臣,丰臣家,大坂城,无,已登场,前田玄以,浪人,其他,无,弘前之町,无,
659,793,前田利家,前田,精确匹配,lord_1_maeda,Maeda Toshiie,clan_maeda_1,tosan,精确匹配织丰,,1538,1554,1599,病死,,,,,前田利长 前田利政,只限武将,0,2,普通,勇敢,普通,轻率,普通,71,艺术品,贪心,嗜酒如命,其他,枪,74,71,75,66,78,3,2,3,1,2,3,2,0,1,2,1,2,1,1,2,1,无,强袭，连续斩，拔突，粘花，急所击，刚弓，卷枪，引落，柄返，刚力，铁壁,枪术名人,一般条件,,,未登场,前田利家,侍大将,直臣,织田家,那古野城,无,已登场,前田利家,足轻大将,直臣,织田家,清洲城,无,已登场,前田利家,足轻大将,直臣,织田家,清洲城,无,已登场,前田利家,侍大将,直臣,织田家,岐阜城,无,已登场,前田利家,侍大将,直臣,织田家,岐阜城,无,已登场,前田利家,城主,直臣,织田家,七尾城,无,已登场,前田利家,大名,首领,前田家,尾山城,无,已登场,前田利家,大名,首领,前田家,金泽城,无,已登场,前田利家,浪人,其他,无,弘前之町,无,
660,794,前田利长,前田,精确匹配,lord_1_maeda_4,Maeda Toshinaga,clan_maeda_1,tosan,精确匹配织丰,,1562,1576,1614,病死,前田利家,659,,,前田利家 前田利政,只限武将,88,82,温和,胆小,现实,轻率,普通,22,南蛮物,普通,普通,其他,枪,60,52,65,71,59,2,2,2,0,0,1,1,0,0,1,1,1,1,1,1,0,无,拔突,无,一般条件,,,未登场,前田利长,足轻组头,陪臣（前田利家）,织田家,那古野城,无,未登场,前田利长,足轻组头,陪臣（前田利家）,织田家,稻叶山城,无,未登场,前田利长,足轻组头,陪臣（前田利家）,织田家,清洲城,无,未登场,前田利长,足轻组头,陪臣（前田利家）,织田家,岐阜城,无,未登场,前田利长,足轻组头,陪臣（前田利家）,织田家,岐阜城,无,已登场,前田利长,足轻组头,陪臣（前田利家）,织田家,七尾城,无,已登场,前田利长,足轻组头,直臣,前田家,尾山城,无,已登场,前田利长,家老,直臣,前田家,金泽城,无,已登场,前田利长,浪人,其他,无,弘前之町,无,
661,795,前田利政,前田,姓氏推断,lord_1_maeda_toshimasa,Maeda Toshimasa,clan_maeda_1,kinai,家族和文化自动推断,,1578,1592,1633,病死,前田利家,659,,,前田利家 前田利长,只限武将,15,15,性急,勇敢,理想,轻率,不重情义,75,武具,普通,普通,其他,枪,61,46,55,19,52,1,1,1,0,1,1,1,0,1,1,1,1,1,1,1,1,无,拔突,无,无要求,,,未登场,前田利政,足轻组头,陪臣（前田利家）,织田家,那古野城,无,未登场,前田利政,足轻组头,陪臣（前田利家）,织田家,稻叶山城,无,未登场,前田利政,足轻组头,陪臣（前田利家）,织田家,清洲城,无,未登场,前田利政,足轻组头,陪臣（前田利家）,织田家,岐阜城,无,未登场,前田利政,足轻组头,陪臣（前田利家）,织田家,岐阜城,无,未登场,前田利政,足轻组头,陪臣（前田利家）,织田家,七尾城,无,未登场,前田利政,足轻组头,直臣,前田家,尾山城,无,已登场,前田利政,城主,直臣,前田家,七尾城,无,已登场,前田利政,浪人,其他,无,弘前之町,无,
662,796,前野长康,前野,需新建,lord_1_maeno,Maeno Nagayasu,,,,,1528,1554,1595,战死,,,,,,全职种,84,15,普通,勇敢,普通,轻率,普通,59,艺术品,贪心,嗜酒如命,其他,刀剑,35,68,49,54,68,2,1,1,0,0,1,1,0,0,1,1,0,0,0,0,0,无,强袭,无,无要求,,,已登场,前野长康,浪人,其他,无,井之口之町,无,已登场,前野长康,浪人,其他,无,井之口之町,无,已登场,前野长康,浪人,其他,无,井之口之町,无,已登场,前野长康,浪人,其他,无,岐阜之町,无,已登场,前野长康,足轻大将,陪臣（羽柴秀吉）,织田家,长滨城,无,已登场,前野长康,足轻大将,陪臣（羽柴秀吉）,织田家,姬路城,无,已登场,前野长康,部将,直臣,羽柴家,石山本愿寺,无,已死亡,前野长康,无效,无效,无,无效,无,已登场,前野长康,浪人,其他,无,弘前之町,无,
663,797,前波吉继,前波,精确匹配,lord_1_maeba_5,Maeba Yoshitsugu,clan_maeba_1,hokuriku,精确匹配织丰,,1541,1555,1574,战死,,,,,,全职种,20,20,普通,普通,普通,轻率,不重情义,64,艺术品,贪心,普通,藤原氏,刀剑,52,33,35,62,56,1,1,0,0,0,0,2,0,0,1,0,0,3,2,0,0,无,强袭,无,无要求,,,未登场,前波吉继,侍大将,直臣,朝仓家,一乘谷城,无,未登场,前波吉继,侍大将,直臣,朝仓家,一乘谷城,无,已登场,前波吉继,侍大将,直臣,朝仓家,一乘谷城,无,已登场,前波吉继,侍大将,直臣,朝仓家,一乘谷城,无,已死亡,前波吉继,无效,无效,无,无效,无,已死亡,前波吉继,无效,无效,无,无效,无,已死亡,前波吉继,无效,无效,无,无效,无,已死亡,前波吉继,无效,无效,无,无效,无,已登场,前波吉继,浪人,其他,无,弘前之町,无,
664,798,真壁氏干,真壁,需新建,lord_1_makabeshikan,Makabe Shikan,,,,,1550,1564,1622,病死,,,,,,全职种,40,40,性急,勇敢,理想,轻率,普通,76,武具,贪心,普通,平氏,刀剑,51,87,22,35,64,1,0,0,0,2,4,0,0,0,0,0,0,0,0,0,0,无,强袭，连续斩，八神太刀，一之太刀，拔突，刚弓，神妙剑，当身，刚力，金刚力，铁壁，气声，辱骂，大喝，炯眼，罗刹,剑豪,无要求,,,未登场,真壁氏干,侍大将,直臣,佐竹家,太田城,新当流,未登场,真壁氏干,侍大将,直臣,佐竹家,太田城,新当流,未登场,真壁氏干,侍大将,直臣,佐竹家,太田城,新当流,已登场,真壁氏干,侍大将,直臣,佐竹家,太田城,新当流,已登场,真壁氏干,侍大将,直臣,佐竹家,太田城,霞流,已登场,真壁氏干,侍大将,直臣,佐竹家,太田城,霞流,已登场,真壁氏干,侍大将,直臣,佐竹家,水户城,霞流,已登场,真壁氏干,部将,直臣,佐竹家,水户城,霞流,已登场,真壁氏干,浪人,其他,无,温泉津之町,新当流,
665,799,真柄直澄,真柄,需新建,lord_1_magaranaosumi,Magara Naosumi,,,,,1538,1554,1570,战死,真柄直隆父,1325,,,真柄直隆,只限武将,50,50,性急,勇敢,普通,轻率,普通,65,武具,普通,嗜酒如命,其他,刀剑,56,79,29,41,41,2,1,1,0,2,3,0,0,0,0,0,0,0,0,0,0,无,强袭，连续斩，拔突，刚弓，刚力，铁壁,无,无要求,,,未登场,真柄直澄,足轻大将,直臣,朝仓家,一乘谷城,无,已登场,真柄直澄,足轻组头,直臣,朝仓家,一乘谷城,无,已登场,真柄直澄,足轻组头,直臣,朝仓家,一乘谷城,无,已登场,真柄直澄,足轻大将,直臣,朝仓家,一乘谷城,无,已死亡,真柄直澄,无效,无效,无,无效,无,已死亡,真柄直澄,无效,无效,无,无效,无,已死亡,真柄直澄,无效,无效,无,无效,无,已死亡,真柄直澄,无效,无效,无,无效,无,已登场,真柄直澄,浪人,其他,无,鹿屋之町,无,
666,800,真柄直隆,真柄,需新建,lord_1_magaranaotaka,Magara Naotaka,,,,,1536,1554,1570,战死,真柄直隆父,1325,,,真柄直澄,只限武将,50,50,性急,勇敢,普通,轻率,普通,66,武具,普通,嗜酒如命,其他,刀剑,60,78,15,38,42,2,1,1,0,2,3,0,0,0,0,0,0,0,0,0,0,无,强袭，连续斩，拔突，刚弓，刚力，铁壁,无,一般条件,,,未登场,真柄直隆,侍大将,直臣,朝仓家,一乘谷城,无,已登场,真柄直隆,足轻大将,直臣,朝仓家,一乘谷城,无,已登场,真柄直隆,足轻大将,直臣,朝仓家,一乘谷城,无,已登场,真柄直隆,侍大将,直臣,朝仓家,一乘谷城,无,已死亡,真柄直隆,无效,无效,无,无效,无,已死亡,真柄直隆,无效,无效,无,无效,无,已死亡,真柄直隆,无效,无效,无,无效,无,已死亡,真柄直隆,无效,无效,无,无效,无,已登场,真柄直隆,浪人,其他,无,佐仓之町,无,
667,801,正木时茂,正木,姓氏推断,lord_1_masaki,Masaki Tokishige,clan_masaki_1,kanto,家族和文化自动推断,,1515,1554,1573,病死,正木时纲,1326,,,正木时忠 正木赖忠,全职种,30,30,普通,勇敢,普通,轻率,普通,45,武具,普通,普通,平氏,枪,66,72,37,46,65,2,1,1,3,1,3,1,0,0,1,0,0,0,0,0,0,焙烙,强袭，连续斩，拔突，粘花，卷枪，引落，柄返，刚力，铁壁,枪术名人,无要求,,,已登场,正木时茂,家老,直臣,里见家,久留里城,无,已登场,正木时茂,家老,直臣,里见家,久留里城,无,已登场,正木时茂,家老,直臣,里见家,久留里城,无,已登场,正木时茂,家老,直臣,里见家,久留里城,无,已死亡,正木时茂,无效,无效,无,无效,无,已死亡,正木时茂,无效,无效,无,无效,无,已死亡,正木时茂,无效,无效,无,无效,无,已死亡,正木时茂,无效,无效,无,无效,无,已登场,正木时茂,浪人,其他,无,大坂之町,无,
668,802,正木时忠,正木,精确匹配,lord_1_masaki_2,Masaki Tokitada,clan_masaki_1,kanto,精确匹配织丰,,1520,1554,1576,病死,正木时纲,1326,,,正木时茂 正木赖忠,全职种,30,30,温和,勇敢,普通,轻率,不重情义,66,南蛮物,无欲,普通,平氏,枪,58,46,55,57,44,2,1,1,3,1,2,1,0,0,0,0,1,0,0,0,0,焙烙,强袭，拔突，铁壁,无,无要求,,,已登场,正木时忠,部将,直臣,里见家,久留里城,无,已登场,正木时忠,部将,直臣,里见家,久留里城,无,已登场,正木时忠,部将,直臣,里见家,久留里城,无,已登场,正木时忠,部将,直臣,里见家,久留里城,无,已登场,正木时忠,部将,直臣,里见家,久留里城,无,已死亡,正木时忠,无效,无效,无,无效,无,已死亡,正木时忠,无效,无效,无,无效,无,已死亡,正木时忠,无效,无效,无,无效,无,已登场,正木时忠,浪人,其他,无,柳川之町,无,
669,803,正木赖忠,正木,姓氏推断,lord_1_masaki,Masaki Yoritada,clan_masaki_1,kanto,家族和文化自动推断,,1551,1565,1622,病死,正木时忠,668,正木时纲,###,正木时茂 正木时忠,全职种,30,30,普通,胆小,普通,慎重,普通,24,艺术品,无欲,普通,平氏,刀剑,40,47,54,53,58,1,0,0,2,0,1,0,0,0,0,0,1,0,0,0,0,无,强袭,无,无要求,,,未登场,正木赖忠,足轻组头,陪臣（正木时忠）,里见家,久留里城,无,未登场,正木赖忠,足轻组头,陪臣（正木时忠）,里见家,久留里城,无,已登场,正木赖忠,足轻组头,陪臣（正木时忠）,里见家,久留里城,无,已登场,正木赖忠,足轻组头,陪臣（正木时忠）,里见家,久留里城,无,已登场,正木赖忠,足轻大将,陪臣（正木时忠）,里见家,久留里城,无,已登场,正木赖忠,足轻大将,直臣,里见家,久留里城,无,已登场,正木赖忠,足轻大将,直臣,里见家,久留里城,无,已登场,正木赖忠,部将,直臣,里见家,稻村城,无,已登场,正木赖忠,浪人,其他,无,江户之町,无,
670,804,增田长盛,增田,需新建,lord_1_unknown_hero,Masuda Nagamori,,,,,1545,1559,1615,战死,,,,,,全职种,4,4,温和,胆小,普通,轻率,重视情义,45,艺术品,普通,普通,源氏,枪,43,14,87,74,42,0,0,0,0,0,0,1,1,3,4,2,3,2,0,1,0,无,拔突，丢钱,能吏,一般条件,,,未登场,增田长盛,浪人,其他,无,目加田之町,无,未登场,增田长盛,浪人,其他,无,目加田之町,无,已登场,增田长盛,浪人,其他,无,目加田之町,无,已登场,增田长盛,浪人,其他,无,目加田之町,无,已登场,增田长盛,足轻组头,陪臣（羽柴秀吉）,织田家,长滨城,无,已登场,增田长盛,足轻大将,陪臣（羽柴秀吉）,织田家,姬路城,无,已登场,增田长盛,侍大将,直臣,羽柴家,石山本愿寺,无,已登场,增田长盛,城主,直臣,丰臣家,大和郡山城,无,已登场,增田长盛,浪人,其他,无,长滨之町,无,
671,805,益田元祥,益田,需新建,lord_1_masudamotoshou,Masudaa Motonaga,,,,,1558,1572,1640,病死,,,,,,只限武将,38,38,温和,普通,普通,普通,普通,31,书籍,普通,普通,藤原氏,刀剑,20,21,72,55,63,0,0,0,0,0,0,0,0,2,3,3,3,2,0,1,1,无,强袭，丢钱,无,无要求,,,未登场,益田元祥,足轻组头,直臣,毛利家,吉田郡山城,无,未登场,益田元祥,足轻组头,直臣,毛利家,吉田郡山城,无,未登场,益田元祥,足轻组头,直臣,毛利家,吉田郡山城,无,未登场,益田元祥,足轻组头,直臣,毛利家,吉田郡山城,无,已登场,益田元祥,足轻组头,直臣,毛利家,吉田郡山城,无,已登场,益田元祥,足轻组头,直臣,毛利家,吉田郡山城,无,已登场,益田元祥,足轻组头,直臣,毛利家,吉田郡山城,无,已登场,益田元祥,家老,直臣,毛利家,广岛城,无,已登场,益田元祥,浪人,其他,无,京之町,无,
672,806,松井康之,松井,需新建,lord_1_matsuiyasuyuki,Matsui Yasuyuki,,,,,1550,1564,1612,病死,,,,,,全职种,95,95,普通,勇敢,现实,普通,普通,49,艺术品,普通,嗜酒如命,其他,刀剑,63,55,40,59,53,2,1,2,3,1,2,2,1,0,0,0,0,3,0,3,1,无,强袭，拔突，铁壁,无,无要求,,,未登场,松井康之,足轻组头,陪臣（细川藤孝）,足利家,朽木谷城,无,未登场,松井康之,浪人,其他,无,京之町,无,未登场,松井康之,浪人,其他,无,京之町,无,已登场,松井康之,足轻组头,陪臣（细川藤孝）,足利家,二条城,无,已登场,松井康之,足轻组头,陪臣（细川藤孝）,织田家,岐阜城,无,已登场,松井康之,足轻组头,陪臣（细川藤孝）,织田家,宫津城,无,已登场,松井康之,足轻组头,陪臣（细川忠兴）,羽柴家,宫津城,无,已登场,松井康之,部将,直臣,细川家,宫津城,无,已登场,松井康之,当家,首领,干货屋,大凑之町,无,
673,807,松井友闲,松井,需新建,lord_1_matsuitomo,Matsui Tomoyasu,,,,,1513,1554,1586,病死,,,,,,全职种,1,1,温和,胆小,普通,慎重,重视情义,21,书籍,普通,普通,其他,枪,9,7,88,71,65,0,0,0,0,0,0,0,0,2,3,2,2,3,3,2,3,无,拔突，伤药,无,无要求,,,已登场,松井友闲,浪人,其他,无,清洲之町,无,已登场,松井友闲,足轻组头,直臣,织田家,清洲城,无,已登场,松井友闲,足轻组头,直臣,织田家,清洲城,无,已登场,松井友闲,足轻组头,直臣,织田家,岐阜城,无,已登场,松井友闲,足轻组头,直臣,织田家,岐阜城,无,已登场,松井友闲,浪人,其他,无,堺之町,无,已登场,松井友闲,浪人,其他,无,堺之町,无,已死亡,松井友闲,无效,无效,无,无效,无,已登场,松井友闲,当家,首领,花屋,浦户之町,无,
674,808,松仓重信,松仓,需新建,lord_1_matsushin,Matsukura Shigenobu,,,,,1543,1557,1593,病死,,,,,松仓重政,只限武将,92,92,普通,勇敢,普通,普通,重视情义,60,武具,普通,普通,其他,刀剑,54,56,48,51,65,2,1,1,0,0,0,2,0,0,0,0,0,0,0,0,0,无,强袭,无,无要求,,,未登场,松仓重信,足轻大将,直臣,筒井家,大和郡山城,无,未登场,松仓重信,足轻大将,直臣,筒井家,大和郡山城,无,已登场,松仓重信,足轻大将,直臣,筒井家,大和郡山城,无,已登场,松仓重信,足轻大将,直臣,筒井家,大和郡山城,无,已登场,松仓重信,足轻大将,直臣,筒井家,大和郡山城,无,已登场,松仓重信,侍大将,陪臣（筒井顺庆）,织田家,大和郡山城,无,已登场,松仓重信,家老,直臣,筒井家,大和郡山城,无,已死亡,松仓重信,无效,无效,无,无效,无,已登场,松仓重信,当家,首领,肉屋,小田原之町,无,
675,809,松仓重政,松仓,需新建,lord_1_matsumatsurigoto,Matsukura Shigemasa,,,,,1571,1585,1630,病死,松仓重信,674,,,松仓重信,只限武将,92,92,性急,胆小,现实,轻率,不重情义,74,艺术品,贪心,普通,藤原氏,刀剑,40,54,6,16,17,0,0,0,0,0,0,1,0,4,0,1,0,0,0,0,0,无,强袭,无,无要求,,,未登场,松仓重政,足轻组头,陪臣（松仓重信）,筒井家,大和郡山城,无,未登场,松仓重政,足轻组头,陪臣（松仓重信）,筒井家,大和郡山城,无,未登场,松仓重政,足轻组头,陪臣（松仓重信）,筒井家,大和郡山城,无,未登场,松仓重政,足轻组头,陪臣（松仓重信）,筒井家,大和郡山城,无,未登场,松仓重政,足轻组头,陪臣（松仓重信）,筒井家,大和郡山城,无,未登场,松仓重政,足轻组头,陪臣（筒井顺庆）,织田家,大和郡山城,无,未登场,松仓重政,足轻组头,直臣,筒井家,大和郡山城,无,已登场,松仓重政,部将,直臣,筒井家,伊贺上野城,无,已登场,松仓重政,伙计,直臣,肉屋,小田原之町,无,
676,810,松下加兵卫,松下,需新建,lord_1_matsushitakahei,Matsushita Kahei,,,,,1538,1554,1598,病死,,,,,,全职种,10,10,温和,胆小,普通,普通,普通,20,书籍,普通,滴酒不沾,源氏,刀剑,34,23,51,44,67,0,0,0,2,0,0,1,1,0,0,0,0,1,1,0,1,无,强袭,无,无要求,,,已登场,松下加兵卫,足轻大将,陪臣（饭尾连龙）,今川家,曳马城,无,已登场,松下加兵卫,部将,陪臣（饭尾连龙）,今川家,曳马城,无,已登场,松下加兵卫,部将,陪臣（饭尾连龙）,今川家,曳马城,无,已登场,松下加兵卫,足轻组头,直臣,今川家,曳马城,无,已登场,松下加兵卫,足轻组头,直臣,德川家,滨松城,无,已登场,松下加兵卫,足轻组头,陪臣（鹈殿氏长）,德川家,二俣城,无,已登场,松下加兵卫,足轻组头,陪臣（鹈殿氏长）,德川家,二俣城,无,已死亡,松下加兵卫,无效,无效,无,无效,无,已登场,松下加兵卫,当家,首领,鱼屋,严岛之町,无,
677,812,松平忠吉,松平,需新建,lord_1_matsudairachuukichi,Matsudaira Tadakichi,,,,,1580,1594,1607,病死,德川家康,506,松平广忠,804,德川家康 德川信康 德川秀忠 结城秀康 松平广忠,只限武将,90,90,普通,勇敢,普通,轻率,重视情义,68,武具,普通,普通,源氏,刀剑,61,69,44,38,55,2,2,2,0,0,2,1,0,1,0,0,0,1,0,1,0,无,强袭，拔突，铁壁,无,无要求,,,未登场,松平忠吉,侍大将,陪臣（松平竹千代）,松平家,冈崎城,无,未登场,松平忠吉,足轻组头,陪臣（松平元康）,今川家,骏府城,无,未登场,松平忠吉,足轻组头,陪臣（松平元康）,今川家,冈崎城,无,未登场,松平忠吉,侍大将,直臣,德川家,冈崎城,无,未登场,松平忠吉,足轻组头,陪臣（德川家康）,德川家,滨松城,无,未登场,松平忠吉,足轻组头,陪臣（德川家康）,德川家,滨松城,无,未登场,松平忠吉,足轻组头,直臣,德川家,滨松城,无,已登场,松平忠吉,部将,直臣,德川家,江户城,无,已登场,松平忠吉,当家,首领,饭屋,京之町,无,
678,814,松田宪秀,松田,精确匹配,lord_1_matsuda,Matsuda Norihide,clan_matsuda_1,kanto,精确匹配织丰,,1530,1554,1590,战死,,,,,笠原政尧,只限武将,82,82,普通,胆小,普通,轻率,不重情义,59,书籍,贪心,普通,藤原氏,刀剑,16,18,68,74,75,0,0,0,0,0,0,1,0,1,2,1,2,0,2,0,0,无,强袭,无,一般条件,,,已登场,松田宪秀,部将,直臣,北条家,小田原城,无,已登场,松田宪秀,家老,直臣,北条家,小田原城,无,已登场,松田宪秀,家老,直臣,北条家,小田原城,无,已登场,松田宪秀,家老,直臣,北条家,小田原城,无,已登场,松田宪秀,家老,直臣,北条家,小田原城,无,已登场,松田宪秀,家老,直臣,北条家,小田原城,无,已登场,松田宪秀,家老,直臣,北条家,小田原城,无,已死亡,松田宪秀,无效,无效,无,无效,无,已登场,松田宪秀,当家,首领,书屋,大坂之町,无,
679,816,松永久秀,松永,精确匹配,lord_1_matsunaga,Matsunaga Hisahide,clan_matsunaga_1,kinai,精确匹配织丰,,1510,1554,1577,战死,松永久秀父,1327,,,内藤如安 松永久通 松永长赖,全职种,80,93,性急,胆小,现实,普通,不重情义,100,艺术品,贪心,普通,其他,枪,84,55,87,95,59,3,2,3,0,1,1,2,3,1,0,2,3,4,4,3,0,威吓，刺杀，内讧之术,拔突，二连苦无，半月，急所击，丢钱,风雅之士，说客,一般条件,,,已登场,松永久秀,侍大将,陪臣（三好长庆）,细川家,芥川城,无,已登场,松永久秀,城主,直臣,三好家,多闻山城,无,已登场,松永久秀,国主,直臣,三好家,信贵山城,无,已登场,松永久秀,国主,直臣,织田家,信贵山城,无,已登场,松永久秀,国主,直臣,织田家,信贵山城,无,已死亡,松永久秀,无效,无效,无,无效,无,已死亡,松永久秀,无效,无效,无,无效,无,已死亡,松永久秀,无效,无效,无,无效,无,已登场,松永久秀,伙计,直臣,油屋,油津之町,无,
680,817,松永久通,松永,精确匹配,lord_1_matsunaga_2,Matsunaga Hisamichi,clan_matsunaga_1,kinai,精确匹配织丰,,1538,1554,1577,战死,松永久秀,679,松永久秀父,###,内藤如安 松永久秀 松永长赖,只限武将,93,93,温和,胆小,普通,轻率,不重情义,87,南蛮物,贪心,嗜酒如命,其他,刀剑,40,46,61,76,62,1,1,1,0,1,1,1,0,0,0,0,0,1,1,1,0,无,强袭,无,无要求,,,未登场,松永久通,侍大将,陪臣（松永久秀）,细川家,芥川城,无,已登场,松永久通,侍大将,陪臣（松永久秀）,三好家,多闻山城,无,已登场,松永久通,侍大将,陪臣（松永久秀）,三好家,信贵山城,无,已登场,松永久通,侍大将,陪臣（松永久秀）,织田家,信贵山城,无,已登场,松永久通,侍大将,陪臣（松永久秀）,织田家,信贵山城,无,已死亡,松永久通,无效,无效,无,无效,无,已死亡,松永久通,无效,无效,无,无效,无,已死亡,松永久通,无效,无效,无,无效,无,已登场,松永久通,当家,首领,油屋,油津之町,无,
681,818,松波义亲,松波,需新建,lord_1_matsunami,Matsunami Yoshichika,,,,,1557,1571,1577,战死,畠山义纲,580,畠山义续,579,畠山义续 畠山义纲,只限武将,90,90,温和,勇敢,普通,普通,重视情义,60,武具,普通,普通,源氏,刀剑,55,51,48,41,57,1,1,0,1,0,0,1,0,0,0,0,0,1,0,0,0,无,强袭,无,无要求,,,未登场,松波义亲,部将,直臣,畠山家,七尾城,无,未登场,松波义亲,侍大将,直臣,畠山家,七尾城,无,未登场,松波义亲,侍大将,直臣,畠山家,七尾城,无,未登场,松波义亲,浪人,其他,无,轮岛之町,无,已登场,松波义亲,侍大将,直臣,长家,七尾城,无,已死亡,松波义亲,无效,无效,无,无效,无,已死亡,松波义亲,无效,无效,无,无效,无,已死亡,松波义亲,无效,无效,无,无效,无,已登场,松波义亲,当家,首领,酒屋,尾道之町,无,
682,281,角屋七郎次郎,角屋,需新建,lord_1_sumiyashichiroujirou,Sumiya Shichirojiro,,,,,1542,1556,1634,病死,,,,,,全职种,90,90,温和,普通,现实,普通,重视情义,34,艺术品,贪心,嗜酒如命,源氏,枪,30,21,57,66,51,1,0,1,3,0,0,0,1,3,0,0,3,1,3,2,3,无,拔突，伤药，丢钱，大宴宾客,风雅之士,一般条件,,,已登场,角屋七郎次郎,当家,首领,角屋,大凑之町,无,已登场,角屋七郎次郎,当家,首领,角屋,大凑之町,无,已登场,角屋七郎次郎,当家,首领,角屋,大凑之町,无,已登场,角屋七郎次郎,当家,首领,角屋,大凑之町,无,已登场,角屋七郎次郎,当家,首领,角屋,大凑之町,无,已登场,角屋七郎次郎,当家,首领,角屋,大凑之町,无,已登场,角屋七郎次郎,当家,首领,角屋,大凑之町,无,已登场,角屋七郎次郎,当家,首领,角屋,大凑之町,无,已登场,角屋七郎次郎,家老,直臣,七条家,杂贺城,无,
683,819,松浦镇信,松浦,精确匹配,lord_1_matsuura_2,Matsuura Shigenobu,clan_matsuura_1,saikai,精确匹配织丰,,1549,1563,1614,病死,松浦隆信,684,,,松浦隆信,全职种,15,15,普通,普通,普通,普通,普通,62,南蛮物,贪心,嗜酒如命,源氏,刀剑,59,43,62,70,52,1,0,2,4,1,1,1,0,1,0,2,2,2,1,3,0,焙烙,强袭,无,一般条件,,,未登场,松浦镇信,家老,直臣,松浦家,平户城,无,未登场,松浦镇信,部将,陪臣（松浦隆信）,松浦家,平户城,无,已登场,松浦镇信,家老,直臣,松浦家,平户城,无,已登场,松浦镇信,家老,直臣,松浦家,平户城,无,已登场,松浦镇信,家老,直臣,松浦家,平户城,无,已登场,松浦镇信,家老,直臣,松浦家,平户城,无,已登场,松浦镇信,家老,直臣,松浦家,平户城,无,已登场,松浦镇信,大名,首领,松浦家,平户城,无,已登场,松浦镇信,当家,首领,地板屋,博多之町,无,
684,820,松浦隆信,松浦,精确匹配,lord_1_matsuura,Matsuura Takanobu,clan_matsuura_1,saikai,精确匹配织丰,,1529,1554,1599,病死,,,,,松浦镇信,只限武将,15,15,温和,勇敢,理想,轻率,普通,66,南蛮物,贪心,普通,源氏,刀剑,66,51,71,59,66,2,0,1,4,1,1,1,0,2,1,0,2,0,1,2,0,水上禁行,强袭,无,一般条件,,,已登场,松浦隆信,大名,首领,松浦家,平户城,无,已登场,松浦隆信,大名,首领,松浦家,平户城,无,已登场,松浦隆信,大名,首领,松浦家,平户城,无,已登场,松浦隆信,大名,首领,松浦家,平户城,无,已登场,松浦隆信,大名,首领,松浦家,平户城,无,已登场,松浦隆信,大名,首领,松浦家,平户城,无,已登场,松浦隆信,大名,首领,松浦家,平户城,无,已登场,松浦隆信,家老,直臣,松浦家,平户城,无,已登场,松浦隆信,伙计,直臣,地板屋,博多之町,无,
685,822,曲直濑道三,曲直濑,需新建,lord_1_kyokuchokusan,Manase Dousan,,,,,1507,1554,1595,病死,,,,,,没那个意思,10,10,温和,普通,普通,慎重,重视情义,17,书籍,无欲,滴酒不沾,其他,枪,18,15,65,76,88,0,0,0,0,0,0,0,0,0,0,2,2,3,2,3,4,无,拔突，伤药，止血,良医,一般条件,,,已登场,曲直濑道三,医师,其他,无,京之町,无,已登场,曲直濑道三,医师,其他,无,京之町,无,已登场,曲直濑道三,医师,其他,无,京之町,无,已登场,曲直濑道三,医师,其他,无,京之町,无,已登场,曲直濑道三,医师,其他,无,京之町,无,已登场,曲直濑道三,医师,其他,无,京之町,无,已登场,曲直濑道三,医师,其他,无,京之町,无,已死亡,曲直濑道三,无效,无效,无,无效,无,已登场,曲直濑道三,足轻大将,直臣,三刀屋家,骏府城,无,
686,824,丸目长惠,丸目,需新建,lord_1_marume,Marume Nagayoshi,,,,,1540,1554,1629,病死,,,,,,全职种,60,60,普通,普通,普通,轻率,普通,40,武具,无欲,普通,藤原氏,刀剑,31,91,78,13,53,1,0,0,0,1,4,3,2,0,3,0,0,3,0,0,0,无,强袭，连续斩，月影，一刀两断，拔突，二连苦无，浮舟，当身，肋一寸，刚力，铁壁，天狗抄，心眼，辱骂，大喝,剑豪,一般条件,,主角柳生宗严，柳生新阴流剧情,未登场,丸目长惠,足轻组头,直臣,相良家,人吉城,新阴流,已登场,丸目长惠,侍大将,直臣,相良家,人吉城,新阴流,已登场,丸目长惠,侍大将,直臣,相良家,人吉城,新阴流,已登场,丸目长惠,侍大将,直臣,相良家,人吉城,体舍流,已登场,丸目长惠,侍大将,直臣,相良家,人吉城,体舍流,已登场,丸目长惠,侍大将,直臣,相良家,人吉城,体舍流,已登场,丸目长惠,侍大将,直臣,相良家,人吉城,体舍流,已登场,丸目长惠,部将,直臣,相良家,人吉城,体舍流,已登场,丸目长惠,浪人,其他,无,长滨之町,体舍流,
687,826,三云成持,三云,需新建,lord_1_sanunseiji,Mikumo Narumochi,,,,,1540,1554,1603,病死,,,,,,只限武将,34,34,温和,普通,普通,轻率,重视情义,18,书籍,无欲,普通,藤原氏,刀剑,47,41,62,54,36,0,0,0,0,0,0,0,0,1,2,1,1,1,2,0,0,无,强袭,无,无要求,,,未登场,三云成持,足轻大将,直臣,六角家,观音寺城,无,已登场,三云成持,足轻大将,直臣,六角家,观音寺城,无,已登场,三云成持,足轻大将,直臣,六角家,观音寺城,无,已登场,三云成持,浪人,其他,无,目加田之町,无,已登场,三云成持,足轻大将,直臣,织田家,岐阜城,无,已登场,三云成持,足轻大将,陪臣（织田信雄）,织田家,安浓津城,无,已登场,三云成持,侍大将,直臣,织田家,长岛城,无,已登场,三云成持,部将,直臣,蒲生家,宇都宫城,无,已登场,三云成持,家老,直臣,三刀屋家,骏府城,无,
688,827,御宿勘兵卫,御宿,需新建,lord_1_onjukukanhei,Onjuku Kanbei,,,,,1567,1581,1615,战死,,,,,,全职种,5,5,普通,勇敢,普通,轻率,重视情义,64,武具,无欲,嗜酒如命,藤原氏,刀剑,26,71,12,38,44,2,1,0,0,0,2,1,1,0,0,0,0,0,0,0,0,无,强袭，拔突，铁壁,无,无要求,,,未登场,御宿勘兵卫,浪人,其他,无,骏府之町,无,未登场,御宿勘兵卫,浪人,其他,无,骏府之町,无,未登场,御宿勘兵卫,浪人,其他,无,骏府之町,无,未登场,御宿勘兵卫,浪人,其他,无,骏府之町,无,未登场,御宿勘兵卫,浪人,其他,无,骏府之町,无,已登场,御宿勘兵卫,浪人,其他,无,骏府之町,无,已登场,御宿勘兵卫,浪人,其他,无,骏府之町,无,已登场,御宿勘兵卫,部将,直臣,结城家,结城城,无,已登场,御宿勘兵卫,浪人,其他,无,花卷之町,无,
689,828,水谷胤重,水谷,需新建,lord_1_mizutanitanejuu,Mizutani Taneshige,,,,,1538,1554,1606,病死,,,,,,只限武将,38,38,温和,勇敢,普通,慎重,重视情义,30,武具,无欲,普通,平氏,刀剑,50,55,29,60,72,1,1,1,1,1,1,2,1,0,0,0,0,2,2,0,0,无,强袭,无,无要求,,,已登场,水谷胤重,足轻大将,直臣,相马家,小高城,无,已登场,水谷胤重,足轻大将,直臣,相马家,小高城,无,已登场,水谷胤重,足轻大将,直臣,相马家,小高城,无,已登场,水谷胤重,足轻大将,直臣,相马家,小高城,无,已登场,水谷胤重,足轻大将,直臣,相马家,小高城,无,已登场,水谷胤重,足轻大将,直臣,相马家,小高城,无,已登场,水谷胤重,足轻大将,直臣,相马家,小高城,无,已登场,水谷胤重,家老,直臣,相马家,小高城,无,已登场,水谷胤重,头领,首领,淡路水军,洲本之砦,无,
690,829,水野胜成,水野,需新建,lord_1_mizuno,Mizuno Katsunari,,,,,1564,1578,1651,病死,水野忠重,691,松平清康,###,德川家康 水野忠重 水野信元,只限武将,90,20,普通,普通,理想,轻率,普通,64,武具,普通,普通,源氏,刀剑,44,51,48,61,54,1,1,0,0,2,0,0,0,0,0,0,0,0,1,0,0,无,强袭，刚弓,无,无要求,,,未登场,水野胜成,足轻组头,陪臣（水野忠重）,松平家,冈崎城,无,未登场,水野胜成,足轻组头,陪臣（水野忠重）,今川家,骏府城,无,未登场,水野胜成,足轻组头,陪臣（松平元康）,今川家,冈崎城,无,未登场,水野胜成,足轻组头,陪臣（水野忠重）,德川家,冈崎城,无,未登场,水野胜成,足轻组头,陪臣（水野忠重）,德川家,滨松城,无,已登场,水野胜成,足轻组头,直臣,德川家,滨松城,无,已登场,水野胜成,足轻组头,直臣,织田家,长岛城,无,已登场,水野胜成,侍大将,直臣,小西家,宇土城,无,已登场,水野胜成,船头,直臣,淡路水军,洲本之砦,无,
691,830,水野忠重,水野,需新建,lord_1_mizunotadashige,Mizuno Tadashige,,,,,1541,1555,1600,战死,松平清康,1329,,,德川家康 水野胜成 水野信元,只限武将,90,90,温和,普通,现实,慎重,普通,55,武具,普通,普通,源氏,刀剑,61,56,52,58,43,2,1,1,1,1,2,1,0,0,0,0,0,0,0,1,1,无,强袭，拔突，铁壁,无,无要求,,,未登场,水野忠重,足轻组头,直臣,松平家,冈崎城,无,未登场,水野忠重,足轻组头,陪臣（松平元康）,今川家,骏府城,无,已登场,水野忠重,足轻组头,陪臣（松平元康）,今川家,冈崎城,无,已登场,水野忠重,足轻组头,直臣,德川家,冈崎城,无,已登场,水野忠重,足轻组头,直臣,德川家,滨松城,无,已登场,水野忠重,足轻大将,直臣,德川家,滨松城,无,已登场,水野忠重,足轻大将,直臣,织田家,长岛城,无,已登场,水野忠重,部将,直臣,德川家,江户城,无,已登场,水野忠重,船头,直臣,淡路水军,洲本之砦,无,
692,831,水野信元,水野,需新建,lord_1_mizunonobumoto,Mizuno Nobumoto,,,,,1524,1554,1575,战死,松平清康,1329,,,德川家康 水野胜成 水野忠重,只限武将,5,10,性急,勇敢,现实,普通,普通,64,武具,贪心,普通,源氏,刀剑,62,60,34,59,36,2,2,1,2,2,2,2,2,0,0,0,0,0,0,0,0,无,强袭，拔突，二连苦无，刚弓，铁壁,无,无要求,,,已登场,水野信元,侍大将,直臣,织田家,那古野城,无,已登场,水野信元,部将,直臣,织田家,清洲城,无,已登场,水野信元,部将,直臣,织田家,清洲城,无,已登场,水野信元,部将,直臣,织田家,岐阜城,无,已登场,水野信元,部将,直臣,织田家,岐阜城,无,已死亡,水野信元,无效,无效,无,无效,无,已死亡,水野信元,无效,无效,无,无效,无,已死亡,水野信元,无效,无效,无,无效,无,已登场,水野信元,船头,直臣,淡路水军,洲本之砦,无,
693,832,沟尾庄兵卫,沟尾,需新建,lord_1_shouhei,Mizuo Shoubei,,,,,1525,1554,1582,病死,,,,,,只限武将,40,40,温和,普通,普通,慎重,重视情义,14,书籍,普通,嗜酒如命,其他,枪,54,50,48,27,58,1,1,1,0,1,0,1,1,0,1,0,1,2,0,0,1,无,拔突,无,无要求,,,已登场,沟尾庄兵卫,足轻组头,陪臣（明智光秀）,斋藤家,稻叶山城,无,已登场,沟尾庄兵卫,足轻组头,陪臣（明智光秀）,斋藤家,稻叶山城,无,已登场,沟尾庄兵卫,足轻组头,陪臣（明智光秀）,朝仓家,一乘谷城,无,已登场,沟尾庄兵卫,足轻组头,陪臣（明智光秀）,织田家,岐阜城,无,已登场,沟尾庄兵卫,足轻组头,陪臣（明智光秀）,织田家,坂本城,无,已登场,沟尾庄兵卫,部将,陪臣（明智光秀）,织田家,丹波龟山城,无,已死亡,沟尾庄兵卫,无效,无效,无,无效,无,已死亡,沟尾庄兵卫,无效,无效,无,无效,无,已登场,沟尾庄兵卫,浪人,其他,无,直江津之町,无,
694,833,沟口秀胜,沟口,需新建,lord_1_shuu,Mizoguchi Hideshige,,,,,1548,1562,1610,病死,,,,,,全职种,0,0,普通,普通,普通,慎重,普通,46,艺术品,普通,普通,其他,刀剑,45,41,51,38,65,0,0,0,1,1,0,1,0,1,0,0,1,0,0,0,0,无,强袭,无,无要求,,,未登场,沟口秀胜,浪人,其他,无,清洲之町,无,未登场,沟口秀胜,足轻组头,直臣,织田家,清洲城,无,未登场,沟口秀胜,足轻组头,直臣,织田家,清洲城,无,已登场,沟口秀胜,足轻组头,直臣,织田家,岐阜城,无,已登场,沟口秀胜,足轻组头,直臣,织田家,岐阜城,无,已登场,沟口秀胜,足轻组头,直臣,织田家,安土城,无,已登场,沟口秀胜,城主,直臣,丹羽家,大圣寺城,无,已登场,沟口秀胜,大名,首领,沟口家,新发田城,无,已登场,沟口秀胜,浪人,其他,无,津山之町,无,
695,836,三刀屋久祐,三刀屋,需新建,lord_1_mitoyakyuuyuu,Mitoya Hisayasu,,,,,1516,1554,1591,病死,,,,,,全职种,12,36,普通,胆小,普通,轻率,不重情义,63,艺术品,贪心,普通,源氏,枪,46,30,27,21,41,1,2,0,0,0,0,0,0,0,0,0,0,0,1,0,0,无,拔突,无,无要求,,,已登场,三刀屋久,城主,直臣,尼子家,三刀屋城,无,已登场,三刀屋久,城主,直臣,尼子家,三刀屋城,无,已登场,三刀屋久,城主,直臣,尼子家,三刀屋城,无,已登场,三刀屋久,城主,直臣,毛利家,三刀屋城,无,已登场,三刀屋久,城主,直臣,毛利家,三刀屋城,无,已登场,三刀屋久,城主,直臣,毛利家,三刀屋城,无,已登场,三刀屋久,城主,直臣,毛利家,三刀屋城,无,已死亡,三刀屋久,无效,无效,无,无效,无,已登场,三刀屋久,大名,首领,三刀屋家,骏府城,无,
696,837,三村家亲,三村,需新建,lord_1_mimuraie,Mimura Ienaga,,,,,1515,1554,1566,战死,,,,,三村元亲,只限武将,50,50,普通,勇敢,普通,轻率,普通,70,武具,贪心,普通,源氏,刀剑,67,57,46,63,52,2,1,1,0,0,0,1,0,0,0,0,1,0,1,0,0,无,强袭,无,无要求,,,已登场,三村家亲,大名,首领,三村家,备中松山城,无,已登场,三村家亲,大名,首领,三村家,备中松山城,无,已登场,三村家亲,大名,首领,三村家,备中松山城,无,已死亡,三村家亲,无效,无效,无,无效,无,已死亡,三村家亲,无效,无效,无,无效,无,已死亡,三村家亲,无效,无效,无,无效,无,已死亡,三村家亲,无效,无效,无,无效,无,已死亡,三村家亲,无效,无效,无,无效,无,已登场,三村家亲,家老,直臣,三刀屋家,骏府城,无,
697,838,三村元亲,三村,需新建,lord_1_mimuramoto,Mimura Motochika,,,,,1540,1554,1575,战死,三村家亲,696,,,三村家亲,只限武将,50,50,普通,普通,普通,轻率,普通,61,艺术品,普通,普通,源氏,刀剑,48,54,43,35,34,1,1,1,0,0,0,1,0,1,0,0,0,0,0,0,0,无,强袭,无,无要求,,,未登场,三村元亲,家老,直臣,三村家,备中松山城,无,已登场,三村元亲,家老,直臣,三村家,备中松山城,无,已登场,三村元亲,家老,直臣,三村家,备中松山城,无,已登场,三村元亲,大名,首领,三村家,备中松山城,无,已死亡,三村元亲,无效,无效,无,无效,无,已死亡,三村元亲,无效,无效,无,无效,无,已死亡,三村元亲,无效,无效,无,无效,无,已死亡,三村元亲,无效,无效,无,无效,无,已登场,三村元亲,家老,直臣,三刀屋家,骏府城,无,
698,839,宫部继润,宫部,需新建,lord_1_unknown_hero,Miyabe Keijun,,,,,1528,1554,1599,病死,,,,,宫部长房,全职种,10,10,普通,勇敢,普通,普通,不重情义,74,南蛮物,贪心,普通,其他,枪,65,54,62,70,64,2,1,3,0,1,1,1,0,2,2,1,2,2,2,1,1,无,拔突，急所击,无,一般条件,,,已登场,宫部继润,足轻组头,直臣,浅井家,小谷城,无,已登场,宫部继润,足轻大将,直臣,浅井家,小谷城,无,已登场,宫部继润,足轻大将,直臣,浅井家,小谷城,无,已登场,宫部继润,足轻大将,直臣,浅井家,小谷城,无,已登场,宫部继润,足轻大将,陪臣（羽柴秀吉）,织田家,长滨城,无,已登场,宫部继润,足轻大将,陪臣（羽柴秀吉）,织田家,姬路城,无,已登场,宫部继润,城主,直臣,羽柴家,鸟取城,无,已登场,宫部继润,大名,首领,宫部家,鸟取城,无,已登场,宫部继润,浪人,其他,无,甲府之町,无,
699,841,宫本传太夫,宫本传,需新建,lord_1_otto,Miyamoto Denta no jo,,,,,1549,1560,1616,病死,,,,,,武将以外优先,0,0,普通,勇敢,普通,慎重,重视情义,55,艺术品,普通,嗜酒如命,其他,刀剑,61,67,34,61,45,1,1,2,4,2,1,0,2,2,0,0,0,0,2,0,0,水上拖延，蝴蝶之阵,强袭，二连苦无，刚弓,无,一般条件,,,未登场,宫本传太夫,船头,直臣,盐饱水军,盐饱之砦,无,已登场,宫本传太夫,头领,首领,盐饱水军,盐饱之砦,无,已登场,宫本传太夫,头领,首领,盐饱水军,盐饱之砦,无,已登场,宫本传太夫,头领,首领,盐饱水军,盐饱之砦,无,已登场,宫本传太夫,头领,首领,盐饱水军,盐饱之砦,无,已登场,宫本传太夫,头领,首领,盐饱水军,盐饱之砦,无,已登场,宫本传太夫,头领,首领,盐饱水军,盐饱之砦,无,已登场,宫本传太夫,头领,首领,盐饱水军,盐饱之砦,无,已登场,宫本传太夫,浪人,其他,无,木更津之町,无,
700,842,宫本武藏,宫本,需新建,lord_1_musashi,Miyamotoo Musashi,,,,,1584,1598,1645,病死,,,,,,没那个意思,10,10,普通,普通,理想,轻率,重视情义,84,武具,无欲,普通,藤原氏,刀剑,29,95,70,23,68,0,0,0,0,0,4,3,0,0,3,0,0,1,0,0,0,无,强袭，连续斩，二刀流，虎振，拔突，当身，刚力，铁壁，辱骂,剑豪,一般条件,,,未登场,宫本武藏,浪人,其他,无,津山之町,无,未登场,宫本武藏,浪人,其他,无,津山之町,无,未登场,宫本武藏,浪人,其他,无,津山之町,无,未登场,宫本武藏,浪人,其他,无,津山之町,无,未登场,宫本武藏,浪人,其他,无,津山之町,无,未登场,宫本武藏,浪人,其他,无,津山之町,无,未登场,宫本武藏,浪人,其他,无,津山之町,无,已登场,宫本武藏,浪人,其他,无,津山之町,无,已登场,宫本武藏,浪人,其他,无,会津之町,二天一流,
701,845,三好笑岩,三好,姓氏推断,lord_1_miyoshi_shougan,Miyoshi Shougan,clan_miyoshi_1,nankai,家族和文化自动推断,,1517,1554,1583,病死,三好长秀,1331,三好之长,###,安宅冬康 十河一存 三好长逸 三好长庆 三好实休,只限武将,50,50,温和,普通,普通,轻率,普通,51,武具,普通,普通,源氏,刀剑,52,34,46,26,64,2,1,1,0,0,1,2,0,0,1,0,0,0,0,0,0,无,强袭,无,一般条件,,,已登场,三好康长,部将,陪臣（三好长庆）,细川家,芥川城,无,已登场,三好康长,部将,直臣,三好家,饭盛城,无,已登场,三好康长,部将,直臣,三好家,饭盛城,无,已登场,三好康长,家老,直臣,三好家,胜瑞城,无,已登场,三好笑岩,部将,直臣,三好家,胜瑞城,无,已登场,三好笑岩,城主,直臣,织田家,高屋城,无,已死亡,三好笑岩,无效,无效,无,无效,无,已死亡,三好笑岩,无效,无效,无,无效,无,已登场,三好康长,部将,直臣,三刀屋家,骏府城,无,
702,847,三好长治,三好,姓氏推断,lord_1_miyoshi,Miyoshi Nagaharu,clan_miyoshi_1,nankai,家族和文化自动推断,,1553,1560,1577,战死,三好实休,708,三好元长,###,安宅冬康 十河一存 十河存保 三好长庆 三好义兴 三好实休 三好义继,全职种,50,50,性急,胆小,普通,轻率,不重情义,69,艺术品,贪心,普通,源氏,刀剑,27,32,38,20,28,0,0,0,0,0,1,0,0,0,0,0,0,1,0,0,0,无,强袭,无,无要求,,,未登场,三好长治,足轻大将,陪臣（三好义贤）,细川家,胜瑞城,无,未登场,三好长治,足轻组头,陪臣（三好义贤）,三好家,胜瑞城,无,未登场,三好长治,足轻组头,陪臣（三好实休）,三好家,胜瑞城,无,已登场,三好长治,部将,直臣,三好家,胜瑞城,无,已登场,三好长治,大名,首领,三好家,胜瑞城,无,已死亡,三好长治,无效,无效,无,无效,无,已死亡,三好长治,无效,无效,无,无效,无,已死亡,三好长治,无效,无效,无,无效,无,已登场,三好长治,部将,直臣,三刀屋家,骏府城,无,
703,848,三好长逸,三好,姓氏推断,lord_1_miyoshi,Miyoshi Nagaatsu,clan_miyoshi_1,nankai,家族和文化自动推断,,1515,1554,1573,病死,,,三好之长,###,三好笑岩,只限武将,50,50,性急,勇敢,普通,轻率,不重情义,58,艺术品,贪心,嗜酒如命,源氏,刀剑,52,56,59,64,49,2,1,1,0,0,0,1,0,0,1,1,0,0,2,0,1,无,强袭,无,无要求,,,已登场,三好长逸,侍大将,陪臣（三好长庆）,细川家,芥川城,无,已登场,三好长逸,家老,直臣,三好家,饭盛城,无,已登场,三好长逸,家老,直臣,三好家,饭盛城,无,已登场,三好长逸,大名,首领,三好家,胜瑞城,无,已死亡,三好长逸,无效,无效,无,无效,无,已死亡,三好长逸,无效,无效,无,无效,无,已死亡,三好长逸,无效,无效,无,无效,无,已死亡,三好长逸,无效,无效,无,无效,无,已登场,三好长逸,部将,直臣,三刀屋家,骏府城,无,
704,849,三好长庆,三好,精确匹配,dead_lord_1_miyoshi_1,Miyoshi Nagayoshi,clan_miyoshi_1,nankai,精确匹配织丰,,1523,1554,1564,病死,三好元长,1333,三好长秀,###,安宅冬康 十河一存 十河存保 三好笑岩 三好长治 三好义兴 三好实休 三好义继,只限武将,54,54,普通,普通,普通,慎重,不重情义,85,武具,贪心,普通,源氏,刀剑,81,45,84,90,77,3,3,2,1,2,2,3,1,1,2,2,2,3,2,2,2,无,强袭，拔突，刚弓，铁壁,无,一般条件,三好三人众 三好长逸/三好宗渭/岩成友通,,已登场,三好长庆,国主,直臣,细川家,芥川城,无,已登场,三好长庆,大名,首领,三好家,饭盛城,无,已登场,三好长庆,大名,首领,三好家,饭盛城,无,已死亡,三好长庆,无效,无效,无,无效,无,已死亡,三好长庆,无效,无效,无,无效,无,已死亡,三好长庆,无效,无效,无,无效,无,已死亡,三好长庆,无效,无效,无,无效,无,已死亡,三好长庆,无效,无效,无,无效,无,已登场,三好长庆,部将,直臣,三刀屋家,骏府城,无,
705,843,三好为三,三好,姓氏推断,lord_1_miyoshi,Miyoshi Korezane,clan_miyoshi_1,nankai,家族和文化自动推断,,1536,1554,1631,病死,三好政长,1332,,,三好清海,只限武将,49,49,性急,勇敢,理想,普通,重视情义,40,武具,无欲,嗜酒如命,源氏,刀剑,59,79,47,16,72,2,1,1,0,0,2,0,2,0,1,0,0,0,0,0,0,无,强袭，拔突，二连苦无，铁壁,无,一般条件,,,已登场,三好为三,侍大将,陪臣（细川晴元）,足利家,朽木谷城,无,已登场,三好为三,侍大将,陪臣（三好宗渭）,三好家,岸和田城,无,已登场,三好为三,侍大将,陪臣（三好宗渭）,三好家,岸和田城,无,已登场,三好为三,部将,陪臣（三好宗渭）,三好家,胜瑞城,无,已登场,三好为三,浪人,其他,无,小诸之町,无,已登场,三好为三,浪人,其他,无,小诸之町,无,已登场,三好为三,浪人,其他,无,小诸之町,无,已登场,三好伊三,浪人,其他,无,小诸之町,无,已登场,三好为三,城主,直臣,三刀屋家,滨松城,无,
706,846,三好宗渭,三好,姓氏推断,lord_1_miyoshi_shuui,Miyoshi Shuui,clan_miyoshi_1,nankai,家族和文化自动推断,,1528,1554,1615,战死,三好政长,1332,,,三好伊三,只限武将,49,49,性急,勇敢,理想,普通,普通,40,书籍,普通,嗜酒如命,源氏,刀剑,65,82,48,48,67,2,2,1,0,0,3,2,2,1,0,1,0,0,0,0,0,无,强袭，连续斩，拔突，二连苦无，刚力，铁壁,无,一般条件,,,已登场,三好宗渭,部将,直臣,细川家,二条城,无,已登场,三好宗渭,城主,直臣,三好家,岸和田城,无,已登场,三好宗渭,城主,直臣,三好家,岸和田城,无,已登场,三好宗渭,家老,直臣,三好家,胜瑞城,无,已登场,三好宗渭,浪人,其他,无,小诸之町,无,已登场,三好宗渭,浪人,其他,无,小诸之町,无,已登场,三好宗渭,浪人,其他,无,小诸之町,无,已登场,三好清海,浪人,其他,无,诹访之町,无,已登场,三好宗渭,部将,陪臣（三好为三）,三刀屋家,滨松城,无,
707,850,三好义兴,三好,姓氏推断,lord_1_miyoshi,Miyoshi Yoshiyuki,clan_miyoshi_1,nankai,家族和文化自动推断,,1542,1560,1563,病死,三好长庆,704,三好元长,###,安宅冬康 十河一存 十河存保 三好长治 三好长庆 三好实休 三好义继,只限武将,50,50,温和,胆小,普通,轻率,普通,37,武具,普通,滴酒不沾,源氏,刀剑,62,35,57,62,59,1,2,1,0,0,0,1,0,0,0,0,0,1,0,1,0,无,强袭,无,一般条件,,,未登场,三好义兴,部将,陪臣（三好长庆）,细川家,芥川城,无,未登场,三好义兴,部将,直臣,三好家,饭盛城,无,已登场,三好义兴,部将,直臣,三好家,饭盛城,无,已死亡,三好义兴,无效,无效,无,无效,无,已死亡,三好义兴,无效,无效,无,无效,无,已死亡,三好义兴,无效,无效,无,无效,无,已死亡,三好义兴,无效,无效,无,无效,无,已死亡,三好义兴,无效,无效,无,无效,无,已登场,三好义兴,部将,直臣,三刀屋家,骏府城,无,
708,844,三好实休,三好,姓氏推断,lord_1_miyoshi,Miyoshi Jikkyu,clan_miyoshi_1,nankai,家族和文化自动推断,,1527,1554,1562,战死,三好元长,1333,三好长秀,###,安宅冬康 十河一存 十河存保 三好笑岩 三好长治 三好长庆 三好义兴 三好义继,只限武将,50,50,普通,勇敢,普通,慎重,普通,64,艺术品,普通,普通,源氏,刀剑,78,63,74,66,75,2,3,0,1,2,2,2,0,1,1,1,0,3,2,3,1,无,强袭，拔突，刚弓，铁壁,无,一般条件,,,已登场,三好义贤,国主,直臣,细川家,胜瑞城,无,已登场,三好义贤,城主,直臣,三好家,胜瑞城,无,已登场,三好实休,城主,直臣,三好家,胜瑞城,无,已死亡,三好实休,无效,无效,无,无效,无,已死亡,三好实休,无效,无效,无,无效,无,已死亡,三好实休,无效,无效,无,无效,无,已死亡,三好实休,无效,无效,无,无效,无,已死亡,三好实休,无效,无效,无,无效,无,已登场,三好实休,部将,直臣,三刀屋家,骏府城,无,
709,851,三好义继,三好,精确匹配,lord_1_miyoshi,Miyoshi Yoshitsugu,clan_miyoshi_1,nankai,精确匹配织丰,,1551,1564,1573,战死,十河一存,431,三好元长,###,安宅冬康 十河一存 十河存保 三好长治 三好长庆 三好义兴 三好实休,只限武将,50,50,普通,胆小,普通,轻率,不重情义,59,南蛮物,贪心,普通,源氏,刀剑,36,29,41,35,41,1,0,0,0,0,0,0,1,0,0,0,0,1,1,0,0,无,强袭,无,无要求,,,未登场,三好义继,部将,陪臣（三好长庆）,细川家,芥川城,无,未登场,三好义继,部将,直臣,三好家,饭盛城,无,未登场,三好义继,部将,直臣,三好家,饭盛城,无,已登场,三好义继,大名,首领,三好家,饭盛城,无,已死亡,三好义继,无效,无效,无,无效,无,已死亡,三好义继,无效,无效,无,无效,无,已死亡,三好义继,无效,无效,无,无效,无,已死亡,三好义继,无效,无效,无,无效,无,已登场,三好义继,部将,直臣,三刀屋家,骏府城,无,
710,852,向井正纲,向井,精确匹配,spc_suruga_shu_leader_2,mukaisei,,tokai,精确匹配织丰,,1557,1571,1625,病死,,,,,,全职种,62,62,普通,勇敢,理想,轻率,重视情义,68,艺术品,普通,普通,源氏,刀剑,63,77,19,59,65,2,0,1,4,2,2,0,1,0,0,0,0,0,0,0,0,蝴蝶之阵,强袭，拔突，刚弓，铁壁,无,一般条件,,,未登场,向井正纲,水夫头,直臣,骏河水军,清水之砦,无,未登场,向井正纲,水夫头,直臣,骏河水军,清水之砦,无,未登场,向井正纲,水夫头,直臣,骏河水军,清水之砦,无,未登场,向井正纲,水夫头,直臣,骏河水军,清水之砦,无,已登场,向井正纲,水夫头,直臣,骏河水军,清水之砦,无,已登场,向井正纲,水夫头,直臣,骏河水军,清水之砦,无,已登场,向井正纲,水夫头,直臣,骏河水军,清水之砦,无,已登场,向井正纲,头领,首领,江户水军,三崎之砦,无,已登场,向井正纲,浪人,其他,无,土崎凑之町,无,
711,853,村井贞胜,村井,需新建,lord_1_murai,Murai Sadakatsu,,,,,1523,1554,1582,战死,,,,,,只限武将,1,1,温和,普通,现实,轻率,普通,24,书籍,无欲,普通,其他,刀剑,13,7,88,80,75,0,0,0,0,0,0,0,0,0,2,2,3,4,3,2,0,无,强袭，丢钱,无,一般条件,,,已登场,村井贞胜,足轻大将,直臣,织田家,那古野城,无,已登场,村井贞胜,侍大将,直臣,织田家,清洲城,无,已登场,村井贞胜,侍大将,直臣,织田家,清洲城,无,已登场,村井贞胜,侍大将,直臣,织田家,岐阜城,无,已登场,村井贞胜,侍大将,直臣,织田家,岐阜城,无,已登场,村井贞胜,城主,直臣,织田家,二条城,无,已死亡,村井贞胜,无效,无效,无,无效,无,已死亡,村井贞胜,无效,无效,无,无效,无,已登场,村井贞胜,浪人,其他,无,宇须岸之町,无,
712,854,村井长赖,村井,需新建,lord_1_murai,Murai Nagayori,,,,,1543,1557,1605,病死,,,,,,只限武将,98,99,普通,普通,普通,普通,重视情义,45,武具,普通,普通,其他,刀剑,51,65,55,54,63,1,0,0,0,1,2,1,0,0,1,1,1,1,1,0,0,无,强袭，拔突，铁壁,无,无要求,,,未登场,村井长赖,足轻组头,陪臣（前田利家）,织田家,那古野城,无,未登场,村井长赖,足轻组头,陪臣（前田利家）,织田家,清洲城,无,已登场,村井长赖,足轻组头,陪臣（前田利家）,织田家,清洲城,无,已登场,村井长赖,足轻组头,陪臣（前田利家）,织田家,岐阜城,无,已登场,村井长赖,足轻组头,陪臣（前田利家）,织田家,岐阜城,无,已登场,村井长赖,足轻大将,陪臣（前田利家）,织田家,七尾城,无,已登场,村井长赖,足轻大将,直臣,前田家,尾山城,无,已登场,村井长赖,部将,直臣,前田家,金泽城,无,已登场,村井长赖,浪人,其他,无,博多之町,无,
713,855,村上国清,村上,精确匹配,lord_2_murakami_8,Murakami Kunikiyo,clan_murakami_2,hokuriku,精确匹配织丰,,1546,1560,1598,病死,村上义清,716,,,村上义清,全职种,26,26,普通,胆小,普通,轻率,不重情义,44,南蛮物,普通,普通,源氏,刀剑,55,45,31,50,42,1,2,1,0,0,0,2,0,0,1,0,0,0,2,1,1,无,强袭,无,无要求,,,未登场,村上国清,家老,直臣,村上家,海津城,无,未登场,村上国清,足轻组头,直臣,长尾家,春日山城,无,已登场,村上国清,足轻组头,直臣,长尾家,春日山城,无,已登场,村上国清,足轻组头,直臣,上杉家,春日山城,无,已登场,村上国清,足轻组头,直臣,上杉家,春日山城,无,已登场,村上国清,足轻大将,直臣,上杉家,春日山城,无,已登场,村上国清,足轻大将,直臣,上杉家,春日山城,无,已登场,村上国清,侍大将,直臣,上杉家,会津若松城,无,已登场,村上国清,侍大将,直臣,上泉家,内城,无,
714,856,村上武吉,村上,精确匹配,lord_1_murakami,Murakami Takeyoshi,clan_murakami_1,sanyo,精确匹配织丰,,1533,1554,1604,病死,,,,,村上元吉,全职种,25,25,普通,勇敢,普通,普通,普通,66,艺术品,贪心,嗜酒如命,源氏,刀剑,67,75,19,53,66,2,0,2,4,2,3,3,2,2,0,0,2,0,2,0,0,水上拖延，蝴蝶之阵,强袭，连续斩，拔突，二连苦无，刚弓，刚力，铁壁,无,一般条件,,,已登场,村上武吉,头领,首领,村上水军,三岛之砦,无,已登场,村上武吉,头领,首领,村上水军,三岛之砦,无,已登场,村上武吉,头领,首领,村上水军,三岛之砦,无,已登场,村上武吉,头领,首领,村上水军,三岛之砦,无,已登场,村上武吉,头领,首领,村上水军,三岛之砦,无,已登场,村上武吉,头领,首领,村上水军,三岛之砦,无,已登场,村上武吉,头领,首领,村上水军,三岛之砦,无,已登场,村上武吉,船头,直臣,村上水军,三岛之砦,无,已登场,村上武吉,侍大将,直臣,上泉家,内城,无,
715,858,村上元吉,村上,精确匹配,lord_1_murakami_2,Murakami Motoyoshi,clan_murakami_1,sanyo,精确匹配织丰,,1553,1567,1600,战死,村上武吉,714,,,村上武吉,全职种,25,25,温和,普通,现实,普通,普通,55,武具,普通,普通,源氏,刀剑,56,56,17,44,53,1,0,1,3,1,2,1,0,0,0,0,0,0,0,0,0,水上禁行，蝴蝶之阵,强袭，拔突，铁壁,无,无要求,,,未登场,村上元吉,船头,直臣,村上水军,三岛之砦,无,未登场,村上元吉,船头,直臣,村上水军,三岛之砦,无,未登场,村上元吉,船头,直臣,村上水军,三岛之砦,无,已登场,村上元吉,船头,直臣,村上水军,三岛之砦,无,已登场,村上元吉,水夫头,直臣,村上水军,三岛之砦,无,已登场,村上元吉,水夫头,直臣,村上水军,三岛之砦,无,已登场,村上元吉,水夫头,直臣,村上水军,三岛之砦,无,已登场,村上元吉,头领,首领,村上水军,三岛之砦,无,已登场,村上元吉,侍大将,直臣,上泉家,内城,无,
716,859,村上义清,村上,精确匹配,lord_2_murakami,Murakami Yoshikiyo,clan_murakami_2,hokuriku,精确匹配织丰,,1503,1554,1573,病死,,,,,村上国清,只限武将,26,26,普通,胆小,理想,轻率,普通,71,艺术品,贪心,普通,源氏,刀剑,66,70,49,34,40,2,2,0,0,0,0,2,0,0,0,0,1,1,2,0,0,无,强袭,无,无要求,,,已登场,村上义清,大名,首领,村上家,海津城,无,已登场,村上义清,部将,直臣,长尾家,春日山城,无,已登场,村上义清,部将,直臣,长尾家,春日山城,无,已登场,村上义清,部将,直臣,上杉家,春日山城,无,已死亡,村上义清,无效,无效,无,无效,无,已死亡,村上义清,无效,无效,无,无效,无,已死亡,村上义清,无效,无效,无,无效,无,已死亡,村上义清,无效,无效,无,无效,无,已登场,村上义清,侍大将,直臣,上泉家,内城,无,
717,861,毛受胜照,毛受,需新建,lord_1_mozu,Mochiku Katsuteru,,,,,1551,1565,1583,病死,,,,,,只限武将,91,91,普通,勇敢,普通,轻率,重视情义,13,武具,普通,嗜酒如命,其他,刀剑,58,62,24,23,42,1,2,0,0,1,2,1,0,0,0,0,0,0,0,0,0,无,强袭，拔突，铁壁,无,无要求,,,未登场,毛受胜照,足轻组头,陪臣（柴田胜家）,织田家,那古野城,无,未登场,毛受胜照,足轻组头,陪臣（柴田胜家）,织田家,那古野城,无,未登场,毛受胜照,足轻组头,陪臣（柴田胜家）,织田家,清洲城,无,已登场,毛受胜照,足轻组头,陪臣（柴田胜家）,织田家,岐阜城,无,已登场,毛受胜照,足轻组头,陪臣（柴田胜家）,织田家,北之庄城,无,已登场,毛受胜照,足轻大将,陪臣（柴田胜家）,织田家,北之庄城,无,已死亡,毛受胜照,无效,无效,无,无效,无,已死亡,毛受胜照,无效,无效,无,无效,无,已登场,毛受胜照,浪人,其他,无,小仓之町,无,
718,862,毛利胜永,毛利,姓氏推断,lord_1_mori,Mori Katsunaga,clan_mori_1,sanyo,家族和文化自动推断,,1577,1591,1615,战死,,,,,,全职种,10,10,普通,勇敢,普通,轻率,重视情义,66,南蛮物,普通,普通,其他,刀剑,47,62,27,56,61,1,1,2,0,0,2,0,0,0,0,0,0,0,0,0,0,无,强袭，拔突，铁壁,无,无要求,,,未登场,毛利胜永,浪人,其他,无,清洲之町,无,未登场,毛利胜永,浪人,其他,无,清洲之町,无,未登场,毛利胜永,浪人,其他,无,清洲之町,无,未登场,毛利胜永,浪人,其他,无,清洲之町,无,未登场,毛利胜永,浪人,其他,无,清洲之町,无,未登场,毛利胜永,浪人,其他,无,清洲之町,无,未登场,毛利胜永,浪人,其他,无,清洲之町,无,已登场,毛利胜永,城主,直臣,丰臣家,小仓城,无,已登场,毛利胜永,浪人,其他,无,浦户之町,无,
719,863,毛利重能,毛利,姓氏推断,lord_1_mori_shigeyoshi,Mori Shigeyoshi,clan_mori_1,sanyo,家族和文化自动推断,,1575,1589,1638,病死,,,,,,全职种,12,12,性急,普通,现实,慎重,普通,54,书籍,贪心,普通,其他,刀剑,14,29,67,59,58,0,0,1,0,0,0,1,0,0,2,1,4,0,3,1,2,无,强袭，丢钱，贿赂,无,无要求,,,未登场,毛利重能,浪人,其他,无,石山之町,无,未登场,毛利重能,浪人,其他,无,石山之町,无,未登场,毛利重能,浪人,其他,无,石山之町,无,未登场,毛利重能,浪人,其他,无,石山之町,无,未登场,毛利重能,浪人,其他,无,石山之町,无,未登场,毛利重能,浪人,其他,无,石山之町,无,未登场,毛利重能,足轻组头,陪臣（池田恒兴）,羽柴家,大垣城,无,已登场,毛利重能,足轻组头,直臣,丰臣家,大坂城,无,已登场,毛利重能,浪人,其他,无,津山之町,无,
720,864,毛利隆元,毛利,精确匹配,lord_1_mori_3,Mori Takamoto,clan_mori_1,sanyo,精确匹配织丰,,1523,1554,1563,病死,毛利元就,722,,,吉川广家 吉川元长 吉川元春 小早川隆景 小早川秀包 繁泽元氏 二宫就辰 穗井田元清 毛利辉元 毛利元就 毛利秀元,只限武将,36,36,温和,胆小,普通,轻率,重视情义,45,书籍,无欲,普通,其他,刀剑,74,59,79,75,83,2,1,1,0,1,2,1,0,2,1,1,1,1,1,0,0,百万一心,强袭，拔突，铁壁,无,一般条件,,,已登场,毛利隆元,家老,直臣,毛利家,吉田郡山城,无,已登场,毛利隆元,家老,直臣,毛利家,吉田郡山城,无,已登场,毛利隆元,家老,直臣,毛利家,吉田郡山城,无,已死亡,毛利隆元,无效,无效,无,无效,无,已死亡,毛利隆元,无效,无效,无,无效,无,已死亡,毛利隆元,无效,无效,无,无效,无,已死亡,毛利隆元,无效,无效,无,无效,无,已死亡,毛利隆元,无效,无效,无,无效,无,已登场,毛利隆元,浪人,其他,无,严岛之町,无,
721,865,毛利辉元,毛利,精确匹配,lord_1_mori,Mori Terumoto,clan_mori_1,sanyo,精确匹配织丰,,1553,1567,1625,病死,毛利隆元,720,毛利元就,722,吉川广家 吉川元长 吉川元春 小早川隆景 小早川秀包 繁泽元氏 二宫就辰 穗井田元清 毛利隆元 毛利元就 毛利秀元,只限武将,36,36,普通,胆小,普通,轻率,普通,76,艺术品,普通,普通,其他,刀剑,68,47,62,39,73,2,1,2,0,1,1,2,0,1,2,2,2,2,1,2,1,百万一心,强袭,无,一般条件,,,未登场,毛利辉元,部将,直臣,毛利家,吉田郡山城,无,未登场,毛利辉元,足轻组头,陪臣（毛利隆元）,毛利家,吉田郡山城,无,未登场,毛利辉元,足轻组头,直臣,毛利家,吉田郡山城,无,已登场,毛利辉元,家老,直臣,毛利家,吉田郡山城,无,已登场,毛利辉元,大名,首领,毛利家,吉田郡山城,无,已登场,毛利辉元,大名,首领,毛利家,吉田郡山城,无,已登场,毛利辉元,大名,首领,毛利家,吉田郡山城,无,已登场,毛利辉元,大名,首领,毛利家,广岛城,无,已登场,毛利辉元,浪人,其他,无,仙台之町,无,
722,868,毛利元就,毛利,精确匹配,lord_1_mori_1,Mori Motonari,clan_mori_1,sanyo,精确匹配织丰,,1497,1554,1571,病死,,,,,吉川广家 吉川元长 吉川元春 小早川隆景 小早川秀包 繁泽元氏 二宫就辰 穗井田元清 毛利隆元 毛利辉元 毛利秀元,只限武将,36,36,温和,普通,普通,慎重,不重情义,88,书籍,贪心,滴酒不沾,其他,刀剑,93,54,96,100,97,4,3,2,3,3,2,4,1,3,2,4,3,2,3,1,1,强行突破，百万一心，进水，影武者，威吓,强袭，拔突，刚弓，铁壁，丢钱,军师,不可,毛利三本矢 毛利隆元/吉川元春/小早川隆景,主角毛利隆元/吉川元春/小早川隆景，三矢训,已登场,毛利元就,大名,首领,毛利家,吉田郡山城,无,已登场,毛利元就,大名,首领,毛利家,吉田郡山城,无,已登场,毛利元就,大名,首领,毛利家,吉田郡山城,无,已登场,毛利元就,大名,首领,毛利家,吉田郡山城,无,已死亡,毛利元就,无效,无效,无,无效,无,已死亡,毛利元就,无效,无效,无,无效,无,已死亡,毛利元就,无效,无效,无,无效,无,已死亡,毛利元就,无效,无效,无,无效,无,已登场,毛利元就,浪人,其他,无,滨松之町,无,
723,870,最上义光,最上,精确匹配,lord_1_mogami_2,Mogami Yoshiaki,clan_mogami_1,ou,精确匹配织丰,,1546,1560,1614,病死,最上义守,725,,,最上义时 最上义守 最上家亲,只限武将,50,99,普通,胆小,现实,慎重,不重情义,93,书籍,贪心,普通,源氏,刀剑,84,69,80,91,87,3,2,2,0,0,1,2,3,0,0,1,3,2,2,2,0,刺杀，内讧之术,强袭，二连苦无，半月，丢钱,策士,一般条件,,,未登场,最上义光,家老,直臣,最上家,山形城,无,未登场,最上义光,部将,陪臣（最上义守）,最上家,山形城,无,已登场,最上义光,家老,直臣,最上家,山形城,无,已登场,最上义光,家老,直臣,最上家,山形城,无,已登场,最上义光,大名,首领,最上家,山形城,无,已登场,最上义光,大名,首领,最上家,山形城,无,已登场,最上义光,大名,首领,最上家,山形城,无,已登场,最上义光,大名,首领,最上家,山形城,无,已登场,最上义光,部将,直臣,上泉家,内城,无,
724,871,最上义时,最上,姓氏推断,lord_1_mogami,Mogami Yoshitoki,clan_mogami_1,ou,家族和文化自动推断,,1548,1560,1574,病死,最上义守,725,,,最上义光 最上义守 最上家亲,全职种,50,50,温和,胆小,理想,轻率,不重情义,58,艺术品,无欲,滴酒不沾,源氏,刀剑,52,41,60,58,74,1,2,0,0,0,1,1,0,0,1,1,0,0,0,0,0,无,强袭,无,无要求,,,未登场,最上义时,部将,直臣,最上家,山形城,无,未登场,最上义时,部将,陪臣（最上义守）,最上家,山形城,无,已登场,最上义时,部将,直臣,最上家,山形城,无,已登场,最上义时,部将,直臣,最上家,山形城,无,已死亡,最上义时,无效,无效,无,无效,无,已死亡,最上义时,无效,无效,无,无效,无,已死亡,最上义时,无效,无效,无,无效,无,已死亡,最上义时,无效,无效,无,无效,无,已登场,最上义时,侍大将,直臣,上泉家,内城,无,
725,872,最上义守,最上,精确匹配,lord_1_mogami,Mogami Yoshimori,clan_mogami_1,ou,精确匹配织丰,,1521,1554,1590,病死,,,,,最上义光 最上义时 最上家亲,只限武将,50,50,性急,胆小,普通,轻率,不重情义,62,艺术品,普通,普通,源氏,刀剑,42,31,42,19,38,1,1,0,0,1,0,0,0,1,1,0,0,0,1,0,0,无,强袭,无,一般条件,,,已登场,最上义守,大名,首领,最上家,山形城,无,已登场,最上义守,大名,首领,最上家,山形城,无,已登场,最上义守,大名,首领,最上家,山形城,无,已登场,最上义守,大名,首领,最上家,山形城,无,已登场,最上义守,家老,直臣,最上家,山形城,无,已登场,最上义守,家老,直臣,最上家,山形城,无,已登场,最上义守,家老,直臣,最上家,山形城,无,已死亡,最上义守,无效,无效,无,无效,无,已登场,最上义守,侍大将,直臣,上泉家,内城,无,
726,873,望月六郎,望月,需新建,lord_1_mochizukirokurou,Mochizuki Rokurou,,,,,1580,1594,1615,病死,,,,,,全职种,49,49,温和,普通,普通,轻率,重视情义,12,武具,无欲,普通,源氏,火绳枪,42,76,53,67,74,1,1,3,0,0,3,1,3,2,0,2,0,0,0,0,0,钓瓶击，破技之术，千里眼术,强袭，连续斩，拔突，二连苦无，半月，急所击，二挺击，刚力，铁壁,无,一般条件,,,未登场,望月六郎,浪人,其他,无,诹访之町,无,未登场,望月六郎,浪人,其他,无,诹访之町,无,未登场,望月六郎,浪人,其他,无,诹访之町,无,未登场,望月六郎,浪人,其他,无,诹访之町,无,未登场,望月六郎,浪人,其他,无,诹访之町,无,未登场,望月六郎,浪人,其他,无,诹访之町,无,未登场,望月六郎,浪人,其他,无,诹访之町,无,已登场,望月六郎,浪人,其他,无,诹访之町,无,已登场,望月六郎,部将,直臣,六角家,大坂城,无,
727,874,本山茂宗,本山,需新建,lord_1_honzanshigerushuu,Motoyama Shigemune,,,,,1510,1554,1563,战死,,,,,,只限武将,30,30,普通,普通,普通,轻率,不重情义,58,武具,贪心,嗜酒如命,平氏,刀剑,52,55,28,19,44,2,2,0,1,0,2,0,0,0,0,0,0,0,0,0,0,无,强袭，拔突，铁壁,无,无要求,,,已登场,本山茂宗,部将,陪臣（安艺国虎）,一条家,安艺城,无,已登场,本山茂宗,部将,陪臣（安艺国虎）,一条家,安艺城,无,已登场,本山茂宗,部将,陪臣（安艺国虎）,一条家,安艺城,无,已死亡,本山茂宗,无效,无效,无,无效,无,已死亡,本山茂宗,无效,无效,无,无效,无,已死亡,本山茂宗,无效,无效,无,无效,无,已死亡,本山茂宗,无效,无效,无,无效,无,已死亡,本山茂宗,无效,无效,无,无效,无,已登场,本山茂宗,浪人,其他,无,奈良之町,无,
728,875,籾井教业,籾井,需新建,lord_1_momiikyou,Momi Kyonari,,,,,1532,1554,1576,战死,,,,,,只限武将,40,40,性急,勇敢,普通,轻率,普通,51,武具,普通,普通,其他,刀剑,72,69,26,47,54,2,2,1,0,1,3,0,0,0,0,0,0,0,0,0,0,无,强袭，连续斩，拔突，刚力，铁壁,无,一般条件,,,已登场,籾井教业,侍大将,直臣,波多野家,八上城,无,已登场,籾井教业,侍大将,直臣,波多野家,八上城,无,已登场,籾井教业,侍大将,直臣,波多野家,八上城,无,已登场,籾井教业,侍大将,直臣,波多野家,八上城,无,已登场,籾井教业,侍大将,直臣,波多野家,八上城,无,已死亡,籾井教业,无效,无效,无,无效,无,已死亡,籾井教业,无效,无效,无,无效,无,已死亡,籾井教业,无效,无效,无,无效,无,已登场,籾井教业,浪人,其他,无,鹿岛之町,无,
729,876,百地三太夫,百地,需新建,lord_1_hyakuchisandayuu,Momochi Sandayū,,,,,1522,1554,1581,战死,,,,,,只限武将,80,80,温和,普通,普通,轻率,普通,74,武具,无欲,普通,其他,锁镰,69,91,15,90,64,3,1,2,0,1,2,1,4,0,0,1,0,0,1,0,3,鬼脚之术，雾隐之术，雷爆之术，红莲之术,强袭，拔突，二连苦无，半月，千鸟，横车，铁壁，伤药,锁镰高手,一般条件,,,已登场,百地三太夫,头目,首领,伊贺众,伊贺之里,无,已登场,百地三太夫,头目,首领,伊贺众,伊贺之里,无,已登场,百地三太夫,头目,首领,伊贺众,伊贺之里,无,已登场,百地三太夫,头目,首领,伊贺众,伊贺之里,无,已登场,百地三太夫,头目,首领,伊贺众,伊贺之里,无,已登场,百地三太夫,头目,首领,伊贺众,伊贺之里,无,已死亡,百地三太夫,无效,无效,无,无效,无,已死亡,百地三太夫,无效,无效,无,无效,无,已登场,百地三太夫,家老,直臣,百武家,高远城,无,
730,877,森下道誉,森下,需新建,lord_1_morishitadouyo,Morishita Douyo,,,,,1542,1556,1581,病死,,,,,,全职种,42,42,普通,勇敢,理想,普通,不重情义,35,书籍,普通,普通,其他,刀剑,51,57,29,49,51,0,1,1,0,1,0,2,1,0,0,1,0,0,0,0,0,无,强袭,无,无要求,,,未登场,森下道誉,部将,直臣,山名家,鸟取城,无,未登场,森下道誉,部将,直臣,山名家,鸟取城,无,已登场,森下道誉,部将,直臣,山名家,鸟取城,无,已登场,森下道誉,部将,直臣,山名家,鸟取城,无,已登场,森下道誉,部将,直臣,山名家,鸟取城,无,已死亡,森下道誉,无效,无效,无,无效,无,已死亡,森下道誉,无效,无效,无,无效,无,已死亡,森下道誉,无效,无效,无,无效,无,已登场,森下道誉,部将,直臣,下间家,饫肥城,无,
731,879,森忠政,森,需新建,lord_1_moritadamasa,Mori Tadamasa,,,,,1570,1584,1634,病死,森可成,735,,,森长可 森可成 森兰丸,只限武将,0,0,温和,普通,现实,慎重,普通,55,艺术品,无欲,滴酒不沾,源氏,刀剑,47,32,56,44,36,1,1,1,1,0,0,0,0,1,1,1,0,0,0,0,1,无,强袭,无,无要求,,,未登场,森忠政,足轻组头,陪臣（森可成）,斋藤家,稻叶山城,无,未登场,森忠政,足轻组头,陪臣（森可成）,织田家,清洲城,无,未登场,森忠政,足轻组头,陪臣（森可成）,织田家,清洲城,无,未登场,森忠政,足轻组头,陪臣（森可成）,织田家,岐阜城,无,未登场,森忠政,足轻组头,直臣,织田家,岐阜城,无,未登场,森忠政,足轻组头,陪臣（织田信忠）,织田家,岐阜城,无,已登场,森忠政,部将,陪臣（森长可）,羽柴家,岩村城,无,已登场,森忠政,大名,首领,森家,岩村城,无,已登场,森忠政,浪人,其他,无,京之町,无,
732,880,母里太兵卫,母里,需新建,lord_1_hahasatotahei,Mouri Tahei,,,,,1556,1570,1615,病死,,,,,,只限武将,3,3,性急,勇敢,普通,轻率,普通,70,武具,贪心,嗜酒如命,其他,枪,65,82,19,44,41,1,2,0,0,0,3,1,0,0,0,0,0,0,2,0,0,无,强袭，连续斩，拔突，粘花，卷枪，引落，柄返，刚力，铁壁,枪术名人,无要求,,,未登场,母里太兵卫,足轻组头,陪臣（黑田官兵卫）,赤松家,御着城,无,未登场,母里太兵卫,足轻组头,陪臣（小寺政职）,赤松家,御着城,无,未登场,母里太兵卫,足轻组头,陪臣（小寺政职）,赤松家,御着城,无,未登场,母里太兵卫,足轻组头,陪臣（黑田官兵卫）,赤松家,御着城,无,已登场,母里太兵卫,足轻组头,陪臣（小寺政职）,赤松家,姬路城,无,已登场,母里太兵卫,足轻组头,陪臣（羽柴秀吉）,织田家,姬路城,无,已登场,母里太兵卫,足轻组头,陪臣（黑田官兵卫）,羽柴家,石山本愿寺,无,已登场,母里太兵卫,侍大将,直臣,黑田家,中津城,无,已登场,母里太兵卫,浪人,其他,无,京之町,无,
733,881,森长可,森,需新建,lord_1_mori,Mori Nagayoshi,,,,,1558,1572,1584,战死,森可成,735,,,森忠政 森可成 森兰丸,只限武将,0,0,普通,勇敢,普通,轻率,普通,39,武具,普通,普通,源氏,枪,57,67,30,43,61,2,2,1,0,2,2,2,0,0,1,1,1,1,0,0,0,无,强袭，拔突，刚弓，铁壁,无,一般条件,,,未登场,森长可,足轻组头,陪臣（森可成）,斋藤家,稻叶山城,无,未登场,森长可,足轻组头,陪臣（森可成）,织田家,清洲城,无,未登场,森长可,足轻组头,陪臣（森可成）,织田家,清洲城,无,未登场,森长可,足轻组头,陪臣（森可成）,织田家,岐阜城,无,已登场,森长可,足轻组头,直臣,织田家,岐阜城,无,已登场,森长可,足轻大将,陪臣（织田信忠）,织田家,岐阜城,无,已登场,森长可,城主,直臣,羽柴家,岩村城,无,已死亡,森长可,无效,无效,无,无效,无,已登场,森长可,浪人,其他,无,长滨之町,无,
734,882,森村春,森,需新建,lord_1_morimuraharu,Mori Haru,,,,,1546,1560,1592,战死,,,,,,全职种,5,5,普通,勇敢,理想,普通,普通,55,艺术品,普通,嗜酒如命,其他,刀剑,47,51,23,36,54,1,0,1,3,1,1,1,1,2,0,0,0,0,0,0,0,水上拖延,强袭,无,无要求,,,未登场,森村春,船头,直臣,淡路水军,洲本之砦,无,未登场,森村春,船头,直臣,淡路水军,洲本之砦,无,已登场,森村春,船头,直臣,淡路水军,洲本之砦,无,已登场,森村春,船头,直臣,淡路水军,洲本之砦,无,已登场,森村春,船头,直臣,淡路水军,洲本之砦,无,已登场,森村春,船头,直臣,熊野水军,鸟羽之砦,无,已登场,森村春,船头,直臣,熊野水军,鸟羽之砦,无,已死亡,森村春,无效,无效,无,无效,无,已登场,森村春,浪人,其他,无,丸龟之町,无,
735,883,森可成,森,需新建,lord_1_morikanari,Mori Kanenari,,,,,1523,1554,1570,战死,,,,,森忠政 森长可 森兰丸,只限武将,0,0,温和,勇敢,普通,轻率,重视情义,26,武具,无欲,嗜酒如命,源氏,刀剑,64,68,44,59,59,2,2,1,0,1,1,1,0,0,1,1,0,0,0,0,0,无,强袭,无,一般条件,,,已登场,森可成,部将,直臣,斋藤家,稻叶山城,无,已登场,森可成,部将,直臣,织田家,清洲城,无,已登场,森可成,部将,直臣,织田家,清洲城,无,已登场,森可成,部将,直臣,织田家,岐阜城,无,已死亡,森可成,无效,无效,无,无效,无,已死亡,森可成,无效,无效,无,无效,无,已死亡,森可成,无效,无效,无,无效,无,已死亡,森可成,无效,无效,无,无效,无,已登场,森可成,浪人,其他,无,富山之町,无,
736,884,森兰丸,森,需新建,lord_1_mori,Mori Ranmaru,,,,,1565,1579,1582,战死,森可成,735,,,森忠政 森长可 森可成,全职种,0,0,普通,普通,理想,轻率,普通,40,南蛮物,普通,普通,源氏,枪,22,57,59,61,84,0,0,0,0,1,1,0,0,1,0,0,2,3,3,3,1,无,拔突,无,一般条件,,,未登场,森兰丸,足轻组头,陪臣（森可成）,斋藤家,稻叶山城,无,未登场,森兰丸,足轻组头,陪臣（森可成）,织田家,清洲城,无,未登场,森兰丸,足轻组头,直臣,织田家,清洲城,无,未登场,森兰丸,足轻组头,直臣,织田家,岐阜城,无,未登场,森兰丸,足轻组头,直臣,织田家,岐阜城,无,已登场,森兰丸,足轻组头,直臣,织田家,安土城,无,已死亡,森兰丸,无效,无效,无,无效,无,已死亡,森兰丸,无效,无效,无,无效,无,已登场,森兰丸,浪人,其他,无,松江之町,无,
737,885,师冈一羽,师冈,需新建,lord_1_ichiwa,Shioka Ichiwa,,,,,1532,1554,1593,病死,,,,,,没那个意思,30,30,普通,普通,理想,慎重,普通,14,武具,无欲,滴酒不沾,其他,刀剑,23,85,31,17,55,0,0,0,0,2,4,2,0,0,0,0,0,0,0,0,0,无,强袭，连续斩，八神太刀，一之太刀，拔突，刚弓，神妙剑，当身，刚力，金刚力，铁壁，气声，辱骂，大喝，炯眼，罗刹,剑豪,无要求,,,已登场,师冈一羽,师范,其他,无,木更津之町,一羽流,已登场,师冈一羽,浪人,其他,无,鹿岛之町,一羽流,已登场,师冈一羽,浪人,其他,无,鹿岛之町,一羽流,已登场,师冈一羽,师范,其他,无,木更津之町,一羽流,已登场,师冈一羽,师范,其他,无,鹿岛之町,一羽流,已登场,师冈一羽,师范,其他,无,鹿岛之町,一羽流,已登场,师冈一羽,师范,其他,无,鹿岛之町,一羽流,已死亡,师冈一羽,无效,无效,无,无效,无,已登场,师冈一羽,足轻大将,直臣,一宫家,春日山城,一羽流,
738,886,问注所统景,问注所,需新建,lord_1_tokoro,Monchusho Tokikage,,,,,1546,1560,1593,战死,,,,,,只限武将,80,80,性急,勇敢,现实,普通,重视情义,22,武具,普通,普通,其他,刀剑,36,61,34,52,48,2,1,1,0,0,2,0,0,0,0,0,0,0,0,0,0,无,强袭，拔突，铁壁,无,无要求,,,未登场,问注所统景,足轻大将,直臣,大友家,府内城,无,未登场,问注所统景,足轻组头,直臣,大友家,府内城,无,已登场,问注所统景,足轻组头,直臣,大友家,府内城,无,已登场,问注所统景,足轻大将,直臣,大友家,府内城,无,已登场,问注所统景,足轻组头,直臣,大友家,府内城,无,已登场,问注所统景,足轻大将,直臣,大友家,府内城,无,已登场,问注所统景,足轻大将,直臣,大友家,府内城,无,已死亡,问注所统景,无效,无效,无,无效,无,已登场,问注所统景,浪人,其他,无,金泽之町,无,
739,887,八板金兵卫,八板,需新建,lord_1_yaitakinhei,Yaita Kinbei,,,,,1502,1554,1620,病死,,,,,,没那个意思,0,0,普通,普通,普通,普通,普通,55,南蛮物,普通,嗜酒如命,其他,火绳枪,15,49,30,56,71,0,0,4,0,0,1,2,0,0,0,4,0,0,2,0,2,无,急所击，二挺击，石火，乱射,火枪名人，名工,无要求,,,已登场,八板金兵卫,锻冶匠,其他,无,鹿儿岛之町,无,已登场,八板金兵卫,锻冶匠,其他,无,鹿儿岛之町,无,已登场,八板金兵卫,锻冶匠,其他,无,鹿儿岛之町,无,已登场,八板金兵卫,锻冶匠,其他,无,鹿儿岛之町,无,已登场,八板金兵卫,锻冶匠,其他,无,鹿儿岛之町,无,已登场,八板金兵卫,锻冶匠,其他,无,鹿儿岛之町,无,已登场,八板金兵卫,锻冶匠,其他,无,鹿儿岛之町,无,已登场,八板金兵卫,锻冶匠,其他,无,鹿儿岛之町,无,已登场,八板金兵卫,大名,首领,八板家,姬路城,无,
740,888,柳生石舟斋,柳生石,需新建,lord_1_yagyuusekishuu,Yagyū Sekishūsai,,,,,1527,1554,1606,病死,,,,,柳生利严 柳生宗矩,没那个意思,65,65,普通,勇敢,理想,慎重,普通,40,武具,无欲,普通,其他,刀剑,41,96,20,67,82,2,1,1,0,2,4,3,3,0,2,1,0,3,0,0,1,千里眼术,强袭，连续斩，月影，一刀两断，拔突，二连苦无，半月，刚弓，浮舟，无刀取，当身，肋一寸，刚力，铁壁，天狗抄，心眼，辱骂，大喝,剑豪,无要求,,,已登场,柳生宗严,师范,其他,无,奈良之町,新阴流,已登场,柳生宗严,师范,其他,无,奈良之町,新阴流,已登场,柳生宗严,师范,其他,无,奈良之町,新阴流,已登场,柳生宗严,师范,其他,无,奈良之町,柳生新阴流,已登场,柳生宗严,师范,其他,无,奈良之町,柳生新阴流,已登场,柳生宗严,师范,其他,无,奈良之町,柳生新阴流,已登场,柳生宗严,师范,其他,无,奈良之町,柳生新阴流,已登场,柳生石舟斋,师范,其他,无,奈良之町,柳生新阴流,已登场,柳生石舟斋,师范,其他,无,奈良之町,柳生新阴流,
741,889,柳生兵库助,柳生兵,需新建,lord_1_yagyuuhei,Yagyūū Hyougo no suke,,,,,1579,1594,1650,病死,,,柳生石舟斋,740,柳生石舟斋 柳生宗矩,没那个意思,65,65,普通,勇敢,理想,慎重,重视情义,55,武具,无欲,普通,其他,刀剑,32,94,24,59,55,1,0,1,0,2,4,2,2,0,0,0,0,0,0,0,0,千里眼术,强袭，连续斩，月影，一刀两断，拔突，二连苦无，刚弓，浮舟，无刀取，当身，肋一寸，刚力，铁壁，天狗抄，心眼，辱骂，大喝,剑豪,一般条件,,,未登场,柳生利严,师范代,其他,无,奈良之町,新阴流,未登场,柳生利严,师范代,其他,无,奈良之町,新阴流,未登场,柳生利严,师范代,其他,无,奈良之町,新阴流,未登场,柳生利严,师范代,其他,无,奈良之町,柳生新阴流,未登场,柳生利严,师范代,其他,无,奈良之町,柳生新阴流,未登场,柳生利严,师范代,其他,无,奈良之町,柳生新阴流,未登场,柳生利严,师范代,其他,无,奈良之町,柳生新阴流,已登场,柳生利严,师范代,其他,无,奈良之町,柳生新阴流,已登场,柳生利严,师范代,其他,无,奈良之町,柳生新阴流,
742,890,柳生宗矩,柳生,需新建,lord_1_yagyuumunenori,Yagyūūū Munenori,,,,,1571,1585,1646,病死,柳生石舟斋,740,,,柳生石舟斋 柳生利严,全职种,90,90,温和,胆小,普通,慎重,普通,59,书籍,无欲,普通,其他,刀剑,52,90,68,81,69,1,1,1,0,1,4,4,0,0,0,0,0,0,3,0,0,影武者，千里眼术，刺杀,强袭，连续斩，月影，一刀两断，拔突，浮舟，无刀取，当身，肋一寸，刚力，铁壁，天狗抄，心眼，辱骂，大喝,剑豪,一般条件,,,未登场,柳生宗矩,足轻组头,直臣,筒井家,大和郡山城,新阴流,未登场,柳生宗矩,足轻组头,直臣,筒井家,大和郡山城,新阴流,未登场,柳生宗矩,足轻组头,直臣,筒井家,大和郡山城,新阴流,未登场,柳生宗矩,足轻组头,直臣,筒井家,大和郡山城,柳生新阴流,未登场,柳生宗矩,足轻组头,直臣,筒井家,大和郡山城,柳生新阴流,未登场,柳生宗矩,足轻组头,陪臣（筒井顺庆）,织田家,大和郡山城,柳生新阴流,未登场,柳生宗矩,足轻组头,直臣,筒井家,大和郡山城,柳生新阴流,已登场,柳生宗矩,足轻大将,直臣,德川家,江户城,柳生新阴流,已登场,柳生宗矩,师范代,其他,无,奈良之町,柳生新阴流,
743,891,施药院全宗,施药院,需新建,lord_1_shizenshuu,Shoyakuin Zenshū,,,,,1526,1554,1599,病死,,,,,,没那个意思,10,10,温和,普通,现实,普通,普通,66,书籍,贪心,滴酒不沾,其他,枪,18,16,66,72,49,0,0,0,0,0,0,0,2,0,0,0,2,3,3,2,4,无,拔突，二连苦无，伤药，止血,名医,一般条件,,,已登场,施药院全宗,浪人,其他,无,京之町,无,已登场,施药院全宗,浪人,其他,无,京之町,无,已登场,施药院全宗,浪人,其他,无,京之町,无,已登场,施药院全宗,浪人,其他,无,京之町,无,已登场,施药院全宗,医师,其他,无,目加田之町,无,已登场,施药院全宗,医师,其他,无,安土之町,无,已登场,施药院全宗,医师,其他,无,安土之町,无,已登场,施药院全宗,医师,其他,无,京之町,无,已登场,施药院全宗,医师,其他,无,京之町,无,
744,892,矢泽赖纲,矢泽,需新建,lord_1_ya,Yazawa Yoritsuna,,,,,1518,1554,1597,病死,真田赖昌,1335,,,真田信纲 真田昌辉 真田昌幸 真田幸隆 矢泽赖康 真田信尹,全职种,56,56,温和,普通,普通,普通,重视情义,19,武具,无欲,普通,其他,刀剑,59,61,62,47,59,2,2,1,0,1,1,2,2,2,1,1,2,1,2,1,2,无,强袭，二连苦无,无,无要求,,,已登场,矢泽赖纲,足轻大将,陪臣（真田幸隆）,武田家,踯躅崎馆,无,已登场,矢泽赖纲,足轻大将,陪臣（真田幸隆）,武田家,户石城,无,已登场,矢泽赖纲,足轻大将,陪臣（真田幸隆）,武田家,户石城,无,已登场,矢泽赖纲,足轻大将,陪臣（真田幸隆）,武田家,户石城,无,已登场,矢泽赖纲,足轻大将,陪臣（真田信纲）,武田家,户石城,无,已登场,矢泽赖纲,侍大将,陪臣（真田昌幸）,武田家,上田城,无,已登场,矢泽赖纲,侍大将,直臣,真田家,上田城,无,已死亡,矢泽赖纲,无效,无效,无,无效,无,已登场,矢泽赖纲,浪人,其他,无,严岛之町,无,
745,893,矢泽赖康,矢泽,需新建,lord_1_yayasushi,Yazawa Yasukatsu,,,,,1553,1567,1620,病死,矢泽赖纲,744,真田赖昌,###,真田信纲 真田昌辉 真田昌幸 真田幸隆 矢泽赖纲 真田信尹,全职种,56,56,普通,普通,普通,普通,重视情义,22,武具,无欲,普通,其他,刀剑,62,60,64,42,57,2,2,1,0,1,1,2,2,1,2,1,2,2,1,1,1,无,强袭，二连苦无,无,无要求,,,未登场,矢泽赖康,足轻组头,陪臣（矢泽赖纲）,武田家,踯躅崎馆,无,未登场,矢泽赖康,足轻组头,陪臣（真田幸隆）,武田家,户石城,无,未登场,矢泽赖康,足轻组头,陪臣（真田幸隆）,武田家,户石城,无,已登场,矢泽赖康,足轻组头,陪臣（真田幸隆）,武田家,户石城,无,已登场,矢泽赖康,足轻组头,陪臣（真田信纲）,武田家,户石城,无,已登场,矢泽赖康,足轻大将,陪臣（真田昌幸）,武田家,上田城,无,已登场,矢泽赖康,足轻大将,直臣,真田家,上田城,无,已登场,矢泽赖康,侍大将,直臣,真田家,上田城,无,已登场,矢泽赖康,浪人,其他,无,土崎凑之町,无,
746,894,屋代景赖,屋代,需新建,lord_1_yashirokei,Yashiro Kageyasu,,,,,1563,1577,1608,病死,,,,,,只限武将,64,64,温和,勇敢,理想,普通,不重情义,77,艺术品,贪心,普通,源氏,刀剑,60,34,47,78,67,0,0,0,0,1,2,2,0,2,1,1,2,2,3,0,0,无,强袭，拔突，铁壁,无,一般条件,,,未登场,屋代景赖,足轻组头,直臣,伊达家,米泽城,无,未登场,屋代景赖,足轻组头,直臣,伊达家,米泽城,无,未登场,屋代景赖,足轻组头,直臣,伊达家,米泽城,无,未登场,屋代景赖,足轻组头,直臣,伊达家,米泽城,无,未登场,屋代景赖,足轻组头,直臣,伊达家,米泽城,无,已登场,屋代景赖,足轻组头,直臣,伊达家,米泽城,无,已登场,屋代景赖,部将,直臣,伊达家,米泽城,无,已登场,屋代景赖,家老,直臣,伊达家,仙台城,无,已登场,屋代景赖,浪人,其他,无,津山之町,无,
747,897,安田显元,安田,需新建,lord_1_yasuda,Yasuda Akimoto,,,,,1538,1554,1580,战死,,,,,,全职种,15,15,普通,普通,普通,普通,普通,59,艺术品,贪心,普通,其他,刀剑,43,44,50,55,52,1,2,0,0,0,0,0,0,0,0,0,0,0,0,0,0,无,强袭,无,无要求,,,未登场,安田显元,侍大将,直臣,长尾家,春日山城,无,已登场,安田显元,足轻大将,直臣,长尾家,春日山城,无,已登场,安田显元,足轻大将,陪臣（高梨政赖）,长尾家,饭山城,无,已登场,安田显元,城主,直臣,上杉家,饭山城,无,已登场,安田显元,足轻大将,直臣,上杉家,春日山城,无,已死亡,安田显元,无效,无效,无,无效,无,已死亡,安田显元,无效,无效,无,无效,无,已死亡,安田显元,无效,无效,无,无效,无,已登场,安田显元,浪人,其他,无,骏府之町,无,
748,899,安田长秀,安田,需新建,lord_1_yasuda,Yasuda Nagahide,,,,,1528,1554,1582,病死,,,,,,全职种,15,15,普通,勇敢,普通,轻率,普通,55,武具,普通,普通,其他,刀剑,38,69,49,42,59,1,2,1,0,1,3,1,0,0,0,0,0,0,0,0,0,无,强袭，连续斩，拔突，刚力，铁壁,无,无要求,,,已登场,安田长秀,侍大将,直臣,长尾家,春日山城,无,已登场,安田长秀,足轻大将,直臣,长尾家,春日山城,无,已登场,安田长秀,足轻大将,直臣,长尾家,春日山城,无,已登场,安田长秀,足轻大将,直臣,上杉家,春日山城,无,已登场,安田长秀,足轻大将,直臣,上杉家,春日山城,无,已登场,安田长秀,足轻大将,直臣,上杉家,春日山城,无,已死亡,安田长秀,无效,无效,无,无效,无,已死亡,安田长秀,无效,无效,无,无效,无,已登场,安田长秀,浪人,其他,无,长滨之町,无,
749,900,柳原户兵卫,柳原,需新建,lord_1_yanagihara,Yanagihara Hyoe,,,,,1540,1554,1612,病死,,,,,,武将以外优先,60,60,普通,普通,普通,普通,不重情义,43,艺术品,普通,嗜酒如命,其他,苦无,44,65,23,58,22,3,0,0,0,1,2,0,4,1,0,1,2,0,0,0,2,鬼脚之术，奈落之术，刺杀，红莲之术，伪情报,强袭，拔突，二连苦无，半月，猛毒苦无，十字投，乱苦无，叠返之术，铁壁,苦无名人,无要求,,,已登场,柳原户兵卫,头目,首领,黑胫巾众,黑胫巾之里,无,已登场,柳原户兵卫,头目,首领,黑胫巾众,黑胫巾之里,无,已登场,柳原户兵卫,头目,首领,黑胫巾众,黑胫巾之里,无,已登场,柳原户兵卫,头目,首领,黑胫巾众,黑胫巾之里,无,已登场,柳原户兵卫,头目,首领,黑胫巾众,黑胫巾之里,无,已登场,柳原户兵卫,头目,首领,黑胫巾众,黑胫巾之里,无,已登场,柳原户兵卫,头目,首领,黑胫巾众,黑胫巾之里,无,已登场,柳原户兵卫,头目,首领,黑胫巾众,黑胫巾之里,无,已登场,柳原户兵卫,浪人,其他,无,宇须岸之町,无,
750,903,山县昌景,山县,精确匹配,lord_1_yamagata,Yamagata Masakage,clan_yamagata_1,tosan,精确匹配织丰,,1530,1554,1575,病死,饭富道悦,1309,,,饭富虎昌,只限武将,57,57,温和,普通,普通,轻率,重视情义,30,武具,普通,普通,源氏,枪,88,89,66,69,84,3,4,2,0,2,3,3,0,0,1,0,0,1,0,0,0,风林火山,强袭，连续斩，拔突，粘花，刚弓，卷枪，引落，柄返，刚力，铁壁,无,一般条件,,,已登场,饭富昌景,侍大将,直臣,武田家,踯躅崎馆,无,已登场,饭富昌景,侍大将,直臣,武田家,踯躅崎馆,无,已登场,饭富昌景,侍大将,直臣,武田家,踯躅崎馆,无,已登场,山县昌景,家老,直臣,武田家,踯躅崎馆,无,已登场,山县昌景,侍大将,直臣,武田家,踯躅崎馆,无,已死亡,山县昌景,无效,无效,无,无效,无,已死亡,山县昌景,无效,无效,无,无效,无,已死亡,山县昌景,无效,无效,无,无效,无,已登场,山县昌景,家老,直臣,山中家,江户城,无,
751,905,山崎片家,山崎,姓氏推断,lord_1_yamazaki_henie,Yamazaki Henie,clan_yamazaki_1,hokuriku,家族和文化自动推断,,1547,1561,1591,病死,,,,,,全职种,29,29,普通,胆小,现实,轻率,不重情义,45,艺术品,贪心,普通,源氏,刀剑,34,21,19,41,26,1,1,0,0,0,0,0,1,0,0,0,2,1,1,1,0,无,强袭,无,无要求,,,未登场,山崎片家,侍大将,直臣,六角家,观音寺城,无,未登场,山崎片家,足轻组头,直臣,六角家,观音寺城,无,已登场,山崎片家,足轻组头,直臣,六角家,观音寺城,无,已登场,山崎片家,足轻组头,直臣,织田家,岐阜城,无,已登场,山崎片家,足轻组头,直臣,织田家,岐阜城,无,已登场,山崎片家,足轻组头,直臣,织田家,安土城,无,已登场,山崎片家,足轻组头,直臣,羽柴家,石山本愿寺,无,已死亡,山崎片家,无效,无效,无,无效,无,已登场,山崎片家,家老,直臣,山中家,江户城,无,
752,906,山崎长德,山崎,精确匹配,lord_1_yamazaki_7,Yamazaki Naganori,clan_yamazaki_1,hokuriku,精确匹配织丰,,1552,1566,1620,病死,,,,,,全职种,50,50,温和,普通,普通,轻率,普通,48,南蛮物,普通,普通,源氏,刀剑,46,36,23,32,37,2,1,1,0,0,0,1,0,0,1,0,0,0,0,0,0,无,强袭,无,无要求,,,未登场,山崎长德,足轻大将,直臣,朝仓家,一乘谷城,无,未登场,山崎长德,足轻组头,直臣,朝仓家,一乘谷城,无,未登场,山崎长德,足轻组头,直臣,朝仓家,一乘谷城,无,已登场,山崎长德,足轻大将,直臣,朝仓家,一乘谷城,无,已登场,山崎长德,足轻组头,陪臣（明智光秀）,织田家,坂本城,无,已登场,山崎长德,足轻大将,陪臣（明智光秀）,织田家,丹波龟山城,无,已登场,山崎长德,足轻大将,直臣,前田家,尾山城,无,已登场,山崎长德,侍大将,直臣,前田家,金泽城,无,已登场,山崎长德,部将,陪臣（山田长政）,山中家,小田原城,无,
753,908,山田有信,山田,需新建,lord_1_yamadayuushin,Yamada Arinobu,,,,,1544,1560,1609,病死,,,,,,只限武将,30,30,普通,勇敢,普通,普通,普通,44,南蛮物,普通,普通,其他,刀剑,63,68,33,61,64,2,1,2,0,1,1,3,0,0,0,0,1,1,1,0,0,钓野伏,强袭,无,无要求,,,未登场,山田有信,部将,直臣,岛津家,内城,无,未登场,山田有信,部将,直臣,岛津家,内城,无,已登场,山田有信,部将,直臣,岛津家,内城,无,已登场,山田有信,部将,直臣,岛津家,内城,无,已登场,山田有信,部将,直臣,岛津家,内城,无,已登场,山田有信,部将,直臣,岛津家,内城,无,已登场,山田有信,部将,直臣,岛津家,内城,无,已登场,山田有信,家老,直臣,岛津家,内城,无,已登场,山田有信,部将,陪臣（山田长政）,山中家,小田原城,无,
754,909,山田长政,山田,需新建,lord_1_yamada,Yamada Nagamasa,,,,,1590,1598,1630,战死,,,,,,全职种,40,40,普通,勇敢,理想,轻率,普通,55,南蛮物,贪心,嗜酒如命,其他,刀剑,68,27,60,67,55,2,2,1,2,0,0,0,2,1,2,1,3,0,3,0,0,无,强袭，二连苦无，丢钱,无,一般条件,,,未登场,山田长政,浪人,其他,无,京之町,无,未登场,山田长政,浪人,其他,无,京之町,无,未登场,山田长政,浪人,其他,无,京之町,无,未登场,山田长政,浪人,其他,无,京之町,无,未登场,山田长政,浪人,其他,无,京之町,无,未登场,山田长政,浪人,其他,无,京之町,无,未登场,山田长政,浪人,其他,无,京之町,无,已登场,山田长政,浪人,其他,无,骏府之町,无,已登场,山田长政,城主,直臣,山中家,小田原城,无,
755,910,山田宗昌,山田,需新建,lord_1_yamadasoushou,Yamada Soushou,,,,,1544,1558,1620,病死,,,,,,只限武将,80,80,性急,勇敢,普通,普通,重视情义,41,南蛮物,普通,普通,其他,刀剑,57,51,27,34,38,2,0,1,0,0,0,0,0,1,0,0,0,0,2,0,0,无,强袭,无,无要求,,,未登场,山田宗昌,侍大将,直臣,伊东家,都于郡城,无,未登场,山田宗昌,侍大将,直臣,伊东家,都于郡城,无,已登场,山田宗昌,侍大将,直臣,伊东家,都于郡城,无,已登场,山田宗昌,侍大将,直臣,伊东家,都于郡城,无,已登场,山田宗昌,侍大将,直臣,伊东家,都于郡城,无,已登场,山田宗昌,侍大将,陪臣（佐伯惟定）,大友家,佐伯城,无,已登场,山田宗昌,侍大将,陪臣（佐伯惟定）,大友家,佐伯城,无,已登场,山田宗昌,浪人,其他,无,油津之町,无,已登场,山田宗昌,部将,陪臣（山田长政）,山中家,小田原城,无,
756,911,山中鹿介,山中,姓氏推断,lord_1_yamanaka_shikanosuke,Yamanaka Shikanosuke,clan_yamanaka_1,sanyo,家族和文化自动推断,,1545,1559,1578,战死,,,,,鸿池新六,只限武将,12,12,普通,勇敢,理想,轻率,重视情义,40,武具,无欲,普通,源氏,枪,71,79,21,57,90,3,3,2,0,2,3,2,2,0,1,2,1,1,2,0,1,无,强袭，连续斩，拔突，粘花，二连苦无，刚弓，卷枪，引落，柄返，刚力，铁壁,无,一般条件,,,未登场,山中鹿介,足轻大将,直臣,尼子家,月山富田城,无,未登场,山中鹿介,足轻组头,直臣,尼子家,月山富田城,无,已登场,山中鹿介,足轻组头,直臣,尼子家,月山富田城,无,已登场,山中鹿介,浪人,其他,无,松江之町,无,已登场,山中鹿介,浪人,其他,无,京之町,无,已死亡,山中鹿介,无效,无效,无,无效,无,已死亡,山中鹿介,无效,无效,无,无效,无,已死亡,山中鹿介,无效,无效,无,无效,无,已登场,山中鹿介,大名,首领,山中家,江户城,无,
757,912,山中俊好,山中,姓氏推断,lord_1_yamanaka_shunkou,Yamanaka Shunkou,clan_yamanaka_1,sanyo,家族和文化自动推断,,1537,1554,1595,病死,,,,,,只限武将,20,20,普通,普通,普通,轻率,普通,49,南蛮物,普通,普通,其他,锁镰,47,61,35,40,36,1,1,1,0,2,1,1,3,0,0,0,0,0,0,0,1,奈落之术，雾隐之术，错乱之术,二连苦无，半月，千鸟，刚弓,无,一般条件,,,已登场,山中俊好,足轻大将,直臣,六角家,观音寺城,无,已登场,山中俊好,足轻组头,直臣,六角家,观音寺城,无,已登场,山中俊好,足轻组头,直臣,六角家,观音寺城,无,已登场,山中俊好,浪人,其他,无,目加田之町,无,已登场,山中俊好,足轻组头,直臣,织田家,岐阜城,无,已登场,山中俊好,足轻组头,直臣,织田家,安土城,无,已登场,山中俊好,足轻组头,直臣,羽柴家,石山本愿寺,无,已死亡,山中俊好,无效,无效,无,无效,无,已登场,山中俊好,家老,直臣,山中家,江户城,无,
758,913,山名祐丰,山名,姓氏推断,lord_1_yamana_yuu,Yamana Yuu,clan_yamana_1,kinai,家族和文化自动推断,,1511,1554,1580,病死,,,,,,只限武将,90,90,普通,勇敢,理想,轻率,不重情义,62,南蛮物,贪心,滴酒不沾,源氏,刀剑,50,33,32,40,41,2,1,0,1,0,0,1,0,0,1,4,0,0,0,0,0,无,强袭,无,一般条件,,,已登场,山名祐丰,大名,首领,山名家,鸟取城,无,已登场,山名祐丰,大名,首领,山名家,鸟取城,无,已登场,山名祐丰,大名,首领,山名家,鸟取城,无,已登场,山名祐丰,大名,首领,山名家,鸟取城,无,已登场,山名祐丰,大名,首领,山名家,鸟取城,无,已死亡,山名祐丰,无效,无效,无,无效,无,已死亡,山名祐丰,无效,无效,无,无效,无,已死亡,山名祐丰,无效,无效,无,无效,无,已登场,山名祐丰,部将,直臣,山中家,江户城,无,
759,914,山名禅高,山名,姓氏推断,lord_1_yamana_zentaka,Yamana Zentaka,clan_yamana_1,kinai,家族和文化自动推断,,1548,1562,1626,病死,,,,,,只限武将,90,90,普通,胆小,现实,轻率,普通,51,艺术品,普通,普通,源氏,刀剑,25,31,39,12,42,0,1,1,0,1,1,0,0,0,0,1,0,3,2,3,0,无,强袭,无,无要求,,,未登场,山名丰国,部将,直臣,山名家,鸟取城,无,未登场,山名丰国,部将,直臣,山名家,鸟取城,无,已登场,山名丰国,部将,直臣,山名家,鸟取城,无,已登场,山名丰国,部将,直臣,山名家,鸟取城,无,已登场,山名丰国,部将,直臣,山名家,鸟取城,无,已登场,山名禅高,浪人,其他,无,出石之町,无,已登场,山名禅高,浪人,其他,无,出石之町,无,已登场,山名禅高,浪人,其他,无,出石之町,无,已登场,山名丰国,部将,直臣,山中家,江户城,无,
760,902,山内一丰,山内,需新建,lord_1_yamauchiichi,Yamauchi Kazutoyo,,,,,1546,1560,1605,病死,,,,,,全职种,2,2,普通,胆小,普通,普通,重视情义,53,南蛮物,普通,普通,藤原氏,刀剑,62,50,55,59,54,1,1,1,1,1,1,1,1,1,1,1,1,1,1,1,1,无,强袭,无,一般条件,,,未登场,山内一丰,足轻组头,直臣,织田家,那古野城,无,未登场,山内一丰,足轻组头,直臣,织田家,清洲城,无,已登场,山内一丰,足轻组头,直臣,织田家,清洲城,无,已登场,山内一丰,足轻组头,直臣,织田家,岐阜城,无,已登场,山内一丰,足轻组头,直臣,织田家,岐阜城,无,已登场,山内一丰,足轻大将,直臣,织田家,安土城,无,已登场,山内一丰,侍大将,直臣,羽柴家,石山本愿寺,无,已登场,山内一丰,大名,首领,山内家,二俣城,无,已登场,山内一丰,部将,直臣,山中家,江户城,无,
761,915,山本勘助,山本,需新建,lord_1_yamamotokansuke,Yamamoto Kansuke,,,,,1493,1554,1561,战死,,,,,,全职种,62,62,普通,普通,理想,慎重,普通,55,书籍,无欲,普通,源氏,刀剑,83,44,52,84,69,4,3,1,1,0,0,4,3,4,1,1,2,0,3,0,0,强行突破，紧急修补，影武者，鬼谋，内讧之术,强袭，二连苦无，半月,军师,不可,,主角武田信玄，川中岛之战败北,已登场,山本勘助,足轻大将,直臣,武田家,踯躅崎馆,无,已登场,山本勘助,侍大将,直臣,武田家,踯躅崎馆,无,已登场,山本勘助,侍大将,直臣,武田家,踯躅崎馆,无,已死亡,山本勘助,无效,无效,无,无效,无,已死亡,山本勘助,无效,无效,无,无效,无,已死亡,山本勘助,无效,无效,无,无效,无,已死亡,山本勘助,无效,无效,无,无效,无,已死亡,山本勘助,无效,无效,无,无效,无,已登场,山本勘助,家老,直臣,山中家,江户城,无,
762,916,汤浅五助,汤浅,需新建,lord_1_gojo,Yuasa Gosuke,,,,,1572,1580,1600,战死,,,,,,只限武将,13,13,性急,勇敢,理想,普通,普通,31,武具,普通,普通,其他,枪,46,64,25,21,56,2,0,0,0,1,2,0,0,0,0,0,0,2,0,0,1,无,强袭，拔突，铁壁,无,无要求,,,未登场,汤浅五助,浪人,其他,无,敦贺之町,无,未登场,汤浅五助,浪人,其他,无,敦贺之町,无,未登场,汤浅五助,浪人,其他,无,敦贺之町,无,未登场,汤浅五助,浪人,其他,无,敦贺之町,无,未登场,汤浅五助,浪人,其他,无,敦贺之町,无,已登场,汤浅五助,浪人,其他,无,敦贺之町,无,已登场,汤浅五助,浪人,其他,无,敦贺之町,无,已登场,汤浅五助,部将,直臣,大谷家,敦贺城,无,已登场,汤浅五助,家老,直臣,五代家,安土城,无,
763,917,结城晴朝,结城,精确匹配,lord_1_yuki,Yuki Harutomo,clan_yuki_1,kanto,精确匹配织丰,,1533,1554,1614,病死,,,结城政朝,###,结城政胜,只限武将,11,11,温和,胆小,现实,慎重,普通,50,南蛮物,无欲,嗜酒如命,藤原氏,枪,41,37,46,56,61,0,1,0,0,0,0,1,0,2,2,1,1,2,3,1,0,无,拔突,无,一般条件,,,已登场,结城晴朝,家老,直臣,结城家,结城城,无,已登场,结城晴朝,家老,直臣,结城家,结城城,无,已登场,结城晴朝,大名,首领,结城家,结城城,无,已登场,结城晴朝,大名,首领,结城家,结城城,无,已登场,结城晴朝,大名,首领,结城家,结城城,无,已登场,结城晴朝,大名,首领,结城家,结城城,无,已登场,结城晴朝,大名,首领,结城家,结城城,无,已登场,结城晴朝,家老,直臣,结城家,结城城,无,已登场,结城晴朝,浪人,其他,无,鹿屋之町,无,
764,918,结城秀康,结城,姓氏推断,lord_1_yuki_hideyasu,Yuki Hideyasu,clan_yuki_1,kanto,家族和文化自动推断,,1574,1588,1607,病死,德川家康,506,松平广忠,804,德川家康 德川信康 德川秀忠 松平忠吉 松平广忠,只限武将,90,10,性急,勇敢,普通,轻率,普通,79,武具,普通,嗜酒如命,源氏,枪,83,83,52,34,86,2,3,2,0,2,2,2,0,1,2,1,1,2,0,0,0,无,强袭，拔突，刚弓，铁壁,无,一般条件,,,未登场,德川秀康,足轻组头,陪臣（松平竹千代）,松平家,冈崎城,无,未登场,德川秀康,足轻组头,陪臣（松平元康）,今川家,冈崎城,无,未登场,德川秀康,足轻组头,陪臣（松平元康）,今川家,冈崎城,无,未登场,德川秀康,足轻组头,直臣,德川家,冈崎城,无,未登场,德川秀康,足轻组头,陪臣（德川家康）,德川家,滨松城,无,已登场,德川秀康,足轻大将,直臣,德川家,滨松城,无,已登场,德川秀康,足轻大将,直臣,德川家,滨松城,无,已登场,结城秀康,大名,首领,结城家,结城城,无,已登场,结城秀康,浪人,其他,无,仙台之町,无,
765,919,结城政胜,结城,姓氏推断,lord_1_yuki_matsurigoto,Yuki Matsurigoto,clan_yuki_1,kanto,家族和文化自动推断,,1503,1554,1559,病死,结城政朝,1343,,,结城晴朝,只限武将,11,11,温和,胆小,普通,普通,普通,69,艺术品,普通,普通,藤原氏,刀剑,57,34,72,68,60,1,1,0,1,1,0,2,0,0,1,0,0,3,3,0,1,无,强袭,无,无要求,,,已登场,结城政胜,大名,首领,结城家,结城城,无,已登场,结城政胜,大名,首领,结城家,结城城,无,已死亡,结城政胜,无效,无效,无,无效,无,已死亡,结城政胜,无效,无效,无,无效,无,已死亡,结城政胜,无效,无效,无,无效,无,已死亡,结城政胜,无效,无效,无,无效,无,已死亡,结城政胜,无效,无效,无,无效,无,已死亡,结城政胜,无效,无效,无,无效,无,已登场,结城政胜,浪人,其他,无,今治之町,无,
766,920,游佐续光,游佐,精确匹配,lord_1_yusa,Yusa Tsugumitsu,clan_yusa_1,hokuriku,精确匹配织丰,,1517,1554,1581,病死,,,,,,全职种,90,90,普通,胆小,理想,轻率,不重情义,77,南蛮物,贪心,普通,藤原氏,刀剑,29,39,39,46,52,0,1,0,0,0,0,0,0,0,0,0,1,0,1,0,0,无,强袭,无,无要求,,,已登场,游佐续光,家老,直臣,畠山家,七尾城,无,已登场,游佐续光,部将,直臣,畠山家,七尾城,无,已登场,游佐续光,部将,直臣,畠山家,七尾城,无,已登场,游佐续光,家老,直臣,长家,七尾城,无,已登场,游佐续光,部将,直臣,长家,七尾城,无,已死亡,游佐续光,无效,无效,无,无效,无,已死亡,游佐续光,无效,无效,无,无效,无,已死亡,游佐续光,无效,无效,无,无效,无,已登场,游佐续光,浪人,其他,无,奈良之町,无,
767,923,由利镰之助,由利,需新建,lord_1_yurijo,Yuri Kanenosuke,,,,,1583,1597,1615,病死,,,,,,全职种,49,49,性急,勇敢,普通,轻率,重视情义,31,武具,普通,普通,其他,锁镰,38,80,36,58,68,1,1,0,0,3,3,0,0,1,1,1,0,0,1,0,0,无,强袭，连续斩，拔突，粘花，刚弓，卷枪，引落，柄返，刚力，铁壁,无,一般条件,,,未登场,由利镰之助,浪人,其他,无,小诸之町,无,未登场,由利镰之助,浪人,其他,无,小诸之町,无,未登场,由利镰之助,浪人,其他,无,小诸之町,无,未登场,由利镰之助,浪人,其他,无,小诸之町,无,未登场,由利镰之助,浪人,其他,无,小诸之町,无,未登场,由利镰之助,浪人,其他,无,小诸之町,无,未登场,由利镰之助,浪人,其他,无,小诸之町,无,已登场,由利镰之助,浪人,其他,无,大凑之町,无,已登场,由利镰之助,浪人,其他,无,敦贺之町,无,
768,924,横谷左近,横谷,需新建,lord_1_yokotanisakon,Yokoya Sakon,,,,,1549,1560,1615,病死,,,,,,全职种,49,49,普通,普通,现实,普通,重视情义,55,书籍,普通,滴酒不沾,其他,苦无,41,68,30,59,55,1,0,2,0,2,2,1,4,0,0,0,0,0,0,0,0,鬼脚之术，破技之术，千里眼术，刺杀，红莲之术,强袭，拔突，二连苦无，半月，刚弓，猛毒苦无，十字投，乱苦无，叠返之术，铁壁,苦无名人,无要求,,,未登场,横谷左近,上忍,直臣,户隐众,户隐之里,无,未登场,横谷左近,上忍,直臣,户隐众,户隐之里,无,已登场,横谷左近,上忍,直臣,户隐众,户隐之里,无,已登场,横谷左近,上忍,直臣,户隐众,户隐之里,无,已登场,横谷左近,上忍,直臣,户隐众,户隐之里,无,已登场,横谷左近,上忍,直臣,户隐众,户隐之里,无,已登场,横谷左近,上忍,直臣,户隐众,户隐之里,无,已登场,横谷左近,上忍,直臣,户隐众,户隐之里,无,已登场,横谷左近,浪人,其他,无,姬路之町,无,
769,925,吉江景资,吉江,需新建,lord_1_yoshiekei,Yoshie Kagekatsu,,,,,1527,1554,1582,战死,,,,,中条景泰,只限武将,15,15,普通,普通,普通,慎重,重视情义,24,艺术品,普通,普通,藤原氏,刀剑,48,48,47,44,62,1,1,0,0,1,1,2,0,0,0,0,0,0,0,0,1,无,强袭,无,无要求,,,已登场,吉江景资,家老,直臣,长尾家,春日山城,无,已登场,吉江景资,足轻大将,直臣,长尾家,春日山城,无,已登场,吉江景资,足轻大将,直臣,长尾家,春日山城,无,已登场,吉江景资,城主,直臣,上杉家,唐泽山城,无,已登场,吉江景资,足轻大将,直臣,上杉家,春日山城,无,已登场,吉江景资,侍大将,陪臣（中条景泰）,上杉家,鱼津城,无,已死亡,吉江景资,无效,无效,无,无效,无,已死亡,吉江景资,无效,无效,无,无效,无,已登场,吉江景资,浪人,其他,无,会津之町,无,
770,926,吉冈宪法,吉冈,需新建,lord_1_kichihou,Yoshioka Kenpou,,,,,1535,1554,1591,病死,,,,,吉冈清十郎 吉冈传七郎,没那个意思,60,60,温和,普通,普通,慎重,普通,50,艺术品,无欲,普通,其他,刀剑,15,90,16,30,47,0,0,0,0,1,4,2,0,0,0,0,3,3,0,0,0,无,强袭，连续斩，霞，拔突，当身，刚力，铁壁，丢钱，猫骗，闪电,剑豪,一般条件,,,已登场,吉冈宪法,师范,其他,无,京之町,吉冈流,已登场,吉冈宪法,师范,其他,无,京之町,吉冈流,已登场,吉冈宪法,师范,其他,无,京之町,吉冈流,已登场,吉冈宪法,师范,其他,无,京之町,吉冈流,已登场,吉冈宪法,师范,其他,无,京之町,吉冈流,已登场,吉冈宪法,师范,其他,无,京之町,吉冈流,已登场,吉冈宪法,师范,其他,无,京之町,吉冈流,已死亡,吉冈宪法,无效,无效,无,无效,无,已登场,吉冈宪法,师范,其他,无,京之町,吉冈流,
771,927,吉冈清十郎,吉冈,需新建,lord_1_kichijuurou,Yoshioka Seijurou,,,,,1577,1588,1604,病死,吉冈宪法,770,,,吉冈宪法 吉冈传七郎,没那个意思,60,60,温和,胆小,理想,慎重,普通,23,南蛮物,无欲,滴酒不沾,其他,刀剑,12,87,10,13,55,0,0,1,0,1,3,2,0,0,0,0,0,2,0,0,0,无,强袭，连续斩，霞，拔突，刚力，铁壁，猫骗，闪电,剑客,不可,,主角宫本武藏，剧情流程,未登场,吉冈清十郎,师范代,其他,无,京之町,吉冈流,未登场,吉冈清十郎,师范代,其他,无,京之町,吉冈流,未登场,吉冈清十郎,师范代,其他,无,京之町,吉冈流,未登场,吉冈清十郎,师范代,其他,无,京之町,吉冈流,未登场,吉冈清十郎,师范代,其他,无,京之町,吉冈流,未登场,吉冈清十郎,师范代,其他,无,京之町,吉冈流,未登场,吉冈清十郎,师范代,其他,无,京之町,吉冈流,已登场,吉冈清十郎,师范,其他,无,京之町,吉冈流,已登场,吉冈清十郎,家老,直臣,十河家,广岛城,吉冈流,
772,928,吉冈传七郎,吉冈,需新建,lord_1_kichishichirou,Yoshioka Denshirou,,,,,1580,1594,1604,病死,吉冈宪法,770,,,吉冈宪法 吉冈清十郎,没那个意思,60,60,性急,勇敢,理想,轻率,普通,71,南蛮物,贪心,嗜酒如命,其他,刀剑,12,88,7,4,40,1,0,0,0,1,3,1,0,0,0,0,0,0,0,0,0,无,强袭，连续斩，霞，拔突，刚力，铁壁，猫骗，闪电,剑客,不可,,主角宫本武藏，剧情流程,未登场,吉冈传七郎,师范代,其他,无,京之町,吉冈流,未登场,吉冈传七郎,师范代,其他,无,京之町,吉冈流,未登场,吉冈传七郎,师范代,其他,无,京之町,吉冈流,未登场,吉冈传七郎,师范代,其他,无,京之町,吉冈流,未登场,吉冈传七郎,师范代,其他,无,京之町,吉冈流,未登场,吉冈传七郎,师范代,其他,无,京之町,吉冈流,未登场,吉冈传七郎,师范代,其他,无,京之町,吉冈流,已登场,吉冈传七郎,师范代,其他,无,京之町,吉冈流,已登场,吉冈传七郎,家老,直臣,七条家,杂贺城,吉冈流,
773,929,吉冈长增,吉冈,需新建,lord_1_kichi,Yoshioka Nagazane,,,,,1502,1554,1573,病死,,,,,,全职种,84,84,普通,普通,普通,轻率,普通,34,南蛮物,普通,普通,其他,刀剑,48,52,35,73,52,0,1,1,0,0,0,3,0,0,1,0,0,2,2,1,0,无,强袭,无,无要求,,,已登场,吉冈长增,家老,直臣,大友家,府内城,无,已登场,吉冈长增,家老,直臣,大友家,府内城,无,已登场,吉冈长增,家老,直臣,大友家,府内城,无,已登场,吉冈长增,家老,直臣,大友家,府内城,无,已死亡,吉冈长增,无效,无效,无,无效,无,已死亡,吉冈长增,无效,无效,无,无效,无,已死亡,吉冈长增,无效,无效,无,无效,无,已死亡,吉冈长增,无效,无效,无,无效,无,已登场,吉冈长增,浪人,其他,无,长滨之町,无,
774,931,吉田重俊,吉田,精确匹配,lord_1_yoshida,Yoshida Shigetoshi,clan_yoshida_1,nankai,精确匹配织丰,,1498,1554,1570,病死,吉田则弘,1336,,,江村亲家 吉田孝赖,全职种,80,80,普通,普通,普通,慎重,普通,51,书籍,普通,嗜酒如命,其他,刀剑,52,54,45,72,61,2,1,1,1,0,0,2,0,0,0,0,1,2,2,0,0,无,强袭,无,无要求,,,已登场,吉田重俊,部将,直臣,长宗我部家,冈丰城,无,已登场,吉田重俊,部将,直臣,长宗我部家,冈丰城,无,已登场,吉田重俊,部将,直臣,长宗我部家,冈丰城,无,已登场,吉田重俊,部将,直臣,长宗我部家,冈丰城,无,已死亡,吉田重俊,无效,无效,无,无效,无,已死亡,吉田重俊,无效,无效,无,无效,无,已死亡,吉田重俊,无效,无效,无,无效,无,已死亡,吉田重俊,无效,无效,无,无效,无,已登场,吉田重俊,浪人,其他,无,厩桥之町,无,
775,932,吉田孝赖,吉田,精确匹配,dead_lord_1_yoshida_7,Yoshida Takayori,clan_yoshida_1,nankai,精确匹配织丰,,1494,1554,1570,病死,吉田则弘,1336,,,江村亲家 吉田重俊,全职种,80,80,普通,普通,现实,慎重,普通,44,南蛮物,普通,普通,其他,刀剑,53,61,62,71,70,1,2,1,1,0,0,2,0,0,1,1,1,2,2,1,0,无,强袭,无,无要求,,,已登场,吉田孝赖,家老,直臣,长宗我部家,冈丰城,无,已登场,吉田孝赖,家老,直臣,长宗我部家,冈丰城,无,已登场,吉田孝赖,家老,直臣,长宗我部家,冈丰城,无,已登场,吉田孝赖,家老,直臣,长宗我部家,冈丰城,无,已死亡,吉田孝赖,无效,无效,无,无效,无,已死亡,吉田孝赖,无效,无效,无,无效,无,已死亡,吉田孝赖,无效,无效,无,无效,无,已死亡,吉田孝赖,无效,无效,无,无效,无,已登场,吉田孝赖,浪人,其他,无,直江津之町,无,
776,933,吉田政重,吉田,姓氏推断,lord_1_yoshida_masashige,Yoshida Masashige,clan_yoshida_1,nankai,家族和文化自动推断,,1568,1582,1628,病死,,,,,,全职种,80,80,普通,勇敢,普通,轻率,普通,56,武具,普通,嗜酒如命,其他,刀剑,60,71,23,41,67,2,2,2,1,1,1,2,0,0,0,0,0,0,0,0,4,无,强袭，伤药，止血,无,无要求,,,未登场,吉田政重,足轻组头,直臣,长宗我部家,冈丰城,无,未登场,吉田政重,足轻组头,直臣,长宗我部家,冈丰城,无,未登场,吉田政重,足轻组头,直臣,长宗我部家,冈丰城,无,未登场,吉田政重,足轻组头,直臣,长宗我部家,冈丰城,无,未登场,吉田政重,足轻组头,直臣,长宗我部家,冈丰城,无,已登场,吉田政重,足轻组头,直臣,长宗我部家,冈丰城,无,已登场,吉田政重,足轻组头,直臣,长宗我部家,冈丰城,无,已登场,吉田政重,侍大将,直臣,长宗我部家,冈丰城,无,已登场,吉田政重,浪人,其他,无,足利之町,无,
777,934,吉田康俊,吉田,姓氏推断,lord_1_yoshida_yasutoshi,Yoshida Yasutoshi,clan_yoshida_1,nankai,家族和文化自动推断,,1565,1579,1634,病死,,,,,,只限武将,80,80,普通,普通,普通,轻率,重视情义,38,武具,无欲,普通,其他,刀剑,61,51,31,48,53,3,2,2,1,0,0,2,0,0,0,0,1,0,0,0,0,无,强袭,无,无要求,,,未登场,吉田康俊,足轻组头,直臣,长宗我部家,冈丰城,无,未登场,吉田康俊,足轻组头,直臣,长宗我部家,冈丰城,无,未登场,吉田康俊,足轻组头,直臣,长宗我部家,冈丰城,无,未登场,吉田康俊,足轻组头,直臣,长宗我部家,冈丰城,无,未登场,吉田康俊,足轻组头,直臣,长宗我部家,冈丰城,无,已登场,吉田康俊,足轻组头,直臣,长宗我部家,冈丰城,无,已登场,吉田康俊,足轻组头,直臣,长宗我部家,冈丰城,无,已登场,吉田康俊,部将,直臣,长宗我部家,冈丰城,无,已登场,吉田康俊,浪人,其他,无,滨松之町,无,
778,935,吉弘鉴理,吉弘,精确匹配,lord_1_yoshihiro,Yoshihiro Akitada,clan_yoshihiro_1,saikai,精确匹配织丰,,1520,1554,1571,病死,,,,,高桥绍运 立花直次 立花宗茂 吉弘镇信,只限武将,80,80,普通,普通,普通,普通,重视情义,48,南蛮物,普通,普通,藤原氏,刀剑,66,61,47,48,44,3,3,1,0,1,1,3,0,0,1,1,0,0,0,1,0,无,强袭,无,无要求,,,已登场,吉弘鉴理,部将,直臣,大友家,府内城,无,已登场,吉弘鉴理,部将,直臣,大友家,府内城,无,已登场,吉弘鉴理,部将,直臣,大友家,府内城,无,已登场,吉弘鉴理,部将,直臣,大友家,府内城,无,已死亡,吉弘鉴理,无效,无效,无,无效,无,已死亡,吉弘鉴理,无效,无效,无,无效,无,已死亡,吉弘鉴理,无效,无效,无,无效,无,已死亡,吉弘鉴理,无效,无效,无,无效,无,已登场,吉弘鉴理,浪人,其他,无,松仓之町,无,
779,937,吉见正赖,吉见,精确匹配,lord_1_yoshimi,Yoshimi Masayori,clan_yoshimi_1,sanyo,精确匹配织丰,,1513,1554,1588,病死,,,,,,只限武将,39,39,普通,普通,普通,轻率,普通,40,书籍,普通,普通,源氏,刀剑,51,44,67,49,59,1,2,1,0,0,0,1,0,1,0,1,2,1,0,0,0,无,强袭,无,无要求,,,已登场,吉见正赖,城主,直臣,大内家,益田城,无,已登场,吉见正赖,城主,直臣,大内家,益田城,无,已登场,吉见正赖,侍大将,直臣,毛利家,吉田郡山城,无,已登场,吉见正赖,侍大将,直臣,毛利家,吉田郡山城,无,已登场,吉见正赖,侍大将,直臣,毛利家,吉田郡山城,无,已登场,吉见正赖,侍大将,直臣,毛利家,吉田郡山城,无,已登场,吉见正赖,侍大将,直臣,毛利家,吉田郡山城,无,已死亡,吉见正赖,无效,无效,无,无效,无,已登场,吉见正赖,浪人,其他,无,松江之町,无,
780,938,世濑藏人,世濑,需新建,lord_1_yonin,Yose Kurando,,,,,1543,1557,1614,病死,,,,,,武将以外优先,60,60,普通,普通,现实,普通,重视情义,40,武具,无欲,嗜酒如命,其他,苦无,40,68,17,59,25,2,0,2,0,1,2,0,4,1,1,0,0,0,1,0,2,城门爆破，雾隐之术，红莲之术,强袭，拔突，二连苦无，半月，猛毒苦无，十字投，乱苦无，叠返之术，铁壁,苦无名人,一般条件,,,未登场,世濑藏人,上忍,直臣,黑胫巾众,黑胫巾之里,无,未登场,世濑藏人,上忍,直臣,黑胫巾众,黑胫巾之里,无,已登场,世濑藏人,上忍,直臣,黑胫巾众,黑胫巾之里,无,已登场,世濑藏人,上忍,直臣,黑胫巾众,黑胫巾之里,无,已登场,世濑藏人,上忍,直臣,黑胫巾众,黑胫巾之里,无,已登场,世濑藏人,上忍,直臣,黑胫巾众,黑胫巾之里,无,已登场,世濑藏人,上忍,直臣,黑胫巾众,黑胫巾之里,无,已登场,世濑藏人,上忍,直臣,黑胫巾众,黑胫巾之里,无,已登场,世濑藏人,浪人,其他,无,浦户之町,无,
781,939,淀屋常安,淀屋,需新建,lord_1_yodoyatsuneyasu,Yodoya Tsunayasu,,,,,1552,1566,1622,病死,,,,,,武将以外优先,90,90,温和,勇敢,普通,普通,普通,72,南蛮物,贪心,普通,其他,枪,7,8,86,81,60,0,0,0,0,0,0,0,0,4,0,2,4,0,3,2,0,无,拔突，丢钱，贿赂,无,无要求,,,未登场,淀屋常安,浪人,其他,无,石山之町,无,未登场,淀屋常安,浪人,其他,无,石山之町,无,未登场,淀屋常安,浪人,其他,无,石山之町,无,已登场,淀屋常安,浪人,其他,无,石山之町,无,已登场,淀屋常安,浪人,其他,无,石山之町,无,已登场,淀屋常安,当家,首领,淀屋,石山之町,无,已登场,淀屋常安,当家,首领,淀屋,石山之町,无,已登场,淀屋常安,当家,首领,淀屋,大坂之町,无,已登场,淀屋常安,浪人,其他,无,会津之町,无,
782,901,梁田藤左卫门,梁田,需新建,lord_1_yanadatouza,Yanada Touzaemon,,,,,1542,1556,1620,病死,,,,,,武将以外优先,51,51,普通,勇敢,现实,普通,普通,43,艺术品,普通,滴酒不沾,其他,枪,9,11,64,47,58,1,0,0,0,0,0,0,0,2,2,1,4,2,2,2,0,无,拔突，丢钱，贿赂，大宴宾客,风雅之士,一般条件,,,已登场,梁田藤左卫门,当家,首领,梁田屋,会津之町,无,已登场,梁田藤左卫门,当家,首领,梁田屋,会津之町,无,已登场,梁田藤左卫门,当家,首领,梁田屋,会津之町,无,已登场,梁田藤左卫门,当家,首领,梁田屋,会津之町,无,已登场,梁田藤左卫门,当家,首领,梁田屋,会津之町,无,已登场,梁田藤左卫门,当家,首领,梁田屋,会津之町,无,已登场,梁田藤左卫门,当家,首领,梁田屋,会津之町,无,已登场,梁田藤左卫门,当家,首领,梁田屋,会津之町,无,已登场,梁田藤左卫门,浪人,其他,无,小诸之町,无,
783,940,依冈左京,依冈,需新建,lord_1_ikyou,Yorika Sakyo,,,,,1542,1556,1586,战死,,,,,,全职种,80,80,普通,勇敢,普通,普通,普通,48,南蛮物,无欲,普通,其他,刀剑,52,67,32,33,57,2,1,1,1,1,0,0,0,1,0,1,0,1,1,0,0,无,强袭,无,无要求,,,未登场,依冈左京,侍大将,直臣,一条家,中村城,无,未登场,依冈左京,侍大将,直臣,一条家,中村城,无,已登场,依冈左京,侍大将,直臣,一条家,中村城,无,已登场,依冈左京,侍大将,直臣,一条家,中村城,无,已登场,依冈左京,侍大将,直臣,长宗我部家,冈丰城,无,已登场,依冈左京,侍大将,直臣,长宗我部家,冈丰城,无,已登场,依冈左京,侍大将,直臣,长宗我部家,冈丰城,无,已死亡,依冈左京,无效,无效,无,无效,无,已登场,依冈左京,浪人,其他,无,冈崎之町,无,
784,941,龙造寺家就,龙造寺,模糊匹配,dead_lord_1_ryuzoji_1,Ryuzoji Chikaie,clan_ryuzoji_1,saikai,家族和文化自动推断,,1526,1554,1582,病死,,,,,,只限武将,60,60,普通,勇敢,普通,普通,普通,55,南蛮物,普通,普通,藤原氏,刀剑,57,53,57,47,55,2,2,2,1,1,1,2,0,0,0,0,1,1,1,0,0,无,强袭,无,无要求,,,已登场,龙造寺家就,家老,直臣,龙造寺家,佐嘉城,无,已登场,龙造寺家就,家老,直臣,龙造寺家,佐嘉城,无,已登场,龙造寺家就,家老,直臣,龙造寺家,佐嘉城,无,已登场,龙造寺家就,家老,直臣,龙造寺家,佐嘉城,无,已登场,龙造寺家就,家老,直臣,龙造寺家,佐嘉城,无,已登场,龙造寺家就,家老,直臣,龙造寺家,佐嘉城,无,已死亡,龙造寺家就,无效,无效,无,无效,无,已死亡,龙造寺家就,无效,无效,无,无效,无,已登场,龙造寺家就,上忍,直臣,甲贺众,甲贺之里,无,
785,942,龙造寺隆信,龙造寺,精确匹配,lord_1_ryuzoji,Ryuzoji Takanobu,clan_ryuzoji_1,saikai,精确匹配织丰,,1529,1554,1584,战死,龙造寺周家,1337,,,龙造寺长信 龙造寺信周 龙造寺政家 江上家种,只限武将,60,60,普通,勇敢,理想,轻率,不重情义,81,南蛮物,贪心,普通,藤原氏,刀剑,82,81,59,46,72,3,4,2,1,2,3,2,0,2,0,1,1,1,1,1,1,无,强袭，连续斩，拔突，刚弓，刚力，铁壁,无,一般条件,龙造寺四天王 圆城寺信胤/江里口信常/百武贤兼/成松信胜,,已登场,龙造寺隆信,大名,首领,龙造寺家,佐嘉城,无,已登场,龙造寺隆信,大名,首领,龙造寺家,佐嘉城,无,已登场,龙造寺隆信,大名,首领,龙造寺家,佐嘉城,无,已登场,龙造寺隆信,大名,首领,龙造寺家,佐嘉城,无,已登场,龙造寺隆信,大名,首领,龙造寺家,佐嘉城,无,已登场,龙造寺隆信,大名,首领,龙造寺家,佐嘉城,无,已登场,龙造寺隆信,大名,首领,龙造寺家,佐嘉城,无,已死亡,龙造寺隆信,无效,无效,无,无效,无,已登场,龙造寺隆信,下忍,直臣,钵屋众,钵屋之里,无,
786,943,龙造寺长信,龙造寺,精确匹配,lord_1_ryuzoji_11,Ryuzoji Naganobu,clan_ryuzoji_1,saikai,精确匹配织丰,,1544,1558,1603,病死,龙造寺周家,1337,,,龙造寺隆信 龙造寺信周,只限武将,60,60,普通,勇敢,普通,轻率,重视情义,31,艺术品,无欲,普通,藤原氏,刀剑,61,50,60,53,49,2,1,1,0,1,1,1,0,0,1,1,0,0,0,0,0,无,强袭,无,无要求,,,未登场,龙造寺长信,部将,直臣,龙造寺家,佐嘉城,无,未登场,龙造寺长信,部将,直臣,龙造寺家,佐嘉城,无,已登场,龙造寺长信,部将,直臣,龙造寺家,佐嘉城,无,已登场,龙造寺长信,部将,直臣,龙造寺家,佐嘉城,无,已登场,龙造寺长信,部将,直臣,龙造寺家,佐嘉城,无,已登场,龙造寺长信,部将,直臣,龙造寺家,佐嘉城,无,已登场,龙造寺长信,部将,直臣,龙造寺家,佐嘉城,无,已登场,龙造寺长信,家老,直臣,锅岛家,佐贺城,无,已登场,龙造寺长信,上忍,直臣,甲贺众,甲贺之里,无,
787,944,龙造寺信周,龙造寺,精确匹配,lord_1_ryuzoji_8,Ryuzoji Nobukane,clan_ryuzoji_1,saikai,精确匹配织丰,,1532,1554,1608,病死,龙造寺周家,1337,,,龙造寺隆信 龙造寺长信,只限武将,60,60,普通,普通,普通,轻率,普通,67,书籍,普通,普通,藤原氏,刀剑,62,55,61,56,50,1,2,2,0,1,1,3,0,1,0,0,1,1,2,0,0,无,强袭,无,无要求,,,已登场,龙造寺信周,部将,直臣,龙造寺家,佐嘉城,无,已登场,龙造寺信周,部将,直臣,龙造寺家,佐嘉城,无,已登场,龙造寺信周,部将,直臣,龙造寺家,佐嘉城,无,已登场,龙造寺信周,部将,直臣,龙造寺家,佐嘉城,无,已登场,龙造寺信周,部将,直臣,龙造寺家,佐嘉城,无,已登场,龙造寺信周,部将,直臣,龙造寺家,佐嘉城,无,已登场,龙造寺信周,部将,直臣,龙造寺家,佐嘉城,无,已登场,龙造寺信周,家老,直臣,锅岛家,佐贺城,无,已登场,龙造寺信周,上忍,直臣,甲贺众,甲贺之里,无,
788,945,龙造寺政家,龙造寺,精确匹配,lord_1_ryuzoji_3,Ryuzoji Masaie,clan_ryuzoji_1,saikai,精确匹配织丰,,1566,1580,1607,病死,龙造寺隆信,785,,,龙造寺隆信 江上家种,只限武将,60,60,温和,胆小,普通,轻率,重视情义,28,南蛮物,普通,普通,藤原氏,刀剑,61,45,38,58,35,2,1,1,0,0,0,2,0,0,1,1,0,0,1,0,0,无,强袭,无,一般条件,,,未登场,龙造寺政家,家老,直臣,龙造寺家,佐嘉城,无,未登场,龙造寺政家,部将,陪臣（龙造寺隆信）,龙造寺家,佐嘉城,无,未登场,龙造寺政家,家老,直臣,龙造寺家,佐嘉城,无,未登场,龙造寺政家,家老,直臣,龙造寺家,佐嘉城,无,未登场,龙造寺政家,家老,直臣,龙造寺家,佐嘉城,无,已登场,龙造寺政家,家老,直臣,龙造寺家,佐嘉城,无,已登场,龙造寺政家,家老,直臣,龙造寺家,佐嘉城,无,已死亡,龙造寺政家,无效,无效,无,无效,无,已登场,龙造寺政家,头目,首领,甲贺众,甲贺之里,无,
789,947,留守政景,留守,精确匹配,lord_1_rusu,Rusu Masakage,clan_rusu_1,ou,精确匹配织丰,,1549,1563,1607,病死,伊达晴宗,465,伊达稙宗,463,石川昭光 伊达实元 伊达成实 伊达稙宗 伊达辉宗 伊达晴宗 伊达政宗 亘理元宗 伊达小次郎,只限武将,60,60,普通,勇敢,理想,普通,重视情义,40,武具,普通,嗜酒如命,源氏,刀剑,64,49,60,57,57,2,3,1,0,1,1,2,0,0,0,0,0,0,1,1,0,无,强袭,无,无要求,,,未登场,留守政景,部将,直臣,伊达家,米泽城,无,未登场,留守政景,部将,陪臣（伊达晴宗）,伊达家,米泽城,无,已登场,留守政景,部将,直臣,伊达家,米泽城,无,已登场,留守政景,部将,直臣,伊达家,米泽城,无,已登场,留守政景,部将,直臣,伊达家,米泽城,无,已登场,留守政景,部将,直臣,伊达家,米泽城,无,已登场,留守政景,家老,直臣,伊达家,米泽城,无,已登场,留守政景,家老,直臣,伊达家,仙台城,无,已登场,留守政景,浪人,其他,无,小仓之町,无,
790,951,六角承祯,六角,姓氏推断,lord_1_rokkaku_shou,Rokkaku Shou,clan_rokkaku_1,kinai,家族和文化自动推断,,1521,1554,1598,病死,六角定赖,817,,,六角义治 六角定赖,只限武将,34,34,普通,胆小,理想,慎重,不重情义,67,南蛮物,普通,普通,源氏,弓,62,64,40,38,52,0,4,0,0,4,3,0,1,0,0,0,0,2,0,1,0,弓箭乱射，加护,强袭，连续斩，拔突，刚弓，神弓，天弓，刚力，铁壁，心眼,弓术名人,一般条件,,,已登场,六角义贤,家老,直臣,六角家,观音寺城,无,已登场,六角义贤,大名,首领,六角家,观音寺城,无,已登场,六角承祯,大名,首领,六角家,观音寺城,无,已登场,六角承祯,浪人,其他,无,目加田之町,无,已登场,六角承祯,浪人,其他,无,奈良之町,无,已登场,六角承祯,浪人,其他,无,奈良之町,无,已登场,六角承祯,浪人,其他,无,奈良之町,无,已死亡,六角承祯,无效,无效,无,无效,无,已登场,六角承祯,家老,直臣,六角家,大坂城,无,
791,952,六角义治,六角,精确匹配,lord_1_rokkaku_2,Rokkaku Yoshiharu,clan_rokkaku_1,kinai,精确匹配织丰,,1545,1560,1612,病死,六角承祯,790,六角定赖,817,六角承祯 六角定赖,只限武将,34,34,普通,胆小,理想,慎重,不重情义,65,艺术品,普通,普通,源氏,弓,46,75,27,18,51,0,0,0,0,4,3,0,1,0,0,0,0,0,2,2,0,无,强袭，连续斩，拔突，刚弓，神弓，天弓，刚力，铁壁，心眼,弓术名人,一般条件,,,未登场,六角义治,侍大将,陪臣（六角义贤）,六角家,观音寺城,无,未登场,六角义治,部将,陪臣（六角义贤）,六角家,观音寺城,无,已登场,六角义治,家老,直臣,六角家,观音寺城,无,已登场,六角义治,侍大将,直臣,武田家,踯躅崎馆,无,已登场,六角义治,浪人,其他,无,奈良之町,无,已登场,六角义治,浪人,其他,无,奈良之町,无,已登场,六角义治,浪人,其他,无,尾道之町,无,已登场,六角义治,侍大将,直臣,丰臣家,大坂城,无,已登场,六角义治,大名,首领,六角家,大坂城,无,
792,953,若林镇兴,若林,需新建,lord_1_wakabayashi,Wakabayashi Shigeoki,,,,,1547,1560,1593,病死,,,,,,全职种,80,80,普通,普通,理想,轻率,重视情义,45,南蛮物,贪心,嗜酒如命,其他,刀剑,72,56,18,39,60,2,0,2,4,2,2,1,0,2,0,0,0,0,1,0,0,齐射，水上禁行,强袭，拔突，刚弓，铁壁,无,无要求,,,未登场,若林镇兴,船头,直臣,丰后水军,一尺屋之砦,无,已登场,若林镇兴,头领,首领,丰后水军,一尺屋之砦,无,已登场,若林镇兴,头领,首领,丰后水军,一尺屋之砦,无,已登场,若林镇兴,头领,首领,丰后水军,一尺屋之砦,无,已登场,若林镇兴,头领,首领,丰后水军,一尺屋之砦,无,已登场,若林镇兴,头领,首领,丰后水军,一尺屋之砦,无,已登场,若林镇兴,头领,首领,丰后水军,一尺屋之砦,无,已死亡,若林镇兴,无效,无效,无,无效,无,已登场,若林镇兴,浪人,其他,无,鹿屋之町,无,
793,954,胁坂安治,胁坂,需新建,lord_1_yasuji,Kyouzaka Yasuharu,,,,,1554,1568,1626,病死,,,,,,全职种,2,2,普通,普通,普通,轻率,不重情义,55,武具,普通,普通,藤原氏,枪,56,78,40,41,61,2,2,0,1,1,3,1,0,0,1,1,0,0,0,1,0,无,强袭，连续斩，拔突，粘花，卷枪，引落，柄返，刚力，铁壁,枪术能手,一般条件,,,未登场,胁坂安治,足轻组头,直臣,浅井家,小谷城,无,未登场,胁坂安治,足轻组头,直臣,浅井家,小谷城,无,未登场,胁坂安治,足轻组头,直臣,浅井家,小谷城,无,已登场,胁坂安治,足轻组头,直臣,浅井家,小谷城,无,已登场,胁坂安治,足轻组头,陪臣（羽柴秀吉）,织田家,长滨城,无,已登场,胁坂安治,足轻组头,陪臣（羽柴秀吉）,织田家,姬路城,无,已登场,胁坂安治,足轻组头,直臣,羽柴家,石山本愿寺,无,已登场,胁坂安治,大名,首领,胁坂家,洲本城,无,已登场,胁坂安治,浪人,其他,无,直江津之町,无,
794,955,分部光嘉,分部,需新建,lord_1_bunbumitsuyoshi,Bunbu Mitsuyoshi,,,,,1552,1566,1601,病死,,,,,,全职种,98,98,普通,胆小,普通,慎重,普通,59,南蛮物,贪心,普通,藤原氏,刀剑,45,38,36,48,46,0,0,0,0,0,0,1,1,0,1,1,1,1,1,1,1,无,强袭,无,无要求,,,未登场,分部光嘉,足轻组头,陪臣（神户具盛）,北畠家,安浓津城,无,未登场,分部光嘉,足轻组头,直臣,北畠家,大河内城,无,未登场,分部光嘉,足轻组头,直臣,北畠家,大河内城,无,已登场,分部光嘉,足轻组头,陪臣（泷川一益）,织田家,安浓津城,无,已登场,分部光嘉,足轻组头,陪臣（织田信雄）,织田家,大河内城,无,已登场,分部光嘉,足轻组头,陪臣（织田信雄）,织田家,安浓津城,无,已登场,分部光嘉,城主,直臣,羽柴家,伊贺上野城,无,已登场,分部光嘉,城主,直臣,德川家,安浓津城,无,已登场,分部光嘉,浪人,其他,无,金泽之町,无,
795,956,和田昭为,和田,需新建,lord_1_wadaakira,Wada Akira,,,,,1533,1554,1602,病死,,,,,,全职种,20,20,温和,胆小,普通,慎重,普通,51,书籍,普通,普通,平氏,刀剑,40,41,77,64,65,0,0,0,0,0,0,0,0,2,2,2,1,2,2,1,2,无,强袭,无,无要求,,,已登场,和田昭为,部将,直臣,佐竹家,太田城,无,已登场,和田昭为,部将,直臣,佐竹家,太田城,无,已登场,和田昭为,部将,直臣,佐竹家,太田城,无,已登场,和田昭为,部将,直臣,佐竹家,太田城,无,已登场,和田昭为,部将,直臣,佐竹家,太田城,无,已登场,和田昭为,部将,直臣,佐竹家,太田城,无,已登场,和田昭为,部将,直臣,佐竹家,水户城,无,已登场,和田昭为,家老,直臣,佐竹家,水户城,无,已登场,和田昭为,浪人,其他,无,江户之町,无,
796,957,和田惟政,和田,需新建,lord_1_wadakoremasa,Wada Koremasa,,,,,1532,1554,1571,战死,,,,,,只限武将,35,35,温和,普通,理想,普通,重视情义,38,南蛮物,无欲,滴酒不沾,源氏,刀剑,60,59,62,71,63,2,1,2,1,1,1,2,3,2,1,1,1,2,2,1,1,破技之术，幻惑之术,强袭，二连苦无，半月,无,无要求,,,已登场,和田惟政,足轻大将,直臣,足利家,朽木谷城,无,已登场,和田惟政,侍大将,直臣,足利家,朽木谷城,无,已登场,和田惟政,侍大将,直臣,足利家,二条城,无,已登场,和田惟政,城主,直臣,织田家,高城,无,已死亡,和田惟政,无效,无效,无,无效,无,已死亡,和田惟政,无效,无效,无,无效,无,已死亡,和田惟政,无效,无效,无,无效,无,已死亡,和田惟政,无效,无效,无,无效,无,已登场,和田惟政,浪人,其他,无,鸣门之町,无,
797,958,渡边勘兵卫,渡边,需新建,lord_1_watarihei,Watanabe Kanbei,,,,,1562,1576,1640,病死,,,,,,全职种,15,15,普通,勇敢,普通,轻率,不重情义,40,武具,普通,普通,其他,枪,51,81,11,34,57,2,0,0,0,2,3,1,0,0,0,0,0,0,0,1,0,无,强袭，连续斩，拔突，粘花，刚弓，卷枪，引落，柄返，刚力，铁壁,枪术名人,无要求,,,未登场,渡边勘兵卫,浪人,其他,无,今滨之町,无,未登场,渡边勘兵卫,浪人,其他,无,今滨之町,无,未登场,渡边勘兵卫,浪人,其他,无,今滨之町,无,未登场,渡边勘兵卫,浪人,其他,无,今滨之町,无,未登场,渡边勘兵卫,浪人,其他,无,长滨之町,无,已登场,渡边勘兵卫,浪人,其他,无,姬路之町,无,已登场,渡边勘兵卫,足轻组头,陪臣（中村一氏）,羽柴家,岸和田城,无,已登场,渡边勘兵卫,部将,陪臣（增田长盛）,丰臣家,大和郡山城,无,已登场,渡边勘兵卫,浪人,其他,无,敦贺之町,无,
798,959,渡边守纲,渡边,需新建,lord_1_watari,Watanabe Moritsuna,,,,,1542,1556,1620,病死,,,,,,只限武将,90,90,普通,勇敢,普通,慎重,重视情义,40,南蛮物,普通,普通,源氏,枪,64,73,18,44,52,2,3,1,1,1,3,1,0,1,0,0,0,0,0,0,0,无,强袭，连续斩，拔突，粘花，卷枪，引落，柄返，刚力，铁壁,枪术名人,无要求,,,未登场,渡边守纲,足轻大将,陪臣（松平竹千代）,松平家,冈崎城,无,未登场,渡边守纲,足轻组头,陪臣（松平元康）,今川家,骏府城,无,已登场,渡边守纲,足轻组头,陪臣（松平元康）,今川家,冈崎城,无,已登场,渡边守纲,足轻大将,直臣,德川家,冈崎城,无,已登场,渡边守纲,足轻组头,直臣,德川家,滨松城,无,已登场,渡边守纲,足轻大将,直臣,德川家,滨松城,无,已登场,渡边守纲,足轻大将,直臣,德川家,滨松城,无,已登场,渡边守纲,部将,直臣,德川家,江户城,无,已登场,渡边守纲,浪人,其他,无,金泽之町,无,
799,960,亘理元宗,亘理,精确匹配,lord_1_watari,Watari Motomune,clan_watari_1,ou,精确匹配织丰,,1530,1554,1594,病死,伊达稙宗,463,,,石川昭光 伊达实元 伊达成实 伊达稙宗 伊达辉宗 伊达晴宗 留守政景,只限武将,62,62,普通,勇敢,普通,普通,普通,40,艺术品,普通,普通,平氏,刀剑,60,41,36,60,42,2,2,2,0,1,1,3,0,0,0,0,0,2,2,0,0,无,强袭,无,无要求,,,已登场,亘理元宗,部将,直臣,伊达家,米泽城,无,已登场,亘理元宗,部将,直臣,伊达家,米泽城,无,已登场,亘理元宗,部将,直臣,伊达家,米泽城,无,已登场,亘理元宗,部将,直臣,伊达家,米泽城,无,已登场,亘理元宗,部将,直臣,伊达家,米泽城,无,已登场,亘理元宗,部将,直臣,伊达家,米泽城,无,已登场,亘理元宗,部将,直臣,伊达家,米泽城,无,已死亡,亘理元宗,无效,无效,无,无效,无,已登场,亘理元宗,浪人,其他,无,尾道之町,无,
800,145,上杉宪政,上杉,姓氏推断,lord_1_uesugi,Uesugi Norimasa,clan_uesugi_1,hokuriku,家族和文化自动推断,,1515,1549,1579,战死,,,,,,没那个意思,18,18,温和,胆小,理想,普通,普通,86,艺术品,贪心,滴酒不沾,藤原氏,刀剑,30,21,30,29,84,0,1,0,0,1,0,1,0,1,1,0,0,3,2,2,2,无,强袭，丢钱，辱骂,无,一般条件,,,已登场,上杉宪政,大名,首领,上杉家,厩桥城,无,已登场,上杉宪政,浪人,其他,无,直江津之町,无,已登场,上杉宪政,浪人,其他,无,直江津之町,无,已登场,上杉宪政,浪人,其他,无,直江津之町,无,已登场,上杉宪政,浪人,其他,无,直江津之町,无,已死亡,上杉宪政,无效,无效,无,无效,无,已死亡,上杉宪政,无效,无效,无,无效,无,已死亡,上杉宪政,无效,无效,无,无效,无,已登场,上杉宪政,家老,直臣,上泉家,内城,无,
801,547,武田信虎,武田,精确匹配,dead_lord_1_takeda_2,Takeda Nobutora,clan_takeda_1,tosan,精确匹配织丰,,1494,1549,1574,病死,,,,,一条信龙 武田胜赖 武田逍遥轩 武田信玄 武田信繁 武田信丰 仁科盛信,没那个意思,21,21,性急,勇敢,理想,轻率,不重情义,81,武具,普通,普通,源氏,枪,80,74,54,56,32,3,3,0,0,2,2,2,1,0,1,2,0,0,1,0,0,强行突破,强袭，拔突，刚弓，刚力，铁壁，辱骂,无,一般条件,,,已登场,武田信虎,浪人,其他,无,骏府之町,无,已登场,武田信虎,浪人,其他,无,骏府之町,无,已登场,武田信虎,浪人,其他,无,骏府之町,无,已登场,武田信虎,浪人,其他,无,京之町,无,已死亡,武田信虎,无效,无效,无,无效,无,已死亡,武田信虎,无效,无效,无,无效,无,已死亡,武田信虎,无效,无效,无,无效,无,已死亡,武田信虎,无效,无效,无,无效,无,已登场,武田信虎,中忍,直臣,伊贺众,伊贺之里,无,
802,185,大内义隆,大内,需新建,lord_1_oouchi,Ouchi Yoshitaka,,,,,1507,1549,1551,战死,,,,,,没那个意思,20,20,普通,胆小,理想,普通,普通,37,艺术品,普通,普通,其他,刀剑,60,29,77,59,38,2,0,1,2,1,0,1,0,3,0,0,1,4,1,3,1,无,强袭,无,不可,,主角陶晴贤，大宁寺之变,已登场,大内义隆,大名,首领,大内家,山口城,无,已死亡,大内义隆,无效,无效,无,无效,无,已死亡,大内义隆,无效,无效,无,无效,无,已死亡,大内义隆,无效,无效,无,无效,无,已死亡,大内义隆,无效,无效,无,无效,无,已死亡,大内义隆,无效,无效,无,无效,无,已死亡,大内义隆,无效,无效,无,无效,无,已死亡,大内义隆,无效,无效,无,无效,无,已登场,大内义隆,部将,直臣,大久保家,佐贺城,无,
803,238,织田信秀,织田,精确匹配,dead_lord_1_oda_2,Oda Nobuhide,clan_oda_1,kinai,精确匹配织丰,,1510,1549,1551,病死,织田信定,1306,,,织田有乐 织田信胜 织田信雄 织田信包 织田信孝 织田信忠 织田信长 津田信澄 织田信光,没那个意思,0,3,性急,勇敢,理想,轻率,不重情义,87,武具,贪心,普通,平氏,枪,84,79,54,49,55,3,2,2,1,2,2,2,0,2,0,0,2,2,0,0,0,齐攻,强袭，拔突，刚弓，铁壁,无,一般条件,,,已登场,织田信秀,大名,首领,织田家,那古野城,无,已死亡,织田信秀,无效,无效,无,无效,无,已死亡,织田信秀,无效,无效,无,无效,无,已死亡,织田信秀,无效,无效,无,无效,无,已死亡,织田信秀,无效,无效,无,无效,无,已死亡,织田信秀,无效,无效,无,无效,无,已死亡,织田信秀,无效,无效,无,无效,无,已死亡,织田信秀,无效,无效,无,无效,无,已登场,织田信秀,浪人,其他,无,小仓之町,无,
804,813,松平广忠,松平,需新建,lord_1_matsudairagentadashi,Matsudaira Hirotada,,,,,1526,1549,1549,战死,,,,,德川家康 德川信康 德川秀忠 松平忠吉 结城秀康,没那个意思,60,60,性急,胆小,现实,普通,重视情义,38,书籍,无欲,滴酒不沾,源氏,枪,37,29,38,61,42,1,1,0,0,1,0,1,0,1,0,1,1,1,2,0,0,三河武者,拔突，粘花,无,一般条件,,,已登场,松平广忠,大名,首领,松平家,冈崎城,无,已死亡,松平广忠,无效,无效,无,无效,无,已死亡,松平广忠,无效,无效,无,无效,无,已死亡,松平广忠,无效,无效,无,无效,无,已死亡,松平广忠,无效,无效,无,无效,无,已死亡,松平广忠,无效,无效,无,无效,无,已死亡,松平广忠,无效,无效,无,无效,无,已死亡,松平广忠,无效,无效,无,无效,无,已登场,松平广忠,伙计,直臣,饭屋,京之町,无,
805,736,平手政秀,平手,需新建,lord_1_hiratemasahide,Hirate Masahide,,,,,1492,1549,1553,战死,,,,,平手泛秀,只限武将,85,60,温和,普通,普通,慎重,重视情义,23,书籍,无欲,普通,源氏,刀剑,43,41,75,70,68,1,1,0,0,1,1,1,1,1,1,0,1,2,2,0,1,无,强袭，辱骂，大喝,无,一般条件,,,已登场,平手政秀,部将,直臣,织田家,那古野城,无,已死亡,平手政秀,无效,无效,无,无效,无,已死亡,平手政秀,无效,无效,无,无效,无,已死亡,平手政秀,无效,无效,无,无效,无,已死亡,平手政秀,无效,无效,无,无效,无,已死亡,平手政秀,无效,无效,无,无效,无,已死亡,平手政秀,无效,无效,无,无效,无,已死亡,平手政秀,无效,无效,无,无效,无,已登场,平手政秀,浪人,其他,无,赤间关之町,无,
806,335,九鬼净隆,九鬼,姓氏推断,lord_1_kuki,Kuki Kiyotaka,clan_kuki_1,kinai,家族和文化自动推断,,1528,1549,1560,战死,九鬼定隆,1310,,,九鬼广隆 九鬼守隆 九鬼嘉隆,全职种,0,0,普通,勇敢,理想,轻率,普通,75,南蛮物,普通,普通,藤原氏,枪,64,69,23,39,74,2,0,1,3,2,2,2,3,2,0,0,1,0,0,0,0,水上拖延，水上禁行,强袭，拔突，二连苦无，半月，刚弓，铁壁，骤雨,无,无要求,,,已登场,九鬼净隆,头领,首领,熊野水军,鸟羽之砦,无,已登场,九鬼净隆,头领,首领,熊野水军,鸟羽之砦,无,已死亡,九鬼净隆,无效,无效,无,无效,无,已死亡,九鬼净隆,无效,无效,无,无效,无,已死亡,九鬼净隆,无效,无效,无,无效,无,已死亡,九鬼净隆,无效,无效,无,无效,无,已死亡,九鬼净隆,无效,无效,无,无效,无,已死亡,九鬼净隆,无效,无效,无,无效,无,已登场,九鬼净隆,下忍,直臣,户隐众,户隐之里,无,
807,697,畠山秋高,畠山,精确匹配,lord_1_hatakeyama,Hatakeyama Akitaka,clan_hatakeyama_1,kinai,精确匹配织丰,,1537,1549,1573,战死,畠山政国,1317,,,畠山高政,没那个意思,35,35,温和,胆小,现实,轻率,普通,31,艺术品,普通,滴酒不沾,源氏,刀剑,28,19,26,22,38,0,0,0,0,1,0,0,0,1,0,1,0,2,0,2,0,无,强袭,无,无要求,,,已登场,畠山秋高,家老,直臣,畠山家,高屋城,无,已登场,畠山秋高,家老,直臣,畠山家,高屋城,无,已登场,畠山秋高,家老,直臣,畠山家,高屋城,无,已登场,畠山秋高,部将,陪臣（畠山高政）,织田家,高屋城,无,已死亡,畠山秋高,无效,无效,无,无效,无,已死亡,畠山秋高,无效,无效,无,无效,无,已死亡,畠山秋高,无效,无效,无,无效,无,已死亡,畠山秋高,无效,无效,无,无效,无,已登场,畠山秋高,足轻大将,直臣,山中家,江户城,无,
808,9,赤松晴政,赤松,姓氏推断,lord_1_akamatsu_harumasa,Akamatsu Harumasa,clan_akamatsu_1,kinai,家族和文化自动推断,,1513,1549,1556,病死,,,,,赤松义祐,只限武将,58,58,普通,普通,现实,普通,普通,56,书籍,无欲,普通,源氏,刀剑,35,40,19,48,27,2,1,1,0,0,1,1,0,0,0,0,1,1,1,0,0,无,强袭,无,一般条件,,,已登场,赤松晴政,大名,首领,赤松家,置盐城,无,已登场,赤松晴政,大名,首领,赤松家,置盐城,无,已死亡,赤松晴政,无效,无效,无,无效,无,已死亡,赤松晴政,无效,无效,无,无效,无,已死亡,赤松晴政,无效,无效,无,无效,无,已死亡,赤松晴政,无效,无效,无,无效,无,已死亡,赤松晴政,无效,无效,无,无效,无,已死亡,赤松晴政,无效,无效,无,无效,无,已登场,赤松晴政,家老,直臣,赤穴家,中村城,无,
809,483,少贰冬尚,少贰,需新建,lord_1_shoutakashi,Shouni Fuyuhisa,,,,,1527,1549,1559,战死,,,,,,只限武将,12,12,性急,普通,理想,普通,不重情义,78,艺术品,普通,普通,藤原氏,枪,32,48,46,32,46,1,2,1,2,0,1,1,1,0,0,0,1,0,1,0,0,无,拔突，铁壁，伤药,无,一般条件,,,已登场,少贰冬尚,大名,首领,少贰家,岩屋城,无,已登场,少贰冬尚,大名,首领,少贰家,久留米城,无,已死亡,少贰冬尚,无效,无效,无,无效,无,已死亡,少贰冬尚,无效,无效,无,无效,无,已死亡,少贰冬尚,无效,无效,无,无效,无,已死亡,少贰冬尚,无效,无效,无,无效,无,已死亡,少贰冬尚,无效,无效,无,无效,无,已死亡,少贰冬尚,无效,无效,无,无效,无,已登场,少贰冬尚,侍大将,直臣,二阶堂家,金泽城,无,
810,69,有马义贞,有马,精确匹配,lord_1_arima,Arima Yoshisada,clan_arima_1,saikai,精确匹配织丰,,1521,1549,1576,病死,有马晴纯,822,,,有马晴信 大村纯忠 有马晴纯,只限武将,19,25,普通,普通,普通,普通,普通,38,南蛮物,普通,嗜酒如命,藤原氏,刀剑,29,31,37,20,32,0,1,0,0,0,1,0,1,1,0,1,0,1,0,1,0,加护,强袭，连续斩,无,一般条件,,,已登场,有马义贞,家老,直臣,有马家,日野江城,无,已登场,有马义贞,家老,直臣,有马家,日野江城,无,已登场,有马义贞,大名,首领,有马家,日野江城,无,已登场,有马义贞,城主,直臣,龙造寺家,日野江城,无,已登场,有马义贞,城主,直臣,龙造寺家,日野江城,无,已死亡,有马义贞,无效,无效,无,无效,无,已死亡,有马义贞,无效,无效,无,无效,无,已死亡,有马义贞,无效,无效,无,无效,无,已登场,有马义贞,下忍,直臣,风魔众,风魔之里,无,
811,206,大友义鉴,大友,精确匹配,dead_lord_1_otomo_1,Otomo Yoshiaki,clan_otomo_1,saikai,精确匹配织丰,,1502,1549,1550,战死,,,,,大内义长 大友宗麟 大友亲家 大友亲盛 大友义统,没那个意思,65,60,普通,普通,普通,轻率,不重情义,62,南蛮物,贪心,嗜酒如命,藤原氏,刀剑,59,50,74,64,50,2,1,0,2,2,1,2,0,1,0,0,2,2,2,0,0,无,强袭，刚弓,无,一般条件,,主角大友宗麟，二阶崩之变,已登场,大友义鉴,大名,首领,大友家,府内城,无,已死亡,大友义鉴,无效,无效,无,无效,无,已死亡,大友义鉴,无效,无效,无,无效,无,已死亡,大友义鉴,无效,无效,无,无效,无,已死亡,大友义鉴,无效,无效,无,无效,无,已死亡,大友义鉴,无效,无效,无,无效,无,已死亡,大友义鉴,无效,无效,无,无效,无,已死亡,大友义鉴,无效,无效,无,无效,无,已登场,大友义鉴,部将,直臣,大久保家,佐贺城,无,
812,780,本愿寺证如,本愿寺,模糊匹配,lord_1_honganji,Honganji Shounyo,clan_honganji_1,kinai,家族和文化自动推断,,1516,1549,1554,病死,,,,,本愿寺教如 本愿寺显如 本愿寺准如,没那个意思,50,50,温和,普通,普通,慎重,重视情义,65,书籍,无欲,滴酒不沾,藤原氏,枪,51,49,60,65,80,2,0,2,0,0,1,2,0,0,1,2,0,3,3,0,2,无,拔突，刚力,无,一般条件,,,已登场,本愿寺证如,大名,首领,本愿寺,石山本愿寺,无,已死亡,本愿寺证如,无效,无效,无,无效,无,已死亡,本愿寺证如,无效,无效,无,无效,无,已死亡,本愿寺证如,无效,无效,无,无效,无,已死亡,本愿寺证如,无效,无效,无,无效,无,已死亡,本愿寺证如,无效,无效,无,无效,无,已死亡,本愿寺证如,无效,无效,无,无效,无,已死亡,本愿寺证如,无效,无效,无,无效,无,已登场,本愿寺证如,浪人,其他,无,松仓之町,无,
813,526,大宝寺义增,大宝寺,精确匹配,lord_1_daihoji,Daihoji Yoshimasu,clan_daihoji_1,ou,精确匹配织丰,,1522,1549,1581,病死,,,,,大宝寺义氏 大宝寺义兴,全职种,1,0,普通,普通,普通,慎重,重视情义,24,艺术品,无欲,普通,藤原氏,刀剑,19,35,42,33,37,0,1,0,1,1,0,1,0,1,0,0,0,1,0,1,1,无,强袭，连续斩,无,无要求,,,已登场,大宝寺义增,大名,首领,大宝寺家,尾浦城,无,已登场,大宝寺义增,大名,首领,大宝寺家,尾浦城,无,已登场,大宝寺义增,大名,首领,大宝寺家,尾浦城,无,已登场,大宝寺义增,家老,直臣,大宝寺家,尾浦城,无,已登场,大宝寺义增,家老,直臣,大宝寺家,尾浦城,无,已死亡,大宝寺义增,无效,无效,无,无效,无,已死亡,大宝寺义增,无效,无效,无,无效,无,已死亡,大宝寺义增,无效,无效,无,无效,无,已登场,大宝寺义增,部将,直臣,大久保家,佐贺城,无,
814,459,斯波义统,斯波,姓氏推断,lord_1_shiba,Shiba Yoshitomi,clan_shiba_1,ou,家族和文化自动推断,,1513,1549,1554,战死,,,,,斯波义银 毛利秀赖 津川义冬,没那个意思,40,40,温和,胆小,理想,普通,不重情义,67,艺术品,贪心,嗜酒如命,源氏,刀剑,17,12,21,9,30,0,1,0,0,1,0,1,0,0,0,0,0,2,0,0,1,无,强袭,无,无要求,,,已登场,斯波义统,大名,首领,斯波家,清洲城,无,已死亡,斯波义统,无效,无效,无,无效,无,已死亡,斯波义统,无效,无效,无,无效,无,已死亡,斯波义统,无效,无效,无,无效,无,已死亡,斯波义统,无效,无效,无,无效,无,已死亡,斯波义统,无效,无效,无,无效,无,已死亡,斯波义统,无效,无效,无,无效,无,已死亡,斯波义统,无效,无效,无,无效,无,已登场,斯波义统,水夫头,直臣,丰后水军,一尺屋之砦,无,
815,236,织田信友,织田,姓氏推断,lord_1_oda_nobutomo,Oda Nobutomo,clan_oda_1,kinai,家族和文化自动推断,,1516,1549,1555,战死,,,,,,只限武将,60,55,性急,勇敢,现实,普通,不重情义,81,南蛮物,普通,嗜酒如命,平氏,刀剑,20,41,30,58,21,1,1,0,0,1,1,1,0,0,0,0,1,0,1,0,0,无,强袭，刚力,无,无要求,,,已登场,织田信友,家老,直臣,斯波家,清洲城,无,已死亡,织田信友,无效,无效,无,无效,无,已死亡,织田信友,无效,无效,无,无效,无,已死亡,织田信友,无效,无效,无,无效,无,已死亡,织田信友,无效,无效,无,无效,无,已死亡,织田信友,无效,无效,无,无效,无,已死亡,织田信友,无效,无效,无,无效,无,已死亡,织田信友,无效,无效,无,无效,无,已登场,织田信友,浪人,其他,无,直江津之町,无,
816,765,细川氏纲,细川,姓氏推断,lord_1_hosokawa_shi,Hosokawa Shi,clan_hosokawa_1,kinai,家族和文化自动推断,,1519,1549,1563,病死,,,,,,没那个意思,14,13,普通,普通,理想,轻率,不重情义,40,艺术品,贪心,普通,源氏,刀剑,29,19,42,38,52,1,0,0,0,1,0,0,1,0,0,1,1,2,2,1,1,威风凛凛,强袭，连续斩，切落,无,一般条件,,,已登场,细川氏纲,大名,首领,细川家,二条城,无,已登场,细川氏纲,浪人,其他,无,石山之町,无,已登场,细川氏纲,城主,直臣,三好家,芥川城,无,已死亡,细川氏纲,无效,无效,无,无效,无,已死亡,细川氏纲,无效,无效,无,无效,无,已死亡,细川氏纲,无效,无效,无,无效,无,已死亡,细川氏纲,无效,无效,无,无效,无,已死亡,细川氏纲,无效,无效,无,无效,无,已登场,细川氏纲,浪人,其他,无,鹿岛之町,无,
817,950,六角定赖,六角,姓氏推断,lord_1_rokkaku_tei,Rokkaku Tei,clan_rokkaku_1,kinai,家族和文化自动推断,,1495,1549,1552,病死,,,,,六角承祯 六角义治,没那个意思,34,34,温和,普通,现实,慎重,重视情义,52,书籍,无欲,普通,源氏,刀剑,60,47,83,70,71,2,1,2,0,2,2,2,1,3,2,1,3,1,3,1,1,无,强袭，拔突，刚弓，铁壁，丢钱,无,一般条件,,,已登场,六角定赖,大名,首领,六角家,观音寺城,无,已死亡,六角定赖,无效,无效,无,无效,无,已死亡,六角定赖,无效,无效,无,无效,无,已死亡,六角定赖,无效,无效,无,无效,无,已死亡,六角定赖,无效,无效,无,无效,无,已死亡,六角定赖,无效,无效,无,无效,无,已死亡,六角定赖,无效,无效,无,无效,无,已死亡,六角定赖,无效,无效,无,无效,无,已登场,六角定赖,家老,直臣,六角家,大坂城,无,
818,464,岛津胜久,岛津,姓氏推断,lord_1_shimazu,Shimazu Katsuhisa,clan_shimazu_1,saikai,家族和文化自动推断,,1503,1549,1573,病死,,,,,,没那个意思,32,32,温和,胆小,普通,轻率,不重情义,17,南蛮物,普通,滴酒不沾,源氏,刀剑,27,30,35,40,32,0,1,1,0,0,1,1,0,0,0,0,0,1,0,0,0,无,强袭，连续斩，切落，刚力,无,一般条件,,,已登场,岛津胜久,浪人,其他,无,鹿儿岛之町,无,已登场,岛津胜久,浪人,其他,无,府内之町,无,已登场,岛津胜久,浪人,其他,无,油津之町,无,已登场,岛津胜久,浪人,其他,无,油津之町,无,已死亡,岛津胜久,无效,无效,无,无效,无,已死亡,岛津胜久,无效,无效,无,无效,无,已死亡,岛津胜久,无效,无效,无,无效,无,已死亡,岛津胜久,无效,无效,无,无效,无,已登场,岛津胜久,水夫头,直臣,村上水军,三岛之砦,无,
819,601,筒井顺昭,筒井,精确匹配,dead_lord_1_tsutsui_4,Tsutsui Junsho,clan_tsutsui_1,kinai,精确匹配织丰,,1523,1549,1550,病死,,,,,筒井定次 筒井顺庆,只限武将,2,2,普通,普通,普通,普通,普通,74,书籍,普通,普通,藤原氏,刀剑,58,59,44,61,52,2,2,1,0,1,2,2,0,0,0,0,0,1,2,0,1,无,强袭，拔突，铁壁,无,无要求,,,已登场,筒井顺昭,大名,首领,筒井家,大和郡山城,无,已死亡,筒井顺昭,无效,无效,无,无效,无,已死亡,筒井顺昭,无效,无效,无,无效,无,已死亡,筒井顺昭,无效,无效,无,无效,无,已死亡,筒井顺昭,无效,无效,无,无效,无,已死亡,筒井顺昭,无效,无效,无,无效,无,已死亡,筒井顺昭,无效,无效,无,无效,无,已死亡,筒井顺昭,无效,无效,无,无效,无,已登场,筒井顺昭,浪人,其他,无,今治之町,无,
820,677,二阶堂盛义,二阶堂,精确匹配,lord_1_nikaido,Nikaido Moriyoshi,clan_nikaido_1,ou,精确匹配织丰,,1532,1549,1581,病死,,,,,芦名盛隆,只限武将,12,15,性急,勇敢,理想,轻率,不重情义,67,武具,贪心,普通,藤原氏,刀剑,54,40,37,72,46,2,1,0,0,1,1,0,1,0,0,0,2,0,3,0,1,无,强袭，辱骂，大喝,无,一般条件,,,已登场,二阶堂盛义,城主,直臣,芦名家,须贺川城,无,已登场,二阶堂盛义,城主,直臣,芦名家,须贺川城,无,已登场,二阶堂盛义,城主,直臣,芦名家,须贺川城,无,已登场,二阶堂盛义,城主,直臣,芦名家,须贺川城,无,已登场,二阶堂盛义,城主,直臣,芦名家,须贺川城,无,已死亡,二阶堂盛义,无效,无效,无,无效,无,已死亡,二阶堂盛义,无效,无效,无,无效,无,已死亡,二阶堂盛义,无效,无效,无,无效,无,已登场,二阶堂盛义,大名,首领,二阶堂家,金泽城,无,
821,110,一宫随波斋,一宫随,需新建,lord_1_ichinami,Ichinomiya Zuibasai,,,,,1512,1549,1572,病死,,,,,,没那个意思,86,86,温和,勇敢,现实,慎重,重视情义,31,书籍,无欲,滴酒不沾,源氏,弓,64,87,45,73,71,2,2,0,0,4,3,3,0,1,0,0,0,0,2,0,4,无,强袭，连续斩，拔突，刚弓，神弓，天弓，刚力，铁壁，心眼，伤药，止血,无,一般条件,,,已登场,一宫随波斋,部将,直臣,足利家,朽木谷城,随波斋流,已登场,一宫随波斋,部将,直臣,足利家,朽木谷城,随波斋流,已登场,一宫随波斋,足轻大将,直臣,足利家,二条城,随波斋流,已登场,一宫随波斋,部将,直臣,今川家,曳马城,随波斋流,已死亡,一宫随波斋,无效,无效,无,无效,无,已死亡,一宫随波斋,无效,无效,无,无效,无,已死亡,一宫随波斋,无效,无效,无,无效,无,已死亡,一宫随波斋,无效,无效,无,无效,无,已登场,一宫随波斋,大名,首领,一宫家,春日山城,随波斋流,
822,67,有马晴纯,有马,姓氏推断,lord_1_arima_sei,Arima Sei,clan_arima_1,saikai,家族和文化自动推断,,1483,1549,1566,病死,,,,,有马晴信 大村纯忠 有马义贞,只限武将,16,16,普通,普通,普通,普通,普通,75,南蛮物,普通,普通,藤原氏,刀剑,79,57,82,77,68,2,2,2,2,1,2,3,1,0,2,1,2,0,2,0,1,无,强袭，连续斩，拔突，铁壁,无,一般条件,,,已登场,有马晴纯,大名,首领,有马家,日野江城,无,已登场,有马晴纯,大名,首领,有马家,日野江城,无,已登场,有马晴纯,家老,直臣,有马家,日野江城,无,已死亡,有马晴纯,无效,无效,无,无效,无,已死亡,有马晴纯,无效,无效,无,无效,无,已死亡,有马晴纯,无效,无效,无,无效,无,已死亡,有马晴纯,无效,无效,无,无效,无,已死亡,有马晴纯,无效,无效,无,无效,无,已登场,有马晴纯,中忍,直臣,风魔众,风魔之里,无,
823,408,相良晴广,相良,精确匹配,dead_lord_1_sagara_1,Sagara Haruhiro,clan_sagara_1,saikai,精确匹配织丰,,1513,1549,1555,病死,,,,,相良义阳 相良赖房,只限武将,60,60,普通,普通,普通,普通,普通,56,书籍,普通,普通,藤原氏,刀剑,49,53,78,60,50,1,0,1,0,1,1,1,0,0,0,0,2,2,3,1,0,无,强袭,无,一般条件,,,已登场,相良晴广,大名,首领,相良家,人吉城,无,已登场,相良晴广,大名,首领,相良家,人吉城,无,已死亡,相良晴广,无效,无效,无,无效,无,已死亡,相良晴广,无效,无效,无,无效,无,已死亡,相良晴广,无效,无效,无,无效,无,已死亡,相良晴广,无效,无效,无,无效,无,已死亡,相良晴广,无效,无效,无,无效,无,已死亡,相良晴广,无效,无效,无,无效,无,已登场,相良晴广,浪人,其他,无,仙台之町,无,
824,860,村上吉充,村上,姓氏推断,lord_1_murakami_yoshimitsu,Murakami Yoshimitsu,clan_murakami_2,hokuriku,家族和文化自动推断,,1530,1549,1608,病死,,,,,,武将以外优先,25,25,性急,勇敢,普通,普通,普通,24,南蛮物,普通,普通,源氏,火绳枪,60,67,16,44,48,2,0,2,3,0,2,1,2,2,0,0,0,0,0,0,0,水上拖延，水上禁行,强袭，拔突，二连苦无，急所击，铁壁,无,无要求,,,已登场,村上吉充,船头,直臣,村上水军,三岛之砦,无,已登场,村上吉充,船头,直臣,村上水军,三岛之砦,无,已登场,村上吉充,船头,直臣,村上水军,三岛之砦,无,已登场,村上吉充,船头,直臣,村上水军,三岛之砦,无,已登场,村上吉充,船头,直臣,村上水军,三岛之砦,无,已登场,村上吉充,船头,直臣,村上水军,三岛之砦,无,已登场,村上吉充,船头,直臣,村上水军,三岛之砦,无,已登场,村上吉充,船头,直臣,村上水军,三岛之砦,无,已登场,村上吉充,侍大将,直臣,上泉家,内城,无,
825,139,岩间小熊,岩间,需新建,lord_1_iwakuma,Iwama Oguma,,,,,1555,1569,1605,战死,,,,,,全职种,30,30,温和,普通,理想,普通,重视情义,40,武具,无欲,普通,其他,刀剑,14,86,21,30,32,1,0,0,0,0,4,3,0,0,0,0,1,0,0,1,1,无,强袭，连续斩，八神太刀，一之太刀，拔突，神妙剑，当身，刚力，金刚力，铁壁，气声，辱骂，大喝，炯眼，罗刹,无,无要求,,,未登场,岩间小熊,浪人,其他,无,木更津之町,一羽流,未登场,岩间小熊,浪人,其他,无,木更津之町,一羽流,未登场,岩间小熊,浪人,其他,无,鹿岛之町,一羽流,已登场,岩间小熊,浪人,其他,无,鹿岛之町,一羽流,已登场,岩间小熊,师范代,其他,无,鹿岛之町,一羽流,已登场,岩间小熊,师范代,其他,无,鹿岛之町,一羽流,已登场,岩间小熊,师范代,其他,无,鹿岛之町,一羽流,已登场,岩间小熊,师范,其他,无,江户之町,一羽流,已登场,岩间小熊,上忍,直臣,钵屋众,钵屋之里,一羽流,
826,268,梶原政景,梶原,需新建,lord_1_kajiwaramasakage,Ganshoji Masakage,,,,,1549,1560,1619,病死,太田三乐斋,164,,,太田氏资 太田三乐斋,全职种,2,2,普通,普通,普通,慎重,普通,52,书籍,普通,普通,平氏,刀剑,47,39,33,44,40,1,1,1,1,2,1,1,0,0,0,0,1,0,0,1,1,无,强袭，刚弓,无,无要求,,,未登场,梶原政景,足轻大将,直臣,太田家,岩槻城,无,未登场,梶原政景,部将,直臣,太田家,岩槻城,无,已登场,梶原政景,足轻组头,直臣,太田家,岩槻城,无,已登场,梶原政景,足轻大将,陪臣（太田三乐斋）,佐竹家,小田城,无,已登场,梶原政景,部将,直臣,佐竹家,太田城,无,已登场,梶原政景,部将,直臣,佐竹家,太田城,无,已登场,梶原政景,部将,直臣,佐竹家,水户城,无,已登场,梶原政景,家老,直臣,佐竹家,水户城,无,已登场,梶原政景,浪人,其他,无,安土之町,无,
827,815,松永长赖,松永,姓氏推断,lord_1_matsunaga,Matsunaga Nagayori,clan_matsunaga_1,nankai,家族和文化自动推断,,1517,1549,1565,战死,松永久秀父,1327,,,内藤如安 松永久秀 松永久通,只限武将,44,44,普通,勇敢,普通,轻率,普通,78,武具,普通,嗜酒如命,其他,刀剑,87,75,47,56,29,3,3,2,2,2,2,3,2,2,0,0,0,2,2,1,0,无,强袭，连续斩，拔突，二连苦无，刚弓，铁壁,无,一般条件,,,已登场,松永长赖,城主,直臣,细川家,丹波龟山城,无,已登场,松永长赖,城主,直臣,三好家,丹波龟山城,无,已登场,松永长赖,部将,陪臣（松永久秀）,三好家,信贵山城,无,已死亡,松永长赖,无效,无效,无,无效,无,已死亡,松永长赖,无效,无效,无,无效,无,已死亡,松永长赖,无效,无效,无,无效,无,已死亡,松永长赖,无效,无效,无,无效,无,已死亡,松永长赖,无效,无效,无,无效,无,已登场,松永长赖,伙计,直臣,油屋,油津之町,无,
828,866,毛利秀元,毛利,姓氏推断,lord_1_mori_hidemoto,Mori Hidemoto,clan_mori_1,sanyo,家族和文化自动推断,,1579,1593,1650,病死,穗井田元清,622,毛利元就,722,吉川广家 吉川元长 吉川元春 小早川隆景 小早川秀包 繁泽元氏 二宫就辰 穗井田元清 毛利隆元 毛利辉元 毛利元就,只限武将,35,35,温和,胆小,现实,轻率,重视情义,42,书籍,普通,普通,其他,刀剑,50,44,47,37,61,1,1,1,1,0,2,2,0,1,1,1,0,1,1,2,0,百万一心,强袭，拔突，刚力，铁壁,无,无要求,,,未登场,毛利秀元,足轻大将,陪臣（穗井田元清）,毛利家,吉田郡山城,无,未登场,毛利秀元,足轻组头,陪臣（穗井田元清）,毛利家,吉田郡山城,无,未登场,毛利秀元,家老,直臣,毛利家,吉田郡山城,无,未登场,毛利秀元,家老,直臣,毛利家,吉田郡山城,无,未登场,毛利秀元,家老,直臣,毛利家,吉田郡山城,无,未登场,毛利秀元,家老,直臣,毛利家,吉田郡山城,无,未登场,毛利秀元,家老,直臣,毛利家,吉田郡山城,无,已登场,毛利秀元,家老,直臣,毛利家,广岛城,无,已登场,毛利秀元,浪人,其他,无,出石之町,无,
829,211,大谷休泊,大谷,需新建,lord_1_ootanikyuuhaku,Otsuki Kyūhaku,,,,,1521,1549,1578,病死,,,,,,全职种,99,0,温和,普通,理想,慎重,重视情义,11,书籍,无欲,滴酒不沾,藤原氏,枪,34,24,89,61,78,0,1,0,0,0,2,1,1,0,4,3,3,2,2,0,3,土龙攻,强袭，拔突，铁壁，伤药，丢钱,能吏,无要求,,,已登场,大谷休泊,侍大将,直臣,上杉家,厩桥城,无,已登场,大谷休泊,浪人,其他,无,厩桥之町,无,已登场,大谷休泊,浪人,其他,无,厩桥之町,无,已登场,大谷休泊,浪人,其他,无,厩桥之町,无,已登场,大谷休泊,浪人,其他,无,厩桥之町,无,已死亡,大谷休泊,无效,无效,无,无效,无,已死亡,大谷休泊,无效,无效,无,无效,无,已死亡,大谷休泊,无效,无效,无,无效,无,已登场,大谷休泊,部将,直臣,大久保家,佐贺城,无,
830,921,游佐信教,游佐,姓氏推断,lord_1_yusa_shinkyou,Yusa Shinkyou,clan_yusa_1,kinai,家族和文化自动推断,,1525,1549,1572,战死,,,,,,只限武将,70,70,性急,勇敢,普通,轻率,不重情义,83,艺术品,贪心,普通,藤原氏,枪,44,51,30,67,16,1,1,1,0,0,1,2,1,0,0,0,0,0,2,2,0,无,拔突，粘花,无,一般条件,,,已登场,游佐信教,侍大将,直臣,畠山家,高屋城,无,已登场,游佐信教,家老,直臣,畠山家,高屋城,无,已登场,游佐信教,家老,直臣,畠山家,高屋城,无,已登场,游佐信教,部将,陪臣（畠山高政）,织田家,高屋城,无,已死亡,游佐信教,无效,无效,无,无效,无,已死亡,游佐信教,无效,无效,无,无效,无,已死亡,游佐信教,无效,无效,无,无效,无,已死亡,游佐信教,无效,无效,无,无效,无,已登场,游佐信教,浪人,其他,无,直江津之町,无,
831,539,田北绍铁,田北,需新建,lord_1_takita,Takakita Shotetsu,,,,,1529,1549,1580,战死,田北亲员,1319,,,田北镇周,只限武将,43,43,性急,勇敢,普通,轻率,不重情义,67,南蛮物,普通,普通,藤原氏,刀剑,57,60,28,48,30,1,2,2,1,2,2,1,1,0,0,0,0,1,0,0,1,齐攻,强袭，拔突，刚弓，铁壁,无,一般条件,,,已登场,田北绍铁,部将,直臣,大友家,府内城,无,已登场,田北绍铁,家老,直臣,大友家,府内城,无,已登场,田北绍铁,侍大将,直臣,大友家,府内城,无,已登场,田北绍铁,部将,直臣,大友家,府内城,无,已登场,田北绍铁,部将,直臣,大友家,府内城,无,已死亡,田北绍铁,无效,无效,无,无效,无,已死亡,田北绍铁,无效,无效,无,无效,无,已死亡,田北绍铁,无效,无效,无,无效,无,已登场,田北绍铁,足轻大将,直臣,北家,松前城,无,
832,949,冷泉隆丰,冷泉,需新建,lord_1_reisentakashi,Reizei Takahiro,,,,,1513,1549,1551,战死,,,,,,只限武将,20,20,性急,勇敢,现实,普通,重视情义,21,书籍,普通,普通,藤原氏,刀剑,61,71,54,44,76,1,1,1,2,1,2,2,0,0,0,0,0,3,2,2,1,无,强袭，拔突，铁壁,无,一般条件,,,已登场,冷泉隆丰,侍大将,直臣,大内家,山口城,无,已死亡,冷泉隆丰,无效,无效,无,无效,无,已死亡,冷泉隆丰,无效,无效,无,无效,无,已死亡,冷泉隆丰,无效,无效,无,无效,无,已死亡,冷泉隆丰,无效,无效,无,无效,无,已死亡,冷泉隆丰,无效,无效,无,无效,无,已死亡,冷泉隆丰,无效,无效,无,无效,无,已死亡,冷泉隆丰,无效,无效,无,无效,无,已登场,冷泉隆丰,浪人,其他,无,尾道之町,无,
833,407,相良武任,相良,姓氏推断,lord_1_sagara_takeshinin,Sagara Takeshinin,clan_sagara_1,saikai,家族和文化自动推断,,1507,1549,1551,战死,,,,,,只限武将,20,20,普通,普通,现实,普通,重视情义,50,书籍,无欲,普通,藤原氏,刀剑,14,16,71,77,68,0,0,0,0,0,0,0,0,2,3,3,3,2,2,1,2,无,强袭，连续斩，丢钱,无,一般条件,,,已登场,相良武任,部将,直臣,大内家,山口城,无,已死亡,相良武任,无效,无效,无,无效,无,已死亡,相良武任,无效,无效,无,无效,无,已死亡,相良武任,无效,无效,无,无效,无,已死亡,相良武任,无效,无效,无,无效,无,已死亡,相良武任,无效,无效,无,无效,无,已死亡,相良武任,无效,无效,无,无效,无,已死亡,相良武任,无效,无效,无,无效,无,已登场,相良武任,浪人,其他,无,甲府之町,无,
834,77,饭田兴秀,饭田,需新建,lord_1_unknown_hero,Iida Okihide,,,,,1492,1549,1557,病死,,,,,,全职种,70,70,普通,普通,普通,普通,普通,40,艺术品,贪心,普通,源氏,刀剑,31,78,54,47,56,1,0,0,0,3,0,0,0,2,1,1,0,1,1,0,0,无,强袭，刚弓,无,无要求,,,已登场,饭田兴秀,部将,直臣,大内家,山口城,无,已登场,饭田兴秀,部将,直臣,大内家,山口城,无,已死亡,饭田兴秀,无效,无效,无,无效,无,已死亡,饭田兴秀,无效,无效,无,无效,无,已死亡,饭田兴秀,无效,无效,无,无效,无,已死亡,饭田兴秀,无效,无效,无,无效,无,已死亡,饭田兴秀,无效,无效,无,无效,无,已死亡,饭田兴秀,无效,无效,无,无效,无,已登场,饭田兴秀,浪人,其他,无,博多之町,无,
835,367,儿玉就方,儿玉,需新建,lord_1_nintamanarikata,Kodama Narikata,,,,,1513,1549,1586,病死,儿玉元实,1339,,,儿玉就英,全职种,30,30,性急,勇敢,普通,普通,普通,49,武具,普通,嗜酒如命,藤原氏,刀剑,68,60,23,50,55,1,1,2,4,2,1,2,1,1,0,0,1,0,0,0,1,无,强袭，刚弓,无,无要求,,,已登场,儿玉就方,侍大将,直臣,毛利家,吉田郡山城,无,已登场,儿玉就方,部将,直臣,毛利家,吉田郡山城,无,已登场,儿玉就方,侍大将,直臣,毛利家,吉田郡山城,无,已登场,儿玉就方,部将,陪臣（小早川隆景）,毛利家,三原城,无,已登场,儿玉就方,部将,陪臣（小早川隆景）,毛利家,三原城,无,已登场,儿玉就方,部将,陪臣（小早川隆景）,毛利家,三原城,无,已登场,儿玉就方,部将,陪臣（小早川隆景）,毛利家,三原城,无,已死亡,儿玉就方,无效,无效,无,无效,无,已登场,儿玉就方,浪人,其他,无,出石之町,无,
836,484,白井贤胤,白井,需新建,lord_1_shirai,Shirai Katahide,,,,,1509,1549,1589,病死,,,,,,全职种,25,27,性急,勇敢,普通,普通,普通,42,南蛮物,贪心,普通,其他,刀剑,60,54,20,31,38,2,0,1,3,2,1,2,1,1,0,0,1,0,0,0,0,无,强袭，刚弓，刚力,无,无要求,,,已登场,白井贤胤,部将,直臣,大内家,山口城,无,已登场,白井贤胤,部将,直臣,大内家,山口城,无,已登场,白井贤胤,侍大将,直臣,毛利家,吉田郡山城,无,已登场,白井贤胤,部将,陪臣（小早川隆景）,毛利家,三原城,无,已登场,白井贤胤,部将,陪臣（小早川隆景）,毛利家,三原城,无,已死亡,白井贤胤,无效,无效,无,无效,无,已死亡,白井贤胤,无效,无效,无,无效,无,已死亡,白井贤胤,无效,无效,无,无效,无,已登场,白井贤胤,家老,直臣,白石家,白地城,无,
837,239,织田信光,织田,姓氏推断,lord_1_oda_nobumitsu,Oda Nobumitsu,clan_oda_1,kinai,家族和文化自动推断,,1516,1549,1555,战死,织田信定,1306,,,织田有乐 织田信胜 织田信包 织田信长 织田信秀,只限武将,85,75,性急,勇敢,现实,普通,不重情义,55,武具,贪心,嗜酒如命,平氏,枪,51,60,56,63,37,2,1,1,0,2,2,2,0,0,0,1,0,0,1,1,0,无,强袭，拔突，刚弓，铁壁,无,一般条件,,,已登场,织田信光,城主,直臣,织田家,小牧山城,无,已登场,织田信光,家老,直臣,织田家,清洲城,无,已死亡,织田信光,无效,无效,无,无效,无,已死亡,织田信光,无效,无效,无,无效,无,已死亡,织田信光,无效,无效,无,无效,无,已死亡,织田信光,无效,无效,无,无效,无,已死亡,织田信光,无效,无效,无,无效,无,已死亡,织田信光,无效,无效,无,无效,无,已登场,织田信光,浪人,其他,无,骏府之町,无,
838,253,小山田信有,小山田,模糊匹配,lord_1_oyamada,Oyamada Nobuari,clan_oyamada_1,tosan,家族和文化自动推断,,1519,1549,1552,战死,,,,,,只限武将,80,80,普通,普通,普通,普通,普通,44,武具,普通,普通,平氏,枪,52,59,36,34,40,1,2,0,0,1,1,1,0,0,0,1,0,0,0,0,0,无,拔突，粘花,无,无要求,,,已登场,小山田信有,家老,直臣,武田家,踯躅崎馆,无,已死亡,小山田信有,无效,无效,无,无效,无,已死亡,小山田信有,无效,无效,无,无效,无,已死亡,小山田信有,无效,无效,无,无效,无,已死亡,小山田信有,无效,无效,无,无效,无,已死亡,小山田信有,无效,无效,无,无效,无,已死亡,小山田信有,无效,无效,无,无效,无,已死亡,小山田信有,无效,无效,无,无效,无,已登场,小山田信有,家老,直臣,小笠原家,小仓城,无,
839,56,尼子国久,尼子,姓氏推断,lord_1_amago_kunihisa,Amago Kunihisa,clan_amago_1,sanyo,家族和文化自动推断,,1492,1549,1554,战死,尼子经久,1340,,,尼子胜久 尼子晴久 尼子诚久,只限武将,8,8,性急,勇敢,现实,轻率,普通,77,武具,普通,嗜酒如命,源氏,枪,76,72,27,22,40,2,3,0,2,2,3,2,2,0,0,1,0,0,0,0,0,齐攻,强袭，连续斩，拔突，二连苦无，刚弓，刚力，铁壁,策士,一般条件,,,已登场,尼子国久,城主,直臣,尼子家,白鹿城,无,已死亡,尼子国久,无效,无效,无,无效,无,已死亡,尼子国久,无效,无效,无,无效,无,已死亡,尼子国久,无效,无效,无,无效,无,已死亡,尼子国久,无效,无效,无,无效,无,已死亡,尼子国久,无效,无效,无,无效,无,已死亡,尼子国久,无效,无效,无,无效,无,已死亡,尼子国久,无效,无效,无,无效,无,已登场,尼子国久,浪人,其他,无,严岛之町,无,
840,57,尼子诚久,尼子,精确匹配,dead_lord_1_amago_1,Amago Sanehisa,clan_amago_1,sanyo,精确匹配织丰,,1520,1549,1554,战死,尼子国久,839,尼子经久,###,尼子胜久 尼子晴久 尼子国久,只限武将,8,8,性急,勇敢,现实,轻率,普通,72,武具,普通,嗜酒如命,源氏,枪,70,77,9,19,36,3,2,0,2,2,3,2,1,0,0,0,1,0,0,0,0,刺杀,强袭，连续斩，拔突，刚弓，刚力，铁壁,无,无要求,,,已登场,尼子诚久,部将,陪臣（尼子国久）,尼子家,白鹿城,无,已死亡,尼子诚久,无效,无效,无,无效,无,已死亡,尼子诚久,无效,无效,无,无效,无,已死亡,尼子诚久,无效,无效,无,无效,无,已死亡,尼子诚久,无效,无效,无,无效,无,已死亡,尼子诚久,无效,无效,无,无效,无,已死亡,尼子诚久,无效,无效,无,无效,无,已死亡,尼子诚久,无效,无效,无,无效,无,已登场,尼子诚久,浪人,其他,无,会津之町,无,
841,400,坂井大膳,坂井,需新建,lord_1_sakaidaizen,Sakai Daizen,,,,,1508,1549,1559,病死,,,,,,只限武将,60,50,普通,勇敢,普通,轻率,不重情义,66,艺术品,贪心,嗜酒如命,其他,刀剑,27,39,54,60,23,1,0,0,0,0,0,2,0,0,0,0,0,1,1,1,1,无,强袭，连续斩,无,无要求,,,已登场,坂井大膳,部将,直臣,斯波家,清洲城,无,已登场,坂井大膳,浪人,其他,无,冈崎之町,无,已死亡,坂井大膳,无效,无效,无,无效,无,已死亡,坂井大膳,无效,无效,无,无效,无,已死亡,坂井大膳,无效,无效,无,无效,无,已死亡,坂井大膳,无效,无效,无,无效,无,已死亡,坂井大膳,无效,无效,无,无效,无,已死亡,坂井大膳,无效,无效,无,无效,无,已登场,坂井大膳,足轻大将,直臣,大久保家,佐贺城,无,
842,751,别所就治,别所,精确匹配,dead_lord_1_bessho_2,Bessho Nariharu,clan_bessho_1,kinai,精确匹配织丰,,1502,1549,1563,病死,,,,,别所长治 别所重栋,只限武将,0,0,普通,勇敢,普通,慎重,重视情义,74,书籍,普通,普通,源氏,刀剑,73,68,48,57,60,2,2,2,1,1,2,2,1,1,0,0,1,0,1,0,0,无,强袭，拔突，铁壁,无,一般条件,,,已登场,别所就治,城主,直臣,赤松家,三木城,无,已登场,别所就治,城主,直臣,赤松家,三木城,无,已登场,别所就治,城主,直臣,赤松家,三木城,无,已死亡,别所就治,无效,无效,无,无效,无,已死亡,别所就治,无效,无效,无,无效,无,已死亡,别所就治,无效,无效,无,无效,无,已死亡,别所就治,无效,无效,无,无效,无,已死亡,别所就治,无效,无效,无,无效,无,已登场,别所就治,浪人,其他,无,大坂之町,无,
843,447,志道广良,志道,需新建,lord_1_shijigenryou,Shido Hiroyoshi,,,,,1467,1549,1557,病死,志道元良,1346,,,口羽通良,全职种,0,0,温和,普通,现实,普通,重视情义,48,书籍,普通,嗜酒如命,其他,刀剑,38,31,80,79,66,1,1,1,0,0,0,1,0,0,2,3,2,2,3,1,2,水上拖延，水上禁行,强袭,无,无要求,,,已登场,志道广良,家老,直臣,毛利家,吉田郡山城,无,已登场,志道广良,家老,直臣,毛利家,吉田郡山城,无,已死亡,志道广良,无效,无效,无,无效,无,已死亡,志道广良,无效,无效,无,无效,无,已死亡,志道广良,无效,无效,无,无效,无,已死亡,志道广良,无效,无效,无,无效,无,已死亡,志道广良,无效,无效,无,无效,无,已死亡,志道广良,无效,无效,无,无效,无,已登场,志道广良,浪人,其他,无,木更津之町,无,
844,665,锅岛清房,锅岛,精确匹配,lord_1_nabeshima,Nabeshima Kiyofusa,clan_nabeshima_1,saikai,精确匹配织丰,,1512,1549,1561,病死,,,,,锅岛胜茂 锅岛直茂,只限武将,0,0,普通,勇敢,普通,慎重,重视情义,45,武具,普通,普通,藤原氏,枪,59,62,48,60,55,2,2,1,1,2,2,2,0,0,0,1,1,0,2,0,1,无,强袭，拔突，刚弓，铁壁,无,一般条件,,,已登场,锅岛清房,部将,直臣,龙造寺家,佐嘉城,无,已登场,锅岛清房,家老,直臣,龙造寺家,佐嘉城,无,已登场,锅岛清房,家老,直臣,龙造寺家,佐嘉城,无,已死亡,锅岛清房,无效,无效,无,无效,无,已死亡,锅岛清房,无效,无效,无,无效,无,已死亡,锅岛清房,无效,无效,无,无效,无,已死亡,锅岛清房,无效,无效,无,无效,无,已死亡,锅岛清房,无效,无效,无,无效,无,已登场,锅岛清房,浪人,其他,无,堺之町,无,
845,293,神屋绍策,神屋,需新建,lord_1_kamiya,Kamiya Shousaku,,,,,1523,1549,1565,病死,,,,,神屋宗湛,武将以外优先,0,0,温和,普通,普通,普通,普通,46,艺术品,贪心,普通,其他,枪,7,19,68,67,56,0,0,0,0,0,0,0,1,2,2,3,3,2,3,3,2,无,拔突，丢钱，大宴宾客,无,无要求,,,已登场,神屋绍策,当家,首领,神屋,博多之町,无,已登场,神屋绍策,当家,首领,神屋,博多之町,无,已登场,神屋绍策,当家,首领,神屋,博多之町,无,已死亡,神屋绍策,无效,无效,无,无效,无,已死亡,神屋绍策,无效,无效,无,无效,无,已死亡,神屋绍策,无效,无效,无,无效,无,已死亡,神屋绍策,无效,无效,无,无效,无,已死亡,神屋绍策,无效,无效,无,无效,无,已登场,神屋绍策,浪人,其他,无,博多之町,无,
846,638,内藤兴盛,内藤,姓氏推断,lord_1_naito,Naito Okimori,clan_naito_1,sanyo,家族和文化自动推断,,1484,1549,1554,病死,,,,,,全职种,0,0,温和,普通,普通,普通,普通,64,艺术品,普通,普通,藤原氏,刀剑,30,26,60,54,59,0,1,0,0,0,1,1,0,1,1,1,1,3,2,2,2,无,强袭,无,无要求,,,已登场,内藤兴盛,部将,直臣,大内家,山口城,无,已死亡,内藤兴盛,无效,无效,无,无效,无,已死亡,内藤兴盛,无效,无效,无,无效,无,已死亡,内藤兴盛,无效,无效,无,无效,无,已死亡,内藤兴盛,无效,无效,无,无效,无,已死亡,内藤兴盛,无效,无效,无,无效,无,已死亡,内藤兴盛,无效,无效,无,无效,无,已死亡,内藤兴盛,无效,无效,无,无效,无,已登场,内藤兴盛,浪人,其他,无,今治之町,无,
847,465,岛津实久,岛津,姓氏推断,lord_1_shimazu,Shimazu Sanekisa,clan_shimazu_1,saikai,家族和文化自动推断,,1510,1549,1559,病死,,,,,岛津义虎,只限武将,69,72,性急,普通,现实,轻率,不重情义,82,艺术品,普通,普通,源氏,刀剑,40,39,49,67,46,1,1,1,1,1,1,0,1,1,0,0,1,0,0,1,0,齐攻,强袭，连续斩,无,无要求,,,已登场,岛津实久,城主,直臣,岛津家,出水城,无,已登场,岛津实久,部将,陪臣（岛津义虎）,岛津家,出水城,无,已死亡,岛津实久,无效,无效,无,无效,无,已死亡,岛津实久,无效,无效,无,无效,无,已死亡,岛津实久,无效,无效,无,无效,无,已死亡,岛津实久,无效,无效,无,无效,无,已死亡,岛津实久,无效,无效,无,无效,无,已死亡,岛津实久,无效,无效,无,无效,无,已登场,岛津实久,浪人,其他,无,龟山之町,无,
848,127,井上元兼,井上,需新建,lord_1_inouemotoken,Inoue Motokane,,,,,1501,1549,1550,战死,,,,,,全职种,98,98,性急,普通,普通,轻率,普通,84,艺术品,贪心,嗜酒如命,源氏,刀剑,58,40,29,75,22,1,0,1,0,0,0,2,0,0,0,0,2,2,2,2,0,无,强袭，辱骂,无,一般条件,,,已登场,井上元兼,家老,直臣,毛利家,吉田郡山城,无,已死亡,井上元兼,无效,无效,无,无效,无,已死亡,井上元兼,无效,无效,无,无效,无,已死亡,井上元兼,无效,无效,无,无效,无,已死亡,井上元兼,无效,无效,无,无效,无,已死亡,井上元兼,无效,无效,无,无效,无,已死亡,井上元兼,无效,无效,无,无效,无,已死亡,井上元兼,无效,无效,无,无效,无,已登场,井上元兼,侍大将,直臣,上泉家,内城,无,
849,595,津田宗达,津田,需新建,lord_1_tsudashuu,Tsuda Soutatsu,,,,,1504,1549,1566,病死,,,,,津田宗及,全职种,0,2,普通,普通,普通,轻率,普通,69,艺术品,贪心,嗜酒如命,平氏,枪,36,9,69,70,72,1,0,0,0,0,0,1,0,0,2,2,4,3,3,4,2,无,拔突，丢钱，贿赂，大宴宾客,无,无要求,,,已登场,津田宗达,当家,首领,天王寺屋,堺之町,无,已登场,津田宗达,当家,首领,天王寺屋,堺之町,无,已登场,津田宗达,当家,首领,天王寺屋,堺之町,无,已死亡,津田宗达,无效,无效,无,无效,无,已死亡,津田宗达,无效,无效,无,无效,无,已死亡,津田宗达,无效,无效,无,无效,无,已死亡,津田宗达,无效,无效,无,无效,无,已死亡,津田宗达,无效,无效,无,无效,无,已登场,津田宗达,船头,直臣,盐饱水军,盐饱之砦,无,
850,41,阿苏惟丰,阿苏,姓氏推断,lord_1_aso_tada,Aso Tada,clan_aso_1,saikai,家族和文化自动推断,,1493,1549,1559,病死,,,,,阿苏惟将,全职种,49,49,普通,胆小,理想,普通,普通,69,艺术品,普通,普通,其他,刀剑,44,32,52,60,62,0,1,1,0,0,0,1,0,0,0,0,0,3,2,2,0,无,强袭,无,一般条件,,,已登场,阿苏惟丰,大名,首领,阿苏家,岩尾城,无,已登场,阿苏惟丰,大名,首领,阿苏家,岩尾城,无,已死亡,阿苏惟丰,无效,无效,无,无效,无,已死亡,阿苏惟丰,无效,无效,无,无效,无,已死亡,阿苏惟丰,无效,无效,无,无效,无,已死亡,阿苏惟丰,无效,无效,无,无效,无,已死亡,阿苏惟丰,无效,无效,无,无效,无,已死亡,阿苏惟丰,无效,无效,无,无效,无,已登场,阿苏惟丰,浪人,其他,无,严岛之町,无,
851,593,津田算长,津田,需新建,lord_1_tsudasan,Tsuda Sancho,,,,,1500,1549,1568,病死,,,,,杉之坊照算,武将以外优先,40,40,普通,普通,普通,普通,普通,56,武具,贪心,嗜酒如命,其他,火绳枪,78,82,48,62,29,2,0,4,0,1,3,3,3,2,0,3,2,0,0,0,2,狙击,强袭，连续斩，拔突，二连苦无，半月，急所击，二挺击，石火，乱射，刚力，铁壁，心眼,无,一般条件,,,已登场,津田算长,头目,首领,根来众,根来之里,津田流,已登场,津田算长,头目,首领,根来众,根来之里,津田流,已登场,津田算长,头目,首领,根来众,根来之里,津田流,已死亡,津田算长,无效,无效,无,无效,无,已死亡,津田算长,无效,无效,无,无效,无,已死亡,津田算长,无效,无效,无,无效,无,已死亡,津田算长,无效,无效,无,无效,无,已死亡,津田算长,无效,无效,无,无效,无,已登场,津田算长,船头,直臣,盐饱水军,盐饱之砦,津田流,
852,498,杉重矩,杉,需新建,lord_1_sugijuunori,Sugi Shigenori,,,,,1494,1549,1551,病死,,,,,,只限武将,60,60,普通,普通,普通,普通,普通,49,书籍,普通,普通,其他,刀剑,50,54,56,39,30,1,1,1,2,1,1,1,0,1,1,1,2,0,0,0,1,无,强袭,无,无要求,,,已登场,杉重矩,国主,直臣,大内家,小仓城,无,已死亡,杉重矩,无效,无效,无,无效,无,已死亡,杉重矩,无效,无效,无,无效,无,已死亡,杉重矩,无效,无效,无,无效,无,已死亡,杉重矩,无效,无效,无,无效,无,已死亡,杉重矩,无效,无效,无,无效,无,已死亡,杉重矩,无效,无效,无,无效,无,已死亡,杉重矩,无效,无效,无,无效,无,已登场,杉重矩,浪人,其他,无,博多之町,无,
853,310,城井长房,城井,精确匹配,lord_1_kii_5,Kii Nagafusa,clan_kii_1,saikai,精确匹配织丰,,1506,1549,1588,病死,,,,,城井镇房,只限武将,31,31,普通,普通,普通,普通,重视情义,42,书籍,普通,普通,藤原氏,枪,49,53,50,71,68,2,0,0,0,0,1,2,1,0,0,0,2,1,3,1,0,无,拔突,无,无要求,,,已登场,城井长房,城主,直臣,大内家,城井谷城,无,已登场,城井长房,部将,陪臣（城井镇房）,大友家,城井谷城,无,已登场,城井长房,部将,陪臣（城井镇房）,大友家,城井谷城,无,已登场,城井长房,部将,陪臣（城井镇房）,大友家,城井谷城,无,已登场,城井长房,部将,陪臣（城井镇房）,大友家,城井谷城,无,已登场,城井长房,家老,直臣,城井家,城井谷城,无,已登场,城井长房,家老,直臣,城井家,城井谷城,无,已死亡,城井长房,无效,无效,无,无效,无,已登场,城井长房,浪人,其他,无,津山之町,无,
854,264,葛西晴胤,葛西,姓氏推断,lord_1_kasai_seitane,Kasai Seitane,clan_kasai_1,ou,家族和文化自动推断,,1497,1549,1555,病死,,,,,葛西晴信,只限武将,40,40,普通,勇敢,普通,普通,普通,34,艺术品,普通,嗜酒如命,平氏,枪,42,45,45,51,48,1,1,0,0,1,1,1,0,2,1,0,0,1,1,0,0,无,拔突,无,一般条件,,,已登场,葛西晴胤,大名,首领,葛西家,寺池城,无,已死亡,葛西晴胤,无效,无效,无,无效,无,已死亡,葛西晴胤,无效,无效,无,无效,无,已死亡,葛西晴胤,无效,无效,无,无效,无,已死亡,葛西晴胤,无效,无效,无,无效,无,已死亡,葛西晴胤,无效,无效,无,无效,无,已死亡,葛西晴胤,无效,无效,无,无效,无,已死亡,葛西晴胤,无效,无效,无,无效,无,已登场,葛西晴胤,部将,直臣,西园寺家,山形城,无,
855,176,江上武种,江上,姓氏推断,lord_1_ryuzoji_takeshi,Ryuzoji Takeshi,,saikai,,,1525,1549,1572,病死,,,,,,只限武将,92,92,性急,勇敢,普通,普通,重视情义,53,武具,无欲,普通,其他,刀剑,68,71,22,43,55,2,2,1,1,2,2,2,1,0,0,0,0,0,0,0,0,无,强袭，拔突，刚弓，铁壁,无,一般条件,,,已登场,江上武种,部将,直臣,少贰家,岩屋城,无,已登场,江上武种,部将,直臣,少贰家,久留米城,无,已登场,江上武种,侍大将,直臣,龙造寺家,佐嘉城,无,已登场,江上武种,侍大将,直臣,龙造寺家,佐嘉城,无,已死亡,江上武种,无效,无效,无,无效,无,已死亡,江上武种,无效,无效,无,无效,无,已死亡,江上武种,无效,无效,无,无效,无,已死亡,江上武种,无效,无效,无,无效,无,已登场,江上武种,家老,直臣,上泉家,内城,无,
856,390,佐伯惟教,佐伯,需新建,lord_1_saekikorenori,Saeki Koreyori,,,,,1515,1549,1578,病死,,,,,佐伯惟定,只限武将,80,80,普通,勇敢,普通,普通,普通,48,南蛮物,普通,普通,其他,刀剑,60,51,34,46,48,1,2,1,2,1,2,1,1,1,0,1,0,1,0,1,1,强行突破,强袭，拔突，铁壁,无,无要求,,,已登场,佐伯惟教,城主,直臣,大友家,佐伯城,无,已登场,佐伯惟教,城主,直臣,大友家,佐伯城,无,已登场,佐伯惟教,城主,直臣,大友家,佐伯城,无,已登场,佐伯惟教,城主,直臣,大友家,佐伯城,无,已登场,佐伯惟教,城主,直臣,大友家,佐伯城,无,已死亡,佐伯惟教,无效,无效,无,无效,无,已死亡,佐伯惟教,无效,无效,无,无效,无,已死亡,佐伯惟教,无效,无效,无,无效,无,已登场,佐伯惟教,浪人,其他,无,丸龟之町,无,
857,154,宇久玄雅,宇久,需新建,lord_1_ukugenmasa,Uku Genmasa,,,,,1548,1562,1612,病死,宇久纯定,126,,,宇久纯定 宇久纯玄,全职种,15,15,性急,勇敢,普通,普通,普通,64,南蛮物,贪心,嗜酒如命,源氏,火绳枪,51,55,23,56,60,2,0,2,3,0,3,2,0,2,1,1,0,1,1,0,0,加护,强袭，连续斩，拔突，急所击，刚力，铁壁,无,无要求,,,未登场,宇久玄雅,水夫头,直臣,五岛水军,江川之砦,无,未登场,宇久玄雅,水夫头,直臣,五岛水军,江川之砦,无,未登场,宇久玄雅,水夫,直臣,五岛水军,江川之砦,无,已登场,宇久玄雅,水夫头,直臣,五岛水军,江川之砦,无,已登场,宇久玄雅,船头,直臣,五岛水军,江川之砦,无,已登场,宇久玄雅,船头,直臣,五岛水军,江川之砦,无,已登场,宇久玄雅,船头,直臣,五岛水军,江川之砦,无,已登场,宇久玄雅,头领,首领,五岛水军,江川之砦,无,已登场,宇久玄雅,浪人,其他,无,大凑之町,无,
858,745,二木重高,二木,需新建,lord_1_futatsugijuutaka,Futatsugi Jutaka,,,,,1514,1549,1590,病死,,,,,,只限武将,99,99,性急,胆小,理想,普通,重视情义,33,艺术品,无欲,滴酒不沾,源氏,刀剑,52,40,30,61,60,1,2,0,0,1,1,1,0,0,0,0,0,3,3,0,0,无,强袭,无,无要求,,,已登场,二木重高,部将,直臣,小笠原家,高远城,无,已登场,二木重高,足轻大将,直臣,武田家,踯躅崎馆,无,已登场,二木重高,足轻组头,陪臣（武田信廉）,武田家,高远城,无,已登场,二木重高,足轻大将,陪臣（武田信廉）,武田家,高远城,无,已登场,二木重高,足轻大将,陪臣（仁科盛信）,武田家,高远城,无,已登场,二木重高,足轻大将,陪臣（仁科盛信）,武田家,高远城,无,已登场,二木重高,浪人,其他,无,直江津之町,无,已死亡,二木重高,无效,无效,无,无效,无,已登场,二木重高,家老,直臣,二阶堂家,金泽城,无,
859,529,高田又兵卫,高田,需新建,lord_1_takadamatahei,Takada Matahei,,,,,1583,1597,1671,病死,,,,,,全职种,1,0,性急,勇敢,理想,普通,普通,22,武具,普通,普通,其他,枪,37,92,23,30,70,1,0,1,0,2,4,2,0,0,0,0,0,0,0,0,2,无,强袭，连续斩，拔突，粘花，刚弓，卷枪，飞鸟，引落，当身，柄返，刚力，铁壁，辱骂，大喝,无,一般条件,,,未登场,高田又兵卫,浪人,其他,无,奈良之町,宝藏院流,未登场,高田又兵卫,浪人,其他,无,奈良之町,宝藏院流,未登场,高田又兵卫,浪人,其他,无,奈良之町,无,未登场,高田又兵卫,浪人,其他,无,奈良之町,宝藏院流,未登场,高田又兵卫,浪人,其他,无,奈良之町,宝藏院流,未登场,高田又兵卫,浪人,其他,无,奈良之町,宝藏院流,未登场,高田又兵卫,浪人,其他,无,奈良之町,宝藏院流,已登场,高田又兵卫,浪人,其他,无,奈良之町,高田流,已登场,高田又兵卫,浪人,其他,无,小诸之町,高田流,
860,525,大宝寺义兴,大宝寺,精确匹配,lord_1_daihoji_4,Daihoji Yoshioki,clan_daihoji_1,ou,精确匹配织丰,,1553,1567,1587,战死,大宝寺义增,813,,,大宝寺义氏 大宝寺义增,只限武将,0,0,性急,胆小,现实,慎重,普通,71,书籍,贪心,普通,藤原氏,刀剑,31,38,66,68,52,0,1,0,0,0,0,2,0,1,1,0,1,2,2,1,0,无,强袭,无,一般条件,,,未登场,大宝寺义兴,部将,直臣,大宝寺家,尾浦城,无,未登场,大宝寺义兴,部将,直臣,大宝寺家,尾浦城,无,未登场,大宝寺义兴,部将,直臣,大宝寺家,尾浦城,无,已登场,大宝寺义兴,部将,直臣,大宝寺家,尾浦城,无,已登场,大宝寺义兴,部将,直臣,大宝寺家,尾浦城,无,已登场,大宝寺义兴,部将,直臣,大宝寺家,尾浦城,无,已登场,大宝寺义兴,大名,首领,大宝寺家,尾浦城,无,已死亡,大宝寺义兴,无效,无效,无,无效,无,已登场,大宝寺义兴,家老,直臣,大久保家,佐贺城,无,
861,209,大野治房,大野,需新建,lord_1_oonoharufusa,Oka Harufusa,,,,,1572,1586,1615,战死,大野治长父,1349,,,大野治长,只限武将,20,80,性急,勇敢,现实,轻率,不重情义,46,艺术品,普通,滴酒不沾,其他,刀剑,53,60,43,48,47,1,1,0,0,0,0,1,0,0,0,0,0,3,2,4,0,无,强袭,风雅之士,无要求,,,未登场,大野治房,足轻组头,直臣,织田家,那古野城,无,未登场,大野治房,足轻组头,直臣,织田家,清洲城,无,未登场,大野治房,足轻组头,直臣,织田家,清洲城,无,未登场,大野治房,足轻组头,直臣,织田家,岐阜城,无,未登场,大野治房,足轻组头,直臣,织田家,岐阜城,无,未登场,大野治房,足轻组头,直臣,织田家,安土城,无,未登场,大野治房,足轻组头,直臣,羽柴家,石山本愿寺,无,已登场,大野治房,部将,直臣,丰臣家,大坂城,无,已登场,大野治房,部将,直臣,大久保家,佐贺城,无,
862,492,水原亲宪,水原,需新建,lord_1_mizuhara,Mizuhara Chikayoshi,,,,,1546,1560,1616,病死,,,,,,只限武将,16,15,性急,勇敢,普通,普通,重视情义,65,武具,贪心,普通,平氏,枪,73,72,40,28,42,3,3,1,2,1,2,1,0,0,0,0,0,0,0,2,0,无,强袭，连续斩，拔突，铁壁,无,无要求,,,未登场,水原亲宪,侍大将,直臣,长尾家,春日山城,无,未登场,水原亲宪,侍大将,直臣,长尾家,春日山城,无,已登场,水原亲宪,侍大将,直臣,长尾家,春日山城,无,已登场,水原亲宪,侍大将,直臣,上杉家,春日山城,无,已登场,水原亲宪,侍大将,直臣,上杉家,春日山城,无,已登场,水原亲宪,侍大将,直臣,上杉家,春日山城,无,已登场,水原亲宪,侍大将,直臣,上杉家,春日山城,无,已登场,水原亲宪,侍大将,直臣,上杉家,会津若松城,无,已登场,水原亲宪,船头,直臣,淡路水军,洲本之砦,无,
863,589,津轻信枚,津轻,需新建,lord_1_tsumai,Tsugaru Nobutomo,,,,,1586,1598,1631,病死,津轻为信,488,,,津轻为信,只限武将,16,16,普通,普通,现实,慎重,普通,55,南蛮物,普通,普通,藤原氏,刀剑,59,54,70,66,64,2,2,1,1,0,2,2,0,2,0,1,0,3,2,0,2,无,强袭，拔突，铁壁,无,一般条件,,,未登场,津轻信枚,足轻大将,陪臣（大浦为信）,南部家,大浦城,无,未登场,津轻信枚,足轻大将,陪臣（大浦为信）,南部家,大浦城,无,未登场,津轻信枚,足轻大将,陪臣（大浦为信）,南部家,大浦城,无,未登场,津轻信枚,足轻大将,陪臣（大浦为信）,南部家,大浦城,无,未登场,津轻信枚,足轻大将,陪臣（津轻为信）,南部家,大浦城,无,未登场,津轻信枚,足轻大将,陪臣（津轻为信）,南部家,大浦城,无,未登场,津轻信枚,足轻大将,直臣,津轻家,大浦城,无,已登场,津轻信枚,家老,直臣,津轻家,大浦城,无,已登场,津轻信枚,船头,直臣,盐饱水军,盐饱之砦,无,
864,252,小山田茂诚,小山田,模糊匹配,lord_1_oyamada,Oyamada Shigenao,clan_oyamada_1,tosan,家族和文化自动推断,,1561,1575,1637,病死,,,,,,全职种,55,55,普通,普通,现实,慎重,重视情义,30,武具,普通,嗜酒如命,平氏,刀剑,62,65,46,31,53,2,1,1,1,2,2,1,0,0,0,0,0,0,0,0,0,无,强袭，拔突，刚弓，铁壁,无,无要求,,,未登场,小山田茂诚,足轻组头,直臣,武田家,踯躅崎馆,无,未登场,小山田茂诚,足轻组头,直臣,武田家,踯躅崎馆,无,未登场,小山田茂诚,足轻组头,直臣,武田家,踯躅崎馆,无,未登场,小山田茂诚,足轻组头,直臣,武田家,踯躅崎馆,无,已登场,小山田茂诚,足轻组头,直臣,武田家,踯躅崎馆,无,已登场,小山田茂诚,足轻组头,直臣,武田家,甲府城,无,已登场,小山田茂诚,足轻组头,直臣,北条家,小田原城,无,已登场,小山田茂诚,足轻大将,直臣,真田家,上田城,无,已登场,小山田茂诚,部将,直臣,小笠原家,小仓城,无,
865,624,十时连贞,十时,需新建,lord_1_juu,Toshitoki Renjo,,,,,1556,1570,1644,病死,,,,,,只限武将,84,84,普通,勇敢,理想,普通,重视情义,34,南蛮物,普通,普通,其他,刀剑,63,78,61,59,55,3,3,1,2,1,2,2,0,0,0,0,1,2,2,0,1,无,强袭，拔突，铁壁,无,一般条件,,,未登场,十时连贞,足轻组头,陪臣（户次鉴连）,大友家,府内城,无,未登场,十时连贞,足轻组头,陪臣（户次鉴连）,大友家,府内城,无,未登场,十时连贞,足轻组头,陪臣（户次鉴连）,大友家,府内城,无,未登场,十时连贞,足轻组头,陪臣（户次鉴连）,大友家,府内城,无,已登场,十时连贞,足轻组头,陪臣（立花道雪）,大友家,立花山城,无,已登场,十时连贞,足轻组头,陪臣（立花道雪）,大友家,立花山城,无,已登场,十时连贞,足轻组头,陪臣（立花宗茂）,大友家,立花山城,无,已登场,十时连贞,侍大将,直臣,立花家,柳川城,无,已登场,十时连贞,部将,直臣,十河家,广岛城,无,
866,79,井伊直孝,井伊,姓氏推断,lord_1_ii_naotaka,Ii Naotaka,clan_ii_1,tokai,家族和文化自动推断,,1590,1598,1659,病死,井伊直政,62,,,井伊直政,只限武将,86,86,温和,普通,现实,慎重,普通,40,武具,普通,滴酒不沾,源氏,枪,46,85,58,42,48,2,3,2,1,2,2,2,0,2,1,2,0,0,1,1,0,无,强袭，拔突，粘花，刚弓，卷枪，引落，柄返，铁壁,无,一般条件,,,未登场,井伊直孝,足轻组头,陪臣（松平竹千代）,今川家,冈崎城,无,未登场,井伊直孝,足轻组头,陪臣（松平元康）,今川家,冈崎城,无,未登场,井伊直孝,足轻组头,陪臣（松平元康）,今川家,冈崎城,无,未登场,井伊直孝,足轻组头,直臣,德川家,冈崎城,无,未登场,井伊直孝,足轻组头,陪臣（井伊直政）,德川家,滨松城,无,未登场,井伊直孝,足轻组头,直臣,德川家,滨松城,无,未登场,井伊直孝,足轻组头,直臣,德川家,滨松城,无,已登场,井伊直孝,侍大将,陪臣（井伊直政）,德川家,箕轮城,无,已登场,井伊直孝,浪人,其他,无,严岛之町,无,
867,273,片仓重长,片仓,姓氏推断,lord_1_katakura_juu,Katakura Juu,clan_katakura_1,ou,家族和文化自动推断,,1584,1598,1659,病死,片仓景纲,225,,,片仓景纲,只限武将,62,62,普通,普通,理想,慎重,重视情义,30,武具,普通,普通,藤原氏,刀剑,68,75,59,53,65,2,2,1,0,0,1,1,0,1,1,0,0,0,0,0,0,骑射突击,强袭，连续斩，拔突，金刚力，铁壁,无,无要求,,,未登场,片仓重长,足轻组头,陪臣（片仓景纲）,伊达家,米泽城,无,未登场,片仓重长,足轻组头,陪臣（片仓景纲）,伊达家,米泽城,无,未登场,片仓重长,足轻组头,陪臣（片仓景纲）,伊达家,米泽城,无,未登场,片仓重长,足轻组头,陪臣（片仓景纲）,伊达家,米泽城,无,未登场,片仓重长,足轻组头,陪臣（片仓景纲）,伊达家,米泽城,无,未登场,片仓重长,足轻组头,陪臣（片仓景纲）,伊达家,米泽城,无,未登场,片仓重长,足轻组头,陪臣（片仓景纲）,伊达家,米泽城,无,已登场,片仓重长,足轻组头,陪臣（片仓景纲）,伊达家,仙台城,无,已登场,片仓重长,浪人,其他,无,今治之町,无,
868,669,成田长亲,成田,精确匹配,lord_1_narita_11,Narita Nagachika,clan_narita_1,kanto,精确匹配织丰,,1545,1559,1613,病死,,,成田亲泰,###,成田氏长 成田长忠 成田长泰,只限武将,80,80,普通,胆小,普通,普通,不重情义,65,艺术品,贪心,普通,藤原氏,刀剑,51,33,46,47,52,1,0,0,1,0,0,1,0,0,1,2,2,0,0,0,0,无,强袭,无,无要求,,,未登场,成田长亲,足轻组头,陪臣（成田长泰）,长尾家,忍城,无,未登场,成田长亲,足轻组头,陪臣（成田长泰）,长尾家,忍城,无,已登场,成田长亲,足轻组头,陪臣（成田长泰）,长尾家,忍城,无,已登场,成田长亲,足轻组头,陪臣（成田氏长）,北条家,忍城,无,已登场,成田长亲,足轻组头,陪臣（成田氏长）,北条家,忍城,无,已登场,成田长亲,足轻组头,陪臣（成田氏长）,北条家,忍城,无,已登场,成田长亲,足轻组头,陪臣（成田氏长）,北条家,忍城,无,已登场,成田长亲,浪人,其他,无,清洲之町,无,已登场,成田长亲,浪人,其他,无,长滨之町,无,
869,869,最上家亲,最上,姓氏推断,lord_1_mogami_ie,Mogami Ie,clan_mogami_1,ou,家族和文化自动推断,,1582,1596,1617,病死,最上义光,723,最上义守,725,最上义光 最上义时 最上义守,只限武将,50,99,性急,胆小,普通,普通,不重情义,77,艺术品,贪心,普通,源氏,刀剑,39,53,55,34,53,2,2,1,0,1,1,1,0,0,0,0,0,2,1,1,0,无,强袭，毒斩,无,无要求,,,未登场,最上家亲,部将,陪臣（最上义光）,最上家,山形城,无,未登场,最上家亲,部将,陪臣（最上义光）,最上家,山形城,无,未登场,最上家亲,部将,陪臣（最上义光）,最上家,山形城,无,未登场,最上家亲,部将,陪臣（最上义光）,最上家,山形城,无,未登场,最上家亲,部将,直臣,最上家,山形城,无,未登场,最上家亲,部将,直臣,最上家,山形城,无,未登场,最上家亲,部将,直臣,最上家,山形城,无,已登场,最上家亲,部将,直臣,最上家,山形城,无,已登场,最上家亲,部将,直臣,上泉家,内城,无,
870,146,上田重安,上田,需新建,lord_1_uedashigeyasu,Ueda Shigeyasu,,,,,1563,1577,1650,病死,,,,,,全职种,50,50,温和,胆小,理想,慎重,不重情义,15,书籍,无欲,滴酒不沾,源氏,刀剑,30,36,31,71,70,1,0,0,0,0,0,1,0,2,0,0,0,3,2,4,1,无,强袭,无,一般条件,,,未登场,上田重安,足轻组头,陪臣（丹羽长秀）,织田家,那古野城,无,未登场,上田重安,足轻组头,陪臣（丹羽长秀）,织田家,清洲城,无,未登场,上田重安,足轻组头,陪臣（丹羽长秀）,织田家,清洲城,无,未登场,上田重安,足轻组头,陪臣（丹羽长秀）,织田家,清洲城,无,未登场,上田重安,足轻组头,陪臣（丹羽长秀）,织田家,佐和山城,无,已登场,上田重安,足轻组头,陪臣（丹羽长秀）,织田家,佐和山城,无,已登场,上田重安,足轻组头,直臣,丹羽家,北之庄城,无,已登场,上田重安,足轻组头,直臣,丰臣家,大坂城,无,已登场,上田重安,部将,直臣,上泉家,内城,无,
871,384,小梁川宗朝,小梁川,需新建,lord_1_kobarikawashuuasa,Koyanagawa Muneasa,,,,,1469,1549,1565,病死,,,,,,只限武将,46,46,普通,勇敢,理想,普通,重视情义,23,武具,无欲,普通,藤原氏,枪,49,63,50,58,72,2,3,0,0,1,1,3,0,1,0,0,0,2,2,0,0,无,拔突，粘花,无,一般条件,,,已登场,小梁川宗朝,部将,直臣,伊达家,米泽城,无,已登场,小梁川宗朝,部将,直臣,伊达家,米泽城,无,已登场,小梁川宗朝,部将,直臣,伊达家,米泽城,无,已死亡,小梁川宗朝,无效,无效,无,无效,无,已死亡,小梁川宗朝,无效,无效,无,无效,无,已死亡,小梁川宗朝,无效,无效,无,无效,无,已死亡,小梁川宗朝,无效,无效,无,无效,无,已死亡,小梁川宗朝,无效,无效,无,无效,无,已登场,小梁川宗朝,部将,直臣,小笠原家,小仓城,无,
872,187,大国实赖,大国,需新建,lord_1_taikoku,Okuni Sanetomo,,,,,1562,1576,1622,病死,樋口兼丰,1351,,,直江兼续,全职种,20,15,普通,普通,现实,慎重,重视情义,33,书籍,普通,普通,源氏,刀剑,55,39,71,60,44,1,1,0,0,0,0,1,0,0,0,1,1,2,0,0,0,无,拔突,风雅之士,无要求,,,未登场,大国实赖,足轻组头,陪臣（直江兼续）,长尾家,春日山城,无,未登场,大国实赖,足轻组头,陪臣（直江兼续）,长尾家,春日山城,无,未登场,大国实赖,足轻组头,陪臣（直江兼续）,长尾家,春日山城,无,未登场,大国实赖,足轻组头,陪臣（直江兼续）,上杉家,春日山城,无,未登场,大国实赖,足轻组头,陪臣（直江兼续）,上杉家,春日山城,无,已登场,大国实赖,足轻组头,陪臣（直江兼续）,上杉家,春日山城,无,已登场,大国实赖,足轻组头,陪臣（直江兼续）,上杉家,春日山城,无,已登场,大国实赖,足轻组头,陪臣（直江兼续）,上杉家,米泽城,无,已登场,大国实赖,部将,直臣,大久保家,佐贺城,无,
873,169,梅津政景,梅津,需新建,lord_1_umezumasakage,Umezu Masakage,,,,,1581,1595,1633,病死,,,,,,全职种,20,20,温和,普通,理想,普通,重视情义,22,书籍,无欲,嗜酒如命,其他,枪,38,33,86,50,82,0,0,0,0,0,0,0,0,1,2,3,3,3,2,2,2,土龙攻,拔突，丢钱,能吏,一般条件,,,未登场,梅津政景,足轻组头,直臣,佐竹家,太田城,无,未登场,梅津政景,足轻组头,直臣,佐竹家,太田城,无,未登场,梅津政景,足轻组头,直臣,佐竹家,太田城,无,未登场,梅津政景,足轻组头,直臣,佐竹家,太田城,无,未登场,梅津政景,足轻组头,直臣,佐竹家,太田城,无,未登场,梅津政景,足轻组头,直臣,佐竹家,太田城,无,未登场,梅津政景,足轻组头,直臣,佐竹家,水户城,无,已登场,梅津政景,足轻组头,直臣,佐竹家,水户城,无,已登场,梅津政景,伙计,直臣,豆腐屋,今治之町,无,
874,835,三渊藤英,三渊,需新建,lord_1_mibuchifujihide,Mibuchi Fuji hide,,,,,1530,1549,1574,战死,三渊晴员,1350,,,细川忠兴 细川幽斋,只限武将,15,45,普通,胆小,普通,轻率,不重情义,50,艺术品,普通,嗜酒如命,源氏,刀剑,25,26,69,65,70,0,0,0,1,0,0,1,0,2,2,1,3,3,2,3,0,威风凛凛,拔突，粘花，卷枪，丢钱,风雅之士,无要求,,,已登场,三渊藤英,足轻组头,直臣,足利家,朽木谷城,无,已登场,三渊藤英,足轻组头,直臣,足利家,朽木谷城,无,已登场,三渊藤英,足轻组头,直臣,足利家,二条城,无,已登场,三渊藤英,足轻组头,直臣,足利家,二条城,无,已死亡,三渊藤英,无效,无效,无,无效,无,已死亡,三渊藤英,无效,无效,无,无效,无,已死亡,三渊藤英,无效,无效,无,无效,无,已死亡,三渊藤英,无效,无效,无,无效,无,已登场,三渊藤英,部将,直臣,三刀屋家,骏府城,无,
875,787,本多政重,本多,姓氏推断,lord_1_honda_masashige,Honda Masashige,clan_honda_1,tokai,家族和文化自动推断,,1580,1594,1647,病死,本多正信,656,,,本多正纯 本多正信,全职种,50,15,性急,勇敢,理想,轻率,不重情义,34,武具,普通,普通,藤原氏,枪,36,65,61,49,63,2,1,1,0,1,2,1,1,0,0,1,1,0,0,0,1,车悬,强袭，拔突，粘花，卷枪，引落，柄返，刚力，铁壁，大喝,无,无要求,,,未登场,本多政重,足轻组头,陪臣（松平竹千代）,今川家,冈崎城,无,未登场,本多政重,足轻组头,陪臣（松平元康）,今川家,冈崎城,无,未登场,本多政重,足轻组头,陪臣（松平元康）,今川家,冈崎城,无,未登场,本多政重,足轻组头,直臣,德川家,冈崎城,无,未登场,本多政重,足轻组头,陪臣（本多正信）,德川家,滨松城,无,未登场,本多政重,足轻组头,直臣,德川家,滨松城,无,未登场,本多政重,足轻组头,直臣,德川家,滨松城,无,已登场,本多政重,部将,直臣,德川家,江户城,无,已登场,本多政重,浪人,其他,无,博多之町,无,
876,350,栗山善助,栗山,需新建,lord_1_kuriyamazensuke,Kuriyama Zensuke,,,,,1550,1564,1631,病死,,,,,,全职种,6,6,温和,普通,理想,慎重,重视情义,65,书籍,贪心,嗜酒如命,源氏,刀剑,56,75,48,39,62,2,2,2,0,0,1,2,1,0,2,1,3,2,3,1,1,无,强袭，连续斩，刚力，丢钱,无,一般条件,,,未登场,栗山善助,足轻组头,陪臣（小寺政职）,赤松家,御着城,无,未登场,栗山善助,足轻组头,陪臣（小寺政职）,赤松家,御着城,无,未登场,栗山善助,足轻组头,陪臣（小寺政职）,赤松家,御着城,无,已登场,栗山善助,足轻组头,陪臣（小寺政职）,赤松家,御着城,无,已登场,栗山善助,足轻组头,陪臣（小寺政职）,赤松家,姬路城,无,已登场,栗山善助,足轻组头,陪臣（羽柴秀吉）,织田家,姬路城,无,已登场,栗山善助,足轻组头,陪臣（黑田官兵卫）,羽柴家,石山本愿寺,无,已登场,栗山善助,家老,直臣,黑田家,中津城,无,已登场,栗山善助,部将,直臣,山中家,江户城,无,
877,533,多贺谷政广,多贺谷,姓氏推断,lord_1_tsutsui_tanimatsurigotogen,Tsutsui Tanimatsurigotogen,,kinai,,,1537,1551,1595,病死,,,,,,全职种,20,30,普通,胆小,普通,慎重,普通,55,艺术品,普通,普通,平氏,枪,29,31,63,60,39,1,0,0,0,0,0,2,0,1,3,0,2,2,0,2,0,无,拔突,无,无要求,,,未登场,多贺谷政广,足轻组头,直臣,结城家,结城城,无,已登场,多贺谷政广,足轻组头,直臣,结城家,结城城,无,已登场,多贺谷政广,足轻组头,直臣,结城家,结城城,无,已登场,多贺谷政广,足轻组头,直臣,结城家,结城城,无,已登场,多贺谷政广,足轻组头,直臣,结城家,结城城,无,已登场,多贺谷政广,足轻组头,直臣,结城家,结城城,无,已登场,多贺谷政广,足轻组头,直臣,结城家,结城城,无,已死亡,多贺谷政广,无效,无效,无,无效,无,已登场,多贺谷政广,浪人,其他,无,松仓之町,无,
878,614,土岐为赖,土岐,需新建,lord_1_toki,Toki Tomoyori,,,,,1494,1549,1583,病死,,,,,,全职种,33,35,性急,勇敢,现实,轻率,不重情义,65,武具,普通,嗜酒如命,源氏,枪,54,62,49,70,64,3,3,2,0,2,1,3,0,0,0,0,0,0,2,0,0,无,拔突，刚弓，辱骂，大喝,无,一般条件,,,已登场,土岐为赖,部将,直臣,里见家,久留里城,无,已登场,土岐为赖,部将,直臣,里见家,久留里城,无,已登场,土岐为赖,部将,直臣,里见家,久留里城,无,已登场,土岐为赖,部将,直臣,里见家,久留里城,无,已登场,土岐为赖,部将,直臣,里见家,久留里城,无,已登场,土岐为赖,部将,直臣,里见家,久留里城,无,已死亡,土岐为赖,无效,无效,无,无效,无,已死亡,土岐为赖,无效,无效,无,无效,无,已登场,土岐为赖,浪人,其他,无,滨松之町,无,
879,790,舞兵库,舞,需新建,lord_1_maihei,Mai Hyogo,,,,,1560,1574,1600,战死,,,,,,全职种,15,20,普通,勇敢,普通,普通,重视情义,60,武具,贪心,普通,其他,刀剑,72,80,63,55,44,2,3,2,1,1,2,1,1,0,0,1,0,1,0,1,0,无,强袭，拔突，粘花，卷枪，铁壁，大喝,无,无要求,,,未登场,舞兵库,浪人,其他,无,清洲之町,无,未登场,舞兵库,浪人,其他,无,清洲之町,无,未登场,舞兵库,浪人,其他,无,清洲之町,无,未登场,舞兵库,浪人,其他,无,清洲之町,无,已登场,舞兵库,浪人,其他,无,清洲之町,无,已登场,舞兵库,浪人,其他,无,清洲之町,无,已登场,舞兵库,浪人,其他,无,清洲之町,无,已登场,舞兵库,浪人,其他,无,清洲之町,无,已登场,舞兵库,浪人,其他,无,京之町,无,
880,904,山上道及,山上,需新建,lord_1_yamagamimichikyuu,Yamagami Michiyuki,,,,,1535,1549,1605,病死,,,,,,只限武将,50,50,普通,勇敢,理想,轻率,普通,66,武具,无欲,滴酒不沾,藤原氏,刀剑,68,76,29,62,71,3,2,0,0,2,3,3,0,1,0,0,0,1,0,0,1,无,强袭，连续斩，切落，居合斩，拔突，刚弓，刚力，铁壁，心眼,剑客,一般条件,,,已登场,山上道及,足轻组头,陪臣（长野业正）,上杉家,箕轮城,无,已登场,山上道及,足轻组头,直臣,长野家,箕轮城,无,已登场,山上道及,足轻组头,直臣,长野家,箕轮城,无,已登场,山上道及,足轻组头,陪臣（色部胜长）,上杉家,春日山城,无,已登场,山上道及,足轻组头,直臣,上杉家,春日山城,无,已登场,山上道及,足轻组头,直臣,上杉家,春日山城,无,已登场,山上道及,家老,直臣,佐竹家,水户城,无,已登场,山上道及,足轻组头,直臣,上杉家,会津若松城,无,已登场,山上道及,部将,直臣,山中家,江户城,无,
881,706,蜂须贺至镇,蜂须贺,需新建,lord_1_hachiita,Hachisuka Yoshishige,,,,,1586,1598,1620,病死,蜂须贺家政,584,蜂须贺正胜,585,蜂须贺家政 蜂须贺正胜,只限武将,5,90,性急,普通,现实,普通,不重情义,40,南蛮物,贪心,嗜酒如命,源氏,火绳枪,74,51,65,59,47,1,2,2,1,0,1,1,1,0,0,2,0,0,1,0,0,无,拔突，干饭,无,无要求,,,未登场,蜂须贺至镇,浪人,其他,无,井之口之町,无,未登场,蜂须贺至镇,浪人,其他,无,井之口之町,无,未登场,蜂须贺至镇,浪人,其他,无,井之口之町,无,未登场,蜂须贺至镇,浪人,其他,无,岐阜之町,无,未登场,蜂须贺至镇,浪人,其他,无,岐阜之町,无,未登场,蜂须贺至镇,浪人,其他,无,岐阜之町,无,未登场,蜂须贺至镇,足轻组头,陪臣（蜂须贺正胜）,羽柴家,上月城,无,已登场,蜂须贺至镇,浪人,其他,无,岐阜之町,无,已登场,蜂须贺至镇,浪人,其他,无,鸟取之町,无,
882,429,真田信尹,真田,精确匹配,lord_1_sanada_10,Sanada Nobutada,clan_sanada_1,tosan,精确匹配织丰,,1547,1561,1632,病死,真田幸隆,360,真田赖昌,###,真田信纲 真田信幸 真田昌辉 真田昌幸 真田幸隆 真田幸村 矢泽赖纲 矢泽赖康,只限武将,80,25,性急,普通,普通,慎重,不重情义,46,书籍,普通,滴酒不沾,源氏,枪,63,42,79,70,58,1,1,0,0,2,0,1,0,2,0,1,1,2,3,0,0,六文钱,拔突，粘花，刚弓，卷枪，引落,枪术能手,无要求,,,未登场,真田信尹,足轻组头,陪臣（真田幸隆）,武田家,踯躅崎馆,无,未登场,真田信尹,足轻组头,陪臣（真田幸隆）,武田家,户石城,无,未登场,真田信尹,足轻组头,陪臣（真田幸隆）,武田家,户石城,无,已登场,真田信尹,足轻组头,陪臣（真田幸隆）,武田家,户石城,无,已登场,真田信尹,足轻组头,陪臣（真田信纲）,武田家,户石城,无,已登场,真田信尹,足轻组头,陪臣（真田昌幸）,武田家,上田城,无,已登场,真田信尹,足轻组头,直臣,真田家,上田城,无,已登场,真田信尹,足轻组头,直臣,真田家,上田城,无,已登场,真田信尹,浪人,其他,无,奈良之町,无,
883,119,伊东满所,伊东,姓氏推断,lord_1_ito,Ito Mansho,clan_ito_1,saikai,家族和文化自动推断,,1569,1583,1612,病死,,,伊东义祐,98,伊东祐兵 伊东义祐,没那个意思,70,70,温和,普通,理想,慎重,普通,25,南蛮物,无欲,滴酒不沾,藤原氏,火绳枪,64,19,65,58,64,0,0,2,0,0,0,0,0,1,2,0,3,2,3,0,1,加护,强袭，丢钱,无,一般条件,,,未登场,伊东满所,足轻组头,直臣,伊东家,都于郡城,无,未登场,伊东满所,足轻组头,直臣,伊东家,都于郡城,无,未登场,伊东满所,足轻组头,直臣,伊东家,都于郡城,无,未登场,伊东满所,足轻组头,直臣,伊东家,都于郡城,无,未登场,伊东满所,足轻组头,直臣,伊东家,都于郡城,无,未登场,伊东满所,浪人,其他,无,今治之町,无,已登场,伊东满所,浪人,其他,无,今治之町,无,已登场,伊东满所,浪人,其他,无,今治之町,无,已登场,伊东满所,部将,直臣,东乡家,盛冈城,无,
884,840,宫部长房,宫部,需新建,lord_1_unknown_hero,Miyabe Nagafusa,,,,,1581,1595,1634,病死,宫部继润,698,,,宫部继润,全职种,10,10,性急,普通,普通,轻率,不重情义,70,南蛮物,贪心,滴酒不沾,其他,枪,49,29,33,39,42,1,1,0,1,0,0,1,0,0,1,0,1,1,0,1,0,无,强袭，辱骂,无,无要求,,,未登场,宫部长房,足轻组头,陪臣（宫部继润）,浅井家,小谷城,无,未登场,宫部长房,足轻组头,陪臣（宫部继润）,浅井家,小谷城,无,未登场,宫部长房,足轻组头,陪臣（宫部继润）,浅井家,小谷城,无,未登场,宫部长房,足轻组头,陪臣（宫部继润）,浅井家,小谷城,无,未登场,宫部长房,足轻组头,陪臣（宫部继润）,织田家,长滨城,无,未登场,宫部长房,足轻组头,陪臣（宫部继润）,织田家,长滨城,无,未登场,宫部长房,足轻组头,陪臣（宫部继润）,羽柴家,鸟取城,无,已登场,宫部长房,足轻组头,直臣,宫部家,鸟取城,无,已登场,宫部长房,浪人,其他,无,甲府之町,无,
885,31,朝比奈信置,朝比奈,精确匹配,lord_1_asahina_3,Asahina Nobuoki,clan_asahina_1,tokai,精确匹配织丰,,1528,1549,1582,战死,,,,,,只限武将,48,48,性急,勇敢,普通,轻率,普通,43,武具,普通,普通,藤原氏,枪,58,62,33,49,42,1,1,0,1,1,1,0,0,0,2,0,0,0,1,0,0,无,拔突,无,无要求,,,已登场,朝比奈信置,足轻大将,直臣,今川家,骏府城,无,已登场,朝比奈信置,足轻大将,直臣,今川家,骏府城,无,已登场,朝比奈信置,足轻大将,直臣,今川家,骏府城,无,已登场,朝比奈信置,足轻大将,直臣,今川家,曳马城,无,已登场,朝比奈信置,足轻大将,直臣,武田家,踯躅崎馆,无,已登场,朝比奈信置,足轻大将,直臣,武田家,甲府城,无,已死亡,朝比奈信置,无效,无效,无,无效,无,已死亡,朝比奈信置,无效,无效,无,无效,无,已登场,朝比奈信置,浪人,其他,无,府内之町,无,
886,285,金森可重,金森,需新建,lord_1_kanamoriarishige,Kanamori Arishige,,,,,1558,1572,1615,病死,,,,,,全职种,20,20,温和,普通,理想,慎重,普通,46,艺术品,普通,普通,源氏,刀剑,46,37,52,57,65,1,0,0,1,0,0,1,0,0,0,0,3,2,0,3,2,无,强袭，丢钱,风雅之士,无要求,,,未登场,金森可重,足轻组头,直臣,织田家,那古野城,无,未登场,金森可重,足轻组头,直臣,织田家,清洲城,无,未登场,金森可重,足轻组头,直臣,织田家,清洲城,无,未登场,金森可重,足轻组头,直臣,织田家,岐阜城,无,已登场,金森可重,足轻组头,直臣,织田家,岐阜城,无,已登场,金森可重,足轻组头,直臣,织田家,安土城,无,已登场,金森可重,足轻大将,陪臣（金森长近）,羽柴家,石山本愿寺,无,已登场,金森可重,部将,直臣,德川家,江户城,无,已登场,金森可重,浪人,其他,无,长滨之町,无,
887,458,斯波义银,斯波,姓氏推断,lord_1_shiba,Shiba Yoshigane,clan_shiba_1,ou,家族和文化自动推断,,1540,1554,1600,病死,斯波义统,814,,,斯波义统 毛利秀赖 津川义冬,只限武将,40,0,普通,胆小,理想,普通,普通,42,武具,普通,普通,源氏,刀剑,27,31,34,32,45,1,1,0,0,2,1,1,0,0,0,0,0,2,0,0,0,无,强袭，刚弓,无,无要求,,,未登场,斯波义银,家老,直臣,斯波家,清洲城,无,已登场,斯波义银,浪人,其他,无,京之町,无,已登场,斯波义银,浪人,其他,无,京之町,无,已登场,斯波义银,浪人,其他,无,京之町,无,已登场,斯波义银,浪人,其他,无,京之町,无,已登场,斯波义银,浪人,其他,无,京之町,无,已登场,斯波义银,浪人,其他,无,京之町,无,已登场,斯波义银,浪人,其他,无,京之町,无,已登场,斯波义银,水夫头,直臣,丰后水军,一尺屋之砦,无,
888,867,毛利秀赖,毛利,姓氏推断,lord_1_mori_shuu,Mori Shuu,clan_mori_1,sanyo,家族和文化自动推断,,1541,1555,1593,病死,斯波义统,814,,,斯波义统 斯波义银 津川义冬,只限武将,40,40,普通,胆小,普通,普通,普通,37,艺术品,普通,普通,源氏,刀剑,53,53,37,39,32,2,1,0,1,0,0,0,0,1,0,1,0,0,0,0,0,无,强袭,无,无要求,,,未登场,毛利秀赖,足轻大将,直臣,斯波家,清洲城,无,未登场,毛利秀赖,足轻大将,直臣,织田家,清洲城,无,已登场,毛利秀赖,足轻大将,直臣,织田家,清洲城,无,已登场,毛利秀赖,足轻大将,直臣,织田家,岐阜城,无,已登场,毛利秀赖,足轻大将,直臣,织田家,岐阜城,无,已登场,毛利秀赖,足轻大将,直臣,织田家,安土城,无,已登场,毛利秀赖,足轻大将,直臣,羽柴家,石山本愿寺,无,已死亡,毛利秀赖,无效,无效,无,无效,无,已登场,毛利秀赖,浪人,其他,无,鸟取之町,无,
889,590,津川义冬,津川,需新建,lord_1_tsugawa,Tsugawa Yoshifuyu,,,,,1543,1557,1584,战死,斯波义统,814,,,斯波义统 斯波义银 毛利秀赖,只限武将,40,40,温和,普通,普通,普通,普通,25,艺术品,无欲,普通,源氏,刀剑,36,34,55,49,44,1,0,0,0,1,0,0,0,2,0,0,1,0,1,0,1,无,强袭,无,无要求,,,未登场,津川义冬,足轻组头,直臣,斯波家,清洲城,无,未登场,津川义冬,足轻组头,直臣,织田家,清洲城,无,已登场,津川义冬,足轻组头,直臣,织田家,清洲城,无,已登场,津川义冬,足轻组头,直臣,织田家,岐阜城,无,已登场,津川义冬,足轻组头,直臣,织田家,岐阜城,无,已登场,津川义冬,足轻组头,直臣,织田家,安土城,无,已登场,津川义冬,足轻组头,直臣,织田家,长岛城,无,已死亡,津川义冬,无效,无效,无,无效,无,已登场,津川义冬,船头,直臣,盐饱水军,盐饱之砦,无,
890,946,留守显宗,留守,精确匹配,lord_1_rusu_1,Rusu Akimune,clan_rusu_1,ou,精确匹配织丰,,1519,1549,1586,病死,,,,,,只限武将,60,60,普通,胆小,现实,慎重,重视情义,40,艺术品,普通,普通,源氏,刀剑,31,38,34,63,52,1,1,0,0,0,0,0,0,1,1,0,2,2,1,0,0,无,拔突,无,无要求,,,已登场,留守显宗,部将,直臣,伊达家,米泽城,无,已登场,留守显宗,部将,直臣,伊达家,米泽城,无,已登场,留守显宗,部将,直臣,伊达家,米泽城,无,已登场,留守显宗,部将,直臣,伊达家,米泽城,无,已登场,留守显宗,部将,直臣,伊达家,米泽城,无,已登场,留守显宗,部将,直臣,伊达家,米泽城,无,已登场,留守显宗,部将,直臣,伊达家,米泽城,无,已死亡,留守显宗,无效,无效,无,无效,无,已登场,留守显宗,浪人,其他,无,小仓之町,无,
891,717,原长赖,原,需新建,lord_1_hara,Hara Nagayori,,,,,1544,1558,1600,战死,,,,,,只限武将,85,85,普通,普通,理想,慎重,重视情义,62,武具,普通,普通,源氏,刀剑,59,60,36,52,39,1,2,1,0,2,1,0,0,0,0,0,0,0,0,0,0,无,强袭，刚弓,无,无要求,,,未登场,原长赖,足轻组头,陪臣（柴田胜家）,织田家,那古野城,无,未登场,原长赖,足轻组头,陪臣（柴田胜家）,织田家,那古野城,无,已登场,原长赖,足轻组头,陪臣（柴田胜家）,织田家,清洲城,无,已登场,原长赖,足轻组头,陪臣（柴田胜家）,织田家,岐阜城,无,已登场,原长赖,足轻组头,陪臣（柴田胜家）,织田家,北之庄城,无,已登场,原长赖,足轻组头,陪臣（柴田胜家）,织田家,北之庄城,无,已登场,原长赖,足轻组头,直臣,前田家,尾山城,无,已登场,原长赖,部将,直臣,丰臣家,大坂城,无,已登场,原长赖,浪人,其他,无,八代之町,无,
892,734,平塚为广,平塚,需新建,lord_1_hiratsuka,Hiratsuka Tamihiro,,,,,1566,1580,1600,战死,,,,,,只限武将,10,10,普通,勇敢,理想,轻率,重视情义,48,武具,普通,嗜酒如命,平氏,枪,66,72,32,60,65,3,2,2,1,0,2,1,1,1,0,0,0,1,1,0,0,无,强袭，拔突，铁壁，大喝,无,无要求,,,未登场,平塚为广,浪人,其他,无,井之口之町,无,未登场,平塚为广,浪人,其他,无,井之口之町,无,未登场,平塚为广,浪人,其他,无,井之口之町,无,未登场,平塚为广,浪人,其他,无,岐阜之町,无,未登场,平塚为广,浪人,其他,无,岐阜之町,无,已登场,平塚为广,浪人,其他,无,岐阜之町,无,已登场,平塚为广,足轻组头,直臣,羽柴家,石山本愿寺,无,已登场,平塚为广,浪人,其他,无,岐阜之町,无,已登场,平塚为广,浪人,其他,无,金泽之町,无,
893,604,妻木广忠,妻木,需新建,lord_1_saikigentadashi,Tsumaki Hirotada,,,,,1514,1549,1582,战死,,,,,,全职种,0,55,性急,普通,理想,轻率,重视情义,70,书籍,贪心,嗜酒如命,源氏,刀剑,41,44,50,44,37,1,1,1,0,0,0,1,0,1,0,0,0,0,0,1,0,无,强袭,无,无要求,,,已登场,妻木广忠,足轻大将,陪臣（明智光秀）,斋藤家,稻叶山城,无,已登场,妻木广忠,足轻大将,陪臣（明智光秀）,斋藤家,稻叶山城,无,已登场,妻木广忠,足轻大将,陪臣（明智光秀）,朝仓家,一乘谷城,无,已登场,妻木广忠,足轻大将,陪臣（明智光秀）,织田家,岐阜城,无,已登场,妻木广忠,足轻大将,陪臣（明智光秀）,织田家,坂本城,无,已登场,妻木广忠,足轻大将,陪臣（明智光秀）,织田家,丹波龟山城,无,已死亡,妻木广忠,无效,无效,无,无效,无,已死亡,妻木广忠,无效,无效,无,无效,无,已登场,妻木广忠,浪人,其他,无,鸣门之町,无,
894,630,鸟屋尾满荣,鸟屋,需新建,lord_1_o,Toyao Mitsunaga,,,,,1508,1549,1577,战死,,,,,,全职种,40,40,普通,普通,理想,轻率,重视情义,35,艺术品,普通,滴酒不沾,藤原氏,刀剑,60,54,63,68,53,1,1,0,2,1,0,2,0,0,0,0,2,2,2,1,0,无,拔突,无,无要求,,,已登场,鸟屋尾满荣,足轻组头,直臣,北畠家,大河内城,无,已登场,鸟屋尾满荣,足轻组头,直臣,北畠家,大河内城,无,已登场,鸟屋尾满荣,足轻组头,直臣,北畠家,大河内城,无,已登场,鸟屋尾满荣,足轻组头,直臣,北畠家,大河内城,无,已登场,鸟屋尾满荣,侍大将,陪臣（织田信雄）,织田家,大河内城,无,已死亡,鸟屋尾满荣,无效,无效,无,无效,无,已死亡,鸟屋尾满荣,无效,无效,无,无效,无,已死亡,鸟屋尾满荣,无效,无效,无,无效,无,已登场,鸟屋尾满荣,中忍,直臣,黑胫巾众,黑胫巾之里,无,
895,691,野村直隆,野村,需新建,lord_1_nomuranaotaka,Nomura Naotaka,,,,,1545,1559,1600,病死,,,,,,只限武将,10,70,性急,勇敢,普通,普通,重视情义,67,武具,贪心,嗜酒如命,其他,火绳枪,46,54,45,27,42,2,1,3,0,1,1,0,0,1,1,0,0,0,0,0,1,无,强袭，急所击，刚力,无,无要求,,,未登场,野村直隆,足轻大将,直臣,浅井家,小谷城,无,未登场,野村直隆,足轻大将,直臣,浅井家,小谷城,无,已登场,野村直隆,足轻大将,直臣,浅井家,小谷城,无,已登场,野村直隆,足轻大将,直臣,浅井家,小谷城,无,已登场,野村直隆,足轻大将,陪臣（羽柴秀吉）,织田家,长滨城,无,已登场,野村直隆,足轻大将,陪臣（羽柴秀吉）,织田家,姬路城,无,已登场,野村直隆,足轻大将,直臣,羽柴家,石山本愿寺,无,已登场,野村直隆,足轻大将,直臣,丰臣家,大坂城,无,已登场,野村直隆,浪人,其他,无,仙台之町,无,
896,605,土居清良,土居,精确匹配,lord_1_doi,Doi Kiyoyoshi,clan_doi_1,nankai,精确匹配织丰,,1546,1560,1629,病死,,,,,,全职种,30,30,温和,普通,现实,普通,普通,80,书籍,贪心,嗜酒如命,其他,刀剑,81,77,86,90,83,2,2,3,1,2,1,2,0,1,3,1,2,3,3,2,1,土龙攻,强袭，急所击，刚弓,能吏,一般条件,,,未登场,土居清良,部将,陪臣（西园寺公广）,河野家,宇和岛城,无,未登场,土居清良,部将,陪臣（西园寺公广）,河野家,宇和岛城,无,已登场,土居清良,部将,陪臣（西园寺公广）,河野家,宇和岛城,无,已登场,土居清良,部将,陪臣（西园寺公广）,河野家,宇和岛城,无,已登场,土居清良,部将,陪臣（西园寺公广）,大友家,宇和岛城,无,已登场,土居清良,部将,陪臣（西园寺公广）,大友家,宇和岛城,无,已登场,土居清良,部将,陪臣（西园寺公广）,大友家,宇和岛城,无,已登场,土居清良,浪人,其他,无,府内之町,无,已登场,土居清良,浪人,其他,无,丸龟之町,无,
897,469,岛津忠直,岛津,姓氏推断,lord_1_shimazu_tadanao,Shimazu Tadanao,clan_shimazu_1,saikai,家族和文化自动推断,,1534,1549,1604,病死,,,,,,只限武将,15,15,温和,胆小,现实,慎重,重视情义,40,书籍,普通,普通,源氏,刀剑,42,33,42,47,60,1,1,0,0,0,0,1,0,1,0,0,0,2,0,1,2,无,拔突,无,无要求,,,已登场,岛津忠直,浪人,其他,无,小诸之町,无,已登场,岛津忠直,浪人,其他,无,小诸之町,无,已登场,岛津忠直,浪人,其他,无,小诸之町,无,已登场,岛津忠直,浪人,其他,无,小诸之町,无,已登场,岛津忠直,浪人,其他,无,小诸之町,无,已登场,岛津忠直,浪人,其他,无,小诸之町,无,已登场,岛津忠直,部将,直臣,上杉家,春日山城,无,已登场,岛津忠直,浪人,其他,无,小诸之町,无,已登场,岛津忠直,水夫头,直臣,村上水军,三岛之砦,无,
898,726,一柳直末,一柳,需新建,lord_1_ichiyanagichokumatsu,Ichiyanagi Naomatsu,,,,,1553,1567,1590,战死,一柳直高,1348,,,一柳直盛,全职种,10,12,普通,普通,理想,轻率,重视情义,40,书籍,普通,普通,其他,刀剑,71,63,58,56,52,1,0,0,0,2,1,1,0,1,2,0,3,2,2,0,0,无,拔突，刚弓，卷枪，引落，刚力，丢钱,无,无要求,,,未登场,一柳直末,浪人,其他,无,石山之町,无,未登场,一柳直末,浪人,其他,无,石山之町,无,未登场,一柳直末,浪人,其他,无,石山之町,无,已登场,一柳直末,浪人,其他,无,石山之町,无,已登场,一柳直末,浪人,其他,无,石山之町,无,已登场,一柳直末,浪人,其他,无,石山之町,无,已登场,一柳直末,足轻大将,直臣,羽柴家,石山本愿寺,无,已死亡,一柳直末,无效,无效,无,无效,无,已登场,一柳直末,部将,直臣,一宫家,春日山城,无,
899,834,三木直赖,三木,姓氏推断,lord_1_miki_choku,Miki Choku,clan_miki_1,tosan,家族和文化自动推断,,1497,1549,1554,病死,,,,,姊小路赖纲 姊小路良赖,只限武将,20,20,普通,勇敢,现实,普通,普通,70,书籍,贪心,嗜酒如命,藤原氏,刀剑,62,55,60,61,62,1,0,0,1,0,0,1,0,2,0,0,0,2,2,0,1,无,拔突,无,无要求,,,已登场,三木直赖,大名,首领,三木家,松仓城,无,已死亡,三木直赖,无效,无效,无,无效,无,已死亡,三木直赖,无效,无效,无,无效,无,已死亡,三木直赖,无效,无效,无,无效,无,已死亡,三木直赖,无效,无效,无,无效,无,已死亡,三木直赖,无效,无效,无,无效,无,已死亡,三木直赖,无效,无效,无,无效,无,已死亡,三木直赖,无效,无效,无,无效,无,已登场,三木直赖,家老,直臣,三刀屋家,骏府城,无,
900,497,杉浦玄任,杉浦,需新建,lord_1_sugiuragennin,Sugiura Gennin,,,,,1517,1549,1575,战死,,,,,,全职种,50,50,温和,勇敢,理想,普通,普通,15,武具,普通,嗜酒如命,其他,枪,71,62,55,59,57,3,0,2,0,0,2,2,1,2,2,1,0,1,0,0,1,百发百中,强袭，拔突，铁壁,无,一般条件,,,已登场,杉浦玄任,部将,直臣,本愿寺,石山本愿寺,无,已登场,杉浦玄任,部将,直臣,本愿寺,石山本愿寺,无,已登场,杉浦玄任,部将,直臣,本愿寺,石山本愿寺,无,已登场,杉浦玄任,部将,直臣,本愿寺,石山本愿寺,无,已登场,杉浦玄任,部将,直臣,本愿寺,石山本愿寺,无,已死亡,杉浦玄任,无效,无效,无,无效,无,已死亡,杉浦玄任,无效,无效,无,无效,无,已死亡,杉浦玄任,无效,无效,无,无效,无,已登场,杉浦玄任,水夫头,直臣,相模水军,三崎之砦,无,
901,135,色部显长,色部,精确匹配,lord_1_irobe_2,Irobe Akinaga,clan_irobe_1,hokuriku,精确匹配织丰,,1549,1563,1587,病死,色部胜长,112,,,色部胜长 色部长实,全职种,15,15,普通,胆小,现实,慎重,普通,42,艺术品,普通,嗜酒如命,平氏,刀剑,38,38,52,43,37,1,1,0,0,1,0,2,0,2,0,1,0,2,2,0,1,无,强袭,无,一般条件,,,未登场,色部显长,足轻组头,陪臣（色部胜长）,长尾家,春日山城,无,未登场,色部显长,足轻组头,陪臣（色部胜长）,长尾家,春日山城,无,未登场,色部显长,足轻组头,陪臣（色部胜长）,长尾家,春日山城,无,已登场,色部显长,足轻组头,陪臣（色部胜长）,上杉家,春日山城,无,已登场,色部显长,足轻组头,直臣,上杉家,春日山城,无,已登场,色部显长,足轻组头,直臣,上杉家,春日山城,无,已登场,色部显长,足轻组头,直臣,上杉家,春日山城,无,已死亡,色部显长,无效,无效,无,无效,无,已登场,色部显长,浪人,其他,无,杂贺之町,无,
902,651,中条藤资,中条,需新建,lord_1_chuujoufuji,Chujou Fujisuke,,,,,1480,1549,1574,病死,,,,,,只限武将,15,15,普通,胆小,现实,慎重,不重情义,45,武具,普通,普通,平氏,枪,61,66,46,62,45,1,2,0,1,0,0,2,1,0,0,0,1,0,1,0,2,无,拔突,无,一般条件,,,已登场,中条藤资,部将,直臣,长尾家,春日山城,无,已登场,中条藤资,部将,直臣,长尾家,春日山城,无,已登场,中条藤资,部将,直臣,长尾家,春日山城,无,已登场,中条藤资,部将,直臣,上杉家,春日山城,无,已死亡,中条藤资,无效,无效,无,无效,无,已死亡,中条藤资,无效,无效,无,无效,无,已死亡,中条藤资,无效,无效,无,无效,无,已死亡,中条藤资,无效,无效,无,无效,无,已登场,中条藤资,部将,直臣,中岛家,岩尾城,无,
903,175,江上家种,江上,精确匹配,lord_1_ryuzoji_4,Ryuzoji Ietane,clan_ryuzoji_1,saikai,精确匹配织丰,,1558,1572,1593,病死,龙造寺隆信,785,,,龙造寺隆信 龙造寺政家,只限武将,60,60,普通,勇敢,理想,慎重,重视情义,53,南蛮物,普通,嗜酒如命,其他,刀剑,73,63,25,25,64,3,2,3,2,0,2,1,0,1,0,1,0,0,0,0,1,无,强袭，拔突，急所击，刚力，铁壁,无,无要求,,,未登场,江上家种,部将,直臣,龙造寺家,佐嘉城,无,未登场,江上家种,部将,直臣,龙造寺家,佐嘉城,无,未登场,江上家种,部将,直臣,龙造寺家,佐嘉城,无,未登场,江上家种,部将,直臣,龙造寺家,佐嘉城,无,已登场,江上家种,部将,直臣,龙造寺家,佐嘉城,无,已登场,江上家种,部将,直臣,龙造寺家,佐嘉城,无,已登场,江上家种,部将,直臣,龙造寺家,佐嘉城,无,已死亡,江上家种,无效,无效,无,无效,无,已登场,江上家种,部将,直臣,上泉家,内城,无,
904,52,甘粕景继,甘粕,需新建,lord_1_amakasukei,Amakasu Kagezane,,,,,1550,1564,1611,病死,,,,,,只限武将,15,15,性急,勇敢,理想,普通,不重情义,67,武具,贪心,滴酒不沾,源氏,刀剑,80,72,36,35,32,2,1,0,0,1,2,0,0,0,1,1,0,0,1,0,0,无,强袭，拔突，刚力，铁壁,无,无要求,,,未登场,甘粕景继,足轻组头,直臣,长尾家,春日山城,无,未登场,甘粕景继,足轻组头,直臣,长尾家,春日山城,无,未登场,甘粕景继,足轻组头,直臣,长尾家,春日山城,无,已登场,甘粕景继,足轻组头,直臣,上杉家,春日山城,无,已登场,甘粕景继,足轻组头,直臣,上杉家,春日山城,无,已登场,甘粕景继,足轻组头,直臣,上杉家,春日山城,无,已登场,甘粕景继,足轻组头,直臣,上杉家,春日山城,无,已登场,甘粕景继,侍大将,直臣,上杉家,会津若松城,无,已登场,甘粕景继,浪人,其他,无,堺之町,无,
905,898,安田作兵卫,安田,需新建,lord_1_yasudasakuhei,Yasuda Sakuhei,,,,,1556,1570,1597,病死,,,,,,只限武将,0,55,性急,勇敢,理想,轻率,不重情义,44,武具,贪心,普通,其他,枪,38,65,31,22,72,1,2,0,0,0,2,1,0,1,0,0,0,0,0,0,0,无,强袭，拔突，铁壁,无,无要求,,,未登场,安田作兵卫,足轻组头,陪臣（明智光秀）,朝仓家,一乘谷城,无,未登场,安田作兵卫,足轻组头,陪臣（明智光秀）,朝仓家,一乘谷城,无,未登场,安田作兵卫,足轻组头,陪臣（明智光秀）,朝仓家,一乘谷城,无,未登场,安田作兵卫,足轻组头,陪臣（明智光秀）,朝仓家,一乘谷城,无,已登场,安田作兵卫,足轻组头,陪臣（明智光秀）,织田家,坂本城,无,已登场,安田作兵卫,足轻组头,陪臣（明智光秀）,织田家,丹波龟山城,无,已登场,安田作兵卫,浪人,其他,无,博多之町,无,已死亡,安田作兵卫,无效,无效,无,无效,无,已登场,安田作兵卫,浪人,其他,无,木更津之町,无,
906,361,河野通直,河野,精确匹配,lord_1_kawano_2,Kawano Michinao,clan_kawano_1,sanyo,精确匹配织丰,,1500,1549,1572,病死,,,,,,全职种,40,40,普通,普通,现实,轻率,普通,50,艺术品,普通,普通,其他,刀剑,32,26,77,63,42,0,1,0,0,0,0,1,0,0,0,0,1,2,2,0,0,无,拔突,无,无要求,,,已登场,河野通直,家老,直臣,河野家,汤筑城,无,已登场,河野通直,家老,直臣,河野家,汤筑城,无,已登场,河野通直,家老,直臣,河野家,汤筑城,无,已登场,河野通直,家老,直臣,河野家,汤筑城,无,已死亡,河野通直,无效,无效,无,无效,无,已死亡,河野通直,无效,无效,无,无效,无,已死亡,河野通直,无效,无效,无,无效,无,已死亡,河野通直,无效,无效,无,无效,无,已登场,河野通直,部将,直臣,河尻家,水户城,无,
907,49,姊小路良赖,姊小路,精确匹配,lord_1_anekouji,Anekouji Yoshiyori,clan_anekouji_1,tosan,精确匹配织丰,,1516,1549,1572,病死,三木直赖,899,,,姊小路赖纲 三木直赖,只限武将,20,20,普通,勇敢,现实,普通,不重情义,75,艺术品,贪心,普通,藤原氏,刀剑,55,50,43,61,54,1,1,0,1,1,0,1,0,1,1,1,0,2,2,1,0,无,强袭,无,无要求,,,已登场,三木良纲,家老,直臣,三木家,松仓城,无,已登场,三木良纲,大名,首领,三木家,松仓城,无,已登场,三木良纲,大名,首领,三木家,松仓城,无,已登场,姊小路良赖,大名,首领,姊小路家,松仓城,无,已死亡,姊小路良赖,无效,无效,无,无效,无,已死亡,姊小路良赖,无效,无效,无,无效,无,已死亡,姊小路良赖,无效,无效,无,无效,无,已死亡,姊小路良赖,无效,无效,无,无效,无,已登场,姊小路良赖,部将,直臣,小笠原家,小仓城,无,
908,550,竹中久作,竹中,需新建,lord_1_takenakakyuusaku,Takenaka Kyusaku,,,,,1546,1560,1582,战死,竹中重元,1353,,,竹中半兵卫,全职种,10,10,温和,胆小,现实,慎重,普通,34,书籍,普通,滴酒不沾,源氏,刀剑,37,38,55,62,61,2,1,0,0,1,0,1,0,1,3,2,2,1,2,1,2,齐攻,强袭，连续斩，刚力，铁壁,无,无要求,,,未登场,竹中久作,足轻大将,陪臣（安藤守就）,斋藤家,大垣城,无,未登场,竹中久作,足轻大将,陪臣（安藤守就）,斋藤家,大垣城,无,已登场,竹中久作,足轻大将,陪臣（安藤守就）,斋藤家,大垣城,无,已登场,竹中久作,足轻大将,陪臣（木下藤吉郎）,织田家,岐阜城,无,已登场,竹中久作,足轻大将,陪臣（羽柴秀吉）,织田家,长滨城,无,已登场,竹中久作,足轻大将,陪臣（羽柴秀吉）,织田家,姬路城,无,已死亡,竹中久作,无效,无效,无,无效,无,已死亡,竹中久作,无效,无效,无,无效,无,已登场,竹中久作,伙计,直臣,百货屋,敦贺之町,无,
909,45,阿闭贞征,阿闭,需新建,lord_1_asei,Abee Sadayuki,,,,,1528,1549,1582,战死,,,,,,只限武将,10,10,普通,胆小,现实,慎重,不重情义,53,艺术品,普通,普通,其他,刀剑,25,41,37,46,65,1,1,0,0,1,0,1,0,0,1,0,0,1,0,1,0,无,强袭,无,无要求,,,已登场,阿闭贞征,部将,直臣,浅井家,小谷城,无,已登场,阿闭贞征,部将,直臣,浅井家,小谷城,无,已登场,阿闭贞征,部将,直臣,浅井家,小谷城,无,已登场,阿闭贞征,部将,直臣,浅井家,小谷城,无,已登场,阿闭贞征,部将,直臣,织田家,岐阜城,无,已登场,阿闭贞征,部将,直臣,织田家,安土城,无,已死亡,阿闭贞征,无效,无效,无,无效,无,已死亡,阿闭贞征,无效,无效,无,无效,无,已登场,阿闭贞征,浪人,其他,无,博多之町,无,
910,878,森田净云,森田,需新建,lord_1_morita,Morita Joun,,,,,1510,1549,1581,战死,,,,,,没那个意思,50,50,普通,勇敢,理想,轻率,普通,65,武具,贪心,嗜酒如命,其他,刀剑,64,77,46,60,35,2,2,0,0,2,2,1,2,2,0,0,0,0,1,2,0,齐攻,强袭，拔突，二连苦无，刚弓，铁壁,无,无要求,,,已登场,森田净云,浪人,其他,无,奈良之町,无,已登场,森田净云,浪人,其他,无,奈良之町,无,已登场,森田净云,浪人,其他,无,奈良之町,无,已登场,森田净云,浪人,其他,无,奈良之町,无,已登场,森田净云,浪人,其他,无,奈良之町,无,已死亡,森田净云,无效,无效,无,无效,无,已死亡,森田净云,无效,无效,无,无效,无,已死亡,森田净云,无效,无效,无,无效,无,已登场,森田净云,浪人,其他,无,清洲之町,无,
911,346,熊谷元直,熊谷,需新建,lord_1_kumagayagenchoku,Kumagai Motonao,,,,,1555,1569,1605,病死,,,,,,全职种,45,45,性急,勇敢,理想,轻率,普通,46,南蛮物,普通,普通,平氏,刀剑,49,45,41,34,52,2,0,0,2,1,2,0,0,0,0,0,0,0,0,0,0,加护,强袭，拔突，铁壁,无,无要求,,,未登场,熊谷元直,足轻组头,直臣,毛利家,吉田郡山城,无,未登场,熊谷元直,足轻组头,直臣,毛利家,吉田郡山城,无,未登场,熊谷元直,足轻组头,直臣,毛利家,吉田郡山城,无,未登场,熊谷元直,足轻组头,直臣,毛利家,吉田郡山城,无,已登场,熊谷元直,足轻组头,直臣,毛利家,吉田郡山城,无,已登场,熊谷元直,足轻组头,直臣,毛利家,吉田郡山城,无,已登场,熊谷元直,足轻组头,直臣,毛利家,吉田郡山城,无,已登场,熊谷元直,足轻大将,直臣,毛利家,广岛城,无,已登场,熊谷元直,中忍,直臣,钵屋众,钵屋之里,无,
912,18,明智光安,明智,姓氏推断,lord_1_akechi_mitsuyasu,Akechi Mitsuyasu,clan_akechi_1,kinai,家族和文化自动推断,,1500,1549,1556,战死,明智光继,1354,,,明智光秀,只限武将,0,60,温和,胆小,现实,慎重,重视情义,45,书籍,普通,普通,源氏,刀剑,69,42,61,51,77,3,2,0,1,2,1,1,0,0,1,0,0,3,2,0,1,齐攻,拔突，刚弓,无,无要求,,,已登场,明智光安,部将,直臣,斋藤家,稻叶山城,无,已登场,明智光安,部将,直臣,斋藤家,稻叶山城,无,已死亡,明智光安,无效,无效,无,无效,无,已死亡,明智光安,无效,无效,无,无效,无,已死亡,明智光安,无效,无效,无,无效,无,已死亡,明智光安,无效,无效,无,无效,无,已死亡,明智光安,无效,无效,无,无效,无,已死亡,明智光安,无效,无效,无,无效,无,已登场,明智光安,浪人,其他,无,奈良之町,无,
913,749,别所重栋,别所,姓氏推断,lord_1_bessho_juu,Bessho Juu,clan_bessho_1,kinai,家族和文化自动推断,,1529,1549,1591,病死,别所就治,842,,,别所长治 别所就治,全职种,0,30,普通,胆小,普通,慎重,普通,56,艺术品,普通,普通,源氏,刀剑,49,45,45,54,32,1,0,0,1,1,1,0,0,0,1,2,0,2,1,0,0,齐攻,强袭,无,无要求,,,已登场,别所重栋,部将,陪臣（别所就治）,赤松家,三木城,无,已登场,别所重栋,部将,陪臣（别所就治）,赤松家,三木城,无,已登场,别所重栋,部将,陪臣（别所就治）,赤松家,三木城,无,已登场,别所重栋,部将,陪臣（别所长治）,赤松家,三木城,无,已登场,别所重栋,部将,陪臣（别所长治）,赤松家,三木城,无,已登场,别所重栋,部将,直臣,织田家,安土城,无,已登场,别所重栋,部将,直臣,羽柴家,石山本愿寺,无,已死亡,别所重栋,无效,无效,无,无效,无,已登场,别所重栋,浪人,其他,无,安土之町,无,
914,222,小川佑忠,小川,需新建,lord_1_ogawayuutadashi,Ogawa Suketada,,,,,1547,1561,1601,病死,,,,,,只限武将,0,90,普通,胆小,现实,慎重,不重情义,52,艺术品,普通,普通,藤原氏,刀剑,36,45,51,38,27,1,0,1,0,0,0,0,0,1,0,0,2,1,2,0,0,无,拔突,无,无要求,,,未登场,小川佑忠,足轻组头,陪臣（明智光秀）,朝仓家,一乘谷城,无,未登场,小川佑忠,足轻组头,陪臣（明智光秀）,朝仓家,一乘谷城,无,未登场,小川佑忠,足轻组头,陪臣（明智光秀）,朝仓家,一乘谷城,无,已登场,小川佑忠,足轻组头,陪臣（明智光秀）,织田家,岐阜城,无,已登场,小川佑忠,足轻组头,陪臣（明智光秀）,织田家,坂本城,无,已登场,小川佑忠,足轻组头,陪臣（明智光秀）,织田家,丹波龟山城,无,已登场,小川佑忠,部将,直臣,羽柴家,石山本愿寺,无,已登场,小川佑忠,部将,直臣,丰臣家,大坂城,无,已登场,小川佑忠,部将,直臣,小笠原家,小仓城,无,
915,936,吉弘镇信,吉弘,精确匹配,lord_1_yoshihiro_2,Yoshihiro Shigenobu,clan_yoshihiro_1,saikai,精确匹配织丰,,1540,1554,1578,战死,吉弘鉴理,778,,,高桥绍运 立花直次 立花宗茂 吉弘鉴理,只限武将,80,80,普通,普通,普通,普通,重视情义,70,南蛮物,贪心,普通,藤原氏,刀剑,56,55,51,48,49,2,2,0,0,1,0,0,0,0,0,1,0,2,1,0,0,齐攻,强袭，连续斩,无,无要求,,,未登场,吉弘镇信,足轻组头,直臣,大友家,府内城,无,已登场,吉弘镇信,足轻组头,直臣,大友家,府内城,无,已登场,吉弘镇信,足轻组头,直臣,大友家,府内城,无,已登场,吉弘镇信,足轻组头,直臣,大友家,府内城,无,已登场,吉弘镇信,足轻组头,直臣,大友家,府内城,无,已死亡,吉弘镇信,无效,无效,无,无效,无,已死亡,吉弘镇信,无效,无效,无,无效,无,已死亡,吉弘镇信,无效,无效,无,无效,无,已登场,吉弘镇信,浪人,其他,无,松仓之町,无,
916,591,佃十成,佃,需新建,lord_1_tsukudajuusei,Tsukuda Junari,,,,,1553,1567,1634,病死,,,,,,全职种,15,15,温和,胆小,现实,普通,普通,50,南蛮物,普通,普通,源氏,刀剑,58,56,53,43,67,1,2,2,1,0,1,2,0,2,0,0,0,1,0,1,0,无,强袭,无,无要求,,,未登场,佃十成,足轻组头,直臣,织田家,那古野城,无,未登场,佃十成,足轻组头,直臣,织田家,清洲城,无,未登场,佃十成,足轻组头,直臣,织田家,清洲城,无,已登场,佃十成,足轻组头,直臣,织田家,岐阜城,无,已登场,佃十成,足轻组头,直臣,织田家,岐阜城,无,已登场,佃十成,足轻组头,直臣,织田家,安土城,无,已登场,佃十成,足轻大将,陪臣（加藤嘉明）,羽柴家,石山本愿寺,无,已登场,佃十成,浪人,其他,无,大坂之町,无,已登场,佃十成,部将,直臣,十河家,广岛城,无,
917,201,大谷吉治,大谷,需新建,lord_1_ootaniyoshiji,Otsuki Yoshiharu,,,,,1580,1594,1615,战死,大谷吉继,165,,,大谷吉继,只限武将,16,16,温和,普通,理想,轻率,重视情义,20,书籍,普通,普通,源氏,枪,49,33,55,80,47,1,0,0,0,0,0,1,0,0,0,0,2,2,1,1,0,无,拔突,无,无要求,,,未登场,大谷吉治,浪人,其他,无,目加田之町,无,未登场,大谷吉治,浪人,其他,无,目加田之町,无,未登场,大谷吉治,浪人,其他,无,目加田之町,无,未登场,大谷吉治,浪人,其他,无,目加田之町,无,未登场,大谷吉治,浪人,其他,无,目加田之町,无,未登场,大谷吉治,浪人,其他,无,安土之町,无,未登场,大谷吉治,足轻组头,陪臣（大谷吉继）,羽柴家,石山本愿寺,无,已登场,大谷吉治,浪人,其他,无,安土之町,无,已登场,大谷吉治,部将,直臣,大久保家,佐贺城,无,
918,66,有马丰氏,有马,姓氏推断,lord_1_arima,Arima Toyouji,clan_arima_1,saikai,家族和文化自动推断,,1569,1583,1642,病死,,,,,,只限武将,0,0,普通,胆小,普通,慎重,不重情义,64,艺术品,贪心,普通,源氏,刀剑,61,45,65,54,42,2,1,1,2,0,1,2,0,3,0,0,0,1,0,3,1,土龙攻,拔突,风雅之士,无要求,,,未登场,有马丰氏,浪人,其他,无,姬路之町,无,未登场,有马丰氏,浪人,其他,无,姬路之町,无,未登场,有马丰氏,浪人,其他,无,姬路之町,无,未登场,有马丰氏,浪人,其他,无,姬路之町,无,未登场,有马丰氏,浪人,其他,无,姬路之町,无,未登场,有马丰氏,浪人,其他,无,姬路之町,无,已登场,有马丰氏,足轻组头,直臣,羽柴家,石山本愿寺,无,已登场,有马丰氏,浪人,其他,无,姬路之町,无,已登场,有马丰氏,中忍,直臣,风魔众,风魔之里,无,
919,347,神代胜利,神代,需新建,lord_1_kamishiro,Jindai Katsutaka,,,,,1511,1549,1565,病死,,,,,,全职种,12,12,普通,勇敢,现实,轻率,普通,50,艺术品,普通,滴酒不沾,其他,枪,62,70,49,75,67,3,2,0,0,2,1,3,0,0,0,0,0,3,2,1,0,无,拔突，刚弓,无,无要求,,,已登场,神代胜利,浪人,其他,无,平户之町,无,已登场,神代胜利,浪人,其他,无,平户之町,无,已登场,神代胜利,浪人,其他,无,平户之町,无,已死亡,神代胜利,无效,无效,无,无效,无,已死亡,神代胜利,无效,无效,无,无效,无,已死亡,神代胜利,无效,无效,无,无效,无,已死亡,神代胜利,无效,无效,无,无效,无,已死亡,神代胜利,无效,无效,无,无效,无,已登场,神代胜利,浪人,其他,无,金泽之町,无,
920,8,赤星统家,赤星,需新建,lord_1_akaboshi,Akaboshi Munie,,,,,1530,1549,1619,病死,,,,,,只限武将,60,60,性急,普通,普通,普通,普通,65,武具,普通,普通,藤原氏,刀剑,35,43,61,44,42,2,2,1,0,1,2,1,0,1,0,1,0,0,1,1,0,无,强袭，拔突，铁壁,无,无要求,,,已登场,赤星统家,侍大将,直臣,龙造寺家,佐嘉城,无,已登场,赤星统家,侍大将,直臣,龙造寺家,佐嘉城,无,已登场,赤星统家,侍大将,直臣,龙造寺家,佐嘉城,无,已登场,赤星统家,侍大将,直臣,龙造寺家,佐嘉城,无,已登场,赤星统家,侍大将,直臣,龙造寺家,佐嘉城,无,已登场,赤星统家,侍大将,直臣,龙造寺家,佐嘉城,无,已登场,赤星统家,侍大将,直臣,龙造寺家,佐嘉城,无,已登场,赤星统家,侍大将,直臣,岛津家,内城,无,已登场,赤星统家,部将,直臣,赤穴家,中村城,无,
921,99,伊集院忠朗,伊集院,精确匹配,lord_1_ijuin_10,Ijuin Tadaaki,clan_ijuin_1,saikai,精确匹配织丰,,1502,1549,1566,病死,,,,,,只限武将,30,30,普通,普通,现实,慎重,重视情义,63,南蛮物,普通,嗜酒如命,源氏,火绳枪,54,52,42,57,70,1,1,2,2,0,2,3,0,2,0,1,1,0,0,0,2,齐攻,强袭，拔突，急所击，刚力，铁壁,无,一般条件,,,已登场,伊集院忠朗,家老,直臣,岛津家,内城,无,已登场,伊集院忠朗,家老,直臣,岛津家,内城,无,已登场,伊集院忠朗,家老,直臣,岛津家,内城,无,已死亡,伊集院忠朗,无效,无效,无,无效,无,已死亡,伊集院忠朗,无效,无效,无,无效,无,已死亡,伊集院忠朗,无效,无效,无,无效,无,已死亡,伊集院忠朗,无效,无效,无,无效,无,已死亡,伊集院忠朗,无效,无效,无,无效,无,已登场,伊集院忠朗,浪人,其他,无,温泉津之町,无,
922,288,桦山久高,桦山,需新建,lord_1_kudaka,Kabayama Hisataka,,,,,1558,1572,1634,病死,,,,,,只限武将,30,30,普通,勇敢,普通,普通,普通,55,武具,普通,普通,源氏,火绳枪,51,54,45,51,45,1,0,1,1,0,1,0,1,0,1,1,0,2,0,0,0,无,急所击,无,无要求,,,未登场,桦山久高,足轻组头,直臣,岛津家,内城,无,未登场,桦山久高,足轻组头,直臣,岛津家,内城,无,未登场,桦山久高,足轻组头,直臣,岛津家,内城,无,未登场,桦山久高,足轻组头,直臣,岛津家,内城,无,已登场,桦山久高,足轻组头,直臣,岛津家,内城,无,已登场,桦山久高,足轻组头,直臣,岛津家,内城,无,已登场,桦山久高,足轻组头,直臣,岛津家,内城,无,已登场,桦山久高,侍大将,直臣,岛津家,内城,无,已登场,桦山久高,部将,直臣,山中家,江户城,无,
923,744,藤田信吉,藤田,需新建,lord_1_fujitashinkichi,Fujita Shinkichi,,,,,1559,1573,1616,病死,,,,,,全职种,85,85,温和,胆小,理想,慎重,普通,20,艺术品,无欲,滴酒不沾,其他,枪,55,55,61,48,47,1,0,0,0,0,0,0,0,0,1,0,0,2,2,1,1,无,拔突,无,无要求,,,未登场,藤田信吉,足轻组头,直臣,北条家,小田原城,无,未登场,藤田信吉,足轻组头,直臣,北条家,小田原城,无,未登场,藤田信吉,足轻组头,直臣,北条家,小田原城,无,未登场,藤田信吉,足轻组头,直臣,北条家,小田原城,无,已登场,藤田信吉,足轻组头,直臣,北条家,小田原城,无,已登场,藤田信吉,足轻组头,直臣,北条家,小田原城,无,已登场,藤田信吉,部将,直臣,上杉家,春日山城,无,已登场,藤田信吉,足轻大将,直臣,上杉家,会津若松城,无,已登场,藤田信吉,浪人,其他,无,姬路之町,无,
924,823,间宫康俊,间宫,需新建,lord_1_yasutoshi,Mamiya Yasutoshi,,,,,1518,1549,1590,战死,,,,,,全职种,80,80,普通,勇敢,理想,轻率,普通,50,武具,普通,嗜酒如命,源氏,刀剑,72,57,52,50,34,3,0,0,4,2,1,2,0,0,0,0,0,0,0,0,0,水上拖延,拔突，刚弓,无,无要求,,,已登场,间宫康俊,船头,直臣,相模水军,三崎之砦,无,已登场,间宫康俊,船头,直臣,相模水军,三崎之砦,无,已登场,间宫康俊,船头,直臣,相模水军,三崎之砦,无,已登场,间宫康俊,船头,直臣,相模水军,三崎之砦,无,已登场,间宫康俊,船头,直臣,相模水军,三崎之砦,无,已登场,间宫康俊,船头,直臣,相模水军,三崎之砦,无,已登场,间宫康俊,船头,直臣,相模水军,三崎之砦,无,已死亡,间宫康俊,无效,无效,无,无效,无,已登场,间宫康俊,浪人,其他,无,富山之町,无,
925,922,由布惟信,由布,需新建,lord_1_yuutadashin,Yufu Koreyuki,,,,,1527,1549,1612,病死,,,,,,只限武将,84,84,普通,勇敢,理想,普通,重视情义,62,武具,普通,普通,其他,刀剑,67,78,52,71,72,3,2,2,0,1,2,3,0,0,0,0,0,1,1,0,0,无,强袭，连续斩，拔突，刚力，铁壁,无,一般条件,,,已登场,由布惟信,足轻组头,陪臣（户次鉴连）,大友家,府内城,无,已登场,由布惟信,足轻组头,陪臣（户次鉴连）,大友家,府内城,无,已登场,由布惟信,足轻组头,陪臣（户次鉴连）,大友家,府内城,无,已登场,由布惟信,足轻组头,陪臣（户次鉴连）,大友家,府内城,无,已登场,由布惟信,足轻组头,陪臣（立花道雪）,大友家,立花山城,无,已登场,由布惟信,足轻组头,陪臣（立花道雪）,大友家,立花山城,无,已登场,由布惟信,城主,直臣,大友家,冈城,无,已登场,由布惟信,家老,直臣,立花家,柳川城,无,已登场,由布惟信,浪人,其他,无,敦贺之町,无,
926,250,小滨光隆,小滨,需新建,lord_1_shoutakashi,Kashin Mitsutaka,,,,,1572,1586,1645,病死,小滨景隆,207,,,小滨景隆,全职种,88,88,普通,勇敢,现实,普通,普通,40,南蛮物,普通,嗜酒如命,其他,刀剑,54,54,59,40,59,1,0,2,3,1,0,1,0,0,0,0,2,2,1,0,0,水上拖延,强袭，连续斩，刚力,无,无要求,,,未登场,小滨光隆,水夫头,陪臣（小滨景隆）,骏河水军,清水之砦,无,未登场,小滨光隆,水夫头,陪臣（小滨景隆）,骏河水军,清水之砦,无,未登场,小滨光隆,水夫头,陪臣（小滨景隆）,骏河水军,清水之砦,无,未登场,小滨光隆,水夫头,陪臣（小滨景隆）,骏河水军,清水之砦,无,未登场,小滨光隆,水夫头,陪臣（小滨景隆）,骏河水军,清水之砦,无,已登场,小滨光隆,水夫头,陪臣（小滨景隆）,骏河水军,清水之砦,无,已登场,小滨光隆,水夫头,陪臣（小滨景隆）,骏河水军,清水之砦,无,已登场,小滨光隆,浪人,其他,无,骏府之町,无,已登场,小滨光隆,部将,直臣,小笠原家,小仓城,无,
927,54,天草四郎,天草,姓氏推断,lord_1_amakusa_shirou,Amakusa Shirou,clan_amakusa_1,saikai,家族和文化自动推断,,1546,1560,1638,战死,,,,,,全职种,50,50,性急,勇敢,理想,轻率,普通,78,南蛮物,贪心,普通,其他,刀剑,67,32,57,77,89,1,1,3,0,0,2,1,1,0,0,0,2,0,3,0,0,加护,强袭，拔突，急所击，铁壁，伤药,无,不可,天主教大名 大友宗麟/有马晴信/黑田如水/小西行长,,已死亡,天草四郎,无效,无效,无,无效,无,已死亡,天草四郎,无效,无效,无,无效,无,已死亡,天草四郎,无效,无效,无,无效,无,已死亡,天草四郎,无效,无效,无,无效,无,已死亡,天草四郎,无效,无效,无,无效,无,已死亡,天草四郎,无效,无效,无,无效,无,已死亡,天草四郎,无效,无效,无,无效,无,已死亡,天草四郎,无效,无效,无,无效,无,已登场,天草四郎,家老,直臣,茶屋家,岐阜城,无,
928,746,船越景直,船越,需新建,lord_1_funakoshikeichoku,Funakoshi Keinao,,,,,1540,1554,1611,病死,,,,,,全职种,30,10,温和,普通,现实,普通,普通,42,艺术品,普通,滴酒不沾,藤原氏,刀剑,52,66,45,41,51,1,0,2,3,2,0,2,0,0,0,0,0,1,1,3,0,水上拖延,强袭，刚弓,无,无要求,,,未登场,船越景直,船头,直臣,淡路水军,洲本之砦,无,已登场,船越景直,船头,直臣,淡路水军,洲本之砦,无,已登场,船越景直,船头,直臣,淡路水军,洲本之砦,无,已登场,船越景直,船头,直臣,淡路水军,洲本之砦,无,已登场,船越景直,船头,直臣,淡路水军,洲本之砦,无,已登场,船越景直,足轻组头,陪臣（羽柴秀吉）,织田家,姬路城,无,已登场,船越景直,浪人,其他,无,姬路之町,无,已登场,船越景直,部将,直臣,德川家,江户城,无,已登场,船越景直,浪人,其他,无,浦户之町,无,
929,558,伊达小次郎,伊达,姓氏推断,lord_1_date_kojirou,Date Kojirou,clan_date_1,ou,家族和文化自动推断,,1568,1578,1590,战死,伊达辉宗,464,伊达晴宗,465,石川昭光 伊达辉宗 伊达晴宗 伊达政宗 留守政景,只限武将,62,62,性急,勇敢,理想,轻率,不重情义,67,武具,普通,普通,藤原氏,刀剑,26,58,31,59,52,2,1,0,0,1,2,2,0,2,1,0,1,2,1,0,0,骑射突击,强袭，连续斩，毒斩，拔突，急所击，铁壁,无,不可,,主角伊达政宗，兄弟之情剧情,未登场,伊达小次郎,足轻组头,直臣,伊达家,米泽城,无,未登场,伊达小次郎,足轻组头,直臣,伊达家,米泽城,无,未登场,伊达小次郎,足轻组头,直臣,伊达家,米泽城,无,未登场,伊达小次郎,足轻组头,直臣,伊达家,米泽城,无,未登场,伊达小次郎,足轻组头,直臣,伊达家,米泽城,无,已登场,伊达小次郎,足轻组头,直臣,伊达家,米泽城,无,已登场,伊达小次郎,足轻组头,直臣,伊达家,米泽城,无,已死亡,伊达小次郎,无效,无效,无,无效,无,已登场,伊达小次郎,足轻组头,直臣,小笠原家,小仓城,无,
930,283,金光文右卫门,金光,需新建,lord_1_kanemitsubunmigi,Kanemitsu Bueimon,,,,,1563,1577,1621,病死,,,,,,全职种,15,60,温和,勇敢,现实,慎重,普通,34,书籍,无欲,普通,其他,枪,44,57,73,65,62,1,0,1,3,1,2,0,0,2,0,0,3,0,0,0,1,无,强袭，拔突，刚力，铁壁，丢钱,无,无要求,,,未登场,金光文右卫门,船头,直臣,土佐水军,十市之砦,无,未登场,金光文右卫门,船头,直臣,土佐水军,十市之砦,无,未登场,金光文右卫门,船头,直臣,土佐水军,十市之砦,无,未登场,金光文右卫门,船头,直臣,土佐水军,十市之砦,无,未登场,金光文右卫门,船头,直臣,土佐水军,十市之砦,无,已登场,金光文右卫门,船头,直臣,土佐水军,十市之砦,无,已登场,金光文右卫门,船头,直臣,土佐水军,十市之砦,无,已登场,金光文右卫门,船头,直臣,土佐水军,十市之砦,无,已登场,金光文右卫门,浪人,其他,无,富山之町,无,
931,629,友野宗善,友野,需新建,lord_1_tomonoshuuzen,Tomono Sozen,,,,,1536,1550,1620,病死,友野二郎兵卫,576,,,友野二郎兵卫,全职种,60,60,温和,普通,普通,慎重,普通,70,书籍,贪心,普通,其他,枪,40,15,72,70,55,0,0,0,0,0,0,0,1,2,1,1,4,2,3,2,1,无,拔突，丢钱，贿赂,无,无要求,,,未登场,友野宗善,掌柜,直臣,友野屋,骏府之町,无,已登场,友野宗善,掌柜,直臣,友野屋,骏府之町,无,已登场,友野宗善,掌柜,直臣,友野屋,骏府之町,无,已登场,友野宗善,掌柜,直臣,友野屋,骏府之町,无,已登场,友野宗善,浪人,其他,无,骏府之町,无,已登场,友野宗善,浪人,其他,无,骏府之町,无,已登场,友野宗善,浪人,其他,无,骏府之町,无,已登场,友野宗善,浪人,其他,无,骏府之町,无,已登场,友野宗善,浪人,其他,无,柳川之町,无,
932,571,多米元忠,多米,姓氏推断,lord_1_satomi_mototada,Satomi Mototada,,kanto,,,1519,1549,1590,病死,,,,,,只限武将,82,82,普通,勇敢,普通,慎重,重视情义,89,书籍,贪心,嗜酒如命,其他,刀剑,73,30,58,77,72,2,3,0,1,2,3,2,0,0,0,2,0,1,1,0,0,无,强袭，连续斩，拔突，刚弓，刚力，铁壁,无,一般条件,,,已登场,多米元忠,部将,直臣,北条家,小田原城,无,已登场,多米元忠,部将,直臣,北条家,小田原城,无,已登场,多米元忠,部将,直臣,北条家,小田原城,无,已登场,多米元忠,部将,直臣,北条家,小田原城,无,已登场,多米元忠,部将,直臣,北条家,小田原城,无,已登场,多米元忠,部将,直臣,北条家,小田原城,无,已登场,多米元忠,部将,直臣,北条家,小田原城,无,已死亡,多米元忠,无效,无效,无,无效,无,已登场,多米元忠,浪人,其他,无,小仓之町,无,
933,167,宇野源十郎,宇野,需新建,lord_1_unogenjuurou,Uno Genjuro,,,,,1549,1563,1620,病死,宇野藤右卫门,111,,,宇野藤右卫门,武将以外优先,82,82,温和,胆小,现实,普通,普通,46,艺术品,贪心,普通,其他,枪,44,57,40,66,50,0,0,0,1,0,0,0,0,1,1,1,3,2,3,1,3,无,强袭，伤药，丢钱,无,无要求,,,未登场,宇野源十郎,掌柜,直臣,虎屋,小田原之町,无,未登场,宇野源十郎,掌柜,直臣,虎屋,小田原之町,无,未登场,宇野源十郎,掌柜,直臣,虎屋,小田原之町,无,已登场,宇野源十郎,掌柜,直臣,虎屋,小田原之町,无,已登场,宇野源十郎,掌柜,直臣,虎屋,小田原之町,无,已登场,宇野源十郎,掌柜,直臣,虎屋,小田原之町,无,已登场,宇野源十郎,掌柜,直臣,虎屋,小田原之町,无,已登场,宇野源十郎,浪人,其他,无,小田原之町,无,已登场,宇野源十郎,部将,直臣,十河家,广岛城,无,
934,596,津田宗凡,津田,需新建,lord_1_tsudashuubon,Tsuda Sohan,,,,,1562,1576,1620,病死,津田宗及,418,,,津田宗及,武将以外优先,5,20,温和,普通,普通,慎重,重视情义,40,艺术品,普通,滴酒不沾,其他,枪,40,27,58,65,62,1,0,0,1,0,0,1,0,2,0,0,3,0,1,3,2,无,拔突，丢钱,无,无要求,,,未登场,津田宗凡,伙计,陪臣（津田宗及）,天王寺屋,堺之町,无,未登场,津田宗凡,伙计,陪臣（津田宗及）,天王寺屋,堺之町,无,未登场,津田宗凡,伙计,陪臣（津田宗及）,天王寺屋,堺之町,无,未登场,津田宗凡,伙计,陪臣（津田宗及）,天王寺屋,堺之町,无,已登场,津田宗凡,伙计,直臣,天王寺屋,堺之町,无,已登场,津田宗凡,伙计,直臣,天王寺屋,堺之町,无,已登场,津田宗凡,伙计,直臣,天王寺屋,堺之町,无,已登场,津田宗凡,浪人,其他,无,堺之町,无,已登场,津田宗凡,船头,直臣,盐饱水军,盐饱之砦,无,
935,493,末次平藏,末次,需新建,lord_1_suetsuguheizou,Suetsugu Heizo,,,,,1546,1560,1630,病死,,,,,,武将以外优先,0,0,普通,普通,普通,普通,不重情义,70,南蛮物,贪心,普通,其他,枪,68,57,59,68,63,1,1,0,1,0,0,0,1,2,0,0,3,2,3,0,2,无,拔突，丢钱,无,一般条件,,,未登场,末次平藏,伙计,直臣,博多屋,博多之町,无,未登场,末次平藏,伙计,直臣,博多屋,博多之町,无,已登场,末次平藏,伙计,直臣,博多屋,博多之町,无,已登场,末次平藏,伙计,直臣,博多屋,博多之町,无,已登场,末次平藏,伙计,直臣,博多屋,博多之町,无,已登场,末次平藏,伙计,直臣,博多屋,博多之町,无,已登场,末次平藏,伙计,直臣,博多屋,博多之町,无,已登场,末次平藏,伙计,直臣,博多屋,博多之町,无,已登场,末次平藏,浪人,其他,无,岐阜之町,无,
936,53,甘粕景持,甘粕,需新建,lord_1_amakasukeiji,Amakasu Kagemochi,,,,,1535,1549,1604,病死,,,,,,只限武将,15,15,普通,勇敢,普通,普通,重视情义,82,武具,贪心,嗜酒如命,源氏,枪,77,80,39,77,58,3,3,0,0,2,2,3,1,0,0,3,2,0,1,2,2,齐攻,强袭，拔突，刚弓，刚力，铁壁,无,一般条件,,,已登场,甘粕景持,足轻大将,直臣,长尾家,春日山城,无,已登场,甘粕景持,足轻大将,直臣,长尾家,春日山城,无,已登场,甘粕景持,足轻大将,直臣,长尾家,春日山城,无,已登场,甘粕景持,足轻大将,直臣,上杉家,春日山城,无,已登场,甘粕景持,足轻大将,直臣,上杉家,春日山城,无,已登场,甘粕景持,足轻大将,直臣,上杉家,春日山城,无,已登场,甘粕景持,足轻大将,直臣,上杉家,春日山城,无,已登场,甘粕景持,部将,直臣,上杉家,会津若松城,无,已登场,甘粕景持,浪人,其他,无,诹访之町,无,
937,907,山崎吉家,山崎,精确匹配,lord_1_yamazaki,Yamazaki Yoshiie,clan_yamazaki_1,hokuriku,精确匹配织丰,,1516,1549,1573,战死,,,,,,全职种,50,50,性急,勇敢,普通,轻率,普通,75,书籍,贪心,普通,源氏,刀剑,46,39,65,66,64,1,2,0,0,0,0,2,1,0,2,0,0,2,1,1,1,无,强袭,无,无要求,,,已登场,山崎吉家,足轻大将,直臣,朝仓家,一乘谷城,无,已登场,山崎吉家,足轻大将,直臣,朝仓家,一乘谷城,无,已登场,山崎吉家,足轻大将,直臣,朝仓家,一乘谷城,无,已登场,山崎吉家,足轻大将,直臣,朝仓家,一乘谷城,无,已死亡,山崎吉家,无效,无效,无,无效,无,已死亡,山崎吉家,无效,无效,无,无效,无,已死亡,山崎吉家,无效,无效,无,无效,无,已死亡,山崎吉家,无效,无效,无,无效,无,已登场,山崎吉家,部将,直臣,山中家,江户城,无,
938,301,唐泽玄蕃,唐泽,需新建,lord_1_touban,Karasawa Genba,,,,,1546,1560,1620,病死,,,,,,武将以外优先,49,49,普通,勇敢,现实,慎重,重视情义,53,武具,普通,嗜酒如命,其他,苦无,66,53,61,64,42,2,1,0,1,0,2,0,4,0,0,1,1,0,0,0,1,鬼脚之术，千里眼术,强袭，拔突，二连苦无，半月，毒苦无，空蝉之术，铁壁，韦陀天之术,无,无要求,,,未登场,唐泽玄蕃,上忍,直臣,户隐众,户隐之里,无,未登场,唐泽玄蕃,上忍,直臣,户隐众,户隐之里,无,已登场,唐泽玄蕃,上忍,直臣,户隐众,户隐之里,无,已登场,唐泽玄蕃,上忍,直臣,户隐众,户隐之里,无,已登场,唐泽玄蕃,上忍,直臣,户隐众,户隐之里,无,已登场,唐泽玄蕃,上忍,直臣,户隐众,户隐之里,无,已登场,唐泽玄蕃,上忍,直臣,户隐众,户隐之里,无,已登场,唐泽玄蕃,上忍,直臣,户隐众,户隐之里,无,已登场,唐泽玄蕃,浪人,其他,无,赤间关之町,无,
939,147,植田光次,植田,需新建,lord_1_uedakouji,Uedaa Koji,,,,,1512,1549,1586,病死,,,,,,武将以外优先,80,80,普通,胆小,现实,慎重,重视情义,25,艺术品,无欲,普通,其他,苦无,61,56,68,35,64,3,1,3,0,0,2,2,4,1,0,0,1,1,2,0,3,无,强袭，拔突，二连苦无，半月，急所击，毒苦无，铁壁，伤药,无,无要求,,,已登场,植田光次,中忍,直臣,伊贺众,伊贺之里,无,已登场,植田光次,中忍,直臣,伊贺众,伊贺之里,无,已登场,植田光次,中忍,直臣,伊贺众,伊贺之里,无,已登场,植田光次,中忍,直臣,伊贺众,伊贺之里,无,已登场,植田光次,中忍,直臣,伊贺众,伊贺之里,无,已登场,植田光次,中忍,直臣,伊贺众,伊贺之里,无,已登场,植田光次,中忍,直臣,伊贺众,伊贺之里,无,已死亡,植田光次,无效,无效,无,无效,无,已登场,植田光次,浪人,其他,无,八代之町,无,
940,527,大林坊俊海,大林坊,需新建,lord_1_oobayashiboushunumi,Obayashibo Shunkai,,,,,1567,1581,1657,病死,,,,,,全职种,60,60,普通,勇敢,普通,普通,重视情义,30,南蛮物,无欲,嗜酒如命,其他,苦无,55,66,32,56,67,1,1,0,1,1,1,1,4,0,2,1,3,0,2,0,3,无,二连苦无，半月，毒苦无，伤药，丢钱,无,无要求,,,未登场,大林坊俊海,中忍,直臣,黑胫巾众,黑胫巾之里,无,未登场,大林坊俊海,中忍,直臣,黑胫巾众,黑胫巾之里,无,未登场,大林坊俊海,中忍,直臣,黑胫巾众,黑胫巾之里,无,未登场,大林坊俊海,中忍,直臣,黑胫巾众,黑胫巾之里,无,未登场,大林坊俊海,中忍,直臣,黑胫巾众,黑胫巾之里,无,已登场,大林坊俊海,中忍,直臣,黑胫巾众,黑胫巾之里,无,已登场,大林坊俊海,中忍,直臣,黑胫巾众,黑胫巾之里,无,已登场,大林坊俊海,中忍,直臣,黑胫巾众,黑胫巾之里,无,已登场,大林坊俊海,水夫头,直臣,安东水军,十三凑之砦,无,
941,162,内田托马,内田,需新建,lord_1_uchidataku,Uchida Toma,,,,,1538,1552,1618,病死,,,,,,没那个意思,20,20,温和,胆小,理想,慎重,普通,10,南蛮物,普通,滴酒不沾,其他,枪,21,33,64,48,72,0,0,0,0,0,0,0,0,0,0,1,2,0,2,0,4,加护,拔突，伤药，止血，丢钱,能医,一般条件,,,已登场,内田托马,医师,其他,无,府内之町,无,已登场,内田托马,医师,其他,无,府内之町,无,已登场,内田托马,医师,其他,无,府内之町,无,已登场,内田托马,医师,其他,无,府内之町,无,已登场,内田托马,医师,其他,无,府内之町,无,已登场,内田托马,医师,其他,无,府内之町,无,已登场,内田托马,医师,其他,无,府内之町,无,已登场,内田托马,医师,其他,无,府内之町,无,已登场,内田托马,医师,其他,无,宇须岸之町,无,
942,225,奥弥兵卫,奥弥,需新建,lord_1_okuyahei,Oku Yahei,,,,,1560,1574,1612,病死,,,,,,全职种,40,40,普通,勇敢,普通,普通,重视情义,50,南蛮物,贪心,嗜酒如命,其他,火绳枪,66,60,66,69,47,0,1,4,0,0,0,1,0,1,0,2,3,0,3,1,0,无,急所击，二挺击，石火，乱射，丢钱,火枪能手,无要求,,,未登场,奥弥兵卫,浪人,其他,无,足利之町,无,未登场,奥弥兵卫,浪人,其他,无,足利之町,无,未登场,奥弥兵卫,浪人,其他,无,足利之町,无,未登场,奥弥兵卫,浪人,其他,无,足利之町,无,已登场,奥弥兵卫,浪人,其他,无,足利之町,无,已登场,奥弥兵卫,浪人,其他,无,足利之町,无,已登场,奥弥兵卫,浪人,其他,无,足利之町,无,已登场,奥弥兵卫,浪人,其他,无,足利之町,无,已登场,奥弥兵卫,浪人,其他,无,鹿儿岛之町,无,
943,487,秦泉寺丰后,秦泉寺,需新建,lord_1_jinzenji,Jinzenji Bungo,,,,,1511,1549,1562,战死,,,,,,全职种,80,80,普通,勇敢,普通,轻率,不重情义,73,武具,贪心,嗜酒如命,其他,枪,51,67,40,68,52,1,0,0,2,1,2,2,1,0,0,0,1,0,0,0,1,无,强袭，拔突，粘花，铁壁,无,无要求,,,已登场,秦泉寺丰后,足轻组头,直臣,长宗我部家,冈丰城,无,已登场,秦泉寺丰后,足轻组头,直臣,长宗我部家,冈丰城,无,已登场,秦泉寺丰后,足轻组头,直臣,长宗我部家,冈丰城,无,已死亡,秦泉寺丰后,无效,无效,无,无效,无,已死亡,秦泉寺丰后,无效,无效,无,无效,无,已死亡,秦泉寺丰后,无效,无效,无,无效,无,已死亡,秦泉寺丰后,无效,无效,无,无效,无,已死亡,秦泉寺丰后,无效,无效,无,无效,无,已登场,秦泉寺丰后,浪人,其他,无,宇须岸之町,无,
944,374,后藤宗印,后藤,姓氏推断,lord_1_matsuura_shuuin,Goto Shuuin,,saikai,,,1545,1559,1627,病死,,,,,,没那个意思,0,0,普通,普通,理想,轻率,普通,35,南蛮物,无欲,嗜酒如命,藤原氏,火绳枪,52,53,63,61,57,2,2,3,3,1,1,2,1,3,1,2,3,1,3,1,1,加护,拔突，急所击，丢钱,无,一般条件,,,未登场,后藤宗印,浪人,其他,无,平户之町,无,未登场,后藤宗印,浪人,其他,无,平户之町,无,已登场,后藤宗印,浪人,其他,无,平户之町,无,已登场,后藤宗印,浪人,其他,无,平户之町,无,已登场,后藤宗印,浪人,其他,无,平户之町,无,已登场,后藤宗印,浪人,其他,无,平户之町,无,已登场,后藤宗印,浪人,其他,无,平户之町,无,已登场,后藤宗印,浪人,其他,无,平户之町,无,已登场,后藤宗印,浪人,其他,无,甲府之町,无,
945,1,爱洲元香斋,爱洲,需新建,lord_1_motokaori,Aisu Motokosai,,,,,1519,1549,1590,病死,,,,,,没那个意思,60,60,普通,胆小,现实,慎重,普通,20,武具,无欲,普通,源氏,刀剑,53,86,25,22,47,1,0,0,0,0,4,1,0,0,0,0,0,1,0,0,0,无,强袭，连续斩，月影，一刀两断，拔突，浮舟，当身，肋一寸，刚力，金刚力，铁壁，天狗抄，心眼，大喝,剑豪,一般条件,,,已登场,爱洲元香斋,浪人,其他,无,鹿岛之町,阴流,已登场,爱洲元香斋,浪人,其他,无,鹿岛之町,阴流,已登场,爱洲元香斋,浪人,其他,无,鹿岛之町,阴流,已登场,爱洲元香斋,浪人,其他,无,鹿岛之町,阴流,已登场,爱洲元香斋,浪人,其他,无,鹿岛之町,阴流,已登场,爱洲元香斋,浪人,其他,无,鹿岛之町,阴流,已登场,爱洲元香斋,师范,其他,无,鹿岛之町,阴流,已死亡,爱洲元香斋,无效,无效,无,无效,无,已登场,爱洲元香斋,浪人,其他,无,冈崎之町,阴流,
946,292,上泉泰纲,上泉,需新建,lord_1_kamiizumiyasushi,Kamiizumi Yasutaka,,,,,1552,1566,1600,战死,,,上泉信纲,296,上泉信纲,全职种,0,0,普通,胆小,现实,普通,普通,50,武具,普通,普通,其他,刀剑,56,65,32,24,42,1,0,0,1,0,2,1,1,0,0,0,0,1,0,0,1,无,强袭，连续斩，月影，拔突，金刚力，铁壁,剑士,无要求,,,未登场,上泉泰纲,浪人,其他,无,厩桥之町,无,未登场,上泉泰纲,浪人,其他,无,厩桥之町,无,未登场,上泉泰纲,浪人,其他,无,厩桥之町,无,已登场,上泉泰纲,浪人,其他,无,厩桥之町,无,已登场,上泉泰纲,浪人,其他,无,厩桥之町,无,已登场,上泉泰纲,浪人,其他,无,厩桥之町,无,已登场,上泉泰纲,浪人,其他,无,厩桥之町,无,已登场,上泉泰纲,浪人,其他,无,厩桥之町,无,已登场,上泉泰纲,部将,直臣,上泉家,内城,无,
947,512,濑户方久,濑户,需新建,lord_1_houkyuu,Seto Hokyu,,,,,1525,1549,1606,病死,,,,,,武将以外优先,80,80,温和,普通,现实,慎重,普通,65,艺术品,普通,普通,源氏,枪,53,25,59,60,65,0,0,1,0,0,0,0,0,2,2,0,4,0,3,2,0,无,拔突，丢钱，贿赂，大宴宾客,无,一般条件,,,已登场,濑户方久,浪人,其他,无,滨松之町,无,已登场,濑户方久,浪人,其他,无,滨松之町,无,已登场,濑户方久,浪人,其他,无,滨松之町,无,已登场,濑户方久,浪人,其他,无,滨松之町,无,已登场,濑户方久,浪人,其他,无,滨松之町,无,已登场,濑户方久,浪人,其他,无,滨松之町,无,已登场,濑户方久,浪人,其他,无,滨松之町,无,已登场,濑户方久,浪人,其他,无,滨松之町,无,已登场,濑户方久,浪人,其他,无,松江之町,无,
948,519,苏我理右卫门,苏我,需新建,lord_1_rimigi,Soga Rimigiemon,,,,,1572,1582,1636,病死,,,,,,武将以外优先,50,50,普通,普通,现实,慎重,普通,75,南蛮物,贪心,嗜酒如命,其他,枪,46,47,71,66,67,1,1,1,1,0,0,1,0,3,1,4,3,1,2,2,1,无,拔突，丢钱,无,一般条件,,,未登场,苏我理右卫门,浪人,其他,无,石山之町,无,未登场,苏我理右卫门,浪人,其他,无,石山之町,无,未登场,苏我理右卫门,浪人,其他,无,石山之町,无,未登场,苏我理右卫门,浪人,其他,无,石山之町,无,未登场,苏我理右卫门,浪人,其他,无,石山之町,无,已登场,苏我理右卫门,浪人,其他,无,石山之町,无,已登场,苏我理右卫门,浪人,其他,无,石山之町,无,已登场,苏我理右卫门,浪人,其他,无,大坂之町,无,已登场,苏我理右卫门,浪人,其他,无,油津之町,无,
949,811,松下常庆,松下,需新建,lord_1_matsushitatsune,Matsushita Tsunekiyo,,,,,1558,1572,1624,病死,,,,,,武将以外优先,90,90,普通,普通,普通,普通,重视情义,30,书籍,无欲,嗜酒如命,源氏,锁镰,61,75,54,52,66,3,3,2,1,0,3,1,4,2,2,3,2,0,1,0,3,千里眼术，幻惑之术，雷爆之术,强袭，连续斩，拔突，二连苦无，半月，千鸟，刚力，铁壁，伤药，蛇咬,无,一般条件,,,未登场,松下常庆,浪人,其他,无,滨松之町,无,未登场,松下常庆,浪人,其他,无,滨松之町,无,未登场,松下常庆,浪人,其他,无,滨松之町,无,未登场,松下常庆,浪人,其他,无,滨松之町,无,已登场,松下常庆,浪人,其他,无,滨松之町,无,已登场,松下常庆,浪人,其他,无,滨松之町,无,已登场,松下常庆,浪人,其他,无,滨松之町,无,已登场,松下常庆,浪人,其他,无,滨松之町,无,已登场,松下常庆,伙计,直臣,鱼屋,严岛之町,无,
950,821,曲直濑玄朔,曲直濑,需新建,lord_1_kyokuchokusaku,Manase Gensaku,,,,,1549,1563,1632,病死,,,,,,武将以外优先,10,10,温和,普通,普通,慎重,重视情义,20,书籍,普通,滴酒不沾,其他,枪,36,37,66,50,82,0,0,0,0,0,0,0,0,0,0,1,3,3,2,2,4,无,拔突，伤药，止血，丢钱,无,一般条件,,,未登场,曲直濑玄朔,浪人,其他,无,京之町,无,未登场,曲直濑玄朔,浪人,其他,无,京之町,无,未登场,曲直濑玄朔,浪人,其他,无,京之町,无,已登场,曲直濑玄朔,浪人,其他,无,京之町,无,已登场,曲直濑玄朔,浪人,其他,无,京之町,无,已登场,曲直濑玄朔,浪人,其他,无,京之町,无,已登场,曲直濑玄朔,浪人,其他,无,京之町,无,已登场,曲直濑玄朔,浪人,其他,无,京之町,无,已登场,曲直濑玄朔,浪人,其他,无,津山之町,无,
951,398,三枝昌贞,三枝,需新建,lord_1_saegusamasa,Saegusa Masatada,,,,,1537,1551,1575,战死,,,,,,只限武将,65,65,普通,勇敢,普通,轻率,普通,55,武具,普通,普通,其他,枪,70,63,33,47,61,2,3,0,0,0,1,2,0,0,1,0,0,1,2,0,0,无,拔突，粘花，刚力，辱骂,无,无要求,,,未登场,三枝昌贞,侍大将,直臣,武田家,踯躅崎馆,无,已登场,三枝昌贞,侍大将,直臣,武田家,踯躅崎馆,无,已登场,三枝昌贞,侍大将,直臣,武田家,踯躅崎馆,无,已登场,三枝昌贞,侍大将,直臣,武田家,踯躅崎馆,无,已登场,三枝昌贞,侍大将,直臣,武田家,踯躅崎馆,无,已死亡,三枝昌贞,无效,无效,无,无效,无,已死亡,三枝昌贞,无效,无效,无,无效,无,已死亡,三枝昌贞,无效,无效,无,无效,无,已登场,三枝昌贞,部将,直臣,三刀屋家,骏府城,无,
952,93,石田正澄,石田,需新建,lord_1_ishidamasazumi,Ishida Masazumi,,,,,1556,1570,1600,战死,石田三成父,1347,,,石田三成,全职种,20,20,温和,普通,普通,慎重,重视情义,40,书籍,无欲,滴酒不沾,平氏,刀剑,33,26,60,75,77,1,1,0,0,1,0,2,0,1,3,2,3,3,2,1,0,无,拔突，丢钱,能吏,无要求,,,未登场,石田正澄,浪人,其他,无,今滨之町,无,未登场,石田正澄,浪人,其他,无,今滨之町,无,未登场,石田正澄,浪人,其他,无,今滨之町,无,未登场,石田正澄,浪人,其他,无,今滨之町,无,已登场,石田正澄,足轻组头,陪臣（羽柴秀吉）,织田家,长滨城,无,已登场,石田正澄,足轻组头,陪臣（羽柴秀吉）,织田家,姬路城,无,已登场,石田正澄,足轻组头,陪臣（石田三成）,羽柴家,石山本愿寺,无,已登场,石田正澄,部将,直臣,丰臣家,大坂城,无,已登场,石田正澄,浪人,其他,无,尾道之町,无,
953,727,一柳直盛,一柳,需新建,lord_1_ichiyanaginaomori,Ichiyanagi Naomori,,,,,1564,1578,1636,病死,一柳直高,1348,,,一柳直末,只限武将,0,95,性急,勇敢,现实,普通,不重情义,70,武具,贪心,嗜酒如命,其他,枪,65,53,52,44,37,2,1,1,1,0,0,1,0,0,0,1,0,0,0,0,0,无,拔突，卷枪，铁壁,无,无要求,,,未登场,一柳直盛,浪人,其他,无,石山之町,无,未登场,一柳直盛,浪人,其他,无,石山之町,无,未登场,一柳直盛,浪人,其他,无,石山之町,无,未登场,一柳直盛,浪人,其他,无,石山之町,无,未登场,一柳直盛,浪人,其他,无,石山之町,无,已登场,一柳直盛,浪人,其他,无,石山之町,无,已登场,一柳直盛,足轻组头,直臣,羽柴家,石山本愿寺,无,已登场,一柳直盛,浪人,其他,无,大坂之町,无,已登场,一柳直盛,部将,直臣,一宫家,春日山城,无,
954,383,驹井高白斋,驹井高,需新建,lord_1_takashiro,Komai Takushiro,,,,,1512,1549,1562,病死,,,,,,全职种,62,62,普通,普通,普通,慎重,重视情义,55,书籍,普通,普通,源氏,刀剑,66,50,79,64,67,1,1,0,0,1,0,1,0,0,2,0,1,2,2,1,0,无,强袭,雄辩,一般条件,,,已登场,驹井高白斋,部将,直臣,武田家,踯躅崎馆,无,已登场,驹井高白斋,部将,直臣,武田家,踯躅崎馆,无,已登场,驹井高白斋,部将,直臣,武田家,踯躅崎馆,无,已死亡,驹井高白斋,无效,无效,无,无效,无,已死亡,驹井高白斋,无效,无效,无,无效,无,已死亡,驹井高白斋,无效,无效,无,无效,无,已死亡,驹井高白斋,无效,无效,无,无效,无,已死亡,驹井高白斋,无效,无效,无,无效,无,已登场,驹井高白斋,家老,直臣,白石家,白地城,无,
955,289,镰田政年,镰田,需新建,lord_1_matsurigotonen,Kamada Masatoshi,,,,,1514,1549,1583,病死,,,,,,只限武将,30,30,普通,普通,普通,慎重,重视情义,71,南蛮物,贪心,嗜酒如命,藤原氏,刀剑,63,61,33,63,62,2,1,2,1,0,2,1,0,0,2,0,0,0,2,0,0,齐攻,强袭，连续斩，拔突，铁壁，辱骂,无,无要求,,,已登场,镰田政年,部将,直臣,岛津家,内城,无,已登场,镰田政年,部将,直臣,岛津家,内城,无,已登场,镰田政年,部将,直臣,岛津家,内城,无,已登场,镰田政年,部将,直臣,岛津家,内城,无,已登场,镰田政年,部将,直臣,岛津家,内城,无,已登场,镰田政年,部将,直臣,岛津家,内城,无,已死亡,镰田政年,无效,无效,无,无效,无,已死亡,镰田政年,无效,无效,无,无效,无,已登场,镰田政年,浪人,其他,无,仓敷之町,无,
956,475,清水景治,清水,需新建,lord_1_shimizukeiosamu,Shimizu Kageharu,,,,,1571,1585,1649,病死,清水宗治,396,,,清水宗治,全职种,40,40,普通,胆小,理想,慎重,重视情义,51,艺术品,普通,普通,其他,刀剑,58,62,68,52,74,1,0,0,2,0,1,2,0,0,0,0,3,0,1,2,0,无,强袭，丢钱,无,无要求,,,未登场,清水景治,足轻组头,陪臣（清水宗治）,毛利家,吉田郡山城,无,未登场,清水景治,足轻组头,陪臣（清水宗治）,毛利家,吉田郡山城,无,未登场,清水景治,足轻组头,陪臣（清水宗治）,毛利家,吉田郡山城,无,未登场,清水景治,足轻组头,陪臣（清水宗治）,毛利家,吉田郡山城,无,未登场,清水景治,足轻组头,陪臣（清水宗治）,毛利家,备中高松城,无,未登场,清水景治,足轻组头,陪臣（清水宗治）,毛利家,备中高松城,无,未登场,清水景治,足轻组头,直臣,毛利家,吉田郡山城,无,已登场,清水景治,足轻大将,直臣,毛利家,广岛城,无,已登场,清水景治,水夫头,直臣,淡路水军,洲本之砦,无,
957,576,千千石米格尔,千千石,需新建,lord_1_chijiishikomekaku,Chijiwa Migeiru,,,,,1569,1583,1633,病死,,,,,,全职种,70,70,普通,胆小,现实,慎重,普通,63,南蛮物,普通,普通,藤原氏,刀剑,34,26,52,65,67,0,0,0,0,0,0,0,0,2,1,0,2,3,3,0,1,加护,强袭,无,一般条件,,,未登场,千千石米格尔,足轻组头,陪臣（大村纯忠）,龙造寺家,大村城,无,未登场,千千石米格尔,足轻组头,陪臣（大村纯忠）,龙造寺家,大村城,无,未登场,千千石米格尔,足轻组头,陪臣（大村纯忠）,龙造寺家,大村城,无,未登场,千千石米格尔,足轻组头,陪臣（大村纯忠）,龙造寺家,大村城,无,未登场,千千石米格尔,足轻组头,陪臣（大村纯忠）,龙造寺家,大村城,无,已登场,千千石米格尔,足轻组头,陪臣（大村纯忠）,龙造寺家,大村城,无,已登场,千千石米格尔,足轻组头,陪臣（大村纯忠）,龙造寺家,佐嘉城,无,已登场,千千石米格尔,浪人,其他,无,平户之町,无,已登场,千千石米格尔,部将,直臣,千家,海津城,无,
958,896,弥助,,需新建,lord_1_yasuke,Yasuke,clan_oda_1,kinai,手工设定,,1555,1620,1635,战死,,,,,,全职种,0,0,普通,勇敢,理想,轻率,普通,85,武具,贪心,嗜酒如命,其他,火绳枪,40,88,8,32,50,3,2,3,2,0,3,0,0,0,0,0,0,0,0,0,0,无,强袭，连续斩，拔突，急所击，二挺击，刚力，铁壁,无,一般条件,,,未登场,弥助,浪人,其他,无,京之町,无,未登场,弥助,浪人,其他,无,京之町,无,未登场,弥助,浪人,其他,无,京之町,无,未登场,弥助,浪人,其他,无,京之町,无,未登场,弥助,浪人,其他,无,京之町,无,未登场,弥助,浪人,其他,无,京之町,无,已登场,弥助,浪人,其他,无,鹿儿岛之町,无,已登场,弥助,浪人,其他,无,鹿儿岛之町,无,已登场,弥助,浪人,其他,无,鹿岛之町,无,
959,825,三浦按针,三浦,需新建,lord_1_miuraan,Miura Anjin,,,,,1564,1600,1620,病死,,,,,,全职种,50,50,普通,胆小,现实,慎重,普通,60,南蛮物,普通,嗜酒如命,其他,火绳枪,54,79,57,52,85,1,2,3,4,0,0,1,0,2,0,3,4,1,3,0,2,水上拖延，水上禁行，加护,拔突，急所击，丢钱，贿赂,无,一般条件,,,未登场,三浦按针,浪人,其他,无,府内之町,无,未登场,三浦按针,浪人,其他,无,府内之町,无,未登场,三浦按针,浪人,其他,无,府内之町,无,未登场,三浦按针,浪人,其他,无,府内之町,无,未登场,三浦按针,浪人,其他,无,府内之町,无,未登场,三浦按针,浪人,其他,无,府内之町,无,未登场,三浦按针,浪人,其他,无,府内之町,无,未登场,三浦按针,浪人,其他,无,府内之町,无,已登场,三浦按针,家老,直臣,三刀屋家,骏府城,无,
1001,1001,主人公,,需新建,lord_1_shujinkou,Shujinkou,clan_japanese_1,,手工设定,,,,,,,,,,,,,,,,,,,,,,,,,,,,,,,,,,,,,,,,,,,,,,,,,,,,,,,,,,,,,,,,,,,,,,,,,,,,,,,,,,,,,,,,,,,,,,,,,,,,,,,,,,,,,,,,,,,
1002,1002,主人公妻,,需新建,lord_1_shujinkoutsuma,Shujinko Tsuma,clan_japanese_1,,手工设定,,,,,,,,,,,,,,,,,,,,,,,,,,,,,,,,,,,,,,,,,,,,,,,,,,,,,,,,,,,,,,,,,,,,,,,,,,,,,,,,,,,,,,,,,,,,,,,,,,,,,,,,,,,,,,,,,,,
1003,1003,主人公当主,,需新建,lord_1_shujinkoutoushu,Shujinko Toushu,clan_japanese_1,,手工设定,,,,,,,,,,,,,,,,,,,,,,,,,,,,,,,,,,,,,,,,,,,,,,,,,,,,,,,,,,,,,,,,,,,,,,,,,,,,,,,,,,,,,,,,,,,,,,,,,,,,,,,,,,,,,,,,,,,
1004,1004,无效,,需新建,lord_1_mukou,Mukou,clan_japanese_1,,手工设定,,,,,,,,,,,,,,,,,,,,,,,,,,,,,,,,,,,,,,,,,,,,,,,,,,,,,,,,,,,,,,,,,,,,,,,,,,,,,,,,,,,,,,,,,,,,,,,,,,,,,,,,,,,,,,,,,,,
1005,1005,发生人物,,需新建,lord_1_jinbutsu,Jinbutsu,clan_japanese_1,,手工设定,,,,,,,,,,,,,,,,,,,,,,,,,,,,,,,,,,,,,,,,,,,,,,,,,,,,,,,,,,,,,,,,,,,,,,,,,,,,,,,,,,,,,,,,,,,,,,,,,,,,,,,,,,,,,,,,,,,
1006,1006,目标人物,,需新建,lord_1_memono,Memono,clan_japanese_1,,手工设定,,,,,,,,,,,,,,,,,,,,,,,,,,,,,,,,,,,,,,,,,,,,,,,,,,,,,,,,,,,,,,,,,,,,,,,,,,,,,,,,,,,,,,,,,,,,,,,,,,,,,,,,,,,,,,,,,,,
1007,1007,保镖,,需新建,lord_1_ho,Hogo,clan_japanese_1,,手工设定,,,,,,,,,,,,,,,,,,,,,,,,,,,,,,,,,,,,,,,,,,,,,,,,,,,,,,,,,,,,,,,,,,,,,,,,,,,,,,,,,,,,,,,,,,,,,,,,,,,,,,,,,,,,,,,,,,,
1008,1008,备大将,,需新建,lord_1_shou,Shougun,clan_japanese_1,,手工设定,,,,,,,,,,,,,,,,,,,,,,,,,,,,,,,,,,,,,,,,,,,,,,,,,,,,,,,,,,,,,,,,,,,,,,,,,,,,,,,,,,,,,,,,,,,,,,,,,,,,,,,,,,,,,,,,,,,
1009,1009,僧侣,,需新建,lord_1_sou,Souryo,clan_japanese_1,,手工设定,,,,,,,,,,,,,,,,,,,,,,,,,,,,,,,,,,,,,,,,,,,,,,,,,,,,,,,,,,,,,,,,,,,,,,,,,,,,,,,,,,,,,,,,,,,,,,,,,,,,,,,,,,,,,,,,,,,
1010,1010,公家,,需新建,lord_1_kuge,Kuge,clan_japanese_1,,手工设定,,,,,,,,,,,,,,,,,,,,,,,,,,,,,,,,,,,,,,,,,,,,,,,,,,,,,,,,,,,,,,,,,,,,,,,,,,,,,,,,,,,,,,,,,,,,,,,,,,,,,,,,,,,,,,,,,,,
1011,1011,剑术的师范,,需新建,lord_1_teki,SwordTeki,clan_japanese_1,,手工设定,,,,,,,,,,,,,,,,,,,,,,,,,,,,,,,,,,,,,,,,,,,,,,,,,,,,,,,,,,,,,,,,,,,,,,,,,,,,,,,,,,,,,,,,,,,,,,,,,,,,,,,,,,,,,,,,,,,
1012,1012,剑术师范代,,需新建,lord_1_dai,Kenjutsu Shihan-dai,clan_japanese_1,,手工设定,,,,,,,,,,,,,,,,,,,,,,,,,,,,,,,,,,,,,,,,,,,,,,,,,,,,,,,,,,,,,,,,,,,,,,,,,,,,,,,,,,,,,,,,,,,,,,,,,,,,,,,,,,,,,,,,,,,
1013,1013,功勋家臣,,需新建,lord_1_koushin,KoushinMinister,clan_japanese_1,,手工设定,,,,,,,,,,,,,,,,,,,,,,,,,,,,,,,,,,,,,,,,,,,,,,,,,,,,,,,,,,,,,,,,,,,,,,,,,,,,,,,,,,,,,,,,,,,,,,,,,,,,,,,,,,,,,,,,,,,
1014,1014,功勋陪臣,,需新建,lord_1_koushin,KoushinVassal,clan_japanese_1,,手工设定,,,,,,,,,,,,,,,,,,,,,,,,,,,,,,,,,,,,,,,,,,,,,,,,,,,,,,,,,,,,,,,,,,,,,,,,,,,,,,,,,,,,,,,,,,,,,,,,,,,,,,,,,,,,,,,,,,,
1015,1015,博古通今的老人,,需新建,lord_1_hakkotooriimatekiroujin,Hakkotsu Tsuukon no Roujin,clan_japanese_1,,手工设定,,,,,,,,,,,,,,,,,,,,,,,,,,,,,,,,,,,,,,,,,,,,,,,,,,,,,,,,,,,,,,,,,,,,,,,,,,,,,,,,,,,,,,,,,,,,,,,,,,,,,,,,,,,,,,,,,,,
1016,1016,商人,,需新建,lord_1_shounin,Shounin,clan_japanese_1,,手工设定,,,,,,,,,,,,,,,,,,,,,,,,,,,,,,,,,,,,,,,,,,,,,,,,,,,,,,,,,,,,,,,,,,,,,,,,,,,,,,,,,,,,,,,,,,,,,,,,,,,,,,,,,,,,,,,,,,,
1017,1017,女忍者,,需新建,lord_1_onnashinobimono,Onna Shinobi,clan_japanese_1,,手工设定,,,,,,,,,,,,,,,,,,,,,,,,,,,,,,,,,,,,,,,,,,,,,,,,,,,,,,,,,,,,,,,,,,,,,,,,,,,,,,,,,,,,,,,,,,,,,,,,,,,,,,,,,,,,,,,,,,,
1018,1018,小姓,,需新建,lord_1_koshou,Koshou,clan_japanese_1,,手工设定,,,,,,,,,,,,,,,,,,,,,,,,,,,,,,,,,,,,,,,,,,,,,,,,,,,,,,,,,,,,,,,,,,,,,,,,,,,,,,,,,,,,,,,,,,,,,,,,,,,,,,,,,,,,,,,,,,,
1019,1019,行商人,,需新建,lord_1_gyoushounin,Gyoushounin,clan_japanese_1,,手工设定,,,,,,,,,,,,,,,,,,,,,,,,,,,,,,,,,,,,,,,,,,,,,,,,,,,,,,,,,,,,,,,,,,,,,,,,,,,,,,,,,,,,,,,,,,,,,,,,,,,,,,,,,,,,,,,,,,,
1020,1020,足轻,,需新建,lord_1_ashi,AshigaruSoldier,clan_japanese_1,,手工设定,,,,,,,,,,,,,,,,,,,,,,,,,,,,,,,,,,,,,,,,,,,,,,,,,,,,,,,,,,,,,,,,,,,,,,,,,,,,,,,,,,,,,,,,,,,,,,,,,,,,,,,,,,,,,,,,,,,
1021,1021,农民女,,需新建,lord_1_onna,Nomin Onna,clan_japanese_1,,手工设定,,,,,,,,,,,,,,,,,,,,,,,,,,,,,,,,,,,,,,,,,,,,,,,,,,,,,,,,,,,,,,,,,,,,,,,,,,,,,,,,,,,,,,,,,,,,,,,,,,,,,,,,,,,,,,,,,,,
1022,1022,农民男,,需新建,lord_1_otoko,Nomin Otoko,clan_japanese_1,,手工设定,,,,,,,,,,,,,,,,,,,,,,,,,,,,,,,,,,,,,,,,,,,,,,,,,,,,,,,,,,,,,,,,,,,,,,,,,,,,,,,,,,,,,,,,,,,,,,,,,,,,,,,,,,,,,,,,,,,
1023,1023,酒场的老板娘,,需新建,lord_1_sakeroubanmusume,Sakaba no Okami,clan_japanese_1,,手工设定,,,,,,,,,,,,,,,,,,,,,,,,,,,,,,,,,,,,,,,,,,,,,,,,,,,,,,,,,,,,,,,,,,,,,,,,,,,,,,,,,,,,,,,,,,,,,,,,,,,,,,,,,,,,,,,,,,,
1024,1024,马屋的老板,,需新建,lord_1_tekirouban,Umaya no Teishu,clan_japanese_1,,手工设定,,,,,,,,,,,,,,,,,,,,,,,,,,,,,,,,,,,,,,,,,,,,,,,,,,,,,,,,,,,,,,,,,,,,,,,,,,,,,,,,,,,,,,,,,,,,,,,,,,,,,,,,,,,,,,,,,,,
1025,1025,海贼,,需新建,lord_1_umi,Kaizoku,clan_japanese_1,,手工设定,,,,,,,,,,,,,,,,,,,,,,,,,,,,,,,,,,,,,,,,,,,,,,,,,,,,,,,,,,,,,,,,,,,,,,,,,,,,,,,,,,,,,,,,,,,,,,,,,,,,,,,,,,,,,,,,,,,
1026,1026,医者,,需新建,lord_1_isha,Isha,clan_japanese_1,,手工设定,,,,,,,,,,,,,,,,,,,,,,,,,,,,,,,,,,,,,,,,,,,,,,,,,,,,,,,,,,,,,,,,,,,,,,,,,,,,,,,,,,,,,,,,,,,,,,,,,,,,,,,,,,,,,,,,,,,
1027,1027,枪术的师范,,需新建,lord_1_teki,ArcherTeki,clan_japanese_1,,手工设定,,,,,,,,,,,,,,,,,,,,,,,,,,,,,,,,,,,,,,,,,,,,,,,,,,,,,,,,,,,,,,,,,,,,,,,,,,,,,,,,,,,,,,,,,,,,,,,,,,,,,,,,,,,,,,,,,,,
1028,1028,武力家臣,,需新建,lord_1_buryokukashin,Buryoku Kashin,clan_japanese_1,,手工设定,,,,,,,,,,,,,,,,,,,,,,,,,,,,,,,,,,,,,,,,,,,,,,,,,,,,,,,,,,,,,,,,,,,,,,,,,,,,,,,,,,,,,,,,,,,,,,,,,,,,,,,,,,,,,,,,,,,
1029,1029,武力陪臣,,需新建,lord_1_buryokubaishin,Buryoku Baishin,clan_japanese_1,,手工设定,,,,,,,,,,,,,,,,,,,,,,,,,,,,,,,,,,,,,,,,,,,,,,,,,,,,,,,,,,,,,,,,,,,,,,,,,,,,,,,,,,,,,,,,,,,,,,,,,,,,,,,,,,,,,,,,,,,
1030,1030,泛用女忍者,,需新建,lord_1_hanyouonnashinobimono,Hanyou Onna Shinobi,clan_japanese_1,,手工设定,,,,,,,,,,,,,,,,,,,,,,,,,,,,,,,,,,,,,,,,,,,,,,,,,,,,,,,,,,,,,,,,,,,,,,,,,,,,,,,,,,,,,,,,,,,,,,,,,,,,,,,,,,,,,,,,,,,
1031,1031,外交家臣,,需新建,lord_1_gaikoukashin,Gaikou Kashin,clan_japanese_1,,手工设定,,,,,,,,,,,,,,,,,,,,,,,,,,,,,,,,,,,,,,,,,,,,,,,,,,,,,,,,,,,,,,,,,,,,,,,,,,,,,,,,,,,,,,,,,,,,,,,,,,,,,,,,,,,,,,,,,,,
1032,1032,外交陪臣,,需新建,lord_1_gaikoubaishin,Gaikou Baishin,clan_japanese_1,,手工设定,,,,,,,,,,,,,,,,,,,,,,,,,,,,,,,,,,,,,,,,,,,,,,,,,,,,,,,,,,,,,,,,,,,,,,,,,,,,,,,,,,,,,,,,,,,,,,,,,,,,,,,,,,,,,,,,,,,
1033,1033,宿屋的老板娘,,需新建,lord_1_yadoyatekiroubanmusume,Yadoya no Okami,clan_japanese_1,,手工设定,,,,,,,,,,,,,,,,,,,,,,,,,,,,,,,,,,,,,,,,,,,,,,,,,,,,,,,,,,,,,,,,,,,,,,,,,,,,,,,,,,,,,,,,,,,,,,,,,,,,,,,,,,,,,,,,,,,
1034,1034,忍者,,需新建,lord_1_ninja,Ninja,clan_japanese_1,,手工设定,,,,,,,,,,,,,,,,,,,,,,,,,,,,,,,,,,,,,,,,,,,,,,,,,,,,,,,,,,,,,,,,,,,,,,,,,,,,,,,,,,,,,,,,,,,,,,,,,,,,,,,,,,,,,,,,,,,
1035,1035,旅人,,需新建,lord_1_tabibito,Tabibito,clan_japanese_1,,手工设定,,,,,,,,,,,,,,,,,,,,,,,,,,,,,,,,,,,,,,,,,,,,,,,,,,,,,,,,,,,,,,,,,,,,,,,,,,,,,,,,,,,,,,,,,,,,,,,,,,,,,,,,,,,,,,,,,,,
1036,1036,町民女,,需新建,lord_1_chouminonna,Choumin Onna,clan_japanese_1,,手工设定,,,,,,,,,,,,,,,,,,,,,,,,,,,,,,,,,,,,,,,,,,,,,,,,,,,,,,,,,,,,,,,,,,,,,,,,,,,,,,,,,,,,,,,,,,,,,,,,,,,,,,,,,,,,,,,,,,,
1037,1037,町民男,,需新建,lord_1_chouminotoko,Choumin Otoko,clan_japanese_1,,手工设定,,,,,,,,,,,,,,,,,,,,,,,,,,,,,,,,,,,,,,,,,,,,,,,,,,,,,,,,,,,,,,,,,,,,,,,,,,,,,,,,,,,,,,,,,,,,,,,,,,,,,,,,,,,,,,,,,,,
1038,1038,番头,,需新建,lord_1_ban,Bantou,clan_japanese_1,,手工设定,,,,,,,,,,,,,,,,,,,,,,,,,,,,,,,,,,,,,,,,,,,,,,,,,,,,,,,,,,,,,,,,,,,,,,,,,,,,,,,,,,,,,,,,,,,,,,,,,,,,,,,,,,,,,,,,,,,
1039,1039,门卫,,需新建,lord_1_unknown_hero,Monban,clan_japanese_1,,手工设定,,,,,,,,,,,,,,,,,,,,,,,,,,,,,,,,,,,,,,,,,,,,,,,,,,,,,,,,,,,,,,,,,,,,,,,,,,,,,,,,,,,,,,,,,,,,,,,,,,,,,,,,,,,,,,,,,,,
1040,1040,泛用姫样,,需新建,lord_1_hanyouhime,Hanyou Hime,clan_japanese_1,,手工设定,,,,,,,,,,,,,,,,,,,,,,,,,,,,,,,,,,,,,,,,,,,,,,,,,,,,,,,,,,,,,,,,,,,,,,,,,,,,,,,,,,,,,,,,,,,,,,,,,,,,,,,,,,,,,,,,,,,
1041,1041,天皇,,需新建,lord_1_tennou,Tennou,clan_japanese_1,,手工设定,,,,,,,,,,,,,,,,,,,,,,,,,,,,,,,,,,,,,,,,,,,,,,,,,,,,,,,,,,,,,,,,,,,,,,,,,,,,,,,,,,,,,,,,,,,,,,,,,,,,,,,,,,,,,,,,,,,
1042,1042,三好政胜,三好,姓氏推断,lord_1_miyoshi_matsurigoto,Miyoshi Matsurigoto,clan_miyoshi_1,nankai,家族和文化自动推断,,,,,,,,,,,,,,,,,,,,,,,,,,,,,,,,,,,,,,,,,,,,,,,,,,,,,,,,,,,,,,,,,,,,,,,,,,,,,,,,,,,,,,,,,,,,,,,,,,,,,,,,,,,,,,,,,,,
1043,1043,三好政康,三好,姓氏推断,lord_1_miyoshi_masayasu,Miyoshi Masayasu,clan_miyoshi_1,nankai,家族和文化自动推断,,,,,,,,,,,,,,,,,,,,,,,,,,,,,,,,,,,,,,,,,,,,,,,,,,,,,,,,,,,,,,,,,,,,,,,,,,,,,,,,,,,,,,,,,,,,,,,,,,,,,,,,,,,,,,,,,,,
1044,1044,佛罗伊斯,,需新建,lord_1_hotokeshi,Furóis,clan_japanese_1,,手工设定,,,,,,,,,,,,,,,,,,,,,,,,,,,,,,,,,,,,,,,,,,,,,,,,,,,,,,,,,,,,,,,,,,,,,,,,,,,,,,,,,,,,,,,,,,,,,,,,,,,,,,,,,,,,,,,,,,,
1045,1045,出云阿国,出云,需新建,lord_1_shutsuunokuni,Izumo no Okuni,clan_japanese_1,,手工设定,,,,,,,,,,,,,,,,,,,,,,,,,,,,,,,,,,,,,,,,,,,,,,,,,,,,,,,,,,,,,,,,,,,,,,,,,,,,,,,,,,,,,,,,,,,,,,,,,,,,,,,,,,,,,,,,,,,
1046,1046,天室光育,天室,需新建,lord_1_tenshitsukouiku,Tenshitsu Kouiku,clan_japanese_1,,手工设定,,,,,,,,,,,,,,,,,,,,,,,,,,,,,,,,,,,,,,,,,,,,,,,,,,,,,,,,,,,,,,,,,,,,,,,,,,,,,,,,,,,,,,,,,,,,,,,,,,,,,,,,,,,,,,,,,,,
1047,1047,拉斐耶鲁,,需新建,lord_1_ratsuhiya,Raphael,clan_japanese_1,,手工设定,,,,,,,,,,,,,,,,,,,,,,,,,,,,,,,,,,,,,,,,,,,,,,,,,,,,,,,,,,,,,,,,,,,,,,,,,,,,,,,,,,,,,,,,,,,,,,,,,,,,,,,,,,,,,,,,,,,
1048,1048,本阿弥光悦,本阿弥,需新建,lord_1_honamikouetsu,Hon'ami Kouetsu,clan_japanese_1,,手工设定,,,,,,,,,,,,,,,,,,,,,,,,,,,,,,,,,,,,,,,,,,,,,,,,,,,,,,,,,,,,,,,,,,,,,,,,,,,,,,,,,,,,,,,,,,,,,,,,,,,,,,,,,,,,,,,,,,,
1049,1049,泽庵宗彭,泽庵,需新建,lord_1_souhou,Takuan Souhou,clan_japanese_1,,手工设定,,,,,,,,,,,,,,,,,,,,,,,,,,,,,,,,,,,,,,,,,,,,,,,,,,,,,,,,,,,,,,,,,,,,,,,,,,,,,,,,,,,,,,,,,,,,,,,,,,,,,,,,,,,,,,,,,,,
1050,1050,狩野永德,狩野,需新建,lord_1_kanoei,Kano Eitoku,clan_japanese_1,,手工设定,,,,,,,,,,,,,,,,,,,,,,,,,,,,,,,,,,,,,,,,,,,,,,,,,,,,,,,,,,,,,,,,,,,,,,,,,,,,,,,,,,,,,,,,,,,,,,,,,,,,,,,,,,,,,,,,,,,
1051,1051,菊亭晴季,菊亭,需新建,lord_1_kikuteiharusue,Kikutei Harusue,clan_japanese_1,,手工设定,,,,,,,,,,,,,,,,,,,,,,,,,,,,,,,,,,,,,,,,,,,,,,,,,,,,,,,,,,,,,,,,,,,,,,,,,,,,,,,,,,,,,,,,,,,,,,,,,,,,,,,,,,,,,,,,,,,
1052,1052,蒲生乡舍,蒲生,姓氏推断,lord_1_gamou,Gamou Gosha,clan_gamou_1,kinai,家族和文化自动推断,,,,,,,,,,,,,,,,,,,,,,,,,,,,,,,,,,,,,,,,,,,,,,,,,,,,,,,,,,,,,,,,,,,,,,,,,,,,,,,,,,,,,,,,,,,,,,,,,,,,,,,,,,,,,,,,,,,
1053,1053,虎哉宗乙,虎哉,需新建,lord_1_torayashuuotsu,Kozai Souotsu,clan_japanese_1,,手工设定,,,,,,,,,,,,,,,,,,,,,,,,,,,,,,,,,,,,,,,,,,,,,,,,,,,,,,,,,,,,,,,,,,,,,,,,,,,,,,,,,,,,,,,,,,,,,,,,,,,,,,,,,,,,,,,,,,,
1054,1054,长谷川等伯,长谷川,需新建,lord_1_kawatouhaku,Hasegawa Tohaku,clan_japanese_1,,手工设定,,,,,,,,,,,,,,,,,,,,,,,,,,,,,,,,,,,,,,,,,,,,,,,,,,,,,,,,,,,,,,,,,,,,,,,,,,,,,,,,,,,,,,,,,,,,,,,,,,,,,,,,,,,,,,,,,,,
1055,1055,长阪长闲,长阪,需新建,lord_1_unknown_hero,Nagasaka Choukan,clan_japanese_1,,手工设定,,,,,,,,,,,,,,,,,,,,,,,,,,,,,,,,,,,,,,,,,,,,,,,,,,,,,,,,,,,,,,,,,,,,,,,,,,,,,,,,,,,,,,,,,,,,,,,,,,,,,,,,,,,,,,,,,,,
1056,1056,阿鲁梅达,,需新建,lord_1_a,Arumeda,clan_japanese_1,,手工设定,,,,,,,,,,,,,,,,,,,,,,,,,,,,,,,,,,,,,,,,,,,,,,,,,,,,,,,,,,,,,,,,,,,,,,,,,,,,,,,,,,,,,,,,,,,,,,,,,,,,,,,,,,,,,,,,,,,
1057,1057,千代,,精确匹配,lord_1_nikaho_6,Nikaho Chiyo,clan_nikaho_1,ou,精确匹配织丰,,,,,,,,,,,,,,,,,,,,,,,,,,,,,,,,,,,,,,,,,,,,,,,,,,,,,,,,,,,,,,,,,,,,,,,,,,,,,,,,,,,,,,,,,,,,,,,,,,,,,,,,,,,,,,,,,,,
1058,1058,南姫,,需新建,lord_1_minamihime,Minami-hime,clan_japanese_1,,手工设定,,,,,,,,,,,,,,,,,,,,,,,,,,,,,,,,,,,,,,,,,,,,,,,,,,,,,,,,,,,,,,,,,,,,,,,,,,,,,,,,,,,,,,,,,,,,,,,,,,,,,,,,,,,,,,,,,,,
1059,1059,宁宁,,精确匹配,lord_1_kinoshita_1,Kinoshita Nene,clan_kinoshita_1,kinai,精确匹配织丰,,,,,,,,,,,,,,,,,,,,,,,,,,,,,,,,,,,,,,,,,,,,,,,,,,,,,,,,,,,,,,,,,,,,,,,,,,,,,,,,,,,,,,,,,,,,,,,,,,,,,,,,,,,,,,,,,,,
1060,1060,小夜,,精确匹配,lord_1_jinbo_5,Jinbo Sayo,clan_jinbo_1,hokuriku,精确匹配织丰,,,,,,,,,,,,,,,,,,,,,,,,,,,,,,,,,,,,,,,,,,,,,,,,,,,,,,,,,,,,,,,,,,,,,,,,,,,,,,,,,,,,,,,,,,,,,,,,,,,,,,,,,,,,,,,,,,,
1061,1061,小松,,精确匹配,lord_1_yukawa_1,Yukawa Komatsu,clan_yukawa_1,kinai,精确匹配织丰,,,,,,,,,,,,,,,,,,,,,,,,,,,,,,,,,,,,,,,,,,,,,,,,,,,,,,,,,,,,,,,,,,,,,,,,,,,,,,,,,,,,,,,,,,,,,,,,,,,,,,,,,,,,,,,,,,,
1062,1062,早川夫人,,姓氏推断,lord_1_imagawa_fujin,Imagawa Fujin,clan_japanese_1,tokai,手工设定,,,,,,,,,,,,,,,,,,,,,,,,,,,,,,,,,,,,,,,,,,,,,,,,,,,,,,,,,,,,,,,,,,,,,,,,,,,,,,,,,,,,,,,,,,,,,,,,,,,,,,,,,,,,,,,,,,,
1063,1063,春桃,,需新建,lord_1_chuntao,Chun Tou,clan_japanese_1,,手工设定,,,,,,,,,,,,,,,,,,,,,,,,,,,,,,,,,,,,,,,,,,,,,,,,,,,,,,,,,,,,,,,,,,,,,,,,,,,,,,,,,,,,,,,,,,,,,,,,,,,,,,,,,,,,,,,,,,,
1064,1064,志津,,需新建,lord_1_shizu,Shizu,clan_japanese_1,,手工设定,,,,,,,,,,,,,,,,,,,,,,,,,,,,,,,,,,,,,,,,,,,,,,,,,,,,,,,,,,,,,,,,,,,,,,,,,,,,,,,,,,,,,,,,,,,,,,,,,,,,,,,,,,,,,,,,,,,
1065,1065,归蝶,,需新建,lord_1_unknown_hero,Kicho,clan_japanese_1,,手工设定,,,,,,,,,,,,,,,,,,,,,,,,,,,,,,,,,,,,,,,,,,,,,,,,,,,,,,,,,,,,,,,,,,,,,,,,,,,,,,,,,,,,,,,,,,,,,,,,,,,,,,,,,,,,,,,,,,,
1066,1066,阿中,,需新建,lord_1_anaka,Anaka,clan_japanese_1,,手工设定,,,,,,,,,,,,,,,,,,,,,,,,,,,,,,,,,,,,,,,,,,,,,,,,,,,,,,,,,,,,,,,,,,,,,,,,,,,,,,,,,,,,,,,,,,,,,,,,,,,,,,,,,,,,,,,,,,,
1067,1067,阿史,,需新建,lord_1_ashi,Ashi,clan_japanese_1,,手工设定,,,,,,,,,,,,,,,,,,,,,,,,,,,,,,,,,,,,,,,,,,,,,,,,,,,,,,,,,,,,,,,,,,,,,,,,,,,,,,,,,,,,,,,,,,,,,,,,,,,,,,,,,,,,,,,,,,,
1068,1068,阿夏,,需新建,lord_1_anatsu,Anatsu,clan_japanese_1,,手工设定,,,,,,,,,,,,,,,,,,,,,,,,,,,,,,,,,,,,,,,,,,,,,,,,,,,,,,,,,,,,,,,,,,,,,,,,,,,,,,,,,,,,,,,,,,,,,,,,,,,,,,,,,,,,,,,,,,,
1069,1069,阿妙,,精确匹配,lord_1_kinoshita_5,Kinoshita Tae,clan_kinoshita_1,kinai,精确匹配织丰,,,,,,,,,,,,,,,,,,,,,,,,,,,,,,,,,,,,,,,,,,,,,,,,,,,,,,,,,,,,,,,,,,,,,,,,,,,,,,,,,,,,,,,,,,,,,,,,,,,,,,,,,,,,,,,,,,,
1070,1070,阿市,,精确匹配,lord_1_azai_1,Azai Ichi,clan_azai_1,kinai,精确匹配织丰,,,,,,,,,,,,,,,,,,,,,,,,,,,,,,,,,,,,,,,,,,,,,,,,,,,,,,,,,,,,,,,,,,,,,,,,,,,,,,,,,,,,,,,,,,,,,,,,,,,,,,,,,,,,,,,,,,,
1071,1071,阿春,,精确匹配,lord_1_nikaho_5,Nikaho Haru,clan_nikaho_1,ou,精确匹配织丰,,,,,,,,,,,,,,,,,,,,,,,,,,,,,,,,,,,,,,,,,,,,,,,,,,,,,,,,,,,,,,,,,,,,,,,,,,,,,,,,,,,,,,,,,,,,,,,,,,,,,,,,,,,,,,,,,,,
1072,1072,阿松,,精确匹配,lord_1_inawashiro_1,Inawashiro Matsu,clan_inawashiro_1,ou,精确匹配织丰,,,,,,,,,,,,,,,,,,,,,,,,,,,,,,,,,,,,,,,,,,,,,,,,,,,,,,,,,,,,,,,,,,,,,,,,,,,,,,,,,,,,,,,,,,,,,,,,,,,,,,,,,,,,,,,,,,,
1073,1073,阿梅,,精确匹配,lord_1_shichinohe_3,Shichinohe Ume,clan_shichinohe_1,ou,精确匹配织丰,,,,,,,,,,,,,,,,,,,,,,,,,,,,,,,,,,,,,,,,,,,,,,,,,,,,,,,,,,,,,,,,,,,,,,,,,,,,,,,,,,,,,,,,,,,,,,,,,,,,,,,,,,,,,,,,,,,
1074,1074,阿玉,,精确匹配,lord_1_namioka_1,Namioka Tama,clan_namioka_1,ou,精确匹配织丰,,,,,,,,,,,,,,,,,,,,,,,,,,,,,,,,,,,,,,,,,,,,,,,,,,,,,,,,,,,,,,,,,,,,,,,,,,,,,,,,,,,,,,,,,,,,,,,,,,,,,,,,,,,,,,,,,,,
1075,1075,阿绫,,需新建,lord_1_a,Aya,clan_japanese_1,,手工设定,,,,,,,,,,,,,,,,,,,,,,,,,,,,,,,,,,,,,,,,,,,,,,,,,,,,,,,,,,,,,,,,,,,,,,,,,,,,,,,,,,,,,,,,,,,,,,,,,,,,,,,,,,,,,,,,,,,
1076,1076,阿通,,需新建,lord_1_atoori,Atsu,clan_japanese_1,,手工设定,,,,,,,,,,,,,,,,,,,,,,,,,,,,,,,,,,,,,,,,,,,,,,,,,,,,,,,,,,,,,,,,,,,,,,,,,,,,,,,,,,,,,,,,,,,,,,,,,,,,,,,,,,,,,,,,,,,
1077,1077,阿铃,,精确匹配,lord_1_chosokabe_4,Chosokabe Suzu,clan_chosokabe_1,nankai,精确匹配织丰,,,,,,,,,,,,,,,,,,,,,,,,,,,,,,,,,,,,,,,,,,,,,,,,,,,,,,,,,,,,,,,,,,,,,,,,,,,,,,,,,,,,,,,,,,,,,,,,,,,,,,,,,,,,,,,,,,,
1078,1078,美代,,需新建,lord_1_miyo,Miyo,clan_japanese_1,,手工设定,,,,,,,,,,,,,,,,,,,,,,,,,,,,,,,,,,,,,,,,,,,,,,,,,,,,,,,,,,,,,,,,,,,,,,,,,,,,,,,,,,,,,,,,,,,,,,,,,,,,,,,,,,,,,,,,,,,
1079,1079,菊公主,,需新建,lord_1_kikukoushu,Kiku Hime,clan_japanese_1,,手工设定,,,,,,,,,,,,,,,,,,,,,,,,,,,,,,,,,,,,,,,,,,,,,,,,,,,,,,,,,,,,,,,,,,,,,,,,,,,,,,,,,,,,,,,,,,,,,,,,,,,,,,,,,,,,,,,,,,,
1080,1080,里璐,,需新建,lord_1_sato,Sato,clan_japanese_1,,手工设定,,,,,,,,,,,,,,,,,,,,,,,,,,,,,,,,,,,,,,,,,,,,,,,,,,,,,,,,,,,,,,,,,,,,,,,,,,,,,,,,,,,,,,,,,,,,,,,,,,,,,,,,,,,,,,,,,,,
1081,1081,白枧,,需新建,lord_1_shiro,Shiro,clan_japanese_1,,手工设定,,,,,,,,,,,,,,,,,,,,,,,,,,,,,,,,,,,,,,,,,,,,,,,,,,,,,,,,,,,,,,,,,,,,,,,,,,,,,,,,,,,,,,,,,,,,,,,,,,,,,,,,,,,,,,,,,,,
1082,1082,訚千代,,精确匹配,lord_1_bekki_2,Bekki Ginchiyo,clan_bekki_1,saikai,精确匹配织丰,,,,,,,,,,,,,,,,,,,,,,,,,,,,,,,,,,,,,,,,,,,,,,,,,,,,,,,,,,,,,,,,,,,,,,,,,,,,,,,,,,,,,,,,,,,,,,,,,,,,,,,,,,,,,,,,,,,
1083,1083,德公主,,需新建,lord_1_shu,Toku Hime,clan_japanese_1,,手工设定,,,,,,,,,,,,,,,,,,,,,,,,,,,,,,,,,,,,,,,,,,,,,,,,,,,,,,,,,,,,,,,,,,,,,,,,,,,,,,,,,,,,,,,,,,,,,,,,,,,,,,,,,,,,,,,,,,,
1084,1084,岭,,需新建,lord_1_unknown_hero,Rei,clan_japanese_1,,手工设定,,,,,,,,,,,,,,,,,,,,,,,,,,,,,,,,,,,,,,,,,,,,,,,,,,,,,,,,,,,,,,,,,,,,,,,,,,,,,,,,,,,,,,,,,,,,,,,,,,,,,,,,,,,,,,,,,,,
1085,1085,淀夫人,,需新建,lord_1_yodofujin,Yodogimi,clan_japanese_1,,手工设定,,,,,,,,,,,,,,,,,,,,,,,,,,,,,,,,,,,,,,,,,,,,,,,,,,,,,,,,,,,,,,,,,,,,,,,,,,,,,,,,,,,,,,,,,,,,,,,,,,,,,,,,,,,,,,,,,,,
1086,1086,濑名,,需新建,lord_1_unknown_hero,Sena Fuji,clan_japanese_1,,手工设定,,,,,,,,,,,,,,,,,,,,,,,,,,,,,,,,,,,,,,,,,,,,,,,,,,,,,,,,,,,,,,,,,,,,,,,,,,,,,,,,,,,,,,,,,,,,,,,,,,,,,,,,,,,,,,,,,,,
1087,1087,相模,,精确匹配,lord_1_oniniwa_3,Oniniwa Sagami,clan_oniniwa_1,ou,精确匹配织丰,,,,,,,,,,,,,,,,,,,,,,,,,,,,,,,,,,,,,,,,,,,,,,,,,,,,,,,,,,,,,,,,,,,,,,,,,,,,,,,,,,,,,,,,,,,,,,,,,,,,,,,,,,,,,,,,,,,
