tkid,StringId,bustup,minihead
0,lord_1_aoyama_tadanari,Portraits/0_lord_1_aoyama_tadanari_bustup_normal.png,Portraits/0_lord_1_aoyama_tadanari_minihead_normal.png
1,lord_1_akaike_nagatomo,Portraits/1_lord_1_akaike_nagatomo_bustup_normal.png,Portraits/1_lord_1_akaike_nagatomo_minihead_normal.png
2,lord_1_akai_naomasa,Portraits/2_lord_1_akai_naomasa_bustup_normal.png,Portraits/2_lord_1_akai_naomasa_minihead_normal.png
3,lord_1_anzai_matasuke,Portraits/3_lord_1_anzai_matasuke_bustup_normal.png,Portraits/3_lord_1_anzai_matasuke_minihead_normal.png
4,lord_1_akao,Portraits/4_lord_1_akao_bustup_normal.png,Portraits/4_lord_1_akao_minihead_normal.png
5,lord_1_akashi_2,Portraits/5_lord_1_akashi_2_bustup_normal.png,Portraits/5_lord_1_akashi_2_minihead_normal.png
6,lord_1_akana_sanekiyo,Portraits/6_lord_1_akana_sanekiyo_bustup_normal.png,Portraits/6_lord_1_akana_sanekiyo_minihead_normal.png
7,lord_1_akamatsu_torashige,Portraits/7_lord_1_akamatsu_torashige_bustup_normal.png,Portraits/7_lord_1_akamatsu_torashige_minihead_normal.png
8,lord_1_akamatsu,Portraits/8_lord_1_akamatsu_bustup_normal.png,Portraits/8_lord_1_akamatsu_minihead_normal.png
9,lord_1_akiue_hisaya,Portraits/9_lord_1_akiue_hisaya_bustup_normal.png,Portraits/9_lord_1_akiue_hisaya_minihead_normal.png
10,lord_1_aki,Portraits/10_lord_1_aki_bustup_normal.png,Portraits/10_lord_1_aki_minihead_normal.png
11,lord_1_akita_sanesue,Portraits/11_lord_1_akita_sanesue_bustup_normal.png,Portraits/11_lord_1_akita_sanesue_minihead_normal.png
12,lord_1_akiyama_torashige,Portraits/12_lord_1_akiyama_torashige_bustup_normal.png,Portraits/12_lord_1_akiyama_torashige_minihead_normal.png
13,lord_1_akechi_6,Portraits/13_lord_1_akechi_6_bustup_normal.png,Portraits/13_lord_1_akechi_6_minihead_normal.png
14,lord_1_akechi,Portraits/14_lord_1_akechi_bustup_normal.png,Portraits/14_lord_1_akechi_minihead_normal.png
15,lord_1_azai_ujitsuna,Portraits/15_lord_1_azai_ujitsuna_bustup_normal.png,Portraits/15_lord_1_azai_ujitsuna_minihead_normal.png
16,lord_1_azai,Portraits/16_lord_1_azai_bustup_normal.png,Portraits/16_lord_1_azai_minihead_normal.png
17,lord_1_azai_2,Portraits/17_lord_1_azai_2_bustup_normal.png,Portraits/17_lord_1_azai_2_minihead_normal.png
18,lord_1_asakura_2,Portraits/18_lord_1_asakura_2_bustup_normal.png,Portraits/18_lord_1_asakura_2_minihead_normal.png
19,lord_1_asakura_morinari,Portraits/19_lord_1_asakura_morinari_bustup_normal.png,Portraits/19_lord_1_asakura_morinari_minihead_normal.png
20,lord_1_asakura_ryosei,Portraits/20_lord_1_asakura_ryosei_bustup_normal.png,Portraits/20_lord_1_asakura_ryosei_minihead_normal.png
21,lord_1_asakura_tadamasa,Portraits/21_lord_1_asakura_tadamasa_bustup_normal.png,Portraits/21_lord_1_asakura_tadamasa_minihead_normal.png
22,lord_1_asakura_kakubei,Portraits/22_lord_1_asakura_kakubei_bustup_normal.png,Portraits/22_lord_1_asakura_kakubei_minihead_normal.png
23,lord_1_asakura,Portraits/23_lord_1_asakura_bustup_normal.png,Portraits/23_lord_1_asakura_minihead_normal.png
24,lord_1_asano_nagashige,Portraits/24_lord_1_asano_nagashige_bustup_normal.png,Portraits/24_lord_1_asano_nagashige_minihead_normal.png
25,lord_1_asano_nagamasa,Portraits/25_lord_1_asano_nagamasa_bustup_normal.png,Portraits/25_lord_1_asano_nagamasa_minihead_normal.png
26,lord_1_asano_yukinaga,Portraits/26_lord_1_asano_yukinaga_bustup_normal.png,Portraits/26_lord_1_asano_yukinaga_minihead_normal.png
27,lord_1_asahina,Portraits/27_lord_1_asahina_bustup_normal.png,Portraits/27_lord_1_asahina_minihead_normal.png
28,lord_1_asari,Portraits/28_lord_1_asari_bustup_normal.png,Portraits/28_lord_1_asari_minihead_normal.png
29,lord_1_ashikaga,Portraits/29_lord_1_ashikaga_bustup_normal.png,Portraits/29_lord_1_ashikaga_minihead_normal.png
30,lord_1_kogakubo,Portraits/30_lord_1_kogakubo_bustup_normal.png,Portraits/30_lord_1_kogakubo_minihead_normal.png
31,dead_lord_1_ashikaga_4,Portraits/31_dead_lord_1_ashikaga_4_bustup_normal.png,Portraits/31_dead_lord_1_ashikaga_4_minihead_normal.png
32,lord_1_ashina_2,Portraits/32_lord_1_ashina_2_bustup_normal.png,Portraits/32_lord_1_ashina_2_minihead_normal.png
33,lord_1_ashina,Portraits/33_lord_1_ashina_bustup_normal.png,Portraits/33_lord_1_ashina_minihead_normal.png
34,lord_1_ashina_katsushige,Portraits/34_lord_1_ashina_katsushige_bustup_normal.png,Portraits/34_lord_1_ashina_katsushige_minihead_normal.png
35,lord_1_ashina_ekketsusai,Portraits/35_lord_1_ashina_ekketsusai_bustup_normal.png,Portraits/35_lord_1_ashina_ekketsusai_minihead_normal.png
36,lord_1_aso,Portraits/36_lord_1_aso_bustup_normal.png,Portraits/36_lord_1_aso_minihead_normal.png
37,lord_1_atagi,Portraits/37_lord_1_atagi_bustup_normal.png,Portraits/37_lord_1_atagi_minihead_normal.png
38,dead_lord_1_atagi_2,Portraits/38_dead_lord_1_atagi_2_bustup_normal.png,Portraits/38_dead_lord_1_atagi_2_minihead_normal.png
39,lord_1_atobe_katsusuke,Portraits/39_lord_1_atobe_katsusuke_bustup_normal.png,Portraits/39_lord_1_atobe_katsusuke_minihead_normal.png
40,lord_1_anayama_shigehide,Portraits/40_lord_1_anayama_shigehide_bustup_normal.png,Portraits/40_lord_1_anayama_shigehide_minihead_normal.png
41,lord_1_anayama_akisane,Portraits/41_lord_1_anayama_akisane_bustup_normal.png,Portraits/41_lord_1_anayama_akisane_minihead_normal.png
42,lord_1_anekouji_2,Portraits/42_lord_1_anekouji_2_bustup_normal.png,Portraits/42_lord_1_anekouji_2_minihead_normal.png
43,lord_1_abe_masatsugu,Portraits/43_lord_1_abe_masatsugu_bustup_normal.png,Portraits/43_lord_1_abe_masatsugu_minihead_normal.png
44,lord_1_amago,Portraits/44_lord_1_amago_bustup_normal.png,Portraits/44_lord_1_amago_minihead_normal.png
45,lord_1_amago_haruhisa,Portraits/45_lord_1_amago_haruhisa_bustup_normal.png,Portraits/45_lord_1_amago_haruhisa_minihead_normal.png
46,lord_1_amago_yoshihisa,Portraits/46_lord_1_amago_yoshihisa_bustup_normal.png,Portraits/46_lord_1_amago_yoshihisa_minihead_normal.png
47,lord_1_amano,Portraits/47_lord_1_amano_bustup_normal.png,Portraits/47_lord_1_amano_minihead_normal.png
48,lord_1_amano_yasukage,Portraits/48_lord_1_amano_yasukage_bustup_normal.png,Portraits/48_lord_1_amano_yasukage_minihead_normal.png
49,lord_1_amamori_yahei,Portraits/49_lord_1_amamori_yahei_bustup_normal.png,Portraits/49_lord_1_amamori_yahei_minihead_normal.png
50,lord_1_ayukabe_muneshige,Portraits/50_lord_1_ayukabe_muneshige_bustup_normal.png,Portraits/50_lord_1_ayukabe_muneshige_minihead_normal.png
51,lord_1_araki_ujitsuna,Portraits/51_lord_1_araki_ujitsuna_bustup_normal.png,Portraits/51_lord_1_araki_ujitsuna_minihead_normal.png
52,lord_1_araki_murashige,Portraits/52_lord_1_araki_murashige_bustup_normal.png,Portraits/52_lord_1_araki_murashige_minihead_normal.png
53,lord_1_arima_6,Portraits/53_lord_1_arima_6_bustup_normal.png,Portraits/53_lord_1_arima_6_minihead_normal.png
54,lord_1_ankokuji_ekei,Portraits/54_lord_1_ankokuji_ekei_bustup_normal.png,Portraits/54_lord_1_ankokuji_ekei_minihead_normal.png
55,lord_1_ando_takatsune,Portraits/55_lord_1_ando_takatsune_bustup_normal.png,Portraits/55_lord_1_ando_takatsune_minihead_normal.png
56,lord_1_ando,Portraits/56_lord_1_ando_bustup_normal.png,Portraits/56_lord_1_ando_minihead_normal.png
57,lord_1_andoo_naotsugu,Portraits/57_lord_1_andoo_naotsugu_bustup_normal.png,Portraits/57_lord_1_andoo_naotsugu_minihead_normal.png
58,lord_1_andoo_morinari,Portraits/58_lord_1_andoo_morinari_bustup_normal.png,Portraits/58_lord_1_andoo_morinari_minihead_normal.png
59,lord_1_andoo_yoshinari,Portraits/59_lord_1_andoo_yoshinari_bustup_normal.png,Portraits/59_lord_1_andoo_yoshinari_minihead_normal.png
60,lord_1_iio_tsuratatsu,Portraits/60_lord_1_iio_tsuratatsu_bustup_normal.png,Portraits/60_lord_1_iio_tsuratatsu_minihead_normal.png
61,lord_1_iida_kakubee,Portraits/61_lord_1_iida_kakubee_bustup_normal.png,Portraits/61_lord_1_iida_kakubee_minihead_normal.png
62,lord_1_ii_3,Portraits/62_lord_1_ii_3_bustup_normal.png,Portraits/62_lord_1_ii_3_minihead_normal.png
63,lord_1_igasaki_doshun,Portraits/63_lord_1_igasaki_doshun_bustup_normal.png,Portraits/63_lord_1_igasaki_doshun_minihead_normal.png
64,lord_1_igi_tadatsugu,Portraits/64_lord_1_igi_tadatsugu_bustup_normal.png,Portraits/64_lord_1_igi_tadatsugu_minihead_normal.png
65,lord_1_ikeda_nagai,Portraits/65_lord_1_ikeda_nagai_bustup_normal.png,Portraits/65_lord_1_ikeda_nagai_minihead_normal.png
66,lord_1_ikeda,Portraits/66_lord_1_ikeda_bustup_normal.png,Portraits/66_lord_1_ikeda_minihead_normal.png
67,lord_1_ikeda_5,Portraits/67_lord_1_ikeda_5_bustup_normal.png,Portraits/67_lord_1_ikeda_5_minihead_normal.png
68,lord_1_ikeda_4,Portraits/68_lord_1_ikeda_4_bustup_normal.png,Portraits/68_lord_1_ikeda_4_minihead_normal.png
69,lord_1_ike_yorikazu,Portraits/69_lord_1_ike_yorikazu_bustup_normal.png,Portraits/69_lord_1_ike_yorikazu_minihead_normal.png
70,lord_1_ikoma_chikamasa,Portraits/70_lord_1_ikoma_chikamasa_bustup_normal.png,Portraits/70_lord_1_ikoma_chikamasa_minihead_normal.png
71,lord_1_ishikawa_akimitsu,Portraits/71_lord_1_ishikawa_akimitsu_bustup_normal.png,Portraits/71_lord_1_ishikawa_akimitsu_minihead_normal.png
72,lord_1_ishikawa_kazumasa,Portraits/72_lord_1_ishikawa_kazumasa_bustup_normal.png,Portraits/72_lord_1_ishikawa_kazumasa_minihead_normal.png
73,lord_1_ishikawa_goemon,Portraits/73_lord_1_ishikawa_goemon_bustup_normal.png,Portraits/73_lord_1_ishikawa_goemon_minihead_normal.png
74,lord_1_ishikawa_takanobu,Portraits/74_lord_1_ishikawa_takanobu_bustup_normal.png,Portraits/74_lord_1_ishikawa_takanobu_minihead_normal.png
75,lord_1_ishida_mitsunari,Portraits/75_lord_1_ishida_mitsunari_bustup_normal.png,Portraits/75_lord_1_ishida_mitsunari_minihead_normal.png
76,lord_1_ishimoda_kagenori,Portraits/76_lord_1_ishimoda_kagenori_bustup_normal.png,Portraits/76_lord_1_ishimoda_kagenori_minihead_normal.png
77,lord_1_ijuin,Portraits/77_lord_1_ijuin_bustup_normal.png,Portraits/77_lord_1_ijuin_minihead_normal.png
78,lord_1_ijuin_2,Portraits/78_lord_1_ijuin_2_bustup_normal.png,Portraits/78_lord_1_ijuin_2_minihead_normal.png
79,lord_1_isshin_sogen,Portraits/79_lord_1_isshin_sogen_bustup_normal.png,Portraits/79_lord_1_isshin_sogen_minihead_normal.png
80,lord_1_isono,Portraits/80_lord_1_isono_bustup_normal.png,Portraits/80_lord_1_isono_minihead_normal.png
81,lord_1_itakura_katsushige,Portraits/81_lord_1_itakura_katsushige_bustup_normal.png,Portraits/81_lord_1_itakura_katsushige_minihead_normal.png
82,lord_1_itabeoka_ekketsusai,Portraits/82_lord_1_itabeoka_ekketsusai_bustup_normal.png,Portraits/82_lord_1_itabeoka_ekketsusai_minihead_normal.png
83,lord_1_itami_yasunao,Portraits/83_lord_1_itami_yasunao_bustup_normal.png,Portraits/83_lord_1_itami_yasunao_minihead_normal.png
84,lord_1_ichikawa_tsuneyoshi,Portraits/84_lord_1_ichikawa_tsuneyoshi_bustup_normal.png,Portraits/84_lord_1_ichikawa_tsuneyoshi_minihead_normal.png
85,lord_1_ichikuri_bangyu,Portraits/85_lord_1_ichikuri_bangyu_bustup_normal.png,Portraits/85_lord_1_ichikuri_bangyu_minihead_normal.png
86,lord_1_ichijo,Portraits/86_lord_1_ichijo_bustup_normal.png,Portraits/86_lord_1_ichijo_minihead_normal.png
87,lord_1_ichijo_nagatoki,Portraits/87_lord_1_ichijo_nagatoki_bustup_normal.png,Portraits/87_lord_1_ichijo_nagatoki_minihead_normal.png
88,lord_1_iichiji_shigeoki,Portraits/88_lord_1_iichiji_shigeoki_bustup_normal.png,Portraits/88_lord_1_iichiji_shigeoki_minihead_normal.png
89,lord_1_iichiji_shigehide,Portraits/89_lord_1_iichiji_shigehide_bustup_normal.png,Portraits/89_lord_1_iichiji_shigehide_minihead_normal.png
90,lord_1_ichimada_akizane,Portraits/90_lord_1_ichimada_akizane_bustup_normal.png,Portraits/90_lord_1_ichimada_akizane_minihead_normal.png
91,lord_1_issiki_5,Portraits/91_lord_1_issiki_5_bustup_normal.png,Portraits/91_lord_1_issiki_5_minihead_normal.png
92,lord_1_issiki_4,Portraits/92_lord_1_issiki_4_bustup_normal.png,Portraits/92_lord_1_issiki_4_minihead_normal.png
93,lord_1_issiki,Portraits/93_lord_1_issiki_bustup_normal.png,Portraits/93_lord_1_issiki_minihead_normal.png
94,lord_1_deura_morikiyo,Portraits/94_lord_1_deura_morikiyo_bustup_normal.png,Portraits/94_lord_1_deura_morikiyo_minihead_normal.png
95,lord_1_itoo_ittosai,Portraits/95_lord_1_itoo_ittosai_bustup_normal.png,Portraits/95_lord_1_itoo_ittosai_minihead_normal.png
96,lord_1_ito_sadachika,Portraits/96_lord_1_ito_sadachika_bustup_normal.png,Portraits/96_lord_1_ito_sadachika_minihead_normal.png
97,lord_1_itoo_sojuro,Portraits/97_lord_1_itoo_sojuro_bustup_normal.png,Portraits/97_lord_1_itoo_sojuro_minihead_normal.png
98,lord_1_ito_hoan,Portraits/98_lord_1_ito_hoan_bustup_normal.png,Portraits/98_lord_1_ito_hoan_minihead_normal.png
99,lord_1_ina_tadatsugu,Portraits/99_lord_1_ina_tadatsugu_bustup_normal.png,Portraits/99_lord_1_ina_tadatsugu_minihead_normal.png
100,lord_1_inatomi_ichimu,Portraits/100_lord_1_inatomi_ichimu_bustup_normal.png,Portraits/100_lord_1_inatomi_ichimu_minihead_normal.png
101,lord_1_inaba_ittetsu,Portraits/101_lord_1_inaba_ittetsu_bustup_normal.png,Portraits/101_lord_1_inaba_ittetsu_minihead_normal.png
102,lord_1_inaba_sadamichi,Portraits/102_lord_1_inaba_sadamichi_bustup_normal.png,Portraits/102_lord_1_inaba_sadamichi_minihead_normal.png
103,lord_1_inaba_masanari,Portraits/103_lord_1_inaba_masanari_bustup_normal.png,Portraits/103_lord_1_inaba_masanari_minihead_normal.png
104,lord_1_inawashiro,Portraits/104_lord_1_inawashiro_bustup_normal.png,Portraits/104_lord_1_inawashiro_minihead_normal.png
105,lord_1_inoko_hyosuke,Portraits/105_lord_1_inoko_hyosuke_bustup_normal.png,Portraits/105_lord_1_inoko_hyosuke_minihead_normal.png
106,lord_1_inomata_kuninori,Portraits/106_lord_1_inomata_kuninori_bustup_normal.png,Portraits/106_lord_1_inomata_kuninori_minihead_normal.png
107,lord_1_imai_sokyu,Portraits/107_lord_1_imai_sokyu_bustup_normal.png,Portraits/107_lord_1_imai_sokyu_minihead_normal.png
108,lord_1_imai_sokun,Portraits/108_lord_1_imai_sokun_bustup_normal.png,Portraits/108_lord_1_imai_sokun_minihead_normal.png
109,lord_1_imagawa,Portraits/109_lord_1_imagawa_bustup_normal.png,Portraits/109_lord_1_imagawa_minihead_normal.png
110,lord_1_imagawa_katsumoto,Portraits/110_lord_1_imagawa_katsumoto_bustup_normal.png,Portraits/110_lord_1_imagawa_katsumoto_minihead_normal.png
111,lord_1_uno_fujiemon,Portraits/111_lord_1_uno_fujiemon_bustup_normal.png,Portraits/111_lord_1_uno_fujiemon_minihead_normal.png
112,lord_1_irobe,Portraits/112_lord_1_irobe_bustup_normal.png,Portraits/112_lord_1_irobe_minihead_normal.png
113,lord_1_irobe_3,Portraits/113_lord_1_irobe_3_bustup_normal.png,Portraits/113_lord_1_irobe_3_minihead_normal.png
114,lord_1_iwanari_tomomichi,Portraits/114_lord_1_iwanari_tomomichi_bustup_normal.png,Portraits/114_lord_1_iwanari_tomomichi_minihead_normal.png
115,lord_1_indo,Portraits/115_lord_1_indo_bustup_normal.png,Portraits/115_lord_1_indo_minihead_normal.png
116,lord_1_uesugi_5,Portraits/116_lord_1_uesugi_5_bustup_normal.png,Portraits/116_lord_1_uesugi_5_minihead_normal.png
117,lord_1_uesugi_mitsuyasu,Portraits/117_lord_1_uesugi_mitsuyasu_bustup_normal.png,Portraits/117_lord_1_uesugi_mitsuyasu_minihead_normal.png
118,lord_1_uesugi_yoshiaki,Portraits/118_lord_1_uesugi_yoshiaki_bustup_normal.png,Portraits/118_lord_1_uesugi_yoshiaki_minihead_normal.png
119,lord_1_uesugi,Portraits/119_lord_1_uesugi_bustup_normal.png,Portraits/119_lord_1_uesugi_minihead_normal.png
120,lord_1_kamiya_sotan,Portraits/120_lord_1_kamiya_sotan_bustup_normal.png,Portraits/120_lord_1_kamiya_sotan_minihead_normal.png
121,lord_1_sakata_genemon,Portraits/121_lord_1_sakata_genemon_bustup_normal.png,Portraits/121_lord_1_sakata_genemon_minihead_normal.png
122,lord_1_ukai_magoroku,Portraits/122_lord_1_ukai_magoroku_bustup_normal.png,Portraits/122_lord_1_ukai_magoroku_minihead_normal.png
123,lord_1_ukita_6,Portraits/123_lord_1_ukita_6_bustup_normal.png,Portraits/123_lord_1_ukita_6_minihead_normal.png
124,lord_1_ukita,Portraits/124_lord_1_ukita_bustup_normal.png,Portraits/124_lord_1_ukita_minihead_normal.png
125,lord_1_ukita_hideie,Portraits/125_lord_1_ukita_hideie_bustup_normal.png,Portraits/125_lord_1_ukita_hideie_minihead_normal.png
126,lord_1_uku_sumisada,Portraits/126_lord_1_uku_sumisada_bustup_normal.png,Portraits/126_lord_1_uku_sumisada_minihead_normal.png
127,lord_1_uku_sungen,Portraits/127_lord_1_uku_sungen_bustup_normal.png,Portraits/127_lord_1_uku_sungen_minihead_normal.png
128,lord_1_usami_sadamitsu,Portraits/128_lord_1_usami_sadamitsu_bustup_normal.png,Portraits/128_lord_1_usami_sadamitsu_minihead_normal.png
129,lord_1_ujiie_suehisa,Portraits/129_lord_1_ujiie_suehisa_bustup_normal.png,Portraits/129_lord_1_ujiie_suehisa_minihead_normal.png
130,lord_1_ujiie_mitsumoto,Portraits/130_lord_1_ujiie_mitsumoto_bustup_normal.png,Portraits/130_lord_1_ujiie_mitsumoto_minihead_normal.png
131,lord_1_ujiie,Portraits/131_lord_1_ujiie_bustup_normal.png,Portraits/131_lord_1_ujiie_minihead_normal.png
132,lord_1_ujiie_takakazu,Portraits/132_lord_1_ujiie_takakazu_bustup_normal.png,Portraits/132_lord_1_ujiie_takakazu_minihead_normal.png
133,lord_1_ushio_yukikiyo,Portraits/133_lord_1_ushio_yukikiyo_bustup_normal.png,Portraits/133_lord_1_ushio_yukikiyo_minihead_normal.png
134,lord_1_usuki_kagetoshi,Portraits/134_lord_1_usuki_kagetoshi_bustup_normal.png,Portraits/134_lord_1_usuki_kagetoshi_minihead_normal.png
135,lord_1_utsunomiya_2,Portraits/135_lord_1_utsunomiya_2_bustup_normal.png,Portraits/135_lord_1_utsunomiya_2_minihead_normal.png
136,lord_1_utsunomiya,Portraits/136_lord_1_utsunomiya_bustup_normal.png,Portraits/136_lord_1_utsunomiya_minihead_normal.png
137,lord_1_utono_ujinaga,Portraits/137_lord_1_utono_ujinaga_bustup_normal.png,Portraits/137_lord_1_utono_ujinaga_minihead_normal.png
138,lord_1_utono_nagateru,Portraits/138_lord_1_utono_nagateru_bustup_normal.png,Portraits/138_lord_1_utono_nagateru_minihead_normal.png
139,lord_1_uyama_hisakane,Portraits/139_lord_1_uyama_hisakane_bustup_normal.png,Portraits/139_lord_1_uyama_hisakane_minihead_normal.png
140,lord_1_uragami,Portraits/140_lord_1_uragami_bustup_normal.png,Portraits/140_lord_1_uragami_minihead_normal.png
141,lord_1_uwai_2,Portraits/141_lord_1_uwai_2_bustup_normal.png,Portraits/141_lord_1_uwai_2_minihead_normal.png
142,lord_1_unno_rokuro,Portraits/142_lord_1_unno_rokuro_bustup_normal.png,Portraits/142_lord_1_unno_rokuro_minihead_normal.png
143,lord_1_eiha_hisatora,Portraits/143_lord_1_eiha_hisatora_bustup_normal.png,Portraits/143_lord_1_eiha_hisatora_minihead_normal.png
144,lord_1_emura_oyakataka,Portraits/144_lord_1_emura_oyakataka_bustup_normal.png,Portraits/144_lord_1_emura_oyakataka_minihead_normal.png
145,lord_1_eriguchi_nobutsune,Portraits/145_lord_1_eriguchi_nobutsune_bustup_normal.png,Portraits/145_lord_1_eriguchi_nobutsune_minihead_normal.png
146,lord_1_enjoji_nobutane,Portraits/146_lord_1_enjoji_nobutane_bustup_normal.png,Portraits/146_lord_1_enjoji_nobutane_minihead_normal.png
147,lord_1_endo_naokiyo,Portraits/147_lord_1_endo_naokiyo_bustup_normal.png,Portraits/147_lord_1_endo_naokiyo_minihead_normal.png
148,lord_1_endo_motonobu,Portraits/148_lord_1_endo_motonobu_bustup_normal.png,Portraits/148_lord_1_endo_motonobu_minihead_normal.png
149,lord_1_oishi_tomohisa,Portraits/149_lord_1_oishi_tomohisa_bustup_normal.png,Portraits/149_lord_1_oishi_tomohisa_minihead_normal.png
150,lord_1_ouchi_tetsuna,Portraits/150_lord_1_ouchi_tetsuna_bustup_normal.png,Portraits/150_lord_1_ouchi_tetsuna_minihead_normal.png
151,lord_1_ouchi_teruhiro,Portraits/151_lord_1_ouchi_teruhiro_bustup_normal.png,Portraits/151_lord_1_ouchi_teruhiro_minihead_normal.png
152,lord_1_ouchi_yoshinaga,Portraits/152_lord_1_ouchi_yoshinaga_bustup_normal.png,Portraits/152_lord_1_ouchi_yoshinaga_minihead_normal.png
153,lord_1_okubo_6,Portraits/153_lord_1_okubo_6_bustup_normal.png,Portraits/153_lord_1_okubo_6_minihead_normal.png
154,lord_1_okubo_9,Portraits/154_lord_1_okubo_9_bustup_normal.png,Portraits/154_lord_1_okubo_9_minihead_normal.png
155,lord_1_okubo_4,Portraits/155_lord_1_okubo_4_bustup_normal.png,Portraits/155_lord_1_okubo_4_minihead_normal.png
156,lord_1_okubo_2,Portraits/156_lord_1_okubo_2_bustup_normal.png,Portraits/156_lord_1_okubo_2_minihead_normal.png
157,lord_1_okubo_nagayasu,Portraits/157_lord_1_okubo_nagayasu_bustup_normal.png,Portraits/157_lord_1_okubo_nagayasu_minihead_normal.png
158,lord_1_okuma_tomohide,Portraits/158_lord_1_okuma_tomohide_bustup_normal.png,Portraits/158_lord_1_okuma_tomohide_minihead_normal.png
159,lord_1_osaki,Portraits/159_lord_1_osaki_bustup_normal.png,Portraits/159_lord_1_osaki_minihead_normal.png
160,lord_1_osaki_1,Portraits/160_lord_1_osaki_1_bustup_normal.png,Portraits/160_lord_1_osaki_1_minihead_normal.png
161,lord_1_ota_ujiyasu,Portraits/161_lord_1_ota_ujiyasu_bustup_normal.png,Portraits/161_lord_1_ota_ujiyasu_minihead_normal.png
162,lord_1_otaa_gyuichi,Portraits/162_lord_1_otaa_gyuichi_bustup_normal.png,Portraits/162_lord_1_otaa_gyuichi_minihead_normal.png
163,lord_1_otaa_sanrakusai,Portraits/163_lord_1_otaa_sanrakusai_bustup_normal.png,Portraits/163_lord_1_otaa_sanrakusai_minihead_normal.png
164,lord_1_otaa_sanzesai,Portraits/164_lord_1_otaa_sanzesai_bustup_normal.png,Portraits/164_lord_1_otaa_sanzesai_minihead_normal.png
165,lord_1_otsuki_kageshu,Portraits/165_lord_1_otsuki_kageshu_bustup_normal.png,Portraits/165_lord_1_otsuki_kageshu_minihead_normal.png
166,lord_1_ogasawara_shozai,Portraits/166_lord_1_ogasawara_shozai_bustup_normal.png,Portraits/166_lord_1_ogasawara_shozai_minihead_normal.png
167,lord_1_otomo,Portraits/167_lord_1_otomo_bustup_normal.png,Portraits/167_lord_1_otomo_minihead_normal.png
168,lord_1_otomo_3,Portraits/168_lord_1_otomo_3_bustup_normal.png,Portraits/168_lord_1_otomo_3_minihead_normal.png
169,lord_1_otomo_4,Portraits/169_lord_1_otomo_4_bustup_normal.png,Portraits/169_lord_1_otomo_4_minihead_normal.png
170,lord_1_otomo_2,Portraits/170_lord_1_otomo_2_bustup_normal.png,Portraits/170_lord_1_otomo_2_minihead_normal.png
171,lord_1_oka_toshimasa,Portraits/171_lord_1_oka_toshimasa_bustup_normal.png,Portraits/171_lord_1_oka_toshimasa_minihead_normal.png
172,lord_1_omura,Portraits/172_lord_1_omura_bustup_normal.png,Portraits/172_lord_1_omura_minihead_normal.png
173,lord_1_okamoto_zuiensai,Portraits/173_lord_1_okamoto_zuiensai_bustup_normal.png,Portraits/173_lord_1_okamoto_zuiensai_minihead_normal.png
174,lord_1_okamoto_motonobu,Portraits/174_lord_1_okamoto_motonobu_bustup_normal.png,Portraits/174_lord_1_okamoto_motonobu_minihead_normal.png
175,lord_1_okudaira_nobumasa,Portraits/175_lord_1_okudaira_nobumasa_bustup_normal.png,Portraits/175_lord_1_okudaira_nobumasa_minihead_normal.png
176,spc_suruga_shu_leader_1,Portraits/176_spc_suruga_shu_leader_1_bustup_normal.png,Portraits/176_spc_suruga_shu_leader_1_minihead_normal.png
177,lord_1_okabe_6,Portraits/177_lord_1_okabe_6_bustup_normal.png,Portraits/177_lord_1_okabe_6_minihead_normal.png
178,lord_1_okabe,Portraits/178_lord_1_okabe_bustup_normal.png,Portraits/178_lord_1_okabe_minihead_normal.png
179,lord_1_okumura_eifuku,Portraits/179_lord_1_okumura_eifuku_bustup_normal.png,Portraits/179_lord_1_okumura_eifuku_minihead_normal.png
180,lord_1_okumura_tsunanao,Portraits/180_lord_1_okumura_tsunanao_bustup_normal.png,Portraits/180_lord_1_okumura_tsunanao_minihead_normal.png
181,lord_1_okumura_kagemichi,Portraits/181_lord_1_okumura_kagemichi_bustup_normal.png,Portraits/181_lord_1_okumura_kagemichi_minihead_normal.png
182,lord_1_okudaira_kagetaka,Portraits/182_lord_1_okudaira_kagetaka_bustup_normal.png,Portraits/182_lord_1_okudaira_kagetaka_minihead_normal.png
183,lord_1_iii_toramasa,Portraits/183_lord_1_iii_toramasa_bustup_normal.png,Portraits/183_lord_1_iii_toramasa_minihead_normal.png
184,lord_1_kaibara_tsunachika,Portraits/184_lord_1_kaibara_tsunachika_bustup_normal.png,Portraits/184_lord_1_kaibara_tsunachika_minihead_normal.png
185,lord_1_osafune_sadachika,Portraits/185_lord_1_osafune_sadachika_bustup_normal.png,Portraits/185_lord_1_osafune_sadachika_minihead_normal.png
186,lord_1_osafune_mitsunari,Portraits/186_lord_1_osafune_mitsunari_bustup_normal.png,Portraits/186_lord_1_osafune_mitsunari_minihead_normal.png
187,lord_1_kakei_juuzou,Portraits/187_lord_1_kakei_juuzou_bustup_normal.png,Portraits/187_lord_1_kakei_juuzou_minihead_normal.png
188,lord_2_oda,Portraits/188_lord_2_oda_bustup_normal.png,Portraits/188_lord_2_oda_minihead_normal.png
189,lord_1_oda_kiyoeimon,Portraits/189_lord_1_oda_kiyoeimon_bustup_normal.png,Portraits/189_lord_1_oda_kiyoeimon_minihead_normal.png
190,lord_1_oda_yuuemon,Portraits/190_lord_1_oda_yuuemon_bustup_normal.png,Portraits/190_lord_1_oda_yuuemon_minihead_normal.png
191,lord_1_oda_5,Portraits/191_lord_1_oda_5_bustup_normal.png,Portraits/191_lord_1_oda_5_minihead_normal.png
192,lord_1_oda_8,Portraits/192_lord_1_oda_8_bustup_normal.png,Portraits/192_lord_1_oda_8_minihead_normal.png
193,lord_1_oda_6,Portraits/193_lord_1_oda_6_bustup_normal.png,Portraits/193_lord_1_oda_6_minihead_normal.png
194,lord_1_oda_4,Portraits/194_lord_1_oda_4_bustup_normal.png,Portraits/194_lord_1_oda_4_minihead_normal.png
195,lord_1_oda,Portraits/195_lord_1_oda_bustup_normal.png,Portraits/195_lord_1_oda_minihead_normal.png
196,lord_1_oda_masashige,Portraits/196_lord_1_oda_masashige_bustup_normal.png,Portraits/196_lord_1_oda_masashige_minihead_normal.png
197,lord_1_kodera,Portraits/197_lord_1_kodera_bustup_normal.png,Portraits/197_lord_1_kodera_minihead_normal.png
198,lord_1_jingu_motomichi,Portraits/198_lord_1_jingu_motomichi_bustup_normal.png,Portraits/198_lord_1_jingu_motomichi_minihead_normal.png
199,lord_1_oniniwa_tsunemasa,Portraits/199_lord_1_oniniwa_tsunemasa_bustup_normal.png,Portraits/199_lord_1_oniniwa_tsunemasa_minihead_normal.png
200,lord_1_oniniwa_2,Portraits/200_lord_1_oniniwa_2_bustup_normal.png,Portraits/200_lord_1_oniniwa_2_minihead_normal.png
201,lord_1_sugiya_zenjubou,Portraits/201_lord_1_sugiya_zenjubou_bustup_normal.png,Portraits/201_lord_1_sugiya_zenjubou_minihead_normal.png
202,lord_1_sugiya_bou,Portraits/202_lord_1_sugiya_bou_bustup_normal.png,Portraits/202_lord_1_sugiya_bou_minihead_normal.png
203,lord_1_sugiya_satayu,Portraits/203_lord_1_sugiya_satayu_bustup_normal.png,Portraits/203_lord_1_sugiya_satayu_minihead_normal.png
204,lord_1_sugiya_kagemune,Portraits/204_lord_1_sugiya_kagemune_bustup_normal.png,Portraits/204_lord_1_sugiya_kagemune_minihead_normal.png
205,lord_1_onodera_3,Portraits/205_lord_1_onodera_3_bustup_normal.png,Portraits/205_lord_1_onodera_3_minihead_normal.png
206,lord_1_obata_kanbei,Portraits/206_lord_1_obata_kanbei_bustup_normal.png,Portraits/206_lord_1_obata_kanbei_minihead_normal.png
207,lord_1_kashin_koji,Portraits/207_lord_1_kashin_koji_bustup_normal.png,Portraits/207_lord_1_kashin_koji_minihead_normal.png
208,lord_1_sako_toutarou,Portraits/208_lord_1_sako_toutarou_bustup_normal.png,Portraits/208_lord_1_sako_toutarou_minihead_normal.png
209,lord_1_oyamada,Portraits/209_lord_1_oyamada_bustup_normal.png,Portraits/209_lord_1_oyamada_minihead_normal.png
210,lord_1_kai,Portraits/210_lord_1_kai_bustup_normal.png,Portraits/210_lord_1_kai_minihead_normal.png
211,lord_1_kazuyama_ujimoto,Portraits/211_lord_1_kazuyama_ujimoto_bustup_normal.png,Portraits/211_lord_1_kazuyama_ujimoto_minihead_normal.png
212,lord_1_kagawa_chikawa,Portraits/212_lord_1_kagawa_chikawa_bustup_normal.png,Portraits/212_lord_1_kagawa_chikawa_minihead_normal.png
213,lord_1_kagawa_saizou,Portraits/213_lord_1_kagawa_saizou_bustup_normal.png,Portraits/213_lord_1_kagawa_saizou_minihead_normal.png
214,lord_1_kakizaki,Portraits/214_lord_1_kakizaki_bustup_normal.png,Portraits/214_lord_1_kakizaki_minihead_normal.png
215,lord_2_kakizaki,Portraits/215_lord_2_kakizaki_bustup_normal.png,Portraits/215_lord_2_kakizaki_minihead_normal.png
216,lord_2_kakizaki_2,Portraits/216_lord_2_kakizaki_2_bustup_normal.png,Portraits/216_lord_2_kakizaki_2_minihead_normal.png
217,lord_1_kane_makoto,Portraits/217_lord_1_kane_makoto_bustup_normal.png,Portraits/217_lord_1_kane_makoto_minihead_normal.png
218,lord_1_kawata_nagachika,Portraits/218_lord_1_kawata_nagachika_bustup_normal.png,Portraits/218_lord_1_kawata_nagachika_minihead_normal.png
219,lord_1_kasai,Portraits/219_lord_1_kasai_bustup_normal.png,Portraits/219_lord_1_kasai_minihead_normal.png
220,lord_1_kasahara_masayoshi,Portraits/220_lord_1_kasahara_masayoshi_bustup_normal.png,Portraits/220_lord_1_kasahara_masayoshi_minihead_normal.png
221,lord_1_ganshojii_shoei,Portraits/221_lord_1_ganshojii_shoei_bustup_normal.png,Portraits/221_lord_1_ganshojii_shoei_minihead_normal.png
222,lord_1_kanbe_tomomori,Portraits/222_lord_1_kanbe_tomomori_bustup_normal.png,Portraits/222_lord_1_kanbe_tomomori_minihead_normal.png
223,lord_1_kan_tatsunaga,Portraits/223_lord_1_kan_tatsunaga_bustup_normal.png,Portraits/223_lord_1_kan_tatsunaga_minihead_normal.png
224,lord_1_kyogoku_takayoshi,Portraits/224_lord_1_kyogoku_takayoshi_bustup_normal.png,Portraits/224_lord_1_kyogoku_takayoshi_minihead_normal.png
225,lord_1_katakura_4,Portraits/225_lord_1_katakura_4_bustup_normal.png,Portraits/225_lord_1_katakura_4_minihead_normal.png
226,lord_1_kirigakure_saizo,Portraits/226_lord_1_kirigakure_saizo_bustup_normal.png,Portraits/226_lord_1_kirigakure_saizo_minihead_normal.png
227,lord_1_kondou_mototsuna,Portraits/227_lord_1_kondou_mototsuna_bustup_normal.png,Portraits/227_lord_1_kondou_mototsuna_minihead_normal.png
228,lord_1_katsura_yoshizumi,Portraits/228_lord_1_katsura_yoshizumi_bustup_normal.png,Portraits/228_lord_1_katsura_yoshizumi_minihead_normal.png
229,lord_1_kazayama_moto,Portraits/229_lord_1_kazayama_moto_bustup_normal.png,Portraits/229_lord_1_kazayama_moto_minihead_normal.png
230,lord_1_katoo_kiyomasa,Portraits/230_lord_1_katoo_kiyomasa_bustup_normal.png,Portraits/230_lord_1_katoo_kiyomasa_minihead_normal.png
231,lord_1_katoo_dankuroo,Portraits/231_lord_1_katoo_dankuroo_bustup_normal.png,Portraits/231_lord_1_katoo_dankuroo_minihead_normal.png
232,lord_1_katoo_mitsuyasu,Portraits/232_lord_1_katoo_mitsuyasu_bustup_normal.png,Portraits/232_lord_1_katoo_mitsuyasu_minihead_normal.png
233,lord_1_katoo_yoshiaki,Portraits/233_lord_1_katoo_yoshiaki_bustup_normal.png,Portraits/233_lord_1_katoo_yoshiaki_minihead_normal.png
234,lord_1_kanakami_morinari,Portraits/234_lord_1_kanakami_morinari_bustup_normal.png,Portraits/234_lord_1_kanakami_morinari_minihead_normal.png
235,lord_1_kanamori_nagachika,Portraits/235_lord_1_kanamori_nagachika_bustup_normal.png,Portraits/235_lord_1_kanamori_nagachika_minihead_normal.png
236,lord_1_kani_saizoo,Portraits/236_lord_1_kani_saizoo_bustup_normal.png,Portraits/236_lord_1_kani_saizoo_minihead_normal.png
237,lord_1_kanee_tsumura,Portraits/237_lord_1_kanee_tsumura_bustup_normal.png,Portraits/237_lord_1_kanee_tsumura_minihead_normal.png
238,lord_1_kamachi,Portraits/238_lord_1_kamachi_bustup_normal.png,Portraits/238_lord_1_kamachi_minihead_normal.png
239,lord_1_kamei_korenori,Portraits/239_lord_1_kamei_korenori_bustup_normal.png,Portraits/239_lord_1_kamei_korenori_minihead_normal.png
240,lord_1_gamou_2,Portraits/240_lord_1_gamou_2_bustup_normal.png,Portraits/240_lord_1_gamou_2_minihead_normal.png
241,lord_1_gamou,Portraits/241_lord_1_gamou_bustup_normal.png,Portraits/241_lord_1_gamou_minihead_normal.png
242,lord_1_gamou_sadahide,Portraits/242_lord_1_gamou_sadahide_bustup_normal.png,Portraits/242_lord_1_gamou_sadahide_minihead_normal.png
243,lord_1_gamou_yasukyo,Portraits/243_lord_1_gamou_yasukyo_bustup_normal.png,Portraits/243_lord_1_gamou_yasukyo_minihead_normal.png
244,lord_1_gamou_hideyuki,Portraits/244_lord_1_gamou_hideyuki_bustup_normal.png,Portraits/244_lord_1_gamou_hideyuki_minihead_normal.png
245,lord_1_kawakami_11,Portraits/245_lord_1_kawakami_11_bustup_normal.png,Portraits/245_lord_1_kawakami_11_minihead_normal.png
246,dead_lord_1_kawakami_7,Portraits/246_dead_lord_1_kawakami_7_bustup_normal.png,Portraits/246_dead_lord_1_kawakami_7_minihead_normal.png
247,lord_1_kawajiri_hidetaka,Portraits/247_lord_1_kawajiri_hidetaka_bustup_normal.png,Portraits/247_lord_1_kawajiri_hidetaka_minihead_normal.png
248,lord_1_kawada_nagachika,Portraits/248_lord_1_kawada_nagachika_bustup_normal.png,Portraits/248_lord_1_kawada_nagachika_minihead_normal.png
249,lord_1_ganshoji_shooe,Portraits/249_lord_1_ganshoji_shooe_bustup_normal.png,Portraits/249_lord_1_ganshoji_shooe_minihead_normal.png
250,lord_1_koobe_tomomori,Portraits/250_lord_1_koobe_tomomori_bustup_normal.png,Portraits/250_lord_1_koobe_tomomori_minihead_normal.png
251,lord_1_sugata_nagatake,Portraits/251_lord_1_sugata_nagatake_bustup_normal.png,Portraits/251_lord_1_sugata_nagatake_minihead_normal.png
252,lord_1_kii,Portraits/252_lord_1_kii_bustup_normal.png,Portraits/252_lord_1_kii_minihead_normal.png
253,lord_1_kiriu_suenaga,Portraits/253_lord_1_kiriu_suenaga_bustup_normal.png,Portraits/253_lord_1_kiriu_suenaga_minihead_normal.png
254,lord_1_kiso_2,Portraits/254_lord_1_kiso_2_bustup_normal.png,Portraits/254_lord_1_kiso_2_minihead_normal.png
255,lord_1_kiso,Portraits/255_lord_1_kiso_bustup_normal.png,Portraits/255_lord_1_kiso_minihead_normal.png
256,lord_1_hojo_kagehiro,Portraits/256_lord_1_hojo_kagehiro_bustup_normal.png,Portraits/256_lord_1_hojo_kagehiro_minihead_normal.png
257,lord_1_hojo_takahiro,Portraits/257_lord_1_hojo_takahiro_bustup_normal.png,Portraits/257_lord_1_hojo_takahiro_minihead_normal.png
258,lord_1_kita,Portraits/258_lord_1_kita_bustup_normal.png,Portraits/258_lord_1_kita_minihead_normal.png
259,lord_1_kitabatake,Portraits/259_lord_1_kitabatake_bustup_normal.png,Portraits/259_lord_1_kitabatake_minihead_normal.png
260,lord_1_kitabatake_4,Portraits/260_lord_1_kitabatake_4_bustup_normal.png,Portraits/260_lord_1_kitabatake_4_minihead_normal.png
261,dead_lord_1_kitabatake_2,Portraits/261_dead_lord_1_kitabatake_2_bustup_normal.png,Portraits/261_dead_lord_1_kitabatake_2_minihead_normal.png
262,lord_1_kikkawa_9,Portraits/262_lord_1_kikkawa_9_bustup_normal.png,Portraits/262_lord_1_kikkawa_9_minihead_normal.png
263,lord_1_kikkawa_4,Portraits/263_lord_1_kikkawa_4_bustup_normal.png,Portraits/263_lord_1_kikkawa_4_minihead_normal.png
264,lord_1_kikkawa_2,Portraits/264_lord_1_kikkawa_2_bustup_normal.png,Portraits/264_lord_1_kikkawa_2_minihead_normal.png
265,lord_1_kikkawa,Portraits/265_lord_1_kikkawa_bustup_normal.png,Portraits/265_lord_1_kikkawa_minihead_normal.png
266,lord_1_kinoshita_masanao,Portraits/266_lord_1_kinoshita_masanao_bustup_normal.png,Portraits/266_lord_1_kinoshita_masanao_minihead_normal.png
267,lord_1_kimura_shigenari,Portraits/267_lord_1_kimura_shigenari_bustup_normal.png,Portraits/267_lord_1_kimura_shigenari_minihead_normal.png
268,dead_lord_1_kimotsuki_1,Portraits/268_dead_lord_1_kimotsuki_1_bustup_normal.png,Portraits/268_dead_lord_1_kimotsuki_1_minihead_normal.png
269,lord_1_kimotsuki_5,Portraits/269_lord_1_kimotsuki_5_bustup_normal.png,Portraits/269_lord_1_kimotsuki_5_minihead_normal.png
270,lord_1_kimotsuki,Portraits/270_lord_1_kimotsuki_bustup_normal.png,Portraits/270_lord_1_kimotsuki_minihead_normal.png
271,lord_1_kyoogoku_takatsugu,Portraits/271_lord_1_kyoogoku_takatsugu_bustup_normal.png,Portraits/271_lord_1_kyoogoku_takatsugu_minihead_normal.png
272,lord_1_kyoogoku_takachika,Portraits/272_lord_1_kyoogoku_takachika_bustup_normal.png,Portraits/272_lord_1_kyoogoku_takachika_minihead_normal.png
273,lord_1_kyoogoku_takayoshi,Portraits/273_lord_1_kyoogoku_takayoshi_bustup_normal.png,Portraits/273_lord_1_kyoogoku_takayoshi_minihead_normal.png
274,lord_1_kira,Portraits/274_lord_1_kira_bustup_normal.png,Portraits/274_lord_1_kira_minihead_normal.png
275,lord_1_kira_2,Portraits/275_lord_1_kira_2_bustup_normal.png,Portraits/275_lord_1_kira_2_minihead_normal.png
276,lord_1_kirigakuree_saizoo,Portraits/276_lord_1_kirigakuree_saizoo_bustup_normal.png,Portraits/276_lord_1_kirigakuree_saizoo_minihead_normal.png
277,lord_1_kuki_sanzaburou,Portraits/277_lord_1_kuki_sanzaburou_bustup_normal.png,Portraits/277_lord_1_kuki_sanzaburou_minihead_normal.png
278,lord_1_kuki_moritaka,Portraits/278_lord_1_kuki_moritaka_bustup_normal.png,Portraits/278_lord_1_kuki_moritaka_minihead_normal.png
279,lord_1_kuki,Portraits/279_lord_1_kuki_bustup_normal.png,Portraits/279_lord_1_kuki_minihead_normal.png
280,lord_1_kusunoki_nagauji,Portraits/280_lord_1_kusunoki_nagauji_bustup_normal.png,Portraits/280_lord_1_kusunoki_nagauji_minihead_normal.png
281,lord_1_kuchiba_michiyoshi,Portraits/281_lord_1_kuchiba_michiyoshi_bustup_normal.png,Portraits/281_lord_1_kuchiba_michiyoshi_minihead_normal.png
282,lord_1_kuchiki_mototsuna,Portraits/282_lord_1_kuchiki_mototsuna_bustup_normal.png,Portraits/282_lord_1_kuchiki_mototsuna_minihead_normal.png
283,lord_1_kokushi_motoai,Portraits/283_lord_1_kokushi_motoai_bustup_normal.png,Portraits/283_lord_1_kokushi_motoai_minihead_normal.png
284,lord_1_kuniyoshi_zenbei,Portraits/284_lord_1_kuniyoshi_zenbei_bustup_normal.png,Portraits/284_lord_1_kuniyoshi_zenbei_minihead_normal.png
285,lord_1_konohe,Portraits/285_lord_1_konohe_bustup_normal.png,Portraits/285_lord_1_konohe_minihead_normal.png
286,lord_1_kumagai_nobunao,Portraits/286_lord_1_kumagai_nobunao_bustup_normal.png,Portraits/286_lord_1_kumagai_nobunao_minihead_normal.png
287,lord_1_kumaya_genshiroo,Portraits/287_lord_1_kumaya_genshiroo_bustup_normal.png,Portraits/287_lord_1_kumaya_genshiroo_minihead_normal.png
288,lord_1_sueyoshi_magosaburoo,Portraits/288_lord_1_sueyoshi_magosaburoo_bustup_normal.png,Portraits/288_lord_1_sueyoshi_magosaburoo_minihead_normal.png
289,lord_1_kurada_gorooza,Portraits/289_lord_1_kurada_gorooza_bustup_normal.png,Portraits/289_lord_1_kurada_gorooza_minihead_normal.png
290,lord_1_murakami_4,Portraits/290_lord_1_murakami_4_bustup_normal.png,Portraits/290_lord_1_murakami_4_minihead_normal.png
291,lord_1_murakami_munekatsu,Portraits/291_lord_1_murakami_munekatsu_bustup_normal.png,Portraits/291_lord_1_murakami_munekatsu_minihead_normal.png
292,lord_1_kuroda_iekata,Portraits/292_lord_1_kuroda_iekata_bustup_normal.png,Portraits/292_lord_1_kuroda_iekata_minihead_normal.png
293,lord_1_kuroda_4,Portraits/293_lord_1_kuroda_4_bustup_normal.png,Portraits/293_lord_1_kuroda_4_minihead_normal.png
294,lord_1_kuroda_2,Portraits/294_lord_1_kuroda_2_bustup_normal.png,Portraits/294_lord_1_kuroda_2_minihead_normal.png
295,lord_1_kuwana_yoshinari,Portraits/295_lord_1_kuwana_yoshinari_bustup_normal.png,Portraits/295_lord_1_kuwana_yoshinari_minihead_normal.png
296,lord_1_kamiizumi_nobutsuna,Portraits/296_lord_1_kamiizumi_nobutsuna_bustup_normal.png,Portraits/296_lord_1_kamiizumi_nobutsuna_minihead_normal.png
297,lord_1_koosaka_jinnai,Portraits/297_lord_1_koosaka_jinnai_bustup_normal.png,Portraits/297_lord_1_koosaka_jinnai_minihead_normal.png
298,lord_1_koosaka_masanobu,Portraits/298_lord_1_koosaka_masanobu_bustup_normal.png,Portraits/298_lord_1_koosaka_masanobu_minihead_normal.png
299,lord_1_kosokabe,Portraits/299_lord_1_kosokabe_bustup_normal.png,Portraits/299_lord_1_kosokabe_minihead_normal.png
300,lord_1_kawano_masashige,Portraits/300_lord_1_kawano_masashige_bustup_normal.png,Portraits/300_lord_1_kawano_masashige_minihead_normal.png
301,lord_1_kawano,Portraits/301_lord_1_kawano_bustup_normal.png,Portraits/301_lord_1_kawano_minihead_normal.png
302,lord_1_koori_kiyonaga,Portraits/302_lord_1_koori_kiyonaga_bustup_normal.png,Portraits/302_lord_1_koori_kiyonaga_minihead_normal.png
303,lord_1_jingu_norishige,Portraits/303_lord_1_jingu_norishige_bustup_normal.png,Portraits/303_lord_1_jingu_norishige_minihead_normal.png
304,lord_1_godai_tomoyoshi,Portraits/304_lord_1_godai_tomoyoshi_bustup_normal.png,Portraits/304_lord_1_godai_tomoyoshi_minihead_normal.png
305,lord_1_kodama_toshihide,Portraits/305_lord_1_kodama_toshihide_bustup_normal.png,Portraits/305_lord_1_kodama_toshihide_minihead_normal.png
306,lord_1_kitabatake_10,Portraits/306_lord_1_kitabatake_10_bustup_normal.png,Portraits/306_lord_1_kitabatake_10_minihead_normal.png
307,lord_1_koteida_yasuichi,Portraits/307_lord_1_koteida_yasuichi_bustup_normal.png,Portraits/307_lord_1_koteida_yasuichi_minihead_normal.png
308,lord_1_koteida_yasuyuki,Portraits/308_lord_1_koteida_yasuyuki_bustup_normal.png,Portraits/308_lord_1_koteida_yasuyuki_minihead_normal.png
309,lord_1_goto_masatoyo,Portraits/309_lord_1_goto_masatoyo_bustup_normal.png,Portraits/309_lord_1_goto_masatoyo_minihead_normal.png
310,lord_1_goto_danemon,Portraits/310_lord_1_goto_danemon_bustup_normal.png,Portraits/310_lord_1_goto_danemon_minihead_normal.png
311,lord_1_goto_toogoroo,Portraits/311_lord_1_goto_toogoroo_bustup_normal.png,Portraits/311_lord_1_goto_toogoroo_minihead_normal.png
312,lord_1_konishi_yukinaga,Portraits/312_lord_1_konishi_yukinaga_bustup_normal.png,Portraits/312_lord_1_konishi_yukinaga_minihead_normal.png
313,lord_1_konishi_ryuusa,Portraits/313_lord_1_konishi_ryuusa_bustup_normal.png,Portraits/313_lord_1_konishi_ryuusa_minihead_normal.png
314,lord_1_kobayakawa_takakage,Portraits/314_lord_1_kobayakawa_takakage_bustup_normal.png,Portraits/314_lord_1_kobayakawa_takakage_minihead_normal.png
315,lord_1_kobayakawa_hideaki,Portraits/315_lord_1_kobayakawa_hideaki_bustup_normal.png,Portraits/315_lord_1_kobayakawa_hideaki_minihead_normal.png
316,lord_1_kobayakawa_hidekane,Portraits/316_lord_1_kobayakawa_hidekane_bustup_normal.png,Portraits/316_lord_1_kobayakawa_hidekane_minihead_normal.png
317,lord_1_kobori_enshuu,Portraits/317_lord_1_kobori_enshuu_bustup_normal.png,Portraits/317_lord_1_kobori_enshuu_minihead_normal.png
318,lord_1_koyanagawa_morimune,Portraits/318_lord_1_koyanagawa_morimune_bustup_normal.png,Portraits/318_lord_1_koyanagawa_morimune_minihead_normal.png
319,lord_1_kondouu_yoshitake,Portraits/319_lord_1_kondouu_yoshitake_bustup_normal.png,Portraits/319_lord_1_kondouu_yoshitake_minihead_normal.png
320,lord_1_saionji,Portraits/320_lord_1_saionji_bustup_normal.png,Portraits/320_lord_1_saionji_minihead_normal.png
321,lord_1_saika_magoichi,Portraits/321_lord_1_saika_magoichi_bustup_normal.png,Portraits/321_lord_1_saika_magoichi_minihead_normal.png
322,lord_1_saitoo_tatsutaka,Portraits/322_lord_1_saitoo_tatsutaka_bustup_normal.png,Portraits/322_lord_1_saitoo_tatsutaka_minihead_normal.png
323,lord_1_saitoo_denki,Portraits/323_lord_1_saitoo_denki_bustup_normal.png,Portraits/323_lord_1_saitoo_denki_minihead_normal.png
324,lord_1_saitoo_doosan,Portraits/324_lord_1_saitoo_doosan_bustup_normal.png,Portraits/324_lord_1_saitoo_doosan_minihead_normal.png
325,lord_1_saitoo_toshimitsu,Portraits/325_lord_1_saitoo_toshimitsu_bustup_normal.png,Portraits/325_lord_1_saitoo_toshimitsu_minihead_normal.png
326,lord_1_saitoo_tomonobu,Portraits/326_lord_1_saitoo_tomonobu_bustup_normal.png,Portraits/326_lord_1_saitoo_tomonobu_minihead_normal.png
327,lord_1_saitoo_yoshitatsu,Portraits/327_lord_1_saitoo_yoshitatsu_bustup_normal.png,Portraits/327_lord_1_saitoo_yoshitatsu_minihead_normal.png
328,lord_1_saimura_masahiro,Portraits/328_lord_1_saimura_masahiro_bustup_normal.png,Portraits/328_lord_1_saimura_masahiro_minihead_normal.png
329,lord_1_saeki_kore,Portraits/329_lord_1_saeki_kore_bustup_normal.png,Portraits/329_lord_1_saeki_kore_minihead_normal.png
330,lord_1_yoshida_dooton,Portraits/330_lord_1_yoshida_dooton_bustup_normal.png,Portraits/330_lord_1_yoshida_dooton_minihead_normal.png
331,lord_1_sakai_2,Portraits/331_lord_1_sakai_2_bustup_normal.png,Portraits/331_lord_1_sakai_2_minihead_normal.png
332,lord_1_sakai,Portraits/332_lord_1_sakai_bustup_normal.png,Portraits/332_lord_1_sakai_minihead_normal.png
333,lord_1_sakai_tadayoshi,Portraits/333_lord_1_sakai_tadayoshi_bustup_normal.png,Portraits/333_lord_1_sakai_tadayoshi_minihead_normal.png
334,lord_1_sakaii_masanao,Portraits/334_lord_1_sakaii_masanao_bustup_normal.png,Portraits/334_lord_1_sakaii_masanao_minihead_normal.png
335,lord_1_sakakibara,Portraits/335_lord_1_sakakibara_bustup_normal.png,Portraits/335_lord_1_sakakibara_minihead_normal.png
336,lord_1_sakazaki_naomori,Portraits/336_lord_1_sakazaki_naomori_bustup_normal.png,Portraits/336_lord_1_sakazaki_naomori_minihead_normal.png
337,lord_1_sagara,Portraits/337_lord_1_sagara_bustup_normal.png,Portraits/337_lord_1_sagara_minihead_normal.png
338,lord_1_sagara_yorifusa,Portraits/338_lord_1_sagara_yorifusa_bustup_normal.png,Portraits/338_lord_1_sagara_yorifusa_minihead_normal.png
339,lord_1_sakuma,Portraits/339_lord_1_sakuma_bustup_normal.png,Portraits/339_lord_1_sakuma_minihead_normal.png
340,lord_1_sakuma_morishige,Portraits/340_lord_1_sakuma_morishige_bustup_normal.png,Portraits/340_lord_1_sakuma_morishige_minihead_normal.png
341,lord_1_sakuma_morimasa,Portraits/341_lord_1_sakuma_morimasa_bustup_normal.png,Portraits/341_lord_1_sakuma_morimasa_minihead_normal.png
342,lord_1_sakenobe_2,Portraits/342_lord_1_sakenobe_2_bustup_normal.png,Portraits/342_lord_1_sakenobe_2_minihead_normal.png
343,lord_1_sasaki_kojiroo,Portraits/343_lord_1_sasaki_kojiroo_bustup_normal.png,Portraits/343_lord_1_sasaki_kojiroo_minihead_normal.png
344,lord_1_sasabe_kanjiro,Portraits/344_lord_1_sasabe_kanjiro_bustup_normal.png,Portraits/344_lord_1_sasabe_kanjiro_minihead_normal.png
345,lord_1_sase_motoyoshi,Portraits/345_lord_1_sase_motoyoshi_bustup_normal.png,Portraits/345_lord_1_sase_motoyoshi_minihead_normal.png
346,dead_lord_1_satake_2,Portraits/346_dead_lord_1_satake_2_bustup_normal.png,Portraits/346_dead_lord_1_satake_2_minihead_normal.png
347,lord_1_satake,Portraits/347_lord_1_satake_bustup_normal.png,Portraits/347_lord_1_satake_minihead_normal.png
348,lord_1_satake_yoshinobu,Portraits/348_lord_1_satake_yoshinobu_bustup_normal.png,Portraits/348_lord_1_satake_yoshinobu_minihead_normal.png
349,lord_1_satake_4,Portraits/349_lord_1_satake_4_bustup_normal.png,Portraits/349_lord_1_satake_4_minihead_normal.png
350,lord_1_sada_hikosaburoo,Portraits/350_lord_1_sada_hikosaburoo_bustup_normal.png,Portraits/350_lord_1_sada_hikosaburoo_minihead_normal.png
351,lord_1_sassa_narimasa,Portraits/351_lord_1_sassa_narimasa_bustup_normal.png,Portraits/351_lord_1_sassa_narimasa_minihead_normal.png
352,lord_1_satomi_2,Portraits/352_lord_1_satomi_2_bustup_normal.png,Portraits/352_lord_1_satomi_2_minihead_normal.png
353,lord_1_satomi,Portraits/353_lord_1_satomi_bustup_normal.png,Portraits/353_lord_1_satomi_minihead_normal.png
354,lord_1_satomi_yoshiyasu,Portraits/354_lord_1_satomi_yoshiyasu_bustup_normal.png,Portraits/354_lord_1_satomi_yoshiyasu_minihead_normal.png
355,lord_1_satomi_10,Portraits/355_lord_1_satomi_10_bustup_normal.png,Portraits/355_lord_1_satomi_10_minihead_normal.png
356,lord_1_sanada,Portraits/356_lord_1_sanada_bustup_normal.png,Portraits/356_lord_1_sanada_minihead_normal.png
357,lord_1_sanada_taneju,Portraits/357_lord_1_sanada_taneju_bustup_normal.png,Portraits/357_lord_1_sanada_taneju_minihead_normal.png
358,lord_1_sanada_4,Portraits/358_lord_1_sanada_4_bustup_normal.png,Portraits/358_lord_1_sanada_4_minihead_normal.png
359,lord_1_sanada_6,Portraits/359_lord_1_sanada_6_bustup_normal.png,Portraits/359_lord_1_sanada_6_minihead_normal.png
360,lord_1_sanada_yukitaka,Portraits/360_lord_1_sanada_yukitaka_bustup_normal.png,Portraits/360_lord_1_sanada_yukitaka_minihead_normal.png
361,lord_1_sanada_9,Portraits/361_lord_1_sanada_9_bustup_normal.png,Portraits/361_lord_1_sanada_9_minihead_normal.png
362,lord_1_sano_8,Portraits/362_lord_1_sano_8_bustup_normal.png,Portraits/362_lord_1_sano_8_minihead_normal.png
363,lord_1_saburi_inosuke,Portraits/363_lord_1_saburi_inosuke_bustup_normal.png,Portraits/363_lord_1_saburi_inosuke_minihead_normal.png
364,lord_1_sarutobi_sasuke,Portraits/364_lord_1_sarutobi_sasuke_bustup_normal.png,Portraits/364_lord_1_sarutobi_sasuke_minihead_normal.png
365,lord_1_saruwatari_nobumitsu,Portraits/365_lord_1_saruwatari_nobumitsu_bustup_normal.png,Portraits/365_lord_1_saruwatari_nobumitsu_minihead_normal.png
366,lord_1_yamamotoji_sadanaga,Portraits/366_lord_1_yamamotoji_sadanaga_bustup_normal.png,Portraits/366_lord_1_yamamotoji_sadanaga_minihead_normal.png
367,lord_1_shiina_yasuyuki,Portraits/367_lord_1_shiina_yasuyuki_bustup_normal.png,Portraits/367_lord_1_shiina_yasuyuki_minihead_normal.png
368,lord_1_shiga_chikatsugu,Portraits/368_lord_1_shiga_chikatsugu_bustup_normal.png,Portraits/368_lord_1_shiga_chikatsugu_minihead_normal.png
369,lord_1_shiga_chikamori,Portraits/369_lord_1_shiga_chikamori_bustup_normal.png,Portraits/369_lord_1_shiga_chikamori_minihead_normal.png
370,lord_1_shiganezawa_motouji,Portraits/370_lord_1_shiganezawa_motouji_bustup_normal.png,Portraits/370_lord_1_shiganezawa_motouji_minihead_normal.png
371,lord_1_shishido_takayoshi,Portraits/371_lord_1_shishido_takayoshi_bustup_normal.png,Portraits/371_lord_1_shishido_takayoshi_minihead_normal.png
372,lord_1_shishido_baiken,Portraits/372_lord_1_shishido_baiken_bustup_normal.png,Portraits/372_lord_1_shishido_baiken_minihead_normal.png
373,lord_1_shishido_mototsugu,Portraits/373_lord_1_shishido_mototsugu_bustup_normal.png,Portraits/373_lord_1_shishido_mototsugu_minihead_normal.png
374,lord_1_shichijoo_kanenaka,Portraits/374_lord_1_shichijoo_kanenaka_bustup_normal.png,Portraits/374_lord_1_shichijoo_kanenaka_minihead_normal.png
375,lord_1_shichiri,Portraits/375_lord_1_shichiri_bustup_normal.png,Portraits/375_lord_1_shichiri_minihead_normal.png
376,lord_1_shinohara_nagafusa,Portraits/376_lord_1_shinohara_nagafusa_bustup_normal.png,Portraits/376_lord_1_shinohara_nagafusa_minihead_normal.png
377,lord_1_shiba_2,Portraits/377_lord_1_shiba_2_bustup_normal.png,Portraits/377_lord_1_shiba_2_minihead_normal.png
378,lord_1_shiba,Portraits/378_lord_1_shiba_bustup_normal.png,Portraits/378_lord_1_shiba_minihead_normal.png
379,lord_1_shibata,Portraits/379_lord_1_shibata_bustup_normal.png,Portraits/379_lord_1_shibata_minihead_normal.png
380,lord_1_shibata_5,Portraits/380_lord_1_shibata_5_bustup_normal.png,Portraits/380_lord_1_shibata_5_minihead_normal.png
381,lord_2_shibata_4,Portraits/381_lord_2_shibata_4_bustup_normal.png,Portraits/381_lord_2_shibata_4_minihead_normal.png
382,lord_2_shibata,Portraits/382_lord_2_shibata_bustup_normal.png,Portraits/382_lord_2_shibata_minihead_normal.png
383,lord_1_shibatsuji_kiyouemon,Portraits/383_lord_1_shibatsuji_kiyouemon_bustup_normal.png,Portraits/383_lord_1_shibatsuji_kiyouemon_minihead_normal.png
384,lord_1_shibuya_yuurooemon,Portraits/384_lord_1_shibuya_yuurooemon_bustup_normal.png,Portraits/384_lord_1_shibuya_yuurooemon_minihead_normal.png
385,lord_1_shimae_sooshitsu,Portraits/385_lord_1_shimae_sooshitsu_bustup_normal.png,Portraits/385_lord_1_shimae_sooshitsu_minihead_normal.png
386,lord_1_shima_sakon,Portraits/386_lord_1_shima_sakon_bustup_normal.png,Portraits/386_lord_1_shima_sakon_minihead_normal.png
387,lord_1_shimazu_9,Portraits/387_lord_1_shimazu_9_bustup_normal.png,Portraits/387_lord_1_shimazu_9_minihead_normal.png
388,lord_1_shimazu_hyoogo-no-suke,Portraits/388_lord_1_shimazu_hyoogo-no-suke_bustup_normal.png,Portraits/388_lord_1_shimazu_hyoogo-no-suke_minihead_normal.png
389,lord_1_shimazu_11,Portraits/389_lord_1_shimazu_11_bustup_normal.png,Portraits/389_lord_1_shimazu_11_minihead_normal.png
390,lord_1_shimazu_zenshu,Portraits/390_lord_1_shimazu_zenshu_bustup_normal.png,Portraits/390_lord_1_shimazu_zenshu_minihead_normal.png
391,lord_1_shimazu_7,Portraits/391_lord_1_shimazu_7_bustup_normal.png,Portraits/391_lord_1_shimazu_7_minihead_normal.png
392,lord_1_shimazu_toyohisa,Portraits/392_lord_1_shimazu_toyohisa_bustup_normal.png,Portraits/392_lord_1_shimazu_toyohisa_minihead_normal.png
393,lord_1_shimazu_kagerai,Portraits/393_lord_1_shimazu_kagerai_bustup_normal.png,Portraits/393_lord_1_shimazu_kagerai_minihead_normal.png
394,lord_1_shimazu,Portraits/394_lord_1_shimazu_bustup_normal.png,Portraits/394_lord_1_shimazu_minihead_normal.png
395,lord_1_shimazu_4,Portraits/395_lord_1_shimazu_4_bustup_normal.png,Portraits/395_lord_1_shimazu_4_minihead_normal.png
396,lord_1_shimizu_muneharu,Portraits/396_lord_1_shimizu_muneharu_bustup_normal.png,Portraits/396_lord_1_shimizu_muneharu_minihead_normal.png
397,lord_1_shimizu_yasuhide,Portraits/397_lord_1_shimizu_yasuhide_bustup_normal.png,Portraits/397_lord_1_shimizu_yasuhide_minihead_normal.png
398,lord_1_shimura_kooyasu,Portraits/398_lord_1_shimura_kooyasu_bustup_normal.png,Portraits/398_lord_1_shimura_kooyasu_minihead_normal.png
399,lord_1_shimotsuma_8,Portraits/399_lord_1_shimotsuma_8_bustup_normal.png,Portraits/399_lord_1_shimotsuma_8_minihead_normal.png
400,lord_1_shimotsuma_6,Portraits/400_lord_1_shimotsuma_6_bustup_normal.png,Portraits/400_lord_1_shimotsuma_6_minihead_normal.png
401,lord_1_shimotsuma,Portraits/401_lord_1_shimotsuma_bustup_normal.png,Portraits/401_lord_1_shimotsuma_minihead_normal.png
402,lord_1_joojoo_masashige,Portraits/402_lord_1_joojoo_masashige_bustup_normal.png,Portraits/402_lord_1_joojoo_masashige_minihead_normal.png
403,lord_1_shiraishi_munetoshi,Portraits/403_lord_1_shiraishi_munetoshi_bustup_normal.png,Portraits/403_lord_1_shiraishi_munetoshi_minihead_normal.png
404,lord_1_jinzai_motomichi,Portraits/404_lord_1_jinzai_motomichi_bustup_normal.png,Portraits/404_lord_1_jinzai_motomichi_minihead_normal.png
405,lord_1_jinbo_kagesuke,Portraits/405_lord_1_jinbo_kagesuke_bustup_normal.png,Portraits/405_lord_1_jinbo_kagesuke_minihead_normal.png
406,lord_1_jinbo_2,Portraits/406_lord_1_jinbo_2_bustup_normal.png,Portraits/406_lord_1_jinbo_2_minihead_normal.png
407,lord_1_jinbo_4,Portraits/407_lord_1_jinbo_4_bustup_normal.png,Portraits/407_lord_1_jinbo_4_minihead_normal.png
408,lord_1_jinbo,Portraits/408_lord_1_jinbo_bustup_normal.png,Portraits/408_lord_1_jinbo_minihead_normal.png
409,lord_1_sue_harukata,Portraits/409_lord_1_sue_harukata_bustup_normal.png,Portraits/409_lord_1_sue_harukata_minihead_normal.png
410,lord_1_suganuma_sadatada,Portraits/410_lord_1_suganuma_sadatada_bustup_normal.png,Portraits/410_lord_1_suganuma_sadatada_minihead_normal.png
411,lord_1_sugaya_zenjuuboo,Portraits/411_lord_1_sugaya_zenjuuboo_bustup_normal.png,Portraits/411_lord_1_sugaya_zenjuuboo_minihead_normal.png
412,lord_1_suginoboo_terusai,Portraits/412_lord_1_suginoboo_terusai_bustup_normal.png,Portraits/412_lord_1_suginoboo_terusai_minihead_normal.png
413,lord_1_suzuki_satao,Portraits/413_lord_1_suzuki_satao_bustup_normal.png,Portraits/413_lord_1_suzuki_satao_minihead_normal.png
414,lord_1_suzukii_shigetchika,Portraits/414_lord_1_suzukii_shigetchika_bustup_normal.png,Portraits/414_lord_1_suzukii_shigetchika_minihead_normal.png
415,lord_1_susukida_kaneai,Portraits/415_lord_1_susukida_kaneai_bustup_normal.png,Portraits/415_lord_1_susukida_kaneai_minihead_normal.png
416,lord_1_suzukii_motonobu,Portraits/416_lord_1_suzukii_motonobu_bustup_normal.png,Portraits/416_lord_1_suzukii_motonobu_minihead_normal.png
417,lord_1_suda_mitsuchika,Portraits/417_lord_1_suda_mitsuchika_bustup_normal.png,Portraits/417_lord_1_suda_mitsuchika_minihead_normal.png
418,lord_1_tsuda_sookyuu,Portraits/418_lord_1_tsuda_sookyuu_bustup_normal.png,Portraits/418_lord_1_tsuda_sookyuu_minihead_normal.png
419,lord_1_sumikura_soan,Portraits/419_lord_1_sumikura_soan_bustup_normal.png,Portraits/419_lord_1_sumikura_soan_minihead_normal.png
420,lord_1_sumikura_ryooi,Portraits/420_lord_1_sumikura_ryooi_bustup_normal.png,Portraits/420_lord_1_sumikura_ryooi_minihead_normal.png
421,lord_1_seki_kazumasa,Portraits/421_lord_1_seki_kazumasa_bustup_normal.png,Portraits/421_lord_1_seki_kazumasa_minihead_normal.png
422,lord_1_sekiguchi_munihiro,Portraits/422_lord_1_sekiguchi_munihiro_bustup_normal.png,Portraits/422_lord_1_sekiguchi_munihiro_minihead_normal.png
423,lord_1_seiki_masatoki,Portraits/423_lord_1_seiki_masatoki_bustup_normal.png,Portraits/423_lord_1_seiki_masatoki_minihead_normal.png
424,lord_1_seki_morinobu,Portraits/424_lord_1_seki_morinobu_bustup_normal.png,Portraits/424_lord_1_seki_morinobu_minihead_normal.png
425,lord_1_sengoku_hidehisa,Portraits/425_lord_1_sengoku_hidehisa_bustup_normal.png,Portraits/425_lord_1_sengoku_hidehisa_minihead_normal.png
426,lord_1_sen_rikyuu,Portraits/426_lord_1_sen_rikyuu_bustup_normal.png,Portraits/426_lord_1_sen_rikyuu_minihead_normal.png
427,lord_1_soma,Portraits/427_lord_1_soma_bustup_normal.png,Portraits/427_lord_1_soma_minihead_normal.png
428,lord_1_soma_2,Portraits/428_lord_1_soma_2_bustup_normal.png,Portraits/428_lord_1_soma_2_minihead_normal.png
429,lord_1_soo_yoshitoshi,Portraits/429_lord_1_soo_yoshitoshi_bustup_normal.png,Portraits/429_lord_1_soo_yoshitoshi_minihead_normal.png
430,lord_1_soo_yoshitomo,Portraits/430_lord_1_soo_yoshitomo_bustup_normal.png,Portraits/430_lord_1_soo_yoshitomo_minihead_normal.png
431,dead_lord_1_sogo_1,Portraits/431_dead_lord_1_sogo_1_bustup_normal.png,Portraits/431_dead_lord_1_sogo_1_minihead_normal.png
432,lord_1_sogo,Portraits/432_lord_1_sogo_bustup_normal.png,Portraits/432_lord_1_sogo_minihead_normal.png
433,lord_1_saito_dosan,Portraits/433_lord_1_saito_dosan_bustup_normal.png,Portraits/433_lord_1_saito_dosan_minihead_normal.png
434,lord_1_didoji,Portraits/434_lord_1_didoji_bustup_normal.png,Portraits/434_lord_1_didoji_minihead_normal.png
435,lord_1_daihoji_2,Portraits/435_lord_1_daihoji_2_bustup_normal.png,Portraits/435_lord_1_daihoji_2_minihead_normal.png
436,lord_1_takashima_masashige,Portraits/436_lord_1_takashima_masashige_bustup_normal.png,Portraits/436_lord_1_takashima_masashige_minihead_normal.png
437,lord_1_takanashi_masayori,Portraits/437_lord_1_takanashi_masayori_bustup_normal.png,Portraits/437_lord_1_takanashi_masayori_minihead_normal.png
438,lord_1_takahashi_hiroyoshi,Portraits/438_lord_1_takahashi_hiroyoshi_bustup_normal.png,Portraits/438_lord_1_takahashi_hiroyoshi_minihead_normal.png
439,lord_1_takahashi_shoun,Portraits/439_lord_1_takahashi_shoun_bustup_normal.png,Portraits/439_lord_1_takahashi_shoun_minihead_normal.png
440,lord_1_takayama_shigetomo,Portraits/440_lord_1_takayama_shigetomo_bustup_normal.png,Portraits/440_lord_1_takayama_shigetomo_minihead_normal.png
441,lord_1_takayama_tomoteru,Portraits/441_lord_1_takayama_tomoteru_bustup_normal.png,Portraits/441_lord_1_takayama_tomoteru_minihead_normal.png
442,lord_1_takigawa,Portraits/442_lord_1_takigawa_bustup_normal.png,Portraits/442_lord_1_takigawa_minihead_normal.png
443,lord_1_takigawa_yasumasa,Portraits/443_lord_1_takigawa_yasumasa_bustup_normal.png,Portraits/443_lord_1_takigawa_yasumasa_minihead_normal.png
444,lord_1_takakita_tamechika,Portraits/444_lord_1_takakita_tamechika_bustup_normal.png,Portraits/444_lord_1_takakita_tamechika_minihead_normal.png
445,lord_1_takimotoji_hiyu,Portraits/445_lord_1_takimotoji_hiyu_bustup_normal.png,Portraits/445_lord_1_takimotoji_hiyu_minihead_normal.png
446,lord_1_takei_yuuan,Portraits/446_lord_1_takei_yuuan_bustup_normal.png,Portraits/446_lord_1_takei_yuuan_minihead_normal.png
447,lord_1_takeda_4,Portraits/447_lord_1_takeda_4_bustup_normal.png,Portraits/447_lord_1_takeda_4_minihead_normal.png
448,lord_1_takeda_harufusa,Portraits/448_lord_1_takeda_harufusa_bustup_normal.png,Portraits/448_lord_1_takeda_harufusa_minihead_normal.png
449,lord_1_takeda,Portraits/449_lord_1_takeda_bustup_normal.png,Portraits/449_lord_1_takeda_minihead_normal.png
450,lord_1_takeda_nobumaki,Portraits/450_lord_1_takeda_nobumaki_bustup_normal.png,Portraits/450_lord_1_takeda_nobumaki_minihead_normal.png
451,lord_1_takeda_shigemasa,Portraits/451_lord_1_takeda_shigemasa_bustup_normal.png,Portraits/451_lord_1_takeda_shigemasa_minihead_normal.png
452,lord_1_takeda_renlei,Portraits/452_lord_1_takeda_renlei_bustup_normal.png,Portraits/452_lord_1_takeda_renlei_minihead_normal.png
453,lord_1_takeda_nobuyuki,Portraits/453_lord_1_takeda_nobuyuki_bustup_normal.png,Portraits/453_lord_1_takeda_nobuyuki_minihead_normal.png
454,lord_1_takenaka_shigemoto,Portraits/454_lord_1_takenaka_shigemoto_bustup_normal.png,Portraits/454_lord_1_takenaka_shigemoto_minihead_normal.png
455,lord_1_takenaka_hanbee,Portraits/455_lord_1_takenaka_hanbee_bustup_normal.png,Portraits/455_lord_1_takenaka_hanbee_minihead_normal.png
456,lord_1_tachibana_dosetsu,Portraits/456_lord_1_tachibana_dosetsu_bustup_normal.png,Portraits/456_lord_1_tachibana_dosetsu_minihead_normal.png
457,lord_1_tachibana_naotsugu,Portraits/457_lord_1_tachibana_naotsugu_bustup_normal.png,Portraits/457_lord_1_tachibana_naotsugu_minihead_normal.png
458,lord_1_tachibana_muneshige,Portraits/458_lord_1_tachibana_muneshige_bustup_normal.png,Portraits/458_lord_1_tachibana_muneshige_minihead_normal.png
459,lord_1_tatsuhara,Portraits/459_lord_1_tatsuhara_bustup_normal.png,Portraits/459_lord_1_tatsuhara_minihead_normal.png
460,lord_1_tateoka_2,Portraits/460_lord_1_tateoka_2_bustup_normal.png,Portraits/460_lord_1_tateoka_2_minihead_normal.png
461,lord_1_date_7,Portraits/461_lord_1_date_7_bustup_normal.png,Portraits/461_lord_1_date_7_minihead_normal.png
462,lord_1_date_9,Portraits/462_lord_1_date_9_bustup_normal.png,Portraits/462_lord_1_date_9_minihead_normal.png
463,dead_lord_1_date_4,Portraits/463_dead_lord_1_date_4_bustup_normal.png,Portraits/463_dead_lord_1_date_4_minihead_normal.png
464,lord_1_date,Portraits/464_lord_1_date_bustup_normal.png,Portraits/464_lord_1_date_minihead_normal.png
465,lord_1_date_2,Portraits/465_lord_1_date_2_bustup_normal.png,Portraits/465_lord_1_date_2_minihead_normal.png
466,lord_1_date_6,Portraits/466_lord_1_date_6_bustup_normal.png,Portraits/466_lord_1_date_6_minihead_normal.png
467,lord_1_tanaka_katsuie,Portraits/467_lord_1_tanaka_katsuie_bustup_normal.png,Portraits/467_lord_1_tanaka_katsuie_minihead_normal.png
468,lord_1_tanaka_yoshimasa,Portraits/468_lord_1_tanaka_yoshimasa_bustup_normal.png,Portraits/468_lord_1_tanaka_yoshimasa_minihead_normal.png
469,lord_1_tani_tadamasa,Portraits/469_lord_1_tani_tadamasa_bustup_normal.png,Portraits/469_lord_1_tani_tadamasa_minihead_normal.png
470,lord_1_tanegashima,Portraits/470_lord_1_tanegashima_bustup_normal.png,Portraits/470_lord_1_tanegashima_minihead_normal.png
471,lord_1_tanegashima_2,Portraits/471_lord_1_tanegashima_2_bustup_normal.png,Portraits/471_lord_1_tanegashima_2_minihead_normal.png
472,lord_1_tamura_2,Portraits/472_lord_1_tamura_2_bustup_normal.png,Portraits/472_lord_1_tamura_2_minihead_normal.png
473,lord_1_tarou_mitsutoshi,Portraits/473_lord_1_tarou_mitsutoshi_bustup_normal.png,Portraits/473_lord_1_tarou_mitsutoshi_minihead_normal.png
474,lord_1_tahara_chikayoshi,Portraits/474_lord_1_tahara_chikayoshi_bustup_normal.png,Portraits/474_lord_1_tahara_chikayoshi_minihead_normal.png
475,lord_1_chika_sonbee,Portraits/475_lord_1_chika_sonbee_bustup_normal.png,Portraits/475_lord_1_chika_sonbee_minihead_normal.png
476,lord_1_chisaka_kagechika,Portraits/476_lord_1_chisaka_kagechika_bustup_normal.png,Portraits/476_lord_1_chisaka_kagechika_minihead_normal.png
477,lord_1_chiba_5,Portraits/477_lord_1_chiba_5_bustup_normal.png,Portraits/477_lord_1_chiba_5_minihead_normal.png
478,lord_1_chiba,Portraits/478_lord_1_chiba_bustup_normal.png,Portraits/478_lord_1_chiba_minihead_normal.png
479,lord_1_chaya_matashiro,Portraits/479_lord_1_chaya_matashiro_bustup_normal.png,Portraits/479_lord_1_chaya_matashiro_minihead_normal.png
480,lord_1_chaya_shiroujiro,Portraits/480_lord_1_chaya_shiroujiro_bustup_normal.png,Portraits/480_lord_1_chaya_shiroujiro_minihead_normal.png
481,lord_1_chosokabe_kunichika,Portraits/481_lord_1_chosokabe_kunichika_bustup_normal.png,Portraits/481_lord_1_chosokabe_kunichika_minihead_normal.png
482,lord_1_chosokabe_2,Portraits/482_lord_1_chosokabe_2_bustup_normal.png,Portraits/482_lord_1_chosokabe_2_minihead_normal.png
483,lord_1_chosokabe,Portraits/483_lord_1_chosokabe_bustup_normal.png,Portraits/483_lord_1_chosokabe_minihead_normal.png
484,lord_1_chosokabe_morichika,Portraits/484_lord_1_chosokabe_morichika_bustup_normal.png,Portraits/484_lord_1_chosokabe_morichika_minihead_normal.png
485,lord_1_cho,Portraits/485_lord_1_cho_bustup_normal.png,Portraits/485_lord_1_cho_minihead_normal.png
486,lord_1_cho_4,Portraits/486_lord_1_cho_4_bustup_normal.png,Portraits/486_lord_1_cho_4_minihead_normal.png
487,lord_1_tsukahara_bokuden,Portraits/487_lord_1_tsukahara_bokuden_bustup_normal.png,Portraits/487_lord_1_tsukahara_bokuden_minihead_normal.png
488,lord_1_tsugaru_tamenobu,Portraits/488_lord_1_tsugaru_tamenobu_bustup_normal.png,Portraits/488_lord_1_tsugaru_tamenobu_minihead_normal.png
489,lord_1_tsuge_sannojou,Portraits/489_lord_1_tsuge_sannojou_bustup_normal.png,Portraits/489_lord_1_tsuge_sannojou_minihead_normal.png
490,lord_1_tsuda_nobuzumi,Portraits/490_lord_1_tsuda_nobuzumi_bustup_normal.png,Portraits/490_lord_1_tsuda_nobuzumi_minihead_normal.png
491,lord_1_tsuchiya_masatsune,Portraits/491_lord_1_tsuchiya_masatsune_bustup_normal.png,Portraits/491_lord_1_tsuchiya_masatsune_minihead_normal.png
492,lord_1_tsutsui_8,Portraits/492_lord_1_tsutsui_8_bustup_normal.png,Portraits/492_lord_1_tsutsui_8_minihead_normal.png
493,lord_1_tsutsui,Portraits/493_lord_1_tsutsui_bustup_normal.png,Portraits/493_lord_1_tsutsui_minihead_normal.png
494,lord_1_tsunokuma_sekisyu,Portraits/494_lord_1_tsunokuma_sekisyu_bustup_normal.png,Portraits/494_lord_1_tsunokuma_sekisyu_minihead_normal.png
495,lord_1_tsuno_heizoo,Portraits/495_lord_1_tsuno_heizoo_bustup_normal.png,Portraits/495_lord_1_tsuno_heizoo_minihead_normal.png
496,lord_1_doi_3,Portraits/496_lord_1_doi_3_bustup_normal.png,Portraits/496_lord_1_doi_3_minihead_normal.png
497,lord_1_doi_toshikatsu,Portraits/497_lord_1_doi_toshikatsu_bustup_normal.png,Portraits/497_lord_1_doi_toshikatsu_minihead_normal.png
498,lord_1_togo_shigekata,Portraits/498_lord_1_togo_shigekata_bustup_normal.png,Portraits/498_lord_1_togo_shigekata_minihead_normal.png
499,lord_1_todo_2,Portraits/499_lord_1_todo_2_bustup_normal.png,Portraits/499_lord_1_todo_2_minihead_normal.png
500,lord_1_toyama_takuma,Portraits/500_lord_1_toyama_takuma_bustup_normal.png,Portraits/500_lord_1_toyama_takuma_minihead_normal.png
501,dead_lord_1_toyama_2,Portraits/501_dead_lord_1_toyama_2_bustup_normal.png,Portraits/501_dead_lord_1_toyama_2_minihead_normal.png
502,lord_1_togawa_hideyasu,Portraits/502_lord_1_togawa_hideyasu_bustup_normal.png,Portraits/502_lord_1_togawa_hideyasu_minihead_normal.png
503,lord_1_togawa_tomoyasu,Portraits/503_lord_1_togawa_tomoyasu_bustup_normal.png,Portraits/503_lord_1_togawa_tomoyasu_minihead_normal.png
504,lord_1_toki_yoritsugu,Portraits/504_lord_1_toki_yoritsugu_bustup_normal.png,Portraits/504_lord_1_toki_yoritsugu_minihead_normal.png
505,lord_1_tokuitsu_michiyuki,Portraits/505_lord_1_tokuitsu_michiyuki_bustup_normal.png,Portraits/505_lord_1_tokuitsu_michiyuki_minihead_normal.png
506,lord_1_tokugawa,Portraits/506_lord_1_tokugawa_bustup_normal.png,Portraits/506_lord_1_tokugawa_minihead_normal.png
507,lord_1_tokugawa_2,Portraits/507_lord_1_tokugawa_2_bustup_normal.png,Portraits/507_lord_1_tokugawa_2_minihead_normal.png
508,lord_1_tokugawa_hidetada,Portraits/508_lord_1_tokugawa_hidetada_bustup_normal.png,Portraits/508_lord_1_tokugawa_hidetada_minihead_normal.png
509,lord_1_tozawa_masazumi,Portraits/509_lord_1_tozawa_masazumi_bustup_normal.png,Portraits/509_lord_1_tozawa_masazumi_minihead_normal.png
510,lord_1_tomita_kagemasa,Portraits/510_lord_1_tomita_kagemasa_bustup_normal.png,Portraits/510_lord_1_tomita_kagemasa_minihead_normal.png
511,lord_1_tomita_shigemasa,Portraits/511_lord_1_tomita_shigemasa_bustup_normal.png,Portraits/511_lord_1_tomita_shigemasa_minihead_normal.png
512,lord_1_tomita_seigen,Portraits/512_lord_1_tomita_seigen_bustup_normal.png,Portraits/512_lord_1_tomita_seigen_minihead_normal.png
513,lord_1_tomita_takazane,Portraits/513_lord_1_tomita_takazane_bustup_normal.png,Portraits/513_lord_1_tomita_takazane_minihead_normal.png
514,lord_1_tominaga_sanzui,Portraits/514_lord_1_tominaga_sanzui_bustup_normal.png,Portraits/514_lord_1_tominaga_sanzui_minihead_normal.png
515,lord_1_kinoshita_hidetsugu,Portraits/515_lord_1_kinoshita_hidetsugu_bustup_normal.png,Portraits/515_lord_1_kinoshita_hidetsugu_minihead_normal.png
516,lord_1_kinoshita_4,Portraits/516_lord_1_kinoshita_4_bustup_normal.png,Portraits/516_lord_1_kinoshita_4_minihead_normal.png
517,lord_1_kinoshita,Portraits/517_lord_1_kinoshita_bustup_normal.png,Portraits/517_lord_1_kinoshita_minihead_normal.png
518,lord_1_kinoshita_hideyori,Portraits/518_lord_1_kinoshita_hideyori_bustup_normal.png,Portraits/518_lord_1_kinoshita_hideyori_minihead_normal.png
519,lord_1_torii_suneemon,Portraits/519_lord_1_torii_suneemon_bustup_normal.png,Portraits/519_lord_1_torii_suneemon_minihead_normal.png
520,lord_1_torii_tadakichi,Portraits/520_lord_1_torii_tadakichi_bustup_normal.png,Portraits/520_lord_1_torii_tadakichi_minihead_normal.png
521,lord_1_torii_mototada,Portraits/521_lord_1_torii_mototada_bustup_normal.png,Portraits/521_lord_1_torii_mototada_minihead_normal.png
522,lord_1_naito_joan,Portraits/522_lord_1_naito_joan_bustup_normal.png,Portraits/522_lord_1_naito_joan_minihead_normal.png
523,lord_1_naito_masatoyo,Portraits/523_lord_1_naito_masatoyo_bustup_normal.png,Portraits/523_lord_1_naito_masatoyo_minihead_normal.png
524,lord_1_naito_masashige,Portraits/524_lord_1_naito_masashige_bustup_normal.png,Portraits/524_lord_1_naito_masashige_minihead_normal.png
525,lord_1_naoe,Portraits/525_lord_1_naoe_bustup_normal.png,Portraits/525_lord_1_naoe_minihead_normal.png
526,lord_1_naoe_kanetsugu,Portraits/526_lord_1_naoe_kanetsugu_bustup_normal.png,Portraits/526_lord_1_naoe_kanetsugu_minihead_normal.png
527,lord_1_nagai_michitoshi,Portraits/527_lord_1_nagai_michitoshi_bustup_normal.png,Portraits/527_lord_1_nagai_michitoshi_minihead_normal.png
528,dead_lord_1_uesugi_4,Portraits/528_dead_lord_1_uesugi_4_bustup_normal.png,Portraits/528_dead_lord_1_uesugi_4_minihead_normal.png
529,lord_1_nakagawa_kiyohide,Portraits/529_lord_1_nakagawa_kiyohide_bustup_normal.png,Portraits/529_lord_1_nakagawa_kiyohide_minihead_normal.png
530,lord_1_nagasaka_tookan,Portraits/530_lord_1_nagasaka_tookan_bustup_normal.png,Portraits/530_lord_1_nagasaka_tookan_minihead_normal.png
531,lord_1_nakajima_shigefusa,Portraits/531_lord_1_nakajima_shigefusa_bustup_normal.png,Portraits/531_lord_1_nakajima_shigefusa_minihead_normal.png
532,lord_1_nakajima_kanonosuke,Portraits/532_lord_1_nakajima_kanonosuke_bustup_normal.png,Portraits/532_lord_1_nakajima_kanonosuke_minihead_normal.png
533,lord_1_chujou_kagetai,Portraits/533_lord_1_chujou_kagetai_bustup_normal.png,Portraits/533_lord_1_chujou_kagetai_minihead_normal.png
534,lord_1_nagata_tokumoto,Portraits/534_lord_1_nagata_tokumoto_bustup_normal.png,Portraits/534_lord_1_nagata_tokumoto_minihead_normal.png
535,lord_1_kitabatake_5,Portraits/535_lord_1_kitabatake_5_bustup_normal.png,Portraits/535_lord_1_kitabatake_5_minihead_normal.png
536,lord_1_gyo_shounin,Portraits/536_lord_1_gyo_shounin_bustup_normal.png,Portraits/536_lord_1_gyo_shounin_minihead_normal.png
537,lord_1_gyo,Portraits/537_lord_1_gyo_bustup_normal.png,Portraits/537_lord_1_gyo_minihead_normal.png
538,lord_1_noumin_onna,Portraits/538_lord_1_noumin_onna_bustup_normal.png,Portraits/538_lord_1_noumin_onna_minihead_normal.png
539,lord_1_nakamura_kazuuji,Portraits/539_lord_1_nakamura_kazuuji_bustup_normal.png,Portraits/539_lord_1_nakamura_kazuuji_minihead_normal.png
540,lord_1_michikawa_hyooebee,Portraits/540_lord_1_michikawa_hyooebee_bustup_normal.png,Portraits/540_lord_1_michikawa_hyooebee_minihead_normal.png
541,lord_1_nakayama_tomomasa,Portraits/541_lord_1_nakayama_tomomasa_bustup_normal.png,Portraits/541_lord_1_nakayama_tomomasa_minihead_normal.png
542,lord_1_nagoya_sanzaburo,Portraits/542_lord_1_nagoya_sanzaburo_bustup_normal.png,Portraits/542_lord_1_nagoya_sanzaburo_minihead_normal.png
543,lord_1_nasa_nihonsuke,Portraits/543_lord_1_nasa_nihonsuke_bustup_normal.png,Portraits/543_lord_1_nasa_nihonsuke_minihead_normal.png
544,lord_1_nasu_2,Portraits/544_lord_1_nasu_2_bustup_normal.png,Portraits/544_lord_1_nasu_2_minihead_normal.png
545,lord_1_nagatsuka_masaiye,Portraits/545_lord_1_nagatsuka_masaiye_bustup_normal.png,Portraits/545_lord_1_nagatsuka_masaiye_minihead_normal.png
546,lord_1_natsume_yoshinobu,Portraits/546_lord_1_natsume_yoshinobu_bustup_normal.png,Portraits/546_lord_1_natsume_yoshinobu_minihead_normal.png
547,lord_1_nabeshima_katsushige,Portraits/547_lord_1_nabeshima_katsushige_bustup_normal.png,Portraits/547_lord_1_nabeshima_katsushige_minihead_normal.png
548,lord_1_nabeshima_4,Portraits/548_lord_1_nabeshima_4_bustup_normal.png,Portraits/548_lord_1_nabeshima_4_minihead_normal.png
549,lord_1_ruzon_sukezaemon,Portraits/549_lord_1_ruzon_sukezaemon_bustup_normal.png,Portraits/549_lord_1_ruzon_sukezaemon_minihead_normal.png
550,lord_1_narita,Portraits/550_lord_1_narita_bustup_normal.png,Portraits/550_lord_1_narita_minihead_normal.png
551,lord_1_narita_nagatada,Portraits/551_lord_1_narita_nagatada_bustup_normal.png,Portraits/551_lord_1_narita_nagatada_minihead_normal.png
552,lord_1_narita_2,Portraits/552_lord_1_narita_2_bustup_normal.png,Portraits/552_lord_1_narita_2_minihead_normal.png
553,lord_1_narinatsu_nobukatsu,Portraits/553_lord_1_narinatsu_nobukatsu_bustup_normal.png,Portraits/553_lord_1_narinatsu_nobukatsu_minihead_normal.png
554,lord_1_narutomi_shigeaki,Portraits/554_lord_1_narutomi_shigeaki_bustup_normal.png,Portraits/554_lord_1_narutomi_shigeaki_minihead_normal.png
555,lord_1_nanbu_toshinao,Portraits/555_lord_1_nanbu_toshinao_bustup_normal.png,Portraits/555_lord_1_nanbu_toshinao_minihead_normal.png
556,lord_1_nanbu_2,Portraits/556_lord_1_nanbu_2_bustup_normal.png,Portraits/556_lord_1_nanbu_2_minihead_normal.png
557,lord_1_nanbu,Portraits/557_lord_1_nanbu_bustup_normal.png,Portraits/557_lord_1_nanbu_minihead_normal.png
558,lord_1_niro,Portraits/558_lord_1_niro_bustup_normal.png,Portraits/558_lord_1_niro_minihead_normal.png
559,lord_1_nishikawa_jin-emon,Portraits/559_lord_1_nishikawa_jin-emon_bustup_normal.png,Portraits/559_lord_1_nishikawa_jin-emon_minihead_normal.png
560,lord_1_nishina,Portraits/560_lord_1_nishina_bustup_normal.png,Portraits/560_lord_1_nishina_minihead_normal.png
561,lord_1_nikyokurin_inosuke,Portraits/561_lord_1_nikyokurin_inosuke_bustup_normal.png,Portraits/561_lord_1_nikyokurin_inosuke_minihead_normal.png
562,lord_1_ninomiya_narutoki,Portraits/562_lord_1_ninomiya_narutoki_bustup_normal.png,Portraits/562_lord_1_ninomiya_narutoki_minihead_normal.png
563,lord_1_nihonmatsu_2,Portraits/563_lord_1_nihonmatsu_2_bustup_normal.png,Portraits/563_lord_1_nihonmatsu_2_minihead_normal.png
564,lord_1_niwa_nagashige,Portraits/564_lord_1_niwa_nagashige_bustup_normal.png,Portraits/564_lord_1_niwa_nagashige_minihead_normal.png
565,lord_1_niwa,Portraits/565_lord_1_niwa_bustup_normal.png,Portraits/565_lord_1_niwa_minihead_normal.png
566,lord_1_nukui,Portraits/566_lord_1_nukui_bustup_normal.png,Portraits/566_lord_1_nukui_minihead_normal.png
567,lord_1_numata_sukemitsu,Portraits/567_lord_1_numata_sukemitsu_bustup_normal.png,Portraits/567_lord_1_numata_sukemitsu_minihead_normal.png
568,lord_1_negishi_tokaku,Portraits/568_lord_1_negishi_tokaku_bustup_normal.png,Portraits/568_lord_1_negishi_tokaku_minihead_normal.png
569,lord_1_nenei_shigenaga,Portraits/569_lord_1_nenei_shigenaga_bustup_normal.png,Portraits/569_lord_1_nenei_shigenaga_minihead_normal.png
570,lord_1_nezu_jinpachi,Portraits/570_lord_1_nezu_jinpachi_bustup_normal.png,Portraits/570_lord_1_nezu_jinpachi_minihead_normal.png
571,lord_1_nomi_munemasa,Portraits/571_lord_1_nomi_munemasa_bustup_normal.png,Portraits/571_lord_1_nomi_munemasa_minihead_normal.png
572,lord_1_haikan_ieie,Portraits/572_lord_1_haikan_ieie_bustup_normal.png,Portraits/572_lord_1_haikan_ieie_minihead_normal.png
573,lord_1_hegawa_ujisoku,Portraits/573_lord_1_hegawa_ujisoku_bustup_normal.png,Portraits/573_lord_1_hegawa_ujisoku_minihead_normal.png
574,lord_1_haga,Portraits/574_lord_1_haga_bustup_normal.png,Portraits/574_lord_1_haga_minihead_normal.png
575,lord_1_haga_4,Portraits/575_lord_1_haga_4_bustup_normal.png,Portraits/575_lord_1_haga_4_minihead_normal.png
576,lord_1_tomono_jiroubei,Portraits/576_lord_1_tomono_jiroubei_bustup_normal.png,Portraits/576_lord_1_tomono_jiroubei_minihead_normal.png
577,lord_1_hasekura_tsunenaga,Portraits/577_lord_1_hasekura_tsunenaga_bustup_normal.png,Portraits/577_lord_1_hasekura_tsunenaga_minihead_normal.png
578,lord_1_hatakeyama_3,Portraits/578_lord_1_hatakeyama_3_bustup_normal.png,Portraits/578_lord_1_hatakeyama_3_minihead_normal.png
579,lord_1_hatakeyamayoshitsugu,Portraits/579_lord_1_hatakeyamayoshitsugu_bustup_normal.png,Portraits/579_lord_1_hatakeyamayoshitsugu_minihead_normal.png
580,dead_lord_1_notohatakeyama_2,Portraits/580_dead_lord_1_notohatakeyama_2_bustup_normal.png,Portraits/580_dead_lord_1_notohatakeyama_2_minihead_normal.png
581,lord_1_kiku_koushu,Portraits/581_lord_1_kiku_koushu_bustup_normal.png,Portraits/581_lord_1_kiku_koushu_minihead_normal.png
582,lord_1_kiku_hidenari,Portraits/582_lord_1_kiku_hidenari_bustup_normal.png,Portraits/582_lord_1_kiku_hidenari_minihead_normal.png
583,lord_1_kiku,Portraits/583_lord_1_kiku_bustup_normal.png,Portraits/583_lord_1_kiku_minihead_normal.png
584,lord_1_hachisuka_iemasa,Portraits/584_lord_1_hachisuka_iemasa_bustup_normal.png,Portraits/584_lord_1_hachisuka_iemasa_minihead_normal.png
585,lord_1_hachisuka_koroku,Portraits/585_lord_1_hachisuka_koroku_bustup_normal.png,Portraits/585_lord_1_hachisuka_koroku_minihead_normal.png
586,lord_1_hachiya_yoritaka,Portraits/586_lord_1_hachiya_yoritaka_bustup_normal.png,Portraits/586_lord_1_hachiya_yoritaka_minihead_normal.png
587,lord_1_hattori_hanzo,Portraits/587_lord_1_hattori_hanzo_bustup_normal.png,Portraits/587_lord_1_hattori_hanzo_minihead_normal.png
588,lord_1_hori_tatsuaki,Portraits/588_lord_1_hori_tatsuaki_bustup_normal.png,Portraits/588_lord_1_hori_tatsuaki_minihead_normal.png
589,lord_1_hanafusa_masanari,Portraits/589_lord_1_hanafusa_masanari_bustup_normal.png,Portraits/589_lord_1_hanafusa_masanari_minihead_normal.png
590,lord_1_hanafusa_masayuki,Portraits/590_lord_1_hanafusa_masayuki_bustup_normal.png,Portraits/590_lord_1_hanafusa_masayuki_minihead_normal.png
591,lord_1_hanafusa_norihide,Portraits/591_lord_1_hanafusa_norihide_bustup_normal.png,Portraits/591_lord_1_hanafusa_norihide_minihead_normal.png
592,lord_1_baba,Portraits/592_lord_1_baba_bustup_normal.png,Portraits/592_lord_1_baba_minihead_normal.png
593,lord_1_hayashizaki_jinsuke,Portraits/593_lord_1_hayashizaki_jinsuke_bustup_normal.png,Portraits/593_lord_1_hayashizaki_jinsuke_minihead_normal.png
594,lord_1_hayashi_hidezane,Portraits/594_lord_1_hayashi_hidezane_bustup_normal.png,Portraits/594_lord_1_hayashi_hidezane_minihead_normal.png
595,lord_1_harada_munetoki,Portraits/595_lord_1_harada_munetoki_bustup_normal.png,Portraits/595_lord_1_harada_munetoki_minihead_normal.png
596,lord_1_hara_toratane,Portraits/596_lord_1_hara_toratane_bustup_normal.png,Portraits/596_lord_1_hara_toratane_minihead_normal.png
597,lord_1_hara_masatane,Portraits/597_lord_1_hara_masatane_bustup_normal.png,Portraits/597_lord_1_hara_masatane_minihead_normal.png
598,lord_1_harimaya_munenori,Portraits/598_lord_1_harimaya_munenori_bustup_normal.png,Portraits/598_lord_1_harimaya_munenori_minihead_normal.png
599,lord_1_hanawa_naomasa,Portraits/599_lord_1_hanawa_naomasa_bustup_normal.png,Portraits/599_lord_1_hanawa_naomasa_minihead_normal.png
600,lord_1_hanawaa_danemon,Portraits/600_lord_1_hanawaa_danemon_bustup_normal.png,Portraits/600_lord_1_hanawaa_danemon_minihead_normal.png
601,lord_1_hikita_hyogoro,Portraits/601_lord_1_hikita_hyogoro_bustup_normal.png,Portraits/601_lord_1_hikita_hyogoro_minihead_normal.png
602,lord_1_hisatake_4,Portraits/602_lord_1_hisatake_4_bustup_normal.png,Portraits/602_lord_1_hisatake_4_minihead_normal.png
603,lord_1_hisatake,Portraits/603_lord_1_hisatake_bustup_normal.png,Portraits/603_lord_1_hisatake_minihead_normal.png
604,lord_1_konoike_shinroku,Portraits/604_lord_1_konoike_shinroku_bustup_normal.png,Portraits/604_lord_1_konoike_shinroku_minihead_normal.png
605,lord_1_hineno_hiromune,Portraits/605_lord_1_hineno_hiromune_bustup_normal.png,Portraits/605_lord_1_hineno_hiromune_minihead_normal.png
606,lord_1_hyakutake_kagekane,Portraits/606_lord_1_hyakutake_kagekane_bustup_normal.png,Portraits/606_lord_1_hyakutake_kagekane_minihead_normal.png
607,lord_1_hirai_keiji,Portraits/607_lord_1_hirai_keiji_bustup_normal.png,Portraits/607_lord_1_hirai_keiji_minihead_normal.png
608,lord_1_hiraiwa_chikayoshi,Portraits/608_lord_1_hiraiwa_chikayoshi_bustup_normal.png,Portraits/608_lord_1_hiraiwa_chikayoshi_minihead_normal.png
609,lord_1_hiraoka_fusami,Portraits/609_lord_1_hiraoka_fusami_bustup_normal.png,Portraits/609_lord_1_hiraoka_fusami_minihead_normal.png
610,lord_1_hiraga_motomasa,Portraits/610_lord_1_hiraga_motomasa_bustup_normal.png,Portraits/610_lord_1_hiraga_motomasa_minihead_normal.png
611,lord_1_hirate_hanyu,Portraits/611_lord_1_hirate_hanyu_bustup_normal.png,Portraits/611_lord_1_hirate_hanyu_minihead_normal.png
612,lord_1_hirano_nagayasu,Portraits/612_lord_1_hirano_nagayasu_bustup_normal.png,Portraits/612_lord_1_hirano_nagayasu_minihead_normal.png
613,lord_1_fuuma_kotaroo,Portraits/613_lord_1_fuuma_kotaroo_bustup_normal.png,Portraits/613_lord_1_fuuma_kotaroo_minihead_normal.png
614,lord_1_fukamizu_nagatomo,Portraits/614_lord_1_fukamizu_nagatomo_bustup_normal.png,Portraits/614_lord_1_fukamizu_nagatomo_minihead_normal.png
615,lord_1_fukushima_masanori,Portraits/615_lord_1_fukushima_masanori_bustup_normal.png,Portraits/615_lord_1_fukushima_masanori_minihead_normal.png
616,lord_1_fukudome_1,Portraits/616_lord_1_fukudome_1_bustup_normal.png,Portraits/616_lord_1_fukudome_1_minihead_normal.png
617,lord_1_fukudome,Portraits/617_lord_1_fukudome_bustup_normal.png,Portraits/617_lord_1_fukudome_minihead_normal.png
618,lord_1_fukuhara_sadatoshi,Portraits/618_lord_1_fukuhara_sadatoshi_bustup_normal.png,Portraits/618_lord_1_fukuhara_sadatoshi_minihead_normal.png
619,lord_1_furuta_oribe,Portraits/619_lord_1_furuta_oribe_bustup_normal.png,Portraits/619_lord_1_furuta_oribe_minihead_normal.png
620,lord_1_fuwa_mitsuji,Portraits/620_lord_1_fuwa_mitsuji_bustup_normal.png,Portraits/620_lord_1_fuwa_mitsuji_minihead_normal.png
621,lord_1_bessho_4,Portraits/621_lord_1_bessho_4_bustup_normal.png,Portraits/621_lord_1_bessho_4_minihead_normal.png
622,lord_1_hoitada_motokiyo,Portraits/622_lord_1_hoitada_motokiyo_bustup_normal.png,Portraits/622_lord_1_hoitada_motokiyo_minihead_normal.png
623,lord_1_hojo_shi,Portraits/623_lord_1_hojo_shi_bustup_normal.png,Portraits/623_lord_1_hojo_shi_minihead_normal.png
624,lord_1_hojo_7,Portraits/624_lord_1_hojo_7_bustup_normal.png,Portraits/624_lord_1_hojo_7_minihead_normal.png
625,lord_1_hojo_ujishige,Portraits/625_lord_1_hojo_ujishige_bustup_normal.png,Portraits/625_lord_1_hojo_ujishige_minihead_normal.png
626,lord_1_hojo_5,Portraits/626_lord_1_hojo_5_bustup_normal.png,Portraits/626_lord_1_hojo_5_minihead_normal.png
627,lord_1_hojo_4,Portraits/627_lord_1_hojo_4_bustup_normal.png,Portraits/627_lord_1_hojo_4_minihead_normal.png
628,lord_1_hojo_9,Portraits/628_lord_1_hojo_9_bustup_normal.png,Portraits/628_lord_1_hojo_9_minihead_normal.png
629,lord_1_hojo,Portraits/629_lord_1_hojo_bustup_normal.png,Portraits/629_lord_1_hojo_minihead_normal.png
630,lord_1_hojo_2,Portraits/630_lord_1_hojo_2_bustup_normal.png,Portraits/630_lord_1_hojo_2_minihead_normal.png
631,lord_1_hojo_11,Portraits/631_lord_1_hojo_11_bustup_normal.png,Portraits/631_lord_1_hojo_11_minihead_normal.png
632,lord_1_hojo_tsunashige,Portraits/632_lord_1_hojo_tsunashige_bustup_normal.png,Portraits/632_lord_1_hojo_tsunashige_minihead_normal.png
633,lord_1_hoozooin_inei,Portraits/633_lord_1_hoozooin_inei_bustup_normal.png,Portraits/633_lord_1_hoozooin_inei_minihead_normal.png
634,lord_1_hoshina_masatoshi,Portraits/634_lord_1_hoshina_masatoshi_bustup_normal.png,Portraits/634_lord_1_hoshina_masatoshi_minihead_normal.png
635,lord_1_yasui_doton,Portraits/635_lord_1_yasui_doton_bustup_normal.png,Portraits/635_lord_1_yasui_doton_minihead_normal.png
636,lord_1_hosokawa_2,Portraits/636_lord_1_hosokawa_2_bustup_normal.png,Portraits/636_lord_1_hosokawa_2_minihead_normal.png
637,lord_1_hosokawa_harumoto,Portraits/637_lord_1_hosokawa_harumoto_bustup_normal.png,Portraits/637_lord_1_hosokawa_harumoto_minihead_normal.png
638,lord_1_hosokawa_yuu,Portraits/638_lord_1_hosokawa_yuu_bustup_normal.png,Portraits/638_lord_1_hosokawa_yuu_minihead_normal.png
639,lord_1_horio_tadauji,Portraits/639_lord_1_horio_tadauji_bustup_normal.png,Portraits/639_lord_1_horio_tadauji_minihead_normal.png
640,lord_1_horio_yoshiharu,Portraits/640_lord_1_horio_yoshiharu_bustup_normal.png,Portraits/640_lord_1_horio_yoshiharu_minihead_normal.png
641,lord_1_horii_naomasa,Portraits/641_lord_1_horii_naomasa_bustup_normal.png,Portraits/641_lord_1_horii_naomasa_minihead_normal.png
642,lord_1_horiuchi_shizen,Portraits/642_lord_1_horiuchi_shizen_bustup_normal.png,Portraits/642_lord_1_horiuchi_shizen_minihead_normal.png
643,lord_1_horii_hideharu,Portraits/643_lord_1_horii_hideharu_bustup_normal.png,Portraits/643_lord_1_horii_hideharu_minihead_normal.png
644,lord_1_horii_hidemasa,Portraits/644_lord_1_horii_hidemasa_bustup_normal.png,Portraits/644_lord_1_horii_hidemasa_minihead_normal.png
645,lord_1_honinbo_sansa,Portraits/645_lord_1_honinbo_sansa_bustup_normal.png,Portraits/645_lord_1_honinbo_sansa_minihead_normal.png
646,lord_1_honganji_2,Portraits/646_lord_1_honganji_2_bustup_normal.png,Portraits/646_lord_1_honganji_2_minihead_normal.png
647,lord_1_honganji,Portraits/647_lord_1_honganji_bustup_normal.png,Portraits/647_lord_1_honganji_minihead_normal.png
648,lord_1_honganji_junnyo,Portraits/648_lord_1_honganji_junnyo_bustup_normal.png,Portraits/648_lord_1_honganji_junnyo_minihead_normal.png
649,lord_1_hongo,Portraits/649_lord_1_hongo_bustup_normal.png,Portraits/649_lord_1_hongo_minihead_normal.png
650,lord_1_honjo,Portraits/650_lord_1_honjo_bustup_normal.png,Portraits/650_lord_1_honjo_minihead_normal.png
651,lord_1_honda_2,Portraits/651_lord_1_honda_2_bustup_normal.png,Portraits/651_lord_1_honda_2_minihead_normal.png
652,lord_1_honda,Portraits/652_lord_1_honda_bustup_normal.png,Portraits/652_lord_1_honda_minihead_normal.png
653,lord_1_honda_tadatomo,Portraits/653_lord_1_honda_tadatomo_bustup_normal.png,Portraits/653_lord_1_honda_tadatomo_minihead_normal.png
654,lord_1_honda_tadamasa,Portraits/654_lord_1_honda_tadamasa_bustup_normal.png,Portraits/654_lord_1_honda_tadamasa_minihead_normal.png
655,lord_1_honda_8,Portraits/655_lord_1_honda_8_bustup_normal.png,Portraits/655_lord_1_honda_8_minihead_normal.png
656,lord_1_honda_6,Portraits/656_lord_1_honda_6_bustup_normal.png,Portraits/656_lord_1_honda_6_minihead_normal.png
657,lord_1_maeda_keiji,Portraits/657_lord_1_maeda_keiji_bustup_normal.png,Portraits/657_lord_1_maeda_keiji_minihead_normal.png
658,lord_1_maeda_geni,Portraits/658_lord_1_maeda_geni_bustup_normal.png,Portraits/658_lord_1_maeda_geni_minihead_normal.png
659,lord_1_maeda,Portraits/659_lord_1_maeda_bustup_normal.png,Portraits/659_lord_1_maeda_minihead_normal.png
660,lord_1_maeda_4,Portraits/660_lord_1_maeda_4_bustup_normal.png,Portraits/660_lord_1_maeda_4_minihead_normal.png
661,lord_1_maeda_toshimasa,Portraits/661_lord_1_maeda_toshimasa_bustup_normal.png,Portraits/661_lord_1_maeda_toshimasa_minihead_normal.png
662,lord_1_maeno_nagayasu,Portraits/662_lord_1_maeno_nagayasu_bustup_normal.png,Portraits/662_lord_1_maeno_nagayasu_minihead_normal.png
663,lord_1_maeba_5,Portraits/663_lord_1_maeba_5_bustup_normal.png,Portraits/663_lord_1_maeba_5_minihead_normal.png
664,lord_1_makabe_shikan,Portraits/664_lord_1_makabe_shikan_bustup_normal.png,Portraits/664_lord_1_makabe_shikan_minihead_normal.png
665,lord_1_magara_naosumi,Portraits/665_lord_1_magara_naosumi_bustup_normal.png,Portraits/665_lord_1_magara_naosumi_minihead_normal.png
666,lord_1_magara_naotaka,Portraits/666_lord_1_magara_naotaka_bustup_normal.png,Portraits/666_lord_1_magara_naotaka_minihead_normal.png
667,lord_1_masaki_tokishige,Portraits/667_lord_1_masaki_tokishige_bustup_normal.png,Portraits/667_lord_1_masaki_tokishige_minihead_normal.png
668,lord_1_masaki_2,Portraits/668_lord_1_masaki_2_bustup_normal.png,Portraits/668_lord_1_masaki_2_minihead_normal.png
669,lord_1_masaki_yoritada,Portraits/669_lord_1_masaki_yoritada_bustup_normal.png,Portraits/669_lord_1_masaki_yoritada_minihead_normal.png
670,lord_1_masuda_nagamori,Portraits/670_lord_1_masuda_nagamori_bustup_normal.png,Portraits/670_lord_1_masuda_nagamori_minihead_normal.png
671,lord_1_masudaa_motonaga,Portraits/671_lord_1_masudaa_motonaga_bustup_normal.png,Portraits/671_lord_1_masudaa_motonaga_minihead_normal.png
672,lord_1_matsui_yasuyuki,Portraits/672_lord_1_matsui_yasuyuki_bustup_normal.png,Portraits/672_lord_1_matsui_yasuyuki_minihead_normal.png
673,lord_1_matsui_tomoyasu,Portraits/673_lord_1_matsui_tomoyasu_bustup_normal.png,Portraits/673_lord_1_matsui_tomoyasu_minihead_normal.png
674,lord_1_matsukura_shigenobu,Portraits/674_lord_1_matsukura_shigenobu_bustup_normal.png,Portraits/674_lord_1_matsukura_shigenobu_minihead_normal.png
675,lord_1_matsukura_shigemasa,Portraits/675_lord_1_matsukura_shigemasa_bustup_normal.png,Portraits/675_lord_1_matsukura_shigemasa_minihead_normal.png
676,lord_1_matsushita_kahei,Portraits/676_lord_1_matsushita_kahei_bustup_normal.png,Portraits/676_lord_1_matsushita_kahei_minihead_normal.png
677,lord_1_matsudaira_tadakichi,Portraits/677_lord_1_matsudaira_tadakichi_bustup_normal.png,Portraits/677_lord_1_matsudaira_tadakichi_minihead_normal.png
678,lord_1_matsuda,Portraits/678_lord_1_matsuda_bustup_normal.png,Portraits/678_lord_1_matsuda_minihead_normal.png
679,lord_1_matsunaga,Portraits/679_lord_1_matsunaga_bustup_normal.png,Portraits/679_lord_1_matsunaga_minihead_normal.png
680,lord_1_matsunaga_2,Portraits/680_lord_1_matsunaga_2_bustup_normal.png,Portraits/680_lord_1_matsunaga_2_minihead_normal.png
681,lord_1_matsunami_yoshichika,Portraits/681_lord_1_matsunami_yoshichika_bustup_normal.png,Portraits/681_lord_1_matsunami_yoshichika_minihead_normal.png
682,lord_1_sumiya_shichirojiro,Portraits/682_lord_1_sumiya_shichirojiro_bustup_normal.png,Portraits/682_lord_1_sumiya_shichirojiro_minihead_normal.png
683,lord_1_matsuura_2,Portraits/683_lord_1_matsuura_2_bustup_normal.png,Portraits/683_lord_1_matsuura_2_minihead_normal.png
684,lord_1_matsuura,Portraits/684_lord_1_matsuura_bustup_normal.png,Portraits/684_lord_1_matsuura_minihead_normal.png
685,lord_1_manase_doosan,Portraits/685_lord_1_manase_doosan_bustup_normal.png,Portraits/685_lord_1_manase_doosan_minihead_normal.png
686,lord_1_marume_nagayoshi,Portraits/686_lord_1_marume_nagayoshi_bustup_normal.png,Portraits/686_lord_1_marume_nagayoshi_minihead_normal.png
687,lord_1_mikumo_narumochi,Portraits/687_lord_1_mikumo_narumochi_bustup_normal.png,Portraits/687_lord_1_mikumo_narumochi_minihead_normal.png
688,lord_1_onjuku_kanbei,Portraits/688_lord_1_onjuku_kanbei_bustup_normal.png,Portraits/688_lord_1_onjuku_kanbei_minihead_normal.png
689,lord_1_mizutani_taneshige,Portraits/689_lord_1_mizutani_taneshige_bustup_normal.png,Portraits/689_lord_1_mizutani_taneshige_minihead_normal.png
690,lord_1_mizuno_katsunari,Portraits/690_lord_1_mizuno_katsunari_bustup_normal.png,Portraits/690_lord_1_mizuno_katsunari_minihead_normal.png
691,lord_1_mizuno_tadashige,Portraits/691_lord_1_mizuno_tadashige_bustup_normal.png,Portraits/691_lord_1_mizuno_tadashige_minihead_normal.png
692,lord_1_mizuno_nobumoto,Portraits/692_lord_1_mizuno_nobumoto_bustup_normal.png,Portraits/692_lord_1_mizuno_nobumoto_minihead_normal.png
693,lord_1_mizuo_shoubei,Portraits/693_lord_1_mizuo_shoubei_bustup_normal.png,Portraits/693_lord_1_mizuo_shoubei_minihead_normal.png
694,lord_1_mizoguchi_hideshige,Portraits/694_lord_1_mizoguchi_hideshige_bustup_normal.png,Portraits/694_lord_1_mizoguchi_hideshige_minihead_normal.png
695,lord_1_mitoya_hisayasu,Portraits/695_lord_1_mitoya_hisayasu_bustup_normal.png,Portraits/695_lord_1_mitoya_hisayasu_minihead_normal.png
696,lord_1_mimura_ienaga,Portraits/696_lord_1_mimura_ienaga_bustup_normal.png,Portraits/696_lord_1_mimura_ienaga_minihead_normal.png
697,lord_1_mimura_motochika,Portraits/697_lord_1_mimura_motochika_bustup_normal.png,Portraits/697_lord_1_mimura_motochika_minihead_normal.png
698,lord_1_miyabe_keijun,Portraits/698_lord_1_miyabe_keijun_bustup_normal.png,Portraits/698_lord_1_miyabe_keijun_minihead_normal.png
699,lord_1_miyamoto_denta,Portraits/699_lord_1_miyamoto_denta_bustup_normal.png,Portraits/699_lord_1_miyamoto_denta_minihead_normal.png
700,lord_1_miyamotoo_musashi,Portraits/700_lord_1_miyamotoo_musashi_bustup_normal.png,Portraits/700_lord_1_miyamotoo_musashi_minihead_normal.png
701,lord_1_miyoshi_shougan,Portraits/701_lord_1_miyoshi_shougan_bustup_normal.png,Portraits/701_lord_1_miyoshi_shougan_minihead_normal.png
702,lord_1_miyoshi_nagaharu,Portraits/702_lord_1_miyoshi_nagaharu_bustup_normal.png,Portraits/702_lord_1_miyoshi_nagaharu_minihead_normal.png
703,lord_1_miyoshi_nagaatsu,Portraits/703_lord_1_miyoshi_nagaatsu_bustup_normal.png,Portraits/703_lord_1_miyoshi_nagaatsu_minihead_normal.png
704,dead_lord_1_miyoshi_1,Portraits/704_dead_lord_1_miyoshi_1_bustup_normal.png,Portraits/704_dead_lord_1_miyoshi_1_minihead_normal.png
705,lord_1_miyoshi_korezane,Portraits/705_lord_1_miyoshi_korezane_bustup_normal.png,Portraits/705_lord_1_miyoshi_korezane_minihead_normal.png
706,lord_1_miyoshi_shuui,Portraits/706_lord_1_miyoshi_shuui_bustup_normal.png,Portraits/706_lord_1_miyoshi_shuui_minihead_normal.png
707,lord_1_miyoshi_yoshiyuki,Portraits/707_lord_1_miyoshi_yoshiyuki_bustup_normal.png,Portraits/707_lord_1_miyoshi_yoshiyuki_minihead_normal.png
708,lord_1_miyoshi_jikkyu,Portraits/708_lord_1_miyoshi_jikkyu_bustup_normal.png,Portraits/708_lord_1_miyoshi_jikkyu_minihead_normal.png
709,lord_1_miyoshi,Portraits/709_lord_1_miyoshi_bustup_normal.png,Portraits/709_lord_1_miyoshi_minihead_normal.png
710,spc_suruga_shu_leader_2,Portraits/710_spc_suruga_shu_leader_2_bustup_normal.png,Portraits/710_spc_suruga_shu_leader_2_minihead_normal.png
711,lord_1_murai_sadakatsu,Portraits/711_lord_1_murai_sadakatsu_bustup_normal.png,Portraits/711_lord_1_murai_sadakatsu_minihead_normal.png
712,lord_1_murai_nagayori,Portraits/712_lord_1_murai_nagayori_bustup_normal.png,Portraits/712_lord_1_murai_nagayori_minihead_normal.png
713,lord_2_murakami_8,Portraits/713_lord_2_murakami_8_bustup_normal.png,Portraits/713_lord_2_murakami_8_minihead_normal.png
714,lord_1_murakami,Portraits/714_lord_1_murakami_bustup_normal.png,Portraits/714_lord_1_murakami_minihead_normal.png
715,lord_1_murakami_2,Portraits/715_lord_1_murakami_2_bustup_normal.png,Portraits/715_lord_1_murakami_2_minihead_normal.png
716,lord_2_murakami,Portraits/716_lord_2_murakami_bustup_normal.png,Portraits/716_lord_2_murakami_minihead_normal.png
717,lord_1_mochiku_katsuteru,Portraits/717_lord_1_mochiku_katsuteru_bustup_normal.png,Portraits/717_lord_1_mochiku_katsuteru_minihead_normal.png
718,lord_1_mori_katsunaga,Portraits/718_lord_1_mori_katsunaga_bustup_normal.png,Portraits/718_lord_1_mori_katsunaga_minihead_normal.png
719,lord_1_mori_shigeyoshi,Portraits/719_lord_1_mori_shigeyoshi_bustup_normal.png,Portraits/719_lord_1_mori_shigeyoshi_minihead_normal.png
720,lord_1_mori_3,Portraits/720_lord_1_mori_3_bustup_normal.png,Portraits/720_lord_1_mori_3_minihead_normal.png
721,lord_1_mori,Portraits/721_lord_1_mori_bustup_normal.png,Portraits/721_lord_1_mori_minihead_normal.png
722,lord_1_mori_1,Portraits/722_lord_1_mori_1_bustup_normal.png,Portraits/722_lord_1_mori_1_minihead_normal.png
723,lord_1_mogami_2,Portraits/723_lord_1_mogami_2_bustup_normal.png,Portraits/723_lord_1_mogami_2_minihead_normal.png
724,lord_1_mogami_yoshitoki,Portraits/724_lord_1_mogami_yoshitoki_bustup_normal.png,Portraits/724_lord_1_mogami_yoshitoki_minihead_normal.png
725,lord_1_mogami,Portraits/725_lord_1_mogami_bustup_normal.png,Portraits/725_lord_1_mogami_minihead_normal.png
726,lord_1_mochizuki_rokuroo,Portraits/726_lord_1_mochizuki_rokuroo_bustup_normal.png,Portraits/726_lord_1_mochizuki_rokuroo_minihead_normal.png
727,lord_1_motoyama_shigemune,Portraits/727_lord_1_motoyama_shigemune_bustup_normal.png,Portraits/727_lord_1_motoyama_shigemune_minihead_normal.png
728,lord_1_momi_kyonari,Portraits/728_lord_1_momi_kyonari_bustup_normal.png,Portraits/728_lord_1_momi_kyonari_minihead_normal.png
729,lord_1_momochi_sandayuu,Portraits/729_lord_1_momochi_sandayuu_bustup_normal.png,Portraits/729_lord_1_momochi_sandayuu_minihead_normal.png
730,lord_1_morishita_dooyo,Portraits/730_lord_1_morishita_dooyo_bustup_normal.png,Portraits/730_lord_1_morishita_dooyo_minihead_normal.png
731,lord_1_morii_tadamasa,Portraits/731_lord_1_morii_tadamasa_bustup_normal.png,Portraits/731_lord_1_morii_tadamasa_minihead_normal.png
732,lord_1_moori_tahei,Portraits/732_lord_1_moori_tahei_bustup_normal.png,Portraits/732_lord_1_moori_tahei_minihead_normal.png
733,lord_1_morii_nagayoshi,Portraits/733_lord_1_morii_nagayoshi_bustup_normal.png,Portraits/733_lord_1_morii_nagayoshi_minihead_normal.png
734,lord_1_morii_haru,Portraits/734_lord_1_morii_haru_bustup_normal.png,Portraits/734_lord_1_morii_haru_minihead_normal.png
735,lord_1_morii_kanenari,Portraits/735_lord_1_morii_kanenari_bustup_normal.png,Portraits/735_lord_1_morii_kanenari_minihead_normal.png
736,lord_1_morii_ranmaru,Portraits/736_lord_1_morii_ranmaru_bustup_normal.png,Portraits/736_lord_1_morii_ranmaru_minihead_normal.png
737,lord_1_shioka_ichiwa,Portraits/737_lord_1_shioka_ichiwa_bustup_normal.png,Portraits/737_lord_1_shioka_ichiwa_minihead_normal.png
738,lord_1_monchusho_tokikage,Portraits/738_lord_1_monchusho_tokikage_bustup_normal.png,Portraits/738_lord_1_monchusho_tokikage_minihead_normal.png
739,lord_1_yaita_kinbei,Portraits/739_lord_1_yaita_kinbei_bustup_normal.png,Portraits/739_lord_1_yaita_kinbei_minihead_normal.png
740,lord_1_yagyuu_sekishuusai,Portraits/740_lord_1_yagyuu_sekishuusai_bustup_normal.png,Portraits/740_lord_1_yagyuu_sekishuusai_minihead_normal.png
741,lord_1_yagyuuuu_hyoogo,Portraits/741_lord_1_yagyuuuu_hyoogo_bustup_normal.png,Portraits/741_lord_1_yagyuuuu_hyoogo_minihead_normal.png
742,lord_1_yagyuuuuuu_munenori,Portraits/742_lord_1_yagyuuuuuu_munenori_bustup_normal.png,Portraits/742_lord_1_yagyuuuuuu_munenori_minihead_normal.png
743,lord_1_shoyakuin_zenshuu,Portraits/743_lord_1_shoyakuin_zenshuu_bustup_normal.png,Portraits/743_lord_1_shoyakuin_zenshuu_minihead_normal.png
744,lord_1_yazawa_yoritsuna,Portraits/744_lord_1_yazawa_yoritsuna_bustup_normal.png,Portraits/744_lord_1_yazawa_yoritsuna_minihead_normal.png
745,lord_1_yazawa_yasukatsu,Portraits/745_lord_1_yazawa_yasukatsu_bustup_normal.png,Portraits/745_lord_1_yazawa_yasukatsu_minihead_normal.png
746,lord_1_yashiro_kageyasu,Portraits/746_lord_1_yashiro_kageyasu_bustup_normal.png,Portraits/746_lord_1_yashiro_kageyasu_minihead_normal.png
747,lord_1_yasuda_akimoto,Portraits/747_lord_1_yasuda_akimoto_bustup_normal.png,Portraits/747_lord_1_yasuda_akimoto_minihead_normal.png
748,lord_1_yasuda_nagahide,Portraits/748_lord_1_yasuda_nagahide_bustup_normal.png,Portraits/748_lord_1_yasuda_nagahide_minihead_normal.png
749,lord_1_yanagihara_hyoe,Portraits/749_lord_1_yanagihara_hyoe_bustup_normal.png,Portraits/749_lord_1_yanagihara_hyoe_minihead_normal.png
750,lord_1_yamagata,Portraits/750_lord_1_yamagata_bustup_normal.png,Portraits/750_lord_1_yamagata_minihead_normal.png
751,lord_1_yamazaki_henie,Portraits/751_lord_1_yamazaki_henie_bustup_normal.png,Portraits/751_lord_1_yamazaki_henie_minihead_normal.png
752,lord_1_yamazaki_7,Portraits/752_lord_1_yamazaki_7_bustup_normal.png,Portraits/752_lord_1_yamazaki_7_minihead_normal.png
753,lord_1_yamada_arinobu,Portraits/753_lord_1_yamada_arinobu_bustup_normal.png,Portraits/753_lord_1_yamada_arinobu_minihead_normal.png
754,lord_1_yamada_nagamasa,Portraits/754_lord_1_yamada_nagamasa_bustup_normal.png,Portraits/754_lord_1_yamada_nagamasa_minihead_normal.png
755,lord_1_yamada_sooshoo,Portraits/755_lord_1_yamada_sooshoo_bustup_normal.png,Portraits/755_lord_1_yamada_sooshoo_minihead_normal.png
756,lord_1_yamanaka_shikanosuke,Portraits/756_lord_1_yamanaka_shikanosuke_bustup_normal.png,Portraits/756_lord_1_yamanaka_shikanosuke_minihead_normal.png
757,lord_1_yamanaka_shunkou,Portraits/757_lord_1_yamanaka_shunkou_bustup_normal.png,Portraits/757_lord_1_yamanaka_shunkou_minihead_normal.png
758,lord_1_yamana_yuu,Portraits/758_lord_1_yamana_yuu_bustup_normal.png,Portraits/758_lord_1_yamana_yuu_minihead_normal.png
759,lord_1_yamana_zentaka,Portraits/759_lord_1_yamana_zentaka_bustup_normal.png,Portraits/759_lord_1_yamana_zentaka_minihead_normal.png
760,lord_1_yamauchi_kazutoyo,Portraits/760_lord_1_yamauchi_kazutoyo_bustup_normal.png,Portraits/760_lord_1_yamauchi_kazutoyo_minihead_normal.png
761,lord_1_yamamoto_kansuke,Portraits/761_lord_1_yamamoto_kansuke_bustup_normal.png,Portraits/761_lord_1_yamamoto_kansuke_minihead_normal.png
762,lord_1_yuasa_gosuke,Portraits/762_lord_1_yuasa_gosuke_bustup_normal.png,Portraits/762_lord_1_yuasa_gosuke_minihead_normal.png
763,lord_1_yuki,Portraits/763_lord_1_yuki_bustup_normal.png,Portraits/763_lord_1_yuki_minihead_normal.png
764,lord_1_yuki_hideyasu,Portraits/764_lord_1_yuki_hideyasu_bustup_normal.png,Portraits/764_lord_1_yuki_hideyasu_minihead_normal.png
765,lord_1_yuki_matsurigoto,Portraits/765_lord_1_yuki_matsurigoto_bustup_normal.png,Portraits/765_lord_1_yuki_matsurigoto_minihead_normal.png
766,lord_1_yusa,Portraits/766_lord_1_yusa_bustup_normal.png,Portraits/766_lord_1_yusa_minihead_normal.png
767,lord_1_yuri_kanenosuke,Portraits/767_lord_1_yuri_kanenosuke_bustup_normal.png,Portraits/767_lord_1_yuri_kanenosuke_minihead_normal.png
768,lord_1_yokoya_sakon,Portraits/768_lord_1_yokoya_sakon_bustup_normal.png,Portraits/768_lord_1_yokoya_sakon_minihead_normal.png
769,lord_1_yoshie_kagekatsu,Portraits/769_lord_1_yoshie_kagekatsu_bustup_normal.png,Portraits/769_lord_1_yoshie_kagekatsu_minihead_normal.png
770,lord_1_yoshioka_kenpoo,Portraits/770_lord_1_yoshioka_kenpoo_bustup_normal.png,Portraits/770_lord_1_yoshioka_kenpoo_minihead_normal.png
771,lord_1_yoshioka_seijuroo,Portraits/771_lord_1_yoshioka_seijuroo_bustup_normal.png,Portraits/771_lord_1_yoshioka_seijuroo_minihead_normal.png
772,lord_1_yoshioka_denshiroo,Portraits/772_lord_1_yoshioka_denshiroo_bustup_normal.png,Portraits/772_lord_1_yoshioka_denshiroo_minihead_normal.png
773,lord_1_yoshioka_nagazane,Portraits/773_lord_1_yoshioka_nagazane_bustup_normal.png,Portraits/773_lord_1_yoshioka_nagazane_minihead_normal.png
774,lord_1_yoshida,Portraits/774_lord_1_yoshida_bustup_normal.png,Portraits/774_lord_1_yoshida_minihead_normal.png
775,dead_lord_1_yoshida_7,Portraits/775_dead_lord_1_yoshida_7_bustup_normal.png,Portraits/775_dead_lord_1_yoshida_7_minihead_normal.png
776,lord_1_yoshida_masashige,Portraits/776_lord_1_yoshida_masashige_bustup_normal.png,Portraits/776_lord_1_yoshida_masashige_minihead_normal.png
777,lord_1_yoshida_yasutoshi,Portraits/777_lord_1_yoshida_yasutoshi_bustup_normal.png,Portraits/777_lord_1_yoshida_yasutoshi_minihead_normal.png
778,lord_1_yoshihiro,Portraits/778_lord_1_yoshihiro_bustup_normal.png,Portraits/778_lord_1_yoshihiro_minihead_normal.png
779,lord_1_yoshimi,Portraits/779_lord_1_yoshimi_bustup_normal.png,Portraits/779_lord_1_yoshimi_minihead_normal.png
780,lord_1_yose_kurando,Portraits/780_lord_1_yose_kurando_bustup_normal.png,Portraits/780_lord_1_yose_kurando_minihead_normal.png
781,lord_1_yodoya_tsunayasu,Portraits/781_lord_1_yodoya_tsunayasu_bustup_normal.png,Portraits/781_lord_1_yodoya_tsunayasu_minihead_normal.png
782,lord_1_yanada_toozaemon,Portraits/782_lord_1_yanada_toozaemon_bustup_normal.png,Portraits/782_lord_1_yanada_toozaemon_minihead_normal.png
783,lord_1_yorika_sakyo,Portraits/783_lord_1_yorika_sakyo_bustup_normal.png,Portraits/783_lord_1_yorika_sakyo_minihead_normal.png
784,lord_1_ryuzoji_chikaie,Portraits/784_lord_1_ryuzoji_chikaie_bustup_normal.png,Portraits/784_lord_1_ryuzoji_chikaie_minihead_normal.png
785,lord_1_ryuzoji,Portraits/785_lord_1_ryuzoji_bustup_normal.png,Portraits/785_lord_1_ryuzoji_minihead_normal.png
786,lord_1_ryuzoji_11,Portraits/786_lord_1_ryuzoji_11_bustup_normal.png,Portraits/786_lord_1_ryuzoji_11_minihead_normal.png
787,lord_1_ryuzoji_8,Portraits/787_lord_1_ryuzoji_8_bustup_normal.png,Portraits/787_lord_1_ryuzoji_8_minihead_normal.png
788,lord_1_ryuzoji_3,Portraits/788_lord_1_ryuzoji_3_bustup_normal.png,Portraits/788_lord_1_ryuzoji_3_minihead_normal.png
789,lord_1_rusu,Portraits/789_lord_1_rusu_bustup_normal.png,Portraits/789_lord_1_rusu_minihead_normal.png
790,lord_1_rokkaku_shou,Portraits/790_lord_1_rokkaku_shou_bustup_normal.png,Portraits/790_lord_1_rokkaku_shou_minihead_normal.png
791,lord_1_rokkaku_2,Portraits/791_lord_1_rokkaku_2_bustup_normal.png,Portraits/791_lord_1_rokkaku_2_minihead_normal.png
792,lord_1_wakabayashi_shigeoki,Portraits/792_lord_1_wakabayashi_shigeoki_bustup_normal.png,Portraits/792_lord_1_wakabayashi_shigeoki_minihead_normal.png
793,lord_1_kyouzaka_yasuharu,Portraits/793_lord_1_kyouzaka_yasuharu_bustup_normal.png,Portraits/793_lord_1_kyouzaka_yasuharu_minihead_normal.png
794,lord_1_bunbu_mitsuyoshi,Portraits/794_lord_1_bunbu_mitsuyoshi_bustup_normal.png,Portraits/794_lord_1_bunbu_mitsuyoshi_minihead_normal.png
795,lord_1_wada_akira,Portraits/795_lord_1_wada_akira_bustup_normal.png,Portraits/795_lord_1_wada_akira_minihead_normal.png
796,lord_1_wada_koremasa,Portraits/796_lord_1_wada_koremasa_bustup_normal.png,Portraits/796_lord_1_wada_koremasa_minihead_normal.png
797,lord_1_watanabe_kanbei,Portraits/797_lord_1_watanabe_kanbei_bustup_normal.png,Portraits/797_lord_1_watanabe_kanbei_minihead_normal.png
798,lord_1_watanabe_moritsuna,Portraits/798_lord_1_watanabe_moritsuna_bustup_normal.png,Portraits/798_lord_1_watanabe_moritsuna_minihead_normal.png
799,lord_1_watari,Portraits/799_lord_1_watari_bustup_normal.png,Portraits/799_lord_1_watari_minihead_normal.png
800,lord_1_uesugi_norimasa,Portraits/800_lord_1_uesugi_norimasa_bustup_normal.png,Portraits/800_lord_1_uesugi_norimasa_minihead_normal.png
801,dead_lord_1_takeda_2,Portraits/801_dead_lord_1_takeda_2_bustup_normal.png,Portraits/801_dead_lord_1_takeda_2_minihead_normal.png
802,lord_1_ouchi_yoshitaka,Portraits/802_lord_1_ouchi_yoshitaka_bustup_normal.png,Portraits/802_lord_1_ouchi_yoshitaka_minihead_normal.png
803,dead_lord_1_oda_2,Portraits/803_dead_lord_1_oda_2_bustup_normal.png,Portraits/803_dead_lord_1_oda_2_minihead_normal.png
804,lord_1_matsudaira_hirotada,Portraits/804_lord_1_matsudaira_hirotada_bustup_normal.png,Portraits/804_lord_1_matsudaira_hirotada_minihead_normal.png
805,lord_1_hirate_masahide,Portraits/805_lord_1_hirate_masahide_bustup_normal.png,Portraits/805_lord_1_hirate_masahide_minihead_normal.png
806,lord_1_kuki_kiyotaka,Portraits/806_lord_1_kuki_kiyotaka_bustup_normal.png,Portraits/806_lord_1_kuki_kiyotaka_minihead_normal.png
807,lord_1_hatakeyama,Portraits/807_lord_1_hatakeyama_bustup_normal.png,Portraits/807_lord_1_hatakeyama_minihead_normal.png
808,lord_1_akamatsu_harumasa,Portraits/808_lord_1_akamatsu_harumasa_bustup_normal.png,Portraits/808_lord_1_akamatsu_harumasa_minihead_normal.png
809,lord_1_shouni_fuyuhisa,Portraits/809_lord_1_shouni_fuyuhisa_bustup_normal.png,Portraits/809_lord_1_shouni_fuyuhisa_minihead_normal.png
810,lord_1_arima,Portraits/810_lord_1_arima_bustup_normal.png,Portraits/810_lord_1_arima_minihead_normal.png
811,dead_lord_1_otomo_1,Portraits/811_dead_lord_1_otomo_1_bustup_normal.png,Portraits/811_dead_lord_1_otomo_1_minihead_normal.png
812,lord_1_honganji_shounyo,Portraits/812_lord_1_honganji_shounyo_bustup_normal.png,Portraits/812_lord_1_honganji_shounyo_minihead_normal.png
813,lord_1_daihoji,Portraits/813_lord_1_daihoji_bustup_normal.png,Portraits/813_lord_1_daihoji_minihead_normal.png
814,lord_1_shiba_yoshitomi,Portraits/814_lord_1_shiba_yoshitomi_bustup_normal.png,Portraits/814_lord_1_shiba_yoshitomi_minihead_normal.png
815,lord_1_oda_nobutomo,Portraits/815_lord_1_oda_nobutomo_bustup_normal.png,Portraits/815_lord_1_oda_nobutomo_minihead_normal.png
816,lord_1_hosokawa_shi,Portraits/816_lord_1_hosokawa_shi_bustup_normal.png,Portraits/816_lord_1_hosokawa_shi_minihead_normal.png
817,lord_1_rokkaku_tei,Portraits/817_lord_1_rokkaku_tei_bustup_normal.png,Portraits/817_lord_1_rokkaku_tei_minihead_normal.png
818,lord_1_shimazu_katsuhisa,Portraits/818_lord_1_shimazu_katsuhisa_bustup_normal.png,Portraits/818_lord_1_shimazu_katsuhisa_minihead_normal.png
819,dead_lord_1_tsutsui_4,Portraits/819_dead_lord_1_tsutsui_4_bustup_normal.png,Portraits/819_dead_lord_1_tsutsui_4_minihead_normal.png
820,lord_1_nikaido,Portraits/820_lord_1_nikaido_bustup_normal.png,Portraits/820_lord_1_nikaido_minihead_normal.png
821,lord_1_ichinomiya_zuibasai,Portraits/821_lord_1_ichinomiya_zuibasai_bustup_normal.png,Portraits/821_lord_1_ichinomiya_zuibasai_minihead_normal.png
822,lord_1_arima_sei,Portraits/822_lord_1_arima_sei_bustup_normal.png,Portraits/822_lord_1_arima_sei_minihead_normal.png
823,dead_lord_1_sagara_1,Portraits/823_dead_lord_1_sagara_1_bustup_normal.png,Portraits/823_dead_lord_1_sagara_1_minihead_normal.png
824,lord_1_murakami_yoshimitsu,Portraits/824_lord_1_murakami_yoshimitsu_bustup_normal.png,Portraits/824_lord_1_murakami_yoshimitsu_minihead_normal.png
825,lord_1_iwama_oguma,Portraits/825_lord_1_iwama_oguma_bustup_normal.png,Portraits/825_lord_1_iwama_oguma_minihead_normal.png
826,lord_1_ganshojii_masakage,Portraits/826_lord_1_ganshojii_masakage_bustup_normal.png,Portraits/826_lord_1_ganshojii_masakage_minihead_normal.png
827,lord_1_matsunaga_nagayori,Portraits/827_lord_1_matsunaga_nagayori_bustup_normal.png,Portraits/827_lord_1_matsunaga_nagayori_minihead_normal.png
828,lord_1_mori_hidemoto,Portraits/828_lord_1_mori_hidemoto_bustup_normal.png,Portraits/828_lord_1_mori_hidemoto_minihead_normal.png
829,lord_1_otsuki_kyuuhaku,Portraits/829_lord_1_otsuki_kyuuhaku_bustup_normal.png,Portraits/829_lord_1_otsuki_kyuuhaku_minihead_normal.png
830,lord_1_yusa_shinkyou,Portraits/830_lord_1_yusa_shinkyou_bustup_normal.png,Portraits/830_lord_1_yusa_shinkyou_minihead_normal.png
831,lord_1_takakita_shotetsu,Portraits/831_lord_1_takakita_shotetsu_bustup_normal.png,Portraits/831_lord_1_takakita_shotetsu_minihead_normal.png
832,lord_1_reizei_takahiro,Portraits/832_lord_1_reizei_takahiro_bustup_normal.png,Portraits/832_lord_1_reizei_takahiro_minihead_normal.png
833,lord_1_sagara_takeshinin,Portraits/833_lord_1_sagara_takeshinin_bustup_normal.png,Portraits/833_lord_1_sagara_takeshinin_minihead_normal.png
834,lord_1_iida_okihide,Portraits/834_lord_1_iida_okihide_bustup_normal.png,Portraits/834_lord_1_iida_okihide_minihead_normal.png
835,lord_1_kodama_narikata,Portraits/835_lord_1_kodama_narikata_bustup_normal.png,Portraits/835_lord_1_kodama_narikata_minihead_normal.png
836,lord_1_shirai_katahide,Portraits/836_lord_1_shirai_katahide_bustup_normal.png,Portraits/836_lord_1_shirai_katahide_minihead_normal.png
837,lord_1_oda_nobumitsu,Portraits/837_lord_1_oda_nobumitsu_bustup_normal.png,Portraits/837_lord_1_oda_nobumitsu_minihead_normal.png
838,lord_1_oyamada_nobuari,Portraits/838_lord_1_oyamada_nobuari_bustup_normal.png,Portraits/838_lord_1_oyamada_nobuari_minihead_normal.png
839,lord_1_amago_kunihisa,Portraits/839_lord_1_amago_kunihisa_bustup_normal.png,Portraits/839_lord_1_amago_kunihisa_minihead_normal.png
840,dead_lord_1_amago_1,Portraits/840_dead_lord_1_amago_1_bustup_normal.png,Portraits/840_dead_lord_1_amago_1_minihead_normal.png
841,lord_1_sakaii_daizen,Portraits/841_lord_1_sakaii_daizen_bustup_normal.png,Portraits/841_lord_1_sakaii_daizen_minihead_normal.png
842,dead_lord_1_bessho_2,Portraits/842_dead_lord_1_bessho_2_bustup_normal.png,Portraits/842_dead_lord_1_bessho_2_minihead_normal.png
843,lord_1_shido_hiroyoshi,Portraits/843_lord_1_shido_hiroyoshi_bustup_normal.png,Portraits/843_lord_1_shido_hiroyoshi_minihead_normal.png
844,lord_1_nabeshima,Portraits/844_lord_1_nabeshima_bustup_normal.png,Portraits/844_lord_1_nabeshima_minihead_normal.png
845,lord_1_kamiya_shoosaku,Portraits/845_lord_1_kamiya_shoosaku_bustup_normal.png,Portraits/845_lord_1_kamiya_shoosaku_minihead_normal.png
846,lord_1_naito_okimori,Portraits/846_lord_1_naito_okimori_bustup_normal.png,Portraits/846_lord_1_naito_okimori_minihead_normal.png
847,lord_1_shimazu_sanekisa,Portraits/847_lord_1_shimazu_sanekisa_bustup_normal.png,Portraits/847_lord_1_shimazu_sanekisa_minihead_normal.png
848,lord_1_inoue_motokane,Portraits/848_lord_1_inoue_motokane_bustup_normal.png,Portraits/848_lord_1_inoue_motokane_minihead_normal.png
849,lord_1_tsuda_sootatsu,Portraits/849_lord_1_tsuda_sootatsu_bustup_normal.png,Portraits/849_lord_1_tsuda_sootatsu_minihead_normal.png
850,lord_1_aso_tada,Portraits/850_lord_1_aso_tada_bustup_normal.png,Portraits/850_lord_1_aso_tada_minihead_normal.png
851,lord_1_tsuda_sancho,Portraits/851_lord_1_tsuda_sancho_bustup_normal.png,Portraits/851_lord_1_tsuda_sancho_minihead_normal.png
852,lord_1_sugi_shigenori,Portraits/852_lord_1_sugi_shigenori_bustup_normal.png,Portraits/852_lord_1_sugi_shigenori_minihead_normal.png
853,lord_1_kii_5,Portraits/853_lord_1_kii_5_bustup_normal.png,Portraits/853_lord_1_kii_5_minihead_normal.png
854,lord_1_kasai_seitane,Portraits/854_lord_1_kasai_seitane_bustup_normal.png,Portraits/854_lord_1_kasai_seitane_minihead_normal.png
855,lord_1_ryuzojii_takeshi,Portraits/855_lord_1_ryuzojii_takeshi_bustup_normal.png,Portraits/855_lord_1_ryuzojii_takeshi_minihead_normal.png
856,lord_1_saeki_koreyori,Portraits/856_lord_1_saeki_koreyori_bustup_normal.png,Portraits/856_lord_1_saeki_koreyori_minihead_normal.png
857,lord_1_uku_genmasa,Portraits/857_lord_1_uku_genmasa_bustup_normal.png,Portraits/857_lord_1_uku_genmasa_minihead_normal.png
858,lord_1_futatsugi_jutaka,Portraits/858_lord_1_futatsugi_jutaka_bustup_normal.png,Portraits/858_lord_1_futatsugi_jutaka_minihead_normal.png
859,lord_1_takada_matahei,Portraits/859_lord_1_takada_matahei_bustup_normal.png,Portraits/859_lord_1_takada_matahei_minihead_normal.png
860,template_ninja_male_01,Portraits/860_template_ninja_male_01_bustup_normal.png,Portraits/860_template_ninja_male_01_minihead_normal.png
861,template_ninja_male_01,Portraits/861_template_ninja_male_01_bustup_normal.png,Portraits/861_template_ninja_male_01_minihead_normal.png
862,template_ninja_male_01,Portraits/862_template_ninja_male_01_bustup_normal.png,Portraits/862_template_ninja_male_01_minihead_normal.png
863,template_ninja_male_01,Portraits/863_template_ninja_male_01_bustup_normal.png,Portraits/863_template_ninja_male_01_minihead_normal.png
864,template_kunoichi_01,Portraits/864_template_kunoichi_01_bustup_normal.png,Portraits/864_template_kunoichi_01_minihead_normal.png
865,template_ninja_male_01,Portraits/865_template_ninja_male_01_bustup_normal.png,Portraits/865_template_ninja_male_01_minihead_normal.png
866,template_ninja_male_01,Portraits/866_template_ninja_male_01_bustup_normal.png,Portraits/866_template_ninja_male_01_minihead_normal.png
867,template_ninja_male_01,Portraits/867_template_ninja_male_01_bustup_normal.png,Portraits/867_template_ninja_male_01_minihead_normal.png
868,template_ninja_male_01,Portraits/868_template_ninja_male_01_bustup_normal.png,Portraits/868_template_ninja_male_01_minihead_normal.png
869,template_ninja_male_01,Portraits/869_template_ninja_male_01_bustup_normal.png,Portraits/869_template_ninja_male_01_minihead_normal.png
870,template_ninja_male_01,Portraits/870_template_ninja_male_01_bustup_normal.png,Portraits/870_template_ninja_male_01_minihead_normal.png
871,template_ninja_male_01,Portraits/871_template_ninja_male_01_bustup_normal.png,Portraits/871_template_ninja_male_01_minihead_normal.png
872,template_ninja_male_01,Portraits/872_template_ninja_male_01_bustup_normal.png,Portraits/872_template_ninja_male_01_minihead_normal.png
873,template_ninja_male_01,Portraits/873_template_ninja_male_01_bustup_normal.png,Portraits/873_template_ninja_male_01_minihead_normal.png
874,template_ninja_male_01,Portraits/874_template_ninja_male_01_bustup_normal.png,Portraits/874_template_ninja_male_01_minihead_normal.png
875,template_ninja_male_01,Portraits/875_template_ninja_male_01_bustup_normal.png,Portraits/875_template_ninja_male_01_minihead_normal.png
876,template_ninja_male_01,Portraits/876_template_ninja_male_01_bustup_normal.png,Portraits/876_template_ninja_male_01_minihead_normal.png
877,template_ninja_male_01,Portraits/877_template_ninja_male_01_bustup_normal.png,Portraits/877_template_ninja_male_01_minihead_normal.png
878,template_ninja_male_01,Portraits/878_template_ninja_male_01_bustup_normal.png,Portraits/878_template_ninja_male_01_minihead_normal.png
879,template_ninja_male_01,Portraits/879_template_ninja_male_01_bustup_normal.png,Portraits/879_template_ninja_male_01_minihead_normal.png
880,template_ninja_male_01,Portraits/880_template_ninja_male_01_bustup_normal.png,Portraits/880_template_ninja_male_01_minihead_normal.png
881,template_ninja_male_01,Portraits/881_template_ninja_male_01_bustup_normal.png,Portraits/881_template_ninja_male_01_minihead_normal.png
882,template_ninja_male_01,Portraits/882_template_ninja_male_01_bustup_normal.png,Portraits/882_template_ninja_male_01_minihead_normal.png
883,template_ninja_male_01,Portraits/883_template_ninja_male_01_bustup_normal.png,Portraits/883_template_ninja_male_01_minihead_normal.png
884,template_ninja_male_01,Portraits/884_template_ninja_male_01_bustup_normal.png,Portraits/884_template_ninja_male_01_minihead_normal.png
885,template_ninja_male_01,Portraits/885_template_ninja_male_01_bustup_normal.png,Portraits/885_template_ninja_male_01_minihead_normal.png
886,template_ninja_male_01,Portraits/886_template_ninja_male_01_bustup_normal.png,Portraits/886_template_ninja_male_01_minihead_normal.png
887,template_ninja_male_01,Portraits/887_template_ninja_male_01_bustup_normal.png,Portraits/887_template_ninja_male_01_minihead_normal.png
888,template_ninja_male_01,Portraits/888_template_ninja_male_01_bustup_normal.png,Portraits/888_template_ninja_male_01_minihead_normal.png
889,template_ninja_male_01,Portraits/889_template_ninja_male_01_bustup_normal.png,Portraits/889_template_ninja_male_01_minihead_normal.png
890,template_ninja_male_01,Portraits/890_template_ninja_male_01_bustup_normal.png,Portraits/890_template_ninja_male_01_minihead_normal.png
891,template_ninja_male_01,Portraits/891_template_ninja_male_01_bustup_normal.png,Portraits/891_template_ninja_male_01_minihead_normal.png
892,template_ninja_male_01,Portraits/892_template_ninja_male_01_bustup_normal.png,Portraits/892_template_ninja_male_01_minihead_normal.png
893,template_ninja_male_01,Portraits/893_template_ninja_male_01_bustup_normal.png,Portraits/893_template_ninja_male_01_minihead_normal.png
894,template_ninja_male_01,Portraits/894_template_ninja_male_01_bustup_normal.png,Portraits/894_template_ninja_male_01_minihead_normal.png
895,template_kunoichi_01,Portraits/895_template_kunoichi_01_bustup_normal.png,Portraits/895_template_kunoichi_01_minihead_normal.png
896,template_ninja_male_01,Portraits/896_template_ninja_male_01_bustup_normal.png,Portraits/896_template_ninja_male_01_minihead_normal.png
897,template_ninja_male_01,Portraits/897_template_ninja_male_01_bustup_normal.png,Portraits/897_template_ninja_male_01_minihead_normal.png
898,template_ninja_male_01,Portraits/898_template_ninja_male_01_bustup_normal.png,Portraits/898_template_ninja_male_01_minihead_normal.png
899,template_ninja_male_01,Portraits/899_template_ninja_male_01_bustup_normal.png,Portraits/899_template_ninja_male_01_minihead_normal.png
900,template_ninja_male_01,Portraits/900_template_ninja_male_01_bustup_normal.png,Portraits/900_template_ninja_male_01_minihead_normal.png
901,template_ninja_male_01,Portraits/901_template_ninja_male_01_bustup_normal.png,Portraits/901_template_ninja_male_01_minihead_normal.png
902,template_ninja_male_01,Portraits/902_template_ninja_male_01_bustup_normal.png,Portraits/902_template_ninja_male_01_minihead_normal.png
903,template_ninja_male_01,Portraits/903_template_ninja_male_01_bustup_normal.png,Portraits/903_template_ninja_male_01_minihead_normal.png
904,template_ninja_male_01,Portraits/904_template_ninja_male_01_bustup_normal.png,Portraits/904_template_ninja_male_01_minihead_normal.png
905,template_ninja_male_01,Portraits/905_template_ninja_male_01_bustup_normal.png,Portraits/905_template_ninja_male_01_minihead_normal.png
906,template_ninja_male_01,Portraits/906_template_ninja_male_01_bustup_normal.png,Portraits/906_template_ninja_male_01_minihead_normal.png
907,template_ninja_male_01,Portraits/907_template_ninja_male_01_bustup_normal.png,Portraits/907_template_ninja_male_01_minihead_normal.png
908,template_ninja_male_01,Portraits/908_template_ninja_male_01_bustup_normal.png,Portraits/908_template_ninja_male_01_minihead_normal.png
909,template_ninja_male_01,Portraits/909_template_ninja_male_01_bustup_normal.png,Portraits/909_template_ninja_male_01_minihead_normal.png
910,template_ninja_male_01,Portraits/910_template_ninja_male_01_bustup_normal.png,Portraits/910_template_ninja_male_01_minihead_normal.png
911,template_ninja_male_01,Portraits/911_template_ninja_male_01_bustup_normal.png,Portraits/911_template_ninja_male_01_minihead_normal.png
912,template_ninja_male_01,Portraits/912_template_ninja_male_01_bustup_normal.png,Portraits/912_template_ninja_male_01_minihead_normal.png
913,template_merchant_01,Portraits/913_template_merchant_01_bustup_normal.png,Portraits/913_template_merchant_01_minihead_normal.png
914,template_ninja_male_01,Portraits/914_template_ninja_male_01_bustup_normal.png,Portraits/914_template_ninja_male_01_minihead_normal.png
915,template_merchant_01,Portraits/915_template_merchant_01_bustup_normal.png,Portraits/915_template_merchant_01_minihead_normal.png
916,template_merchant_01,Portraits/916_template_merchant_01_bustup_normal.png,Portraits/916_template_merchant_01_minihead_normal.png
917,template_merchant_01,Portraits/917_template_merchant_01_bustup_normal.png,Portraits/917_template_merchant_01_minihead_normal.png
918,template_merchant_01,Portraits/918_template_merchant_01_bustup_normal.png,Portraits/918_template_merchant_01_minihead_normal.png
919,template_merchant_01,Portraits/919_template_merchant_01_bustup_normal.png,Portraits/919_template_merchant_01_minihead_normal.png
920,template_merchant_01,Portraits/920_template_merchant_01_bustup_normal.png,Portraits/920_template_merchant_01_minihead_normal.png
921,template_merchant_01,Portraits/921_template_merchant_01_bustup_normal.png,Portraits/921_template_merchant_01_minihead_normal.png
922,template_merchant_01,Portraits/922_template_merchant_01_bustup_normal.png,Portraits/922_template_merchant_01_minihead_normal.png
923,template_merchant_01,Portraits/923_template_merchant_01_bustup_normal.png,Portraits/923_template_merchant_01_minihead_normal.png
924,template_merchant_01,Portraits/924_template_merchant_01_bustup_normal.png,Portraits/924_template_merchant_01_minihead_normal.png
925,template_merchant_01,Portraits/925_template_merchant_01_bustup_normal.png,Portraits/925_template_merchant_01_minihead_normal.png
926,template_merchant_01,Portraits/926_template_merchant_01_bustup_normal.png,Portraits/926_template_merchant_01_minihead_normal.png
927,template_merchant_01,Portraits/927_template_merchant_01_bustup_normal.png,Portraits/927_template_merchant_01_minihead_normal.png
928,template_merchant_01,Portraits/928_template_merchant_01_bustup_normal.png,Portraits/928_template_merchant_01_minihead_normal.png
929,template_merchant_01,Portraits/929_template_merchant_01_bustup_normal.png,Portraits/929_template_merchant_01_minihead_normal.png
930,template_merchant_01,Portraits/930_template_merchant_01_bustup_normal.png,Portraits/930_template_merchant_01_minihead_normal.png
931,template_merchant_01,Portraits/931_template_merchant_01_bustup_normal.png,Portraits/931_template_merchant_01_minihead_normal.png
932,template_merchant_01,Portraits/932_template_merchant_01_bustup_normal.png,Portraits/932_template_merchant_01_minihead_normal.png
933,template_merchant_01,Portraits/933_template_merchant_01_bustup_normal.png,Portraits/933_template_merchant_01_minihead_normal.png
934,template_merchant_01,Portraits/934_template_merchant_01_bustup_normal.png,Portraits/934_template_merchant_01_minihead_normal.png
935,template_merchant_01,Portraits/935_template_merchant_01_bustup_normal.png,Portraits/935_template_merchant_01_minihead_normal.png
936,template_merchant_01,Portraits/936_template_merchant_01_bustup_normal.png,Portraits/936_template_merchant_01_minihead_normal.png
937,template_merchant_01,Portraits/937_template_merchant_01_bustup_normal.png,Portraits/937_template_merchant_01_minihead_normal.png
938,template_merchant_01,Portraits/938_template_merchant_01_bustup_normal.png,Portraits/938_template_merchant_01_minihead_normal.png
939,template_merchant_01,Portraits/939_template_merchant_01_bustup_normal.png,Portraits/939_template_merchant_01_minihead_normal.png
940,template_merchant_01,Portraits/940_template_merchant_01_bustup_normal.png,Portraits/940_template_merchant_01_minihead_normal.png
941,template_merchant_01,Portraits/941_template_merchant_01_bustup_normal.png,Portraits/941_template_merchant_01_minihead_normal.png
942,template_merchant_01,Portraits/942_template_merchant_01_bustup_normal.png,Portraits/942_template_merchant_01_minihead_normal.png
943,template_merchant_01,Portraits/943_template_merchant_01_bustup_normal.png,Portraits/943_template_merchant_01_minihead_normal.png
944,template_merchant_01,Portraits/944_template_merchant_01_bustup_normal.png,Portraits/944_template_merchant_01_minihead_normal.png
945,template_merchant_01,Portraits/945_template_merchant_01_bustup_normal.png,Portraits/945_template_merchant_01_minihead_normal.png
946,template_merchant_01,Portraits/946_template_merchant_01_bustup_normal.png,Portraits/946_template_merchant_01_minihead_normal.png
947,template_merchant_01,Portraits/947_template_merchant_01_bustup_normal.png,Portraits/947_template_merchant_01_minihead_normal.png
948,template_merchant_01,Portraits/948_template_merchant_01_bustup_normal.png,Portraits/948_template_merchant_01_minihead_normal.png
949,template_merchant_01,Portraits/949_template_merchant_01_bustup_normal.png,Portraits/949_template_merchant_01_minihead_normal.png
950,template_merchant_01,Portraits/950_template_merchant_01_bustup_normal.png,Portraits/950_template_merchant_01_minihead_normal.png
951,template_merchant_01,Portraits/951_template_merchant_01_bustup_normal.png,Portraits/951_template_merchant_01_minihead_normal.png
952,template_merchant_01,Portraits/952_template_merchant_01_bustup_normal.png,Portraits/952_template_merchant_01_minihead_normal.png
953,template_merchant_01,Portraits/953_template_merchant_01_bustup_normal.png,Portraits/953_template_merchant_01_minihead_normal.png
954,template_merchant_01,Portraits/954_template_merchant_01_bustup_normal.png,Portraits/954_template_merchant_01_minihead_normal.png
955,template_merchant_01,Portraits/955_template_merchant_01_bustup_normal.png,Portraits/955_template_merchant_01_minihead_normal.png
956,template_merchant_01,Portraits/956_template_merchant_01_bustup_normal.png,Portraits/956_template_merchant_01_minihead_normal.png
957,template_merchant_01,Portraits/957_template_merchant_01_bustup_normal.png,Portraits/957_template_merchant_01_minihead_normal.png
958,template_merchant_01,Portraits/958_template_merchant_01_bustup_normal.png,Portraits/958_template_merchant_01_minihead_normal.png
959,template_merchant_01,Portraits/959_template_merchant_01_bustup_normal.png,Portraits/959_template_merchant_01_minihead_normal.png
960,template_merchant_01,Portraits/960_template_merchant_01_bustup_normal.png,Portraits/960_template_merchant_01_minihead_normal.png
961,template_merchant_01,Portraits/961_template_merchant_01_bustup_normal.png,Portraits/961_template_merchant_01_minihead_normal.png
962,template_merchant_01,Portraits/962_template_merchant_01_bustup_normal.png,Portraits/962_template_merchant_01_minihead_normal.png
963,template_merchant_01,Portraits/963_template_merchant_01_bustup_normal.png,Portraits/963_template_merchant_01_minihead_normal.png
964,template_merchant_01,Portraits/964_template_merchant_01_bustup_normal.png,Portraits/964_template_merchant_01_minihead_normal.png
965,template_merchant_01,Portraits/965_template_merchant_01_bustup_normal.png,Portraits/965_template_merchant_01_minihead_normal.png
966,template_merchant_01,Portraits/966_template_merchant_01_bustup_normal.png,Portraits/966_template_merchant_01_minihead_normal.png
967,template_merchant_01,Portraits/967_template_merchant_01_bustup_normal.png,Portraits/967_template_merchant_01_minihead_normal.png
968,template_merchant_01,Portraits/968_template_merchant_01_bustup_normal.png,Portraits/968_template_merchant_01_minihead_normal.png
969,template_merchant_01,Portraits/969_template_merchant_01_bustup_normal.png,Portraits/969_template_merchant_01_minihead_normal.png
970,template_merchant_01,Portraits/970_template_merchant_01_bustup_normal.png,Portraits/970_template_merchant_01_minihead_normal.png
971,template_merchant_01,Portraits/971_template_merchant_01_bustup_normal.png,Portraits/971_template_merchant_01_minihead_normal.png
972,template_merchant_01,Portraits/972_template_merchant_01_bustup_normal.png,Portraits/972_template_merchant_01_minihead_normal.png
973,template_merchant_01,Portraits/973_template_merchant_01_bustup_normal.png,Portraits/973_template_merchant_01_minihead_normal.png
974,template_merchant_01,Portraits/974_template_merchant_01_bustup_normal.png,Portraits/974_template_merchant_01_minihead_normal.png
975,template_kaizoku_01,Portraits/975_template_kaizoku_01_bustup_normal.png,Portraits/975_template_kaizoku_01_minihead_normal.png
976,template_kaizoku_01,Portraits/976_template_kaizoku_01_bustup_normal.png,Portraits/976_template_kaizoku_01_minihead_normal.png
977,template_kaizoku_01,Portraits/977_template_kaizoku_01_bustup_normal.png,Portraits/977_template_kaizoku_01_minihead_normal.png
978,template_kaizoku_01,Portraits/978_template_kaizoku_01_bustup_normal.png,Portraits/978_template_kaizoku_01_minihead_normal.png
979,template_kaizoku_01,Portraits/979_template_kaizoku_01_bustup_normal.png,Portraits/979_template_kaizoku_01_minihead_normal.png
980,template_kaizoku_01,Portraits/980_template_kaizoku_01_bustup_normal.png,Portraits/980_template_kaizoku_01_minihead_normal.png
981,template_kaizoku_01,Portraits/981_template_kaizoku_01_bustup_normal.png,Portraits/981_template_kaizoku_01_minihead_normal.png
982,template_kaizoku_01,Portraits/982_template_kaizoku_01_bustup_normal.png,Portraits/982_template_kaizoku_01_minihead_normal.png
983,template_kaizoku_01,Portraits/983_template_kaizoku_01_bustup_normal.png,Portraits/983_template_kaizoku_01_minihead_normal.png
984,template_kaizoku_01,Portraits/984_template_kaizoku_01_bustup_normal.png,Portraits/984_template_kaizoku_01_minihead_normal.png
985,template_kaizoku_01,Portraits/985_template_kaizoku_01_bustup_normal.png,Portraits/985_template_kaizoku_01_minihead_normal.png
986,template_kaizoku_01,Portraits/986_template_kaizoku_01_bustup_normal.png,Portraits/986_template_kaizoku_01_minihead_normal.png
987,template_kaizoku_01,Portraits/987_template_kaizoku_01_bustup_normal.png,Portraits/987_template_kaizoku_01_minihead_normal.png
988,template_kaizoku_01,Portraits/988_template_kaizoku_01_bustup_normal.png,Portraits/988_template_kaizoku_01_minihead_normal.png
989,template_kaizoku_01,Portraits/989_template_kaizoku_01_bustup_normal.png,Portraits/989_template_kaizoku_01_minihead_normal.png
990,template_kaizoku_01,Portraits/990_template_kaizoku_01_bustup_normal.png,Portraits/990_template_kaizoku_01_minihead_normal.png
991,template_kaizoku_01,Portraits/991_template_kaizoku_01_bustup_normal.png,Portraits/991_template_kaizoku_01_minihead_normal.png
992,template_kaizoku_01,Portraits/992_template_kaizoku_01_bustup_normal.png,Portraits/992_template_kaizoku_01_minihead_normal.png
993,template_kaizoku_01,Portraits/993_template_kaizoku_01_bustup_normal.png,Portraits/993_template_kaizoku_01_minihead_normal.png
994,template_kaizoku_01,Portraits/994_template_kaizoku_01_bustup_normal.png,Portraits/994_template_kaizoku_01_minihead_normal.png
995,template_kaizoku_01,Portraits/995_template_kaizoku_01_bustup_normal.png,Portraits/995_template_kaizoku_01_minihead_normal.png
996,template_kaizoku_01,Portraits/996_template_kaizoku_01_bustup_normal.png,Portraits/996_template_kaizoku_01_minihead_normal.png
997,template_kaizoku_01,Portraits/997_template_kaizoku_01_bustup_normal.png,Portraits/997_template_kaizoku_01_minihead_normal.png
998,template_kaizoku_01,Portraits/998_template_kaizoku_01_bustup_normal.png,Portraits/998_template_kaizoku_01_minihead_normal.png
999,template_kaizoku_01,Portraits/999_template_kaizoku_01_bustup_normal.png,Portraits/999_template_kaizoku_01_minihead_normal.png
1000,template_kaizoku_01,Portraits/1000_template_kaizoku_01_bustup_normal.png,Portraits/1000_template_kaizoku_01_minihead_normal.png
1001,template_kaizoku_01,Portraits/1001_template_kaizoku_01_bustup_normal.png,Portraits/1001_template_kaizoku_01_minihead_normal.png
1002,template_kaizoku_01,Portraits/1002_template_kaizoku_01_bustup_normal.png,Portraits/1002_template_kaizoku_01_minihead_normal.png
1003,template_kaizoku_01,Portraits/1003_template_kaizoku_01_bustup_normal.png,Portraits/1003_template_kaizoku_01_minihead_normal.png
1004,template_kaizoku_01,Portraits/1004_template_kaizoku_01_bustup_normal.png,Portraits/1004_template_kaizoku_01_minihead_normal.png
1005,template_kaizoku_01,Portraits/1005_template_kaizoku_01_bustup_normal.png,Portraits/1005_template_kaizoku_01_minihead_normal.png
1006,template_kaizoku_01,Portraits/1006_template_kaizoku_01_bustup_normal.png,Portraits/1006_template_kaizoku_01_minihead_normal.png
1007,template_kaizoku_01,Portraits/1007_template_kaizoku_01_bustup_normal.png,Portraits/1007_template_kaizoku_01_minihead_normal.png
1008,template_kaizoku_01,Portraits/1008_template_kaizoku_01_bustup_normal.png,Portraits/1008_template_kaizoku_01_minihead_normal.png
1009,template_kaizoku_01,Portraits/1009_template_kaizoku_01_bustup_normal.png,Portraits/1009_template_kaizoku_01_minihead_normal.png
1010,template_kaizoku_01,Portraits/1010_template_kaizoku_01_bustup_normal.png,Portraits/1010_template_kaizoku_01_minihead_normal.png
1011,template_kaizoku_01,Portraits/1011_template_kaizoku_01_bustup_normal.png,Portraits/1011_template_kaizoku_01_minihead_normal.png
1012,template_kaizoku_01,Portraits/1012_template_kaizoku_01_bustup_normal.png,Portraits/1012_template_kaizoku_01_minihead_normal.png
1013,template_kaizoku_01,Portraits/1013_template_kaizoku_01_bustup_normal.png,Portraits/1013_template_kaizoku_01_minihead_normal.png
1014,template_kaizoku_01,Portraits/1014_template_kaizoku_01_bustup_normal.png,Portraits/1014_template_kaizoku_01_minihead_normal.png
1015,template_kaizoku_01,Portraits/1015_template_kaizoku_01_bustup_normal.png,Portraits/1015_template_kaizoku_01_minihead_normal.png
1016,template_kaizoku_01,Portraits/1016_template_kaizoku_01_bustup_normal.png,Portraits/1016_template_kaizoku_01_minihead_normal.png
1017,template_kaizoku_female_01,Portraits/1017_template_kaizoku_female_01_bustup_normal.png,Portraits/1017_template_kaizoku_female_01_minihead_normal.png
1018,template_kaizoku_female_01,Portraits/1018_template_kaizoku_female_01_bustup_normal.png,Portraits/1018_template_kaizoku_female_01_minihead_normal.png
1019,template_kaizoku_01,Portraits/1019_template_kaizoku_01_bustup_normal.png,Portraits/1019_template_kaizoku_01_minihead_normal.png
1020,template_kaizoku_01,Portraits/1020_template_kaizoku_01_bustup_normal.png,Portraits/1020_template_kaizoku_01_minihead_normal.png
1021,template_kaizoku_01,Portraits/1021_template_kaizoku_01_bustup_normal.png,Portraits/1021_template_kaizoku_01_minihead_normal.png
1022,template_kaizoku_01,Portraits/1022_template_kaizoku_01_bustup_normal.png,Portraits/1022_template_kaizoku_01_minihead_normal.png
1023,template_kaizoku_01,Portraits/1023_template_kaizoku_01_bustup_normal.png,Portraits/1023_template_kaizoku_01_minihead_normal.png
1024,template_kaizoku_01,Portraits/1024_template_kaizoku_01_bustup_normal.png,Portraits/1024_template_kaizoku_01_minihead_normal.png
1025,template_kaizoku_01,Portraits/1025_template_kaizoku_01_bustup_normal.png,Portraits/1025_template_kaizoku_01_minihead_normal.png
1026,template_kaizoku_01,Portraits/1026_template_kaizoku_01_bustup_normal.png,Portraits/1026_template_kaizoku_01_minihead_normal.png
1027,template_kaizoku_01,Portraits/1027_template_kaizoku_01_bustup_normal.png,Portraits/1027_template_kaizoku_01_minihead_normal.png
1028,template_kaizoku_01,Portraits/1028_template_kaizoku_01_bustup_normal.png,Portraits/1028_template_kaizoku_01_minihead_normal.png
1029,template_kaizoku_01,Portraits/1029_template_kaizoku_01_bustup_normal.png,Portraits/1029_template_kaizoku_01_minihead_normal.png
1030,lord_tk5_1030,Portraits/1030_lord_tk5_1030_bustup_normal.png,Portraits/1030_lord_tk5_1030_minihead_normal.png
1031,lord_1_hasegawa_tohaku,Portraits/1031_lord_1_hasegawa_tohaku_bustup_normal.png,Portraits/1031_lord_1_hasegawa_tohaku_minihead_normal.png
1032,lord_1_kano_eitoku,Portraits/1032_lord_1_kano_eitoku_bustup_normal.png,Portraits/1032_lord_1_kano_eitoku_minihead_normal.png
1033,lord_1_honami_kouetsu,Portraits/1033_lord_1_honami_kouetsu_bustup_normal.png,Portraits/1033_lord_1_honami_kouetsu_minihead_normal.png
1034,lord_tk5_1034,Portraits/1034_lord_tk5_1034_bustup_normal.png,Portraits/1034_lord_tk5_1034_minihead_normal.png
1035,lord_tk5_1035,Portraits/1035_lord_tk5_1035_bustup_normal.png,Portraits/1035_lord_tk5_1035_minihead_normal.png
1036,lord_tk5_1036,Portraits/1036_lord_tk5_1036_bustup_normal.png,Portraits/1036_lord_tk5_1036_minihead_normal.png
1037,lord_1_takuan_souhou,Portraits/1037_lord_1_takuan_souhou_bustup_normal.png,Portraits/1037_lord_1_takuan_souhou_minihead_normal.png
1038,lord_1_furoois,Portraits/1038_lord_1_furoois_bustup_normal.png,Portraits/1038_lord_1_furoois_minihead_normal.png
1039,lord_1_arumeda,Portraits/1039_lord_1_arumeda_bustup_normal.png,Portraits/1039_lord_1_arumeda_minihead_normal.png
1040,lord_1_raphael,Portraits/1040_lord_1_raphael_bustup_normal.png,Portraits/1040_lord_1_raphael_minihead_normal.png
1041,lord_1_sato,Portraits/1041_lord_1_sato_bustup_normal.png,Portraits/1041_lord_1_sato_minihead_normal.png
1042,lord_1_kikutei_harusue,Portraits/1042_lord_1_kikutei_harusue_bustup_normal.png,Portraits/1042_lord_1_kikutei_harusue_minihead_normal.png
1043,template_kuge_01,Portraits/1043_template_kuge_01_bustup_normal.png,Portraits/1043_template_kuge_01_minihead_normal.png
1044,template_tennou_01,Portraits/1044_template_tennou_01_bustup_normal.png,Portraits/1044_template_tennou_01_minihead_normal.png
1045,lord_tk5_1045,Portraits/1045_lord_tk5_1045_bustup_normal.png,Portraits/1045_lord_tk5_1045_minihead_normal.png
1046,lord_1_yodogimi,Portraits/1046_lord_1_yodogimi_bustup_normal.png,Portraits/1046_lord_1_yodogimi_minihead_normal.png
1047,lord_1_kinoshita_1,Portraits/1047_lord_1_kinoshita_1_bustup_normal.png,Portraits/1047_lord_1_kinoshita_1_minihead_normal.png
1048,lord_1_anaka,Portraits/1048_lord_1_anaka_bustup_normal.png,Portraits/1048_lord_1_anaka_minihead_normal.png
1049,lord_1_azai_1,Portraits/1049_lord_1_azai_1_bustup_normal.png,Portraits/1049_lord_1_azai_1_minihead_normal.png
1050,lord_1_inawashiro_1,Portraits/1050_lord_1_inawashiro_1_bustup_normal.png,Portraits/1050_lord_1_inawashiro_1_minihead_normal.png
1051,lord_1_kiku_hime,Portraits/1051_lord_1_kiku_hime_bustup_normal.png,Portraits/1051_lord_1_kiku_hime_minihead_normal.png
1052,lord_1_imagawa_fujin,Portraits/1052_lord_1_imagawa_fujin_bustup_normal.png,Portraits/1052_lord_1_imagawa_fujin_minihead_normal.png
1053,lord_1_oniniwa_3,Portraits/1053_lord_1_oniniwa_3_bustup_normal.png,Portraits/1053_lord_1_oniniwa_3_minihead_normal.png
1054,lord_tk5_1054,Portraits/1054_lord_tk5_1054_bustup_normal.png,Portraits/1054_lord_tk5_1054_minihead_normal.png
1055,lord_tk5_1055,Portraits/1055_lord_tk5_1055_bustup_normal.png,Portraits/1055_lord_tk5_1055_minihead_normal.png
1056,lord_1_shichinohe_3,Portraits/1056_lord_1_shichinohe_3_bustup_normal.png,Portraits/1056_lord_1_shichinohe_3_minihead_normal.png
1057,lord_1_bekki_2,Portraits/1057_lord_1_bekki_2_bustup_normal.png,Portraits/1057_lord_1_bekki_2_minihead_normal.png
1058,lord_tk5_1058,Portraits/1058_lord_tk5_1058_bustup_normal.png,Portraits/1058_lord_tk5_1058_minihead_normal.png
1059,lord_tk5_1059,Portraits/1059_lord_tk5_1059_bustup_normal.png,Portraits/1059_lord_tk5_1059_minihead_normal.png
1060,lord_tk5_1060,Portraits/1060_lord_tk5_1060_bustup_normal.png,Portraits/1060_lord_tk5_1060_minihead_normal.png
1061,lord_1_namioka_1,Portraits/1061_lord_1_namioka_1_bustup_normal.png,Portraits/1061_lord_1_namioka_1_minihead_normal.png
1062,lord_1_kicho,Portraits/1062_lord_1_kicho_bustup_normal.png,Portraits/1062_lord_1_kicho_minihead_normal.png
1063,lord_1_sena_fuji,Portraits/1063_lord_1_sena_fuji_bustup_normal.png,Portraits/1063_lord_1_sena_fuji_minihead_normal.png
1064,lord_1_toku_hime,Portraits/1064_lord_1_toku_hime_bustup_normal.png,Portraits/1064_lord_1_toku_hime_minihead_normal.png
1065,lord_1_nikaho_6,Portraits/1065_lord_1_nikaho_6_bustup_normal.png,Portraits/1065_lord_1_nikaho_6_minihead_normal.png
1066,lord_1_yukawa_1,Portraits/1066_lord_1_yukawa_1_bustup_normal.png,Portraits/1066_lord_1_yukawa_1_minihead_normal.png
1067,lord_tk5_1067,Portraits/1067_lord_tk5_1067_bustup_normal.png,Portraits/1067_lord_tk5_1067_minihead_normal.png
1068,lord_tk5_1068,Portraits/1068_lord_tk5_1068_bustup_normal.png,Portraits/1068_lord_tk5_1068_minihead_normal.png
1069,lord_tk5_1069,Portraits/1069_lord_tk5_1069_bustup_normal.png,Portraits/1069_lord_tk5_1069_minihead_normal.png
1070,lord_tk5_1070,Portraits/1070_lord_tk5_1070_bustup_normal.png,Portraits/1070_lord_tk5_1070_minihead_normal.png
1071,lord_tk5_1071,Portraits/1071_lord_tk5_1071_bustup_normal.png,Portraits/1071_lord_tk5_1071_minihead_normal.png
1072,lord_tk5_1072,Portraits/1072_lord_tk5_1072_bustup_normal.png,Portraits/1072_lord_tk5_1072_minihead_normal.png
1073,lord_tk5_1073,Portraits/1073_lord_tk5_1073_bustup_normal.png,Portraits/1073_lord_tk5_1073_minihead_normal.png
1074,lord_tk5_1074,Portraits/1074_lord_tk5_1074_bustup_normal.png,Portraits/1074_lord_tk5_1074_minihead_normal.png
1075,lord_1_chun_tou,Portraits/1075_lord_1_chun_tou_bustup_normal.png,Portraits/1075_lord_1_chun_tou_minihead_normal.png
1076,lord_1_izumo_no,Portraits/1076_lord_1_izumo_no_bustup_normal.png,Portraits/1076_lord_1_izumo_no_minihead_normal.png
1077,lord_1_shizu,Portraits/1077_lord_1_shizu_bustup_normal.png,Portraits/1077_lord_1_shizu_minihead_normal.png
1078,lord_1_kinoshita_5,Portraits/1078_lord_1_kinoshita_5_bustup_normal.png,Portraits/1078_lord_1_kinoshita_5_minihead_normal.png
1079,lord_1_chosokabe_4,Portraits/1079_lord_1_chosokabe_4_bustup_normal.png,Portraits/1079_lord_1_chosokabe_4_minihead_normal.png
1080,lord_1_atsu,Portraits/1080_lord_1_atsu_bustup_normal.png,Portraits/1080_lord_1_atsu_minihead_normal.png
1081,lord_1_nikaho_5,Portraits/1081_lord_1_nikaho_5_bustup_normal.png,Portraits/1081_lord_1_nikaho_5_minihead_normal.png
1082,lord_1_ashi,Portraits/1082_lord_1_ashi_bustup_normal.png,Portraits/1082_lord_1_ashi_minihead_normal.png
1083,lord_1_miyo,Portraits/1083_lord_1_miyo_bustup_normal.png,Portraits/1083_lord_1_miyo_minihead_normal.png
1084,template_hakkoujin_01,Portraits/1084_template_hakkoujin_01_bustup_normal.png,Portraits/1084_template_hakkoujin_01_minihead_normal.png
1085,template_merchant_gyo_01,Portraits/1085_template_merchant_gyo_01_bustup_normal.png,Portraits/1085_template_merchant_gyo_01_minihead_normal.png
1086,lord_tk5_1086,Portraits/1086_lord_tk5_1086_bustup_normal.png,Portraits/1086_lord_tk5_1086_minihead_normal.png
1087,lord_1_kozai_souotsu,Portraits/1087_lord_1_kozai_souotsu_bustup_normal.png,Portraits/1087_lord_1_kozai_souotsu_minihead_normal.png
1088,lord_1_tenshitsu_kouiku,Portraits/1088_lord_1_tenshitsu_kouiku_bustup_normal.png,Portraits/1088_lord_1_tenshitsu_kouiku_minihead_normal.png
1089,lord_tk5_1089,Portraits/1089_lord_tk5_1089_bustup_normal.png,Portraits/1089_lord_tk5_1089_minihead_normal.png
1090,lord_1_rei,Portraits/1090_lord_1_rei_bustup_normal.png,Portraits/1090_lord_1_rei_minihead_normal.png
1091,lord_tk5_1091,Portraits/1091_lord_tk5_1091_bustup_normal.png,Portraits/1091_lord_tk5_1091_minihead_normal.png
1092,lord_tk5_1092,Portraits/1092_lord_tk5_1092_bustup_normal.png,Portraits/1092_lord_tk5_1092_minihead_normal.png
1093,lord_1_shiro,Portraits/1093_lord_1_shiro_bustup_normal.png,Portraits/1093_lord_1_shiro_minihead_normal.png
1094,lord_tk5_1094,Portraits/1094_lord_tk5_1094_bustup_normal.png,Portraits/1094_lord_tk5_1094_minihead_normal.png
1095,lord_tk5_1095,Portraits/1095_lord_tk5_1095_bustup_normal.png,Portraits/1095_lord_tk5_1095_minihead_normal.png
1096,lord_tk5_1096,Portraits/1096_lord_tk5_1096_bustup_normal.png,Portraits/1096_lord_tk5_1096_minihead_normal.png
1097,lord_1_minami-hime,Portraits/1097_lord_1_minami-hime_bustup_normal.png,Portraits/1097_lord_1_minami-hime_minihead_normal.png
1098,lord_tk5_1098,Portraits/1098_lord_tk5_1098_bustup_normal.png,Portraits/1098_lord_tk5_1098_minihead_normal.png
1099,lord_tk5_1099,Portraits/1099_lord_tk5_1099_bustup_normal.png,Portraits/1099_lord_tk5_1099_minihead_normal.png
1100,lord_tk5_1100,Portraits/1100_lord_tk5_1100_bustup_normal.png,Portraits/1100_lord_tk5_1100_minihead_normal.png
1101,lord_tk5_1101,Portraits/1101_lord_tk5_1101_bustup_normal.png,Portraits/1101_lord_tk5_1101_minihead_normal.png
1102,lord_tk5_1102,Portraits/1102_lord_tk5_1102_bustup_normal.png,Portraits/1102_lord_tk5_1102_minihead_normal.png
1103,lord_tk5_1103,Portraits/1103_lord_tk5_1103_bustup_normal.png,Portraits/1103_lord_tk5_1103_minihead_normal.png
1104,template_choumin_male_01,Portraits/1104_template_choumin_male_01_bustup_normal.png,Portraits/1104_template_choumin_male_01_minihead_normal.png
1105,template_hime_hime_01,Portraits/1105_template_hime_hime_01_bustup_normal.png,Portraits/1105_template_hime_hime_01_minihead_normal.png
1106,lord_tk5_1106,Portraits/1106_lord_tk5_1106_bustup_normal.png,Portraits/1106_lord_tk5_1106_minihead_normal.png
1107,template_monban_01,Portraits/1107_template_monban_01_bustup_normal.png,Portraits/1107_template_monban_01_minihead_normal.png
1108,template_komeya_tenpo_01,Portraits/1108_template_komeya_tenpo_01_bustup_normal.png,Portraits/1108_template_komeya_tenpo_01_minihead_normal.png
1109,template_umaya_tenpo_01,Portraits/1109_template_umaya_tenpo_01_bustup_normal.png,Portraits/1109_template_umaya_tenpo_01_minihead_normal.png
1110,template_sakaba_onna_01,Portraits/1110_template_sakaba_onna_01_bustup_normal.png,Portraits/1110_template_sakaba_onna_01_minihead_normal.png
1111,template_ryotei_onna_01,Portraits/1111_template_ryotei_onna_01_bustup_normal.png,Portraits/1111_template_ryotei_onna_01_minihead_normal.png
1112,template_noumin_female_01,Portraits/1112_template_noumin_female_01_bustup_normal.png,Portraits/1112_template_noumin_female_01_minihead_normal.png
1113,lord_1_anatsu,Portraits/1113_lord_1_anatsu_bustup_normal.png,Portraits/1113_lord_1_anatsu_minihead_normal.png
1114,template_choumin_male_01,Portraits/1114_template_choumin_male_01_bustup_normal.png,Portraits/1114_template_choumin_male_01_minihead_normal.png
1115,lord_1_jinbo_5,Portraits/1115_lord_1_jinbo_5_bustup_normal.png,Portraits/1115_lord_1_jinbo_5_minihead_normal.png
1116,template_merchant_01,Portraits/1116_template_merchant_01_bustup_normal.png,Portraits/1116_template_merchant_01_minihead_normal.png
1117,template_souryo_01,Portraits/1117_template_souryo_01_bustup_normal.png,Portraits/1117_template_souryo_01_minihead_normal.png
1118,template_swordshihan_01,Portraits/1118_template_swordshihan_01_bustup_normal.png,Portraits/1118_template_swordshihan_01_minihead_normal.png
1119,template_kuge_01,Portraits/1119_template_kuge_01_bustup_normal.png,Portraits/1119_template_kuge_01_minihead_normal.png
1120,template_ninja_male_01,Portraits/1120_template_ninja_male_01_bustup_normal.png,Portraits/1120_template_ninja_male_01_minihead_normal.png
1121,template_shougun_01,Portraits/1121_template_shougun_01_bustup_normal.png,Portraits/1121_template_shougun_01_minihead_normal.png
1122,template_tabibito_01,Portraits/1122_template_tabibito_01_bustup_normal.png,Portraits/1122_template_tabibito_01_minihead_normal.png
1123,template_yoi_otoko_01,Portraits/1123_template_yoi_otoko_01_bustup_normal.png,Portraits/1123_template_yoi_otoko_01_minihead_normal.png
1124,template_yoi_onna_01,Portraits/1124_template_yoi_onna_01_bustup_normal.png,Portraits/1124_template_yoi_onna_01_minihead_normal.png
1125,lord_1_aya,Portraits/1125_lord_1_aya_bustup_normal.png,Portraits/1125_lord_1_aya_minihead_normal.png
1126,template_kunoichi_01,Portraits/1126_template_kunoichi_01_bustup_normal.png,Portraits/1126_template_kunoichi_01_minihead_normal.png
1127,template_kodomo_01,Portraits/1127_template_kodomo_01_bustup_normal.png,Portraits/1127_template_kodomo_01_minihead_normal.png
1128,template_koshou_01,Portraits/1128_template_koshou_01_bustup_normal.png,Portraits/1128_template_koshou_01_minihead_normal.png
1129,template_hogo_01,Portraits/1129_template_hogo_01_bustup_normal.png,Portraits/1129_template_hogo_01_minihead_normal.png
1130,template_yotto_01,Portraits/1130_template_yotto_01_bustup_normal.png,Portraits/1130_template_yotto_01_minihead_normal.png
1131,template_za_shihai_01,Portraits/1131_template_za_shihai_01_bustup_normal.png,Portraits/1131_template_za_shihai_01_minihead_normal.png
1132,template_merchant_choseon_01,Portraits/1132_template_merchant_choseon_01_bustup_normal.png,Portraits/1132_template_merchant_choseon_01_minihead_normal.png
1133,template_merchant_ming_01,Portraits/1133_template_merchant_ming_01_bustup_normal.png,Portraits/1133_template_merchant_ming_01_minihead_normal.png
1134,template_merchant_ryukyu_01,Portraits/1134_template_merchant_ryukyu_01_bustup_normal.png,Portraits/1134_template_merchant_ryukyu_01_minihead_normal.png
1135,template_merchant_01,Portraits/1135_template_merchant_01_bustup_normal.png,Portraits/1135_template_merchant_01_minihead_normal.png
1136,template_tenpo_01,Portraits/1136_template_tenpo_01_bustup_normal.png,Portraits/1136_template_tenpo_01_minihead_normal.png
1137,template_kajishi_01,Portraits/1137_template_kajishi_01_bustup_normal.png,Portraits/1137_template_kajishi_01_minihead_normal.png
1138,template_ishi_01,Portraits/1138_template_ishi_01_bustup_normal.png,Portraits/1138_template_ishi_01_minihead_normal.png
1139,template_shihandai_01,Portraits/1139_template_shihandai_01_bustup_normal.png,Portraits/1139_template_shihandai_01_minihead_normal.png
1140,template_kaizoku_01,Portraits/1140_template_kaizoku_01_bustup_normal.png,Portraits/1140_template_kaizoku_01_minihead_normal.png
1141,template_yari_shihan_01,Portraits/1141_template_yari_shihan_01_bustup_normal.png,Portraits/1141_template_yari_shihan_01_minihead_normal.png
1142,template_kodomo_f_01,Portraits/1142_template_kodomo_f_01_bustup_normal.png,Portraits/1142_template_kodomo_f_01_minihead_normal.png
1143,template_detchi_01,Portraits/1143_template_detchi_01_bustup_normal.png,Portraits/1143_template_detchi_01_minihead_normal.png
1144,template_shihandai_01,Portraits/1144_template_shihandai_01_bustup_normal.png,Portraits/1144_template_shihandai_01_minihead_normal.png
1145,template_yari_shihan_01,Portraits/1145_template_yari_shihan_01_bustup_normal.png,Portraits/1145_template_yari_shihan_01_minihead_normal.png
1146,lord_tk5_1146,Portraits/1146_lord_tk5_1146_bustup_normal.png,Portraits/1146_lord_tk5_1146_minihead_normal.png
1147,template_kashira_01,Portraits/1147_template_kashira_01_bustup_normal.png,Portraits/1147_template_kashira_01_minihead_normal.png
1148,template_kaizoku_tou_01,Portraits/1148_template_kaizoku_tou_01_bustup_normal.png,Portraits/1148_template_kaizoku_tou_01_minihead_normal.png
1149,template_shougun_01,Portraits/1149_template_shougun_01_bustup_normal.png,Portraits/1149_template_shougun_01_minihead_normal.png
1150,template_ninja_male_01,Portraits/1150_template_ninja_male_01_bustup_normal.png,Portraits/1150_template_ninja_male_01_minihead_normal.png
1151,template_kaizoku_01,Portraits/1151_template_kaizoku_01_bustup_normal.png,Portraits/1151_template_kaizoku_01_minihead_normal.png
1152,lord_1_akechi,Portraits/1152_lord_1_akechi_bustup_normal.png,Portraits/1152_lord_1_akechi_minihead_normal.png
1153,lord_1_ishida_mitsunari,Portraits/1153_lord_1_ishida_mitsunari_bustup_normal.png,Portraits/1153_lord_1_ishida_mitsunari_minihead_normal.png
1154,lord_1_oda,Portraits/1154_lord_1_oda_bustup_normal.png,Portraits/1154_lord_1_oda_minihead_normal.png
1155,lord_1_katoo_kiyomasa,Portraits/1155_lord_1_katoo_kiyomasa_bustup_normal.png,Portraits/1155_lord_1_katoo_kiyomasa_minihead_normal.png
1156,lord_1_gamou_2,Portraits/1156_lord_1_gamou_2_bustup_normal.png,Portraits/1156_lord_1_gamou_2_minihead_normal.png
1157,lord_1_kuki,Portraits/1157_lord_1_kuki_bustup_normal.png,Portraits/1157_lord_1_kuki_minihead_normal.png
1158,lord_1_kuroda_iekata,Portraits/1158_lord_1_kuroda_iekata_bustup_normal.png,Portraits/1158_lord_1_kuroda_iekata_minihead_normal.png
1159,lord_1_konishi_yukinaga,Portraits/1159_lord_1_konishi_yukinaga_bustup_normal.png,Portraits/1159_lord_1_konishi_yukinaga_minihead_normal.png
1160,lord_1_kobayakawa_takakage,Portraits/1160_lord_1_kobayakawa_takakage_bustup_normal.png,Portraits/1160_lord_1_kobayakawa_takakage_minihead_normal.png
1161,lord_1_sanada_6,Portraits/1161_lord_1_sanada_6_bustup_normal.png,Portraits/1161_lord_1_sanada_6_minihead_normal.png
1162,lord_1_sanada_9,Portraits/1162_lord_1_sanada_9_bustup_normal.png,Portraits/1162_lord_1_sanada_9_minihead_normal.png
1163,lord_1_shibata,Portraits/1163_lord_1_shibata_bustup_normal.png,Portraits/1163_lord_1_shibata_minihead_normal.png
1164,lord_1_shima_sakon,Portraits/1164_lord_1_shima_sakon_bustup_normal.png,Portraits/1164_lord_1_shima_sakon_minihead_normal.png
1165,lord_1_shimazu,Portraits/1165_lord_1_shimazu_bustup_normal.png,Portraits/1165_lord_1_shimazu_minihead_normal.png
1166,lord_1_shimazu_4,Portraits/1166_lord_1_shimazu_4_bustup_normal.png,Portraits/1166_lord_1_shimazu_4_minihead_normal.png
1167,lord_1_takenaka_hanbee,Portraits/1167_lord_1_takenaka_hanbee_bustup_normal.png,Portraits/1167_lord_1_takenaka_hanbee_minihead_normal.png
1168,lord_1_date_6,Portraits/1168_lord_1_date_6_bustup_normal.png,Portraits/1168_lord_1_date_6_minihead_normal.png
1169,lord_1_todo_2,Portraits/1169_lord_1_todo_2_bustup_normal.png,Portraits/1169_lord_1_todo_2_minihead_normal.png
1170,lord_1_kinoshita_4,Portraits/1170_lord_1_kinoshita_4_bustup_normal.png,Portraits/1170_lord_1_kinoshita_4_minihead_normal.png
1171,lord_1_kinoshita_4,Portraits/1171_lord_1_kinoshita_4_bustup_normal.png,Portraits/1171_lord_1_kinoshita_4_minihead_normal.png
1172,lord_1_kinoshita,Portraits/1172_lord_1_kinoshita_bustup_normal.png,Portraits/1172_lord_1_kinoshita_minihead_normal.png
1173,lord_1_kinoshita,Portraits/1173_lord_1_kinoshita_bustup_normal.png,Portraits/1173_lord_1_kinoshita_minihead_normal.png
1174,lord_1_kinoshita,Portraits/1174_lord_1_kinoshita_bustup_normal.png,Portraits/1174_lord_1_kinoshita_minihead_normal.png
1175,lord_1_naoe_kanetsugu,Portraits/1175_lord_1_naoe_kanetsugu_bustup_normal.png,Portraits/1175_lord_1_naoe_kanetsugu_minihead_normal.png
1176,lord_1_ruzon_sukezaemon,Portraits/1176_lord_1_ruzon_sukezaemon_bustup_normal.png,Portraits/1176_lord_1_ruzon_sukezaemon_minihead_normal.png
1177,lord_1_hattori_hanzo,Portraits/1177_lord_1_hattori_hanzo_bustup_normal.png,Portraits/1177_lord_1_hattori_hanzo_minihead_normal.png
1178,lord_1_fukushima_masanori,Portraits/1178_lord_1_fukushima_masanori_bustup_normal.png,Portraits/1178_lord_1_fukushima_masanori_minihead_normal.png
1179,lord_1_honda,Portraits/1179_lord_1_honda_bustup_normal.png,Portraits/1179_lord_1_honda_minihead_normal.png
1180,lord_1_maeda_keiji,Portraits/1180_lord_1_maeda_keiji_bustup_normal.png,Portraits/1180_lord_1_maeda_keiji_minihead_normal.png
1181,lord_1_maeda,Portraits/1181_lord_1_maeda_bustup_normal.png,Portraits/1181_lord_1_maeda_minihead_normal.png
1182,lord_1_miyamotoo_musashi,Portraits/1182_lord_1_miyamotoo_musashi_bustup_normal.png,Portraits/1182_lord_1_miyamotoo_musashi_minihead_normal.png
1183,lord_1_murakami,Portraits/1183_lord_1_murakami_bustup_normal.png,Portraits/1183_lord_1_murakami_minihead_normal.png
1184,lord_1_mogami_2,Portraits/1184_lord_1_mogami_2_bustup_normal.png,Portraits/1184_lord_1_mogami_2_minihead_normal.png
1185,lord_1_yamanaka_shikanosuke,Portraits/1185_lord_1_yamanaka_shikanosuke_bustup_normal.png,Portraits/1185_lord_1_yamanaka_shikanosuke_minihead_normal.png
1186,lord_1_kinoshita_1,Portraits/1186_lord_1_kinoshita_1_bustup_normal.png,Portraits/1186_lord_1_kinoshita_1_minihead_normal.png
1187,lord_1_anaka,Portraits/1187_lord_1_anaka_bustup_normal.png,Portraits/1187_lord_1_anaka_minihead_normal.png
1188,lord_1_daihoji_4,Portraits/1188_lord_1_daihoji_4_bustup_normal.png,Portraits/1188_lord_1_daihoji_4_minihead_normal.png
1189,lord_1_oka_harufusa,Portraits/1189_lord_1_oka_harufusa_bustup_normal.png,Portraits/1189_lord_1_oka_harufusa_minihead_normal.png
1190,lord_1_mizuhara_chikayoshi,Portraits/1190_lord_1_mizuhara_chikayoshi_bustup_normal.png,Portraits/1190_lord_1_mizuhara_chikayoshi_minihead_normal.png
1191,lord_1_tsugaru_nobutomo,Portraits/1191_lord_1_tsugaru_nobutomo_bustup_normal.png,Portraits/1191_lord_1_tsugaru_nobutomo_minihead_normal.png
1192,lord_1_oyamada_shigenao,Portraits/1192_lord_1_oyamada_shigenao_bustup_normal.png,Portraits/1192_lord_1_oyamada_shigenao_minihead_normal.png
1193,lord_1_toshitoki_renjo,Portraits/1193_lord_1_toshitoki_renjo_bustup_normal.png,Portraits/1193_lord_1_toshitoki_renjo_minihead_normal.png
1194,lord_1_ii_naotaka,Portraits/1194_lord_1_ii_naotaka_bustup_normal.png,Portraits/1194_lord_1_ii_naotaka_minihead_normal.png
1195,lord_1_katakura_juu,Portraits/1195_lord_1_katakura_juu_bustup_normal.png,Portraits/1195_lord_1_katakura_juu_minihead_normal.png
1196,lord_1_narita_11,Portraits/1196_lord_1_narita_11_bustup_normal.png,Portraits/1196_lord_1_narita_11_minihead_normal.png
1197,lord_1_mogami_ie,Portraits/1197_lord_1_mogami_ie_bustup_normal.png,Portraits/1197_lord_1_mogami_ie_minihead_normal.png
1198,lord_1_ueda_shigeyasu,Portraits/1198_lord_1_ueda_shigeyasu_bustup_normal.png,Portraits/1198_lord_1_ueda_shigeyasu_minihead_normal.png
1199,lord_1_koyanagawa_muneasa,Portraits/1199_lord_1_koyanagawa_muneasa_bustup_normal.png,Portraits/1199_lord_1_koyanagawa_muneasa_minihead_normal.png
1200,lord_1_okuni_sanetomo,Portraits/1200_lord_1_okuni_sanetomo_bustup_normal.png,Portraits/1200_lord_1_okuni_sanetomo_minihead_normal.png
1201,lord_1_umezu_masakage,Portraits/1201_lord_1_umezu_masakage_bustup_normal.png,Portraits/1201_lord_1_umezu_masakage_minihead_normal.png
1202,lord_1_mibuchi_fuji,Portraits/1202_lord_1_mibuchi_fuji_bustup_normal.png,Portraits/1202_lord_1_mibuchi_fuji_minihead_normal.png
1203,lord_1_honda_masashige,Portraits/1203_lord_1_honda_masashige_bustup_normal.png,Portraits/1203_lord_1_honda_masashige_minihead_normal.png
1204,lord_1_kuriyama_zensuke,Portraits/1204_lord_1_kuriyama_zensuke_bustup_normal.png,Portraits/1204_lord_1_kuriyama_zensuke_minihead_normal.png
1205,lord_1_tsutsuii_tanimatsurigotogen,Portraits/1205_lord_1_tsutsuii_tanimatsurigotogen_bustup_normal.png,Portraits/1205_lord_1_tsutsuii_tanimatsurigotogen_minihead_normal.png
1206,lord_1_toki_tomoyori,Portraits/1206_lord_1_toki_tomoyori_bustup_normal.png,Portraits/1206_lord_1_toki_tomoyori_minihead_normal.png
1207,lord_1_mai_hyogo,Portraits/1207_lord_1_mai_hyogo_bustup_normal.png,Portraits/1207_lord_1_mai_hyogo_minihead_normal.png
1208,lord_1_yamagami_michiyuki,Portraits/1208_lord_1_yamagami_michiyuki_bustup_normal.png,Portraits/1208_lord_1_yamagami_michiyuki_minihead_normal.png
1209,lord_1_hachisuka_yoshishige,Portraits/1209_lord_1_hachisuka_yoshishige_bustup_normal.png,Portraits/1209_lord_1_hachisuka_yoshishige_minihead_normal.png
1210,lord_1_sanada_10,Portraits/1210_lord_1_sanada_10_bustup_normal.png,Portraits/1210_lord_1_sanada_10_minihead_normal.png
1211,lord_1_ito_mansho,Portraits/1211_lord_1_ito_mansho_bustup_normal.png,Portraits/1211_lord_1_ito_mansho_minihead_normal.png
1212,lord_1_miyabe_nagafusa,Portraits/1212_lord_1_miyabe_nagafusa_bustup_normal.png,Portraits/1212_lord_1_miyabe_nagafusa_minihead_normal.png
1213,lord_1_asahina_3,Portraits/1213_lord_1_asahina_3_bustup_normal.png,Portraits/1213_lord_1_asahina_3_minihead_normal.png
1214,lord_1_kanamori_arishige,Portraits/1214_lord_1_kanamori_arishige_bustup_normal.png,Portraits/1214_lord_1_kanamori_arishige_minihead_normal.png
1215,lord_1_shiba_yoshigane,Portraits/1215_lord_1_shiba_yoshigane_bustup_normal.png,Portraits/1215_lord_1_shiba_yoshigane_minihead_normal.png
1216,lord_1_mori_shuu,Portraits/1216_lord_1_mori_shuu_bustup_normal.png,Portraits/1216_lord_1_mori_shuu_minihead_normal.png
1217,lord_1_tsugawa_yoshifuyu,Portraits/1217_lord_1_tsugawa_yoshifuyu_bustup_normal.png,Portraits/1217_lord_1_tsugawa_yoshifuyu_minihead_normal.png
1218,lord_1_rusu_1,Portraits/1218_lord_1_rusu_1_bustup_normal.png,Portraits/1218_lord_1_rusu_1_minihead_normal.png
1219,lord_1_hara_nagayori,Portraits/1219_lord_1_hara_nagayori_bustup_normal.png,Portraits/1219_lord_1_hara_nagayori_minihead_normal.png
1220,lord_1_hiratsuka_tamihiro,Portraits/1220_lord_1_hiratsuka_tamihiro_bustup_normal.png,Portraits/1220_lord_1_hiratsuka_tamihiro_minihead_normal.png
1221,lord_1_tsumaki_hirotada,Portraits/1221_lord_1_tsumaki_hirotada_bustup_normal.png,Portraits/1221_lord_1_tsumaki_hirotada_minihead_normal.png
1222,lord_1_toyao_mitsunaga,Portraits/1222_lord_1_toyao_mitsunaga_bustup_normal.png,Portraits/1222_lord_1_toyao_mitsunaga_minihead_normal.png
1223,lord_1_nomura_naotaka,Portraits/1223_lord_1_nomura_naotaka_bustup_normal.png,Portraits/1223_lord_1_nomura_naotaka_minihead_normal.png
1224,lord_1_doi,Portraits/1224_lord_1_doi_bustup_normal.png,Portraits/1224_lord_1_doi_minihead_normal.png
1225,lord_1_shimazu_tadanao,Portraits/1225_lord_1_shimazu_tadanao_bustup_normal.png,Portraits/1225_lord_1_shimazu_tadanao_minihead_normal.png
1226,lord_1_ichiyanagi_naomatsu,Portraits/1226_lord_1_ichiyanagi_naomatsu_bustup_normal.png,Portraits/1226_lord_1_ichiyanagi_naomatsu_minihead_normal.png
1227,lord_1_miki_choku,Portraits/1227_lord_1_miki_choku_bustup_normal.png,Portraits/1227_lord_1_miki_choku_minihead_normal.png
1228,lord_1_sugiura_gennin,Portraits/1228_lord_1_sugiura_gennin_bustup_normal.png,Portraits/1228_lord_1_sugiura_gennin_minihead_normal.png
1229,lord_1_irobe_2,Portraits/1229_lord_1_irobe_2_bustup_normal.png,Portraits/1229_lord_1_irobe_2_minihead_normal.png
1230,lord_1_chujou_fujisuke,Portraits/1230_lord_1_chujou_fujisuke_bustup_normal.png,Portraits/1230_lord_1_chujou_fujisuke_minihead_normal.png
1231,lord_1_ryuzoji_4,Portraits/1231_lord_1_ryuzoji_4_bustup_normal.png,Portraits/1231_lord_1_ryuzoji_4_minihead_normal.png
1232,lord_1_amakasu_kagezane,Portraits/1232_lord_1_amakasu_kagezane_bustup_normal.png,Portraits/1232_lord_1_amakasu_kagezane_minihead_normal.png
1233,lord_1_yasuda_sakuhei,Portraits/1233_lord_1_yasuda_sakuhei_bustup_normal.png,Portraits/1233_lord_1_yasuda_sakuhei_minihead_normal.png
1234,lord_1_kawano_masashige,Portraits/1234_lord_1_kawano_masashige_bustup_normal.png,Portraits/1234_lord_1_kawano_masashige_minihead_normal.png
1235,lord_1_anekouji,Portraits/1235_lord_1_anekouji_bustup_normal.png,Portraits/1235_lord_1_anekouji_minihead_normal.png
1236,lord_1_takenaka_kyusaku,Portraits/1236_lord_1_takenaka_kyusaku_bustup_normal.png,Portraits/1236_lord_1_takenaka_kyusaku_minihead_normal.png
1237,lord_1_abee_sadayuki,Portraits/1237_lord_1_abee_sadayuki_bustup_normal.png,Portraits/1237_lord_1_abee_sadayuki_minihead_normal.png
1238,lord_1_morita_joun,Portraits/1238_lord_1_morita_joun_bustup_normal.png,Portraits/1238_lord_1_morita_joun_minihead_normal.png
1239,lord_1_kumagai_motonao,Portraits/1239_lord_1_kumagai_motonao_bustup_normal.png,Portraits/1239_lord_1_kumagai_motonao_minihead_normal.png
1240,lord_1_akechi_mitsuyasu,Portraits/1240_lord_1_akechi_mitsuyasu_bustup_normal.png,Portraits/1240_lord_1_akechi_mitsuyasu_minihead_normal.png
1241,lord_1_bessho_juu,Portraits/1241_lord_1_bessho_juu_bustup_normal.png,Portraits/1241_lord_1_bessho_juu_minihead_normal.png
1242,lord_1_ogawa_suketada,Portraits/1242_lord_1_ogawa_suketada_bustup_normal.png,Portraits/1242_lord_1_ogawa_suketada_minihead_normal.png
1243,lord_1_yoshihiro_2,Portraits/1243_lord_1_yoshihiro_2_bustup_normal.png,Portraits/1243_lord_1_yoshihiro_2_minihead_normal.png
1244,lord_1_tsukuda_junari,Portraits/1244_lord_1_tsukuda_junari_bustup_normal.png,Portraits/1244_lord_1_tsukuda_junari_minihead_normal.png
1245,lord_1_otsuki_yoshiharu,Portraits/1245_lord_1_otsuki_yoshiharu_bustup_normal.png,Portraits/1245_lord_1_otsuki_yoshiharu_minihead_normal.png
1246,lord_1_arima_toyouji,Portraits/1246_lord_1_arima_toyouji_bustup_normal.png,Portraits/1246_lord_1_arima_toyouji_minihead_normal.png
1247,lord_1_jindai_katsutaka,Portraits/1247_lord_1_jindai_katsutaka_bustup_normal.png,Portraits/1247_lord_1_jindai_katsutaka_minihead_normal.png
1248,lord_1_akaboshi_munie,Portraits/1248_lord_1_akaboshi_munie_bustup_normal.png,Portraits/1248_lord_1_akaboshi_munie_minihead_normal.png
1249,lord_1_ijuin_10,Portraits/1249_lord_1_ijuin_10_bustup_normal.png,Portraits/1249_lord_1_ijuin_10_minihead_normal.png
1250,lord_1_kabayama_hisataka,Portraits/1250_lord_1_kabayama_hisataka_bustup_normal.png,Portraits/1250_lord_1_kabayama_hisataka_minihead_normal.png
1251,lord_1_fujita_shinkichi,Portraits/1251_lord_1_fujita_shinkichi_bustup_normal.png,Portraits/1251_lord_1_fujita_shinkichi_minihead_normal.png
1252,lord_1_mamiya_yasutoshi,Portraits/1252_lord_1_mamiya_yasutoshi_bustup_normal.png,Portraits/1252_lord_1_mamiya_yasutoshi_minihead_normal.png
1253,lord_1_yufu_koreyuki,Portraits/1253_lord_1_yufu_koreyuki_bustup_normal.png,Portraits/1253_lord_1_yufu_koreyuki_minihead_normal.png
1254,lord_1_kashin_mitsutaka,Portraits/1254_lord_1_kashin_mitsutaka_bustup_normal.png,Portraits/1254_lord_1_kashin_mitsutaka_minihead_normal.png
1255,lord_1_amakusa_shirou,Portraits/1255_lord_1_amakusa_shirou_bustup_normal.png,Portraits/1255_lord_1_amakusa_shirou_minihead_normal.png
1256,lord_1_funakoshi_keinao,Portraits/1256_lord_1_funakoshi_keinao_bustup_normal.png,Portraits/1256_lord_1_funakoshi_keinao_minihead_normal.png
1257,lord_1_date_kojirou,Portraits/1257_lord_1_date_kojirou_bustup_normal.png,Portraits/1257_lord_1_date_kojirou_minihead_normal.png
1258,lord_1_kanemitsu_bueimon,Portraits/1258_lord_1_kanemitsu_bueimon_bustup_normal.png,Portraits/1258_lord_1_kanemitsu_bueimon_minihead_normal.png
1259,lord_1_tomono_sozen,Portraits/1259_lord_1_tomono_sozen_bustup_normal.png,Portraits/1259_lord_1_tomono_sozen_minihead_normal.png
1260,lord_1_satomii_mototada,Portraits/1260_lord_1_satomii_mototada_bustup_normal.png,Portraits/1260_lord_1_satomii_mototada_minihead_normal.png
1261,lord_1_uno_genjuro,Portraits/1261_lord_1_uno_genjuro_bustup_normal.png,Portraits/1261_lord_1_uno_genjuro_minihead_normal.png
1262,lord_1_tsuda_sohan,Portraits/1262_lord_1_tsuda_sohan_bustup_normal.png,Portraits/1262_lord_1_tsuda_sohan_minihead_normal.png
1263,lord_1_suetsugu_heizo,Portraits/1263_lord_1_suetsugu_heizo_bustup_normal.png,Portraits/1263_lord_1_suetsugu_heizo_minihead_normal.png
1264,lord_1_amakasu_kagemochi,Portraits/1264_lord_1_amakasu_kagemochi_bustup_normal.png,Portraits/1264_lord_1_amakasu_kagemochi_minihead_normal.png
1265,lord_1_yamazaki,Portraits/1265_lord_1_yamazaki_bustup_normal.png,Portraits/1265_lord_1_yamazaki_minihead_normal.png
1266,lord_1_karasawa_genba,Portraits/1266_lord_1_karasawa_genba_bustup_normal.png,Portraits/1266_lord_1_karasawa_genba_minihead_normal.png
1267,lord_1_uedaa_koji,Portraits/1267_lord_1_uedaa_koji_bustup_normal.png,Portraits/1267_lord_1_uedaa_koji_minihead_normal.png
1268,lord_1_obayashibo_shunkai,Portraits/1268_lord_1_obayashibo_shunkai_bustup_normal.png,Portraits/1268_lord_1_obayashibo_shunkai_minihead_normal.png
1269,lord_1_uchida_toma,Portraits/1269_lord_1_uchida_toma_bustup_normal.png,Portraits/1269_lord_1_uchida_toma_minihead_normal.png
1270,lord_1_oku_yahei,Portraits/1270_lord_1_oku_yahei_bustup_normal.png,Portraits/1270_lord_1_oku_yahei_minihead_normal.png
1271,lord_1_jinzenji_bungo,Portraits/1271_lord_1_jinzenji_bungo_bustup_normal.png,Portraits/1271_lord_1_jinzenji_bungo_minihead_normal.png
1272,lord_1_goto_shuuin,Portraits/1272_lord_1_goto_shuuin_bustup_normal.png,Portraits/1272_lord_1_goto_shuuin_minihead_normal.png
1273,lord_1_aisu_motokosai,Portraits/1273_lord_1_aisu_motokosai_bustup_normal.png,Portraits/1273_lord_1_aisu_motokosai_minihead_normal.png
1274,lord_1_kamiizumi_yasutaka,Portraits/1274_lord_1_kamiizumi_yasutaka_bustup_normal.png,Portraits/1274_lord_1_kamiizumi_yasutaka_minihead_normal.png
1275,lord_1_seto_hokyu,Portraits/1275_lord_1_seto_hokyu_bustup_normal.png,Portraits/1275_lord_1_seto_hokyu_minihead_normal.png
1276,lord_1_soga_rimigiemon,Portraits/1276_lord_1_soga_rimigiemon_bustup_normal.png,Portraits/1276_lord_1_soga_rimigiemon_minihead_normal.png
1277,lord_1_matsushita_tsunekiyo,Portraits/1277_lord_1_matsushita_tsunekiyo_bustup_normal.png,Portraits/1277_lord_1_matsushita_tsunekiyo_minihead_normal.png
1278,lord_1_manase_gensaku,Portraits/1278_lord_1_manase_gensaku_bustup_normal.png,Portraits/1278_lord_1_manase_gensaku_minihead_normal.png
1279,lord_1_saegusa_masatada,Portraits/1279_lord_1_saegusa_masatada_bustup_normal.png,Portraits/1279_lord_1_saegusa_masatada_minihead_normal.png
1280,lord_1_ishida_masazumi,Portraits/1280_lord_1_ishida_masazumi_bustup_normal.png,Portraits/1280_lord_1_ishida_masazumi_minihead_normal.png
1281,lord_1_ichiyanagi_naomori,Portraits/1281_lord_1_ichiyanagi_naomori_bustup_normal.png,Portraits/1281_lord_1_ichiyanagi_naomori_minihead_normal.png
1282,lord_1_komai_takushiro,Portraits/1282_lord_1_komai_takushiro_bustup_normal.png,Portraits/1282_lord_1_komai_takushiro_minihead_normal.png
1283,lord_1_kamada_masatoshi,Portraits/1283_lord_1_kamada_masatoshi_bustup_normal.png,Portraits/1283_lord_1_kamada_masatoshi_minihead_normal.png
1284,lord_1_shimizu_kageharu,Portraits/1284_lord_1_shimizu_kageharu_bustup_normal.png,Portraits/1284_lord_1_shimizu_kageharu_minihead_normal.png
1285,lord_1_chijiwa_migeiru,Portraits/1285_lord_1_chijiwa_migeiru_bustup_normal.png,Portraits/1285_lord_1_chijiwa_migeiru_minihead_normal.png
1286,lord_1_yasuke,Portraits/1286_lord_1_yasuke_bustup_normal.png,Portraits/1286_lord_1_yasuke_minihead_normal.png
1287,lord_1_miura_anjin,Portraits/1287_lord_1_miura_anjin_bustup_normal.png,Portraits/1287_lord_1_miura_anjin_minihead_normal.png
1288,lord_1_hairedin,Portraits/1288_lord_1_hairedin_bustup_normal.png,Portraits/1288_lord_1_hairedin_minihead_normal.png
1289,lord_tk5_1289,Portraits/1289_lord_tk5_1289_bustup_normal.png,Portraits/1289_lord_tk5_1289_minihead_normal.png
1290,lord_1_maria,Portraits/1290_lord_1_maria_bustup_normal.png,Portraits/1290_lord_1_maria_minihead_normal.png
1291,lord_tk5_1291,Portraits/1291_lord_tk5_1291_bustup_normal.png,Portraits/1291_lord_tk5_1291_minihead_normal.png
