ID,模板NPC,ScriptName,CNName,FirstName,TK5编号,SecondName,EnglishName,ClanID,CultureID,GenerateType,Gender,BirthYear,BeginYear,DieYear,DieReason,FatherName,GrandFatherName,KinsName,JobTendency,JobCompatibility,FriendCompatibility,Temper,Spirit,Ism,ActStyle,theImportanceOfFriendship,Ambition,DesireType,Desire,AlcoholDesire,Origin,WeaponDesire,CommandValue,ForceValue,GovernValue,WisdomValue,CharmValue,SoldierSkill,MountSkill,GunSkill,NavySkill,ArcherSkill,CombatSkill,MilitarySkill,NinjaSkill,BuildSkill,FarmSkill,MineSkill,ArthmeticSkill,EtiquetteSkill,DebateSkill,TeaSkill,MedicalSkill,WarCard,FightCard,TitleCard,IntimacyGet,CombineGet,EventGet,Appear_1549,Name_1549,Identity_1549,CareerStance_1549,Kingdom_1549,City_1549,School_1549,Appear_1554,Name_1554,Identity_1554,CareerStance_1554,Kingdom_1554,City_1554,School_1554,Appear_1560,Name_1560,Identity_1560,CareerStance_1560,Kingdom_1560,City_1560,School_1560,Appear_1568,Name_1568,Identity_1568,CareerStance_1568,Kingdom_1568,City_1568,School_1568,Appear_1575,Name_1575,Identity_1575,CareerStance_1575,Kingdom_1575,City_1575,School_1575,Appear_1582,Name_1582,Identity_1582,CareerStance_1582,Kingdom_1582,City_1582,School_1582,Appear_1584,Name_1584,Identity_1584,CareerStance_1584,Kingdom_1584,City_1584,School_1584,Appear_1598,Name_1598,Identity_1598,CareerStance_1598,Kingdom_1598,City_1598,School_1598,Appear_dream1560,Name_dream1560,Identity_dream1560,CareerStance_dream1560,Kingdom_dream1560,City_dream1560,School_dream1560,,外观描述_光荣,立绘阶段,模板
lord_1_aoyama_tadanari,,青山忠成,青山忠成,青山,0,Aoyama Tadanari,clan_aoyama_1,kanto,基于分组自动创建家族,1,1551,1565,1613,病死,,,,只限武将,88,88,温和,胆小,现实,慎重,重视情义,35,书籍,无欲,普通,藤原氏,刀剑,45,40,55,53,38,1,0,1,0,1,0,2,0,1,3,1,2,2,0,0,1,无,强袭,无,无要求,,,未登场,青山忠成,足轻组头,直臣,松平家,冈崎城,无,未登场,青山忠成,足轻组头,陪臣（松平元康）,今川家,冈崎城,无,未登场,青山忠成,浪人,其他,无,冈崎之町,无,已登场,青山忠成,足轻组头,直臣,德川家,冈崎城,无,已登场,青山忠成,足轻组头,直臣,德川家,滨松城,无,已登场,青山忠成,足轻组头,直臣,德川家,滨松城,无,已登场,青山忠成,足轻组头,直臣,德川家,滨松城,无,已登场,青山忠成,足轻大将,直臣,德川家,江户城,无,已登场,青山忠成,大名,首领,青山家,高松城,无,,,,"[{""stage"":"""",""tkid"":""0"",""ref"":""0_青山忠成_朝右.png"",""emotion"":0}]"
lord_1_akaike_nagatomo,,赤池長任,赤池长任,赤池,1,Akaike Nagatomo,clan_akaike_1,saikai,基于分组自动创建家族,1,1530,1554,1579,病死,,,,只限武将,60,60,性急,勇敢,普通,普通,重视情义,29,武具,普通,嗜酒如命,其他,刀剑,70,63,43,61,58,2,3,2,1,2,2,3,0,1,0,0,1,1,1,0,0,无,强袭，拔突，刚弓，铁壁,无,无要求,,,已登场,赤池长任,部将,直臣,相良家,人吉城,无,已登场,赤池长任,部将,直臣,相良家,人吉城,无,已登场,赤池长任,部将,直臣,相良家,人吉城,无,已登场,赤池长任,部将,直臣,相良家,人吉城,无,已登场,赤池长任,部将,直臣,相良家,人吉城,无,已死亡,赤池长任,无效,无效,无,无效,无,已死亡,赤池长任,无效,无效,无,无效,无,已死亡,赤池长任,无效,无效,无,无效,无,已登场,赤池长任,部将,直臣,赤穴家,中村城,无,,,,"[{""stage"":"""",""tkid"":""1"",""ref"":""1_赤池长任_朝右.png"",""emotion"":0}]"
lord_1_akai_naomasa,,赤井直正,赤井直正,赤井,2,Akai Naomasa,clan_akai_1,kinai,基于分组自动创建家族,1,1529,1560,1578,战死,,,,全职种,44,44,普通,勇敢,普通,普通,普通,57,武具,贪心,嗜酒如命,源氏,枪,72,62,43,56,55,3,2,2,0,1,2,2,1,1,1,1,1,1,0,0,0,无,强袭，拔突，铁壁,无,一般条件,,,已登场,赤井直正,侍大将,直臣,波多野家,八上城,无,已登场,赤井直正,侍大将,直臣,波多野家,八上城,无,已登场,赤井直正,侍大将,直臣,波多野家,八上城,无,已登场,赤井直正,侍大将,直臣,波多野家,八上城,无,已登场,赤井直正,侍大将,直臣,波多野家,八上城,无,已死亡,赤井直正,无效,无效,无,无效,无,已死亡,赤井直正,无效,无效,无,无效,无,已死亡,赤井直正,无效,无效,无,无效,无,已登场,赤井直正,家老,直臣,赤穴家,中村城,无,,,,"[{""stage"":"""",""tkid"":""2"",""ref"":""2_赤井直正_朝正.png"",""emotion"":0}]"
lord_1_anzai_matasuke,,安西又助,安西又助,安西,3,Anzai Matasuke,clan_anzai_1,neutral_culture,基于分组自动创建家族,1,1556,1570,1619,病死,,,,全职种,35,35,性急,普通,理想,轻率,普通,44,南蛮物,贪心,嗜酒如命,平氏,刀剑,56,53,21,39,47,2,0,1,3,2,1,0,1,2,0,0,0,0,1,0,1,进水,强袭，刚弓,无,无要求,,,未登场,安西又助,船大将,直臣,房总水军,冈本之砦,无,未登场,安西又助,船大将,直臣,房总水军,冈本之砦,无,未登场,安西又助,船大将,直臣,房总水军,冈本之砦,无,未登场,安西又助,船大将,直臣,房总水军,冈本之砦,无,已登场,安西又助,船头,直臣,房总水军,冈本之砦,无,已登场,安西又助,船头,直臣,房总水军,冈本之砦,无,已登场,安西又助,船头,直臣,房总水军,冈本之砦,无,已登场,安西又助,头领,首领,房总水军,冈本之砦,无,已登场,安西又助,侍大将,直臣,西园寺家,山形城,无,,,,"[{""stage"":"""",""tkid"":""3"",""ref"":""3_安西又助_朝右.png"",""emotion"":0}]"
lord_1_akao,,赤尾清綱,赤尾清纲,赤尾,4,Akao Kiyotsuna,clan_akao_1,kinai,精确匹配织丰,1,1514,1554,1573,战死,,,,只限武将,70,70,温和,勇敢,理想,普通,普通,21,书籍,普通,普通,藤原氏,刀剑,64,70,39,66,41,1,2,1,0,0,1,0,0,1,0,0,0,1,0,0,0,无,强袭,无,无要求,,,已登场,赤尾清纲,部将,直臣,浅井家,小谷城,无,已登场,赤尾清纲,家老,直臣,浅井家,小谷城,无,已登场,赤尾清纲,家老,直臣,浅井家,小谷城,无,已登场,赤尾清纲,家老,直臣,浅井家,小谷城,无,已死亡,赤尾清纲,无效,无效,无,无效,无,已死亡,赤尾清纲,无效,无效,无,无效,无,已死亡,赤尾清纲,无效,无效,无,无效,无,已死亡,赤尾清纲,无效,无效,无,无效,无,已登场,赤尾清纲,家老,直臣,赤穴家,中村城,无,,,,"[{""stage"":"""",""tkid"":""4"",""ref"":""4_赤尾清纲_朝正.png"",""emotion"":0}]"
lord_1_akashi_2,,明石全登,明石全登,明石,5,Akashi Teruzumi,clan_akashi_1,sanyo,精确匹配织丰,1,1566,1580,1615,战死,,,,全职种,19,19,性急,胆小,理想,轻率,普通,62,南蛮物,贪心,普通,源氏,刀剑,60,69,46,56,53,1,1,1,0,1,0,0,0,0,1,1,1,0,0,1,2,无,强袭,无,一般条件,,,未登场,明石全登,足轻组头,陪臣（宇喜多直家）,浦上家,天神山城,无,未登场,明石全登,足轻组头,陪臣（宇喜多直家）,浦上家,天神山城,无,未登场,明石全登,足轻组头,直臣,浦上家,天神山城,无,未登场,明石全登,足轻组头,陪臣（宇喜多直家）,浦上家,天神山城,无,未登场,明石全登,足轻组头,陪臣（宇喜多直家）,浦上家,冈山城,无,已登场,明石全登,足轻组头,直臣,宇喜多家,冈山城,无,已登场,明石全登,足轻组头,直臣,宇喜多家,冈山城,无,已登场,明石全登,侍大将,直臣,宇喜多家,冈山城,无,已登场,明石全登,浪人,其他,无,江户之町,无,,,,"[{""stage"":"""",""tkid"":""5"",""ref"":""5_明石全登_朝右.png"",""emotion"":0}]"
lord_1_akana_sanekiyo,,赤穴盛清,赤穴盛清,赤穴,6,Akana Sanekiyo,clan_akana_1,sanyo,基于分组自动创建家族,1,1529,1554,1595,病死,,,,全职种,20,36,温和,胆小,现实,慎重,不重情义,31,艺术品,普通,滴酒不沾,源氏,刀剑,39,45,60,53,36,0,0,0,0,1,0,0,0,1,0,0,0,1,0,0,0,无,强袭,无,无要求,,,已登场,赤穴盛清,侍大将,直臣,尼子家,月山富田城,无,已登场,赤穴盛清,侍大将,直臣,尼子家,月山富田城,无,已登场,赤穴盛清,侍大将,直臣,尼子家,月山富田城,无,已登场,赤穴盛清,侍大将,直臣,毛利家,吉田郡山城,无,已登场,赤穴盛清,侍大将,直臣,毛利家,吉田郡山城,无,已登场,赤穴盛清,侍大将,直臣,毛利家,吉田郡山城,无,已登场,赤穴盛清,侍大将,直臣,毛利家,吉田郡山城,无,已死亡,赤穴盛清,无效,无效,无,无效,无,已登场,赤穴盛清,大名,首领,赤穴家,中村城,无,,,,"[{""stage"":"""",""tkid"":""6"",""ref"":""6_赤穴盛清_朝右.png"",""emotion"":0}]"
lord_1_akamatsu_torashige,,赤松政秀,赤松政秀,赤松,7,Akamatsu Torashige,clan_akamatsu_1,kinai,家族和文化自动推断,1,1510,1554,1570,战死,,,斋村政广,全职种,59,59,普通,普通,理想,轻率,不重情义,61,书籍,贪心,普通,源氏,刀剑,48,58,44,55,46,1,1,0,0,0,0,1,0,0,1,1,0,0,0,0,1,无,强袭,无,无要求,,,已登场,赤松政秀,部将,直臣,赤松家,置盐城,无,已登场,赤松政秀,家老,直臣,赤松家,置盐城,无,已登场,赤松政秀,家老,直臣,赤松家,置盐城,无,已登场,赤松政秀,家老,直臣,赤松家,置盐城,无,已死亡,赤松政秀,无效,无效,无,无效,无,已死亡,赤松政秀,无效,无效,无,无效,无,已死亡,赤松政秀,无效,无效,无,无效,无,已死亡,赤松政秀,无效,无效,无,无效,无,已登场,赤松政秀,部将,直臣,赤穴家,中村城,无,,,,"[{""stage"":"""",""tkid"":""7"",""ref"":""7_赤松政秀_朝右.png"",""emotion"":0}]"
lord_1_akamatsu,,赤松義祐,赤松义祐,赤松,8,Akamatsu Yoshisuke,clan_akamatsu_1,kinai,精确匹配织丰,1,1537,1554,1576,病死,赤松晴政,,赤松晴政,只限武将,59,59,温和,胆小,普通,普通,普通,56,艺术品,贪心,普通,源氏,刀剑,39,45,51,46,39,1,0,0,0,1,0,0,0,0,1,0,0,0,0,0,1,无,强袭,无,一般条件,,,未登场,赤松义祐,家老,直臣,赤松家,置盐城,无,已登场,赤松义祐,家老,直臣,赤松家,置盐城,无,已登场,赤松义祐,大名,首领,赤松家,置盐城,无,已登场,赤松义祐,大名,首领,赤松家,置盐城,无,已登场,赤松义祐,大名,首领,赤松家,置盐城,无,已死亡,赤松义祐,无效,无效,无,无效,无,已死亡,赤松义祐,无效,无效,无,无效,无,已死亡,赤松义祐,无效,无效,无,无效,无,已登场,赤松义祐,家老,直臣,赤穴家,中村城,无,,,,"[{""stage"":"""",""tkid"":""8"",""ref"":""8_赤松义祐_朝正.png"",""emotion"":0}]"
lord_1_akiue_hisaya,,秋上久家,秋上久家,秋上,9,Akiue Hisaya,clan_akiue_1,sanyo,基于分组自动创建家族,1,1536,1554,1579,病死,,,,没那个意思,18,18,普通,普通,理想,轻率,重视情义,41,武具,无欲,普通,其他,枪,63,58,38,40,61,0,1,0,0,0,0,2,0,0,0,1,1,0,1,0,0,无,拔突,无,无要求,,,未登场,秋上久家,足轻大将,直臣,尼子家,月山富田城,无,已登场,秋上久家,足轻组头,直臣,尼子家,月山富田城,无,已登场,秋上久家,侍大将,直臣,尼子家,月山富田城,无,已登场,秋上久家,浪人,其他,无,津山之町,无,已登场,秋上久家,浪人,其他,无,津山之町,无,已死亡,秋上久家,无效,无效,无,无效,无,已死亡,秋上久家,无效,无效,无,无效,无,已死亡,秋上久家,无效,无效,无,无效,无,已登场,秋上久家,部将,直臣,上泉家,内城,无,,,,"[{""stage"":"""",""tkid"":""9"",""ref"":""9_秋上久家_朝右.png"",""emotion"":0}]"
lord_1_aki,,安藝國虎,安艺国虎,安艺,10,Aki Kunitora,clan_aki_1,nankai,精确匹配织丰,1,1530,1554,1569,战死,,,,全职种,40,40,性急,勇敢,理想,轻率,重视情义,67,南蛮物,贪心,嗜酒如命,其他,刀剑,66,60,39,35,34,1,2,1,0,1,1,2,1,1,0,1,0,0,0,0,0,无,强袭,无,无要求,,,已登场,安艺国虎,城主,直臣,一条家,安艺城,无,已登场,安艺国虎,城主,直臣,一条家,安艺城,无,已登场,安艺国虎,城主,直臣,一条家,安艺城,无,已登场,安艺国虎,城主,直臣,一条家,安艺城,无,已死亡,安艺国虎,无效,无效,无,无效,无,已死亡,安艺国虎,无效,无效,无,无效,无,已死亡,安艺国虎,无效,无效,无,无效,无,已死亡,安艺国虎,无效,无效,无,无效,无,已登场,安艺国虎,浪人,其他,无,府内之町,无,,,,"[{""stage"":"""",""tkid"":""10"",""ref"":""10_安艺国虎_朝右.png"",""emotion"":0}]"
lord_1_akita_sanesue,,秋田實季,秋田实季,秋田,11,Akita Sanesue,clan_akita_1,ou,基于分组自动创建家族,1,1576,1590,1659,战死,安东爱季,,安东爱季,全职种,21,21,普通,胆小,现实,慎重,普通,47,艺术品,普通,普通,其他,刀剑,58,46,55,62,59,0,1,1,0,0,0,1,0,0,1,2,1,2,2,3,0,无,强袭,无,一般条件,,,未登场,安东实季,部将,直臣,安东家,桧山城,无,未登场,安东实季,部将,陪臣（安东爱季）,安东家,桧山城,无,未登场,安东实季,部将,陪臣（安东爱季）,安东家,桧山城,无,未登场,安东实季,部将,陪臣（安东爱季）,安东家,桧山城,无,未登场,安东实季,部将,直臣,安东家,桧山城,无,未登场,安东实季,部将,直臣,安东家,桧山城,无,未登场,安东实季,部将,直臣,安东家,凑城,无,已登场,秋田实季,大名,首领,秋田家,桧山城,无,已登场,安东实季,足轻大将,直臣,东乡家,盛冈城,无,,,,"[{""stage"":"""",""tkid"":""11"",""ref"":""11_秋田实季_朝右.png"",""emotion"":0}]"
lord_1_akiyama_torashige,,秋山虎繁,秋山虎繁,秋山,12,Akiyama Torashige,clan_akiyama_1,tosan,基于分组自动创建家族,1,1531,1554,1575,战死,,,,只限武将,60,60,普通,普通,现实,普通,普通,33,武具,普通,嗜酒如命,源氏,刀剑,75,65,59,70,69,2,2,1,1,1,1,1,2,0,1,0,0,2,1,0,1,无,强袭，二连苦无,无,一般条件,,,已登场,秋山虎繁,足轻大将,直臣,武田家,踯躅崎馆,无,已登场,秋山虎繁,侍大将,直臣,武田家,踯躅崎馆,无,已登场,秋山虎繁,侍大将,直臣,武田家,踯躅崎馆,无,已登场,秋山虎繁,侍大将,直臣,武田家,踯躅崎馆,无,已登场,秋山虎繁,城主,直臣,武田家,岩村城,无,已死亡,秋山虎繁,无效,无效,无,无效,无,已死亡,秋山虎繁,无效,无效,无,无效,无,已死亡,秋山虎繁,无效,无效,无,无效,无,已登场,秋山虎繁,中忍,直臣,伊贺众,伊贺之里,无,,,,"[{""stage"":"""",""tkid"":""12"",""ref"":""12_秋山虎繁_朝右.png"",""emotion"":0}]"
lord_1_akechi_6,,明智秀滿,明智秀满,明智,13,Akechi Hidemitsu,clan_akechi_1,tosan,精确匹配织丰,1,1537,1554,1582,战死,,,,全职种,0,60,普通,勇敢,理想,慎重,重视情义,26,武具,无欲,普通,源氏,刀剑,64,57,42,51,73,2,1,2,1,2,1,2,1,2,0,1,2,2,2,2,2,无,强袭，刚弓,无,一般条件,,,未登场,明智秀满,足轻组头,陪臣（明智光秀）,斋藤家,稻叶山城,无,已登场,明智秀满,足轻组头,陪臣（明智光秀）,斋藤家,稻叶山城,无,已登场,明智秀满,足轻组头,陪臣（明智光秀）,朝仓家,一乘谷城,无,已登场,明智秀满,足轻组头,陪臣（明智光秀）,织田家,岐阜城,无,已登场,明智秀满,足轻大将,陪臣（明智光秀）,织田家,坂本城,无,已登场,明智秀满,足轻大将,陪臣（明智光秀）,织田家,丹波龟山城,无,已死亡,明智秀满,无效,无效,无,无效,无,已死亡,明智秀满,无效,无效,无,无效,无,已登场,明智秀满,浪人,其他,无,奈良之町,无,,,,"[{""stage"":"""",""tkid"":""13"",""ref"":""13_明智秀满_朝正.png"",""emotion"":0}]"
lord_1_akechi,,明智光秀,明智光秀,明智,14|1152,Akechi Mitsuhide,clan_akechi_1,tosan,精确匹配织丰,1,1528,1554,1582,战死,,明智光继,明智光安,只限武将,0,56,温和,胆小,理想,轻率,不重情义,94,南蛮物,普通,滴酒不沾,源氏,火绳枪,89,78,86,90,82,4,3,4,1,3,3,4,2,2,2,2,3,4,4,3,2,齐攻，枪炮乱射，激励,强袭，连续斩，拔突，二连苦无，急所击，二挺击，刚弓，石火，乱射，刚力，铁壁，丢钱，克己,火枪名人，策士，雄辩,不可,,主角丰臣秀吉，山崎之战胜利,已登场,明智光秀,侍大将,直臣,斋藤家,稻叶山城,无,已登场,明智光秀,侍大将,直臣,斋藤家,稻叶山城,无,已登场,明智光秀,侍大将,直臣,朝仓家,一乘谷城,无,已登场,明智光秀,部将,直臣,织田家,岐阜城,无,已登场,明智光秀,城主,直臣,织田家,坂本城,无,已登场,明智光秀,国主,直臣,织田家,丹波龟山城,无,已死亡,明智光秀,无效,无效,无,无效,无,已死亡,明智光秀,无效,无效,无,无效,无,已登场,明智光秀,浪人,其他,无,奈良之町,无,,,"[{""stage"":""军"",""tkid"":""14"",""ref"":"""",""emotion"":1},{""stage"":""朝"",""tkid"":""1152"",""ref"":"""",""emotion"":1}]","[{""stage"":""军"",""tkid"":""14"",""ref"":""14_明智光秀_朝右.png"",""emotion"":1},{""stage"":""朝"",""tkid"":""1152"",""ref"":""1152_明智光秀_朝右.png"",""emotion"":1}]"
lord_1_azai_ujitsuna,,淺井井賴,浅井井赖,浅井,15,Azai Ujitsuna,clan_azai_1,kinai,家族和文化自动推断,1,1573,1587,1615,病死,浅井长政,浅井久政,浅井长政 浅井久政,全职种,49,49,普通,勇敢,理想,慎重,重视情义,55,武具,无欲,普通,源氏,刀剑,56,61,51,53,70,1,0,1,2,1,2,0,0,1,0,1,0,1,1,1,1,无,强袭，拔突，铁壁,无,无要求,,,未登场,浅井井赖,足轻组头,直臣,浅井家,小谷城,无,未登场,浅井井赖,足轻组头,陪臣（浅井长政）,浅井家,小谷城,无,未登场,浅井井赖,足轻组头,直臣,浅井家,小谷城,无,未登场,浅井井赖,足轻组头,直臣,浅井家,小谷城,无,未登场,浅井井赖,浪人,其他,无,长滨之町,无,未登场,浅井井赖,浪人,其他,无,长滨之町,无,未登场,浅井井赖,浪人,其他,无,长滨之町,无,已登场,浅井井赖,足轻组头,直臣,生驹家,高松城,无,已登场,浅井井赖,浪人,其他,无,龟山之町,无,,,,"[{""stage"":"""",""tkid"":""15"",""ref"":""15_浅井井赖_朝正.png"",""emotion"":0}]"
lord_1_azai,,淺井長政,浅井长政,浅井,16,Azai Nagamasa,clan_azai_1,kinai,精确匹配织丰,1,1545,1559,1573,战死,浅井久政,,浅井井赖 浅井久政,只限武将,72,72,性急,胆小,理想,轻率,不重情义,81,武具,贪心,普通,源氏,刀剑,87,75,65,49,80,2,2,1,1,1,1,1,0,1,1,1,1,1,0,1,0,无,强袭,无,一般条件,海赤雨三将 海北纲亲/赤尾清纲/雨森弥兵卫,,未登场,浅井长政,家老,直臣,浅井家,小谷城,无,未登场,浅井长政,部将,陪臣（浅井久政）,浅井家,小谷城,无,已登场,浅井长政,大名,首领,浅井家,小谷城,无,已登场,浅井长政,大名,首领,浅井家,小谷城,无,已死亡,浅井长政,无效,无效,无,无效,无,已死亡,浅井长政,无效,无效,无,无效,无,已死亡,浅井长政,无效,无效,无,无效,无,已死亡,浅井长政,无效,无效,无,无效,无,已登场,浅井长政,浪人,其他,无,长滨之町,无,,,,"[{""stage"":"""",""tkid"":""16"",""ref"":""16_浅井长政_朝右.png"",""emotion"":0}]"
lord_1_azai_2,,淺井久政,浅井久政,浅井,17,Azai Hisamasa,clan_azai_1,kinai,精确匹配织丰,1,1526,1554,1573,战死,,,浅井井赖 浅井长政,只限武将,55,55,温和,胆小,现实,慎重,普通,31,艺术品,贪心,滴酒不沾,源氏,刀剑,44,29,59,55,46,0,1,0,0,0,0,1,0,1,2,0,0,1,1,0,0,无,强袭,无,一般条件,,,已登场,浅井久政,大名,首领,浅井家,小谷城,无,已登场,浅井久政,大名,首领,浅井家,小谷城,无,已登场,浅井久政,家老,直臣,浅井家,小谷城,无,已登场,浅井久政,家老,直臣,浅井家,小谷城,无,已死亡,浅井久政,无效,无效,无,无效,无,已死亡,浅井久政,无效,无效,无,无效,无,已死亡,浅井久政,无效,无效,无,无效,无,已死亡,浅井久政,无效,无效,无,无效,无,已登场,浅井久政,浪人,其他,无,浦户之町,无,,,,"[{""stage"":"""",""tkid"":""17"",""ref"":""17_浅井久政_朝右.png"",""emotion"":0}]"
lord_1_asakura_2,,朝倉景鏡,朝仓景镜,朝仓,18,Asakura Kageakira,clan_asakura_1,hokuriku,精确匹配织丰,1,1535,1554,1574,战死,,朝仓贞景,朝仓义景,全职种,45,45,性急,普通,现实,慎重,不重情义,71,艺术品,普通,普通,其他,刀剑,59,46,45,72,44,1,1,1,1,0,1,2,1,0,0,0,0,1,1,1,1,无,强袭,无,无要求,,,已登场,朝仓景镜,侍大将,直臣,朝仓家,一乘谷城,无,已登场,朝仓景镜,侍大将,直臣,朝仓家,一乘谷城,无,已登场,朝仓景镜,侍大将,直臣,朝仓家,一乘谷城,无,已登场,朝仓景镜,侍大将,直臣,朝仓家,一乘谷城,无,已死亡,朝仓景镜,无效,无效,无,无效,无,已死亡,朝仓景镜,无效,无效,无,无效,无,已死亡,朝仓景镜,无效,无效,无,无效,无,已死亡,朝仓景镜,无效,无效,无,无效,无,已登场,朝仓景镜,浪人,其他,无,大凑之町,无,,,,"[{""stage"":"""",""tkid"":""18"",""ref"":""18_朝仓景镜_朝右.png"",""emotion"":0}]"
lord_1_asakura_morinari,,朝倉景健,朝仓景健,朝仓,19,Asakura Morinari,clan_asakura_1,hokuriku,家族和文化自动推断,1,1541,1555,1575,战死,,,,全职种,50,50,普通,胆小,现实,普通,普通,40,艺术品,无欲,普通,其他,刀剑,62,65,49,33,45,2,1,1,0,0,1,1,1,0,0,0,0,1,0,0,0,无,强袭,无,无要求,,,未登场,朝仓景健,部将,直臣,朝仓家,一乘谷城,无,未登场,朝仓景健,部将,直臣,朝仓家,一乘谷城,无,已登场,朝仓景健,部将,直臣,朝仓家,一乘谷城,无,已登场,朝仓景健,部将,直臣,朝仓家,一乘谷城,无,已死亡,朝仓景健,无效,无效,无,无效,无,已死亡,朝仓景健,无效,无效,无,无效,无,已死亡,朝仓景健,无效,无效,无,无效,无,已死亡,朝仓景健,无效,无效,无,无效,无,已登场,朝仓景健,浪人,其他,无,京之町,无,,,,"[{""stage"":"""",""tkid"":""19"",""ref"":""19_朝仓景健_朝右.png"",""emotion"":0}]"
lord_1_asakura_ryosei,,朝倉景恒,朝仓景恒,朝仓,20,Asakura Ryosei,clan_asakura_1,hokuriku,家族和文化自动推断,1,1527,1554,1571,病死,,朝仓宗滴,朝仓宗滴,只限武将,50,50,温和,普通,普通,普通,普通,21,书籍,无欲,嗜酒如命,其他,刀剑,59,60,34,41,36,0,1,1,1,1,1,1,0,1,1,1,0,0,0,0,0,无,强袭,无,无要求,,,已登场,朝仓景恒,家老,直臣,朝仓家,一乘谷城,无,已登场,朝仓景恒,家老,直臣,朝仓家,一乘谷城,无,已登场,朝仓景恒,家老,直臣,朝仓家,一乘谷城,无,已登场,朝仓景恒,家老,直臣,朝仓家,一乘谷城,无,已死亡,朝仓景恒,无效,无效,无,无效,无,已死亡,朝仓景恒,无效,无效,无,无效,无,已死亡,朝仓景恒,无效,无效,无,无效,无,已死亡,朝仓景恒,无效,无效,无,无效,无,已登场,朝仓景恒,浪人,其他,无,奈良之町,无,,,,"[{""stage"":"""",""tkid"":""20"",""ref"":""20_朝仓景恒_朝右.png"",""emotion"":0}]"
lord_1_asakura_tadamasa,,朝倉景連,朝仓景连,朝仓,21,Asakura Tadamasa,clan_asakura_1,hokuriku,家族和文化自动推断,1,1502,1554,1570,战死,,,,只限武将,50,50,温和,胆小,普通,慎重,普通,40,书籍,贪心,普通,其他,刀剑,56,58,52,66,53,1,0,0,0,0,0,1,0,2,2,1,1,1,1,1,1,无,强袭,无,无要求,,,已登场,朝仓景连,部将,直臣,朝仓家,一乘谷城,无,已登场,朝仓景连,部将,直臣,朝仓家,一乘谷城,无,已登场,朝仓景连,部将,直臣,朝仓家,一乘谷城,无,已登场,朝仓景连,部将,直臣,朝仓家,一乘谷城,无,已死亡,朝仓景连,无效,无效,无,无效,无,已死亡,朝仓景连,无效,无效,无,无效,无,已死亡,朝仓景连,无效,无效,无,无效,无,已死亡,朝仓景连,无效,无效,无,无效,无,已登场,朝仓景连,浪人,其他,无,鹿岛之町,无,,,,"[{""stage"":"""",""tkid"":""21"",""ref"":""21_朝仓景连_朝右.png"",""emotion"":0}]"
lord_1_asakura_kakubei,,朝倉宗滴,朝仓宗滴,朝仓,22,Asakura Kakubei,clan_asakura_1,hokuriku,家族和文化自动推断,1,1477,1554,1555,病死,,,朝仓景恒,只限武将,30,30,普通,普通,普通,轻率,重视情义,29,武具,无欲,普通,其他,枪,88,79,58,69,69,3,4,1,1,2,2,3,1,1,0,1,0,3,1,1,0,无,强袭，拔突，刚弓，铁壁,无,一般条件,,,已登场,朝仓宗滴,家老,直臣,朝仓家,一乘谷城,无,已登场,朝仓宗滴,家老,直臣,朝仓家,一乘谷城,无,已死亡,朝仓宗滴,无效,无效,无,无效,无,已死亡,朝仓宗滴,无效,无效,无,无效,无,已死亡,朝仓宗滴,无效,无效,无,无效,无,已死亡,朝仓宗滴,无效,无效,无,无效,无,已死亡,朝仓宗滴,无效,无效,无,无效,无,已死亡,朝仓宗滴,无效,无效,无,无效,无,已登场,朝仓宗滴,浪人,其他,无,安土之町,无,,,,"[{""stage"":"""",""tkid"":""22"",""ref"":""22_朝仓宗滴_朝右.png"",""emotion"":0}]"
lord_1_asakura,,朝倉義景,朝仓义景,朝仓,23,Asakura Yoshikage,clan_asakura_1,hokuriku,精确匹配织丰,1,1533,1554,1573,战死,,朝仓贞景,朝仓景镜,只限武将,50,50,普通,胆小,现实,慎重,不重情义,61,南蛮物,贪心,滴酒不沾,其他,刀剑,42,19,51,34,49,0,1,1,0,0,0,0,0,1,1,1,1,3,1,2,1,威风凛凛,强袭,无,一般条件,,,已登场,朝仓义景,大名,首领,朝仓家,一乘谷城,无,已登场,朝仓义景,大名,首领,朝仓家,一乘谷城,无,已登场,朝仓义景,大名,首领,朝仓家,一乘谷城,无,已登场,朝仓义景,大名,首领,朝仓家,一乘谷城,无,已死亡,朝仓义景,无效,无效,无,无效,无,已死亡,朝仓义景,无效,无效,无,无效,无,已死亡,朝仓义景,无效,无效,无,无效,无,已死亡,朝仓义景,无效,无效,无,无效,无,已登场,朝仓义景,浪人,其他,无,鹿儿岛之町,无,,,,"[{""stage"":"""",""tkid"":""23"",""ref"":""23_朝仓义景_朝右.png"",""emotion"":0}]"
lord_1_asano_nagashige,,淺野長晟,浅野长晟,浅野,24,Asano Nagashige,clan_asano_1,tokai,基于分组自动创建家族,1,1586,1599,1632,病死,浅野长政,,浅野长政 浅野幸长,全职种,5,5,普通,普通,普通,普通,普通,55,书籍,普通,普通,源氏,刀剑,54,69,51,49,53,1,2,1,1,1,2,1,0,1,2,1,1,1,1,1,2,无,强袭，拔突，铁壁,无,无要求,,,未登场,浅野长晟,足轻组头,陪臣（浅野长吉）,织田家,那古野城,无,未登场,浅野长晟,足轻组头,陪臣（浅野长吉）,织田家,清洲城,无,未登场,浅野长晟,足轻组头,陪臣（浅野长吉）,织田家,清洲城,无,未登场,浅野长晟,足轻组头,陪臣（浅野长吉）,织田家,岐阜城,无,未登场,浅野长晟,足轻组头,陪臣（浅野长政）,织田家,岐阜城,无,未登场,浅野长晟,足轻组头,陪臣（浅野长政）,织田家,姬路城,无,未登场,浅野长晟,足轻组头,陪臣（浅野长政）,羽柴家,坂本城,无,已登场,浅野长晟,家老,直臣,浅野家,甲府城,无,已登场,浅野长晟,浪人,其他,无,长滨之町,无,,,,"[{""stage"":"""",""tkid"":""24"",""ref"":""24_浅野长晟_朝右.png"",""emotion"":0}]"
lord_1_asano_nagamasa,,淺野長政,浅野长政,浅野,25,Asano Nagamasa,clan_asano_1,tokai,基于分组自动创建家族,1,1547,1561,1611,病死,,,浅野长晟 浅野幸长,全职种,8,8,温和,胆小,现实,慎重,普通,36,书籍,贪心,普通,源氏,刀剑,62,53,78,66,60,1,0,0,0,1,1,1,0,0,4,3,2,1,2,1,1,无,强袭,无,一般条件,,,未登场,浅野长吉,足轻组头,直臣,织田家,那古野城,无,未登场,浅野长吉,足轻组头,直臣,织田家,清洲城,无,已登场,浅野长吉,足轻组头,直臣,织田家,清洲城,无,已登场,浅野长吉,足轻组头,陪臣（木下藤吉郎）,织田家,岐阜城,无,已登场,浅野长政,足轻大将,陪臣（羽柴秀吉）,织田家,长滨城,无,已登场,浅野长政,足轻大将,陪臣（羽柴秀吉）,织田家,姬路城,无,已登场,浅野长政,城主,直臣,羽柴家,坂本城,无,已登场,浅野长政,家老,直臣,浅野家,甲府城,无,已登场,浅野长政,浪人,其他,无,长滨之町,无,,,,"[{""stage"":"""",""tkid"":""25"",""ref"":""25_浅野长政_朝右.png"",""emotion"":0}]"
lord_1_asano_yukinaga,,淺野幸長,浅野幸长,浅野,26,Asano Yukinaga,clan_asano_1,tokai,基于分组自动创建家族,1,1576,1590,1613,病死,浅野长政,,浅野长晟 浅野长政,全职种,5,5,普通,勇敢,普通,普通,普通,70,艺术品,普通,普通,源氏,刀剑,57,62,71,65,52,0,1,1,2,1,0,0,0,1,0,1,1,1,0,0,1,无,强袭,无,一般条件,,,未登场,浅野幸长,足轻组头,陪臣（浅野长吉）,织田家,那古野城,无,未登场,浅野幸长,足轻组头,陪臣（浅野长吉）,织田家,清洲城,无,未登场,浅野幸长,足轻组头,陪臣（浅野长吉）,织田家,清洲城,无,未登场,浅野幸长,足轻组头,陪臣（浅野长吉）,织田家,岐阜城,无,未登场,浅野幸长,足轻组头,陪臣（浅野长政）,织田家,岐阜城,无,未登场,浅野幸长,足轻组头,陪臣（浅野长政）,织田家,姬路城,无,未登场,浅野幸长,足轻组头,陪臣（浅野长政）,羽柴家,坂本城,无,已登场,浅野幸长,大名,首领,浅野家,甲府城,无,已登场,浅野幸长,浪人,其他,无,长滨之町,无,,,,"[{""stage"":"""",""tkid"":""26"",""ref"":""26_浅野幸长_朝右.png"",""emotion"":0}]"
lord_1_asahina,,朝比奈泰朝,朝比奈泰朝,朝比奈,27,Asahina Yasutomo,clan_asahina_1,tokai,精确匹配织丰,1,1538,1554,1569,病死,,,,只限武将,60,60,性急,胆小,普通,慎重,普通,25,艺术品,普通,嗜酒如命,藤原氏,刀剑,56,61,26,43,34,1,1,1,0,0,1,1,0,1,0,0,0,1,0,0,1,无,强袭,无,无要求,,,已登场,朝比奈泰朝,城主,直臣,今川家,高天神城,无,已登场,朝比奈泰朝,城主,直臣,今川家,高天神城,无,已登场,朝比奈泰朝,城主,直臣,今川家,高天神城,无,已登场,朝比奈泰朝,城主,直臣,今川家,高天神城,无,已死亡,朝比奈泰朝,无效,无效,无,无效,无,已死亡,朝比奈泰朝,无效,无效,无,无效,无,已死亡,朝比奈泰朝,无效,无效,无,无效,无,已死亡,朝比奈泰朝,无效,无效,无,无效,无,已登场,朝比奈泰朝,浪人,其他,无,府内之町,无,,,,"[{""stage"":"""",""tkid"":""27"",""ref"":""27_朝比奈泰朝_朝右.png"",""emotion"":0}]"
lord_1_asari,,淺利勝賴,浅利胜赖,浅利,28,Asari Katsuyori,clan_asari_1,ou,精确匹配织丰,1,1532,1554,1583,战死,,,,全职种,70,70,普通,勇敢,普通,慎重,普通,30,武具,普通,嗜酒如命,源氏,枪,51,52,40,29,42,0,0,1,0,1,1,0,0,1,0,0,0,0,0,0,0,无,拔突,无,无要求,,,已登场,浅利胜赖,家老,直臣,安东家,桧山城,无,已登场,浅利胜赖,家老,直臣,安东家,桧山城,无,已登场,浅利胜赖,家老,直臣,安东家,桧山城,无,已登场,浅利胜赖,家老,直臣,安东家,桧山城,无,已登场,浅利胜赖,家老,直臣,安东家,桧山城,无,已登场,浅利胜赖,家老,直臣,安东家,桧山城,无,已死亡,浅利胜赖,无效,无效,无,无效,无,已死亡,浅利胜赖,无效,无效,无,无效,无,已登场,浅利胜赖,浪人,其他,无,出石之町,无,,,,"[{""stage"":"""",""tkid"":""28"",""ref"":""28_浅利胜赖_朝右.png"",""emotion"":0}]"
lord_1_ashikaga,,足利義昭,足利义昭,足利,29,Ashikaga Yoshiaki,clan_ashikaga_1,kinai,精确匹配织丰,1,1537,1554,1597,病死,,,,没那个意思,50,50,性急,胆小,理想,慎重,不重情义,95,艺术品,贪心,普通,源氏,刀剑,14,6,9,69,99,0,0,1,0,0,0,1,0,0,0,0,2,4,3,3,1,威风凛凛,强袭,无,不可,,主角织田信长，放逐将军,未登场,足利义昭,侍大将,直臣,足利家,朽木谷城,无,未登场,足利义昭,浪人,其他,无,京之町,无,未登场,足利义昭,家老,直臣,足利家,二条城,无,已登场,足利义昭,大名,首领,足利家,二条城,无,已登场,足利义昭,浪人,其他,无,尾道之町,无,已登场,足利义昭,浪人,其他,无,尾道之町,无,已登场,足利义昭,浪人,其他,无,尾道之町,无,已死亡,足利义昭,无效,无效,无,无效,无,已登场,足利义昭,浪人,其他,无,浦户之町,无,,,,"[{""stage"":"""",""tkid"":""29"",""ref"":""29_足利义昭_朝右.png"",""emotion"":0}]"
lord_1_kogakubo,,足利義氏,足利义氏,足利,30,Koga-Kubo Yoshiuji,clan_kogakubo_1,kanto,精确匹配织丰,1,1541,1554,1583,病死,,,,没那个意思,80,80,温和,胆小,普通,普通,普通,29,艺术品,贪心,普通,源氏,枪,26,19,43,42,78,0,0,0,0,1,0,0,0,1,0,0,2,3,2,2,2,威风凛凛,拔突,无,一般条件,,,未登场,足利义氏,浪人,其他,无,小田原之町,无,已登场,足利义氏,浪人,其他,无,小田原之町,无,已登场,足利义氏,浪人,其他,无,小田原之町,无,已登场,足利义氏,浪人,其他,无,小田原之町,无,已登场,足利义氏,浪人,其他,无,小田原之町,无,已登场,足利义氏,浪人,其他,无,小田原之町,无,已死亡,足利义氏,无效,无效,无,无效,无,已死亡,足利义氏,无效,无效,无,无效,无,已登场,足利义氏,浪人,其他,无,鸣门之町,无,,,,"[{""stage"":"""",""tkid"":""30"",""ref"":""30_足利义氏_朝右.png"",""emotion"":0}]"
dead_lord_1_ashikaga_4,,足利義輝,足利义辉,足利,31,Ashikaga Yoshiteru,clan_ashikaga_1,kinai,精确匹配织丰,1,1536,1554,1565,战死,,,,没那个意思,18,18,普通,勇敢,理想,轻率,普通,67,武具,贪心,嗜酒如命,源氏,刀剑,61,92,65,39,100,2,1,2,0,4,4,2,1,1,1,1,1,4,2,3,1,弓箭乱射，威风凛凛,强袭，连续斩，八神太刀，一之太刀，拔突，刚弓，神妙剑，当身，刚力，金刚力，铁壁，气声，辱骂，大喝，炯眼，罗刹，鸣弦，克己,剑豪,一般条件,,,已登场,足利义藤,大名,首领,足利家,朽木谷城,新当流,已登场,足利义辉,大名,首领,足利家,朽木谷城,新当流,已登场,足利义辉,大名,首领,足利家,二条城,新当流,已死亡,足利义辉,无效,无效,无,无效,无,已死亡,足利义辉,无效,无效,无,无效,无,已死亡,足利义辉,无效,无效,无,无效,无,已死亡,足利义辉,无效,无效,无,无效,无,已死亡,足利义辉,无效,无效,无,无效,无,已登场,足利义辉,浪人,其他,无,宇须岸之町,新当流,,,,"[{""stage"":"""",""tkid"":""31"",""ref"":""31_足利义辉_朝右.png"",""emotion"":0}]"
lord_1_ashina_2,,蘆名盛氏,芦名盛氏,芦名,32,Ashina Moriuji,clan_ashina_1,ou,精确匹配织丰,1,1521,1554,1580,病死,,,芦名盛兴,只限武将,45,45,温和,普通,普通,轻率,普通,29,书籍,无欲,滴酒不沾,平氏,刀剑,72,68,80,81,85,2,2,1,0,2,2,0,0,0,0,0,1,1,1,0,1,无,强袭，拔突，刚弓，铁壁,无,一般条件,,,已登场,芦名盛氏,大名,首领,芦名家,黑川城,无,已登场,芦名盛氏,大名,首领,芦名家,黑川城,无,已登场,芦名盛氏,大名,首领,芦名家,黑川城,无,已登场,芦名盛氏,大名,首领,芦名家,黑川城,无,已登场,芦名盛氏,大名,首领,芦名家,黑川城,无,已死亡,芦名盛氏,无效,无效,无,无效,无,已死亡,芦名盛氏,无效,无效,无,无效,无,已死亡,芦名盛氏,无效,无效,无,无效,无,已登场,芦名盛氏,浪人,其他,无,小仓之町,无,,,,"[{""stage"":"""",""tkid"":""32"",""ref"":""32_芦名盛氏_朝右.png"",""emotion"":0}]"
lord_1_ashina,,蘆名盛興,芦名盛兴,芦名,33,Ashina Morioki,clan_ashina_1,ou,精确匹配织丰,1,1547,1560,1575,病死,芦名盛氏,,芦名盛氏,只限武将,46,46,温和,普通,现实,慎重,重视情义,18,艺术品,普通,普通,平氏,刀剑,59,32,61,44,51,1,1,0,0,1,0,1,0,1,1,1,0,0,1,0,1,无,强袭,无,无要求,,,未登场,芦名盛兴,家老,直臣,芦名家,黑川城,无,未登场,芦名盛兴,部将,陪臣（芦名盛氏）,芦名家,黑川城,无,已登场,芦名盛兴,家老,直臣,芦名家,黑川城,无,已登场,芦名盛兴,家老,直臣,芦名家,黑川城,无,已登场,芦名盛兴,家老,直臣,芦名家,黑川城,无,已死亡,芦名盛兴,无效,无效,无,无效,无,已死亡,芦名盛兴,无效,无效,无,无效,无,已死亡,芦名盛兴,无效,无效,无,无效,无,已登场,芦名盛兴,浪人,其他,无,姬路之町,无,,,,"[{""stage"":"""",""tkid"":""33"",""ref"":""33_芦名盛兴_朝右.png"",""emotion"":0}]"
lord_1_ashina_katsushige,,蘆名盛重,芦名盛重,芦名,34,Ashina Katsushige,clan_ashina_1,ou,家族和文化自动推断,1,1575,1590,1631,病死,佐竹义重,佐竹义昭,宇都宫国纲 佐竹义昭 佐竹义重 佐竹义宣,只限武将,20,20,普通,胆小,普通,轻率,普通,55,书籍,普通,普通,平氏,刀剑,31,25,31,38,19,0,0,1,0,0,0,0,0,0,0,0,1,2,1,0,0,无,强袭,无,无要求,,,未登场,佐竹义广,侍大将,直臣,佐竹家,太田城,无,未登场,佐竹义广,侍大将,陪臣（佐竹义重）,佐竹家,太田城,无,未登场,佐竹义广,家老,直臣,佐竹家,太田城,无,未登场,佐竹义广,侍大将,直臣,佐竹家,太田城,无,未登场,佐竹义广,侍大将,直臣,佐竹家,太田城,无,未登场,芦名盛重,侍大将,直臣,芦名家,黑川城,无,未登场,芦名盛重,侍大将,直臣,芦名家,黑川城,无,已登场,芦名盛重,城主,直臣,佐竹家,太田城,无,已登场,芦名盛重,浪人,其他,无,小诸之町,无,,,,"[{""stage"":"""",""tkid"":""34"",""ref"":""34_芦名盛重_朝右.png"",""emotion"":0}]"
lord_1_ashina_ekketsusai,,蘆名盛隆,芦名盛隆,芦名,35,Ashina Ekketsusai,clan_ashina_1,ou,家族和文化自动推断,1,1561,1575,1584,战死,二阶堂盛义,,二阶堂盛义,只限武将,16,16,普通,胆小,普通,轻率,普通,65,书籍,贪心,嗜酒如命,平氏,刀剑,27,51,42,58,41,0,0,1,0,0,0,0,0,1,0,0,0,0,1,1,0,无,强袭,无,无要求,,,未登场,芦名盛隆,家老,直臣,芦名家,黑川城,无,未登场,芦名盛隆,部将,陪臣（芦名盛氏）,芦名家,黑川城,无,未登场,芦名盛隆,家老,直臣,芦名家,黑川城,无,未登场,芦名盛隆,家老,直臣,芦名家,黑川城,无,已登场,芦名盛隆,家老,直臣,芦名家,黑川城,无,已登场,芦名盛隆,大名,首领,芦名家,黑川城,无,已登场,芦名盛隆,大名,首领,芦名家,黑川城,无,已死亡,芦名盛隆,无效,无效,无,无效,无,已登场,芦名盛隆,浪人,其他,无,甲府之町,无,,,,"[{""stage"":"""",""tkid"":""35"",""ref"":""35_芦名盛隆_朝右.png"",""emotion"":0}]"
lord_1_aso,,阿蘇惟將,阿苏惟将,阿苏,36,Aso Koremasa,clan_aso_1,saikai,精确匹配织丰,1,1551,1560,1583,病死,阿苏惟丰,,阿苏惟丰,只限武将,52,52,温和,胆小,理想,慎重,普通,34,书籍,贪心,普通,其他,刀剑,41,37,50,51,56,0,1,2,0,0,0,1,1,0,1,1,0,0,1,1,0,无,强袭,无,一般条件,,,未登场,阿苏惟将,家老,直臣,阿苏家,岩尾城,无,已登场,阿苏惟将,家老,直臣,阿苏家,岩尾城,无,已登场,阿苏惟将,大名,首领,阿苏家,岩尾城,无,已登场,阿苏惟将,大名,首领,阿苏家,岩尾城,无,已登场,阿苏惟将,大名,首领,阿苏家,岩尾城,无,已登场,阿苏惟将,大名,首领,阿苏家,岩尾城,无,已死亡,阿苏惟将,无效,无效,无,无效,无,已死亡,阿苏惟将,无效,无效,无,无效,无,已登场,阿苏惟将,浪人,其他,无,甲府之町,无,,,,"[{""stage"":"""",""tkid"":""36"",""ref"":""36_阿苏惟将_朝右.png"",""emotion"":0}]"
lord_1_atagi,,安宅信康,安宅信康,安宅,37,Atagi Nobuyasu,clan_atagi_1,kinai,精确匹配织丰,1,1549,1563,1578,病死,安宅冬康,,安宅冬康,全职种,49,3,普通,勇敢,普通,普通,不重情义,40,南蛮物,普通,嗜酒如命,其他,刀剑,55,67,43,37,51,2,1,2,4,1,0,1,0,1,0,1,1,1,0,2,0,水上拖延，蝴蝶之阵,强袭,无,一般条件,,,未登场,安宅信康,船头,直臣,淡路水军,洲本之砦,无,未登场,安宅信康,船大将,直臣,淡路水军,洲本之砦,无,已登场,安宅信康,船头,直臣,淡路水军,洲本之砦,无,已登场,安宅信康,头领,首领,淡路水军,洲本之砦,无,已登场,安宅信康,头领,首领,淡路水军,洲本之砦,无,已死亡,安宅信康,无效,无效,无,无效,无,已死亡,安宅信康,无效,无效,无,无效,无,已死亡,安宅信康,无效,无效,无,无效,无,已登场,安宅信康,浪人,其他,无,柳川之町,无,,,,"[{""stage"":"""",""tkid"":""37"",""ref"":""37_安宅信康_朝右.png"",""emotion"":0}]"
dead_lord_1_atagi_2,,安宅冬康,安宅冬康,安宅,38,Atagi Fuyuyasu,clan_atagi_1,kinai,精确匹配织丰,1,1528,1554,1564,战死,三好元长,三好长秀,安宅信康 十河一存 十河存保 三好笑岩 三好长治 三好长庆 三好义兴 三好实休 三好义继,全职种,49,24,温和,普通,普通,轻率,重视情义,22,武具,普通,普通,其他,刀剑,61,50,39,61,53,1,0,1,3,1,1,2,0,1,1,1,0,3,1,3,1,水上拖延,强袭,无,一般条件,,,已登场,安宅冬康,头领,首领,淡路水军,洲本之砦,无,已登场,安宅冬康,头领,首领,淡路水军,洲本之砦,无,已登场,安宅冬康,头领,首领,淡路水军,洲本之砦,无,已死亡,安宅冬康,无效,无效,无,无效,无,已死亡,安宅冬康,无效,无效,无,无效,无,已死亡,安宅冬康,无效,无效,无,无效,无,已死亡,安宅冬康,无效,无效,无,无效,无,已死亡,安宅冬康,无效,无效,无,无效,无,已登场,安宅冬康,浪人,其他,无,奈良之町,无,,,,"[{""stage"":"""",""tkid"":""38"",""ref"":""38_安宅冬康_朝右.png"",""emotion"":0}]"
lord_1_atobe_katsusuke,,跡部勝資,迹部胜资,迹部,39,Atobe Katsusuke,clan_atobe_1,tosan,基于分组自动创建家族,1,1547,1561,1582,病死,,,,只限武将,61,61,性急,普通,普通,轻率,普通,26,书籍,普通,普通,源氏,刀剑,48,23,42,33,36,1,1,1,0,0,1,1,0,0,1,0,0,1,0,0,1,无,强袭,无,无要求,,,未登场,迹部胜资,侍大将,直臣,武田家,踯躅崎馆,无,未登场,迹部胜资,侍大将,直臣,武田家,踯躅崎馆,无,已登场,迹部胜资,足轻大将,直臣,武田家,踯躅崎馆,无,已登场,迹部胜资,侍大将,直臣,武田家,踯躅崎馆,无,已登场,迹部胜资,侍大将,直臣,武田家,踯躅崎馆,无,已登场,迹部胜资,侍大将,直臣,武田家,甲府城,无,已死亡,迹部胜资,无效,无效,无,无效,无,已死亡,迹部胜资,无效,无效,无,无效,无,已登场,迹部胜资,浪人,其他,无,鸣门之町,无,,,,"[{""stage"":"""",""tkid"":""39"",""ref"":""39_迹部胜资_朝右.png"",""emotion"":0}]"
lord_1_anayama_shigehide,,穴山小助,穴山小助,穴山,40,Anayama Shigehide,clan_anayama_1,tosan,家族和文化自动推断,1,1584,1598,1615,战死,,,,全职种,49,49,普通,普通,理想,慎重,重视情义,17,武具,无欲,普通,源氏,枪,64,80,50,79,68,2,1,1,1,0,2,1,0,0,0,0,0,0,1,0,3,无,强袭，拔突，铁壁，伤药,无,一般条件,,,未登场,穴山小助,足轻组头,陪臣（穴山信君）,武田家,踯躅崎馆,无,未登场,穴山小助,足轻组头,陪臣（穴山信君）,武田家,踯躅崎馆,无,未登场,穴山小助,足轻组头,陪臣（穴山信君）,武田家,踯躅崎馆,无,未登场,穴山小助,足轻组头,陪臣（穴山信君）,武田家,踯躅崎馆,无,未登场,穴山小助,足轻组头,陪臣（穴山信君）,武田家,踯躅崎馆,无,未登场,穴山小助,足轻组头,陪臣（穴山梅雪）,武田家,骏府城,无,未登场,穴山小助,浪人,其他,无,甲府之町,无,已登场,穴山小助,浪人,其他,无,甲府之町,无,已登场,穴山小助,足轻组头,直臣,小笠原家,小仓城,无,,,,"[{""stage"":"""",""tkid"":""40"",""ref"":""40_穴山小助_朝右.png"",""emotion"":0}]"
lord_1_anayama_akisane,,穴山梅雪,穴山梅雪,穴山,41,Anayama Akisane,clan_anayama_1,tosan,家族和文化自动推断,1,1541,1555,1582,战死,,,,全职种,86,86,普通,胆小,现实,轻率,不重情义,45,艺术品,贪心,普通,源氏,刀剑,51,22,66,64,55,1,2,1,0,1,0,1,0,1,2,2,1,1,1,1,1,无,强袭,无,一般条件,,,未登场,穴山信君,部将,直臣,武田家,踯躅崎馆,无,未登场,穴山信君,部将,直臣,武田家,踯躅崎馆,无,已登场,穴山信君,部将,直臣,武田家,踯躅崎馆,无,已登场,穴山信君,部将,直臣,武田家,踯躅崎馆,无,已登场,穴山信君,部将,直臣,武田家,踯躅崎馆,无,已登场,穴山梅雪,城主,直臣,武田家,骏府城,无,已死亡,穴山梅雪,无效,无效,无,无效,无,已死亡,穴山梅雪,无效,无效,无,无效,无,已登场,穴山梅雪,当家,首领,浴池屋,甲府之町,无,,,,"[{""stage"":"""",""tkid"":""41"",""ref"":""41_穴山梅雪_朝右.png"",""emotion"":0}]"
lord_1_anekouji_2,,姊小路賴綱,姊小路赖纲,姊小路,42,Anekouji Yoritsuna,clan_anekouji_1,tosan,精确匹配织丰,1,1540,1554,1587,病死,姊小路良赖,三木直赖,三木直赖 姊小路良赖,全职种,20,20,普通,胆小,普通,轻率,普通,58,艺术品,贪心,普通,藤原氏,刀剑,61,50,53,70,60,1,1,0,0,0,0,1,0,0,0,0,0,0,1,0,2,无,强袭,无,一般条件,,,未登场,三木自纲,家老,直臣,三木家,松仓城,无,已登场,三木自纲,家老,直臣,三木家,松仓城,无,已登场,三木自纲,家老,直臣,三木家,松仓城,无,已登场,姊小路赖纲,家老,直臣,姊小路家,松仓城,无,已登场,姊小路赖纲,大名,首领,姊小路家,松仓城,无,已登场,姊小路赖纲,大名,首领,姊小路家,松仓城,无,已登场,姊小路赖纲,大名,首领,姊小路家,松仓城,无,已死亡,姊小路赖纲,无效,无效,无,无效,无,已登场,姊小路赖纲,足轻组头,直臣,小笠原家,小仓城,无,,,,"[{""stage"":"""",""tkid"":""42"",""ref"":""42_姊小路赖纲_朝右.png"",""emotion"":0}]"
lord_1_abe_masatsugu,,阿部正次,阿部正次,阿部,43,Abe Masatsugu,clan_abe_1,tokai,基于分组自动创建家族,1,1569,1583,1647,病死,,,,全职种,88,87,温和,普通,普通,普通,重视情义,14,书籍,无欲,普通,其他,刀剑,26,41,64,56,66,1,0,1,1,1,0,0,0,1,3,1,2,2,2,2,2,无,强袭,无,无要求,,,未登场,阿部正次,浪人,其他,无,冈崎之町,无,未登场,阿部正次,浪人,其他,无,冈崎之町,无,未登场,阿部正次,浪人,其他,无,冈崎之町,无,未登场,阿部正次,浪人,其他,无,冈崎之町,无,未登场,阿部正次,浪人,其他,无,冈崎之町,无,未登场,阿部正次,足轻组头,直臣,德川家,滨松城,无,已登场,阿部正次,足轻组头,直臣,德川家,滨松城,无,已登场,阿部正次,侍大将,直臣,德川家,江户城,无,已登场,阿部正次,浪人,其他,无,诹访之町,无,,,,"[{""stage"":"""",""tkid"":""43"",""ref"":""43_阿部正次_朝右.png"",""emotion"":0}]"
lord_1_amago,,尼子勝久,尼子胜久,尼子,44,Amago Katsuhisa,clan_amago_1,sanyo,精确匹配织丰,1,1553,1567,1578,战死,尼子诚久,尼子国久,尼子国久 尼子诚久,全职种,17,17,普通,普通,普通,轻率,普通,67,书籍,普通,普通,源氏,刀剑,55,53,59,28,42,2,1,1,1,1,2,0,0,0,0,0,0,3,0,1,1,无,强袭，拔突，铁壁,无,一般条件,,,未登场,尼子胜久,足轻组头,陪臣（尼子诚久）,尼子家,白鹿城,无,未登场,尼子胜久,浪人,其他,无,京之町,无,未登场,尼子胜久,足轻组头,直臣,尼子家,月山富田城,无,已登场,尼子胜久,浪人,其他,无,京之町,无,已登场,尼子胜久,浪人,其他,无,京之町,无,已死亡,尼子胜久,无效,无效,无,无效,无,已死亡,尼子胜久,无效,无效,无,无效,无,已死亡,尼子胜久,无效,无效,无,无效,无,已登场,尼子胜久,浪人,其他,无,鸟取之町,无,,,,"[{""stage"":"""",""tkid"":""44"",""ref"":""44_尼子胜久_朝右.png"",""emotion"":0}]"
lord_1_amago_haruhisa,,尼子晴久,尼子晴久,尼子,45,Amago Haruhisa,clan_amago_1,sanyo,家族和文化自动推断,1,1514,1554,1560,病死,,尼子经久,尼子义久 尼子国久 尼子诚久,只限武将,12,62,性急,勇敢,普通,轻率,重视情义,86,武具,贪心,普通,源氏,刀剑,69,58,54,71,35,2,2,1,1,2,0,2,0,1,0,1,0,1,1,0,0,无,强袭，刚弓,无,一般条件,,,已登场,尼子晴久,大名,首领,尼子家,月山富田城,无,已登场,尼子晴久,大名,首领,尼子家,月山富田城,无,已登场,尼子晴久,大名,首领,尼子家,月山富田城,无,已死亡,尼子晴久,无效,无效,无,无效,无,已死亡,尼子晴久,无效,无效,无,无效,无,已死亡,尼子晴久,无效,无效,无,无效,无,已死亡,尼子晴久,无效,无效,无,无效,无,已死亡,尼子晴久,无效,无效,无,无效,无,已登场,尼子晴久,浪人,其他,无,出石之町,无,,,,"[{""stage"":"""",""tkid"":""45"",""ref"":""45_尼子晴久_朝右.png"",""emotion"":0}]"
lord_1_amago_yoshihisa,,尼子義久,尼子义久,尼子,46,Amago Yoshihisa,clan_amago_1,sanyo,家族和文化自动推断,1,1540,1554,1610,病死,尼子晴久,,尼子晴久,没那个意思,12,62,普通,胆小,现实,普通,普通,32,艺术品,贪心,普通,源氏,刀剑,47,40,46,32,34,0,0,0,0,0,0,0,1,0,0,0,0,0,0,1,0,无,强袭,无,一般条件,,,已登场,尼子义久,家老,直臣,尼子家,月山富田城,无,已登场,尼子义久,家老,直臣,尼子家,月山富田城,无,已登场,尼子义久,家老,直臣,尼子家,月山富田城,无,已登场,尼子义久,浪人,其他,无,严岛之町,无,已登场,尼子义久,浪人,其他,无,严岛之町,无,已登场,尼子义久,浪人,其他,无,严岛之町,无,已登场,尼子义久,浪人,其他,无,严岛之町,无,已登场,尼子义久,浪人,其他,无,严岛之町,无,已登场,尼子义久,浪人,其他,无,岐阜之町,无,,,,"[{""stage"":"""",""tkid"":""46"",""ref"":""46_尼子义久_朝右.png"",""emotion"":0}]"
lord_1_amano,,天野隆重,天野隆重,天野,47,Amano Takashige,clan_amano_1,sanyo,精确匹配织丰,1,1503,1554,1584,病死,,,,全职种,35,35,温和,勇敢,普通,慎重,普通,41,武具,普通,嗜酒如命,藤原氏,刀剑,66,60,33,59,52,2,2,2,0,1,1,3,0,0,0,0,0,0,0,0,1,无,强袭,无,无要求,,,已登场,天野隆重,部将,直臣,大内家,山口城,无,已登场,天野隆重,部将,直臣,大内家,山口城,无,已登场,天野隆重,侍大将,直臣,毛利家,吉田郡山城,无,已登场,天野隆重,城主,直臣,毛利家,月山富田城,无,已登场,天野隆重,部将,陪臣（吉川元春）,毛利家,月山富田城,无,已登场,天野隆重,部将,陪臣（吉川元春）,毛利家,月山富田城,无,已登场,天野隆重,部将,陪臣（吉川元长）,毛利家,月山富田城,无,已死亡,天野隆重,无效,无效,无,无效,无,已登场,天野隆重,浪人,其他,无,江户之町,无,,,,"[{""stage"":"""",""tkid"":""47"",""ref"":""47_天野隆重_朝右.png"",""emotion"":0}]"
lord_1_amano_yasukage,,天野康景,天野康景,天野,48,Amano Yasukage,clan_amano_1,sanyo,家族和文化自动推断,1,1537,1554,1613,病死,,,,全职种,89,89,普通,普通,现实,慎重,重视情义,17,书籍,无欲,普通,藤原氏,刀剑,51,42,69,53,38,0,1,0,0,1,0,0,0,1,3,2,2,1,2,1,0,无,强袭,无,无要求,,,未登场,天野康景,足轻大将,直臣,松平家,冈崎城,无,已登场,天野康景,足轻组头,陪臣（松平元康）,今川家,骏府城,无,已登场,天野康景,足轻大将,陪臣（松平元康）,今川家,冈崎城,无,已登场,天野康景,足轻大将,直臣,德川家,冈崎城,无,已登场,天野康景,足轻大将,陪臣（德川信康）,德川家,冈崎城,无,已登场,天野康景,足轻大将,直臣,德川家,滨松城,无,已登场,天野康景,足轻大将,直臣,德川家,滨松城,无,已登场,天野康景,侍大将,直臣,德川家,江户城,无,已登场,天野康景,浪人,其他,无,骏府之町,无,,,,"[{""stage"":"""",""tkid"":""48"",""ref"":""48_天野康景_朝右.png"",""emotion"":0}]"
lord_1_amamori_yahei,,雨森彌兵衛,雨森弥兵卫,雨森,49,Amamori Yahei,clan_amamori_1,kinai,基于分组自动创建家族,1,1517,1554,1573,病死,,,,全职种,71,71,温和,勇敢,普通,普通,普通,30,武具,无欲,普通,藤原氏,刀剑,62,71,51,49,46,1,1,1,1,1,2,1,0,1,0,0,0,1,1,1,1,无,强袭，拔突，铁壁,无,无要求,,,已登场,雨森弥兵卫,部将,直臣,浅井家,小谷城,无,已登场,雨森弥兵卫,家老,直臣,浅井家,小谷城,无,已登场,雨森弥兵卫,家老,直臣,浅井家,小谷城,无,已登场,雨森弥兵卫,家老,直臣,浅井家,小谷城,无,已死亡,雨森弥兵卫,无效,无效,无,无效,无,已死亡,雨森弥兵卫,无效,无效,无,无效,无,已死亡,雨森弥兵卫,无效,无效,无,无效,无,已死亡,雨森弥兵卫,无效,无效,无,无效,无,已登场,雨森弥兵卫,浪人,其他,无,大坂之町,无,,,,"[{""stage"":"""",""tkid"":""49"",""ref"":""49_雨森弥兵卫_朝右.png"",""emotion"":0}]"
lord_1_ayukabe_muneshige,,鯰貝宗重,鲇贝宗重,鲇贝,50,Ayukabe Muneshige,clan_ayukabe_1,ou,基于分组自动创建家族,1,1555,1569,1624,病死,,,,只限武将,64,64,温和,普通,普通,慎重,重视情义,21,武具,无欲,普通,藤原氏,刀剑,73,79,51,43,55,2,1,1,0,0,1,1,0,1,1,1,0,1,0,0,0,无,强袭,无,无要求,,,未登场,鲇贝宗重,足轻组头,直臣,伊达家,米泽城,无,未登场,鲇贝宗重,足轻组头,直臣,伊达家,米泽城,无,未登场,鲇贝宗重,足轻组头,直臣,伊达家,米泽城,无,未登场,鲇贝宗重,足轻组头,直臣,伊达家,米泽城,无,已登场,鲇贝宗重,足轻组头,直臣,伊达家,米泽城,无,已登场,鲇贝宗重,足轻组头,直臣,伊达家,米泽城,无,已登场,鲇贝宗重,部将,直臣,伊达家,米泽城,无,已登场,鲇贝宗重,部将,直臣,伊达家,仙台城,无,已登场,鲇贝宗重,头领,首领,骏河水军,清水之砦,无,,,,"[{""stage"":"""",""tkid"":""50"",""ref"":""50_鲇贝宗重_朝右.png"",""emotion"":0}]"
lord_1_araki_ujitsuna,,荒木氏綱,荒木氏纲,荒木,51,Araki Ujitsuna,clan_araki_1,kinai,基于分组自动创建家族,1,1535,1554,1579,病死,,,,全职种,44,44,性急,勇敢,普通,轻率,重视情义,23,武具,无欲,普通,藤原氏,刀剑,68,76,24,30,53,1,2,2,0,2,2,0,2,0,0,0,0,1,0,0,0,无,强袭，拔突，二连苦无，刚弓，铁壁,无,无要求,,,已登场,荒木氏纲,侍大将,直臣,波多野家,八上城,无,已登场,荒木氏纲,侍大将,直臣,波多野家,八上城,无,已登场,荒木氏纲,侍大将,直臣,波多野家,八上城,无,已登场,荒木氏纲,侍大将,直臣,波多野家,八上城,无,已登场,荒木氏纲,侍大将,直臣,波多野家,八上城,无,已死亡,荒木氏纲,无效,无效,无,无效,无,已死亡,荒木氏纲,无效,无效,无,无效,无,已死亡,荒木氏纲,无效,无效,无,无效,无,已登场,荒木氏纲,浪人,其他,无,大坂之町,无,,,,"[{""stage"":"""",""tkid"":""51"",""ref"":""51_荒木氏纲_朝右.png"",""emotion"":0}]"
lord_1_araki_murashige,,荒木村重,荒木村重,荒木,52,Araki Murashige,clan_araki_1,kinai,基于分组自动创建家族,1,1535,1554,1586,病死,,,,全职种,8,41,普通,胆小,理想,轻率,不重情义,82,艺术品,贪心,滴酒不沾,藤原氏,刀剑,71,69,46,69,45,2,1,2,0,0,1,2,0,1,0,1,2,2,2,4,0,无,强袭,风雅之士,一般条件,,,已登场,荒木村重,侍大将,陪臣（三好长庆）,细川家,芥川城,无,已登场,荒木村重,城主,直臣,三好家,有冈城,无,已登场,荒木村重,城主,直臣,三好家,有冈城,无,已登场,荒木村重,城主,直臣,织田家,有冈城,无,已登场,荒木村重,城主,直臣,织田家,有冈城,无,已登场,荒木村重,浪人,其他,无,堺之町,无,已登场,荒木村重,浪人,其他,无,堺之町,无,已死亡,荒木村重,无效,无效,无,无效,无,已登场,荒木村重,浪人,其他,无,温泉津之町,无,,,,"[{""stage"":"""",""tkid"":""52"",""ref"":""52_荒木村重_朝右.png"",""emotion"":0}]"
lord_1_arima_6,,有馬晴信,有马晴信,有马,53,Arima Harunobu,clan_arima_1,saikai,精确匹配织丰,1,1567,1581,1612,病死,有马义贞,有马晴纯,大村纯忠 有马义贞 有马晴纯,全职种,10,15,性急,勇敢,理想,普通,不重情义,80,南蛮物,贪心,普通,藤原氏,刀剑,61,42,68,66,44,1,0,2,1,0,0,0,0,1,1,1,1,2,3,1,1,加护,强袭,无,一般条件,,,未登场,有马晴信,部将,陪臣（有马义贞）,有马家,日野江城,无,未登场,有马晴信,家老,直臣,龙造寺家,佐嘉城,无,未登场,有马晴信,家老,直臣,有马家,日野江城,无,未登场,有马晴信,部将,陪臣（有马义贞）,龙造寺家,日野江城,无,未登场,有马晴信,部将,陪臣（有马义贞）,龙造寺家,日野江城,无,已登场,有马晴信,城主,直臣,龙造寺家,日野江城,无,已登场,有马晴信,大名,首领,有马家,日野江城,无,已登场,有马晴信,大名,首领,有马家,日野江城,无,已登场,有马晴信,下忍,直臣,风魔众,风魔之里,无,,,,"[{""stage"":"""",""tkid"":""53"",""ref"":""53_有马晴信_朝右.png"",""emotion"":0}]"
lord_1_ankokuji_ekei,,安國寺惠瓊,安国寺惠琼,安国寺,54,Ankokuji Ekei,clan_ankokuji_1,nankai,基于分组自动创建家族,1,1539,1554,1600,战死,,,,全职种,25,15,温和,勇敢,现实,慎重,普通,65,书籍,普通,普通,源氏,枪,34,12,72,85,71,1,0,2,1,0,0,3,1,1,1,3,2,4,3,2,4,无,拔突，伤药，止血,说客,一般条件,,,已登场,安国寺惠琼,僧侣,其他,无,严岛之町,无,已登场,安国寺惠琼,僧侣,其他,无,严岛之町,无,已登场,安国寺惠琼,僧侣,其他,无,严岛之町,无,已登场,安国寺惠琼,僧侣,其他,无,严岛之町,无,已登场,安国寺惠琼,僧侣,其他,无,严岛之町,无,已登场,安国寺惠琼,僧侣,其他,无,严岛之町,无,已登场,安国寺惠琼,僧侣,其他,无,严岛之町,无,已登场,安国寺惠琼,大名,首领,安国寺家,川之江城,无,已登场,安国寺惠琼,浪人,其他,无,厩桥之町,无,,,,"[{""stage"":"""",""tkid"":""54"",""ref"":""54_安国寺惠琼_朝右.png"",""emotion"":0}]"
lord_1_ando_takatsune,,安東高季,安东高季,安东,55,Ando Takatsune,clan_ando_1,ou,家族和文化自动推断,1,1558,1572,1588,病死,,,,全职种,21,70,性急,勇敢,理想,轻率,不重情义,86,艺术品,贪心,嗜酒如命,其他,刀剑,58,59,52,64,36,1,1,0,0,1,1,0,0,1,0,0,1,1,1,1,1,无,强袭,无,无要求,,,未登场,安东高季,家老,直臣,安东家,桧山城,无,未登场,安东高季,部将,陪臣（安东爱季）,安东家,桧山城,无,未登场,安东高季,家老,直臣,安东家,桧山城,无,未登场,安东高季,家老,直臣,安东家,桧山城,无,已登场,安东高季,家老,直臣,安东家,桧山城,无,已登场,安东高季,家老,直臣,安东家,桧山城,无,已登场,安东高季,家老,直臣,安东家,凑城,无,已死亡,安东高季,无效,无效,无,无效,无,已登场,安东高季,足轻大将,直臣,东乡家,盛冈城,无,,,,"[{""stage"":"""",""tkid"":""55"",""ref"":""55_安东高季_朝右.png"",""emotion"":0}]"
lord_1_ando,,安東愛季,安东爱季,安东,56,Ando Chikasue,clan_ando_1,ou,精确匹配织丰,1,1539,1554,1587,病死,,,秋田实季,全职种,21,21,温和,普通,普通,慎重,普通,38,书籍,贪心,普通,其他,刀剑,75,61,79,72,78,1,1,1,0,1,1,1,0,1,1,0,2,1,1,1,0,无,强袭,无,无要求,,,已登场,安东爱季,大名,首领,安东家,桧山城,无,已登场,安东爱季,大名,首领,安东家,桧山城,无,已登场,安东爱季,大名,首领,安东家,桧山城,无,已登场,安东爱季,大名,首领,安东家,桧山城,无,已登场,安东爱季,大名,首领,安东家,桧山城,无,已登场,安东爱季,大名,首领,安东家,桧山城,无,已登场,安东爱季,大名,首领,安东家,凑城,无,已死亡,安东爱季,无效,无效,无,无效,无,已登场,安东爱季,足轻大将,直臣,东乡家,盛冈城,无,,,,"[{""stage"":"""",""tkid"":""56"",""ref"":""56_安东爱季_朝右.png"",""emotion"":0}]"
lord_1_andoo_naotsugu,,安藤直次,安藤直次,安藤,57,Andoo Naotsugu,clan_andoo_1,tosan,基于分组自动创建家族,1,1555,1569,1635,病死,,,,只限武将,90,90,温和,胆小,现实,慎重,重视情义,19,书籍,无欲,普通,其他,刀剑,50,43,71,53,54,2,1,0,0,0,0,0,0,1,3,1,1,1,2,1,1,无,强袭,无,无要求,,,未登场,安藤直次,浪人,其他,无,冈崎之町,无,未登场,安藤直次,足轻组头,陪臣（松平元康）,今川家,骏府城,无,未登场,安藤直次,足轻组头,陪臣（松平元康）,今川家,冈崎城,无,未登场,安藤直次,足轻组头,直臣,德川家,冈崎城,无,已登场,安藤直次,足轻组头,直臣,德川家,滨松城,无,已登场,安藤直次,足轻组头,直臣,德川家,滨松城,无,已登场,安藤直次,足轻组头,直臣,德川家,滨松城,无,已登场,安藤直次,足轻大将,直臣,德川家,江户城,无,已登场,安藤直次,浪人,其他,无,鸟取之町,无,,,,"[{""stage"":"""",""tkid"":""57"",""ref"":""57_安藤直次_朝右.png"",""emotion"":0}]"
lord_1_andoo_morinari,,安藤守就,安藤守就,安藤,58,Andoo Morinari,clan_andoo_1,tosan,基于分组自动创建家族,1,1516,1554,1582,战死,,,,全职种,40,15,普通,普通,普通,慎重,普通,56,武具,普通,普通,其他,刀剑,62,50,63,71,57,2,1,1,0,1,0,1,0,0,2,1,0,1,0,1,0,无,强袭,无,一般条件,,,已登场,安藤守就,城主,直臣,斋藤家,大垣城,无,已登场,安藤守就,城主,直臣,斋藤家,大垣城,无,已登场,安藤守就,城主,直臣,斋藤家,大垣城,无,已登场,安藤守就,城主,直臣,织田家,大垣城,无,已登场,安藤守就,城主,直臣,织田家,大垣城,无,已登场,安藤守就,浪人,其他,无,岐阜之町,无,已死亡,安藤守就,无效,无效,无,无效,无,已死亡,安藤守就,无效,无效,无,无效,无,已登场,安藤守就,浪人,其他,无,博多之町,无,,,,"[{""stage"":"""",""tkid"":""58"",""ref"":""58_安藤守就_朝右.png"",""emotion"":0}]"
lord_1_andoo_yoshinari,,安藤良整,安藤良整,安藤,59,Andoo Yoshinari,clan_andoo_1,tosan,基于分组自动创建家族,1,1520,1554,1589,病死,,,,全职种,90,90,温和,胆小,现实,慎重,普通,31,书籍,无欲,滴酒不沾,藤原氏,刀剑,41,28,76,54,64,0,1,0,0,1,0,1,0,2,3,3,2,2,2,0,2,无,强袭,无,无要求,,,已登场,安藤良整,侍大将,直臣,北条家,小田原城,无,已登场,安藤良整,侍大将,直臣,北条家,小田原城,无,已登场,安藤良整,侍大将,直臣,北条家,小田原城,无,已登场,安藤良整,侍大将,直臣,北条家,小田原城,无,已登场,安藤良整,侍大将,直臣,北条家,小田原城,无,已登场,安藤良整,侍大将,直臣,北条家,小田原城,无,已登场,安藤良整,侍大将,直臣,北条家,小田原城,无,已死亡,安藤良整,无效,无效,无,无效,无,已登场,安藤良整,浪人,其他,无,鸟取之町,无,,,,"[{""stage"":"""",""tkid"":""59"",""ref"":""59_安藤良整_朝右.png"",""emotion"":0}]"
lord_1_iio_tsuratatsu,,飯尾連龍,饭尾连龙,饭尾,60,Iio Tsuratatsu,clan_iio_1,tosan,基于分组自动创建家族,1,1526,1554,1565,战死,,,,全职种,48,48,普通,胆小,现实,普通,不重情义,66,南蛮物,贪心,普通,其他,刀剑,36,47,48,29,36,1,0,1,0,0,0,0,0,0,0,0,2,2,1,1,1,无,强袭,无,无要求,,,已登场,饭尾连龙,城主,直臣,今川家,曳马城,无,已登场,饭尾连龙,城主,直臣,今川家,曳马城,无,已登场,饭尾连龙,城主,直臣,今川家,曳马城,无,已死亡,饭尾连龙,无效,无效,无,无效,无,已死亡,饭尾连龙,无效,无效,无,无效,无,已死亡,饭尾连龙,无效,无效,无,无效,无,已死亡,饭尾连龙,无效,无效,无,无效,无,已死亡,饭尾连龙,无效,无效,无,无效,无,已登场,饭尾连龙,下忍,直臣,甲贺众,甲贺之里,无,,,,"[{""stage"":"""",""tkid"":""60"",""ref"":""60_饭尾连龙_朝右.png"",""emotion"":0}]"
lord_1_iida_kakubee,,飯田覺兵衛,饭田觉兵卫,饭田,61,Iida Kakubee,clan_iida_1,ou,基于分组自动创建家族,1,1572,1586,1632,病死,,,,全职种,15,15,性急,勇敢,普通,普通,普通,44,武具,普通,嗜酒如命,其他,刀剑,57,59,24,31,41,1,2,1,0,2,3,1,1,1,0,0,0,0,0,0,0,无,强袭，连续斩，拔突，刚弓，刚力，铁壁,无,无要求,,,未登场,饭田觉兵卫,浪人,其他,无,清洲之町,无,未登场,饭田觉兵卫,浪人,其他,无,清洲之町,无,未登场,饭田觉兵卫,浪人,其他,无,清洲之町,无,未登场,饭田觉兵卫,浪人,其他,无,清洲之町,无,未登场,饭田觉兵卫,浪人,其他,无,清洲之町,无,未登场,饭田觉兵卫,浪人,其他,无,清洲之町,无,未登场,饭田觉兵卫,足轻组头,陪臣（加藤清正）,羽柴家,石山本愿寺,无,已登场,饭田觉兵卫,部将,直臣,加藤家,熊本城,无,已登场,饭田觉兵卫,浪人,其他,无,仓敷之町,无,,,,"[{""stage"":"""",""tkid"":""61"",""ref"":""61_饭田觉兵卫_朝右.png"",""emotion"":0}]"
lord_1_ii_3,,井伊直政,井伊直政,井伊,62,Ii Naomasa,clan_ii_1,tokai,精确匹配织丰,1,1561,1575,1602,病死,,,井伊直孝,只限武将,86,86,普通,勇敢,理想,普通,重视情义,32,武具,无欲,嗜酒如命,源氏,枪,79,81,78,71,74,3,3,2,1,2,3,2,0,2,2,1,0,1,1,1,0,三河武者,强袭，连续斩，拔突，粘花，刚弓，卷枪，引落，柄返，刚力，铁壁,无,一般条件,,,未登场,井伊直政,足轻大将,陪臣（朝比奈泰朝）,今川家,高天神城,无,未登场,井伊直政,足轻大将,陪臣（松平元康）,今川家,骏府城,无,未登场,井伊直政,足轻组头,陪臣（松平元康）,今川家,冈崎城,无,未登场,井伊直政,足轻大将,直臣,德川家,冈崎城,无,已登场,井伊直政,足轻大将,直臣,德川家,滨松城,无,已登场,井伊直政,侍大将,直臣,德川家,滨松城,无,已登场,井伊直政,侍大将,直臣,德川家,滨松城,无,已登场,井伊直政,城主,直臣,德川家,箕轮城,无,已登场,井伊直政,浪人,其他,无,严岛之町,无,,,,"[{""stage"":"""",""tkid"":""62"",""ref"":""62_井伊直政_朝右.png"",""emotion"":0}]"
lord_1_igasaki_doshun,,伊賀崎道順,伊贺崎道顺,伊贺,63,Igasaki Doshun,clan_igasaki_1,neutral_culture,基于分组自动创建家族,1,1539,1554,1599,病死,,,,武将以外优先,80,80,温和,普通,普通,轻率,重视情义,48,艺术品,无欲,普通,其他,火绳枪,71,68,19,57,27,3,1,3,0,2,3,1,4,0,0,0,0,0,2,0,3,鬼谋，雾隐之术，刺杀，雷爆之术，伪情报,强袭，连续斩，拔突，二连苦无，半月，急所击，二挺击，刚弓，刚力，铁壁，分身之术，伤药,无,无要求,,,未登场,伊贺崎道顺,中忍,直臣,伊贺众,伊贺之里,无,已登场,伊贺崎道顺,上忍,直臣,伊贺众,伊贺之里,无,已登场,伊贺崎道顺,上忍,直臣,伊贺众,伊贺之里,无,已登场,伊贺崎道顺,上忍,直臣,伊贺众,伊贺之里,无,已登场,伊贺崎道顺,上忍,直臣,伊贺众,伊贺之里,无,已登场,伊贺崎道顺,上忍,直臣,伊贺众,伊贺之里,无,已登场,伊贺崎道顺,上忍,直臣,伊贺众,伊贺之里,无,已登场,伊贺崎道顺,头目,首领,伊贺众,伊贺之里,无,已登场,伊贺崎道顺,浪人,其他,无,滨松之町,无,,,,"[{""stage"":"""",""tkid"":""63"",""ref"":""63_伊贺崎道顺_朝右.png"",""emotion"":0}]"
lord_1_igi_tadatsugu,,伊木忠次,伊木忠次,伊木,64,Igi Tadatsugu,clan_igi_1,tosan,基于分组自动创建家族,1,1570,1584,1616,病死,,,,只限武将,10,10,普通,普通,现实,普通,普通,40,武具,普通,嗜酒如命,其他,刀剑,56,30,51,43,39,1,2,0,1,0,0,0,0,0,1,1,0,0,0,1,1,无,强袭,无,无要求,,,未登场,伊木忠次,浪人,其他,无,清洲之町,无,未登场,伊木忠次,足轻组头,陪臣（松平元康）,今川家,冈崎城,无,未登场,伊木忠次,浪人,其他,无,清洲之町,无,未登场,伊木忠次,浪人,其他,无,清洲之町,无,未登场,伊木忠次,浪人,其他,无,清洲之町,无,未登场,伊木忠次,浪人,其他,无,清洲之町,无,已登场,伊木忠次,足轻大将,陪臣（池田恒兴）,羽柴家,大垣城,无,已登场,伊木忠次,部将,直臣,池田家,吉田城,无,已登场,伊木忠次,浪人,其他,无,奈良之町,无,,,,"[{""stage"":"""",""tkid"":""64"",""ref"":""64_伊木忠次_朝右.png"",""emotion"":0}]"
lord_1_ikeda_nagai,,池田惣左衛門,池田惣左卫门,池田,65,Ikeda Nagai,clan_ikeda_1,kinai,家族和文化自动推断,1,1551,1565,1621,病死,,,,武将以外优先,50,99,温和,勇敢,现实,慎重,普通,65,艺术品,贪心,普通,其他,枪,34,26,58,64,73,0,0,1,1,0,0,1,0,1,1,2,4,2,3,2,2,无,拔突，丢钱，贿赂，大宴宾客,风雅之士,无要求,,,未登场,池田惣左卫门,浪人,其他,无,酒田之町,无,未登场,池田惣左卫门,浪人,其他,无,酒田之町,无,已登场,池田惣左卫门,当家,首领,镫屋,酒田之町,无,已登场,池田惣左卫门,当家,首领,镫屋,酒田之町,无,已登场,池田惣左卫门,当家,首领,镫屋,酒田之町,无,已登场,池田惣左卫门,当家,首领,镫屋,酒田之町,无,已登场,池田惣左卫门,当家,首领,镫屋,酒田之町,无,已登场,池田惣左卫门,当家,首领,镫屋,酒田之町,无,已登场,池田惣左卫门,头领,首领,五岛水军,江川之砦,无,,,,"[{""stage"":"""",""tkid"":""65"",""ref"":""65_池田惣左卫门_朝右.png"",""emotion"":0}]"
lord_1_ikeda,,池田恒興,池田恒兴,池田,66,Ikeda Tsuneoki,clan_ikeda_1,tosan,精确匹配织丰,1,1536,1560,1584,战死,,,池田辉政 池田元助,只限武将,0,0,温和,胆小,现实,轻率,重视情义,25,武具,无欲,普通,源氏,枪,61,57,51,52,49,1,1,1,0,1,1,0,1,1,1,1,1,1,1,2,0,无,拔突,无,一般条件,,,未登场,池田恒兴,足轻大将,直臣,织田家,那古野城,无,已登场,池田恒兴,足轻组头,直臣,织田家,清洲城,无,已登场,池田恒兴,部将,直臣,织田家,清洲城,无,已登场,池田恒兴,部将,直臣,织田家,岐阜城,无,已登场,池田恒兴,部将,直臣,织田家,岐阜城,无,已登场,池田恒兴,城主,直臣,织田家,伊丹城,无,已登场,池田恒兴,国主,直臣,羽柴家,大垣城,无,已死亡,池田恒兴,无效,无效,无,无效,无,已登场,池田恒兴,船头,直臣,五岛水军,江川之砦,无,,,,"[{""stage"":"""",""tkid"":""66"",""ref"":""66_池田恒兴_朝右.png"",""emotion"":0}]"
lord_1_ikeda_5,,池田輝政,池田辉政,池田,67,Ikeda Terumasa,clan_ikeda_1,tosan,精确匹配织丰,1,1564,1578,1613,病死,池田恒兴,,池田恒兴 池田元助,只限武将,98,98,性急,勇敢,普通,轻率,普通,66,南蛮物,贪心,嗜酒如命,源氏,枪,67,75,70,58,69,2,1,2,0,1,1,1,0,2,1,1,1,1,1,2,0,无,拔突,无,一般条件,,,未登场,池田辉政,足轻组头,陪臣（池田恒兴）,织田家,那古野城,无,未登场,池田辉政,足轻组头,陪臣（池田恒兴）,织田家,清洲城,无,未登场,池田辉政,足轻组头,陪臣（池田恒兴）,织田家,清洲城,无,未登场,池田辉政,足轻组头,陪臣（池田恒兴）,织田家,岐阜城,无,未登场,池田辉政,足轻组头,陪臣（池田恒兴）,织田家,岐阜城,无,已登场,池田辉政,足轻大将,陪臣（池田恒兴）,织田家,伊丹城,无,已登场,池田辉政,部将,陪臣（池田恒兴）,羽柴家,大垣城,无,已登场,池田辉政,大名,首领,池田家,吉田城,无,已登场,池田辉政,水夫头,直臣,五岛水军,江川之砦,无,,,,"[{""stage"":"""",""tkid"":""67"",""ref"":""67_池田辉政_朝右.png"",""emotion"":0}]"
lord_1_ikeda_4,,池田元助,池田元助,池田,68,Ikeda Motosuke,clan_ikeda_1,tosan,精确匹配织丰,1,1559,1573,1584,战死,池田恒兴,,池田恒兴 池田辉政,只限武将,99,99,性急,勇敢,理想,轻率,重视情义,55,书籍,普通,普通,源氏,枪,60,69,43,50,71,1,2,1,1,1,2,2,0,0,0,0,0,1,0,2,0,无,强袭，拔突，铁壁,无,无要求,,,未登场,池田元助,足轻组头,陪臣（池田恒兴）,织田家,那古野城,无,未登场,池田元助,足轻组头,陪臣（池田恒兴）,织田家,清洲城,无,未登场,池田元助,足轻组头,陪臣（池田恒兴）,织田家,清洲城,无,未登场,池田元助,足轻组头,陪臣（池田恒兴）,织田家,岐阜城,无,已登场,池田元助,足轻组头,陪臣（池田恒兴）,织田家,岐阜城,无,已登场,池田元助,足轻大将,陪臣（池田恒兴）,织田家,伊丹城,无,已登场,池田元助,部将,陪臣（池田恒兴）,羽柴家,大垣城,无,已死亡,池田元助,无效,无效,无,无效,无,已登场,池田元助,水夫头,直臣,五岛水军,江川之砦,无,,,,"[{""stage"":"""",""tkid"":""68"",""ref"":""68_池田元助_朝右.png"",""emotion"":0}]"
lord_1_ike_yorikazu,,池賴和,池赖和,池,69,Ike Yorikazu,clan_ike_1,neutral_culture,基于分组自动创建家族,1,1540,1554,1593,战死,,,,全职种,88,88,性急,普通,普通,轻率,普通,50,艺术品,贪心,嗜酒如命,其他,刀剑,61,66,23,51,56,1,0,2,3,1,1,0,1,0,0,1,1,0,0,1,0,水上拖延,强袭,无,无要求,,,已登场,池赖和,头领,首领,土佐水军,十市之砦,无,已登场,池赖和,头领,首领,土佐水军,十市之砦,无,已登场,池赖和,头领,首领,土佐水军,十市之砦,无,已登场,池赖和,头领,首领,土佐水军,十市之砦,无,已登场,池赖和,头领,首领,土佐水军,十市之砦,无,已登场,池赖和,头领,首领,土佐水军,十市之砦,无,已登场,池赖和,头领,首领,土佐水军,十市之砦,无,已死亡,池赖和,无效,无效,无,无效,无,已登场,池赖和,船头,直臣,五岛水军,江川之砦,无,,,,"[{""stage"":"""",""tkid"":""69"",""ref"":""69_池赖和_朝右.png"",""emotion"":0}]"
lord_1_ikoma_chikamasa,,生駒親正,生驹亲正,生驹,70,Ikoma Chikamasa,clan_ikoma_1,tokai,基于分组自动创建家族,1,1526,1554,1603,病死,,,,全职种,5,5,普通,普通,现实,普通,普通,24,艺术品,贪心,普通,藤原氏,刀剑,33,37,51,57,59,1,1,0,1,0,0,0,0,0,1,0,0,0,1,1,0,无,强袭,无,无要求,,,已登场,生驹亲正,足轻大将,直臣,斋藤家,稻叶山城,无,已登场,生驹亲正,足轻组头,直臣,织田家,清洲城,无,已登场,生驹亲正,足轻大将,直臣,织田家,清洲城,无,已登场,生驹亲正,足轻大将,直臣,织田家,岐阜城,无,已登场,生驹亲正,足轻大将,直臣,织田家,岐阜城,无,已登场,生驹亲正,侍大将,直臣,织田家,安土城,无,已登场,生驹亲正,侍大将,直臣,羽柴家,石山本愿寺,无,已登场,生驹亲正,大名,首领,生驹家,高松城,无,已登场,生驹亲正,浪人,其他,无,鹿儿岛之町,无,,,,"[{""stage"":"""",""tkid"":""70"",""ref"":""70_生驹亲正_朝右.png"",""emotion"":0}]"
lord_1_ishikawa_akimitsu,,石川昭光,石川昭光,石川,71,Ishikawa Akimitsu,clan_ishikawa_1,ou,基于分组自动创建家族,1,1550,1564,1622,病死,伊达晴宗,伊达稙宗,伊达实元 伊达成实 伊达稙宗 伊达辉宗 伊达晴宗 伊达政宗 留守政景 亘理元宗 伊达小次郎,全职种,64,11,性急,勇敢,普通,轻率,普通,70,艺术品,贪心,普通,源氏,刀剑,47,44,48,51,34,1,0,0,0,0,0,0,0,0,0,0,1,0,0,0,1,无,强袭,无,无要求,,,未登场,石川昭光,足轻组头,直臣,伊达家,米泽城,无,未登场,石川昭光,足轻组头,直臣,伊达家,米泽城,无,已登场,石川昭光,足轻组头,直臣,伊达家,米泽城,无,已登场,石川昭光,足轻组头,直臣,伊达家,米泽城,无,已登场,石川昭光,足轻组头,直臣,伊达家,米泽城,无,已登场,石川昭光,足轻组头,直臣,伊达家,米泽城,无,已登场,石川昭光,足轻组头,直臣,伊达家,米泽城,无,已登场,石川昭光,侍大将,直臣,伊达家,仙台城,无,已登场,石川昭光,足轻组头,直臣,河尻家,水户城,无,,,,"[{""stage"":"""",""tkid"":""71"",""ref"":""71_石川昭光_朝右.png"",""emotion"":0}]"
lord_1_ishikawa_kazumasa,,石川数正,石川数正,石川,72,Ishikawa Kazumasa,clan_ishikawa_1,ou,基于分组自动创建家族,1,1535,1554,1592,病死,,,,只限武将,90,15,温和,胆小,现实,慎重,普通,46,南蛮物,无欲,滴酒不沾,源氏,刀剑,55,41,81,83,78,0,0,1,0,1,0,2,0,2,3,2,3,1,3,2,2,无,强袭，丢钱,雄辩,一般条件,,,已登场,石川数正,部将,直臣,松平家,冈崎城,无,已登场,石川数正,足轻组头,陪臣（松平元康）,今川家,骏府城,无,已登场,石川数正,部将,陪臣（松平元康）,今川家,冈崎城,无,已登场,石川数正,部将,直臣,德川家,冈崎城,无,已登场,石川数正,部将,直臣,德川家,滨松城,无,已登场,石川数正,家老,直臣,德川家,滨松城,无,已登场,石川数正,家老,直臣,德川家,滨松城,无,已死亡,石川数正,无效,无效,无,无效,无,已登场,石川数正,足轻组头,直臣,河尻家,水户城,无,,,,"[{""stage"":"""",""tkid"":""72"",""ref"":""72_石川数正_朝右.png"",""emotion"":0}]"
lord_1_ishikawa_goemon,,石川五右衛門,石川五右卫门,石川,73,Ishikawa Goemon,clan_ishikawa_1,ou,基于分组自动创建家族,1,1541,1555,1594,战死,,,,武将以外优先,55,55,性急,勇敢,理想,轻率,不重情义,90,南蛮物,贪心,嗜酒如命,其他,锁镰,19,78,4,61,86,2,0,2,0,2,0,0,4,0,0,0,0,0,1,2,1,鬼脚之术，破技之术，雾隐之术,二连苦无，半月，千鸟，刚弓，横车,锁镰高手,一般条件,,,未登场,石川五右卫门,下忍,直臣,伊贺众,伊贺之里,无,未登场,石川五右卫门,下忍,直臣,伊贺众,伊贺之里,无,已登场,石川五右卫门,下忍,直臣,伊贺众,伊贺之里,无,已登场,石川五右卫门,下忍,直臣,伊贺众,伊贺之里,无,已登场,石川五右卫门,下忍,直臣,伊贺众,伊贺之里,无,已登场,石川五右卫门,下忍,直臣,伊贺众,伊贺之里,无,已登场,石川五右卫门,下忍,直臣,伊贺众,伊贺之里,无,已死亡,石川五右卫门,无效,无效,无,无效,无,已登场,石川五右卫门,足轻大将,直臣,五代家,安土城,无,,,,"[{""stage"":"""",""tkid"":""73"",""ref"":""73_石川五右卫门_朝右.png"",""emotion"":0}]"
lord_1_ishikawa_takanobu,,石川高信,石川高信,石川,74,Ishikawa Takanobu,clan_ishikawa_1,ou,基于分组自动创建家族,1,1506,1554,1581,病死,南部政康,,南部利直 南部信直 南部晴政,全职种,65,65,普通,勇敢,普通,慎重,普通,65,书籍,普通,嗜酒如命,源氏,刀剑,53,56,56,59,60,2,2,1,0,2,1,2,0,1,2,1,1,0,1,0,1,无,强袭，刚弓,无,一般条件,,,已登场,石川高信,家老,直臣,南部家,三户城,无,已登场,石川高信,家老,直臣,南部家,三户城,无,已登场,石川高信,家老,直臣,南部家,三户城,无,已登场,石川高信,家老,直臣,南部家,三户城,无,已登场,石川高信,家老,直臣,南部家,三户城,无,已死亡,石川高信,无效,无效,无,无效,无,已死亡,石川高信,无效,无效,无,无效,无,已死亡,石川高信,无效,无效,无,无效,无,已登场,石川高信,足轻大将,直臣,河尻家,水户城,无,,,,"[{""stage"":"""",""tkid"":""74"",""ref"":""74_石川高信_朝右.png"",""emotion"":0}]"
lord_1_ishida_mitsunari,,石田三成,石田三成,石田,75|1153,Ishida Mitsunari,clan_ishida_1,kinai,基于分组自动创建家族,1,1560,1574,1600,战死,石田三成父,,石田正澄,全职种,20,20,性急,胆小,理想,轻率,重视情义,61,书籍,无欲,滴酒不沾,平氏,刀剑,47,25,98,84,83,2,1,2,0,2,1,2,0,2,4,4,4,3,3,2,2,土龙攻,强袭，刚弓，丢钱，贿赂,名奉行,不可,,"主角丰臣秀吉，三碗茶
    主角德川家康，关原之战胜利",未登场,石田三成,浪人,其他,无,今滨之町,无,未登场,石田三成,浪人,其他,无,今滨之町,无,未登场,石田三成,浪人,其他,无,今滨之町,无,未登场,石田三成,浪人,其他,无,今滨之町,无,已登场,石田三成,足轻组头,陪臣（羽柴秀吉）,织田家,长滨城,无,已登场,石田三成,足轻大将,陪臣（羽柴秀吉）,织田家,姬路城,无,已登场,石田三成,足轻大将,直臣,羽柴家,石山本愿寺,无,已登场,石田三成,国主,直臣,丰臣家,佐和山城,无,已登场,石田三成,侍大将,直臣,三刀屋家,骏府城,无,,,"[{""stage"":""奉行"",""tkid"":""75"",""ref"":"""",""emotion"":1},{""stage"":""关原"",""tkid"":""1153"",""ref"":"""",""emotion"":1}]","[{""stage"":""奉行"",""tkid"":""75"",""ref"":""75_石田三成_朝右.png"",""emotion"":1},{""stage"":""关原"",""tkid"":""1153"",""ref"":""1153_石田三成_朝右.png"",""emotion"":1}]"
lord_1_ishimoda_kagenori,,石母田景賴,石母田景赖,石母田,76,Ishimoda Kagenori,clan_ishimoda_1,ou,基于分组自动创建家族,1,1542,1556,1615,病死,,,,只限武将,60,60,温和,勇敢,普通,普通,普通,18,武具,无欲,普通,其他,刀剑,59,63,44,34,38,1,1,1,0,0,0,0,0,1,0,1,0,0,0,0,0,无,强袭,无,无要求,,,未登场,石母田景赖,侍大将,直臣,伊达家,米泽城,无,未登场,石母田景赖,足轻组头,直臣,伊达家,米泽城,无,已登场,石母田景赖,侍大将,直臣,伊达家,米泽城,无,已登场,石母田景赖,侍大将,直臣,伊达家,米泽城,无,已登场,石母田景赖,侍大将,直臣,伊达家,米泽城,无,已登场,石母田景赖,侍大将,直臣,伊达家,米泽城,无,已登场,石母田景赖,侍大将,直臣,伊达家,米泽城,无,已登场,石母田景赖,部将,直臣,伊达家,仙台城,无,已登场,石母田景赖,浪人,其他,无,佐仓之町,无,,,,"[{""stage"":"""",""tkid"":""76"",""ref"":""76_石母田景赖_朝右.png"",""emotion"":0}]"
lord_1_ijuin,,伊集院忠倉,伊集院忠仓,伊集院,77,Ijuin Tadaao,clan_ijuin_1,saikai,精确匹配织丰,1,1525,1554,1562,病死,,,伊集院忠栋,只限武将,39,39,温和,普通,普通,慎重,普通,40,书籍,普通,普通,源氏,刀剑,64,45,74,79,53,1,0,1,0,1,0,1,0,1,2,1,1,0,3,1,1,无,强袭,无,无要求,,,已登场,伊集院忠仓,部将,直臣,岛津家,内城,无,已登场,伊集院忠仓,侍大将,直臣,岛津家,内城,无,已登场,伊集院忠仓,部将,直臣,岛津家,内城,无,已死亡,伊集院忠仓,无效,无效,无,无效,无,已死亡,伊集院忠仓,无效,无效,无,无效,无,已死亡,伊集院忠仓,无效,无效,无,无效,无,已死亡,伊集院忠仓,无效,无效,无,无效,无,已死亡,伊集院忠仓,无效,无效,无,无效,无,已登场,伊集院忠仓,部将,直臣,青山家,高松城,无,,,,"[{""stage"":"""",""tkid"":""77"",""ref"":""77_伊集院忠仓_朝右.png"",""emotion"":0}]"
lord_1_ijuin_2,,伊集院忠棟,伊集院忠栋,伊集院,78,Ijuin Tadamune,clan_ijuin_1,saikai,精确匹配织丰,1,1553,1567,1599,战死,伊集院忠仓,,伊集院忠仓,只限武将,39,39,温和,胆小,普通,轻率,不重情义,74,南蛮物,普通,普通,源氏,刀剑,60,51,85,77,41,0,1,1,1,1,0,1,0,1,0,1,1,3,3,0,1,无,强袭,无,无要求,,,未登场,伊集院忠栋,足轻组头,直臣,岛津家,内城,无,未登场,伊集院忠栋,足轻组头,陪臣（伊集院忠仓）,岛津家,内城,无,未登场,伊集院忠栋,足轻组头,陪臣（伊集院忠仓）,岛津家,内城,无,已登场,伊集院忠栋,足轻组头,直臣,岛津家,内城,无,已登场,伊集院忠栋,足轻组头,直臣,岛津家,内城,无,已登场,伊集院忠栋,足轻大将,直臣,岛津家,内城,无,已登场,伊集院忠栋,足轻大将,直臣,岛津家,内城,无,已登场,伊集院忠栋,家老,直臣,岛津家,内城,无,已登场,伊集院忠栋,浪人,其他,无,会津之町,无,,,,"[{""stage"":"""",""tkid"":""78"",""ref"":""78_伊集院忠栋_朝右.png"",""emotion"":0}]"
lord_1_isshin_sogen,,以心崇伝,以心崇传,以心,79,Isshin Sogen,clan_isshin_1,neutral_culture,基于分组自动创建家族,1,1569,1583,1633,病死,,,,只限武将,90,90,普通,勇敢,现实,慎重,普通,65,书籍,贪心,普通,源氏,枪,18,39,86,82,60,0,0,0,1,0,1,2,1,2,1,2,3,3,3,2,3,无,拔突，伤药，丢钱,雄辩，能吏,一般条件,,,未登场,以心崇传,浪人,其他,无,京之町,无,未登场,以心崇传,浪人,其他,无,京之町,无,未登场,以心崇传,浪人,其他,无,京之町,无,未登场,以心崇传,浪人,其他,无,京之町,无,未登场,以心崇传,浪人,其他,无,京之町,无,未登场,以心崇传,浪人,其他,无,京之町,无,已登场,以心崇传,浪人,其他,无,京之町,无,已登场,以心崇传,部将,直臣,德川家,江户城,无,已登场,以心崇传,浪人,其他,无,足利之町,无,,,,"[{""stage"":"""",""tkid"":""79"",""ref"":""79_以心崇传_朝右.png"",""emotion"":0}]"
lord_1_isono,,磯野員昌,矶野员昌,矶野,80,Isono Kazumasa,clan_isono_1,kinai,精确匹配织丰,1,1527,1554,1578,病死,,,,只限武将,77,77,普通,胆小,普通,轻率,普通,37,武具,无欲,普通,其他,刀剑,72,54,20,63,59,2,1,0,1,1,2,1,0,0,1,1,0,0,0,1,1,无,强袭，拔突，铁壁,无,一般条件,,,已登场,矶野员昌,部将,直臣,浅井家,小谷城,无,已登场,矶野员昌,城主,直臣,浅井家,佐和山城,无,已登场,矶野员昌,城主,直臣,浅井家,佐和山城,无,已登场,矶野员昌,城主,直臣,浅井家,佐和山城,无,已登场,矶野员昌,家老,直臣,织田家,岐阜城,无,已死亡,矶野员昌,无效,无效,无,无效,无,已死亡,矶野员昌,无效,无效,无,无效,无,已死亡,矶野员昌,无效,无效,无,无效,无,已登场,矶野员昌,头领,首领,坊津水军,坊津之砦,无,,,,"[{""stage"":"""",""tkid"":""80"",""ref"":""80_矶野员昌_朝正.png"",""emotion"":0}]"
lord_1_itakura_katsushige,,板倉勝重,板仓胜重,板仓,81,Itakura Katsushige,clan_itakura_1,tosan,基于分组自动创建家族,1,1545,1559,1624,病死,,,,全职种,90,90,性急,勇敢,现实,慎重,重视情义,21,书籍,无欲,普通,源氏,刀剑,19,41,87,83,55,0,0,0,0,0,0,0,0,0,0,1,2,4,4,2,4,激励,强袭，伤药，止血,能吏,一般条件,,,未登场,板仓胜重,浪人,其他,无,冈崎之町,无,未登场,板仓胜重,足轻组头,陪臣（松平元康）,今川家,骏府城,无,已登场,板仓胜重,足轻组头,陪臣（松平元康）,今川家,冈崎城,无,已登场,板仓胜重,足轻组头,直臣,德川家,冈崎城,无,已登场,板仓胜重,足轻组头,直臣,德川家,滨松城,无,已登场,板仓胜重,足轻大将,直臣,德川家,滨松城,无,已登场,板仓胜重,足轻大将,直臣,德川家,滨松城,无,已登场,板仓胜重,部将,直臣,德川家,江户城,无,已登场,板仓胜重,浪人,其他,无,龟山之町,无,,,,"[{""stage"":"""",""tkid"":""81"",""ref"":""81_板仓胜重_朝右.png"",""emotion"":0}]"
lord_1_itabeoka_ekketsusai,,板部岡江雪齋,板部冈江雪斋,板部,82,Itabeoka Ekketsusai,clan_itabeoka_1,kanto,基于分组自动创建家族,1,1537,1554,1609,病死,,,,只限武将,85,85,温和,胆小,普通,慎重,普通,32,艺术品,普通,滴酒不沾,平氏,枪,18,11,76,74,61,0,0,0,0,0,0,0,0,0,3,2,1,3,1,4,2,无,拔突,风雅之士,一般条件,,,未登场,板部冈江雪斋,足轻组头,直臣,北条家,小田原城,无,已登场,板部冈江雪斋,足轻组头,直臣,北条家,小田原城,无,已登场,板部冈江雪斋,足轻组头,直臣,北条家,小田原城,无,已登场,板部冈江雪斋,足轻组头,直臣,北条家,小田原城,无,已登场,板部冈江雪斋,足轻组头,直臣,北条家,小田原城,无,已登场,板部冈江雪斋,足轻组头,直臣,北条家,小田原城,无,已登场,板部冈江雪斋,足轻组头,直臣,北条家,小田原城,无,已登场,板部冈江雪斋,足轻大将,直臣,德川家,江户城,无,已登场,板部冈江雪斋,浪人,其他,无,冈崎之町,无,,,,"[{""stage"":"""",""tkid"":""82"",""ref"":""82_板部冈江雪斋_朝右.png"",""emotion"":0}]"
lord_1_itami_yasunao,,伊丹康直,伊丹康直,伊丹,83,Itami Yasunao,clan_itami_1,neutral_culture,基于分组自动创建家族,1,1523,1554,1596,病死,,,,全职种,60,60,普通,普通,现实,普通,普通,55,武具,贪心,普通,藤原氏,刀剑,69,62,25,61,59,2,1,1,4,2,2,1,2,2,0,0,0,1,0,0,0,水上拖延，蝴蝶之阵,强袭，拔突，二连苦无，刚弓，铁壁,无,无要求,,,已登场,伊丹康直,船头,直臣,骏河水军,清水之砦,无,已登场,伊丹康直,船头,直臣,骏河水军,清水之砦,无,已登场,伊丹康直,船头,直臣,骏河水军,清水之砦,无,已登场,伊丹康直,船头,直臣,骏河水军,清水之砦,无,已登场,伊丹康直,船头,直臣,骏河水军,清水之砦,无,已登场,伊丹康直,头领,首领,骏河水军,清水之砦,无,已登场,伊丹康直,头领,首领,骏河水军,清水之砦,无,已死亡,伊丹康直,无效,无效,无,无效,无,已登场,伊丹康直,浪人,其他,无,小仓之町,无,,,,"[{""stage"":"""",""tkid"":""83"",""ref"":""83_伊丹康直_朝右.png"",""emotion"":0}]"
lord_1_ichikawa_tsuneyoshi,,市川經好,市川经好,市川,84,Ichikawa Tsuneyoshi,clan_ichikawa_1,sanyo,基于分组自动创建家族,1,1520,1554,1584,病死,,,,只限武将,40,40,普通,普通,普通,轻率,不重情义,60,书籍,普通,普通,藤原氏,刀剑,32,26,66,61,49,1,0,1,0,0,1,0,0,0,0,1,2,2,2,1,0,无,强袭,无,无要求,,,已登场,市川经好,部将,直臣,毛利家,吉田郡山城,无,已登场,市川经好,部将,直臣,毛利家,吉田郡山城,无,已登场,市川经好,部将,直臣,毛利家,吉田郡山城,无,已登场,市川经好,部将,直臣,毛利家,吉田郡山城,无,已登场,市川经好,部将,直臣,毛利家,吉田郡山城,无,已登场,市川经好,部将,直臣,毛利家,吉田郡山城,无,已登场,市川经好,部将,直臣,毛利家,吉田郡山城,无,已死亡,市川经好,无效,无效,无,无效,无,已登场,市川经好,浪人,其他,无,小诸之町,无,,,,"[{""stage"":"""",""tkid"":""84"",""ref"":""84_市川经好_朝右.png"",""emotion"":0}]"
lord_1_ichikuri_bangyu,,一栗放牛,一栗放牛,一栗,85,Ichikuri Bangyu,clan_ichikuri_1,ou,基于分组自动创建家族,1,1500,1554,1591,战死,,,,只限武将,75,75,性急,勇敢,理想,轻率,重视情义,50,武具,无欲,嗜酒如命,其他,枪,73,66,51,54,74,2,2,0,1,2,3,2,1,0,0,0,0,2,0,0,3,无,强袭，连续斩，拔突，粘花，刚弓，卷枪，引落，柄返，刚力，铁壁，伤药,无,一般条件,,,已登场,一栗放牛,城主,直臣,大崎家,岩出山城,无,已登场,一栗放牛,城主,直臣,大崎家,岩出山城,无,已登场,一栗放牛,城主,直臣,大崎家,岩出山城,无,已登场,一栗放牛,城主,直臣,大崎家,岩出山城,无,已登场,一栗放牛,城主,直臣,大崎家,岩出山城,无,已登场,一栗放牛,城主,直臣,大崎家,岩出山城,无,已登场,一栗放牛,家老,直臣,大崎家,名生城,无,已死亡,一栗放牛,无效,无效,无,无效,无,已登场,一栗放牛,上忍,直臣,羽黑众,羽黑之里,无,,,,"[{""stage"":"""",""tkid"":""85"",""ref"":""85_一栗放牛_朝右.png"",""emotion"":0}]"
lord_1_ichijo,,一條兼定,一条兼定,一条,86,Ichijo Kanesada,clan_ichijo_1,nankai,精确匹配织丰,1,1543,1557,1585,病死,,,,只限武将,20,20,温和,胆小,普通,轻率,不重情义,36,南蛮物,贪心,普通,藤原氏,刀剑,10,11,12,9,88,0,0,0,0,0,0,0,0,0,0,0,1,4,1,3,1,无,强袭,无,一般条件,,,已登场,一条兼定,大名,首领,一条家,中村城,无,已登场,一条兼定,大名,首领,一条家,中村城,无,已登场,一条兼定,大名,首领,一条家,中村城,无,已登场,一条兼定,大名,首领,一条家,中村城,无,已登场,一条兼定,浪人,其他,无,府内之町,无,已登场,一条兼定,浪人,其他,无,府内之町,无,已登场,一条兼定,浪人,其他,无,府内之町,无,已死亡,一条兼定,无效,无效,无,无效,无,已登场,一条兼定,家老,直臣,一宫家,春日山城,无,,,,"[{""stage"":"""",""tkid"":""86"",""ref"":""86_一条兼定_朝右.png"",""emotion"":0}]"
lord_1_ichijo_nagatoki,,一條信龍,一条信龙,一条,87,Ichijo Nagatoki,clan_ichijo_1,nankai,家族和文化自动推断,1,1540,1554,1582,战死,武田信虎,,武田胜赖 武田逍遥轩 武田信玄 武田信繁 武田信丰 仁科盛信 武田信虎,只限武将,62,62,性急,勇敢,普通,慎重,普通,20,书籍,无欲,普通,源氏,刀剑,47,44,50,44,56,1,1,0,0,1,0,1,0,0,1,1,0,1,0,0,0,无,强袭,无,无要求,,,未登场,一条信龙,侍大将,直臣,武田家,踯躅崎馆,无,已登场,一条信龙,足轻大将,直臣,武田家,踯躅崎馆,无,已登场,一条信龙,侍大将,直臣,武田家,踯躅崎馆,无,已登场,一条信龙,侍大将,直臣,武田家,踯躅崎馆,无,已登场,一条信龙,侍大将,直臣,武田家,踯躅崎馆,无,已登场,一条信龙,侍大将,直臣,武田家,甲府城,无,已死亡,一条信龙,无效,无效,无,无效,无,已死亡,一条信龙,无效,无效,无,无效,无,已登场,一条信龙,家老,直臣,一宫家,春日山城,无,,,,"[{""stage"":"""",""tkid"":""87"",""ref"":""87_一条信龙_朝右.png"",""emotion"":0}]"
lord_1_iichiji_shigeoki,,伊地知重興,伊地知重兴,伊地知,88,Iichiji Shigeoki,clan_iichiji_1,saikai,基于分组自动创建家族,1,1528,1554,1580,病死,,,,只限武将,32,32,温和,胆小,现实,轻率,普通,50,武具,普通,普通,其他,刀剑,47,50,40,51,34,1,1,1,0,1,0,0,0,1,0,0,1,1,1,1,1,无,强袭,无,无要求,,,已登场,伊地知重兴,侍大将,直臣,肝付家,大隅高山城,无,已登场,伊地知重兴,足轻大将,直臣,肝付家,大隅高山城,无,已登场,伊地知重兴,侍大将,直臣,肝付家,大隅高山城,无,已登场,伊地知重兴,侍大将,直臣,肝付家,大隅高山城,无,已登场,伊地知重兴,侍大将,直臣,岛津家,内城,无,已死亡,伊地知重兴,无效,无效,无,无效,无,已死亡,伊地知重兴,无效,无效,无,无效,无,已死亡,伊地知重兴,无效,无效,无,无效,无,已登场,伊地知重兴,浪人,其他,无,府内之町,无,,,,"[{""stage"":"""",""tkid"":""88"",""ref"":""88_伊地知重兴_朝正.png"",""emotion"":0}]"
lord_1_iichiji_shigehide,,伊地知重秀,伊地知重秀,伊地知,89,Iichiji Shigehide,clan_iichiji_1,saikai,基于分组自动创建家族,1,1534,1554,1594,病死,,,,只限武将,32,32,普通,普通,普通,轻率,普通,24,武具,普通,普通,其他,刀剑,61,47,31,76,42,0,1,1,0,0,0,0,0,0,0,0,1,2,2,1,1,无,强袭,无,无要求,,,已登场,伊地知重秀,足轻组头,直臣,岛津家,内城,无,已登场,伊地知重秀,足轻组头,直臣,岛津家,内城,无,已登场,伊地知重秀,足轻组头,直臣,岛津家,内城,无,已登场,伊地知重秀,足轻组头,直臣,岛津家,内城,无,已登场,伊地知重秀,足轻组头,直臣,岛津家,内城,无,已登场,伊地知重秀,足轻大将,直臣,岛津家,内城,无,已登场,伊地知重秀,足轻大将,直臣,岛津家,内城,无,已死亡,伊地知重秀,无效,无效,无,无效,无,已登场,伊地知重秀,浪人,其他,无,津山之町,无,,,,"[{""stage"":"""",""tkid"":""89"",""ref"":""89_伊地知重秀_朝右.png"",""emotion"":0}]"
lord_1_ichimada_akizane,,一萬田鑒實,一万田鉴实,一万田,90,Ichimada Akizane,clan_ichimada_1,saikai,基于分组自动创建家族,1,1533,1554,1588,病死,,一万田亲泰,高桥鉴种,全职种,60,60,温和,普通,普通,普通,重视情义,16,艺术品,普通,普通,藤原氏,刀剑,68,69,49,74,40,2,3,2,0,1,1,1,0,0,0,0,0,3,2,3,1,无,强袭,无,无要求,,,已登场,一万田鉴实,侍大将,直臣,大友家,府内城,无,已登场,一万田鉴实,侍大将,直臣,大友家,府内城,无,已登场,一万田鉴实,侍大将,直臣,大友家,府内城,无,已登场,一万田鉴实,侍大将,直臣,大友家,府内城,无,已登场,一万田鉴实,侍大将,直臣,大友家,府内城,无,已登场,一万田鉴实,侍大将,直臣,大友家,府内城,无,已登场,一万田鉴实,侍大将,直臣,大友家,府内城,无,已死亡,一万田鉴实,无效,无效,无,无效,无,已登场,一万田鉴实,大名,首领,一万田家,甲府城,无,,,,"[{""stage"":"""",""tkid"":""90"",""ref"":""90_一万田鉴实_朝右.png"",""emotion"":0}]"
lord_1_issiki_5,,一色義清,一色义清,一色,91,Issiki Yoshikiyo,clan_issiki_1,kinai,精确匹配织丰,1,1551,1565,1582,战死,一色义幸,,一色义定 一色义道,只限武将,40,40,温和,胆小,普通,轻率,重视情义,60,书籍,无欲,滴酒不沾,源氏,刀剑,33,36,35,45,18,0,0,1,1,0,0,0,0,0,0,0,0,1,0,0,0,无,强袭,无,无要求,,,未登场,一色义清,家老,直臣,一色家,宫津城,无,未登场,一色义清,部将,直臣,一色家,宫津城,无,已登场,一色义清,家老,直臣,一色家,宫津城,无,已登场,一色义清,家老,直臣,一色家,宫津城,无,已登场,一色义清,家老,直臣,一色家,宫津城,无,已死亡,一色义清,无效,无效,无,无效,无,已死亡,一色义清,无效,无效,无,无效,无,已死亡,一色义清,无效,无效,无,无效,无,已登场,一色义清,家老,直臣,一宫家,春日山城,无,,,,"[{""stage"":"""",""tkid"":""91"",""ref"":""91_一色义清_朝右.png"",""emotion"":0}]"
lord_1_issiki_4,,一色義定,一色义定,一色,92,Issiki Yoshisada,clan_issiki_1,kinai,精确匹配织丰,1,1558,1572,1582,战死,一色义道,一色义幸,一色义清 一色义道,只限武将,40,40,普通,胆小,现实,普通,普通,45,艺术品,贪心,普通,源氏,刀剑,39,42,37,46,41,0,0,1,0,0,0,0,0,0,1,0,0,0,0,0,0,无,强袭,无,无要求,,,未登场,一色义定,足轻组头,直臣,一色家,宫津城,无,未登场,一色义定,足轻组头,直臣,一色家,宫津城,无,未登场,一色义定,足轻组头,直臣,一色家,宫津城,无,未登场,一色义定,足轻组头,直臣,一色家,宫津城,无,已登场,一色义定,足轻组头,直臣,一色家,宫津城,无,已死亡,一色义定,无效,无效,无,无效,无,已死亡,一色义定,无效,无效,无,无效,无,已死亡,一色义定,无效,无效,无,无效,无,已登场,一色义定,部将,直臣,一宫家,春日山城,无,,,,"[{""stage"":"""",""tkid"":""92"",""ref"":""92_一色义定_朝右.png"",""emotion"":0}]"
lord_1_issiki,,一色義道,一色义道,一色,93,Issiki Yoshimichi,clan_issiki_1,kinai,精确匹配织丰,1,1520,1554,1579,战死,一色义幸,,一色义清 一色义定,只限武将,40,40,性急,勇敢,普通,轻率,普通,70,南蛮物,普通,嗜酒如命,源氏,刀剑,60,39,37,38,42,1,1,1,0,1,1,1,0,0,0,1,0,0,0,1,0,无,强袭,无,无要求,,,已登场,一色义道,大名,首领,一色家,宫津城,无,已登场,一色义道,大名,首领,一色家,宫津城,无,已登场,一色义道,大名,首领,一色家,宫津城,无,已登场,一色义道,大名,首领,一色家,宫津城,无,已登场,一色义道,大名,首领,一色家,宫津城,无,已死亡,一色义道,无效,无效,无,无效,无,已死亡,一色义道,无效,无效,无,无效,无,已死亡,一色义道,无效,无效,无,无效,无,已登场,一色义道,部将,直臣,一宫家,春日山城,无,,,,"[{""stage"":"""",""tkid"":""93"",""ref"":""93_一色义道_朝右.png"",""emotion"":0}]"
lord_1_deura_morikiyo,,出浦盛清,出浦盛清,出浦,94,Deura Morikiyo,clan_deura_1,neutral_culture,基于分组自动创建家族,1,1546,1559,1623,病死,,,,武将以外优先,62,62,普通,普通,现实,轻率,重视情义,55,武具,普通,滴酒不沾,其他,苦无,58,80,31,51,33,2,0,2,0,2,3,1,4,1,1,2,2,0,0,2,2,奈落之术，千里眼术，刺杀，雷爆之术，内讧之术,强袭，连续斩，拔突，二连苦无，半月，刚弓，猛毒苦无，十字投，乱苦无，叠返之术，刚力，铁壁,苦无名人,无要求,,,未登场,出浦盛清,上忍,直臣,户隐众,户隐之里,无,已登场,出浦盛清,头目,首领,户隐众,户隐之里,无,已登场,出浦盛清,头目,首领,户隐众,户隐之里,无,已登场,出浦盛清,头目,首领,户隐众,户隐之里,无,已登场,出浦盛清,头目,首领,户隐众,户隐之里,无,已登场,出浦盛清,头目,首领,户隐众,户隐之里,无,已登场,出浦盛清,头目,首领,户隐众,户隐之里,无,已登场,出浦盛清,头目,首领,户隐众,户隐之里,无,已登场,出浦盛清,水夫头,直臣,相模水军,三崎之砦,无,,,,"[{""stage"":"""",""tkid"":""94"",""ref"":""94_出浦盛清_朝右.png"",""emotion"":0}]"
lord_1_itoo_ittosai,,伊藤一刀齋,伊藤一刀斋,伊藤,95,Itoo Ittosai,clan_itoo_1,neutral_culture,基于分组自动创建家族,1,1540,1554,1634,病死,,,,没那个意思,90,90,普通,勇敢,普通,轻率,普通,24,武具,贪心,嗜酒如命,藤原氏,刀剑,26,98,25,51,69,1,0,0,0,1,4,3,3,0,0,0,0,1,0,0,2,内讧之术，错乱之术,强袭，连续斩，切落，绝妙剑，拂舍刀，拔突，二连苦无，半月，金翅鸟王剑，当身，梦想剑，刚力，独妙剑，铁壁，辱骂,剑豪,一般条件,,,已登场,伊藤弥五郎,浪人,其他,无,金泽之町,钟卷流,已登场,伊藤弥五郎,浪人,其他,无,金泽之町,钟卷流,已登场,伊藤一刀斋,师范,其他,无,佐仓之町,一刀流,已登场,伊藤一刀斋,师范,其他,无,佐仓之町,一刀流,已登场,伊藤一刀斋,师范,其他,无,佐仓之町,一刀流,已登场,伊藤一刀斋,师范,其他,无,佐仓之町,一刀流,已登场,伊藤一刀斋,师范,其他,无,佐仓之町,一刀流,已登场,伊藤一刀斋,师范,其他,无,佐仓之町,一刀流,已登场,伊藤一刀斋,师范,其他,无,佐仓之町,一刀流,,,,"[{""stage"":"""",""tkid"":""95"",""ref"":""95_伊藤一刀斋_朝右.png"",""emotion"":0}]"
lord_1_ito_sadachika,,伊東祐兵,伊东祐兵,伊东,96,Ito Sadachika,clan_ito_1,saikai,家族和文化自动推断,1,1559,1573,1600,病死,伊东义祐,,伊东义祐 伊东满所,全职种,71,71,普通,胆小,现实,慎重,普通,21,南蛮物,贪心,普通,藤原氏,刀剑,52,49,25,43,36,1,0,0,0,0,0,1,0,0,0,0,0,1,2,0,0,无,强袭,无,无要求,,,未登场,伊东祐兵,家老,直臣,伊东家,都于郡城,无,未登场,伊东祐兵,部将,陪臣（伊东义祐）,伊东家,都于郡城,无,未登场,伊东祐兵,家老,直臣,伊东家,都于郡城,无,未登场,伊东祐兵,家老,直臣,伊东家,都于郡城,无,已登场,伊东祐兵,家老,直臣,伊东家,都于郡城,无,已登场,伊东祐兵,浪人,其他,无,今治之町,无,已登场,伊东祐兵,浪人,其他,无,今治之町,无,已登场,伊东祐兵,大名,首领,伊东家,饫肥城,无,已登场,伊东祐兵,家老,直臣,东乡家,盛冈城,无,,,,"[{""stage"":"""",""tkid"":""96"",""ref"":""96_伊东祐兵_朝右.png"",""emotion"":0}]"
lord_1_itoo_sojuro,,伊藤總十郎,伊藤惣十郎,伊藤,97,Itoo Sojuro,clan_itoo_1,neutral_culture,基于分组自动创建家族,1,1524,1554,1592,病死,,,,武将以外优先,0,0,温和,勇敢,现实,普通,普通,46,艺术品,贪心,普通,其他,枪,16,34,71,69,52,0,0,0,0,0,1,0,1,0,1,2,4,2,3,2,1,无,拔突，丢钱，贿赂，大宴宾客,风雅之士,一般条件,,,已登场,伊藤惣十郎,当家,首领,伊藤屋,清洲之町,无,已登场,伊藤惣十郎,当家,首领,伊藤屋,清洲之町,无,已登场,伊藤惣十郎,当家,首领,伊藤屋,清洲之町,无,已登场,伊藤惣十郎,当家,首领,伊藤屋,清洲之町,无,已登场,伊藤惣十郎,当家,首领,伊藤屋,清洲之町,无,已登场,伊藤惣十郎,当家,首领,伊藤屋,清洲之町,无,已登场,伊藤惣十郎,当家,首领,伊藤屋,清洲之町,无,已死亡,伊藤惣十郎,无效,无效,无,无效,无,已登场,伊藤惣十郎,部将,直臣,十河家,广岛城,无,,,,"[{""stage"":"""",""tkid"":""97"",""ref"":""97_伊藤惣十郎_朝右.png"",""emotion"":0}]"
lord_1_ito_hoan,,伊東義祐,伊东义祐,伊东,98,Ito Hoan,clan_ito_1,saikai,家族和文化自动推断,1,1512,1554,1585,病死,,,伊东祐兵 伊东满所,只限武将,71,71,普通,胆小,现实,轻率,普通,46,艺术品,贪心,普通,藤原氏,刀剑,58,46,51,56,50,1,0,0,0,0,0,0,0,0,1,0,0,0,2,0,1,无,强袭,无,一般条件,,,已登场,伊东义祐,大名,首领,伊东家,都于郡城,无,已登场,伊东义祐,大名,首领,伊东家,都于郡城,无,已登场,伊东义祐,大名,首领,伊东家,都于郡城,无,已登场,伊东义祐,大名,首领,伊东家,都于郡城,无,已登场,伊东义祐,大名,首领,伊东家,都于郡城,无,已登场,伊东义祐,浪人,其他,无,今治之町,无,已登场,伊东义祐,浪人,其他,无,今治之町,无,已死亡,伊东义祐,无效,无效,无,无效,无,已登场,伊东义祐,家老,直臣,东乡家,盛冈城,无,,,,"[{""stage"":"""",""tkid"":""98"",""ref"":""98_伊东义祐_朝右.png"",""emotion"":0}]"
lord_1_ina_tadatsugu,,伊奈忠次,伊奈忠次,伊奈,99,Ina Tadatsugu,clan_ina_1,tokai,基于分组自动创建家族,1,1550,1564,1610,病死,,,,全职种,88,88,性急,普通,现实,慎重,普通,20,书籍,无欲,滴酒不沾,源氏,刀剑,6,14,87,61,49,0,0,0,0,0,0,0,0,3,4,3,3,2,1,1,3,无,强袭，伤药，丢钱,名奉行,无要求,,,未登场,伊奈忠次,浪人,其他,无,冈崎之町,无,未登场,伊奈忠次,浪人,其他,无,冈崎之町,无,已登场,伊奈忠次,浪人,其他,无,冈崎之町,无,已登场,伊奈忠次,浪人,其他,无,冈崎之町,无,已登场,伊奈忠次,足轻组头,陪臣（德川信康）,德川家,冈崎城,无,已登场,伊奈忠次,足轻组头,直臣,德川家,滨松城,无,已登场,伊奈忠次,足轻组头,直臣,德川家,滨松城,无,已登场,伊奈忠次,部将,直臣,德川家,江户城,无,已登场,伊奈忠次,浪人,其他,无,江户之町,无,,,,"[{""stage"":"""",""tkid"":""99"",""ref"":""99_伊奈忠次_朝右.png"",""emotion"":0}]"
lord_1_inatomi_ichimu,,稻富一夢,稻富一梦,稻富,100,Inatomi Ichimu,clan_inatomi_1,kinai,基于分组自动创建家族,1,1552,1566,1611,病死,,,,全职种,36,36,性急,勇敢,普通,轻率,普通,39,武具,无欲,普通,藤原氏,火绳枪,48,79,18,56,59,1,1,4,0,2,3,3,0,0,0,1,0,2,1,1,1,枪炮乱射，狙击，钓瓶击,强袭，连续斩，拔突，急所击，二挺击，刚弓，石火，乱射，刚力，铁壁，心眼,火枪高手,一般条件,,,未登场,稻富祐直,足轻组头,直臣,一色家,宫津城,无,未登场,稻富祐直,足轻组头,直臣,一色家,宫津城,无,未登场,稻富祐直,足轻组头,直臣,一色家,宫津城,无,已登场,稻富祐直,足轻组头,直臣,一色家,宫津城,稻富流,已登场,稻富祐直,足轻组头,直臣,一色家,宫津城,稻富流,已登场,稻富祐直,足轻组头,陪臣（细川藤孝）,织田家,宫津城,稻富流,已登场,稻富祐直,足轻大将,陪臣（细川忠兴）,羽柴家,宫津城,稻富流,已登场,稻富一梦,部将,直臣,细川家,宫津城,稻富流,已登场,稻富一梦,侍大将,直臣,一宫家,春日山城,稻富流,,,,"[{""stage"":"""",""tkid"":""100"",""ref"":""100_稻富一梦_朝右.png"",""emotion"":0}]"
lord_1_inaba_ittetsu,,稻葉一鐵,稻叶一铁,稻叶,101,Inaba Ittetsu,clan_inaba_1,tokai,基于分组自动创建家族,1,1515,1554,1588,病死,,,稻叶贞通,只限武将,2,2,性急,勇敢,普通,轻率,重视情义,67,武具,贪心,嗜酒如命,其他,枪,80,72,59,73,75,2,3,3,0,2,2,3,0,1,0,0,0,0,1,1,1,无,强袭，拔突，急所击，刚弓，铁壁,无,一般条件,,,已登场,稻叶一铁,城主,直臣,斋藤家,曾根城,无,已登场,稻叶一铁,城主,直臣,斋藤家,曾根城,无,已登场,稻叶一铁,城主,直臣,斋藤家,曾根城,无,已登场,稻叶一铁,城主,直臣,织田家,曾根城,无,已登场,稻叶一铁,城主,直臣,织田家,曾根城,无,已登场,稻叶一铁,城主,直臣,织田家,曾根城,无,已登场,稻叶一铁,城主,直臣,羽柴家,曾根城,无,已死亡,稻叶一铁,无效,无效,无,无效,无,已登场,稻叶一铁,侍大将,直臣,一宫家,春日山城,无,,,,"[{""stage"":"""",""tkid"":""101"",""ref"":""101_稻叶一铁_朝右.png"",""emotion"":0}]"
lord_1_inaba_sadamichi,,稻葉貞通,稻叶贞通,稻叶,102,Inaba Sadamichi,clan_inaba_1,tokai,基于分组自动创建家族,1,1546,1554,1603,病死,稻叶一铁,,稻叶一铁,只限武将,99,99,普通,胆小,现实,轻率,不重情义,34,书籍,普通,普通,其他,枪,42,53,49,50,52,0,1,1,0,0,1,0,0,0,0,0,0,0,2,1,0,无,拔突,无,无要求,,,未登场,稻叶贞通,足轻组头,陪臣（稻叶一铁）,斋藤家,曾根城,无,已登场,稻叶贞通,足轻组头,陪臣（稻叶一铁）,斋藤家,曾根城,无,已登场,稻叶贞通,足轻组头,陪臣（稻叶一铁）,斋藤家,曾根城,无,已登场,稻叶贞通,足轻组头,陪臣（稻叶一铁）,织田家,曾根城,无,已登场,稻叶贞通,足轻组头,陪臣（稻叶一铁）,织田家,曾根城,无,已登场,稻叶贞通,足轻大将,陪臣（稻叶一铁）,织田家,曾根城,无,已登场,稻叶贞通,足轻大将,陪臣（稻叶一铁）,羽柴家,曾根城,无,已登场,稻叶贞通,城主,直臣,织田家,曾根城,无,已登场,稻叶贞通,浪人,其他,无,足利之町,无,,,,"[{""stage"":"""",""tkid"":""102"",""ref"":""102_稻叶贞通_朝右.png"",""emotion"":0}]"
lord_1_inaba_masanari,,稻葉正成,稻叶正成,稻叶,103,Inaba Masanari,clan_inaba_1,tokai,基于分组自动创建家族,1,1571,1585,1628,病死,,,,全职种,95,95,温和,胆小,理想,普通,普通,55,艺术品,普通,滴酒不沾,其他,枪,40,52,44,72,46,0,1,1,0,0,1,0,0,0,0,0,0,0,2,0,1,无,拔突,无,无要求,,,未登场,稻叶正成,浪人,其他,无,井之口之町,无,未登场,稻叶正成,足轻组头,陪臣（稻叶一铁）,斋藤家,曾根城,无,未登场,稻叶正成,浪人,其他,无,井之口之町,无,未登场,稻叶正成,浪人,其他,无,岐阜之町,无,未登场,稻叶正成,足轻组头,陪臣（稻叶一铁）,织田家,曾根城,无,未登场,稻叶正成,浪人,其他,无,岐阜之町,无,未登场,稻叶正成,足轻组头,陪臣（稻叶一铁）,羽柴家,曾根城,无,已登场,稻叶正成,部将,直臣,小早川家,名岛城,无,已登场,稻叶正成,浪人,其他,无,鹿屋之町,无,,,,"[{""stage"":"""",""tkid"":""103"",""ref"":""103_稻叶正成_朝右.png"",""emotion"":0}]"
lord_1_inawashiro,,豬苗代盛國,猪苗代盛国,猪苗代,104,Inawashiro Morikuni,clan_inawashiro_1,ou,精确匹配织丰,1,1536,1554,1589,病死,,,,全职种,64,64,性急,勇敢,理想,轻率,不重情义,83,艺术品,贪心,嗜酒如命,平氏,刀剑,51,63,32,43,42,1,1,0,0,1,1,0,1,0,1,1,1,1,1,0,1,无,强袭,无,无要求,,,已登场,猪苗代盛国,侍大将,直臣,芦名家,黑川城,无,已登场,猪苗代盛国,侍大将,直臣,芦名家,黑川城,无,已登场,猪苗代盛国,侍大将,直臣,芦名家,黑川城,无,已登场,猪苗代盛国,侍大将,直臣,芦名家,黑川城,无,已登场,猪苗代盛国,侍大将,直臣,芦名家,黑川城,无,已登场,猪苗代盛国,侍大将,直臣,芦名家,黑川城,无,已登场,猪苗代盛国,侍大将,直臣,芦名家,黑川城,无,已死亡,猪苗代盛国,无效,无效,无,无效,无,已登场,猪苗代盛国,上忍,直臣,根来众,根来之里,无,,,,"[{""stage"":"""",""tkid"":""104"",""ref"":""104_猪苗代盛国_朝右.png"",""emotion"":0}]"
lord_1_inoko_hyosuke,,豬子兵介,猪子兵介,猪子,105,Inoko Hyosuke,clan_inoko_1,tokai,基于分组自动创建家族,1,1530,1554,1582,病死,,,,全职种,10,0,温和,普通,普通,普通,重视情义,18,武具,无欲,普通,其他,枪,53,59,42,33,60,1,0,0,0,1,1,0,0,0,1,0,0,0,0,0,0,无,拔突,无,无要求,,,已登场,猪子兵介,足轻大将,直臣,斋藤家,稻叶山城,无,已登场,猪子兵介,足轻大将,直臣,斋藤家,稻叶山城,无,已登场,猪子兵介,足轻大将,直臣,织田家,清洲城,无,已登场,猪子兵介,足轻大将,直臣,织田家,岐阜城,无,已登场,猪子兵介,足轻大将,直臣,织田家,岐阜城,无,已登场,猪子兵介,足轻大将,直臣,织田家,安土城,无,已死亡,猪子兵介,无效,无效,无,无效,无,已死亡,猪子兵介,无效,无效,无,无效,无,已登场,猪子兵介,上忍,直臣,根来众,根来之里,无,,,,"[{""stage"":"""",""tkid"":""105"",""ref"":""105_猪子兵介_朝右.png"",""emotion"":0}]"
lord_1_inomata_kuninori,,豬俁邦憲,猪俣邦宪,猪俣,106,Inomata Kuninori,clan_inomata_1,kanto,基于分组自动创建家族,1,1549,1563,1590,战死,,,,全职种,41,41,普通,胆小,普通,轻率,普通,53,书籍,贪心,普通,其他,刀剑,25,46,12,70,34,0,1,0,0,1,1,2,0,1,0,1,1,2,3,0,1,无,强袭,无,无要求,,,未登场,猪俣邦宪,足轻大将,陪臣（北条氏邦）,北条家,小田原城,无,未登场,猪俣邦宪,足轻大将,陪臣（北条氏邦）,北条家,小田原城,无,已登场,猪俣邦宪,足轻组头,直臣,北条家,小田原城,无,已登场,猪俣邦宪,足轻大将,陪臣（北条氏邦）,北条家,馆林城,无,已登场,猪俣邦宪,足轻大将,陪臣（北条氏邦）,北条家,馆林城,无,已登场,猪俣邦宪,足轻大将,陪臣（北条氏邦）,北条家,馆林城,无,已登场,猪俣邦宪,足轻大将,陪臣（北条氏邦）,北条家,箕轮城,无,已死亡,猪俣邦宪,无效,无效,无,无效,无,已登场,猪俣邦宪,头目,首领,根来众,根来之里,无,,,,"[{""stage"":"""",""tkid"":""106"",""ref"":""106_猪俣邦宪_朝右.png"",""emotion"":0}]"
lord_1_imai_sokyu,,今井宗久,今井宗久,今井,107,Imai Sokyu,clan_imai_1,neutral_culture,基于分组自动创建家族,1,1520,1555,1593,病死,,,今井宗薰,武将以外优先,0,0,温和,勇敢,普通,慎重,不重情义,77,南蛮物,贪心,普通,其他,枪,46,35,82,79,74,0,0,1,0,0,1,0,0,0,0,0,4,3,4,4,2,无,拔突，丢钱，贿赂，大宴宾客,茶宗,一般条件,,主角吕宋助左卫门，剧情流程,已登场,今井宗久,当家,首领,纳屋,堺之町,无,已登场,今井宗久,当家,首领,纳屋,堺之町,无,已登场,今井宗久,当家,首领,纳屋,堺之町,无,已登场,今井宗久,当家,首领,纳屋,堺之町,无,已登场,今井宗久,当家,首领,纳屋,堺之町,无,已登场,今井宗久,当家,首领,纳屋,堺之町,无,已登场,今井宗久,当家,首领,纳屋,堺之町,无,已死亡,今井宗久,无效,无效,无,无效,无,已登场,今井宗久,浪人,其他,无,松仓之町,无,,,,"[{""stage"":"""",""tkid"":""107"",""ref"":""107_今井宗久_朝右.png"",""emotion"":0}]"
lord_1_imai_sokun,,今井宗薰,今井宗薰,今井,108,Imai Sokun,clan_imai_1,neutral_culture,基于分组自动创建家族,1,1552,1566,1627,病死,今井宗久,,今井宗久,武将以外优先,90,90,普通,胆小,普通,轻率,普通,47,艺术品,贪心,普通,其他,枪,24,31,51,46,60,0,0,0,0,0,0,0,0,0,1,0,3,2,2,3,1,无,拔突，丢钱,无,无要求,,,未登场,今井宗薰,掌柜,直臣,纳屋,堺之町,无,未登场,今井宗薰,掌柜,直臣,纳屋,堺之町,无,未登场,今井宗薰,掌柜,直臣,纳屋,堺之町,无,已登场,今井宗薰,掌柜,直臣,纳屋,堺之町,无,已登场,今井宗薰,掌柜,直臣,纳屋,堺之町,无,已登场,今井宗薰,掌柜,直臣,纳屋,堺之町,无,已登场,今井宗薰,掌柜,直臣,纳屋,堺之町,无,已登场,今井宗薰,当家,首领,纳屋,堺之町,无,已登场,今井宗薰,浪人,其他,无,松江之町,无,,,,"[{""stage"":"""",""tkid"":""108"",""ref"":""108_今井宗薰_朝右.png"",""emotion"":0}]"
lord_1_imagawa,,今川氏真,今川氏真,今川,109,Imagawa Ujizane,clan_imagawa_1,tokai,精确匹配织丰,1,1538,1554,1614,病死,今川义元,,今川义元,全职种,79,78,温和,胆小,现实,慎重,不重情义,2,艺术品,贪心,嗜酒如命,源氏,刀剑,13,57,62,17,40,0,0,0,0,0,1,0,0,0,1,0,0,4,0,3,1,无,强袭,无,一般条件,,,已登场,今川氏真,部将,直臣,今川家,骏府城,新当流,已登场,今川氏真,家老,直臣,今川家,骏府城,新当流,已登场,今川氏真,家老,直臣,今川家,骏府城,新当流,已登场,今川氏真,大名,首领,今川家,曳马城,新当流,已登场,今川氏真,浪人,其他,无,小田原之町,新当流,已登场,今川氏真,浪人,其他,无,小田原之町,新当流,已登场,今川氏真,浪人,其他,无,小田原之町,新当流,已登场,今川氏真,足轻组头,直臣,德川家,江户城,新当流,已登场,今川氏真,侍大将,直臣,河尻家,水户城,新当流,,,,"[{""stage"":"""",""tkid"":""109"",""ref"":""109_今川氏真_朝右.png"",""emotion"":0}]"
lord_1_imagawa_katsumoto,,今川義元,今川义元,今川,110,Imagawa Katsumoto,clan_imagawa_1,tosan,家族和文化自动推断,1,1519,1554,1560,战死,,,今川氏真,只限武将,48,48,温和,普通,理想,轻率,普通,72,艺术品,贪心,嗜酒如命,源氏,弓,90,24,87,76,79,4,2,1,1,4,1,3,0,2,3,4,1,4,2,3,1,弓箭乱射，进水,刚弓，神弓，天弓，心眼，鸣弦,弓术名人,不可,,主角织田信长，桶狭间之战胜利,已登场,今川义元,大名,首领,今川家,骏府城,无,已登场,今川义元,大名,首领,今川家,骏府城,无,已登场,今川义元,大名,首领,今川家,骏府城,无,已死亡,今川义元,无效,无效,无,无效,无,已死亡,今川义元,无效,无效,无,无效,无,已死亡,今川义元,无效,无效,无,无效,无,已死亡,今川义元,无效,无效,无,无效,无,已死亡,今川义元,无效,无效,无,无效,无,已登场,今川义元,侍大将,直臣,河尻家,水户城,无,,,,"[{""stage"":"""",""tkid"":""110"",""ref"":""110_今川义元_朝右.png"",""emotion"":0}]"
lord_1_uno_fujiemon,,宇野藤右衛門,宇野藤右卫门,宇野,111,Uno Fujiemon,clan_uno_1,neutral_culture,基于分组自动创建家族,1,1534,1554,1591,病死,,,宇野源十郎,武将以外优先,82,82,温和,普通,普通,普通,普通,39,书籍,贪心,普通,其他,枪,17,23,51,61,54,0,0,0,1,0,0,0,1,1,1,1,3,1,2,1,4,无,拔突，伤药，止血，丢钱，大宴宾客,风雅之士,无要求,,,已登场,宇野藤右卫门,当家,首领,虎屋,小田原之町,无,已登场,宇野藤右卫门,当家,首领,虎屋,小田原之町,无,已登场,宇野藤右卫门,当家,首领,虎屋,小田原之町,无,已登场,宇野藤右卫门,当家,首领,虎屋,小田原之町,无,已登场,宇野藤右卫门,当家,首领,虎屋,小田原之町,无,已登场,宇野藤右卫门,当家,首领,虎屋,小田原之町,无,已登场,宇野藤右卫门,当家,首领,虎屋,小田原之町,无,已死亡,宇野藤右卫门,无效,无效,无,无效,无,已登场,宇野藤右卫门,浪人,其他,无,油津之町,无,,,,"[{""stage"":"""",""tkid"":""111"",""ref"":""111_宇野藤右卫门_朝右.png"",""emotion"":0}]"
lord_1_irobe,,色部勝長,色部胜长,色部,112,Irobe Katsunaga,clan_irobe_1,hokuriku,精确匹配织丰,1,1493,1554,1568,病死,,,色部长实 色部显长,全职种,15,15,性急,勇敢,普通,轻率,普通,40,武具,普通,普通,平氏,刀剑,69,72,31,37,41,3,2,1,0,1,1,2,0,1,0,1,1,1,1,1,0,无,强袭,无,一般条件,,,已登场,色部胜长,部将,直臣,长尾家,春日山城,无,已登场,色部胜长,部将,直臣,长尾家,春日山城,无,已登场,色部胜长,家老,直臣,长尾家,春日山城,无,已登场,色部胜长,部将,直臣,上杉家,春日山城,无,已死亡,色部胜长,无效,无效,无,无效,无,已死亡,色部胜长,无效,无效,无,无效,无,已死亡,色部胜长,无效,无效,无,无效,无,已死亡,色部胜长,无效,无效,无,无效,无,已登场,色部胜长,浪人,其他,无,长滨之町,无,,,,"[{""stage"":"""",""tkid"":""112"",""ref"":""112_色部胜长_朝右.png"",""emotion"":0}]"
lord_1_irobe_3,,色部長實,色部长实,色部,113,Irobe Nagazane,clan_irobe_1,hokuriku,精确匹配织丰,1,1553,1567,1592,病死,色部胜长,,色部胜长 色部显长,全职种,15,15,普通,普通,普通,普通,普通,27,书籍,普通,普通,平氏,刀剑,44,51,40,46,53,2,1,1,0,0,0,1,0,1,0,0,0,1,1,0,0,无,强袭,无,无要求,,,未登场,色部长实,足轻组头,直臣,长尾家,春日山城,无,未登场,色部长实,足轻组头,陪臣（色部胜长）,长尾家,春日山城,无,未登场,色部长实,足轻组头,陪臣（色部胜长）,长尾家,春日山城,无,已登场,色部长实,足轻组头,直臣,上杉家,春日山城,无,已登场,色部长实,足轻组头,直臣,上杉家,春日山城,无,已登场,色部长实,足轻大将,直臣,上杉家,春日山城,无,已登场,色部长实,足轻大将,直臣,上杉家,春日山城,无,已死亡,色部长实,无效,无效,无,无效,无,已登场,色部长实,浪人,其他,无,长滨之町,无,,,,"[{""stage"":"""",""tkid"":""113"",""ref"":""113_色部长实_朝右.png"",""emotion"":0}]"
lord_1_iwanari_tomomichi,,岩成友通,岩成友通,岩成,114,Iwanari Tomomichi,clan_iwanari_1,kinai,基于分组自动创建家族,1,1519,1554,1573,战死,,,,全职种,50,50,性急,勇敢,理想,轻率,普通,65,武具,贪心,普通,源氏,刀剑,45,44,49,53,36,1,1,1,0,0,1,1,0,0,0,0,1,0,0,0,1,无,强袭,无,无要求,,,已登场,岩成友通,部将,陪臣（三好长庆）,细川家,芥川城,无,已登场,岩成友通,家老,直臣,三好家,饭盛城,无,已登场,岩成友通,家老,直臣,三好家,饭盛城,无,已登场,岩成友通,家老,直臣,三好家,胜瑞城,无,已死亡,岩成友通,无效,无效,无,无效,无,已死亡,岩成友通,无效,无效,无,无效,无,已死亡,岩成友通,无效,无效,无,无效,无,已死亡,岩成友通,无效,无效,无,无效,无,已登场,岩成友通,浪人,其他,无,杂贺之町,无,,,,"[{""stage"":"""",""tkid"":""114"",""ref"":""114_岩成友通_朝右.png"",""emotion"":0}]"
lord_1_indo,,犬童賴安,犬童赖安,犬童,115,Indo Yoriyasu,clan_indo_1,saikai,精确匹配织丰,1,1521,1554,1606,病死,,,,只限武将,51,51,普通,普通,普通,普通,普通,46,武具,无欲,滴酒不沾,藤原氏,刀剑,76,68,43,60,44,2,0,1,1,1,1,1,0,0,0,1,1,3,1,2,1,无,强袭,无,无要求,,,已登场,犬童赖安,部将,直臣,相良家,人吉城,无,已登场,犬童赖安,部将,直臣,相良家,人吉城,无,已登场,犬童赖安,部将,直臣,相良家,人吉城,无,已登场,犬童赖安,部将,直臣,相良家,人吉城,无,已登场,犬童赖安,部将,直臣,相良家,人吉城,无,已登场,犬童赖安,部将,直臣,相良家,人吉城,无,已登场,犬童赖安,家老,直臣,相良家,人吉城,无,已登场,犬童赖安,家老,直臣,相良家,人吉城,无,已登场,犬童赖安,头目,首领,透波众,透波之里,无,,,,"[{""stage"":"""",""tkid"":""115"",""ref"":""115_犬童赖安_朝右.png"",""emotion"":0}]"
lord_1_uesugi_5,,上杉景勝,上杉景胜,上杉,116,Uesugi Kagekatsu,clan_uesugi_1,hokuriku,精确匹配织丰,1,1555,1569,1623,病死,长尾政景,,长尾政景,只限武将,11,15,性急,勇敢,理想,慎重,重视情义,90,书籍,无欲,滴酒不沾,藤原氏,刀剑,81,71,82,66,83,2,2,2,1,2,1,4,0,2,2,3,2,1,1,2,1,车悬，毘沙门天,强袭，刚弓,无,一般条件,,,未登场,上杉景胜,部将,直臣,长尾家,春日山城,无,未登场,上杉景胜,侍大将,陪臣（长尾政景）,长尾家,春日山城,无,未登场,上杉景胜,部将,直臣,长尾家,春日山城,无,未登场,上杉景胜,部将,直臣,上杉家,春日山城,无,已登场,上杉景胜,部将,直臣,上杉家,春日山城,无,已登场,上杉景胜,大名,首领,上杉家,春日山城,无,已登场,上杉景胜,大名,首领,上杉家,春日山城,无,已登场,上杉景胜,大名,首领,上杉家,会津若松城,无,已登场,上杉景胜,家老,直臣,上泉家,内城,无,,,,"[{""stage"":"""",""tkid"":""116"",""ref"":""116_上杉景胜_朝右.png"",""emotion"":0}]"
lord_1_uesugi_mitsuyasu,,上杉景虎,上杉景虎,上杉,117,Uesugi Mitsuyasu,clan_uesugi_1,hokuriku,家族和文化自动推断,1,1552,1568,1579,战死,北条氏康,北条氏纲,北条氏邦 北条氏繁 北条氏照 北条氏直 北条氏规 北条氏政 北条氏康,全职种,15,80,普通,普通,普通,轻率,普通,74,艺术品,普通,普通,平氏,刀剑,64,63,51,67,53,1,2,1,0,1,1,2,0,0,0,1,2,0,1,1,0,狮子奋迅,强袭,无,一般条件,,,未登场,北条三郎,部将,直臣,北条家,小田原城,无,未登场,北条三郎,侍大将,直臣,北条家,小田原城,无,未登场,北条三郎,部将,直臣,北条家,小田原城,无,已登场,北条三郎,部将,直臣,北条家,小田原城,无,已登场,上杉景虎,部将,直臣,上杉家,春日山城,无,已死亡,上杉景虎,无效,无效,无,无效,无,已死亡,上杉景虎,无效,无效,无,无效,无,已死亡,上杉景虎,无效,无效,无,无效,无,已登场,上杉景虎,中忍,直臣,伊贺众,伊贺之里,无,,,,"[{""stage"":"""",""tkid"":""117"",""ref"":""117_上杉景虎_朝右.png"",""emotion"":0}]"
lord_1_uesugi_yoshiaki,,上杉景信,上杉景信,上杉,118,Uesugi Yoshiaki,clan_uesugi_1,hokuriku,家族和文化自动推断,1,1527,1554,1578,病死,,,,只限武将,14,14,普通,普通,普通,慎重,普通,25,书籍,无欲,普通,藤原氏,刀剑,60,33,66,61,57,1,1,1,0,0,1,1,0,1,2,2,1,0,0,0,1,无,强袭,无,无要求,,,已登场,上杉景信,部将,直臣,长尾家,春日山城,无,已登场,长尾景信,部将,直臣,长尾家,春日山城,无,已登场,长尾景信,部将,直臣,长尾家,春日山城,无,已登场,上杉景信,部将,直臣,上杉家,春日山城,无,已登场,上杉景信,部将,直臣,上杉家,春日山城,无,已死亡,上杉景信,无效,无效,无,无效,无,已死亡,上杉景信,无效,无效,无,无效,无,已死亡,上杉景信,无效,无效,无,无效,无,已登场,上杉景信,家老,直臣,上泉家,内城,无,,,,"[{""stage"":"""",""tkid"":""118"",""ref"":""118_上杉景信_朝右.png"",""emotion"":0}]"
lord_1_uesugi,,上杉謙信,上杉谦信,上杉,119,Uesugi Kenshin,clan_uesugi_1,hokuriku,精确匹配织丰,1,1530,1554,1578,病死,,,,只限武将,15,15,性急,勇敢,理想,轻率,重视情义,89,武具,无欲,普通,藤原氏,刀剑,100,90,63,79,92,4,4,2,1,2,4,4,1,2,3,4,2,4,2,2,2,强行突破，车悬，城门爆破，毘沙门天,强袭，连续斩，拔突，刚弓，当身，刚力，铁壁,剑客，军师,不可,,"主角上杉景胜，御馆之乱
    主角柴田胜家，手取川之战胜利",已登场,长尾景虎,大名,首领,长尾家,春日山城,无,已登场,长尾景虎,大名,首领,长尾家,春日山城,无,已登场,长尾景虎,大名,首领,长尾家,春日山城,无,已登场,上杉谦信,大名,首领,上杉家,春日山城,无,已登场,上杉谦信,大名,首领,上杉家,春日山城,无,已死亡,上杉谦信,无效,无效,无,无效,无,已死亡,上杉谦信,无效,无效,无,无效,无,已死亡,上杉谦信,无效,无效,无,无效,无,已登场,上杉谦信,家老,直臣,上泉家,内城,无,,,,"[{""stage"":"""",""tkid"":""119"",""ref"":""119_上杉谦信_朝正.png"",""emotion"":0}]"
lord_1_kamiya_sotan,,神屋宗湛,神屋宗湛,神屋,120,Kamiya Sotan,clan_kamiya_1,neutral_culture,基于分组自动创建家族,1,1553,1565,1635,病死,神屋绍策,,神屋绍策,武将以外优先,1,1,温和,勇敢,普通,轻率,普通,72,南蛮物,贪心,普通,其他,枪,31,26,67,77,68,0,0,0,1,1,0,0,1,3,2,3,4,2,2,4,2,无,拔突，丢钱，贿赂,风雅之士,无要求,,,未登场,神屋宗湛,掌柜,直臣,神屋,博多之町,无,未登场,神屋宗湛,浪人,其他,无,博多之町,无,未登场,神屋宗湛,掌柜,直臣,神屋,博多之町,无,已登场,神屋宗湛,当家,首领,神屋,博多之町,无,已登场,神屋宗湛,当家,首领,神屋,博多之町,无,已登场,神屋宗湛,当家,首领,神屋,博多之町,无,已登场,神屋宗湛,当家,首领,神屋,博多之町,无,已登场,神屋宗湛,当家,首领,神屋,博多之町,无,已登场,神屋宗湛,浪人,其他,无,甲府之町,无,,,,"[{""stage"":"""",""tkid"":""120"",""ref"":""120_神屋宗湛_朝右.png"",""emotion"":0}]"
lord_1_sakata_genemon,,阪田源右衛門,坂田源右卫门,坂田,121,Sakata Genemon,clan_sakata_1,sanyo,基于分组自动创建家族,1,1511,1554,1580,病死,,,,武将以外优先,80,80,性急,普通,现实,轻率,不重情义,40,艺术品,贪心,嗜酒如命,其他,枪,16,23,45,54,34,0,0,0,0,0,0,1,0,0,0,3,3,2,2,1,0,无,拔突，丢钱，大宴宾客,风雅之士,无要求,,,已登场,坂田源右卫门,当家,首领,坂田屋,甲府之町,无,已登场,坂田源右卫门,当家,首领,坂田屋,甲府之町,无,已登场,坂田源右卫门,当家,首领,坂田屋,甲府之町,无,已登场,坂田源右卫门,当家,首领,坂田屋,甲府之町,无,已登场,坂田源右卫门,当家,首领,坂田屋,甲府之町,无,已死亡,坂田源右卫门,无效,无效,无,无效,无,已死亡,坂田源右卫门,无效,无效,无,无效,无,已死亡,坂田源右卫门,无效,无效,无,无效,无,已登场,坂田源右卫门,浪人,其他,无,松仓之町,无,,,,"[{""stage"":"""",""tkid"":""121"",""ref"":""121_坂田源右卫门_朝右.png"",""emotion"":0}]"
lord_1_ukai_magoroku,,鵜飼孫六,鹈饲孙六,鹈饲,122,Ukai Magoroku,clan_ukai_1,neutral_culture,基于分组自动创建家族,1,1530,1554,1589,病死,,,,武将以外优先,86,88,普通,勇敢,现实,轻率,重视情义,44,武具,无欲,普通,其他,苦无,65,71,33,59,46,3,2,2,1,2,2,2,3,0,0,0,0,0,2,0,2,奈落之术，雷爆之术,强袭，拔突，二连苦无，半月，刚弓，毒苦无，十字投，叠返之术，铁壁,无,无要求,,,已登场,鹈饲孙六,中忍,直臣,甲贺众,甲贺之里,无,已登场,鹈饲孙六,中忍,直臣,甲贺众,甲贺之里,无,已登场,鹈饲孙六,中忍,直臣,甲贺众,甲贺之里,无,已登场,鹈饲孙六,中忍,直臣,甲贺众,甲贺之里,无,已登场,鹈饲孙六,中忍,直臣,甲贺众,甲贺之里,无,已登场,鹈饲孙六,中忍,直臣,甲贺众,甲贺之里,无,已登场,鹈饲孙六,中忍,直臣,甲贺众,甲贺之里,无,已死亡,鹈饲孙六,无效,无效,无,无效,无,已登场,鹈饲孙六,部将,直臣,六角家,大坂城,无,,,,"[{""stage"":"""",""tkid"":""122"",""ref"":""122_鹈饲孙六_朝右.png"",""emotion"":0}]"
lord_1_ukita_6,,宇喜多忠家,宇喜多忠家,宇喜多,123,Ukita Tadaie,clan_ukita_1,sanyo,精确匹配织丰,1,1536,1554,1609,病死,宇喜多兴家,,宇喜多直家 宇喜多秀家 坂崎直盛,全职种,15,15,温和,普通,现实,慎重,普通,23,书籍,普通,普通,其他,刀剑,71,54,63,69,64,1,0,1,0,1,1,1,0,2,1,1,2,1,1,2,2,无,强袭,无,无要求,,,未登场,宇喜多忠家,侍大将,陪臣（宇喜多直家）,浦上家,天神山城,无,已登场,宇喜多忠家,侍大将,陪臣（宇喜多直家）,浦上家,天神山城,无,已登场,宇喜多忠家,侍大将,陪臣（宇喜多直家）,浦上家,天神山城,无,已登场,宇喜多忠家,侍大将,陪臣（宇喜多直家）,浦上家,天神山城,无,已登场,宇喜多忠家,侍大将,陪臣（宇喜多直家）,浦上家,冈山城,无,已登场,宇喜多忠家,家老,直臣,宇喜多家,冈山城,无,已登场,宇喜多忠家,家老,直臣,宇喜多家,冈山城,无,已登场,宇喜多忠家,家老,直臣,宇喜多家,冈山城,无,已登场,宇喜多忠家,浪人,其他,无,松江之町,无,,,,"[{""stage"":"""",""tkid"":""123"",""ref"":""123_宇喜多忠家_朝右.png"",""emotion"":0}]"
lord_1_ukita,,宇喜多直家,宇喜多直家,宇喜多,124,Ukita Naoie,clan_ukita_1,sanyo,精确匹配织丰,1,1529,1554,1581,病死,宇喜多兴家,,宇喜多忠家 宇喜多秀家 坂崎直盛,只限武将,15,15,普通,普通,现实,慎重,不重情义,96,艺术品,贪心,普通,其他,刀剑,86,61,78,97,88,2,3,2,2,2,1,3,3,2,1,1,3,1,4,1,2,鬼谋，威吓，刺杀,强袭，二连苦无，半月，刚弓，丢钱,策士，雄辩,一般条件,宇喜多三老 冈家利/长船贞亲/户川秀安,,已登场,宇喜多直家,家老,直臣,浦上家,天神山城,无,已登场,宇喜多直家,家老,直臣,浦上家,天神山城,无,已登场,宇喜多直家,家老,直臣,浦上家,天神山城,无,已登场,宇喜多直家,家老,直臣,浦上家,天神山城,无,已登场,宇喜多直家,国主,直臣,浦上家,冈山城,无,已死亡,宇喜多直家,无效,无效,无,无效,无,已死亡,宇喜多直家,无效,无效,无,无效,无,已死亡,宇喜多直家,无效,无效,无,无效,无,已登场,宇喜多直家,浪人,其他,无,金泽之町,无,,,,"[{""stage"":"""",""tkid"":""124"",""ref"":""124_宇喜多直家_朝正.png"",""emotion"":0}]"
lord_1_ukita_hideie,,宇喜多秀家,宇喜多秀家,宇喜多,125,Ukita Hideie,clan_ukita_1,sanyo,家族和文化自动推断,1,1572,1586,1655,病死,宇喜多直家,宇喜多兴家,宇喜多忠家 宇喜多直家 坂崎直盛,全职种,12,12,性急,勇敢,理想,轻率,普通,89,南蛮物,贪心,嗜酒如命,其他,刀剑,79,60,52,45,60,3,2,2,0,2,1,1,1,2,1,1,1,2,1,2,1,无,强袭，刚弓,无,一般条件,,,未登场,宇喜多秀家,足轻组头,陪臣（宇喜多直家）,浦上家,天神山城,无,未登场,宇喜多秀家,足轻组头,陪臣（宇喜多直家）,浦上家,天神山城,无,未登场,宇喜多秀家,足轻组头,陪臣（宇喜多直家）,浦上家,天神山城,无,未登场,宇喜多秀家,足轻组头,陪臣（宇喜多直家）,浦上家,天神山城,无,未登场,宇喜多秀家,足轻组头,陪臣（宇喜多直家）,浦上家,冈山城,无,已登场,宇喜多秀家,大名,首领,宇喜多家,冈山城,无,已登场,宇喜多秀家,大名,首领,宇喜多家,冈山城,无,已登场,宇喜多秀家,大名,首领,宇喜多家,冈山城,无,已登场,宇喜多秀家,浪人,其他,无,岐阜之町,无,,,,"[{""stage"":"""",""tkid"":""125"",""ref"":""125_宇喜多秀家_朝右.png"",""emotion"":0}]"
lord_1_uku_sumisada,,宇久純定,宇久纯定,宇久,126,Uku Sumisada,clan_uku_1,neutral_culture,基于分组自动创建家族,1,1502,1555,1576,病死,,,宇久纯玄 宇久玄雅,全职种,15,15,性急,勇敢,普通,轻率,普通,49,南蛮物,贪心,嗜酒如命,源氏,刀剑,71,67,54,56,76,1,2,3,4,2,2,1,2,2,0,0,0,0,1,0,0,齐射，进水,强袭，拔突，二连苦无，急所击，刚弓，铁壁,无,一般条件,,,已登场,宇久纯定,头领,首领,五岛水军,江川之砦,无,已登场,宇久纯定,头领,首领,五岛水军,江川之砦,无,已登场,宇久纯定,头领,首领,五岛水军,江川之砦,无,已登场,宇久纯定,头领,首领,五岛水军,江川之砦,无,已登场,宇久纯定,头领,首领,五岛水军,江川之砦,无,已死亡,宇久纯定,无效,无效,无,无效,无,已死亡,宇久纯定,无效,无效,无,无效,无,已死亡,宇久纯定,无效,无效,无,无效,无,已登场,宇久纯定,浪人,其他,无,鸟取之町,无,,,,"[{""stage"":"""",""tkid"":""126"",""ref"":""126_宇久纯定_朝右.png"",""emotion"":0}]"
lord_1_uku_sungen,,宇久純玄,宇久纯玄,宇久,127,Uku Sungen,clan_uku_1,neutral_culture,基于分组自动创建家族,1,1562,1576,1594,病死,,宇久纯定,宇久纯定 宇久玄雅,全职种,15,15,性急,勇敢,现实,轻率,普通,55,南蛮物,贪心,嗜酒如命,源氏,刀剑,64,68,49,56,74,1,2,3,3,3,2,1,1,2,0,0,0,0,1,0,0,焙烙,强袭，拔突，急所击，刚弓，铁壁,无,无要求,,,未登场,宇久纯玄,船头,直臣,五岛水军,江川之砦,无,未登场,宇久纯玄,船头,直臣,五岛水军,江川之砦,无,未登场,宇久纯玄,船头,直臣,五岛水军,江川之砦,无,未登场,宇久纯玄,船头,直臣,五岛水军,江川之砦,无,未登场,宇久纯玄,船头,直臣,五岛水军,江川之砦,无,已登场,宇久纯玄,头领,首领,五岛水军,江川之砦,无,已登场,宇久纯玄,头领,首领,五岛水军,江川之砦,无,已死亡,宇久纯玄,无效,无效,无,无效,无,已登场,宇久纯玄,浪人,其他,无,厩桥之町,无,,,,"[{""stage"":"""",""tkid"":""127"",""ref"":""127_宇久纯玄_朝右.png"",""emotion"":0}]"
lord_1_usami_sadamitsu,,宇佐美定滿,宇佐美定满,宇佐美,128,Usami Sadamitsu,clan_usami_1,neutral_culture,基于分组自动创建家族,1,1490,1554,1564,战死,,,,全职种,16,16,温和,普通,普通,慎重,不重情义,29,书籍,普通,嗜酒如命,藤原氏,刀剑,85,71,61,87,84,3,3,1,0,1,0,4,1,2,1,1,2,2,3,1,3,车悬，毘沙门天,强袭，伤药,军师,一般条件,,,已登场,宇佐美定满,部将,直臣,长尾家,春日山城,无,已登场,宇佐美定满,家老,直臣,长尾家,春日山城,无,已登场,宇佐美定满,部将,直臣,长尾家,春日山城,无,已死亡,宇佐美定满,无效,无效,无,无效,无,已死亡,宇佐美定满,无效,无效,无,无效,无,已死亡,宇佐美定满,无效,无效,无,无效,无,已死亡,宇佐美定满,无效,无效,无,无效,无,已死亡,宇佐美定满,无效,无效,无,无效,无,已登场,宇佐美定满,下忍,直臣,外闻众,外闻之里,无,,,,"[{""stage"":"""",""tkid"":""128"",""ref"":""128_宇佐美定满_朝右.png"",""emotion"":0}]"
lord_1_ujiie_suehisa,,氏家卜全,氏家卜全,氏家,129,Ujiie Suehisa,clan_ujiie_1,ou,家族和文化自动推断,1,1517,1554,1571,战死,,,氏家行广,全职种,10,30,普通,胆小,普通,轻率,不重情义,56,艺术品,普通,普通,藤原氏,刀剑,65,58,52,47,55,1,2,1,0,0,0,2,0,0,0,1,0,2,1,0,0,无,强袭,无,一般条件,,,已登场,氏家卜全,部将,陪臣（稻叶一铁）,斋藤家,曾根城,无,已登场,氏家卜全,部将,直臣,斋藤家,稻叶山城,无,已登场,氏家卜全,部将,陪臣（稻叶一铁）,斋藤家,曾根城,无,已登场,氏家卜全,部将,陪臣（稻叶一铁）,织田家,曾根城,无,已死亡,氏家卜全,无效,无效,无,无效,无,已死亡,氏家卜全,无效,无效,无,无效,无,已死亡,氏家卜全,无效,无效,无,无效,无,已死亡,氏家卜全,无效,无效,无,无效,无,已登场,氏家卜全,浪人,其他,无,京之町,无,,,,"[{""stage"":"""",""tkid"":""129"",""ref"":""129_氏家卜全_朝右.png"",""emotion"":0}]"
lord_1_ujiie_mitsumoto,,氏家光氏,氏家光氏,氏家,130,Ujiie Mitsumoto,clan_ujiie_1,ou,家族和文化自动推断,1,1565,1579,1623,病死,,,,全职种,50,50,普通,胆小,普通,轻率,普通,49,书籍,普通,普通,藤原氏,刀剑,66,54,27,53,41,2,1,1,0,1,1,2,0,1,0,0,0,0,2,0,0,无,强袭,无,无要求,,,未登场,氏家光氏,足轻组头,直臣,最上家,山形城,无,未登场,氏家光氏,足轻组头,陪臣（氏家守栋）,最上家,山形城,无,未登场,氏家光氏,足轻组头,直臣,最上家,山形城,无,未登场,氏家光氏,足轻组头,直臣,最上家,山形城,无,未登场,氏家光氏,足轻组头,直臣,最上家,山形城,无,已登场,氏家光氏,足轻组头,直臣,最上家,山形城,无,已登场,氏家光氏,足轻组头,直臣,最上家,山形城,无,已登场,氏家光氏,部将,直臣,最上家,山形城,无,已登场,氏家光氏,浪人,其他,无,鸣门之町,无,,,,"[{""stage"":"""",""tkid"":""130"",""ref"":""130_氏家光氏_朝右.png"",""emotion"":0}]"
lord_1_ujiie,,氏家守棟,氏家守栋,氏家,131,Ujiie Morimune,clan_ujiie_1,ou,精确匹配织丰,1,1534,1554,1591,病死,,,,全职种,50,50,普通,胆小,普通,普通,不重情义,82,武具,贪心,普通,藤原氏,刀剑,50,52,60,80,77,1,1,1,0,0,0,3,0,0,0,0,1,2,3,1,1,无,强袭,无,无要求,,,已登场,氏家守栋,侍大将,直臣,最上家,山形城,无,已登场,氏家守栋,侍大将,直臣,最上家,山形城,无,已登场,氏家守栋,侍大将,直臣,最上家,山形城,无,已登场,氏家守栋,侍大将,直臣,最上家,山形城,无,已登场,氏家守栋,侍大将,直臣,最上家,山形城,无,已登场,氏家守栋,部将,直臣,最上家,山形城,无,已登场,氏家守栋,部将,直臣,最上家,山形城,无,已死亡,氏家守栋,无效,无效,无,无效,无,已登场,氏家守栋,浪人,其他,无,鹿儿岛之町,无,,,,"[{""stage"":"""",""tkid"":""131"",""ref"":""131_氏家守栋_朝右.png"",""emotion"":0}]"
lord_1_ujiie_takakazu,,氏家行廣,氏家行广,氏家,132,Ujiie Takakazu,clan_ujiie_1,ou,家族和文化自动推断,1,1546,1560,1615,战死,氏家卜全,,氏家卜全,全职种,20,20,普通,普通,普通,普通,普通,54,艺术品,普通,普通,藤原氏,刀剑,46,51,43,34,53,0,1,1,0,1,1,1,0,0,1,1,0,1,0,0,1,无,强袭,无,无要求,,,未登场,氏家行广,足轻组头,陪臣（氏家卜全）,斋藤家,曾根城,无,未登场,氏家行广,足轻组头,陪臣（氏家卜全）,斋藤家,稻叶山城,无,已登场,氏家行广,足轻组头,陪臣（稻叶一铁）,斋藤家,曾根城,无,已登场,氏家行广,足轻组头,陪臣（稻叶一铁）,织田家,曾根城,无,已登场,氏家行广,足轻组头,陪臣（稻叶一铁）,织田家,曾根城,无,已登场,氏家行广,足轻大将,陪臣（稻叶一铁）,织田家,曾根城,无,已登场,氏家行广,部将,直臣,羽柴家,石山本愿寺,无,已登场,氏家行广,城主,直臣,丰臣家,大河内城,无,已登场,氏家行广,浪人,其他,无,温泉津之町,无,,,,"[{""stage"":"""",""tkid"":""132"",""ref"":""132_氏家行广_朝右.png"",""emotion"":0}]"
lord_1_ushio_yukikiyo,,牛尾幸清,牛尾幸清,牛尾,133,Ushio Yukikiyo,clan_ushio_1,sanyo,基于分组自动创建家族,1,1541,1554,1600,病死,,,,只限武将,25,25,温和,胆小,现实,慎重,不重情义,45,书籍,普通,滴酒不沾,其他,刀剑,46,35,59,56,61,0,1,0,0,0,0,0,0,1,2,2,1,1,2,0,1,无,强袭,无,无要求,,,未登场,牛尾幸清,足轻大将,直臣,尼子家,月山富田城,无,已登场,牛尾幸清,侍大将,直臣,尼子家,月山富田城,无,已登场,牛尾幸清,家老,直臣,尼子家,月山富田城,无,已登场,牛尾幸清,足轻大将,直臣,毛利家,吉田郡山城,无,已登场,牛尾幸清,足轻大将,直臣,毛利家,吉田郡山城,无,已登场,牛尾幸清,足轻大将,直臣,毛利家,吉田郡山城,无,已登场,牛尾幸清,足轻大将,直臣,毛利家,吉田郡山城,无,已死亡,牛尾幸清,无效,无效,无,无效,无,已登场,牛尾幸清,头目,首领,羽黑众,羽黑之里,无,,,,"[{""stage"":"""",""tkid"":""133"",""ref"":""133_牛尾幸清_朝右.png"",""emotion"":0}]"
lord_1_usuki_kagetoshi,,臼杵鑒速,臼杵鉴速,臼杵,134,Usuki Kagetoshi,clan_usuki_1,saikai,基于分组自动创建家族,1,1538,1554,1574,病死,,,,只限武将,58,58,普通,普通,现实,轻率,重视情义,38,武具,无欲,普通,藤原氏,刀剑,68,54,70,73,52,2,3,2,0,2,1,2,0,1,2,1,2,2,3,1,1,无,强袭，刚弓,无,无要求,,,已登场,臼杵鉴速,侍大将,直臣,大友家,府内城,无,已登场,臼杵鉴速,家老,直臣,大友家,府内城,无,已登场,臼杵鉴速,家老,直臣,大友家,府内城,无,已登场,臼杵鉴速,家老,直臣,大友家,府内城,无,已死亡,臼杵鉴速,无效,无效,无,无效,无,已死亡,臼杵鉴速,无效,无效,无,无效,无,已死亡,臼杵鉴速,无效,无效,无,无效,无,已死亡,臼杵鉴速,无效,无效,无,无效,无,已登场,臼杵鉴速,浪人,其他,无,小诸之町,无,,,,"[{""stage"":"""",""tkid"":""134"",""ref"":""134_臼杵鉴速_朝右.png"",""emotion"":0}]"
lord_1_utsunomiya_2,,宇都宮國綱,宇都宫国纲,宇都宫,135,Utsunomiya Kunitsuna,clan_utsunomiya_1,kanto,精确匹配织丰,1,1568,1582,1607,病死,宇都宫广纲,佐竹义昭,芦名盛重 宇都宫广纲 佐竹义昭 佐竹义重,全职种,31,31,普通,胆小,理想,轻率,普通,74,艺术品,贪心,滴酒不沾,藤原氏,刀剑,35,31,52,48,54,1,0,0,0,2,0,0,1,0,0,0,0,1,1,0,0,无,强袭，刚弓,无,无要求,,,未登场,宇都宫国纲,家老,直臣,宇都宫家,宇都宫城,无,未登场,宇都宫国纲,部将,陪臣（宇都宫广纲）,宇都宫家,宇都宫城,无,未登场,宇都宫国纲,家老,直臣,宇都宫家,宇都宫城,无,未登场,宇都宫国纲,家老,直臣,宇都宫家,宇都宫城,无,未登场,宇都宫国纲,家老,直臣,宇都宫家,宇都宫城,无,已登场,宇都宫国纲,大名,首领,宇都宫家,宇都宫城,无,已登场,宇都宫国纲,大名,首领,宇都宫家,宇都宫城,无,已登场,宇都宫国纲,浪人,其他,无,长船之町,无,已登场,宇都宫国纲,浪人,其他,无,安土之町,无,,,,"[{""stage"":"""",""tkid"":""135"",""ref"":""135_宇都宫国纲_朝右.png"",""emotion"":0}]"
lord_1_utsunomiya,,宇都宮廣綱,宇都宫广纲,宇都宫,136,Utsunomiya Hirotsuna,clan_utsunomiya_1,kanto,精确匹配织丰,1,1543,1560,1580,病死,,,宇都宫国纲,全职种,31,31,普通,胆小,普通,轻率,不重情义,66,艺术品,贪心,普通,藤原氏,刀剑,42,24,62,64,52,0,0,0,0,0,0,1,3,1,1,1,0,1,1,0,0,幻惑之术，内讧之术,强袭，二连苦无，半月,无,无要求,,,已登场,宇都宫广纲,大名,首领,宇都宫家,宇都宫城,无,已登场,宇都宫广纲,大名,首领,宇都宫家,宇都宫城,无,已登场,宇都宫广纲,大名,首领,宇都宫家,宇都宫城,无,已登场,宇都宫广纲,大名,首领,宇都宫家,宇都宫城,无,已登场,宇都宫广纲,大名,首领,宇都宫家,宇都宫城,无,已死亡,宇都宫广纲,无效,无效,无,无效,无,已死亡,宇都宫广纲,无效,无效,无,无效,无,已死亡,宇都宫广纲,无效,无效,无,无效,无,已登场,宇都宫广纲,浪人,其他,无,今治之町,无,,,,"[{""stage"":"""",""tkid"":""136"",""ref"":""136_宇都宫广纲_朝右.png"",""emotion"":0}]"
lord_1_utono_ujinaga,,鵜殿氏長,鹈殿氏长,鹈殿,137,Utono Ujinaga,clan_utono_1,tosan,基于分组自动创建家族,1,1549,1563,1624,病死,鹈殿长照,,鹈殿长照,只限武将,47,47,普通,胆小,现实,轻率,普通,41,武具,普通,普通,藤原氏,刀剑,27,37,38,50,34,0,1,1,0,1,0,0,0,0,1,0,0,0,1,1,1,无,强袭,无,无要求,,,未登场,鹈殿氏长,足轻组头,陪臣（鹈殿长照）,今川家,二俣城,无,未登场,鹈殿氏长,足轻组头,陪臣（鹈殿长照）,今川家,骏府城,无,已登场,鹈殿氏长,足轻大将,陪臣（鹈殿长照）,今川家,长篠城,无,已登场,鹈殿氏长,城主,直臣,德川家,二俣城,无,已登场,鹈殿氏长,部将,直臣,德川家,滨松城,无,已登场,鹈殿氏长,城主,直臣,德川家,二俣城,无,已登场,鹈殿氏长,城主,直臣,德川家,二俣城,无,已登场,鹈殿氏长,足轻组头,直臣,德川家,江户城,无,已登场,鹈殿氏长,下忍,直臣,黑胫巾众,黑胫巾之里,无,,,,"[{""stage"":"""",""tkid"":""137"",""ref"":""137_鹈殿氏长_朝右.png"",""emotion"":0}]"
lord_1_utono_nagateru,,鵜殿長照,鹈殿长照,鹈殿,138,Utono Nagateru,clan_utono_1,tosan,基于分组自动创建家族,1,1533,1554,1562,战死,,,鹈殿氏长,只限武将,46,46,普通,普通,普通,普通,重视情义,10,艺术品,普通,普通,藤原氏,刀剑,54,23,44,56,42,1,1,1,0,0,0,1,0,0,0,1,0,0,1,0,1,无,强袭,无,无要求,,,已登场,鹈殿长照,城主,直臣,今川家,二俣城,无,已登场,鹈殿长照,侍大将,直臣,今川家,骏府城,无,已登场,鹈殿长照,城主,直臣,今川家,长篠城,无,已死亡,鹈殿长照,无效,无效,无,无效,无,已死亡,鹈殿长照,无效,无效,无,无效,无,已死亡,鹈殿长照,无效,无效,无,无效,无,已死亡,鹈殿长照,无效,无效,无,无效,无,已死亡,鹈殿长照,无效,无效,无,无效,无,已登场,鹈殿长照,下忍,直臣,黑胫巾众,黑胫巾之里,无,,,,"[{""stage"":"""",""tkid"":""138"",""ref"":""138_鹈殿长照_朝右.png"",""emotion"":0}]"
lord_1_uyama_hisakane,,宇山久兼,宇山久兼,宇山,139,Uyama Hisakane,clan_uyama_1,sanyo,基于分组自动创建家族,1,1511,1554,1566,战死,,,,只限武将,15,85,温和,普通,普通,慎重,重视情义,8,书籍,无欲,普通,其他,刀剑,52,47,56,51,38,0,0,0,0,0,0,0,0,1,1,2,1,1,0,1,1,无,强袭,无,无要求,,,已登场,宇山久兼,部将,直臣,尼子家,月山富田城,无,已登场,宇山久兼,家老,直臣,尼子家,月山富田城,无,已登场,宇山久兼,家老,直臣,尼子家,月山富田城,无,已死亡,宇山久兼,无效,无效,无,无效,无,已死亡,宇山久兼,无效,无效,无,无效,无,已死亡,宇山久兼,无效,无效,无,无效,无,已死亡,宇山久兼,无效,无效,无,无效,无,已死亡,宇山久兼,无效,无效,无,无效,无,已登场,宇山久兼,足轻组头,直臣,山中家,江户城,无,,,,"[{""stage"":"""",""tkid"":""139"",""ref"":""139_宇山久兼_朝右.png"",""emotion"":0}]"
lord_1_uragami,,浦上宗景,浦上宗景,浦上,140,Uragami Munekage,clan_uragami_1,sanyo,精确匹配织丰,1,1514,1554,1577,病死,,,,全职种,60,60,普通,胆小,普通,慎重,不重情义,62,书籍,贪心,普通,其他,刀剑,34,24,51,41,37,1,1,0,0,1,0,0,0,1,1,0,0,3,0,0,0,无,强袭,无,一般条件,,,已登场,浦上宗景,大名,首领,浦上家,天神山城,无,已登场,浦上宗景,大名,首领,浦上家,天神山城,无,已登场,浦上宗景,大名,首领,浦上家,天神山城,无,已登场,浦上宗景,大名,首领,浦上家,天神山城,无,已登场,浦上宗景,大名,首领,浦上家,天神山城,无,已死亡,浦上宗景,无效,无效,无,无效,无,已死亡,浦上宗景,无效,无效,无,无效,无,已死亡,浦上宗景,无效,无效,无,无效,无,已登场,浦上宗景,头领,首领,相模水军,三崎之砦,无,,,,"[{""stage"":"""",""tkid"":""140"",""ref"":""140_浦上宗景_朝右.png"",""emotion"":0}]"
lord_1_uwai_2,,上井覺兼,上井觉兼,上井,141,Uwai Kakuken,clan_uwai_1,saikai,精确匹配织丰,1,1545,1559,1589,病死,,,,全职种,27,27,温和,普通,普通,慎重,普通,36,书籍,普通,普通,其他,刀剑,61,57,72,60,42,1,1,1,0,0,1,2,0,1,2,2,1,3,2,2,2,无,强袭,无,无要求,,,未登场,上井觉兼,侍大将,直臣,岛津家,内城,无,未登场,上井觉兼,足轻大将,直臣,岛津家,内城,无,已登场,上井觉兼,侍大将,直臣,岛津家,内城,无,已登场,上井觉兼,侍大将,直臣,岛津家,内城,无,已登场,上井觉兼,侍大将,直臣,岛津家,内城,无,已登场,上井觉兼,侍大将,直臣,岛津家,内城,无,已登场,上井觉兼,侍大将,直臣,岛津家,内城,无,已死亡,上井觉兼,无效,无效,无,无效,无,已登场,上井觉兼,家老,直臣,上泉家,内城,无,,,,"[{""stage"":"""",""tkid"":""141"",""ref"":""141_上井觉兼_朝右.png"",""emotion"":0}]"
lord_1_unno_rokuro,,海野六郎,海野六郎,海野,142,Unno Rokuro,clan_unno_1,neutral_culture,基于分组自动创建家族,1,1576,1590,1615,病死,,,,只限武将,49,49,普通,普通,普通,慎重,重视情义,11,书籍,无欲,普通,源氏,刀剑,74,55,50,79,86,2,1,1,0,0,0,3,2,0,0,0,1,2,1,0,1,无,强袭，二连苦无,无,一般条件,,,未登场,海野六郎,浪人,其他,无,小诸之町,无,未登场,海野六郎,浪人,其他,无,小诸之町,无,未登场,海野六郎,浪人,其他,无,小诸之町,无,未登场,海野六郎,浪人,其他,无,小诸之町,无,未登场,海野六郎,浪人,其他,无,小诸之町,无,未登场,海野六郎,浪人,其他,无,小诸之町,无,未登场,海野六郎,浪人,其他,无,小诸之町,无,已登场,海野六郎,浪人,其他,无,小诸之町,无,已登场,海野六郎,浪人,其他,无,小诸之町,无,,,,"[{""stage"":"""",""tkid"":""142"",""ref"":""142_海野六郎_朝右.png"",""emotion"":0}]"
lord_1_eiha_hisatora,,穎娃久虎,颖娃久虎,颖娃,143,Eiha Hisatora,clan_eiha_1,saikai,基于分组自动创建家族,1,1558,1572,1587,病死,,,,全职种,30,30,普通,勇敢,普通,轻率,普通,44,南蛮物,普通,嗜酒如命,其他,刀剑,63,73,26,50,53,2,1,2,0,1,2,1,0,0,1,1,0,0,1,0,0,无,强袭，拔突，铁壁,无,无要求,,,未登场,颖娃久虎,足轻组头,直臣,岛津家,内城,无,未登场,颖娃久虎,足轻组头,直臣,岛津家,内城,无,未登场,颖娃久虎,足轻组头,直臣,岛津家,内城,无,未登场,颖娃久虎,足轻组头,直臣,岛津家,内城,无,已登场,颖娃久虎,足轻组头,直臣,岛津家,内城,无,已登场,颖娃久虎,足轻大将,直臣,岛津家,内城,无,已登场,颖娃久虎,足轻大将,直臣,岛津家,内城,无,已死亡,颖娃久虎,无效,无效,无,无效,无,已登场,颖娃久虎,浪人,其他,无,今治之町,无,,,,"[{""stage"":"""",""tkid"":""143"",""ref"":""143_颖娃久虎_朝右.png"",""emotion"":0}]"
lord_1_emura_oyakataka,,江村親家,江村亲家,江村,144,Emura Oyakataka,clan_emura_1,nankai,基于分组自动创建家族,1,1527,1554,1587,病死,吉田重俊,吉田则弘,吉田重俊 吉田孝赖,全职种,80,80,普通,勇敢,普通,轻率,普通,45,武具,普通,嗜酒如命,其他,刀剑,58,45,28,40,36,2,1,1,2,0,0,0,0,0,0,0,0,0,0,0,1,无,强袭,无,无要求,,,已登场,江村亲家,足轻组头,直臣,长宗我部家,冈丰城,无,已登场,江村亲家,足轻组头,直臣,长宗我部家,冈丰城,无,已登场,江村亲家,足轻组头,直臣,长宗我部家,冈丰城,无,已登场,江村亲家,足轻组头,直臣,长宗我部家,冈丰城,无,已登场,江村亲家,足轻组头,直臣,长宗我部家,冈丰城,无,已登场,江村亲家,足轻大将,直臣,长宗我部家,冈丰城,无,已登场,江村亲家,足轻大将,直臣,长宗我部家,冈丰城,无,已死亡,江村亲家,无效,无效,无,无效,无,已登场,江村亲家,浪人,其他,无,厩桥之町,无,,,,"[{""stage"":"""",""tkid"":""144"",""ref"":""144_江村亲家_朝右.png"",""emotion"":0}]"
lord_1_eriguchi_nobutsune,,江裡口信常,江里口信常,江里口,145,Eriguchi Nobutsune,clan_eriguchi_1,saikai,基于分组自动创建家族,1,1548,1562,1584,战死,,,,只限武将,60,60,性急,勇敢,普通,轻率,重视情义,32,武具,普通,嗜酒如命,藤原氏,刀剑,61,81,12,15,54,2,2,2,1,1,2,1,1,0,0,0,0,1,0,0,0,无,强袭，拔突，铁壁,无,无要求,,,未登场,江里口信常,侍大将,直臣,龙造寺家,佐嘉城,无,未登场,江里口信常,侍大将,直臣,龙造寺家,佐嘉城,无,已登场,江里口信常,侍大将,直臣,龙造寺家,佐嘉城,无,已登场,江里口信常,侍大将,直臣,龙造寺家,佐嘉城,无,已登场,江里口信常,侍大将,直臣,龙造寺家,佐嘉城,无,已登场,江里口信常,侍大将,直臣,龙造寺家,佐嘉城,无,已登场,江里口信常,侍大将,直臣,龙造寺家,佐嘉城,无,已死亡,江里口信常,无效,无效,无,无效,无,已登场,江里口信常,浪人,其他,无,土崎凑之町,无,,,,"[{""stage"":"""",""tkid"":""145"",""ref"":""145_江里口信常_朝正.png"",""emotion"":0}]"
lord_1_enjoji_nobutane,,圓城寺信胤,圆城寺信胤,圆城寺,146,Enjoji Nobutane,clan_enjoji_1,saikai,基于分组自动创建家族,1,1542,1556,1584,战死,,,,只限武将,60,60,性急,勇敢,普通,轻率,重视情义,41,武具,无欲,普通,其他,刀剑,62,38,56,60,49,1,2,2,0,0,2,0,0,0,0,0,0,0,0,0,0,无,强袭，拔突，铁壁,无,无要求,,,未登场,圆城寺信胤,侍大将,直臣,龙造寺家,佐嘉城,无,未登场,圆城寺信胤,足轻大将,直臣,龙造寺家,佐嘉城,无,已登场,圆城寺信胤,侍大将,直臣,龙造寺家,佐嘉城,无,已登场,圆城寺信胤,侍大将,直臣,龙造寺家,佐嘉城,无,已登场,圆城寺信胤,侍大将,直臣,龙造寺家,佐嘉城,无,已登场,圆城寺信胤,侍大将,直臣,龙造寺家,佐嘉城,无,已登场,圆城寺信胤,侍大将,直臣,龙造寺家,佐嘉城,无,已死亡,圆城寺信胤,无效,无效,无,无效,无,已登场,圆城寺信胤,浪人,其他,无,出石之町,无,,,,"[{""stage"":"""",""tkid"":""146"",""ref"":""146_圆城寺信胤_朝右.png"",""emotion"":0}]"
lord_1_endo_naokiyo,,遠藤直經,远藤直经,远藤,147,Endo Naokiyo,clan_endo_1,kinai,基于分组自动创建家族,1,1531,1554,1570,战死,,,,只限武将,72,72,性急,普通,现实,轻率,普通,77,武具,普通,普通,藤原氏,刀剑,57,51,16,42,59,2,1,1,0,2,2,2,0,0,0,0,0,0,0,0,1,无,强袭，拔突，刚弓，铁壁,无,无要求,,,已登场,远藤直经,侍大将,直臣,浅井家,小谷城,无,已登场,远藤直经,足轻大将,直臣,浅井家,小谷城,无,已登场,远藤直经,侍大将,直臣,浅井家,小谷城,无,已登场,远藤直经,侍大将,直臣,浅井家,小谷城,无,已死亡,远藤直经,无效,无效,无,无效,无,已死亡,远藤直经,无效,无效,无,无效,无,已死亡,远藤直经,无效,无效,无,无效,无,已死亡,远藤直经,无效,无效,无,无效,无,已登场,远藤直经,浪人,其他,无,轮岛之町,无,,,,"[{""stage"":"""",""tkid"":""147"",""ref"":""147_远藤直经_朝右.png"",""emotion"":0}]"
lord_1_endo_motonobu,,遠藤基信,远藤基信,远藤,148,Endo Motonobu,clan_endo_1,kinai,基于分组自动创建家族,1,1532,1554,1585,战死,,,,只限武将,64,64,普通,普通,现实,慎重,重视情义,23,书籍,无欲,滴酒不沾,藤原氏,刀剑,13,16,78,60,52,0,0,0,0,0,0,1,0,2,3,3,3,2,2,0,2,无,强袭，丢钱,无,无要求,,,已登场,远藤基信,足轻组头,陪臣（中野宗时）,伊达家,米泽城,无,已登场,远藤基信,足轻组头,直臣,伊达家,米泽城,无,已登场,远藤基信,足轻组头,直臣,伊达家,米泽城,无,已登场,远藤基信,足轻组头,直臣,伊达家,米泽城,无,已登场,远藤基信,足轻组头,直臣,伊达家,米泽城,无,已登场,远藤基信,足轻大将,直臣,伊达家,米泽城,无,已登场,远藤基信,家老,直臣,伊达家,米泽城,无,已死亡,远藤基信,无效,无效,无,无效,无,已登场,远藤基信,浪人,其他,无,鸟取之町,无,,,,"[{""stage"":"""",""tkid"":""148"",""ref"":""148_远藤基信_朝右.png"",""emotion"":0}]"
lord_1_oishi_tomohisa,,大石智久,大石智久,大石,149,Oishi Tomohisa,clan_oishi_1,saikai,基于分组自动创建家族,1,1541,1555,1600,病死,,,,全职种,90,90,性急,勇敢,普通,轻率,重视情义,55,武具,贪心,嗜酒如命,源氏,刀剑,59,80,34,42,61,2,1,2,2,2,3,1,1,0,0,0,0,0,0,0,0,无,强袭，连续斩，拔突，刚弓，刚力，铁壁,无,无要求,,,未登场,大石智久,足轻大将,直臣,宗家,金石城,无,未登场,大石智久,足轻大将,直臣,宗家,金石城,无,已登场,大石智久,足轻组头,直臣,宗家,金石城,无,已登场,大石智久,足轻大将,直臣,宗家,金石城,无,已登场,大石智久,足轻大将,直臣,宗家,金石城,无,已登场,大石智久,足轻大将,直臣,宗家,金石城,无,已登场,大石智久,足轻大将,直臣,宗家,金石城,无,已登场,大石智久,侍大将,直臣,宗家,金石城,无,已登场,大石智久,家老,直臣,大久保家,佐贺城,无,,,,"[{""stage"":"""",""tkid"":""149"",""ref"":""149_大石智久_朝右.png"",""emotion"":0}]"
lord_1_ouchi_tetsuna,,大內定綱,大内定纲,大内,150,Ouchi Tetsuna,clan_ouchi_1,ou,基于分组自动创建家族,1,1545,1559,1610,病死,,,,全职种,65,90,普通,胆小,现实,慎重,不重情义,72,武具,贪心,普通,其他,枪,49,82,36,63,21,1,1,1,0,2,3,1,0,0,0,0,1,2,2,1,0,无,强袭，连续斩，拔突，粘花，刚弓，卷枪，引落，柄返，刚力，铁壁,无,无要求,,,未登场,大内定纲,足轻组头,直臣,芦名家,黑川城,无,未登场,大内定纲,足轻组头,直臣,芦名家,黑川城,无,已登场,大内定纲,足轻组头,直臣,芦名家,黑川城,无,已登场,大内定纲,足轻组头,直臣,芦名家,黑川城,无,已登场,大内定纲,足轻组头,直臣,芦名家,黑川城,无,已登场,大内定纲,足轻组头,直臣,芦名家,黑川城,无,已登场,大内定纲,足轻组头,直臣,芦名家,黑川城,无,已登场,大内定纲,部将,直臣,伊达家,仙台城,无,已登场,大内定纲,家老,直臣,大久保家,佐贺城,无,,,,"[{""stage"":"""",""tkid"":""150"",""ref"":""150_大内定纲_朝右.png"",""emotion"":0}]"
lord_1_ouchi_teruhiro,,大內輝弘,大内辉弘,大内,151,Ouchi Teruhiro,clan_ouchi_1,ou,基于分组自动创建家族,1,1520,1554,1569,战死,,,,只限武将,80,80,性急,普通,现实,轻率,普通,63,艺术品,贪心,普通,其他,刀剑,51,47,45,45,50,1,1,1,1,1,1,1,0,0,1,0,1,2,0,0,0,无,强袭,无,无要求,,,已登场,大内辉弘,部将,直臣,大友家,府内城,无,已登场,大内辉弘,家老,直臣,大友家,府内城,无,已登场,大内辉弘,部将,直臣,大友家,府内城,无,已登场,大内辉弘,家老,直臣,大友家,府内城,无,已死亡,大内辉弘,无效,无效,无,无效,无,已死亡,大内辉弘,无效,无效,无,无效,无,已死亡,大内辉弘,无效,无效,无,无效,无,已死亡,大内辉弘,无效,无效,无,无效,无,已登场,大内辉弘,部将,直臣,大久保家,佐贺城,无,,,,"[{""stage"":"""",""tkid"":""151"",""ref"":""151_大内辉弘_朝右.png"",""emotion"":0}]"
lord_1_ouchi_yoshinaga,,大內義長,大内义长,大内,152,Ouchi Yoshinaga,clan_ouchi_1,ou,基于分组自动创建家族,1,1532,1554,1557,病死,大友义鉴,,大友宗麟 大友亲家 大友亲盛 大友义统 大友义鉴,只限武将,50,45,温和,胆小,普通,普通,普通,29,艺术品,普通,普通,其他,刀剑,38,29,28,35,37,0,0,0,0,0,0,0,0,1,0,0,0,3,0,2,1,无,强袭,无,无要求,,主角毛利元就，防长攻略,已登场,大友晴英,部将,直臣,大友家,府内城,无,已登场,大内义长,大名,首领,大内家,山口城,无,已死亡,大内义长,无效,无效,无,无效,无,已死亡,大内义长,无效,无效,无,无效,无,已死亡,大内义长,无效,无效,无,无效,无,已死亡,大内义长,无效,无效,无,无效,无,已死亡,大内义长,无效,无效,无,无效,无,已死亡,大内义长,无效,无效,无,无效,无,已登场,大内义长,部将,直臣,大久保家,佐贺城,无,,,,"[{""stage"":"""",""tkid"":""152"",""ref"":""152_大内义长_朝右.png"",""emotion"":0}]"
lord_1_okubo_6,,大久保忠佐,大久保忠佐,大久保,153,Okubo Tadasuke,clan_okubo_1,tokai,精确匹配织丰,1,1537,1554,1613,病死,大久保忠员,,大久保忠教 大久保忠邻 大久保忠世,全职种,90,90,性急,勇敢,理想,轻率,重视情义,45,武具,普通,嗜酒如命,藤原氏,刀剑,65,75,42,65,71,2,2,2,0,1,2,1,0,1,1,1,1,1,0,0,0,无,强袭，拔突，铁壁,无,无要求,,,未登场,大久保忠佐,侍大将,直臣,松平家,冈崎城,无,已登场,大久保忠佐,足轻组头,陪臣（松平元康）,今川家,骏府城,无,已登场,大久保忠佐,足轻大将,陪臣（松平元康）,今川家,冈崎城,无,已登场,大久保忠佐,侍大将,直臣,德川家,冈崎城,无,已登场,大久保忠佐,侍大将,直臣,德川家,滨松城,无,已登场,大久保忠佐,侍大将,直臣,德川家,滨松城,无,已登场,大久保忠佐,侍大将,直臣,德川家,滨松城,无,已登场,大久保忠佐,部将,直臣,德川家,江户城,无,已登场,大久保忠佐,部将,陪臣（大久保忠世）,大久保家,金石城,无,,,,"[{""stage"":"""",""tkid"":""153"",""ref"":""153_大久保忠佐_朝右.png"",""emotion"":0}]"
lord_1_okubo_9,,大久保忠教,大久保忠教,大久保,154,Okubo Tadataka,clan_okubo_1,tokai,精确匹配织丰,1,1560,1574,1639,病死,大久保忠员,,大久保忠佐 大久保忠邻 大久保忠世,只限武将,90,90,性急,勇敢,理想,轻率,重视情义,55,武具,无欲,普通,藤原氏,枪,63,76,56,60,80,2,1,1,1,1,2,3,0,0,0,0,0,3,3,0,0,无,强袭，拔突，铁壁,无,一般条件,,,未登场,大久保忠教,足轻组头,直臣,松平家,冈崎城,无,未登场,大久保忠教,足轻组头,陪臣（松平元康）,今川家,骏府城,无,未登场,大久保忠教,浪人,其他,无,冈崎之町,无,未登场,大久保忠教,足轻组头,直臣,德川家,冈崎城,无,已登场,大久保忠教,足轻组头,直臣,德川家,滨松城,无,已登场,大久保忠教,足轻组头,直臣,德川家,滨松城,无,已登场,大久保忠教,足轻组头,直臣,德川家,滨松城,无,已登场,大久保忠教,侍大将,陪臣（大久保忠邻）,德川家,小田原城,无,已登场,大久保忠教,足轻组头,直臣,大久保家,佐贺城,无,,,,"[{""stage"":"""",""tkid"":""154"",""ref"":""154_大久保忠教_朝右.png"",""emotion"":0}]"
lord_1_okubo_4,,大久保忠鄰,大久保忠邻,大久保,155,Okubo Tadachika,clan_okubo_1,tokai,精确匹配织丰,1,1553,1567,1628,病死,大久保忠世,大久保忠员,大久保忠佐 大久保忠教 大久保忠世,只限武将,90,65,温和,勇敢,普通,普通,重视情义,48,书籍,普通,普通,藤原氏,枪,58,35,67,46,40,1,2,1,0,1,2,2,0,1,1,1,2,2,1,0,1,无,强袭，拔突，铁壁,无,一般条件,,,未登场,大久保忠邻,足轻组头,陪臣（大久保忠世）,松平家,冈崎城,无,未登场,大久保忠邻,足轻组头,陪臣（大久保忠世）,今川家,骏府城,无,未登场,大久保忠邻,足轻组头,陪臣（大久保忠世）,今川家,冈崎城,无,已登场,大久保忠邻,足轻组头,陪臣（大久保忠世）,德川家,冈崎城,无,已登场,大久保忠邻,足轻组头,陪臣（大久保忠世）,德川家,滨松城,无,已登场,大久保忠邻,足轻组头,陪臣（大久保忠世）,德川家,滨松城,无,已登场,大久保忠邻,足轻组头,陪臣（大久保忠世）,德川家,滨松城,无,已登场,大久保忠邻,城主,直臣,德川家,小田原城,无,已登场,大久保忠邻,足轻组头,直臣,大久保家,佐贺城,无,,,,"[{""stage"":"""",""tkid"":""155"",""ref"":""155_大久保忠邻_朝正.png"",""emotion"":0}]"
lord_1_okubo_2,,大久保忠世,大久保忠世,大久保,156,Okubo Tadayo,clan_okubo_1,tokai,精确匹配织丰,1,1532,1554,1594,病死,大久保忠员,,大久保忠佐 大久保忠教 大久保忠邻,只限武将,90,90,普通,勇敢,普通,普通,普通,40,武具,无欲,普通,藤原氏,刀剑,71,67,35,71,65,2,2,1,1,1,1,2,0,1,1,1,1,1,1,1,1,三河武者,强袭,无,无要求,,,已登场,大久保忠世,侍大将,直臣,松平家,冈崎城,无,已登场,大久保忠世,足轻组头,陪臣（松平元康）,今川家,骏府城,无,已登场,大久保忠世,侍大将,陪臣（松平元康）,今川家,冈崎城,无,已登场,大久保忠世,侍大将,直臣,德川家,冈崎城,无,已登场,大久保忠世,侍大将,直臣,德川家,滨松城,无,已登场,大久保忠世,侍大将,直臣,德川家,滨松城,无,已登场,大久保忠世,侍大将,直臣,德川家,滨松城,无,已死亡,大久保忠世,无效,无效,无,无效,无,已登场,大久保忠世,城主,直臣,大久保家,金石城,无,,,,"[{""stage"":"""",""tkid"":""156"",""ref"":""156_大久保忠世_朝右.png"",""emotion"":0}]"
lord_1_okubo_nagayasu,,大久保長安,大久保长安,大久保,157,Okubo Nagayasu,clan_okubo_1,tokai,家族和文化自动推断,1,1545,1559,1613,病死,,,,全职种,99,99,普通,普通,普通,轻率,不重情义,61,艺术品,贪心,普通,其他,刀剑,7,2,92,69,41,0,0,0,0,0,0,0,0,2,2,4,3,1,2,1,1,无,强袭，丢钱,无,一般条件,,,未登场,大久保长安,浪人,其他,无,甲府之町,无,未登场,大久保长安,浪人,其他,无,甲府之町,无,已登场,大久保长安,浪人,其他,无,甲府之町,无,已登场,大久保长安,浪人,其他,无,甲府之町,无,已登场,大久保长安,浪人,其他,无,甲府之町,无,已登场,大久保长安,浪人,其他,无,甲府之町,无,已登场,大久保长安,浪人,其他,无,甲府之町,无,已登场,大久保长安,侍大将,直臣,德川家,江户城,无,已登场,大久保长安,大名,首领,大久保家,佐贺城,无,,,,"[{""stage"":"""",""tkid"":""157"",""ref"":""157_大久保长安_朝右.png"",""emotion"":0}]"
lord_1_okuma_tomohide,,大熊朝秀,大熊朝秀,大熊,158,Okuma Tomohide,clan_okuma_1,tosan,基于分组自动创建家族,1,1517,1554,1582,病死,,,,全职种,52,52,普通,普通,普通,慎重,不重情义,40,艺术品,贪心,普通,源氏,刀剑,52,39,64,53,52,1,1,1,0,1,1,1,0,1,2,1,3,1,1,1,1,无,强袭，丢钱,无,无要求,,,已登场,大熊朝秀,侍大将,直臣,长尾家,春日山城,无,已登场,大熊朝秀,侍大将,直臣,长尾家,春日山城,无,已登场,大熊朝秀,侍大将,直臣,武田家,踯躅崎馆,无,已登场,大熊朝秀,侍大将,直臣,武田家,踯躅崎馆,无,已登场,大熊朝秀,侍大将,直臣,武田家,踯躅崎馆,无,已登场,大熊朝秀,侍大将,直臣,武田家,甲府城,无,已死亡,大熊朝秀,无效,无效,无,无效,无,已死亡,大熊朝秀,无效,无效,无,无效,无,已登场,大熊朝秀,上忍,直臣,钵屋众,钵屋之里,无,,,,"[{""stage"":"""",""tkid"":""158"",""ref"":""158_大熊朝秀_朝右.png"",""emotion"":0}]"
lord_1_osaki,,大崎義隆,大崎义隆,大崎,159,Osaki Yoshitaka,clan_osaki_1,ou,精确匹配织丰,1,1548,1562,1603,病死,大崎义直,,大崎义直,只限武将,75,75,普通,勇敢,普通,慎重,普通,60,武具,普通,普通,源氏,刀剑,58,39,43,24,36,1,1,1,0,1,1,1,0,0,2,1,0,0,1,0,0,无,强袭,无,无要求,,,未登场,大崎义隆,家老,直臣,大崎家,名生城,无,未登场,大崎义隆,部将,陪臣（大崎义直）,大崎家,名生城,无,已登场,大崎义隆,家老,直臣,大崎家,名生城,无,已登场,大崎义隆,家老,直臣,大崎家,名生城,无,已登场,大崎义隆,家老,直臣,大崎家,名生城,无,已登场,大崎义隆,大名,首领,大崎家,名生城,无,已登场,大崎义隆,大名,首领,大崎家,名生城,无,已登场,大崎义隆,部将,直臣,上杉家,会津若松城,无,已登场,大崎义隆,家老,直臣,大久保家,佐贺城,无,,,,"[{""stage"":"""",""tkid"":""159"",""ref"":""159_大崎义隆_朝右.png"",""emotion"":0}]"
lord_1_osaki_1,,大崎義直,大崎义直,大崎,160,Osaki Yoshinao,clan_osaki_1,ou,精确匹配织丰,1,1517,1554,1577,病死,,,大崎义隆,只限武将,75,75,普通,胆小,现实,慎重,普通,29,艺术品,贪心,滴酒不沾,源氏,刀剑,35,44,47,51,56,1,0,1,0,1,1,0,0,2,0,0,0,0,1,0,0,无,强袭,无,一般条件,,,已登场,大崎义直,大名,首领,大崎家,名生城,无,已登场,大崎义直,大名,首领,大崎家,名生城,无,已登场,大崎义直,大名,首领,大崎家,名生城,无,已登场,大崎义直,大名,首领,大崎家,名生城,无,已登场,大崎义直,大名,首领,大崎家,名生城,无,已死亡,大崎义直,无效,无效,无,无效,无,已死亡,大崎义直,无效,无效,无,无效,无,已死亡,大崎义直,无效,无效,无,无效,无,已登场,大崎义直,部将,直臣,大久保家,佐贺城,无,,,,"[{""stage"":"""",""tkid"":""160"",""ref"":""160_大崎义直_朝右.png"",""emotion"":0}]"
lord_1_ota_ujiyasu,,大須賀康高,大须贺康高,大须贺,161,Ota Ujiyasu,clan_ota_1,kanto,基于分组自动创建家族,1,1528,1554,1589,病死,,,,只限武将,60,60,温和,普通,现实,慎重,普通,26,书籍,无欲,普通,平氏,刀剑,65,46,52,37,44,1,1,1,2,1,0,2,0,1,1,0,0,1,0,0,1,无,强袭,无,无要求,,,已登场,大须贺康高,足轻组头,直臣,松平家,冈崎城,无,已登场,大须贺康高,足轻组头,陪臣（松平元康）,今川家,骏府城,无,已登场,大须贺康高,足轻组头,陪臣（松平元康）,今川家,冈崎城,无,已登场,大须贺康高,侍大将,直臣,德川家,冈崎城,无,已登场,大须贺康高,侍大将,直臣,德川家,滨松城,无,已登场,大须贺康高,侍大将,直臣,德川家,滨松城,无,已登场,大须贺康高,侍大将,直臣,德川家,滨松城,无,已死亡,大须贺康高,无效,无效,无,无效,无,已登场,大须贺康高,家老,直臣,大久保家,佐贺城,无,,,,"[{""stage"":"""",""tkid"":""161"",""ref"":""161_大须贺康高_朝正.png"",""emotion"":0}]"
lord_1_otaa_gyuichi,,太田氏資,太田氏资,太田,162,Otaa Gyuichi,clan_otaa_1,kanto,基于分组自动创建家族,1,1543,1557,1567,战死,太田三乐斋,,太田三乐斋 梶原政景,全职种,70,70,性急,胆小,现实,慎重,不重情义,55,南蛮物,贪心,普通,源氏,刀剑,51,55,43,60,35,1,0,1,2,1,2,1,0,0,0,0,0,2,2,0,0,无,强袭，拔突，铁壁,无,无要求,,,未登场,太田氏资,侍大将,直臣,太田家,岩槻城,无,未登场,太田氏资,部将,陪臣（太田资正）,太田家,岩槻城,无,已登场,太田氏资,家老,直臣,太田家,岩槻城,无,已死亡,太田氏资,无效,无效,无,无效,无,已死亡,太田氏资,无效,无效,无,无效,无,已死亡,太田氏资,无效,无效,无,无效,无,已死亡,太田氏资,无效,无效,无,无效,无,已死亡,太田氏资,无效,无效,无,无效,无,已登场,太田氏资,浪人,其他,无,鸣门之町,无,,,,"[{""stage"":"""",""tkid"":""162"",""ref"":""162_太田氏资_朝右.png"",""emotion"":0}]"
lord_1_otaa_sanrakusai,,太田牛一,太田牛一,太田,163,Otaa Sanrakusai,clan_otaa_1,kanto,基于分组自动创建家族,1,1527,1554,1611,病死,,,,全职种,0,0,性急,勇敢,现实,慎重,普通,17,武具,无欲,普通,其他,弓,37,79,62,66,71,1,0,0,0,4,0,1,0,0,1,0,1,3,3,0,2,弓箭乱射,刚弓，神弓，天弓，心眼,弓术名人,一般条件,,,已登场,太田牛一,足轻组头,直臣,织田家,那古野城,无,已登场,太田牛一,足轻组头,直臣,织田家,清洲城,无,已登场,太田牛一,足轻组头,直臣,织田家,清洲城,无,已登场,太田牛一,足轻组头,直臣,织田家,岐阜城,无,已登场,太田牛一,足轻组头,直臣,织田家,岐阜城,无,已登场,太田牛一,足轻组头,直臣,织田家,安土城,无,已登场,太田牛一,侍大将,直臣,羽柴家,石山本愿寺,无,已登场,太田牛一,足轻大将,直臣,丰臣家,大坂城,无,已登场,太田牛一,中忍,直臣,羽黑众,羽黑之里,无,,,,"[{""stage"":"""",""tkid"":""163"",""ref"":""163_太田牛一_朝右.png"",""emotion"":0}]"
lord_1_otaa_sanzesai,,太田三樂齋,太田三乐斋,太田,164,Otaa Sanzesai,clan_otaa_1,kanto,基于分组自动创建家族,1,1522,1554,1591,病死,,,太田氏资 梶原政景,只限武将,15,15,普通,勇敢,普通,轻率,普通,69,武具,普通,普通,源氏,弓,79,65,49,59,48,2,3,1,2,4,2,2,2,0,1,0,0,3,1,2,0,弓箭乱射,强袭，拔突，二连苦无，刚弓，神弓，天弓，铁壁，心眼，忍犬之术，鸣弦,弓术名人,无要求,,,已登场,太田资正,大名,首领,太田家,岩槻城,无,已登场,太田资正,大名,首领,太田家,岩槻城,无,已登场,太田资正,大名,首领,太田家,岩槻城,无,已登场,太田三乐斋,城主,直臣,佐竹家,小田城,无,已登场,太田三乐斋,家老,直臣,佐竹家,太田城,无,已登场,太田三乐斋,家老,直臣,佐竹家,太田城,无,已登场,太田三乐斋,家老,直臣,佐竹家,水户城,无,已死亡,太田三乐斋,无效,无效,无,无效,无,已登场,太田资正,下忍,直臣,透波众,透波之里,无,,,,"[{""stage"":"""",""tkid"":""164"",""ref"":""164_太田三乐斋_朝右.png"",""emotion"":0}]"
lord_1_otsuki_kageshu,,大谷吉繼,大谷吉继,大谷,165,Otsuki Kageshu,clan_otsuki_1,kinai,基于分组自动创建家族,1,1559,1573,1600,战死,,,大谷吉治,只限武将,16,16,普通,勇敢,理想,轻率,重视情义,32,武具,普通,普通,源氏,枪,80,69,72,81,76,2,1,2,2,1,2,1,0,2,2,1,3,2,0,2,1,无,强袭，拔突，铁壁，丢钱,无,一般条件,,,未登场,大谷吉继,浪人,其他,无,目加田之町,无,未登场,大谷吉继,浪人,其他,无,目加田之町,无,未登场,大谷吉继,浪人,其他,无,目加田之町,无,未登场,大谷吉继,浪人,其他,无,目加田之町,无,已登场,大谷吉继,浪人,其他,无,目加田之町,无,已登场,大谷吉继,足轻组头,陪臣（羽柴秀吉）,织田家,姬路城,无,已登场,大谷吉继,足轻组头,直臣,羽柴家,石山本愿寺,无,已登场,大谷吉继,大名,首领,大谷家,敦贺城,无,已登场,大谷吉继,家老,直臣,大久保家,佐贺城,无,,,,"[{""stage"":"""",""tkid"":""165"",""ref"":""165_大谷吉继_朝右.png"",""emotion"":0}]"
lord_1_ogasawara_shozai,,大月景秀,大月景秀,大月,166,Ogasawara Shozai,clan_ogasawara_1,neutral_culture,基于分组自动创建家族,1,1522,1554,1573,病死,,,,全职种,50,50,温和,胆小,现实,普通,普通,12,书籍,无欲,滴酒不沾,源氏,枪,26,41,48,51,64,0,0,0,0,0,0,0,0,0,0,1,1,3,2,1,4,无,拔突，伤药，止血,良医,一般条件,,,已登场,大月景秀,医师,其他,无,敦贺之町,无,已登场,大月景秀,医师,其他,无,敦贺之町,无,已登场,大月景秀,医师,其他,无,敦贺之町,无,已登场,大月景秀,医师,其他,无,敦贺之町,无,已死亡,大月景秀,无效,无效,无,无效,无,已死亡,大月景秀,无效,无效,无,无效,无,已死亡,大月景秀,无效,无效,无,无效,无,已死亡,大月景秀,无效,无效,无,无效,无,已登场,大月景秀,部将,直臣,大久保家,佐贺城,无,,,,"[{""stage"":"""",""tkid"":""166"",""ref"":""166_大月景秀_朝右.png"",""emotion"":0}]"
lord_1_otomo,,大友宗麟,大友宗麟,大友,167,Otomo Sorin,clan_otomo_1,saikai,精确匹配织丰,1,1530,1554,1587,病死,大友义鉴,,大内义长 大友亲家 大友亲盛 大友义统 大友义鉴,只限武将,84,84,性急,勇敢,普通,普通,普通,81,南蛮物,贪心,普通,藤原氏,刀剑,86,59,86,74,85,4,3,3,2,1,0,2,0,2,2,1,1,3,2,3,2,强行突破，加护,强袭，急所击,无,一般条件,臼杵鉴速/吉冈长增/吉弘鉴理,,已登场,大友义镇,家老,直臣,大友家,府内城,无,已登场,大友义镇,大名,首领,大友家,府内城,无,已登场,大友义镇,大名,首领,大友家,府内城,无,已登场,大友义镇,大名,首领,大友家,府内城,无,已登场,大友宗麟,大名,首领,大友家,府内城,无,已登场,大友宗麟,大名,首领,大友家,府内城,无,已登场,大友宗麟,大名,首领,大友家,府内城,无,已死亡,大友宗麟,无效,无效,无,无效,无,已登场,大友宗麟,部将,直臣,大久保家,佐贺城,无,,,,"[{""stage"":"""",""tkid"":""167"",""ref"":""167_大友宗麟_朝右.png"",""emotion"":0}]"
lord_1_otomo_3,,大友親家,大友亲家,大友,168,Otomo Chikaie,clan_otomo_1,saikai,精确匹配织丰,1,1561,1575,1641,病死,大友宗麟,大友义鉴,大内义长 大友宗麟 大友亲盛 大友义统 大友义鉴,全职种,84,84,性急,勇敢,理想,轻率,不重情义,76,武具,贪心,嗜酒如命,藤原氏,刀剑,49,72,35,25,52,1,0,0,0,2,3,1,0,0,0,0,0,0,1,1,0,无,强袭，连续斩，拔突，刚弓，刚力，铁壁,无,无要求,,,未登场,大友亲家,部将,陪臣（大友义镇）,大友家,府内城,无,未登场,大友亲家,部将,陪臣（大友义镇）,大友家,府内城,无,未登场,大友亲家,部将,直臣,大友家,府内城,无,未登场,大友亲家,部将,直臣,大友家,府内城,无,已登场,大友亲家,部将,直臣,大友家,府内城,无,已登场,大友亲家,部将,直臣,大友家,府内城,无,已登场,大友亲家,部将,直臣,大友家,府内城,无,已登场,大友亲家,部将,直臣,立花家,柳川城,无,已登场,大友亲家,部将,陪臣（大友宗麟）,大久保家,佐贺城,无,,,,"[{""stage"":"""",""tkid"":""168"",""ref"":""168_大友亲家_朝右.png"",""emotion"":0}]"
lord_1_otomo_4,,大友親盛,大友亲盛,大友,169,Otomo Chikamori,clan_otomo_1,saikai,精确匹配织丰,1,1567,1581,1643,病死,大友宗麟,大友义鉴,大内义长 大友宗麟 大友亲家 大友义统 大友义鉴,全职种,84,84,温和,胆小,普通,普通,普通,43,书籍,无欲,滴酒不沾,藤原氏,刀剑,39,43,62,51,61,0,1,0,0,0,0,0,0,0,1,1,0,2,1,1,1,无,强袭,无,无要求,,,未登场,大友亲盛,部将,陪臣（大友义镇）,大友家,府内城,无,未登场,大友亲盛,部将,陪臣（大友义镇）,大友家,府内城,无,未登场,大友亲盛,部将,直臣,大友家,府内城,无,未登场,大友亲盛,部将,直臣,大友家,府内城,无,未登场,大友亲盛,部将,直臣,大友家,府内城,无,已登场,大友亲盛,部将,直臣,大友家,府内城,无,已登场,大友亲盛,部将,直臣,大友家,府内城,无,已登场,大友亲盛,浪人,其他,无,小仓之町,无,已登场,大友亲盛,部将,陪臣（大友宗麟）,大久保家,佐贺城,无,,,,"[{""stage"":"""",""tkid"":""169"",""ref"":""169_大友亲盛_朝右.png"",""emotion"":0}]"
lord_1_otomo_2,,大友義統,大友义统,大友,170,Otomo Yoshimune,clan_otomo_1,saikai,精确匹配织丰,1,1558,1572,1610,病死,大友宗麟,大友义鉴,大内义长 大友宗麟 大友亲家 大友亲盛 大友义鉴,全职种,84,84,普通,胆小,普通,普通,普通,65,南蛮物,贪心,滴酒不沾,藤原氏,刀剑,42,32,41,30,63,0,0,1,0,0,0,0,0,1,0,0,1,0,0,0,1,无,强袭,无,一般条件,,,未登场,大友义统,部将,陪臣（大友义镇）,大友家,府内城,无,未登场,大友义统,部将,陪臣（大友义镇）,大友家,府内城,无,未登场,大友义统,家老,直臣,大友家,府内城,无,未登场,大友义统,家老,直臣,大友家,府内城,无,已登场,大友义统,家老,直臣,大友家,府内城,无,已登场,大友义统,家老,直臣,大友家,府内城,无,已登场,大友义统,家老,直臣,大友家,府内城,无,已登场,大友义统,浪人,其他,无,府内之町,无,已登场,大友义统,部将,陪臣（大友宗麟）,大久保家,佐贺城,无,,,,"[{""stage"":"""",""tkid"":""170"",""ref"":""170_大友义统_朝右.png"",""emotion"":0}]"
lord_1_oka_toshimasa,,大野治長,大野治长,大野,171,Oka Toshimasa,clan_oka_1,kinai,基于分组自动创建家族,1,1569,1584,1615,战死,大野治长父,,大野治房,只限武将,20,20,性急,胆小,理想,轻率,普通,65,艺术品,贪心,嗜酒如命,其他,刀剑,29,28,57,59,35,0,0,1,0,0,0,0,0,2,1,2,0,3,1,4,0,无,强袭,风雅之士,一般条件,,,未登场,大野治长,浪人,其他,无,井之口之町,无,未登场,大野治长,足轻组头,直臣,织田家,清洲城,无,未登场,大野治长,足轻组头,直臣,织田家,清洲城,无,未登场,大野治长,足轻组头,直臣,织田家,岐阜城,无,未登场,大野治长,足轻组头,直臣,织田家,岐阜城,无,未登场,大野治长,足轻组头,陪臣（羽柴秀吉）,织田家,姬路城,无,已登场,大野治长,足轻组头,直臣,羽柴家,石山本愿寺,无,已登场,大野治长,部将,直臣,丰臣家,大坂城,无,已登场,大野治长,部将,直臣,大久保家,佐贺城,无,,,,"[{""stage"":"""",""tkid"":""171"",""ref"":""171_大野治长_朝右.png"",""emotion"":0}]"
lord_1_omura,,大村純忠,大村纯忠,大村,172,Omura Sumitada,clan_omura_1,saikai,精确匹配织丰,1,1533,1554,1587,病死,有马晴纯,,有马晴信 有马义贞 有马晴纯,全职种,70,70,温和,普通,理想,普通,重视情义,16,南蛮物,贪心,滴酒不沾,藤原氏,刀剑,48,37,62,55,42,0,1,2,1,0,0,0,0,0,1,2,1,2,3,1,2,无,强袭,无,无要求,,,已登场,大村纯忠,城主,直臣,有马家,大村城,无,已登场,大村纯忠,城主,直臣,龙造寺家,大村城,无,已登场,大村纯忠,城主,直臣,龙造寺家,大村城,无,已登场,大村纯忠,城主,直臣,龙造寺家,大村城,无,已登场,大村纯忠,城主,直臣,龙造寺家,大村城,无,已登场,大村纯忠,城主,直臣,龙造寺家,大村城,无,已登场,大村纯忠,家老,直臣,龙造寺家,佐嘉城,无,已死亡,大村纯忠,无效,无效,无,无效,无,已登场,大村纯忠,部将,直臣,大久保家,佐贺城,无,,,,"[{""stage"":"""",""tkid"":""172"",""ref"":""172_大村纯忠_朝右.png"",""emotion"":0}]"
lord_1_okamoto_zuiensai,,小笠原長時,小笠原长时,小笠原,173,Okamoto Zuiensai,clan_okamoto_1,hokuriku,基于分组自动创建家族,1,1514,1554,1583,病死,,,,全职种,15,15,温和,胆小,现实,慎重,普通,67,艺术品,普通,普通,源氏,刀剑,24,31,41,29,53,0,0,1,0,0,0,1,0,0,0,0,2,3,0,1,1,无,强袭,无,无要求,,,已登场,小笠原长时,大名,首领,小笠原家,高远城,无,已登场,小笠原长时,足轻大将,直臣,长尾家,春日山城,无,已登场,小笠原长时,足轻大将,直臣,三好家,饭盛城,无,已登场,小笠原长时,足轻大将,直臣,上杉家,春日山城,无,已登场,小笠原长时,足轻大将,直臣,上杉家,春日山城,无,已登场,小笠原长时,足轻大将,直臣,上杉家,春日山城,无,已死亡,小笠原长时,无效,无效,无,无效,无,已死亡,小笠原长时,无效,无效,无,无效,无,已登场,小笠原长时,城主,直臣,小笠原家,名岛城,无,,,,"[{""stage"":"""",""tkid"":""173"",""ref"":""173_小笠原长时_朝右.png"",""emotion"":0}]"
lord_1_okamoto_motonobu,,小笠原少齋,小笠原少斋,小笠原,174,Okamoto Motonobu,clan_okamoto_1,hokuriku,基于分组自动创建家族,1,1547,1561,1600,战死,,,,全职种,98,98,温和,普通,普通,慎重,重视情义,55,武具,无欲,普通,源氏,枪,51,62,34,51,65,1,1,1,1,1,1,2,1,1,1,0,0,0,0,0,0,无,拔突,无,无要求,,,未登场,小笠原秀清,浪人,其他,无,京之町,无,未登场,小笠原秀清,足轻组头,陪臣（细川藤孝）,足利家,朽木谷城,无,未登场,小笠原秀清,浪人,其他,无,京之町,无,已登场,小笠原秀清,足轻组头,陪臣（细川藤孝）,足利家,二条城,无,已登场,小笠原秀清,足轻组头,陪臣（细川藤孝）,织田家,岐阜城,无,已登场,小笠原秀清,足轻组头,陪臣（细川藤孝）,织田家,宫津城,无,已登场,小笠原秀清,足轻组头,陪臣（细川忠兴）,羽柴家,宫津城,无,已登场,小笠原少斋,侍大将,直臣,细川家,宫津城,无,已登场,小笠原少斋,大名,首领,小笠原家,小仓城,无,,,,"[{""stage"":"""",""tkid"":""174"",""ref"":""174_小笠原少斋_朝右.png"",""emotion"":0}]"
lord_1_okudaira_nobumasa,,岡家利,冈家利,冈,175,Okudaira Nobumasa,clan_okudaira_1,sanyo,基于分组自动创建家族,1,1532,1554,1592,病死,,,,只限武将,15,15,温和,普通,普通,轻率,普通,24,书籍,普通,普通,其他,枪,63,52,66,67,65,2,2,1,1,1,3,1,0,3,4,1,0,1,0,1,0,土龙攻,强袭，连续斩，拔突，粘花，卷枪，引落，柄返，刚力，铁壁,无,无要求,,,已登场,冈家利,侍大将,陪臣（宇喜多直家）,浦上家,天神山城,无,已登场,冈家利,侍大将,陪臣（宇喜多直家）,浦上家,天神山城,无,已登场,冈家利,侍大将,陪臣（宇喜多直家）,浦上家,天神山城,无,已登场,冈家利,侍大将,陪臣（宇喜多直家）,浦上家,天神山城,无,已登场,冈家利,侍大将,陪臣（宇喜多直家）,浦上家,冈山城,无,已登场,冈家利,侍大将,直臣,宇喜多家,冈山城,无,已登场,冈家利,部将,直臣,宇喜多家,冈山城,无,已死亡,冈家利,无效,无效,无,无效,无,已登场,冈家利,浪人,其他,无,冈崎之町,无,,,,"[{""stage"":"""",""tkid"":""175"",""ref"":""175_冈家利_朝右.png"",""emotion"":0}]"
spc_suruga_shu_leader_1,,岡部貞綱,冈部贞纲,冈部,176,,,tokai,精确匹配织丰,1,1526,1554,1575,战死,,,,全职种,86,86,普通,勇敢,理想,轻率,普通,50,南蛮物,贪心,嗜酒如命,源氏,刀剑,67,66,21,43,59,2,1,2,3,1,2,1,2,1,0,0,0,1,0,0,1,水上禁行,强袭，拔突，二连苦无，铁壁,无,无要求,,,已登场,冈部贞纲,头领,首领,骏河水军,清水之砦,无,已登场,冈部贞纲,头领,首领,骏河水军,清水之砦,无,已登场,冈部贞纲,头领,首领,骏河水军,清水之砦,无,已登场,冈部贞纲,头领,首领,骏河水军,清水之砦,无,已登场,冈部贞纲,头领,首领,骏河水军,清水之砦,无,已死亡,冈部贞纲,无效,无效,无,无效,无,已死亡,冈部贞纲,无效,无效,无,无效,无,已死亡,冈部贞纲,无效,无效,无,无效,无,已登场,冈部贞纲,浪人,其他,无,冈崎之町,无,,,,"[{""stage"":"""",""tkid"":""176"",""ref"":""176_冈部贞纲_朝右.png"",""emotion"":0}]"
lord_1_okabe_6,,岡部正綱,冈部正纲,冈部,177,Okabe Masatsuna,clan_okabe_1,tokai,精确匹配织丰,1,1542,1556,1583,病死,冈部久纲,,冈部元信,全职种,70,45,温和,普通,普通,轻率,普通,43,艺术品,无欲,嗜酒如命,藤原氏,刀剑,67,67,54,48,63,3,2,1,0,1,1,2,0,0,0,0,0,0,0,1,0,无,强袭,无,无要求,,,未登场,冈部正纲,部将,直臣,今川家,骏府城,无,未登场,冈部正纲,部将,直臣,今川家,骏府城,无,已登场,冈部正纲,部将,直臣,今川家,骏府城,无,已登场,冈部正纲,部将,直臣,今川家,曳马城,无,已登场,冈部正纲,部将,直臣,武田家,踯躅崎馆,无,已登场,冈部正纲,部将,直臣,武田家,甲府城,无,已死亡,冈部正纲,无效,无效,无,无效,无,已死亡,冈部正纲,无效,无效,无,无效,无,已登场,冈部正纲,浪人,其他,无,冈崎之町,无,,,,"[{""stage"":"""",""tkid"":""177"",""ref"":""177_冈部正纲_朝右.png"",""emotion"":0}]"
lord_1_okabe,,岡部元信,冈部元信,冈部,178,Okabe Motonobu,clan_okabe_1,tokai,精确匹配织丰,1,1543,1557,1581,战死,冈部久纲,,冈部正纲,只限武将,45,45,性急,勇敢,普通,轻率,重视情义,31,武具,无欲,嗜酒如命,藤原氏,刀剑,70,68,35,52,66,2,2,1,0,1,1,3,0,2,0,0,0,0,1,0,0,无,强袭,无,无要求,,,未登场,冈部元信,部将,直臣,今川家,骏府城,无,未登场,冈部元信,部将,直臣,今川家,骏府城,无,已登场,冈部元信,部将,直臣,今川家,骏府城,无,已登场,冈部元信,部将,直臣,今川家,曳马城,无,已登场,冈部元信,部将,直臣,武田家,踯躅崎馆,无,已死亡,冈部元信,无效,无效,无,无效,无,已死亡,冈部元信,无效,无效,无,无效,无,已死亡,冈部元信,无效,无效,无,无效,无,已登场,冈部元信,浪人,其他,无,冈崎之町,无,,,,"[{""stage"":"""",""tkid"":""178"",""ref"":""178_冈部元信_朝右.png"",""emotion"":0}]"
lord_1_okumura_eifuku,,岡本随緣齋,冈本随缘斋,冈本,179,Okumura Eifuku,clan_okumura_1,kanto,基于分组自动创建家族,1,1520,1554,1592,病死,,,,全职种,33,33,性急,勇敢,普通,轻率,普通,36,艺术品,贪心,嗜酒如命,其他,刀剑,62,65,46,32,61,2,1,2,4,1,2,1,1,2,0,0,1,0,0,0,2,水上拖延，进水,强袭，拔突，铁壁,无,一般条件,,,已登场,冈本随缘斋,头领,首领,房总水军,冈本之砦,无,已登场,冈本随缘斋,头领,首领,房总水军,冈本之砦,无,已登场,冈本随缘斋,头领,首领,房总水军,冈本之砦,无,已登场,冈本随缘斋,头领,首领,房总水军,冈本之砦,无,已登场,冈本随缘斋,头领,首领,房总水军,冈本之砦,无,已登场,冈本随缘斋,头领,首领,房总水军,冈本之砦,无,已登场,冈本随缘斋,头领,首领,房总水军,冈本之砦,无,已死亡,冈本随缘斋,无效,无效,无,无效,无,已登场,冈本随缘斋,浪人,其他,无,冈崎之町,无,,,,"[{""stage"":"""",""tkid"":""179"",""ref"":""179_冈本随缘斋_朝右.png"",""emotion"":0}]"
lord_1_okumura_tsunanao,,岡本禪哲,冈本禅哲,冈本,180,Okumura Tsunanao,clan_okumura_1,kanto,基于分组自动创建家族,1,1519,1554,1583,病死,,,,全职种,20,20,普通,普通,现实,慎重,重视情义,21,书籍,无欲,普通,藤原氏,刀剑,9,8,68,70,49,0,0,0,0,0,0,0,0,1,1,1,1,3,3,2,3,无,强袭，伤药,无,一般条件,,,已登场,冈本禅哲,部将,直臣,佐竹家,太田城,无,已登场,冈本禅哲,部将,直臣,佐竹家,太田城,无,已登场,冈本禅哲,部将,直臣,佐竹家,太田城,无,已登场,冈本禅哲,部将,直臣,佐竹家,太田城,无,已登场,冈本禅哲,部将,直臣,佐竹家,太田城,无,已登场,冈本禅哲,部将,直臣,佐竹家,太田城,无,已死亡,冈本禅哲,无效,无效,无,无效,无,已死亡,冈本禅哲,无效,无效,无,无效,无,已登场,冈本禅哲,浪人,其他,无,冈崎之町,无,,,,"[{""stage"":"""",""tkid"":""180"",""ref"":""180_冈本禅哲_朝右.png"",""emotion"":0}]"
lord_1_okumura_kagemichi,,岡本賴氏,冈本赖氏,冈本,181,Okumura Kagemichi,clan_okumura_1,kanto,基于分组自动创建家族,1,1537,1554,1606,病死,,,,只限武将,20,20,性急,勇敢,普通,轻率,普通,56,武具,普通,普通,其他,枪,70,62,22,27,53,1,2,2,0,1,4,1,0,0,0,0,0,2,0,0,0,无,强袭，连续斩，拔突，粘花，卷枪，引落，当身，柄返，刚力，铁壁,枪术名人,无要求,,,未登场,冈本赖氏,足轻组头,直臣,相良家,人吉城,无,已登场,冈本赖氏,足轻组头,直臣,相良家,人吉城,无,已登场,冈本赖氏,足轻组头,直臣,相良家,人吉城,无,已登场,冈本赖氏,足轻组头,直臣,相良家,人吉城,无,已登场,冈本赖氏,足轻组头,直臣,相良家,人吉城,无,已登场,冈本赖氏,足轻组头,直臣,相良家,人吉城,无,已登场,冈本赖氏,部将,直臣,相良家,人吉城,无,已登场,冈本赖氏,部将,直臣,相良家,人吉城,无,已登场,冈本赖氏,浪人,其他,无,冈崎之町,无,,,,"[{""stage"":"""",""tkid"":""181"",""ref"":""181_冈本赖氏_朝右.png"",""emotion"":0}]"
lord_1_okudaira_kagetaka,,岡吉正,冈吉正,冈,182,Okudaira Kagetaka,clan_okudaira_1,sanyo,基于分组自动创建家族,1,1546,1560,1585,病死,,,,全职种,41,41,普通,勇敢,普通,轻率,普通,60,南蛮物,普通,普通,其他,火绳枪,58,54,60,59,52,1,1,4,2,1,1,1,2,0,0,0,0,0,0,0,1,狙击,二连苦无，急所击，二挺击，石火，乱射,火枪名人,无要求,,,未登场,冈吉正,足轻组头,陪臣（铃木佐太夫）,本愿寺,杂贺城,无,未登场,冈吉正,足轻组头,陪臣（铃木佐太夫）,本愿寺,杂贺城,无,已登场,冈吉正,足轻组头,陪臣（铃木佐太夫）,本愿寺,杂贺城,无,已登场,冈吉正,足轻组头,陪臣（铃木佐太夫）,本愿寺,杂贺城,无,已登场,冈吉正,足轻组头,陪臣（铃木佐太夫）,本愿寺,杂贺城,无,已登场,冈吉正,足轻组头,直臣,铃木家,杂贺城,无,已登场,冈吉正,足轻组头,直臣,铃木家,杂贺城,无,已死亡,冈吉正,无效,无效,无,无效,无,已登场,冈吉正,浪人,其他,无,冈崎之町,无,,,,"[{""stage"":"""",""tkid"":""182"",""ref"":""182_冈吉正_朝右.png"",""emotion"":0}]"
lord_1_iii_toramasa,,奥平信昌,奥平信昌,奥平,183,Iii Toramasa,clan_iii_1,kanto,基于分组自动创建家族,1,1555,1569,1615,病死,,,,全职种,76,76,温和,普通,普通,轻率,不重情义,57,武具,贪心,普通,源氏,刀剑,46,42,58,53,46,1,0,0,0,0,0,1,0,1,1,1,1,1,1,1,0,无,强袭,无,无要求,,,未登场,奥平信昌,侍大将,直臣,松平家,冈崎城,无,未登场,奥平信昌,部将,陪臣（松平元康）,今川家,骏府城,无,未登场,奥平信昌,足轻组头,陪臣（松平元康）,今川家,冈崎城,无,已登场,奥平信昌,城主,直臣,德川家,长篠城,无,已登场,奥平信昌,城主,直臣,德川家,长篠城,无,已登场,奥平信昌,城主,直臣,德川家,长篠城,无,已登场,奥平信昌,城主,直臣,德川家,长篠城,无,已登场,奥平信昌,家老,直臣,德川家,江户城,无,已登场,奥平信昌,浪人,其他,无,平户之町,无,,,,"[{""stage"":"""",""tkid"":""183"",""ref"":""183_奥平信昌_朝右.png"",""emotion"":0}]"
lord_1_kaibara_tsunachika,,奧村永福,奥村永福,奥村,184,Kaibara Tsunachika,clan_kaibara_1,kinai,基于分组自动创建家族,1,1542,1556,1624,病死,,,,全职种,99,99,温和,普通,普通,慎重,重视情义,55,武具,无欲,普通,其他,枪,61,56,55,53,52,2,2,1,1,2,2,0,2,1,2,1,1,2,1,1,0,无,强袭，拔突，二连苦无，刚弓，铁壁,无,无要求,,,未登场,奥村永福,足轻组头,陪臣（）,织田家,那古野城,无,未登场,奥村永福,足轻组头,陪臣（前田利家）,织田家,清洲城,无,已登场,奥村永福,足轻组头,陪臣（前田利家）,织田家,清洲城,无,已登场,奥村永福,足轻组头,陪臣（前田利家）,织田家,岐阜城,无,已登场,奥村永福,足轻组头,陪臣（前田利家）,织田家,岐阜城,无,已登场,奥村永福,足轻大将,陪臣（前田利家）,织田家,七尾城,无,已登场,奥村永福,足轻大将,直臣,前田家,尾山城,无,已登场,奥村永福,家老,直臣,前田家,金泽城,无,已登场,奥村永福,浪人,其他,无,仓敷之町,无,,,,"[{""stage"":"""",""tkid"":""184"",""ref"":""184_奥村永福_朝右.png"",""emotion"":0}]"
lord_1_osafune_sadachika,,長船貞親,长船贞亲,长船,185,Osafune Sadachika,clan_osafune_1,sanyo,基于分组自动创建家族,1,1530,1554,1588,战死,,,长船纲直,只限武将,19,19,普通,勇敢,普通,普通,普通,49,武具,普通,嗜酒如命,其他,刀剑,62,46,39,36,43,1,1,1,0,0,0,0,0,1,1,1,0,0,1,0,0,无,强袭,无,无要求,,,已登场,长船贞亲,足轻大将,陪臣（宇喜多直家）,浦上家,天神山城,无,已登场,长船贞亲,足轻大将,陪臣（宇喜多直家）,浦上家,天神山城,无,已登场,长船贞亲,足轻大将,陪臣（宇喜多直家）,浦上家,天神山城,无,已登场,长船贞亲,足轻大将,陪臣（宇喜多直家）,浦上家,天神山城,无,已登场,长船贞亲,足轻大将,陪臣（宇喜多直家）,浦上家,冈山城,无,已登场,长船贞亲,侍大将,直臣,宇喜多家,冈山城,无,已登场,长船贞亲,家老,直臣,宇喜多家,冈山城,无,已死亡,长船贞亲,无效,无效,无,无效,无,已登场,长船贞亲,浪人,其他,无,长船之町,无,,,,"[{""stage"":"""",""tkid"":""185"",""ref"":""185_长船贞亲_朝右.png"",""emotion"":0}]"
lord_1_osafune_mitsunari,,長船綱直,长船纲直,长船,186,Osafune Mitsunari,clan_osafune_1,sanyo,基于分组自动创建家族,1,1559,1573,1598,战死,长船贞亲,,长船贞亲,全职种,19,19,普通,普通,普通,慎重,普通,45,南蛮物,无欲,普通,其他,刀剑,39,37,72,68,42,1,0,1,0,0,0,0,0,4,3,3,0,2,2,1,3,紧急修补,强袭，伤药,无,无要求,,,未登场,长船纲直,足轻组头,陪臣（长船贞亲）,浦上家,天神山城,无,未登场,长船纲直,足轻组头,陪臣（长船贞亲）,浦上家,天神山城,无,未登场,长船纲直,足轻组头,陪臣（长船贞亲）,浦上家,天神山城,无,未登场,长船纲直,足轻组头,陪臣（长船贞亲）,浦上家,天神山城,无,已登场,长船纲直,足轻组头,陪臣（宇喜多直家）,浦上家,冈山城,无,已登场,长船纲直,足轻组头,陪臣（长船贞亲）,宇喜多家,冈山城,无,已登场,长船纲直,部将,陪臣（长船贞亲）,宇喜多家,冈山城,无,已登场,长船纲直,家老,直臣,宇喜多家,冈山城,无,已登场,长船纲直,浪人,其他,无,长船之町,无,,,,"[{""stage"":"""",""tkid"":""186"",""ref"":""186_长船纲直_朝右.png"",""emotion"":0}]"
lord_1_kakei_juuzou,,小瀨甫庵,小濑甫庵,小濑,187,Kakei Juuzou,clan_kakei_1,neutral_culture,基于分组自动创建家族,1,1564,1578,1640,病死,,,,全职种,50,50,普通,普通,理想,轻率,普通,64,书籍,贪心,普通,源氏,枪,23,29,58,61,72,0,0,0,0,0,0,1,0,4,1,0,2,3,3,1,4,紧急修补,拔突，伤药，止血,无,一般条件,,,未登场,小濑甫庵,浪人,其他,无,井之口之町,无,未登场,小濑甫庵,浪人,其他,无,井之口之町,无,未登场,小濑甫庵,浪人,其他,无,井之口之町,无,未登场,小濑甫庵,浪人,其他,无,岐阜之町,无,未登场,小濑甫庵,浪人,其他,无,岐阜之町,无,已登场,小濑甫庵,浪人,其他,无,岐阜之町,无,已登场,小濑甫庵,足轻组头,陪臣（羽柴秀次）,羽柴家,石山本愿寺,无,已登场,小濑甫庵,侍大将,直臣,堀尾家,滨松城,无,已登场,小濑甫庵,家老,直臣,小笠原家,小仓城,无,,,,"[{""stage"":"""",""tkid"":""187"",""ref"":""187_小濑甫庵_朝右.png"",""emotion"":0}]"
lord_2_oda,,小田氏治,小田氏治,小田,188,Oda Ujiharu,clan_oda_2,kanto,精确匹配织丰,1,1531,1554,1601,病死,,,,全职种,70,70,性急,胆小,理想,普通,不重情义,89,艺术品,贪心,普通,藤原氏,刀剑,44,41,53,50,36,0,1,0,0,0,1,0,0,0,1,0,0,0,2,0,1,无,强袭,无,无要求,,,已登场,小田氏治,大名,首领,小田家,小田城,无,已登场,小田氏治,大名,首领,小田家,土浦城,无,已登场,小田氏治,大名,首领,小田家,土浦城,无,已登场,小田氏治,大名,首领,小田家,土浦城,无,已登场,小田氏治,家老,直臣,北条家,小田原城,无,已登场,小田氏治,家老,直臣,北条家,小田原城,无,已登场,小田氏治,大名,首领,小田家,土浦城,无,已登场,小田氏治,足轻大将,直臣,结城家,结城城,无,已登场,小田氏治,部将,直臣,小笠原家,小仓城,无,,,,"[{""stage"":"""",""tkid"":""188"",""ref"":""188_小田氏治_朝右.png"",""emotion"":0}]"
lord_1_oda_kiyoeimon,,織田有樂,织田有乐,织田,189,Oda Kiyoeimon,clan_oda_1,kinai,家族和文化自动推断,1,1547,1561,1621,病死,织田信秀,织田信定,织田信胜 织田信雄 织田信包 织田信孝 织田信忠 织田信长 津田信澄 织田信秀 织田信光,全职种,0,0,温和,胆小,现实,轻率,普通,39,艺术品,普通,普通,平氏,枪,48,19,50,46,41,2,2,1,0,0,1,0,0,0,0,1,1,3,1,4,2,无,拔突,风雅之士,一般条件,,,未登场,织田长益,足轻组头,直臣,织田家,那古野城,无,未登场,织田长益,足轻组头,直臣,织田家,清洲城,无,未登场,织田长益,足轻组头,直臣,织田家,清洲城,无,已登场,织田长益,足轻组头,直臣,织田家,岐阜城,无,已登场,织田长益,足轻组头,直臣,织田家,岐阜城,无,已登场,织田长益,足轻组头,直臣,织田家,安土城,无,已登场,织田有乐,足轻大将,直臣,织田家,长岛城,无,已登场,织田有乐,城主,直臣,丰臣家,信贵山城,无,已登场,织田有乐,浪人,其他,无,小田原之町,无,,,,"[{""stage"":"""",""tkid"":""189"",""ref"":""189_织田有乐_朝右.png"",""emotion"":0}]"
lord_1_oda_yuuemon,,織田信勝,织田信胜,织田,190,Oda Yuuemon,clan_oda_1,kinai,家族和文化自动推断,1,1537,1554,1557,战死,织田信秀,织田信定,织田有乐 织田信雄 织田信包 织田信孝 织田信忠 织田信长 津田信澄 织田信秀 织田信光,全职种,40,40,性急,胆小,理想,轻率,不重情义,88,武具,贪心,普通,平氏,刀剑,65,51,59,72,82,1,1,0,0,2,1,1,0,0,1,1,1,1,1,1,0,无,强袭，刚弓,无,不可,,主角织田信长，信胜谋反,已登场,织田信胜,部将,直臣,织田家,那古野城,无,已登场,织田信胜,城主,直臣,织田家,那古野城,无,已死亡,织田信胜,无效,无效,无,无效,无,已死亡,织田信胜,无效,无效,无,无效,无,已死亡,织田信胜,无效,无效,无,无效,无,已死亡,织田信胜,无效,无效,无,无效,无,已死亡,织田信胜,无效,无效,无,无效,无,已死亡,织田信胜,无效,无效,无,无效,无,已登场,织田信胜,浪人,其他,无,小田原之町,无,,,,"[{""stage"":"""",""tkid"":""190"",""ref"":""190_织田信胜_朝右.png"",""emotion"":0}]"
lord_1_oda_5,,織田信雄,织田信雄,织田,191,Oda Nobukatsu,clan_oda_1,kinai,精确匹配织丰,1,1558,1572,1630,病死,织田信长,织田信秀,织田有乐 织田信胜 织田信包 织田信孝 织田信忠 织田信长 织田秀信 津田信澄 织田信秀,只限武将,25,25,性急,胆小,现实,轻率,不重情义,62,艺术品,贪心,嗜酒如命,平氏,刀剑,31,34,32,24,36,0,0,0,0,1,0,0,1,0,0,0,0,2,2,2,0,无,强袭,无,一般条件,,,未登场,织田信雄,部将,陪臣（织田信长）,织田家,那古野城,无,未登场,织田信雄,部将,陪臣（织田信长）,织田家,清洲城,无,未登场,织田信雄,部将,直臣,织田家,清洲城,无,未登场,织田信雄,部将,直臣,织田家,岐阜城,无,已登场,织田信雄,城主,直臣,织田家,大河内城,无,已登场,织田信雄,国主,直臣,织田家,安浓津城,无,已登场,织田信雄,大名,首领,织田家,长岛城,无,已登场,织田信雄,城主,直臣,德川家,一乘谷城,无,已登场,织田信雄,浪人,其他,无,小田原之町,无,,,,"[{""stage"":"""",""tkid"":""191"",""ref"":""191_织田信雄_朝右.png"",""emotion"":0}]"
lord_1_oda_8,,織田信包,织田信包,织田,192,Oda Nobukane,clan_oda_1,kinai,精确匹配织丰,1,1543,1554,1614,病死,织田信秀,织田信定,织田有乐 织田信胜 织田信雄 织田信孝 织田信忠 织田信长 津田信澄 织田信秀 织田信光,全职种,0,0,温和,普通,普通,慎重,普通,34,艺术品,贪心,普通,平氏,刀剑,41,45,32,55,50,1,0,1,0,0,1,0,1,1,1,0,0,1,0,1,0,无,强袭,无,无要求,,,未登场,织田信包,侍大将,直臣,织田家,那古野城,无,已登场,织田信包,侍大将,直臣,织田家,清洲城,无,已登场,织田信包,侍大将,直臣,织田家,清洲城,无,已登场,织田信包,侍大将,直臣,织田家,岐阜城,无,已登场,织田信包,侍大将,直臣,织田家,岐阜城,无,已登场,织田信包,侍大将,直臣,织田家,安土城,无,已登场,织田信包,部将,直臣,羽柴家,石山本愿寺,无,已登场,织田信包,城主,直臣,丰臣家,八上城,无,已登场,织田信包,浪人,其他,无,小田原之町,无,,,,"[{""stage"":"""",""tkid"":""192"",""ref"":""192_织田信包_朝右.png"",""emotion"":0}]"
lord_1_oda_6,,織田信孝,织田信孝,织田,193,Oda Nobutaka,clan_oda_1,kinai,精确匹配织丰,1,1558,1572,1583,战死,织田信长,织田信秀,织田有乐 织田信胜 织田信雄 织田信包 织田信忠 织田信长 织田秀信 津田信澄 织田信秀,只限武将,85,85,性急,勇敢,理想,轻率,普通,82,武具,贪心,嗜酒如命,平氏,刀剑,64,58,42,12,44,2,2,1,1,0,1,1,0,1,0,0,0,1,0,1,0,无,强袭,无,一般条件,,,未登场,织田信孝,部将,陪臣（织田信长）,织田家,那古野城,无,未登场,织田信孝,部将,陪臣（织田信长）,织田家,清洲城,无,未登场,织田信孝,部将,直臣,织田家,清洲城,无,未登场,织田信孝,部将,直臣,织田家,岐阜城,无,已登场,织田信孝,城主,直臣,织田家,安浓津城,无,已登场,织田信孝,家老,直臣,织田家,安土城,无,已死亡,织田信孝,无效,无效,无,无效,无,已死亡,织田信孝,无效,无效,无,无效,无,已登场,织田信孝,浪人,其他,无,小田原之町,无,,,,"[{""stage"":"""",""tkid"":""193"",""ref"":""193_织田信孝_朝右.png"",""emotion"":0}]"
lord_1_oda_4,,織田信忠,织田信忠,织田,194,Oda Nobutada,clan_oda_1,kinai,精确匹配织丰,1,1557,1571,1582,战死,织田信长,织田信秀,织田有乐 织田信胜 织田信雄 织田信包 织田信孝 织田信长 织田秀信 津田信澄 织田信秀,只限武将,0,0,温和,普通,普通,轻率,重视情义,77,南蛮物,无欲,普通,平氏,刀剑,78,60,65,57,78,2,1,2,0,2,2,2,0,1,1,1,2,3,1,2,1,无,强袭，拔突，刚弓，铁壁,无,一般条件,,,未登场,织田信忠,部将,陪臣（织田信长）,织田家,那古野城,无,未登场,织田信忠,部将,陪臣（织田信长）,织田家,清洲城,无,未登场,织田信忠,部将,直臣,织田家,清洲城,无,未登场,织田信忠,部将,直臣,织田家,岐阜城,无,已登场,织田信忠,家老,直臣,织田家,岐阜城,无,已登场,织田信忠,国主,直臣,织田家,岐阜城,无,已死亡,织田信忠,无效,无效,无,无效,无,已死亡,织田信忠,无效,无效,无,无效,无,已登场,织田信忠,浪人,其他,无,小田原之町,无,,,,"[{""stage"":"""",""tkid"":""194"",""ref"":""194_织田信忠_朝右.png"",""emotion"":0}]"
lord_1_oda,,織田信長,织田信长,织田,1154|195,Oda Nobunaga,clan_oda_1,kinai,精确匹配织丰,1,1534,1554,1582,战死,织田信秀,织田信定,织田有乐 织田信胜 织田信雄 织田信包 织田信孝 织田信忠 织田秀信 津田信澄 织田信秀 织田信光,只限武将,0,0,性急,勇敢,理想,轻率,普通,100,南蛮物,贪心,滴酒不沾,平氏,枪,96,70,97,91,99,4,3,4,2,2,2,3,1,4,2,2,3,3,3,3,1,齐攻，齐射，枪炮乱射,强袭，拔突，急所击，刚弓，铁壁，丢钱,风雅之士,不可,,"主角明智光秀，本能寺之变
    主角丰臣秀吉，山崎之战凯旋后
    主角九鬼嘉隆，救出泷川一益后",已登场,织田信长,部将,直臣,织田家,那古野城,无,已登场,织田信长,大名,首领,织田家,清洲城,无,已登场,织田信长,大名,首领,织田家,清洲城,无,已登场,织田信长,大名,首领,织田家,岐阜城,无,已登场,织田信长,大名,首领,织田家,岐阜城,无,已登场,织田信长,大名,首领,织田家,安土城,无,已死亡,织田信长,无效,无效,无,无效,无,已死亡,织田信长,无效,无效,无,无效,无,已登场,织田信长,浪人,其他,无,小田原之町,无,,光荣版经典形象（太阁5）：俊朗冷峻的英主，黑甲配绯红大披风，束发髻，蓄黑短须与唇髭，眼神锐利睥睨，枭雄气概,"[{""stage"":""若君"",""tkid"":""1154"",""ref"":""1154_织田信长_朝右.png"",""emotion"":1},{""stage"":""上洛"",""tkid"":""195"",""ref"":""195_织田信长_朝右.png"",""emotion"":1}]","[{""stage"":""若君"",""tkid"":""1154"",""ref"":""1154_织田信长_朝右.png"",""emotion"":1},{""stage"":""上洛"",""tkid"":""195"",""ref"":""195_织田信长_朝右.png"",""emotion"":1}]"
lord_1_oda_masashige,,織田秀信,织田秀信,织田,196,Oda Masashige,clan_oda_1,kinai,家族和文化自动推断,1,1580,1594,1605,病死,织田信忠,织田信长,织田信雄 织田信孝 织田信忠 织田信长,只限武将,5,5,温和,胆小,现实,轻率,普通,23,南蛮物,普通,普通,平氏,刀剑,16,24,29,31,79,0,0,1,0,0,0,0,0,0,0,0,0,2,0,3,0,无,强袭,无,一般条件,,,未登场,织田秀信,足轻组头,陪臣（织田信忠）,织田家,那古野城,无,未登场,织田秀信,足轻组头,陪臣（织田信忠）,织田家,清洲城,无,未登场,织田秀信,足轻组头,陪臣（织田信忠）,织田家,清洲城,无,未登场,织田秀信,足轻组头,陪臣（织田信忠）,织田家,岐阜城,无,未登场,织田秀信,足轻组头,陪臣（织田信忠）,织田家,岐阜城,无,未登场,织田秀信,足轻组头,陪臣（织田信忠）,织田家,岐阜城,无,未登场,织田秀信,足轻组头,直臣,羽柴家,石山本愿寺,无,已登场,织田秀信,大名,首领,织田家,岐阜城,无,已登场,织田秀信,浪人,其他,无,小田原之町,无,,,,"[{""stage"":"""",""tkid"":""196"",""ref"":""196_织田秀信_朝右.png"",""emotion"":0}]"
lord_1_kodera,,小寺政職,小寺政职,小寺,197,Kodera Masamoto,clan_kodera_1,kinai,精确匹配织丰,1,1523,1554,1582,病死,,,,只限武将,80,80,普通,胆小,普通,普通,不重情义,54,艺术品,贪心,普通,源氏,刀剑,49,39,55,56,47,1,1,0,1,1,1,0,0,0,0,1,1,1,1,1,0,无,强袭,无,无要求,,,已登场,小寺政职,城主,直臣,赤松家,御着城,无,已登场,小寺政职,城主,直臣,赤松家,御着城,无,已登场,小寺政职,城主,直臣,赤松家,御着城,无,已登场,小寺政职,城主,直臣,赤松家,御着城,无,已登场,小寺政职,城主,直臣,赤松家,姬路城,无,已死亡,小寺政职,无效,无效,无,无效,无,已死亡,小寺政职,无效,无效,无,无效,无,已死亡,小寺政职,无效,无效,无,无效,无,已登场,小寺政职,家老,直臣,小笠原家,小仓城,无,,,,"[{""stage"":"""",""tkid"":""197"",""ref"":""197_小寺政职_朝右.png"",""emotion"":0}]"
lord_1_jingu_motomichi,,小島彌太郎,小岛弥太郎,小岛,198,Jingu Motomichi,clan_jingu_1,sanyo,基于分组自动创建家族,1,1522,1554,1582,病死,,,,只限武将,15,15,温和,勇敢,普通,慎重,普通,61,武具,贪心,嗜酒如命,其他,枪,56,88,5,12,59,2,1,1,0,2,3,0,0,0,0,0,0,0,0,0,0,无,强袭，连续斩，拔突，粘花，刚弓，卷枪，引落，柄返，刚力，铁壁,无,一般条件,,,已登场,小岛弥太郎,足轻大将,直臣,长尾家,春日山城,无,已登场,小岛弥太郎,足轻大将,直臣,长尾家,春日山城,无,已登场,小岛弥太郎,足轻大将,直臣,长尾家,春日山城,无,已登场,小岛弥太郎,足轻大将,直臣,上杉家,春日山城,无,已登场,小岛弥太郎,足轻大将,直臣,上杉家,春日山城,无,已登场,小岛弥太郎,足轻大将,直臣,上杉家,春日山城,无,已死亡,小岛弥太郎,无效,无效,无,无效,无,已死亡,小岛弥太郎,无效,无效,无,无效,无,已登场,小岛弥太郎,水夫,直臣,村上水军,三岛之砦,无,,,,"[{""stage"":"""",""tkid"":""198"",""ref"":""198_小岛弥太郎_朝右.png"",""emotion"":0}]"
lord_1_oniniwa_tsunemasa,,鬼庭左月,鬼庭左月,鬼庭,199,Oniniwa Tsunemasa,clan_oniniwa_1,ou,家族和文化自动推断,1,1513,1554,1585,战死,,,鬼庭纲元,只限武将,64,64,普通,勇敢,普通,轻率,重视情义,31,武具,无欲,普通,藤原氏,刀剑,72,69,48,43,56,2,2,0,1,2,2,3,0,0,0,0,0,1,0,0,1,无,强袭，拔突，刚弓，铁壁,无,一般条件,,,已登场,鬼庭良直,部将,直臣,伊达家,米泽城,无,已登场,鬼庭良直,部将,直臣,伊达家,米泽城,无,已登场,鬼庭良直,部将,直臣,伊达家,米泽城,无,已登场,鬼庭良直,部将,直臣,伊达家,米泽城,无,已登场,鬼庭左月,部将,直臣,伊达家,米泽城,无,已登场,鬼庭左月,部将,直臣,伊达家,米泽城,无,已登场,鬼庭左月,家老,直臣,伊达家,米泽城,无,已死亡,鬼庭左月,无效,无效,无,无效,无,已登场,鬼庭左月,头目,首领,户隐众,户隐之里,无,,,,"[{""stage"":"""",""tkid"":""199"",""ref"":""199_鬼庭左月_朝右.png"",""emotion"":0}]"
lord_1_oniniwa_2,,鬼庭綱元,鬼庭纲元,鬼庭,200,Oniniwa Tsunamoto,clan_oniniwa_1,ou,精确匹配织丰,1,1549,1563,1640,病死,鬼庭左月,,鬼庭左月,只限武将,64,64,温和,普通,现实,普通,普通,51,书籍,普通,普通,藤原氏,刀剑,60,55,64,61,69,1,2,1,0,0,0,0,0,1,2,0,2,1,2,1,0,无,强袭,无,无要求,,,未登场,鬼庭纲元,足轻组头,陪臣（鬼庭良直）,伊达家,米泽城,无,未登场,鬼庭纲元,足轻组头,陪臣（鬼庭良直）,伊达家,米泽城,无,已登场,鬼庭纲元,足轻组头,陪臣（鬼庭良直）,伊达家,米泽城,无,已登场,鬼庭纲元,足轻组头,陪臣（鬼庭良直）,伊达家,米泽城,无,已登场,鬼庭纲元,足轻组头,陪臣（鬼庭左月）,伊达家,米泽城,无,已登场,鬼庭纲元,足轻组头,陪臣（鬼庭左月）,伊达家,米泽城,无,已登场,鬼庭纲元,足轻组头,陪臣（鬼庭左月）,伊达家,米泽城,无,已登场,茂庭纲元,部将,直臣,伊达家,仙台城,无,已登场,鬼庭纲元,上忍,直臣,户隐众,户隐之里,无,,,,"[{""stage"":"""",""tkid"":""200"",""ref"":""200_鬼庭纲元_朝右.png"",""emotion"":0}]"
lord_1_sugiya_zenjubou,,小野鎮幸,小野镇幸,小野,201,Sugiya Zenjubou,clan_sugiya_1,ou,基于分组自动创建家族,1,1545,1559,1609,病死,,,,全职种,89,89,普通,勇敢,现实,普通,普通,47,武具,普通,普通,其他,刀剑,63,72,45,53,60,1,3,2,2,1,2,1,1,0,0,0,0,0,0,0,0,无,强袭，拔突，铁壁,无,无要求,,,未登场,小野镇幸,侍大将,直臣,大友家,府内城,无,未登场,小野镇幸,足轻大将,陪臣（户次鉴连）,大友家,府内城,无,已登场,小野镇幸,侍大将,直臣,大友家,府内城,无,已登场,小野镇幸,侍大将,直臣,大友家,府内城,无,已登场,小野镇幸,侍大将,直臣,大友家,府内城,无,已登场,小野镇幸,侍大将,陪臣（立花道雪）,大友家,立花山城,无,已登场,小野镇幸,侍大将,陪臣（立花宗茂）,大友家,立花山城,无,已登场,小野镇幸,部将,直臣,立花家,柳川城,无,已登场,小野镇幸,家老,直臣,小笠原家,小仓城,无,,,,"[{""stage"":"""",""tkid"":""201"",""ref"":""201_小野镇幸_朝右.png"",""emotion"":0}]"
lord_1_sugiya_bou,,小野善鬼,小野善鬼,小野,202,Sugiya Bou Shouzan,clan_sugiya_1,ou,基于分组自动创建家族,1,1563,1577,1592,战死,,,,全职种,9,40,性急,勇敢,普通,轻率,普通,78,武具,贪心,嗜酒如命,其他,刀剑,21,90,11,8,45,1,1,0,0,2,4,2,3,0,0,0,0,0,0,0,0,无,强袭，连续斩，切落，绝妙剑，拂舍刀，拔突，二连苦无，半月，刚弓，金翅鸟王剑，当身，梦想剑，刚力，独妙剑，铁壁，辱骂,剑豪,一般条件,,,未登场,小野善鬼,浪人,其他,无,佐仓之町,无,未登场,小野善鬼,浪人,其他,无,佐仓之町,无,未登场,小野善鬼,浪人,其他,无,佐仓之町,无,未登场,小野善鬼,浪人,其他,无,佐仓之町,无,未登场,小野善鬼,浪人,其他,无,佐仓之町,无,已登场,小野善鬼,浪人,其他,无,佐仓之町,一刀流,已登场,小野善鬼,浪人,其他,无,佐仓之町,一刀流,已死亡,小野善鬼,无效,无效,无,无效,无,已登场,小野善鬼,中忍,直臣,户隐众,户隐之里,无,,,,"[{""stage"":"""",""tkid"":""202"",""ref"":""202_小野善鬼_朝右.png"",""emotion"":0}]"
lord_1_sugiya_satayu,,小野忠明,小野忠明,小野,203,Sugiya Satayu,clan_sugiya_1,ou,基于分组自动创建家族,1,1569,1583,1628,病死,,,,只限武将,90,10,普通,胆小,普通,轻率,普通,68,武具,普通,普通,其他,刀剑,44,90,9,52,58,1,0,0,0,1,4,3,0,0,0,0,0,1,0,0,0,无,强袭，连续斩，切落，绝妙剑，拂舍刀，拔突，金翅鸟王剑，当身，梦想剑，刚力，独妙剑，铁壁，辱骂,剑豪,一般条件,,,未登场,御子神典膳,浪人,其他,无,木更津之町,无,未登场,御子神典膳,浪人,其他,无,木更津之町,无,未登场,御子神典膳,浪人,其他,无,木更津之町,无,未登场,御子神典膳,浪人,其他,无,木更津之町,无,未登场,御子神典膳,浪人,其他,无,木更津之町,无,已登场,御子神典膳,浪人,其他,无,木更津之町,无,已登场,御子神典膳,浪人,其他,无,木更津之町,无,已登场,小野忠明,足轻大将,直臣,德川家,江户城,小野一刀流,已登场,御子神典膳,浪人,其他,无,丸龟之町,无,,,,"[{""stage"":"""",""tkid"":""203"",""ref"":""203_小野忠明_朝右.png"",""emotion"":0}]"
lord_1_sugiya_kagemune,,小野寺輝道,小野寺辉道,小野,204,Sugiya Kagemune,clan_sugiya_1,ou,基于分组自动创建家族,1,1536,1554,1597,病死,,,小野寺义道,只限武将,2,2,普通,胆小,普通,普通,普通,67,艺术品,贪心,嗜酒如命,藤原氏,刀剑,63,49,60,66,51,1,1,1,0,1,1,2,0,1,2,1,0,2,1,0,1,无,强袭,无,一般条件,,,已登场,小野寺辉道,大名,首领,小野寺家,横手城,无,已登场,小野寺辉道,大名,首领,小野寺家,横手城,无,已登场,小野寺辉道,大名,首领,小野寺家,横手城,无,已登场,小野寺辉道,大名,首领,小野寺家,横手城,无,已登场,小野寺辉道,大名,首领,小野寺家,横手城,无,已登场,小野寺辉道,家老,直臣,小野寺家,横手城,无,已登场,小野寺辉道,家老,直臣,小野寺家,横手城,无,已死亡,小野寺辉道,无效,无效,无,无效,无,已登场,小野寺辉道,部将,直臣,小笠原家,小仓城,无,,,,"[{""stage"":"""",""tkid"":""204"",""ref"":""204_小野寺辉道_朝右.png"",""emotion"":0}]"
lord_1_onodera_3,,小野寺義道,小野寺义道,小野,205,Onodera Yoshimichi,clan_onodera_1,ou,精确匹配织丰,1,1566,1580,1645,病死,小野寺辉道,,小野寺辉道,只限武将,2,2,温和,胆小,普通,普通,普通,55,艺术品,普通,普通,藤原氏,刀剑,51,48,55,59,39,1,0,1,0,0,1,0,1,0,1,0,0,2,2,1,1,无,强袭,无,无要求,,,未登场,小野寺义道,家老,直臣,小野寺家,横手城,无,未登场,小野寺义道,部将,陪臣（小野寺辉道）,小野寺家,横手城,无,未登场,小野寺义道,家老,直臣,小野寺家,横手城,无,未登场,小野寺义道,家老,直臣,小野寺家,横手城,无,未登场,小野寺义道,家老,直臣,小野寺家,横手城,无,已登场,小野寺义道,大名,首领,小野寺家,横手城,无,已登场,小野寺义道,大名,首领,小野寺家,横手城,无,已登场,小野寺义道,大名,首领,小野寺家,横手城,无,已登场,小野寺义道,部将,直臣,小笠原家,小仓城,无,,,,"[{""stage"":"""",""tkid"":""205"",""ref"":""205_小野寺义道_朝右.png"",""emotion"":0}]"
lord_1_obata_kanbei,,小幡勘兵衛,小幡勘兵卫,小幡,206,Obata Kanbei,clan_obata_1,tosan,家族和文化自动推断,1,1572,1586,1663,病死,,,,全职种,60,60,普通,勇敢,普通,慎重,普通,71,书籍,贪心,普通,藤原氏,刀剑,60,52,7,68,49,2,1,2,1,1,1,4,0,1,0,1,2,0,3,0,2,风林火山,强袭,无,无要求,,,未登场,小幡勘兵卫,足轻组头,直臣,武田家,踯躅崎馆,无,未登场,小幡勘兵卫,足轻组头,直臣,武田家,踯躅崎馆,无,未登场,小幡勘兵卫,足轻组头,直臣,武田家,踯躅崎馆,无,未登场,小幡勘兵卫,足轻组头,直臣,武田家,踯躅崎馆,无,未登场,小幡勘兵卫,足轻组头,直臣,武田家,踯躅崎馆,无,未登场,小幡勘兵卫,足轻组头,直臣,武田家,甲府城,无,未登场,小幡勘兵卫,足轻组头,直臣,德川家,滨松城,无,已登场,小幡勘兵卫,足轻组头,直臣,德川家,江户城,无,已登场,小幡勘兵卫,部将,直臣,小笠原家,小仓城,无,,,,"[{""stage"":"""",""tkid"":""206"",""ref"":""206_小幡勘兵卫_朝右.png"",""emotion"":0}]"
lord_1_kashin_koji,,小濱景隆,小滨景隆,小滨,207,Kashin Koji,clan_kashin_1,neutral_culture,基于分组自动创建家族,1,1541,1554,1606,病死,,,小滨光隆,全职种,88,88,温和,普通,普通,普通,普通,55,武具,贪心,普通,其他,刀剑,56,55,25,57,43,1,0,2,3,2,2,2,1,2,0,0,1,0,1,0,0,焙烙,强袭，拔突，刚弓，铁壁,无,无要求,,,未登场,小滨景隆,船头,直臣,骏河水军,清水之砦,无,已登场,小滨景隆,船头,直臣,骏河水军,清水之砦,无,已登场,小滨景隆,船头,直臣,骏河水军,清水之砦,无,已登场,小滨景隆,船头,直臣,骏河水军,清水之砦,无,已登场,小滨景隆,船头,直臣,骏河水军,清水之砦,无,已登场,小滨景隆,船头,直臣,骏河水军,清水之砦,无,已登场,小滨景隆,船头,直臣,骏河水军,清水之砦,无,已登场,小滨景隆,船大将,直臣,江户水军,清水之砦,无,已登场,小滨景隆,家老,直臣,小笠原家,小仓城,无,,,,"[{""stage"":"""",""tkid"":""207"",""ref"":""207_小滨景隆_朝右.png"",""emotion"":0}]"
lord_1_sako_toutarou,,飯富虎昌,饭富虎昌,饭富,208,Sako Toutarou,clan_sako_1,tosan,基于分组自动创建家族,1,1504,1554,1565,战死,饭富道悦,,山县昌景,只限武将,57,57,温和,普通,普通,普通,重视情义,46,武具,普通,普通,源氏,刀剑,75,82,47,48,78,2,3,1,0,2,2,2,0,1,0,1,0,0,0,0,1,无,强袭，拔突，刚弓，铁壁,无,无要求,,,已登场,饭富虎昌,部将,直臣,武田家,踯躅崎馆,无,已登场,饭富虎昌,家老,直臣,武田家,踯躅崎馆,无,已登场,饭富虎昌,家老,直臣,武田家,踯躅崎馆,无,已死亡,饭富虎昌,无效,无效,无,无效,无,已死亡,饭富虎昌,无效,无效,无,无效,无,已死亡,饭富虎昌,无效,无效,无,无效,无,已死亡,饭富虎昌,无效,无效,无,无效,无,已死亡,饭富虎昌,无效,无效,无,无效,无,已登场,饭富虎昌,上忍,直臣,伊贺众,伊贺之里,无,,,,"[{""stage"":"""",""tkid"":""208"",""ref"":""208_饭富虎昌_朝正.png"",""emotion"":0}]"
lord_1_oyamada,,小山田信茂,小山田信茂,小山田,209,Oyamada Nobushige,clan_oyamada_1,tosan,精确匹配织丰,1,1539,1559,1582,战死,,,,全职种,59,59,温和,勇敢,现实,轻率,不重情义,78,武具,贪心,普通,平氏,刀剑,65,74,57,72,67,2,2,1,0,3,2,1,0,1,0,0,1,1,1,0,0,无,强袭，拔突，刚弓，铁壁,无,一般条件,,,未登场,小山田信茂,侍大将,陪臣（小山田信有）,武田家,踯躅崎馆,无,未登场,小山田信茂,侍大将,直臣,武田家,踯躅崎馆,无,已登场,小山田信茂,部将,直臣,武田家,踯躅崎馆,无,已登场,小山田信茂,部将,直臣,武田家,踯躅崎馆,无,已登场,小山田信茂,部将,直臣,武田家,踯躅崎馆,无,已登场,小山田信茂,城主,直臣,武田家,岩殿城,无,已死亡,小山田信茂,无效,无效,无,无效,无,已死亡,小山田信茂,无效,无效,无,无效,无,已登场,小山田信茂,家老,直臣,小笠原家,小仓城,无,,,,"[{""stage"":"""",""tkid"":""209"",""ref"":""209_小山田信茂_朝右.png"",""emotion"":0}]"
lord_1_kai,,甲斐宗運,甲斐宗运,甲斐,210,Kai Soun,clan_kai_1,saikai,精确匹配织丰,1,1515,1554,1584,病死,,,,全职种,50,50,普通,勇敢,普通,普通,普通,56,书籍,普通,普通,藤原氏,刀剑,81,59,69,86,74,3,2,2,0,1,1,3,0,1,0,0,0,3,3,1,2,无,强袭,无,一般条件,,,已登场,甲斐宗运,家老,直臣,阿苏家,岩尾城,无,已登场,甲斐宗运,家老,直臣,阿苏家,岩尾城,无,已登场,甲斐宗运,家老,直臣,阿苏家,岩尾城,无,已登场,甲斐宗运,家老,直臣,阿苏家,岩尾城,无,已登场,甲斐宗运,家老,直臣,阿苏家,岩尾城,无,已登场,甲斐宗运,家老,直臣,阿苏家,岩尾城,无,已死亡,甲斐宗运,无效,无效,无,无效,无,已死亡,甲斐宗运,无效,无效,无,无效,无,已登场,甲斐宗运,浪人,其他,无,柳川之町,无,,,,"[{""stage"":"""",""tkid"":""210"",""ref"":""210_甲斐宗运_朝右.png"",""emotion"":0}]"
lord_1_kazuyama_ujimoto,,海北綱親,海北纲亲,海北,211,Kazuyama Ujimoto,clan_kazuyama_1,kinai,基于分组自动创建家族,1,1510,1554,1573,战死,,,,全职种,70,70,普通,勇敢,普通,慎重,重视情义,45,武具,普通,嗜酒如命,藤原氏,刀剑,63,70,42,61,59,2,1,2,1,1,1,2,0,0,1,1,0,1,0,1,1,无,强袭,无,无要求,,,已登场,海北纲亲,家老,直臣,浅井家,小谷城,无,已登场,海北纲亲,家老,直臣,浅井家,小谷城,无,已登场,海北纲亲,家老,直臣,浅井家,小谷城,无,已登场,海北纲亲,家老,直臣,浅井家,小谷城,无,已死亡,海北纲亲,无效,无效,无,无效,无,已死亡,海北纲亲,无效,无效,无,无效,无,已死亡,海北纲亲,无效,无效,无,无效,无,已死亡,海北纲亲,无效,无效,无,无效,无,已登场,海北纲亲,头领,首领,安东水军,十三凑之砦,无,,,,"[{""stage"":"""",""tkid"":""211"",""ref"":""211_海北纲亲_朝右.png"",""emotion"":0}]"
lord_1_kagawa_chikawa,,香川親和,香川亲和,香川,212,Kagawa Chikawa,clan_kagawa_1,nankai,基于分组自动创建家族,1,1569,1583,1587,病死,长宗我部元亲,长宗我部国亲,吉良亲贞 吉良亲实 香宗我部亲泰 长宗我部国亲 长宗我部信亲 长宗我部元亲 长宗我部盛亲 津野亲忠,全职种,80,80,温和,普通,普通,普通,普通,30,书籍,普通,滴酒不沾,平氏,刀剑,36,42,44,21,36,0,1,1,0,0,0,0,0,0,1,1,0,1,0,0,0,无,强袭,无,无要求,,,未登场,香川亲和,足轻组头,直臣,长宗我部家,冈丰城,无,未登场,香川亲和,足轻组头,陪臣（长宗我部元亲）,长宗我部家,冈丰城,无,未登场,香川亲和,足轻组头,直臣,长宗我部家,冈丰城,无,未登场,香川亲和,足轻组头,直臣,长宗我部家,冈丰城,无,未登场,香川亲和,足轻组头,直臣,长宗我部家,冈丰城,无,已登场,香川亲和,侍大将,直臣,长宗我部家,冈丰城,无,已登场,香川亲和,城主,直臣,长宗我部家,天雾城,无,已死亡,香川亲和,无效,无效,无,无效,无,已登场,香川亲和,足轻组头,直臣,河尻家,水户城,无,,,,"[{""stage"":"""",""tkid"":""212"",""ref"":""212_香川亲和_朝右.png"",""emotion"":0}]"
lord_1_kagawa_saizou,,香川元景,香川元景,香川,213,Kagawa Saizou,clan_kagawa_1,nankai,基于分组自动创建家族,1,1527,1554,1578,病死,,,,只限武将,60,60,普通,胆小,现实,普通,不重情义,32,艺术品,普通,普通,平氏,刀剑,35,41,42,52,34,0,0,0,0,0,0,1,0,1,0,0,0,0,1,0,1,无,强袭,无,无要求,,,已登场,香川元景,城主,直臣,细川家,天雾城,无,已登场,香川元景,城主,直臣,三好家,天雾城,无,已登场,香川元景,城主,直臣,三好家,天雾城,无,已登场,香川元景,城主,直臣,三好家,天雾城,无,已登场,香川元景,城主,直臣,三好家,天雾城,无,已死亡,香川元景,无效,无效,无,无效,无,已死亡,香川元景,无效,无效,无,无效,无,已死亡,香川元景,无效,无效,无,无效,无,已登场,香川元景,足轻组头,直臣,河尻家,水户城,无,,,,"[{""stage"":"""",""tkid"":""213"",""ref"":""213_香川元景_朝右.png"",""emotion"":0}]"
lord_1_kakizaki,,柿崎景家,柿崎景家,柿崎,214,Kakizaki Kageie,clan_kakizaki_1,hokuriku,精确匹配织丰,1,1513,1554,1575,战死,,,,只限武将,19,1,性急,勇敢,普通,轻率,普通,44,武具,贪心,普通,源氏,刀剑,88,82,19,16,51,2,3,1,1,1,1,2,0,0,1,0,1,0,0,0,1,车悬,强袭,无,无要求,,,已登场,柿崎景家,部将,直臣,长尾家,春日山城,无,已登场,柿崎景家,家老,直臣,长尾家,春日山城,无,已登场,柿崎景家,家老,直臣,长尾家,春日山城,无,已登场,柿崎景家,家老,直臣,上杉家,春日山城,无,已登场,柿崎景家,家老,直臣,上杉家,春日山城,无,已死亡,柿崎景家,无效,无效,无,无效,无,已死亡,柿崎景家,无效,无效,无,无效,无,已死亡,柿崎景家,无效,无效,无,无效,无,已登场,柿崎景家,浪人,其他,无,仙台之町,无,,,,"[{""stage"":"""",""tkid"":""214"",""ref"":""214_柿崎景家_朝右.png"",""emotion"":0}]"
lord_2_kakizaki,,蠣崎季廣,蛎崎季广,蛎崎,215,Kakizaki Suehiro,clan_kakizaki_2,ou,精确匹配织丰,1,1507,1554,1595,病死,,,蛎崎庆广,全职种,65,65,普通,普通,普通,慎重,普通,64,艺术品,普通,普通,源氏,刀剑,64,42,70,76,69,2,2,1,2,0,0,2,0,0,2,1,2,1,3,0,1,无,强袭,无,无要求,,,已登场,蛎崎季广,城主,直臣,安东家,胜山馆,无,已登场,蛎崎季广,城主,直臣,安东家,胜山馆,无,已登场,蛎崎季广,城主,直臣,安东家,胜山馆,无,已登场,蛎崎季广,城主,直臣,安东家,胜山馆,无,已登场,蛎崎季广,城主,直臣,安东家,胜山馆,无,已登场,蛎崎季广,城主,直臣,安东家,胜山馆,无,已登场,蛎崎季广,部将,陪臣（蛎崎庆广）,安东家,胜山馆,无,已死亡,蛎崎季广,无效,无效,无,无效,无,已登场,蛎崎季广,船头,直臣,房总水军,冈本之砦,无,,,,"[{""stage"":"""",""tkid"":""215"",""ref"":""215_蛎崎季广_朝右.png"",""emotion"":0}]"
lord_2_kakizaki_2,,蠣崎慶廣,蛎崎庆广,蛎崎,216,Kakizaki Yoshihiro,clan_kakizaki_2,ou,精确匹配织丰,1,1549,1563,1616,病死,蛎崎季广,,蛎崎季广,全职种,65,65,普通,勇敢,普通,普通,不重情义,83,艺术品,贪心,普通,源氏,刀剑,58,32,74,77,78,1,0,2,2,0,0,0,0,0,2,1,2,2,3,2,1,无,强袭,无,一般条件,,,未登场,蛎崎庆广,部将,陪臣（蛎崎季广）,安东家,胜山馆,无,未登场,蛎崎庆广,部将,陪臣（蛎崎季广）,安东家,胜山馆,无,已登场,蛎崎庆广,部将,陪臣（蛎崎季广）,安东家,胜山馆,无,已登场,蛎崎庆广,部将,陪臣（蛎崎季广）,安东家,胜山馆,无,已登场,蛎崎庆广,部将,陪臣（蛎崎季广）,安东家,胜山馆,无,已登场,蛎崎庆广,部将,陪臣（蛎崎季广）,安东家,胜山馆,无,已登场,蛎崎庆广,城主,直臣,安东家,胜山馆,无,已登场,蛎崎庆广,大名,首领,蛎崎家,松前城,无,已登场,蛎崎庆广,头领,首领,房总水军,冈本之砦,无,,,,"[{""stage"":"""",""tkid"":""216"",""ref"":""216_蛎崎庆广_朝右.png"",""emotion"":0}]"
lord_1_kane_makoto,,垣屋光成,垣屋光成,垣屋,217,Kane Makoto,clan_kane_1,kinai,基于分组自动创建家族,1,1520,1554,1592,病死,,,,全职种,16,16,普通,胆小,现实,轻率,不重情义,69,书籍,普通,普通,平氏,刀剑,57,53,46,69,32,1,1,1,0,1,1,2,0,0,0,0,0,0,2,0,0,无,强袭,无,无要求,,,已登场,垣屋光成,部将,直臣,山名家,鸟取城,无,已登场,垣屋光成,部将,直臣,山名家,鸟取城,无,已登场,垣屋光成,部将,直臣,山名家,鸟取城,无,已登场,垣屋光成,部将,直臣,山名家,鸟取城,无,已登场,垣屋光成,部将,直臣,山名家,鸟取城,无,已登场,垣屋光成,足轻大将,陪臣（羽柴秀吉）,织田家,姬路城,无,已登场,垣屋光成,部将,陪臣（宫部继润）,羽柴家,鸟取城,无,已死亡,垣屋光成,无效,无效,无,无效,无,已登场,垣屋光成,浪人,其他,无,清洲之町,无,,,,"[{""stage"":"""",""tkid"":""217"",""ref"":""217_垣屋光成_朝右.png"",""emotion"":0}]"
lord_1_kawata_nagachika,,筧十藏,笕十藏,笕,218,Kawata Nagachika,clan_kawata_1,neutral_culture,基于分组自动创建家族,1,1581,1595,1615,战死,,,,武将以外优先,49,49,普通,普通,理想,轻率,重视情义,42,武具,无欲,普通,其他,火绳枪,53,81,37,66,79,2,0,4,0,2,2,1,3,0,0,1,0,0,0,0,1,狙击，幻惑之术，内讧之术,强袭，拔突，二连苦无，半月，急所击，二挺击，刚弓，石火，乱射，铁壁,火枪名人,一般条件,,,未登场,笕十藏,浪人,其他,无,诹访之町,无,未登场,笕十藏,浪人,其他,无,诹访之町,无,未登场,笕十藏,浪人,其他,无,诹访之町,无,未登场,笕十藏,浪人,其他,无,诹访之町,无,未登场,笕十藏,浪人,其他,无,诹访之町,无,未登场,笕十藏,浪人,其他,无,诹访之町,无,未登场,笕十藏,浪人,其他,无,诹访之町,无,已登场,笕十藏,浪人,其他,无,诹访之町,无,已登场,笕十藏,部将,直臣,十河家,广岛城,无,,,,"[{""stage"":"""",""tkid"":""218"",""ref"":""218_笕十藏_朝右.png"",""emotion"":0}]"
lord_1_kasai,,葛西晴信,葛西晴信,葛西,219,Kasai Harunobu,clan_kasai_1,ou,精确匹配织丰,1,1534,1554,1597,病死,葛西晴胤,,葛西晴胤,只限武将,48,48,温和,胆小,普通,轻率,普通,14,书籍,无欲,滴酒不沾,平氏,刀剑,26,29,44,51,48,1,0,0,0,0,1,0,0,0,0,0,1,0,1,0,0,无,强袭,无,无要求,,,已登场,葛西晴信,家老,直臣,葛西家,寺池城,无,已登场,葛西晴信,大名,首领,葛西家,寺池城,无,已登场,葛西晴信,大名,首领,葛西家,寺池城,无,已登场,葛西晴信,大名,首领,葛西家,寺池城,无,已登场,葛西晴信,大名,首领,葛西家,寺池城,无,已登场,葛西晴信,大名,首领,葛西家,寺池城,无,已登场,葛西晴信,大名,首领,葛西家,寺池城,无,已死亡,葛西晴信,无效,无效,无,无效,无,已登场,葛西晴信,部将,直臣,西园寺家,山形城,无,,,,"[{""stage"":"""",""tkid"":""219"",""ref"":""219_葛西晴信_朝右.png"",""emotion"":0}]"
lord_1_kasahara_masayoshi,,笠原政堯,笠原政尧,笠原,220,Kasahara Masayoshi,clan_kasahara_1,kanto,基于分组自动创建家族,1,1550,1564,1590,战死,松田宪秀,,松田宪秀,全职种,80,20,普通,普通,理想,轻率,不重情义,79,书籍,贪心,普通,源氏,刀剑,47,34,50,45,40,0,0,0,0,0,0,1,0,1,1,1,0,1,1,0,0,无,强袭,无,无要求,,,未登场,笠原政尧,侍大将,直臣,北条家,小田原城,无,未登场,笠原政尧,侍大将,陪臣（松田宪秀）,北条家,小田原城,无,已登场,笠原政尧,侍大将,直臣,北条家,小田原城,无,已登场,笠原政尧,侍大将,直臣,北条家,小田原城,无,已登场,笠原政尧,侍大将,直臣,北条家,小田原城,无,已登场,笠原政尧,侍大将,直臣,北条家,小田原城,无,已登场,笠原政尧,侍大将,直臣,北条家,小田原城,无,已死亡,笠原政尧,无效,无效,无,无效,无,已登场,笠原政尧,浪人,其他,无,严岛之町,无,,,,"[{""stage"":"""",""tkid"":""220"",""ref"":""220_笠原政尧_朝右.png"",""emotion"":0}]"
lord_1_ganshojii_shoei,,梶原景宗,梶原景宗,梶原,221,Ganshojii Shoei,clan_ganshojii_1,kanto,基于分组自动创建家族,1,1534,1554,1605,病死,,,,全职种,82,82,普通,勇敢,普通,轻率,重视情义,55,武具,贪心,普通,平氏,刀剑,74,78,29,51,67,2,1,2,4,2,2,0,1,3,1,0,1,0,0,1,1,水上禁行，蝴蝶之阵,强袭，拔突，刚弓，铁壁,无,一般条件,,,已登场,梶原景宗,头领,首领,相模水军,三崎之砦,无,已登场,梶原景宗,头领,首领,相模水军,三崎之砦,无,已登场,梶原景宗,头领,首领,相模水军,三崎之砦,无,已登场,梶原景宗,头领,首领,相模水军,三崎之砦,无,已登场,梶原景宗,头领,首领,相模水军,三崎之砦,无,已登场,梶原景宗,头领,首领,相模水军,三崎之砦,无,已登场,梶原景宗,头领,首领,相模水军,三崎之砦,无,已登场,梶原景宗,浪人,其他,无,杂贺之町,无,已登场,梶原景宗,浪人,其他,无,甲府之町,无,,,,"[{""stage"":"""",""tkid"":""221"",""ref"":""221_梶原景宗_朝右.png"",""emotion"":0}]"
lord_1_kanbe_tomomori,,果心居士,果心居士,果心,222,Kanbe Tomomori,clan_kanbe_1,neutral_culture,基于分组自动创建家族,1,1525,1554,1616,病死,,,,没那个意思,40,40,温和,普通,普通,慎重,不重情义,1,武具,无欲,滴酒不沾,其他,锁镰,4,69,21,89,73,0,0,2,0,2,2,1,4,0,0,2,2,0,2,2,2,激励，奈落之术，幻惑之术，雷爆之术，红莲之术，伪情报,强袭，拔突，二连苦无，半月，千鸟，刚弓，横车，铁壁,锁镰高手,一般条件,,,已登场,果心居士,浪人,其他,无,奈良之町,无,已登场,果心居士,浪人,其他,无,奈良之町,无,已登场,果心居士,浪人,其他,无,奈良之町,无,已登场,果心居士,浪人,其他,无,奈良之町,无,已登场,果心居士,浪人,其他,无,奈良之町,无,已登场,果心居士,浪人,其他,无,奈良之町,无,已登场,果心居士,浪人,其他,无,奈良之町,无,已登场,果心居士,浪人,其他,无,飞高山之町,无,已登场,果心居士,浪人,其他,无,诹访之町,无,,,,"[{""stage"":"""",""tkid"":""222"",""ref"":""222_果心居士_朝右.png"",""emotion"":0}]"
lord_1_kan_tatsunaga,,糟谷武則,糟谷武则,糟谷,223,Kan Tatsunaga,clan_kan_1,kinai,基于分组自动创建家族,1,1554,1568,1609,病死,,,,只限武将,16,16,性急,普通,普通,轻率,普通,59,武具,普通,嗜酒如命,藤原氏,枪,56,74,37,42,38,1,1,1,0,2,3,0,0,0,0,1,0,0,0,1,1,无,强袭，连续斩，拔突，粘花，刚弓，卷枪，引落，柄返，刚力，铁壁,无,无要求,,,未登场,糟谷武则,浪人,其他,无,姬路之町,无,未登场,糟谷武则,浪人,其他,无,姬路之町,无,未登场,糟谷武则,浪人,其他,无,姬路之町,无,已登场,糟谷武则,浪人,其他,无,姬路之町,无,已登场,糟谷武则,浪人,其他,无,姬路之町,无,已登场,糟谷武则,足轻组头,陪臣（羽柴秀吉）,织田家,姬路城,无,已登场,糟谷武则,足轻组头,直臣,羽柴家,石山本愿寺,无,已登场,糟谷武则,城主,直臣,丰臣家,三木城,无,已登场,糟谷武则,浪人,其他,无,金泽之町,无,,,,"[{""stage"":"""",""tkid"":""223"",""ref"":""223_糟谷武则_朝右.png"",""emotion"":0}]"
lord_1_kyogoku_takayoshi,,片桐且元,片桐且元,片桐,224,Kyogoku Takayoshi,clan_kyogoku_1,kinai,基于分组自动创建家族,1,1556,1570,1615,病死,,,,只限武将,11,90,温和,胆小,普通,慎重,不重情义,32,书籍,无欲,普通,源氏,枪,45,68,67,64,32,2,1,1,0,0,2,1,0,1,1,1,0,2,2,1,1,无,强袭，拔突，铁壁,无,一般条件,,,未登场,片桐且元,浪人,其他,无,井之口之町,无,未登场,片桐且元,足轻组头,直臣,织田家,清洲城,无,未登场,片桐且元,足轻组头,直臣,织田家,清洲城,无,未登场,片桐且元,足轻组头,直臣,织田家,岐阜城,无,已登场,片桐且元,足轻组头,直臣,织田家,岐阜城,无,已登场,片桐且元,足轻组头,陪臣（羽柴秀吉）,织田家,姬路城,无,已登场,片桐且元,足轻组头,直臣,羽柴家,石山本愿寺,无,已登场,片桐且元,家老,直臣,丰臣家,大坂城,无,已登场,片桐且元,浪人,其他,无,赤间关之町,无,,,,"[{""stage"":"""",""tkid"":""224"",""ref"":""224_片桐且元_朝右.png"",""emotion"":0}]"
lord_1_katakura_4,,片倉景綱,片仓景纲,片仓,225,Katakura Kagetsuna,clan_katakura_1,ou,精确匹配织丰,1,1557,1571,1615,病死,,,片仓重长,只限武将,62,62,普通,勇敢,普通,慎重,普通,40,武具,无欲,普通,藤原氏,刀剑,80,69,72,77,81,2,2,2,0,0,3,1,0,1,2,1,1,0,1,0,0,骑射突击,强袭，连续斩，八神太刀，拔突，刚力，金刚力，铁壁，气声，大喝,无,一般条件,,,未登场,片仓景纲,足轻组头,直臣,伊达家,米泽城,新当流,未登场,片仓景纲,足轻组头,直臣,伊达家,米泽城,新当流,未登场,片仓景纲,足轻组头,直臣,伊达家,米泽城,新当流,未登场,片仓景纲,足轻组头,直臣,伊达家,米泽城,新当流,已登场,片仓景纲,足轻组头,直臣,伊达家,米泽城,新当流,已登场,片仓景纲,足轻组头,直臣,伊达家,米泽城,新当流,已登场,片仓景纲,侍大将,直臣,伊达家,米泽城,新当流,已登场,片仓景纲,部将,直臣,伊达家,仙台城,新当流,已登场,片仓景纲,浪人,其他,无,今治之町,新当流,,,,"[{""stage"":"""",""tkid"":""225"",""ref"":""225_片仓景纲_朝右.png"",""emotion"":0}]"
lord_1_kirigakure_saizo,,佐甲藤太郎,佐甲藤太郎,佐甲,226,Kirigakure Saizo,clan_kirigakure_1,neutral_culture,基于分组自动创建家族,1,1554,1568,1659,病死,,,,武将以外优先,35,35,普通,普通,现实,普通,普通,45,艺术品,普通,普通,其他,枪,13,41,50,58,49,0,0,1,2,0,0,0,0,2,2,3,3,0,2,1,0,无,拔突，丢钱,无,无要求,,,未登场,佐甲藤太郎,掌柜,直臣,下关屋,赤间关之町,无,未登场,佐甲藤太郎,掌柜,直臣,下关屋,赤间关之町,无,未登场,佐甲藤太郎,掌柜,直臣,下关屋,赤间关之町,无,已登场,佐甲藤太郎,掌柜,直臣,下关屋,赤间关之町,无,已登场,佐甲藤太郎,当家,首领,下关屋,赤间关之町,无,已登场,佐甲藤太郎,当家,首领,下关屋,赤间关之町,无,已登场,佐甲藤太郎,当家,首领,下关屋,赤间关之町,无,已登场,佐甲藤太郎,当家,首领,下关屋,赤间关之町,无,已登场,佐甲藤太郎,浪人,其他,无,小滨之町,无,,,,"[{""stage"":"""",""tkid"":""226"",""ref"":""226_佐甲藤太郎_朝右.png"",""emotion"":0}]"
lord_1_kondou_mototsuna,,堅田元慶,坚田元庆,坚田,227,Kondou Mototsuna,clan_kondou_1,sanyo,基于分组自动创建家族,1,1568,1582,1622,病死,,,,只限武将,36,36,温和,勇敢,普通,普通,重视情义,23,艺术品,普通,普通,藤原氏,刀剑,42,24,59,53,36,1,1,1,0,0,0,0,0,1,1,0,1,1,1,1,1,无,强袭,无,无要求,,,未登场,坚田元庆,足轻组头,直臣,毛利家,吉田郡山城,无,未登场,坚田元庆,足轻组头,直臣,毛利家,吉田郡山城,无,未登场,坚田元庆,足轻组头,直臣,毛利家,吉田郡山城,无,未登场,坚田元庆,足轻组头,直臣,毛利家,吉田郡山城,无,未登场,坚田元庆,足轻组头,直臣,毛利家,吉田郡山城,无,已登场,坚田元庆,足轻组头,直臣,毛利家,吉田郡山城,无,已登场,坚田元庆,足轻组头,直臣,毛利家,吉田郡山城,无,已登场,坚田元庆,城主,直臣,毛利家,三原城,无,已登场,坚田元庆,浪人,其他,无,厩桥之町,无,,,,"[{""stage"":"""",""tkid"":""227"",""ref"":""227_坚田元庆_朝右.png"",""emotion"":0}]"
lord_1_katsura_yoshizumi,,桂元澄,桂元澄,桂,228,Katsura Yoshizumi,clan_katsura_1,sanyo,基于分组自动创建家族,1,1508,1554,1569,病死,,,,只限武将,36,36,性急,勇敢,普通,慎重,重视情义,32,武具,无欲,普通,其他,刀剑,41,42,55,61,44,0,1,1,0,0,1,0,0,0,0,0,0,0,0,0,0,无,强袭,无,无要求,,,已登场,桂元澄,部将,直臣,毛利家,吉田郡山城,无,已登场,桂元澄,部将,直臣,毛利家,吉田郡山城,无,已登场,桂元澄,部将,直臣,毛利家,吉田郡山城,无,已登场,桂元澄,部将,直臣,毛利家,吉田郡山城,无,已死亡,桂元澄,无效,无效,无,无效,无,已死亡,桂元澄,无效,无效,无,无效,无,已死亡,桂元澄,无效,无效,无,无效,无,已死亡,桂元澄,无效,无效,无,无效,无,已登场,桂元澄,浪人,其他,无,甲府之町,无,,,,"[{""stage"":"""",""tkid"":""228"",""ref"":""228_桂元澄_朝正.png"",""emotion"":0}]"
lord_1_kazayama_moto,,葛山氏元,葛山氏元,葛山,229,Kazayama Moto,clan_kazayama_1,tosan,基于分组自动创建家族,1,1524,1554,1568,病死,,,,全职种,48,48,普通,胆小,普通,慎重,不重情义,61,书籍,普通,滴酒不沾,藤原氏,刀剑,35,39,58,45,49,0,0,0,0,1,0,0,0,1,2,0,2,1,1,0,0,无,强袭,无,无要求,,,已登场,葛山氏元,部将,直臣,今川家,骏府城,无,已登场,葛山氏元,侍大将,直臣,今川家,骏府城,无,已登场,葛山氏元,家老,直臣,今川家,骏府城,无,已死亡,葛山氏元,无效,无效,无,无效,无,已死亡,葛山氏元,无效,无效,无,无效,无,已死亡,葛山氏元,无效,无效,无,无效,无,已死亡,葛山氏元,无效,无效,无,无效,无,已死亡,葛山氏元,无效,无效,无,无效,无,已登场,葛山氏元,浪人,其他,无,轮岛之町,无,,,,"[{""stage"":"""",""tkid"":""229"",""ref"":""229_葛山氏元_朝右.png"",""emotion"":0}]"
lord_1_katoo_kiyomasa,,加藤清正,加藤清正,加藤,230|1155,Katoo Kiyomasa,clan_katō_1,tokai,基于分组自动创建家族,1,1562,1576,1611,病死,,,,只限武将,10,7,性急,勇敢,现实,慎重,不重情义,85,武具,贪心,嗜酒如命,藤原氏,枪,80,87,60,57,79,4,3,3,2,2,3,2,1,4,0,2,0,0,1,1,0,强行突破，紧急修补,强袭，连续斩，拔突，粘花，急所击，刚弓，卷枪，引落，柄返，刚力，铁壁,枪术能手,一般条件,,,未登场,加藤清正,浪人,其他,无,清洲之町,无,未登场,加藤清正,浪人,其他,无,清洲之町,无,未登场,加藤清正,足轻组头,直臣,织田家,清洲城,无,未登场,加藤清正,足轻组头,直臣,织田家,岐阜城,无,未登场,加藤清正,足轻组头,陪臣（羽柴秀吉）,织田家,长滨城,无,已登场,加藤清正,足轻组头,陪臣（羽柴秀吉）,织田家,姬路城,无,已登场,加藤清正,足轻大将,直臣,羽柴家,石山本愿寺,无,已登场,加藤清正,大名,首领,加藤家,熊本城,无,已登场,加藤清正,浪人,其他,无,严岛之町,无,,,"[{""stage"":""文"",""tkid"":""230"",""ref"":"""",""emotion"":1},{""stage"":""藩"",""tkid"":""1155"",""ref"":"""",""emotion"":1}]","[{""stage"":""文"",""tkid"":""230"",""ref"":""230_加藤清正_朝正.png"",""emotion"":1},{""stage"":""藩"",""tkid"":""1155"",""ref"":""1155_加藤清正_朝右.png"",""emotion"":1}]"
lord_1_katoo_dankuroo,,加藤段藏,加藤段藏,加藤,231,Katoo Dankuroo,clan_katō_1,tokai,基于分组自动创建家族,1,1533,1554,1572,战死,,,,武将以外优先,40,40,普通,普通,理想,轻率,不重情义,83,艺术品,贪心,嗜酒如命,藤原氏,苦无,65,79,13,78,21,2,0,2,1,2,2,1,4,0,0,0,2,0,0,0,0,鬼脚之术，鬼谋，幻惑之术，雷爆之术,强袭，拔突，二连苦无，半月，刚弓，猛毒苦无，十字投，乱苦无，叠返之术，铁壁,苦无名人,一般条件,,,已登场,加藤段藏,中忍,直臣,轩猿众,轩猿之里,无,已登场,加藤段藏,中忍,直臣,轩猿众,轩猿之里,无,已登场,加藤段藏,中忍,直臣,轩猿众,轩猿之里,无,已登场,加藤段藏,中忍,直臣,透波众,透波之里,无,已死亡,加藤段藏,无效,无效,无,无效,无,已死亡,加藤段藏,无效,无效,无,无效,无,已死亡,加藤段藏,无效,无效,无,无效,无,已死亡,加藤段藏,无效,无效,无,无效,无,已登场,加藤段藏,浪人,其他,无,奈良之町,无,,,,"[{""stage"":"""",""tkid"":""231"",""ref"":""231_加藤段藏_朝右.png"",""emotion"":0}]"
lord_1_katoo_mitsuyasu,,加藤光泰,加藤光泰,加藤,232,Katoo Mitsuyasu,clan_katō_1,tokai,基于分组自动创建家族,1,1537,1554,1593,病死,,,,全职种,20,20,普通,普通,普通,普通,普通,50,艺术品,无欲,普通,藤原氏,枪,52,54,51,49,34,0,1,1,0,0,0,0,0,0,1,0,1,0,0,1,1,无,拔突,无,无要求,,,未登场,加藤光泰,浪人,其他,无,井之口之町,无,已登场,加藤光泰,足轻组头,直臣,斋藤家,稻叶山城,无,已登场,加藤光泰,足轻组头,直臣,斋藤家,稻叶山城,无,已登场,加藤光泰,足轻组头,直臣,织田家,岐阜城,无,已登场,加藤光泰,足轻组头,直臣,织田家,岐阜城,无,已登场,加藤光泰,足轻大将,陪臣（羽柴秀吉）,织田家,姬路城,无,已登场,加藤光泰,部将,直臣,羽柴家,石山本愿寺,无,已死亡,加藤光泰,无效,无效,无,无效,无,已登场,加藤光泰,浪人,其他,无,鹿岛之町,无,,,,"[{""stage"":"""",""tkid"":""232"",""ref"":""232_加藤光泰_朝右.png"",""emotion"":0}]"
lord_1_katoo_yoshiaki,,加藤嘉明,加藤嘉明,加藤,233,Katoo Yoshiaki,clan_katō_1,tokai,基于分组自动创建家族,1,1563,1577,1631,病死,,,,全职种,18,18,普通,普通,普通,轻率,普通,43,艺术品,无欲,普通,藤原氏,枪,68,78,53,56,69,2,2,2,3,2,3,2,0,2,0,0,0,1,0,0,0,进水,强袭，连续斩，拔突，粘花，刚弓，卷枪，引落，柄返，刚力，铁壁,无,一般条件,,,未登场,加藤嘉明,浪人,其他,无,井之口之町,无,未登场,加藤嘉明,足轻组头,直臣,织田家,清洲城,无,未登场,加藤嘉明,足轻组头,直臣,织田家,清洲城,无,未登场,加藤嘉明,足轻组头,直臣,织田家,岐阜城,无,未登场,加藤嘉明,足轻组头,陪臣（羽柴秀吉）,织田家,长滨城,无,已登场,加藤嘉明,足轻组头,陪臣（羽柴秀吉）,织田家,姬路城,无,已登场,加藤嘉明,侍大将,直臣,羽柴家,石山本愿寺,无,已登场,加藤嘉明,大名,首领,加藤家,汤筑城,无,已登场,加藤嘉明,浪人,其他,无,出石之町,无,,,,"[{""stage"":"""",""tkid"":""233"",""ref"":""233_加藤嘉明_朝右.png"",""emotion"":0}]"
lord_1_kanakami_morinari,,金上盛備,金上盛备,金上,234,Kanakami Morinari,clan_kanakami_1,ou,基于分组自动创建家族,1,1527,1554,1589,战死,,,,只限武将,19,19,普通,普通,普通,轻率,普通,51,书籍,普通,普通,其他,刀剑,56,59,60,71,63,1,2,1,0,1,1,0,1,0,1,1,0,1,3,0,1,无,强袭,无,无要求,,,已登场,金上盛备,侍大将,直臣,芦名家,黑川城,无,已登场,金上盛备,侍大将,直臣,芦名家,黑川城,无,已登场,金上盛备,侍大将,直臣,芦名家,黑川城,无,已登场,金上盛备,侍大将,直臣,芦名家,黑川城,无,已登场,金上盛备,侍大将,直臣,芦名家,黑川城,无,已登场,金上盛备,侍大将,直臣,芦名家,黑川城,无,已登场,金上盛备,侍大将,直臣,芦名家,黑川城,无,已死亡,金上盛备,无效,无效,无,无效,无,已登场,金上盛备,侍大将,直臣,上泉家,内城,无,,,,"[{""stage"":"""",""tkid"":""234"",""ref"":""234_金上盛备_朝右.png"",""emotion"":0}]"
lord_1_kanamori_nagachika,,金森長近,金森长近,金森,235,Kanamori Nagachika,clan_kanamori_1,kinai,基于分组自动创建家族,1,1524,1554,1608,病死,,,,全职种,20,20,温和,普通,现实,慎重,普通,56,艺术品,贪心,普通,源氏,刀剑,64,49,70,60,61,1,1,1,0,0,0,1,1,2,1,0,2,2,2,4,2,无,强袭,风雅之士,一般条件,,,已登场,金森长近,浪人,其他,无,井之口之町,无,已登场,金森长近,浪人,其他,无,井之口之町,无,已登场,金森长近,浪人,其他,无,井之口之町,无,已登场,金森长近,浪人,其他,无,岐阜之町,无,已登场,金森长近,足轻大将,直臣,织田家,岐阜城,无,已登场,金森长近,侍大将,直臣,织田家,安土城,无,已登场,金森长近,家老,直臣,羽柴家,石山本愿寺,无,已登场,金森长近,大名,首领,金森家,飞高山城,无,已登场,金森长近,浪人,其他,无,长滨之町,无,,,,"[{""stage"":"""",""tkid"":""235"",""ref"":""235_金森长近_朝右.png"",""emotion"":0}]"
lord_1_kani_saizoo,,可兒才藏,可儿才藏,可儿,236,Kani Saizoo,clan_kani_1,tokai,基于分组自动创建家族,1,1554,1568,1613,病死,,,,全职种,10,10,性急,勇敢,普通,轻率,不重情义,76,武具,无欲,嗜酒如命,其他,枪,35,82,9,38,65,3,1,1,0,3,4,0,1,0,0,0,0,0,1,0,0,无,强袭，连续斩，拔突，粘花，刚弓，卷枪，飞鸟，引落，当身，柄返，刚力，铁壁，辱骂，大喝,枪术名人,一般条件,,,未登场,可儿才藏,足轻组头,直臣,斋藤家,稻叶山城,宝藏院流,未登场,可儿才藏,足轻组头,直臣,织田家,清洲城,宝藏院流,未登场,可儿才藏,足轻组头,直臣,斋藤家,稻叶山城,宝藏院流,已登场,可儿才藏,足轻组头,直臣,织田家,岐阜城,宝藏院流,已登场,可儿才藏,足轻组头,直臣,织田家,岐阜城,宝藏院流,已登场,可儿才藏,足轻组头,直臣,织田家,安土城,宝藏院流,已登场,可儿才藏,足轻组头,陪臣（羽柴秀次）,羽柴家,石山本愿寺,宝藏院流,已登场,可儿才藏,侍大将,直臣,福岛家,清洲城,宝藏院流,已登场,可儿才藏,头领,首领,土佐水军,十市之砦,宝藏院流,,,,"[{""stage"":"""",""tkid"":""236"",""ref"":""236_可儿才藏_朝右.png"",""emotion"":0}]"
lord_1_kanee_tsumura,,鐘捲自齋,钟卷自斋,钟卷,237,Kanee Tsumura Jisai,clan_kanee_1,neutral_culture,基于分组自动创建家族,1,1532,1554,1599,病死,,,,没那个意思,65,65,性急,胆小,普通,轻率,普通,44,艺术品,贪心,普通,其他,刀剑,18,86,24,19,32,1,0,0,0,0,4,0,3,0,0,0,0,1,0,0,2,无,强袭，连续斩，切落，绝妙剑，拔突，二连苦无，半月，金翅鸟王剑，当身，刚力，独妙剑，铁壁,剑豪,一般条件,,,已登场,钟卷自斋,师范,其他,无,金泽之町,钟卷流,已登场,钟卷自斋,师范,其他,无,金泽之町,钟卷流,已登场,钟卷自斋,师范,其他,无,金泽之町,钟卷流,已登场,钟卷自斋,师范,其他,无,金泽之町,钟卷流,已登场,钟卷自斋,师范,其他,无,金泽之町,钟卷流,已登场,钟卷自斋,师范,其他,无,金泽之町,钟卷流,已登场,钟卷自斋,师范,其他,无,金泽之町,钟卷流,已登场,钟卷自斋,师范,其他,无,金泽之町,钟卷流,已登场,钟卷自斋,师范,其他,无,金泽之町,钟卷流,,,,"[{""stage"":"""",""tkid"":""237"",""ref"":""237_钟卷自斋_朝右.png"",""emotion"":0}]"
lord_1_kamachi,,蒲池鑒盛,蒲池鉴盛,蒲池,238,Kamachi Akimori,clan_kamachi_1,saikai,精确匹配织丰,1,1519,1554,1578,战死,,,,只限武将,70,70,温和,胆小,现实,慎重,普通,29,书籍,无欲,普通,藤原氏,刀剑,55,56,62,72,41,1,0,1,1,1,0,1,0,0,1,1,3,1,2,1,0,无,强袭，丢钱,无,无要求,,,已登场,蒲池鉴盛,城主,直臣,大友家,柳川城,无,已登场,蒲池鉴盛,城主,直臣,大友家,柳川城,无,已登场,蒲池鉴盛,城主,直臣,大友家,柳川城,无,已登场,蒲池鉴盛,城主,直臣,大友家,柳川城,无,已登场,蒲池鉴盛,城主,直臣,大友家,柳川城,无,已死亡,蒲池鉴盛,无效,无效,无,无效,无,已死亡,蒲池鉴盛,无效,无效,无,无效,无,已死亡,蒲池鉴盛,无效,无效,无,无效,无,已登场,蒲池鉴盛,水夫,直臣,五岛水军,江川之砦,无,,,,"[{""stage"":"""",""tkid"":""238"",""ref"":""238_蒲池鉴盛_朝右.png"",""emotion"":0}]"
lord_1_kamei_korenori,,龜井茲矩,龟井兹矩,龟井,239,Kamei Korenori,clan_kamei_1,sanyo,基于分组自动创建家族,1,1557,1571,1612,病死,,,,全职种,5,5,普通,普通,现实,普通,普通,65,南蛮物,贪心,普通,源氏,刀剑,63,35,83,72,47,2,0,2,2,0,1,1,1,0,4,3,1,1,3,1,1,土龙攻，紧急修补,强袭,无,一般条件,,,未登场,龟井兹矩,足轻组头,直臣,尼子家,月山富田城,无,未登场,龟井兹矩,浪人,其他,无,松江之町,无,未登场,龟井兹矩,足轻组头,直臣,尼子家,月山富田城,无,未登场,龟井兹矩,浪人,其他,无,松江之町,无,已登场,龟井兹矩,浪人,其他,无,松江之町,无,已登场,龟井兹矩,浪人,其他,无,松江之町,无,已登场,龟井兹矩,城主,直臣,羽柴家,羽衣石城,无,已登场,龟井兹矩,大名,首领,龟井家,羽衣石城,无,已登场,龟井兹矩,头目,首领,山潜众,山潜之里,无,,,,"[{""stage"":"""",""tkid"":""239"",""ref"":""239_龟井茲矩_朝右.png"",""emotion"":0}]"
lord_1_gamou_2,,蒲生氏鄉,蒲生氏乡,蒲生,240|1156,Gamou Ujisato,clan_gamou_1,kinai,精确匹配织丰,1,1556,1570,1595,病死,蒲生贤秀,蒲生定秀,蒲生贤秀 蒲生定秀 蒲生秀行,全职种,24,24,普通,普通,普通,慎重,普通,69,艺术品,普通,普通,藤原氏,弓,77,72,90,82,88,2,2,2,1,3,1,2,0,3,4,2,4,3,4,4,1,土龙攻，激励，加护,刚弓，神弓，心眼，丢钱，贿赂,风雅之士,一般条件,,,未登场,蒲生赋秀,足轻组头,陪臣（蒲生定秀）,六角家,日野城,无,未登场,蒲生赋秀,足轻组头,陪臣（蒲生贤秀）,六角家,日野城,无,未登场,蒲生赋秀,足轻组头,陪臣（蒲生定秀）,六角家,日野城,无,未登场,蒲生赋秀,足轻组头,陪臣（蒲生定秀）,织田家,日野城,无,已登场,蒲生赋秀,足轻组头,陪臣（蒲生定秀）,织田家,日野城,无,已登场,蒲生氏乡,足轻大将,陪臣（蒲生贤秀）,织田家,日野城,无,已登场,蒲生氏乡,城主,直臣,羽柴家,日野城,无,已死亡,蒲生氏乡,无效,无效,无,无效,无,已登场,蒲生氏乡,浪人,其他,无,大凑之町,无,,,"[{""stage"":""军"",""tkid"":""240"",""ref"":"""",""emotion"":1},{""stage"":""朝"",""tkid"":""1156"",""ref"":"""",""emotion"":1}]","[{""stage"":""军"",""tkid"":""240"",""ref"":""240_蒲生氏乡_朝右.png"",""emotion"":1},{""stage"":""朝"",""tkid"":""1156"",""ref"":""1156_蒲生氏乡_朝右.png"",""emotion"":1}]"
lord_1_gamou,,蒲生賢秀,蒲生贤秀,蒲生,241,Gamou Katahide,clan_gamou_1,kinai,精确匹配织丰,1,1534,1554,1584,病死,蒲生定秀,,蒲生氏乡 蒲生定秀 蒲生秀行,只限武将,24,24,温和,普通,现实,慎重,普通,42,艺术品,无欲,滴酒不沾,藤原氏,弓,58,46,64,66,58,0,1,0,0,2,0,1,0,1,0,0,0,1,2,1,0,无,刚弓,无,无要求,,,已登场,蒲生贤秀,侍大将,陪臣（蒲生定秀）,六角家,日野城,无,已登场,蒲生贤秀,侍大将,陪臣（蒲生定秀）,六角家,日野城,无,已登场,蒲生贤秀,侍大将,陪臣（蒲生定秀）,六角家,日野城,无,已登场,蒲生贤秀,侍大将,陪臣（蒲生定秀）,织田家,日野城,无,已登场,蒲生贤秀,侍大将,陪臣（蒲生定秀）,织田家,日野城,无,已登场,蒲生贤秀,城主,直臣,织田家,日野城,无,已登场,蒲生贤秀,部将,陪臣（蒲生氏乡）,羽柴家,日野城,无,已死亡,蒲生贤秀,无效,无效,无,无效,无,已登场,蒲生贤秀,浪人,其他,无,大凑之町,无,,,,"[{""stage"":"""",""tkid"":""241"",""ref"":""241_蒲生贤秀_朝右.png"",""emotion"":0}]"
lord_1_gamou_sadahide,,蒲生定秀,蒲生定秀,蒲生,242,Gamou Sadahide,clan_gamou_1,kinai,家族和文化自动推断,1,1508,1554,1579,病死,,,蒲生氏乡 蒲生贤秀,只限武将,24,24,性急,勇敢,理想,慎重,不重情义,67,艺术品,贪心,嗜酒如命,藤原氏,弓,70,49,45,76,49,2,1,0,0,2,1,1,0,1,2,2,3,1,0,0,2,无,刚弓，丢钱,无,无要求,,,已登场,蒲生定秀,城主,直臣,六角家,日野城,无,已登场,蒲生定秀,城主,直臣,六角家,日野城,无,已登场,蒲生定秀,城主,直臣,六角家,日野城,无,已登场,蒲生定秀,城主,直臣,织田家,日野城,无,已登场,蒲生定秀,城主,直臣,织田家,日野城,无,已死亡,蒲生定秀,无效,无效,无,无效,无,已死亡,蒲生定秀,无效,无效,无,无效,无,已死亡,蒲生定秀,无效,无效,无,无效,无,已登场,蒲生定秀,浪人,其他,无,大凑之町,无,,,,"[{""stage"":"""",""tkid"":""242"",""ref"":""242_蒲生定秀_朝右.png"",""emotion"":0}]"
lord_1_gamou_yasukyo,,蒲生賴鄉,蒲生赖乡,蒲生,243,Gamou Yasukyo,clan_gamou_1,kinai,家族和文化自动推断,1,1558,1572,1600,战死,,,,只限武将,15,15,性急,勇敢,理想,轻率,重视情义,35,武具,无欲,嗜酒如命,藤原氏,刀剑,69,77,25,35,61,1,2,1,0,2,3,0,1,0,0,0,0,2,0,0,0,无,强袭，连续斩，拔突，刚弓，刚力，铁壁,无,一般条件,,,未登场,横山喜内,足轻组头,陪臣（蒲生定秀）,六角家,日野城,无,未登场,横山喜内,足轻组头,陪臣（蒲生定秀）,六角家,日野城,无,未登场,横山喜内,足轻组头,陪臣（蒲生定秀）,六角家,日野城,无,未登场,横山喜内,足轻组头,陪臣（蒲生定秀）,织田家,日野城,无,已登场,横山喜内,足轻组头,陪臣（蒲生定秀）,织田家,日野城,无,已登场,横山喜内,足轻组头,陪臣（蒲生贤秀）,织田家,日野城,无,已登场,蒲生赖乡,足轻组头,陪臣（蒲生氏乡）,羽柴家,日野城,无,已登场,蒲生赖乡,部将,陪臣（石田三成）,丰臣家,佐和山城,无,已登场,蒲生赖乡,浪人,其他,无,诹访之町,无,,,,"[{""stage"":"""",""tkid"":""243"",""ref"":""243_蒲生乡舍_朝右.png"",""emotion"":0}]"
lord_1_gamou_hideyuki,,蒲生秀行,蒲生秀行,蒲生,244,Gamou Hideyuki,clan_gamou_1,kinai,家族和文化自动推断,1,1583,1596,1612,病死,蒲生氏乡,蒲生贤秀,蒲生氏乡 蒲生贤秀,全职种,5,5,温和,胆小,普通,慎重,普通,42,艺术品,普通,普通,藤原氏,弓,54,41,57,26,41,0,0,0,0,0,0,0,0,0,1,1,0,1,0,1,0,无,刚弓,无,无要求,,,未登场,蒲生秀行,足轻组头,陪臣（蒲生赋秀）,六角家,日野城,无,未登场,蒲生秀行,足轻组头,陪臣（蒲生赋秀）,六角家,日野城,无,未登场,蒲生秀行,足轻组头,陪臣（蒲生赋秀）,六角家,日野城,无,未登场,蒲生秀行,足轻组头,陪臣（蒲生赋秀）,织田家,日野城,无,未登场,蒲生秀行,足轻组头,陪臣（蒲生赋秀）,织田家,日野城,无,未登场,蒲生秀行,足轻组头,陪臣（蒲生氏乡）,织田家,日野城,无,未登场,蒲生秀行,足轻组头,陪臣（蒲生氏乡）,羽柴家,日野城,无,已登场,蒲生秀行,大名,首领,蒲生家,宇都宫城,无,已登场,蒲生秀行,浪人,其他,无,宇须岸之町,无,,,,"[{""stage"":"""",""tkid"":""244"",""ref"":""244_蒲生秀行_朝右.png"",""emotion"":0}]"
lord_1_kawakami_11,,川上忠智,川上忠智,川上,245,Kawakami Tadatomo,clan_kawakami_1,saikai,精确匹配织丰,1,1545,1559,1588,病死,,,,只限武将,32,32,普通,勇敢,普通,轻率,普通,72,武具,普通,普通,源氏,枪,61,80,34,36,59,2,2,1,1,0,3,1,0,0,0,0,0,0,0,0,0,无,强袭，连续斩，拔突，粘花，卷枪，引落，柄返，刚力，铁壁,无,无要求,,,未登场,川上忠智,侍大将,直臣,岛津家,内城,无,未登场,川上忠智,侍大将,直臣,岛津家,内城,无,已登场,川上忠智,侍大将,直臣,岛津家,内城,无,已登场,川上忠智,侍大将,直臣,岛津家,内城,无,已登场,川上忠智,侍大将,直臣,岛津家,内城,无,已登场,川上忠智,侍大将,直臣,岛津家,内城,无,已登场,川上忠智,侍大将,直臣,岛津家,内城,无,已死亡,川上忠智,无效,无效,无,无效,无,已登场,川上忠智,家老,直臣,河尻家,水户城,无,,,,"[{""stage"":"""",""tkid"":""245"",""ref"":""245_川上忠智_朝右.png"",""emotion"":0}]"
dead_lord_1_kawakami_7,,川上久朗,川上久朗,川上,246,Kawakami Hisaaki,clan_kawakami_1,saikai,精确匹配织丰,1,1536,1554,1568,战死,,,,只限武将,32,32,温和,普通,现实,轻率,重视情义,18,武具,无欲,普通,源氏,枪,64,47,51,48,77,1,2,2,1,0,0,1,0,1,1,1,0,1,0,0,0,无,拔突,无,无要求,,,未登场,川上久朗,侍大将,直臣,岛津家,内城,无,已登场,川上久朗,足轻大将,直臣,岛津家,内城,无,已登场,川上久朗,侍大将,直臣,岛津家,内城,无,已登场,川上久朗,侍大将,直臣,岛津家,内城,无,已死亡,川上久朗,无效,无效,无,无效,无,已死亡,川上久朗,无效,无效,无,无效,无,已死亡,川上久朗,无效,无效,无,无效,无,已死亡,川上久朗,无效,无效,无,无效,无,已登场,川上久朗,家老,直臣,河尻家,水户城,无,,,,"[{""stage"":"""",""tkid"":""246"",""ref"":""246_川上久朗_朝右.png"",""emotion"":0}]"
lord_1_kawajiri_hidetaka,,河尻秀隆,河尻秀隆,河尻,247,Kawajiri Hidetaka,clan_kawajiri_1,tokai,基于分组自动创建家族,1,1527,1554,1582,战死,,,,全职种,1,1,性急,普通,普通,轻率,普通,49,武具,普通,普通,源氏,刀剑,60,68,26,27,31,2,2,1,0,0,1,0,0,0,0,0,2,1,0,0,0,无,强袭,无,无要求,,,已登场,河尻秀隆,侍大将,直臣,织田家,那古野城,无,已登场,河尻秀隆,侍大将,直臣,织田家,清洲城,无,已登场,河尻秀隆,侍大将,直臣,织田家,清洲城,无,已登场,河尻秀隆,侍大将,直臣,织田家,岐阜城,无,已登场,河尻秀隆,侍大将,直臣,织田家,岐阜城,无,已登场,河尻秀隆,部将,陪臣（织田信忠）,织田家,岐阜城,无,已死亡,河尻秀隆,无效,无效,无,无效,无,已死亡,河尻秀隆,无效,无效,无,无效,无,已登场,河尻秀隆,大名,首领,河尻家,水户城,无,,,,"[{""stage"":"""",""tkid"":""247"",""ref"":""247_河尻秀隆_朝右.png"",""emotion"":0}]"
lord_1_kawada_nagachika,,河田長親,河田长亲,河田,248,Kawada Nagachika,clan_kawada_1,hokuriku,基于分组自动创建家族,1,1540,1554,1581,病死,,,,全职种,21,21,温和,普通,普通,普通,重视情义,48,艺术品,普通,普通,其他,刀剑,56,58,69,74,63,1,1,1,1,1,1,2,0,1,2,1,1,1,2,1,1,无,强袭,无,无要求,,,未登场,河田长亲,侍大将,直臣,长尾家,春日山城,无,已登场,河田长亲,侍大将,直臣,长尾家,春日山城,无,已登场,河田长亲,侍大将,直臣,长尾家,春日山城,无,已登场,河田长亲,侍大将,直臣,上杉家,春日山城,无,已登场,河田长亲,侍大将,直臣,上杉家,春日山城,无,已死亡,河田长亲,无效,无效,无,无效,无,已死亡,河田长亲,无效,无效,无,无效,无,已死亡,河田长亲,无效,无效,无,无效,无,已登场,河田长亲,家老,直臣,河尻家,水户城,无,,,,"[{""stage"":"""",""tkid"":""248"",""ref"":""248_河田长亲_朝右.png"",""emotion"":0}]"
lord_1_ganshoji_shooe,,願証寺証惠,愿证寺证惠,愿证寺,249,Ganshoji Shooe,clan_ganshoji_1,kinai,家族和文化自动推断,1,1494,1554,1574,战死,,,,全职种,50,50,温和,普通,理想,慎重,重视情义,11,书籍,无欲,滴酒不沾,藤原氏,火绳枪,80,32,55,58,74,3,0,3,2,1,1,2,2,0,0,0,2,2,1,0,2,无,二连苦无，急所击，二挺击,无,一般条件,,,已登场,愿证寺证惠,城主,直臣,本愿寺,长岛城,无,已登场,愿证寺证惠,城主,直臣,本愿寺,长岛城,无,已登场,愿证寺证惠,城主,直臣,本愿寺,长岛城,无,已登场,愿证寺证惠,城主,直臣,本愿寺,长岛城,无,已死亡,愿证寺证惠,无效,无效,无,无效,无,已死亡,愿证寺证惠,无效,无效,无,无效,无,已死亡,愿证寺证惠,无效,无效,无,无效,无,已死亡,愿证寺证惠,无效,无效,无,无效,无,已登场,愿证寺证惠,浪人,其他,无,鹿岛之町,无,,,,"[{""stage"":"""",""tkid"":""249"",""ref"":""249_愿证寺证惠_朝右.png"",""emotion"":0}]"
lord_1_koobe_tomomori,,神戶具盛,神户具盛,神户,250,Koobe Tomomori,clan_kōbe_1,kinai,基于分组自动创建家族,1,1526,1554,1582,病死,,,,全职种,40,40,普通,胆小,普通,慎重,普通,50,书籍,普通,普通,平氏,刀剑,33,25,44,40,38,0,0,1,1,0,0,1,0,0,0,0,1,1,0,1,0,无,强袭,无,无要求,,,已登场,神户具盛,城主,直臣,北畠家,安浓津城,无,已登场,神户具盛,部将,直臣,北畠家,大河内城,无,已登场,神户具盛,城主,直臣,北畠家,安浓津城,无,已登场,神户具盛,部将,陪臣（泷川一益）,织田家,安浓津城,无,已登场,神户具盛,部将,陪臣（织田信孝）,织田家,安浓津城,无,已登场,神户具盛,部将,直臣,织田家,安土城,无,已死亡,神户具盛,无效,无效,无,无效,无,已死亡,神户具盛,无效,无效,无,无效,无,已登场,神户具盛,浪人,其他,无,鹿岛之町,无,,,,"[{""stage"":"""",""tkid"":""250"",""ref"":""250_神户具盛_朝右.png"",""emotion"":0}]"
lord_1_sugata_nagatake,,菅達長,菅达长,菅,251,Sugata Nagatake,clan_sugata_1,neutral_culture,基于分组自动创建家族,1,1549,1560,1614,战死,,,,全职种,0,0,性急,勇敢,普通,轻率,不重情义,62,武具,贪心,嗜酒如命,其他,刀剑,61,56,27,43,55,1,0,2,3,1,2,0,1,0,0,0,1,0,0,0,0,水上拖延,强袭，拔突，铁壁,无,无要求,,,未登场,菅达长,船头,直臣,淡路水军,洲本之砦,无,未登场,菅达长,船头,直臣,淡路水军,洲本之砦,无,已登场,菅达长,船头,直臣,淡路水军,洲本之砦,无,已登场,菅达长,船头,直臣,淡路水军,洲本之砦,无,已登场,菅达长,船头,直臣,淡路水军,洲本之砦,无,已登场,菅达长,船头,直臣,熊野水军,鸟羽之砦,无,已登场,菅达长,船头,直臣,熊野水军,鸟羽之砦,无,已登场,菅达长,头领,首领,淡路水军,洲本之砦,无,已登场,菅达长,浪人,其他,无,长滨之町,无,,,,"[{""stage"":"""",""tkid"":""251"",""ref"":""251_菅达长_朝右.png"",""emotion"":0}]"
lord_1_kii,,城井鎮房,城井镇房,城井,252,Kii Shigefusa,clan_kii_1,saikai,精确匹配织丰,1,1536,1554,1588,战死,城井长房,,城井长房,只限武将,80,80,温和,勇敢,普通,轻率,不重情义,91,艺术品,贪心,普通,藤原氏,刀剑,46,50,42,59,49,1,1,1,0,3,1,2,0,0,0,1,2,1,1,0,0,无,强袭，刚弓,无,无要求,,,未登场,城井镇房,侍大将,陪臣（城井长房）,大内家,城井谷城,无,已登场,城井镇房,城主,直臣,大友家,城井谷城,无,已登场,城井镇房,城主,直臣,大友家,城井谷城,无,已登场,城井镇房,城主,直臣,大友家,城井谷城,无,已登场,城井镇房,城主,直臣,大友家,城井谷城,无,已登场,城井镇房,大名,首领,城井家,城井谷城,无,已登场,城井镇房,大名,首领,城井家,城井谷城,无,已死亡,城井镇房,无效,无效,无,无效,无,已登场,城井镇房,浪人,其他,无,杂贺之町,无,,,,"[{""stage"":"""",""tkid"":""252"",""ref"":""252_城井镇房_朝右.png"",""emotion"":0}]"
lord_1_kiriu_suenaga,,喜入季久,喜入季久,喜入,253,Kiriu Suenaga,clan_kiriu_1,saikai,基于分组自动创建家族,1,1532,1554,1588,病死,,,,只限武将,30,30,温和,普通,普通,轻率,普通,32,书籍,普通,普通,源氏,刀剑,57,40,38,62,41,1,0,1,0,0,0,1,0,1,1,0,1,3,2,3,1,无,强袭,无,无要求,,,已登场,喜入季久,部将,直臣,岛津家,内城,无,已登场,喜入季久,部将,直臣,岛津家,内城,无,已登场,喜入季久,侍大将,直臣,岛津家,内城,无,已登场,喜入季久,部将,直臣,岛津家,内城,无,已登场,喜入季久,部将,直臣,岛津家,内城,无,已登场,喜入季久,部将,直臣,岛津家,内城,无,已登场,喜入季久,部将,直臣,岛津家,内城,无,已死亡,喜入季久,无效,无效,无,无效,无,已登场,喜入季久,浪人,其他,无,鹿屋之町,无,,,,"[{""stage"":"""",""tkid"":""253"",""ref"":""253_喜入季久_朝右.png"",""emotion"":0}]"
lord_1_kiso_2,,木曾義昌,木曾义昌,木曾,254,Kiso Yoshimasa,clan_kiso_1,tosan,精确匹配织丰,1,1540,1554,1595,病死,木曾义康,,木曾义康,全职种,60,80,普通,普通,普通,慎重,不重情义,69,武具,贪心,普通,源氏,刀剑,49,46,50,62,57,1,1,0,0,1,1,0,0,0,0,0,0,0,0,1,0,无,强袭,无,无要求,,,未登场,木曾义昌,部将,直臣,木曾家,木曾福岛城,无,已登场,木曾义昌,部将,直臣,木曾家,木曾福岛城,无,已登场,木曾义昌,部将,陪臣（木曾义康）,武田家,木曾福岛城,无,已登场,木曾义昌,部将,陪臣（木曾义康）,武田家,木曾福岛城,无,已登场,木曾义昌,城主,直臣,武田家,木曾福岛城,无,已登场,木曾义昌,城主,直臣,织田家,木曾福岛城,无,已登场,木曾义昌,城主,直臣,羽柴家,木曾福岛城,无,已死亡,木曾义昌,无效,无效,无,无效,无,已登场,木曾义昌,浪人,其他,无,浦户之町,无,,,,"[{""stage"":"""",""tkid"":""254"",""ref"":""254_木曾义昌_朝右.png"",""emotion"":0}]"
lord_1_kiso,,木曾義康,木曾义康,木曾,255,Kiso Yoshiyasu,clan_kiso_1,tosan,精确匹配织丰,1,1514,1554,1579,病死,,,木曾义昌,只限武将,30,0,性急,勇敢,普通,轻率,不重情义,59,武具,贪心,普通,源氏,刀剑,58,45,35,40,27,1,2,0,0,0,1,0,0,0,0,0,0,0,0,0,1,无,强袭,无,无要求,,,已登场,木曾义康,大名,首领,木曾家,木曾福岛城,无,已登场,木曾义康,大名,首领,木曾家,木曾福岛城,无,已登场,木曾义康,城主,直臣,武田家,木曾福岛城,无,已登场,木曾义康,城主,直臣,武田家,木曾福岛城,无,已登场,木曾义康,部将,陪臣（木曾义昌）,武田家,木曾福岛城,无,已死亡,木曾义康,无效,无效,无,无效,无,已死亡,木曾义康,无效,无效,无,无效,无,已死亡,木曾义康,无效,无效,无,无效,无,已登场,木曾义康,浪人,其他,无,会津之町,无,,,,"[{""stage"":"""",""tkid"":""255"",""ref"":""255_木曾义康_朝右.png"",""emotion"":0}]"
lord_1_hojo_kagehiro,,北條景廣,北条景广,北条,256,Hojo Kagehiro,clan_hojo_1,kanto,家族和文化自动推断,1,1548,1562,1579,战死,北条高广,,北条高广,只限武将,20,50,性急,普通,普通,轻率,普通,78,书籍,普通,普通,其他,刀剑,49,65,29,41,55,1,1,0,0,1,1,1,0,0,1,0,1,0,0,0,0,无,强袭,无,无要求,,,未登场,北条景广,足轻组头,陪臣（北条高广）,长尾家,春日山城,无,未登场,北条景广,足轻组头,陪臣（北条高广）,长尾家,春日山城,无,已登场,北条景广,足轻组头,陪臣（北条高广）,长尾家,厩桥城,无,已登场,北条景广,足轻组头,陪臣（北条高广）,上杉家,厩桥城,无,已登场,北条景广,足轻组头,陪臣（北条高广）,上杉家,厩桥城,无,已死亡,北条景广,无效,无效,无,无效,无,已死亡,北条景广,无效,无效,无,无效,无,已死亡,北条景广,无效,无效,无,无效,无,已登场,北条景广,部将,直臣,北家,松前城,无,,,,"[{""stage"":"""",""tkid"":""256"",""ref"":""256_北条景广_朝右.png"",""emotion"":0}]"
lord_1_hojo_takahiro,,北條高廣,北条高广,北条,257,Hojo Takahiro,clan_hojo_1,kanto,家族和文化自动推断,1,1517,1554,1587,病死,,,北条景广,只限武将,20,60,普通,普通,现实,轻率,普通,76,艺术品,贪心,普通,其他,刀剑,64,70,42,27,49,2,1,0,0,1,1,1,0,0,0,0,0,1,0,0,0,无,强袭,无,一般条件,,,已登场,北条高广,家老,直臣,长尾家,春日山城,无,已登场,北条高广,家老,直臣,长尾家,春日山城,无,已登场,北条高广,城主,直臣,长尾家,厩桥城,无,已登场,北条高广,城主,直臣,上杉家,厩桥城,无,已登场,北条高广,国主,直臣,上杉家,厩桥城,无,已登场,北条高广,家老,直臣,上杉家,春日山城,无,已登场,北条高广,家老,直臣,上杉家,春日山城,无,已死亡,北条高广,无效,无效,无,无效,无,已登场,北条高广,家老,直臣,北家,松前城,无,,,,"[{""stage"":"""",""tkid"":""257"",""ref"":""257_北条高广_朝右.png"",""emotion"":0}]"
lord_1_kita,,北信愛,北信爱,北,258,Kita Nobuchika,clan_kita_1,ou,精确匹配织丰,1,1523,1554,1613,病死,,,,只限武将,70,70,普通,勇敢,现实,慎重,普通,53,艺术品,无欲,普通,源氏,刀剑,53,40,59,77,71,1,1,1,0,1,2,1,0,1,2,1,2,2,3,1,1,无,强袭，拔突，铁壁,无,一般条件,,,已登场,北信爱,部将,直臣,南部家,三户城,无,已登场,北信爱,部将,直臣,南部家,三户城,无,已登场,北信爱,部将,直臣,南部家,三户城,无,已登场,北信爱,部将,直臣,南部家,三户城,无,已登场,北信爱,部将,直臣,南部家,三户城,无,已登场,北信爱,部将,直臣,南部家,三户城,无,已登场,北信爱,部将,直臣,南部家,三户城,无,已登场,北信爱,家老,直臣,南部家,盛冈城,无,已登场,北信爱,大名,首领,北家,松前城,无,,,,"[{""stage"":"""",""tkid"":""258"",""ref"":""258_北信爱_朝右.png"",""emotion"":0}]"
lord_1_kitabatake,,北田具教,北畠具教,北畠,259,Kitabatake Tomonori,clan_kitabatake_1,kinai,精确匹配织丰,1,1528,1554,1576,战死,北畠晴具,,北畠具房 北畠晴具 木造具政 长野具藤,只限武将,42,42,性急,勇敢,理想,轻率,普通,63,武具,贪心,普通,源氏,刀剑,58,93,53,27,59,1,1,0,0,1,4,3,0,0,0,0,1,3,0,2,0,无,强袭，连续斩，八神太刀，一之太刀，拔突，神妙剑，当身，刚力，金刚力，铁壁，气声，辱骂，大喝，炯眼，罗刹,剑豪,一般条件,,,已登场,北畠具教,家老,直臣,北畠家,大河内城,新当流,已登场,北畠具教,家老,直臣,北畠家,大河内城,新当流,已登场,北畠具教,大名,首领,北畠家,大河内城,新当流,已登场,北畠具教,大名,首领,北畠家,大河内城,新当流,已登场,北畠具教,部将,陪臣（织田信雄）,织田家,大河内城,新当流,已死亡,北畠具教,无效,无效,无,无效,无,已死亡,北畠具教,无效,无效,无,无效,无,已死亡,北畠具教,无效,无效,无,无效,无,已登场,北畠具教,部将,直臣,北家,松前城,新当流,,,,"[{""stage"":"""",""tkid"":""259"",""ref"":""259_北畠具教_朝右.png"",""emotion"":0}]"
lord_1_kitabatake_4,,北畠具房,北畠具房,北畠,260,Kitabatake Tomofusa,clan_kitabatake_1,kinai,精确匹配织丰,1,1547,1561,1580,病死,北畠具教,北畠晴具,北畠具教 北畠晴具 木造具政 长野具藤,只限武将,42,42,温和,胆小,普通,轻率,不重情义,5,艺术品,贪心,普通,源氏,刀剑,22,13,31,16,28,0,0,0,0,0,0,0,0,0,1,0,0,3,0,1,0,无,强袭,无,无要求,,,未登场,北畠具房,部将,陪臣（北畠具教）,北畠家,大河内城,无,未登场,北畠具房,部将,陪臣（北畠具教）,北畠家,大河内城,无,已登场,北畠具房,家老,直臣,北畠家,大河内城,无,已登场,北畠具房,家老,直臣,北畠家,大河内城,无,已登场,北畠具房,侍大将,陪臣（织田信雄）,织田家,大河内城,无,已死亡,北畠具房,无效,无效,无,无效,无,已死亡,北畠具房,无效,无效,无,无效,无,已死亡,北畠具房,无效,无效,无,无效,无,已登场,北畠具房,部将,直臣,北家,松前城,无,,,,"[{""stage"":"""",""tkid"":""260"",""ref"":""260_北畠具房_朝右.png"",""emotion"":0}]"
dead_lord_1_kitabatake_2,,北畠晴具,北畠晴具,北畠,261,Kitabatake Harutomo,clan_kitabatake_1,kinai,精确匹配织丰,1,1503,1554,1563,病死,,,北畠具教 北畠具房 木造具政 长野具藤,只限武将,40,40,普通,勇敢,普通,轻率,普通,72,艺术品,普通,普通,源氏,刀剑,49,35,62,60,39,1,0,0,0,0,1,0,0,3,0,0,1,4,1,1,0,无,强袭,无,无要求,,,已登场,北畠晴具,大名,首领,北畠家,大河内城,无,已登场,北畠晴具,大名,首领,北畠家,大河内城,无,已登场,北畠晴具,家老,直臣,北畠家,大河内城,无,已死亡,北畠晴具,无效,无效,无,无效,无,已死亡,北畠晴具,无效,无效,无,无效,无,已死亡,北畠晴具,无效,无效,无,无效,无,已死亡,北畠晴具,无效,无效,无,无效,无,已死亡,北畠晴具,无效,无效,无,无效,无,已登场,北畠晴具,家老,直臣,北家,松前城,无,,,,"[{""stage"":"""",""tkid"":""261"",""ref"":""261_北畠晴具_朝右.png"",""emotion"":0}]"
lord_1_kikkawa_9,,吉川經家,吉川经家,吉川,262,Kikkawa Tuneie,clan_kikkawa_1,sanyo,精确匹配织丰,1,1547,1561,1581,战死,,,,只限武将,48,48,普通,勇敢,普通,普通,重视情义,56,武具,无欲,嗜酒如命,藤原氏,刀剑,79,67,24,66,78,3,1,2,0,1,2,1,0,3,0,1,0,0,0,0,0,无,强袭，拔突，铁壁,无,一般条件,,,未登场,吉川经家,足轻大将,直臣,毛利家,吉田郡山城,无,未登场,吉川经家,足轻大将,陪臣（吉川元春）,毛利家,山吹城,无,已登场,吉川经家,足轻大将,直臣,毛利家,吉田郡山城,无,已登场,吉川经家,足轻大将,直臣,毛利家,吉田郡山城,无,已登场,吉川经家,足轻大将,直臣,毛利家,吉田郡山城,无,已死亡,吉川经家,无效,无效,无,无效,无,已死亡,吉川经家,无效,无效,无,无效,无,已死亡,吉川经家,无效,无效,无,无效,无,已登场,吉川经家,足轻大将,直臣,河尻家,水户城,无,,,,"[{""stage"":"""",""tkid"":""262"",""ref"":""262_吉川经家_朝右.png"",""emotion"":0}]"
lord_1_kikkawa_4,,吉川廣家,吉川广家,吉川,263,Kikkawa Hiroie,clan_kikkawa_1,sanyo,精确匹配织丰,1,1561,1575,1625,病死,吉川元春,毛利元就,吉川元长 吉川元春 小早川隆景 小早川秀包 繁泽元氏 二宫就辰 穗井田元清 毛利隆元 毛利辉元 毛利元就 毛利秀元,只限武将,40,40,温和,普通,现实,慎重,普通,38,书籍,普通,普通,藤原氏,刀剑,74,54,83,75,75,2,2,1,2,0,0,0,0,2,3,2,3,1,2,1,0,百万一心,强袭，丢钱,无,一般条件,,,未登场,吉川广家,足轻组头,陪臣（吉川元春）,毛利家,吉田郡山城,无,未登场,吉川广家,足轻组头,陪臣（吉川元春）,毛利家,山吹城,无,未登场,吉川广家,足轻组头,陪臣（吉川元春）,毛利家,山吹城,无,未登场,吉川广家,足轻组头,陪臣（吉川元春）,毛利家,山吹城,无,已登场,吉川广家,足轻组头,陪臣（吉川元春）,毛利家,月山富田城,无,已登场,吉川广家,足轻大将,陪臣（吉川元春）,毛利家,月山富田城,无,已登场,吉川广家,侍大将,陪臣（吉川元长）,毛利家,月山富田城,无,已登场,吉川广家,大名,首领,吉川家,月山富田城,无,已登场,吉川广家,足轻大将,直臣,河尻家,水户城,无,,,,"[{""stage"":"""",""tkid"":""263"",""ref"":""263_吉川广家_朝右.png"",""emotion"":0}]"
lord_1_kikkawa_2,,吉川元長,吉川元长,吉川,264,Kikkawa Motonaga,clan_kikkawa_1,sanyo,精确匹配织丰,1,1548,1562,1587,病死,吉川元春,毛利元就,吉川广家 吉川元春 小早川隆景 小早川秀包 繁泽元氏 二宫就辰 穗井田元清 毛利隆元 毛利辉元 毛利元就 毛利秀元,只限武将,41,41,温和,普通,普通,轻率,普通,44,武具,无欲,普通,藤原氏,刀剑,76,71,55,58,66,2,2,2,1,2,2,1,0,0,0,0,1,1,1,1,0,百万一心,强袭，拔突，刚弓，铁壁,无,无要求,,,未登场,吉川元长,侍大将,陪臣（吉川元春）,毛利家,吉田郡山城,无,未登场,吉川元长,侍大将,陪臣（吉川元春）,毛利家,山吹城,无,已登场,吉川元长,侍大将,陪臣（吉川元春）,毛利家,山吹城,无,已登场,吉川元长,侍大将,陪臣（吉川元春）,毛利家,山吹城,无,已登场,吉川元长,侍大将,陪臣（吉川元春）,毛利家,月山富田城,无,已登场,吉川元长,侍大将,陪臣（吉川元春）,毛利家,月山富田城,无,已登场,吉川元长,国主,直臣,毛利家,月山富田城,无,已死亡,吉川元长,无效,无效,无,无效,无,已登场,吉川元长,足轻大将,直臣,河尻家,水户城,无,,,,"[{""stage"":"""",""tkid"":""264"",""ref"":""264_吉川元长_朝右.png"",""emotion"":0}]"
lord_1_kikkawa,,吉川元春,吉川元春,吉川,265,Kikkawa Motoharu,clan_kikkawa_1,sanyo,精确匹配织丰,1,1530,1554,1586,病死,毛利元就,,吉川广家 吉川元长 小早川隆景 小早川秀包 繁泽元氏 二宫就辰 穗井田元清 毛利隆元 毛利辉元 毛利元就 毛利秀元,只限武将,41,41,普通,勇敢,理想,轻率,重视情义,67,武具,普通,嗜酒如命,藤原氏,刀剑,91,87,64,66,80,4,4,3,1,3,3,3,0,2,0,2,1,3,1,1,2,强行突破，百万一心,强袭，连续斩，拔突，急所击，刚弓，刚力，铁壁,军师,一般条件,,,已登场,吉川元春,家老,直臣,毛利家,吉田郡山城,无,已登场,吉川元春,国主,直臣,毛利家,山吹城,无,已登场,吉川元春,城主,直臣,毛利家,山吹城,无,已登场,吉川元春,国主,直臣,毛利家,山吹城,无,已登场,吉川元春,国主,直臣,毛利家,月山富田城,无,已登场,吉川元春,国主,直臣,毛利家,月山富田城,无,已登场,吉川元春,部将,陪臣（吉川元长）,毛利家,月山富田城,无,已死亡,吉川元春,无效,无效,无,无效,无,已登场,吉川元春,足轻大将,直臣,河尻家,水户城,无,,,,"[{""stage"":"""",""tkid"":""265"",""ref"":""265_吉川元春_朝右.png"",""emotion"":0}]"
lord_1_kinoshita_masanao,,木下昌直,木下昌直,木下,266,Kinoshita Masanao,clan_kinoshita_1,kinai,家族和文化自动推断,1,1525,1554,1584,战死,,,,只限武将,60,60,普通,勇敢,普通,轻率,重视情义,42,武具,普通,普通,其他,刀剑,63,79,35,44,63,2,3,2,0,1,1,1,0,1,0,1,0,0,0,0,0,无,强袭,无,无要求,,,已登场,木下昌直,侍大将,直臣,龙造寺家,佐嘉城,无,已登场,木下昌直,侍大将,直臣,龙造寺家,佐嘉城,无,已登场,木下昌直,侍大将,直臣,龙造寺家,佐嘉城,无,已登场,木下昌直,侍大将,直臣,龙造寺家,佐嘉城,无,已登场,木下昌直,侍大将,直臣,龙造寺家,佐嘉城,无,已登场,木下昌直,侍大将,直臣,龙造寺家,佐嘉城,无,已登场,木下昌直,侍大将,直臣,龙造寺家,佐嘉城,无,已死亡,木下昌直,无效,无效,无,无效,无,已登场,木下昌直,部将,直臣,下间家,饫肥城,无,,,,"[{""stage"":"""",""tkid"":""266"",""ref"":""266_木下昌直_朝右.png"",""emotion"":0}]"
lord_1_kimura_shigenari,,木村重成,木村重成,木村,267,Kimura Shigenari,clan_kimura_1,neutral_culture,基于分组自动创建家族,1,1586,1598,1615,战死,,,,全职种,20,20,温和,勇敢,普通,普通,重视情义,54,书籍,普通,普通,其他,枪,51,61,20,63,85,1,1,1,0,1,1,2,0,1,1,1,1,1,3,1,1,无,拔突,无,无要求,,,未登场,木村重成,浪人,其他,无,石山之町,无,未登场,木村重成,浪人,其他,无,石山之町,无,未登场,木村重成,浪人,其他,无,石山之町,无,未登场,木村重成,浪人,其他,无,石山之町,无,未登场,木村重成,浪人,其他,无,石山之町,无,未登场,木村重成,浪人,其他,无,石山之町,无,未登场,木村重成,浪人,其他,无,石山之町,无,已登场,木村重成,侍大将,直臣,丰臣家,大坂城,无,已登场,木村重成,浪人,其他,无,温泉津之町,无,,,,"[{""stage"":"""",""tkid"":""267"",""ref"":""267_木村重成_朝右.png"",""emotion"":0}]"
dead_lord_1_kimotsuki_1,,肝付兼續,肝付兼续,肝付,268,Kimotsuki Kanetsugu,clan_kimotsuki_1,saikai,精确匹配织丰,1,1511,1554,1566,战死,,,肝付兼护 肝付良兼,只限武将,60,60,性急,勇敢,普通,轻率,不重情义,67,武具,无欲,嗜酒如命,其他,刀剑,65,60,48,52,59,2,2,2,0,1,1,1,1,0,0,0,0,0,2,0,0,无,强袭,无,无要求,,,已登场,肝付兼续,大名,首领,肝付家,大隅高山城,无,已登场,肝付兼续,大名,首领,肝付家,大隅高山城,无,已登场,肝付兼续,大名,首领,肝付家,大隅高山城,无,已死亡,肝付兼续,无效,无效,无,无效,无,已死亡,肝付兼续,无效,无效,无,无效,无,已死亡,肝付兼续,无效,无效,无,无效,无,已死亡,肝付兼续,无效,无效,无,无效,无,已死亡,肝付兼续,无效,无效,无,无效,无,已登场,肝付兼续,浪人,其他,无,甲府之町,无,,,,"[{""stage"":"""",""tkid"":""268"",""ref"":""268_肝付兼续_朝右.png"",""emotion"":0}]"
lord_1_kimotsuki_5,,肝付兼護,肝付兼护,肝付,269,Kimotsuki Kanemori,clan_kimotsuki_1,saikai,精确匹配织丰,1,1561,1575,1600,战死,肝付兼续,,肝付兼续 肝付良兼,全职种,60,60,温和,胆小,现实,轻率,不重情义,24,艺术品,普通,普通,其他,刀剑,38,31,35,30,46,0,0,0,0,0,0,1,0,0,0,0,1,0,1,0,0,无,强袭,无,无要求,,,未登场,肝付兼护,部将,直臣,肝付家,大隅高山城,无,未登场,肝付兼护,部将,陪臣（肝付兼续）,肝付家,大隅高山城,无,未登场,肝付兼护,家老,直臣,肝付家,大隅高山城,无,未登场,肝付兼护,家老,直臣,肝付家,大隅高山城,无,已登场,肝付兼护,城主,直臣,岛津家,大隅高山城,无,已登场,肝付兼护,城主,直臣,岛津家,大隅高山城,无,已登场,肝付兼护,城主,直臣,岛津家,大隅高山城,无,已登场,肝付兼护,部将,直臣,岛津家,内城,无,已登场,肝付兼护,浪人,其他,无,温泉津之町,无,,,,"[{""stage"":"""",""tkid"":""269"",""ref"":""269_肝付兼护_朝右.png"",""emotion"":0}]"
lord_1_kimotsuki,,肝付良兼,肝付良兼,肝付,270,Kimotsuki Yoshikane,clan_kimotsuki_1,saikai,精确匹配织丰,1,1535,1554,1571,病死,肝付兼续,,肝付兼续 肝付兼护,只限武将,60,60,性急,勇敢,普通,轻率,普通,53,武具,普通,普通,其他,刀剑,55,58,45,59,49,1,2,1,0,0,1,1,0,0,0,1,0,0,1,0,1,无,强袭,无,无要求,,,已登场,肝付良兼,家老,直臣,肝付家,大隅高山城,无,已登场,肝付良兼,家老,直臣,肝付家,大隅高山城,无,已登场,肝付良兼,家老,直臣,肝付家,大隅高山城,无,已登场,肝付良兼,大名,首领,肝付家,大隅高山城,无,已死亡,肝付良兼,无效,无效,无,无效,无,已死亡,肝付良兼,无效,无效,无,无效,无,已死亡,肝付良兼,无效,无效,无,无效,无,已死亡,肝付良兼,无效,无效,无,无效,无,已登场,肝付良兼,浪人,其他,无,津山之町,无,,,,"[{""stage"":"""",""tkid"":""270"",""ref"":""270_肝付良兼_朝右.png"",""emotion"":0}]"
lord_1_kyoogoku_takatsugu,,京極高次,京极高次,京极,271,Kyoogoku Takatsugu,clan_kyōgoku_1,kinai,基于分组自动创建家族,1,1563,1577,1609,病死,京极高吉,,京极高知 京极高吉,只限武将,96,96,温和,胆小,现实,普通,不重情义,61,艺术品,普通,嗜酒如命,源氏,刀剑,52,45,50,62,49,1,1,1,0,0,0,1,0,0,0,0,0,2,3,2,0,无,强袭,无,一般条件,,,未登场,京极高次,侍大将,陪臣（京极高吉）,足利家,朽木谷城,无,未登场,京极高次,侍大将,陪臣（京极高吉）,足利家,朽木谷城,无,未登场,京极高次,侍大将,陪臣（京极高吉）,足利家,二条城,无,未登场,京极高次,侍大将,陪臣（京极高吉）,足利家,二条城,无,未登场,京极高次,侍大将,陪臣（京极高吉）,织田家,岐阜城,无,已登场,京极高次,侍大将,直臣,织田家,安土城,无,已登场,京极高次,侍大将,直臣,羽柴家,石山本愿寺,无,已登场,京极高次,大名,首领,京极家,大津城,无,已登场,京极高次,浪人,其他,无,厩桥之町,无,,,,"[{""stage"":"""",""tkid"":""271"",""ref"":""271_京极高次_朝右.png"",""emotion"":0}]"
lord_1_kyoogoku_takachika,,京極高知,京极高知,京极,272,Kyoogoku Takachika,clan_kyōgoku_1,kinai,基于分组自动创建家族,1,1572,1586,1622,病死,京极高吉,,京极高次 京极高吉,只限武将,90,90,普通,普通,普通,轻率,普通,55,武具,普通,普通,源氏,刀剑,63,55,51,60,55,1,2,1,0,0,0,0,0,2,2,0,0,2,2,1,0,无,强袭,无,无要求,,,未登场,京极高知,侍大将,陪臣（京极高吉）,足利家,朽木谷城,无,未登场,京极高知,侍大将,陪臣（京极高吉）,足利家,朽木谷城,无,未登场,京极高知,侍大将,陪臣（京极高吉）,足利家,二条城,无,未登场,京极高知,侍大将,陪臣（京极高吉）,足利家,二条城,无,未登场,京极高知,侍大将,陪臣（京极高吉）,织田家,岐阜城,无,未登场,京极高知,侍大将,直臣,织田家,安土城,无,未登场,京极高知,侍大将,直臣,羽柴家,石山本愿寺,无,已登场,京极高知,大名,首领,京极家,高远城,无,已登场,京极高知,浪人,其他,无,木更津之町,无,,,,"[{""stage"":"""",""tkid"":""272"",""ref"":""272_京极高知_朝右.png"",""emotion"":0}]"
lord_1_kyoogoku_takayoshi,,京極高吉,京极高吉,京极,273,Kyoogoku Takayoshi,clan_kyōgoku_1,kinai,基于分组自动创建家族,1,1508,1554,1581,病死,,,京极高次 京极高知,只限武将,90,90,温和,胆小,普通,慎重,普通,56,艺术品,贪心,普通,源氏,刀剑,41,30,50,61,57,0,0,0,0,0,0,0,0,0,0,0,0,3,2,2,0,无,强袭,无,无要求,,,已登场,京极高吉,侍大将,直臣,足利家,朽木谷城,无,已登场,京极高吉,侍大将,直臣,足利家,朽木谷城,无,已登场,京极高吉,侍大将,直臣,足利家,二条城,无,已登场,京极高吉,侍大将,直臣,足利家,二条城,无,已登场,京极高吉,侍大将,直臣,织田家,岐阜城,无,已死亡,京极高吉,无效,无效,无,无效,无,已死亡,京极高吉,无效,无效,无,无效,无,已死亡,京极高吉,无效,无效,无,无效,无,已登场,京极高吉,浪人,其他,无,京之町,无,,,,"[{""stage"":"""",""tkid"":""273"",""ref"":""273_京极高吉_朝右.png"",""emotion"":0}]"
lord_1_kira,,吉良親貞,吉良亲贞,吉良,274,Kira Chikasada,clan_kira_1,nankai,精确匹配织丰,1,1541,1555,1576,病死,长宗我部国亲,,香川亲和 吉良亲实 香宗我部亲泰 长宗我部国亲 长宗我部信亲 长宗我部元亲 长宗我部盛亲 津野亲忠,只限武将,83,83,普通,勇敢,普通,轻率,普通,61,书籍,无欲,嗜酒如命,源氏,枪,78,70,52,69,83,2,2,2,2,2,2,2,0,1,1,1,1,1,3,1,0,无,强袭，拔突，刚弓，铁壁,无,无要求,,,未登场,吉良亲贞,部将,直臣,长宗我部家,冈丰城,无,未登场,吉良亲贞,部将,陪臣（长宗我部国亲）,长宗我部家,冈丰城,无,已登场,吉良亲贞,部将,直臣,长宗我部家,冈丰城,无,已登场,吉良亲贞,部将,直臣,长宗我部家,冈丰城,无,已登场,吉良亲贞,部将,直臣,长宗我部家,冈丰城,无,已死亡,吉良亲贞,无效,无效,无,无效,无,已死亡,吉良亲贞,无效,无效,无,无效,无,已死亡,吉良亲贞,无效,无效,无,无效,无,已登场,吉良亲贞,浪人,其他,无,京之町,无,,,,"[{""stage"":"""",""tkid"":""274"",""ref"":""274_吉良亲贞_朝右.png"",""emotion"":0}]"
lord_1_kira_2,,吉良親實,吉良亲实,吉良,275,Kira Chikazane,clan_kira_1,nankai,精确匹配织丰,1,1563,1577,1588,战死,吉良亲贞,长宗我部国亲,香川亲和 吉良亲贞 香宗我部亲泰 长宗我部国亲 长宗我部信亲 长宗我部元亲 长宗我部盛亲 津野亲忠,只限武将,70,70,性急,勇敢,普通,轻率,重视情义,51,南蛮物,普通,普通,源氏,刀剑,64,63,46,43,58,1,1,1,1,1,1,0,0,0,1,1,0,0,0,0,1,无,强袭,无,无要求,,,未登场,吉良亲实,足轻组头,陪臣（吉良亲贞）,长宗我部家,冈丰城,无,未登场,吉良亲实,足轻组头,陪臣（吉良亲贞）,长宗我部家,冈丰城,无,未登场,吉良亲实,足轻组头,陪臣（吉良亲贞）,长宗我部家,冈丰城,无,未登场,吉良亲实,足轻组头,陪臣（吉良亲贞）,长宗我部家,冈丰城,无,未登场,吉良亲实,足轻组头,陪臣（吉良亲贞）,长宗我部家,冈丰城,无,已登场,吉良亲实,足轻大将,直臣,长宗我部家,冈丰城,无,已登场,吉良亲实,足轻大将,直臣,长宗我部家,冈丰城,无,已死亡,吉良亲实,无效,无效,无,无效,无,已登场,吉良亲实,浪人,其他,无,大坂之町,无,,,,"[{""stage"":"""",""tkid"":""275"",""ref"":""275_吉良亲实_朝右.png"",""emotion"":0}]"
lord_1_kirigakuree_saizoo,,霧隠才藏,雾隐才藏,雾隐,276,Kirigakuree Saizoo,clan_kirigakuree_1,neutral_culture,基于分组自动创建家族,1,1584,1598,1615,战死,,,,武将以外优先,49,49,普通,普通,理想,轻率,重视情义,61,武具,无欲,普通,其他,苦无,39,86,9,46,87,3,1,3,0,4,3,1,4,0,0,0,1,0,1,0,2,弓箭乱射，鬼谋，破技之术，雾隐之术,强袭，连续斩，拔突，二连苦无，半月，急所击，刚弓，猛毒苦无，十字投，乱苦无，空蝉之术，叠返之术，刚力，铁壁，分身之术,苦无高手,不可,,主角真田幸村，剧情十勇士集结,未登场,雾隐才藏,下忍,直臣,伊贺众,伊贺之里,无,未登场,雾隐才藏,下忍,直臣,伊贺众,伊贺之里,无,未登场,雾隐才藏,下忍,直臣,伊贺众,伊贺之里,无,未登场,雾隐才藏,下忍,直臣,伊贺众,伊贺之里,无,未登场,雾隐才藏,下忍,直臣,伊贺众,伊贺之里,无,未登场,雾隐才藏,下忍,直臣,伊贺众,伊贺之里,无,未登场,雾隐才藏,下忍,直臣,伊贺众,伊贺之里,无,已登场,雾隐才藏,下忍,直臣,伊贺众,伊贺之里,无,已登场,雾隐才藏,浪人,其他,无,岐阜之町,无,,,,"[{""stage"":"""",""tkid"":""276"",""ref"":""276_雾隐才藏_朝右.png"",""emotion"":0}]"
lord_1_kuki_sanzaburou,,九鬼廣隆,九鬼广隆,九鬼,277,Kuki Sanzaburou,clan_kuki_1,kinai,家族和文化自动推断,1,1551,1565,1641,病死,,九鬼定隆,九鬼守隆 九鬼嘉隆 九鬼净隆,全职种,5,5,性急,勇敢,现实,轻率,不重情义,74,武具,贪心,嗜酒如命,藤原氏,刀剑,56,63,29,56,52,1,1,1,2,2,2,1,1,0,0,0,0,0,1,0,0,无,强袭，拔突，刚弓，铁壁,无,无要求,,,未登场,九鬼广隆,浪人,其他,无,大凑之町,无,未登场,九鬼广隆,浪人,其他,无,大凑之町,无,未登场,九鬼广隆,浪人,其他,无,大凑之町,无,已登场,九鬼广隆,浪人,其他,无,大凑之町,无,已登场,九鬼广隆,浪人,其他,无,大凑之町,无,已登场,九鬼广隆,浪人,其他,无,大凑之町,无,已登场,九鬼广隆,浪人,其他,无,大凑之町,无,已登场,九鬼广隆,侍大将,直臣,小早川家,名岛城,无,已登场,九鬼广隆,下忍,直臣,户隐众,户隐之里,无,,,,"[{""stage"":"""",""tkid"":""277"",""ref"":""277_九鬼广隆_朝右.png"",""emotion"":0}]"
lord_1_kuki_moritaka,,九鬼守隆,九鬼守隆,九鬼,278,Kuki Moritaka,clan_kuki_1,kinai,家族和文化自动推断,1,1573,1587,1632,病死,九鬼嘉隆,九鬼定隆,九鬼广隆 九鬼嘉隆 九鬼净隆,全职种,10,90,温和,胆小,现实,轻率,重视情义,34,武具,无欲,普通,藤原氏,刀剑,59,63,50,47,52,1,1,1,3,1,2,1,0,2,2,1,1,1,2,0,1,焙烙,强袭，拔突，铁壁,无,一般条件,,,未登场,九鬼守隆,水夫头,陪臣（九鬼嘉隆）,熊野水军,鸟羽之砦,无,未登场,九鬼守隆,水夫头,陪臣（九鬼嘉隆）,熊野水军,鸟羽之砦,无,未登场,九鬼守隆,水夫头,陪臣（九鬼嘉隆）,熊野水军,鸟羽之砦,无,未登场,九鬼守隆,水夫头,陪臣（九鬼嘉隆）,熊野水军,鸟羽之砦,无,未登场,九鬼守隆,水夫头,陪臣（九鬼嘉隆）,熊野水军,鸟羽之砦,无,未登场,九鬼守隆,水夫头,直臣,熊野水军,鸟羽之砦,无,未登场,九鬼守隆,水夫头,直臣,熊野水军,鸟羽之砦,无,已登场,九鬼守隆,大名,首领,九鬼家,鸟羽城,无,已登场,九鬼守隆,家老,直臣,九户家,月山富田城,无,,,,"[{""stage"":"""",""tkid"":""278"",""ref"":""278_九鬼守隆_朝右.png"",""emotion"":0}]"
lord_1_kuki,,九鬼嘉隆,九鬼嘉隆,九鬼,279|1157,Kuki Yoshitaka,clan_kuki_1,kinai,精确匹配织丰,1,1542,1554,1600,战死,九鬼定隆,,九鬼广隆 九鬼守隆 九鬼净隆,武将以外优先,10,10,性急,勇敢,理想,轻率,重视情义,66,武具,贪心,嗜酒如命,藤原氏,刀剑,83,71,31,62,77,2,1,3,4,2,2,2,2,2,0,0,1,0,1,1,0,焙烙,强袭，连续斩，拔突，二连苦无，急所击，刚弓，刚力，铁壁，辱骂,无,无要求,,,未登场,九鬼嘉隆,船头,直臣,熊野水军,鸟羽之砦,无,已登场,九鬼嘉隆,船头,直臣,熊野水军,鸟羽之砦,无,已登场,九鬼嘉隆,头领,首领,熊野水军,鸟羽之砦,无,已登场,九鬼嘉隆,头领,首领,熊野水军,鸟羽之砦,无,已登场,九鬼嘉隆,头领,首领,熊野水军,鸟羽之砦,无,已登场,九鬼嘉隆,头领,首领,熊野水军,鸟羽之砦,无,已登场,九鬼嘉隆,头领,首领,熊野水军,鸟羽之砦,无,已登场,九鬼嘉隆,头领,首领,熊野水军,鸟羽之砦,无,已登场,九鬼嘉隆,家老,直臣,九户家,月山富田城,无,,,"[{""stage"":""海"",""tkid"":""279"",""ref"":"""",""emotion"":1},{""stage"":""将"",""tkid"":""1157"",""ref"":"""",""emotion"":1}]","[{""stage"":""海"",""tkid"":""279"",""ref"":""279_九鬼嘉隆_朝右.png"",""emotion"":1},{""stage"":""将"",""tkid"":""1157"",""ref"":""1157_九鬼嘉隆_朝右.png"",""emotion"":1}]"
lord_1_kusunoki_nagauji,,楠長諳,楠长谙,楠,280,Kusunoki Nagauji,clan_kusunoki_1,kinai,基于分组自动创建家族,1,1520,1554,1596,病死,,,,全职种,0,0,温和,普通,现实,普通,普通,60,书籍,贪心,滴酒不沾,其他,枪,13,17,62,58,59,0,0,0,0,0,0,0,1,2,2,1,3,3,2,2,1,无,拔突，丢钱,无,无要求,,,已登场,楠长谙,足轻组头,陪臣（三好长庆）,细川家,芥川城,无,已登场,楠长谙,浪人,其他,无,石山之町,无,已登场,楠长谙,足轻组头,陪臣（松永久秀）,三好家,信贵山城,无,已登场,楠长谙,足轻组头,陪臣（松永久秀）,织田家,信贵山城,无,已登场,楠长谙,足轻组头,陪臣（松永久秀）,织田家,信贵山城,无,已登场,楠长谙,足轻组头,直臣,织田家,安土城,无,已登场,楠长谙,足轻组头,直臣,羽柴家,石山本愿寺,无,已死亡,楠长谙,无效,无效,无,无效,无,已登场,楠长谙,浪人,其他,无,长滨之町,无,,,,"[{""stage"":"""",""tkid"":""280"",""ref"":""280_楠长谙_朝右.png"",""emotion"":0}]"
lord_1_kuchiba_michiyoshi,,口羽通良,口羽通良,口羽,281,Kuchiba Michiyoshi,clan_kuchiba_1,sanyo,基于分组自动创建家族,1,1513,1554,1582,病死,志道元良,,志道广良,只限武将,36,36,温和,普通,普通,慎重,普通,29,武具,无欲,普通,其他,刀剑,54,42,76,69,64,0,1,1,0,0,0,1,0,2,2,2,2,2,2,1,0,无,强袭,无,无要求,,,已登场,口羽通良,部将,陪臣（吉川元春）,毛利家,吉田郡山城,无,已登场,口羽通良,部将,陪臣（吉川元春）,毛利家,山吹城,无,已登场,口羽通良,部将,陪臣（吉川元春）,毛利家,山吹城,无,已登场,口羽通良,部将,陪臣（吉川元春）,毛利家,山吹城,无,已登场,口羽通良,部将,陪臣（吉川元春）,毛利家,月山富田城,无,已登场,口羽通良,部将,陪臣（吉川元春）,毛利家,月山富田城,无,已死亡,口羽通良,无效,无效,无,无效,无,已死亡,口羽通良,无效,无效,无,无效,无,已登场,口羽通良,浪人,其他,无,会津之町,无,,,,"[{""stage"":"""",""tkid"":""281"",""ref"":""281_口羽通良_朝右.png"",""emotion"":0}]"
lord_1_kuchiki_mototsuna,,朽木元綱,朽木元纲,朽木,282,Kuchiki Mototsuna,clan_kuchiki_1,kinai,基于分组自动创建家族,1,1549,1563,1632,病死,,,,只限武将,35,35,普通,普通,普通,慎重,不重情义,53,南蛮物,普通,普通,源氏,刀剑,33,36,58,65,41,1,0,1,0,0,1,0,0,1,2,1,2,2,2,1,0,无,强袭,无,无要求,,,未登场,朽木元纲,浪人,其他,无,目加田之町,无,未登场,朽木元纲,足轻大将,直臣,足利家,朽木谷城,无,已登场,朽木元纲,部将,直臣,六角家,观音寺城,无,已登场,朽木元纲,部将,直臣,织田家,岐阜城,无,已登场,朽木元纲,部将,直臣,织田家,岐阜城,无,已登场,朽木元纲,部将,直臣,织田家,安土城,无,已登场,朽木元纲,部将,直臣,羽柴家,石山本愿寺,无,已登场,朽木元纲,部将,直臣,丰臣家,大坂城,无,已登场,朽木元纲,浪人,其他,无,出石之町,无,,,,"[{""stage"":"""",""tkid"":""282"",""ref"":""282_朽木元纲_朝右.png"",""emotion"":0}]"
lord_1_kokushi_motoai,,國司元相,国司元相,国司,283,Kokushi Motoai,clan_kokushi_1,sanyo,基于分组自动创建家族,1,1503,1554,1585,病死,,,,只限武将,35,35,普通,勇敢,普通,轻率,普通,61,书籍,普通,普通,其他,枪,44,72,65,58,36,1,2,1,0,1,3,0,0,0,2,3,1,1,1,0,1,无,强袭，连续斩，拔突，粘花，卷枪，引落，柄返，刚力，铁壁,无,无要求,姊小路赖纲/一条兼定/北畠具教,,已登场,国司元相,侍大将,直臣,毛利家,吉田郡山城,无,已登场,国司元相,侍大将,直臣,毛利家,吉田郡山城,无,已登场,国司元相,侍大将,直臣,毛利家,吉田郡山城,无,已登场,国司元相,侍大将,直臣,毛利家,吉田郡山城,无,已登场,国司元相,侍大将,直臣,毛利家,吉田郡山城,无,已登场,国司元相,侍大将,直臣,毛利家,吉田郡山城,无,已登场,国司元相,侍大将,直臣,毛利家,吉田郡山城,无,已死亡,国司元相,无效,无效,无,无效,无,已登场,国司元相,浪人,其他,无,甲府之町,无,,,,"[{""stage"":"""",""tkid"":""283"",""ref"":""283_国司元相_朝右.png"",""emotion"":0}]"
lord_1_kuniyoshi_zenbei,,國友善兵衛,国友善兵卫,国友,284,Kuniyoshi Zenbei,clan_kuniyoshi_1,neutral_culture,基于分组自动创建家族,1,1509,1554,1599,病死,,,,没那个意思,80,90,性急,普通,普通,慎重,重视情义,12,南蛮物,普通,普通,其他,火绳枪,21,56,27,15,56,0,0,4,2,0,0,0,1,0,0,4,0,0,0,0,0,无,急所击，二挺击，石火，乱射,火枪名人，名工,无要求,,,已登场,国友善兵卫,锻冶匠,其他,无,今滨之町,无,已登场,国友善兵卫,锻冶匠,其他,无,今滨之町,无,已登场,国友善兵卫,锻冶匠,其他,无,今滨之町,无,已登场,国友善兵卫,锻冶匠,其他,无,今滨之町,无,已登场,国友善兵卫,锻冶匠,其他,无,长滨之町,无,已登场,国友善兵卫,锻冶匠,其他,无,长滨之町,无,已登场,国友善兵卫,锻冶匠,其他,无,长滨之町,无,已登场,国友善兵卫,锻冶匠,其他,无,长滨之町,无,已登场,国友善兵卫,锻冶匠,其他,无,长滨之町,无,,,,"[{""stage"":"""",""tkid"":""284"",""ref"":""284_国友善兵卫_朝正.png"",""emotion"":0}]"
lord_1_konohe,,九戶政實,九户政实,九户,285,Konohe Masazane,clan_konohe_1,ou,精确匹配织丰,1,1536,1554,1591,战死,,,,全职种,61,61,普通,勇敢,理想,轻率,不重情义,90,武具,贪心,普通,源氏,刀剑,63,49,34,26,44,2,2,0,1,1,1,0,1,1,1,0,1,0,0,0,1,无,强袭,无,无要求,,,已登场,九户政实,城主,直臣,南部家,九户城,无,已登场,九户政实,城主,直臣,南部家,九户城,无,已登场,九户政实,城主,直臣,南部家,九户城,无,已登场,九户政实,城主,直臣,南部家,九户城,无,已登场,九户政实,城主,直臣,南部家,九户城,无,已登场,九户政实,城主,直臣,南部家,九户城,无,已登场,九户政实,城主,直臣,南部家,九户城,无,已死亡,九户政实,无效,无效,无,无效,无,已登场,九户政实,大名,首领,九户家,月山富田城,无,,,,"[{""stage"":"""",""tkid"":""285"",""ref"":""285_九户政实_朝正.png"",""emotion"":0}]"
lord_1_kumagai_nobunao,,熊穀信直,熊谷信直,熊谷,286,Kumagai Nobunao,clan_kumagai_1,sanyo,基于分组自动创建家族,1,1507,1554,1593,病死,,,,只限武将,36,36,温和,勇敢,普通,普通,重视情义,39,武具,无欲,普通,平氏,刀剑,63,69,41,46,47,1,2,1,0,2,1,2,0,1,0,0,0,0,0,1,0,无,强袭，刚弓,无,无要求,,,已登场,熊谷信直,部将,直臣,毛利家,吉田郡山城,无,已登场,熊谷信直,部将,陪臣（吉川元春）,毛利家,山吹城,无,已登场,熊谷信直,部将,陪臣（吉川元春）,毛利家,山吹城,无,已登场,熊谷信直,部将,陪臣（吉川元春）,毛利家,山吹城,无,已登场,熊谷信直,部将,陪臣（吉川元春）,毛利家,月山富田城,无,已登场,熊谷信直,部将,陪臣（吉川元春）,毛利家,月山富田城,无,已登场,熊谷信直,部将,陪臣（吉川元长）,毛利家,月山富田城,无,已死亡,熊谷信直,无效,无效,无,无效,无,已登场,熊谷信直,头目,首领,钵屋众,钵屋之里,无,,,,"[{""stage"":"""",""tkid"":""286"",""ref"":""286_熊谷信直_朝右.png"",""emotion"":0}]"
lord_1_kumaya_genshiroo,,組屋源四郎,组屋源四郎,组屋,287,Kumaya Genshiroo,clan_kumaya_1,neutral_culture,基于分组自动创建家族,1,1538,1554,1616,病死,,,,武将以外优先,5,5,普通,普通,普通,普通,普通,56,南蛮物,贪心,普通,其他,枪,29,21,60,66,58,0,0,0,2,0,0,0,1,0,1,2,4,2,3,2,1,威吓,拔突，丢钱，贿赂，大宴宾客,风雅之士,无要求,,,已登场,组屋源四郎,当家,首领,组屋,小滨之町,无,已登场,组屋源四郎,当家,首领,组屋,小滨之町,无,已登场,组屋源四郎,当家,首领,组屋,小滨之町,无,已登场,组屋源四郎,当家,首领,组屋,小滨之町,无,已登场,组屋源四郎,当家,首领,组屋,小滨之町,无,已登场,组屋源四郎,当家,首领,组屋,小滨之町,无,已登场,组屋源四郎,当家,首领,组屋,小滨之町,无,已登场,组屋宗圆,当家,首领,组屋,小滨之町,无,已登场,组屋源四郎,家老,直臣,茶屋家,岐阜城,无,,,,"[{""stage"":"""",""tkid"":""287"",""ref"":""287_组屋源四郎_朝右.png"",""emotion"":0}]"
lord_1_sueyoshi_magosaburoo,,末吉孫左衛門,末吉孙左卫门,末吉,288,Sueyoshi Magosaburoo,clan_sueyoshi_1,neutral_culture,基于分组自动创建家族,1,1570,1584,1617,病死,,,,武将以外优先,15,15,普通,普通,普通,轻率,普通,56,南蛮物,贪心,普通,其他,枪,47,16,64,68,70,0,0,1,3,0,0,0,0,2,1,2,4,3,2,3,2,无,拔突，丢钱，贿赂,风雅之士,无要求,,,未登场,末吉孙左卫门,浪人,其他,无,石山之町,无,未登场,末吉孙左卫门,浪人,其他,无,石山之町,无,未登场,末吉孙左卫门,浪人,其他,无,石山之町,无,未登场,末吉孙左卫门,浪人,其他,无,石山之町,无,未登场,末吉孙左卫门,浪人,其他,无,石山之町,无,已登场,末吉孙左卫门,当家,首领,平野屋,石山之町,无,已登场,末吉孙左卫门,当家,首领,平野屋,石山之町,无,已登场,末吉孙左卫门,当家,首领,平野屋,大坂之町,无,已登场,末吉孙左卫门,浪人,其他,无,甲府之町,无,,,,"[{""stage"":"""",""tkid"":""288"",""ref"":""288_末吉孙左卫门_朝右.png"",""emotion"":0}]"
lord_1_kurada_gorooza,,藏田五郎左,藏田五郎左,藏田,289,Kurada Gorooza,clan_kurada_1,neutral_culture,基于分组自动创建家族,1,1518,1554,1580,病死,,,,全职种,15,15,温和,普通,现实,慎重,重视情义,22,艺术品,普通,普通,其他,枪,40,34,56,53,57,2,1,1,1,1,1,1,0,0,1,0,3,1,2,1,0,无,拔突，丢钱，大宴宾客,风雅之士,一般条件,,,已登场,藏田五郎左,当家,首领,越后屋,直江津之町,无,已登场,藏田五郎左,当家,首领,越后屋,直江津之町,无,已登场,藏田五郎左,当家,首领,越后屋,直江津之町,无,已登场,藏田五郎左,当家,首领,越后屋,直江津之町,无,已登场,藏田五郎左,当家,首领,越后屋,直江津之町,无,已死亡,藏田五郎左,无效,无效,无,无效,无,已死亡,藏田五郎左,无效,无效,无,无效,无,已死亡,藏田五郎左,无效,无效,无,无效,无,已登场,藏田五郎左,部将,直臣,五代家,安土城,无,,,,"[{""stage"":"""",""tkid"":""289"",""ref"":""289_藏田五郎左_朝右.png"",""emotion"":0}]"
lord_1_murakami_4,,來島通總,来岛通总,来岛,290,Murakami Michifusa,clan_murakami_1,sanyo,精确匹配织丰,1,1561,1575,1597,战死,村上通康,,村上通康 得居通之,全职种,7,7,普通,胆小,普通,轻率,不重情义,71,艺术品,贪心,嗜酒如命,其他,刀剑,67,69,42,55,59,1,0,2,4,2,2,2,0,1,0,0,0,0,1,0,1,进水，蝴蝶之阵,强袭，拔突，刚弓，铁壁,无,一般条件,,,未登场,来岛通总,船头,直臣,村上水军,三岛之砦,无,未登场,来岛通总,船头,陪臣（村上通康）,村上水军,三岛之砦,无,未登场,来岛通总,水夫,陪臣（村上通康）,村上水军,三岛之砦,无,已登场,来岛通总,船头,直臣,村上水军,三岛之砦,无,已登场,来岛通总,船头,直臣,村上水军,三岛之砦,无,已登场,来岛通总,船头,直臣,村上水军,三岛之砦,无,已登场,来岛通总,足轻大将,直臣,羽柴家,石山本愿寺,无,已死亡,来岛通总,无效,无效,无,无效,无,已登场,来岛通总,水夫,直臣,村上水军,三岛之砦,无,,,,"[{""stage"":"""",""tkid"":""290"",""ref"":""290_来岛通总_朝右.png"",""emotion"":0}]"
lord_1_murakami_munekatsu,,村上通康,村上通康,村上,291,Murakami Munekatsu,clan_murakami_2,hokuriku,家族和文化自动推断,1,1519,1554,1567,病死,,,来岛通总 得居通之,全职种,7,7,温和,勇敢,普通,轻率,不重情义,55,武具,贪心,嗜酒如命,其他,刀剑,69,72,36,48,52,0,0,2,4,2,2,1,0,2,0,0,2,0,0,0,0,水上禁行，蝴蝶之阵,强袭，拔突，刚弓，铁壁,无,一般条件,,,已登场,村上通康,船头,直臣,村上水军,三岛之砦,无,已登场,村上通康,船头,直臣,村上水军,三岛之砦,无,已登场,村上通康,船头,直臣,村上水军,三岛之砦,无,已死亡,村上通康,无效,无效,无,无效,无,已死亡,村上通康,无效,无效,无,无效,无,已死亡,村上通康,无效,无效,无,无效,无,已死亡,村上通康,无效,无效,无,无效,无,已死亡,村上通康,无效,无效,无,无效,无,已登场,村上通康,侍大将,直臣,上泉家,内城,无,,,,"[{""stage"":"""",""tkid"":""291"",""ref"":""291_村上通康_朝右.png"",""emotion"":0}]"
lord_1_kuroda_iekata,,黑田如水,黑田如水,黑田,292|1158,Kuroda Iekata,clan_kuroda_1,kinai,家族和文化自动推断,1,1546,1561,1604,病死,黑田职隆,,黑田长政 黑田职隆,只限武将,6,6,普通,胆小,理想,慎重,不重情义,98,南蛮物,贪心,普通,源氏,枪,88,55,86,92,86,4,3,3,2,2,1,4,1,4,3,4,3,2,4,2,3,强行突破，紧急修补，影武者，威吓，加护,拔突，急所击，刚弓，伤药，丢钱,军师，说客,一般条件,,主角丰臣秀吉，剧情救出黑田官兵卫,未登场,黑田官兵卫,足轻组头,陪臣（黑田职隆）,赤松家,御着城,无,未登场,黑田官兵卫,足轻组头,陪臣（小寺政职）,赤松家,御着城,无,已登场,黑田官兵卫,足轻组头,陪臣（小寺政职）,赤松家,御着城,无,已登场,黑田官兵卫,足轻组头,陪臣（小寺政职）,赤松家,御着城,无,已登场,黑田官兵卫,足轻组头,陪臣（羽柴秀吉）,织田家,长滨城,无,已登场,黑田官兵卫,部将,陪臣（羽柴秀吉）,织田家,姬路城,无,已登场,黑田官兵卫,家老,直臣,羽柴家,石山本愿寺,无,已登场,黑田如水,家老,直臣,黑田家,中津城,无,已登场,黑田如水,家老,直臣,黑田家,宇和岛城,无,,,"[{""stage"":""军师"",""tkid"":""292"",""ref"":"""",""emotion"":1},{""stage"":""隐"",""tkid"":""1158"",""ref"":"""",""emotion"":1}]","[{""stage"":""军师"",""tkid"":""292"",""ref"":""292_黑田如水_朝右.png"",""emotion"":1},{""stage"":""隐"",""tkid"":""1158"",""ref"":""1158_黑田如水_朝右.png"",""emotion"":1}]"
lord_1_kuroda_4,,黑田長政,黑田长政,黑田,293,Kuroda Nagamasa,clan_kuroda_1,kinai,精确匹配织丰,1,1568,1582,1623,病死,黑田如水,黑田职隆,黑田如水 黑田职隆,只限武将,99,99,温和,勇敢,现实,普通,不重情义,70,武具,普通,普通,源氏,枪,72,68,75,78,80,2,2,3,2,2,3,3,1,3,3,3,2,2,2,3,1,无,强袭，连续斩，拔突，粘花，急所击，刚弓，卷枪，引落，柄返，刚力，铁壁，辱骂，克己,无,一般条件,,,未登场,黑田长政,足轻组头,陪臣（黑田官兵卫）,赤松家,御着城,无,未登场,黑田长政,足轻组头,陪臣（小寺政职）,赤松家,御着城,无,未登场,黑田长政,足轻组头,陪臣（小寺政职）,赤松家,御着城,无,未登场,黑田长政,足轻组头,陪臣（小寺政职）,赤松家,御着城,无,未登场,黑田长政,足轻组头,陪臣（小寺政职）,赤松家,姬路城,无,已登场,黑田长政,足轻组头,陪臣（羽柴秀吉）,织田家,姬路城,无,已登场,黑田长政,足轻组头,陪臣（黑田官兵卫）,羽柴家,石山本愿寺,无,已登场,黑田长政,大名,首领,黑田家,中津城,柳生新阴流,已登场,黑田长政,家老,直臣,黑田家,宇和岛城,无,,,,"[{""stage"":"""",""tkid"":""293"",""ref"":""293_黑田长政_朝右.png"",""emotion"":0}]"
lord_1_kuroda_2,,黑田職隆,黑田职隆,黑田,294,Kuroda Mototaka,clan_kuroda_1,kinai,精确匹配织丰,1,1524,1554,1585,病死,,,黑田如水 黑田长政,全职种,95,95,温和,普通,现实,普通,普通,42,书籍,普通,普通,源氏,枪,66,60,56,70,59,2,2,1,1,2,2,1,0,2,2,1,3,2,2,0,3,无,强袭，拔突，刚弓，铁壁，伤药，丢钱,无,无要求,,,已登场,黑田职隆,部将,陪臣（小寺政职）,赤松家,御着城,无,已登场,黑田职隆,部将,陪臣（小寺政职）,赤松家,御着城,无,已登场,黑田职隆,部将,陪臣（小寺政职）,赤松家,御着城,无,已登场,黑田职隆,部将,陪臣（小寺政职）,赤松家,御着城,无,已登场,黑田职隆,部将,陪臣（小寺政职）,赤松家,姬路城,无,已登场,黑田职隆,侍大将,陪臣（羽柴秀吉）,织田家,姬路城,无,已登场,黑田职隆,侍大将,陪臣（黑田官兵卫）,羽柴家,石山本愿寺,无,已死亡,黑田职隆,无效,无效,无,无效,无,已登场,黑田职隆,大名,首领,黑田家,宇和岛城,无,,,,"[{""stage"":"""",""tkid"":""294"",""ref"":""294_黑田职隆_朝右.png"",""emotion"":0}]"
lord_1_kuwana_yoshinari,,桑名吉成,桑名吉成,桑名,295,Kuwana Yoshinari,clan_kuwana_1,nankai,基于分组自动创建家族,1,1551,1565,1615,战死,,,,只限武将,42,42,普通,勇敢,现实,轻率,重视情义,40,武具,无欲,普通,平氏,刀剑,59,53,47,43,53,2,3,2,0,0,1,2,0,0,1,0,1,0,1,1,0,无,强袭,无,无要求,,,未登场,桑名吉成,足轻大将,直臣,长宗我部家,冈丰城,无,未登场,桑名吉成,足轻大将,直臣,长宗我部家,冈丰城,无,已登场,桑名吉成,足轻组头,直臣,长宗我部家,冈丰城,无,已登场,桑名吉成,足轻大将,直臣,长宗我部家,冈丰城,无,已登场,桑名吉成,足轻大将,直臣,长宗我部家,冈丰城,无,已登场,桑名吉成,足轻大将,直臣,长宗我部家,冈丰城,无,已登场,桑名吉成,足轻大将,直臣,长宗我部家,冈丰城,无,已登场,桑名吉成,侍大将,直臣,长宗我部家,冈丰城,无,已登场,桑名吉成,浪人,其他,无,清洲之町,无,,,,"[{""stage"":"""",""tkid"":""295"",""ref"":""295_桑名吉成_朝右.png"",""emotion"":0}]"
lord_1_kamiizumi_nobutsuna,,上泉信綱,上泉信纲,上泉,296,Kamiizumi Nobutsuna,clan_kamiizumi_1,kanto,基于分组自动创建家族,1,1508,1554,1573,病死,上泉秀继,,疋田丰五郎 上泉泰纲,没那个意思,90,90,温和,普通,现实,轻率,普通,25,武具,无欲,滴酒不沾,其他,刀剑,86,100,13,12,93,3,0,0,0,3,4,3,2,0,0,0,0,3,0,0,2,无,强袭，连续斩，月影，一刀两断，转，拔突，二连苦无，刚弓，浮舟，当身，肋一寸，刚力，铁壁，天狗抄，心眼，辱骂，大喝,剑圣,一般条件,,主角柳生宗严，无刀取剧情,已登场,上泉秀纲,部将,陪臣（长野业正）,上杉家,箕轮城,新阴流,已登场,上泉秀纲,部将,直臣,长野家,箕轮城,新阴流,已登场,上泉秀纲,部将,直臣,长野家,箕轮城,新阴流,已登场,上泉信纲,师范,其他,无,厩桥之町,新阴流,已死亡,上泉信纲,无效,无效,无,无效,无,已死亡,上泉信纲,无效,无效,无,无效,无,已死亡,上泉信纲,无效,无效,无,无效,无,已死亡,上泉信纲,无效,无效,无,无效,无,已登场,上泉信纲,大名,首领,上泉家,内城,新阴流,,,,"[{""stage"":"""",""tkid"":""296"",""ref"":""296_上泉信纲_朝右.png"",""emotion"":0}]"
lord_1_koosaka_jinnai,,高阪甚內,高坂甚内,高坂,297,Koosaka Jinnai,clan_kōsaka_1,tosan,基于分组自动创建家族,1,1546,1560,1613,战死,,,,武将以外优先,60,60,普通,勇敢,现实,轻率,不重情义,74,艺术品,贪心,普通,其他,苦无,54,66,17,57,29,1,0,1,0,1,2,2,3,0,0,0,0,0,0,0,0,破技之术，雷爆之术，错乱之术,强袭，拔突，二连苦无，半月，毒苦无，十字投，叠返之术，铁壁,无,无要求,,,未登场,高坂甚内,上忍,直臣,透波众,透波之里,无,未登场,高坂甚内,上忍,直臣,透波众,透波之里,无,已登场,高坂甚内,上忍,直臣,透波众,透波之里,无,已登场,高坂甚内,上忍,直臣,透波众,透波之里,无,已登场,高坂甚内,上忍,直臣,透波众,透波之里,无,已登场,高坂甚内,上忍,直臣,透波众,透波之里,无,已登场,高坂甚内,上忍,直臣,透波众,透波之里,无,已登场,高坂甚内,浪人,其他,无,江户之町,无,已登场,高坂甚内,浪人,其他,无,诹访之町,无,,,,"[{""stage"":"""",""tkid"":""297"",""ref"":""297_高坂甚内_朝右.png"",""emotion"":0}]"
lord_1_koosaka_masanobu,,高阪昌信,高坂昌信,高坂,298,Koosaka Masanobu,clan_kōsaka_1,tosan,基于分组自动创建家族,1,1527,1554,1578,病死,,,,只限武将,62,62,普通,勇敢,普通,普通,重视情义,29,武具,无欲,普通,其他,弓,88,79,65,68,87,2,4,2,0,2,3,4,2,2,0,3,2,2,1,0,2,风林火山，破技之术,强袭，连续斩，拔突，二连苦无，刚弓，刚力，铁壁,无,一般条件,,,已登场,高坂昌信,侍大将,直臣,武田家,踯躅崎馆,无,已登场,高坂昌信,家老,直臣,武田家,踯躅崎馆,无,已登场,高坂昌信,城主,直臣,武田家,海津城,无,已登场,高坂昌信,城主,直臣,武田家,海津城,无,已登场,高坂昌信,城主,直臣,武田家,海津城,无,已死亡,高坂昌信,无效,无效,无,无效,无,已死亡,高坂昌信,无效,无效,无,无效,无,已死亡,高坂昌信,无效,无效,无,无效,无,已登场,高坂昌信,上忍,直臣,伊贺众,伊贺之里,无,,,,"[{""stage"":"""",""tkid"":""298"",""ref"":""298_高坂昌信_朝右.png"",""emotion"":0}]"
lord_1_kosokabe,,香宗我部親泰,香宗我部亲泰,香宗我部,299,Kosokabe Chikayasu,clan_kosokabe_1,nankai,精确匹配织丰,1,1543,1557,1593,病死,长宗我部国亲,,香川亲和 吉良亲贞 吉良亲实 长宗我部国亲 长宗我部信亲 长宗我部元亲 长宗我部盛亲 津野亲忠,只限武将,80,80,温和,普通,普通,慎重,重视情义,30,艺术品,无欲,普通,源氏,刀剑,78,64,78,82,77,3,1,2,0,1,2,2,0,2,2,2,0,2,3,1,0,无,强袭，拔突，铁壁,无,一般条件,,,未登场,香宗我部亲泰,部将,直臣,长宗我部家,冈丰城,无,未登场,香宗我部亲泰,部将,陪臣（长宗我部国亲）,长宗我部家,冈丰城,无,已登场,香宗我部亲泰,部将,直臣,长宗我部家,冈丰城,无,已登场,香宗我部亲泰,部将,直臣,长宗我部家,冈丰城,无,已登场,香宗我部亲泰,部将,直臣,长宗我部家,冈丰城,无,已登场,香宗我部亲泰,部将,直臣,长宗我部家,冈丰城,无,已登场,香宗我部亲泰,国主,直臣,长宗我部家,安艺城,无,已死亡,香宗我部亲泰,无效,无效,无,无效,无,已登场,香宗我部亲泰,浪人,其他,无,安土之町,无,,,,"[{""stage"":"""",""tkid"":""299"",""ref"":""299_香宗我部亲泰_朝右.png"",""emotion"":0}]"
lord_1_kawano_masashige,,河野通直(牛福丸),河野通直牛福丸,河野,300|1234,Kawano Masashige,clan_kawano_1,sanyo,家族和文化自动推断,1,1564,1578,1587,病死,,,,全职种,43,43,性急,胆小,现实,轻率,普通,49,南蛮物,普通,普通,其他,刀剑,44,41,50,36,48,1,0,1,2,0,2,1,0,0,1,1,0,1,0,1,1,无,强袭，拔突，铁壁,无,无要求,,,未登场,河野牛福丸,家老,直臣,河野家,汤筑城,无,未登场,河野牛福丸,部将,陪臣（河野通宣）,河野家,汤筑城,无,未登场,河野牛福丸,家老,直臣,河野家,汤筑城,无,未登场,河野牛福丸,家老,直臣,河野家,汤筑城,无,未登场,河野牛福丸,家老,直臣,河野家,汤筑城,无,已登场,河野通直,大名,首领,河野家,汤筑城,无,已登场,河野通直,大名,首领,河野家,汤筑城,无,已死亡,河野牛福丸,无效,无效,无,无效,无,已登场,河野牛福丸,家老,直臣,河尻家,水户城,无,,,"[{""stage"":""通"",""tkid"":""300"",""ref"":"""",""emotion"":1},{""stage"":""直"",""tkid"":""1234"",""ref"":"""",""emotion"":1}]","[{""stage"":""通"",""tkid"":""300"",""ref"":""300_河野通直_朝右.png"",""emotion"":1},{""stage"":""直"",""tkid"":""1234"",""ref"":""1234_河野通直_朝右.png"",""emotion"":1}]"
lord_1_kawano,,河野通宣,河野通宣,河野,301,Kawano Michinobu,clan_kawano_1,sanyo,精确匹配织丰,1,1527,1554,1581,病死,,,,全职种,43,43,普通,胆小,现实,慎重,普通,35,南蛮物,普通,普通,其他,刀剑,40,43,41,27,35,1,0,0,2,0,0,1,1,0,0,0,2,1,0,0,0,无,强袭,无,一般条件,,,已登场,河野通宣,大名,首领,河野家,汤筑城,无,已登场,河野通宣,大名,首领,河野家,汤筑城,无,已登场,河野通宣,大名,首领,河野家,汤筑城,无,已登场,河野通宣,大名,首领,河野家,汤筑城,无,已登场,河野通宣,大名,首领,河野家,汤筑城,无,已死亡,河野通宣,无效,无效,无,无效,无,已死亡,河野通宣,无效,无效,无,无效,无,已死亡,河野通宣,无效,无效,无,无效,无,已登场,河野通宣,家老,直臣,河尻家,水户城,无,,,,"[{""stage"":"""",""tkid"":""301"",""ref"":""301_河野通宣_朝右.png"",""emotion"":0}]"
lord_1_koori_kiyonaga,,高力清長,高力清长,高力,302,Koori Kiyonaga,clan_kōri_1,kanto,基于分组自动创建家族,1,1530,1554,1608,病死,,,,全职种,91,91,温和,普通,普通,慎重,重视情义,14,书籍,无欲,普通,平氏,刀剑,48,52,55,59,74,1,0,1,0,0,0,0,0,2,1,1,1,1,2,1,1,无,强袭,无,无要求,,,已登场,高力清长,足轻组头,直臣,松平家,冈崎城,无,已登场,高力清长,足轻组头,陪臣（松平元康）,今川家,骏府城,无,已登场,高力清长,足轻组头,陪臣（松平元康）,今川家,冈崎城,无,已登场,高力清长,足轻组头,直臣,德川家,冈崎城,无,已登场,高力清长,足轻组头,陪臣（德川信康）,德川家,冈崎城,无,已登场,高力清长,足轻大将,直臣,德川家,滨松城,无,已登场,高力清长,足轻大将,直臣,德川家,滨松城,无,已登场,高力清长,城主,直臣,德川家,岩槻城,无,已登场,高力清长,浪人,其他,无,长滨之町,无,,,,"[{""stage"":"""",""tkid"":""302"",""ref"":""302_高力清长_朝右.png"",""emotion"":0}]"
lord_1_jingu_norishige,,小島職鎮,小岛职镇,小岛,303,Jingu Norishige,clan_jingu_1,sanyo,基于分组自动创建家族,1,1519,1554,1582,病死,,,,全职种,16,16,性急,胆小,现实,轻率,不重情义,72,艺术品,贪心,普通,其他,刀剑,33,35,40,39,36,0,1,0,0,0,0,1,0,1,1,1,0,0,2,0,0,无,强袭,无,无要求,,,已登场,小岛职镇,部将,直臣,神保家,富山城,无,已登场,小岛职镇,足轻组头,直臣,神保家,富山城,无,已登场,小岛职镇,部将,直臣,神保家,富山城,无,已登场,小岛职镇,部将,直臣,神保家,富山城,无,已登场,小岛职镇,部将,直臣,神保家,富山城,无,已死亡,小岛职镇,无效,无效,无,无效,无,已死亡,小岛职镇,无效,无效,无,无效,无,已死亡,小岛职镇,无效,无效,无,无效,无,已登场,小岛职镇,家老,直臣,小笠原家,小仓城,无,,,,"[{""stage"":"""",""tkid"":""303"",""ref"":""303_小岛职镇_朝右.png"",""emotion"":0}]"
lord_1_godai_tomoyoshi,,五代友喜,五代友喜,五代,304,Godai Tomoyoshi,clan_godai_1,saikai,基于分组自动创建家族,1,1539,1554,1626,病死,,,,全职种,32,32,普通,勇敢,普通,轻率,普通,64,武具,贪心,普通,其他,刀剑,59,65,43,41,44,2,1,2,1,0,2,1,0,0,0,0,0,1,0,0,0,无,强袭，拔突，铁壁,无,无要求,,,未登场,五代友喜,侍大将,直臣,岛津家,内城,无,已登场,五代友喜,侍大将,直臣,岛津家,内城,无,已登场,五代友喜,足轻组头,直臣,岛津家,内城,无,已登场,五代友喜,侍大将,直臣,岛津家,内城,无,已登场,五代友喜,侍大将,直臣,岛津家,内城,无,已登场,五代友喜,侍大将,直臣,岛津家,内城,无,已登场,五代友喜,侍大将,直臣,岛津家,内城,无,已登场,五代友喜,家老,直臣,岛津家,内城,无,已登场,五代友喜,大名,首领,五代家,安土城,无,,,,"[{""stage"":"""",""tkid"":""304"",""ref"":""304_五代友喜_朝右.png"",""emotion"":0}]"
lord_1_kodama_toshihide,,兒玉就英,儿玉就英,儿玉,305,Kodama Toshihide,clan_kodama_1,sanyo,基于分组自动创建家族,1,1535,1554,1601,病死,儿玉元实,,儿玉就方,全职种,36,36,温和,普通,普通,慎重,普通,49,书籍,普通,嗜酒如命,藤原氏,刀剑,66,57,23,60,55,2,0,2,4,2,1,2,0,1,0,0,1,0,0,0,1,齐射，水上禁行,强袭，刚弓,无,一般条件,,,已登场,儿玉就英,侍大将,陪臣（小早川隆景）,毛利家,吉田郡山城,无,已登场,儿玉就英,侍大将,直臣,毛利家,吉田郡山城,无,已登场,儿玉就英,侍大将,直臣,毛利家,吉田郡山城,无,已登场,儿玉就英,侍大将,陪臣（小早川隆景）,毛利家,三原城,无,已登场,儿玉就英,侍大将,陪臣（小早川隆景）,毛利家,三原城,无,已登场,儿玉就英,侍大将,陪臣（小早川隆景）,毛利家,三原城,无,已登场,儿玉就英,侍大将,陪臣（小早川隆景）,毛利家,三原城,无,已登场,儿玉就英,部将,直臣,毛利家,广岛城,无,已登场,儿玉就英,浪人,其他,无,赤间关之町,无,,,,"[{""stage"":"""",""tkid"":""305"",""ref"":""305_儿玉就英_朝正.png"",""emotion"":0}]"
lord_1_kitabatake_10,,木造具政,木造具政,木造,306,Kitabatake Tomomasa,clan_kitabatake_1,kinai,精确匹配织丰,1,1530,1554,1584,病死,北畠晴具,,北畠具教 北畠具房 北畠晴具 泷川雄利 长野具藤,只限武将,42,42,普通,普通,现实,普通,不重情义,61,书籍,贪心,普通,源氏,刀剑,62,38,59,64,59,2,2,1,0,1,0,2,1,0,1,0,0,0,2,1,0,无,强袭,无,无要求,,,已登场,木造具政,家老,直臣,北畠家,大河内城,无,已登场,木造具政,家老,直臣,北畠家,大河内城,无,已登场,木造具政,家老,直臣,北畠家,大河内城,无,已登场,木造具政,家老,直臣,北畠家,大河内城,无,已登场,木造具政,侍大将,陪臣（织田信雄）,织田家,大河内城,无,已登场,木造具政,侍大将,陪臣（织田信雄）,织田家,安浓津城,无,已登场,木造具政,家老,直臣,织田家,长岛城,无,已死亡,木造具政,无效,无效,无,无效,无,已登场,木造具政,浪人,其他,无,大坂之町,无,,,,"[{""stage"":"""",""tkid"":""306"",""ref"":""306_木造具政_朝正.png"",""emotion"":0}]"
lord_1_koteida_yasuichi,,籠手田安一,笼手田安一,笼手田,307,Koteida Yasuichi,clan_koteida_1,saikai,基于分组自动创建家族,1,1553,1567,1623,病死,笼手田安经,,笼手田安经,全职种,2,2,温和,胆小,普通,普通,普通,30,南蛮物,普通,普通,源氏,刀剑,47,49,47,46,37,1,1,2,2,0,1,1,0,0,0,0,0,1,1,1,0,无,强袭,无,无要求,,,未登场,笼手田安一,足轻组头,陪臣（笼手田安经）,松浦家,平户城,无,未登场,笼手田安一,足轻组头,陪臣（笼手田安经）,松浦家,平户城,无,未登场,笼手田安一,足轻组头,陪臣（笼手田安经）,松浦家,平户城,无,已登场,笼手田安一,足轻组头,陪臣（笼手田安经）,松浦家,平户城,无,已登场,笼手田安一,足轻组头,陪臣（笼手田安经）,松浦家,平户城,无,已登场,笼手田安一,足轻组头,陪臣（笼手田安经）,松浦家,平户城,无,已登场,笼手田安一,足轻组头,直臣,松浦家,平户城,无,已登场,笼手田安一,浪人,其他,无,平户之町,无,已登场,笼手田安一,足轻组头,直臣,一宫家,春日山城,无,,,,"[{""stage"":"""",""tkid"":""307"",""ref"":""307_笼手田安一_朝右.png"",""emotion"":0}]"
lord_1_koteida_yasuyuki,,籠手田安經,笼手田安经,笼手田,308,Koteida Yasuyuki,clan_koteida_1,saikai,基于分组自动创建家族,1,1523,1554,1582,病死,,,笼手田安一,全职种,2,2,普通,勇敢,现实,轻率,不重情义,55,南蛮物,普通,普通,源氏,刀剑,58,55,54,60,47,2,1,1,2,0,1,1,0,0,0,0,1,0,0,1,0,无,强袭,无,无要求,,,已登场,笼手田安经,部将,直臣,松浦家,平户城,无,已登场,笼手田安经,部将,直臣,松浦家,平户城,无,已登场,笼手田安经,侍大将,直臣,松浦家,平户城,无,已登场,笼手田安经,部将,直臣,松浦家,平户城,无,已登场,笼手田安经,部将,直臣,松浦家,平户城,无,已登场,笼手田安经,部将,直臣,松浦家,平户城,无,已死亡,笼手田安经,无效,无效,无,无效,无,已死亡,笼手田安经,无效,无效,无,无效,无,已登场,笼手田安经,浪人,其他,无,温泉津之町,无,,,,"[{""stage"":"""",""tkid"":""308"",""ref"":""308_笼手田安经_朝右.png"",""emotion"":0}]"
lord_1_goto_masatoyo,,後藤賢豐,后藤贤丰,后藤,309,Goto Masatoyo,clan_goto_1,saikai,基于分组自动创建家族,1,1516,1554,1563,战死,,,,只限武将,51,51,普通,普通,普通,轻率,普通,18,艺术品,普通,普通,藤原氏,刀剑,56,46,68,62,57,1,0,1,1,1,1,2,0,2,2,1,1,3,1,1,0,无,强袭,无,无要求,,,已登场,后藤贤丰,家老,直臣,六角家,观音寺城,无,已登场,后藤贤丰,家老,直臣,六角家,观音寺城,无,已登场,后藤贤丰,家老,直臣,六角家,观音寺城,无,已死亡,后藤贤丰,无效,无效,无,无效,无,已死亡,后藤贤丰,无效,无效,无,无效,无,已死亡,后藤贤丰,无效,无效,无,无效,无,已死亡,后藤贤丰,无效,无效,无,无效,无,已死亡,后藤贤丰,无效,无效,无,无效,无,已登场,后藤贤丰,浪人,其他,无,足利之町,无,,,,"[{""stage"":"""",""tkid"":""309"",""ref"":""309_后藤贤丰_朝右.png"",""emotion"":0}]"
lord_1_goto_danemon,,後藤信康,后藤信康,后藤,310,Goto Danemon,clan_goto_1,saikai,基于分组自动创建家族,1,1555,1569,1614,病死,,,,只限武将,62,62,普通,勇敢,普通,普通,重视情义,55,武具,普通,普通,其他,刀剑,63,70,17,42,52,2,3,2,1,2,3,2,0,0,0,0,2,1,1,0,0,无,强袭，连续斩，拔突，刚弓，刚力，铁壁,无,无要求,,,未登场,后藤信康,足轻组头,直臣,伊达家,米泽城,无,未登场,后藤信康,足轻组头,直臣,伊达家,米泽城,无,未登场,后藤信康,足轻组头,直臣,伊达家,米泽城,无,未登场,后藤信康,足轻组头,直臣,伊达家,米泽城,无,已登场,后藤信康,足轻组头,直臣,伊达家,米泽城,无,已登场,后藤信康,足轻组头,直臣,伊达家,米泽城,无,已登场,后藤信康,侍大将,直臣,伊达家,米泽城,无,已登场,后藤信康,家老,直臣,伊达家,仙台城,无,已登场,后藤信康,浪人,其他,无,京之町,无,,,,"[{""stage"":"""",""tkid"":""310"",""ref"":""310_后藤信康_朝右.png"",""emotion"":0}]"
lord_1_goto_toogoroo,,後藤又兵衛,后藤又兵卫,后藤,311,Goto Toogoroo,clan_goto_1,saikai,基于分组自动创建家族,1,1560,1574,1615,战死,,,,只限武将,7,15,性急,勇敢,理想,慎重,普通,69,武具,无欲,嗜酒如命,藤原氏,枪,51,82,23,64,69,2,1,2,0,3,3,2,0,0,0,1,0,0,0,1,1,无,强袭，连续斩，拔突，粘花，刚弓，卷枪，引落，柄返，刚力，铁壁，辱骂,枪术名人,一般条件,,,未登场,后藤又兵卫,足轻组头,陪臣（小寺政职）,赤松家,御着城,无,未登场,后藤又兵卫,足轻组头,陪臣（小寺政职）,赤松家,御着城,无,未登场,后藤又兵卫,足轻组头,陪臣（小寺政职）,赤松家,御着城,无,未登场,后藤又兵卫,足轻组头,陪臣（小寺政职）,赤松家,御着城,无,已登场,后藤又兵卫,足轻组头,陪臣（小寺政职）,赤松家,姬路城,无,已登场,后藤又兵卫,足轻组头,陪臣（羽柴秀吉）,织田家,姬路城,无,已登场,后藤又兵卫,足轻组头,陪臣（黑田官兵卫）,羽柴家,石山本愿寺,无,已登场,后藤又兵卫,家老,直臣,黑田家,中津城,无,已登场,后藤又兵卫,浪人,其他,无,鹿屋之町,无,,,,"[{""stage"":"""",""tkid"":""311"",""ref"":""311_后藤又兵卫_朝右.png"",""emotion"":0}]"
lord_1_konishi_yukinaga,,小西行長,小西行长,小西,312|1159,Konishi Yukinaga,clan_konishi_1,kinai,基于分组自动创建家族,1,1558,1572,1600,战死,小西隆佐,,小西隆佐,全职种,14,14,普通,普通,现实,轻率,普通,68,南蛮物,贪心,滴酒不沾,藤原氏,刀剑,66,45,76,54,63,2,1,3,4,1,1,3,1,1,1,1,4,3,3,3,3,水上禁行，加护,强袭，急所击，伤药，丢钱，贿赂,无,一般条件,,,未登场,小西行长,伙计,直臣,小西屋,姬路之町,无,未登场,小西行长,伙计,直臣,小西屋,姬路之町,无,未登场,小西行长,伙计,直臣,小西屋,姬路之町,无,未登场,小西行长,伙计,直臣,小西屋,姬路之町,无,已登场,小西行长,伙计,直臣,小西屋,姬路之町,无,已登场,小西行长,足轻组头,陪臣（羽柴秀吉）,织田家,姬路城,无,已登场,小西行长,侍大将,直臣,羽柴家,石山本愿寺,无,已登场,小西行长,大名,首领,小西家,宇土城,无,已登场,小西行长,部将,直臣,西园寺家,山形城,无,,,"[{""stage"":""十字"",""tkid"":""312"",""ref"":"""",""emotion"":1},{""stage"":""奉行"",""tkid"":""1159"",""ref"":"""",""emotion"":1}]","[{""stage"":""十字"",""tkid"":""312"",""ref"":""312_小西行长_朝右.png"",""emotion"":1},{""stage"":""奉行"",""tkid"":""1159"",""ref"":""1159_小西行长_朝右.png"",""emotion"":1}]"
lord_1_konishi_ryuusa,,小西隆佐,小西隆佐,小西,313,Konishi Ryuusa,clan_konishi_1,kinai,基于分组自动创建家族,1,1530,1554,1592,病死,,,小西行长,武将以外优先,10,10,温和,普通,普通,普通,普通,55,南蛮物,贪心,普通,藤原氏,枪,45,50,56,53,39,1,0,0,2,0,0,0,1,2,2,1,3,1,1,2,4,无,拔突，伤药，止血，丢钱，大宴宾客,风雅之士,无要求,,,已登场,小西隆佐,当家,首领,小西屋,姬路之町,无,已登场,小西隆佐,当家,首领,小西屋,姬路之町,无,已登场,小西隆佐,当家,首领,小西屋,姬路之町,无,已登场,小西隆佐,当家,首领,小西屋,姬路之町,无,已登场,小西隆佐,当家,首领,小西屋,姬路之町,无,已登场,小西隆佐,浪人,其他,无,姬路之町,无,已登场,小西隆佐,浪人,其他,无,姬路之町,无,已死亡,小西隆佐,无效,无效,无,无效,无,已登场,小西隆佐,部将,直臣,西园寺家,山形城,无,,,,"[{""stage"":"""",""tkid"":""313"",""ref"":""313_小西隆佐_朝右.png"",""emotion"":0}]"
lord_1_kobayakawa_takakage,,小早川隆景,小早川隆景,小早川,314|1160,Kobayakawa Takakage,clan_kobayakawa_1,sanyo,精确匹配织丰,1,1533,1554,1597,病死,毛利元就,,吉川广家 吉川元长 吉川元春 小早川秀包 繁泽元氏 二宫就辰 穗井田元清 毛利隆元 毛利辉元 毛利元就 毛利秀元,全职种,29,29,温和,普通,现实,轻率,重视情义,46,书籍,无欲,普通,平氏,刀剑,81,63,92,94,84,4,2,3,4,2,2,3,1,3,3,4,3,2,4,2,2,齐攻，百万一心，齐射，激励,强袭，拔突，急所击，刚弓，铁壁，丢钱,军师,一般条件,,,已登场,小早川隆景,家老,直臣,毛利家,吉田郡山城,无,已登场,小早川隆景,家老,直臣,毛利家,吉田郡山城,无,已登场,小早川隆景,家老,直臣,毛利家,吉田郡山城,无,已登场,小早川隆景,城主,直臣,毛利家,三原城,无,已登场,小早川隆景,国主,直臣,毛利家,三原城,无,已登场,小早川隆景,国主,直臣,毛利家,三原城,无,已登场,小早川隆景,国主,直臣,毛利家,三原城,无,已死亡,小早川隆景,无效,无效,无,无效,无,已登场,小早川隆景,家老,直臣,小笠原家,小仓城,无,,,"[{""stage"":""威"",""tkid"":""314"",""ref"":"""",""emotion"":1},{""stage"":""常"",""tkid"":""1160"",""ref"":"""",""emotion"":1}]","[{""stage"":""威"",""tkid"":""314"",""ref"":""314_小早川隆景_朝右.png"",""emotion"":1},{""stage"":""常"",""tkid"":""1160"",""ref"":""1160_小早川隆景_朝右.png"",""emotion"":1}]"
lord_1_kobayakawa_hideaki,,小早川秀秋,小早川秀秋,小早川,315,Kobayakawa Hideaki,clan_kobayakawa_1,sanyo,家族和文化自动推断,1,1582,1596,1602,病死,,,,全职种,99,99,温和,胆小,现实,普通,不重情义,70,艺术品,普通,滴酒不沾,平氏,刀剑,35,24,33,40,38,0,0,1,0,0,0,1,1,0,0,0,2,1,1,2,0,无,强袭,无,无要求,,,未登场,木下秀俊,浪人,其他,无,清洲之町,无,未登场,木下秀俊,浪人,其他,无,清洲之町,无,未登场,木下秀俊,足轻组头,陪臣（木下藤吉郎）,织田家,清洲城,无,未登场,木下秀俊,足轻组头,陪臣（木下藤吉郎）,织田家,岐阜城,无,未登场,羽柴秀俊,足轻组头,陪臣（羽柴秀吉）,织田家,长滨城,无,未登场,羽柴秀俊,足轻组头,陪臣（羽柴秀吉）,织田家,姬路城,无,未登场,羽柴秀俊,足轻组头,直臣,羽柴家,石山本愿寺,无,已登场,小早川秀秋,大名,首领,小早川家,名岛城,无,已登场,小早川秀秋,家老,直臣,小笠原家,小仓城,无,,,,"[{""stage"":"""",""tkid"":""315"",""ref"":""315_小早川秀秋_朝右.png"",""emotion"":0}]"
lord_1_kobayakawa_hidekane,,小早川秀包,小早川秀包,小早川,316,Kobayakawa Hidekane,clan_kobayakawa_1,sanyo,家族和文化自动推断,1,1567,1581,1601,病死,毛利元就,,吉川广家 吉川元长 吉川元春 小早川隆景 繁泽元氏 二宫就辰 穗井田元清 毛利隆元 毛利辉元 毛利元就 毛利秀元,只限武将,29,29,温和,勇敢,普通,普通,普通,42,艺术品,无欲,普通,平氏,刀剑,68,72,56,63,77,2,1,2,2,1,1,1,0,0,1,0,1,1,1,2,1,百万一心,强袭,无,无要求,,,未登场,小早川秀包,足轻组头,陪臣（小早川隆景）,毛利家,吉田郡山城,无,未登场,小早川秀包,足轻组头,陪臣（小早川隆景）,毛利家,吉田郡山城,无,未登场,小早川秀包,足轻组头,直臣,毛利家,吉田郡山城,无,未登场,小早川秀包,足轻组头,陪臣（小早川隆景）,毛利家,三原城,无,未登场,小早川秀包,足轻组头,陪臣（小早川隆景）,毛利家,三原城,无,已登场,小早川秀包,足轻组头,陪臣（小早川隆景）,毛利家,三原城,无,已登场,小早川秀包,足轻组头,陪臣（小早川隆景）,毛利家,三原城,无,已登场,小早川秀包,大名,首领,小早川家,久留米城,无,已登场,小早川秀包,部将,直臣,小笠原家,小仓城,无,,,,"[{""stage"":"""",""tkid"":""316"",""ref"":""316_小早川秀包_朝右.png"",""emotion"":0}]"
lord_1_kobori_enshuu,,小堀遠州,小堀远州,小堀,317,Kobori Enshuu,clan_kobori_1,neutral_culture,基于分组自动创建家族,1,1579,1593,1647,病死,,,,全职种,99,99,温和,普通,普通,慎重,普通,16,艺术品,普通,滴酒不沾,藤原氏,枪,43,29,65,51,78,0,1,0,0,0,0,0,1,4,2,2,2,4,2,4,2,紧急修补,拔突,风雅之士,一般条件,,,未登场,小堀政一,浪人,其他,无,京之町,无,未登场,小堀政一,浪人,其他,无,京之町,无,未登场,小堀政一,浪人,其他,无,京之町,无,未登场,小堀政一,浪人,其他,无,京之町,无,未登场,小堀政一,浪人,其他,无,京之町,无,未登场,小堀政一,浪人,其他,无,京之町,无,未登场,小堀政一,浪人,其他,无,京之町,无,已登场,小堀政一,部将,直臣,德川家,江户城,无,已登场,小堀政一,部将,直臣,小笠原家,小仓城,无,,,,"[{""stage"":"""",""tkid"":""317"",""ref"":""317_小堀远州_朝右.png"",""emotion"":0}]"
lord_1_koyanagawa_morimune,,小梁川盛宗,小梁川盛宗,小梁川,318,Koyanagawa Morimune,clan_koyanagawa_1,ou,基于分组自动创建家族,1,1523,1554,1595,病死,,,,只限武将,60,60,性急,勇敢,普通,轻率,普通,66,武具,普通,普通,藤原氏,刀剑,68,51,44,63,54,2,2,0,1,0,0,3,0,0,0,0,2,0,2,1,1,无,强袭,无,无要求,,,已登场,小梁川盛宗,侍大将,直臣,伊达家,米泽城,无,已登场,小梁川盛宗,侍大将,直臣,伊达家,米泽城,无,已登场,小梁川盛宗,侍大将,直臣,伊达家,米泽城,无,已登场,小梁川盛宗,侍大将,直臣,伊达家,米泽城,无,已登场,小梁川盛宗,侍大将,直臣,伊达家,米泽城,无,已登场,小梁川盛宗,侍大将,直臣,伊达家,米泽城,无,已登场,小梁川盛宗,部将,直臣,伊达家,米泽城,无,已死亡,小梁川盛宗,无效,无效,无,无效,无,已登场,小梁川盛宗,部将,直臣,小笠原家,小仓城,无,,,,"[{""stage"":"""",""tkid"":""318"",""ref"":""318_小梁川盛宗_朝右.png"",""emotion"":0}]"
lord_1_kondouu_yoshitake,,近藤義武,近藤义武,近藤,319,Kondouu Yoshitake,clan_kondouu_1,ou,基于分组自动创建家族,1,1563,1577,1638,病死,,,,只限武将,65,65,普通,勇敢,普通,轻率,重视情义,41,武具,普通,嗜酒如命,藤原氏,刀剑,56,76,60,37,55,2,1,0,2,2,3,1,1,0,0,0,1,3,1,2,1,无,强袭，连续斩，拔突，刚弓，刚力，铁壁,无,无要求,,,未登场,近藤义武,足轻组头,陪臣（蛎崎季广）,安东家,胜山馆,无,未登场,近藤义武,足轻组头,陪臣（蛎崎季广）,安东家,胜山馆,无,未登场,近藤义武,足轻组头,陪臣（蛎崎季广）,安东家,胜山馆,无,未登场,近藤义武,足轻组头,陪臣（蛎崎季广）,安东家,胜山馆,无,未登场,近藤义武,足轻组头,陪臣（蛎崎季广）,安东家,胜山馆,无,已登场,近藤义武,足轻组头,陪臣（蛎崎季广）,安东家,胜山馆,无,已登场,近藤义武,足轻组头,陪臣（蛎崎庆广）,安东家,胜山馆,无,已登场,近藤义武,部将,直臣,蛎崎家,松前城,无,已登场,近藤义武,浪人,其他,无,严岛之町,无,,,,"[{""stage"":"""",""tkid"":""319"",""ref"":""319_近藤义武_朝正.png"",""emotion"":0}]"
lord_1_saionji,,西園寺公廣,西园寺公广,西园寺,320,Saionji Kinhiro,clan_saionji_1,nankai,精确匹配织丰,1,1537,1554,1587,战死,,,,全职种,33,33,普通,胆小,普通,轻率,不重情义,71,艺术品,贪心,嗜酒如命,藤原氏,刀剑,11,15,24,28,23,0,0,0,0,0,0,0,0,0,0,0,0,2,0,0,0,无,强袭,无,无要求,,,已登场,西园寺公广,城主,直臣,河野家,宇和岛城,无,已登场,西园寺公广,城主,直臣,河野家,宇和岛城,无,已登场,西园寺公广,城主,直臣,河野家,宇和岛城,无,已登场,西园寺公广,城主,直臣,河野家,宇和岛城,无,已登场,西园寺公广,城主,直臣,大友家,宇和岛城,无,已登场,西园寺公广,城主,直臣,大友家,宇和岛城,无,已登场,西园寺公广,城主,直臣,大友家,宇和岛城,无,已死亡,西园寺公广,无效,无效,无,无效,无,已登场,西园寺公广,大名,首领,西园寺家,山形城,无,,,,"[{""stage"":"""",""tkid"":""320"",""ref"":""320_西园寺公广_朝右.png"",""emotion"":0}]"
lord_1_saika_magoichi,,雑賀孫一,杂贺孙一,杂贺,321,Saika Magoichi,clan_saika_1,kinai,基于分组自动创建家族,1,1546,1560,1585,病死,铃木佐太夫,,铃木佐太夫 铃木重朝,全职种,50,50,性急,勇敢,普通,慎重,重视情义,79,武具,贪心,普通,其他,火绳枪,91,87,20,77,83,3,2,4,2,2,3,1,2,2,0,0,1,0,0,1,1,枪炮乱射，狙击，钓瓶击，骑射突击，百发百中,强袭，连续斩，拔突，二连苦无，急所击，二挺击，刚弓，石火，乱射，刚力，铁壁,火枪高手，策士,一般条件,,,未登场,铃木重秀,部将,陪臣（铃木佐太夫）,本愿寺,杂贺城,无,未登场,铃木重秀,部将,陪臣（铃木佐太夫）,本愿寺,杂贺城,无,已登场,铃木重秀,侍大将,陪臣（铃木佐太夫）,本愿寺,杂贺城,无,已登场,铃木重秀,部将,陪臣（铃木佐太夫）,本愿寺,杂贺城,无,已登场,杂贺孙一,部将,陪臣（铃木佐太夫）,本愿寺,杂贺城,无,已登场,杂贺孙一,家老,直臣,铃木家,杂贺城,无,已登场,杂贺孙一,家老,直臣,铃木家,杂贺城,无,已死亡,杂贺孙一,无效,无效,无,无效,无,已登场,杂贺孙一,足轻组头,直臣,一宫家,春日山城,无,,,,"[{""stage"":"""",""tkid"":""321"",""ref"":""321_杂贺孙一_朝右.png"",""emotion"":0}]"
lord_1_saitoo_tatsutaka,,齋藤龍興,斋藤龙兴,斋藤,322,Saitoo Tatsutaka,clan_saitō_1,tokai,基于分组自动创建家族,1,1548,1560,1573,战死,斋藤义龙,斋藤道三,斋藤道三 斋藤义龙,只限武将,44,44,性急,胆小,普通,轻率,不重情义,61,艺术品,贪心,普通,藤原氏,刀剑,21,29,41,17,26,0,0,0,0,0,0,0,1,0,0,0,1,1,0,1,0,无,强袭,无,一般条件,,,未登场,斋藤龙兴,侍大将,陪臣（斋藤义龙）,斋藤家,稻叶山城,无,未登场,斋藤龙兴,侍大将,陪臣（斋藤义龙）,斋藤家,稻叶山城,无,已登场,斋藤龙兴,家老,直臣,斋藤家,稻叶山城,无,已登场,斋藤龙兴,侍大将,陪臣（愿证寺证惠）,本愿寺,长岛城,无,已死亡,斋藤龙兴,无效,无效,无,无效,无,已死亡,斋藤龙兴,无效,无效,无,无效,无,已死亡,斋藤龙兴,无效,无效,无,无效,无,已死亡,斋藤龙兴,无效,无效,无,无效,无,已登场,斋藤龙兴,上忍,直臣,甲贺众,甲贺之里,无,,,,"[{""stage"":"""",""tkid"":""322"",""ref"":""322_斋藤龙兴_朝右.png"",""emotion"":0}]"
lord_1_saitoo_denki,,齋藤伝鬼坊,斋藤传鬼坊,斋藤,323,Saitoo Denki boo,clan_saitō_1,tokai,基于分组自动创建家族,1,1550,1564,1587,战死,,,,没那个意思,10,90,普通,勇敢,普通,轻率,普通,55,武具,贪心,嗜酒如命,其他,刀剑,19,89,23,17,39,0,0,2,0,3,4,0,0,0,0,0,0,0,0,0,0,无,强袭，连续斩，八神太刀，一之太刀，拔突，刚弓，神妙剑，当身，刚力，金刚力，铁壁，气声，辱骂，大喝,剑豪,一般条件,,,未登场,斋藤传鬼坊,浪人,其他,无,足利之町,新当流,未登场,斋藤传鬼坊,师范,其他,无,足利之町,新当流,未登场,斋藤传鬼坊,浪人,其他,无,小田原之町,新当流,已登场,斋藤传鬼坊,师范,其他,无,足利之町,新当流,已登场,斋藤传鬼坊,师范,其他,无,足利之町,新当流,已登场,斋藤传鬼坊,师范,其他,无,足利之町,天流,已登场,斋藤传鬼坊,师范,其他,无,足利之町,天流,已死亡,斋藤传鬼坊,无效,无效,无,无效,无,已登场,斋藤传鬼坊,下忍,直臣,户隐众,户隐之里,新当流,,,,"[{""stage"":"""",""tkid"":""323"",""ref"":""323_斋藤传鬼坊_朝右.png"",""emotion"":0}]"
lord_1_saitoo_doosan,,齋藤道三,斋藤道三,斋藤,324,Saitoo Doosan,clan_saitō_1,tokai,基于分组自动创建家族,1,1494,1554,1556,战死,松波庄五郎,,斋藤龙兴 斋藤义龙 长井道利,全职种,10,0,性急,勇敢,现实,轻率,不重情义,99,艺术品,贪心,嗜酒如命,藤原氏,枪,83,72,75,95,69,3,2,0,0,2,2,3,3,2,1,2,4,1,4,0,3,威吓，幻惑之术，刺杀,强袭，拔突，二连苦无，半月，刚弓，铁壁，伤药，丢钱，贿赂,策士,不可,,主角斋藤义龙，长良川之战胜利,已登场,斋藤道三,大名,首领,斋藤家,稻叶山城,无,已登场,斋藤道三,大名,首领,斋藤家,稻叶山城,无,已死亡,斋藤道三,无效,无效,无,无效,无,已死亡,斋藤道三,无效,无效,无,无效,无,已死亡,斋藤道三,无效,无效,无,无效,无,已死亡,斋藤道三,无效,无效,无,无效,无,已死亡,斋藤道三,无效,无效,无,无效,无,已死亡,斋藤道三,无效,无效,无,无效,无,已登场,斋藤道三,侍大将,直臣,三刀屋家,骏府城,无,,,,"[{""stage"":"""",""tkid"":""324"",""ref"":""324_斋藤道三_朝右.png"",""emotion"":0}]"
lord_1_saitoo_toshimitsu,,齋藤利三,斋藤利三,斋藤,325,Saitoo Toshimitsu,clan_saitō_1,tokai,基于分组自动创建家族,1,1534,1554,1582,战死,,,,只限武将,52,52,性急,勇敢,理想,轻率,不重情义,53,武具,无欲,嗜酒如命,藤原氏,枪,62,67,33,48,55,2,3,2,0,1,3,1,0,0,0,1,0,1,0,0,0,无,强袭，连续斩，拔突，粘花，卷枪，引落，柄返，刚力，铁壁,无,一般条件,,,已登场,斋藤利三,足轻组头,陪臣（明智光秀）,斋藤家,稻叶山城,无,已登场,斋藤利三,足轻组头,陪臣（明智光秀）,斋藤家,稻叶山城,无,已登场,斋藤利三,足轻大将,陪臣（稻叶一铁）,斋藤家,曾根城,无,已登场,斋藤利三,足轻组头,陪臣（明智光秀）,织田家,岐阜城,无,已登场,斋藤利三,足轻大将,陪臣（明智光秀）,织田家,坂本城,无,已登场,斋藤利三,足轻大将,陪臣（明智光秀）,织田家,丹波龟山城,无,已死亡,斋藤利三,无效,无效,无,无效,无,已死亡,斋藤利三,无效,无效,无,无效,无,已登场,斋藤利三,侍大将,直臣,三刀屋家,骏府城,无,,,,"[{""stage"":"""",""tkid"":""325"",""ref"":""325_斋藤利三_朝右.png"",""emotion"":0}]"
lord_1_saitoo_tomonobu,,齋藤朝信,斋藤朝信,斋藤,326,Saitoo Tomonobu,clan_saitō_1,tokai,基于分组自动创建家族,1,1527,1554,1591,病死,,,,只限武将,18,18,温和,普通,普通,轻率,重视情义,42,武具,无欲,普通,其他,刀剑,63,67,66,66,65,2,2,1,0,1,2,2,0,1,1,1,1,1,1,0,1,无,强袭，拔突，铁壁,无,无要求,,,已登场,斋藤朝信,侍大将,直臣,长尾家,春日山城,无,已登场,斋藤朝信,侍大将,直臣,长尾家,春日山城,无,已登场,斋藤朝信,侍大将,直臣,长尾家,春日山城,无,已登场,斋藤朝信,侍大将,直臣,上杉家,春日山城,无,已登场,斋藤朝信,侍大将,直臣,上杉家,春日山城,无,已登场,斋藤朝信,侍大将,直臣,上杉家,春日山城,无,已登场,斋藤朝信,侍大将,直臣,上杉家,春日山城,无,已死亡,斋藤朝信,无效,无效,无,无效,无,已登场,斋藤朝信,浪人,其他,无,宇须岸之町,无,,,,"[{""stage"":"""",""tkid"":""326"",""ref"":""326_斋藤朝信_朝正.png"",""emotion"":0}]"
lord_1_saitoo_yoshitatsu,,齋藤義龍,斋藤义龙,斋藤,327,Saitoo Yoshitatsu,clan_saitō_1,tokai,基于分组自动创建家族,1,1527,1554,1561,病死,斋藤道三,松波庄五郎,斋藤龙兴 斋藤道三 长井道利,全职种,50,50,性急,胆小,理想,慎重,不重情义,87,艺术品,贪心,滴酒不沾,藤原氏,刀剑,70,59,71,69,44,2,1,1,0,0,2,2,2,1,1,1,2,2,1,0,1,无,强袭，拔突，二连苦无，铁壁,无,一般条件,美浓三人众 安藤守就/稻叶一铁/氏家卜全,,已登场,斋藤义龙,家老,直臣,斋藤家,稻叶山城,无,已登场,斋藤义龙,家老,直臣,斋藤家,稻叶山城,无,已登场,斋藤义龙,大名,首领,斋藤家,稻叶山城,无,已死亡,斋藤义龙,无效,无效,无,无效,无,已死亡,斋藤义龙,无效,无效,无,无效,无,已死亡,斋藤义龙,无效,无效,无,无效,无,已死亡,斋藤义龙,无效,无效,无,无效,无,已死亡,斋藤义龙,无效,无效,无,无效,无,已登场,斋藤义龙,上忍,直臣,甲贺众,甲贺之里,无,,,,"[{""stage"":"""",""tkid"":""327"",""ref"":""327_斋藤义龙_朝右.png"",""emotion"":0}]"
lord_1_saimura_masahiro,,齋村政廣,斋村政广,斋村,328,Saimura Masahiro,clan_saimura_1,kinai,基于分组自动创建家族,1,1562,1576,1600,战死,赤松政秀,,赤松政秀,全职种,59,59,普通,普通,普通,普通,普通,49,书籍,普通,普通,源氏,刀剑,58,35,66,14,48,1,0,1,0,1,1,0,0,2,1,1,2,3,1,1,3,无,强袭，伤药,无,无要求,,,未登场,斋村政广,足轻组头,陪臣（赤松政秀）,赤松家,置盐城,无,未登场,斋村政广,足轻组头,陪臣（赤松政秀）,赤松家,置盐城,无,未登场,斋村政广,足轻组头,陪臣（赤松政秀）,赤松家,置盐城,无,未登场,斋村政广,足轻组头,陪臣（赤松政秀）,赤松家,置盐城,无,未登场,斋村政广,足轻组头,直臣,赤松家,置盐城,无,已登场,斋村政广,足轻组头,陪臣（羽柴秀吉）,织田家,姬路城,无,已登场,斋村政广,足轻组头,陪臣（蜂须贺正胜）,羽柴家,上月城,无,已登场,斋村政广,城主,直臣,丰臣家,出石城,无,已登场,斋村政广,浪人,其他,无,鹿岛之町,无,,,,"[{""stage"":"""",""tkid"":""328"",""ref"":""328_斋村政广_朝右.png"",""emotion"":0}]"
lord_1_saeki_kore,,佐伯惟定,佐伯惟定,佐伯,329,Saeki Kore sadane,clan_saeki_1,saikai,基于分组自动创建家族,1,1569,1583,1618,病死,,佐伯惟教,佐伯惟教,全职种,60,60,普通,勇敢,普通,普通,普通,57,南蛮物,贪心,普通,其他,刀剑,59,47,45,55,52,3,2,1,2,1,1,1,0,0,0,1,0,0,0,0,1,无,强袭,无,无要求,,,未登场,佐伯惟定,部将,陪臣（佐伯惟教）,大友家,佐伯城,无,未登场,佐伯惟定,部将,陪臣（佐伯惟教）,大友家,佐伯城,无,未登场,佐伯惟定,城主,直臣,大友家,佐伯城,无,未登场,佐伯惟定,部将,陪臣（佐伯惟教）,大友家,佐伯城,无,未登场,佐伯惟定,部将,陪臣（佐伯惟教）,大友家,佐伯城,无,已登场,佐伯惟定,城主,直臣,大友家,佐伯城,无,已登场,佐伯惟定,城主,直臣,大友家,佐伯城,无,已登场,佐伯惟定,部将,直臣,藤堂家,宇和岛城,无,已登场,佐伯惟定,浪人,其他,无,仙台之町,无,,,,"[{""stage"":"""",""tkid"":""329"",""ref"":""329_佐伯惟定_朝右.png"",""emotion"":0}]"
lord_1_yoshida_dooton,,吉田印西,吉田印西,吉田,330,Yoshida Dooton,clan_yoshida_1,nankai,家族和文化自动推断,1,1562,1576,1638,病死,,,,全职种,10,10,普通,普通,普通,轻率,不重情义,62,武具,贪心,普通,源氏,弓,39,86,34,35,58,1,1,1,0,4,3,3,2,1,0,0,0,3,0,0,0,弓箭乱射,强袭，连续斩，拔突，二连苦无，刚弓，神弓，天弓，刚力，铁壁，心眼,弓术高手,一般条件,,,未登场,吉田源八郎,足轻大将,直臣,六角家,观音寺城,无,未登场,吉田源八郎,浪人,其他,无,目加田之町,无,未登场,吉田源八郎,浪人,其他,无,目加田之町,无,未登场,吉田源八郎,浪人,其他,无,目加田之町,无,未登场,吉田源八郎,浪人,其他,无,目加田之町,无,已登场,吉田源八郎,浪人,其他,无,安土之町,日置流,已登场,吉田源八郎,浪人,其他,无,安土之町,日置流,已登场,吉田印西,侍大将,直臣,结城家,结城城,日置流,已登场,吉田源八郎,部将,直臣,八板家,姬路城,无,,,,"[{""stage"":"""",""tkid"":""330"",""ref"":""330_吉田印西_朝右.png"",""emotion"":0}]"
lord_1_sakai_2,,酒井家次,酒井家次,酒井,331,Sakai Ietsugu,clan_sakai_1,tokai,精确匹配织丰,1,1564,1578,1618,病死,酒井忠次,,酒井忠次,只限武将,90,90,温和,普通,现实,慎重,普通,28,书籍,普通,普通,源氏,刀剑,60,45,66,60,58,2,2,1,0,1,1,2,1,2,1,1,2,2,1,1,1,无,强袭,无,无要求,,,未登场,酒井家次,足轻组头,陪臣（酒井忠次）,松平家,冈崎城,无,未登场,酒井家次,足轻组头,陪臣（酒井忠次）,今川家,骏府城,无,未登场,酒井家次,足轻组头,陪臣（松平元康）,今川家,冈崎城,无,未登场,酒井家次,足轻组头,直臣,德川家,冈崎城,无,未登场,酒井家次,足轻组头,陪臣（酒井忠次）,德川家,滨松城,无,已登场,酒井家次,足轻组头,陪臣（酒井忠次）,德川家,滨松城,无,已登场,酒井家次,足轻组头,陪臣（酒井忠次）,德川家,吉田城,无,已登场,酒井家次,家老,直臣,德川家,江户城,无,已登场,酒井家次,浪人,其他,无,酒田之町,无,,,,"[{""stage"":"""",""tkid"":""331"",""ref"":""331_酒井家次_朝右.png"",""emotion"":0}]"
lord_1_sakai,,酒井忠次,酒井忠次,酒井,332,Sakai Tadatsugu,clan_sakai_1,tokai,精确匹配织丰,1,1527,1554,1596,病死,,,酒井家次,只限武将,90,90,温和,普通,现实,普通,重视情义,31,书籍,普通,滴酒不沾,源氏,刀剑,71,74,83,66,73,1,2,2,0,2,2,3,1,2,2,2,2,2,3,2,1,三河武者,强袭，拔突，刚弓，铁壁,无,一般条件,,,已登场,酒井忠次,侍大将,直臣,松平家,冈崎城,无,已登场,酒井忠次,足轻组头,陪臣（松平元康）,今川家,骏府城,无,已登场,酒井忠次,部将,陪臣（松平元康）,今川家,冈崎城,无,已登场,酒井忠次,家老,直臣,德川家,冈崎城,无,已登场,酒井忠次,家老,直臣,德川家,滨松城,无,已登场,酒井忠次,家老,直臣,德川家,滨松城,无,已登场,酒井忠次,城主,直臣,德川家,吉田城,无,已死亡,酒井忠次,无效,无效,无,无效,无,已登场,酒井忠次,浪人,其他,无,酒田之町,无,,,,"[{""stage"":"""",""tkid"":""332"",""ref"":""332_酒井忠次_朝右.png"",""emotion"":0}]"
lord_1_sakai_tadayoshi,,酒井忠世,酒井忠世,酒井,333,Sakai Tadayoshi,clan_sakai_1,tokai,家族和文化自动推断,1,1572,1586,1636,病死,,,,只限武将,90,90,温和,普通,现实,慎重,重视情义,55,书籍,普通,普通,源氏,刀剑,43,55,76,61,55,1,0,1,0,0,0,0,0,2,2,1,2,1,2,1,1,无,强袭,无,无要求,,,未登场,酒井忠世,足轻组头,直臣,松平家,冈崎城,无,未登场,酒井忠世,足轻组头,陪臣（松平元康）,今川家,骏府城,无,未登场,酒井忠世,足轻组头,陪臣（松平元康）,今川家,冈崎城,无,未登场,酒井忠世,足轻组头,直臣,德川家,冈崎城,无,未登场,酒井忠世,足轻组头,直臣,德川家,滨松城,无,未登场,酒井忠世,足轻组头,直臣,德川家,滨松城,无,未登场,酒井忠世,足轻组头,陪臣（酒井忠次）,德川家,吉田城,无,已登场,酒井忠世,部将,陪臣（德川秀忠）,德川家,江户城,无,已登场,酒井忠世,浪人,其他,无,酒田之町,无,,,,"[{""stage"":"""",""tkid"":""333"",""ref"":""333_酒井忠世_朝右.png"",""emotion"":0}]"
lord_1_sakaii_masanao,,阪井政尚,坂井政尚,坂井,334,Sakaii Masanao,clan_sakaii_1,tokai,基于分组自动创建家族,1,1530,1554,1570,战死,,,,只限武将,0,0,性急,勇敢,普通,轻率,重视情义,64,武具,普通,嗜酒如命,其他,刀剑,60,63,41,53,59,1,2,1,1,2,2,2,1,0,0,0,0,0,0,0,0,无,强袭，拔突，刚弓，铁壁,无,无要求,,,已登场,坂井政尚,足轻组头,直臣,斋藤家,稻叶山城,无,已登场,坂井政尚,侍大将,直臣,织田家,清洲城,无,已登场,坂井政尚,足轻大将,直臣,织田家,清洲城,无,已登场,坂井政尚,部将,直臣,织田家,岐阜城,无,已死亡,坂井政尚,无效,无效,无,无效,无,已死亡,坂井政尚,无效,无效,无,无效,无,已死亡,坂井政尚,无效,无效,无,无效,无,已死亡,坂井政尚,无效,无效,无,无效,无,已登场,坂井政尚,浪人,其他,无,浦户之町,无,,,,"[{""stage"":"""",""tkid"":""334"",""ref"":""334_坂井政尚_朝右.png"",""emotion"":0}]"
lord_1_sakakibara,,神原康政,榊原康政,榊原,335,Sakakibara Yasumasa,clan_sakakibara_1,tokai,精确匹配织丰,1,1548,1562,1606,病死,,,,只限武将,90,0,性急,勇敢,普通,轻率,重视情义,50,武具,无欲,普通,源氏,枪,82,85,59,56,67,3,3,1,1,2,3,3,1,1,1,0,0,1,1,1,0,三河武者,强袭，连续斩，拔突，粘花，刚弓，卷枪，引落，柄返，刚力，铁壁,无,一般条件,,,未登场,榊原康政,侍大将,直臣,松平家,冈崎城,无,未登场,榊原康政,足轻大将,陪臣（松平元康）,今川家,骏府城,无,已登场,榊原康政,足轻组头,陪臣（松平元康）,今川家,冈崎城,无,已登场,榊原康政,侍大将,直臣,德川家,冈崎城,无,已登场,榊原康政,侍大将,直臣,德川家,滨松城,无,已登场,榊原康政,侍大将,直臣,德川家,滨松城,无,已登场,榊原康政,侍大将,直臣,德川家,滨松城,无,已登场,榊原康政,城主,直臣,德川家,馆林城,无,已登场,榊原康政,浪人,其他,无,骏府之町,无,,,,"[{""stage"":"""",""tkid"":""335"",""ref"":""335_榊原康政_朝右.png"",""emotion"":0}]"
lord_1_sakazaki_naomori,,阪崎直盛,坂崎直盛,坂崎,336,Sakazaki Naomori,clan_sakazaki_1,sanyo,基于分组自动创建家族,1,1563,1577,1616,战死,宇喜多忠家,宇喜多兴家,宇喜多忠家 宇喜多直家 宇喜多秀家,全职种,36,36,性急,勇敢,普通,轻率,不重情义,71,艺术品,贪心,嗜酒如命,其他,刀剑,47,76,33,17,37,2,2,2,0,1,1,2,0,1,1,1,2,1,1,1,1,无,强袭,无,无要求,,,未登场,宇喜多诠家,足轻组头,陪臣（宇喜多忠家）,浦上家,天神山城,无,未登场,宇喜多诠家,足轻组头,陪臣（宇喜多忠家）,浦上家,天神山城,无,未登场,宇喜多诠家,足轻组头,陪臣（宇喜多忠家）,浦上家,天神山城,无,未登场,宇喜多诠家,足轻组头,陪臣（宇喜多忠家）,浦上家,天神山城,无,未登场,宇喜多诠家,足轻组头,陪臣（宇喜多忠家）,浦上家,冈山城,无,已登场,宇喜多诠家,足轻组头,陪臣（宇喜多忠家）,宇喜多家,冈山城,无,已登场,宇喜多诠家,家老,直臣,宇喜多家,冈山城,无,已登场,坂崎直盛,侍大将,直臣,德川家,江户城,无,已登场,坂崎直盛,浪人,其他,无,敦贺之町,无,,,,"[{""stage"":"""",""tkid"":""336"",""ref"":""336_坂崎直盛_朝右.png"",""emotion"":0}]"
lord_1_sagara,,相良義陽,相良义阳,相良,337,Sagara Yoshihi,clan_sagara_1,saikai,精确匹配织丰,1,1544,1558,1581,战死,相良晴广,,相良赖房 相良晴广,只限武将,60,60,普通,胆小,普通,普通,普通,41,南蛮物,贪心,普通,藤原氏,刀剑,46,37,54,62,54,1,0,1,0,0,0,0,0,1,0,0,0,2,1,1,0,无,强袭,无,无要求,,,未登场,相良义阳,家老,直臣,相良家,人吉城,无,已登场,相良义阳,家老,直臣,相良家,人吉城,无,已登场,相良义阳,大名,首领,相良家,人吉城,无,已登场,相良义阳,大名,首领,相良家,人吉城,无,已登场,相良义阳,大名,首领,相良家,人吉城,无,已死亡,相良义阳,无效,无效,无,无效,无,已死亡,相良义阳,无效,无效,无,无效,无,已死亡,相良义阳,无效,无效,无,无效,无,已登场,相良义阳,浪人,其他,无,浦户之町,无,,,,"[{""stage"":"""",""tkid"":""337"",""ref"":""337_相良义阳_朝右.png"",""emotion"":0}]"
lord_1_sagara_yorifusa,,相良賴房,相良赖房,相良,338,Sagara Yorifusa,clan_sagara_1,saikai,家族和文化自动推断,1,1574,1588,1636,病死,相良义阳,相良晴广,相良义阳 相良晴广,全职种,60,60,普通,胆小,普通,慎重,不重情义,87,艺术品,贪心,普通,藤原氏,刀剑,40,44,52,57,60,0,1,0,2,0,0,0,1,0,0,1,1,1,3,0,1,无,强袭,无,无要求,,,未登场,相良赖房,部将,陪臣（相良义阳）,相良家,人吉城,无,未登场,相良赖房,部将,陪臣（相良义阳）,相良家,人吉城,无,未登场,相良赖房,家老,直臣,相良家,人吉城,无,未登场,相良赖房,家老,直臣,相良家,人吉城,无,未登场,相良赖房,家老,直臣,相良家,人吉城,无,已登场,相良赖房,大名,首领,相良家,人吉城,无,已登场,相良赖房,大名,首领,相良家,人吉城,无,已登场,相良赖房,大名,首领,相良家,人吉城,无,已登场,相良赖房,浪人,其他,无,严岛之町,无,,,,"[{""stage"":"""",""tkid"":""338"",""ref"":""338_相良赖房_朝右.png"",""emotion"":0}]"
lord_1_sakuma,,佐久間信盛,佐久间信盛,佐久间,339,Sakuma Nobumori,clan_sakuma_1,kinai,精确匹配织丰,1,1527,1554,1581,病死,佐久间信晴,,佐久间盛重,全职种,99,70,温和,胆小,理想,慎重,普通,55,艺术品,普通,普通,平氏,刀剑,63,53,60,49,41,2,1,2,0,2,1,0,0,0,1,1,1,1,0,3,1,无,强袭，刚弓,无,一般条件,,,已登场,佐久间信盛,侍大将,直臣,织田家,那古野城,无,已登场,佐久间信盛,家老,直臣,织田家,清洲城,无,已登场,佐久间信盛,部将,直臣,织田家,清洲城,无,已登场,佐久间信盛,家老,直臣,织田家,岐阜城,无,已登场,佐久间信盛,家老,直臣,织田家,岐阜城,无,已死亡,佐久间信盛,无效,无效,无,无效,无,已死亡,佐久间信盛,无效,无效,无,无效,无,已死亡,佐久间信盛,无效,无效,无,无效,无,已登场,佐久间信盛,浪人,其他,无,厩桥之町,无,,,,"[{""stage"":"""",""tkid"":""339"",""ref"":""339_佐久间信盛_朝右.png"",""emotion"":0}]"
lord_1_sakuma_morishige,,佐久間盛重,佐久间盛重,佐久间,340,Sakuma Morishige,clan_sakuma_1,kinai,家族和文化自动推断,1,1524,1554,1560,战死,,佐久间信晴,佐久间信盛,只限武将,2,2,性急,勇敢,现实,轻率,重视情义,54,武具,普通,普通,平氏,刀剑,75,77,34,19,49,2,2,1,0,0,1,2,1,1,0,0,0,0,0,0,0,无,强袭,无,一般条件,,,已登场,佐久间盛重,足轻大将,直臣,织田家,那古野城,无,已登场,佐久间盛重,城主,直臣,织田家,鸣海城,无,已登场,佐久间盛重,城主,直臣,织田家,鸣海城,无,已死亡,佐久间盛重,无效,无效,无,无效,无,已死亡,佐久间盛重,无效,无效,无,无效,无,已死亡,佐久间盛重,无效,无效,无,无效,无,已死亡,佐久间盛重,无效,无效,无,无效,无,已死亡,佐久间盛重,无效,无效,无,无效,无,已登场,佐久间盛重,浪人,其他,无,直江津之町,无,,,,"[{""stage"":"""",""tkid"":""340"",""ref"":""340_佐久间盛重_朝右.png"",""emotion"":0}]"
lord_1_sakuma_morimasa,,佐久間盛政,佐久间盛政,佐久间,341,Sakuma Morimasa,clan_sakuma_1,kinai,家族和文化自动推断,1,1553,1567,1583,病死,,柴田胜义,柴田胜家 柴田胜丰,全职种,85,85,性急,勇敢,理想,轻率,重视情义,74,武具,贪心,嗜酒如命,平氏,刀剑,61,78,26,20,55,2,3,1,0,1,3,2,0,0,0,0,0,0,0,0,0,无,强袭，连续斩，拔突，刚力，铁壁,无,一般条件,府中三人众 前田利家/佐佐成政/不破光治,,未登场,佐久间盛政,足轻组头,陪臣（柴田胜家）,织田家,那古野城,无,未登场,佐久间盛政,足轻组头,陪臣（柴田胜家）,织田家,那古野城,无,未登场,佐久间盛政,足轻组头,直臣,织田家,清洲城,无,已登场,佐久间盛政,足轻组头,陪臣（柴田胜家）,织田家,岐阜城,无,已登场,佐久间盛政,足轻组头,陪臣（柴田胜家）,织田家,北之庄城,无,已登场,佐久间盛政,足轻大将,陪臣（柴田胜家）,织田家,北之庄城,无,已死亡,佐久间盛政,无效,无效,无,无效,无,已死亡,佐久间盛政,无效,无效,无,无效,无,已登场,佐久间盛政,浪人,其他,无,直江津之町,无,,,,"[{""stage"":"""",""tkid"":""341"",""ref"":""341_佐久间盛政_朝右.png"",""emotion"":0}]"
lord_1_sakenobe_2,,鮭延秀綱,鲑延秀纲,鲑延,342,Sakenobe Hidetsuna,clan_sakenobe_1,ou,精确匹配织丰,1,1562,1576,1646,病死,,,,只限武将,64,64,温和,胆小,普通,慎重,普通,55,艺术品,普通,普通,其他,刀剑,45,54,41,57,55,1,2,1,0,1,0,1,1,0,1,0,0,1,2,1,0,无,强袭,无,一般条件,,,未登场,鲑延秀纲,城主,直臣,小野寺家,鲑延城,无,未登场,鲑延秀纲,家老,直臣,小野寺家,横手城,无,未登场,鲑延秀纲,城主,直臣,小野寺家,鲑延城,无,未登场,鲑延秀纲,城主,直臣,小野寺家,鲑延城,无,未登场,鲑延秀纲,城主,直臣,小野寺家,鲑延城,无,已登场,鲑延秀纲,城主,直臣,最上家,鲑延城,无,已登场,鲑延秀纲,城主,直臣,最上家,鲑延城,无,已登场,鲑延秀纲,城主,直臣,最上家,鲑延城,无,已登场,鲑延秀纲,头领,首领,柏崎水军,柏崎之砦,无,,,,"[{""stage"":"""",""tkid"":""342"",""ref"":""342_鲑延秀纲_朝右.png"",""emotion"":0}]"
lord_1_sasaki_kojiroo,,佐佐木小次郎,佐佐木小次郎,佐佐木,343,Sasaki Kojiroo,clan_sasaki_1,neutral_culture,基于分组自动创建家族,1,1586,1598,1612,战死,,,,没那个意思,60,60,性急,勇敢,理想,轻率,不重情义,92,艺术品,贪心,嗜酒如命,源氏,刀剑,35,94,4,11,66,2,0,1,0,2,4,4,0,0,0,0,0,1,0,1,0,无,强袭，连续斩，切落，绝妙剑，拔突，刚弓，金翅鸟王剑，当身，燕返，刚力，独妙剑，铁壁,剑豪,不可,,主角宫本武藏，剧情流程,未登场,佐佐木小次郎,浪人,其他,无,敦贺之町,钟卷流,未登场,佐佐木小次郎,浪人,其他,无,敦贺之町,钟卷流,未登场,佐佐木小次郎,浪人,其他,无,敦贺之町,钟卷流,未登场,佐佐木小次郎,浪人,其他,无,敦贺之町,钟卷流,未登场,佐佐木小次郎,浪人,其他,无,敦贺之町,钟卷流,未登场,佐佐木小次郎,浪人,其他,无,敦贺之町,钟卷流,未登场,佐佐木小次郎,浪人,其他,无,敦贺之町,钟卷流,已登场,佐佐木小次郎,浪人,其他,无,敦贺之町,钟卷流,已登场,佐佐木小次郎,足轻大将,直臣,小笠原家,小仓城,严流,,,,"[{""stage"":"""",""tkid"":""343"",""ref"":""343_佐佐木小次郎_朝右.png"",""emotion"":0}]"
lord_1_sasabe_kanjiro,,笹部勘二郎,笹部勘二郎,笹部,344,Sasabe Kanjiro,clan_sasabe_1,sanyo,基于分组自动创建家族,1,1510,1554,1579,战死,,,,只限武将,60,60,普通,勇敢,普通,轻率,重视情义,31,武具,普通,普通,其他,刀剑,56,59,39,48,53,1,2,2,0,1,2,2,1,0,0,0,0,0,0,0,0,无,强袭，拔突，铁壁,无,无要求,,,已登场,笹部勘二郎,部将,直臣,浦上家,天神山城,无,已登场,笹部勘二郎,部将,直臣,浦上家,天神山城,无,已登场,笹部勘二郎,部将,直臣,浦上家,天神山城,无,已登场,笹部勘二郎,部将,直臣,浦上家,天神山城,无,已登场,笹部勘二郎,部将,直臣,浦上家,天神山城,无,已死亡,笹部勘二郎,无效,无效,无,无效,无,已死亡,笹部勘二郎,无效,无效,无,无效,无,已死亡,笹部勘二郎,无效,无效,无,无效,无,已登场,笹部勘二郎,足轻大将,直臣,二阶堂家,金泽城,无,,,,"[{""stage"":"""",""tkid"":""344"",""ref"":""344_笹部勘二郎_朝右.png"",""emotion"":0}]"
lord_1_sase_motoyoshi,,佐世元嘉,佐世元嘉,佐世,345,Sase Motoyoshi,clan_sase_1,sanyo,基于分组自动创建家族,1,1546,1560,1620,病死,,,,全职种,36,36,温和,普通,普通,慎重,不重情义,31,艺术品,无欲,滴酒不沾,其他,刀剑,23,19,61,55,56,0,0,0,0,0,0,0,0,2,1,1,2,1,1,0,0,无,强袭,无,无要求,,,未登场,佐世元嘉,足轻大将,直臣,毛利家,吉田郡山城,无,未登场,佐世元嘉,足轻大将,直臣,尼子家,月山富田城,无,已登场,佐世元嘉,足轻大将,直臣,尼子家,月山富田城,无,已登场,佐世元嘉,足轻大将,直臣,毛利家,吉田郡山城,无,已登场,佐世元嘉,足轻大将,直臣,毛利家,吉田郡山城,无,已登场,佐世元嘉,足轻大将,直臣,毛利家,吉田郡山城,无,已登场,佐世元嘉,足轻大将,直臣,毛利家,吉田郡山城,无,已登场,佐世元嘉,足轻大将,直臣,毛利家,广岛城,无,已登场,佐世元嘉,浪人,其他,无,鸟取之町,无,,,,"[{""stage"":"""",""tkid"":""345"",""ref"":""345_佐世元嘉_朝右.png"",""emotion"":0}]"
dead_lord_1_satake_2,,佐竹義昭,佐竹义昭,佐竹,346,Satake Yoshiaki,clan_satake_1,kanto,精确匹配织丰,1,1531,1554,1565,病死,,,芦名盛重 宇都宫国纲 佐竹义重,只限武将,20,20,普通,普通,现实,轻率,不重情义,71,武具,无欲,普通,源氏,刀剑,70,49,78,64,67,2,2,0,1,2,2,2,0,1,2,1,1,2,1,1,1,无,强袭，拔突，刚弓，铁壁,无,一般条件,,,已登场,佐竹义昭,大名,首领,佐竹家,太田城,无,已登场,佐竹义昭,大名,首领,佐竹家,太田城,无,已登场,佐竹义昭,大名,首领,佐竹家,太田城,无,已死亡,佐竹义昭,无效,无效,无,无效,无,已死亡,佐竹义昭,无效,无效,无,无效,无,已死亡,佐竹义昭,无效,无效,无,无效,无,已死亡,佐竹义昭,无效,无效,无,无效,无,已死亡,佐竹义昭,无效,无效,无,无效,无,已登场,佐竹义昭,伙计,直臣,吴服屋,堺之町,无,,,,"[{""stage"":"""",""tkid"":""346"",""ref"":""346_佐竹义昭_朝右.png"",""emotion"":0}]"
lord_1_satake,,佐竹義重,佐竹义重,佐竹,347,Satake Yoshishige,clan_satake_1,kanto,精确匹配织丰,1,1547,1561,1612,病死,佐竹义昭,,芦名盛重 宇都宫国纲 佐竹义昭 佐竹义宣,只限武将,20,20,普通,勇敢,普通,轻率,普通,69,武具,普通,普通,源氏,刀剑,81,72,78,82,81,3,4,2,1,2,3,3,1,2,2,4,3,1,0,1,1,无,强袭，连续斩，拔突，刚弓，刚力，铁壁，丢钱,无,一般条件,,,未登场,佐竹义重,家老,直臣,佐竹家,太田城,阴流,未登场,佐竹义重,部将,陪臣（佐竹义昭）,佐竹家,太田城,阴流,已登场,佐竹义重,家老,直臣,佐竹家,太田城,阴流,已登场,佐竹义重,大名,首领,佐竹家,太田城,阴流,已登场,佐竹义重,大名,首领,佐竹家,太田城,阴流,已登场,佐竹义重,大名,首领,佐竹家,太田城,阴流,已登场,佐竹义重,大名,首领,佐竹家,水户城,阴流,已登场,佐竹义重,家老,直臣,佐竹家,水户城,阴流,已登场,佐竹义重,当家,首领,五金屋,京之町,阴流,,,,"[{""stage"":"""",""tkid"":""347"",""ref"":""347_佐竹义重_朝右.png"",""emotion"":0}]"
lord_1_satake_yoshinobu,,佐竹義宣,佐竹义宣,佐竹,348,Satake Yoshinobu,clan_satake_1,kanto,家族和文化自动推断,1,1570,1584,1633,病死,佐竹义重,,芦名盛重 佐竹义重,只限武将,20,20,性急,普通,现实,轻率,不重情义,86,武具,贪心,普通,源氏,刀剑,69,64,76,65,70,3,3,2,0,2,2,3,0,1,1,4,2,2,2,3,1,无,强袭，拔突，刚弓，铁壁,无,一般条件,,,未登场,佐竹义宣,部将,陪臣（佐竹义重）,佐竹家,太田城,无,未登场,佐竹义宣,部将,陪臣（佐竹义重）,佐竹家,太田城,无,未登场,佐竹义宣,足轻组头,陪臣（佐竹义重）,佐竹家,太田城,无,未登场,佐竹义宣,部将,陪臣（佐竹义重）,佐竹家,太田城,无,未登场,佐竹义宣,部将,陪臣（佐竹义重）,佐竹家,太田城,无,未登场,佐竹义宣,家老,直臣,佐竹家,太田城,无,已登场,佐竹义宣,家老,直臣,佐竹家,水户城,无,已登场,佐竹义宣,大名,首领,佐竹家,水户城,无,已登场,佐竹义宣,伙计,直臣,五金屋,京之町,无,,,,"[{""stage"":"""",""tkid"":""348"",""ref"":""348_佐竹义宣_朝右.png"",""emotion"":0}]"
lord_1_satake_4,,佐竹義久,佐竹义久,佐竹,349,Satake Yoshihisa,clan_satake_1,kanto,精确匹配织丰,1,1541,1555,1601,病死,,,,只限武将,20,20,温和,普通,普通,慎重,重视情义,21,书籍,无欲,滴酒不沾,源氏,刀剑,27,29,64,78,66,0,0,0,0,0,1,1,0,0,3,2,2,3,3,2,1,无,强袭,无,无要求,,,未登场,佐竹义久,侍大将,直臣,佐竹家,太田城,无,未登场,佐竹义久,侍大将,直臣,佐竹家,太田城,无,已登场,佐竹义久,侍大将,直臣,佐竹家,太田城,无,已登场,佐竹义久,侍大将,直臣,佐竹家,太田城,无,已登场,佐竹义久,侍大将,直臣,佐竹家,太田城,无,已登场,佐竹义久,侍大将,直臣,佐竹家,太田城,无,已登场,佐竹义久,侍大将,直臣,佐竹家,水户城,无,已登场,佐竹义久,部将,直臣,佐竹家,水户城,无,已登场,佐竹义久,当家,首领,吴服屋,堺之町,无,,,,"[{""stage"":"""",""tkid"":""349"",""ref"":""349_佐竹义久_朝右.png"",""emotion"":0}]"
lord_1_sada_hikosaburoo,,佐田彥四郎,佐田彦四郎,佐田,350,Sada Hikosaburoo,clan_sada_1,neutral_culture,基于分组自动创建家族,1,1544,1558,1600,病死,,,,武将以外优先,30,30,普通,普通,现实,轻率,普通,30,武具,普通,普通,其他,锁镰,58,73,11,61,21,3,1,2,1,2,3,0,3,0,0,2,0,0,0,0,0,鬼谋，红莲之术，错乱之术,强袭，连续斩，拔突，二连苦无，半月，千鸟，刚弓，刚力，铁壁,无,无要求,,,未登场,佐田彦四郎,上忍,直臣,外闻众,外闻之里,无,未登场,佐田彦四郎,上忍,直臣,外闻众,外闻之里,无,已登场,佐田彦四郎,上忍,直臣,外闻众,外闻之里,无,已登场,佐田彦四郎,上忍,直臣,外闻众,外闻之里,无,已登场,佐田彦四郎,上忍,直臣,外闻众,外闻之里,无,已登场,佐田彦四郎,上忍,直臣,外闻众,外闻之里,无,已登场,佐田彦四郎,上忍,直臣,外闻众,外闻之里,无,已登场,佐田彦四郎,头目,首领,外闻众,外闻之里,无,已登场,佐田彦四郎,家老,直臣,茶屋家,岐阜城,无,,,,"[{""stage"":"""",""tkid"":""350"",""ref"":""350_佐田彦四郎_朝右.png"",""emotion"":0}]"
lord_1_sassa_narimasa,,佐佐成政,佐佐成政,佐佐,351,Sassa Narimasa,clan_sassa_1,hokuriku,基于分组自动创建家族,1,1539,1554,1588,战死,,,,只限武将,88,88,性急,普通,理想,轻率,普通,71,武具,普通,普通,源氏,枪,74,74,48,42,52,2,3,3,0,1,3,2,0,2,1,1,0,2,0,2,0,无,强袭，连续斩，拔突，粘花，急所击，卷枪，引落，柄返，刚力，铁壁,无,一般条件,,,未登场,佐佐成政,足轻组头,直臣,织田家,那古野城,无,已登场,佐佐成政,侍大将,直臣,织田家,清洲城,无,已登场,佐佐成政,侍大将,直臣,织田家,清洲城,无,已登场,佐佐成政,侍大将,直臣,织田家,岐阜城,无,已登场,佐佐成政,侍大将,直臣,织田家,岐阜城,无,已登场,佐佐成政,城主,直臣,织田家,富山城,无,已登场,佐佐成政,大名,首领,佐佐家,富山城,无,已死亡,佐佐成政,无效,无效,无,无效,无,已登场,佐佐成政,浪人,其他,无,清洲之町,无,,,,"[{""stage"":"""",""tkid"":""351"",""ref"":""351_佐佐成政_朝右.png"",""emotion"":0}]"
lord_1_satomi_2,,里見義堯,里见义尧,里见,352,Satomi Yoshitaka,clan_satomi_1,kanto,精确匹配织丰,1,1512,1554,1574,病死,,,里见义弘,全职种,33,33,性急,勇敢,理想,普通,普通,73,南蛮物,贪心,普通,源氏,刀剑,68,62,55,79,62,2,2,0,2,1,1,2,0,0,1,2,1,1,2,1,2,无,强袭,无,一般条件,,,已登场,里见义尧,大名,首领,里见家,久留里城,无,已登场,里见义尧,大名,首领,里见家,久留里城,无,已登场,里见义尧,大名,首领,里见家,久留里城,无,已登场,里见义尧,大名,首领,里见家,久留里城,无,已死亡,里见义尧,无效,无效,无,无效,无,已死亡,里见义尧,无效,无效,无,无效,无,已死亡,里见义尧,无效,无效,无,无效,无,已死亡,里见义尧,无效,无效,无,无效,无,已登场,里见义尧,浪人,其他,无,府内之町,无,,,,"[{""stage"":"""",""tkid"":""352"",""ref"":""352_里见义尧_朝右.png"",""emotion"":0}]"
lord_1_satomi,,里見義弘,里见义弘,里见,353,Satomi Yoshihiro,clan_satomi_1,kanto,精确匹配织丰,1,1530,1554,1578,病死,里见义尧,,里见义尧 里见义赖,全职种,33,33,性急,胆小,普通,慎重,普通,70,艺术品,普通,普通,源氏,刀剑,63,51,63,62,64,1,2,1,2,1,2,0,0,0,1,0,1,1,2,2,0,无,强袭，拔突，铁壁,无,一般条件,,,已登场,里见义弘,家老,直臣,里见家,久留里城,无,已登场,里见义弘,家老,直臣,里见家,久留里城,无,已登场,里见义弘,家老,直臣,里见家,久留里城,无,已登场,里见义弘,家老,直臣,里见家,久留里城,无,已登场,里见义弘,大名,首领,里见家,久留里城,无,已死亡,里见义弘,无效,无效,无,无效,无,已死亡,里见义弘,无效,无效,无,无效,无,已死亡,里见义弘,无效,无效,无,无效,无,已登场,里见义弘,浪人,其他,无,鹿屋之町,无,,,,"[{""stage"":"""",""tkid"":""353"",""ref"":""353_里见义弘_朝右.png"",""emotion"":0}]"
lord_1_satomi_yoshiyasu,,裡見義康,里见义康,里见,354,Satomi Yoshiyasu,clan_satomi_1,kanto,家族和文化自动推断,1,1573,1587,1603,病死,里见义赖,,里见义赖,全职种,33,33,温和,胆小,普通,轻率,普通,43,书籍,普通,普通,源氏,刀剑,39,40,49,38,51,0,0,1,1,0,0,1,0,0,1,0,0,0,1,0,1,无,强袭,无,无要求,,,未登场,里见义康,足轻组头,陪臣（里见义赖）,里见家,久留里城,无,未登场,里见义康,足轻组头,陪臣（里见义赖）,里见家,久留里城,无,未登场,里见义康,足轻组头,陪臣（里见义赖）,里见家,久留里城,无,未登场,里见义康,足轻组头,陪臣（里见义赖）,里见家,久留里城,无,未登场,里见义康,足轻组头,陪臣（里见义赖）,里见家,久留里城,无,未登场,里见义康,足轻组头,直臣,里见家,久留里城,无,已登场,里见义康,大名,首领,里见家,久留里城,无,已登场,里见义康,大名,首领,里见家,稻村城,无,已登场,里见义康,浪人,其他,无,岐阜之町,无,,,,"[{""stage"":"""",""tkid"":""354"",""ref"":""354_里见义康_朝右.png"",""emotion"":0}]"
lord_1_satomi_10,,裡見義賴,里见义赖,里见,355,Satomi Yoshiyori,clan_satomi_1,kanto,精确匹配织丰,1,1543,1557,1587,病死,里见义弘,,里见义弘 里见义康,全职种,33,33,温和,勇敢,现实,轻率,不重情义,66,武具,贪心,普通,源氏,刀剑,64,53,54,48,53,2,1,1,1,1,2,1,0,1,1,1,1,1,1,1,1,无,强袭，拔突，铁壁,无,无要求,,,未登场,里见义赖,部将,直臣,里见家,久留里城,无,未登场,里见义赖,部将,直臣,里见家,久留里城,无,已登场,里见义赖,部将,直臣,里见家,久留里城,无,已登场,里见义赖,部将,直臣,里见家,久留里城,无,已登场,里见义赖,家老,直臣,里见家,久留里城,无,已登场,里见义赖,大名,首领,里见家,久留里城,无,已登场,里见义赖,城主,直臣,里见家,胜浦城,无,已死亡,里见义赖,无效,无效,无,无效,无,已登场,里见义赖,浪人,其他,无,土崎凑之町,无,,,,"[{""stage"":"""",""tkid"":""355"",""ref"":""355_里见义赖_朝右.png"",""emotion"":0}]"
lord_1_sanada,,真田信綱,真田信纲,真田,356,Sanada Nobutsuna,clan_sanada_1,tosan,精确匹配织丰,1,1537,1554,1575,战死,真田幸隆,真田赖昌,真田信幸 真田昌辉 真田昌幸 真田幸隆 真田幸村 矢泽赖纲 矢泽赖康 真田信尹,只限武将,60,60,性急,勇敢,普通,轻率,普通,56,武具,无欲,普通,源氏,枪,78,75,35,45,78,2,3,1,0,1,3,2,1,0,0,1,0,1,1,0,0,六文钱,强袭，连续斩，拔突，粘花，卷枪，引落，柄返，刚力，铁壁,无,无要求,,,未登场,真田信纲,侍大将,陪臣（真田幸隆）,武田家,踯躅崎馆,无,已登场,真田信纲,侍大将,陪臣（真田幸隆）,武田家,户石城,无,已登场,真田信纲,侍大将,陪臣（真田幸隆）,武田家,户石城,无,已登场,真田信纲,侍大将,陪臣（真田幸隆）,武田家,户石城,无,已登场,真田信纲,城主,直臣,武田家,户石城,无,已死亡,真田信纲,无效,无效,无,无效,无,已死亡,真田信纲,无效,无效,无,无效,无,已死亡,真田信纲,无效,无效,无,无效,无,已登场,真田信纲,浪人,其他,无,小滨之町,无,,,,"[{""stage"":"""",""tkid"":""356"",""ref"":""356_真田信纲_朝右.png"",""emotion"":0}]"
lord_1_sanada_taneju,,真田信幸,真田信幸,真田,357,Sanada Taneju,clan_sanada_1,tosan,家族和文化自动推断,1,1566,1580,1658,病死,真田昌幸,真田幸隆,真田信纲 真田昌辉 真田昌幸 真田幸隆 真田幸村 真田信尹,只限武将,62,86,温和,胆小,现实,慎重,重视情义,44,书籍,无欲,普通,源氏,刀剑,65,62,73,80,71,1,2,1,0,1,1,1,0,2,2,1,1,3,3,2,2,六文钱,强袭,无,一般条件,,,未登场,真田信幸,足轻组头,陪臣（真田昌幸）,武田家,踯躅崎馆,无,未登场,真田信幸,足轻组头,陪臣（真田昌幸）,武田家,户石城,无,未登场,真田信幸,足轻组头,陪臣（真田昌幸）,武田家,户石城,无,未登场,真田信幸,足轻组头,陪臣（真田昌幸）,武田家,户石城,无,未登场,真田信幸,足轻组头,陪臣（真田信纲）,武田家,户石城,无,已登场,真田信幸,足轻组头,陪臣（真田昌幸）,武田家,上田城,无,已登场,真田信幸,城主,直臣,真田家,沼田城,无,已登场,真田信幸,城主,直臣,真田家,沼田城,无,已登场,真田信之,浪人,其他,无,柳川之町,无,,,,"[{""stage"":"""",""tkid"":""357"",""ref"":""357_真田信幸_朝右.png"",""emotion"":0}]"
lord_1_sanada_4,,真田昌輝,真田昌辉,真田,358,Sanada Masateru,clan_sanada_1,tosan,精确匹配织丰,1,1544,1558,1575,战死,真田幸隆,真田赖昌,真田信纲 真田信幸 真田昌幸 真田幸隆 真田幸村 矢泽赖纲 矢泽赖康 真田信尹,只限武将,60,60,性急,勇敢,理想,轻率,普通,61,武具,贪心,嗜酒如命,源氏,枪,68,78,35,44,76,3,3,1,0,1,3,3,0,1,0,0,0,0,0,0,1,六文钱,强袭，连续斩，拔突，粘花，卷枪，引落，柄返，刚力，铁壁,无,无要求,,,未登场,真田昌辉,侍大将,陪臣（真田幸隆）,武田家,踯躅崎馆,无,未登场,真田昌辉,侍大将,陪臣（真田幸隆）,武田家,户石城,无,已登场,真田昌辉,侍大将,陪臣（真田幸隆）,武田家,户石城,无,已登场,真田昌辉,侍大将,陪臣（真田幸隆）,武田家,户石城,无,已登场,真田昌辉,部将,陪臣（真田信纲）,武田家,户石城,无,已死亡,真田昌辉,无效,无效,无,无效,无,已死亡,真田昌辉,无效,无效,无,无效,无,已死亡,真田昌辉,无效,无效,无,无效,无,已登场,真田昌辉,浪人,其他,无,鹿屋之町,无,,,,"[{""stage"":"""",""tkid"":""358"",""ref"":""358_真田昌辉_朝右.png"",""emotion"":0}]"
lord_1_sanada_6,,真田昌幸,真田昌幸,真田,359|1161,Sanada Masayuki,clan_sanada_1,tosan,精确匹配织丰,1,1547,1561,1611,病死,真田幸隆,真田赖昌,真田信纲 真田信幸 真田昌辉 真田幸隆 真田幸村 矢泽赖纲 矢泽赖康 真田信尹,只限武将,49,49,普通,勇敢,普通,慎重,不重情义,87,书籍,贪心,普通,源氏,刀剑,90,75,88,96,88,3,3,2,0,3,2,4,3,2,2,2,3,2,3,1,0,钓野伏，六文钱，风林火山，鬼谋，错乱之术，伪情报,强袭，拔突，二连苦无，半月，刚弓，铁壁，丢钱,策士，雄辩,不可,,"主角真田幸村，剧情昌幸死去
    主角徳川秀忠，关原之战胜利",未登场,真田昌幸,足轻大将,陪臣（真田幸隆）,武田家,踯躅崎馆,无,未登场,真田昌幸,足轻大将,陪臣（真田幸隆）,武田家,户石城,无,已登场,真田昌幸,足轻大将,陪臣（真田幸隆）,武田家,户石城,无,已登场,真田昌幸,足轻大将,陪臣（真田幸隆）,武田家,户石城,无,已登场,真田昌幸,侍大将,陪臣（真田信纲）,武田家,户石城,无,已登场,真田昌幸,国主,直臣,武田家,上田城,无,已登场,真田昌幸,大名,首领,真田家,上田城,无,已登场,真田昌幸,大名,首领,真田家,上田城,无,已登场,真田昌幸,浪人,其他,无,诹访之町,无,,,"[{""stage"":""谋"",""tkid"":""359"",""ref"":"""",""emotion"":1},{""stage"":""老"",""tkid"":""1161"",""ref"":"""",""emotion"":1}]","[{""stage"":""谋"",""tkid"":""359"",""ref"":""359_真田昌幸_朝右.png"",""emotion"":1},{""stage"":""老"",""tkid"":""1161"",""ref"":""1161_真田昌幸_朝右.png"",""emotion"":1}]"
lord_1_sanada_yukitaka,,真田幸隆,真田幸隆,真田,360,Sanada Yukitaka,clan_sanada_1,tosan,家族和文化自动推断,1,1513,1554,1574,病死,真田赖昌,,真田信纲 真田信幸 真田昌辉 真田昌幸 真田幸村 矢泽赖纲 矢泽赖康 真田信尹,只限武将,59,59,普通,普通,普通,普通,普通,81,书籍,贪心,普通,源氏,刀剑,80,63,75,94,80,2,3,2,0,1,1,3,3,3,1,3,2,2,3,1,2,六文钱，幻惑之术，内讧之术,强袭，二连苦无，半月,无,一般条件,,,已登场,真田幸隆,家老,直臣,武田家,踯躅崎馆,无,已登场,真田幸隆,城主,直臣,武田家,户石城,无,已登场,真田幸隆,城主,直臣,武田家,户石城,无,已登场,真田幸隆,城主,直臣,武田家,户石城,无,已死亡,真田幸隆,无效,无效,无,无效,无,已死亡,真田幸隆,无效,无效,无,无效,无,已死亡,真田幸隆,无效,无效,无,无效,无,已死亡,真田幸隆,无效,无效,无,无效,无,已登场,真田幸隆,浪人,其他,无,木更津之町,无,,,,"[{""stage"":"""",""tkid"":""360"",""ref"":""360_真田幸隆_朝右.png"",""emotion"":0}]"
lord_1_sanada_9,,真田幸村,真田幸村,真田,361|1162,Sanada Nobushige,clan_sanada_1,tosan,精确匹配织丰,1,1567,1581,1615,战死,真田昌幸,真田幸隆,真田信纲 真田信幸 真田昌辉 真田昌幸 真田幸隆 真田信尹,只限武将,49,49,温和,勇敢,理想,轻率,重视情义,71,武具,无欲,普通,源氏,枪,98,86,44,87,91,4,4,3,0,2,3,4,3,0,0,1,2,2,1,1,0,齐攻，骑射突击，城门爆破，六文钱，风林火山，影武者，破技之术,强袭，连续斩，拔突，粘花，二连苦无，半月，急所击，刚弓，卷枪，引落，柄返，刚力，铁壁,策士,不可,赤备的传统 饭富虎昌/山县昌景/井伊直政,"主角真田信幸，剧情真田分家
    主角德川家康，大阪夏之阵胜利",未登场,真田信繁,足轻组头,陪臣（真田昌幸）,武田家,踯躅崎馆,无,未登场,真田信繁,足轻组头,陪臣（真田昌幸）,武田家,户石城,无,未登场,真田信繁,足轻组头,陪臣（真田昌幸）,武田家,户石城,无,未登场,真田信繁,足轻组头,陪臣（真田昌幸）,武田家,户石城,无,未登场,真田信繁,足轻组头,陪臣（真田信纲）,武田家,户石城,无,已登场,真田信繁,足轻组头,陪臣（真田昌幸）,武田家,上田城,无,已登场,真田信繁,家老,直臣,真田家,上田城,无,已登场,真田幸村,家老,直臣,真田家,上田城,无,已登场,真田幸村,浪人,其他,无,宇须岸之町,无,,光荣版经典形象（太阁5）：青年武者，赤红具足配鹿角形兜盔与红缨，胸甲缀六文钱家纹，执长枪，浓眉重目、英气凛冽，意气风发,"[{""stage"":""出阵"",""tkid"":""361"",""ref"":"""",""emotion"":1},{""stage"":""朝"",""tkid"":""1162"",""ref"":"""",""emotion"":1}]","[{""stage"":""出阵"",""tkid"":""361"",""ref"":""361_真田幸村_朝右.png"",""emotion"":1},{""stage"":""朝"",""tkid"":""1162"",""ref"":""1162_真田幸村_朝右.png"",""emotion"":1}]"
lord_1_sano_8,,佐野房綱,佐野房纲,佐野,362,Sano Fusatsuna,clan_sano_1,kanto,精确匹配织丰,1,1558,1572,1601,病死,,,,全职种,40,40,性急,勇敢,普通,轻率,普通,67,武具,普通,普通,藤原氏,刀剑,26,87,31,26,42,1,1,1,0,2,4,1,0,1,1,1,0,0,2,2,2,无,强袭，连续斩，拔突，刚弓，当身，刚力，铁壁,剑客,一般条件,,,未登场,佐野房纲,足轻组头,直臣,结城家,结城城,无,未登场,佐野房纲,足轻组头,直臣,结城家,结城城,无,未登场,佐野房纲,足轻组头,直臣,结城家,结城城,无,已登场,佐野房纲,足轻组头,直臣,结城家,结城城,无,已登场,佐野房纲,足轻组头,直臣,结城家,结城城,无,已登场,佐野房纲,足轻大将,直臣,结城家,结城城,无,已登场,佐野房纲,足轻大将,直臣,结城家,结城城,无,已登场,佐野房纲,浪人,其他,无,足利之町,无,已登场,佐野房纲,浪人,其他,无,赤间关之町,无,,,,"[{""stage"":"""",""tkid"":""362"",""ref"":""362_佐野房纲_朝右.png"",""emotion"":0}]"
lord_1_saburi_inosuke,,佐分利豬之助,佐分利猪之助,佐分利,363,Saburi Inosuke,clan_saburi_1,neutral_culture,基于分组自动创建家族,1,1570,1584,1629,病死,,,,没那个意思,96,96,普通,普通,普通,普通,重视情义,41,武具,无欲,普通,其他,枪,63,90,23,59,56,3,1,2,1,1,4,2,2,0,0,0,0,0,0,0,0,无,强袭，连续斩，拔突，粘花，二连苦无，卷枪，飞鸟，引落，当身，柄返，刚力，铁壁，辱骂，大喝,枪术高手,一般条件,,,未登场,佐分利猪之助,浪人,其他,无,大凑之町,无,未登场,佐分利猪之助,浪人,其他,无,大凑之町,无,未登场,佐分利猪之助,浪人,其他,无,大凑之町,无,未登场,佐分利猪之助,浪人,其他,无,大凑之町,无,未登场,佐分利猪之助,浪人,其他,无,大凑之町,无,未登场,佐分利猪之助,浪人,其他,无,大凑之町,无,已登场,佐分利猪之助,浪人,其他,无,大凑之町,无,已登场,佐分利猪之助,师范,其他,无,大凑之町,佐分利流,已登场,佐分利猪之助,中忍,直臣,根来众,根来之里,无,,,,"[{""stage"":"""",""tkid"":""363"",""ref"":""363_佐分利猪之助_朝右.png"",""emotion"":0}]"
lord_1_sarutobi_sasuke,,猿飛佐助,猿飞佐助,猿飞,364,Sarutobi Sasuke,clan_sarutobi_1,neutral_culture,基于分组自动创建家族,1,1588,1598,1615,战死,,,,武将以外优先,49,49,性急,勇敢,理想,慎重,重视情义,54,艺术品,贪心,普通,其他,苦无,29,86,3,65,92,2,1,1,0,3,1,1,4,0,0,0,0,0,2,0,3,鬼谋，奈落之术，幻惑之术，内讧之术，伪情报,二连苦无，半月，刚弓，猛毒苦无，十字投，乱苦无，叠返之术，胧影之术，伤药,苦无高手,不可,,主角真田幸村，剧情十勇士集结,未登场,猿飞佐助,浪人,其他,无,诹访之町,无,未登场,猿飞佐助,浪人,其他,无,诹访之町,无,未登场,猿飞佐助,浪人,其他,无,诹访之町,无,未登场,猿飞佐助,浪人,其他,无,诹访之町,无,未登场,猿飞佐助,浪人,其他,无,诹访之町,无,未登场,猿飞佐助,浪人,其他,无,诹访之町,无,未登场,猿飞佐助,浪人,其他,无,诹访之町,无,已登场,猿飞佐助,下忍,直臣,甲贺众,甲贺之里,无,已登场,猿飞佐助,上忍,直臣,轩猿众,轩猿之里,无,,,,"[{""stage"":"""",""tkid"":""364"",""ref"":""364_猿飞佐助_朝右.png"",""emotion"":0}]"
lord_1_saruwatari_nobumitsu,,猿渡信光,猿渡信光,猿渡,365,Saruwatari Nobumitsu,clan_saruwatari_1,saikai,基于分组自动创建家族,1,1534,1554,1587,战死,,,,全职种,30,30,普通,普通,普通,普通,普通,31,武具,普通,普通,其他,刀剑,68,41,42,40,38,1,2,2,0,0,0,1,0,0,0,0,0,0,0,0,1,无,强袭,无,无要求,,,已登场,猿渡信光,侍大将,直臣,岛津家,内城,无,已登场,猿渡信光,侍大将,直臣,岛津家,内城,无,已登场,猿渡信光,侍大将,直臣,岛津家,内城,无,已登场,猿渡信光,侍大将,直臣,岛津家,内城,无,已登场,猿渡信光,侍大将,直臣,岛津家,内城,无,已登场,猿渡信光,侍大将,直臣,岛津家,内城,无,已登场,猿渡信光,侍大将,直臣,岛津家,内城,无,已死亡,猿渡信光,无效,无效,无,无效,无,已登场,猿渡信光,头目,首领,轩猿众,轩猿之里,无,,,,"[{""stage"":"""",""tkid"":""365"",""ref"":""365_猿渡信光_朝右.png"",""emotion"":0}]"
lord_1_yamamotoji_sadanaga,,山本寺定長,山本寺定长,山本寺,366,Yamamotoji Sadanaga,clan_yamamotoji_1,hokuriku,基于分组自动创建家族,1,1525,1554,1578,病死,,,,全职种,15,80,普通,勇敢,普通,慎重,普通,59,武具,无欲,普通,其他,枪,67,80,27,36,47,2,2,1,0,3,1,1,1,0,1,1,0,0,1,0,1,无,拔突，刚弓,无,无要求,,,已登场,山本寺定长,部将,直臣,长尾家,春日山城,无,已登场,山本寺定长,部将,直臣,长尾家,春日山城,无,已登场,山本寺定长,部将,直臣,长尾家,春日山城,无,已登场,山本寺定长,部将,直臣,上杉家,春日山城,无,已登场,山本寺定长,部将,直臣,上杉家,春日山城,无,已死亡,山本寺定长,无效,无效,无,无效,无,已死亡,山本寺定长,无效,无效,无,无效,无,已死亡,山本寺定长,无效,无效,无,无效,无,已登场,山本寺定长,家老,直臣,山中家,江户城,无,,,,"[{""stage"":"""",""tkid"":""366"",""ref"":""366_山本寺定长_朝正.png"",""emotion"":0}]"
lord_1_shiina_yasuyuki,,椎名康胤,椎名康胤,椎名,367,Shiina Yasuyuki,clan_shiina_1,hokuriku,基于分组自动创建家族,1,1514,1554,1576,战死,,,,全职种,90,90,普通,胆小,现实,轻率,不重情义,70,书籍,贪心,嗜酒如命,平氏,刀剑,31,37,33,29,27,1,2,0,0,0,1,0,0,0,0,0,0,0,1,1,0,无,强袭,无,一般条件,,,已登场,椎名康胤,城主,直臣,长尾家,鱼津城,无,已登场,椎名康胤,城主,直臣,长尾家,鱼津城,无,已登场,椎名康胤,城主,直臣,长尾家,鱼津城,无,已登场,椎名康胤,大名,首领,椎名家,鱼津城,无,已登场,椎名康胤,大名,首领,椎名家,鱼津城,无,已死亡,椎名康胤,无效,无效,无,无效,无,已死亡,椎名康胤,无效,无效,无,无效,无,已死亡,椎名康胤,无效,无效,无,无效,无,已登场,椎名康胤,浪人,其他,无,岐阜之町,无,,,,"[{""stage"":"""",""tkid"":""367"",""ref"":""367_椎名康胤_朝右.png"",""emotion"":0}]"
lord_1_shiga_chikatsugu,,志賀親次,志贺亲次,志贺,368,Shiga Chikatsugu,clan_shiga_1,saikai,基于分组自动创建家族,1,1566,1580,1603,病死,,志贺亲守,志贺亲守,只限武将,84,84,普通,勇敢,普通,普通,普通,55,南蛮物,普通,普通,藤原氏,刀剑,80,49,34,67,53,3,2,3,1,2,2,3,0,0,0,0,0,0,0,0,0,无,强袭，拔突，急所击，刚弓，铁壁,无,无要求,,,未登场,志贺亲次,足轻组头,陪臣（志贺亲守）,大友家,府内城,无,未登场,志贺亲次,足轻组头,陪臣（志贺亲守）,大友家,冈城,无,未登场,志贺亲次,足轻组头,陪臣（志贺亲守）,大友家,冈城,无,未登场,志贺亲次,足轻组头,陪臣（志贺亲守）,大友家,冈城,无,未登场,志贺亲次,足轻组头,陪臣（志贺亲守）,大友家,冈城,无,已登场,志贺亲次,足轻组头,陪臣（志贺亲守）,大友家,冈城,无,已登场,志贺亲次,足轻组头,陪臣（由布惟信）,大友家,冈城,无,已登场,志贺亲次,足轻大将,直臣,福岛家,清洲城,无,已登场,志贺亲次,浪人,其他,无,佐仓之町,无,,,,"[{""stage"":"""",""tkid"":""368"",""ref"":""368_志贺亲次_朝右.png"",""emotion"":0}]"
lord_1_shiga_chikamori,,志賀親守,志贺亲守,志贺,369,Shiga Chikamori,clan_shiga_1,saikai,基于分组自动创建家族,1,1511,1554,1592,战死,,,志贺亲次,只限武将,84,84,普通,胆小,普通,轻率,重视情义,21,武具,无欲,普通,藤原氏,刀剑,63,44,31,53,39,1,1,1,0,0,0,2,0,0,0,0,0,1,2,1,1,无,强袭,无,无要求,,,已登场,志贺亲守,家老,直臣,大友家,府内城,无,已登场,志贺亲守,城主,直臣,大友家,冈城,无,已登场,志贺亲守,城主,直臣,大友家,冈城,无,已登场,志贺亲守,城主,直臣,大友家,冈城,无,已登场,志贺亲守,城主,直臣,大友家,冈城,无,已登场,志贺亲守,城主,直臣,大友家,冈城,无,已登场,志贺亲守,家老,直臣,大友家,府内城,无,已死亡,志贺亲守,无效,无效,无,无效,无,已登场,志贺亲守,浪人,其他,无,鹿儿岛之町,无,,,,"[{""stage"":"""",""tkid"":""369"",""ref"":""369_志贺亲守_朝右.png"",""emotion"":0}]"
lord_1_shiganezawa_motouji,,繁澤元氏,繁泽元氏,繁泽,370,Shiganezawa Motouji,clan_shiganezawa_1,sanyo,基于分组自动创建家族,1,1556,1570,1631,病死,吉川元春,毛利元就,吉川广家 吉川元长 吉川元春 小早川隆景 小早川秀包 二宫就辰 穗井田元清 毛利隆元 毛利辉元 毛利元就 毛利秀元,只限武将,39,39,普通,普通,普通,慎重,普通,28,书籍,普通,普通,其他,刀剑,53,50,61,43,63,1,1,1,0,1,0,1,0,1,1,1,1,1,1,1,1,百万一心,强袭,无,无要求,,,未登场,繁泽元氏,足轻组头,陪臣（吉川元春）,毛利家,吉田郡山城,无,未登场,繁泽元氏,足轻组头,陪臣（毛利元就）,毛利家,吉田郡山城,无,未登场,繁泽元氏,足轻组头,陪臣（吉川元春）,毛利家,山吹城,无,未登场,繁泽元氏,足轻组头,陪臣（吉川元春）,毛利家,山吹城,无,已登场,繁泽元氏,足轻组头,陪臣（吉川元春）,毛利家,月山富田城,无,已登场,繁泽元氏,足轻组头,陪臣（吉川元春）,毛利家,月山富田城,无,已登场,繁泽元氏,足轻组头,陪臣（吉川元长）,毛利家,月山富田城,无,已登场,繁泽元氏,城主,直臣,毛利家,益田城,无,已登场,繁泽元氏,浪人,其他,无,京之町,无,,,,"[{""stage"":"""",""tkid"":""370"",""ref"":""370_繁泽元氏_朝右.png"",""emotion"":0}]"
lord_1_shishido_takayoshi,,宍戶隆家,宍户隆家,宍户,371,Shishido Takayoshi,clan_shishido_1,sanyo,基于分组自动创建家族,1,1518,1554,1592,病死,,,宍户元续,只限武将,36,36,普通,普通,理想,普通,重视情义,40,武具,普通,嗜酒如命,藤原氏,刀剑,60,55,51,49,60,1,2,1,0,1,1,2,0,0,1,1,1,1,1,1,1,无,强袭,无,一般条件,,,已登场,宍户隆家,部将,直臣,毛利家,吉田郡山城,无,已登场,宍户隆家,家老,直臣,毛利家,吉田郡山城,无,已登场,宍户隆家,家老,直臣,毛利家,吉田郡山城,无,已登场,宍户隆家,家老,直臣,毛利家,吉田郡山城,无,已登场,宍户隆家,家老,直臣,毛利家,吉田郡山城,无,已登场,宍户隆家,家老,直臣,毛利家,吉田郡山城,无,已登场,宍户隆家,家老,直臣,毛利家,吉田郡山城,无,已死亡,宍户隆家,无效,无效,无,无效,无,已登场,宍户隆家,浪人,其他,无,丸龟之町,无,,,,"[{""stage"":"""",""tkid"":""371"",""ref"":""371_宍户隆家_朝右.png"",""emotion"":0}]"
lord_1_shishido_baiken,,肉戶梅軒,宍户梅轩,宍户,372,Shishido Baiken,clan_shishido_1,sanyo,基于分组自动创建家族,1,1568,1582,1605,战死,,,,没那个意思,60,60,性急,普通,普通,轻率,重视情义,62,武具,贪心,嗜酒如命,其他,锁镰,13,85,9,29,27,0,0,0,0,0,3,0,3,0,0,1,0,0,0,0,0,无,强袭，连续斩，拔突，二连苦无，半月，千鸟，刚力，铁壁,锁镰名人,不可,,主角宫本武藏，剧情流程,未登场,宍户梅轩,浪人,其他,无,奈良之町,无,未登场,宍户梅轩,浪人,其他,无,奈良之町,无,未登场,宍户梅轩,浪人,其他,无,奈良之町,无,未登场,宍户梅轩,浪人,其他,无,奈良之町,无,未登场,宍户梅轩,浪人,其他,无,奈良之町,无,已登场,宍户梅轩,浪人,其他,无,奈良之町,无,已登场,宍户梅轩,浪人,其他,无,奈良之町,无,已登场,宍户梅轩,浪人,其他,无,大凑之町,无,已登场,宍户梅轩,当家,首领,豆腐屋,今治之町,无,,,,"[{""stage"":"""",""tkid"":""372"",""ref"":""372_宍户梅轩_朝正.png"",""emotion"":0}]"
lord_1_shishido_mototsugu,,宍戶元續,宍户元续,宍户,373,Shishido Mototsugu,clan_shishido_1,sanyo,基于分组自动创建家族,1,1563,1577,1631,病死,,宍户隆家,宍户隆家,只限武将,36,36,温和,普通,现实,慎重,普通,38,书籍,无欲,滴酒不沾,藤原氏,刀剑,49,44,58,37,62,1,1,1,0,1,1,1,0,1,1,0,0,1,1,1,1,无,强袭,无,无要求,,,未登场,宍户元续,足轻组头,陪臣（宍户隆家）,毛利家,吉田郡山城,无,未登场,宍户元续,足轻组头,陪臣（宍户隆家）,毛利家,吉田郡山城,无,未登场,宍户元续,足轻组头,陪臣（宍户隆家）,毛利家,吉田郡山城,无,未登场,宍户元续,足轻组头,陪臣（宍户隆家）,毛利家,吉田郡山城,无,未登场,宍户元续,足轻组头,陪臣（宍户隆家）,毛利家,吉田郡山城,无,已登场,宍户元续,足轻组头,陪臣（宍户隆家）,毛利家,吉田郡山城,无,已登场,宍户元续,足轻组头,陪臣（宍户隆家）,毛利家,吉田郡山城,无,已登场,宍户元续,家老,直臣,毛利家,广岛城,无,已登场,宍户元续,浪人,其他,无,丸龟之町,无,,,,"[{""stage"":"""",""tkid"":""373"",""ref"":""373_宍户元续_朝右.png"",""emotion"":0}]"
lord_1_shichijoo_kanenaka,,七條兼仲,七条兼仲,七条,374,Shichijoo Kanenaka,clan_shichijō_1,kinai,基于分组自动创建家族,1,1542,1556,1582,病死,,,,全职种,40,40,性急,勇敢,普通,轻率,普通,63,武具,贪心,普通,其他,刀剑,54,81,14,13,56,2,1,1,0,4,3,0,2,0,0,1,0,0,0,0,0,无,强袭，连续斩，拔突，二连苦无，刚弓，刚力，铁壁,无,无要求,,,未登场,七条兼仲,足轻大将,陪臣（三好长庆）,细川家,芥川城,无,未登场,七条兼仲,足轻大将,陪臣（三好义贤）,三好家,胜瑞城,无,已登场,七条兼仲,足轻大将,直臣,三好家,饭盛城,无,已登场,七条兼仲,足轻大将,直臣,三好家,胜瑞城,无,已登场,七条兼仲,足轻大将,直臣,三好家,胜瑞城,无,已登场,七条兼仲,足轻大将,直臣,十河家,十河城,无,已死亡,七条兼仲,无效,无效,无,无效,无,已死亡,七条兼仲,无效,无效,无,无效,无,已登场,七条兼仲,大名,首领,七条家,杂贺城,无,,,,"[{""stage"":"""",""tkid"":""374"",""ref"":""374_七条兼仲_朝右.png"",""emotion"":0}]"
lord_1_shichiri,,七裡賴周,七里赖周,七里,375,Shichiri Yorichika,clan_shichiri_1,hokuriku,精确匹配织丰,1,1530,1554,1580,病死,,,,全职种,50,50,性急,普通,现实,普通,普通,51,艺术品,贪心,普通,其他,枪,76,57,59,70,60,1,1,2,0,0,0,3,0,1,2,1,3,3,2,1,3,百发百中,拔突，伤药，丢钱,无,无要求,,,已登场,七里赖周,城主,直臣,本愿寺,尾山城,无,已登场,七里赖周,城主,直臣,本愿寺,尾山城,无,已登场,七里赖周,城主,直臣,本愿寺,尾山城,无,已登场,七里赖周,城主,直臣,本愿寺,尾山城,无,已登场,七里赖周,城主,直臣,本愿寺,尾山城,无,已死亡,七里赖周,无效,无效,无,无效,无,已死亡,七里赖周,无效,无效,无,无效,无,已死亡,七里赖周,无效,无效,无,无效,无,已登场,七里赖周,家老,直臣,七条家,杂贺城,无,,,,"[{""stage"":"""",""tkid"":""375"",""ref"":""375_七里赖周_朝右.png"",""emotion"":0}]"
lord_1_shinohara_nagafusa,,篠原長房,篠原长房,篠原,376,Shinohara Nagafusa,clan_shinohara_1,kinai,基于分组自动创建家族,1,1513,1554,1573,战死,,,,只限武将,50,50,性急,普通,普通,轻率,普通,64,南蛮物,贪心,嗜酒如命,其他,刀剑,45,37,70,56,64,1,1,1,1,1,1,1,1,1,2,0,3,0,0,0,0,无,强袭，丢钱,无,一般条件,,,已登场,篠原长房,部将,陪臣（三好义贤）,细川家,胜瑞城,无,已登场,篠原长房,城主,直臣,三好家,抚养城,无,已登场,篠原长房,城主,直臣,三好家,抚养城,无,已登场,篠原长房,城主,直臣,三好家,抚养城,无,已死亡,篠原长房,无效,无效,无,无效,无,已死亡,篠原长房,无效,无效,无,无效,无,已死亡,篠原长房,无效,无效,无,无效,无,已死亡,篠原长房,无效,无效,无,无效,无,已登场,篠原长房,浪人,其他,无,长滨之町,无,,,,"[{""stage"":"""",""tkid"":""376"",""ref"":""376_篠原长房_朝右.png"",""emotion"":0}]"
lord_1_shiba_2,,斯波詮直,斯波诠直,斯波,377,Shiba Akinao,clan_shiba_1,ou,精确匹配织丰,1,1546,1560,1600,病死,,斯波诠真,斯波诠真,只限武将,20,20,普通,胆小,理想,普通,普通,21,艺术品,无欲,普通,源氏,刀剑,17,19,32,38,56,0,0,0,0,1,0,1,0,0,0,0,1,3,0,1,0,无,强袭,无,无要求,,,未登场,斯波诠直,家老,直臣,斯波家,高水寺城,无,未登场,斯波诠直,部将,陪臣（斯波诠真）,斯波家,高水寺城,无,已登场,斯波诠直,家老,直臣,斯波家,高水寺城,无,已登场,斯波诠直,家老,直臣,斯波家,高水寺城,无,已登场,斯波诠直,家老,直臣,斯波家,高水寺城,无,已登场,斯波诠直,大名,首领,斯波家,高水寺城,无,已登场,斯波诠直,大名,首领,斯波家,高水寺城,无,已登场,斯波诠直,足轻组头,直臣,南部家,盛冈城,无,已登场,斯波诠直,水夫头,直臣,丰后水军,一尺屋之砦,无,,,,"[{""stage"":"""",""tkid"":""377"",""ref"":""377_斯波诠直_朝右.png"",""emotion"":0}]"
lord_1_shiba,,斯波詮真,斯波诠真,斯波,378,Shiba Akizane,clan_shiba_1,ou,精确匹配织丰,1,1518,1554,1579,病死,,,斯波诠直,只限武将,20,20,普通,胆小,普通,普通,普通,17,艺术品,无欲,普通,源氏,刀剑,23,17,33,39,58,0,0,0,0,0,1,1,0,1,0,0,0,3,1,1,0,无,强袭,无,无要求,,,已登场,斯波诠真,大名,首领,斯波家,高水寺城,无,已登场,斯波诠真,大名,首领,斯波家,高水寺城,无,已登场,斯波诠真,大名,首领,斯波家,高水寺城,无,已登场,斯波诠真,大名,首领,斯波家,高水寺城,无,已登场,斯波诠真,大名,首领,斯波家,高水寺城,无,已死亡,斯波诠真,无效,无效,无,无效,无,已死亡,斯波诠真,无效,无效,无,无效,无,已死亡,斯波诠真,无效,无效,无,无效,无,已登场,斯波诠真,水夫头,直臣,丰后水军,一尺屋之砦,无,,,,"[{""stage"":"""",""tkid"":""378"",""ref"":""378_斯波诠真_朝右.png"",""emotion"":0}]"
lord_1_shibata,,柴田勝家,柴田胜家,柴田,379|1163,Shibata Katsuie,clan_shibata_1,kinai,精确匹配织丰,1,1522,1554,1583,战死,柴田胜义,,佐久间盛政 柴田胜丰,只限武将,85,85,性急,勇敢,理想,轻率,重视情义,83,武具,贪心,嗜酒如命,源氏,刀剑,94,89,69,52,82,4,4,3,0,4,3,3,1,3,1,1,0,1,0,1,0,强行突破，弓箭乱射，骑射突击,强袭，连续斩，拔突，急所击，刚弓，刚力，铁壁,无,一般条件,"贱岳七本枪 糟谷武则/片桐且元/加藤清正/加藤嘉明/
    平野长泰/福岛正则/胁坂安治","主角丰臣秀吉，北之庄剧情战斗胜利
    主角前田利家，贱岳之战投降丰臣秀吉",已登场,柴田胜家,侍大将,陪臣（织田信胜）,织田家,那古野城,无,已登场,柴田胜家,部将,陪臣（织田信胜）,织田家,那古野城,无,已登场,柴田胜家,家老,直臣,织田家,清洲城,无,已登场,柴田胜家,家老,直臣,织田家,岐阜城,无,已登场,柴田胜家,城主,直臣,织田家,北之庄城,无,已登场,柴田胜家,国主,直臣,织田家,北之庄城,无,已死亡,柴田胜家,无效,无效,无,无效,无,已死亡,柴田胜家,无效,无效,无,无效,无,已登场,柴田胜家,浪人,其他,无,杂贺之町,无,,,"[{""stage"":""鬼"",""tkid"":""379"",""ref"":"""",""emotion"":1},{""stage"":""越前"",""tkid"":""1163"",""ref"":"""",""emotion"":1}]","[{""stage"":""鬼"",""tkid"":""379"",""ref"":""379_柴田胜家_朝右.png"",""emotion"":1},{""stage"":""越前"",""tkid"":""1163"",""ref"":""1163_柴田胜家_朝右.png"",""emotion"":1}]"
lord_1_shibata_5,,柴田勝豐,柴田胜丰,柴田,380,Shibata Katsutoyo,clan_shibata_1,kinai,精确匹配织丰,1,1556,1570,1583,病死,,柴田胜义,佐久间盛政 柴田胜家,只限武将,90,10,温和,普通,普通,轻率,不重情义,40,书籍,无欲,普通,源氏,刀剑,26,21,44,17,24,0,0,0,0,0,0,1,0,2,1,1,1,0,0,0,1,无,强袭,无,无要求,,,未登场,柴田胜丰,足轻组头,直臣,织田家,那古野城,无,未登场,柴田胜丰,足轻组头,陪臣（柴田胜家）,织田家,那古野城,无,未登场,柴田胜丰,足轻组头,直臣,织田家,清洲城,无,未登场,柴田胜丰,足轻组头,直臣,织田家,岐阜城,无,已登场,柴田胜丰,足轻组头,直臣,织田家,岐阜城,无,已登场,柴田胜丰,足轻组头,陪臣（柴田胜家）,织田家,北之庄城,无,已死亡,柴田胜丰,无效,无效,无,无效,无,已死亡,柴田胜丰,无效,无效,无,无效,无,已登场,柴田胜丰,浪人,其他,无,小滨之町,无,,,,"[{""stage"":"""",""tkid"":""380"",""ref"":""380_柴田胜丰_朝右.png"",""emotion"":0}]"
lord_2_shibata_4,,新發田重家,新发田重家,新发田,381,Shibata Shigeie,clan_shibata_2,hokuriku,精确匹配织丰,1,1546,1560,1587,战死,新发田纲贞,,新发田长敦,全职种,5,90,普通,普通,普通,轻率,不重情义,75,艺术品,贪心,普通,源氏,刀剑,51,63,24,20,47,1,2,0,0,0,0,0,1,0,0,1,1,0,0,0,1,无,强袭,无,无要求,,,未登场,新发田重家,足轻大将,陪臣（新发田长敦）,长尾家,新发田城,无,未登场,新发田重家,足轻大将,陪臣（新发田长敦）,长尾家,新发田城,无,已登场,新发田重家,足轻大将,陪臣（新发田长敦）,长尾家,新发田城,无,已登场,新发田重家,足轻大将,陪臣（新发田长敦）,上杉家,新发田城,无,已登场,新发田重家,足轻大将,陪臣（新发田长敦）,上杉家,新发田城,无,已登场,新发田重家,城主,直臣,上杉家,新发田城,无,已登场,新发田重家,大名,首领,新发田家,新发田城,无,已死亡,新发田重家,无效,无效,无,无效,无,已登场,新发田重家,浪人,其他,无,京之町,无,,,,"[{""stage"":"""",""tkid"":""381"",""ref"":""381_新发田重家_朝右.png"",""emotion"":0}]"
lord_2_shibata,,新發田長敦,新发田长敦,新发田,382,Shibata Nagaatsu,clan_shibata_2,hokuriku,精确匹配织丰,1,1507,1554,1580,病死,新发田纲贞,,新发田重家,全职种,10,10,温和,胆小,普通,轻率,重视情义,31,书籍,无欲,普通,源氏,刀剑,47,47,52,61,34,0,0,0,0,0,0,2,0,1,2,1,1,1,1,1,0,无,强袭,无,无要求,,,已登场,新发田长敦,城主,直臣,长尾家,新发田城,无,已登场,新发田长敦,城主,直臣,长尾家,新发田城,无,已登场,新发田长敦,城主,直臣,长尾家,新发田城,无,已登场,新发田长敦,城主,直臣,上杉家,新发田城,无,已登场,新发田长敦,城主,直臣,上杉家,新发田城,无,已死亡,新发田长敦,无效,无效,无,无效,无,已死亡,新发田长敦,无效,无效,无,无效,无,已死亡,新发田长敦,无效,无效,无,无效,无,已登场,新发田长敦,浪人,其他,无,长滨之町,无,,,,"[{""stage"":"""",""tkid"":""382"",""ref"":""382_新发田长敦_朝右.png"",""emotion"":0}]"
lord_1_shibatsuji_kiyouemon,,芝辻清右衛門,芝辻清右卫门,芝辻,383,Shibatsuji Kiyouemon,clan_shibatsuji_1,neutral_culture,基于分组自动创建家族,1,1516,1554,1599,病死,,,,没那个意思,45,45,普通,普通,普通,慎重,重视情义,44,南蛮物,普通,嗜酒如命,其他,火绳枪,24,37,19,42,66,1,0,4,0,0,0,0,0,0,0,4,2,2,1,0,0,无,急所击，二挺击，石火，乱射,火枪名人，名工,一般条件,,,已登场,芝辻清右卫门,锻冶匠,其他,无,杂贺之町,无,已登场,芝辻清右卫门,锻冶匠,其他,无,杂贺之町,无,已登场,芝辻清右卫门,锻冶匠,其他,无,杂贺之町,无,已登场,芝辻清右卫门,锻冶匠,其他,无,杂贺之町,无,已登场,芝辻清右卫门,锻冶匠,其他,无,杂贺之町,无,已登场,芝辻清右卫门,锻冶匠,其他,无,杂贺之町,无,已登场,芝辻清右卫门,锻冶匠,其他,无,杂贺之町,无,已登场,芝辻清右卫门,锻冶匠,其他,无,杂贺之町,无,已登场,芝辻清右卫门,锻冶匠,其他,无,杂贺之町,无,,,,"[{""stage"":"""",""tkid"":""383"",""ref"":""383_芝辻清右卫门_朝右.png"",""emotion"":0}]"
lord_1_shibuya_yuurooemon,,澀谷與右衛門,涩谷与右卫门,涩谷,384,Shibuya Yuurooemon,clan_shibuya_1,neutral_culture,基于分组自动创建家族,1,1541,1554,1617,病死,,,,武将以外优先,32,32,温和,普通,理想,普通,重视情义,54,南蛮物,贪心,滴酒不沾,其他,枪,19,16,63,63,58,0,0,0,2,0,0,0,1,1,0,0,3,1,3,2,1,无,拔突，丢钱，大宴宾客,风雅之士,一般条件,,,未登场,涩谷与右卫门,浪人,其他,无,尾道之町,无,已登场,涩谷与右卫门,当家,首领,大西屋,尾道之町,无,已登场,涩谷与右卫门,当家,首领,大西屋,尾道之町,无,已登场,涩谷与右卫门,当家,首领,大西屋,尾道之町,无,已登场,涩谷与右卫门,当家,首领,大西屋,尾道之町,无,已登场,涩谷与右卫门,当家,首领,大西屋,尾道之町,无,已登场,涩谷与右卫门,当家,首领,大西屋,尾道之町,无,已登场,涩谷与右卫门,当家,首领,大西屋,尾道之町,无,已登场,涩谷与右卫门,浪人,其他,无,松仓之町,无,,,,"[{""stage"":"""",""tkid"":""384"",""ref"":""384_涩谷与右卫门_朝右.png"",""emotion"":0}]"
lord_1_shimae_sooshitsu,,島井宗室,岛井宗室,岛井,385,Shimae Sooshitsu,clan_shimae_1,neutral_culture,基于分组自动创建家族,1,1539,1554,1615,病死,,,,武将以外优先,0,0,温和,勇敢,现实,普通,普通,71,南蛮物,贪心,普通,其他,枪,39,28,67,78,72,0,0,0,0,0,0,0,0,3,0,0,4,2,3,4,1,无,拔突，丢钱，贿赂，大宴宾客,茶宗,一般条件,,,已登场,岛井宗室,当家,首领,博多屋,博多之町,无,已登场,岛井宗室,当家,首领,博多屋,博多之町,无,已登场,岛井宗室,当家,首领,博多屋,博多之町,无,已登场,岛井宗室,当家,首领,博多屋,博多之町,无,已登场,岛井宗室,当家,首领,博多屋,博多之町,无,已登场,岛井宗室,当家,首领,博多屋,博多之町,无,已登场,岛井宗室,当家,首领,博多屋,博多之町,无,已登场,岛井宗室,当家,首领,博多屋,博多之町,无,已登场,岛井宗室,船头,直臣,村上水军,三岛之砦,无,,,,"[{""stage"":"""",""tkid"":""385"",""ref"":""385_岛井宗室_朝右.png"",""emotion"":0}]"
lord_1_shima_sakon,,島左近,岛左近,岛,1164|386,Shima Sakon,clan_shima_1,nankai,基于分组自动创建家族,1,1545,1559,1600,战死,,,,只限武将,15,15,普通,勇敢,理想,普通,普通,65,武具,无欲,普通,其他,枪,87,88,42,79,85,2,4,3,0,2,3,3,0,0,0,0,1,2,0,1,1,骑射突击,强袭，连续斩，拔突，粘花，急所击，刚弓，卷枪，引落，柄返，刚力，铁壁,无,一般条件,,,未登场,岛清兴,足轻大将,直臣,筒井家,大和郡山城,无,未登场,岛清兴,足轻大将,直臣,筒井家,大和郡山城,无,已登场,岛清兴,足轻大将,直臣,筒井家,大和郡山城,无,已登场,岛清兴,足轻大将,直臣,筒井家,大和郡山城,无,已登场,岛清兴,足轻大将,直臣,筒井家,大和郡山城,无,已登场,岛清兴,足轻大将,陪臣（筒井顺庆）,织田家,大和郡山城,无,已登场,岛清兴,侍大将,直臣,筒井家,大和郡山城,无,已登场,岛清兴,部将,陪臣（石田三成）,丰臣家,佐和山城,无,已登场,岛清兴,头领,首领,村上水军,三岛之砦,无,,,"[{""stage"":""清兴"",""tkid"":""1164"",""ref"":"""",""emotion"":1},{""stage"":""左近"",""tkid"":""386"",""ref"":"""",""emotion"":1}]","[{""stage"":""清兴"",""tkid"":""1164"",""ref"":""1164_岛左近_朝右.png"",""emotion"":1},{""stage"":""左近"",""tkid"":""386"",""ref"":""386_岛左近_朝右.png"",""emotion"":1}]"
lord_1_shimazu_9,,島津家久,岛津家久,岛津,387,Shimazu Iehisa,clan_shimazu_1,saikai,精确匹配织丰,1,1547,1561,1587,战死,岛津贵久,岛津日新斋,岛津日新斋 岛津贵久 岛津忠恒 岛津岁久 岛津丰久 岛津龙伯 岛津义弘,只限武将,30,30,温和,勇敢,普通,轻率,普通,41,武具,无欲,嗜酒如命,源氏,刀剑,75,84,49,43,78,1,2,2,0,1,2,2,1,1,2,1,2,0,2,1,2,钓野伏，狙击,强袭，拔突，铁壁,无,一般条件,,,未登场,岛津家久,侍大将,直臣,岛津家,内城,无,未登场,岛津家久,侍大将,陪臣（岛津贵久）,岛津家,内城,无,已登场,岛津家久,侍大将,直臣,岛津家,内城,无,已登场,岛津家久,侍大将,直臣,岛津家,内城,无,已登场,岛津家久,侍大将,直臣,岛津家,内城,无,已登场,岛津家久,侍大将,直臣,岛津家,内城,无,已登场,岛津家久,国主,直臣,岛津家,饫肥城,无,已死亡,岛津家久,无效,无效,无,无效,无,已登场,岛津家久,水夫头,直臣,村上水军,三岛之砦,无,,,,"[{""stage"":"""",""tkid"":""387"",""ref"":""387_岛津家久_朝右.png"",""emotion"":0}]"
lord_1_shimazu_hyoogo-no-suke,,島津日新齋,岛津日新斋,岛津,388,Shimazu Hyoogo-no-suke,clan_shimazu_1,saikai,家族和文化自动推断,1,1492,1554,1568,病死,,,岛津家久 岛津贵久 岛津岁久 岛津龙伯 岛津义弘,只限武将,30,30,温和,普通,普通,慎重,普通,69,书籍,无欲,普通,源氏,枪,81,74,88,86,89,2,2,2,1,1,1,3,2,2,2,1,3,4,3,0,3,无,拔突，二连苦无，伤药，丢钱,无,一般条件,,,已登场,岛津忠良,家老,直臣,岛津家,内城,无,已登场,岛津日新斋,家老,直臣,岛津家,内城,无,已登场,岛津日新斋,家老,直臣,岛津家,内城,无,已死亡,岛津日新斋,无效,无效,无,无效,无,已死亡,岛津日新斋,无效,无效,无,无效,无,已死亡,岛津日新斋,无效,无效,无,无效,无,已死亡,岛津日新斋,无效,无效,无,无效,无,已死亡,岛津日新斋,无效,无效,无,无效,无,已登场,岛津日新斋,水夫头,直臣,村上水军,三岛之砦,无,,,,"[{""stage"":"""",""tkid"":""388"",""ref"":""388_岛津日新斋_朝右.png"",""emotion"":0}]"
lord_1_shimazu_11,,島津貴久,岛津贵久,岛津,389,Shimazu Takahisa,clan_shimazu_1,saikai,精确匹配织丰,1,1514,1554,1571,病死,岛津日新斋,,岛津家久 岛津日新斋 岛津忠恒 岛津岁久 岛津丰久 岛津龙伯 岛津义弘,只限武将,30,30,温和,勇敢,普通,轻率,普通,70,南蛮物,普通,普通,源氏,刀剑,83,60,84,80,83,3,3,2,0,0,0,2,0,2,2,2,0,3,2,1,0,无,强袭,策士,一般条件,,,已登场,岛津贵久,大名,首领,岛津家,内城,无,已登场,岛津贵久,大名,首领,岛津家,内城,无,已登场,岛津贵久,大名,首领,岛津家,内城,无,已登场,岛津贵久,大名,首领,岛津家,内城,无,已死亡,岛津贵久,无效,无效,无,无效,无,已死亡,岛津贵久,无效,无效,无,无效,无,已死亡,岛津贵久,无效,无效,无,无效,无,已死亡,岛津贵久,无效,无效,无,无效,无,已登场,岛津贵久,水夫头,直臣,村上水军,三岛之砦,无,,,,"[{""stage"":"""",""tkid"":""389"",""ref"":""389_岛津贵久_朝右.png"",""emotion"":0}]"
lord_1_shimazu_zenshu,,島津忠恒,岛津忠恒,岛津,390,Shimazu Zenshu,clan_shimazu_1,saikai,家族和文化自动推断,1,1578,1592,1638,病死,岛津义弘,岛津贵久,岛津家久 岛津贵久 岛津岁久 岛津丰久 岛津龙伯 岛津义弘,只限武将,36,90,温和,胆小,现实,轻率,不重情义,34,南蛮物,贪心,普通,源氏,刀剑,68,69,80,78,75,1,2,3,2,1,0,0,0,3,3,2,2,3,2,3,1,无,强袭，急所击,无,无要求,,,未登场,岛津忠恒,足轻组头,陪臣（岛津义弘）,岛津家,内城,无,未登场,岛津忠恒,足轻组头,陪臣（岛津义弘）,岛津家,内城,无,未登场,岛津忠恒,足轻组头,陪臣（岛津义弘）,岛津家,内城,无,未登场,岛津忠恒,足轻组头,陪臣（岛津义弘）,岛津家,内城,无,未登场,岛津忠恒,足轻组头,陪臣（岛津义弘）,岛津家,内城,无,未登场,岛津忠恒,足轻组头,陪臣（岛津义弘）,岛津家,内城,无,未登场,岛津忠恒,足轻组头,陪臣（岛津义弘）,岛津家,八代城,无,已登场,岛津忠恒,家老,直臣,岛津家,内城,无,已登场,岛津忠恒,水夫头,直臣,村上水军,三岛之砦,无,,,,"[{""stage"":"""",""tkid"":""390"",""ref"":""390_岛津忠恒_朝右.png"",""emotion"":0}]"
lord_1_shimazu_7,,島津歲久,岛津岁久,岛津,391,Shimazu Toshihisa,clan_shimazu_1,saikai,精确匹配织丰,1,1537,1554,1592,战死,岛津贵久,岛津日新斋,岛津家久 岛津日新斋 岛津贵久 岛津忠恒 岛津丰久 岛津龙伯 岛津义弘,只限武将,30,30,普通,勇敢,普通,轻率,重视情义,69,武具,普通,嗜酒如命,源氏,刀剑,70,67,60,72,79,2,2,2,0,1,2,2,0,1,1,1,1,1,0,1,1,无,强袭，拔突，铁壁,无,一般条件,,,未登场,岛津岁久,家老,直臣,岛津家,内城,无,已登场,岛津岁久,家老,直臣,岛津家,内城,无,已登场,岛津岁久,家老,直臣,岛津家,内城,无,已登场,岛津岁久,家老,直臣,岛津家,内城,无,已登场,岛津岁久,家老,直臣,岛津家,内城,无,已登场,岛津岁久,家老,直臣,岛津家,内城,无,已登场,岛津岁久,家老,直臣,岛津家,内城,无,已死亡,岛津岁久,无效,无效,无,无效,无,已登场,岛津岁久,水夫头,直臣,村上水军,三岛之砦,无,,,,"[{""stage"":"""",""tkid"":""391"",""ref"":""391_岛津岁久_朝右.png"",""emotion"":0}]"
lord_1_shimazu_toyohisa,,島津豐久,岛津丰久,岛津,392,Shimazu Toyohisa,clan_shimazu_1,saikai,家族和文化自动推断,1,1570,1584,1600,战死,岛津家久,岛津贵久,岛津家久 岛津贵久 岛津忠恒 岛津岁久 岛津龙伯 岛津义弘,只限武将,30,30,普通,勇敢,普通,轻率,重视情义,53,武具,普通,普通,源氏,刀剑,75,64,33,48,65,2,2,1,0,1,1,2,0,0,1,1,1,1,1,1,0,无,强袭,无,无要求,,,未登场,岛津丰久,足轻组头,陪臣（岛津家久）,岛津家,内城,无,未登场,岛津丰久,足轻组头,陪臣（岛津家久）,岛津家,内城,无,未登场,岛津丰久,足轻组头,陪臣（岛津家久）,岛津家,内城,无,未登场,岛津丰久,足轻组头,陪臣（岛津家久）,岛津家,内城,无,未登场,岛津丰久,足轻组头,陪臣（岛津家久）,岛津家,内城,无,未登场,岛津丰久,足轻组头,陪臣（岛津家久）,岛津家,内城,无,已登场,岛津丰久,足轻组头,陪臣（岛津家久）,岛津家,饫肥城,无,已登场,岛津丰久,城主,直臣,岛津家,都于郡城,无,已登场,岛津丰久,水夫头,直臣,村上水军,三岛之砦,无,,,,"[{""stage"":"""",""tkid"":""392"",""ref"":""392_岛津丰久_朝右.png"",""emotion"":0}]"
lord_1_shimazu_kagerai,,島津義虎,岛津义虎,岛津,393,Shimazu Kagerai,clan_shimazu_1,saikai,家族和文化自动推断,1,1536,1554,1585,病死,岛津实久,,岛津实久,只限武将,40,40,普通,普通,普通,轻率,普通,35,书籍,无欲,普通,源氏,刀剑,62,66,69,73,70,2,0,1,1,1,0,1,0,1,0,1,0,0,0,0,0,无,强袭,无,无要求,,,未登场,岛津义虎,部将,陪臣（岛津实久）,岛津家,出水城,无,已登场,岛津义虎,城主,直臣,岛津家,出水城,无,已登场,岛津义虎,城主,直臣,岛津家,出水城,无,已登场,岛津义虎,城主,直臣,岛津家,出水城,无,已登场,岛津义虎,城主,直臣,岛津家,出水城,无,已登场,岛津义虎,城主,直臣,岛津家,出水城,无,已登场,岛津义虎,城主,直臣,岛津家,出水城,无,已死亡,岛津义虎,无效,无效,无,无效,无,已登场,岛津义虎,水夫头,直臣,村上水军,三岛之砦,无,,,,"[{""stage"":"""",""tkid"":""393"",""ref"":""393_岛津义虎_朝右.png"",""emotion"":0}]"
lord_1_shimazu,,島津義久,岛津义久,岛津,394|1165,Shimazu Yoshihisa,clan_shimazu_1,saikai,精确匹配织丰,1,1533,1554,1611,病死,岛津贵久,岛津日新斋,岛津家久 岛津日新斋 岛津贵久 岛津忠恒 岛津岁久 岛津丰久 岛津义弘,只限武将,30,30,普通,勇敢,理想,慎重,普通,90,南蛮物,贪心,嗜酒如命,源氏,刀剑,90,55,94,86,88,4,3,3,2,2,2,3,1,2,2,1,2,4,3,1,2,钓野伏,强袭，拔突，急所击，刚弓，铁壁,策士,一般条件,,,已登场,岛津义久,家老,直臣,岛津家,内城,无,已登场,岛津义久,家老,直臣,岛津家,内城,无,已登场,岛津义久,家老,直臣,岛津家,内城,无,已登场,岛津义久,家老,直臣,岛津家,内城,无,已登场,岛津义久,大名,首领,岛津家,内城,无,已登场,岛津义久,大名,首领,岛津家,内城,无,已登场,岛津义久,大名,首领,岛津家,内城,无,已登场,岛津龙伯,国主,直臣,岛津家,加治木城,无,已登场,岛津义久,水夫头,直臣,村上水军,三岛之砦,无,,,"[{""stage"":""藩"",""tkid"":""394"",""ref"":"""",""emotion"":1},{""stage"":""督"",""tkid"":""1165"",""ref"":"""",""emotion"":1}]","[{""stage"":""藩"",""tkid"":""394"",""ref"":""394_岛津义久_朝右.png"",""emotion"":1},{""stage"":""督"",""tkid"":""1165"",""ref"":""1165_岛津义久_朝右.png"",""emotion"":1}]"
lord_1_shimazu_4,,島津義弘,岛津义弘,岛津,395|1166,Shimazu Yoshihiro,clan_shimazu_1,saikai,精确匹配织丰,1,1535,1554,1619,病死,岛津贵久,岛津日新斋,岛津家久 岛津日新斋 岛津贵久 岛津忠恒 岛津岁久 岛津丰久 岛津龙伯,只限武将,28,28,性急,勇敢,普通,轻率,重视情义,86,武具,贪心,嗜酒如命,源氏,枪,94,90,71,76,94,4,3,3,4,2,3,3,1,2,1,1,2,2,1,1,0,钓野伏，齐射,强袭，连续斩，拔突，粘花，急所击，刚弓，卷枪，引落，柄返，刚力，铁壁,策士,一般条件,,,已登场,岛津义弘,家老,直臣,岛津家,内城,无,已登场,岛津义弘,家老,直臣,岛津家,内城,无,已登场,岛津义弘,家老,直臣,岛津家,内城,无,已登场,岛津义弘,家老,直臣,岛津家,内城,无,已登场,岛津义弘,家老,直臣,岛津家,内城,无,已登场,岛津义弘,家老,直臣,岛津家,内城,无,已登场,岛津义弘,国主,直臣,岛津家,八代城,无,已登场,岛津义弘,大名,首领,岛津家,内城,无,已登场,岛津义弘,水夫头,直臣,村上水军,三岛之砦,无,,,"[{""stage"":""侍"",""tkid"":""395"",""ref"":"""",""emotion"":1},{""stage"":""鬼"",""tkid"":""1166"",""ref"":"""",""emotion"":1}]","[{""stage"":""侍"",""tkid"":""395"",""ref"":""395_岛津义弘_朝右.png"",""emotion"":1},{""stage"":""鬼"",""tkid"":""1166"",""ref"":""1166_岛津义弘_朝右.png"",""emotion"":1}]"
lord_1_shimizu_muneharu,,清水宗治,清水宗治,清水,396,Shimizu Muneharu,clan_shimizu_1,sanyo,基于分组自动创建家族,1,1537,1554,1582,病死,,,清水景治,只限武将,40,40,性急,普通,理想,慎重,重视情义,44,武具,无欲,普通,其他,刀剑,63,70,28,62,66,1,2,1,1,1,2,3,0,3,2,0,1,1,1,0,0,鬼脚之术,强袭，拔突，铁壁,无,一般条件,,,未登场,清水宗治,城主,直臣,毛利家,备中高松城,无,已登场,清水宗治,城主,直臣,三村家,备中高松城,无,已登场,清水宗治,侍大将,直臣,毛利家,吉田郡山城,无,已登场,清水宗治,城主,直臣,毛利家,备中高松城,无,已登场,清水宗治,城主,直臣,毛利家,备中高松城,无,已登场,清水宗治,城主,直臣,毛利家,备中高松城,无,已死亡,清水宗治,无效,无效,无,无效,无,已死亡,清水宗治,无效,无效,无,无效,无,已登场,清水宗治,水夫头,直臣,淡路水军,洲本之砦,无,,,,"[{""stage"":"""",""tkid"":""396"",""ref"":""396_清水宗治_朝右.png"",""emotion"":0}]"
lord_1_shimizu_yasuhide,,清水康英,清水康英,清水,397,Shimizu Yasuhide,clan_shimizu_1,sanyo,基于分组自动创建家族,1,1532,1554,1591,病死,,,,只限武将,35,35,性急,普通,普通,慎重,重视情义,76,武具,贪心,普通,藤原氏,刀剑,63,67,31,46,65,2,0,0,3,1,1,2,0,0,1,0,0,0,0,0,0,进水,强袭,无,无要求,,,已登场,清水康英,侍大将,直臣,北条家,小田原城,无,已登场,清水康英,侍大将,直臣,北条家,小田原城,无,已登场,清水康英,侍大将,直臣,北条家,小田原城,无,已登场,清水康英,侍大将,直臣,北条家,小田原城,无,已登场,清水康英,侍大将,直臣,北条家,小田原城,无,已登场,清水康英,侍大将,直臣,北条家,小田原城,无,已登场,清水康英,侍大将,直臣,北条家,小田原城,无,已死亡,清水康英,无效,无效,无,无效,无,已登场,清水康英,水夫头,直臣,淡路水军,洲本之砦,无,,,,"[{""stage"":"""",""tkid"":""397"",""ref"":""397_清水康英_朝右.png"",""emotion"":0}]"
lord_1_shimura_kooyasu,,志村光安,志村光安,志村,398,Shimura Kooyasu,clan_shimura_1,ou,基于分组自动创建家族,1,1560,1574,1609,病死,,,,全职种,0,0,温和,勇敢,普通,轻率,普通,40,书籍,无欲,普通,其他,刀剑,70,51,56,69,61,2,2,0,0,1,1,2,0,0,1,1,0,0,0,1,1,无,强袭,无,无要求,,,未登场,志村光安,足轻组头,直臣,最上家,山形城,无,未登场,志村光安,足轻组头,直臣,最上家,山形城,无,未登场,志村光安,足轻组头,直臣,最上家,山形城,无,未登场,志村光安,足轻组头,直臣,最上家,山形城,无,已登场,志村光安,足轻组头,直臣,最上家,山形城,无,已登场,志村光安,足轻组头,直臣,最上家,山形城,无,已登场,志村光安,足轻组头,直臣,最上家,山形城,无,已登场,志村光安,家老,直臣,最上家,山形城,无,已登场,志村光安,浪人,其他,无,鸟取之町,无,,,,"[{""stage"":"""",""tkid"":""398"",""ref"":""398_志村光安_朝右.png"",""emotion"":0}]"
lord_1_shimotsuma_8,,下間仲孝,下间仲孝,下间,399,Shimotsuma Nakataka,clan_shimotsuma_1,hokuriku,精确匹配织丰,1,1551,1565,1616,病死,下间赖照,,下间赖照,全职种,50,50,普通,勇敢,普通,慎重,普通,70,艺术品,普通,滴酒不沾,源氏,火绳枪,60,71,50,69,77,1,1,2,0,2,1,1,1,0,1,1,1,2,1,2,1,无,急所击，刚弓,无,无要求,,,未登场,下间仲孝,侍大将,直臣,本愿寺,石山本愿寺,无,未登场,下间仲孝,侍大将,直臣,本愿寺,石山本愿寺,无,已登场,下间仲孝,侍大将,直臣,本愿寺,石山本愿寺,无,已登场,下间仲孝,侍大将,直臣,本愿寺,石山本愿寺,无,已登场,下间仲孝,侍大将,直臣,本愿寺,石山本愿寺,无,已登场,下间仲孝,浪人,其他,无,石山之町,无,已登场,下间仲孝,浪人,其他,无,石山之町,无,已登场,下间仲孝,浪人,其他,无,大坂之町,无,已登场,下间仲孝,家老,直臣,下间家,饫肥城,无,,,,"[{""stage"":"""",""tkid"":""399"",""ref"":""399_下间仲孝_朝右.png"",""emotion"":0}]"
lord_1_shimotsuma_6,,下間賴照,下间赖照,下间,400,Shimotsuma Raisho,clan_shimotsuma_1,hokuriku,精确匹配织丰,1,1526,1554,1575,病死,,,下间仲孝,全职种,50,50,普通,普通,普通,慎重,不重情义,56,艺术品,普通,普通,源氏,枪,61,35,61,56,73,1,0,2,1,0,0,0,1,1,1,2,2,1,2,1,1,无,拔突,无,无要求,,,已登场,下间赖照,城主,直臣,本愿寺,大圣寺城,无,已登场,下间赖照,城主,直臣,本愿寺,大圣寺城,无,已登场,下间赖照,城主,直臣,本愿寺,大圣寺城,无,已登场,下间赖照,城主,直臣,本愿寺,大圣寺城,无,已登场,下间赖照,城主,直臣,本愿寺,大圣寺城,无,已死亡,下间赖照,无效,无效,无,无效,无,已死亡,下间赖照,无效,无效,无,无效,无,已死亡,下间赖照,无效,无效,无,无效,无,已登场,下间赖照,家老,直臣,下间家,饫肥城,无,,,,"[{""stage"":"""",""tkid"":""400"",""ref"":""400_下间赖照_朝右.png"",""emotion"":0}]"
lord_1_shimotsuma,,下間賴廉,下间赖廉,下间,401,Shimotsuma Rairen,clan_shimotsuma_1,hokuriku,精确匹配织丰,1,1537,1554,1626,病死,,,,全职种,50,50,温和,勇敢,现实,轻率,普通,49,艺术品,普通,普通,源氏,火绳枪,72,72,74,79,78,3,0,3,2,1,0,3,2,3,2,1,1,2,3,1,2,百发百中,二连苦无，急所击，二挺击,无,无要求,,,未登场,下间赖廉,家老,直臣,本愿寺,石山本愿寺,无,已登场,下间赖廉,家老,直臣,本愿寺,石山本愿寺,无,已登场,下间赖廉,家老,直臣,本愿寺,石山本愿寺,无,已登场,下间赖廉,家老,直臣,本愿寺,石山本愿寺,无,已登场,下间赖廉,家老,直臣,本愿寺,石山本愿寺,无,已登场,下间赖廉,浪人,其他,无,石山之町,无,已登场,下间赖廉,浪人,其他,无,石山之町,无,已登场,下间赖廉,浪人,其他,无,京之町,无,已登场,下间赖廉,大名,首领,下间家,饫肥城,无,,,,"[{""stage"":"""",""tkid"":""401"",""ref"":""401_下间赖廉_朝右.png"",""emotion"":0}]"
lord_1_joojoo_masashige,,上條政繁,上条政繁,上条,402,Joojoo Masashige,clan_jōjō_1,hokuriku,基于分组自动创建家族,1,1553,1567,1625,病死,,,,全职种,90,90,普通,普通,普通,轻率,不重情义,58,书籍,普通,普通,源氏,刀剑,54,57,52,59,52,1,0,1,0,1,1,0,0,0,1,0,0,1,0,1,0,无,强袭,无,一般条件,,,未登场,上条政繁,侍大将,直臣,长尾家,春日山城,无,未登场,上条政繁,侍大将,直臣,长尾家,春日山城,无,未登场,上条政繁,侍大将,直臣,长尾家,春日山城,无,已登场,上条政繁,侍大将,直臣,上杉家,春日山城,无,已登场,上条政繁,侍大将,直臣,上杉家,春日山城,无,已登场,上条政繁,侍大将,直臣,上杉家,春日山城,无,已登场,上条政繁,侍大将,直臣,上杉家,春日山城,无,已登场,上条政繁,足轻大将,直臣,德川家,江户城,无,已登场,上条政繁,家老,直臣,上泉家,内城,无,,,,"[{""stage"":"""",""tkid"":""402"",""ref"":""402_上条政繁_朝右.png"",""emotion"":0}]"
lord_1_shiraishi_munetoshi,,白石宗實,白石宗实,白石,403,Shiraishi Munetoshi,clan_shiraishi_1,ou,基于分组自动创建家族,1,1553,1567,1599,病死,,,,只限武将,60,60,普通,勇敢,普通,普通,普通,37,艺术品,普通,普通,藤原氏,刀剑,66,68,44,55,55,1,2,2,0,1,2,2,1,0,0,0,0,1,0,0,0,无,强袭，拔突，铁壁,无,无要求,,,未登场,白石宗实,足轻组头,直臣,伊达家,米泽城,无,未登场,白石宗实,足轻组头,直臣,伊达家,米泽城,无,未登场,白石宗实,足轻组头,直臣,伊达家,米泽城,无,已登场,白石宗实,足轻组头,直臣,伊达家,米泽城,无,已登场,白石宗实,足轻组头,直臣,伊达家,米泽城,无,已登场,白石宗实,足轻组头,直臣,伊达家,米泽城,无,已登场,白石宗实,部将,直臣,伊达家,米泽城,无,已登场,白石宗实,城主,直臣,伊达家,白石城,无,已登场,白石宗实,大名,首领,白石家,白地城,无,,,,"[{""stage"":"""",""tkid"":""403"",""ref"":""403_白石宗实_朝右.png"",""emotion"":0}]"
lord_1_jinzai_motomichi,,神西元通,神西元通,神西,404,Jinzai Motomichi,clan_jinzai_1,sanyo,基于分组自动创建家族,1,1516,1554,1578,战死,,,,全职种,15,15,普通,普通,理想,轻率,普通,55,书籍,普通,普通,其他,刀剑,57,43,50,34,37,1,1,0,0,0,1,0,1,0,0,1,0,0,0,0,1,无,强袭,无,无要求,,,已登场,神西元通,足轻大将,直臣,尼子家,月山富田城,无,已登场,神西元通,足轻大将,直臣,尼子家,月山富田城,无,已登场,神西元通,侍大将,直臣,尼子家,月山富田城,无,已登场,神西元通,足轻大将,直臣,毛利家,吉田郡山城,无,已登场,神西元通,足轻大将,直臣,毛利家,吉田郡山城,无,已死亡,神西元通,无效,无效,无,无效,无,已死亡,神西元通,无效,无效,无,无效,无,已死亡,神西元通,无效,无效,无,无效,无,已登场,神西元通,足轻大将,直臣,西园寺家,山形城,无,,,,"[{""stage"":"""",""tkid"":""404"",""ref"":""404_神西元通_朝右.png"",""emotion"":0}]"
lord_1_jinbo_kagesuke,,神保氏張,神保氏张,神保,405,Jinbo Kagesuke,clan_jinbo_1,hokuriku,家族和文化自动推断,1,1528,1554,1592,病死,,,,全职种,90,90,普通,胆小,现实,轻率,不重情义,43,艺术品,普通,滴酒不沾,其他,刀剑,34,32,51,55,42,0,1,0,0,1,0,1,0,0,0,0,1,0,2,0,0,无,强袭,无,无要求,,,已登场,神保氏张,部将,直臣,神保家,富山城,无,已登场,神保氏张,部将,直臣,神保家,富山城,无,已登场,神保氏张,部将,直臣,神保家,富山城,无,已登场,神保氏张,部将,直臣,神保家,富山城,无,已登场,神保氏张,部将,直臣,神保家,富山城,无,已登场,神保氏张,部将,陪臣（佐佐成政）,织田家,富山城,无,已登场,神保氏张,部将,直臣,佐佐家,富山城,无,已死亡,神保氏张,无效,无效,无,无效,无,已登场,神保氏张,浪人,其他,无,丸龟之町,无,,,,"[{""stage"":"""",""tkid"":""405"",""ref"":""405_神保氏张_朝右.png"",""emotion"":0}]"
lord_1_jinbo_2,,神保長住,神保长住,神保,406,Jinbo Nagazumi,clan_jinbo_1,hokuriku,精确匹配织丰,1,1542,1556,1585,病死,神保长职,,神保长城 神保长职,全职种,90,90,普通,胆小,现实,轻率,不重情义,38,书籍,贪心,普通,其他,刀剑,30,35,44,39,55,0,0,0,0,1,0,0,0,0,0,0,0,0,1,0,0,无,强袭,无,无要求,,,未登场,神保长住,家老,直臣,神保家,富山城,无,未登场,神保长住,部将,陪臣（神保长职）,神保家,富山城,无,已登场,神保长住,家老,直臣,神保家,富山城,无,已登场,神保长住,家老,直臣,神保家,富山城,无,已登场,神保长住,浪人,其他,无,富山之町,无,已登场,神保长住,浪人,其他,无,富山之町,无,已登场,神保长住,浪人,其他,无,富山之町,无,已死亡,神保长住,无效,无效,无,无效,无,已登场,神保长住,浪人,其他,无,长滨之町,无,,,,"[{""stage"":"""",""tkid"":""406"",""ref"":""406_神保长住_朝右.png"",""emotion"":0}]"
lord_1_jinbo_4,,神保長城,神保长城,神保,407,Jinbo Nagakuni,clan_jinbo_1,hokuriku,精确匹配织丰,1,1553,1567,1576,病死,神保长职,,神保长住 神保长职,全职种,90,90,普通,胆小,普通,轻率,普通,19,艺术品,贪心,普通,其他,刀剑,24,29,37,35,34,0,0,0,0,0,0,0,0,0,1,0,0,0,0,0,1,无,强袭,无,无要求,,,未登场,神保长城,部将,直臣,神保家,富山城,无,未登场,神保长城,部将,陪臣（神保长职）,神保家,富山城,无,未登场,神保长城,部将,直臣,神保家,富山城,无,已登场,神保长城,部将,直臣,神保家,富山城,无,已登场,神保长城,大名,首领,神保家,富山城,无,已死亡,神保长城,无效,无效,无,无效,无,已死亡,神保长城,无效,无效,无,无效,无,已死亡,神保长城,无效,无效,无,无效,无,已登场,神保长城,浪人,其他,无,长滨之町,无,,,,"[{""stage"":"""",""tkid"":""407"",""ref"":""407_神保长城_朝右.png"",""emotion"":0}]"
lord_1_jinbo,,神保長職,神保长职,神保,408,Jinbo Nagamoto,clan_jinbo_1,hokuriku,精确匹配织丰,1,1518,1554,1572,病死,,,神保长住 神保长城,全职种,90,90,普通,勇敢,理想,轻率,不重情义,59,武具,贪心,普通,其他,刀剑,41,39,47,49,50,1,0,0,0,0,0,0,1,0,0,0,0,1,0,1,0,无,强袭,无,无要求,,,已登场,神保长职,大名,首领,神保家,富山城,无,已登场,神保长职,大名,首领,神保家,富山城,无,已登场,神保长职,大名,首领,神保家,富山城,无,已登场,神保长职,大名,首领,神保家,富山城,无,已死亡,神保长职,无效,无效,无,无效,无,已死亡,神保长职,无效,无效,无,无效,无,已死亡,神保长职,无效,无效,无,无效,无,已死亡,神保长职,无效,无效,无,无效,无,已登场,神保长职,浪人,其他,无,长滨之町,无,,,,"[{""stage"":"""",""tkid"":""408"",""ref"":""408_神保长职_朝右.png"",""emotion"":0}]"
lord_1_sue_harukata,,陶晴賢,陶晴贤,陶,409,Sue Harukata,clan_sue_1,ou,基于分组自动创建家族,1,1521,1554,1555,战死,,,,只限武将,50,80,性急,胆小,理想,轻率,普通,79,艺术品,贪心,滴酒不沾,其他,刀剑,80,62,68,66,52,1,3,1,2,2,1,2,1,2,2,1,1,0,2,0,1,无,强袭，刚弓,无,一般条件,,主角毛利元就，严岛之战胜利,已登场,陶隆房,家老,直臣,大内家,山口城,无,已登场,陶晴贤,家老,直臣,大内家,山口城,无,已死亡,陶晴贤,无效,无效,无,无效,无,已死亡,陶晴贤,无效,无效,无,无效,无,已死亡,陶晴贤,无效,无效,无,无效,无,已死亡,陶晴贤,无效,无效,无,无效,无,已死亡,陶晴贤,无效,无效,无,无效,无,已死亡,陶晴贤,无效,无效,无,无效,无,已登场,陶晴贤,浪人,其他,无,安土之町,无,,,,"[{""stage"":"""",""tkid"":""409"",""ref"":""409_陶晴贤_朝右.png"",""emotion"":0}]"
lord_1_suganuma_sadatada,,菅沼定盈,菅沼定盈,菅沼,410,Suganuma Sadatada,clan_suganuma_1,kanto,基于分组自动创建家族,1,1543,1557,1604,病死,,,,只限武将,94,94,普通,普通,普通,轻率,普通,42,艺术品,普通,普通,源氏,刀剑,55,56,46,53,64,1,1,1,0,0,1,1,0,1,1,1,0,0,0,0,1,无,强袭,无,无要求,,,未登场,菅沼定盈,侍大将,直臣,松平家,冈崎城,无,未登场,菅沼定盈,部将,陪臣（松平元康）,今川家,骏府城,无,已登场,菅沼定盈,足轻组头,直臣,今川家,骏府城,无,已登场,菅沼定盈,家老,直臣,德川家,冈崎城,无,已登场,菅沼定盈,家老,直臣,德川家,滨松城,无,已登场,菅沼定盈,部将,陪臣（奥平信昌）,德川家,长篠城,无,已登场,菅沼定盈,部将,陪臣（奥平信昌）,德川家,长篠城,无,已登场,菅沼定盈,城主,直臣,德川家,长岛城,无,已登场,菅沼定盈,浪人,其他,无,尾道之町,无,,,,"[{""stage"":"""",""tkid"":""410"",""ref"":""410_菅沼定盈_朝右.png"",""emotion"":0}]"
lord_1_sugaya_zenjuuboo,,杉穀善住坊,杉谷善住坊,杉谷善,411,Sugaya Zenjuuboo,clan_sugaya_1,neutral_culture,基于分组自动创建家族,1,1534,1554,1573,战死,,,,武将以外优先,60,60,普通,胆小,普通,轻率,不重情义,58,南蛮物,贪心,普通,其他,火绳枪,9,69,18,26,47,0,0,4,0,0,0,1,3,0,0,1,1,0,0,0,0,狙击，鬼脚之术，奈落之术，红莲之术,二连苦无，半月，急所击，二挺击，石火，乱射,火枪名人,一般条件,,,已登场,杉谷善住坊,下忍,直臣,甲贺众,甲贺之里,无,已登场,杉谷善住坊,下忍,直臣,甲贺众,甲贺之里,无,已登场,杉谷善住坊,下忍,直臣,甲贺众,甲贺之里,无,已登场,杉谷善住坊,下忍,直臣,甲贺众,甲贺之里,无,已死亡,杉谷善住坊,无效,无效,无,无效,无,已死亡,杉谷善住坊,无效,无效,无,无效,无,已死亡,杉谷善住坊,无效,无效,无,无效,无,已死亡,杉谷善住坊,无效,无效,无,无效,无,已登场,杉谷善住坊,浪人,其他,无,厩桥之町,无,,,,"[{""stage"":"""",""tkid"":""411"",""ref"":""411_杉谷善住坊_朝右.png"",""emotion"":0}]"
lord_1_suginoboo_terusai,,杉之坊照算,杉之坊照算,杉之坊,412,Suginoboo Terusai,clan_suginobō_1,neutral_culture,基于分组自动创建家族,1,1534,1554,1609,病死,津田算长,,津田算长,武将以外优先,40,40,普通,勇敢,普通,慎重,重视情义,60,南蛮物,无欲,普通,其他,火绳枪,78,79,41,69,59,2,0,4,2,2,3,2,3,0,0,0,2,1,1,0,1,鬼谋，奈落之术，雷爆之术,强袭，连续斩，拔突，二连苦无，半月，急所击，二挺击，刚弓，石火，乱射，刚力，铁壁，心眼,火枪高手,一般条件,,,已登场,杉之坊照算,上忍,直臣,根来众,根来之里,津田流,已登场,杉之坊照算,上忍,直臣,根来众,根来之里,津田流,已登场,杉之坊照算,上忍,直臣,根来众,根来之里,津田流,已登场,杉之坊照算,头目,首领,根来众,根来之里,津田流,已登场,杉之坊照算,头目,首领,根来众,根来之里,津田流,已登场,杉之坊照算,头目,首领,根来众,根来之里,津田流,已登场,杉之坊照算,头目,首领,根来众,根来之里,津田流,已登场,杉之坊照算,头目,首领,根来众,根来之里,津田流,已登场,杉之坊照算,浪人,其他,无,清洲之町,津田流,,,,"[{""stage"":"""",""tkid"":""412"",""ref"":""412_杉之坊照算_朝右.png"",""emotion"":0}]"
lord_1_suzuki_satao,,鈴木佐太夫,铃木佐太夫,铃木佐,413,Suzuki Satao,clan_suzuki_1,kinai,基于分组自动创建家族,1,1521,1554,1585,战死,,,杂贺孙一 铃木重朝,只限武将,50,50,普通,勇敢,普通,普通,重视情义,66,艺术品,贪心,普通,其他,火绳枪,77,80,49,75,71,3,1,4,0,1,2,1,2,0,1,0,0,1,0,1,1,枪炮乱射，狙击，钓瓶击，百发百中,强袭，拔突，二连苦无，急所击，二挺击，石火，乱射，铁壁，心眼,火枪名人,一般条件,,,已登场,铃木佐太夫,城主,直臣,本愿寺,杂贺城,无,已登场,铃木佐太夫,城主,直臣,本愿寺,杂贺城,无,已登场,铃木佐太夫,城主,直臣,本愿寺,杂贺城,无,已登场,铃木佐太夫,城主,直臣,本愿寺,杂贺城,无,已登场,铃木佐太夫,城主,直臣,本愿寺,杂贺城,无,已登场,铃木佐太夫,大名,首领,铃木家,杂贺城,无,已登场,铃木佐太夫,大名,首领,铃木家,杂贺城,无,已死亡,铃木佐太夫,无效,无效,无,无效,无,已登场,铃木佐太夫,浪人,其他,无,诹访之町,无,,,,"[{""stage"":"""",""tkid"":""413"",""ref"":""413_铃木佐太夫_朝右.png"",""emotion"":0}]"
lord_1_suzukii_shigetchika,,鈴木重朝,铃木重朝,铃木,414,Suzukii Shigetchika,clan_suzukii_1,kinai,基于分组自动创建家族,1,1561,1575,1606,病死,铃木佐太夫,,杂贺孙一 铃木佐太夫,只限武将,38,38,普通,普通,普通,轻率,重视情义,67,南蛮物,普通,普通,其他,火绳枪,76,72,32,77,74,2,0,4,0,2,1,0,2,1,1,0,1,0,1,1,1,枪炮乱射，狙击，钓瓶击，百发百中,二连苦无，急所击，二挺击，刚弓，石火，乱射，心眼,火枪名人,无要求,,,未登场,铃木重朝,足轻组头,陪臣（铃木佐太夫）,本愿寺,杂贺城,无,未登场,铃木重朝,足轻组头,陪臣（铃木佐太夫）,本愿寺,杂贺城,无,未登场,铃木重朝,足轻组头,陪臣（铃木佐太夫）,本愿寺,杂贺城,无,未登场,铃木重朝,足轻组头,陪臣（铃木佐太夫）,本愿寺,杂贺城,无,已登场,铃木重朝,足轻大将,陪臣（铃木佐太夫）,本愿寺,杂贺城,无,已登场,铃木重朝,侍大将,直臣,铃木家,杂贺城,无,已登场,铃木重朝,侍大将,直臣,铃木家,杂贺城,无,已登场,铃木重朝,侍大将,直臣,丰臣家,大坂城,无,已登场,铃木重朝,浪人,其他,无,姬路之町,无,,,,"[{""stage"":"""",""tkid"":""414"",""ref"":""414_铃木重朝_朝右.png"",""emotion"":0}]"
lord_1_susukida_kaneai,,薄田兼相,薄田兼相,薄田,415,Susukida Kaneai,clan_susukida_1,sanyo,基于分组自动创建家族,1,1570,1584,1615,病死,,,,全职种,15,15,普通,勇敢,普通,轻率,重视情义,76,武具,贪心,嗜酒如命,其他,刀剑,17,82,5,3,30,1,1,0,0,3,3,0,3,0,0,0,0,0,0,0,1,破技之术，幻惑之术,强袭，连续斩，拔突，二连苦无，半月，刚弓，刚力，铁壁,无,一般条件,,,未登场,岩见重太郎,足轻组头,陪臣（小早川隆景）,毛利家,吉田郡山城,无,未登场,岩见重太郎,足轻组头,直臣,毛利家,吉田郡山城,无,未登场,岩见重太郎,足轻组头,陪臣（小早川隆景）,毛利家,吉田郡山城,无,未登场,岩见重太郎,足轻组头,陪臣（小早川隆景）,毛利家,三原城,无,未登场,岩见重太郎,足轻组头,陪臣（小早川隆景）,毛利家,三原城,无,已登场,岩见重太郎,足轻组头,陪臣（小早川隆景）,毛利家,三原城,无,已登场,岩见重太郎,足轻组头,陪臣（小早川隆景）,毛利家,三原城,无,已登场,岩见重太郎,足轻组头,直臣,小早川家,名岛城,无,已登场,岩见重太郎,浪人,其他,无,鹿儿岛之町,无,,,,"[{""stage"":"""",""tkid"":""415"",""ref"":""415_薄田兼相_朝右.png"",""emotion"":0}]"
lord_1_suzukii_motonobu,,鈴木元信,铃木元信,铃木,416,Suzukii Motonobu,clan_suzukii_1,kinai,基于分组自动创建家族,1,1555,1569,1615,病死,,,,只限武将,60,60,普通,勇敢,理想,慎重,普通,25,书籍,无欲,普通,其他,刀剑,29,18,90,80,58,0,0,0,0,1,0,2,0,3,3,3,3,3,3,1,1,无,强袭，丢钱,能吏,一般条件,,,未登场,铃木元信,足轻组头,直臣,伊达家,米泽城,无,未登场,铃木元信,足轻组头,直臣,伊达家,米泽城,无,未登场,铃木元信,足轻组头,直臣,伊达家,米泽城,无,未登场,铃木元信,足轻组头,直臣,伊达家,米泽城,无,已登场,铃木元信,足轻组头,直臣,伊达家,米泽城,无,已登场,铃木元信,足轻组头,直臣,伊达家,米泽城,无,已登场,铃木元信,足轻大将,直臣,伊达家,米泽城,无,已登场,铃木元信,部将,直臣,伊达家,仙台城,无,已登场,铃木元信,浪人,其他,无,佐仓之町,无,,,,"[{""stage"":"""",""tkid"":""416"",""ref"":""416_铃木元信_朝右.png"",""emotion"":0}]"
lord_1_suda_mitsuchika,,須田滿親,须田满亲,须田,417,Suda Mitsuchika,clan_suda_1,sanyo,基于分组自动创建家族,1,1526,1569,1585,病死,,,,全职种,15,15,温和,普通,普通,轻率,普通,36,武具,普通,普通,源氏,刀剑,45,46,64,71,66,1,1,0,0,0,1,0,0,0,0,0,1,1,3,1,0,无,强袭,无,无要求,,,已登场,须田满亲,部将,直臣,村上家,海津城,无,未登场,须田满亲,浪人,其他,无,小诸之町,无,未登场,须田满亲,浪人,其他,无,小诸之町,无,未登场,须田满亲,浪人,其他,无,小诸之町,无,已登场,须田满亲,浪人,其他,无,小诸之町,无,已登场,须田满亲,足轻大将,直臣,上杉家,春日山城,无,已登场,须田满亲,足轻大将,直臣,上杉家,春日山城,无,已死亡,须田满亲,无效,无效,无,无效,无,已登场,须田满亲,浪人,其他,无,土崎凑之町,无,,,,"[{""stage"":"""",""tkid"":""417"",""ref"":""417_须田满亲_朝右.png"",""emotion"":0}]"
lord_1_tsuda_sookyuu,,津田宗及,津田宗及,津田,418,Tsuda Sookyuu,clan_tsuda_1,kinai,基于分组自动创建家族,1,1546,1560,1591,病死,津田宗达,,津田宗达 津田宗凡,武将以外优先,5,5,温和,普通,现实,慎重,重视情义,23,艺术品,贪心,普通,其他,枪,16,15,64,66,72,0,0,0,1,0,0,0,0,2,0,0,3,0,2,4,2,无,拔突，丢钱,茶宗,一般条件,,,未登场,津田宗及,掌柜,直臣,天王寺屋,堺之町,无,已登场,津田宗及,掌柜,直臣,天王寺屋,堺之町,无,已登场,津田宗及,掌柜,直臣,天王寺屋,堺之町,无,已登场,津田宗及,当家,首领,天王寺屋,堺之町,无,已登场,津田宗及,当家,首领,天王寺屋,堺之町,无,已登场,津田宗及,当家,首领,天王寺屋,堺之町,无,已登场,津田宗及,当家,首领,天王寺屋,堺之町,无,已死亡,津田宗及,无效,无效,无,无效,无,已登场,津田宗及,船头,直臣,盐饱水军,盐饱之砦,无,,,,"[{""stage"":"""",""tkid"":""418"",""ref"":""418_津田宗及_朝右.png"",""emotion"":0}]"
lord_1_sumikura_soan,,角倉素庵,角仓素庵,角仓,419,Sumikura Soan,clan_sumikura_1,neutral_culture,基于分组自动创建家族,1,1571,1585,1632,病死,角仓了以,,角仓了以,武将以外优先,23,23,温和,胆小,普通,慎重,普通,14,艺术品,无欲,普通,其他,枪,27,17,63,58,66,0,0,0,1,0,0,0,0,3,1,1,3,4,2,3,1,无,拔突，丢钱,无,无要求,,,未登场,角仓素庵,浪人,其他,无,京之町,无,未登场,角仓素庵,浪人,其他,无,京之町,无,未登场,角仓素庵,浪人,其他,无,京之町,无,未登场,角仓素庵,浪人,其他,无,京之町,无,未登场,角仓素庵,浪人,其他,无,京之町,无,未登场,角仓素庵,见习,陪臣（角仓了以）,角仓屋,京之町,无,未登场,角仓素庵,见习,陪臣（角仓了以）,角仓屋,京之町,无,已登场,角仓素庵,掌柜,直臣,角仓屋,京之町,无,已登场,角仓素庵,浪人,其他,无,松仓之町,无,,,,"[{""stage"":"""",""tkid"":""419"",""ref"":""419_角仓素庵_朝右.png"",""emotion"":0}]"
lord_1_sumikura_ryooi,,角倉了以,角仓了以,角仓,420,Sumikura Ryooi,clan_sumikura_1,neutral_culture,基于分组自动创建家族,1,1554,1568,1614,病死,,,角仓素庵,武将以外优先,99,99,普通,勇敢,普通,轻率,普通,55,南蛮物,贪心,普通,其他,枪,40,28,76,67,58,0,0,0,1,0,0,0,1,4,3,1,4,2,3,1,4,无,拔突，伤药，止血，丢钱，贿赂,风雅之士,一般条件,,,未登场,角仓了以,浪人,其他,无,京之町,无,未登场,角仓了以,浪人,其他,无,京之町,无,未登场,角仓了以,浪人,其他,无,京之町,无,未登场,角仓了以,浪人,其他,无,京之町,无,已登场,角仓了以,当家,首领,角仓屋,京之町,无,已登场,角仓了以,当家,首领,角仓屋,京之町,无,已登场,角仓了以,当家,首领,角仓屋,京之町,无,已登场,角仓了以,当家,首领,角仓屋,京之町,无,已登场,角仓了以,浪人,其他,无,松江之町,无,,,,"[{""stage"":"""",""tkid"":""420"",""ref"":""420_角仓了以_朝右.png"",""emotion"":0}]"
lord_1_seki_kazumasa,,關一政,关一政,关,421,Seki Kazumasa,clan_seki_1,kinai,基于分组自动创建家族,1,1558,1572,1625,病死,关盛信,,关盛信,全职种,75,75,普通,普通,现实,普通,不重情义,55,书籍,普通,普通,平氏,刀剑,51,42,46,63,34,1,1,1,0,1,1,2,1,0,0,0,1,0,0,0,0,无,强袭,无,无要求,,,未登场,关一政,足轻组头,陪臣（关盛信）,北畠家,大河内城,无,未登场,关一政,足轻组头,陪臣（关盛信）,北畠家,大河内城,无,未登场,关一政,足轻组头,陪臣（关盛信）,北畠家,大河内城,无,未登场,关一政,足轻组头,陪臣（关盛信）,北畠家,大河内城,无,已登场,关一政,足轻组头,陪臣（织田信雄）,织田家,大河内城,无,已登场,关一政,足轻大将,陪臣（织田信雄）,织田家,安浓津城,无,已登场,关一政,足轻大将,陪臣（关盛信）,羽柴家,石山本愿寺,无,已登场,关一政,城主,直臣,丰臣家,饭山城,无,已登场,关一政,足轻大将,直臣,一宫家,春日山城,无,,,,"[{""stage"":"""",""tkid"":""421"",""ref"":""421_关一政_朝右.png"",""emotion"":0}]"
lord_1_sekiguchi_munihiro,,關口氏廣,关口氏广,关口,422,Sekiguchi Munihiro,clan_sekiguchi_1,tosan,基于分组自动创建家族,1,1521,1554,1562,战死,,,,全职种,54,54,温和,胆小,普通,普通,重视情义,39,艺术品,普通,普通,源氏,刀剑,51,51,42,57,59,0,0,1,0,0,0,0,0,1,1,0,0,0,0,0,0,无,强袭,无,无要求,,,已登场,关口氏广,家老,直臣,今川家,骏府城,无,已登场,关口氏广,部将,直臣,今川家,骏府城,无,已登场,关口氏广,部将,直臣,今川家,骏府城,无,已死亡,关口氏广,无效,无效,无,无效,无,已死亡,关口氏广,无效,无效,无,无效,无,已死亡,关口氏广,无效,无效,无,无效,无,已死亡,关口氏广,无效,无效,无,无效,无,已死亡,关口氏广,无效,无效,无,无效,无,已登场,关口氏广,浪人,其他,无,尾道之町,无,,,,"[{""stage"":"""",""tkid"":""422"",""ref"":""422_关口氏广_朝右.png"",""emotion"":0}]"
lord_1_seiki_masatoki,,世鬼政時,世鬼政时,世鬼,423,Seiki Masatoki,clan_seiki_1,neutral_culture,基于分组自动创建家族,1,1512,1554,1583,病死,,,,武将以外优先,34,34,普通,普通,普通,慎重,不重情义,55,武具,无欲,滴酒不沾,其他,苦无,57,62,21,74,19,2,0,2,0,1,2,1,4,1,0,0,0,0,3,0,2,奈落之术，内讧之术，红莲之术，错乱之术,强袭，拔突，二连苦无，半月，猛毒苦无，十字投，乱苦无，叠返之术，铁壁,苦无名人,一般条件,,,已登场,世鬼政时,头目,首领,外闻众,外闻之里,无,已登场,世鬼政时,头目,首领,外闻众,外闻之里,无,已登场,世鬼政时,头目,首领,外闻众,外闻之里,无,已登场,世鬼政时,头目,首领,外闻众,外闻之里,无,已登场,世鬼政时,头目,首领,外闻众,外闻之里,无,已登场,世鬼政时,头目,首领,外闻众,外闻之里,无,已死亡,世鬼政时,无效,无效,无,无效,无,已死亡,世鬼政时,无效,无效,无,无效,无,已登场,世鬼政时,下忍,直臣,户隐众,户隐之里,无,,,,"[{""stage"":"""",""tkid"":""423"",""ref"":""423_世鬼政时_朝右.png"",""emotion"":0}]"
lord_1_seki_morinobu,,關盛信,关盛信,关,424,Seki Morinobu,clan_seki_1,kinai,基于分组自动创建家族,1,1524,1554,1593,病死,,,关一政,全职种,42,42,普通,胆小,普通,普通,普通,59,书籍,普通,普通,平氏,刀剑,39,36,52,61,57,0,0,0,0,1,1,0,0,0,1,0,1,0,1,0,1,无,强袭,无,无要求,,,已登场,关盛信,家老,直臣,北畠家,大河内城,无,已登场,关盛信,家老,直臣,北畠家,大河内城,无,已登场,关盛信,家老,直臣,北畠家,大河内城,无,已登场,关盛信,家老,直臣,北畠家,大河内城,无,已登场,关盛信,部将,陪臣（织田信雄）,织田家,大河内城,无,已登场,关盛信,部将,陪臣（织田信雄）,织田家,安浓津城,无,已登场,关盛信,部将,直臣,羽柴家,石山本愿寺,无,已死亡,关盛信,无效,无效,无,无效,无,已登场,关盛信,浪人,其他,无,轮岛之町,无,,,,"[{""stage"":"""",""tkid"":""424"",""ref"":""424_关盛信_朝右.png"",""emotion"":0}]"
lord_1_sengoku_hidehisa,,仙石秀久,仙石秀久,仙石,425,Sengoku Hidehisa,clan_sengoku_1,tokai,基于分组自动创建家族,1,1552,1566,1614,病死,,,,全职种,99,99,温和,胆小,现实,普通,普通,44,书籍,贪心,普通,源氏,刀剑,24,39,58,48,50,0,0,0,0,1,1,0,0,3,0,0,1,0,1,1,0,无,强袭,无,无要求,,,未登场,仙石秀久,足轻组头,直臣,斋藤家,稻叶山城,无,未登场,仙石秀久,足轻组头,直臣,织田家,清洲城,无,未登场,仙石秀久,足轻组头,直臣,织田家,清洲城,无,已登场,仙石秀久,足轻组头,直臣,织田家,岐阜城,无,已登场,仙石秀久,足轻组头,直臣,织田家,岐阜城,无,已登场,仙石秀久,足轻组头,陪臣（羽柴秀吉）,织田家,姬路城,无,已登场,仙石秀久,城主,直臣,羽柴家,洲本城,无,已登场,仙石秀久,城主,直臣,丰臣家,小诸城,无,已登场,仙石秀久,浪人,其他,无,轮岛之町,无,,,,"[{""stage"":"""",""tkid"":""425"",""ref"":""425_仙石秀久_朝右.png"",""emotion"":0}]"
lord_1_sen_rikyuu,,千利休,千利休,千,426,Sen Rikyuu,clan_sen_1,neutral_culture,基于分组自动创建家族,1,1522,1554,1591,病死,,,,没那个意思,5,5,温和,胆小,理想,慎重,不重情义,61,艺术品,无欲,滴酒不沾,其他,枪,4,3,56,72,95,0,0,0,0,0,0,0,0,1,0,0,3,4,3,4,2,无,拔突，丢钱,茶仙,一般条件,,天下大茶会剧情,已登场,千宗易,茶人,其他,无,堺之町,无,已登场,千宗易,茶人,其他,无,堺之町,无,已登场,千宗易,茶人,其他,无,堺之町,无,已登场,千宗易,茶人,其他,无,堺之町,无,已登场,千宗易,茶人,其他,无,堺之町,无,已登场,千宗易,茶人,其他,无,堺之町,无,已登场,千利休,茶人,其他,无,堺之町,无,已死亡,千利休,无效,无效,无,无效,无,已登场,千利休,大名,首领,千家,海津城,无,,,,"[{""stage"":"""",""tkid"":""426"",""ref"":""426_千利休_朝右.png"",""emotion"":0}]"
lord_1_soma,,相馬盛胤,相马盛胤,相马,427,Soma Moritane,clan_soma_1,ou,精确匹配织丰,1,1529,1554,1601,病死,,,相马义胤,只限武将,30,30,性急,勇敢,理想,轻率,不重情义,74,武具,普通,普通,平氏,刀剑,72,61,47,29,54,2,2,0,0,1,1,2,0,0,1,0,2,0,2,0,0,无,强袭,无,无要求,,,已登场,相马盛胤,大名,首领,相马家,小高城,无,已登场,相马盛胤,大名,首领,相马家,小高城,无,已登场,相马盛胤,大名,首领,相马家,小高城,无,已登场,相马盛胤,大名,首领,相马家,小高城,无,已登场,相马盛胤,大名,首领,相马家,小高城,无,已登场,相马盛胤,大名,首领,相马家,小高城,无,已登场,相马盛胤,家老,直臣,相马家,小高城,无,已登场,相马盛胤,家老,直臣,相马家,小高城,无,已登场,相马盛胤,下忍,直臣,风魔众,风魔之里,无,,,,"[{""stage"":"""",""tkid"":""427"",""ref"":""427_相马盛胤_朝右.png"",""emotion"":0}]"
lord_1_soma_2,,相馬義胤,相马义胤,相马,428,Soma Yoshitane,clan_soma_1,ou,精确匹配织丰,1,1548,1562,1635,病死,相马盛胤,,相马盛胤,只限武将,30,30,普通,勇敢,理想,轻率,普通,79,武具,普通,嗜酒如命,平氏,刀剑,67,68,44,54,52,2,2,0,0,1,2,1,0,1,1,0,0,0,1,0,0,无,强袭，拔突，铁壁,无,一般条件,,,未登场,相马义胤,家老,直臣,相马家,小高城,无,未登场,相马义胤,家老,直臣,相马家,小高城,无,已登场,相马义胤,家老,直臣,相马家,小高城,无,已登场,相马义胤,家老,直臣,相马家,小高城,无,已登场,相马义胤,家老,直臣,相马家,小高城,无,已登场,相马义胤,家老,直臣,相马家,小高城,无,已登场,相马义胤,大名,首领,相马家,小高城,无,已登场,相马义胤,大名,首领,相马家,小高城,无,已登场,相马义胤,下忍,直臣,风魔众,风魔之里,无,,,,"[{""stage"":"""",""tkid"":""428"",""ref"":""428_相马义胤_朝右.png"",""emotion"":0}]"
lord_1_soo_yoshitoshi,,宗義調,宗义调,宗,429,Soo Yoshitoshi,clan_sō_1,saikai,基于分组自动创建家族,1,1532,1554,1588,病死,,宗将盛,宗义智,全职种,90,90,普通,普通,现实,普通,普通,61,书籍,普通,普通,其他,刀剑,58,39,51,47,50,1,0,0,2,0,0,1,0,0,0,1,0,0,2,0,0,无,强袭,无,无要求,,,已登场,宗义调,大名,首领,宗家,金石城,无,已登场,宗义调,大名,首领,宗家,金石城,无,已登场,宗义调,大名,首领,宗家,金石城,无,已登场,宗义调,大名,首领,宗家,金石城,无,已登场,宗义调,大名,首领,宗家,金石城,无,已登场,宗义调,大名,首领,宗家,金石城,无,已登场,宗义调,大名,首领,宗家,金石城,无,已死亡,宗义调,无效,无效,无,无效,无,已登场,宗义调,浪人,其他,无,岐阜之町,无,,,,"[{""stage"":"""",""tkid"":""429"",""ref"":""429_宗义调_朝右.png"",""emotion"":0}]"
lord_1_soo_yoshitomo,,宗義智,宗义智,宗,430,Soo Yoshitomo,clan_sō_1,saikai,基于分组自动创建家族,1,1568,1582,1615,病死,宗将盛,,宗义调,全职种,90,90,温和,胆小,现实,普通,普通,35,艺术品,普通,普通,其他,刀剑,37,29,55,72,61,1,0,0,2,0,0,0,0,0,0,1,0,0,3,0,0,无,强袭,无,无要求,,,未登场,宗义智,家老,直臣,宗家,金石城,无,未登场,宗义智,家老,直臣,宗家,金石城,无,未登场,宗义智,家老,直臣,宗家,金石城,无,未登场,宗义智,家老,直臣,宗家,金石城,无,未登场,宗义智,家老,直臣,宗家,金石城,无,已登场,宗义智,家老,直臣,宗家,金石城,无,已登场,宗义智,家老,直臣,宗家,金石城,无,已登场,宗义智,大名,首领,宗家,金石城,无,已登场,宗义智,浪人,其他,无,金泽之町,无,,,,"[{""stage"":"""",""tkid"":""430"",""ref"":""430_宗义智_朝右.png"",""emotion"":0}]"
dead_lord_1_sogo_1,,十河一存,十河一存,十河,431,Sogo Kazumasa,clan_sogo_1,nankai,精确匹配织丰,1,1532,1554,1561,病死,三好元长,三好长秀,安宅冬康 十河存保 三好笑岩 三好长治 三好长庆 三好义兴 三好实休 三好义继,只限武将,50,50,性急,勇敢,理想,轻率,重视情义,68,武具,贪心,嗜酒如命,其他,刀剑,76,67,47,38,68,2,2,2,2,1,2,2,1,0,0,0,0,0,1,0,1,无,强袭，拔突，铁壁,无,一般条件,,,已登场,十河一存,城主,直臣,细川家,十河城,无,已登场,十河一存,城主,直臣,三好家,十河城,无,已登场,十河一存,城主,直臣,三好家,十河城,无,已死亡,十河一存,无效,无效,无,无效,无,已死亡,十河一存,无效,无效,无,无效,无,已死亡,十河一存,无效,无效,无,无效,无,已死亡,十河一存,无效,无效,无,无效,无,已死亡,十河一存,无效,无效,无,无效,无,已登场,十河一存,家老,直臣,十河家,广岛城,无,,,,"[{""stage"":"""",""tkid"":""431"",""ref"":""431_十河一存_朝右.png"",""emotion"":0}]"
lord_1_sogo,,十河存保,十河存保,十河,432,Sogo Masayasu,clan_sogo_1,nankai,精确匹配织丰,1,1554,1568,1586,战死,三好实休,三好元长,安宅冬康 十河一存 三好长治 三好长庆 三好义兴 三好实休 三好义继,只限武将,50,50,性急,勇敢,普通,慎重,普通,72,艺术品,普通,普通,其他,刀剑,58,53,42,54,65,1,0,1,1,0,1,0,1,0,0,1,0,0,1,0,0,无,强袭,无,一般条件,,,未登场,十河存保,部将,陪臣（十河一存）,细川家,十河城,无,未登场,十河存保,部将,陪臣（十河一存）,三好家,十河城,无,未登场,十河存保,足轻组头,陪臣（十河一存）,三好家,十河城,无,已登场,十河存保,城主,直臣,三好家,十河城,无,已登场,十河存保,城主,直臣,三好家,十河城,无,已登场,十河存保,大名,首领,十河家,十河城,无,已登场,十河存保,大名,首领,十河家,十河城,无,已死亡,十河存保,无效,无效,无,无效,无,已登场,十河存保,大名,首领,十河家,广岛城,无,,,,"[{""stage"":"""",""tkid"":""432"",""ref"":""432_十河存保_朝右.png"",""emotion"":0}]"
lord_1_saito_dosan,,太原雪齋,太原雪斋,太原,433,Saito Dosan,clan_saito_1,tosan,基于分组自动创建家族,1,1496,1554,1555,病死,,,,全职种,48,60,温和,勇敢,现实,普通,重视情义,12,书籍,无欲,滴酒不沾,其他,枪,93,23,81,92,80,4,3,1,1,1,2,4,1,2,2,1,3,3,3,0,3,齐攻，风林火山,强袭，拔突，铁壁，伤药，丢钱,军师,一般条件,,,已登场,太原雪斋,家老,直臣,今川家,骏府城,无,已登场,太原雪斋,家老,直臣,今川家,骏府城,无,已死亡,太原雪斋,无效,无效,无,无效,无,已死亡,太原雪斋,无效,无效,无,无效,无,已死亡,太原雪斋,无效,无效,无,无效,无,已死亡,太原雪斋,无效,无效,无,无效,无,已死亡,太原雪斋,无效,无效,无,无效,无,已死亡,太原雪斋,无效,无效,无,无效,无,已登场,太原雪斋,浪人,其他,无,津山之町,无,,,,"[{""stage"":"""",""tkid"":""433"",""ref"":""433_太原雪斋_朝右.png"",""emotion"":0}]"
lord_1_didoji,,大道寺政繁,大道寺政繁,大道寺,434,Daidoji Masashige,clan_didoji_1,kanto,精确匹配织丰,1,1533,1554,1590,战死,,,,只限武将,80,80,普通,普通,普通,轻率,普通,51,书籍,无欲,普通,藤原氏,刀剑,56,44,82,51,49,1,1,1,1,0,1,2,0,3,2,1,1,0,1,1,0,无,强袭,无,无要求,,,已登场,大道寺政繁,侍大将,直臣,北条家,小田原城,无,已登场,大道寺政繁,侍大将,直臣,北条家,小田原城,无,已登场,大道寺政繁,侍大将,直臣,北条家,小田原城,无,已登场,大道寺政繁,侍大将,直臣,北条家,小田原城,无,已登场,大道寺政繁,侍大将,直臣,北条家,小田原城,无,已登场,大道寺政繁,部将,直臣,北条家,小田原城,无,已登场,大道寺政繁,部将,直臣,北条家,小田原城,无,已死亡,大道寺政繁,无效,无效,无,无效,无,已登场,大道寺政繁,家老,直臣,大久保家,佐贺城,无,,,,"[{""stage"":"""",""tkid"":""434"",""ref"":""434_大道寺政繁_朝右.png"",""emotion"":0}]"
lord_1_daihoji_2,,大寶寺義氏,大宝寺义氏,大宝寺,435,Daihoji Yoshiuji,clan_daihoji_1,ou,精确匹配织丰,1,1551,1565,1583,病死,大宝寺义增,,大宝寺义增 大宝寺义兴,全职种,0,0,普通,胆小,现实,普通,普通,62,书籍,贪心,普通,藤原氏,刀剑,19,16,21,52,9,0,0,0,0,0,0,1,0,0,0,0,1,0,1,0,0,无,强袭,无,无要求,,,未登场,大宝寺义氏,家老,直臣,大宝寺家,尾浦城,无,未登场,大宝寺义氏,家老,直臣,大宝寺家,尾浦城,无,未登场,大宝寺义氏,家老,直臣,大宝寺家,尾浦城,无,已登场,大宝寺义氏,大名,首领,大宝寺家,尾浦城,无,已登场,大宝寺义氏,大名,首领,大宝寺家,尾浦城,无,已登场,大宝寺义氏,大名,首领,大宝寺家,尾浦城,无,已死亡,大宝寺义氏,无效,无效,无,无效,无,已死亡,大宝寺义氏,无效,无效,无,无效,无,已登场,大宝寺义氏,家老,直臣,大久保家,佐贺城,无,,,,"[{""stage"":"""",""tkid"":""435"",""ref"":""435_大宝寺义氏_朝右.png"",""emotion"":0}]"
lord_1_takashima_masashige,,高島正重,高岛正重,高岛,436,Takashima Masashige,clan_takashima_1,nankai,基于分组自动创建家族,1,1561,1575,1631,病死,,,,只限武将,80,80,温和,普通,现实,慎重,普通,22,书籍,普通,普通,其他,刀剑,40,48,53,37,41,0,0,0,0,0,0,0,0,1,1,1,2,3,1,0,0,无,强袭,无,无要求,,,未登场,高岛正重,足轻组头,直臣,一条家,中村城,无,未登场,高岛正重,足轻组头,直臣,一条家,中村城,无,未登场,高岛正重,足轻组头,直臣,一条家,中村城,无,未登场,高岛正重,足轻组头,直臣,一条家,中村城,无,已登场,高岛正重,足轻组头,直臣,长宗我部家,冈丰城,无,已登场,高岛正重,足轻组头,直臣,长宗我部家,冈丰城,无,已登场,高岛正重,足轻组头,直臣,长宗我部家,冈丰城,无,已登场,高岛正重,侍大将,直臣,长宗我部家,冈丰城,无,已登场,高岛正重,浪人,其他,无,宇须岸之町,无,,,,"[{""stage"":"""",""tkid"":""436"",""ref"":""436_高岛正重_朝右.png"",""emotion"":0}]"
lord_1_takanashi_masayori,,高梨政賴,高梨政赖,高梨,437,Takanashi Masayori,clan_takanashi_1,sanyo,基于分组自动创建家族,1,1513,1554,1576,病死,,,,全职种,15,15,普通,胆小,普通,轻率,普通,50,艺术品,普通,普通,源氏,刀剑,44,51,41,42,53,1,0,1,0,0,0,0,0,0,1,0,0,0,0,0,0,无,强袭,无,无要求,,,已登场,高梨政赖,城主,直臣,村上家,饭山城,无,已登场,高梨政赖,部将,直臣,长尾家,春日山城,无,已登场,高梨政赖,城主,直臣,长尾家,饭山城,无,已登场,高梨政赖,家老,直臣,上杉家,春日山城,无,已登场,高梨政赖,家老,直臣,上杉家,春日山城,无,已死亡,高梨政赖,无效,无效,无,无效,无,已死亡,高梨政赖,无效,无效,无,无效,无,已死亡,高梨政赖,无效,无效,无,无效,无,已登场,高梨政赖,浪人,其他,无,骏府之町,无,,,,"[{""stage"":"""",""tkid"":""437"",""ref"":""437_高梨政赖_朝右.png"",""emotion"":0}]"
lord_1_takahashi_hiroyoshi,,高橋鑒種,高桥鉴种,高桥,438,Takahashi Hiroyoshi,clan_takahashi_1,saikai,家族和文化自动推断,1,1536,1554,1579,病死,一万田亲泰,,一万田鉴实,全职种,20,20,性急,勇敢,普通,轻率,不重情义,88,艺术品,贪心,普通,其他,刀剑,46,60,54,49,56,1,1,1,0,1,1,0,0,0,1,0,0,0,1,0,0,无,强袭,无,无要求,,,未登场,高桥鉴种,城主,直臣,毛利家,岩屋城,无,已登场,高桥鉴种,国主,直臣,大友家,岩屋城,无,已登场,高桥鉴种,城主,直臣,大友家,岩屋城,无,已登场,高桥鉴种,城主,直臣,毛利家,岩屋城,无,已登场,高桥鉴种,城主,直臣,大友家,小仓城,无,已死亡,高桥鉴种,无效,无效,无,无效,无,已死亡,高桥鉴种,无效,无效,无,无效,无,已死亡,高桥鉴种,无效,无效,无,无效,无,已登场,高桥鉴种,浪人,其他,无,姬路之町,无,,,,"[{""stage"":"""",""tkid"":""438"",""ref"":""438_高桥鉴种_朝右.png"",""emotion"":0}]"
lord_1_takahashi_shoun,,高橋紹運,高桥绍运,高桥,439,Takahashi Shoun,clan_takahashi_1,saikai,家族和文化自动推断,1,1548,1562,1586,战死,吉弘鉴理,,立花直次 立花宗茂 吉弘鉴理 吉弘镇信,只限武将,80,80,性急,勇敢,普通,普通,重视情义,52,武具,普通,普通,其他,刀剑,84,87,40,65,77,2,3,2,1,1,2,3,0,0,0,1,0,1,0,0,1,无,强袭，拔突，铁壁,策士,一般条件,,,未登场,高桥绍运,家老,直臣,大友家,府内城,无,未登场,高桥绍运,家老,直臣,大友家,府内城,无,已登场,高桥绍运,家老,直臣,大友家,府内城,无,已登场,高桥绍运,家老,直臣,大友家,府内城,无,已登场,高桥绍运,城主,直臣,大友家,岩屋城,无,已登场,高桥绍运,城主,直臣,大友家,岩屋城,无,已登场,高桥绍运,城主,直臣,大友家,岩屋城,无,已死亡,高桥绍运,无效,无效,无,无效,无,已登场,高桥绍运,浪人,其他,无,仓敷之町,无,,,,"[{""stage"":"""",""tkid"":""439"",""ref"":""439_高桥绍运_朝右.png"",""emotion"":0}]"
lord_1_takayama_shigetomo,,高山重友,高山重友,高山,440,Takayama Shigetomo,clan_takayama_1,kinai,基于分组自动创建家族,1,1552,1566,1615,病死,高山友照,,高山友照,全职种,96,96,温和,胆小,理想,慎重,普通,49,南蛮物,无欲,滴酒不沾,平氏,刀剑,53,48,70,65,72,1,1,0,0,0,0,0,0,4,2,3,0,3,1,4,1,紧急修补，加护,强袭,风雅之士,一般条件,,,未登场,高山重友,足轻组头,陪臣（高山友照）,细川家,芥川城,无,未登场,高山重友,足轻组头,陪臣（高山友照）,三好家,多闻山城,无,未登场,高山重友,足轻组头,陪臣（松永久秀）,三好家,信贵山城,无,已登场,高山重友,足轻组头,陪臣（和田惟政）,织田家,高城,无,已登场,高山重友,足轻大将,陪臣（高山友照）,织田家,高城,无,已登场,高山重友,足轻大将,直臣,织田家,安土城,无,已登场,高山重友,城主,直臣,羽柴家,高城,无,已登场,高山重友,侍大将,直臣,前田家,金泽城,无,已登场,高山重友,足轻组头,直臣,山中家,江户城,无,,,,"[{""stage"":"""",""tkid"":""440"",""ref"":""440_高山重友_朝右.png"",""emotion"":0}]"
lord_1_takayama_tomoteru,,高山友照,高山友照,高山,441,Takayama Tomoteru,clan_takayama_1,kinai,基于分组自动创建家族,1,1530,1554,1596,病死,,,高山重友,全职种,96,96,温和,胆小,普通,慎重,不重情义,36,南蛮物,无欲,滴酒不沾,平氏,刀剑,47,50,61,59,66,0,1,0,0,1,0,1,0,0,0,0,0,2,1,3,1,无,强袭,风雅之士,无要求,,,已登场,高山友照,足轻大将,陪臣（三好长庆）,细川家,芥川城,无,已登场,高山友照,部将,陪臣（松永久秀）,三好家,多闻山城,无,已登场,高山友照,部将,陪臣（松永久秀）,三好家,信贵山城,无,已登场,高山友照,部将,陪臣（和田惟政）,织田家,高城,无,已登场,高山友照,城主,直臣,织田家,高城,无,已登场,高山友照,浪人,其他,无,敦贺之町,无,已登场,高山友照,浪人,其他,无,敦贺之町,无,已死亡,高山友照,无效,无效,无,无效,无,已登场,高山友照,足轻大将,直臣,山中家,江户城,无,,,,"[{""stage"":"""",""tkid"":""441"",""ref"":""441_高山友照_朝右.png"",""emotion"":0}]"
lord_1_takigawa,,瀧川一益,泷川一益,泷川,442,Takigawa Kazumasu,clan_takigawa_1,kinai,精确匹配织丰,1,1525,1554,1586,病死,泷川一胜,,前田庆次,全职种,90,90,普通,勇敢,普通,轻率,普通,67,南蛮物,普通,嗜酒如命,其他,火绳枪,80,81,54,81,72,3,2,4,0,2,3,2,3,2,1,1,3,2,2,1,2,枪炮乱射，钓瓶击，城门爆破，幻惑之术,强袭，连续斩，拔突，二连苦无，半月，急所击，二挺击，刚弓，石火，乱射，刚力，铁壁，丢钱,火枪名人,一般条件,,,已登场,泷川一益,浪人,其他,无,目加田之町,无,已登场,泷川一益,浪人,其他,无,清洲之町,无,已登场,泷川一益,侍大将,直臣,织田家,清洲城,无,已登场,泷川一益,城主,直臣,织田家,安浓津城,无,已登场,泷川一益,城主,直臣,织田家,长岛城,无,已登场,泷川一益,城主,直臣,织田家,长岛城,无,已登场,泷川一益,家老,直臣,羽柴家,石山本愿寺,无,已死亡,泷川一益,无效,无效,无,无效,无,已登场,泷川一益,足轻大将,直臣,一宫家,春日山城,无,,,,"[{""stage"":"""",""tkid"":""442"",""ref"":""442_泷川一益_朝右.png"",""emotion"":0}]"
lord_1_takigawa_yasumasa,,瀧川雄利,泷川雄利,泷川,443,Takigawa Yasumasa,clan_takigawa_1,kinai,家族和文化自动推断,1,1543,1557,1610,病死,,木造具政,木造具政,全职种,61,61,温和,胆小,现实,慎重,普通,19,书籍,普通,普通,其他,刀剑,55,23,44,60,37,2,0,0,1,0,1,1,0,0,1,0,1,2,2,0,1,无,强袭,无,无要求,,,未登场,泷川雄利,足轻组头,陪臣（木造具政）,北畠家,大河内城,无,未登场,泷川雄利,浪人,其他,无,大凑之町,无,已登场,泷川雄利,足轻组头,陪臣（木造具政）,北畠家,大河内城,无,已登场,泷川雄利,足轻组头,陪臣（木造具政）,北畠家,大河内城,无,已登场,泷川雄利,足轻组头,陪臣（织田信雄）,织田家,大河内城,无,已登场,泷川雄利,足轻组头,陪臣（织田信雄）,织田家,安浓津城,无,已登场,泷川雄利,部将,直臣,织田家,长岛城,无,已登场,泷川雄利,侍大将,直臣,丰臣家,大坂城,无,已登场,泷川雄利,浪人,其他,无,龟山之町,无,,,,"[{""stage"":"""",""tkid"":""443"",""ref"":""443_泷川雄利_朝右.png"",""emotion"":0}]"
lord_1_takakita_tamechika,,田北鎮周,田北镇周,田北,444,Takakita Tamechika,clan_takakita_1,saikai,基于分组自动创建家族,1,1544,1560,1578,战死,田北亲员,,田北绍铁,只限武将,61,61,普通,勇敢,理想,轻率,重视情义,55,书籍,普通,普通,藤原氏,刀剑,72,70,30,27,34,2,2,1,0,0,2,2,0,0,0,1,0,0,0,0,0,无,强袭，拔突，铁壁,无,无要求,,,未登场,田北镇周,足轻大将,直臣,大友家,府内城,无,未登场,田北镇周,部将,直臣,大友家,府内城,无,已登场,田北镇周,部将,直臣,大友家,府内城,无,已登场,田北镇周,部将,直臣,大友家,府内城,无,已登场,田北镇周,部将,直臣,大友家,府内城,无,已死亡,田北镇周,无效,无效,无,无效,无,已死亡,田北镇周,无效,无效,无,无效,无,已死亡,田北镇周,无效,无效,无,无效,无,已登场,田北镇周,足轻大将,直臣,北家,松前城,无,,,,"[{""stage"":"""",""tkid"":""444"",""ref"":""444_田北镇周_朝右.png"",""emotion"":0}]"
lord_1_takimotoji_hiyu,,瀧本寺非有,泷本寺非有,泷本寺,445,Takimotoji Hiyu,clan_takimotoji_1,nankai,基于分组自动创建家族,1,1539,1554,1595,病死,谷忠澄父,,谷忠澄,全职种,80,80,温和,普通,普通,慎重,普通,27,书籍,无欲,滴酒不沾,其他,枪,11,6,79,74,70,0,0,0,0,0,0,0,0,1,2,1,2,3,3,1,3,无,拔突，伤药,无,一般条件,,,未登场,泷本寺非有,侍大将,直臣,长宗我部家,冈丰城,无,已登场,泷本寺非有,侍大将,直臣,长宗我部家,冈丰城,无,已登场,泷本寺非有,侍大将,直臣,长宗我部家,冈丰城,无,已登场,泷本寺非有,侍大将,直臣,长宗我部家,冈丰城,无,已登场,泷本寺非有,侍大将,直臣,长宗我部家,冈丰城,无,已登场,泷本寺非有,侍大将,直臣,长宗我部家,冈丰城,无,已登场,泷本寺非有,侍大将,直臣,长宗我部家,冈丰城,无,已死亡,泷本寺非有,无效,无效,无,无效,无,已登场,泷本寺非有,浪人,其他,无,小诸之町,无,,,,"[{""stage"":"""",""tkid"":""445"",""ref"":""445_泷本寺非有_朝右.png"",""emotion"":0}]"
lord_1_takei_yuuan,,武井夕庵,武井夕庵,武井,446,Takei Yuuan,clan_takei_1,tokai,基于分组自动创建家族,1,1509,1554,1586,病死,,,,全职种,0,0,温和,胆小,普通,慎重,普通,13,书籍,普通,滴酒不沾,其他,枪,14,8,79,58,64,0,0,0,0,0,0,0,0,2,2,1,3,4,2,1,3,无,拔突，伤药，丢钱,无,无要求,,,已登场,武井夕庵,浪人,其他,无,清洲之町,无,已登场,武井夕庵,足轻组头,直臣,斋藤家,稻叶山城,无,已登场,武井夕庵,足轻组头,直臣,斋藤家,稻叶山城,无,已登场,武井夕庵,足轻组头,直臣,织田家,岐阜城,无,已登场,武井夕庵,足轻组头,直臣,织田家,岐阜城,无,已登场,武井夕庵,足轻组头,直臣,织田家,安土城,无,已登场,武井夕庵,浪人,其他,无,奈良之町,无,已死亡,武井夕庵,无效,无效,无,无效,无,已登场,武井夕庵,浪人,其他,无,杂贺之町,无,,,,"[{""stage"":"""",""tkid"":""446"",""ref"":""446_武井夕庵_朝右.png"",""emotion"":0}]"
lord_1_takeda_4,,武田勝賴,武田胜赖,武田,447,Takeda Katsuyori,clan_takeda_1,tosan,精确匹配织丰,1,1546,1560,1582,战死,武田信玄,武田信虎,一条信龙 武田逍遥轩 武田信玄 武田信繁 武田信丰 武田义信 仁科盛信 武田信虎,只限武将,70,70,性急,勇敢,普通,轻率,普通,79,武具,普通,普通,源氏,刀剑,79,85,51,61,37,2,3,2,0,1,3,3,0,1,1,2,1,1,1,1,0,影武者,强袭，连续斩，拔突，刚力，铁壁,无,一般条件,,"主角德川家康，长筱之战胜利
    主角织田信长，天目山之战胜利",未登场,武田胜赖,家老,直臣,武田家,踯躅崎馆,无,未登场,武田胜赖,部将,陪臣（武田信玄）,武田家,踯躅崎馆,无,已登场,武田胜赖,部将,直臣,武田家,踯躅崎馆,无,已登场,武田胜赖,家老,直臣,武田家,踯躅崎馆,无,已登场,武田胜赖,大名,首领,武田家,踯躅崎馆,无,已登场,武田胜赖,大名,首领,武田家,甲府城,无,已死亡,武田胜赖,无效,无效,无,无效,无,已死亡,武田胜赖,无效,无效,无,无效,无,已登场,武田胜赖,浪人,其他,无,浦户之町,无,,,,"[{""stage"":"""",""tkid"":""447"",""ref"":""447_武田胜赖_朝右.png"",""emotion"":0}]"
lord_1_takeda_harufusa,,武田逍遙軒,武田逍遥轩,武田,448,Takeda Harufusa,clan_takeda_1,tosan,家族和文化自动推断,1,1528,1554,1582,战死,武田信虎,,一条信龙 武田胜赖 武田信玄 武田信繁 武田信丰 仁科盛信 武田信虎,只限武将,62,62,温和,普通,普通,普通,重视情义,35,艺术品,无欲,普通,源氏,刀剑,61,44,74,68,75,2,1,0,0,0,0,2,0,0,1,2,1,3,1,1,0,无,强袭,无,一般条件,,,已登场,武田信廉,家老,直臣,武田家,踯躅崎馆,无,已登场,武田信廉,城主,直臣,武田家,高远城,无,已登场,武田信廉,城主,直臣,武田家,高远城,无,已登场,武田信廉,城主,直臣,武田家,高远城,无,已登场,武田逍遥轩,家老,直臣,武田家,踯躅崎馆,无,已登场,武田逍遥轩,家老,直臣,武田家,甲府城,无,已死亡,武田逍遥轩,无效,无效,无,无效,无,已死亡,武田逍遥轩,无效,无效,无,无效,无,已登场,武田逍遥轩,浪人,其他,无,岐阜之町,无,,,,"[{""stage"":"""",""tkid"":""448"",""ref"":""448_武田逍遙轩_朝正.png"",""emotion"":0}]"
lord_1_takeda,,武田信玄,武田信玄,武田,449,Takeda Shingen,clan_takeda_1,tosan,精确匹配织丰,1,1521,1554,1573,病死,武田信虎,,一条信龙 武田胜赖 武田逍遥轩 武田信繁 武田信丰 武田义信 仁科盛信 武田信虎,只限武将,62,62,普通,勇敢,普通,普通,不重情义,97,武具,贪心,普通,源氏,刀剑,99,85,93,99,92,4,4,3,0,4,3,4,3,3,4,4,3,2,3,1,3,齐攻，城门爆破，土龙攻，风林火山，影武者，鬼谋，威吓,强袭，连续斩，拔突，二连苦无，半月，急所击，刚弓，刚力，铁壁，伤药，丢钱,军师,一般条件,武田四名臣 山县昌景/马场信春/高坂昌信/内藤昌丰,主角德川家康，三方原之战胜利,已登场,武田晴信,大名,首领,武田家,踯躅崎馆,无,已登场,武田信玄,大名,首领,武田家,踯躅崎馆,无,已登场,武田信玄,大名,首领,武田家,踯躅崎馆,无,已登场,武田信玄,大名,首领,武田家,踯躅崎馆,无,已死亡,武田信玄,无效,无效,无,无效,无,已死亡,武田信玄,无效,无效,无,无效,无,已死亡,武田信玄,无效,无效,无,无效,无,已死亡,武田信玄,无效,无效,无,无效,无,已登场,武田信玄,浪人,其他,无,会津之町,无,,,,"[{""stage"":"""",""tkid"":""449"",""ref"":""449_武田信玄_朝右.png"",""emotion"":0}]"
lord_1_takeda_nobumaki,,武田信繁,武田信繁,武田,450,Takeda Nobumaki,clan_takeda_1,tosan,家族和文化自动推断,1,1525,1554,1561,战死,武田信虎,,一条信龙 武田胜赖 武田逍遥轩 武田信玄 武田信丰 仁科盛信 武田信虎,只限武将,62,62,温和,勇敢,普通,轻率,重视情义,42,武具,无欲,普通,源氏,刀剑,84,81,77,75,85,2,3,2,0,3,3,3,0,1,2,2,1,3,3,1,2,影武者,强袭，连续斩，拔突，刚弓，刚力，铁壁,无,不可,,主角武田信玄，川中岛之战败北,已登场,武田信繁,家老,直臣,武田家,踯躅崎馆,无,已登场,武田信繁,家老,直臣,武田家,踯躅崎馆,无,已登场,武田信繁,家老,直臣,武田家,踯躅崎馆,无,已死亡,武田信繁,无效,无效,无,无效,无,已死亡,武田信繁,无效,无效,无,无效,无,已死亡,武田信繁,无效,无效,无,无效,无,已死亡,武田信繁,无效,无效,无,无效,无,已死亡,武田信繁,无效,无效,无,无效,无,已登场,武田信繁,浪人,其他,无,宇须岸之町,无,,,,"[{""stage"":"""",""tkid"":""450"",""ref"":""450_武田信繁_朝右.png"",""emotion"":0}]"
lord_1_takeda_shigemasa,,武田信豐,武田信丰,武田,451,Takeda Shigemasa,clan_takeda_1,tosan,家族和文化自动推断,1,1548,1562,1582,战死,武田信繁,武田信虎,一条信龙 武田胜赖 武田逍遥轩 武田信玄 武田信繁 仁科盛信 武田信虎,只限武将,64,64,普通,普通,普通,慎重,重视情义,54,艺术品,无欲,普通,源氏,刀剑,39,25,71,70,75,1,2,0,0,1,1,1,0,0,2,2,2,2,1,1,1,无,强袭,无,无要求,,,未登场,武田信丰,侍大将,陪臣（武田信繁）,武田家,踯躅崎馆,无,未登场,武田信丰,部将,陪臣（武田信繁）,武田家,小诸城,无,已登场,武田信丰,足轻组头,陪臣（武田信繁）,武田家,踯躅崎馆,无,已登场,武田信丰,城主,直臣,武田家,小诸城,无,已登场,武田信丰,城主,直臣,武田家,小诸城,无,已登场,武田信丰,城主,直臣,武田家,小诸城,无,已死亡,武田信丰,无效,无效,无,无效,无,已死亡,武田信丰,无效,无效,无,无效,无,已登场,武田信丰,浪人,其他,无,堺之町,无,,,,"[{""stage"":"""",""tkid"":""451"",""ref"":""451_武田信丰_朝右.png"",""emotion"":0}]"
lord_1_takeda_renlei,,武田元明,武田元明,武田,452,Takeda Renlei,clan_takeda_1,tosan,家族和文化自动推断,1,1552,1566,1582,战死,,,,只限武将,0,50,性急,胆小,理想,普通,普通,55,艺术品,贪心,滴酒不沾,源氏,刀剑,14,9,17,36,44,0,0,0,1,0,0,0,0,0,0,0,0,1,1,0,0,无,强袭,无,无要求,,,未登场,武田元明,浪人,其他,无,小滨之町,无,未登场,武田元明,浪人,其他,无,小滨之町,无,未登场,武田元明,浪人,其他,无,小滨之町,无,已登场,武田元明,浪人,其他,无,小滨之町,无,已登场,武田元明,浪人,其他,无,小滨之町,无,已登场,武田元明,侍大将,陪臣（明智光秀）,织田家,丹波龟山城,无,已死亡,武田元明,无效,无效,无,无效,无,已死亡,武田元明,无效,无效,无,无效,无,已登场,武田元明,浪人,其他,无,尾道之町,无,,,,"[{""stage"":"""",""tkid"":""452"",""ref"":""452_武田元明_朝右.png"",""emotion"":0}]"
lord_1_takeda_nobuyuki,,武田義信,武田义信,武田,453,Takeda Nobuyuki,clan_takeda_1,tosan,家族和文化自动推断,1,1538,1554,1567,战死,武田信玄,,武田胜赖 武田信玄 仁科盛信,只限武将,62,32,普通,普通,理想,慎重,不重情义,65,艺术品,普通,普通,源氏,刀剑,75,65,66,56,60,2,2,1,0,2,1,2,0,1,0,0,0,2,0,1,1,无,强袭，刚弓,无,一般条件,战国三弹正 真田幸隆/高坂昌信/保科正俊,,未登场,武田义信,家老,直臣,武田家,踯躅崎馆,无,已登场,武田义信,家老,直臣,武田家,踯躅崎馆,无,已登场,武田义信,家老,直臣,武田家,踯躅崎馆,无,已死亡,武田义信,无效,无效,无,无效,无,已死亡,武田义信,无效,无效,无,无效,无,已死亡,武田义信,无效,无效,无,无效,无,已死亡,武田义信,无效,无效,无,无效,无,已死亡,武田义信,无效,无效,无,无效,无,已登场,武田义信,浪人,其他,无,敦贺之町,无,,,,"[{""stage"":"""",""tkid"":""453"",""ref"":""453_武田义信_朝右.png"",""emotion"":0}]"
lord_1_takenaka_shigemoto,,竹中重門,竹中重门,竹中,454,Takenaka Shigemoto,clan_takenaka_1,tokai,基于分组自动创建家族,1,1573,1587,1631,病死,竹中半兵卫,,竹中半兵卫,全职种,0,0,温和,普通,现实,普通,普通,55,书籍,普通,滴酒不沾,源氏,刀剑,58,55,79,60,69,2,1,1,1,0,1,3,1,3,2,2,0,3,1,2,2,无,强袭，连续斩,无,无要求,,,未登场,竹中重门,足轻组头,陪臣（竹中半兵卫）,斋藤家,大垣城,无,未登场,竹中重门,足轻组头,陪臣（竹中半兵卫）,斋藤家,大垣城,无,未登场,竹中重门,足轻组头,陪臣（竹中半兵卫）,斋藤家,稻叶山城,无,未登场,竹中重门,足轻组头,陪臣（木下藤吉郎）,织田家,岐阜城,无,未登场,竹中重门,足轻组头,陪臣（羽柴秀吉）,织田家,长滨城,无,未登场,竹中重门,足轻组头,陪臣（羽柴秀吉）,织田家,姬路城,无,未登场,竹中重门,足轻组头,直臣,羽柴家,石山本愿寺,无,已登场,竹中重门,城主,直臣,丰臣家,墨俣城,无,已登场,竹中重门,当家,首领,石头屋,会津之町,无,,,,"[{""stage"":"""",""tkid"":""454"",""ref"":""454_竹中重门_朝右.png"",""emotion"":0}]"
lord_1_takenaka_hanbee,,竹中半兵衛,竹中半兵卫,竹中,455|1167,Takenaka Hanbee,clan_takenaka_1,tokai,基于分组自动创建家族,1,1544,1558,1579,病死,竹中重元,,竹中重门 竹中久作,没那个意思,10,10,温和,胆小,现实,慎重,重视情义,44,艺术品,无欲,滴酒不沾,源氏,刀剑,96,71,80,97,88,4,3,3,1,2,2,4,2,2,2,2,3,2,3,2,0,齐攻,强袭，连续斩，八神太刀，拔突，二连苦无，急所击，刚弓，金刚力，铁壁，气声，丢钱，大喝,军师,不可,,主角丰臣秀吉，剧情拉拢竹中半兵卫,未登场,竹中半兵卫,足轻大将,陪臣（安藤守就）,斋藤家,大垣城,新当流,未登场,竹中半兵卫,足轻大将,陪臣（安藤守就）,斋藤家,大垣城,新当流,已登场,竹中半兵卫,部将,陪臣（安藤守就）,斋藤家,大垣城,新当流,已登场,竹中半兵卫,足轻大将,陪臣（木下藤吉郎）,织田家,岐阜城,新当流,已登场,竹中半兵卫,部将,陪臣（羽柴秀吉）,织田家,长滨城,新当流,已死亡,竹中半兵卫,无效,无效,无,无效,无,已死亡,竹中半兵卫,无效,无效,无,无效,无,已死亡,竹中半兵卫,无效,无效,无,无效,无,已登场,竹中半兵卫,当家,首领,百货屋,敦贺之町,新当流,,,"[{""stage"":""计"",""tkid"":""455"",""ref"":"""",""emotion"":1},{""stage"":""卿"",""tkid"":""1167"",""ref"":"""",""emotion"":1}]","[{""stage"":""计"",""tkid"":""455"",""ref"":""455_竹中半兵卫_朝右.png"",""emotion"":1},{""stage"":""卿"",""tkid"":""1167"",""ref"":""1167_竹中半兵卫_朝右.png"",""emotion"":1}]"
lord_1_tachibana_dosetsu,,立花道雪,立花道雪,立花,456,Tachibana Dosetsu,clan_tachibana_1,saikai,基于分组自动创建家族,1,1513,1554,1585,病死,,,,只限武将,84,84,普通,勇敢,普通,普通,普通,40,武具,普通,普通,藤原氏,刀剑,95,87,68,68,85,3,4,3,2,3,3,3,0,1,1,0,0,2,1,1,0,无,强袭，连续斩，拔突，急所击，刚弓，刚力，铁壁,军师,一般条件,,,已登场,户次鉴连,家老,直臣,大友家,府内城,无,已登场,户次鉴连,家老,直臣,大友家,府内城,无,已登场,户次鉴连,家老,直臣,大友家,府内城,无,已登场,户次鉴连,家老,直臣,大友家,府内城,无,已登场,立花道雪,城主,直臣,大友家,立花山城,无,已登场,立花道雪,城主,直臣,大友家,立花山城,无,已登场,立花道雪,家老,直臣,大友家,府内城,无,已死亡,立花道雪,无效,无效,无,无效,无,已登场,立花道雪,浪人,其他,无,滨松之町,无,,,,"[{""stage"":"""",""tkid"":""456"",""ref"":""456_立花道雪_朝右.png"",""emotion"":0}]"
lord_1_tachibana_naotsugu,,立花直次,立花直次,立花,457,Tachibana Naotsugu,clan_tachibana_1,saikai,基于分组自动创建家族,1,1572,1586,1617,病死,高桥绍运,吉弘鉴理,高桥绍运 立花宗茂 吉弘鉴理 吉弘镇信,只限武将,84,84,温和,胆小,普通,普通,普通,55,书籍,普通,普通,藤原氏,刀剑,51,55,60,53,60,1,1,1,1,0,1,1,0,0,1,0,0,1,0,0,0,无,强袭,无,无要求,,,未登场,高桥直次,足轻组头,陪臣（户次鉴连）,大友家,府内城,无,未登场,高桥直次,足轻组头,陪臣（户次鉴连）,大友家,府内城,无,未登场,高桥直次,足轻组头,陪臣（户次鉴连）,大友家,府内城,无,未登场,高桥直次,足轻组头,陪臣（户次鉴连）,大友家,府内城,无,未登场,高桥直次,足轻组头,陪臣（立花道雪）,大友家,立花山城,无,未登场,立花直次,足轻组头,陪臣（立花道雪）,大友家,立花山城,无,未登场,立花直次,足轻组头,陪臣（立花宗茂）,大友家,立花山城,无,已登场,立花直次,家老,直臣,立花家,柳川城,无,已登场,立花直次,浪人,其他,无,今治之町,无,,,,"[{""stage"":"""",""tkid"":""457"",""ref"":""457_立花直次_朝右.png"",""emotion"":0}]"
lord_1_tachibana_muneshige,,立花宗茂,立花宗茂,立花,458,Tachibana Muneshige,clan_tachibana_1,saikai,基于分组自动创建家族,1,1567,1581,1642,病死,高桥绍运,吉弘鉴理,高桥绍运 立花直次 吉弘鉴理 吉弘镇信,只限武将,84,84,性急,普通,普通,慎重,普通,70,南蛮物,普通,普通,藤原氏,刀剑,86,79,60,68,72,3,2,3,0,2,2,3,0,0,2,1,2,2,1,1,2,无,强袭，拔突，急所击，刚弓，铁壁,无,一般条件,,,未登场,高桥统虎,足轻组头,陪臣（户次鉴连）,大友家,府内城,无,未登场,高桥统虎,足轻组头,陪臣（户次鉴连）,大友家,府内城,无,未登场,高桥统虎,足轻组头,陪臣（高桥绍运）,大友家,府内城,无,未登场,高桥统虎,足轻组头,陪臣（户次鉴连）,大友家,府内城,无,已登场,高桥统虎,足轻组头,陪臣（立花道雪）,大友家,立花山城,无,已登场,立花宗茂,足轻组头,陪臣（立花道雪）,大友家,立花山城,无,已登场,立花宗茂,城主,直臣,大友家,立花山城,无,已登场,立花宗茂,大名,首领,立花家,柳川城,无,已登场,立花宗茂,浪人,其他,无,龟山之町,无,,,,"[{""stage"":"""",""tkid"":""458"",""ref"":""458_立花宗茂_朝右.png"",""emotion"":0}]"
lord_1_tatsuhara,,立原久綱,立原久纲,立原,459,Tachihara Hisatsuna,clan_tatsuhara_1,sanyo,精确匹配织丰,1,1531,1554,1613,病死,,,,没那个意思,15,15,温和,普通,普通,慎重,重视情义,54,书籍,无欲,普通,源氏,刀剑,43,45,55,61,52,1,0,1,0,0,0,0,0,2,1,1,1,3,1,0,0,无,强袭,无,无要求,,,已登场,立原久纲,家老,直臣,尼子家,月山富田城,无,已登场,立原久纲,侍大将,直臣,尼子家,月山富田城,无,已登场,立原久纲,部将,直臣,尼子家,月山富田城,无,已登场,立原久纲,浪人,其他,无,松江之町,无,已登场,立原久纲,浪人,其他,无,松江之町,无,已登场,立原久纲,浪人,其他,无,松江之町,无,已登场,立原久纲,浪人,其他,无,松江之町,无,已登场,立原久纲,部将,直臣,蜂须贺家,德岛城,无,已登场,立原久纲,浪人,其他,无,仙台之町,无,,,,"[{""stage"":"""",""tkid"":""459"",""ref"":""459_立原久纲_朝右.png"",""emotion"":0}]"
lord_1_tateoka_2,,楯岡滿茂,楯冈满茂,楯冈,460,Tateoka Mitsushige,clan_tateoka_1,ou,精确匹配织丰,1,1547,1561,1623,病死,,,,全职种,0,0,普通,勇敢,普通,普通,普通,51,艺术品,普通,普通,源氏,刀剑,57,48,39,47,41,1,1,0,0,0,1,1,0,0,0,0,1,0,0,0,0,无,强袭,无,无要求,,,未登场,楯冈满茂,侍大将,直臣,最上家,山形城,无,未登场,楯冈满茂,部将,直臣,最上家,山形城,无,已登场,楯冈满茂,部将,直臣,最上家,山形城,无,已登场,楯冈满茂,部将,直臣,最上家,山形城,无,已登场,楯冈满茂,部将,直臣,最上家,山形城,无,已登场,楯冈满茂,部将,直臣,最上家,山形城,无,已登场,楯冈满茂,部将,直臣,最上家,山形城,无,已登场,楯冈满茂,家老,直臣,最上家,山形城,无,已登场,楯冈满茂,浪人,其他,无,冈崎之町,无,,,,"[{""stage"":"""",""tkid"":""460"",""ref"":""460_楯冈满茂_朝右.png"",""emotion"":0}]"
lord_1_date_7,,伊達實際引數,伊达实元,伊达,461,Date Sanemoto,clan_date_1,ou,精确匹配织丰,1,1527,1554,1587,病死,伊达稙宗,,石川昭光 伊达成实 伊达稙宗 伊达辉宗 伊达晴宗 留守政景 亘理元宗,只限武将,62,62,普通,勇敢,普通,普通,普通,22,书籍,普通,普通,藤原氏,刀剑,56,47,58,60,63,2,1,0,0,0,1,2,0,1,1,1,1,1,1,0,0,无,强袭,无,无要求,,,已登场,伊达实元,家老,直臣,伊达家,米泽城,无,已登场,伊达实元,家老,直臣,伊达家,米泽城,无,已登场,伊达实元,家老,直臣,伊达家,米泽城,无,已登场,伊达实元,家老,直臣,伊达家,米泽城,无,已登场,伊达实元,家老,直臣,伊达家,米泽城,无,已登场,伊达实元,家老,直臣,伊达家,米泽城,无,已登场,伊达实元,家老,直臣,伊达家,米泽城,无,已死亡,伊达实元,无效,无效,无,无效,无,已登场,伊达实元,浪人,其他,无,安土之町,无,,,,"[{""stage"":"""",""tkid"":""461"",""ref"":""461_伊达实元_朝右.png"",""emotion"":0}]"
lord_1_date_9,,伊達成實,伊达成实,伊达,462,Date Shigezane,clan_date_1,ou,精确匹配织丰,1,1568,1582,1646,病死,伊达实元,伊达稙宗,石川昭光 伊达实元 伊达稙宗 伊达辉宗 伊达晴宗 留守政景 亘理元宗,只限武将,62,62,普通,勇敢,理想,轻率,重视情义,61,武具,普通,普通,藤原氏,刀剑,71,75,55,54,77,3,2,1,0,2,2,2,1,1,1,1,1,2,1,1,1,骑射突击,强袭，拔突，刚弓，铁壁,无,一般条件,,,未登场,伊达成实,足轻组头,陪臣（伊达实元）,伊达家,米泽城,无,未登场,伊达成实,足轻组头,陪臣（伊达实元）,伊达家,米泽城,无,未登场,伊达成实,足轻组头,陪臣（伊达实元）,伊达家,米泽城,无,未登场,伊达成实,足轻组头,陪臣（伊达实元）,伊达家,米泽城,无,未登场,伊达成实,足轻组头,陪臣（伊达实元）,伊达家,米泽城,无,已登场,伊达成实,足轻组头,陪臣（伊达实元）,伊达家,米泽城,无,已登场,伊达成实,部将,陪臣（伊达实元）,伊达家,米泽城,无,已登场,伊达成实,家老,直臣,伊达家,仙台城,无,已登场,伊达成实,浪人,其他,无,足利之町,无,,,,"[{""stage"":"""",""tkid"":""462"",""ref"":""462_伊达成实_朝右.png"",""emotion"":0}]"
dead_lord_1_date_4,,伊達稙宗,伊达稙宗,伊达,463,Date Tanemune,clan_date_1,ou,精确匹配织丰,1,1488,1554,1565,病死,,,石川昭光 伊达实元 伊达成实 伊达辉宗 伊达晴宗 留守政景 亘理元宗,没那个意思,80,80,普通,勇敢,现实,普通,不重情义,93,武具,贪心,普通,藤原氏,刀剑,79,76,90,91,46,2,2,2,0,1,2,3,2,3,3,2,3,3,4,0,2,激励,强袭，拔突，二连苦无，铁壁，丢钱,无,一般条件,,,已登场,伊达稙宗,浪人,其他,无,仙台之町,无,已登场,伊达稙宗,家老,直臣,伊达家,米泽城,无,已登场,伊达稙宗,浪人,其他,无,仙台之町,无,已死亡,伊达稙宗,无效,无效,无,无效,无,已死亡,伊达稙宗,无效,无效,无,无效,无,已死亡,伊达稙宗,无效,无效,无,无效,无,已死亡,伊达稙宗,无效,无效,无,无效,无,已死亡,伊达稙宗,无效,无效,无,无效,无,已登场,伊达稙宗,浪人,其他,无,厩桥之町,无,,,,"[{""stage"":"""",""tkid"":""463"",""ref"":""463_伊达稙宗_朝右.png"",""emotion"":0}]"
lord_1_date,,伊達輝宗,伊达辉宗,伊达,464,Date Terumune,clan_date_1,ou,精确匹配织丰,1,1544,1558,1585,战死,伊达晴宗,伊达稙宗,石川昭光 伊达实元 伊达成实 伊达稙宗 伊达晴宗 伊达政宗 留守政景 亘理元宗 伊达小次郎,没那个意思,62,62,温和,胆小,普通,普通,不重情义,48,艺术品,普通,普通,藤原氏,刀剑,69,48,73,52,65,2,2,1,0,1,1,2,1,1,2,1,1,1,1,1,1,无,强袭,无,一般条件,,,未登场,伊达辉宗,家老,直臣,伊达家,米泽城,无,未登场,伊达辉宗,部将,陪臣（伊达晴宗）,伊达家,米泽城,无,已登场,伊达辉宗,家老,直臣,伊达家,米泽城,无,已登场,伊达辉宗,大名,首领,伊达家,米泽城,无,已登场,伊达辉宗,大名,首领,伊达家,米泽城,无,已登场,伊达辉宗,大名,首领,伊达家,米泽城,无,已登场,伊达辉宗,家老,直臣,伊达家,米泽城,无,已死亡,伊达辉宗,无效,无效,无,无效,无,已登场,伊达辉宗,浪人,其他,无,甲府之町,无,,,,"[{""stage"":"""",""tkid"":""464"",""ref"":""464_伊达辉宗_朝右.png"",""emotion"":0}]"
lord_1_date_2,,伊達晴宗,伊达晴宗,伊达,465,Date Harumune,clan_date_1,ou,精确匹配织丰,1,1519,1554,1577,病死,伊达稙宗,,石川昭光 伊达实元 伊达成实 伊达稙宗 伊达辉宗 伊达政宗 留守政景 亘理元宗 伊达小次郎,只限武将,48,48,性急,勇敢,普通,普通,不重情义,84,艺术品,贪心,普通,藤原氏,刀剑,76,56,81,80,79,2,3,1,0,2,1,3,1,2,1,2,2,1,2,1,2,无,强袭，刚弓,无,一般条件,,,已登场,伊达晴宗,大名,首领,伊达家,米泽城,无,已登场,伊达晴宗,大名,首领,伊达家,米泽城,无,已登场,伊达晴宗,大名,首领,伊达家,米泽城,无,已登场,伊达晴宗,浪人,其他,无,仙台之町,无,已登场,伊达晴宗,家老,直臣,伊达家,米泽城,无,已死亡,伊达晴宗,无效,无效,无,无效,无,已死亡,伊达晴宗,无效,无效,无,无效,无,已死亡,伊达晴宗,无效,无效,无,无效,无,已登场,伊达晴宗,浪人,其他,无,木更津之町,无,,,,"[{""stage"":"""",""tkid"":""465"",""ref"":""465_伊达晴宗_朝右.png"",""emotion"":0}]"
lord_1_date_6,,伊達政宗,伊达政宗,伊达,466|1168,Date Masamune,clan_date_1,ou,精确匹配织丰,1,1567,1577,1636,病死,伊达辉宗,伊达晴宗,石川昭光 伊达辉宗 伊达晴宗 留守政景 伊达小次郎,只限武将,62,62,性急,勇敢,现实,慎重,不重情义,90,南蛮物,贪心,普通,藤原氏,刀剑,93,79,94,92,96,3,4,4,2,3,3,3,2,3,4,3,3,2,3,2,3,齐攻，狙击，钓瓶击，骑射突击，土龙攻，影武者,强袭，连续斩，拔突，二连苦无，急所击，刚弓，刚力，铁壁，伤药，丢钱,策士,一般条件,伊达三杰 片仓景纲/伊达成实/鬼庭纲元,,未登场,伊达政宗,部将,陪臣（伊达辉宗）,伊达家,米泽城,无,未登场,伊达政宗,部将,陪臣（伊达辉宗）,伊达家,米泽城,无,未登场,伊达政宗,足轻组头,陪臣（伊达辉宗）,伊达家,米泽城,无,未登场,伊达政宗,部将,陪臣（伊达辉宗）,伊达家,米泽城,无,未登场,伊达政宗,部将,陪臣（伊达辉宗）,伊达家,米泽城,无,已登场,伊达政宗,家老,直臣,伊达家,米泽城,无,已登场,伊达政宗,大名,首领,伊达家,米泽城,无,已登场,伊达政宗,大名,首领,伊达家,仙台城,无,已登场,伊达政宗,浪人,其他,无,岐阜之町,无,,,"[{""stage"":""奥州"",""tkid"":""466"",""ref"":"""",""emotion"":1},{""stage"":""阵"",""tkid"":""1168"",""ref"":"""",""emotion"":1}]","[{""stage"":""奥州"",""tkid"":""466"",""ref"":""466_伊达政宗_朝右.png"",""emotion"":1},{""stage"":""阵"",""tkid"":""1168"",""ref"":""1168_伊达政宗_朝右.png"",""emotion"":1}]"
lord_1_tanaka_katsuie,,田中勝介,田中胜介,田中,467,Tanaka Katsuie,clan_tanaka_1,neutral_culture,基于分组自动创建家族,1,1571,1585,1620,病死,,,,武将以外优先,62,62,普通,勇敢,理想,轻率,普通,84,南蛮物,贪心,嗜酒如命,其他,枪,53,38,56,67,59,0,0,0,2,0,0,0,0,0,0,2,3,1,3,2,3,无,拔突，伤药，丢钱,无,无要求,,,未登场,田中胜介,浪人,其他,无,京之町,无,未登场,田中胜介,浪人,其他,无,京之町,无,未登场,田中胜介,浪人,其他,无,京之町,无,未登场,田中胜介,浪人,其他,无,京之町,无,未登场,田中胜介,浪人,其他,无,京之町,无,未登场,田中胜介,浪人,其他,无,京之町,无,未登场,田中胜介,浪人,其他,无,京之町,无,已登场,田中胜介,浪人,其他,无,京之町,无,已登场,田中胜介,足轻组头,直臣,中岛家,岩尾城,无,,,,"[{""stage"":"""",""tkid"":""467"",""ref"":""467_田中胜介_朝右.png"",""emotion"":0}]"
lord_1_tanaka_yoshimasa,,田中吉政,田中吉政,田中,468,Tanaka Yoshimasa,clan_tanaka_1,neutral_culture,基于分组自动创建家族,1,1548,1562,1609,病死,,,,全职种,16,16,普通,胆小,现实,普通,不重情义,70,南蛮物,普通,普通,其他,刀剑,52,54,64,47,49,1,0,1,0,0,0,1,0,0,2,1,2,1,2,2,2,无,强袭,无,无要求,,,未登场,田中吉政,足轻组头,陪臣（宫部继润）,浅井家,小谷城,无,未登场,田中吉政,足轻组头,陪臣（宫部继润）,浅井家,小谷城,无,未登场,田中吉政,足轻组头,陪臣（宫部继润）,浅井家,小谷城,无,已登场,田中吉政,足轻组头,陪臣（宫部继润）,浅井家,小谷城,无,已登场,田中吉政,足轻组头,陪臣（羽柴秀吉）,织田家,长滨城,无,已登场,田中吉政,足轻组头,陪臣（羽柴秀吉）,织田家,姬路城,无,已登场,田中吉政,足轻组头,陪臣（宫部继润）,羽柴家,鸟取城,无,已登场,田中吉政,大名,首领,田中家,冈崎城,无,已登场,田中吉政,足轻组头,直臣,中岛家,岩尾城,无,,,,"[{""stage"":"""",""tkid"":""468"",""ref"":""468_田中吉政_朝右.png"",""emotion"":0}]"
lord_1_tani_tadamasa,,穀忠澄,谷忠澄,谷,469,Tani Tadamasa,clan_tani_1,nankai,基于分组自动创建家族,1,1534,1554,1600,病死,谷忠澄父,,泷本寺非有,全职种,80,80,普通,普通,普通,慎重,普通,35,书籍,无欲,滴酒不沾,其他,刀剑,37,43,63,67,57,1,0,0,0,0,0,0,0,0,2,1,2,3,3,1,1,无,强袭,无,无要求,,,已登场,谷忠澄,侍大将,直臣,长宗我部家,冈丰城,无,已登场,谷忠澄,侍大将,直臣,长宗我部家,冈丰城,无,已登场,谷忠澄,侍大将,直臣,长宗我部家,冈丰城,无,已登场,谷忠澄,侍大将,直臣,长宗我部家,冈丰城,无,已登场,谷忠澄,侍大将,直臣,长宗我部家,冈丰城,无,已登场,谷忠澄,侍大将,直臣,长宗我部家,冈丰城,无,已登场,谷忠澄,侍大将,直臣,长宗我部家,冈丰城,无,已登场,谷忠澄,城主,直臣,长宗我部家,中村城,无,已登场,谷忠澄,浪人,其他,无,姬路之町,无,,,,"[{""stage"":"""",""tkid"":""469"",""ref"":""469_谷忠澄_朝右.png"",""emotion"":0}]"
lord_1_tanegashima,,種子島時堯,种子岛时尧,种子岛,470,Tanegashima Tokitaka,clan_tanegashima_1,saikai,精确匹配织丰,1,1528,1554,1579,病死,,,种子岛久时,全职种,30,30,普通,普通,现实,慎重,普通,59,南蛮物,贪心,普通,平氏,火绳枪,57,50,66,63,62,2,1,4,1,3,3,1,0,2,0,2,2,0,3,1,0,枪炮乱射,强袭，连续斩，拔突，急所击，二挺击，刚弓，石火，乱射，刚力，铁壁,火枪名人,无要求,,,已登场,种子岛时尧,侍大将,直臣,岛津家,内城,无,已登场,种子岛时尧,侍大将,直臣,岛津家,内城,无,已登场,种子岛时尧,侍大将,直臣,岛津家,内城,无,已登场,种子岛时尧,侍大将,直臣,岛津家,内城,无,已登场,种子岛时尧,侍大将,直臣,岛津家,内城,无,已死亡,种子岛时尧,无效,无效,无,无效,无,已死亡,种子岛时尧,无效,无效,无,无效,无,已死亡,种子岛时尧,无效,无效,无,无效,无,已登场,种子岛时尧,水夫头,直臣,村上水军,三岛之砦,无,,,,"[{""stage"":"""",""tkid"":""470"",""ref"":""470_种子岛时尧_朝右.png"",""emotion"":0}]"
lord_1_tanegashima_2,,種子島久時,种子岛久时,种子岛,471,Tanegashima Hisatoki,clan_tanegashima_1,saikai,精确匹配织丰,1,1568,1582,1611,病死,种子岛时尧,,种子岛时尧,全职种,30,30,普通,勇敢,普通,慎重,普通,65,南蛮物,贪心,普通,平氏,火绳枪,61,45,58,59,54,1,1,4,1,2,3,0,0,0,0,2,2,0,2,1,1,枪炮乱射，钓瓶击,强袭，连续斩，拔突，急所击，二挺击，刚弓，石火，乱射，刚力，铁壁,火枪名人,无要求,,,未登场,种子岛久时,足轻组头,陪臣（种子岛时尧）,岛津家,内城,无,未登场,种子岛久时,足轻组头,陪臣（种子岛时尧）,岛津家,内城,无,未登场,种子岛久时,足轻组头,陪臣（种子岛时尧）,岛津家,内城,无,未登场,种子岛久时,足轻组头,陪臣（种子岛时尧）,岛津家,内城,无,未登场,种子岛久时,足轻组头,陪臣（种子岛时尧）,岛津家,内城,无,已登场,种子岛久时,足轻组头,直臣,岛津家,内城,无,已登场,种子岛久时,足轻组头,直臣,岛津家,内城,无,已登场,种子岛久时,部将,直臣,岛津家,内城,无,已登场,种子岛久时,水夫头,直臣,村上水军,三岛之砦,无,,,,"[{""stage"":"""",""tkid"":""471"",""ref"":""471_种子岛久时_朝右.png"",""emotion"":0}]"
lord_1_tamura_2,,田村清顯,田村清显,田村,472,Tamura Kiyoaki,clan_tamura_1,ou,精确匹配织丰,1,1531,1554,1586,病死,,,,只限武将,46,46,普通,勇敢,普通,轻率,普通,50,武具,普通,普通,平氏,刀剑,64,52,51,47,53,2,2,0,0,0,0,2,0,1,1,0,0,0,0,0,0,无,强袭,无,无要求,,,已登场,田村清显,家老,直臣,芦名家,黑川城,无,已登场,田村清显,家老,直臣,芦名家,黑川城,无,已登场,田村清显,家老,直臣,芦名家,黑川城,无,已登场,田村清显,家老,直臣,芦名家,黑川城,无,已登场,田村清显,家老,直臣,芦名家,黑川城,无,已登场,田村清显,家老,直臣,芦名家,黑川城,无,已登场,田村清显,家老,直臣,芦名家,黑川城,无,已死亡,田村清显,无效,无效,无,无效,无,已登场,田村清显,浪人,其他,无,柳川之町,无,,,,"[{""stage"":"""",""tkid"":""472"",""ref"":""472_田村清显_朝右.png"",""emotion"":0}]"
lord_1_tarou_mitsutoshi,,多羅尾光俊,多罗尾光俊,多罗尾,473,Tarou Mitsutoshi,clan_tarou_1,neutral_culture,基于分组自动创建家族,1,1514,1554,1609,病死,,,,武将以外优先,90,90,普通,普通,普通,慎重,重视情义,39,武具,无欲,普通,藤原氏,苦无,56,72,33,63,71,3,2,2,0,1,3,2,4,0,0,2,0,1,2,0,0,城门爆破，鬼脚之术，奈落之术，红莲之术，伪情报,强袭，连续斩，拔突，二连苦无，半月，猛毒苦无，十字投，乱苦无，叠返之术，刚力，铁壁,苦无名人,一般条件,,,已登场,多罗尾光俊,头目,首领,甲贺众,甲贺之里,无,已登场,多罗尾光俊,头目,首领,甲贺众,甲贺之里,无,已登场,多罗尾光俊,头目,首领,甲贺众,甲贺之里,无,已登场,多罗尾光俊,头目,首领,甲贺众,甲贺之里,无,已登场,多罗尾光俊,头目,首领,甲贺众,甲贺之里,无,已登场,多罗尾光俊,头目,首领,甲贺众,甲贺之里,无,已登场,多罗尾光俊,头目,首领,甲贺众,甲贺之里,无,已登场,多罗尾光俊,侍大将,直臣,德川家,江户城,无,已登场,多罗尾光俊,浪人,其他,无,津山之町,无,,,,"[{""stage"":"""",""tkid"":""473"",""ref"":""473_多罗尾光俊_朝右.png"",""emotion"":0}]"
lord_1_tahara_chikayoshi,,田原親賢,田原亲贤,田原,474,Tahara Chikayoshi,clan_tahara_1,saikai,基于分组自动创建家族,1,1537,1554,1600,战死,,,,全职种,83,83,性急,普通,普通,轻率,普通,64,南蛮物,贪心,普通,藤原氏,刀剑,62,48,59,62,67,1,2,1,1,1,2,1,0,1,1,0,0,0,0,0,1,无,强袭，拔突，铁壁,无,无要求,,,已登场,田原亲贤,部将,直臣,大友家,府内城,无,已登场,田原亲贤,部将,直臣,大友家,府内城,无,已登场,田原亲贤,部将,直臣,大友家,府内城,无,已登场,田原亲贤,部将,直臣,大友家,府内城,无,已登场,田原亲贤,部将,直臣,大友家,府内城,无,已登场,田原亲贤,部将,直臣,大友家,府内城,无,已登场,田原亲贤,部将,直臣,大友家,府内城,无,已登场,田原亲贤,浪人,其他,无,府内之町,无,已登场,田原亲贤,浪人,其他,无,安土之町,无,,,,"[{""stage"":"""",""tkid"":""474"",""ref"":""474_田原亲贤_朝右.png"",""emotion"":0}]"
lord_1_chika_sonbee,,千賀孫兵衛,千贺孙兵卫,千贺,475,Chika Sonbee,clan_chika_1,neutral_culture,基于分组自动创建家族,1,1540,1554,1611,病死,,,,武将以外优先,73,73,温和,普通,普通,轻率,不重情义,55,艺术品,普通,普通,其他,刀剑,44,46,17,23,43,1,0,1,3,3,2,1,2,0,0,0,0,0,0,0,0,进水,强袭，拔突，二连苦无，刚弓，铁壁,无,无要求,,,未登场,千贺孙兵卫,船头,直臣,骏河水军,清水之砦,无,已登场,千贺孙兵卫,船头,直臣,骏河水军,清水之砦,无,已登场,千贺孙兵卫,船头,直臣,骏河水军,清水之砦,无,已登场,千贺孙兵卫,船头,直臣,骏河水军,清水之砦,无,已登场,千贺孙兵卫,船头,直臣,骏河水军,清水之砦,无,已登场,千贺孙兵卫,船头,直臣,骏河水军,清水之砦,无,已登场,千贺孙兵卫,船头,直臣,骏河水军,清水之砦,无,已登场,千贺孙兵卫,船头,直臣,江户水军,三崎之砦,无,已登场,千贺孙兵卫,家老,直臣,千家,海津城,无,,,,"[{""stage"":"""",""tkid"":""475"",""ref"":""475_千贺孙兵卫_朝右.png"",""emotion"":0}]"
lord_1_chisaka_kagechika,,千阪景親,千坂景亲,千坂,476,Chisaka Kagechika,clan_chisaka_1,hokuriku,基于分组自动创建家族,1,1536,1554,1606,病死,,,,全职种,15,15,温和,普通,现实,慎重,重视情义,55,书籍,普通,滴酒不沾,藤原氏,刀剑,27,36,61,82,77,0,1,0,0,0,0,1,0,0,0,0,1,2,3,1,2,无,强袭,无,无要求,,,已登场,千坂景亲,足轻大将,直臣,长尾家,春日山城,无,已登场,千坂景亲,足轻大将,直臣,长尾家,春日山城,无,已登场,千坂景亲,足轻大将,直臣,长尾家,春日山城,无,已登场,千坂景亲,足轻大将,直臣,上杉家,春日山城,无,已登场,千坂景亲,足轻大将,直臣,上杉家,春日山城,无,已登场,千坂景亲,足轻大将,直臣,上杉家,春日山城,无,已登场,千坂景亲,足轻大将,直臣,上杉家,春日山城,无,已登场,千坂景亲,部将,直臣,上杉家,会津若松城,无,已登场,千坂景亲,家老,直臣,千家,海津城,无,,,,"[{""stage"":"""",""tkid"":""476"",""ref"":""476_千坂景亲_朝右.png"",""emotion"":0}]"
lord_1_chiba_5,,千葉邦胤,千叶邦胤,千叶,477,Chiba Kunitane,clan_chiba_1,kanto,精确匹配织丰,1,1557,1571,1585,病死,千叶胤富,,千叶胤富,全职种,80,80,普通,普通,普通,轻率,普通,51,书籍,贪心,普通,平氏,刀剑,34,36,39,51,34,1,1,1,0,0,0,0,1,0,1,0,1,0,1,0,0,无,强袭,无,无要求,,,未登场,千叶邦胤,足轻组头,陪臣（千叶胤富）,北条家,佐仓城,无,未登场,千叶邦胤,足轻组头,陪臣（千叶胤富）,北条家,佐仓城,无,未登场,千叶邦胤,足轻组头,陪臣（千叶胤富）,北条家,佐仓城,无,未登场,千叶邦胤,足轻组头,陪臣（千叶胤富）,北条家,佐仓城,无,已登场,千叶邦胤,足轻组头,陪臣（千叶胤富）,北条家,佐仓城,无,已登场,千叶邦胤,城主,直臣,北条家,佐仓城,无,已登场,千叶邦胤,城主,直臣,北条家,佐仓城,无,已死亡,千叶邦胤,无效,无效,无,无效,无,已登场,千叶邦胤,部将,直臣,千家,海津城,无,,,,"[{""stage"":"""",""tkid"":""477"",""ref"":""477_千叶邦胤_朝右.png"",""emotion"":0}]"
lord_1_chiba,,千葉胤富,千叶胤富,千叶,478,Chiba Tanetomi,clan_chiba_1,kanto,精确匹配织丰,1,1525,1554,1579,病死,,,千叶邦胤,只限武将,80,80,普通,勇敢,普通,轻率,普通,53,书籍,普通,普通,平氏,刀剑,59,44,56,57,55,2,2,1,0,0,0,2,1,0,0,1,0,1,0,1,1,无,强袭,无,无要求,,,已登场,千叶胤富,城主,直臣,北条家,佐仓城,无,已登场,千叶胤富,城主,直臣,北条家,佐仓城,无,已登场,千叶胤富,城主,直臣,北条家,佐仓城,无,已登场,千叶胤富,城主,直臣,北条家,佐仓城,无,已登场,千叶胤富,城主,直臣,北条家,佐仓城,无,已死亡,千叶胤富,无效,无效,无,无效,无,已死亡,千叶胤富,无效,无效,无,无效,无,已死亡,千叶胤富,无效,无效,无,无效,无,已登场,千叶胤富,部将,直臣,千家,海津城,无,,,,"[{""stage"":"""",""tkid"":""478"",""ref"":""478_千叶胤富_朝右.png"",""emotion"":0}]"
lord_1_chaya_matashiro,,茶屋又四郎,茶屋又四郎,茶屋,479,Chaya Matashiro,clan_chaya_1,neutral_culture,基于分组自动创建家族,1,1584,1598,1622,病死,茶屋四郎次郎,,茶屋四郎次郎,武将以外优先,90,90,普通,勇敢,理想,普通,普通,57,南蛮物,贪心,嗜酒如命,源氏,枪,31,41,57,62,51,0,0,0,0,0,1,0,1,1,1,1,3,3,3,3,2,无,拔突，丢钱,风雅之士,无要求,,,未登场,茶屋又四郎,掌柜,直臣,茶屋,京之町,无,未登场,茶屋又四郎,掌柜,直臣,茶屋,京之町,无,未登场,茶屋又四郎,掌柜,直臣,茶屋,京之町,无,未登场,茶屋又四郎,掌柜,直臣,茶屋,京之町,无,未登场,茶屋又四郎,掌柜,直臣,茶屋,京之町,无,未登场,茶屋又四郎,掌柜,直臣,茶屋,京之町,无,未登场,茶屋又四郎,掌柜,直臣,茶屋,京之町,无,已登场,茶屋又四郎,当家,首领,茶屋,京之町,无,已登场,茶屋又四郎,家老,直臣,茶屋家,岐阜城,无,,,,"[{""stage"":"""",""tkid"":""479"",""ref"":""479_茶屋又四郎_朝右.png"",""emotion"":0}]"
lord_1_chaya_shiroujiro,,茶屋四郎次郎,茶屋四郎次郎,茶屋,480,Chaya Shiroujiro,clan_chaya_1,neutral_culture,基于分组自动创建家族,1,1545,1559,1596,病死,,,茶屋又四郎,武将以外优先,90,90,温和,胆小,现实,慎重,重视情义,49,南蛮物,贪心,普通,源氏,枪,10,3,68,79,67,0,0,0,0,0,0,0,0,0,2,2,4,3,4,2,3,无,拔突，伤药，丢钱，贿赂，大宴宾客,风雅之士,一般条件,,,已登场,茶屋四郎次郎,当家,首领,茶屋,京之町,无,已登场,茶屋四郎次郎,当家,首领,茶屋,京之町,无,已登场,茶屋四郎次郎,当家,首领,茶屋,京之町,无,已登场,茶屋四郎次郎,当家,首领,茶屋,京之町,无,已登场,茶屋四郎次郎,当家,首领,茶屋,京之町,无,已登场,茶屋四郎次郎,当家,首领,茶屋,京之町,无,已登场,茶屋四郎次郎,当家,首领,茶屋,京之町,无,已死亡,茶屋四郎次郎,无效,无效,无,无效,无,已登场,茶屋四郎次郎,大名,首领,茶屋家,岐阜城,无,,,,"[{""stage"":"""",""tkid"":""480"",""ref"":""480_茶屋四郎次郎_朝右.png"",""emotion"":0}]"
lord_1_chosokabe_kunichika,,長宗我部國親,长宗我部国亲,长宗我部,481,Chosokabe Kunichika,clan_chosokabe_1,nankai,家族和文化自动推断,1,1504,1554,1560,病死,,,香川亲和 吉良亲贞 吉良亲实 香宗我部亲泰 长宗我部信亲 长宗我部元亲 长宗我部盛亲 津野亲忠,只限武将,80,80,性急,勇敢,普通,轻率,重视情义,79,武具,贪心,嗜酒如命,其他,刀剑,84,73,69,66,71,3,2,1,2,1,1,2,1,2,1,1,0,0,1,0,0,无,强袭,无,一般条件,,,已登场,长宗我部国亲,大名,首领,长宗我部家,冈丰城,无,已登场,长宗我部国亲,大名,首领,长宗我部家,冈丰城,无,已死亡,长宗我部国亲,无效,无效,无,无效,无,已死亡,长宗我部国亲,无效,无效,无,无效,无,已死亡,长宗我部国亲,无效,无效,无,无效,无,已死亡,长宗我部国亲,无效,无效,无,无效,无,已死亡,长宗我部国亲,无效,无效,无,无效,无,已死亡,长宗我部国亲,无效,无效,无,无效,无,已登场,长宗我部国亲,浪人,其他,无,长船之町,无,,,,"[{""stage"":"""",""tkid"":""481"",""ref"":""481_长宗我部国亲_朝右.png"",""emotion"":0}]"
lord_1_chosokabe_2,,長宗我部信親,长宗我部信亲,长宗我部,482,Chosokabe Nobuchika,clan_chosokabe_1,nankai,精确匹配织丰,1,1565,1579,1586,战死,长宗我部元亲,长宗我部国亲,香川亲和 吉良亲贞 吉良亲实 香宗我部亲泰 长宗我部国亲 长宗我部元亲 长宗我部盛亲 津野亲忠,只限武将,89,89,温和,普通,普通,轻率,重视情义,43,书籍,普通,普通,其他,刀剑,75,69,67,60,82,2,2,0,0,1,2,2,0,2,1,1,1,1,1,1,1,无,强袭，拔突，铁壁,无,无要求,,,未登场,长宗我部信亲,家老,直臣,长宗我部家,冈丰城,无,未登场,长宗我部信亲,部将,陪臣（长宗我部元亲）,长宗我部家,冈丰城,无,未登场,长宗我部信亲,家老,直臣,长宗我部家,冈丰城,无,未登场,长宗我部信亲,家老,直臣,长宗我部家,冈丰城,无,未登场,长宗我部信亲,家老,直臣,长宗我部家,冈丰城,无,已登场,长宗我部信亲,家老,直臣,长宗我部家,冈丰城,无,已登场,长宗我部信亲,家老,直臣,长宗我部家,冈丰城,无,已死亡,长宗我部信亲,无效,无效,无,无效,无,已登场,长宗我部信亲,浪人,其他,无,长船之町,无,,,,"[{""stage"":"""",""tkid"":""482"",""ref"":""482_长宗我部信亲_朝右.png"",""emotion"":0}]"
lord_1_chosokabe,,長宗我部元親,长宗我部元亲,长宗我部,483,Chosokabe Motochika,clan_chosokabe_1,nankai,精确匹配织丰,1,1539,1560,1599,病死,长宗我部国亲,,香川亲和 吉良亲贞 吉良亲实 香宗我部亲泰 长宗我部国亲 长宗我部信亲 长宗我部盛亲 津野亲忠,只限武将,80,80,普通,普通,理想,轻率,普通,94,南蛮物,贪心,嗜酒如命,其他,刀剑,92,68,89,85,84,3,2,2,3,2,2,3,1,3,3,1,3,2,3,2,2,无,强袭，拔突，刚弓，铁壁，丢钱,无,一般条件,,,已登场,长宗我部元亲,家老,直臣,长宗我部家,冈丰城,无,已登场,长宗我部元亲,部将,直臣,长宗我部家,冈丰城,无,已登场,长宗我部元亲,大名,首领,长宗我部家,冈丰城,无,已登场,长宗我部元亲,大名,首领,长宗我部家,冈丰城,无,已登场,长宗我部元亲,大名,首领,长宗我部家,冈丰城,无,已登场,长宗我部元亲,大名,首领,长宗我部家,冈丰城,无,已登场,长宗我部元亲,大名,首领,长宗我部家,冈丰城,无,已登场,长宗我部元亲,家老,直臣,长宗我部家,冈丰城,无,已登场,长宗我部元亲,浪人,其他,无,长船之町,无,,,,"[{""stage"":"""",""tkid"":""483"",""ref"":""483_长宗我部元亲_朝正.png"",""emotion"":0}]"
lord_1_chosokabe_morichika,,長宗我部盛親,长宗我部盛亲,长宗我部,484,Chosokabe Morichika,clan_chosokabe_1,nankai,家族和文化自动推断,1,1575,1589,1615,战死,长宗我部元亲,长宗我部国亲,香川亲和 吉良亲贞 吉良亲实 香宗我部亲泰 长宗我部国亲 长宗我部信亲 长宗我部元亲 津野亲忠,全职种,99,99,性急,勇敢,理想,轻率,重视情义,78,武具,普通,嗜酒如命,其他,枪,62,72,31,27,64,1,2,1,0,1,2,2,0,0,0,0,0,2,2,1,0,无,强袭，拔突，铁壁,无,一般条件,,,未登场,长宗我部盛亲,足轻组头,直臣,长宗我部家,冈丰城,无,未登场,长宗我部盛亲,足轻组头,陪臣（长宗我部元亲）,长宗我部家,冈丰城,无,未登场,长宗我部盛亲,足轻组头,直臣,长宗我部家,冈丰城,无,未登场,长宗我部盛亲,足轻组头,直臣,长宗我部家,冈丰城,无,未登场,长宗我部盛亲,足轻组头,直臣,长宗我部家,冈丰城,无,未登场,长宗我部盛亲,足轻组头,直臣,长宗我部家,冈丰城,无,未登场,长宗我部盛亲,足轻组头,直臣,长宗我部家,冈丰城,无,已登场,长宗我部盛亲,大名,首领,长宗我部家,冈丰城,无,已登场,长宗我部盛亲,浪人,其他,无,长船之町,无,,,,"[{""stage"":"""",""tkid"":""484"",""ref"":""484_长宗我部盛亲_朝右.png"",""emotion"":0}]"
lord_1_cho,,長續連,长续连,长,485,Cho Tsugutsura,clan_cho_1,hokuriku,精确匹配织丰,1,1515,1560,1577,战死,,,长连龙,只限武将,90,90,普通,胆小,普通,轻率,不重情义,76,书籍,贪心,普通,源氏,刀剑,34,28,45,67,21,0,0,0,0,1,0,0,1,0,0,1,2,0,2,0,0,无,强袭,无,无要求,,,已登场,长续连,家老,直臣,畠山家,七尾城,无,已登场,长续连,家老,直臣,畠山家,七尾城,无,已登场,长续连,家老,直臣,畠山家,七尾城,无,已登场,长续连,大名,首领,长家,七尾城,无,已登场,长续连,大名,首领,长家,七尾城,无,已死亡,长续连,无效,无效,无,无效,无,已死亡,长续连,无效,无效,无,无效,无,已死亡,长续连,无效,无效,无,无效,无,已登场,长续连,浪人,其他,无,长船之町,无,,,,"[{""stage"":"""",""tkid"":""485"",""ref"":""485_长续连_朝右.png"",""emotion"":0}]"
lord_1_cho_4,,長連龍,长连龙,长,486,Cho Turatatsu,clan_cho_1,hokuriku,精确匹配织丰,1,1546,1560,1619,病死,长续连,,长续连,全职种,90,90,温和,胆小,普通,轻率,普通,68,书籍,普通,普通,源氏,刀剑,39,33,54,51,42,0,0,0,0,0,0,0,0,1,0,1,1,3,1,1,1,无,强袭,无,无要求,,,未登场,长连龙,侍大将,陪臣（长续连）,畠山家,七尾城,无,未登场,长连龙,侍大将,陪臣（长续连）,畠山家,七尾城,无,已登场,长连龙,侍大将,直臣,畠山家,七尾城,无,已登场,长连龙,侍大将,直臣,长家,七尾城,无,已登场,长连龙,侍大将,直臣,长家,七尾城,无,已登场,长连龙,侍大将,陪臣（前田利家）,织田家,七尾城,无,已登场,长连龙,侍大将,直臣,前田家,尾山城,无,已登场,长连龙,侍大将,直臣,前田家,金泽城,无,已登场,长连龙,浪人,其他,无,长船之町,无,,,,"[{""stage"":"""",""tkid"":""486"",""ref"":""486_长连龙_朝右.png"",""emotion"":0}]"
lord_1_tsukahara_bokuden,,塚原卜伝,塚原卜传,塚原,487,Tsukahara Bokuden,clan_tsukahara_1,neutral_culture,基于分组自动创建家族,1,1490,1560,1572,病死,,,,没那个意思,0,0,普通,普通,普通,普通,普通,42,武具,无欲,滴酒不沾,其他,刀剑,47,99,45,41,77,0,0,0,0,2,4,3,2,0,0,0,0,0,0,0,2,无,强袭，连续斩，八神太刀，一之太刀，拔突，二连苦无，刚弓，神妙剑，当身，刚力，金刚力，铁壁，气声，辱骂，大喝，炯眼，罗刹,剑圣,一般条件,,,已登场,塚原卜传,师范,其他,无,鹿岛之町,新当流,已登场,塚原卜传,师范,其他,无,鹿岛之町,新当流,已登场,塚原卜传,师范,其他,无,鹿岛之町,新当流,已登场,塚原卜传,师范,其他,无,鹿岛之町,新当流,已死亡,塚原卜传,无效,无效,无,无效,无,已死亡,塚原卜传,无效,无效,无,无效,无,已死亡,塚原卜传,无效,无效,无,无效,无,已死亡,塚原卜传,无效,无效,无,无效,无,已登场,塚原卜传,师范,其他,无,鹿岛之町,新当流,,,,"[{""stage"":"""",""tkid"":""487"",""ref"":""487_塚原卜传_朝右.png"",""emotion"":0}]"
lord_1_tsugaru_tamenobu,,津輕為信,津轻为信,津轻,488,Tsugaru Tamenobu,clan_tsugaru_1,ou,基于分组自动创建家族,1,1550,1564,1607,病死,,,津轻信枚,只限武将,16,16,普通,勇敢,现实,轻率,不重情义,94,艺术品,贪心,普通,藤原氏,刀剑,85,65,84,89,84,3,2,2,2,1,2,3,2,3,0,2,2,2,3,1,1,无,强袭，拔突，二连苦无，铁壁,策士,一般条件,,,未登场,大浦为信,城主,直臣,南部家,大浦城,无,未登场,大浦为信,部将,直臣,南部家,三户城,无,已登场,大浦为信,城主,直臣,南部家,大浦城,无,已登场,大浦为信,城主,直臣,南部家,大浦城,无,已登场,津轻为信,城主,直臣,南部家,大浦城,无,已登场,津轻为信,城主,直臣,南部家,大浦城,无,已登场,津轻为信,大名,首领,津轻家,大浦城,无,已登场,津轻为信,大名,首领,津轻家,大浦城,无,已登场,津轻为信,船头,直臣,盐饱水军,盐饱之砦,无,,,,"[{""stage"":"""",""tkid"":""488"",""ref"":""488_津轻为信_朝右.png"",""emotion"":0}]"
lord_1_tsuge_sannojou,,柘植三之丞,柘植三之丞,柘植,489,Tsuge Sannojou,clan_tsuge_1,neutral_culture,基于分组自动创建家族,1,1542,1555,1631,病死,,,,全职种,90,90,普通,勇敢,现实,普通,重视情义,55,武具,无欲,普通,平氏,苦无,24,83,23,57,49,2,0,4,0,1,2,1,4,0,0,2,2,0,1,1,2,城门爆破，鬼脚之术，雾隐之术，雷爆之术,强袭，拔突，二连苦无，半月，急所击，猛毒苦无，十字投，乱苦无，叠返之术，铁壁，分身之术,苦无名人,无要求,,,未登场,柘植三之丞,中忍,直臣,伊贺众,伊贺之里,无,未登场,柘植三之丞,中忍,直臣,伊贺众,伊贺之里,无,已登场,柘植三之丞,中忍,直臣,伊贺众,伊贺之里,无,已登场,柘植三之丞,中忍,直臣,伊贺众,伊贺之里,无,已登场,柘植三之丞,中忍,直臣,伊贺众,伊贺之里,无,已登场,柘植三之丞,中忍,直臣,伊贺众,伊贺之里,无,已登场,柘植三之丞,中忍,直臣,伊贺众,伊贺之里,无,已登场,柘植三之丞,上忍,直臣,伊贺众,伊贺之里,无,已登场,柘植三之丞,侍大将,直臣,三刀屋家,骏府城,无,,,,"[{""stage"":"""",""tkid"":""489"",""ref"":""489_柘植三之丞_朝右.png"",""emotion"":0}]"
lord_1_tsuda_nobuzumi,,津田信澄,津田信澄,津田,490,Tsuda Nobuzumi,clan_tsuda_1,kinai,基于分组自动创建家族,1,1555,1569,1582,战死,织田信胜,织田信秀,织田有乐 织田信胜 织田信雄 织田信包 织田信孝 织田信忠 织田信长 织田信秀,全职种,30,30,普通,胆小,普通,轻率,普通,25,书籍,普通,普通,平氏,刀剑,43,44,39,41,78,0,1,0,1,1,0,1,1,0,0,1,1,1,0,1,0,无,强袭,无,无要求,,,未登场,津田信澄,足轻大将,陪臣（织田信胜）,织田家,那古野城,无,未登场,津田信澄,足轻大将,陪臣（织田信胜）,织田家,那古野城,无,未登场,津田信澄,足轻大将,直臣,织田家,清洲城,无,未登场,津田信澄,足轻大将,直臣,织田家,岐阜城,无,已登场,津田信澄,足轻大将,直臣,织田家,岐阜城,无,已登场,津田信澄,侍大将,直臣,织田家,安土城,无,已死亡,津田信澄,无效,无效,无,无效,无,已死亡,津田信澄,无效,无效,无,无效,无,已登场,津田信澄,头领,首领,盐饱水军,盐饱之砦,无,,,,"[{""stage"":"""",""tkid"":""490"",""ref"":""490_津田信澄_朝右.png"",""emotion"":0}]"
lord_1_tsuchiya_masatsune,,土屋昌恒,土屋昌恒,土屋,491,Tsuchiya Masatsune,clan_tsuchiya_1,tosan,基于分组自动创建家族,1,1556,1570,1582,战死,,,,只限武将,90,90,普通,普通,普通,轻率,重视情义,19,武具,普通,普通,源氏,刀剑,52,71,21,30,58,2,2,0,0,0,3,0,0,0,0,0,0,1,0,0,1,无,强袭，连续斩，拔突，刚力，铁壁,无,无要求,,,未登场,土屋昌恒,足轻大将,直臣,武田家,踯躅崎馆,无,未登场,土屋昌恒,足轻大将,直臣,武田家,踯躅崎馆,无,未登场,土屋昌恒,足轻大将,直臣,武田家,踯躅崎馆,无,未登场,土屋昌恒,足轻大将,直臣,武田家,踯躅崎馆,无,已登场,土屋昌恒,足轻大将,直臣,武田家,踯躅崎馆,无,已登场,土屋昌恒,足轻大将,直臣,武田家,甲府城,无,已死亡,土屋昌恒,无效,无效,无,无效,无,已死亡,土屋昌恒,无效,无效,无,无效,无,已登场,土屋昌恒,浪人,其他,无,土崎凑之町,无,,,,"[{""stage"":"""",""tkid"":""491"",""ref"":""491_土屋昌恒_朝右.png"",""emotion"":0}]"
lord_1_tsutsui_8,,筒井定次,筒井定次,筒井,492,Tsutsui Sadatsugu,clan_tsutsui_1,kinai,精确匹配织丰,1,1562,1576,1615,战死,,筒井顺昭,筒井顺庆 筒井顺昭,全职种,3,3,普通,胆小,普通,慎重,普通,46,南蛮物,普通,普通,藤原氏,刀剑,24,22,34,17,49,0,0,0,0,0,0,0,0,1,1,0,0,0,1,1,1,无,强袭,无,无要求,,,未登场,筒井定次,足轻组头,陪臣（筒井顺庆）,筒井家,大和郡山城,无,未登场,筒井定次,足轻组头,陪臣（筒井顺庆）,筒井家,大和郡山城,无,未登场,筒井定次,足轻组头,直臣,筒井家,大和郡山城,无,未登场,筒井定次,足轻组头,直臣,筒井家,大和郡山城,无,未登场,筒井定次,足轻组头,陪臣（筒井顺庆）,筒井家,大和郡山城,无,已登场,筒井定次,足轻大将,陪臣（筒井顺庆）,织田家,大和郡山城,无,已登场,筒井定次,部将,直臣,筒井家,大和郡山城,无,已登场,筒井定次,大名,首领,筒井家,伊贺上野城,无,已登场,筒井定次,浪人,其他,无,小仓之町,无,,,,"[{""stage"":"""",""tkid"":""492"",""ref"":""492_筒井定次_朝右.png"",""emotion"":0}]"
lord_1_tsutsui,,筒井順慶,筒井顺庆,筒井,493,Tsutsui Junkei,clan_tsutsui_1,kinai,精确匹配织丰,1,1549,1563,1584,病死,筒井顺昭,,筒井定次 筒井顺昭,全职种,3,3,温和,胆小,现实,慎重,普通,50,艺术品,普通,普通,藤原氏,刀剑,56,44,71,68,70,2,1,1,0,2,1,1,0,1,1,1,1,2,2,1,1,无,强袭，刚弓,无,一般条件,,,未登场,筒井顺庆,家老,直臣,筒井家,大和郡山城,无,已登场,筒井顺庆,大名,首领,筒井家,大和郡山城,无,已登场,筒井顺庆,大名,首领,筒井家,大和郡山城,无,已登场,筒井顺庆,大名,首领,筒井家,大和郡山城,无,已登场,筒井顺庆,大名,首领,筒井家,大和郡山城,无,已登场,筒井顺庆,国主,直臣,织田家,大和郡山城,无,已登场,筒井顺庆,大名,首领,筒井家,大和郡山城,无,已死亡,筒井顺庆,无效,无效,无,无效,无,已登场,筒井顺庆,浪人,其他,无,轮岛之町,无,,,,"[{""stage"":"""",""tkid"":""493"",""ref"":""493_筒井顺庆_朝右.png"",""emotion"":0}]"
lord_1_tsunokuma_sekisyu,,角隈石宗,角隈石宗,角隈,494,Tsunokuma Sekisyu,clan_tsunokuma_1,saikai,基于分组自动创建家族,1,1511,1554,1578,战死,,,,只限武将,96,96,普通,普通,理想,普通,普通,40,书籍,普通,普通,其他,刀剑,68,55,45,83,76,3,2,2,2,0,1,4,0,1,0,0,3,0,0,0,1,无,强袭，丢钱,无,无要求,,,已登场,角隈石宗,足轻大将,陪臣（大友义镇）,大友家,府内城,无,已登场,角隈石宗,部将,直臣,大友家,府内城,无,已登场,角隈石宗,侍大将,直臣,大友家,府内城,无,已登场,角隈石宗,部将,直臣,大友家,府内城,无,已登场,角隈石宗,部将,直臣,大友家,府内城,无,已死亡,角隈石宗,无效,无效,无,无效,无,已死亡,角隈石宗,无效,无效,无,无效,无,已死亡,角隈石宗,无效,无效,无,无效,无,已登场,角隈石宗,浪人,其他,无,津山之町,无,,,,"[{""stage"":"""",""tkid"":""494"",""ref"":""494_角隈石宗_朝右.png"",""emotion"":0}]"
lord_1_tsuno_heizoo,,津野親忠,津野亲忠,津野,495,Tsuno Heizoo,clan_tsuno_1,nankai,家族和文化自动推断,1,1572,1586,1600,病死,长宗我部元亲,长宗我部国亲,香川亲和 吉良亲贞 吉良亲实 香宗我部亲泰 长宗我部国亲 长宗我部信亲 长宗我部元亲 长宗我部盛亲,只限武将,80,80,普通,勇敢,理想,轻率,普通,86,艺术品,普通,普通,其他,刀剑,43,40,55,40,68,1,1,0,1,1,0,0,0,0,0,1,0,0,1,1,0,无,强袭,无,无要求,,,未登场,津野亲忠,足轻组头,直臣,长宗我部家,冈丰城,无,未登场,津野亲忠,足轻组头,陪臣（长宗我部元亲）,长宗我部家,冈丰城,无,未登场,津野亲忠,足轻组头,直臣,长宗我部家,冈丰城,无,未登场,津野亲忠,足轻组头,直臣,长宗我部家,冈丰城,无,未登场,津野亲忠,足轻组头,直臣,长宗我部家,冈丰城,无,未登场,津野亲忠,足轻组头,直臣,长宗我部家,冈丰城,无,未登场,津野亲忠,足轻组头,直臣,长宗我部家,冈丰城,无,已登场,津野亲忠,侍大将,直臣,长宗我部家,冈丰城,无,已登场,津野亲忠,船头,直臣,盐饱水军,盐饱之砦,无,,,,"[{""stage"":"""",""tkid"":""495"",""ref"":""495_津野亲忠_朝右.png"",""emotion"":0}]"
lord_1_doi_3,,土居宗珊,土居宗珊,土居,496,Doi Sozan,clan_doi_1,nankai,精确匹配织丰,1,1518,1554,1572,战死,,,,只限武将,20,20,性急,勇敢,理想,慎重,重视情义,22,书籍,无欲,普通,其他,刀剑,68,40,68,69,80,2,1,1,0,1,0,3,0,1,1,0,2,1,1,1,0,无,强袭,无,一般条件,,,已登场,土居宗珊,家老,直臣,一条家,中村城,无,已登场,土居宗珊,家老,直臣,一条家,中村城,无,已登场,土居宗珊,家老,直臣,一条家,中村城,无,已登场,土居宗珊,家老,直臣,一条家,中村城,无,已死亡,土居宗珊,无效,无效,无,无效,无,已死亡,土居宗珊,无效,无效,无,无效,无,已死亡,土居宗珊,无效,无效,无,无效,无,已死亡,土居宗珊,无效,无效,无,无效,无,已登场,土居宗珊,浪人,其他,无,丸龟之町,无,,,,"[{""stage"":"""",""tkid"":""496"",""ref"":""496_土居宗珊_朝右.png"",""emotion"":0}]"
lord_1_doi_toshikatsu,,土井利勝,土井利胜,土井,497,Doi Toshikatsu,clan_doi_1,nankai,家族和文化自动推断,1,1573,1587,1644,病死,,,,只限武将,90,90,温和,勇敢,现实,慎重,重视情义,19,书籍,无欲,普通,藤原氏,刀剑,38,21,84,64,76,1,0,1,0,1,0,1,0,0,3,2,3,3,3,1,1,无,强袭，丢钱,无,一般条件,,,未登场,土井利胜,足轻组头,陪臣（松平竹千代）,松平家,冈崎城,无,未登场,土井利胜,足轻组头,陪臣（松平元康）,今川家,冈崎城,无,未登场,土井利胜,足轻组头,陪臣（松平元康）,今川家,冈崎城,无,未登场,土井利胜,足轻组头,直臣,德川家,冈崎城,无,未登场,土井利胜,足轻组头,直臣,德川家,滨松城,无,未登场,土井利胜,足轻组头,直臣,德川家,滨松城,无,未登场,土井利胜,足轻组头,直臣,德川家,滨松城,无,已登场,土井利胜,侍大将,直臣,德川家,江户城,无,已登场,土井利胜,浪人,其他,无,赤间关之町,无,,,,"[{""stage"":"""",""tkid"":""497"",""ref"":""497_土井利胜_朝右.png"",""emotion"":0}]"
lord_1_togo_shigekata,,東鄉重位,东乡重位,东乡,498,Togo Shigekata,clan_togo_1,saikai,基于分组自动创建家族,1,1561,1575,1643,病死,,,,没那个意思,40,40,普通,勇敢,理想,普通,普通,71,武具,无欲,嗜酒如命,平氏,刀剑,19,91,17,16,38,1,0,1,0,2,4,2,0,0,0,0,0,1,1,0,0,无,强袭，连续斩，八神太刀，一之太刀，碁盘斩，拔突，刚弓，神妙剑，当身，刚力，金刚力，铁壁，气声，辱骂，大喝，炯眼，罗刹,剑豪,一般条件,,,未登场,东乡重位,足轻组头,直臣,岛津家,内城,无,未登场,东乡重位,足轻组头,直臣,岛津家,内城,无,未登场,东乡重位,足轻组头,直臣,岛津家,内城,无,未登场,东乡重位,足轻组头,直臣,岛津家,内城,无,已登场,东乡重位,足轻组头,直臣,岛津家,内城,无,已登场,东乡重位,足轻大将,直臣,岛津家,内城,无,已登场,东乡重位,足轻大将,直臣,岛津家,内城,无,已登场,东乡重位,侍大将,直臣,岛津家,内城,示显流,已登场,东乡重位,大名,首领,东乡家,盛冈城,无,,,,"[{""stage"":"""",""tkid"":""498"",""ref"":""498_东乡重位_朝右.png"",""emotion"":0}]"
lord_1_todo_2,,藤堂高虎,藤堂高虎,藤堂,499|1169,Todo Takatora,clan_todo_1,kinai,精确匹配织丰,1,1556,1570,1630,病死,,,,全职种,90,90,温和,普通,现实,普通,不重情义,90,南蛮物,贪心,普通,源氏,枪,83,70,87,90,74,3,2,3,3,1,2,2,2,4,2,4,3,2,4,2,0,齐射，紧急修补，激励,强袭，拔突，二连苦无，急所击，铁壁，丢钱,雄辩,一般条件,,,未登场,藤堂高虎,足轻组头,直臣,浅井家,小谷城,无,未登场,藤堂高虎,足轻组头,直臣,浅井家,小谷城,无,未登场,藤堂高虎,足轻组头,直臣,浅井家,小谷城,无,未登场,藤堂高虎,足轻组头,直臣,浅井家,小谷城,无,已登场,藤堂高虎,足轻组头,直臣,织田家,岐阜城,无,已登场,藤堂高虎,足轻大将,直臣,织田家,安土城,无,已登场,藤堂高虎,侍大将,陪臣（羽柴秀长）,羽柴家,姬路城,无,已登场,藤堂高虎,大名,首领,藤堂家,宇和岛城,无,已登场,藤堂高虎,中忍,直臣,伊贺众,伊贺之里,无,,,"[{""stage"":""文"",""tkid"":""499"",""ref"":"""",""emotion"":1},{""stage"":""武"",""tkid"":""1169"",""ref"":"""",""emotion"":1}]","[{""stage"":""文"",""tkid"":""499"",""ref"":""499_藤堂高虎_朝右.png"",""emotion"":1},{""stage"":""武"",""tkid"":""1169"",""ref"":""1169_藤堂高虎_朝右.png"",""emotion"":1}]"
lord_1_toyama_takuma,,遠山景任,远山景任,远山,500,Toyama Takuma,clan_toyama_1,kanto,家族和文化自动推断,1,1529,1554,1572,病死,,,,只限武将,6,6,普通,普通,普通,慎重,普通,38,武具,普通,普通,藤原氏,刀剑,47,43,46,53,41,1,1,1,0,1,1,1,0,0,0,1,0,1,0,0,0,无,强袭,无,无要求,,,已登场,远山景任,城主,直臣,斋藤家,岩村城,无,已登场,远山景任,城主,直臣,斋藤家,岩村城,无,已登场,远山景任,城主,直臣,斋藤家,岩村城,无,已登场,远山景任,城主,直臣,织田家,岩村城,无,已死亡,远山景任,无效,无效,无,无效,无,已死亡,远山景任,无效,无效,无,无效,无,已死亡,远山景任,无效,无效,无,无效,无,已死亡,远山景任,无效,无效,无,无效,无,已登场,远山景任,足轻组头,直臣,山中家,江户城,无,,,,"[{""stage"":"""",""tkid"":""500"",""ref"":""500_远山景任_朝右.png"",""emotion"":0}]"
dead_lord_1_toyama_2,,遠山綱景,远山纲景,远山,501,Toyama Tsunakage,clan_toyama_1,kanto,精确匹配织丰,1,1513,1554,1564,病死,,,,全职种,82,82,温和,普通,普通,慎重,重视情义,40,书籍,普通,普通,藤原氏,刀剑,48,53,51,52,53,0,0,1,0,0,0,1,0,1,0,0,0,3,0,1,1,无,强袭,无,无要求,,,已登场,远山纲景,部将,直臣,北条家,小田原城,无,已登场,远山纲景,侍大将,直臣,北条家,小田原城,无,已登场,远山纲景,家老,直臣,北条家,小田原城,无,已死亡,远山纲景,无效,无效,无,无效,无,已死亡,远山纲景,无效,无效,无,无效,无,已死亡,远山纲景,无效,无效,无,无效,无,已死亡,远山纲景,无效,无效,无,无效,无,已死亡,远山纲景,无效,无效,无,无效,无,已登场,远山纲景,足轻组头,直臣,山中家,江户城,无,,,,"[{""stage"":"""",""tkid"":""501"",""ref"":""501_远山纲景_朝右.png"",""emotion"":0}]"
lord_1_togawa_hideyasu,,戶川秀安,户川秀安,户川,502,Togawa Hideyasu,clan_togawa_1,sanyo,基于分组自动创建家族,1,1533,1554,1592,病死,,,户川逵安,只限武将,15,15,普通,普通,普通,轻率,重视情义,30,武具,普通,普通,其他,刀剑,68,57,62,53,58,2,1,3,1,1,2,2,0,1,0,0,1,0,1,0,0,无,强袭，拔突，急所击，铁壁,无,无要求,,,已登场,户川秀安,侍大将,陪臣（宇喜多直家）,浦上家,天神山城,无,已登场,户川秀安,侍大将,陪臣（宇喜多直家）,浦上家,天神山城,无,已登场,户川秀安,侍大将,陪臣（宇喜多直家）,浦上家,天神山城,无,已登场,户川秀安,侍大将,陪臣（宇喜多直家）,浦上家,天神山城,无,已登场,户川秀安,侍大将,陪臣（宇喜多直家）,浦上家,冈山城,无,已登场,户川秀安,侍大将,直臣,宇喜多家,冈山城,无,已登场,户川秀安,侍大将,直臣,宇喜多家,冈山城,无,已死亡,户川秀安,无效,无效,无,无效,无,已登场,户川秀安,浪人,其他,无,土崎凑之町,无,,,,"[{""stage"":"""",""tkid"":""502"",""ref"":""502_户川秀安_朝右.png"",""emotion"":0}]"
lord_1_togawa_tomoyasu,,戶川逵安,户川逵安,户川,503,Togawa Tomoyasu,clan_togawa_1,sanyo,基于分组自动创建家族,1,1567,1581,1627,病死,户川秀安,,户川秀安,全职种,15,78,性急,普通,普通,轻率,不重情义,47,书籍,普通,普通,其他,枪,52,55,54,61,57,0,1,2,1,0,1,1,0,0,0,1,0,2,0,0,0,无,拔突,无,无要求,,,未登场,户川逵安,足轻组头,陪臣（户川秀安）,浦上家,天神山城,无,未登场,户川逵安,足轻组头,陪臣（户川秀安）,浦上家,天神山城,无,未登场,户川逵安,足轻组头,陪臣（户川秀安）,浦上家,天神山城,无,未登场,户川逵安,足轻组头,陪臣（户川秀安）,浦上家,天神山城,无,未登场,户川逵安,足轻组头,陪臣（户川秀安）,浦上家,冈山城,无,已登场,户川逵安,足轻组头,陪臣（户川秀安）,宇喜多家,冈山城,无,已登场,户川逵安,侍大将,陪臣（户川秀安）,宇喜多家,冈山城,无,已登场,户川逵安,部将,直臣,宇喜多家,冈山城,无,已登场,户川逵安,浪人,其他,无,鹿儿岛之町,无,,,,"[{""stage"":"""",""tkid"":""503"",""ref"":""503_户川逵安_朝右.png"",""emotion"":0}]"
lord_1_toki_yoritsugu,,土岐賴次,土岐赖次,土岐,504,Toki Yoritsugu,clan_toki_1,kinai,基于分组自动创建家族,1,1545,1559,1614,病死,,,,只限武将,10,10,温和,胆小,普通,轻率,普通,10,艺术品,贪心,普通,源氏,刀剑,23,16,24,23,11,0,1,0,0,0,0,0,0,0,0,0,0,2,1,0,0,无,强袭,无,无要求,,,未登场,土岐赖次,足轻组头,陪臣（松永久秀）,织田家,信贵山城,无,未登场,土岐赖次,足轻组头,陪臣（松永久秀）,三好家,多闻山城,无,已登场,土岐赖次,足轻组头,陪臣（松永久秀）,三好家,信贵山城,无,已登场,土岐赖次,足轻组头,陪臣（松永久秀）,织田家,信贵山城,无,已登场,土岐赖次,足轻组头,陪臣（松永久秀）,织田家,信贵山城,无,已登场,土岐赖次,浪人,其他,无,奈良之町,无,已登场,土岐赖次,浪人,其他,无,奈良之町,无,已登场,土岐赖次,足轻组头,直臣,丰臣家,大坂城,无,已登场,土岐赖次,浪人,其他,无,滨松之町,无,,,,"[{""stage"":"""",""tkid"":""504"",""ref"":""504_土岐赖次_朝右.png"",""emotion"":0}]"
lord_1_tokuitsu_michiyuki,,得居通之,得居通之,得居,505,Tokuitsu Michiyuki,clan_tokuitsu_1,sanyo,基于分组自动创建家族,1,1549,1563,1597,病死,村上通康,,来岛通总 村上通康,全职种,25,25,性急,勇敢,理想,轻率,不重情义,55,武具,普通,嗜酒如命,其他,刀剑,65,67,27,48,55,1,1,2,3,2,1,1,2,0,0,0,0,0,0,0,0,无,强袭，二连苦无，刚弓,无,无要求,,,未登场,得居通之,部将,直臣,河野家,汤筑城,无,未登场,得居通之,部将,直臣,河野家,汤筑城,无,已登场,得居通之,部将,直臣,河野家,汤筑城,无,已登场,得居通之,部将,直臣,河野家,汤筑城,无,已登场,得居通之,部将,直臣,河野家,汤筑城,无,已登场,得居通之,部将,直臣,河野家,汤筑城,无,已登场,得居通之,部将,直臣,河野家,汤筑城,无,已死亡,得居通之,无效,无效,无,无效,无,已登场,得居通之,浪人,其他,无,滨松之町,无,,,,"[{""stage"":"""",""tkid"":""505"",""ref"":""505_得居通之_朝正.png"",""emotion"":0}]"
lord_1_tokugawa,,德川家康,德川家康,德川,506,Tokugawa Ieyasu,clan_tokugawa_1,tokai,精确匹配织丰,1,1542,1554,1616,病死,松平广忠,松平清康,德川信康 德川秀忠 松平忠吉 水野胜成 水野忠重 水野信元 结城秀康 松平广忠,只限武将,90,90,普通,胆小,现实,慎重,普通,98,书籍,贪心,普通,源氏,火绳枪,88,79,99,98,97,4,3,3,1,2,1,4,1,4,4,3,3,2,3,1,4,齐攻，土龙攻，紧急修补，三河武者，影武者,急所击，二挺击，刚弓，伤药，止血，丢钱,无,不可,德川四天王 酒井忠次/本多忠胜/榊原康政/井伊直政,"主角丰臣秀吉，剧情家康臣服
    主角石田三成，关原之战胜利
    主角真田幸村，大阪夏之阵胜利",未登场,松平竹千代,部将,直臣,松平家,冈崎城,无,已登场,松平元康,部将,直臣,今川家,骏府城,无,已登场,松平元康,城主,直臣,今川家,冈崎城,无,已登场,德川家康,大名,首领,德川家,冈崎城,无,已登场,德川家康,大名,首领,德川家,滨松城,无,已登场,德川家康,大名,首领,德川家,滨松城,无,已登场,德川家康,大名,首领,德川家,滨松城,无,已登场,德川家康,大名,首领,德川家,江户城,无,已登场,德川家康,足轻组头,直臣,河尻家,水户城,无,,,,"[{""stage"":"""",""tkid"":""506"",""ref"":""506_德川家康_朝右.png"",""emotion"":0}]"
lord_1_tokugawa_2,,德川信康,德川信康,德川,507,Tokugawa Nobuyasu,clan_tokugawa_1,tokai,精确匹配织丰,1,1559,1573,1579,战死,德川家康,松平广忠,德川家康 德川秀忠 松平忠吉 结城秀康 松平广忠,只限武将,90,90,普通,普通,理想,轻率,不重情义,78,武具,普通,普通,源氏,刀剑,72,78,63,51,88,3,2,1,0,2,1,1,0,1,2,0,2,1,2,1,1,无,强袭，刚弓,无,一般条件,冈崎三奉行 天野康景/高力清长/本多重次,,未登场,德川信康,侍大将,陪臣（松平竹千代）,松平家,冈崎城,无,未登场,德川信康,部将,陪臣（松平元康）,今川家,骏府城,无,未登场,德川信康,足轻组头,陪臣（松平元康）,今川家,冈崎城,无,未登场,德川信康,家老,直臣,德川家,冈崎城,无,已登场,德川信康,城主,直臣,德川家,冈崎城,无,已死亡,德川信康,无效,无效,无,无效,无,已死亡,德川信康,无效,无效,无,无效,无,已死亡,德川信康,无效,无效,无,无效,无,已登场,德川信康,足轻组头,直臣,河尻家,水户城,无,,,,"[{""stage"":"""",""tkid"":""507"",""ref"":""507_德川信康_朝右.png"",""emotion"":0}]"
lord_1_tokugawa_hidetada,,德川秀忠,德川秀忠,德川,508,Tokugawa Hidetada,clan_tokugawa_1,tokai,家族和文化自动推断,1,1579,1593,1632,病死,德川家康,松平广忠,德川家康 德川信康 松平忠吉 结城秀康 松平广忠,只限武将,90,90,温和,胆小,现实,轻率,普通,60,书籍,无欲,普通,源氏,火绳枪,63,28,85,75,79,1,0,2,0,1,1,2,0,3,3,3,3,3,2,2,0,三河武者,急所击，丢钱,无,一般条件,,,未登场,德川秀忠,侍大将,陪臣（松平竹千代）,松平家,冈崎城,无,未登场,德川秀忠,部将,陪臣（松平元康）,今川家,骏府城,无,未登场,德川秀忠,足轻组头,陪臣（松平元康）,今川家,冈崎城,无,未登场,德川秀忠,家老,直臣,德川家,冈崎城,无,未登场,德川秀忠,家老,直臣,德川家,滨松城,无,未登场,德川秀忠,家老,直臣,德川家,滨松城,无,未登场,德川秀忠,家老,直臣,德川家,滨松城,无,已登场,德川秀忠,家老,直臣,德川家,江户城,柳生新阴流,已登场,德川秀忠,足轻组头,直臣,河尻家,水户城,无,,,,"[{""stage"":"""",""tkid"":""508"",""ref"":""508_德川秀忠_朝右.png"",""emotion"":0}]"
lord_1_tozawa_masazumi,,戶澤盛安,户泽盛安,户泽,509,Tozawa Masazumi,clan_tozawa_1,ou,家族和文化自动推断,1,1566,1580,1590,病死,,,,只限武将,50,50,普通,勇敢,普通,轻率,不重情义,75,武具,普通,普通,平氏,刀剑,74,70,43,60,75,3,2,1,0,2,3,2,0,1,1,0,2,0,2,1,0,风林火山,强袭，连续斩，拔突，刚弓，刚力，铁壁,无,无要求,,,未登场,户泽盛安,浪人,其他,无,土崎凑之町,无,未登场,户泽盛安,浪人,其他,无,土崎凑之町,无,未登场,户泽盛安,浪人,其他,无,土崎凑之町,无,未登场,户泽盛安,浪人,其他,无,土崎凑之町,无,未登场,户泽盛安,浪人,其他,无,土崎凑之町,无,已登场,户泽盛安,浪人,其他,无,土崎凑之町,无,已登场,户泽盛安,城主,直臣,最上家,角馆城,无,已死亡,户泽盛安,无效,无效,无,无效,无,已登场,户泽盛安,浪人,其他,无,鸣门之町,无,,,,"[{""stage"":"""",""tkid"":""509"",""ref"":""509_户泽盛安_朝右.png"",""emotion"":0}]"
lord_1_tomita_kagemasa,,富田景政,富田景政,富田,510,Tomita Kagemasa,clan_tomita_1,hokuriku,基于分组自动创建家族,1,1527,1554,1601,病死,富田景家,,富田重政 富田势源,只限武将,80,80,普通,普通,普通,慎重,重视情义,23,武具,无欲,普通,其他,刀剑,72,84,35,56,51,2,1,0,0,2,3,3,2,0,0,0,0,1,0,0,0,无,强袭，连续斩，切落，绝妙剑，拔突，二连苦无，刚弓，刚力，铁壁,剑士,一般条件,,,已登场,富田景政,侍大将,直臣,朝仓家,一乘谷城,中条流,已登场,富田景政,侍大将,直臣,朝仓家,一乘谷城,中条流,已登场,富田景政,侍大将,直臣,朝仓家,一乘谷城,中条流,已登场,富田景政,侍大将,直臣,朝仓家,一乘谷城,中条流,已登场,富田景政,浪人,其他,无,敦贺之町,中条流,已登场,富田景政,浪人,其他,无,敦贺之町,中条流,已登场,富田景政,浪人,其他,无,敦贺之町,中条流,已死亡,富田景政,无效,无效,无,无效,无,已登场,富田景政,浪人,其他,无,京之町,中条流,,,,"[{""stage"":"""",""tkid"":""510"",""ref"":""510_富田景政_朝右.png"",""emotion"":0}]"
lord_1_tomita_shigemasa,,富田重政,富田重政,富田,511,Tomita Shigemasa,clan_tomita_1,hokuriku,基于分组自动创建家族,1,1554,1568,1625,病死,富田景政,富田景家,富田景政 富田势源,只限武将,90,90,普通,勇敢,普通,轻率,普通,72,武具,无欲,嗜酒如命,其他,刀剑,70,82,14,46,38,2,2,0,0,0,3,3,0,0,0,0,0,1,0,0,0,无,强袭，连续斩，切落，绝妙剑，拔突，刚力，铁壁,剑士,一般条件,,,未登场,富田重政,足轻组头,陪臣（富田景政）,朝仓家,一乘谷城,中条流,未登场,富田重政,足轻组头,陪臣（富田景政）,朝仓家,一乘谷城,中条流,未登场,富田重政,足轻组头,陪臣（富田景政）,朝仓家,一乘谷城,中条流,已登场,富田重政,足轻组头,陪臣（富田景政）,朝仓家,一乘谷城,中条流,已登场,富田重政,浪人,其他,无,敦贺之町,中条流,已登场,富田重政,浪人,其他,无,敦贺之町,中条流,已登场,富田重政,浪人,其他,无,敦贺之町,中条流,已登场,富田重政,侍大将,直臣,前田家,金泽城,中条流,已登场,富田重政,浪人,其他,无,富山之町,中条流,,,,"[{""stage"":"""",""tkid"":""511"",""ref"":""511_富田重政_朝右.png"",""emotion"":0}]"
lord_1_tomita_seigen,,富田勢源,富田势源,富田,512,Tomita Seigen,clan_tomita_1,hokuriku,基于分组自动创建家族,1,1524,1554,1568,病死,富田景家,,富田景政 富田重政,没那个意思,80,80,温和,普通,理想,慎重,重视情义,6,武具,无欲,滴酒不沾,其他,刀剑,27,95,30,61,77,0,1,0,0,3,4,3,2,0,0,0,0,2,0,0,0,无,强袭，连续斩，切落，绝妙剑，拔突，二连苦无，刚弓，金翅鸟王剑，当身，刚力，独妙剑，铁壁，辱骂,剑豪,一般条件,,,已登场,富田势源,师范,其他,无,敦贺之町,中条流,已登场,富田势源,浪人,其他,无,敦贺之町,中条流,已登场,富田势源,师范,其他,无,敦贺之町,中条流,已死亡,富田势源,无效,无效,无,无效,无,已死亡,富田势源,无效,无效,无,无效,无,已死亡,富田势源,无效,无效,无,无效,无,已死亡,富田势源,无效,无效,无,无效,无,已死亡,富田势源,无效,无效,无,无效,无,已登场,富田势源,师范,其他,无,敦贺之町,中条流,,,,"[{""stage"":"""",""tkid"":""512"",""ref"":""512_富田势源_朝右.png"",""emotion"":0}]"
lord_1_tomita_takazane,,富田隆實,富田隆实,富田,513,Tomita Takazane,clan_tomita_1,hokuriku,基于分组自动创建家族,1,1569,1583,1589,病死,,,,只限武将,46,46,普通,普通,普通,轻率,重视情义,40,武具,无欲,普通,其他,刀剑,64,67,20,23,42,2,2,1,0,0,0,1,0,0,0,1,0,1,0,0,0,无,强袭,无,无要求,,,未登场,富田隆实,足轻组头,直臣,芦名家,黑川城,无,未登场,富田隆实,足轻组头,直臣,芦名家,黑川城,无,未登场,富田隆实,足轻组头,直臣,芦名家,黑川城,无,未登场,富田隆实,足轻组头,直臣,芦名家,黑川城,无,未登场,富田隆实,足轻组头,直臣,芦名家,黑川城,无,已登场,富田隆实,足轻组头,直臣,芦名家,黑川城,无,已登场,富田隆实,足轻组头,直臣,芦名家,黑川城,无,已死亡,富田隆实,无效,无效,无,无效,无,已登场,富田隆实,浪人,其他,无,柳川之町,无,,,,"[{""stage"":"""",""tkid"":""513"",""ref"":""513_富田隆实_朝右.png"",""emotion"":0}]"
lord_1_tominaga_sanzui,,富永山随,富永山随,富永,514,Tominaga Sanzui,clan_tominaga_1,neutral_culture,基于分组自动创建家族,1,1512,1556,1590,战死,,,,武将以外优先,82,82,性急,勇敢,理想,轻率,重视情义,21,南蛮物,普通,普通,其他,刀剑,65,62,15,43,42,2,0,0,4,3,2,2,0,2,0,2,0,0,1,0,2,齐射，水上禁行,强袭，拔突，刚弓，铁壁,无,一般条件,,,未登场,富永山随,船头,直臣,相模水军,三崎之砦,无,已登场,富永山随,船头,直臣,相模水军,三崎之砦,无,已登场,富永山随,船头,直臣,相模水军,三崎之砦,无,已登场,富永山随,船头,直臣,相模水军,三崎之砦,无,已登场,富永山随,船头,直臣,相模水军,三崎之砦,无,已登场,富永山随,船头,直臣,相模水军,三崎之砦,无,已登场,富永山随,船头,直臣,相模水军,三崎之砦,无,已死亡,富永山随,无效,无效,无,无效,无,已登场,富永山随,足轻组头,直臣,山中家,江户城,无,,,,"[{""stage"":"""",""tkid"":""514"",""ref"":""514_富永山随_朝右.png"",""emotion"":0}]"
lord_1_kinoshita_hidetsugu,,豐臣秀次,丰臣秀次,丰臣,515,Kinoshita Hidetsugu,clan_kinoshita_1,tokai,家族和文化自动推断,1,1568,1582,1595,战死,,阿中,丰臣秀长 丰臣秀吉 丰臣秀赖,只限武将,15,30,性急,胆小,普通,慎重,重视情义,89,艺术品,贪心,嗜酒如命,其他,刀剑,53,40,49,28,12,1,0,1,1,0,0,0,0,3,2,1,3,3,0,3,0,无,强袭，丢钱,无,无要求,丰臣三中老 生驹亲正/中村一氏/堀尾吉晴,,未登场,三好信吉,浪人,其他,无,清洲之町,无,未登场,三好信吉,浪人,其他,无,清洲之町,无,未登场,三好信吉,足轻组头,直臣,织田家,清洲城,无,未登场,三好信吉,足轻组头,陪臣（木下藤吉郎）,织田家,岐阜城,无,未登场,三好信吉,足轻组头,陪臣（羽柴秀吉）,织田家,长滨城,无,已登场,三好秀次,足轻组头,陪臣（羽柴秀吉）,织田家,姬路城,无,已登场,羽柴秀次,部将,直臣,羽柴家,石山本愿寺,无,已死亡,三好信吉,无效,无效,无,无效,无,已登场,丰臣秀次,浪人,其他,无,今治之町,无,,,,"[{""stage"":"""",""tkid"":""515"",""ref"":""515_丰臣秀次_朝正.png"",""emotion"":0}]"
lord_1_kinoshita_4,,豐臣秀長,丰臣秀长,丰臣,1170|1171|516,Kinoshita Hidenaga,clan_kinoshita_1,tokai,精确匹配织丰,1,1540,1554,1591,病死,阿中,,丰臣秀次 丰臣秀吉 丰臣秀赖,全职种,10,10,温和,普通,普通,轻率,重视情义,45,南蛮物,无欲,普通,其他,刀剑,74,60,87,80,86,2,1,2,0,1,1,2,2,2,3,3,4,2,3,1,2,无,强袭，二连苦无，丢钱，贿赂,无,一般条件,丰臣五奉行 浅野长政/石田三成/前田玄以/増田长盛/长束正家,主角丰臣秀吉，登用小一郎事件后,未登场,木下小一郎,浪人,其他,无,清洲之町,无,已登场,木下小一郎,浪人,其他,无,清洲之町,无,已登场,木下小一郎,浪人,其他,无,清洲之町,无,已登场,木下小一郎,足轻组头,陪臣（木下藤吉郎）,织田家,岐阜城,无,已登场,羽柴秀长,侍大将,陪臣（羽柴秀吉）,织田家,长滨城,无,已登场,羽柴秀长,部将,陪臣（羽柴秀吉）,织田家,姬路城,无,已登场,羽柴秀长,国主,直臣,羽柴家,姬路城,无,已死亡,丰臣秀长,无效,无效,无,无效,无,已登场,木下小一郎,部将,直臣,下间家,饫肥城,无,,,"[{""stage"":""文"",""tkid"":""1170"",""ref"":"""",""emotion"":1},{""stage"":""城"",""tkid"":""1171"",""ref"":"""",""emotion"":1},{""stage"":""老"",""tkid"":""516"",""ref"":"""",""emotion"":1}]","[{""stage"":""文"",""tkid"":""1170"",""ref"":""1170_丰臣秀长_朝右.png"",""emotion"":1},{""stage"":""城"",""tkid"":""1171"",""ref"":""1171_木下小一郎_朝右.png"",""emotion"":1},{""stage"":""老"",""tkid"":""516"",""ref"":""516_丰臣秀长_朝右.png"",""emotion"":1}]"
lord_1_kinoshita,,豐臣秀吉,丰臣秀吉,丰臣,1172|517|1173|1174,Kinoshita Hideyoshi,clan_kinoshita_1,tokai,精确匹配织丰,1,1536,1554,1598,病死,阿中,,丰臣秀次 丰臣秀长 丰臣秀赖,全职种,10,10,性急,胆小,理想,慎重,重视情义,98,艺术品,贪心,普通,其他,刀剑,80,56,88,96,93,3,2,3,1,0,1,3,1,3,4,3,3,2,4,2,0,齐攻，城门爆破，激励，威吓,强袭，急所击，丢钱,无,无要求,,,未登场,木下藤吉郎,浪人,其他,无,清洲之町,无,已登场,木下藤吉郎,浪人,其他,无,清洲之町,无,已登场,木下藤吉郎,足轻组头,直臣,织田家,清洲城,无,已登场,木下藤吉郎,部将,直臣,织田家,岐阜城,无,已登场,羽柴秀吉,城主,直臣,织田家,长滨城,无,已登场,羽柴秀吉,国主,直臣,织田家,姬路城,无,已登场,羽柴秀吉,大名,首领,羽柴家,石山本愿寺,无,已死亡,丰臣秀吉,无效,无效,无,无效,无,已登场,木下藤吉郎,部将,直臣,下间家,饫肥城,无,,光荣版经典形象（太阁5）：头戴白色钵卷，月代后髻扎小马尾，尖瘦猴脸、二十岁上下的青年，眉目机灵带笑，眼色深藏精明；茶褐色肩衣，精气神十足，容光焕发、无皱纹无老态,"[{""stage"":""藤吉郎"",""tkid"":""1172"",""ref"":"""",""emotion"":1},{""stage"":""羽柴"",""tkid"":""517"",""ref"":""517_丰臣秀吉_朝右.png"",""emotion"":1},{""stage"":""秀吉"",""tkid"":""1173"",""ref"":"""",""emotion"":1},{""stage"":""太阁"",""tkid"":""1174"",""ref"":"""",""emotion"":1}]","[{""stage"":""藤吉郎"",""tkid"":""1172"",""ref"":""1172_丰臣秀吉_朝右.png"",""emotion"":1},{""stage"":""羽柴"",""tkid"":""517"",""ref"":""517_丰臣秀吉_朝右.png"",""emotion"":1},{""stage"":""秀吉"",""tkid"":""1173"",""ref"":""1173_木下藤吉郎_朝正.png"",""emotion"":1},{""stage"":""太阁"",""tkid"":""1174"",""ref"":""1174_木下藤吉郎_朝正.png"",""emotion"":1}]"
lord_1_kinoshita_hideyori,,豐臣秀賴,丰臣秀赖,丰臣,518,Kinoshita Hideyori,clan_kinoshita_1,tokai,家族和文化自动推断,1,1593,1607,1615,战死,丰臣秀吉,阿中,丰臣秀次 丰臣秀长 丰臣秀吉,只限武将,5,0,温和,胆小,现实,轻率,普通,15,书籍,贪心,普通,藤原氏,弓,47,25,45,49,87,0,0,0,0,0,0,0,0,0,0,0,2,3,0,3,1,无,刚弓,无,一般条件,丰臣五大老 徳川家康/毛利辉元/宇喜多秀家/前田利长/上杉景胜,,未登场,丰臣秀赖,浪人,其他,无,清洲之町,无,未登场,丰臣秀赖,浪人,其他,无,清洲之町,无,未登场,丰臣秀赖,足轻组头,陪臣（木下藤吉郎）,织田家,清洲城,无,未登场,丰臣秀赖,足轻组头,陪臣（木下藤吉郎）,织田家,岐阜城,无,未登场,丰臣秀赖,足轻组头,陪臣（羽柴秀吉）,织田家,长滨城,无,未登场,丰臣秀赖,足轻组头,陪臣（羽柴秀吉）,织田家,姬路城,无,未登场,丰臣秀赖,足轻组头,直臣,羽柴家,石山本愿寺,无,已登场,丰臣秀赖,大名,首领,丰臣家,大坂城,无,已登场,丰臣秀赖,浪人,其他,无,柳川之町,无,,,,"[{""stage"":"""",""tkid"":""518"",""ref"":""518_丰臣秀赖_朝右.png"",""emotion"":0}]"
lord_1_torii_suneemon,,鳥居強右衛門,鸟居强右卫门,鸟居,519,Torii Suneemon,clan_torii_1,kanto,基于分组自动创建家族,1,1540,1555,1575,战死,,,,只限武将,90,90,温和,胆小,普通,轻率,重视情义,7,武具,无欲,滴酒不沾,其他,枪,56,40,21,59,76,2,0,0,0,1,1,0,0,0,0,0,0,0,1,0,1,无,拔突,无,无要求,,,未登场,鸟居强右卫门,足轻组头,陪臣（奥平信昌）,松平家,长篠城,无,未登场,鸟居强右卫门,足轻组头,陪臣（奥平信昌）,今川家,骏府城,无,已登场,鸟居强右卫门,足轻组头,陪臣（松平元康）,今川家,冈崎城,无,已登场,鸟居强右卫门,足轻组头,陪臣（奥平信昌）,德川家,长篠城,无,已登场,鸟居强右卫门,足轻组头,陪臣（奥平信昌）,德川家,长篠城,无,已死亡,鸟居强右卫门,无效,无效,无,无效,无,已死亡,鸟居强右卫门,无效,无效,无,无效,无,已死亡,鸟居强右卫门,无效,无效,无,无效,无,已登场,鸟居强右卫门,头目,首领,黑胫巾众,黑胫巾之里,无,,,,"[{""stage"":"""",""tkid"":""519"",""ref"":""519_鸟居强右卫门_朝右.png"",""emotion"":0}]"
lord_1_torii_tadakichi,,鳥居忠吉,鸟居忠吉,鸟居,520,Torii Tadakichi,clan_torii_1,kanto,基于分组自动创建家族,1,1498,1555,1571,病死,,,鸟居元忠,只限武将,90,90,性急,勇敢,普通,普通,重视情义,56,书籍,无欲,普通,其他,枪,46,44,68,63,71,1,0,0,0,1,1,2,1,0,2,0,1,2,2,0,0,无,拔突,无,无要求,,,已登场,鸟居忠吉,家老,直臣,松平家,冈崎城,无,已登场,鸟居忠吉,足轻组头,陪臣（松平元康）,今川家,骏府城,无,已登场,鸟居忠吉,侍大将,陪臣（松平元康）,今川家,冈崎城,无,已登场,鸟居忠吉,家老,直臣,德川家,冈崎城,无,已死亡,鸟居忠吉,无效,无效,无,无效,无,已死亡,鸟居忠吉,无效,无效,无,无效,无,已死亡,鸟居忠吉,无效,无效,无,无效,无,已死亡,鸟居忠吉,无效,无效,无,无效,无,已登场,鸟居忠吉,上忍,直臣,黑胫巾众,黑胫巾之里,无,,,,"[{""stage"":"""",""tkid"":""520"",""ref"":""520_鸟居忠吉_朝右.png"",""emotion"":0}]"
lord_1_torii_mototada,,鳥居元忠,鸟居元忠,鸟居,521,Torii Mototada,clan_torii_1,kanto,基于分组自动创建家族,1,1539,1560,1600,战死,鸟居忠吉,,鸟居忠吉,只限武将,90,90,温和,勇敢,普通,慎重,重视情义,4,武具,无欲,普通,其他,枪,66,70,17,34,46,2,2,1,0,1,2,2,0,1,1,1,0,0,0,0,0,三河武者,强袭，拔突，铁壁,无,一般条件,,,未登场,鸟居元忠,足轻组头,陪臣（松平竹千代）,松平家,冈崎城,无,已登场,鸟居元忠,侍大将,陪臣（松平元康）,今川家,骏府城,无,已登场,鸟居元忠,足轻大将,陪臣（松平元康）,今川家,冈崎城,无,已登场,鸟居元忠,侍大将,直臣,德川家,冈崎城,无,已登场,鸟居元忠,侍大将,直臣,德川家,滨松城,无,已登场,鸟居元忠,侍大将,直臣,德川家,滨松城,无,已登场,鸟居元忠,侍大将,直臣,德川家,滨松城,无,已登场,鸟居元忠,城主,直臣,德川家,伏见城,无,已登场,鸟居元忠,上忍,直臣,黑胫巾众,黑胫巾之里,无,,,,"[{""stage"":"""",""tkid"":""521"",""ref"":""521_鸟居元忠_朝右.png"",""emotion"":0}]"
lord_1_naito_joan,,內藤如安,内藤如安,内藤,522,Naito Joan,clan_naito_1,sanyo,家族和文化自动推断,1,1548,1562,1626,病死,松永长赖,松永久秀父,松永久秀 松永久通 松永长赖,全职种,5,5,温和,普通,理想,轻率,普通,41,南蛮物,贪心,普通,藤原氏,刀剑,53,47,38,51,57,1,2,0,0,1,1,0,1,0,0,1,0,2,1,1,1,无,强袭,无,无要求,,,未登场,内藤如安,足轻大将,陪臣（松永长赖）,细川家,丹波龟山城,无,未登场,内藤如安,足轻大将,陪臣（松永久秀）,三好家,多闻山城,无,已登场,内藤如安,足轻大将,陪臣（松永久秀）,三好家,信贵山城,无,已登场,内藤如安,足轻大将,陪臣（松永久秀）,织田家,信贵山城,无,已登场,内藤如安,足轻大将,陪臣（松永久秀）,织田家,信贵山城,无,已登场,内藤如安,浪人,其他,无,奈良之町,无,已登场,内藤如安,浪人,其他,无,尾道之町,无,已登场,内藤如安,部将,直臣,小西家,宇土城,无,已登场,内藤如安,浪人,其他,无,仓敷之町,无,,,,"[{""stage"":"""",""tkid"":""522"",""ref"":""522_内藤如安_朝右.png"",""emotion"":0}]"
lord_1_naito_masatoyo,,內藤昌豐,内藤昌丰,内藤,523,Naito Masatoyo,clan_naito_1,sanyo,家族和文化自动推断,1,1522,1554,1575,战死,,,,只限武将,62,62,普通,勇敢,普通,轻率,重视情义,60,武具,普通,普通,藤原氏,刀剑,78,72,82,77,79,2,3,1,0,3,3,3,0,1,1,1,1,1,1,1,1,无,强袭，连续斩，拔突，刚弓，刚力，铁壁,无,一般条件,,,已登场,内藤昌丰,家老,直臣,武田家,踯躅崎馆,无,已登场,内藤昌丰,家老,直臣,武田家,踯躅崎馆,无,已登场,内藤昌丰,部将,直臣,武田家,踯躅崎馆,无,已登场,内藤昌丰,城主,直臣,武田家,箕轮城,无,已登场,内藤昌丰,城主,直臣,武田家,箕轮城,无,已死亡,内藤昌丰,无效,无效,无,无效,无,已死亡,内藤昌丰,无效,无效,无,无效,无,已死亡,内藤昌丰,无效,无效,无,无效,无,已登场,内藤昌丰,浪人,其他,无,尾道之町,无,,,,"[{""stage"":"""",""tkid"":""523"",""ref"":""523_内藤昌丰_朝右.png"",""emotion"":0}]"
lord_1_naito_masashige,,內藤正成,内藤正成,内藤,524,Naito Masashige,clan_naito_1,sanyo,家族和文化自动推断,1,1528,1554,1602,病死,,,,只限武将,90,90,性急,勇敢,理想,轻率,重视情义,54,武具,无欲,普通,藤原氏,弓,40,77,56,51,67,1,0,1,1,4,3,1,0,0,1,1,1,1,1,1,1,弓箭乱射,强袭，连续斩，拔突，刚弓，神弓，天弓，刚力，铁壁，心眼,弓术名人,一般条件,,,已登场,内藤正成,足轻组头,直臣,松平家,冈崎城,无,已登场,内藤正成,足轻组头,陪臣（松平元康）,今川家,骏府城,无,已登场,内藤正成,足轻组头,陪臣（松平元康）,今川家,冈崎城,无,已登场,内藤正成,足轻组头,直臣,德川家,冈崎城,无,已登场,内藤正成,足轻组头,直臣,德川家,滨松城,无,已登场,内藤正成,足轻大将,直臣,德川家,滨松城,无,已登场,内藤正成,足轻大将,直臣,德川家,滨松城,无,已登场,内藤正成,侍大将,直臣,德川家,江户城,无,已登场,内藤正成,浪人,其他,无,出石之町,无,,,,"[{""stage"":"""",""tkid"":""524"",""ref"":""524_内藤正成_朝右.png"",""emotion"":0}]"
lord_1_naoe,,直江景綱,直江景纲,直江,525,Naoe Kagetsuna,clan_naoe_1,hokuriku,精确匹配织丰,1,1509,1554,1577,病死,,,,只限武将,15,15,温和,普通,普通,普通,普通,34,书籍,无欲,普通,其他,刀剑,46,48,80,79,74,1,1,0,0,0,0,1,0,1,3,2,3,4,3,1,1,无,强袭，丢钱,无,无要求,,,已登场,直江景纲,家老,直臣,长尾家,春日山城,无,已登场,直江景纲,家老,直臣,长尾家,春日山城,无,已登场,直江景纲,家老,直臣,长尾家,春日山城,无,已登场,直江景纲,家老,直臣,上杉家,春日山城,无,已登场,直江景纲,家老,直臣,上杉家,春日山城,无,已死亡,直江景纲,无效,无效,无,无效,无,已死亡,直江景纲,无效,无效,无,无效,无,已死亡,直江景纲,无效,无效,无,无效,无,已登场,直江景纲,浪人,其他,无,油津之町,无,,,,"[{""stage"":"""",""tkid"":""525"",""ref"":""525_直江景纲_朝右.png"",""emotion"":0}]"
lord_1_naoe_kanetsugu,,直江兼續,直江兼续,直江,526|1175,Naoe Kanetsugu,clan_naoe_1,hokuriku,家族和文化自动推断,1,1560,1574,1619,病死,樋口兼丰,,大国实赖,只限武将,15,15,普通,勇敢,理想,轻率,重视情义,82,艺术品,普通,普通,其他,刀剑,82,70,81,91,84,3,2,1,0,1,2,4,0,1,1,0,2,3,4,3,0,车悬，毘沙门天，激励,强袭，拔突，铁壁,雄辩,一般条件,,,未登场,直江兼续,足轻组头,直臣,长尾家,春日山城,无,未登场,直江兼续,足轻组头,直臣,长尾家,春日山城,无,未登场,直江兼续,足轻组头,直臣,长尾家,春日山城,无,未登场,直江兼续,足轻组头,直臣,上杉家,春日山城,无,已登场,直江兼续,足轻组头,直臣,上杉家,春日山城,无,已登场,直江兼续,侍大将,直臣,上杉家,春日山城,无,已登场,直江兼续,侍大将,直臣,上杉家,春日山城,无,已登场,直江兼续,国主,直臣,上杉家,米泽城,无,已登场,直江兼续,浪人,其他,无,佐仓之町,无,,,"[{""stage"":""爱"",""tkid"":""526"",""ref"":"""",""emotion"":1},{""stage"":""书"",""tkid"":""1175"",""ref"":"""",""emotion"":1}]","[{""stage"":""爱"",""tkid"":""526"",""ref"":""526_直江兼续_朝右.png"",""emotion"":1},{""stage"":""书"",""tkid"":""1175"",""ref"":""1175_直江兼续_朝右.png"",""emotion"":1}]"
lord_1_nagai_michitoshi,,長井道利,长井道利,长井,527,Nagai Michitoshi,clan_nagai_1,tokai,基于分组自动创建家族,1,1516,1554,1571,战死,松波庄五郎,,斋藤道三 斋藤义龙,只限武将,20,20,温和,普通,普通,普通,不重情义,45,艺术品,普通,普通,其他,刀剑,51,58,49,56,46,1,0,1,0,1,1,0,1,0,1,1,0,0,0,0,1,无,强袭,无,无要求,,,已登场,长井道利,部将,直臣,斋藤家,稻叶山城,无,已登场,长井道利,足轻大将,直臣,斋藤家,稻叶山城,无,已登场,长井道利,家老,直臣,斋藤家,稻叶山城,无,已登场,长井道利,足轻大将,直臣,织田家,岐阜城,无,已死亡,长井道利,无效,无效,无,无效,无,已死亡,长井道利,无效,无效,无,无效,无,已死亡,长井道利,无效,无效,无,无效,无,已死亡,长井道利,无效,无效,无,无效,无,已登场,长井道利,浪人,其他,无,长船之町,无,,,,"[{""stage"":"""",""tkid"":""527"",""ref"":""527_长井道利_朝右.png"",""emotion"":0}]"
dead_lord_1_uesugi_4,,長尾政景,长尾政景,长尾,528,Uesugi Masakage,clan_uesugi_1,hokuriku,精确匹配织丰,1,1526,1554,1564,病死,,,上杉景胜,只限武将,15,15,普通,普通,普通,普通,不重情义,59,书籍,贪心,嗜酒如命,平氏,刀剑,51,60,69,64,67,1,2,0,0,0,0,0,0,0,2,1,2,2,0,0,0,无,强袭,无,一般条件,,,已登场,长尾政景,部将,直臣,长尾家,春日山城,无,已登场,长尾政景,部将,直臣,长尾家,春日山城,无,已登场,长尾政景,家老,直臣,长尾家,春日山城,无,已死亡,长尾政景,无效,无效,无,无效,无,已死亡,长尾政景,无效,无效,无,无效,无,已死亡,长尾政景,无效,无效,无,无效,无,已死亡,长尾政景,无效,无效,无,无效,无,已死亡,长尾政景,无效,无效,无,无效,无,已登场,长尾政景,浪人,其他,无,长船之町,无,,,,"[{""stage"":"""",""tkid"":""528"",""ref"":""528_长尾政景_朝右.png"",""emotion"":0}]"
lord_1_nakagawa_kiyohide,,中川清秀,中川清秀,中川,529,Nakagawa Kiyohide,clan_nakagawa_1,kinai,基于分组自动创建家族,1,1542,1560,1583,战死,,,,只限武将,15,15,温和,普通,普通,慎重,普通,39,武具,普通,普通,源氏,刀剑,63,53,23,59,35,1,2,2,1,1,1,2,0,0,0,1,1,1,2,1,1,无,强袭,无,无要求,,,未登场,中川清秀,侍大将,陪臣（三好长庆）,细川家,芥川城,无,未登场,中川清秀,足轻大将,陪臣（三好义贤）,三好家,胜瑞城,无,已登场,中川清秀,侍大将,直臣,三好家,饭盛城,无,已登场,中川清秀,侍大将,直臣,三好家,胜瑞城,无,已登场,中川清秀,侍大将,直臣,三好家,胜瑞城,无,已登场,中川清秀,侍大将,陪臣（池田恒兴）,织田家,伊丹城,无,已死亡,中川清秀,无效,无效,无,无效,无,已死亡,中川清秀,无效,无效,无,无效,无,已登场,中川清秀,家老,直臣,中岛家,岩尾城,无,,,,"[{""stage"":"""",""tkid"":""529"",""ref"":""529_中川清秀_朝右.png"",""emotion"":0}]"
lord_1_nagasaka_tookan,,長阪釣閑,长坂钓闲,长坂,530,Nagasaka Tookan,clan_nagasaka_1,tosan,基于分组自动创建家族,1,1513,1549,1582,战死,,,,全职种,70,70,普通,胆小,现实,慎重,不重情义,80,艺术品,贪心,普通,源氏,枪,23,36,35,56,8,0,0,0,0,0,0,0,1,1,0,0,3,1,3,1,1,无,拔突，丢钱,无,无要求,,,已登场,长坂钓闲,足轻大将,直臣,武田家,踯躅崎馆,无,已登场,长坂钓闲,足轻大将,直臣,武田家,踯躅崎馆,无,已登场,长坂钓闲,足轻大将,直臣,武田家,踯躅崎馆,无,已登场,长坂钓闲,足轻大将,陪臣（武田胜赖）,武田家,踯躅崎馆,无,已登场,长坂钓闲,足轻大将,直臣,武田家,踯躅崎馆,无,已登场,长坂钓闲,侍大将,直臣,武田家,甲府城,无,已死亡,长坂钓闲,无效,无效,无,无效,无,已死亡,长坂钓闲,无效,无效,无,无效,无,已登场,长坂钓闲,浪人,其他,无,长船之町,无,,,,"[{""stage"":"""",""tkid"":""530"",""ref"":""530_长坂钓闲_朝右.png"",""emotion"":0}]"
lord_1_nakajima_shigefusa,,中島重房,中岛重房,中岛,531,Nakajima Shigefusa,clan_nakajima_1,nankai,基于分组自动创建家族,1,1562,1576,1615,病死,,,,全职种,80,80,普通,勇敢,理想,普通,重视情义,64,书籍,普通,嗜酒如命,其他,刀剑,61,59,56,48,53,2,2,1,2,1,1,2,0,0,3,0,2,0,0,0,0,无,强袭,无,无要求,,,未登场,中岛重房,足轻组头,直臣,长宗我部家,冈丰城,无,未登场,中岛重房,足轻组头,直臣,长宗我部家,冈丰城,无,未登场,中岛重房,足轻组头,直臣,长宗我部家,冈丰城,无,未登场,中岛重房,足轻组头,直臣,长宗我部家,冈丰城,无,未登场,中岛重房,足轻组头,直臣,长宗我部家,冈丰城,无,已登场,中岛重房,足轻组头,直臣,长宗我部家,冈丰城,无,已登场,中岛重房,足轻组头,直臣,长宗我部家,冈丰城,无,已登场,中岛重房,部将,直臣,长宗我部家,冈丰城,无,已登场,中岛重房,家老,直臣,中岛家,岩尾城,无,,,,"[{""stage"":"""",""tkid"":""531"",""ref"":""531_中岛重房_朝右.png"",""emotion"":0}]"
lord_1_nakajima_kanonosuke,,中島可之助,中岛可之助,中岛,532,Nakajima Kanonosuke,clan_nakajima_1,nankai,基于分组自动创建家族,1,1530,1554,1584,病死,,,,全职种,80,80,普通,勇敢,普通,轻率,普通,60,南蛮物,无欲,嗜酒如命,其他,刀剑,47,74,50,72,80,1,1,0,0,1,1,1,0,1,1,1,1,3,4,1,0,威吓,强袭,无,一般条件,,,已登场,中岛可之助,侍大将,直臣,长宗我部家,冈丰城,无,已登场,中岛可之助,侍大将,直臣,长宗我部家,冈丰城,无,已登场,中岛可之助,足轻大将,直臣,长宗我部家,冈丰城,无,已登场,中岛可之助,侍大将,直臣,长宗我部家,冈丰城,无,已登场,中岛可之助,侍大将,直臣,长宗我部家,冈丰城,无,已登场,中岛可之助,侍大将,直臣,长宗我部家,冈丰城,无,已登场,中岛可之助,侍大将,直臣,长宗我部家,冈丰城,无,已死亡,中岛可之助,无效,无效,无,无效,无,已登场,中岛可之助,大名,首领,中岛家,岩尾城,无,,,,"[{""stage"":"""",""tkid"":""532"",""ref"":""532_中岛可之助_朝右.png"",""emotion"":0}]"
lord_1_chujou_kagetai,,中條景泰,中条景泰,中条,533,Chujou Kagetai,clan_chujou_1,hokuriku,基于分组自动创建家族,1,1547,1560,1582,战死,吉江景资,,吉江景资,只限武将,15,15,普通,普通,普通,轻率,重视情义,28,武具,普通,普通,平氏,刀剑,59,62,46,21,33,1,2,0,0,0,1,1,0,0,1,0,0,0,0,0,0,无,强袭,无,无要求,,,未登场,中条景泰,足轻组头,直臣,长尾家,春日山城,无,未登场,中条景泰,足轻组头,直臣,长尾家,春日山城,无,已登场,中条景泰,足轻组头,直臣,长尾家,春日山城,无,已登场,中条景泰,足轻组头,直臣,上杉家,春日山城,无,已登场,中条景泰,足轻组头,直臣,上杉家,春日山城,无,已登场,中条景泰,城主,直臣,上杉家,鱼津城,无,已死亡,中条景泰,无效,无效,无,无效,无,已死亡,中条景泰,无效,无效,无,无效,无,已登场,中条景泰,家老,直臣,中岛家,岩尾城,无,,,,"[{""stage"":"""",""tkid"":""533"",""ref"":""533_中条景泰_朝右.png"",""emotion"":0}]"
lord_1_nagata_tokumoto,,永田德本,永田德本,永田,534,Nagata Tokumoto,clan_nagata_1,neutral_culture,基于分组自动创建家族,1,1513,1554,1630,病死,,,,没那个意思,45,45,温和,普通,现实,普通,普通,3,书籍,普通,嗜酒如命,其他,枪,16,22,77,66,68,0,0,0,0,0,0,0,0,0,0,1,2,0,2,0,4,无,拔突，伤药，止血,良医,无要求,,,已登场,永田德本,医师,其他,无,甲府之町,无,已登场,永田德本,医师,其他,无,甲府之町,无,已登场,永田德本,医师,其他,无,甲府之町,无,已登场,永田德本,医师,其他,无,甲府之町,无,已登场,永田德本,医师,其他,无,甲府之町,无,已登场,永田德本,医师,其他,无,甲府之町,无,已登场,永田德本,医师,其他,无,甲府之町,无,已登场,永田德本,医师,其他,无,甲府之町,无,已登场,永田德本,医师,其他,无,甲府之町,无,,,,"[{""stage"":"""",""tkid"":""534"",""ref"":""534_永田德本_朝右.png"",""emotion"":0}]"
lord_1_kitabatake_5,,長野具藤,长野具藤,长野,535,Kitabatake Tomofuji,clan_kitabatake_1,kinai,精确匹配织丰,1,1552,1560,1576,病死,北畠具教,北畠晴具,北畠具教 北畠具房 北畠晴具 木造具政,全职种,40,40,性急,勇敢,理想,轻率,普通,72,艺术品,贪心,普通,藤原氏,刀剑,19,49,37,24,34,0,0,0,0,0,0,0,0,0,0,0,0,0,0,0,0,无,强袭,无,无要求,,,未登场,长野具藤,部将,陪臣（神户具盛）,北畠家,安浓津城,无,未登场,长野具藤,部将,陪臣（北畠具教）,北畠家,大河内城,无,未登场,长野具藤,部将,陪臣（神户具盛）,北畠家,安浓津城,无,已登场,长野具藤,部将,陪臣（泷川一益）,织田家,安浓津城,无,已登场,长野具藤,部将,陪臣（织田信孝）,织田家,安浓津城,无,已死亡,长野具藤,无效,无效,无,无效,无,已死亡,长野具藤,无效,无效,无,无效,无,已死亡,长野具藤,无效,无效,无,无效,无,已登场,长野具藤,浪人,其他,无,长船之町,无,,,,"[{""stage"":"""",""tkid"":""535"",""ref"":""535_长野具藤_朝右.png"",""emotion"":0}]"
lord_1_gyo_shounin,,長野業正,长野业正,长野,536,Gyo shounin,clan_gyo_1,kinai,基于分组自动创建家族,1,1491,1554,1561,病死,,,长野业盛,只限武将,22,20,普通,勇敢,普通,普通,重视情义,35,武具,无欲,普通,其他,刀剑,95,87,26,83,74,4,4,0,0,2,3,4,2,2,0,0,0,0,0,0,0,强行突破，车悬,强袭，连续斩，拔突，二连苦无，刚弓，刚力，铁壁,军师,一般条件,,,已登场,长野业正,城主,直臣,上杉家,箕轮城,无,已登场,长野业正,大名,首领,长野家,箕轮城,无,已登场,长野业正,大名,首领,长野家,箕轮城,无,已死亡,长野业正,无效,无效,无,无效,无,已死亡,长野业正,无效,无效,无,无效,无,已死亡,长野业正,无效,无效,无,无效,无,已死亡,长野业正,无效,无效,无,无效,无,已死亡,长野业正,无效,无效,无,无效,无,已登场,长野业正,浪人,其他,无,长船之町,无,,,,"[{""stage"":"""",""tkid"":""536"",""ref"":""536_长野业正_朝右.png"",""emotion"":0}]"
lord_1_gyo,,長野業盛,长野业盛,长野,537,Gyo,clan_gyo_1,kinai,基于分组自动创建家族,1,1546,1555,1563,战死,长野业正,,长野业正,只限武将,22,20,普通,勇敢,理想,轻率,重视情义,44,武具,无欲,滴酒不沾,其他,刀剑,69,65,24,58,62,2,2,1,0,2,2,2,2,0,0,0,0,0,0,0,0,无,强袭，拔突，二连苦无，刚弓，铁壁,无,一般条件,,,未登场,长野业盛,部将,陪臣（长野业正）,上杉家,箕轮城,无,未登场,长野业盛,侍大将,陪臣（长野业正）,长野家,箕轮城,无,已登场,长野业盛,家老,直臣,长野家,箕轮城,无,已死亡,长野业盛,无效,无效,无,无效,无,已死亡,长野业盛,无效,无效,无,无效,无,已死亡,长野业盛,无效,无效,无,无效,无,已死亡,长野业盛,无效,无效,无,无效,无,已死亡,长野业盛,无效,无效,无,无效,无,已登场,长野业盛,浪人,其他,无,长船之町,无,,,,"[{""stage"":"""",""tkid"":""537"",""ref"":""537_长野业盛_朝右.png"",""emotion"":0}]"
lord_1_noumin_onna,,中野宗時,中野宗时,中野,538,Noumin onna,clan_noumin_1,ou,基于分组自动创建家族,1,1511,1554,1570,病死,,,,全职种,65,65,普通,勇敢,普通,轻率,不重情义,84,书籍,贪心,普通,源氏,刀剑,42,35,70,78,23,0,0,0,0,0,0,2,0,2,2,2,1,2,3,0,1,无,强袭,无,无要求,,,已登场,中野宗时,家老,直臣,伊达家,米泽城,无,已登场,中野宗时,家老,直臣,伊达家,米泽城,无,已登场,中野宗时,家老,直臣,伊达家,米泽城,无,已登场,中野宗时,家老,直臣,伊达家,米泽城,无,已死亡,中野宗时,无效,无效,无,无效,无,已死亡,中野宗时,无效,无效,无,无效,无,已死亡,中野宗时,无效,无效,无,无效,无,已死亡,中野宗时,无效,无效,无,无效,无,已登场,中野宗时,部将,直臣,中岛家,岩尾城,无,,,,"[{""stage"":"""",""tkid"":""538"",""ref"":""538_中野宗时_朝右.png"",""emotion"":0}]"
lord_1_nakamura_kazuuji,,中村一氏,中村一氏,中村,539,Nakamura Kazuuji,clan_nakamura_1,tokai,基于分组自动创建家族,1,1549,1563,1600,病死,,,,全职种,0,0,温和,普通,现实,普通,普通,40,武具,普通,普通,其他,刀剑,54,48,69,38,59,1,1,1,0,0,0,0,0,3,3,1,3,1,1,1,1,无,强袭，丢钱,无,一般条件,,,未登场,中村一氏,浪人,其他,无,目加田之町,无,未登场,中村一氏,足轻组头,直臣,织田家,清洲城,无,已登场,中村一氏,足轻组头,直臣,织田家,清洲城,无,已登场,中村一氏,足轻组头,直臣,织田家,岐阜城,无,已登场,中村一氏,足轻组头,直臣,织田家,岐阜城,无,已登场,中村一氏,足轻大将,陪臣（羽柴秀吉）,织田家,姬路城,无,已登场,中村一氏,国主,直臣,羽柴家,岸和田城,无,已登场,中村一氏,大名,首领,中村家,骏府城,无,已登场,中村一氏,部将,直臣,中岛家,岩尾城,无,,,,"[{""stage"":"""",""tkid"":""539"",""ref"":""539_中村一氏_朝右.png"",""emotion"":0}]"
lord_1_michikawa_hyooebee,,道川兵衛三郎,道川兵卫三郎,道川,540,Michikawa Hyooebee,clan_michikawa_1,neutral_culture,基于分组自动创建家族,1,1550,1564,1619,病死,,,,武将以外优先,75,75,温和,勇敢,现实,慎重,普通,55,艺术品,贪心,普通,其他,枪,25,20,56,58,47,0,0,0,0,0,0,0,1,2,2,2,3,2,2,0,1,无,拔突，丢钱，大宴宾客,风雅之士,无要求,,,未登场,道川兵卫三郎,浪人,其他,无,敦贺之町,无,未登场,道川兵卫三郎,浪人,其他,无,敦贺之町,无,已登场,道川兵卫三郎,当家,首领,川舟屋,敦贺之町,无,已登场,道川兵卫三郎,当家,首领,川舟屋,敦贺之町,无,已登场,道川兵卫三郎,当家,首领,川舟屋,敦贺之町,无,已登场,道川兵卫三郎,当家,首领,川舟屋,敦贺之町,无,已登场,道川兵卫三郎,当家,首领,川舟屋,敦贺之町,无,已登场,道川兵卫三郎,当家,首领,川舟屋,敦贺之町,无,已登场,道川兵卫三郎,侍大将,直臣,三刀屋家,骏府城,无,,,,"[{""stage"":"""",""tkid"":""540"",""ref"":""540_道川兵卫三郎_朝右.png"",""emotion"":0}]"
lord_1_nakayama_tomomasa,,中山朝正,中山朝正,中山,541,Nakayama Tomomasa,clan_nakayama_1,ou,基于分组自动创建家族,1,1548,1562,1617,病死,,,,全职种,95,95,普通,胆小,普通,慎重,不重情义,60,武具,普通,普通,其他,刀剑,39,43,34,25,32,1,0,0,0,0,0,0,0,0,0,0,1,0,0,0,1,无,强袭,无,无要求,,,未登场,中山朝正,足轻组头,直臣,最上家,山形城,无,未登场,中山朝正,足轻组头,直臣,最上家,山形城,无,已登场,中山朝正,足轻组头,直臣,最上家,山形城,无,已登场,中山朝正,足轻组头,直臣,最上家,山形城,无,已登场,中山朝正,足轻组头,直臣,最上家,山形城,无,已登场,中山朝正,足轻组头,直臣,最上家,山形城,无,已登场,中山朝正,足轻组头,直臣,最上家,山形城,无,已登场,中山朝正,家老,直臣,最上家,山形城,无,已登场,中山朝正,部将,直臣,中岛家,岩尾城,无,,,,"[{""stage"":"""",""tkid"":""541"",""ref"":""541_中山朝正_朝右.png"",""emotion"":0}]"
lord_1_nagoya_sanzaburo,,名古屋山三郎,名古屋山三郎,名古屋,542,Nagoya Sanzaburo,clan_nagoya_1,neutral_culture,基于分组自动创建家族,1,1572,1586,1603,战死,,,,全职种,10,10,性急,勇敢,理想,轻率,重视情义,69,艺术品,贪心,嗜酒如命,其他,刀剑,8,76,10,8,88,0,0,0,0,0,2,0,2,0,0,0,1,3,1,2,1,无,强袭，拔突，二连苦无，铁壁,无,一般条件,,,未登场,名古屋山三郎,浪人,其他,无,目加田之町,无,未登场,名古屋山三郎,浪人,其他,无,目加田之町,无,未登场,名古屋山三郎,浪人,其他,无,目加田之町,无,未登场,名古屋山三郎,浪人,其他,无,目加田之町,无,未登场,名古屋山三郎,浪人,其他,无,目加田之町,无,未登场,名古屋山三郎,浪人,其他,无,安土之町,无,未登场,名古屋山三郎,足轻组头,陪臣（蒲生氏乡）,羽柴家,日野城,无,已登场,名古屋山三郎,侍大将,直臣,森家,岩村城,无,已登场,名古屋山三郎,足轻组头,直臣,山中家,江户城,无,,,,"[{""stage"":"""",""tkid"":""542"",""ref"":""542_名古屋山三郎_朝右.png"",""emotion"":0}]"
lord_1_nasa_nihonsuke,,奈佐日本助,奈佐日本助,奈佐,543,Nasa Nihonsuke,clan_nasa_1,neutral_culture,基于分组自动创建家族,1,1537,1554,1581,战死,,,,武将以外优先,30,30,性急,勇敢,理想,轻率,普通,55,武具,贪心,嗜酒如命,其他,刀剑,50,61,15,21,46,1,0,1,3,3,2,1,0,2,0,0,0,0,0,0,0,蝴蝶之阵,强袭，拔突，刚弓，铁壁,无,一般条件,,,已登场,奈佐日本助,头领,首领,丹后水军,舞鹤之砦,无,已登场,奈佐日本助,头领,首领,丹后水军,舞鹤之砦,无,已登场,奈佐日本助,头领,首领,丹后水军,舞鹤之砦,无,已登场,奈佐日本助,头领,首领,丹后水军,舞鹤之砦,无,已登场,奈佐日本助,头领,首领,丹后水军,舞鹤之砦,无,已死亡,奈佐日本助,无效,无效,无,无效,无,已死亡,奈佐日本助,无效,无效,无,无效,无,已死亡,奈佐日本助,无效,无效,无,无效,无,已登场,奈佐日本助,浪人,其他,无,仓敷之町,无,,,,"[{""stage"":"""",""tkid"":""543"",""ref"":""543_奈佐日本助_朝右.png"",""emotion"":0}]"
lord_1_nasu_2,,那須資晴,那须资晴,那须,544,Nasu Sukeharu,clan_nasu_1,kanto,精确匹配织丰,1,1557,1571,1610,病死,,,,全职种,50,50,性急,勇敢,普通,轻率,普通,74,艺术品,普通,普通,藤原氏,弓,59,62,47,49,40,2,1,1,0,0,0,0,0,0,0,0,0,2,2,1,0,无,刚弓,无,无要求,,,未登场,那须资晴,城主,直臣,宇都宫家,乌山城,无,未登场,那须资晴,城主,直臣,宇都宫家,乌山城,无,未登场,那须资晴,城主,直臣,宇都宫家,乌山城,无,未登场,那须资晴,城主,直臣,宇都宫家,乌山城,无,已登场,那须资晴,城主,直臣,宇都宫家,乌山城,无,已登场,那须资晴,城主,直臣,宇都宫家,乌山城,无,已登场,那须资晴,城主,直臣,宇都宫家,乌山城,无,已登场,那须资晴,足轻大将,直臣,德川家,江户城,无,已登场,那须资晴,浪人,其他,无,小滨之町,无,,,,"[{""stage"":"""",""tkid"":""544"",""ref"":""544_那须资晴_朝右.png"",""emotion"":0}]"
lord_1_nagatsuka_masaiye,,長束正家,长束正家,长束,545,Nagatsuka Masaiye,clan_nagatsuka_1,kinai,基于分组自动创建家族,1,1557,1571,1600,战死,,,,全职种,12,12,普通,胆小,现实,慎重,普通,33,书籍,普通,滴酒不沾,其他,刀剑,21,13,86,18,56,0,0,0,0,0,0,0,0,3,4,2,3,2,2,2,3,无,强袭，伤药，丢钱,无,一般条件,,,未登场,长束正家,足轻组头,直臣,织田家,那古野城,无,未登场,长束正家,浪人,其他,无,今滨之町,无,未登场,长束正家,足轻组头,直臣,织田家,清洲城,无,未登场,长束正家,足轻组头,直臣,织田家,岐阜城,无,已登场,长束正家,足轻组头,陪臣（丹羽长秀）,织田家,佐和山城,无,已登场,长束正家,足轻大将,陪臣（丹羽长秀）,织田家,佐和山城,无,已登场,长束正家,足轻大将,直臣,丹羽家,北之庄城,无,已登场,长束正家,城主,直臣,丰臣家,水口城,无,已登场,长束正家,浪人,其他,无,长船之町,无,,,,"[{""stage"":"""",""tkid"":""545"",""ref"":""545_长束正家_朝正.png"",""emotion"":0}]"
lord_1_natsume_yoshinobu,,夏目吉信,夏目吉信,夏目,546,Natsume Yoshinobu,clan_natsume_1,kanto,基于分组自动创建家族,1,1518,1554,1572,战死,,,,只限武将,90,90,普通,勇敢,普通,轻率,重视情义,46,武具,无欲,普通,源氏,刀剑,59,58,26,61,68,1,2,1,1,1,2,1,0,0,0,0,0,0,1,0,0,无,强袭，拔突，铁壁,无,无要求,,,已登场,夏目吉信,足轻大将,直臣,松平家,冈崎城,无,已登场,夏目吉信,侍大将,陪臣（松平元康）,今川家,骏府城,无,已登场,夏目吉信,足轻组头,陪臣（松平元康）,今川家,冈崎城,无,已登场,夏目吉信,侍大将,直臣,德川家,冈崎城,无,已死亡,夏目吉信,无效,无效,无,无效,无,已死亡,夏目吉信,无效,无效,无,无效,无,已死亡,夏目吉信,无效,无效,无,无效,无,已死亡,夏目吉信,无效,无效,无,无效,无,已登场,夏目吉信,浪人,其他,无,津山之町,无,,,,"[{""stage"":"""",""tkid"":""546"",""ref"":""546_夏目吉信_朝正.png"",""emotion"":0}]"
lord_1_nabeshima_katsushige,,鍋島勝茂,锅岛胜茂,锅岛,547,Nabeshima Katsushige,clan_nabeshima_1,saikai,家族和文化自动推断,1,1580,1594,1657,病死,锅岛直茂,锅岛清房,锅岛直茂 锅岛清房,只限武将,80,80,普通,胆小,理想,轻率,普通,42,南蛮物,普通,普通,藤原氏,刀剑,51,47,50,41,59,1,2,2,1,1,1,2,0,0,1,0,0,1,0,0,0,无,强袭,无,无要求,,,未登场,锅岛胜茂,足轻组头,陪臣（锅岛直茂）,龙造寺家,佐嘉城,无,未登场,锅岛胜茂,足轻组头,陪臣（锅岛直茂）,龙造寺家,佐嘉城,无,未登场,锅岛胜茂,足轻组头,陪臣（锅岛直茂）,龙造寺家,佐嘉城,无,未登场,锅岛胜茂,足轻组头,陪臣（锅岛直茂）,龙造寺家,佐嘉城,无,未登场,锅岛胜茂,足轻组头,陪臣（锅岛直茂）,龙造寺家,佐嘉城,无,未登场,锅岛胜茂,足轻组头,陪臣（锅岛直茂）,龙造寺家,佐嘉城,无,未登场,锅岛胜茂,足轻组头,陪臣（锅岛直茂）,龙造寺家,佐嘉城,无,已登场,锅岛胜茂,家老,直臣,锅岛家,佐贺城,无,已登场,锅岛胜茂,浪人,其他,无,奈良之町,无,,,,"[{""stage"":"""",""tkid"":""547"",""ref"":""547_锅岛胜茂_朝右.png"",""emotion"":0}]"
lord_1_nabeshima_4,,鍋島直茂,锅岛直茂,锅岛,548,Nabeshima Naoshige,clan_nabeshima_1,saikai,精确匹配织丰,1,1538,1554,1618,病死,锅岛清房,,锅岛胜茂 锅岛清房,只限武将,70,70,普通,勇敢,现实,普通,普通,85,南蛮物,贪心,普通,藤原氏,刀剑,81,55,86,87,64,3,3,3,2,1,2,3,0,3,2,2,3,2,4,2,1,威吓,强袭，拔突，急所击，铁壁，丢钱,策士,一般条件,,,未登场,锅岛直茂,侍大将,陪臣（锅岛清房）,龙造寺家,佐嘉城,无,已登场,锅岛直茂,部将,直臣,龙造寺家,佐嘉城,无,已登场,锅岛直茂,侍大将,直臣,龙造寺家,佐嘉城,无,已登场,锅岛直茂,部将,直臣,龙造寺家,佐嘉城,无,已登场,锅岛直茂,部将,直臣,龙造寺家,佐嘉城,无,已登场,锅岛直茂,家老,直臣,龙造寺家,佐嘉城,无,已登场,锅岛直茂,家老,直臣,龙造寺家,佐嘉城,无,已登场,锅岛直茂,大名,首领,锅岛家,佐贺城,无,已登场,锅岛直茂,浪人,其他,无,鹿儿岛之町,无,,,,"[{""stage"":"""",""tkid"":""548"",""ref"":""548_锅岛直茂_朝正.png"",""emotion"":0}]"
lord_1_ruzon_sukezaemon,,呂宋助左衛門,吕宋助左卫门,吕宋,549|1176,Ruzon Sukezaemon,clan_ruzon_1,neutral_culture,基于分组自动创建家族,1,1546,1560,1612,病死,,,,武将以外优先,75,75,普通,勇敢,理想,轻率,不重情义,88,南蛮物,贪心,普通,其他,刀剑,34,62,64,71,83,0,0,0,3,0,2,0,2,2,0,3,4,2,4,2,2,无,强袭，拔突，二连苦无，铁壁，丢钱，贿赂,无,无要求,,,未登场,纳屋助左卫门,浪人,其他,无,堺之町,无,未登场,纳屋助左卫门,见习,直臣,纳屋,堺之町,无,已登场,纳屋助左卫门,见习,直臣,纳屋,堺之町,无,已登场,纳屋助左卫门,见习,直臣,纳屋,堺之町,无,已登场,纳屋助左卫门,见习,直臣,纳屋,堺之町,无,已登场,纳屋助左卫门,见习,直臣,纳屋,堺之町,无,已登场,纳屋助左卫门,见习,直臣,纳屋,堺之町,无,已登场,吕宋助左卫门,浪人,其他,无,堺之町,无,已登场,纳屋助左卫门,浪人,其他,无,直江津之町,无,,,"[{""stage"":""商"",""tkid"":""549"",""ref"":"""",""emotion"":1},{""stage"":""绅"",""tkid"":""1176"",""ref"":"""",""emotion"":1}]","[{""stage"":""商"",""tkid"":""549"",""ref"":""549_吕宋助左卫门_朝右.png"",""emotion"":1},{""stage"":""绅"",""tkid"":""1176"",""ref"":""1176_吕宋助左卫门_朝右.png"",""emotion"":1}]"
lord_1_narita,,成田氏長,成田氏长,成田,550,Narita Ujinaga,clan_narita_1,kanto,精确匹配织丰,1,1542,1556,1595,病死,成田长泰,成田亲泰,成田长忠 成田长泰 成田长亲,全职种,82,82,普通,胆小,普通,慎重,不重情义,77,书籍,贪心,嗜酒如命,藤原氏,刀剑,62,47,50,62,57,1,0,2,1,0,1,0,1,1,1,1,1,0,2,0,0,无,强袭,无,无要求,,,未登场,成田氏长,侍大将,陪臣（成田长泰）,上杉家,忍城,无,未登场,成田氏长,部将,陪臣（成田长泰）,北条家,忍城,无,已登场,成田氏长,侍大将,陪臣（成田长泰）,长尾家,忍城,无,已登场,成田氏长,城主,直臣,北条家,忍城,无,已登场,成田氏长,城主,直臣,北条家,忍城,无,已登场,成田氏长,城主,直臣,北条家,忍城,无,已登场,成田氏长,城主,直臣,北条家,忍城,无,已死亡,成田氏长,无效,无效,无,无效,无,已登场,成田氏长,浪人,其他,无,长滨之町,无,,,,"[{""stage"":"""",""tkid"":""550"",""ref"":""550_成田氏长_朝右.png"",""emotion"":0}]"
lord_1_narita_nagatada,,成田長忠,成田长忠,成田,551,Narita Nagatada,clan_narita_1,kanto,家族和文化自动推断,1,1550,1564,1616,病死,成田长泰,成田亲泰,成田氏长 成田长泰 成田长亲,全职种,80,80,普通,胆小,普通,慎重,普通,40,艺术品,普通,普通,藤原氏,刀剑,47,40,55,55,56,1,0,0,1,0,1,1,0,0,1,0,0,1,0,0,1,无,强袭,无,无要求,,,未登场,成田长忠,侍大将,陪臣（成田长泰）,上杉家,忍城,无,未登场,成田长忠,侍大将,陪臣（成田氏长）,北条家,忍城,无,未登场,成田长忠,足轻组头,陪臣（成田长泰）,长尾家,忍城,无,已登场,成田长忠,侍大将,陪臣（成田氏长）,北条家,忍城,无,已登场,成田长忠,侍大将,陪臣（成田氏长）,北条家,忍城,无,已登场,成田长忠,侍大将,陪臣（成田氏长）,北条家,忍城,无,已登场,成田长忠,侍大将,陪臣（成田氏长）,北条家,忍城,无,已登场,成田长忠,城主,直臣,德川家,乌山城,无,已登场,成田长忠,浪人,其他,无,长滨之町,无,,,,"[{""stage"":"""",""tkid"":""551"",""ref"":""551_成田长忠_朝右.png"",""emotion"":0}]"
lord_1_narita_2,,成田長泰,成田长泰,成田,552,Narita Nagayasu,clan_narita_1,kanto,精确匹配织丰,1,1493,1554,1571,病死,成田亲泰,,成田氏长 成田长忠 成田长亲,全职种,80,80,普通,胆小,现实,轻率,不重情义,79,武具,贪心,普通,藤原氏,刀剑,56,55,56,41,60,1,1,0,0,0,0,0,0,0,1,0,0,1,2,0,0,无,强袭,无,无要求,,,已登场,成田长泰,城主,直臣,上杉家,忍城,无,已登场,成田长泰,城主,直臣,北条家,忍城,无,已登场,成田长泰,城主,直臣,长尾家,忍城,无,已登场,成田长泰,浪人,其他,无,骏府之町,无,已死亡,成田长泰,无效,无效,无,无效,无,已死亡,成田长泰,无效,无效,无,无效,无,已死亡,成田长泰,无效,无效,无,无效,无,已死亡,成田长泰,无效,无效,无,无效,无,已登场,成田长泰,浪人,其他,无,长滨之町,无,,,,"[{""stage"":"""",""tkid"":""552"",""ref"":""552_成田长泰_朝右.png"",""emotion"":0}]"
lord_1_narinatsu_nobukatsu,,成松信勝,成松信胜,成松,553,Narinatsu Nobukatsu,clan_narinatsu_1,saikai,基于分组自动创建家族,1,1545,1559,1584,战死,,,,只限武将,60,60,普通,勇敢,普通,轻率,重视情义,41,武具,无欲,普通,其他,刀剑,67,79,28,54,64,2,3,2,1,0,3,2,1,0,0,0,0,0,0,0,0,无,强袭，连续斩，拔突，刚力，铁壁,无,无要求,,,未登场,成松信胜,侍大将,直臣,龙造寺家,佐嘉城,无,未登场,成松信胜,侍大将,直臣,龙造寺家,佐嘉城,无,已登场,成松信胜,侍大将,直臣,龙造寺家,佐嘉城,无,已登场,成松信胜,侍大将,直臣,龙造寺家,佐嘉城,无,已登场,成松信胜,侍大将,直臣,龙造寺家,佐嘉城,无,已登场,成松信胜,侍大将,直臣,龙造寺家,佐嘉城,无,已登场,成松信胜,侍大将,直臣,龙造寺家,佐嘉城,无,已死亡,成松信胜,无效,无效,无,无效,无,已登场,成松信胜,当家,首领,杂货屋,赤间关之町,无,,,,"[{""stage"":"""",""tkid"":""553"",""ref"":""553_成松信胜_朝右.png"",""emotion"":0}]"
lord_1_narutomi_shigeaki,,成富茂安,成富茂安,成富,554,Narutomi Shigeaki,clan_narutomi_1,saikai,基于分组自动创建家族,1,1560,1574,1634,病死,,,,只限武将,60,60,普通,普通,普通,普通,普通,33,武具,普通,普通,其他,刀剑,70,62,79,52,66,2,2,2,1,1,1,2,0,3,4,2,2,1,2,1,0,土龙攻,强袭,无,无要求,,,未登场,成富茂安,足轻组头,直臣,龙造寺家,佐嘉城,无,未登场,成富茂安,足轻组头,直臣,龙造寺家,佐嘉城,无,未登场,成富茂安,足轻组头,直臣,龙造寺家,佐嘉城,无,未登场,成富茂安,足轻组头,直臣,龙造寺家,佐嘉城,无,已登场,成富茂安,足轻组头,直臣,龙造寺家,佐嘉城,无,已登场,成富茂安,足轻大将,直臣,龙造寺家,佐嘉城,无,已登场,成富茂安,足轻大将,直臣,龙造寺家,佐嘉城,无,已登场,成富茂安,家老,直臣,锅岛家,佐贺城,无,已登场,成富茂安,浪人,其他,无,博多之町,无,,,,"[{""stage"":"""",""tkid"":""554"",""ref"":""554_成富茂安_朝右.png"",""emotion"":0}]"
lord_1_nanbu_toshinao,,南部利直,南部利直,南部,555,Nanbu Toshinao,clan_nanbu_1,ou,家族和文化自动推断,1,1576,1590,1632,病死,南部信直,石川高信,石川高信 南部信直,只限武将,65,65,温和,普通,普通,普通,普通,48,书籍,普通,普通,源氏,刀剑,61,44,76,70,67,2,3,0,0,0,1,1,0,0,2,3,1,1,2,1,1,无,强袭,无,一般条件,,,未登场,南部利直,足轻组头,陪臣（南部信直）,南部家,三户城,无,未登场,南部利直,足轻组头,陪臣（南部信直）,南部家,三户城,无,未登场,南部利直,足轻组头,陪臣（南部信直）,南部家,三户城,无,未登场,南部利直,足轻组头,陪臣（南部信直）,南部家,三户城,无,未登场,南部利直,足轻组头,陪臣（南部信直）,南部家,三户城,无,未登场,南部利直,足轻组头,直臣,南部家,三户城,无,未登场,南部利直,足轻组头,直臣,南部家,三户城,无,已登场,南部利直,家老,直臣,南部家,盛冈城,无,已登场,南部利直,大名,首领,南部家,会津若松城,无,,,,"[{""stage"":"""",""tkid"":""555"",""ref"":""555_南部利直_朝右.png"",""emotion"":0}]"
lord_1_nanbu_2,,南部信直,南部信直,南部,556,Nanbu Nobunao,clan_nanbu_1,ou,精确匹配织丰,1,1546,1560,1599,病死,石川高信,南部政康,石川高信 南部利直 南部晴政,只限武将,70,70,普通,勇敢,普通,普通,普通,80,艺术品,贪心,普通,源氏,刀剑,72,54,69,68,65,2,3,1,0,2,2,3,0,2,1,2,1,3,3,1,0,无,强袭，拔突，刚弓，铁壁,无,一般条件,,,未登场,南部信直,家老,直臣,南部家,三户城,无,未登场,南部信直,部将,陪臣（南部晴政）,南部家,三户城,无,已登场,南部信直,部将,直臣,南部家,三户城,无,已登场,南部信直,家老,直臣,南部家,三户城,无,已登场,南部信直,家老,直臣,南部家,三户城,无,已登场,南部信直,大名,首领,南部家,三户城,无,已登场,南部信直,大名,首领,南部家,三户城,无,已登场,南部信直,大名,首领,南部家,盛冈城,无,已登场,南部信直,家老,直臣,南部家,会津若松城,无,,,,"[{""stage"":"""",""tkid"":""556"",""ref"":""556_南部信直_朝右.png"",""emotion"":0}]"
lord_1_nanbu,,南部晴政,南部晴政,南部,557,Nanbu Harumasa,clan_nanbu_1,ou,精确匹配织丰,1,1517,1554,1582,病死,南部政康,,石川高信 南部信直,只限武将,65,65,温和,勇敢,普通,普通,普通,69,武具,无欲,普通,源氏,刀剑,75,76,60,54,81,3,3,0,1,2,2,3,0,0,1,1,1,1,1,0,1,无,强袭，拔突，刚弓，铁壁,无,一般条件,,,已登场,南部晴政,大名,首领,南部家,三户城,无,已登场,南部晴政,大名,首领,南部家,三户城,无,已登场,南部晴政,大名,首领,南部家,三户城,无,已登场,南部晴政,大名,首领,南部家,三户城,无,已登场,南部晴政,大名,首领,南部家,三户城,无,已死亡,南部晴政,无效,无效,无,无效,无,已死亡,南部晴政,无效,无效,无,无效,无,已死亡,南部晴政,无效,无效,无,无效,无,已登场,南部晴政,家老,直臣,南部家,会津若松城,无,,,,"[{""stage"":"""",""tkid"":""557"",""ref"":""557_南部晴政_朝右.png"",""emotion"":0}]"
lord_1_niro,,新納忠元,新纳忠元,新纳,558,Niro Tadamoto,clan_niro_1,saikai,精确匹配织丰,1,1526,1560,1610,病死,,,,只限武将,30,30,普通,勇敢,普通,轻率,普通,52,武具,普通,普通,源氏,刀剑,71,76,42,76,67,3,2,2,0,0,0,3,0,0,0,1,1,3,3,1,1,钓野伏,强袭,无,一般条件,,,已登场,新纳忠元,部将,直臣,岛津家,内城,无,已登场,新纳忠元,部将,直臣,岛津家,内城,无,已登场,新纳忠元,侍大将,直臣,岛津家,内城,无,已登场,新纳忠元,部将,直臣,岛津家,内城,无,已登场,新纳忠元,部将,直臣,岛津家,内城,无,已登场,新纳忠元,部将,直臣,岛津家,内城,无,已登场,新纳忠元,部将,直臣,岛津家,内城,无,已登场,新纳忠元,家老,直臣,岛津家,内城,无,已登场,新纳忠元,浪人,其他,无,宇须岸之町,无,,,,"[{""stage"":"""",""tkid"":""558"",""ref"":""558_新纳忠元_朝右.png"",""emotion"":0}]"
lord_1_nishikawa_jin-emon,,西川仁右衛門,西川仁右卫门,西川,559,Nishikawa Jin-emon,clan_nishikawa_1,neutral_culture,基于分组自动创建家族,1,1549,1563,1644,病死,,,,武将以外优先,30,30,温和,勇敢,现实,普通,重视情义,55,艺术品,贪心,普通,其他,枪,24,22,63,70,58,0,0,0,0,1,0,0,1,3,1,0,4,2,3,2,1,无,拔突，丢钱，贿赂,无,无要求,,,未登场,西川仁右卫门,浪人,其他,无,目加田之町,无,未登场,西川仁右卫门,浪人,其他,无,目加田之町,无,已登场,西川仁右卫门,浪人,其他,无,目加田之町,无,已登场,西川仁右卫门,浪人,其他,无,目加田之町,无,已登场,西川仁右卫门,当家,首领,山形屋,目加田之町,无,已登场,西川仁右卫门,当家,首领,山形屋,安土之町,无,已登场,西川仁右卫门,当家,首领,山形屋,安土之町,无,已登场,西川仁右卫门,当家,首领,山形屋,安土之町,无,已登场,西川仁右卫门,家老,直臣,西园寺家,山形城,无,,,,"[{""stage"":"""",""tkid"":""559"",""ref"":""559_西川仁右卫门_朝右.png"",""emotion"":0}]"
lord_1_nishina,,仁科盛信,仁科盛信,仁科,560,Nishina Morinobu,clan_nishina_1,tosan,精确匹配织丰,1,1557,1571,1582,战死,武田信玄,武田信虎,一条信龙 武田胜赖 武田逍遥轩 武田信玄 武田信繁 武田信丰 武田义信 武田信虎,只限武将,61,61,性急,勇敢,普通,轻率,普通,46,武具,普通,普通,平氏,刀剑,70,74,55,41,65,2,3,2,0,2,2,2,1,1,1,1,0,1,1,1,0,无,强袭，拔突，刚弓，铁壁,无,一般条件,,,未登场,仁科盛信,侍大将,直臣,武田家,踯躅崎馆,无,未登场,仁科盛信,侍大将,陪臣（武田信玄）,武田家,踯躅崎馆,无,未登场,仁科盛信,侍大将,直臣,武田家,踯躅崎馆,无,未登场,仁科盛信,侍大将,直臣,武田家,踯躅崎馆,无,已登场,仁科盛信,城主,直臣,武田家,高远城,无,已登场,仁科盛信,城主,直臣,武田家,高远城,无,已死亡,仁科盛信,无效,无效,无,无效,无,已死亡,仁科盛信,无效,无效,无,无效,无,已登场,仁科盛信,浪人,其他,无,丸龟之町,无,,,,"[{""stage"":"""",""tkid"":""560"",""ref"":""560_仁科盛信_朝右.png"",""emotion"":0}]"
lord_1_nikyokurin_inosuke,,二曲輪豬助,二曲轮猪助,二曲轮,561,Nikyokurin Inosuke,clan_nikyokurin_1,neutral_culture,基于分组自动创建家族,1,1525,1554,1599,病死,,,,武将以外优先,80,80,普通,普通,现实,轻率,普通,20,武具,无欲,普通,其他,锁镰,41,75,24,63,44,2,0,1,1,1,3,1,4,0,0,0,2,0,0,0,2,城门爆破，奈落之术，雾隐之术，红莲之术,强袭，连续斩，拔突，二连苦无，半月，千鸟，横车，刚力，铁壁，分身之术,锁镰高手,无要求,,,已登场,二曲轮猪助,上忍,直臣,风魔众,风魔之里,无,已登场,二曲轮猪助,上忍,直臣,风魔众,风魔之里,无,已登场,二曲轮猪助,上忍,直臣,风魔众,风魔之里,无,已登场,二曲轮猪助,上忍,直臣,风魔众,风魔之里,无,已登场,二曲轮猪助,上忍,直臣,风魔众,风魔之里,无,已登场,二曲轮猪助,上忍,直臣,风魔众,风魔之里,无,已登场,二曲轮猪助,上忍,直臣,风魔众,风魔之里,无,已登场,二曲轮猪助,下忍,直臣,伊贺众,伊贺之里,无,已登场,二曲轮猪助,家老,直臣,二阶堂家,金泽城,无,,,,"[{""stage"":"""",""tkid"":""561"",""ref"":""561_二曲轮猪助_朝右.png"",""emotion"":0}]"
lord_1_ninomiya_narutoki,,二宮就辰,二宫就辰,二宫,562,Ninomiya Narutoki,clan_ninomiya_1,sanyo,基于分组自动创建家族,1,1541,1555,1599,病死,毛利元就,,吉川广家 吉川元长 吉川元春 小早川隆景 小早川秀包 繁泽元氏 穗井田元清 毛利隆元 毛利辉元 毛利元就 毛利秀元,全职种,36,36,温和,普通,普通,慎重,重视情义,14,书籍,无欲,普通,其他,刀剑,40,24,69,47,67,0,0,0,0,0,0,0,0,3,2,3,2,1,1,1,1,无,强袭,无,无要求,,,未登场,二宫就辰,足轻大将,直臣,毛利家,吉田郡山城,无,未登场,二宫就辰,足轻大将,直臣,毛利家,吉田郡山城,无,已登场,二宫就辰,足轻组头,直臣,毛利家,吉田郡山城,无,已登场,二宫就辰,足轻大将,直臣,毛利家,吉田郡山城,无,已登场,二宫就辰,足轻大将,直臣,毛利家,吉田郡山城,无,已登场,二宫就辰,足轻大将,直臣,毛利家,吉田郡山城,无,已登场,二宫就辰,足轻大将,直臣,毛利家,吉田郡山城,无,已登场,二宫就辰,部将,直臣,毛利家,广岛城,无,已登场,二宫就辰,家老,直臣,二阶堂家,金泽城,无,,,,"[{""stage"":"""",""tkid"":""562"",""ref"":""562_二宫就辰_朝右.png"",""emotion"":0}]"
lord_1_nihonmatsu_2,,二本松義繼,二本松义继,二本松,563,Nihonmatsu Yoshitsugu,clan_nihonmatsu_1,ou,精确匹配织丰,1,1552,1566,1585,战死,,,,只限武将,15,15,普通,普通,普通,轻率,不重情义,56,艺术品,普通,普通,源氏,刀剑,42,37,50,45,53,0,1,2,0,0,0,0,0,0,0,0,2,1,0,1,1,无,强袭,无,无要求,,,未登场,二本松义继,城主,直臣,芦名家,二本松城,无,未登场,二本松义继,城主,直臣,芦名家,二本松城,无,未登场,二本松义继,城主,直臣,芦名家,二本松城,无,已登场,二本松义继,城主,直臣,芦名家,二本松城,无,已登场,二本松义继,城主,直臣,芦名家,二本松城,无,已登场,二本松义继,城主,直臣,芦名家,二本松城,无,已登场,二本松义继,城主,直臣,芦名家,二本松城,无,已死亡,二本松义继,无效,无效,无,无效,无,已登场,二本松义继,部将,直臣,二阶堂家,金泽城,无,,,,"[{""stage"":"""",""tkid"":""563"",""ref"":""563_二本松义继_朝右.png"",""emotion"":0}]"
lord_1_niwa_nagashige,,丹羽長重,丹羽长重,丹羽,564,Niwa Nagashige,clan_niwa_1,kinai,家族和文化自动推断,1,1571,1585,1637,病死,丹羽长秀,,丹羽长秀,只限武将,15,20,温和,胆小,普通,普通,普通,56,艺术品,普通,普通,平氏,刀剑,53,41,42,38,30,2,1,0,0,0,1,1,1,0,0,0,1,0,2,1,0,无,强袭,无,无要求,,,未登场,丹羽长重,足轻组头,陪臣（丹羽长秀）,织田家,那古野城,无,未登场,丹羽长重,足轻组头,陪臣（丹羽长秀）,织田家,清洲城,无,未登场,丹羽长重,足轻组头,陪臣（丹羽长秀）,织田家,清洲城,无,未登场,丹羽长重,足轻组头,陪臣（丹羽长秀）,织田家,岐阜城,无,未登场,丹羽长重,足轻组头,陪臣（丹羽长秀）,织田家,佐和山城,无,未登场,丹羽长重,足轻组头,陪臣（丹羽长秀）,织田家,佐和山城,无,已登场,丹羽长重,家老,直臣,丹羽家,北之庄城,无,已登场,丹羽长重,大名,首领,丹羽家,小松城,无,已登场,丹羽长重,浪人,其他,无,长滨之町,无,,,,"[{""stage"":"""",""tkid"":""564"",""ref"":""564_丹羽长重_朝右.png"",""emotion"":0}]"
lord_1_niwa,,丹羽長秀,丹羽长秀,丹羽,565,Niwa Nagahide,clan_niwa_1,tosan,精确匹配织丰,1,1535,1554,1585,病死,,,丹羽长重,只限武将,10,10,温和,普通,普通,普通,普通,40,武具,无欲,普通,平氏,刀剑,77,56,81,70,75,3,2,2,0,0,2,2,0,4,3,1,3,1,2,2,1,紧急修补,强袭，拔突，铁壁，丢钱,无,一般条件,,,已登场,丹羽长秀,侍大将,直臣,织田家,那古野城,无,已登场,丹羽长秀,家老,直臣,织田家,清洲城,无,已登场,丹羽长秀,家老,直臣,织田家,清洲城,无,已登场,丹羽长秀,家老,直臣,织田家,岐阜城,无,已登场,丹羽长秀,城主,直臣,织田家,佐和山城,无,已登场,丹羽长秀,城主,直臣,织田家,佐和山城,无,已登场,丹羽长秀,大名,首领,丹羽家,北之庄城,无,已死亡,丹羽长秀,无效,无效,无,无效,无,已登场,丹羽长秀,浪人,其他,无,长滨之町,无,,,,"[{""stage"":"""",""tkid"":""565"",""ref"":""565_丹羽长秀_朝右.png"",""emotion"":0}]"
lord_1_nukui,,溫井景隆,温井景隆,温井,566,Nukui Kagetaka,clan_nukui_1,hokuriku,精确匹配织丰,1,1532,1554,1582,病死,,,,只限武将,90,90,性急,勇敢,普通,轻率,普通,72,书籍,无欲,普通,藤原氏,刀剑,51,31,60,68,64,1,2,1,0,0,0,0,0,1,0,0,0,1,1,0,0,无,强袭,无,无要求,,,已登场,温井景隆,家老,直臣,畠山家,七尾城,无,已登场,温井景隆,家老,直臣,畠山家,七尾城,无,已登场,温井景隆,侍大将,直臣,畠山家,七尾城,无,已登场,温井景隆,家老,直臣,长家,七尾城,无,已登场,温井景隆,家老,直臣,长家,七尾城,无,已登场,温井景隆,侍大将,陪臣（中条景泰）,上杉家,鱼津城,无,已死亡,温井景隆,无效,无效,无,无效,无,已死亡,温井景隆,无效,无效,无,无效,无,已登场,温井景隆,浪人,其他,无,足利之町,无,,,,"[{""stage"":"""",""tkid"":""566"",""ref"":""566_温井景隆_朝右.png"",""emotion"":0}]"
lord_1_numata_sukemitsu,,沼田祐光,沼田祐光,沼田,567,Numata Sukemitsu,clan_numata_1,kinai,基于分组自动创建家族,1,1538,1554,1612,病死,,,,全职种,96,96,普通,普通,普通,普通,普通,68,艺术品,贪心,嗜酒如命,平氏,刀剑,59,58,70,79,69,2,2,1,0,1,1,3,0,1,1,0,2,1,2,0,2,无,强袭,策士,无要求,,,未登场,沼田祐光,足轻组头,陪臣（细川藤孝）,足利家,朽木谷城,无,已登场,沼田祐光,足轻组头,陪臣（细川藤孝）,足利家,朽木谷城,无,已登场,沼田祐光,浪人,其他,无,弘前之町,无,已登场,沼田祐光,足轻组头,陪臣（大浦为信）,南部家,大浦城,无,已登场,沼田祐光,足轻组头,陪臣（津轻为信）,南部家,大浦城,无,已登场,沼田祐光,足轻大将,陪臣（津轻为信）,南部家,大浦城,无,已登场,沼田祐光,足轻大将,直臣,津轻家,大浦城,无,已登场,沼田祐光,家老,直臣,津轻家,大浦城,无,已登场,沼田祐光,浪人,其他,无,甲府之町,无,,,,"[{""stage"":"""",""tkid"":""567"",""ref"":""567_沼田祐光_朝右.png"",""emotion"":0}]"
lord_1_negishi_tokaku,,根岸兎角,根岸兔角,根岸,568,Negishi Tokaku,clan_negishi_1,neutral_culture,基于分组自动创建家族,1,1556,1570,1615,病死,,,,全职种,80,80,普通,普通,现实,轻率,不重情义,64,武具,普通,普通,其他,刀剑,10,86,16,20,18,0,0,0,0,0,4,2,3,0,0,0,0,0,0,0,0,刺杀,强袭，连续斩，八神太刀，一之太刀，拔突，二连苦无，半月，神妙剑，当身，刚力，金刚力，铁壁，气声，辱骂，大喝，炯眼，罗刹,剑豪,一般条件,,,未登场,根岸兔角,浪人,其他,无,鹿岛之町,一羽流,未登场,根岸兔角,浪人,其他,无,鹿岛之町,一羽流,未登场,根岸兔角,浪人,其他,无,鹿岛之町,一羽流,未登场,根岸兔角,浪人,其他,无,鹿岛之町,一羽流,已登场,根岸兔角,浪人,其他,无,鹿岛之町,一羽流,已登场,根岸兔角,浪人,其他,无,鹿岛之町,一羽流,已登场,根岸兔角,浪人,其他,无,鹿岛之町,一羽流,已登场,根岸兔角,足轻组头,直臣,黑田家,中津城,微尘流,已登场,根岸兔角,上忍,直臣,外闻众,外闻之里,一羽流,,,,"[{""stage"":"""",""tkid"":""568"",""ref"":""568_根岸兔角_朝右.png"",""emotion"":0}]"
lord_1_nenei_shigenaga,,禰寢重長,祢寝重长,祢寝,569,Nenei Shigenaga,clan_nenei_1,saikai,基于分组自动创建家族,1,1536,1554,1580,病死,,,,只限武将,80,80,普通,普通,普通,普通,普通,50,武具,无欲,普通,平氏,刀剑,56,29,76,58,59,2,1,1,0,0,0,1,0,1,3,1,2,2,2,1,1,无,强袭,无,无要求,,,未登场,祢寝重长,足轻组头,直臣,肝付家,大隅高山城,无,已登场,祢寝重长,足轻组头,直臣,肝付家,大隅高山城,无,已登场,祢寝重长,足轻组头,直臣,肝付家,大隅高山城,无,已登场,祢寝重长,足轻组头,直臣,肝付家,大隅高山城,无,已登场,祢寝重长,足轻组头,直臣,岛津家,内城,无,已死亡,祢寝重长,无效,无效,无,无效,无,已死亡,祢寝重长,无效,无效,无,无效,无,已死亡,祢寝重长,无效,无效,无,无效,无,已登场,祢寝重长,浪人,其他,无,长滨之町,无,,,,"[{""stage"":"""",""tkid"":""569"",""ref"":""569_祢寝重长_朝右.png"",""emotion"":0}]"
lord_1_nezu_jinpachi,,根津甚八,根津甚八,根津,570,Nezu Jinpachi,clan_nezu_1,neutral_culture,基于分组自动创建家族,1,1573,1587,1615,战死,,,,全职种,49,49,普通,勇敢,理想,轻率,重视情义,55,南蛮物,无欲,普通,源氏,刀剑,31,76,22,46,67,1,0,2,3,1,3,1,2,0,0,0,0,0,0,0,0,焙烙,强袭，连续斩，拔突，二连苦无，刚力，铁壁,无,一般条件,,,未登场,根津甚八,浪人,其他,无,大凑之町,无,未登场,根津甚八,浪人,其他,无,大凑之町,无,未登场,根津甚八,浪人,其他,无,大凑之町,无,未登场,根津甚八,浪人,其他,无,大凑之町,无,未登场,根津甚八,浪人,其他,无,大凑之町,无,未登场,根津甚八,浪人,其他,无,大凑之町,无,未登场,根津甚八,浪人,其他,无,大凑之町,无,已登场,根津甚八,水夫,直臣,熊野水军,鸟羽之砦,无,已登场,根津甚八,足轻大将,直臣,八板家,姬路城,无,,,,"[{""stage"":"""",""tkid"":""570"",""ref"":""570_根津甚八_朝右.png"",""emotion"":0}]"
lord_1_nomi_munemasa,,乃美宗勝,乃美宗胜,乃美,571,Nomi Munemasa,clan_nomi_1,sanyo,基于分组自动创建家族,1,1527,1554,1592,病死,,,,全职种,36,36,普通,普通,普通,轻率,普通,37,艺术品,普通,嗜酒如命,平氏,刀剑,62,59,27,63,57,1,1,2,4,0,0,1,0,0,0,0,0,0,0,0,0,进水,强袭,无,无要求,,,已登场,乃美宗胜,侍大将,陪臣（小早川隆景）,毛利家,吉田郡山城,无,已登场,乃美宗胜,部将,直臣,毛利家,吉田郡山城,无,已登场,乃美宗胜,侍大将,直臣,毛利家,吉田郡山城,无,已登场,乃美宗胜,部将,陪臣（小早川隆景）,毛利家,三原城,无,已登场,乃美宗胜,部将,陪臣（小早川隆景）,毛利家,三原城,无,已登场,乃美宗胜,部将,陪臣（小早川隆景）,毛利家,三原城,无,已登场,乃美宗胜,部将,陪臣（小早川隆景）,毛利家,三原城,无,已死亡,乃美宗胜,无效,无效,无,无效,无,已登场,乃美宗胜,浪人,其他,无,府内之町,无,,,,"[{""stage"":"""",""tkid"":""571"",""ref"":""571_乃美宗胜_朝右.png"",""emotion"":0}]"
lord_1_haikan_ieie,,拜鄉家嘉,拜乡家嘉,拜乡,572,Haikan Ieie,clan_haikan_1,kinai,基于分组自动创建家族,1,1538,1554,1583,战死,,,,只限武将,85,85,普通,普通,普通,轻率,普通,57,武具,贪心,普通,其他,刀剑,62,54,49,45,58,1,1,0,0,0,2,1,0,0,0,0,0,0,0,0,0,无,强袭，拔突，铁壁,无,无要求,,,未登场,拜乡家嘉,足轻组头,陪臣（柴田胜家）,织田家,那古野城,无,已登场,拜乡家嘉,浪人,其他,无,清洲之町,无,已登场,拜乡家嘉,浪人,其他,无,清洲之町,无,已登场,拜乡家嘉,足轻组头,陪臣（柴田胜家）,织田家,岐阜城,无,已登场,拜乡家嘉,足轻组头,陪臣（柴田胜家）,织田家,北之庄城,无,已登场,拜乡家嘉,侍大将,陪臣（柴田胜家）,织田家,北之庄城,无,已死亡,拜乡家嘉,无效,无效,无,无效,无,已死亡,拜乡家嘉,无效,无效,无,无效,无,已登场,拜乡家嘉,浪人,其他,无,小诸之町,无,,,,"[{""stage"":"""",""tkid"":""572"",""ref"":""572_拜乡家嘉_朝右.png"",""emotion"":0}]"
lord_1_hegawa_ujisoku,,垪和氏續,垪和氏续,垪和,573,Hegawa Ujisoku,clan_hegawa_1,kanto,基于分组自动创建家族,1,1522,1555,1587,病死,,,,只限武将,82,82,普通,普通,普通,慎重,重视情义,31,艺术品,无欲,普通,其他,刀剑,65,51,36,59,46,2,2,1,2,2,1,2,0,0,1,0,0,0,0,0,0,无,强袭，刚弓,无,无要求,,,已登场,垪和氏续,家老,直臣,北条家,小田原城,无,已登场,垪和氏续,家老,直臣,北条家,小田原城,无,已登场,垪和氏续,部将,直臣,北条家,小田原城,无,已登场,垪和氏续,城主,直臣,北条家,兴国寺城,无,已登场,垪和氏续,城主,直臣,北条家,兴国寺城,无,已登场,垪和氏续,城主,直臣,北条家,兴国寺城,无,已登场,垪和氏续,城主,直臣,北条家,兴国寺城,无,已死亡,垪和氏续,无效,无效,无,无效,无,已登场,垪和氏续,浪人,其他,无,严岛之町,无,,,,"[{""stage"":"""",""tkid"":""573"",""ref"":""573_垪和氏续_朝右.png"",""emotion"":0}]"
lord_1_haga,,芳賀高定,芳贺高定,芳贺,574,Haga Takasada,clan_haga_1,kanto,精确匹配织丰,1,1527,1554,1570,病死,,,,全职种,50,50,普通,普通,普通,慎重,不重情义,59,武具,贪心,普通,其他,刀剑,59,36,64,72,60,1,2,0,0,0,1,2,0,1,1,1,1,2,3,0,1,无,强袭,无,无要求,,,已登场,芳贺高定,家老,直臣,宇都宫家,宇都宫城,无,已登场,芳贺高定,家老,直臣,宇都宫家,宇都宫城,无,已登场,芳贺高定,家老,直臣,宇都宫家,宇都宫城,无,已登场,芳贺高定,家老,直臣,宇都宫家,宇都宫城,无,已死亡,芳贺高定,无效,无效,无,无效,无,已死亡,芳贺高定,无效,无效,无,无效,无,已死亡,芳贺高定,无效,无效,无,无效,无,已死亡,芳贺高定,无效,无效,无,无效,无,已登场,芳贺高定,浪人,其他,无,严岛之町,无,,,,"[{""stage"":"""",""tkid"":""574"",""ref"":""574_芳贺高定_朝右.png"",""emotion"":0}]"
lord_1_haga_4,,芳賀高繼,芳贺高继,芳贺,575,Haga Takatsugu,clan_haga_1,kanto,精确匹配织丰,1,1550,1564,1592,病死,,,,全职种,50,50,温和,普通,现实,普通,不重情义,78,书籍,无欲,普通,其他,刀剑,49,43,60,70,62,1,1,1,0,1,1,1,0,0,2,1,1,1,2,2,1,无,强袭,无,无要求,,,未登场,芳贺高继,部将,直臣,宇都宫家,宇都宫城,无,未登场,芳贺高继,部将,直臣,宇都宫家,宇都宫城,无,已登场,芳贺高继,部将,直臣,宇都宫家,宇都宫城,无,已登场,芳贺高继,部将,直臣,宇都宫家,宇都宫城,无,已登场,芳贺高继,部将,直臣,宇都宫家,宇都宫城,无,已登场,芳贺高继,部将,直臣,宇都宫家,宇都宫城,无,已登场,芳贺高继,部将,直臣,宇都宫家,宇都宫城,无,已死亡,芳贺高继,无效,无效,无,无效,无,已登场,芳贺高继,浪人,其他,无,会津之町,无,,,,"[{""stage"":"""",""tkid"":""575"",""ref"":""575_芳贺高继_朝右.png"",""emotion"":0}]"
lord_1_tomono_jiroubei,,友野二郎兵衛,友野二郎兵卫,友野,576,Tomono Jiroubei,clan_tomono_1,neutral_culture,基于分组自动创建家族,1,1520,1554,1574,病死,,,友野宗善,武将以外优先,60,60,温和,普通,普通,慎重,重视情义,30,书籍,贪心,普通,其他,枪,17,21,60,52,37,0,0,0,0,0,0,0,1,2,1,1,3,1,3,2,1,无,拔突，丢钱，大宴宾客,风雅之士,无要求,,,已登场,友野二郎兵卫,当家,首领,友野屋,骏府之町,无,已登场,友野二郎兵卫,当家,首领,友野屋,骏府之町,无,已登场,友野二郎兵卫,当家,首领,友野屋,骏府之町,无,已登场,友野二郎兵卫,当家,首领,友野屋,骏府之町,无,已死亡,友野二郎兵卫,无效,无效,无,无效,无,已死亡,友野二郎兵卫,无效,无效,无,无效,无,已死亡,友野二郎兵卫,无效,无效,无,无效,无,已死亡,友野二郎兵卫,无效,无效,无,无效,无,已登场,友野二郎兵卫,侍大将,直臣,二阶堂家,金泽城,无,,,,"[{""stage"":"""",""tkid"":""576"",""ref"":""576_友野二郎兵卫_朝右.png"",""emotion"":0}]"
lord_1_hasekura_tsunenaga,,支倉常長,支仓常长,支仓,577,Hasekura Tsunenaga,clan_hasekura_1,ou,基于分组自动创建家族,1,1571,1585,1622,病死,,,,全职种,62,62,普通,勇敢,理想,慎重,重视情义,56,南蛮物,无欲,普通,其他,刀剑,41,34,60,70,86,0,0,0,2,0,0,0,0,0,0,2,3,3,3,1,2,无,强袭，丢钱,无,一般条件,,,未登场,支仓常长,足轻组头,直臣,伊达家,米泽城,无,未登场,支仓常长,足轻组头,直臣,伊达家,米泽城,无,未登场,支仓常长,足轻组头,直臣,伊达家,米泽城,无,未登场,支仓常长,足轻组头,直臣,伊达家,米泽城,无,未登场,支仓常长,足轻组头,直臣,伊达家,米泽城,无,未登场,支仓常长,足轻组头,直臣,伊达家,米泽城,无,未登场,支仓常长,足轻组头,直臣,伊达家,米泽城,无,已登场,支仓常长,侍大将,直臣,伊达家,仙台城,无,已登场,支仓常长,浪人,其他,无,长滨之町,无,,,,"[{""stage"":"""",""tkid"":""577"",""ref"":""577_支仓常长_朝右.png"",""emotion"":0}]"
lord_1_hatakeyama_3,,畠山高政,畠山高政,畠山,578,Hatakeyama Takamasa,clan_hatakeyama_1,kinai,精确匹配织丰,1,1527,1554,1576,病死,畠山政国,,畠山秋高,只限武将,0,0,性急,勇敢,理想,轻率,不重情义,83,艺术品,贪心,嗜酒如命,源氏,刀剑,32,39,42,36,28,1,1,1,1,1,1,0,0,0,0,0,0,3,1,1,0,无,强袭,无,无要求,,,已登场,畠山高政,大名,首领,畠山家,高屋城,无,已登场,畠山高政,大名,首领,畠山家,高屋城,无,已登场,畠山高政,大名,首领,畠山家,高屋城,无,已登场,畠山高政,城主,直臣,织田家,高屋城,无,已登场,畠山高政,浪人,其他,无,杂贺之町,无,已死亡,畠山高政,无效,无效,无,无效,无,已死亡,畠山高政,无效,无效,无,无效,无,已死亡,畠山高政,无效,无效,无,无效,无,已登场,畠山高政,足轻组头,直臣,山中家,江户城,无,,,,"[{""stage"":"""",""tkid"":""578"",""ref"":""578_畠山高政_朝右.png"",""emotion"":0}]"
lord_1_hatakeyamayoshitsugu,,畠山義續,畠山义续,畠山,579,HatakeyamaYoshitsugu,clan_hatakeyama_1,kinai,家族和文化自动推断,1,1516,1554,1590,病死,畠山义总,,畠山义纲 松波义亲,只限武将,90,90,普通,勇敢,普通,轻率,普通,55,艺术品,贪心,普通,源氏,刀剑,32,30,48,17,18,0,0,0,0,0,0,1,0,0,0,0,1,0,0,0,0,无,强袭,无,无要求,,,已登场,畠山义续,大名,首领,畠山家,七尾城,无,已登场,畠山义续,家老,直臣,畠山家,七尾城,无,已登场,畠山义续,家老,直臣,畠山家,七尾城,无,已登场,畠山义续,浪人,其他,无,目加田之町,无,已登场,畠山义续,浪人,其他,无,目加田之町,无,已登场,畠山义续,浪人,其他,无,安土之町,无,已登场,畠山义续,浪人,其他,无,安土之町,无,已死亡,畠山义续,无效,无效,无,无效,无,已登场,畠山义续,足轻组头,直臣,山中家,江户城,无,,,,"[{""stage"":"""",""tkid"":""579"",""ref"":""579_畠山义续_朝右.png"",""emotion"":0}]"
dead_lord_1_notohatakeyama_2,,畠山義綱,畠山义纲,畠山,580,Noto-Hatakeyama Yoshitsuna,clan_notohatakeyama_1,hokuriku,精确匹配织丰,1,1537,1554,1593,病死,畠山义续,畠山义总,畠山义续 松波义亲,只限武将,90,90,普通,胆小,理想,慎重,普通,78,南蛮物,贪心,普通,源氏,刀剑,54,47,58,36,28,1,0,1,0,0,0,0,0,1,1,0,0,0,0,0,0,无,强袭,无,无要求,,,已登场,畠山义纲,家老,直臣,畠山家,七尾城,无,已登场,畠山义纲,大名,首领,畠山家,七尾城,无,已登场,畠山义纲,大名,首领,畠山家,七尾城,无,已登场,畠山义纲,浪人,其他,无,今滨之町,无,已登场,畠山义纲,浪人,其他,无,长滨之町,无,已登场,畠山义纲,浪人,其他,无,长滨之町,无,已登场,畠山义纲,浪人,其他,无,长滨之町,无,已死亡,畠山义纲,无效,无效,无,无效,无,已登场,畠山义纲,足轻组头,直臣,山中家,江户城,无,,,,"[{""stage"":"""",""tkid"":""580"",""ref"":""580_畠山义纲_朝右.png"",""emotion"":0}]"
lord_1_kiku_koushu,,波多野晴通,波多野晴通,波多野,581,Kiku Koushu,clan_kiku_1,saikai,基于分组自动创建家族,1,1520,1554,1560,病死,,,波多野秀尚 波多野秀治,只限武将,40,40,普通,普通,普通,轻率,不重情义,38,艺术品,普通,普通,藤原氏,刀剑,28,27,38,19,36,0,1,0,0,1,0,0,0,0,1,1,0,0,1,0,1,无,强袭,无,无要求,,,已登场,波多野晴通,大名,首领,波多野家,八上城,无,已登场,波多野晴通,大名,首领,波多野家,八上城,无,已死亡,波多野晴通,无效,无效,无,无效,无,已死亡,波多野晴通,无效,无效,无,无效,无,已死亡,波多野晴通,无效,无效,无,无效,无,已死亡,波多野晴通,无效,无效,无,无效,无,已死亡,波多野晴通,无效,无效,无,无效,无,已死亡,波多野晴通,无效,无效,无,无效,无,已登场,波多野晴通,船头,直臣,丰后水军,一尺屋之砦,无,,,,"[{""stage"":"""",""tkid"":""581"",""ref"":""581_波多野晴通_朝右.png"",""emotion"":0}]"
lord_1_kiku_hidenari,,波多野秀尚,波多野秀尚,波多野,582,Kiku Hidenari,clan_kiku_1,saikai,基于分组自动创建家族,1,1540,1554,1579,病死,波多野晴通,,波多野晴通 波多野秀治,只限武将,40,40,普通,普通,普通,轻率,不重情义,60,艺术品,普通,普通,藤原氏,刀剑,57,53,38,29,36,2,2,1,0,0,0,1,0,0,1,0,0,0,0,0,0,无,强袭,无,无要求,,,未登场,波多野秀尚,部将,直臣,波多野家,八上城,无,已登场,波多野秀尚,部将,直臣,波多野家,八上城,无,已登场,波多野秀尚,部将,直臣,波多野家,八上城,无,已登场,波多野秀尚,部将,直臣,波多野家,八上城,无,已登场,波多野秀尚,部将,直臣,波多野家,八上城,无,已死亡,波多野秀尚,无效,无效,无,无效,无,已死亡,波多野秀尚,无效,无效,无,无效,无,已死亡,波多野秀尚,无效,无效,无,无效,无,已登场,波多野秀尚,头领,首领,丰后水军,一尺屋之砦,无,,,,"[{""stage"":"""",""tkid"":""582"",""ref"":""582_波多野秀尚_朝右.png"",""emotion"":0}]"
lord_1_kiku,,波多野秀治,波多野秀治,波多野,583,Kiku,clan_kiku_1,saikai,基于分组自动创建家族,1,1535,1554,1579,病死,波多野晴通,,波多野晴通 波多野秀尚,只限武将,40,40,普通,普通,理想,轻率,不重情义,61,书籍,无欲,普通,藤原氏,刀剑,64,64,43,33,56,2,0,1,0,0,0,1,0,0,0,1,0,2,1,0,0,无,强袭,无,一般条件,,,已登场,波多野秀治,家老,直臣,波多野家,八上城,无,已登场,波多野秀治,家老,直臣,波多野家,八上城,无,已登场,波多野秀治,大名,首领,波多野家,八上城,无,已登场,波多野秀治,大名,首领,波多野家,八上城,无,已登场,波多野秀治,大名,首领,波多野家,八上城,无,已死亡,波多野秀治,无效,无效,无,无效,无,已死亡,波多野秀治,无效,无效,无,无效,无,已死亡,波多野秀治,无效,无效,无,无效,无,已登场,波多野秀治,船头,直臣,丰后水军,一尺屋之砦,无,,,,"[{""stage"":"""",""tkid"":""583"",""ref"":""583_波多野秀治_朝右.png"",""emotion"":0}]"
lord_1_hachisuka_iemasa,,蜂須賀家政,蜂须贺家政,蜂须贺,584,Hachisuka Iemasa,clan_hachisuka_1,sanyo,基于分组自动创建家族,1,1559,1573,1638,病死,蜂须贺正胜,,蜂须贺正胜 蜂须贺至镇,只限武将,4,4,温和,胆小,普通,普通,重视情义,60,艺术品,普通,普通,源氏,刀剑,64,54,70,74,65,2,2,2,1,1,1,1,0,0,1,1,1,0,0,1,0,无,强袭,无,无要求,,,未登场,蜂须贺家政,浪人,其他,无,井之口之町,无,未登场,蜂须贺家政,浪人,其他,无,井之口之町,无,未登场,蜂须贺家政,浪人,其他,无,井之口之町,无,未登场,蜂须贺家政,足轻组头,陪臣（蜂须贺正胜）,织田家,岐阜城,无,已登场,蜂须贺家政,足轻大将,陪臣（羽柴秀吉）,织田家,长滨城,无,已登场,蜂须贺家政,足轻大将,陪臣（羽柴秀吉）,织田家,姬路城,无,已登场,蜂须贺家政,足轻大将,陪臣（蜂须贺正胜）,羽柴家,上月城,无,已登场,蜂须贺家政,大名,首领,蜂须贺家,德岛城,无,已登场,蜂须贺家政,浪人,其他,无,鸟取之町,无,,,,"[{""stage"":"""",""tkid"":""584"",""ref"":""584_蜂须贺家政_朝右.png"",""emotion"":0}]"
lord_1_hachisuka_koroku,,蜂須賀小六,蜂须贺小六,蜂须贺,585,Hachisuka Koroku,clan_hachisuka_1,sanyo,基于分组自动创建家族,1,1526,1554,1586,病死,,,蜂须贺家政 蜂须贺至镇,全职种,10,10,性急,勇敢,理想,轻率,重视情义,72,武具,贪心,嗜酒如命,源氏,刀剑,73,85,72,83,74,4,2,3,0,2,3,2,3,2,2,1,2,0,0,1,0,焙烙，鬼谋，错乱之术,强袭，连续斩，拔突，二连苦无，半月，急所击，刚弓，刚力，铁壁,无,不可,,主角丰臣秀吉，墨俣筑城战胜利,已登场,蜂须贺小六,浪人,其他,无,井之口之町,无,已登场,蜂须贺小六,浪人,其他,无,井之口之町,无,已登场,蜂须贺小六,浪人,其他,无,井之口之町,无,已登场,蜂须贺正胜,足轻大将,陪臣（木下藤吉郎）,织田家,岐阜城,无,已登场,蜂须贺正胜,部将,陪臣（羽柴秀吉）,织田家,长滨城,无,已登场,蜂须贺正胜,部将,陪臣（羽柴秀吉）,织田家,姬路城,无,已登场,蜂须贺正胜,城主,直臣,羽柴家,上月城,无,已死亡,蜂须贺正胜,无效,无效,无,无效,无,已登场,蜂须贺小六,侍大将,直臣,六角家,大坂城,无,,,,"[{""stage"":"""",""tkid"":""585"",""ref"":""585_蜂须贺小六_朝右.png"",""emotion"":0}]"
lord_1_hachiya_yoritaka,,蜂屋賴隆,蜂屋赖隆,蜂屋,586,Hachiya Yoritaka,clan_hachiya_1,tokai,基于分组自动创建家族,1,1534,1554,1589,病死,,,,全职种,2,2,普通,普通,普通,普通,普通,58,武具,普通,嗜酒如命,藤原氏,刀剑,61,59,33,42,52,1,1,1,1,0,1,1,0,0,0,0,1,0,0,0,0,无,强袭,无,一般条件,,,已登场,蜂屋赖隆,浪人,其他,无,井之口之町,无,已登场,蜂屋赖隆,侍大将,直臣,斋藤家,稻叶山城,无,已登场,蜂屋赖隆,足轻组头,直臣,斋藤家,稻叶山城,无,已登场,蜂屋赖隆,侍大将,直臣,织田家,岐阜城,无,已登场,蜂屋赖隆,侍大将,直臣,织田家,岐阜城,无,已登场,蜂屋赖隆,侍大将,直臣,织田家,安土城,无,已登场,蜂屋赖隆,城主,直臣,羽柴家,金崎城,无,已死亡,蜂屋赖隆,无效,无效,无,无效,无,已登场,蜂屋赖隆,浪人,其他,无,温泉津之町,无,,,,"[{""stage"":"""",""tkid"":""586"",""ref"":""586_蜂屋赖隆_朝右.png"",""emotion"":0}]"
lord_1_hattori_hanzo,,服部半藏,服部半藏,服部,587|1177,Hattori Hanzo,clan_hattori_1,tokai,家族和文化自动推断,1,1542,1556,1596,病死,,,,全职种,90,90,普通,普通,普通,慎重,重视情义,23,书籍,无欲,普通,平氏,枪,57,90,10,75,58,4,1,2,0,3,3,2,4,0,0,1,2,2,0,0,3,破技之术，雾隐之术,强袭，连续斩，拔突，粘花，二连苦无，半月，刚弓，卷枪，引落，柄返，刚力，铁壁，伤药,枪术能手,无要求,,,未登场,服部半藏,足轻大将,直臣,松平家,冈崎城,无,未登场,服部半藏,足轻大将,陪臣（松平元康）,今川家,骏府城,无,已登场,服部半藏,足轻组头,陪臣（松平元康）,今川家,冈崎城,无,已登场,服部半藏,足轻大将,直臣,德川家,冈崎城,无,已登场,服部半藏,足轻大将,直臣,德川家,滨松城,无,已登场,服部半藏,足轻大将,直臣,德川家,滨松城,无,已登场,服部半藏,足轻大将,直臣,德川家,滨松城,无,已死亡,服部半藏,无效,无效,无,无效,无,已登场,服部半藏,浪人,其他,无,小仓之町,无,,,"[{""stage"":""侍"",""tkid"":""587"",""ref"":"""",""emotion"":1},{""stage"":""忍"",""tkid"":""1177"",""ref"":"""",""emotion"":1}]","[{""stage"":""侍"",""tkid"":""587"",""ref"":""587_服部半藏_朝右.png"",""emotion"":1},{""stage"":""忍"",""tkid"":""1177"",""ref"":""1177_服部半藏_朝右.png"",""emotion"":1}]"
lord_1_hori_tatsuaki,,堀立直正,堀立直正,堀立,588,Hori Tatsuaki,clan_hori_1,neutral_culture,基于分组自动创建家族,1,1506,1554,1579,病死,,,,全职种,36,36,温和,勇敢,普通,普通,普通,42,南蛮物,普通,普通,其他,枪,31,56,66,50,52,1,0,0,2,0,0,0,1,0,1,1,3,2,2,1,1,无,拔突，丢钱，大宴宾客,风雅之士,一般条件,,,已登场,堀立直正,当家,首领,下关屋,赤间关之町,无,已登场,堀立直正,当家,首领,下关屋,赤间关之町,无,已登场,堀立直正,当家,首领,下关屋,赤间关之町,无,已登场,堀立直正,当家,首领,下关屋,赤间关之町,无,已登场,堀立直正,浪人,其他,无,赤间关之町,无,已死亡,堀立直正,无效,无效,无,无效,无,已死亡,堀立直正,无效,无效,无,无效,无,已死亡,堀立直正,无效,无效,无,无效,无,已登场,堀立直正,浪人,其他,无,松江之町,无,,,,"[{""stage"":"""",""tkid"":""588"",""ref"":""588_堀立直正_朝右.png"",""emotion"":0}]"
lord_1_hanafusa_masanari,,花房正成,花房正成,花房,589,Hanafusa Masanari,clan_hanafusa_1,sanyo,基于分组自动创建家族,1,1555,1569,1623,病死,花房正幸,,花房正幸,全职种,0,0,普通,普通,普通,普通,普通,30,书籍,无欲,普通,源氏,刀剑,68,58,44,75,43,3,2,2,2,1,1,3,0,0,0,0,0,1,0,0,0,无,强袭,无,无要求,,,未登场,花房正成,足轻组头,陪臣（花房正幸）,浦上家,天神山城,无,未登场,花房正成,足轻组头,陪臣（花房正幸）,浦上家,天神山城,无,未登场,花房正成,足轻组头,陪臣（花房正幸）,浦上家,天神山城,无,未登场,花房正成,足轻组头,陪臣（花房正幸）,浦上家,天神山城,无,已登场,花房正成,足轻组头,陪臣（宇喜多直家）,浦上家,冈山城,无,已登场,花房正成,足轻大将,直臣,宇喜多家,冈山城,无,已登场,花房正成,侍大将,直臣,宇喜多家,冈山城,无,已登场,花房正成,侍大将,直臣,宇喜多家,冈山城,无,已登场,花房正成,浪人,其他,无,金泽之町,无,,,,"[{""stage"":"""",""tkid"":""589"",""ref"":""589_花房正成_朝右.png"",""emotion"":0}]"
lord_1_hanafusa_masayuki,,花房正幸,花房正幸,花房,590,Hanafusa Masayuki,clan_hanafusa_1,sanyo,基于分组自动创建家族,1,1524,1554,1605,病死,,,花房正成,只限武将,0,0,普通,普通,理想,慎重,普通,40,书籍,无欲,普通,源氏,弓,59,82,56,51,76,1,1,1,0,4,3,1,0,1,1,0,0,4,2,2,0,弓箭乱射,强袭，连续斩，拔突，刚弓，神弓，天弓，刚力，铁壁，心眼,弓术名人,无要求,,,已登场,花房正幸,足轻大将,陪臣（宇喜多直家）,浦上家,天神山城,无,已登场,花房正幸,足轻大将,陪臣（宇喜多直家）,浦上家,天神山城,无,已登场,花房正幸,足轻大将,陪臣（宇喜多直家）,浦上家,天神山城,无,已登场,花房正幸,足轻大将,陪臣（宇喜多直家）,浦上家,天神山城,无,已登场,花房正幸,足轻大将,陪臣（宇喜多直家）,浦上家,冈山城,无,已登场,花房正幸,侍大将,直臣,宇喜多家,冈山城,无,已登场,花房正幸,家老,直臣,宇喜多家,冈山城,无,已登场,花房正幸,侍大将,直臣,宇喜多家,冈山城,无,已登场,花房正幸,浪人,其他,无,鹿儿岛之町,无,,,,"[{""stage"":"""",""tkid"":""590"",""ref"":""590_花房正幸_朝右.png"",""emotion"":0}]"
lord_1_hanafusa_norihide,,花房職秀,花房职秀,花房,591,Hanafusa Norihide,clan_hanafusa_1,sanyo,基于分组自动创建家族,1,1549,1563,1616,病死,,,,只限武将,0,0,性急,勇敢,理想,轻率,重视情义,22,武具,普通,普通,源氏,枪,62,78,33,30,68,2,3,2,1,1,3,1,0,0,0,0,0,1,3,1,0,无,强袭，连续斩，拔突，粘花，卷枪，引落，柄返，刚力，铁壁,无,无要求,,,未登场,花房职秀,足轻组头,陪臣（宇喜多直家）,浦上家,天神山城,无,未登场,花房职秀,足轻组头,陪臣（宇喜多直家）,浦上家,天神山城,无,未登场,花房职秀,足轻组头,陪臣（宇喜多直家）,浦上家,天神山城,无,已登场,花房职秀,足轻组头,陪臣（宇喜多直家）,浦上家,天神山城,无,已登场,花房职秀,足轻组头,陪臣（宇喜多直家）,浦上家,冈山城,无,已登场,花房职秀,足轻大将,直臣,宇喜多家,冈山城,无,已登场,花房职秀,足轻大将,直臣,宇喜多家,冈山城,无,已登场,花房职秀,侍大将,直臣,佐竹家,水户城,无,已登场,花房职秀,浪人,其他,无,安土之町,无,,,,"[{""stage"":"""",""tkid"":""591"",""ref"":""591_花房职秀_朝右.png"",""emotion"":0}]"
lord_1_baba,,馬場信房,马场信春,马场,592,Baba Nobuharu,clan_baba_1,tosan,精确匹配织丰,1,1515,1554,1575,战死,,,,只限武将,59,59,普通,勇敢,普通,普通,普通,34,武具,无欲,普通,源氏,刀剑,79,83,52,75,76,2,3,2,0,2,3,3,0,3,1,1,1,1,1,0,0,风林火山,强袭，连续斩，拔突，刚弓，刚力，铁壁,无,一般条件,,,已登场,马场信春,部将,直臣,武田家,踯躅崎馆,无,已登场,马场信春,家老,直臣,武田家,踯躅崎馆,无,已登场,马场信春,家老,直臣,武田家,踯躅崎馆,无,已登场,马场信春,家老,直臣,武田家,踯躅崎馆,无,已登场,马场信春,家老,直臣,武田家,踯躅崎馆,无,已死亡,马场信春,无效,无效,无,无效,无,已死亡,马场信春,无效,无效,无,无效,无,已死亡,马场信春,无效,无效,无,无效,无,已登场,马场信春,头目,首领,风魔众,风魔之里,无,,,,"[{""stage"":"""",""tkid"":""592"",""ref"":""592_马场信春_朝右.png"",""emotion"":0}]"
lord_1_hayashizaki_jinsuke,,林崎甚助,林崎甚助,林崎,593,Hayashizaki Jinsuke,clan_hayashizaki_1,neutral_culture,基于分组自动创建家族,1,1542,1557,1618,病死,,,,没那个意思,15,50,温和,勇敢,普通,普通,重视情义,35,武具,无欲,滴酒不沾,其他,刀剑,11,90,9,38,60,0,0,0,0,0,4,2,2,0,0,0,0,0,1,0,1,无,强袭，连续斩，居合斩，卍字拔，拔突，二连苦无，当身，浪返，刚力，铁壁，辱骂,剑豪,一般条件,,,已登场,林崎甚助,师范,其他,无,酒田之町,新当流,未登场,林崎甚助,浪人,其他,无,酒田之町,新当流,已登场,林崎甚助,师范,其他,无,酒田之町,林崎梦想流,已登场,林崎甚助,师范,其他,无,酒田之町,林崎梦想流,已登场,林崎甚助,师范,其他,无,酒田之町,林崎梦想流,已登场,林崎甚助,师范,其他,无,酒田之町,林崎梦想流,已登场,林崎甚助,师范,其他,无,酒田之町,林崎梦想流,已登场,林崎甚助,师范,其他,无,酒田之町,林崎梦想流,已登场,林崎甚助,师范,其他,无,酒田之町,林崎梦想流,,,,"[{""stage"":"""",""tkid"":""593"",""ref"":""593_林崎甚助_朝右.png"",""emotion"":0}]"
lord_1_hayashi_hidezane,,林秀貞,林秀贞,林,594,Hayashi Hidezane,clan_hayashi_1,kinai,基于分组自动创建家族,1,1514,1554,1580,病死,,,,只限武将,1,75,温和,普通,普通,普通,不重情义,49,书籍,贪心,普通,其他,刀剑,38,30,62,67,66,0,0,0,0,1,0,0,0,2,2,1,2,2,1,1,0,无,强袭,无,一般条件,,,已登场,林秀贞,侍大将,陪臣（织田信胜）,织田家,那古野城,无,已登场,林秀贞,部将,陪臣（织田信胜）,织田家,那古野城,无,已登场,林秀贞,城主,直臣,织田家,那古野城,无,已登场,林秀贞,家老,直臣,织田家,岐阜城,无,已登场,林秀贞,城主,直臣,织田家,那古野城,无,已死亡,林秀贞,无效,无效,无,无效,无,已死亡,林秀贞,无效,无效,无,无效,无,已死亡,林秀贞,无效,无效,无,无效,无,已登场,林秀贞,浪人,其他,无,八代之町,无,,,,"[{""stage"":"""",""tkid"":""594"",""ref"":""594_林秀贞_朝右.png"",""emotion"":0}]"
lord_1_harada_munetoki,,原田宗時,原田宗时,原田,595,Harada Munetoki,clan_harada_1,ou,基于分组自动创建家族,1,1565,1579,1593,病死,,,,只限武将,60,60,性急,勇敢,普通,轻率,普通,58,武具,普通,普通,其他,刀剑,60,70,25,52,36,2,1,1,0,1,3,1,0,0,0,0,0,1,0,0,0,无,强袭，连续斩，拔突，刚力，铁壁,无,无要求,,,未登场,原田宗时,足轻组头,直臣,伊达家,米泽城,无,未登场,原田宗时,足轻组头,直臣,伊达家,米泽城,无,未登场,原田宗时,足轻组头,直臣,伊达家,米泽城,无,未登场,原田宗时,足轻组头,直臣,伊达家,米泽城,无,未登场,原田宗时,足轻组头,直臣,伊达家,米泽城,无,已登场,原田宗时,足轻组头,直臣,伊达家,米泽城,无,已登场,原田宗时,足轻组头,直臣,伊达家,米泽城,无,已死亡,原田宗时,无效,无效,无,无效,无,已登场,原田宗时,浪人,其他,无,鹿岛之町,无,,,,"[{""stage"":"""",""tkid"":""595"",""ref"":""595_原田宗时_朝右.png"",""emotion"":0}]"
lord_1_hara_toratane,,原虎胤,原虎胤,原,596,Hara Toratane,clan_hara_1,tosan,基于分组自动创建家族,1,1497,1554,1564,病死,,,,只限武将,70,70,性急,勇敢,理想,普通,普通,58,武具,普通,嗜酒如命,藤原氏,刀剑,88,76,23,31,56,3,3,0,1,2,2,1,2,0,0,0,0,0,0,0,0,无,强袭，拔突，二连苦无，刚弓，铁壁,无,一般条件,,,已登场,原虎胤,部将,直臣,武田家,踯躅崎馆,无,已登场,原虎胤,部将,直臣,武田家,踯躅崎馆,无,已登场,原虎胤,部将,直臣,武田家,踯躅崎馆,无,已死亡,原虎胤,无效,无效,无,无效,无,已死亡,原虎胤,无效,无效,无,无效,无,已死亡,原虎胤,无效,无效,无,无效,无,已死亡,原虎胤,无效,无效,无,无效,无,已死亡,原虎胤,无效,无效,无,无效,无,已登场,原虎胤,中忍,直臣,伊贺众,伊贺之里,无,,,,"[{""stage"":"""",""tkid"":""596"",""ref"":""596_原虎胤_朝右.png"",""emotion"":0}]"
lord_1_hara_masatane,,原昌胤,原昌胤,原,597,Hara Masatane,clan_hara_1,tosan,基于分组自动创建家族,1,1531,1554,1575,战死,,,,只限武将,62,62,普通,普通,普通,轻率,普通,40,武具,普通,普通,藤原氏,刀剑,62,71,16,42,51,2,2,1,0,1,1,3,0,0,0,0,0,0,0,0,0,无,强袭,无,无要求,,,已登场,原昌胤,部将,直臣,武田家,踯躅崎馆,无,已登场,原昌胤,侍大将,直臣,武田家,踯躅崎馆,无,已登场,原昌胤,侍大将,直臣,武田家,踯躅崎馆,无,已登场,原昌胤,部将,直臣,武田家,踯躅崎馆,无,已登场,原昌胤,侍大将,直臣,武田家,踯躅崎馆,无,已死亡,原昌胤,无效,无效,无,无效,无,已死亡,原昌胤,无效,无效,无,无效,无,已死亡,原昌胤,无效,无效,无,无效,无,已登场,原昌胤,浪人,其他,无,八代之町,无,,,,"[{""stage"":"""",""tkid"":""597"",""ref"":""597_原昌胤_朝右.png"",""emotion"":0}]"
lord_1_harimaya_munenori,,播磨屋宗德,播磨屋宗德,播磨屋,598,Harimaya Munenori,clan_harimaya_1,neutral_culture,基于分组自动创建家族,1,1560,1574,1648,病死,,,,武将以外优先,74,74,温和,普通,理想,普通,普通,44,艺术品,贪心,嗜酒如命,其他,枪,17,9,68,56,45,0,0,0,1,0,0,0,0,3,2,1,3,2,3,2,2,威吓,拔突，丢钱,无,一般条件,,,未登场,播磨屋宗德,浪人,其他,无,浦户之町,无,未登场,播磨屋宗德,浪人,其他,无,浦户之町,无,未登场,播磨屋宗德,浪人,其他,无,浦户之町,无,未登场,播磨屋宗德,浪人,其他,无,浦户之町,无,已登场,播磨屋宗德,浪人,其他,无,浦户之町,无,已登场,播磨屋宗德,当家,首领,播磨屋,浦户之町,无,已登场,播磨屋宗德,当家,首领,播磨屋,浦户之町,无,已登场,播磨屋宗德,当家,首领,播磨屋,浦户之町,无,已登场,播磨屋宗德,浪人,其他,无,土崎凑之町,无,,,,"[{""stage"":"""",""tkid"":""598"",""ref"":""598_播磨屋宗德_朝右.png"",""emotion"":0}]"
lord_1_hanawa_naomasa,,塙直政,塙直政,塙,599,Hanawa Naomasa,clan_hanawa_1,kinai,基于分组自动创建家族,1,1537,1554,1576,战死,,,,只限武将,0,0,普通,勇敢,理想,轻率,重视情义,65,武具,普通,嗜酒如命,其他,枪,66,51,61,43,64,3,2,1,0,1,1,2,1,1,1,1,0,3,1,0,0,无,拔突,无,一般条件,,,未登场,塙直政,足轻组头,直臣,织田家,那古野城,无,已登场,塙直政,侍大将,直臣,织田家,清洲城,无,已登场,塙直政,侍大将,直臣,织田家,清洲城,无,已登场,塙直政,部将,直臣,织田家,岐阜城,无,已登场,塙直政,侍大将,直臣,织田家,岐阜城,无,已死亡,塙直政,无效,无效,无,无效,无,已死亡,塙直政,无效,无效,无,无效,无,已死亡,塙直政,无效,无效,无,无效,无,已登场,塙直政,浪人,其他,无,今治之町,无,,,,"[{""stage"":"""",""tkid"":""599"",""ref"":""599_塙直政_朝右.png"",""emotion"":0}]"
lord_1_hanawaa_danemon,,塙團右衛門,塙团右卫门,塙团,600,Hanawaa Danemon,clan_hanawaa_1,neutral_culture,基于分组自动创建家族,1,1567,1581,1615,战死,,,,全职种,0,0,性急,勇敢,理想,轻率,普通,77,武具,贪心,嗜酒如命,其他,枪,59,66,16,9,44,2,0,2,2,1,3,0,0,0,0,0,0,1,0,1,0,无,强袭，连续斩，拔突，粘花，卷枪，引落，柄返，刚力，铁壁,无,一般条件,,,未登场,塙团右卫门,浪人,其他,无,清洲之町,无,未登场,塙团右卫门,浪人,其他,无,清洲之町,无,未登场,塙团右卫门,浪人,其他,无,清洲之町,无,未登场,塙团右卫门,浪人,其他,无,清洲之町,无,未登场,塙团右卫门,浪人,其他,无,清洲之町,无,已登场,塙团右卫门,浪人,其他,无,清洲之町,无,已登场,塙团右卫门,浪人,其他,无,清洲之町,无,已登场,塙团右卫门,侍大将,直臣,加藤家,汤筑城,无,已登场,塙团右卫门,浪人,其他,无,小仓之町,无,,,,"[{""stage"":"""",""tkid"":""600"",""ref"":""600_塙团右卫门_朝右.png"",""emotion"":0}]"
lord_1_hikita_hyogoro,,疋田豐五郎,疋田丰五郎,疋田,601,Hikita Hyogoro,clan_hikita_1,hokuriku,基于分组自动创建家族,1,1536,1554,1605,病死,,上泉秀继,上泉信纲,没那个意思,5,5,温和,普通,普通,普通,普通,67,武具,无欲,滴酒不沾,其他,刀剑,33,91,14,57,61,0,0,0,0,2,4,2,0,0,0,0,0,2,0,0,0,无,强袭，连续斩，月影，一刀两断，拔突，刚弓，浮舟，当身，肋一寸，刚力，铁壁，天狗抄，心眼，辱骂，大喝,剑豪,一般条件,,主角柳生宗严，无刀取剧情,已登场,疋田丰五郎,足轻大将,陪臣（长野业正）,上杉家,箕轮城,新阴流,已登场,疋田丰五郎,足轻组头,陪臣（上泉秀纲）,长野家,箕轮城,新阴流,已登场,疋田丰五郎,足轻组头,陪臣（上泉秀纲）,长野家,箕轮城,新阴流,已登场,疋田丰五郎,师范,其他,无,石山之町,新阴流,已登场,疋田丰五郎,师范,其他,无,石山之町,新阴流,已登场,疋田丰五郎,师范,其他,无,石山之町,新阴流,已登场,疋田丰五郎,师范,其他,无,石山之町,新阴流,已登场,疋田丰五郎,师范,其他,无,八代之町,新阴流,已登场,疋田丰五郎,足轻大将,直臣,五代家,安土城,新阴流,,,,"[{""stage"":"""",""tkid"":""601"",""ref"":""601_疋田丰五郎_朝右.png"",""emotion"":0}]"
lord_1_hisatake_4,,久武親直,久武亲直,久武,602,Hisatake Chikanao,clan_hisatake_1,nankai,精确匹配织丰,1,1542,1555,1600,病死,久武昌源,,久武亲信,只限武将,55,55,性急,胆小,普通,轻率,不重情义,84,艺术品,贪心,嗜酒如命,其他,刀剑,32,57,42,52,59,1,0,0,0,1,1,1,0,1,1,1,0,1,3,1,0,无,强袭,无,无要求,,,未登场,久武亲直,足轻组头,直臣,长宗我部家,冈丰城,无,未登场,久武亲直,足轻组头,直臣,长宗我部家,冈丰城,无,已登场,久武亲直,足轻组头,直臣,长宗我部家,冈丰城,无,已登场,久武亲直,足轻组头,直臣,长宗我部家,冈丰城,无,已登场,久武亲直,足轻组头,直臣,长宗我部家,冈丰城,无,已登场,久武亲直,足轻大将,直臣,长宗我部家,冈丰城,无,已登场,久武亲直,足轻大将,直臣,长宗我部家,冈丰城,无,已登场,久武亲直,部将,直臣,长宗我部家,冈丰城,无,已登场,久武亲直,浪人,其他,无,丸龟之町,无,,,,"[{""stage"":"""",""tkid"":""602"",""ref"":""602_久武亲直_朝右.png"",""emotion"":0}]"
lord_1_hisatake,,久武親信,久武亲信,久武,603,Hisatake Chikanobu,clan_hisatake_1,nankai,精确匹配织丰,1,1540,1584,1579,病死,久武昌源,,久武亲直,只限武将,90,90,温和,普通,普通,慎重,重视情义,38,书籍,无欲,滴酒不沾,其他,刀剑,59,59,63,78,67,1,2,0,0,1,1,0,0,2,1,1,0,2,2,0,0,无,强袭,无,无要求,,,未登场,久武亲信,足轻大将,直臣,长宗我部家,冈丰城,无,已登场,久武亲信,足轻大将,直臣,长宗我部家,冈丰城,无,已登场,久武亲信,足轻大将,直臣,长宗我部家,冈丰城,无,已登场,久武亲信,足轻大将,直臣,长宗我部家,冈丰城,无,已登场,久武亲信,足轻大将,直臣,长宗我部家,冈丰城,无,已死亡,久武亲信,无效,无效,无,无效,无,已死亡,久武亲信,无效,无效,无,无效,无,已死亡,久武亲信,无效,无效,无,无效,无,已登场,久武亲信,浪人,其他,无,诹访之町,无,,,,"[{""stage"":"""",""tkid"":""603"",""ref"":""603_久武亲信_朝右.png"",""emotion"":0}]"
lord_1_konoike_shinroku,,鴻池新六,鸿池新六,鸿池,604,Konoike Shinroku,clan_konoike_1,sanyo,基于分组自动创建家族,1,1570,1584,1650,病死,山中鹿介,,山中鹿介,武将以外优先,10,10,温和,勇敢,普通,轻率,普通,80,艺术品,贪心,嗜酒如命,源氏,枪,23,30,66,80,66,0,0,0,1,0,1,0,1,2,3,2,4,2,3,2,0,无,拔突，丢钱，贿赂,无,一般条件,,,未登场,山中新六,足轻组头,陪臣（山中鹿介）,尼子家,月山富田城,无,未登场,山中新六,足轻组头,陪臣（山中鹿介）,尼子家,月山富田城,无,未登场,山中新六,足轻组头,陪臣（山中鹿介）,尼子家,月山富田城,无,未登场,山中新六,浪人,其他,无,姬路之町,无,未登场,山中新六,浪人,其他,无,姬路之町,无,未登场,鸿池新六,浪人,其他,无,姬路之町,无,已登场,鸿池新六,浪人,其他,无,姬路之町,无,已登场,鸿池新六,当家,首领,鸿池屋,姬路之町,无,已登场,鸿池新六,侍大将,直臣,六角家,大坂城,无,,,,"[{""stage"":"""",""tkid"":""604"",""ref"":""604_鸿池新六_朝右.png"",""emotion"":0}]"
lord_1_hineno_hiromune,,日根野弘就,日根野弘就,日根野,605,Hineno Hiromune,clan_hineno_1,tokai,基于分组自动创建家族,1,1518,1554,1602,病死,,,,只限武将,16,43,普通,普通,普通,轻率,不重情义,69,书籍,普通,普通,藤原氏,刀剑,30,64,22,44,52,1,1,0,0,1,2,0,0,0,0,0,0,0,0,0,1,无,强袭，拔突，铁壁,无,无要求,,,已登场,日根野弘就,足轻大将,直臣,斋藤家,稻叶山城,无,已登场,日根野弘就,足轻大将,直臣,斋藤家,稻叶山城,无,已登场,日根野弘就,足轻大将,直臣,斋藤家,稻叶山城,无,已登场,日根野弘就,足轻大将,直臣,浅井家,小谷城,无,已登场,日根野弘就,足轻大将,直臣,织田家,岐阜城,无,已登场,日根野弘就,足轻大将,直臣,织田家,安土城,无,已登场,日根野弘就,足轻大将,直臣,羽柴家,石山本愿寺,无,已登场,日根野弘就,部将,直臣,丰臣家,大坂城,无,已登场,日根野弘就,浪人,其他,无,岐阜之町,无,,,,"[{""stage"":"""",""tkid"":""605"",""ref"":""605_日根野弘就_朝右.png"",""emotion"":0}]"
lord_1_hyakutake_kagekane,,百武賢兼,百武贤兼,百武,606,Hyakutake Kagekane,clan_hyakutake_1,saikai,基于分组自动创建家族,1,1538,1554,1584,战死,,,,只限武将,60,60,性急,勇敢,普通,轻率,普通,44,武具,普通,嗜酒如命,其他,枪,67,79,20,42,45,3,2,1,0,0,0,2,1,0,0,0,0,0,0,0,0,无,拔突,无,无要求,,,已登场,百武贤兼,足轻组头,直臣,龙造寺家,佐嘉城,无,已登场,百武贤兼,足轻组头,直臣,龙造寺家,佐嘉城,无,已登场,百武贤兼,足轻组头,直臣,龙造寺家,佐嘉城,无,已登场,百武贤兼,侍大将,直臣,龙造寺家,佐嘉城,无,已登场,百武贤兼,足轻组头,直臣,龙造寺家,佐嘉城,无,已登场,百武贤兼,侍大将,直臣,龙造寺家,佐嘉城,无,已登场,百武贤兼,侍大将,直臣,龙造寺家,佐嘉城,无,已死亡,百武贤兼,无效,无效,无,无效,无,已登场,百武贤兼,大名,首领,百武家,高远城,无,,,,"[{""stage"":"""",""tkid"":""606"",""ref"":""606_百武贤兼_朝右.png"",""emotion"":0}]"
lord_1_hirai_keiji,,平井經治,平井经治,平井,607,Hirai Keiji,clan_hirai_1,saikai,基于分组自动创建家族,1,1515,1555,1574,战死,,,,只限武将,15,15,性急,普通,理想,慎重,重视情义,55,武具,无欲,普通,其他,刀剑,55,55,55,55,55,3,2,2,2,0,2,2,0,0,0,0,0,0,0,0,0,无,强袭，拔突，铁壁,无,无要求,,,已登场,平井经治,部将,直臣,有马家,日野江城,无,已登场,平井经治,部将,直臣,有马家,日野江城,无,已登场,平井经治,家老,直臣,有马家,日野江城,无,已登场,平井经治,部将,陪臣（有马义贞）,龙造寺家,日野江城,无,已死亡,平井经治,无效,无效,无,无效,无,已死亡,平井经治,无效,无效,无,无效,无,已死亡,平井经治,无效,无效,无,无效,无,已死亡,平井经治,无效,无效,无,无效,无,已登场,平井经治,浪人,其他,无,平户之町,无,,,,"[{""stage"":"""",""tkid"":""607"",""ref"":""607_平井经治_朝右.png"",""emotion"":0}]"
lord_1_hiraiwa_chikayoshi,,平岩親吉,平岩亲吉,平岩,608,Hiraiwa Chikayoshi,clan_hiraiwa_1,kanto,基于分组自动创建家族,1,1542,1556,1611,病死,,,,全职种,85,85,温和,普通,理想,普通,重视情义,21,书籍,无欲,普通,其他,刀剑,47,42,58,63,64,0,0,0,0,0,0,0,0,1,2,1,1,2,1,0,0,无,强袭,无,无要求,,,未登场,平岩亲吉,足轻组头,直臣,松平家,冈崎城,无,未登场,平岩亲吉,足轻组头,陪臣（松平元康）,今川家,骏府城,无,已登场,平岩亲吉,足轻组头,陪臣（松平元康）,今川家,冈崎城,无,已登场,平岩亲吉,足轻组头,直臣,德川家,冈崎城,无,已登场,平岩亲吉,足轻组头,陪臣（德川信康）,德川家,冈崎城,无,已登场,平岩亲吉,足轻组头,直臣,德川家,滨松城,无,已登场,平岩亲吉,足轻组头,直臣,德川家,滨松城,无,已登场,平岩亲吉,城主,直臣,德川家,厩桥城,无,已登场,平岩亲吉,浪人,其他,无,平户之町,无,,,,"[{""stage"":"""",""tkid"":""608"",""ref"":""608_平岩亲吉_朝右.png"",""emotion"":0}]"
lord_1_hiraoka_fusami,,平岡房實,平冈房实,平冈,609,Hiraoka Fusami,clan_hiraoka_1,sanyo,基于分组自动创建家族,1,1536,1554,1597,病死,,,,只限武将,58,58,普通,勇敢,普通,轻率,重视情义,39,武具,普通,普通,其他,刀剑,63,41,53,55,40,2,1,2,2,1,1,1,0,0,1,0,1,0,0,0,0,无,强袭,无,无要求,,,已登场,平冈房实,部将,直臣,河野家,汤筑城,无,已登场,平冈房实,部将,直臣,河野家,汤筑城,无,已登场,平冈房实,部将,直臣,河野家,汤筑城,无,已登场,平冈房实,部将,直臣,河野家,汤筑城,无,已登场,平冈房实,部将,直臣,河野家,汤筑城,无,已登场,平冈房实,部将,直臣,河野家,汤筑城,无,已登场,平冈房实,部将,直臣,河野家,汤筑城,无,已死亡,平冈房实,无效,无效,无,无效,无,已登场,平冈房实,浪人,其他,无,平户之町,无,,,,"[{""stage"":"""",""tkid"":""609"",""ref"":""609_平冈房实_朝右.png"",""emotion"":0}]"
lord_1_hiraga_motomasa,,平賀元相,平贺元相,平贺,610,Hiraga Motomasa,clan_hiraga_1,sanyo,基于分组自动创建家族,1,1547,1561,1645,病死,,,,全职种,37,37,普通,普通,普通,慎重,普通,50,书籍,普通,普通,藤原氏,刀剑,36,48,51,54,51,0,0,0,0,0,1,0,0,0,1,1,0,1,1,0,0,无,强袭,无,无要求,,,未登场,平贺元相,足轻组头,直臣,毛利家,吉田郡山城,无,未登场,平贺元相,足轻组头,直臣,毛利家,吉田郡山城,无,已登场,平贺元相,足轻组头,直臣,毛利家,吉田郡山城,无,已登场,平贺元相,足轻组头,直臣,毛利家,吉田郡山城,无,已登场,平贺元相,足轻组头,直臣,毛利家,吉田郡山城,无,已登场,平贺元相,足轻组头,直臣,毛利家,吉田郡山城,无,已登场,平贺元相,足轻组头,直臣,毛利家,吉田郡山城,无,已登场,平贺元相,家老,直臣,毛利家,广岛城,无,已登场,平贺元相,浪人,其他,无,平户之町,无,,,,"[{""stage"":"""",""tkid"":""610"",""ref"":""610_平贺元相_朝右.png"",""emotion"":0}]"
lord_1_hirate_hanyu,,平手汎秀,平手泛秀,平手,611,Hirate Hanyu,clan_hirate_1,kinai,基于分组自动创建家族,1,1537,1554,1572,战死,平手政秀,,平手政秀,只限武将,91,91,普通,普通,理想,轻率,重视情义,42,武具,无欲,嗜酒如命,源氏,枪,55,56,23,34,49,1,2,1,0,0,1,0,0,0,0,0,0,0,0,0,1,无,拔突,无,无要求,,,未登场,平手泛秀,足轻组头,陪臣（平手政秀）,织田家,那古野城,无,已登场,平手泛秀,足轻大将,直臣,织田家,清洲城,无,已登场,平手泛秀,足轻大将,直臣,织田家,清洲城,无,已登场,平手泛秀,足轻大将,直臣,织田家,岐阜城,无,已死亡,平手泛秀,无效,无效,无,无效,无,已死亡,平手泛秀,无效,无效,无,无效,无,已死亡,平手泛秀,无效,无效,无,无效,无,已死亡,平手泛秀,无效,无效,无,无效,无,已登场,平手泛秀,浪人,其他,无,平户之町,无,,,,"[{""stage"":"""",""tkid"":""611"",""ref"":""611_平手泛秀_朝右.png"",""emotion"":0}]"
lord_1_hirano_nagayasu,,平野長泰,平野长泰,平野,612,Hirano Nagayasu,clan_hirano_1,kinai,基于分组自动创建家族,1,1559,1573,1628,病死,,,,只限武将,10,10,普通,勇敢,普通,轻率,普通,57,武具,普通,普通,平氏,枪,64,69,60,38,69,2,1,0,0,2,3,1,0,2,0,0,0,0,0,0,0,无,强袭，连续斩，拔突，粘花，刚弓，卷枪，引落，柄返，刚力，铁壁,无,无要求,,,未登场,平野长泰,浪人,其他,无,清洲之町,无,未登场,平野长泰,浪人,其他,无,清洲之町,无,未登场,平野长泰,浪人,其他,无,清洲之町,无,未登场,平野长泰,浪人,其他,无,清洲之町,无,已登场,平野长泰,浪人,其他,无,清洲之町,无,已登场,平野长泰,足轻组头,陪臣（羽柴秀吉）,织田家,姬路城,无,已登场,平野长泰,足轻组头,直臣,羽柴家,石山本愿寺,无,已登场,平野长泰,部将,直臣,丰臣家,大坂城,无,已登场,平野长泰,浪人,其他,无,平户之町,无,,,,"[{""stage"":"""",""tkid"":""612"",""ref"":""612_平野长泰_朝右.png"",""emotion"":0}]"
lord_1_fuuma_kotaroo,,風魔小太郎,风魔小太郎,风魔,613,Fuuma Kotaroo,clan_fūma_1,neutral_culture,基于分组自动创建家族,1,1537,1554,1616,病死,,,,没那个意思,82,82,普通,勇敢,现实,慎重,重视情义,29,武具,无欲,嗜酒如命,其他,苦无,66,91,3,87,50,2,1,1,1,1,3,1,4,0,0,1,2,0,2,0,3,狮子奋迅，城门爆破，幻惑之术，雷爆之术，错乱之术,强袭，连续斩，拔突，二连苦无，半月，猛毒苦无，十字投，乱苦无，叠返之术，刚力，铁壁，伤药，影缝之术,苦无高手,一般条件,,,已登场,风魔小太郎,头目,首领,风魔众,风魔之里,无,已登场,风魔小太郎,头目,首领,风魔众,风魔之里,无,已登场,风魔小太郎,头目,首领,风魔众,风魔之里,无,已登场,风魔小太郎,头目,首领,风魔众,风魔之里,无,已登场,风魔小太郎,头目,首领,风魔众,风魔之里,无,已登场,风魔小太郎,头目,首领,风魔众,风魔之里,无,已登场,风魔小太郎,头目,首领,风魔众,风魔之里,无,已登场,风魔小太郎,浪人,其他,无,江户之町,无,已登场,风魔小太郎,侍大将,直臣,小笠原家,小仓城,无,,,,"[{""stage"":"""",""tkid"":""613"",""ref"":""613_风魔小太郎_朝右.png"",""emotion"":0}]"
lord_1_fukamizu_nagatomo,,深水長智,深水长智,深水,614,Fukamizu Nagatomo,clan_fukamizu_1,saikai,基于分组自动创建家族,1,1532,1554,1590,病死,,,,只限武将,40,40,温和,普通,普通,慎重,普通,44,书籍,普通,普通,藤原氏,刀剑,50,19,76,82,72,0,0,0,0,0,0,0,0,1,1,0,0,3,3,1,0,无,强袭,无,无要求,,,已登场,深水长智,部将,直臣,相良家,人吉城,无,已登场,深水长智,侍大将,直臣,相良家,人吉城,无,已登场,深水长智,侍大将,直臣,相良家,人吉城,无,已登场,深水长智,部将,直臣,相良家,人吉城,无,已登场,深水长智,侍大将,直臣,相良家,人吉城,无,已登场,深水长智,侍大将,直臣,相良家,人吉城,无,已登场,深水长智,侍大将,直臣,相良家,人吉城,无,已死亡,深水长智,无效,无效,无,无效,无,已登场,深水长智,水夫,直臣,淡路水军,洲本之砦,无,,,,"[{""stage"":"""",""tkid"":""614"",""ref"":""614_深水长智_朝右.png"",""emotion"":0}]"
lord_1_fukushima_masanori,,福島正則,福岛正则,福岛,615|1178,Fukushima Masanori,clan_fukushima_1,tokai,基于分组自动创建家族,1,1561,1575,1624,病死,,,,只限武将,1,1,性急,勇敢,普通,轻率,重视情义,67,武具,贪心,嗜酒如命,平氏,枪,86,88,33,29,76,4,4,3,0,2,3,2,0,0,0,0,0,0,0,1,0,强行突破，骑射突击,强袭，连续斩，拔突，粘花，急所击，刚弓，卷枪，引落，柄返，刚力，铁壁,枪术能手,一般条件,,,未登场,福岛正则,浪人,其他,无,清洲之町,无,未登场,福岛正则,浪人,其他,无,清洲之町,无,未登场,福岛正则,足轻组头,直臣,织田家,清洲城,无,未登场,福岛正则,足轻组头,直臣,织田家,岐阜城,无,已登场,福岛正则,足轻组头,陪臣（羽柴秀吉）,织田家,长滨城,无,已登场,福岛正则,足轻大将,陪臣（羽柴秀吉）,织田家,姬路城,无,已登场,福岛正则,侍大将,直臣,羽柴家,石山本愿寺,无,已登场,福岛正则,大名,首领,福岛家,清洲城,无,已登场,福岛正则,浪人,其他,无,鹿岛之町,无,,,"[{""stage"":""阵"",""tkid"":""615"",""ref"":"""",""emotion"":1},{""stage"":""素"",""tkid"":""1178"",""ref"":"""",""emotion"":1}]","[{""stage"":""阵"",""tkid"":""615"",""ref"":""615_福岛正则_朝右.png"",""emotion"":1},{""stage"":""素"",""tkid"":""1178"",""ref"":""1178_福岛正则_朝右.png"",""emotion"":1}]"
lord_1_fukudome_1,,福留親政,福留亲政,福留,616,Fukudome Chikamasa,clan_fukudome_1,nankai,精确匹配织丰,1,1530,1554,1577,病死,,,福留仪重,只限武将,78,78,普通,勇敢,普通,轻率,重视情义,70,武具,普通,普通,其他,刀剑,57,73,38,48,56,2,2,2,1,3,2,0,0,0,0,0,0,0,0,0,0,无,强袭，拔突，刚弓，铁壁,无,无要求,,,已登场,福留亲政,侍大将,直臣,长宗我部家,冈丰城,无,已登场,福留亲政,侍大将,直臣,长宗我部家,冈丰城,无,已登场,福留亲政,侍大将,直臣,长宗我部家,冈丰城,无,已登场,福留亲政,侍大将,直臣,长宗我部家,冈丰城,无,已登场,福留亲政,侍大将,直臣,长宗我部家,冈丰城,无,已死亡,福留亲政,无效,无效,无,无效,无,已死亡,福留亲政,无效,无效,无,无效,无,已死亡,福留亲政,无效,无效,无,无效,无,已登场,福留亲政,浪人,其他,无,小滨之町,无,,,,"[{""stage"":"""",""tkid"":""616"",""ref"":""616_福留亲政_朝右.png"",""emotion"":0}]"
lord_1_fukudome,,福留儀重,福留仪重,福留,617,Fukudome Yoshishige,clan_fukudome_1,nankai,精确匹配织丰,1,1549,1563,1586,病死,福留亲政,,福留亲政,全职种,78,78,普通,勇敢,普通,轻率,重视情义,56,武具,普通,嗜酒如命,其他,刀剑,46,70,39,45,49,2,2,2,0,0,0,0,1,0,0,0,0,0,1,0,0,无,强袭,无,无要求,,,未登场,福留仪重,足轻组头,陪臣（福留亲政）,长宗我部家,冈丰城,无,未登场,福留仪重,足轻组头,陪臣（福留亲政）,长宗我部家,冈丰城,无,已登场,福留仪重,足轻组头,陪臣（福留亲政）,长宗我部家,冈丰城,无,已登场,福留仪重,足轻组头,陪臣（福留亲政）,长宗我部家,冈丰城,无,已登场,福留仪重,足轻组头,陪臣（福留亲政）,长宗我部家,冈丰城,无,已登场,福留仪重,侍大将,直臣,长宗我部家,冈丰城,无,已登场,福留仪重,侍大将,直臣,长宗我部家,冈丰城,无,已死亡,福留仪重,无效,无效,无,无效,无,已登场,福留仪重,浪人,其他,无,龟山之町,无,,,,"[{""stage"":"""",""tkid"":""617"",""ref"":""617_福留仪重_朝正.png"",""emotion"":0}]"
lord_1_fukuhara_sadatoshi,,福原貞俊,福原贞俊,福原,618,Fukuhara Sadatoshi,clan_fukuhara_1,sanyo,基于分组自动创建家族,1,1512,1554,1593,病死,,,,只限武将,36,36,温和,胆小,普通,慎重,重视情义,42,书籍,无欲,普通,其他,刀剑,48,42,69,61,59,0,0,0,0,0,0,0,0,2,3,2,2,2,2,1,0,无,强袭,无,无要求,,,已登场,福原贞俊,家老,直臣,毛利家,吉田郡山城,无,已登场,福原贞俊,家老,直臣,毛利家,吉田郡山城,无,已登场,福原贞俊,家老,直臣,毛利家,吉田郡山城,无,已登场,福原贞俊,家老,直臣,毛利家,吉田郡山城,无,已登场,福原贞俊,家老,直臣,毛利家,吉田郡山城,无,已登场,福原贞俊,家老,直臣,毛利家,吉田郡山城,无,已登场,福原贞俊,家老,直臣,毛利家,吉田郡山城,无,已死亡,福原贞俊,无效,无效,无,无效,无,已登场,福原贞俊,浪人,其他,无,安土之町,无,,,,"[{""stage"":"""",""tkid"":""618"",""ref"":""618_福原贞俊_朝右.png"",""emotion"":0}]"
lord_1_furuta_oribe,,古田織部,古田织部,古田,619,Furuta Oribe,clan_furuta_1,nankai,基于分组自动创建家族,1,1544,1558,1615,战死,,,,全职种,10,10,温和,胆小,理想,慎重,普通,43,艺术品,普通,滴酒不沾,藤原氏,枪,13,7,58,14,52,0,0,0,0,0,0,0,0,0,1,0,0,2,0,4,0,无,拔突,风雅之士,一般条件,,,未登场,古田重然,浪人,其他,无,石山之町,无,未登场,古田重然,足轻组头,陪臣（荒木村重）,三好家,有冈城,无,已登场,古田重然,足轻组头,陪臣（荒木村重）,三好家,有冈城,无,已登场,古田重然,足轻组头,陪臣（荒木村重）,织田家,有冈城,无,已登场,古田重然,足轻组头,陪臣（荒木村重）,织田家,有冈城,无,已登场,古田重然,足轻组头,直臣,织田家,安土城,无,已登场,古田重然,足轻组头,直臣,羽柴家,石山本愿寺,无,已登场,古田重然,浪人,其他,无,京之町,无,已登场,古田重然,浪人,其他,无,会津之町,无,,,,"[{""stage"":"""",""tkid"":""619"",""ref"":""619_古田织部_朝右.png"",""emotion"":0}]"
lord_1_fuwa_mitsuji,,不破光治,不破光治,不破,620,Fuwa Mitsuji,clan_fuwa_1,tokai,基于分组自动创建家族,1,1523,1554,1580,病死,,,,全职种,20,20,普通,普通,普通,普通,普通,50,武具,普通,普通,源氏,刀剑,60,50,50,50,48,1,2,0,0,0,1,1,1,0,1,0,0,0,0,0,0,无,强袭,无,无要求,,,已登场,不破光治,足轻大将,直臣,斋藤家,稻叶山城,无,已登场,不破光治,足轻大将,直臣,斋藤家,稻叶山城,无,已登场,不破光治,足轻大将,直臣,斋藤家,稻叶山城,无,已登场,不破光治,足轻大将,直臣,织田家,岐阜城,无,已登场,不破光治,足轻大将,直臣,织田家,岐阜城,无,已死亡,不破光治,无效,无效,无,无效,无,已死亡,不破光治,无效,无效,无,无效,无,已死亡,不破光治,无效,无效,无,无效,无,已登场,不破光治,浪人,其他,无,骏府之町,无,,,,"[{""stage"":"""",""tkid"":""620"",""ref"":""620_不破光治_朝右.png"",""emotion"":0}]"
lord_1_bessho_4,,別所長治,别所长治,别所,621,Bessho Nagaharu,clan_bessho_1,kinai,精确匹配织丰,1,1558,1572,1580,战死,,别所就治,别所就治 别所重栋,只限武将,45,45,普通,勇敢,普通,轻率,不重情义,79,武具,无欲,普通,源氏,刀剑,73,64,53,41,57,3,1,2,0,0,0,3,0,1,0,0,0,0,1,0,0,无,强袭,无,一般条件,,,未登场,别所长治,部将,陪臣（别所就治）,赤松家,三木城,无,未登场,别所长治,部将,陪臣（别所就治）,赤松家,三木城,无,未登场,别所长治,部将,陪臣（别所就治）,赤松家,三木城,无,已登场,别所长治,城主,直臣,赤松家,三木城,无,已登场,别所长治,城主,直臣,赤松家,三木城,无,已死亡,别所长治,无效,无效,无,无效,无,已死亡,别所长治,无效,无效,无,无效,无,已死亡,别所长治,无效,无效,无,无效,无,已登场,别所长治,浪人,其他,无,长滨之町,无,,,,"[{""stage"":"""",""tkid"":""621"",""ref"":""621_别所长治_朝右.png"",""emotion"":0}]"
lord_1_hoitada_motokiyo,,穗井田元清,穗井田元清,穗井田,622,Hoitada Motokiyo,clan_hoitada_1,sanyo,基于分组自动创建家族,1,1551,1565,1597,病死,毛利元就,,吉川广家 吉川元长 吉川元春 小早川隆景 小早川秀包 繁泽元氏 二宫就辰 毛利隆元 毛利辉元 毛利元就 毛利秀元,只限武将,35,35,温和,普通,普通,慎重,普通,34,艺术品,无欲,普通,其他,刀剑,60,61,50,51,53,1,2,1,0,0,1,2,0,0,1,0,0,0,0,0,1,百万一心,强袭,无,一般条件,,,未登场,穗井田元清,侍大将,直臣,毛利家,吉田郡山城,无,未登场,穗井田元清,侍大将,直臣,毛利家,吉田郡山城,无,未登场,穗井田元清,侍大将,直臣,毛利家,吉田郡山城,无,已登场,穗井田元清,侍大将,直臣,毛利家,吉田郡山城,无,已登场,穗井田元清,侍大将,直臣,毛利家,吉田郡山城,无,已登场,穗井田元清,侍大将,直臣,毛利家,吉田郡山城,无,已登场,穗井田元清,城主,直臣,毛利家,樱尾城,无,已死亡,穗井田元清,无效,无效,无,无效,无,已登场,穗井田元清,浪人,其他,无,滨松之町,无,,,,"[{""stage"":"""",""tkid"":""622"",""ref"":""622_穗井田元清_朝正.png"",""emotion"":0}]"
lord_1_hojo_shi,,北條氏勝,北条氏胜,北条,623,Hojo Shi,clan_hojo_1,kanto,家族和文化自动推断,1,1559,1573,1611,病死,北条氏繁,北条纲成,北条氏繁 北条纲成,只限武将,82,82,普通,普通,普通,慎重,普通,60,武具,普通,滴酒不沾,平氏,刀剑,40,36,46,30,52,0,1,0,0,0,0,0,1,1,0,0,0,1,1,1,0,无,强袭,无,无要求,,,未登场,北条氏胜,足轻组头,陪臣（北条氏繁）,北条家,玉绳城,无,未登场,北条氏胜,足轻组头,陪臣（北条氏繁）,北条家,玉绳城,无,未登场,北条氏胜,足轻组头,陪臣（北条氏繁）,北条家,玉绳城,无,未登场,北条氏胜,足轻组头,陪臣（北条氏繁）,北条家,玉绳城,无,已登场,北条氏胜,足轻组头,陪臣（北条纲成）,北条家,玉绳城,无,已登场,北条氏胜,侍大将,陪臣（北条纲成）,北条家,玉绳城,无,已登场,北条氏胜,侍大将,陪臣（北条纲成）,北条家,玉绳城,无,已登场,北条氏胜,城主,直臣,德川家,佐仓城,无,已登场,北条氏胜,家老,直臣,北家,松前城,无,,,,"[{""stage"":"""",""tkid"":""623"",""ref"":""623_北条氏胜_朝右.png"",""emotion"":0}]"
lord_1_hojo_7,,北條氏邦,北条氏邦,北条,624,Hojo Ujikuni,clan_hojo_1,kanto,精确匹配织丰,1,1541,1555,1597,病死,北条氏康,北条氏纲,上杉景虎 北条氏繁 北条氏照 北条氏直 北条氏规 北条氏政 北条氏康,只限武将,82,82,普通,普通,普通,慎重,普通,48,书籍,无欲,普通,平氏,刀剑,69,61,69,68,64,2,1,1,0,0,1,2,0,0,1,0,0,2,3,0,0,无,强袭,无,一般条件,,,未登场,北条氏邦,侍大将,直臣,北条家,小田原城,无,未登场,北条氏邦,部将,陪臣（北条氏康）,北条家,小田原城,无,已登场,北条氏邦,部将,直臣,北条家,小田原城,无,已登场,北条氏邦,城主,直臣,北条家,馆林城,无,已登场,北条氏邦,城主,直臣,北条家,馆林城,无,已登场,北条氏邦,城主,直臣,北条家,馆林城,无,已登场,北条氏邦,国主,直臣,北条家,箕轮城,无,已死亡,北条氏邦,无效,无效,无,无效,无,已登场,北条氏邦,家老,直臣,北家,松前城,无,,,,"[{""stage"":"""",""tkid"":""624"",""ref"":""624_北条氏邦_朝右.png"",""emotion"":0}]"
lord_1_hojo_ujishige,,北條氏繁,北条氏繁,北条,625,Hojo Ujishige,clan_hojo_1,kanto,家族和文化自动推断,1,1536,1554,1578,病死,北条纲成,北条氏纲,上杉景虎 北条氏胜 北条氏邦 北条氏照 北条氏规 北条氏政 北条氏康 北条纲成,只限武将,82,82,普通,勇敢,普通,普通,重视情义,26,武具,普通,普通,平氏,刀剑,68,67,52,66,66,2,2,1,0,0,1,2,1,0,1,0,1,0,0,0,1,无,强袭,无,无要求,,,已登场,北条氏繁,侍大将,陪臣（北条纲成）,北条家,玉绳城,无,已登场,北条氏繁,侍大将,陪臣（北条纲成）,北条家,玉绳城,无,已登场,北条氏繁,侍大将,陪臣（北条纲成）,北条家,玉绳城,无,已登场,北条氏繁,侍大将,陪臣（北条纲成）,北条家,玉绳城,无,已登场,北条氏繁,侍大将,陪臣（北条纲成）,北条家,玉绳城,无,已死亡,北条氏繁,无效,无效,无,无效,无,已死亡,北条氏繁,无效,无效,无,无效,无,已死亡,北条氏繁,无效,无效,无,无效,无,已登场,北条氏繁,家老,直臣,北家,松前城,无,,,,"[{""stage"":"""",""tkid"":""625"",""ref"":""625_北条氏繁_朝右.png"",""emotion"":0}]"
lord_1_hojo_5,,北條氏照,北条氏照,北条,626,Hojo Ujiteru,clan_hojo_1,kanto,精确匹配织丰,1,1540,1554,1590,战死,北条氏康,北条氏纲,上杉景虎 北条氏邦 北条氏繁 北条氏直 北条氏规 北条氏政 北条氏康,只限武将,82,82,普通,普通,普通,轻率,重视情义,40,武具,贪心,普通,平氏,刀剑,72,71,62,55,63,3,2,1,0,1,1,3,0,1,1,0,0,1,0,0,0,无,强袭,无,一般条件,,,未登场,北条氏照,侍大将,直臣,北条家,小田原城,无,已登场,北条氏照,国主,直臣,北条家,河越城,无,已登场,北条氏照,部将,直臣,北条家,小田原城,无,已登场,北条氏照,城主,直臣,北条家,河越城,无,已登场,北条氏照,城主,直臣,北条家,八王子城,无,已登场,北条氏照,城主,直臣,北条家,八王子城,无,已登场,北条氏照,国主,直臣,北条家,八王子城,无,已死亡,北条氏照,无效,无效,无,无效,无,已登场,北条氏照,家老,直臣,北家,松前城,无,,,,"[{""stage"":"""",""tkid"":""626"",""ref"":""626_北条氏照_朝右.png"",""emotion"":0}]"
lord_1_hojo_4,,北條氏直,北条氏直,北条,627,Hojo Ujinao,clan_hojo_1,kanto,精确匹配织丰,1,1562,1576,1591,病死,北条氏政,北条氏康,上杉景虎 北条氏邦 北条氏照 北条氏规 北条氏政 北条氏康,只限武将,82,82,温和,胆小,现实,慎重,普通,42,艺术品,无欲,普通,平氏,刀剑,57,39,60,48,61,1,0,1,0,0,0,0,0,0,2,1,1,1,1,1,0,狮子奋迅,强袭,无,无要求,,,未登场,北条氏直,足轻组头,陪臣（北条氏政）,北条家,小田原城,无,未登场,北条氏直,足轻组头,陪臣（北条氏政）,北条家,小田原城,无,未登场,北条氏直,足轻组头,陪臣（北条氏政）,北条家,小田原城,无,未登场,北条氏直,足轻组头,陪臣（北条氏政）,北条家,小田原城,无,未登场,北条氏直,足轻组头,陪臣（北条氏政）,北条家,小田原城,无,已登场,北条氏直,侍大将,直臣,北条家,小田原城,无,已登场,北条氏直,侍大将,直臣,北条家,小田原城,无,已死亡,北条氏直,无效,无效,无,无效,无,已登场,北条氏直,部将,直臣,北家,松前城,无,,,,"[{""stage"":"""",""tkid"":""627"",""ref"":""627_北条氏直_朝右.png"",""emotion"":0}]"
lord_1_hojo_9,,北條氏規,北条氏规,北条,628,Hojo Ujinori,clan_hojo_1,kanto,精确匹配织丰,1,1545,1559,1600,病死,北条氏康,北条氏纲,上杉景虎 北条氏邦 北条氏繁 北条氏照 北条氏直 北条氏政 北条氏康,只限武将,82,92,温和,普通,现实,普通,重视情义,40,书籍,普通,普通,平氏,刀剑,60,43,68,77,66,1,1,1,0,0,0,2,0,0,1,0,2,2,3,2,1,狮子奋迅,强袭,无,一般条件,,,未登场,北条氏规,侍大将,直臣,北条家,小田原城,无,已登场,北条氏规,城主,直臣,北条家,韭山城,无,已登场,北条氏规,部将,直臣,北条家,小田原城,无,已登场,北条氏规,城主,直臣,北条家,韭山城,无,已登场,北条氏规,城主,直臣,北条家,韭山城,无,已登场,北条氏规,城主,直臣,北条家,韭山城,无,已登场,北条氏规,国主,直臣,北条家,韭山城,无,已登场,北条氏规,家老,直臣,丰臣家,大坂城,无,已登场,北条氏规,部将,直臣,北家,松前城,无,,,,"[{""stage"":"""",""tkid"":""628"",""ref"":""628_北条氏规_朝右.png"",""emotion"":0}]"
lord_1_hojo,,北條氏政,北条氏政,北条,629,Hojo Ujimasa,clan_hojo_1,kanto,精确匹配织丰,1,1538,1554,1590,战死,北条氏康,北条氏纲,上杉景虎 北条氏邦 北条氏繁 北条氏照 北条氏直 北条氏规 北条氏康,只限武将,82,82,普通,勇敢,普通,轻率,普通,82,艺术品,贪心,普通,平氏,刀剑,75,52,63,53,68,3,2,1,1,1,1,3,0,1,1,0,1,0,2,1,0,狮子奋迅,强袭,无,一般条件,北条三家老 大道寺政繁/远山纲景/松田宪秀,,已登场,北条氏政,家老,直臣,北条家,小田原城,无,已登场,北条氏政,家老,直臣,北条家,小田原城,无,已登场,北条氏政,家老,直臣,北条家,小田原城,无,已登场,北条氏政,家老,直臣,北条家,小田原城,无,已登场,北条氏政,大名,首领,北条家,小田原城,无,已登场,北条氏政,大名,首领,北条家,小田原城,无,已登场,北条氏政,大名,首领,北条家,小田原城,无,已死亡,北条氏政,无效,无效,无,无效,无,已登场,北条氏政,部将,陪臣（北条幻庵）,北家,大浦城,无,,,,"[{""stage"":"""",""tkid"":""629"",""ref"":""629_北条氏政_朝右.png"",""emotion"":0}]"
lord_1_hojo_2,,北條氏康,北条氏康,北条,630,Hojo Ujiyasu,clan_hojo_1,kanto,精确匹配织丰,1,1515,1554,1571,病死,北条氏纲,北条早云,上杉景虎 北条氏邦 北条氏繁 北条氏照 北条氏直 北条氏规 北条氏政 北条幻庵,只限武将,82,82,普通,勇敢,普通,普通,普通,88,武具,无欲,普通,平氏,刀剑,94,70,100,93,89,3,4,3,2,2,2,3,0,2,4,3,3,2,3,1,2,钓野伏，狮子奋迅，土龙攻,强袭，拔突，急所击，刚弓，铁壁，丢钱,名宰相,一般条件,,,已登场,北条氏康,大名,首领,北条家,小田原城,无,已登场,北条氏康,大名,首领,北条家,小田原城,无,已登场,北条氏康,大名,首领,北条家,小田原城,无,已登场,北条氏康,大名,首领,北条家,小田原城,无,已死亡,北条氏康,无效,无效,无,无效,无,已死亡,北条氏康,无效,无效,无,无效,无,已死亡,北条氏康,无效,无效,无,无效,无,已死亡,北条氏康,无效,无效,无,无效,无,已登场,北条氏康,部将,陪臣（北条幻庵）,北家,大浦城,无,,,,"[{""stage"":"""",""tkid"":""630"",""ref"":""630_北条氏康_朝右.png"",""emotion"":0}]"
lord_1_hojo_11,,北條幻庵,北条幻庵,北条,631,Hojo Gen-an,clan_hojo_1,kanto,精确匹配织丰,1,1493,1554,1589,病死,北条早云,,北条氏康,只限武将,82,82,普通,普通,理想,慎重,普通,22,艺术品,普通,滴酒不沾,平氏,刀剑,14,5,78,73,77,0,0,0,0,0,0,1,0,0,2,2,2,4,3,3,2,狮子奋迅,强袭,无,一般条件,,,已登场,北条幻庵,家老,直臣,北条家,小田原城,无,已登场,北条幻庵,家老,直臣,北条家,小田原城,无,已登场,北条幻庵,家老,直臣,北条家,小田原城,无,已登场,北条幻庵,家老,直臣,北条家,小田原城,无,已登场,北条幻庵,家老,直臣,北条家,小田原城,无,已登场,北条幻庵,家老,直臣,北条家,小田原城,无,已登场,北条幻庵,家老,直臣,北条家,小田原城,无,已死亡,北条幻庵,无效,无效,无,无效,无,已登场,北条幻庵,城主,直臣,北家,大浦城,无,,,,"[{""stage"":"""",""tkid"":""631"",""ref"":""631_北条幻庵_朝右.png"",""emotion"":0}]"
lord_1_hojo_tsunashige,,北條綱成,北条纲成,北条,632,Hojo Tsunashige,clan_hojo_1,kanto,家族和文化自动推断,1,1515,1554,1587,病死,,,北条氏胜 北条氏繁,只限武将,82,82,普通,勇敢,普通,轻率,普通,19,武具,无欲,普通,平氏,枪,83,86,51,79,80,3,4,3,1,1,3,3,2,2,1,1,0,1,2,0,0,骑射突击，狮子奋迅,强袭，连续斩，拔突，粘花，二连苦无，急所击，卷枪，引落，柄返，刚力，铁壁,无,一般条件,,,已登场,北条纲成,城主,直臣,北条家,玉绳城,无,已登场,北条纲成,城主,直臣,北条家,玉绳城,无,已登场,北条纲成,城主,直臣,北条家,玉绳城,无,已登场,北条纲成,城主,直臣,北条家,玉绳城,无,已登场,北条纲成,城主,直臣,北条家,玉绳城,无,已登场,北条纲成,城主,直臣,北条家,玉绳城,无,已登场,北条纲成,城主,直臣,北条家,玉绳城,无,已死亡,北条纲成,无效,无效,无,无效,无,已登场,北条纲成,家老,直臣,北家,松前城,无,,,,"[{""stage"":"""",""tkid"":""632"",""ref"":""632_北条纲成_朝右.png"",""emotion"":0}]"
lord_1_hoozooin_inei,,寶藏院胤榮,宝藏院胤荣,宝藏院,633,Hoozooin Inei,clan_hōzōin_1,neutral_culture,基于分组自动创建家族,1,1521,1554,1607,病死,,,,没那个意思,80,80,普通,勇敢,现实,轻率,重视情义,63,武具,无欲,嗜酒如命,藤原氏,枪,42,92,39,67,71,0,0,0,0,0,4,2,2,0,0,0,0,3,2,2,0,无,强袭，连续斩，拔突，粘花，二连苦无，卷枪，飞鸟，引落，当身，柄返，刚力，铁壁，辱骂，大喝,枪术高手,一般条件,,,已登场,宝藏院胤荣,师范,其他,无,奈良之町,宝藏院流,已登场,宝藏院胤荣,师范,其他,无,奈良之町,宝藏院流,已登场,宝藏院胤荣,师范,其他,无,奈良之町,宝藏院流,已登场,宝藏院胤荣,师范,其他,无,奈良之町,宝藏院流,已登场,宝藏院胤荣,师范,其他,无,奈良之町,宝藏院流,已登场,宝藏院胤荣,师范,其他,无,奈良之町,宝藏院流,已登场,宝藏院胤荣,师范,其他,无,奈良之町,宝藏院流,已登场,宝藏院胤荣,师范,其他,无,奈良之町,宝藏院流,已登场,宝藏院胤荣,师范,其他,无,奈良之町,宝藏院流,,,,"[{""stage"":"""",""tkid"":""633"",""ref"":""633_宝藏院胤荣_朝右.png"",""emotion"":0}]"
lord_1_hoshina_masatoshi,,保科正俊,保科正俊,保科,634,Hoshina Masatoshi,clan_hoshina_1,tosan,基于分组自动创建家族,1,1509,1554,1593,病死,,,,只限武将,70,70,性急,勇敢,普通,轻率,普通,65,武具,普通,嗜酒如命,源氏,枪,55,72,31,38,56,2,2,1,0,0,3,1,0,0,0,0,0,0,0,0,1,无,强袭，连续斩，拔突，粘花，卷枪，引落，柄返，刚力，铁壁,枪术名人,无要求,,,已登场,保科正俊,侍大将,陪臣（武田信廉）,武田家,踯躅崎馆,无,已登场,保科正俊,侍大将,陪臣（武田信廉）,武田家,高远城,无,已登场,保科正俊,侍大将,陪臣（武田信廉）,武田家,高远城,无,已登场,保科正俊,侍大将,陪臣（武田信廉）,武田家,高远城,无,已登场,保科正俊,侍大将,陪臣（仁科盛信）,武田家,高远城,无,已登场,保科正俊,侍大将,陪臣（穴山梅雪）,武田家,骏府城,无,已登场,保科正俊,城主,直臣,德川家,高远城,无,已死亡,保科正俊,无效,无效,无,无效,无,已登场,保科正俊,浪人,其他,无,江户之町,无,,,,"[{""stage"":"""",""tkid"":""634"",""ref"":""634_保科正俊_朝右.png"",""emotion"":0}]"
lord_1_yasui_doton,,安井道頓,安井道顿,安井,635,Yasui Doton,clan_yasui_1,neutral_culture,基于分组自动创建家族,1,1533,1554,1615,战死,,,,武将以外优先,10,10,性急,勇敢,现实,轻率,重视情义,57,武具,贪心,嗜酒如命,其他,枪,43,60,66,38,60,1,0,0,0,0,2,0,1,4,2,2,0,1,4,0,0,无,强袭，拔突，铁壁,无,无要求,,,已登场,安井道顿,浪人,其他,无,石山之町,无,已登场,安井道顿,浪人,其他,无,石山之町,无,已登场,安井道顿,浪人,其他,无,石山之町,无,已登场,安井道顿,浪人,其他,无,石山之町,无,已登场,安井道顿,浪人,其他,无,石山之町,无,已登场,安井道顿,浪人,其他,无,石山之町,无,已登场,安井道顿,浪人,其他,无,石山之町,无,已登场,安井道顿,浪人,其他,无,大坂之町,无,已登场,安井道顿,浪人,其他,无,松江之町,无,,,,"[{""stage"":"""",""tkid"":""635"",""ref"":""635_安井道顿_朝右.png"",""emotion"":0}]"
lord_1_hosokawa_2,,細川忠興,细川忠兴,细川,636,Hosokawa Tadaoki,clan_hosokawa_1,kinai,精确匹配织丰,1,1563,1577,1645,病死,细川幽斋,三渊晴员,细川幽斋 三渊藤英,全职种,98,98,温和,普通,现实,普通,不重情义,76,艺术品,普通,普通,源氏,刀剑,78,68,80,72,73,2,2,3,2,2,2,2,0,2,2,2,2,4,1,4,0,威风凛凛,强袭，拔突，急所击，刚弓，铁壁,风雅之士,一般条件,,,未登场,细川忠兴,足轻组头,陪臣（细川藤孝）,足利家,朽木谷城,无,未登场,细川忠兴,足轻组头,陪臣（细川藤孝）,足利家,朽木谷城,无,未登场,细川忠兴,足轻组头,陪臣（细川藤孝）,足利家,二条城,无,未登场,细川忠兴,足轻组头,陪臣（细川藤孝）,足利家,二条城,无,未登场,细川忠兴,足轻组头,陪臣（细川藤孝）,织田家,岐阜城,无,已登场,细川忠兴,足轻大将,陪臣（细川藤孝）,织田家,宫津城,无,已登场,细川忠兴,城主,直臣,羽柴家,宫津城,无,已登场,细川忠兴,大名,首领,细川家,宫津城,无,已登场,细川忠兴,浪人,其他,无,鹿岛之町,无,,,,"[{""stage"":"""",""tkid"":""636"",""ref"":""636_细川忠兴_朝右.png"",""emotion"":0}]"
lord_1_hosokawa_harumoto,,細川晴元,细川晴元,细川,637,Hosokawa Harumoto,clan_hosokawa_1,kinai,家族和文化自动推断,1,1514,1554,1563,病死,,,,只限武将,1,5,性急,勇敢,理想,轻率,不重情义,52,艺术品,贪心,滴酒不沾,源氏,刀剑,24,31,35,58,57,0,0,0,0,0,1,0,0,0,0,0,0,3,2,2,1,威风凛凛,强袭,无,一般条件,,,已登场,细川晴元,家老,直臣,足利家,朽木谷城,无,已登场,细川晴元,家老,直臣,足利家,朽木谷城,无,已登场,细川晴元,家老,直臣,足利家,二条城,无,已死亡,细川晴元,无效,无效,无,无效,无,已死亡,细川晴元,无效,无效,无,无效,无,已死亡,细川晴元,无效,无效,无,无效,无,已死亡,细川晴元,无效,无效,无,无效,无,已死亡,细川晴元,无效,无效,无,无效,无,已登场,细川晴元,浪人,其他,无,鹿屋之町,无,,,,"[{""stage"":"""",""tkid"":""637"",""ref"":""637_细川晴元_朝右.png"",""emotion"":0}]"
lord_1_hosokawa_yuu,,細川幽齋,细川幽斋,细川,638,Hosokawa Yuu,clan_hosokawa_1,kinai,家族和文化自动推断,1,1534,1554,1610,病死,三渊晴员,,细川忠兴 三渊藤英,只限武将,99,99,普通,勇敢,现实,轻率,普通,77,艺术品,普通,普通,源氏,刀剑,80,60,91,88,89,3,2,3,0,3,3,3,0,2,2,1,2,4,4,3,1,威吓，威风凛凛,强袭，连续斩，八神太刀，拔突，急所击，刚弓，神妙剑，刚力，金刚力，铁壁，气声，辱骂，大喝，克己,风雅之士，说客,一般条件,,,已登场,细川藤孝,部将,直臣,足利家,朽木谷城,新当流,已登场,细川藤孝,侍大将,直臣,足利家,朽木谷城,新当流,已登场,细川藤孝,侍大将,直臣,足利家,二条城,新当流,已登场,细川藤孝,部将,直臣,足利家,二条城,新当流,已登场,细川藤孝,侍大将,直臣,织田家,岐阜城,新当流,已登场,细川藤孝,城主,直臣,织田家,宫津城,新当流,已登场,细川幽斋,家老,直臣,羽柴家,石山本愿寺,新当流,已登场,细川幽斋,家老,直臣,细川家,宫津城,新当流,已登场,细川藤孝,浪人,其他,无,鹿屋之町,新当流,,,,"[{""stage"":"""",""tkid"":""638"",""ref"":""638_细川幽斋_朝右.png"",""emotion"":0}]"
lord_1_horio_tadauji,,堀尾忠氏,堀尾忠氏,堀尾,639,Horio Tadauji,clan_horio_1,kinai,基于分组自动创建家族,1,1578,1592,1604,病死,堀尾吉晴,,堀尾吉晴,全职种,10,90,温和,普通,普通,轻率,普通,30,艺术品,普通,普通,其他,刀剑,29,36,51,42,29,0,0,0,0,1,0,0,0,0,1,0,0,0,1,0,0,无,强袭,无,无要求,,,未登场,堀尾忠氏,浪人,其他,无,井之口之町,无,未登场,堀尾忠氏,浪人,其他,无,井之口之町,无,未登场,堀尾忠氏,浪人,其他,无,井之口之町,无,未登场,堀尾忠氏,足轻组头,陪臣（堀尾吉晴）,织田家,岐阜城,无,未登场,堀尾忠氏,足轻组头,陪臣（堀尾吉晴）,织田家,长滨城,无,未登场,堀尾忠氏,足轻组头,陪臣（堀尾吉晴）,织田家,姬路城,无,未登场,堀尾忠氏,足轻组头,陪臣（堀尾吉晴）,羽柴家,石山本愿寺,无,已登场,堀尾忠氏,大名,首领,堀尾家,滨松城,无,已登场,堀尾忠氏,浪人,其他,无,富山之町,无,,,,"[{""stage"":"""",""tkid"":""639"",""ref"":""639_堀尾忠氏_朝右.png"",""emotion"":0}]"
lord_1_horio_yoshiharu,,堀尾吉晴,堀尾吉晴,堀尾,640,Horio Yoshiharu,clan_horio_1,kinai,基于分组自动创建家族,1,1544,1558,1611,病死,,,堀尾忠氏,全职种,10,10,温和,普通,普通,轻率,普通,25,武具,普通,滴酒不沾,其他,刀剑,63,50,68,66,63,1,0,1,0,0,0,0,2,3,2,2,2,1,2,0,2,无,强袭，二连苦无,无,一般条件,,,未登场,堀尾茂助,浪人,其他,无,井之口之町,无,未登场,堀尾茂助,浪人,其他,无,井之口之町,无,已登场,堀尾茂助,浪人,其他,无,井之口之町,无,已登场,堀尾吉晴,足轻组头,陪臣（木下藤吉郎）,织田家,岐阜城,无,已登场,堀尾吉晴,足轻组头,陪臣（羽柴秀吉）,织田家,长滨城,无,已登场,堀尾吉晴,足轻大将,陪臣（羽柴秀吉）,织田家,姬路城,无,已登场,堀尾吉晴,部将,直臣,羽柴家,石山本愿寺,无,已登场,堀尾吉晴,家老,直臣,堀尾家,滨松城,无,已登场,堀尾茂助,浪人,其他,无,厩桥之町,无,,,,"[{""stage"":"""",""tkid"":""640"",""ref"":""640_堀尾吉晴_朝右.png"",""emotion"":0}]"
lord_1_horii_naomasa,,堀直政,堀直政,堀,641,Horii Naomasa,clan_horii_1,hokuriku,基于分组自动创建家族,1,1547,1561,1608,病死,,,,全职种,0,5,普通,普通,普通,轻率,普通,52,武具,普通,嗜酒如命,藤原氏,刀剑,57,56,58,49,56,2,0,1,0,0,0,1,0,1,2,0,0,0,1,0,0,无,强袭,无,一般条件,,,未登场,堀直政,足轻组头,直臣,斋藤家,稻叶山城,无,未登场,堀直政,浪人,其他,无,井之口之町,无,未登场,堀直政,浪人,其他,无,井之口之町,无,已登场,堀直政,足轻组头,直臣,织田家,岐阜城,无,已登场,堀直政,足轻组头,直臣,织田家,岐阜城,无,已登场,堀直政,侍大将,直臣,织田家,安土城,无,已登场,堀直政,部将,陪臣（堀秀政）,羽柴家,长滨城,无,已登场,堀直政,家老,直臣,堀家,春日山城,无,已登场,堀直政,浪人,其他,无,松江之町,无,,,,"[{""stage"":"""",""tkid"":""641"",""ref"":""641_堀直政_朝右.png"",""emotion"":0}]"
lord_1_horiuchi_shizen,,堀內氏善,堀内氏善,堀内,642,Horiuchi Shizen,clan_horiuchi_1,kinai,基于分组自动创建家族,1,1549,1560,1615,病死,,,,全职种,70,70,普通,普通,普通,轻率,不重情义,54,艺术品,贪心,嗜酒如命,源氏,刀剑,38,36,27,22,23,0,0,1,2,2,0,0,2,0,0,1,0,2,1,0,1,无,强袭，二连苦无，刚弓,无,无要求,,,未登场,堀内氏善,浪人,其他,无,杂贺之町,无,已登场,堀内氏善,城主,直臣,畠山家,新宫城,无,已登场,堀内氏善,城主,直臣,畠山家,新宫城,无,已登场,堀内氏善,城主,直臣,织田家,新宫城,无,已登场,堀内氏善,城主,直臣,织田家,新宫城,无,已登场,堀内氏善,城主,直臣,织田家,新宫城,无,已登场,堀内氏善,城主,直臣,羽柴家,新宫城,无,已登场,堀内氏善,城主,直臣,九鬼家,新宫城,无,已登场,堀内氏善,浪人,其他,无,直江津之町,无,,,,"[{""stage"":"""",""tkid"":""642"",""ref"":""642_堀内氏善_朝右.png"",""emotion"":0}]"
lord_1_horii_hideharu,,堀秀治,堀秀治,堀,643,Horii Hideharu,clan_horii_1,hokuriku,基于分组自动创建家族,1,1576,1590,1606,病死,堀秀政,,堀秀政,全职种,90,90,普通,胆小,现实,慎重,重视情义,40,南蛮物,普通,滴酒不沾,藤原氏,刀剑,44,38,42,42,41,0,0,0,0,1,0,1,0,1,0,0,1,1,1,1,0,无,强袭,无,无要求,,,未登场,堀秀治,足轻组头,陪臣（堀秀政）,斋藤家,稻叶山城,无,未登场,堀秀治,足轻组头,陪臣（堀秀政）,斋藤家,稻叶山城,无,未登场,堀秀治,足轻组头,陪臣（堀秀政）,织田家,清洲城,无,未登场,堀秀治,足轻组头,陪臣（堀秀政）,织田家,岐阜城,无,未登场,堀秀治,足轻组头,陪臣（堀秀政）,织田家,岐阜城,无,未登场,堀秀治,足轻组头,陪臣（堀秀政）,织田家,安土城,无,未登场,堀秀治,足轻组头,陪臣（堀秀政）,羽柴家,长滨城,无,已登场,堀秀治,大名,首领,堀家,春日山城,无,已登场,堀秀治,浪人,其他,无,骏府之町,无,,,,"[{""stage"":"""",""tkid"":""643"",""ref"":""643_堀秀治_朝右.png"",""emotion"":0}]"
lord_1_horii_hidemasa,,堀秀政,堀秀政,堀,644,Horii Hidemasa,clan_horii_1,hokuriku,基于分组自动创建家族,1,1553,1567,1590,病死,,,堀秀治,只限武将,5,5,温和,普通,普通,轻率,普通,58,南蛮物,普通,普通,藤原氏,刀剑,70,42,63,54,58,2,1,2,1,1,3,2,0,1,1,0,0,3,2,1,1,无,强袭，连续斩，拔突，刚力，铁壁,无,无要求,,,未登场,堀秀政,足轻组头,直臣,斋藤家,稻叶山城,无,未登场,堀秀政,足轻组头,直臣,斋藤家,稻叶山城,无,未登场,堀秀政,足轻组头,直臣,织田家,清洲城,无,已登场,堀秀政,足轻组头,直臣,织田家,岐阜城,无,已登场,堀秀政,足轻组头,直臣,织田家,岐阜城,无,已登场,堀秀政,侍大将,直臣,织田家,安土城,无,已登场,堀秀政,国主,直臣,羽柴家,长滨城,无,已死亡,堀秀政,无效,无效,无,无效,无,已登场,堀秀政,浪人,其他,无,津山之町,无,,,,"[{""stage"":"""",""tkid"":""644"",""ref"":""644_堀秀政_朝右.png"",""emotion"":0}]"
lord_1_honinbo_sansa,,本因坊算砂,本因坊算砂,本因坊,645,Honinbo Sansa,clan_honinbo_1,neutral_culture,基于分组自动创建家族,1,1558,1572,1623,病死,,,,全职种,4,4,温和,胆小,理想,慎重,普通,7,书籍,无欲,滴酒不沾,其他,枪,16,3,22,80,64,0,0,0,0,0,0,2,0,0,0,0,4,3,0,0,0,无,拔突，丢钱，贿赂,无,一般条件,,,未登场,本因坊算砂,浪人,其他,无,京之町,无,未登场,本因坊算砂,浪人,其他,无,京之町,无,未登场,本因坊算砂,浪人,其他,无,京之町,无,未登场,本因坊算砂,浪人,其他,无,京之町,无,已登场,本因坊算砂,浪人,其他,无,京之町,无,已登场,本因坊算砂,浪人,其他,无,京之町,无,已登场,本因坊算砂,浪人,其他,无,京之町,无,已登场,本因坊算砂,足轻组头,直臣,德川家,江户城,无,已登场,本因坊算砂,浪人,其他,无,小滨之町,无,,,,"[{""stage"":"""",""tkid"":""645"",""ref"":""645_本因坊算砂_朝右.png"",""emotion"":0}]"
lord_1_honganji_2,,本願寺教如,本愿寺教如,本愿寺,646,Honganji Kyonyo,clan_honganji_1,kinai,精确匹配织丰,1,1558,1572,1614,病死,本愿寺显如,本愿寺证如,本愿寺显如 本愿寺准如 本愿寺证如,没那个意思,50,50,性急,勇敢,普通,轻率,不重情义,89,武具,普通,普通,藤原氏,枪,71,75,39,57,84,2,2,2,1,1,2,2,1,1,0,0,0,1,2,1,1,百发百中,强袭，拔突，铁壁,策士,一般条件,,,未登场,本愿寺教如,侍大将,陪臣（本愿寺显如）,本愿寺,石山本愿寺,无,未登场,本愿寺教如,部将,陪臣（本愿寺显如）,本愿寺,石山本愿寺,无,未登场,本愿寺教如,家老,直臣,本愿寺,石山本愿寺,无,未登场,本愿寺教如,家老,直臣,本愿寺,石山本愿寺,无,已登场,本愿寺教如,家老,直臣,本愿寺,石山本愿寺,无,已登场,本愿寺教如,浪人,其他,无,石山之町,无,已登场,本愿寺教如,浪人,其他,无,石山之町,无,已登场,本愿寺教如,浪人,其他,无,京之町,无,已登场,本愿寺教如,浪人,其他,无,江户之町,无,,,,"[{""stage"":"""",""tkid"":""646"",""ref"":""646_本愿寺教如_朝右.png"",""emotion"":0}]"
lord_1_honganji,,本願寺顯如,本愿寺显如,本愿寺,647,Honganji Kennyo,clan_honganji_1,kinai,精确匹配织丰,1,1543,1554,1592,病死,本愿寺证如,,本愿寺教如 本愿寺准如 本愿寺证如,没那个意思,50,50,性急,普通,理想,普通,不重情义,88,书籍,普通,普通,藤原氏,火绳枪,92,55,84,91,93,4,0,3,1,0,1,3,1,2,1,1,1,3,4,2,2,齐射，激励，百发百中,急所击，二挺击,无,一般条件,,,未登场,本愿寺显如,家老,直臣,本愿寺,石山本愿寺,无,已登场,本愿寺显如,大名,首领,本愿寺,石山本愿寺,无,已登场,本愿寺显如,大名,首领,本愿寺,石山本愿寺,无,已登场,本愿寺显如,大名,首领,本愿寺,石山本愿寺,无,已登场,本愿寺显如,大名,首领,本愿寺,石山本愿寺,无,已登场,本愿寺显如,浪人,其他,无,石山之町,无,已登场,本愿寺显如,浪人,其他,无,石山之町,无,已死亡,本愿寺显如,无效,无效,无,无效,无,已登场,本愿寺显如,浪人,其他,无,堺之町,无,,,,"[{""stage"":"""",""tkid"":""647"",""ref"":""647_本愿寺显如_朝右.png"",""emotion"":0}]"
lord_1_honganji_junnyo,,本願寺准如,本愿寺准如,本愿寺,648,Honganji Junnyo,clan_honganji_1,kinai,家族和文化自动推断,1,1577,1591,1630,病死,本愿寺显如,本愿寺证如,本愿寺教如 本愿寺显如 本愿寺证如,没那个意思,50,50,温和,普通,普通,慎重,普通,55,书籍,普通,普通,藤原氏,枪,56,40,67,64,66,2,0,2,0,0,0,0,0,0,2,2,2,3,3,2,0,无,拔突,无,无要求,,,未登场,本愿寺准如,足轻组头,陪臣（本愿寺显如）,本愿寺,石山本愿寺,无,未登场,本愿寺准如,足轻组头,陪臣（本愿寺显如）,本愿寺,石山本愿寺,无,未登场,本愿寺准如,足轻组头,直臣,本愿寺,石山本愿寺,无,未登场,本愿寺准如,足轻组头,直臣,本愿寺,石山本愿寺,无,未登场,本愿寺准如,足轻组头,直臣,本愿寺,石山本愿寺,无,未登场,本愿寺准如,浪人,其他,无,石山之町,无,未登场,本愿寺准如,浪人,其他,无,石山之町,无,已登场,本愿寺准如,浪人,其他,无,大坂之町,无,已登场,本愿寺准如,浪人,其他,无,滨松之町,无,,,,"[{""stage"":"""",""tkid"":""648"",""ref"":""648_本愿寺准如_朝右.png"",""emotion"":0}]"
lord_1_hongo,,北鄉時久,北乡时久,北乡,649,Hongo Tokihisa,clan_hongo_1,saikai,精确匹配织丰,1,1530,1554,1596,病死,,,,只限武将,30,30,普通,普通,普通,慎重,普通,64,书籍,普通,普通,源氏,刀剑,54,47,52,62,52,2,1,2,0,0,0,0,1,0,1,0,0,1,2,0,0,无,强袭,无,无要求,,,已登场,北乡时久,侍大将,直臣,岛津家,内城,无,已登场,北乡时久,侍大将,直臣,岛津家,内城,无,已登场,北乡时久,侍大将,直臣,岛津家,内城,无,已登场,北乡时久,侍大将,直臣,岛津家,内城,无,已登场,北乡时久,侍大将,直臣,岛津家,内城,无,已登场,北乡时久,侍大将,直臣,岛津家,内城,无,已登场,北乡时久,侍大将,直臣,岛津家,内城,无,已死亡,北乡时久,无效,无效,无,无效,无,已登场,北乡时久,家老,直臣,北家,松前城,无,,,,"[{""stage"":"""",""tkid"":""649"",""ref"":""649_北乡时久_朝右.png"",""emotion"":0}]"
lord_1_honjo,,本莊繁長,本庄繁长,本庄,650,Honjo Sigenaga,clan_honjo_1,hokuriku,精确匹配织丰,1,1539,1554,1613,病死,,,,全职种,33,33,普通,胆小,普通,轻率,不重情义,64,艺术品,贪心,普通,平氏,刀剑,64,67,57,56,62,1,2,1,0,2,2,2,0,0,0,0,1,0,1,0,0,车悬,强袭，拔突，刚弓，铁壁,无,无要求,,,已登场,本庄繁长,城主,直臣,长尾家,本庄城,无,已登场,本庄繁长,城主,直臣,长尾家,本庄城,无,已登场,本庄繁长,城主,直臣,长尾家,本庄城,无,已登场,本庄繁长,城主,直臣,武田家,本庄城,无,已登场,本庄繁长,城主,直臣,上杉家,本庄城,无,已登场,本庄繁长,城主,直臣,上杉家,本庄城,无,已登场,本庄繁长,城主,直臣,上杉家,本庄城,无,已登场,本庄繁长,城主,直臣,上杉家,须贺川城,无,已登场,本庄繁长,浪人,其他,无,长滨之町,无,,,,"[{""stage"":"""",""tkid"":""650"",""ref"":""650_本庄繁长_朝右.png"",""emotion"":0}]"
lord_1_honda_2,,本多重次,本多重次,本多,651,Honda Shigetsugu,clan_honda_1,tokai,精确匹配织丰,1,1529,1554,1596,病死,,,,只限武将,82,82,性急,勇敢,现实,普通,重视情义,44,书籍,无欲,嗜酒如命,藤原氏,刀剑,42,49,82,39,54,0,0,0,0,0,0,0,0,2,3,3,3,3,1,1,1,无,强袭，丢钱,无,一般条件,,,已登场,本多重次,足轻组头,直臣,松平家,冈崎城,无,已登场,本多重次,足轻组头,陪臣（松平元康）,今川家,骏府城,无,已登场,本多重次,足轻组头,陪臣（松平元康）,今川家,冈崎城,无,已登场,本多重次,足轻组头,直臣,德川家,冈崎城,无,已登场,本多重次,足轻组头,陪臣（德川信康）,德川家,冈崎城,无,已登场,本多重次,足轻大将,直臣,德川家,滨松城,无,已登场,本多重次,足轻大将,直臣,德川家,滨松城,无,已死亡,本多重次,无效,无效,无,无效,无,已登场,本多重次,浪人,其他,无,赤间关之町,无,,,,"[{""stage"":"""",""tkid"":""651"",""ref"":""651_本多重次_朝右.png"",""emotion"":0}]"
lord_1_honda,,本多忠勝,本多忠胜,本多,652|1179,Honda Tadakatsu,clan_honda_1,tokai,精确匹配织丰,1,1548,1562,1610,病死,,,本多忠朝 本多忠政,只限武将,90,90,性急,勇敢,普通,轻率,重视情义,45,武具,无欲,嗜酒如命,藤原氏,枪,92,89,62,58,79,3,4,3,1,3,3,3,2,1,0,0,0,0,0,1,0,骑射突击，三河武者,强袭，连续斩，拔突，粘花，二连苦无，急所击，刚弓，卷枪，引落，柄返，刚力，铁壁,枪术名人,一般条件,,,未登场,本多忠胜,足轻组头,直臣,松平家,冈崎城,无,未登场,本多忠胜,足轻组头,陪臣（松平元康）,今川家,骏府城,无,已登场,本多忠胜,足轻组头,陪臣（松平元康）,今川家,冈崎城,无,已登场,本多忠胜,侍大将,直臣,德川家,冈崎城,无,已登场,本多忠胜,侍大将,直臣,德川家,滨松城,无,已登场,本多忠胜,侍大将,直臣,德川家,滨松城,无,已登场,本多忠胜,侍大将,直臣,德川家,滨松城,无,已登场,本多忠胜,国主,直臣,德川家,久留里城,无,已登场,本多忠胜,浪人,其他,无,柳川之町,无,,,"[{""stage"":""枪"",""tkid"":""652"",""ref"":"""",""emotion"":1},{""stage"":""斗"",""tkid"":""1179"",""ref"":"""",""emotion"":1}]","[{""stage"":""枪"",""tkid"":""652"",""ref"":""652_本多忠胜_朝右.png"",""emotion"":1},{""stage"":""斗"",""tkid"":""1179"",""ref"":""1179_本多忠胜_朝右.png"",""emotion"":1}]"
lord_1_honda_tadatomo,,本多忠朝,本多忠朝,本多,653,Honda Tadatomo,clan_honda_1,tokai,家族和文化自动推断,1,1582,1596,1615,战死,本多忠胜,,本多忠胜 本多忠政,只限武将,90,90,性急,勇敢,理想,轻率,重视情义,72,艺术品,无欲,嗜酒如命,藤原氏,枪,69,79,45,34,68,3,3,2,1,2,3,1,0,0,0,0,0,1,0,0,0,无,强袭，连续斩，拔突，粘花，刚弓，卷枪，引落，柄返，刚力，铁壁,无,无要求,,,未登场,本多忠朝,足轻组头,陪臣（本多忠胜）,松平家,冈崎城,无,未登场,本多忠朝,足轻组头,陪臣（本多忠胜）,今川家,骏府城,无,未登场,本多忠朝,足轻组头,陪臣（本多忠胜）,今川家,冈崎城,无,未登场,本多忠朝,足轻组头,陪臣（本多忠胜）,德川家,冈崎城,无,未登场,本多忠朝,足轻组头,陪臣（本多忠胜）,德川家,滨松城,无,未登场,本多忠朝,足轻组头,陪臣（本多忠胜）,德川家,滨松城,无,未登场,本多忠朝,足轻组头,陪臣（本多忠胜）,德川家,滨松城,无,已登场,本多忠朝,部将,陪臣（本多忠胜）,德川家,久留里城,无,已登场,本多忠朝,浪人,其他,无,大坂之町,无,,,,"[{""stage"":"""",""tkid"":""653"",""ref"":""653_本多忠朝_朝右.png"",""emotion"":0}]"
lord_1_honda_tadamasa,,本多忠政,本多忠政,本多,654,Honda Tadamasa,clan_honda_1,tokai,家族和文化自动推断,1,1575,1589,1631,病死,本多忠胜,,本多忠胜 本多忠朝,只限武将,90,90,温和,胆小,普通,轻率,普通,15,书籍,无欲,普通,藤原氏,枪,43,44,50,57,60,1,1,0,0,0,0,0,0,1,1,1,0,2,2,0,0,无,拔突,无,无要求,,,未登场,本多忠政,足轻组头,陪臣（本多忠胜）,松平家,冈崎城,无,未登场,本多忠政,足轻组头,陪臣（本多忠胜）,今川家,骏府城,无,未登场,本多忠政,足轻组头,陪臣（本多忠胜）,今川家,冈崎城,无,未登场,本多忠政,足轻组头,陪臣（本多忠胜）,德川家,冈崎城,无,未登场,本多忠政,足轻组头,陪臣（本多忠胜）,德川家,滨松城,无,未登场,本多忠政,足轻组头,陪臣（本多忠胜）,德川家,滨松城,无,未登场,本多忠政,足轻组头,陪臣（本多忠胜）,德川家,滨松城,无,已登场,本多忠政,部将,陪臣（本多忠胜）,德川家,久留里城,无,已登场,本多忠政,浪人,其他,无,出石之町,无,,,,"[{""stage"":"""",""tkid"":""654"",""ref"":""654_本多忠政_朝右.png"",""emotion"":0}]"
lord_1_honda_8,,本多正純,本多正纯,本多,655,Honda Masazumi,clan_honda_1,tokai,精确匹配织丰,1,1565,1579,1637,病死,本多正信,,本多正信 本多政重,全职种,95,95,温和,胆小,现实,慎重,不重情义,66,书籍,贪心,普通,藤原氏,刀剑,12,24,90,83,73,0,0,0,0,0,0,1,1,3,3,3,4,2,3,1,0,无,强袭，丢钱，贿赂,能吏,一般条件,,,未登场,本多正纯,足轻组头,陪臣（本多正信）,松平家,冈崎城,无,未登场,本多正纯,足轻组头,陪臣（本多正信）,今川家,骏府城,无,未登场,本多正纯,足轻组头,陪臣（本多正信）,今川家,冈崎城,无,未登场,本多正纯,足轻组头,陪臣（本多正信）,德川家,冈崎城,无,未登场,本多正纯,足轻组头,陪臣（本多正信）,德川家,滨松城,无,已登场,本多正纯,足轻组头,陪臣（本多正信）,德川家,滨松城,无,已登场,本多正纯,足轻组头,陪臣（本多正信）,德川家,滨松城,无,已登场,本多正纯,部将,直臣,德川家,江户城,无,已登场,本多正纯,浪人,其他,无,杂贺之町,无,,,,"[{""stage"":"""",""tkid"":""655"",""ref"":""655_本多正纯_朝右.png"",""emotion"":0}]"
lord_1_honda_6,,本多正信,本多正信,本多,656,Honda Masanobu,clan_honda_1,tokai,精确匹配织丰,1,1538,1554,1616,病死,,,本多正纯 本多政重,只限武将,90,90,温和,胆小,现实,轻率,不重情义,77,书籍,无欲,普通,藤原氏,刀剑,11,20,95,92,34,0,0,0,0,1,0,0,0,3,4,3,3,3,4,1,1,土龙攻，威吓,强袭，丢钱,说客，名奉行,一般条件,,,未登场,本多正信,足轻组头,直臣,松平家,冈崎城,无,已登场,本多正信,足轻大将,陪臣（松平元康）,今川家,骏府城,无,已登场,本多正信,足轻大将,陪臣（松平元康）,今川家,冈崎城,无,已登场,本多正信,足轻组头,直臣,德川家,冈崎城,无,已登场,本多正信,足轻大将,直臣,德川家,滨松城,无,已登场,本多正信,侍大将,直臣,德川家,滨松城,无,已登场,本多正信,侍大将,直臣,德川家,滨松城,无,已登场,本多正信,家老,直臣,德川家,江户城,无,已登场,本多正信,浪人,其他,无,今治之町,无,,,,"[{""stage"":"""",""tkid"":""656"",""ref"":""656_本多正信_朝右.png"",""emotion"":0}]"
lord_1_maeda_keiji,,前田慶次,前田庆次,前田,657|1180,Maeda Keiji,clan_maeda_1,kinai,家族和文化自动推断,1,1550,1564,1612,病死,,泷川一胜,泷川一益,全职种,0,16,性急,勇敢,理想,轻率,不重情义,78,南蛮物,贪心,嗜酒如命,其他,枪,62,88,2,51,95,3,2,3,0,3,3,0,3,0,0,0,0,3,2,3,1,破技之术，雾隐之术,强袭，连续斩，拔突，粘花，二连苦无，半月，急所击，刚弓，卷枪，引落，柄返，刚力，铁壁，克己,枪术名人，风雅之士,一般条件,,,未登场,前田庆次,浪人,其他,无,清洲之町,无,未登场,前田庆次,足轻组头,直臣,织田家,清洲城,无,未登场,前田庆次,足轻组头,直臣,织田家,清洲城,无,已登场,前田庆次,足轻组头,陪臣（前田利家）,织田家,岐阜城,无,已登场,前田庆次,足轻组头,直臣,织田家,岐阜城,无,已登场,前田庆次,足轻大将,陪臣（前田利家）,织田家,七尾城,无,已登场,前田庆次,足轻大将,直臣,前田家,尾山城,无,已登场,前田庆次,侍大将,直臣,上杉家,会津若松城,无,已登场,前田庆次,浪人,其他,无,弘前之町,无,,,"[{""stage"":""倾奇"",""tkid"":""657"",""ref"":"""",""emotion"":1},{""stage"":""若"",""tkid"":""1180"",""ref"":"""",""emotion"":1}]","[{""stage"":""倾奇"",""tkid"":""657"",""ref"":""657_前田庆次_朝右.png"",""emotion"":1},{""stage"":""若"",""tkid"":""1180"",""ref"":""1180_前田庆次_朝右.png"",""emotion"":1}]"
lord_1_maeda_geni,,前田玄以,前田玄以,前田,658,Maeda Geni,clan_maeda_1,kinai,家族和文化自动推断,1,1539,1554,1602,病死,,,,全职种,8,8,温和,胆小,现实,慎重,普通,45,南蛮物,普通,滴酒不沾,藤原氏,刀剑,6,6,80,72,65,0,0,0,0,0,0,0,0,0,2,2,3,3,3,3,3,无,强袭，伤药，丢钱,无,无要求,,,未登场,前田玄以,浪人,其他,无,井之口之町,无,已登场,前田玄以,浪人,其他,无,井之口之町,无,已登场,前田玄以,浪人,其他,无,井之口之町,无,已登场,前田玄以,浪人,其他,无,岐阜之町,无,已登场,前田玄以,足轻组头,陪臣（织田信忠）,织田家,岐阜城,无,已登场,前田玄以,足轻大将,陪臣（织田信忠）,织田家,岐阜城,无,已登场,前田玄以,足轻大将,直臣,织田家,长岛城,无,已登场,前田玄以,家老,直臣,丰臣家,大坂城,无,已登场,前田玄以,浪人,其他,无,弘前之町,无,,,,"[{""stage"":"""",""tkid"":""658"",""ref"":""658_前田玄以_朝右.png"",""emotion"":0}]"
lord_1_maeda,,前田利家,前田利家,前田,659|1181,Maeda Toshiie,clan_maeda_1,tosan,精确匹配织丰,1,1538,1554,1599,病死,,,前田利长 前田利政,只限武将,0,2,普通,勇敢,普通,轻率,普通,71,艺术品,贪心,嗜酒如命,其他,枪,74,71,75,66,78,3,2,3,1,2,3,2,0,1,2,1,2,1,1,2,1,无,强袭，连续斩，拔突，粘花，急所击，刚弓，卷枪，引落，柄返，刚力，铁壁,枪术名人,一般条件,,,未登场,前田利家,侍大将,直臣,织田家,那古野城,无,已登场,前田利家,足轻大将,直臣,织田家,清洲城,无,已登场,前田利家,足轻大将,直臣,织田家,清洲城,无,已登场,前田利家,侍大将,直臣,织田家,岐阜城,无,已登场,前田利家,侍大将,直臣,织田家,岐阜城,无,已登场,前田利家,城主,直臣,织田家,七尾城,无,已登场,前田利家,大名,首领,前田家,尾山城,无,已登场,前田利家,大名,首领,前田家,金泽城,无,已登场,前田利家,浪人,其他,无,弘前之町,无,,,"[{""stage"":""枪"",""tkid"":""659"",""ref"":"""",""emotion"":1},{""stage"":""藩"",""tkid"":""1181"",""ref"":"""",""emotion"":1}]","[{""stage"":""枪"",""tkid"":""659"",""ref"":""659_前田利家_朝右.png"",""emotion"":1},{""stage"":""藩"",""tkid"":""1181"",""ref"":""1181_前田利家_朝右.png"",""emotion"":1}]"
lord_1_maeda_4,,前田利長,前田利长,前田,660,Maeda Toshinaga,clan_maeda_1,tosan,精确匹配织丰,1,1562,1576,1614,病死,前田利家,,前田利家 前田利政,只限武将,88,82,温和,胆小,现实,轻率,普通,22,南蛮物,普通,普通,其他,枪,60,52,65,71,59,2,2,2,0,0,1,1,0,0,1,1,1,1,1,1,0,无,拔突,无,一般条件,,,未登场,前田利长,足轻组头,陪臣（前田利家）,织田家,那古野城,无,未登场,前田利长,足轻组头,陪臣（前田利家）,织田家,稻叶山城,无,未登场,前田利长,足轻组头,陪臣（前田利家）,织田家,清洲城,无,未登场,前田利长,足轻组头,陪臣（前田利家）,织田家,岐阜城,无,未登场,前田利长,足轻组头,陪臣（前田利家）,织田家,岐阜城,无,已登场,前田利长,足轻组头,陪臣（前田利家）,织田家,七尾城,无,已登场,前田利长,足轻组头,直臣,前田家,尾山城,无,已登场,前田利长,家老,直臣,前田家,金泽城,无,已登场,前田利长,浪人,其他,无,弘前之町,无,,,,"[{""stage"":"""",""tkid"":""660"",""ref"":""660_前田利长_朝右.png"",""emotion"":0}]"
lord_1_maeda_toshimasa,,前田利政,前田利政,前田,661,Maeda Toshimasa,clan_maeda_1,kinai,家族和文化自动推断,1,1578,1592,1633,病死,前田利家,,前田利家 前田利长,只限武将,15,15,性急,勇敢,理想,轻率,不重情义,75,武具,普通,普通,其他,枪,61,46,55,19,52,1,1,1,0,1,1,1,0,1,1,1,1,1,1,1,1,无,拔突,无,无要求,,,未登场,前田利政,足轻组头,陪臣（前田利家）,织田家,那古野城,无,未登场,前田利政,足轻组头,陪臣（前田利家）,织田家,稻叶山城,无,未登场,前田利政,足轻组头,陪臣（前田利家）,织田家,清洲城,无,未登场,前田利政,足轻组头,陪臣（前田利家）,织田家,岐阜城,无,未登场,前田利政,足轻组头,陪臣（前田利家）,织田家,岐阜城,无,未登场,前田利政,足轻组头,陪臣（前田利家）,织田家,七尾城,无,未登场,前田利政,足轻组头,直臣,前田家,尾山城,无,已登场,前田利政,城主,直臣,前田家,七尾城,无,已登场,前田利政,浪人,其他,无,弘前之町,无,,,,"[{""stage"":"""",""tkid"":""661"",""ref"":""661_前田利政_朝右.png"",""emotion"":0}]"
lord_1_maeno_nagayasu,,前野長康,前野长康,前野,662,Maeno Nagayasu,clan_maeno_1,kinai,基于分组自动创建家族,1,1528,1554,1595,战死,,,,全职种,84,15,普通,勇敢,普通,轻率,普通,59,艺术品,贪心,嗜酒如命,其他,刀剑,35,68,49,54,68,2,1,1,0,0,1,1,0,0,1,1,0,0,0,0,0,无,强袭,无,无要求,,,已登场,前野长康,浪人,其他,无,井之口之町,无,已登场,前野长康,浪人,其他,无,井之口之町,无,已登场,前野长康,浪人,其他,无,井之口之町,无,已登场,前野长康,浪人,其他,无,岐阜之町,无,已登场,前野长康,足轻大将,陪臣（羽柴秀吉）,织田家,长滨城,无,已登场,前野长康,足轻大将,陪臣（羽柴秀吉）,织田家,姬路城,无,已登场,前野长康,部将,直臣,羽柴家,石山本愿寺,无,已死亡,前野长康,无效,无效,无,无效,无,已登场,前野长康,浪人,其他,无,弘前之町,无,,,,"[{""stage"":"""",""tkid"":""662"",""ref"":""662_前野长康_朝右.png"",""emotion"":0}]"
lord_1_maeba_5,,前波吉繼,前波吉继,前波,663,Maeba Yoshitsugu,clan_maeba_1,hokuriku,精确匹配织丰,1,1541,1555,1574,战死,,,,全职种,20,20,普通,普通,普通,轻率,不重情义,64,艺术品,贪心,普通,藤原氏,刀剑,52,33,35,62,56,1,1,0,0,0,0,2,0,0,1,0,0,3,2,0,0,无,强袭,无,无要求,,,未登场,前波吉继,侍大将,直臣,朝仓家,一乘谷城,无,未登场,前波吉继,侍大将,直臣,朝仓家,一乘谷城,无,已登场,前波吉继,侍大将,直臣,朝仓家,一乘谷城,无,已登场,前波吉继,侍大将,直臣,朝仓家,一乘谷城,无,已死亡,前波吉继,无效,无效,无,无效,无,已死亡,前波吉继,无效,无效,无,无效,无,已死亡,前波吉继,无效,无效,无,无效,无,已死亡,前波吉继,无效,无效,无,无效,无,已登场,前波吉继,浪人,其他,无,弘前之町,无,,,,"[{""stage"":"""",""tkid"":""663"",""ref"":""663_前波吉继_朝右.png"",""emotion"":0}]"
lord_1_makabe_shikan,,真壁氏幹,真壁氏干,真壁,664,Makabe Shikan,clan_makabe_1,kanto,基于分组自动创建家族,1,1550,1564,1622,病死,,,,全职种,40,40,性急,勇敢,理想,轻率,普通,76,武具,贪心,普通,平氏,刀剑,51,87,22,35,64,1,0,0,0,2,4,0,0,0,0,0,0,0,0,0,0,无,强袭，连续斩，八神太刀，一之太刀，拔突，刚弓，神妙剑，当身，刚力，金刚力，铁壁，气声，辱骂，大喝，炯眼，罗刹,剑豪,无要求,,,未登场,真壁氏干,侍大将,直臣,佐竹家,太田城,新当流,未登场,真壁氏干,侍大将,直臣,佐竹家,太田城,新当流,未登场,真壁氏干,侍大将,直臣,佐竹家,太田城,新当流,已登场,真壁氏干,侍大将,直臣,佐竹家,太田城,新当流,已登场,真壁氏干,侍大将,直臣,佐竹家,太田城,霞流,已登场,真壁氏干,侍大将,直臣,佐竹家,太田城,霞流,已登场,真壁氏干,侍大将,直臣,佐竹家,水户城,霞流,已登场,真壁氏干,部将,直臣,佐竹家,水户城,霞流,已登场,真壁氏干,浪人,其他,无,温泉津之町,新当流,,,,"[{""stage"":"""",""tkid"":""664"",""ref"":""664_真壁氏干_朝右.png"",""emotion"":0}]"
lord_1_magara_naosumi,,真柄直澄,真柄直澄,真柄,665,Magara Naosumi,clan_magara_1,hokuriku,基于分组自动创建家族,1,1538,1554,1570,战死,真柄直隆父,,真柄直隆,只限武将,50,50,性急,勇敢,普通,轻率,普通,65,武具,普通,嗜酒如命,其他,刀剑,56,79,29,41,41,2,1,1,0,2,3,0,0,0,0,0,0,0,0,0,0,无,强袭，连续斩，拔突，刚弓，刚力，铁壁,无,无要求,,,未登场,真柄直澄,足轻大将,直臣,朝仓家,一乘谷城,无,已登场,真柄直澄,足轻组头,直臣,朝仓家,一乘谷城,无,已登场,真柄直澄,足轻组头,直臣,朝仓家,一乘谷城,无,已登场,真柄直澄,足轻大将,直臣,朝仓家,一乘谷城,无,已死亡,真柄直澄,无效,无效,无,无效,无,已死亡,真柄直澄,无效,无效,无,无效,无,已死亡,真柄直澄,无效,无效,无,无效,无,已死亡,真柄直澄,无效,无效,无,无效,无,已登场,真柄直澄,浪人,其他,无,鹿屋之町,无,,,,"[{""stage"":"""",""tkid"":""665"",""ref"":""665_真柄直澄_朝右.png"",""emotion"":0}]"
lord_1_magara_naotaka,,真柄直隆,真柄直隆,真柄,666,Magara Naotaka,clan_magara_1,hokuriku,基于分组自动创建家族,1,1536,1554,1570,战死,真柄直隆父,,真柄直澄,只限武将,50,50,性急,勇敢,普通,轻率,普通,66,武具,普通,嗜酒如命,其他,刀剑,60,78,15,38,42,2,1,1,0,2,3,0,0,0,0,0,0,0,0,0,0,无,强袭，连续斩，拔突，刚弓，刚力，铁壁,无,一般条件,,,未登场,真柄直隆,侍大将,直臣,朝仓家,一乘谷城,无,已登场,真柄直隆,足轻大将,直臣,朝仓家,一乘谷城,无,已登场,真柄直隆,足轻大将,直臣,朝仓家,一乘谷城,无,已登场,真柄直隆,侍大将,直臣,朝仓家,一乘谷城,无,已死亡,真柄直隆,无效,无效,无,无效,无,已死亡,真柄直隆,无效,无效,无,无效,无,已死亡,真柄直隆,无效,无效,无,无效,无,已死亡,真柄直隆,无效,无效,无,无效,无,已登场,真柄直隆,浪人,其他,无,佐仓之町,无,,,,"[{""stage"":"""",""tkid"":""666"",""ref"":""666_真柄直隆_朝右.png"",""emotion"":0}]"
lord_1_masaki_tokishige,,正木時茂,正木时茂,正木,667,Masaki Tokishige,clan_masaki_1,kanto,家族和文化自动推断,1,1515,1554,1573,病死,正木时纲,,正木时忠 正木赖忠,全职种,30,30,普通,勇敢,普通,轻率,普通,45,武具,普通,普通,平氏,枪,66,72,37,46,65,2,1,1,3,1,3,1,0,0,1,0,0,0,0,0,0,焙烙,强袭，连续斩，拔突，粘花，卷枪，引落，柄返，刚力，铁壁,枪术名人,无要求,,,已登场,正木时茂,家老,直臣,里见家,久留里城,无,已登场,正木时茂,家老,直臣,里见家,久留里城,无,已登场,正木时茂,家老,直臣,里见家,久留里城,无,已登场,正木时茂,家老,直臣,里见家,久留里城,无,已死亡,正木时茂,无效,无效,无,无效,无,已死亡,正木时茂,无效,无效,无,无效,无,已死亡,正木时茂,无效,无效,无,无效,无,已死亡,正木时茂,无效,无效,无,无效,无,已登场,正木时茂,浪人,其他,无,大坂之町,无,,,,"[{""stage"":"""",""tkid"":""667"",""ref"":""667_正木时茂_朝右.png"",""emotion"":0}]"
lord_1_masaki_2,,正木時忠,正木时忠,正木,668,Masaki Tokitada,clan_masaki_1,kanto,精确匹配织丰,1,1520,1554,1576,病死,正木时纲,,正木时茂 正木赖忠,全职种,30,30,温和,勇敢,普通,轻率,不重情义,66,南蛮物,无欲,普通,平氏,枪,58,46,55,57,44,2,1,1,3,1,2,1,0,0,0,0,1,0,0,0,0,焙烙,强袭，拔突，铁壁,无,无要求,,,已登场,正木时忠,部将,直臣,里见家,久留里城,无,已登场,正木时忠,部将,直臣,里见家,久留里城,无,已登场,正木时忠,部将,直臣,里见家,久留里城,无,已登场,正木时忠,部将,直臣,里见家,久留里城,无,已登场,正木时忠,部将,直臣,里见家,久留里城,无,已死亡,正木时忠,无效,无效,无,无效,无,已死亡,正木时忠,无效,无效,无,无效,无,已死亡,正木时忠,无效,无效,无,无效,无,已登场,正木时忠,浪人,其他,无,柳川之町,无,,,,"[{""stage"":"""",""tkid"":""668"",""ref"":""668_正木时忠_朝右.png"",""emotion"":0}]"
lord_1_masaki_yoritada,,正木賴忠,正木赖忠,正木,669,Masaki Yoritada,clan_masaki_1,kanto,家族和文化自动推断,1,1551,1565,1622,病死,正木时忠,正木时纲,正木时茂 正木时忠,全职种,30,30,普通,胆小,普通,慎重,普通,24,艺术品,无欲,普通,平氏,刀剑,40,47,54,53,58,1,0,0,2,0,1,0,0,0,0,0,1,0,0,0,0,无,强袭,无,无要求,,,未登场,正木赖忠,足轻组头,陪臣（正木时忠）,里见家,久留里城,无,未登场,正木赖忠,足轻组头,陪臣（正木时忠）,里见家,久留里城,无,已登场,正木赖忠,足轻组头,陪臣（正木时忠）,里见家,久留里城,无,已登场,正木赖忠,足轻组头,陪臣（正木时忠）,里见家,久留里城,无,已登场,正木赖忠,足轻大将,陪臣（正木时忠）,里见家,久留里城,无,已登场,正木赖忠,足轻大将,直臣,里见家,久留里城,无,已登场,正木赖忠,足轻大将,直臣,里见家,久留里城,无,已登场,正木赖忠,部将,直臣,里见家,稻村城,无,已登场,正木赖忠,浪人,其他,无,江户之町,无,,,,"[{""stage"":"""",""tkid"":""669"",""ref"":""669_正木赖忠_朝右.png"",""emotion"":0}]"
lord_1_masuda_nagamori,,增田長盛,增田长盛,增田,670,Masuda Nagamori,clan_masuda_1,kinai,基于分组自动创建家族,1,1545,1559,1615,战死,,,,全职种,4,4,温和,胆小,普通,轻率,重视情义,45,艺术品,普通,普通,源氏,枪,43,14,87,74,42,0,0,0,0,0,0,1,1,3,4,2,3,2,0,1,0,无,拔突，丢钱,能吏,一般条件,,,未登场,增田长盛,浪人,其他,无,目加田之町,无,未登场,增田长盛,浪人,其他,无,目加田之町,无,已登场,增田长盛,浪人,其他,无,目加田之町,无,已登场,增田长盛,浪人,其他,无,目加田之町,无,已登场,增田长盛,足轻组头,陪臣（羽柴秀吉）,织田家,长滨城,无,已登场,增田长盛,足轻大将,陪臣（羽柴秀吉）,织田家,姬路城,无,已登场,增田长盛,侍大将,直臣,羽柴家,石山本愿寺,无,已登场,增田长盛,城主,直臣,丰臣家,大和郡山城,无,已登场,增田长盛,浪人,其他,无,长滨之町,无,,,,"[{""stage"":"""",""tkid"":""670"",""ref"":""670_增田长盛_朝右.png"",""emotion"":0}]"
lord_1_masudaa_motonaga,,益田元祥,益田元祥,益田,671,Masudaa Motonaga,clan_masudaa_1,sanyo,基于分组自动创建家族,1,1558,1572,1640,病死,,,,只限武将,38,38,温和,普通,普通,普通,普通,31,书籍,普通,普通,藤原氏,刀剑,20,21,72,55,63,0,0,0,0,0,0,0,0,2,3,3,3,2,0,1,1,无,强袭，丢钱,无,无要求,,,未登场,益田元祥,足轻组头,直臣,毛利家,吉田郡山城,无,未登场,益田元祥,足轻组头,直臣,毛利家,吉田郡山城,无,未登场,益田元祥,足轻组头,直臣,毛利家,吉田郡山城,无,未登场,益田元祥,足轻组头,直臣,毛利家,吉田郡山城,无,已登场,益田元祥,足轻组头,直臣,毛利家,吉田郡山城,无,已登场,益田元祥,足轻组头,直臣,毛利家,吉田郡山城,无,已登场,益田元祥,足轻组头,直臣,毛利家,吉田郡山城,无,已登场,益田元祥,家老,直臣,毛利家,广岛城,无,已登场,益田元祥,浪人,其他,无,京之町,无,,,,"[{""stage"":"""",""tkid"":""671"",""ref"":""671_益田元祥_朝右.png"",""emotion"":0}]"
lord_1_matsui_yasuyuki,,松井康之,松井康之,松井,672,Matsui Yasuyuki,clan_matsui_1,kinai,基于分组自动创建家族,1,1550,1564,1612,病死,,,,全职种,95,95,普通,勇敢,现实,普通,普通,49,艺术品,普通,嗜酒如命,其他,刀剑,63,55,40,59,53,2,1,2,3,1,2,2,1,0,0,0,0,3,0,3,1,无,强袭，拔突，铁壁,无,无要求,,,未登场,松井康之,足轻组头,陪臣（细川藤孝）,足利家,朽木谷城,无,未登场,松井康之,浪人,其他,无,京之町,无,未登场,松井康之,浪人,其他,无,京之町,无,已登场,松井康之,足轻组头,陪臣（细川藤孝）,足利家,二条城,无,已登场,松井康之,足轻组头,陪臣（细川藤孝）,织田家,岐阜城,无,已登场,松井康之,足轻组头,陪臣（细川藤孝）,织田家,宫津城,无,已登场,松井康之,足轻组头,陪臣（细川忠兴）,羽柴家,宫津城,无,已登场,松井康之,部将,直臣,细川家,宫津城,无,已登场,松井康之,当家,首领,干货屋,大凑之町,无,,,,"[{""stage"":"""",""tkid"":""672"",""ref"":""672_松井康之_朝右.png"",""emotion"":0}]"
lord_1_matsui_tomoyasu,,松井友閑,松井友闲,松井,673,Matsui Tomoyasu,clan_matsui_1,kinai,基于分组自动创建家族,1,1513,1554,1586,病死,,,,全职种,1,1,温和,胆小,普通,慎重,重视情义,21,书籍,普通,普通,其他,枪,9,7,88,71,65,0,0,0,0,0,0,0,0,2,3,2,2,3,3,2,3,无,拔突，伤药,无,无要求,,,已登场,松井友闲,浪人,其他,无,清洲之町,无,已登场,松井友闲,足轻组头,直臣,织田家,清洲城,无,已登场,松井友闲,足轻组头,直臣,织田家,清洲城,无,已登场,松井友闲,足轻组头,直臣,织田家,岐阜城,无,已登场,松井友闲,足轻组头,直臣,织田家,岐阜城,无,已登场,松井友闲,浪人,其他,无,堺之町,无,已登场,松井友闲,浪人,其他,无,堺之町,无,已死亡,松井友闲,无效,无效,无,无效,无,已登场,松井友闲,当家,首领,花屋,浦户之町,无,,,,"[{""stage"":"""",""tkid"":""673"",""ref"":""673_松井友闲_朝右.png"",""emotion"":0}]"
lord_1_matsukura_shigenobu,,松倉重信,松仓重信,松仓,674,Matsukura Shigenobu,clan_matsukura_1,nankai,基于分组自动创建家族,1,1543,1557,1593,病死,,,松仓重政,只限武将,92,92,普通,勇敢,普通,普通,重视情义,60,武具,普通,普通,其他,刀剑,54,56,48,51,65,2,1,1,0,0,0,2,0,0,0,0,0,0,0,0,0,无,强袭,无,无要求,,,未登场,松仓重信,足轻大将,直臣,筒井家,大和郡山城,无,未登场,松仓重信,足轻大将,直臣,筒井家,大和郡山城,无,已登场,松仓重信,足轻大将,直臣,筒井家,大和郡山城,无,已登场,松仓重信,足轻大将,直臣,筒井家,大和郡山城,无,已登场,松仓重信,足轻大将,直臣,筒井家,大和郡山城,无,已登场,松仓重信,侍大将,陪臣（筒井顺庆）,织田家,大和郡山城,无,已登场,松仓重信,家老,直臣,筒井家,大和郡山城,无,已死亡,松仓重信,无效,无效,无,无效,无,已登场,松仓重信,当家,首领,肉屋,小田原之町,无,,,,"[{""stage"":"""",""tkid"":""674"",""ref"":""674_松仓重信_朝右.png"",""emotion"":0}]"
lord_1_matsukura_shigemasa,,松倉重政,松仓重政,松仓,675,Matsukura Shigemasa,clan_matsukura_1,nankai,基于分组自动创建家族,1,1571,1585,1630,病死,松仓重信,,松仓重信,只限武将,92,92,性急,胆小,现实,轻率,不重情义,74,艺术品,贪心,普通,藤原氏,刀剑,40,54,6,16,17,0,0,0,0,0,0,1,0,4,0,1,0,0,0,0,0,无,强袭,无,无要求,,,未登场,松仓重政,足轻组头,陪臣（松仓重信）,筒井家,大和郡山城,无,未登场,松仓重政,足轻组头,陪臣（松仓重信）,筒井家,大和郡山城,无,未登场,松仓重政,足轻组头,陪臣（松仓重信）,筒井家,大和郡山城,无,未登场,松仓重政,足轻组头,陪臣（松仓重信）,筒井家,大和郡山城,无,未登场,松仓重政,足轻组头,陪臣（松仓重信）,筒井家,大和郡山城,无,未登场,松仓重政,足轻组头,陪臣（筒井顺庆）,织田家,大和郡山城,无,未登场,松仓重政,足轻组头,直臣,筒井家,大和郡山城,无,已登场,松仓重政,部将,直臣,筒井家,伊贺上野城,无,已登场,松仓重政,伙计,直臣,肉屋,小田原之町,无,,,,"[{""stage"":"""",""tkid"":""675"",""ref"":""675_松仓重政_朝右.png"",""emotion"":0}]"
lord_1_matsushita_kahei,,松下加兵衛,松下加兵卫,松下,676,Matsushita Kahei,clan_matsushita_1,tosan,基于分组自动创建家族,1,1538,1554,1598,病死,,,,全职种,10,10,温和,胆小,普通,普通,普通,20,书籍,普通,滴酒不沾,源氏,刀剑,34,23,51,44,67,0,0,0,2,0,0,1,1,0,0,0,0,1,1,0,1,无,强袭,无,无要求,,,已登场,松下加兵卫,足轻大将,陪臣（饭尾连龙）,今川家,曳马城,无,已登场,松下加兵卫,部将,陪臣（饭尾连龙）,今川家,曳马城,无,已登场,松下加兵卫,部将,陪臣（饭尾连龙）,今川家,曳马城,无,已登场,松下加兵卫,足轻组头,直臣,今川家,曳马城,无,已登场,松下加兵卫,足轻组头,直臣,德川家,滨松城,无,已登场,松下加兵卫,足轻组头,陪臣（鹈殿氏长）,德川家,二俣城,无,已登场,松下加兵卫,足轻组头,陪臣（鹈殿氏长）,德川家,二俣城,无,已死亡,松下加兵卫,无效,无效,无,无效,无,已登场,松下加兵卫,当家,首领,鱼屋,严岛之町,无,,,,"[{""stage"":"""",""tkid"":""676"",""ref"":""676_松下加兵卫_朝右.png"",""emotion"":0}]"
lord_1_matsudaira_tadakichi,,松平忠吉,松平忠吉,松平,677,Matsudaira Tadakichi,clan_matsudaira_1,kanto,基于分组自动创建家族,1,1580,1594,1607,病死,德川家康,松平广忠,德川家康 德川信康 德川秀忠 结城秀康 松平广忠,只限武将,90,90,普通,勇敢,普通,轻率,重视情义,68,武具,普通,普通,源氏,刀剑,61,69,44,38,55,2,2,2,0,0,2,1,0,1,0,0,0,1,0,1,0,无,强袭，拔突，铁壁,无,无要求,,,未登场,松平忠吉,侍大将,陪臣（松平竹千代）,松平家,冈崎城,无,未登场,松平忠吉,足轻组头,陪臣（松平元康）,今川家,骏府城,无,未登场,松平忠吉,足轻组头,陪臣（松平元康）,今川家,冈崎城,无,未登场,松平忠吉,侍大将,直臣,德川家,冈崎城,无,未登场,松平忠吉,足轻组头,陪臣（德川家康）,德川家,滨松城,无,未登场,松平忠吉,足轻组头,陪臣（德川家康）,德川家,滨松城,无,未登场,松平忠吉,足轻组头,直臣,德川家,滨松城,无,已登场,松平忠吉,部将,直臣,德川家,江户城,无,已登场,松平忠吉,当家,首领,饭屋,京之町,无,,,,"[{""stage"":"""",""tkid"":""677"",""ref"":""677_松平忠吉_朝右.png"",""emotion"":0}]"
lord_1_matsuda,,松田憲秀,松田宪秀,松田,678,Matsuda Norihide,clan_matsuda_1,kanto,精确匹配织丰,1,1530,1554,1590,战死,,,笠原政尧,只限武将,82,82,普通,胆小,普通,轻率,不重情义,59,书籍,贪心,普通,藤原氏,刀剑,16,18,68,74,75,0,0,0,0,0,0,1,0,1,2,1,2,0,2,0,0,无,强袭,无,一般条件,,,已登场,松田宪秀,部将,直臣,北条家,小田原城,无,已登场,松田宪秀,家老,直臣,北条家,小田原城,无,已登场,松田宪秀,家老,直臣,北条家,小田原城,无,已登场,松田宪秀,家老,直臣,北条家,小田原城,无,已登场,松田宪秀,家老,直臣,北条家,小田原城,无,已登场,松田宪秀,家老,直臣,北条家,小田原城,无,已登场,松田宪秀,家老,直臣,北条家,小田原城,无,已死亡,松田宪秀,无效,无效,无,无效,无,已登场,松田宪秀,当家,首领,书屋,大坂之町,无,,,,"[{""stage"":"""",""tkid"":""678"",""ref"":""678_松田宪秀_朝右.png"",""emotion"":0}]"
lord_1_matsunaga,,松永久秀,松永久秀,松永,679,Matsunaga Hisahide,clan_matsunaga_1,kinai,精确匹配织丰,1,1510,1554,1577,战死,松永久秀父,,内藤如安 松永久通 松永长赖,全职种,80,93,性急,胆小,现实,普通,不重情义,100,艺术品,贪心,普通,其他,枪,84,55,87,95,59,3,2,3,0,1,1,2,3,1,0,2,3,4,4,3,0,威吓，刺杀，内讧之术,拔突，二连苦无，半月，急所击，丢钱,风雅之士，说客,一般条件,,,已登场,松永久秀,侍大将,陪臣（三好长庆）,细川家,芥川城,无,已登场,松永久秀,城主,直臣,三好家,多闻山城,无,已登场,松永久秀,国主,直臣,三好家,信贵山城,无,已登场,松永久秀,国主,直臣,织田家,信贵山城,无,已登场,松永久秀,国主,直臣,织田家,信贵山城,无,已死亡,松永久秀,无效,无效,无,无效,无,已死亡,松永久秀,无效,无效,无,无效,无,已死亡,松永久秀,无效,无效,无,无效,无,已登场,松永久秀,伙计,直臣,油屋,油津之町,无,,,,"[{""stage"":"""",""tkid"":""679"",""ref"":""679_松永久秀_朝右.png"",""emotion"":0}]"
lord_1_matsunaga_2,,松永久通,松永久通,松永,680,Matsunaga Hisamichi,clan_matsunaga_1,kinai,精确匹配织丰,1,1538,1554,1577,战死,松永久秀,松永久秀父,内藤如安 松永久秀 松永长赖,只限武将,93,93,温和,胆小,普通,轻率,不重情义,87,南蛮物,贪心,嗜酒如命,其他,刀剑,40,46,61,76,62,1,1,1,0,1,1,1,0,0,0,0,0,1,1,1,0,无,强袭,无,无要求,,,未登场,松永久通,侍大将,陪臣（松永久秀）,细川家,芥川城,无,已登场,松永久通,侍大将,陪臣（松永久秀）,三好家,多闻山城,无,已登场,松永久通,侍大将,陪臣（松永久秀）,三好家,信贵山城,无,已登场,松永久通,侍大将,陪臣（松永久秀）,织田家,信贵山城,无,已登场,松永久通,侍大将,陪臣（松永久秀）,织田家,信贵山城,无,已死亡,松永久通,无效,无效,无,无效,无,已死亡,松永久通,无效,无效,无,无效,无,已死亡,松永久通,无效,无效,无,无效,无,已登场,松永久通,当家,首领,油屋,油津之町,无,,,,"[{""stage"":"""",""tkid"":""680"",""ref"":""680_松永久通_朝右.png"",""emotion"":0}]"
lord_1_matsunami_yoshichika,,松波義親,松波义亲,松波,681,Matsunami Yoshichika,clan_matsunami_1,kinai,基于分组自动创建家族,1,1557,1571,1577,战死,畠山义纲,畠山义续,畠山义续 畠山义纲,只限武将,90,90,温和,勇敢,普通,普通,重视情义,60,武具,普通,普通,源氏,刀剑,55,51,48,41,57,1,1,0,1,0,0,1,0,0,0,0,0,1,0,0,0,无,强袭,无,无要求,,,未登场,松波义亲,部将,直臣,畠山家,七尾城,无,未登场,松波义亲,侍大将,直臣,畠山家,七尾城,无,未登场,松波义亲,侍大将,直臣,畠山家,七尾城,无,未登场,松波义亲,浪人,其他,无,轮岛之町,无,已登场,松波义亲,侍大将,直臣,长家,七尾城,无,已死亡,松波义亲,无效,无效,无,无效,无,已死亡,松波义亲,无效,无效,无,无效,无,已死亡,松波义亲,无效,无效,无,无效,无,已登场,松波义亲,当家,首领,酒屋,尾道之町,无,,,,"[{""stage"":"""",""tkid"":""681"",""ref"":""681_松波义亲_朝右.png"",""emotion"":0}]"
lord_1_sumiya_shichirojiro,,角屋七郎次郎,角屋七郎次郎,角屋,682,Sumiya Shichirojiro,clan_sumiya_1,neutral_culture,基于分组自动创建家族,1,1542,1556,1634,病死,,,,全职种,90,90,温和,普通,现实,普通,重视情义,34,艺术品,贪心,嗜酒如命,源氏,枪,30,21,57,66,51,1,0,1,3,0,0,0,1,3,0,0,3,1,3,2,3,无,拔突，伤药，丢钱，大宴宾客,风雅之士,一般条件,,,已登场,角屋七郎次郎,当家,首领,角屋,大凑之町,无,已登场,角屋七郎次郎,当家,首领,角屋,大凑之町,无,已登场,角屋七郎次郎,当家,首领,角屋,大凑之町,无,已登场,角屋七郎次郎,当家,首领,角屋,大凑之町,无,已登场,角屋七郎次郎,当家,首领,角屋,大凑之町,无,已登场,角屋七郎次郎,当家,首领,角屋,大凑之町,无,已登场,角屋七郎次郎,当家,首领,角屋,大凑之町,无,已登场,角屋七郎次郎,当家,首领,角屋,大凑之町,无,已登场,角屋七郎次郎,家老,直臣,七条家,杂贺城,无,,,,"[{""stage"":"""",""tkid"":""682"",""ref"":""682_角屋七郎次郎_朝右.png"",""emotion"":0}]"
lord_1_matsuura_2,,松浦鎮信,松浦镇信,松浦,683,Matsuura Shigenobu,clan_matsuura_1,saikai,精确匹配织丰,1,1549,1563,1614,病死,松浦隆信,,松浦隆信,全职种,15,15,普通,普通,普通,普通,普通,62,南蛮物,贪心,嗜酒如命,源氏,刀剑,59,43,62,70,52,1,0,2,4,1,1,1,0,1,0,2,2,2,1,3,0,焙烙,强袭,无,一般条件,,,未登场,松浦镇信,家老,直臣,松浦家,平户城,无,未登场,松浦镇信,部将,陪臣（松浦隆信）,松浦家,平户城,无,已登场,松浦镇信,家老,直臣,松浦家,平户城,无,已登场,松浦镇信,家老,直臣,松浦家,平户城,无,已登场,松浦镇信,家老,直臣,松浦家,平户城,无,已登场,松浦镇信,家老,直臣,松浦家,平户城,无,已登场,松浦镇信,家老,直臣,松浦家,平户城,无,已登场,松浦镇信,大名,首领,松浦家,平户城,无,已登场,松浦镇信,当家,首领,地板屋,博多之町,无,,,,"[{""stage"":"""",""tkid"":""683"",""ref"":""683_松浦镇信_朝右.png"",""emotion"":0}]"
lord_1_matsuura,,松浦隆信,松浦隆信,松浦,684,Matsuura Takanobu,clan_matsuura_1,saikai,精确匹配织丰,1,1529,1554,1599,病死,,,松浦镇信,只限武将,15,15,温和,勇敢,理想,轻率,普通,66,南蛮物,贪心,普通,源氏,刀剑,66,51,71,59,66,2,0,1,4,1,1,1,0,2,1,0,2,0,1,2,0,水上禁行,强袭,无,一般条件,,,已登场,松浦隆信,大名,首领,松浦家,平户城,无,已登场,松浦隆信,大名,首领,松浦家,平户城,无,已登场,松浦隆信,大名,首领,松浦家,平户城,无,已登场,松浦隆信,大名,首领,松浦家,平户城,无,已登场,松浦隆信,大名,首领,松浦家,平户城,无,已登场,松浦隆信,大名,首领,松浦家,平户城,无,已登场,松浦隆信,大名,首领,松浦家,平户城,无,已登场,松浦隆信,家老,直臣,松浦家,平户城,无,已登场,松浦隆信,伙计,直臣,地板屋,博多之町,无,,,,"[{""stage"":"""",""tkid"":""684"",""ref"":""684_松浦隆信_朝右.png"",""emotion"":0}]"
lord_1_manase_doosan,,曲直瀬道三,曲直濑道三,曲直濑,685,Manase Doosan,clan_manase_1,neutral_culture,基于分组自动创建家族,1,1507,1554,1595,病死,,,,没那个意思,10,10,温和,普通,普通,慎重,重视情义,17,书籍,无欲,滴酒不沾,其他,枪,18,15,65,76,88,0,0,0,0,0,0,0,0,0,0,2,2,3,2,3,4,无,拔突，伤药，止血,良医,一般条件,,,已登场,曲直濑道三,医师,其他,无,京之町,无,已登场,曲直濑道三,医师,其他,无,京之町,无,已登场,曲直濑道三,医师,其他,无,京之町,无,已登场,曲直濑道三,医师,其他,无,京之町,无,已登场,曲直濑道三,医师,其他,无,京之町,无,已登场,曲直濑道三,医师,其他,无,京之町,无,已登场,曲直濑道三,医师,其他,无,京之町,无,已死亡,曲直濑道三,无效,无效,无,无效,无,已登场,曲直濑道三,足轻大将,直臣,三刀屋家,骏府城,无,,,,"[{""stage"":"""",""tkid"":""685"",""ref"":""685_曲直濑道三_朝正.png"",""emotion"":0}]"
lord_1_marume_nagayoshi,,丸目長惠,丸目长惠,丸目,686,Marume Nagayoshi,clan_marume_1,saikai,基于分组自动创建家族,1,1540,1554,1629,病死,,,,全职种,60,60,普通,普通,普通,轻率,普通,40,武具,无欲,普通,藤原氏,刀剑,31,91,78,13,53,1,0,0,0,1,4,3,2,0,3,0,0,3,0,0,0,无,强袭，连续斩，月影，一刀两断，拔突，二连苦无，浮舟，当身，肋一寸，刚力，铁壁，天狗抄，心眼，辱骂，大喝,剑豪,一般条件,,主角柳生宗严，柳生新阴流剧情,未登场,丸目长惠,足轻组头,直臣,相良家,人吉城,新阴流,已登场,丸目长惠,侍大将,直臣,相良家,人吉城,新阴流,已登场,丸目长惠,侍大将,直臣,相良家,人吉城,新阴流,已登场,丸目长惠,侍大将,直臣,相良家,人吉城,体舍流,已登场,丸目长惠,侍大将,直臣,相良家,人吉城,体舍流,已登场,丸目长惠,侍大将,直臣,相良家,人吉城,体舍流,已登场,丸目长惠,侍大将,直臣,相良家,人吉城,体舍流,已登场,丸目长惠,部将,直臣,相良家,人吉城,体舍流,已登场,丸目长惠,浪人,其他,无,长滨之町,体舍流,,,,"[{""stage"":"""",""tkid"":""686"",""ref"":""686_丸目长惠_朝右.png"",""emotion"":0}]"
lord_1_mikumo_narumochi,,三雲成持,三云成持,三云,687,Mikumo Narumochi,clan_mikumo_1,kinai,基于分组自动创建家族,1,1540,1554,1603,病死,,,,只限武将,34,34,温和,普通,普通,轻率,重视情义,18,书籍,无欲,普通,藤原氏,刀剑,47,41,62,54,36,0,0,0,0,0,0,0,0,1,2,1,1,1,2,0,0,无,强袭,无,无要求,,,未登场,三云成持,足轻大将,直臣,六角家,观音寺城,无,已登场,三云成持,足轻大将,直臣,六角家,观音寺城,无,已登场,三云成持,足轻大将,直臣,六角家,观音寺城,无,已登场,三云成持,浪人,其他,无,目加田之町,无,已登场,三云成持,足轻大将,直臣,织田家,岐阜城,无,已登场,三云成持,足轻大将,陪臣（织田信雄）,织田家,安浓津城,无,已登场,三云成持,侍大将,直臣,织田家,长岛城,无,已登场,三云成持,部将,直臣,蒲生家,宇都宫城,无,已登场,三云成持,家老,直臣,三刀屋家,骏府城,无,,,,"[{""stage"":"""",""tkid"":""687"",""ref"":""687_三云成持_朝右.png"",""emotion"":0}]"
lord_1_onjuku_kanbei,,御宿勘兵衛,御宿勘兵卫,御宿,688,Onjuku Kanbei,clan_onjuku_1,neutral_culture,基于分组自动创建家族,1,1567,1581,1615,战死,,,,全职种,5,5,普通,勇敢,普通,轻率,重视情义,64,武具,无欲,嗜酒如命,藤原氏,刀剑,26,71,12,38,44,2,1,0,0,0,2,1,1,0,0,0,0,0,0,0,0,无,强袭，拔突，铁壁,无,无要求,,,未登场,御宿勘兵卫,浪人,其他,无,骏府之町,无,未登场,御宿勘兵卫,浪人,其他,无,骏府之町,无,未登场,御宿勘兵卫,浪人,其他,无,骏府之町,无,未登场,御宿勘兵卫,浪人,其他,无,骏府之町,无,未登场,御宿勘兵卫,浪人,其他,无,骏府之町,无,已登场,御宿勘兵卫,浪人,其他,无,骏府之町,无,已登场,御宿勘兵卫,浪人,其他,无,骏府之町,无,已登场,御宿勘兵卫,部将,直臣,结城家,结城城,无,已登场,御宿勘兵卫,浪人,其他,无,花卷之町,无,,,,"[{""stage"":"""",""tkid"":""688"",""ref"":""688_御宿勘兵卫_朝右.png"",""emotion"":0}]"
lord_1_mizutani_taneshige,,水穀胤重,水谷胤重,水谷,689,Mizutani Taneshige,clan_mizutani_1,ou,基于分组自动创建家族,1,1538,1554,1606,病死,,,,只限武将,38,38,温和,勇敢,普通,慎重,重视情义,30,武具,无欲,普通,平氏,刀剑,50,55,29,60,72,1,1,1,1,1,1,2,1,0,0,0,0,2,2,0,0,无,强袭,无,无要求,,,已登场,水谷胤重,足轻大将,直臣,相马家,小高城,无,已登场,水谷胤重,足轻大将,直臣,相马家,小高城,无,已登场,水谷胤重,足轻大将,直臣,相马家,小高城,无,已登场,水谷胤重,足轻大将,直臣,相马家,小高城,无,已登场,水谷胤重,足轻大将,直臣,相马家,小高城,无,已登场,水谷胤重,足轻大将,直臣,相马家,小高城,无,已登场,水谷胤重,足轻大将,直臣,相马家,小高城,无,已登场,水谷胤重,家老,直臣,相马家,小高城,无,已登场,水谷胤重,头领,首领,淡路水军,洲本之砦,无,,,,"[{""stage"":"""",""tkid"":""689"",""ref"":""689_水谷胤重_朝右.png"",""emotion"":0}]"
lord_1_mizuno_katsunari,,水野勝成,水野胜成,水野,690,Mizuno Katsunari,clan_mizuno_1,kanto,基于分组自动创建家族,1,1564,1578,1651,病死,水野忠重,松平清康,德川家康 水野忠重 水野信元,只限武将,90,20,普通,普通,理想,轻率,普通,64,武具,普通,普通,源氏,刀剑,44,51,48,61,54,1,1,0,0,2,0,0,0,0,0,0,0,0,1,0,0,无,强袭，刚弓,无,无要求,,,未登场,水野胜成,足轻组头,陪臣（水野忠重）,松平家,冈崎城,无,未登场,水野胜成,足轻组头,陪臣（水野忠重）,今川家,骏府城,无,未登场,水野胜成,足轻组头,陪臣（松平元康）,今川家,冈崎城,无,未登场,水野胜成,足轻组头,陪臣（水野忠重）,德川家,冈崎城,无,未登场,水野胜成,足轻组头,陪臣（水野忠重）,德川家,滨松城,无,已登场,水野胜成,足轻组头,直臣,德川家,滨松城,无,已登场,水野胜成,足轻组头,直臣,织田家,长岛城,无,已登场,水野胜成,侍大将,直臣,小西家,宇土城,无,已登场,水野胜成,船头,直臣,淡路水军,洲本之砦,无,,,,"[{""stage"":"""",""tkid"":""690"",""ref"":""690_水野胜成_朝右.png"",""emotion"":0}]"
lord_1_mizuno_tadashige,,水野忠重,水野忠重,水野,691,Mizuno Tadashige,clan_mizuno_1,kanto,基于分组自动创建家族,1,1541,1555,1600,战死,松平清康,,德川家康 水野胜成 水野信元,只限武将,90,90,温和,普通,现实,慎重,普通,55,武具,普通,普通,源氏,刀剑,61,56,52,58,43,2,1,1,1,1,2,1,0,0,0,0,0,0,0,1,1,无,强袭，拔突，铁壁,无,无要求,,,未登场,水野忠重,足轻组头,直臣,松平家,冈崎城,无,未登场,水野忠重,足轻组头,陪臣（松平元康）,今川家,骏府城,无,已登场,水野忠重,足轻组头,陪臣（松平元康）,今川家,冈崎城,无,已登场,水野忠重,足轻组头,直臣,德川家,冈崎城,无,已登场,水野忠重,足轻组头,直臣,德川家,滨松城,无,已登场,水野忠重,足轻大将,直臣,德川家,滨松城,无,已登场,水野忠重,足轻大将,直臣,织田家,长岛城,无,已登场,水野忠重,部将,直臣,德川家,江户城,无,已登场,水野忠重,船头,直臣,淡路水军,洲本之砦,无,,,,"[{""stage"":"""",""tkid"":""691"",""ref"":""691_水野忠重_朝右.png"",""emotion"":0}]"
lord_1_mizuno_nobumoto,,水野信元,水野信元,水野,692,Mizuno Nobumoto,clan_mizuno_1,kanto,基于分组自动创建家族,1,1524,1554,1575,战死,松平清康,,德川家康 水野胜成 水野忠重,只限武将,5,10,性急,勇敢,现实,普通,普通,64,武具,贪心,普通,源氏,刀剑,62,60,34,59,36,2,2,1,2,2,2,2,2,0,0,0,0,0,0,0,0,无,强袭，拔突，二连苦无，刚弓，铁壁,无,无要求,,,已登场,水野信元,侍大将,直臣,织田家,那古野城,无,已登场,水野信元,部将,直臣,织田家,清洲城,无,已登场,水野信元,部将,直臣,织田家,清洲城,无,已登场,水野信元,部将,直臣,织田家,岐阜城,无,已登场,水野信元,部将,直臣,织田家,岐阜城,无,已死亡,水野信元,无效,无效,无,无效,无,已死亡,水野信元,无效,无效,无,无效,无,已死亡,水野信元,无效,无效,无,无效,无,已登场,水野信元,船头,直臣,淡路水军,洲本之砦,无,,,,"[{""stage"":"""",""tkid"":""692"",""ref"":""692_水野信元_朝右.png"",""emotion"":0}]"
lord_1_mizuo_shoubei,,溝尾庄兵衛,沟尾庄兵卫,沟尾,693,Mizuo Shoubei,clan_mizuo_1,tokai,基于分组自动创建家族,1,1525,1554,1582,病死,,,,只限武将,40,40,温和,普通,普通,慎重,重视情义,14,书籍,普通,嗜酒如命,其他,枪,54,50,48,27,58,1,1,1,0,1,0,1,1,0,1,0,1,2,0,0,1,无,拔突,无,无要求,,,已登场,沟尾庄兵卫,足轻组头,陪臣（明智光秀）,斋藤家,稻叶山城,无,已登场,沟尾庄兵卫,足轻组头,陪臣（明智光秀）,斋藤家,稻叶山城,无,已登场,沟尾庄兵卫,足轻组头,陪臣（明智光秀）,朝仓家,一乘谷城,无,已登场,沟尾庄兵卫,足轻组头,陪臣（明智光秀）,织田家,岐阜城,无,已登场,沟尾庄兵卫,足轻组头,陪臣（明智光秀）,织田家,坂本城,无,已登场,沟尾庄兵卫,部将,陪臣（明智光秀）,织田家,丹波龟山城,无,已死亡,沟尾庄兵卫,无效,无效,无,无效,无,已死亡,沟尾庄兵卫,无效,无效,无,无效,无,已登场,沟尾庄兵卫,浪人,其他,无,直江津之町,无,,,,"[{""stage"":"""",""tkid"":""693"",""ref"":""693_沟尾庄兵卫_朝右.png"",""emotion"":0}]"
lord_1_mizoguchi_hideshige,,溝口秀勝,沟口秀胜,沟口,694,Mizoguchi Hideshige,clan_mizoguchi_1,hokuriku,基于分组自动创建家族,1,1548,1562,1610,病死,,,,全职种,0,0,普通,普通,普通,慎重,普通,46,艺术品,普通,普通,其他,刀剑,45,41,51,38,65,0,0,0,1,1,0,1,0,1,0,0,1,0,0,0,0,无,强袭,无,无要求,,,未登场,沟口秀胜,浪人,其他,无,清洲之町,无,未登场,沟口秀胜,足轻组头,直臣,织田家,清洲城,无,未登场,沟口秀胜,足轻组头,直臣,织田家,清洲城,无,已登场,沟口秀胜,足轻组头,直臣,织田家,岐阜城,无,已登场,沟口秀胜,足轻组头,直臣,织田家,岐阜城,无,已登场,沟口秀胜,足轻组头,直臣,织田家,安土城,无,已登场,沟口秀胜,城主,直臣,丹羽家,大圣寺城,无,已登场,沟口秀胜,大名,首领,沟口家,新发田城,无,已登场,沟口秀胜,浪人,其他,无,津山之町,无,,,,"[{""stage"":"""",""tkid"":""694"",""ref"":""694_沟口秀胜_朝右.png"",""emotion"":0}]"
lord_1_mitoya_hisayasu,,三刀屋久祐,三刀屋久祐,三刀屋,695,Mitoya Hisayasu,clan_mitoya_1,sanyo,基于分组自动创建家族,1,1516,1554,1591,病死,,,,全职种,12,36,普通,胆小,普通,轻率,不重情义,63,艺术品,贪心,普通,源氏,枪,46,30,27,21,41,1,2,0,0,0,0,0,0,0,0,0,0,0,1,0,0,无,拔突,无,无要求,,,已登场,三刀屋久,城主,直臣,尼子家,三刀屋城,无,已登场,三刀屋久,城主,直臣,尼子家,三刀屋城,无,已登场,三刀屋久,城主,直臣,尼子家,三刀屋城,无,已登场,三刀屋久,城主,直臣,毛利家,三刀屋城,无,已登场,三刀屋久,城主,直臣,毛利家,三刀屋城,无,已登场,三刀屋久,城主,直臣,毛利家,三刀屋城,无,已登场,三刀屋久,城主,直臣,毛利家,三刀屋城,无,已死亡,三刀屋久,无效,无效,无,无效,无,已登场,三刀屋久,大名,首领,三刀屋家,骏府城,无,,,,"[{""stage"":"""",""tkid"":""695"",""ref"":""695_三刀屋久祐_朝右.png"",""emotion"":0}]"
lord_1_mimura_ienaga,,三村家親,三村家亲,三村,696,Mimura Ienaga,clan_mimura_1,sanyo,基于分组自动创建家族,1,1515,1554,1566,战死,,,三村元亲,只限武将,50,50,普通,勇敢,普通,轻率,普通,70,武具,贪心,普通,源氏,刀剑,67,57,46,63,52,2,1,1,0,0,0,1,0,0,0,0,1,0,1,0,0,无,强袭,无,无要求,,,已登场,三村家亲,大名,首领,三村家,备中松山城,无,已登场,三村家亲,大名,首领,三村家,备中松山城,无,已登场,三村家亲,大名,首领,三村家,备中松山城,无,已死亡,三村家亲,无效,无效,无,无效,无,已死亡,三村家亲,无效,无效,无,无效,无,已死亡,三村家亲,无效,无效,无,无效,无,已死亡,三村家亲,无效,无效,无,无效,无,已死亡,三村家亲,无效,无效,无,无效,无,已登场,三村家亲,家老,直臣,三刀屋家,骏府城,无,,,,"[{""stage"":"""",""tkid"":""696"",""ref"":""696_三村家亲_朝右.png"",""emotion"":0}]"
lord_1_mimura_motochika,,三村元親,三村元亲,三村,697,Mimura Motochika,clan_mimura_1,sanyo,基于分组自动创建家族,1,1540,1554,1575,战死,三村家亲,,三村家亲,只限武将,50,50,普通,普通,普通,轻率,普通,61,艺术品,普通,普通,源氏,刀剑,48,54,43,35,34,1,1,1,0,0,0,1,0,1,0,0,0,0,0,0,0,无,强袭,无,无要求,,,未登场,三村元亲,家老,直臣,三村家,备中松山城,无,已登场,三村元亲,家老,直臣,三村家,备中松山城,无,已登场,三村元亲,家老,直臣,三村家,备中松山城,无,已登场,三村元亲,大名,首领,三村家,备中松山城,无,已死亡,三村元亲,无效,无效,无,无效,无,已死亡,三村元亲,无效,无效,无,无效,无,已死亡,三村元亲,无效,无效,无,无效,无,已死亡,三村元亲,无效,无效,无,无效,无,已登场,三村元亲,家老,直臣,三刀屋家,骏府城,无,,,,"[{""stage"":"""",""tkid"":""697"",""ref"":""697_三村元亲_朝右.png"",""emotion"":0}]"
lord_1_miyabe_keijun,,宮部繼潤,宫部继润,宫部,698,Miyabe Keijun,clan_miyabe_1,kinai,基于分组自动创建家族,1,1528,1554,1599,病死,,,宫部长房,全职种,10,10,普通,勇敢,普通,普通,不重情义,74,南蛮物,贪心,普通,其他,枪,65,54,62,70,64,2,1,3,0,1,1,1,0,2,2,1,2,2,2,1,1,无,拔突，急所击,无,一般条件,,,已登场,宫部继润,足轻组头,直臣,浅井家,小谷城,无,已登场,宫部继润,足轻大将,直臣,浅井家,小谷城,无,已登场,宫部继润,足轻大将,直臣,浅井家,小谷城,无,已登场,宫部继润,足轻大将,直臣,浅井家,小谷城,无,已登场,宫部继润,足轻大将,陪臣（羽柴秀吉）,织田家,长滨城,无,已登场,宫部继润,足轻大将,陪臣（羽柴秀吉）,织田家,姬路城,无,已登场,宫部继润,城主,直臣,羽柴家,鸟取城,无,已登场,宫部继润,大名,首领,宫部家,鸟取城,无,已登场,宫部继润,浪人,其他,无,甲府之町,无,,,,"[{""stage"":"""",""tkid"":""698"",""ref"":""698_宫部继润_朝右.png"",""emotion"":0}]"
lord_1_miyamoto_denta,,宮本伝太夫,宫本传太夫,宫本传,699,Miyamoto Denta no jo,clan_miyamoto_1,neutral_culture,基于分组自动创建家族,1,1549,1560,1616,病死,,,,武将以外优先,0,0,普通,勇敢,普通,慎重,重视情义,55,艺术品,普通,嗜酒如命,其他,刀剑,61,67,34,61,45,1,1,2,4,2,1,0,2,2,0,0,0,0,2,0,0,水上拖延，蝴蝶之阵,强袭，二连苦无，刚弓,无,一般条件,,,未登场,宫本传太夫,船头,直臣,盐饱水军,盐饱之砦,无,已登场,宫本传太夫,头领,首领,盐饱水军,盐饱之砦,无,已登场,宫本传太夫,头领,首领,盐饱水军,盐饱之砦,无,已登场,宫本传太夫,头领,首领,盐饱水军,盐饱之砦,无,已登场,宫本传太夫,头领,首领,盐饱水军,盐饱之砦,无,已登场,宫本传太夫,头领,首领,盐饱水军,盐饱之砦,无,已登场,宫本传太夫,头领,首领,盐饱水军,盐饱之砦,无,已登场,宫本传太夫,头领,首领,盐饱水军,盐饱之砦,无,已登场,宫本传太夫,浪人,其他,无,木更津之町,无,,,,"[{""stage"":"""",""tkid"":""699"",""ref"":""699_宫本传太夫_朝右.png"",""emotion"":0}]"
lord_1_miyamotoo_musashi,,宮本武藏,宫本武藏,宫本,700|1182,Miyamotoo Musashi,clan_miyamotoo_1,neutral_culture,基于分组自动创建家族,1,1584,1598,1645,病死,,,,没那个意思,10,10,普通,普通,理想,轻率,重视情义,84,武具,无欲,普通,藤原氏,刀剑,29,95,70,23,68,0,0,0,0,0,4,3,0,0,3,0,0,1,0,0,0,无,强袭，连续斩，二刀流，虎振，拔突，当身，刚力，铁壁，辱骂,剑豪,一般条件,,,未登场,宫本武藏,浪人,其他,无,津山之町,无,未登场,宫本武藏,浪人,其他,无,津山之町,无,未登场,宫本武藏,浪人,其他,无,津山之町,无,未登场,宫本武藏,浪人,其他,无,津山之町,无,未登场,宫本武藏,浪人,其他,无,津山之町,无,未登场,宫本武藏,浪人,其他,无,津山之町,无,未登场,宫本武藏,浪人,其他,无,津山之町,无,已登场,宫本武藏,浪人,其他,无,津山之町,无,已登场,宫本武藏,浪人,其他,无,会津之町,二天一流,,,"[{""stage"":""行"",""tkid"":""700"",""ref"":"""",""emotion"":1},{""stage"":""名"",""tkid"":""1182"",""ref"":"""",""emotion"":1}]","[{""stage"":""行"",""tkid"":""700"",""ref"":""700_宫本武藏_朝右.png"",""emotion"":1},{""stage"":""名"",""tkid"":""1182"",""ref"":""1182_宫本武藏_朝右.png"",""emotion"":1}]"
lord_1_miyoshi_shougan,,三好笑巖,三好笑岩,三好,701,Miyoshi Shougan,clan_miyoshi_1,nankai,家族和文化自动推断,1,1517,1554,1583,病死,三好长秀,三好之长,安宅冬康 十河一存 三好长逸 三好长庆 三好实休,只限武将,50,50,温和,普通,普通,轻率,普通,51,武具,普通,普通,源氏,刀剑,52,34,46,26,64,2,1,1,0,0,1,2,0,0,1,0,0,0,0,0,0,无,强袭,无,一般条件,,,已登场,三好康长,部将,陪臣（三好长庆）,细川家,芥川城,无,已登场,三好康长,部将,直臣,三好家,饭盛城,无,已登场,三好康长,部将,直臣,三好家,饭盛城,无,已登场,三好康长,家老,直臣,三好家,胜瑞城,无,已登场,三好笑岩,部将,直臣,三好家,胜瑞城,无,已登场,三好笑岩,城主,直臣,织田家,高屋城,无,已死亡,三好笑岩,无效,无效,无,无效,无,已死亡,三好笑岩,无效,无效,无,无效,无,已登场,三好康长,部将,直臣,三刀屋家,骏府城,无,,,,"[{""stage"":"""",""tkid"":""701"",""ref"":""701_三好笑岩_朝右.png"",""emotion"":0}]"
lord_1_miyoshi_nagaharu,,三好長治,三好长治,三好,702,Miyoshi Nagaharu,clan_miyoshi_1,nankai,家族和文化自动推断,1,1553,1560,1577,战死,三好实休,三好元长,安宅冬康 十河一存 十河存保 三好长庆 三好义兴 三好实休 三好义继,全职种,50,50,性急,胆小,普通,轻率,不重情义,69,艺术品,贪心,普通,源氏,刀剑,27,32,38,20,28,0,0,0,0,0,1,0,0,0,0,0,0,1,0,0,0,无,强袭,无,无要求,,,未登场,三好长治,足轻大将,陪臣（三好义贤）,细川家,胜瑞城,无,未登场,三好长治,足轻组头,陪臣（三好义贤）,三好家,胜瑞城,无,未登场,三好长治,足轻组头,陪臣（三好实休）,三好家,胜瑞城,无,已登场,三好长治,部将,直臣,三好家,胜瑞城,无,已登场,三好长治,大名,首领,三好家,胜瑞城,无,已死亡,三好长治,无效,无效,无,无效,无,已死亡,三好长治,无效,无效,无,无效,无,已死亡,三好长治,无效,无效,无,无效,无,已登场,三好长治,部将,直臣,三刀屋家,骏府城,无,,,,"[{""stage"":"""",""tkid"":""702"",""ref"":""702_三好长治_朝右.png"",""emotion"":0}]"
lord_1_miyoshi_nagaatsu,,三好長逸,三好长逸,三好,703,Miyoshi Nagaatsu,clan_miyoshi_1,nankai,家族和文化自动推断,1,1515,1554,1573,病死,,三好之长,三好笑岩,只限武将,50,50,性急,勇敢,普通,轻率,不重情义,58,艺术品,贪心,嗜酒如命,源氏,刀剑,52,56,59,64,49,2,1,1,0,0,0,1,0,0,1,1,0,0,2,0,1,无,强袭,无,无要求,,,已登场,三好长逸,侍大将,陪臣（三好长庆）,细川家,芥川城,无,已登场,三好长逸,家老,直臣,三好家,饭盛城,无,已登场,三好长逸,家老,直臣,三好家,饭盛城,无,已登场,三好长逸,大名,首领,三好家,胜瑞城,无,已死亡,三好长逸,无效,无效,无,无效,无,已死亡,三好长逸,无效,无效,无,无效,无,已死亡,三好长逸,无效,无效,无,无效,无,已死亡,三好长逸,无效,无效,无,无效,无,已登场,三好长逸,部将,直臣,三刀屋家,骏府城,无,,,,"[{""stage"":"""",""tkid"":""703"",""ref"":""703_三好长逸_朝右.png"",""emotion"":0}]"
dead_lord_1_miyoshi_1,,三好長慶,三好长庆,三好,704,Miyoshi Nagayoshi,clan_miyoshi_1,nankai,精确匹配织丰,1,1523,1554,1564,病死,三好元长,三好长秀,安宅冬康 十河一存 十河存保 三好笑岩 三好长治 三好义兴 三好实休 三好义继,只限武将,54,54,普通,普通,普通,慎重,不重情义,85,武具,贪心,普通,源氏,刀剑,81,45,84,90,77,3,3,2,1,2,2,3,1,1,2,2,2,3,2,2,2,无,强袭，拔突，刚弓，铁壁,无,一般条件,三好三人众 三好长逸/三好宗渭/岩成友通,,已登场,三好长庆,国主,直臣,细川家,芥川城,无,已登场,三好长庆,大名,首领,三好家,饭盛城,无,已登场,三好长庆,大名,首领,三好家,饭盛城,无,已死亡,三好长庆,无效,无效,无,无效,无,已死亡,三好长庆,无效,无效,无,无效,无,已死亡,三好长庆,无效,无效,无,无效,无,已死亡,三好长庆,无效,无效,无,无效,无,已死亡,三好长庆,无效,无效,无,无效,无,已登场,三好长庆,部将,直臣,三刀屋家,骏府城,无,,,,"[{""stage"":"""",""tkid"":""704"",""ref"":""704_三好长庆_朝右.png"",""emotion"":0}]"
lord_1_miyoshi_korezane,,三好為三,三好为三,三好,705,Miyoshi Korezane,clan_miyoshi_1,nankai,家族和文化自动推断,1,1536,1554,1631,病死,三好政长,,三好清海,只限武将,49,49,性急,勇敢,理想,普通,重视情义,40,武具,无欲,嗜酒如命,源氏,刀剑,59,79,47,16,72,2,1,1,0,0,2,0,2,0,1,0,0,0,0,0,0,无,强袭，拔突，二连苦无，铁壁,无,一般条件,,,已登场,三好为三,侍大将,陪臣（细川晴元）,足利家,朽木谷城,无,已登场,三好为三,侍大将,陪臣（三好宗渭）,三好家,岸和田城,无,已登场,三好为三,侍大将,陪臣（三好宗渭）,三好家,岸和田城,无,已登场,三好为三,部将,陪臣（三好宗渭）,三好家,胜瑞城,无,已登场,三好为三,浪人,其他,无,小诸之町,无,已登场,三好为三,浪人,其他,无,小诸之町,无,已登场,三好为三,浪人,其他,无,小诸之町,无,已登场,三好伊三,浪人,其他,无,小诸之町,无,已登场,三好为三,城主,直臣,三刀屋家,滨松城,无,,,,"[{""stage"":"""",""tkid"":""705"",""ref"":""705_三好为三_朝右.png"",""emotion"":0}]"
lord_1_miyoshi_shuui,,三好宗渭,三好宗渭,三好,706,Miyoshi Shuui,clan_miyoshi_1,nankai,家族和文化自动推断,1,1528,1554,1615,战死,三好政长,,三好伊三,只限武将,49,49,性急,勇敢,理想,普通,普通,40,书籍,普通,嗜酒如命,源氏,刀剑,65,82,48,48,67,2,2,1,0,0,3,2,2,1,0,1,0,0,0,0,0,无,强袭，连续斩，拔突，二连苦无，刚力，铁壁,无,一般条件,,,已登场,三好宗渭,部将,直臣,细川家,二条城,无,已登场,三好宗渭,城主,直臣,三好家,岸和田城,无,已登场,三好宗渭,城主,直臣,三好家,岸和田城,无,已登场,三好宗渭,家老,直臣,三好家,胜瑞城,无,已登场,三好宗渭,浪人,其他,无,小诸之町,无,已登场,三好宗渭,浪人,其他,无,小诸之町,无,已登场,三好宗渭,浪人,其他,无,小诸之町,无,已登场,三好清海,浪人,其他,无,诹访之町,无,已登场,三好宗渭,部将,陪臣（三好为三）,三刀屋家,滨松城,无,,,,"[{""stage"":"""",""tkid"":""706"",""ref"":""706_三好宗渭_朝右.png"",""emotion"":0}]"
lord_1_miyoshi_yoshiyuki,,三好義興,三好义兴,三好,707,Miyoshi Yoshiyuki,clan_miyoshi_1,nankai,家族和文化自动推断,1,1542,1560,1563,病死,三好长庆,三好元长,安宅冬康 十河一存 十河存保 三好长治 三好长庆 三好实休 三好义继,只限武将,50,50,温和,胆小,普通,轻率,普通,37,武具,普通,滴酒不沾,源氏,刀剑,62,35,57,62,59,1,2,1,0,0,0,1,0,0,0,0,0,1,0,1,0,无,强袭,无,一般条件,,,未登场,三好义兴,部将,陪臣（三好长庆）,细川家,芥川城,无,未登场,三好义兴,部将,直臣,三好家,饭盛城,无,已登场,三好义兴,部将,直臣,三好家,饭盛城,无,已死亡,三好义兴,无效,无效,无,无效,无,已死亡,三好义兴,无效,无效,无,无效,无,已死亡,三好义兴,无效,无效,无,无效,无,已死亡,三好义兴,无效,无效,无,无效,无,已死亡,三好义兴,无效,无效,无,无效,无,已登场,三好义兴,部将,直臣,三刀屋家,骏府城,无,,,,"[{""stage"":"""",""tkid"":""707"",""ref"":""707_三好义兴_朝右.png"",""emotion"":0}]"
lord_1_miyoshi_jikkyu,,三好實休,三好实休,三好,708,Miyoshi Jikkyu,clan_miyoshi_1,nankai,家族和文化自动推断,1,1527,1554,1562,战死,三好元长,三好长秀,安宅冬康 十河一存 十河存保 三好笑岩 三好长治 三好长庆 三好义兴 三好义继,只限武将,50,50,普通,勇敢,普通,慎重,普通,64,艺术品,普通,普通,源氏,刀剑,78,63,74,66,75,2,3,0,1,2,2,2,0,1,1,1,0,3,2,3,1,无,强袭，拔突，刚弓，铁壁,无,一般条件,,,已登场,三好义贤,国主,直臣,细川家,胜瑞城,无,已登场,三好义贤,城主,直臣,三好家,胜瑞城,无,已登场,三好实休,城主,直臣,三好家,胜瑞城,无,已死亡,三好实休,无效,无效,无,无效,无,已死亡,三好实休,无效,无效,无,无效,无,已死亡,三好实休,无效,无效,无,无效,无,已死亡,三好实休,无效,无效,无,无效,无,已死亡,三好实休,无效,无效,无,无效,无,已登场,三好实休,部将,直臣,三刀屋家,骏府城,无,,,,"[{""stage"":"""",""tkid"":""708"",""ref"":""708_三好实休_朝右.png"",""emotion"":0}]"
lord_1_miyoshi,,三好義繼,三好义继,三好,709,Miyoshi Yoshitsugu,clan_miyoshi_1,nankai,精确匹配织丰,1,1551,1564,1573,战死,十河一存,三好元长,安宅冬康 十河一存 十河存保 三好长治 三好长庆 三好义兴 三好实休,只限武将,50,50,普通,胆小,普通,轻率,不重情义,59,南蛮物,贪心,普通,源氏,刀剑,36,29,41,35,41,1,0,0,0,0,0,0,1,0,0,0,0,1,1,0,0,无,强袭,无,无要求,,,未登场,三好义继,部将,陪臣（三好长庆）,细川家,芥川城,无,未登场,三好义继,部将,直臣,三好家,饭盛城,无,未登场,三好义继,部将,直臣,三好家,饭盛城,无,已登场,三好义继,大名,首领,三好家,饭盛城,无,已死亡,三好义继,无效,无效,无,无效,无,已死亡,三好义继,无效,无效,无,无效,无,已死亡,三好义继,无效,无效,无,无效,无,已死亡,三好义继,无效,无效,无,无效,无,已登场,三好义继,部将,直臣,三刀屋家,骏府城,无,,,,"[{""stage"":"""",""tkid"":""709"",""ref"":""709_三好义继_朝右.png"",""emotion"":0}]"
spc_suruga_shu_leader_2,,向井正綱,向井正纲,向井,710,mukaisei,,tokai,精确匹配织丰,1,1557,1571,1625,病死,,,,全职种,62,62,普通,勇敢,理想,轻率,重视情义,68,艺术品,普通,普通,源氏,刀剑,63,77,19,59,65,2,0,1,4,2,2,0,1,0,0,0,0,0,0,0,0,蝴蝶之阵,强袭，拔突，刚弓，铁壁,无,一般条件,,,未登场,向井正纲,水夫头,直臣,骏河水军,清水之砦,无,未登场,向井正纲,水夫头,直臣,骏河水军,清水之砦,无,未登场,向井正纲,水夫头,直臣,骏河水军,清水之砦,无,未登场,向井正纲,水夫头,直臣,骏河水军,清水之砦,无,已登场,向井正纲,水夫头,直臣,骏河水军,清水之砦,无,已登场,向井正纲,水夫头,直臣,骏河水军,清水之砦,无,已登场,向井正纲,水夫头,直臣,骏河水军,清水之砦,无,已登场,向井正纲,头领,首领,江户水军,三崎之砦,无,已登场,向井正纲,浪人,其他,无,土崎凑之町,无,,,,"[{""stage"":"""",""tkid"":""710"",""ref"":""710_向井正纲_朝右.png"",""emotion"":0}]"
lord_1_murai_sadakatsu,,村井貞勝,村井贞胜,村井,711,Murai Sadakatsu,clan_murai_1,kinai,基于分组自动创建家族,1,1523,1554,1582,战死,,,,只限武将,1,1,温和,普通,现实,轻率,普通,24,书籍,无欲,普通,其他,刀剑,13,7,88,80,75,0,0,0,0,0,0,0,0,0,2,2,3,4,3,2,0,无,强袭，丢钱,无,一般条件,,,已登场,村井贞胜,足轻大将,直臣,织田家,那古野城,无,已登场,村井贞胜,侍大将,直臣,织田家,清洲城,无,已登场,村井贞胜,侍大将,直臣,织田家,清洲城,无,已登场,村井贞胜,侍大将,直臣,织田家,岐阜城,无,已登场,村井贞胜,侍大将,直臣,织田家,岐阜城,无,已登场,村井贞胜,城主,直臣,织田家,二条城,无,已死亡,村井贞胜,无效,无效,无,无效,无,已死亡,村井贞胜,无效,无效,无,无效,无,已登场,村井贞胜,浪人,其他,无,宇须岸之町,无,,,,"[{""stage"":"""",""tkid"":""711"",""ref"":""711_村井贞胜_朝右.png"",""emotion"":0}]"
lord_1_murai_nagayori,,村井長賴,村井长赖,村井,712,Murai Nagayori,clan_murai_1,kinai,基于分组自动创建家族,1,1543,1557,1605,病死,,,,只限武将,98,99,普通,普通,普通,普通,重视情义,45,武具,普通,普通,其他,刀剑,51,65,55,54,63,1,0,0,0,1,2,1,0,0,1,1,1,1,1,0,0,无,强袭，拔突，铁壁,无,无要求,,,未登场,村井长赖,足轻组头,陪臣（前田利家）,织田家,那古野城,无,未登场,村井长赖,足轻组头,陪臣（前田利家）,织田家,清洲城,无,已登场,村井长赖,足轻组头,陪臣（前田利家）,织田家,清洲城,无,已登场,村井长赖,足轻组头,陪臣（前田利家）,织田家,岐阜城,无,已登场,村井长赖,足轻组头,陪臣（前田利家）,织田家,岐阜城,无,已登场,村井长赖,足轻大将,陪臣（前田利家）,织田家,七尾城,无,已登场,村井长赖,足轻大将,直臣,前田家,尾山城,无,已登场,村井长赖,部将,直臣,前田家,金泽城,无,已登场,村井长赖,浪人,其他,无,博多之町,无,,,,"[{""stage"":"""",""tkid"":""712"",""ref"":""712_村井长赖_朝右.png"",""emotion"":0}]"
lord_2_murakami_8,,村上國清,村上国清,村上,713,Murakami Kunikiyo,clan_murakami_2,hokuriku,精确匹配织丰,1,1546,1560,1598,病死,村上义清,,村上义清,全职种,26,26,普通,胆小,普通,轻率,不重情义,44,南蛮物,普通,普通,源氏,刀剑,55,45,31,50,42,1,2,1,0,0,0,2,0,0,1,0,0,0,2,1,1,无,强袭,无,无要求,,,未登场,村上国清,家老,直臣,村上家,海津城,无,未登场,村上国清,足轻组头,直臣,长尾家,春日山城,无,已登场,村上国清,足轻组头,直臣,长尾家,春日山城,无,已登场,村上国清,足轻组头,直臣,上杉家,春日山城,无,已登场,村上国清,足轻组头,直臣,上杉家,春日山城,无,已登场,村上国清,足轻大将,直臣,上杉家,春日山城,无,已登场,村上国清,足轻大将,直臣,上杉家,春日山城,无,已登场,村上国清,侍大将,直臣,上杉家,会津若松城,无,已登场,村上国清,侍大将,直臣,上泉家,内城,无,,,,"[{""stage"":"""",""tkid"":""713"",""ref"":""713_村上国清_朝右.png"",""emotion"":0}]"
lord_1_murakami,,村上武吉,村上武吉,村上,714|1183,Murakami Takeyoshi,clan_murakami_1,sanyo,精确匹配织丰,1,1533,1554,1604,病死,,,村上元吉,全职种,25,25,普通,勇敢,普通,普通,普通,66,艺术品,贪心,嗜酒如命,源氏,刀剑,67,75,19,53,66,2,0,2,4,2,3,3,2,2,0,0,2,0,2,0,0,水上拖延，蝴蝶之阵,强袭，连续斩，拔突，二连苦无，刚弓，刚力，铁壁,无,一般条件,,,已登场,村上武吉,头领,首领,村上水军,三岛之砦,无,已登场,村上武吉,头领,首领,村上水军,三岛之砦,无,已登场,村上武吉,头领,首领,村上水军,三岛之砦,无,已登场,村上武吉,头领,首领,村上水军,三岛之砦,无,已登场,村上武吉,头领,首领,村上水军,三岛之砦,无,已登场,村上武吉,头领,首领,村上水军,三岛之砦,无,已登场,村上武吉,头领,首领,村上水军,三岛之砦,无,已登场,村上武吉,船头,直臣,村上水军,三岛之砦,无,已登场,村上武吉,侍大将,直臣,上泉家,内城,无,,,"[{""stage"":""水"",""tkid"":""714"",""ref"":"""",""emotion"":1},{""stage"":""海"",""tkid"":""1183"",""ref"":"""",""emotion"":1}]","[{""stage"":""水"",""tkid"":""714"",""ref"":""714_村上武吉_朝右.png"",""emotion"":1},{""stage"":""海"",""tkid"":""1183"",""ref"":""1183_村上武吉_朝右.png"",""emotion"":1}]"
lord_1_murakami_2,,村上元吉,村上元吉,村上,715,Murakami Motoyoshi,clan_murakami_1,sanyo,精确匹配织丰,1,1553,1567,1600,战死,村上武吉,,村上武吉,全职种,25,25,温和,普通,现实,普通,普通,55,武具,普通,普通,源氏,刀剑,56,56,17,44,53,1,0,1,3,1,2,1,0,0,0,0,0,0,0,0,0,水上禁行，蝴蝶之阵,强袭，拔突，铁壁,无,无要求,,,未登场,村上元吉,船头,直臣,村上水军,三岛之砦,无,未登场,村上元吉,船头,直臣,村上水军,三岛之砦,无,未登场,村上元吉,船头,直臣,村上水军,三岛之砦,无,已登场,村上元吉,船头,直臣,村上水军,三岛之砦,无,已登场,村上元吉,水夫头,直臣,村上水军,三岛之砦,无,已登场,村上元吉,水夫头,直臣,村上水军,三岛之砦,无,已登场,村上元吉,水夫头,直臣,村上水军,三岛之砦,无,已登场,村上元吉,头领,首领,村上水军,三岛之砦,无,已登场,村上元吉,侍大将,直臣,上泉家,内城,无,,,,"[{""stage"":"""",""tkid"":""715"",""ref"":""715_村上元吉_朝右.png"",""emotion"":0}]"
lord_2_murakami,,村上義清,村上义清,村上,716,Murakami Yoshikiyo,clan_murakami_2,hokuriku,精确匹配织丰,1,1503,1554,1573,病死,,,村上国清,只限武将,26,26,普通,胆小,理想,轻率,普通,71,艺术品,贪心,普通,源氏,刀剑,66,70,49,34,40,2,2,0,0,0,0,2,0,0,0,0,1,1,2,0,0,无,强袭,无,无要求,,,已登场,村上义清,大名,首领,村上家,海津城,无,已登场,村上义清,部将,直臣,长尾家,春日山城,无,已登场,村上义清,部将,直臣,长尾家,春日山城,无,已登场,村上义清,部将,直臣,上杉家,春日山城,无,已死亡,村上义清,无效,无效,无,无效,无,已死亡,村上义清,无效,无效,无,无效,无,已死亡,村上义清,无效,无效,无,无效,无,已死亡,村上义清,无效,无效,无,无效,无,已登场,村上义清,侍大将,直臣,上泉家,内城,无,,,,"[{""stage"":"""",""tkid"":""716"",""ref"":""716_村上义清_朝右.png"",""emotion"":0}]"
lord_1_mochiku_katsuteru,,毛受勝照,毛受胜照,毛受,717,Mochiku Katsuteru,clan_mochiku_1,kinai,基于分组自动创建家族,1,1551,1565,1583,病死,,,,只限武将,91,91,普通,勇敢,普通,轻率,重视情义,13,武具,普通,嗜酒如命,其他,刀剑,58,62,24,23,42,1,2,0,0,1,2,1,0,0,0,0,0,0,0,0,0,无,强袭，拔突，铁壁,无,无要求,,,未登场,毛受胜照,足轻组头,陪臣（柴田胜家）,织田家,那古野城,无,未登场,毛受胜照,足轻组头,陪臣（柴田胜家）,织田家,那古野城,无,未登场,毛受胜照,足轻组头,陪臣（柴田胜家）,织田家,清洲城,无,已登场,毛受胜照,足轻组头,陪臣（柴田胜家）,织田家,岐阜城,无,已登场,毛受胜照,足轻组头,陪臣（柴田胜家）,织田家,北之庄城,无,已登场,毛受胜照,足轻大将,陪臣（柴田胜家）,织田家,北之庄城,无,已死亡,毛受胜照,无效,无效,无,无效,无,已死亡,毛受胜照,无效,无效,无,无效,无,已登场,毛受胜照,浪人,其他,无,小仓之町,无,,,,"[{""stage"":"""",""tkid"":""717"",""ref"":""717_毛受胜照_朝右.png"",""emotion"":0}]"
lord_1_mori_katsunaga,,毛利勝永,毛利胜永,毛利,718,Mori Katsunaga,clan_mori_1,sanyo,家族和文化自动推断,1,1577,1591,1615,战死,,,,全职种,10,10,普通,勇敢,普通,轻率,重视情义,66,南蛮物,普通,普通,其他,刀剑,47,62,27,56,61,1,1,2,0,0,2,0,0,0,0,0,0,0,0,0,0,无,强袭，拔突，铁壁,无,无要求,,,未登场,毛利胜永,浪人,其他,无,清洲之町,无,未登场,毛利胜永,浪人,其他,无,清洲之町,无,未登场,毛利胜永,浪人,其他,无,清洲之町,无,未登场,毛利胜永,浪人,其他,无,清洲之町,无,未登场,毛利胜永,浪人,其他,无,清洲之町,无,未登场,毛利胜永,浪人,其他,无,清洲之町,无,未登场,毛利胜永,浪人,其他,无,清洲之町,无,已登场,毛利胜永,城主,直臣,丰臣家,小仓城,无,已登场,毛利胜永,浪人,其他,无,浦户之町,无,,,,"[{""stage"":"""",""tkid"":""718"",""ref"":""718_毛利胜永_朝右.png"",""emotion"":0}]"
lord_1_mori_shigeyoshi,,毛利重能,毛利重能,毛利,719,Mori Shigeyoshi,clan_mori_1,sanyo,家族和文化自动推断,1,1575,1589,1638,病死,,,,全职种,12,12,性急,普通,现实,慎重,普通,54,书籍,贪心,普通,其他,刀剑,14,29,67,59,58,0,0,1,0,0,0,1,0,0,2,1,4,0,3,1,2,无,强袭，丢钱，贿赂,无,无要求,,,未登场,毛利重能,浪人,其他,无,石山之町,无,未登场,毛利重能,浪人,其他,无,石山之町,无,未登场,毛利重能,浪人,其他,无,石山之町,无,未登场,毛利重能,浪人,其他,无,石山之町,无,未登场,毛利重能,浪人,其他,无,石山之町,无,未登场,毛利重能,浪人,其他,无,石山之町,无,未登场,毛利重能,足轻组头,陪臣（池田恒兴）,羽柴家,大垣城,无,已登场,毛利重能,足轻组头,直臣,丰臣家,大坂城,无,已登场,毛利重能,浪人,其他,无,津山之町,无,,,,"[{""stage"":"""",""tkid"":""719"",""ref"":""719_毛利重能_朝右.png"",""emotion"":0}]"
lord_1_mori_3,,毛利隆元,毛利隆元,毛利,720,Mori Takamoto,clan_mori_1,sanyo,精确匹配织丰,1,1523,1554,1563,病死,毛利元就,,吉川广家 吉川元长 吉川元春 小早川隆景 小早川秀包 繁泽元氏 二宫就辰 穗井田元清 毛利辉元 毛利元就 毛利秀元,只限武将,36,36,温和,胆小,普通,轻率,重视情义,45,书籍,无欲,普通,其他,刀剑,74,59,79,75,83,2,1,1,0,1,2,1,0,2,1,1,1,1,1,0,0,百万一心,强袭，拔突，铁壁,无,一般条件,,,已登场,毛利隆元,家老,直臣,毛利家,吉田郡山城,无,已登场,毛利隆元,家老,直臣,毛利家,吉田郡山城,无,已登场,毛利隆元,家老,直臣,毛利家,吉田郡山城,无,已死亡,毛利隆元,无效,无效,无,无效,无,已死亡,毛利隆元,无效,无效,无,无效,无,已死亡,毛利隆元,无效,无效,无,无效,无,已死亡,毛利隆元,无效,无效,无,无效,无,已死亡,毛利隆元,无效,无效,无,无效,无,已登场,毛利隆元,浪人,其他,无,严岛之町,无,,,,"[{""stage"":"""",""tkid"":""720"",""ref"":""720_毛利隆元_朝右.png"",""emotion"":0}]"
lord_1_mori,,毛利輝元,毛利辉元,毛利,721,Mori Terumoto,clan_mori_1,sanyo,精确匹配织丰,1,1553,1567,1625,病死,毛利隆元,毛利元就,吉川广家 吉川元长 吉川元春 小早川隆景 小早川秀包 繁泽元氏 二宫就辰 穗井田元清 毛利隆元 毛利元就 毛利秀元,只限武将,36,36,普通,胆小,普通,轻率,普通,76,艺术品,普通,普通,其他,刀剑,68,47,62,39,73,2,1,2,0,1,1,2,0,1,2,2,2,2,1,2,1,百万一心,强袭,无,一般条件,,,未登场,毛利辉元,部将,直臣,毛利家,吉田郡山城,无,未登场,毛利辉元,足轻组头,陪臣（毛利隆元）,毛利家,吉田郡山城,无,未登场,毛利辉元,足轻组头,直臣,毛利家,吉田郡山城,无,已登场,毛利辉元,家老,直臣,毛利家,吉田郡山城,无,已登场,毛利辉元,大名,首领,毛利家,吉田郡山城,无,已登场,毛利辉元,大名,首领,毛利家,吉田郡山城,无,已登场,毛利辉元,大名,首领,毛利家,吉田郡山城,无,已登场,毛利辉元,大名,首领,毛利家,广岛城,无,已登场,毛利辉元,浪人,其他,无,仙台之町,无,,,,"[{""stage"":"""",""tkid"":""721"",""ref"":""721_毛利辉元_朝右.png"",""emotion"":0}]"
lord_1_mori_1,,毛利元就,毛利元就,毛利,722,Mori Motonari,clan_mori_1,sanyo,精确匹配织丰,1,1497,1554,1571,病死,,,吉川广家 吉川元长 吉川元春 小早川隆景 小早川秀包 繁泽元氏 二宫就辰 穗井田元清 毛利隆元 毛利辉元 毛利秀元,只限武将,36,36,温和,普通,普通,慎重,不重情义,88,书籍,贪心,滴酒不沾,其他,刀剑,93,54,96,100,97,4,3,2,3,3,2,4,1,3,2,4,3,2,3,1,1,强行突破，百万一心，进水，影武者，威吓,强袭，拔突，刚弓，铁壁，丢钱,军师,不可,毛利三本矢 毛利隆元/吉川元春/小早川隆景,主角毛利隆元/吉川元春/小早川隆景，三矢训,已登场,毛利元就,大名,首领,毛利家,吉田郡山城,无,已登场,毛利元就,大名,首领,毛利家,吉田郡山城,无,已登场,毛利元就,大名,首领,毛利家,吉田郡山城,无,已登场,毛利元就,大名,首领,毛利家,吉田郡山城,无,已死亡,毛利元就,无效,无效,无,无效,无,已死亡,毛利元就,无效,无效,无,无效,无,已死亡,毛利元就,无效,无效,无,无效,无,已死亡,毛利元就,无效,无效,无,无效,无,已登场,毛利元就,浪人,其他,无,滨松之町,无,,,,"[{""stage"":"""",""tkid"":""722"",""ref"":""722_毛利元就_朝右.png"",""emotion"":0}]"
lord_1_mogami_2,,最上義光,最上义光,最上,723|1184,Mogami Yoshiaki,clan_mogami_1,ou,精确匹配织丰,1,1546,1560,1614,病死,最上义守,,最上义时 最上义守 最上家亲,只限武将,50,99,普通,胆小,现实,慎重,不重情义,93,书籍,贪心,普通,源氏,刀剑,84,69,80,91,87,3,2,2,0,0,1,2,3,0,0,1,3,2,2,2,0,刺杀，内讧之术,强袭，二连苦无，半月，丢钱,策士,一般条件,,,未登场,最上义光,家老,直臣,最上家,山形城,无,未登场,最上义光,部将,陪臣（最上义守）,最上家,山形城,无,已登场,最上义光,家老,直臣,最上家,山形城,无,已登场,最上义光,家老,直臣,最上家,山形城,无,已登场,最上义光,大名,首领,最上家,山形城,无,已登场,最上义光,大名,首领,最上家,山形城,无,已登场,最上义光,大名,首领,最上家,山形城,无,已登场,最上义光,大名,首领,最上家,山形城,无,已登场,最上义光,部将,直臣,上泉家,内城,无,,,"[{""stage"":""出羽"",""tkid"":""723"",""ref"":"""",""emotion"":1},{""stage"":""大"",""tkid"":""1184"",""ref"":"""",""emotion"":1}]","[{""stage"":""出羽"",""tkid"":""723"",""ref"":""723_最上义光_朝右.png"",""emotion"":1},{""stage"":""大"",""tkid"":""1184"",""ref"":""1184_最上义光_朝右.png"",""emotion"":1}]"
lord_1_mogami_yoshitoki,,最上義時,最上义时,最上,724,Mogami Yoshitoki,clan_mogami_1,ou,家族和文化自动推断,1,1548,1560,1574,病死,最上义守,,最上义光 最上义守 最上家亲,全职种,50,50,温和,胆小,理想,轻率,不重情义,58,艺术品,无欲,滴酒不沾,源氏,刀剑,52,41,60,58,74,1,2,0,0,0,1,1,0,0,1,1,0,0,0,0,0,无,强袭,无,无要求,,,未登场,最上义时,部将,直臣,最上家,山形城,无,未登场,最上义时,部将,陪臣（最上义守）,最上家,山形城,无,已登场,最上义时,部将,直臣,最上家,山形城,无,已登场,最上义时,部将,直臣,最上家,山形城,无,已死亡,最上义时,无效,无效,无,无效,无,已死亡,最上义时,无效,无效,无,无效,无,已死亡,最上义时,无效,无效,无,无效,无,已死亡,最上义时,无效,无效,无,无效,无,已登场,最上义时,侍大将,直臣,上泉家,内城,无,,,,"[{""stage"":"""",""tkid"":""724"",""ref"":""724_最上义时_朝右.png"",""emotion"":0}]"
lord_1_mogami,,最上義守,最上义守,最上,725,Mogami Yoshimori,clan_mogami_1,ou,精确匹配织丰,1,1521,1554,1590,病死,,,最上义光 最上义时 最上家亲,只限武将,50,50,性急,胆小,普通,轻率,不重情义,62,艺术品,普通,普通,源氏,刀剑,42,31,42,19,38,1,1,0,0,1,0,0,0,1,1,0,0,0,1,0,0,无,强袭,无,一般条件,,,已登场,最上义守,大名,首领,最上家,山形城,无,已登场,最上义守,大名,首领,最上家,山形城,无,已登场,最上义守,大名,首领,最上家,山形城,无,已登场,最上义守,大名,首领,最上家,山形城,无,已登场,最上义守,家老,直臣,最上家,山形城,无,已登场,最上义守,家老,直臣,最上家,山形城,无,已登场,最上义守,家老,直臣,最上家,山形城,无,已死亡,最上义守,无效,无效,无,无效,无,已登场,最上义守,侍大将,直臣,上泉家,内城,无,,,,"[{""stage"":"""",""tkid"":""725"",""ref"":""725_最上义守_朝右.png"",""emotion"":0}]"
lord_1_mochizuki_rokuroo,,望月六郎,望月六郎,望月,726,Mochizuki Rokuroo,clan_mochizuki_1,neutral_culture,基于分组自动创建家族,1,1580,1594,1615,病死,,,,全职种,49,49,温和,普通,普通,轻率,重视情义,12,武具,无欲,普通,源氏,火绳枪,42,76,53,67,74,1,1,3,0,0,3,1,3,2,0,2,0,0,0,0,0,钓瓶击，破技之术，千里眼术,强袭，连续斩，拔突，二连苦无，半月，急所击，二挺击，刚力，铁壁,无,一般条件,,,未登场,望月六郎,浪人,其他,无,诹访之町,无,未登场,望月六郎,浪人,其他,无,诹访之町,无,未登场,望月六郎,浪人,其他,无,诹访之町,无,未登场,望月六郎,浪人,其他,无,诹访之町,无,未登场,望月六郎,浪人,其他,无,诹访之町,无,未登场,望月六郎,浪人,其他,无,诹访之町,无,未登场,望月六郎,浪人,其他,无,诹访之町,无,已登场,望月六郎,浪人,其他,无,诹访之町,无,已登场,望月六郎,部将,直臣,六角家,大坂城,无,,,,"[{""stage"":"""",""tkid"":""726"",""ref"":""726_望月六郎_朝右.png"",""emotion"":0}]"
lord_1_motoyama_shigemune,,本山茂宗,本山茂宗,本山,727,Motoyama Shigemune,clan_motoyama_1,nankai,基于分组自动创建家族,1,1510,1554,1563,战死,,,,只限武将,30,30,普通,普通,普通,轻率,不重情义,58,武具,贪心,嗜酒如命,平氏,刀剑,52,55,28,19,44,2,2,0,1,0,2,0,0,0,0,0,0,0,0,0,0,无,强袭，拔突，铁壁,无,无要求,,,已登场,本山茂宗,部将,陪臣（安艺国虎）,一条家,安艺城,无,已登场,本山茂宗,部将,陪臣（安艺国虎）,一条家,安艺城,无,已登场,本山茂宗,部将,陪臣（安艺国虎）,一条家,安艺城,无,已死亡,本山茂宗,无效,无效,无,无效,无,已死亡,本山茂宗,无效,无效,无,无效,无,已死亡,本山茂宗,无效,无效,无,无效,无,已死亡,本山茂宗,无效,无效,无,无效,无,已死亡,本山茂宗,无效,无效,无,无效,无,已登场,本山茂宗,浪人,其他,无,奈良之町,无,,,,"[{""stage"":"""",""tkid"":""727"",""ref"":""727_本山茂宗_朝右.png"",""emotion"":0}]"
lord_1_momi_kyonari,,籾井教業,籾井教业,籾井,728,Momi Kyonari,clan_momi_1,kinai,基于分组自动创建家族,1,1532,1554,1576,战死,,,,只限武将,40,40,性急,勇敢,普通,轻率,普通,51,武具,普通,普通,其他,刀剑,72,69,26,47,54,2,2,1,0,1,3,0,0,0,0,0,0,0,0,0,0,无,强袭，连续斩，拔突，刚力，铁壁,无,一般条件,,,已登场,籾井教业,侍大将,直臣,波多野家,八上城,无,已登场,籾井教业,侍大将,直臣,波多野家,八上城,无,已登场,籾井教业,侍大将,直臣,波多野家,八上城,无,已登场,籾井教业,侍大将,直臣,波多野家,八上城,无,已登场,籾井教业,侍大将,直臣,波多野家,八上城,无,已死亡,籾井教业,无效,无效,无,无效,无,已死亡,籾井教业,无效,无效,无,无效,无,已死亡,籾井教业,无效,无效,无,无效,无,已登场,籾井教业,浪人,其他,无,鹿岛之町,无,,,,"[{""stage"":"""",""tkid"":""728"",""ref"":""728_籾井教业_朝右.png"",""emotion"":0}]"
lord_1_momochi_sandayuu,,百地三太夫,百地三太夫,百地,729,Momochi Sandayuu,clan_momochi_1,neutral_culture,基于分组自动创建家族,1,1522,1554,1581,战死,,,,只限武将,80,80,温和,普通,普通,轻率,普通,74,武具,无欲,普通,其他,锁镰,69,91,15,90,64,3,1,2,0,1,2,1,4,0,0,1,0,0,1,0,3,鬼脚之术，雾隐之术，雷爆之术，红莲之术,强袭，拔突，二连苦无，半月，千鸟，横车，铁壁，伤药,锁镰高手,一般条件,,,已登场,百地三太夫,头目,首领,伊贺众,伊贺之里,无,已登场,百地三太夫,头目,首领,伊贺众,伊贺之里,无,已登场,百地三太夫,头目,首领,伊贺众,伊贺之里,无,已登场,百地三太夫,头目,首领,伊贺众,伊贺之里,无,已登场,百地三太夫,头目,首领,伊贺众,伊贺之里,无,已登场,百地三太夫,头目,首领,伊贺众,伊贺之里,无,已死亡,百地三太夫,无效,无效,无,无效,无,已死亡,百地三太夫,无效,无效,无,无效,无,已登场,百地三太夫,家老,直臣,百武家,高远城,无,,,,"[{""stage"":"""",""tkid"":""729"",""ref"":""729_百地三太夫_朝正.png"",""emotion"":0}]"
lord_1_morishita_dooyo,,森下道譽,森下道誉,森下,730,Morishita Dooyo,clan_morishita_1,kinai,基于分组自动创建家族,1,1542,1556,1581,病死,,,,全职种,42,42,普通,勇敢,理想,普通,不重情义,35,书籍,普通,普通,其他,刀剑,51,57,29,49,51,0,1,1,0,1,0,2,1,0,0,1,0,0,0,0,0,无,强袭,无,无要求,,,未登场,森下道誉,部将,直臣,山名家,鸟取城,无,未登场,森下道誉,部将,直臣,山名家,鸟取城,无,已登场,森下道誉,部将,直臣,山名家,鸟取城,无,已登场,森下道誉,部将,直臣,山名家,鸟取城,无,已登场,森下道誉,部将,直臣,山名家,鸟取城,无,已死亡,森下道誉,无效,无效,无,无效,无,已死亡,森下道誉,无效,无效,无,无效,无,已死亡,森下道誉,无效,无效,无,无效,无,已登场,森下道誉,部将,直臣,下间家,饫肥城,无,,,,"[{""stage"":"""",""tkid"":""730"",""ref"":""730_森下道誉_朝右.png"",""emotion"":0}]"
lord_1_morii_tadamasa,,森忠政,森忠政,森,731,Morii Tadamasa,clan_morii_1,tokai,基于分组自动创建家族,1,1570,1584,1634,病死,森可成,,森长可 森可成 森兰丸,只限武将,0,0,温和,普通,现实,慎重,普通,55,艺术品,无欲,滴酒不沾,源氏,刀剑,47,32,56,44,36,1,1,1,1,0,0,0,0,1,1,1,0,0,0,0,1,无,强袭,无,无要求,,,未登场,森忠政,足轻组头,陪臣（森可成）,斋藤家,稻叶山城,无,未登场,森忠政,足轻组头,陪臣（森可成）,织田家,清洲城,无,未登场,森忠政,足轻组头,陪臣（森可成）,织田家,清洲城,无,未登场,森忠政,足轻组头,陪臣（森可成）,织田家,岐阜城,无,未登场,森忠政,足轻组头,直臣,织田家,岐阜城,无,未登场,森忠政,足轻组头,陪臣（织田信忠）,织田家,岐阜城,无,已登场,森忠政,部将,陪臣（森长可）,羽柴家,岩村城,无,已登场,森忠政,大名,首领,森家,岩村城,无,已登场,森忠政,浪人,其他,无,京之町,无,,,,"[{""stage"":"""",""tkid"":""731"",""ref"":""731_森忠政_朝右.png"",""emotion"":0}]"
lord_1_moori_tahei,,母里太兵衛,母里太兵卫,母里,732,Moori Tahei,clan_mōri_1,kinai,基于分组自动创建家族,1,1556,1570,1615,病死,,,,只限武将,3,3,性急,勇敢,普通,轻率,普通,70,武具,贪心,嗜酒如命,其他,枪,65,82,19,44,41,1,2,0,0,0,3,1,0,0,0,0,0,0,2,0,0,无,强袭，连续斩，拔突，粘花，卷枪，引落，柄返，刚力，铁壁,枪术名人,无要求,,,未登场,母里太兵卫,足轻组头,陪臣（黑田官兵卫）,赤松家,御着城,无,未登场,母里太兵卫,足轻组头,陪臣（小寺政职）,赤松家,御着城,无,未登场,母里太兵卫,足轻组头,陪臣（小寺政职）,赤松家,御着城,无,未登场,母里太兵卫,足轻组头,陪臣（黑田官兵卫）,赤松家,御着城,无,已登场,母里太兵卫,足轻组头,陪臣（小寺政职）,赤松家,姬路城,无,已登场,母里太兵卫,足轻组头,陪臣（羽柴秀吉）,织田家,姬路城,无,已登场,母里太兵卫,足轻组头,陪臣（黑田官兵卫）,羽柴家,石山本愿寺,无,已登场,母里太兵卫,侍大将,直臣,黑田家,中津城,无,已登场,母里太兵卫,浪人,其他,无,京之町,无,,,,"[{""stage"":"""",""tkid"":""732"",""ref"":""732_母里太兵卫_朝右.png"",""emotion"":0}]"
lord_1_morii_nagayoshi,,森長可,森长可,森,733,Morii Nagayoshi,clan_morii_1,tokai,基于分组自动创建家族,1,1558,1572,1584,战死,森可成,,森忠政 森可成 森兰丸,只限武将,0,0,普通,勇敢,普通,轻率,普通,39,武具,普通,普通,源氏,枪,57,67,30,43,61,2,2,1,0,2,2,2,0,0,1,1,1,1,0,0,0,无,强袭，拔突，刚弓，铁壁,无,一般条件,,,未登场,森长可,足轻组头,陪臣（森可成）,斋藤家,稻叶山城,无,未登场,森长可,足轻组头,陪臣（森可成）,织田家,清洲城,无,未登场,森长可,足轻组头,陪臣（森可成）,织田家,清洲城,无,未登场,森长可,足轻组头,陪臣（森可成）,织田家,岐阜城,无,已登场,森长可,足轻组头,直臣,织田家,岐阜城,无,已登场,森长可,足轻大将,陪臣（织田信忠）,织田家,岐阜城,无,已登场,森长可,城主,直臣,羽柴家,岩村城,无,已死亡,森长可,无效,无效,无,无效,无,已登场,森长可,浪人,其他,无,长滨之町,无,,,,"[{""stage"":"""",""tkid"":""733"",""ref"":""733_森长可_朝右.png"",""emotion"":0}]"
lord_1_morii_haru,,森村春,森村春,森,734,Morii Haru,clan_morii_1,tokai,基于分组自动创建家族,1,1546,1560,1592,战死,,,,全职种,5,5,普通,勇敢,理想,普通,普通,55,艺术品,普通,嗜酒如命,其他,刀剑,47,51,23,36,54,1,0,1,3,1,1,1,1,2,0,0,0,0,0,0,0,水上拖延,强袭,无,无要求,,,未登场,森村春,船头,直臣,淡路水军,洲本之砦,无,未登场,森村春,船头,直臣,淡路水军,洲本之砦,无,已登场,森村春,船头,直臣,淡路水军,洲本之砦,无,已登场,森村春,船头,直臣,淡路水军,洲本之砦,无,已登场,森村春,船头,直臣,淡路水军,洲本之砦,无,已登场,森村春,船头,直臣,熊野水军,鸟羽之砦,无,已登场,森村春,船头,直臣,熊野水军,鸟羽之砦,无,已死亡,森村春,无效,无效,无,无效,无,已登场,森村春,浪人,其他,无,丸龟之町,无,,,,"[{""stage"":"""",""tkid"":""734"",""ref"":""734_森村春_朝右.png"",""emotion"":0}]"
lord_1_morii_kanenari,,森可成,森可成,森,735,Morii Kanenari,clan_morii_1,tokai,基于分组自动创建家族,1,1523,1554,1570,战死,,,森忠政 森长可 森兰丸,只限武将,0,0,温和,勇敢,普通,轻率,重视情义,26,武具,无欲,嗜酒如命,源氏,刀剑,64,68,44,59,59,2,2,1,0,1,1,1,0,0,1,1,0,0,0,0,0,无,强袭,无,一般条件,,,已登场,森可成,部将,直臣,斋藤家,稻叶山城,无,已登场,森可成,部将,直臣,织田家,清洲城,无,已登场,森可成,部将,直臣,织田家,清洲城,无,已登场,森可成,部将,直臣,织田家,岐阜城,无,已死亡,森可成,无效,无效,无,无效,无,已死亡,森可成,无效,无效,无,无效,无,已死亡,森可成,无效,无效,无,无效,无,已死亡,森可成,无效,无效,无,无效,无,已登场,森可成,浪人,其他,无,富山之町,无,,,,"[{""stage"":"""",""tkid"":""735"",""ref"":""735_森可成_朝右.png"",""emotion"":0}]"
lord_1_morii_ranmaru,,森蘭丸,森兰丸,森,736,Morii Ranmaru,clan_morii_1,tokai,基于分组自动创建家族,1,1565,1579,1582,战死,森可成,,森忠政 森长可 森可成,全职种,0,0,普通,普通,理想,轻率,普通,40,南蛮物,普通,普通,源氏,枪,22,57,59,61,84,0,0,0,0,1,1,0,0,1,0,0,2,3,3,3,1,无,拔突,无,一般条件,,,未登场,森兰丸,足轻组头,陪臣（森可成）,斋藤家,稻叶山城,无,未登场,森兰丸,足轻组头,陪臣（森可成）,织田家,清洲城,无,未登场,森兰丸,足轻组头,直臣,织田家,清洲城,无,未登场,森兰丸,足轻组头,直臣,织田家,岐阜城,无,未登场,森兰丸,足轻组头,直臣,织田家,岐阜城,无,已登场,森兰丸,足轻组头,直臣,织田家,安土城,无,已死亡,森兰丸,无效,无效,无,无效,无,已死亡,森兰丸,无效,无效,无,无效,无,已登场,森兰丸,浪人,其他,无,松江之町,无,,,,"[{""stage"":"""",""tkid"":""736"",""ref"":""736_森兰丸_朝右.png"",""emotion"":0}]"
lord_1_shioka_ichiwa,,師岡一羽,师冈一羽,师冈,737,Shioka Ichiwa,clan_shioka_1,neutral_culture,基于分组自动创建家族,1,1532,1554,1593,病死,,,,没那个意思,30,30,普通,普通,理想,慎重,普通,14,武具,无欲,滴酒不沾,其他,刀剑,23,85,31,17,55,0,0,0,0,2,4,2,0,0,0,0,0,0,0,0,0,无,强袭，连续斩，八神太刀，一之太刀，拔突，刚弓，神妙剑，当身，刚力，金刚力，铁壁，气声，辱骂，大喝，炯眼，罗刹,剑豪,无要求,,,已登场,师冈一羽,师范,其他,无,木更津之町,一羽流,已登场,师冈一羽,浪人,其他,无,鹿岛之町,一羽流,已登场,师冈一羽,浪人,其他,无,鹿岛之町,一羽流,已登场,师冈一羽,师范,其他,无,木更津之町,一羽流,已登场,师冈一羽,师范,其他,无,鹿岛之町,一羽流,已登场,师冈一羽,师范,其他,无,鹿岛之町,一羽流,已登场,师冈一羽,师范,其他,无,鹿岛之町,一羽流,已死亡,师冈一羽,无效,无效,无,无效,无,已登场,师冈一羽,足轻大将,直臣,一宫家,春日山城,一羽流,,,,"[{""stage"":"""",""tkid"":""737"",""ref"":""737_师冈一羽_朝正.png"",""emotion"":0}]"
lord_1_monchusho_tokikage,,問注所統景,问注所统景,问注所,738,Monchusho Tokikage,clan_monchusho_1,saikai,基于分组自动创建家族,1,1546,1560,1593,战死,,,,只限武将,80,80,性急,勇敢,现实,普通,重视情义,22,武具,普通,普通,其他,刀剑,36,61,34,52,48,2,1,1,0,0,2,0,0,0,0,0,0,0,0,0,0,无,强袭，拔突，铁壁,无,无要求,,,未登场,问注所统景,足轻大将,直臣,大友家,府内城,无,未登场,问注所统景,足轻组头,直臣,大友家,府内城,无,已登场,问注所统景,足轻组头,直臣,大友家,府内城,无,已登场,问注所统景,足轻大将,直臣,大友家,府内城,无,已登场,问注所统景,足轻组头,直臣,大友家,府内城,无,已登场,问注所统景,足轻大将,直臣,大友家,府内城,无,已登场,问注所统景,足轻大将,直臣,大友家,府内城,无,已死亡,问注所统景,无效,无效,无,无效,无,已登场,问注所统景,浪人,其他,无,金泽之町,无,,,,"[{""stage"":"""",""tkid"":""738"",""ref"":""738_问注所统景_朝右.png"",""emotion"":0}]"
lord_1_yaita_kinbei,,八板金兵衛,八板金兵卫,八板,739,Yaita Kinbei,clan_yaita_1,neutral_culture,基于分组自动创建家族,1,1502,1554,1620,病死,,,,没那个意思,0,0,普通,普通,普通,普通,普通,55,南蛮物,普通,嗜酒如命,其他,火绳枪,15,49,30,56,71,0,0,4,0,0,1,2,0,0,0,4,0,0,2,0,2,无,急所击，二挺击，石火，乱射,火枪名人，名工,无要求,,,已登场,八板金兵卫,锻冶匠,其他,无,鹿儿岛之町,无,已登场,八板金兵卫,锻冶匠,其他,无,鹿儿岛之町,无,已登场,八板金兵卫,锻冶匠,其他,无,鹿儿岛之町,无,已登场,八板金兵卫,锻冶匠,其他,无,鹿儿岛之町,无,已登场,八板金兵卫,锻冶匠,其他,无,鹿儿岛之町,无,已登场,八板金兵卫,锻冶匠,其他,无,鹿儿岛之町,无,已登场,八板金兵卫,锻冶匠,其他,无,鹿儿岛之町,无,已登场,八板金兵卫,锻冶匠,其他,无,鹿儿岛之町,无,已登场,八板金兵卫,大名,首领,八板家,姬路城,无,,,,"[{""stage"":"""",""tkid"":""739"",""ref"":""739_八板金兵卫_朝右.png"",""emotion"":0}]"
lord_1_yagyuu_sekishuusai,,柳生石舟齋,柳生石舟斋,柳生石,740,Yagyuu Sekishuusai,clan_yagyū_1,neutral_culture,基于分组自动创建家族,1,1527,1554,1606,病死,,,柳生利严 柳生宗矩,没那个意思,65,65,普通,勇敢,理想,慎重,普通,40,武具,无欲,普通,其他,刀剑,41,96,20,67,82,2,1,1,0,2,4,3,3,0,2,1,0,3,0,0,1,千里眼术,强袭，连续斩，月影，一刀两断，拔突，二连苦无，半月，刚弓，浮舟，无刀取，当身，肋一寸，刚力，铁壁，天狗抄，心眼，辱骂，大喝,剑豪,无要求,,,已登场,柳生宗严,师范,其他,无,奈良之町,新阴流,已登场,柳生宗严,师范,其他,无,奈良之町,新阴流,已登场,柳生宗严,师范,其他,无,奈良之町,新阴流,已登场,柳生宗严,师范,其他,无,奈良之町,柳生新阴流,已登场,柳生宗严,师范,其他,无,奈良之町,柳生新阴流,已登场,柳生宗严,师范,其他,无,奈良之町,柳生新阴流,已登场,柳生宗严,师范,其他,无,奈良之町,柳生新阴流,已登场,柳生石舟斋,师范,其他,无,奈良之町,柳生新阴流,已登场,柳生石舟斋,师范,其他,无,奈良之町,柳生新阴流,,,,"[{""stage"":"""",""tkid"":""740"",""ref"":""740_柳生石舟斋_朝右.png"",""emotion"":0}]"
lord_1_yagyuuuu_hyoogo,,柳生兵庫助,柳生兵库助,柳生兵,741,Yagyuuuu Hyoogo no suke,clan_yagyūū_1,neutral_culture,基于分组自动创建家族,1,1579,1594,1650,病死,,柳生石舟斋,柳生石舟斋 柳生宗矩,没那个意思,65,65,普通,勇敢,理想,慎重,重视情义,55,武具,无欲,普通,其他,刀剑,32,94,24,59,55,1,0,1,0,2,4,2,2,0,0,0,0,0,0,0,0,千里眼术,强袭，连续斩，月影，一刀两断，拔突，二连苦无，刚弓，浮舟，无刀取，当身，肋一寸，刚力，铁壁，天狗抄，心眼，辱骂，大喝,剑豪,一般条件,,,未登场,柳生利严,师范代,其他,无,奈良之町,新阴流,未登场,柳生利严,师范代,其他,无,奈良之町,新阴流,未登场,柳生利严,师范代,其他,无,奈良之町,新阴流,未登场,柳生利严,师范代,其他,无,奈良之町,柳生新阴流,未登场,柳生利严,师范代,其他,无,奈良之町,柳生新阴流,未登场,柳生利严,师范代,其他,无,奈良之町,柳生新阴流,未登场,柳生利严,师范代,其他,无,奈良之町,柳生新阴流,已登场,柳生利严,师范代,其他,无,奈良之町,柳生新阴流,已登场,柳生利严,师范代,其他,无,奈良之町,柳生新阴流,,,,"[{""stage"":"""",""tkid"":""741"",""ref"":""741_柳生兵库助_朝右.png"",""emotion"":0}]"
lord_1_yagyuuuuuu_munenori,,柳生宗矩,柳生宗矩,柳生,742,Yagyuuuuuu Munenori,clan_yagyūūū_1,nankai,基于分组自动创建家族,1,1571,1585,1646,病死,柳生石舟斋,,柳生石舟斋 柳生利严,全职种,90,90,温和,胆小,普通,慎重,普通,59,书籍,无欲,普通,其他,刀剑,52,90,68,81,69,1,1,1,0,1,4,4,0,0,0,0,0,0,3,0,0,影武者，千里眼术，刺杀,强袭，连续斩，月影，一刀两断，拔突，浮舟，无刀取，当身，肋一寸，刚力，铁壁，天狗抄，心眼，辱骂，大喝,剑豪,一般条件,,,未登场,柳生宗矩,足轻组头,直臣,筒井家,大和郡山城,新阴流,未登场,柳生宗矩,足轻组头,直臣,筒井家,大和郡山城,新阴流,未登场,柳生宗矩,足轻组头,直臣,筒井家,大和郡山城,新阴流,未登场,柳生宗矩,足轻组头,直臣,筒井家,大和郡山城,柳生新阴流,未登场,柳生宗矩,足轻组头,直臣,筒井家,大和郡山城,柳生新阴流,未登场,柳生宗矩,足轻组头,陪臣（筒井顺庆）,织田家,大和郡山城,柳生新阴流,未登场,柳生宗矩,足轻组头,直臣,筒井家,大和郡山城,柳生新阴流,已登场,柳生宗矩,足轻大将,直臣,德川家,江户城,柳生新阴流,已登场,柳生宗矩,师范代,其他,无,奈良之町,柳生新阴流,,,,"[{""stage"":"""",""tkid"":""742"",""ref"":""742_柳生宗矩_朝右.png"",""emotion"":0}]"
lord_1_shoyakuin_zenshuu,,施藥院全宗,施药院全宗,施药院,743,Shoyakuin Zenshuu,clan_shoyakuin_1,neutral_culture,基于分组自动创建家族,1,1526,1554,1599,病死,,,,没那个意思,10,10,温和,普通,现实,普通,普通,66,书籍,贪心,滴酒不沾,其他,枪,18,16,66,72,49,0,0,0,0,0,0,0,2,0,0,0,2,3,3,2,4,无,拔突，二连苦无，伤药，止血,名医,一般条件,,,已登场,施药院全宗,浪人,其他,无,京之町,无,已登场,施药院全宗,浪人,其他,无,京之町,无,已登场,施药院全宗,浪人,其他,无,京之町,无,已登场,施药院全宗,浪人,其他,无,京之町,无,已登场,施药院全宗,医师,其他,无,目加田之町,无,已登场,施药院全宗,医师,其他,无,安土之町,无,已登场,施药院全宗,医师,其他,无,安土之町,无,已登场,施药院全宗,医师,其他,无,京之町,无,已登场,施药院全宗,医师,其他,无,京之町,无,,,,"[{""stage"":"""",""tkid"":""743"",""ref"":""743_施药院全宗_朝右.png"",""emotion"":0}]"
lord_1_yazawa_yoritsuna,,矢澤賴綱,矢泽赖纲,矢泽,744,Yazawa Yoritsuna,clan_yazawa_1,tosan,基于分组自动创建家族,1,1518,1554,1597,病死,真田赖昌,,真田信纲 真田昌辉 真田昌幸 真田幸隆 矢泽赖康 真田信尹,全职种,56,56,温和,普通,普通,普通,重视情义,19,武具,无欲,普通,其他,刀剑,59,61,62,47,59,2,2,1,0,1,1,2,2,2,1,1,2,1,2,1,2,无,强袭，二连苦无,无,无要求,,,已登场,矢泽赖纲,足轻大将,陪臣（真田幸隆）,武田家,踯躅崎馆,无,已登场,矢泽赖纲,足轻大将,陪臣（真田幸隆）,武田家,户石城,无,已登场,矢泽赖纲,足轻大将,陪臣（真田幸隆）,武田家,户石城,无,已登场,矢泽赖纲,足轻大将,陪臣（真田幸隆）,武田家,户石城,无,已登场,矢泽赖纲,足轻大将,陪臣（真田信纲）,武田家,户石城,无,已登场,矢泽赖纲,侍大将,陪臣（真田昌幸）,武田家,上田城,无,已登场,矢泽赖纲,侍大将,直臣,真田家,上田城,无,已死亡,矢泽赖纲,无效,无效,无,无效,无,已登场,矢泽赖纲,浪人,其他,无,严岛之町,无,,,,"[{""stage"":"""",""tkid"":""744"",""ref"":""744_矢泽赖纲_朝右.png"",""emotion"":0}]"
lord_1_yazawa_yasukatsu,,矢澤賴康,矢泽赖康,矢泽,745,Yazawa Yasukatsu,clan_yazawa_1,tosan,基于分组自动创建家族,1,1553,1567,1620,病死,矢泽赖纲,真田赖昌,真田信纲 真田昌辉 真田昌幸 真田幸隆 矢泽赖纲 真田信尹,全职种,56,56,普通,普通,普通,普通,重视情义,22,武具,无欲,普通,其他,刀剑,62,60,64,42,57,2,2,1,0,1,1,2,2,1,2,1,2,2,1,1,1,无,强袭，二连苦无,无,无要求,,,未登场,矢泽赖康,足轻组头,陪臣（矢泽赖纲）,武田家,踯躅崎馆,无,未登场,矢泽赖康,足轻组头,陪臣（真田幸隆）,武田家,户石城,无,未登场,矢泽赖康,足轻组头,陪臣（真田幸隆）,武田家,户石城,无,已登场,矢泽赖康,足轻组头,陪臣（真田幸隆）,武田家,户石城,无,已登场,矢泽赖康,足轻组头,陪臣（真田信纲）,武田家,户石城,无,已登场,矢泽赖康,足轻大将,陪臣（真田昌幸）,武田家,上田城,无,已登场,矢泽赖康,足轻大将,直臣,真田家,上田城,无,已登场,矢泽赖康,侍大将,直臣,真田家,上田城,无,已登场,矢泽赖康,浪人,其他,无,土崎凑之町,无,,,,"[{""stage"":"""",""tkid"":""745"",""ref"":""745_矢泽赖康_朝右.png"",""emotion"":0}]"
lord_1_yashiro_kageyasu,,屋代景賴,屋代景赖,屋代,746,Yashiro Kageyasu,clan_yashiro_1,ou,基于分组自动创建家族,1,1563,1577,1608,病死,,,,只限武将,64,64,温和,勇敢,理想,普通,不重情义,77,艺术品,贪心,普通,源氏,刀剑,60,34,47,78,67,0,0,0,0,1,2,2,0,2,1,1,2,2,3,0,0,无,强袭，拔突，铁壁,无,一般条件,,,未登场,屋代景赖,足轻组头,直臣,伊达家,米泽城,无,未登场,屋代景赖,足轻组头,直臣,伊达家,米泽城,无,未登场,屋代景赖,足轻组头,直臣,伊达家,米泽城,无,未登场,屋代景赖,足轻组头,直臣,伊达家,米泽城,无,未登场,屋代景赖,足轻组头,直臣,伊达家,米泽城,无,已登场,屋代景赖,足轻组头,直臣,伊达家,米泽城,无,已登场,屋代景赖,部将,直臣,伊达家,米泽城,无,已登场,屋代景赖,家老,直臣,伊达家,仙台城,无,已登场,屋代景赖,浪人,其他,无,津山之町,无,,,,"[{""stage"":"""",""tkid"":""746"",""ref"":""746_屋代景赖_朝右.png"",""emotion"":0}]"
lord_1_yasuda_akimoto,,安田顯元,安田显元,安田,747,Yasuda Akimoto,clan_yasuda_1,hokuriku,基于分组自动创建家族,1,1538,1554,1580,战死,,,,全职种,15,15,普通,普通,普通,普通,普通,59,艺术品,贪心,普通,其他,刀剑,43,44,50,55,52,1,2,0,0,0,0,0,0,0,0,0,0,0,0,0,0,无,强袭,无,无要求,,,未登场,安田显元,侍大将,直臣,长尾家,春日山城,无,已登场,安田显元,足轻大将,直臣,长尾家,春日山城,无,已登场,安田显元,足轻大将,陪臣（高梨政赖）,长尾家,饭山城,无,已登场,安田显元,城主,直臣,上杉家,饭山城,无,已登场,安田显元,足轻大将,直臣,上杉家,春日山城,无,已死亡,安田显元,无效,无效,无,无效,无,已死亡,安田显元,无效,无效,无,无效,无,已死亡,安田显元,无效,无效,无,无效,无,已登场,安田显元,浪人,其他,无,骏府之町,无,,,,"[{""stage"":"""",""tkid"":""747"",""ref"":""747_安田显元_朝右.png"",""emotion"":0}]"
lord_1_yasuda_nagahide,,安田長秀,安田长秀,安田,748,Yasuda Nagahide,clan_yasuda_1,hokuriku,基于分组自动创建家族,1,1528,1554,1582,病死,,,,全职种,15,15,普通,勇敢,普通,轻率,普通,55,武具,普通,普通,其他,刀剑,38,69,49,42,59,1,2,1,0,1,3,1,0,0,0,0,0,0,0,0,0,无,强袭，连续斩，拔突，刚力，铁壁,无,无要求,,,已登场,安田长秀,侍大将,直臣,长尾家,春日山城,无,已登场,安田长秀,足轻大将,直臣,长尾家,春日山城,无,已登场,安田长秀,足轻大将,直臣,长尾家,春日山城,无,已登场,安田长秀,足轻大将,直臣,上杉家,春日山城,无,已登场,安田长秀,足轻大将,直臣,上杉家,春日山城,无,已登场,安田长秀,足轻大将,直臣,上杉家,春日山城,无,已死亡,安田长秀,无效,无效,无,无效,无,已死亡,安田长秀,无效,无效,无,无效,无,已登场,安田长秀,浪人,其他,无,长滨之町,无,,,,"[{""stage"":"""",""tkid"":""748"",""ref"":""748_安田长秀_朝右.png"",""emotion"":0}]"
lord_1_yanagihara_hyoe,,柳原戶兵衛,柳原户兵卫,柳原,749,Yanagihara Hyoe,clan_yanagihara_1,neutral_culture,基于分组自动创建家族,1,1540,1554,1612,病死,,,,武将以外优先,60,60,普通,普通,普通,普通,不重情义,43,艺术品,普通,嗜酒如命,其他,苦无,44,65,23,58,22,3,0,0,0,1,2,0,4,1,0,1,2,0,0,0,2,鬼脚之术，奈落之术，刺杀，红莲之术，伪情报,强袭，拔突，二连苦无，半月，猛毒苦无，十字投，乱苦无，叠返之术，铁壁,苦无名人,无要求,,,已登场,柳原户兵卫,头目,首领,黑胫巾众,黑胫巾之里,无,已登场,柳原户兵卫,头目,首领,黑胫巾众,黑胫巾之里,无,已登场,柳原户兵卫,头目,首领,黑胫巾众,黑胫巾之里,无,已登场,柳原户兵卫,头目,首领,黑胫巾众,黑胫巾之里,无,已登场,柳原户兵卫,头目,首领,黑胫巾众,黑胫巾之里,无,已登场,柳原户兵卫,头目,首领,黑胫巾众,黑胫巾之里,无,已登场,柳原户兵卫,头目,首领,黑胫巾众,黑胫巾之里,无,已登场,柳原户兵卫,头目,首领,黑胫巾众,黑胫巾之里,无,已登场,柳原户兵卫,浪人,其他,无,宇须岸之町,无,,,,"[{""stage"":"""",""tkid"":""749"",""ref"":""749_柳原户兵卫_朝右.png"",""emotion"":0}]"
lord_1_yamagata,,山縣昌景,山县昌景,山县,750,Yamagata Masakage,clan_yamagata_1,tosan,精确匹配织丰,1,1530,1554,1575,病死,饭富道悦,,饭富虎昌,只限武将,57,57,温和,普通,普通,轻率,重视情义,30,武具,普通,普通,源氏,枪,88,89,66,69,84,3,4,2,0,2,3,3,0,0,1,0,0,1,0,0,0,风林火山,强袭，连续斩，拔突，粘花，刚弓，卷枪，引落，柄返，刚力，铁壁,无,一般条件,,,已登场,饭富昌景,侍大将,直臣,武田家,踯躅崎馆,无,已登场,饭富昌景,侍大将,直臣,武田家,踯躅崎馆,无,已登场,饭富昌景,侍大将,直臣,武田家,踯躅崎馆,无,已登场,山县昌景,家老,直臣,武田家,踯躅崎馆,无,已登场,山县昌景,侍大将,直臣,武田家,踯躅崎馆,无,已死亡,山县昌景,无效,无效,无,无效,无,已死亡,山县昌景,无效,无效,无,无效,无,已死亡,山县昌景,无效,无效,无,无效,无,已登场,山县昌景,家老,直臣,山中家,江户城,无,,,,"[{""stage"":"""",""tkid"":""750"",""ref"":""750_山县昌景_朝右.png"",""emotion"":0}]"
lord_1_yamazaki_henie,,山崎片家,山崎片家,山崎,751,Yamazaki Henie,clan_yamazaki_1,hokuriku,家族和文化自动推断,1,1547,1561,1591,病死,,,,全职种,29,29,普通,胆小,现实,轻率,不重情义,45,艺术品,贪心,普通,源氏,刀剑,34,21,19,41,26,1,1,0,0,0,0,0,1,0,0,0,2,1,1,1,0,无,强袭,无,无要求,,,未登场,山崎片家,侍大将,直臣,六角家,观音寺城,无,未登场,山崎片家,足轻组头,直臣,六角家,观音寺城,无,已登场,山崎片家,足轻组头,直臣,六角家,观音寺城,无,已登场,山崎片家,足轻组头,直臣,织田家,岐阜城,无,已登场,山崎片家,足轻组头,直臣,织田家,岐阜城,无,已登场,山崎片家,足轻组头,直臣,织田家,安土城,无,已登场,山崎片家,足轻组头,直臣,羽柴家,石山本愿寺,无,已死亡,山崎片家,无效,无效,无,无效,无,已登场,山崎片家,家老,直臣,山中家,江户城,无,,,,"[{""stage"":"""",""tkid"":""751"",""ref"":""751_山崎片家_朝右.png"",""emotion"":0}]"
lord_1_yamazaki_7,,山崎長德,山崎长德,山崎,752,Yamazaki Naganori,clan_yamazaki_1,hokuriku,精确匹配织丰,1,1552,1566,1620,病死,,,,全职种,50,50,温和,普通,普通,轻率,普通,48,南蛮物,普通,普通,源氏,刀剑,46,36,23,32,37,2,1,1,0,0,0,1,0,0,1,0,0,0,0,0,0,无,强袭,无,无要求,,,未登场,山崎长德,足轻大将,直臣,朝仓家,一乘谷城,无,未登场,山崎长德,足轻组头,直臣,朝仓家,一乘谷城,无,未登场,山崎长德,足轻组头,直臣,朝仓家,一乘谷城,无,已登场,山崎长德,足轻大将,直臣,朝仓家,一乘谷城,无,已登场,山崎长德,足轻组头,陪臣（明智光秀）,织田家,坂本城,无,已登场,山崎长德,足轻大将,陪臣（明智光秀）,织田家,丹波龟山城,无,已登场,山崎长德,足轻大将,直臣,前田家,尾山城,无,已登场,山崎长德,侍大将,直臣,前田家,金泽城,无,已登场,山崎长德,部将,陪臣（山田长政）,山中家,小田原城,无,,,,"[{""stage"":"""",""tkid"":""752"",""ref"":""752_山崎长德_朝右.png"",""emotion"":0}]"
lord_1_yamada_arinobu,,山田有信,山田有信,山田,753,Yamada Arinobu,clan_yamada_1,saikai,基于分组自动创建家族,1,1544,1560,1609,病死,,,,只限武将,30,30,普通,勇敢,普通,普通,普通,44,南蛮物,普通,普通,其他,刀剑,63,68,33,61,64,2,1,2,0,1,1,3,0,0,0,0,1,1,1,0,0,钓野伏,强袭,无,无要求,,,未登场,山田有信,部将,直臣,岛津家,内城,无,未登场,山田有信,部将,直臣,岛津家,内城,无,已登场,山田有信,部将,直臣,岛津家,内城,无,已登场,山田有信,部将,直臣,岛津家,内城,无,已登场,山田有信,部将,直臣,岛津家,内城,无,已登场,山田有信,部将,直臣,岛津家,内城,无,已登场,山田有信,部将,直臣,岛津家,内城,无,已登场,山田有信,家老,直臣,岛津家,内城,无,已登场,山田有信,部将,陪臣（山田长政）,山中家,小田原城,无,,,,"[{""stage"":"""",""tkid"":""753"",""ref"":""753_山田有信_朝右.png"",""emotion"":0}]"
lord_1_yamada_nagamasa,,山田長政,山田长政,山田,754,Yamada Nagamasa,clan_yamada_1,saikai,基于分组自动创建家族,1,1590,1598,1630,战死,,,,全职种,40,40,普通,勇敢,理想,轻率,普通,55,南蛮物,贪心,嗜酒如命,其他,刀剑,68,27,60,67,55,2,2,1,2,0,0,0,2,1,2,1,3,0,3,0,0,无,强袭，二连苦无，丢钱,无,一般条件,,,未登场,山田长政,浪人,其他,无,京之町,无,未登场,山田长政,浪人,其他,无,京之町,无,未登场,山田长政,浪人,其他,无,京之町,无,未登场,山田长政,浪人,其他,无,京之町,无,未登场,山田长政,浪人,其他,无,京之町,无,未登场,山田长政,浪人,其他,无,京之町,无,未登场,山田长政,浪人,其他,无,京之町,无,已登场,山田长政,浪人,其他,无,骏府之町,无,已登场,山田长政,城主,直臣,山中家,小田原城,无,,,,"[{""stage"":"""",""tkid"":""754"",""ref"":""754_山田长政_朝右.png"",""emotion"":0}]"
lord_1_yamada_sooshoo,,山田宗昌,山田宗昌,山田,755,Yamada Sooshoo,clan_yamada_1,saikai,基于分组自动创建家族,1,1544,1558,1620,病死,,,,只限武将,80,80,性急,勇敢,普通,普通,重视情义,41,南蛮物,普通,普通,其他,刀剑,57,51,27,34,38,2,0,1,0,0,0,0,0,1,0,0,0,0,2,0,0,无,强袭,无,无要求,,,未登场,山田宗昌,侍大将,直臣,伊东家,都于郡城,无,未登场,山田宗昌,侍大将,直臣,伊东家,都于郡城,无,已登场,山田宗昌,侍大将,直臣,伊东家,都于郡城,无,已登场,山田宗昌,侍大将,直臣,伊东家,都于郡城,无,已登场,山田宗昌,侍大将,直臣,伊东家,都于郡城,无,已登场,山田宗昌,侍大将,陪臣（佐伯惟定）,大友家,佐伯城,无,已登场,山田宗昌,侍大将,陪臣（佐伯惟定）,大友家,佐伯城,无,已登场,山田宗昌,浪人,其他,无,油津之町,无,已登场,山田宗昌,部将,陪臣（山田长政）,山中家,小田原城,无,,,,"[{""stage"":"""",""tkid"":""755"",""ref"":""755_山田宗昌_朝右.png"",""emotion"":0}]"
lord_1_yamanaka_shikanosuke,,山中鹿介,山中鹿介,山中,756|1185,Yamanaka Shikanosuke,clan_yamanaka_1,sanyo,家族和文化自动推断,1,1545,1559,1578,战死,,,鸿池新六,只限武将,12,12,普通,勇敢,理想,轻率,重视情义,40,武具,无欲,普通,源氏,枪,71,79,21,57,90,3,3,2,0,2,3,2,2,0,1,2,1,1,2,0,1,无,强袭，连续斩，拔突，粘花，二连苦无，刚弓，卷枪，引落，柄返，刚力，铁壁,无,一般条件,,,未登场,山中鹿介,足轻大将,直臣,尼子家,月山富田城,无,未登场,山中鹿介,足轻组头,直臣,尼子家,月山富田城,无,已登场,山中鹿介,足轻组头,直臣,尼子家,月山富田城,无,已登场,山中鹿介,浪人,其他,无,松江之町,无,已登场,山中鹿介,浪人,其他,无,京之町,无,已死亡,山中鹿介,无效,无效,无,无效,无,已死亡,山中鹿介,无效,无效,无,无效,无,已死亡,山中鹿介,无效,无效,无,无效,无,已登场,山中鹿介,大名,首领,山中家,江户城,无,,,"[{""stage"":""志"",""tkid"":""756"",""ref"":"""",""emotion"":1},{""stage"":""战"",""tkid"":""1185"",""ref"":"""",""emotion"":1}]","[{""stage"":""志"",""tkid"":""756"",""ref"":""756_山中鹿介_朝右.png"",""emotion"":1},{""stage"":""战"",""tkid"":""1185"",""ref"":""1185_山中鹿介_朝右.png"",""emotion"":1}]"
lord_1_yamanaka_shunkou,,山中俊好,山中俊好,山中,757,Yamanaka Shunkou,clan_yamanaka_1,sanyo,家族和文化自动推断,1,1537,1554,1595,病死,,,,只限武将,20,20,普通,普通,普通,轻率,普通,49,南蛮物,普通,普通,其他,锁镰,47,61,35,40,36,1,1,1,0,2,1,1,3,0,0,0,0,0,0,0,1,奈落之术，雾隐之术，错乱之术,二连苦无，半月，千鸟，刚弓,无,一般条件,,,已登场,山中俊好,足轻大将,直臣,六角家,观音寺城,无,已登场,山中俊好,足轻组头,直臣,六角家,观音寺城,无,已登场,山中俊好,足轻组头,直臣,六角家,观音寺城,无,已登场,山中俊好,浪人,其他,无,目加田之町,无,已登场,山中俊好,足轻组头,直臣,织田家,岐阜城,无,已登场,山中俊好,足轻组头,直臣,织田家,安土城,无,已登场,山中俊好,足轻组头,直臣,羽柴家,石山本愿寺,无,已死亡,山中俊好,无效,无效,无,无效,无,已登场,山中俊好,家老,直臣,山中家,江户城,无,,,,"[{""stage"":"""",""tkid"":""757"",""ref"":""757_山中俊好_朝右.png"",""emotion"":0}]"
lord_1_yamana_yuu,,山名祐豐,山名祐丰,山名,758,Yamana Yuu,clan_yamana_1,kinai,家族和文化自动推断,1,1511,1554,1580,病死,,,,只限武将,90,90,普通,勇敢,理想,轻率,不重情义,62,南蛮物,贪心,滴酒不沾,源氏,刀剑,50,33,32,40,41,2,1,0,1,0,0,1,0,0,1,4,0,0,0,0,0,无,强袭,无,一般条件,,,已登场,山名祐丰,大名,首领,山名家,鸟取城,无,已登场,山名祐丰,大名,首领,山名家,鸟取城,无,已登场,山名祐丰,大名,首领,山名家,鸟取城,无,已登场,山名祐丰,大名,首领,山名家,鸟取城,无,已登场,山名祐丰,大名,首领,山名家,鸟取城,无,已死亡,山名祐丰,无效,无效,无,无效,无,已死亡,山名祐丰,无效,无效,无,无效,无,已死亡,山名祐丰,无效,无效,无,无效,无,已登场,山名祐丰,部将,直臣,山中家,江户城,无,,,,"[{""stage"":"""",""tkid"":""758"",""ref"":""758_山名祐丰_朝右.png"",""emotion"":0}]"
lord_1_yamana_zentaka,,山名禪高,山名禅高,山名,759,Yamana Zentaka,clan_yamana_1,kinai,家族和文化自动推断,1,1548,1562,1626,病死,,,,只限武将,90,90,普通,胆小,现实,轻率,普通,51,艺术品,普通,普通,源氏,刀剑,25,31,39,12,42,0,1,1,0,1,1,0,0,0,0,1,0,3,2,3,0,无,强袭,无,无要求,,,未登场,山名丰国,部将,直臣,山名家,鸟取城,无,未登场,山名丰国,部将,直臣,山名家,鸟取城,无,已登场,山名丰国,部将,直臣,山名家,鸟取城,无,已登场,山名丰国,部将,直臣,山名家,鸟取城,无,已登场,山名丰国,部将,直臣,山名家,鸟取城,无,已登场,山名禅高,浪人,其他,无,出石之町,无,已登场,山名禅高,浪人,其他,无,出石之町,无,已登场,山名禅高,浪人,其他,无,出石之町,无,已登场,山名丰国,部将,直臣,山中家,江户城,无,,,,"[{""stage"":"""",""tkid"":""759"",""ref"":""759_山名禅高_朝右.png"",""emotion"":0}]"
lord_1_yamauchi_kazutoyo,,山內一豐,山内一丰,山内,760,Yamauchi Kazutoyo,clan_yamauchi_1,tokai,基于分组自动创建家族,1,1546,1560,1605,病死,,,,全职种,2,2,普通,胆小,普通,普通,重视情义,53,南蛮物,普通,普通,藤原氏,刀剑,62,50,55,59,54,1,1,1,1,1,1,1,1,1,1,1,1,1,1,1,1,无,强袭,无,一般条件,,,未登场,山内一丰,足轻组头,直臣,织田家,那古野城,无,未登场,山内一丰,足轻组头,直臣,织田家,清洲城,无,已登场,山内一丰,足轻组头,直臣,织田家,清洲城,无,已登场,山内一丰,足轻组头,直臣,织田家,岐阜城,无,已登场,山内一丰,足轻组头,直臣,织田家,岐阜城,无,已登场,山内一丰,足轻大将,直臣,织田家,安土城,无,已登场,山内一丰,侍大将,直臣,羽柴家,石山本愿寺,无,已登场,山内一丰,大名,首领,山内家,二俣城,无,已登场,山内一丰,部将,直臣,山中家,江户城,无,,,,"[{""stage"":"""",""tkid"":""760"",""ref"":""760_山内一丰_朝右.png"",""emotion"":0}]"
lord_1_yamamoto_kansuke,,山本勘助,山本勘助,山本,761,Yamamoto Kansuke,clan_yamamoto_1,tosan,基于分组自动创建家族,1,1493,1554,1561,战死,,,,全职种,62,62,普通,普通,理想,慎重,普通,55,书籍,无欲,普通,源氏,刀剑,83,44,52,84,69,4,3,1,1,0,0,4,3,4,1,1,2,0,3,0,0,强行突破，紧急修补，影武者，鬼谋，内讧之术,强袭，二连苦无，半月,军师,不可,,主角武田信玄，川中岛之战败北,已登场,山本勘助,足轻大将,直臣,武田家,踯躅崎馆,无,已登场,山本勘助,侍大将,直臣,武田家,踯躅崎馆,无,已登场,山本勘助,侍大将,直臣,武田家,踯躅崎馆,无,已死亡,山本勘助,无效,无效,无,无效,无,已死亡,山本勘助,无效,无效,无,无效,无,已死亡,山本勘助,无效,无效,无,无效,无,已死亡,山本勘助,无效,无效,无,无效,无,已死亡,山本勘助,无效,无效,无,无效,无,已登场,山本勘助,家老,直臣,山中家,江户城,无,,,,"[{""stage"":"""",""tkid"":""761"",""ref"":""761_山本勘助_朝右.png"",""emotion"":0}]"
lord_1_yuasa_gosuke,,湯淺五助,汤浅五助,汤浅,762,Yuasa Gosuke,clan_yuasa_1,neutral_culture,基于分组自动创建家族,1,1572,1580,1600,战死,,,,只限武将,13,13,性急,勇敢,理想,普通,普通,31,武具,普通,普通,其他,枪,46,64,25,21,56,2,0,0,0,1,2,0,0,0,0,0,0,2,0,0,1,无,强袭，拔突，铁壁,无,无要求,,,未登场,汤浅五助,浪人,其他,无,敦贺之町,无,未登场,汤浅五助,浪人,其他,无,敦贺之町,无,未登场,汤浅五助,浪人,其他,无,敦贺之町,无,未登场,汤浅五助,浪人,其他,无,敦贺之町,无,未登场,汤浅五助,浪人,其他,无,敦贺之町,无,已登场,汤浅五助,浪人,其他,无,敦贺之町,无,已登场,汤浅五助,浪人,其他,无,敦贺之町,无,已登场,汤浅五助,部将,直臣,大谷家,敦贺城,无,已登场,汤浅五助,家老,直臣,五代家,安土城,无,,,,"[{""stage"":"""",""tkid"":""762"",""ref"":""762_汤浅五助_朝右.png"",""emotion"":0}]"
lord_1_yuki,,結城晴朝,结城晴朝,结城,763,Yuki Harutomo,clan_yuki_1,kanto,精确匹配织丰,1,1533,1554,1614,病死,,结城政朝,结城政胜,只限武将,11,11,温和,胆小,现实,慎重,普通,50,南蛮物,无欲,嗜酒如命,藤原氏,枪,41,37,46,56,61,0,1,0,0,0,0,1,0,2,2,1,1,2,3,1,0,无,拔突,无,一般条件,,,已登场,结城晴朝,家老,直臣,结城家,结城城,无,已登场,结城晴朝,家老,直臣,结城家,结城城,无,已登场,结城晴朝,大名,首领,结城家,结城城,无,已登场,结城晴朝,大名,首领,结城家,结城城,无,已登场,结城晴朝,大名,首领,结城家,结城城,无,已登场,结城晴朝,大名,首领,结城家,结城城,无,已登场,结城晴朝,大名,首领,结城家,结城城,无,已登场,结城晴朝,家老,直臣,结城家,结城城,无,已登场,结城晴朝,浪人,其他,无,鹿屋之町,无,,,,"[{""stage"":"""",""tkid"":""763"",""ref"":""763_结城晴朝_朝右.png"",""emotion"":0}]"
lord_1_yuki_hideyasu,,結城秀康,结城秀康,结城,764,Yuki Hideyasu,clan_yuki_1,kanto,家族和文化自动推断,1,1574,1588,1607,病死,德川家康,松平广忠,德川家康 德川信康 德川秀忠 松平忠吉 松平广忠,只限武将,90,10,性急,勇敢,普通,轻率,普通,79,武具,普通,嗜酒如命,源氏,枪,83,83,52,34,86,2,3,2,0,2,2,2,0,1,2,1,1,2,0,0,0,无,强袭，拔突，刚弓，铁壁,无,一般条件,,,未登场,德川秀康,足轻组头,陪臣（松平竹千代）,松平家,冈崎城,无,未登场,德川秀康,足轻组头,陪臣（松平元康）,今川家,冈崎城,无,未登场,德川秀康,足轻组头,陪臣（松平元康）,今川家,冈崎城,无,未登场,德川秀康,足轻组头,直臣,德川家,冈崎城,无,未登场,德川秀康,足轻组头,陪臣（德川家康）,德川家,滨松城,无,已登场,德川秀康,足轻大将,直臣,德川家,滨松城,无,已登场,德川秀康,足轻大将,直臣,德川家,滨松城,无,已登场,结城秀康,大名,首领,结城家,结城城,无,已登场,结城秀康,浪人,其他,无,仙台之町,无,,,,"[{""stage"":"""",""tkid"":""764"",""ref"":""764_结城秀康_朝右.png"",""emotion"":0}]"
lord_1_yuki_matsurigoto,,結城政勝,结城政胜,结城,765,Yuki Matsurigoto,clan_yuki_1,kanto,家族和文化自动推断,1,1503,1554,1559,病死,结城政朝,,结城晴朝,只限武将,11,11,温和,胆小,普通,普通,普通,69,艺术品,普通,普通,藤原氏,刀剑,57,34,72,68,60,1,1,0,1,1,0,2,0,0,1,0,0,3,3,0,1,无,强袭,无,无要求,,,已登场,结城政胜,大名,首领,结城家,结城城,无,已登场,结城政胜,大名,首领,结城家,结城城,无,已死亡,结城政胜,无效,无效,无,无效,无,已死亡,结城政胜,无效,无效,无,无效,无,已死亡,结城政胜,无效,无效,无,无效,无,已死亡,结城政胜,无效,无效,无,无效,无,已死亡,结城政胜,无效,无效,无,无效,无,已死亡,结城政胜,无效,无效,无,无效,无,已登场,结城政胜,浪人,其他,无,今治之町,无,,,,"[{""stage"":"""",""tkid"":""765"",""ref"":""765_结城政胜_朝右.png"",""emotion"":0}]"
lord_1_yusa,,游佐續光,游佐续光,游佐,766,Yusa Tsugumitsu,clan_yusa_1,hokuriku,精确匹配织丰,1,1517,1554,1581,病死,,,,全职种,90,90,普通,胆小,理想,轻率,不重情义,77,南蛮物,贪心,普通,藤原氏,刀剑,29,39,39,46,52,0,1,0,0,0,0,0,0,0,0,0,1,0,1,0,0,无,强袭,无,无要求,,,已登场,游佐续光,家老,直臣,畠山家,七尾城,无,已登场,游佐续光,部将,直臣,畠山家,七尾城,无,已登场,游佐续光,部将,直臣,畠山家,七尾城,无,已登场,游佐续光,家老,直臣,长家,七尾城,无,已登场,游佐续光,部将,直臣,长家,七尾城,无,已死亡,游佐续光,无效,无效,无,无效,无,已死亡,游佐续光,无效,无效,无,无效,无,已死亡,游佐续光,无效,无效,无,无效,无,已登场,游佐续光,浪人,其他,无,奈良之町,无,,,,"[{""stage"":"""",""tkid"":""766"",""ref"":""766_游佐续光_朝右.png"",""emotion"":0}]"
lord_1_yuri_kanenosuke,,由利鎌之助,由利镰之助,由利,767,Yuri Kanenosuke,clan_yuri_1,neutral_culture,基于分组自动创建家族,1,1583,1597,1615,病死,,,,全职种,49,49,性急,勇敢,普通,轻率,重视情义,31,武具,普通,普通,其他,锁镰,38,80,36,58,68,1,1,0,0,3,3,0,0,1,1,1,0,0,1,0,0,无,强袭，连续斩，拔突，粘花，刚弓，卷枪，引落，柄返，刚力，铁壁,无,一般条件,,,未登场,由利镰之助,浪人,其他,无,小诸之町,无,未登场,由利镰之助,浪人,其他,无,小诸之町,无,未登场,由利镰之助,浪人,其他,无,小诸之町,无,未登场,由利镰之助,浪人,其他,无,小诸之町,无,未登场,由利镰之助,浪人,其他,无,小诸之町,无,未登场,由利镰之助,浪人,其他,无,小诸之町,无,未登场,由利镰之助,浪人,其他,无,小诸之町,无,已登场,由利镰之助,浪人,其他,无,大凑之町,无,已登场,由利镰之助,浪人,其他,无,敦贺之町,无,,,,"[{""stage"":"""",""tkid"":""767"",""ref"":""767_由利镰之助_朝右.png"",""emotion"":0}]"
lord_1_yokoya_sakon,,横谷左近,横谷左近,横谷,768,Yokoya Sakon,clan_yokoya_1,neutral_culture,基于分组自动创建家族,1,1549,1560,1615,病死,,,,全职种,49,49,普通,普通,现实,普通,重视情义,55,书籍,普通,滴酒不沾,其他,苦无,41,68,30,59,55,1,0,2,0,2,2,1,4,0,0,0,0,0,0,0,0,鬼脚之术，破技之术，千里眼术，刺杀，红莲之术,强袭，拔突，二连苦无，半月，刚弓，猛毒苦无，十字投，乱苦无，叠返之术，铁壁,苦无名人,无要求,,,未登场,横谷左近,上忍,直臣,户隐众,户隐之里,无,未登场,横谷左近,上忍,直臣,户隐众,户隐之里,无,已登场,横谷左近,上忍,直臣,户隐众,户隐之里,无,已登场,横谷左近,上忍,直臣,户隐众,户隐之里,无,已登场,横谷左近,上忍,直臣,户隐众,户隐之里,无,已登场,横谷左近,上忍,直臣,户隐众,户隐之里,无,已登场,横谷左近,上忍,直臣,户隐众,户隐之里,无,已登场,横谷左近,上忍,直臣,户隐众,户隐之里,无,已登场,横谷左近,浪人,其他,无,姬路之町,无,,,,"[{""stage"":"""",""tkid"":""768"",""ref"":""768_横谷左近_朝右.png"",""emotion"":0}]"
lord_1_yoshie_kagekatsu,,吉江景資,吉江景资,吉江,769,Yoshie Kagekatsu,clan_yoshie_1,hokuriku,基于分组自动创建家族,1,1527,1554,1582,战死,,,中条景泰,只限武将,15,15,普通,普通,普通,慎重,重视情义,24,艺术品,普通,普通,藤原氏,刀剑,48,48,47,44,62,1,1,0,0,1,1,2,0,0,0,0,0,0,0,0,1,无,强袭,无,无要求,,,已登场,吉江景资,家老,直臣,长尾家,春日山城,无,已登场,吉江景资,足轻大将,直臣,长尾家,春日山城,无,已登场,吉江景资,足轻大将,直臣,长尾家,春日山城,无,已登场,吉江景资,城主,直臣,上杉家,唐泽山城,无,已登场,吉江景资,足轻大将,直臣,上杉家,春日山城,无,已登场,吉江景资,侍大将,陪臣（中条景泰）,上杉家,鱼津城,无,已死亡,吉江景资,无效,无效,无,无效,无,已死亡,吉江景资,无效,无效,无,无效,无,已登场,吉江景资,浪人,其他,无,会津之町,无,,,,"[{""stage"":"""",""tkid"":""769"",""ref"":""769_吉江景资_朝右.png"",""emotion"":0}]"
lord_1_yoshioka_kenpoo,,吉岡憲法,吉冈宪法,吉冈,770,Yoshioka Kenpoo,clan_yoshioka_1,saikai,基于分组自动创建家族,1,1535,1554,1591,病死,,,吉冈清十郎 吉冈传七郎,没那个意思,60,60,温和,普通,普通,慎重,普通,50,艺术品,无欲,普通,其他,刀剑,15,90,16,30,47,0,0,0,0,1,4,2,0,0,0,0,3,3,0,0,0,无,强袭，连续斩，霞，拔突，当身，刚力，铁壁，丢钱，猫骗，闪电,剑豪,一般条件,,,已登场,吉冈宪法,师范,其他,无,京之町,吉冈流,已登场,吉冈宪法,师范,其他,无,京之町,吉冈流,已登场,吉冈宪法,师范,其他,无,京之町,吉冈流,已登场,吉冈宪法,师范,其他,无,京之町,吉冈流,已登场,吉冈宪法,师范,其他,无,京之町,吉冈流,已登场,吉冈宪法,师范,其他,无,京之町,吉冈流,已登场,吉冈宪法,师范,其他,无,京之町,吉冈流,已死亡,吉冈宪法,无效,无效,无,无效,无,已登场,吉冈宪法,师范,其他,无,京之町,吉冈流,,,,"[{""stage"":"""",""tkid"":""770"",""ref"":""770_吉冈宪法_朝右.png"",""emotion"":0}]"
lord_1_yoshioka_seijuroo,,吉岡清十郎,吉冈清十郎,吉冈,771,Yoshioka Seijuroo,clan_yoshioka_1,saikai,基于分组自动创建家族,1,1577,1588,1604,病死,吉冈宪法,,吉冈宪法 吉冈传七郎,没那个意思,60,60,温和,胆小,理想,慎重,普通,23,南蛮物,无欲,滴酒不沾,其他,刀剑,12,87,10,13,55,0,0,1,0,1,3,2,0,0,0,0,0,2,0,0,0,无,强袭，连续斩，霞，拔突，刚力，铁壁，猫骗，闪电,剑客,不可,,主角宫本武藏，剧情流程,未登场,吉冈清十郎,师范代,其他,无,京之町,吉冈流,未登场,吉冈清十郎,师范代,其他,无,京之町,吉冈流,未登场,吉冈清十郎,师范代,其他,无,京之町,吉冈流,未登场,吉冈清十郎,师范代,其他,无,京之町,吉冈流,未登场,吉冈清十郎,师范代,其他,无,京之町,吉冈流,未登场,吉冈清十郎,师范代,其他,无,京之町,吉冈流,未登场,吉冈清十郎,师范代,其他,无,京之町,吉冈流,已登场,吉冈清十郎,师范,其他,无,京之町,吉冈流,已登场,吉冈清十郎,家老,直臣,十河家,广岛城,吉冈流,,,,"[{""stage"":"""",""tkid"":""771"",""ref"":""771_吉冈清十郎_朝右.png"",""emotion"":0}]"
lord_1_yoshioka_denshiroo,,吉岡伝七郎,吉冈传七郎,吉冈,772,Yoshioka Denshiroo,clan_yoshioka_1,saikai,基于分组自动创建家族,1,1580,1594,1604,病死,吉冈宪法,,吉冈宪法 吉冈清十郎,没那个意思,60,60,性急,勇敢,理想,轻率,普通,71,南蛮物,贪心,嗜酒如命,其他,刀剑,12,88,7,4,40,1,0,0,0,1,3,1,0,0,0,0,0,0,0,0,0,无,强袭，连续斩，霞，拔突，刚力，铁壁，猫骗，闪电,剑客,不可,,主角宫本武藏，剧情流程,未登场,吉冈传七郎,师范代,其他,无,京之町,吉冈流,未登场,吉冈传七郎,师范代,其他,无,京之町,吉冈流,未登场,吉冈传七郎,师范代,其他,无,京之町,吉冈流,未登场,吉冈传七郎,师范代,其他,无,京之町,吉冈流,未登场,吉冈传七郎,师范代,其他,无,京之町,吉冈流,未登场,吉冈传七郎,师范代,其他,无,京之町,吉冈流,未登场,吉冈传七郎,师范代,其他,无,京之町,吉冈流,已登场,吉冈传七郎,师范代,其他,无,京之町,吉冈流,已登场,吉冈传七郎,家老,直臣,七条家,杂贺城,吉冈流,,,,"[{""stage"":"""",""tkid"":""772"",""ref"":""772_吉冈传七郎_朝右.png"",""emotion"":0}]"
lord_1_yoshioka_nagazane,,吉岡長增,吉冈长增,吉冈,773,Yoshioka Nagazane,clan_yoshioka_1,saikai,基于分组自动创建家族,1,1502,1554,1573,病死,,,,全职种,84,84,普通,普通,普通,轻率,普通,34,南蛮物,普通,普通,其他,刀剑,48,52,35,73,52,0,1,1,0,0,0,3,0,0,1,0,0,2,2,1,0,无,强袭,无,无要求,,,已登场,吉冈长增,家老,直臣,大友家,府内城,无,已登场,吉冈长增,家老,直臣,大友家,府内城,无,已登场,吉冈长增,家老,直臣,大友家,府内城,无,已登场,吉冈长增,家老,直臣,大友家,府内城,无,已死亡,吉冈长增,无效,无效,无,无效,无,已死亡,吉冈长增,无效,无效,无,无效,无,已死亡,吉冈长增,无效,无效,无,无效,无,已死亡,吉冈长增,无效,无效,无,无效,无,已登场,吉冈长增,浪人,其他,无,长滨之町,无,,,,"[{""stage"":"""",""tkid"":""773"",""ref"":""773_吉冈长增_朝右.png"",""emotion"":0}]"
lord_1_yoshida,,吉田重俊,吉田重俊,吉田,774,Yoshida Shigetoshi,clan_yoshida_1,nankai,精确匹配织丰,1,1498,1554,1570,病死,吉田则弘,,江村亲家 吉田孝赖,全职种,80,80,普通,普通,普通,慎重,普通,51,书籍,普通,嗜酒如命,其他,刀剑,52,54,45,72,61,2,1,1,1,0,0,2,0,0,0,0,1,2,2,0,0,无,强袭,无,无要求,,,已登场,吉田重俊,部将,直臣,长宗我部家,冈丰城,无,已登场,吉田重俊,部将,直臣,长宗我部家,冈丰城,无,已登场,吉田重俊,部将,直臣,长宗我部家,冈丰城,无,已登场,吉田重俊,部将,直臣,长宗我部家,冈丰城,无,已死亡,吉田重俊,无效,无效,无,无效,无,已死亡,吉田重俊,无效,无效,无,无效,无,已死亡,吉田重俊,无效,无效,无,无效,无,已死亡,吉田重俊,无效,无效,无,无效,无,已登场,吉田重俊,浪人,其他,无,厩桥之町,无,,,,"[{""stage"":"""",""tkid"":""774"",""ref"":""774_吉田重俊_朝右.png"",""emotion"":0}]"
dead_lord_1_yoshida_7,,吉田孝賴,吉田孝赖,吉田,775,Yoshida Takayori,clan_yoshida_1,nankai,精确匹配织丰,1,1494,1554,1570,病死,吉田则弘,,江村亲家 吉田重俊,全职种,80,80,普通,普通,现实,慎重,普通,44,南蛮物,普通,普通,其他,刀剑,53,61,62,71,70,1,2,1,1,0,0,2,0,0,1,1,1,2,2,1,0,无,强袭,无,无要求,,,已登场,吉田孝赖,家老,直臣,长宗我部家,冈丰城,无,已登场,吉田孝赖,家老,直臣,长宗我部家,冈丰城,无,已登场,吉田孝赖,家老,直臣,长宗我部家,冈丰城,无,已登场,吉田孝赖,家老,直臣,长宗我部家,冈丰城,无,已死亡,吉田孝赖,无效,无效,无,无效,无,已死亡,吉田孝赖,无效,无效,无,无效,无,已死亡,吉田孝赖,无效,无效,无,无效,无,已死亡,吉田孝赖,无效,无效,无,无效,无,已登场,吉田孝赖,浪人,其他,无,直江津之町,无,,,,"[{""stage"":"""",""tkid"":""775"",""ref"":""775_吉田孝赖_朝右.png"",""emotion"":0}]"
lord_1_yoshida_masashige,,吉田政重,吉田政重,吉田,776,Yoshida Masashige,clan_yoshida_1,nankai,家族和文化自动推断,1,1568,1582,1628,病死,,,,全职种,80,80,普通,勇敢,普通,轻率,普通,56,武具,普通,嗜酒如命,其他,刀剑,60,71,23,41,67,2,2,2,1,1,1,2,0,0,0,0,0,0,0,0,4,无,强袭，伤药，止血,无,无要求,,,未登场,吉田政重,足轻组头,直臣,长宗我部家,冈丰城,无,未登场,吉田政重,足轻组头,直臣,长宗我部家,冈丰城,无,未登场,吉田政重,足轻组头,直臣,长宗我部家,冈丰城,无,未登场,吉田政重,足轻组头,直臣,长宗我部家,冈丰城,无,未登场,吉田政重,足轻组头,直臣,长宗我部家,冈丰城,无,已登场,吉田政重,足轻组头,直臣,长宗我部家,冈丰城,无,已登场,吉田政重,足轻组头,直臣,长宗我部家,冈丰城,无,已登场,吉田政重,侍大将,直臣,长宗我部家,冈丰城,无,已登场,吉田政重,浪人,其他,无,足利之町,无,,,,"[{""stage"":"""",""tkid"":""776"",""ref"":""776_吉田政重_朝右.png"",""emotion"":0}]"
lord_1_yoshida_yasutoshi,,吉田康俊,吉田康俊,吉田,777,Yoshida Yasutoshi,clan_yoshida_1,nankai,家族和文化自动推断,1,1565,1579,1634,病死,,,,只限武将,80,80,普通,普通,普通,轻率,重视情义,38,武具,无欲,普通,其他,刀剑,61,51,31,48,53,3,2,2,1,0,0,2,0,0,0,0,1,0,0,0,0,无,强袭,无,无要求,,,未登场,吉田康俊,足轻组头,直臣,长宗我部家,冈丰城,无,未登场,吉田康俊,足轻组头,直臣,长宗我部家,冈丰城,无,未登场,吉田康俊,足轻组头,直臣,长宗我部家,冈丰城,无,未登场,吉田康俊,足轻组头,直臣,长宗我部家,冈丰城,无,未登场,吉田康俊,足轻组头,直臣,长宗我部家,冈丰城,无,已登场,吉田康俊,足轻组头,直臣,长宗我部家,冈丰城,无,已登场,吉田康俊,足轻组头,直臣,长宗我部家,冈丰城,无,已登场,吉田康俊,部将,直臣,长宗我部家,冈丰城,无,已登场,吉田康俊,浪人,其他,无,滨松之町,无,,,,"[{""stage"":"""",""tkid"":""777"",""ref"":""777_吉田康俊_朝右.png"",""emotion"":0}]"
lord_1_yoshihiro,,吉弘鑒理,吉弘鉴理,吉弘,778,Yoshihiro Akitada,clan_yoshihiro_1,saikai,精确匹配织丰,1,1520,1554,1571,病死,,,高桥绍运 立花直次 立花宗茂 吉弘镇信,只限武将,80,80,普通,普通,普通,普通,重视情义,48,南蛮物,普通,普通,藤原氏,刀剑,66,61,47,48,44,3,3,1,0,1,1,3,0,0,1,1,0,0,0,1,0,无,强袭,无,无要求,,,已登场,吉弘鉴理,部将,直臣,大友家,府内城,无,已登场,吉弘鉴理,部将,直臣,大友家,府内城,无,已登场,吉弘鉴理,部将,直臣,大友家,府内城,无,已登场,吉弘鉴理,部将,直臣,大友家,府内城,无,已死亡,吉弘鉴理,无效,无效,无,无效,无,已死亡,吉弘鉴理,无效,无效,无,无效,无,已死亡,吉弘鉴理,无效,无效,无,无效,无,已死亡,吉弘鉴理,无效,无效,无,无效,无,已登场,吉弘鉴理,浪人,其他,无,松仓之町,无,,,,"[{""stage"":"""",""tkid"":""778"",""ref"":""778_吉弘鉴理_朝右.png"",""emotion"":0}]"
lord_1_yoshimi,,吉見正賴,吉见正赖,吉见,779,Yoshimi Masayori,clan_yoshimi_1,sanyo,精确匹配织丰,1,1513,1554,1588,病死,,,,只限武将,39,39,普通,普通,普通,轻率,普通,40,书籍,普通,普通,源氏,刀剑,51,44,67,49,59,1,2,1,0,0,0,1,0,1,0,1,2,1,0,0,0,无,强袭,无,无要求,,,已登场,吉见正赖,城主,直臣,大内家,益田城,无,已登场,吉见正赖,城主,直臣,大内家,益田城,无,已登场,吉见正赖,侍大将,直臣,毛利家,吉田郡山城,无,已登场,吉见正赖,侍大将,直臣,毛利家,吉田郡山城,无,已登场,吉见正赖,侍大将,直臣,毛利家,吉田郡山城,无,已登场,吉见正赖,侍大将,直臣,毛利家,吉田郡山城,无,已登场,吉见正赖,侍大将,直臣,毛利家,吉田郡山城,无,已死亡,吉见正赖,无效,无效,无,无效,无,已登场,吉见正赖,浪人,其他,无,松江之町,无,,,,"[{""stage"":"""",""tkid"":""779"",""ref"":""779_吉见正赖_朝右.png"",""emotion"":0}]"
lord_1_yose_kurando,,世瀨藏人,世濑藏人,世濑,780,Yose Kurando,clan_yose_1,neutral_culture,基于分组自动创建家族,1,1543,1557,1614,病死,,,,武将以外优先,60,60,普通,普通,现实,普通,重视情义,40,武具,无欲,嗜酒如命,其他,苦无,40,68,17,59,25,2,0,2,0,1,2,0,4,1,1,0,0,0,1,0,2,城门爆破，雾隐之术，红莲之术,强袭，拔突，二连苦无，半月，猛毒苦无，十字投，乱苦无，叠返之术，铁壁,苦无名人,一般条件,,,未登场,世濑藏人,上忍,直臣,黑胫巾众,黑胫巾之里,无,未登场,世濑藏人,上忍,直臣,黑胫巾众,黑胫巾之里,无,已登场,世濑藏人,上忍,直臣,黑胫巾众,黑胫巾之里,无,已登场,世濑藏人,上忍,直臣,黑胫巾众,黑胫巾之里,无,已登场,世濑藏人,上忍,直臣,黑胫巾众,黑胫巾之里,无,已登场,世濑藏人,上忍,直臣,黑胫巾众,黑胫巾之里,无,已登场,世濑藏人,上忍,直臣,黑胫巾众,黑胫巾之里,无,已登场,世濑藏人,上忍,直臣,黑胫巾众,黑胫巾之里,无,已登场,世濑藏人,浪人,其他,无,浦户之町,无,,,,"[{""stage"":"""",""tkid"":""780"",""ref"":""780_世濑藏人_朝右.png"",""emotion"":0}]"
lord_1_yodoya_tsunayasu,,澱屋常安,淀屋常安,淀屋,781,Yodoya Tsunayasu,clan_yodoya_1,neutral_culture,基于分组自动创建家族,1,1552,1566,1622,病死,,,,武将以外优先,90,90,温和,勇敢,普通,普通,普通,72,南蛮物,贪心,普通,其他,枪,7,8,86,81,60,0,0,0,0,0,0,0,0,4,0,2,4,0,3,2,0,无,拔突，丢钱，贿赂,无,无要求,,,未登场,淀屋常安,浪人,其他,无,石山之町,无,未登场,淀屋常安,浪人,其他,无,石山之町,无,未登场,淀屋常安,浪人,其他,无,石山之町,无,已登场,淀屋常安,浪人,其他,无,石山之町,无,已登场,淀屋常安,浪人,其他,无,石山之町,无,已登场,淀屋常安,当家,首领,淀屋,石山之町,无,已登场,淀屋常安,当家,首领,淀屋,石山之町,无,已登场,淀屋常安,当家,首领,淀屋,大坂之町,无,已登场,淀屋常安,浪人,其他,无,会津之町,无,,,,"[{""stage"":"""",""tkid"":""781"",""ref"":""781_淀屋常安_朝右.png"",""emotion"":0}]"
lord_1_yanada_toozaemon,,梁田藤左衛門,梁田藤左卫门,梁田,782,Yanada Toozaemon,clan_yanada_1,neutral_culture,基于分组自动创建家族,1,1542,1556,1620,病死,,,,武将以外优先,51,51,普通,勇敢,现实,普通,普通,43,艺术品,普通,滴酒不沾,其他,枪,9,11,64,47,58,1,0,0,0,0,0,0,0,2,2,1,4,2,2,2,0,无,拔突，丢钱，贿赂，大宴宾客,风雅之士,一般条件,,,已登场,梁田藤左卫门,当家,首领,梁田屋,会津之町,无,已登场,梁田藤左卫门,当家,首领,梁田屋,会津之町,无,已登场,梁田藤左卫门,当家,首领,梁田屋,会津之町,无,已登场,梁田藤左卫门,当家,首领,梁田屋,会津之町,无,已登场,梁田藤左卫门,当家,首领,梁田屋,会津之町,无,已登场,梁田藤左卫门,当家,首领,梁田屋,会津之町,无,已登场,梁田藤左卫门,当家,首领,梁田屋,会津之町,无,已登场,梁田藤左卫门,当家,首领,梁田屋,会津之町,无,已登场,梁田藤左卫门,浪人,其他,无,小诸之町,无,,,,"[{""stage"":"""",""tkid"":""782"",""ref"":""782_梁田藤左卫门_朝右.png"",""emotion"":0}]"
lord_1_yorika_sakyo,,依岡左京,依冈左京,依冈,783,Yorika Sakyo,clan_yorika_1,nankai,基于分组自动创建家族,1,1542,1556,1586,战死,,,,全职种,80,80,普通,勇敢,普通,普通,普通,48,南蛮物,无欲,普通,其他,刀剑,52,67,32,33,57,2,1,1,1,1,0,0,0,1,0,1,0,1,1,0,0,无,强袭,无,无要求,,,未登场,依冈左京,侍大将,直臣,一条家,中村城,无,未登场,依冈左京,侍大将,直臣,一条家,中村城,无,已登场,依冈左京,侍大将,直臣,一条家,中村城,无,已登场,依冈左京,侍大将,直臣,一条家,中村城,无,已登场,依冈左京,侍大将,直臣,长宗我部家,冈丰城,无,已登场,依冈左京,侍大将,直臣,长宗我部家,冈丰城,无,已登场,依冈左京,侍大将,直臣,长宗我部家,冈丰城,无,已死亡,依冈左京,无效,无效,无,无效,无,已登场,依冈左京,浪人,其他,无,冈崎之町,无,,,,"[{""stage"":"""",""tkid"":""783"",""ref"":""783_依冈左京_朝右.png"",""emotion"":0}]"
lord_1_ryuzoji_chikaie,,龍造寺家就,龙造寺家就,龙造寺,784,Ryuzoji Chikaie,clan_ryuzoji_1,saikai,家族和文化自动推断,1,1526,1554,1582,病死,,,,只限武将,60,60,普通,勇敢,普通,普通,普通,55,南蛮物,普通,普通,藤原氏,刀剑,57,53,57,47,55,2,2,2,1,1,1,2,0,0,0,0,1,1,1,0,0,无,强袭,无,无要求,,,已登场,龙造寺家就,家老,直臣,龙造寺家,佐嘉城,无,已登场,龙造寺家就,家老,直臣,龙造寺家,佐嘉城,无,已登场,龙造寺家就,家老,直臣,龙造寺家,佐嘉城,无,已登场,龙造寺家就,家老,直臣,龙造寺家,佐嘉城,无,已登场,龙造寺家就,家老,直臣,龙造寺家,佐嘉城,无,已登场,龙造寺家就,家老,直臣,龙造寺家,佐嘉城,无,已死亡,龙造寺家就,无效,无效,无,无效,无,已死亡,龙造寺家就,无效,无效,无,无效,无,已登场,龙造寺家就,上忍,直臣,甲贺众,甲贺之里,无,,,,"[{""stage"":"""",""tkid"":""784"",""ref"":""784_龙造寺家就_朝右.png"",""emotion"":0}]"
lord_1_ryuzoji,,龍造寺隆信,龙造寺隆信,龙造寺,785,Ryuzoji Takanobu,clan_ryuzoji_1,saikai,精确匹配织丰,1,1529,1554,1584,战死,龙造寺周家,,龙造寺长信 龙造寺信周 龙造寺政家 江上家种,只限武将,60,60,普通,勇敢,理想,轻率,不重情义,81,南蛮物,贪心,普通,藤原氏,刀剑,82,81,59,46,72,3,4,2,1,2,3,2,0,2,0,1,1,1,1,1,1,无,强袭，连续斩，拔突，刚弓，刚力，铁壁,无,一般条件,龙造寺四天王 圆城寺信胤/江里口信常/百武贤兼/成松信胜,,已登场,龙造寺隆信,大名,首领,龙造寺家,佐嘉城,无,已登场,龙造寺隆信,大名,首领,龙造寺家,佐嘉城,无,已登场,龙造寺隆信,大名,首领,龙造寺家,佐嘉城,无,已登场,龙造寺隆信,大名,首领,龙造寺家,佐嘉城,无,已登场,龙造寺隆信,大名,首领,龙造寺家,佐嘉城,无,已登场,龙造寺隆信,大名,首领,龙造寺家,佐嘉城,无,已登场,龙造寺隆信,大名,首领,龙造寺家,佐嘉城,无,已死亡,龙造寺隆信,无效,无效,无,无效,无,已登场,龙造寺隆信,下忍,直臣,钵屋众,钵屋之里,无,,,,"[{""stage"":"""",""tkid"":""785"",""ref"":""785_龙造寺隆信_朝右.png"",""emotion"":0}]"
lord_1_ryuzoji_11,,龍造寺長信,龙造寺长信,龙造寺,786,Ryuzoji Naganobu,clan_ryuzoji_1,saikai,精确匹配织丰,1,1544,1558,1603,病死,龙造寺周家,,龙造寺隆信 龙造寺信周,只限武将,60,60,普通,勇敢,普通,轻率,重视情义,31,艺术品,无欲,普通,藤原氏,刀剑,61,50,60,53,49,2,1,1,0,1,1,1,0,0,1,1,0,0,0,0,0,无,强袭,无,无要求,,,未登场,龙造寺长信,部将,直臣,龙造寺家,佐嘉城,无,未登场,龙造寺长信,部将,直臣,龙造寺家,佐嘉城,无,已登场,龙造寺长信,部将,直臣,龙造寺家,佐嘉城,无,已登场,龙造寺长信,部将,直臣,龙造寺家,佐嘉城,无,已登场,龙造寺长信,部将,直臣,龙造寺家,佐嘉城,无,已登场,龙造寺长信,部将,直臣,龙造寺家,佐嘉城,无,已登场,龙造寺长信,部将,直臣,龙造寺家,佐嘉城,无,已登场,龙造寺长信,家老,直臣,锅岛家,佐贺城,无,已登场,龙造寺长信,上忍,直臣,甲贺众,甲贺之里,无,,,,"[{""stage"":"""",""tkid"":""786"",""ref"":""786_龙造寺长信_朝右.png"",""emotion"":0}]"
lord_1_ryuzoji_8,,龍造寺信周,龙造寺信周,龙造寺,787,Ryuzoji Nobukane,clan_ryuzoji_1,saikai,精确匹配织丰,1,1532,1554,1608,病死,龙造寺周家,,龙造寺隆信 龙造寺长信,只限武将,60,60,普通,普通,普通,轻率,普通,67,书籍,普通,普通,藤原氏,刀剑,62,55,61,56,50,1,2,2,0,1,1,3,0,1,0,0,1,1,2,0,0,无,强袭,无,无要求,,,已登场,龙造寺信周,部将,直臣,龙造寺家,佐嘉城,无,已登场,龙造寺信周,部将,直臣,龙造寺家,佐嘉城,无,已登场,龙造寺信周,部将,直臣,龙造寺家,佐嘉城,无,已登场,龙造寺信周,部将,直臣,龙造寺家,佐嘉城,无,已登场,龙造寺信周,部将,直臣,龙造寺家,佐嘉城,无,已登场,龙造寺信周,部将,直臣,龙造寺家,佐嘉城,无,已登场,龙造寺信周,部将,直臣,龙造寺家,佐嘉城,无,已登场,龙造寺信周,家老,直臣,锅岛家,佐贺城,无,已登场,龙造寺信周,上忍,直臣,甲贺众,甲贺之里,无,,,,"[{""stage"":"""",""tkid"":""787"",""ref"":""787_龙造寺信周_朝右.png"",""emotion"":0}]"
lord_1_ryuzoji_3,,龍造寺政家,龙造寺政家,龙造寺,788,Ryuzoji Masaie,clan_ryuzoji_1,saikai,精确匹配织丰,1,1566,1580,1607,病死,龙造寺隆信,,龙造寺隆信 江上家种,只限武将,60,60,温和,胆小,普通,轻率,重视情义,28,南蛮物,普通,普通,藤原氏,刀剑,61,45,38,58,35,2,1,1,0,0,0,2,0,0,1,1,0,0,1,0,0,无,强袭,无,一般条件,,,未登场,龙造寺政家,家老,直臣,龙造寺家,佐嘉城,无,未登场,龙造寺政家,部将,陪臣（龙造寺隆信）,龙造寺家,佐嘉城,无,未登场,龙造寺政家,家老,直臣,龙造寺家,佐嘉城,无,未登场,龙造寺政家,家老,直臣,龙造寺家,佐嘉城,无,未登场,龙造寺政家,家老,直臣,龙造寺家,佐嘉城,无,已登场,龙造寺政家,家老,直臣,龙造寺家,佐嘉城,无,已登场,龙造寺政家,家老,直臣,龙造寺家,佐嘉城,无,已死亡,龙造寺政家,无效,无效,无,无效,无,已登场,龙造寺政家,头目,首领,甲贺众,甲贺之里,无,,,,"[{""stage"":"""",""tkid"":""788"",""ref"":""788_龙造寺政家_朝右.png"",""emotion"":0}]"
lord_1_rusu,,留守政景,留守政景,留守,789,Rusu Masakage,clan_rusu_1,ou,精确匹配织丰,1,1549,1563,1607,病死,伊达晴宗,伊达稙宗,石川昭光 伊达实元 伊达成实 伊达稙宗 伊达辉宗 伊达晴宗 伊达政宗 亘理元宗 伊达小次郎,只限武将,60,60,普通,勇敢,理想,普通,重视情义,40,武具,普通,嗜酒如命,源氏,刀剑,64,49,60,57,57,2,3,1,0,1,1,2,0,0,0,0,0,0,1,1,0,无,强袭,无,无要求,,,未登场,留守政景,部将,直臣,伊达家,米泽城,无,未登场,留守政景,部将,陪臣（伊达晴宗）,伊达家,米泽城,无,已登场,留守政景,部将,直臣,伊达家,米泽城,无,已登场,留守政景,部将,直臣,伊达家,米泽城,无,已登场,留守政景,部将,直臣,伊达家,米泽城,无,已登场,留守政景,部将,直臣,伊达家,米泽城,无,已登场,留守政景,家老,直臣,伊达家,米泽城,无,已登场,留守政景,家老,直臣,伊达家,仙台城,无,已登场,留守政景,浪人,其他,无,小仓之町,无,,,,"[{""stage"":"""",""tkid"":""789"",""ref"":""789_留守政景_朝右.png"",""emotion"":0}]"
lord_1_rokkaku_shou,,六角承禎,六角承祯,六角,790,Rokkaku Shou,clan_rokkaku_1,kinai,家族和文化自动推断,1,1521,1554,1598,病死,六角定赖,,六角义治 六角定赖,只限武将,34,34,普通,胆小,理想,慎重,不重情义,67,南蛮物,普通,普通,源氏,弓,62,64,40,38,52,0,4,0,0,4,3,0,1,0,0,0,0,2,0,1,0,弓箭乱射，加护,强袭，连续斩，拔突，刚弓，神弓，天弓，刚力，铁壁，心眼,弓术名人,一般条件,,,已登场,六角义贤,家老,直臣,六角家,观音寺城,无,已登场,六角义贤,大名,首领,六角家,观音寺城,无,已登场,六角承祯,大名,首领,六角家,观音寺城,无,已登场,六角承祯,浪人,其他,无,目加田之町,无,已登场,六角承祯,浪人,其他,无,奈良之町,无,已登场,六角承祯,浪人,其他,无,奈良之町,无,已登场,六角承祯,浪人,其他,无,奈良之町,无,已死亡,六角承祯,无效,无效,无,无效,无,已登场,六角承祯,家老,直臣,六角家,大坂城,无,,,,"[{""stage"":"""",""tkid"":""790"",""ref"":""790_六角承祯_朝右.png"",""emotion"":0}]"
lord_1_rokkaku_2,,六角義治,六角义治,六角,791,Rokkaku Yoshiharu,clan_rokkaku_1,kinai,精确匹配织丰,1,1545,1560,1612,病死,六角承祯,六角定赖,六角承祯 六角定赖,只限武将,34,34,普通,胆小,理想,慎重,不重情义,65,艺术品,普通,普通,源氏,弓,46,75,27,18,51,0,0,0,0,4,3,0,1,0,0,0,0,0,2,2,0,无,强袭，连续斩，拔突，刚弓，神弓，天弓，刚力，铁壁，心眼,弓术名人,一般条件,,,未登场,六角义治,侍大将,陪臣（六角义贤）,六角家,观音寺城,无,未登场,六角义治,部将,陪臣（六角义贤）,六角家,观音寺城,无,已登场,六角义治,家老,直臣,六角家,观音寺城,无,已登场,六角义治,侍大将,直臣,武田家,踯躅崎馆,无,已登场,六角义治,浪人,其他,无,奈良之町,无,已登场,六角义治,浪人,其他,无,奈良之町,无,已登场,六角义治,浪人,其他,无,尾道之町,无,已登场,六角义治,侍大将,直臣,丰臣家,大坂城,无,已登场,六角义治,大名,首领,六角家,大坂城,无,,,,"[{""stage"":"""",""tkid"":""791"",""ref"":""791_六角义治_朝右.png"",""emotion"":0}]"
lord_1_wakabayashi_shigeoki,,若林鎮興,若林镇兴,若林,792,Wakabayashi Shigeoki,clan_wakabayashi_1,neutral_culture,基于分组自动创建家族,1,1547,1560,1593,病死,,,,全职种,80,80,普通,普通,理想,轻率,重视情义,45,南蛮物,贪心,嗜酒如命,其他,刀剑,72,56,18,39,60,2,0,2,4,2,2,1,0,2,0,0,0,0,1,0,0,齐射，水上禁行,强袭，拔突，刚弓，铁壁,无,无要求,,,未登场,若林镇兴,船头,直臣,丰后水军,一尺屋之砦,无,已登场,若林镇兴,头领,首领,丰后水军,一尺屋之砦,无,已登场,若林镇兴,头领,首领,丰后水军,一尺屋之砦,无,已登场,若林镇兴,头领,首领,丰后水军,一尺屋之砦,无,已登场,若林镇兴,头领,首领,丰后水军,一尺屋之砦,无,已登场,若林镇兴,头领,首领,丰后水军,一尺屋之砦,无,已登场,若林镇兴,头领,首领,丰后水军,一尺屋之砦,无,已死亡,若林镇兴,无效,无效,无,无效,无,已登场,若林镇兴,浪人,其他,无,鹿屋之町,无,,,,"[{""stage"":"""",""tkid"":""792"",""ref"":""792_若林镇兴_朝右.png"",""emotion"":0}]"
lord_1_kyouzaka_yasuharu,,脅阪安治,胁坂安治,胁坂,793,Kyouzaka Yasuharu,clan_kyouzaka_1,kinai,基于分组自动创建家族,1,1554,1568,1626,病死,,,,全职种,2,2,普通,普通,普通,轻率,不重情义,55,武具,普通,普通,藤原氏,枪,56,78,40,41,61,2,2,0,1,1,3,1,0,0,1,1,0,0,0,1,0,无,强袭，连续斩，拔突，粘花，卷枪，引落，柄返，刚力，铁壁,枪术能手,一般条件,,,未登场,胁坂安治,足轻组头,直臣,浅井家,小谷城,无,未登场,胁坂安治,足轻组头,直臣,浅井家,小谷城,无,未登场,胁坂安治,足轻组头,直臣,浅井家,小谷城,无,已登场,胁坂安治,足轻组头,直臣,浅井家,小谷城,无,已登场,胁坂安治,足轻组头,陪臣（羽柴秀吉）,织田家,长滨城,无,已登场,胁坂安治,足轻组头,陪臣（羽柴秀吉）,织田家,姬路城,无,已登场,胁坂安治,足轻组头,直臣,羽柴家,石山本愿寺,无,已登场,胁坂安治,大名,首领,胁坂家,洲本城,无,已登场,胁坂安治,浪人,其他,无,直江津之町,无,,,,"[{""stage"":"""",""tkid"":""793"",""ref"":""793_胁坂安治_朝右.png"",""emotion"":0}]"
lord_1_bunbu_mitsuyoshi,,分部光嘉,分部光嘉,分部,794,Bunbu Mitsuyoshi,clan_bunbu_1,kinai,基于分组自动创建家族,1,1552,1566,1601,病死,,,,全职种,98,98,普通,胆小,普通,慎重,普通,59,南蛮物,贪心,普通,藤原氏,刀剑,45,38,36,48,46,0,0,0,0,0,0,1,1,0,1,1,1,1,1,1,1,无,强袭,无,无要求,,,未登场,分部光嘉,足轻组头,陪臣（神户具盛）,北畠家,安浓津城,无,未登场,分部光嘉,足轻组头,直臣,北畠家,大河内城,无,未登场,分部光嘉,足轻组头,直臣,北畠家,大河内城,无,已登场,分部光嘉,足轻组头,陪臣（泷川一益）,织田家,安浓津城,无,已登场,分部光嘉,足轻组头,陪臣（织田信雄）,织田家,大河内城,无,已登场,分部光嘉,足轻组头,陪臣（织田信雄）,织田家,安浓津城,无,已登场,分部光嘉,城主,直臣,羽柴家,伊贺上野城,无,已登场,分部光嘉,城主,直臣,德川家,安浓津城,无,已登场,分部光嘉,浪人,其他,无,金泽之町,无,,,,"[{""stage"":"""",""tkid"":""794"",""ref"":""794_分部光嘉_朝右.png"",""emotion"":0}]"
lord_1_wada_akira,,和田昭為,和田昭为,和田,795,Wada Akira,clan_wada_1,kanto,基于分组自动创建家族,1,1533,1554,1602,病死,,,,全职种,20,20,温和,胆小,普通,慎重,普通,51,书籍,普通,普通,平氏,刀剑,40,41,77,64,65,0,0,0,0,0,0,0,0,2,2,2,1,2,2,1,2,无,强袭,无,无要求,,,已登场,和田昭为,部将,直臣,佐竹家,太田城,无,已登场,和田昭为,部将,直臣,佐竹家,太田城,无,已登场,和田昭为,部将,直臣,佐竹家,太田城,无,已登场,和田昭为,部将,直臣,佐竹家,太田城,无,已登场,和田昭为,部将,直臣,佐竹家,太田城,无,已登场,和田昭为,部将,直臣,佐竹家,太田城,无,已登场,和田昭为,部将,直臣,佐竹家,水户城,无,已登场,和田昭为,家老,直臣,佐竹家,水户城,无,已登场,和田昭为,浪人,其他,无,江户之町,无,,,,"[{""stage"":"""",""tkid"":""795"",""ref"":""795_和田昭为_朝正.png"",""emotion"":0}]"
lord_1_wada_koremasa,,和田惟政,和田惟政,和田,796,Wada Koremasa,clan_wada_1,kanto,基于分组自动创建家族,1,1532,1554,1571,战死,,,,只限武将,35,35,温和,普通,理想,普通,重视情义,38,南蛮物,无欲,滴酒不沾,源氏,刀剑,60,59,62,71,63,2,1,2,1,1,1,2,3,2,1,1,1,2,2,1,1,破技之术，幻惑之术,强袭，二连苦无，半月,无,无要求,,,已登场,和田惟政,足轻大将,直臣,足利家,朽木谷城,无,已登场,和田惟政,侍大将,直臣,足利家,朽木谷城,无,已登场,和田惟政,侍大将,直臣,足利家,二条城,无,已登场,和田惟政,城主,直臣,织田家,高城,无,已死亡,和田惟政,无效,无效,无,无效,无,已死亡,和田惟政,无效,无效,无,无效,无,已死亡,和田惟政,无效,无效,无,无效,无,已死亡,和田惟政,无效,无效,无,无效,无,已登场,和田惟政,浪人,其他,无,鸣门之町,无,,,,"[{""stage"":"""",""tkid"":""796"",""ref"":""796_和田惟政_朝右.png"",""emotion"":0}]"
lord_1_watanabe_kanbei,,渡邊勘兵衛,渡边勘兵卫,渡边,797,Watanabe Kanbei,clan_watanabe_1,kanto,基于分组自动创建家族,1,1562,1576,1640,病死,,,,全职种,15,15,普通,勇敢,普通,轻率,不重情义,40,武具,普通,普通,其他,枪,51,81,11,34,57,2,0,0,0,2,3,1,0,0,0,0,0,0,0,1,0,无,强袭，连续斩，拔突，粘花，刚弓，卷枪，引落，柄返，刚力，铁壁,枪术名人,无要求,,,未登场,渡边勘兵卫,浪人,其他,无,今滨之町,无,未登场,渡边勘兵卫,浪人,其他,无,今滨之町,无,未登场,渡边勘兵卫,浪人,其他,无,今滨之町,无,未登场,渡边勘兵卫,浪人,其他,无,今滨之町,无,未登场,渡边勘兵卫,浪人,其他,无,长滨之町,无,已登场,渡边勘兵卫,浪人,其他,无,姬路之町,无,已登场,渡边勘兵卫,足轻组头,陪臣（中村一氏）,羽柴家,岸和田城,无,已登场,渡边勘兵卫,部将,陪臣（增田长盛）,丰臣家,大和郡山城,无,已登场,渡边勘兵卫,浪人,其他,无,敦贺之町,无,,,,"[{""stage"":"""",""tkid"":""797"",""ref"":""797_渡边勘兵卫_朝右.png"",""emotion"":0}]"
lord_1_watanabe_moritsuna,,渡邊守綱,渡边守纲,渡边,798,Watanabe Moritsuna,clan_watanabe_1,kanto,基于分组自动创建家族,1,1542,1556,1620,病死,,,,只限武将,90,90,普通,勇敢,普通,慎重,重视情义,40,南蛮物,普通,普通,源氏,枪,64,73,18,44,52,2,3,1,1,1,3,1,0,1,0,0,0,0,0,0,0,无,强袭，连续斩，拔突，粘花，卷枪，引落，柄返，刚力，铁壁,枪术名人,无要求,,,未登场,渡边守纲,足轻大将,陪臣（松平竹千代）,松平家,冈崎城,无,未登场,渡边守纲,足轻组头,陪臣（松平元康）,今川家,骏府城,无,已登场,渡边守纲,足轻组头,陪臣（松平元康）,今川家,冈崎城,无,已登场,渡边守纲,足轻大将,直臣,德川家,冈崎城,无,已登场,渡边守纲,足轻组头,直臣,德川家,滨松城,无,已登场,渡边守纲,足轻大将,直臣,德川家,滨松城,无,已登场,渡边守纲,足轻大将,直臣,德川家,滨松城,无,已登场,渡边守纲,部将,直臣,德川家,江户城,无,已登场,渡边守纲,浪人,其他,无,金泽之町,无,,,,"[{""stage"":"""",""tkid"":""798"",""ref"":""798_渡边守纲_朝右.png"",""emotion"":0}]"
lord_1_watari,,亙理元宗,亘理元宗,亘理,799,Watari Motomune,clan_watari_1,ou,精确匹配织丰,1,1530,1554,1594,病死,伊达稙宗,,石川昭光 伊达实元 伊达成实 伊达稙宗 伊达辉宗 伊达晴宗 留守政景,只限武将,62,62,普通,勇敢,普通,普通,普通,40,艺术品,普通,普通,平氏,刀剑,60,41,36,60,42,2,2,2,0,1,1,3,0,0,0,0,0,2,2,0,0,无,强袭,无,无要求,,,已登场,亘理元宗,部将,直臣,伊达家,米泽城,无,已登场,亘理元宗,部将,直臣,伊达家,米泽城,无,已登场,亘理元宗,部将,直臣,伊达家,米泽城,无,已登场,亘理元宗,部将,直臣,伊达家,米泽城,无,已登场,亘理元宗,部将,直臣,伊达家,米泽城,无,已登场,亘理元宗,部将,直臣,伊达家,米泽城,无,已登场,亘理元宗,部将,直臣,伊达家,米泽城,无,已死亡,亘理元宗,无效,无效,无,无效,无,已登场,亘理元宗,浪人,其他,无,尾道之町,无,,,,"[{""stage"":"""",""tkid"":""799"",""ref"":""799_亘理元宗_朝右.png"",""emotion"":0}]"
lord_1_uesugi_norimasa,,上杉憲政,上杉宪政,上杉,800,Uesugi Norimasa,clan_uesugi_1,hokuriku,家族和文化自动推断,1,1515,1549,1579,战死,,,,没那个意思,18,18,温和,胆小,理想,普通,普通,86,艺术品,贪心,滴酒不沾,藤原氏,刀剑,30,21,30,29,84,0,1,0,0,1,0,1,0,1,1,0,0,3,2,2,2,无,强袭，丢钱，辱骂,无,一般条件,,,已登场,上杉宪政,大名,首领,上杉家,厩桥城,无,已登场,上杉宪政,浪人,其他,无,直江津之町,无,已登场,上杉宪政,浪人,其他,无,直江津之町,无,已登场,上杉宪政,浪人,其他,无,直江津之町,无,已登场,上杉宪政,浪人,其他,无,直江津之町,无,已死亡,上杉宪政,无效,无效,无,无效,无,已死亡,上杉宪政,无效,无效,无,无效,无,已死亡,上杉宪政,无效,无效,无,无效,无,已登场,上杉宪政,家老,直臣,上泉家,内城,无,,,,"[{""stage"":"""",""tkid"":""800"",""ref"":""800_上杉宪政_朝右.png"",""emotion"":0}]"
dead_lord_1_takeda_2,,武田信虎,武田信虎,武田,801,Takeda Nobutora,clan_takeda_1,tosan,精确匹配织丰,1,1494,1549,1574,病死,,,一条信龙 武田胜赖 武田逍遥轩 武田信玄 武田信繁 武田信丰 仁科盛信,没那个意思,21,21,性急,勇敢,理想,轻率,不重情义,81,武具,普通,普通,源氏,枪,80,74,54,56,32,3,3,0,0,2,2,2,1,0,1,2,0,0,1,0,0,强行突破,强袭，拔突，刚弓，刚力，铁壁，辱骂,无,一般条件,,,已登场,武田信虎,浪人,其他,无,骏府之町,无,已登场,武田信虎,浪人,其他,无,骏府之町,无,已登场,武田信虎,浪人,其他,无,骏府之町,无,已登场,武田信虎,浪人,其他,无,京之町,无,已死亡,武田信虎,无效,无效,无,无效,无,已死亡,武田信虎,无效,无效,无,无效,无,已死亡,武田信虎,无效,无效,无,无效,无,已死亡,武田信虎,无效,无效,无,无效,无,已登场,武田信虎,中忍,直臣,伊贺众,伊贺之里,无,,,,"[{""stage"":"""",""tkid"":""801"",""ref"":""801_武田信虎_朝右.png"",""emotion"":0}]"
lord_1_ouchi_yoshitaka,,大内義隆,大内义隆,大内,802,Ouchi Yoshitaka,clan_ouchi_1,ou,基于分组自动创建家族,1,1507,1549,1551,战死,,,,没那个意思,20,20,普通,胆小,理想,普通,普通,37,艺术品,普通,普通,其他,刀剑,60,29,77,59,38,2,0,1,2,1,0,1,0,3,0,0,1,4,1,3,1,无,强袭,无,不可,,主角陶晴贤，大宁寺之变,已登场,大内义隆,大名,首领,大内家,山口城,无,已死亡,大内义隆,无效,无效,无,无效,无,已死亡,大内义隆,无效,无效,无,无效,无,已死亡,大内义隆,无效,无效,无,无效,无,已死亡,大内义隆,无效,无效,无,无效,无,已死亡,大内义隆,无效,无效,无,无效,无,已死亡,大内义隆,无效,无效,无,无效,无,已死亡,大内义隆,无效,无效,无,无效,无,已登场,大内义隆,部将,直臣,大久保家,佐贺城,无,,,,"[{""stage"":"""",""tkid"":""802"",""ref"":""802_大内义隆_朝右.png"",""emotion"":0}]"
dead_lord_1_oda_2,,織田信秀,织田信秀,织田,803,Oda Nobuhide,clan_oda_1,kinai,精确匹配织丰,1,1510,1549,1551,病死,织田信定,,织田有乐 织田信胜 织田信雄 织田信包 织田信孝 织田信忠 织田信长 津田信澄 织田信光,没那个意思,0,3,性急,勇敢,理想,轻率,不重情义,87,武具,贪心,普通,平氏,枪,84,79,54,49,55,3,2,2,1,2,2,2,0,2,0,0,2,2,0,0,0,齐攻,强袭，拔突，刚弓，铁壁,无,一般条件,,,已登场,织田信秀,大名,首领,织田家,那古野城,无,已死亡,织田信秀,无效,无效,无,无效,无,已死亡,织田信秀,无效,无效,无,无效,无,已死亡,织田信秀,无效,无效,无,无效,无,已死亡,织田信秀,无效,无效,无,无效,无,已死亡,织田信秀,无效,无效,无,无效,无,已死亡,织田信秀,无效,无效,无,无效,无,已死亡,织田信秀,无效,无效,无,无效,无,已登场,织田信秀,浪人,其他,无,小仓之町,无,,,,"[{""stage"":"""",""tkid"":""803"",""ref"":""803_织田信秀_朝正.png"",""emotion"":0}]"
lord_1_matsudaira_hirotada,,松平広忠,松平广忠,松平,804,Matsudaira Hirotada,clan_matsudaira_1,kanto,基于分组自动创建家族,1,1526,1549,1549,战死,,,德川家康 德川信康 德川秀忠 松平忠吉 结城秀康,没那个意思,60,60,性急,胆小,现实,普通,重视情义,38,书籍,无欲,滴酒不沾,源氏,枪,37,29,38,61,42,1,1,0,0,1,0,1,0,1,0,1,1,1,2,0,0,三河武者,拔突，粘花,无,一般条件,,,已登场,松平广忠,大名,首领,松平家,冈崎城,无,已死亡,松平广忠,无效,无效,无,无效,无,已死亡,松平广忠,无效,无效,无,无效,无,已死亡,松平广忠,无效,无效,无,无效,无,已死亡,松平广忠,无效,无效,无,无效,无,已死亡,松平广忠,无效,无效,无,无效,无,已死亡,松平广忠,无效,无效,无,无效,无,已死亡,松平广忠,无效,无效,无,无效,无,已登场,松平广忠,伙计,直臣,饭屋,京之町,无,,,,"[{""stage"":"""",""tkid"":""804"",""ref"":""804_松平广忠_朝右.png"",""emotion"":0}]"
lord_1_hirate_masahide,,平手政秀,平手政秀,平手,805,Hirate Masahide,clan_hirate_1,kinai,基于分组自动创建家族,1,1492,1549,1553,战死,,,平手泛秀,只限武将,85,60,温和,普通,普通,慎重,重视情义,23,书籍,无欲,普通,源氏,刀剑,43,41,75,70,68,1,1,0,0,1,1,1,1,1,1,0,1,2,2,0,1,无,强袭，辱骂，大喝,无,一般条件,,,已登场,平手政秀,部将,直臣,织田家,那古野城,无,已死亡,平手政秀,无效,无效,无,无效,无,已死亡,平手政秀,无效,无效,无,无效,无,已死亡,平手政秀,无效,无效,无,无效,无,已死亡,平手政秀,无效,无效,无,无效,无,已死亡,平手政秀,无效,无效,无,无效,无,已死亡,平手政秀,无效,无效,无,无效,无,已死亡,平手政秀,无效,无效,无,无效,无,已登场,平手政秀,浪人,其他,无,赤间关之町,无,,,,"[{""stage"":"""",""tkid"":""805"",""ref"":""805_平手政秀_朝右.png"",""emotion"":0}]"
lord_1_kuki_kiyotaka,,九鬼淨隆,九鬼净隆,九鬼,806,Kuki Kiyotaka,clan_kuki_1,kinai,家族和文化自动推断,1,1528,1549,1560,战死,九鬼定隆,,九鬼广隆 九鬼守隆 九鬼嘉隆,全职种,0,0,普通,勇敢,理想,轻率,普通,75,南蛮物,普通,普通,藤原氏,枪,64,69,23,39,74,2,0,1,3,2,2,2,3,2,0,0,1,0,0,0,0,水上拖延，水上禁行,强袭，拔突，二连苦无，半月，刚弓，铁壁，骤雨,无,无要求,,,已登场,九鬼净隆,头领,首领,熊野水军,鸟羽之砦,无,已登场,九鬼净隆,头领,首领,熊野水军,鸟羽之砦,无,已死亡,九鬼净隆,无效,无效,无,无效,无,已死亡,九鬼净隆,无效,无效,无,无效,无,已死亡,九鬼净隆,无效,无效,无,无效,无,已死亡,九鬼净隆,无效,无效,无,无效,无,已死亡,九鬼净隆,无效,无效,无,无效,无,已死亡,九鬼净隆,无效,无效,无,无效,无,已登场,九鬼净隆,下忍,直臣,户隐众,户隐之里,无,,,,"[{""stage"":"""",""tkid"":""806"",""ref"":""806_九鬼净隆_朝右.png"",""emotion"":0}]"
lord_1_hatakeyama,,畠山秋高,畠山秋高,畠山,807,Hatakeyama Akitaka,clan_hatakeyama_1,kinai,精确匹配织丰,1,1537,1549,1573,战死,畠山政国,,畠山高政,没那个意思,35,35,温和,胆小,现实,轻率,普通,31,艺术品,普通,滴酒不沾,源氏,刀剑,28,19,26,22,38,0,0,0,0,1,0,0,0,1,0,1,0,2,0,2,0,无,强袭,无,无要求,,,已登场,畠山秋高,家老,直臣,畠山家,高屋城,无,已登场,畠山秋高,家老,直臣,畠山家,高屋城,无,已登场,畠山秋高,家老,直臣,畠山家,高屋城,无,已登场,畠山秋高,部将,陪臣（畠山高政）,织田家,高屋城,无,已死亡,畠山秋高,无效,无效,无,无效,无,已死亡,畠山秋高,无效,无效,无,无效,无,已死亡,畠山秋高,无效,无效,无,无效,无,已死亡,畠山秋高,无效,无效,无,无效,无,已登场,畠山秋高,足轻大将,直臣,山中家,江户城,无,,,,"[{""stage"":"""",""tkid"":""807"",""ref"":""807_畠山秋高_朝右.png"",""emotion"":0}]"
lord_1_akamatsu_harumasa,,赤松晴政,赤松晴政,赤松,808,Akamatsu Harumasa,clan_akamatsu_1,kinai,家族和文化自动推断,1,1513,1549,1556,病死,,,赤松义祐,只限武将,58,58,普通,普通,现实,普通,普通,56,书籍,无欲,普通,源氏,刀剑,35,40,19,48,27,2,1,1,0,0,1,1,0,0,0,0,1,1,1,0,0,无,强袭,无,一般条件,,,已登场,赤松晴政,大名,首领,赤松家,置盐城,无,已登场,赤松晴政,大名,首领,赤松家,置盐城,无,已死亡,赤松晴政,无效,无效,无,无效,无,已死亡,赤松晴政,无效,无效,无,无效,无,已死亡,赤松晴政,无效,无效,无,无效,无,已死亡,赤松晴政,无效,无效,无,无效,无,已死亡,赤松晴政,无效,无效,无,无效,无,已死亡,赤松晴政,无效,无效,无,无效,无,已登场,赤松晴政,家老,直臣,赤穴家,中村城,无,,,,"[{""stage"":"""",""tkid"":""808"",""ref"":""808_赤松晴政_朝右.png"",""emotion"":0}]"
lord_1_shouni_fuyuhisa,,少貳冬尚,少贰冬尚,少贰,809,Shouni Fuyuhisa,clan_shouni_1,saikai,基于分组自动创建家族,1,1527,1549,1559,战死,,,,只限武将,12,12,性急,普通,理想,普通,不重情义,78,艺术品,普通,普通,藤原氏,枪,32,48,46,32,46,1,2,1,2,0,1,1,1,0,0,0,1,0,1,0,0,无,拔突，铁壁，伤药,无,一般条件,,,已登场,少贰冬尚,大名,首领,少贰家,岩屋城,无,已登场,少贰冬尚,大名,首领,少贰家,久留米城,无,已死亡,少贰冬尚,无效,无效,无,无效,无,已死亡,少贰冬尚,无效,无效,无,无效,无,已死亡,少贰冬尚,无效,无效,无,无效,无,已死亡,少贰冬尚,无效,无效,无,无效,无,已死亡,少贰冬尚,无效,无效,无,无效,无,已死亡,少贰冬尚,无效,无效,无,无效,无,已登场,少贰冬尚,侍大将,直臣,二阶堂家,金泽城,无,,,,"[{""stage"":"""",""tkid"":""809"",""ref"":""809_少贰冬尚_朝右.png"",""emotion"":0}]"
lord_1_arima,,有馬義貞,有马义贞,有马,810,Arima Yoshisada,clan_arima_1,saikai,精确匹配织丰,1,1521,1549,1576,病死,有马晴纯,,有马晴信 大村纯忠 有马晴纯,只限武将,19,25,普通,普通,普通,普通,普通,38,南蛮物,普通,嗜酒如命,藤原氏,刀剑,29,31,37,20,32,0,1,0,0,0,1,0,1,1,0,1,0,1,0,1,0,加护,强袭，连续斩,无,一般条件,,,已登场,有马义贞,家老,直臣,有马家,日野江城,无,已登场,有马义贞,家老,直臣,有马家,日野江城,无,已登场,有马义贞,大名,首领,有马家,日野江城,无,已登场,有马义贞,城主,直臣,龙造寺家,日野江城,无,已登场,有马义贞,城主,直臣,龙造寺家,日野江城,无,已死亡,有马义贞,无效,无效,无,无效,无,已死亡,有马义贞,无效,无效,无,无效,无,已死亡,有马义贞,无效,无效,无,无效,无,已登场,有马义贞,下忍,直臣,风魔众,风魔之里,无,,,,"[{""stage"":"""",""tkid"":""810"",""ref"":""810_有马义贞_朝右.png"",""emotion"":0}]"
dead_lord_1_otomo_1,,大友義鑑,大友义鉴,大友,811,Otomo Yoshiaki,clan_otomo_1,saikai,精确匹配织丰,1,1502,1549,1550,战死,,,大内义长 大友宗麟 大友亲家 大友亲盛 大友义统,没那个意思,65,60,普通,普通,普通,轻率,不重情义,62,南蛮物,贪心,嗜酒如命,藤原氏,刀剑,59,50,74,64,50,2,1,0,2,2,1,2,0,1,0,0,2,2,2,0,0,无,强袭，刚弓,无,一般条件,,主角大友宗麟，二阶崩之变,已登场,大友义鉴,大名,首领,大友家,府内城,无,已死亡,大友义鉴,无效,无效,无,无效,无,已死亡,大友义鉴,无效,无效,无,无效,无,已死亡,大友义鉴,无效,无效,无,无效,无,已死亡,大友义鉴,无效,无效,无,无效,无,已死亡,大友义鉴,无效,无效,无,无效,无,已死亡,大友义鉴,无效,无效,无,无效,无,已死亡,大友义鉴,无效,无效,无,无效,无,已登场,大友义鉴,部将,直臣,大久保家,佐贺城,无,,,,"[{""stage"":"""",""tkid"":""811"",""ref"":""811_大友义鉴_朝右.png"",""emotion"":0}]"
lord_1_honganji_shounyo,,本願寺証如,本愿寺证如,本愿寺,812,Honganji Shounyo,clan_honganji_1,kinai,家族和文化自动推断,1,1516,1549,1554,病死,,,本愿寺教如 本愿寺显如 本愿寺准如,没那个意思,50,50,温和,普通,普通,慎重,重视情义,65,书籍,无欲,滴酒不沾,藤原氏,枪,51,49,60,65,80,2,0,2,0,0,1,2,0,0,1,2,0,3,3,0,2,无,拔突，刚力,无,一般条件,,,已登场,本愿寺证如,大名,首领,本愿寺,石山本愿寺,无,已死亡,本愿寺证如,无效,无效,无,无效,无,已死亡,本愿寺证如,无效,无效,无,无效,无,已死亡,本愿寺证如,无效,无效,无,无效,无,已死亡,本愿寺证如,无效,无效,无,无效,无,已死亡,本愿寺证如,无效,无效,无,无效,无,已死亡,本愿寺证如,无效,无效,无,无效,无,已死亡,本愿寺证如,无效,无效,无,无效,无,已登场,本愿寺证如,浪人,其他,无,松仓之町,无,,,,"[{""stage"":"""",""tkid"":""812"",""ref"":""812_本愿寺证如_朝右.png"",""emotion"":0}]"
lord_1_daihoji,,大寶寺義增,大宝寺义增,大宝寺,813,Daihoji Yoshimasu,clan_daihoji_1,ou,精确匹配织丰,1,1522,1549,1581,病死,,,大宝寺义氏 大宝寺义兴,全职种,1,0,普通,普通,普通,慎重,重视情义,24,艺术品,无欲,普通,藤原氏,刀剑,19,35,42,33,37,0,1,0,1,1,0,1,0,1,0,0,0,1,0,1,1,无,强袭，连续斩,无,无要求,,,已登场,大宝寺义增,大名,首领,大宝寺家,尾浦城,无,已登场,大宝寺义增,大名,首领,大宝寺家,尾浦城,无,已登场,大宝寺义增,大名,首领,大宝寺家,尾浦城,无,已登场,大宝寺义增,家老,直臣,大宝寺家,尾浦城,无,已登场,大宝寺义增,家老,直臣,大宝寺家,尾浦城,无,已死亡,大宝寺义增,无效,无效,无,无效,无,已死亡,大宝寺义增,无效,无效,无,无效,无,已死亡,大宝寺义增,无效,无效,无,无效,无,已登场,大宝寺义增,部将,直臣,大久保家,佐贺城,无,,,,"[{""stage"":"""",""tkid"":""813"",""ref"":""813_大宝寺义增_朝右.png"",""emotion"":0}]"
lord_1_shiba_yoshitomi,,斯波義統,斯波义统,斯波,814,Shiba Yoshitomi,clan_shiba_1,ou,家族和文化自动推断,1,1513,1549,1554,战死,,,斯波义银 毛利秀赖 津川义冬,没那个意思,40,40,温和,胆小,理想,普通,不重情义,67,艺术品,贪心,嗜酒如命,源氏,刀剑,17,12,21,9,30,0,1,0,0,1,0,1,0,0,0,0,0,2,0,0,1,无,强袭,无,无要求,,,已登场,斯波义统,大名,首领,斯波家,清洲城,无,已死亡,斯波义统,无效,无效,无,无效,无,已死亡,斯波义统,无效,无效,无,无效,无,已死亡,斯波义统,无效,无效,无,无效,无,已死亡,斯波义统,无效,无效,无,无效,无,已死亡,斯波义统,无效,无效,无,无效,无,已死亡,斯波义统,无效,无效,无,无效,无,已死亡,斯波义统,无效,无效,无,无效,无,已登场,斯波义统,水夫头,直臣,丰后水军,一尺屋之砦,无,,,,"[{""stage"":"""",""tkid"":""814"",""ref"":""814_斯波义统_朝右.png"",""emotion"":0}]"
lord_1_oda_nobutomo,,織田信友,织田信友,织田,815,Oda Nobutomo,clan_oda_1,kinai,家族和文化自动推断,1,1516,1549,1555,战死,,,,只限武将,60,55,性急,勇敢,现实,普通,不重情义,81,南蛮物,普通,嗜酒如命,平氏,刀剑,20,41,30,58,21,1,1,0,0,1,1,1,0,0,0,0,1,0,1,0,0,无,强袭，刚力,无,无要求,,,已登场,织田信友,家老,直臣,斯波家,清洲城,无,已死亡,织田信友,无效,无效,无,无效,无,已死亡,织田信友,无效,无效,无,无效,无,已死亡,织田信友,无效,无效,无,无效,无,已死亡,织田信友,无效,无效,无,无效,无,已死亡,织田信友,无效,无效,无,无效,无,已死亡,织田信友,无效,无效,无,无效,无,已死亡,织田信友,无效,无效,无,无效,无,已登场,织田信友,浪人,其他,无,直江津之町,无,,,,"[{""stage"":"""",""tkid"":""815"",""ref"":""815_织田信友_朝右.png"",""emotion"":0}]"
lord_1_hosokawa_shi,,細川氏綱,细川氏纲,细川,816,Hosokawa Shi,clan_hosokawa_1,kinai,家族和文化自动推断,1,1519,1549,1563,病死,,,,没那个意思,14,13,普通,普通,理想,轻率,不重情义,40,艺术品,贪心,普通,源氏,刀剑,29,19,42,38,52,1,0,0,0,1,0,0,1,0,0,1,1,2,2,1,1,威风凛凛,强袭，连续斩，切落,无,一般条件,,,已登场,细川氏纲,大名,首领,细川家,二条城,无,已登场,细川氏纲,浪人,其他,无,石山之町,无,已登场,细川氏纲,城主,直臣,三好家,芥川城,无,已死亡,细川氏纲,无效,无效,无,无效,无,已死亡,细川氏纲,无效,无效,无,无效,无,已死亡,细川氏纲,无效,无效,无,无效,无,已死亡,细川氏纲,无效,无效,无,无效,无,已死亡,细川氏纲,无效,无效,无,无效,无,已登场,细川氏纲,浪人,其他,无,鹿岛之町,无,,,,"[{""stage"":"""",""tkid"":""816"",""ref"":""816_细川氏纲_朝右.png"",""emotion"":0}]"
lord_1_rokkaku_tei,,六角定賴,六角定赖,六角,817,Rokkaku Tei,clan_rokkaku_1,kinai,家族和文化自动推断,1,1495,1549,1552,病死,,,六角承祯 六角义治,没那个意思,34,34,温和,普通,现实,慎重,重视情义,52,书籍,无欲,普通,源氏,刀剑,60,47,83,70,71,2,1,2,0,2,2,2,1,3,2,1,3,1,3,1,1,无,强袭，拔突，刚弓，铁壁，丢钱,无,一般条件,,,已登场,六角定赖,大名,首领,六角家,观音寺城,无,已死亡,六角定赖,无效,无效,无,无效,无,已死亡,六角定赖,无效,无效,无,无效,无,已死亡,六角定赖,无效,无效,无,无效,无,已死亡,六角定赖,无效,无效,无,无效,无,已死亡,六角定赖,无效,无效,无,无效,无,已死亡,六角定赖,无效,无效,无,无效,无,已死亡,六角定赖,无效,无效,无,无效,无,已登场,六角定赖,家老,直臣,六角家,大坂城,无,,,,"[{""stage"":"""",""tkid"":""817"",""ref"":""817_六角定赖_朝右.png"",""emotion"":0}]"
lord_1_shimazu_katsuhisa,,島津勝久,岛津胜久,岛津,818,Shimazu Katsuhisa,clan_shimazu_1,saikai,家族和文化自动推断,1,1503,1549,1573,病死,,,,没那个意思,32,32,温和,胆小,普通,轻率,不重情义,17,南蛮物,普通,滴酒不沾,源氏,刀剑,27,30,35,40,32,0,1,1,0,0,1,1,0,0,0,0,0,1,0,0,0,无,强袭，连续斩，切落，刚力,无,一般条件,,,已登场,岛津胜久,浪人,其他,无,鹿儿岛之町,无,已登场,岛津胜久,浪人,其他,无,府内之町,无,已登场,岛津胜久,浪人,其他,无,油津之町,无,已登场,岛津胜久,浪人,其他,无,油津之町,无,已死亡,岛津胜久,无效,无效,无,无效,无,已死亡,岛津胜久,无效,无效,无,无效,无,已死亡,岛津胜久,无效,无效,无,无效,无,已死亡,岛津胜久,无效,无效,无,无效,无,已登场,岛津胜久,水夫头,直臣,村上水军,三岛之砦,无,,,,"[{""stage"":"""",""tkid"":""818"",""ref"":""818_岛津胜久_朝右.png"",""emotion"":0}]"
dead_lord_1_tsutsui_4,,筒井順昭,筒井顺昭,筒井,819,Tsutsui Junsho,clan_tsutsui_1,kinai,精确匹配织丰,1,1523,1549,1550,病死,,,筒井定次 筒井顺庆,只限武将,2,2,普通,普通,普通,普通,普通,74,书籍,普通,普通,藤原氏,刀剑,58,59,44,61,52,2,2,1,0,1,2,2,0,0,0,0,0,1,2,0,1,无,强袭，拔突，铁壁,无,无要求,,,已登场,筒井顺昭,大名,首领,筒井家,大和郡山城,无,已死亡,筒井顺昭,无效,无效,无,无效,无,已死亡,筒井顺昭,无效,无效,无,无效,无,已死亡,筒井顺昭,无效,无效,无,无效,无,已死亡,筒井顺昭,无效,无效,无,无效,无,已死亡,筒井顺昭,无效,无效,无,无效,无,已死亡,筒井顺昭,无效,无效,无,无效,无,已死亡,筒井顺昭,无效,无效,无,无效,无,已登场,筒井顺昭,浪人,其他,无,今治之町,无,,,,"[{""stage"":"""",""tkid"":""819"",""ref"":""819_筒井顺昭_朝右.png"",""emotion"":0}]"
lord_1_nikaido,,二階堂盛義,二阶堂盛义,二阶堂,820,Nikaido Moriyoshi,clan_nikaido_1,ou,精确匹配织丰,1,1532,1549,1581,病死,,,芦名盛隆,只限武将,12,15,性急,勇敢,理想,轻率,不重情义,67,武具,贪心,普通,藤原氏,刀剑,54,40,37,72,46,2,1,0,0,1,1,0,1,0,0,0,2,0,3,0,1,无,强袭，辱骂，大喝,无,一般条件,,,已登场,二阶堂盛义,城主,直臣,芦名家,须贺川城,无,已登场,二阶堂盛义,城主,直臣,芦名家,须贺川城,无,已登场,二阶堂盛义,城主,直臣,芦名家,须贺川城,无,已登场,二阶堂盛义,城主,直臣,芦名家,须贺川城,无,已登场,二阶堂盛义,城主,直臣,芦名家,须贺川城,无,已死亡,二阶堂盛义,无效,无效,无,无效,无,已死亡,二阶堂盛义,无效,无效,无,无效,无,已死亡,二阶堂盛义,无效,无效,无,无效,无,已登场,二阶堂盛义,大名,首领,二阶堂家,金泽城,无,,,,"[{""stage"":"""",""tkid"":""820"",""ref"":""820_二阶堂盛义_朝右.png"",""emotion"":0}]"
lord_1_ichinomiya_zuibasai,,一宮随波斎,一宫随波斋,一宫随,821,Ichinomiya Zuibasai,clan_ichinomiya_1,kinai,基于分组自动创建家族,1,1512,1549,1572,病死,,,,没那个意思,86,86,温和,勇敢,现实,慎重,重视情义,31,书籍,无欲,滴酒不沾,源氏,弓,64,87,45,73,71,2,2,0,0,4,3,3,0,1,0,0,0,0,2,0,4,无,强袭，连续斩，拔突，刚弓，神弓，天弓，刚力，铁壁，心眼，伤药，止血,无,一般条件,,,已登场,一宫随波斋,部将,直臣,足利家,朽木谷城,随波斋流,已登场,一宫随波斋,部将,直臣,足利家,朽木谷城,随波斋流,已登场,一宫随波斋,足轻大将,直臣,足利家,二条城,随波斋流,已登场,一宫随波斋,部将,直臣,今川家,曳马城,随波斋流,已死亡,一宫随波斋,无效,无效,无,无效,无,已死亡,一宫随波斋,无效,无效,无,无效,无,已死亡,一宫随波斋,无效,无效,无,无效,无,已死亡,一宫随波斋,无效,无效,无,无效,无,已登场,一宫随波斋,大名,首领,一宫家,春日山城,随波斋流,,,,"[{""stage"":"""",""tkid"":""821"",""ref"":""821_一宫随波斋_朝右.png"",""emotion"":0}]"
lord_1_arima_sei,,有馬晴純,有马晴纯,有马,822,Arima Sei,clan_arima_1,saikai,家族和文化自动推断,1,1483,1549,1566,病死,,,有马晴信 大村纯忠 有马义贞,只限武将,16,16,普通,普通,普通,普通,普通,75,南蛮物,普通,普通,藤原氏,刀剑,79,57,82,77,68,2,2,2,2,1,2,3,1,0,2,1,2,0,2,0,1,无,强袭，连续斩，拔突，铁壁,无,一般条件,,,已登场,有马晴纯,大名,首领,有马家,日野江城,无,已登场,有马晴纯,大名,首领,有马家,日野江城,无,已登场,有马晴纯,家老,直臣,有马家,日野江城,无,已死亡,有马晴纯,无效,无效,无,无效,无,已死亡,有马晴纯,无效,无效,无,无效,无,已死亡,有马晴纯,无效,无效,无,无效,无,已死亡,有马晴纯,无效,无效,无,无效,无,已死亡,有马晴纯,无效,无效,无,无效,无,已登场,有马晴纯,中忍,直臣,风魔众,风魔之里,无,,,,"[{""stage"":"""",""tkid"":""822"",""ref"":""822_有马晴纯_朝右.png"",""emotion"":0}]"
dead_lord_1_sagara_1,,相良晴廣,相良晴广,相良,823,Sagara Haruhiro,clan_sagara_1,saikai,精确匹配织丰,1,1513,1549,1555,病死,,,相良义阳 相良赖房,只限武将,60,60,普通,普通,普通,普通,普通,56,书籍,普通,普通,藤原氏,刀剑,49,53,78,60,50,1,0,1,0,1,1,1,0,0,0,0,2,2,3,1,0,无,强袭,无,一般条件,,,已登场,相良晴广,大名,首领,相良家,人吉城,无,已登场,相良晴广,大名,首领,相良家,人吉城,无,已死亡,相良晴广,无效,无效,无,无效,无,已死亡,相良晴广,无效,无效,无,无效,无,已死亡,相良晴广,无效,无效,无,无效,无,已死亡,相良晴广,无效,无效,无,无效,无,已死亡,相良晴广,无效,无效,无,无效,无,已死亡,相良晴广,无效,无效,无,无效,无,已登场,相良晴广,浪人,其他,无,仙台之町,无,,,,"[{""stage"":"""",""tkid"":""823"",""ref"":""823_相良晴广_朝右.png"",""emotion"":0}]"
lord_1_murakami_yoshimitsu,,村上吉充,村上吉充,村上,824,Murakami Yoshimitsu,clan_murakami_2,hokuriku,家族和文化自动推断,1,1530,1549,1608,病死,,,,武将以外优先,25,25,性急,勇敢,普通,普通,普通,24,南蛮物,普通,普通,源氏,火绳枪,60,67,16,44,48,2,0,2,3,0,2,1,2,2,0,0,0,0,0,0,0,水上拖延，水上禁行,强袭，拔突，二连苦无，急所击，铁壁,无,无要求,,,已登场,村上吉充,船头,直臣,村上水军,三岛之砦,无,已登场,村上吉充,船头,直臣,村上水军,三岛之砦,无,已登场,村上吉充,船头,直臣,村上水军,三岛之砦,无,已登场,村上吉充,船头,直臣,村上水军,三岛之砦,无,已登场,村上吉充,船头,直臣,村上水军,三岛之砦,无,已登场,村上吉充,船头,直臣,村上水军,三岛之砦,无,已登场,村上吉充,船头,直臣,村上水军,三岛之砦,无,已登场,村上吉充,船头,直臣,村上水军,三岛之砦,无,已登场,村上吉充,侍大将,直臣,上泉家,内城,无,,,,"[{""stage"":"""",""tkid"":""824"",""ref"":""824_村上吉充_朝右.png"",""emotion"":0}]"
lord_1_iwama_oguma,,岩間小熊,岩间小熊,岩间,825,Iwama Oguma,clan_iwama_1,neutral_culture,基于分组自动创建家族,1,1555,1569,1605,战死,,,,全职种,30,30,温和,普通,理想,普通,重视情义,40,武具,无欲,普通,其他,刀剑,14,86,21,30,32,1,0,0,0,0,4,3,0,0,0,0,1,0,0,1,1,无,强袭，连续斩，八神太刀，一之太刀，拔突，神妙剑，当身，刚力，金刚力，铁壁，气声，辱骂，大喝，炯眼，罗刹,无,无要求,,,未登场,岩间小熊,浪人,其他,无,木更津之町,一羽流,未登场,岩间小熊,浪人,其他,无,木更津之町,一羽流,未登场,岩间小熊,浪人,其他,无,鹿岛之町,一羽流,已登场,岩间小熊,浪人,其他,无,鹿岛之町,一羽流,已登场,岩间小熊,师范代,其他,无,鹿岛之町,一羽流,已登场,岩间小熊,师范代,其他,无,鹿岛之町,一羽流,已登场,岩间小熊,师范代,其他,无,鹿岛之町,一羽流,已登场,岩间小熊,师范,其他,无,江户之町,一羽流,已登场,岩间小熊,上忍,直臣,钵屋众,钵屋之里,一羽流,,,,"[{""stage"":"""",""tkid"":""825"",""ref"":""825_岩间小熊_朝右.png"",""emotion"":0}]"
lord_1_ganshojii_masakage,,梶原政景,梶原政景,梶原,826,Ganshojii Masakage,clan_ganshojii_1,kanto,基于分组自动创建家族,1,1549,1560,1619,病死,太田三乐斋,,太田氏资 太田三乐斋,全职种,2,2,普通,普通,普通,慎重,普通,52,书籍,普通,普通,平氏,刀剑,47,39,33,44,40,1,1,1,1,2,1,1,0,0,0,0,1,0,0,1,1,无,强袭，刚弓,无,无要求,,,未登场,梶原政景,足轻大将,直臣,太田家,岩槻城,无,未登场,梶原政景,部将,直臣,太田家,岩槻城,无,已登场,梶原政景,足轻组头,直臣,太田家,岩槻城,无,已登场,梶原政景,足轻大将,陪臣（太田三乐斋）,佐竹家,小田城,无,已登场,梶原政景,部将,直臣,佐竹家,太田城,无,已登场,梶原政景,部将,直臣,佐竹家,太田城,无,已登场,梶原政景,部将,直臣,佐竹家,水户城,无,已登场,梶原政景,家老,直臣,佐竹家,水户城,无,已登场,梶原政景,浪人,其他,无,安土之町,无,,,,"[{""stage"":"""",""tkid"":""826"",""ref"":""826_梶原政景_朝右.png"",""emotion"":0}]"
lord_1_matsunaga_nagayori,,松永長賴,松永长赖,松永,827,Matsunaga Nagayori,clan_matsunaga_1,nankai,家族和文化自动推断,1,1517,1549,1565,战死,松永久秀父,,内藤如安 松永久秀 松永久通,只限武将,44,44,普通,勇敢,普通,轻率,普通,78,武具,普通,嗜酒如命,其他,刀剑,87,75,47,56,29,3,3,2,2,2,2,3,2,2,0,0,0,2,2,1,0,无,强袭，连续斩，拔突，二连苦无，刚弓，铁壁,无,一般条件,,,已登场,松永长赖,城主,直臣,细川家,丹波龟山城,无,已登场,松永长赖,城主,直臣,三好家,丹波龟山城,无,已登场,松永长赖,部将,陪臣（松永久秀）,三好家,信贵山城,无,已死亡,松永长赖,无效,无效,无,无效,无,已死亡,松永长赖,无效,无效,无,无效,无,已死亡,松永长赖,无效,无效,无,无效,无,已死亡,松永长赖,无效,无效,无,无效,无,已死亡,松永长赖,无效,无效,无,无效,无,已登场,松永长赖,伙计,直臣,油屋,油津之町,无,,,,"[{""stage"":"""",""tkid"":""827"",""ref"":""827_松永长赖_朝右.png"",""emotion"":0}]"
lord_1_mori_hidemoto,,毛利秀元,毛利秀元,毛利,828,Mori Hidemoto,clan_mori_1,sanyo,家族和文化自动推断,1,1579,1593,1650,病死,穗井田元清,毛利元就,吉川广家 吉川元长 吉川元春 小早川隆景 小早川秀包 繁泽元氏 二宫就辰 穗井田元清 毛利隆元 毛利辉元 毛利元就,只限武将,35,35,温和,胆小,现实,轻率,重视情义,42,书籍,普通,普通,其他,刀剑,50,44,47,37,61,1,1,1,1,0,2,2,0,1,1,1,0,1,1,2,0,百万一心,强袭，拔突，刚力，铁壁,无,无要求,,,未登场,毛利秀元,足轻大将,陪臣（穗井田元清）,毛利家,吉田郡山城,无,未登场,毛利秀元,足轻组头,陪臣（穗井田元清）,毛利家,吉田郡山城,无,未登场,毛利秀元,家老,直臣,毛利家,吉田郡山城,无,未登场,毛利秀元,家老,直臣,毛利家,吉田郡山城,无,未登场,毛利秀元,家老,直臣,毛利家,吉田郡山城,无,未登场,毛利秀元,家老,直臣,毛利家,吉田郡山城,无,未登场,毛利秀元,家老,直臣,毛利家,吉田郡山城,无,已登场,毛利秀元,家老,直臣,毛利家,广岛城,无,已登场,毛利秀元,浪人,其他,无,出石之町,无,,,,"[{""stage"":"""",""tkid"":""828"",""ref"":""828_毛利秀元_朝右.png"",""emotion"":0}]"
lord_1_otsuki_kyuuhaku,,大穀休泊,大谷休泊,大谷,829,Otsuki Kyuuhaku,clan_otsuki_1,kinai,基于分组自动创建家族,1,1521,1549,1578,病死,,,,全职种,99,0,温和,普通,理想,慎重,重视情义,11,书籍,无欲,滴酒不沾,藤原氏,枪,34,24,89,61,78,0,1,0,0,0,2,1,1,0,4,3,3,2,2,0,3,土龙攻,强袭，拔突，铁壁，伤药，丢钱,能吏,无要求,,,已登场,大谷休泊,侍大将,直臣,上杉家,厩桥城,无,已登场,大谷休泊,浪人,其他,无,厩桥之町,无,已登场,大谷休泊,浪人,其他,无,厩桥之町,无,已登场,大谷休泊,浪人,其他,无,厩桥之町,无,已登场,大谷休泊,浪人,其他,无,厩桥之町,无,已死亡,大谷休泊,无效,无效,无,无效,无,已死亡,大谷休泊,无效,无效,无,无效,无,已死亡,大谷休泊,无效,无效,无,无效,无,已登场,大谷休泊,部将,直臣,大久保家,佐贺城,无,,,,"[{""stage"":"""",""tkid"":""829"",""ref"":""829_大谷休泊_朝右.png"",""emotion"":0}]"
lord_1_yusa_shinkyou,,遊佐信教,游佐信教,游佐,830,Yusa Shinkyou,clan_yusa_1,kinai,家族和文化自动推断,1,1525,1549,1572,战死,,,,只限武将,70,70,性急,勇敢,普通,轻率,不重情义,83,艺术品,贪心,普通,藤原氏,枪,44,51,30,67,16,1,1,1,0,0,1,2,1,0,0,0,0,0,2,2,0,无,拔突，粘花,无,一般条件,,,已登场,游佐信教,侍大将,直臣,畠山家,高屋城,无,已登场,游佐信教,家老,直臣,畠山家,高屋城,无,已登场,游佐信教,家老,直臣,畠山家,高屋城,无,已登场,游佐信教,部将,陪臣（畠山高政）,织田家,高屋城,无,已死亡,游佐信教,无效,无效,无,无效,无,已死亡,游佐信教,无效,无效,无,无效,无,已死亡,游佐信教,无效,无效,无,无效,无,已死亡,游佐信教,无效,无效,无,无效,无,已登场,游佐信教,浪人,其他,无,直江津之町,无,,,,"[{""stage"":"""",""tkid"":""830"",""ref"":""830_游佐信教_朝右.png"",""emotion"":0}]"
lord_1_takakita_shotetsu,,田北紹鉄,田北绍铁,田北,831,Takakita Shotetsu,clan_takakita_1,saikai,基于分组自动创建家族,1,1529,1549,1580,战死,田北亲员,,田北镇周,只限武将,43,43,性急,勇敢,普通,轻率,不重情义,67,南蛮物,普通,普通,藤原氏,刀剑,57,60,28,48,30,1,2,2,1,2,2,1,1,0,0,0,0,1,0,0,1,齐攻,强袭，拔突，刚弓，铁壁,无,一般条件,,,已登场,田北绍铁,部将,直臣,大友家,府内城,无,已登场,田北绍铁,家老,直臣,大友家,府内城,无,已登场,田北绍铁,侍大将,直臣,大友家,府内城,无,已登场,田北绍铁,部将,直臣,大友家,府内城,无,已登场,田北绍铁,部将,直臣,大友家,府内城,无,已死亡,田北绍铁,无效,无效,无,无效,无,已死亡,田北绍铁,无效,无效,无,无效,无,已死亡,田北绍铁,无效,无效,无,无效,无,已登场,田北绍铁,足轻大将,直臣,北家,松前城,无,,,,"[{""stage"":"""",""tkid"":""831"",""ref"":""831_田北绍铁_朝右.png"",""emotion"":0}]"
lord_1_reizei_takahiro,,冷泉隆豊,冷泉隆丰,冷泉,832,Reizei Takahiro,clan_reizei_1,ou,基于分组自动创建家族,1,1513,1549,1551,战死,,,,只限武将,20,20,性急,勇敢,现实,普通,重视情义,21,书籍,普通,普通,藤原氏,刀剑,61,71,54,44,76,1,1,1,2,1,2,2,0,0,0,0,0,3,2,2,1,无,强袭，拔突，铁壁,无,一般条件,,,已登场,冷泉隆丰,侍大将,直臣,大内家,山口城,无,已死亡,冷泉隆丰,无效,无效,无,无效,无,已死亡,冷泉隆丰,无效,无效,无,无效,无,已死亡,冷泉隆丰,无效,无效,无,无效,无,已死亡,冷泉隆丰,无效,无效,无,无效,无,已死亡,冷泉隆丰,无效,无效,无,无效,无,已死亡,冷泉隆丰,无效,无效,无,无效,无,已死亡,冷泉隆丰,无效,无效,无,无效,无,已登场,冷泉隆丰,浪人,其他,无,尾道之町,无,,,,"[{""stage"":"""",""tkid"":""832"",""ref"":""832_冷泉隆丰_朝右.png"",""emotion"":0}]"
lord_1_sagara_takeshinin,,相良武任,相良武任,相良,833,Sagara Takeshinin,clan_sagara_1,saikai,家族和文化自动推断,1,1507,1549,1551,战死,,,,只限武将,20,20,普通,普通,现实,普通,重视情义,50,书籍,无欲,普通,藤原氏,刀剑,14,16,71,77,68,0,0,0,0,0,0,0,0,2,3,3,3,2,2,1,2,无,强袭，连续斩，丢钱,无,一般条件,,,已登场,相良武任,部将,直臣,大内家,山口城,无,已死亡,相良武任,无效,无效,无,无效,无,已死亡,相良武任,无效,无效,无,无效,无,已死亡,相良武任,无效,无效,无,无效,无,已死亡,相良武任,无效,无效,无,无效,无,已死亡,相良武任,无效,无效,无,无效,无,已死亡,相良武任,无效,无效,无,无效,无,已死亡,相良武任,无效,无效,无,无效,无,已登场,相良武任,浪人,其他,无,甲府之町,无,,,,"[{""stage"":"""",""tkid"":""833"",""ref"":""833_相良武任_朝右.png"",""emotion"":0}]"
lord_1_iida_okihide,,飯田興秀,饭田兴秀,饭田,834,Iida Okihide,clan_iida_1,ou,基于分组自动创建家族,1,1492,1549,1557,病死,,,,全职种,70,70,普通,普通,普通,普通,普通,40,艺术品,贪心,普通,源氏,刀剑,31,78,54,47,56,1,0,0,0,3,0,0,0,2,1,1,0,1,1,0,0,无,强袭，刚弓,无,无要求,,,已登场,饭田兴秀,部将,直臣,大内家,山口城,无,已登场,饭田兴秀,部将,直臣,大内家,山口城,无,已死亡,饭田兴秀,无效,无效,无,无效,无,已死亡,饭田兴秀,无效,无效,无,无效,无,已死亡,饭田兴秀,无效,无效,无,无效,无,已死亡,饭田兴秀,无效,无效,无,无效,无,已死亡,饭田兴秀,无效,无效,无,无效,无,已死亡,饭田兴秀,无效,无效,无,无效,无,已登场,饭田兴秀,浪人,其他,无,博多之町,无,,,,"[{""stage"":"""",""tkid"":""834"",""ref"":""834_饭田兴秀_朝右.png"",""emotion"":0}]"
lord_1_kodama_narikata,,兒玉就方,儿玉就方,儿玉,835,Kodama Narikata,clan_kodama_1,sanyo,基于分组自动创建家族,1,1513,1549,1586,病死,儿玉元实,,儿玉就英,全职种,30,30,性急,勇敢,普通,普通,普通,49,武具,普通,嗜酒如命,藤原氏,刀剑,68,60,23,50,55,1,1,2,4,2,1,2,1,1,0,0,1,0,0,0,1,无,强袭，刚弓,无,无要求,,,已登场,儿玉就方,侍大将,直臣,毛利家,吉田郡山城,无,已登场,儿玉就方,部将,直臣,毛利家,吉田郡山城,无,已登场,儿玉就方,侍大将,直臣,毛利家,吉田郡山城,无,已登场,儿玉就方,部将,陪臣（小早川隆景）,毛利家,三原城,无,已登场,儿玉就方,部将,陪臣（小早川隆景）,毛利家,三原城,无,已登场,儿玉就方,部将,陪臣（小早川隆景）,毛利家,三原城,无,已登场,儿玉就方,部将,陪臣（小早川隆景）,毛利家,三原城,无,已死亡,儿玉就方,无效,无效,无,无效,无,已登场,儿玉就方,浪人,其他,无,出石之町,无,,,,"[{""stage"":"""",""tkid"":""835"",""ref"":""835_儿玉就方_朝右.png"",""emotion"":0}]"
lord_1_shirai_katahide,,白井賢胤,白井贤胤,白井,836,Shirai Katahide,clan_shirai_1,ou,基于分组自动创建家族,1,1509,1549,1589,病死,,,,全职种,25,27,性急,勇敢,普通,普通,普通,42,南蛮物,贪心,普通,其他,刀剑,60,54,20,31,38,2,0,1,3,2,1,2,1,1,0,0,1,0,0,0,0,无,强袭，刚弓，刚力,无,无要求,,,已登场,白井贤胤,部将,直臣,大内家,山口城,无,已登场,白井贤胤,部将,直臣,大内家,山口城,无,已登场,白井贤胤,侍大将,直臣,毛利家,吉田郡山城,无,已登场,白井贤胤,部将,陪臣（小早川隆景）,毛利家,三原城,无,已登场,白井贤胤,部将,陪臣（小早川隆景）,毛利家,三原城,无,已死亡,白井贤胤,无效,无效,无,无效,无,已死亡,白井贤胤,无效,无效,无,无效,无,已死亡,白井贤胤,无效,无效,无,无效,无,已登场,白井贤胤,家老,直臣,白石家,白地城,无,,,,"[{""stage"":"""",""tkid"":""836"",""ref"":""836_白井贤胤_朝右.png"",""emotion"":0}]"
lord_1_oda_nobumitsu,,織田信光,织田信光,织田,837,Oda Nobumitsu,clan_oda_1,kinai,家族和文化自动推断,1,1516,1549,1555,战死,织田信定,,织田有乐 织田信胜 织田信包 织田信长 织田信秀,只限武将,85,75,性急,勇敢,现实,普通,不重情义,55,武具,贪心,嗜酒如命,平氏,枪,51,60,56,63,37,2,1,1,0,2,2,2,0,0,0,1,0,0,1,1,0,无,强袭，拔突，刚弓，铁壁,无,一般条件,,,已登场,织田信光,城主,直臣,织田家,小牧山城,无,已登场,织田信光,家老,直臣,织田家,清洲城,无,已死亡,织田信光,无效,无效,无,无效,无,已死亡,织田信光,无效,无效,无,无效,无,已死亡,织田信光,无效,无效,无,无效,无,已死亡,织田信光,无效,无效,无,无效,无,已死亡,织田信光,无效,无效,无,无效,无,已死亡,织田信光,无效,无效,无,无效,无,已登场,织田信光,浪人,其他,无,骏府之町,无,,,,"[{""stage"":"""",""tkid"":""837"",""ref"":""837_织田信光_朝右.png"",""emotion"":0}]"
lord_1_oyamada_nobuari,,小山田信有,小山田信有,小山田,838,Oyamada Nobuari,clan_oyamada_1,tosan,家族和文化自动推断,1,1519,1549,1552,战死,,,,只限武将,80,80,普通,普通,普通,普通,普通,44,武具,普通,普通,平氏,枪,52,59,36,34,40,1,2,0,0,1,1,1,0,0,0,1,0,0,0,0,0,无,拔突，粘花,无,无要求,,,已登场,小山田信有,家老,直臣,武田家,踯躅崎馆,无,已死亡,小山田信有,无效,无效,无,无效,无,已死亡,小山田信有,无效,无效,无,无效,无,已死亡,小山田信有,无效,无效,无,无效,无,已死亡,小山田信有,无效,无效,无,无效,无,已死亡,小山田信有,无效,无效,无,无效,无,已死亡,小山田信有,无效,无效,无,无效,无,已死亡,小山田信有,无效,无效,无,无效,无,已登场,小山田信有,家老,直臣,小笠原家,小仓城,无,,,,"[{""stage"":"""",""tkid"":""838"",""ref"":""838_小山田信有_朝右.png"",""emotion"":0}]"
lord_1_amago_kunihisa,,尼子国久,尼子国久,尼子,839,Amago Kunihisa,clan_amago_1,sanyo,家族和文化自动推断,1,1492,1549,1554,战死,尼子经久,,尼子胜久 尼子晴久 尼子诚久,只限武将,8,8,性急,勇敢,现实,轻率,普通,77,武具,普通,嗜酒如命,源氏,枪,76,72,27,22,40,2,3,0,2,2,3,2,2,0,0,1,0,0,0,0,0,齐攻,强袭，连续斩，拔突，二连苦无，刚弓，刚力，铁壁,策士,一般条件,,,已登场,尼子国久,城主,直臣,尼子家,白鹿城,无,已死亡,尼子国久,无效,无效,无,无效,无,已死亡,尼子国久,无效,无效,无,无效,无,已死亡,尼子国久,无效,无效,无,无效,无,已死亡,尼子国久,无效,无效,无,无效,无,已死亡,尼子国久,无效,无效,无,无效,无,已死亡,尼子国久,无效,无效,无,无效,无,已死亡,尼子国久,无效,无效,无,无效,无,已登场,尼子国久,浪人,其他,无,严岛之町,无,,,,"[{""stage"":"""",""tkid"":""839"",""ref"":""839_尼子国久_朝右.png"",""emotion"":0}]"
dead_lord_1_amago_1,,尼子誠久,尼子诚久,尼子,840,Amago Sanehisa,clan_amago_1,sanyo,精确匹配织丰,1,1520,1549,1554,战死,尼子国久,尼子经久,尼子胜久 尼子晴久 尼子国久,只限武将,8,8,性急,勇敢,现实,轻率,普通,72,武具,普通,嗜酒如命,源氏,枪,70,77,9,19,36,3,2,0,2,2,3,2,1,0,0,0,1,0,0,0,0,刺杀,强袭，连续斩，拔突，刚弓，刚力，铁壁,无,无要求,,,已登场,尼子诚久,部将,陪臣（尼子国久）,尼子家,白鹿城,无,已死亡,尼子诚久,无效,无效,无,无效,无,已死亡,尼子诚久,无效,无效,无,无效,无,已死亡,尼子诚久,无效,无效,无,无效,无,已死亡,尼子诚久,无效,无效,无,无效,无,已死亡,尼子诚久,无效,无效,无,无效,无,已死亡,尼子诚久,无效,无效,无,无效,无,已死亡,尼子诚久,无效,无效,无,无效,无,已登场,尼子诚久,浪人,其他,无,会津之町,无,,,,"[{""stage"":"""",""tkid"":""840"",""ref"":""840_尼子诚久_朝右.png"",""emotion"":0}]"
lord_1_sakaii_daizen,,阪井大膳,坂井大膳,坂井,841,Sakaii Daizen,clan_sakaii_1,tokai,基于分组自动创建家族,1,1508,1549,1559,病死,,,,只限武将,60,50,普通,勇敢,普通,轻率,不重情义,66,艺术品,贪心,嗜酒如命,其他,刀剑,27,39,54,60,23,1,0,0,0,0,0,2,0,0,0,0,0,1,1,1,1,无,强袭，连续斩,无,无要求,,,已登场,坂井大膳,部将,直臣,斯波家,清洲城,无,已登场,坂井大膳,浪人,其他,无,冈崎之町,无,已死亡,坂井大膳,无效,无效,无,无效,无,已死亡,坂井大膳,无效,无效,无,无效,无,已死亡,坂井大膳,无效,无效,无,无效,无,已死亡,坂井大膳,无效,无效,无,无效,无,已死亡,坂井大膳,无效,无效,无,无效,无,已死亡,坂井大膳,无效,无效,无,无效,无,已登场,坂井大膳,足轻大将,直臣,大久保家,佐贺城,无,,,,"[{""stage"":"""",""tkid"":""841"",""ref"":""841_坂井大膳_朝右.png"",""emotion"":0}]"
dead_lord_1_bessho_2,,別所就治,别所就治,别所,842,Bessho Nariharu,clan_bessho_1,kinai,精确匹配织丰,1,1502,1549,1563,病死,,,别所长治 别所重栋,只限武将,0,0,普通,勇敢,普通,慎重,重视情义,74,书籍,普通,普通,源氏,刀剑,73,68,48,57,60,2,2,2,1,1,2,2,1,1,0,0,1,0,1,0,0,无,强袭，拔突，铁壁,无,一般条件,,,已登场,别所就治,城主,直臣,赤松家,三木城,无,已登场,别所就治,城主,直臣,赤松家,三木城,无,已登场,别所就治,城主,直臣,赤松家,三木城,无,已死亡,别所就治,无效,无效,无,无效,无,已死亡,别所就治,无效,无效,无,无效,无,已死亡,别所就治,无效,无效,无,无效,无,已死亡,别所就治,无效,无效,无,无效,无,已死亡,别所就治,无效,无效,无,无效,无,已登场,别所就治,浪人,其他,无,大坂之町,无,,,,"[{""stage"":"""",""tkid"":""842"",""ref"":""842_别所就治_朝右.png"",""emotion"":0}]"
lord_1_shido_hiroyoshi,,志道廣良,志道广良,志道,843,Shido Hiroyoshi,clan_shido_1,sanyo,基于分组自动创建家族,1,1467,1549,1557,病死,志道元良,,口羽通良,全职种,0,0,温和,普通,现实,普通,重视情义,48,书籍,普通,嗜酒如命,其他,刀剑,38,31,80,79,66,1,1,1,0,0,0,1,0,0,2,3,2,2,3,1,2,水上拖延，水上禁行,强袭,无,无要求,,,已登场,志道广良,家老,直臣,毛利家,吉田郡山城,无,已登场,志道广良,家老,直臣,毛利家,吉田郡山城,无,已死亡,志道广良,无效,无效,无,无效,无,已死亡,志道广良,无效,无效,无,无效,无,已死亡,志道广良,无效,无效,无,无效,无,已死亡,志道广良,无效,无效,无,无效,无,已死亡,志道广良,无效,无效,无,无效,无,已死亡,志道广良,无效,无效,无,无效,无,已登场,志道广良,浪人,其他,无,木更津之町,无,,,,"[{""stage"":"""",""tkid"":""843"",""ref"":""843_志道广良_朝右.png"",""emotion"":0}]"
lord_1_nabeshima,,鍋島清房,锅岛清房,锅岛,844,Nabeshima Kiyofusa,clan_nabeshima_1,saikai,精确匹配织丰,1,1512,1549,1561,病死,,,锅岛胜茂 锅岛直茂,只限武将,0,0,普通,勇敢,普通,慎重,重视情义,45,武具,普通,普通,藤原氏,枪,59,62,48,60,55,2,2,1,1,2,2,2,0,0,0,1,1,0,2,0,1,无,强袭，拔突，刚弓，铁壁,无,一般条件,,,已登场,锅岛清房,部将,直臣,龙造寺家,佐嘉城,无,已登场,锅岛清房,家老,直臣,龙造寺家,佐嘉城,无,已登场,锅岛清房,家老,直臣,龙造寺家,佐嘉城,无,已死亡,锅岛清房,无效,无效,无,无效,无,已死亡,锅岛清房,无效,无效,无,无效,无,已死亡,锅岛清房,无效,无效,无,无效,无,已死亡,锅岛清房,无效,无效,无,无效,无,已死亡,锅岛清房,无效,无效,无,无效,无,已登场,锅岛清房,浪人,其他,无,堺之町,无,,,,"[{""stage"":"""",""tkid"":""844"",""ref"":""844_锅岛清房_朝右.png"",""emotion"":0}]"
lord_1_kamiya_shoosaku,,神屋紹策,神屋绍策,神屋,845,Kamiya Shoosaku,clan_kamiya_1,neutral_culture,基于分组自动创建家族,1,1523,1549,1565,病死,,,神屋宗湛,武将以外优先,0,0,温和,普通,普通,普通,普通,46,艺术品,贪心,普通,其他,枪,7,19,68,67,56,0,0,0,0,0,0,0,1,2,2,3,3,2,3,3,2,无,拔突，丢钱，大宴宾客,无,无要求,,,已登场,神屋绍策,当家,首领,神屋,博多之町,无,已登场,神屋绍策,当家,首领,神屋,博多之町,无,已登场,神屋绍策,当家,首领,神屋,博多之町,无,已死亡,神屋绍策,无效,无效,无,无效,无,已死亡,神屋绍策,无效,无效,无,无效,无,已死亡,神屋绍策,无效,无效,无,无效,无,已死亡,神屋绍策,无效,无效,无,无效,无,已死亡,神屋绍策,无效,无效,无,无效,无,已登场,神屋绍策,浪人,其他,无,博多之町,无,,,,"[{""stage"":"""",""tkid"":""845"",""ref"":""845_神屋绍策_朝右.png"",""emotion"":0}]"
lord_1_naito_okimori,,内藤興盛,内藤兴盛,内藤,846,Naito Okimori,clan_naito_1,sanyo,家族和文化自动推断,1,1484,1549,1554,病死,,,,全职种,0,0,温和,普通,普通,普通,普通,64,艺术品,普通,普通,藤原氏,刀剑,30,26,60,54,59,0,1,0,0,0,1,1,0,1,1,1,1,3,2,2,2,无,强袭,无,无要求,,,已登场,内藤兴盛,部将,直臣,大内家,山口城,无,已死亡,内藤兴盛,无效,无效,无,无效,无,已死亡,内藤兴盛,无效,无效,无,无效,无,已死亡,内藤兴盛,无效,无效,无,无效,无,已死亡,内藤兴盛,无效,无效,无,无效,无,已死亡,内藤兴盛,无效,无效,无,无效,无,已死亡,内藤兴盛,无效,无效,无,无效,无,已死亡,内藤兴盛,无效,无效,无,无效,无,已登场,内藤兴盛,浪人,其他,无,今治之町,无,,,,"[{""stage"":"""",""tkid"":""846"",""ref"":""846_内藤兴盛_朝右.png"",""emotion"":0}]"
lord_1_shimazu_sanekisa,,島津實久,岛津实久,岛津,847,Shimazu Sanekisa,clan_shimazu_1,saikai,家族和文化自动推断,1,1510,1549,1559,病死,,,岛津义虎,只限武将,69,72,性急,普通,现实,轻率,不重情义,82,艺术品,普通,普通,源氏,刀剑,40,39,49,67,46,1,1,1,1,1,1,0,1,1,0,0,1,0,0,1,0,齐攻,强袭，连续斩,无,无要求,,,已登场,岛津实久,城主,直臣,岛津家,出水城,无,已登场,岛津实久,部将,陪臣（岛津义虎）,岛津家,出水城,无,已死亡,岛津实久,无效,无效,无,无效,无,已死亡,岛津实久,无效,无效,无,无效,无,已死亡,岛津实久,无效,无效,无,无效,无,已死亡,岛津实久,无效,无效,无,无效,无,已死亡,岛津实久,无效,无效,无,无效,无,已死亡,岛津实久,无效,无效,无,无效,无,已登场,岛津实久,浪人,其他,无,龟山之町,无,,,,"[{""stage"":"""",""tkid"":""847"",""ref"":""847_岛津实久_朝右.png"",""emotion"":0}]"
lord_1_inoue_motokane,,井上元兼,井上元兼,井上,848,Inoue Motokane,clan_inoue_1,sanyo,基于分组自动创建家族,1,1501,1549,1550,战死,,,,全职种,98,98,性急,普通,普通,轻率,普通,84,艺术品,贪心,嗜酒如命,源氏,刀剑,58,40,29,75,22,1,0,1,0,0,0,2,0,0,0,0,2,2,2,2,0,无,强袭，辱骂,无,一般条件,,,已登场,井上元兼,家老,直臣,毛利家,吉田郡山城,无,已死亡,井上元兼,无效,无效,无,无效,无,已死亡,井上元兼,无效,无效,无,无效,无,已死亡,井上元兼,无效,无效,无,无效,无,已死亡,井上元兼,无效,无效,无,无效,无,已死亡,井上元兼,无效,无效,无,无效,无,已死亡,井上元兼,无效,无效,无,无效,无,已死亡,井上元兼,无效,无效,无,无效,无,已登场,井上元兼,侍大将,直臣,上泉家,内城,无,,,,"[{""stage"":"""",""tkid"":""848"",""ref"":""848_井上元兼_朝右.png"",""emotion"":0}]"
lord_1_tsuda_sootatsu,,津田宗達,津田宗达,津田,849,Tsuda Sootatsu,clan_tsuda_1,kinai,基于分组自动创建家族,1,1504,1549,1566,病死,,,津田宗及,全职种,0,2,普通,普通,普通,轻率,普通,69,艺术品,贪心,嗜酒如命,平氏,枪,36,9,69,70,72,1,0,0,0,0,0,1,0,0,2,2,4,3,3,4,2,无,拔突，丢钱，贿赂，大宴宾客,无,无要求,,,已登场,津田宗达,当家,首领,天王寺屋,堺之町,无,已登场,津田宗达,当家,首领,天王寺屋,堺之町,无,已登场,津田宗达,当家,首领,天王寺屋,堺之町,无,已死亡,津田宗达,无效,无效,无,无效,无,已死亡,津田宗达,无效,无效,无,无效,无,已死亡,津田宗达,无效,无效,无,无效,无,已死亡,津田宗达,无效,无效,无,无效,无,已死亡,津田宗达,无效,无效,无,无效,无,已登场,津田宗达,船头,直臣,盐饱水军,盐饱之砦,无,,,,"[{""stage"":"""",""tkid"":""849"",""ref"":""849_津田宗达_朝右.png"",""emotion"":0}]"
lord_1_aso_tada,,阿蘇惟豐,阿苏惟丰,阿苏,850,Aso Tada,clan_aso_1,saikai,家族和文化自动推断,1,1493,1549,1559,病死,,,阿苏惟将,全职种,49,49,普通,胆小,理想,普通,普通,69,艺术品,普通,普通,其他,刀剑,44,32,52,60,62,0,1,1,0,0,0,1,0,0,0,0,0,3,2,2,0,无,强袭,无,一般条件,,,已登场,阿苏惟丰,大名,首领,阿苏家,岩尾城,无,已登场,阿苏惟丰,大名,首领,阿苏家,岩尾城,无,已死亡,阿苏惟丰,无效,无效,无,无效,无,已死亡,阿苏惟丰,无效,无效,无,无效,无,已死亡,阿苏惟丰,无效,无效,无,无效,无,已死亡,阿苏惟丰,无效,无效,无,无效,无,已死亡,阿苏惟丰,无效,无效,无,无效,无,已死亡,阿苏惟丰,无效,无效,无,无效,无,已登场,阿苏惟丰,浪人,其他,无,严岛之町,无,,,,"[{""stage"":"""",""tkid"":""850"",""ref"":""850_阿苏惟丰_朝右.png"",""emotion"":0}]"
lord_1_tsuda_sancho,,津田算長,津田算长,津田,851,Tsuda Sancho,clan_tsuda_1,kinai,基于分组自动创建家族,1,1500,1549,1568,病死,,,杉之坊照算,武将以外优先,40,40,普通,普通,普通,普通,普通,56,武具,贪心,嗜酒如命,其他,火绳枪,78,82,48,62,29,2,0,4,0,1,3,3,3,2,0,3,2,0,0,0,2,狙击,强袭，连续斩，拔突，二连苦无，半月，急所击，二挺击，石火，乱射，刚力，铁壁，心眼,无,一般条件,,,已登场,津田算长,头目,首领,根来众,根来之里,津田流,已登场,津田算长,头目,首领,根来众,根来之里,津田流,已登场,津田算长,头目,首领,根来众,根来之里,津田流,已死亡,津田算长,无效,无效,无,无效,无,已死亡,津田算长,无效,无效,无,无效,无,已死亡,津田算长,无效,无效,无,无效,无,已死亡,津田算长,无效,无效,无,无效,无,已死亡,津田算长,无效,无效,无,无效,无,已登场,津田算长,船头,直臣,盐饱水军,盐饱之砦,津田流,,,,"[{""stage"":"""",""tkid"":""851"",""ref"":""851_津田算长_朝右.png"",""emotion"":0}]"
lord_1_sugi_shigenori,,杉重矩,杉重矩,杉,852,Sugi Shigenori,clan_sugi_1,ou,基于分组自动创建家族,1,1494,1549,1551,病死,,,,只限武将,60,60,普通,普通,普通,普通,普通,49,书籍,普通,普通,其他,刀剑,50,54,56,39,30,1,1,1,2,1,1,1,0,1,1,1,2,0,0,0,1,无,强袭,无,无要求,,,已登场,杉重矩,国主,直臣,大内家,小仓城,无,已死亡,杉重矩,无效,无效,无,无效,无,已死亡,杉重矩,无效,无效,无,无效,无,已死亡,杉重矩,无效,无效,无,无效,无,已死亡,杉重矩,无效,无效,无,无效,无,已死亡,杉重矩,无效,无效,无,无效,无,已死亡,杉重矩,无效,无效,无,无效,无,已死亡,杉重矩,无效,无效,无,无效,无,已登场,杉重矩,浪人,其他,无,博多之町,无,,,,"[{""stage"":"""",""tkid"":""852"",""ref"":""852_杉重矩_朝右.png"",""emotion"":0}]"
lord_1_kii_5,,城井長房,城井长房,城井,853,Kii Nagafusa,clan_kii_1,saikai,精确匹配织丰,1,1506,1549,1588,病死,,,城井镇房,只限武将,31,31,普通,普通,普通,普通,重视情义,42,书籍,普通,普通,藤原氏,枪,49,53,50,71,68,2,0,0,0,0,1,2,1,0,0,0,2,1,3,1,0,无,拔突,无,无要求,,,已登场,城井长房,城主,直臣,大内家,城井谷城,无,已登场,城井长房,部将,陪臣（城井镇房）,大友家,城井谷城,无,已登场,城井长房,部将,陪臣（城井镇房）,大友家,城井谷城,无,已登场,城井长房,部将,陪臣（城井镇房）,大友家,城井谷城,无,已登场,城井长房,部将,陪臣（城井镇房）,大友家,城井谷城,无,已登场,城井长房,家老,直臣,城井家,城井谷城,无,已登场,城井长房,家老,直臣,城井家,城井谷城,无,已死亡,城井长房,无效,无效,无,无效,无,已登场,城井长房,浪人,其他,无,津山之町,无,,,,"[{""stage"":"""",""tkid"":""853"",""ref"":""853_城井长房_朝右.png"",""emotion"":0}]"
lord_1_kasai_seitane,,葛西晴胤,葛西晴胤,葛西,854,Kasai Seitane,clan_kasai_1,ou,家族和文化自动推断,1,1497,1549,1555,病死,,,葛西晴信,只限武将,40,40,普通,勇敢,普通,普通,普通,34,艺术品,普通,嗜酒如命,平氏,枪,42,45,45,51,48,1,1,0,0,1,1,1,0,2,1,0,0,1,1,0,0,无,拔突,无,一般条件,,,已登场,葛西晴胤,大名,首领,葛西家,寺池城,无,已死亡,葛西晴胤,无效,无效,无,无效,无,已死亡,葛西晴胤,无效,无效,无,无效,无,已死亡,葛西晴胤,无效,无效,无,无效,无,已死亡,葛西晴胤,无效,无效,无,无效,无,已死亡,葛西晴胤,无效,无效,无,无效,无,已死亡,葛西晴胤,无效,无效,无,无效,无,已死亡,葛西晴胤,无效,无效,无,无效,无,已登场,葛西晴胤,部将,直臣,西园寺家,山形城,无,,,,"[{""stage"":"""",""tkid"":""854"",""ref"":""854_葛西晴胤_朝右.png"",""emotion"":0}]"
lord_1_ryuzojii_takeshi,,江上武種,江上武种,江上,855,Ryuzojii Takeshi,clan_ryuzojii_1,saikai,基于分组自动创建家族,1,1525,1549,1572,病死,,,,只限武将,92,92,性急,勇敢,普通,普通,重视情义,53,武具,无欲,普通,其他,刀剑,68,71,22,43,55,2,2,1,1,2,2,2,1,0,0,0,0,0,0,0,0,无,强袭，拔突，刚弓，铁壁,无,一般条件,,,已登场,江上武种,部将,直臣,少贰家,岩屋城,无,已登场,江上武种,部将,直臣,少贰家,久留米城,无,已登场,江上武种,侍大将,直臣,龙造寺家,佐嘉城,无,已登场,江上武种,侍大将,直臣,龙造寺家,佐嘉城,无,已死亡,江上武种,无效,无效,无,无效,无,已死亡,江上武种,无效,无效,无,无效,无,已死亡,江上武种,无效,无效,无,无效,无,已死亡,江上武种,无效,无效,无,无效,无,已登场,江上武种,家老,直臣,上泉家,内城,无,,,,"[{""stage"":"""",""tkid"":""855"",""ref"":""855_江上武种_朝右.png"",""emotion"":0}]"
lord_1_saeki_koreyori,,佐伯惟教,佐伯惟教,佐伯,856,Saeki Koreyori,clan_saeki_1,saikai,基于分组自动创建家族,1,1515,1549,1578,病死,,,佐伯惟定,只限武将,80,80,普通,勇敢,普通,普通,普通,48,南蛮物,普通,普通,其他,刀剑,60,51,34,46,48,1,2,1,2,1,2,1,1,1,0,1,0,1,0,1,1,强行突破,强袭，拔突，铁壁,无,无要求,,,已登场,佐伯惟教,城主,直臣,大友家,佐伯城,无,已登场,佐伯惟教,城主,直臣,大友家,佐伯城,无,已登场,佐伯惟教,城主,直臣,大友家,佐伯城,无,已登场,佐伯惟教,城主,直臣,大友家,佐伯城,无,已登场,佐伯惟教,城主,直臣,大友家,佐伯城,无,已死亡,佐伯惟教,无效,无效,无,无效,无,已死亡,佐伯惟教,无效,无效,无,无效,无,已死亡,佐伯惟教,无效,无效,无,无效,无,已登场,佐伯惟教,浪人,其他,无,丸龟之町,无,,,,"[{""stage"":"""",""tkid"":""856"",""ref"":""856_佐伯惟教_朝右.png"",""emotion"":0}]"
lord_1_uku_genmasa,,宇久玄雅,宇久玄雅,宇久,857,Uku Genmasa,clan_uku_1,neutral_culture,基于分组自动创建家族,1,1548,1562,1612,病死,宇久纯定,,宇久纯定 宇久纯玄,全职种,15,15,性急,勇敢,普通,普通,普通,64,南蛮物,贪心,嗜酒如命,源氏,火绳枪,51,55,23,56,60,2,0,2,3,0,3,2,0,2,1,1,0,1,1,0,0,加护,强袭，连续斩，拔突，急所击，刚力，铁壁,无,无要求,,,未登场,宇久玄雅,水夫头,直臣,五岛水军,江川之砦,无,未登场,宇久玄雅,水夫头,直臣,五岛水军,江川之砦,无,未登场,宇久玄雅,水夫,直臣,五岛水军,江川之砦,无,已登场,宇久玄雅,水夫头,直臣,五岛水军,江川之砦,无,已登场,宇久玄雅,船头,直臣,五岛水军,江川之砦,无,已登场,宇久玄雅,船头,直臣,五岛水军,江川之砦,无,已登场,宇久玄雅,船头,直臣,五岛水军,江川之砦,无,已登场,宇久玄雅,头领,首领,五岛水军,江川之砦,无,已登场,宇久玄雅,浪人,其他,无,大凑之町,无,,,,"[{""stage"":"""",""tkid"":""857"",""ref"":""857_宇久玄雅_朝右.png"",""emotion"":0}]"
lord_1_futatsugi_jutaka,,二木重高,二木重高,二木,858,Futatsugi Jutaka,clan_futatsugi_1,hokuriku,基于分组自动创建家族,1,1514,1549,1590,病死,,,,只限武将,99,99,性急,胆小,理想,普通,重视情义,33,艺术品,无欲,滴酒不沾,源氏,刀剑,52,40,30,61,60,1,2,0,0,1,1,1,0,0,0,0,0,3,3,0,0,无,强袭,无,无要求,,,已登场,二木重高,部将,直臣,小笠原家,高远城,无,已登场,二木重高,足轻大将,直臣,武田家,踯躅崎馆,无,已登场,二木重高,足轻组头,陪臣（武田信廉）,武田家,高远城,无,已登场,二木重高,足轻大将,陪臣（武田信廉）,武田家,高远城,无,已登场,二木重高,足轻大将,陪臣（仁科盛信）,武田家,高远城,无,已登场,二木重高,足轻大将,陪臣（仁科盛信）,武田家,高远城,无,已登场,二木重高,浪人,其他,无,直江津之町,无,已死亡,二木重高,无效,无效,无,无效,无,已登场,二木重高,家老,直臣,二阶堂家,金泽城,无,,,,"[{""stage"":"""",""tkid"":""858"",""ref"":""858_二木重高_朝右.png"",""emotion"":0}]"
lord_1_takada_matahei,,高田又兵衛,高田又兵卫,高田,859,Takada Matahei,clan_takada_1,neutral_culture,基于分组自动创建家族,1,1583,1597,1671,病死,,,,全职种,1,0,性急,勇敢,理想,普通,普通,22,武具,普通,普通,其他,枪,37,92,23,30,70,1,0,1,0,2,4,2,0,0,0,0,0,0,0,0,2,无,强袭，连续斩，拔突，粘花，刚弓，卷枪，飞鸟，引落，当身，柄返，刚力，铁壁，辱骂，大喝,无,一般条件,,,未登场,高田又兵卫,浪人,其他,无,奈良之町,宝藏院流,未登场,高田又兵卫,浪人,其他,无,奈良之町,宝藏院流,未登场,高田又兵卫,浪人,其他,无,奈良之町,无,未登场,高田又兵卫,浪人,其他,无,奈良之町,宝藏院流,未登场,高田又兵卫,浪人,其他,无,奈良之町,宝藏院流,未登场,高田又兵卫,浪人,其他,无,奈良之町,宝藏院流,未登场,高田又兵卫,浪人,其他,无,奈良之町,宝藏院流,已登场,高田又兵卫,浪人,其他,无,奈良之町,高田流,已登场,高田又兵卫,浪人,其他,无,小诸之町,高田流,,,,"[{""stage"":"""",""tkid"":""859"",""ref"":""859_高田又兵卫_朝右.png"",""emotion"":0}]"
lord_1_daihoji_4,,大寶寺義興,大宝寺义兴,大宝寺,1188,Daihoji Yoshioki,clan_daihoji_1,ou,精确匹配织丰,1,1553,1567,1587,战死,大宝寺义增,,大宝寺义氏 大宝寺义增,只限武将,0,0,性急,胆小,现实,慎重,普通,71,书籍,贪心,普通,藤原氏,刀剑,31,38,66,68,52,0,1,0,0,0,0,2,0,1,1,0,1,2,2,1,0,无,强袭,无,一般条件,,,未登场,大宝寺义兴,部将,直臣,大宝寺家,尾浦城,无,未登场,大宝寺义兴,部将,直臣,大宝寺家,尾浦城,无,未登场,大宝寺义兴,部将,直臣,大宝寺家,尾浦城,无,已登场,大宝寺义兴,部将,直臣,大宝寺家,尾浦城,无,已登场,大宝寺义兴,部将,直臣,大宝寺家,尾浦城,无,已登场,大宝寺义兴,部将,直臣,大宝寺家,尾浦城,无,已登场,大宝寺义兴,大名,首领,大宝寺家,尾浦城,无,已死亡,大宝寺义兴,无效,无效,无,无效,无,已登场,大宝寺义兴,家老,直臣,大久保家,佐贺城,无,,,,"[{""stage"":"""",""tkid"":""1188"",""ref"":""1188_大宝寺义兴_朝右.png"",""emotion"":0}]"
lord_1_oka_harufusa,,大野治房,大野治房,大野,1189,Oka Harufusa,clan_oka_1,kinai,基于分组自动创建家族,1,1572,1586,1615,战死,大野治长父,,大野治长,只限武将,20,80,性急,勇敢,现实,轻率,不重情义,46,艺术品,普通,滴酒不沾,其他,刀剑,53,60,43,48,47,1,1,0,0,0,0,1,0,0,0,0,0,3,2,4,0,无,强袭,风雅之士,无要求,,,未登场,大野治房,足轻组头,直臣,织田家,那古野城,无,未登场,大野治房,足轻组头,直臣,织田家,清洲城,无,未登场,大野治房,足轻组头,直臣,织田家,清洲城,无,未登场,大野治房,足轻组头,直臣,织田家,岐阜城,无,未登场,大野治房,足轻组头,直臣,织田家,岐阜城,无,未登场,大野治房,足轻组头,直臣,织田家,安土城,无,未登场,大野治房,足轻组头,直臣,羽柴家,石山本愿寺,无,已登场,大野治房,部将,直臣,丰臣家,大坂城,无,已登场,大野治房,部将,直臣,大久保家,佐贺城,无,,,,"[{""stage"":"""",""tkid"":""1189"",""ref"":""1189_大野治房_朝正.png"",""emotion"":0}]"
lord_1_mizuhara_chikayoshi,,水原親憲,水原亲宪,水原,1190,Mizuhara Chikayoshi,clan_mizuhara_1,hokuriku,基于分组自动创建家族,1,1546,1560,1616,病死,,,,只限武将,16,15,性急,勇敢,普通,普通,重视情义,65,武具,贪心,普通,平氏,枪,73,72,40,28,42,3,3,1,2,1,2,1,0,0,0,0,0,0,0,2,0,无,强袭，连续斩，拔突，铁壁,无,无要求,,,未登场,水原亲宪,侍大将,直臣,长尾家,春日山城,无,未登场,水原亲宪,侍大将,直臣,长尾家,春日山城,无,已登场,水原亲宪,侍大将,直臣,长尾家,春日山城,无,已登场,水原亲宪,侍大将,直臣,上杉家,春日山城,无,已登场,水原亲宪,侍大将,直臣,上杉家,春日山城,无,已登场,水原亲宪,侍大将,直臣,上杉家,春日山城,无,已登场,水原亲宪,侍大将,直臣,上杉家,春日山城,无,已登场,水原亲宪,侍大将,直臣,上杉家,会津若松城,无,已登场,水原亲宪,船头,直臣,淡路水军,洲本之砦,无,,,,"[{""stage"":"""",""tkid"":""1190"",""ref"":""1190_水原亲宪_朝右.png"",""emotion"":0}]"
lord_1_tsugaru_nobutomo,,津輕信枚,津轻信枚,津轻,1191,Tsugaru Nobutomo,clan_tsugaru_1,ou,基于分组自动创建家族,1,1586,1598,1631,病死,津轻为信,,津轻为信,只限武将,16,16,普通,普通,现实,慎重,普通,55,南蛮物,普通,普通,藤原氏,刀剑,59,54,70,66,64,2,2,1,1,0,2,2,0,2,0,1,0,3,2,0,2,无,强袭，拔突，铁壁,无,一般条件,,,未登场,津轻信枚,足轻大将,陪臣（大浦为信）,南部家,大浦城,无,未登场,津轻信枚,足轻大将,陪臣（大浦为信）,南部家,大浦城,无,未登场,津轻信枚,足轻大将,陪臣（大浦为信）,南部家,大浦城,无,未登场,津轻信枚,足轻大将,陪臣（大浦为信）,南部家,大浦城,无,未登场,津轻信枚,足轻大将,陪臣（津轻为信）,南部家,大浦城,无,未登场,津轻信枚,足轻大将,陪臣（津轻为信）,南部家,大浦城,无,未登场,津轻信枚,足轻大将,直臣,津轻家,大浦城,无,已登场,津轻信枚,家老,直臣,津轻家,大浦城,无,已登场,津轻信枚,船头,直臣,盐饱水军,盐饱之砦,无,,,,"[{""stage"":"""",""tkid"":""1191"",""ref"":""1191_津轻信枚_朝右.png"",""emotion"":0}]"
lord_1_oyamada_shigenao,,小山田茂誠,小山田茂诚,小山田,1192,Oyamada Shigenao,clan_oyamada_1,tosan,家族和文化自动推断,1,1561,1575,1637,病死,,,,全职种,55,55,普通,普通,现实,慎重,重视情义,30,武具,普通,嗜酒如命,平氏,刀剑,62,65,46,31,53,2,1,1,1,2,2,1,0,0,0,0,0,0,0,0,0,无,强袭，拔突，刚弓，铁壁,无,无要求,,,未登场,小山田茂诚,足轻组头,直臣,武田家,踯躅崎馆,无,未登场,小山田茂诚,足轻组头,直臣,武田家,踯躅崎馆,无,未登场,小山田茂诚,足轻组头,直臣,武田家,踯躅崎馆,无,未登场,小山田茂诚,足轻组头,直臣,武田家,踯躅崎馆,无,已登场,小山田茂诚,足轻组头,直臣,武田家,踯躅崎馆,无,已登场,小山田茂诚,足轻组头,直臣,武田家,甲府城,无,已登场,小山田茂诚,足轻组头,直臣,北条家,小田原城,无,已登场,小山田茂诚,足轻大将,直臣,真田家,上田城,无,已登场,小山田茂诚,部将,直臣,小笠原家,小仓城,无,,,,"[{""stage"":"""",""tkid"":""1192"",""ref"":""1192_小山田茂诚_朝右.png"",""emotion"":0}]"
lord_1_toshitoki_renjo,,十時連貞,十时连贞,十时,1193,Toshitoki Renjo,clan_toshitoki_1,saikai,基于分组自动创建家族,1,1556,1570,1644,病死,,,,只限武将,84,84,普通,勇敢,理想,普通,重视情义,34,南蛮物,普通,普通,其他,刀剑,63,78,61,59,55,3,3,1,2,1,2,2,0,0,0,0,1,2,2,0,1,无,强袭，拔突，铁壁,无,一般条件,,,未登场,十时连贞,足轻组头,陪臣（户次鉴连）,大友家,府内城,无,未登场,十时连贞,足轻组头,陪臣（户次鉴连）,大友家,府内城,无,未登场,十时连贞,足轻组头,陪臣（户次鉴连）,大友家,府内城,无,未登场,十时连贞,足轻组头,陪臣（户次鉴连）,大友家,府内城,无,已登场,十时连贞,足轻组头,陪臣（立花道雪）,大友家,立花山城,无,已登场,十时连贞,足轻组头,陪臣（立花道雪）,大友家,立花山城,无,已登场,十时连贞,足轻组头,陪臣（立花宗茂）,大友家,立花山城,无,已登场,十时连贞,侍大将,直臣,立花家,柳川城,无,已登场,十时连贞,部将,直臣,十河家,广岛城,无,,,,"[{""stage"":"""",""tkid"":""1193"",""ref"":""1193_十时连贞_朝右.png"",""emotion"":0}]"
lord_1_ii_naotaka,,井伊直孝,井伊直孝,井伊,1194,Ii Naotaka,clan_ii_1,tokai,家族和文化自动推断,1,1590,1598,1659,病死,井伊直政,,井伊直政,只限武将,86,86,温和,普通,现实,慎重,普通,40,武具,普通,滴酒不沾,源氏,枪,46,85,58,42,48,2,3,2,1,2,2,2,0,2,1,2,0,0,1,1,0,无,强袭，拔突，粘花，刚弓，卷枪，引落，柄返，铁壁,无,一般条件,,,未登场,井伊直孝,足轻组头,陪臣（松平竹千代）,今川家,冈崎城,无,未登场,井伊直孝,足轻组头,陪臣（松平元康）,今川家,冈崎城,无,未登场,井伊直孝,足轻组头,陪臣（松平元康）,今川家,冈崎城,无,未登场,井伊直孝,足轻组头,直臣,德川家,冈崎城,无,未登场,井伊直孝,足轻组头,陪臣（井伊直政）,德川家,滨松城,无,未登场,井伊直孝,足轻组头,直臣,德川家,滨松城,无,未登场,井伊直孝,足轻组头,直臣,德川家,滨松城,无,已登场,井伊直孝,侍大将,陪臣（井伊直政）,德川家,箕轮城,无,已登场,井伊直孝,浪人,其他,无,严岛之町,无,,,,"[{""stage"":"""",""tkid"":""1194"",""ref"":""1194_井伊直孝_朝右.png"",""emotion"":0}]"
lord_1_katakura_juu,,片倉重長,片仓重长,片仓,1195,Katakura Juu,clan_katakura_1,ou,家族和文化自动推断,1,1584,1598,1659,病死,片仓景纲,,片仓景纲,只限武将,62,62,普通,普通,理想,慎重,重视情义,30,武具,普通,普通,藤原氏,刀剑,68,75,59,53,65,2,2,1,0,0,1,1,0,1,1,0,0,0,0,0,0,骑射突击,强袭，连续斩，拔突，金刚力，铁壁,无,无要求,,,未登场,片仓重长,足轻组头,陪臣（片仓景纲）,伊达家,米泽城,无,未登场,片仓重长,足轻组头,陪臣（片仓景纲）,伊达家,米泽城,无,未登场,片仓重长,足轻组头,陪臣（片仓景纲）,伊达家,米泽城,无,未登场,片仓重长,足轻组头,陪臣（片仓景纲）,伊达家,米泽城,无,未登场,片仓重长,足轻组头,陪臣（片仓景纲）,伊达家,米泽城,无,未登场,片仓重长,足轻组头,陪臣（片仓景纲）,伊达家,米泽城,无,未登场,片仓重长,足轻组头,陪臣（片仓景纲）,伊达家,米泽城,无,已登场,片仓重长,足轻组头,陪臣（片仓景纲）,伊达家,仙台城,无,已登场,片仓重长,浪人,其他,无,今治之町,无,,,,"[{""stage"":"""",""tkid"":""1195"",""ref"":""1195_片仓重长_朝正.png"",""emotion"":0}]"
lord_1_narita_11,,成田長親,成田长亲,成田,1196,Narita Nagachika,clan_narita_1,kanto,精确匹配织丰,1,1545,1559,1613,病死,,成田亲泰,成田氏长 成田长忠 成田长泰,只限武将,80,80,普通,胆小,普通,普通,不重情义,65,艺术品,贪心,普通,藤原氏,刀剑,51,33,46,47,52,1,0,0,1,0,0,1,0,0,1,2,2,0,0,0,0,无,强袭,无,无要求,,,未登场,成田长亲,足轻组头,陪臣（成田长泰）,长尾家,忍城,无,未登场,成田长亲,足轻组头,陪臣（成田长泰）,长尾家,忍城,无,已登场,成田长亲,足轻组头,陪臣（成田长泰）,长尾家,忍城,无,已登场,成田长亲,足轻组头,陪臣（成田氏长）,北条家,忍城,无,已登场,成田长亲,足轻组头,陪臣（成田氏长）,北条家,忍城,无,已登场,成田长亲,足轻组头,陪臣（成田氏长）,北条家,忍城,无,已登场,成田长亲,足轻组头,陪臣（成田氏长）,北条家,忍城,无,已登场,成田长亲,浪人,其他,无,清洲之町,无,已登场,成田长亲,浪人,其他,无,长滨之町,无,,,,"[{""stage"":"""",""tkid"":""1196"",""ref"":""1196_成田长亲_朝右.png"",""emotion"":0}]"
lord_1_mogami_ie,,最上家親,最上家亲,最上,1197,Mogami Ie,clan_mogami_1,ou,家族和文化自动推断,1,1582,1596,1617,病死,最上义光,最上义守,最上义光 最上义时 最上义守,只限武将,50,99,性急,胆小,普通,普通,不重情义,77,艺术品,贪心,普通,源氏,刀剑,39,53,55,34,53,2,2,1,0,1,1,1,0,0,0,0,0,2,1,1,0,无,强袭，毒斩,无,无要求,,,未登场,最上家亲,部将,陪臣（最上义光）,最上家,山形城,无,未登场,最上家亲,部将,陪臣（最上义光）,最上家,山形城,无,未登场,最上家亲,部将,陪臣（最上义光）,最上家,山形城,无,未登场,最上家亲,部将,陪臣（最上义光）,最上家,山形城,无,未登场,最上家亲,部将,直臣,最上家,山形城,无,未登场,最上家亲,部将,直臣,最上家,山形城,无,未登场,最上家亲,部将,直臣,最上家,山形城,无,已登场,最上家亲,部将,直臣,最上家,山形城,无,已登场,最上家亲,部将,直臣,上泉家,内城,无,,,,"[{""stage"":"""",""tkid"":""1197"",""ref"":""1197_最上家亲_朝右.png"",""emotion"":0}]"
lord_1_ueda_shigeyasu,,上田重安,上田重安,上田,1198,Ueda Shigeyasu,clan_ueda_1,kinai,基于分组自动创建家族,1,1563,1577,1650,病死,,,,全职种,50,50,温和,胆小,理想,慎重,不重情义,15,书籍,无欲,滴酒不沾,源氏,刀剑,30,36,31,71,70,1,0,0,0,0,0,1,0,2,0,0,0,3,2,4,1,无,强袭,无,一般条件,,,未登场,上田重安,足轻组头,陪臣（丹羽长秀）,织田家,那古野城,无,未登场,上田重安,足轻组头,陪臣（丹羽长秀）,织田家,清洲城,无,未登场,上田重安,足轻组头,陪臣（丹羽长秀）,织田家,清洲城,无,未登场,上田重安,足轻组头,陪臣（丹羽长秀）,织田家,清洲城,无,未登场,上田重安,足轻组头,陪臣（丹羽长秀）,织田家,佐和山城,无,已登场,上田重安,足轻组头,陪臣（丹羽长秀）,织田家,佐和山城,无,已登场,上田重安,足轻组头,直臣,丹羽家,北之庄城,无,已登场,上田重安,足轻组头,直臣,丰臣家,大坂城,无,已登场,上田重安,部将,直臣,上泉家,内城,无,,,,"[{""stage"":"""",""tkid"":""1198"",""ref"":""1198_上田重安_朝右.png"",""emotion"":0}]"
lord_1_koyanagawa_muneasa,,小梁川宗朝,小梁川宗朝,小梁川,1199,Koyanagawa Muneasa,clan_koyanagawa_1,ou,基于分组自动创建家族,1,1469,1549,1565,病死,,,,只限武将,46,46,普通,勇敢,理想,普通,重视情义,23,武具,无欲,普通,藤原氏,枪,49,63,50,58,72,2,3,0,0,1,1,3,0,1,0,0,0,2,2,0,0,无,拔突，粘花,无,一般条件,,,已登场,小梁川宗朝,部将,直臣,伊达家,米泽城,无,已登场,小梁川宗朝,部将,直臣,伊达家,米泽城,无,已登场,小梁川宗朝,部将,直臣,伊达家,米泽城,无,已死亡,小梁川宗朝,无效,无效,无,无效,无,已死亡,小梁川宗朝,无效,无效,无,无效,无,已死亡,小梁川宗朝,无效,无效,无,无效,无,已死亡,小梁川宗朝,无效,无效,无,无效,无,已死亡,小梁川宗朝,无效,无效,无,无效,无,已登场,小梁川宗朝,部将,直臣,小笠原家,小仓城,无,,,,"[{""stage"":"""",""tkid"":""1199"",""ref"":""1199_小梁川宗朝_朝右.png"",""emotion"":0}]"
lord_1_okuni_sanetomo,,大國實賴,大国实赖,大国,1200,Okuni Sanetomo,clan_okuni_1,hokuriku,基于分组自动创建家族,1,1562,1576,1622,病死,樋口兼丰,,直江兼续,全职种,20,15,普通,普通,现实,慎重,重视情义,33,书籍,普通,普通,源氏,刀剑,55,39,71,60,44,1,1,0,0,0,0,1,0,0,0,1,1,2,0,0,0,无,拔突,风雅之士,无要求,,,未登场,大国实赖,足轻组头,陪臣（直江兼续）,长尾家,春日山城,无,未登场,大国实赖,足轻组头,陪臣（直江兼续）,长尾家,春日山城,无,未登场,大国实赖,足轻组头,陪臣（直江兼续）,长尾家,春日山城,无,未登场,大国实赖,足轻组头,陪臣（直江兼续）,上杉家,春日山城,无,未登场,大国实赖,足轻组头,陪臣（直江兼续）,上杉家,春日山城,无,已登场,大国实赖,足轻组头,陪臣（直江兼续）,上杉家,春日山城,无,已登场,大国实赖,足轻组头,陪臣（直江兼续）,上杉家,春日山城,无,已登场,大国实赖,足轻组头,陪臣（直江兼续）,上杉家,米泽城,无,已登场,大国实赖,部将,直臣,大久保家,佐贺城,无,,,,"[{""stage"":"""",""tkid"":""1200"",""ref"":""1200_大国实赖_朝右.png"",""emotion"":0}]"
lord_1_umezu_masakage,,梅津政景,梅津政景,梅津,1201,Umezu Masakage,clan_umezu_1,kanto,基于分组自动创建家族,1,1581,1595,1633,病死,,,,全职种,20,20,温和,普通,理想,普通,重视情义,22,书籍,无欲,嗜酒如命,其他,枪,38,33,86,50,82,0,0,0,0,0,0,0,0,1,2,3,3,3,2,2,2,土龙攻,拔突，丢钱,能吏,一般条件,,,未登场,梅津政景,足轻组头,直臣,佐竹家,太田城,无,未登场,梅津政景,足轻组头,直臣,佐竹家,太田城,无,未登场,梅津政景,足轻组头,直臣,佐竹家,太田城,无,未登场,梅津政景,足轻组头,直臣,佐竹家,太田城,无,未登场,梅津政景,足轻组头,直臣,佐竹家,太田城,无,未登场,梅津政景,足轻组头,直臣,佐竹家,太田城,无,未登场,梅津政景,足轻组头,直臣,佐竹家,水户城,无,已登场,梅津政景,足轻组头,直臣,佐竹家,水户城,无,已登场,梅津政景,伙计,直臣,豆腐屋,今治之町,无,,,,"[{""stage"":"""",""tkid"":""1201"",""ref"":""1201_梅津政景_朝右.png"",""emotion"":0}]"
lord_1_mibuchi_fuji,,三淵藤英,三渊藤英,三渊,1202,Mibuchi Fuji hide,clan_mibuchi_1,kinai,基于分组自动创建家族,1,1530,1549,1574,战死,三渊晴员,,细川忠兴 细川幽斋,只限武将,15,45,普通,胆小,普通,轻率,不重情义,50,艺术品,普通,嗜酒如命,源氏,刀剑,25,26,69,65,70,0,0,0,1,0,0,1,0,2,2,1,3,3,2,3,0,威风凛凛,拔突，粘花，卷枪，丢钱,风雅之士,无要求,,,已登场,三渊藤英,足轻组头,直臣,足利家,朽木谷城,无,已登场,三渊藤英,足轻组头,直臣,足利家,朽木谷城,无,已登场,三渊藤英,足轻组头,直臣,足利家,二条城,无,已登场,三渊藤英,足轻组头,直臣,足利家,二条城,无,已死亡,三渊藤英,无效,无效,无,无效,无,已死亡,三渊藤英,无效,无效,无,无效,无,已死亡,三渊藤英,无效,无效,无,无效,无,已死亡,三渊藤英,无效,无效,无,无效,无,已登场,三渊藤英,部将,直臣,三刀屋家,骏府城,无,,,,"[{""stage"":"""",""tkid"":""1202"",""ref"":""1202_三渊藤英_朝右.png"",""emotion"":0}]"
lord_1_honda_masashige,,本多政重,本多政重,本多,1203,Honda Masashige,clan_honda_1,tokai,家族和文化自动推断,1,1580,1594,1647,病死,本多正信,,本多正纯 本多正信,全职种,50,15,性急,勇敢,理想,轻率,不重情义,34,武具,普通,普通,藤原氏,枪,36,65,61,49,63,2,1,1,0,1,2,1,1,0,0,1,1,0,0,0,1,车悬,强袭，拔突，粘花，卷枪，引落，柄返，刚力，铁壁，大喝,无,无要求,,,未登场,本多政重,足轻组头,陪臣（松平竹千代）,今川家,冈崎城,无,未登场,本多政重,足轻组头,陪臣（松平元康）,今川家,冈崎城,无,未登场,本多政重,足轻组头,陪臣（松平元康）,今川家,冈崎城,无,未登场,本多政重,足轻组头,直臣,德川家,冈崎城,无,未登场,本多政重,足轻组头,陪臣（本多正信）,德川家,滨松城,无,未登场,本多政重,足轻组头,直臣,德川家,滨松城,无,未登场,本多政重,足轻组头,直臣,德川家,滨松城,无,已登场,本多政重,部将,直臣,德川家,江户城,无,已登场,本多政重,浪人,其他,无,博多之町,无,,,,"[{""stage"":"""",""tkid"":""1203"",""ref"":""1203_本多政重_朝右.png"",""emotion"":0}]"
lord_1_kuriyama_zensuke,,栗山善助,栗山善助,栗山,1204,Kuriyama Zensuke,clan_kuriyama_1,kinai,基于分组自动创建家族,1,1550,1564,1631,病死,,,,全职种,6,6,温和,普通,理想,慎重,重视情义,65,书籍,贪心,嗜酒如命,源氏,刀剑,56,75,48,39,62,2,2,2,0,0,1,2,1,0,2,1,3,2,3,1,1,无,强袭，连续斩，刚力，丢钱,无,一般条件,,,未登场,栗山善助,足轻组头,陪臣（小寺政职）,赤松家,御着城,无,未登场,栗山善助,足轻组头,陪臣（小寺政职）,赤松家,御着城,无,未登场,栗山善助,足轻组头,陪臣（小寺政职）,赤松家,御着城,无,已登场,栗山善助,足轻组头,陪臣（小寺政职）,赤松家,御着城,无,已登场,栗山善助,足轻组头,陪臣（小寺政职）,赤松家,姬路城,无,已登场,栗山善助,足轻组头,陪臣（羽柴秀吉）,织田家,姬路城,无,已登场,栗山善助,足轻组头,陪臣（黑田官兵卫）,羽柴家,石山本愿寺,无,已登场,栗山善助,家老,直臣,黑田家,中津城,无,已登场,栗山善助,部将,直臣,山中家,江户城,无,,,,"[{""stage"":"""",""tkid"":""1204"",""ref"":""1204_栗山善助_朝右.png"",""emotion"":0}]"
lord_1_tsutsuii_tanimatsurigotogen,,多賀穀政廣,多贺谷政广,多贺谷,1205,Tsutsuii Tanimatsurigotogen,clan_tsutsuii_1,kinai,基于分组自动创建家族,1,1537,1551,1595,病死,,,,全职种,20,30,普通,胆小,普通,慎重,普通,55,艺术品,普通,普通,平氏,枪,29,31,63,60,39,1,0,0,0,0,0,2,0,1,3,0,2,2,0,2,0,无,拔突,无,无要求,,,未登场,多贺谷政广,足轻组头,直臣,结城家,结城城,无,已登场,多贺谷政广,足轻组头,直臣,结城家,结城城,无,已登场,多贺谷政广,足轻组头,直臣,结城家,结城城,无,已登场,多贺谷政广,足轻组头,直臣,结城家,结城城,无,已登场,多贺谷政广,足轻组头,直臣,结城家,结城城,无,已登场,多贺谷政广,足轻组头,直臣,结城家,结城城,无,已登场,多贺谷政广,足轻组头,直臣,结城家,结城城,无,已死亡,多贺谷政广,无效,无效,无,无效,无,已登场,多贺谷政广,浪人,其他,无,松仓之町,无,,,,"[{""stage"":"""",""tkid"":""1205"",""ref"":""1205_多贺谷政广_朝右.png"",""emotion"":0}]"
lord_1_toki_tomoyori,,土岐為賴,土岐为赖,土岐,1206,Toki Tomoyori,clan_toki_1,kinai,基于分组自动创建家族,1,1494,1549,1583,病死,,,,全职种,33,35,性急,勇敢,现实,轻率,不重情义,65,武具,普通,嗜酒如命,源氏,枪,54,62,49,70,64,3,3,2,0,2,1,3,0,0,0,0,0,0,2,0,0,无,拔突，刚弓，辱骂，大喝,无,一般条件,,,已登场,土岐为赖,部将,直臣,里见家,久留里城,无,已登场,土岐为赖,部将,直臣,里见家,久留里城,无,已登场,土岐为赖,部将,直臣,里见家,久留里城,无,已登场,土岐为赖,部将,直臣,里见家,久留里城,无,已登场,土岐为赖,部将,直臣,里见家,久留里城,无,已登场,土岐为赖,部将,直臣,里见家,久留里城,无,已死亡,土岐为赖,无效,无效,无,无效,无,已死亡,土岐为赖,无效,无效,无,无效,无,已登场,土岐为赖,浪人,其他,无,滨松之町,无,,,,"[{""stage"":"""",""tkid"":""1206"",""ref"":""1206_土岐为赖_朝右.png"",""emotion"":0}]"
lord_1_mai_hyogo,,舞兵庫,舞兵库,舞,1207,Mai Hyogo,clan_mai_1,neutral_culture,基于分组自动创建家族,1,1560,1574,1600,战死,,,,全职种,15,20,普通,勇敢,普通,普通,重视情义,60,武具,贪心,普通,其他,刀剑,72,80,63,55,44,2,3,2,1,1,2,1,1,0,0,1,0,1,0,1,0,无,强袭，拔突，粘花，卷枪，铁壁，大喝,无,无要求,,,未登场,舞兵库,浪人,其他,无,清洲之町,无,未登场,舞兵库,浪人,其他,无,清洲之町,无,未登场,舞兵库,浪人,其他,无,清洲之町,无,未登场,舞兵库,浪人,其他,无,清洲之町,无,已登场,舞兵库,浪人,其他,无,清洲之町,无,已登场,舞兵库,浪人,其他,无,清洲之町,无,已登场,舞兵库,浪人,其他,无,清洲之町,无,已登场,舞兵库,浪人,其他,无,清洲之町,无,已登场,舞兵库,浪人,其他,无,京之町,无,,,,"[{""stage"":"""",""tkid"":""1207"",""ref"":""1207_舞兵库_朝右.png"",""emotion"":0}]"
lord_1_yamagami_michiyuki,,山上道及,山上道及,山上,1208,Yamagami Michiyuki,clan_yamagami_1,hokuriku,基于分组自动创建家族,1,1535,1549,1605,病死,,,,只限武将,50,50,普通,勇敢,理想,轻率,普通,66,武具,无欲,滴酒不沾,藤原氏,刀剑,68,76,29,62,71,3,2,0,0,2,3,3,0,1,0,0,0,1,0,0,1,无,强袭，连续斩，切落，居合斩，拔突，刚弓，刚力，铁壁，心眼,剑客,一般条件,,,已登场,山上道及,足轻组头,陪臣（长野业正）,上杉家,箕轮城,无,已登场,山上道及,足轻组头,直臣,长野家,箕轮城,无,已登场,山上道及,足轻组头,直臣,长野家,箕轮城,无,已登场,山上道及,足轻组头,陪臣（色部胜长）,上杉家,春日山城,无,已登场,山上道及,足轻组头,直臣,上杉家,春日山城,无,已登场,山上道及,足轻组头,直臣,上杉家,春日山城,无,已登场,山上道及,家老,直臣,佐竹家,水户城,无,已登场,山上道及,足轻组头,直臣,上杉家,会津若松城,无,已登场,山上道及,部将,直臣,山中家,江户城,无,,,,"[{""stage"":"""",""tkid"":""1208"",""ref"":""1208_山上道及_朝右.png"",""emotion"":0}]"
lord_1_hachisuka_yoshishige,,蜂須賀至鎮,蜂须贺至镇,蜂须贺,1209,Hachisuka Yoshishige,clan_hachisuka_1,sanyo,基于分组自动创建家族,1,1586,1598,1620,病死,蜂须贺家政,蜂须贺正胜,蜂须贺家政 蜂须贺正胜,只限武将,5,90,性急,普通,现实,普通,不重情义,40,南蛮物,贪心,嗜酒如命,源氏,火绳枪,74,51,65,59,47,1,2,2,1,0,1,1,1,0,0,2,0,0,1,0,0,无,拔突，干饭,无,无要求,,,未登场,蜂须贺至镇,浪人,其他,无,井之口之町,无,未登场,蜂须贺至镇,浪人,其他,无,井之口之町,无,未登场,蜂须贺至镇,浪人,其他,无,井之口之町,无,未登场,蜂须贺至镇,浪人,其他,无,岐阜之町,无,未登场,蜂须贺至镇,浪人,其他,无,岐阜之町,无,未登场,蜂须贺至镇,浪人,其他,无,岐阜之町,无,未登场,蜂须贺至镇,足轻组头,陪臣（蜂须贺正胜）,羽柴家,上月城,无,已登场,蜂须贺至镇,浪人,其他,无,岐阜之町,无,已登场,蜂须贺至镇,浪人,其他,无,鸟取之町,无,,,,"[{""stage"":"""",""tkid"":""1209"",""ref"":""1209_蜂须贺至镇_朝右.png"",""emotion"":0}]"
lord_1_sanada_10,,真田信尹,真田信尹,真田,1210,Sanada Nobutada,clan_sanada_1,tosan,精确匹配织丰,1,1547,1561,1632,病死,真田幸隆,真田赖昌,真田信纲 真田信幸 真田昌辉 真田昌幸 真田幸隆 真田幸村 矢泽赖纲 矢泽赖康,只限武将,80,25,性急,普通,普通,慎重,不重情义,46,书籍,普通,滴酒不沾,源氏,枪,63,42,79,70,58,1,1,0,0,2,0,1,0,2,0,1,1,2,3,0,0,六文钱,拔突，粘花，刚弓，卷枪，引落,枪术能手,无要求,,,未登场,真田信尹,足轻组头,陪臣（真田幸隆）,武田家,踯躅崎馆,无,未登场,真田信尹,足轻组头,陪臣（真田幸隆）,武田家,户石城,无,未登场,真田信尹,足轻组头,陪臣（真田幸隆）,武田家,户石城,无,已登场,真田信尹,足轻组头,陪臣（真田幸隆）,武田家,户石城,无,已登场,真田信尹,足轻组头,陪臣（真田信纲）,武田家,户石城,无,已登场,真田信尹,足轻组头,陪臣（真田昌幸）,武田家,上田城,无,已登场,真田信尹,足轻组头,直臣,真田家,上田城,无,已登场,真田信尹,足轻组头,直臣,真田家,上田城,无,已登场,真田信尹,浪人,其他,无,奈良之町,无,,,,"[{""stage"":"""",""tkid"":""1210"",""ref"":""1210_真田信尹_朝右.png"",""emotion"":0}]"
lord_1_ito_mansho,,伊東マンショ,伊东满所,伊东,1211,Ito Mansho,clan_ito_1,saikai,家族和文化自动推断,1,1569,1583,1612,病死,,伊东义祐,伊东祐兵 伊东义祐,没那个意思,70,70,温和,普通,理想,慎重,普通,25,南蛮物,无欲,滴酒不沾,藤原氏,火绳枪,64,19,65,58,64,0,0,2,0,0,0,0,0,1,2,0,3,2,3,0,1,加护,强袭，丢钱,无,一般条件,,,未登场,伊东满所,足轻组头,直臣,伊东家,都于郡城,无,未登场,伊东满所,足轻组头,直臣,伊东家,都于郡城,无,未登场,伊东满所,足轻组头,直臣,伊东家,都于郡城,无,未登场,伊东满所,足轻组头,直臣,伊东家,都于郡城,无,未登场,伊东满所,足轻组头,直臣,伊东家,都于郡城,无,未登场,伊东满所,浪人,其他,无,今治之町,无,已登场,伊东满所,浪人,其他,无,今治之町,无,已登场,伊东满所,浪人,其他,无,今治之町,无,已登场,伊东满所,部将,直臣,东乡家,盛冈城,无,,,,"[{""stage"":"""",""tkid"":""1211"",""ref"":""1211_伊东满所_朝右.png"",""emotion"":0}]"
lord_1_miyabe_nagafusa,,宮部長房,宫部长房,宫部,1212,Miyabe Nagafusa,clan_miyabe_1,kinai,基于分组自动创建家族,1,1581,1595,1634,病死,宫部继润,,宫部继润,全职种,10,10,性急,普通,普通,轻率,不重情义,70,南蛮物,贪心,滴酒不沾,其他,枪,49,29,33,39,42,1,1,0,1,0,0,1,0,0,1,0,1,1,0,1,0,无,强袭，辱骂,无,无要求,,,未登场,宫部长房,足轻组头,陪臣（宫部继润）,浅井家,小谷城,无,未登场,宫部长房,足轻组头,陪臣（宫部继润）,浅井家,小谷城,无,未登场,宫部长房,足轻组头,陪臣（宫部继润）,浅井家,小谷城,无,未登场,宫部长房,足轻组头,陪臣（宫部继润）,浅井家,小谷城,无,未登场,宫部长房,足轻组头,陪臣（宫部继润）,织田家,长滨城,无,未登场,宫部长房,足轻组头,陪臣（宫部继润）,织田家,长滨城,无,未登场,宫部长房,足轻组头,陪臣（宫部继润）,羽柴家,鸟取城,无,已登场,宫部长房,足轻组头,直臣,宫部家,鸟取城,无,已登场,宫部长房,浪人,其他,无,甲府之町,无,,,,"[{""stage"":"""",""tkid"":""1212"",""ref"":""1212_宫部长房_朝右.png"",""emotion"":0}]"
lord_1_asahina_3,,朝比奈信置,朝比奈信置,朝比奈,1213,Asahina Nobuoki,clan_asahina_1,tokai,精确匹配织丰,1,1528,1549,1582,战死,,,,只限武将,48,48,性急,勇敢,普通,轻率,普通,43,武具,普通,普通,藤原氏,枪,58,62,33,49,42,1,1,0,1,1,1,0,0,0,2,0,0,0,1,0,0,无,拔突,无,无要求,,,已登场,朝比奈信置,足轻大将,直臣,今川家,骏府城,无,已登场,朝比奈信置,足轻大将,直臣,今川家,骏府城,无,已登场,朝比奈信置,足轻大将,直臣,今川家,骏府城,无,已登场,朝比奈信置,足轻大将,直臣,今川家,曳马城,无,已登场,朝比奈信置,足轻大将,直臣,武田家,踯躅崎馆,无,已登场,朝比奈信置,足轻大将,直臣,武田家,甲府城,无,已死亡,朝比奈信置,无效,无效,无,无效,无,已死亡,朝比奈信置,无效,无效,无,无效,无,已登场,朝比奈信置,浪人,其他,无,府内之町,无,,,,"[{""stage"":"""",""tkid"":""1213"",""ref"":""1213_朝比奈信置_朝右.png"",""emotion"":0}]"
lord_1_kanamori_arishige,,金森可重,金森可重,金森,1214,Kanamori Arishige,clan_kanamori_1,kinai,基于分组自动创建家族,1,1558,1572,1615,病死,,,,全职种,20,20,温和,普通,理想,慎重,普通,46,艺术品,普通,普通,源氏,刀剑,46,37,52,57,65,1,0,0,1,0,0,1,0,0,0,0,3,2,0,3,2,无,强袭，丢钱,风雅之士,无要求,,,未登场,金森可重,足轻组头,直臣,织田家,那古野城,无,未登场,金森可重,足轻组头,直臣,织田家,清洲城,无,未登场,金森可重,足轻组头,直臣,织田家,清洲城,无,未登场,金森可重,足轻组头,直臣,织田家,岐阜城,无,已登场,金森可重,足轻组头,直臣,织田家,岐阜城,无,已登场,金森可重,足轻组头,直臣,织田家,安土城,无,已登场,金森可重,足轻大将,陪臣（金森长近）,羽柴家,石山本愿寺,无,已登场,金森可重,部将,直臣,德川家,江户城,无,已登场,金森可重,浪人,其他,无,长滨之町,无,,,,"[{""stage"":"""",""tkid"":""1214"",""ref"":""1214_金森可重_朝右.png"",""emotion"":0}]"
lord_1_shiba_yoshigane,,斯波義銀,斯波义银,斯波,1215,Shiba Yoshigane,clan_shiba_1,ou,家族和文化自动推断,1,1540,1554,1600,病死,斯波义统,,斯波义统 毛利秀赖 津川义冬,只限武将,40,0,普通,胆小,理想,普通,普通,42,武具,普通,普通,源氏,刀剑,27,31,34,32,45,1,1,0,0,2,1,1,0,0,0,0,0,2,0,0,0,无,强袭，刚弓,无,无要求,,,未登场,斯波义银,家老,直臣,斯波家,清洲城,无,已登场,斯波义银,浪人,其他,无,京之町,无,已登场,斯波义银,浪人,其他,无,京之町,无,已登场,斯波义银,浪人,其他,无,京之町,无,已登场,斯波义银,浪人,其他,无,京之町,无,已登场,斯波义银,浪人,其他,无,京之町,无,已登场,斯波义银,浪人,其他,无,京之町,无,已登场,斯波义银,浪人,其他,无,京之町,无,已登场,斯波义银,水夫头,直臣,丰后水军,一尺屋之砦,无,,,,"[{""stage"":"""",""tkid"":""1215"",""ref"":""1215_斯波义银_朝右.png"",""emotion"":0}]"
lord_1_mori_shuu,,毛利秀賴,毛利秀赖,毛利,1216,Mori Shuu,clan_mori_1,sanyo,家族和文化自动推断,1,1541,1555,1593,病死,斯波义统,,斯波义统 斯波义银 津川义冬,只限武将,40,40,普通,胆小,普通,普通,普通,37,艺术品,普通,普通,源氏,刀剑,53,53,37,39,32,2,1,0,1,0,0,0,0,1,0,1,0,0,0,0,0,无,强袭,无,无要求,,,未登场,毛利秀赖,足轻大将,直臣,斯波家,清洲城,无,未登场,毛利秀赖,足轻大将,直臣,织田家,清洲城,无,已登场,毛利秀赖,足轻大将,直臣,织田家,清洲城,无,已登场,毛利秀赖,足轻大将,直臣,织田家,岐阜城,无,已登场,毛利秀赖,足轻大将,直臣,织田家,岐阜城,无,已登场,毛利秀赖,足轻大将,直臣,织田家,安土城,无,已登场,毛利秀赖,足轻大将,直臣,羽柴家,石山本愿寺,无,已死亡,毛利秀赖,无效,无效,无,无效,无,已登场,毛利秀赖,浪人,其他,无,鸟取之町,无,,,,"[{""stage"":"""",""tkid"":""1216"",""ref"":""1216_毛利秀赖_朝右.png"",""emotion"":0}]"
lord_1_tsugawa_yoshifuyu,,津川義冬,津川义冬,津川,1217,Tsugawa Yoshifuyu,clan_tsugawa_1,ou,基于分组自动创建家族,1,1543,1557,1584,战死,斯波义统,,斯波义统 斯波义银 毛利秀赖,只限武将,40,40,温和,普通,普通,普通,普通,25,艺术品,无欲,普通,源氏,刀剑,36,34,55,49,44,1,0,0,0,1,0,0,0,2,0,0,1,0,1,0,1,无,强袭,无,无要求,,,未登场,津川义冬,足轻组头,直臣,斯波家,清洲城,无,未登场,津川义冬,足轻组头,直臣,织田家,清洲城,无,已登场,津川义冬,足轻组头,直臣,织田家,清洲城,无,已登场,津川义冬,足轻组头,直臣,织田家,岐阜城,无,已登场,津川义冬,足轻组头,直臣,织田家,岐阜城,无,已登场,津川义冬,足轻组头,直臣,织田家,安土城,无,已登场,津川义冬,足轻组头,直臣,织田家,长岛城,无,已死亡,津川义冬,无效,无效,无,无效,无,已登场,津川义冬,船头,直臣,盐饱水军,盐饱之砦,无,,,,"[{""stage"":"""",""tkid"":""1217"",""ref"":""1217_津川义冬_朝右.png"",""emotion"":0}]"
lord_1_rusu_1,,留守顯宗,留守显宗,留守,1218,Rusu Akimune,clan_rusu_1,ou,精确匹配织丰,1,1519,1549,1586,病死,,,,只限武将,60,60,普通,胆小,现实,慎重,重视情义,40,艺术品,普通,普通,源氏,刀剑,31,38,34,63,52,1,1,0,0,0,0,0,0,1,1,0,2,2,1,0,0,无,拔突,无,无要求,,,已登场,留守显宗,部将,直臣,伊达家,米泽城,无,已登场,留守显宗,部将,直臣,伊达家,米泽城,无,已登场,留守显宗,部将,直臣,伊达家,米泽城,无,已登场,留守显宗,部将,直臣,伊达家,米泽城,无,已登场,留守显宗,部将,直臣,伊达家,米泽城,无,已登场,留守显宗,部将,直臣,伊达家,米泽城,无,已登场,留守显宗,部将,直臣,伊达家,米泽城,无,已死亡,留守显宗,无效,无效,无,无效,无,已登场,留守显宗,浪人,其他,无,小仓之町,无,,,,"[{""stage"":"""",""tkid"":""1218"",""ref"":""1218_留守显宗_朝右.png"",""emotion"":0}]"
lord_1_hara_nagayori,,原長賴,原长赖,原,1219,Hara Nagayori,clan_hara_1,tosan,基于分组自动创建家族,1,1544,1558,1600,战死,,,,只限武将,85,85,普通,普通,理想,慎重,重视情义,62,武具,普通,普通,源氏,刀剑,59,60,36,52,39,1,2,1,0,2,1,0,0,0,0,0,0,0,0,0,0,无,强袭，刚弓,无,无要求,,,未登场,原长赖,足轻组头,陪臣（柴田胜家）,织田家,那古野城,无,未登场,原长赖,足轻组头,陪臣（柴田胜家）,织田家,那古野城,无,已登场,原长赖,足轻组头,陪臣（柴田胜家）,织田家,清洲城,无,已登场,原长赖,足轻组头,陪臣（柴田胜家）,织田家,岐阜城,无,已登场,原长赖,足轻组头,陪臣（柴田胜家）,织田家,北之庄城,无,已登场,原长赖,足轻组头,陪臣（柴田胜家）,织田家,北之庄城,无,已登场,原长赖,足轻组头,直臣,前田家,尾山城,无,已登场,原长赖,部将,直臣,丰臣家,大坂城,无,已登场,原长赖,浪人,其他,无,八代之町,无,,,,"[{""stage"":"""",""tkid"":""1219"",""ref"":""1219_原长赖_朝右.png"",""emotion"":0}]"
lord_1_hiratsuka_tamihiro,,平塚為廣,平塚为广,平塚,1220,Hiratsuka Tamihiro,clan_hiratsuka_1,neutral_culture,基于分组自动创建家族,1,1566,1580,1600,战死,,,,只限武将,10,10,普通,勇敢,理想,轻率,重视情义,48,武具,普通,嗜酒如命,平氏,枪,66,72,32,60,65,3,2,2,1,0,2,1,1,1,0,0,0,1,1,0,0,无,强袭，拔突，铁壁，大喝,无,无要求,,,未登场,平塚为广,浪人,其他,无,井之口之町,无,未登场,平塚为广,浪人,其他,无,井之口之町,无,未登场,平塚为广,浪人,其他,无,井之口之町,无,未登场,平塚为广,浪人,其他,无,岐阜之町,无,未登场,平塚为广,浪人,其他,无,岐阜之町,无,已登场,平塚为广,浪人,其他,无,岐阜之町,无,已登场,平塚为广,足轻组头,直臣,羽柴家,石山本愿寺,无,已登场,平塚为广,浪人,其他,无,岐阜之町,无,已登场,平塚为广,浪人,其他,无,金泽之町,无,,,,"[{""stage"":"""",""tkid"":""1220"",""ref"":""1220_平塚为广_朝右.png"",""emotion"":0}]"
lord_1_tsumaki_hirotada,,妻木廣忠,妻木广忠,妻木,1221,Tsumaki Hirotada,clan_tsumaki_1,tokai,基于分组自动创建家族,1,1514,1549,1582,战死,,,,全职种,0,55,性急,普通,理想,轻率,重视情义,70,书籍,贪心,嗜酒如命,源氏,刀剑,41,44,50,44,37,1,1,1,0,0,0,1,0,1,0,0,0,0,0,1,0,无,强袭,无,无要求,,,已登场,妻木广忠,足轻大将,陪臣（明智光秀）,斋藤家,稻叶山城,无,已登场,妻木广忠,足轻大将,陪臣（明智光秀）,斋藤家,稻叶山城,无,已登场,妻木广忠,足轻大将,陪臣（明智光秀）,朝仓家,一乘谷城,无,已登场,妻木广忠,足轻大将,陪臣（明智光秀）,织田家,岐阜城,无,已登场,妻木广忠,足轻大将,陪臣（明智光秀）,织田家,坂本城,无,已登场,妻木广忠,足轻大将,陪臣（明智光秀）,织田家,丹波龟山城,无,已死亡,妻木广忠,无效,无效,无,无效,无,已死亡,妻木广忠,无效,无效,无,无效,无,已登场,妻木广忠,浪人,其他,无,鸣门之町,无,,,,"[{""stage"":"""",""tkid"":""1221"",""ref"":""1221_妻木广忠_朝右.png"",""emotion"":0}]"
lord_1_toyao_mitsunaga,,鳥屋尾滿榮,鸟屋尾满荣,鸟屋,1222,Toyao Mitsunaga,clan_toyao_1,kinai,基于分组自动创建家族,1,1508,1549,1577,战死,,,,全职种,40,40,普通,普通,理想,轻率,重视情义,35,艺术品,普通,滴酒不沾,藤原氏,刀剑,60,54,63,68,53,1,1,0,2,1,0,2,0,0,0,0,2,2,2,1,0,无,拔突,无,无要求,,,已登场,鸟屋尾满荣,足轻组头,直臣,北畠家,大河内城,无,已登场,鸟屋尾满荣,足轻组头,直臣,北畠家,大河内城,无,已登场,鸟屋尾满荣,足轻组头,直臣,北畠家,大河内城,无,已登场,鸟屋尾满荣,足轻组头,直臣,北畠家,大河内城,无,已登场,鸟屋尾满荣,侍大将,陪臣（织田信雄）,织田家,大河内城,无,已死亡,鸟屋尾满荣,无效,无效,无,无效,无,已死亡,鸟屋尾满荣,无效,无效,无,无效,无,已死亡,鸟屋尾满荣,无效,无效,无,无效,无,已登场,鸟屋尾满荣,中忍,直臣,黑胫巾众,黑胫巾之里,无,,,,"[{""stage"":"""",""tkid"":""1222"",""ref"":""1222_鸟屋尾满荣_朝右.png"",""emotion"":0}]"
lord_1_nomura_naotaka,,野村直隆,野村直隆,野村,1223,Nomura Naotaka,clan_nomura_1,kinai,基于分组自动创建家族,1,1545,1559,1600,病死,,,,只限武将,10,70,性急,勇敢,普通,普通,重视情义,67,武具,贪心,嗜酒如命,其他,火绳枪,46,54,45,27,42,2,1,3,0,1,1,0,0,1,1,0,0,0,0,0,1,无,强袭，急所击，刚力,无,无要求,,,未登场,野村直隆,足轻大将,直臣,浅井家,小谷城,无,未登场,野村直隆,足轻大将,直臣,浅井家,小谷城,无,已登场,野村直隆,足轻大将,直臣,浅井家,小谷城,无,已登场,野村直隆,足轻大将,直臣,浅井家,小谷城,无,已登场,野村直隆,足轻大将,陪臣（羽柴秀吉）,织田家,长滨城,无,已登场,野村直隆,足轻大将,陪臣（羽柴秀吉）,织田家,姬路城,无,已登场,野村直隆,足轻大将,直臣,羽柴家,石山本愿寺,无,已登场,野村直隆,足轻大将,直臣,丰臣家,大坂城,无,已登场,野村直隆,浪人,其他,无,仙台之町,无,,,,"[{""stage"":"""",""tkid"":""1223"",""ref"":""1223_野村直隆_朝右.png"",""emotion"":0}]"
lord_1_doi,,土居清良,土居清良,土居,1224,Doi Kiyoyoshi,clan_doi_1,nankai,精确匹配织丰,1,1546,1560,1629,病死,,,,全职种,30,30,温和,普通,现实,普通,普通,80,书籍,贪心,嗜酒如命,其他,刀剑,81,77,86,90,83,2,2,3,1,2,1,2,0,1,3,1,2,3,3,2,1,土龙攻,强袭，急所击，刚弓,能吏,一般条件,,,未登场,土居清良,部将,陪臣（西园寺公广）,河野家,宇和岛城,无,未登场,土居清良,部将,陪臣（西园寺公广）,河野家,宇和岛城,无,已登场,土居清良,部将,陪臣（西园寺公广）,河野家,宇和岛城,无,已登场,土居清良,部将,陪臣（西园寺公广）,河野家,宇和岛城,无,已登场,土居清良,部将,陪臣（西园寺公广）,大友家,宇和岛城,无,已登场,土居清良,部将,陪臣（西园寺公广）,大友家,宇和岛城,无,已登场,土居清良,部将,陪臣（西园寺公广）,大友家,宇和岛城,无,已登场,土居清良,浪人,其他,无,府内之町,无,已登场,土居清良,浪人,其他,无,丸龟之町,无,,,,"[{""stage"":"""",""tkid"":""1224"",""ref"":""1224_土居清良_朝右.png"",""emotion"":0}]"
lord_1_shimazu_tadanao,,島津忠直,岛津忠直,岛津,1225,Shimazu Tadanao,clan_shimazu_1,saikai,家族和文化自动推断,1,1534,1549,1604,病死,,,,只限武将,15,15,温和,胆小,现实,慎重,重视情义,40,书籍,普通,普通,源氏,刀剑,42,33,42,47,60,1,1,0,0,0,0,1,0,1,0,0,0,2,0,1,2,无,拔突,无,无要求,,,已登场,岛津忠直,浪人,其他,无,小诸之町,无,已登场,岛津忠直,浪人,其他,无,小诸之町,无,已登场,岛津忠直,浪人,其他,无,小诸之町,无,已登场,岛津忠直,浪人,其他,无,小诸之町,无,已登场,岛津忠直,浪人,其他,无,小诸之町,无,已登场,岛津忠直,浪人,其他,无,小诸之町,无,已登场,岛津忠直,部将,直臣,上杉家,春日山城,无,已登场,岛津忠直,浪人,其他,无,小诸之町,无,已登场,岛津忠直,水夫头,直臣,村上水军,三岛之砦,无,,,,"[{""stage"":"""",""tkid"":""1225"",""ref"":""1225_岛津忠直_朝右.png"",""emotion"":0}]"
lord_1_ichiyanagi_naomatsu,,一柳直末,一柳直末,一柳,1226,Ichiyanagi Naomatsu,clan_ichiyanagi_1,neutral_culture,基于分组自动创建家族,1,1553,1567,1590,战死,一柳直高,,一柳直盛,全职种,10,12,普通,普通,理想,轻率,重视情义,40,书籍,普通,普通,其他,刀剑,71,63,58,56,52,1,0,0,0,2,1,1,0,1,2,0,3,2,2,0,0,无,拔突，刚弓，卷枪，引落，刚力，丢钱,无,无要求,,,未登场,一柳直末,浪人,其他,无,石山之町,无,未登场,一柳直末,浪人,其他,无,石山之町,无,未登场,一柳直末,浪人,其他,无,石山之町,无,已登场,一柳直末,浪人,其他,无,石山之町,无,已登场,一柳直末,浪人,其他,无,石山之町,无,已登场,一柳直末,浪人,其他,无,石山之町,无,已登场,一柳直末,足轻大将,直臣,羽柴家,石山本愿寺,无,已死亡,一柳直末,无效,无效,无,无效,无,已登场,一柳直末,部将,直臣,一宫家,春日山城,无,,,,"[{""stage"":"""",""tkid"":""1226"",""ref"":""1226_一柳直末_朝右.png"",""emotion"":0}]"
lord_1_miki_choku,,三木直賴,三木直赖,三木,1227,Miki Choku,clan_miki_1,tosan,家族和文化自动推断,1,1497,1549,1554,病死,,,姊小路赖纲 姊小路良赖,只限武将,20,20,普通,勇敢,现实,普通,普通,70,书籍,贪心,嗜酒如命,藤原氏,刀剑,62,55,60,61,62,1,0,0,1,0,0,1,0,2,0,0,0,2,2,0,1,无,拔突,无,无要求,,,已登场,三木直赖,大名,首领,三木家,松仓城,无,已死亡,三木直赖,无效,无效,无,无效,无,已死亡,三木直赖,无效,无效,无,无效,无,已死亡,三木直赖,无效,无效,无,无效,无,已死亡,三木直赖,无效,无效,无,无效,无,已死亡,三木直赖,无效,无效,无,无效,无,已死亡,三木直赖,无效,无效,无,无效,无,已死亡,三木直赖,无效,无效,无,无效,无,已登场,三木直赖,家老,直臣,三刀屋家,骏府城,无,,,,"[{""stage"":"""",""tkid"":""1227"",""ref"":""1227_三木直赖_朝右.png"",""emotion"":0}]"
lord_1_sugiura_gennin,,杉浦玄任,杉浦玄任,杉浦,1228,Sugiura Gennin,clan_sugiura_1,kinai,基于分组自动创建家族,1,1517,1549,1575,战死,,,,全职种,50,50,温和,勇敢,理想,普通,普通,15,武具,普通,嗜酒如命,其他,枪,71,62,55,59,57,3,0,2,0,0,2,2,1,2,2,1,0,1,0,0,1,百发百中,强袭，拔突，铁壁,无,一般条件,,,已登场,杉浦玄任,部将,直臣,本愿寺,石山本愿寺,无,已登场,杉浦玄任,部将,直臣,本愿寺,石山本愿寺,无,已登场,杉浦玄任,部将,直臣,本愿寺,石山本愿寺,无,已登场,杉浦玄任,部将,直臣,本愿寺,石山本愿寺,无,已登场,杉浦玄任,部将,直臣,本愿寺,石山本愿寺,无,已死亡,杉浦玄任,无效,无效,无,无效,无,已死亡,杉浦玄任,无效,无效,无,无效,无,已死亡,杉浦玄任,无效,无效,无,无效,无,已登场,杉浦玄任,水夫头,直臣,相模水军,三崎之砦,无,,,,"[{""stage"":"""",""tkid"":""1228"",""ref"":""1228_杉浦玄任_朝右.png"",""emotion"":0}]"
lord_1_irobe_2,,色部顯長,色部显长,色部,1229,Irobe Akinaga,clan_irobe_1,hokuriku,精确匹配织丰,1,1549,1563,1587,病死,色部胜长,,色部胜长 色部长实,全职种,15,15,普通,胆小,现实,慎重,普通,42,艺术品,普通,嗜酒如命,平氏,刀剑,38,38,52,43,37,1,1,0,0,1,0,2,0,2,0,1,0,2,2,0,1,无,强袭,无,一般条件,,,未登场,色部显长,足轻组头,陪臣（色部胜长）,长尾家,春日山城,无,未登场,色部显长,足轻组头,陪臣（色部胜长）,长尾家,春日山城,无,未登场,色部显长,足轻组头,陪臣（色部胜长）,长尾家,春日山城,无,已登场,色部显长,足轻组头,陪臣（色部胜长）,上杉家,春日山城,无,已登场,色部显长,足轻组头,直臣,上杉家,春日山城,无,已登场,色部显长,足轻组头,直臣,上杉家,春日山城,无,已登场,色部显长,足轻组头,直臣,上杉家,春日山城,无,已死亡,色部显长,无效,无效,无,无效,无,已登场,色部显长,浪人,其他,无,杂贺之町,无,,,,"[{""stage"":"""",""tkid"":""1229"",""ref"":""1229_色部显长_朝右.png"",""emotion"":0}]"
lord_1_chujou_fujisuke,,中條藤資,中条藤资,中条,1230,Chujou Fujisuke,clan_chujou_1,hokuriku,基于分组自动创建家族,1,1480,1549,1574,病死,,,,只限武将,15,15,普通,胆小,现实,慎重,不重情义,45,武具,普通,普通,平氏,枪,61,66,46,62,45,1,2,0,1,0,0,2,1,0,0,0,1,0,1,0,2,无,拔突,无,一般条件,,,已登场,中条藤资,部将,直臣,长尾家,春日山城,无,已登场,中条藤资,部将,直臣,长尾家,春日山城,无,已登场,中条藤资,部将,直臣,长尾家,春日山城,无,已登场,中条藤资,部将,直臣,上杉家,春日山城,无,已死亡,中条藤资,无效,无效,无,无效,无,已死亡,中条藤资,无效,无效,无,无效,无,已死亡,中条藤资,无效,无效,无,无效,无,已死亡,中条藤资,无效,无效,无,无效,无,已登场,中条藤资,部将,直臣,中岛家,岩尾城,无,,,,"[{""stage"":"""",""tkid"":""1230"",""ref"":""1230_中条藤资_朝右.png"",""emotion"":0}]"
lord_1_ryuzoji_4,,江上家種,江上家种,江上,1231,Ryuzoji Ietane,clan_ryuzoji_1,saikai,精确匹配织丰,1,1558,1572,1593,病死,龙造寺隆信,,龙造寺隆信 龙造寺政家,只限武将,60,60,普通,勇敢,理想,慎重,重视情义,53,南蛮物,普通,嗜酒如命,其他,刀剑,73,63,25,25,64,3,2,3,2,0,2,1,0,1,0,1,0,0,0,0,1,无,强袭，拔突，急所击，刚力，铁壁,无,无要求,,,未登场,江上家种,部将,直臣,龙造寺家,佐嘉城,无,未登场,江上家种,部将,直臣,龙造寺家,佐嘉城,无,未登场,江上家种,部将,直臣,龙造寺家,佐嘉城,无,未登场,江上家种,部将,直臣,龙造寺家,佐嘉城,无,已登场,江上家种,部将,直臣,龙造寺家,佐嘉城,无,已登场,江上家种,部将,直臣,龙造寺家,佐嘉城,无,已登场,江上家种,部将,直臣,龙造寺家,佐嘉城,无,已死亡,江上家种,无效,无效,无,无效,无,已登场,江上家种,部将,直臣,上泉家,内城,无,,,,"[{""stage"":"""",""tkid"":""1231"",""ref"":""1231_江上家种_朝右.png"",""emotion"":0}]"
lord_1_amakasu_kagezane,,甘粕景繼,甘粕景继,甘粕,1232,Amakasu Kagezane,clan_amakasu_1,hokuriku,基于分组自动创建家族,1,1550,1564,1611,病死,,,,只限武将,15,15,性急,勇敢,理想,普通,不重情义,67,武具,贪心,滴酒不沾,源氏,刀剑,80,72,36,35,32,2,1,0,0,1,2,0,0,0,1,1,0,0,1,0,0,无,强袭，拔突，刚力，铁壁,无,无要求,,,未登场,甘粕景继,足轻组头,直臣,长尾家,春日山城,无,未登场,甘粕景继,足轻组头,直臣,长尾家,春日山城,无,未登场,甘粕景继,足轻组头,直臣,长尾家,春日山城,无,已登场,甘粕景继,足轻组头,直臣,上杉家,春日山城,无,已登场,甘粕景继,足轻组头,直臣,上杉家,春日山城,无,已登场,甘粕景继,足轻组头,直臣,上杉家,春日山城,无,已登场,甘粕景继,足轻组头,直臣,上杉家,春日山城,无,已登场,甘粕景继,侍大将,直臣,上杉家,会津若松城,无,已登场,甘粕景继,浪人,其他,无,堺之町,无,,,,"[{""stage"":"""",""tkid"":""1232"",""ref"":""1232_甘粕景继_朝右.png"",""emotion"":0}]"
lord_1_yasuda_sakuhei,,安田作兵衛,安田作兵卫,安田,1233,Yasuda Sakuhei,clan_yasuda_1,hokuriku,基于分组自动创建家族,1,1556,1570,1597,病死,,,,只限武将,0,55,性急,勇敢,理想,轻率,不重情义,44,武具,贪心,普通,其他,枪,38,65,31,22,72,1,2,0,0,0,2,1,0,1,0,0,0,0,0,0,0,无,强袭，拔突，铁壁,无,无要求,,,未登场,安田作兵卫,足轻组头,陪臣（明智光秀）,朝仓家,一乘谷城,无,未登场,安田作兵卫,足轻组头,陪臣（明智光秀）,朝仓家,一乘谷城,无,未登场,安田作兵卫,足轻组头,陪臣（明智光秀）,朝仓家,一乘谷城,无,未登场,安田作兵卫,足轻组头,陪臣（明智光秀）,朝仓家,一乘谷城,无,已登场,安田作兵卫,足轻组头,陪臣（明智光秀）,织田家,坂本城,无,已登场,安田作兵卫,足轻组头,陪臣（明智光秀）,织田家,丹波龟山城,无,已登场,安田作兵卫,浪人,其他,无,博多之町,无,已死亡,安田作兵卫,无效,无效,无,无效,无,已登场,安田作兵卫,浪人,其他,无,木更津之町,无,,,,"[{""stage"":"""",""tkid"":""1233"",""ref"":""1233_安田作兵卫_朝右.png"",""emotion"":0}]"
lord_1_kawano_2,,河野通直,河野通直,河野,300|1234,Kawano Michinao,clan_kawano_1,sanyo,精确匹配织丰,1,1500,1549,1572,病死,,,,全职种,40,40,普通,普通,现实,轻率,普通,50,艺术品,普通,普通,其他,刀剑,32,26,77,63,42,0,1,0,0,0,0,1,0,0,0,0,1,2,2,0,0,无,拔突,无,无要求,,,已登场,河野通直,家老,直臣,河野家,汤筑城,无,已登场,河野通直,家老,直臣,河野家,汤筑城,无,已登场,河野通直,家老,直臣,河野家,汤筑城,无,已登场,河野通直,家老,直臣,河野家,汤筑城,无,已死亡,河野通直,无效,无效,无,无效,无,已死亡,河野通直,无效,无效,无,无效,无,已死亡,河野通直,无效,无效,无,无效,无,已死亡,河野通直,无效,无效,无,无效,无,已登场,河野通直,部将,直臣,河尻家,水户城,无,,,"[{""stage"":""通"",""tkid"":""300"",""ref"":"""",""emotion"":1},{""stage"":""直"",""tkid"":""1234"",""ref"":"""",""emotion"":1}]","[{""stage"":""通"",""tkid"":""300"",""ref"":""300_河野通直_朝右.png"",""emotion"":1},{""stage"":""直"",""tkid"":""1234"",""ref"":""1234_河野通直_朝右.png"",""emotion"":1}]"
lord_1_anekouji,,姉小路良頼,姊小路良赖,姊小路,1235,Anekouji Yoshiyori,clan_anekouji_1,tosan,精确匹配织丰,1,1516,1549,1572,病死,三木直赖,,姊小路赖纲 三木直赖,只限武将,20,20,普通,勇敢,现实,普通,不重情义,75,艺术品,贪心,普通,藤原氏,刀剑,55,50,43,61,54,1,1,0,1,1,0,1,0,1,1,1,0,2,2,1,0,无,强袭,无,无要求,,,已登场,三木良纲,家老,直臣,三木家,松仓城,无,已登场,三木良纲,大名,首领,三木家,松仓城,无,已登场,三木良纲,大名,首领,三木家,松仓城,无,已登场,姊小路良赖,大名,首领,姊小路家,松仓城,无,已死亡,姊小路良赖,无效,无效,无,无效,无,已死亡,姊小路良赖,无效,无效,无,无效,无,已死亡,姊小路良赖,无效,无效,无,无效,无,已死亡,姊小路良赖,无效,无效,无,无效,无,已登场,姊小路良赖,部将,直臣,小笠原家,小仓城,无,,,,"[{""stage"":"""",""tkid"":""1235"",""ref"":""1235_姊小路良赖_朝右.png"",""emotion"":0}]"
lord_1_takenaka_kyusaku,,竹中久作,竹中久作,竹中,1236,Takenaka Kyusaku,clan_takenaka_1,tokai,基于分组自动创建家族,1,1546,1560,1582,战死,竹中重元,,竹中半兵卫,全职种,10,10,温和,胆小,现实,慎重,普通,34,书籍,普通,滴酒不沾,源氏,刀剑,37,38,55,62,61,2,1,0,0,1,0,1,0,1,3,2,2,1,2,1,2,齐攻,强袭，连续斩，刚力，铁壁,无,无要求,,,未登场,竹中久作,足轻大将,陪臣（安藤守就）,斋藤家,大垣城,无,未登场,竹中久作,足轻大将,陪臣（安藤守就）,斋藤家,大垣城,无,已登场,竹中久作,足轻大将,陪臣（安藤守就）,斋藤家,大垣城,无,已登场,竹中久作,足轻大将,陪臣（木下藤吉郎）,织田家,岐阜城,无,已登场,竹中久作,足轻大将,陪臣（羽柴秀吉）,织田家,长滨城,无,已登场,竹中久作,足轻大将,陪臣（羽柴秀吉）,织田家,姬路城,无,已死亡,竹中久作,无效,无效,无,无效,无,已死亡,竹中久作,无效,无效,无,无效,无,已登场,竹中久作,伙计,直臣,百货屋,敦贺之町,无,,,,"[{""stage"":"""",""tkid"":""1236"",""ref"":""1236_竹中久作_朝正.png"",""emotion"":0}]"
lord_1_abee_sadayuki,,阿閉貞征,阿闭贞征,阿闭,1237,Abee Sadayuki,clan_abee_1,kinai,基于分组自动创建家族,1,1528,1549,1582,战死,,,,只限武将,10,10,普通,胆小,现实,慎重,不重情义,53,艺术品,普通,普通,其他,刀剑,25,41,37,46,65,1,1,0,0,1,0,1,0,0,1,0,0,1,0,1,0,无,强袭,无,无要求,,,已登场,阿闭贞征,部将,直臣,浅井家,小谷城,无,已登场,阿闭贞征,部将,直臣,浅井家,小谷城,无,已登场,阿闭贞征,部将,直臣,浅井家,小谷城,无,已登场,阿闭贞征,部将,直臣,浅井家,小谷城,无,已登场,阿闭贞征,部将,直臣,织田家,岐阜城,无,已登场,阿闭贞征,部将,直臣,织田家,安土城,无,已死亡,阿闭贞征,无效,无效,无,无效,无,已死亡,阿闭贞征,无效,无效,无,无效,无,已登场,阿闭贞征,浪人,其他,无,博多之町,无,,,,"[{""stage"":"""",""tkid"":""1237"",""ref"":""1237_阿闭贞征_朝右.png"",""emotion"":0}]"
lord_1_morita_joun,,森田淨雲,森田净云,森田,1238,Morita Joun,clan_morita_1,neutral_culture,基于分组自动创建家族,1,1510,1549,1581,战死,,,,没那个意思,50,50,普通,勇敢,理想,轻率,普通,65,武具,贪心,嗜酒如命,其他,刀剑,64,77,46,60,35,2,2,0,0,2,2,1,2,2,0,0,0,0,1,2,0,齐攻,强袭，拔突，二连苦无，刚弓，铁壁,无,无要求,,,已登场,森田净云,浪人,其他,无,奈良之町,无,已登场,森田净云,浪人,其他,无,奈良之町,无,已登场,森田净云,浪人,其他,无,奈良之町,无,已登场,森田净云,浪人,其他,无,奈良之町,无,已登场,森田净云,浪人,其他,无,奈良之町,无,已死亡,森田净云,无效,无效,无,无效,无,已死亡,森田净云,无效,无效,无,无效,无,已死亡,森田净云,无效,无效,无,无效,无,已登场,森田净云,浪人,其他,无,清洲之町,无,,,,"[{""stage"":"""",""tkid"":""1238"",""ref"":""1238_森田浄云_朝右.png"",""emotion"":0}]"
lord_1_kumagai_motonao,,熊穀元直,熊谷元直,熊谷,1239,Kumagai Motonao,clan_kumagai_1,sanyo,基于分组自动创建家族,1,1555,1569,1605,病死,,,,全职种,45,45,性急,勇敢,理想,轻率,普通,46,南蛮物,普通,普通,平氏,刀剑,49,45,41,34,52,2,0,0,2,1,2,0,0,0,0,0,0,0,0,0,0,加护,强袭，拔突，铁壁,无,无要求,,,未登场,熊谷元直,足轻组头,直臣,毛利家,吉田郡山城,无,未登场,熊谷元直,足轻组头,直臣,毛利家,吉田郡山城,无,未登场,熊谷元直,足轻组头,直臣,毛利家,吉田郡山城,无,未登场,熊谷元直,足轻组头,直臣,毛利家,吉田郡山城,无,已登场,熊谷元直,足轻组头,直臣,毛利家,吉田郡山城,无,已登场,熊谷元直,足轻组头,直臣,毛利家,吉田郡山城,无,已登场,熊谷元直,足轻组头,直臣,毛利家,吉田郡山城,无,已登场,熊谷元直,足轻大将,直臣,毛利家,广岛城,无,已登场,熊谷元直,中忍,直臣,钵屋众,钵屋之里,无,,,,"[{""stage"":"""",""tkid"":""1239"",""ref"":""1239_熊谷元直_朝右.png"",""emotion"":0}]"
lord_1_akechi_mitsuyasu,,明智光安,明智光安,明智,1240,Akechi Mitsuyasu,clan_akechi_1,kinai,家族和文化自动推断,1,1500,1549,1556,战死,明智光继,,明智光秀,只限武将,0,60,温和,胆小,现实,慎重,重视情义,45,书籍,普通,普通,源氏,刀剑,69,42,61,51,77,3,2,0,1,2,1,1,0,0,1,0,0,3,2,0,1,齐攻,拔突，刚弓,无,无要求,,,已登场,明智光安,部将,直臣,斋藤家,稻叶山城,无,已登场,明智光安,部将,直臣,斋藤家,稻叶山城,无,已死亡,明智光安,无效,无效,无,无效,无,已死亡,明智光安,无效,无效,无,无效,无,已死亡,明智光安,无效,无效,无,无效,无,已死亡,明智光安,无效,无效,无,无效,无,已死亡,明智光安,无效,无效,无,无效,无,已死亡,明智光安,无效,无效,无,无效,无,已登场,明智光安,浪人,其他,无,奈良之町,无,,,,"[{""stage"":"""",""tkid"":""1240"",""ref"":""1240_明智光安_朝正.png"",""emotion"":0}]"
lord_1_bessho_juu,,別所重棟,别所重栋,别所,1241,Bessho Juu,clan_bessho_1,kinai,家族和文化自动推断,1,1529,1549,1591,病死,别所就治,,别所长治 别所就治,全职种,0,30,普通,胆小,普通,慎重,普通,56,艺术品,普通,普通,源氏,刀剑,49,45,45,54,32,1,0,0,1,1,1,0,0,0,1,2,0,2,1,0,0,齐攻,强袭,无,无要求,,,已登场,别所重栋,部将,陪臣（别所就治）,赤松家,三木城,无,已登场,别所重栋,部将,陪臣（别所就治）,赤松家,三木城,无,已登场,别所重栋,部将,陪臣（别所就治）,赤松家,三木城,无,已登场,别所重栋,部将,陪臣（别所长治）,赤松家,三木城,无,已登场,别所重栋,部将,陪臣（别所长治）,赤松家,三木城,无,已登场,别所重栋,部将,直臣,织田家,安土城,无,已登场,别所重栋,部将,直臣,羽柴家,石山本愿寺,无,已死亡,别所重栋,无效,无效,无,无效,无,已登场,别所重栋,浪人,其他,无,安土之町,无,,,,"[{""stage"":"""",""tkid"":""1241"",""ref"":""1241_别所重栋_朝右.png"",""emotion"":0}]"
lord_1_ogawa_suketada,,小川佑忠,小川佑忠,小川,1242,Ogawa Suketada,clan_ogawa_1,hokuriku,基于分组自动创建家族,1,1547,1561,1601,病死,,,,只限武将,0,90,普通,胆小,现实,慎重,不重情义,52,艺术品,普通,普通,藤原氏,刀剑,36,45,51,38,27,1,0,1,0,0,0,0,0,1,0,0,2,1,2,0,0,无,拔突,无,无要求,,,未登场,小川佑忠,足轻组头,陪臣（明智光秀）,朝仓家,一乘谷城,无,未登场,小川佑忠,足轻组头,陪臣（明智光秀）,朝仓家,一乘谷城,无,未登场,小川佑忠,足轻组头,陪臣（明智光秀）,朝仓家,一乘谷城,无,已登场,小川佑忠,足轻组头,陪臣（明智光秀）,织田家,岐阜城,无,已登场,小川佑忠,足轻组头,陪臣（明智光秀）,织田家,坂本城,无,已登场,小川佑忠,足轻组头,陪臣（明智光秀）,织田家,丹波龟山城,无,已登场,小川佑忠,部将,直臣,羽柴家,石山本愿寺,无,已登场,小川佑忠,部将,直臣,丰臣家,大坂城,无,已登场,小川佑忠,部将,直臣,小笠原家,小仓城,无,,,,"[{""stage"":"""",""tkid"":""1242"",""ref"":""1242_小川佑忠_朝右.png"",""emotion"":0}]"
lord_1_yoshihiro_2,,吉弘鎮信,吉弘镇信,吉弘,1243,Yoshihiro Shigenobu,clan_yoshihiro_1,saikai,精确匹配织丰,1,1540,1554,1578,战死,吉弘鉴理,,高桥绍运 立花直次 立花宗茂 吉弘鉴理,只限武将,80,80,普通,普通,普通,普通,重视情义,70,南蛮物,贪心,普通,藤原氏,刀剑,56,55,51,48,49,2,2,0,0,1,0,0,0,0,0,1,0,2,1,0,0,齐攻,强袭，连续斩,无,无要求,,,未登场,吉弘镇信,足轻组头,直臣,大友家,府内城,无,已登场,吉弘镇信,足轻组头,直臣,大友家,府内城,无,已登场,吉弘镇信,足轻组头,直臣,大友家,府内城,无,已登场,吉弘镇信,足轻组头,直臣,大友家,府内城,无,已登场,吉弘镇信,足轻组头,直臣,大友家,府内城,无,已死亡,吉弘镇信,无效,无效,无,无效,无,已死亡,吉弘镇信,无效,无效,无,无效,无,已死亡,吉弘镇信,无效,无效,无,无效,无,已登场,吉弘镇信,浪人,其他,无,松仓之町,无,,,,"[{""stage"":"""",""tkid"":""1243"",""ref"":""1243_吉弘镇信_朝右.png"",""emotion"":0}]"
lord_1_tsukuda_junari,,佃十成,佃十成,佃,1244,Tsukuda Junari,clan_tsukuda_1,kinai,基于分组自动创建家族,1,1553,1567,1634,病死,,,,全职种,15,15,温和,胆小,现实,普通,普通,50,南蛮物,普通,普通,源氏,刀剑,58,56,53,43,67,1,2,2,1,0,1,2,0,2,0,0,0,1,0,1,0,无,强袭,无,无要求,,,未登场,佃十成,足轻组头,直臣,织田家,那古野城,无,未登场,佃十成,足轻组头,直臣,织田家,清洲城,无,未登场,佃十成,足轻组头,直臣,织田家,清洲城,无,已登场,佃十成,足轻组头,直臣,织田家,岐阜城,无,已登场,佃十成,足轻组头,直臣,织田家,岐阜城,无,已登场,佃十成,足轻组头,直臣,织田家,安土城,无,已登场,佃十成,足轻大将,陪臣（加藤嘉明）,羽柴家,石山本愿寺,无,已登场,佃十成,浪人,其他,无,大坂之町,无,已登场,佃十成,部将,直臣,十河家,广岛城,无,,,,"[{""stage"":"""",""tkid"":""1244"",""ref"":""1244_佃十成_朝右.png"",""emotion"":0}]"
lord_1_otsuki_yoshiharu,,大谷吉治,大谷吉治,大谷,1245,Otsuki Yoshiharu,clan_otsuki_1,kinai,基于分组自动创建家族,1,1580,1594,1615,战死,大谷吉继,,大谷吉继,只限武将,16,16,温和,普通,理想,轻率,重视情义,20,书籍,普通,普通,源氏,枪,49,33,55,80,47,1,0,0,0,0,0,1,0,0,0,0,2,2,1,1,0,无,拔突,无,无要求,,,未登场,大谷吉治,浪人,其他,无,目加田之町,无,未登场,大谷吉治,浪人,其他,无,目加田之町,无,未登场,大谷吉治,浪人,其他,无,目加田之町,无,未登场,大谷吉治,浪人,其他,无,目加田之町,无,未登场,大谷吉治,浪人,其他,无,目加田之町,无,未登场,大谷吉治,浪人,其他,无,安土之町,无,未登场,大谷吉治,足轻组头,陪臣（大谷吉继）,羽柴家,石山本愿寺,无,已登场,大谷吉治,浪人,其他,无,安土之町,无,已登场,大谷吉治,部将,直臣,大久保家,佐贺城,无,,,,"[{""stage"":"""",""tkid"":""1245"",""ref"":""1245_大谷吉治_朝右.png"",""emotion"":0}]"
lord_1_arima_toyouji,,有馬豐氏,有马丰氏,有马,1246,Arima Toyouji,clan_arima_1,saikai,家族和文化自动推断,1,1569,1583,1642,病死,,,,只限武将,0,0,普通,胆小,普通,慎重,不重情义,64,艺术品,贪心,普通,源氏,刀剑,61,45,65,54,42,2,1,1,2,0,1,2,0,3,0,0,0,1,0,3,1,土龙攻,拔突,风雅之士,无要求,,,未登场,有马丰氏,浪人,其他,无,姬路之町,无,未登场,有马丰氏,浪人,其他,无,姬路之町,无,未登场,有马丰氏,浪人,其他,无,姬路之町,无,未登场,有马丰氏,浪人,其他,无,姬路之町,无,未登场,有马丰氏,浪人,其他,无,姬路之町,无,未登场,有马丰氏,浪人,其他,无,姬路之町,无,已登场,有马丰氏,足轻组头,直臣,羽柴家,石山本愿寺,无,已登场,有马丰氏,浪人,其他,无,姬路之町,无,已登场,有马丰氏,中忍,直臣,风魔众,风魔之里,无,,,,"[{""stage"":"""",""tkid"":""1246"",""ref"":""1246_有马丰氏_朝右.png"",""emotion"":0}]"
lord_1_jindai_katsutaka,,神代勝利,神代胜利,神代,1247,Jindai Katsutaka,clan_jindai_1,neutral_culture,基于分组自动创建家族,1,1511,1549,1565,病死,,,,全职种,12,12,普通,勇敢,现实,轻率,普通,50,艺术品,普通,滴酒不沾,其他,枪,62,70,49,75,67,3,2,0,0,2,1,3,0,0,0,0,0,3,2,1,0,无,拔突，刚弓,无,无要求,,,已登场,神代胜利,浪人,其他,无,平户之町,无,已登场,神代胜利,浪人,其他,无,平户之町,无,已登场,神代胜利,浪人,其他,无,平户之町,无,已死亡,神代胜利,无效,无效,无,无效,无,已死亡,神代胜利,无效,无效,无,无效,无,已死亡,神代胜利,无效,无效,无,无效,无,已死亡,神代胜利,无效,无效,无,无效,无,已死亡,神代胜利,无效,无效,无,无效,无,已登场,神代胜利,浪人,其他,无,金泽之町,无,,,,"[{""stage"":"""",""tkid"":""1247"",""ref"":""1247_神代胜利_朝右.png"",""emotion"":0}]"
lord_1_akaboshi_munie,,赤星統家,赤星统家,赤星,1248,Akaboshi Munie,clan_akaboshi_1,saikai,基于分组自动创建家族,1,1530,1549,1619,病死,,,,只限武将,60,60,性急,普通,普通,普通,普通,65,武具,普通,普通,藤原氏,刀剑,35,43,61,44,42,2,2,1,0,1,2,1,0,1,0,1,0,0,1,1,0,无,强袭，拔突，铁壁,无,无要求,,,已登场,赤星统家,侍大将,直臣,龙造寺家,佐嘉城,无,已登场,赤星统家,侍大将,直臣,龙造寺家,佐嘉城,无,已登场,赤星统家,侍大将,直臣,龙造寺家,佐嘉城,无,已登场,赤星统家,侍大将,直臣,龙造寺家,佐嘉城,无,已登场,赤星统家,侍大将,直臣,龙造寺家,佐嘉城,无,已登场,赤星统家,侍大将,直臣,龙造寺家,佐嘉城,无,已登场,赤星统家,侍大将,直臣,龙造寺家,佐嘉城,无,已登场,赤星统家,侍大将,直臣,岛津家,内城,无,已登场,赤星统家,部将,直臣,赤穴家,中村城,无,,,,"[{""stage"":"""",""tkid"":""1248"",""ref"":""1248_赤星统家_朝右.png"",""emotion"":0}]"
lord_1_ijuin_10,,伊集院忠朗,伊集院忠朗,伊集院,1249,Ijuin Tadaaki,clan_ijuin_1,saikai,精确匹配织丰,1,1502,1549,1566,病死,,,,只限武将,30,30,普通,普通,现实,慎重,重视情义,63,南蛮物,普通,嗜酒如命,源氏,火绳枪,54,52,42,57,70,1,1,2,2,0,2,3,0,2,0,1,1,0,0,0,2,齐攻,强袭，拔突，急所击，刚力，铁壁,无,一般条件,,,已登场,伊集院忠朗,家老,直臣,岛津家,内城,无,已登场,伊集院忠朗,家老,直臣,岛津家,内城,无,已登场,伊集院忠朗,家老,直臣,岛津家,内城,无,已死亡,伊集院忠朗,无效,无效,无,无效,无,已死亡,伊集院忠朗,无效,无效,无,无效,无,已死亡,伊集院忠朗,无效,无效,无,无效,无,已死亡,伊集院忠朗,无效,无效,无,无效,无,已死亡,伊集院忠朗,无效,无效,无,无效,无,已登场,伊集院忠朗,浪人,其他,无,温泉津之町,无,,,,"[{""stage"":"""",""tkid"":""1249"",""ref"":""1249_伊集院忠朗_朝右.png"",""emotion"":0}]"
lord_1_kabayama_hisataka,,樺山久高,桦山久高,桦山,1250,Kabayama Hisataka,clan_kabayama_1,saikai,基于分组自动创建家族,1,1558,1572,1634,病死,,,,只限武将,30,30,普通,勇敢,普通,普通,普通,55,武具,普通,普通,源氏,火绳枪,51,54,45,51,45,1,0,1,1,0,1,0,1,0,1,1,0,2,0,0,0,无,急所击,无,无要求,,,未登场,桦山久高,足轻组头,直臣,岛津家,内城,无,未登场,桦山久高,足轻组头,直臣,岛津家,内城,无,未登场,桦山久高,足轻组头,直臣,岛津家,内城,无,未登场,桦山久高,足轻组头,直臣,岛津家,内城,无,已登场,桦山久高,足轻组头,直臣,岛津家,内城,无,已登场,桦山久高,足轻组头,直臣,岛津家,内城,无,已登场,桦山久高,足轻组头,直臣,岛津家,内城,无,已登场,桦山久高,侍大将,直臣,岛津家,内城,无,已登场,桦山久高,部将,直臣,山中家,江户城,无,,,,"[{""stage"":"""",""tkid"":""1250"",""ref"":""1250_桦山久高_朝右.png"",""emotion"":0}]"
lord_1_fujita_shinkichi,,藤田信吉,藤田信吉,藤田,1251,Fujita Shinkichi,clan_fujita_1,kanto,基于分组自动创建家族,1,1559,1573,1616,病死,,,,全职种,85,85,温和,胆小,理想,慎重,普通,20,艺术品,无欲,滴酒不沾,其他,枪,55,55,61,48,47,1,0,0,0,0,0,0,0,0,1,0,0,2,2,1,1,无,拔突,无,无要求,,,未登场,藤田信吉,足轻组头,直臣,北条家,小田原城,无,未登场,藤田信吉,足轻组头,直臣,北条家,小田原城,无,未登场,藤田信吉,足轻组头,直臣,北条家,小田原城,无,未登场,藤田信吉,足轻组头,直臣,北条家,小田原城,无,已登场,藤田信吉,足轻组头,直臣,北条家,小田原城,无,已登场,藤田信吉,足轻组头,直臣,北条家,小田原城,无,已登场,藤田信吉,部将,直臣,上杉家,春日山城,无,已登场,藤田信吉,足轻大将,直臣,上杉家,会津若松城,无,已登场,藤田信吉,浪人,其他,无,姬路之町,无,,,,"[{""stage"":"""",""tkid"":""1251"",""ref"":""1251_藤田信吉_朝右.png"",""emotion"":0}]"
lord_1_mamiya_yasutoshi,,間宮康俊,间宫康俊,间宫,1252,Mamiya Yasutoshi,clan_mamiya_1,neutral_culture,基于分组自动创建家族,1,1518,1549,1590,战死,,,,全职种,80,80,普通,勇敢,理想,轻率,普通,50,武具,普通,嗜酒如命,源氏,刀剑,72,57,52,50,34,3,0,0,4,2,1,2,0,0,0,0,0,0,0,0,0,水上拖延,拔突，刚弓,无,无要求,,,已登场,间宫康俊,船头,直臣,相模水军,三崎之砦,无,已登场,间宫康俊,船头,直臣,相模水军,三崎之砦,无,已登场,间宫康俊,船头,直臣,相模水军,三崎之砦,无,已登场,间宫康俊,船头,直臣,相模水军,三崎之砦,无,已登场,间宫康俊,船头,直臣,相模水军,三崎之砦,无,已登场,间宫康俊,船头,直臣,相模水军,三崎之砦,无,已登场,间宫康俊,船头,直臣,相模水军,三崎之砦,无,已死亡,间宫康俊,无效,无效,无,无效,无,已登场,间宫康俊,浪人,其他,无,富山之町,无,,,,"[{""stage"":"""",""tkid"":""1252"",""ref"":""1252_间宫康俊_朝右.png"",""emotion"":0}]"
lord_1_yufu_koreyuki,,由布惟信,由布惟信,由布,1253,Yufu Koreyuki,clan_yufu_1,saikai,基于分组自动创建家族,1,1527,1549,1612,病死,,,,只限武将,84,84,普通,勇敢,理想,普通,重视情义,62,武具,普通,普通,其他,刀剑,67,78,52,71,72,3,2,2,0,1,2,3,0,0,0,0,0,1,1,0,0,无,强袭，连续斩，拔突，刚力，铁壁,无,一般条件,,,已登场,由布惟信,足轻组头,陪臣（户次鉴连）,大友家,府内城,无,已登场,由布惟信,足轻组头,陪臣（户次鉴连）,大友家,府内城,无,已登场,由布惟信,足轻组头,陪臣（户次鉴连）,大友家,府内城,无,已登场,由布惟信,足轻组头,陪臣（户次鉴连）,大友家,府内城,无,已登场,由布惟信,足轻组头,陪臣（立花道雪）,大友家,立花山城,无,已登场,由布惟信,足轻组头,陪臣（立花道雪）,大友家,立花山城,无,已登场,由布惟信,城主,直臣,大友家,冈城,无,已登场,由布惟信,家老,直臣,立花家,柳川城,无,已登场,由布惟信,浪人,其他,无,敦贺之町,无,,,,"[{""stage"":"""",""tkid"":""1253"",""ref"":""1253_由布惟信_朝右.png"",""emotion"":0}]"
lord_1_kashin_mitsutaka,,小濱光隆,小滨光隆,小滨,1254,Kashin Mitsutaka,clan_kashin_1,neutral_culture,基于分组自动创建家族,1,1572,1586,1645,病死,小滨景隆,,小滨景隆,全职种,88,88,普通,勇敢,现实,普通,普通,40,南蛮物,普通,嗜酒如命,其他,刀剑,54,54,59,40,59,1,0,2,3,1,0,1,0,0,0,0,2,2,1,0,0,水上拖延,强袭，连续斩，刚力,无,无要求,,,未登场,小滨光隆,水夫头,陪臣（小滨景隆）,骏河水军,清水之砦,无,未登场,小滨光隆,水夫头,陪臣（小滨景隆）,骏河水军,清水之砦,无,未登场,小滨光隆,水夫头,陪臣（小滨景隆）,骏河水军,清水之砦,无,未登场,小滨光隆,水夫头,陪臣（小滨景隆）,骏河水军,清水之砦,无,未登场,小滨光隆,水夫头,陪臣（小滨景隆）,骏河水军,清水之砦,无,已登场,小滨光隆,水夫头,陪臣（小滨景隆）,骏河水军,清水之砦,无,已登场,小滨光隆,水夫头,陪臣（小滨景隆）,骏河水军,清水之砦,无,已登场,小滨光隆,浪人,其他,无,骏府之町,无,已登场,小滨光隆,部将,直臣,小笠原家,小仓城,无,,,,"[{""stage"":"""",""tkid"":""1254"",""ref"":""1254_小滨光隆_朝右.png"",""emotion"":0}]"
lord_1_amakusa_shirou,,天草四郎,天草四郎,天草,1255,Amakusa Shirou,clan_amakusa_1,saikai,家族和文化自动推断,1,1546,1560,1638,战死,,,,全职种,50,50,性急,勇敢,理想,轻率,普通,78,南蛮物,贪心,普通,其他,刀剑,67,32,57,77,89,1,1,3,0,0,2,1,1,0,0,0,2,0,3,0,0,加护,强袭，拔突，急所击，铁壁，伤药,无,不可,天主教大名 大友宗麟/有马晴信/黑田如水/小西行长,,已死亡,天草四郎,无效,无效,无,无效,无,已死亡,天草四郎,无效,无效,无,无效,无,已死亡,天草四郎,无效,无效,无,无效,无,已死亡,天草四郎,无效,无效,无,无效,无,已死亡,天草四郎,无效,无效,无,无效,无,已死亡,天草四郎,无效,无效,无,无效,无,已死亡,天草四郎,无效,无效,无,无效,无,已死亡,天草四郎,无效,无效,无,无效,无,已登场,天草四郎,家老,直臣,茶屋家,岐阜城,无,,,,"[{""stage"":"""",""tkid"":""1255"",""ref"":""1255_天草四郎_朝右.png"",""emotion"":0}]"
lord_1_funakoshi_keinao,,船越景直,船越景直,船越,1256,Funakoshi Keinao,clan_funakoshi_1,kinai,基于分组自动创建家族,1,1540,1554,1611,病死,,,,全职种,30,10,温和,普通,现实,普通,普通,42,艺术品,普通,滴酒不沾,藤原氏,刀剑,52,66,45,41,51,1,0,2,3,2,0,2,0,0,0,0,0,1,1,3,0,水上拖延,强袭，刚弓,无,无要求,,,未登场,船越景直,船头,直臣,淡路水军,洲本之砦,无,已登场,船越景直,船头,直臣,淡路水军,洲本之砦,无,已登场,船越景直,船头,直臣,淡路水军,洲本之砦,无,已登场,船越景直,船头,直臣,淡路水军,洲本之砦,无,已登场,船越景直,船头,直臣,淡路水军,洲本之砦,无,已登场,船越景直,足轻组头,陪臣（羽柴秀吉）,织田家,姬路城,无,已登场,船越景直,浪人,其他,无,姬路之町,无,已登场,船越景直,部将,直臣,德川家,江户城,无,已登场,船越景直,浪人,其他,无,浦户之町,无,,,,"[{""stage"":"""",""tkid"":""1256"",""ref"":""1256_船越景直_朝右.png"",""emotion"":0}]"
lord_1_date_kojirou,,伊達小次郎,伊达小次郎,伊达,1257,Date Kojirou,clan_date_1,ou,家族和文化自动推断,1,1568,1578,1590,战死,伊达辉宗,伊达晴宗,石川昭光 伊达辉宗 伊达晴宗 伊达政宗 留守政景,只限武将,62,62,性急,勇敢,理想,轻率,不重情义,67,武具,普通,普通,藤原氏,刀剑,26,58,31,59,52,2,1,0,0,1,2,2,0,2,1,0,1,2,1,0,0,骑射突击,强袭，连续斩，毒斩，拔突，急所击，铁壁,无,不可,,主角伊达政宗，兄弟之情剧情,未登场,伊达小次郎,足轻组头,直臣,伊达家,米泽城,无,未登场,伊达小次郎,足轻组头,直臣,伊达家,米泽城,无,未登场,伊达小次郎,足轻组头,直臣,伊达家,米泽城,无,未登场,伊达小次郎,足轻组头,直臣,伊达家,米泽城,无,未登场,伊达小次郎,足轻组头,直臣,伊达家,米泽城,无,已登场,伊达小次郎,足轻组头,直臣,伊达家,米泽城,无,已登场,伊达小次郎,足轻组头,直臣,伊达家,米泽城,无,已死亡,伊达小次郎,无效,无效,无,无效,无,已登场,伊达小次郎,足轻组头,直臣,小笠原家,小仓城,无,,,,"[{""stage"":"""",""tkid"":""1257"",""ref"":""1257_伊达小次郎_朝右.png"",""emotion"":0}]"
lord_1_kanemitsu_bueimon,,金光文右衛門,金光文右卫门,金光,1258,Kanemitsu Bueimon,clan_kanemitsu_1,neutral_culture,基于分组自动创建家族,1,1563,1577,1621,病死,,,,全职种,15,60,温和,勇敢,现实,慎重,普通,34,书籍,无欲,普通,其他,枪,44,57,73,65,62,1,0,1,3,1,2,0,0,2,0,0,3,0,0,0,1,无,强袭，拔突，刚力，铁壁，丢钱,无,无要求,,,未登场,金光文右卫门,船头,直臣,土佐水军,十市之砦,无,未登场,金光文右卫门,船头,直臣,土佐水军,十市之砦,无,未登场,金光文右卫门,船头,直臣,土佐水军,十市之砦,无,未登场,金光文右卫门,船头,直臣,土佐水军,十市之砦,无,未登场,金光文右卫门,船头,直臣,土佐水军,十市之砦,无,已登场,金光文右卫门,船头,直臣,土佐水军,十市之砦,无,已登场,金光文右卫门,船头,直臣,土佐水军,十市之砦,无,已登场,金光文右卫门,船头,直臣,土佐水军,十市之砦,无,已登场,金光文右卫门,浪人,其他,无,富山之町,无,,,,"[{""stage"":"""",""tkid"":""1258"",""ref"":""1258_金光文右卫门_朝右.png"",""emotion"":0}]"
lord_1_tomono_sozen,,友野宗善,友野宗善,友野,1259,Tomono Sozen,clan_tomono_1,neutral_culture,基于分组自动创建家族,1,1536,1550,1620,病死,友野二郎兵卫,,友野二郎兵卫,全职种,60,60,温和,普通,普通,慎重,普通,70,书籍,贪心,普通,其他,枪,40,15,72,70,55,0,0,0,0,0,0,0,1,2,1,1,4,2,3,2,1,无,拔突，丢钱，贿赂,无,无要求,,,未登场,友野宗善,掌柜,直臣,友野屋,骏府之町,无,已登场,友野宗善,掌柜,直臣,友野屋,骏府之町,无,已登场,友野宗善,掌柜,直臣,友野屋,骏府之町,无,已登场,友野宗善,掌柜,直臣,友野屋,骏府之町,无,已登场,友野宗善,浪人,其他,无,骏府之町,无,已登场,友野宗善,浪人,其他,无,骏府之町,无,已登场,友野宗善,浪人,其他,无,骏府之町,无,已登场,友野宗善,浪人,其他,无,骏府之町,无,已登场,友野宗善,浪人,其他,无,柳川之町,无,,,,"[{""stage"":"""",""tkid"":""1259"",""ref"":""1259_友野宗善_朝右.png"",""emotion"":0}]"
lord_1_satomii_mototada,,多米元忠,多米元忠,多米,1260,Satomii Mototada,clan_satomii_1,kanto,基于分组自动创建家族,1,1519,1549,1590,病死,,,,只限武将,82,82,普通,勇敢,普通,慎重,重视情义,89,书籍,贪心,嗜酒如命,其他,刀剑,73,30,58,77,72,2,3,0,1,2,3,2,0,0,0,2,0,1,1,0,0,无,强袭，连续斩，拔突，刚弓，刚力，铁壁,无,一般条件,,,已登场,多米元忠,部将,直臣,北条家,小田原城,无,已登场,多米元忠,部将,直臣,北条家,小田原城,无,已登场,多米元忠,部将,直臣,北条家,小田原城,无,已登场,多米元忠,部将,直臣,北条家,小田原城,无,已登场,多米元忠,部将,直臣,北条家,小田原城,无,已登场,多米元忠,部将,直臣,北条家,小田原城,无,已登场,多米元忠,部将,直臣,北条家,小田原城,无,已死亡,多米元忠,无效,无效,无,无效,无,已登场,多米元忠,浪人,其他,无,小仓之町,无,,,,"[{""stage"":"""",""tkid"":""1260"",""ref"":""1260_多米元忠_朝右.png"",""emotion"":0}]"
lord_1_uno_genjuro,,宇野源十郎,宇野源十郎,宇野,1261,Uno Genjuro,clan_uno_1,neutral_culture,基于分组自动创建家族,1,1549,1563,1620,病死,宇野藤右卫门,,宇野藤右卫门,武将以外优先,82,82,温和,胆小,现实,普通,普通,46,艺术品,贪心,普通,其他,枪,44,57,40,66,50,0,0,0,1,0,0,0,0,1,1,1,3,2,3,1,3,无,强袭，伤药，丢钱,无,无要求,,,未登场,宇野源十郎,掌柜,直臣,虎屋,小田原之町,无,未登场,宇野源十郎,掌柜,直臣,虎屋,小田原之町,无,未登场,宇野源十郎,掌柜,直臣,虎屋,小田原之町,无,已登场,宇野源十郎,掌柜,直臣,虎屋,小田原之町,无,已登场,宇野源十郎,掌柜,直臣,虎屋,小田原之町,无,已登场,宇野源十郎,掌柜,直臣,虎屋,小田原之町,无,已登场,宇野源十郎,掌柜,直臣,虎屋,小田原之町,无,已登场,宇野源十郎,浪人,其他,无,小田原之町,无,已登场,宇野源十郎,部将,直臣,十河家,广岛城,无,,,,"[{""stage"":"""",""tkid"":""1261"",""ref"":""1261_宇野源十郎_朝右.png"",""emotion"":0}]"
lord_1_tsuda_sohan,,津田宗凡,津田宗凡,津田,1262,Tsuda Sohan,clan_tsuda_1,kinai,基于分组自动创建家族,1,1562,1576,1620,病死,津田宗及,,津田宗及,武将以外优先,5,20,温和,普通,普通,慎重,重视情义,40,艺术品,普通,滴酒不沾,其他,枪,40,27,58,65,62,1,0,0,1,0,0,1,0,2,0,0,3,0,1,3,2,无,拔突，丢钱,无,无要求,,,未登场,津田宗凡,伙计,陪臣（津田宗及）,天王寺屋,堺之町,无,未登场,津田宗凡,伙计,陪臣（津田宗及）,天王寺屋,堺之町,无,未登场,津田宗凡,伙计,陪臣（津田宗及）,天王寺屋,堺之町,无,未登场,津田宗凡,伙计,陪臣（津田宗及）,天王寺屋,堺之町,无,已登场,津田宗凡,伙计,直臣,天王寺屋,堺之町,无,已登场,津田宗凡,伙计,直臣,天王寺屋,堺之町,无,已登场,津田宗凡,伙计,直臣,天王寺屋,堺之町,无,已登场,津田宗凡,浪人,其他,无,堺之町,无,已登场,津田宗凡,船头,直臣,盐饱水军,盐饱之砦,无,,,,"[{""stage"":"""",""tkid"":""1262"",""ref"":""1262_津田宗凡_朝右.png"",""emotion"":0}]"
lord_1_suetsugu_heizo,,末次平蔵,末次平藏,末次,1263,Suetsugu Heizo,clan_suetsugu_1,neutral_culture,基于分组自动创建家族,1,1546,1560,1630,病死,,,,武将以外优先,0,0,普通,普通,普通,普通,不重情义,70,南蛮物,贪心,普通,其他,枪,68,57,59,68,63,1,1,0,1,0,0,0,1,2,0,0,3,2,3,0,2,无,拔突，丢钱,无,一般条件,,,未登场,末次平藏,伙计,直臣,博多屋,博多之町,无,未登场,末次平藏,伙计,直臣,博多屋,博多之町,无,已登场,末次平藏,伙计,直臣,博多屋,博多之町,无,已登场,末次平藏,伙计,直臣,博多屋,博多之町,无,已登场,末次平藏,伙计,直臣,博多屋,博多之町,无,已登场,末次平藏,伙计,直臣,博多屋,博多之町,无,已登场,末次平藏,伙计,直臣,博多屋,博多之町,无,已登场,末次平藏,伙计,直臣,博多屋,博多之町,无,已登场,末次平藏,浪人,其他,无,岐阜之町,无,,,,"[{""stage"":"""",""tkid"":""1263"",""ref"":""1263_末次平藏_朝右.png"",""emotion"":0}]"
lord_1_amakasu_kagemochi,,甘粕景持,甘粕景持,甘粕,1264,Amakasu Kagemochi,clan_amakasu_1,hokuriku,基于分组自动创建家族,1,1535,1549,1604,病死,,,,只限武将,15,15,普通,勇敢,普通,普通,重视情义,82,武具,贪心,嗜酒如命,源氏,枪,77,80,39,77,58,3,3,0,0,2,2,3,1,0,0,3,2,0,1,2,2,齐攻,强袭，拔突，刚弓，刚力，铁壁,无,一般条件,,,已登场,甘粕景持,足轻大将,直臣,长尾家,春日山城,无,已登场,甘粕景持,足轻大将,直臣,长尾家,春日山城,无,已登场,甘粕景持,足轻大将,直臣,长尾家,春日山城,无,已登场,甘粕景持,足轻大将,直臣,上杉家,春日山城,无,已登场,甘粕景持,足轻大将,直臣,上杉家,春日山城,无,已登场,甘粕景持,足轻大将,直臣,上杉家,春日山城,无,已登场,甘粕景持,足轻大将,直臣,上杉家,春日山城,无,已登场,甘粕景持,部将,直臣,上杉家,会津若松城,无,已登场,甘粕景持,浪人,其他,无,诹访之町,无,,,,"[{""stage"":"""",""tkid"":""1264"",""ref"":""1264_甘粕景持_朝右.png"",""emotion"":0}]"
lord_1_yamazaki,,山崎吉家,山崎吉家,山崎,1265,Yamazaki Yoshiie,clan_yamazaki_1,hokuriku,精确匹配织丰,1,1516,1549,1573,战死,,,,全职种,50,50,性急,勇敢,普通,轻率,普通,75,书籍,贪心,普通,源氏,刀剑,46,39,65,66,64,1,2,0,0,0,0,2,1,0,2,0,0,2,1,1,1,无,强袭,无,无要求,,,已登场,山崎吉家,足轻大将,直臣,朝仓家,一乘谷城,无,已登场,山崎吉家,足轻大将,直臣,朝仓家,一乘谷城,无,已登场,山崎吉家,足轻大将,直臣,朝仓家,一乘谷城,无,已登场,山崎吉家,足轻大将,直臣,朝仓家,一乘谷城,无,已死亡,山崎吉家,无效,无效,无,无效,无,已死亡,山崎吉家,无效,无效,无,无效,无,已死亡,山崎吉家,无效,无效,无,无效,无,已死亡,山崎吉家,无效,无效,无,无效,无,已登场,山崎吉家,部将,直臣,山中家,江户城,无,,,,"[{""stage"":"""",""tkid"":""1265"",""ref"":""1265_山崎吉家_朝右.png"",""emotion"":0}]"
lord_1_karasawa_genba,,唐沢玄蕃,唐泽玄蕃,唐泽,1266,Karasawa Genba,clan_karasawa_1,neutral_culture,基于分组自动创建家族,1,1546,1560,1620,病死,,,,武将以外优先,49,49,普通,勇敢,现实,慎重,重视情义,53,武具,普通,嗜酒如命,其他,苦无,66,53,61,64,42,2,1,0,1,0,2,0,4,0,0,1,1,0,0,0,1,鬼脚之术，千里眼术,强袭，拔突，二连苦无，半月，毒苦无，空蝉之术，铁壁，韦陀天之术,无,无要求,,,未登场,唐泽玄蕃,上忍,直臣,户隐众,户隐之里,无,未登场,唐泽玄蕃,上忍,直臣,户隐众,户隐之里,无,已登场,唐泽玄蕃,上忍,直臣,户隐众,户隐之里,无,已登场,唐泽玄蕃,上忍,直臣,户隐众,户隐之里,无,已登场,唐泽玄蕃,上忍,直臣,户隐众,户隐之里,无,已登场,唐泽玄蕃,上忍,直臣,户隐众,户隐之里,无,已登场,唐泽玄蕃,上忍,直臣,户隐众,户隐之里,无,已登场,唐泽玄蕃,上忍,直臣,户隐众,户隐之里,无,已登场,唐泽玄蕃,浪人,其他,无,赤间关之町,无,,,,"[{""stage"":"""",""tkid"":""1266"",""ref"":""1266_唐泽玄蕃_朝右.png"",""emotion"":0}]"
lord_1_uedaa_koji,,植田光次,植田光次,植田,1267,Uedaa Koji,clan_uedaa_1,neutral_culture,基于分组自动创建家族,1,1512,1549,1586,病死,,,,武将以外优先,80,80,普通,胆小,现实,慎重,重视情义,25,艺术品,无欲,普通,其他,苦无,61,56,68,35,64,3,1,3,0,0,2,2,4,1,0,0,1,1,2,0,3,无,强袭，拔突，二连苦无，半月，急所击，毒苦无，铁壁，伤药,无,无要求,,,已登场,植田光次,中忍,直臣,伊贺众,伊贺之里,无,已登场,植田光次,中忍,直臣,伊贺众,伊贺之里,无,已登场,植田光次,中忍,直臣,伊贺众,伊贺之里,无,已登场,植田光次,中忍,直臣,伊贺众,伊贺之里,无,已登场,植田光次,中忍,直臣,伊贺众,伊贺之里,无,已登场,植田光次,中忍,直臣,伊贺众,伊贺之里,无,已登场,植田光次,中忍,直臣,伊贺众,伊贺之里,无,已死亡,植田光次,无效,无效,无,无效,无,已登场,植田光次,浪人,其他,无,八代之町,无,,,,"[{""stage"":"""",""tkid"":""1267"",""ref"":""1267_植田光次_朝右.png"",""emotion"":0}]"
lord_1_obayashibo_shunkai,,大林坊俊海,大林坊俊海,大林坊,1268,Obayashibo Shunkai,clan_obayashibo_1,neutral_culture,基于分组自动创建家族,1,1567,1581,1657,病死,,,,全职种,60,60,普通,勇敢,普通,普通,重视情义,30,南蛮物,无欲,嗜酒如命,其他,苦无,55,66,32,56,67,1,1,0,1,1,1,1,4,0,2,1,3,0,2,0,3,无,二连苦无，半月，毒苦无，伤药，丢钱,无,无要求,,,未登场,大林坊俊海,中忍,直臣,黑胫巾众,黑胫巾之里,无,未登场,大林坊俊海,中忍,直臣,黑胫巾众,黑胫巾之里,无,未登场,大林坊俊海,中忍,直臣,黑胫巾众,黑胫巾之里,无,未登场,大林坊俊海,中忍,直臣,黑胫巾众,黑胫巾之里,无,未登场,大林坊俊海,中忍,直臣,黑胫巾众,黑胫巾之里,无,已登场,大林坊俊海,中忍,直臣,黑胫巾众,黑胫巾之里,无,已登场,大林坊俊海,中忍,直臣,黑胫巾众,黑胫巾之里,无,已登场,大林坊俊海,中忍,直臣,黑胫巾众,黑胫巾之里,无,已登场,大林坊俊海,水夫头,直臣,安东水军,十三凑之砦,无,,,,"[{""stage"":"""",""tkid"":""1268"",""ref"":""1268_大林坊俊海_朝右.png"",""emotion"":0}]"
lord_1_uchida_toma,,内田トメ,内田托马,内田,1269,Uchida Toma,clan_uchida_1,neutral_culture,基于分组自动创建家族,1,1538,1552,1618,病死,,,,没那个意思,20,20,温和,胆小,理想,慎重,普通,10,南蛮物,普通,滴酒不沾,其他,枪,21,33,64,48,72,0,0,0,0,0,0,0,0,0,0,1,2,0,2,0,4,加护,拔突，伤药，止血，丢钱,能医,一般条件,,,已登场,内田托马,医师,其他,无,府内之町,无,已登场,内田托马,医师,其他,无,府内之町,无,已登场,内田托马,医师,其他,无,府内之町,无,已登场,内田托马,医师,其他,无,府内之町,无,已登场,内田托马,医师,其他,无,府内之町,无,已登场,内田托马,医师,其他,无,府内之町,无,已登场,内田托马,医师,其他,无,府内之町,无,已登场,内田托马,医师,其他,无,府内之町,无,已登场,内田托马,医师,其他,无,宇须岸之町,无,,,,"[{""stage"":"""",""tkid"":""1269"",""ref"":""1269_内田托马_朝右.png"",""emotion"":0}]"
lord_1_oku_yahei,,奥弥兵衛,奥弥兵卫,奥弥,1270,Oku Yahei,clan_oku_1,neutral_culture,基于分组自动创建家族,1,1560,1574,1612,病死,,,,全职种,40,40,普通,勇敢,普通,普通,重视情义,50,南蛮物,贪心,嗜酒如命,其他,火绳枪,66,60,66,69,47,0,1,4,0,0,0,1,0,1,0,2,3,0,3,1,0,无,急所击，二挺击，石火，乱射，丢钱,火枪能手,无要求,,,未登场,奥弥兵卫,浪人,其他,无,足利之町,无,未登场,奥弥兵卫,浪人,其他,无,足利之町,无,未登场,奥弥兵卫,浪人,其他,无,足利之町,无,未登场,奥弥兵卫,浪人,其他,无,足利之町,无,已登场,奥弥兵卫,浪人,其他,无,足利之町,无,已登场,奥弥兵卫,浪人,其他,无,足利之町,无,已登场,奥弥兵卫,浪人,其他,无,足利之町,无,已登场,奥弥兵卫,浪人,其他,无,足利之町,无,已登场,奥弥兵卫,浪人,其他,无,鹿儿岛之町,无,,,,"[{""stage"":"""",""tkid"":""1270"",""ref"":""1270_奥弥兵卫_朝右.png"",""emotion"":0}]"
lord_1_jinzenji_bungo,,秦泉寺豊後,秦泉寺丰后,秦泉寺,1271,Jinzenji Bungo,clan_jinzenji_1,nankai,基于分组自动创建家族,1,1511,1549,1562,战死,,,,全职种,80,80,普通,勇敢,普通,轻率,不重情义,73,武具,贪心,嗜酒如命,其他,枪,51,67,40,68,52,1,0,0,2,1,2,2,1,0,0,0,1,0,0,0,1,无,强袭，拔突，粘花，铁壁,无,无要求,,,已登场,秦泉寺丰后,足轻组头,直臣,长宗我部家,冈丰城,无,已登场,秦泉寺丰后,足轻组头,直臣,长宗我部家,冈丰城,无,已登场,秦泉寺丰后,足轻组头,直臣,长宗我部家,冈丰城,无,已死亡,秦泉寺丰后,无效,无效,无,无效,无,已死亡,秦泉寺丰后,无效,无效,无,无效,无,已死亡,秦泉寺丰后,无效,无效,无,无效,无,已死亡,秦泉寺丰后,无效,无效,无,无效,无,已死亡,秦泉寺丰后,无效,无效,无,无效,无,已登场,秦泉寺丰后,浪人,其他,无,宇须岸之町,无,,,,"[{""stage"":"""",""tkid"":""1271"",""ref"":""1271_泰泉寺丰后_朝右.png"",""emotion"":0}]"
lord_1_goto_shuuin,,後藤宗印,后藤宗印,后藤,1272,Goto Shuuin,clan_goto_1,saikai,基于分组自动创建家族,1,1545,1559,1627,病死,,,,没那个意思,0,0,普通,普通,理想,轻率,普通,35,南蛮物,无欲,嗜酒如命,藤原氏,火绳枪,52,53,63,61,57,2,2,3,3,1,1,2,1,3,1,2,3,1,3,1,1,加护,拔突，急所击，丢钱,无,一般条件,,,未登场,后藤宗印,浪人,其他,无,平户之町,无,未登场,后藤宗印,浪人,其他,无,平户之町,无,已登场,后藤宗印,浪人,其他,无,平户之町,无,已登场,后藤宗印,浪人,其他,无,平户之町,无,已登场,后藤宗印,浪人,其他,无,平户之町,无,已登场,后藤宗印,浪人,其他,无,平户之町,无,已登场,后藤宗印,浪人,其他,无,平户之町,无,已登场,后藤宗印,浪人,其他,无,平户之町,无,已登场,后藤宗印,浪人,其他,无,甲府之町,无,,,,"[{""stage"":"""",""tkid"":""1272"",""ref"":""1272_后藤宗印_朝右.png"",""emotion"":0}]"
lord_1_aisu_motokosai,,愛洲元香斎,爱洲元香斋,爱洲,1273,Aisu Motokosai,clan_aisu_1,neutral_culture,基于分组自动创建家族,1,1519,1549,1590,病死,,,,没那个意思,60,60,普通,胆小,现实,慎重,普通,20,武具,无欲,普通,源氏,刀剑,53,86,25,22,47,1,0,0,0,0,4,1,0,0,0,0,0,1,0,0,0,无,强袭，连续斩，月影，一刀两断，拔突，浮舟，当身，肋一寸，刚力，金刚力，铁壁，天狗抄，心眼，大喝,剑豪,一般条件,,,已登场,爱洲元香斋,浪人,其他,无,鹿岛之町,阴流,已登场,爱洲元香斋,浪人,其他,无,鹿岛之町,阴流,已登场,爱洲元香斋,浪人,其他,无,鹿岛之町,阴流,已登场,爱洲元香斋,浪人,其他,无,鹿岛之町,阴流,已登场,爱洲元香斋,浪人,其他,无,鹿岛之町,阴流,已登场,爱洲元香斋,浪人,其他,无,鹿岛之町,阴流,已登场,爱洲元香斋,师范,其他,无,鹿岛之町,阴流,已死亡,爱洲元香斋,无效,无效,无,无效,无,已登场,爱洲元香斋,浪人,其他,无,冈崎之町,阴流,,,,"[{""stage"":"""",""tkid"":""1273"",""ref"":""1273_爱洲元香斋_朝右.png"",""emotion"":0}]"
lord_1_kamiizumi_yasutaka,,上泉泰綱,上泉泰纲,上泉,1274,Kamiizumi Yasutaka,clan_kamiizumi_1,kanto,基于分组自动创建家族,1,1552,1566,1600,战死,,上泉信纲,上泉信纲,全职种,0,0,普通,胆小,现实,普通,普通,50,武具,普通,普通,其他,刀剑,56,65,32,24,42,1,0,0,1,0,2,1,1,0,0,0,0,1,0,0,1,无,强袭，连续斩，月影，拔突，金刚力，铁壁,剑士,无要求,,,未登场,上泉泰纲,浪人,其他,无,厩桥之町,无,未登场,上泉泰纲,浪人,其他,无,厩桥之町,无,未登场,上泉泰纲,浪人,其他,无,厩桥之町,无,已登场,上泉泰纲,浪人,其他,无,厩桥之町,无,已登场,上泉泰纲,浪人,其他,无,厩桥之町,无,已登场,上泉泰纲,浪人,其他,无,厩桥之町,无,已登场,上泉泰纲,浪人,其他,无,厩桥之町,无,已登场,上泉泰纲,浪人,其他,无,厩桥之町,无,已登场,上泉泰纲,部将,直臣,上泉家,内城,无,,,,"[{""stage"":"""",""tkid"":""1274"",""ref"":""1274_上泉泰纲_朝右.png"",""emotion"":0}]"
lord_1_seto_hokyu,,瀨戶方久,濑户方久,濑户,1275,Seto Hokyu,clan_seto_1,neutral_culture,基于分组自动创建家族,1,1525,1549,1606,病死,,,,武将以外优先,80,80,温和,普通,现实,慎重,普通,65,艺术品,普通,普通,源氏,枪,53,25,59,60,65,0,0,1,0,0,0,0,0,2,2,0,4,0,3,2,0,无,拔突，丢钱，贿赂，大宴宾客,无,一般条件,,,已登场,濑户方久,浪人,其他,无,滨松之町,无,已登场,濑户方久,浪人,其他,无,滨松之町,无,已登场,濑户方久,浪人,其他,无,滨松之町,无,已登场,濑户方久,浪人,其他,无,滨松之町,无,已登场,濑户方久,浪人,其他,无,滨松之町,无,已登场,濑户方久,浪人,其他,无,滨松之町,无,已登场,濑户方久,浪人,其他,无,滨松之町,无,已登场,濑户方久,浪人,其他,无,滨松之町,无,已登场,濑户方久,浪人,其他,无,松江之町,无,,,,"[{""stage"":"""",""tkid"":""1275"",""ref"":""1275_濑户方久_朝右.png"",""emotion"":0}]"
lord_1_soga_rimigiemon,,蘇我理右衛門,苏我理右卫门,苏我,1276,Soga Rimigiemon,clan_soga_1,neutral_culture,基于分组自动创建家族,1,1572,1582,1636,病死,,,,武将以外优先,50,50,普通,普通,现实,慎重,普通,75,南蛮物,贪心,嗜酒如命,其他,枪,46,47,71,66,67,1,1,1,1,0,0,1,0,3,1,4,3,1,2,2,1,无,拔突，丢钱,无,一般条件,,,未登场,苏我理右卫门,浪人,其他,无,石山之町,无,未登场,苏我理右卫门,浪人,其他,无,石山之町,无,未登场,苏我理右卫门,浪人,其他,无,石山之町,无,未登场,苏我理右卫门,浪人,其他,无,石山之町,无,未登场,苏我理右卫门,浪人,其他,无,石山之町,无,已登场,苏我理右卫门,浪人,其他,无,石山之町,无,已登场,苏我理右卫门,浪人,其他,无,石山之町,无,已登场,苏我理右卫门,浪人,其他,无,大坂之町,无,已登场,苏我理右卫门,浪人,其他,无,油津之町,无,,,,"[{""stage"":"""",""tkid"":""1276"",""ref"":""1276_苏我理右卫门_朝右.png"",""emotion"":0}]"
lord_1_matsushita_tsunekiyo,,松下常慶,松下常庆,松下,1277,Matsushita Tsunekiyo,clan_matsushita_1,tosan,基于分组自动创建家族,1,1558,1572,1624,病死,,,,武将以外优先,90,90,普通,普通,普通,普通,重视情义,30,书籍,无欲,嗜酒如命,源氏,锁镰,61,75,54,52,66,3,3,2,1,0,3,1,4,2,2,3,2,0,1,0,3,千里眼术，幻惑之术，雷爆之术,强袭，连续斩，拔突，二连苦无，半月，千鸟，刚力，铁壁，伤药，蛇咬,无,一般条件,,,未登场,松下常庆,浪人,其他,无,滨松之町,无,未登场,松下常庆,浪人,其他,无,滨松之町,无,未登场,松下常庆,浪人,其他,无,滨松之町,无,未登场,松下常庆,浪人,其他,无,滨松之町,无,已登场,松下常庆,浪人,其他,无,滨松之町,无,已登场,松下常庆,浪人,其他,无,滨松之町,无,已登场,松下常庆,浪人,其他,无,滨松之町,无,已登场,松下常庆,浪人,其他,无,滨松之町,无,已登场,松下常庆,伙计,直臣,鱼屋,严岛之町,无,,,,"[{""stage"":"""",""tkid"":""1277"",""ref"":""1277_松下常庆_朝右.png"",""emotion"":0}]"
lord_1_manase_gensaku,,曲直瀬玄朔,曲直濑玄朔,曲直濑,1278,Manase Gensaku,clan_manase_1,neutral_culture,基于分组自动创建家族,1,1549,1563,1632,病死,,,,武将以外优先,10,10,温和,普通,普通,慎重,重视情义,20,书籍,普通,滴酒不沾,其他,枪,36,37,66,50,82,0,0,0,0,0,0,0,0,0,0,1,3,3,2,2,4,无,拔突，伤药，止血，丢钱,无,一般条件,,,未登场,曲直濑玄朔,浪人,其他,无,京之町,无,未登场,曲直濑玄朔,浪人,其他,无,京之町,无,未登场,曲直濑玄朔,浪人,其他,无,京之町,无,已登场,曲直濑玄朔,浪人,其他,无,京之町,无,已登场,曲直濑玄朔,浪人,其他,无,京之町,无,已登场,曲直濑玄朔,浪人,其他,无,京之町,无,已登场,曲直濑玄朔,浪人,其他,无,京之町,无,已登场,曲直濑玄朔,浪人,其他,无,京之町,无,已登场,曲直濑玄朔,浪人,其他,无,津山之町,无,,,,"[{""stage"":"""",""tkid"":""1278"",""ref"":""1278_曲直濑玄朔_朝右.png"",""emotion"":0}]"
lord_1_saegusa_masatada,,三枝昌貞,三枝昌贞,三枝,1279,Saegusa Masatada,clan_saegusa_1,tosan,基于分组自动创建家族,1,1537,1551,1575,战死,,,,只限武将,65,65,普通,勇敢,普通,轻率,普通,55,武具,普通,普通,其他,枪,70,63,33,47,61,2,3,0,0,0,1,2,0,0,1,0,0,1,2,0,0,无,拔突，粘花，刚力，辱骂,无,无要求,,,未登场,三枝昌贞,侍大将,直臣,武田家,踯躅崎馆,无,已登场,三枝昌贞,侍大将,直臣,武田家,踯躅崎馆,无,已登场,三枝昌贞,侍大将,直臣,武田家,踯躅崎馆,无,已登场,三枝昌贞,侍大将,直臣,武田家,踯躅崎馆,无,已登场,三枝昌贞,侍大将,直臣,武田家,踯躅崎馆,无,已死亡,三枝昌贞,无效,无效,无,无效,无,已死亡,三枝昌贞,无效,无效,无,无效,无,已死亡,三枝昌贞,无效,无效,无,无效,无,已登场,三枝昌贞,部将,直臣,三刀屋家,骏府城,无,,,,"[{""stage"":"""",""tkid"":""1279"",""ref"":""1279_三枝昌贞_朝右.png"",""emotion"":0}]"
lord_1_ishida_masazumi,,石田正澄,石田正澄,石田,1280,Ishida Masazumi,clan_ishida_1,kinai,基于分组自动创建家族,1,1556,1570,1600,战死,石田三成父,,石田三成,全职种,20,20,温和,普通,普通,慎重,重视情义,40,书籍,无欲,滴酒不沾,平氏,刀剑,33,26,60,75,77,1,1,0,0,1,0,2,0,1,3,2,3,3,2,1,0,无,拔突，丢钱,能吏,无要求,,,未登场,石田正澄,浪人,其他,无,今滨之町,无,未登场,石田正澄,浪人,其他,无,今滨之町,无,未登场,石田正澄,浪人,其他,无,今滨之町,无,未登场,石田正澄,浪人,其他,无,今滨之町,无,已登场,石田正澄,足轻组头,陪臣（羽柴秀吉）,织田家,长滨城,无,已登场,石田正澄,足轻组头,陪臣（羽柴秀吉）,织田家,姬路城,无,已登场,石田正澄,足轻组头,陪臣（石田三成）,羽柴家,石山本愿寺,无,已登场,石田正澄,部将,直臣,丰臣家,大坂城,无,已登场,石田正澄,浪人,其他,无,尾道之町,无,,,,"[{""stage"":"""",""tkid"":""1280"",""ref"":""1280_石田正澄_朝右.png"",""emotion"":0}]"
lord_1_ichiyanagi_naomori,,一柳直盛,一柳直盛,一柳,1281,Ichiyanagi Naomori,clan_ichiyanagi_1,neutral_culture,基于分组自动创建家族,1,1564,1578,1636,病死,一柳直高,,一柳直末,只限武将,0,95,性急,勇敢,现实,普通,不重情义,70,武具,贪心,嗜酒如命,其他,枪,65,53,52,44,37,2,1,1,1,0,0,1,0,0,0,1,0,0,0,0,0,无,拔突，卷枪，铁壁,无,无要求,,,未登场,一柳直盛,浪人,其他,无,石山之町,无,未登场,一柳直盛,浪人,其他,无,石山之町,无,未登场,一柳直盛,浪人,其他,无,石山之町,无,未登场,一柳直盛,浪人,其他,无,石山之町,无,未登场,一柳直盛,浪人,其他,无,石山之町,无,已登场,一柳直盛,浪人,其他,无,石山之町,无,已登场,一柳直盛,足轻组头,直臣,羽柴家,石山本愿寺,无,已登场,一柳直盛,浪人,其他,无,大坂之町,无,已登场,一柳直盛,部将,直臣,一宫家,春日山城,无,,,,"[{""stage"":"""",""tkid"":""1281"",""ref"":""1281_一柳直盛_朝右.png"",""emotion"":0}]"
lord_1_komai_takushiro,,駒井高白斎,驹井高白斋,驹井高,1282,Komai Takushiro,clan_komai_1,tosan,基于分组自动创建家族,1,1512,1549,1562,病死,,,,全职种,62,62,普通,普通,普通,慎重,重视情义,55,书籍,普通,普通,源氏,刀剑,66,50,79,64,67,1,1,0,0,1,0,1,0,0,2,0,1,2,2,1,0,无,强袭,雄辩,一般条件,,,已登场,驹井高白斋,部将,直臣,武田家,踯躅崎馆,无,已登场,驹井高白斋,部将,直臣,武田家,踯躅崎馆,无,已登场,驹井高白斋,部将,直臣,武田家,踯躅崎馆,无,已死亡,驹井高白斋,无效,无效,无,无效,无,已死亡,驹井高白斋,无效,无效,无,无效,无,已死亡,驹井高白斋,无效,无效,无,无效,无,已死亡,驹井高白斋,无效,无效,无,无效,无,已死亡,驹井高白斋,无效,无效,无,无效,无,已登场,驹井高白斋,家老,直臣,白石家,白地城,无,,,,"[{""stage"":"""",""tkid"":""1282"",""ref"":""1282_驹井高白斋_朝右.png"",""emotion"":0}]"
lord_1_kamada_masatoshi,,鐮田政年,镰田政年,镰田,1283,Kamada Masatoshi,clan_kamada_1,saikai,基于分组自动创建家族,1,1514,1549,1583,病死,,,,只限武将,30,30,普通,普通,普通,慎重,重视情义,71,南蛮物,贪心,嗜酒如命,藤原氏,刀剑,63,61,33,63,62,2,1,2,1,0,2,1,0,0,2,0,0,0,2,0,0,齐攻,强袭，连续斩，拔突，铁壁，辱骂,无,无要求,,,已登场,镰田政年,部将,直臣,岛津家,内城,无,已登场,镰田政年,部将,直臣,岛津家,内城,无,已登场,镰田政年,部将,直臣,岛津家,内城,无,已登场,镰田政年,部将,直臣,岛津家,内城,无,已登场,镰田政年,部将,直臣,岛津家,内城,无,已登场,镰田政年,部将,直臣,岛津家,内城,无,已死亡,镰田政年,无效,无效,无,无效,无,已死亡,镰田政年,无效,无效,无,无效,无,已登场,镰田政年,浪人,其他,无,仓敷之町,无,,,,"[{""stage"":"""",""tkid"":""1283"",""ref"":""1283_镰田政年_朝右.png"",""emotion"":0}]"
lord_1_shimizu_kageharu,,清水景治,清水景治,清水,1284,Shimizu Kageharu,clan_shimizu_1,sanyo,基于分组自动创建家族,1,1571,1585,1649,病死,清水宗治,,清水宗治,全职种,40,40,普通,胆小,理想,慎重,重视情义,51,艺术品,普通,普通,其他,刀剑,58,62,68,52,74,1,0,0,2,0,1,2,0,0,0,0,3,0,1,2,0,无,强袭，丢钱,无,无要求,,,未登场,清水景治,足轻组头,陪臣（清水宗治）,毛利家,吉田郡山城,无,未登场,清水景治,足轻组头,陪臣（清水宗治）,毛利家,吉田郡山城,无,未登场,清水景治,足轻组头,陪臣（清水宗治）,毛利家,吉田郡山城,无,未登场,清水景治,足轻组头,陪臣（清水宗治）,毛利家,吉田郡山城,无,未登场,清水景治,足轻组头,陪臣（清水宗治）,毛利家,备中高松城,无,未登场,清水景治,足轻组头,陪臣（清水宗治）,毛利家,备中高松城,无,未登场,清水景治,足轻组头,直臣,毛利家,吉田郡山城,无,已登场,清水景治,足轻大将,直臣,毛利家,广岛城,无,已登场,清水景治,水夫头,直臣,淡路水军,洲本之砦,无,,,,"[{""stage"":"""",""tkid"":""1284"",""ref"":""1284_清水景治_朝右.png"",""emotion"":0}]"
lord_1_chijiwa_migeiru,,千々石ミゲル,千千石米格尔,千千石,1285,Chijiwa Migeiru,clan_chijiwa_1,saikai,基于分组自动创建家族,1,1569,1583,1633,病死,,,,全职种,70,70,普通,胆小,现实,慎重,普通,63,南蛮物,普通,普通,藤原氏,刀剑,34,26,52,65,67,0,0,0,0,0,0,0,0,2,1,0,2,3,3,0,1,加护,强袭,无,一般条件,,,未登场,千千石米格尔,足轻组头,陪臣（大村纯忠）,龙造寺家,大村城,无,未登场,千千石米格尔,足轻组头,陪臣（大村纯忠）,龙造寺家,大村城,无,未登场,千千石米格尔,足轻组头,陪臣（大村纯忠）,龙造寺家,大村城,无,未登场,千千石米格尔,足轻组头,陪臣（大村纯忠）,龙造寺家,大村城,无,未登场,千千石米格尔,足轻组头,陪臣（大村纯忠）,龙造寺家,大村城,无,已登场,千千石米格尔,足轻组头,陪臣（大村纯忠）,龙造寺家,大村城,无,已登场,千千石米格尔,足轻组头,陪臣（大村纯忠）,龙造寺家,佐嘉城,无,已登场,千千石米格尔,浪人,其他,无,平户之町,无,已登场,千千石米格尔,部将,直臣,千家,海津城,无,,,,"[{""stage"":"""",""tkid"":""1285"",""ref"":""1285_千千石米格尔_朝右.png"",""emotion"":0}]"
lord_1_yasuke,,弥助,弥助,,1286,Yasuke,clan_oda_1,kinai,手工设定,1,1555,1620,1635,战死,,,,全职种,0,0,普通,勇敢,理想,轻率,普通,85,武具,贪心,嗜酒如命,其他,火绳枪,40,88,8,32,50,3,2,3,2,0,3,0,0,0,0,0,0,0,0,0,0,无,强袭，连续斩，拔突，急所击，二挺击，刚力，铁壁,无,一般条件,,,未登场,弥助,浪人,其他,无,京之町,无,未登场,弥助,浪人,其他,无,京之町,无,未登场,弥助,浪人,其他,无,京之町,无,未登场,弥助,浪人,其他,无,京之町,无,未登场,弥助,浪人,其他,无,京之町,无,未登场,弥助,浪人,其他,无,京之町,无,已登场,弥助,浪人,其他,无,鹿儿岛之町,无,已登场,弥助,浪人,其他,无,鹿儿岛之町,无,已登场,弥助,浪人,其他,无,鹿岛之町,无,,,,"[{""stage"":"""",""tkid"":""1286"",""ref"":""1286_弥助_朝右.png"",""emotion"":0}]"
lord_1_miura_anjin,,三浦按針,三浦按针,三浦,1287,Miura Anjin,clan_miura_1,neutral_culture,基于分组自动创建家族,1,1564,1600,1620,病死,,,,全职种,50,50,普通,胆小,现实,慎重,普通,60,南蛮物,普通,嗜酒如命,其他,火绳枪,54,79,57,52,85,1,2,3,4,0,0,1,0,2,0,3,4,1,3,0,2,水上拖延，水上禁行，加护,拔突，急所击，丢钱，贿赂,无,一般条件,,,未登场,三浦按针,浪人,其他,无,府内之町,无,未登场,三浦按针,浪人,其他,无,府内之町,无,未登场,三浦按针,浪人,其他,无,府内之町,无,未登场,三浦按针,浪人,其他,无,府内之町,无,未登场,三浦按针,浪人,其他,无,府内之町,无,未登场,三浦按针,浪人,其他,无,府内之町,无,未登场,三浦按针,浪人,其他,无,府内之町,无,未登场,三浦按针,浪人,其他,无,府内之町,无,已登场,三浦按针,家老,直臣,三刀屋家,骏府城,无,,,,"[{""stage"":"""",""tkid"":""1287"",""ref"":""1287_三浦按针_朝右.png"",""emotion"":0}]"
lord_1_miyoshi_matsurigoto,,三好政勝,三好政胜,三好,705,Miyoshi Matsurigoto,clan_miyoshi_1,nankai,家族和文化自动推断,1,,,,,,,,,,,,,,,,,,,,,,,,,,,,,,,,,,,,,,,,,,,,,,,,,,,,,,,,,,,,,,,,,,,,,,,,,,,,,,,,,,,,,,,,,,,,,,,,,,,,,,,,,,,,,,,,,,,"[{""stage"":"""",""tkid"":""705"",""ref"":""705_三好为三_朝右.png"",""emotion"":0}]"
lord_1_miyoshi_masayasu,,三好政康,三好政康,三好,706,Miyoshi Masayasu,clan_miyoshi_1,nankai,家族和文化自动推断,1,,,,,,,,,,,,,,,,,,,,,,,,,,,,,,,,,,,,,,,,,,,,,,,,,,,,,,,,,,,,,,,,,,,,,,,,,,,,,,,,,,,,,,,,,,,,,,,,,,,,,,,,,,,,,,,,,,,"[{""stage"":"""",""tkid"":""706"",""ref"":""706_三好宗渭_朝右.png"",""emotion"":0}]"
lord_1_furoois,,佛羅伊斯,佛罗伊斯,,1038,Furoois,clan_japanese_1,neutral_culture,手工设定,1,,,,,,,,,,,,,,,,,,,,,,,,,,,,,,,,,,,,,,,,,,,,,,,,,,,,,,,,,,,,,,,,,,,,,,,,,,,,,,,,,,,,,,,,,,,,,,,,,,,,,,,,,,,,,,,,,,,"[{""stage"":"""",""tkid"":""1038"",""ref"":""1038_佛罗伊斯_朝右.png"",""emotion"":0}]"
lord_1_izumo_no,,出雲阿國,出云阿国,出云,1076,Izumo no Okuni,clan_japanese_1,neutral_culture,手工设定,0,,,,,,,,,,,,,,,,,,,,,,,,,,,,,,,,,,,,,,,,,,,,,,,,,,,,,,,,,,,,,,,,,,,,,,,,,,,,,,,,,,,,,,,,,,,,,,,,,,,,,,,,,,,,,,,,,,,"[{""stage"":"""",""tkid"":""1076"",""ref"":""1076_出云阿国_朝右.png"",""emotion"":0}]"
lord_1_tenshitsu_kouiku,,天室光育,天室光育,天室,1088,Tenshitsu Kouiku,clan_japanese_1,neutral_culture,手工设定,1,,,,,,,,,,,,,,,,,,,,,,,,,,,,,,,,,,,,,,,,,,,,,,,,,,,,,,,,,,,,,,,,,,,,,,,,,,,,,,,,,,,,,,,,,,,,,,,,,,,,,,,,,,,,,,,,,,,"[{""stage"":"""",""tkid"":""1088"",""ref"":""1088_天室光育_朝右.png"",""emotion"":0}]"
lord_1_raphael,,拉斐耶魯,拉斐耶鲁,,1040,Raphael,clan_japanese_1,neutral_culture,手工设定,1,,,,,,,,,,,,,,,,,,,,,,,,,,,,,,,,,,,,,,,,,,,,,,,,,,,,,,,,,,,,,,,,,,,,,,,,,,,,,,,,,,,,,,,,,,,,,,,,,,,,,,,,,,,,,,,,,,,"[{""stage"":"""",""tkid"":""1040"",""ref"":""1040_拉斐耶鲁_朝右.png"",""emotion"":0}]"
lord_1_honami_kouetsu,,本阿彌光悦,本阿弥光悦,本阿弥,1033,Honami Kouetsu,clan_japanese_1,neutral_culture,手工设定,1,,,,,,,,,,,,,,,,,,,,,,,,,,,,,,,,,,,,,,,,,,,,,,,,,,,,,,,,,,,,,,,,,,,,,,,,,,,,,,,,,,,,,,,,,,,,,,,,,,,,,,,,,,,,,,,,,,,"[{""stage"":"""",""tkid"":""1033"",""ref"":""1033_本阿弥光悦_朝右.png"",""emotion"":0}]"
lord_1_takuan_souhou,,澤庵宗彭,泽庵宗彭,泽庵,1037,Takuan Souhou,clan_japanese_1,neutral_culture,手工设定,1,,,,,,,,,,,,,,,,,,,,,,,,,,,,,,,,,,,,,,,,,,,,,,,,,,,,,,,,,,,,,,,,,,,,,,,,,,,,,,,,,,,,,,,,,,,,,,,,,,,,,,,,,,,,,,,,,,,"[{""stage"":"""",""tkid"":""1037"",""ref"":""1037_泽庵宗彭_朝右.png"",""emotion"":0}]"
lord_1_kano_eitoku,,狩野永德,狩野永德,狩野,1032,Kano Eitoku,clan_japanese_1,neutral_culture,手工设定,1,,,,,,,,,,,,,,,,,,,,,,,,,,,,,,,,,,,,,,,,,,,,,,,,,,,,,,,,,,,,,,,,,,,,,,,,,,,,,,,,,,,,,,,,,,,,,,,,,,,,,,,,,,,,,,,,,,,"[{""stage"":"""",""tkid"":""1032"",""ref"":""1032_狩野永德_朝右.png"",""emotion"":0}]"
lord_1_kikutei_harusue,,菊亭晴季,菊亭晴季,菊亭,1042,Kikutei Harusue,clan_japanese_1,neutral_culture,手工设定,1,,,,,,,,,,,,,,,,,,,,,,,,,,,,,,,,,,,,,,,,,,,,,,,,,,,,,,,,,,,,,,,,,,,,,,,,,,,,,,,,,,,,,,,,,,,,,,,,,,,,,,,,,,,,,,,,,,,"[{""stage"":"""",""tkid"":""1042"",""ref"":""1042_菊亭晴季_朝右.png"",""emotion"":0}]"
lord_1_gamou_gosha,,蒲生鄉舍,蒲生乡舍,蒲生,243,Gamou Gosha,clan_gamou_1,kinai,家族和文化自动推断,1,,,,,,,,,,,,,,,,,,,,,,,,,,,,,,,,,,,,,,,,,,,,,,,,,,,,,,,,,,,,,,,,,,,,,,,,,,,,,,,,,,,,,,,,,,,,,,,,,,,,,,,,,,,,,,,,,,,"[{""stage"":"""",""tkid"":""243"",""ref"":""243_蒲生乡舍_朝右.png"",""emotion"":0}]"
lord_1_kozai_souotsu,,虎哉宗乙,虎哉宗乙,虎哉,1087,Kozai Souotsu,clan_japanese_1,neutral_culture,手工设定,1,,,,,,,,,,,,,,,,,,,,,,,,,,,,,,,,,,,,,,,,,,,,,,,,,,,,,,,,,,,,,,,,,,,,,,,,,,,,,,,,,,,,,,,,,,,,,,,,,,,,,,,,,,,,,,,,,,,"[{""stage"":"""",""tkid"":""1087"",""ref"":""1087_虎哉宗乙_朝右.png"",""emotion"":0}]"
lord_1_hasegawa_tohaku,,長谷川等伯,长谷川等伯,长谷川,1031,Hasegawa Tohaku,clan_japanese_1,neutral_culture,手工设定,1,,,,,,,,,,,,,,,,,,,,,,,,,,,,,,,,,,,,,,,,,,,,,,,,,,,,,,,,,,,,,,,,,,,,,,,,,,,,,,,,,,,,,,,,,,,,,,,,,,,,,,,,,,,,,,,,,,,"[{""stage"":"""",""tkid"":""1031"",""ref"":""1031_长谷川等伯_朝右.png"",""emotion"":0}]"
lord_1_nagasaka_choukan,,長阪長閑,长阪长闲,长阪,530,Nagasaka Choukan,clan_japanese_1,neutral_culture,手工设定,1,,,,,,,,,,,,,,,,,,,,,,,,,,,,,,,,,,,,,,,,,,,,,,,,,,,,,,,,,,,,,,,,,,,,,,,,,,,,,,,,,,,,,,,,,,,,,,,,,,,,,,,,,,,,,,,,,,,"[{""stage"":"""",""tkid"":""530"",""ref"":""530_长坂钓闲_朝右.png"",""emotion"":0}]"
lord_1_arumeda,,阿魯梅達,阿鲁梅达,,1039,Arumeda,clan_japanese_1,neutral_culture,手工设定,1,,,,,,,,,,,,,,,,,,,,,,,,,,,,,,,,,,,,,,,,,,,,,,,,,,,,,,,,,,,,,,,,,,,,,,,,,,,,,,,,,,,,,,,,,,,,,,,,,,,,,,,,,,,,,,,,,,,"[{""stage"":"""",""tkid"":""1039"",""ref"":""1039_阿鲁梅达_朝右.png"",""emotion"":0}]"
lord_1_nikaho_6,,千代,千代,,1065,Nikaho Chiyo,clan_nikaho_1,ou,精确匹配织丰,0,,,,,,,,,,,,,,,,,,,,,,,,,,,,,,,,,,,,,,,,,,,,,,,,,,,,,,,,,,,,,,,,,,,,,,,,,,,,,,,,,,,,,,,,,,,,,,,,,,,,,,,,,,,,,,,,,,,"[{""stage"":"""",""tkid"":""1065"",""ref"":""1065_千代_朝右.png"",""emotion"":0}]"
lord_1_minami-hime,,南姫,南姫,,1097,Minami-hime,clan_japanese_1,neutral_culture,手工设定,0,,,,,,,,,,,,,,,,,,,,,,,,,,,,,,,,,,,,,,,,,,,,,,,,,,,,,,,,,,,,,,,,,,,,,,,,,,,,,,,,,,,,,,,,,,,,,,,,,,,,,,,,,,,,,,,,,,,"[{""stage"":"""",""tkid"":""1097"",""ref"":""1097_南姬_朝右.png"",""emotion"":0}]"
lord_1_kinoshita_1,,寧寧,宁宁,,1047|1186,Kinoshita Nene,clan_kinoshita_1,kinai,精确匹配织丰,0,,,,,,,,,,,,,,,,,,,,,,,,,,,,,,,,,,,,,,,,,,,,,,,,,,,,,,,,,,,,,,,,,,,,,,,,,,,,,,,,,,,,,,,,,,,,,,,,,,,,,,,,,,,,,,,,,,"[{""stage"":""若"",""tkid"":""1047"",""ref"":"""",""emotion"":1},{""stage"":""政"",""tkid"":""1186"",""ref"":"""",""emotion"":1}]","[{""stage"":""若"",""tkid"":""1047"",""ref"":""1047_宁宁_朝右.png"",""emotion"":1},{""stage"":""政"",""tkid"":""1186"",""ref"":""1186_宁宁_朝右.png"",""emotion"":1}]"
lord_1_jinbo_5,,小夜,小夜,,1115,Jinbo Sayo,clan_jinbo_1,hokuriku,精确匹配织丰,0,,,,,,,,,,,,,,,,,,,,,,,,,,,,,,,,,,,,,,,,,,,,,,,,,,,,,,,,,,,,,,,,,,,,,,,,,,,,,,,,,,,,,,,,,,,,,,,,,,,,,,,,,,,,,,,,,,,"[{""stage"":"""",""tkid"":""1115"",""ref"":""1115_町民女、小夜_朝右.png"",""emotion"":0}]"
lord_1_yukawa_1,,小松,小松,,1066,Yukawa Komatsu,clan_yukawa_1,kinai,精确匹配织丰,0,,,,,,,,,,,,,,,,,,,,,,,,,,,,,,,,,,,,,,,,,,,,,,,,,,,,,,,,,,,,,,,,,,,,,,,,,,,,,,,,,,,,,,,,,,,,,,,,,,,,,,,,,,,,,,,,,,,"[{""stage"":"""",""tkid"":""1066"",""ref"":""1066_小松_朝右.png"",""emotion"":0}]"
lord_1_imagawa_fujin,,早川夫人,早川夫人,,1052,Imagawa Fujin,clan_japanese_1,tokai,手工设定,0,,,,,,,,,,,,,,,,,,,,,,,,,,,,,,,,,,,,,,,,,,,,,,,,,,,,,,,,,,,,,,,,,,,,,,,,,,,,,,,,,,,,,,,,,,,,,,,,,,,,,,,,,,,,,,,,,,,"[{""stage"":"""",""tkid"":""1052"",""ref"":""1052_早川殿_朝右.png"",""emotion"":0}]"
lord_1_chun_tou,,春桃,春桃,,1075,Chun Tou,clan_japanese_1,neutral_culture,手工设定,0,,,,,,,,,,,,,,,,,,,,,,,,,,,,,,,,,,,,,,,,,,,,,,,,,,,,,,,,,,,,,,,,,,,,,,,,,,,,,,,,,,,,,,,,,,,,,,,,,,,,,,,,,,,,,,,,,,,"[{""stage"":"""",""tkid"":""1075"",""ref"":""1075_春桃_朝正.png"",""emotion"":0}]"
lord_1_shizu,,志津,志津,,1077,Shizu,clan_japanese_1,neutral_culture,手工设定,0,,,,,,,,,,,,,,,,,,,,,,,,,,,,,,,,,,,,,,,,,,,,,,,,,,,,,,,,,,,,,,,,,,,,,,,,,,,,,,,,,,,,,,,,,,,,,,,,,,,,,,,,,,,,,,,,,,,"[{""stage"":"""",""tkid"":""1077"",""ref"":""1077_志津_朝右.png"",""emotion"":0}]"
lord_1_kicho,,歸蝶,归蝶,,1062,Kicho,clan_japanese_1,neutral_culture,手工设定,0,,,,,,,,,,,,,,,,,,,,,,,,,,,,,,,,,,,,,,,,,,,,,,,,,,,,,,,,,,,,,,,,,,,,,,,,,,,,,,,,,,,,,,,,,,,,,,,,,,,,,,,,,,,,,,,,,,,"[{""stage"":"""",""tkid"":""1062"",""ref"":""1062_归蝶_朝右.png"",""emotion"":0}]"
lord_1_anaka,,阿中,阿中,,1048|1187,Anaka,clan_japanese_1,neutral_culture,手工设定,0,,,,,,,,,,,,,,,,,,,,,,,,,,,,,,,,,,,,,,,,,,,,,,,,,,,,,,,,,,,,,,,,,,,,,,,,,,,,,,,,,,,,,,,,,,,,,,,,,,,,,,,,,,,,,,,,,,"[{""stage"":""白"",""tkid"":""1048"",""ref"":"""",""emotion"":1},{""stage"":""贵"",""tkid"":""1187"",""ref"":"""",""emotion"":1}]","[{""stage"":""白"",""tkid"":""1048"",""ref"":""1048_阿中_朝右.png"",""emotion"":1},{""stage"":""贵"",""tkid"":""1187"",""ref"":""1187_阿中_朝右.png"",""emotion"":1}]"
lord_1_ashi,,阿史,阿史,,1082,Ashi,clan_japanese_1,neutral_culture,手工设定,0,,,,,,,,,,,,,,,,,,,,,,,,,,,,,,,,,,,,,,,,,,,,,,,,,,,,,,,,,,,,,,,,,,,,,,,,,,,,,,,,,,,,,,,,,,,,,,,,,,,,,,,,,,,,,,,,,,,"[{""stage"":"""",""tkid"":""1082"",""ref"":""1082_阿史_朝右.png"",""emotion"":0}]"
lord_1_anatsu,,阿夏,阿夏,,1113,Anatsu,clan_japanese_1,neutral_culture,手工设定,0,,,,,,,,,,,,,,,,,,,,,,,,,,,,,,,,,,,,,,,,,,,,,,,,,,,,,,,,,,,,,,,,,,,,,,,,,,,,,,,,,,,,,,,,,,,,,,,,,,,,,,,,,,,,,,,,,,,"[{""stage"":"""",""tkid"":""1113"",""ref"":""1113_农民女、阿夏_朝右.png"",""emotion"":0}]"
lord_1_kinoshita_5,,阿妙,阿妙,,1078,Kinoshita Tae,clan_kinoshita_1,kinai,精确匹配织丰,0,,,,,,,,,,,,,,,,,,,,,,,,,,,,,,,,,,,,,,,,,,,,,,,,,,,,,,,,,,,,,,,,,,,,,,,,,,,,,,,,,,,,,,,,,,,,,,,,,,,,,,,,,,,,,,,,,,,"[{""stage"":"""",""tkid"":""1078"",""ref"":""1078_阿妙_朝右.png"",""emotion"":0}]"
lord_1_azai_1,,阿市,阿市,,1049,Azai Ichi,clan_azai_1,kinai,精确匹配织丰,0,,,,,,,,,,,,,,,,,,,,,,,,,,,,,,,,,,,,,,,,,,,,,,,,,,,,,,,,,,,,,,,,,,,,,,,,,,,,,,,,,,,,,,,,,,,,,,,,,,,,,,,,,,,,,,,,,光荣版经典形象（太阁5）：黑长发披肩，面容白皙清丽，神态温婉沉静；浅樱纹小袖与青绿丝带，端庄娴静的战国第一美人,,"[{""stage"":"""",""tkid"":""1049"",""ref"":""1049_阿市_朝右.png"",""emotion"":0}]"
lord_1_nikaho_5,,阿春,阿春,,1081,Nikaho Haru,clan_nikaho_1,ou,精确匹配织丰,0,,,,,,,,,,,,,,,,,,,,,,,,,,,,,,,,,,,,,,,,,,,,,,,,,,,,,,,,,,,,,,,,,,,,,,,,,,,,,,,,,,,,,,,,,,,,,,,,,,,,,,,,,,,,,,,,,,,"[{""stage"":"""",""tkid"":""1081"",""ref"":""1081_阿春_朝右.png"",""emotion"":0}]"
lord_1_inawashiro_1,,阿松,阿松,,1050,Inawashiro Matsu,clan_inawashiro_1,ou,精确匹配织丰,0,,,,,,,,,,,,,,,,,,,,,,,,,,,,,,,,,,,,,,,,,,,,,,,,,,,,,,,,,,,,,,,,,,,,,,,,,,,,,,,,,,,,,,,,,,,,,,,,,,,,,,,,,,,,,,,,,,,"[{""stage"":"""",""tkid"":""1050"",""ref"":""1050_阿松_朝右.png"",""emotion"":0}]"
lord_1_shichinohe_3,,阿梅,阿梅,,1056,Shichinohe Ume,clan_shichinohe_1,ou,精确匹配织丰,0,,,,,,,,,,,,,,,,,,,,,,,,,,,,,,,,,,,,,,,,,,,,,,,,,,,,,,,,,,,,,,,,,,,,,,,,,,,,,,,,,,,,,,,,,,,,,,,,,,,,,,,,,,,,,,,,,,,"[{""stage"":"""",""tkid"":""1056"",""ref"":""1056_阿梅_朝正.png"",""emotion"":0}]"
lord_1_namioka_1,,阿玉,阿玉,,1061,Namioka Tama,clan_namioka_1,ou,精确匹配织丰,0,,,,,,,,,,,,,,,,,,,,,,,,,,,,,,,,,,,,,,,,,,,,,,,,,,,,,,,,,,,,,,,,,,,,,,,,,,,,,,,,,,,,,,,,,,,,,,,,,,,,,,,,,,,,,,,,,,,"[{""stage"":"""",""tkid"":""1061"",""ref"":""1061_阿玉_朝右.png"",""emotion"":0}]"
lord_1_aya,,阿綾,阿绫,,1125,Aya,clan_japanese_1,neutral_culture,手工设定,0,,,,,,,,,,,,,,,,,,,,,,,,,,,,,,,,,,,,,,,,,,,,,,,,,,,,,,,,,,,,,,,,,,,,,,,,,,,,,,,,,,,,,,,,,,,,,,,,,,,,,,,,,,,,,,,,,,,"[{""stage"":"""",""tkid"":""1125"",""ref"":""1125_奇怪的姑娘、阿绫_朝正.png"",""emotion"":0}]"
lord_1_atsu,,阿通,阿通,,1080,Atsu,clan_japanese_1,neutral_culture,手工设定,0,,,,,,,,,,,,,,,,,,,,,,,,,,,,,,,,,,,,,,,,,,,,,,,,,,,,,,,,,,,,,,,,,,,,,,,,,,,,,,,,,,,,,,,,,,,,,,,,,,,,,,,,,,,,,,,,,,,"[{""stage"":"""",""tkid"":""1080"",""ref"":""1080_阿通_朝右.png"",""emotion"":0}]"
lord_1_chosokabe_4,,阿鈴,阿铃,,1079,Chosokabe Suzu,clan_chosokabe_1,nankai,精确匹配织丰,0,,,,,,,,,,,,,,,,,,,,,,,,,,,,,,,,,,,,,,,,,,,,,,,,,,,,,,,,,,,,,,,,,,,,,,,,,,,,,,,,,,,,,,,,,,,,,,,,,,,,,,,,,,,,,,,,,,,"[{""stage"":"""",""tkid"":""1079"",""ref"":""1079_阿铃_朝右.png"",""emotion"":0}]"
lord_1_miyo,,美代,美代,,1083,Miyo,clan_japanese_1,neutral_culture,手工设定,0,,,,,,,,,,,,,,,,,,,,,,,,,,,,,,,,,,,,,,,,,,,,,,,,,,,,,,,,,,,,,,,,,,,,,,,,,,,,,,,,,,,,,,,,,,,,,,,,,,,,,,,,,,,,,,,,,,,"[{""stage"":"""",""tkid"":""1083"",""ref"":""1083_美代_朝右.png"",""emotion"":0}]"
lord_1_kiku_hime,,菊公主,菊公主,,1051,Kiku Hime,clan_japanese_1,neutral_culture,手工设定,0,,,,,,,,,,,,,,,,,,,,,,,,,,,,,,,,,,,,,,,,,,,,,,,,,,,,,,,,,,,,,,,,,,,,,,,,,,,,,,,,,,,,,,,,,,,,,,,,,,,,,,,,,,,,,,,,,,,"[{""stage"":"""",""tkid"":""1051"",""ref"":""1051_菊姬_朝右.png"",""emotion"":0}]"
lord_1_sato,,里璐,里璐,,1041,Sato,clan_japanese_1,neutral_culture,手工设定,0,,,,,,,,,,,,,,,,,,,,,,,,,,,,,,,,,,,,,,,,,,,,,,,,,,,,,,,,,,,,,,,,,,,,,,,,,,,,,,,,,,,,,,,,,,,,,,,,,,,,,,,,,,,,,,,,,,,"[{""stage"":"""",""tkid"":""1041"",""ref"":""1041_丽璐_朝右.png"",""emotion"":0}]"
lord_1_shiro,,白樫,白枧,,1093,Shiro,clan_japanese_1,neutral_culture,手工设定,0,,,,,,,,,,,,,,,,,,,,,,,,,,,,,,,,,,,,,,,,,,,,,,,,,,,,,,,,,,,,,,,,,,,,,,,,,,,,,,,,,,,,,,,,,,,,,,,,,,,,,,,,,,,,,,,,,,,"[{""stage"":"""",""tkid"":""1093"",""ref"":""1093_白㭴_朝右.png"",""emotion"":0}]"
lord_1_bekki_2,,誾千代,訚千代,,1057,Bekki Ginchiyo,clan_bekki_1,saikai,精确匹配织丰,0,,,,,,,,,,,,,,,,,,,,,,,,,,,,,,,,,,,,,,,,,,,,,,,,,,,,,,,,,,,,,,,,,,,,,,,,,,,,,,,,,,,,,,,,,,,,,,,,,,,,,,,,,,,,,,,,,光荣版经典形象（太阁5）：额束白色钵卷，棕发束髻，着青绿挂甲，眉目英气坚定、神情飒爽，巾帼风姿,,"[{""stage"":"""",""tkid"":""1057"",""ref"":""1057_訚千代_朝右.png"",""emotion"":0}]"
lord_1_toku_hime,,德公主,德公主,,1064,Toku Hime,clan_japanese_1,neutral_culture,手工设定,0,,,,,,,,,,,,,,,,,,,,,,,,,,,,,,,,,,,,,,,,,,,,,,,,,,,,,,,,,,,,,,,,,,,,,,,,,,,,,,,,,,,,,,,,,,,,,,,,,,,,,,,,,,,,,,,,,,,"[{""stage"":"""",""tkid"":""1064"",""ref"":""1064_德姬_朝右.png"",""emotion"":0}]"
lord_1_rei,,嶺,岭,,1090,Rei,clan_japanese_1,neutral_culture,手工设定,0,,,,,,,,,,,,,,,,,,,,,,,,,,,,,,,,,,,,,,,,,,,,,,,,,,,,,,,,,,,,,,,,,,,,,,,,,,,,,,,,,,,,,,,,,,,,,,,,,,,,,,,,,,,,,,,,,,,"[{""stage"":"""",""tkid"":""1090"",""ref"":""1090_岭_朝右.png"",""emotion"":0}]"
lord_1_yodogimi,,淀夫人,淀夫人,,1046,Yodogimi,clan_japanese_1,neutral_culture,手工设定,0,,,,,,,,,,,,,,,,,,,,,,,,,,,,,,,,,,,,,,,,,,,,,,,,,,,,,,,,,,,,,,,,,,,,,,,,,,,,,,,,,,,,,,,,,,,,,,,,,,,,,,,,,,,,,,,,,,,"[{""stage"":"""",""tkid"":""1046"",""ref"":""1046_淀殿_朝右.png"",""emotion"":0}]"
lord_1_sena_fuji,,瀬名,濑名,,1063,Sena Fuji,clan_japanese_1,neutral_culture,手工设定,0,,,,,,,,,,,,,,,,,,,,,,,,,,,,,,,,,,,,,,,,,,,,,,,,,,,,,,,,,,,,,,,,,,,,,,,,,,,,,,,,,,,,,,,,,,,,,,,,,,,,,,,,,,,,,,,,,,,"[{""stage"":"""",""tkid"":""1063"",""ref"":""1063_濑名_朝右.png"",""emotion"":0}]"
lord_1_oniniwa_3,,相模,相模,,1053,Oniniwa Sagami,clan_oniniwa_1,ou,精确匹配织丰,0,,,,,,,,,,,,,,,,,,,,,,,,,,,,,,,,,,,,,,,,,,,,,,,,,,,,,,,,,,,,,,,,,,,,,,,,,,,,,,,,,,,,,,,,,,,,,,,,,,,,,,,,,,,,,,,,,,,"[{""stage"":"""",""tkid"":""1053"",""ref"":""1053_相模_朝右.png"",""emotion"":0}]"
lord_1_maria,,マリア,李华梅,,1290,Maria,clan_japanese_1,neutral_culture,手工设定,0,,,,,,,,,,,,,,,,,,,,,,,,,,,,,,,,,,,,,,,,,,,,,,,,,,,,,,,,,,,,,,,,,,,,,,,,,,,,,,,,,,,,,,,,,,,,,,,,,,,,,,,,,,,,,,,,,,,"[{""stage"":"""",""tkid"":""1290"",""ref"":""1290_李华梅_朝右.png"",""emotion"":0}]"
lord_1_hairedin,,ハイレディン,海雷丁,,1288,HaireDin,clan_japanese_1,neutral_culture,手工设定,1,,,,,,,,,,,,,,,,,,,,,,,,,,,,,,,,,,,,,,,,,,,,,,,,,,,,,,,,,,,,,,,,,,,,,,,,,,,,,,,,,,,,,,,,,,,,,,,,,,,,,,,,,,,,,,,,,,,"[{""stage"":"""",""tkid"":""1288"",""ref"":""1288_海雷丁_朝右.png"",""emotion"":0}]"
lord_tk5_1030,,长谷川宗仁,长谷川宗仁,,1030,,,,,男,,,,,,,,,,,,,,,,,,,,,,,,,,,,,,,,,,,,,,,,,,,,,,,,,,,,,,,,,,,,,,,,,,,,,,,,,,,,,,,,,,,,,,,,,,,,,,,,,,,,,,,,,,,,,,,,,,"[{""stage"":"""",""tkid"":""1030"",""ref"":""1030_长谷川宗仁_朝右.png"",""emotion"":0}]","[{""stage"":"""",""tkid"":""1030"",""ref"":""1030_长谷川宗仁_朝右.png"",""emotion"":0}]"
lord_tk5_1034,,朝山日乘,朝山日乘,,1034,,,,,男,,,,,,,,,,,,,,,,,,,,,,,,,,,,,,,,,,,,,,,,,,,,,,,,,,,,,,,,,,,,,,,,,,,,,,,,,,,,,,,,,,,,,,,,,,,,,,,,,,,,,,,,,,,,,,,,,,"[{""stage"":"""",""tkid"":""1034"",""ref"":""1034_朝山日乘_朝右.png"",""emotion"":0}]","[{""stage"":"""",""tkid"":""1034"",""ref"":""1034_朝山日乘_朝右.png"",""emotion"":0}]"
lord_tk5_1035,,快川绍喜,快川绍喜,,1035,,,,,男,,,,,,,,,,,,,,,,,,,,,,,,,,,,,,,,,,,,,,,,,,,,,,,,,,,,,,,,,,,,,,,,,,,,,,,,,,,,,,,,,,,,,,,,,,,,,,,,,,,,,,,,,,,,,,,,,,"[{""stage"":"""",""tkid"":""1035"",""ref"":""1035_快川绍喜_朝右.png"",""emotion"":0}]","[{""stage"":"""",""tkid"":""1035"",""ref"":""1035_快川绍喜_朝右.png"",""emotion"":0}]"
lord_tk5_1036,,多闻院英俊,多闻院英俊,,1036,,,,,男,,,,,,,,,,,,,,,,,,,,,,,,,,,,,,,,,,,,,,,,,,,,,,,,,,,,,,,,,,,,,,,,,,,,,,,,,,,,,,,,,,,,,,,,,,,,,,,,,,,,,,,,,,,,,,,,,,"[{""stage"":"""",""tkid"":""1036"",""ref"":""1036_多闻院英俊_朝右.png"",""emotion"":0}]","[{""stage"":"""",""tkid"":""1036"",""ref"":""1036_多闻院英俊_朝右.png"",""emotion"":0}]"
lord_tk5_1045,,三法师,三法师,,1045,,,,,男,,,,,,,,,,,,,,,,,,,,,,,,,,,,,,,,,,,,,,,,,,,,,,,,,,,,,,,,,,,,,,,,,,,,,,,,,,,,,,,,,,,,,,,,,,,,,,,,,,,,,,,,,,,,,,,,,,"[{""stage"":"""",""tkid"":""1045"",""ref"":""1045_三法师_朝右.png"",""emotion"":0}]","[{""stage"":"""",""tkid"":""1045"",""ref"":""1045_三法师_朝右.png"",""emotion"":0}]"
lord_tk5_1054,,阿福,阿福,,1054,,,,,男,,,,,,,,,,,,,,,,,,,,,,,,,,,,,,,,,,,,,,,,,,,,,,,,,,,,,,,,,,,,,,,,,,,,,,,,,,,,,,,,,,,,,,,,,,,,,,,,,,,,,,,,,,,,,,,,,,"[{""stage"":"""",""tkid"":""1054"",""ref"":""1054_阿福_朝正.png"",""emotion"":0}]","[{""stage"":"""",""tkid"":""1054"",""ref"":""1054_阿福_朝正.png"",""emotion"":0}]"
lord_tk5_1055,,冬姬,冬姬,,1055,,,,,男,,,,,,,,,,,,,,,,,,,,,,,,,,,,,,,,,,,,,,,,,,,,,,,,,,,,,,,,,,,,,,,,,,,,,,,,,,,,,,,,,,,,,,,,,,,,,,,,,,,,,,,,,,,,,,,,,,"[{""stage"":"""",""tkid"":""1055"",""ref"":""1055_冬姬_朝右.png"",""emotion"":0}]","[{""stage"":"""",""tkid"":""1055"",""ref"":""1055_冬姬_朝右.png"",""emotion"":0}]"
lord_tk5_1058,,爱姬,爱姬,,1058,,,,,男,,,,,,,,,,,,,,,,,,,,,,,,,,,,,,,,,,,,,,,,,,,,,,,,,,,,,,,,,,,,,,,,,,,,,,,,,,,,,,,,,,,,,,,,,,,,,,,,,,,,,,,,,,,,,,,,,,"[{""stage"":"""",""tkid"":""1058"",""ref"":""1058_爱姬_朝右.png"",""emotion"":0}]","[{""stage"":"""",""tkid"":""1058"",""ref"":""1058_爱姬_朝右.png"",""emotion"":0}]"
lord_tk5_1059,,义姬,义姬,,1059,,,,,男,,,,,,,,,,,,,,,,,,,,,,,,,,,,,,,,,,,,,,,,,,,,,,,,,,,,,,,,,,,,,,,,,,,,,,,,,,,,,,,,,,,,,,,,,,,,,,,,,,,,,,,,,,,,,,,,,,"[{""stage"":"""",""tkid"":""1059"",""ref"":""1059_义姬_朝右.png"",""emotion"":0}]","[{""stage"":"""",""tkid"":""1059"",""ref"":""1059_义姬_朝右.png"",""emotion"":0}]"
lord_tk5_1060,,豪姬,豪姬,,1060,,,,,男,,,,,,,,,,,,,,,,,,,,,,,,,,,,,,,,,,,,,,,,,,,,,,,,,,,,,,,,,,,,,,,,,,,,,,,,,,,,,,,,,,,,,,,,,,,,,,,,,,,,,,,,,,,,,,,,,,"[{""stage"":"""",""tkid"":""1060"",""ref"":""1060_豪姬_朝正.png"",""emotion"":0}]","[{""stage"":"""",""tkid"":""1060"",""ref"":""1060_豪姬_朝正.png"",""emotion"":0}]"
lord_tk5_1067,,安岐,安岐,,1067,,,,,男,,,,,,,,,,,,,,,,,,,,,,,,,,,,,,,,,,,,,,,,,,,,,,,,,,,,,,,,,,,,,,,,,,,,,,,,,,,,,,,,,,,,,,,,,,,,,,,,,,,,,,,,,,,,,,,,,,"[{""stage"":"""",""tkid"":""1067"",""ref"":""1067_安岐_朝正.png"",""emotion"":0}]","[{""stage"":"""",""tkid"":""1067"",""ref"":""1067_安岐_朝正.png"",""emotion"":0}]"
lord_tk5_1068,,三条,三条,,1068,,,,,男,,,,,,,,,,,,,,,,,,,,,,,,,,,,,,,,,,,,,,,,,,,,,,,,,,,,,,,,,,,,,,,,,,,,,,,,,,,,,,,,,,,,,,,,,,,,,,,,,,,,,,,,,,,,,,,,,,"[{""stage"":"""",""tkid"":""1068"",""ref"":""1068_三条_朝右.png"",""emotion"":0}]","[{""stage"":"""",""tkid"":""1068"",""ref"":""1068_三条_朝右.png"",""emotion"":0}]"
lord_tk5_1069,,初姬,初姬,,1069,,,,,男,,,,,,,,,,,,,,,,,,,,,,,,,,,,,,,,,,,,,,,,,,,,,,,,,,,,,,,,,,,,,,,,,,,,,,,,,,,,,,,,,,,,,,,,,,,,,,,,,,,,,,,,,,,,,,,,,,"[{""stage"":"""",""tkid"":""1069"",""ref"":""1069_初姬_朝正.png"",""emotion"":0}]","[{""stage"":"""",""tkid"":""1069"",""ref"":""1069_初姬_朝正.png"",""emotion"":0}]"
lord_tk5_1070,,小督,小督,,1070,,,,,男,,,,,,,,,,,,,,,,,,,,,,,,,,,,,,,,,,,,,,,,,,,,,,,,,,,,,,,,,,,,,,,,,,,,,,,,,,,,,,,,,,,,,,,,,,,,,,,,,,,,,,,,,,,,,,,,,,"[{""stage"":"""",""tkid"":""1070"",""ref"":""1070_小督_朝右.png"",""emotion"":0}]","[{""stage"":"""",""tkid"":""1070"",""ref"":""1070_小督_朝右.png"",""emotion"":0}]"
lord_tk5_1071,,彦鹤,彦鹤,,1071,,,,,男,,,,,,,,,,,,,,,,,,,,,,,,,,,,,,,,,,,,,,,,,,,,,,,,,,,,,,,,,,,,,,,,,,,,,,,,,,,,,,,,,,,,,,,,,,,,,,,,,,,,,,,,,,,,,,,,,,"[{""stage"":"""",""tkid"":""1071"",""ref"":""1071_彦鹤_朝右.png"",""emotion"":0}]","[{""stage"":"""",""tkid"":""1071"",""ref"":""1071_彦鹤_朝右.png"",""emotion"":0}]"
lord_tk5_1072,,永姬,永姬,,1072,,,,,男,,,,,,,,,,,,,,,,,,,,,,,,,,,,,,,,,,,,,,,,,,,,,,,,,,,,,,,,,,,,,,,,,,,,,,,,,,,,,,,,,,,,,,,,,,,,,,,,,,,,,,,,,,,,,,,,,,"[{""stage"":"""",""tkid"":""1072"",""ref"":""1072_永姬_朝右.png"",""emotion"":0}]","[{""stage"":"""",""tkid"":""1072"",""ref"":""1072_永姬_朝右.png"",""emotion"":0}]"
lord_tk5_1073,,熙子,熙子,,1073,,,,,男,,,,,,,,,,,,,,,,,,,,,,,,,,,,,,,,,,,,,,,,,,,,,,,,,,,,,,,,,,,,,,,,,,,,,,,,,,,,,,,,,,,,,,,,,,,,,,,,,,,,,,,,,,,,,,,,,,"[{""stage"":"""",""tkid"":""1073"",""ref"":""1073_熙子_朝右.png"",""emotion"":0}]","[{""stage"":"""",""tkid"":""1073"",""ref"":""1073_熙子_朝右.png"",""emotion"":0}]"
lord_tk5_1074,,幸圆,幸圆,,1074,,,,,男,,,,,,,,,,,,,,,,,,,,,,,,,,,,,,,,,,,,,,,,,,,,,,,,,,,,,,,,,,,,,,,,,,,,,,,,,,,,,,,,,,,,,,,,,,,,,,,,,,,,,,,,,,,,,,,,,,"[{""stage"":"""",""tkid"":""1074"",""ref"":""1074_幸圆_朝右.png"",""emotion"":0}]","[{""stage"":"""",""tkid"":""1074"",""ref"":""1074_幸圆_朝右.png"",""emotion"":0}]"
lord_tk5_1086,,南光坊天海,南光坊天海,,1086,,,,,男,,,,,,,,,,,,,,,,,,,,,,,,,,,,,,,,,,,,,,,,,,,,,,,,,,,,,,,,,,,,,,,,,,,,,,,,,,,,,,,,,,,,,,,,,,,,,,,,,,,,,,,,,,,,,,,,,,"[{""stage"":"""",""tkid"":""1086"",""ref"":""1086_南光坊天海_朝右.png"",""emotion"":0}]","[{""stage"":"""",""tkid"":""1086"",""ref"":""1086_南光坊天海_朝右.png"",""emotion"":0}]"
lord_tk5_1089,,海北友松,海北友松,,1089,,,,,男,,,,,,,,,,,,,,,,,,,,,,,,,,,,,,,,,,,,,,,,,,,,,,,,,,,,,,,,,,,,,,,,,,,,,,,,,,,,,,,,,,,,,,,,,,,,,,,,,,,,,,,,,,,,,,,,,,"[{""stage"":"""",""tkid"":""1089"",""ref"":""1089_海北友松_朝右.png"",""emotion"":0}]","[{""stage"":"""",""tkid"":""1089"",""ref"":""1089_海北友松_朝右.png"",""emotion"":0}]"
lord_tk5_1091,,千岁,千岁,,1091,,,,,男,,,,,,,,,,,,,,,,,,,,,,,,,,,,,,,,,,,,,,,,,,,,,,,,,,,,,,,,,,,,,,,,,,,,,,,,,,,,,,,,,,,,,,,,,,,,,,,,,,,,,,,,,,,,,,,,,,"[{""stage"":"""",""tkid"":""1091"",""ref"":""1091_千岁_朝正.png"",""emotion"":0}]","[{""stage"":"""",""tkid"":""1091"",""ref"":""1091_千岁_朝正.png"",""emotion"":0}]"
lord_tk5_1092,,蝴蝶,蝴蝶,,1092,,,,,男,,,,,,,,,,,,,,,,,,,,,,,,,,,,,,,,,,,,,,,,,,,,,,,,,,,,,,,,,,,,,,,,,,,,,,,,,,,,,,,,,,,,,,,,,,,,,,,,,,,,,,,,,,,,,,,,,,"[{""stage"":"""",""tkid"":""1092"",""ref"":""1092_蝴蝶_朝正.png"",""emotion"":0}]","[{""stage"":"""",""tkid"":""1092"",""ref"":""1092_蝴蝶_朝正.png"",""emotion"":0}]"
lord_tk5_1094,,新庄,新庄,,1094,,,,,男,,,,,,,,,,,,,,,,,,,,,,,,,,,,,,,,,,,,,,,,,,,,,,,,,,,,,,,,,,,,,,,,,,,,,,,,,,,,,,,,,,,,,,,,,,,,,,,,,,,,,,,,,,,,,,,,,,"[{""stage"":"""",""tkid"":""1094"",""ref"":""1094_新庄_朝右.png"",""emotion"":0}]","[{""stage"":"""",""tkid"":""1094"",""ref"":""1094_新庄_朝右.png"",""emotion"":0}]"
lord_tk5_1095,,山手,山手,,1095,,,,,男,,,,,,,,,,,,,,,,,,,,,,,,,,,,,,,,,,,,,,,,,,,,,,,,,,,,,,,,,,,,,,,,,,,,,,,,,,,,,,,,,,,,,,,,,,,,,,,,,,,,,,,,,,,,,,,,,,"[{""stage"":"""",""tkid"":""1095"",""ref"":""1095_山手_朝右.png"",""emotion"":0}]","[{""stage"":"""",""tkid"":""1095"",""ref"":""1095_山手_朝右.png"",""emotion"":0}]"
lord_tk5_1096,,照姬,照姬,,1096,,,,,男,,,,,,,,,,,,,,,,,,,,,,,,,,,,,,,,,,,,,,,,,,,,,,,,,,,,,,,,,,,,,,,,,,,,,,,,,,,,,,,,,,,,,,,,,,,,,,,,,,,,,,,,,,,,,,,,,,"[{""stage"":"""",""tkid"":""1096"",""ref"":""1096_照姬_朝右.png"",""emotion"":0}]","[{""stage"":"""",""tkid"":""1096"",""ref"":""1096_照姬_朝右.png"",""emotion"":0}]"
lord_tk5_1098,,九郎判官义经,九郎判官义经,,1098,,,,,男,,,,,,,,,,,,,,,,,,,,,,,,,,,,,,,,,,,,,,,,,,,,,,,,,,,,,,,,,,,,,,,,,,,,,,,,,,,,,,,,,,,,,,,,,,,,,,,,,,,,,,,,,,,,,,,,,,"[{""stage"":"""",""tkid"":""1098"",""ref"":""1098_九郎判官义经_朝正.png"",""emotion"":0}]","[{""stage"":"""",""tkid"":""1098"",""ref"":""1098_九郎判官义经_朝正.png"",""emotion"":0}]"
lord_tk5_1099,,相马小次郎将门,相马小次郎将门,,1099,,,,,男,,,,,,,,,,,,,,,,,,,,,,,,,,,,,,,,,,,,,,,,,,,,,,,,,,,,,,,,,,,,,,,,,,,,,,,,,,,,,,,,,,,,,,,,,,,,,,,,,,,,,,,,,,,,,,,,,,"[{""stage"":"""",""tkid"":""1099"",""ref"":""1099_相马小次郎将门_朝右.png"",""emotion"":0}]","[{""stage"":"""",""tkid"":""1099"",""ref"":""1099_相马小次郎将门_朝右.png"",""emotion"":0}]"
lord_tk5_1100,,由纪,由纪,,1100,,,,,男,,,,,,,,,,,,,,,,,,,,,,,,,,,,,,,,,,,,,,,,,,,,,,,,,,,,,,,,,,,,,,,,,,,,,,,,,,,,,,,,,,,,,,,,,,,,,,,,,,,,,,,,,,,,,,,,,,"[{""stage"":"""",""tkid"":""1100"",""ref"":""1100_由纪_朝右.png"",""emotion"":0}]","[{""stage"":"""",""tkid"":""1100"",""ref"":""1100_由纪_朝右.png"",""emotion"":0}]"
lord_tk5_1101,,小琴,小琴,,1101,,,,,男,,,,,,,,,,,,,,,,,,,,,,,,,,,,,,,,,,,,,,,,,,,,,,,,,,,,,,,,,,,,,,,,,,,,,,,,,,,,,,,,,,,,,,,,,,,,,,,,,,,,,,,,,,,,,,,,,,"[{""stage"":"""",""tkid"":""1101"",""ref"":""1101_小琴_朝右.png"",""emotion"":0}]","[{""stage"":"""",""tkid"":""1101"",""ref"":""1101_小琴_朝右.png"",""emotion"":0}]"
lord_tk5_1102,,阿仲,阿仲,,1102,,,,,男,,,,,,,,,,,,,,,,,,,,,,,,,,,,,,,,,,,,,,,,,,,,,,,,,,,,,,,,,,,,,,,,,,,,,,,,,,,,,,,,,,,,,,,,,,,,,,,,,,,,,,,,,,,,,,,,,,"[{""stage"":"""",""tkid"":""1102"",""ref"":""1102_阿仲_朝右.png"",""emotion"":0}]","[{""stage"":"""",""tkid"":""1102"",""ref"":""1102_阿仲_朝右.png"",""emotion"":0}]"
lord_tk5_1103,,吾作,吾作,,1103,,,,,男,,,,,,,,,,,,,,,,,,,,,,,,,,,,,,,,,,,,,,,,,,,,,,,,,,,,,,,,,,,,,,,,,,,,,,,,,,,,,,,,,,,,,,,,,,,,,,,,,,,,,,,,,,,,,,,,,,"[{""stage"":"""",""tkid"":""1103"",""ref"":""1103_吾作_朝右.png"",""emotion"":0}]","[{""stage"":"""",""tkid"":""1103"",""ref"":""1103_吾作_朝右.png"",""emotion"":0}]"
lord_tk5_1106,,竹千代,竹千代,,1106,,,,,男,,,,,,,,,,,,,,,,,,,,,,,,,,,,,,,,,,,,,,,,,,,,,,,,,,,,,,,,,,,,,,,,,,,,,,,,,,,,,,,,,,,,,,,,,,,,,,,,,,,,,,,,,,,,,,,,,,"[{""stage"":"""",""tkid"":""1106"",""ref"":""1106_竹千代_朝右.png"",""emotion"":0}]","[{""stage"":"""",""tkid"":""1106"",""ref"":""1106_竹千代_朝右.png"",""emotion"":0}]"
lord_tk5_1146,,老奶奶,老奶奶,,1146,,,,,男,,,,,,,,,,,,,,,,,,,,,,,,,,,,,,,,,,,,,,,,,,,,,,,,,,,,,,,,,,,,,,,,,,,,,,,,,,,,,,,,,,,,,,,,,,,,,,,,,,,,,,,,,,,,,,,,,,"[{""stage"":"""",""tkid"":""1146"",""ref"":""1146_老奶奶_朝右.png"",""emotion"":0}]","[{""stage"":"""",""tkid"":""1146"",""ref"":""1146_老奶奶_朝右.png"",""emotion"":0}]"
lord_tk5_1289,,佐伯杏太郎,佐伯杏太郎,,1289,,,,,男,,,,,,,,,,,,,,,,,,,,,,,,,,,,,,,,,,,,,,,,,,,,,,,,,,,,,,,,,,,,,,,,,,,,,,,,,,,,,,,,,,,,,,,,,,,,,,,,,,,,,,,,,,,,,,,,,,"[{""stage"":"""",""tkid"":""1289"",""ref"":""1289_佐伯杏太郎_朝正.png"",""emotion"":0}]","[{""stage"":"""",""tkid"":""1289"",""ref"":""1289_佐伯杏太郎_朝正.png"",""emotion"":0}]"
lord_tk5_1291,,蒂雅,蒂雅,,1291,,,,,男,,,,,,,,,,,,,,,,,,,,,,,,,,,,,,,,,,,,,,,,,,,,,,,,,,,,,,,,,,,,,,,,,,,,,,,,,,,,,,,,,,,,,,,,,,,,,,,,,,,,,,,,,,,,,,,,,,"[{""stage"":"""",""tkid"":""1291"",""ref"":""1291_蒂雅_朝右.png"",""emotion"":0}]","[{""stage"":"""",""tkid"":""1291"",""ref"":""1291_蒂雅_朝右.png"",""emotion"":0}]"
template_ninja_male_01,1,忍者,忍者,,860|861|862|863|864|865|866|867|868|869|870|871|872|873|874|875|876|877|878|879|880|881|882|883|884|885|886|887|888|889|890|891|892|893|894|895|896|897|898|899|900|901|902|903|904|905|906|907|908|909|910|911|912|1120|1150,Ninja,clan_japanese_1,neutral_culture,手工设定,1,,,,,,,,,,,,,,,,,,,,,,,,,,,,,,,,,,,,,,,,,,,,,,,,,,,,,,,,,,,,,,,,,,,,,,,,,,,,,,,,,,,,,,,,,,,,,,,,,,,,,,,,,,,,,,,,,,,"[{""stage"":"""",""tkid"":""886"",""ref"":""886_无卡忍者_朝右.png"",""emotion"":0},{""stage"":""青年"",""tkid"":""860"",""ref"":""860_无卡忍者_朝正.png"",""emotion"":0},{""stage"":""壮年"",""tkid"":""887"",""ref"":""887_无卡忍者_朝右.png"",""emotion"":0},{""stage"":""老年"",""tkid"":""912"",""ref"":""912_无卡忍者_朝右.png"",""emotion"":0}]"
template_jounin_01,1,上忍,上忍,,886,,,,,男,,,,,,,,,,,,,,,,,,,,,,,,,,,,,,,,,,,,,,,,,,,,,,,,,,,,,,,,,,,,,,,,,,,,,,,,,,,,,,,,,,,,,,,,,,,,,,,,,,,,,,,,,,,,,,,,,,"[{""stage"":"""",""tkid"":""886"",""ref"":""886_无卡忍者_朝右.png"",""emotion"":0}]","[{""stage"":"""",""tkid"":""886"",""ref"":""886_无卡忍者_朝右.png"",""emotion"":0}]"
template_chunin_01,1,中忍,中忍,,886,,,,,男,,,,,,,,,,,,,,,,,,,,,,,,,,,,,,,,,,,,,,,,,,,,,,,,,,,,,,,,,,,,,,,,,,,,,,,,,,,,,,,,,,,,,,,,,,,,,,,,,,,,,,,,,,,,,,,,,,"[{""stage"":"""",""tkid"":""886"",""ref"":""886_无卡忍者_朝右.png"",""emotion"":0}]","[{""stage"":"""",""tkid"":""886"",""ref"":""886_无卡忍者_朝右.png"",""emotion"":0}]"
template_genin_01,1,下忍,下忍,,886,,,,,男,,,,,,,,,,,,,,,,,,,,,,,,,,,,,,,,,,,,,,,,,,,,,,,,,,,,,,,,,,,,,,,,,,,,,,,,,,,,,,,,,,,,,,,,,,,,,,,,,,,,,,,,,,,,,,,,,,"[{""stage"":"""",""tkid"":""886"",""ref"":""886_无卡忍者_朝右.png"",""emotion"":0}]","[{""stage"":"""",""tkid"":""886"",""ref"":""886_无卡忍者_朝右.png"",""emotion"":0}]"
template_kunoichi_01,1,女忍者,女忍者,,1126,Onna Shinobi,clan_japanese_1,neutral_culture,手工设定,0,,,,,,,,,,,,,,,,,,,,,,,,,,,,,,,,,,,,,,,,,,,,,,,,,,,,,,,,,,,,,,,,,,,,,,,,,,,,,,,,,,,,,,,,,,,,,,,,,,,,,,,,,,,,,,,,,,,"[{""stage"":"""",""tkid"":""1126"",""ref"":""1126_女忍者_朝右.png"",""emotion"":0}]"
template_shougun_01,1,備大將,备大将,,1121|1149,Shougun,clan_japanese_1,neutral_culture,手工设定,1,,,,,,,,,,,,,,,,,,,,,,,,,,,,,,,,,,,,,,,,,,,,,,,,,,,,,,,,,,,,,,,,,,,,,,,,,,,,,,,,,,,,,,,,,,,,,,,,,,,,,,,,,,,,,,,,,,,"[{""stage"":"""",""tkid"":""1121"",""ref"":""1121_备大将_朝右.png"",""emotion"":0}]"
template_ashigaru_01,1,足輕,足轻,,1121,AshigaruSoldier,clan_japanese_1,neutral_culture,手工设定,1,,,,,,,,,,,,,,,,,,,,,,,,,,,,,,,,,,,,,,,,,,,,,,,,,,,,,,,,,,,,,,,,,,,,,,,,,,,,,,,,,,,,,,,,,,,,,,,,,,,,,,,,,,,,,,,,,,,"[{""stage"":"""",""tkid"":""1121"",""ref"":""1121_备大将_朝右.png"",""emotion"":0}]"
template_ashigaru_daisho_01,1,足轻大将,足轻大将,,1121,,,,,男,,,,,,,,,,,,,,,,,,,,,,,,,,,,,,,,,,,,,,,,,,,,,,,,,,,,,,,,,,,,,,,,,,,,,,,,,,,,,,,,,,,,,,,,,,,,,,,,,,,,,,,,,,,,,,,,,,"[{""stage"":"""",""tkid"":""1121"",""ref"":""1121_备大将_朝右.png"",""emotion"":0}]","[{""stage"":"""",""tkid"":""1121"",""ref"":""1121_备大将_朝右.png"",""emotion"":0}]"
template_ashigaru_kumi_01,1,足轻组头,足轻组头,,1121,,,,,男,,,,,,,,,,,,,,,,,,,,,,,,,,,,,,,,,,,,,,,,,,,,,,,,,,,,,,,,,,,,,,,,,,,,,,,,,,,,,,,,,,,,,,,,,,,,,,,,,,,,,,,,,,,,,,,,,,"[{""stage"":"""",""tkid"":""1121"",""ref"":""1121_备大将_朝右.png"",""emotion"":0}]","[{""stage"":"""",""tkid"":""1121"",""ref"":""1121_备大将_朝右.png"",""emotion"":0}]"
template_toudou_01,1,当家,当家,,1121,,,,,男,,,,,,,,,,,,,,,,,,,,,,,,,,,,,,,,,,,,,,,,,,,,,,,,,,,,,,,,,,,,,,,,,,,,,,,,,,,,,,,,,,,,,,,,,,,,,,,,,,,,,,,,,,,,,,,,,,"[{""stage"":"""",""tkid"":""1121"",""ref"":""1121_备大将_朝右.png"",""emotion"":0}]","[{""stage"":"""",""tkid"":""1121"",""ref"":""1121_备大将_朝右.png"",""emotion"":0}]"
template_karou_01,1,家老,家老,,1121,,,,,男,,,,,,,,,,,,,,,,,,,,,,,,,,,,,,,,,,,,,,,,,,,,,,,,,,,,,,,,,,,,,,,,,,,,,,,,,,,,,,,,,,,,,,,,,,,,,,,,,,,,,,,,,,,,,,,,,,"[{""stage"":"""",""tkid"":""1121"",""ref"":""1121_备大将_朝右.png"",""emotion"":0}]","[{""stage"":"""",""tkid"":""1121"",""ref"":""1121_备大将_朝右.png"",""emotion"":0}]"
template_bushou_01,1,部将,部将,,1121,,,,,男,,,,,,,,,,,,,,,,,,,,,,,,,,,,,,,,,,,,,,,,,,,,,,,,,,,,,,,,,,,,,,,,,,,,,,,,,,,,,,,,,,,,,,,,,,,,,,,,,,,,,,,,,,,,,,,,,,"[{""stage"":"""",""tkid"":""1121"",""ref"":""1121_备大将_朝右.png"",""emotion"":0}]","[{""stage"":"""",""tkid"":""1121"",""ref"":""1121_备大将_朝右.png"",""emotion"":0}]"
template_samurai_taisho_01,1,侍大将,侍大将,,1121,,,,,男,,,,,,,,,,,,,,,,,,,,,,,,,,,,,,,,,,,,,,,,,,,,,,,,,,,,,,,,,,,,,,,,,,,,,,,,,,,,,,,,,,,,,,,,,,,,,,,,,,,,,,,,,,,,,,,,,,"[{""stage"":"""",""tkid"":""1121"",""ref"":""1121_备大将_朝右.png"",""emotion"":0}]","[{""stage"":"""",""tkid"":""1121"",""ref"":""1121_备大将_朝右.png"",""emotion"":0}]"
template_hogo_01,1,保鏢,保镖,,1129,Hogo,clan_japanese_1,neutral_culture,手工设定,1,,,,,,,,,,,,,,,,,,,,,,,,,,,,,,,,,,,,,,,,,,,,,,,,,,,,,,,,,,,,,,,,,,,,,,,,,,,,,,,,,,,,,,,,,,,,,,,,,,,,,,,,,,,,,,,,,,,"[{""stage"":"""",""tkid"":""1129"",""ref"":""1129_保镖_朝右.png"",""emotion"":0}]"
template_monban_01,1,門衛,门卫,,1107,Monban,clan_japanese_1,neutral_culture,手工设定,1,,,,,,,,,,,,,,,,,,,,,,,,,,,,,,,,,,,,,,,,,,,,,,,,,,,,,,,,,,,,,,,,,,,,,,,,,,,,,,,,,,,,,,,,,,,,,,,,,,,,,,,,,,,,,,,,,,,"[{""stage"":"""",""tkid"":""1107"",""ref"":""1107_门卫_朝右.png"",""emotion"":0}]"
template_koushin_kashin_01,1,功勳家臣,功勋家臣,,1121,KoushinMinister,clan_japanese_1,neutral_culture,手工设定,1,,,,,,,,,,,,,,,,,,,,,,,,,,,,,,,,,,,,,,,,,,,,,,,,,,,,,,,,,,,,,,,,,,,,,,,,,,,,,,,,,,,,,,,,,,,,,,,,,,,,,,,,,,,,,,,,,,,"[{""stage"":"""",""tkid"":""1121"",""ref"":""1121_备大将_朝右.png"",""emotion"":0}]"
template_koushin_baishin_01,1,功勳陪臣,功勋陪臣,,1121,KoushinVassal,clan_japanese_1,neutral_culture,手工设定,1,,,,,,,,,,,,,,,,,,,,,,,,,,,,,,,,,,,,,,,,,,,,,,,,,,,,,,,,,,,,,,,,,,,,,,,,,,,,,,,,,,,,,,,,,,,,,,,,,,,,,,,,,,,,,,,,,,,"[{""stage"":"""",""tkid"":""1121"",""ref"":""1121_备大将_朝右.png"",""emotion"":0}]"
template_buryoku_kashin_01,1,武力家臣,武力家臣,,1121,Buryoku Kashin,clan_japanese_1,neutral_culture,手工设定,1,,,,,,,,,,,,,,,,,,,,,,,,,,,,,,,,,,,,,,,,,,,,,,,,,,,,,,,,,,,,,,,,,,,,,,,,,,,,,,,,,,,,,,,,,,,,,,,,,,,,,,,,,,,,,,,,,,,"[{""stage"":"""",""tkid"":""1121"",""ref"":""1121_备大将_朝右.png"",""emotion"":0}]"
template_buryoku_baishin_01,1,武力陪臣,武力陪臣,,1121,Buryoku Baishin,clan_japanese_1,neutral_culture,手工设定,1,,,,,,,,,,,,,,,,,,,,,,,,,,,,,,,,,,,,,,,,,,,,,,,,,,,,,,,,,,,,,,,,,,,,,,,,,,,,,,,,,,,,,,,,,,,,,,,,,,,,,,,,,,,,,,,,,,,"[{""stage"":"""",""tkid"":""1121"",""ref"":""1121_备大将_朝右.png"",""emotion"":0}]"
template_gaikou_kashin_01,1,外交家臣,外交家臣,,1121,Gaikou Kashin,clan_japanese_1,neutral_culture,手工设定,1,,,,,,,,,,,,,,,,,,,,,,,,,,,,,,,,,,,,,,,,,,,,,,,,,,,,,,,,,,,,,,,,,,,,,,,,,,,,,,,,,,,,,,,,,,,,,,,,,,,,,,,,,,,,,,,,,,,"[{""stage"":"""",""tkid"":""1121"",""ref"":""1121_备大将_朝右.png"",""emotion"":0}]"
template_gaikou_baishin_01,1,外交陪臣,外交陪臣,,1121,Gaikou Baishin,clan_japanese_1,neutral_culture,手工设定,1,,,,,,,,,,,,,,,,,,,,,,,,,,,,,,,,,,,,,,,,,,,,,,,,,,,,,,,,,,,,,,,,,,,,,,,,,,,,,,,,,,,,,,,,,,,,,,,,,,,,,,,,,,,,,,,,,,,"[{""stage"":"""",""tkid"":""1121"",""ref"":""1121_备大将_朝右.png"",""emotion"":0}]"
template_kaizoku_01,1,海賊,海贼,,975|976|977|978|979|980|981|982|983|984|985|986|987|988|989|990|991|992|993|994|995|996|997|998|999|1000|1001|1002|1003|1004|1005|1006|1007|1008|1009|1010|1011|1012|1013|1014|1015|1016|1017|1018|1019|1020|1021|1022|1023|1024|1025|1026|1027|1028|1029|1140|1151,Kaizoku,clan_japanese_1,neutral_culture,手工设定,1,,,,,,,,,,,,,,,,,,,,,,,,,,,,,,,,,,,,,,,,,,,,,,,,,,,,,,,,,,,,,,,,,,,,,,,,,,,,,,,,,,,,,,,,,,,,,,,,,,,,,,,,,,,,,,,,,,,"[{""stage"":"""",""tkid"":""1012"",""ref"":""1012_无卡海贼_朝正.png"",""emotion"":0},{""stage"":""青年"",""tkid"":""975"",""ref"":""975_无卡海贼_朝右.png"",""emotion"":0},{""stage"":""壮年"",""tkid"":""1001"",""ref"":""1001_无卡海贼_朝右.png"",""emotion"":0},{""stage"":""老年"",""tkid"":""1029"",""ref"":""1029_无卡海贼_朝右.png"",""emotion"":0}]"
template_kaizoku_tou_01,1,头领,头领,,1148,,,,,男,,,,,,,,,,,,,,,,,,,,,,,,,,,,,,,,,,,,,,,,,,,,,,,,,,,,,,,,,,,,,,,,,,,,,,,,,,,,,,,,,,,,,,,,,,,,,,,,,,,,,,,,,,,,,,,,,,"[{""stage"":"""",""tkid"":""1148"",""ref"":""1148_海贼头目_朝右.png"",""emotion"":0}]","[{""stage"":"""",""tkid"":""1148"",""ref"":""1148_海贼头目_朝右.png"",""emotion"":0}]"
template_kashira_01,1,头目,头目,,1147,,,,,男,,,,,,,,,,,,,,,,,,,,,,,,,,,,,,,,,,,,,,,,,,,,,,,,,,,,,,,,,,,,,,,,,,,,,,,,,,,,,,,,,,,,,,,,,,,,,,,,,,,,,,,,,,,,,,,,,,"[{""stage"":"""",""tkid"":""1147"",""ref"":""1147_山贼头目_朝右.png"",""emotion"":0}]","[{""stage"":"""",""tkid"":""1147"",""ref"":""1147_山贼头目_朝右.png"",""emotion"":0}]"
template_funa_daisho_01,1,船大将,船大将,,1012,,,,,男,,,,,,,,,,,,,,,,,,,,,,,,,,,,,,,,,,,,,,,,,,,,,,,,,,,,,,,,,,,,,,,,,,,,,,,,,,,,,,,,,,,,,,,,,,,,,,,,,,,,,,,,,,,,,,,,,,"[{""stage"":"""",""tkid"":""1012"",""ref"":""1012_无卡海贼_朝正.png"",""emotion"":0}]","[{""stage"":"""",""tkid"":""1012"",""ref"":""1012_无卡海贼_朝正.png"",""emotion"":0}]"
template_sentou_01,1,船头,船头,,1012,,,,,男,,,,,,,,,,,,,,,,,,,,,,,,,,,,,,,,,,,,,,,,,,,,,,,,,,,,,,,,,,,,,,,,,,,,,,,,,,,,,,,,,,,,,,,,,,,,,,,,,,,,,,,,,,,,,,,,,,"[{""stage"":"""",""tkid"":""1012"",""ref"":""1012_无卡海贼_朝正.png"",""emotion"":0}]","[{""stage"":"""",""tkid"":""1012"",""ref"":""1012_无卡海贼_朝正.png"",""emotion"":0}]"
template_suifu_tou_01,1,水夫头,水夫头,,1012,,,,,男,,,,,,,,,,,,,,,,,,,,,,,,,,,,,,,,,,,,,,,,,,,,,,,,,,,,,,,,,,,,,,,,,,,,,,,,,,,,,,,,,,,,,,,,,,,,,,,,,,,,,,,,,,,,,,,,,,"[{""stage"":"""",""tkid"":""1012"",""ref"":""1012_无卡海贼_朝正.png"",""emotion"":0}]","[{""stage"":"""",""tkid"":""1012"",""ref"":""1012_无卡海贼_朝正.png"",""emotion"":0}]"
template_suifu_01,1,水夫,水夫,,1012,,,,,男,,,,,,,,,,,,,,,,,,,,,,,,,,,,,,,,,,,,,,,,,,,,,,,,,,,,,,,,,,,,,,,,,,,,,,,,,,,,,,,,,,,,,,,,,,,,,,,,,,,,,,,,,,,,,,,,,,"[{""stage"":"""",""tkid"":""1012"",""ref"":""1012_无卡海贼_朝正.png"",""emotion"":0}]","[{""stage"":"""",""tkid"":""1012"",""ref"":""1012_无卡海贼_朝正.png"",""emotion"":0}]"
template_merchant_01,1,商人,商人,,913|914|915|916|917|918|919|920|921|922|923|924|925|926|927|928|929|930|931|932|933|934|935|936|937|938|939|940|941|942|943|944|945|946|947|948|949|950|951|952|953|954|955|956|957|958|959|960|961|962|963|964|965|966|967|968|969|970|971|972|973|974|1116|1135,Shounin,clan_japanese_1,neutral_culture,手工设定,1,,,,,,,,,,,,,,,,,,,,,,,,,,,,,,,,,,,,,,,,,,,,,,,,,,,,,,,,,,,,,,,,,,,,,,,,,,,,,,,,,,,,,,,,,,,,,,,,,,,,,,,,,,,,,,,,,,,"[{""stage"":"""",""tkid"":""952"",""ref"":""952_无卡商人_朝正.png"",""emotion"":0},{""stage"":""青年"",""tkid"":""913"",""ref"":""913_无卡商人_朝右.png"",""emotion"":0},{""stage"":""壮年"",""tkid"":""943"",""ref"":""943_无卡商人_朝右.png"",""emotion"":0},{""stage"":""老年"",""tkid"":""974"",""ref"":""974_无卡商人_朝右.png"",""emotion"":0}]"
template_merchant_gyo_01,1,行商人,行商人,,1085,Gyoushounin,clan_japanese_1,neutral_culture,手工设定,1,,,,,,,,,,,,,,,,,,,,,,,,,,,,,,,,,,,,,,,,,,,,,,,,,,,,,,,,,,,,,,,,,,,,,,,,,,,,,,,,,,,,,,,,,,,,,,,,,,,,,,,,,,,,,,,,,,,"[{""stage"":"""",""tkid"":""1085"",""ref"":""1085_行商人_朝右.png"",""emotion"":0}]"
template_merchant_ming_01,1,明朝商人,明朝商人,,1133,,,,,男,,,,,,,,,,,,,,,,,,,,,,,,,,,,,,,,,,,,,,,,,,,,,,,,,,,,,,,,,,,,,,,,,,,,,,,,,,,,,,,,,,,,,,,,,,,,,,,,,,,,,,,,,,,,,,,,,,"[{""stage"":"""",""tkid"":""1133"",""ref"":""1133_明朝商人_朝右.png"",""emotion"":0}]","[{""stage"":"""",""tkid"":""1133"",""ref"":""1133_明朝商人_朝右.png"",""emotion"":0}]"
template_merchant_choseon_01,1,朝鲜商人,朝鲜商人,,1132,,,,,男,,,,,,,,,,,,,,,,,,,,,,,,,,,,,,,,,,,,,,,,,,,,,,,,,,,,,,,,,,,,,,,,,,,,,,,,,,,,,,,,,,,,,,,,,,,,,,,,,,,,,,,,,,,,,,,,,,"[{""stage"":"""",""tkid"":""1132"",""ref"":""1132_朝鲜商人_朝右.png"",""emotion"":0}]","[{""stage"":"""",""tkid"":""1132"",""ref"":""1132_朝鲜商人_朝右.png"",""emotion"":0}]"
template_merchant_ryukyu_01,1,琉球商人,琉球商人,,1134,,,,,男,,,,,,,,,,,,,,,,,,,,,,,,,,,,,,,,,,,,,,,,,,,,,,,,,,,,,,,,,,,,,,,,,,,,,,,,,,,,,,,,,,,,,,,,,,,,,,,,,,,,,,,,,,,,,,,,,,"[{""stage"":"""",""tkid"":""1134"",""ref"":""1134_琉球商人_朝右.png"",""emotion"":0}]","[{""stage"":"""",""tkid"":""1134"",""ref"":""1134_琉球商人_朝右.png"",""emotion"":0}]"
template_za_shihai_01,1,座的掌柜,座的掌柜,,1131,,,,,男,,,,,,,,,,,,,,,,,,,,,,,,,,,,,,,,,,,,,,,,,,,,,,,,,,,,,,,,,,,,,,,,,,,,,,,,,,,,,,,,,,,,,,,,,,,,,,,,,,,,,,,,,,,,,,,,,,"[{""stage"":"""",""tkid"":""1131"",""ref"":""1131_座的掌柜_朝右.png"",""emotion"":0}]","[{""stage"":"""",""tkid"":""1131"",""ref"":""1131_座的掌柜_朝右.png"",""emotion"":0}]"
template_detchi_01,1,伙计,伙计,,1143,,,,,男,,,,,,,,,,,,,,,,,,,,,,,,,,,,,,,,,,,,,,,,,,,,,,,,,,,,,,,,,,,,,,,,,,,,,,,,,,,,,,,,,,,,,,,,,,,,,,,,,,,,,,,,,,,,,,,,,,"[{""stage"":"""",""tkid"":""1143"",""ref"":""1143_男仆_朝右.png"",""emotion"":0}]","[{""stage"":"""",""tkid"":""1143"",""ref"":""1143_男仆_朝右.png"",""emotion"":0}]"
template_tenpo_01,1,掌柜,掌柜,,1136,,,,,男,,,,,,,,,,,,,,,,,,,,,,,,,,,,,,,,,,,,,,,,,,,,,,,,,,,,,,,,,,,,,,,,,,,,,,,,,,,,,,,,,,,,,,,,,,,,,,,,,,,,,,,,,,,,,,,,,,"[{""stage"":"""",""tkid"":""1136"",""ref"":""1136_掌柜_朝右.png"",""emotion"":0}]","[{""stage"":"""",""tkid"":""1136"",""ref"":""1136_掌柜_朝右.png"",""emotion"":0}]"
template_umaya_tenpo_01,1,馬屋的老闆,马屋的老板,,1109,Umaya no Teishu,clan_japanese_1,neutral_culture,手工设定,1,,,,,,,,,,,,,,,,,,,,,,,,,,,,,,,,,,,,,,,,,,,,,,,,,,,,,,,,,,,,,,,,,,,,,,,,,,,,,,,,,,,,,,,,,,,,,,,,,,,,,,,,,,,,,,,,,,,"[{""stage"":"""",""tkid"":""1109"",""ref"":""1109_马屋老板_朝右.png"",""emotion"":0}]"
template_komeya_tenpo_01,1,米屋老板,米屋老板,,1108,,,,,男,,,,,,,,,,,,,,,,,,,,,,,,,,,,,,,,,,,,,,,,,,,,,,,,,,,,,,,,,,,,,,,,,,,,,,,,,,,,,,,,,,,,,,,,,,,,,,,,,,,,,,,,,,,,,,,,,,"[{""stage"":"""",""tkid"":""1108"",""ref"":""1108_米屋老板_朝右.png"",""emotion"":0}]","[{""stage"":"""",""tkid"":""1108"",""ref"":""1108_米屋老板_朝右.png"",""emotion"":0}]"
template_sakaba_onna_01,1,酒場的老闆娘,酒场的老板娘,,1110,Sakaba no Okami,clan_japanese_1,neutral_culture,手工设定,0,,,,,,,,,,,,,,,,,,,,,,,,,,,,,,,,,,,,,,,,,,,,,,,,,,,,,,,,,,,,,,,,,,,,,,,,,,,,,,,,,,,,,,,,,,,,,,,,,,,,,,,,,,,,,,,,,,,"[{""stage"":"""",""tkid"":""1110"",""ref"":""1110_酒馆老板娘_朝右.png"",""emotion"":0}]"
template_yadoya_onna_01,1,宿屋的老闆娘,宿屋的老板娘,,1115,Yadoya no Okami,clan_japanese_1,neutral_culture,手工设定,0,,,,,,,,,,,,,,,,,,,,,,,,,,,,,,,,,,,,,,,,,,,,,,,,,,,,,,,,,,,,,,,,,,,,,,,,,,,,,,,,,,,,,,,,,,,,,,,,,,,,,,,,,,,,,,,,,,,"[{""stage"":"""",""tkid"":""1115"",""ref"":""1115_町民女、小夜_朝右.png"",""emotion"":0}]"
template_ryotei_onna_01,1,旅店老板娘,旅店老板娘,,1111,,,,,女,,,,,,,,,,,,,,,,,,,,,,,,,,,,,,,,,,,,,,,,,,,,,,,,,,,,,,,,,,,,,,,,,,,,,,,,,,,,,,,,,,,,,,,,,,,,,,,,,,,,,,,,,,,,,,,,,,"[{""stage"":"""",""tkid"":""1111"",""ref"":""1111_旅店老板娘_朝右.png"",""emotion"":0}]","[{""stage"":"""",""tkid"":""1111"",""ref"":""1111_旅店老板娘_朝右.png"",""emotion"":0}]"
template_swordshihan_01,1,剣術的師範,剑术的师范,,1118,SwordTeki,clan_japanese_1,neutral_culture,手工设定,1,,,,,,,,,,,,,,,,,,,,,,,,,,,,,,,,,,,,,,,,,,,,,,,,,,,,,,,,,,,,,,,,,,,,,,,,,,,,,,,,,,,,,,,,,,,,,,,,,,,,,,,,,,,,,,,,,,,"[{""stage"":"""",""tkid"":""1118"",""ref"":""1118_剑术教头_朝正.png"",""emotion"":0}]"
template_shihandai_01,1,劍術師範代,剑术师范代,,1139|1144|1145,Kenjutsu Shihan-dai,clan_japanese_1,neutral_culture,手工设定,1,,,,,,,,,,,,,,,,,,,,,,,,,,,,,,,,,,,,,,,,,,,,,,,,,,,,,,,,,,,,,,,,,,,,,,,,,,,,,,,,,,,,,,,,,,,,,,,,,,,,,,,,,,,,,,,,,,,"[{""stage"":"""",""tkid"":""1139"",""ref"":""1139_代理教头_朝右.png"",""emotion"":0}]"
template_yari_shihan_01,1,槍術的師範,枪术的师范,,1141,ArcherTeki,clan_japanese_1,neutral_culture,手工设定,1,,,,,,,,,,,,,,,,,,,,,,,,,,,,,,,,,,,,,,,,,,,,,,,,,,,,,,,,,,,,,,,,,,,,,,,,,,,,,,,,,,,,,,,,,,,,,,,,,,,,,,,,,,,,,,,,,,,"[{""stage"":"""",""tkid"":""1141"",""ref"":""1141_枪术教头_朝右.png"",""emotion"":0}]"
template_kenkyu_01,1,见习,见习,,1139,,,,,男,,,,,,,,,,,,,,,,,,,,,,,,,,,,,,,,,,,,,,,,,,,,,,,,,,,,,,,,,,,,,,,,,,,,,,,,,,,,,,,,,,,,,,,,,,,,,,,,,,,,,,,,,,,,,,,,,,"[{""stage"":"""",""tkid"":""1139"",""ref"":""1139_代理教头_朝右.png"",""emotion"":0}]","[{""stage"":"""",""tkid"":""1139"",""ref"":""1139_代理教头_朝右.png"",""emotion"":0}]"
template_noumin_female_01,1,農民女,农民女,,1112,Nomin Onna,clan_japanese_1,neutral_culture,手工设定,1,,,,,,,,,,,,,,,,,,,,,,,,,,,,,,,,,,,,,,,,,,,,,,,,,,,,,,,,,,,,,,,,,,,,,,,,,,,,,,,,,,,,,,,,,,,,,,,,,,,,,,,,,,,,,,,,,,,"[{""stage"":"""",""tkid"":""1112"",""ref"":""1112_农民男_朝右.png"",""emotion"":0}]"
template_noumin_male_01,1,農民男,农民男,,1112,Nomin Otoko,clan_japanese_1,neutral_culture,手工设定,1,,,,,,,,,,,,,,,,,,,,,,,,,,,,,,,,,,,,,,,,,,,,,,,,,,,,,,,,,,,,,,,,,,,,,,,,,,,,,,,,,,,,,,,,,,,,,,,,,,,,,,,,,,,,,,,,,,,"[{""stage"":"""",""tkid"":""1112"",""ref"":""1112_农民男_朝右.png"",""emotion"":0}]"
template_choumin_female_01,1,町民女,町民女,,1115,Choumin Onna,clan_japanese_1,neutral_culture,手工设定,0,,,,,,,,,,,,,,,,,,,,,,,,,,,,,,,,,,,,,,,,,,,,,,,,,,,,,,,,,,,,,,,,,,,,,,,,,,,,,,,,,,,,,,,,,,,,,,,,,,,,,,,,,,,,,,,,,,,"[{""stage"":"""",""tkid"":""1115"",""ref"":""1115_町民女、小夜_朝右.png"",""emotion"":0}]"
template_choumin_male_01,1,町民男,町民男,,1114|1104,Choumin Otoko,clan_japanese_1,neutral_culture,手工设定,1,,,,,,,,,,,,,,,,,,,,,,,,,,,,,,,,,,,,,,,,,,,,,,,,,,,,,,,,,,,,,,,,,,,,,,,,,,,,,,,,,,,,,,,,,,,,,,,,,,,,,,,,,,,,,,,,,,,"[{""stage"":"""",""tkid"":""1114"",""ref"":""1114_町民男_朝右.png"",""emotion"":0}]"
template_tabibito_01,1,旅人,旅人,,1122,Tabibito,clan_japanese_1,neutral_culture,手工设定,1,,,,,,,,,,,,,,,,,,,,,,,,,,,,,,,,,,,,,,,,,,,,,,,,,,,,,,,,,,,,,,,,,,,,,,,,,,,,,,,,,,,,,,,,,,,,,,,,,,,,,,,,,,,,,,,,,,,"[{""stage"":"""",""tkid"":""1122"",""ref"":""1122_旅人_朝右.png"",""emotion"":0}]"
template_kodomo_01,1,小孩,小孩,,1127,,,,,男,,,,,,,,,,,,,,,,,,,,,,,,,,,,,,,,,,,,,,,,,,,,,,,,,,,,,,,,,,,,,,,,,,,,,,,,,,,,,,,,,,,,,,,,,,,,,,,,,,,,,,,,,,,,,,,,,,"[{""stage"":"""",""tkid"":""1127"",""ref"":""1127_小孩_朝右.png"",""emotion"":0}]","[{""stage"":"""",""tkid"":""1127"",""ref"":""1127_小孩_朝右.png"",""emotion"":0}]"
template_kodomo_f_01,1,女孩,女孩,,1142,,,,,女,,,,,,,,,,,,,,,,,,,,,,,,,,,,,,,,,,,,,,,,,,,,,,,,,,,,,,,,,,,,,,,,,,,,,,,,,,,,,,,,,,,,,,,,,,,,,,,,,,,,,,,,,,,,,,,,,,"[{""stage"":"""",""tkid"":""1142"",""ref"":""1142_女孩_朝右.png"",""emotion"":0}]","[{""stage"":"""",""tkid"":""1142"",""ref"":""1142_女孩_朝右.png"",""emotion"":0}]"
template_yoi_otoko_01,1,喝醉的男人,喝醉的男人,,1123,,,,,男,,,,,,,,,,,,,,,,,,,,,,,,,,,,,,,,,,,,,,,,,,,,,,,,,,,,,,,,,,,,,,,,,,,,,,,,,,,,,,,,,,,,,,,,,,,,,,,,,,,,,,,,,,,,,,,,,,"[{""stage"":"""",""tkid"":""1123"",""ref"":""1123_喝醉的男人_朝右.png"",""emotion"":0}]","[{""stage"":"""",""tkid"":""1123"",""ref"":""1123_喝醉的男人_朝右.png"",""emotion"":0}]"
template_yoi_onna_01,1,喝醉的女人,喝醉的女人,,1124,,,,,女,,,,,,,,,,,,,,,,,,,,,,,,,,,,,,,,,,,,,,,,,,,,,,,,,,,,,,,,,,,,,,,,,,,,,,,,,,,,,,,,,,,,,,,,,,,,,,,,,,,,,,,,,,,,,,,,,,"[{""stage"":"""",""tkid"":""1124"",""ref"":""1124_喝醉的女人_朝右.png"",""emotion"":0}]","[{""stage"":"""",""tkid"":""1124"",""ref"":""1124_喝醉的女人_朝右.png"",""emotion"":0}]"
template_yotto_01,1,贼,贼,,1130,,,,,男,,,,,,,,,,,,,,,,,,,,,,,,,,,,,,,,,,,,,,,,,,,,,,,,,,,,,,,,,,,,,,,,,,,,,,,,,,,,,,,,,,,,,,,,,,,,,,,,,,,,,,,,,,,,,,,,,,"[{""stage"":"""",""tkid"":""1130"",""ref"":""1130_贼_朝右.png"",""emotion"":0}]","[{""stage"":"""",""tkid"":""1130"",""ref"":""1130_贼_朝右.png"",""emotion"":0}]"
template_hakkoujin_01,1,博古通今的老人,博古通今的老人,,1084,Hakkotsu Tsuukon no Roujin,clan_japanese_1,neutral_culture,手工设定,1,,,,,,,,,,,,,,,,,,,,,,,,,,,,,,,,,,,,,,,,,,,,,,,,,,,,,,,,,,,,,,,,,,,,,,,,,,,,,,,,,,,,,,,,,,,,,,,,,,,,,,,,,,,,,,,,,,,"[{""stage"":"""",""tkid"":""1084"",""ref"":""1084_博古通今的老人_朝右.png"",""emotion"":0}]"
template_koshou_01,1,小姓,小姓,,1128,Koshou,clan_japanese_1,neutral_culture,手工设定,1,,,,,,,,,,,,,,,,,,,,,,,,,,,,,,,,,,,,,,,,,,,,,,,,,,,,,,,,,,,,,,,,,,,,,,,,,,,,,,,,,,,,,,,,,,,,,,,,,,,,,,,,,,,,,,,,,,,"[{""stage"":"""",""tkid"":""1128"",""ref"":""1128_小姓_朝正.png"",""emotion"":0}]"
template_bantou_01,1,番頭,番头,,1136,Bantou,clan_japanese_1,neutral_culture,手工设定,1,,,,,,,,,,,,,,,,,,,,,,,,,,,,,,,,,,,,,,,,,,,,,,,,,,,,,,,,,,,,,,,,,,,,,,,,,,,,,,,,,,,,,,,,,,,,,,,,,,,,,,,,,,,,,,,,,,,"[{""stage"":"""",""tkid"":""1136"",""ref"":""1136_掌柜_朝右.png"",""emotion"":0}]"
template_tennou_01,1,天皇,天皇,,1044,Tennou,clan_japanese_1,neutral_culture,手工设定,1,,,,,,,,,,,,,,,,,,,,,,,,,,,,,,,,,,,,,,,,,,,,,,,,,,,,,,,,,,,,,,,,,,,,,,,,,,,,,,,,,,,,,,,,,,,,,,,,,,,,,,,,,,,,,,,,,,,"[{""stage"":"""",""tkid"":""1044"",""ref"":""1044_天皇_朝右.png"",""emotion"":0}]"
template_souryo_01,1,僧侶,僧侣,,1117,Souryo,clan_japanese_1,neutral_culture,手工设定,1,,,,,,,,,,,,,,,,,,,,,,,,,,,,,,,,,,,,,,,,,,,,,,,,,,,,,,,,,,,,,,,,,,,,,,,,,,,,,,,,,,,,,,,,,,,,,,,,,,,,,,,,,,,,,,,,,,,"[{""stage"":"""",""tkid"":""1117"",""ref"":""1117_僧侣_朝右.png"",""emotion"":0}]"
template_ishi_01,1,醫者,医者,,1138,Isha,clan_japanese_1,neutral_culture,手工设定,1,,,,,,,,,,,,,,,,,,,,,,,,,,,,,,,,,,,,,,,,,,,,,,,,,,,,,,,,,,,,,,,,,,,,,,,,,,,,,,,,,,,,,,,,,,,,,,,,,,,,,,,,,,,,,,,,,,,"[{""stage"":"""",""tkid"":""1138"",""ref"":""1138_医师_朝右.png"",""emotion"":0}]"
template_kajishi_01,1,锻冶匠,锻冶匠,,1137,,,,,男,,,,,,,,,,,,,,,,,,,,,,,,,,,,,,,,,,,,,,,,,,,,,,,,,,,,,,,,,,,,,,,,,,,,,,,,,,,,,,,,,,,,,,,,,,,,,,,,,,,,,,,,,,,,,,,,,,"[{""stage"":"""",""tkid"":""1137"",""ref"":""1137_锻冶匠_朝右.png"",""emotion"":0}]","[{""stage"":"""",""tkid"":""1137"",""ref"":""1137_锻冶匠_朝右.png"",""emotion"":0}]"
template_hime_01,1,公主,公主,,1049,,,,,女,,,,,,,,,,,,,,,,,,,,,,,,,,,,,,,,,,,,,,,,,,,,,,,,,,,,,,,,,,,,,,,,,,,,,,,,,,,,,,,,,,,,,,,,,,,,,,,,,,,,,,,,,,,,,,,,,,[],"[{""stage"":"""",""tkid"":""1049"",""ref"":""1049_阿市_朝右.png"",""emotion"":0}]"
template_hime_hime_01,1,亡国公主(竹姬 樱姬 乙姬 万寿姬),亡国公主(竹姬 樱姬 乙姬 万寿姬),,1105,,,,,男,,,,,,,,,,,,,,,,,,,,,,,,,,,,,,,,,,,,,,,,,,,,,,,,,,,,,,,,,,,,,,,,,,,,,,,,,,,,,,,,,,,,,,,,,,,,,,,,,,,,,,,,,,,,,,,,,,"[{""stage"":"""",""tkid"":""1105"",""ref"":""1105_亡国公主(竹姬 樱姬 乙姬 万寿姬)_朝右.png"",""emotion"":0}]","[{""stage"":"""",""tkid"":""1105"",""ref"":""1105_亡国公主(竹姬 樱姬 乙姬 万寿姬)_朝右.png"",""emotion"":0}]"
template_hime_hanyou_01,1,汎用姫様,泛用姫样,,1049,Hanyou Hime,clan_japanese_1,neutral_culture,手工设定,0,,,,,,,,,,,,,,,,,,,,,,,,,,,,,,,,,,,,,,,,,,,,,,,,,,,,,,,,,,,,,,,,,,,,,,,,,,,,,,,,,,,,,,,,,,,,,,,,,,,,,,,,,,,,,,,,,,,"[{""stage"":"""",""tkid"":""1049"",""ref"":""1049_阿市_朝右.png"",""emotion"":0}]"
template_kuge_01,1,公家,公家,,1119,Kuge,clan_japanese_1,neutral_culture,手工设定,1,,,,,,,,,,,,,,,,,,,,,,,,,,,,,,,,,,,,,,,,,,,,,,,,,,,,,,,,,,,,,,,,,,,,,,,,,,,,,,,,,,,,,,,,,,,,,,,,,,,,,,,,,,,,,,,,,,,"[{""stage"":"""",""tkid"":""1119"",""ref"":""1119_公家_朝右.png"",""emotion"":0}]"
template_ronin_01,1,浪人,浪人,,1118,,,,,男,,,,,,,,,,,,,,,,,,,,,,,,,,,,,,,,,,,,,,,,,,,,,,,,,,,,,,,,,,,,,,,,,,,,,,,,,,,,,,,,,,,,,,,,,,,,,,,,,,,,,,,,,,,,,,,,,,"[{""stage"":"""",""tkid"":""1118"",""ref"":""1118_剑术教头_朝正.png"",""emotion"":0}]","[{""stage"":"""",""tkid"":""1118"",""ref"":""1118_剑术教头_朝正.png"",""emotion"":0}]"
prounon_main_hero,-1,主人公,主人公,,-,prounon_main_hero,clan_japanese_1,neutral_culture,手工设定,1,,,,,,,,,,,,,,,,,,,,,,,,,,,,,,,,,,,,,,,,,,,,,,,,,,,,,,,,,,,,,,,,,,,,,,,,,,,,,,,,,,,,,,,,,,,,,,,,,,,,,,,,,,,,,,,,,,,
pronoun_main_hero_wife,-1,主人公妻,主人公妻,,-,pronoun_main_hero_wife,clan_japanese_1,neutral_culture,手工设定,0,,,,,,,,,,,,,,,,,,,,,,,,,,,,,,,,,,,,,,,,,,,,,,,,,,,,,,,,,,,,,,,,,,,,,,,,,,,,,,,,,,,,,,,,,,,,,,,,,,,,,,,,,,,,,,,,,,,
pronoun_main_hero_boss,-1,主人公當主,主人公当主,,-,pronoun_main_hero_boss,clan_japanese_1,neutral_culture,手工设定,1,,,,,,,,,,,,,,,,,,,,,,,,,,,,,,,,,,,,,,,,,,,,,,,,,,,,,,,,,,,,,,,,,,,,,,,,,,,,,,,,,,,,,,,,,,,,,,,,,,,,,,,,,,,,,,,,,,,
prounon_none,-1,無效,无效,,-,prounon_none,clan_japanese_1,neutral_culture,手工设定,1,,,,,,,,,,,,,,,,,,,,,,,,,,,,,,,,,,,,,,,,,,,,,,,,,,,,,,,,,,,,,,,,,,,,,,,,,,,,,,,,,,,,,,,,,,,,,,,,,,,,,,,,,,,,,,,,,,,
prounon_occur_character,-1,發生人物,发生人物,,-,prounon_occur_character,clan_japanese_1,neutral_culture,手工设定,1,,,,,,,,,,,,,,,,,,,,,,,,,,,,,,,,,,,,,,,,,,,,,,,,,,,,,,,,,,,,,,,,,,,,,,,,,,,,,,,,,,,,,,,,,,,,,,,,,,,,,,,,,,,,,,,,,,,
prounon_target_character,-1,目標人物,目标人物,,-,prounon_target_character,clan_japanese_1,neutral_culture,手工设定,1,,,,,,,,,,,,,,,,,,,,,,,,,,,,,,,,,,,,,,,,,,,,,,,,,,,,,,,,,,,,,,,,,,,,,,,,,,,,,,,,,,,,,,,,,,,,,,,,,,,,,,,,,,,,,,,,,,,
