# exported by tpaccli from head_male_a
o head_male_a.lod1
v -0.019772 0.132091 1.67503
v -0.019851 0.131925 1.676782
v -0.015949 0.133268 1.675656
v -0.016189 0.133239 1.674839
v -0.022466 0.127513 1.676154
v -0.021703 0.128032 1.677355
v -0.023638 0.128098 1.679133
v -0.027144 0.129277 1.675818
v -0.014718 0.135283 1.675611
v -0.014737 0.135027 1.674359
v -0.024688 0.133968 1.680425
v -0.032775 0.132625 1.683242
v -0.033484 0.136555 1.683722
v -0.041271 0.131239 1.681677
v -0.042693 0.134789 1.682576
v -0.038064 0.131598 1.672498
v -0.03408 0.131558 1.672684
v -0.034344 0.135053 1.670856
v -0.038239 0.134836 1.670761
v -0.030534 0.131266 1.67375
v -0.02971 0.135337 1.672094
v -0.025689 0.134286 1.673957
v -0.019363 0.134261 1.674187
v -0.017493 0.135106 1.671014
v -0.021424 0.135605 1.668594
v -0.026698 0.135519 1.66648
v -0.032422 0.134435 1.6647
v -0.037809 0.133451 1.664545
v -0.043965 0.136614 1.685041
v -0.033524 0.139219 1.685807
v -0.023077 0.135965 1.683818
v -0.012048 0.136577 1.67733
v -0.013476 0.136714 1.671903
v -0.019589 0.143589 1.691705
v -0.011376 0.142519 1.687967
v -0.010808 0.1429 1.675973
v -0.01324 0.141728 1.665181
v -0.02293 0.139372 1.661155
v -0.032547 0.137927 1.656655
v -0.041331 0.135883 1.655724
v -0.046027 0.139248 1.691452
v -0.032165 0.143532 1.692511
v -0.008995 0.14288 1.682379
v -0.006268 0.149211 1.6893
v -0.005423 0.148438 1.683645
v -0 0.150395 1.689992
v -0 0.149967 1.684766
v -0.004977 0.149343 1.677059
v -0 0.151183 1.677936
v -0 0.153937 1.669596
v -0.004942 0.15206 1.668381
v -0.013466 0.14539 1.654314
v -0.019682 0.142057 1.650183
v -0.053968 0.132446 1.659675
v -0.046028 0.132677 1.667606
v -0.017468 0.148755 1.703834
v -0.008629 0.149895 1.703814
v -0 0.150548 1.703939
v -0.034292 0.146378 1.704691
v -0.030271 0.138485 1.642796
v -0.044513 0.133684 1.639218
v -0.059965 0.121697 1.643966
v -0.052351 0.137008 1.704538
v -0.005456 0.156379 1.660197
v -0 0.158544 1.66072
v -0.01303 0.145615 1.65087
v -0.017199 0.141312 1.645828
v -0.005771 0.158417 1.656478
v -0 0.160502 1.657179
v -0.023293 0.137826 1.637886
v -0.015905 0.148314 1.645587
v -0.018309 0.143594 1.643438
v -0.007285 0.164779 1.645469
v -0 0.167914 1.644923
v -0.018303 0.141002 1.640554
v -0.020913 0.138757 1.634501
v -0.016519 0.149453 1.641097
v -0.017585 0.145275 1.639256
v -0.006929 0.163864 1.640185
v -0 0.165773 1.639059
v -0.005734 0.160363 1.637218
v -0.014769 0.149853 1.638739
v -0 0.16114 1.635121
v -0 0.157734 1.634042
v -0.004671 0.157479 1.636355
v -0.011704 0.149544 1.638572
v -0.004112 0.153634 1.635264
v -0.004702 0.149175 1.634593
v -0.0113 0.146425 1.636315
v -0 0.154238 1.633704
v -0 0.150651 1.632953
v -0.017047 0.143194 1.636507
v -0.014457 0.146861 1.637064
v -0 0.148948 1.629853
v -0.012546 0.146124 1.631346
v -0.015173 0.145499 1.61928
v -0.026929 0.13808 1.614527
v 0 0.147292 1.618897
v -0.034216 0.135037 1.617519
v -0.040926 0.131161 1.62045
v -0.047718 0.124077 1.623349
v -0.052165 0.128454 1.72646
v -0.033237 0.141123 1.72811
v -0.01619 0.147117 1.726943
v -0.007964 0.147618 1.72609
v -0 0.147228 1.724687
v -0.060731 0.105849 1.634984
v -0.049768 0.129796 1.678422
v -0.047534 0.127238 1.678556
v -0.048066 0.125692 1.677069
v -0.049396 0.128896 1.676941
v -0.05229 0.127742 1.676223
v -0.052586 0.129666 1.67983
v -0.062298 0.121235 1.674592
v -0.060528 0.122897 1.684487
v -0.070178 0.108305 1.674236
v -0.065673 0.111726 1.690442
v -0.074903 0.086049 1.677435
v -0.072653 0.093561 1.651019
v -0.073652 0.070103 1.646798
v -0.075958 0.06358 1.678561
v -0.070986 0.093279 1.699672
v -0.04446 0.134382 1.672544
v -0.043636 0.131235 1.674052
v -0.059837 0.126719 1.667153
v -0.049502 0.131014 1.669441
v -0.068592 0.115434 1.65896
v -0.072831 0.059561 1.64786
v -0.075744 0.053426 1.680236
v -0.045819 0.112748 1.60694
v -0.062981 0.09066 1.619038
v -0.040144 0.123068 1.603495
v -0.027688 0.133445 1.605218
v -0.034206 0.130424 1.604141
v -0.047375 0.132173 1.675033
v -0.04604 0.12944 1.675677
v -0.072144 0.076936 1.629655
v -0.066269 0.069472 1.608823
v -0.067629 0.061761 1.611892
v -0.071689 0.061899 1.632428
v -0.061784 0.080668 1.601832
v -0.043392 0.106347 1.589988
v -0.032444 0.121133 1.587472
v -0.02057 0.132124 1.590544
v -0.022121 0.130853 1.583726
v -0.018442 0.136067 1.596992
v -0.056669 0.073334 1.594389
v -0.042293 0.101436 1.581957
v -0.03204 0.115709 1.578969
v -0.023738 0.126603 1.575003
v -0.061609 0.063428 1.601893
v -0.065179 0.055747 1.60907
v -0.069574 0.051477 1.633185
v -0 0.140622 1.594956
v -0 0.138093 1.589477
v -0 0.137197 1.578758
v -0 0.132871 1.56937
v -0.075133 0.071054 1.707623
v -0.015106 0.137715 1.76042
v -0 0.140185 1.759073
v -0.028637 0.134343 1.759191
v -0.04999 0.132354 1.682278
v -0.047529 0.132099 1.680326
v -0.046148 0.129074 1.679646
v -0.055856 0.131822 1.689317
v -0.062415 0.123037 1.698478
v -0.062635 0.110288 1.715537
v -0.068345 0.091344 1.734755
v -0.055273 0.11687 1.754644
v -0.075744 0.053426 1.680236
v -0.075966 0.05902 1.710979
v -0.075133 0.071054 1.707623
v -0.075958 0.06358 1.678561
v -0.015106 0.137715 1.76042
v -0.014905 0.122169 1.782772
v -0 0.125358 1.781935
v -0 0.140185 1.759073
v -0.028637 0.134343 1.759191
v -0.029037 0.117687 1.780798
v -0.055273 0.11687 1.754644
v -0.05582 0.101101 1.768884
v -0.068345 0.091344 1.734755
v -0.071032 0.077199 1.741824
v -0.073026 0.05982 1.748318
v -0.076509 0.045175 1.713956
v -0.056809 0.078493 1.778308
v -0.029607 0.093453 1.795736
v -0.014979 0.098423 1.798992
v -0 0.10225 1.799132
v -0.073871 0.039759 1.753579
v -0.076573 0.028985 1.716063
v -0.056629 0.05435 1.785703
v -0.028009 0.066081 1.803301
v -0.013219 0.070732 1.806399
v -0 0.073567 1.806639
v -0.073069 0.017032 1.757262
v -0.075404 0.00979 1.718295
v -0.055494 0.028419 1.79053
v -0.067857 -0.006524 1.757927
v -0.070905 -0.011245 1.718085
v -0.042524 -0.021161 1.780724
v -0.051292 0.001236 1.789181
v -0.059617 -0.022917 1.758287
v -0.024105 0.037844 1.807
v -0.009647 0.039391 1.810004
v -0 0.038768 1.810689
v -0.027647 0.005214 1.801522
v -0 0.007873 1.806073
v -0.024659 -0.022855 1.787548
v -0 -0.021549 1.791689
v -0.042674 -0.033955 1.762896
v -0.061351 -0.028769 1.718819
v -0.024359 -0.040158 1.76685
v -0 -0.0432 1.768218
v -0.045244 -0.043334 1.719787
v -0.02503 -0.053164 1.720382
v -0 -0.058053 1.719527
v -0.076408 0.042669 1.683532
v -0.072299 0.050244 1.649408
v -0.073845 0.048435 1.664948
v -0.076408 0.042669 1.683532
v -0.072299 0.050244 1.649408
v -0.069574 0.051477 1.633185
v -0.074864 0.046748 1.63508
v -0.071486 0.045972 1.654521
v -0.072695 0.045278 1.660786
v -0.073845 0.048435 1.664948
v -0.084409 0.03044 1.692983
v -0.080002 0.036753 1.679096
v -0.080578 0.031249 1.673904
v -0.091516 0.019953 1.689927
v -0.080926 0.030076 1.668186
v -0.092836 0.013729 1.674939
v -0.07934 0.030172 1.660483
v -0.090716 0.020063 1.657348
v -0.077201 0.034679 1.653251
v -0.088124 0.029497 1.641745
v -0.073512 0.038119 1.651705
v -0.080776 0.040278 1.633736
v -0.073023 0.036799 1.65781
v -0.076604 0.037837 1.667538
v -0.076406 0.033387 1.665159
v -0.076408 0.042669 1.683532
v -0.06836 0.041196 1.633005
v -0.069072 0.0314 1.639595
v -0.073191 0.01838 1.655977
v -0.076413 0.014822 1.673871
v -0.076924 0.020064 1.685324
v -0.075784 0.029938 1.689654
v -0.075784 0.029938 1.689654
v -0.066737 -0.012063 1.675729
v -0.057142 -0.029749 1.676293
v -0.043079 -0.043535 1.676609
v -0.022993 -0.053672 1.677005
v -0 -0.05848 1.677883
v -0.076924 0.020064 1.685324
v -0.076413 0.014822 1.673871
v -0.073191 0.01838 1.655977
v -0.062666 -0.009706 1.656487
v -0.066916 0.046191 1.633209
v -0.060522 0.048837 1.603587
v -0.066916 0.046191 1.633209
v -0.053586 -0.027675 1.656443
v -0.039813 -0.040812 1.65685
v -0.021098 -0.050089 1.657039
v -0 -0.054231 1.657241
v -0.069072 0.0314 1.639595
v -0.059883 -0.004344 1.636378
v -0.062387 0.028023 1.609294
v -0.06836 0.041196 1.633005
v -0.06836 0.041196 1.633005
v -0.062387 0.028023 1.609294
v -0.057661 0.001311 1.613975
v -0.050402 -0.023458 1.637834
v -0.036496 -0.035552 1.637787
v -0.018792 -0.044043 1.637971
v -0 -0.047938 1.639277
v -0 0.12606 1.564773
v -0.023274 0.12023 1.569699
v -0.031044 0.108921 1.571901
v -0.022991 0.108547 1.567799
v -0.036418 0.094888 1.577243
v -0.049624 0.067099 1.589987
v -0.054891 0.057247 1.594262
v -0.047236 -0.020786 1.617728
v -0.033624 -0.033438 1.61746
v -0.016752 -0.040637 1.617471
v -0 -0.043009 1.617258
v -0 0.111924 1.5626
v -0.027547 0.086971 1.57309
v -0 0.097366 1.56248
v -0.049545 0.051684 1.586817
v -0.045309 0.062446 1.585402
v -0.055935 0.040767 1.589861
v -0.059675 0.024116 1.5946
v -0.059675 0.024116 1.5946
v -0.055599 -0.001419 1.598408
v -0.045255 -0.024655 1.599354
v -0.032661 -0.03388 1.599876
v -0.015944 -0.039637 1.599564
v -0 -0.041987 1.599167
v -0.049545 0.051684 1.586817
v -0.048195 0.045983 1.569151
v -0.055281 0.037318 1.569437
v -0.055935 0.040767 1.589861
v -0.059129 0.020606 1.574837
v -0.059675 0.024116 1.5946
v -0.056994 -0.004329 1.583735
v -0.055599 -0.001419 1.598408
v -0.058955 0.016132 1.552562
v -0.061846 -0.006167 1.56888
v -0.049071 -0.029327 1.58475
v -0.045255 -0.024655 1.599354
v -0.0839 -0.0128 1.5444
v -0.0845 0.0206 1.5271
v -0.053957 -0.032605 1.571958
v -0.035281 -0.037943 1.581276
v -0.032661 -0.03388 1.599876
v -0.017811 -0.044167 1.579721
v -0.015944 -0.039637 1.599564
v -0 -0.046398 1.579829
v -0 -0.041987 1.599167
v -0.079 -0.0422 1.541
v -0.040436 -0.04412 1.567261
v -0.0577 -0.0565 1.5364
v -0.0218 -0.049902 1.564684
v -0.0296 -0.0646 1.5326
v -0 -0.05335 1.564567
v 1.2E-05 -0.071 1.5324
v -0 0.075211 1.56212
v -0.02312 0.065224 1.567018
v -0 0.06855 1.548253
v -0.024356 0.059144 1.553023
v -0.02312 0.065224 1.567018
v -0 0.075211 1.56212
v -0.04071 0.055248 1.57324
v -0.041753 0.049699 1.542015
v -0.04071 0.055248 1.57324
v -0.045309 0.062446 1.585402
v -0.028805 0.064729 1.518784
v -0.026587 0.061338 1.536631
v -0 0.067821 1.530558
v -0 0.068828 1.511796
v -0.03049 0.066938 1.501879
v -0 0.068822 1.493946
v -0 0.076048 1.48727
v -0.035651 0.077038 1.489456
v -0.047073 0.049425 1.520481
v -0.039148 0.104172 1.455486
v 0 0.101742 1.445906
v -0.053126 0.031586 1.545611
v -0.046818 0.040619 1.543275
v -0.066714 0.03894 1.509141
v -0.0735 0.077519 1.488347
v -0.050906 0.051164 1.502052
v -0.053442 0.03939 1.521184
v -0.0872 0.0434 1.4986
v -0 0.123166 1.414363
v 0 0.148558 1.613239
v -0.015322 0.145599 1.613641
v -0.024139 0.137234 1.60873
v -0.024084 0.133795 1.606618
v -0.015596 0.141152 1.601889
v -0 0.145345 1.598342
v -0.013598 0.140476 1.609024
v -0.023103 0.133464 1.607399
v -0 0.144394 1.607327
v 0 0.144701 1.60704
v -0.013689 0.140972 1.608637
v -0.022271 0.134115 1.607629
v -0.023146 0.133615 1.607394
v -0.045309 0.062446 1.585402
v -0 0.13886 1.625538
v -0.013768 0.136314 1.625303
v -0.013689 0.140972 1.608637
v 0 0.144701 1.60704
v -0.024739 0.127697 1.623847
v -0.022271 0.134115 1.607629
v -0 0.144394 1.607327
v -0.013598 0.140476 1.609024
v -0.016393 0.13158 1.589474
v -0 0.136327 1.589148
v -0.023103 0.133464 1.607399
v -0.022796 0.126038 1.589632
v -0.026264 0.123742 1.62222
v -0.027075 0.124943 1.604997
v -0.023146 0.133615 1.607394
v -0.027075 0.124943 1.604997
v -0.023305 0.121216 1.592849
v -0.026485 0.098026 1.621171
v -0.026695 0.09504 1.60514
v -0.026695 0.09504 1.60514
v -0.02433 0.094846 1.594548
v -0 0.090305 1.605116
v -0 0.09329 1.621171
v -0 0.090305 1.605116
v -0 0.09011 1.593895
v -0 0.140406 1.606661
v -0.013827 0.137698 1.607292
v -0.013768 0.136314 1.625303
v -0 0.13886 1.625538
v -0.024207 0.128559 1.605763
v -0.024739 0.127697 1.623847
v -0.026264 0.123742 1.62222
v -0.025531 0.124603 1.605489
v -0 0.136327 1.589148
v -0.016393 0.13158 1.589474
v -0.016576 0.133176 1.607114
v -0 0.138201 1.607285
v -0.022796 0.126038 1.589632
v -0.023992 0.125365 1.606377
v -0.023305 0.121216 1.592849
v -0.016576 0.133176 1.607114
v -0.014106 0.12864 1.592953
v -0 0.132598 1.59261
v -0 0.138201 1.607285
v -0.023992 0.125365 1.606377
v -0.023305 0.121216 1.592849
v -0 0.13591 1.623696
v -0.009985 0.134301 1.623639
v -0.013827 0.137698 1.607292
v -0 0.140406 1.606661
v -0.02249 0.127287 1.622577
v -0.024207 0.128559 1.605763
v -0.025531 0.124603 1.605489
v -0.026264 0.123742 1.62222
v -0.014106 0.12864 1.592953
v -0 0.132598 1.59261
v -0.009985 0.134301 1.623639
v -0 0.13591 1.623696
v -0.02249 0.127287 1.622577
v -0.023146 0.133615 1.607394
v 0.015949 0.133084 1.675656
v 0.019851 0.13174 1.676782
v 0.019772 0.131907 1.67503
v 0.016189 0.133054 1.674839
v 0.021703 0.127848 1.677355
v 0.022466 0.127329 1.676154
v 0.023638 0.127913 1.679133
v 0.027144 0.129093 1.675818
v 0.014737 0.134843 1.674359
v 0.014718 0.135099 1.675611
v 0.024688 0.133784 1.680425
v 0.033484 0.136371 1.683722
v 0.032775 0.132441 1.683242
v 0.042693 0.134605 1.682576
v 0.041271 0.131055 1.681677
v 0.038064 0.131414 1.672498
v 0.038239 0.134652 1.670761
v 0.034344 0.134869 1.670856
v 0.03408 0.131373 1.672684
v 0.02971 0.135153 1.672094
v 0.030534 0.131082 1.67375
v 0.025689 0.134101 1.673957
v 0.019363 0.134076 1.674187
v 0.017493 0.134922 1.671014
v 0.021424 0.13542 1.668594
v 0.026698 0.135335 1.66648
v 0.032422 0.13425 1.6647
v 0.037809 0.133267 1.664545
v 0.043965 0.13643 1.685041
v 0.033524 0.139035 1.685807
v 0.023077 0.13578 1.683818
v 0.012048 0.136393 1.67733
v 0.013476 0.13653 1.671903
v 0.011376 0.142334 1.687982
v 0.019589 0.143404 1.69172
v 0.01324 0.141544 1.665196
v 0.010808 0.142715 1.675985
v 0.02293 0.139188 1.66117
v 0.032547 0.137743 1.65667
v 0.041331 0.135699 1.655739
v 0.032165 0.143348 1.692526
v 0.046027 0.139064 1.691468
v 0.008995 0.142695 1.682395
v 0.005423 0.148438 1.683645
v 0.006268 0.149211 1.6893
v 0.004977 0.149343 1.677059
v 0.004942 0.15206 1.668381
v 0.019682 0.142057 1.650183
v 0.013466 0.14539 1.654314
v 0.046028 0.132493 1.667606
v 0.053968 0.132261 1.65969
v 0.008629 0.149895 1.703814
v 0.017468 0.148755 1.703834
v 0.034292 0.146378 1.704691
v 0.030271 0.138485 1.642796
v 0.044513 0.133684 1.639218
v 0.059965 0.121697 1.643966
v 0.05235 0.137008 1.704538
v 0.005456 0.156379 1.660197
v 0.017199 0.141312 1.645828
v 0.01303 0.145615 1.65087
v 0.005771 0.158417 1.656478
v 0.023293 0.137826 1.637886
v 0.018309 0.143594 1.643438
v 0.015905 0.148314 1.645587
v 0.007285 0.164779 1.645469
v 0.020913 0.138757 1.634501
v 0.018303 0.141002 1.640554
v 0.017585 0.145275 1.639256
v 0.016519 0.149453 1.641097
v 0.006929 0.163864 1.640185
v 0.014769 0.149853 1.638739
v 0.005734 0.160363 1.637218
v 0.004671 0.157479 1.636355
v 0.004702 0.149175 1.634593
v 0.004112 0.153634 1.635264
v 0.011704 0.149544 1.638572
v 0.0113 0.146425 1.636315
v 0.017047 0.143194 1.636507
v 0.014457 0.146861 1.637064
v 0.012546 0.146124 1.631346
v 0.026929 0.13808 1.614527
v 0.015173 0.145499 1.61928
v 0.034214 0.135037 1.617519
v 0.040923 0.131161 1.62045
v 0.047713 0.124077 1.623349
v 0.033237 0.141123 1.72811
v 0.052165 0.128454 1.72646
v 0.01619 0.147117 1.726943
v 0.007964 0.147618 1.72609
v 0.06073 0.105849 1.634984
v 0.049396 0.128712 1.676941
v 0.048066 0.125508 1.677069
v 0.047534 0.127054 1.678556
v 0.049768 0.129612 1.678422
v 0.052586 0.129481 1.67983
v 0.05229 0.127557 1.676223
v 0.060528 0.122712 1.684505
v 0.062298 0.121051 1.67461
v 0.065673 0.111726 1.690442
v 0.070178 0.108305 1.674236
v 0.074903 0.086049 1.677435
v 0.075958 0.06358 1.678561
v 0.073652 0.070103 1.646798
v 0.072653 0.093561 1.651019
v 0.070986 0.093279 1.699672
v 0.043636 0.13105 1.674052
v 0.04446 0.134198 1.672544
v 0.049502 0.130829 1.669441
v 0.059797 0.126472 1.667132
v 0.068592 0.115434 1.65896
v 0.075744 0.053426 1.680236
v 0.072831 0.059561 1.64786
v 0.062952 0.09066 1.619038
v 0.045785 0.112748 1.60694
v 0.040116 0.123068 1.603495
v 0.034192 0.130424 1.604141
v 0.027682 0.133445 1.605218
v 0.04604 0.129255 1.675677
v 0.047375 0.131989 1.675033
v 0.072131 0.076936 1.629655
v 0.067602 0.061761 1.611892
v 0.066229 0.069472 1.608824
v 0.071685 0.061899 1.632428
v 0.061731 0.080667 1.601831
v 0.04334 0.106347 1.589988
v 0.032412 0.121133 1.587472
v 0.022112 0.130853 1.583726
v 0.020565 0.132124 1.590544
v 0.018441 0.136067 1.596992
v 0.056616 0.073332 1.594391
v 0.042241 0.101437 1.581957
v 0.032005 0.115709 1.578969
v 0.023726 0.126603 1.575003
v 0.065157 0.055747 1.60907
v 0.061568 0.063426 1.601893
v 0.069573 0.051477 1.633185
v 0.075133 0.071054 1.707623
v 0.015106 0.137715 1.76042
v 0.028637 0.134343 1.759191
v 0.04999 0.13217 1.682278
v 0.047529 0.131914 1.680326
v 0.046148 0.12889 1.679646
v 0.055856 0.131638 1.689332
v 0.062415 0.123037 1.698478
v 0.062635 0.110288 1.715537
v 0.055273 0.11687 1.754644
v 0.068345 0.091344 1.734755
v 0.075133 0.071054 1.707623
v 0.075966 0.05902 1.710979
v 0.075744 0.053426 1.680236
v 0.075958 0.06358 1.678561
v -0 0.125358 1.781935
v 0.014905 0.122169 1.782772
v 0.015106 0.137715 1.76042
v -0 0.140185 1.759073
v 0.029037 0.117687 1.780798
v 0.028637 0.134343 1.759191
v 0.05582 0.101101 1.768884
v 0.055273 0.11687 1.754644
v 0.071032 0.077199 1.741824
v 0.068345 0.091344 1.734755
v 0.073026 0.05982 1.748318
v 0.076509 0.045175 1.713956
v 0.056809 0.078493 1.778308
v 0.029607 0.093453 1.795736
v 0.014979 0.098423 1.798992
v -0 0.10225 1.799132
v 0.073871 0.039759 1.753579
v 0.076573 0.028985 1.716063
v 0.056629 0.05435 1.785703
v 0.028009 0.066081 1.803301
v 0.013219 0.070732 1.806399
v -0 0.073567 1.806639
v 0.073069 0.017032 1.757262
v 0.075404 0.00979 1.718295
v 0.055494 0.028419 1.79053
v 0.067857 -0.006524 1.757927
v 0.070905 -0.011245 1.718085
v 0.051292 0.001236 1.789181
v 0.042524 -0.021161 1.780724
v 0.059617 -0.022917 1.758287
v 0.024105 0.037844 1.807
v 0.009647 0.039391 1.810004
v -0 0.038768 1.810689
v 0.027647 0.005214 1.801522
v -0 0.007873 1.806073
v 0.024659 -0.022855 1.787548
v -0 -0.021549 1.791689
v 0.042674 -0.033955 1.762896
v 0.061351 -0.028769 1.718819
v 0.024359 -0.040158 1.76685
v -0 -0.0432 1.768218
v 0.045244 -0.043334 1.719787
v 0.02503 -0.053164 1.720382
v -0 -0.058053 1.719527
v 0.076408 0.042669 1.683532
v 0.076408 0.042669 1.683532
v 0.073845 0.048435 1.664948
v 0.072299 0.050244 1.649408
v 0.072299 0.050244 1.649408
v 0.071486 0.045972 1.654521
v 0.074864 0.046748 1.63508
v 0.069573 0.051477 1.633185
v 0.073845 0.048435 1.664948
v 0.072695 0.045278 1.660786
v 0.080578 0.031249 1.673904
v 0.080002 0.036753 1.679096
v 0.084409 0.03044 1.692983
v 0.091516 0.019953 1.689927
v 0.092836 0.013729 1.674939
v 0.080926 0.030076 1.668186
v 0.090716 0.020063 1.657348
v 0.07934 0.030172 1.660483
v 0.088124 0.029497 1.641745
v 0.0772 0.034679 1.653251
v 0.080776 0.040278 1.633736
v 0.073512 0.038119 1.651705
v 0.073023 0.036799 1.65781
v 0.076604 0.037837 1.667538
v 0.076406 0.033387 1.665159
v 0.076408 0.042669 1.683532
v 0.069072 0.0314 1.639595
v 0.06836 0.041195 1.633005
v 0.073191 0.01838 1.655977
v 0.076413 0.014822 1.673871
v 0.076924 0.020064 1.685324
v 0.075784 0.029938 1.689654
v 0.075784 0.029938 1.689654
v 0.057142 -0.029749 1.676293
v 0.066737 -0.012063 1.675729
v 0.043079 -0.043535 1.676609
v 0.022993 -0.053672 1.677005
v -0 -0.05848 1.677883
v 0.076924 0.020064 1.685324
v 0.076413 0.014822 1.673871
v 0.062666 -0.009706 1.656487
v 0.073191 0.01838 1.655977
v 0.066916 0.046191 1.633209
v 0.060504 0.048837 1.603586
v 0.066916 0.046191 1.633209
v 0.053586 -0.027675 1.656443
v 0.039813 -0.040812 1.65685
v 0.021098 -0.050089 1.657039
v -0 -0.054231 1.657241
v 0.059883 -0.004344 1.636378
v 0.069072 0.0314 1.639595
v 0.06836 0.041195 1.633005
v 0.062387 0.028023 1.609294
v 0.057661 0.001311 1.613975
v 0.062387 0.028023 1.609294
v 0.06836 0.041195 1.633005
v 0.050402 -0.023458 1.637834
v 0.036496 -0.035552 1.637787
v 0.018792 -0.044043 1.637971
v -0 -0.047938 1.639277
v 0.023262 0.12023 1.569699
v 0.031009 0.108921 1.571901
v 0.022973 0.108547 1.567799
v 0.036374 0.094888 1.577249
v 0.04958 0.067098 1.58999
v 0.054854 0.057246 1.594262
v 0.047236 -0.020786 1.617728
v 0.033695 -0.033522 1.617551
v 0.016752 -0.040637 1.617471
v -0 -0.043009 1.617258
v 0.027526 0.08697 1.57309
v 0.049521 0.051684 1.586816
v 0.045279 0.062446 1.585402
v 0.055924 0.040767 1.589861
v 0.059674 0.024116 1.5946
v 0.055599 -0.001419 1.598408
v 0.059674 0.024116 1.5946
v 0.045255 -0.024655 1.599354
v 0.032661 -0.03388 1.599151
v 0.015944 -0.039637 1.599564
v -0 -0.041987 1.599167
v 0.049521 0.051684 1.586816
v 0.055924 0.040767 1.589861
v 0.055281 0.037318 1.569437
v 0.048191 0.045983 1.56915
v 0.059674 0.024116 1.5946
v 0.059129 0.020606 1.574837
v 0.056994 -0.004329 1.583735
v 0.055599 -0.001419 1.598408
v 0.061846 -0.006167 1.568769
v 0.058955 0.016132 1.552562
v 0.045255 -0.024655 1.599354
v 0.049071 -0.029327 1.584707
v 0.0839 -0.0128 1.5444
v 0.0845 0.0206 1.5271
v 0.053957 -0.032605 1.569938
v 0.032661 -0.03388 1.599151
v 0.035281 -0.037943 1.580636
v 0.015944 -0.039637 1.599564
v 0.017811 -0.044167 1.579527
v -0 -0.041987 1.599167
v -0 -0.046398 1.579829
v 0.079 -0.0422 1.541
v 0.040436 -0.04412 1.564573
v 0.0577 -0.0565 1.5364
v 0.0218 -0.049902 1.563391
v 0.0296 -0.0646 1.5326
v -0 -0.05335 1.564567
v 1.2E-05 -0.071 1.5324
v 0.02312 0.065224 1.567018
v -0 0.06855 1.548253
v -0 0.075211 1.56212
v 0.02312 0.065224 1.567018
v 0.024356 0.059144 1.553023
v 0.040703 0.055248 1.57324
v 0.041753 0.049699 1.542015
v 0.040703 0.055248 1.57324
v 0.045279 0.062446 1.585402
v -0 0.067821 1.530558
v 0.026587 0.061338 1.536631
v 0.028805 0.064729 1.518784
v -0 0.068828 1.511796
v 0.03049 0.066938 1.501878
v 0.035651 0.077038 1.489456
v -0 0.076048 1.48727
v -0 0.068822 1.493946
v 0.047073 0.049425 1.520482
v 0.039148 0.104172 1.455486
v 0 0.101742 1.445906
v 0.053126 0.031586 1.545611
v 0.046818 0.040619 1.543275
v 0.066714 0.03894 1.509142
v 0.050906 0.051164 1.502053
v 0.0735 0.077519 1.488347
v 0.053442 0.03939 1.521184
v 0.0872 0.0434 1.4986
v -0 0.123166 1.414363
v 0.015322 0.145599 1.613641
v 0.024081 0.133795 1.606618
v 0.024139 0.137234 1.60873
v 0.015596 0.141151 1.601889
v 0.013598 0.140476 1.609024
v 0.0231 0.133464 1.607399
v 0.013689 0.140972 1.608637
v 0.022269 0.134115 1.607629
v 0.023143 0.133615 1.607394
v 0.045279 0.062446 1.585402
v 0.013689 0.140972 1.608637
v 0.013768 0.136314 1.625303
v 0.022269 0.134115 1.607629
v 0.024739 0.127697 1.623847
v 0.01639 0.13158 1.589474
v 0.013598 0.140476 1.609024
v 0.0231 0.133464 1.607399
v 0.022782 0.126037 1.589632
v 0.023143 0.133615 1.607394
v 0.027061 0.124943 1.604997
v 0.026263 0.123742 1.62222
v 0.023286 0.121216 1.592849
v 0.027061 0.124943 1.604997
v 0.026675 0.09504 1.60514
v 0.02648 0.098026 1.621171
v 0.024306 0.094846 1.594548
v 0.026675 0.09504 1.60514
v 0.013768 0.136314 1.625303
v 0.013827 0.137698 1.607292
v 0.024739 0.127697 1.623847
v 0.024199 0.128559 1.605763
v 0.026263 0.123742 1.62222
v 0.025519 0.124603 1.605489
v 0.016576 0.133176 1.607114
v 0.01639 0.13158 1.589474
v 0.023983 0.125365 1.606377
v 0.022782 0.126037 1.589632
v 0.023286 0.121216 1.592849
v 0.014103 0.12864 1.592953
v 0.016576 0.133176 1.607114
v 0.023983 0.125365 1.606377
v 0.023286 0.121216 1.592849
v 0.013827 0.137698 1.607292
v 0.009985 0.134301 1.623639
v 0.024199 0.128559 1.605763
v 0.02249 0.127287 1.622577
v 0.025519 0.124603 1.605489
v 0.026263 0.123742 1.62222
v 0.014103 0.12864 1.592953
v 0.009985 0.134301 1.623639
v 0.02249 0.127287 1.622577
v 0.023143 0.133615 1.607394
v -0.034773 0.135553 1.679053
v -0.039457 0.134247 1.684165
v -0.034471 0.134247 1.685981
v -0.02966 0.134247 1.683738
v -0.027721 0.134247 1.678795
v -0.030082 0.134247 1.673939
v -0.035076 0.134136 1.671758
v -0.039885 0.134223 1.674131
v -0.041701 0.134247 1.679355
v -0.043441 0.130526 1.68786
v -0.032971 0.130526 1.69167
v -0.023424 0.130526 1.687388
v -0.021566 0.130526 1.67868
v -0.024129 0.130526 1.669447
v -0.034032 0.129983 1.665321
v -0.043678 0.13031 1.669863
v -0.047573 0.130526 1.679613
v -0.049146 0.118394 1.689642
v -0.036999 0.118394 1.696546
v -0.02323 0.118394 1.693222
v -0.015725 0.118394 1.681507
v -0.019039 0.118394 1.668315
v -0.031256 0.118394 1.661319
v -0.04508 0.118394 1.664728
v -0.052528 0.118394 1.676499
v 0.034773 0.135553 1.679053
v 0.034471 0.134247 1.685981
v 0.039457 0.134247 1.684165
v 0.02966 0.134247 1.683738
v 0.027721 0.134247 1.678795
v 0.030082 0.134247 1.673939
v 0.035075 0.134136 1.671758
v 0.039885 0.134223 1.674131
v 0.041701 0.134247 1.679355
v 0.032971 0.130526 1.69167
v 0.043441 0.130526 1.68786
v 0.023424 0.130526 1.687388
v 0.021566 0.130526 1.67868
v 0.024129 0.130526 1.669447
v 0.034032 0.129983 1.665321
v 0.043678 0.13031 1.669863
v 0.047573 0.130526 1.679613
v 0.036999 0.118394 1.696546
v 0.049146 0.118394 1.689642
v 0.02323 0.118394 1.693222
v 0.015725 0.118394 1.681507
v 0.019039 0.118394 1.668315
v 0.031256 0.118394 1.661319
v 0.04508 0.118394 1.664728
v 0.052528 0.118394 1.676499
vt 0.600332 0.51655
vt 0.597636 0.50862896
vt 0.592481 0.513096
vt 0.594071 0.51613104
vt 0.607378 0.512401
vt 0.606047 0.511739
vt 0.606511 0.511028
vt 0.612709 0.514633
vt 0.585173 0.51289797
vt 0.586604 0.51976
vt 0.604879 0.500637
vt 0.624717 0.503168
vt 0.627187 0.493527
vt 0.64876 0.505393
vt 0.653569 0.497059
vt 0.641096 0.51807296
vt 0.630456 0.51783097
vt 0.634759 0.529817
vt 0.644846 0.53051
vt 0.621179 0.516765
vt 0.622715 0.527825
vt 0.612674 0.52307
vt 0.601088 0.52154696
vt 0.596277 0.52625
vt 0.604187 0.53481
vt 0.61804 0.541115
vt 0.63227 0.544757
vt 0.645605 0.54560304
vt 0.655716 0.484729
vt 0.624721 0.477584
vt 0.598467 0.48801798
vt 0.577254 0.50776
vt 0.580305 0.524177
vt 0.581107 0.463897
vt 0.554607 0.47758198
vt 0.559146 0.51922
vt 0.574769 0.548446
vt 0.602301 0.566538
vt 0.628003 0.578399
vt 0.65072 0.5815
vt 0.657426 0.46768498
vt 0.616332 0.457933
vt 0.555067 0.49843597
vt 0.530107 0.465755
vt 0.528397 0.48641503
vt 0.507403 0.46385503
vt 0.507138 0.48274702
vt 0.525427 0.51133597
vt 0.506682 0.509342
vt 0.506519 0.53826904
vt 0.524541 0.541031
vt 0.571485 0.588309
vt 0.593856 0.604706
vt 0.686698 0.571423
vt 0.667595 0.540165
vt 0.562784 0.414325
vt 0.535215 0.415268
vt 0.507619 0.41606897
vt 0.614702 0.41530597
vt 0.619673 0.62981904
vt 0.659657 0.63552403
vt 0.715506 0.617697
vt 0.670084 0.42835498
vt 0.522535 0.577686
vt 0.506604 0.577312
vt 0.570214 0.602334
vt 0.586617 0.622738
vt 0.521159 0.591858
vt 0.506595 0.590253
vt 0.603786 0.65281
vt 0.564151 0.624914
vt 0.579107 0.633143
vt 0.518237 0.618522
vt 0.506444 0.61822104
vt 0.586286 0.643631
vt 0.593974 0.665787
vt 0.559245 0.639241
vt 0.570443 0.64768803
vt 0.517134 0.627791
vt 0.506369 0.628042
vt 0.516953 0.636866
vt 0.55381 0.646284
vt 0.506281 0.638814
vt 0.506217 0.6467
vt 0.517098 0.644519
vt 0.547817 0.651459
vt 0.518034 0.655703
vt 0.525454 0.66876
vt 0.550751 0.663464
vt 0.506167 0.656425
vt 0.506152 0.669382
vt 0.573717 0.659618
vt 0.558949 0.655793
vt 0.506165 0.68198097
vt 0.553188 0.680814
vt 0.555119 0.711812
vt 0.597299 0.726974
vt 0.50632 0.71111596
vt 0.624056 0.719127
vt 0.649737 0.710919
vt 0.682151 0.707705
vt 0.690942 0.373636
vt 0.619651 0.35059398
vt 0.560753 0.344033
vt 0.533751 0.34389597
vt 0.507793 0.346821
vt 0.756306 0.684203
vt 0.68119 0.508101
vt 0.668225 0.51211
vt 0.66852 0.51407397
vt 0.680641 0.515133
vt 0.690469 0.51814497
vt 0.689102 0.505598
vt 0.722198 0.52893
vt 0.716708 0.5052
vt 0.775133 0.541101
vt 0.761748 0.492827
vt 0.840706 0.55691004
vt 0.813352 0.629169
vt 0.878133 0.665384
vt 0.904494 0.563309
vt 0.818013 0.482046
vt 0.662864 0.52758
vt 0.655457 0.517148
vt 0.709208 0.552554
vt 0.679656 0.530438
vt 0.753223 0.585424
vt 0.909245 0.66783
vt 0.932566 0.562268
vt 0.697054 0.76547897
vt 0.792662 0.743259
vt 0.656798 0.767296
vt 0.600376 0.759894
vt 0.625471 0.762174
vt 0.671035 0.523263
vt 0.663897 0.515415
vt 0.84833 0.716498
vt 0.852177 0.795704
vt 0.881969 0.785921
vt 0.895598 0.71814203
vt 0.806 0.80946
vt 0.691263 0.821775
vt 0.627683 0.819915
vt 0.576321 0.80431104
vt 0.583204 0.824495
vt 0.56344 0.786865
vt 0.811328 0.840581
vt 0.688186 0.852027
vt 0.632641 0.848012
vt 0.586321 0.848899
vt 0.861175 0.82247996
vt 0.898751 0.798984
vt 0.929877 0.723263
vt 0.506738 0.787395
vt 0.507428 0.80289197
vt 0.508637 0.829371
vt 0.509536 0.849019
vt 0.881491 0.465836
vt 0.575819 0.23397899
vt 0.509667 0.23241597
vt 0.62919 0.254739
vt 0.677395 0.49429703
vt 0.671207 0.50263596
vt 0.663117 0.50993896
vt 0.691974 0.482234
vt 0.728356 0.45932603
vt 0.763419 0.41979098
vt 0.817266 0.377438
vt 0.73395 0.303186
vt 0.310729 0.25763702
vt 0.254495 0.267695
vt 0.25824 0.28652602
vt 0.312026 0.27362102
vt 0.118829 0.45016998
vt 0.083474 0.408553
vt 0.065504 0.429133
vt 0.110522 0.49131298
vt 0.133462 0.42395002
vt 0.100735 0.387446
vt 0.162588 0.369074
vt 0.14132 0.34364098
vt 0.205547 0.321804
vt 0.196917 0.299088
vt 0.189126 0.271401
vt 0.250883 0.24598902
vt 0.128724 0.305929
vt 0.07737 0.339958
vt 0.055915 0.35566002
vt 0.033551 0.37102097
vt 0.182936 0.23965597
vt 0.248209 0.22065699
vt 0.119141 0.265406
vt 0.063399 0.288395
vt 0.039233 0.299685
vt 0.01703 0.308205
vt 0.178597 0.20443302
vt 0.244698 0.19191498
vt 0.114479 0.22166699
vt 0.176656 0.17022401
vt 0.243854 0.16118598
vt 0.124164 0.13608998
vt 0.117445 0.17656499
vt 0.17304 0.14314401
vt 0.054715 0.23477602
vt 0.029714 0.23702699
vt 0.012981 0.23581702
vt 0.071983 0.17464203
vt 0.023187 0.169765
vt 0.096174 0.12080598
vt 0.05756 0.100676
vt 0.154568 0.11303997
vt 0.239355 0.12992603
vt 0.134239 0.08666903
vt 0.108801 0.05205798
vt 0.231832 0.09367198
vt 0.223243 0.05541098
vt 0.21619 0.010338008
vt 0.305202 0.24079299
vt 0.938809 0.66637003
vt 0.947865 0.611894
vt 0.961747 0.553451
vt 0.714436 0.229402
vt 0.78558 0.206429
vt 0.766933 0.18513298
vt 0.688893 0.222714
vt 0.658883 0.223028
vt 0.640065 0.233262
vt 0.533472 0.13636398
vt 0.580822 0.17664301
vt 0.604197 0.15901798
vt 0.552069 0.099271
vt 0.625236 0.15392101
vt 0.600858 0.078235984
vt 0.653966 0.155626
vt 0.660307 0.09666401
vt 0.683551 0.170183
vt 0.716028 0.12539399
vt 0.691417 0.18628103
vt 0.756164 0.156802
vt 0.668127 0.186369
vt 0.627533 0.19010198
vt 0.638026 0.17346299
vt 0.557083 0.19880903
vt 0.795438 0.15644097
vt 0.772366 0.096976995
vt 0.688999 0.042295992
vt 0.595729 0.031877995
vt 0.529062 0.07030398
vt 0.507971 0.131863
vt 0.294285 0.221506
vt 0.318582 0.15762699
vt 0.315029 0.12792498
vt 0.311436 0.094383
vt 0.30873 0.05375898
vt 0.309214 0.011160016
vt 0.302238 0.20639402
vt 0.323227 0.199319
vt 0.357197 0.205396
vt 0.354651 0.16080898
vt 0.797974 0.18151802
vt 0.915528 0.819519
vt 0.94715 0.73026
vt 0.352028 0.130552
vt 0.349288 0.096901
vt 0.348627 0.05843401
vt 0.352496 0.019430995
vt 0.387179 0.220554
vt 0.392351 0.16697103
vt 0.985443 0.803124
vt 0.961225 0.735603
vt 0.402754 0.23494202
vt 0.449545 0.22098202
vt 0.430595 0.16956198
vt 0.386802 0.13306499
vt 0.386093 0.09939599
vt 0.386499 0.062873006
vt 0.388252 0.027531981
vt 0.510581 0.873508
vt 0.582637 0.873549
vt 0.625652 0.876032
vt 0.593714 0.895091
vt 0.675481 0.887244
vt 0.813789 0.874262
vt 0.870829 0.851003
vt 0.424434 0.13385099
vt 0.423417 0.102093995
vt 0.425025 0.06732601
vt 0.42911 0.03581202
vt 0.511802 0.907162
vt 0.644442 0.928479
vt 0.512638 0.936065
vt 0.879442 0.89398503
vt 0.814647 0.914237
vt 0.935145 0.86751
vt 0.997358 0.846947
vt 0.474152 0.21322
vt 0.458323 0.16826898
vt 0.456568 0.134512
vt 0.457631 0.10337901
vt 0.459734 0.069836974
vt 0.463602 0.03921503
vt 0.813765 0.22356498
vt 0.843399 0.23650098
vt 0.85062 0.214544
vt 0.821079 0.20092797
vt 0.862811 0.18220502
vt 0.832333 0.17156702
vt 0.876316 0.14433402
vt 0.845931 0.13590902
vt 0.904168 0.199651
vt 0.90942 0.15437597
vt 0.886256 0.11397898
vt 0.853433 0.10975802
vt 0.995322 0.15684402
vt 0.995322 0.22007602
vt 0.920861 0.11963099
vt 0.888132 0.08021599
vt 0.853527 0.08225101
vt 0.884381 0.048789978
vt 0.849213 0.052632987
vt 0.875566 0.019971013
vt 0.84293 0.022041023
vt 0.995322 0.12098801
vt 0.926957 0.07953799
vt 0.995322 0.083683014
vt 0.925081 0.045850992
vt 0.995322 0.039368987
vt 0.913546 0.017185986
vt 0.995322 0.009370029
vt 0.51408 0.998415
vt 0.654428 0.989263
vt 0.81564 0.35215598
vt 0.842274 0.30458403
vt 0.819298 0.29598802
vt 0.797635 0.34083802
vt 0.833458 0.258287
vt 0.875847 0.28058398
vt 0.703463 0.976997
vt 0.728062 0.931504
vt 0.881192 0.332838
vt 0.85981 0.315987
vt 0.831864 0.36304998
vt 0.848932 0.37845302
vt 0.903418 0.35053903
vt 0.863843 0.39513397
vt 0.87369 0.406452
vt 0.932677 0.37632602
vt 0.903699 0.294712
vt 0.995322 0.43904698
vt 0.92283 0.482024
vt 0.89554 0.237607
vt 0.88635 0.260755
vt 0.9459 0.27675498
vt 0.995322 0.34909302
vt 0.929395 0.311307
vt 0.914578 0.27522302
vt 0.995322 0.27683997
vt 0.995322 0.53861797
vt 0.50638 0.726773
vt 0.553214 0.726611
vt 0.587641 0.74495196
vt 0.587013 0.757745
vt 0.552879 0.77263796
vt 0.5061 0.77326703
vt 0.551518 0.752982
vt 0.582995 0.75633097
vt 0.504891 0.750039
vt 0.506171 0.747334
vt 0.553039 0.747401
vt 0.581765 0.753691
vt 0.583116 0.75586903
vt 0.804012 0.244245
vt 0.486934 0.49216598
vt 0.330151 0.46512002
vt 0.293344 0.54829
vt 0.48246 0.582453
vt 0.209767 0.39476103
vt 0.146119 0.48403198
vt 0.481476 0.582502
vt 0.301832 0.55248797
vt 0.293039 0.44224298
vt 0.487137 0.48992902
vt 0.145712 0.48118502
vt 0.210174 0.39394802
vt 0.189636 0.343314
vt 0.084301 0.39333802
vt 0.134325 0.475084
vt 0.084301 0.39333802
vt 0.201532 0.35704
vt 0.182112 0.17676997
vt 0.111143 0.093599975
vt 0.111143 0.093599975
vt 0.179265 0.161722
vt 0.505751 0.067095995
vt 0.504328 0.15609598
vt 0.505751 0.067095995
vt 0.504734 0.13643903
vt 0.500749 0.793487
vt 0.329064 0.793487
vt 0.325613 0.645383
vt 0.500749 0.645096
vt 0.151914 0.794062
vt 0.148463 0.645958
vt 0.103888 0.656887
vt 0.103888 0.794062
vt 0.501037 0.965173
vt 0.262201 0.965317
vt 0.267234 0.8175
vt 0.500749 0.817356
vt 0.156803 0.965748
vt 0.135234 0.817932
vt 0.113091 0.934402
vt 0.267234 0.8175
vt 0.277587 0.934258
vt 0.501324 0.934114
vt 0.500749 0.817356
vt 0.135234 0.817932
vt 0.113091 0.934402
vt 0.501037 0.65631104
vt 0.358685 0.65631104
vt 0.329064 0.793487
vt 0.500749 0.793487
vt 0.171182 0.656887
vt 0.151914 0.794062
vt 0.103888 0.794062
vt 0.103888 0.656887
vt 0.321508 0.419061
vt 0.488764 0.456986
vt 0.384445 0.438075
vt 0.488967 0.45108902
vt 0.253285 0.389067
vt 0.134325 0.475084
vt 0.426521 0.51324797
vt 0.421452 0.508682
vt 0.418606 0.51655
vt 0.424873 0.51625097
vt 0.413055 0.51164997
vt 0.411701 0.512298
vt 0.412618 0.510934
vt 0.406291 0.514476
vt 0.432269 0.52002203
vt 0.433832 0.51318896
vt 0.414491 0.500592
vt 0.392436 0.493249
vt 0.394698 0.502891
vt 0.365935 0.496504
vt 0.37058 0.504871
vt 0.377785 0.517627
vt 0.373832 0.529656
vt 0.38393 0.529155
vt 0.388431 0.517493
vt 0.396011 0.527394
vt 0.397745 0.516521
vt 0.406141 0.522833
vt 0.417754 0.521532
vt 0.422473 0.526327
vt 0.414401 0.534733
vt 0.40043 0.54077196
vt 0.386133 0.54414
vt 0.372785 0.544731
vt 0.363888 0.48388702
vt 0.395049 0.47721702
vt 0.421048 0.488051
vt 0.441084 0.507655
vt 0.437641 0.52409804
vt 0.461539 0.47656602
vt 0.436734 0.463019
vt 0.441082 0.54758596
vt 0.456518 0.518311
vt 0.414353 0.5657
vt 0.389058 0.57742
vt 0.36667 0.580324
vt 0.403027 0.457227
vt 0.362383 0.46656603
vt 0.460701 0.49736702
vt 0.486111 0.48557597
vt 0.485018 0.465021
vt 0.488159 0.510463
vt 0.488708 0.540342
vt 0.421291 0.603388
vt 0.443158 0.58706
vt 0.350902 0.53887296
vt 0.33117 0.56973696
vt 0.480464 0.414571
vt 0.453998 0.41324103
vt 0.404496 0.414168
vt 0.395798 0.628469
vt 0.356571 0.634043
vt 0.301475 0.615445
vt 0.350273 0.42689502
vt 0.490793 0.577211
vt 0.427834 0.62118804
vt 0.444106 0.60093904
vt 0.492114 0.591418
vt 0.410815 0.65134203
vt 0.434897 0.63144004
vt 0.449538 0.623243
vt 0.494714 0.618044
vt 0.420198 0.664303
vt 0.427803 0.641956
vt 0.443031 0.645797
vt 0.454006 0.637331
vt 0.495664 0.627278
vt 0.459159 0.644266
vt 0.495696 0.636284
vt 0.49542 0.643891
vt 0.486914 0.667718
vt 0.494343 0.65499604
vt 0.464924 0.649409
vt 0.461997 0.66152203
vt 0.439782 0.65783596
vt 0.454046 0.65377104
vt 0.459727 0.679247
vt 0.416857 0.72632396
vt 0.458056 0.710678
vt 0.390462 0.718144
vt 0.365138 0.711115
vt 0.333023 0.705989
vt 0.399512 0.3488
vt 0.329943 0.37158602
vt 0.456037 0.34268397
vt 0.482187 0.34313703
vt 0.259445 0.681182
vt 0.338338 0.513596
vt 0.35051 0.51335
vt 0.350875 0.511389
vt 0.337934 0.507254
vt 0.330061 0.50204504
vt 0.328454 0.512056
vt 0.302468 0.502969
vt 0.296524 0.526592
vt 0.257673 0.48974103
vt 0.243367 0.53775
vt 0.177502 0.5523
vt 0.113604 0.557477
vt 0.138005 0.660038
vt 0.203468 0.62507
vt 0.201624 0.477885
vt 0.363459 0.516556
vt 0.355874 0.526381
vt 0.33903 0.528917
vt 0.309059 0.550466
vt 0.264424 0.582483
vt 0.085557 0.555898
vt 0.106852 0.661887
vt 0.221997 0.739571
vt 0.317468 0.763592
vt 0.357696 0.766017
vt 0.388823 0.761331
vt 0.413705 0.75948
vt 0.355083 0.514737
vt 0.347787 0.521909
vt 0.1668 0.711717
vt 0.131862 0.780505
vt 0.161543 0.79091597
vt 0.119505 0.712449
vt 0.207804 0.805749
vt 0.324086 0.820356
vt 0.388351 0.819185
vt 0.433395 0.824051
vt 0.438844 0.803712
vt 0.450429 0.785998
vt 0.20229 0.837098
vt 0.328294 0.851098
vt 0.384871 0.847535
vt 0.43208 0.848678
vt 0.11484 0.793253
vt 0.152141 0.81761897
vt 0.085134 0.716918
vt 0.138469 0.46046197
vt 0.443526 0.232131
vt 0.390378 0.252904
vt 0.341984 0.49312
vt 0.348105 0.501894
vt 0.356061 0.50927
vt 0.327634 0.480487
vt 0.291688 0.456882
vt 0.257339 0.41667402
vt 0.287989 0.301081
vt 0.20437 0.37336397
vt 0.25824 0.28652602
vt 0.254495 0.267695
vt 0.310729 0.25763702
vt 0.312026 0.27362102
vt 0.065504 0.429133
vt 0.083474 0.408553
vt 0.118829 0.45016998
vt 0.110522 0.49131298
vt 0.100735 0.387446
vt 0.133462 0.42395002
vt 0.14132 0.34364098
vt 0.162588 0.369074
vt 0.196917 0.299088
vt 0.205547 0.321804
vt 0.189126 0.271401
vt 0.250883 0.24598902
vt 0.128724 0.305929
vt 0.07737 0.339958
vt 0.055915 0.35566002
vt 0.033551 0.37102097
vt 0.182936 0.23965597
vt 0.248209 0.22065699
vt 0.119141 0.265406
vt 0.063399 0.288395
vt 0.039233 0.299685
vt 0.01703 0.308205
vt 0.178597 0.20443302
vt 0.244698 0.19191498
vt 0.114479 0.22166699
vt 0.176656 0.17022401
vt 0.243854 0.16118598
vt 0.117445 0.17656499
vt 0.124164 0.13608998
vt 0.17304 0.14314401
vt 0.054715 0.23477602
vt 0.029714 0.23702699
vt 0.012981 0.23581702
vt 0.071983 0.17464203
vt 0.023187 0.169765
vt 0.096174 0.12080598
vt 0.05756 0.100676
vt 0.154568 0.11303997
vt 0.239355 0.12992603
vt 0.134239 0.08666903
vt 0.108801 0.05205798
vt 0.231832 0.09367198
vt 0.223243 0.05541098
vt 0.21619 0.010338008
vt 0.305202 0.24079299
vt 0.05655 0.546524
vt 0.06931 0.605222
vt 0.077321 0.65986204
vt 0.714436 0.229402
vt 0.688893 0.222714
vt 0.766933 0.18513298
vt 0.78558 0.206429
vt 0.640065 0.233262
vt 0.658883 0.223028
vt 0.604197 0.15901798
vt 0.580822 0.17664301
vt 0.533472 0.13636398
vt 0.552069 0.099271
vt 0.600858 0.078235984
vt 0.625236 0.15392101
vt 0.660307 0.09666401
vt 0.653966 0.155626
vt 0.716028 0.12539399
vt 0.683551 0.170183
vt 0.756164 0.156802
vt 0.691417 0.18628103
vt 0.668127 0.186369
vt 0.627533 0.19010198
vt 0.638026 0.17346299
vt 0.557083 0.19880903
vt 0.772366 0.096976995
vt 0.795438 0.15644097
vt 0.688999 0.042295992
vt 0.595729 0.031877995
vt 0.529062 0.07030398
vt 0.507971 0.131863
vt 0.294285 0.221506
vt 0.315029 0.12792498
vt 0.318582 0.15762699
vt 0.311436 0.094383
vt 0.30873 0.05375898
vt 0.309214 0.011160016
vt 0.302238 0.20639402
vt 0.323227 0.199319
vt 0.354651 0.16080898
vt 0.357197 0.205396
vt 0.797974 0.18151802
vt 0.097681 0.813497
vt 0.067731 0.72358096
vt 0.352028 0.130552
vt 0.349288 0.096901
vt 0.348627 0.05843401
vt 0.352496 0.019430995
vt 0.392351 0.16697103
vt 0.387179 0.220554
vt 0.053556 0.728653
vt 0.028051 0.795704
vt 0.430595 0.16956198
vt 0.449545 0.22098202
vt 0.402754 0.23494202
vt 0.386802 0.13306499
vt 0.386093 0.09939599
vt 0.386499 0.062873006
vt 0.388252 0.027531981
vt 0.437717 0.873596
vt 0.393796 0.875998
vt 0.427915 0.895363
vt 0.342964 0.887266
vt 0.199596 0.871419
vt 0.142005 0.846146
vt 0.424434 0.13385099
vt 0.423417 0.102093995
vt 0.425025 0.06732601
vt 0.42911 0.03581202
vt 0.377425 0.929709
vt 0.132286 0.889312
vt 0.197937 0.912582
vt 0.077052 0.861145
vt 0.015284 0.839289
vt 0.458323 0.16826898
vt 0.474152 0.21322
vt 0.456568 0.134512
vt 0.457631 0.10337901
vt 0.459734 0.069836974
vt 0.463602 0.03921503
vt 0.813765 0.22356498
vt 0.821079 0.20092797
vt 0.85062 0.214544
vt 0.843399 0.23650098
vt 0.832333 0.17156702
vt 0.862811 0.18220502
vt 0.876316 0.14433402
vt 0.845931 0.13590902
vt 0.90942 0.15437597
vt 0.904168 0.199651
vt 0.853433 0.10975802
vt 0.886256 0.11397898
vt 0.995322 0.15684402
vt 0.995322 0.22007602
vt 0.920861 0.11963099
vt 0.853527 0.08225101
vt 0.888132 0.08021599
vt 0.849213 0.052632987
vt 0.884381 0.048789978
vt 0.84293 0.022041023
vt 0.875566 0.019971013
vt 0.995322 0.12098801
vt 0.926957 0.07953799
vt 0.995322 0.083683014
vt 0.925081 0.045850992
vt 0.995322 0.039368987
vt 0.913546 0.017185986
vt 0.995322 0.009370029
vt 0.370736 0.993194
vt 0.81564 0.35215598
vt 0.797635 0.34083802
vt 0.819298 0.29598802
vt 0.842274 0.30458403
vt 0.833458 0.258287
vt 0.875847 0.28058398
vt 0.320098 0.984077
vt 0.285833 0.93325603
vt 0.831864 0.36304998
vt 0.85981 0.315987
vt 0.881192 0.332838
vt 0.848932 0.37845302
vt 0.903418 0.35053903
vt 0.932677 0.37632602
vt 0.87369 0.406452
vt 0.863843 0.39513397
vt 0.903699 0.294712
vt 0.995322 0.43904698
vt 0.92283 0.482024
vt 0.89554 0.237607
vt 0.88635 0.260755
vt 0.9459 0.27675498
vt 0.929395 0.311307
vt 0.995322 0.34909302
vt 0.914578 0.27522302
vt 0.995322 0.27683997
vt 0.995322 0.53861797
vt 0.460035 0.725564
vt 0.427123 0.757791
vt 0.42661 0.74493897
vt 0.459758 0.771012
vt 0.458099 0.749528
vt 0.43132 0.756619
vt 0.460375 0.746347
vt 0.432617 0.753913
vt 0.431207 0.756154
vt 0.804012 0.244245
vt 0.716437 0.54829
vt 0.679631 0.46512002
vt 0.863662 0.48403198
vt 0.800014 0.39476103
vt 0.716742 0.44224298
vt 0.708 0.55139196
vt 0.864069 0.48118502
vt 0.799607 0.39394802
vt 0.875456 0.475084
vt 0.925481 0.39333802
vt 0.820145 0.343314
vt 0.808249 0.35704
vt 0.925481 0.39333802
vt 0.898639 0.093599975
vt 0.827669 0.17676997
vt 0.830516 0.161722
vt 0.898639 0.093599975
vt 0.684168 0.645383
vt 0.680718 0.793487
vt 0.861318 0.645958
vt 0.857867 0.794062
vt 0.905893 0.656887
vt 0.905893 0.794062
vt 0.767972 0.816827
vt 0.74758 0.965317
vt 0.874547 0.817932
vt 0.852978 0.965748
vt 0.89669 0.934402
vt 0.732194 0.934258
vt 0.767972 0.816827
vt 0.874547 0.817932
vt 0.89669 0.934402
vt 0.680718 0.793487
vt 0.651097 0.65631104
vt 0.857867 0.794062
vt 0.838599 0.656886
vt 0.905893 0.794062
vt 0.905893 0.656887
vt 0.688273 0.419061
vt 0.625336 0.438075
vt 0.756497 0.389067
vt 0.875456 0.475084
vt 0.057306 0.944841
vt 0.072275 0.934203
vt 0.060399 0.926647
vt 0.046656 0.929812
vt 0.039112 0.941688
vt 0.042265 0.955431
vt 0.05414 0.962975
vt 0.067884 0.959822
vt 0.075428 0.947935
vt 0.088124 0.923125
vt 0.063743 0.907656
vt 0.035518 0.913963
vt 0.020109 0.938344
vt 0.026416 0.966569
vt 0.050809 0.981978
vt 0.079021 0.975659
vt 0.094431 0.951278
vt 0.107175 0.921888
vt 0.075868 0.893354
vt 0.033603 0.893354
vt 0.005009 0.924612
vt 0.005009 0.966937
vt 0.036327 0.995495
vt 0.078593 0.995495
vt 0.107175 0.964213
vt 0.057192 0.944972
vt 0.06027 0.926869
vt 0.072086 0.93438697
vt 0.046595 0.930018
vt 0.039088 0.941835
vt 0.042226 0.95551
vt 0.054042 0.963016
vt 0.067717 0.959879
vt 0.075224 0.948051
vt 0.063597 0.907972
vt 0.087857 0.923364
vt 0.035513 0.914247
vt 0.02018 0.938507
vt 0.026455 0.966592
vt 0.050727 0.981925
vt 0.0788 0.975638
vt 0.094132 0.951378
vt 0.075662 0.89374
vt 0.106813 0.92213297
vt 0.033606 0.89374
vt 0.005155 0.924844
vt 0.005155 0.966959
vt 0.036318 0.995375
vt 0.078373 0.995375
vt 0.106813 0.964248
f 402/402 405/405 404/404
f 404/404 403/403 402/402
f 399/399 402/402 403/403
f 403/403 400/400 399/399
f 398/398 399/399 400/400
f 400/400 401/401 398/398
f 398/398 401/401 793/793
f 793/793 794/794 398/398
f 794/794 793/793 795/795
f 795/795 796/796 794/794
f 796/796 795/795 797/797
f 797/797 798/798 796/796
f 412/412 411/411 410/410
f 407/407 410/410 411/411
f 411/411 408/408 407/407
f 406/406 407/407 408/408
f 408/408 409/409 406/406
f 406/406 409/409 799/799
f 799/799 800/800 406/406
f 800/800 799/799 801/801
f 801/801 802/802 800/800
f 803/803 802/802 801/801
f 417/417 418/418 414/414
f 414/414 413/413 417/417
f 413/413 414/414 415/415
f 415/415 416/416 413/413
f 805/805 416/416 415/415
f 415/415 804/804 805/805
f 806/806 805/805 804/804
f 804/804 807/807 806/806
f 423/423 426/426 425/425
f 425/425 424/424 423/423
f 420/420 423/423 424/424
f 424/424 421/421 420/420
f 419/419 420/420 421/421
f 421/421 422/422 419/419
f 419/419 422/422 808/808
f 808/808 809/809 419/419
f 809/809 808/808 810/810
f 810/810 811/811 809/809
f 811/811 810/810 812/812
f 812/812 813/813 811/811
f 350/350 358/358 349/349
f 346/346 350/350 349/349
f 349/349 347/347 346/346
f 347/347 349/349 354/354
f 346/346 347/347 344/344
f 344/344 345/345 346/346
f 347/347 354/354 355/355
f 355/355 344/344 347/347
f 355/355 354/354 357/357
f 345/345 344/344 340/340
f 340/340 343/343 345/345
f 342/342 343/343 340/340
f 348/348 340/340 344/344
f 344/344 355/355 348/348
f 340/340 341/341 342/342
f 341/341 340/340 348/348
f 332/332 342/342 341/341
f 334/334 335/335 332/332
f 332/332 333/333 334/334
f 341/341 333/333 332/332
f 336/336 334/334 333/333
f 333/333 341/341 337/337
f 333/333 337/337 336/336
f 348/348 337/337 341/341
f 302/302 372/372 336/336
f 352/352 337/337 348/348
f 303/303 336/336 337/337
f 336/336 303/303 302/302
f 337/337 352/352 303/303
f 348/348 356/356 352/352
f 356/356 348/348 355/355
f 303/303 352/352 351/351
f 351/351 352/352 356/356
f 302/302 303/303 304/304
f 351/351 304/304 303/303
f 304/304 305/305 302/302
f 355/355 353/353 356/356
f 356/356 353/353 351/351
f 357/357 353/353 355/355
f 353/353 357/357 315/315
f 351/351 353/353 315/315
f 315/315 310/310 351/351
f 304/304 351/351 310/310
f 310/310 315/315 314/314
f 305/305 304/304 306/306
f 310/310 306/306 304/304
f 306/306 307/307 305/305
f 314/314 311/311 310/310
f 306/306 310/310 311/311
f 307/307 306/306 308/308
f 311/311 308/308 306/306
f 308/308 309/309 307/307
f 313/313 309/309 308/308
f 316/316 311/311 314/314
f 308/308 311/311 316/316
f 314/314 323/323 316/316
f 308/308 312/312 313/313
f 316/316 312/312 308/308
f 318/318 313/313 312/312
f 316/316 323/323 325/325
f 312/312 317/317 318/318
f 317/317 312/312 316/316
f 320/320 318/318 317/317
f 325/325 324/324 316/316
f 316/316 324/324 317/317
f 324/324 325/325 327/327
f 321/321 322/322 320/320
f 327/327 326/326 324/324
f 317/317 324/324 326/326
f 326/326 327/327 329/329
f 329/329 328/328 326/326
f 317/317 319/319 320/320
f 326/326 319/319 317/317
f 320/320 319/319 321/321
f 319/319 326/326 328/328
f 328/328 321/321 319/319
f 757/757 756/756 765/765
f 756/756 757/757 753/753
f 753/753 752/752 756/756
f 752/752 762/762 756/756
f 751/751 752/752 753/753
f 753/753 754/754 751/751
f 761/761 762/762 752/752
f 752/752 751/751 761/761
f 764/764 762/762 761/761
f 749/749 751/751 754/754
f 754/754 750/750 749/749
f 749/749 750/750 747/747
f 751/751 749/749 755/755
f 755/755 761/761 751/751
f 747/747 748/748 749/749
f 755/755 749/749 748/748
f 748/748 747/747 739/739
f 761/761 760/760 764/764
f 760/760 723/723 764/764
f 763/763 760/760 761/761
f 761/761 755/755 763/763
f 723/723 760/760 758/758
f 758/758 760/760 763/763
f 759/759 763/763 755/755
f 763/763 759/759 758/758
f 748/748 744/744 755/755
f 755/755 744/744 759/759
f 739/739 742/742 748/748
f 744/744 748/748 742/742
f 739/739 740/740 741/741
f 741/741 742/742 739/739
f 742/742 741/741 743/743
f 743/743 744/744 742/742
f 713/713 759/759 744/744
f 744/744 743/743 713/713
f 758/758 759/759 713/713
f 743/743 775/775 710/710
f 710/710 713/713 743/743
f 712/712 713/713 710/710
f 713/713 712/712 758/758
f 710/710 711/711 712/712
f 719/719 758/758 712/712
f 758/758 719/719 723/723
f 715/715 712/712 711/711
f 712/712 715/715 719/719
f 711/711 714/714 715/715
f 722/722 723/723 719/719
f 716/716 715/715 714/714
f 714/714 717/717 716/716
f 716/716 717/717 720/720
f 718/718 719/719 715/715
f 715/715 716/716 718/718
f 719/719 718/718 722/722
f 720/720 721/721 716/716
f 718/718 716/716 721/721
f 721/721 720/720 725/725
f 722/722 718/718 724/724
f 721/721 724/724 718/718
f 724/724 731/731 722/722
f 733/733 731/731 724/724
f 725/725 726/726 721/721
f 724/724 721/721 726/726
f 724/724 732/732 733/733
f 726/726 732/732 724/724
f 735/735 733/733 732/732
f 728/728 726/726 725/725
f 725/725 727/727 728/728
f 734/734 732/732 726/726
f 732/732 734/734 735/735
f 726/726 728/728 734/734
f 737/737 735/735 734/734
f 734/734 736/736 737/737
f 736/736 734/734 728/728
f 728/728 730/730 736/736
f 730/730 728/728 727/727
f 727/727 729/729 730/730
f 176/176 177/177 174/174
f 174/174 175/175 176/176
f 175/175 174/174 178/178
f 189/189 176/176 175/175
f 178/178 179/179 175/175
f 179/179 178/178 180/180
f 175/175 188/188 189/189
f 188/188 175/175 179/179
f 195/195 189/189 188/188
f 180/180 181/181 179/179
f 181/181 180/180 182/182
f 179/179 187/187 188/188
f 187/187 179/179 181/181
f 188/188 194/194 195/195
f 194/194 188/188 187/187
f 206/206 195/195 194/194
f 182/182 183/183 181/181
f 183/183 182/182 172/172
f 194/194 205/205 206/206
f 208/208 206/206 205/205
f 172/172 173/173 170/170
f 170/170 171/171 172/172
f 172/172 171/171 183/183
f 171/171 170/170 218/218
f 186/186 181/181 183/183
f 181/181 186/186 187/187
f 184/184 183/183 171/171
f 183/183 184/184 186/186
f 218/218 185/185 171/171
f 171/171 185/185 184/184
f 191/191 185/185 218/218
f 218/218 250/250 191/191
f 190/190 184/184 185/185
f 185/185 191/191 190/190
f 192/192 186/186 184/184
f 184/184 190/190 192/192
f 193/193 187/187 186/186
f 186/186 192/192 193/193
f 187/187 193/193 194/194
f 205/205 194/194 193/193
f 193/193 204/204 205/205
f 204/204 193/193 192/192
f 208/208 205/205 204/204
f 198/198 192/192 190/190
f 192/192 198/198 204/204
f 204/204 207/207 208/208
f 210/210 208/208 207/207
f 204/204 198/198 202/202
f 202/202 207/207 204/204
f 190/190 196/196 198/198
f 202/202 198/198 196/196
f 196/196 190/190 191/191
f 207/207 209/209 210/210
f 209/209 207/207 202/202
f 214/214 210/210 209/209
f 191/191 197/197 196/196
f 197/197 191/191 250/250
f 250/250 256/256 197/197
f 196/196 199/199 202/202
f 199/199 196/196 197/197
f 202/202 201/201 209/209
f 201/201 202/202 199/199
f 209/209 213/213 214/214
f 213/213 209/209 201/201
f 214/214 213/213 216/216
f 216/216 217/217 214/214
f 201/201 211/211 213/213
f 217/217 216/216 254/254
f 254/254 255/255 217/217
f 266/266 255/255 254/254
f 211/211 201/201 203/203
f 199/199 203/203 201/201
f 213/213 211/211 215/215
f 215/215 211/211 203/203
f 215/215 216/216 213/213
f 212/212 203/203 199/199
f 203/203 212/212 215/215
f 199/199 200/200 212/212
f 197/197 200/200 199/199
f 215/215 212/212 252/252
f 252/252 212/212 200/200
f 216/216 215/215 253/253
f 252/252 253/253 215/215
f 253/253 254/254 216/216
f 251/251 200/200 197/197
f 200/200 251/251 252/252
f 251/251 197/197 256/256
f 251/251 256/256 257/257
f 253/253 252/252 263/263
f 263/263 252/252 251/251
f 259/259 251/251 257/257
f 251/251 259/259 263/263
f 257/257 258/258 259/259
f 263/263 264/264 253/253
f 254/254 253/253 264/264
f 268/268 259/259 258/258
f 258/258 267/267 268/268
f 274/274 263/263 259/259
f 259/259 268/268 274/274
f 267/267 271/271 272/272
f 267/267 272/272 268/268
f 263/263 274/274 275/275
f 275/275 264/264 263/263
f 272/272 273/273 268/268
f 273/273 272/272 296/296
f 296/296 297/297 273/273
f 285/285 274/274 268/268
f 268/268 273/273 285/285
f 285/285 273/273 297/297
f 275/275 274/274 285/285
f 297/297 298/298 285/285
f 286/286 285/285 298/298
f 285/285 286/286 275/275
f 298/298 299/299 286/286
f 276/276 275/275 286/286
f 264/264 275/275 276/276
f 287/287 286/286 299/299
f 286/286 287/287 276/276
f 299/299 300/300 287/287
f 288/288 287/287 300/300
f 300/300 301/301 288/288
f 276/276 287/287 288/288
f 288/288 277/277 276/276
f 276/276 265/265 264/264
f 265/265 276/276 277/277
f 264/264 265/265 254/254
f 277/277 266/266 265/265
f 254/254 265/265 266/266
f 220/220 221/221 129/129
f 128/128 220/220 129/129
f 128/128 219/219 220/220
f 128/128 129/129 121/121
f 153/153 219/219 128/128
f 121/121 120/120 128/128
f 128/128 140/140 153/153
f 140/140 128/128 120/120
f 120/120 121/121 118/118
f 118/118 121/121 158/158
f 120/120 137/137 140/140
f 158/158 122/122 118/118
f 118/118 119/119 120/120
f 137/137 120/120 119/119
f 116/116 118/118 122/122
f 119/119 118/118 116/116
f 167/167 122/122 158/158
f 158/158 168/168 167/167
f 167/167 168/168 169/169
f 117/117 122/122 167/167
f 122/122 117/117 116/116
f 169/169 102/102 167/167
f 102/102 169/169 161/161
f 167/167 166/166 117/117
f 166/166 167/167 102/102
f 116/116 117/117 115/115
f 115/115 117/117 166/166
f 161/161 103/103 102/102
f 102/102 63/63 166/166
f 63/63 102/102 103/103
f 104/104 103/103 161/161
f 161/161 159/159 104/104
f 104/104 159/159 160/160
f 103/103 59/59 63/63
f 59/59 103/103 104/104
f 165/165 166/166 63/63
f 166/166 165/165 115/115
f 41/41 63/63 59/59
f 63/63 41/41 165/165
f 104/104 56/56 59/59
f 56/56 104/104 105/105
f 160/160 105/105 104/104
f 59/59 56/56 34/34
f 105/105 57/57 56/56
f 34/34 56/56 57/57
f 106/106 105/105 160/160
f 57/57 105/105 106/106
f 34/34 42/42 59/59
f 59/59 42/42 41/41
f 30/30 42/42 34/34
f 41/41 42/42 30/30
f 34/34 31/31 30/30
f 30/30 29/29 41/41
f 13/13 30/30 31/31
f 29/29 30/30 13/13
f 41/41 29/29 162/162
f 162/162 165/165 41/41
f 13/13 15/15 29/29
f 162/162 29/29 15/15
f 165/165 162/162 113/113
f 113/113 115/115 165/165
f 15/15 163/163 162/162
f 113/113 162/162 163/163
f 14/14 15/15 13/13
f 163/163 15/15 14/14
f 13/13 12/12 14/14
f 14/14 164/164 163/163
f 163/163 164/164 109/109
f 12/12 13/13 11/11
f 31/31 11/11 13/13
f 11/11 7/7 12/12
f 109/109 108/108 163/163
f 163/163 108/108 113/113
f 108/108 109/109 110/110
f 112/112 113/113 108/108
f 115/115 113/113 112/112
f 110/110 111/111 108/108
f 108/108 111/111 112/112
f 111/111 110/110 136/136
f 136/136 135/135 111/111
f 112/112 111/111 135/135
f 135/135 136/136 124/124
f 112/112 114/114 115/115
f 115/115 114/114 116/116
f 124/124 123/123 135/135
f 123/123 124/124 16/16
f 127/127 116/116 114/114
f 116/116 127/127 119/119
f 125/125 114/114 112/112
f 114/114 125/125 127/127
f 135/135 126/126 112/112
f 112/112 126/126 125/125
f 135/135 123/123 55/55
f 55/55 126/126 135/135
f 16/16 19/19 123/123
f 55/55 123/123 19/19
f 54/54 125/125 126/126
f 126/126 55/55 54/54
f 18/18 19/19 16/16
f 16/16 17/17 18/18
f 19/19 28/28 55/55
f 28/28 19/19 18/18
f 40/40 54/54 55/55
f 55/55 28/28 40/40
f 125/125 54/54 62/62
f 62/62 127/127 125/125
f 54/54 40/40 61/61
f 61/61 62/62 54/54
f 127/127 62/62 107/107
f 107/107 119/119 127/127
f 62/62 61/61 101/101
f 101/101 107/107 62/62
f 107/107 131/131 119/119
f 131/131 137/137 119/119
f 107/107 101/101 130/130
f 130/130 131/131 107/107
f 100/100 101/101 61/61
f 132/132 130/130 101/101
f 101/101 100/100 132/132
f 131/131 130/130 142/142
f 142/142 130/130 132/132
f 138/138 137/137 131/131
f 142/142 141/141 131/131
f 131/131 141/141 138/138
f 137/137 138/138 139/139
f 139/139 140/140 137/137
f 153/153 140/140 139/139
f 151/151 138/138 141/141
f 139/139 138/138 151/151
f 139/139 152/152 153/153
f 151/151 152/152 139/139
f 153/153 152/152 261/261
f 261/261 152/152 151/151
f 261/261 262/262 153/153
f 270/270 262/262 261/261
f 261/261 269/269 270/270
f 294/294 295/295 269/269
f 269/269 261/261 294/294
f 294/294 261/261 284/284
f 151/151 284/284 261/261
f 284/284 292/292 294/294
f 141/141 147/147 151/151
f 284/284 151/151 147/147
f 147/147 141/141 142/142
f 292/292 284/284 283/283
f 147/147 283/283 284/284
f 283/283 293/293 292/292
f 290/290 293/293 283/283
f 283/283 147/147 148/148
f 142/142 148/148 147/147
f 148/148 282/282 283/283
f 283/283 282/282 290/290
f 280/280 282/282 148/148
f 290/290 282/282 280/280
f 149/149 148/148 142/142
f 148/148 149/149 280/280
f 338/338 339/339 290/290
f 290/290 331/331 338/338
f 330/330 331/331 290/290
f 142/142 143/143 149/149
f 132/132 143/143 142/142
f 290/290 291/291 330/330
f 150/150 149/149 143/143
f 330/330 291/291 699/699
f 699/699 738/738 330/330
f 745/745 738/738 699/699
f 699/699 746/746 745/745
f 289/289 291/291 290/290
f 699/699 291/291 289/289
f 290/290 281/281 289/289
f 280/280 281/281 290/290
f 280/280 279/279 281/281
f 279/279 280/280 149/149
f 289/289 281/281 279/279
f 149/149 150/150 279/279
f 279/279 278/278 289/289
f 279/279 150/150 157/157
f 157/157 278/278 279/279
f 289/289 278/278 689/689
f 689/689 278/278 157/157
f 689/689 691/691 289/289
f 289/289 691/691 699/699
f 690/690 691/691 689/689
f 699/699 691/691 690/690
f 157/157 566/566 689/689
f 690/690 692/692 699/699
f 565/565 690/690 689/689
f 689/689 566/566 565/565
f 564/564 692/692 690/690
f 690/690 565/565 564/564
f 699/699 692/692 693/693
f 693/693 692/692 564/564
f 693/693 701/701 699/699
f 700/700 701/701 693/693
f 693/693 694/694 700/700
f 702/702 700/700 694/694
f 564/564 563/563 693/693
f 694/694 693/693 563/563
f 681/681 703/703 702/702
f 702/702 672/672 681/681
f 694/694 672/672 702/702
f 680/680 681/681 672/672
f 672/672 673/673 680/680
f 569/569 673/673 672/672
f 672/672 694/694 568/568
f 563/563 568/568 694/694
f 672/672 567/567 569/569
f 568/568 567/567 672/672
f 569/569 567/567 554/554
f 554/554 567/567 568/568
f 568/568 563/563 557/557
f 568/568 555/555 554/554
f 557/557 555/555 568/568
f 554/554 556/556 569/569
f 558/558 557/557 563/563
f 563/563 564/564 558/558
f 558/558 564/564 565/565
f 554/554 555/555 553/553
f 553/553 556/556 554/554
f 555/555 557/557 546/546
f 546/546 553/553 555/555
f 546/546 557/557 558/558
f 556/556 553/553 536/536
f 569/569 556/556 545/545
f 536/536 545/545 556/556
f 545/545 632/632 569/569
f 631/631 632/632 545/545
f 544/544 630/630 631/631
f 544/544 631/631 545/545
f 535/535 544/544 545/545
f 545/545 536/536 535/535
f 534/534 535/535 536/536
f 570/570 535/535 534/534
f 537/537 536/536 553/553
f 536/536 537/537 534/534
f 537/537 553/553 546/546
f 534/534 538/538 570/570
f 533/533 534/534 537/537
f 538/538 534/534 533/533
f 570/570 538/538 578/578
f 578/578 580/580 570/570
f 579/579 580/580 578/578
f 578/578 538/538 532/532
f 533/533 532/532 538/538
f 578/578 520/520 579/579
f 572/572 579/579 520/520
f 532/532 577/577 578/578
f 520/520 578/578 577/577
f 530/530 532/532 533/533
f 577/577 532/532 530/530
f 520/520 519/519 572/572
f 577/577 490/490 520/520
f 519/519 520/520 490/490
f 572/572 519/519 521/521
f 521/521 571/571 572/572
f 160/160 571/571 521/521
f 490/490 486/486 519/519
f 521/521 519/519 486/486
f 521/521 522/522 160/160
f 522/522 106/106 160/160
f 522/522 521/521 485/485
f 486/486 485/485 521/521
f 106/106 522/522 484/484
f 485/485 484/484 522/522
f 484/484 58/58 106/106
f 106/106 58/58 57/57
f 484/484 485/485 467/467
f 467/467 485/485 486/486
f 46/46 58/58 484/484
f 57/57 58/58 46/46
f 484/484 477/477 46/46
f 46/46 44/44 57/57
f 466/466 477/477 484/484
f 466/466 484/484 467/467
f 47/47 46/46 477/477
f 44/44 46/46 47/47
f 476/476 477/477 466/466
f 477/477 476/476 47/47
f 44/44 35/35 57/57
f 35/35 34/34 57/57
f 35/35 44/44 45/45
f 47/47 45/45 44/44
f 34/34 35/35 32/32
f 32/32 31/31 34/34
f 45/45 43/43 35/35
f 35/35 43/43 32/32
f 11/11 31/31 32/32
f 43/43 45/45 48/48
f 48/48 45/45 47/47
f 48/48 36/36 43/43
f 32/32 43/43 36/36
f 47/47 49/49 48/48
f 36/36 48/48 51/51
f 51/51 48/48 49/49
f 36/36 33/33 32/32
f 478/478 49/49 47/47
f 47/47 476/476 478/478
f 33/33 36/36 37/37
f 51/51 37/37 36/36
f 478/478 476/476 475/475
f 466/466 475/475 476/476
f 475/475 469/469 478/478
f 464/464 475/475 466/466
f 469/469 475/475 464/464
f 464/464 466/466 467/467
f 479/479 478/478 469/469
f 49/49 478/478 479/479
f 49/49 50/50 51/51
f 479/479 50/50 49/49
f 64/64 51/51 50/50
f 37/37 51/51 64/64
f 50/50 479/479 491/491
f 50/50 65/65 64/64
f 491/491 65/65 50/50
f 469/469 468/468 479/479
f 491/491 479/479 468/468
f 468/468 469/469 465/465
f 464/464 465/465 469/469
f 468/468 481/481 491/491
f 441/441 465/465 464/464
f 456/456 468/468 465/465
f 456/456 465/465 441/441
f 494/494 491/491 481/481
f 65/65 491/491 494/494
f 456/456 457/457 468/468
f 481/481 468/468 470/470
f 470/470 468/468 457/457
f 470/470 480/480 481/481
f 454/454 457/457 456/456
f 457/457 458/458 470/470
f 458/458 457/457 454/454
f 480/480 470/470 471/471
f 471/471 470/470 458/458
f 493/493 481/481 480/480
f 481/481 493/493 494/494
f 471/471 487/487 480/480
f 480/480 492/492 493/493
f 492/492 480/480 487/487
f 494/494 493/493 497/497
f 493/493 492/492 496/496
f 496/496 497/497 493/493
f 492/492 500/500 496/496
f 497/497 496/496 501/501
f 501/501 496/496 500/500
f 500/500 492/492 495/495
f 487/487 495/495 492/492
f 500/500 511/511 501/501
f 495/495 499/499 500/500
f 499/499 511/511 500/500
f 495/495 487/487 517/517
f 499/499 495/495 516/516
f 517/517 516/516 495/495
f 511/511 499/499 513/513
f 517/517 487/487 488/488
f 512/512 501/501 511/511
f 472/472 488/488 487/487
f 487/487 471/471 472/472
f 502/502 501/501 512/512
f 501/501 502/502 497/497
f 510/510 512/512 511/511
f 513/513 510/510 511/511
f 512/512 504/504 502/502
f 504/504 512/512 510/510
f 498/498 497/497 502/502
f 497/497 498/498 494/494
f 503/503 502/502 504/504
f 502/502 503/503 498/498
f 510/510 509/509 504/504
f 504/504 505/505 503/503
f 505/505 504/504 509/509
f 498/498 503/503 80/80
f 80/80 503/503 505/505
f 69/69 494/494 498/498
f 494/494 69/69 65/65
f 80/80 74/74 498/498
f 498/498 74/74 69/69
f 65/65 69/69 68/68
f 68/68 64/64 65/65
f 69/69 74/74 73/73
f 73/73 68/68 69/69
f 73/73 74/74 80/80
f 52/52 64/64 68/68
f 64/64 52/52 37/37
f 68/68 73/73 71/71
f 68/68 66/66 52/52
f 71/71 66/66 68/68
f 38/38 37/37 52/52
f 53/53 52/52 66/66
f 52/52 53/53 38/38
f 66/66 71/71 72/72
f 66/66 67/67 53/53
f 72/72 67/67 66/66
f 78/78 72/72 71/71
f 72/72 75/75 67/67
f 75/75 72/72 78/78
f 77/77 71/71 73/73
f 71/71 77/77 78/78
f 73/73 79/79 77/77
f 80/80 79/79 73/73
f 93/93 78/78 77/77
f 82/82 77/77 79/79
f 77/77 82/82 93/93
f 81/81 79/79 80/80
f 79/79 81/81 82/82
f 92/92 78/78 93/93
f 78/78 92/92 75/75
f 89/89 93/93 82/82
f 93/93 89/89 92/92
f 86/86 82/82 81/81
f 82/82 86/86 89/89
f 80/80 83/83 81/81
f 505/505 83/83 80/80
f 81/81 85/85 86/86
f 85/85 81/81 83/83
f 83/83 505/505 506/506
f 509/509 506/506 505/505
f 83/83 84/84 85/85
f 506/506 84/84 83/83
f 86/86 85/85 87/87
f 87/87 85/85 84/84
f 509/509 508/508 506/506
f 84/84 506/506 508/508
f 84/84 90/90 87/87
f 508/508 90/90 84/84
f 86/86 87/87 88/88
f 88/88 89/89 86/86
f 87/87 90/90 91/91
f 91/91 90/90 508/508
f 91/91 88/88 87/87
f 507/507 508/508 509/509
f 508/508 507/507 91/91
f 509/509 510/510 507/507
f 513/513 507/507 510/510
f 94/94 91/91 507/507
f 88/88 91/91 94/94
f 513/513 94/94 507/507
f 88/88 95/95 89/89
f 88/88 94/94 95/95
f 92/92 89/89 95/95
f 98/98 94/94 513/513
f 95/95 94/94 98/98
f 95/95 76/76 92/92
f 92/92 76/76 75/75
f 98/98 96/96 95/95
f 75/75 76/76 70/70
f 70/70 67/67 75/75
f 97/97 76/76 95/95
f 95/95 96/96 97/97
f 99/99 70/70 76/76
f 76/76 97/97 99/99
f 67/67 70/70 60/60
f 60/60 53/53 67/67
f 70/70 99/99 100/100
f 100/100 60/60 70/70
f 61/61 60/60 100/100
f 60/60 61/61 40/40
f 132/132 100/100 99/99
f 40/40 39/39 60/60
f 53/53 60/60 39/39
f 39/39 40/40 28/28
f 39/39 38/38 53/53
f 28/28 27/27 39/39
f 18/18 27/27 28/28
f 39/39 27/27 26/26
f 26/26 27/27 18/18
f 26/26 38/38 39/39
f 18/18 21/21 26/26
f 21/21 18/18 17/17
f 17/17 20/20 21/21
f 38/38 26/26 25/25
f 25/25 37/37 38/38
f 26/26 21/21 22/22
f 22/22 21/21 20/20
f 22/22 25/25 26/26
f 20/20 8/8 22/22
f 25/25 24/24 37/37
f 24/24 25/25 22/22
f 24/24 33/33 37/37
f 22/22 8/8 1/1
f 5/5 1/1 8/8
f 22/22 23/23 24/24
f 1/1 23/23 22/22
f 10/10 33/33 24/24
f 24/24 23/23 10/10
f 32/32 33/33 10/10
f 4/4 10/10 23/23
f 23/23 1/1 4/4
f 10/10 9/9 32/32
f 9/9 10/10 4/4
f 32/32 9/9 11/11
f 4/4 3/3 9/9
f 9/9 3/3 11/11
f 3/3 4/4 1/1
f 3/3 2/2 11/11
f 1/1 2/2 3/3
f 2/2 1/1 5/5
f 2/2 7/7 11/11
f 5/5 6/6 2/2
f 7/7 2/2 6/6
f 99/99 134/134 132/132
f 133/133 134/134 99/99
f 99/99 97/97 133/133
f 144/144 132/132 134/134
f 144/144 143/143 132/132
f 134/134 133/133 146/146
f 146/146 144/144 134/134
f 144/144 145/145 143/143
f 143/143 145/145 150/150
f 150/150 145/145 156/156
f 156/156 145/145 144/144
f 156/156 157/157 150/150
f 566/566 157/157 156/156
f 144/144 155/155 156/156
f 155/155 144/144 146/146
f 156/156 560/560 566/566
f 156/156 155/155 561/561
f 561/561 560/560 156/156
f 566/566 560/560 559/559
f 559/559 560/560 561/561
f 559/559 565/565 566/566
f 565/565 559/559 558/558
f 558/558 559/559 548/548
f 548/548 559/559 561/561
f 548/548 547/547 558/558
f 558/558 547/547 546/546
f 523/523 546/546 547/547
f 523/523 537/537 546/546
f 518/518 547/547 548/548
f 547/547 518/518 523/523
f 543/543 537/537 523/523
f 537/537 543/543 533/533
f 489/489 523/523 518/518
f 523/523 489/489 543/543
f 531/531 533/533 543/543
f 533/533 531/531 530/530
f 543/543 542/542 531/531
f 542/542 543/543 489/489
f 530/530 531/531 529/529
f 529/529 531/531 542/542
f 518/518 488/488 489/489
f 488/488 518/518 517/517
f 548/548 517/517 518/518
f 483/483 489/489 488/488
f 489/489 483/483 542/542
f 516/516 517/517 548/548
f 488/488 472/472 483/483
f 548/548 549/549 516/516
f 548/548 561/561 549/549
f 541/541 542/542 483/483
f 542/542 541/541 529/529
f 483/483 482/482 541/541
f 482/482 483/483 472/472
f 529/529 541/541 552/552
f 552/552 541/541 482/482
f 472/472 460/460 482/482
f 460/460 472/472 471/471
f 482/482 540/540 552/552
f 471/471 459/459 460/460
f 458/458 459/459 471/471
f 482/482 460/460 449/449
f 449/449 540/540 482/482
f 460/460 459/459 450/450
f 450/450 459/459 458/458
f 450/450 449/449 460/460
f 539/539 540/540 449/449
f 552/552 540/540 539/539
f 449/449 448/448 539/539
f 448/448 449/449 450/450
f 539/539 551/551 552/552
f 450/450 451/451 448/448
f 552/552 551/551 525/525
f 451/451 450/450 452/452
f 458/458 452/452 450/450
f 452/452 453/453 451/451
f 454/454 452/452 458/458
f 453/453 452/452 454/454
f 454/454 440/440 453/453
f 525/525 524/524 552/552
f 552/552 524/524 529/529
f 524/524 525/525 526/526
f 526/526 527/527 524/524
f 529/529 524/524 527/527
f 527/527 526/526 575/575
f 527/527 528/528 529/529
f 529/529 528/528 530/530
f 575/575 574/574 527/527
f 528/528 527/527 574/574
f 574/574 575/575 447/447
f 576/576 530/530 528/528
f 530/530 576/576 577/577
f 490/490 577/577 576/576
f 574/574 573/573 528/528
f 528/528 573/573 576/576
f 447/447 446/446 574/574
f 573/573 574/574 446/446
f 446/446 447/447 445/445
f 576/576 474/474 490/490
f 474/474 576/576 573/573
f 486/486 490/490 474/474
f 446/446 461/461 573/573
f 573/573 461/461 474/474
f 445/445 444/444 446/446
f 461/461 446/446 444/444
f 444/444 445/445 439/439
f 474/474 461/461 462/462
f 444/444 462/462 461/461
f 474/474 473/473 486/486
f 462/462 473/473 474/474
f 486/486 473/473 467/467
f 467/467 473/473 462/462
f 462/462 463/463 467/467
f 463/463 462/462 444/444
f 467/467 463/463 464/464
f 444/444 443/443 463/463
f 464/464 463/463 443/443
f 439/439 443/443 444/444
f 443/443 442/442 464/464
f 464/464 442/442 441/441
f 443/443 439/439 434/434
f 439/439 437/437 434/434
f 434/434 437/437 438/438
f 433/433 442/442 443/443
f 433/433 443/443 434/434
f 438/438 435/435 434/434
f 433/433 434/434 435/435
f 438/438 440/440 435/435
f 435/435 440/440 454/454
f 442/442 433/433 436/436
f 435/435 436/436 433/433
f 436/436 441/441 442/442
f 454/454 455/455 435/435
f 436/436 435/435 455/455
f 455/455 441/441 436/436
f 456/456 455/455 454/454
f 441/441 455/455 456/456
f 587/587 588/588 585/585
f 585/585 586/586 587/587
f 586/586 585/585 600/600
f 590/590 587/587 586/586
f 600/600 599/599 586/586
f 599/599 600/600 606/606
f 586/586 589/589 590/590
f 589/589 586/586 599/599
f 592/592 590/590 589/589
f 606/606 605/605 599/599
f 605/605 606/606 617/617
f 599/599 598/598 589/589
f 598/598 599/599 605/605
f 589/589 591/591 592/592
f 591/591 589/589 598/598
f 594/594 592/592 591/591
f 617/617 616/616 605/605
f 619/619 616/616 617/617
f 591/591 593/593 594/594
f 581/581 594/594 593/593
f 604/604 605/605 616/616
f 605/605 604/604 598/598
f 583/583 584/584 581/581
f 598/598 597/597 591/591
f 597/597 598/598 604/604
f 593/593 591/591 597/597
f 581/581 582/582 583/583
f 593/593 582/582 581/581
f 629/629 583/583 582/582
f 597/597 595/595 593/593
f 582/582 593/593 595/595
f 582/582 596/596 629/629
f 595/595 596/596 582/582
f 629/629 596/596 602/602
f 602/602 661/661 629/629
f 596/596 595/595 601/601
f 601/601 602/602 596/596
f 595/595 597/597 603/603
f 603/603 601/601 595/595
f 604/604 603/603 597/597
f 602/602 601/601 607/607
f 603/603 604/604 615/615
f 616/616 615/615 604/604
f 615/615 616/616 619/619
f 601/601 603/603 609/609
f 615/615 609/609 603/603
f 609/609 607/607 601/601
f 619/619 618/618 615/615
f 618/618 619/619 621/621
f 612/612 609/609 615/615
f 615/615 618/618 612/612
f 607/607 609/609 612/612
f 621/621 620/620 618/618
f 612/612 618/618 620/620
f 620/620 621/621 625/625
f 612/612 610/610 607/607
f 620/620 613/613 612/612
f 610/610 612/612 613/613
f 625/625 624/624 620/620
f 613/613 620/620 624/624
f 627/627 624/624 625/625
f 625/625 628/628 627/627
f 624/624 622/622 613/613
f 665/665 627/627 628/628
f 628/628 666/666 665/665
f 665/665 666/666 677/677
f 624/624 627/627 626/626
f 626/626 622/622 624/624
f 613/613 622/622 614/614
f 614/614 622/622 626/626
f 613/613 614/614 610/610
f 664/664 626/626 627/627
f 627/627 665/665 664/664
f 626/626 623/623 614/614
f 610/610 614/614 623/623
f 662/662 623/623 626/626
f 626/626 664/664 662/662
f 623/623 611/611 610/610
f 611/611 623/623 662/662
f 610/610 611/611 608/608
f 608/608 607/607 610/610
f 607/607 608/608 602/602
f 661/661 602/602 608/608
f 608/608 667/667 661/661
f 608/608 611/611 663/663
f 667/667 608/608 663/663
f 662/662 663/663 611/611
f 668/668 667/667 663/663
f 663/663 662/662 674/674
f 674/674 662/662 664/664
f 668/668 663/663 669/669
f 674/674 669/669 663/663
f 669/669 670/670 668/668
f 664/664 675/675 674/674
f 675/675 664/664 665/665
f 670/670 669/669 678/678
f 678/678 679/679 670/670
f 669/669 674/674 685/685
f 685/685 678/678 669/669
f 679/679 683/683 684/684
f 679/679 678/678 683/683
f 686/686 685/685 674/674
f 674/674 675/675 686/686
f 678/678 685/685 695/695
f 695/695 685/685 686/686
f 678/678 682/682 683/683
f 695/695 682/682 678/678
f 705/705 683/683 682/682
f 682/682 704/704 705/705
f 704/704 682/682 695/695
f 695/695 706/706 704/704
f 706/706 695/695 696/696
f 686/686 696/696 695/695
f 696/696 707/707 706/706
f 696/696 686/686 687/687
f 687/687 686/686 675/675
f 707/707 696/696 697/697
f 687/687 697/697 696/696
f 697/697 708/708 707/707
f 708/708 697/697 698/698
f 698/698 709/709 708/708
f 698/698 697/697 687/687
f 687/687 688/688 698/698
f 688/688 687/687 676/676
f 675/675 676/676 687/687
f 676/676 677/677 688/688
f 665/665 676/676 675/675
f 677/677 676/676 665/665
f 432/432 388/388 383/383
f 384/384 383/383 388/388
f 384/384 381/381 383/383
f 383/383 381/381 380/380
f 388/388 389/389 384/384
f 379/379 380/380 381/381
f 389/389 388/388 392/392
f 381/381 382/382 379/379
f 379/379 382/382 780/780
f 780/780 781/781 379/379
f 781/781 780/780 782/782
f 783/783 782/782 780/780
f 788/788 782/782 783/783
f 817/817 782/782 788/788
f 783/783 787/787 788/788
f 792/792 788/788 787/787
f 787/787 791/791 792/792
f 396/396 792/792 791/791
f 787/787 397/397 791/791
f 791/791 397/397 396/396
f 814/814 397/397 787/787
f 428/428 397/397 814/814
f 428/428 427/427 397/397
f 427/427 389/389 397/397
f 396/396 397/397 393/393
f 389/389 393/393 397/397
f 393/393 392/392 396/396
f 392/392 393/393 389/389
f 224/224 223/223 260/260
f 222/222 223/223 224/224
f 260/260 244/244 224/224
f 224/224 225/225 222/222
f 227/227 222/222 225/225
f 224/224 244/244 239/239
f 239/239 244/244 245/245
f 224/224 239/239 238/238
f 238/238 225/225 224/224
f 245/245 237/237 239/239
f 238/238 239/239 237/237
f 237/237 245/245 246/246
f 225/225 238/238 240/240
f 246/246 235/235 237/237
f 235/235 246/246 247/247
f 237/237 236/236 238/238
f 236/236 237/237 235/235
f 240/240 238/238 236/236
f 247/247 233/233 235/235
f 233/233 247/247 248/248
f 235/235 234/234 236/236
f 236/236 234/234 240/240
f 235/235 233/233 232/232
f 232/232 234/234 235/235
f 248/248 231/231 233/233
f 234/234 232/232 242/242
f 242/242 240/240 234/234
f 230/230 232/232 233/233
f 233/233 231/231 230/230
f 241/241 242/242 232/232
f 240/240 242/242 241/241
f 232/232 230/230 241/241
f 240/240 226/226 225/225
f 241/241 226/226 240/240
f 225/225 226/226 227/227
f 241/241 227/227 226/226
f 243/243 227/227 241/241
f 230/230 229/229 241/241
f 241/241 229/229 243/243
f 228/228 229/229 230/230
f 228/228 243/243 229/229
f 230/230 231/231 228/228
f 228/228 231/231 248/248
f 243/243 228/228 249/249
f 248/248 249/249 228/228
f 671/671 636/636 635/635
f 635/635 656/656 671/671
f 635/635 636/636 633/633
f 656/656 635/635 649/649
f 655/655 656/656 649/649
f 633/633 634/634 635/635
f 634/634 633/633 637/637
f 650/650 649/649 635/635
f 635/635 634/634 650/650
f 649/649 647/647 655/655
f 647/647 649/649 650/650
f 657/657 655/655 647/647
f 637/637 638/638 634/634
f 647/647 645/645 657/657
f 658/658 657/657 645/645
f 650/650 648/648 647/647
f 645/645 647/647 648/648
f 651/651 650/650 634/634
f 648/648 650/650 651/651
f 634/634 638/638 651/651
f 648/648 646/646 645/645
f 651/651 646/646 648/648
f 645/645 643/643 658/658
f 659/659 658/658 643/643
f 645/645 646/646 644/644
f 644/644 643/643 645/645
f 646/646 651/651 653/653
f 653/653 644/644 646/646
f 652/652 653/653 651/651
f 644/644 653/653 652/652
f 651/651 638/638 652/652
f 652/652 638/638 637/637
f 652/652 637/637 654/654
f 643/643 644/644 639/639
f 652/652 639/639 644/644
f 654/654 640/640 652/652
f 639/639 652/652 640/640
f 640/640 654/654 641/641
f 639/639 640/640 641/641
f 654/654 660/660 641/641
f 641/641 660/660 659/659
f 639/639 642/642 643/643
f 641/641 642/642 639/639
f 643/643 642/642 659/659
f 659/659 642/642 641/641
f 375/375 376/376 373/373
f 373/373 376/376 776/776
f 373/373 374/374 375/375
f 776/776 777/777 373/373
f 378/378 375/375 374/374
f 777/777 776/776 778/778
f 374/374 377/377 378/378
f 778/778 779/779 777/777
f 377/377 387/387 378/378
f 779/779 778/778 784/784
f 387/387 377/377 385/385
f 786/786 779/779 784/784
f 385/385 386/386 387/387
f 784/784 785/785 786/786
f 386/386 385/385 390/390
f 390/390 391/391 386/386
f 385/385 431/431 390/390
f 394/394 391/391 390/390
f 431/431 429/429 390/390
f 429/429 395/395 390/390
f 390/390 395/395 394/394
f 429/429 430/430 395/395
f 815/815 395/395 430/430
f 394/394 395/395 790/790
f 815/815 790/790 395/395
f 790/790 789/789 394/394
f 785/785 789/789 790/790
f 790/790 786/786 785/785
f 816/816 790/790 815/815
f 786/786 790/790 816/816
f 362/362 371/371 366/366
f 362/362 366/366 365/365
f 362/362 370/370 371/371
f 365/365 363/363 362/362
f 362/362 361/361 370/370
f 364/364 363/363 365/365
f 365/365 367/367 364/364
f 364/364 367/367 770/770
f 362/362 363/363 146/146
f 146/146 133/133 362/362
f 361/361 362/362 133/133
f 133/133 97/97 361/361
f 154/154 146/146 363/363
f 363/363 364/364 154/154
f 146/146 154/154 155/155
f 360/360 361/361 97/97
f 370/370 361/361 360/360
f 97/97 96/96 360/360
f 360/360 369/369 370/370
f 360/360 96/96 98/98
f 369/369 360/360 359/359
f 98/98 359/359 360/360
f 359/359 368/368 369/369
f 772/772 368/368 359/359
f 359/359 766/766 772/772
f 766/766 359/359 98/98
f 773/773 772/772 766/766
f 98/98 515/515 766/766
f 513/513 515/515 98/98
f 766/766 768/768 773/773
f 514/514 515/515 513/513
f 766/766 515/515 514/514
f 514/514 768/768 766/766
f 513/513 499/499 514/514
f 516/516 514/514 499/499
f 550/550 514/514 516/516
f 768/768 514/514 550/550
f 516/516 549/549 550/550
f 767/767 773/773 768/768
f 550/550 767/767 768/768
f 767/767 774/774 773/773
f 767/767 771/771 774/774
f 770/770 771/771 767/767
f 562/562 550/550 549/549
f 767/767 550/550 562/562
f 549/549 561/561 562/562
f 562/562 561/561 155/155
f 155/155 154/154 562/562
f 767/767 769/769 770/770
f 562/562 769/769 767/767
f 769/769 562/562 154/154
f 770/770 769/769 364/364
f 154/154 364/364 769/769
f 842/842 835/835 827/827
f 827/827 835/835 836/836
f 827/827 834/834 842/842
f 841/841 842/842 834/834
f 836/836 828/828 827/827
f 834/834 833/833 841/841
f 840/840 841/841 833/833
f 829/829 828/828 836/836
f 836/836 837/837 829/829
f 833/833 832/832 840/840
f 839/839 840/840 832/832
f 830/830 829/829 837/837
f 837/837 838/838 830/830
f 838/838 839/839 831/831
f 831/831 830/830 838/838
f 832/832 831/831 839/839
f 829/829 830/830 822/822
f 830/830 831/831 823/823
f 823/823 822/822 830/830
f 831/831 832/832 824/824
f 824/824 823/823 831/831
f 822/822 821/821 829/829
f 828/828 829/829 821/821
f 818/818 822/822 823/823
f 818/818 821/821 822/822
f 818/818 823/823 824/824
f 821/821 820/820 828/828
f 818/818 820/820 821/821
f 827/827 828/828 820/820
f 825/825 824/824 832/832
f 818/818 824/824 825/825
f 832/832 833/833 825/825
f 820/820 819/819 827/827
f 818/818 819/819 820/820
f 834/834 827/827 819/819
f 818/818 825/825 826/826
f 818/818 826/826 819/819
f 826/826 825/825 833/833
f 819/819 826/826 834/834
f 833/833 834/834 826/826
f 853/853 861/861 867/867
f 860/860 861/861 853/853
f 867/867 859/859 853/853
f 859/859 867/867 866/866
f 853/853 852/852 860/860
f 866/866 858/858 859/859
f 858/858 866/866 865/865
f 845/845 853/853 859/859
f 865/865 857/857 858/858
f 857/857 865/865 864/864
f 851/851 859/859 858/858
f 859/859 851/851 845/845
f 850/850 858/858 857/857
f 858/858 850/850 851/851
f 864/864 856/856 857/857
f 856/856 864/864 863/863
f 857/857 849/849 850/850
f 849/849 857/857 856/856
f 843/843 851/851 850/850
f 843/843 850/850 849/849
f 843/843 845/845 851/851
f 856/856 848/848 849/849
f 843/843 849/849 848/848
f 863/863 855/855 856/856
f 848/848 856/856 855/855
f 855/855 863/863 862/862
f 855/855 847/847 848/848
f 843/843 848/848 847/847
f 862/862 854/854 855/855
f 847/847 855/855 854/854
f 854/854 862/862 860/860
f 860/860 852/852 854/854
f 854/854 846/846 847/847
f 846/846 854/854 852/852
f 843/843 847/847 846/846
f 852/852 844/844 846/846
f 843/843 846/846 844/844
f 843/843 844/844 845/845
f 844/844 852/852 853/853
f 853/853 845/845 844/844
o head_male_a.lod2
v -0.021384 0.133373 1.680153
v -0.021511 0.133214 1.681775
v -0.017773 0.134467 1.680314
v -0.017973 0.134444 1.679574
v -0.02383 0.129309 1.681282
v -0.023188 0.129772 1.682363
v -0.024885 0.129828 1.683977
v -0.027935 0.130871 1.680958
v -0.016428 0.136355 1.68001
v -0.016405 0.136133 1.678819
v -0.032952 0.133832 1.687621
v -0.033578 0.137325 1.688021
v -0.017773 0.134467 1.680314
v -0.021511 0.133214 1.681775
v -0.033578 0.137325 1.688021
v -0.040466 0.132605 1.686241
v -0.041736 0.135752 1.687021
v -0.037628 0.132982 1.678404
v -0.034107 0.13289 1.678475
v -0.034341 0.13617 1.677159
v -0.037791 0.13614 1.677169
v -0.020894 0.135344 1.679245
v -0.032623 0.136352 1.67196
v -0.019039 0.136165 1.676139
v -0.037446 0.13599 1.672195
v -0.042928 0.137419 1.689145
v -0.033608 0.139757 1.689817
v -0.01359 0.137669 1.681133
v -0.014798 0.137847 1.676073
v -0.011365 0.144273 1.676755
v -0.014851 0.142795 1.667783
v -0.032637 0.141413 1.661336
v -0.041032 0.140603 1.661298
v -0.045044 0.140008 1.692977
v -0.032324 0.144071 1.69392
v -0.01165 0.14661 1.688569
v -0.00947 0.144227 1.683031
v -0.006268 0.151888 1.690746
v -0.005423 0.150972 1.685209
v -0 0.153072 1.69099
v -0 0.152501 1.685919
v -0.004977 0.152045 1.678195
v -0 0.153848 1.678751
v -0 0.157143 1.671034
v -0.005277 0.155271 1.669968
v -0.014401 0.146267 1.655124
v -0.030271 0.139764 1.644345
v -0.053006 0.134648 1.665722
v -0.044733 0.134552 1.674537
v -0.034292 0.150403 1.70718
v -0.008629 0.154616 1.704912
v -0 0.155268 1.704435
v -0.044513 0.137235 1.643471
v -0.059943 0.125253 1.651775
v -0.052317 0.142192 1.707198
v -0.005826 0.160913 1.658876
v -0 0.163081 1.659373
v -0.018364 0.141636 1.645339
v -0.02487 0.137543 1.636706
v -0.013912 0.146766 1.6504
v -0.006162 0.163642 1.653924
v -0 0.165687 1.654873
v -0.016982 0.150016 1.643197
v -0.019549 0.144299 1.641848
v -0.007779 0.169102 1.64097
v -0 0.17245 1.640401
v -0.019543 0.141305 1.638673
v -0.022329 0.138559 1.631975
v -0.017638 0.151397 1.637494
v -0.018776 0.146411 1.636099
v -0.007398 0.168125 1.635018
v -0 0.170163 1.633759
v -0.004987 0.160993 1.630772
v -0.012497 0.151772 1.634159
v -0 0.161123 1.628247
v -0.00439 0.156539 1.629851
v -0.005021 0.151309 1.629655
v -0.012065 0.148048 1.632031
v -0 0.157073 1.628159
v -0 0.152829 1.62777
v -0.018201 0.143971 1.633124
v -0 0.150664 1.624615
v -0.013395 0.147475 1.626556
v -0.015173 0.146425 1.615503
v -0.026937 0.138141 1.612375
v 0 0.14836 1.614936
v -0.034298 0.135037 1.616134
v -0.04109 0.131275 1.61977
v -0.047989 0.124128 1.623261
v -0.052165 0.131743 1.727306
v -0.033237 0.144412 1.728692
v -0.007964 0.150907 1.726135
v -0 0.150517 1.724687
v -0.060766 0.105849 1.635059
v -0.047962 0.131328 1.683378
v -0.045989 0.129069 1.683496
v -0.046534 0.127685 1.682091
v -0.047659 0.130533 1.682041
v -0.050393 0.129498 1.681231
v -0.050581 0.131217 1.684524
v -0.060105 0.123462 1.679842
v -0.058575 0.124969 1.686501
v -0.070115 0.108345 1.679321
v -0.065233 0.111993 1.693262
v -0.074903 0.086049 1.677518
v -0.072653 0.093561 1.653737
v -0.073652 0.070103 1.646798
v -0.075958 0.06358 1.678561
v -0.070986 0.093279 1.7002
v -0.043341 0.135542 1.678432
v -0.042583 0.13261 1.679589
v -0.058522 0.12847 1.672355
v -0.047909 0.132433 1.677686
v -0.068575 0.115573 1.663972
v -0.072831 0.059561 1.64786
v -0.075744 0.053426 1.680236
v -0.047948 0.112748 1.606931
v -0.064777 0.09066 1.619038
v -0.041872 0.123068 1.603013
v -0.028067 0.133445 1.603322
v -0.035091 0.130424 1.602884
v -0.045944 0.133449 1.680297
v -0.044716 0.131015 1.680886
v -0.072969 0.076936 1.629655
v -0.068817 0.069472 1.606998
v -0.069273 0.061761 1.611892
v -0.071944 0.061899 1.632428
v -0.065164 0.080826 1.60006
v -0.046641 0.106347 1.58943
v -0.034455 0.121133 1.584601
v -0.022109 0.13382 1.587325
v -0.024536 0.130853 1.579573
v -0.018486 0.137989 1.593629
v -0.039174 0.094888 1.572521
v -0.054835 0.069998 1.586799
v -0.033233 0.108921 1.566961
v -0.024925 0.120107 1.560967
v -0.063094 0.049862 1.604273
v -0.066916 0.046191 1.633209
v -0.069584 0.051477 1.633185
v -0 0.140622 1.592389
v -0 0.138093 1.586499
v -0 0.141075 1.57477
v -0 0.129894 1.555073
v -0.075133 0.071054 1.707623
v -0.028637 0.134343 1.759191
v -0 0.140185 1.759073
v -0.048241 0.133604 1.686728
v -0.045987 0.133362 1.685058
v -0.044747 0.130691 1.68448
v -0.054302 0.133236 1.690965
v -0.061614 0.123257 1.701383
v -0.062635 0.110288 1.716924
v -0.068345 0.091344 1.734755
v -0.055273 0.11687 1.754644
v -0.075744 0.053426 1.680236
v -0.075966 0.05902 1.710979
v -0.075133 0.071054 1.707623
v -0.075958 0.06358 1.678561
v -0.028637 0.134343 1.759191
v -0.029037 0.117687 1.780798
v -0 0.125358 1.781935
v -0 0.140185 1.759073
v -0.055273 0.11687 1.754644
v -0.05582 0.101101 1.768884
v -0.068345 0.091344 1.734755
v -0.071032 0.077199 1.741824
v -0.076573 0.028985 1.716063
v -0.073871 0.039759 1.753579
v -0.056629 0.05435 1.785703
v -0.028009 0.066081 1.803301
v -0 0.073567 1.806639
v -0.070905 -0.011245 1.718085
v -0.067857 -0.006524 1.757927
v -0.051292 0.001236 1.789181
v -0.042524 -0.021161 1.780724
v -0.059617 -0.022917 1.758287
v -0.027647 0.005214 1.801522
v -0 0.007873 1.806073
v -0.024659 -0.022855 1.787548
v -0 -0.021549 1.791689
v -0.024359 -0.040158 1.76685
v -0.061351 -0.028769 1.718819
v -0 -0.0432 1.768218
v -0.02503 -0.053164 1.720382
v -0 -0.058053 1.719527
v -0.076408 0.042669 1.683532
v -0.075784 0.029938 1.689654
v -0.072299 0.050244 1.649408
v -0.073845 0.048435 1.664948
v -0.076408 0.042669 1.683532
v -0.072299 0.050244 1.649408
v -0.069584 0.051477 1.633185
v -0.074864 0.046748 1.63508
v -0.071486 0.045972 1.654521
v -0.072695 0.045278 1.660786
v -0.073845 0.048435 1.664948
v -0.084409 0.03044 1.692983
v -0.080002 0.036753 1.679096
v -0.080926 0.030076 1.668186
v -0.092836 0.013729 1.674939
v -0.07934 0.030172 1.660483
v -0.090716 0.020063 1.657348
v -0.077201 0.034679 1.653251
v -0.088124 0.029497 1.641745
v -0.073512 0.038119 1.651705
v -0.080776 0.040278 1.633736
v -0.073023 0.036799 1.65781
v -0.076604 0.037837 1.667538
v -0.076406 0.033387 1.665159
v -0.076408 0.042669 1.683532
v -0.080776 0.040278 1.633736
v -0.06836 0.041196 1.633005
v -0.069072 0.0314 1.639595
v -0.088124 0.029497 1.641745
v -0.073191 0.01838 1.655977
v -0.090716 0.020063 1.657348
v -0.076413 0.014822 1.673871
v -0.075784 0.029938 1.689654
v -0.066737 -0.012063 1.675729
v -0.057142 -0.029749 1.676293
v -0.022993 -0.053672 1.677005
v -0 -0.05848 1.677883
v -0.076413 0.014822 1.673871
v -0.073191 0.01838 1.655977
v -0.062666 -0.009706 1.656487
v -0.080776 0.040278 1.633736
v -0.066916 0.046191 1.633209
v -0.053586 -0.027675 1.656443
v -0.021098 -0.050089 1.657039
v -0 -0.054231 1.657241
v -0.069072 0.0314 1.639595
v -0.059883 -0.004344 1.636378
v -0.064005 0.028595 1.610186
v -0.06836 0.041196 1.633005
v -0.06836 0.041196 1.633005
v -0.064005 0.028595 1.610186
v -0.059053 0.001199 1.61492
v -0.050402 -0.023458 1.637834
v -0.018792 -0.044043 1.637971
v -0 -0.047938 1.639277
v -0.024114 0.108547 1.559877
v -0.047975 -0.021205 1.618398
v -0.017065 -0.041509 1.618268
v -0 -0.0439 1.618029
v -0 0.111924 1.552622
v -0.029133 0.087801 1.563841
v -0 0.098561 1.551607
v -0.059878 0.042787 1.590731
v -0.049953 0.065725 1.579954
v -0.063139 0.02517 1.595744
v -0.063139 0.02517 1.595744
v -0.058827 -0.001848 1.599774
v -0.047882 -0.026433 1.600775
v -0.01687 -0.042284 1.600997
v -0 -0.044771 1.600577
v -0.043517 0.058109 1.567086
v -0.058533 0.039138 1.56912
v -0.059878 0.042787 1.590731
v -0.049953 0.065725 1.579954
v -0.062562 0.021456 1.574834
v -0.063139 0.02517 1.595744
v -0.060302 -0.004927 1.584249
v -0.058827 -0.001848 1.599774
v -0.062377 0.016722 1.551266
v -0.065436 -0.006871 1.568532
v -0.05192 -0.031376 1.585322
v -0.047882 -0.026433 1.600775
v -0.0839 -0.0128 1.5444
v -0.0845 0.0206 1.5271
v -0.057089 -0.034844 1.571789
v -0.018845 -0.047077 1.580002
v -0.01687 -0.042284 1.600997
v -0 -0.049438 1.580116
v -0 -0.044771 1.600577
v -0.079 -0.0422 1.541
v -0.023066 -0.053145 1.564092
v -0.0296 -0.0646 1.5326
v -0 -0.056794 1.563968
v 1.2E-05 -0.071 1.5324
v -0 0.079231 1.55414
v -0.024473 0.068664 1.56022
v -0 0.068981 1.529728
v -0.027182 0.062576 1.535775
v -0.024473 0.068664 1.56022
v -0 0.079231 1.55414
v -0.044177 0.052237 1.540107
v -0.043517 0.058109 1.567086
v -0.049953 0.065725 1.579954
v -0 0.068822 1.493946
v -0.03049 0.066938 1.501879
v -0 0.076048 1.48727
v -0.035651 0.077038 1.489456
v -0.050906 0.051164 1.502052
v -0.039148 0.104172 1.455486
v 0 0.101742 1.445906
v -0.05621 0.033073 1.543911
v -0.066714 0.03894 1.509141
v -0.0735 0.077519 1.488347
v -0.0872 0.0434 1.4986
v -0 0.123166 1.414363
v 0 0.149316 1.609573
v -0.015322 0.146167 1.610229
v -0.024192 0.137236 1.606467
v -0.024281 0.133795 1.604473
v -0.015596 0.141153 1.599382
v -0 0.145348 1.595879
v -0.013598 0.140618 1.606183
v -0.023263 0.133464 1.605207
v -0 0.144609 1.604387
v 0 0.144915 1.604101
v -0.013689 0.141116 1.605792
v -0.022383 0.134115 1.605365
v -0.023302 0.133615 1.605198
v -0 0.139616 1.622634
v -0.013768 0.136867 1.622615
v -0.013689 0.141116 1.605792
v 0 0.144915 1.604101
v -0.02474 0.127698 1.622547
v -0.022383 0.134115 1.605365
v -0 0.144609 1.604387
v -0.013598 0.140618 1.606183
v -0.016582 0.13158 1.586105
v -0 0.136327 1.586125
v -0.023263 0.133464 1.605207
v -0.023677 0.126038 1.586101
v -0.026338 0.123742 1.621171
v -0.027948 0.124943 1.603473
v -0.023302 0.133615 1.605198
v -0.027948 0.124943 1.603473
v -0.024531 0.121216 1.590043
v -0.026751 0.098026 1.621171
v -0.027943 0.09504 1.60514
v -0.027943 0.09504 1.60514
v -0.025826 0.094846 1.593933
v -0 0.090305 1.605116
v -0 0.09329 1.621171
v -0 0.090305 1.605116
v -0 0.09011 1.593894
v -0 0.140477 1.603979
v -0.013827 0.137728 1.604644
v -0.013768 0.136867 1.622615
v -0 0.139616 1.622634
v -0.024675 0.128559 1.603864
v -0.02474 0.127698 1.622547
v -0.026338 0.123742 1.621171
v -0.026303 0.124603 1.603908
v -0 0.136327 1.586125
v -0.016582 0.13158 1.586105
v -0.016599 0.133176 1.604696
v -0 0.138238 1.604727
v -0.023677 0.126038 1.586101
v -0.024589 0.125365 1.604684
v -0.024531 0.121216 1.590043
v -0.016599 0.133176 1.604696
v -0.014288 0.12864 1.590019
v -0 0.132598 1.590035
v -0 0.138238 1.604727
v -0.024589 0.125365 1.604684
v -0.024531 0.121216 1.590043
v -0 0.136368 1.621245
v -0.009985 0.134694 1.62124
v -0.013827 0.137728 1.604644
v -0 0.140477 1.603979
v -0.02249 0.127287 1.621176
v -0.024675 0.128559 1.603864
v -0.026303 0.124603 1.603908
v -0.026338 0.123742 1.621171
v -0.014288 0.12864 1.590019
v -0 0.132598 1.590035
v -0.009985 0.134694 1.62124
v -0 0.136368 1.621245
v -0.02249 0.127287 1.621176
v -0.023302 0.133615 1.605198
v -0.023263 0.133464 1.605207
v 0.017773 0.134467 1.680314
v 0.021511 0.133214 1.681775
v 0.021384 0.133373 1.680153
v 0.017973 0.134444 1.679574
v 0.023188 0.129772 1.682363
v 0.02383 0.129309 1.681282
v 0.024885 0.129828 1.683977
v 0.027935 0.130871 1.680958
v 0.016405 0.136133 1.678819
v 0.016428 0.136355 1.68001
v 0.033578 0.137325 1.688021
v 0.032952 0.133832 1.687621
v 0.017773 0.134467 1.680314
v 0.033578 0.137325 1.688021
v 0.021511 0.133214 1.681775
v 0.045987 0.133362 1.685058
v 0.044747 0.130691 1.68448
v 0.037628 0.132982 1.678404
v 0.037791 0.13614 1.677169
v 0.034341 0.13617 1.677159
v 0.034107 0.13289 1.678475
v 0.020894 0.135344 1.679245
v 0.032623 0.136352 1.67196
v 0.019039 0.136165 1.676139
v 0.037446 0.135991 1.672195
v 0.042928 0.137419 1.689145
v 0.048241 0.133604 1.686728
v 0.033608 0.139757 1.689817
v 0.01359 0.137669 1.681133
v 0.014798 0.137847 1.676073
v 0.032637 0.141413 1.661336
v 0.014851 0.142795 1.667783
v 0.011365 0.144273 1.676752
v 0.041032 0.140603 1.661298
v 0.032324 0.144071 1.69392
v 0.045044 0.140008 1.692977
v 0.01165 0.14661 1.688569
v 0.00947 0.144227 1.683031
v 0.005423 0.150972 1.685209
v 0.006268 0.151888 1.690746
v 0.004977 0.152045 1.678195
v 0.005277 0.155271 1.669968
v 0.030271 0.139764 1.644345
v 0.014401 0.146267 1.655124
v 0.044733 0.134552 1.674537
v 0.053006 0.134648 1.665722
v 0.008629 0.154616 1.704912
v 0.034292 0.150403 1.70718
v 0.044513 0.137235 1.643471
v 0.059943 0.125253 1.651775
v 0.052317 0.142192 1.707198
v 0.005826 0.160913 1.658876
v 0.02487 0.137543 1.636706
v 0.018364 0.141636 1.645339
v 0.013912 0.146766 1.6504
v 0.006162 0.163642 1.653924
v 0.019549 0.144299 1.641848
v 0.016982 0.150016 1.643197
v 0.007779 0.169102 1.64097
v 0.022329 0.138559 1.631975
v 0.019543 0.141305 1.638673
v 0.018776 0.146411 1.636099
v 0.017638 0.151397 1.637494
v 0.007398 0.168125 1.635018
v 0.012497 0.151772 1.634159
v 0.004987 0.160993 1.630772
v 0.005021 0.151309 1.629655
v 0.00439 0.156539 1.629851
v 0.012065 0.148048 1.632031
v 0.018201 0.143971 1.633124
v 0.013395 0.147475 1.626556
v 0.026937 0.138141 1.612375
v 0.015173 0.146425 1.615503
v 0.034298 0.135037 1.616134
v 0.04109 0.131275 1.619769
v 0.047989 0.124128 1.62326
v 0.033237 0.144412 1.728692
v 0.052165 0.131743 1.727306
v 0.007964 0.150907 1.726135
v 0.060766 0.105849 1.635059
v 0.047659 0.130533 1.682041
v 0.046534 0.127685 1.682091
v 0.045989 0.129069 1.683496
v 0.047962 0.131328 1.683378
v 0.050581 0.131217 1.684524
v 0.050393 0.129498 1.681231
v 0.058575 0.124969 1.686504
v 0.060105 0.123462 1.679845
v 0.065233 0.111993 1.693262
v 0.070115 0.108345 1.679321
v 0.074903 0.086049 1.677518
v 0.075958 0.06358 1.678561
v 0.073652 0.070103 1.646798
v 0.072653 0.093561 1.653737
v 0.070986 0.093279 1.7002
v 0.042583 0.13261 1.679589
v 0.043341 0.135542 1.678432
v 0.047909 0.132433 1.677686
v 0.058475 0.128413 1.672334
v 0.068575 0.115573 1.663972
v 0.075744 0.053426 1.680236
v 0.072831 0.059561 1.64786
v 0.064777 0.09066 1.619038
v 0.047948 0.112748 1.606931
v 0.041872 0.123068 1.603013
v 0.035091 0.130424 1.602884
v 0.028067 0.133445 1.603322
v 0.044716 0.131014 1.680886
v 0.045944 0.133449 1.680297
v 0.072969 0.076936 1.629655
v 0.069273 0.061761 1.611892
v 0.068817 0.069472 1.606998
v 0.071944 0.061899 1.632428
v 0.065164 0.080826 1.60006
v 0.046641 0.106347 1.58943
v 0.034455 0.121133 1.584601
v 0.024536 0.130853 1.579573
v 0.022109 0.13382 1.587325
v 0.018486 0.137989 1.593629
v 0.054835 0.069997 1.586799
v 0.039174 0.094888 1.572521
v 0.033233 0.108921 1.566961
v 0.024925 0.120107 1.560967
v 0.063094 0.049862 1.604273
v 0.069584 0.051477 1.633185
v 0.066916 0.046191 1.633209
v 0.075133 0.071054 1.707623
v 0.028637 0.134343 1.759191
v 0.054302 0.133236 1.690965
v 0.061614 0.123257 1.701383
v 0.062635 0.110288 1.716924
v 0.055273 0.11687 1.754644
v 0.068345 0.091344 1.734755
v 0.075133 0.071054 1.707623
v 0.075966 0.05902 1.710979
v 0.075744 0.053426 1.680236
v 0.075958 0.06358 1.678561
v -0 0.125358 1.781935
v 0.029037 0.117687 1.780798
v 0.028637 0.134343 1.759191
v -0 0.140185 1.759073
v 0.05582 0.101101 1.768884
v 0.055273 0.11687 1.754644
v 0.071032 0.077199 1.741824
v 0.068345 0.091344 1.734755
v 0.073871 0.039759 1.753579
v 0.076573 0.028985 1.716063
v 0.056629 0.05435 1.785703
v 0.028009 0.066081 1.803301
v -0 0.073567 1.806639
v 0.067857 -0.006524 1.757927
v 0.070905 -0.011245 1.718085
v 0.051292 0.001236 1.789181
v 0.042524 -0.021161 1.780724
v 0.059617 -0.022917 1.758287
v 0.027647 0.005214 1.801522
v -0 0.007873 1.806073
v 0.024659 -0.022855 1.787548
v -0 -0.021549 1.791689
v 0.024359 -0.040158 1.76685
v 0.061351 -0.028769 1.718819
v -0 -0.0432 1.768218
v 0.02503 -0.053164 1.720382
v -0 -0.058053 1.719527
v 0.075784 0.029938 1.689654
v 0.076408 0.042669 1.683532
v 0.076408 0.042669 1.683532
v 0.073845 0.048435 1.664948
v 0.072299 0.050244 1.649408
v 0.072299 0.050244 1.649408
v 0.071486 0.045972 1.654521
v 0.074864 0.046748 1.63508
v 0.069584 0.051477 1.633185
v 0.073845 0.048435 1.664948
v 0.072695 0.045278 1.660786
v 0.084409 0.03044 1.692983
v 0.092836 0.013729 1.674939
v 0.080926 0.030076 1.668186
v 0.080002 0.036753 1.679096
v 0.090716 0.020063 1.657348
v 0.07934 0.030172 1.660483
v 0.088124 0.029497 1.641745
v 0.0772 0.034679 1.653251
v 0.080776 0.040278 1.633736
v 0.073512 0.038119 1.651705
v 0.073023 0.036799 1.65781
v 0.076604 0.037837 1.667538
v 0.076406 0.033387 1.665159
v 0.076408 0.042669 1.683532
v 0.080776 0.040278 1.633736
v 0.088124 0.029497 1.641745
v 0.069072 0.0314 1.639595
v 0.06836 0.041195 1.633005
v 0.090716 0.020063 1.657348
v 0.073191 0.01838 1.655977
v 0.076413 0.014822 1.673871
v 0.075784 0.029938 1.689654
v 0.057142 -0.029749 1.676293
v 0.066737 -0.012063 1.675729
v 0.022993 -0.053672 1.677005
v -0 -0.05848 1.677883
v 0.076413 0.014822 1.673871
v 0.062666 -0.009706 1.656487
v 0.073191 0.01838 1.655977
v 0.080776 0.040278 1.633736
v 0.066916 0.046191 1.633209
v 0.053586 -0.027675 1.656443
v 0.021098 -0.050089 1.657039
v -0 -0.054231 1.657241
v 0.059883 -0.004344 1.636378
v 0.069072 0.0314 1.639595
v 0.06836 0.041195 1.633005
v 0.064005 0.028595 1.610186
v 0.059053 0.001199 1.61492
v 0.064005 0.028595 1.610186
v 0.06836 0.041195 1.633005
v 0.050402 -0.023458 1.637834
v 0.018792 -0.044043 1.637971
v -0 -0.047938 1.639277
v 0.024114 0.108547 1.559877
v 0.047975 -0.021205 1.618398
v 0.017065 -0.041509 1.618268
v -0 -0.0439 1.618029
v 0.029133 0.087801 1.563841
v 0.059878 0.042787 1.590731
v 0.049953 0.065725 1.579954
v 0.063139 0.02517 1.595744
v 0.058827 -0.001848 1.599774
v 0.063139 0.02517 1.595744
v 0.047882 -0.026433 1.600775
v 0.01687 -0.042284 1.600997
v -0 -0.044771 1.600577
v 0.059878 0.042787 1.590731
v 0.058533 0.039138 1.56912
v 0.043517 0.058109 1.567086
v 0.049953 0.065725 1.579954
v 0.063139 0.02517 1.595744
v 0.062562 0.021456 1.574834
v 0.060302 -0.004927 1.584249
v 0.058827 -0.001848 1.599774
v 0.065436 -0.006871 1.568415
v 0.062377 0.016722 1.551266
v 0.047882 -0.026433 1.600775
v 0.05192 -0.031376 1.585278
v 0.0839 -0.0128 1.5444
v 0.0845 0.0206 1.5271
v 0.057089 -0.034844 1.569651
v 0.01687 -0.042284 1.600997
v 0.018845 -0.047077 1.579796
v -0 -0.044771 1.600577
v -0 -0.049438 1.580116
v 0.079 -0.0422 1.541
v 0.023066 -0.053145 1.562724
v 0.0296 -0.0646 1.5326
v -0 -0.056794 1.563968
v 1.2E-05 -0.071 1.5324
v 0.024473 0.068664 1.56022
v 0.024473 0.068664 1.56022
v 0.027182 0.062576 1.535775
v -0 0.068981 1.529728
v -0 0.079231 1.55414
v 0.044177 0.052238 1.540107
v 0.043517 0.058109 1.567086
v 0.049953 0.065725 1.579954
v 0.03049 0.066938 1.501878
v -0 0.068822 1.493946
v 0.035651 0.077038 1.489456
v -0 0.076048 1.48727
v 0.050906 0.051164 1.502053
v 0.039148 0.104172 1.455486
v 0 0.101742 1.445906
v 0.05621 0.033073 1.543911
v 0.066714 0.03894 1.509142
v 0.0735 0.077519 1.488347
v 0.0872 0.0434 1.4986
v -0 0.123166 1.414363
v 0.015322 0.146167 1.610229
v 0.024281 0.133795 1.604473
v 0.024192 0.137236 1.606467
v 0.015596 0.141153 1.599382
v 0.013598 0.140618 1.606183
v 0.023263 0.133464 1.605207
v 0.013689 0.141116 1.605792
v 0.022383 0.134115 1.605365
v 0.023302 0.133615 1.605198
v 0.013689 0.141116 1.605792
v 0.013768 0.136867 1.622615
v 0.022383 0.134115 1.605365
v 0.02474 0.127698 1.622547
v 0.016582 0.13158 1.586105
v 0.013598 0.140618 1.606183
v 0.023263 0.133464 1.605207
v 0.023677 0.126037 1.586101
v 0.023302 0.133615 1.605198
v 0.027948 0.124943 1.603473
v 0.026338 0.123742 1.621171
v 0.024531 0.121216 1.590043
v 0.027948 0.124943 1.603473
v 0.027943 0.09504 1.60514
v 0.026751 0.098026 1.621171
v 0.025826 0.094846 1.593933
v 0.027943 0.09504 1.60514
v 0.013768 0.136867 1.622615
v 0.013827 0.137728 1.604644
v 0.02474 0.127698 1.622547
v 0.024675 0.128559 1.603864
v 0.026338 0.123742 1.621171
v 0.026303 0.124603 1.603908
v 0.016599 0.133176 1.604696
v 0.016582 0.13158 1.586105
v 0.024589 0.125365 1.604684
v 0.023677 0.126037 1.586101
v 0.024531 0.121216 1.590043
v 0.014288 0.12864 1.590019
v 0.016599 0.133176 1.604696
v 0.024589 0.125365 1.604684
v 0.024531 0.121216 1.590043
v 0.013827 0.137728 1.604644
v 0.009985 0.134694 1.62124
v 0.024675 0.128559 1.603864
v 0.02249 0.127287 1.621176
v 0.026303 0.124603 1.603908
v 0.026338 0.123742 1.621171
v 0.014288 0.12864 1.590019
v 0.009985 0.134694 1.62124
v 0.02249 0.127287 1.621176
v 0.023302 0.133615 1.605198
v 0.023263 0.133464 1.605207
v -0.034718 0.135553 1.683969
v -0.038843 0.134403 1.688472
v -0.034452 0.134403 1.690071
v -0.030216 0.134403 1.688095
v -0.028507 0.134403 1.683742
v -0.030587 0.134403 1.679482
v -0.034985 0.134403 1.677868
v -0.03922 0.134403 1.679843
v -0.04082 0.134403 1.684235
v -0.042352 0.131126 1.691726
v -0.033131 0.131126 1.695081
v -0.024723 0.131126 1.69131
v -0.023086 0.131126 1.683641
v -0.025344 0.131126 1.67551
v -0.034065 0.131126 1.672522
v -0.042561 0.131126 1.676295
v -0.045991 0.131126 1.684462
v -0.047377 0.120441 1.693296
v -0.036679 0.120441 1.699376
v -0.024552 0.120441 1.696448
v -0.017942 0.120441 1.686131
v -0.020862 0.120441 1.674512
v -0.031621 0.120441 1.668351
v -0.043795 0.120441 1.671356
v -0.050356 0.120441 1.68172
v 0.034718 0.135553 1.683969
v 0.034452 0.134403 1.690071
v 0.038843 0.134403 1.688472
v 0.030216 0.134403 1.688095
v 0.028507 0.134403 1.683742
v 0.030587 0.134403 1.679482
v 0.034985 0.134403 1.677868
v 0.03922 0.134403 1.679843
v 0.04082 0.134403 1.684235
v 0.033131 0.131126 1.695081
v 0.042352 0.131126 1.691726
v 0.024723 0.131126 1.69131
v 0.023086 0.131126 1.683641
v 0.025344 0.131126 1.67551
v 0.034065 0.131126 1.672522
v 0.042561 0.131126 1.676295
v 0.045991 0.131126 1.684462
v 0.036679 0.120441 1.699376
v 0.047377 0.120441 1.693296
v 0.024552 0.120441 1.696448
v 0.017942 0.120441 1.686131
v 0.020862 0.120441 1.674512
v 0.031621 0.120441 1.668351
v 0.043795 0.120441 1.671356
v 0.050356 0.120441 1.68172
vt 0.600332 0.51655
vt 0.597636 0.50862896
vt 0.592481 0.513096
vt 0.594071 0.51613104
vt 0.607378 0.512401
vt 0.606047 0.511739
vt 0.606511 0.511028
vt 0.612709 0.514633
vt 0.585173 0.51289797
vt 0.586604 0.51976
vt 0.624717 0.503168
vt 0.627187 0.493527
vt 0.592481 0.513096
vt 0.597636 0.50862896
vt 0.627187 0.493527
vt 0.64876 0.505393
vt 0.653569 0.497059
vt 0.641096 0.51807296
vt 0.630456 0.51783097
vt 0.634759 0.529817
vt 0.644846 0.53051
vt 0.601088 0.52154696
vt 0.63227 0.544757
vt 0.596277 0.52625
vt 0.645605 0.54560304
vt 0.655716 0.484729
vt 0.624721 0.477584
vt 0.577254 0.50776
vt 0.580305 0.524177
vt 0.559146 0.51922
vt 0.574769 0.548446
vt 0.628003 0.578399
vt 0.65072 0.5815
vt 0.657426 0.46768498
vt 0.616332 0.457933
vt 0.554607 0.47758198
vt 0.555067 0.49843597
vt 0.530107 0.465755
vt 0.528397 0.48641503
vt 0.507403 0.46385503
vt 0.507138 0.48274702
vt 0.525427 0.51133597
vt 0.506682 0.509342
vt 0.506519 0.53826904
vt 0.524541 0.541031
vt 0.571485 0.588309
vt 0.619673 0.62981904
vt 0.686698 0.571423
vt 0.667595 0.540165
vt 0.614702 0.41530597
vt 0.535215 0.415268
vt 0.507619 0.41606897
vt 0.659657 0.63552403
vt 0.715506 0.617697
vt 0.670084 0.42835498
vt 0.522535 0.577686
vt 0.506604 0.577312
vt 0.586617 0.622738
vt 0.603786 0.65281
vt 0.570214 0.602334
vt 0.521159 0.591858
vt 0.506595 0.590253
vt 0.564151 0.624914
vt 0.579107 0.633143
vt 0.518237 0.618522
vt 0.506444 0.61822104
vt 0.586286 0.643631
vt 0.593974 0.665787
vt 0.559245 0.639241
vt 0.570443 0.64768803
vt 0.517134 0.627791
vt 0.506369 0.628042
vt 0.517098 0.644519
vt 0.547817 0.651459
vt 0.506217 0.6467
vt 0.518034 0.655703
vt 0.525454 0.66876
vt 0.550751 0.663464
vt 0.506167 0.656425
vt 0.506152 0.669382
vt 0.573717 0.659618
vt 0.506165 0.68198097
vt 0.553188 0.680814
vt 0.555119 0.711812
vt 0.597299 0.726974
vt 0.50632 0.71111596
vt 0.624056 0.719127
vt 0.649737 0.710919
vt 0.682151 0.707705
vt 0.690942 0.373636
vt 0.619651 0.35059398
vt 0.533751 0.34389597
vt 0.507793 0.346821
vt 0.756306 0.684203
vt 0.68119 0.508101
vt 0.668225 0.51211
vt 0.66852 0.51407397
vt 0.680641 0.515133
vt 0.690469 0.51814497
vt 0.689102 0.505598
vt 0.722198 0.52893
vt 0.716708 0.5052
vt 0.775133 0.541101
vt 0.761748 0.492827
vt 0.840706 0.55691004
vt 0.813352 0.629169
vt 0.878133 0.665384
vt 0.904494 0.563309
vt 0.818013 0.482046
vt 0.662864 0.52758
vt 0.655457 0.517148
vt 0.709208 0.552554
vt 0.679656 0.530438
vt 0.753223 0.585424
vt 0.909245 0.66783
vt 0.932566 0.562268
vt 0.697054 0.76547897
vt 0.792662 0.743259
vt 0.656798 0.767296
vt 0.600376 0.759894
vt 0.625471 0.762174
vt 0.671035 0.523263
vt 0.663897 0.515415
vt 0.84833 0.716498
vt 0.852177 0.795704
vt 0.881969 0.785921
vt 0.895598 0.71814203
vt 0.806 0.80946
vt 0.691263 0.821775
vt 0.627683 0.819915
vt 0.576321 0.80431104
vt 0.583204 0.824495
vt 0.56344 0.786865
vt 0.675481 0.887244
vt 0.813789 0.874262
vt 0.625652 0.876032
vt 0.582637 0.873549
vt 0.915528 0.819519
vt 0.94715 0.73026
vt 0.929877 0.723263
vt 0.506738 0.787395
vt 0.507428 0.80289197
vt 0.508637 0.829371
vt 0.510581 0.873508
vt 0.881491 0.465836
vt 0.62919 0.254739
vt 0.509667 0.23241597
vt 0.677395 0.49429703
vt 0.671207 0.50263596
vt 0.663117 0.50993896
vt 0.691974 0.482234
vt 0.728356 0.45932603
vt 0.763419 0.41979098
vt 0.817266 0.377438
vt 0.73395 0.303186
vt 0.310729 0.25763702
vt 0.254495 0.267695
vt 0.25824 0.28652602
vt 0.312026 0.27362102
vt 0.133462 0.42395002
vt 0.100735 0.387446
vt 0.065504 0.429133
vt 0.110522 0.49131298
vt 0.162588 0.369074
vt 0.14132 0.34364098
vt 0.205547 0.321804
vt 0.196917 0.299088
vt 0.248209 0.22065699
vt 0.182936 0.23965597
vt 0.119141 0.265406
vt 0.063399 0.288395
vt 0.01703 0.308205
vt 0.243854 0.16118598
vt 0.176656 0.17022401
vt 0.117445 0.17656499
vt 0.124164 0.13608998
vt 0.17304 0.14314401
vt 0.071983 0.17464203
vt 0.023187 0.169765
vt 0.096174 0.12080598
vt 0.05756 0.100676
vt 0.134239 0.08666903
vt 0.239355 0.12992603
vt 0.108801 0.05205798
vt 0.223243 0.05541098
vt 0.21619 0.010338008
vt 0.306023 0.24013299
vt 0.294285 0.221506
vt 0.938809 0.66637003
vt 0.947865 0.611894
vt 0.961747 0.553451
vt 0.714436 0.229402
vt 0.78558 0.206429
vt 0.766933 0.18513298
vt 0.688893 0.222714
vt 0.658883 0.223028
vt 0.640065 0.233262
vt 0.533472 0.13636398
vt 0.580822 0.17664301
vt 0.625236 0.15392101
vt 0.600858 0.078235984
vt 0.653966 0.155626
vt 0.660307 0.09666401
vt 0.683551 0.170183
vt 0.716028 0.12539399
vt 0.691417 0.18628103
vt 0.756164 0.156802
vt 0.668127 0.186369
vt 0.627533 0.19010198
vt 0.638026 0.17346299
vt 0.557083 0.19880903
vt 0.756164 0.156802
vt 0.795438 0.15644097
vt 0.772366 0.096976995
vt 0.716028 0.12539399
vt 0.688999 0.042295992
vt 0.660307 0.09666401
vt 0.595729 0.031877995
vt 0.507971 0.131863
vt 0.318582 0.15762699
vt 0.315029 0.12792498
vt 0.30873 0.05375898
vt 0.309214 0.011160016
vt 0.323227 0.199319
vt 0.357197 0.205396
vt 0.354651 0.16080898
vt 0.756164 0.156802
vt 0.797974 0.18151802
vt 0.352028 0.130552
vt 0.348627 0.05843401
vt 0.352496 0.019430995
vt 0.387179 0.220554
vt 0.392351 0.16697103
vt 0.985443 0.803124
vt 0.961225 0.735603
vt 0.402754 0.23494202
vt 0.449545 0.22098202
vt 0.430595 0.16956198
vt 0.386802 0.13306499
vt 0.386499 0.062873006
vt 0.388252 0.027531981
vt 0.593714 0.895091
vt 0.424434 0.13385099
vt 0.425025 0.06732601
vt 0.42911 0.03581202
vt 0.511802 0.907162
vt 0.644442 0.928479
vt 0.512638 0.936065
vt 0.935145 0.86751
vt 0.814647 0.914237
vt 0.997358 0.846947
vt 0.474152 0.21322
vt 0.458323 0.16826898
vt 0.456568 0.134512
vt 0.459734 0.069836974
vt 0.463602 0.03921503
vt 0.833458 0.258287
vt 0.85062 0.214544
vt 0.821079 0.20092797
vt 0.804012 0.244245
vt 0.862811 0.18220502
vt 0.832333 0.17156702
vt 0.876316 0.14433402
vt 0.845931 0.13590902
vt 0.904168 0.199651
vt 0.90942 0.15437597
vt 0.886256 0.11397898
vt 0.853433 0.10975802
vt 0.995322 0.15684402
vt 0.995322 0.22007602
vt 0.920861 0.11963099
vt 0.884381 0.048789978
vt 0.849213 0.052632987
vt 0.875566 0.019971013
vt 0.84293 0.022041023
vt 0.995322 0.12098801
vt 0.925081 0.045850992
vt 0.995322 0.039368987
vt 0.913546 0.017185986
vt 0.995322 0.009370029
vt 0.51408 0.998415
vt 0.654428 0.989263
vt 0.831864 0.36304998
vt 0.85981 0.315987
vt 0.819298 0.29598802
vt 0.797635 0.34083802
vt 0.875847 0.28058398
vt 0.737931 0.987135
vt 0.777736 0.940628
vt 0.863843 0.39513397
vt 0.903418 0.35053903
vt 0.87369 0.406452
vt 0.932677 0.37632602
vt 0.929395 0.311307
vt 0.995322 0.43904698
vt 0.92283 0.482024
vt 0.89554 0.237607
vt 0.9459 0.27675498
vt 0.995322 0.34909302
vt 0.995322 0.27683997
vt 0.995322 0.53861797
vt 0.50638 0.726773
vt 0.553214 0.726611
vt 0.587641 0.74495196
vt 0.587013 0.757745
vt 0.552879 0.77263796
vt 0.5061 0.77326703
vt 0.551518 0.752982
vt 0.582995 0.75633097
vt 0.504891 0.750039
vt 0.506171 0.747334
vt 0.553039 0.747401
vt 0.581765 0.753691
vt 0.583116 0.75586903
vt 0.486934 0.49216598
vt 0.330151 0.46512002
vt 0.293344 0.54829
vt 0.48246 0.582453
vt 0.209767 0.39476103
vt 0.146119 0.48403198
vt 0.481476 0.582502
vt 0.301832 0.55248797
vt 0.293039 0.44224298
vt 0.487137 0.48992902
vt 0.145712 0.48118502
vt 0.210174 0.39394802
vt 0.189636 0.343314
vt 0.084301 0.39333802
vt 0.134325 0.475084
vt 0.084301 0.39333802
vt 0.201532 0.35704
vt 0.182112 0.17676997
vt 0.111143 0.093599975
vt 0.111143 0.093599975
vt 0.179265 0.161722
vt 0.505751 0.067095995
vt 0.504328 0.15609598
vt 0.505751 0.067095995
vt 0.504734 0.13643903
vt 0.500749 0.793487
vt 0.329064 0.793487
vt 0.325613 0.645383
vt 0.500749 0.645096
vt 0.151914 0.794062
vt 0.148463 0.645958
vt 0.103888 0.656887
vt 0.103888 0.794062
vt 0.501037 0.965173
vt 0.262201 0.965317
vt 0.267234 0.8175
vt 0.500749 0.817356
vt 0.156803 0.965748
vt 0.135234 0.817932
vt 0.113091 0.934402
vt 0.267234 0.8175
vt 0.277587 0.934258
vt 0.501324 0.934114
vt 0.500749 0.817356
vt 0.135234 0.817932
vt 0.113091 0.934402
vt 0.501037 0.65631104
vt 0.358685 0.65631104
vt 0.329064 0.793487
vt 0.500749 0.793487
vt 0.171182 0.656887
vt 0.151914 0.794062
vt 0.103888 0.794062
vt 0.103888 0.656887
vt 0.321508 0.419061
vt 0.488764 0.456986
vt 0.384445 0.438075
vt 0.488967 0.45108902
vt 0.253285 0.389067
vt 0.134325 0.475084
vt 0.145712 0.48118502
vt 0.426521 0.51324797
vt 0.421452 0.508682
vt 0.418606 0.51655
vt 0.424873 0.51625097
vt 0.413055 0.51164997
vt 0.411701 0.512298
vt 0.412618 0.510934
vt 0.406291 0.514476
vt 0.432269 0.52002203
vt 0.433832 0.51318896
vt 0.392436 0.493249
vt 0.394698 0.502891
vt 0.426521 0.51324797
vt 0.392436 0.493249
vt 0.421452 0.508682
vt 0.348105 0.501894
vt 0.356061 0.50927
vt 0.377785 0.517627
vt 0.373832 0.529656
vt 0.38393 0.529155
vt 0.388431 0.517493
vt 0.417754 0.521532
vt 0.386133 0.54414
vt 0.422473 0.526327
vt 0.372785 0.544731
vt 0.363888 0.48388702
vt 0.341984 0.49312
vt 0.395049 0.47721702
vt 0.441084 0.507655
vt 0.437641 0.52409804
vt 0.389058 0.57742
vt 0.441082 0.54758596
vt 0.456518 0.518311
vt 0.36667 0.580324
vt 0.403027 0.457227
vt 0.362383 0.46656603
vt 0.461539 0.47656602
vt 0.460701 0.49736702
vt 0.486111 0.48557597
vt 0.485018 0.465021
vt 0.488159 0.510463
vt 0.488708 0.540342
vt 0.395798 0.628469
vt 0.443158 0.58706
vt 0.350902 0.53887296
vt 0.33117 0.56973696
vt 0.480464 0.414571
vt 0.404496 0.414168
vt 0.356571 0.634043
vt 0.301475 0.615445
vt 0.350273 0.42689502
vt 0.490793 0.577211
vt 0.410815 0.65134203
vt 0.427834 0.62118804
vt 0.444106 0.60093904
vt 0.492114 0.591418
vt 0.434897 0.63144004
vt 0.449538 0.623243
vt 0.494714 0.618044
vt 0.420198 0.664303
vt 0.427803 0.641956
vt 0.443031 0.645797
vt 0.454006 0.637331
vt 0.495664 0.627278
vt 0.464924 0.649409
vt 0.49542 0.643891
vt 0.486914 0.667718
vt 0.494343 0.65499604
vt 0.461997 0.66152203
vt 0.439782 0.65783596
vt 0.459727 0.679247
vt 0.416857 0.72632396
vt 0.458056 0.710678
vt 0.390462 0.718144
vt 0.365138 0.711115
vt 0.333023 0.705989
vt 0.399512 0.3488
vt 0.329943 0.37158602
vt 0.482187 0.34313703
vt 0.259445 0.681182
vt 0.338338 0.513596
vt 0.35051 0.51335
vt 0.350875 0.511389
vt 0.337934 0.507254
vt 0.330061 0.50204504
vt 0.328454 0.512056
vt 0.302468 0.502969
vt 0.296524 0.526592
vt 0.257673 0.48974103
vt 0.243367 0.53775
vt 0.177502 0.5523
vt 0.113604 0.557477
vt 0.138005 0.660038
vt 0.203468 0.62507
vt 0.201624 0.477885
vt 0.363459 0.516556
vt 0.355874 0.526381
vt 0.33903 0.528917
vt 0.309059 0.550466
vt 0.264424 0.582483
vt 0.085557 0.555898
vt 0.106852 0.661887
vt 0.221997 0.739571
vt 0.317468 0.763592
vt 0.357696 0.766017
vt 0.388823 0.761331
vt 0.413705 0.75948
vt 0.355083 0.514737
vt 0.347787 0.521909
vt 0.1668 0.711717
vt 0.131862 0.780505
vt 0.161543 0.79091597
vt 0.119505 0.712449
vt 0.207804 0.805749
vt 0.324086 0.820356
vt 0.388351 0.819185
vt 0.433395 0.824051
vt 0.438844 0.803712
vt 0.450429 0.785998
vt 0.199596 0.871419
vt 0.342964 0.887266
vt 0.393796 0.875998
vt 0.437717 0.873596
vt 0.097681 0.813497
vt 0.085134 0.716918
vt 0.067731 0.72358096
vt 0.138469 0.46046197
vt 0.390378 0.252904
vt 0.327634 0.480487
vt 0.291688 0.456882
vt 0.257339 0.41667402
vt 0.287989 0.301081
vt 0.20437 0.37336397
vt 0.25824 0.28652602
vt 0.254495 0.267695
vt 0.310729 0.25763702
vt 0.312026 0.27362102
vt 0.065504 0.429133
vt 0.100735 0.387446
vt 0.133462 0.42395002
vt 0.110522 0.49131298
vt 0.14132 0.34364098
vt 0.162588 0.369074
vt 0.196917 0.299088
vt 0.205547 0.321804
vt 0.182936 0.23965597
vt 0.248209 0.22065699
vt 0.119141 0.265406
vt 0.063399 0.288395
vt 0.01703 0.308205
vt 0.176656 0.17022401
vt 0.243854 0.16118598
vt 0.117445 0.17656499
vt 0.124164 0.13608998
vt 0.17304 0.14314401
vt 0.071983 0.17464203
vt 0.023187 0.169765
vt 0.096174 0.12080598
vt 0.05756 0.100676
vt 0.134239 0.08666903
vt 0.239355 0.12992603
vt 0.108801 0.05205798
vt 0.223243 0.05541098
vt 0.21619 0.010338008
vt 0.294285 0.221506
vt 0.306023 0.24013299
vt 0.05655 0.546524
vt 0.06931 0.605222
vt 0.077321 0.65986204
vt 0.714436 0.229402
vt 0.688893 0.222714
vt 0.766933 0.18513298
vt 0.78558 0.206429
vt 0.640065 0.233262
vt 0.658883 0.223028
vt 0.533472 0.13636398
vt 0.600858 0.078235984
vt 0.625236 0.15392101
vt 0.580822 0.17664301
vt 0.660307 0.09666401
vt 0.653966 0.155626
vt 0.716028 0.12539399
vt 0.683551 0.170183
vt 0.756164 0.156802
vt 0.691417 0.18628103
vt 0.668127 0.186369
vt 0.627533 0.19010198
vt 0.638026 0.17346299
vt 0.557083 0.19880903
vt 0.756164 0.156802
vt 0.716028 0.12539399
vt 0.772366 0.096976995
vt 0.795438 0.15644097
vt 0.660307 0.09666401
vt 0.688999 0.042295992
vt 0.595729 0.031877995
vt 0.507971 0.131863
vt 0.315029 0.12792498
vt 0.318582 0.15762699
vt 0.30873 0.05375898
vt 0.309214 0.011160016
vt 0.323227 0.199319
vt 0.354651 0.16080898
vt 0.357197 0.205396
vt 0.756164 0.156802
vt 0.797974 0.18151802
vt 0.352028 0.130552
vt 0.348627 0.05843401
vt 0.352496 0.019430995
vt 0.392351 0.16697103
vt 0.387179 0.220554
vt 0.053556 0.728653
vt 0.028051 0.795704
vt 0.430595 0.16956198
vt 0.449545 0.22098202
vt 0.402754 0.23494202
vt 0.386802 0.13306499
vt 0.386499 0.062873006
vt 0.388252 0.027531981
vt 0.427915 0.895363
vt 0.424434 0.13385099
vt 0.425025 0.06732601
vt 0.42911 0.03581202
vt 0.377425 0.929709
vt 0.077052 0.861145
vt 0.197937 0.912582
vt 0.015284 0.839289
vt 0.458323 0.16826898
vt 0.474152 0.21322
vt 0.456568 0.134512
vt 0.459734 0.069836974
vt 0.463602 0.03921503
vt 0.821079 0.20092797
vt 0.85062 0.214544
vt 0.833458 0.258287
vt 0.804012 0.244245
vt 0.832333 0.17156702
vt 0.862811 0.18220502
vt 0.876316 0.14433402
vt 0.845931 0.13590902
vt 0.90942 0.15437597
vt 0.904168 0.199651
vt 0.853433 0.10975802
vt 0.886256 0.11397898
vt 0.995322 0.15684402
vt 0.995322 0.22007602
vt 0.920861 0.11963099
vt 0.849213 0.052632987
vt 0.884381 0.048789978
vt 0.84293 0.022041023
vt 0.875566 0.019971013
vt 0.995322 0.12098801
vt 0.925081 0.045850992
vt 0.995322 0.039368987
vt 0.913546 0.017185986
vt 0.995322 0.009370029
vt 0.370736 0.993194
vt 0.819298 0.29598802
vt 0.85981 0.315987
vt 0.831864 0.36304998
vt 0.797635 0.34083802
vt 0.875847 0.28058398
vt 0.283602 0.994214
vt 0.238185 0.945421
vt 0.903418 0.35053903
vt 0.863843 0.39513397
vt 0.932677 0.37632602
vt 0.87369 0.406452
vt 0.929395 0.311307
vt 0.995322 0.43904698
vt 0.92283 0.482024
vt 0.89554 0.237607
vt 0.9459 0.27675498
vt 0.995322 0.34909302
vt 0.995322 0.27683997
vt 0.995322 0.53861797
vt 0.460035 0.725564
vt 0.427123 0.757791
vt 0.42661 0.74493897
vt 0.459758 0.771012
vt 0.458099 0.749528
vt 0.43132 0.756619
vt 0.460375 0.746347
vt 0.432617 0.753913
vt 0.431207 0.756154
vt 0.716437 0.54829
vt 0.679631 0.46512002
vt 0.863662 0.48403198
vt 0.800014 0.39476103
vt 0.716742 0.44224298
vt 0.708 0.55139196
vt 0.864069 0.48118502
vt 0.799607 0.39394802
vt 0.875456 0.475084
vt 0.925481 0.39333802
vt 0.820145 0.343314
vt 0.808249 0.35704
vt 0.925481 0.39333802
vt 0.898639 0.093599975
vt 0.827669 0.17676997
vt 0.830516 0.161722
vt 0.898639 0.093599975
vt 0.684168 0.645383
vt 0.680718 0.793487
vt 0.861318 0.645958
vt 0.857867 0.794062
vt 0.905893 0.656887
vt 0.905893 0.794062
vt 0.767972 0.816827
vt 0.74758 0.965317
vt 0.874547 0.817932
vt 0.852978 0.965748
vt 0.89669 0.934402
vt 0.732194 0.934258
vt 0.767972 0.816827
vt 0.874547 0.817932
vt 0.89669 0.934402
vt 0.680718 0.793487
vt 0.651097 0.65631104
vt 0.857867 0.794062
vt 0.838599 0.656886
vt 0.905893 0.794062
vt 0.905893 0.656887
vt 0.688273 0.419061
vt 0.625336 0.438075
vt 0.756497 0.389067
vt 0.875456 0.475084
vt 0.864069 0.48118502
vt 0.5106 0.50380003
vt 0.6364 0.41439998
vt 0.5366 0.3509
vt 0.4211 0.3775
vt 0.3577 0.4773
vt 0.3842 0.5928
vt 0.484 0.6562
vt 0.5995 0.6297
vt 0.6629 0.5298
vt 0.7696 0.32130003
vt 0.5647 0.19129997
vt 0.3275 0.24430001
vt 0.198 0.44919997
vt 0.251 0.6864
vt 0.456 0.81589997
vt 0.6931 0.7628
vt 0.8226 0.5579
vt 0.9297 0.31089997
vt 0.6666 0.0711
vt 0.3114 0.0711
vt 0.0711 0.33380002
vt 0.0711 0.6895
vt 0.3343 0.9295
vt 0.6895 0.9295
vt 0.9297 0.6666
vt 0.5106 0.50380003
vt 0.5366 0.3509
vt 0.6364 0.41439998
vt 0.4211 0.3775
vt 0.3577 0.4773
vt 0.3842 0.5928
vt 0.484 0.6562
vt 0.5995 0.6297
vt 0.6629 0.5298
vt 0.5647 0.19129997
vt 0.7696 0.32130003
vt 0.3275 0.24430001
vt 0.198 0.44919997
vt 0.251 0.6864
vt 0.456 0.81589997
vt 0.6931 0.7628
vt 0.8226 0.5579
vt 0.6666 0.0711
vt 0.9297 0.31089997
vt 0.3114 0.0711
vt 0.0711 0.33380002
vt 0.0711 0.6895
vt 0.3343 0.9295
vt 0.6895 0.9295
vt 0.9297 0.6666
f 880/880 881/881 882/882
f 1255/1255 1256/1256 1257/1257
f 1241/1241 1197/1197 1242/1242
f 1193/1193 1192/1192 1197/1197
f 1193/1193 1190/1190 1192/1192
f 1192/1192 1190/1190 1189/1189
f 1197/1197 1198/1198 1193/1193
f 1188/1188 1189/1189 1190/1190
f 1198/1198 1197/1197 1201/1201
f 1190/1190 1191/1191 1188/1188
f 1188/1188 1191/1191 1532/1532
f 1532/1532 1533/1533 1188/1188
f 1533/1533 1532/1532 1534/1534
f 1535/1535 1534/1534 1532/1532
f 1540/1540 1534/1534 1535/1535
f 1569/1569 1570/1570 1540/1540
f 1535/1535 1539/1539 1540/1540
f 1544/1544 1540/1540 1539/1539
f 1539/1539 1543/1543 1544/1544
f 1205/1205 1544/1544 1543/1543
f 1539/1539 1206/1206 1543/1543
f 1543/1543 1206/1206 1205/1205
f 1566/1566 1206/1206 1539/1539
f 1237/1237 1206/1206 1566/1566
f 1237/1237 1236/1236 1206/1206
f 1236/1236 1198/1198 1206/1206
f 1205/1205 1206/1206 1202/1202
f 1198/1198 1202/1202 1206/1206
f 1202/1202 1201/1201 1205/1205
f 1201/1201 1202/1202 1198/1198
f 1211/1211 1214/1214 1213/1213
f 1213/1213 1212/1212 1211/1211
f 1208/1208 1211/1211 1212/1212
f 1212/1212 1209/1209 1208/1208
f 1207/1207 1208/1208 1209/1209
f 1209/1209 1210/1210 1207/1207
f 1207/1207 1210/1210 1545/1545
f 1545/1545 1546/1546 1207/1207
f 1546/1546 1545/1545 1547/1547
f 1547/1547 1548/1548 1546/1546
f 1548/1548 1547/1547 1549/1549
f 1549/1549 1550/1550 1548/1548
f 1221/1221 1220/1220 1219/1219
f 1216/1216 1219/1219 1220/1220
f 1220/1220 1217/1217 1216/1216
f 1215/1215 1216/1216 1217/1217
f 1217/1217 1218/1218 1215/1215
f 1215/1215 1218/1218 1551/1551
f 1551/1551 1552/1552 1215/1215
f 1552/1552 1551/1551 1553/1553
f 1553/1553 1554/1554 1552/1552
f 1555/1555 1554/1554 1553/1553
f 1226/1226 1227/1227 1223/1223
f 1223/1223 1222/1222 1226/1226
f 1222/1222 1223/1223 1224/1224
f 1224/1224 1225/1225 1222/1222
f 1557/1557 1225/1225 1224/1224
f 1224/1224 1556/1556 1557/1557
f 1558/1558 1557/1557 1556/1556
f 1556/1556 1559/1559 1558/1558
f 1232/1232 1235/1235 1234/1234
f 1234/1234 1233/1233 1232/1232
f 1229/1229 1232/1232 1233/1233
f 1233/1233 1230/1230 1229/1229
f 1228/1228 1229/1229 1230/1230
f 1230/1230 1231/1231 1228/1228
f 1228/1228 1231/1231 1560/1560
f 1560/1560 1561/1561 1228/1228
f 1561/1561 1560/1560 1562/1562
f 1562/1562 1563/1563 1561/1561
f 1563/1563 1562/1562 1564/1564
f 1564/1564 1565/1565 1563/1563
f 1163/1163 1168/1168 1162/1162
f 1159/1159 1163/1163 1162/1162
f 1162/1162 1160/1160 1159/1159
f 1160/1160 1162/1162 1166/1166
f 1159/1159 1160/1160 1158/1158
f 1158/1158 1157/1157 1159/1159
f 1160/1160 1166/1166 1161/1161
f 1161/1161 1158/1158 1160/1160
f 1161/1161 1166/1166 1167/1167
f 1157/1157 1158/1158 1151/1151
f 1151/1151 1158/1158 1161/1161
f 1151/1151 1150/1150 1157/1157
f 1152/1152 1153/1153 1150/1150
f 1150/1150 1151/1151 1152/1152
f 1124/1124 1152/1152 1151/1151
f 1161/1161 1154/1154 1151/1151
f 1151/1151 1154/1154 1124/1124
f 1167/1167 1165/1165 1161/1161
f 1154/1154 1161/1161 1165/1165
f 1165/1165 1167/1167 1137/1137
f 1165/1165 1164/1164 1154/1154
f 1164/1164 1165/1165 1137/1137
f 1124/1124 1154/1154 1164/1164
f 1137/1137 1132/1132 1164/1164
f 1132/1132 1137/1137 1136/1136
f 1164/1164 1125/1125 1124/1124
f 1125/1125 1164/1164 1132/1132
f 1126/1126 1127/1127 1124/1124
f 1124/1124 1125/1125 1126/1126
f 1126/1126 1125/1125 1128/1128
f 1132/1132 1128/1128 1125/1125
f 1128/1128 1129/1129 1126/1126
f 1128/1128 1132/1132 1133/1133
f 1136/1136 1133/1133 1132/1132
f 1129/1129 1128/1128 1130/1130
f 1133/1133 1130/1130 1128/1128
f 1130/1130 1131/1131 1129/1129
f 1135/1135 1131/1131 1130/1130
f 1138/1138 1133/1133 1136/1136
f 1130/1130 1133/1133 1138/1138
f 1136/1136 1143/1143 1138/1138
f 1130/1130 1134/1134 1135/1135
f 1138/1138 1134/1134 1130/1130
f 1140/1140 1135/1135 1134/1134
f 1138/1138 1143/1143 1145/1145
f 1141/1141 1142/1142 1140/1140
f 1145/1145 1144/1144 1138/1138
f 1144/1144 1145/1145 1147/1147
f 1147/1147 1146/1146 1144/1144
f 1140/1140 1139/1139 1141/1141
f 1146/1146 1141/1141 1139/1139
f 1139/1139 1144/1144 1146/1146
f 1134/1134 1139/1139 1140/1140
f 1138/1138 1144/1144 1139/1139
f 1139/1139 1134/1134 1138/1138
f 1513/1513 1512/1512 1518/1518
f 1512/1512 1513/1513 1510/1510
f 1510/1510 1509/1509 1512/1512
f 1509/1509 1516/1516 1512/1512
f 1507/1507 1509/1509 1510/1510
f 1510/1510 1508/1508 1507/1507
f 1511/1511 1516/1516 1509/1509
f 1509/1509 1507/1507 1511/1511
f 1517/1517 1516/1516 1511/1511
f 1501/1501 1507/1507 1508/1508
f 1511/1511 1507/1507 1501/1501
f 1508/1508 1502/1502 1501/1501
f 1511/1511 1515/1515 1517/1517
f 1502/1502 1503/1503 1500/1500
f 1500/1500 1501/1501 1502/1502
f 1515/1515 1488/1488 1517/1517
f 1501/1501 1500/1500 1477/1477
f 1501/1501 1504/1504 1511/1511
f 1515/1515 1511/1511 1504/1504
f 1477/1477 1504/1504 1501/1501
f 1504/1504 1514/1514 1515/1515
f 1514/1514 1504/1504 1477/1477
f 1488/1488 1515/1515 1514/1514
f 1477/1477 1478/1478 1475/1475
f 1514/1514 1484/1484 1488/1488
f 1477/1477 1476/1476 1514/1514
f 1475/1475 1476/1476 1477/1477
f 1484/1484 1514/1514 1476/1476
f 1487/1487 1488/1488 1484/1484
f 1480/1480 1476/1476 1475/1475
f 1476/1476 1480/1480 1484/1484
f 1475/1475 1479/1479 1480/1480
f 1484/1484 1483/1483 1487/1487
f 1483/1483 1484/1484 1480/1480
f 1481/1481 1480/1480 1479/1479
f 1480/1480 1481/1481 1483/1483
f 1479/1479 1482/1482 1481/1481
f 1481/1481 1482/1482 1485/1485
f 1485/1485 1486/1486 1481/1481
f 1483/1483 1481/1481 1486/1486
f 1486/1486 1485/1485 1490/1490
f 1487/1487 1483/1483 1489/1489
f 1486/1486 1489/1489 1483/1483
f 1489/1489 1494/1494 1487/1487
f 1490/1490 1491/1491 1486/1486
f 1489/1489 1486/1486 1491/1491
f 1490/1490 1492/1492 1493/1493
f 1493/1493 1491/1491 1490/1490
f 1491/1491 1493/1493 1497/1497
f 1494/1494 1489/1489 1495/1495
f 1491/1491 1495/1495 1489/1489
f 1497/1497 1495/1495 1491/1491
f 1495/1495 1496/1496 1494/1494
f 1495/1495 1497/1497 1498/1498
f 1498/1498 1496/1496 1495/1495
f 1029/1029 1030/1030 1027/1027
f 1027/1027 1028/1028 1029/1029
f 1028/1028 1027/1027 1031/1031
f 1039/1039 1029/1029 1028/1028
f 1031/1031 1032/1032 1028/1028
f 1032/1032 1031/1031 1033/1033
f 1028/1028 1038/1038 1039/1039
f 1038/1038 1028/1028 1032/1032
f 1046/1046 1039/1039 1038/1038
f 1033/1033 1034/1034 1032/1032
f 1034/1034 1033/1033 1025/1025
f 1032/1032 1037/1037 1038/1038
f 1037/1037 1032/1032 1034/1034
f 1038/1038 1045/1045 1046/1046
f 1045/1045 1038/1038 1037/1037
f 1048/1048 1046/1046 1045/1045
f 1025/1025 1026/1026 1023/1023
f 1045/1045 1047/1047 1048/1048
f 1023/1023 1024/1024 1025/1025
f 1025/1025 1024/1024 1034/1034
f 1023/1023 1054/1054 1024/1024
f 1051/1051 1048/1048 1047/1047
f 1054/1054 1035/1035 1024/1024
f 1054/1054 1055/1055 1035/1035
f 1036/1036 1034/1034 1024/1024
f 1024/1024 1035/1035 1036/1036
f 1034/1034 1036/1036 1037/1037
f 1040/1040 1035/1035 1055/1055
f 1040/1040 1055/1055 1091/1091
f 1041/1041 1036/1036 1035/1035
f 1035/1035 1040/1040 1041/1041
f 1042/1042 1037/1037 1036/1036
f 1037/1037 1042/1042 1045/1045
f 1036/1036 1041/1041 1042/1042
f 1047/1047 1045/1045 1042/1042
f 1043/1043 1042/1042 1041/1041
f 1042/1042 1043/1043 1047/1047
f 1049/1049 1047/1047 1043/1043
f 1047/1047 1049/1049 1051/1051
f 1041/1041 1044/1044 1043/1043
f 1043/1043 1044/1044 1049/1049
f 1051/1051 1049/1049 1052/1052
f 1052/1052 1049/1049 1044/1044
f 1052/1052 1053/1053 1051/1051
f 1050/1050 1044/1044 1041/1041
f 1044/1044 1050/1050 1052/1052
f 1041/1041 1040/1040 1050/1050
f 1053/1053 1052/1052 1089/1089
f 1089/1089 1090/1090 1053/1053
f 1098/1098 1090/1090 1089/1089
f 1052/1052 1050/1050 1088/1088
f 1088/1088 1050/1050 1040/1040
f 1088/1088 1089/1089 1052/1052
f 1040/1040 1087/1087 1088/1088
f 1087/1087 1040/1040 1091/1091
f 1089/1089 1088/1088 1096/1096
f 1096/1096 1088/1088 1087/1087
f 1089/1089 1097/1097 1098/1098
f 1096/1096 1097/1097 1089/1089
f 1108/1108 1098/1098 1097/1097
f 1093/1093 1087/1087 1091/1091
f 1087/1087 1093/1093 1096/1096
f 1091/1091 1092/1092 1093/1093
f 1097/1097 1107/1107 1108/1108
f 1107/1107 1097/1097 1096/1096
f 1112/1112 1108/1108 1107/1107
f 1106/1106 1096/1096 1093/1093
f 1096/1096 1106/1106 1107/1107
f 1100/1100 1093/1093 1092/1092
f 1093/1093 1100/1100 1106/1106
f 1092/1092 1099/1099 1100/1100
f 1099/1099 1103/1103 1104/1104
f 1099/1099 1104/1104 1100/1100
f 1122/1122 1123/1123 1112/1112
f 1104/1104 1105/1105 1100/1100
f 1105/1105 1104/1104 1119/1119
f 1119/1119 1120/1120 1105/1105
f 1112/1112 1111/1111 1122/1122
f 1107/1107 1111/1111 1112/1112
f 1121/1121 1122/1122 1111/1111
f 1110/1110 1111/1111 1107/1107
f 1111/1111 1110/1110 1121/1121
f 1120/1120 1121/1121 1110/1110
f 1110/1110 1105/1105 1120/1120
f 1100/1100 1105/1105 1110/1110
f 1107/1107 1106/1106 1110/1110
f 1110/1110 1106/1106 1100/1100
f 1057/1057 1058/1058 983/983
f 982/982 1057/1057 983/983
f 982/982 1056/1056 1057/1057
f 982/982 983/983 975/975
f 1007/1007 1056/1056 982/982
f 975/975 974/974 982/982
f 982/982 994/994 1007/1007
f 994/994 982/982 974/974
f 974/974 975/975 972/972
f 972/972 975/975 1012/1012
f 974/974 991/991 994/994
f 1012/1012 976/976 972/972
f 972/972 973/973 974/974
f 991/991 974/974 973/973
f 970/970 972/972 976/976
f 973/973 972/972 970/970
f 1020/1020 976/976 1012/1012
f 1012/1012 1021/1021 1020/1020
f 1020/1020 1021/1021 1022/1022
f 971/971 976/976 1020/1020
f 976/976 971/971 970/970
f 1022/1022 957/957 1020/1020
f 957/957 1022/1022 1013/1013
f 1020/1020 1019/1019 971/971
f 1019/1019 1020/1020 957/957
f 970/970 971/971 969/969
f 969/969 971/971 1019/1019
f 1013/1013 958/958 957/957
f 957/957 922/922 1019/1019
f 922/922 957/957 958/958
f 959/959 958/958 1013/1013
f 1013/1013 1014/1014 959/959
f 958/958 917/917 922/922
f 917/917 958/958 959/959
f 1018/1018 1019/1019 922/922
f 1019/1019 1018/1018 969/969
f 901/901 922/922 917/917
f 922/922 901/901 1018/1018
f 959/959 918/918 917/917
f 960/960 959/959 1014/1014
f 918/918 959/959 960/960
f 1321/1321 960/960 1014/1014
f 1321/1321 1014/1014 1370/1370
f 960/960 919/919 918/918
f 1370/1370 1319/1319 1321/1321
f 1289/1289 919/919 960/960
f 960/960 1321/1321 1289/1289
f 918/918 919/919 907/907
f 907/907 919/919 1289/1289
f 1320/1320 1319/1319 1370/1370
f 1370/1370 1374/1374 1320/1320
f 1321/1321 1319/1319 1290/1290
f 1290/1290 1289/1289 1321/1321
f 1319/1319 1320/1320 1293/1293
f 1293/1293 1290/1290 1319/1319
f 1373/1373 1320/1320 1374/1374
f 1374/1374 1375/1375 1373/1373
f 1373/1373 1375/1375 1369/1369
f 1372/1372 1293/1293 1320/1320
f 1320/1320 1373/1373 1372/1372
f 1369/1369 1337/1337 1373/1373
f 1331/1331 1372/1372 1373/1373
f 1373/1373 1337/1337 1331/1331
f 1333/1333 1337/1337 1369/1369
f 1369/1369 1334/1334 1333/1333
f 1332/1332 1331/1331 1337/1337
f 1337/1337 1333/1333 1332/1332
f 1372/1372 1331/1331 1329/1329
f 1329/1329 1331/1331 1332/1332
f 1293/1293 1372/1372 1371/1371
f 1329/1329 1371/1371 1372/1372
f 1371/1371 1278/1278 1293/1293
f 1290/1290 1293/1293 1278/1278
f 1371/1371 1329/1329 1327/1327
f 1278/1278 1277/1277 1290/1290
f 1327/1327 1269/1269 1371/1371
f 1278/1278 1371/1371 1269/1269
f 1279/1279 1290/1290 1277/1277
f 1279/1279 1289/1289 1290/1290
f 1270/1270 1277/1277 1278/1278
f 1279/1279 1277/1277 1270/1270
f 1269/1269 1268/1268 1278/1278
f 1278/1278 1268/1268 1270/1270
f 1268/1268 1269/1269 1258/1258
f 1258/1258 1269/1269 1327/1327
f 1270/1270 1268/1268 1253/1253
f 1268/1268 1258/1258 1253/1253
f 1270/1270 1271/1271 1279/1279
f 1271/1271 1270/1270 1253/1253
f 1279/1279 1282/1282 1289/1289
f 1289/1289 1282/1282 907/907
f 1281/1281 1282/1282 1279/1279
f 908/908 907/907 1282/1282
f 1282/1282 1281/1281 908/908
f 1279/1279 1280/1280 1281/1281
f 1271/1271 1280/1280 1279/1279
f 1283/1283 1281/1281 1280/1280
f 908/908 1281/1281 1283/1283
f 1275/1275 1280/1280 1271/1271
f 1280/1280 1275/1275 1283/1283
f 905/905 907/907 908/908
f 907/907 905/905 918/918
f 1283/1283 910/910 908/908
f 905/905 903/903 918/918
f 903/903 917/917 918/918
f 908/908 906/906 905/905
f 903/903 905/905 906/906
f 909/909 906/906 908/908
f 908/908 910/910 909/909
f 906/906 904/904 903/903
f 904/904 906/906 909/909
f 903/903 902/902 917/917
f 917/917 902/902 901/901
f 894/894 902/902 903/903
f 901/901 902/902 894/894
f 903/903 904/904 895/895
f 903/903 895/895 894/894
f 909/909 897/897 904/904
f 895/895 904/904 897/897
f 897/897 909/909 912/912
f 912/912 909/909 910/910
f 897/897 896/896 895/895
f 912/912 898/898 897/897
f 896/896 897/897 898/898
f 910/910 911/911 912/912
f 895/895 896/896 877/877
f 1284/1284 911/911 910/910
f 910/910 1283/1283 1284/1284
f 1284/1284 1283/1283 1275/1275
f 923/923 912/912 911/911
f 898/898 912/912 923/923
f 911/911 1284/1284 1294/1294
f 911/911 924/924 923/923
f 1294/1294 924/924 911/911
f 1275/1275 1274/1274 1284/1284
f 1294/1294 1284/1284 1274/1274
f 1274/1274 1275/1275 1272/1272
f 1271/1271 1272/1272 1275/1275
f 1274/1274 1286/1286 1294/1294
f 1251/1251 1272/1272 1271/1271
f 1266/1266 1274/1274 1272/1272
f 1266/1266 1272/1272 1251/1251
f 1271/1271 1252/1252 1251/1251
f 1253/1253 1252/1252 1271/1271
f 1251/1251 1264/1264 1266/1266
f 1246/1246 1251/1251 1252/1252
f 1264/1264 1251/1251 1246/1246
f 1252/1252 1243/1243 1246/1246
f 1243/1243 1252/1252 1253/1253
f 1245/1245 1246/1246 1243/1243
f 1246/1246 1245/1245 1264/1264
f 1243/1243 1244/1244 1245/1245
f 1253/1253 1249/1249 1244/1244
f 1253/1253 1254/1254 1249/1249
f 1249/1249 1247/1247 1244/1244
f 1254/1254 1253/1253 1258/1258
f 1244/1244 1247/1247 1248/1248
f 1248/1248 1245/1245 1244/1244
f 1258/1258 1259/1259 1254/1254
f 1248/1248 1250/1250 1245/1245
f 1264/1264 1245/1245 1250/1250
f 1263/1263 1264/1264 1250/1250
f 1259/1259 1258/1258 1326/1326
f 1326/1326 1325/1325 1259/1259
f 1327/1327 1326/1326 1258/1258
f 1325/1325 1326/1326 1323/1323
f 1323/1323 1324/1324 1325/1325
f 1326/1326 1327/1327 1328/1328
f 1328/1328 1323/1323 1326/1326
f 1328/1328 1327/1327 1329/1329
f 1324/1324 1323/1323 1351/1351
f 1351/1351 1323/1323 1328/1328
f 1351/1351 1350/1350 1324/1324
f 1338/1338 1350/1350 1351/1351
f 1329/1329 1330/1330 1328/1328
f 1332/1332 1330/1330 1329/1329
f 1351/1351 1339/1339 1338/1338
f 1330/1330 1332/1332 1342/1342
f 1338/1338 1339/1339 1261/1261
f 1261/1261 1260/1260 1338/1338
f 1287/1287 1339/1339 1351/1351
f 1261/1261 1339/1339 1287/1287
f 1328/1328 1340/1340 1351/1351
f 1351/1351 1340/1340 1287/1287
f 1328/1328 1330/1330 1341/1341
f 1341/1341 1340/1340 1328/1328
f 1342/1342 1341/1341 1330/1330
f 1340/1340 1341/1341 1288/1288
f 1288/1288 1287/1287 1340/1340
f 1341/1341 1342/1342 1292/1292
f 1292/1292 1288/1288 1341/1341
f 1336/1336 1342/1342 1332/1332
f 1332/1332 1333/1333 1336/1336
f 1322/1322 1292/1292 1342/1342
f 1342/1342 1336/1336 1322/1322
f 1288/1288 1292/1292 1291/1291
f 1335/1335 1336/1336 1333/1333
f 1333/1333 1334/1334 1335/1335
f 1287/1287 1288/1288 1276/1276
f 1291/1291 1276/1276 1288/1288
f 1276/1276 1267/1267 1287/1287
f 1287/1287 1267/1267 1261/1261
f 1318/1318 1291/1291 1292/1292
f 1292/1292 1322/1322 1318/1318
f 1262/1262 1261/1261 1267/1267
f 1260/1260 1261/1261 1262/1262
f 1262/1262 1263/1263 1260/1260
f 1263/1263 1262/1262 1264/1264
f 1264/1264 1262/1262 1265/1265
f 1267/1267 1265/1265 1262/1262
f 1265/1265 1266/1266 1264/1264
f 1266/1266 1265/1265 1274/1274
f 1273/1273 1265/1265 1267/1267
f 1265/1265 1273/1273 1274/1274
f 1267/1267 1276/1276 1273/1273
f 1286/1286 1274/1274 1273/1273
f 1285/1285 1273/1273 1276/1276
f 1273/1273 1285/1285 1286/1286
f 1276/1276 1291/1291 1285/1285
f 1317/1317 1285/1285 1291/1291
f 1291/1291 1318/1318 1317/1317
f 1285/1285 1297/1297 1286/1286
f 1347/1347 1317/1317 1318/1318
f 1286/1286 1297/1297 1298/1298
f 1298/1298 1294/1294 1286/1286
f 924/924 1294/1294 1298/1298
f 1318/1318 1346/1346 1347/1347
f 1346/1346 1318/1318 1322/1322
f 1322/1322 1345/1345 1346/1346
f 1322/1322 1336/1336 1345/1345
f 1347/1347 1346/1346 1357/1357
f 1357/1357 1346/1346 1345/1345
f 1336/1336 1352/1352 1345/1345
f 1336/1336 1335/1335 1352/1352
f 1345/1345 1356/1356 1357/1357
f 1354/1354 1356/1356 1345/1345
f 1345/1345 1352/1352 1354/1354
f 1362/1362 1356/1356 1354/1354
f 1357/1357 1356/1356 1362/1362
f 1353/1353 1354/1354 1352/1352
f 1353/1353 1362/1362 1354/1354
f 1355/1355 1352/1352 1335/1335
f 1352/1352 1355/1355 1353/1353
f 1335/1335 1344/1344 1355/1355
f 1344/1344 1335/1335 1334/1334
f 1334/1334 1343/1343 1344/1344
f 1343/1343 1409/1409 1410/1410
f 1343/1343 1410/1410 1344/1344
f 1410/1410 1411/1411 1344/1344
f 1344/1344 1411/1411 1367/1367
f 1367/1367 1355/1355 1344/1344
f 1353/1353 1355/1355 1367/1367
f 1353/1353 1367/1367 1366/1366
f 1367/1367 1368/1368 1366/1366
f 1353/1353 1366/1366 1362/1362
f 1366/1366 1368/1368 1454/1454
f 1454/1454 1455/1455 1366/1366
f 1467/1467 1366/1366 1455/1455
f 1455/1455 1469/1469 1467/1467
f 1362/1362 1366/1366 1467/1467
f 1467/1467 1468/1468 1362/1362
f 1362/1362 1468/1468 1466/1466
f 1466/1466 1506/1506 1505/1505
f 1505/1505 1499/1499 1466/1466
f 1466/1466 1499/1499 1148/1148
f 1466/1466 1363/1363 1362/1362
f 1362/1362 1363/1363 1357/1357
f 1148/1148 1115/1115 1466/1466
f 1357/1357 1363/1363 1364/1364
f 1364/1364 1363/1363 1466/1466
f 1114/1114 1115/1115 1148/1148
f 1148/1148 1149/1149 1114/1114
f 1114/1114 1149/1149 1155/1155
f 1155/1155 1156/1156 1114/1114
f 1466/1466 1115/1115 1113/1113
f 1113/1113 1115/1115 1114/1114
f 1466/1466 1462/1462 1364/1364
f 1113/1113 1462/1462 1466/1466
f 1364/1364 1462/1462 1365/1365
f 1365/1365 1462/1462 1113/1113
f 1364/1364 1358/1358 1357/1357
f 1358/1358 1364/1364 1365/1365
f 1357/1357 1358/1358 1347/1347
f 1365/1365 1359/1359 1358/1358
f 1347/1347 1358/1358 1360/1360
f 1358/1358 1359/1359 1360/1360
f 1010/1010 1359/1359 1365/1365
f 1360/1360 1359/1359 1010/1010
f 1113/1113 1011/1011 1365/1365
f 1365/1365 1011/1011 1010/1010
f 1004/1004 1011/1011 1113/1113
f 1010/1010 1011/1011 1004/1004
f 1113/1113 1109/1109 1004/1004
f 1114/1114 1109/1109 1113/1113
f 1003/1003 1004/1004 1109/1109
f 1003/1003 1109/1109 1114/1114
f 1004/1004 999/999 1010/1010
f 1114/1114 1001/1001 1003/1003
f 997/997 999/999 1004/1004
f 1004/1004 1003/1003 997/997
f 1010/1010 999/999 998/998
f 998/998 999/999 997/997
f 1003/1003 1001/1001 996/996
f 996/996 997/997 1003/1003
f 1002/1002 1001/1001 1114/1114
f 996/996 1001/1001 1002/1002
f 1114/1114 1117/1117 1002/1002
f 1002/1002 1117/1117 1116/1116
f 1116/1116 1118/1118 1101/1101
f 1101/1101 1005/1005 1116/1116
f 1116/1116 1005/1005 1002/1002
f 1005/1005 1101/1101 1102/1102
f 1102/1102 1006/1006 1005/1005
f 1005/1005 1006/1006 1007/1007
f 993/993 1005/1005 1007/1007
f 993/993 1002/1002 1005/1005
f 993/993 1007/1007 994/994
f 993/993 994/994 991/991
f 993/993 992/992 1002/1002
f 991/991 992/992 993/993
f 992/992 995/995 1002/1002
f 1002/1002 995/995 996/996
f 992/992 991/991 985/985
f 985/985 995/995 992/992
f 996/996 995/995 985/985
f 985/985 991/991 973/973
f 985/985 984/984 996/996
f 961/961 985/985 973/973
f 984/984 985/985 961/961
f 961/961 973/973 981/981
f 970/970 981/981 973/973
f 961/961 956/956 984/984
f 981/981 970/970 968/968
f 969/969 968/968 970/970
f 981/981 921/921 961/961
f 956/956 961/961 921/921
f 968/968 979/979 981/981
f 921/921 981/981 979/979
f 966/966 968/968 969/969
f 979/979 968/968 966/966
f 979/979 915/915 921/921
f 969/969 967/967 966/966
f 967/967 969/969 1018/1018
f 966/966 980/980 979/979
f 915/915 979/979 980/980
f 1018/1018 1015/1015 967/967
f 1015/1015 1018/1018 901/901
f 920/920 921/921 915/915
f 921/921 920/920 956/956
f 901/901 893/893 1015/1015
f 894/894 893/893 901/901
f 1015/1015 893/893 884/884
f 893/893 894/894 879/879
f 879/879 884/884 893/893
f 879/879 894/894 895/895
f 884/884 1016/1016 1015/1015
f 967/967 1015/1015 1016/1016
f 883/883 884/884 879/879
f 1016/1016 884/884 883/883
f 879/879 878/878 883/883
f 883/883 1017/1017 1016/1016
f 874/874 878/878 879/879
f 1016/1016 1017/1017 963/963
f 869/869 874/874 879/879
f 874/874 869/869 873/873
f 872/872 873/873 869/869
f 963/963 962/962 1016/1016
f 1016/1016 962/962 967/967
f 962/962 963/963 964/964
f 966/966 967/967 962/962
f 964/964 965/965 962/962
f 962/962 965/965 966/966
f 965/965 964/964 990/990
f 966/966 965/965 989/989
f 990/990 989/989 965/965
f 989/989 980/980 966/966
f 989/989 990/990 978/978
f 916/916 980/980 989/989
f 980/980 916/916 915/915
f 978/978 977/977 989/989
f 989/989 977/977 916/916
f 977/977 978/978 885/885
f 900/900 915/915 916/916
f 915/915 900/900 920/920
f 916/916 977/977 888/888
f 885/885 888/888 977/977
f 888/888 892/892 916/916
f 916/916 892/892 900/900
f 887/887 888/888 885/885
f 892/892 888/888 887/887
f 885/885 886/886 887/887
f 899/899 900/900 892/892
f 886/886 889/889 887/887
f 886/886 875/875 889/889
f 887/887 890/890 892/892
f 892/892 890/890 899/899
f 890/890 887/887 889/889
f 900/900 899/899 914/914
f 914/914 920/920 900/900
f 898/898 899/899 890/890
f 920/920 914/914 955/955
f 955/955 956/956 920/920
f 891/891 898/898 890/890
f 889/889 891/891 890/890
f 891/891 896/896 898/898
f 877/877 896/896 891/891
f 891/891 889/889 877/877
f 899/899 898/898 913/913
f 913/913 914/914 899/899
f 923/923 913/913 898/898
f 871/871 877/877 889/889
f 913/913 923/923 928/928
f 928/928 923/923 924/924
f 876/876 877/877 871/871
f 877/877 876/876 895/895
f 895/895 876/876 879/879
f 876/876 870/870 879/879
f 871/871 870/870 876/876
f 870/870 871/871 868/868
f 889/889 868/868 871/871
f 868/868 869/869 870/870
f 875/875 868/868 889/889
f 869/869 868/868 872/872
f 872/872 868/868 875/875
f 924/924 929/929 928/928
f 1298/1298 929/929 924/924
f 928/928 927/927 913/913
f 913/913 927/927 914/914
f 932/932 928/928 929/929
f 930/930 927/927 928/928
f 928/928 932/932 930/930
f 927/927 925/925 914/914
f 927/927 930/930 931/931
f 931/931 925/925 927/927
f 925/925 926/926 914/914
f 955/955 914/914 926/926
f 931/931 934/934 925/925
f 926/926 925/925 934/934
f 937/937 931/931 930/930
f 934/934 931/931 937/937
f 930/930 936/936 937/937
f 936/936 930/930 932/932
f 937/937 948/948 934/934
f 945/945 937/937 936/936
f 948/948 937/937 945/945
f 934/934 935/935 926/926
f 948/948 935/935 934/934
f 926/926 954/954 955/955
f 954/954 926/926 935/935
f 950/950 935/935 948/948
f 948/948 945/945 950/950
f 935/935 952/952 954/954
f 952/952 935/935 950/950
f 986/986 955/955 954/954
f 956/956 955/955 986/986
f 986/986 984/984 956/956
f 996/996 984/984 986/986
f 986/986 997/997 996/996
f 998/998 997/997 986/986
f 954/954 988/988 986/986
f 998/998 986/986 988/988
f 987/987 988/988 954/954
f 954/954 952/952 987/987
f 1000/1000 998/998 988/988
f 988/988 987/987 1000/1000
f 1009/1009 998/998 1000/1000
f 998/998 1009/1009 1010/1010
f 1010/1010 1009/1009 1360/1360
f 1000/1000 1008/1008 1009/1009
f 1361/1361 1360/1360 1009/1009
f 1009/1009 1008/1008 1361/1361
f 1348/1348 1360/1360 1361/1361
f 1347/1347 1360/1360 1348/1348
f 1347/1347 1348/1348 1316/1316
f 1316/1316 1317/1317 1347/1347
f 1361/1361 1349/1349 1348/1348
f 1316/1316 1348/1348 1349/1349
f 1317/1317 1316/1316 1295/1295
f 1295/1295 1285/1285 1317/1317
f 1349/1349 1314/1314 1316/1316
f 1285/1285 1295/1295 1296/1296
f 1285/1285 1296/1296 1297/1297
f 1302/1302 1295/1295 1316/1316
f 1316/1316 1314/1314 1302/1302
f 1303/1303 1296/1296 1295/1295
f 1295/1295 1302/1302 1303/1303
f 1297/1297 1296/1296 1299/1299
f 1296/1296 1303/1303 1299/1299
f 1299/1299 1300/1300 1297/1297
f 1298/1298 1297/1297 1300/1300
f 1304/1304 1299/1299 1303/1303
f 1300/1300 1299/1299 1304/1304
f 1302/1302 1312/1312 1303/1303
f 1303/1303 1312/1312 1304/1304
f 1300/1300 1301/1301 1298/1298
f 929/929 1298/1298 1301/1301
f 1304/1304 1305/1305 1300/1300
f 1301/1301 1300/1300 1305/1305
f 1304/1304 1312/1312 1311/1311
f 1305/1305 1304/1304 1311/1311
f 1312/1312 1302/1302 1313/1313
f 1313/1313 1311/1311 1312/1312
f 1313/1313 1302/1302 1314/1314
f 1311/1311 1307/1307 1305/1305
f 1313/1313 1309/1309 1311/1311
f 1307/1307 1311/1311 1309/1309
f 1306/1306 1305/1305 1307/1307
f 1305/1305 1306/1306 1301/1301
f 1307/1307 1308/1308 1306/1306
f 1301/1301 933/933 929/929
f 929/929 933/933 932/932
f 1301/1301 1306/1306 939/939
f 939/939 933/933 1301/1301
f 932/932 933/933 939/939
f 939/939 1306/1306 1308/1308
f 939/939 938/938 932/932
f 932/932 938/938 936/936
f 1308/1308 942/942 939/939
f 941/941 936/936 938/938
f 936/936 941/941 945/945
f 940/940 938/938 939/939
f 938/938 940/940 941/941
f 939/939 942/942 940/940
f 944/944 945/945 941/941
f 941/941 940/940 943/943
f 941/941 943/943 944/944
f 943/943 940/940 942/942
f 944/944 950/950 945/945
f 942/942 946/946 943/943
f 947/947 944/944 943/943
f 943/943 946/946 947/947
f 1310/1310 946/946 942/942
f 947/947 946/946 1310/1310
f 942/942 1308/1308 1310/1310
f 1307/1307 1310/1310 1308/1308
f 1309/1309 1310/1310 1307/1307
f 1310/1310 1309/1309 947/947
f 944/944 947/947 949/949
f 949/949 947/947 1309/1309
f 944/944 949/949 950/950
f 1313/1313 949/949 1309/1309
f 950/950 949/949 953/953
f 953/953 949/949 1313/1313
f 953/953 951/951 950/950
f 950/950 951/951 952/952
f 1313/1313 1315/1315 953/953
f 1314/1314 1315/1315 1313/1313
f 952/952 951/951 1170/1170
f 1170/1170 951/951 953/953
f 1519/1519 1315/1315 1314/1314
f 953/953 1315/1315 1519/1519
f 1170/1170 1171/1171 952/952
f 987/987 952/952 1171/1171
f 953/953 1169/1169 1170/1170
f 1519/1519 1169/1169 953/953
f 1180/1180 1171/1171 1170/1170
f 1179/1179 1170/1170 1169/1169
f 1170/1170 1179/1179 1180/1180
f 1169/1169 1178/1178 1179/1179
f 1525/1525 1178/1178 1169/1169
f 1169/1169 1519/1519 1525/1525
f 1526/1526 1525/1525 1519/1519
f 1172/1172 1171/1171 1180/1180
f 1171/1171 1172/1172 987/987
f 1172/1172 1180/1180 1181/1181
f 1172/1172 1181/1181 1176/1176
f 1000/1000 987/987 1172/1172
f 1172/1172 1176/1176 1175/1175
f 1172/1172 1173/1173 1000/1000
f 1175/1175 1173/1173 1172/1172
f 1008/1008 1000/1000 1173/1173
f 1174/1174 1173/1173 1175/1175
f 1173/1173 1174/1174 1008/1008
f 1175/1175 1177/1177 1174/1174
f 1174/1174 1177/1177 1523/1523
f 1008/1008 1174/1174 1522/1522
f 1523/1523 1522/1522 1174/1174
f 1522/1522 1361/1361 1008/1008
f 1520/1520 1522/1522 1523/1523
f 1361/1361 1522/1522 1520/1520
f 1523/1523 1524/1524 1520/1520
f 1520/1520 1524/1524 1527/1527
f 1520/1520 1527/1527 1526/1526
f 1520/1520 1349/1349 1361/1361
f 1520/1520 1526/1526 1521/1521
f 1349/1349 1520/1520 1521/1521
f 1519/1519 1521/1521 1526/1526
f 1521/1521 1314/1314 1349/1349
f 1314/1314 1521/1521 1519/1519
f 1382/1382 1383/1383 1380/1380
f 1380/1380 1381/1381 1382/1382
f 1381/1381 1380/1380 1392/1392
f 1385/1385 1382/1382 1381/1381
f 1392/1392 1391/1391 1381/1381
f 1391/1391 1392/1392 1399/1399
f 1381/1381 1384/1384 1385/1385
f 1384/1384 1381/1381 1391/1391
f 1387/1387 1385/1385 1384/1384
f 1399/1399 1398/1398 1391/1391
f 1398/1398 1399/1399 1401/1401
f 1391/1391 1390/1390 1384/1384
f 1390/1390 1391/1391 1398/1398
f 1384/1384 1386/1386 1387/1387
f 1386/1386 1384/1384 1390/1390
f 1376/1376 1387/1387 1386/1386
f 1378/1378 1379/1379 1376/1376
f 1376/1376 1377/1377 1378/1378
f 1386/1386 1377/1377 1376/1376
f 1377/1377 1408/1408 1378/1378
f 1390/1390 1388/1388 1386/1386
f 1377/1377 1386/1386 1388/1388
f 1377/1377 1389/1389 1408/1408
f 1388/1388 1389/1389 1377/1377
f 1389/1389 1407/1407 1408/1408
f 1388/1388 1390/1390 1395/1395
f 1398/1398 1395/1395 1390/1390
f 1389/1389 1388/1388 1393/1393
f 1395/1395 1393/1393 1388/1388
f 1407/1407 1389/1389 1394/1394
f 1393/1393 1394/1394 1389/1389
f 1444/1444 1407/1407 1394/1394
f 1395/1395 1398/1398 1400/1400
f 1401/1401 1400/1400 1398/1398
f 1400/1400 1401/1401 1404/1404
f 1400/1400 1396/1396 1395/1395
f 1393/1393 1395/1395 1396/1396
f 1404/1404 1402/1402 1400/1400
f 1396/1396 1400/1400 1402/1402
f 1396/1396 1397/1397 1393/1393
f 1402/1402 1397/1397 1396/1396
f 1405/1405 1402/1402 1404/1404
f 1397/1397 1402/1402 1405/1405
f 1404/1404 1406/1406 1405/1405
f 1393/1393 1397/1397 1403/1403
f 1405/1405 1403/1403 1397/1397
f 1403/1403 1394/1394 1393/1393
f 1442/1442 1405/1405 1406/1406
f 1406/1406 1443/1443 1442/1442
f 1440/1440 1403/1403 1405/1405
f 1394/1394 1403/1403 1440/1440
f 1405/1405 1442/1442 1440/1440
f 1442/1442 1443/1443 1451/1451
f 1440/1440 1441/1441 1394/1394
f 1444/1444 1394/1394 1441/1441
f 1449/1449 1440/1440 1442/1442
f 1441/1441 1440/1440 1449/1449
f 1451/1451 1450/1450 1442/1442
f 1442/1442 1450/1450 1449/1449
f 1450/1450 1451/1451 1461/1461
f 1444/1444 1441/1441 1445/1445
f 1449/1449 1445/1445 1441/1441
f 1445/1445 1446/1446 1444/1444
f 1461/1461 1460/1460 1450/1450
f 1449/1449 1450/1450 1460/1460
f 1460/1460 1461/1461 1465/1465
f 1445/1445 1449/1449 1459/1459
f 1460/1460 1459/1459 1449/1449
f 1446/1446 1445/1445 1452/1452
f 1459/1459 1452/1452 1445/1445
f 1452/1452 1453/1453 1446/1446
f 1463/1463 1459/1459 1460/1460
f 1452/1452 1459/1459 1463/1463
f 1453/1453 1457/1457 1458/1458
f 1453/1453 1452/1452 1457/1457
f 1452/1452 1456/1456 1457/1457
f 1463/1463 1456/1456 1452/1452
f 1471/1471 1457/1457 1456/1456
f 1456/1456 1470/1470 1471/1471
f 1470/1470 1456/1456 1463/1463
f 1463/1463 1472/1472 1470/1470
f 1472/1472 1463/1463 1464/1464
f 1460/1460 1464/1464 1463/1463
f 1465/1465 1464/1464 1460/1460
f 1464/1464 1473/1473 1472/1472
f 1473/1473 1464/1464 1465/1465
f 1465/1465 1474/1474 1473/1473
f 1061/1061 1080/1080 1094/1094
f 1095/1095 1080/1080 1061/1061
f 1061/1061 1060/1060 1095/1095
f 1059/1059 1060/1060 1061/1061
f 1079/1079 1080/1080 1081/1081
f 1081/1081 1082/1082 1079/1079
f 1082/1082 1081/1081 1083/1083
f 1083/1083 1084/1084 1082/1082
f 1084/1084 1083/1083 1085/1085
f 1085/1085 1068/1068 1084/1084
f 1065/1065 1068/1068 1085/1085
f 1085/1085 1086/1086 1065/1065
f 1078/1078 1065/1065 1086/1086
f 1067/1067 1068/1068 1065/1065
f 1065/1065 1078/1078 1066/1066
f 1065/1065 1066/1066 1067/1067
f 1070/1070 1068/1068 1067/1067
f 1076/1076 1066/1066 1078/1078
f 1067/1067 1066/1066 1076/1076
f 1078/1078 1064/1064 1076/1076
f 1067/1067 1069/1069 1070/1070
f 1076/1076 1077/1077 1067/1067
f 1069/1069 1067/1067 1077/1077
f 1070/1070 1069/1069 1071/1071
f 1071/1071 1072/1072 1070/1070
f 1077/1077 1075/1075 1069/1069
f 1071/1071 1069/1069 1075/1075
f 1075/1075 1077/1077 1076/1076
f 1072/1072 1071/1071 1073/1073
f 1075/1075 1073/1073 1071/1071
f 1073/1073 1074/1074 1072/1072
f 1061/1061 1074/1074 1073/1073
f 1076/1076 1063/1063 1075/1075
f 1076/1076 1064/1064 1063/1063
f 1062/1062 1073/1073 1075/1075
f 1075/1075 1063/1063 1062/1062
f 1073/1073 1062/1062 1061/1061
f 1062/1062 1063/1063 1064/1064
f 1061/1061 1062/1062 1059/1059
f 1064/1064 1059/1059 1062/1062
f 1435/1435 1414/1414 1447/1447
f 1414/1414 1435/1435 1448/1448
f 1448/1448 1415/1415 1414/1414
f 1414/1414 1415/1415 1412/1412
f 1434/1434 1435/1435 1432/1432
f 1432/1432 1433/1433 1434/1434
f 1437/1437 1434/1434 1433/1433
f 1433/1433 1436/1436 1437/1437
f 1438/1438 1437/1437 1436/1436
f 1436/1436 1419/1419 1438/1438
f 1438/1438 1419/1419 1418/1418
f 1418/1418 1439/1439 1438/1438
f 1431/1431 1439/1439 1418/1418
f 1418/1418 1419/1419 1420/1420
f 1421/1421 1431/1431 1418/1418
f 1420/1420 1421/1421 1418/1418
f 1420/1420 1419/1419 1422/1422
f 1431/1431 1421/1421 1429/1429
f 1429/1429 1421/1421 1420/1420
f 1429/1429 1416/1416 1431/1431
f 1422/1422 1423/1423 1420/1420
f 1420/1420 1430/1430 1429/1429
f 1430/1430 1420/1420 1423/1423
f 1429/1429 1417/1417 1416/1416
f 1429/1429 1430/1430 1428/1428
f 1428/1428 1417/1417 1429/1429
f 1423/1423 1428/1428 1430/1430
f 1416/1416 1417/1417 1413/1413
f 1413/1413 1417/1417 1428/1428
f 1413/1413 1412/1412 1416/1416
f 1412/1412 1413/1413 1414/1414
f 1425/1425 1423/1423 1422/1422
f 1428/1428 1423/1423 1425/1425
f 1422/1422 1424/1424 1425/1425
f 1428/1428 1427/1427 1413/1413
f 1425/1425 1427/1427 1428/1428
f 1414/1414 1413/1413 1427/1427
f 1427/1427 1425/1425 1424/1424
f 1427/1427 1426/1426 1414/1414
f 1424/1424 1426/1426 1427/1427
f 1184/1184 1185/1185 1182/1182
f 1182/1182 1185/1185 1528/1528
f 1182/1182 1183/1183 1184/1184
f 1528/1528 1529/1529 1182/1182
f 1187/1187 1184/1184 1183/1183
f 1529/1529 1528/1528 1530/1530
f 1183/1183 1186/1186 1187/1187
f 1530/1530 1531/1531 1529/1529
f 1186/1186 1196/1196 1187/1187
f 1531/1531 1530/1530 1536/1536
f 1196/1196 1186/1186 1194/1194
f 1538/1538 1531/1531 1536/1536
f 1194/1194 1195/1195 1196/1196
f 1536/1536 1537/1537 1538/1538
f 1195/1195 1194/1194 1199/1199
f 1199/1199 1200/1200 1195/1195
f 1194/1194 1240/1240 1199/1199
f 1203/1203 1200/1200 1199/1199
f 1240/1240 1238/1238 1199/1199
f 1238/1238 1204/1204 1199/1199
f 1199/1199 1204/1204 1203/1203
f 1238/1238 1239/1239 1204/1204
f 1567/1567 1204/1204 1239/1239
f 1203/1203 1204/1204 1542/1542
f 1567/1567 1542/1542 1204/1204
f 1542/1542 1541/1541 1203/1203
f 1537/1537 1541/1541 1542/1542
f 1542/1542 1538/1538 1537/1537
f 1568/1568 1542/1542 1567/1567
f 1538/1538 1542/1542 1568/1568
f 1595/1595 1588/1588 1580/1580
f 1580/1580 1588/1588 1589/1589
f 1580/1580 1587/1587 1595/1595
f 1594/1594 1595/1595 1587/1587
f 1589/1589 1581/1581 1580/1580
f 1587/1587 1586/1586 1594/1594
f 1593/1593 1594/1594 1586/1586
f 1582/1582 1581/1581 1589/1589
f 1589/1589 1590/1590 1582/1582
f 1586/1586 1585/1585 1593/1593
f 1592/1592 1593/1593 1585/1585
f 1583/1583 1582/1582 1590/1590
f 1590/1590 1591/1591 1583/1583
f 1591/1591 1592/1592 1584/1584
f 1584/1584 1583/1583 1591/1591
f 1585/1585 1584/1584 1592/1592
f 1582/1582 1583/1583 1575/1575
f 1583/1583 1584/1584 1576/1576
f 1576/1576 1575/1575 1583/1583
f 1584/1584 1585/1585 1577/1577
f 1577/1577 1576/1576 1584/1584
f 1575/1575 1574/1574 1582/1582
f 1581/1581 1582/1582 1574/1574
f 1571/1571 1575/1575 1576/1576
f 1571/1571 1574/1574 1575/1575
f 1571/1571 1576/1576 1577/1577
f 1574/1574 1573/1573 1581/1581
f 1571/1571 1573/1573 1574/1574
f 1580/1580 1581/1581 1573/1573
f 1578/1578 1577/1577 1585/1585
f 1571/1571 1577/1577 1578/1578
f 1585/1585 1586/1586 1578/1578
f 1573/1573 1572/1572 1580/1580
f 1571/1571 1572/1572 1573/1573
f 1587/1587 1580/1580 1572/1572
f 1571/1571 1578/1578 1579/1579
f 1571/1571 1579/1579 1572/1572
f 1579/1579 1578/1578 1586/1586
f 1572/1572 1579/1579 1587/1587
f 1586/1586 1587/1587 1579/1579
f 1606/1606 1614/1614 1620/1620
f 1613/1613 1614/1614 1606/1606
f 1620/1620 1612/1612 1606/1606
f 1612/1612 1620/1620 1619/1619
f 1606/1606 1605/1605 1613/1613
f 1619/1619 1611/1611 1612/1612
f 1611/1611 1619/1619 1618/1618
f 1598/1598 1606/1606 1612/1612
f 1618/1618 1610/1610 1611/1611
f 1610/1610 1618/1618 1617/1617
f 1604/1604 1612/1612 1611/1611
f 1612/1612 1604/1604 1598/1598
f 1603/1603 1611/1611 1610/1610
f 1611/1611 1603/1603 1604/1604
f 1617/1617 1609/1609 1610/1610
f 1609/1609 1617/1617 1616/1616
f 1610/1610 1602/1602 1603/1603
f 1602/1602 1610/1610 1609/1609
f 1596/1596 1604/1604 1603/1603
f 1596/1596 1603/1603 1602/1602
f 1596/1596 1598/1598 1604/1604
f 1609/1609 1601/1601 1602/1602
f 1596/1596 1602/1602 1601/1601
f 1616/1616 1608/1608 1609/1609
f 1601/1601 1609/1609 1608/1608
f 1608/1608 1616/1616 1615/1615
f 1608/1608 1600/1600 1601/1601
f 1596/1596 1601/1601 1600/1600
f 1615/1615 1607/1607 1608/1608
f 1600/1600 1608/1608 1607/1607
f 1607/1607 1615/1615 1613/1613
f 1613/1613 1605/1605 1607/1607
f 1607/1607 1599/1599 1600/1600
f 1599/1599 1607/1607 1605/1605
f 1596/1596 1600/1600 1599/1599
f 1605/1605 1597/1597 1599/1599
f 1596/1596 1599/1599 1597/1597
f 1596/1596 1597/1597 1598/1598
f 1597/1597 1605/1605 1606/1606
f 1606/1606 1598/1598 1597/1597
o head_male_a.lod3
v -0.021384 0.133373 1.680153
v -0.021511 0.133214 1.681775
v -0.017873 0.134455 1.679944
v -0.023509 0.12954 1.681822
v -0.024885 0.129828 1.683977
v -0.027935 0.130871 1.680958
v -0.032952 0.133832 1.687621
v -0.033578 0.137325 1.688021
v -0.017873 0.134455 1.679944
v -0.021511 0.133214 1.681775
v -0.033578 0.137325 1.688021
v -0.016416 0.136244 1.679415
v -0.040466 0.132605 1.686241
v -0.041736 0.135752 1.687021
v -0.037628 0.132982 1.678404
v -0.034107 0.13289 1.678475
v -0.034341 0.13617 1.677159
v -0.037791 0.13614 1.677169
v -0.027935 0.130871 1.680958
v -0.021384 0.133373 1.680153
v -0.016416 0.136244 1.679415
v -0.032623 0.136352 1.67196
v -0.014798 0.137847 1.676073
v -0.037446 0.13599 1.672195
v -0.042928 0.137419 1.689145
v -0.033608 0.139757 1.689817
v -0.01359 0.137669 1.681133
v -0.011365 0.144273 1.676755
v -0.014851 0.142795 1.667783
v -0.032637 0.141413 1.661336
v -0.041032 0.140603 1.661298
v -0.045044 0.140008 1.692977
v -0.032324 0.144071 1.69392
v -0.01165 0.14661 1.688569
v -0.00947 0.144227 1.683031
v -0 0.153072 1.69099
v -0 0.152501 1.685919
v -0 0.153848 1.678751
v -0.014401 0.146267 1.655124
v -0.030271 0.139764 1.644345
v -0 0.157143 1.671034
v -0.053006 0.134648 1.665722
v -0.044733 0.134552 1.674537
v -0.034292 0.150403 1.70718
v -0 0.155268 1.704435
v -0.044513 0.137235 1.643471
v -0.059943 0.125253 1.651775
v -0.052317 0.142192 1.707198
v -0 0.163081 1.659373
v -0.018364 0.141636 1.645339
v -0.02487 0.137543 1.636706
v -0.013912 0.146766 1.6504
v -0 0.165687 1.654873
v -0.016982 0.150016 1.643197
v -0.019549 0.144299 1.641848
v -0 0.17245 1.640401
v -0.019543 0.141305 1.638673
v -0.022329 0.138559 1.631975
v -0.017638 0.151397 1.637494
v -0.018776 0.146411 1.636099
v -0 0.170163 1.633759
v -0 0.157073 1.628159
v -0.012065 0.148048 1.632031
v -0 0.152829 1.62777
v -0.018201 0.143971 1.633124
v -0 0.150664 1.624615
v -0.013395 0.147475 1.626556
v -0.015173 0.146425 1.615503
v -0.026937 0.138141 1.612375
v 0 0.14836 1.614936
v -0.034298 0.135037 1.616134
v -0.04109 0.131275 1.61977
v -0.047989 0.124128 1.623261
v -0.052165 0.131743 1.727306
v -0.033237 0.144412 1.728692
v -0 0.150517 1.724687
v -0.060766 0.105849 1.635059
v -0.047962 0.131328 1.683378
v -0.045989 0.129069 1.683496
v -0.046534 0.127685 1.682091
v -0.047659 0.130533 1.682041
v -0.050393 0.129498 1.681231
v -0.050581 0.131217 1.684524
v -0.060105 0.123462 1.679842
v -0.058575 0.124969 1.686501
v -0.070115 0.108345 1.679321
v -0.065233 0.111993 1.693262
v -0.074903 0.086049 1.677518
v -0.072653 0.093561 1.653737
v -0.072831 0.059561 1.64786
v -0.075744 0.053426 1.680236
v -0.070986 0.093279 1.7002
v -0.043341 0.135542 1.678432
v -0.042583 0.13261 1.679589
v -0.058522 0.12847 1.672355
v -0.047909 0.132433 1.677686
v -0.068575 0.115573 1.663972
v -0.047948 0.112748 1.606931
v -0.064777 0.09066 1.619038
v -0.041872 0.123068 1.603013
v -0.028067 0.133445 1.603322
v -0.035091 0.130424 1.602884
v -0.045944 0.133449 1.680297
v -0.044716 0.131015 1.680886
v -0.071944 0.061899 1.632428
v -0.065164 0.080826 1.60006
v -0.069273 0.061761 1.611892
v -0.046641 0.106347 1.58943
v -0.034455 0.121133 1.584601
v -0.022109 0.13382 1.587325
v -0.024536 0.130853 1.579573
v -0.018486 0.137989 1.593629
v -0.039174 0.094888 1.572521
v -0.054835 0.069998 1.586799
v -0.033233 0.108921 1.566961
v -0.024925 0.120107 1.560967
v -0.063094 0.049862 1.604273
v -0.066916 0.046191 1.633209
v -0.069584 0.051477 1.633185
v -0 0.140622 1.592389
v -0 0.138093 1.586499
v -0 0.141075 1.57477
v -0 0.129894 1.555073
v -0.075966 0.05902 1.710979
v -0.029037 0.117687 1.780798
v -0 0.125358 1.781935
v -0.048241 0.133604 1.686728
v -0.045987 0.133362 1.685058
v -0.044747 0.130691 1.68448
v -0.054302 0.133236 1.690965
v -0.061614 0.123257 1.701383
v -0.062635 0.110288 1.716924
v -0.071032 0.077199 1.741824
v -0.05582 0.101101 1.768884
v -0.05582 0.101101 1.768884
v -0.029037 0.117687 1.780798
v -0.075966 0.05902 1.710979
v -0.075966 0.05902 1.710979
v -0.076573 0.028985 1.716063
v -0.073871 0.039759 1.753579
v -0.071032 0.077199 1.741824
v -0.056629 0.05435 1.785703
v -0.05582 0.101101 1.768884
v -0.028009 0.066081 1.803301
v -0.029037 0.117687 1.780798
v -0 0.073567 1.806639
v -0 0.125358 1.781935
v -0.070905 -0.011245 1.718085
v -0.067857 -0.006524 1.757927
v -0.051292 0.001236 1.789181
v -0.042524 -0.021161 1.780724
v -0.059617 -0.022917 1.758287
v -0.027647 0.005214 1.801522
v -0 0.007873 1.806073
v -0.024659 -0.022855 1.787548
v -0 -0.021549 1.791689
v -0.024359 -0.040158 1.76685
v -0.061351 -0.028769 1.718819
v -0 -0.0432 1.768218
v -0.02503 -0.053164 1.720382
v -0 -0.058053 1.719527
v -0.077648 0.03044 1.692983
v -0.075744 0.053426 1.680236
v -0.074148 0.037851 1.652682
v -0.076604 0.037837 1.667538
v -0.076604 0.037837 1.667538
v -0.077648 0.03044 1.692983
v -0.080776 0.040278 1.633736
v -0.088124 0.029497 1.641745
v -0.074148 0.037851 1.652682
v -0.076604 0.037837 1.667538
v -0.092836 0.013729 1.674939
v -0.08643 0.020777 1.689725
v -0.076604 0.037837 1.667538
v -0.059053 0.001199 1.61492
v -0.059883 -0.004344 1.636378
v -0.067838 0.025756 1.639377
v -0.064005 0.028595 1.610186
v -0.06836 0.041196 1.633005
v -0.066737 -0.012063 1.675729
v -0.073348 0.013395 1.675292
v -0.067838 0.025756 1.639377
v -0.077648 0.03044 1.692983
v -0.073348 0.013395 1.675292
v -0.057142 -0.029749 1.676293
v -0.022993 -0.053672 1.677005
v -0 -0.05848 1.677883
v -0.069584 0.051477 1.633185
v -0.066916 0.046191 1.633209
v -0.06836 0.041196 1.633005
v -0.080776 0.040278 1.633736
v -0.050402 -0.023458 1.637834
v -0.018792 -0.044043 1.637971
v -0 -0.047938 1.639277
v -0.064005 0.028595 1.610186
v -0.06836 0.041196 1.633005
v -0.024114 0.108547 1.559877
v -0.047975 -0.021205 1.618398
v -0.017065 -0.041509 1.618268
v -0 -0.0439 1.618029
v -0 0.111924 1.552622
v -0.029133 0.087801 1.563841
v -0 0.098561 1.551607
v -0.054835 0.069998 1.586799
v -0.043517 0.058109 1.567086
v -0.058533 0.039138 1.56912
v -0.063094 0.049862 1.604273
v -0.062562 0.021456 1.574834
v -0.064005 0.028595 1.610186
v -0.063094 0.049862 1.604273
v -0.059053 0.001199 1.61492
v -0.064005 0.028595 1.610186
v -0.060302 -0.004927 1.584249
v -0.047975 -0.021205 1.618398
v -0.05192 -0.031376 1.585322
v -0.018845 -0.047077 1.580002
v -0.017065 -0.041509 1.618268
v -0.047975 -0.021205 1.618398
v -0 -0.049438 1.580116
v -0 -0.0439 1.618029
v -0.017065 -0.041509 1.618268
v -0.062377 0.016722 1.551266
v -0.065436 -0.006871 1.568532
v -0.0839 -0.0128 1.5444
v -0.0845 0.0206 1.5271
v -0.057089 -0.034844 1.571789
v -0.079 -0.0422 1.541
v -0.023066 -0.053145 1.564092
v -0.0296 -0.0646 1.5326
v -0 -0.056794 1.563968
v 1.2E-05 -0.071 1.5324
v -0 0.079231 1.55414
v -0.024473 0.068664 1.56022
v -0 0.068981 1.529728
v -0.027182 0.062576 1.535775
v -0.024473 0.068664 1.56022
v -0 0.079231 1.55414
v -0.043517 0.058109 1.567086
v -0.054835 0.069998 1.586799
v -0.039174 0.094888 1.572521
v -0.044177 0.052237 1.540107
v -0 0.068822 1.493946
v -0.03049 0.066938 1.501879
v -0 0.076048 1.48727
v -0.035651 0.077038 1.489456
v -0.050906 0.051164 1.502052
v -0.039148 0.104172 1.455486
v 0 0.101742 1.445906
v -0.05621 0.033073 1.543911
v -0.066714 0.03894 1.509141
v -0.0735 0.077519 1.488347
v -0.0872 0.0434 1.4986
v -0 0.123166 1.414363
v 0 0.149316 1.609573
v -0.015322 0.146167 1.610229
v -0.024192 0.137236 1.606467
v -0.023316 0.133816 1.605013
v -0.015596 0.141153 1.599382
v -0 0.145348 1.595879
v -0.013643 0.140867 1.605988
v -0.015596 0.141153 1.599382
v -0.023316 0.133816 1.605013
v -0 0.145348 1.595879
v 0 0.144762 1.604244
v 0 0.149316 1.609573
v 0 0.144762 1.604244
v -0.013643 0.140867 1.605988
v -0.015322 0.146167 1.610229
v -0.023316 0.133816 1.605013
v -0.024192 0.137236 1.606467
v 0.021511 0.133214 1.681775
v 0.021384 0.133373 1.680153
v 0.017873 0.134455 1.679944
v 0.023509 0.12954 1.681822
v 0.024885 0.129828 1.683977
v 0.027935 0.130871 1.680958
v 0.016416 0.136244 1.679415
v 0.033578 0.137325 1.688021
v 0.032952 0.133832 1.687621
v 0.017873 0.134455 1.679944
v 0.033578 0.137325 1.688021
v 0.021511 0.133214 1.681775
v 0.045987 0.133362 1.685058
v 0.044747 0.130691 1.68448
v 0.037628 0.132982 1.678404
v 0.037791 0.13614 1.677169
v 0.034341 0.13617 1.677159
v 0.034107 0.13289 1.678475
v 0.016416 0.136244 1.679415
v 0.021384 0.133373 1.680153
v 0.027935 0.130871 1.680958
v 0.032623 0.136352 1.67196
v 0.014798 0.137847 1.676073
v 0.037446 0.135991 1.672195
v 0.042928 0.137419 1.689145
v 0.048241 0.133604 1.686728
v 0.033608 0.139757 1.689817
v 0.01359 0.137669 1.681133
v 0.032637 0.141413 1.661336
v 0.014851 0.142795 1.667783
v 0.011365 0.144273 1.676752
v 0.041032 0.140603 1.661298
v 0.032324 0.144071 1.69392
v 0.045044 0.140008 1.692977
v 0.01165 0.14661 1.688569
v 0.00947 0.144227 1.683031
v 0.030271 0.139764 1.644345
v 0.014401 0.146267 1.655124
v 0.044733 0.134552 1.674537
v 0.053006 0.134648 1.665722
v 0.034292 0.150403 1.70718
v 0.044513 0.137235 1.643471
v 0.059943 0.125253 1.651775
v 0.052317 0.142192 1.707198
v 0.02487 0.137543 1.636706
v 0.018364 0.141636 1.645339
v 0.013912 0.146766 1.6504
v 0.019549 0.144299 1.641848
v 0.016982 0.150016 1.643197
v 0.022329 0.138559 1.631975
v 0.019543 0.141305 1.638673
v 0.018776 0.146411 1.636099
v 0.017638 0.151397 1.637494
v 0.012065 0.148048 1.632031
v 0.018201 0.143971 1.633124
v 0.013395 0.147475 1.626556
v 0.026937 0.138141 1.612375
v 0.015173 0.146425 1.615503
v 0.034298 0.135037 1.616134
v 0.04109 0.131275 1.619769
v 0.047989 0.124128 1.62326
v 0.033237 0.144412 1.728692
v 0.052165 0.131743 1.727306
v 0.060766 0.105849 1.635059
v 0.047659 0.130533 1.682041
v 0.046534 0.127685 1.682091
v 0.045989 0.129069 1.683496
v 0.047962 0.131328 1.683378
v 0.050581 0.131217 1.684524
v 0.050393 0.129498 1.681231
v 0.058575 0.124969 1.686504
v 0.060105 0.123462 1.679845
v 0.065233 0.111993 1.693262
v 0.070115 0.108345 1.679321
v 0.074903 0.086049 1.677518
v 0.075744 0.053426 1.680236
v 0.072831 0.059561 1.64786
v 0.072653 0.093561 1.653737
v 0.070986 0.093279 1.7002
v 0.042583 0.13261 1.679589
v 0.043341 0.135542 1.678432
v 0.047909 0.132433 1.677686
v 0.058475 0.128413 1.672334
v 0.068575 0.115573 1.663972
v 0.064777 0.09066 1.619038
v 0.047948 0.112748 1.606931
v 0.041872 0.123068 1.603013
v 0.035091 0.130424 1.602884
v 0.028067 0.133445 1.603322
v 0.044716 0.131014 1.680886
v 0.045944 0.133449 1.680297
v 0.071944 0.061899 1.632428
v 0.065164 0.080826 1.60006
v 0.069273 0.061761 1.611892
v 0.046641 0.106347 1.58943
v 0.034455 0.121133 1.584601
v 0.024536 0.130853 1.579573
v 0.022109 0.13382 1.587325
v 0.018486 0.137989 1.593629
v 0.054835 0.069997 1.586799
v 0.039174 0.094888 1.572521
v 0.033233 0.108921 1.566961
v 0.024925 0.120107 1.560967
v 0.063094 0.049862 1.604273
v 0.069584 0.051477 1.633185
v 0.066916 0.046191 1.633209
v 0.075966 0.05902 1.710979
v -0 0.125358 1.781935
v 0.029037 0.117687 1.780798
v 0.054302 0.133236 1.690965
v 0.061614 0.123257 1.701383
v 0.062635 0.110288 1.716924
v 0.05582 0.101101 1.768884
v 0.071032 0.077199 1.741824
v 0.029037 0.117687 1.780798
v 0.05582 0.101101 1.768884
v 0.075966 0.05902 1.710979
v 0.075966 0.05902 1.710979
v 0.071032 0.077199 1.741824
v 0.073871 0.039759 1.753579
v 0.076573 0.028985 1.716063
v 0.05582 0.101101 1.768884
v 0.056629 0.05435 1.785703
v 0.029037 0.117687 1.780798
v 0.028009 0.066081 1.803301
v -0 0.125358 1.781935
v -0 0.073567 1.806639
v 0.067857 -0.006524 1.757927
v 0.070905 -0.011245 1.718085
v 0.051292 0.001236 1.789181
v 0.042524 -0.021161 1.780724
v 0.059617 -0.022917 1.758287
v 0.027647 0.005214 1.801522
v -0 0.007873 1.806073
v 0.024659 -0.022855 1.787548
v -0 -0.021549 1.791689
v 0.024359 -0.040158 1.76685
v 0.061351 -0.028769 1.718819
v -0 -0.0432 1.768218
v 0.02503 -0.053164 1.720382
v -0 -0.058053 1.719527
v 0.077648 0.03044 1.692983
v 0.075744 0.053426 1.680236
v 0.077648 0.03044 1.692983
v 0.076406 0.033387 1.665159
v 0.073512 0.038119 1.651705
v 0.073512 0.038119 1.651705
v 0.080776 0.040278 1.633736
v 0.069584 0.051477 1.633185
v 0.088124 0.029497 1.641745
v 0.076406 0.033387 1.665159
v 0.092836 0.013729 1.674939
v 0.087073 0.020069 1.68896
v 0.088124 0.029497 1.641745
v 0.067626 0.023599 1.639665
v 0.06836 0.041195 1.633005
v 0.080776 0.040278 1.633736
v 0.092836 0.013729 1.674939
v 0.073117 0.010899 1.675247
v 0.067626 0.023599 1.639665
v 0.088124 0.029497 1.641745
v 0.092836 0.013729 1.674939
v 0.087073 0.020069 1.68896
v 0.073117 0.010899 1.675247
v 0.057142 -0.029749 1.676293
v 0.066737 -0.012063 1.675729
v 0.022993 -0.053672 1.677005
v -0 -0.05848 1.677883
v 0.06836 0.041195 1.633005
v 0.066916 0.046191 1.633209
v 0.069584 0.051477 1.633185
v 0.080776 0.040278 1.633736
v 0.050402 -0.023458 1.637834
v 0.059883 -0.004344 1.636378
v 0.018792 -0.044043 1.637971
v -0 -0.047938 1.639277
v 0.06836 0.041195 1.633005
v 0.064005 0.028595 1.610186
v 0.024114 0.108547 1.559877
v 0.047975 -0.021205 1.618398
v 0.017065 -0.041509 1.618268
v -0 -0.0439 1.618029
v 0.029133 0.087801 1.563841
v 0.054835 0.069997 1.586799
v 0.063094 0.049862 1.604273
v 0.058533 0.039138 1.56912
v 0.043517 0.058109 1.567086
v 0.064005 0.028595 1.610186
v 0.062562 0.021456 1.574834
v 0.063094 0.049862 1.604273
v 0.059053 0.001199 1.61492
v 0.060302 -0.004927 1.584249
v 0.064005 0.028595 1.610186
v 0.047975 -0.021205 1.618398
v 0.05192 -0.031376 1.585278
v 0.017065 -0.041509 1.618268
v 0.018845 -0.047077 1.579796
v 0.047975 -0.021205 1.618398
v -0 -0.0439 1.618029
v -0 -0.049438 1.580116
v 0.017065 -0.041509 1.618268
v 0.065436 -0.006871 1.568415
v 0.062377 0.016722 1.551266
v 0.0839 -0.0128 1.5444
v 0.0845 0.0206 1.5271
v 0.057089 -0.034844 1.569651
v 0.079 -0.0422 1.541
v 0.023066 -0.053145 1.562724
v 0.0296 -0.0646 1.5326
v -0 -0.056794 1.563968
v 1.2E-05 -0.071 1.5324
v 0.024473 0.068664 1.56022
v 0.024473 0.068664 1.56022
v 0.027182 0.062576 1.535775
v -0 0.068981 1.529728
v -0 0.079231 1.55414
v 0.043517 0.058109 1.567086
v 0.054835 0.069997 1.586799
v 0.039174 0.094888 1.572521
v 0.044177 0.052238 1.540107
v 0.03049 0.066938 1.501878
v -0 0.068822 1.493946
v 0.035651 0.077038 1.489456
v -0 0.076048 1.48727
v 0.050906 0.051164 1.502053
v 0.039148 0.104172 1.455486
v 0 0.101742 1.445906
v 0.05621 0.033073 1.543911
v 0.066714 0.03894 1.509142
v 0.0735 0.077519 1.488347
v 0.0872 0.0434 1.4986
v -0 0.123166 1.414363
v 0.015322 0.146167 1.610229
v 0.023316 0.133816 1.605013
v 0.024192 0.137236 1.606467
v 0.015596 0.141153 1.599382
v 0.023316 0.133816 1.605013
v 0.015596 0.141153 1.599382
v 0.013643 0.140867 1.605988
v 0.015322 0.146167 1.610229
v 0.013643 0.140867 1.605988
v 0.023316 0.133816 1.605013
v 0.024192 0.137236 1.606467
v 0.059053 0.001199 1.61492
v -0.034718 0.135553 1.683969
v -0.038843 0.134403 1.688472
v -0.034452 0.134403 1.690071
v -0.034718 0.135553 1.683969
v -0.034452 0.134403 1.690071
v -0.030216 0.134403 1.688095
v -0.034718 0.135553 1.683969
v -0.030216 0.134403 1.688095
v -0.028507 0.134403 1.683742
v -0.034718 0.135553 1.683969
v -0.028507 0.134403 1.683742
v -0.030587 0.134403 1.679482
v -0.034718 0.135553 1.683969
v -0.030587 0.134403 1.679482
v -0.034985 0.134403 1.677868
v -0.034718 0.135553 1.683969
v -0.034985 0.134403 1.677868
v -0.03922 0.134403 1.679843
v -0.034718 0.135553 1.683969
v -0.03922 0.134403 1.679843
v -0.04082 0.134403 1.684235
v -0.034718 0.135553 1.683969
v -0.04082 0.134403 1.684235
v -0.038843 0.134403 1.688472
v -0.034452 0.134403 1.690071
v -0.038843 0.134403 1.688472
v -0.042352 0.131126 1.691726
v -0.033131 0.131126 1.695081
v -0.033131 0.131126 1.695081
v -0.024723 0.131126 1.69131
v -0.030216 0.134403 1.688095
v -0.034452 0.134403 1.690071
v -0.024723 0.131126 1.69131
v -0.023086 0.131126 1.683641
v -0.028507 0.134403 1.683742
v -0.028507 0.134403 1.683742
v -0.030216 0.134403 1.688095
v -0.024723 0.131126 1.69131
v -0.023086 0.131126 1.683641
v -0.025344 0.131126 1.67551
v -0.030587 0.134403 1.679482
v -0.030587 0.134403 1.679482
v -0.028507 0.134403 1.683742
v -0.023086 0.131126 1.683641
v -0.025344 0.131126 1.67551
v -0.034065 0.131126 1.672522
v -0.034985 0.134403 1.677868
v -0.034985 0.134403 1.677868
v -0.030587 0.134403 1.679482
v -0.025344 0.131126 1.67551
v -0.034065 0.131126 1.672522
v -0.042561 0.131126 1.676295
v -0.03922 0.134403 1.679843
v -0.03922 0.134403 1.679843
v -0.034985 0.134403 1.677868
v -0.034065 0.131126 1.672522
v -0.042561 0.131126 1.676295
v -0.045991 0.131126 1.684462
v -0.04082 0.134403 1.684235
v -0.04082 0.134403 1.684235
v -0.03922 0.134403 1.679843
v -0.042561 0.131126 1.676295
v -0.045991 0.131126 1.684462
v -0.042352 0.131126 1.691726
v -0.038843 0.134403 1.688472
v -0.038843 0.134403 1.688472
v -0.04082 0.134403 1.684235
v -0.045991 0.131126 1.684462
v -0.042352 0.131126 1.691726
v -0.047377 0.120441 1.693296
v -0.036679 0.120441 1.699376
v -0.036679 0.120441 1.699376
v -0.033131 0.131126 1.695081
v -0.042352 0.131126 1.691726
v -0.036679 0.120441 1.699376
v -0.024552 0.120441 1.696448
v -0.024723 0.131126 1.69131
v -0.024723 0.131126 1.69131
v -0.033131 0.131126 1.695081
v -0.036679 0.120441 1.699376
v -0.024552 0.120441 1.696448
v -0.017942 0.120441 1.686131
v -0.023086 0.131126 1.683641
v -0.023086 0.131126 1.683641
v -0.024723 0.131126 1.69131
v -0.024552 0.120441 1.696448
v -0.017942 0.120441 1.686131
v -0.020862 0.120441 1.674512
v -0.025344 0.131126 1.67551
v -0.025344 0.131126 1.67551
v -0.023086 0.131126 1.683641
v -0.017942 0.120441 1.686131
v -0.020862 0.120441 1.674512
v -0.031621 0.120441 1.668351
v -0.034065 0.131126 1.672522
v -0.034065 0.131126 1.672522
v -0.025344 0.131126 1.67551
v -0.020862 0.120441 1.674512
v -0.031621 0.120441 1.668351
v -0.043795 0.120441 1.671356
v -0.042561 0.131126 1.676295
v -0.042561 0.131126 1.676295
v -0.034065 0.131126 1.672522
v -0.031621 0.120441 1.668351
v -0.043795 0.120441 1.671356
v -0.050356 0.120441 1.68172
v -0.045991 0.131126 1.684462
v -0.045991 0.131126 1.684462
v -0.042561 0.131126 1.676295
v -0.043795 0.120441 1.671356
v -0.050356 0.120441 1.68172
v -0.047377 0.120441 1.693296
v -0.042352 0.131126 1.691726
v -0.042352 0.131126 1.691726
v -0.045991 0.131126 1.684462
v -0.050356 0.120441 1.68172
v 0.034718 0.135553 1.683969
v 0.034452 0.134403 1.690071
v 0.038843 0.134403 1.688472
v 0.034718 0.135553 1.683969
v 0.030216 0.134403 1.688095
v 0.034452 0.134403 1.690071
v 0.034718 0.135553 1.683969
v 0.028507 0.134403 1.683742
v 0.030216 0.134403 1.688095
v 0.034718 0.135553 1.683969
v 0.030587 0.134403 1.679482
v 0.028507 0.134403 1.683742
v 0.034718 0.135553 1.683969
v 0.034985 0.134403 1.677868
v 0.030587 0.134403 1.679482
v 0.034718 0.135553 1.683969
v 0.03922 0.134403 1.679843
v 0.034985 0.134403 1.677868
v 0.034718 0.135553 1.683969
v 0.04082 0.134403 1.684235
v 0.03922 0.134403 1.679843
v 0.034718 0.135553 1.683969
v 0.038843 0.134403 1.688472
v 0.04082 0.134403 1.684235
v 0.034452 0.134403 1.690071
v 0.033131 0.131126 1.695081
v 0.042352 0.131126 1.691726
v 0.038843 0.134403 1.688472
v 0.030216 0.134403 1.688095
v 0.024723 0.131126 1.69131
v 0.033131 0.131126 1.695081
v 0.034452 0.134403 1.690071
v 0.028507 0.134403 1.683742
v 0.023086 0.131126 1.683641
v 0.024723 0.131126 1.69131
v 0.024723 0.131126 1.69131
v 0.030216 0.134403 1.688095
v 0.028507 0.134403 1.683742
v 0.030587 0.134403 1.679482
v 0.025344 0.131126 1.67551
v 0.023086 0.131126 1.683641
v 0.023086 0.131126 1.683641
v 0.028507 0.134403 1.683742
v 0.030587 0.134403 1.679482
v 0.034985 0.134403 1.677868
v 0.034065 0.131126 1.672522
v 0.025344 0.131126 1.67551
v 0.025344 0.131126 1.67551
v 0.030587 0.134403 1.679482
v 0.034985 0.134403 1.677868
v 0.03922 0.134403 1.679843
v 0.042561 0.131126 1.676295
v 0.034065 0.131126 1.672522
v 0.034065 0.131126 1.672522
v 0.034985 0.134403 1.677868
v 0.03922 0.134403 1.679843
v 0.04082 0.134403 1.684235
v 0.045991 0.131126 1.684462
v 0.042561 0.131126 1.676295
v 0.042561 0.131126 1.676295
v 0.03922 0.134403 1.679843
v 0.04082 0.134403 1.684235
v 0.038843 0.134403 1.688472
v 0.042352 0.131126 1.691726
v 0.045991 0.131126 1.684462
v 0.045991 0.131126 1.684462
v 0.04082 0.134403 1.684235
v 0.038843 0.134403 1.688472
v 0.036679 0.120441 1.699376
v 0.047377 0.120441 1.693296
v 0.042352 0.131126 1.691726
v 0.042352 0.131126 1.691726
v 0.033131 0.131126 1.695081
v 0.036679 0.120441 1.699376
v 0.024723 0.131126 1.69131
v 0.024552 0.120441 1.696448
v 0.036679 0.120441 1.699376
v 0.036679 0.120441 1.699376
v 0.033131 0.131126 1.695081
v 0.024723 0.131126 1.69131
v 0.023086 0.131126 1.683641
v 0.017942 0.120441 1.686131
v 0.024552 0.120441 1.696448
v 0.024552 0.120441 1.696448
v 0.024723 0.131126 1.69131
v 0.023086 0.131126 1.683641
v 0.025344 0.131126 1.67551
v 0.020862 0.120441 1.674512
v 0.017942 0.120441 1.686131
v 0.017942 0.120441 1.686131
v 0.023086 0.131126 1.683641
v 0.025344 0.131126 1.67551
v 0.034065 0.131126 1.672522
v 0.031621 0.120441 1.668351
v 0.020862 0.120441 1.674512
v 0.020862 0.120441 1.674512
v 0.025344 0.131126 1.67551
v 0.034065 0.131126 1.672522
v 0.042561 0.131126 1.676295
v 0.043795 0.120441 1.671356
v 0.031621 0.120441 1.668351
v 0.031621 0.120441 1.668351
v 0.034065 0.131126 1.672522
v 0.042561 0.131126 1.676295
v 0.045991 0.131126 1.684462
v 0.050356 0.120441 1.68172
v 0.043795 0.120441 1.671356
v 0.043795 0.120441 1.671356
v 0.042561 0.131126 1.676295
v 0.045991 0.131126 1.684462
v 0.042352 0.131126 1.691726
v 0.047377 0.120441 1.693296
v 0.050356 0.120441 1.68172
v 0.050356 0.120441 1.68172
v 0.045991 0.131126 1.684462
v 0.042352 0.131126 1.691726
v -0.08643 0.020777 1.689725
v -0.092836 0.013729 1.674939
v -0.092836 0.013729 1.674939
v -0.088124 0.029497 1.641745
v -0.088124 0.029497 1.641745
v -0.080776 0.040278 1.633736
v 0.077648 0.03044 1.692983
v 0.064005 0.028595 1.610186
v -0.069584 0.051477 1.633185
v -0.077648 0.03044 1.692983
v 0.077648 0.03044 1.692983
vt 0.600332 0.51655
vt 0.597636 0.50862896
vt 0.593276 0.514614
vt 0.606713 0.51207
vt 0.606511 0.511028
vt 0.612709 0.514633
vt 0.624717 0.503168
vt 0.627187 0.493527
vt 0.593276 0.514614
vt 0.597636 0.50862896
vt 0.627187 0.493527
vt 0.585889 0.516329
vt 0.64876 0.505393
vt 0.653569 0.497059
vt 0.641096 0.51807296
vt 0.630456 0.51783097
vt 0.634759 0.529817
vt 0.644846 0.53051
vt 0.612709 0.514633
vt 0.600332 0.51655
vt 0.585889 0.516329
vt 0.63227 0.544757
vt 0.580305 0.524177
vt 0.645605 0.54560304
vt 0.655716 0.484729
vt 0.624721 0.477584
vt 0.577254 0.50776
vt 0.559146 0.51922
vt 0.574769 0.548446
vt 0.628003 0.578399
vt 0.65072 0.5815
vt 0.657426 0.46768498
vt 0.616332 0.457933
vt 0.554607 0.47758198
vt 0.555067 0.49843597
vt 0.507403 0.46385503
vt 0.507138 0.48274702
vt 0.506682 0.509342
vt 0.571485 0.588309
vt 0.619673 0.62981904
vt 0.506519 0.53826904
vt 0.686698 0.571423
vt 0.667595 0.540165
vt 0.614702 0.41530597
vt 0.507619 0.41606897
vt 0.659657 0.63552403
vt 0.715506 0.617697
vt 0.670084 0.42835498
vt 0.506604 0.577312
vt 0.586617 0.622738
vt 0.603786 0.65281
vt 0.570214 0.602334
vt 0.506595 0.590253
vt 0.564151 0.624914
vt 0.579107 0.633143
vt 0.506444 0.61822104
vt 0.586286 0.643631
vt 0.593974 0.665787
vt 0.559245 0.639241
vt 0.570443 0.64768803
vt 0.506369 0.628042
vt 0.506167 0.656425
vt 0.550751 0.663464
vt 0.506152 0.669382
vt 0.573717 0.659618
vt 0.506165 0.68198097
vt 0.553188 0.680814
vt 0.555119 0.711812
vt 0.597299 0.726974
vt 0.50632 0.71111596
vt 0.624056 0.719127
vt 0.649737 0.710919
vt 0.682151 0.707705
vt 0.690942 0.373636
vt 0.619651 0.35059398
vt 0.507793 0.346821
vt 0.756306 0.684203
vt 0.68119 0.508101
vt 0.668225 0.51211
vt 0.66852 0.51407397
vt 0.680641 0.515133
vt 0.690469 0.51814497
vt 0.689102 0.505598
vt 0.722198 0.52893
vt 0.716708 0.5052
vt 0.775133 0.541101
vt 0.761748 0.492827
vt 0.840706 0.55691004
vt 0.813352 0.629169
vt 0.909245 0.66783
vt 0.932566 0.562268
vt 0.818013 0.482046
vt 0.662864 0.52758
vt 0.655457 0.517148
vt 0.709208 0.552554
vt 0.679656 0.530438
vt 0.753223 0.585424
vt 0.697054 0.76547897
vt 0.792662 0.743259
vt 0.656798 0.767296
vt 0.600376 0.759894
vt 0.625471 0.762174
vt 0.671035 0.523263
vt 0.663897 0.515415
vt 0.895598 0.71814203
vt 0.806 0.80946
vt 0.881969 0.785921
vt 0.691263 0.821775
vt 0.627683 0.819915
vt 0.576321 0.80431104
vt 0.583204 0.824495
vt 0.56344 0.786865
vt 0.675481 0.887244
vt 0.813789 0.874262
vt 0.625652 0.876032
vt 0.582637 0.873549
vt 0.915528 0.819519
vt 0.94715 0.73026
vt 0.929877 0.723263
vt 0.506738 0.787395
vt 0.507428 0.80289197
vt 0.508637 0.829371
vt 0.510581 0.873508
vt 0.915525 0.46021497
vt 0.639727 0.17569298
vt 0.516982 0.15045297
vt 0.677395 0.49429703
vt 0.671207 0.50263596
vt 0.663117 0.50993896
vt 0.691974 0.482234
vt 0.728356 0.45932603
vt 0.763419 0.41979098
vt 0.85642 0.36329198
vt 0.774199 0.267547
vt 0.769717 0.26371402
vt 0.66765 0.19531101
vt 0.914337 0.461475
vt 0.254495 0.267695
vt 0.248209 0.22065699
vt 0.182936 0.23965597
vt 0.196917 0.299088
vt 0.119141 0.265406
vt 0.14132 0.34364098
vt 0.063399 0.288395
vt 0.100735 0.387446
vt 0.01703 0.308205
vt 0.065504 0.429133
vt 0.243854 0.16118598
vt 0.176656 0.17022401
vt 0.117445 0.17656499
vt 0.124164 0.13608998
vt 0.17304 0.14314401
vt 0.071983 0.17464203
vt 0.023187 0.169765
vt 0.096174 0.12080598
vt 0.05756 0.100676
vt 0.134239 0.08666903
vt 0.239355 0.12992603
vt 0.108801 0.05205798
vt 0.223243 0.05541098
vt 0.21619 0.010338008
vt 0.288103 0.22312403
vt 0.311229 0.25684798
vt 0.938809 0.66637003
vt 0.976782 0.60441
vt 0.976782 0.60441
vt 0.990186 0.522894
vt 0.756164 0.156802
vt 0.716028 0.12539399
vt 0.685324 0.17777503
vt 0.627533 0.19010198
vt 0.600858 0.078235984
vt 0.572437 0.10275197
vt 0.627533 0.19010198
vt 0.430595 0.16956198
vt 0.392351 0.16697103
vt 0.383134 0.19559598
vt 0.449545 0.22098202
vt 0.402754 0.23494202
vt 0.318582 0.15762699
vt 0.315386 0.18275303
vt 0.381796 0.198825
vt 0.289707 0.22295302
vt 0.3216 0.18053001
vt 0.315029 0.12792498
vt 0.30873 0.05375898
vt 0.309214 0.011160016
vt 0.78558 0.206429
vt 0.797974 0.18151802
vt 0.795438 0.15644097
vt 0.756164 0.156802
vt 0.386802 0.13306499
vt 0.386499 0.062873006
vt 0.388252 0.027531981
vt 0.985443 0.803124
vt 0.961225 0.735603
vt 0.593714 0.895091
vt 0.424434 0.13385099
vt 0.425025 0.06732601
vt 0.42911 0.03581202
vt 0.511802 0.907162
vt 0.644442 0.928479
vt 0.512638 0.936065
vt 0.787342 0.23572302
vt 0.833458 0.258287
vt 0.85062 0.214544
vt 0.793139 0.18834299
vt 0.862811 0.18220502
vt 0.810477 0.16529399
vt 0.796994 0.19978797
vt 0.816435 0.12816697
vt 0.803869 0.164958
vt 0.876316 0.14433402
vt 0.818423 0.10246903
vt 0.886256 0.11397898
vt 0.884381 0.048789978
vt 0.817429 0.05151099
vt 0.818275 0.11160201
vt 0.875566 0.019971013
vt 0.81598 0.022994995
vt 0.822656 0.053901017
vt 0.904168 0.199651
vt 0.90942 0.15437597
vt 0.995322 0.15684402
vt 0.995322 0.22007602
vt 0.920861 0.11963099
vt 0.995322 0.12098801
vt 0.925081 0.045850992
vt 0.995322 0.039368987
vt 0.913546 0.017185986
vt 0.995322 0.009370029
vt 0.51408 0.998415
vt 0.654428 0.989263
vt 0.831864 0.36304998
vt 0.85981 0.315987
vt 0.819298 0.29598802
vt 0.797635 0.34083802
vt 0.737931 0.987135
vt 0.802406 0.914673
vt 0.683251 0.889736
vt 0.875847 0.28058398
vt 0.863843 0.39513397
vt 0.903418 0.35053903
vt 0.87369 0.406452
vt 0.932677 0.37632602
vt 0.929395 0.311307
vt 0.995322 0.43904698
vt 0.92283 0.482024
vt 0.89554 0.237607
vt 0.9459 0.27675498
vt 0.995322 0.34909302
vt 0.995322 0.27683997
vt 0.995322 0.53861797
vt 0.50638 0.726773
vt 0.553214 0.726611
vt 0.587641 0.74495196
vt 0.583945 0.755845
vt 0.552879 0.77263796
vt 0.5061 0.77326703
vt 0.551518 0.752982
vt 0.552879 0.77263796
vt 0.583945 0.755845
vt 0.5061 0.77326703
vt 0.504891 0.750039
vt 0.50638 0.726773
vt 0.506171 0.747334
vt 0.553039 0.747401
vt 0.553214 0.726611
vt 0.583945 0.755845
vt 0.587641 0.74495196
vt 0.421452 0.508682
vt 0.418606 0.51655
vt 0.425697 0.514749
vt 0.412378 0.511974
vt 0.412618 0.510934
vt 0.406291 0.514476
vt 0.43305 0.516606
vt 0.392436 0.493249
vt 0.394698 0.502891
vt 0.425697 0.514749
vt 0.392436 0.493249
vt 0.421452 0.508682
vt 0.348105 0.501894
vt 0.356061 0.50927
vt 0.377785 0.517627
vt 0.373832 0.529656
vt 0.38393 0.529155
vt 0.388431 0.517493
vt 0.43305 0.516606
vt 0.418606 0.51655
vt 0.406291 0.514476
vt 0.386133 0.54414
vt 0.437641 0.52409804
vt 0.372785 0.544731
vt 0.363888 0.48388702
vt 0.341984 0.49312
vt 0.395049 0.47721702
vt 0.441084 0.507655
vt 0.389058 0.57742
vt 0.441082 0.54758596
vt 0.456518 0.518311
vt 0.36667 0.580324
vt 0.403027 0.457227
vt 0.362383 0.46656603
vt 0.461539 0.47656602
vt 0.460701 0.49736702
vt 0.395798 0.628469
vt 0.443158 0.58706
vt 0.350902 0.53887296
vt 0.33117 0.56973696
vt 0.404496 0.414168
vt 0.356571 0.634043
vt 0.301475 0.615445
vt 0.350273 0.42689502
vt 0.410815 0.65134203
vt 0.427834 0.62118804
vt 0.444106 0.60093904
vt 0.434897 0.63144004
vt 0.449538 0.623243
vt 0.420198 0.664303
vt 0.427803 0.641956
vt 0.443031 0.645797
vt 0.454006 0.637331
vt 0.461997 0.66152203
vt 0.439782 0.65783596
vt 0.459727 0.679247
vt 0.416857 0.72632396
vt 0.458056 0.710678
vt 0.390462 0.718144
vt 0.365138 0.711115
vt 0.333023 0.705989
vt 0.399512 0.3488
vt 0.329943 0.37158602
vt 0.259445 0.681182
vt 0.338338 0.513596
vt 0.35051 0.51335
vt 0.350875 0.511389
vt 0.337934 0.507254
vt 0.330061 0.50204504
vt 0.328454 0.512056
vt 0.302468 0.502969
vt 0.296524 0.526592
vt 0.257673 0.48974103
vt 0.243367 0.53775
vt 0.177502 0.5523
vt 0.085557 0.555898
vt 0.106852 0.661887
vt 0.203468 0.62507
vt 0.201624 0.477885
vt 0.363459 0.516556
vt 0.355874 0.526381
vt 0.33903 0.528917
vt 0.309059 0.550466
vt 0.264424 0.582483
vt 0.221997 0.739571
vt 0.317468 0.763592
vt 0.357696 0.766017
vt 0.388823 0.761331
vt 0.413705 0.75948
vt 0.355083 0.514737
vt 0.347787 0.521909
vt 0.119505 0.712449
vt 0.207804 0.805749
vt 0.131862 0.780505
vt 0.324086 0.820356
vt 0.388351 0.819185
vt 0.433395 0.824051
vt 0.438844 0.803712
vt 0.450429 0.785998
vt 0.199596 0.871419
vt 0.342964 0.887266
vt 0.393796 0.875998
vt 0.437717 0.873596
vt 0.097681 0.813497
vt 0.085134 0.716918
vt 0.067731 0.72358096
vt 0.104548 0.45419002
vt 0.505084 0.150361
vt 0.382505 0.17371601
vt 0.327634 0.480487
vt 0.291688 0.456882
vt 0.257339 0.41667402
vt 0.248444 0.26474
vt 0.165657 0.35846502
vt 0.352858 0.19342399
vt 0.253081 0.26155102
vt 0.105738 0.45549202
vt 0.254495 0.267695
vt 0.196917 0.299088
vt 0.182936 0.23965597
vt 0.248209 0.22065699
vt 0.14132 0.34364098
vt 0.119141 0.265406
vt 0.100735 0.387446
vt 0.063399 0.288395
vt 0.065504 0.429133
vt 0.01703 0.308205
vt 0.176656 0.17022401
vt 0.243854 0.16118598
vt 0.117445 0.17656499
vt 0.124164 0.13608998
vt 0.17304 0.14314401
vt 0.071983 0.17464203
vt 0.023187 0.169765
vt 0.096174 0.12080598
vt 0.05756 0.100676
vt 0.134239 0.08666903
vt 0.239355 0.12992603
vt 0.108801 0.05205798
vt 0.223243 0.05541098
vt 0.21619 0.010338008
vt 0.288103 0.22312403
vt 0.311229 0.25684798
vt 0.028701 0.515429
vt 0.040542 0.59718597
vt 0.077321 0.65986204
vt 0.714436 0.229402
vt 0.756164 0.156802
vt 0.78558 0.206429
vt 0.716028 0.12539399
vt 0.627533 0.19010198
vt 0.600858 0.078235984
vt 0.575291 0.10029
vt 0.375854 0.218202
vt 0.382246 0.19835103
vt 0.402754 0.23494202
vt 0.39682 0.233953
vt 0.312804 0.20305097
vt 0.315054 0.185363
vt 0.380779 0.20189202
vt 0.373459 0.22398299
vt 0.324037 0.199031
vt 0.311012 0.208107
vt 0.321913 0.182908
vt 0.315029 0.12792498
vt 0.318582 0.15762699
vt 0.30873 0.05375898
vt 0.309214 0.011160016
vt 0.795438 0.15644097
vt 0.797974 0.18151802
vt 0.78558 0.206429
vt 0.756164 0.156802
vt 0.386802 0.13306499
vt 0.392351 0.16697103
vt 0.386499 0.062873006
vt 0.388252 0.027531981
vt 0.053556 0.728653
vt 0.028051 0.795704
vt 0.427915 0.895363
vt 0.424434 0.13385099
vt 0.425025 0.06732601
vt 0.42911 0.03581202
vt 0.377425 0.929709
vt 0.787342 0.235722
vt 0.793139 0.18834198
vt 0.85062 0.214544
vt 0.833458 0.258287
vt 0.810477 0.16529399
vt 0.862811 0.18220502
vt 0.796994 0.19978797
vt 0.816435 0.12816697
vt 0.876316 0.14433402
vt 0.80387 0.16495901
vt 0.818424 0.10246903
vt 0.886256 0.11397898
vt 0.817497 0.051514983
vt 0.884381 0.048789978
vt 0.818358 0.111607015
vt 0.81598 0.022994995
vt 0.875566 0.019971013
vt 0.822656 0.053901017
vt 0.90942 0.15437597
vt 0.904168 0.199651
vt 0.995322 0.15684402
vt 0.995322 0.22007602
vt 0.920861 0.11963099
vt 0.995322 0.12098801
vt 0.925081 0.045850992
vt 0.995322 0.039368987
vt 0.913546 0.017185986
vt 0.995322 0.009370029
vt 0.370736 0.993194
vt 0.819298 0.29598802
vt 0.85981 0.315987
vt 0.831864 0.36304998
vt 0.797635 0.34083802
vt 0.283602 0.994214
vt 0.210255 0.918239
vt 0.333648 0.889176
vt 0.875847 0.28058398
vt 0.903418 0.35053903
vt 0.863843 0.39513397
vt 0.932677 0.37632602
vt 0.87369 0.406452
vt 0.929395 0.311307
vt 0.995322 0.43904698
vt 0.92283 0.482024
vt 0.89554 0.237607
vt 0.9459 0.27675498
vt 0.995322 0.34909302
vt 0.995322 0.27683997
vt 0.995322 0.53861797
vt 0.460035 0.725564
vt 0.430334 0.75602996
vt 0.42661 0.74493897
vt 0.459758 0.771012
vt 0.430334 0.75602996
vt 0.459758 0.771012
vt 0.458099 0.749528
vt 0.460035 0.725564
vt 0.460375 0.746347
vt 0.430334 0.75602996
vt 0.42661 0.74493897
vt 0.430595 0.16956198
vt 0.5106 0.50380003
vt 0.6364 0.41439998
vt 0.5366 0.3509
vt 0.5106 0.50380003
vt 0.5366 0.3509
vt 0.4211 0.3775
vt 0.5106 0.50380003
vt 0.4211 0.3775
vt 0.3577 0.4773
vt 0.5106 0.50380003
vt 0.3577 0.4773
vt 0.3842 0.5928
vt 0.5106 0.50380003
vt 0.3842 0.5928
vt 0.484 0.6562
vt 0.5106 0.50380003
vt 0.484 0.6562
vt 0.5995 0.6297
vt 0.5106 0.50380003
vt 0.5995 0.6297
vt 0.6629 0.5298
vt 0.5106 0.50380003
vt 0.6629 0.5298
vt 0.6364 0.41439998
vt 0.5366 0.3509
vt 0.6364 0.41439998
vt 0.7696 0.32130003
vt 0.5647 0.19129997
vt 0.5647 0.19129997
vt 0.3275 0.24430001
vt 0.4211 0.3775
vt 0.5366 0.3509
vt 0.3275 0.24430001
vt 0.198 0.44919997
vt 0.3577 0.4773
vt 0.3577 0.4773
vt 0.4211 0.3775
vt 0.3275 0.24430001
vt 0.198 0.44919997
vt 0.251 0.6864
vt 0.3842 0.5928
vt 0.3842 0.5928
vt 0.3577 0.4773
vt 0.198 0.44919997
vt 0.251 0.6864
vt 0.456 0.81589997
vt 0.484 0.6562
vt 0.484 0.6562
vt 0.3842 0.5928
vt 0.251 0.6864
vt 0.456 0.81589997
vt 0.6931 0.7628
vt 0.5995 0.6297
vt 0.5995 0.6297
vt 0.484 0.6562
vt 0.456 0.81589997
vt 0.6931 0.7628
vt 0.8226 0.5579
vt 0.6629 0.5298
vt 0.6629 0.5298
vt 0.5995 0.6297
vt 0.6931 0.7628
vt 0.8226 0.5579
vt 0.7696 0.32130003
vt 0.6364 0.41439998
vt 0.6364 0.41439998
vt 0.6629 0.5298
vt 0.8226 0.5579
vt 0.7696 0.32130003
vt 0.9297 0.31089997
vt 0.6666 0.0711
vt 0.6666 0.0711
vt 0.5647 0.19129997
vt 0.7696 0.32130003
vt 0.6666 0.0711
vt 0.3114 0.0711
vt 0.3275 0.24430001
vt 0.3275 0.24430001
vt 0.5647 0.19129997
vt 0.6666 0.0711
vt 0.3114 0.0711
vt 0.0711 0.33380002
vt 0.198 0.44919997
vt 0.198 0.44919997
vt 0.3275 0.24430001
vt 0.3114 0.0711
vt 0.0711 0.33380002
vt 0.0711 0.6895
vt 0.251 0.6864
vt 0.251 0.6864
vt 0.198 0.44919997
vt 0.0711 0.33380002
vt 0.0711 0.6895
vt 0.3343 0.9295
vt 0.456 0.81589997
vt 0.456 0.81589997
vt 0.251 0.6864
vt 0.0711 0.6895
vt 0.3343 0.9295
vt 0.6895 0.9295
vt 0.6931 0.7628
vt 0.6931 0.7628
vt 0.456 0.81589997
vt 0.3343 0.9295
vt 0.6895 0.9295
vt 0.9297 0.6666
vt 0.8226 0.5579
vt 0.8226 0.5579
vt 0.6931 0.7628
vt 0.6895 0.9295
vt 0.9297 0.6666
vt 0.9297 0.31089997
vt 0.7696 0.32130003
vt 0.7696 0.32130003
vt 0.8226 0.5579
vt 0.9297 0.6666
vt 0.5106 0.50380003
vt 0.5366 0.3509
vt 0.6364 0.41439998
vt 0.5106 0.50380003
vt 0.4211 0.3775
vt 0.5366 0.3509
vt 0.5106 0.50380003
vt 0.3577 0.4773
vt 0.4211 0.3775
vt 0.5106 0.50380003
vt 0.3842 0.5928
vt 0.3577 0.4773
vt 0.5106 0.50380003
vt 0.484 0.6562
vt 0.3842 0.5928
vt 0.5106 0.50380003
vt 0.5995 0.6297
vt 0.484 0.6562
vt 0.5106 0.50380003
vt 0.6629 0.5298
vt 0.5995 0.6297
vt 0.5106 0.50380003
vt 0.6364 0.41439998
vt 0.6629 0.5298
vt 0.5366 0.3509
vt 0.5647 0.19129997
vt 0.7696 0.32130003
vt 0.6364 0.41439998
vt 0.4211 0.3775
vt 0.3275 0.24430001
vt 0.5647 0.19129997
vt 0.5366 0.3509
vt 0.3577 0.4773
vt 0.198 0.44919997
vt 0.3275 0.24430001
vt 0.3275 0.24430001
vt 0.4211 0.3775
vt 0.3577 0.4773
vt 0.3842 0.5928
vt 0.251 0.6864
vt 0.198 0.44919997
vt 0.198 0.44919997
vt 0.3577 0.4773
vt 0.3842 0.5928
vt 0.484 0.6562
vt 0.456 0.81589997
vt 0.251 0.6864
vt 0.251 0.6864
vt 0.3842 0.5928
vt 0.484 0.6562
vt 0.5995 0.6297
vt 0.6931 0.7628
vt 0.456 0.81589997
vt 0.456 0.81589997
vt 0.484 0.6562
vt 0.5995 0.6297
vt 0.6629 0.5298
vt 0.8226 0.5579
vt 0.6931 0.7628
vt 0.6931 0.7628
vt 0.5995 0.6297
vt 0.6629 0.5298
vt 0.6364 0.41439998
vt 0.7696 0.32130003
vt 0.8226 0.5579
vt 0.8226 0.5579
vt 0.6629 0.5298
vt 0.6364 0.41439998
vt 0.6666 0.0711
vt 0.9297 0.31089997
vt 0.7696 0.32130003
vt 0.7696 0.32130003
vt 0.5647 0.19129997
vt 0.6666 0.0711
vt 0.3275 0.24430001
vt 0.3114 0.0711
vt 0.6666 0.0711
vt 0.6666 0.0711
vt 0.5647 0.19129997
vt 0.3275 0.24430001
vt 0.198 0.44919997
vt 0.0711 0.33380002
vt 0.3114 0.0711
vt 0.3114 0.0711
vt 0.3275 0.24430001
vt 0.198 0.44919997
vt 0.251 0.6864
vt 0.0711 0.6895
vt 0.0711 0.33380002
vt 0.0711 0.33380002
vt 0.198 0.44919997
vt 0.251 0.6864
vt 0.456 0.81589997
vt 0.3343 0.9295
vt 0.0711 0.6895
vt 0.0711 0.6895
vt 0.251 0.6864
vt 0.456 0.81589997
vt 0.6931 0.7628
vt 0.6895 0.9295
vt 0.3343 0.9295
vt 0.3343 0.9295
vt 0.456 0.81589997
vt 0.6931 0.7628
vt 0.8226 0.5579
vt 0.9297 0.6666
vt 0.6895 0.9295
vt 0.6895 0.9295
vt 0.6931 0.7628
vt 0.8226 0.5579
vt 0.7696 0.32130003
vt 0.9297 0.31089997
vt 0.9297 0.6666
vt 0.9297 0.6666
vt 0.8226 0.5579
vt 0.7696 0.32130003
vt 0.309558 0.20912099
vt 0.324037 0.199031
vt 0.312804 0.20305097
vt 0.373459 0.22398299
vt 0.375854 0.218202
vt 0.39682 0.233953
vt 0.289707 0.22295302
vt 0.449545 0.22098202
vt 0.78558 0.206429
vt 0.533472 0.13636398
vt 0.533472 0.13636398
f 1629/1629 1630/1630 1631/1631
f 1639/1639 1640/1640 1641/1641
f 1900/1900 1901/1901 1902/1902
f 1909/1909 1910/1910 1911/1911
f 2135/2135 2136/2136 2137/2137
f 2138/2138 2139/2139 2140/2140
f 2141/2141 2142/2142 2143/2143
f 2144/2144 2145/2145 2146/2146
f 2147/2147 2148/2148 2149/2149
f 2150/2150 2151/2151 2152/2152
f 2153/2153 2154/2154 2155/2155
f 2156/2156 2157/2157 2158/2158
f 2167/2167 2168/2168 2169/2169
f 2170/2170 2171/2171 2172/2172
f 2173/2173 2174/2174 2175/2175
f 2176/2176 2177/2177 2178/2178
f 2179/2179 2180/2180 2181/2181
f 2182/2182 2183/2183 2184/2184
f 2185/2185 2186/2186 2187/2187
f 2188/2188 2189/2189 2190/2190
f 2191/2191 2192/2192 2193/2193
f 2194/2194 2195/2195 2196/2196
f 2197/2197 2198/2198 2199/2199
f 2200/2200 2201/2201 2202/2202
f 2203/2203 2204/2204 2205/2205
f 2206/2206 2207/2207 2208/2208
f 2209/2209 2210/2210 2211/2211
f 2212/2212 2213/2213 2214/2214
f 2215/2215 2216/2216 2217/2217
f 2218/2218 2219/2219 2220/2220
f 2221/2221 2222/2222 2223/2223
f 2224/2224 2225/2225 2226/2226
f 2227/2227 2228/2228 2229/2229
f 2230/2230 2231/2231 2232/2232
f 2233/2233 2234/2234 2235/2235
f 2236/2236 2237/2237 2238/2238
f 2239/2239 2240/2240 2241/2241
f 2242/2242 2243/2243 2244/2244
f 2245/2245 2246/2246 2247/2247
f 2248/2248 2249/2249 2250/2250
f 2251/2251 2252/2252 2253/2253
f 2254/2254 2255/2255 2256/2256
f 2257/2257 2258/2258 2259/2259
f 2260/2260 2261/2261 2262/2262
f 2263/2263 2264/2264 2265/2265
f 2266/2266 2267/2267 2268/2268
f 2269/2269 2270/2270 2271/2271
f 2272/2272 2273/2273 2274/2274
f 2283/2283 2284/2284 2285/2285
f 2286/2286 2287/2287 2288/2288
f 2289/2289 2290/2290 2291/2291
f 2292/2292 2293/2293 2294/2294
f 2295/2295 2296/2296 2297/2297
f 2298/2298 2299/2299 2300/2300
f 2301/2301 2302/2302 2303/2303
f 2304/2304 2305/2305 2306/2306
f 2307/2307 2308/2308 2309/2309
f 2310/2310 2311/2311 2312/2312
f 2313/2313 2314/2314 2315/2315
f 2316/2316 2317/2317 2318/2318
f 2319/2319 2320/2320 2321/2321
f 2322/2322 2323/2323 2324/2324
f 2325/2325 2326/2326 2327/2327
f 2328/2328 2329/2329 2330/2330
f 2331/2331 2332/2332 2333/2333
f 2334/2334 2335/2335 2336/2336
f 2337/2337 2338/2338 2339/2339
f 2340/2340 2341/2341 2342/2342
f 2343/2343 2344/2344 2345/2345
f 2346/2346 2347/2347 2348/2348
f 2349/2349 2350/2350 2351/2351
f 2352/2352 2353/2353 2354/2354
f 2355/2355 2356/2356 2357/2357
f 2358/2358 2359/2359 2360/2360
f 2361/2361 2362/2362 2363/2363
f 2364/2364 2365/2365 2366/2366
f 1808/1808 1809/1809 1810/1810
f 1810/1810 1811/1811 1808/1808
f 2059/2059 2060/2060 2061/2061
f 2061/2061 2062/2062 2059/2059
f 2159/2159 2160/2160 2161/2161
f 2161/2161 2162/2162 2159/2159
f 2163/2163 2164/2164 2165/2165
f 2165/2165 2166/2166 2163/2163
f 2275/2275 2276/2276 2277/2277
f 2277/2277 2278/2278 2275/2275
f 2279/2279 2280/2280 2281/2281
f 2281/2281 2282/2282 2279/2279
f 1880/1880 1881/1881 1882/1882
f 1883/1883 1881/1881 1880/1880
f 1880/1880 1884/1884 1883/1883
f 1883/1883 1884/1884 2129/2129
f 2129/2129 2128/2128 1883/1883
f 2127/2127 2128/2128 2129/2129
f 2037/2037 2038/2038 2039/2039
f 2040/2040 2038/2038 2037/2037
f 2040/2040 2037/2037 2041/2041
f 2041/2041 2042/2042 2040/2040
f 2041/2041 2043/2043 2042/2042
f 2041/2041 2377/2377 2043/2043
f 1889/1889 1890/1890 1888/1888
f 1888/1888 1887/1887 1889/1889
f 1887/1887 1888/1888 1885/1885
f 1885/1885 1886/1886 1887/1887
f 2131/2131 1886/1886 1885/1885
f 1885/1885 2130/2130 2131/2131
f 2132/2132 2131/2131 2130/2130
f 2130/2130 2133/2133 2132/2132
f 2050/2050 2051/2051 2048/2048
f 2048/2048 2049/2049 2050/2050
f 2064/2064 2050/2050 2049/2049
f 2049/2049 2056/2056 2064/2064
f 2064/2064 2134/2134 2374/2374
f 2070/2070 2134/2134 2064/2064
f 2064/2064 2374/2374 2046/2046
f 2046/2046 2047/2047 2044/2044
f 2044/2044 2045/2045 2046/2046
f 2045/2045 2064/2064 2046/2046
f 2064/2064 2063/2063 2070/2070
f 2063/2063 2064/2064 2056/2056
f 2070/2070 2063/2063 2065/2065
f 2065/2065 2071/2071 2070/2070
f 2072/2072 2071/2071 2065/2065
f 2065/2065 2066/2066 2072/2072
f 2066/2066 2065/2065 2057/2057
f 2057/2057 2065/2065 2063/2063
f 2057/2057 2058/2058 2066/2066
f 2031/2031 2058/2058 2057/2057
f 2063/2063 2055/2055 2057/2057
f 2056/2056 2055/2055 2063/2063
f 2057/2057 2030/2030 2031/2031
f 2030/2030 2057/2057 2055/2055
f 2029/2029 2031/2031 2030/2030
f 2055/2055 2056/2056 2019/2019
f 2055/2055 2028/2028 2030/2030
f 2019/2019 2028/2028 2055/2055
f 2030/2030 2027/2027 2029/2029
f 2030/2030 2028/2028 2022/2022
f 2022/2022 2027/2027 2030/2030
f 2028/2028 2019/2019 2018/2018
f 2018/2018 2022/2022 2028/2028
f 2029/2029 2027/2027 2025/2025
f 2025/2025 2026/2026 2029/2029
f 2027/2027 2022/2022 2021/2021
f 2021/2021 2025/2025 2027/2027
f 2021/2021 2022/2022 2018/2018
f 2026/2026 2025/2025 2023/2023
f 2023/2023 2024/2024 2026/2026
f 2025/2025 2021/2021 2020/2020
f 2020/2020 2023/2023 2025/2025
f 2018/2018 2020/2020 2021/2021
f 2024/2024 2023/2023 2015/2015
f 2015/2015 2017/2017 2024/2024
f 2014/2014 2016/2016 2017/2017
f 2017/2017 2015/2015 2014/2014
f 2012/2012 2014/2014 2015/2015
f 2013/2013 2015/2015 2023/2023
f 2015/2015 2013/2013 2012/2012
f 2023/2023 2020/2020 2013/2013
f 2009/2009 2012/2012 2013/2013
f 2010/2010 2013/2013 2020/2020
f 2013/2013 2010/2010 2009/2009
f 2020/2020 2018/2018 2010/2010
f 2008/2008 2009/2009 2010/2010
f 2011/2011 2010/2010 2018/2018
f 2010/2010 2011/2011 2008/2008
f 2018/2018 2019/2019 2011/2011
f 2011/2011 2019/2019 2056/2056
f 2008/2008 2011/2011 2032/2032
f 2032/2032 2033/2033 2008/2008
f 2373/2373 2011/2011 2056/2056
f 2373/2373 2056/2056 2054/2054
f 2053/2053 2373/2373 2054/2054
f 2052/2052 2053/2053 2054/2054
f 2367/2367 2368/2368 1804/1804
f 1804/1804 1803/1803 2367/2367
f 1804/1804 1800/1800 1803/1803
f 1800/1800 1759/1759 1803/1803
f 1800/1800 1768/1768 1759/1759
f 1768/1768 1800/1800 1805/1805
f 1759/1759 1768/1768 1769/1769
f 1805/1805 1778/1778 1768/1768
f 1769/1769 1768/1768 1778/1778
f 1812/1812 1805/1805 1800/1800
f 1778/1778 1772/1772 1769/1769
f 1780/1780 1778/1778 1805/1805
f 1772/1772 1778/1778 1780/1780
f 1806/1806 1805/1805 1812/1812
f 1805/1805 1806/1806 1780/1780
f 1800/1800 1796/1796 1812/1812
f 1796/1796 1800/1800 1801/1801
f 1801/1801 1802/1802 1796/1796
f 1802/1802 1801/1801 2369/2369
f 2369/2369 2370/2370 1802/1802
f 1818/1818 1812/1812 1796/1796
f 1796/1796 1795/1795 1818/1818
f 1795/1795 1796/1796 1797/1797
f 1798/1798 1795/1795 1797/1797
f 1799/1799 1798/1798 1797/1797
f 1799/1799 1797/1797 2371/2371
f 2371/2371 2372/2372 1799/1799
f 1813/1813 1812/1812 1818/1818
f 1818/1818 1819/1819 1813/1813
f 1812/1812 1813/1813 1806/1806
f 1813/1813 1819/1819 1820/1820
f 1820/1820 1814/1814 1813/1813
f 1806/1806 1813/1813 1814/1814
f 1814/1814 1807/1807 1806/1806
f 1806/1806 1807/1807 1781/1781
f 1781/1781 1780/1780 1806/1806
f 1780/1780 1781/1781 1779/1779
f 1779/1779 1777/1777 1780/1780
f 1780/1780 1777/1777 1772/1772
f 1775/1775 1777/1777 1779/1779
f 1779/1779 1776/1776 1775/1775
f 1771/1771 1772/1772 1777/1777
f 1777/1777 1775/1775 1771/1771
f 1769/1769 1772/1772 1771/1771
f 1773/1773 1775/1775 1776/1776
f 1776/1776 1774/1774 1773/1773
f 1770/1770 1771/1771 1775/1775
f 1771/1771 1770/1770 1769/1769
f 1775/1775 1773/1773 1770/1770
f 1760/1760 1769/1769 1770/1770
f 1769/1769 1760/1760 1759/1759
f 1762/1762 1770/1770 1773/1773
f 1770/1770 1762/1762 1760/1760
f 1764/1764 1773/1773 1774/1774
f 1773/1773 1764/1764 1762/1762
f 1774/1774 1766/1766 1764/1764
f 1766/1766 1767/1767 1765/1765
f 1765/1765 1764/1764 1766/1766
f 1764/1764 1765/1765 1763/1763
f 1763/1763 1762/1762 1764/1764
f 1762/1762 1763/1763 1761/1761
f 1761/1761 1760/1760 1762/1762
f 1760/1760 1761/1761 1758/1758
f 1758/1758 1759/1759 1760/1760
f 1782/1782 1759/1759 1758/1758
f 1758/1758 1783/1783 1782/1782
f 1790/1790 2375/2375 1788/1788
f 1788/1788 1789/1789 1790/1790
f 1791/1791 1790/1790 1789/1789
f 1789/1789 1792/1792 1791/1791
f 1791/1791 1792/1792 1793/1793
f 1793/1793 1794/1794 1791/1791
f 1793/1793 2376/2376 1794/1794
f 1868/1868 1873/1873 1867/1867
f 1864/1864 1868/1868 1867/1867
f 1867/1867 1865/1865 1864/1864
f 1865/1865 1867/1867 1871/1871
f 1864/1864 1865/1865 1863/1863
f 1863/1863 1862/1862 1864/1864
f 1865/1865 1871/1871 1866/1866
f 1866/1866 1863/1863 1865/1865
f 1866/1866 1871/1871 1872/1872
f 1862/1862 1863/1863 1855/1855
f 1855/1855 1863/1863 1866/1866
f 1855/1855 1854/1854 1862/1862
f 1856/1856 1857/1857 1854/1854
f 1854/1854 1855/1855 1856/1856
f 1825/1825 1856/1856 1855/1855
f 1866/1866 1861/1861 1855/1855
f 1855/1855 1861/1861 1825/1825
f 1872/1872 1870/1870 1866/1866
f 1861/1861 1866/1866 1870/1870
f 1870/1870 1872/1872 1845/1845
f 1870/1870 1869/1869 1861/1861
f 1869/1869 1870/1870 1845/1845
f 1825/1825 1861/1861 1869/1869
f 1845/1845 1842/1842 1869/1869
f 1842/1842 1845/1845 1844/1844
f 1869/1869 1826/1826 1825/1825
f 1826/1826 1869/1869 1842/1842
f 1824/1824 1825/1825 1826/1826
f 1826/1826 1827/1827 1824/1824
f 1829/1829 1830/1830 1826/1826
f 1826/1826 1828/1828 1829/1829
f 1842/1842 1828/1828 1826/1826
f 1831/1831 1832/1832 1828/1828
f 1828/1828 1842/1842 1843/1843
f 1844/1844 1843/1843 1842/1842
f 1828/1828 1833/1833 1831/1831
f 1843/1843 1833/1833 1828/1828
f 1834/1834 1831/1831 1833/1833
f 1833/1833 1835/1835 1834/1834
f 1846/1846 1843/1843 1844/1844
f 1833/1833 1843/1843 1846/1846
f 1846/1846 1835/1835 1833/1833
f 1844/1844 1847/1847 1846/1846
f 1846/1846 1847/1847 1849/1849
f 1837/1837 1838/1838 1835/1835
f 1835/1835 1836/1836 1837/1837
f 1836/1836 1835/1835 1846/1846
f 1849/1849 1848/1848 1846/1846
f 1846/1846 1848/1848 1836/1836
f 1848/1848 1849/1849 1851/1851
f 1851/1851 1850/1850 1848/1848
f 1836/1836 1848/1848 1850/1850
f 1850/1850 1839/1839 1836/1836
f 1836/1836 1839/1839 1840/1840
f 1840/1840 1841/1841 1836/1836
f 2117/2117 2116/2116 2122/2122
f 2116/2116 2117/2117 2114/2114
f 2114/2114 2113/2113 2116/2116
f 2113/2113 2120/2120 2116/2116
f 2111/2111 2113/2113 2114/2114
f 2114/2114 2112/2112 2111/2111
f 2115/2115 2120/2120 2113/2113
f 2113/2113 2111/2111 2115/2115
f 2121/2121 2120/2120 2115/2115
f 2104/2104 2111/2111 2112/2112
f 2115/2115 2111/2111 2104/2104
f 2112/2112 2105/2105 2104/2104
f 2115/2115 2119/2119 2121/2121
f 2105/2105 2106/2106 2103/2103
f 2103/2103 2104/2104 2105/2105
f 2119/2119 2095/2095 2121/2121
f 2104/2104 2103/2103 2077/2077
f 2104/2104 2110/2110 2115/2115
f 2119/2119 2115/2115 2110/2110
f 2077/2077 2110/2110 2104/2104
f 2110/2110 2118/2118 2119/2119
f 2118/2118 2110/2110 2077/2077
f 2095/2095 2119/2119 2118/2118
f 2077/2077 2076/2076 2118/2118
f 2076/2076 2077/2077 2074/2074
f 2074/2074 2075/2075 2076/2076
f 2118/2118 2093/2093 2095/2095
f 2093/2093 2118/2118 2076/2076
f 2094/2094 2095/2095 2093/2093
f 2076/2076 2080/2080 2078/2078
f 2078/2078 2079/2079 2076/2076
f 2076/2076 2079/2079 2093/2093
f 2093/2093 2092/2092 2094/2094
f 2092/2092 2093/2093 2079/2079
f 2079/2079 2083/2083 2081/2081
f 2081/2081 2082/2082 2079/2079
f 2079/2079 2082/2082 2092/2092
f 2082/2082 2081/2081 2084/2084
f 2084/2084 2085/2085 2082/2082
f 2092/2092 2082/2082 2085/2085
f 2085/2085 2088/2088 2086/2086
f 2086/2086 2087/2087 2085/2085
f 2085/2085 2096/2096 2092/2092
f 2094/2094 2092/2092 2096/2096
f 2096/2096 2085/2085 2087/2087
f 2096/2096 2097/2097 2094/2094
f 2087/2087 2091/2091 2089/2089
f 2089/2089 2090/2090 2087/2087
f 2087/2087 2090/2090 2100/2100
f 2097/2097 2096/2096 2098/2098
f 2087/2087 2098/2098 2096/2096
f 2100/2100 2098/2098 2087/2087
f 2098/2098 2099/2099 2097/2097
f 2098/2098 2100/2100 2101/2101
f 2101/2101 2099/2099 2098/2098
f 1786/1786 1787/1787 1711/1711
f 1785/1785 1786/1786 1711/1711
f 1710/1710 1785/1785 1711/1711
f 1710/1710 1784/1784 1785/1785
f 1739/1739 1784/1784 1710/1710
f 1710/1710 1711/1711 1708/1708
f 1708/1708 1711/1711 1744/1744
f 1744/1744 1712/1712 1708/1708
f 1710/1710 1725/1725 1739/1739
f 1708/1708 1709/1709 1710/1710
f 1725/1725 1710/1710 1709/1709
f 1706/1706 1708/1708 1712/1712
f 1709/1709 1708/1708 1706/1706
f 1727/1727 1739/1739 1725/1725
f 1727/1727 1737/1737 1739/1739
f 1737/1737 1738/1738 1739/1739
f 1816/1816 1738/1738 1737/1737
f 1737/1737 1815/1815 1816/1816
f 1734/1734 1737/1737 1727/1727
f 1726/1726 1727/1727 1725/1725
f 1727/1727 1726/1726 1734/1734
f 1725/1725 1719/1719 1726/1726
f 1719/1719 1725/1725 1709/1709
f 1734/1734 1726/1726 1728/1728
f 1728/1728 1726/1726 1719/1719
f 1728/1728 1733/1733 1734/1734
f 1697/1697 1719/1719 1709/1709
f 1735/1735 1733/1733 1728/1728
f 1718/1718 1719/1719 1697/1697
f 1719/1719 1718/1718 1728/1728
f 1822/1822 1733/1733 1735/1735
f 1697/1697 1709/1709 1717/1717
f 1706/1706 1717/1717 1709/1709
f 1860/1860 1822/1822 1859/1859
f 1822/1822 1858/1858 1859/1859
f 1822/1822 1853/1853 1858/1858
f 1852/1852 1853/1853 1822/1822
f 1822/1822 1823/1823 1852/1852
f 1852/1852 1823/1823 2073/2073
f 2073/2073 2102/2102 1852/1852
f 2107/2107 2102/2102 2073/2073
f 2108/2108 2107/2107 2073/2073
f 2108/2108 2073/2073 2109/2109
f 1821/1821 1823/1823 1822/1822
f 2073/2073 1823/1823 1821/1821
f 1822/1822 1817/1817 1821/1821
f 1735/1735 1817/1817 1822/1822
f 1821/1821 2069/2069 2073/2073
f 1735/1735 1736/1736 1817/1817
f 1821/1821 1817/1817 1736/1736
f 2073/2073 2069/2069 1992/1992
f 1992/1992 1991/1991 2073/2073
f 1993/1993 2069/2069 1821/1821
f 1992/1992 2069/2069 1993/1993
f 1736/1736 1743/1743 1821/1821
f 1821/1821 1743/1743 1993/1993
f 1985/1985 1991/1991 1992/1992
f 1990/1990 1991/1991 1985/1985
f 1986/1986 1992/1992 1993/1993
f 1992/1992 1986/1986 1985/1985
f 1993/1993 1743/1743 1742/1742
f 1742/1742 1743/1743 1736/1736
f 1993/1993 1987/1987 1986/1986
f 1742/1742 1987/1987 1993/1993
f 1986/1986 1987/1987 1988/1988
f 1988/1988 1987/1987 1742/1742
f 1985/1985 1986/1986 1977/1977
f 1977/1977 1986/1986 1988/1988
f 1736/1736 1731/1731 1742/1742
f 1729/1729 1731/1731 1736/1736
f 1736/1736 1735/1735 1729/1729
f 1728/1728 1729/1729 1735/1735
f 1742/1742 1731/1731 1730/1730
f 1730/1730 1731/1731 1729/1729
f 1720/1720 1729/1729 1728/1728
f 1730/1730 1729/1729 1720/1720
f 1728/1728 1718/1718 1720/1720
f 1730/1730 1741/1741 1742/1742
f 1742/1742 1741/1741 1988/1988
f 1720/1720 1718/1718 1693/1693
f 1697/1697 1693/1693 1718/1718
f 1730/1730 1720/1720 1722/1722
f 1693/1693 1697/1697 1667/1667
f 1717/1717 1667/1667 1697/1697
f 1693/1693 1692/1692 1720/1720
f 1667/1667 1666/1666 1693/1693
f 1692/1692 1693/1693 1666/1666
f 1667/1667 1717/1717 1715/1715
f 1720/1720 1692/1692 1691/1691
f 1691/1691 1722/1722 1720/1720
f 1704/1704 1715/1715 1717/1717
f 1717/1717 1706/1706 1704/1704
f 1715/1715 1662/1662 1667/1667
f 1666/1666 1667/1667 1662/1662
f 1715/1715 1704/1704 1702/1702
f 1662/1662 1715/1715 1716/1716
f 1702/1702 1716/1716 1715/1715
f 1705/1705 1704/1704 1706/1706
f 1702/1702 1704/1704 1705/1705
f 1706/1706 1707/1707 1705/1705
f 1712/1712 1707/1707 1706/1706
f 1707/1707 1712/1712 1752/1752
f 1752/1752 1712/1712 1757/1757
f 1757/1757 1753/1753 1752/1752
f 1752/1752 1753/1753 1754/1754
f 1754/1754 1694/1694 1752/1752
f 1752/1752 1751/1751 1707/1707
f 1751/1751 1752/1752 1694/1694
f 1705/1705 1707/1707 1751/1751
f 1694/1694 1755/1755 1756/1756
f 1756/1756 1695/1695 1694/1694
f 1694/1694 1668/1668 1751/1751
f 1668/1668 1694/1694 1695/1695
f 1751/1751 1750/1750 1705/1705
f 1750/1750 1751/1751 1668/1668
f 1703/1703 1705/1705 1750/1750
f 1705/1705 1703/1703 1702/1702
f 1668/1668 1652/1652 1750/1750
f 1750/1750 1747/1747 1703/1703
f 1747/1747 1750/1750 1652/1652
f 1695/1695 1664/1664 1668/1668
f 1652/1652 1668/1668 1664/1664
f 1664/1664 1695/1695 1696/1696
f 1696/1696 1695/1695 1745/1745
f 1745/1745 1746/1746 1696/1696
f 1696/1696 1998/1998 1999/1999
f 1999/1999 1952/1952 1696/1696
f 1664/1664 1653/1653 1652/1652
f 1696/1696 1665/1665 1664/1664
f 1652/1652 1653/1653 1646/1646
f 1654/1654 1653/1653 1664/1664
f 1646/1646 1653/1653 1654/1654
f 1654/1654 1664/1664 1665/1665
f 1646/1646 1645/1645 1652/1652
f 1652/1652 1645/1645 1747/1747
f 1931/1931 1665/1665 1696/1696
f 1696/1696 1952/1952 1931/1931
f 1747/1747 1645/1645 1634/1634
f 1645/1645 1646/1646 1628/1628
f 1628/1628 1634/1634 1645/1645
f 1634/1634 1748/1748 1747/1747
f 1703/1703 1747/1747 1748/1748
f 1633/1633 1634/1634 1628/1628
f 1748/1748 1634/1634 1633/1633
f 1628/1628 1627/1627 1633/1633
f 1633/1633 1749/1749 1748/1748
f 1625/1625 1627/1627 1628/1628
f 1748/1748 1749/1749 1699/1699
f 1622/1622 1625/1625 1628/1628
f 1625/1625 1622/1622 1624/1624
f 1699/1699 1698/1698 1748/1748
f 1748/1748 1698/1698 1703/1703
f 1698/1698 1699/1699 1700/1700
f 1702/1702 1703/1703 1698/1698
f 1700/1700 1701/1701 1698/1698
f 1698/1698 1701/1701 1702/1702
f 1701/1701 1700/1700 1724/1724
f 1702/1702 1701/1701 1723/1723
f 1724/1724 1723/1723 1701/1701
f 1723/1723 1716/1716 1702/1702
f 1723/1723 1724/1724 1714/1714
f 1663/1663 1716/1716 1723/1723
f 1716/1716 1663/1663 1662/1662
f 1714/1714 1713/1713 1723/1723
f 1723/1723 1713/1713 1663/1663
f 1713/1713 1714/1714 1635/1635
f 1651/1651 1662/1662 1663/1663
f 1662/1662 1651/1651 1666/1666
f 1663/1663 1713/1713 1638/1638
f 1635/1635 1638/1638 1713/1713
f 1638/1638 1644/1644 1663/1663
f 1663/1663 1644/1644 1651/1651
f 1637/1637 1638/1638 1635/1635
f 1644/1644 1638/1638 1637/1637
f 1635/1635 1636/1636 1637/1637
f 1650/1650 1651/1651 1644/1644
f 1636/1636 1632/1632 1637/1637
f 1636/1636 1626/1626 1632/1632
f 1637/1637 1642/1642 1644/1644
f 1644/1644 1642/1642 1650/1650
f 1642/1642 1637/1637 1632/1632
f 1624/1624 1621/1621 1626/1626
f 1624/1624 1622/1622 1621/1621
f 1621/1621 1622/1622 1623/1623
f 1621/1621 1623/1623 1632/1632
f 1632/1632 1623/1623 1628/1628
f 1647/1647 1632/1632 1628/1628
f 1628/1628 1646/1646 1647/1647
f 1654/1654 1647/1647 1646/1646
f 1632/1632 1643/1643 1642/1642
f 1643/1643 1632/1632 1647/1647
f 1643/1643 1649/1649 1642/1642
f 1649/1649 1650/1650 1642/1642
f 1648/1648 1643/1643 1647/1647
f 1643/1643 1648/1648 1649/1649
f 1654/1654 1655/1655 1647/1647
f 1647/1647 1655/1655 1648/1648
f 1657/1657 1655/1655 1654/1654
f 1658/1658 1648/1648 1655/1655
f 1655/1655 1657/1657 1658/1658
f 1654/1654 1656/1656 1657/1657
f 1654/1654 1665/1665 1656/1656
f 1925/1925 1656/1656 1665/1665
f 1657/1657 1656/1656 1925/1925
f 1925/1925 1665/1665 1931/1931
f 1658/1658 1657/1657 1926/1926
f 1925/1925 1926/1926 1657/1657
f 1648/1648 1658/1658 1661/1661
f 1661/1661 1649/1649 1648/1648
f 1926/1926 1921/1921 1658/1658
f 1661/1661 1658/1658 1921/1921
f 1918/1918 1926/1926 1925/1925
f 1921/1921 1926/1926 1918/1918
f 1649/1649 1661/1661 1669/1669
f 1921/1921 1920/1920 1661/1661
f 1669/1669 1661/1661 1920/1920
f 1918/1918 1913/1913 1921/1921
f 1920/1920 1921/1921 1913/1913
f 1669/1669 1659/1659 1649/1649
f 1650/1650 1649/1649 1659/1659
f 1920/1920 1928/1928 1669/1669
f 1659/1659 1660/1660 1650/1650
f 1651/1651 1650/1650 1660/1660
f 1660/1660 1666/1666 1651/1651
f 1666/1666 1660/1660 1692/1692
f 1659/1659 1669/1669 1673/1673
f 1673/1673 1669/1669 1928/1928
f 1659/1659 1672/1672 1660/1660
f 1673/1673 1672/1672 1659/1659
f 1692/1692 1660/1660 1671/1671
f 1671/1671 1691/1691 1692/1692
f 1672/1672 1670/1670 1660/1660
f 1670/1670 1671/1671 1660/1660
f 1675/1675 1670/1670 1672/1672
f 1671/1671 1670/1670 1677/1677
f 1675/1675 1677/1677 1670/1670
f 1672/1672 1674/1674 1675/1675
f 1674/1674 1672/1672 1673/1673
f 1677/1677 1675/1675 1680/1680
f 1680/1680 1675/1675 1674/1674
f 1677/1677 1678/1678 1671/1671
f 1691/1691 1671/1671 1678/1678
f 1680/1680 1685/1685 1677/1677
f 1685/1685 1678/1678 1677/1677
f 1685/1685 1680/1680 1683/1683
f 1687/1687 1678/1678 1685/1685
f 1685/1685 1683/1683 1687/1687
f 1678/1678 1689/1689 1691/1691
f 1689/1689 1678/1678 1687/1687
f 1683/1683 1680/1680 1679/1679
f 1674/1674 1679/1679 1680/1680
f 1687/1687 1683/1683 1684/1684
f 1684/1684 1683/1683 1679/1679
f 1679/1679 1674/1674 1676/1676
f 1673/1673 1676/1676 1674/1674
f 1682/1682 1684/1684 1679/1679
f 1676/1676 1681/1681 1679/1679
f 1681/1681 1682/1682 1679/1679
f 1682/1682 1681/1681 1943/1943
f 1943/1943 1681/1681 1676/1676
f 1684/1684 1682/1682 1943/1943
f 1939/1939 1676/1676 1673/1673
f 1676/1676 1939/1939 1943/1943
f 1673/1673 1937/1937 1939/1939
f 1928/1928 1937/1937 1673/1673
f 1942/1942 1943/1943 1939/1939
f 1938/1938 1939/1939 1937/1937
f 1939/1939 1938/1938 1942/1942
f 1684/1684 1943/1943 1944/1944
f 1943/1943 1942/1942 1944/1944
f 1686/1686 1684/1684 1944/1944
f 1684/1684 1686/1686 1687/1687
f 1942/1942 1945/1945 1944/1944
f 1944/1944 1946/1946 1686/1686
f 1946/1946 1944/1944 1945/1945
f 1687/1687 1686/1686 1690/1690
f 1690/1690 1686/1686 1946/1946
f 1941/1941 1945/1945 1942/1942
f 1942/1942 1938/1938 1941/1941
f 1945/1945 1940/1940 1946/1946
f 1940/1940 1945/1945 1941/1941
f 1936/1936 1941/1941 1938/1938
f 1937/1937 1936/1936 1938/1938
f 1935/1935 1940/1940 1941/1941
f 1941/1941 1936/1936 1935/1935
f 1927/1927 1936/1936 1937/1937
f 1927/1927 1935/1935 1936/1936
f 1927/1927 1937/1937 1928/1928
f 1940/1940 1935/1935 1949/1949
f 1919/1919 1927/1927 1928/1928
f 1928/1928 1920/1920 1919/1919
f 1935/1935 1927/1927 1950/1950
f 1950/1950 1949/1949 1935/1935
f 1912/1912 1919/1919 1920/1920
f 1912/1912 1920/1920 1913/1913
f 1927/1927 1919/1919 1922/1922
f 1912/1912 1913/1913 1897/1897
f 1913/1913 1918/1918 1897/1897
f 1919/1919 1912/1912 1914/1914
f 1914/1914 1922/1922 1919/1919
f 1914/1914 1912/1912 1907/1907
f 1897/1897 1907/1907 1912/1912
f 1922/1922 1932/1932 1927/1927
f 1950/1950 1927/1927 1932/1932
f 1908/1908 1907/1907 1897/1897
f 1908/1908 1897/1897 1896/1896
f 1907/1907 1908/1908 1905/1905
f 1905/1905 1906/1906 1907/1907
f 1907/1907 1906/1906 1914/1914
f 1906/1906 1905/1905 1970/1970
f 1929/1929 1914/1914 1906/1906
f 1922/1922 1914/1914 1929/1929
f 1970/1970 1971/1971 1906/1906
f 1906/1906 1971/1971 1929/1929
f 1981/1981 1971/1971 1970/1970
f 1929/1929 1971/1971 1981/1981
f 1970/1970 1980/1980 1981/1981
f 1981/1981 1980/1980 1956/1956
f 1929/1929 1930/1930 1922/1922
f 1932/1932 1922/1922 1930/1930
f 1981/1981 1972/1972 1929/1929
f 1930/1930 1929/1929 1972/1972
f 1956/1956 1955/1955 1981/1981
f 1955/1955 1956/1956 1957/1957
f 1960/1960 1972/1972 1981/1981
f 1981/1981 1955/1955 1960/1960
f 1957/1957 1958/1958 1955/1955
f 1960/1960 1955/1955 1958/1958
f 1958/1958 1957/1957 1904/1904
f 1972/1972 1973/1973 1930/1930
f 1973/1973 1972/1972 1960/1960
f 1904/1904 1903/1903 1958/1958
f 1903/1903 1904/1904 1899/1899
f 1958/1958 1959/1959 1960/1960
f 1959/1959 1958/1958 1903/1903
f 1960/1960 1962/1962 1973/1973
f 1960/1960 1959/1959 1961/1961
f 1961/1961 1962/1962 1960/1960
f 1933/1933 1930/1930 1973/1973
f 1930/1930 1933/1933 1932/1932
f 1974/1974 1973/1973 1962/1962
f 1973/1973 1974/1974 1933/1933
f 1951/1951 1932/1932 1933/1933
f 1932/1932 1951/1951 1950/1950
f 1954/1954 1933/1933 1974/1974
f 1933/1933 1954/1954 1951/1951
f 1962/1962 1964/1964 1974/1974
f 1964/1964 1962/1962 1961/1961
f 1974/1974 1968/1968 1954/1954
f 1968/1968 1974/1974 1964/1964
f 1976/1976 1951/1951 1954/1954
f 1977/1977 1950/1950 1951/1951
f 1951/1951 1976/1976 1977/1977
f 1949/1949 1950/1950 1977/1977
f 1954/1954 1975/1975 1976/1976
f 1954/1954 1968/1968 1975/1975
f 1977/1977 1976/1976 1985/1985
f 1985/1985 1976/1976 1975/1975
f 1977/1977 1978/1978 1949/1949
f 1977/1977 1988/1988 1978/1978
f 1975/1975 1983/1983 1985/1985
f 1985/1985 1983/1983 1990/1990
f 1983/1983 1975/1975 1982/1982
f 1968/1968 1982/1982 1975/1975
f 1990/1990 1983/1983 1984/1984
f 1982/1982 1984/1984 1983/1983
f 1984/1984 1994/1994 1990/1990
f 1984/1984 1982/1982 1995/1995
f 1984/1984 1995/1995 1994/1994
f 2067/2067 2068/2068 1994/1994
f 1994/1994 1996/1996 2067/2067
f 1995/1995 1996/1996 1994/1994
f 1995/1995 1982/1982 1967/1967
f 1968/1968 1967/1967 1982/1982
f 1967/1967 2036/2036 1995/1995
f 2035/2035 2036/2036 1967/1967
f 1966/1966 2034/2034 2035/2035
f 1966/1966 2035/2035 1967/1967
f 1967/1967 1968/1968 1965/1965
f 1965/1965 1966/1966 1967/1967
f 1997/1997 1966/1966 1965/1965
f 1964/1964 1965/1965 1968/1968
f 1965/1965 1969/1969 1997/1997
f 1969/1969 1965/1965 1964/1964
f 1964/1964 1963/1963 1969/1969
f 1961/1961 1963/1963 1964/1964
f 2002/2002 1969/1969 1963/1963
f 2007/2007 1969/1969 2002/2002
f 2002/2002 2004/2004 2007/2007
f 2003/2003 2004/2004 2002/2002
f 2002/2002 1953/1953 2003/2003
f 1963/1963 2001/2001 2002/2002
f 2001/2001 1963/1963 1961/1961
f 1953/1953 2002/2002 2001/2001
f 2005/2005 2006/2006 1953/1953
f 1953/1953 1952/1952 2005/2005
f 1952/1952 1953/1953 1934/1934
f 2001/2001 1934/1934 1953/1953
f 1934/1934 1931/1931 1952/1952
f 1961/1961 2000/2000 2001/2001
f 1934/1934 2001/2001 2000/2000
f 2000/2000 1961/1961 1959/1959
f 1931/1931 1934/1934 1924/1924
f 2000/2000 1924/1924 1934/1934
f 1959/1959 1916/1916 2000/2000
f 1924/1924 2000/2000 1916/1916
f 1903/1903 1916/1916 1959/1959
f 1924/1924 1923/1923 1931/1931
f 1925/1925 1931/1931 1923/1923
f 1916/1916 1915/1915 1924/1924
f 1915/1915 1916/1916 1903/1903
f 1917/1917 1923/1923 1924/1924
f 1925/1925 1923/1923 1917/1917
f 1924/1924 1915/1915 1917/1917
f 1917/1917 1918/1918 1925/1925
f 1915/1915 1903/1903 1898/1898
f 1917/1917 1915/1915 1898/1898
f 1918/1918 1917/1917 1898/1898
f 1899/1899 1898/1898 1903/1903
f 1898/1898 1897/1897 1918/1918
f 1898/1898 1899/1899 1895/1895
f 1893/1893 1897/1897 1898/1898
f 1898/1898 1895/1895 1891/1891
f 1897/1897 1893/1893 1892/1892
f 1891/1891 1892/1892 1893/1893
f 1895/1895 1894/1894 1891/1891
f 1891/1891 1894/1894 1892/1892
f 1894/1894 1896/1896 1892/1892
f 1721/1721 1722/1722 1691/1691
f 1691/1691 1689/1689 1721/1721
f 1722/1722 1721/1721 1732/1732
f 1732/1732 1730/1730 1722/1722
f 1741/1741 1730/1730 1732/1732
f 1721/1721 1689/1689 1876/1876
f 1876/1876 1877/1877 1721/1721
f 1732/1732 1721/1721 1877/1877
f 1875/1875 1876/1876 1689/1689
f 1877/1877 1878/1878 1732/1732
f 1689/1689 1688/1688 1875/1875
f 1687/1687 1688/1688 1689/1689
f 1690/1690 1688/1688 1687/1687
f 1875/1875 1688/1688 1690/1690
f 1690/1690 1874/1874 1875/1875
f 2123/2123 1874/1874 1690/1690
f 1740/1740 1732/1732 1878/1878
f 1732/1732 1740/1740 1741/1741
f 1878/1878 1879/1879 1740/1740
f 1740/1740 1879/1879 2126/2126
f 1741/1741 1740/1740 1989/1989
f 2126/2126 1989/1989 1740/1740
f 1989/1989 1988/1988 1741/1741
f 1989/1989 2126/2126 2124/2124
f 1978/1978 1988/1988 1989/1989
f 2124/2124 1979/1979 1989/1989
f 1989/1989 1979/1979 1978/1978
f 1979/1979 2124/2124 2125/2125
f 1949/1949 1978/1978 1979/1979
f 2125/2125 1947/1947 1979/1979
f 1979/1979 1947/1947 1949/1949
f 1947/1947 2125/2125 2123/2123
f 1949/1949 1947/1947 1940/1940
f 1946/1946 1940/1940 1947/1947
f 2123/2123 1948/1948 1947/1947
f 1947/1947 1948/1948 1946/1946
f 1690/1690 1948/1948 2123/2123
f 1946/1946 1948/1948 1690/1690
o head_male_a.lod4
v -0.024885 0.129828 1.683977
v -0.040466 0.132605 1.686241
v -0.041736 0.135752 1.687021
v -0.020139 0.133365 1.680622
v -0.034107 0.13289 1.678475
v -0.034341 0.13617 1.677159
v -0.043341 0.135542 1.678432
v -0.042583 0.13261 1.679589
v -0.027935 0.130871 1.680958
v -0.032637 0.141413 1.661336
v -0.053006 0.134648 1.665722
v -0.045044 0.140008 1.692977
v -0.01165 0.14661 1.688569
v -0.014851 0.142795 1.667783
v -0 0.153072 1.69099
v -0 0.157143 1.671034
v -0.014401 0.146267 1.655124
v -0.030271 0.139764 1.644345
v -0.059943 0.125253 1.651775
v -0.052317 0.142192 1.707198
v -0 0.155268 1.704435
v -0 0.163081 1.659373
v -0.018364 0.141636 1.645339
v -0.018201 0.143971 1.633124
v -0.022329 0.138559 1.631975
v -0.013912 0.146766 1.6504
v -0 0.165687 1.654873
v -0.017638 0.151397 1.637494
v -0.018776 0.146411 1.636099
v -0 0.170163 1.633759
v -0 0.157073 1.628159
v -0.012065 0.148048 1.632031
v -0 0.152829 1.62777
v -0 0.150664 1.624615
v -0.013395 0.147475 1.626556
v -0.015173 0.146425 1.615503
v -0.026937 0.138141 1.612375
v 0 0.14836 1.614936
v -0.04109 0.131275 1.61977
v -0.060766 0.105849 1.635059
v -0.052165 0.131743 1.727306
v -0 0.150517 1.724687
v -0.045987 0.133362 1.685058
v -0.044747 0.130691 1.68448
v -0.046534 0.127685 1.682091
v -0.047659 0.130533 1.682041
v -0.054302 0.133236 1.690965
v -0.060105 0.123462 1.679842
v -0.070115 0.108345 1.679321
v -0.061614 0.123257 1.701383
v -0.074903 0.086049 1.677518
v -0.062635 0.110288 1.716924
v -0.034455 0.121133 1.584601
v -0.065164 0.080826 1.60006
v -0.024192 0.137236 1.606467
v -0.069273 0.061761 1.611892
v -0.075744 0.053426 1.680236
v -0.033233 0.108921 1.566961
v -0.054835 0.069998 1.586799
v -0.024925 0.120107 1.560967
v -0.024536 0.130853 1.579573
v -0.063094 0.049862 1.604273
v -0 0.141075 1.57477
v -0 0.129894 1.555073
v -0.074903 0.086049 1.677518
v -0.075744 0.053426 1.680236
v -0.071032 0.077199 1.741824
v -0.05582 0.101101 1.768884
v -0 0.125358 1.781935
v -0.052165 0.131743 1.727306
v -0.05582 0.101101 1.768884
v -0.071032 0.077199 1.741824
v -0.075744 0.053426 1.680236
v -0.077648 0.03044 1.692983
v -0.073871 0.039759 1.753579
v -0.056629 0.05435 1.785703
v -0.05582 0.101101 1.768884
v -0 0.073567 1.806639
v -0 0.125358 1.781935
v -0.073348 0.013395 1.675292
v -0.057142 -0.029749 1.676293
v -0.059617 -0.022917 1.758287
v -0.077648 0.03044 1.692983
v -0.042524 -0.021161 1.780724
v -0 -0.021549 1.791689
v -0 -0.0432 1.768218
v -0 -0.05848 1.677883
v -0.067838 0.025756 1.639377
v -0.089751 0.037851 1.652682
v -0.066916 0.046191 1.633209
v -0.092725 0.037837 1.667538
v -0.075744 0.053426 1.680236
v -0.069273 0.061761 1.611892
v -0.092725 0.037837 1.667538
v -0.066916 0.046191 1.633209
v -0.089751 0.037851 1.652682
v -0.050402 -0.023458 1.637834
v -0.073348 0.013395 1.675292
v -0.067838 0.025756 1.639377
v -0 -0.047938 1.639277
v -0.024114 0.108547 1.559877
v -0.047975 -0.021205 1.618398
v -0 -0.0439 1.618029
v -0 0.111924 1.552622
v -0.024473 0.068664 1.56022
v -0 0.079231 1.55414
v -0.054835 0.069998 1.586799
v -0.043517 0.058109 1.567086
v -0.058533 0.039138 1.56912
v -0.063094 0.049862 1.604273
v -0.058533 0.039138 1.56912
v -0.05192 -0.031376 1.585322
v -0.047975 -0.021205 1.618398
v -0.063094 0.049862 1.604273
v -0.05192 -0.031376 1.585322
v -0 -0.049438 1.580116
v -0 -0.0439 1.618029
v -0.047975 -0.021205 1.618398
v -0.066714 0.03894 1.509141
v -0.0845 0.0206 1.5271
v -0.079 -0.0422 1.541
v 1.2E-05 -0.071 1.5324
v -0 -0.049438 1.580116
v -0.043517 0.058109 1.567086
v -0.054835 0.069998 1.586799
v -0.033233 0.108921 1.566961
v -0.024114 0.108547 1.559877
v -0.024473 0.068664 1.56022
v -0 0.079231 1.55414
v -0 0.068822 1.493946
v -0.03049 0.066938 1.501879
v 0 0.101742 1.445906
v -0.039148 0.104172 1.455486
v -0.050906 0.051164 1.502052
v -0.0735 0.077519 1.488347
v -0.0872 0.0434 1.4986
v -0 0.123166 1.414363
v 0 0.149316 1.609573
v -0.015322 0.146167 1.610229
v -0.015596 0.141153 1.599382
v -0.024192 0.137236 1.606467
v -0.015322 0.146167 1.610229
v -0 0.145348 1.595879
v -0.015596 0.141153 1.599382
v -0.015322 0.146167 1.610229
v 0 0.149316 1.609573
v -0.066916 0.046191 1.633209
v -0.063094 0.049862 1.604273
v 0.021069 0.132646 1.680924
v 0.016416 0.136244 1.679415
v 0.045987 0.133362 1.685058
v 0.045987 0.133362 1.685058
v 0.044747 0.130691 1.68448
v 0.024885 0.129828 1.683977
v 0.024885 0.129828 1.683977
v 0.042583 0.13261 1.679589
v 0.043341 0.135542 1.678432
v 0.034341 0.13617 1.677159
v 0.034107 0.13289 1.678475
v 0.016416 0.136244 1.679415
v 0.021069 0.132646 1.680924
v 0.027935 0.130871 1.680958
v 0.053006 0.134648 1.665722
v 0.032637 0.141413 1.661336
v 0.014851 0.142795 1.667783
v 0.01165 0.14661 1.688569
v 0.030271 0.139764 1.644345
v 0.014401 0.146267 1.655124
v 0.059943 0.125253 1.651775
v 0.052317 0.142192 1.707198
v 0.045044 0.140008 1.692977
v 0.022329 0.138559 1.631975
v 0.018201 0.143971 1.633124
v 0.018364 0.141636 1.645339
v 0.013912 0.146766 1.6504
v 0.018776 0.146411 1.636099
v 0.017638 0.151397 1.637494
v 0.012065 0.148048 1.632031
v 0.013395 0.147475 1.626556
v 0.026937 0.138141 1.612375
v 0.015173 0.146425 1.615503
v 0.04109 0.131275 1.619769
v 0.060766 0.105849 1.635059
v 0.052165 0.131743 1.727306
v 0.047659 0.130533 1.682041
v 0.046534 0.127685 1.682091
v 0.054302 0.133236 1.690965
v 0.060105 0.123462 1.679845
v 0.061614 0.123257 1.701383
v 0.070115 0.108345 1.679321
v 0.074903 0.086049 1.677518
v 0.075744 0.053426 1.680236
v 0.075744 0.053426 1.680236
v 0.072831 0.059561 1.64786
v 0.072653 0.093561 1.653737
v 0.062635 0.110288 1.716924
v 0.045944 0.133449 1.680297
v 0.058475 0.128413 1.672334
v 0.068575 0.115573 1.663972
v 0.065164 0.080826 1.60006
v 0.034455 0.121133 1.584601
v -0 0.145348 1.595879
v 0.015596 0.141153 1.599382
v 0.024536 0.130853 1.579573
v 0.044716 0.131014 1.680886
v 0.069273 0.061761 1.611892
v 0.054835 0.069997 1.586799
v 0.033233 0.108921 1.566961
v 0.024925 0.120107 1.560967
v 0.063094 0.049862 1.604273
v 0.066916 0.046191 1.633209
v 0.074903 0.086049 1.677518
v 0.071032 0.077199 1.741824
v 0.075744 0.053426 1.680236
v -0 0.125358 1.781935
v 0.05582 0.101101 1.768884
v 0.052165 0.131743 1.727306
v 0.05582 0.101101 1.768884
v 0.071032 0.077199 1.741824
v 0.073871 0.039759 1.753579
v 0.077648 0.03044 1.692983
v 0.075744 0.053426 1.680236
v 0.05582 0.101101 1.768884
v 0.056629 0.05435 1.785703
v -0 0.125358 1.781935
v -0 0.073567 1.806639
v 0.059617 -0.022917 1.758287
v 0.057142 -0.029749 1.676293
v 0.073117 0.010899 1.675247
v 0.077648 0.03044 1.692983
v 0.042524 -0.021161 1.780724
v -0 -0.021549 1.791689
v -0 -0.0432 1.768218
v -0 -0.05848 1.677883
v 0.077648 0.03044 1.692983
v 0.092574 0.033387 1.665159
v 0.067626 0.023599 1.639665
v 0.089068 0.038119 1.651705
v 0.092574 0.033387 1.665159
v 0.073117 0.010899 1.675247
v 0.067626 0.023599 1.639665
v 0.066916 0.046191 1.633209
v 0.089068 0.038119 1.651705
v -0 -0.047938 1.639277
v 0.050402 -0.023458 1.637834
v 0.024114 0.108547 1.559877
v 0.047975 -0.021205 1.618398
v -0 -0.0439 1.618029
v 0.024473 0.068664 1.56022
v 0.054835 0.069997 1.586799
v 0.063094 0.049862 1.604273
v 0.058533 0.039138 1.56912
v 0.043517 0.058109 1.567086
v 0.047975 -0.021205 1.618398
v 0.05192 -0.031376 1.585278
v 0.058533 0.039138 1.56912
v 0.063094 0.049862 1.604273
v -0 -0.0439 1.618029
v -0 -0.049438 1.580116
v 0.05192 -0.031376 1.585278
v 0.047975 -0.021205 1.618398
v 0.079 -0.0422 1.541
v 0.0845 0.0206 1.5271
v 0.066714 0.03894 1.509142
v -0 -0.049438 1.580116
v 1.2E-05 -0.071 1.5324
v 0.054835 0.069997 1.586799
v 0.043517 0.058109 1.567086
v 0.033233 0.108921 1.566961
v 0.024114 0.108547 1.559877
v 0.024473 0.068664 1.56022
v 0.03049 0.066938 1.501878
v -0 0.068822 1.493946
v -0 0.079231 1.55414
v 0.039148 0.104172 1.455486
v 0 0.101742 1.445906
v 0.050906 0.051164 1.502053
v 0.0735 0.077519 1.488347
v 0.0872 0.0434 1.4986
v -0 0.123166 1.414363
v 0.015322 0.146167 1.610229
v 0.024192 0.137236 1.606467
v 0.015596 0.141153 1.599382
v 0.015322 0.146167 1.610229
v 0.024192 0.137236 1.606467
v 0 0.149316 1.609573
v 0.015322 0.146167 1.610229
v 0.015596 0.141153 1.599382
v 0.063094 0.049862 1.604273
v 0.066916 0.046191 1.633209
v -0.033131 0.131126 1.695081
v -0.034705 0.13453 1.683975
v -0.042352 0.131126 1.691726
v -0.033131 0.131126 1.695081
v -0.024723 0.131126 1.69131
v -0.034705 0.13453 1.683975
v -0.024723 0.131126 1.69131
v -0.023086 0.131126 1.683641
v -0.034705 0.13453 1.683975
v -0.023086 0.131126 1.683641
v -0.025344 0.131126 1.67551
v -0.034705 0.13453 1.683975
v -0.025344 0.131126 1.67551
v -0.034065 0.131126 1.672522
v -0.034705 0.13453 1.683975
v -0.034065 0.131126 1.672522
v -0.042561 0.131126 1.676295
v -0.034705 0.13453 1.683975
v -0.042561 0.131126 1.676295
v -0.045991 0.131126 1.684462
v -0.034705 0.13453 1.683975
v -0.045991 0.131126 1.684462
v -0.042352 0.131126 1.691726
v -0.034705 0.13453 1.683975
v -0.042352 0.131126 1.691726
v -0.047377 0.120441 1.693296
v -0.036679 0.120441 1.699376
v -0.036679 0.120441 1.699376
v -0.033131 0.131126 1.695081
v -0.042352 0.131126 1.691726
v -0.036679 0.120441 1.699376
v -0.024552 0.120441 1.696448
v -0.024723 0.131126 1.69131
v -0.024723 0.131126 1.69131
v -0.033131 0.131126 1.695081
v -0.036679 0.120441 1.699376
v -0.024552 0.120441 1.696448
v -0.017942 0.120441 1.686131
v -0.023086 0.131126 1.683641
v -0.023086 0.131126 1.683641
v -0.024723 0.131126 1.69131
v -0.024552 0.120441 1.696448
v -0.017942 0.120441 1.686131
v -0.020862 0.120441 1.674512
v -0.025344 0.131126 1.67551
v -0.025344 0.131126 1.67551
v -0.023086 0.131126 1.683641
v -0.017942 0.120441 1.686131
v -0.020862 0.120441 1.674512
v -0.031621 0.120441 1.668351
v -0.034065 0.131126 1.672522
v -0.034065 0.131126 1.672522
v -0.025344 0.131126 1.67551
v -0.020862 0.120441 1.674512
v -0.031621 0.120441 1.668351
v -0.043795 0.120441 1.671356
v -0.042561 0.131126 1.676295
v -0.042561 0.131126 1.676295
v -0.034065 0.131126 1.672522
v -0.031621 0.120441 1.668351
v -0.043795 0.120441 1.671356
v -0.050356 0.120441 1.68172
v -0.045991 0.131126 1.684462
v -0.045991 0.131126 1.684462
v -0.042561 0.131126 1.676295
v -0.043795 0.120441 1.671356
v -0.050356 0.120441 1.68172
v -0.047377 0.120441 1.693296
v -0.042352 0.131126 1.691726
v -0.042352 0.131126 1.691726
v -0.045991 0.131126 1.684462
v -0.050356 0.120441 1.68172
v 0.034705 0.13453 1.683975
v 0.033131 0.131126 1.695081
v 0.042352 0.131126 1.691726
v 0.034705 0.13453 1.683975
v 0.024723 0.131126 1.69131
v 0.033131 0.131126 1.695081
v 0.023086 0.131126 1.683641
v 0.024723 0.131126 1.69131
v 0.034705 0.13453 1.683975
v 0.034705 0.13453 1.683975
v 0.025344 0.131126 1.67551
v 0.023086 0.131126 1.683641
v 0.034065 0.131126 1.672522
v 0.025344 0.131126 1.67551
v 0.034705 0.13453 1.683975
v 0.034705 0.13453 1.683975
v 0.042561 0.131126 1.676295
v 0.034065 0.131126 1.672522
v 0.045991 0.131126 1.684462
v 0.042561 0.131126 1.676295
v 0.034705 0.13453 1.683975
v 0.034705 0.13453 1.683975
v 0.042352 0.131126 1.691726
v 0.045991 0.131126 1.684462
v 0.036679 0.120441 1.699376
v 0.047377 0.120441 1.693296
v 0.042352 0.131126 1.691726
v 0.042352 0.131126 1.691726
v 0.033131 0.131126 1.695081
v 0.036679 0.120441 1.699376
v 0.024723 0.131126 1.69131
v 0.024552 0.120441 1.696448
v 0.036679 0.120441 1.699376
v 0.036679 0.120441 1.699376
v 0.033131 0.131126 1.695081
v 0.024723 0.131126 1.69131
v 0.023086 0.131126 1.683641
v 0.017942 0.120441 1.686131
v 0.024552 0.120441 1.696448
v 0.024552 0.120441 1.696448
v 0.024723 0.131126 1.69131
v 0.023086 0.131126 1.683641
v 0.025344 0.131126 1.67551
v 0.020862 0.120441 1.674512
v 0.017942 0.120441 1.686131
v 0.017942 0.120441 1.686131
v 0.023086 0.131126 1.683641
v 0.025344 0.131126 1.67551
v 0.034065 0.131126 1.672522
v 0.031621 0.120441 1.668351
v 0.020862 0.120441 1.674512
v 0.020862 0.120441 1.674512
v 0.025344 0.131126 1.67551
v 0.034065 0.131126 1.672522
v 0.042561 0.131126 1.676295
v 0.043795 0.120441 1.671356
v 0.031621 0.120441 1.668351
v 0.031621 0.120441 1.668351
v 0.034065 0.131126 1.672522
v 0.042561 0.131126 1.676295
v 0.045991 0.131126 1.684462
v 0.050356 0.120441 1.68172
v 0.043795 0.120441 1.671356
v 0.043795 0.120441 1.671356
v 0.042561 0.131126 1.676295
v 0.045991 0.131126 1.684462
v 0.042352 0.131126 1.691726
v 0.047377 0.120441 1.693296
v 0.050356 0.120441 1.68172
v 0.050356 0.120441 1.68172
v 0.045991 0.131126 1.684462
v 0.042352 0.131126 1.691726
v -0.092725 0.037837 1.667538
v -0.089751 0.037851 1.652682
v 0.092574 0.033387 1.665159
v 0.077648 0.03044 1.692983
v 0.073117 0.010899 1.675247
v -0.073348 0.013395 1.675292
v -0.077648 0.03044 1.692983
v 0.089068 0.038119 1.651705
v -0.015596 0.141153 1.599382
vt 0.606511 0.511028
vt 0.64876 0.505393
vt 0.653569 0.497059
vt 0.596769 0.513638
vt 0.630456 0.51783097
vt 0.634759 0.529817
vt 0.662864 0.52758
vt 0.655457 0.517148
vt 0.612709 0.514633
vt 0.628003 0.578399
vt 0.686698 0.571423
vt 0.657426 0.46768498
vt 0.554607 0.47758198
vt 0.574769 0.548446
vt 0.507403 0.46385503
vt 0.506519 0.53826904
vt 0.571485 0.588309
vt 0.619673 0.62981904
vt 0.715506 0.617697
vt 0.670084 0.42835498
vt 0.507619 0.41606897
vt 0.506604 0.577312
vt 0.586617 0.622738
vt 0.573717 0.659618
vt 0.593974 0.665787
vt 0.570214 0.602334
vt 0.506595 0.590253
vt 0.559245 0.639241
vt 0.570443 0.64768803
vt 0.506369 0.628042
vt 0.506167 0.656425
vt 0.550751 0.663464
vt 0.506152 0.669382
vt 0.506165 0.68198097
vt 0.553188 0.680814
vt 0.555119 0.711812
vt 0.597299 0.726974
vt 0.50632 0.71111596
vt 0.649737 0.710919
vt 0.756306 0.684203
vt 0.690942 0.373636
vt 0.507793 0.346821
vt 0.671207 0.50263596
vt 0.663117 0.50993896
vt 0.66852 0.51407397
vt 0.680641 0.515133
vt 0.691974 0.482234
vt 0.722198 0.52893
vt 0.775133 0.541101
vt 0.728356 0.45932603
vt 0.840706 0.55691004
vt 0.763419 0.41979098
vt 0.627683 0.819915
vt 0.806 0.80946
vt 0.587641 0.74495196
vt 0.881969 0.785921
vt 0.932566 0.562268
vt 0.625652 0.876032
vt 0.813789 0.874262
vt 0.582637 0.873549
vt 0.583204 0.824495
vt 0.915528 0.819519
vt 0.508637 0.829371
vt 0.510581 0.873508
vt 0.843478 0.556358
vt 0.933581 0.55641997
vt 0.856931 0.363586
vt 0.73122 0.20352697
vt 0.516982 0.15045297
vt 0.687326 0.35048503
vt 0.774199 0.267547
vt 0.196917 0.299088
vt 0.307463 0.25734198
vt 0.287672 0.22171903
vt 0.182936 0.23965597
vt 0.119141 0.265406
vt 0.14132 0.34364098
vt 0.01703 0.308205
vt 0.065504 0.429133
vt 0.3216 0.18053001
vt 0.315029 0.12792498
vt 0.17304 0.14314401
vt 0.289707 0.22295302
vt 0.124164 0.13608998
vt 0.05756 0.100676
vt 0.108801 0.05205798
vt 0.309214 0.011160016
vt 0.383134 0.19559598
vt 0.380998 0.21799701
vt 0.408015 0.24552703
vt 0.627533 0.19010198
vt 0.932566 0.562268
vt 0.881969 0.785921
vt 0.627533 0.19010198
vt 0.94715 0.73026
vt 0.938809 0.66637003
vt 0.386802 0.13306499
vt 0.315386 0.18275303
vt 0.381796 0.198825
vt 0.388252 0.027531981
vt 0.593714 0.895091
vt 0.424434 0.13385099
vt 0.42911 0.03581202
vt 0.511802 0.907162
vt 0.654428 0.989263
vt 0.51408 0.998415
vt 0.787342 0.23572302
vt 0.833458 0.258287
vt 0.85062 0.214544
vt 0.793139 0.18834299
vt 0.859705 0.20638102
vt 0.899354 0.113487005
vt 0.831034 0.10022998
vt 0.798152 0.19416302
vt 0.886256 0.11397898
vt 0.877177 0.016587019
vt 0.811521 0.022152007
vt 0.818275 0.11160201
vt 0.9459 0.27675498
vt 0.995322 0.22007602
vt 0.995322 0.12098801
vt 0.995322 0.009370029
vt 0.875566 0.019971013
vt 0.737931 0.987135
vt 0.802406 0.914673
vt 0.630437 0.86942697
vt 0.587622 0.889239
vt 0.819298 0.29598802
vt 0.797635 0.34083802
vt 0.863843 0.39513397
vt 0.903418 0.35053903
vt 0.92283 0.482024
vt 0.995322 0.43904698
vt 0.929395 0.311307
vt 0.995322 0.34909302
vt 0.995322 0.27683997
vt 0.995322 0.53861797
vt 0.50638 0.726773
vt 0.553214 0.726611
vt 0.555625 0.757079
vt 0.587641 0.74495196
vt 0.553214 0.726611
vt 0.5061 0.77326703
vt 0.552879 0.77263796
vt 0.551403 0.742367
vt 0.499837 0.73541
vt 0.404554 0.24598199
vt 0.470711 0.27309102
vt 0.419533 0.51298904
vt 0.43305 0.516606
vt 0.348105 0.501894
vt 0.348105 0.501894
vt 0.356061 0.50927
vt 0.412618 0.510934
vt 0.412618 0.510934
vt 0.363459 0.516556
vt 0.355874 0.526381
vt 0.38393 0.529155
vt 0.388431 0.517493
vt 0.43305 0.516606
vt 0.419533 0.51298904
vt 0.406291 0.514476
vt 0.33117 0.56973696
vt 0.389058 0.57742
vt 0.441082 0.54758596
vt 0.461539 0.47656602
vt 0.395798 0.628469
vt 0.443158 0.58706
vt 0.301475 0.615445
vt 0.350273 0.42689502
vt 0.362383 0.46656603
vt 0.420198 0.664303
vt 0.439782 0.65783596
vt 0.427834 0.62118804
vt 0.444106 0.60093904
vt 0.443031 0.645797
vt 0.454006 0.637331
vt 0.461997 0.66152203
vt 0.459727 0.679247
vt 0.416857 0.72632396
vt 0.458056 0.710678
vt 0.365138 0.711115
vt 0.259445 0.681182
vt 0.329943 0.37158602
vt 0.338338 0.513596
vt 0.35051 0.51335
vt 0.327634 0.480487
vt 0.296524 0.526592
vt 0.291688 0.456882
vt 0.243367 0.53775
vt 0.177502 0.5523
vt 0.085557 0.555898
vt 0.085557 0.555898
vt 0.106852 0.661887
vt 0.203468 0.62507
vt 0.257339 0.41667402
vt 0.347787 0.521909
vt 0.309059 0.550466
vt 0.264424 0.582483
vt 0.207804 0.805749
vt 0.388351 0.819185
vt 0.5061 0.77326703
vt 0.459758 0.771012
vt 0.433395 0.824051
vt 0.355083 0.514737
vt 0.131862 0.780505
vt 0.199596 0.871419
vt 0.393796 0.875998
vt 0.437717 0.873596
vt 0.097681 0.813497
vt 0.067731 0.72358096
vt 0.174798 0.551702
vt 0.165012 0.358788
vt 0.084747 0.550057
vt 0.505084 0.150361
vt 0.293595 0.20006299
vt 0.334035 0.34760797
vt 0.248444 0.26474
vt 0.196917 0.299088
vt 0.182936 0.23965597
vt 0.287672 0.22171903
vt 0.307463 0.25734198
vt 0.14132 0.34364098
vt 0.119141 0.265406
vt 0.065504 0.429133
vt 0.01703 0.308205
vt 0.17304 0.14314401
vt 0.315029 0.12792498
vt 0.321913 0.182908
vt 0.289707 0.22295302
vt 0.124164 0.13608998
vt 0.05756 0.100676
vt 0.108801 0.05205798
vt 0.309214 0.011160016
vt 0.028701 0.515429
vt 0.040542 0.59718597
vt 0.380779 0.20189202
vt 0.370019 0.21011502
vt 0.346104 0.203543
vt 0.315054 0.185363
vt 0.382246 0.19835103
vt 0.40773 0.24376202
vt 0.382313 0.218925
vt 0.388252 0.027531981
vt 0.386802 0.13306499
vt 0.427915 0.895363
vt 0.424434 0.13385099
vt 0.42911 0.03581202
vt 0.370736 0.993194
vt 0.787342 0.235722
vt 0.793139 0.18834198
vt 0.85062 0.214544
vt 0.833458 0.258287
vt 0.831034 0.10022998
vt 0.899432 0.11352098
vt 0.859706 0.20638102
vt 0.798153 0.19416302
vt 0.811501 0.022153974
vt 0.876734 0.01659298
vt 0.886256 0.11397898
vt 0.818358 0.111607015
vt 0.995322 0.12098801
vt 0.995322 0.22007602
vt 0.9459 0.27675498
vt 0.875566 0.019971013
vt 0.995322 0.009370029
vt 0.210255 0.918239
vt 0.283602 0.994214
vt 0.387632 0.866421
vt 0.434172 0.886675
vt 0.819298 0.29598802
vt 0.903418 0.35053903
vt 0.863843 0.39513397
vt 0.797635 0.34083802
vt 0.995322 0.43904698
vt 0.92283 0.482024
vt 0.929395 0.311307
vt 0.995322 0.34909302
vt 0.995322 0.27683997
vt 0.995322 0.53861797
vt 0.460035 0.725564
vt 0.42661 0.74493897
vt 0.457934 0.756128
vt 0.460035 0.725564
vt 0.42661 0.74493897
vt 0.508465 0.735729
vt 0.457105 0.738881
vt 0.459758 0.771012
vt 0.464177 0.252459
vt 0.403072 0.24166101
vt 0.5647 0.19129997
vt 0.510333 0.5036
vt 0.7696 0.32130003
vt 0.5647 0.19129997
vt 0.3275 0.24430001
vt 0.510333 0.5036
vt 0.3275 0.24430001
vt 0.198 0.44919997
vt 0.510333 0.5036
vt 0.198 0.44919997
vt 0.251 0.6864
vt 0.510333 0.5036
vt 0.251 0.6864
vt 0.456 0.81589997
vt 0.510333 0.5036
vt 0.456 0.81589997
vt 0.6931 0.7628
vt 0.510333 0.5036
vt 0.6931 0.7628
vt 0.8226 0.5579
vt 0.510333 0.5036
vt 0.8226 0.5579
vt 0.7696 0.32130003
vt 0.510333 0.5036
vt 0.7696 0.32130003
vt 0.9297 0.31089997
vt 0.6666 0.0711
vt 0.6666 0.0711
vt 0.5647 0.19129997
vt 0.7696 0.32130003
vt 0.6666 0.0711
vt 0.3114 0.0711
vt 0.3275 0.24430001
vt 0.3275 0.24430001
vt 0.5647 0.19129997
vt 0.6666 0.0711
vt 0.3114 0.0711
vt 0.0711 0.33380002
vt 0.198 0.44919997
vt 0.198 0.44919997
vt 0.3275 0.24430001
vt 0.3114 0.0711
vt 0.0711 0.33380002
vt 0.0711 0.6895
vt 0.251 0.6864
vt 0.251 0.6864
vt 0.198 0.44919997
vt 0.0711 0.33380002
vt 0.0711 0.6895
vt 0.3343 0.9295
vt 0.456 0.81589997
vt 0.456 0.81589997
vt 0.251 0.6864
vt 0.0711 0.6895
vt 0.3343 0.9295
vt 0.6895 0.9295
vt 0.6931 0.7628
vt 0.6931 0.7628
vt 0.456 0.81589997
vt 0.3343 0.9295
vt 0.6895 0.9295
vt 0.9297 0.6666
vt 0.8226 0.5579
vt 0.8226 0.5579
vt 0.6931 0.7628
vt 0.6895 0.9295
vt 0.9297 0.6666
vt 0.9297 0.31089997
vt 0.7696 0.32130003
vt 0.7696 0.32130003
vt 0.8226 0.5579
vt 0.9297 0.6666
vt 0.510333 0.5036
vt 0.5647 0.19129997
vt 0.7696 0.32130003
vt 0.510333 0.5036
vt 0.3275 0.24430001
vt 0.5647 0.19129997
vt 0.198 0.44919997
vt 0.3275 0.24430001
vt 0.510333 0.5036
vt 0.510333 0.5036
vt 0.251 0.6864
vt 0.198 0.44919997
vt 0.456 0.81589997
vt 0.251 0.6864
vt 0.510333 0.5036
vt 0.510333 0.5036
vt 0.6931 0.7628
vt 0.456 0.81589997
vt 0.8226 0.5579
vt 0.6931 0.7628
vt 0.510333 0.5036
vt 0.510333 0.5036
vt 0.7696 0.32130003
vt 0.8226 0.5579
vt 0.6666 0.0711
vt 0.9297 0.31089997
vt 0.7696 0.32130003
vt 0.7696 0.32130003
vt 0.5647 0.19129997
vt 0.6666 0.0711
vt 0.3275 0.24430001
vt 0.3114 0.0711
vt 0.6666 0.0711
vt 0.6666 0.0711
vt 0.5647 0.19129997
vt 0.3275 0.24430001
vt 0.198 0.44919997
vt 0.0711 0.33380002
vt 0.3114 0.0711
vt 0.3114 0.0711
vt 0.3275 0.24430001
vt 0.198 0.44919997
vt 0.251 0.6864
vt 0.0711 0.6895
vt 0.0711 0.33380002
vt 0.0711 0.33380002
vt 0.198 0.44919997
vt 0.251 0.6864
vt 0.456 0.81589997
vt 0.3343 0.9295
vt 0.0711 0.6895
vt 0.0711 0.6895
vt 0.251 0.6864
vt 0.456 0.81589997
vt 0.6931 0.7628
vt 0.6895 0.9295
vt 0.3343 0.9295
vt 0.3343 0.9295
vt 0.456 0.81589997
vt 0.6931 0.7628
vt 0.8226 0.5579
vt 0.9297 0.6666
vt 0.6895 0.9295
vt 0.6895 0.9295
vt 0.6931 0.7628
vt 0.8226 0.5579
vt 0.7696 0.32130003
vt 0.9297 0.31089997
vt 0.9297 0.6666
vt 0.9297 0.6666
vt 0.8226 0.5579
vt 0.7696 0.32130003
vt 0.345359 0.201137
vt 0.367998 0.206119
vt 0.627533 0.19010198
vt 0.533472 0.13636398
vt 0.602522 0.120379984
vt 0.616599 0.12723303
vt 0.990186 0.522894
vt 0.077321 0.65986204
vt 0.552879 0.77263796
f 2517/2517 2518/2518 2519/2519
f 2660/2660 2661/2661 2662/2662
f 2668/2668 2669/2669 2670/2670
f 2671/2671 2672/2672 2673/2673
f 2674/2674 2675/2675 2676/2676
f 2677/2677 2678/2678 2679/2679
f 2680/2680 2681/2681 2682/2682
f 2683/2683 2684/2684 2685/2685
f 2686/2686 2687/2687 2688/2688
f 2689/2689 2690/2690 2691/2691
f 2692/2692 2693/2693 2694/2694
f 2695/2695 2696/2696 2697/2697
f 2698/2698 2699/2699 2700/2700
f 2701/2701 2702/2702 2703/2703
f 2704/2704 2705/2705 2706/2706
f 2707/2707 2708/2708 2709/2709
f 2710/2710 2711/2711 2712/2712
f 2713/2713 2714/2714 2715/2715
f 2716/2716 2717/2717 2718/2718
f 2719/2719 2720/2720 2721/2721
f 2722/2722 2723/2723 2724/2724
f 2725/2725 2726/2726 2727/2727
f 2728/2728 2729/2729 2730/2730
f 2731/2731 2732/2732 2733/2733
f 2734/2734 2735/2735 2736/2736
f 2737/2737 2738/2738 2739/2739
f 2740/2740 2741/2741 2742/2742
f 2743/2743 2744/2744 2745/2745
f 2746/2746 2747/2747 2748/2748
f 2749/2749 2750/2750 2751/2751
f 2752/2752 2753/2753 2754/2754
f 2755/2755 2756/2756 2757/2757
f 2758/2758 2759/2759 2760/2760
f 2761/2761 2762/2762 2763/2763
f 2764/2764 2765/2765 2766/2766
f 2767/2767 2768/2768 2769/2769
f 2770/2770 2771/2771 2772/2772
f 2773/2773 2774/2774 2775/2775
f 2776/2776 2777/2777 2778/2778
f 2779/2779 2780/2780 2781/2781
f 2782/2782 2783/2783 2784/2784
f 2785/2785 2786/2786 2787/2787
f 2788/2788 2789/2789 2790/2790
f 2791/2791 2792/2792 2793/2793
f 2794/2794 2795/2795 2796/2796
f 2797/2797 2798/2798 2799/2799
f 2800/2800 2801/2801 2802/2802
f 2803/2803 2804/2804 2805/2805
f 2806/2806 2807/2807 2808/2808
f 2809/2809 2810/2810 2811/2811
f 2814/2814 2815/2815 2816/2816
f 2465/2465 2466/2466 2467/2467
f 2465/2465 2524/2524 2525/2525
f 2465/2465 2525/2525 2479/2479
f 2465/2465 2479/2479 2474/2474
f 2479/2479 2480/2480 2477/2477
f 2477/2477 2474/2474 2479/2479
f 2474/2474 2477/2477 2464/2464
f 2464/2464 2458/2458 2474/2474
f 2474/2474 2458/2458 2475/2475
f 2475/2475 2476/2476 2474/2474
f 2813/2813 2476/2476 2475/2475
f 2475/2475 2812/2812 2813/2813
f 2459/2459 2458/2458 2464/2464
f 2457/2457 2458/2458 2459/2459
f 2460/2460 2457/2457 2459/2459
f 2464/2464 2463/2463 2459/2459
f 2452/2452 2460/2460 2459/2459
f 2461/2461 2459/2459 2463/2463
f 2452/2452 2459/2459 2461/2461
f 2463/2463 2462/2462 2461/2461
f 2453/2453 2461/2461 2462/2462
f 2461/2461 2453/2453 2452/2452
f 2462/2462 2455/2455 2453/2453
f 2455/2455 2456/2456 2454/2454
f 2454/2454 2453/2453 2455/2455
f 2453/2453 2454/2454 2449/2449
f 2449/2449 2452/2452 2453/2453
f 2451/2451 2452/2452 2449/2449
f 2449/2449 2450/2450 2451/2451
f 2618/2618 2619/2619 2620/2620
f 2666/2666 2667/2667 2618/2618
f 2624/2624 2666/2666 2618/2618
f 2622/2622 2624/2624 2618/2618
f 2621/2621 2625/2625 2624/2624
f 2624/2624 2622/2622 2621/2621
f 2611/2611 2621/2621 2622/2622
f 2622/2622 2605/2605 2611/2611
f 2617/2617 2605/2605 2622/2622
f 2622/2622 2614/2614 2617/2617
f 2616/2616 2617/2617 2614/2614
f 2614/2614 2615/2615 2616/2616
f 2611/2611 2605/2605 2604/2604
f 2604/2604 2605/2605 2606/2606
f 2604/2604 2606/2606 2607/2607
f 2604/2604 2610/2610 2611/2611
f 2597/2597 2604/2604 2607/2607
f 2610/2610 2604/2604 2608/2608
f 2608/2608 2604/2604 2597/2597
f 2608/2608 2609/2609 2610/2610
f 2609/2609 2608/2608 2601/2601
f 2597/2597 2601/2601 2608/2608
f 2601/2601 2603/2603 2609/2609
f 2601/2601 2597/2597 2596/2596
f 2596/2596 2597/2597 2598/2598
f 2598/2598 2599/2599 2596/2596
f 2596/2596 2600/2600 2601/2601
f 2603/2603 2601/2601 2600/2600
f 2600/2600 2602/2602 2603/2603
f 2526/2526 2528/2528 2532/2532
f 2526/2526 2527/2527 2528/2528
f 2488/2488 2489/2489 2490/2490
f 2490/2490 2491/2491 2488/2488
f 2631/2631 2632/2632 2633/2633
f 2633/2633 2634/2634 2631/2631
f 2468/2468 2469/2469 2470/2470
f 2468/2468 2818/2818 2469/2469
f 2468/2468 2817/2817 2818/2818
f 2471/2471 2472/2472 2473/2473
f 2471/2471 2433/2433 2472/2472
f 2433/2433 2439/2439 2472/2472
f 2436/2436 2439/2439 2433/2433
f 2433/2433 2431/2431 2436/2436
f 2431/2431 2433/2433 2434/2434
f 2436/2436 2431/2431 2430/2430
f 2430/2430 2435/2435 2436/2436
f 2417/2417 2431/2431 2434/2434
f 2430/2430 2431/2431 2417/2417
f 2417/2417 2434/2434 2428/2428
f 2437/2437 2435/2435 2430/2430
f 2435/2435 2437/2437 2478/2478
f 2417/2417 2428/2428 2426/2426
f 2426/2426 2428/2428 2429/2429
f 2481/2481 2478/2478 2437/2437
f 2482/2482 2478/2478 2481/2481
f 2482/2482 2503/2503 2504/2504
f 2482/2482 2502/2502 2503/2503
f 2482/2482 2501/2501 2502/2502
f 2481/2481 2483/2483 2482/2482
f 2626/2626 2483/2483 2481/2481
f 2646/2646 2626/2626 2647/2647
f 2646/2646 2644/2644 2626/2626
f 2644/2644 2645/2645 2626/2626
f 2481/2481 2623/2623 2626/2626
f 2586/2586 2623/2623 2481/2481
f 2585/2585 2623/2623 2586/2586
f 2481/2481 2441/2441 2586/2586
f 2437/2437 2441/2441 2481/2481
f 2578/2578 2585/2585 2586/2586
f 2440/2440 2441/2441 2437/2437
f 2586/2586 2441/2441 2440/2440
f 2584/2584 2585/2585 2578/2578
f 2440/2440 2581/2581 2586/2586
f 2586/2586 2581/2581 2578/2578
f 2580/2580 2581/2581 2440/2440
f 2578/2578 2581/2581 2580/2580
f 2440/2440 2579/2579 2580/2580
f 2820/2820 2579/2579 2440/2440
f 2580/2580 2659/2659 2578/2578
f 2440/2440 2438/2438 2820/2820
f 2437/2437 2438/2438 2440/2440
f 2432/2432 2820/2820 2438/2438
f 2430/2430 2438/2438 2437/2437
f 2438/2438 2430/2430 2432/2432
f 2432/2432 2430/2430 2416/2416
f 2417/2417 2416/2416 2430/2430
f 2416/2416 2414/2414 2432/2432
f 2516/2516 2432/2432 2414/2414
f 2416/2416 2417/2417 2396/2396
f 2426/2426 2396/2396 2417/2417
f 2414/2414 2413/2413 2516/2516
f 2396/2396 2426/2426 2425/2425
f 2516/2516 2413/2413 2415/2415
f 2415/2415 2515/2515 2516/2516
f 2658/2658 2515/2515 2415/2415
f 2412/2412 2413/2413 2414/2414
f 2415/2415 2413/2413 2412/2412
f 2402/2402 2414/2414 2416/2416
f 2414/2414 2402/2402 2412/2412
f 2396/2396 2395/2395 2416/2416
f 2416/2416 2395/2395 2402/2402
f 2425/2425 2388/2388 2396/2396
f 2395/2395 2396/2396 2388/2388
f 2388/2388 2425/2425 2423/2423
f 2400/2400 2402/2402 2395/2395
f 2423/2423 2425/2425 2424/2424
f 2424/2424 2425/2425 2426/2426
f 2400/2400 2401/2401 2402/2402
f 2412/2412 2402/2402 2401/2401
f 2426/2426 2427/2427 2424/2424
f 2429/2429 2427/2427 2426/2426
f 2406/2406 2401/2401 2400/2400
f 2427/2427 2429/2429 2418/2418
f 2401/2401 2406/2406 2409/2409
f 2401/2401 2409/2409 2412/2412
f 2448/2448 2418/2418 2429/2429
f 2429/2429 2444/2444 2448/2448
f 2444/2444 2429/2429 2442/2442
f 2442/2442 2443/2443 2444/2444
f 2418/2418 2397/2397 2427/2427
f 2424/2424 2427/2427 2397/2397
f 2397/2397 2418/2418 2419/2419
f 2593/2593 2594/2594 2419/2419
f 2419/2419 2592/2592 2593/2593
f 2445/2445 2446/2446 2419/2419
f 2419/2419 2447/2447 2445/2445
f 2397/2397 2389/2389 2424/2424
f 2419/2419 2398/2398 2397/2397
f 2389/2389 2397/2397 2398/2398
f 2420/2420 2424/2424 2389/2389
f 2424/2424 2420/2420 2423/2423
f 2547/2547 2398/2398 2419/2419
f 2419/2419 2561/2561 2547/2547
f 2422/2422 2423/2423 2420/2420
f 2420/2420 2421/2421 2422/2422
f 2423/2423 2422/2422 2385/2385
f 2379/2379 2421/2421 2420/2420
f 2385/2385 2384/2384 2423/2423
f 2423/2423 2384/2384 2388/2388
f 2384/2384 2385/2385 2382/2382
f 2420/2420 2380/2380 2379/2379
f 2389/2389 2380/2380 2420/2420
f 2378/2378 2379/2379 2380/2380
f 2380/2380 2381/2381 2378/2378
f 2382/2382 2386/2386 2381/2381
f 2380/2380 2389/2389 2390/2390
f 2390/2390 2381/2381 2380/2380
f 2389/2389 2398/2398 2390/2390
f 2381/2381 2383/2383 2382/2382
f 2382/2382 2383/2383 2384/2384
f 2384/2384 2383/2383 2387/2387
f 2387/2387 2383/2383 2381/2381
f 2387/2387 2388/2388 2384/2384
f 2388/2388 2387/2387 2395/2395
f 2391/2391 2387/2387 2381/2381
f 2390/2390 2391/2391 2381/2381
f 2394/2394 2395/2395 2387/2387
f 2387/2387 2391/2391 2394/2394
f 2394/2394 2403/2403 2395/2395
f 2403/2403 2400/2400 2395/2395
f 2406/2406 2400/2400 2403/2403
f 2399/2399 2394/2394 2391/2391
f 2403/2403 2405/2405 2406/2406
f 2409/2409 2406/2406 2405/2405
f 2404/2404 2403/2403 2394/2394
f 2405/2405 2403/2403 2404/2404
f 2394/2394 2399/2399 2404/2404
f 2410/2410 2409/2409 2405/2405
f 2412/2412 2409/2409 2410/2410
f 2404/2404 2407/2407 2405/2405
f 2410/2410 2411/2411 2412/2412
f 2412/2412 2411/2411 2415/2415
f 2407/2407 2408/2408 2405/2405
f 2408/2408 2410/2410 2405/2405
f 2408/2408 2407/2407 2554/2554
f 2410/2410 2408/2408 2554/2554
f 2554/2554 2407/2407 2404/2404
f 2411/2411 2410/2410 2555/2555
f 2410/2410 2554/2554 2555/2555
f 2415/2415 2411/2411 2556/2556
f 2555/2555 2556/2556 2411/2411
f 2556/2556 2558/2558 2415/2415
f 2415/2415 2558/2558 2658/2658
f 2658/2658 2558/2558 2557/2557
f 2557/2557 2558/2558 2556/2556
f 2557/2557 2659/2659 2658/2658
f 2556/2556 2555/2555 2550/2550
f 2659/2659 2557/2557 2559/2559
f 2556/2556 2549/2549 2557/2557
f 2550/2550 2549/2549 2556/2556
f 2559/2559 2557/2557 2549/2549
f 2559/2559 2578/2578 2659/2659
f 2553/2553 2550/2550 2555/2555
f 2554/2554 2553/2553 2555/2555
f 2549/2549 2550/2550 2551/2551
f 2551/2551 2550/2550 2553/2553
f 2553/2553 2554/2554 2552/2552
f 2552/2552 2551/2551 2553/2553
f 2404/2404 2552/2552 2554/2554
f 2544/2544 2549/2549 2551/2551
f 2544/2544 2551/2551 2552/2552
f 2549/2549 2544/2544 2559/2559
f 2545/2545 2552/2552 2404/2404
f 2544/2544 2552/2552 2545/2545
f 2404/2404 2399/2399 2545/2545
f 2559/2559 2544/2544 2546/2546
f 2542/2542 2545/2545 2399/2399
f 2541/2541 2544/2544 2545/2545
f 2545/2545 2542/2542 2541/2541
f 2540/2540 2546/2546 2544/2544
f 2544/2544 2541/2541 2540/2540
f 2546/2546 2560/2560 2559/2559
f 2578/2578 2559/2559 2560/2560
f 2546/2546 2540/2540 2575/2575
f 2560/2560 2577/2577 2578/2578
f 2578/2578 2577/2577 2584/2584
f 2560/2560 2546/2546 2576/2576
f 2575/2575 2576/2576 2546/2546
f 2560/2560 2572/2572 2577/2577
f 2576/2576 2572/2572 2560/2560
f 2584/2584 2577/2577 2583/2583
f 2583/2583 2587/2587 2584/2584
f 2583/2583 2588/2588 2587/2587
f 2571/2571 2583/2583 2577/2577
f 2588/2588 2583/2583 2571/2571
f 2572/2572 2571/2571 2577/2577
f 2571/2571 2819/2819 2588/2588
f 2613/2613 2819/2819 2571/2571
f 2569/2569 2612/2612 2613/2613
f 2613/2613 2570/2570 2569/2569
f 2571/2571 2570/2570 2613/2613
f 2568/2568 2569/2569 2570/2570
f 2568/2568 2570/2570 2571/2571
f 2568/2568 2571/2571 2572/2572
f 2567/2567 2568/2568 2572/2572
f 2572/2572 2576/2576 2567/2567
f 2573/2573 2568/2568 2567/2567
f 2565/2565 2567/2567 2576/2576
f 2576/2576 2575/2575 2565/2565
f 2567/2567 2566/2566 2573/2573
f 2567/2567 2565/2565 2564/2564
f 2564/2564 2566/2566 2567/2567
f 2562/2562 2565/2565 2575/2575
f 2564/2564 2565/2565 2562/2562
f 2561/2561 2573/2573 2566/2566
f 2573/2573 2561/2561 2595/2595
f 2566/2566 2547/2547 2561/2561
f 2547/2547 2566/2566 2564/2564
f 2595/2595 2590/2590 2573/2573
f 2589/2589 2573/2573 2590/2590
f 2590/2590 2591/2591 2589/2589
f 2564/2564 2548/2548 2547/2547
f 2398/2398 2547/2547 2548/2548
f 2548/2548 2564/2564 2529/2529
f 2562/2562 2529/2529 2564/2564
f 2543/2543 2398/2398 2548/2548
f 2548/2548 2529/2529 2543/2543
f 2529/2529 2530/2530 2531/2531
f 2530/2530 2529/2529 2562/2562
f 2562/2562 2563/2563 2530/2530
f 2529/2529 2537/2537 2543/2543
f 2563/2563 2562/2562 2574/2574
f 2575/2575 2574/2574 2562/2562
f 2574/2574 2582/2582 2563/2563
f 2574/2574 2575/2575 2540/2540
f 2533/2533 2582/2582 2574/2574
f 2540/2540 2534/2534 2574/2574
f 2574/2574 2534/2534 2533/2533
f 2534/2534 2540/2540 2541/2541
f 2533/2533 2534/2534 2535/2535
f 2541/2541 2535/2535 2534/2534
f 2535/2535 2536/2536 2533/2533
f 2537/2537 2535/2535 2541/2541
f 2536/2536 2535/2535 2537/2537
f 2536/2536 2537/2537 2539/2539
f 2537/2537 2538/2538 2539/2539
f 2537/2537 2541/2541 2542/2542
f 2537/2537 2542/2542 2543/2543
f 2543/2543 2542/2542 2393/2393
f 2399/2399 2393/2393 2542/2542
f 2391/2391 2393/2393 2399/2399
f 2393/2393 2391/2391 2390/2390
f 2393/2393 2392/2392 2543/2543
f 2390/2390 2392/2392 2393/2393
f 2543/2543 2392/2392 2398/2398
f 2398/2398 2392/2392 2390/2390
f 2486/2486 2487/2487 2484/2484
f 2484/2484 2485/2485 2486/2486
f 2496/2496 2486/2486 2485/2485
f 2486/2486 2496/2496 2492/2492
f 2492/2492 2493/2493 2494/2494
f 2494/2494 2495/2495 2492/2492
f 2496/2496 2498/2498 2492/2492
f 2500/2500 2492/2492 2498/2498
f 2498/2498 2499/2499 2500/2500
f 2496/2496 2497/2497 2498/2498
f 2496/2496 2513/2513 2497/2497
f 2513/2513 2496/2496 2511/2511
f 2485/2485 2511/2511 2496/2496
f 2511/2511 2512/2512 2513/2513
f 2511/2511 2485/2485 2505/2505
f 2510/2510 2512/2512 2511/2511
f 2505/2505 2506/2506 2507/2507
f 2505/2505 2508/2508 2511/2511
f 2507/2507 2508/2508 2505/2505
f 2511/2511 2508/2508 2510/2510
f 2508/2508 2507/2507 2509/2509
f 2509/2509 2510/2510 2508/2508
f 2509/2509 2514/2514 2510/2510
f 2520/2520 2521/2521 2522/2522
f 2522/2522 2523/2523 2520/2520
f 2664/2664 2665/2665 2520/2520
f 2520/2520 2663/2663 2664/2664
f 2627/2627 2628/2628 2629/2629
f 2629/2629 2630/2630 2627/2627
f 2630/2630 2629/2629 2641/2641
f 2629/2629 2637/2637 2641/2641
f 2635/2635 2636/2636 2637/2637
f 2637/2637 2638/2638 2635/2635
f 2637/2637 2639/2639 2641/2641
f 2639/2639 2637/2637 2642/2642
f 2642/2642 2643/2643 2639/2639
f 2639/2639 2640/2640 2641/2641
f 2641/2641 2640/2640 2656/2656
f 2654/2654 2641/2641 2656/2656
f 2641/2641 2654/2654 2630/2630
f 2656/2656 2655/2655 2654/2654
f 2648/2648 2630/2630 2654/2654
f 2654/2654 2655/2655 2652/2652
f 2650/2650 2651/2651 2648/2648
f 2654/2654 2649/2649 2648/2648
f 2648/2648 2649/2649 2650/2650
f 2652/2652 2649/2649 2654/2654
f 2653/2653 2650/2650 2649/2649
f 2649/2649 2652/2652 2653/2653
f 2653/2653 2652/2652 2657/2657
o head_male_a.lod5
v -0.022822 0.131489 1.681932
v -0.044747 0.130691 1.68448
v -0.045987 0.133362 1.685058
v -0.017873 0.134455 1.679944
v -0.022822 0.131489 1.681932
v -0.045987 0.133362 1.685058
v -0.016416 0.136244 1.679415
v -0.034107 0.13289 1.678475
v -0.034341 0.13617 1.677159
v -0.047659 0.130533 1.682041
v -0.046534 0.127685 1.682091
v -0.016416 0.136244 1.679415
v -0.045987 0.133362 1.685058
v -0.071032 0.077199 1.741824
v -0 0.125358 1.781935
v -0 0.153072 1.69099
v -0.071032 0.077199 1.741824
v -0.045987 0.133362 1.685058
v -0.047659 0.130533 1.682041
v -0.075744 0.053426 1.680236
v -0.047659 0.130533 1.682041
v -0.034341 0.13617 1.677159
v -0.034455 0.121133 1.584601
v -0.075744 0.053426 1.680236
v -0.034455 0.121133 1.584601
v -0 0.141075 1.57477
v -0.033233 0.108921 1.566961
v -0 0.141075 1.57477
v -0 0.129894 1.555073
v -0.071032 0.077199 1.741824
v -0.075744 0.053426 1.680236
v -0.066737 -0.012063 1.675729
v -0.067857 -0.006524 1.757927
v -0 0.007873 1.806073
v -0 0.125358 1.781935
v -0.071032 0.077199 1.741824
v -0 -0.0432 1.768218
v -0 -0.05848 1.677883
v -0.059053 0.001199 1.61492
v -0 -0.0439 1.618029
v -0.065436 -0.006871 1.568532
v -0 -0.056794 1.563968
v -0 -0.0439 1.618029
v -0.059053 0.001199 1.61492
v -0.0839 -0.0128 1.5444
v 1.2E-05 -0.071 1.5324
v -0 -0.056794 1.563968
v -0.065436 -0.006871 1.568532
v -0 0.068981 1.529728
v -0.065436 -0.006871 1.568532
v -0.059053 0.001199 1.61492
v -0.033233 0.108921 1.566961
v -0 0.129894 1.555073
v -0 0.068981 1.529728
v -0 0.068822 1.493946
v -0.0845 0.0206 1.5271
v -0 0.123166 1.414363
v 0.017873 0.134455 1.679944
v 0.016416 0.136244 1.679415
v 0.045987 0.133362 1.685058
v 0.045987 0.133362 1.685058
v 0.044747 0.130691 1.68448
v 0.023845 0.131365 1.681737
v 0.023845 0.131365 1.681737
v 0.046534 0.127685 1.682091
v 0.047659 0.130533 1.682041
v 0.034341 0.13617 1.677159
v 0.034107 0.13289 1.678475
v 0.016416 0.136244 1.679415
v 0.017873 0.134455 1.679944
v 0.047659 0.130533 1.682041
v 0.045987 0.133362 1.685058
v 0.071032 0.077199 1.741824
v 0.075744 0.053426 1.680236
v 0.075744 0.053426 1.680236
v 0.034455 0.121133 1.584601
v 0.047659 0.130533 1.682041
v 0.034341 0.13617 1.677159
v 0.034455 0.121133 1.584601
v -0 0.141075 1.57477
v 0.033233 0.108921 1.566961
v 0.045987 0.133362 1.685058
v -0 0.125358 1.781935
v 0.071032 0.077199 1.741824
v 0.071032 0.077199 1.741824
v 0.067857 -0.006524 1.757927
v 0.066737 -0.012063 1.675729
v 0.075744 0.053426 1.680236
v -0 0.125358 1.781935
v -0 0.007873 1.806073
v 0.071032 0.077199 1.741824
v -0 -0.0432 1.768218
v -0 -0.05848 1.677883
v 0.059053 0.001199 1.61492
v 0.066737 -0.012063 1.675729
v 0.075744 0.053426 1.680236
v -0 -0.0439 1.618029
v 0.059053 0.001199 1.61492
v -0 -0.0439 1.618029
v -0 -0.056794 1.563968
v 0.065436 -0.006871 1.568415
v 0.059053 0.001199 1.61492
v -0 -0.056794 1.563968
v 1.2E-05 -0.071 1.5324
v 0.0839 -0.0128 1.5444
v 0.065436 -0.006871 1.568415
v 0.033233 0.108921 1.566961
v 0.059053 0.001199 1.61492
v 0.065436 -0.006871 1.568415
v -0 0.068981 1.529728
v -0 0.129894 1.555073
v 0.0845 0.0206 1.5271
v -0 0.068981 1.529728
v -0 0.068822 1.493946
v -0 0.123166 1.414363
v -0.036679 0.120441 1.699376
v -0.017942 0.120441 1.686131
v -0.034691 0.134403 1.683979
v -0.017942 0.120441 1.686131
v -0.031621 0.120441 1.668351
v -0.034691 0.134403 1.683979
v -0.031621 0.120441 1.668351
v -0.050356 0.120441 1.68172
v -0.034691 0.134403 1.683979
v -0.050356 0.120441 1.68172
v -0.036679 0.120441 1.699376
v -0.034691 0.134403 1.683979
v 0.034691 0.134403 1.683979
v 0.017942 0.120441 1.686131
v 0.036679 0.120441 1.699376
v 0.034691 0.134403 1.683979
v 0.031621 0.120441 1.668351
v 0.017942 0.120441 1.686131
v 0.050356 0.120441 1.68172
v 0.031621 0.120441 1.668351
v 0.034691 0.134403 1.683979
v 0.034691 0.134403 1.683979
v 0.036679 0.120441 1.699376
v 0.050356 0.120441 1.68172
v -0.059053 0.001199 1.61492
v -0.066737 -0.012063 1.675729
v -0.075744 0.053426 1.680236
vt 0.602798 0.512069
vt 0.663117 0.50993896
vt 0.671207 0.50263596
vt 0.593276 0.514614
vt 0.602798 0.512069
vt 0.671207 0.50263596
vt 0.585889 0.516329
vt 0.630456 0.51783097
vt 0.634759 0.529817
vt 0.680641 0.515133
vt 0.66852 0.51407397
vt 0.585889 0.516329
vt 0.670178 0.512081
vt 0.781241 0.298106
vt 0.516982 0.15045297
vt 0.507403 0.46385503
vt 0.856931 0.363586
vt 0.689665 0.49587
vt 0.699067 0.507159
vt 0.933581 0.55641997
vt 0.680641 0.515133
vt 0.634759 0.529817
vt 0.627683 0.819915
vt 0.932566 0.562268
vt 0.630321 0.822308
vt 0.512693 0.825632
vt 0.625652 0.876032
vt 0.508637 0.829371
vt 0.510581 0.873508
vt 0.201354 0.293979
vt 0.310651 0.25594997
vt 0.318582 0.15762699
vt 0.176656 0.17022401
vt 0.023187 0.169765
vt 0.065504 0.429133
vt 0.196917 0.299088
vt 0.108801 0.05205798
vt 0.309214 0.011160016
vt 0.430595 0.16956198
vt 0.42911 0.03581202
vt 0.910296 0.15776801
vt 0.914183 -0.0055550337
vt 0.815289 0.003986001
vt 0.817791 0.146523
vt 0.995322 0.15684402
vt 0.995322 0.009370029
vt 0.913546 0.017185986
vt 0.90942 0.15437597
vt 0.523015 1.068393
vt 0.856626 1.100678
vt 0.922013 0.980612
vt 0.630437 0.86942697
vt 0.467503 0.872806
vt 0.831864 0.36304998
vt 0.863843 0.39513397
vt 0.995322 0.22007602
vt 0.995322 0.53861797
vt 0.425697 0.514749
vt 0.43305 0.516606
vt 0.348105 0.501894
vt 0.348105 0.501894
vt 0.356061 0.50927
vt 0.414269 0.512523
vt 0.414269 0.512523
vt 0.35051 0.51335
vt 0.338338 0.513596
vt 0.38393 0.529155
vt 0.388431 0.517493
vt 0.43305 0.516606
vt 0.425697 0.514749
vt 0.319953 0.505172
vt 0.329556 0.494062
vt 0.165012 0.358788
vt 0.084747 0.550057
vt 0.085557 0.555898
vt 0.388351 0.819185
vt 0.338338 0.513596
vt 0.38393 0.529155
vt 0.391352 0.821865
vt 0.500451 0.83617496
vt 0.393796 0.875998
vt 0.351215 0.51146
vt 0.505084 0.150361
vt 0.243369 0.304592
vt 0.201354 0.293979
vt 0.176656 0.17022401
vt 0.318582 0.15762699
vt 0.310651 0.25594997
vt 0.065504 0.429133
vt 0.023187 0.169765
vt 0.196917 0.299088
vt 0.108801 0.05205798
vt 0.309214 0.011160016
vt -0.046952 0.82239497
vt -0.150404 0.678043
vt 0.00582 0.67650497
vt 0.42911 0.03581202
vt 0.430595 0.16956198
vt 0.81598 0.022994995
vt 0.901381 0.016525984
vt 0.90272 0.07672399
vt 0.827413 0.07942802
vt 0.913546 0.017185986
vt 0.995322 0.009370029
vt 0.995322 0.15684402
vt 0.90942 0.15437597
vt 0.387632 0.866421
vt 0.090136 0.992191
vt 0.149083 1.080973
vt 0.505065 1.043038
vt 0.559689 0.867528
vt 0.995322 0.22007602
vt 0.831864 0.36304998
vt 0.863843 0.39513397
vt 0.995322 0.53861797
vt 0.6666 0.0711
vt 0.0711 0.33380002
vt 0.5103 0.50355
vt 0.0711 0.33380002
vt 0.3343 0.9295
vt 0.5103 0.50355
vt 0.3343 0.9295
vt 0.9297 0.6666
vt 0.5103 0.50355
vt 0.9297 0.6666
vt 0.6666 0.0711
vt 0.5103 0.50355
vt 0.5103 0.50355
vt 0.0711 0.33380002
vt 0.6666 0.0711
vt 0.5103 0.50355
vt 0.3343 0.9295
vt 0.0711 0.33380002
vt 0.9297 0.6666
vt 0.3343 0.9295
vt 0.5103 0.50355
vt 0.5103 0.50355
vt 0.6666 0.0711
vt 0.9297 0.6666
vt 1.072879 0.824895
vt 1.149366 0.698179
vt 0.951857 0.612302
f 2936/2936 2937/2937 2938/2938
f 2939/2939 2940/2940 2941/2941
f 2942/2942 2943/2943 2944/2944
f 2945/2945 2946/2946 2947/2947
f 2948/2948 2949/2949 2950/2950
f 2951/2951 2952/2952 2953/2953
f 2954/2954 2955/2955 2956/2956
f 2957/2957 2958/2958 2959/2959
f 2897/2897 2879/2879 2898/2898
f 2878/2878 2879/2879 2880/2880
f 2878/2878 2880/2880 2884/2884
f 2841/2841 2842/2842 2827/2827
f 2827/2827 2824/2824 2826/2826
f 2825/2825 2824/2824 2827/2827
f 2824/2824 2825/2825 2826/2826
f 2837/2837 2838/2838 2839/2839
f 2839/2839 2840/2840 2837/2837
f 2861/2861 2862/2862 2863/2863
f 2863/2863 2864/2864 2861/2861
f 2891/2891 2892/2892 2893/2893
f 2893/2893 2894/2894 2891/2891
f 2919/2919 2920/2920 2921/2921
f 2921/2921 2922/2922 2919/2919
f 2869/2869 2872/2872 2873/2873
f 2869/2869 2871/2871 2872/2872
f 2869/2869 2870/2870 2871/2871
f 2833/2833 2834/2834 2835/2835
f 2833/2833 2835/2835 2836/2836
f 2833/2833 2836/2836 2832/2832
f 2836/2836 2903/2903 2904/2904
f 2902/2902 2836/2836 2904/2904
f 2902/2902 2889/2889 2836/2836
f 2899/2899 2900/2900 2836/2836
f 2836/2836 2889/2889 2899/2899
f 2836/2836 2846/2846 2845/2845
f 2845/2845 2832/2832 2836/2836
f 2889/2889 2890/2890 2883/2883
f 2888/2888 2889/2889 2883/2883
f 2888/2888 2887/2887 2889/2889
f 2887/2887 2888/2888 2885/2885
f 2885/2885 2886/2886 2887/2887
f 2886/2886 2885/2885 2882/2882
f 2881/2881 2882/2882 2883/2883
f 2882/2882 2881/2881 2886/2886
f 2886/2886 2896/2896 2889/2889
f 2886/2886 2895/2895 2896/2896
f 2915/2915 2896/2896 2916/2916
f 2915/2915 2914/2914 2896/2896
f 2914/2914 2901/2901 2896/2896
f 2848/2848 2896/2896 2901/2901
f 2901/2901 2849/2849 2848/2848
f 2848/2848 2849/2849 2847/2847
f 2847/2847 2843/2843 2848/2848
f 2843/2843 2847/2847 2960/2960
f 2843/2843 2960/2960 2961/2961
f 2843/2843 2961/2961 2962/2962
f 2844/2844 2830/2830 2843/2843
f 2830/2830 2832/2832 2843/2843
f 2828/2828 2821/2821 2832/2832
f 2828/2828 2832/2832 2829/2829
f 2828/2828 2829/2829 2830/2830
f 2830/2830 2831/2831 2828/2828
f 2831/2831 2830/2830 2823/2823
f 2821/2821 2822/2822 2823/2823
f 2823/2823 2822/2822 2831/2831
f 2875/2875 2877/2877 2876/2876
f 2874/2874 2875/2875 2876/2876
f 2874/2874 2876/2876 2865/2865
f 2874/2874 2865/2865 2868/2868
f 2867/2867 2868/2868 2865/2865
f 2865/2865 2866/2866 2867/2867
f 2913/2913 2917/2917 2918/2918
f 2918/2918 2907/2907 2913/2913
f 2912/2912 2913/2913 2907/2907
f 2907/2907 2908/2908 2905/2905
f 2905/2905 2906/2906 2907/2907
f 2907/2907 2906/2906 2912/2912
f 2906/2906 2910/2910 2912/2912
f 2909/2909 2910/2910 2906/2906
f 2906/2906 2911/2911 2909/2909
f 2923/2923 2924/2924 2925/2925
f 2925/2925 2926/2926 2923/2923
f 2926/2926 2925/2925 2932/2932
f 2933/2933 2926/2926 2932/2932
f 2933/2933 2932/2932 2934/2934
f 2932/2932 2935/2935 2934/2934
f 2927/2927 2928/2928 2929/2929
f 2927/2927 2929/2929 2930/2930
f 2931/2931 2927/2927 2930/2930
f 2850/2850 2851/2851 2852/2852
f 2852/2852 2853/2853 2850/2850
f 2855/2855 2856/2856 2853/2853
f 2853/2853 2854/2854 2855/2855
f 2853/2853 2857/2857 2854/2854
f 2858/2858 2857/2857 2853/2853
f 2853/2853 2852/2852 2858/2858
f 2858/2858 2852/2852 2859/2859
f 2859/2859 2860/2860 2858/2858
o head_male_a
v -0.021384 0.133373 1.680153
v -0.021511 0.133214 1.681775
v -0.017773 0.134467 1.680314
v -0.017973 0.134444 1.679574
v -0.02383 0.129309 1.681282
v -0.023188 0.129772 1.682363
v -0.024885 0.129828 1.683976
v -0.027935 0.130871 1.680958
v -0.016428 0.136355 1.68001
v -0.016405 0.136133 1.678819
v -0.021245 0.135344 1.68207
v -0.025792 0.135023 1.68512
v -0.028721 0.131891 1.686587
v -0.029209 0.13665 1.687098
v -0.032952 0.133832 1.687621
v -0.033578 0.137325 1.688021
v -0.038286 0.134188 1.687373
v -0.038984 0.136797 1.687599
v -0.037628 0.132982 1.678404
v -0.034107 0.13289 1.678475
v -0.034341 0.13617 1.677159
v -0.037791 0.13614 1.677169
v -0.030979 0.132625 1.679277
v -0.030247 0.136226 1.677892
v -0.026653 0.135319 1.679336
v -0.020894 0.135344 1.679245
v -0.019039 0.136165 1.676138
v -0.022755 0.136546 1.674349
v -0.024838 0.136248 1.677027
v -0.020184 0.136096 1.677462
v -0.027472 0.136602 1.672678
v -0.028315 0.136738 1.675277
v -0.032982 0.136586 1.674415
v -0.032623 0.136352 1.67196
v -0.037446 0.13599 1.672195
v -0.037072 0.136389 1.674518
v -0.033646 0.138735 1.688667
v -0.03925 0.138138 1.688218
v -0.039357 0.139097 1.68958
v -0.033608 0.139757 1.689817
v -0.028228 0.138058 1.689401
v -0.028718 0.137625 1.688076
v -0.024214 0.136883 1.687984
v -0.025029 0.136234 1.686412
v -0.019961 0.136262 1.685418
v -0.021321 0.13611 1.684144
v -0.015602 0.137162 1.680549
v -0.014798 0.137847 1.676073
v -0.016278 0.137021 1.677738
v -0.01359 0.137669 1.681133
v -0.017415 0.139214 1.689373
v -0.013985 0.14004 1.686653
v -0.018915 0.138315 1.671621
v -0.025397 0.138189 1.668124
v -0.032525 0.138469 1.666772
v -0.039181 0.138141 1.666834
v -0.03867 0.140345 1.690951
v -0.032307 0.141526 1.691136
v -0.026204 0.140925 1.691435
v -0.021872 0.13956 1.690825
v -0.015552 0.145435 1.691041
v -0.01165 0.14661 1.688569
v -0.00947 0.144227 1.683031
v -0.006268 0.151888 1.690746
v -0.005423 0.150972 1.685209
v -0 0.153072 1.69099
v -0 0.152501 1.685919
v -0.011365 0.144273 1.676755
v -0.005173 0.151306 1.681442
v -0.008644 0.148079 1.680573
v -0 0.15297 1.681952
v -0.008765 0.148436 1.677248
v -0.004977 0.152045 1.678195
v -0 0.153848 1.678751
v -0.004911 0.153053 1.674712
v -0.007635 0.150554 1.673641
v -0 0.155314 1.675141
v -0.014851 0.142795 1.667783
v -0.023519 0.140948 1.663627
v -0.014512 0.145456 1.660653
v -0.023008 0.142878 1.657207
v -0.010465 0.147951 1.669214
v -0.008076 0.151615 1.668833
v -0.005277 0.155271 1.669968
v -0 0.157143 1.671034
v -0.032637 0.141413 1.661336
v -0.041032 0.140603 1.661298
v -0.047864 0.138495 1.663017
v -0.044131 0.13643 1.668181
v -0.038922 0.142969 1.693669
v -0.032324 0.144071 1.69392
v -0.025867 0.144473 1.694193
v -0.020319 0.144479 1.692992
v -0.007571 0.153378 1.695869
v -0.017526 0.150361 1.697762
v -0 0.154976 1.696948
v -0.025719 0.149312 1.698506
v -0.032434 0.14292 1.653998
v -0.043278 0.140955 1.653079
v -0.051569 0.137131 1.655228
v -0.033412 0.148944 1.698713
v -0.041519 0.147088 1.69852
v -0.011172 0.149761 1.662332
v -0.008777 0.15389 1.663237
v -0.005471 0.158014 1.664516
v -0 0.160104 1.664826
v -0.014401 0.146267 1.655124
v -0.021051 0.142327 1.651384
v -0.011605 0.151547 1.656759
v -0.009302 0.156588 1.657918
v -0.005826 0.160913 1.658876
v -0 0.163081 1.659373
v -0.030271 0.139764 1.644345
v -0.044513 0.137235 1.64347
v -0.013912 0.146766 1.6504
v -0.018364 0.141636 1.645339
v -0.011427 0.153222 1.65129
v -0.009495 0.159006 1.652659
v -0.006162 0.163642 1.653924
v -0 0.165687 1.654873
v -0.02487 0.137543 1.636706
v -0.015333 0.148664 1.647437
v -0.017905 0.144158 1.646012
v -0.012125 0.154824 1.647633
v -0.00961 0.161425 1.647273
v -0.007047 0.166928 1.647769
v -0 0.170264 1.647387
v -0.019543 0.141305 1.638673
v -0.022329 0.138559 1.631975
v -0.019549 0.144299 1.641848
v -0.016982 0.150016 1.643197
v -0.014016 0.156411 1.64291
v -0.009987 0.163179 1.641601
v -0.007779 0.169102 1.64097
v -0 0.17245 1.640401
v -0.017638 0.151397 1.637494
v -0.018776 0.146411 1.636099
v -0.014339 0.15713 1.637594
v -0.010003 0.162923 1.636966
v -0.007398 0.168125 1.635018
v -0 0.170163 1.633759
v -0.012357 0.157397 1.634754
v -0.015769 0.151993 1.634489
v -0.009075 0.161614 1.634296
v -0.006122 0.164262 1.631641
v -0 0.165016 1.629304
v -0 0.161123 1.628247
v -0.004987 0.160993 1.630772
v -0.012497 0.151772 1.634159
v -0.010363 0.150625 1.635921
v -0.010251 0.149118 1.635081
v -0.012851 0.148676 1.632604
v -0.010878 0.156328 1.63444
v -0.007401 0.159661 1.635816
v -0 0.157073 1.628159
v -0.00439 0.156539 1.629851
v -0.005145 0.155258 1.635617
v -0.009302 0.153399 1.636649
v -0.007828 0.148902 1.634115
v -0.004963 0.151725 1.634531
v -0.005021 0.151309 1.629655
v -0 0.152829 1.627769
v -0.018201 0.143971 1.633124
v -0.015436 0.148456 1.632964
v -0.010251 0.149118 1.635081
v -0.007828 0.148902 1.634115
v -0.011279 0.14742 1.631458
v -0.012851 0.148676 1.632604
v -0.011279 0.14742 1.631458
v -0.01872 0.142643 1.628155
v -0.013395 0.147475 1.626555
v -0.006741 0.150292 1.625213
v -0 0.150664 1.624615
v -0.020179 0.142742 1.621578
v -0.025701 0.138244 1.623072
v -0.014698 0.146664 1.620968
v -0.007742 0.149317 1.62045
v -0 0.148416 1.619667
v -0.03104 0.135192 1.626612
v -0.037603 0.134744 1.630787
v -0.008085 0.149001 1.615671
v -0.015173 0.146425 1.615503
v -0.021135 0.14257 1.614209
v 0 0.14836 1.614936
v -0.04726 0.130956 1.633193
v -0.053214 0.131455 1.646541
v -0.034292 0.150403 1.70718
v -0.043402 0.147227 1.707911
v -0.025836 0.152564 1.706224
v -0.017468 0.154217 1.705497
v -0.008629 0.154616 1.704912
v -0 0.155268 1.704435
v -0.033682 0.147953 1.716148
v -0.042727 0.143422 1.716708
v -0.025394 0.151384 1.715735
v -0.016947 0.153005 1.714824
v -0.00845 0.153476 1.714149
v -0 0.153301 1.713235
v -0.053468 0.123414 1.637791
v -0.047659 0.130533 1.682041
v -0.048002 0.130709 1.682971
v -0.04675 0.127978 1.682972
v -0.046534 0.127685 1.682091
v -0.0491 0.130315 1.681648
v -0.049383 0.130617 1.682698
v -0.054628 0.127975 1.682568
v -0.050729 0.129968 1.68277
v -0.050393 0.129498 1.681231
v -0.054761 0.127657 1.680162
v -0.059505 0.123176 1.683494
v -0.060105 0.123462 1.679842
v -0.058575 0.124969 1.686501
v -0.054017 0.129477 1.684887
v -0.065493 0.116986 1.679722
v -0.064102 0.116616 1.684979
v -0.063174 0.119441 1.689204
v -0.067482 0.108725 1.686537
v -0.070115 0.108345 1.679321
v -0.065233 0.111993 1.693262
v -0.074903 0.086049 1.677518
v -0.074789 0.088451 1.664913
v -0.075426 0.07692 1.66326
v -0.075824 0.074428 1.677466
v -0.07094 0.099068 1.688014
v -0.06766 0.102731 1.696945
v -0.073149 0.09846 1.678382
v -0.073428 0.088264 1.689938
v -0.026937 0.138141 1.612374
v -0.034298 0.135037 1.616134
v -0.04109 0.131275 1.61977
v -0.047989 0.124128 1.623261
v -0.040326 0.13308 1.678766
v -0.041473 0.136022 1.677715
v -0.041576 0.13541 1.673061
v -0.041304 0.136032 1.675219
v -0.053184 0.115092 1.628366
v -0.05091 0.132759 1.672619
v -0.047992 0.134576 1.670244
v -0.053006 0.134648 1.665722
v -0.056337 0.131112 1.669153
v -0.043341 0.135542 1.678432
v -0.042583 0.13261 1.679589
v -0.043936 0.135342 1.676421
v -0.044733 0.134552 1.674537
v -0.057691 0.132264 1.659215
v -0.061772 0.127164 1.663647
v -0.059943 0.125253 1.651775
v -0.065405 0.119529 1.657941
v -0.060519 0.115567 1.644221
v -0.067273 0.109305 1.651138
v -0.060766 0.105849 1.635059
v -0.075333 0.065934 1.662786
v -0.075958 0.06358 1.678561
v -0.074545 0.056121 1.663836
v -0.075744 0.053426 1.680236
v -0.053398 0.107334 1.620907
v -0.061779 0.098053 1.628106
v -0.048247 0.117731 1.614848
v -0.042453 0.127483 1.610661
v -0.028516 0.134576 1.605224
v -0.035659 0.13288 1.608406
v -0.04527 0.134407 1.679605
v -0.04402 0.131865 1.680391
v -0.046908 0.133336 1.676687
v -0.046294 0.134131 1.678169
v -0.049189 0.130836 1.679062
v -0.048052 0.131796 1.680097
v -0.068444 0.099356 1.643613
v -0.0707 0.089206 1.636556
v -0.045493 0.130036 1.681331
v -0.04653 0.132294 1.680956
v -0.05392 0.129105 1.677387
v -0.059879 0.125666 1.676174
v -0.065785 0.120127 1.674238
v -0.070517 0.111841 1.671089
v -0.073686 0.100543 1.667206
v -0.064777 0.09066 1.619038
v -0.072969 0.076936 1.629655
v -0.071068 0.061865 1.620584
v -0.071944 0.061899 1.632427
v -0.071121 0.072982 1.61571
v -0.047909 0.132433 1.677686
v -0.052481 0.131123 1.674981
v -0.073572 0.082103 1.649844
v -0.073652 0.070103 1.646798
v -0.071371 0.104637 1.658687
v -0.068575 0.115573 1.663972
v -0.044716 0.131015 1.680886
v -0.045944 0.133449 1.680297
v -0.04717 0.133169 1.679066
v -0.072653 0.093561 1.653737
v -0.058522 0.12847 1.672355
v -0.06456 0.123363 1.668813
v -0.072831 0.059561 1.64786
v -0.035091 0.130424 1.602884
v -0.028067 0.133445 1.603322
v -0.041872 0.123068 1.603013
v -0.047948 0.112748 1.606931
v -0.055657 0.101701 1.61187
v -0.065859 0.085593 1.608981
v -0.057242 0.097521 1.603324
v -0.047616 0.108968 1.598837
v -0.039795 0.120236 1.595538
v -0.033781 0.128938 1.597432
v -0.026859 0.133675 1.600318
v -0.02384 0.135848 1.596534
v -0.030133 0.130143 1.591321
v -0.069273 0.061761 1.611892
v -0.068817 0.069472 1.606998
v -0.065164 0.080826 1.600059
v -0.057259 0.093519 1.594249
v -0.046641 0.106347 1.58943
v -0.034455 0.121133 1.584601
v -0.022109 0.13382 1.587325
v -0.024536 0.130853 1.579573
v -0.061299 0.074976 1.592526
v -0.054349 0.087856 1.585594
v -0.045542 0.101436 1.580414
v -0.036503 0.115331 1.575422
v -0.027045 0.127105 1.569745
v -0.064999 0.064217 1.600413
v -0.066765 0.055951 1.60921
v -0.068344 0.052107 1.621293
v -0.018486 0.137989 1.593629
v -0.011014 0.139524 1.591946
v -0.011742 0.136792 1.584886
v -0 0.138093 1.586499
v -0 0.140622 1.592389
v -0.013867 0.138188 1.575601
v -0 0.141075 1.57477
v -0.013828 0.137197 1.565279
v -0 0.140121 1.564451
v -0.074879 0.077317 1.691237
v -0.070986 0.093279 1.7002
v -0.033237 0.144412 1.728691
v -0.042615 0.139175 1.728799
v -0.024598 0.148501 1.727792
v -0.01619 0.150406 1.727103
v -0.007964 0.150907 1.726135
v -0 0.150517 1.724687
v -0.015274 0.147019 1.739225
v -0.007448 0.147828 1.738703
v -0.023589 0.144733 1.740214
v -0.03217 0.140422 1.742677
v -0.022036 0.140669 1.750767
v -0.014313 0.142574 1.750535
v -0 0.14799 1.738905
v -0.006716 0.143872 1.749835
v -0 0.140185 1.759073
v -0.042928 0.137419 1.689145
v -0.042444 0.136735 1.687948
v -0.040466 0.132605 1.686241
v -0.041736 0.135752 1.687021
v -0.043695 0.138464 1.690438
v -0.045044 0.140008 1.692977
v -0.049809 0.142936 1.698001
v -0.052317 0.142192 1.707198
v -0.051368 0.137361 1.716636
v -0.052165 0.131743 1.727306
v -0.044521 0.134306 1.685901
v -0.045598 0.134919 1.686758
v -0.045987 0.133362 1.685058
v -0.043299 0.131484 1.685168
v -0.044747 0.130691 1.68448
v -0.047212 0.133745 1.685726
v -0.046527 0.134989 1.687941
v -0.047797 0.135882 1.689272
v -0.050567 0.1366 1.691884
v -0.056407 0.136456 1.696328
v -0.058698 0.133302 1.704776
v -0.05747 0.127455 1.71368
v -0.058534 0.121584 1.723453
v -0.075587 0.065303 1.693401
v -0.073351 0.082937 1.703595
v -0.060915 0.113975 1.733994
v -0.053972 0.125961 1.740148
v -0.043568 0.134304 1.742767
v -0.043446 0.126932 1.759366
v -0.028637 0.134343 1.75919
v -0.045989 0.129069 1.683496
v -0.047962 0.131328 1.683378
v -0.050581 0.131217 1.684524
v -0.049342 0.131517 1.683736
v -0.048241 0.133604 1.686728
v -0.050314 0.134029 1.688109
v -0.054302 0.133236 1.690965
v -0.060304 0.12883 1.694514
v -0.061614 0.123257 1.701383
v -0.060722 0.117299 1.70909
v -0.062635 0.110288 1.716924
v -0.065455 0.101857 1.725531
v -0.048248 0.132713 1.684781
v -0.046938 0.132406 1.684293
v -0.045362 0.12991 1.684035
v -0.049361 0.132515 1.685648
v -0.0521 0.132066 1.686595
v -0.05629 0.129428 1.688919
v -0.061922 0.123921 1.692685
v -0.063162 0.117089 1.698368
v -0.063968 0.108823 1.703578
v -0.066708 0.100683 1.709092
v -0.06995 0.091308 1.714952
v -0.076013 0.054118 1.69549
v -0.015106 0.137715 1.76042
v -0.055273 0.11687 1.754644
v -0.062798 0.105073 1.746678
v -0.068345 0.091344 1.734755
v -0.07274 0.080251 1.721023
v -0.075133 0.071054 1.707622
v -0.015106 0.137715 1.76042
v -0.014905 0.122169 1.782772
v -0 0.125358 1.781935
v -0 0.140185 1.759073
v -0.028637 0.134343 1.75919
v -0.029037 0.117687 1.780798
v -0.043446 0.126932 1.759366
v -0.043674 0.110107 1.776326
v 0.013436 0.067588 1.533119
v 0.027182 0.062576 1.535776
v 0.028805 0.064729 1.518784
v 0.014203 0.068777 1.517863
v -0.062798 0.105073 1.746678
v -0.06506 0.089731 1.756728
v -0.05582 0.101101 1.768884
v -0.055273 0.11687 1.754644
v -0.068345 0.091344 1.734755
v -0.071032 0.077199 1.741824
v 0.03049 0.066938 1.501879
v 0.047544 0.049861 1.519936
v 0.050906 0.051164 1.502052
v -0.075966 0.05902 1.710979
v -0.075133 0.071054 1.707622
v -0.075587 0.065303 1.693401
v 0.053884 0.039667 1.52074
v 0.066714 0.03894 1.509141
v -0.074581 0.066911 1.726559
v -0.07274 0.080251 1.721023
v 0.034863 0.060842 1.555115
v 0.02577 0.062231 1.549403
v 0.024473 0.068664 1.56022
v 0.034066 0.065301 1.56611
v -0 0.068981 1.529728
v -0 0.072183 1.544176
v 0.013269 0.068831 1.545256
v -0.066688 0.069207 1.764408
v -0.073026 0.05982 1.748318
v -0.056809 0.078493 1.778307
v -0.043825 0.086865 1.789008
v -0.029607 0.093453 1.795736
v -0.014979 0.098423 1.798992
v -0 0.10225 1.799132
v -0.076089 0.033275 1.73466
v -0.075661 0.051594 1.731068
v -0.076509 0.045175 1.713956
v -0.076573 0.028985 1.716063
v -0.073871 0.039759 1.753579
v -0.067083 0.047187 1.77113
v -0.056629 0.05435 1.785703
v -0.043056 0.060672 1.796638
v -0.028009 0.066081 1.803301
v 0.044177 0.052238 1.540107
v -0.013219 0.070732 1.806399
v 0.024838 0.136248 1.677027
v 0.020184 0.136096 1.677462
v 0.020894 0.135344 1.679245
v 0.026653 0.135319 1.679336
v 0.030246 0.136226 1.677892
v 0.028315 0.136738 1.675277
v -0.074845 0.012537 1.737253
v -0.073069 0.017032 1.757262
v -0.066275 0.023148 1.775426
v -0.070553 -0.008505 1.73849
v -0.075404 0.00979 1.718295
v -0.070905 -0.011245 1.718085
v -0.067857 -0.006524 1.757927
v -0.05669 -0.017261 1.771334
v -0.062649 -0.001066 1.774937
v -0.059617 -0.022917 1.758287
v -0.055494 0.028419 1.79053
v -0.051292 0.001236 1.789181
v -0.040567 0.033074 1.8009
v -0.024105 0.037845 1.807
v -0.009647 0.039391 1.810004
v -0 0.038768 1.810689
v -0 0.073567 1.806639
v -0.042524 -0.021161 1.780724
v -0.027647 0.005214 1.801522
v -0 0.007873 1.806073
v -0.024659 -0.022855 1.787548
v -0 -0.021549 1.791688
v -0.042674 -0.033955 1.762896
v -0.061204 -0.02764 1.739883
v -0.061351 -0.028769 1.718819
v -0.024359 -0.040158 1.766849
v -0 -0.0432 1.768218
v -0.044589 -0.04113 1.741789
v -0.045244 -0.043334 1.719787
v -0.02503 -0.053164 1.720382
v -0.024409 -0.049864 1.742962
v -0 -0.058053 1.719527
v -0 -0.053788 1.743276
v -0.076013 0.054118 1.69549
v -0.07627 0.041671 1.696827
v -0.069584 0.051477 1.633185
v -0.072299 0.050244 1.649408
v -0.073845 0.048435 1.664947
v -0.072299 0.050244 1.649408
v -0.073691 0.046407 1.64668
v -0.071486 0.045972 1.654521
v -0.072695 0.045278 1.660785
v -0.073845 0.048435 1.664947
v -0.069584 0.051477 1.633185
v -0.074409 0.047286 1.640384
v -0.092654 0.021084 1.685705
v -0.0867 0.029693 1.687259
v -0.087823 0.021634 1.682695
v -0.092503 0.018844 1.672847
v -0.085926 0.028743 1.679876
v -0.08845 0.024466 1.670101
v -0.087032 0.027427 1.659245
v -0.088658 0.024099 1.657993
v -0.08483 0.03278 1.649714
v -0.08671 0.031444 1.64604
v -0.068052 0.043944 1.652679
v 0.034341 0.13617 1.677159
v 0.032982 0.136586 1.674415
v 0.037072 0.136389 1.674518
v 0.037791 0.13614 1.677169
v 0.033578 0.137325 1.688021
v 0.033646 0.138735 1.688667
v 0.03925 0.138138 1.688218
v 0.038984 0.136797 1.687599
v 0.028718 0.137625 1.688076
v 0.029209 0.13665 1.687098
v 0.025029 0.136234 1.686412
v 0.025792 0.135023 1.68512
v 0.021321 0.13611 1.684144
v 0.021245 0.135344 1.68207
v 0.015602 0.137162 1.680549
v 0.01359 0.137669 1.681133
v 0.019961 0.136262 1.685418
v 0.016428 0.136355 1.68001
v 0.016405 0.136133 1.678819
v 0.016278 0.137021 1.677738
v 0.0491 0.130315 1.681648
v 0.049383 0.130617 1.682698
v 0.050729 0.129968 1.68277
v 0.050393 0.129498 1.681231
v 0.041304 0.136032 1.675219
v 0.041473 0.136022 1.677715
v 0.043936 0.135342 1.676421
v 0.044733 0.134552 1.674537
v 0.041576 0.13541 1.673061
v 0.046294 0.134131 1.678169
v 0.043341 0.135542 1.678432
v 0.04527 0.134407 1.679605
v 0.047659 0.130533 1.682041
v 0.048052 0.131796 1.680097
v 0.04653 0.132294 1.680956
v 0.04717 0.133169 1.679066
v 0.045944 0.133449 1.680297
v 0.042444 0.136735 1.687948
v 0.041736 0.135752 1.687021
v 0.045598 0.134919 1.686758
v 0.042928 0.137419 1.689145
v 0.046527 0.134989 1.687941
v 0.047212 0.133745 1.685726
v 0.048241 0.133604 1.686728
v 0.049342 0.131517 1.683736
v 0.048002 0.130709 1.682971
v 0.047962 0.131328 1.683378
v 0.048248 0.132713 1.684781
v 0.049361 0.132515 1.685648
v 0.050581 0.131217 1.684524
v 0.046938 0.132406 1.684293
v 0.045987 0.133362 1.685058
v -0.092836 0.013729 1.674939
v -0.091516 0.019953 1.689926
v -0.090716 0.020063 1.657348
v 0.011279 0.14742 1.631458
v 0.012851 0.148676 1.632604
v 0.015436 0.148456 1.632964
v 0.018201 0.143971 1.633124
v -0.080946 0.040578 1.639637
v -0.080776 0.040279 1.633736
v -0.088124 0.029497 1.641745
v -0.074864 0.046748 1.63508
v -0.074696 0.038259 1.632682
v -0.079105 0.02746 1.64103
v -0.082353 0.018392 1.655893
v -0.084958 0.013177 1.673501
v -0.085302 0.017691 1.688606
v -0.079276 0.028945 1.691822
v -0.084409 0.03044 1.692982
v -0.076781 0.027426 1.697849
v -0.076081 0.038216 1.686831
v -0.076408 0.042669 1.683532
v -0.076408 0.042669 1.683532
v -0.080631 0.03789 1.687657
v -0.076081 0.038216 1.686831
v -0.075784 0.029938 1.689654
v -0.075784 0.029938 1.689654
v -0.07009 -0.011214 1.696305
v -0.075972 0.010347 1.694573
v -0.06007 -0.029114 1.697349
v -0.044651 -0.043813 1.69805
v -0.0245 -0.054149 1.698263
v -0 -0.059281 1.697955
v -0.076924 0.020064 1.685324
v -0.066737 -0.012063 1.675729
v -0.057142 -0.029749 1.676293
v -0.076413 0.014822 1.673871
v -0.073191 0.01838 1.655977
v -0.074128 0.004973 1.674552
v -0.076924 0.020064 1.685324
v -0.076413 0.014822 1.673871
v -0.073191 0.01838 1.655977
v -0.069866 0.008176 1.654958
v -0.069072 0.0314 1.639594
v -0.06836 0.041196 1.633005
v -0.066916 0.046191 1.633209
v -0.066353 0.045852 1.619505
v -0.066916 0.046191 1.633209
v -0.043079 -0.043535 1.676609
v -0.022993 -0.053672 1.677005
v -0 -0.05848 1.677883
v -0.062666 -0.009706 1.656487
v -0.053586 -0.027675 1.656443
v -0.039813 -0.040812 1.65685
v -0.021098 -0.050089 1.657039
v -0 -0.054231 1.657241
v -0.069072 0.0314 1.639594
v -0.067008 0.018537 1.635219
v -0.067015 0.031251 1.625836
v -0.06836 0.041196 1.633005
v -0.06836 0.041196 1.633005
v -0.067015 0.031251 1.625836
v -0.059883 -0.004343 1.636378
v -0.050402 -0.023458 1.637834
v -0.036496 -0.035552 1.637787
v -0.018792 -0.044043 1.637971
v -0 -0.047938 1.639277
v -0 0.129894 1.555073
v -0.012978 0.129305 1.556792
v -0.024925 0.120107 1.560967
v -0.033233 0.108921 1.566961
v -0.024114 0.108547 1.559877
v -0.039174 0.094888 1.572521
v -0.047961 0.08154 1.57971
v -0.054835 0.069998 1.586799
v -0.059452 0.05931 1.594517
v -0.063094 0.049862 1.604273
v -0.064005 0.028595 1.610186
v -0.064005 0.028595 1.610186
v -0.059053 0.001199 1.61492
v -0.047975 -0.021205 1.618398
v -0.034274 -0.0342 1.618283
v -0.017065 -0.041509 1.618268
v -0 -0.0439 1.618029
v -0.013262 0.111228 1.554242
v -0 0.111924 1.552621
v -0 0.098561 1.551607
v -0.014598 0.096074 1.554322
v -0.054043 0.054338 1.585346
v -0.049953 0.065725 1.579954
v -0.059878 0.042787 1.590731
v -0.063139 0.02517 1.595744
v -0.063139 0.02517 1.595744
v -0.058827 -0.001848 1.599774
v -0.047882 -0.026433 1.600775
v -0.034557 -0.036193 1.601327
v -0.01687 -0.042284 1.600997
v -0 -0.044771 1.600577
v -0.054043 0.054338 1.585346
v -0.051212 0.048306 1.566358
v -0.058533 0.039138 1.56912
v -0.059878 0.042787 1.590731
v -0.062562 0.021456 1.574834
v -0.063139 0.02517 1.595744
v -0.060302 -0.004927 1.584249
v -0.058827 -0.001848 1.599774
v -0.062377 0.016722 1.551266
v -0.065436 -0.006871 1.568532
v -0.05192 -0.031376 1.585322
v -0.047882 -0.026433 1.600775
v -0.083923 -0.012819 1.544415
v -0.084548 0.020645 1.527089
v -0.057089 -0.034844 1.571789
v -0.037329 -0.040492 1.581647
v -0.034557 -0.036193 1.601327
v -0.018845 -0.047077 1.580002
v -0.01687 -0.042284 1.600997
v -0 -0.049438 1.580116
v -0 -0.044771 1.600577
v -0.079011 -0.042238 1.540965
v -0.042783 -0.047028 1.566818
v -0.057721 -0.056508 1.536397
v -0.023066 -0.053145 1.564092
v -0.02961 -0.064642 1.532559
v -0 -0.056794 1.563968
v -0 -0.070965 1.53236
v -0.029133 0.087801 1.563841
v -0 0.079231 1.55414
v -0.013183 0.076847 1.555065
v -0.013183 0.076847 1.555065
v -0 0.079231 1.55414
v -0 0.072183 1.544176
v -0.013269 0.068831 1.545256
v -0.040635 0.075811 1.57428
v -0.034863 0.060842 1.555115
v -0.044177 0.052238 1.540107
v -0.043517 0.058109 1.567086
v -0.034066 0.065301 1.56611
v -0.024473 0.068664 1.56022
v -0.034066 0.065301 1.56611
v -0.024473 0.068664 1.56022
v -0.02577 0.062231 1.549403
v -0.014204 0.068777 1.517863
v -0.013436 0.067588 1.533119
v -0 0.068981 1.529728
v -0 0.068829 1.511796
v -0.03049 0.066938 1.501879
v -0.014986 0.070017 1.50128
v -0.015017 0.076045 1.493191
v -0.035651 0.077038 1.489456
v -0.028805 0.064729 1.518784
v -0.047544 0.04986 1.519936
v -0.027182 0.062576 1.535776
v -0 0.077057 1.481925
v 0 0.101742 1.445906
v -0.039148 0.104172 1.455486
v -0.05621 0.033073 1.543911
v -0.049536 0.042631 1.54144
v -0.066714 0.03894 1.509141
v -0.0735 0.077519 1.488348
v -0.050906 0.051164 1.502052
v -0.053884 0.039667 1.52074
v -0.087193 0.043447 1.498589
v 0 0.123166 1.414364
v 0 0.149316 1.609573
v -0.00833 0.14938 1.611707
v -0.015322 0.146167 1.610229
v -0.024774 0.135255 1.605018
v -0.024281 0.133795 1.604472
v -0.024192 0.137236 1.606467
v -0.022712 0.135466 1.603201
v -0.019555 0.138753 1.601539
v -0.015596 0.141153 1.599382
v -0.00989 0.143224 1.596729
v -0 0.145348 1.595878
v -0.020441 0.141651 1.607851
v -0.023545 0.133465 1.604858
v -0.023263 0.133464 1.605206
v -0.021598 0.134467 1.60563
v -0.02184 0.135401 1.60452
v -0.008902 0.144512 1.60154
v -0 0.146184 1.600518
v -0.007403 0.144041 1.605512
v -0 0.144609 1.604387
v 0 0.147224 1.606614
v -0.007996 0.147024 1.607858
v 0 0.144915 1.604101
v -0.007205 0.144363 1.605151
v -0.014501 0.143903 1.607725
v -0.013689 0.141116 1.605792
v -0.019473 0.13947 1.606541
v -0.018543 0.136976 1.605516
v -0.023948 0.134688 1.605254
v -0.023302 0.133615 1.605198
v -0.02317 0.135372 1.605705
v -0.022383 0.134115 1.605365
v -0.018998 0.138083 1.604082
v -0.018319 0.136845 1.605672
v -0.014725 0.1412 1.603152
v -0.013598 0.140618 1.606183
v -0.049953 0.065725 1.579954
v -0.040635 0.075811 1.57428
v -0 0.068822 1.493946
v -0 0.076048 1.48727
v 0.017773 0.134467 1.680314
v 0.021511 0.133214 1.681775
v 0.021384 0.133373 1.680153
v 0.017973 0.134444 1.679574
v 0.023188 0.129772 1.682363
v 0.02383 0.129309 1.681282
v 0.024885 0.129828 1.683976
v 0.027935 0.130871 1.680958
v 0.028721 0.131891 1.686587
v 0.032952 0.133832 1.687621
v 0.038286 0.134188 1.687373
v 0.037628 0.132982 1.678404
v 0.034107 0.13289 1.678475
v 0.030979 0.132625 1.679277
v 0.019039 0.136165 1.676138
v 0.022755 0.136546 1.674349
v 0.027472 0.136602 1.672678
v 0.032623 0.136352 1.67196
v 0.037446 0.135991 1.672195
v 0.033608 0.139757 1.689817
v 0.039357 0.139097 1.68958
v 0.028228 0.138058 1.689401
v 0.024214 0.136883 1.687984
v 0.014798 0.137847 1.676073
v 0.013985 0.14004 1.686653
v 0.017415 0.139214 1.689373
v 0.018915 0.138315 1.671621
v 0.025396 0.138189 1.668124
v 0.032525 0.138469 1.666772
v 0.039181 0.138141 1.666834
v 0.03867 0.140345 1.690951
v 0.032307 0.141526 1.691136
v 0.026204 0.140925 1.691435
v 0.021872 0.13956 1.690825
v 0.01165 0.14661 1.688569
v 0.015552 0.145435 1.691041
v 0.00947 0.144227 1.683031
v 0.005423 0.150972 1.685209
v 0.006268 0.151888 1.690746
v 0.011365 0.144273 1.676752
v 0.008644 0.148079 1.680573
v 0.005173 0.151306 1.681442
v 0.008765 0.148436 1.677248
v 0.004977 0.152045 1.678195
v 0.007635 0.150554 1.673641
v 0.004911 0.153053 1.674712
v 0.014851 0.142795 1.667783
v 0.023519 0.140948 1.663627
v 0.023008 0.142878 1.657207
v 0.014512 0.145456 1.660653
v 0.010465 0.147951 1.669214
v 0.008076 0.151615 1.668833
v 0.005277 0.155271 1.669968
v 0.032637 0.141413 1.661336
v 0.041032 0.140603 1.661298
v 0.044131 0.13643 1.668181
v 0.047864 0.138495 1.663017
v 0.038922 0.142969 1.693669
v 0.032324 0.144071 1.69392
v 0.025867 0.144473 1.694193
v 0.020319 0.144479 1.692992
v 0.007571 0.153378 1.695869
v 0.017526 0.150361 1.697762
v 0.025719 0.149312 1.698506
v 0.032434 0.142921 1.653998
v 0.043278 0.140955 1.653079
v 0.051569 0.137131 1.655228
v 0.033412 0.148944 1.698713
v 0.041519 0.147088 1.69852
v 0.011172 0.149761 1.662332
v 0.008777 0.15389 1.663237
v 0.005471 0.158014 1.664516
v 0.021051 0.142327 1.651384
v 0.014401 0.146267 1.655124
v 0.011605 0.151547 1.656759
v 0.009302 0.156588 1.657918
v 0.005826 0.160913 1.658876
v 0.030271 0.139764 1.644345
v 0.044513 0.137235 1.64347
v 0.018364 0.141636 1.645339
v 0.013912 0.146766 1.6504
v 0.011427 0.153222 1.65129
v 0.009495 0.159006 1.652659
v 0.006162 0.163642 1.653924
v 0.02487 0.137543 1.636706
v 0.017905 0.144158 1.646012
v 0.015333 0.148664 1.647437
v 0.012125 0.154824 1.647633
v 0.00961 0.161425 1.647273
v 0.007047 0.166928 1.647769
v 0.022329 0.138559 1.631975
v 0.019543 0.141305 1.638673
v 0.019549 0.144299 1.641848
v 0.016982 0.150016 1.643197
v 0.014016 0.156411 1.64291
v 0.009987 0.163179 1.641601
v 0.007779 0.169102 1.64097
v 0.018776 0.146411 1.636099
v 0.017638 0.151397 1.637494
v 0.014339 0.15713 1.637594
v 0.010003 0.162923 1.636966
v 0.007398 0.168125 1.635018
v 0.015769 0.151993 1.634489
v 0.012357 0.157397 1.634754
v 0.009075 0.161614 1.634296
v 0.006122 0.164262 1.631641
v 0.004987 0.160993 1.630772
v 0.010251 0.149118 1.635081
v 0.010363 0.150625 1.635921
v 0.012497 0.151772 1.634159
v 0.010878 0.156328 1.63444
v 0.007401 0.159661 1.635816
v 0.00439 0.156539 1.629851
v 0.005145 0.155258 1.635617
v 0.007828 0.148902 1.634115
v 0.009302 0.153399 1.636649
v 0.004963 0.151725 1.634531
v 0.005021 0.151309 1.629655
v 0.010251 0.149118 1.635081
v 0.012851 0.148676 1.632604
v 0.011279 0.14742 1.631458
v 0.007828 0.148902 1.634115
v 0.01872 0.142643 1.628155
v 0.013395 0.147475 1.626555
v 0.006741 0.150292 1.625213
v 0.025701 0.138244 1.623072
v 0.020179 0.142742 1.621578
v 0.014698 0.146664 1.620968
v 0.007742 0.149317 1.62045
v 0.037603 0.134744 1.630787
v 0.03104 0.135192 1.626612
v 0.015173 0.146425 1.615503
v 0.008085 0.149001 1.615671
v 0.021135 0.14257 1.614209
v 0.04726 0.130956 1.633193
v 0.053214 0.131455 1.646541
v 0.034292 0.150403 1.70718
v 0.043402 0.147227 1.707911
v 0.025836 0.152564 1.706224
v 0.017468 0.154217 1.705497
v 0.008629 0.154616 1.704912
v 0.033682 0.147953 1.716148
v 0.042727 0.143422 1.716708
v 0.025394 0.151384 1.715735
v 0.00845 0.153476 1.714149
v 0.053468 0.123414 1.637791
v 0.046534 0.127685 1.682091
v 0.04675 0.127978 1.682972
v 0.054628 0.127975 1.682568
v 0.054761 0.127657 1.680162
v 0.059505 0.123176 1.683514
v 0.060105 0.123462 1.679844
v 0.058575 0.124969 1.686504
v 0.054017 0.129477 1.684887
v 0.065493 0.116986 1.679722
v 0.064102 0.116616 1.684979
v 0.063174 0.119441 1.689204
v 0.067482 0.108725 1.686537
v 0.070115 0.108345 1.679321
v 0.065233 0.111993 1.693262
v 0.075426 0.07692 1.66326
v 0.074789 0.088451 1.664913
v 0.074903 0.086049 1.677518
v 0.075824 0.074428 1.677466
v 0.06766 0.102731 1.696945
v 0.07094 0.099068 1.688014
v 0.073149 0.09846 1.678382
v 0.073428 0.088264 1.689938
v 0.026937 0.138141 1.612374
v 0.034298 0.135037 1.616134
v 0.04109 0.131275 1.619769
v 0.047989 0.124128 1.62326
v 0.040326 0.13308 1.678766
v 0.053184 0.115092 1.628365
v 0.053006 0.134648 1.665722
v 0.047985 0.134556 1.670237
v 0.050908 0.132754 1.672618
v 0.056337 0.131112 1.669153
v 0.042583 0.13261 1.679589
v 0.057691 0.132264 1.659215
v 0.061772 0.127164 1.663647
v 0.059943 0.125253 1.651775
v 0.065405 0.119529 1.657941
v 0.060519 0.115567 1.644221
v 0.067273 0.109305 1.651138
v 0.075333 0.065934 1.662786
v 0.075958 0.06358 1.678561
v 0.075744 0.053426 1.680236
v 0.074545 0.056121 1.663836
v 0.060766 0.105849 1.635059
v 0.061779 0.098053 1.628106
v 0.053398 0.107334 1.620907
v 0.048247 0.117732 1.614848
v 0.049189 0.130836 1.679062
v 0.047909 0.132433 1.677686
v 0.05392 0.129105 1.677387
v 0.052481 0.131123 1.674981
v 0.073572 0.082103 1.649844
v 0.072653 0.093561 1.653737
v 0.073652 0.070103 1.646798
v 0.0707 0.089206 1.636556
v 0.068444 0.099356 1.643613
v 0.073686 0.100543 1.667206
v 0.071371 0.104637 1.658687
v 0.058475 0.128413 1.672334
v 0.059872 0.125658 1.676166
v 0.06456 0.123363 1.668813
v 0.065785 0.120127 1.674238
v 0.068575 0.115573 1.663972
v 0.070517 0.111841 1.671089
v 0.072831 0.059561 1.64786
v 0.071944 0.061899 1.632428
v 0.072969 0.076936 1.629655
v 0.028516 0.134576 1.605224
v 0.035659 0.13288 1.608406
v 0.035091 0.130424 1.602884
v 0.028067 0.133445 1.603322
v 0.042453 0.127483 1.610661
v 0.041872 0.123068 1.603013
v 0.047948 0.112749 1.606931
v 0.055657 0.101701 1.61187
v 0.064777 0.09066 1.619038
v 0.071121 0.072982 1.61571
v 0.065859 0.085593 1.608981
v 0.057242 0.097522 1.603324
v 0.047616 0.108968 1.598837
v 0.039795 0.120236 1.595538
v 0.033781 0.128938 1.597432
v 0.026859 0.133675 1.600318
v 0.030133 0.130143 1.591321
v 0.02384 0.135848 1.596534
v 0.071068 0.061865 1.620584
v 0.069273 0.061761 1.611892
v 0.068817 0.069472 1.606998
v 0.065164 0.080826 1.600059
v 0.057259 0.093519 1.594249
v 0.046641 0.106347 1.58943
v 0.034455 0.121133 1.584601
v 0.024536 0.130853 1.579573
v 0.022109 0.13382 1.587325
v 0.061299 0.074976 1.592526
v 0.054349 0.087856 1.585594
v 0.045542 0.101437 1.580414
v 0.036503 0.115331 1.575422
v 0.027045 0.127105 1.569745
v 0.066765 0.055951 1.60921
v 0.064999 0.064216 1.600414
v 0.068344 0.052107 1.621293
v 0.018486 0.137989 1.593629
v 0.011742 0.136792 1.584886
v 0.011014 0.139524 1.591947
v 0.013867 0.138188 1.575601
v 0.013828 0.137197 1.565279
v 0.074879 0.077317 1.691237
v 0.070986 0.093279 1.7002
v 0.033237 0.144412 1.728691
v 0.042615 0.139175 1.728799
v 0.024598 0.148501 1.727792
v 0.016947 0.153005 1.714824
v 0.01619 0.150406 1.727103
v 0.007964 0.150907 1.726135
v 0.007448 0.147828 1.738703
v 0.015274 0.147019 1.739225
v 0.023589 0.144733 1.740214
v 0.03217 0.140422 1.742677
v 0.014313 0.142574 1.750535
v 0.022036 0.140669 1.750767
v 0.006716 0.143872 1.749835
v 0.040466 0.132605 1.686241
v 0.043695 0.138464 1.690438
v 0.045044 0.140008 1.692977
v 0.049809 0.142936 1.698001
v 0.052317 0.142192 1.707198
v 0.051368 0.137361 1.716636
v 0.052165 0.131743 1.727306
v 0.044521 0.134306 1.685901
v 0.044747 0.130691 1.68448
v 0.043299 0.131484 1.685168
v 0.047797 0.135882 1.689272
v 0.050567 0.1366 1.691884
v 0.056407 0.136456 1.696328
v 0.058698 0.133302 1.704776
v 0.057469 0.127455 1.71368
v 0.058534 0.121584 1.723453
v 0.075587 0.065303 1.693401
v 0.073351 0.082937 1.703595
v 0.053971 0.125961 1.740148
v 0.060915 0.113975 1.733994
v 0.043568 0.134304 1.742767
v 0.028637 0.134343 1.75919
v 0.043446 0.126932 1.759366
v 0.045989 0.129069 1.683496
v 0.050314 0.134029 1.688109
v 0.054302 0.133236 1.690965
v 0.060304 0.12883 1.694514
v 0.061614 0.123257 1.701383
v 0.060722 0.117299 1.70909
v 0.062635 0.110288 1.716924
v 0.065455 0.101857 1.725531
v 0.045362 0.12991 1.684035
v 0.0521 0.132066 1.686595
v 0.05629 0.129428 1.688919
v 0.061922 0.123921 1.692685
v 0.063162 0.117089 1.698368
v 0.063968 0.108823 1.703578
v 0.066708 0.100683 1.709092
v 0.06995 0.091308 1.714952
v 0.076013 0.054118 1.69549
v 0.015106 0.137715 1.76042
v 0.055273 0.11687 1.754644
v 0.062798 0.105073 1.746678
v 0.068345 0.091344 1.734755
v 0.07274 0.080251 1.721023
v 0.075133 0.071054 1.707622
v -0 0.125358 1.781935
v 0.014905 0.122169 1.782772
v 0.015106 0.137715 1.76042
v -0 0.140185 1.759073
v 0.029037 0.117687 1.780798
v 0.028637 0.134343 1.75919
v 0.043674 0.110107 1.776326
v 0.043446 0.126932 1.759366
v 0.05582 0.101101 1.768884
v 0.055273 0.11687 1.754644
v 0.06506 0.089731 1.756728
v 0.062798 0.105073 1.746678
v 0.071032 0.077199 1.741824
v 0.068345 0.091344 1.734755
v 0.074581 0.066911 1.726559
v 0.07274 0.080251 1.721023
v 0.075587 0.065303 1.693401
v 0.075133 0.071054 1.707622
v 0.075966 0.05902 1.710979
v 0.076013 0.054118 1.69549
v 0.075661 0.051594 1.731068
v 0.076509 0.045175 1.713956
v 0.073026 0.05982 1.748318
v 0.066688 0.069207 1.764408
v 0.056809 0.078493 1.778307
v 0.043825 0.086865 1.789008
v 0.029607 0.093453 1.795736
v 0.014979 0.098423 1.798992
v -0 0.10225 1.799132
v 0.076089 0.033275 1.73466
v 0.076573 0.028985 1.716063
v 0.073871 0.039759 1.753579
v 0.067083 0.047187 1.77113
v 0.056629 0.05435 1.785703
v 0.043056 0.060672 1.796638
v 0.028009 0.066081 1.803301
v 0.013219 0.070732 1.806399
v -0 0.073567 1.806639
v 0.074845 0.012537 1.737253
v 0.075404 0.00979 1.718295
v 0.073069 0.017032 1.757262
v 0.066275 0.023148 1.775426
v 0.070553 -0.008505 1.73849
v 0.070905 -0.011245 1.718085
v 0.067857 -0.006524 1.757927
v 0.062649 -0.001066 1.774937
v 0.05669 -0.017261 1.771334
v 0.059617 -0.022917 1.758287
v 0.055494 0.028419 1.79053
v 0.051292 0.001236 1.789181
v 0.040567 0.033074 1.8009
v 0.024105 0.037845 1.807
v 0.009647 0.039391 1.810004
v -0 0.038768 1.810689
v 0.042524 -0.021161 1.780724
v 0.027647 0.005214 1.801522
v -0 0.007873 1.806073
v 0.024659 -0.022855 1.787548
v -0 -0.021549 1.791688
v 0.042674 -0.033955 1.762896
v 0.061204 -0.02764 1.739883
v 0.061351 -0.028769 1.718819
v 0.024359 -0.040158 1.766849
v -0 -0.0432 1.768218
v 0.044589 -0.04113 1.741789
v 0.045244 -0.043334 1.719787
v 0.024409 -0.049864 1.742962
v 0.02503 -0.053164 1.720382
v -0 -0.053788 1.743276
v -0 -0.058053 1.719527
v 0.07627 0.041671 1.696827
v 0.069584 0.051477 1.633184
v 0.073845 0.048435 1.664947
v 0.072299 0.050244 1.649408
v 0.072299 0.050244 1.649408
v 0.071486 0.045972 1.654521
v 0.073691 0.046407 1.64668
v 0.073845 0.048435 1.664947
v 0.072695 0.045278 1.660785
v 0.074409 0.047286 1.640384
v 0.069584 0.051477 1.633184
v 0.092654 0.021084 1.685705
v 0.087823 0.021634 1.682695
v 0.0867 0.029693 1.687259
v 0.092503 0.018844 1.672847
v 0.08845 0.024466 1.670101
v 0.085926 0.028743 1.679876
v 0.088658 0.024099 1.657993
v 0.087032 0.027427 1.659245
v 0.08671 0.031444 1.64604
v 0.08483 0.03278 1.649714
v 0.068052 0.043944 1.652679
v 0.080946 0.040578 1.639637
v 0.079305 0.040304 1.646083
v 0.067946 0.042583 1.658877
v 0.0772 0.034679 1.653251
v 0.073512 0.038119 1.651704
v 0.073023 0.036799 1.65781
v 0.07934 0.030172 1.660483
v 0.076604 0.037837 1.667538
v 0.080926 0.030076 1.668185
v 0.076406 0.033387 1.665159
v 0.080578 0.031249 1.673904
v 0.080002 0.036753 1.679096
v 0.083899 0.033864 1.684408
v 0.080631 0.03789 1.687657
v 0.084409 0.03044 1.692982
v 0.076408 0.042669 1.683532
v 0.07627 0.041671 1.696827
v 0.076408 0.042669 1.683532
v 0.091516 0.019953 1.689926
v 0.092836 0.013729 1.674939
v 0.090716 0.020063 1.657348
v 0.088124 0.029497 1.641745
v 0.080776 0.040278 1.633736
v 0.074864 0.046748 1.63508
v 0.079105 0.02746 1.64103
v 0.074696 0.038259 1.632682
v 0.082353 0.018392 1.655893
v 0.084958 0.013177 1.673501
v 0.085302 0.017691 1.688606
v 0.079276 0.028945 1.691822
v 0.076781 0.027426 1.697849
v 0.076081 0.038216 1.686831
v 0.076408 0.042669 1.683532
v 0.076081 0.038216 1.686831
v 0.075784 0.029938 1.689654
v 0.075784 0.029938 1.689654
v 0.07009 -0.011214 1.696305
v 0.075972 0.010347 1.694573
v 0.06007 -0.029114 1.697349
v 0.044651 -0.043813 1.69805
v 0.0245 -0.054149 1.698263
v -0 -0.059281 1.697955
v 0.076924 0.020064 1.685324
v 0.057142 -0.029749 1.676293
v 0.066737 -0.012063 1.675729
v 0.076413 0.014822 1.673871
v 0.073191 0.01838 1.655977
v 0.074128 0.004973 1.674552
v 0.076413 0.014822 1.673871
v 0.076924 0.020064 1.685324
v 0.069866 0.008176 1.654958
v 0.073191 0.01838 1.655977
v 0.069072 0.0314 1.639594
v 0.06836 0.041195 1.633005
v 0.066916 0.046191 1.633209
v 0.066916 0.046191 1.633209
v 0.066353 0.045852 1.619505
v 0.043079 -0.043535 1.676609
v 0.022993 -0.053672 1.677005
v -0 -0.05848 1.677883
v 0.062666 -0.009706 1.656487
v 0.053586 -0.027675 1.656443
v 0.039813 -0.040812 1.65685
v 0.021098 -0.050089 1.657039
v -0 -0.054231 1.657241
v 0.067008 0.018537 1.635219
v 0.069072 0.0314 1.639594
v 0.06836 0.041195 1.633005
v 0.067015 0.031251 1.625836
v 0.067015 0.031251 1.625836
v 0.06836 0.041195 1.633005
v 0.059883 -0.004343 1.636378
v 0.050402 -0.023458 1.637834
v 0.036496 -0.035552 1.637787
v 0.018792 -0.044043 1.637971
v -0 -0.047938 1.639277
v 0.012978 0.129305 1.556792
v 0.024925 0.120107 1.560967
v 0.033233 0.108921 1.566961
v 0.024114 0.108547 1.559877
v 0.039174 0.094888 1.572521
v 0.047961 0.08154 1.57971
v 0.054835 0.069997 1.586799
v 0.059452 0.05931 1.594517
v 0.063094 0.049862 1.604273
v 0.064005 0.028595 1.610186
v 0.064005 0.028595 1.610186
v 0.059053 0.001199 1.614919
v 0.047975 -0.021205 1.618398
v 0.034274 -0.0342 1.618283
v 0.017065 -0.041509 1.618268
v -0 -0.0439 1.618029
v 0.013262 0.111228 1.554242
v 0.014598 0.096074 1.554322
v 0.054043 0.054338 1.585346
v 0.049953 0.065725 1.579954
v 0.059878 0.042787 1.590731
v 0.063139 0.02517 1.595744
v 0.058827 -0.001848 1.599774
v 0.063139 0.02517 1.595744
v 0.047882 -0.026433 1.600775
v 0.034557 -0.036193 1.60056
v 0.01687 -0.042284 1.600997
v -0 -0.044771 1.600577
v 0.054043 0.054338 1.585346
v 0.059878 0.042787 1.590731
v 0.058533 0.039138 1.56912
v 0.051212 0.048306 1.566358
v 0.063139 0.02517 1.595744
v 0.062562 0.021456 1.574834
v 0.060302 -0.004927 1.584249
v 0.058827 -0.001848 1.599774
v 0.065436 -0.006871 1.568415
v 0.062377 0.016722 1.551266
v 0.047882 -0.026433 1.600775
v 0.05192 -0.031376 1.585278
v 0.083923 -0.012819 1.544415
v 0.084548 0.020645 1.527089
v 0.057089 -0.034844 1.569651
v 0.034557 -0.036193 1.60056
v 0.037329 -0.040492 1.58097
v 0.01687 -0.042284 1.600997
v 0.018845 -0.047077 1.579796
v -0 -0.044771 1.600577
v -0 -0.049438 1.580116
v 0.079011 -0.042238 1.540965
v 0.042783 -0.047028 1.563975
v 0.057721 -0.056508 1.536397
v 0.023066 -0.053145 1.562724
v 0.02961 -0.064642 1.532559
v -0 -0.056794 1.563968
v -0 -0.070965 1.53236
v 0.029133 0.087801 1.563841
v 0.013183 0.076847 1.555065
v -0 0.079231 1.55414
v 0.013183 0.076847 1.555065
v 0.040635 0.075811 1.57428
v 0.043517 0.058109 1.567086
v 0.034066 0.065301 1.56611
v 0.024473 0.068664 1.56022
v -0 0.068829 1.511796
v 0.035651 0.077038 1.489456
v 0.015017 0.076045 1.493191
v 0.014986 0.070017 1.50128
v 0.039148 0.104172 1.455486
v 0 0.101742 1.445906
v -0 0.077057 1.481925
v 0.05621 0.033073 1.543911
v 0.049536 0.042631 1.54144
v 0.0735 0.077519 1.488347
v 0.087193 0.043447 1.498589
v 0 0.123166 1.414364
v 0.00833 0.14938 1.611707
v 0.015322 0.146167 1.610229
v 0.024281 0.133795 1.604472
v 0.024774 0.135255 1.605018
v 0.024192 0.137236 1.606467
v 0.022712 0.135466 1.603201
v 0.019555 0.138753 1.601539
v 0.015596 0.141153 1.599382
v 0.00989 0.143224 1.596729
v 0.020441 0.141652 1.607851
v 0.021598 0.134467 1.60563
v 0.023263 0.133464 1.605206
v 0.023545 0.133465 1.604858
v 0.02184 0.135402 1.60452
v 0.008902 0.144512 1.60154
v 0.007403 0.144041 1.605511
v 0.007996 0.147024 1.607858
v 0.007205 0.144363 1.605151
v 0.014501 0.143903 1.607725
v 0.013689 0.141116 1.605792
v 0.019473 0.13947 1.606541
v 0.018543 0.136976 1.605516
v 0.023948 0.134688 1.605254
v 0.023302 0.133615 1.605198
v 0.02317 0.135372 1.605705
v 0.022383 0.134115 1.605365
v 0.018998 0.138083 1.604082
v 0.018319 0.136845 1.605671
v 0.014725 0.1412 1.603153
v 0.013598 0.140618 1.606183
v 0.040635 0.075811 1.57428
v 0.049953 0.065725 1.579954
v -0 0.068822 1.493946
v -0 0.076048 1.48727
v -0.079305 0.040304 1.646083
v 0.046908 0.133336 1.676687
v -0.076604 0.037837 1.667538
v -0.067946 0.042583 1.658877
v -0.080578 0.031249 1.673904
v -0.080002 0.036753 1.679096
v -0.073023 0.036799 1.65781
v -0.076406 0.033387 1.665159
v -0.080926 0.030076 1.668185
v -0.083899 0.033864 1.684408
v -0.076408 0.042669 1.683532
v -0.07627 0.041671 1.696827
v -0.077201 0.034679 1.653251
v -0.073512 0.038119 1.651704
v -0.07934 0.030172 1.660483
v 0.04402 0.131865 1.680391
v 0.045493 0.130036 1.681331
v 0.044716 0.131014 1.680886
vt 0.600332 0.51655
vt 0.597636 0.50862896
vt 0.594232 0.512174
vt 0.595823 0.51520896
vt 0.607378 0.512401
vt 0.606047 0.511739
vt 0.606511 0.511028
vt 0.612709 0.514633
vt 0.587939 0.51169896
vt 0.58937 0.518561
vt 0.595719 0.505984
vt 0.604879 0.500637
vt 0.613671 0.506253
vt 0.613461 0.49522197
vt 0.624717 0.503168
vt 0.627187 0.493527
vt 0.639947 0.503556
vt 0.644096 0.49503
vt 0.641096 0.51807296
vt 0.630456 0.51783097
vt 0.634759 0.529817
vt 0.644846 0.53051
vt 0.621179 0.516765
vt 0.622715 0.527825
vt 0.612674 0.52307
vt 0.601088 0.52154696
vt 0.596277 0.52625
vt 0.604187 0.53481
vt 0.60843 0.52893996
vt 0.598624 0.523956
vt 0.61804 0.541115
vt 0.620318 0.534527
vt 0.633514 0.537345
vt 0.63227 0.544757
vt 0.645605 0.54560304
vt 0.645225 0.53805697
vt 0.626968 0.487544
vt 0.644755 0.48798198
vt 0.643134 0.483101
vt 0.626503 0.482127
vt 0.609856 0.485794
vt 0.611839 0.490335
vt 0.599214 0.49274802
vt 0.601672 0.496005
vt 0.591219 0.498892
vt 0.593907 0.502653
vt 0.582893 0.50927496
vt 0.580305 0.524177
vt 0.584258 0.52205396
vt 0.577254 0.50776
vt 0.582023 0.48682702
vt 0.573055 0.49112397
vt 0.591712 0.5392
vt 0.610094 0.55309
vt 0.629895 0.560687
vt 0.648273 0.563231
vt 0.640762 0.476789
vt 0.622908 0.475286
vt 0.604631 0.477791
vt 0.592219 0.48194498
vt 0.567073 0.470079
vt 0.554607 0.47758198
vt 0.555067 0.49843597
vt 0.530107 0.465755
vt 0.528397 0.48641503
vt 0.507403 0.46385503
vt 0.507138 0.48274702
vt 0.559146 0.51922
vt 0.526763 0.49993598
vt 0.542935 0.505055
vt 0.506869 0.49734002
vt 0.543422 0.515936
vt 0.525427 0.51133597
vt 0.506682 0.509342
vt 0.524949 0.52370596
vt 0.537744 0.527284
vt 0.506545 0.52307296
vt 0.574769 0.548446
vt 0.602301 0.566538
vt 0.571693 0.570908
vt 0.59922 0.586662
vt 0.552884 0.54227
vt 0.539596 0.543352
vt 0.524541 0.541031
vt 0.506519 0.53826904
vt 0.628003 0.578399
vt 0.65072 0.5815
vt 0.669678 0.578489
vt 0.662994 0.560228
vt 0.63667 0.460427
vt 0.616332 0.457933
vt 0.596728 0.45828003
vt 0.581107 0.463897
vt 0.533044 0.44670898
vt 0.566485 0.44213498
vt 0.507567 0.441701
vt 0.591775 0.43964398
vt 0.625824 0.600012
vt 0.654898 0.605526
vt 0.678558 0.60155296
vt 0.614669 0.43919998
vt 0.638555 0.44313902
vt 0.554204 0.564421
vt 0.539535 0.56201196
vt 0.523491 0.559819
vt 0.506572 0.559881
vt 0.571485 0.588309
vt 0.593856 0.604706
vt 0.55351 0.58174896
vt 0.537595 0.57883596
vt 0.522535 0.577686
vt 0.506604 0.577312
vt 0.619673 0.62981904
vt 0.659657 0.63552403
vt 0.570214 0.602334
vt 0.586617 0.622738
vt 0.551335 0.597334
vt 0.535226 0.59367704
vt 0.521159 0.591858
vt 0.506595 0.590253
vt 0.603786 0.65281
vt 0.56663 0.61223996
vt 0.579568 0.620494
vt 0.548864 0.607477
vt 0.532259 0.60703397
vt 0.519858 0.606466
vt 0.506522 0.607332
vt 0.586286 0.643631
vt 0.593974 0.665787
vt 0.579107 0.633143
vt 0.564151 0.624914
vt 0.547099 0.620643
vt 0.529329 0.61933804
vt 0.518237 0.618522
vt 0.506444 0.61822104
vt 0.559245 0.639241
vt 0.570443 0.64768803
vt 0.544244 0.633116
vt 0.527899 0.62921
vt 0.517134 0.627791
vt 0.506369 0.628042
vt 0.539531 0.639233
vt 0.55381 0.646284
vt 0.526759 0.636541
vt 0.516953 0.636866
vt 0.506281 0.638814
vt 0.506217 0.6467
vt 0.517098 0.644519
vt 0.547817 0.651459
vt 0.54257 0.655951
vt 0.544083 0.659374
vt 0.552144 0.66001296
vt 0.538539 0.64402497
vt 0.528291 0.643111
vt 0.506167 0.656425
vt 0.518034 0.655703
vt 0.53003 0.65267503
vt 0.538431 0.65203
vt 0.539117 0.662253
vt 0.532031 0.659442
vt 0.525454 0.66876
vt 0.506152 0.669382
vt 0.573717 0.659618
vt 0.558949 0.655793
vt 0.544083 0.659374
vt 0.539117 0.662253
vt 0.549358 0.666915
vt 0.552144 0.66001296
vt 0.549358 0.666915
vt 0.576153 0.675977
vt 0.553188 0.680814
vt 0.529336 0.68265903
vt 0.506165 0.68198097
vt 0.577399 0.697209
vt 0.599444 0.694907
vt 0.555997 0.69785
vt 0.531522 0.697683
vt 0.506154 0.698797
vt 0.619559 0.686532
vt 0.640286 0.675298
vt 0.531589 0.71122
vt 0.555119 0.711812
vt 0.576306 0.71775
vt 0.50632 0.71111596
vt 0.671847 0.671283
vt 0.6891 0.630122
vt 0.614702 0.41530597
vt 0.642321 0.419227
vt 0.588674 0.41439998
vt 0.562784 0.414325
vt 0.535215 0.415268
vt 0.507619 0.41606897
vt 0.615586 0.38856697
vt 0.646241 0.39387602
vt 0.587934 0.385172
vt 0.561073 0.38433403
vt 0.534285 0.384041
vt 0.507625 0.38575602
vt 0.702901 0.663293
vt 0.680641 0.515133
vt 0.682196 0.510974
vt 0.66899 0.513007
vt 0.66852 0.51407397
vt 0.685496 0.516696
vt 0.686594 0.51195204
vt 0.70061 0.51553404
vt 0.690993 0.512813
vt 0.690469 0.51814497
vt 0.703078 0.523988
vt 0.721976 0.516557
vt 0.722198 0.52893
vt 0.716708 0.5052
vt 0.695532 0.506141
vt 0.74665 0.534303
vt 0.746003 0.51648104
vt 0.737936 0.50065804
vt 0.772019 0.51663697
vt 0.775133 0.541101
vt 0.761748 0.492827
vt 0.840706 0.55691004
vt 0.832291 0.59574497
vt 0.864885 0.60648704
vt 0.873879 0.562051
vt 0.802225 0.517626
vt 0.789979 0.48663098
vt 0.804817 0.548868
vt 0.833982 0.516858
vt 0.597299 0.726974
vt 0.624056 0.719127
vt 0.649737 0.710919
vt 0.682151 0.707705
vt 0.649167 0.517884
vt 0.65611 0.529709
vt 0.657802 0.544348
vt 0.656956 0.537028
vt 0.71701 0.699553
vt 0.685528 0.54825497
vt 0.675368 0.554892
vt 0.686698 0.571423
vt 0.699883 0.561766
vt 0.662864 0.52758
vt 0.655457 0.517148
vt 0.665229 0.53387296
vt 0.667595 0.540165
vt 0.699237 0.592113
vt 0.716973 0.58101296
vt 0.715506 0.617697
vt 0.738413 0.601833
vt 0.736152 0.648214
vt 0.764133 0.62893
vt 0.756306 0.684203
vt 0.895595 0.613362
vt 0.904494 0.563309
vt 0.923951 0.614003
vt 0.932566 0.562268
vt 0.731736 0.727642
vt 0.773805 0.71171
vt 0.691865 0.73737204
vt 0.65433 0.741211
vt 0.601697 0.752389
vt 0.626429 0.74394
vt 0.667996 0.52520204
vt 0.661419 0.51605403
vt 0.675559 0.533641
vt 0.671777 0.529421
vt 0.68563 0.52540004
vt 0.680085 0.52324903
vt 0.788658 0.658893
vt 0.815344 0.687605
vt 0.666595 0.515014
vt 0.674657 0.520984
vt 0.698661 0.533115
vt 0.717209 0.540924
vt 0.739354 0.551405
vt 0.765604 0.565524
vt 0.798051 0.582868
vt 0.792662 0.743259
vt 0.84833 0.716498
vt 0.888065 0.75738
vt 0.895598 0.71814203
vt 0.849699 0.764815
vt 0.679656 0.530438
vt 0.692019 0.540942
vt 0.844969 0.648196
vt 0.878133 0.665384
vt 0.783311 0.607391
vt 0.753223 0.585424
vt 0.663897 0.515415
vt 0.671035 0.523263
vt 0.675287 0.52690804
vt 0.813352 0.629169
vt 0.709208 0.552554
vt 0.730012 0.566943
vt 0.909245 0.66783
vt 0.625471 0.762174
vt 0.600376 0.759894
vt 0.656798 0.767296
vt 0.697054 0.76547897
vt 0.742903 0.759335
vt 0.801032 0.778394
vt 0.749257 0.788537
vt 0.697756 0.792596
vt 0.652154 0.791399
vt 0.621298 0.779258
vt 0.59533 0.769354
vt 0.582166 0.780095
vt 0.605684 0.795538
vt 0.881969 0.785921
vt 0.852177 0.795704
vt 0.806 0.80946
vt 0.75048 0.818976
vt 0.691263 0.821775
vt 0.627683 0.819915
vt 0.576321 0.80431104
vt 0.583204 0.824495
vt 0.811328 0.840581
vt 0.749413 0.85220003
vt 0.688186 0.852027
vt 0.632641 0.848012
vt 0.586321 0.848899
vt 0.861175 0.82247996
vt 0.898751 0.798984
vt 0.919564 0.762195
vt 0.56344 0.786865
vt 0.539657 0.78972
vt 0.542663 0.80765903
vt 0.507428 0.80289197
vt 0.506738 0.787395
vt 0.545729 0.829044
vt 0.508637 0.829371
vt 0.542752 0.849449
vt 0.509536 0.849019
vt 0.8658 0.51749
vt 0.818013 0.482046
vt 0.619651 0.35059398
vt 0.653642 0.35923302
vt 0.588868 0.34684497
vt 0.560753 0.344033
vt 0.533751 0.34389597
vt 0.507793 0.346821
vt 0.56149 0.30488998
vt 0.534184 0.302886
vt 0.591117 0.30779302
vt 0.623572 0.308919
vt 0.592939 0.274822
vt 0.563804 0.26942402
vt 0.508384 0.301512
vt 0.534468 0.267653
vt 0.509667 0.23241597
vt 0.657375 0.48733503
vt 0.656302 0.491468
vt 0.64876 0.505393
vt 0.653569 0.497059
vt 0.657988 0.482812
vt 0.657426 0.46768498
vt 0.664155 0.450693
vt 0.670084 0.42835498
vt 0.677633 0.402344
vt 0.690942 0.373636
vt 0.664525 0.500306
vt 0.666758 0.49468303
vt 0.671207 0.50263596
vt 0.656891 0.50764203
vt 0.663117 0.50993896
vt 0.674243 0.498218
vt 0.668557 0.49131
vt 0.669714 0.487849
vt 0.677176 0.475343
vt 0.689027 0.462524
vt 0.699409 0.44238502
vt 0.712239 0.41827798
vt 0.727373 0.39297098
vt 0.903021 0.515787
vt 0.846858 0.476061
vt 0.748288 0.36782598
vt 0.706868 0.34099603
vt 0.665961 0.321563
vt 0.686538 0.27409
vt 0.62919 0.254739
vt 0.668225 0.51211
vt 0.68119 0.508101
vt 0.689102 0.505598
vt 0.685146 0.505659
vt 0.677303 0.49586397
vt 0.68006 0.494129
vt 0.691974 0.482234
vt 0.711629 0.475447
vt 0.728356 0.45932603
vt 0.743961 0.43863797
vt 0.763419 0.41979098
vt 0.786518 0.39989698
vt 0.679759 0.501575
vt 0.676265 0.504956
vt 0.666005 0.511145
vt 0.68316 0.500185
vt 0.687045 0.49881703
vt 0.703454 0.493037
vt 0.725396 0.48579502
vt 0.746465 0.472987
vt 0.770313 0.461375
vt 0.793894 0.44973803
vt 0.820084 0.437392
vt 0.93451 0.519812
vt 0.575819 0.23397899
vt 0.73395 0.303186
vt 0.774501 0.335698
vt 0.817266 0.377438
vt 0.851995 0.42282897
vt 0.881491 0.465836
vt 0.118829 0.45016998
vt 0.083474 0.408553
vt 0.065504 0.429133
vt 0.110522 0.49131298
vt 0.133462 0.42395002
vt 0.100735 0.387446
vt 0.146213 0.39423102
vt 0.120062 0.36484998
vt 0.844712 0.34083802
vt 0.85981 0.315987
vt 0.881192 0.332838
vt 0.863093 0.355816
vt 0.181006 0.346137
vt 0.167846 0.321208
vt 0.14132 0.34364098
vt 0.162588 0.369074
vt 0.205547 0.321804
vt 0.196917 0.299088
vt 0.903418 0.35053903
vt 0.903699 0.294712
vt 0.929395 0.311307
vt 0.254495 0.267695
vt 0.25824 0.28652602
vt 0.28505 0.276959
vt 0.914578 0.27522302
vt 0.9459 0.27675498
vt 0.225691 0.28124797
vt 0.232525 0.302388
vt 0.846494 0.28722298
vt 0.842274 0.30458403
vt 0.819298 0.29598802
vt 0.825769 0.27905297
vt 0.831864 0.36304998
vt 0.81564 0.35215598
vt 0.829238 0.32968903
vt 0.158277 0.28836298
vt 0.189126 0.271401
vt 0.128724 0.305929
vt 0.101136 0.32347602
vt 0.07737 0.339958
vt 0.055915 0.35566002
vt 0.033551 0.37102097
vt 0.21588 0.228244
vt 0.220237 0.25719702
vt 0.250883 0.24598902
vt 0.248209 0.22065699
vt 0.182936 0.23965597
vt 0.150079 0.25292498
vt 0.119141 0.265406
vt 0.090056 0.27703297
vt 0.063399 0.288395
vt 0.875847 0.28058398
vt 0.039233 0.299685
vt 0.410271 0.52878296
vt 0.420055 0.523987
vt 0.417754 0.521532
vt 0.406141 0.522833
vt 0.396011 0.527394
vt 0.398278 0.534142
vt 0.212306 0.196621
vt 0.178597 0.20443302
vt 0.145498 0.21411401
vt 0.209377 0.165461
vt 0.244698 0.19191498
vt 0.243854 0.16118598
vt 0.176656 0.17022401
vt 0.150131 0.15113503
vt 0.14702 0.17742401
vt 0.17304 0.14314401
vt 0.114479 0.22166699
vt 0.117445 0.17656499
vt 0.08441 0.22783297
vt 0.054715 0.23477602
vt 0.029714 0.23702699
vt 0.012981 0.23581702
vt 0.01703 0.308205
vt 0.124164 0.13608998
vt 0.071983 0.17464203
vt 0.023187 0.169765
vt 0.096174 0.12080598
vt 0.05756 0.100676
vt 0.154568 0.11303997
vt 0.203519 0.13353199
vt 0.239355 0.12992603
vt 0.134239 0.08666903
vt 0.108801 0.05205798
vt 0.1926 0.099632025
vt 0.231832 0.09367198
vt 0.223243 0.05541098
vt 0.179348 0.064719975
vt 0.21619 0.010338008
vt 0.162696 0.024101019
vt 0.283176 0.259322
vt 0.281608 0.23977298
vt 0.929877 0.723263
vt 0.938809 0.66637003
vt 0.947865 0.611894
vt 0.714436 0.229402
vt 0.722142 0.20831198
vt 0.688893 0.222714
vt 0.658883 0.223028
vt 0.640065 0.233262
vt 0.78558 0.206429
vt 0.749906 0.19822901
vt 0.562825 0.09983802
vt 0.553751 0.136944
vt 0.574187 0.11197603
vt 0.608833 0.09326798
vt 0.581217 0.13822299
vt 0.617771 0.118321
vt 0.658782 0.126387
vt 0.661554 0.11314398
vt 0.697344 0.14273697
vt 0.706811 0.13470602
vt 0.691012 0.21231401
vt 0.38393 0.529155
vt 0.385031 0.536706
vt 0.373308 0.537193
vt 0.373832 0.529656
vt 0.392436 0.493249
vt 0.393731 0.48404998
vt 0.376266 0.484779
vt 0.375477 0.494574
vt 0.408792 0.48780298
vt 0.406101 0.49508798
vt 0.417769 0.49423802
vt 0.414491 0.500592
vt 0.42535 0.50098896
vt 0.422829 0.506366
vt 0.43618 0.509611
vt 0.438278 0.507667
vt 0.427616 0.498461
vt 0.431979 0.511991
vt 0.430417 0.518824
vt 0.434571 0.52236104
vt 0.333338 0.515065
vt 0.332447 0.510301
vt 0.326409 0.511719
vt 0.327965 0.51660097
vt 0.3616 0.535941
vt 0.362585 0.52863896
vt 0.353388 0.532627
vt 0.350902 0.53887296
vt 0.360614 0.543243
vt 0.346926 0.528051
vt 0.355874 0.526381
vt 0.350788 0.52390504
vt 0.338338 0.513596
vt 0.338739 0.521721
vt 0.344209 0.51956
vt 0.34335 0.52547
vt 0.347787 0.521909
vt 0.364625 0.487396
vt 0.365935 0.496504
vt 0.351826 0.49237102
vt 0.363962 0.48343498
vt 0.351021 0.488644
vt 0.344618 0.49557
vt 0.342435 0.492935
vt 0.333838 0.505207
vt 0.337933 0.510924
vt 0.339164 0.508538
vt 0.337891 0.501142
vt 0.334908 0.49881798
vt 0.328633 0.50506604
vt 0.343948 0.504785
vt 0.35087 0.502251
vt 0.600858 0.078235984
vt 0.552069 0.099271
vt 0.660307 0.09666401
vt 0.463367 0.665047
vt 0.460628 0.65799797
vt 0.454046 0.65377104
vt 0.439782 0.65783596
vt 0.740058 0.16589099
vt 0.756164 0.156802
vt 0.716028 0.12539399
vt 0.766933 0.18513298
vt 0.774082 0.151667
vt 0.735841 0.104910016
vt 0.67445 0.07065803
vt 0.601099 0.05706197
vt 0.545805 0.086264014
vt 0.518119 0.13093
vt 0.533472 0.13636398
vt 0.280047 0.21721703
vt 0.299425 0.23396999
vt 0.306023 0.24013299
vt 0.557083 0.19880903
vt 0.544047 0.169685
vt 0.529361 0.17733198
vt 0.507971 0.131863
vt 0.294285 0.221506
vt 0.28174 0.159482
vt 0.286292 0.19125497
vt 0.276978 0.128281
vt 0.27148 0.09219998
vt 0.266662 0.052296996
vt 0.264977 0.0072810054
vt 0.529062 0.07030398
vt 0.318582 0.15762699
vt 0.315029 0.12792498
vt 0.595729 0.031877995
vt 0.688999 0.042295992
vt 0.321895 0.18367797
vt 0.302238 0.20639402
vt 0.323227 0.199319
vt 0.357197 0.205396
vt 0.358784 0.18815798
vt 0.772366 0.096976995
vt 0.795438 0.15644097
vt 0.797974 0.18151802
vt 0.93763 0.77209
vt 0.94715 0.73026
vt 0.311436 0.094383
vt 0.30873 0.05375898
vt 0.309214 0.011160016
vt 0.354651 0.16080898
vt 0.352028 0.130552
vt 0.349288 0.096901
vt 0.348627 0.05843401
vt 0.352496 0.019430995
vt 0.387179 0.220554
vt 0.398113 0.20299298
vt 0.980983 0.761032
vt 0.961225 0.735603
vt 0.402754 0.23494202
vt 0.419357 0.22663403
vt 0.392351 0.16697103
vt 0.386802 0.13306499
vt 0.386093 0.09939599
vt 0.386499 0.062873006
vt 0.388252 0.027531981
vt 0.510581 0.873508
vt 0.543205 0.870417
vt 0.582637 0.873549
vt 0.625652 0.876032
vt 0.593714 0.895091
vt 0.675481 0.887244
vt 0.744593 0.888486
vt 0.813789 0.874262
vt 0.870829 0.851003
vt 0.915528 0.819519
vt 0.985443 0.803124
vt 0.449545 0.22098202
vt 0.430595 0.16956198
vt 0.424434 0.13385099
vt 0.423417 0.102093995
vt 0.425025 0.06732601
vt 0.42911 0.03581202
vt 0.554383 0.903172
vt 0.511802 0.907162
vt 0.512638 0.936065
vt 0.570723 0.934266
vt 0.879442 0.89398503
vt 0.814647 0.914237
vt 0.935145 0.86751
vt 0.997358 0.846947
vt 0.474152 0.21322
vt 0.458323 0.16826898
vt 0.456568 0.134512
vt 0.457631 0.10337901
vt 0.459734 0.069836974
vt 0.463602 0.03921503
vt 0.813765 0.22356498
vt 0.843399 0.23650098
vt 0.85062 0.214544
vt 0.821079 0.20092797
vt 0.862811 0.18220502
vt 0.832333 0.17156702
vt 0.876316 0.14433402
vt 0.845931 0.13590902
vt 0.904168 0.199651
vt 0.90942 0.15437597
vt 0.886256 0.11397898
vt 0.853433 0.10975802
vt 0.995322 0.15684402
vt 0.995322 0.22007602
vt 0.920861 0.11963099
vt 0.888132 0.08021599
vt 0.853527 0.08225101
vt 0.884381 0.048789978
vt 0.849213 0.052632987
vt 0.875566 0.019971013
vt 0.84293 0.022041023
vt 0.995322 0.12098801
vt 0.926957 0.07953799
vt 0.995322 0.083683014
vt 0.925081 0.045850992
vt 0.995322 0.039368987
vt 0.913546 0.017185986
vt 0.995322 0.009370029
vt 0.644442 0.928479
vt 0.51408 0.998415
vt 0.58843 0.992351
vt 0.806731 0.32083797
vt 0.797635 0.34083802
vt 0.81564 0.35215598
vt 0.829238 0.32968903
vt 0.727898 0.93243
vt 0.846494 0.28722298
vt 0.875847 0.28058398
vt 0.833458 0.258287
vt 0.825769 0.27905297
vt 0.654428 0.989263
vt 0.699704 0.979268
vt 0.819298 0.29598802
vt 0.842274 0.30458403
vt 0.863093 0.355816
vt 0.844712 0.34083802
vt 0.831864 0.36304998
vt 0.848932 0.37845302
vt 0.903418 0.35053903
vt 0.880911 0.37215602
vt 0.892071 0.385517
vt 0.932677 0.37632602
vt 0.881192 0.332838
vt 0.903699 0.294712
vt 0.85981 0.315987
vt 0.882036 0.41802597
vt 0.92283 0.482024
vt 0.995322 0.43904698
vt 0.89554 0.237607
vt 0.88635 0.260755
vt 0.9459 0.27675498
vt 0.995322 0.34909302
vt 0.929395 0.311307
vt 0.914578 0.27522302
vt 0.995322 0.27683997
vt 0.995322 0.53861797
vt 0.50638 0.726773
vt 0.531185 0.721117
vt 0.553214 0.726611
vt 0.589829 0.75314903
vt 0.587013 0.757745
vt 0.587641 0.74495196
vt 0.581333 0.764448
vt 0.567356 0.76932
vt 0.552879 0.77263796
vt 0.533999 0.775771
vt 0.5061 0.77326703
vt 0.571761 0.735263
vt 0.584095 0.757159
vt 0.582995 0.75633097
vt 0.578623 0.755758
vt 0.578145 0.760594
vt 0.531697 0.762138
vt 0.505603 0.761245
vt 0.529151 0.750492
vt 0.504891 0.750039
vt 0.506334 0.737387
vt 0.530817 0.734233
vt 0.506171 0.747334
vt 0.529657 0.74593604
vt 0.55232 0.736867
vt 0.553039 0.747401
vt 0.570918 0.74296
vt 0.571142 0.751282
vt 0.586695 0.753873
vt 0.583116 0.75586903
vt 0.58505 0.750615
vt 0.581765 0.753691
vt 0.567299 0.76186097
vt 0.569031 0.755699
vt 0.551919 0.762139
vt 0.551518 0.752982
vt 0.804012 0.244245
vt 0.795665 0.269266
vt 0.863843 0.39513397
vt 0.87369 0.406452
vt 0.424778 0.512594
vt 0.421221 0.510252
vt 0.418606 0.51655
vt 0.42313 0.515597
vt 0.413055 0.51164997
vt 0.411701 0.512298
vt 0.411211 0.50963604
vt 0.406291 0.514476
vt 0.404224 0.50479
vt 0.394698 0.502891
vt 0.379457 0.503124
vt 0.377785 0.517627
vt 0.388431 0.517493
vt 0.397745 0.516521
vt 0.422473 0.526327
vt 0.414401 0.534733
vt 0.40043 0.54077196
vt 0.386133 0.54414
vt 0.372785 0.544731
vt 0.394591 0.48044902
vt 0.376184 0.481241
vt 0.410529 0.48487097
vt 0.420094 0.49151897
vt 0.437641 0.52409804
vt 0.444038 0.497437
vt 0.436301 0.49032903
vt 0.425839 0.538846
vt 0.407481 0.552512
vt 0.38783 0.559891
vt 0.3696 0.562195
vt 0.378042 0.474585
vt 0.398486 0.47321498
vt 0.414072 0.476956
vt 0.425655 0.482831
vt 0.461539 0.47656602
vt 0.449892 0.469077
vt 0.460701 0.49736702
vt 0.486111 0.48557597
vt 0.485018 0.465021
vt 0.456518 0.518311
vt 0.471693 0.503878
vt 0.487225 0.499044
vt 0.470955 0.51475596
vt 0.488159 0.510463
vt 0.476009 0.52616704
vt 0.488392 0.52289104
vt 0.441082 0.54758596
vt 0.414353 0.5657
vt 0.416625 0.58555996
vt 0.443324 0.569807
vt 0.461583 0.54117703
vt 0.474142 0.54231703
vt 0.488708 0.540342
vt 0.389058 0.57742
vt 0.36667 0.580324
vt 0.355044 0.558976
vt 0.347964 0.577074
vt 0.378564 0.45921302
vt 0.403027 0.457227
vt 0.420763 0.457219
vt 0.436734 0.463019
vt 0.482449 0.445997
vt 0.450533 0.44111598
vt 0.426519 0.43866098
vt 0.390537 0.59885
vt 0.361933 0.60418403
vt 0.338612 0.599935
vt 0.404567 0.43828
vt 0.381285 0.442145
vt 0.460069 0.563334
vt 0.47418 0.561085
vt 0.489805 0.559263
vt 0.421291 0.603388
vt 0.443158 0.58706
vt 0.460585 0.580652
vt 0.476039 0.577994
vt 0.490793 0.577211
vt 0.395798 0.628469
vt 0.356571 0.634043
vt 0.427834 0.62118804
vt 0.444106 0.60093904
vt 0.462503 0.59616303
vt 0.478267 0.59285796
vt 0.492114 0.591418
vt 0.410815 0.65134203
vt 0.434684 0.6189
vt 0.447384 0.61073697
vt 0.464766 0.606241
vt 0.481041 0.6062
vt 0.493272 0.60601497
vt 0.420198 0.664303
vt 0.427803 0.641956
vt 0.434897 0.63144004
vt 0.449538 0.623243
vt 0.466266 0.61923397
vt 0.483752 0.61844003
vt 0.494714 0.618044
vt 0.443031 0.645797
vt 0.454006 0.637331
vt 0.468821 0.631492
vt 0.485005 0.628201
vt 0.495664 0.627278
vt 0.459159 0.644266
vt 0.473342 0.63759804
vt 0.486001 0.635468
vt 0.495696 0.636284
vt 0.49542 0.643891
vt 0.46846 0.657309
vt 0.46999 0.653893
vt 0.464924 0.649409
vt 0.474211 0.64230597
vt 0.484354 0.64187
vt 0.494343 0.65499604
vt 0.482453 0.65122604
vt 0.473348 0.660409
vt 0.474149 0.650162
vt 0.48038 0.657883
vt 0.486914 0.667718
vt 0.46846 0.657309
vt 0.460628 0.65799797
vt 0.463367 0.665047
vt 0.473348 0.660409
vt 0.437429 0.674433
vt 0.459727 0.679247
vt 0.48313 0.681646
vt 0.414764 0.693745
vt 0.43626 0.695962
vt 0.457023 0.69642496
vt 0.480958 0.696628
vt 0.374934 0.673951
vt 0.395138 0.685301
vt 0.458056 0.710678
vt 0.4812 0.71035504
vt 0.437386 0.716879
vt 0.343858 0.669664
vt 0.327527 0.628294
vt 0.404496 0.414168
vt 0.377693 0.41802
vt 0.42938 0.413239
vt 0.453998 0.41324103
vt 0.480464 0.414571
vt 0.403529 0.387155
vt 0.373853 0.39240098
vt 0.429958 0.383789
vt 0.481359 0.383332
vt 0.31315 0.661232
vt 0.35051 0.51335
vt 0.350078 0.51227796
vt 0.319618 0.51310396
vt 0.315734 0.52202404
vt 0.296982 0.514166
vt 0.296524 0.526592
vt 0.302468 0.502969
vt 0.322895 0.505393
vt 0.271975 0.531499
vt 0.272963 0.513694
vt 0.281332 0.498029
vt 0.246948 0.51335
vt 0.243367 0.53775
vt 0.257673 0.48974103
vt 0.152379 0.601405
vt 0.185173 0.59128904
vt 0.177502 0.5523
vt 0.144237 0.556805
vt 0.229565 0.483006
vt 0.216728 0.51376104
vt 0.213539 0.544947
vt 0.184992 0.512385
vt 0.416857 0.72632396
vt 0.390462 0.718144
vt 0.365138 0.711115
vt 0.333023 0.705989
vt 0.369722 0.51735604
vt 0.298414 0.697258
vt 0.33117 0.56973696
vt 0.342824 0.553433
vt 0.332812 0.546614
vt 0.318202 0.559848
vt 0.363459 0.516556
vt 0.318227 0.59017396
vt 0.300743 0.578759
vt 0.301475 0.615445
vt 0.27891 0.599168
vt 0.280268 0.645574
vt 0.252679 0.625771
vt 0.121543 0.607691
vt 0.113604 0.557477
vt 0.085557 0.555898
vt 0.09318 0.60778797
vt 0.259445 0.681182
vt 0.241437 0.708359
vt 0.283193 0.725092
vt 0.322885 0.735525
vt 0.333153 0.52376604
vt 0.33903 0.528917
vt 0.319974 0.531233
vt 0.326464 0.539184
vt 0.171492 0.643488
vt 0.203468 0.62507
vt 0.138005 0.660038
vt 0.200359 0.683458
vt 0.227588 0.65526104
vt 0.219653 0.57907
vt 0.23392 0.603871
vt 0.309059 0.550466
vt 0.301282 0.538696
vt 0.287985 0.564448
vt 0.278942 0.548737
vt 0.264424 0.582483
vt 0.252427 0.56235003
vt 0.106852 0.661887
vt 0.119505 0.712449
vt 0.1668 0.711717
vt 0.412488 0.75197
vt 0.387934 0.743064
vt 0.388823 0.761331
vt 0.413705 0.75948
vt 0.360244 0.739941
vt 0.357696 0.766017
vt 0.317468 0.763592
vt 0.271592 0.756634
vt 0.221997 0.739571
vt 0.164537 0.760024
vt 0.213092 0.774618
vt 0.26504 0.785851
vt 0.3169 0.79082
vt 0.362665 0.790245
vt 0.393137 0.778444
vt 0.418626 0.768972
vt 0.40919 0.794851
vt 0.431752 0.779535
vt 0.126291 0.751833
vt 0.131862 0.780505
vt 0.161543 0.79091597
vt 0.207804 0.805749
vt 0.263957 0.816552
vt 0.324086 0.820356
vt 0.388351 0.819185
vt 0.433395 0.824051
vt 0.438844 0.803712
vt 0.20229 0.837098
vt 0.265543 0.850389
vt 0.328294 0.851098
vt 0.384871 0.847535
vt 0.43208 0.848678
vt 0.11484 0.793253
vt 0.152141 0.81761897
vt 0.094703 0.756041
vt 0.450429 0.785998
vt 0.472637 0.807215
vt 0.474114 0.788963
vt 0.471425 0.828795
vt 0.476224 0.849361
vt 0.153168 0.512407
vt 0.201624 0.477885
vt 0.399512 0.3488
vt 0.366563 0.357387
vt 0.42906 0.345169
vt 0.455559 0.38314998
vt 0.456037 0.34268397
vt 0.482187 0.34313703
vt 0.48274 0.30206198
vt 0.456007 0.30338
vt 0.427284 0.30586803
vt 0.395866 0.30686498
vt 0.45467 0.26781
vt 0.425998 0.272834
vt 0.483702 0.266819
vt 0.37058 0.504871
vt 0.362605 0.479177
vt 0.360084 0.465437
vt 0.355905 0.449408
vt 0.350273 0.42689502
vt 0.342973 0.400625
vt 0.329943 0.37158602
vt 0.356651 0.499367
vt 0.356061 0.50927
vt 0.362368 0.50703704
vt 0.349925 0.48483098
vt 0.343405 0.473588
vt 0.330932 0.46082503
vt 0.320897 0.440472
vt 0.308437 0.416085
vt 0.293673 0.390472
vt 0.115986 0.509991
vt 0.172899 0.471349
vt 0.314387 0.33874202
vt 0.273188 0.36500603
vt 0.354548 0.31952697
vt 0.390378 0.252904
vt 0.33437 0.272507
vt 0.350875 0.511389
vt 0.340003 0.49013102
vt 0.32949 0.48121202
vt 0.308111 0.473324
vt 0.291688 0.456882
vt 0.276458 0.43589097
vt 0.257339 0.41667402
vt 0.234619 0.396361
vt 0.35313 0.510447
vt 0.329633 0.498088
vt 0.314079 0.49098402
vt 0.294152 0.483409
vt 0.273331 0.47019798
vt 0.249706 0.458129
vt 0.226349 0.446043
vt 0.200401 0.43320101
vt 0.084426 0.513413
vt 0.443526 0.232131
vt 0.287989 0.301081
vt 0.247681 0.332653
vt 0.20437 0.37336397
vt 0.168786 0.41803002
vt 0.138469 0.46046197
vt 0.065504 0.429133
vt 0.083474 0.408553
vt 0.118829 0.45016998
vt 0.110522 0.49131298
vt 0.100735 0.387446
vt 0.133462 0.42395002
vt 0.120062 0.36484998
vt 0.146213 0.39423102
vt 0.14132 0.34364098
vt 0.162588 0.369074
vt 0.167846 0.321208
vt 0.181006 0.346137
vt 0.196917 0.299088
vt 0.205547 0.321804
vt 0.225691 0.28124797
vt 0.232525 0.302388
vt 0.28505 0.276959
vt 0.25824 0.28652602
vt 0.254495 0.267695
vt 0.283176 0.259322
vt 0.220237 0.25719702
vt 0.250883 0.24598902
vt 0.189126 0.271401
vt 0.158277 0.28836298
vt 0.128724 0.305929
vt 0.101136 0.32347602
vt 0.07737 0.339958
vt 0.055915 0.35566002
vt 0.033551 0.37102097
vt 0.21588 0.228244
vt 0.248209 0.22065699
vt 0.182936 0.23965597
vt 0.150079 0.25292498
vt 0.119141 0.265406
vt 0.090056 0.27703297
vt 0.063399 0.288395
vt 0.039233 0.299685
vt 0.01703 0.308205
vt 0.212306 0.196621
vt 0.244698 0.19191498
vt 0.178597 0.20443302
vt 0.145498 0.21411401
vt 0.209377 0.165461
vt 0.243854 0.16118598
vt 0.176656 0.17022401
vt 0.14702 0.17742401
vt 0.150131 0.15113503
vt 0.17304 0.14314401
vt 0.114479 0.22166699
vt 0.117445 0.17656499
vt 0.08441 0.22783297
vt 0.054715 0.23477602
vt 0.029714 0.23702699
vt 0.012981 0.23581702
vt 0.124164 0.13608998
vt 0.071983 0.17464203
vt 0.023187 0.169765
vt 0.096174 0.12080598
vt 0.05756 0.100676
vt 0.154568 0.11303997
vt 0.203519 0.13353199
vt 0.239355 0.12992603
vt 0.134239 0.08666903
vt 0.108801 0.05205798
vt 0.1926 0.099632025
vt 0.231832 0.09367198
vt 0.179348 0.064719975
vt 0.223243 0.05541098
vt 0.162696 0.024101019
vt 0.21619 0.010338008
vt 0.281608 0.23977298
vt 0.085134 0.716918
vt 0.06931 0.605222
vt 0.077321 0.65986204
vt 0.714436 0.229402
vt 0.688893 0.222714
vt 0.722142 0.20831198
vt 0.640065 0.233262
vt 0.658883 0.223028
vt 0.749906 0.19822901
vt 0.78558 0.206429
vt 0.562825 0.09983802
vt 0.574187 0.11197603
vt 0.553751 0.136944
vt 0.608833 0.09326798
vt 0.617771 0.118321
vt 0.581217 0.13822299
vt 0.661554 0.11314398
vt 0.658782 0.126387
vt 0.706811 0.13470602
vt 0.697344 0.14273697
vt 0.691012 0.21231401
vt 0.740058 0.16589099
vt 0.718962 0.17478502
vt 0.670951 0.21137702
vt 0.683551 0.170183
vt 0.691417 0.18628103
vt 0.668127 0.186369
vt 0.653966 0.155626
vt 0.627533 0.19010198
vt 0.625236 0.15392101
vt 0.638026 0.17346299
vt 0.604197 0.15901798
vt 0.580822 0.17664301
vt 0.561421 0.15626103
vt 0.544047 0.169685
vt 0.533472 0.13636398
vt 0.05655 0.546524
vt 0.054668 0.51333797
vt 0.557083 0.19880903
vt 0.552069 0.099271
vt 0.600858 0.078235984
vt 0.660307 0.09666401
vt 0.716028 0.12539399
vt 0.756164 0.156802
vt 0.766933 0.18513298
vt 0.735841 0.104910016
vt 0.774082 0.151667
vt 0.67445 0.07065803
vt 0.601099 0.05706197
vt 0.545805 0.086264014
vt 0.518119 0.13093
vt 0.280047 0.21721703
vt 0.299425 0.23396999
vt 0.306023 0.24013299
vt 0.529361 0.17733198
vt 0.507971 0.131863
vt 0.294285 0.221506
vt 0.28174 0.159482
vt 0.286292 0.19125497
vt 0.276978 0.128281
vt 0.27148 0.09219998
vt 0.266662 0.052296996
vt 0.264977 0.0072810054
vt 0.529062 0.07030398
vt 0.315029 0.12792498
vt 0.318582 0.15762699
vt 0.595729 0.031877995
vt 0.688999 0.042295992
vt 0.321895 0.18367797
vt 0.323227 0.199319
vt 0.302238 0.20639402
vt 0.358784 0.18815798
vt 0.357197 0.205396
vt 0.772366 0.096976995
vt 0.795438 0.15644097
vt 0.797974 0.18151802
vt 0.067731 0.72358096
vt 0.076453 0.765592
vt 0.311436 0.094383
vt 0.30873 0.05375898
vt 0.309214 0.011160016
vt 0.354651 0.16080898
vt 0.352028 0.130552
vt 0.349288 0.096901
vt 0.348627 0.05843401
vt 0.352496 0.019430995
vt 0.398113 0.20299298
vt 0.387179 0.220554
vt 0.053556 0.728653
vt 0.033314 0.7537
vt 0.419357 0.22663403
vt 0.402754 0.23494202
vt 0.392351 0.16697103
vt 0.386802 0.13306499
vt 0.386093 0.09939599
vt 0.386499 0.062873006
vt 0.388252 0.027531981
vt 0.477532 0.870447
vt 0.437717 0.873596
vt 0.393796 0.875998
vt 0.427915 0.895363
vt 0.342964 0.887266
vt 0.271214 0.887956
vt 0.199596 0.871419
vt 0.142005 0.846146
vt 0.097681 0.813497
vt 0.028051 0.795704
vt 0.449545 0.22098202
vt 0.430595 0.16956198
vt 0.424434 0.13385099
vt 0.423417 0.102093995
vt 0.425025 0.06732601
vt 0.42911 0.03581202
vt 0.468623 0.903395
vt 0.453828 0.93492997
vt 0.132286 0.889312
vt 0.197937 0.912582
vt 0.077052 0.861145
vt 0.015284 0.839289
vt 0.458323 0.16826898
vt 0.474152 0.21322
vt 0.456568 0.134512
vt 0.457631 0.10337901
vt 0.459734 0.069836974
vt 0.463602 0.03921503
vt 0.813765 0.22356498
vt 0.821079 0.20092797
vt 0.85062 0.214544
vt 0.843399 0.23650098
vt 0.832333 0.17156702
vt 0.862811 0.18220502
vt 0.876316 0.14433402
vt 0.845931 0.13590902
vt 0.90942 0.15437597
vt 0.904168 0.199651
vt 0.853433 0.10975802
vt 0.886256 0.11397898
vt 0.995322 0.15684402
vt 0.995322 0.22007602
vt 0.920861 0.11963099
vt 0.853527 0.08225101
vt 0.888132 0.08021599
vt 0.849213 0.052632987
vt 0.884381 0.048789978
vt 0.84293 0.022041023
vt 0.875566 0.019971013
vt 0.995322 0.12098801
vt 0.926957 0.07953799
vt 0.995322 0.083683014
vt 0.925081 0.045850992
vt 0.995322 0.039368987
vt 0.913546 0.017185986
vt 0.995322 0.009370029
vt 0.377425 0.929709
vt 0.438685 0.994357
vt 0.797635 0.34083802
vt 0.806731 0.32083797
vt 0.289383 0.934555
vt 0.833458 0.258287
vt 0.322737 0.98417
vt 0.370736 0.993194
vt 0.848932 0.37845302
vt 0.932677 0.37632602
vt 0.892071 0.385517
vt 0.880911 0.37215602
vt 0.995322 0.43904698
vt 0.92283 0.482024
vt 0.882036 0.41802597
vt 0.89554 0.237607
vt 0.88635 0.260755
vt 0.995322 0.34909302
vt 0.995322 0.27683997
vt 0.995322 0.53861797
vt 0.481737 0.72031
vt 0.460035 0.725564
vt 0.427123 0.757791
vt 0.424508 0.753129
vt 0.42661 0.74493897
vt 0.431959 0.765054
vt 0.445534 0.7681
vt 0.459758 0.771012
vt 0.478498 0.774628
vt 0.441909 0.734583
vt 0.434728 0.756446
vt 0.43132 0.756619
vt 0.430098 0.757323
vt 0.435172 0.761306
vt 0.479625 0.76029503
vt 0.480721 0.74791
vt 0.482101 0.733426
vt 0.48303 0.74513197
vt 0.460985 0.735813
vt 0.460375 0.746347
vt 0.442881 0.74233
vt 0.442988 0.750724
vt 0.427654 0.75398
vt 0.431207 0.756154
vt 0.429312 0.75076103
vt 0.432617 0.753913
vt 0.44476 0.760162
vt 0.441293 0.75378203
vt 0.459488 0.759582
vt 0.458099 0.749528
vt 0.795665 0.269266
vt 0.804012 0.244245
vt 0.863843 0.39513397
vt 0.87369 0.406452
vt 0.718962 0.17478502
vt 0.343065 0.532198
vt 0.627533 0.19010198
vt 0.670951 0.21137702
vt 0.604197 0.15901798
vt 0.580822 0.17664301
vt 0.668127 0.186369
vt 0.638026 0.17346299
vt 0.625236 0.15392101
vt 0.561421 0.15626103
vt 0.961747 0.553451
vt 0.964264 0.520307
vt 0.683551 0.170183
vt 0.691417 0.18628103
vt 0.653966 0.155626
vt 0.357538 0.51540196
vt 0.3524 0.51431
vt 0.355083 0.514737
f 3127/3127 3128/3128 3129/3129
f 3129/3129 3130/3130 3127/3127
f 3860/3860 3861/3861 3862/3862
f 3862/3862 3863/3863 3860/3860
f 3692/3692 3701/3701 3693/3693
f 3691/3691 3692/3692 3693/3693
f 3693/3693 3687/3687 3691/3691
f 3687/3687 3693/3693 3697/3697
f 3691/3691 3687/3687 3686/3686
f 3686/3686 3741/3741 3691/3691
f 3740/3740 3741/3741 3686/3686
f 3687/3687 3697/3697 3698/3698
f 3698/3698 3697/3697 3700/3700
f 3686/3686 3687/3687 3684/3684
f 3698/3698 3684/3684 3687/3687
f 3686/3686 3685/3685 3740/3740
f 3684/3684 3685/3685 3686/3686
f 3683/3683 3740/3740 3685/3685
f 3685/3685 3680/3680 3683/3683
f 3682/3682 3683/3683 3680/3680
f 3685/3685 3684/3684 3688/3688
f 3688/3688 3680/3680 3685/3685
f 3680/3680 3681/3681 3682/3682
f 3681/3681 3680/3680 3688/3688
f 3669/3669 3682/3682 3681/3681
f 3689/3689 3688/3688 3684/3684
f 3684/3684 3698/3698 3689/3689
f 3667/3667 3668/3668 3669/3669
f 3669/3669 3670/3670 3667/3667
f 3681/3681 3670/3670 3669/3669
f 3678/3678 3667/3667 3670/3670
f 3688/3688 3690/3690 3681/3681
f 3670/3670 3681/3681 3690/3690
f 3690/3690 3688/3688 3689/3689
f 3670/3670 3679/3679 3678/3678
f 3690/3690 3679/3679 3670/3670
f 3678/3678 3679/3679 3672/3672
f 3672/3672 3679/3679 3690/3690
f 3672/3672 3675/3675 3678/3678
f 3690/3690 3673/3673 3672/3672
f 3689/3689 3673/3673 3690/3690
f 3674/3674 3675/3675 3672/3672
f 3672/3672 3673/3673 3674/3674
f 3739/3739 3675/3675 3674/3674
f 3674/3674 3738/3738 3739/3739
f 3636/3636 3738/3738 3674/3674
f 3637/3637 3674/3674 3673/3673
f 3674/3674 3637/3637 3636/3636
f 3695/3695 3673/3673 3689/3689
f 3673/3673 3695/3695 3637/3637
f 3689/3689 3699/3699 3695/3695
f 3699/3699 3689/3689 3698/3698
f 3637/3637 3695/3695 3694/3694
f 3694/3694 3695/3695 3699/3699
f 3636/3636 3637/3637 3638/3638
f 3694/3694 3638/3638 3637/3637
f 3638/3638 3639/3639 3636/3636
f 3698/3698 3696/3696 3699/3699
f 3699/3699 3696/3696 3694/3694
f 3700/3700 3696/3696 3698/3698
f 3696/3696 3700/3700 3649/3649
f 3694/3694 3696/3696 3649/3649
f 3649/3649 3644/3644 3694/3694
f 3638/3638 3694/3694 3644/3644
f 3644/3644 3649/3649 3648/3648
f 3639/3639 3638/3638 3640/3640
f 3644/3644 3640/3640 3638/3638
f 3640/3640 3641/3641 3639/3639
f 3648/3648 3645/3645 3644/3644
f 3640/3640 3644/3644 3645/3645
f 3641/3641 3640/3640 3642/3642
f 3645/3645 3642/3642 3640/3640
f 3642/3642 3643/3643 3641/3641
f 3647/3647 3643/3643 3642/3642
f 3650/3650 3645/3645 3648/3648
f 3642/3642 3645/3645 3650/3650
f 3648/3648 3657/3657 3650/3650
f 3642/3642 3646/3646 3647/3647
f 3650/3650 3646/3646 3642/3642
f 3652/3652 3647/3647 3646/3646
f 3650/3650 3657/3657 3659/3659
f 3646/3646 3651/3651 3652/3652
f 3651/3651 3646/3646 3650/3650
f 3654/3654 3652/3652 3651/3651
f 3659/3659 3658/3658 3650/3650
f 3650/3650 3658/3658 3651/3651
f 3658/3658 3659/3659 3661/3661
f 3655/3655 3656/3656 3654/3654
f 3661/3661 3660/3660 3658/3658
f 3651/3651 3658/3658 3660/3660
f 3660/3660 3661/3661 3663/3663
f 3663/3663 3662/3662 3660/3660
f 3651/3651 3653/3653 3654/3654
f 3660/3660 3653/3653 3651/3651
f 3654/3654 3653/3653 3655/3655
f 3653/3653 3660/3660 3662/3662
f 3662/3662 3655/3655 3653/3653
f 4293/4293 4292/4292 4299/4299
f 4292/4292 4293/4293 4294/4294
f 4294/4294 4289/4289 4292/4292
f 4289/4289 4297/4297 4292/4292
f 4290/4290 4289/4289 4294/4294
f 4294/4294 4333/4333 4290/4290
f 4290/4290 4333/4333 4332/4332
f 3392/3392 4297/4297 4289/4289
f 4298/4298 4297/4297 3392/3392
f 3390/3390 4289/4289 4290/4290
f 4289/4289 3390/3390 3392/3392
f 4332/4332 4291/4291 4290/4290
f 4290/4290 4291/4291 3390/3390
f 4291/4291 4332/4332 4288/4288
f 4288/4288 3383/3383 4291/4291
f 3383/3383 4288/4288 3404/3404
f 3382/3382 3390/3390 4291/4291
f 4291/4291 3383/3383 3382/3382
f 3404/3404 3380/3380 3383/3383
f 3382/3382 3383/3383 3380/3380
f 3380/3380 3404/3404 3405/3405
f 3390/3390 3382/3382 3391/3391
f 3391/3391 3392/3392 3390/3390
f 3380/3380 3381/3381 3382/3382
f 3391/3391 3382/3382 3381/3381
f 3405/3405 3406/3406 3380/3380
f 3381/3381 3380/3380 3406/3406
f 3405/3405 4282/4282 4283/4283
f 4283/4283 3406/3406 3405/3405
f 3406/3406 4283/4283 3402/3402
f 3402/3402 3401/3401 3406/3406
f 3406/3406 3401/3401 3381/3381
f 3400/3400 3401/3401 3402/3402
f 3381/3381 3401/3401 3400/3400
f 3402/3402 3403/3403 3400/3400
f 3400/3400 3423/3423 3381/3381
f 3381/3381 3423/3423 3391/3391
f 3400/3400 3403/3403 4285/4285
f 4285/4285 3423/3423 3400/3400
f 4285/4285 3403/3403 4330/4330
f 4330/4330 4331/4331 4285/4285
f 4285/4285 4331/4331 4252/4252
f 3423/3423 4285/4285 4255/4255
f 4252/4252 4255/4255 4285/4285
f 3391/3391 3423/3423 4296/4296
f 4255/4255 4296/4296 3423/3423
f 4296/4296 3396/3396 3391/3391
f 3392/3392 3391/3391 3396/3396
f 4295/4295 4296/4296 4255/4255
f 3396/3396 4296/4296 4295/4295
f 4254/4254 4255/4255 4252/4252
f 4255/4255 4254/4254 4295/4295
f 4252/4252 4253/4253 4254/4254
f 3396/3396 3397/3397 3392/3392
f 4295/4295 3397/3397 3396/3396
f 3392/3392 3397/3397 4298/4298
f 3397/3397 4265/4265 4298/4298
f 4265/4265 3397/3397 4295/4295
f 4295/4295 4261/4261 4265/4265
f 4261/4261 4295/4295 4254/4254
f 4264/4264 4265/4265 4261/4261
f 4257/4257 4254/4254 4253/4253
f 4254/4254 4257/4257 4261/4261
f 4253/4253 4256/4256 4257/4257
f 4261/4261 4260/4260 4264/4264
f 4260/4260 4261/4261 4257/4257
f 4258/4258 4257/4257 4256/4256
f 4257/4257 4258/4258 4260/4260
f 4256/4256 4259/4259 4258/4258
f 4258/4258 4259/4259 4262/4262
f 4262/4262 4263/4263 4258/4258
f 4260/4260 4258/4258 4263/4263
f 4263/4263 4262/4262 4267/4267
f 4264/4264 4260/4260 4266/4266
f 4263/4263 4266/4266 4260/4260
f 4266/4266 4273/4273 4264/4264
f 4275/4275 4273/4273 4266/4266
f 4267/4267 4268/4268 4263/4263
f 4266/4266 4263/4263 4268/4268
f 4266/4266 4274/4274 4275/4275
f 4268/4268 4274/4274 4266/4266
f 4277/4277 4275/4275 4274/4274
f 4270/4270 4268/4268 4267/4267
f 4267/4267 4269/4269 4270/4270
f 4276/4276 4274/4274 4268/4268
f 4274/4274 4276/4276 4277/4277
f 4268/4268 4270/4270 4276/4276
f 4279/4279 4277/4277 4276/4276
f 4276/4276 4278/4278 4279/4279
f 4278/4278 4276/4276 4270/4270
f 4270/4270 4272/4272 4278/4278
f 4272/4272 4270/4270 4269/4269
f 4269/4269 4271/4271 4272/4272
f 3374/3374 3375/3375 3372/3372
f 3372/3372 3373/3373 3374/3374
f 3373/3373 3372/3372 3376/3376
f 3413/3413 3374/3374 3373/3373
f 3376/3376 3377/3377 3373/3373
f 3377/3377 3376/3376 3378/3378
f 3373/3373 3412/3412 3413/3413
f 3412/3412 3373/3373 3377/3377
f 3447/3447 3413/3413 3412/3412
f 3378/3378 3379/3379 3377/3377
f 3379/3379 3378/3378 3387/3387
f 3377/3377 3411/3411 3412/3412
f 3411/3411 3377/3377 3379/3379
f 3412/3412 3424/3424 3447/3447
f 3424/3424 3412/3412 3411/3411
f 3446/3446 3447/3447 3424/3424
f 3387/3387 3386/3386 3379/3379
f 3386/3386 3387/3387 3384/3384
f 3424/3424 3445/3445 3446/3446
f 3450/3450 3446/3446 3445/3445
f 3445/3445 3424/3424 3422/3422
f 3411/3411 3422/3422 3424/3424
f 3450/3450 3445/3445 3444/3444
f 3422/3422 3444/3444 3445/3445
f 3379/3379 3410/3410 3411/3411
f 3422/3422 3411/3411 3410/3410
f 3410/3410 3379/3379 3386/3386
f 3410/3410 3421/3421 3422/3422
f 3444/3444 3422/3422 3421/3421
f 3386/3386 3409/3409 3410/3410
f 3421/3421 3410/3410 3409/3409
f 3384/3384 3385/3385 3386/3386
f 3409/3409 3386/3386 3385/3385
f 3385/3385 3384/3384 3388/3388
f 3409/3409 3420/3420 3421/3421
f 3388/3388 3389/3389 3385/3385
f 3389/3389 3388/3388 3399/3399
f 3385/3385 3407/3407 3409/3409
f 3407/3407 3385/3385 3389/3389
f 3420/3420 3409/3409 3407/3407
f 3399/3399 3398/3398 3389/3389
f 3398/3398 3399/3399 3394/3394
f 3389/3389 3408/3408 3407/3407
f 3408/3408 3389/3389 3398/3398
f 3407/3407 3419/3419 3420/3420
f 3419/3419 3407/3407 3408/3408
f 3394/3394 3393/3393 3398/3398
f 3393/3393 3394/3394 3395/3395
f 3395/3395 3464/3464 3393/3393
f 3398/3398 3415/3415 3408/3408
f 3415/3415 3398/3398 3393/3393
f 3416/3416 3393/3393 3464/3464
f 3393/3393 3416/3416 3415/3415
f 3464/3464 3465/3465 3416/3416
f 3418/3418 3408/3408 3415/3415
f 3408/3408 3418/3418 3419/3419
f 3414/3414 3415/3415 3416/3416
f 3415/3415 3414/3414 3418/3418
f 3558/3558 3465/3465 3559/3559
f 3465/3465 3558/3558 3564/3564
f 3417/3417 3416/3416 3465/3465
f 3416/3416 3417/3417 3414/3414
f 3564/3564 3557/3557 3465/3465
f 3465/3465 3557/3557 3417/3417
f 3557/3557 3564/3564 3577/3577
f 3431/3431 3414/3414 3417/3417
f 3577/3577 3566/3566 3557/3557
f 3435/3435 3417/3417 3557/3557
f 3557/3557 3566/3566 3435/3435
f 3417/3417 3435/3435 3431/3431
f 3576/3576 3566/3566 3577/3577
f 3577/3577 3578/3578 3576/3576
f 3435/3435 3566/3566 3565/3565
f 3565/3565 3566/3566 3576/3576
f 3580/3580 3576/3576 3578/3578
f 3578/3578 3579/3579 3580/3580
f 3576/3576 3572/3572 3565/3565
f 3595/3595 3580/3580 3579/3579
f 3579/3579 3594/3594 3595/3595
f 3576/3576 3580/3580 3589/3589
f 3589/3589 3572/3572 3576/3576
f 3594/3594 3598/3598 3599/3599
f 3599/3599 3595/3595 3594/3594
f 3595/3595 3599/3599 3616/3616
f 3580/3580 3595/3595 3600/3600
f 3600/3600 3589/3589 3580/3580
f 3616/3616 3617/3617 3595/3595
f 3617/3617 3600/3600 3595/3595
f 3617/3617 3616/3616 3630/3630
f 3630/3630 3631/3631 3617/3617
f 3618/3618 3617/3617 3631/3631
f 3600/3600 3617/3617 3618/3618
f 3631/3631 3632/3632 3618/3618
f 3589/3589 3600/3600 3601/3601
f 3618/3618 3601/3601 3600/3600
f 3601/3601 3590/3590 3589/3589
f 3572/3572 3589/3589 3590/3590
f 3602/3602 3601/3601 3618/3618
f 3590/3590 3601/3601 3602/3602
f 3619/3619 3618/3618 3632/3632
f 3618/3618 3619/3619 3602/3602
f 3632/3632 3633/3633 3619/3619
f 3620/3620 3619/3619 3633/3633
f 3633/3633 3634/3634 3620/3620
f 3603/3603 3602/3602 3619/3619
f 3619/3619 3620/3620 3603/3603
f 3621/3621 3620/3620 3634/3634
f 3634/3634 3635/3635 3621/3621
f 3603/3603 3620/3620 3621/3621
f 3621/3621 3604/3604 3603/3603
f 3592/3592 3603/3603 3604/3604
f 3604/3604 3593/3593 3592/3592
f 3591/3591 3602/3602 3603/3603
f 3603/3603 3592/3592 3591/3591
f 3602/3602 3591/3591 3590/3590
f 3587/3587 3592/3592 3593/3593
f 3591/3591 3592/3592 3587/3587
f 3593/3593 3588/3588 3587/3587
f 3587/3587 3588/3588 3570/3570
f 3590/3590 3591/3591 3586/3586
f 3587/3587 3586/3586 3591/3591
f 3570/3570 3569/3569 3587/3587
f 3586/3586 3587/3587 3569/3569
f 3569/3569 3570/3570 3462/3462
f 3586/3586 3573/3573 3590/3590
f 3590/3590 3573/3573 3572/3572
f 3569/3569 3568/3568 3586/3586
f 3573/3573 3586/3586 3568/3568
f 3462/3462 3460/3460 3569/3569
f 3568/3568 3569/3569 3460/3460
f 3460/3460 3462/3462 3463/3463
f 3572/3572 3573/3573 3567/3567
f 3568/3568 3567/3567 3573/3573
f 3567/3567 3565/3565 3572/3572
f 3460/3460 3459/3459 3568/3568
f 3567/3567 3568/3568 3459/3459
f 3463/3463 3461/3461 3460/3460
f 3461/3461 3463/3463 3457/3457
f 3436/3436 3565/3565 3567/3567
f 3565/3565 3436/3436 3435/3435
f 3567/3567 3455/3455 3436/3436
f 3459/3459 3455/3455 3567/3567
f 3435/3435 3436/3436 3434/3434
f 3434/3434 3431/3431 3435/3435
f 3436/3436 3455/3455 3454/3454
f 3454/3454 3455/3455 3459/3459
f 3454/3454 3434/3434 3436/3436
f 3458/3458 3459/3459 3460/3460
f 3459/3459 3458/3458 3454/3454
f 3460/3460 3461/3461 3458/3458
f 3434/3434 3454/3454 3440/3440
f 3440/3440 3454/3454 3458/3458
f 3431/3431 3434/3434 3437/3437
f 3440/3440 3437/3437 3434/3434
f 3453/3453 3458/3458 3461/3461
f 3458/3458 3453/3453 3440/3440
f 3461/3461 3456/3456 3453/3453
f 3457/3457 3456/3456 3461/3461
f 3438/3438 3440/3440 3453/3453
f 3437/3437 3440/3440 3438/3438
f 3448/3448 3453/3453 3456/3456
f 3453/3453 3448/3448 3438/3438
f 3451/3451 3456/3456 3457/3457
f 3456/3456 3451/3451 3448/3448
f 3457/3457 3452/3452 3451/3451
f 3438/3438 3448/3448 3442/3442
f 3442/3442 3448/3448 3451/3451
f 3449/3449 3451/3451 3452/3452
f 3451/3451 3449/3449 3442/3442
f 3452/3452 3450/3450 3449/3449
f 3444/3444 3449/3449 3450/3450
f 3449/3449 3444/3444 3443/3443
f 3442/3442 3449/3449 3443/3443
f 3421/3421 3443/3443 3444/3444
f 3443/3443 3421/3421 3420/3420
f 3420/3420 3441/3441 3443/3443
f 3443/3443 3441/3441 3442/3442
f 3441/3441 3420/3420 3419/3419
f 3419/3419 3433/3433 3441/3441
f 3442/3442 3441/3441 3433/3433
f 3433/3433 3419/3419 3418/3418
f 3433/3433 3439/3439 3442/3442
f 3442/3442 3439/3439 3438/3438
f 3438/3438 3439/3439 3437/3437
f 3418/3418 3432/3432 3433/3433
f 3439/3439 3433/3433 3432/3432
f 3432/3432 3437/3437 3439/3439
f 3432/3432 3418/3418 3414/3414
f 3437/3437 3432/3432 3431/3431
f 3414/3414 3431/3431 3432/3432
f 4058/4058 4059/4059 4056/4056
f 4056/4056 4057/4057 4058/4058
f 4057/4057 4056/4056 4084/4084
f 4061/4061 4058/4058 4057/4057
f 4084/4084 4083/4083 4057/4057
f 4083/4083 4084/4084 4093/4093
f 4057/4057 4060/4060 4061/4061
f 4060/4060 4057/4057 4083/4083
f 4063/4063 4061/4061 4060/4060
f 4093/4093 4092/4092 4083/4083
f 4092/4092 4093/4093 4109/4109
f 4083/4083 4082/4082 4060/4060
f 4082/4082 4083/4083 4092/4092
f 4060/4060 4062/4062 4063/4063
f 4062/4062 4060/4060 4082/4082
f 4065/4065 4063/4063 4062/4062
f 4109/4109 4108/4108 4092/4092
f 4112/4112 4108/4108 4109/4109
f 4062/4062 4064/4064 4065/4065
f 4067/4067 4065/4065 4064/4064
f 4091/4091 4092/4092 4108/4108
f 4092/4092 4091/4091 4082/4082
f 4082/4082 4081/4081 4062/4062
f 4081/4081 4082/4082 4091/4091
f 4064/4064 4062/4062 4081/4081
f 4108/4108 4107/4107 4091/4091
f 4107/4107 4108/4108 4112/4112
f 4091/4091 4090/4090 4081/4081
f 4090/4090 4091/4091 4107/4107
f 4081/4081 4080/4080 4064/4064
f 4080/4080 4081/4081 4090/4090
f 4064/4064 4066/4066 4067/4067
f 4066/4066 4064/4064 4080/4080
f 4069/4069 4067/4067 4066/4066
f 4090/4090 4089/4089 4080/4080
f 4066/4066 4068/4068 4069/4069
f 4071/4071 4069/4069 4068/4068
f 4080/4080 4079/4079 4066/4066
f 4068/4068 4066/4066 4079/4079
f 4079/4079 4080/4080 4089/4089
f 4068/4068 4070/4070 4071/4071
f 4073/4073 4071/4071 4070/4070
f 4079/4079 4078/4078 4068/4068
f 4070/4070 4068/4068 4078/4078
f 4070/4070 4074/4074 4073/4073
f 4072/4072 4073/4073 4074/4074
f 4074/4074 4075/4075 4072/4072
f 4074/4074 4070/4070 4076/4076
f 4078/4078 4076/4076 4070/4070
f 4075/4075 4074/4074 4077/4077
f 4076/4076 4077/4077 4074/4074
f 4077/4077 4126/4126 4075/4075
f 4179/4179 4180/4180 4126/4126
f 4183/4183 4179/4179 4126/4126
f 4077/4077 4076/4076 4085/4085
f 4126/4126 4178/4178 4183/4183
f 4126/4126 4077/4077 4086/4086
f 4086/4086 4178/4178 4126/4126
f 4085/4085 4086/4086 4077/4077
f 4197/4197 4183/4183 4178/4178
f 4087/4087 4085/4085 4076/4076
f 4076/4076 4078/4078 4087/4087
f 4178/4178 4185/4185 4197/4197
f 4088/4088 4087/4087 4078/4078
f 4078/4078 4079/4079 4088/4088
f 4089/4089 4088/4088 4079/4079
f 4095/4095 4185/4185 4178/4178
f 4178/4178 4086/4086 4095/4095
f 4088/4088 4089/4089 4104/4104
f 4094/4094 4095/4095 4086/4086
f 4086/4086 4085/4085 4094/4094
f 4104/4104 4097/4097 4088/4088
f 4087/4087 4088/4088 4097/4097
f 4085/4085 4087/4087 4096/4096
f 4097/4097 4096/4096 4087/4087
f 4096/4096 4094/4094 4085/4085
f 4096/4096 4097/4097 4101/4101
f 4094/4094 4096/4096 4100/4100
f 4101/4101 4100/4100 4096/4096
f 4100/4100 4098/4098 4094/4094
f 4095/4095 4094/4094 4098/4098
f 4100/4100 4101/4101 4102/4102
f 4105/4105 4101/4101 4097/4097
f 4102/4102 4101/4101 4105/4105
f 4097/4097 4104/4104 4105/4105
f 4102/4102 4103/4103 4100/4100
f 4098/4098 4100/4100 4103/4103
f 4106/4106 4104/4104 4089/4089
f 4105/4105 4104/4104 4106/4106
f 4089/4089 4090/4090 4106/4106
f 4107/4107 4106/4106 4090/4090
f 4111/4111 4106/4106 4107/4107
f 4106/4106 4111/4111 4105/4105
f 4112/4112 4111/4111 4107/4107
f 4111/4111 4112/4112 4114/4114
f 4114/4114 4113/4113 4111/4111
f 4105/4105 4111/4111 4113/4113
f 4113/4113 4114/4114 4119/4119
f 4113/4113 4110/4110 4105/4105
f 4105/4105 4110/4110 4102/4102
f 4119/4119 4118/4118 4113/4113
f 4110/4110 4113/4113 4118/4118
f 4102/4102 4110/4110 4115/4115
f 4118/4118 4115/4115 4110/4110
f 4115/4115 4103/4103 4102/4102
f 4122/4122 4118/4118 4119/4119
f 4115/4115 4118/4118 4122/4122
f 4119/4119 4124/4124 4122/4122
f 4103/4103 4115/4115 4120/4120
f 4122/4122 4120/4120 4115/4115
f 4123/4123 4122/4122 4124/4124
f 4120/4120 4122/4122 4123/4123
f 4124/4124 4125/4125 4123/4123
f 4120/4120 4116/4116 4103/4103
f 4103/4103 4116/4116 4098/4098
f 4123/4123 4121/4121 4120/4120
f 4116/4116 4120/4120 4121/4121
f 4188/4188 4123/4123 4125/4125
f 4125/4125 4189/4189 4188/4188
f 4099/4099 4098/4098 4116/4116
f 4098/4098 4099/4099 4095/4095
f 4116/4116 4117/4117 4099/4099
f 4121/4121 4117/4117 4116/4116
f 4095/4095 4099/4099 4184/4184
f 4184/4184 4185/4185 4095/4095
f 4099/4099 4117/4117 4186/4186
f 4186/4186 4117/4117 4121/4121
f 4186/4186 4184/4184 4099/4099
f 4187/4187 4121/4121 4123/4123
f 4121/4121 4187/4187 4186/4186
f 4123/4123 4188/4188 4187/4187
f 4195/4195 4185/4185 4184/4184
f 4197/4197 4185/4185 4195/4195
f 4195/4195 4196/4196 4197/4197
f 4192/4192 4184/4184 4186/4186
f 4184/4184 4192/4192 4195/4195
f 4191/4191 4186/4186 4187/4187
f 4186/4186 4191/4191 4192/4192
f 4187/4187 4205/4205 4191/4191
f 4205/4205 4187/4187 4188/4188
f 4192/4192 4191/4191 4209/4209
f 4209/4209 4191/4191 4205/4205
f 4195/4195 4192/4192 4208/4208
f 4209/4209 4208/4208 4192/4192
f 4196/4196 4195/4195 4198/4198
f 4208/4208 4198/4198 4195/4195
f 4198/4198 4199/4199 4196/4196
f 4208/4208 4209/4209 4220/4220
f 4199/4199 4198/4198 4213/4213
f 4213/4213 4214/4214 4199/4199
f 4198/4198 4208/4208 4219/4219
f 4219/4219 4213/4213 4198/4198
f 4220/4220 4219/4219 4208/4208
f 4214/4214 4213/4213 4217/4217
f 4217/4217 4218/4218 4214/4214
f 4234/4234 4217/4217 4213/4213
f 4213/4213 4235/4235 4234/4234
f 4235/4235 4213/4213 4219/4219
f 4247/4247 4234/4234 4235/4235
f 4235/4235 4246/4246 4247/4247
f 4236/4236 4235/4235 4219/4219
f 4246/4246 4235/4235 4236/4236
f 4219/4219 4220/4220 4236/4236
f 4236/4236 4248/4248 4246/4246
f 4236/4236 4220/4220 4221/4221
f 4221/4221 4220/4220 4209/4209
f 4248/4248 4236/4236 4237/4237
f 4221/4221 4237/4237 4236/4236
f 4237/4237 4249/4249 4248/4248
f 4209/4209 4210/4210 4221/4221
f 4205/4205 4210/4210 4209/4209
f 4249/4249 4237/4237 4238/4238
f 4238/4238 4250/4250 4249/4249
f 4237/4237 4221/4221 4222/4222
f 4222/4222 4238/4238 4237/4237
f 4222/4222 4221/4221 4210/4210
f 4250/4250 4238/4238 4239/4239
f 4239/4239 4251/4251 4250/4250
f 4239/4239 4238/4238 4222/4222
f 4222/4222 4223/4223 4239/4239
f 4223/4223 4222/4222 4211/4211
f 4210/4210 4211/4211 4222/4222
f 4211/4211 4212/4212 4223/4223
f 4206/4206 4211/4211 4210/4210
f 4212/4212 4211/4211 4206/4206
f 4210/4210 4205/4205 4206/4206
f 4206/4206 4207/4207 4212/4212
f 4188/4188 4206/4206 4205/4205
f 4189/4189 4207/4207 4206/4206
f 4206/4206 4188/4188 4189/4189
f 4049/4049 4164/4164 4163/4163
f 4163/4163 3929/3929 4049/4049
f 3929/3929 4163/4163 4128/4128
f 4026/4026 4049/4049 3929/3929
f 4128/4128 3930/3930 3929/3929
f 3930/3930 4128/4128 4129/4129
f 3929/3929 3928/3928 4026/4026
f 3928/3928 3929/3929 3930/3930
f 4129/4129 3952/3952 3930/3930
f 3952/3952 4129/4129 4127/4127
f 3930/3930 3927/3927 3928/3928
f 3927/3927 3930/3930 3952/3952
f 4026/4026 3928/3928 3905/3905
f 3905/3905 3928/3928 3927/3927
f 3905/3905 3995/3995 4026/4026
f 4055/4055 4026/4026 3995/3995
f 3927/3927 3902/3902 3905/3905
f 3995/3995 4027/4027 4055/4055
f 4054/4054 4055/4055 4027/4027
f 3995/3995 3905/3905 3904/3904
f 3904/3904 3905/3905 3902/3902
f 4027/4027 3995/3995 3909/3909
f 3904/3904 3909/3909 3995/3995
f 4027/4027 4048/4048 4054/4054
f 4053/4053 4054/4054 4048/4048
f 3909/3909 3996/3996 4027/4027
f 4048/4048 4027/4027 3996/3996
f 4048/4048 4040/4040 4053/4053
f 4052/4052 4053/4053 4040/4040
f 3996/3996 4047/4047 4048/4048
f 4040/4040 4048/4048 4047/4047
f 4040/4040 4029/4029 4052/4052
f 4051/4051 4052/4052 4029/4029
f 4047/4047 4039/4039 4040/4040
f 4029/4029 4040/4040 4039/4039
f 4029/4029 4028/4028 4051/4051
f 4032/4032 4051/4051 4028/4028
f 4039/4039 4025/4025 4029/4029
f 4028/4028 4029/4029 4025/4025
f 4028/4028 4030/4030 4032/4032
f 4031/4031 4032/4032 4030/4030
f 4025/4025 4016/4016 4028/4028
f 4030/4030 4028/4028 4016/4016
f 4025/4025 4039/4039 4038/4038
f 4030/4030 4006/4006 4031/4031
f 4016/4016 4025/4025 4024/4024
f 4038/4038 4024/4024 4025/4025
f 4016/4016 3998/3998 4030/4030
f 4006/4006 4030/4030 3998/3998
f 4024/4024 4015/4015 4016/4016
f 3998/3998 4016/4016 4015/4015
f 4008/4008 4031/4031 4006/4006
f 4050/4050 4031/4031 4008/4008
f 3998/3998 3997/3997 4006/4006
f 4008/4008 4007/4007 4050/4050
f 4006/4006 4005/4005 4008/4008
f 4007/4007 4008/4008 4005/4005
f 4005/4005 4006/4006 3997/3997
f 4050/4050 4007/4007 4009/4009
f 4009/4009 3311/3311 4050/4050
f 4005/4005 4004/4004 4007/4007
f 4009/4009 4007/4007 4004/4004
f 3997/3997 3999/3999 4005/4005
f 4004/4004 4005/4005 3999/3999
f 3997/3997 3998/3998 3884/3884
f 4015/4015 3884/3884 3998/3998
f 3999/3999 3997/3997 3883/3883
f 3884/3884 3883/3883 3997/3997
f 3999/3999 4001/4001 4004/4004
f 3884/3884 4015/4015 4014/4014
f 3883/3883 3885/3885 3999/3999
f 4001/4001 3999/3999 3885/3885
f 3883/3883 3884/3884 3879/3879
f 4014/4014 3879/3879 3884/3884
f 3885/3885 3883/3883 3878/3878
f 3879/3879 3878/3878 3883/3883
f 4023/4023 4014/4014 4015/4015
f 4015/4015 4024/4024 4023/4023
f 3879/3879 4014/4014 4013/4013
f 4037/4037 4023/4023 4024/4024
f 4024/4024 4038/4038 4037/4037
f 4014/4014 4023/4023 4022/4022
f 4022/4022 4013/4013 4014/4014
f 4023/4023 4037/4037 4036/4036
f 4036/4036 4022/4022 4023/4023
f 4013/4013 3810/3810 3879/3879
f 3878/3878 3879/3879 3810/3810
f 4013/4013 4022/4022 4021/4021
f 4022/4022 4036/4036 4035/4035
f 4035/4035 4021/4021 4022/4022
f 3810/3810 4013/4013 4012/4012
f 4021/4021 4012/4012 4013/4013
f 3810/3810 3809/3809 3878/3878
f 4012/4012 3799/3799 3810/3810
f 3809/3809 3810/3810 3799/3799
f 4012/4012 4021/4021 4020/4020
f 3880/3880 3878/3878 3809/3809
f 3878/3878 3880/3880 3885/3885
f 4034/4034 4020/4020 4021/4021
f 4021/4021 4035/4035 4034/4034
f 4000/4000 3885/3885 3880/3880
f 3885/3885 4000/4000 4001/4001
f 4042/4042 4034/4034 4035/4035
f 4002/4002 4001/4001 4000/4000
f 4035/4035 4043/4043 4042/4042
f 4043/4043 4035/4035 4036/4036
f 4001/4001 4002/4002 4003/4003
f 4003/4003 4004/4004 4001/4001
f 4004/4004 4003/4003 4009/4009
f 4009/4009 4003/4003 3309/3309
f 3309/3309 4003/4003 4002/4002
f 3309/3309 3311/3311 4009/4009
f 4036/4036 4044/4044 4043/4043
f 4044/4044 4036/4036 4037/4037
f 3310/3310 3311/3311 3309/3309
f 3366/3366 3311/3311 3310/3310
f 4037/4037 4045/4045 4044/4044
f 4045/4045 4037/4037 4038/4038
f 3310/3310 3308/3308 3366/3366
f 4038/4038 4046/4046 4045/4045
f 4046/4046 4038/4038 4039/4039
f 4039/4039 4047/4047 4046/4046
f 3366/3366 3308/3308 3307/3307
f 3307/3307 3341/3341 3366/3366
f 3906/3906 4046/4046 4047/4047
f 4047/4047 3996/3996 3906/3906
f 3901/3901 4045/4045 4046/4046
f 4046/4046 3906/3906 3901/3901
f 3907/3907 3906/3906 3996/3996
f 3996/3996 3909/3909 3907/3907
f 3899/3899 3901/3901 3906/3906
f 3906/3906 3907/3907 3899/3899
f 4045/4045 3901/3901 3898/3898
f 3898/3898 4044/4044 4045/4045
f 3901/3901 3899/3899 3897/3897
f 3897/3897 3898/3898 3901/3901
f 4044/4044 3898/3898 3894/3894
f 3894/3894 4043/4043 4044/4044
f 3898/3898 3897/3897 3892/3892
f 3892/3892 3894/3894 3898/3898
f 3896/3896 3897/3897 3899/3899
f 3892/3892 3897/3897 3896/3896
f 4043/4043 3894/3894 3895/3895
f 3895/3895 4042/4042 4043/4043
f 3894/3894 3892/3892 3890/3890
f 3890/3890 3895/3895 3894/3894
f 4042/4042 3895/3895 3536/3536
f 3895/3895 3890/3890 3509/3509
f 3509/3509 3536/3536 3895/3895
f 3891/3891 3890/3890 3892/3892
f 3536/3536 3535/3535 4042/4042
f 4034/4034 4042/4042 3535/3535
f 3892/3892 3893/3893 3891/3891
f 3896/3896 3893/3893 3892/3892
f 3535/3535 3530/3530 4034/4034
f 4020/4020 4034/4034 3530/3530
f 3535/3535 3536/3536 3531/3531
f 3530/3530 3535/3535 3534/3534
f 3531/3531 3534/3534 3535/3535
f 3530/3530 3528/3528 4020/4020
f 3508/3508 3531/3531 3536/3536
f 3536/3536 3509/3509 3508/3508
f 3534/3534 3529/3529 3530/3530
f 3528/3528 3530/3530 3529/3529
f 3534/3534 3531/3531 3533/3533
f 4011/4011 4020/4020 3528/3528
f 4020/4020 4011/4011 4012/4012
f 3529/3529 3534/3534 3537/3537
f 3533/3533 3537/3537 3534/3534
f 4012/4012 4011/4011 3772/3772
f 3772/3772 3799/3799 4012/4012
f 4041/4041 3537/3537 3533/3533
f 3537/3537 4041/4041 4018/4018
f 3533/3533 4033/4033 4041/4041
f 4018/4018 3538/3538 3537/3537
f 3537/3537 3538/3538 3529/3529
f 3538/3538 4018/4018 4019/4019
f 4033/4033 3533/3533 3532/3532
f 3532/3532 3533/3533 3531/3531
f 3531/3531 3508/3508 3532/3532
f 3532/3532 3889/3889 4033/4033
f 3532/3532 3508/3508 3507/3507
f 3507/3507 3508/3508 3509/3509
f 3889/3889 3532/3532 3519/3519
f 3507/3507 3519/3519 3532/3532
f 3519/3519 3888/3888 3889/3889
f 4350/4350 3888/3888 3519/3519
f 3509/3509 3510/3510 3507/3507
f 3510/3510 3509/3509 3890/3890
f 3890/3890 3891/3891 3510/3510
f 3519/3519 3521/3521 4350/4350
f 4351/4351 4350/4350 3521/3521
f 3519/3519 3507/3507 3520/3520
f 3520/3520 3521/3521 3519/3519
f 3507/3507 3510/3510 3935/3935
f 3935/3935 3520/3520 3507/3507
f 3521/3521 3523/3523 4351/4351
f 4349/4349 4351/4351 3523/3523
f 3521/3521 3520/3520 3522/3522
f 3522/3522 3523/3523 3521/3521
f 3523/3523 3518/3518 4349/4349
f 3920/3920 4349/4349 3518/3518
f 3523/3523 3522/3522 3516/3516
f 3516/3516 3518/3518 3523/3523
f 3518/3518 3517/3517 3920/3920
f 3517/3517 3518/3518 3516/3516
f 3914/3914 3920/3920 3517/3517
f 3936/3936 3522/3522 3520/3520
f 3520/3520 3935/3935 3936/3936
f 4335/4335 3516/3516 3522/3522
f 3522/3522 3936/3936 4335/4335
f 3516/3516 3513/3513 3517/3517
f 3513/3513 3516/3516 4335/4335
f 3517/3517 3512/3512 3914/3914
f 3512/3512 3517/3517 3513/3513
f 3914/3914 3512/3512 3490/3490
f 3490/3490 3753/3753 3914/3914
f 3513/3513 3511/3511 3512/3512
f 3490/3490 3512/3512 3511/3511
f 4335/4335 3514/3514 3513/3513
f 3511/3511 3513/3513 3514/3514
f 3753/3753 3490/3490 3487/3487
f 3487/3487 3754/3754 3753/3753
f 3511/3511 3489/3489 3490/3490
f 3487/3487 3490/3490 3489/3489
f 3514/3514 3515/3515 3511/3511
f 3489/3489 3511/3511 3515/3515
f 3514/3514 4335/4335 3918/3918
f 3918/3918 4335/4335 3936/3936
f 3515/3515 3514/3514 3917/3917
f 3918/3918 3917/3917 3514/3514
f 3936/3936 3938/3938 3918/3918
f 3938/3938 3936/3936 3935/3935
f 3916/3916 3917/3917 3918/3918
f 3935/3935 3937/3937 3938/3938
f 3937/3937 3935/3935 3510/3510
f 3510/3510 3891/3891 3937/3937
f 3919/3919 3918/3918 3938/3938
f 3918/3918 3919/3919 3916/3916
f 3946/3946 3938/3938 3937/3937
f 3938/3938 3946/3946 3919/3919
f 3947/3947 3937/3937 3891/3891
f 3937/3937 3947/3947 3946/3946
f 3891/3891 3893/3893 3947/3947
f 3922/3922 3919/3919 3946/3946
f 3949/3949 3947/3947 3893/3893
f 3893/3893 3896/3896 3949/3949
f 3948/3948 3946/3946 3947/3947
f 3947/3947 3949/3949 3948/3948
f 3946/3946 3948/3948 3922/3922
f 3951/3951 3949/3949 3896/3896
f 3950/3950 3948/3948 3949/3949
f 3949/3949 3951/3951 3950/3950
f 3924/3924 3922/3922 3948/3948
f 3948/3948 3950/3950 3924/3924
f 3919/3919 3922/3922 3921/3921
f 3921/3921 3916/3916 3919/3919
f 3922/3922 3924/3924 3923/3923
f 3923/3923 3921/3921 3922/3922
f 3926/3926 3924/3924 3950/3950
f 3925/3925 3923/3923 3924/3924
f 3924/3924 3926/3926 3925/3925
f 3921/3921 3923/3923 3877/3877
f 3950/3950 3945/3945 3926/3926
f 3945/3945 3950/3950 3951/3951
f 3916/3916 3921/3921 3808/3808
f 3877/3877 3808/3808 3921/3921
f 3808/3808 3798/3798 3916/3916
f 3917/3917 3916/3916 3798/3798
f 3808/3808 3877/3877 3820/3820
f 3798/3798 3797/3797 3917/3917
f 3917/3917 3797/3797 3515/3515
f 3798/3798 3808/3808 3807/3807
f 3820/3820 3807/3807 3808/3808
f 3797/3797 3798/3798 3796/3796
f 3807/3807 3796/3796 3798/3798
f 3515/3515 3797/3797 3771/3771
f 3796/3796 3771/3771 3797/3797
f 3771/3771 3760/3760 3515/3515
f 3515/3515 3760/3760 3489/3489
f 3771/3771 3796/3796 3795/3795
f 3488/3488 3489/3489 3760/3760
f 3489/3489 3488/3488 3487/3487
f 3760/3760 3771/3771 3770/3770
f 3795/3795 3770/3770 3771/3771
f 3760/3760 3759/3759 3488/3488
f 3770/3770 3759/3759 3760/3760
f 3488/3488 3759/3759 3758/3758
f 3758/3758 3759/3759 3770/3770
f 3487/3487 3488/3488 3430/3430
f 3758/3758 3430/3430 3488/3488
f 3430/3430 3429/3429 3487/3487
f 3754/3754 3487/3487 3429/3429
f 3429/3429 3755/3755 3754/3754
f 3429/3429 3430/3430 3425/3425
f 3425/3425 3430/3430 3758/3758
f 3755/3755 3429/3429 3428/3428
f 3425/3425 3428/3428 3429/3429
f 3428/3428 3749/3749 3755/3755
f 3744/3744 3749/3749 3428/3428
f 3747/3747 3749/3749 3744/3744
f 3427/3427 3428/3428 3425/3425
f 3428/3428 3427/3427 3744/3744
f 3747/3747 3744/3744 3743/3743
f 3743/3743 3746/3746 3747/3747
f 3748/3748 3746/3746 3743/3743
f 3745/3745 3744/3744 3427/3427
f 3498/3498 3748/3748 3743/3743
f 3750/3750 3748/3748 3498/3498
f 3742/3742 3743/3743 3744/3744
f 3744/3744 3745/3745 3742/3742
f 3500/3500 3743/3743 3742/3742
f 3743/3743 3500/3500 3498/3498
f 3504/3504 3742/3742 3745/3745
f 3742/3742 3504/3504 3500/3500
f 3745/3745 3505/3505 3504/3504
f 3427/3427 3505/3505 3745/3745
f 3500/3500 3504/3504 3501/3501
f 3501/3501 3504/3504 3505/3505
f 3505/3505 3427/3427 3426/3426
f 3425/3425 3426/3426 3427/3427
f 3426/3426 3506/3506 3505/3505
f 3505/3505 3506/3506 3501/3501
f 3756/3756 3426/3426 3425/3425
f 3506/3506 3426/3426 3756/3756
f 3425/3425 3757/3757 3756/3756
f 3758/3758 3757/3757 3425/3425
f 3756/3756 3765/3765 3506/3506
f 3501/3501 3506/3506 3765/3765
f 3757/3757 3758/3758 3769/3769
f 3770/3770 3769/3769 3758/3758
f 3756/3756 3757/3757 3768/3768
f 3769/3769 3768/3768 3757/3757
f 3768/3768 3765/3765 3756/3756
f 3789/3789 3769/3769 3770/3770
f 3768/3768 3769/3769 3789/3789
f 3770/3770 3795/3795 3789/3789
f 3765/3765 3768/3768 3788/3788
f 3789/3789 3788/3788 3768/3768
f 3790/3790 3789/3789 3795/3795
f 3791/3791 3788/3788 3789/3789
f 3789/3789 3790/3790 3791/3791
f 3795/3795 3806/3806 3790/3790
f 3806/3806 3795/3795 3796/3796
f 3796/3796 3807/3807 3806/3806
f 3815/3815 3791/3791 3790/3790
f 3819/3819 3806/3806 3807/3807
f 3807/3807 3820/3820 3819/3819
f 3814/3814 3790/3790 3806/3806
f 3806/3806 3819/3819 3814/3814
f 3790/3790 3814/3814 3815/3815
f 3871/3871 3819/3819 3820/3820
f 3821/3821 3814/3814 3819/3819
f 3820/3820 3876/3876 3871/3871
f 3876/3876 3820/3820 3877/3877
f 3826/3826 3819/3819 3871/3871
f 3819/3819 3826/3826 3821/3821
f 3877/3877 3887/3887 3876/3876
f 3887/3887 3877/3877 3923/3923
f 3923/3923 3925/3925 3887/3887
f 3912/3912 3871/3871 3876/3876
f 3913/3913 3876/3876 3887/3887
f 3876/3876 3913/3913 3912/3912
f 3915/3915 3887/3887 3925/3925
f 3887/3887 3915/3915 3913/3913
f 3925/3925 3931/3931 3915/3915
f 3931/3931 3925/3925 3926/3926
f 3934/3934 3913/3913 3915/3915
f 3926/3926 3943/3943 3931/3931
f 3943/3943 3926/3926 3945/3945
f 3933/3933 3915/3915 3931/3931
f 3915/3915 3933/3933 3934/3934
f 3932/3932 3931/3931 3943/3943
f 3931/3931 3932/3932 3933/3933
f 3945/3945 3940/3940 3943/3943
f 3943/3943 3942/3942 3932/3932
f 3942/3942 3943/3943 3940/3940
f 3962/3962 3933/3933 3932/3932
f 3940/3940 3945/3945 3944/3944
f 3951/3951 3944/3944 3945/3945
f 3933/3933 3962/3962 3961/3961
f 3961/3961 3934/3934 3933/3933
f 3944/3944 3951/3951 3900/3900
f 3896/3896 3900/3900 3951/3951
f 3899/3899 3900/3900 3896/3896
f 3900/3900 3899/3899 3907/3907
f 3907/3907 3908/3908 3900/3900
f 3900/3900 3908/3908 3944/3944
f 3908/3908 3907/3907 3909/3909
f 3909/3909 3904/3904 3908/3908
f 3903/3903 3944/3944 3908/3908
f 3908/3908 3904/3904 3903/3903
f 3944/3944 3903/3903 3940/3940
f 3902/3902 3903/3903 3904/3904
f 3939/3939 3940/3940 3903/3903
f 3903/3903 3902/3902 3939/3939
f 3940/3940 3939/3939 3942/3942
f 3941/3941 3939/3939 3902/3902
f 3902/3902 3927/3927 3941/3941
f 3952/3952 3941/3941 3927/3927
f 3954/3954 3942/3942 3939/3939
f 3939/3939 3941/3941 3954/3954
f 3941/3941 3952/3952 3953/3953
f 3953/3953 3954/3954 3941/3941
f 4127/4127 3953/3953 3952/3952
f 3942/3942 3954/3954 3963/3963
f 3963/3963 3932/3932 3942/3942
f 3932/3932 3963/3963 3962/3962
f 3953/3953 4127/4127 3989/3989
f 3989/3989 4127/4127 4203/4203
f 3954/3954 3953/3953 3973/3973
f 3989/3989 3973/3973 3953/3953
f 3973/3973 3964/3964 3954/3954
f 3963/3963 3954/3954 3964/3964
f 3974/3974 3973/3973 3989/3989
f 3964/3964 3973/3973 3974/3974
f 4203/4203 4204/4204 3989/3989
f 4204/4204 4203/4203 4215/4215
f 4215/4215 4216/4216 4204/4204
f 4204/4204 4216/4216 4233/4233
f 3987/3987 3989/3989 4204/4204
f 3989/3989 3987/3987 3974/3974
f 4233/4233 4232/4232 4204/4204
f 4204/4204 4232/4232 3987/3987
f 4233/4233 4245/4245 4244/4244
f 4244/4244 4232/4232 4233/4233
f 3974/3974 3987/3987 3988/3988
f 3988/3988 3987/3987 4232/4232
f 4231/4231 4232/4232 4244/4244
f 4232/4232 4231/4231 3988/3988
f 4244/4244 4242/4242 4231/4231
f 3988/3988 3975/3975 3974/3974
f 3974/3974 3975/3975 3964/3964
f 4230/4230 4231/4231 4242/4242
f 4242/4242 4243/4243 4230/4230
f 3965/3965 3964/3964 3975/3975
f 3964/3964 3965/3965 3963/3963
f 3975/3975 3976/3976 3965/3965
f 3976/3976 3975/3975 3988/3988
f 3963/3963 3965/3965 3966/3966
f 3966/3966 3965/3965 3976/3976
f 3966/3966 3962/3962 3963/3963
f 3988/3988 3982/3982 3976/3976
f 3982/3982 3988/3988 4231/4231
f 4231/4231 4230/4230 3982/3982
f 3976/3976 3977/3977 3966/3966
f 3977/3977 3976/3976 3982/3982
f 3962/3962 3966/3966 3967/3967
f 3967/3967 3966/3966 3977/3977
f 3967/3967 3961/3961 3962/3962
f 3982/3982 3983/3983 3977/3977
f 3983/3983 3982/3982 4230/4230
f 3960/3960 3961/3961 3967/3967
f 3934/3934 3961/3961 3960/3960
f 4230/4230 4229/4229 3983/3983
f 4229/4229 4230/4230 4243/4243
f 4243/4243 4284/4284 4229/4229
f 3984/3984 3983/3983 4229/4229
f 3977/3977 3983/3983 3984/3984
f 4228/4228 4229/4229 4284/4284
f 4229/4229 4228/4228 3984/3984
f 4284/4284 4286/4286 4287/4287
f 4287/4287 4280/4280 4284/4284
f 4284/4284 4280/4280 4228/4228
f 4280/4280 4287/4287 4281/4281
f 3984/3984 4228/4228 4226/4226
f 4226/4226 4228/4228 4280/4280
f 3984/3984 3978/3978 3977/3977
f 3977/3977 3978/3978 3967/3967
f 4226/4226 3985/3985 3984/3984
f 3978/3978 3984/3984 3985/3985
f 3968/3968 3967/3967 3978/3978
f 3967/3967 3968/3968 3960/3960
f 3985/3985 3979/3979 3978/3978
f 3978/3978 3979/3979 3968/3968
f 3985/3985 4226/4226 4225/4225
f 3979/3979 3985/3985 3986/3986
f 4225/4225 3986/3986 3985/3985
f 4226/4226 4227/4227 4225/4225
f 4280/4280 4227/4227 4226/4226
f 4227/4227 4280/4280 4241/4241
f 4281/4281 4241/4241 4280/4280
f 4241/4241 4281/4281 3665/3665
f 4225/4225 4227/4227 4240/4240
f 4241/4241 4240/4240 4227/4227
f 3665/3665 3624/3624 4241/4241
f 4240/4240 4241/4241 3624/3624
f 3625/3625 3624/3624 3665/3665
f 3665/3665 3666/3666 3625/3625
f 3624/3624 3623/3623 4240/4240
f 4240/4240 4224/4224 4225/4225
f 4224/4224 4240/4240 3623/3623
f 3986/3986 4225/4225 4224/4224
f 3622/3622 3623/3623 3624/3624
f 3624/3624 3625/3625 3622/3622
f 3623/3623 3605/3605 4224/4224
f 3664/3664 3625/3625 3666/3666
f 3666/3666 3676/3676 3664/3664
f 3606/3606 3605/3605 3623/3623
f 3623/3623 3622/3622 3606/3606
f 3676/3676 3677/3677 3671/3671
f 3671/3671 3664/3664 3676/3676
f 3609/3609 3622/3622 3625/3625
f 3625/3625 3664/3664 3609/3609
f 3622/3622 3609/3609 3607/3607
f 3607/3607 3606/3606 3622/3622
f 3608/3608 3609/3609 3664/3664
f 3608/3608 3607/3607 3609/3609
f 3610/3610 3664/3664 3671/3671
f 3664/3664 3610/3610 3608/3608
f 3671/3671 3611/3611 3610/3610
f 3611/3611 3671/3671 3627/3627
f 3608/3608 3610/3610 3280/3280
f 3280/3280 3610/3610 3611/3611
f 3607/3607 3608/3608 3281/3281
f 3280/3280 3281/3281 3608/3608
f 3627/3627 3612/3612 3611/3611
f 3612/3612 3627/3627 3626/3626
f 3611/3611 3279/3279 3280/3280
f 3279/3279 3611/3611 3612/3612
f 3626/3626 3613/3613 3612/3612
f 3613/3613 3626/3626 3628/3628
f 3612/3612 3278/3278 3279/3279
f 3278/3278 3612/3612 3613/3613
f 3280/3280 3279/3279 3273/3273
f 3273/3273 3279/3279 3278/3278
f 3628/3628 3629/3629 3615/3615
f 3273/3273 3274/3274 3280/3280
f 3281/3281 3280/3280 3274/3274
f 3615/3615 3614/3614 3628/3628
f 3628/3628 3614/3614 3613/3613
f 3584/3584 3614/3614 3615/3615
f 3615/3615 3596/3596 3584/3584
f 3584/3584 3596/3596 3597/3597
f 3597/3597 3585/3585 3584/3584
f 3283/3283 3613/3613 3614/3614
f 3613/3613 3283/3283 3278/3278
f 3284/3284 3614/3614 3584/3584
f 3614/3614 3284/3284 3283/3283
f 3285/3285 3584/3584 3585/3585
f 3584/3584 3285/3285 3284/3284
f 3585/3585 3466/3466 3285/3285
f 3283/3283 3284/3284 3270/3270
f 3270/3270 3284/3284 3285/3285
f 3272/3272 3278/3278 3283/3283
f 3278/3278 3272/3272 3273/3273
f 3270/3270 3271/3271 3283/3283
f 3283/3283 3271/3271 3272/3272
f 3285/3285 3241/3241 3270/3270
f 3243/3243 3271/3271 3270/3270
f 3270/3270 3241/3241 3243/3243
f 3262/3262 3272/3272 3271/3271
f 3271/3271 3243/3243 3262/3262
f 3272/3272 3262/3262 3263/3263
f 3263/3263 3273/3273 3272/3272
f 3239/3239 3262/3262 3243/3243
f 3263/3263 3262/3262 3239/3239
f 3240/3240 3243/3243 3241/3241
f 3243/3243 3240/3240 3239/3239
f 3242/3242 3241/3241 3285/3285
f 3241/3241 3242/3242 3240/3240
f 3285/3285 3466/3466 3242/3242
f 3256/3256 3242/3242 3466/3466
f 3466/3466 3467/3467 3256/3256
f 3247/3247 3240/3240 3242/3242
f 3242/3242 3256/3256 3247/3247
f 3216/3216 3256/3256 3467/3467
f 3467/3467 3468/3468 3216/3216
f 3214/3214 3247/3247 3256/3256
f 3256/3256 3216/3216 3214/3214
f 3217/3217 3216/3216 3468/3468
f 3468/3468 4344/4344 3217/3217
f 4344/4344 4345/4345 3365/3365
f 3365/3365 3217/3217 4344/4344
f 3217/3217 3365/3365 3335/3335
f 3216/3216 3217/3217 3215/3215
f 3335/3335 3215/3215 3217/3217
f 3215/3215 3214/3214 3216/3216
f 3185/3185 3215/3215 3335/3335
f 3214/3214 3215/3215 3185/3185
f 3335/3335 3295/3295 3185/3185
f 3295/3295 3335/3335 3371/3371
f 3185/3185 3184/3184 3214/3214
f 3247/3247 3214/3214 3184/3184
f 3182/3182 3185/3185 3295/3295
f 3184/3184 3185/3185 3182/3182
f 3371/3371 3336/3336 3295/3295
f 3336/3336 3371/3371 3370/3370
f 3184/3184 3246/3246 3247/3247
f 3240/3240 3247/3247 3246/3246
f 3370/3370 3364/3364 3336/3336
f 3364/3364 3370/3370 3369/3369
f 3189/3189 3295/3295 3336/3336
f 3295/3295 3189/3189 3182/3182
f 3296/3296 3336/3336 3364/3364
f 3336/3336 3296/3296 3189/3189
f 3369/3369 3353/3353 3364/3364
f 3353/3353 3369/3369 3368/3368
f 3364/3364 3363/3363 3296/3296
f 3363/3363 3364/3364 3353/3353
f 3368/3368 3337/3337 3353/3353
f 3337/3337 3368/3368 3367/3367
f 3353/3353 3352/3352 3363/3363
f 3352/3352 3353/3353 3337/3337
f 3367/3367 3338/3338 3337/3337
f 3338/3338 3367/3367 3340/3340
f 3337/3337 3334/3334 3352/3352
f 3334/3334 3337/3337 3338/3338
f 3340/3340 3339/3339 3338/3338
f 3339/3339 3340/3340 3341/3341
f 3338/3338 3321/3321 3334/3334
f 3321/3321 3338/3338 3339/3339
f 3341/3341 3306/3306 3339/3339
f 3306/3306 3341/3341 3307/3307
f 3339/3339 3298/3298 3321/3321
f 3298/3298 3339/3339 3306/3306
f 3307/3307 3305/3305 3306/3306
f 3305/3305 3307/3307 3308/3308
f 3306/3306 3297/3297 3298/3298
f 3297/3297 3306/3306 3305/3305
f 3308/3308 3303/3303 3305/3305
f 3303/3303 3308/3308 3310/3310
f 3305/3305 3299/3299 3297/3297
f 3299/3299 3305/3305 3303/3303
f 3310/3310 3304/3304 3303/3303
f 3309/3309 3304/3304 3310/3310
f 3303/3303 3300/3300 3299/3299
f 3300/3300 3303/3303 3304/3304
f 3301/3301 3304/3304 3309/3309
f 3304/3304 3301/3301 3300/3300
f 3309/3309 3302/3302 3301/3301
f 4002/4002 3302/3302 3309/3309
f 3158/3158 3300/3300 3301/3301
f 3302/3302 4002/4002 3886/3886
f 4000/4000 3886/3886 4002/4002
f 3159/3159 3301/3301 3302/3302
f 3301/3301 3159/3159 3158/3158
f 3886/3886 4000/4000 3881/3881
f 3880/3880 3881/3881 4000/4000
f 3886/3886 3160/3160 3302/3302
f 3302/3302 3160/3160 3159/3159
f 3881/3881 3882/3882 3886/3886
f 3160/3160 3886/3886 3882/3882
f 3804/3804 3881/3881 3880/3880
f 3882/3882 3881/3881 3804/3804
f 3880/3880 3805/3805 3804/3804
f 3809/3809 3805/3805 3880/3880
f 3882/3882 3154/3154 3160/3160
f 3801/3801 3805/3805 3809/3809
f 3160/3160 3154/3154 3153/3153
f 3153/3153 3159/3159 3160/3160
f 3809/3809 3800/3800 3801/3801
f 3799/3799 3800/3800 3809/3809
f 3159/3159 3153/3153 3152/3152
f 3152/3152 3158/3158 3159/3159
f 3773/3773 3800/3800 3799/3799
f 3799/3799 3772/3772 3773/3773
f 3800/3800 3773/3773 3774/3774
f 3774/3774 3801/3801 3800/3800
f 3761/3761 3773/3773 3772/3772
f 3774/3774 3773/3773 3761/3761
f 3805/3805 3801/3801 3802/3802
f 3802/3802 3801/3801 3774/3774
f 3802/3802 3804/3804 3805/3805
f 3772/3772 3762/3762 3761/3761
f 3762/3762 3772/3772 4011/4011
f 3761/3761 3763/3763 3774/3774
f 4011/4011 3527/3527 3762/3762
f 3528/3528 3527/3527 4011/4011
f 3492/3492 3761/3761 3762/3762
f 3763/3763 3761/3761 3492/3492
f 3493/3493 3762/3762 3527/3527
f 3762/3762 3493/3493 3492/3492
f 3527/3527 3528/3528 3526/3526
f 3529/3529 3526/3526 3528/3528
f 3526/3526 3529/3529 3538/3538
f 3526/3526 3524/3524 3527/3527
f 3527/3527 3524/3524 3493/3493
f 3538/3538 4017/4017 3526/3526
f 3524/3524 3526/3526 4017/4017
f 4019/4019 4017/4017 3538/3538
f 4017/4017 4019/4019 4010/4010
f 4010/4010 3525/3525 4017/4017
f 4017/4017 3525/3525 3524/3524
f 3525/3525 4010/4010 3752/3752
f 3524/3524 3525/3525 3494/3494
f 3752/3752 3494/3494 3525/3525
f 3494/3494 3493/3493 3524/3524
f 3491/3491 3494/3494 3752/3752
f 3493/3493 3494/3494 3491/3491
f 3491/3491 3492/3492 3493/3493
f 3752/3752 3751/3751 3491/3491
f 3495/3495 3492/3492 3491/3491
f 3492/3492 3495/3495 3763/3763
f 3496/3496 3491/3491 3751/3751
f 3491/3491 3496/3496 3495/3495
f 3751/3751 3750/3750 3496/3496
f 3498/3498 3496/3496 3750/3750
f 3497/3497 3495/3495 3496/3496
f 3496/3496 3498/3498 3497/3497
f 3764/3764 3763/3763 3495/3495
f 3495/3495 3497/3497 3764/3764
f 3763/3763 3764/3764 3775/3775
f 3775/3775 3774/3774 3763/3763
f 3774/3774 3775/3775 3802/3802
f 3767/3767 3775/3775 3764/3764
f 3802/3802 3775/3775 3767/3767
f 3503/3503 3764/3764 3497/3497
f 3764/3764 3503/3503 3767/3767
f 3499/3499 3497/3497 3498/3498
f 3497/3497 3499/3499 3503/3503
f 3498/3498 3500/3500 3499/3499
f 3501/3501 3499/3499 3500/3500
f 3499/3499 3501/3501 3502/3502
f 3502/3502 3503/3503 3499/3499
f 3765/3765 3502/3502 3501/3501
f 3766/3766 3767/3767 3503/3503
f 3503/3503 3502/3502 3766/3766
f 3767/3767 3777/3777 3802/3802
f 3777/3777 3767/3767 3766/3766
f 3804/3804 3802/3802 3777/3777
f 3502/3502 3765/3765 3781/3781
f 3788/3788 3781/3781 3765/3765
f 3766/3766 3502/3502 3778/3778
f 3781/3781 3778/3778 3502/3502
f 3766/3766 3776/3776 3777/3777
f 3778/3778 3776/3776 3766/3766
f 3777/3777 3803/3803 3804/3804
f 3803/3803 3777/3777 3776/3776
f 3804/3804 3803/3803 3882/3882
f 3154/3154 3882/3882 3803/3803
f 3776/3776 3778/3778 3779/3779
f 3803/3803 3058/3058 3154/3154
f 3776/3776 3780/3780 3803/3803
f 3779/3779 3780/3780 3776/3776
f 3028/3028 3058/3058 3803/3803
f 3803/3803 3780/3780 3028/3028
f 3154/3154 3058/3058 3056/3056
f 3056/3056 3058/3058 3028/3028
f 3056/3056 3153/3153 3154/3154
f 3029/3029 3028/3028 3780/3780
f 3780/3780 3779/3779 3029/3029
f 3028/3028 3026/3026 3056/3056
f 3026/3026 3028/3028 3029/3029
f 3153/3153 3056/3056 3057/3057
f 3057/3057 3152/3152 3153/3153
f 3056/3056 3026/3026 3024/3024
f 3151/3151 3152/3152 3057/3057
f 3158/3158 3152/3152 3151/3151
f 3057/3057 3056/3056 3023/3023
f 3024/3024 3023/3023 3056/3056
f 3151/3151 3157/3157 3158/3158
f 3300/3300 3158/3158 3157/3157
f 3157/3157 3299/3299 3300/3300
f 3299/3299 3157/3157 3155/3155
f 3155/3155 3297/3297 3299/3299
f 3157/3157 3151/3151 3149/3149
f 3149/3149 3155/3155 3157/3157
f 3297/3297 3155/3155 3156/3156
f 3156/3156 3298/3298 3297/3297
f 3155/3155 3149/3149 3150/3150
f 3150/3150 3156/3156 3155/3155
f 3298/3298 3156/3156 3320/3320
f 3320/3320 3321/3321 3298/3298
f 3156/3156 3150/3150 3319/3319
f 3319/3319 3320/3320 3156/3156
f 3321/3321 3320/3320 3333/3333
f 3333/3333 3334/3334 3321/3321
f 3320/3320 3319/3319 3332/3332
f 3332/3332 3333/3333 3320/3320
f 3334/3334 3333/3333 3351/3351
f 3351/3351 3352/3352 3334/3334
f 3333/3333 3332/3332 3350/3350
f 3350/3350 3351/3351 3333/3333
f 3352/3352 3351/3351 3362/3362
f 3362/3362 3363/3363 3352/3352
f 3351/3351 3350/3350 3361/3361
f 3361/3361 3362/3362 3351/3351
f 3363/3363 3362/3362 3187/3187
f 3187/3187 3296/3296 3363/3363
f 3362/3362 3361/3361 3181/3181
f 3181/3181 3187/3187 3362/3362
f 3296/3296 3187/3187 3186/3186
f 3186/3186 3189/3189 3296/3296
f 3187/3187 3181/3181 3179/3179
f 3179/3179 3186/3186 3187/3187
f 3189/3189 3186/3186 3188/3188
f 3188/3188 3182/3182 3189/3189
f 3186/3186 3179/3179 3180/3180
f 3180/3180 3188/3188 3186/3186
f 3183/3183 3182/3182 3188/3188
f 3182/3182 3183/3183 3184/3184
f 3246/3246 3184/3184 3183/3183
f 3188/3188 3238/3238 3183/3183
f 3238/3238 3188/3188 3180/3180
f 3183/3183 3253/3253 3246/3246
f 3253/3253 3183/3183 3238/3238
f 3231/3231 3246/3246 3253/3253
f 3246/3246 3231/3231 3240/3240
f 3239/3239 3240/3240 3231/3231
f 3238/3238 3248/3248 3253/3253
f 3253/3253 3230/3230 3231/3231
f 3230/3230 3253/3253 3248/3248
f 3231/3231 3219/3219 3239/3239
f 3219/3219 3231/3231 3230/3230
f 3261/3261 3239/3239 3219/3219
f 3239/3239 3261/3261 3263/3263
f 3230/3230 3213/3213 3219/3219
f 3264/3264 3263/3263 3261/3261
f 3273/3273 3263/3263 3264/3264
f 3264/3264 3274/3274 3273/3273
f 3219/3219 3218/3218 3261/3261
f 3218/3218 3219/3219 3213/3213
f 3261/3261 3260/3260 3264/3264
f 3260/3260 3261/3261 3218/3218
f 3274/3274 3264/3264 3265/3265
f 3264/3264 3260/3260 3259/3259
f 3259/3259 3265/3265 3264/3264
f 3218/3218 3220/3220 3260/3260
f 3259/3259 3260/3260 3220/3220
f 3265/3265 3275/3275 3274/3274
f 3274/3274 3275/3275 3281/3281
f 3266/3266 3265/3265 3259/3259
f 3282/3282 3281/3281 3275/3275
f 3281/3281 3282/3282 3607/3607
f 3606/3606 3607/3607 3282/3282
f 3269/3269 3275/3275 3265/3265
f 3265/3265 3266/3266 3269/3269
f 3275/3275 3277/3277 3282/3282
f 3277/3277 3275/3275 3269/3269
f 3282/3282 3293/3293 3606/3606
f 3282/3282 3277/3277 3291/3291
f 3291/3291 3293/3293 3282/3282
f 3606/3606 3293/3293 3294/3294
f 3294/3294 3605/3605 3606/3606
f 4224/4224 3605/3605 3294/3294
f 3292/3292 3294/3294 3293/3293
f 3293/3293 3291/3291 3292/3292
f 3294/3294 3994/3994 4224/4224
f 3994/3994 3294/3294 3292/3292
f 4224/4224 3994/3994 3986/3986
f 3291/3291 3277/3277 3276/3276
f 3269/3269 3276/3276 3277/3277
f 3986/3986 3994/3994 3993/3993
f 3292/3292 3993/3993 3994/3994
f 3993/3993 3980/3980 3986/3986
f 3986/3986 3980/3980 3979/3979
f 3991/3991 3993/3993 3292/3292
f 3971/3971 3979/3979 3980/3980
f 3968/3968 3979/3979 3971/3971
f 3981/3981 3980/3980 3993/3993
f 3980/3980 3981/3981 3971/3971
f 3993/3993 3991/3991 3981/3981
f 3971/3971 3969/3969 3968/3968
f 3960/3960 3968/3968 3969/3969
f 3972/3972 3971/3971 3981/3981
f 3970/3970 3969/3969 3971/3971
f 3971/3971 3972/3972 3970/3970
f 3969/3969 3957/3957 3960/3960
f 3957/3957 3969/3969 3970/3970
f 3981/3981 3990/3990 3972/3972
f 3990/3990 3981/3981 3991/3991
f 3959/3959 3960/3960 3957/3957
f 3960/3960 3959/3959 3934/3934
f 3913/3913 3934/3934 3959/3959
f 3959/3959 3912/3912 3913/3913
f 3957/3957 3956/3956 3959/3959
f 3911/3911 3912/3912 3959/3959
f 3959/3959 3956/3956 3911/3911
f 3955/3955 3956/3956 3957/3957
f 3911/3911 3956/3956 3955/3955
f 3957/3957 3958/3958 3955/3955
f 3970/3970 3958/3958 3957/3957
f 3912/3912 3911/3911 3872/3872
f 3872/3872 3871/3871 3912/3912
f 3871/3871 3872/3872 3826/3826
f 4302/4302 3958/3958 3970/3970
f 3832/3832 3826/3826 3872/3872
f 3958/3958 4302/4302 4303/4303
f 4303/4303 3955/3955 3958/3958
f 3826/3826 3832/3832 3833/3833
f 3833/3833 3821/3821 3826/3826
f 3872/3872 3867/3867 3832/3832
f 3867/3867 3872/3872 3911/3911
f 3545/3545 3833/3833 3832/3832
f 3911/3911 3910/3910 3867/3867
f 3955/3955 3910/3910 3911/3911
f 3864/3864 3832/3832 3867/3867
f 3832/3832 3864/3864 3545/3545
f 4304/4304 3910/3910 3955/3955
f 3955/3955 4303/4303 4304/4304
f 3867/3867 3910/3910 3875/3875
f 3910/3910 4304/4304 4309/4309
f 4309/4309 3875/3875 3910/3910
f 3867/3867 3868/3868 3864/3864
f 3875/3875 3868/3868 3867/3867
f 4320/4320 4309/4309 4304/4304
f 3868/3868 3875/3875 3873/3873
f 3875/3875 4309/4309 4301/4301
f 4301/4301 3873/3873 3875/3875
f 4309/4309 4320/4320 4318/4318
f 4318/4318 4301/4301 4309/4309
f 4304/4304 4324/4324 4320/4320
f 4324/4324 4304/4304 4303/4303
f 4319/4319 4318/4318 4320/4320
f 4320/4320 4321/4321 4319/4319
f 4321/4321 4320/4320 4324/4324
f 4318/4318 4319/4319 4317/4317
f 4324/4324 4325/4325 4321/4321
f 4323/4323 4325/4325 4324/4324
f 4317/4317 4316/4316 4318/4318
f 4301/4301 4318/4318 4316/4316
f 4324/4324 4322/4322 4323/4323
f 4303/4303 4322/4322 4324/4324
f 4322/4322 4303/4303 4302/4302
f 4323/4323 4322/4322 4312/4312
f 4302/4302 4312/4312 4322/4322
f 4312/4312 4311/4311 4323/4323
f 4310/4310 4311/4311 4312/4312
f 4312/4312 4302/4302 4305/4305
f 3970/3970 4305/4305 4302/4302
f 4312/4312 4313/4313 4310/4310
f 4305/4305 4313/4313 4312/4312
f 4327/4327 4310/4310 4313/4313
f 4305/4305 3970/3970 3972/3972
f 4313/4313 4326/4326 4327/4327
f 4326/4326 4313/4313 4305/4305
f 3972/3972 4306/4306 4305/4305
f 4305/4305 4306/4306 4326/4326
f 4306/4306 3972/3972 3990/3990
f 4327/4327 4326/4326 4328/4328
f 4328/4328 4326/4326 4306/4306
f 4328/4328 4329/4329 4327/4327
f 3990/3990 4307/4307 4306/4306
f 4306/4306 4307/4307 4328/4328
f 4329/4329 4328/4328 4314/4314
f 4314/4314 4328/4328 4307/4307
f 4314/4314 4315/4315 4329/4329
f 4307/4307 3990/3990 3992/3992
f 3991/3991 3992/3992 3990/3990
f 4307/4307 4308/4308 4314/4314
f 3992/3992 4308/4308 4307/4307
f 4315/4315 4314/4314 3719/3719
f 3719/3719 3721/3721 4315/4315
f 3720/3720 3721/3721 3719/3719
f 4314/4314 4308/4308 3712/3712
f 3712/3712 3719/3719 4314/4314
f 3719/3719 3718/3718 3720/3720
f 3718/3718 3719/3719 3712/3712
f 3737/3737 3720/3720 3718/3718
f 3290/3290 3712/3712 4308/4308
f 4308/4308 3992/3992 3290/3290
f 3712/3712 3711/3711 3718/3718
f 3711/3711 3712/3712 3290/3290
f 3718/3718 3736/3736 3737/3737
f 3735/3735 3737/3737 3736/3736
f 3718/3718 3711/3711 3710/3710
f 3710/3710 3736/3736 3718/3718
f 3290/3290 3287/3287 3711/3711
f 3710/3710 3711/3711 3287/3287
f 3289/3289 3290/3290 3992/3992
f 3287/3287 3290/3290 3289/3289
f 3992/3992 3991/3991 3289/3289
f 3292/3292 3289/3289 3991/3991
f 3288/3288 3289/3289 3292/3292
f 3289/3289 3288/3288 3287/3287
f 3292/3292 3291/3291 3288/3288
f 3276/3276 3288/3288 3291/3291
f 3286/3286 3287/3287 3288/3288
f 3288/3288 3276/3276 3286/3286
f 3287/3287 3286/3286 3710/3710
f 3268/3268 3286/3286 3276/3276
f 3276/3276 3269/3269 3268/3268
f 3709/3709 3710/3710 3286/3286
f 3286/3286 3268/3268 3709/3709
f 3736/3736 3710/3710 3709/3709
f 3267/3267 3268/3268 3269/3269
f 3269/3269 3266/3266 3267/3267
f 3709/3709 3734/3734 3736/3736
f 3736/3736 3734/3734 3735/3735
f 3708/3708 3709/3709 3268/3268
f 3734/3734 3709/3709 3708/3708
f 3268/3268 3267/3267 3708/3708
f 3735/3735 3734/3734 3717/3717
f 3708/3708 3717/3717 3734/3734
f 3717/3717 3716/3716 3735/3735
f 3716/3716 3717/3717 3714/3714
f 3714/3714 3717/3717 3708/3708
f 3714/3714 3715/3715 3716/3716
f 3731/3731 3715/3715 3714/3714
f 3708/3708 3706/3706 3714/3714
f 3706/3706 3708/3708 3267/3267
f 3714/3714 3730/3730 3731/3731
f 3730/3730 3714/3714 3706/3706
f 3731/3731 3730/3730 3732/3732
f 3732/3732 3733/3733 3731/3731
f 3729/3729 3733/3733 3732/3732
f 3706/3706 3705/3705 3730/3730
f 3732/3732 3730/3730 3705/3705
f 3267/3267 3258/3258 3706/3706
f 3705/3705 3706/3706 3258/3258
f 3732/3732 3728/3728 3729/3729
f 3727/3727 3729/3729 3728/3728
f 3705/3705 3707/3707 3732/3732
f 3728/3728 3732/3732 3707/3707
f 3258/3258 3222/3222 3705/3705
f 3707/3707 3705/3705 3222/3222
f 3257/3257 3258/3258 3267/3267
f 3222/3222 3258/3258 3257/3257
f 3267/3267 3266/3266 3257/3257
f 3259/3259 3257/3257 3266/3266
f 3257/3257 3223/3223 3222/3222
f 3257/3257 3259/3259 3221/3221
f 3221/3221 3223/3223 3257/3257
f 3220/3220 3221/3221 3259/3259
f 3222/3222 3223/3223 3191/3191
f 3191/3191 3223/3223 3221/3221
f 3222/3222 3190/3190 3707/3707
f 3191/3191 3190/3190 3222/3222
f 3713/3713 3707/3707 3190/3190
f 3707/3707 3713/3713 3728/3728
f 3137/3137 3190/3190 3191/3191
f 3726/3726 3728/3728 3713/3713
f 3728/3728 3726/3726 3727/3727
f 3725/3725 3727/3727 3726/3726
f 3190/3190 3145/3145 3713/3713
f 3145/3145 3190/3190 3137/3137
f 3713/3713 3704/3704 3726/3726
f 3704/3704 3713/3713 3145/3145
f 3726/3726 3723/3723 3725/3725
f 3723/3723 3726/3726 3704/3704
f 3725/3725 3723/3723 3722/3722
f 3722/3722 3724/3724 3725/3725
f 4317/4317 3724/3724 3722/3722
f 3722/3722 4316/4316 4317/4317
f 3702/3702 3722/3722 3723/3723
f 4316/4316 3722/3722 3702/3702
f 3704/3704 3703/3703 3723/3723
f 3723/3723 3703/3703 3702/3702
f 3702/3702 4300/4300 4316/4316
f 4316/4316 4300/4300 4301/4301
f 3873/3873 4301/4301 4300/4300
f 4300/4300 3702/3702 3146/3146
f 3146/3146 3702/3702 3703/3703
f 4300/4300 3874/3874 3873/3873
f 3146/3146 3874/3874 4300/4300
f 3869/3869 3873/3873 3874/3874
f 3873/3873 3869/3869 3868/3868
f 3874/3874 3146/3146 3140/3140
f 3868/3868 3869/3869 3865/3865
f 3865/3865 3864/3864 3868/3868
f 3874/3874 3870/3870 3869/3869
f 3865/3865 3869/3869 3870/3870
f 3140/3140 3870/3870 3874/3874
f 3864/3864 3865/3865 3542/3542
f 3542/3542 3545/3545 3864/3864
f 3870/3870 3866/3866 3865/3865
f 3544/3544 3545/3545 3542/3542
f 3135/3135 3866/3866 3870/3870
f 3870/3870 3140/3140 3135/3135
f 3865/3865 3866/3866 3859/3859
f 3859/3859 3542/3542 3865/3865
f 3866/3866 3135/3135 3124/3124
f 3124/3124 3859/3859 3866/3866
f 3542/3542 3543/3543 3544/3544
f 3856/3856 3542/3542 3859/3859
f 3844/3844 3544/3544 3543/3543
f 3859/3859 3858/3858 3856/3856
f 3543/3543 3851/3851 3844/3844
f 3851/3851 3543/3543 3849/3849
f 3850/3850 3849/3849 3856/3856
f 3849/3849 3850/3850 3851/3851
f 3856/3856 3857/3857 3850/3850
f 3851/3851 3850/3850 3857/3857
f 3857/3857 3856/3856 3858/3858
f 3855/3855 3858/3858 3859/3859
f 3858/3858 3855/3855 3857/3857
f 3859/3859 3854/3854 3855/3855
f 3854/3854 3859/3859 3124/3124
f 3857/3857 3855/3855 3853/3853
f 3857/3857 3852/3852 3851/3851
f 3853/3853 3852/3852 3857/3857
f 3851/3851 3852/3852 3845/3845
f 3845/3845 3844/3844 3851/3851
f 3852/3852 3853/3853 3846/3846
f 3846/3846 3845/3845 3852/3852
f 3848/3848 3853/3853 3855/3855
f 3846/3846 3853/3853 3848/3848
f 3855/3855 3854/3854 3848/3848
f 3845/3845 3846/3846 3842/3842
f 3844/3844 3845/3845 3841/3841
f 3842/3842 3841/3841 3845/3845
f 3841/3841 3840/3840 3844/3844
f 3544/3544 3844/3844 3840/3840
f 3836/3836 3841/3841 3842/3842
f 3840/3840 3841/3841 3836/3836
f 3840/3840 3839/3839 3544/3544
f 3544/3544 3839/3839 3545/3545
f 3833/3833 3545/3545 3839/3839
f 3839/3839 3840/3840 3835/3835
f 3836/3836 3835/3835 3840/3840
f 3839/3839 3834/3834 3833/3833
f 3835/3835 3834/3834 3839/3839
f 3821/3821 3833/3833 3834/3834
f 3827/3827 3834/3834 3835/3835
f 3834/3834 3827/3827 3821/3821
f 3835/3835 3828/3828 3827/3827
f 3822/3822 3821/3821 3827/3827
f 3827/3827 3828/3828 3822/3822
f 3814/3814 3821/3821 3822/3822
f 3822/3822 3815/3815 3814/3814
f 3829/3829 3828/3828 3835/3835
f 3835/3835 3836/3836 3829/3829
f 3823/3823 3822/3822 3828/3828
f 3828/3828 3829/3829 3823/3823
f 3815/3815 3822/3822 3823/3823
f 3830/3830 3829/3829 3836/3836
f 3823/3823 3816/3816 3815/3815
f 3836/3836 3837/3837 3830/3830
f 3842/3842 3837/3837 3836/3836
f 3824/3824 3823/3823 3829/3829
f 3829/3829 3830/3830 3824/3824
f 3817/3817 3816/3816 3823/3823
f 3823/3823 3824/3824 3817/3817
f 3815/3815 3816/3816 3811/3811
f 3811/3811 3791/3791 3815/3815
f 3788/3788 3791/3791 3811/3811
f 3816/3816 3817/3817 3812/3812
f 3812/3812 3811/3811 3816/3816
f 3811/3811 3792/3792 3788/3788
f 3781/3781 3788/3788 3792/3792
f 3811/3811 3812/3812 3793/3793
f 3793/3793 3792/3792 3811/3811
f 3813/3813 3812/3812 3817/3817
f 3794/3794 3793/3793 3812/3812
f 3812/3812 3813/3813 3794/3794
f 3792/3792 3793/3793 3786/3786
f 3786/3786 3793/3793 3794/3794
f 3792/3792 3784/3784 3781/3781
f 3786/3786 3784/3784 3792/3792
f 3781/3781 3784/3784 3782/3782
f 3782/3782 3778/3778 3781/3781
f 3779/3779 3778/3778 3782/3782
f 3785/3785 3784/3784 3786/3786
f 3782/3782 3784/3784 3785/3785
f 3782/3782 3783/3783 3779/3779
f 3785/3785 3783/3783 3782/3782
f 3029/3029 3779/3779 3783/3783
f 3786/3786 3787/3787 3785/3785
f 3794/3794 3787/3787 3786/3786
f 3033/3033 3783/3783 3785/3785
f 3783/3783 3033/3033 3029/3029
f 3036/3036 3785/3785 3787/3787
f 3785/3785 3036/3036 3033/3033
f 3039/3039 3787/3787 3794/3794
f 3787/3787 3039/3039 3036/3036
f 3794/3794 3047/3047 3039/3039
f 3047/3047 3794/3794 3813/3813
f 3036/3036 3039/3039 3037/3037
f 3039/3039 3047/3047 3046/3046
f 3046/3046 3037/3037 3039/3039
f 3037/3037 3035/3035 3036/3036
f 3033/3033 3036/3036 3035/3035
f 3038/3038 3037/3037 3046/3046
f 3035/3035 3037/3037 3038/3038
f 3035/3035 3031/3031 3033/3033
f 3029/3029 3033/3033 3031/3031
f 3038/3038 3034/3034 3035/3035
f 3031/3031 3027/3027 3029/3029
f 3029/3029 3027/3027 3026/3026
f 3024/3024 3026/3026 3027/3027
f 3032/3032 3031/3031 3035/3035
f 3027/3027 3031/3031 3032/3032
f 3035/3035 3034/3034 3032/3032
f 3027/3027 3025/3025 3024/3024
f 3032/3032 3025/3025 3027/3027
f 3014/3014 3024/3024 3025/3025
f 3023/3023 3024/3024 3014/3014
f 3030/3030 3025/3025 3032/3032
f 3032/3032 3034/3034 3030/3030
f 3025/3025 3012/3012 3014/3014
f 3012/3012 3025/3025 3030/3030
f 3014/3014 3013/3013 3023/3023
f 3030/3030 3034/3034 3044/3044
f 3044/3044 3034/3034 3038/3038
f 3007/3007 3013/3013 3014/3014
f 3014/3014 3012/3012 3007/3007
f 3038/3038 3045/3045 3044/3044
f 3046/3046 3045/3045 3038/3038
f 3065/3065 3044/3044 3045/3045
f 3066/3066 3045/3045 3046/3046
f 3045/3045 3066/3066 3065/3065
f 3046/3046 3067/3067 3066/3066
f 3067/3067 3046/3046 3047/3047
f 3071/3071 3065/3065 3066/3066
f 3047/3047 3068/3068 3067/3067
f 3813/3813 3068/3068 3047/3047
f 3072/3072 3066/3066 3067/3067
f 3066/3066 3072/3072 3071/3071
f 3073/3073 3067/3067 3068/3068
f 3067/3067 3073/3073 3072/3072
f 3068/3068 3813/3813 3818/3818
f 3817/3817 3818/3818 3813/3813
f 3818/3818 3817/3817 3824/3824
f 3818/3818 3074/3074 3068/3068
f 3068/3068 3074/3074 3073/3073
f 3824/3824 3825/3825 3818/3818
f 3074/3074 3818/3818 3825/3825
f 3825/3825 3824/3824 3830/3830
f 3081/3081 3073/3073 3074/3074
f 3830/3830 3831/3831 3825/3825
f 3831/3831 3830/3830 3837/3837
f 3825/3825 3082/3082 3074/3074
f 3082/3082 3825/3825 3831/3831
f 3074/3074 3082/3082 3081/3081
f 3837/3837 3838/3838 3831/3831
f 3838/3838 3837/3837 3842/3842
f 3831/3831 3089/3089 3082/3082
f 3089/3089 3831/3831 3838/3838
f 3088/3088 3081/3081 3082/3082
f 3082/3082 3089/3089 3088/3088
f 3073/3073 3081/3081 3080/3080
f 3080/3080 3072/3072 3073/3073
f 3081/3081 3088/3088 3087/3087
f 3087/3087 3080/3080 3081/3081
f 3072/3072 3080/3080 3079/3079
f 3079/3079 3071/3071 3072/3072
f 3080/3080 3087/3087 3086/3086
f 3086/3086 3079/3079 3080/3080
f 3095/3095 3087/3087 3088/3088
f 3069/3069 3071/3071 3079/3079
f 3065/3065 3071/3071 3069/3069
f 3087/3087 3095/3095 3094/3094
f 3094/3094 3086/3086 3087/3087
f 3088/3088 3096/3096 3095/3095
f 3096/3096 3088/3088 3089/3089
f 3094/3094 3095/3095 3101/3101
f 3101/3101 3095/3095 3096/3096
f 3089/3089 3097/3097 3096/3096
f 3838/3838 3097/3097 3089/3089
f 3096/3096 3097/3097 3103/3103
f 3103/3103 3097/3097 3838/3838
f 3096/3096 3102/3102 3101/3101
f 3103/3103 3102/3102 3096/3096
f 3838/3838 3843/3843 3103/3103
f 3842/3842 3843/3843 3838/3838
f 3107/3107 3102/3102 3103/3103
f 3101/3101 3102/3102 3107/3107
f 3847/3847 3843/3843 3842/3842
f 3103/3103 3843/3843 3847/3847
f 3842/3842 3846/3846 3847/3847
f 3848/3848 3847/3847 3846/3846
f 3847/3847 3108/3108 3103/3103
f 3108/3108 3847/3847 3848/3848
f 3103/3103 3108/3108 3107/3107
f 3848/3848 3109/3109 3108/3108
f 3109/3109 3848/3848 3854/3854
f 3110/3110 3107/3107 3108/3108
f 3108/3108 3109/3109 3110/3110
f 3854/3854 3117/3117 3109/3109
f 3124/3124 3117/3117 3854/3854
f 3109/3109 3117/3117 3118/3118
f 3118/3118 3117/3117 3124/3124
f 3118/3118 3110/3110 3109/3109
f 3106/3106 3107/3107 3110/3110
f 3107/3107 3106/3106 3101/3101
f 3110/3110 3118/3118 3119/3119
f 3110/3110 3116/3116 3106/3106
f 3119/3119 3116/3116 3110/3110
f 3101/3101 3106/3106 3104/3104
f 3106/3106 3116/3116 3115/3115
f 3115/3115 3104/3104 3106/3106
f 3120/3120 3115/3115 3116/3116
f 3116/3116 3119/3119 3120/3120
f 3104/3104 3115/3115 3111/3111
f 3111/3111 3115/3115 3120/3120
f 3104/3104 3100/3100 3101/3101
f 3101/3101 3100/3100 3094/3094
f 3100/3100 3104/3104 3105/3105
f 3111/3111 3105/3105 3104/3104
f 3094/3094 3100/3100 3098/3098
f 3105/3105 3098/3098 3100/3100
f 3098/3098 3093/3093 3094/3094
f 3086/3086 3094/3094 3093/3093
f 3098/3098 3105/3105 3126/3126
f 3093/3093 3084/3084 3086/3086
f 3079/3079 3086/3086 3084/3084
f 3093/3093 3098/3098 3099/3099
f 3126/3126 3099/3099 3098/3098
f 3084/3084 3077/3077 3079/3079
f 3079/3079 3077/3077 3069/3069
f 3085/3085 3084/3084 3093/3093
f 3077/3077 3084/3084 3085/3085
f 3093/3093 3092/3092 3085/3085
f 3099/3099 3092/3092 3093/3093
f 3085/3085 3078/3078 3077/3077
f 3078/3078 3085/3085 3092/3092
f 3090/3090 3092/3092 3099/3099
f 3092/3092 3090/3090 3078/3078
f 3099/3099 3125/3125 3090/3090
f 3125/3125 3099/3099 3126/3126
f 3077/3077 3078/3078 3070/3070
f 3070/3070 3069/3069 3077/3077
f 3083/3083 3078/3078 3090/3090
f 3075/3075 3070/3070 3078/3078
f 3078/3078 3083/3083 3075/3075
f 3069/3069 3070/3070 3043/3043
f 3090/3090 3091/3091 3083/3083
f 3091/3091 3090/3090 3125/3125
f 3043/3043 3042/3042 3069/3069
f 3069/3069 3042/3042 3065/3065
f 3060/3060 3043/3043 3070/3070
f 3070/3070 3075/3075 3060/3060
f 3065/3065 3042/3042 3040/3040
f 3040/3040 3044/3044 3065/3065
f 3044/3044 3040/3040 3030/3030
f 3042/3042 3043/3043 3041/3041
f 3041/3041 3040/3040 3042/3042
f 3010/3010 3030/3030 3040/3040
f 3030/3030 3010/3010 3012/3012
f 3015/3015 3040/3040 3041/3041
f 3040/3040 3015/3015 3010/3010
f 3048/3048 3041/3041 3043/3043
f 3043/3043 3060/3060 3048/3048
f 3041/3041 3016/3016 3015/3015
f 3041/3041 3048/3048 3017/3017
f 3017/3017 3016/3016 3041/3041
f 3049/3049 3048/3048 3060/3060
f 2990/2990 3015/3015 3016/3016
f 3048/3048 3049/3049 3018/3018
f 3018/3018 3017/3017 3048/3048
f 3015/3015 2990/2990 2989/2989
f 2989/2989 3010/3010 3015/3015
f 3016/3016 2993/2993 2990/2990
f 2993/2993 3016/3016 3017/3017
f 2989/2989 2990/2990 2991/2991
f 2991/2991 2990/2990 2993/2993
f 3011/3011 3010/3010 2989/2989
f 2991/2991 2992/2992 2989/2989
f 2989/2989 2992/2992 3011/3011
f 3010/3010 3011/3011 3009/3009
f 3009/3009 3012/3012 3010/3010
f 2972/2972 3011/3011 2992/2992
f 3009/3009 3011/3011 2972/2972
f 2992/2992 2988/2988 2972/2972
f 2988/2988 2992/2992 2991/2991
f 3012/3012 3009/3009 3008/3008
f 3008/3008 3007/3007 3012/3012
f 2972/2972 2971/2971 3009/3009
f 2973/2973 3008/3008 3009/3009
f 3009/3009 2971/2971 2973/2973
f 2971/2971 2972/2972 2966/2966
f 2966/2966 2972/2972 2988/2988
f 2966/2966 2965/2965 2971/2971
f 2973/2973 2971/2971 2965/2965
f 2988/2988 2963/2963 2966/2966
f 2965/2965 2966/2966 2963/2963
f 2965/2965 2964/2964 2973/2973
f 2963/2963 2964/2964 2965/2965
f 3008/3008 2973/2973 2974/2974
f 2974/2974 2973/2973 2964/2964
f 3007/3007 3008/3008 3006/3006
f 2974/2974 3006/3006 3008/3008
f 3006/3006 3005/3005 3007/3007
f 3013/3013 3007/3007 3005/3005
f 3006/3006 2974/2974 2976/2976
f 3005/3005 3022/3022 3013/3013
f 3005/3005 3006/3006 3004/3004
f 2976/2976 3004/3004 3006/3006
f 3022/3022 3005/3005 3003/3003
f 3004/3004 3003/3003 3005/3005
f 3013/3013 3022/3022 3055/3055
f 3055/3055 3023/3023 3013/3013
f 3023/3023 3055/3055 3057/3057
f 3003/3003 3021/3021 3022/3022
f 3055/3055 3022/3022 3021/3021
f 3059/3059 3057/3057 3055/3055
f 3057/3057 3059/3059 3151/3151
f 3055/3055 3054/3054 3059/3059
f 3021/3021 3054/3054 3055/3055
f 3151/3151 3059/3059 3063/3063
f 3063/3063 3059/3059 3054/3054
f 3063/3063 3149/3149 3151/3151
f 3053/3053 3054/3054 3021/3021
f 3054/3054 3053/3053 3063/3063
f 3149/3149 3063/3063 3064/3064
f 3064/3064 3150/3150 3149/3149
f 3063/3063 3053/3053 3052/3052
f 3052/3052 3064/3064 3063/3063
f 3021/3021 3020/3020 3053/3053
f 3052/3052 3053/3053 3020/3020
f 3150/3150 3064/3064 3318/3318
f 3318/3318 3319/3319 3150/3150
f 3064/3064 3052/3052 3317/3317
f 3317/3317 3318/3318 3064/3064
f 3020/3020 3019/3019 3052/3052
f 3317/3317 3052/3052 3019/3019
f 3002/3002 3020/3020 3021/3021
f 3019/3019 3020/3020 3002/3002
f 3021/3021 3003/3003 3002/3002
f 3319/3319 3318/3318 3331/3331
f 3331/3331 3332/3332 3319/3319
f 2999/2999 3002/3002 3003/3003
f 3003/3003 3004/3004 2999/2999
f 3002/3002 3001/3001 3019/3019
f 3001/3001 3002/3002 2999/2999
f 3316/3316 3019/3019 3001/3001
f 3019/3019 3316/3316 3317/3317
f 2999/2999 3000/3000 3001/3001
f 2978/2978 2999/2999 3004/3004
f 3000/3000 2999/2999 2978/2978
f 3004/3004 2976/2976 2978/2978
f 3312/3312 3001/3001 3000/3000
f 3001/3001 3312/3312 3316/3316
f 2977/2977 2978/2978 2976/2976
f 2976/2976 2975/2975 2977/2977
f 2975/2975 2976/2976 2974/2974
f 2978/2978 2977/2977 2979/2979
f 2974/2974 2969/2969 2975/2975
f 2964/2964 2969/2969 2974/2974
f 2969/2969 2964/2964 2968/2968
f 2967/2967 2968/2968 2964/2964
f 2964/2964 2963/2963 2967/2967
f 2967/2967 2963/2963 2970/2970
f 2987/2987 2970/2970 2963/2963
f 2963/2963 2988/2988 2987/2987
f 2985/2985 2970/2970 2987/2987
f 2991/2991 2987/2987 2988/2988
f 2987/2987 2986/2986 2985/2985
f 2986/2986 2987/2987 2991/2991
f 2982/2982 2985/2985 2986/2986
f 2991/2991 2994/2994 2986/2986
f 2993/2993 2994/2994 2991/2991
f 2986/2986 2983/2983 2982/2982
f 2983/2983 2986/2986 2994/2994
f 2981/2981 2982/2982 2983/2983
f 2995/2995 2994/2994 2993/2993
f 2994/2994 2995/2995 2983/2983
f 2993/2993 2996/2996 2995/2995
f 3017/3017 2996/2996 2993/2993
f 2997/2997 2996/2996 3017/3017
f 2995/2995 2996/2996 2997/2997
f 3017/3017 3018/3018 2997/2997
f 2983/2983 2995/2995 2998/2998
f 2997/2997 2998/2998 2995/2995
f 2983/2983 2984/2984 2981/2981
f 2998/2998 2984/2984 2983/2983
f 3194/3194 2981/2981 2984/2984
f 2998/2998 2997/2997 3196/3196
f 3196/3196 2997/2997 3018/3018
f 2984/2984 2998/2998 3197/3197
f 3196/3196 3197/3197 2998/2998
f 2984/2984 3195/3195 3194/3194
f 3197/3197 3195/3195 2984/2984
f 3194/3194 3195/3195 3203/3203
f 3203/3203 3204/3204 3194/3194
f 3195/3195 3197/3197 3205/3205
f 3205/3205 3203/3203 3195/3195
f 3204/3204 3203/3203 3224/3224
f 3224/3224 3225/3225 3204/3204
f 3203/3203 3205/3205 3227/3227
f 3227/3227 3224/3224 3203/3203
f 3225/3225 3224/3224 3251/3251
f 3251/3251 3224/3224 3227/3227
f 3251/3251 3250/3250 3225/3225
f 3206/3206 3205/3205 3197/3197
f 3197/3197 3196/3196 3206/3206
f 3250/3250 3251/3251 3233/3233
f 3233/3233 3232/3232 3250/3250
f 3227/3227 3252/3252 3251/3251
f 3233/3233 3251/3251 3252/3252
f 3226/3226 3227/3227 3205/3205
f 3252/3252 3227/3227 3226/3226
f 3205/3205 3206/3206 3226/3226
f 3252/3252 3229/3229 3233/3233
f 3232/3232 3233/3233 3162/3162
f 3162/3162 3233/3233 3229/3229
f 3162/3162 3165/3165 3232/3232
f 3164/3164 3165/3165 3162/3162
f 3229/3229 3252/3252 3244/3244
f 3226/3226 3244/3244 3252/3252
f 3162/3162 3163/3163 3164/3164
f 3342/3342 3164/3164 3163/3163
f 3229/3229 3166/3166 3162/3162
f 3163/3163 3162/3162 3166/3166
f 3244/3244 3228/3228 3229/3229
f 3166/3166 3229/3229 3228/3228
f 3244/3244 3226/3226 3199/3199
f 3199/3199 3226/3226 3206/3206
f 3228/3228 3244/3244 3245/3245
f 3199/3199 3245/3245 3244/3244
f 3206/3206 3200/3200 3199/3199
f 3200/3200 3206/3206 3196/3196
f 3245/3245 3199/3199 3202/3202
f 3196/3196 3051/3051 3200/3200
f 3018/3018 3051/3051 3196/3196
f 3051/3051 3018/3018 3049/3049
f 3199/3199 3200/3200 3201/3201
f 3201/3201 3202/3202 3199/3199
f 3200/3200 3051/3051 3050/3050
f 3050/3050 3201/3201 3200/3200
f 3049/3049 3050/3050 3051/3051
f 3050/3050 3049/3049 3061/3061
f 3060/3060 3061/3061 3049/3049
f 3061/3061 3060/3060 3075/3075
f 3201/3201 3050/3050 3062/3062
f 3061/3061 3062/3062 3050/3050
f 3075/3075 3076/3076 3061/3061
f 3062/3062 3061/3061 3076/3076
f 3062/3062 3207/3207 3201/3201
f 3202/3202 3201/3201 3207/3207
f 3076/3076 3148/3148 3062/3062
f 3207/3207 3062/3062 3148/3148
f 3076/3076 3075/3075 3142/3142
f 3142/3142 3075/3075 3083/3083
f 3148/3148 3076/3076 3147/3147
f 3142/3142 3147/3147 3076/3076
f 3083/3083 3141/3141 3142/3142
f 3141/3141 3083/3083 3091/3091
f 3147/3147 3142/3142 3192/3192
f 3192/3192 3142/3142 3141/3141
f 3147/3147 3161/3161 3148/3148
f 3141/3141 3191/3191 3192/3192
f 3221/3221 3192/3192 3191/3191
f 3191/3191 3141/3141 3137/3137
f 3091/3091 3137/3137 3141/3141
f 3193/3193 3192/3192 3221/3221
f 3192/3192 3193/3193 3147/3147
f 3161/3161 3147/3147 3193/3193
f 3221/3221 3220/3220 3193/3193
f 3198/3198 3193/3193 3220/3220
f 3193/3193 3198/3198 3161/3161
f 3220/3220 3218/3218 3198/3198
f 3213/3213 3198/3198 3218/3218
f 3211/3211 3161/3161 3198/3198
f 3198/3198 3213/3213 3211/3211
f 3209/3209 3148/3148 3161/3161
f 3161/3161 3211/3211 3209/3209
f 3148/3148 3209/3209 3207/3207
f 3212/3212 3211/3211 3213/3213
f 3213/3213 3230/3230 3212/3212
f 3248/3248 3212/3212 3230/3230
f 3210/3210 3209/3209 3211/3211
f 3211/3211 3212/3212 3210/3210
f 3208/3208 3207/3207 3209/3209
f 3209/3209 3210/3210 3208/3208
f 3207/3207 3208/3208 3202/3202
f 3249/3249 3210/3210 3212/3212
f 3212/3212 3248/3248 3249/3249
f 3255/3255 3208/3208 3210/3210
f 3210/3210 3249/3249 3255/3255
f 3254/3254 3202/3202 3208/3208
f 3208/3208 3255/3255 3254/3254
f 3202/3202 3254/3254 3245/3245
f 3237/3237 3249/3249 3248/3248
f 3248/3248 3238/3238 3237/3237
f 3180/3180 3237/3237 3238/3238
f 3249/3249 3237/3237 3236/3236
f 3236/3236 3255/3255 3249/3249
f 3237/3237 3180/3180 3176/3176
f 3176/3176 3236/3236 3237/3237
f 3176/3176 3180/3180 3179/3179
f 3255/3255 3236/3236 3235/3235
f 3235/3235 3254/3254 3255/3255
f 3236/3236 3176/3176 3173/3173
f 3173/3173 3235/3235 3236/3236
f 3179/3179 3177/3177 3176/3176
f 3177/3177 3179/3179 3181/3181
f 3172/3172 3173/3173 3176/3176
f 3176/3176 3177/3177 3172/3172
f 3181/3181 3178/3178 3177/3177
f 3172/3172 3177/3177 3178/3178
f 3178/3178 3181/3181 3361/3361
f 3171/3171 3173/3173 3172/3172
f 3235/3235 3173/3173 3171/3171
f 3361/3361 3360/3360 3178/3178
f 3360/3360 3361/3361 3350/3350
f 3178/3178 3174/3174 3172/3172
f 3174/3174 3178/3178 3360/3360
f 3350/3350 3349/3349 3360/3360
f 3349/3349 3350/3350 3332/3332
f 3332/3332 3331/3331 3349/3349
f 3359/3359 3360/3360 3349/3349
f 3360/3360 3359/3359 3174/3174
f 3348/3348 3349/3349 3331/3331
f 3349/3349 3348/3348 3359/3359
f 3168/3168 3172/3172 3174/3174
f 3172/3172 3168/3168 3171/3171
f 3175/3175 3174/3174 3359/3359
f 3174/3174 3175/3175 3168/3168
f 3358/3358 3359/3359 3348/3348
f 3359/3359 3358/3358 3175/3175
f 3331/3331 3330/3330 3348/3348
f 3330/3330 3331/3331 3318/3318
f 3318/3318 3317/3317 3330/3330
f 3347/3347 3348/3348 3330/3330
f 3348/3348 3347/3347 3358/3358
f 3329/3329 3330/3330 3317/3317
f 3330/3330 3329/3329 3347/3347
f 3317/3317 3316/3316 3329/3329
f 3357/3357 3358/3358 3347/3347
f 3328/3328 3329/3329 3316/3316
f 3316/3316 3312/3312 3328/3328
f 3346/3346 3347/3347 3329/3329
f 3329/3329 3328/3328 3346/3346
f 3347/3347 3346/3346 3357/3357
f 3323/3323 3328/3328 3312/3312
f 3327/3327 3346/3346 3328/3328
f 3328/3328 3323/3323 3327/3327
f 3354/3354 3357/3357 3346/3346
f 3346/3346 3327/3327 3354/3354
f 3358/3358 3357/3357 3344/3344
f 3344/3344 3175/3175 3358/3358
f 3357/3357 3354/3354 3345/3345
f 3345/3345 3344/3344 3357/3357
f 3175/3175 3344/3344 3169/3169
f 3169/3169 3168/3168 3175/3175
f 3344/3344 3345/3345 3167/3167
f 3167/3167 3169/3169 3344/3344
f 3168/3168 3169/3169 3170/3170
f 3170/3170 3171/3171 3168/3168
f 3169/3169 3167/3167 3166/3166
f 3166/3166 3170/3170 3169/3169
f 3166/3166 3167/3167 3163/3163
f 3163/3163 3167/3167 3345/3345
f 3228/3228 3170/3170 3166/3166
f 3345/3345 3343/3343 3163/3163
f 3343/3343 3345/3345 3354/3354
f 3163/3163 3343/3343 3342/3342
f 3356/3356 3342/3342 3343/3343
f 3170/3170 3228/3228 3234/3234
f 3234/3234 3171/3171 3170/3170
f 3245/3245 3234/3234 3228/3228
f 3171/3171 3234/3234 3235/3235
f 3234/3234 3245/3245 3254/3254
f 3254/3254 3235/3235 3234/3234
f 3343/3343 3355/3355 3356/3356
f 3354/3354 3355/3355 3343/3343
f 3326/3326 3356/3356 3355/3355
f 3355/3355 3354/3354 3327/3327
f 3355/3355 3324/3324 3326/3326
f 3327/3327 3324/3324 3355/3355
f 3325/3325 3326/3326 3324/3324
f 3324/3324 3327/3327 3323/3323
f 3324/3324 3322/3322 3325/3325
f 3323/3323 3322/3322 3324/3324
f 3314/3314 3325/3325 3322/3322
f 3322/3322 3323/3323 3313/3313
f 3312/3312 3313/3313 3323/3323
f 3322/3322 3315/3315 3314/3314
f 3313/3313 3315/3315 3322/3322
f 2979/2979 3314/3314 3315/3315
f 3000/3000 3313/3313 3312/3312
f 3315/3315 2980/2980 2979/2979
f 2980/2980 3315/3315 3313/3313
f 3313/3313 3000/3000 2980/2980
f 2979/2979 2980/2980 2978/2978
f 2978/2978 2980/2980 3000/3000
f 3114/3114 3126/3126 3105/3105
f 3105/3105 3111/3111 3114/3114
f 3126/3126 3114/3114 3131/3131
f 3113/3113 3114/3114 3111/3111
f 3131/3131 3125/3125 3126/3126
f 3111/3111 3112/3112 3113/3113
f 3120/3120 3112/3112 3111/3111
f 3121/3121 3113/3113 3112/3112
f 3112/3112 3120/3120 3121/3121
f 3122/3122 3121/3121 3120/3120
f 3120/3120 3119/3119 3122/3122
f 3121/3121 3122/3122 3123/3123
f 3123/3123 3122/3122 3119/3119
f 3123/3123 3131/3131 3121/3121
f 3119/3119 3118/3118 3123/3123
f 3124/3124 3123/3123 3118/3118
f 3134/3134 3123/3123 3124/3124
f 3124/3124 3135/3135 3134/3134
f 3133/3133 3131/3131 3123/3123
f 3123/3123 3134/3134 3133/3133
f 3139/3139 3134/3134 3135/3135
f 3133/3133 3134/3134 3139/3139
f 3135/3135 3140/3140 3139/3139
f 3131/3131 3133/3133 3132/3132
f 3132/3132 3125/3125 3131/3131
f 3125/3125 3132/3132 3091/3091
f 3137/3137 3091/3091 3132/3132
f 3132/3132 3136/3136 3137/3137
f 3136/3136 3132/3132 3133/3133
f 3137/3137 3136/3136 3145/3145
f 3133/3133 3138/3138 3136/3136
f 3139/3139 3138/3138 3133/3133
f 3144/3144 3145/3145 3136/3136
f 3136/3136 3138/3138 3144/3144
f 3145/3145 3144/3144 3704/3704
f 3703/3703 3704/3704 3144/3144
f 3138/3138 3139/3139 3143/3143
f 3143/3143 3144/3144 3138/3138
f 3144/3144 3143/3143 3703/3703
f 3143/3143 3139/3139 3140/3140
f 3703/3703 3143/3143 3146/3146
f 3140/3140 3146/3146 3143/3143
f 3562/3562 3555/3555 3563/3563
f 3571/3571 3563/3563 3555/3555
f 3555/3555 3562/3562 3561/3561
f 3560/3560 3561/3561 3562/3562
f 3555/3555 3554/3554 3571/3571
f 3561/3561 3556/3556 3555/3555
f 3554/3554 3555/3555 3556/3556
f 3561/3561 3560/3560 4339/4339
f 3571/3571 3554/3554 3553/3553
f 3553/3553 3574/3574 3571/3571
f 3556/3556 3561/3561 4343/4343
f 4339/4339 4343/4343 3561/3561
f 3574/3574 3553/3553 3552/3552
f 3552/3552 3575/3575 3574/3574
f 3539/3539 3553/3553 3554/3554
f 3575/3575 3552/3552 3551/3551
f 3551/3551 3581/3581 3575/3575
f 3541/3541 3552/3552 3553/3553
f 3553/3553 3539/3539 3541/3541
f 3548/3548 3551/3551 3552/3552
f 3552/3552 3541/3541 3548/3548
f 3581/3581 3551/3551 3550/3550
f 3550/3550 3582/3582 3581/3581
f 3547/3547 3550/3550 3551/3551
f 3551/3551 3548/3548 3547/3547
f 3549/3549 3582/3582 3550/3550
f 3550/3550 3547/3547 3549/3549
f 3583/3583 3582/3582 3549/3549
f 3549/3549 3474/3474 3583/3583
f 3546/3546 3547/3547 3548/3548
f 3549/3549 3547/3547 3546/3546
f 3475/3475 3474/3474 3549/3549
f 3546/3546 3475/3475 3549/3549
f 3469/3469 3474/3474 3475/3475
f 3548/3548 3485/3485 3546/3546
f 3485/3485 3548/3548 3541/3541
f 3475/3475 3546/3546 4334/4334
f 4334/4334 3546/3546 3485/3485
f 3475/3475 3470/3470 3469/3469
f 4334/4334 3470/3470 3475/3475
f 3469/3469 3470/3470 3471/3471
f 3473/3473 3469/3469 3471/3471
f 3470/3470 4334/4334 4347/4347
f 3471/3471 3470/3470 3486/3486
f 4347/4347 3486/3486 3470/3470
f 3471/3471 3472/3472 3473/3473
f 3471/3471 3486/3486 4337/4337
f 4337/4337 3472/3472 3471/3471
f 4337/4337 3486/3486 4347/4347
f 4336/4336 3473/3473 3472/3472
f 4336/4336 3472/3472 4337/4337
f 3560/3560 3473/3473 4336/4336
f 4336/4336 4339/4339 3560/3560
f 4347/4347 4340/4340 4337/4337
f 4336/4336 4337/4337 4340/4340
f 4346/4346 4347/4347 4334/4334
f 4340/4340 4347/4347 4346/4346
f 4334/4334 3484/3484 4346/4346
f 3485/3485 3484/3484 4334/4334
f 4346/4346 4348/4348 4340/4340
f 4348/4348 4346/4346 3484/3484
f 4340/4340 4341/4341 4336/4336
f 4341/4341 4340/4340 4348/4348
f 4336/4336 4341/4341 4342/4342
f 4348/4348 4342/4342 4341/4341
f 4338/4338 4339/4339 4336/4336
f 4342/4342 4338/4338 4336/4336
f 3484/3484 3482/3482 4348/4348
f 4342/4342 4348/4348 3482/3482
f 3484/3484 3485/3485 3483/3483
f 3483/3483 3482/3482 3484/3484
f 3541/3541 3483/3483 3485/3485
f 3482/3482 3481/3481 4342/4342
f 3481/3481 3482/3482 3483/3483
f 4338/4338 4342/4342 3481/3481
f 3479/3479 3483/3483 3541/3541
f 3483/3483 3479/3479 3481/3481
f 3541/3541 3539/3539 3479/3479
f 3481/3481 3480/3480 4338/4338
f 4339/4339 4338/4338 3480/3480
f 3480/3480 4343/4343 4339/4339
f 3481/3481 3479/3479 3478/3478
f 3478/3478 3480/3480 3481/3481
f 3477/3477 4343/4343 3480/3480
f 3480/3480 3478/3478 3477/3477
f 4343/4343 3477/3477 3556/3556
f 3478/3478 3479/3479 3476/3476
f 3476/3476 3477/3477 3478/3478
f 3476/3476 3479/3479 3539/3539
f 3540/3540 3556/3556 3477/3477
f 3477/3477 3476/3476 3540/3540
f 3539/3539 3540/3540 3476/3476
f 3556/3556 3540/3540 3554/3554
f 3554/3554 3540/3540 3539/3539
f 4181/4181 4182/4182 4177/4177
f 4177/4177 4182/4182 4190/4190
f 4161/4161 4181/4181 4177/4177
f 4165/4165 4181/4181 4161/4161
f 4190/4190 4176/4176 4177/4177
f 4177/4177 4162/4162 4161/4161
f 4162/4162 4177/4177 4176/4176
f 4159/4159 4165/4165 4161/4161
f 4160/4160 4161/4161 4162/4162
f 4161/4161 4160/4160 4159/4159
f 4176/4176 4166/4166 4162/4162
f 4162/4162 4139/4139 4160/4160
f 4139/4139 4162/4162 4166/4166
f 4159/4159 4160/4160 4142/4142
f 4142/4142 4160/4160 4139/4139
f 4165/4165 4159/4159 4155/4155
f 4155/4155 4133/4133 4165/4165
f 4142/4142 4158/4158 4159/4159
f 4158/4158 4155/4155 4159/4159
f 4139/4139 4138/4138 4142/4142
f 4158/4158 4142/4142 4141/4141
f 4141/4141 4142/4142 4138/4138
f 4137/4137 4138/4138 4139/4139
f 4166/4166 4137/4137 4139/4139
f 4138/4138 4137/4137 4140/4140
f 4138/4138 4140/4140 4141/4141
f 4137/4137 4166/4166 4167/4167
f 4167/4167 4140/4140 4137/4137
f 4167/4167 4166/4166 4176/4176
f 4176/4176 4175/4175 4167/4167
f 4175/4175 4176/4176 4190/4190
f 4190/4190 4193/4193 4175/4175
f 4140/4140 4167/4167 4168/4168
f 4168/4168 4167/4167 4175/4175
f 4174/4174 4175/4175 4193/4193
f 4175/4175 4174/4174 4168/4168
f 4193/4193 4194/4194 4174/4174
f 4168/4168 4143/4143 4140/4140
f 4141/4141 4140/4140 4143/4143
f 4172/4172 4174/4174 4194/4194
f 4194/4194 4200/4200 4172/4172
f 4169/4169 4168/4168 4174/4174
f 4174/4174 4172/4172 4169/4169
f 4173/4173 4172/4172 4200/4200
f 4200/4200 4201/4201 4173/4173
f 4172/4172 4173/4173 4170/4170
f 4170/4170 4169/4169 4172/4172
f 4173/4173 4201/4201 4171/4171
f 4171/4171 4170/4170 4173/4173
f 4171/4171 4201/4201 4202/4202
f 4202/4202 4136/4136 4171/4171
f 4169/4169 4170/4170 4148/4148
f 4148/4148 4170/4170 4171/4171
f 4135/4135 4171/4171 4136/4136
f 4171/4171 4135/4135 4148/4148
f 4135/4135 4136/4136 4130/4130
f 4148/4148 4145/4145 4169/4169
f 4168/4168 4169/4169 4145/4145
f 4145/4145 4143/4143 4168/4168
f 4149/4149 4148/4148 4135/4135
f 4145/4145 4148/4148 4149/4149
f 4130/4130 4132/4132 4135/4135
f 4135/4135 4132/4132 4149/4149
f 4143/4143 4145/4145 4146/4146
f 4149/4149 4146/4146 4145/4145
f 4146/4146 4144/4144 4143/4143
f 4143/4143 4144/4144 4141/4141
f 4151/4151 4146/4146 4149/4149
f 4156/4156 4141/4141 4144/4144
f 4141/4141 4156/4156 4158/4158
f 4154/4154 4144/4144 4146/4146
f 4144/4144 4154/4154 4156/4156
f 4146/4146 4151/4151 4154/4154
f 4155/4155 4158/4158 4156/4156
f 4157/4157 4156/4156 4154/4154
f 4156/4156 4157/4157 4155/4155
f 4154/4154 4153/4153 4157/4157
f 4153/4153 4154/4154 4151/4151
f 4155/4155 4157/4157 4153/4153
f 4149/4149 4152/4152 4151/4151
f 4151/4151 4152/4152 4153/4153
f 4152/4152 4149/4149 4132/4132
f 4153/4153 4150/4150 4155/4155
f 4150/4150 4153/4153 4152/4152
f 4132/4132 4147/4147 4152/4152
f 4152/4152 4147/4147 4150/4150
f 4131/4131 4147/4147 4132/4132
f 4150/4150 4147/4147 4131/4131
f 4130/4130 4131/4131 4132/4132
f 4131/4131 4130/4130 4133/4133
f 4155/4155 4150/4150 4134/4134
f 4131/4131 4134/4134 4150/4150
f 4155/4155 4134/4134 4133/4133
f 4133/4133 4134/4134 4131/4131
o head_male_a.1
v -0.034718 0.135553 1.683969
v -0.036806 0.134403 1.689708
v -0.034452 0.134403 1.690071
v -0.032136 0.134403 1.689504
v -0.030216 0.134403 1.688095
v -0.028941 0.134403 1.686068
v -0.028507 0.134403 1.683742
v -0.029103 0.134403 1.681436
v -0.030587 0.134403 1.679482
v -0.032629 0.134403 1.67823
v -0.034985 0.134403 1.677868
v -0.037298 0.134403 1.678434
v -0.03922 0.134403 1.679843
v -0.040456 0.134403 1.68188
v -0.04082 0.134403 1.684235
v -0.040253 0.134403 1.68655
v -0.038843 0.134403 1.688472
v -0.037739 0.131126 1.69446
v -0.033131 0.131126 1.695081
v -0.028591 0.131126 1.693995
v -0.024723 0.131126 1.69131
v -0.023835 0.131126 1.687823
v -0.023086 0.131126 1.683641
v -0.024167 0.131126 1.679396
v -0.025344 0.131126 1.67551
v -0.029332 0.131126 1.673136
v -0.034065 0.131126 1.672522
v -0.038679 0.131126 1.673615
v -0.042561 0.131126 1.676295
v -0.04532 0.131126 1.68011
v -0.045991 0.131126 1.684462
v -0.044944 0.131126 1.688738
v -0.042352 0.131126 1.691726
v -0.036238 0.126223 1.698164
v -0.024939 0.126223 1.695446
v -0.018634 0.126223 1.685833
v -0.021295 0.126223 1.675172
v -0.031505 0.126224 1.669499
v -0.031505 0.126224 1.669499
v -0.042897 0.126223 1.672277
v -0.049004 0.126223 1.681859
v -0.04622 0.126223 1.692557
v -0.036679 0.120441 1.699375
v -0.024552 0.120441 1.696448
v -0.017942 0.120441 1.68613
v -0.020862 0.120441 1.674512
v -0.031621 0.120441 1.668351
v -0.031505 0.126224 1.669499
v -0.031505 0.126224 1.669499
v -0.031621 0.120441 1.668351
v -0.043795 0.120441 1.671356
v -0.031505 0.126224 1.669499
v -0.050356 0.120441 1.68172
v -0.047377 0.120441 1.693295
v 0.034718 0.135553 1.683969
v 0.034452 0.134403 1.690071
v 0.036806 0.134403 1.689708
v 0.032136 0.134403 1.689504
v 0.030216 0.134403 1.688095
v 0.028941 0.134403 1.686068
v 0.028507 0.134403 1.683742
v 0.029103 0.134403 1.681436
v 0.030587 0.134403 1.679482
v 0.032629 0.134403 1.67823
v 0.034985 0.134403 1.677868
v 0.037298 0.134403 1.678434
v 0.03922 0.134403 1.679843
v 0.040456 0.134403 1.68188
v 0.04082 0.134403 1.684235
v 0.040253 0.134403 1.68655
v 0.038843 0.134403 1.688472
v 0.033131 0.131126 1.695081
v 0.037739 0.131126 1.69446
v 0.028591 0.131126 1.693995
v 0.024723 0.131126 1.69131
v 0.023835 0.131126 1.687823
v 0.023086 0.131126 1.683641
v 0.024167 0.131126 1.679396
v 0.025344 0.131126 1.67551
v 0.029332 0.131126 1.673136
v 0.034065 0.131126 1.672521
v 0.038679 0.131127 1.673613
v 0.042561 0.131126 1.676295
v 0.04532 0.131126 1.68011
v 0.045991 0.131126 1.684462
v 0.044944 0.131126 1.688738
v 0.042352 0.131126 1.691726
v 0.036238 0.126223 1.698164
v 0.024939 0.126223 1.695446
v 0.018634 0.126223 1.685833
v 0.021295 0.126223 1.675172
v 0.0315 0.126236 1.669466
v 0.042973 0.126272 1.672171
v 0.0315 0.126236 1.669466
v 0.049004 0.126223 1.681859
v 0.04622 0.126223 1.692557
v 0.024552 0.120441 1.696448
v 0.036679 0.120441 1.699375
v 0.017942 0.120441 1.68613
v 0.020862 0.120441 1.674512
v 0.0315 0.126236 1.669466
v 0.031621 0.120441 1.668351
v 0.0315 0.126236 1.669466
v 0.043795 0.120441 1.671356
v 0.031621 0.120441 1.668351
v 0.031621 0.120441 1.668351
v 0.0315 0.126236 1.669466
v 0.050356 0.120441 1.68172
v 0.047377 0.120441 1.693295
vt 0.520366 0.5
vt 0.58813 0.39187503
vt 0.541826 0.37379903
vt 0.491972 0.37553197
vt 0.446494 0.39575398
vt 0.412158 0.431741
vt 0.394164 0.478127
vt 0.395815 0.527898
vt 0.416037 0.573459
vt 0.452106 0.607795
vt 0.49841 0.625789
vt 0.548264 0.62446797
vt 0.593742 0.603916
vt 0.628078 0.567847
vt 0.646072 0.52146
vt 0.644834 0.471689
vt 0.624199 0.426211
vt 0.6791 0.2349
vt 0.5647 0.19129997
vt 0.4393 0.19440001
vt 0.3275 0.24430001
vt 0.2417 0.33530003
vt 0.198 0.44919997
vt 0.2011 0.5746
vt 0.251 0.6864
vt 0.3415 0.7722
vt 0.456 0.81589997
vt 0.5813 0.81270003
vt 0.6931 0.7628
vt 0.7789 0.6723
vt 0.8226 0.5579
vt 0.8195 0.43260002
vt 0.7696 0.32130003
vt 0.626 0.1731
vt 0.3577 0.1803
vt 0.173 0.37480003
vt 0.1803 0.64320004
vt 0.3748 0.8273
vt 0.3748 0.8273
vt 0.6432 0.8205
vt 0.8278 0.62549996
vt 0.8205 0.3577
vt 0.6666 0.0711
vt 0.3114 0.0711
vt 0.0711 0.33380002
vt 0.0711 0.6895
vt 0.3343 0.9295
vt 0.3748 0.8273
vt 0.3748 0.8273
vt 0.3343 0.9295
vt 0.6895 0.9295
vt 0.3748 0.8273
vt 0.9297 0.6666
vt 0.9297 0.31089997
vt 0.520366 0.5
vt 0.541826 0.37379903
vt 0.58813 0.39187503
vt 0.491972 0.37553197
vt 0.446494 0.39575398
vt 0.412158 0.431741
vt 0.394164 0.478127
vt 0.395815 0.527898
vt 0.416037 0.573459
vt 0.452106 0.607795
vt 0.49841 0.625789
vt 0.548264 0.62446797
vt 0.593742 0.603916
vt 0.628078 0.567847
vt 0.646072 0.52146
vt 0.644834 0.471689
vt 0.624199 0.426211
vt 0.5647 0.19129997
vt 0.6791 0.2349
vt 0.4393 0.19440001
vt 0.3275 0.24430001
vt 0.2417 0.33530003
vt 0.198 0.44919997
vt 0.2011 0.5746
vt 0.251 0.6864
vt 0.3415 0.7722
vt 0.456 0.81589997
vt 0.5813 0.81270003
vt 0.6931 0.7628
vt 0.7789 0.6723
vt 0.8226 0.5579
vt 0.8195 0.43260002
vt 0.7696 0.32130003
vt 0.626 0.1731
vt 0.3577 0.1803
vt 0.173 0.37480003
vt 0.1803 0.64320004
vt 0.3748 0.8273
vt 0.6432 0.8205
vt 0.3748 0.8273
vt 0.8278 0.62549996
vt 0.8205 0.3577
vt 0.3114 0.0711
vt 0.6666 0.0711
vt 0.0711 0.33380002
vt 0.0711 0.6895
vt 0.3748 0.8273
vt 0.3343 0.9295
vt 0.3748 0.8273
vt 0.6895 0.9295
vt 0.3343 0.9295
vt 0.3343 0.9295
vt 0.3748 0.8273
vt 0.9297 0.6666
vt 0.9297 0.31089997
f 4397/4397 4398/4398 4399/4399
f 4400/4400 4388/4388 4397/4397
f 4396/4396 4397/4397 4388/4388
f 4388/4388 4387/4387 4396/4396
f 4395/4395 4396/4396 4387/4387
f 4387/4387 4386/4386 4395/4395
f 4394/4394 4395/4395 4386/4386
f 4387/4387 4388/4388 4375/4375
f 4386/4386 4385/4385 4394/4394
f 4405/4405 4394/4394 4385/4385
f 4386/4386 4387/4387 4373/4373
f 4385/4385 4393/4393 4405/4405
f 4404/4404 4405/4405 4393/4393
f 4373/4373 4387/4387 4374/4374
f 4375/4375 4374/4374 4387/4387
f 4393/4393 4392/4392 4404/4404
f 4402/4402 4404/4404 4392/4392
f 4374/4374 4375/4375 4359/4359
f 4392/4392 4391/4391 4402/4402
f 4401/4401 4402/4402 4391/4391
f 4391/4391 4403/4403 4401/4401
f 4359/4359 4358/4358 4374/4374
f 4373/4373 4374/4374 4358/4358
f 4360/4360 4359/4359 4375/4375
f 4358/4358 4357/4357 4373/4373
f 4375/4375 4376/4376 4360/4360
f 4375/4375 4388/4388 4376/4376
f 4352/4352 4358/4358 4359/4359
f 4352/4352 4359/4359 4360/4360
f 4352/4352 4357/4357 4358/4358
f 4361/4361 4360/4360 4376/4376
f 4352/4352 4360/4360 4361/4361
f 4377/4377 4376/4376 4388/4388
f 4376/4376 4377/4377 4361/4361
f 4388/4388 4389/4389 4377/4377
f 4377/4377 4389/4389 4378/4378
f 4362/4362 4361/4361 4377/4377
f 4377/4377 4378/4378 4362/4362
f 4352/4352 4361/4361 4362/4362
f 4363/4363 4362/4362 4378/4378
f 4352/4352 4362/4362 4363/4363
f 4378/4378 4379/4379 4363/4363
f 4379/4379 4378/4378 4390/4390
f 4390/4390 4391/4391 4379/4379
f 4364/4364 4363/4363 4379/4379
f 4352/4352 4363/4363 4364/4364
f 4379/4379 4391/4391 4380/4380
f 4379/4379 4380/4380 4364/4364
f 4381/4381 4380/4380 4391/4391
f 4391/4391 4392/4392 4381/4381
f 4365/4365 4364/4364 4380/4380
f 4380/4380 4381/4381 4365/4365
f 4352/4352 4364/4364 4365/4365
f 4366/4366 4365/4365 4381/4381
f 4352/4352 4365/4365 4366/4366
f 4381/4381 4392/4392 4382/4382
f 4381/4381 4382/4382 4366/4366
f 4383/4383 4382/4382 4392/4392
f 4392/4392 4393/4393 4383/4383
f 4367/4367 4366/4366 4382/4382
f 4382/4382 4383/4383 4367/4367
f 4352/4352 4366/4366 4367/4367
f 4383/4383 4393/4393 4384/4384
f 4367/4367 4383/4383 4384/4384
f 4369/4369 4384/4384 4393/4393
f 4393/4393 4385/4385 4369/4369
f 4384/4384 4368/4368 4367/4367
f 4352/4352 4367/4367 4368/4368
f 4353/4353 4368/4368 4384/4384
f 4352/4352 4368/4368 4353/4353
f 4384/4384 4369/4369 4353/4353
f 4352/4352 4353/4353 4354/4354
f 4354/4354 4353/4353 4369/4369
f 4369/4369 4385/4385 4370/4370
f 4369/4369 4370/4370 4354/4354
f 4371/4371 4370/4370 4385/4385
f 4385/4385 4386/4386 4371/4371
f 4355/4355 4354/4354 4370/4370
f 4352/4352 4354/4354 4355/4355
f 4370/4370 4371/4371 4355/4355
f 4352/4352 4355/4355 4356/4356
f 4356/4356 4355/4355 4371/4371
f 4352/4352 4356/4356 4357/4357
f 4371/4371 4386/4386 4372/4372
f 4371/4371 4372/4372 4356/4356
f 4357/4357 4356/4356 4372/4372
f 4373/4373 4372/4372 4386/4386
f 4372/4372 4373/4373 4357/4357
f 4452/4452 4453/4453 4451/4451
f 4451/4451 4442/4442 4454/4454
f 4442/4442 4451/4451 4450/4450
f 4450/4450 4441/4441 4442/4442
f 4441/4441 4450/4450 4448/4448
f 4448/4448 4440/4440 4441/4441
f 4440/4440 4448/4448 4449/4449
f 4429/4429 4442/4442 4441/4441
f 4449/4449 4439/4439 4440/4440
f 4439/4439 4449/4449 4460/4460
f 4427/4427 4441/4441 4440/4440
f 4460/4460 4447/4447 4439/4439
f 4447/4447 4460/4460 4459/4459
f 4427/4427 4428/4428 4441/4441
f 4441/4441 4428/4428 4429/4429
f 4459/4459 4446/4446 4447/4447
f 4446/4446 4459/4459 4455/4455
f 4444/4444 4455/4455 4456/4456
f 4455/4455 4444/4444 4446/4446
f 4457/4457 4458/4458 4444/4444
f 4437/4437 4447/4447 4446/4446
f 4435/4435 4446/4446 4444/4444
f 4446/4446 4436/4436 4437/4437
f 4435/4435 4436/4436 4446/4446
f 4437/4437 4438/4438 4447/4447
f 4421/4421 4437/4437 4436/4436
f 4438/4438 4437/4437 4421/4421
f 4420/4420 4436/4436 4435/4435
f 4436/4436 4420/4420 4421/4421
f 4447/4447 4438/4438 4424/4424
f 4424/4424 4439/4439 4447/4447
f 4421/4421 4422/4422 4438/4438
f 4408/4408 4424/4424 4438/4438
f 4438/4438 4422/4422 4408/4408
f 4424/4424 4423/4423 4439/4439
f 4406/4406 4422/4422 4421/4421
f 4406/4406 4408/4408 4422/4422
f 4406/4406 4421/4421 4420/4420
f 4424/4424 4408/4408 4407/4407
f 4407/4407 4423/4423 4424/4424
f 4406/4406 4407/4407 4408/4408
f 4423/4423 4407/4407 4409/4409
f 4406/4406 4409/4409 4407/4407
f 4439/4439 4423/4423 4425/4425
f 4409/4409 4425/4425 4423/4423
f 4425/4425 4440/4440 4439/4439
f 4425/4425 4409/4409 4410/4410
f 4406/4406 4410/4410 4409/4409
f 4425/4425 4426/4426 4440/4440
f 4410/4410 4426/4426 4425/4425
f 4440/4440 4426/4426 4427/4427
f 4426/4426 4410/4410 4411/4411
f 4411/4411 4427/4427 4426/4426
f 4406/4406 4411/4411 4410/4410
f 4427/4427 4411/4411 4412/4412
f 4406/4406 4412/4412 4411/4411
f 4412/4412 4428/4428 4427/4427
f 4428/4428 4412/4412 4413/4413
f 4406/4406 4413/4413 4412/4412
f 4413/4413 4429/4429 4428/4428
f 4429/4429 4413/4413 4414/4414
f 4406/4406 4414/4414 4413/4413
f 4414/4414 4430/4430 4429/4429
f 4429/4429 4430/4430 4442/4442
f 4430/4430 4414/4414 4415/4415
f 4406/4406 4415/4415 4414/4414
f 4442/4442 4430/4430 4431/4431
f 4415/4415 4431/4431 4430/4430
f 4431/4431 4443/4443 4442/4442
f 4431/4431 4432/4432 4443/4443
f 4431/4431 4415/4415 4416/4416
f 4416/4416 4432/4432 4431/4431
f 4406/4406 4416/4416 4415/4415
f 4432/4432 4416/4416 4417/4417
f 4406/4406 4417/4417 4416/4416
f 4417/4417 4433/4433 4432/4432
f 4445/4445 4432/4432 4433/4433
f 4433/4433 4444/4444 4445/4445
f 4406/4406 4418/4418 4417/4417
f 4433/4433 4417/4417 4418/4418
f 4433/4433 4434/4434 4444/4444
f 4418/4418 4434/4434 4433/4433
f 4444/4444 4434/4434 4435/4435
f 4406/4406 4419/4419 4418/4418
f 4434/4434 4418/4418 4419/4419
f 4419/4419 4435/4435 4434/4434
f 4406/4406 4420/4420 4419/4419
f 4435/4435 4419/4419 4420/4420
o head_male_a.2
v -0.007205 0.144363 1.605151
v 0 0.144915 1.604101
v -0 0.139616 1.622634
v -0.006142 0.139016 1.622643
v -0.013689 0.141116 1.605792
v -0.013768 0.136867 1.622615
v -0.020241 0.132726 1.622583
v -0.018543 0.136976 1.605516
v -0.02474 0.127698 1.622546
v -0.022383 0.134115 1.605365
v -0.006141 0.135672 1.586124
v -0 0.136327 1.586125
v -0 0.144609 1.604387
v -0.007403 0.144041 1.605512
v -0.011531 0.134399 1.586115
v -0.013598 0.140618 1.606183
v -0.018319 0.136845 1.605672
v -0.017858 0.131596 1.586099
v -0.023677 0.126038 1.586101
v -0.021633 0.128761 1.586096
v -0.023263 0.133464 1.605206
v -0.019747 0.130179 1.586096
v -0.021598 0.134467 1.60563
v -0.026338 0.123742 1.621171
v -0.027948 0.124943 1.603472
v -0.023302 0.133615 1.605198
v -0.027948 0.124943 1.603472
v -0.025401 0.119975 1.590071
v -0.026751 0.098026 1.621171
v -0.027943 0.09504 1.60514
v -0.027943 0.09504 1.60514
v -0.025826 0.094846 1.593933
v -0.014111 0.090545 1.605116
v -0.027943 0.09504 1.60514
v -0.026751 0.098026 1.621171
v -0.013485 0.093531 1.621171
v -0.025826 0.094846 1.593933
v -0.027943 0.09504 1.60514
v -0.014111 0.090545 1.605116
v -0.013059 0.090351 1.593894
v -0 0.140477 1.603979
v -0.006143 0.139879 1.603987
v -0.006142 0.139016 1.622643
v -0 0.139616 1.622634
v -0.013827 0.137728 1.604644
v -0.013768 0.136867 1.622615
v -0.020238 0.133587 1.603926
v -0.020241 0.132726 1.622583
v -0.024675 0.128559 1.603864
v -0.02474 0.127698 1.622546
v -0.026338 0.123742 1.621171
v -0.026303 0.124603 1.603907
v -0 0.136327 1.586125
v -0.006141 0.135672 1.586124
v -0.006143 0.13759 1.604048
v -0 0.138238 1.604727
v -0.011531 0.134399 1.586115
v -0.011541 0.136322 1.604713
v -0.017858 0.131596 1.586099
v -0.017864 0.132865 1.604038
v -0.021633 0.128761 1.586096
v -0.023677 0.126038 1.586101
v -0.023717 0.127305 1.604679
v -0.021656 0.13003 1.604679
v -0.019747 0.130179 1.586096
v -0.019763 0.131447 1.604358
v -0.025401 0.119975 1.590071
v -0.025461 0.123425 1.604688
v -0.006143 0.13759 1.604048
v -0.008842 0.131317 1.590026
v -0 0.132598 1.590035
v -0 0.138238 1.604727
v -0.011541 0.136322 1.604713
v -0.017864 0.132865 1.604038
v -0.019733 0.125963 1.59001
v -0.023717 0.127305 1.604679
v -0.023662 0.122457 1.590016
v -0.021656 0.13003 1.604679
v -0.019763 0.131447 1.604358
v -0.021656 0.13003 1.604679
v -0.019733 0.125963 1.59001
v -0.017864 0.132865 1.604038
v -0.025461 0.123425 1.604688
v -0.025401 0.119975 1.590071
v -0.009985 0.134694 1.62124
v -0.006143 0.139879 1.603987
v -0 0.136368 1.621245
v -0 0.140477 1.603979
v -0.013827 0.137728 1.604644
v -0.02249 0.127287 1.621176
v -0.020238 0.133587 1.603926
v -0.024675 0.128559 1.603864
v -0.026338 0.123742 1.621171
v -0.026303 0.124603 1.603907
v -0 0.089824 1.605116
v -0 0.092809 1.62117
v -0 0.089824 1.605116
v -0 0.08963 1.593893
v -0.023662 0.122457 1.590016
v -0.025401 0.119975 1.590071
v -0.025826 0.094846 1.593933
v -0.013059 0.090351 1.593894
v -0.019733 0.125963 1.59001
v -0 0.08963 1.593893
v -0.008842 0.131317 1.590026
v -0 0.132598 1.590035
v -0.009985 0.134694 1.62124
v -0 0.136368 1.621245
v -0 0.092809 1.62117
v -0.013485 0.093531 1.621171
v -0.026751 0.098026 1.621171
v -0.02249 0.127287 1.621176
v -0.026338 0.123742 1.621171
v -0.023302 0.133615 1.605198
v -0.027948 0.124943 1.603472
v -0.023263 0.133464 1.605206
v 0.007205 0.144363 1.605151
v 0.006142 0.139016 1.622643
v 0.013689 0.141116 1.605792
v 0.013768 0.136867 1.622615
v 0.018543 0.136976 1.605516
v 0.020241 0.132726 1.622583
v 0.022383 0.134115 1.605365
v 0.02474 0.127698 1.622546
v 0.006141 0.135672 1.586124
v 0.007403 0.144041 1.605511
v 0.011531 0.134399 1.586115
v 0.013598 0.140618 1.606183
v 0.018319 0.136845 1.605671
v 0.017858 0.131596 1.586099
v 0.023677 0.126037 1.586101
v 0.023263 0.133464 1.605206
v 0.021633 0.128761 1.586096
v 0.019747 0.130179 1.586096
v 0.021598 0.134467 1.60563
v 0.023302 0.133615 1.605198
v 0.027948 0.124943 1.603472
v 0.026338 0.123742 1.621171
v 0.025401 0.119975 1.590071
v 0.027948 0.124943 1.603472
v 0.027943 0.09504 1.60514
v 0.026751 0.098026 1.621171
v 0.025826 0.094846 1.593933
v 0.027943 0.09504 1.60514
v 0.026751 0.098026 1.621171
v 0.027943 0.09504 1.60514
v 0.014111 0.090545 1.605116
v 0.013485 0.093531 1.621171
v 0.025826 0.094846 1.593933
v 0.013059 0.090351 1.593894
v 0.014111 0.090545 1.605116
v 0.027943 0.09504 1.60514
v 0.006142 0.139016 1.622643
v 0.006143 0.139879 1.603987
v 0.013768 0.136867 1.622615
v 0.013827 0.137728 1.604644
v 0.020241 0.132726 1.622583
v 0.020237 0.133587 1.603926
v 0.02474 0.127698 1.622546
v 0.024675 0.128559 1.603864
v 0.026338 0.123742 1.621171
v 0.026303 0.124603 1.603907
v 0.006143 0.13759 1.604048
v 0.006141 0.135672 1.586124
v 0.011531 0.134399 1.586115
v 0.011541 0.136322 1.604713
v 0.017864 0.132865 1.604038
v 0.017858 0.131596 1.586099
v 0.021633 0.128761 1.586096
v 0.021656 0.13003 1.604679
v 0.023717 0.127305 1.604679
v 0.023677 0.126037 1.586101
v 0.019763 0.131447 1.604358
v 0.019747 0.130179 1.586096
v 0.025401 0.119975 1.590071
v 0.02546 0.123425 1.604688
v 0.006143 0.13759 1.604048
v 0.008842 0.131317 1.590026
v 0.011541 0.136322 1.604713
v 0.017864 0.132865 1.604038
v 0.019733 0.125963 1.59001
v 0.023717 0.127305 1.604679
v 0.021656 0.13003 1.604679
v 0.023662 0.122457 1.590016
v 0.019763 0.131447 1.604358
v 0.017864 0.132865 1.604038
v 0.019733 0.125963 1.59001
v 0.021656 0.13003 1.604679
v 0.025401 0.119975 1.590071
v 0.02546 0.123425 1.604688
v 0.006143 0.139879 1.603987
v 0.009985 0.134694 1.62124
v 0.013827 0.137728 1.604644
v 0.020237 0.133587 1.603926
v 0.02249 0.127287 1.621176
v 0.024675 0.128559 1.603864
v 0.026303 0.124603 1.603907
v 0.026338 0.123742 1.621171
v 0.023662 0.122457 1.590016
v 0.013059 0.090351 1.593894
v 0.025826 0.094846 1.593933
v 0.025401 0.119975 1.590071
v 0.019733 0.125963 1.59001
v 0.008842 0.131317 1.590026
v 0.009985 0.134694 1.62124
v 0.013485 0.093531 1.621171
v 0.026751 0.098026 1.621171
v 0.02249 0.127287 1.621176
v 0.026338 0.123742 1.621171
v 0.023302 0.133615 1.605198
v 0.023263 0.133464 1.605206
v 0.027948 0.124943 1.603472
vt 0.391359 0.573506
vt 0.48246 0.582453
vt 0.486934 0.49216598
vt 0.416371 0.48545498
vt 0.293344 0.54829
vt 0.330151 0.46512002
vt 0.23417 0.419977
vt 0.19533 0.520228
vt 0.209767 0.39476103
vt 0.146119 0.48403198
vt 0.415761 0.481592
vt 0.487137 0.48992902
vt 0.481476 0.582502
vt 0.390964 0.57137203
vt 0.352113 0.468781
vt 0.301832 0.55248797
vt 0.235913 0.53176296
vt 0.278093 0.43909103
vt 0.210174 0.39394802
vt 0.233966 0.41570598
vt 0.145712 0.48118502
vt 0.255928 0.42750102
vt 0.202243 0.520228
vt 0.189636 0.343314
vt 0.084301 0.39333802
vt 0.134325 0.475084
vt 0.084301 0.39333802
vt 0.191466 0.34717703
vt 0.182112 0.17676997
vt 0.111143 0.093599975
vt 0.111143 0.093599975
vt 0.179265 0.161722
vt 0.335641 0.065944016
vt 0.111143 0.093599975
vt 0.182112 0.17676997
vt 0.344182 0.15541798
vt 0.179265 0.161722
vt 0.111143 0.093599975
vt 0.335641 0.065944016
vt 0.341945 0.13731998
vt 0.500749 0.793487
vt 0.426841 0.793487
vt 0.42339 0.645096
vt 0.500749 0.645096
vt 0.329064 0.793487
vt 0.325613 0.645383
vt 0.241064 0.793775
vt 0.237613 0.645671
vt 0.151914 0.794062
vt 0.148463 0.645958
vt 0.103888 0.656887
vt 0.103888 0.794062
vt 0.501037 0.965173
vt 0.407861 0.965173
vt 0.41275 0.817356
vt 0.500749 0.817356
vt 0.33424 0.965173
vt 0.339417 0.817356
vt 0.245378 0.96546
vt 0.250267 0.817644
vt 0.190162 0.96546
vt 0.156803 0.965748
vt 0.161979 0.817932
vt 0.195051 0.817644
vt 0.21777 0.96546
vt 0.222659 0.816349
vt 0.08347 0.934114
vt 0.108489 0.817932
vt 0.41275 0.817356
vt 0.354658 0.934114
vt 0.501324 0.934114
vt 0.500749 0.817356
vt 0.339417 0.817356
vt 0.250267 0.817644
vt 0.200515 0.935049
vt 0.161979 0.817932
vt 0.142712 0.934689
vt 0.195051 0.817644
vt 0.222588 0.81668
vt 0.19518 0.817506
vt 0.200539 0.935589
vt 0.249761 0.817604
vt 0.108489 0.817932
vt 0.08347 0.934114
vt 0.354309 0.644768
vt 0.412521 0.806722
vt 0.505606 0.64833
vt 0.505606 0.808082
vt 0.296098 0.79635596
vt 0.16482 0.629386
vt 0.198958 0.793716
vt 0.131713 0.78343403
vt 0.106523 0.621805
vt 0.107046 0.77454
vt 0.507472 0.069401026
vt 0.503202 0.15745199
vt 0.507472 0.069401026
vt 0.504422 0.13467598
vt 0.211598 0.366902
vt 0.191466 0.34717703
vt 0.179265 0.161722
vt 0.341945 0.13731998
vt 0.257555 0.395778
vt 0.504422 0.13467598
vt 0.385462 0.44234502
vt 0.488764 0.456986
vt 0.384445 0.438075
vt 0.488967 0.45108902
vt 0.503202 0.15745199
vt 0.344182 0.15541798
vt 0.182112 0.17676997
vt 0.253285 0.389067
vt 0.189636 0.343314
vt 0.134325 0.475084
vt 0.084301 0.39333802
vt 0.145712 0.48118502
vt 0.618422 0.573506
vt 0.59341 0.48545498
vt 0.716437 0.54829
vt 0.679631 0.46512002
vt 0.814452 0.520228
vt 0.775612 0.419977
vt 0.863662 0.48403198
vt 0.800014 0.39476103
vt 0.59402 0.481592
vt 0.618359 0.572631
vt 0.657669 0.468781
vt 0.708 0.55139196
vt 0.774686 0.53094804
vt 0.731688 0.43909103
vt 0.799607 0.39394802
vt 0.864069 0.48118502
vt 0.775815 0.41570598
vt 0.753853 0.42750102
vt 0.807538 0.520228
vt 0.875456 0.475084
vt 0.925481 0.39333802
vt 0.820145 0.343314
vt 0.818315 0.34717703
vt 0.925481 0.39333802
vt 0.898639 0.093599975
vt 0.827669 0.17676997
vt 0.830516 0.161722
vt 0.898639 0.093599975
vt 0.827669 0.17676997
vt 0.898639 0.093599975
vt 0.67414 0.065944016
vt 0.665599 0.15541798
vt 0.830516 0.161722
vt 0.667836 0.13731998
vt 0.67414 0.065944016
vt 0.898639 0.093599975
vt 0.586391 0.645096
vt 0.58294 0.793487
vt 0.684168 0.645383
vt 0.680718 0.793487
vt 0.772168 0.645671
vt 0.768717 0.793775
vt 0.861318 0.645958
vt 0.857867 0.794062
vt 0.905893 0.656887
vt 0.905893 0.794062
vt 0.597032 0.817356
vt 0.60192 0.965173
vt 0.675541 0.965173
vt 0.670365 0.817356
vt 0.759515 0.817644
vt 0.764403 0.96546
vt 0.819619 0.96546
vt 0.81473 0.817644
vt 0.847802 0.817932
vt 0.852978 0.965748
vt 0.787122 0.817644
vt 0.792011 0.96546
vt 0.926311 0.934114
vt 0.901292 0.817932
vt 0.597032 0.817356
vt 0.655123 0.934114
vt 0.670365 0.817356
vt 0.759515 0.817644
vt 0.809266 0.934402
vt 0.847802 0.817932
vt 0.81473 0.817644
vt 0.86707 0.934689
vt 0.787193 0.817572
vt 0.759445 0.81769097
vt 0.809195 0.933581
vt 0.814531 0.817454
vt 0.926311 0.934114
vt 0.901292 0.817932
vt 0.598691 0.806722
vt 0.656902 0.644768
vt 0.715114 0.79635596
vt 0.812254 0.793716
vt 0.846392 0.629387
vt 0.879499 0.78343403
vt 0.904166 0.77454
vt 0.904689 0.621805
vt 0.798184 0.366902
vt 0.667836 0.13731998
vt 0.830516 0.161722
vt 0.818315 0.34717703
vt 0.752227 0.395778
vt 0.624319 0.44234502
vt 0.625336 0.438075
vt 0.665599 0.15541798
vt 0.827669 0.17676997
vt 0.756497 0.389067
vt 0.820145 0.343314
vt 0.875456 0.475084
vt 0.864069 0.48118502
vt 0.925481 0.39333802
f 4574/4574 4575/4575 4576/4576
f 4670/4670 4671/4671 4672/4672
f 4539/4539 4540/4540 4541/4541
f 4541/4541 4542/4542 4539/4539
f 4645/4645 4646/4646 4647/4647
f 4647/4647 4648/4648 4645/4645
f 4489/4489 4490/4490 4485/4485
f 4485/4485 4484/4484 4489/4489
f 4484/4484 4485/4485 4486/4486
f 4486/4486 4469/4469 4484/4484
f 4469/4469 4486/4486 4470/4470
f 4467/4467 4469/4469 4470/4470
f 4470/4470 4468/4468 4467/4467
f 4466/4466 4467/4467 4468/4468
f 4468/4468 4465/4465 4466/4466
f 4464/4464 4466/4466 4465/4465
f 4465/4465 4461/4461 4464/4464
f 4463/4463 4464/4464 4461/4461
f 4461/4461 4462/4462 4463/4463
f 4463/4463 4462/4462 4577/4577
f 4577/4577 4578/4578 4463/4463
f 4578/4578 4577/4577 4579/4579
f 4579/4579 4580/4580 4578/4578
f 4580/4580 4579/4579 4581/4581
f 4581/4581 4582/4582 4580/4580
f 4582/4582 4581/4581 4583/4583
f 4583/4583 4584/4584 4582/4582
f 4584/4584 4583/4583 4596/4596
f 4598/4598 4584/4584 4596/4596
f 4596/4596 4597/4597 4598/4598
f 4602/4602 4598/4598 4597/4597
f 4597/4597 4601/4601 4602/4602
f 4491/4491 4492/4492 4488/4488
f 4488/4488 4487/4487 4491/4491
f 4487/4487 4488/4488 4479/4479
f 4479/4479 4481/4481 4487/4487
f 4479/4479 4480/4480 4481/4481
f 4481/4481 4480/4480 4482/4482
f 4482/4482 4483/4483 4481/4481
f 4483/4483 4482/4482 4478/4478
f 4478/4478 4477/4477 4483/4483
f 4477/4477 4478/4478 4475/4475
f 4475/4475 4476/4476 4477/4477
f 4474/4474 4476/4476 4475/4475
f 4475/4475 4471/4471 4474/4474
f 4473/4473 4474/4474 4471/4471
f 4471/4471 4472/4472 4473/4473
f 4473/4473 4472/4472 4585/4585
f 4585/4585 4586/4586 4473/4473
f 4586/4586 4585/4585 4587/4587
f 4587/4587 4588/4588 4586/4586
f 4589/4589 4588/4588 4587/4587
f 4587/4587 4590/4590 4589/4589
f 4595/4595 4589/4589 4590/4590
f 4590/4590 4594/4594 4595/4595
f 4592/4592 4595/4595 4594/4594
f 4594/4594 4593/4593 4592/4592
f 4591/4591 4592/4592 4593/4593
f 4600/4600 4592/4592 4591/4591
f 4591/4591 4599/4599 4600/4600
f 4604/4604 4600/4600 4599/4599
f 4599/4599 4603/4603 4604/4604
f 4493/4493 4494/4494 4495/4495
f 4495/4495 4496/4496 4493/4493
f 4555/4555 4493/4493 4496/4496
f 4496/4496 4556/4556 4555/4555
f 4555/4555 4556/4556 4608/4608
f 4608/4608 4607/4607 4555/4555
f 4607/4607 4608/4608 4605/4605
f 4605/4605 4606/4606 4607/4607
f 4497/4497 4498/4498 4499/4499
f 4499/4499 4500/4500 4497/4497
f 4500/4500 4499/4499 4557/4557
f 4557/4557 4558/4558 4500/4500
f 4610/4610 4558/4558 4557/4557
f 4557/4557 4611/4611 4610/4610
f 4609/4609 4610/4610 4611/4611
f 4611/4611 4612/4612 4609/4609
f 4543/4543 4544/4544 4537/4537
f 4537/4537 4536/4536 4543/4543
f 4536/4536 4537/4537 4535/4535
f 4535/4535 4538/4538 4536/4536
f 4534/4534 4535/4535 4530/4530
f 4530/4530 4533/4533 4534/4534
f 4529/4529 4533/4533 4530/4530
f 4529/4529 4530/4530 4531/4531
f 4531/4531 4532/4532 4529/4529
f 4637/4637 4532/4532 4531/4531
f 4531/4531 4638/4638 4637/4637
f 4637/4637 4638/4638 4639/4639
f 4640/4640 4639/4639 4638/4638
f 4638/4638 4641/4641 4640/4640
f 4642/4642 4643/4643 4641/4641
f 4641/4641 4644/4644 4642/4642
f 4650/4650 4642/4642 4644/4644
f 4644/4644 4649/4649 4650/4650
f 4559/4559 4560/4560 4561/4561
f 4561/4561 4562/4562 4559/4559
f 4563/4563 4559/4559 4562/4562
f 4562/4562 4564/4564 4563/4563
f 4565/4565 4563/4563 4564/4564
f 4566/4566 4565/4565 4564/4564
f 4566/4566 4564/4564 4664/4664
f 4664/4664 4564/4564 4663/4663
f 4663/4663 4564/4564 4660/4660
f 4660/4660 4659/4659 4663/4663
f 4659/4659 4660/4660 4661/4661
f 4661/4661 4662/4662 4659/4659
f 4573/4573 4572/4572 4571/4571
f 4572/4572 4567/4567 4571/4571
f 4567/4567 4570/4570 4571/4571
f 4569/4569 4570/4570 4567/4567
f 4567/4567 4568/4568 4569/4569
f 4569/4569 4568/4568 4665/4665
f 4665/4665 4666/4666 4569/4569
f 4665/4665 4667/4667 4666/4666
f 4668/4668 4667/4667 4665/4665
f 4669/4669 4667/4667 4668/4668
f 4509/4509 4512/4512 4511/4511
f 4511/4511 4510/4510 4509/4509
f 4509/4509 4510/4510 4508/4508
f 4508/4508 4507/4507 4509/4509
f 4505/4505 4507/4507 4508/4508
f 4508/4508 4506/4506 4505/4505
f 4505/4505 4506/4506 4503/4503
f 4503/4503 4502/4502 4505/4505
f 4501/4501 4502/4502 4503/4503
f 4503/4503 4504/4504 4501/4501
f 4501/4501 4504/4504 4613/4613
f 4613/4613 4614/4614 4501/4501
f 4616/4616 4614/4614 4613/4613
f 4613/4613 4615/4615 4616/4616
f 4616/4616 4615/4615 4617/4617
f 4617/4617 4618/4618 4616/4616
f 4620/4620 4618/4618 4617/4617
f 4617/4617 4619/4619 4620/4620
f 4620/4620 4619/4619 4621/4621
f 4621/4621 4622/4622 4620/4620
f 4527/4527 4528/4528 4523/4523
f 4523/4523 4522/4522 4527/4527
f 4521/4521 4522/4522 4523/4523
f 4523/4523 4524/4524 4521/4521
f 4521/4521 4524/4524 4526/4526
f 4526/4526 4525/4525 4521/4521
f 4525/4525 4526/4526 4520/4520
f 4520/4520 4519/4519 4525/4525
f 4517/4517 4519/4519 4520/4520
f 4520/4520 4518/4518 4517/4517
f 4517/4517 4518/4518 4515/4515
f 4515/4515 4514/4514 4517/4517
f 4513/4513 4514/4514 4515/4515
f 4515/4515 4516/4516 4513/4513
f 4513/4513 4516/4516 4623/4623
f 4623/4623 4624/4624 4513/4513
f 4625/4625 4624/4624 4623/4623
f 4623/4623 4626/4626 4625/4625
f 4625/4625 4626/4626 4627/4627
f 4627/4627 4628/4628 4625/4625
f 4634/4634 4628/4628 4627/4627
f 4627/4627 4633/4633 4634/4634
f 4629/4629 4634/4634 4633/4633
f 4633/4633 4630/4630 4629/4629
f 4629/4629 4630/4630 4631/4631
f 4631/4631 4632/4632 4629/4629
f 4635/4635 4632/4632 4631/4631
f 4631/4631 4636/4636 4635/4635
f 4553/4553 4554/4554 4550/4550
f 4552/4552 4550/4550 4554/4554
f 4550/4550 4552/4552 4551/4551
f 4550/4550 4551/4551 4545/4545
f 4549/4549 4545/4545 4551/4551
f 4545/4545 4549/4549 4546/4546
f 4545/4545 4546/4546 4547/4547
f 4548/4548 4547/4547 4546/4546
f 4548/4548 4651/4651 4547/4547
f 4652/4652 4547/4547 4651/4651
f 4651/4651 4653/4653 4652/4652
f 4653/4653 4654/4654 4652/4652
f 4655/4655 4652/4652 4654/4654
f 4654/4654 4656/4656 4655/4655
f 4656/4656 4657/4657 4655/4655
f 4658/4658 4655/4655 4657/4657
