# exported by tpaccli from sho_head_male_japanese
o sho_head_male_japanese
v -0.085176915 -0.01626446 1.5356042
v -0.0971715 -0.04384225 1.5223324
v -0.07577849 -0.04069577 1.5362786
v -0.10643484 -0.022277994 1.5230687
v -2.1087766E-08 -0.062016264 1.5258738
v -0.032047305 -0.07833738 1.5008787
v -2.2051038E-08 -0.0772734 1.4972314
v -0.02971352 -0.06066804 1.5298951
v -0.07546105 -0.06993816 1.5102818
v -0.057060502 -0.053958587 1.534313
v -0.106296 0.021156315 1.5072099
v -0.082407854 0.016365979 1.5274676
v -0.08784655 0.044408955 1.4996889
v -1.7410173E-08 0.09569061 1.4473602
v -1.7337381E-08 0.11634136 1.4126954
v -0.039251447 0.10184112 1.4540642
v -0.031294227 0.07996817 1.4818513
v -0.072586685 0.07557116 1.4857354
v -1.75268E-08 0.07596668 1.4776592
v -0.011721121 0.073469944 1.4874588
v -1.7478305E-08 0.07170857 1.4885951
v -0.021062467 -0.04333926 1.5590688
v -0.040426742 -0.038736597 1.5621753
v -0.024581825 -0.05128604 1.5451072
v -0.046905465 -0.045636185 1.5490998
v -0.06945229 0.037593953 1.5133778
v -0.055480953 -0.026804341 1.5623798
v -0.063115485 -0.011502396 1.5595363
v -0.07245389 -0.014835898 1.5485528
v -0.06392616 -0.032751452 1.5506794
v -0.053199373 0.05607089 1.5033168
v -0.05526047 0.03644961 1.5263648
v -0.043997776 0.05188985 1.521672
v -0.029045776 0.06337494 1.5352488
v -0.030518629 0.06457517 1.5195234
v -0.04092873 0.05300832 1.5373954
v -0.032653593 0.0692931 1.5026913
v -1.7228869E-08 0.064450234 1.5171849
v -0.014886865 0.070559196 1.5030339
v -0.015263267 0.06871705 1.5188076
v -1.7394791E-08 0.067023285 1.5024271
v -2.0009681E-08 -0.043056283 1.5543708
v -2.0564375E-08 -0.05297773 1.5400225
v -1.7002078E-08 0.0633577 1.5327772
v -0.014862866 0.06746041 1.5338981
v -0.05167727 0.04166903 1.5410081
v -0.06499487 0.0030571294 1.5548
v -0.07428859 0.0011653755 1.544023
v -0.08688825 0.0011642189 1.5321845
v -0.0012991667 0.14878334 1.6396832
v -0.003795732 0.14997463 1.6342419
v -0.004347587 0.14900766 1.6399441
v -0.0010235511 0.14977486 1.6343067
v -0.0112884985 0.1379566 1.6014237
v -0.013577534 0.13914762 1.6080687
v -0.009515655 0.1401845 1.6069546
v -0.016795209 0.13627335 1.603563
v -0.021490304 0.13494061 1.6059206
v -0.021665847 0.13602677 1.611769
v -0.018001096 0.13793771 1.6097008
v -0.025293177 0.13310489 1.6088333
v -0.027061483 0.13358836 1.6191835
v -0.030196074 0.13077104 1.6154407
v -0.031547792 0.13110189 1.6187673
v -0.025766376 0.13316166 1.6167357
v -0.008259149 0.14773475 1.6401944
v -0.010570175 0.14681719 1.6339006
v -0.011533241 0.14538066 1.6401584
v -0.0074949088 0.14873235 1.6343836
v -0.0070831007 0.14975058 1.6290863
v -0.010002233 0.14859664 1.6286384
v -0.016922241 0.1429292 1.6319324
v -0.013100722 0.14712928 1.6278373
v -0.016263576 0.14535503 1.626785
v -0.013653155 0.14481592 1.632977
v -0.024078593 0.13626829 1.6213199
v -0.027125755 0.1359202 1.6250973
v -0.022452947 0.13797612 1.6221542
v -0.027621103 0.13508172 1.6233095
v -0.017806398 0.13915786 1.6146706
v -0.014495609 0.14160801 1.6130543
v -0.01070666 0.1437443 1.6115917
v -0.008123297 0.14480704 1.6110322
v -0.0134736495 0.15007338 1.6532755
v -0.01696139 0.14376025 1.652378
v -0.0141819725 0.15007205 1.6546575
v -0.015820868 0.14294516 1.6475513
v -0.0072303074 0.16125192 1.6561182
v -0.0032635343 0.1641586 1.6557958
v -0.0062513105 0.16024378 1.6538126
v -0.0032866779 0.16239536 1.6528754
v -0.010097219 0.1557619 1.6547742
v -0.0102788275 0.15641989 1.6562078
v -0.013599821 0.14950913 1.659469
v -0.010904029 0.15603219 1.6584489
v -0.014184095 0.15006451 1.6568584
v -0.0113510005 0.15530124 1.661166
v -0.0031342723 0.1630942 1.6619446
v -0.007594833 0.16111337 1.6589212
v -0.007877377 0.16021974 1.6618792
v -0.0031561183 0.16417739 1.6591011
v -0.016822796 0.14373004 1.655166
v -0.017123 0.14251027 1.6583443
v -0.005304748 0.15133475 1.6826454
v -0.0013064942 0.1513152 1.6854335
v -0.0016965974 0.15332861 1.682065
v -0.004668244 0.1496611 1.6860956
v -0.0078953225 0.14714794 1.6861035
v -0.011865425 0.14430694 1.6816895
v -0.01061636 0.143396 1.685355
v -0.008722613 0.14830878 1.682537
v -0.01618048 0.14012027 1.6807188
v -0.014218696 0.13880886 1.6842055
v -0.05995482 0.113874085 1.7011701
v -0.062383857 0.10882195 1.6952405
v -0.06341482 0.10900233 1.702791
v -0.058984082 0.113508314 1.6949537
v -0.059415095 0.11533701 1.7077985
v -0.06267902 0.110365316 1.7110174
v -0.05751537 0.11826827 1.7141074
v -0.060243018 0.11317951 1.7193656
v -0.055532806 0.1179753 1.7251302
v -0.048794754 0.12627265 1.7230842
v -0.053868383 0.12220366 1.7193007
v -0.049167395 0.122254156 1.7287649
v -0.04291593 0.12978697 1.725522
v -0.042538308 0.1256886 1.7309688
v -0.036267836 0.12895066 1.7321688
v -0.030605108 0.13598634 1.7274079
v -0.036731206 0.13288781 1.7267253
v -0.030336328 0.13233796 1.7332551
v -0.048562 0.12683368 1.707818
v -0.043209113 0.1315046 1.7061695
v -0.046982937 0.12834217 1.7042487
v -0.044152886 0.13004255 1.709788
v -0.051458538 0.124068104 1.7149494
v -0.044957437 0.12840825 1.7135025
v -0.04960216 0.12554424 1.7109299
v -0.047151424 0.12804534 1.7182546
v -0.029970791 0.13981867 1.7161897
v -0.0343785 0.13632675 1.7114383
v -0.03522155 0.1359986 1.716503
v -0.028794065 0.1387849 1.7104795
v -0.030931866 0.13911301 1.721878
v -0.036801368 0.13583851 1.7214704
v -0.042240057 0.13213742 1.7203186
v -0.040131606 0.1318694 1.7158296
v -0.039306536 0.13305965 1.711341
v -0.038847707 0.13440931 1.7075603
v -0.034146983 0.1370354 1.7074598
v -0.02897616 0.13867623 1.7061281
v -0.04949795 0.12301658 1.691926
v -0.04734459 0.12587865 1.6934067
v -0.04806868 0.12510939 1.6900144
v -0.04611465 0.12756555 1.6922351
v -0.051988248 0.12064938 1.6911354
v -0.050390217 0.12306436 1.6882381
v -0.053251907 0.12127401 1.6865168
v -0.054641392 0.11830101 1.6902776
v -0.042095594 0.13147672 1.6899161
v -0.042849503 0.12985733 1.6869205
v -0.045808773 0.12739328 1.6884241
v -0.044360958 0.12946326 1.690981
v -0.044179425 0.12845153 1.6838119
v -0.04764608 0.12564774 1.6859014
v -0.05232593 0.122089 1.7012339
v -0.05210177 0.121403985 1.697907
v -0.05444015 0.119309425 1.6989315
v -0.054515623 0.12008345 1.7033706
v -0.056841027 0.11701913 1.6999726
v -0.056446288 0.11824558 1.7053336
v -0.052904982 0.12247435 1.7076881
v -0.054839093 0.120875046 1.7104731
v -0.0513337 0.123775296 1.704746
v -0.05054168 0.12385956 1.6999643
v -0.050380833 0.12255667 1.6970489
v -0.04940795 0.12550955 1.7019565
v -0.050673213 0.121427104 1.6943855
v -0.048206806 0.12443353 1.6941314
v -0.053152587 0.11927363 1.6948944
v -0.055809952 0.116843686 1.6951787
v -0.020586636 0.13448897 1.6841588
v -0.02194157 0.13628453 1.6802754
v -0.028573636 0.13427751 1.6838205
v -0.034844115 0.13294508 1.6813207
v -0.034622975 0.13343565 1.6844769
v -0.028711686 0.13431701 1.6804247
v -0.035761654 0.13518871 1.6521854
v -0.028922303 0.13813125 1.6511227
v -0.034373783 0.1357887 1.6487279
v -0.030084278 0.13791254 1.654718
v -0.023933474 0.14043026 1.6567214
v -0.023161879 0.14030574 1.6533729
v -0.029515563 0.13501896 1.6876361
v -0.034756288 0.13498661 1.6880238
v -0.020164777 0.13578114 1.7011507
v -0.01751002 0.13603152 1.703525
v -0.017866362 0.13390692 1.6979357
v -0.014307067 0.13408898 1.6987661
v -0.0147883585 0.13403241 1.6882656
v -0.016274197 0.13256095 1.6935709
v -0.012900287 0.13362232 1.693382
v -0.017645018 0.13255529 1.6896682
v -0.023621602 0.13376343 1.6873347
v -0.01135682 0.13798843 1.688447
v -0.009511329 0.13675474 1.6937089
v -0.0010624352 0.14927241 1.6891925
v -0.004036567 0.14791666 1.6899487
v -0.0067437068 0.14565592 1.6900301
v -0.009050208 0.14229383 1.6894568
v -0.0011006574 0.14701226 1.6934559
v -0.0035710498 0.1459617 1.6940727
v -0.0058559673 0.14411943 1.6943244
v -0.0076646805 0.14115319 1.694064
v -0.024294946 0.13540179 1.7336894
v -0.01870074 0.14075488 1.7275214
v -0.024617545 0.1387879 1.7277404
v -0.018565793 0.1374695 1.733861
v -0.018681593 0.14272325 1.7215694
v -0.023826772 0.14211023 1.7155286
v -0.024774397 0.14139533 1.7217976
v -0.017825611 0.14317611 1.7156043
v -0.021941455 0.13875538 1.7088056
v -0.015707389 0.1408232 1.7101892
v -0.012357282 0.1371624 1.7055539
v -0.009849401 0.13634388 1.6994606
v -0.0010712418 0.14465237 1.7033422
v -0.0032787253 0.14448091 1.6988286
v -0.0034534107 0.14400956 1.7041216
v -0.0011220189 0.14515789 1.6981614
v -0.0058883773 0.14254096 1.70452
v -0.0074000135 0.1404066 1.6993228
v -0.0083785765 0.1404006 1.7050598
v -0.005441882 0.14299037 1.699162
v -0.0015445633 0.14620957 1.7144992
v -0.004322783 0.14476506 1.7095325
v -0.0049747527 0.14564784 1.7149563
v -0.0013703118 0.14536741 1.7089585
v -0.0085015325 0.14483559 1.71537
v -0.010898732 0.1424806 1.710304
v -0.01248983 0.1440554 1.715626
v -0.007505398 0.14386144 1.7099243
v -0.0015933776 0.14592439 1.7200394
v -0.005189175 0.14532833 1.7205509
v -0.008954491 0.1445302 1.7210641
v -0.013131986 0.14372623 1.7214321
v -0.004939267 0.14357603 1.7260697
v -0.0017570228 0.14117931 1.7307057
v -0.0020740228 0.14399765 1.7254839
v -0.004104561 0.14092225 1.7311362
v -0.007910724 0.13977371 1.7327229
v -0.01334383 0.1419004 1.7273093
v -0.01298175 0.13879454 1.7335558
v -0.008821168 0.14272799 1.726905
v -0.045414895 0.12686902 1.637359
v -0.046428338 0.1240364 1.6314335
v -0.04998551 0.12041011 1.6336708
v -0.048733257 0.12420961 1.6402149
v -0.0454157 0.11968267 1.6190102
v -0.04981879 0.11753186 1.6266636
v -0.046433654 0.121723585 1.6252233
v -0.048426792 0.11531843 1.6195648
v -0.04298798 0.118898675 1.6127607
v -0.046024173 0.1139376 1.6124948
v -0.03320149 0.11724797 1.5916249
v -0.038383964 0.114866376 1.5984441
v -0.030580176 0.12266414 1.5949116
v -0.035492875 0.12041648 1.6006048
v -0.019366957 0.12409732 1.5788333
v -0.027059292 0.12054186 1.5849454
v -0.017790824 0.13030379 1.5840995
v -0.024625449 0.12620367 1.5893407
v -0.013749068 0.13653332 1.595784
v -0.0158933 0.13431993 1.589946
v -0.02239449 0.13051213 1.5938921
v -0.019858722 0.13332039 1.5987417
v -0.027850708 0.12721731 1.5982767
v -0.028982285 0.12933737 1.6058537
v -0.02485643 0.13141982 1.6019547
v -0.032428566 0.1251112 1.603066
v -0.036468346 0.12815806 1.6186008
v -0.039298523 0.12346346 1.6132752
v -0.041344173 0.1242242 1.6186042
v -0.03481898 0.1276788 1.6142288
v -0.037266526 0.12906574 1.6228627
v -0.04239953 0.12574787 1.6239243
v -0.036676805 0.13207367 1.6308448
v -0.0373699 0.13044685 1.6269965
v -0.042539228 0.12753011 1.6292343
v -0.041399755 0.12970072 1.6340508
v -0.032369602 0.13637152 1.6446192
v -0.027620684 0.13809474 1.6472362
v -0.029211093 0.13685901 1.6396075
v -0.025037793 0.13880734 1.6418407
v -0.02239307 0.13988459 1.6496999
v -0.020870022 0.1408408 1.6443174
v -0.015032696 0.14332783 1.6397883
v -0.018866586 0.1414138 1.6381919
v -0.022641048 0.13974936 1.6363976
v -0.025891278 0.13816595 1.6345775
v -0.031790495 0.13390677 1.6278423
v -0.032291118 0.1328121 1.6250618
v -0.03228846 0.13186392 1.6220179
v -0.022605965 0.13914907 1.6293999
v -0.018453127 0.143345 1.625456
v -0.02012467 0.14121255 1.624379
v -0.01997575 0.14092557 1.6307564
v -0.02767835 0.1342317 1.6213775
v -0.024204705 0.13555114 1.620415
v -0.023216166 0.13503592 1.6191797
v -0.02085312 0.13567626 1.6176658
v -0.009257873 0.14629035 1.6458805
v -0.013941716 0.1457079 1.6471037
v -0.0018280797 0.14973772 1.6451874
v -0.0054091206 0.14896296 1.6454045
v -0.05817835 0.115228064 1.6891373
v -0.06012077 0.11457062 1.6811216
v -0.061441634 0.11097747 1.6879271
v -0.05664994 0.118421994 1.6841474
v -0.002299189 0.14541093 1.6103382
v -0.004910452 0.14109278 1.6063714
v -0.004595394 0.14563172 1.6105051
v -1.3287984E-08 0.14157991 1.6065785
v -0.006375159 0.14524458 1.6106817
v -0.006515194 0.1392948 1.5935482
v -1.34382105E-08 0.14068837 1.5993013
v -1.3582277E-08 0.13987853 1.592237
v -0.0054820874 0.14007705 1.5999852
v -0.0076878434 0.13708268 1.5869617
v -1.3770645E-08 0.13747065 1.5855488
v -0.008802673 0.1330518 1.5803881
v -1.4274377E-08 0.12717204 1.5749527
v -0.009221203 0.12629738 1.5756212
v -1.4009466E-08 0.13303714 1.579677
v -0.024113921 0.13386706 1.6141177
v -0.019869799 0.13727064 1.6162958
v -0.028100863 0.1312723 1.612097
v -0.032325607 0.12804474 1.6099868
v -0.03624853 0.12387891 1.6081035
v -0.039758265 0.11895649 1.6065875
v -0.04263008 0.11370642 1.6054567
v -0.04287453 0.1301106 1.642228
v -0.045643236 0.1283552 1.6453872
v -0.035222746 0.13364871 1.6342043
v -0.03949927 0.13196775 1.6383989
v -0.0306522 0.13515927 1.6302881
v -0.026317872 0.13676247 1.6265944
v -0.046031475 0.12731515 1.6808378
v -0.050187953 0.124174654 1.6832013
v -0.029144416 0.13445233 1.6774163
v -0.03524216 0.13216195 1.6781403
v -0.01739405 0.141381 1.6775907
v -0.022967298 0.13769081 1.6771317
v -0.012791832 0.14531332 1.6782792
v -0.009253013 0.14941123 1.6790667
v -0.0058185207 0.15284345 1.6794384
v -0.0019739291 0.15500003 1.679034
v -0.0062795887 0.15411496 1.6763957
v -0.0024945592 0.1578735 1.6732934
v -0.0066703055 0.1554278 1.673397
v -0.0022299543 0.15639548 1.6762416
v -0.009585805 0.15042621 1.6758472
v -0.01378241 0.14692125 1.672071
v -0.013414518 0.1462842 1.6751212
v -0.009945901 0.15142825 1.6726973
v -0.018212594 0.14231242 1.6744428
v -0.01870186 0.14292699 1.6712232
v -0.023989502 0.13877599 1.6739954
v -0.024693128 0.13970076 1.6706083
v -0.030965967 0.13639 1.6701717
v -0.036128413 0.13199067 1.6742486
v -0.029761069 0.13513464 1.6736572
v -0.037310455 0.13253377 1.6700938
v -0.051684253 0.10994007 1.6204059
v -0.05723995 0.106210984 1.6304065
v -0.05346185 0.11243316 1.6284075
v -0.055049296 0.10355632 1.6214674
v -0.04903687 0.10846631 1.6124916
v -0.05229811 0.102057844 1.6126506
v -0.045547895 0.108048886 1.604578
v -0.04882283 0.10166533 1.6039169
v -0.039217386 0.13194689 1.6855283
v -0.038994946 0.13351087 1.6887703
v -0.0399091 0.13103014 1.6823618
v -0.040977634 0.13013384 1.6791825
v -0.0410726 0.13204062 1.6491833
v -0.03898139 0.13316332 1.6455703
v -0.036348432 0.13427627 1.6416844
v -0.03292238 0.13520254 1.6370659
v -0.028615668 0.13660413 1.6324517
v -0.024692697 0.13789363 1.6280266
v -0.021228159 0.13971286 1.6235778
v -0.042333473 0.12905054 1.6753478
v -0.04396735 0.12892376 1.670502
v -0.051007055 0.12489892 1.6718698
v -0.053376134 0.12227662 1.679821
v -0.048352875 0.12599121 1.6769739
v -0.057090804 0.11954563 1.6749047
v -0.052824747 0.12083867 1.644604
v -0.054011352 0.11596547 1.6365795
v -0.05862988 0.109908134 1.6401116
v -0.058409818 0.115295485 1.6521009
v -0.002788954 0.1592473 1.670398
v -0.007251276 0.15688471 1.6705284
v -0.013687876 0.14728677 1.6689606
v -0.010497529 0.15257789 1.6697148
v -0.018671107 0.14328215 1.6680024
v -0.025134267 0.1402798 1.6670809
v -0.031576656 0.13703108 1.6663321
v -0.01938481 -0.03168277 1.6225104
v -0.03065855 -0.027113598 1.6208466
v -0.01867089 -0.030131344 1.6134967
v -0.033438407 -0.023961676 1.612983
v -0.04478237 -0.012465709 1.6092418
v -0.04663856 -0.01122615 1.6171708
v -0.03816456 -0.021774927 1.6193038
v -0.052035417 0.00056816475 1.6069193
v -0.053712428 0.0012616825 1.6157851
v -0.057602078 0.0139209265 1.6051557
v -0.059718825 0.014337619 1.6147151
v -0.056436017 0.07738696 1.6053717
v -0.063424066 0.07009251 1.6164917
v -0.061096374 0.07913408 1.6147668
v -0.058050666 0.06771947 1.6072778
v -0.064604096 0.05971855 1.6197071
v -0.05902116 0.056684807 1.6101016
v -0.023682682 0.1379942 1.7041559
v -0.04800587 0.12569685 1.6994174
v -0.045210574 0.12742037 1.6994816
v -0.047874976 0.12420351 1.6982179
v -0.045427687 0.12851116 1.7005309
v -0.025203316 0.13466898 1.6892741
v -0.018040612 0.13249733 1.6899208
v -0.048651688 0.12481623 1.6989679
v -0.030354343 0.13590428 1.690057
v -0.0351481 0.13569637 1.6907945
v -0.04229736 0.12888443 1.6951275
v -0.042618275 0.13050705 1.6939467
v -0.044022158 0.12902543 1.6946436
v -0.04364487 0.12774977 1.695752
v -0.048561543 0.12398947 1.6978403
v -0.03496093 0.13229327 1.693285
v -0.03852127 0.13379204 1.6926258
v -0.038288247 0.1313601 1.693945
v -0.035182413 0.13504659 1.6919233
v -0.0238783 0.13129964 1.6976831
v -0.020381182 0.1324957 1.6963983
v -0.02148331 0.13032837 1.6956247
v -0.023011133 0.13377233 1.6987426
v -0.030285714 0.13249576 1.6925099
v -0.025730131 0.13417469 1.6903973
v -0.030520914 0.13532002 1.6911417
v -0.025620146 0.13162431 1.6917542
v -0.038682397 0.134385 1.6914691
v -0.041259352 0.13264588 1.6921207
v -0.019310039 0.13343771 1.697075
v -0.01791969 0.13240035 1.6930008
v -0.02215282 0.1348237 1.6995468
v -0.02489395 0.1366159 1.7019473
v -0.025441505 0.13537984 1.7009436
v -0.030021798 0.13330284 1.7010336
v -0.029674305 0.13637783 1.702393
v -0.026102012 0.13253967 1.699721
v -0.03379255 0.13580662 1.7031306
v -0.033893283 0.13288495 1.70175
v -0.03798355 0.13413374 1.7027388
v -0.037837878 0.13163607 1.7014102
v -0.04586838 0.12901904 1.7018487
v -0.048481278 0.12624496 1.7006681
v -0.01913797 0.13164964 1.6925457
v -0.02030785 0.12970847 1.6920446
v -0.055555813 0.09511996 1.6129471
v -0.05198103 0.09444655 1.6037363
v -0.0581871 0.096538894 1.6224713
v -0.06076494 0.09886963 1.631942
v -0.06569172 0.10325821 1.695236
v -0.0663938 0.10269025 1.7041972
v -0.06512288 0.1040142 1.7144077
v -0.061733525 0.106139116 1.726594
v -0.055815395 0.11272611 1.7323585
v -0.049150527 0.11802817 1.7353728
v -0.042543128 0.122065924 1.7371645
v -0.036315612 0.12542646 1.7383531
v -0.030264193 0.12858234 1.7393422
v -0.024342172 0.13126622 1.740092
v -0.018442955 0.13341063 1.7405121
v -0.012604464 0.13497786 1.7404511
v -0.005528541 0.1361437 1.7392467
v -0.06300407 0.101622514 1.6418843
v -0.007673641 0.15816668 1.6677213
v -0.0031839774 0.16173229 1.664658
v -0.007907519 0.1592313 1.6648518
v -0.002907693 0.16057263 1.667474
v -0.010961844 0.15363812 1.6668638
v -0.012655884 0.1484236 1.6626298
v -0.0132461935 0.14766651 1.6659954
v -0.011301783 0.15452643 1.6640038
v -0.01852945 0.14316033 1.6649158
v -0.018026166 0.14285381 1.66164
v -0.025006825 0.14050992 1.663505
v -0.024516195 0.14048731 1.6600434
v -0.03148519 0.13738605 1.6621337
v -0.03091295 0.1376319 1.6582396
v -0.037979305 0.13395004 1.6606984
v -0.037058316 0.13454102 1.6561401
v -0.044622388 0.12980503 1.658839
v -0.043005485 0.13086858 1.653471
v -0.048660256 0.1263817 1.6498625
v -0.051587995 0.12428754 1.6564176
v -0.009181402 0.11807196 1.5734547
v -1.4819815E-08 0.111279145 1.5724361
v -0.009379454 0.10900112 1.5733327
v -1.4547734E-08 0.11979562 1.5725797
v -0.029088646 0.1135704 1.5817603
v -0.02020797 0.106920145 1.5757154
v -0.029681817 0.104988515 1.5808698
v -0.020116886 0.11599836 1.5763607
v -0.035758004 0.110935554 1.5891012
v -0.037361532 0.10319006 1.5880125
v -0.041164678 0.10884219 1.5966963
v -0.04376655 0.102011874 1.5957243
v -0.04089906 0.13221121 1.6932899
v -0.040635716 0.13017844 1.6945454
v -0.0647987 0.10545245 1.6865152
v -0.04649986 0.12555516 1.6961801
v -0.046104465 0.12504773 1.6971596
v -0.06774928 0.096523926 1.7158124
v -0.065683514 0.096905105 1.727288
v -0.06889567 0.09628229 1.7052016
v -0.06871457 0.09690796 1.6952169
v -0.068074904 0.09858909 1.68554
v -0.063585594 0.10916572 1.6775098
v -0.03815094 0.13329048 1.6655207
v -0.045014504 0.12911999 1.664953
v -0.05276643 0.12390623 1.6650605
v -0.060553484 0.11505639 1.6668793
v -0.06592364 0.10381932 1.6648628
v -0.06469194 0.10405414 1.6529105
v -0.067097776 0.10115769 1.675683
v -0.004012768 0.1508278 1.628773
v -0.06632257 0.072898805 1.6261394
v -0.06366499 0.081070356 1.6246654
v -0.06833188 0.07523658 1.6357101
v -0.06603915 0.08309521 1.6344302
v -0.070576884 0.076969594 1.645069
v -0.06843784 0.08472156 1.644107
v -0.07033419 0.085480146 1.6540064
v -0.07256041 0.07727093 1.6544471
v -0.071650155 0.085325964 1.6641157
v -0.07401356 0.077001885 1.6639838
v -0.0735478 0.08342506 1.6843206
v -0.07491086 0.07639737 1.6736727
v -0.07537815 0.075124845 1.683623
v -0.072720826 0.08451265 1.674247
v -0.07355351 0.08213228 1.6947303
v -0.07526694 0.073582284 1.6941122
v -0.07133152 0.08053238 1.7278671
v -0.07463178 0.07222666 1.7164522
v -0.07340676 0.071753465 1.7278668
v -0.07270479 0.080854274 1.7165744
v -0.0751143 0.07275147 1.7051046
v -0.07335539 0.081347816 1.7054818
v -0.070060596 0.06770012 1.6373744
v -0.0678524 0.0644077 1.6285331
v -0.072546475 0.06899709 1.6461115
v -0.0746192 0.06897725 1.6548166
v -0.07595175 0.06831257 1.6637812
v -0.07652109 0.06718609 1.6728927
v -0.07661398 0.0656323 1.682455
v -0.076560654 0.06398388 1.6929646
v -0.079901055 0.04487925 1.6831355
v -0.07807087 0.055701323 1.6804049
v -0.079489656 0.048912525 1.6773502
v -0.07818932 0.05174107 1.6908327
v -0.07831078 0.051631942 1.6704525
v -0.077539295 0.058489423 1.6717974
v -0.0767699 0.060481433 1.6634399
v -0.07552185 0.05557813 1.6555604
v -0.077046916 0.053904515 1.6630706
v -0.07535369 0.061637495 1.6552329
v -0.073735006 0.055974327 1.6482711
v -0.07324913 0.061681166 1.6472918
v -0.07158339 0.05491353 1.6413745
v -0.07076353 0.060170077 1.6395278
v -0.0699691 0.051936094 1.6353701
v -0.06817874 0.056116182 1.6320941
v -0.06426531 0.047234543 1.6250156
v -0.06826858 0.03722433 1.63339
v -0.06822561 0.0463136 1.6324433
v -0.06561771 0.029365188 1.626342
v -0.04596585 0.09413238 1.59554
v -0.05003964 0.076172754 1.5964936
v -0.05215738 0.065780975 1.5978944
v -0.054215237 0.054139912 1.6002262
v -0.05729142 0.041409012 1.6020985
v -0.06182216 0.02905219 1.6141994
v -0.060250036 0.043585964 1.612938
v -0.05964194 0.027913326 1.6035296
v -0.02015114 -0.034343876 1.6312585
v -0.031013558 -0.02966857 1.6292849
v -0.040333197 -0.022706158 1.6275709
v -0.04865227 -0.012074555 1.6263512
v -0.0563231 0.0002399063 1.6253191
v -0.062489726 0.013165929 1.625058
v -0.07061011 0.02889356 1.6389234
v -0.06868364 0.02023079 1.6360195
v -0.06525572 0.009214136 1.6347693
v -0.059771214 -0.0019860102 1.6346202
v -0.07417297 0.021818388 1.6466385
v -0.07170959 0.013997762 1.6452656
v -0.062695056 -0.006054749 1.6444178
v -0.068091705 0.0046404833 1.6445092
v -1.3111542E-08 0.1451847 1.6102947
v -1.5122838E-08 0.10146051 1.5729064
v -0.009565453 0.09977557 1.5732268
v -0.020754086 0.097880244 1.5751915
v -0.030302484 0.09605664 1.5808387
v -0.038587626 0.094682775 1.5879297
v -0.046243828 0.06498183 1.5875288
v -0.043175664 0.076040916 1.5873787
v -0.05037823 0.052429143 1.5896771
v -0.05588088 0.039953455 1.5915931
v -0.080051385 0.039568778 1.7274367
v -0.07861779 0.05128121 1.7160081
v -0.08049412 0.03930686 1.716018
v -0.07789214 0.05170794 1.7276613
v -0.07649867 0.062413655 1.7161967
v -0.07557132 0.062192053 1.7278054
v -0.07660893 0.06283262 1.7045566
v -0.07820533 0.051339548 1.7040831
v -0.080486566 0.039148465 1.7049128
v -0.08046637 0.03908009 1.6942507
v -0.08144192 0.037567396 1.6876142
v -0.0826334 0.028907184 1.6898884
v -0.082394145 0.027311616 1.6958374
v -0.083201386 0.01764577 1.6844693
v -0.08184961 0.014298222 1.6939846
v -0.08282467 0.022585157 1.689403
v -0.08076572 0.009062708 1.6847227
v -0.07740449 0.01736524 1.6554056
v -0.07418619 0.009864376 1.654951
v -0.07684722 0.0074640573 1.6648853
v -0.0809496 0.014809166 1.6646153
v -0.07902851 0.0069663585 1.6749995
v -0.08288043 0.01435724 1.6747161
v -0.08080904 0.026572444 1.727174
v -0.08168377 0.026595732 1.7157807
v -0.08206009 0.026719458 1.7053313
v -0.080094084 0.013306904 1.726906
v -0.08118755 0.013432862 1.7153274
v -0.077290766 -0.0021950407 1.6854186
v -0.075669125 -0.0024999056 1.6754977
v -0.071728334 -0.0140879825 1.6864197
v -0.069882035 -0.013369624 1.6764901
v -0.06748563 -0.011837906 1.6657349
v -0.07318139 -0.0014488609 1.6650835
v -0.07054595 0.0011144076 1.654677
v -0.06495753 -0.009386724 1.6549994
v -0.07388474 -0.014262463 1.7057742
v -0.07907627 -0.00023060215 1.705444
v -0.07310575 -0.014260251 1.6959298
v -0.0785337 -0.00077440107 1.6951112
v -0.07394986 -0.014110568 1.715758
v -0.07870867 -0.0003883499 1.715662
v -0.073350914 -0.013331404 1.727857
v -0.07761485 -8.009086E-05 1.7271847
v -0.066632405 -0.025925163 1.7288939
v -0.066597536 -0.026921563 1.7167072
v -0.06605966 -0.027154839 1.7061498
v -0.06515361 -0.026907837 1.6963695
v -0.063876376 -0.026358461 1.686896
v -0.062227532 -0.025446398 1.6772819
v -0.06004637 -0.02372148 1.6664252
v -0.057667837 -0.021193597 1.65548
v -0.054935623 -0.018358605 1.645058
v -0.051796563 -0.014902375 1.6354645
v -0.05688733 -0.037045337 1.7301981
v -0.056419864 -0.038147643 1.7174314
v -0.0556859 -0.038348123 1.706718
v -0.0547196 -0.038113818 1.696986
v -0.05358562 -0.037497923 1.6874698
v -0.05213212 -0.036530778 1.6778895
v -0.050089277 -0.03499452 1.6670989
v -0.047636215 -0.032486577 1.6563866
v -0.04509678 -0.028865388 1.6461943
v -0.042449825 -0.025233908 1.6366736
v -0.030916644 -0.053819217 1.7336041
v -0.044924654 -0.046357285 1.7318549
v -0.030286718 -0.05529634 1.7207005
v -0.04430195 -0.047648568 1.7195188
v -0.029588845 -0.05541649 1.7090651
v -0.0434509 -0.04785374 1.7080796
v -0.04254049 -0.047454733 1.6978354
v -0.028850453 -0.05482709 1.6987264
v -0.028108196 -0.053824056 1.6891717
v -0.040319126 -0.04547967 1.6784072
v -0.02718452 -0.052318092 1.679311
v -0.041533798 -0.046669684 1.6882204
v -0.038728893 -0.043470748 1.6679522
v -0.02597628 -0.04992837 1.6691393
v -0.03667448 -0.040396295 1.6575757
v -0.024427507 -0.046383604 1.6590992
v -0.0342551 -0.03628245 1.6477741
v -0.022622345 -0.041721456 1.6497735
v -0.032173563 -0.03241369 1.638353
v -0.021088963 -0.037473977 1.6404537
v -0.059367266 0.10335551 1.7389894
v -0.063332625 0.09582396 1.7387357
v -0.05444055 0.109633476 1.7410986
v -0.048569754 0.115024276 1.7426537
v -0.07390769 0.062125638 1.7394483
v -0.07618035 0.051568165 1.7394253
v -0.07159599 0.07159137 1.7393606
v -0.06938617 0.08030559 1.7391875
v -0.024521185 0.1270782 1.7467552
v -0.01863472 0.12901454 1.7475376
v -0.030587433 0.12491214 1.7457939
v -0.036664322 0.122411326 1.744735
v -0.04253393 0.119285144 1.7435842
v -0.012782778 0.13070667 1.748091
v -0.0058125067 0.13159546 1.7483301
v -1.1236015E-08 0.13590246 1.7397074
v -1.1219917E-08 0.13171367 1.7485797
v -0.031285632 -0.05005582 1.7474432
v -0.045069806 -0.04311385 1.7456938
v -0.056799952 -0.03434575 1.7437822
v -0.06601483 -0.023810532 1.7419075
v -0.0720932 -0.011837415 1.7402952
v -0.0759721 0.00062915613 1.7392327
v -0.07842335 0.0134637095 1.7389606
v -0.0791207 0.026516631 1.7390591
v -0.07828061 0.039499253 1.7392293
v -0.032032732 -0.024308374 1.6027677
v -0.016016172 -0.029852817 1.604225
v -0.04396351 -0.013488199 1.6004003
v -0.05168102 -0.0004103003 1.5980062
v -0.056148984 0.013038072 1.5961088
v -0.05841135 0.026728598 1.5940276
v -0.013614094 0.005307089 1.8034767
v -1.3819701E-08 0.018494865 1.8073541
v -0.01297565 0.01921638 1.8058723
v -1.4298671E-08 0.004664158 1.8049072
v -0.060293995 0.012793199 1.7805794
v -0.050484087 0.02416075 1.7906998
v -0.059519894 0.02538983 1.7823359
v -0.051579278 0.010898635 1.7884514
v -0.06666132 0.02614316 1.7726754
v -0.0668039 0.013983807 1.771612
v -0.07203786 0.026418634 1.7619452
v -0.07168273 0.014185858 1.7615646
v -0.012347415 0.032454085 1.8064867
v -1.30375355E-08 0.043548558 1.8066884
v -0.01171926 0.04450929 1.8057928
v -1.3398559E-08 0.031669024 1.8075918
v -0.048900615 0.037062846 1.7912272
v -0.05602339 0.05064942 1.7822844
v -0.058018327 0.038207583 1.7827756
v -0.047027003 0.049310897 1.790615
v -0.06543156 0.03892663 1.7729822
v -0.06342571 0.051208973 1.7727548
v -0.07098385 0.03922799 1.762191
v -0.069165036 0.051427677 1.762215
v -0.07525199 0.039399862 1.750866
v -0.073248155 0.05166166 1.7509792
v -0.07623123 0.026497655 1.7507038
v -0.07568319 0.01385017 1.7506671
v -0.0082490705 0.0984065 1.7877382
v -1.1471819E-08 0.10547868 1.7831082
v -0.007737992 0.10619112 1.781896
v -1.163912E-08 0.09692672 1.7892818
v -0.041384652 0.099103265 1.7708868
v -0.031739507 0.10553453 1.7718217
v -0.03828431 0.10511998 1.7672833
v -0.034425605 0.09901941 1.7765278
v -0.047411054 0.09934953 1.7644745
v -0.043939866 0.10517899 1.7619599
v -0.052451015 0.100018404 1.7572668
v -0.048601568 0.10581362 1.7560511
v -0.05642617 0.101553336 1.7488605
v -0.052043736 0.10757519 1.7491457
v -1.2732041E-08 0.053898737 1.8053615
v -0.01112309 0.05531559 1.804345
v -0.053860325 0.06173408 1.781266
v -0.045065813 0.060598545 1.7893378
v -0.061164528 0.062438834 1.7720711
v -0.06714327 0.06222279 1.761927
v -0.010527645 0.06513159 1.8024136
v -1.2227098E-08 0.07192674 1.8014296
v -0.009966372 0.07404289 1.8000754
v -1.2463612E-08 0.063295074 1.8036255
v -0.04314142 0.07003503 1.7876991
v -0.04944267 0.07882242 1.7784042
v -0.05167703 0.07095806 1.7799625
v -0.04122179 0.07810773 1.7857916
v -0.058913384 0.071573205 1.7711385
v -0.056436956 0.07947478 1.7699242
v -0.0648598 0.07157774 1.7613552
v -0.062107995 0.0797714 1.7604657
v -0.008800401 0.09051747 1.7926867
v -1.1817853E-08 0.08859046 1.7943662
v -0.037021402 0.092207216 1.7804815
v -0.04441604 0.09248711 1.7740562
v -0.050740108 0.09301525 1.766689
v -0.05592929 0.09381775 1.7583715
v -0.06018959 0.09479047 1.7491176
v -0.06893043 0.07182976 1.7506279
v -0.06648653 0.08020414 1.7502056
v -0.071114995 0.06250912 1.750915
v -1.1344795E-08 0.11355961 1.7754214
v -0.0073814415 0.11371183 1.7744564
v -0.02909191 0.11185595 1.7664275
v -0.035155196 0.11109294 1.7628982
v -0.04056931 0.11069992 1.75874
v -0.044629376 0.1110111 1.7544206
v -0.04704112 0.112656265 1.7492591
v -0.037981745 0.11532989 1.7550346
v -0.031512436 0.121088386 1.7520504
v -0.037041374 0.11916121 1.7504476
v -0.03291658 0.11667617 1.7577407
v -0.041633133 0.11430912 1.752994
v -0.042013217 0.116497636 1.749213
v -0.039764438 0.022233883 1.797889
v -0.040952038 0.00882141 1.7952889
v -0.038234394 0.035165995 1.7983402
v -0.03655712 0.04741222 1.7975956
v -0.03490197 0.05875493 1.7961177
v -0.033341963 0.068691395 1.794218
v -0.031775173 0.07713606 1.7920051
v -0.028467186 0.09205085 1.7857969
v -0.026537921 0.0990123 1.7813859
v -0.024529489 0.10576969 1.7760869
v -0.022453682 0.112647556 1.7695704
v -0.006755221 0.12073646 1.765559
v -1.1227158E-08 0.12671885 1.7575824
v -0.006331926 0.12683463 1.756893
v -1.1273823E-08 0.12062478 1.7663097
v -0.013931194 0.12014003 1.764296
v -0.013062092 0.12586178 1.7561327
v -0.025539171 0.12295254 1.7537165
v -0.02695052 0.11803808 1.7602781
v -0.019445542 0.12447108 1.7550952
v -0.020702904 0.11920728 1.7625018
v -0.028219832 0.0069713416 1.8003619
v -0.02702797 0.02057707 1.8028148
v -0.025766501 0.03352767 1.8033996
v -0.024568612 0.045687843 1.8027117
v -0.023411833 0.056805193 1.8012468
v -0.022321511 0.06678737 1.7992574
v -0.021231195 0.07571715 1.7968653
v -0.017775388 0.09893128 1.7851763
v -0.018972512 0.09162804 1.7898351
v -0.016604938 0.10598431 1.7796694
v -0.015180832 0.113253914 1.772444
v -0.0026531904 0.13854702 1.7352035
v -1.1230263E-08 0.13851048 1.7351242
v -0.043185353 0.13076477 1.6927727
v -0.014041642 -0.009720787 1.7982627
v -1.4855754E-08 -0.010033765 1.7994386
v -0.01459186 -0.024728056 1.789775
v -1.5493272E-08 -0.0254901 1.7906045
v -0.015117128 -0.037527286 1.7777474
v -1.612944E-08 -0.038891792 1.77797
v -1.6709206E-08 -0.0493067 1.7630581
v -0.015361937 -0.047569804 1.763451
v -0.015452988 -0.054734666 1.748299
v -1.7198165E-08 -0.0566062 1.7476784
v -0.015210734 -0.058860518 1.7338341
v -1.7574177E-08 -0.06067898 1.7329415
v -0.014822476 -0.06031701 1.7210025
v -1.7823547E-08 -0.061994657 1.7205511
v -0.014361563 -0.060389746 1.7094424
v -1.8015028E-08 -0.06200483 1.7091482
v -0.013944702 -0.059775304 1.6996166
v -1.8144421E-08 -0.061445262 1.7003726
v -0.012979477 -0.057081137 1.6808333
v -1.8354177E-08 -0.059086584 1.6834048
v -0.013511662 -0.058767784 1.6904455
v -1.8248027E-08 -0.060591653 1.6925799
v -0.012300712 -0.054363538 1.6709397
v -1.8434106E-08 -0.05648113 1.6737155
v -0.011451923 -0.05034877 1.6612796
v -1.847039E-08 -0.052478924 1.6639915
v -0.010511456 -0.045275826 1.6520964
v -1.845496E-08 -0.047219753 1.6549778
v -1.8459724E-08 -0.042440314 1.6456658
v -0.009647796 -0.04103956 1.6427087
v -1.8516566E-08 -0.039086085 1.6359392
v -0.008881299 -0.037490796 1.6334759
v -1.857967E-08 -0.035943095 1.6262382
v -0.007841877 -0.034777004 1.62422
v -1.8664256E-08 -0.033497598 1.6165732
v -0.0052805445 -0.032888856 1.6151981
v -1.874956E-08 -0.031011913 1.6067895
v -0.029736152 -0.022024455 1.7870787
v -0.028928088 -0.007901107 1.7951707
v -0.030693654 -0.034120597 1.7758372
v -0.031131262 -0.043516297 1.7621604
v -0.07349629 0.00181441 1.7509197
v -0.070097715 -0.009555203 1.7520694
v -0.064752065 -0.020028438 1.754414
v -0.05612431 -0.029527746 1.7571489
v -0.044698145 -0.03743192 1.7596849
v -0.04401677 -0.028966218 1.772574
v -0.054912113 -0.022325363 1.7687994
v -0.06276343 -0.014681339 1.7648487
v -0.06740729 -0.006632984 1.7619262
v -0.07011887 0.0030743552 1.7613213
v -0.042905495 -0.017860485 1.782847
v -0.041876372 -0.005003698 1.7902812
v -0.05343719 -0.01287056 1.7777414
v -0.052431744 -0.0016955198 1.7841752
v -0.060907997 -0.0077646463 1.7724594
v -0.060504787 0.0014631895 1.7773403
v -0.06500938 -0.0038974893 1.7683526
v -0.06603153 0.0034289586 1.7699789
v -1.1218905E-08 0.14144732 1.7302544
v -1.1219637E-08 0.14446181 1.7245166
v -1.1250641E-08 0.14616498 1.71945
v -1.1336677E-08 0.14632899 1.714008
v -1.1463669E-08 0.14533767 1.7083051
v -1.1579651E-08 0.14477526 1.702449
v -1.1644683E-08 0.1454845 1.6972299
v -1.1658564E-08 0.14738329 1.6928154
v -1.1657061E-08 0.14965215 1.6886194
v -1.1654848E-08 0.15185821 1.6845844
v -1.1645369E-08 0.15400553 1.6810938
v -1.1641131E-08 0.15553044 1.6784662
v -1.1641401E-08 0.1569218 1.675822
v -1.1643969E-08 0.15842336 1.6728324
v -1.1651494E-08 0.15981267 1.6697593
v -1.1660127E-08 0.16107562 1.6668587
v -1.166654E-08 0.16230126 1.6641611
v -1.1668199E-08 0.16353284 1.6617358
v -1.1676491E-08 0.16460666 1.6592128
v -1.1729707E-08 0.16461585 1.656021
v -1.1853274E-08 0.16260217 1.6524537
v -1.5420888E-08 0.09186472 1.5732524
v -0.009846492 0.09061793 1.5736966
v -0.021554446 0.088858366 1.5749657
v -0.031854052 0.08692909 1.5803493
v -0.040512007 0.08572592 1.5877123
v -0.048033167 0.08552353 1.5957755
v -0.054469556 0.08633436 1.6041274
v -0.058403365 0.08742453 1.6136515
v -0.060928877 0.089019 1.6235197
v -0.063619554 0.0910295 1.6332245
v -0.06607129 0.09303019 1.6431148
v -0.06796545 0.09432421 1.653512
v -0.06908708 0.09412709 1.6642848
v -0.070044786 0.092772424 1.6747713
v -0.07098629 0.09121124 1.6849198
v -0.07138343 0.089894116 1.6950699
v -0.0713764 0.089185484 1.7055489
v -0.07048219 0.088889144 1.7164042
v -0.06878133 0.088708475 1.7276833
v -0.06667198 0.088276304 1.7389463
v -0.06355622 0.087701425 1.7496213
v -0.05911131 0.08709244 1.7594354
v -0.053708322 0.08648533 1.7684646
v -0.04704895 0.085942954 1.776444
v -0.03925958 0.085261546 1.7835095
v -0.0302143 0.084794 1.7892847
v -0.020125136 0.08393365 1.7937632
v -0.009391267 0.08247915 1.796869
v -1.2011014E-08 0.08032247 1.7984612
v -0.03440014 0.07703344 1.5789307
v -0.039449915 0.065538645 1.5750196
v -0.024633886 0.070283175 1.5701373
v -0.022752617 0.07979857 1.5737369
v -0.011208518 0.07478237 1.5661898
v -0.010275065 0.08182484 1.5711533
v -1.601828E-08 0.07714598 1.5654185
v -1.5743089E-08 0.083210334 1.5703795
v -0.039347734 0.060167238 1.5635146
v -0.026126869 0.06566473 1.560517
v -0.01168829 0.06707548 1.5600549
v -1.6355703E-08 0.069599785 1.5595443
v -0.04850215 0.05117843 1.5781205
v -0.049400568 0.048791647 1.5661787
v -1.8917044E-08 -0.029942108 1.594778
v -0.015483267 -0.030049225 1.5940744
v -1.9192532E-08 -0.032645997 1.5834517
v -0.016243592 -0.032240283 1.5833496
v -0.031884376 -0.025468918 1.593346
v -0.03336364 -0.02833358 1.5837204
v -0.04418313 -0.014926012 1.5913615
v -0.046238396 -0.017970327 1.5824894
v -0.053429004 -0.004570737 1.57951
v -0.052237708 -0.0013991586 1.5887764
v -0.056266032 0.008847962 1.5759989
v -0.05560256 0.011363212 1.5862082
v -0.057846963 0.022634493 1.5726676
v -0.057934247 0.024947187 1.5834806
v -0.056164693 0.0386674 1.5806364
v -0.057117864 0.036544308 1.5693194
v -1.6733473E-08 0.06326285 1.5489793
v -0.01168829 0.06707548 1.5600549
v -1.6355703E-08 0.069599785 1.5595443
v -0.013926808 0.06586303 1.5483148
v -0.026126869 0.06566473 1.560517
v -0.027697535 0.064065695 1.5495011
v -0.039544195 0.05574376 1.5516453
v -0.039347734 0.060167238 1.5635146
v -0.049400568 0.048791647 1.5661787
v -0.05048154 0.04584639 1.5539117
v -0.05758428 0.03347056 1.5574578
v -0.057117864 0.036544308 1.5693194
v -0.057846963 0.022634493 1.5726676
v -0.05811955 0.019642547 1.5613053
v -0.05895849 0.0059598642 1.565414
v -0.056266032 0.008847962 1.5759989
v -0.053429004 -0.004570737 1.57951
v -0.056883547 -0.007915717 1.5696458
v -0.046238396 -0.017970327 1.5824894
v -0.049722824 -0.021877598 1.572809
v -0.03336364 -0.02833358 1.5837204
v -0.03609977 -0.032867927 1.573582
v -0.016243592 -0.032240283 1.5833496
v -0.018167889 -0.036378987 1.5717145
v -1.9192532E-08 -0.032645997 1.5834517
v -1.952579E-08 -0.036207102 1.5702987
v -0.06604318 0.023167076 1.5335183
v -0.058322527 0.028630493 1.5453976
v -0.07079543 0.013966478 1.5381991
v -0.061317194 0.015688978 1.5492171
v -0.109840035 0.00066467765 1.5174562
v -0.07602989 0.041282848 1.6316907
v -0.07170498 0.047223683 1.63306
v -0.0729645 0.040909786 1.632208
v -0.07037912 0.047005083 1.632983
v -0.075423 0.034325935 1.6361728
v -0.07938623 0.035948217 1.6343964
v -0.07982691 0.02585609 1.6451949
v -0.08415369 0.02786358 1.6443478
v -0.08321474 0.020026084 1.6532276
v -0.08766596 0.022332849 1.6527613
v -0.08632751 0.015471528 1.6635576
v -0.0908814 0.017292658 1.6633091
v -0.08841901 0.014345446 1.6749682
v -0.092916 0.015260614 1.6756167
v -0.08906126 0.018174585 1.6858555
v -0.09348281 0.019053828 1.6862
v -0.0918884 0.023743663 1.6894425
v -0.08818918 0.023248436 1.6898278
v -0.08696916 0.029668031 1.6903602
v -0.0845552 0.03664446 1.6861421
v -0.089411244 0.029752746 1.6893117
v -0.08312111 0.036974296 1.6864873
v -0.08231374 0.040954277 1.6812011
v -0.080875516 0.04282268 1.6821095
v -0.07236961 0.05177055 1.6422263
v -0.0719631 0.049500134 1.6359421
v -0.07330261 0.049670298 1.6429551
v -0.071109556 0.050448876 1.6356937
v -0.080463305 0.045256976 1.6760072
v -0.08239848 0.04262208 1.6752508
v -0.07907792 0.04736388 1.6695713
v -0.080535024 0.04367411 1.668801
v -0.07792575 0.04572179 1.6619047
v -0.077240095 0.049297497 1.6627103
v -0.07658591 0.04675343 1.6552896
v -0.075604595 0.05087727 1.6556689
v -0.07459544 0.04835182 1.6486503
v -0.07391699 0.051845945 1.6488417
v -0.074960254 0.044757742 1.6373035
v -0.07617927 0.045430318 1.6440939
v -0.07909772 0.040244997 1.6443893
v -0.08580924 0.03170214 1.6489416
v -0.09235922 0.021883532 1.6641086
v -0.09079711 0.025098981 1.6565406
v -0.09305939 0.018147958 1.6744983
v -0.09118704 0.0212865 1.6828502
v -0.09064262 0.02427387 1.6857679
v -0.08579352 0.03537821 1.6841782
v -0.08776826 0.027983349 1.6839358
v -0.07798462 0.044820033 1.6479311
v -0.07534649 0.042144787 1.6543283
v -0.07734041 0.040972587 1.6611859
v -0.08194333 0.03966644 1.6679019
v -0.0818556 0.038668733 1.6747881
v -0.08284099 0.038582187 1.6799012
v -0.08331458 0.039600927 1.6530635
v -0.08674403 0.035090886 1.6534513
v -0.08083 0.032440286 1.6680253
v -0.08574707 0.03349346 1.6756407
v -0.080591924 0.03464615 1.6600285
v -0.090507165 0.02788627 1.6755377
v -0.08685296 0.030256191 1.6587576
v -0.087774806 0.027128618 1.6663291
v -0.08153244 0.013618886 1.704879
v -0.06826858 0.03722433 1.63339
v -0.07061011 0.02889356 1.6389234
v -0.07417297 0.021818388 1.6466385
v -0.07740449 0.01736524 1.6554056
v -0.0809496 0.014809166 1.6646153
v -0.08288043 0.01435724 1.6747161
v -0.083201386 0.01764577 1.6844693
v -0.08282467 0.022585157 1.689403
v -0.0826334 0.028907184 1.6898884
v -0.08144192 0.037567396 1.6876142
v -0.079901055 0.04487925 1.6831355
v -0.079489656 0.048912525 1.6773502
v -0.07831078 0.051631942 1.6704525
v -0.077046916 0.053904515 1.6630706
v -0.07552185 0.05557813 1.6555604
v -0.073735006 0.055974327 1.6482711
v -0.07158339 0.05491353 1.6413745
v -0.0699691 0.051936094 1.6353701
v -0.06822561 0.0463136 1.6324433
v -0.025961952 0.12845996 1.7000777
v -0.029575948 0.12070656 1.7027779
v -0.029933274 0.12897739 1.7014058
v -0.025247648 0.12070656 1.7013024
v -0.04554314 0.12070656 1.6948442
v -0.04589428 0.12327805 1.6967578
v -0.04672924 0.12070656 1.695612
v -0.044808812 0.124403514 1.6960571
v -0.04148618 0.12662093 1.7009103
v -0.038033344 0.12070656 1.7031931
v -0.041849717 0.12070656 1.7022809
v -0.03780983 0.127847 1.701793
v -0.03860013 0.120706566 1.6921794
v -0.04058932 0.12685615 1.6941556
v -0.041001987 0.120706566 1.6927991
v -0.03828425 0.1276608 1.6935617
v -0.042227414 0.12597005 1.6947312
v -0.04276195 0.12070656 1.693418
v -0.045085404 0.12495482 1.6998622
v -0.045565397 0.12070656 1.7011964
v -0.04786249 0.12261113 1.6984742
v -0.049123105 0.12070656 1.6984973
v -0.030590313 0.120706566 1.6907381
v -0.034994707 0.12829323 1.6929059
v -0.035249446 0.120706566 1.6915112
v -0.030361842 0.12842995 1.6921372
v -0.023684237 0.12762327 1.6980121
v -0.022741925 0.12070656 1.6990714
v -0.025765324 0.120706566 1.6899631
v -0.020000905 0.12652814 1.6919825
v -0.025701154 0.12784865 1.6913795
v -0.018792685 0.120706566 1.6915789
v -0.044210248 0.12070656 1.694091
v -0.043562215 0.12518397 1.6953521
v -0.02001938 0.12070656 1.6966522
v -0.021205243 0.12695687 1.695875
v -0.03376239 0.12070655 1.7035439
v -0.033832557 0.12869397 1.7021279
v -0.04154428 0.12984116 1.7005265
v -0.04502077 0.12662968 1.6964805
v -0.029442081 0.13756694 1.7035255
v -0.049989283 0.122942716 1.6972005
v -0.049903594 0.12447788 1.6997279
v -0.046202328 0.12728748 1.6943182
v -0.04732381 0.12527975 1.6950163
v -0.038177032 0.13488545 1.7039635
v -0.042096607 0.13234812 1.7029871
v -0.045352247 0.12756297 1.6954422
v -0.041756775 0.1317155 1.7017471
v -0.04480213 0.12901004 1.6935141
v -0.019220527 0.13170251 1.6908453
v -0.033841915 0.13675459 1.7043537
v -0.042000134 0.1321589 1.7023033
v -0.045712426 0.1288507 1.7011571
v -0.03814172 0.13466483 1.7032723
v -0.033858024 0.13642938 1.7036629
v -0.029573916 0.1370853 1.7028856
v -0.025179114 0.13607872 1.7013745
v -0.046920717 0.12548347 1.6956663
v -0.045819364 0.12749739 1.694949
v -0.04116792 0.13256602 1.692781
v -0.042980757 0.13074036 1.6934396
v -0.049220096 0.12359275 1.6975398
v -0.049288876 0.12473337 1.6992633
v -0.048312236 0.12605906 1.7000005
v -0.03518475 0.135581 1.6914195
v -0.030398097 0.13582338 1.6906402
v -0.022602927 0.13437183 1.699074
v -0.019893583 0.13305418 1.696676
v -0.018607792 0.13214378 1.6927495
v -0.01865529 0.13218997 1.6904082
v -0.025391981 0.1345968 1.6898781
v -0.03866959 0.13426863 1.6921182
v -0.044477154 0.12911685 1.6941602
v -1.2371771E-08 0.15013322 1.6450765
v -1.2509815E-08 0.14868774 1.6395721
v -1.26171535E-08 0.15143497 1.62798
v -1.2565597E-08 0.1497011 1.6343306
v -1.1984994E-08 0.15931146 1.6508119
v -0.0028271622 0.15897624 1.6511816
v -0.0050649634 0.14781807 1.6522068
v -0.0061664428 0.14917214 1.6537381
v -0.0050296276 0.14988488 1.653639
v -0.006349611 0.1474704 1.6521349
v -0.008544798 0.14718167 1.6537588
v -0.0086377 0.14573093 1.6523733
v -0.010397726 0.15411353 1.6531042
v -0.013629672 0.14861822 1.6512182
v -0.013785694 0.14716306 1.649161
v -0.010755658 0.14596154 1.6536373
v -0.010295637 0.14550011 1.6527569
v -0.010499924 0.14678934 1.6546643
v -0.008358849 0.14968413 1.6557415
v -0.0057589216 0.1580095 1.652935
v -0.0060917027 0.15155534 1.6552619
v -0.005152566 0.15235238 1.6550324
v -0.011339508 0.14690053 1.6484683
v -0.0094852885 0.14722252 1.6480895
v -0.0061983545 0.14956431 1.6477369
v -0.003688722 0.14997502 1.6472802
v -0.0021992677 0.15373641 1.6481119
v -0.0042137615 0.15268981 1.6494658
v -0.0042008837 0.15658239 1.651441
v -0.01187343 0.14732118 1.6500926
v -0.011706998 0.14819494 1.6515732
v -0.009418074 0.15236156 1.6529636
v -0.005655891 0.15568829 1.6529919
v -1.2197859E-08 0.15411107 1.647937
v 0.097171456 -0.043842256 1.5223324
v 0.08517687 -0.016264463 1.5356042
v 0.07577845 -0.04069578 1.5362786
v 0.10643479 -0.022278002 1.5230687
v 0.02971348 -0.06066804 1.5298951
v -2.1087766E-08 -0.062016264 1.5258738
v 0.03204726 -0.07833738 1.5008786
v -2.2051038E-08 -0.0772734 1.4972314
v 0.07546101 -0.06993816 1.5102818
v 0.057060465 -0.053958587 1.534313
v 0.10629596 0.021156307 1.5072099
v 0.0878465 0.044408947 1.4996889
v 0.08240781 0.016365975 1.5274676
v 0.039251417 0.10184112 1.4540642
v 0.031294197 0.07996817 1.4818513
v 0.07258664 0.07557116 1.4857354
v 0.011721086 0.073469944 1.4874588
v 0.024581784 -0.05128604 1.5451072
v 0.040426705 -0.038736597 1.5621753
v 0.021062426 -0.04333926 1.5590688
v 0.04690543 -0.045636185 1.5490998
v 0.06945225 0.037593946 1.5133778
v 0.055480916 -0.026804345 1.5623798
v 0.07245385 -0.014835902 1.5485528
v 0.063115455 -0.0115024 1.5595363
v 0.063926116 -0.03275146 1.5506794
v 0.05526043 0.03644961 1.5263648
v 0.053199336 0.05607089 1.5033168
v 0.04399774 0.05188985 1.521672
v 0.029045742 0.06337494 1.5352488
v 0.030518595 0.06457517 1.5195234
v 0.04092869 0.05300832 1.5373954
v 0.032653563 0.0692931 1.5026913
v 0.01488683 0.070559196 1.5030339
v 0.0152632315 0.06871705 1.5188076
v -2.0564375E-08 -0.05297773 1.5400225
v -2.0009681E-08 -0.043056283 1.5543708
v 0.014862833 0.06746041 1.5338981
v 0.051677234 0.04166903 1.5410081
v 0.06499483 0.0030571253 1.5548
v 0.07428855 0.0011653708 1.544023
v 0.08688821 0.0011642133 1.5321845
v 0.0012991416 0.14878334 1.6396832
v 0.003795707 0.14997463 1.6342419
v 0.001023526 0.14977486 1.6343067
v 0.004347562 0.14900766 1.6399441
v 0.013577508 0.13914762 1.6080687
v 0.011288472 0.1379566 1.6014237
v 0.009515629 0.1401845 1.6069546
v 0.016795179 0.13627335 1.603563
v 0.018001067 0.13793771 1.6097008
v 0.02166582 0.13602677 1.611769
v 0.021490274 0.13494061 1.6059206
v 0.025293147 0.13310489 1.6088333
v 0.030196048 0.13077104 1.6154407
v 0.027061457 0.13358836 1.6191835
v 0.031547762 0.13110189 1.6187673
v 0.02576635 0.13316166 1.6167357
v 0.010570149 0.14681719 1.6339006
v 0.008259125 0.14773475 1.6401944
v 0.011533217 0.14538066 1.6401584
v 0.0074948836 0.14873235 1.6343836
v 0.0070830756 0.14975058 1.6290863
v 0.010002207 0.14859664 1.6286384
v 0.016922215 0.1429292 1.6319324
v 0.013100696 0.14712928 1.6278373
v 0.013653129 0.14481592 1.632977
v 0.01626355 0.14535503 1.626785
v 0.02245292 0.13797612 1.6221542
v 0.02712573 0.1359202 1.6250973
v 0.024078567 0.13626829 1.6213199
v 0.027621077 0.13508172 1.6233095
v 0.017806372 0.13915786 1.6146706
v 0.014495583 0.14160801 1.6130543
v 0.010706634 0.1437443 1.6115917
v 0.008123271 0.14480704 1.6110322
v 0.016961364 0.14376025 1.652378
v 0.013473625 0.15007338 1.6532755
v 0.014181948 0.15007205 1.6546575
v 0.015820842 0.14294516 1.6475513
v 0.0032635105 0.1641586 1.6557958
v 0.006251287 0.16024378 1.6538126
v 0.0032866541 0.16239536 1.6528754
v 0.007230284 0.16125192 1.6561182
v 0.010278803 0.15641989 1.6562078
v 0.010097194 0.1557619 1.6547742
v 0.010904005 0.15603219 1.6584489
v 0.013599797 0.14950913 1.659469
v 0.014184071 0.15006451 1.6568584
v 0.011350976 0.15530124 1.661166
v 0.003134249 0.1630942 1.6619446
v 0.00759481 0.16111337 1.6589212
v 0.0031560946 0.16417739 1.6591011
v 0.007877353 0.16021974 1.6618792
v 0.01682277 0.14373004 1.655166
v 0.017122975 0.14251027 1.6583443
v 0.001306471 0.1513152 1.6854335
v 0.005304725 0.15133475 1.6826454
v 0.0016965742 0.15332861 1.682065
v 0.004668221 0.1496611 1.6860956
v 0.011865401 0.14430694 1.6816895
v 0.007895298 0.14714794 1.6861035
v 0.010616336 0.143396 1.685355
v 0.008722588 0.14830878 1.682537
v 0.016180454 0.14012027 1.6807188
v 0.014218672 0.13880886 1.6842055
v 0.059954796 0.113874085 1.7011701
v 0.062383834 0.10882195 1.6952405
v 0.05898406 0.113508314 1.6949537
v 0.06341479 0.10900233 1.702791
v 0.059415072 0.11533701 1.7077985
v 0.06267899 0.110365316 1.7110174
v 0.05751535 0.11826827 1.7141074
v 0.060242996 0.11317951 1.7193656
v 0.055532783 0.1179753 1.7251302
v 0.05386836 0.12220366 1.7193007
v 0.04879473 0.12627265 1.7230842
v 0.049167372 0.122254156 1.7287649
v 0.042915907 0.12978697 1.725522
v 0.042538285 0.1256886 1.7309688
v 0.036267813 0.12895066 1.7321688
v 0.030605085 0.13598634 1.7274079
v 0.030336305 0.13233796 1.7332551
v 0.036731184 0.13288781 1.7267253
v 0.04856198 0.12683368 1.707818
v 0.046982914 0.12834217 1.7042487
v 0.04320909 0.1315046 1.7061695
v 0.044152863 0.13004255 1.709788
v 0.051458515 0.124068104 1.7149494
v 0.049602136 0.12554424 1.7109299
v 0.044957414 0.12840825 1.7135025
v 0.0471514 0.12804534 1.7182546
v 0.034378476 0.13632675 1.7114383
v 0.029970765 0.13981867 1.7161897
v 0.03522153 0.1359986 1.716503
v 0.028794039 0.1387849 1.7104795
v 0.03093184 0.13911301 1.721878
v 0.036801346 0.13583851 1.7214704
v 0.042240035 0.13213742 1.7203186
v 0.040131584 0.1318694 1.7158296
v 0.039306514 0.13305965 1.711341
v 0.038847685 0.13440931 1.7075603
v 0.03414696 0.1370354 1.7074598
v 0.028976133 0.13867623 1.7061281
v 0.048068658 0.12510939 1.6900144
v 0.04734457 0.12587865 1.6934067
v 0.04949793 0.12301658 1.691926
v 0.046114627 0.12756555 1.6922351
v 0.050390195 0.12306436 1.6882381
v 0.051988225 0.12064938 1.6911354
v 0.053251885 0.12127401 1.6865168
v 0.05464137 0.11830101 1.6902776
v 0.04209557 0.13147672 1.6899161
v 0.04580875 0.12739328 1.6884241
v 0.04284948 0.12985733 1.6869205
v 0.044360936 0.12946326 1.690981
v 0.044179402 0.12845153 1.6838119
v 0.047646057 0.12564774 1.6859014
v 0.052325908 0.122089 1.7012339
v 0.054440126 0.119309425 1.6989315
v 0.052101746 0.121403985 1.697907
v 0.0545156 0.12008345 1.7033706
v 0.056841005 0.11701913 1.6999726
v 0.056446265 0.11824558 1.7053336
v 0.05290496 0.12247435 1.7076881
v 0.05483907 0.120875046 1.7104731
v 0.051333677 0.123775296 1.704746
v 0.050541658 0.12385956 1.6999643
v 0.05038081 0.12255667 1.6970489
v 0.04940793 0.12550955 1.7019565
v 0.05067319 0.121427104 1.6943855
v 0.048206784 0.12443353 1.6941314
v 0.053152565 0.11927363 1.6948944
v 0.05580993 0.116843686 1.6951787
v 0.02058661 0.13448897 1.6841588
v 0.021941544 0.13628453 1.6802754
v 0.02857361 0.13427751 1.6838205
v 0.034844093 0.13294508 1.6813207
v 0.02871166 0.13431701 1.6804247
v 0.034622952 0.13343565 1.6844769
v 0.028922277 0.13813125 1.6511227
v 0.035761625 0.13518871 1.6521854
v 0.034373753 0.1357887 1.6487279
v 0.030084252 0.13791254 1.654718
v 0.023933448 0.14043026 1.6567214
v 0.023161853 0.14030574 1.6533729
v 0.029515537 0.13501896 1.6876361
v 0.034756266 0.13498661 1.6880238
v 0.017509993 0.13603152 1.703525
v 0.017866336 0.13390692 1.6979357
v 0.014307044 0.13408898 1.6987661
v 0.02016475 0.13578114 1.7011507
v 0.016274171 0.13256095 1.6935709
v 0.014788334 0.13403241 1.6882656
v 0.012900263 0.13362232 1.693382
v 0.017644992 0.13255529 1.6896682
v 0.023621576 0.13376343 1.6873347
v 0.011356796 0.13798843 1.688447
v 0.009511305 0.13675474 1.6937089
v 0.0010624119 0.14927241 1.6891925
v 0.004036544 0.14791666 1.6899487
v 0.0067436835 0.14565592 1.6900301
v 0.009050184 0.14229383 1.6894568
v 0.0011006341 0.14701226 1.6934559
v 0.0035710265 0.1459617 1.6940727
v 0.005855944 0.14411943 1.6943244
v 0.007664657 0.14115319 1.694064
v 0.024294924 0.13540179 1.7336894
v 0.018700717 0.14075488 1.7275214
v 0.01856577 0.1374695 1.733861
v 0.024617523 0.1387879 1.7277404
v 0.018681567 0.14272325 1.7215694
v 0.023826746 0.14211023 1.7155286
v 0.017825585 0.14317611 1.7156043
v 0.02477437 0.14139533 1.7217976
v 0.021941429 0.13875538 1.7088056
v 0.015707362 0.1408232 1.7101892
v 0.01235726 0.1371624 1.7055539
v 0.009849379 0.13634388 1.6994606
v 0.0010712185 0.14465237 1.7033422
v 0.003278702 0.14448091 1.6988286
v 0.0011219956 0.14515789 1.6981614
v 0.0034533879 0.14400956 1.7041216
v 0.00739999 0.1404066 1.6993228
v 0.005888354 0.14254096 1.70452
v 0.008378554 0.1404006 1.7050598
v 0.005441859 0.14299037 1.699162
v 0.0015445407 0.14620957 1.7144992
v 0.0043227607 0.14476506 1.7095325
v 0.001370289 0.14536741 1.7089585
v 0.0049747303 0.14564784 1.7149563
v 0.010898709 0.1424806 1.710304
v 0.00850151 0.14483559 1.71537
v 0.012489808 0.1440554 1.715626
v 0.0075053754 0.14386144 1.7099243
v 0.0015933552 0.14592439 1.7200394
v 0.0051891524 0.14532833 1.7205509
v 0.008954468 0.1445302 1.7210641
v 0.013131964 0.14372623 1.7214321
v 0.0017570002 0.14117931 1.7307057
v 0.0049392446 0.14357603 1.7260697
v 0.0020740004 0.14399765 1.7254839
v 0.004104539 0.14092225 1.7311362
v 0.007910701 0.13977371 1.7327229
v 0.013343807 0.1419004 1.7273093
v 0.008821146 0.14272799 1.726905
v 0.012981728 0.13879454 1.7335558
v 0.045414865 0.12686902 1.637359
v 0.04998548 0.12041011 1.6336708
v 0.046428308 0.1240364 1.6314335
v 0.048733227 0.12420961 1.6402149
v 0.04981876 0.11753186 1.6266636
v 0.04541567 0.11968267 1.6190102
v 0.046433624 0.121723585 1.6252233
v 0.048426762 0.11531843 1.6195648
v 0.04298795 0.118898675 1.6127607
v 0.046024144 0.1139376 1.6124948
v 0.038383935 0.114866376 1.5984441
v 0.030580146 0.12266414 1.5949116
v 0.035492845 0.12041648 1.6006048
v 0.03320146 0.11724797 1.5916249
v 0.017790794 0.13030379 1.5840995
v 0.027059263 0.12054186 1.5849454
v 0.019366927 0.12409732 1.5788333
v 0.024625419 0.12620367 1.5893407
v 0.013749042 0.13653332 1.595784
v 0.02239446 0.13051213 1.5938921
v 0.01589327 0.13431993 1.589946
v 0.019858692 0.13332039 1.5987417
v 0.0248564 0.13141982 1.6019547
v 0.028982256 0.12933737 1.6058537
v 0.027850678 0.12721731 1.5982767
v 0.032428537 0.1251112 1.603066
v 0.039298493 0.12346346 1.6132752
v 0.036468316 0.12815806 1.6186008
v 0.041344143 0.1242242 1.6186042
v 0.03481895 0.1276788 1.6142288
v 0.037266497 0.12906574 1.6228627
v 0.0423995 0.12574787 1.6239243
v 0.036676776 0.13207367 1.6308448
v 0.042539198 0.12753011 1.6292343
v 0.03736987 0.13044685 1.6269965
v 0.041399725 0.12970072 1.6340508
v 0.029211067 0.13685901 1.6396075
v 0.027620658 0.13809474 1.6472362
v 0.032369573 0.13637152 1.6446192
v 0.025037767 0.13880734 1.6418407
v 0.022393044 0.13988459 1.6496999
v 0.020869996 0.1408408 1.6443174
v 0.015032671 0.14332783 1.6397883
v 0.01886656 0.1414138 1.6381919
v 0.025891252 0.13816595 1.6345775
v 0.022641022 0.13974936 1.6363976
v 0.031790465 0.13390677 1.6278423
v 0.03229109 0.1328121 1.6250618
v 0.03228843 0.13186392 1.6220179
v 0.022605939 0.13914907 1.6293999
v 0.020124644 0.14121255 1.624379
v 0.0184531 0.143345 1.625456
v 0.019975724 0.14092557 1.6307564
v 0.027678324 0.1342317 1.6213775
v 0.024204679 0.13555114 1.620415
v 0.02321614 0.13503592 1.6191797
v 0.020853095 0.13567626 1.6176658
v 0.009257848 0.14629035 1.6458805
v 0.013941692 0.1457079 1.6471037
v 0.001828055 0.14973772 1.6451874
v 0.0054090954 0.14896296 1.6454045
v 0.060120746 0.11457062 1.6811216
v 0.058178328 0.115228064 1.6891373
v 0.06144161 0.11097747 1.6879271
v 0.056649916 0.118421994 1.6841474
v 0.0049104257 0.14109278 1.6063714
v 0.002299163 0.14541093 1.6103382
v 0.0045953677 0.14563172 1.6105051
v 0.006375133 0.14524458 1.6106817
v 0.0065151663 0.1392948 1.5935482
v 0.0054820613 0.14007705 1.5999852
v 0.0076878155 0.13708268 1.5869617
v 0.008802645 0.1330518 1.5803881
v 0.009221173 0.12629738 1.5756212
v 0.024113895 0.13386706 1.6141177
v 0.019869773 0.13727064 1.6162958
v 0.028100837 0.1312723 1.612097
v 0.032325577 0.12804474 1.6099868
v 0.0362485 0.12387891 1.6081035
v 0.039758235 0.11895649 1.6065875
v 0.04263005 0.11370642 1.6054567
v 0.0428745 0.1301106 1.642228
v 0.045643207 0.1283552 1.6453872
v 0.035222717 0.13364871 1.6342043
v 0.03949924 0.13196775 1.6383989
v 0.030652175 0.13515927 1.6302881
v 0.026317846 0.13676247 1.6265944
v 0.046031453 0.12731515 1.6808378
v 0.05018793 0.124174654 1.6832013
v 0.02914439 0.13445233 1.6774163
v 0.035242137 0.13216195 1.6781403
v 0.017394023 0.141381 1.6775907
v 0.022967272 0.13769081 1.6771317
v 0.012791808 0.14531332 1.6782792
v 0.009252989 0.14941123 1.6790667
v 0.0058184965 0.15284345 1.6794384
v 0.0019739058 0.15500003 1.679034
v 0.0062795645 0.15411496 1.6763957
v 0.0024945354 0.1578735 1.6732934
v 0.002229931 0.15639548 1.6762416
v 0.006670282 0.1554278 1.673397
v 0.013782386 0.14692125 1.672071
v 0.009585781 0.15042621 1.6758472
v 0.013414494 0.1462842 1.6751212
v 0.009945877 0.15142825 1.6726973
v 0.018212568 0.14231242 1.6744428
v 0.018701835 0.14292699 1.6712232
v 0.023989476 0.13877599 1.6739954
v 0.024693102 0.13970076 1.6706083
v 0.03612839 0.13199067 1.6742486
v 0.030965941 0.13639 1.6701717
v 0.029761042 0.13513464 1.6736572
v 0.037310433 0.13253377 1.6700938
v 0.05723992 0.106210984 1.6304065
v 0.051684223 0.10994007 1.6204059
v 0.05346182 0.11243316 1.6284075
v 0.055049267 0.10355632 1.6214674
v 0.04903684 0.10846631 1.6124916
v 0.05229808 0.102057844 1.6126506
v 0.045547865 0.108048886 1.604578
v 0.0488228 0.10166533 1.6039169
v 0.039217364 0.13194689 1.6855283
v 0.038994923 0.13351087 1.6887703
v 0.039909076 0.13103014 1.6823618
v 0.040977612 0.13013384 1.6791825
v 0.04107257 0.13204062 1.6491833
v 0.03898136 0.13316332 1.6455703
v 0.036348403 0.13427627 1.6416844
v 0.03292235 0.13520254 1.6370659
v 0.028615642 0.13660413 1.6324517
v 0.024692671 0.13789363 1.6280266
v 0.021228133 0.13971286 1.6235778
v 0.04233345 0.12905054 1.6753478
v 0.04396733 0.12892376 1.670502
v 0.053376112 0.12227662 1.679821
v 0.051007032 0.12489892 1.6718698
v 0.048352852 0.12599121 1.6769739
v 0.05709078 0.11954563 1.6749047
v 0.052824717 0.12083867 1.644604
v 0.05862985 0.109908134 1.6401116
v 0.054011323 0.11596547 1.6365795
v 0.058409788 0.115295485 1.6521009
v 0.0027889307 0.1592473 1.670398
v 0.007251253 0.15688471 1.6705284
v 0.013687852 0.14728677 1.6689606
v 0.010497505 0.15257789 1.6697148
v 0.01867108 0.14328215 1.6680024
v 0.025134241 0.1402798 1.6670809
v 0.031576626 0.13703108 1.6663321
v 0.018670853 -0.030131344 1.6134967
v 0.030658517 -0.027113602 1.6208466
v 0.019384773 -0.03168277 1.6225104
v 0.03343837 -0.02396168 1.612983
v 0.046638522 -0.011226154 1.6171708
v 0.044782333 -0.012465713 1.6092418
v 0.038164522 -0.02177493 1.6193038
v 0.05371239 0.001261679 1.6157851
v 0.05203538 0.0005681615 1.6069193
v 0.059718788 0.014337615 1.6147151
v 0.05760204 0.013920923 1.6051557
v 0.063424036 0.07009251 1.6164917
v 0.056435987 0.07738696 1.6053716
v 0.061096344 0.07913408 1.6147667
v 0.058050636 0.06771947 1.6072778
v 0.06460407 0.05971854 1.6197071
v 0.059021123 0.0566848 1.6101016
v 0.023682656 0.1379942 1.7041559
v 0.045427665 0.12851116 1.7005309
v 0.04800585 0.12569685 1.6994174
v 0.04521055 0.12742037 1.6994816
v 0.047874954 0.12420351 1.6982179
v 0.018040586 0.13249733 1.6899208
v 0.02520329 0.13466898 1.6892741
v 0.048651665 0.12481623 1.6989679
v 0.030354317 0.13590428 1.690057
v 0.035148077 0.13569637 1.6907945
v 0.042297337 0.12888443 1.6951275
v 0.044022135 0.12902543 1.6946436
v 0.042618252 0.13050705 1.6939467
v 0.04364485 0.12774977 1.695752
v 0.04856152 0.12398947 1.6978403
v 0.034960907 0.13229327 1.693285
v 0.03852125 0.13379204 1.6926258
v 0.03518239 0.13504659 1.6919233
v 0.038288224 0.1313601 1.693945
v 0.020381156 0.1324957 1.6963983
v 0.023878274 0.13129964 1.6976831
v 0.021483283 0.13032837 1.6956247
v 0.023011107 0.13377233 1.6987426
v 0.030285688 0.13249576 1.6925099
v 0.025730105 0.13417469 1.6903973
v 0.02562012 0.13162431 1.6917542
v 0.030520888 0.13532002 1.6911417
v 0.038682375 0.134385 1.6914691
v 0.04125933 0.13264588 1.6921207
v 0.019310012 0.13343771 1.697075
v 0.017919663 0.13240035 1.6930008
v 0.024893925 0.1366159 1.7019473
v 0.022152795 0.1348237 1.6995468
v 0.025441479 0.13537984 1.7009436
v 0.030021772 0.13330284 1.7010336
v 0.026101986 0.13253967 1.699721
v 0.029674279 0.13637783 1.702393
v 0.03379253 0.13580662 1.7031306
v 0.03389326 0.13288495 1.70175
v 0.03798353 0.13413374 1.7027388
v 0.037837856 0.13163607 1.7014102
v 0.048481256 0.12624496 1.7006681
v 0.04586836 0.12901904 1.7018487
v 0.019137943 0.13164964 1.6925457
v 0.020307824 0.12970847 1.6920446
v 0.055555783 0.09511996 1.6129471
v 0.051981 0.09444655 1.6037363
v 0.05818707 0.096538894 1.6224713
v 0.06076491 0.09886963 1.631942
v 0.06569169 0.10325821 1.695236
v 0.06639377 0.10269025 1.7041972
v 0.06512285 0.1040142 1.7144077
v 0.061733503 0.106139116 1.726594
v 0.055815373 0.11272611 1.7323585
v 0.049150504 0.11802817 1.7353728
v 0.042543106 0.122065924 1.7371645
v 0.03631559 0.12542646 1.7383531
v 0.03026417 0.12858234 1.7393422
v 0.02434215 0.13126622 1.740092
v 0.018442933 0.13341063 1.7405121
v 0.0126044415 0.13497786 1.7404511
v 0.0055285185 0.1361437 1.7392467
v 0.06300404 0.101622514 1.6418843
v 0.007673618 0.15816668 1.6677213
v 0.0031839542 0.16173229 1.664658
v 0.0029076696 0.16057263 1.667474
v 0.007907495 0.1592313 1.6648518
v 0.01265586 0.1484236 1.6626298
v 0.010961819 0.15363812 1.6668638
v 0.013246169 0.14766651 1.6659954
v 0.011301759 0.15452643 1.6640038
v 0.018529424 0.14316033 1.6649158
v 0.01802614 0.14285381 1.66164
v 0.025006799 0.14050992 1.663505
v 0.024516169 0.14048731 1.6600434
v 0.03148516 0.13738605 1.6621337
v 0.030912925 0.1376319 1.6582396
v 0.037979275 0.13395004 1.6606984
v 0.037058286 0.13454102 1.6561401
v 0.044622358 0.12980503 1.658839
v 0.043005455 0.13086858 1.653471
v 0.048660226 0.1263817 1.6498625
v 0.051587965 0.12428754 1.6564176
v 0.009181372 0.11807196 1.5734547
v 0.009379424 0.10900112 1.5733327
v 0.029088616 0.1135704 1.5817603
v 0.02020794 0.106920145 1.5757154
v 0.020116856 0.11599836 1.5763607
v 0.029681787 0.104988515 1.5808698
v 0.035757974 0.110935554 1.5891012
v 0.037361503 0.10319006 1.5880125
v 0.041164648 0.10884219 1.5966963
v 0.04376652 0.102011874 1.5957243
v 0.04089904 0.13221121 1.6932899
v 0.040635694 0.13017844 1.6945454
v 0.06479867 0.10545245 1.6865152
v 0.046499837 0.12555516 1.6961801
v 0.046104442 0.12504773 1.6971596
v 0.06774925 0.096523926 1.7158124
v 0.065683484 0.096905105 1.727288
v 0.06889564 0.09628229 1.7052016
v 0.06871454 0.09690796 1.6952169
v 0.068074875 0.09858909 1.68554
v 0.063585564 0.10916572 1.6775098
v 0.03815091 0.13329048 1.6655207
v 0.045014475 0.12911999 1.664953
v 0.0527664 0.12390623 1.6650605
v 0.06055346 0.11505639 1.6668793
v 0.06592361 0.10381932 1.6648628
v 0.06469191 0.10405414 1.6529105
v 0.067097746 0.10115769 1.675683
v 0.004012743 0.1508278 1.628773
v 0.06632254 0.072898805 1.6261394
v 0.06366496 0.081070356 1.6246654
v 0.06833185 0.07523658 1.6357101
v 0.06603912 0.08309521 1.6344302
v 0.070576854 0.076969594 1.645069
v 0.06843781 0.08472156 1.644107
v 0.07033416 0.085480146 1.6540064
v 0.07256038 0.07727093 1.654447
v 0.071650125 0.085325964 1.6641157
v 0.07401353 0.077001885 1.6639837
v 0.07354777 0.08342506 1.6843206
v 0.07491083 0.07639737 1.6736727
v 0.072720796 0.08451265 1.674247
v 0.07537812 0.075124845 1.683623
v 0.07355348 0.08213228 1.6947303
v 0.07526691 0.073582284 1.6941122
v 0.07133149 0.08053238 1.7278671
v 0.07463175 0.07222666 1.7164522
v 0.07270476 0.080854274 1.7165744
v 0.07340673 0.071753465 1.7278668
v 0.07511427 0.07275147 1.7051046
v 0.07335536 0.081347816 1.7054818
v 0.070060566 0.06770012 1.6373744
v 0.06785237 0.0644077 1.6285331
v 0.072546445 0.06899709 1.6461115
v 0.07461917 0.06897725 1.6548166
v 0.07595172 0.06831257 1.6637812
v 0.07652106 0.06718609 1.6728927
v 0.07661395 0.0656323 1.682455
v 0.076560624 0.06398388 1.6929646
v 0.079901025 0.044879243 1.6831355
v 0.079489626 0.048912518 1.6773502
v 0.07807084 0.055701315 1.6804049
v 0.07818929 0.051741064 1.6908327
v 0.07831075 0.051631935 1.6704525
v 0.077539265 0.058489416 1.6717974
v 0.07676987 0.060481425 1.6634399
v 0.077046886 0.053904507 1.6630706
v 0.07552182 0.055578124 1.6555604
v 0.07535366 0.061637487 1.6552329
v 0.07373498 0.05597432 1.6482711
v 0.0732491 0.06168116 1.6472918
v 0.07158336 0.05491352 1.6413745
v 0.0707635 0.06017007 1.6395278
v 0.06996907 0.051936086 1.6353701
v 0.06817871 0.056116175 1.6320941
v 0.06826855 0.037224323 1.63339
v 0.06426528 0.047234535 1.6250156
v 0.06822558 0.04631359 1.6324433
v 0.06561768 0.029365184 1.626342
v 0.04596582 0.09413238 1.59554
v 0.05003961 0.076172754 1.5964936
v 0.05215735 0.065780975 1.5978944
v 0.0542152 0.054139912 1.6002262
v 0.061822124 0.029052187 1.6141994
v 0.05729138 0.041409012 1.6020985
v 0.06025 0.043585956 1.612938
v 0.0596419 0.027913323 1.6035296
v 0.03101352 -0.029668573 1.6292849
v 0.020151103 -0.034343876 1.6312585
v 0.04865223 -0.012074559 1.6263512
v 0.04033316 -0.022706162 1.6275709
v 0.056323063 0.00023990271 1.6253191
v 0.06248969 0.013165926 1.625058
v 0.07061008 0.028893556 1.6389234
v 0.06868361 0.020230787 1.6360195
v 0.06525569 0.009214132 1.6347693
v 0.059771176 -0.001986014 1.6346202
v 0.07170956 0.013997759 1.6452656
v 0.074172944 0.021818385 1.6466385
v 0.068091676 0.0046404786 1.6445092
v 0.06269503 -0.0060547525 1.6444178
v 0.009565421 0.09977557 1.5732268
v 0.020754056 0.097880244 1.5751915
v 0.030302454 0.09605664 1.5808387
v 0.038587596 0.094682775 1.5879297
v 0.046243798 0.06498183 1.5875288
v 0.043175634 0.076040916 1.5873787
v 0.050378192 0.052429143 1.5896771
v 0.055880845 0.039953455 1.5915931
v 0.080051355 0.03956877 1.7274367
v 0.07861776 0.051281203 1.7160081
v 0.07789211 0.05170793 1.7276613
v 0.08049409 0.039306853 1.716018
v 0.07649864 0.062413648 1.7161967
v 0.07557129 0.062192045 1.7278054
v 0.0766089 0.06283262 1.7045566
v 0.0782053 0.05133954 1.7040831
v 0.080486536 0.039148457 1.7049128
v 0.08046634 0.039080083 1.6942507
v 0.08144189 0.03756739 1.6876142
v 0.08263337 0.02890718 1.6898884
v 0.082394116 0.027311612 1.6958374
v 0.083201356 0.017645767 1.6844693
v 0.08282464 0.022585154 1.689403
v 0.08184958 0.014298216 1.6939846
v 0.08076569 0.009062703 1.6847227
v 0.07418616 0.00986437 1.654951
v 0.07740446 0.017365236 1.6554056
v 0.08094957 0.0148091605 1.6646153
v 0.07684719 0.0074640526 1.6648853
v 0.0828804 0.014357234 1.6747161
v 0.07902848 0.006966354 1.6749995
v 0.08080901 0.02657244 1.727174
v 0.08168374 0.026595728 1.7157807
v 0.08206006 0.026719455 1.7053313
v 0.080094054 0.013306898 1.726906
v 0.081187524 0.013432857 1.7153274
v 0.077290736 -0.0021950458 1.6854186
v 0.075669095 -0.0024999103 1.6754977
v 0.069882005 -0.013369627 1.6764901
v 0.071728304 -0.014087986 1.6864197
v 0.0674856 -0.01183791 1.6657349
v 0.07318136 -0.0014488655 1.6650835
v 0.07054592 0.0011144031 1.654677
v 0.0649575 -0.009386728 1.6549994
v 0.07907624 -0.00023060715 1.705444
v 0.07310572 -0.014260255 1.6959298
v 0.07853367 -0.0007744061 1.6951112
v 0.07388471 -0.014262469 1.7057742
v 0.07870864 -0.0003883549 1.715662
v 0.07394983 -0.014110574 1.715758
v 0.07761482 -8.009578E-05 1.7271847
v 0.073350884 -0.013331408 1.727857
v 0.06659751 -0.026921567 1.7167072
v 0.066632375 -0.025925167 1.7288939
v 0.06605963 -0.027154842 1.7061498
v 0.065153584 -0.02690784 1.6963695
v 0.062227502 -0.025446402 1.6772819
v 0.063876346 -0.026358465 1.686896
v 0.060046334 -0.023721484 1.6664252
v 0.0576678 -0.021193601 1.65548
v 0.054935586 -0.018358609 1.645058
v 0.051796526 -0.014902378 1.6354645
v 0.056419834 -0.038147643 1.7174314
v 0.0568873 -0.037045337 1.7301981
v 0.05568587 -0.038348123 1.706718
v 0.05471957 -0.038113818 1.696986
v 0.05213209 -0.036530778 1.6778895
v 0.05358559 -0.037497923 1.6874698
v 0.050089248 -0.03499452 1.6670989
v 0.047636177 -0.032486577 1.6563866
v 0.045096744 -0.028865391 1.6461943
v 0.042449787 -0.025233911 1.6366736
v 0.044924624 -0.046357285 1.7318549
v 0.03028668 -0.05529634 1.7207005
v 0.04430192 -0.047648568 1.7195188
v 0.03091661 -0.053819217 1.7336041
v 0.029588807 -0.05541649 1.7090651
v 0.04345087 -0.04785374 1.7080796
v 0.04254046 -0.047454733 1.6978354
v 0.028850416 -0.05482709 1.6987264
v 0.04153377 -0.046669684 1.6882204
v 0.02810816 -0.053824056 1.6891717
v 0.040319096 -0.04547967 1.6784072
v 0.027184483 -0.052318092 1.679311
v 0.038728863 -0.043470748 1.6679522
v 0.025976242 -0.04992837 1.6691393
v 0.036674444 -0.040396295 1.6575757
v 0.02442747 -0.046383604 1.6590992
v 0.03425506 -0.03628245 1.6477741
v 0.022622308 -0.041721456 1.6497735
v 0.032173526 -0.03241369 1.638353
v 0.021088926 -0.037473977 1.6404537
v 0.059367243 0.10335551 1.7389894
v 0.063332595 0.09582396 1.7387357
v 0.05444053 0.109633476 1.7410986
v 0.04856973 0.115024276 1.7426537
v 0.07390766 0.06212563 1.7394483
v 0.07618032 0.051568158 1.7394253
v 0.07159596 0.07159137 1.7393606
v 0.06938614 0.08030559 1.7391875
v 0.024521163 0.1270782 1.7467552
v 0.018634697 0.12901454 1.7475376
v 0.03058741 0.12491214 1.7457939
v 0.0366643 0.122411326 1.744735
v 0.042533908 0.119285144 1.7435842
v 0.012782753 0.13070667 1.748091
v 0.0058124843 0.13159546 1.7483301
v 0.045069776 -0.04311385 1.7456938
v 0.031285603 -0.05005582 1.7474432
v 0.056799922 -0.03434575 1.7437822
v 0.0660148 -0.023810536 1.7419075
v 0.072093174 -0.011837419 1.7402952
v 0.07597207 0.00062915136 1.7392327
v 0.07842332 0.013463704 1.7389606
v 0.07912067 0.026516628 1.7390591
v 0.07828058 0.039499246 1.7392293
v 0.032032695 -0.024308378 1.6027677
v 0.016016131 -0.029852817 1.604225
v 0.043963473 -0.0134882005 1.6004003
v 0.051680982 -0.00041030356 1.5980062
v 0.056148946 0.013038068 1.5961088
v 0.05841131 0.026728595 1.5940276
v 0.013614064 0.005307088 1.8034767
v -1.3819701E-08 0.018494865 1.8073541
v -1.4298671E-08 0.004664158 1.8049072
v 0.012975624 0.01921638 1.8058723
v 0.060293965 0.012793195 1.7805794
v 0.050484058 0.024160746 1.7906998
v 0.05157925 0.010898631 1.7884514
v 0.059519865 0.025389826 1.7823359
v 0.06666129 0.026143156 1.7726754
v 0.06680387 0.013983803 1.771612
v 0.07203783 0.02641863 1.7619452
v 0.0716827 0.014185854 1.7615646
v 0.012347389 0.032454085 1.8064867
v -1.30375355E-08 0.043548558 1.8066884
v -1.3398559E-08 0.031669024 1.8075918
v 0.011719236 0.04450929 1.8057928
v 0.05602336 0.05064942 1.7822844
v 0.048900586 0.037062846 1.7912272
v 0.058018297 0.038207583 1.7827756
v 0.047026973 0.049310897 1.790615
v 0.06543153 0.038926624 1.7729822
v 0.06342568 0.051208965 1.7727548
v 0.07098382 0.03922798 1.762191
v 0.06916501 0.05142767 1.762215
v 0.07525196 0.039399855 1.750866
v 0.073248126 0.05166165 1.7509792
v 0.0762312 0.02649765 1.7507038
v 0.07568316 0.013850165 1.7506671
v 0.008249046 0.0984065 1.7877382
v -1.163912E-08 0.09692672 1.7892818
v 0.0077379686 0.10619112 1.781896
v 0.038284287 0.10511998 1.7672833
v 0.031739485 0.10553453 1.7718217
v 0.04138463 0.099103265 1.7708868
v 0.034425583 0.09901941 1.7765278
v 0.043939844 0.10517899 1.7619599
v 0.047411032 0.09934953 1.7644745
v 0.052450992 0.100018404 1.7572668
v 0.048601545 0.10581362 1.7560511
v 0.05642615 0.101553336 1.7488605
v 0.052043714 0.10757519 1.7491457
v -1.2732041E-08 0.053898737 1.8053615
v 0.011123064 0.05531559 1.804345
v 0.053860303 0.06173408 1.781266
v 0.04506579 0.060598545 1.7893378
v 0.061164506 0.062438827 1.7720711
v 0.06714324 0.062222783 1.761927
v 0.010527619 0.06513159 1.8024136
v -1.2227098E-08 0.07192674 1.8014296
v -1.2463612E-08 0.063295074 1.8036255
v 0.009966347 0.07404289 1.8000754
v 0.04944265 0.07882242 1.7784041
v 0.0431414 0.07003503 1.7876991
v 0.051677007 0.07095806 1.7799625
v 0.041221768 0.07810773 1.7857915
v 0.05891336 0.071573205 1.7711385
v 0.056436934 0.07947478 1.769924
v 0.06485977 0.07157774 1.7613552
v 0.062107973 0.0797714 1.7604656
v 0.008800377 0.09051747 1.7926867
v -1.1817853E-08 0.08859046 1.7943662
v 0.03702138 0.092207216 1.7804815
v 0.044416018 0.09248711 1.7740562
v 0.050740086 0.09301525 1.766689
v 0.055929266 0.09381775 1.7583715
v 0.060189568 0.09479047 1.7491176
v 0.0689304 0.07182976 1.7506279
v 0.0664865 0.08020414 1.7502056
v 0.071114965 0.06250912 1.750915
v 0.007381419 0.11371183 1.7744564
v 0.035155173 0.11109294 1.7628982
v 0.029091887 0.11185595 1.7664275
v 0.040569287 0.11069992 1.75874
v 0.044629354 0.1110111 1.7544206
v 0.047041096 0.112656265 1.7492591
v 0.031512413 0.121088386 1.7520504
v 0.037981723 0.11532989 1.7550346
v 0.03704135 0.11916121 1.7504476
v 0.032916557 0.11667617 1.7577407
v 0.04163311 0.11430912 1.752994
v 0.042013194 0.116497636 1.749213
v 0.039764408 0.02223388 1.797889
v 0.04095201 0.008821408 1.7952889
v 0.038234364 0.035165995 1.7983402
v 0.03655709 0.04741222 1.7975956
v 0.03490194 0.05875493 1.7961177
v 0.03334194 0.068691395 1.794218
v 0.03177515 0.07713606 1.7920051
v 0.028467163 0.09205085 1.7857969
v 0.026537899 0.0990123 1.7813859
v 0.024529466 0.10576969 1.7760869
v 0.02245366 0.112647556 1.7695704
v 0.006755199 0.12073646 1.765559
v 0.006331904 0.12683463 1.756893
v 0.013931172 0.12014003 1.764296
v 0.013062069 0.12586178 1.7561327
v 0.025539149 0.12295254 1.7537165
v 0.026950497 0.11803808 1.7602781
v 0.01944552 0.12447108 1.7550952
v 0.020702882 0.11920728 1.7625018
v 0.028219802 0.0069713397 1.8003619
v 0.02702794 0.02057707 1.8028148
v 0.025766475 0.03352767 1.8033996
v 0.024568586 0.045687843 1.8027117
v 0.023411807 0.056805193 1.8012468
v 0.022321485 0.06678737 1.7992574
v 0.021231169 0.07571715 1.7968653
v 0.017775366 0.09893128 1.7851763
v 0.01897249 0.09162804 1.7898351
v 0.016604915 0.10598431 1.7796694
v 0.015180809 0.113253914 1.772444
v 0.002653168 0.13854702 1.7352035
v 0.04318533 0.13076477 1.6927727
v 0.014041612 -0.009720787 1.7982627
v -1.4855754E-08 -0.010033765 1.7994386
v 0.014591828 -0.024728056 1.789775
v -1.5493272E-08 -0.0254901 1.7906045
v 0.015117097 -0.037527286 1.7777474
v -1.612944E-08 -0.038891792 1.77797
v -1.6709206E-08 -0.0493067 1.7630581
v 0.015361903 -0.047569804 1.763451
v 0.015452953 -0.054734666 1.748299
v -1.7198165E-08 -0.0566062 1.7476784
v 0.015210698 -0.058860518 1.7338341
v -1.7574177E-08 -0.06067898 1.7329415
v 0.01482244 -0.06031701 1.7210025
v -1.7823547E-08 -0.061994657 1.7205511
v 0.014361528 -0.060389746 1.7094424
v -1.8015028E-08 -0.06200483 1.7091482
v 0.013944667 -0.059775304 1.6996166
v -1.8144421E-08 -0.061445262 1.7003726
v 0.013511625 -0.058767784 1.6904455
v -1.8354177E-08 -0.059086584 1.6834048
v 0.012979439 -0.057081137 1.6808333
v -1.8248027E-08 -0.060591653 1.6925799
v -1.8434106E-08 -0.05648113 1.6737155
v 0.012300675 -0.054363538 1.6709397
v -1.847039E-08 -0.052478924 1.6639915
v 0.011451886 -0.05034877 1.6612796
v -1.845496E-08 -0.047219753 1.6549778
v 0.010511419 -0.045275826 1.6520964
v -1.8459724E-08 -0.042440314 1.6456658
v 0.009647761 -0.04103956 1.6427087
v -1.8516566E-08 -0.039086085 1.6359392
v 0.008881262 -0.037490796 1.6334759
v -1.857967E-08 -0.035943095 1.6262382
v 0.007841839 -0.034777004 1.62422
v -1.8664256E-08 -0.033497598 1.6165732
v 0.0052805073 -0.032888856 1.6151981
v -1.874956E-08 -0.031011913 1.6067895
v 0.029736122 -0.022024458 1.7870787
v 0.028928058 -0.007901109 1.7951707
v 0.03069362 -0.034120597 1.7758372
v 0.031131228 -0.043516297 1.7621604
v 0.07349626 0.0018144053 1.7509197
v 0.070097685 -0.009555207 1.7520694
v 0.064752035 -0.020028442 1.754414
v 0.05612428 -0.02952775 1.7571489
v 0.044698115 -0.03743192 1.7596849
v 0.04401674 -0.028966222 1.772574
v 0.054912083 -0.022325367 1.7687994
v 0.0627634 -0.014681343 1.7648487
v 0.06740726 -0.006632989 1.7619262
v 0.07011884 0.0030743505 1.7613213
v 0.042905465 -0.017860489 1.782847
v 0.041876342 -0.005003701 1.7902812
v 0.05343716 -0.012870564 1.7777414
v 0.052431714 -0.001695523 1.7841752
v 0.060907967 -0.00776465 1.7724594
v 0.060504757 0.0014631858 1.7773403
v 0.06500935 -0.0038974935 1.7683526
v 0.0660315 0.0034289544 1.7699789
v 0.00984646 0.09061793 1.5736966
v 0.021554416 0.088858366 1.5749657
v 0.031854022 0.08692909 1.5803493
v 0.040511977 0.08572592 1.5877123
v 0.048033137 0.08552353 1.5957755
v 0.054469526 0.08633436 1.6041274
v 0.058403336 0.08742453 1.6136515
v 0.060928848 0.089019 1.6235197
v 0.063619524 0.0910295 1.6332245
v 0.06607126 0.09303019 1.6431148
v 0.06796542 0.09432421 1.653512
v 0.06908705 0.09412709 1.6642848
v 0.070044756 0.092772424 1.6747713
v 0.07098626 0.09121124 1.6849198
v 0.0713834 0.089894116 1.6950699
v 0.07137637 0.089185484 1.7055489
v 0.07048216 0.088889144 1.7164042
v 0.0687813 0.088708475 1.7276833
v 0.06667195 0.088276304 1.7389463
v 0.06355619 0.087701425 1.7496213
v 0.059111286 0.08709244 1.7594354
v 0.0537083 0.08648533 1.7684646
v 0.047048926 0.085942954 1.776444
v 0.039259557 0.085261546 1.7835095
v 0.030214274 0.084794 1.7892847
v 0.02012511 0.08393365 1.7937632
v 0.009391243 0.08247915 1.796869
v -1.2011014E-08 0.08032247 1.7984612
v 0.03440011 0.07703344 1.5789307
v 0.039449885 0.065538645 1.5750196
v 0.024633853 0.070283175 1.5701373
v 0.022752583 0.07979857 1.5737369
v 0.011208487 0.07478237 1.5661898
v 0.010275033 0.08182484 1.5711533
v 0.039347704 0.060167238 1.5635146
v 0.026126835 0.06566473 1.560517
v 0.011688257 0.06707548 1.5600549
v 0.048502114 0.05117843 1.5781205
v 0.04940053 0.048791647 1.5661787
v 0.015483229 -0.030049225 1.5940744
v -1.9192532E-08 -0.032645997 1.5834517
v 0.01624355 -0.032240283 1.5833496
v -1.8917044E-08 -0.029942108 1.594778
v 0.03188434 -0.025468921 1.593346
v 0.033363603 -0.028333584 1.5837204
v 0.044183094 -0.014926015 1.5913615
v 0.04623836 -0.017970331 1.5824894
v 0.05223767 -0.0013991619 1.5887764
v 0.053428967 -0.0045707407 1.57951
v 0.055602524 0.011363208 1.5862082
v 0.056265995 0.008847958 1.5759989
v 0.05793421 0.024947183 1.5834806
v 0.057846926 0.02263449 1.5726676
v 0.056164656 0.0386674 1.5806364
v 0.057117827 0.036544308 1.5693194
v 0.011688257 0.06707548 1.5600549
v 0.013926774 0.06586303 1.5483148
v 0.026126835 0.06566473 1.560517
v 0.027697502 0.064065695 1.5495011
v 0.039544158 0.05574376 1.5516453
v 0.039347704 0.060167238 1.5635146
v 0.04940053 0.048791647 1.5661787
v 0.050481502 0.04584639 1.5539117
v 0.05758424 0.03347056 1.5574578
v 0.057117827 0.036544308 1.5693194
v 0.057846926 0.02263449 1.5726676
v 0.058119513 0.019642543 1.5613053
v 0.056265995 0.008847958 1.5759989
v 0.058958452 0.0059598605 1.565414
v 0.053428967 -0.0045707407 1.57951
v 0.05688351 -0.00791572 1.5696458
v 0.04623836 -0.017970331 1.5824894
v 0.049722787 -0.021877602 1.572809
v 0.036099732 -0.032867927 1.573582
v 0.033363603 -0.028333584 1.5837204
v 0.018167848 -0.036378987 1.5717145
v 0.01624355 -0.032240283 1.5833496
v -1.952579E-08 -0.036207102 1.5702987
v -1.9192532E-08 -0.032645997 1.5834517
v 0.06604314 0.023167072 1.5335183
v 0.05832249 0.02863049 1.5453976
v 0.07079539 0.013966475 1.5381991
v 0.061317157 0.015688974 1.5492171
v 0.10983999 0.00066467066 1.5174562
v 0.071704954 0.047223676 1.63306
v 0.07296447 0.04090978 1.632208
v 0.07037909 0.047005076 1.632983
v 0.07602986 0.04128284 1.6316907
v 0.07542297 0.034325927 1.6361728
v 0.0793862 0.03594821 1.6343964
v 0.07982688 0.025856087 1.6451949
v 0.08415366 0.027863577 1.6443478
v 0.08766593 0.022332845 1.6527613
v 0.08321471 0.02002608 1.6532276
v 0.09088137 0.01729265 1.6633091
v 0.08632748 0.015471523 1.6635576
v 0.09291597 0.015260609 1.6756167
v 0.08841898 0.01434544 1.6749682
v 0.09348278 0.01905382 1.6862
v 0.08906123 0.018174578 1.6858555
v 0.09188837 0.023743656 1.6894425
v 0.08818915 0.023248432 1.6898278
v 0.08312108 0.03697429 1.6864873
v 0.08696913 0.029668028 1.6903602
v 0.08455517 0.03664445 1.6861421
v 0.089411214 0.029752739 1.6893117
v 0.080875486 0.042822674 1.6821095
v 0.08231371 0.04095427 1.6812011
v 0.07330258 0.04967029 1.6429551
v 0.07196307 0.049500126 1.6359421
v 0.07236958 0.05177054 1.6422263
v 0.071109526 0.05044887 1.6356937
v 0.080463275 0.04525697 1.6760072
v 0.08239845 0.04262207 1.6752508
v 0.07907789 0.047363874 1.6695713
v 0.080534995 0.043674104 1.668801
v 0.07792572 0.045721784 1.6619047
v 0.077240065 0.04929749 1.6627103
v 0.07658588 0.04675342 1.6552896
v 0.075604565 0.050877262 1.6556689
v 0.07459541 0.048351813 1.6486503
v 0.07391696 0.051845938 1.6488417
v 0.074960224 0.044757735 1.6373035
v 0.07617924 0.04543031 1.6440939
v 0.07909769 0.04024499 1.6443893
v 0.08580921 0.03170213 1.6489416
v 0.09079708 0.025098974 1.6565406
v 0.09235919 0.021883525 1.6641086
v 0.09305936 0.018147951 1.6744983
v 0.09118701 0.021286493 1.6828502
v 0.090642594 0.024273863 1.6857679
v 0.08579349 0.035378203 1.6841782
v 0.08776823 0.027983345 1.6839358
v 0.077984594 0.044820026 1.6479311
v 0.07534646 0.04214478 1.6543283
v 0.07734038 0.04097258 1.6611859
v 0.0819433 0.039666433 1.6679019
v 0.08185557 0.038668726 1.6747881
v 0.08284096 0.03858218 1.6799012
v 0.08331455 0.03960092 1.6530635
v 0.086744 0.03509088 1.6534513
v 0.08574704 0.03349345 1.6756407
v 0.08082997 0.03244028 1.6680253
v 0.080591895 0.034646142 1.6600285
v 0.090507135 0.027886262 1.6755377
v 0.08685293 0.030256188 1.6587576
v 0.087774776 0.027128614 1.6663291
v 0.08153241 0.01361888 1.704879
v 0.06826855 0.037224323 1.63339
v 0.07061008 0.028893556 1.6389234
v 0.074172944 0.021818385 1.6466385
v 0.07740446 0.017365236 1.6554056
v 0.08094957 0.0148091605 1.6646153
v 0.0828804 0.014357234 1.6747161
v 0.083201356 0.017645767 1.6844693
v 0.08282464 0.022585154 1.689403
v 0.08263337 0.02890718 1.6898884
v 0.08144189 0.03756739 1.6876142
v 0.079901025 0.044879243 1.6831355
v 0.079489626 0.048912518 1.6773502
v 0.07831075 0.051631935 1.6704525
v 0.077046886 0.053904507 1.6630706
v 0.07552182 0.055578124 1.6555604
v 0.07373498 0.05597432 1.6482711
v 0.07158336 0.05491352 1.6413745
v 0.06996907 0.051936086 1.6353701
v 0.06822558 0.04631359 1.6324433
v 0.025961926 0.12845996 1.7000777
v 0.029575922 0.12070656 1.7027779
v 0.025247622 0.12070656 1.7013024
v 0.029933248 0.12897739 1.7014058
v 0.045894258 0.12327805 1.6967578
v 0.04554312 0.12070656 1.6948442
v 0.04672922 0.12070656 1.695612
v 0.04480879 0.124403514 1.6960571
v 0.04148616 0.12662093 1.7009103
v 0.03803332 0.12070656 1.7031931
v 0.037809808 0.127847 1.701793
v 0.041849695 0.12070656 1.7022809
v 0.038600106 0.120706566 1.6921794
v 0.0405893 0.12685615 1.6941556
v 0.038284227 0.1276608 1.6935617
v 0.041001964 0.120706566 1.6927991
v 0.04222739 0.12597005 1.6947312
v 0.04276193 0.12070656 1.693418
v 0.045565374 0.12070656 1.7011964
v 0.04508538 0.12495482 1.6998622
v 0.047862466 0.12261113 1.6984742
v 0.049123082 0.12070656 1.6984973
v 0.030590286 0.120706566 1.6907381
v 0.034994684 0.12829323 1.6929059
v 0.030361816 0.12842995 1.6921372
v 0.035249423 0.120706566 1.6915112
v 0.023684211 0.12762327 1.6980121
v 0.022741899 0.12070656 1.6990714
v 0.025765298 0.120706566 1.6899631
v 0.020000879 0.12652814 1.6919825
v 0.018792659 0.120706566 1.6915789
v 0.025701128 0.12784865 1.6913795
v 0.044210225 0.12070656 1.694091
v 0.043562192 0.12518397 1.6953521
v 0.020019354 0.12070656 1.6966522
v 0.021205217 0.12695687 1.695875
v 0.03376237 0.12070655 1.7035439
v 0.033832535 0.12869397 1.7021279
v 0.04154426 0.12984116 1.7005265
v 0.045020748 0.12662968 1.6964805
v 0.029442055 0.13756694 1.7035255
v 0.04998926 0.122942716 1.6972005
v 0.04990357 0.12447788 1.6997279
v 0.04732379 0.12527975 1.6950163
v 0.046202306 0.12728748 1.6943182
v 0.03817701 0.13488545 1.7039635
v 0.042096585 0.13234812 1.7029871
v 0.045352224 0.12756297 1.6954422
v 0.041756753 0.1317155 1.7017471
v 0.044802107 0.12901004 1.6935141
v 0.019220501 0.13170251 1.6908453
v 0.033841893 0.13675459 1.7043537
v 0.04200011 0.1321589 1.7023033
v 0.045712404 0.1288507 1.7011571
v 0.038141698 0.13466483 1.7032723
v 0.033858 0.13642938 1.7036629
v 0.02957389 0.1370853 1.7028856
v 0.025179088 0.13607872 1.7013745
v 0.046920694 0.12548347 1.6956663
v 0.045819342 0.12749739 1.694949
v 0.041167896 0.13256602 1.692781
v 0.042980734 0.13074036 1.6934396
v 0.049220074 0.12359275 1.6975398
v 0.049288854 0.12473337 1.6992633
v 0.048312213 0.12605906 1.7000005
v 0.035184726 0.135581 1.6914195
v 0.03039807 0.13582338 1.6906402
v 0.019893557 0.13305418 1.696676
v 0.0226029 0.13437183 1.699074
v 0.018607765 0.13214378 1.6927495
v 0.018655265 0.13218997 1.6904082
v 0.025391955 0.1345968 1.6898781
v 0.038669568 0.13426863 1.6921182
v 0.04447713 0.12911685 1.6941602
v 0.0028271384 0.15897624 1.6511816
v 0.0061664185 0.14917214 1.6537381
v 0.005064938 0.14781807 1.6522068
v 0.0050296034 0.14988488 1.653639
v 0.006349586 0.1474704 1.6521349
v 0.008544774 0.14718167 1.6537588
v 0.008637676 0.14573093 1.6523733
v 0.0103977015 0.15411353 1.6531042
v 0.013629648 0.14861822 1.6512182
v 0.01378567 0.14716306 1.649161
v 0.010295613 0.14550011 1.6527569
v 0.010755634 0.14596154 1.6536373
v 0.0104999 0.14678934 1.6546643
v 0.008358825 0.14968413 1.6557415
v 0.0057588983 0.1580095 1.652935
v 0.0060916785 0.15155534 1.6552619
v 0.0051525417 0.15235238 1.6550324
v 0.011339484 0.14690053 1.6484683
v 0.009485264 0.14722252 1.6480895
v 0.0061983294 0.14956431 1.6477369
v 0.0036886972 0.14997502 1.6472802
v 0.0021992435 0.15373641 1.6481119
v 0.0042137364 0.15268981 1.6494658
v 0.0042008595 0.15658239 1.651441
v 0.011873405 0.14732118 1.6500926
v 0.011706973 0.14819494 1.6515732
v 0.00941805 0.15236156 1.6529636
v 0.0056558675 0.15568829 1.6529919
v -0.018761417 0.13877432 1.6179802
v -0.020213585 0.13702275 1.6176748
v -0.017596867 0.13824348 1.6188838
v -0.020532072 0.13620421 1.6186624
v -0.017032338 0.14031668 1.6180298
v -0.015861038 0.13992146 1.619261
v -0.013088999 0.1425719 1.619922
v -0.014119902 0.14304653 1.6178666
v -0.010979617 0.14558126 1.6174713
v -0.010512876 0.14481378 1.6202592
v -0.008737911 0.1470148 1.6173543
v -0.008385836 0.14585954 1.6203884
v -0.0069555542 0.1478911 1.6173285
v -0.006487328 0.14647855 1.6205496
v -0.0044468935 0.14876083 1.6174438
v -0.004025858 0.14725132 1.6209627
v -0.0017695816 0.14906526 1.617502
v -0.0014329395 0.14728826 1.6212491
v -0.0021023331 0.14830649 1.6133385
v -1.2962484E-08 0.14838292 1.6131452
v -1.2866057E-08 0.14912921 1.6174877
v -1.2861641E-08 0.14724082 1.6213181
v -0.0048089144 0.14798598 1.6135852
v -0.0070126206 0.14702976 1.6137508
v -0.008299345 0.14614391 1.614075
v -0.010547052 0.14463757 1.6144941
v -0.014029474 0.14214954 1.615434
v -0.01710151 0.13951947 1.6163257
v -0.018821118 0.13798738 1.6168627
v -0.021453785 0.13765359 1.6209174
v -0.020814655 0.13698582 1.6197138
v -0.005352198 0.14869161 1.6234459
v -0.0025858441 0.1490346 1.6234782
v -0.004025858 0.14725132 1.6209627
v -0.0014329395 0.14728826 1.6212491
v -0.0079066185 0.14757873 1.6230885
v -0.006487328 0.14647855 1.6205496
v -0.010409838 0.14636731 1.6227826
v -0.008385836 0.14585954 1.6203884
v -0.012739821 0.14488639 1.6223161
v -0.010512876 0.14481378 1.6202592
v -0.014820992 0.14313093 1.6216617
v -0.013088999 0.1425719 1.619922
v -0.018122446 0.14223346 1.622741
v -0.015992654 0.1440494 1.6238102
v -0.018693933 0.13933593 1.6202761
v -0.015861038 0.13992146 1.619261
v -0.017596867 0.13824348 1.6188838
v -0.016827285 0.14129691 1.6209848
v -0.019884268 0.13999656 1.6218915
v -1.2771302E-08 0.149067 1.6232575
v -1.2861641E-08 0.14724082 1.6213181
v -0.003007243 0.1504166 1.6258506
v -1.2686417E-08 0.15063228 1.6253645
v -0.013751313 0.14575343 1.6247749
v -0.01126088 0.147294 1.6253635
v -0.008630462 0.14862859 1.6258168
v -0.00591637 0.1498226 1.6261432
v 0.01759684 0.13824348 1.6188838
v 0.02021356 0.13702275 1.6176748
v 0.01876139 0.13877432 1.6179802
v 0.020354373 0.13628154 1.6186281
v 0.015861012 0.13992146 1.619261
v 0.017032312 0.14031668 1.6180298
v 0.013088973 0.1425719 1.619922
v 0.014119876 0.14304653 1.6178666
v 0.010979591 0.14558126 1.6174713
v 0.01051285 0.14481378 1.6202592
v 0.008737884 0.1470148 1.6173543
v 0.00838581 0.14585954 1.6203884
v 0.006955528 0.1478911 1.6173285
v 0.006487302 0.14647855 1.6205496
v 0.0044468674 0.14876083 1.6174438
v 0.004025832 0.14725132 1.6209627
v 0.001769556 0.14906526 1.617502
v 0.0014329137 0.14728826 1.6212491
v 0.002102307 0.14830649 1.6133385
v 0.0048088883 0.14798598 1.6135852
v 0.0070125945 0.14702976 1.6137508
v 0.008299319 0.14614391 1.614075
v 0.010547026 0.14463757 1.6144941
v 0.014029448 0.14214954 1.615434
v 0.017101483 0.13951947 1.6163257
v 0.018821092 0.13798738 1.6168627
v 0.021453759 0.13765359 1.6209174
v 0.02081463 0.13698582 1.6197138
v 0.004025832 0.14725132 1.6209627
v 0.0025858185 0.1490346 1.6234782
v 0.005352172 0.14869161 1.6234459
v 0.0014329137 0.14728826 1.6212491
v 0.006487302 0.14647855 1.6205496
v 0.007906592 0.14757873 1.6230885
v 0.00838581 0.14585954 1.6203884
v 0.0104098115 0.14636731 1.6227826
v 0.01051285 0.14481378 1.6202592
v 0.012739795 0.14488639 1.6223161
v 0.013088973 0.1425719 1.619922
v 0.014820966 0.14313093 1.6216617
v 0.015992628 0.1440494 1.6238102
v 0.01812242 0.14223346 1.622741
v 0.01759684 0.13824348 1.6188838
v 0.015861012 0.13992146 1.619261
v 0.018693907 0.13933593 1.6202761
v 0.01682726 0.14129691 1.6209848
v 0.019884242 0.13999656 1.6218915
v 0.0030072173 0.1504166 1.6258506
v 0.013751287 0.14575343 1.6247749
v 0.011260854 0.147294 1.6253635
v 0.008630436 0.14862859 1.6258168
v 0.005916345 0.1498226 1.6261432
vt 0.811709 0.7965156
vt 0.81256443 0.8571054
vt 0.84979326 0.82922244
vt 0.7805417 0.8318474
vt 0.9917509 0.8687879
vt 0.9345302 0.92008877
vt 0.99087274 0.9257256
vt 0.9390542 0.85998625
vt 0.85865235 0.89944184
vt 0.88907045 0.8462701
vt 0.71686673 0.7786685
vt 0.7673119 0.74684346
vt 0.6948614 0.7290791
vt 0.5758824 0.5420226
vt 0.5024044 0.5420226
vt 0.5785337 0.61529887
vt 0.6467531 0.6047387
vt 0.6460375 0.68431544
vt 0.6444232 0.5420226
vt 0.66356957 0.565588
vt 0.6671269 0.5420226
vt 0.9570442 0.79923165
vt 0.9216198 0.7877719
vt 0.94918996 0.8280486
vt 0.9081136 0.81483346
vt 0.73145515 0.7043376
vt 0.8884174 0.7722427
vt 0.86012435 0.7533928
vt 0.83965915 0.7743145
vt 0.8713794 0.7971077
vt 0.70322096 0.6599087
vt 0.76065546 0.6801917
vt 0.7428037 0.6444701
vt 0.76413554 0.6016527
vt 0.7315799 0.60709316
vt 0.7734081 0.6326321
vt 0.69439113 0.6103751
vt 0.72590834 0.5420226
vt 0.6956847 0.5731203
vt 0.7284241 0.57396984
vt 0.69613475 0.5420226
vt 0.99452966 0.8086108
vt 0.99277365 0.8392422
vt 0.75650287 0.5420226
vt 0.758874 0.5722535
vt 0.78658736 0.6618948
vt 0.83641934 0.73354375
vt 0.8143221 0.7524804
vt 0.786523 0.7726463
vt 0.20122388 0.50168717
vt 0.19462584 0.5044653
vt 0.20139812 0.50541186
vt 0.19485125 0.50130796
vt 0.15394504 0.51348007
vt 0.16168314 0.5163821
vt 0.16079476 0.5113846
vt 0.15559123 0.5204435
vt 0.15771233 0.5265554
vt 0.16490586 0.52719116
vt 0.16313381 0.5219531
vt 0.16039513 0.53221035
vt 0.17318381 0.5358288
vt 0.1675881 0.5403351
vt 0.17181365 0.54225004
vt 0.17004661 0.534166
vt 0.20149022 0.5103905
vt 0.19404308 0.513111
vt 0.20141889 0.5152427
vt 0.19468446 0.50893676
vt 0.18871865 0.5078515
vt 0.18802057 0.5112574
vt 0.19124496 0.52161175
vt 0.18686531 0.5149542
vt 0.18543044 0.5187832
vt 0.19281146 0.5173092
vt 0.1767315 0.5314369
vt 0.18118107 0.5355402
vt 0.17837325 0.52890575
vt 0.17874305 0.53629285
vt 0.16909708 0.5219852
vt 0.16812244 0.5170249
vt 0.16746004 0.51195776
vt 0.16733141 0.508865
vt 0.21884303 0.5148611
vt 0.21617816 0.5229305
vt 0.22025579 0.515586
vt 0.2100423 0.52186346
vt 0.22385737 0.5048934
vt 0.2240355 0.50192666
vt 0.22201286 0.5045539
vt 0.22211963 0.5020773
vt 0.22166467 0.50928247
vt 0.2230188 0.50919425
vt 0.22516836 0.5166466
vt 0.22484614 0.5100031
vt 0.22244267 0.51600134
vt 0.22711821 0.5108609
vt 0.22781658 0.50218284
vt 0.22570354 0.50536054
vt 0.22780496 0.5060307
vt 0.22593476 0.5019653
vt 0.21952724 0.5233102
vt 0.22308378 0.5248023
vt 0.24942535 0.5065605
vt 0.25259995 0.5017108
vt 0.24799381 0.50203115
vt 0.25406554 0.5061338
vt 0.2550413 0.51108426
vt 0.25085774 0.51802117
vt 0.2556492 0.51688737
vt 0.25044042 0.51181066
vt 0.2507181 0.5255584
vt 0.2558273 0.52432805
vt 0.28085545 0.5886586
vt 0.27244002 0.59712726
vt 0.28351334 0.5972177
vt 0.27160886 0.5885933
vt 0.29029807 0.5863052
vt 0.2950981 0.5945575
vt 0.29896384 0.5813977
vt 0.30645272 0.58896023
vt 0.3139494 0.57965523
vt 0.3106166 0.5659076
vt 0.3058462 0.57425183
vt 0.3188177 0.5695561
vt 0.31367087 0.55739766
vt 0.3220172 0.5598519
vt 0.32356077 0.5506326
vt 0.3157347 0.5403545
vt 0.31521803 0.5488533
vt 0.3243518 0.5416846
vt 0.29109463 0.5645406
vt 0.29030082 0.55590504
vt 0.28701428 0.56109273
vt 0.2942374 0.55817175
vt 0.3001379 0.5702462
vt 0.2986684 0.56035084
vt 0.29499218 0.5669342
vt 0.30458558 0.562882
vt 0.3015847 0.53846395
vt 0.2964868 0.5450775
vt 0.30226535 0.545909
vt 0.29484394 0.53823644
vt 0.3081769 0.53946483
vt 0.30814952 0.547328
vt 0.3070911 0.5551475
vt 0.3015451 0.5533488
vt 0.29643646 0.5517314
vt 0.29227257 0.55039346
vt 0.2921426 0.5447182
vt 0.2901905 0.5392209
vt 0.26503956 0.5691269
vt 0.26550117 0.5635258
vt 0.26157543 0.5663555
vt 0.26311186 0.5616884
vt 0.26477185 0.57427776
vt 0.25999618 0.5709496
vt 0.25810245 0.5758101
vt 0.264089 0.57955337
vt 0.2590511 0.5567443
vt 0.25618988 0.5588955
vt 0.25868106 0.5628833
vt 0.2608411 0.5594232
vt 0.2529169 0.5614759
vt 0.25615948 0.56652045
vt 0.28077245 0.57189226
vt 0.27543506 0.57232344
vt 0.27716365 0.5772594
vt 0.2838765 0.5765128
vt 0.27886626 0.58222306
vt 0.2866962 0.5804218
vt 0.29026297 0.5727029
vt 0.29399925 0.57629997
vt 0.28631094 0.56949544
vt 0.27908203 0.5676224
vt 0.2737197 0.5689415
vt 0.28270987 0.5650753
vt 0.26932847 0.57128686
vt 0.2673703 0.5654063
vt 0.27072105 0.5762692
vt 0.27155685 0.58169717
vt 0.25585386 0.53400564
vt 0.25035632 0.5342464
vt 0.25315997 0.54313993
vt 0.2497094 0.54992944
vt 0.25314674 0.54972386
vt 0.2492904 0.5427435
vt 0.21416496 0.54824674
vt 0.21337396 0.53904074
vt 0.21000938 0.54613817
vt 0.21768416 0.54069877
vt 0.22051851 0.5327585
vt 0.2165319 0.5317018
vt 0.25693277 0.54498255
vt 0.2567895 0.54971147
vt 0.28121248 0.53176117
vt 0.28276187 0.527791
vt 0.2758737 0.5305743
vt 0.2756118 0.5260465
vt 0.26263362 0.5280614
vt 0.26956218 0.53016794
vt 0.2688481 0.52572334
vt 0.26440316 0.53220004
vt 0.25852948 0.5387921
vt 0.2617367 0.5217272
vt 0.26849735 0.52019197
vt 0.25801232 0.50150865
vt 0.25952822 0.50564724
vt 0.26054105 0.51019174
vt 0.26122695 0.5154766
vt 0.26463857 0.50168896
vt 0.2658956 0.50545037
vt 0.26690128 0.50953555
vt 0.2675877 0.51428485
vt 0.32419357 0.5328616
vt 0.31477854 0.5243859
vt 0.31552696 0.5321669
vt 0.3239264 0.52491194
vt 0.30695528 0.5242176
vt 0.30022004 0.5309863
vt 0.30766386 0.5317621
vt 0.29948962 0.5236703
vt 0.2910996 0.5308368
vt 0.29169536 0.52262664
vt 0.28341708 0.52108777
vt 0.27547488 0.51992095
vt 0.28031695 0.50177515
vt 0.27336517 0.5052961
vt 0.28153196 0.50555634
vt 0.27221432 0.50185424
vt 0.28214982 0.5098071
vt 0.2748224 0.5137919
vt 0.2828277 0.51448566
vt 0.2741584 0.50920355
vt 0.29652083 0.5021642
vt 0.28965035 0.50633854
vt 0.2972405 0.5067469
vt 0.28879267 0.5020696
vt 0.2980246 0.51152027
vt 0.29115826 0.5159275
vt 0.29878655 0.516819
vt 0.29039326 0.5109401
vt 0.3037387 0.5021512
vt 0.30457947 0.50680506
vt 0.30551988 0.51172614
vt 0.30632883 0.51714796
vt 0.31204933 0.50648737
vt 0.3188963 0.50240844
vt 0.31116152 0.50277776
vt 0.31951803 0.50550544
vt 0.3219655 0.5105872
vt 0.31419855 0.5174339
vt 0.32327643 0.517382
vt 0.3134145 0.51154435
vt 0.19423474 0.5629395
vt 0.18590973 0.56550145
vt 0.18795559 0.57262766
vt 0.19743061 0.56881446
vt 0.16814262 0.5659559
vt 0.17771088 0.57400745
vt 0.17711733 0.56643546
vt 0.16718732 0.57330763
vt 0.15944424 0.56264997
vt 0.15678303 0.5704248
vt 0.13152121 0.5463593
vt 0.13835213 0.55674416
vt 0.13891496 0.54091495
vt 0.14443438 0.5498009
vt 0.12342851 0.5223501
vt 0.12648362 0.53460336
vt 0.13233876 0.51966584
vt 0.13496295 0.5304073
vt 0.14718188 0.515746
vt 0.14012913 0.5176027
vt 0.14226681 0.5270976
vt 0.14899014 0.5242187
vt 0.14538135 0.5360698
vt 0.15530829 0.5379007
vt 0.15166493 0.5312624
vt 0.14995709 0.5437579
vt 0.17061163 0.54959327
vt 0.16205625 0.55502826
vt 0.16927995 0.55776155
vt 0.16491859 0.5472529
vt 0.17629479 0.55059147
vt 0.1766867 0.5586763
vt 0.1871679 0.5491321
vt 0.18191816 0.55041623
vt 0.18399306 0.55832404
vt 0.19062816 0.5562073
vt 0.20509157 0.5432882
vt 0.20867129 0.5372749
vt 0.19911468 0.5390301
vt 0.20227322 0.533584
vt 0.21208979 0.53074574
vt 0.20569256 0.52816606
vt 0.20078827 0.52006453
vt 0.1984686 0.525108
vt 0.19588815 0.52992594
vt 0.19328387 0.53415227
vt 0.18392503 0.54224217
vt 0.18017378 0.54305625
vt 0.17610699 0.5431583
vt 0.18734765 0.52941644
vt 0.1836902 0.5218743
vt 0.18201636 0.5247512
vt 0.18942504 0.52579165
vt 0.17609674 0.53652894
vt 0.17536244 0.5318075
vt 0.17360727 0.5307094
vt 0.17225231 0.5275308
vt 0.20795274 0.51244223
vt 0.21019107 0.5178895
vt 0.20822793 0.5025351
vt 0.20781943 0.5071421
vt 0.2628809 0.586462
vt 0.25156775 0.5896157
vt 0.26159647 0.59432554
vt 0.25533557 0.58218384
vt 0.16668867 0.50257957
vt 0.1604402 0.50589323
vt 0.16712649 0.50496614
vt 0.16076437 0.5001545
vt 0.16715829 0.5068955
vt 0.14597322 0.5070542
vt 0.1525298 0.50015837
vt 0.1449037 0.5001621
vt 0.1530445 0.50632614
vt 0.13874678 0.50802755
vt 0.1376532 0.5001658
vt 0.13089749 0.5091107
vt 0.12231639 0.50017405
vt 0.12223424 0.5102682
vt 0.13023175 0.50016975
vt 0.16717322 0.5315175
vt 0.17069075 0.5253029
vt 0.16368781 0.5370635
vt 0.15977947 0.54334784
vt 0.15561585 0.5501455
vt 0.15129158 0.5574663
vt 0.14696339 0.56493324
vt 0.20102862 0.55834997
vt 0.20475052 0.562799
vt 0.19171596 0.5469724
vt 0.19656324 0.5531278
vt 0.18727134 0.5405775
vt 0.18324794 0.5343964
vt 0.24956036 0.5643858
vt 0.25310993 0.5706599
vt 0.24571118 0.5428684
vt 0.24602126 0.55051994
vt 0.24631247 0.526042
vt 0.245912 0.53436744
vt 0.24644664 0.51861364
vt 0.2461706 0.5122124
vt 0.24539286 0.50682056
vt 0.24421851 0.50220823
vt 0.24183632 0.50703263
vt 0.23782344 0.50245714
vt 0.23848698 0.5070516
vt 0.24100965 0.50235736
vt 0.24236682 0.51235586
vt 0.23883076 0.518954
vt 0.2424625 0.51880896
vt 0.23876107 0.5123836
vt 0.24217789 0.52633977
vt 0.2381573 0.5264883
vt 0.24165186 0.53466356
vt 0.23728663 0.5347495
vt 0.23645662 0.54331964
vt 0.24141012 0.55142367
vt 0.24110673 0.5429334
vt 0.23623589 0.55229115
vt 0.16623427 0.5823508
vt 0.17949231 0.59391093
vt 0.17853063 0.58306575
vt 0.16525432 0.5931439
vt 0.15415359 0.5791756
vt 0.15129545 0.5897548
vt 0.14253093 0.5733482
vt 0.137872 0.5835233
vt 0.25423974 0.55467457
vt 0.25755703 0.5535533
vt 0.25085557 0.5559283
vt 0.2472371 0.55757785
vt 0.2100163 0.5557002
vt 0.20568565 0.5524614
vt 0.20108199 0.54858947
vt 0.19559799 0.5438347
vt 0.19030015 0.53777266
vt 0.18531679 0.5321848
vt 0.18065502 0.5267416
vt 0.24266165 0.5596856
vt 0.23664969 0.5615819
vt 0.23847288 0.57177097
vt 0.24900249 0.57581615
vt 0.24491134 0.56797373
vt 0.24273358 0.5821934
vt 0.20267674 0.5762383
vt 0.19086656 0.5812222
vt 0.19451047 0.592317
vt 0.21207018 0.5873888
vt 0.23493184 0.50253963
vt 0.2353838 0.50699365
vt 0.23530135 0.5188236
vt 0.23541419 0.5122222
vt 0.2342816 0.5262281
vt 0.23293853 0.53476524
vt 0.2317039 0.54343927
vt 0.13413154 0.93614966
vt 0.13064028 0.9028347
vt 0.10896459 0.93595237
vt 0.10877928 0.8913052
vt 0.09965525 0.84624416
vt 0.12126401 0.8413117
vt 0.12685007 0.8776802
vt 0.09563821 0.80579287
vt 0.11906769 0.8038337
vt 0.094750665 0.7677314
vt 0.119472876 0.7675157
vt 0.12484985 0.62601113
vt 0.14309433 0.6476315
vt 0.14391024 0.6303221
vt 0.12209183 0.645347
vt 0.14441969 0.668372
vt 0.120904185 0.6689594
vt 0.28648823 0.53434026
vt 0.2791293 0.562165
vt 0.28124622 0.55810976
vt 0.27475634 0.56237733
vt 0.28296655 0.5582915
vt 0.25989965 0.5414506
vt 0.26465267 0.53274703
vt 0.27760175 0.5636835
vt 0.258977 0.5462987
vt 0.259089 0.55000615
vt 0.26498646 0.5563153
vt 0.2630958 0.5564995
vt 0.26453564 0.55800134
vt 0.26625624 0.5576011
vt 0.2744366 0.5643241
vt 0.26232606 0.5502471
vt 0.2608096 0.552685
vt 0.26290715 0.5528052
vt 0.2601032 0.55012524
vt 0.27711305 0.53860366
vt 0.2745818 0.534732
vt 0.2735037 0.5377213
vt 0.27895868 0.53626835
vt 0.2623734 0.5467664
vt 0.26100874 0.5423864
vt 0.25999507 0.5466224
vt 0.26357427 0.543064
vt 0.25977075 0.55276513
vt 0.26073438 0.55508995
vt 0.275294 0.53275484
vt 0.26906767 0.5325013
vt 0.2799441 0.5347153
vt 0.2841705 0.53646004
vt 0.2827735 0.5376556
vt 0.2831524 0.5427885
vt 0.28598568 0.5411577
vt 0.2802497 0.53977215
vt 0.28739652 0.5450821
vt 0.28453085 0.5462769
vt 0.28719047 0.54950273
vt 0.28459808 0.55018574
vt 0.28459087 0.55891305
vt 0.28126144 0.56293035
vt 0.26855516 0.5346189
vt 0.26815248 0.5380057
vt 0.14844362 0.6016285
vt 0.13329875 0.5955431
vt 0.16405757 0.605054
vt 0.17965078 0.6062428
vt 0.27288473 0.60663605
vt 0.2860092 0.6072093
vt 0.30052844 0.6038786
vt 0.31764197 0.5977013
vt 0.32492763 0.584833
vt 0.3288354 0.5730029
vt 0.3312704 0.5623927
vt 0.33277717 0.5527384
vt 0.33370563 0.54340136
vt 0.33420822 0.53448665
vt 0.33430666 0.52587265
vt 0.33388904 0.5175699
vt 0.332122 0.5077213
vt 0.19543949 0.60601413
vt 0.23265173 0.50680625
vt 0.22991142 0.50246525
vt 0.23015116 0.50651956
vt 0.232262 0.50244546
vt 0.2324197 0.5118816
vt 0.22863083 0.51735425
vt 0.23207505 0.5183405
vt 0.22963785 0.5114523
vt 0.23062608 0.5260706
vt 0.22680046 0.525589
vt 0.22865407 0.53435206
vt 0.2245502 0.5336366
vt 0.2266187 0.54295135
vt 0.22191992 0.5419822
vt 0.22452807 0.55185914
vt 0.21895444 0.5502864
vt 0.22190943 0.5615344
vt 0.21524392 0.55881774
vt 0.21021238 0.56774175
vt 0.21846855 0.5727498
vt 0.11232032 0.511598
vt 0.10229959 0.5001855
vt 0.10018351 0.51397884
vt 0.11343962 0.50017905
vt 0.11744972 0.539949
vt 0.10167315 0.5307872
vt 0.106811136 0.5469583
vt 0.113734454 0.526129
vt 0.12366745 0.5530703
vt 0.114982635 0.56179345
vt 0.13199832 0.5645985
vt 0.12556396 0.57419926
vt 0.26179945 0.55474925
vt 0.2638005 0.5547854
vt 0.2599981 0.60379434
vt 0.2689534 0.5610505
vt 0.27021492 0.55996335
vt 0.3035177 0.61508584
vt 0.32014418 0.61190224
vt 0.28807247 0.617134
vt 0.27335685 0.6169934
vt 0.25899717 0.61497223
vt 0.24690406 0.59882206
vt 0.23048198 0.55261576
vt 0.22963536 0.5625653
vt 0.22969677 0.5744692
vt 0.232103 0.5899644
vt 0.22896771 0.607164
vt 0.21196699 0.6053698
vt 0.24451248 0.611369
vt 0.18852727 0.50434935
vt 0.16204545 0.64729774
vt 0.16198404 0.63215566
vt 0.17945164 0.6466647
vt 0.17915434 0.63283277
vt 0.19574982 0.6464782
vt 0.19546054 0.63339025
vt 0.21132809 0.63437593
vt 0.21125562 0.6478295
vt 0.22702475 0.6358174
vt 0.22655675 0.6492984
vt 0.25800067 0.63914955
vt 0.24183992 0.6505705
vt 0.2574143 0.6522534
vt 0.2425892 0.63756144
vt 0.27389616 0.64030474
vt 0.27379414 0.65372133
vt 0.32390344 0.6372106
vt 0.30819046 0.6525067
vt 0.32563123 0.6507261
vt 0.30693316 0.6391764
vt 0.2908067 0.65359837
vt 0.29022092 0.6402346
vt 0.18064533 0.66029596
vt 0.16356638 0.6633229
vt 0.19642465 0.66025764
vt 0.21128742 0.6617447
vt 0.22605672 0.663562
vt 0.2408221 0.66542923
vt 0.2562383 0.6673874
vt 0.27308053 0.6689387
vt 0.2596939 0.70155823
vt 0.25379643 0.6837567
vt 0.24952686 0.6955205
vt 0.27129054 0.6888945
vt 0.23753802 0.6913903
vt 0.23937424 0.67976034
vt 0.22537689 0.6765326
vt 0.21152085 0.68452
vt 0.22472885 0.6876769
vt 0.21141164 0.6740985
vt 0.19841245 0.68310195
vt 0.19734958 0.672982
vt 0.18536875 0.6839637
vt 0.18272881 0.6741295
vt 0.17352594 0.68826544
vt 0.16739725 0.67971236
vt 0.14958811 0.6949996
vt 0.16668037 0.7168087
vt 0.16626936 0.69849956
vt 0.14986384 0.73280776
vt 0.11868244 0.5861422
vt 0.104532674 0.61825466
vt 0.098988965 0.64029
vt 0.09602265 0.66718376
vt 0.09469368 0.6982113
vt 0.12093127 0.7316889
vt 0.12130188 0.6982081
vt 0.09436316 0.73175246
vt 0.15883246 0.93707037
vt 0.15419617 0.9055961
vt 0.14961047 0.8749972
vt 0.14569582 0.84026664
vt 0.14380154 0.8041595
vt 0.14501983 0.7700089
vt 0.17843798 0.733879
vt 0.17193286 0.7521339
vt 0.16866396 0.77710444
vt 0.16782206 0.805244
vt 0.19585744 0.7469671
vt 0.19300646 0.7632816
vt 0.192013 0.80954844
vt 0.19158897 0.78398305
vt 0.16645136 0.500152
vt 0.0870427 0.50019467
vt 0.085615866 0.5168061
vt 0.08788213 0.53695345
vt 0.094593026 0.5560875
vt 0.105295226 0.57288086
vt 0.07352773 0.6298309
vt 0.08379622 0.6052324
vt 0.06950573 0.6621908
vt 0.06834046 0.6967025
vt 0.33172646 0.70154905
vt 0.31132215 0.68552434
vt 0.3138255 0.70461595
vt 0.32940185 0.6822946
vt 0.30952826 0.66785
vt 0.32745776 0.6656889
vt 0.29141378 0.66916543
vt 0.29252174 0.68749005
vt 0.29615656 0.7071632
vt 0.2789642 0.70926535
vt 0.2683746 0.7131563
vt 0.27371556 0.727108
vt 0.283801 0.7285328
vt 0.26672536 0.7468548
vt 0.28359607 0.7506353
vt 0.27408534 0.73766667
vt 0.26902562 0.7620567
vt 0.21445285 0.7535343
vt 0.21358027 0.76915824
vt 0.2335705 0.770696
vt 0.2328633 0.7555476
vt 0.25232142 0.76860416
vt 0.25080857 0.75404656
vt 0.33455005 0.72207534
vt 0.31638935 0.72501326
vt 0.29947355 0.72735703
vt 0.33795667 0.7432747
vt 0.3191715 0.7463953
vt 0.2732266 0.78251743
vt 0.25544482 0.78657174
vt 0.2788671 0.8057433
vt 0.26020002 0.80918
vt 0.23873839 0.81161803
vt 0.23538236 0.7887762
vt 0.21382448 0.7878404
vt 0.21587832 0.81197816
vt 0.31296006 0.7974831
vt 0.30713865 0.7722234
vt 0.2959168 0.80168337
vt 0.28972226 0.7766514
vt 0.32983106 0.7932964
vt 0.3241941 0.76922286
vt 0.34970596 0.7874119
vt 0.34304845 0.7650461
vt 0.35821405 0.810479
vt 0.33798045 0.81795216
vt 0.31974316 0.82365155
vt 0.30224434 0.82831156
vt 0.284644 0.8325017
vt 0.26598024 0.836288
vt 0.24367945 0.8394245
vt 0.21968573 0.8409569
vt 0.1952296 0.84160435
vt 0.17045094 0.8408267
vt 0.36873096 0.83483726
vt 0.34696206 0.8441715
vt 0.3278162 0.8509738
vt 0.309757 0.8565493
vt 0.29142237 0.86130166
vt 0.27212715 0.86583555
vt 0.24938498 0.8702872
vt 0.22510529 0.87347883
vt 0.19978233 0.874471
vt 0.17433381 0.8747738
vt 0.39776447 0.88813376
vt 0.3818593 0.86018753
vt 0.3735177 0.90093124
vt 0.36004475 0.8711207
vt 0.3503938 0.9106505
vt 0.33869177 0.8796107
vt 0.31869295 0.8861787
vt 0.3288832 0.91783345
vt 0.30823 0.9234535
vt 0.27851528 0.89631546
vt 0.28613973 0.92836344
vt 0.29917014 0.8915867
vt 0.25533307 0.90050465
vt 0.26221988 0.93241227
vt 0.23060836 0.9036642
vt 0.23688917 0.9353605
vt 0.20488246 0.9056191
vt 0.21093976 0.9371141
vt 0.17899528 0.9063271
vt 0.18449059 0.93769145
vt 0.3360928 0.59770787
vt 0.3371424 0.6100087
vt 0.33808386 0.5860739
vt 0.3397027 0.57470953
vt 0.34542343 0.66277194
vt 0.34777272 0.6794073
vt 0.3431793 0.64794683
vt 0.3409592 0.63448393
vt 0.34502047 0.53648114
vt 0.34583166 0.5275494
vt 0.34377143 0.5456757
vt 0.34228814 0.55495626
vt 0.34075508 0.5643064
vt 0.34617904 0.5187235
vt 0.3464451 0.5085373
vt 0.33295447 0.5000917
vt 0.34685144 0.50008845
vt 0.42236856 0.8712828
vt 0.4049912 0.84581846
vt 0.3906459 0.8227701
vt 0.3789566 0.8010967
vt 0.36960715 0.7803404
vt 0.36243963 0.7599547
vt 0.35726568 0.739408
vt 0.35342845 0.7188209
vt 0.35027876 0.69846535
vt 0.07981656 0.89428514
vt 0.082947396 0.9421011
vt 0.075116634 0.8486287
vt 0.07171805 0.80650306
vt 0.07070192 0.76842386
vt 0.06981993 0.7318064
vt 0.53552145 0.73328125
vt 0.5684318 0.6983752
vt 0.53568465 0.7000929
vt 0.5691113 0.7352436
vt 0.43090546 0.72708255
vt 0.45176333 0.70335335
vt 0.43023947 0.7055067
vt 0.45149642 0.72740746
vt 0.41028655 0.7083005
vt 0.41234955 0.72820157
vt 0.39106575 0.71172404
vt 0.39442506 0.73118
vt 0.53175473 0.6687591
vt 0.5541033 0.6326497
vt 0.52465135 0.6404408
vt 0.5629799 0.66365165
vt 0.44922712 0.6801037
vt 0.42341432 0.6624357
vt 0.42764762 0.68363893
vt 0.44476977 0.6580349
vt 0.4072782 0.68741494
vt 0.40365532 0.6672595
vt 0.38790333 0.691306
vt 0.38469037 0.67180204
vt 0.36895442 0.6950218
vt 0.36608994 0.67562056
vt 0.37219647 0.7153102
vt 0.37614435 0.7351632
vt 0.44172686 0.5284129
vt 0.42848846 0.50007606
vt 0.4206093 0.5189774
vt 0.45650083 0.51127076
vt 0.38994092 0.58069956
vt 0.3919627 0.5612563
vt 0.38239697 0.57062536
vt 0.40229815 0.5717095
vt 0.3775704 0.58781135
vt 0.37232563 0.57777405
vt 0.36496395 0.59300506
vt 0.3619136 0.5827898
vt 0.35121167 0.59599495
vt 0.35049036 0.5851279
vt 0.5432078 0.60619164
vt 0.51526874 0.6154475
vt 0.41839167 0.6436318
vt 0.4388203 0.6378697
vt 0.39940292 0.648903
vt 0.38128623 0.65463483
vt 0.50415444 0.593347
vt 0.5163134 0.562454
vt 0.49168602 0.5741362
vt 0.5305317 0.582922
vt 0.43250602 0.6212154
vt 0.40821996 0.61486006
vt 0.41328964 0.62807405
vt 0.42606008 0.6071655
vt 0.39528772 0.63403517
vt 0.39113572 0.6211212
vt 0.3778868 0.6397925
vt 0.37452087 0.6266159
vt 0.4607275 0.5414349
vt 0.4799757 0.5263227
vt 0.41146562 0.58314365
vt 0.39697236 0.59186363
vt 0.382582 0.5985695
vt 0.3680127 0.6035416
vt 0.35302186 0.6073109
vt 0.36050472 0.6439489
vt 0.3578302 0.6308353
vt 0.36327407 0.65853345
vt 0.40133512 0.50007856
vt 0.39855605 0.5145798
vt 0.38053173 0.5520243
vt 0.3736806 0.5611348
vt 0.3660581 0.56856513
vt 0.35849756 0.5733404
vt 0.34993443 0.57482016
vt 0.3592775 0.5615245
vt 0.35389143 0.5490618
vt 0.3513295 0.55754507
vt 0.36377716 0.55383396
vt 0.35589138 0.5669342
vt 0.34960476 0.56571233
vt 0.47585577 0.7024615
vt 0.47496215 0.728555
vt 0.47339424 0.67744976
vt 0.4684902 0.65374136
vt 0.46157962 0.6320071
vt 0.45360202 0.6133902
vt 0.44541448 0.5979074
vt 0.4264097 0.57186735
vt 0.41493168 0.56040287
vt 0.40198258 0.55023503
vt 0.3871486 0.5413711
vt 0.37819713 0.5116265
vt 0.36234283 0.5000851
vt 0.3610548 0.5098833
vt 0.3798262 0.5000819
vt 0.37564236 0.52365994
vt 0.36005527 0.52038026
vt 0.35644895 0.5398128
vt 0.36820462 0.5446007
vt 0.35858664 0.5303727
vt 0.3721752 0.5346924
vt 0.5024111 0.7302753
vt 0.5033031 0.7013258
vt 0.50078654 0.6738228
vt 0.49508762 0.6481024
vt 0.4871385 0.62488306
vt 0.4776267 0.6045736
vt 0.4671809 0.58703154
vt 0.42785287 0.5462038
vt 0.44237322 0.5579628
vt 0.41186056 0.53671217
vt 0.39357156 0.52897334
vt 0.32581186 0.50366664
vt 0.32576096 0.50009346
vt 0.26201934 0.5571879
vt 0.53002083 0.76999253
vt 0.5647948 0.77620816
vt 0.51734364 0.80803025
vt 0.5521335 0.82239103
vt 0.49770436 0.84394157
vt 0.528537 0.8665372
vt 0.49758625 0.90437245
vt 0.4719303 0.8754513
vt 0.44281766 0.90119255
vt 0.46336633 0.9338673
vt 0.4139653 0.92068326
vt 0.4293754 0.95512474
vt 0.3873463 0.93443626
vt 0.40013945 0.9686782
vt 0.36233205 0.944708
vt 0.3726885 0.9785291
vt 0.3402268 0.95199823
vt 0.35120752 0.9850877
vt 0.29574722 0.9625817
vt 0.30760273 0.99441665
vt 0.31891617 0.9577432
vt 0.3315594 0.98995125
vt 0.27071854 0.96622974
vt 0.28116325 0.99742365
vt 0.24448152 0.9684498
vt 0.25301477 0.9984977
vt 0.21739648 0.9692828
vt 0.2248829 0.9976797
vt 0.19667579 0.9956792
vt 0.19021742 0.9691923
vt 0.16902904 0.9931072
vt 0.16376688 0.96851903
vt 0.14171885 0.9903727
vt 0.13765152 0.9687194
vt 0.1151032 0.98796684
vt 0.11224341 0.9735022
vt 0.08826685 0.98608375
vt 0.4861998 0.794287
vt 0.4975915 0.7626307
vt 0.46888682 0.82326263
vt 0.44730487 0.8494228
vt 0.38116175 0.75428236
vt 0.3880964 0.77247703
vt 0.39797854 0.78971714
vt 0.41095945 0.8080209
vt 0.42705718 0.82782936
vt 0.44594383 0.8062305
vt 0.42778978 0.7909714
vt 0.4134235 0.7773167
vt 0.4036545 0.76456857
vt 0.39827308 0.7489718
vt 0.46081406 0.78223807
vt 0.47017014 0.7559354
vt 0.44018963 0.7719014
vt 0.44774768 0.7505991
vt 0.42430714 0.7636713
vt 0.4291705 0.7468372
vt 0.41404027 0.758209
vt 0.41360798 0.74572825
vt 0.31821314 0.5000955
vt 0.30978718 0.50009763
vt 0.30293912 0.50009966
vt 0.2958634 0.5001016
vt 0.28783354 0.50010407
vt 0.2789327 0.5001068
vt 0.27072164 0.50010943
vt 0.2636025 0.5001118
vt 0.25713503 0.500114
vt 0.25140846 0.500116
vt 0.24671242 0.5001177
vt 0.24346872 0.50011885
vt 0.24045482 0.50012
vt 0.23728746 0.50012124
vt 0.23431976 0.5001223
vt 0.23175202 0.50012326
vt 0.22953941 0.5001241
vt 0.22769271 0.5001248
vt 0.22600943 0.5001255
vt 0.22423603 0.50012624
vt 0.22189145 0.5001272
vt 0.06905408 0.50020635
vt 0.06856177 0.52054536
vt 0.072156735 0.5450159
vt 0.08093919 0.56807303
vt 0.094827 0.58691776
vt 0.111446306 0.60060275
vt 0.12872526 0.6094663
vt 0.14584047 0.615103
vt 0.16285665 0.61797297
vt 0.17939164 0.6192962
vt 0.19552636 0.61981654
vt 0.2116105 0.6204258
vt 0.22767551 0.62197965
vt 0.24327867 0.6244517
vt 0.25848055 0.62676346
vt 0.27371585 0.6281457
vt 0.28935632 0.62816036
vt 0.3054363 0.62684184
vt 0.32213554 0.6246027
vt 0.3389219 0.6220455
vt 0.35528678 0.61887383
vt 0.37123924 0.6146673
vt 0.38699397 0.6095115
vt 0.4027888 0.6029192
vt 0.41929555 0.5949054
vt 0.43646386 0.58434594
vt 0.45549354 0.5715996
vt 0.47729897 0.55682623
vt 0.4997065 0.54359484
vt 0.06461664 0.58448523
vt 0.04275761 0.6100805
vt 0.031348158 0.56794393
vt 0.054027036 0.555124
vt 0.027763719 0.5297251
vt 0.048724215 0.524879
vt 0.029609865 0.5002346
vt 0.0488503 0.50022024
vt 0.008386928 0.6141547
vt 0.0029704175 0.57409734
vt 0.0015650821 0.5338486
vt 0.0038396916 0.50025576
vt 0.040112663 0.6561229
vt 0.0073456033 0.6564367
vt 0.05633535 0.98501354
vt 0.054865867 0.9432267
vt 0.02575824 0.9850009
vt 0.02536549 0.9421917
vt 0.053024974 0.8956306
vt 0.02514867 0.89537036
vt 0.049703266 0.8497819
vt 0.023260143 0.8508162
vt 0.020307165 0.8095392
vt 0.0465492 0.80586886
vt 0.016261118 0.77228296
vt 0.04413104 0.76975876
vt 0.0125344945 0.7346164
vt 0.041797 0.73263514
vt 0.039709117 0.6954125
vt 0.008981297 0.69646496
vt 0.7874105 0.5420226
vt 0.8087665 0.5634536
vt 0.8100044 0.5420226
vt 0.78703344 0.5689287
vt 0.81197697 0.5891171
vt 0.7920432 0.595363
vt 0.8000399 0.62230724
vt 0.82145447 0.61331826
vt 0.8303371 0.6389331
vt 0.8095818 0.64886445
vt 0.8223631 0.6733871
vt 0.8416281 0.662368
vt 0.8543045 0.68367887
vt 0.83719015 0.69582665
vt 0.8545341 0.71685
vt 0.8698416 0.70287704
vt 0.88845056 0.7193742
vt 0.87587625 0.7351731
vt 0.9117437 0.7339676
vt 0.9016083 0.75144655
vt 0.9390561 0.74522537
vt 0.931627 0.76465183
vt 0.9696506 0.7516726
vt 0.9641614 0.77348423
vt 0.9983785 0.75400317
vt 0.996435 0.77809566
vt 0.7808885 0.7118952
vt 0.8019546 0.68878996
vt 0.79467815 0.7306516
vt 0.8175722 0.7119904
vt 0.7477011 0.8059539
vt 0.5518261 0.8786491
vt 0.563117 0.8713226
vt 0.55036056 0.8734603
vt 0.5631424 0.8684
vt 0.5381031 0.8821104
vt 0.5454644 0.88685286
vt 0.5240616 0.9041529
vt 0.53289 0.907707
vt 0.5165086 0.9238446
vt 0.5255683 0.9260874
vt 0.5130854 0.94549763
vt 0.52168554 0.94628507
vt 0.5159528 0.9658481
vt 0.5234114 0.96553886
vt 0.5247582 0.9818197
vt 0.5299967 0.97793317
vt 0.5345524 0.98254305
vt 0.53308016 0.9876347
vt 0.5434425 0.9891517
vt 0.5587953 0.9846735
vt 0.54269576 0.9849351
vt 0.5610711 0.9870957
vt 0.5712496 0.97578454
vt 0.5764055 0.97832155
vt 0.58159524 0.8848088
vt 0.5706498 0.8740507
vt 0.5776694 0.8886609
vt 0.5726616 0.8719037
vt 0.58230245 0.9642414
vt 0.5750795 0.9627436
vt 0.58660084 0.948999
vt 0.57769936 0.9484628
vt 0.5809943 0.93225574
vt 0.58923876 0.9324709
vt 0.58036417 0.91752017
vt 0.58956677 0.9156033
vt 0.5794113 0.9019451
vt 0.58711493 0.8994751
vt 0.56251943 0.88341427
vt 0.56871927 0.8959145
vt 0.55782497 0.9008663
vt 0.5413333 0.9158753
vt 0.52963305 0.946461
vt 0.5322815 0.9332341
vt 0.52717686 0.9630455
vt 0.53345853 0.9738122
vt 0.53683555 0.9781489
vt 0.5561858 0.97994614
vt 0.5435238 0.9763396
vt 0.5690377 0.90505904
vt 0.57123667 0.9188514
vt 0.57117563 0.9318342
vt 0.56890965 0.9475411
vt 0.5669603 0.96126854
vt 0.5660861 0.97229177
vt 0.5575576 0.9187475
vt 0.5488257 0.92261934
vt 0.55634266 0.94822305
vt 0.5543815 0.96352166
vt 0.5579587 0.93454105
vt 0.5420496 0.96343046
vt 0.543866 0.93367934
vt 0.5417361 0.9480341
vt 0.30198655 0.7489867
vt 0.54079247 0.8650351
vt 0.5220973 0.87918174
vt 0.50901467 0.9008847
vt 0.5022819 0.9234137
vt 0.5022819 0.94546944
vt 0.5051101 0.9674986
vt 0.5148326 0.9881135
vt 0.52882284 0.9977759
vt 0.5443038 0.9984821
vt 0.56396234 0.99101526
vt 0.5816505 0.98091984
vt 0.59128755 0.9670244
vt 0.596924 0.94988996
vt 0.6000242 0.9314401
vt 0.60016394 0.91260636
vt 0.5958663 0.89508057
vt 0.58760655 0.87983036
vt 0.5757469 0.86881113
vt 0.56161684 0.8634079
vt 0.27768642 0.5423331
vt 0.27593592 0.5474962
vt 0.28002706 0.5447587
vt 0.27484125 0.5455847
vt 0.27238077 0.5556317
vt 0.27146533 0.55806553
vt 0.2728167 0.556208
vt 0.2698371 0.5576772
vt 0.28061396 0.55419374
vt 0.27649546 0.551717
vt 0.2759412 0.55376005
vt 0.28137097 0.55092967
vt 0.2706082 0.5517198
vt 0.26657957 0.5544359
vt 0.2710355 0.55308473
vt 0.26574403 0.5526942
vt 0.2675866 0.55568266
vt 0.27145895 0.55409557
vt 0.2787949 0.55752814
vt 0.27521902 0.5555879
vt 0.27443713 0.55871224
vt 0.27408534 0.5565594
vt 0.26975194 0.5478673
vt 0.26517814 0.55033445
vt 0.27016234 0.54990214
vt 0.26520634 0.5471737
vt 0.27545 0.54133654
vt 0.27367327 0.5448705
vt 0.2694369 0.5461432
vt 0.2696529 0.54143953
vt 0.26617908 0.5442532
vt 0.2706345 0.54424095
vt 0.271907 0.5549146
vt 0.26862374 0.55671656
vt 0.27246848 0.5441658
vt 0.2729478 0.5409064
vt 0.2765762 0.5495312
vt 0.28119645 0.547649
vt 0.28357586 0.5540361
vt 0.2677896 0.5589297
vt 0.28749415 0.54038453
vt 0.27386242 0.5679727
vt 0.27886292 0.5660948
vt 0.2655078 0.5609431
vt 0.2679536 0.56306756
vt 0.2886657 0.5494211
vt 0.28723305 0.5539894
vt 0.26626536 0.55944484
vt 0.2857525 0.5537607
vt 0.2636069 0.55912125
vt 0.26596916 0.53479606
vt 0.2889348 0.54471314
vt 0.2865034 0.5538821
vt 0.28378883 0.5586225
vt 0.2879444 0.5494609
vt 0.28818887 0.54489017
vt 0.28675953 0.54075646
vt 0.28347543 0.5370439
vt 0.2685358 0.5619893
vt 0.26593155 0.56014544
vt 0.261272 0.5549251
vt 0.26258135 0.5568417
vt 0.274181 0.5660238
vt 0.27817538 0.5648814
vt 0.28023756 0.5625906
vt 0.25956663 0.5500611
vt 0.25944385 0.5464424
vt 0.2794396 0.53549063
vt 0.27492502 0.53374636
vt 0.26880547 0.5335561
vt 0.26527303 0.53373706
vt 0.26042488 0.54187274
vt 0.2602744 0.5527284
vt 0.26410502 0.55853736
vt 0.20828986 0.5001328
vt 0.20109887 0.500136
vt 0.18777554 0.50014293
vt 0.19489992 0.500139
vt 0.21944652 0.50012815
vt 0.21948771 0.5023429
vt 0.21371774 0.5084487
vt 0.21487081 0.50884736
vt 0.21499059 0.5081282
vt 0.21359299 0.5092248
vt 0.21456215 0.51026976
vt 0.21379852 0.51068676
vt 0.2198456 0.5102342
vt 0.21620363 0.5157039
vt 0.21318035 0.5167984
vt 0.21461858 0.51125085
vt 0.21419679 0.51125145
vt 0.21501103 0.5109993
vt 0.21594363 0.50987846
vt 0.22021677 0.5050901
vt 0.21637371 0.50844294
vt 0.21639585 0.50774944
vt 0.21147056 0.51421845
vt 0.21054596 0.5121218
vt 0.2103399 0.5080591
vt 0.21052715 0.5052434
vt 0.2140101 0.5023171
vt 0.21423079 0.5047351
vt 0.21824755 0.5041836
vt 0.21352717 0.51418525
vt 0.21538882 0.5135056
vt 0.21823536 0.5102653
vt 0.21851194 0.50615275
vt 0.21409279 0.5001303
vt 0.81256443 0.22693992
vt 0.81170905 0.2875296
vt 0.8497933 0.2548228
vt 0.7805417 0.25219774
vt 0.9390542 0.22405893
vt 0.9917509 0.2152574
vt 0.9345302 0.16395652
vt 0.9908728 0.15831971
vt 0.85865235 0.18460333
vt 0.88907045 0.2377752
vt 0.7168668 0.30537665
vt 0.6948614 0.35496604
vt 0.76731193 0.33720177
vt 0.57853377 0.46874636
vt 0.64675313 0.47930646
vt 0.6460376 0.39972973
vt 0.66356957 0.5184572
vt 0.94919 0.25599664
vt 0.92161983 0.29627335
vt 0.9570448 0.28481358
vt 0.90811366 0.26921177
vt 0.7314552 0.37970757
vt 0.8884175 0.3118025
vt 0.8396592 0.30973077
vt 0.8601243 0.33065242
vt 0.8713794 0.28693753
vt 0.7606555 0.40385354
vt 0.70322096 0.42413652
vt 0.74280375 0.43957514
vt 0.7641356 0.4823925
vt 0.73157996 0.47695208
vt 0.7734082 0.4514131
vt 0.6943912 0.47367013
vt 0.6956847 0.5109249
vt 0.7284241 0.5100754
vt 0.9927737 0.24480307
vt 0.99452966 0.2754345
vt 0.758874 0.5117917
vt 0.7865874 0.42215043
vt 0.83641934 0.35050148
vt 0.8143221 0.33156478
vt 0.786523 0.31139886
vt 0.20122248 0.49858487
vt 0.19462195 0.4958129
vt 0.19485015 0.49897003
vt 0.20139371 0.4948598
vt 0.161666 0.48392427
vt 0.15393092 0.4868343
vt 0.16078287 0.48892343
vt 0.15556969 0.47986794
vt 0.16311084 0.4783504
vt 0.16487817 0.47310925
vt 0.1576844 0.47375274
vt 0.16036245 0.46809375
vt 0.16754907 0.45996046
vt 0.17314981 0.46446157
vt 0.17177328 0.45804143
vt 0.17001341 0.46612763
vt 0.19403173 0.48716664
vt 0.20148137 0.48988068
vt 0.20140614 0.48502815
vt 0.19467698 0.49134064
vt 0.18871203 0.49243164
vt 0.1880109 0.4890257
vt 0.19122614 0.4786669
vt 0.18685232 0.48532963
vt 0.19279706 0.4829688
vt 0.1854144 0.4815011
vt 0.17834616 0.47138107
vt 0.18114819 0.4647436
vt 0.17670164 0.4688506
vt 0.17870902 0.4639927
vt 0.16907415 0.47831213
vt 0.16810477 0.4832753
vt 0.16744788 0.4883442
vt 0.16732202 0.49143732
vt 0.21615992 0.47732735
vt 0.21883084 0.4853952
vt 0.22024359 0.4846691
vt 0.21002431 0.4783994
vt 0.2240341 0.49832582
vt 0.22200929 0.49570012
vt 0.22211853 0.4981768
vt 0.22385353 0.4953593
vt 0.22301161 0.49105895
vt 0.22165748 0.49097192
vt 0.22483839 0.4902488
vt 0.22515564 0.48360455
vt 0.22242998 0.48425198
vt 0.22710966 0.48938894
vt 0.22781491 0.49806678
vt 0.22569963 0.4948907
vt 0.22593336 0.49828577
vt 0.22780055 0.49421883
vt 0.21950847 0.47694492
vt 0.22306441 0.4754498
vt 0.25259885 0.49852037
vt 0.24942067 0.49367297
vt 0.24799214 0.4982034
vt 0.2540611 0.49409628
vt 0.25084504 0.48221087
vt 0.25503385 0.48914516
vt 0.25563788 0.48334134
vt 0.25043237 0.48842204
vt 0.25070015 0.47467315
vt 0.25581047 0.47590005
vt 0.28080043 0.4115436
vt 0.27237776 0.40307832
vt 0.2715519 0.41161478
vt 0.2834536 0.4029808
vt 0.29024693 0.4138918
vt 0.29504278 0.40563476
vt 0.29891685 0.41879523
vt 0.30640298 0.41122687
vt 0.31390628 0.42052972
vt 0.30580503 0.4259386
vt 0.3105804 0.4342817
vt 0.31878123 0.43062806
vt 0.3136402 0.44279134
vt 0.32198593 0.4403323
vt 0.3235348 0.44955206
vt 0.31571317 0.45983553
vt 0.3243305 0.45850074
vt 0.31519237 0.45133615
vt 0.29105622 0.43566012
vt 0.2869775 0.439111
vt 0.29026768 0.44429755
vt 0.29420283 0.44202816
vt 0.30009782 0.4299482
vt 0.29495263 0.43326378
vt 0.2986336 0.43984616
vt 0.30455044 0.43731117
vt 0.2964608 0.45512283
vt 0.30156285 0.46173418
vt 0.30223912 0.4542879
vt 0.29482156 0.46196556
vt 0.30815536 0.46072948
vt 0.30812302 0.45286536
vt 0.30706096 0.44504523
vt 0.301515 0.44684756
vt 0.29640633 0.4484682
vt 0.2922427 0.4498086
vt 0.29211634 0.45548463
vt 0.29016757 0.46098387
vt 0.26153067 0.43386352
vt 0.26545915 0.43669116
vt 0.2649937 0.4310894
vt 0.26307064 0.43853045
vt 0.2599483 0.42926967
vt 0.26472265 0.42593765
vt 0.258051 0.4244095
vt 0.26403648 0.42066145
vt 0.25901267 0.443478
vt 0.2586385 0.43733823
vt 0.25614956 0.4413283
vt 0.26080102 0.44079745
vt 0.2528743 0.4387499
vt 0.2561139 0.4337021
vt 0.28072768 0.42831337
vt 0.27711472 0.42294753
vt 0.27538916 0.42788553
vt 0.28382948 0.42369008
vt 0.27881458 0.41798186
vt 0.28664753 0.4197786
vt 0.29021955 0.4274969
vt 0.2939545 0.4238969
vt 0.28626892 0.43070722
vt 0.27904 0.43258512
vt 0.27367577 0.43126917
vt 0.28267008 0.43513048
vt 0.26928204 0.42892623
vt 0.2673272 0.43480897
vt 0.27067158 0.4239421
vt 0.27150404 0.41851246
vt 0.25583065 0.46622157
vt 0.250332 0.4659847
vt 0.25312984 0.45708823
vt 0.2496743 0.45030022
vt 0.24926051 0.45748746
vt 0.25311217 0.45050335
vt 0.21334216 0.46121728
vt 0.21412623 0.45200932
vt 0.20997177 0.45412135
vt 0.21765207 0.45955563
vt 0.22049253 0.46749485
vt 0.21650648 0.46855474
vt 0.25690213 0.45524287
vt 0.2567558 0.45051324
vt 0.28274447 0.47241914
vt 0.27585462 0.46964002
vt 0.27559525 0.47416842
vt 0.2811926 0.4684497
vt 0.26954255 0.47005045
vt 0.26261485 0.4721619
vt 0.2688315 0.47449577
vt 0.2643819 0.46802163
vt 0.25850323 0.4614328
vt 0.26172203 0.47849703
vt 0.2684841 0.4800279
vt 0.25801122 0.49871886
vt 0.25952438 0.4945792
vt 0.26053387 0.49003386
vt 0.26121673 0.48474836
vt 0.26463747 0.49853408
vt 0.2658923 0.49477172
vt 0.26689547 0.4906857
vt 0.2675783 0.4859358
vt 0.32417673 0.46732473
vt 0.3147656 0.475806
vt 0.3239134 0.47527516
vt 0.31551012 0.46802413
vt 0.30694202 0.47597873
vt 0.30020264 0.46921325
vt 0.2994761 0.4765302
vt 0.30764648 0.46843314
vt 0.29108137 0.4693681
vt 0.29168212 0.4775784
vt 0.2834041 0.47912252
vt 0.27546248 0.48029435
vt 0.28031585 0.49843764
vt 0.2733616 0.4949211
vt 0.27221292 0.49836373
vt 0.28152862 0.4946556
vt 0.2748139 0.4864241
vt 0.28214347 0.4904045
vt 0.28281918 0.48572528
vt 0.27415258 0.49101293
vt 0.29652 0.49803877
vt 0.28964648 0.49386847
vt 0.28879157 0.49813795
vt 0.29723665 0.49345565
vt 0.29114857 0.48427832
vt 0.29801798 0.48868167
vt 0.2987769 0.48338234
vt 0.29038635 0.4892664
vt 0.3037376 0.4980476
vt 0.3045759 0.49339318
vt 0.3055135 0.4884715
vt 0.30631945 0.48304915
vt 0.3188955 0.49778223
vt 0.312046 0.49370682
vt 0.31115985 0.49741685
vt 0.319515 0.49468482
vt 0.3219602 0.4896016
vt 0.31418946 0.48275888
vt 0.31340814 0.488649
vt 0.3232673 0.48280585
vt 0.19418083 0.43732953
vt 0.18789224 0.42764473
vt 0.18585193 0.43477416
vt 0.19737281 0.43145096
vt 0.17764392 0.42627358
vt 0.1680801 0.43433547
vt 0.17705618 0.43384767
vt 0.16711791 0.42698288
vt 0.15938284 0.4376502
vt 0.15671358 0.42987633
vt 0.13829212 0.44357848
vt 0.13887098 0.4594103
vt 0.14438206 0.45051694
vt 0.13147059 0.45397305
vt 0.1323169 0.4806702
vt 0.12644432 0.46573675
vt 0.12340332 0.4779954
vt 0.13492945 0.4699242
vt 0.14716472 0.4845749
vt 0.14223777 0.47322667
vt 0.14011033 0.48272538
vt 0.14896442 0.4760989
vt 0.15163201 0.46905112
vt 0.15526931 0.46240783
vt 0.1453432 0.4642496
vt 0.14991198 0.45655513
vt 0.1620026 0.44527078
vt 0.17056462 0.45069838
vt 0.16922486 0.44253016
vt 0.16487236 0.4530444
vt 0.17624778 0.44969487
vt 0.17663275 0.44160855
vt 0.18712418 0.45114505
vt 0.18394104 0.4419545
vt 0.1818728 0.44986522
vt 0.19057949 0.44406605
vt 0.19908148 0.4612391
vt 0.20864089 0.46298707
vt 0.20505558 0.4569757
vt 0.20224527 0.4666835
vt 0.2120649 0.4695145
vt 0.20566958 0.47209954
vt 0.20077166 0.48020637
vt 0.19844757 0.47516394
vt 0.19325456 0.46612227
vt 0.19586243 0.47034717
vt 0.18388686 0.4580387
vt 0.18013367 0.4572276
vt 0.1760666 0.457129
vt 0.18732168 0.47086346
vt 0.18199396 0.47553408
vt 0.18367057 0.4784106
vt 0.18940236 0.47448754
vt 0.17606215 0.46375895
vt 0.17533174 0.4684813
vt 0.1735774 0.4695809
vt 0.17222464 0.47276115
vt 0.20794225 0.48782325
vt 0.21017615 0.48237348
vt 0.20822573 0.4977305
vt 0.20781362 0.49312365
vt 0.2515055 0.4106053
vt 0.2628234 0.4137522
vt 0.2615334 0.4058876
vt 0.25527915 0.41803622
vt 0.16043411 0.49441576
vt 0.16668619 0.49772406
vt 0.16712177 0.49533677
vt 0.16715164 0.49340713
vt 0.14596604 0.49326885
vt 0.15303786 0.49398983
vt 0.13873853 0.49230266
vt 0.13088754 0.49122798
vt 0.122222915 0.49007964
vt 0.16714169 0.46877944
vt 0.17066476 0.47499132
vt 0.16365099 0.46323645
vt 0.1597363 0.4569552
vt 0.15556525 0.45016062
vt 0.15123318 0.44284284
vt 0.1468967 0.4353788
vt 0.2009794 0.44191468
vt 0.20469852 0.43746173
vt 0.19167502 0.45330143
vt 0.19651791 0.44714117
vt 0.18723509 0.45970094
vt 0.18321644 0.46588588
vt 0.24951498 0.4358418
vt 0.253061 0.42956412
vt 0.24568078 0.45736504
vt 0.24598527 0.44971228
vt 0.24629366 0.47419274
vt 0.24588765 0.46586668
vt 0.24643362 0.4816215
vt 0.24616176 0.48802316
vt 0.24538788 0.4934157
vt 0.24421714 0.498029
vt 0.24183135 0.49320638
vt 0.2378218 0.49778485
vt 0.24100798 0.49788225
vt 0.23848173 0.4931898
vt 0.23881723 0.48128664
vt 0.24235797 0.4878825
vt 0.24244897 0.48142898
vt 0.23875222 0.48785746
vt 0.24215882 0.4738978
vt 0.23813766 0.47375238
vt 0.24162644 0.4655738
vt 0.2372612 0.46549094
vt 0.24137281 0.44881177
vt 0.23642452 0.4569204
vt 0.2410755 0.4573033
vt 0.23619747 0.44794786
vt 0.17940797 0.4063636
vt 0.16615655 0.4179386
vt 0.17845514 0.4172125
vt 0.16516666 0.4071436
vt 0.15407532 0.4211259
vt 0.1512064 0.41054654
vt 0.14245544 0.4269662
vt 0.13778488 0.41679323
vt 0.25420216 0.44555128
vt 0.25752056 0.44667053
vt 0.2508163 0.4442997
vt 0.24719644 0.44265246
vt 0.20997094 0.4445579
vt 0.20564221 0.44780064
vt 0.20104134 0.45167673
vt 0.19556038 0.45643663
vt 0.19026695 0.46250355
vt 0.18528771 0.46809626
vt 0.18063042 0.47354412
vt 0.24261852 0.4405477
vt 0.23660459 0.43865526
vt 0.24894942 0.42440975
vt 0.23842059 0.4284631
vt 0.24486266 0.43225646
vt 0.2426741 0.4180354
vt 0.20261395 0.42402136
vt 0.19443221 0.4079455
vt 0.19079663 0.41904604
vt 0.21200047 0.4128611
vt 0.2349299 0.4977045
vt 0.23537852 0.49325
vt 0.23528725 0.48141968
vt 0.23540534 0.48802137
vt 0.23426199 0.47401547
vt 0.23291254 0.46547854
vt 0.23167127 0.45680428
vt 0.10858625 0.06417155
vt 0.13029844 0.09730089
vt 0.13377231 0.063958645
vt 0.1084286 0.108852744
vt 0.12095538 0.15887475
vt 0.09932724 0.15395331
vt 0.12652177 0.12247622
vt 0.11878337 0.19638062
vt 0.095335916 0.19443691
vt 0.11921514 0.23272312
vt 0.09447603 0.23252606
vt 0.14294943 0.352656
vt 0.1247168 0.3743031
vt 0.14378108 0.3699721
vt 0.12193912 0.35496104
vt 0.14425732 0.33190477
vt 0.12072855 0.3313378
vt 0.28646752 0.46586716
vt 0.28293088 0.44191515
vt 0.27909032 0.43804348
vt 0.2812103 0.44209802
vt 0.27471653 0.4378338
vt 0.26463112 0.46747446
vt 0.25987175 0.45877314
vt 0.2775617 0.43652558
vt 0.25894576 0.45392513
vt 0.2590553 0.450217
vt 0.26494917 0.4439031
vt 0.26449695 0.4422171
vt 0.26305822 0.44372022
vt 0.26621836 0.44261622
vt 0.2743957 0.43588698
vt 0.26229236 0.44997394
vt 0.26077396 0.4475366
vt 0.2600695 0.45009732
vt 0.26287177 0.447415
vt 0.27455944 0.4654827
vt 0.27708846 0.46160913
vt 0.2734794 0.4624939
vt 0.27893627 0.46394348
vt 0.26234186 0.45345497
vt 0.26098025 0.4578365
vt 0.2635455 0.45715714
vt 0.25996357 0.45360065
vt 0.25973564 0.4474572
vt 0.2606973 0.44513142
vt 0.27527383 0.46745968
vt 0.2690464 0.4677173
vt 0.28414813 0.46374857
vt 0.27992254 0.46549618
vt 0.28275 0.46255374
vt 0.28312644 0.45742
vt 0.28022483 0.4604385
vt 0.28596056 0.45904922
vt 0.28736943 0.45512366
vt 0.28450242 0.4539305
vt 0.2871606 0.45070255
vt 0.2845674 0.45002103
vt 0.28122246 0.4372766
vt 0.28455466 0.44129252
vt 0.26853278 0.46559978
vt 0.26812762 0.4622128
vt 0.14834243 0.39867198
vt 0.13319865 0.4047742
vt 0.16395856 0.3952309
vt 0.1795562 0.3940283
vt 0.2728167 0.39356673
vt 0.28594393 0.3929851
vt 0.30046928 0.39630818
vt 0.31759027 0.40247762
vt 0.3248842 0.41534495
vt 0.3287989 0.42717564
vt 0.3312397 0.43778622
vt 0.33275175 0.44744134
vt 0.33368492 0.45677912
vt 0.33419135 0.46569467
vt 0.33429423 0.47430933
vt 0.33388072 0.4826126
vt 0.3321184 0.49246252
vt 0.19534992 0.39424396
vt 0.23264675 0.49343956
vt 0.22990948 0.4977827
vt 0.2322601 0.4978006
vt 0.23014648 0.49372816
vt 0.22861756 0.4828943
vt 0.23241054 0.48836422
vt 0.23206122 0.48190534
vt 0.22962901 0.48879564
vt 0.23060615 0.4741757
vt 0.22678077 0.47466016
vt 0.22862808 0.46589482
vt 0.2245242 0.46661353
vt 0.22658584 0.457296
vt 0.22188674 0.45826888
vt 0.22448853 0.44838858
vt 0.21891493 0.44996572
vt 0.22186132 0.43871343
vt 0.21519718 0.4414357
vt 0.21015789 0.43251395
vt 0.21841127 0.4274987
vt 0.11230676 0.48876107
vt 0.10016664 0.48639417
vt 0.11740379 0.46040022
vt 0.101635836 0.46958196
vt 0.11370375 0.47422683
vt 0.106755845 0.45340168
vt 0.12360799 0.4472692
vt 0.11491212 0.43855357
vt 0.13192886 0.43572915
vt 0.12548323 0.42613268
vt 0.2617627 0.44547153
vt 0.26376432 0.4454341
vt 0.2599287 0.3964175
vt 0.26891363 0.43916464
vt 0.27017593 0.440251
vt 0.30345243 0.3850963
vt 0.32008502 0.38827157
vt 0.28800192 0.3830564
vt 0.27328247 0.383206
vt 0.25891948 0.3852371
vt 0.24683383 0.40139997
vt 0.23044242 0.44762743
vt 0.22958806 0.4376768
vt 0.22964063 0.42577052
vt 0.2320358 0.4102701
vt 0.22888666 0.3930683
vt 0.21188264 0.39487553
vt 0.2444337 0.38885105
vt 0.1885234 0.49593484
vt 0.16190913 0.35297346
vt 0.16186099 0.36812174
vt 0.17932332 0.3535924
vt 0.17903706 0.36742985
vt 0.19562788 0.35376585
vt 0.19534908 0.36685896
vt 0.2112216 0.3658607
vt 0.21113892 0.35240233
vt 0.2269227 0.36440718
vt 0.22644477 0.35092163
vt 0.25790665 0.36105287
vt 0.24173263 0.34963858
vt 0.24249129 0.3626517
vt 0.25731173 0.34794462
vt 0.27380714 0.359887
vt 0.2736962 0.3464657
vt 0.3238324 0.36295366
vt 0.30810615 0.34766078
vt 0.30685547 0.36099625
vt 0.32555377 0.3494326
vt 0.29071546 0.3465786
vt 0.29013684 0.35994744
vt 0.18050599 0.33995426
vt 0.16341701 0.33693993
vt 0.19629252 0.33998048
vt 0.21116051 0.33848155
vt 0.22593477 0.33665287
vt 0.24070404 0.33477473
vt 0.25612548 0.3328055
vt 0.2729735 0.33124316
vt 0.25956085 0.2986182
vt 0.24939272 0.3046651
vt 0.25367194 0.31643128
vt 0.27116996 0.31128037
vt 0.23740168 0.308805
vt 0.23924644 0.32043874
vt 0.22524498 0.3236773
vt 0.22458947 0.3125285
vt 0.21137679 0.31569624
vt 0.21127556 0.3261224
vt 0.19826367 0.3171246
vt 0.19720796 0.32724988
vt 0.18521333 0.31627226
vt 0.18258001 0.3261131
vt 0.1733614 0.31197762
vt 0.16723628 0.3205397
vt 0.16649036 0.28342485
vt 0.14940587 0.3052591
vt 0.1660935 0.30174398
vt 0.14965172 0.26742947
vt 0.118586764 0.41419327
vt 0.10439829 0.38208354
vt 0.098829396 0.3600433
vt 0.09583516 0.33313775
vt 0.120702565 0.26857197
vt 0.094476886 0.30209267
vt 0.121101126 0.30207264
vt 0.09411702 0.26853013
vt 0.1538701 0.09452295
vt 0.15849091 0.06302261
vt 0.14540486 0.15990424
vt 0.1492999 0.12514687
vt 0.14353357 0.19603717
vt 0.14477734 0.23020923
vt 0.17824133 0.26633644
vt 0.17171994 0.24807584
vt 0.1684311 0.22309256
vt 0.16756958 0.1949358
vt 0.19279793 0.236907
vt 0.19566137 0.25322878
vt 0.19136582 0.21619415
vt 0.19177292 0.19061267
vt 0.08559402 0.48358428
vt 0.087835394 0.46343124
vt 0.094523884 0.44428456
vt 0.10520978 0.42747378
vt 0.07336568 0.3705349
vt 0.0836668 0.3951342
vt 0.06930687 0.33816016
vt 0.06810709 0.3036269
vt 0.33162495 0.2985865
vt 0.31122014 0.31462872
vt 0.32930917 0.31785023
vt 0.3137146 0.2955277
vt 0.30943567 0.33231103
vt 0.32737342 0.33446348
vt 0.29131344 0.33100545
vt 0.29241142 0.31267297
vt 0.29603657 0.29298913
vt 0.27883533 0.29089606
vt 0.26823825 0.2870096
vt 0.2735734 0.27304816
vt 0.28366297 0.2716167
vt 0.26656798 0.25329578
vt 0.27393657 0.2624842
vt 0.2834445 0.24950337
vt 0.26886025 0.23808455
vt 0.21338004 0.23101318
vt 0.2142632 0.24664545
vt 0.23268192 0.24461925
vt 0.23338053 0.22946203
vt 0.25063875 0.24610996
vt 0.2521425 0.23154342
vt 0.33443943 0.27804947
vt 0.3162685 0.27511978
vt 0.29934362 0.2727841
vt 0.33783692 0.25683832
vt 0.31904012 0.253726
vt 0.27305153 0.21761012
vt 0.25525758 0.21356392
vt 0.2600023 0.19093978
vt 0.2786818 0.19436789
vt 0.23852627 0.18851292
vt 0.23518187 0.21137023
vt 0.21361236 0.21232009
vt 0.2156516 0.18816626
vt 0.3069879 0.22789097
vt 0.2957439 0.19842088
vt 0.28955963 0.22347009
vt 0.31279913 0.2026143
vt 0.3240539 0.2308842
vt 0.32968175 0.20679462
vt 0.34292015 0.23505342
vt 0.34956992 0.21267259
vt 0.3378231 0.18212092
vt 0.35807192 0.18958867
vt 0.3195725 0.17642748
vt 0.30206075 0.17177367
vt 0.26577088 0.16381216
vt 0.28444764 0.16759038
vt 0.24345377 0.16068637
vt 0.21944402 0.15916705
vt 0.19497184 0.15853405
vt 0.17017688 0.15932775
vt 0.34679723 0.15588188
vt 0.36858356 0.16521132
vt 0.32763618 0.1490848
vt 0.3095632 0.14351487
vt 0.2719054 0.13424265
vt 0.2912147 0.13876915
vt 0.24914578 0.12980056
vt 0.2248481 0.12662065
vt 0.19950743 0.12564242
vt 0.1740415 0.12535489
vt 0.38170806 0.13984
vt 0.37334293 0.09907472
vt 0.35987467 0.12891006
vt 0.39761075 0.11186969
vt 0.35019997 0.08935976
vt 0.33850458 0.12042487
vt 0.31849 0.113862514
vt 0.32867196 0.08218205
vt 0.29895225 0.108460665
vt 0.3080016 0.076568246
vt 0.27828136 0.10373962
vt 0.2858942 0.07166612
vt 0.25508112 0.0995599
vt 0.2619558 0.067626715
vt 0.23033789 0.096411705
vt 0.23660627 0.064689875
vt 0.20459287 0.094470024
vt 0.21063669 0.06294894
vt 0.17868689 0.093776464
vt 0.18416843 0.062386036
vt 0.3360458 0.4024614
vt 0.33708933 0.39015687
vt 0.33804268 0.4140973
vt 0.3396676 0.42546308
vt 0.34534714 0.3373723
vt 0.34768918 0.32072937
vt 0.3431093 0.35220397
vt 0.3408953 0.36567247
vt 0.34500414 0.4636947
vt 0.3458195 0.47262692
vt 0.34375072 0.45449972
vt 0.34226272 0.44521868
vt 0.34072495 0.4358678
vt 0.34617102 0.4814533
vt 0.34644127 0.49163973
vt 0.40486014 0.1542077
vt 0.42223725 0.12872052
vt 0.3905165 0.17727554
vt 0.37882996 0.19896662
vt 0.3694852 0.21973848
vt 0.36232376 0.24013805
vt 0.357157 0.26069736
vt 0.35332778 0.281296
vt 0.35018697 0.30166233
vt 0.07944211 0.1058892
vt 0.082545035 0.0580343
vt 0.074768476 0.15158379
vt 0.07139725 0.19374359
vt 0.07040878 0.23185205
vt 0.069556914 0.268497
vt 0.5355043 0.2667594
vt 0.56844145 0.3016746
vt 0.56911105 0.26478636
vt 0.5356772 0.2999648
vt 0.43083772 0.2729969
vt 0.4517144 0.29672945
vt 0.45143837 0.27266407
vt 0.43017945 0.2945832
vt 0.41021657 0.29179597
vt 0.41227213 0.2718848
vt 0.39098555 0.28837907
vt 0.39433798 0.26891243
vt 0.5317539 0.33131516
vt 0.5541213 0.36743617
vt 0.5629951 0.3364172
vt 0.52465415 0.35964835
vt 0.42336762 0.3376752
vt 0.4491851 0.31999052
vt 0.4275951 0.31646156
vt 0.4447333 0.34207022
vt 0.40721545 0.31269205
vt 0.40359917 0.33285713
vt 0.38783062 0.30880737
vt 0.38462427 0.32832074
vt 0.36887202 0.3050984
vt 0.36601552 0.3245089
vt 0.37210608 0.2847997
vt 0.3760462 0.2649355
vt 0.44172493 0.47173333
vt 0.4565047 0.48887694
vt 0.42060572 0.48117435
vt 0.38237208 0.4295298
vt 0.39194307 0.43889713
vt 0.3899138 0.4194504
vt 0.40227714 0.4284382
vt 0.3722955 0.42238355
vt 0.37753806 0.4123417
vt 0.3649258 0.40715206
vt 0.3618796 0.41737103
vt 0.35116938 0.40416753
vt 0.35045218 0.4150375
vt 0.54322666 0.39390862
vt 0.51527345 0.38465476
vt 0.4183505 0.35648823
vt 0.43878877 0.36224532
vt 0.39935204 0.3512224
vt 0.38122678 0.34549606
vt 0.50415945 0.4067669
vt 0.5163291 0.43766952
vt 0.5305494 0.4171908
vt 0.49169046 0.42598748
vt 0.4081854 0.3852737
vt 0.43247727 0.3789078
vt 0.41325206 0.3720535
vt 0.42603412 0.39296448
vt 0.39524183 0.3660971
vt 0.3910937 0.3790171
vt 0.3778326 0.36034513
vt 0.3744711 0.37352753
vt 0.46072808 0.45870495
vt 0.47998402 0.47381842
vt 0.41144323 0.41699827
vt 0.3969425 0.40828097
vt 0.38254577 0.4015789
vt 0.3679709 0.39661133
vt 0.3529746 0.39284778
vt 0.36044276 0.3561951
vt 0.35777348 0.3693142
vt 0.36320662 0.341604
vt 0.3985519 0.48557758
vt 0.37365794 0.43902552
vt 0.3805135 0.4481349
vt 0.366031 0.43159688
vt 0.35846686 0.42682397
vt 0.34990123 0.4253478
vt 0.35387012 0.45110857
vt 0.3592518 0.4386418
vt 0.35130405 0.44262528
vt 0.36375532 0.4463315
vt 0.35586262 0.43323255
vt 0.34957573 0.43445742
vt 0.4758179 0.29761338
vt 0.47491515 0.2715075
vt 0.47336385 0.32263744
vt 0.46846506 0.34635782
vt 0.46155807 0.3681028
vt 0.4535832 0.38672912
vt 0.44539735 0.40221965
vt 0.42639446 0.42827272
vt 0.41491678 0.43974328
vt 0.4019682 0.44991708
vt 0.38713503 0.45878732
vt 0.378193 0.48853767
vt 0.36105067 0.49028742
vt 0.37563407 0.47650445
vt 0.36004725 0.47979045
vt 0.35643238 0.46035755
vt 0.36818722 0.45556438
vt 0.3585739 0.46979797
vt 0.3721625 0.46547222
vt 0.50237745 0.26977718
vt 0.5032791 0.29874098
vt 0.50076973 0.3262577
vt 0.4950755 0.35199118
vt 0.4871294 0.37522256
vt 0.47761926 0.39554238
vt 0.4671737 0.4130932
vt 0.42784458 0.45394182
vt 0.44236547 0.44217658
vt 0.4118517 0.46343923
vt 0.39356244 0.47118437
vt 0.3258102 0.4965204
vt 0.2619815 0.44303226
vt 0.52998936 0.23002982
vt 0.5647804 0.22380006
vt 0.5172925 0.19197464
vt 0.5520976 0.17759371
vt 0.49762914 0.1560489
vt 0.5284723 0.13342857
vt 0.49748835 0.0955807
vt 0.47182742 0.12452972
vt 0.4426869 0.09878385
vt 0.46323526 0.066079974
vt 0.41380796 0.07929242
vt 0.42921364 0.044821978
vt 0.38716602 0.06554186
vt 0.3999525 0.031271458
vt 0.36213017 0.055274367
vt 0.3724789 0.021425724
vt 0.34000668 0.04798913
vt 0.35098046 0.014871836
vt 0.31867918 0.042250037
vt 0.3073406 0.0055561066
vt 0.2954917 0.03741932
vt 0.33131602 0.0100136995
vt 0.28088006 0.0025594234
vt 0.27044368 0.03378105
vt 0.2527103 0.0014983416
vt 0.24418561 0.03157282
vt 0.2245577 0.0023311377
vt 0.21708038 0.030753255
vt 0.1963301 0.0043480396
vt 0.18988115 0.030858636
vt 0.16866317 0.006937146
vt 0.16341096 0.031547308
vt 0.14133337 0.00968945
vt 0.13727543 0.031361938
vt 0.11469834 0.012112856
vt 0.1118449 0.026590705
vt 0.08784179 0.014013648
vt 0.4861354 0.20573652
vt 0.49754453 0.23740613
vt 0.46880195 0.1767509
vt 0.44719678 0.1505835
vt 0.38105777 0.24580455
vt 0.38798803 0.2275976
vt 0.3978671 0.21034396
vt 0.41084802 0.19202435
vt 0.42694652 0.17219794
vt 0.44585288 0.19380152
vt 0.42769468 0.20907617
vt 0.41332644 0.22274435
vt 0.40355715 0.23550332
vt 0.39818045 0.2511102
vt 0.46074054 0.21780145
vt 0.47011128 0.24411488
vt 0.44010833 0.22815168
vt 0.44767913 0.24946213
vt 0.4242217 0.23639238
vt 0.42909363 0.2532332
vt 0.41395178 0.2418617
vt 0.4135239 0.254349
vt 0.068533815 0.47986674
vt 0.07209697 0.455387
vt 0.08085208 0.432312
vt 0.094722204 0.41344404
vt 0.11133266 0.39973545
vt 0.12860967 0.39085054
vt 0.14572625 0.38519537
vt 0.16274606 0.38230896
vt 0.17928569 0.38097095
vt 0.19542569 0.38043714
vt 0.2115148 0.37981522
vt 0.22758317 0.37824905
vt 0.2431902 0.3757652
vt 0.2583945 0.37344265
vt 0.27363428 0.37205017
vt 0.2892792 0.3720261
vt 0.30536473 0.37333572
vt 0.32207114 0.37556636
vt 0.33886358 0.37811565
vt 0.3552345 0.38128054
vt 0.37119392 0.38548124
vt 0.38695556 0.3906319
vt 0.40275702 0.39722013
vt 0.4192712 0.40523064
vt 0.43644783 0.41578782
vt 0.45548636 0.42853284
vt 0.477302 0.4433061
vt 0.49971923 0.45653808
vt 0.06450327 0.41591382
vt 0.04260102 0.39033306
vt 0.0312436 0.43250704
vt 0.05394877 0.4453001
vt 0.027716687 0.470744
vt 0.048687674 0.47555983
vt 0.0082027335 0.3863014
vt 0.0028432088 0.4263941
vt 0.0015051138 0.46666205
vt 0.039900515 0.34426332
vt 0.0071085957 0.34398615
vt 0.05444082 0.056925535
vt 0.025283359 0.015136242
vt 0.024917489 0.057979822
vt 0.05588539 0.015104532
vt 0.052628655 0.104560256
vt 0.02473047 0.10483909
vt 0.0493349 0.15044713
vt 0.022869954 0.14943027
vt 0.04620932 0.19439697
vt 0.019943796 0.19074297
vt 0.043817148 0.23053718
vt 0.015922304 0.22803319
vt 0.041511837 0.26769185
vt 0.012223934 0.2657348
vt 0.039456315 0.30494523
vt 0.00870334 0.3039224
vt 0.8087665 0.5205916
vt 0.78703344 0.51511645
vt 0.811977 0.49492806
vt 0.79204327 0.4886822
vt 0.80003995 0.461738
vt 0.8214545 0.47072697
vt 0.83033717 0.4451121
vt 0.8095819 0.43518072
vt 0.8223631 0.410658
vt 0.84162813 0.42167717
vt 0.85430455 0.40036637
vt 0.83719015 0.38821858
vt 0.86984164 0.38116825
vt 0.85453415 0.36719525
vt 0.8884506 0.36467105
vt 0.8758763 0.34887207
vt 0.91174376 0.3500777
vt 0.90160835 0.3325987
vt 0.931627 0.3193934
vt 0.93905616 0.33881986
vt 0.96416146 0.31056106
vt 0.9696506 0.3323726
vt 0.99643505 0.30594957
vt 0.9983786 0.33004212
vt 0.78088856 0.37215
vt 0.8019547 0.39525527
vt 0.7946782 0.3533936
vt 0.81757194 0.37205482
vt 0.74770117 0.2780913
vt 0.7250854 0.937663
vt 0.72294796 0.95041937
vt 0.7280081 0.9376377
vt 0.7177591 0.9489539
vt 0.71429753 0.962677
vt 0.70955515 0.9553157
vt 0.69225514 0.97671854
vt 0.6887012 0.96789014
vt 0.67032117 0.97521186
vt 0.67256355 0.9842719
vt 0.6501228 0.979095
vt 0.6509104 0.98769504
vt 0.6308692 0.97736925
vt 0.63056004 0.98482764
vt 0.61847484 0.97078395
vt 0.6145884 0.9760224
vt 0.6138655 0.9662281
vt 0.6087739 0.9677002
vt 0.60931224 0.9397095
vt 0.60725653 0.9573382
vt 0.611735 0.9419853
vt 0.61147285 0.95808476
vt 0.6180865 0.924375
vt 0.62062335 0.92953086
vt 0.707747 0.92311066
vt 0.7223574 0.93013036
vt 0.7115992 0.9191849
vt 0.7245045 0.9281185
vt 0.63216674 0.9184781
vt 0.63366467 0.9257009
vt 0.647409 0.9141795
vt 0.64794517 0.9230813
vt 0.6641523 0.9197859
vt 0.66393715 0.9115415
vt 0.67888784 0.9204161
vt 0.68080485 0.91121346
vt 0.694463 0.9213688
vt 0.69693273 0.9136652
vt 0.7129939 0.9382607
vt 0.7004935 0.93206084
vt 0.6955417 0.94295514
vt 0.6805329 0.9594471
vt 0.66317385 0.9684988
vt 0.64994705 0.9711476
vt 0.63336277 0.97360355
vt 0.62259614 0.9673218
vt 0.61825943 0.96394503
vt 0.616462 0.94459486
vt 0.62006855 0.95725685
vt 0.6913493 0.9317424
vt 0.6775567 0.92954373
vt 0.66457397 0.92960465
vt 0.6488669 0.9318707
vt 0.63513964 0.9338202
vt 0.62411636 0.9346943
vt 0.67766064 0.9432229
vt 0.6737888 0.95195466
vt 0.63288665 0.946399
vt 0.64818496 0.9444378
vt 0.6618673 0.9428216
vt 0.63297796 0.9587309
vt 0.662729 0.9569143
vt 0.6483741 0.9590442
vt 0.3018458 0.2511425
vt 0.73137295 0.95998764
vt 0.71722627 0.9786829
vt 0.69552374 0.99176556
vt 0.67299473 0.9984984
vt 0.650939 0.9984984
vt 0.6289096 0.9956703
vt 0.608295 0.9859477
vt 0.598632 0.97195804
vt 0.59792626 0.9564768
vt 0.60539263 0.9368181
vt 0.6154884 0.91912997
vt 0.6293833 0.909493
vt 0.6465183 0.90385646
vt 0.6649678 0.90075594
vt 0.6838017 0.9006162
vt 0.7013272 0.90491396
vt 0.71657765 0.9131737
vt 0.7275972 0.925033
vt 0.73300016 0.93916327
vt 0.27765983 0.45787883
vt 0.27590635 0.45271623
vt 0.2748122 0.45462894
vt 0.27999917 0.45545173
vt 0.27142775 0.44214833
vt 0.27234542 0.444582
vt 0.27278048 0.44400525
vt 0.26979923 0.4425379
vt 0.28058055 0.44601488
vt 0.2764631 0.44849467
vt 0.2813392 0.44927895
vt 0.2759075 0.44645166
vt 0.27057505 0.44849563
vt 0.2665442 0.4457817
vt 0.26570922 0.4475242
vt 0.27100125 0.4471302
vt 0.2675501 0.44453406
vt 0.2714241 0.44611895
vt 0.27518368 0.44462407
vt 0.27875873 0.4426813
vt 0.2743993 0.4414996
vt 0.27404886 0.4436531
vt 0.26972094 0.45234895
vt 0.26514468 0.44988465
vt 0.26517513 0.45304585
vt 0.27013004 0.4503137
vt 0.2754237 0.45887697
vt 0.27364454 0.45534384
vt 0.26940703 0.45407367
vt 0.26962638 0.4587778
vt 0.27060598 0.45597553
vt 0.2661501 0.455966
vt 0.27187136 0.4452995
vt 0.26858672 0.44349945
vt 0.27244058 0.45604944
vt 0.27292156 0.45930886
vt 0.27654496 0.45068073
vt 0.28116688 0.4525602
vt 0.28354213 0.44617093
vt 0.2677509 0.44128656
vt 0.28746983 0.45982158
vt 0.27381873 0.4322381
vt 0.27882096 0.43411314
vt 0.2679124 0.43714786
vt 0.26546746 0.4392743
vt 0.28863612 0.45078337
vt 0.28720045 0.44621527
vt 0.2662264 0.4407723
vt 0.2857199 0.446445
vt 0.2635677 0.44109762
vt 0.26594594 0.4654243
vt 0.28890777 0.45549178
vt 0.2864708 0.44632292
vt 0.2837529 0.44158363
vt 0.28791457 0.4507439
vt 0.28816208 0.4553151
vt 0.28673467 0.45945013
vt 0.28345278 0.46316504
vt 0.26849514 0.43822587
vt 0.26589173 0.44007182
vt 0.261235 0.44529605
vt 0.2625432 0.4433782
vt 0.27413905 0.43418705
vt 0.27813447 0.43532717
vt 0.28019828 0.43761718
vt 0.25953293 0.4501618
vt 0.25941262 0.453781
vt 0.27490377 0.46646833
vt 0.27941725 0.46472108
vt 0.26878366 0.46666265
vt 0.2652512 0.46648383
vt 0.26039642 0.45835054
vt 0.26023874 0.44749343
vt 0.2640663 0.44168139
vt 0.21948577 0.49791336
vt 0.2148636 0.4914124
vt 0.2137111 0.491812
vt 0.2149842 0.49213147
vt 0.21358584 0.49103618
vt 0.21455413 0.48999035
vt 0.21378937 0.48957396
vt 0.2198376 0.4900216
vt 0.2161909 0.48455453
vt 0.21316679 0.48346245
vt 0.21418737 0.48900878
vt 0.21460971 0.48900914
vt 0.21500245 0.48926032
vt 0.21593589 0.4903804
vt 0.22021289 0.49516547
vt 0.2163668 0.4918157
vt 0.21638975 0.49250925
vt 0.21145867 0.48604393
vt 0.21053624 0.48814154
vt 0.21033353 0.49220455
vt 0.21052298 0.49502015
vt 0.21400815 0.49794364
vt 0.21422718 0.49552536
vt 0.21824397 0.4960736
vt 0.21351612 0.48607552
vt 0.21537776 0.48675358
vt 0.21822707 0.48999178
vt 0.21850723 0.49410415
vt 0.17260964 0.52347165
vt 0.17232311 0.5257641
vt 0.17405145 0.5233481
vt 0.17366287 0.5269639
vt 0.1730732 0.52101904
vt 0.1751196 0.5205716
vt 0.17656833 0.51669335
vt 0.17380144 0.5167191
vt 0.17420854 0.51233715
vt 0.17758888 0.5128943
vt 0.1744605 0.509446
vt 0.1780693 0.50998676
vt 0.17465882 0.5073339
vt 0.17850879 0.50747573
vt 0.17496027 0.5046643
vt 0.17903097 0.5046011
vt 0.17512734 0.502005
vt 0.17933823 0.5018612
vt 0.1709192 0.5022366
vt 0.17076461 0.50015014
vt 0.17514034 0.50014913
vt 0.17938915 0.50015014
vt 0.17105447 0.50493
vt 0.17087856 0.5073166
vt 0.17088573 0.50898314
vt 0.17078038 0.51193607
vt 0.17089875 0.51675344
vt 0.1710517 0.5213817
vt 0.17136423 0.52394915
vt 0.1767445 0.52791595
vt 0.17503026 0.52752614
vt 0.18237562 0.50599086
vt 0.18245529 0.5029775
vt 0.17903431 0.5046017
vt 0.17934044 0.50186133
vt 0.18167588 0.5090399
vt 0.17851183 0.5074763
vt 0.1810215 0.5121778
vt 0.17807263 0.5099873
vt 0.1801674 0.51526105
vt 0.17759249 0.5128951
vt 0.17905502 0.51818275
vt 0.17657301 0.5166948
vt 0.18042351 0.5219708
vt 0.18188359 0.51900625
vt 0.1766098 0.5240299
vt 0.1751232 0.520573
vt 0.17405562 0.52334905
vt 0.17791718 0.52104545
vt 0.17879918 0.5249853
vt 0.18226331 0.5001469
vt 0.17939109 0.50015014
vt 0.18541634 0.5032952
vt 0.18499622 0.5001447
vt 0.18323524 0.51601446
vt 0.18418941 0.51284087
vt 0.18497407 0.5096267
vt 0.18559638 0.5064461
vt 0.17402849 0.47694433
vt 0.1722971 0.47452807
vt 0.17258643 0.47682154
vt 0.17362899 0.47357845
vt 0.17509802 0.47971928
vt 0.17305161 0.4792744
vt 0.1765531 0.4836018
vt 0.1737848 0.4835763
vt 0.17419721 0.48795927
vt 0.17757836 0.48740137
vt 0.17445138 0.49084878
vt 0.17806044 0.49030447
vt 0.1746519 0.49295974
vt 0.17849967 0.49280894
vt 0.17495643 0.49563086
vt 0.17902516 0.4956895
vt 0.17512597 0.49829268
vt 0.17933606 0.49843776
vt 0.17091726 0.49806345
vt 0.17104973 0.49536908
vt 0.17087135 0.49298215
vt 0.17087716 0.49131548
vt 0.17076875 0.4883628
vt 0.17088185 0.48354435
vt 0.17102957 0.47891378
vt 0.17133935 0.47634506
vt 0.17671794 0.47237217
vt 0.17500345 0.47276318
vt 0.1790285 0.49568903
vt 0.18245196 0.4973142
vt 0.18236925 0.49429762
vt 0.1793385 0.49843764
vt 0.17850298 0.49280834
vt 0.18166673 0.4912479
vt 0.17806402 0.490304
vt 0.18101071 0.48811173
vt 0.17758197 0.48740053
vt 0.18015388 0.4850297
vt 0.17655781 0.48360038
vt 0.17903842 0.48210824
vt 0.18186618 0.4812814
vt 0.18040307 0.47831678
vt 0.17403263 0.47694325
vt 0.17510189 0.47971773
vt 0.17658627 0.4762596
vt 0.17789644 0.47924435
vt 0.1787757 0.47530234
vt 0.18541327 0.4969927
vt 0.18322085 0.48427272
vt 0.1841781 0.4874456
vt 0.18496495 0.49065912
vt 0.1855903 0.49383998
f 5/5 6/6 7/7
f 6/6 5/5 8/8
f 43/43 8/8 5/5
f 8/8 10/10 6/6
f 10/10 9/9 6/6
f 8/8 43/43 24/24
f 42/42 24/24 43/43
f 25/25 10/10 8/8
f 24/24 25/25 8/8
f 3/3 9/9 10/10
f 2/2 9/9 3/3
f 30/30 10/10 25/25
f 3/3 10/10 30/30
f 1/1 2/2 3/3
f 2/2 1/1 4/4
f 1/1 1026/1026 4/4
f 29/29 3/3 30/30
f 3/3 29/29 1/1
f 1026/1026 1/1 49/49
f 49/49 11/11 1026/1026
f 1/1 48/48 49/49
f 48/48 1/1 29/29
f 11/11 49/49 12/12
f 48/48 12/12 49/49
f 11/11 12/12 13/13
f 29/29 30/30 27/27
f 27/27 30/30 25/25
f 13/13 12/12 26/26
f 26/26 18/18 13/13
f 23/23 27/27 25/25
f 23/23 25/25 24/24
f 27/27 28/28 29/29
f 22/22 23/23 24/24
f 24/24 42/42 22/22
f 1021/1021 22/22 42/42
f 1015/1015 27/27 23/23
f 1015/1015 28/28 27/27
f 1017/1017 23/23 22/22
f 1017/1017 1015/1015 23/23
f 22/22 1021/1021 1019/1019
f 1019/1019 1017/1017 22/22
f 1020/1020 1018/1018 1021/1021
f 1018/1018 1019/1019 1021/1021
f 1018/1018 1016/1016 1019/1019
f 1016/1016 1017/1017 1019/1019
f 1016/1016 1014/1014 1017/1017
f 1014/1014 1015/1015 1017/1017
f 1014/1014 1013/1013 1015/1015
f 28/28 1015/1015 1013/1013
f 1013/1013 1014/1014 1012/1012
f 1010/1010 1013/1013 1012/1012
f 1010/1010 28/28 1013/1013
f 1012/1012 1011/1011 1010/1010
f 1008/1008 1010/1010 1011/1011
f 28/28 1010/1010 47/47
f 47/47 29/29 28/28
f 29/29 47/47 48/48
f 1010/1010 1008/1008 1009/1009
f 1009/1009 47/47 1010/1010
f 1025/1025 48/48 47/47
f 47/47 1009/1009 1025/1025
f 48/48 1025/1025 1024/1024
f 12/12 48/48 1024/1024
f 1023/1023 1025/1025 1009/1009
f 1023/1023 1024/1024 1025/1025
f 12/12 1024/1024 1022/1022
f 1024/1024 1023/1023 1022/1022
f 12/12 1022/1022 26/26
f 1006/1006 1023/1023 1009/1009
f 1008/1008 1006/1006 1009/1009
f 1006/1006 1008/1008 1007/1007
f 1004/1004 1006/1006 1007/1007
f 46/46 1022/1022 1023/1023
f 1006/1006 46/46 1023/1023
f 1006/1006 1004/1004 1005/1005
f 46/46 1006/1006 1005/1005
f 1004/1004 1002/1002 1005/1005
f 1002/1002 46/46 1005/1005
f 1002/1002 1004/1004 1003/1003
f 1000/1000 1002/1002 1003/1003
f 46/46 32/32 1022/1022
f 32/32 26/26 1022/1022
f 46/46 1002/1002 36/36
f 36/36 32/32 46/46
f 1002/1002 1000/1000 1001/1001
f 1001/1001 36/36 1002/1002
f 32/32 31/31 26/26
f 18/18 26/26 31/31
f 32/32 36/36 33/33
f 31/31 32/32 33/33
f 36/36 1001/1001 34/34
f 34/34 33/33 36/36
f 1000/1000 999/999 1001/1001
f 999/999 34/34 1001/1001
f 999/999 1000/1000 997/997
f 33/33 34/34 35/35
f 997/997 996/996 999/999
f 996/996 997/997 998/998
f 2164/2164 996/996 998/998
f 34/34 999/999 45/45
f 45/45 35/35 34/34
f 44/44 999/999 996/996
f 999/999 44/44 45/45
f 996/996 2164/2164 2165/2165
f 2165/2165 44/44 996/996
f 2166/2166 2165/2165 2164/2164
f 44/44 40/40 45/45
f 35/35 45/45 40/40
f 2165/2165 2166/2166 2167/2167
f 39/39 35/35 40/40
f 2166/2166 2168/2168 2167/2167
f 2168/2168 2166/2166 2169/2169
f 2170/2170 2168/2168 2169/2169
f 35/35 39/39 37/37
f 37/37 33/33 35/35
f 33/33 37/37 31/31
f 2168/2168 2170/2170 2171/2171
f 17/17 31/31 37/37
f 31/31 17/17 18/18
f 17/17 16/16 18/18
f 37/37 20/20 17/17
f 20/20 37/37 39/39
f 19/19 16/16 17/17
f 19/19 17/17 20/20
f 16/16 19/19 14/14
f 14/14 15/15 16/16
f 14/14 1231/1231 15/15
f 19/19 1231/1231 14/14
f 20/20 21/21 19/19
f 1231/1231 19/19 1232/1232
f 1232/1232 1233/1233 1231/1231
f 1234/1234 19/19 21/21
f 19/19 1234/1234 1232/1232
f 20/20 41/41 21/21
f 41/41 1234/1234 21/21
f 41/41 20/20 39/39
f 1234/1234 1250/1250 1232/1232
f 39/39 38/38 41/41
f 38/38 39/39 40/40
f 1234/1234 41/41 1251/1251
f 38/38 1251/1251 41/41
f 1250/1250 1234/1234 1251/1251
f 40/40 44/44 38/38
f 1251/1251 38/38 1252/1252
f 44/44 1252/1252 38/38
f 1248/1248 1251/1251 1252/1252
f 1251/1251 1248/1248 1250/1250
f 1252/1252 44/44 1255/1255
f 1255/1255 1248/1248 1252/1252
f 44/44 2165/2165 1255/1255
f 2165/2165 1247/1247 1255/1255
f 1248/1248 1255/1255 1247/1247
f 1247/1247 2165/2165 2167/2167
f 1246/1246 1250/1250 1248/1248
f 1247/1247 1246/1246 1248/1248
f 2167/2167 1249/1249 1247/1247
f 1246/1246 1247/1247 1249/1249
f 1249/1249 2167/2167 2168/2168
f 1250/1250 1246/1246 1245/1245
f 1245/1245 1232/1232 1250/1250
f 1232/1232 1245/1245 1233/1233
f 1249/1249 1244/1244 1246/1246
f 1244/1244 1245/1245 1246/1246
f 2168/2168 1256/1256 1249/1249
f 1244/1244 1249/1249 1256/1256
f 1256/1256 2168/2168 2171/2171
f 1239/1239 1233/1233 1245/1245
f 1245/1245 1244/1244 1239/1239
f 1233/1233 1239/1239 1229/1229
f 2188/2188 1239/1239 1244/1244
f 1256/1256 2188/2188 1244/1244
f 1229/1229 1239/1239 1230/1230
f 1239/1239 2188/2188 1230/1230
f 1228/1228 1229/1229 1230/1230
f 2188/2188 1256/1256 2189/2189
f 1259/1259 1228/1228 1230/1230
f 1228/1228 1259/1259 2192/2192
f 1230/1230 2188/2188 2190/2190
f 2188/2188 2189/2189 2190/2190
f 1230/1230 1258/1258 1259/1259
f 1258/1258 1230/1230 2190/2190
f 1219/1219 2192/2192 1259/1259
f 1258/1258 1219/1219 1259/1259
f 2192/2192 1219/1219 1221/1221
f 1219/1219 1218/1218 1221/1221
f 2190/2190 2191/2191 1258/1258
f 2189/2189 2191/2191 2190/2190
f 1218/1218 1219/1219 1220/1220
f 1220/1220 1226/1226 1218/1218
f 1219/1219 1258/1258 1241/1241
f 1241/1241 1220/1220 1219/1219
f 2191/2191 1257/1257 1258/1258
f 1257/1257 1241/1241 1258/1258
f 1226/1226 1220/1220 1227/1227
f 1227/1227 1224/1224 1226/1226
f 1220/1220 1241/1241 1243/1243
f 1243/1243 1227/1227 1220/1220
f 1223/1223 1225/1225 1224/1224
f 1222/1222 1223/1223 1224/1224
f 1224/1224 1227/1227 1222/1222
f 1223/1223 1222/1222 1253/1253
f 1227/1227 1243/1243 1238/1238
f 1238/1238 1222/1222 1227/1227
f 1253/1253 1222/1222 1235/1235
f 1222/1222 1238/1238 1235/1235
f 1253/1253 1235/1235 1254/1254
f 1240/1240 1238/1238 1243/1243
f 1241/1241 1240/1240 1243/1243
f 1236/1236 1235/1235 1238/1238
f 1238/1238 1240/1240 1236/1236
f 1254/1254 1235/1235 1237/1237
f 1235/1235 1236/1236 1237/1237
f 1254/1254 1237/1237 2186/2186
f 2186/2186 2185/2185 2187/2187
f 2185/2185 2186/2186 2184/2184
f 2186/2186 1237/1237 2184/2184
f 2184/2184 2183/2183 2185/2185
f 1237/1237 2182/2182 2184/2184
f 2183/2183 2184/2184 2182/2182
f 2182/2182 1237/1237 1236/1236
f 2182/2182 2180/2180 2183/2183
f 1236/1236 2181/2181 2182/2182
f 2180/2180 2182/2182 2181/2181
f 2181/2181 1236/1236 1240/1240
f 2180/2180 2181/2181 2179/2179
f 2178/2178 2180/2180 2179/2179
f 2181/2181 1240/1240 1242/1242
f 2179/2179 2181/2181 1242/1242
f 1240/1240 1241/1241 1242/1242
f 1257/1257 1242/1242 1241/1241
f 2177/2177 2178/2178 2179/2179
f 2177/2177 2179/2179 1242/1242
f 2177/2177 1242/1242 1257/1257
f 2178/2178 2177/2177 2176/2176
f 2174/2174 2176/2176 2177/2177
f 2175/2175 2177/2177 1257/1257
f 2174/2174 2177/2177 2175/2175
f 2191/2191 2175/2175 1257/1257
f 2189/2189 2175/2175 2191/2191
f 2172/2172 2174/2174 2175/2175
f 2175/2175 2189/2189 2172/2172
f 2174/2174 2172/2172 2173/2173
f 1256/1256 2172/2172 2189/2189
f 2172/2172 2170/2170 2173/2173
f 2172/2172 1256/1256 2171/2171
f 2170/2170 2172/2172 2171/2171
f 860/860 861/861 862/862
f 862/862 861/861 863/863
f 861/861 860/860 859/859
f 858/858 859/859 860/860
f 861/861 864/864 863/863
f 859/859 858/858 857/857
f 742/742 857/857 858/858
f 859/859 896/896 861/861
f 861/861 896/896 864/864
f 857/857 894/894 859/859
f 896/896 859/859 894/894
f 857/857 742/742 739/739
f 740/740 739/739 742/742
f 894/894 857/857 895/895
f 739/739 895/895 857/857
f 739/739 740/740 741/741
f 754/754 741/741 740/740
f 895/895 739/739 843/843
f 741/741 843/843 739/739
f 741/741 754/754 751/751
f 752/752 751/751 754/754
f 843/843 741/741 844/844
f 751/751 844/844 741/741
f 751/751 752/752 753/753
f 781/781 753/753 752/752
f 844/844 751/751 845/845
f 753/753 845/845 751/751
f 753/753 781/781 782/782
f 790/790 782/782 781/781
f 845/845 753/753 846/846
f 782/782 846/846 753/753
f 782/782 790/790 787/787
f 788/788 787/787 790/790
f 846/846 782/782 847/847
f 787/787 847/847 782/782
f 787/787 788/788 789/789
f 965/965 789/789 788/788
f 847/847 787/787 848/848
f 789/789 848/848 787/787
f 789/789 965/965 964/964
f 800/800 964/964 965/965
f 848/848 789/789 849/849
f 964/964 849/849 789/789
f 964/964 800/800 799/799
f 770/770 799/799 800/800
f 849/849 964/964 963/963
f 799/799 963/963 964/964
f 799/799 770/770 767/767
f 768/768 767/767 770/770
f 963/963 799/799 851/851
f 850/850 799/799 767/767
f 799/799 850/850 851/851
f 767/767 768/768 769/769
f 767/767 852/852 850/850
f 852/852 767/767 769/769
f 830/830 851/851 850/850
f 831/831 850/850 852/852
f 850/850 831/831 830/830
f 829/829 963/963 851/851
f 851/851 830/830 829/829
f 963/963 829/829 962/962
f 962/962 849/849 963/963
f 774/774 829/829 830/830
f 849/849 962/962 828/828
f 828/828 848/848 849/849
f 801/801 962/962 829/829
f 829/829 774/774 801/801
f 961/961 828/828 962/962
f 962/962 801/801 961/961
f 848/848 828/828 827/827
f 828/828 961/961 794/794
f 794/794 827/827 828/828
f 826/826 848/848 827/827
f 848/848 826/826 847/847
f 827/827 794/794 791/791
f 791/791 826/826 827/827
f 960/960 794/794 961/961
f 792/792 791/791 794/794
f 794/794 960/960 792/792
f 802/802 961/961 801/801
f 961/961 802/802 960/960
f 801/801 771/771 802/802
f 771/771 801/801 774/774
f 802/802 959/959 960/960
f 772/772 771/771 774/774
f 830/830 772/772 774/774
f 772/772 830/830 831/831
f 771/771 803/803 802/802
f 959/959 802/802 803/803
f 832/832 772/772 831/831
f 796/796 960/960 959/959
f 960/960 796/796 792/792
f 831/831 853/853 832/832
f 853/853 831/831 852/852
f 852/852 810/810 853/853
f 810/810 852/852 769/769
f 837/837 832/832 853/853
f 769/769 809/809 810/810
f 809/809 769/769 768/768
f 833/833 853/853 810/810
f 853/853 833/833 837/837
f 836/836 810/810 809/809
f 810/810 836/836 833/833
f 1967/1967 809/809 768/768
f 2006/2006 836/836 809/809
f 809/809 1967/1967 2006/2006
f 768/768 1965/1965 1967/1967
f 1965/1965 768/768 1966/1966
f 2046/2046 2006/2006 1967/1967
f 1965/1965 2046/2046 1967/1967
f 1966/1966 1996/1996 1965/1965
f 1996/1996 1966/1966 1997/1997
f 2046/2046 1965/1965 2044/2044
f 1996/1996 2044/2044 1965/1965
f 2006/2006 2046/2046 2047/2047
f 1997/1997 2135/2135 1996/1996
f 2135/2135 1997/1997 2136/2136
f 2044/2044 2027/2027 2046/2046
f 2027/2027 2047/2047 2046/2046
f 2136/2136 1987/1987 2135/2135
f 1987/1987 2136/2136 1985/1985
f 2134/2134 1996/1996 2135/2135
f 1985/1985 1984/1984 1987/1987
f 1984/1984 1985/1985 1986/1986
f 2043/2043 2135/2135 1987/1987
f 2135/2135 2043/2043 2134/2134
f 2042/2042 1987/1987 1984/1984
f 1987/1987 2042/2042 2043/2043
f 1986/1986 1979/1979 1984/1984
f 1979/1979 1986/1986 1978/1978
f 1984/1984 2041/2041 2042/2042
f 2041/2041 1984/1984 1979/1979
f 1978/1978 1952/1952 1979/1979
f 1952/1952 1978/1978 1950/1950
f 1979/1979 2040/2040 2041/2041
f 2040/2040 1979/1979 1952/1952
f 1950/1950 1949/1949 1952/1952
f 1949/1949 1950/1950 1951/1951
f 1952/1952 2039/2039 2040/2040
f 2039/2039 1952/1952 1949/1949
f 1951/1951 1940/1940 1949/1949
f 1940/1940 1951/1951 1938/1938
f 1949/1949 2038/2038 2039/2039
f 2038/2038 1949/1949 1940/1940
f 1938/1938 1937/1937 1940/1940
f 1937/1937 1938/1938 1939/1939
f 1940/1940 2037/2037 2038/2038
f 2037/2037 1940/1940 1937/1937
f 1939/1939 2050/2050 1937/1937
f 2050/2050 1939/1939 2051/2051
f 1937/1937 2088/2088 2037/2037
f 2088/2088 1937/1937 2050/2050
f 2051/2051 2052/2052 2050/2050
f 2052/2052 2051/2051 2053/2053
f 2050/2050 2087/2087 2088/2088
f 2087/2087 2050/2050 2052/2052
f 2053/2053 2054/2054 2052/2052
f 2054/2054 2053/2053 2055/2055
f 2056/2056 2054/2054 2055/2055
f 2089/2089 2052/2052 2054/2054
f 2052/2052 2089/2089 2087/2087
f 2054/2054 2056/2056 2057/2057
f 2057/2057 2089/2089 2054/2054
f 2057/2057 2056/2056 2058/2058
f 2056/2056 2059/2059 2058/2058
f 2089/2089 2057/2057 2090/2090
f 2058/2058 2090/2090 2057/2057
f 2096/2096 2087/2087 2089/2089
f 2090/2090 2096/2096 2089/2089
f 2058/2058 2059/2059 2060/2060
f 2059/2059 2061/2061 2060/2060
f 2090/2090 2058/2058 1923/1923
f 2060/2060 1923/1923 2058/2058
f 2096/2096 2090/2090 2095/2095
f 1923/1923 2095/2095 2090/2090
f 2087/2087 2096/2096 2101/2101
f 2101/2101 2088/2088 2087/2087
f 2095/2095 2097/2097 2096/2096
f 2097/2097 2101/2101 2096/2096
f 2088/2088 2101/2101 2102/2102
f 2102/2102 2037/2037 2088/2088
f 2097/2097 2103/2103 2101/2101
f 2103/2103 2102/2102 2101/2101
f 2037/2037 2102/2102 2019/2019
f 2019/2019 2038/2038 2037/2037
f 2102/2102 2103/2103 2104/2104
f 2104/2104 2019/2019 2102/2102
f 2038/2038 2019/2019 2018/2018
f 2018/2018 2039/2039 2038/2038
f 2019/2019 2104/2104 1943/1943
f 1943/1943 2018/2018 2019/2019
f 2039/2039 2018/2018 2020/2020
f 2020/2020 2040/2040 2039/2039
f 2018/2018 1943/1943 1942/1942
f 1942/1942 2020/2020 2018/2018
f 2040/2040 2020/2020 2021/2021
f 2021/2021 2041/2041 2040/2040
f 2020/2020 1942/1942 1954/1954
f 1954/1954 2021/2021 2020/2020
f 2041/2041 2021/2021 2022/2022
f 2022/2022 2042/2042 2041/2041
f 2021/2021 1954/1954 1956/1956
f 1956/1956 2022/2022 2021/2021
f 1944/1944 1954/1954 1942/1942
f 2042/2042 2022/2022 2023/2023
f 1942/1942 1941/1941 1944/1944
f 1941/1941 1942/1942 1943/1943
f 2024/2024 2042/2042 2023/2023
f 2042/2042 2024/2024 2043/2043
f 1943/1943 2106/2106 1941/1941
f 2106/2106 1943/1943 2104/2104
f 2133/2133 2043/2043 2024/2024
f 2043/2043 2133/2133 2134/2134
f 2104/2104 2105/2105 2106/2106
f 2105/2105 2104/2104 2103/2103
f 2103/2103 2098/2098 2105/2105
f 2098/2098 2103/2103 2097/2097
f 2107/2107 2106/2106 2105/2105
f 2098/2098 2107/2107 2105/2105
f 2106/2106 2107/2107 2108/2108
f 2093/2093 2098/2098 2097/2097
f 1946/1946 2106/2106 2108/2108
f 2106/2106 1946/1946 1941/1941
f 2107/2107 2100/2100 2108/2108
f 1945/1945 1941/1941 1946/1946
f 1941/1941 1945/1945 1944/1944
f 2108/2108 1948/1948 1946/1946
f 1948/1948 2108/2108 2100/2100
f 1946/1946 1947/1947 1945/1945
f 1947/1947 1946/1946 1948/1948
f 1945/1945 1955/1955 1944/1944
f 1954/1954 1944/1944 1955/1955
f 1955/1955 1945/1945 1957/1957
f 1947/1947 1957/1957 1945/1945
f 1953/1953 1954/1954 1955/1955
f 1955/1955 1957/1957 1953/1953
f 1954/1954 1953/1953 1956/1956
f 1957/1957 1947/1947 1959/1959
f 1953/1953 1957/1957 1958/1958
f 1957/1957 1959/1959 1958/1958
f 1980/1980 1956/1956 1953/1953
f 1953/1953 1958/1958 1980/1980
f 1956/1956 1980/1980 1981/1981
f 2022/2022 1956/1956 1981/1981
f 1980/1980 1958/1958 1982/1982
f 1989/1989 2022/2022 1981/1981
f 2022/2022 1989/1989 2023/2023
f 1990/1990 1981/1981 1980/1980
f 1981/1981 1990/1990 1989/1989
f 1980/1980 1982/1982 1990/1990
f 1991/1991 2023/2023 1989/1989
f 2023/2023 1991/1991 2024/2024
f 1988/1988 1989/1989 1990/1990
f 1989/1989 1988/1988 1991/1991
f 2132/2132 2024/2024 1991/1991
f 2024/2024 2132/2132 2133/2133
f 2131/2131 1991/1991 1988/1988
f 1991/1991 2131/2131 2132/2132
f 1990/1990 1992/1992 1988/1988
f 1990/1990 1982/1982 1992/1992
f 1988/1988 1993/1993 2131/2131
f 1988/1988 1992/1992 1993/1993
f 1999/1999 2132/2132 2131/2131
f 2131/2131 1993/1993 2130/2130
f 2131/2131 2130/2130 1999/1999
f 1992/1992 1994/1994 1993/1993
f 2132/2132 1999/1999 1998/1998
f 1998/1998 2133/2133 2132/2132
f 1992/1992 1983/1983 1994/1994
f 1982/1982 1983/1983 1992/1992
f 2133/2133 1998/1998 2025/2025
f 2025/2025 2134/2134 2133/2133
f 1982/1982 1960/1960 1983/1983
f 1958/1958 1960/1960 1982/1982
f 1958/1958 1959/1959 1960/1960
f 2134/2134 2025/2025 2045/2045
f 1996/1996 2134/2134 2045/2045
f 2044/2044 1996/1996 2045/2045
f 2045/2045 2026/2026 2044/2044
f 2026/2026 2045/2045 2025/2025
f 2027/2027 2044/2044 2026/2026
f 2025/2025 1971/1971 2026/2026
f 1971/1971 2025/2025 1998/1998
f 2026/2026 1969/1969 2027/2027
f 1969/1969 2026/2026 1971/1971
f 1998/1998 1970/1970 1971/1971
f 1969/1969 1971/1971 1970/1970
f 1970/1970 1998/1998 1999/1999
f 1969/1969 2028/2028 2027/2027
f 2047/2047 2027/2027 2028/2028
f 1999/1999 2000/2000 1970/1970
f 1999/1999 2130/2130 2000/2000
f 1968/1968 1969/1969 1970/1970
f 2130/2130 2129/2129 2000/2000
f 1968/1968 2008/2008 1969/1969
f 1969/1969 2008/2008 2028/2028
f 2130/2130 1995/1995 2129/2129
f 1993/1993 1995/1995 2130/2130
f 1993/1993 1994/1994 1995/1995
f 1994/1994 2003/2003 1995/1995
f 1995/1995 2004/2004 2129/2129
f 1995/1995 2003/2003 2004/2004
f 1994/1994 2005/2005 2003/2003
f 1983/1983 2005/2005 1994/1994
f 2003/2003 1913/1913 2004/2004
f 2005/2005 1913/1913 2003/2003
f 1983/1983 1962/1962 2005/2005
f 1960/1960 1962/1962 1983/1983
f 1913/1913 2005/2005 1911/1911
f 1962/1962 1911/1911 2005/2005
f 1960/1960 1961/1961 1962/1962
f 1959/1959 1961/1961 1960/1960
f 1947/1947 1961/1961 1959/1959
f 1911/1911 1962/1962 1912/1912
f 1961/1961 1912/1912 1962/1962
f 1961/1961 1947/1947 1963/1963
f 1948/1948 1963/1963 1947/1947
f 1912/1912 1961/1961 1930/1930
f 1963/1963 1930/1930 1961/1961
f 1825/1825 1911/1911 1912/1912
f 1930/1930 1825/1825 1912/1912
f 1963/1963 1948/1948 1964/1964
f 2100/2100 1964/1964 1948/1948
f 1930/1930 1963/1963 1929/1929
f 1964/1964 1929/1929 1963/1963
f 1929/1929 1823/1823 1930/1930
f 1825/1825 1930/1930 1823/1823
f 1929/1929 1964/1964 1928/1928
f 1911/1911 1825/1825 1828/1828
f 1828/1828 1913/1913 1911/1911
f 1964/1964 2100/2100 2091/2091
f 2091/2091 1928/1928 1964/1964
f 2100/2100 2099/2099 2091/2091
f 2100/2100 2107/2107 2099/2099
f 2107/2107 2098/2098 2099/2099
f 2092/2092 2099/2099 2098/2098
f 2099/2099 2092/2092 2091/2091
f 2098/2098 2093/2093 2092/2092
f 2091/2091 2092/2092 1927/1927
f 1928/1928 2091/2091 1927/1927
f 1926/1926 2092/2092 2093/2093
f 2092/2092 1926/1926 1927/1927
f 1928/1928 1846/1846 1929/1929
f 1823/1823 1929/1929 1846/1846
f 1928/1928 1927/1927 1849/1849
f 1846/1846 1928/1928 1849/1849
f 1927/1927 1926/1926 1865/1865
f 1927/1927 1865/1865 1849/1849
f 1846/1846 1826/1826 1823/1823
f 1849/1849 1847/1847 1846/1846
f 1826/1826 1846/1846 1847/1847
f 1863/1863 1849/1849 1865/1865
f 1847/1847 1849/1849 1850/1850
f 1849/1849 1863/1863 1850/1850
f 1848/1848 1826/1826 1847/1847
f 1847/1847 1850/1850 1848/1848
f 1824/1824 1823/1823 1826/1826
f 1823/1823 1824/1824 1825/1825
f 1826/1826 1848/1848 1831/1831
f 1831/1831 1824/1824 1826/1826
f 1850/1850 2256/2256 1848/1848
f 1827/1827 1825/1825 1824/1824
f 1825/1825 1827/1827 1828/1828
f 1850/1850 1859/1859 2256/2256
f 1859/1859 1850/1850 1863/1863
f 1827/1827 1762/1762 1828/1828
f 1913/1913 1828/1828 1762/1762
f 1824/1824 1829/1829 1827/1827
f 1762/1762 1914/1914 1913/1913
f 2004/2004 1913/1913 1914/1914
f 1762/1762 1827/1827 1760/1760
f 1829/1829 1760/1760 1827/1827
f 1914/1914 1762/1762 1759/1759
f 1760/1760 1759/1759 1762/1762
f 2004/2004 1914/1914 2128/2128
f 2129/2129 2004/2004 2128/2128
f 1759/1759 2127/2127 1914/1914
f 2128/2128 1914/1914 2127/2127
f 2129/2129 2128/2128 2001/2001
f 2000/2000 2129/2129 2001/2001
f 2127/2127 2002/2002 2128/2128
f 2001/2001 2128/2128 2002/2002
f 2000/2000 2001/2001 1973/1973
f 1970/1970 2000/2000 1973/1973
f 1973/1973 2001/2001 1974/1974
f 2001/2001 2002/2002 1974/1974
f 1972/1972 1970/1970 1973/1973
f 1973/1973 1974/1974 1972/1972
f 1970/1970 1972/1972 1968/1968
f 1974/1974 2002/2002 1976/1976
f 1972/1972 1974/1974 1975/1975
f 1976/1976 1975/1975 1974/1974
f 2002/2002 2127/2127 1908/1908
f 1908/1908 1976/1976 2002/2002
f 2126/2126 1908/1908 2127/2127
f 2127/2127 1759/1759 2126/2126
f 1976/1976 1908/1908 1907/1907
f 1761/1761 2126/2126 1759/1759
f 1759/1759 1760/1760 1761/1761
f 1908/1908 2126/2126 1730/1730
f 1730/1730 1907/1907 1908/1908
f 2126/2126 1761/1761 2125/2125
f 2125/2125 1730/1730 2126/2126
f 1763/1763 1761/1761 1760/1760
f 1760/1760 1829/1829 1763/1763
f 1764/1764 2125/2125 1761/1761
f 1761/1761 1763/1763 1764/1764
f 1730/1730 2125/2125 1729/1729
f 2125/2125 1764/1764 2124/2124
f 2124/2124 1729/1729 2125/2125
f 1758/1758 1764/1764 1763/1763
f 1757/1757 2124/2124 1764/1764
f 1764/1764 1758/1758 1757/1757
f 1772/1772 1763/1763 1829/1829
f 1763/1763 1772/1772 1758/1758
f 1830/1830 1772/1772 1829/1829
f 1829/1829 1824/1824 1830/1830
f 1824/1824 1831/1831 1830/1830
f 1771/1771 1758/1758 1772/1772
f 1832/1832 1830/1830 1831/1831
f 1772/1772 1830/1830 1776/1776
f 1830/1830 1832/1832 1776/1776
f 1775/1775 1772/1772 1776/1776
f 1772/1772 1775/1775 1771/1771
f 1776/1776 1832/1832 1773/1773
f 1775/1775 1776/1776 1773/1773
f 1773/1773 1832/1832 1833/1833
f 1773/1773 1774/1774 1775/1775
f 1832/1832 1834/1834 1833/1833
f 1777/1777 1775/1775 1774/1774
f 1834/1834 1832/1832 1835/1835
f 1831/1831 1835/1835 1832/1832
f 1835/1835 1831/1831 1848/1848
f 1835/1835 1837/1837 1834/1834
f 1848/1848 2256/2256 1835/1835
f 1837/1837 1835/1835 1838/1838
f 2256/2256 1838/1838 1835/1835
f 1836/1836 1837/1837 1838/1838
f 2256/2256 1861/1861 1838/1838
f 1838/1838 1839/1839 1836/1836
f 1838/1838 1861/1861 1839/1839
f 1844/1844 1836/1836 1839/1839
f 1861/1861 2256/2256 1859/1859
f 1839/1839 1845/1845 1844/1844
f 1861/1861 1851/1851 1839/1839
f 1839/1839 1851/1851 1845/1845
f 1859/1859 1860/1860 1861/1861
f 1843/1843 1844/1844 1845/1845
f 1844/1844 1843/1843 1842/1842
f 1860/1860 1859/1859 1862/1862
f 1863/1863 1862/1862 1859/1859
f 1854/1854 1861/1861 1860/1860
f 1861/1861 1854/1854 1851/1851
f 1862/1862 1863/1863 1864/1864
f 1853/1853 1851/1851 1854/1854
f 1866/1866 1864/1864 1863/1863
f 1865/1865 1866/1866 1863/1863
f 1926/1926 1866/1866 1865/1865
f 1851/1851 1853/1853 1852/1852
f 1851/1851 1852/1852 1845/1845
f 1926/1926 1925/1925 1866/1866
f 2093/2093 1925/1925 1926/1926
f 1856/1856 1845/1845 1852/1852
f 1845/1845 1856/1856 1843/1843
f 1925/1925 2093/2093 2094/2094
f 2097/2097 2094/2094 2093/2093
f 2097/2097 2095/2095 2094/2094
f 1922/1922 2094/2094 2095/2095
f 2095/2095 1923/1923 1922/1922
f 2094/2094 1924/1924 1925/1925
f 2094/2094 1922/1922 1924/1924
f 1890/1890 1922/1922 1923/1923
f 1923/1923 2060/2060 1890/1890
f 1922/1922 1890/1890 1887/1887
f 1887/1887 1924/1924 1922/1922
f 1890/1890 2060/2060 1888/1888
f 1888/1888 1887/1887 1890/1890
f 1868/1868 1925/1925 1924/1924
f 1925/1925 1868/1868 1866/1866
f 1924/1924 1887/1887 1878/1878
f 1924/1924 1878/1878 1868/1868
f 1889/1889 1878/1878 1887/1887
f 1887/1887 1888/1888 1889/1889
f 1877/1877 1868/1868 1878/1878
f 1878/1878 1889/1889 1877/1877
f 1867/1867 1866/1866 1868/1868
f 1868/1868 1877/1877 1867/1867
f 1866/1866 1867/1867 1864/1864
f 1892/1892 1877/1877 1889/1889
f 1869/1869 1864/1864 1867/1867
f 1864/1864 1869/1869 1862/1862
f 1879/1879 1867/1867 1877/1877
f 1867/1867 1879/1879 1869/1869
f 1877/1877 1892/1892 1879/1879
f 1870/1870 1862/1862 1869/1869
f 1862/1862 1870/1870 1860/1860
f 1880/1880 1869/1869 1879/1879
f 1869/1869 1880/1880 1870/1870
f 1879/1879 1892/1892 1880/1880
f 1872/1872 1860/1860 1870/1870
f 1860/1860 1872/1872 1854/1854
f 1882/1882 1870/1870 1880/1880
f 1870/1870 1882/1882 1872/1872
f 1892/1892 1893/1893 1880/1880
f 1880/1880 1893/1893 1882/1882
f 1871/1871 1854/1854 1872/1872
f 1854/1854 1871/1871 1853/1853
f 1881/1881 1872/1872 1882/1882
f 1872/1872 1881/1881 1871/1871
f 1893/1893 1895/1895 1882/1882
f 1882/1882 1895/1895 1881/1881
f 1892/1892 1891/1891 1893/1893
f 1889/1889 1891/1891 1892/1892
f 1891/1891 1889/1889 1888/1888
f 1893/1893 1894/1894 1895/1895
f 1891/1891 1894/1894 1893/1893
f 1888/1888 2062/2062 1891/1891
f 2060/2060 2062/2062 1888/1888
f 2060/2060 2061/2061 2062/2062
f 2061/2061 2063/2063 2062/2062
f 2062/2062 2064/2064 1891/1891
f 2062/2062 2063/2063 2064/2064
f 1891/1891 2064/2064 1894/1894
f 2063/2063 2065/2065 2064/2064
f 2064/2064 2065/2065 2066/2066
f 2064/2064 2066/2066 1894/1894
f 2065/2065 2067/2067 2066/2066
f 2071/2071 2066/2066 2067/2067
f 2066/2066 2071/2071 2068/2068
f 2068/2068 1894/1894 2066/2066
f 2069/2069 2068/2068 2071/2071
f 1894/1894 2068/2068 1896/1896
f 1894/1894 1896/1896 1895/1895
f 2068/2068 2069/2069 2070/2070
f 2070/2070 1896/1896 2068/2068
f 2072/2072 2070/2070 2069/2069
f 1895/1895 1896/1896 1897/1897
f 1895/1895 1897/1897 1881/1881
f 1896/1896 2070/2070 1898/1898
f 1896/1896 1898/1898 1897/1897
f 2070/2070 2072/2072 2073/2073
f 2073/2073 1898/1898 2070/2070
f 2074/2074 2073/2073 2072/2072
f 1881/1881 1897/1897 1883/1883
f 1883/1883 1871/1871 1881/1881
f 2073/2073 2074/2074 2075/2075
f 2076/2076 2075/2075 2074/2074
f 1898/1898 2073/2073 1900/1900
f 2075/2075 1900/1900 2073/2073
f 1897/1897 1898/1898 1899/1899
f 1898/1898 1900/1900 1899/1899
f 1897/1897 1899/1899 1883/1883
f 2075/2075 2076/2076 2077/2077
f 2078/2078 2077/2077 2076/2076
f 1900/1900 2075/2075 1902/1902
f 2077/2077 1902/1902 2075/2075
f 1899/1899 1900/1900 1901/1901
f 1900/1900 1902/1902 1901/1901
f 2077/2077 2078/2078 2079/2079
f 2080/2080 2079/2079 2078/2078
f 1902/1902 2077/2077 1904/1904
f 2079/2079 1904/1904 2077/2077
f 2079/2079 2080/2080 2081/2081
f 2082/2082 2081/2081 2080/2080
f 1904/1904 2079/2079 1906/1906
f 2081/2081 1906/1906 2079/2079
f 1902/1902 1904/1904 1903/1903
f 1901/1901 1902/1902 1903/1903
f 1904/1904 1906/1906 1905/1905
f 1903/1903 1904/1904 1905/1905
f 1906/1906 2081/2081 1802/1802
f 1802/1802 1905/1905 1906/1906
f 2081/2081 2082/2082 2083/2083
f 2083/2083 1802/1802 2081/2081
f 2084/2084 2083/2083 2082/2082
f 1905/1905 1802/1802 1801/1801
f 2083/2083 2084/2084 2085/2085
f 2084/2084 2086/2086 2085/2085
f 1802/1802 2083/2083 1616/1616
f 1616/1616 1801/1801 1802/1802
f 2083/2083 2085/2085 1614/1614
f 1616/1616 2083/2083 1614/1614
f 2085/2085 2086/2086 1932/1932
f 1614/1614 2085/2085 1932/1932
f 2151/2151 1932/1932 2086/2086
f 1614/1614 1615/1615 1616/1616
f 1801/1801 1616/1616 1615/1615
f 1932/1932 2151/2151 2148/2148
f 2149/2149 2148/2148 2151/2151
f 2148/2148 2149/2149 2150/2150
f 1614/1614 1932/1932 1931/1931
f 2148/2148 1931/1931 1932/1932
f 2150/2150 2152/2152 2148/2148
f 1931/1931 2148/2148 2152/2152
f 2152/2152 2150/2150 2153/2153
f 1617/1617 1614/1614 1931/1931
f 1615/1615 1614/1614 1617/1617
f 2153/2153 2154/2154 2152/2152
f 2154/2154 2153/2153 2155/2155
f 2154/2154 2155/2155 2157/2157
f 2152/2152 1933/1933 1931/1931
f 1933/1933 2152/2152 2154/2154
f 2156/2156 2154/2154 2157/2157
f 2156/2156 2157/2157 2159/2159
f 2154/2154 1934/1934 1933/1933
f 1934/1934 2154/2154 2156/2156
f 1619/1619 1931/1931 1933/1933
f 1931/1931 1619/1619 1617/1617
f 1622/1622 1933/1933 1934/1934
f 1933/1933 1622/1622 1619/1619
f 2156/2156 1935/1935 1934/1934
f 2158/2158 2156/2156 2159/2159
f 1935/1935 2156/2156 2158/2158
f 2158/2158 2159/2159 2161/2161
f 1624/1624 1934/1934 1935/1935
f 1934/1934 1624/1624 1622/1622
f 2158/2158 1936/1936 1935/1935
f 2160/2160 2158/2158 2161/2161
f 1936/1936 2158/2158 2160/2160
f 2161/2161 2162/2162 2160/2160
f 2162/2162 2161/2161 2163/2163
f 2160/2160 1822/1822 1936/1936
f 1822/1822 2160/2160 2162/2162
f 1800/1800 1935/1935 1936/1936
f 1935/1935 1800/1800 1624/1624
f 1798/1798 1936/1936 1822/1822
f 1936/1936 1798/1798 1800/1800
f 2162/2162 1821/1821 1822/1822
f 1821/1821 1798/1798 1822/1822
f 2163/2163 2146/2146 2162/2162
f 1821/1821 2162/2162 2146/2146
f 2146/2146 2163/2163 2147/2147
f 2143/2143 2146/2146 2147/2147
f 1798/1798 1797/1797 1800/1800
f 1797/1797 1624/1624 1800/1800
f 2146/2146 2143/2143 2138/2138
f 1797/1797 1623/1623 1624/1624
f 1623/1623 1622/1622 1624/1624
f 2143/2143 2139/2139 2138/2138
f 2139/2139 2143/2143 2144/2144
f 1622/1622 1623/1623 1621/1621
f 1621/1621 1619/1619 1622/1622
f 2144/2144 2141/2141 2139/2139
f 2141/2141 2144/2144 2145/2145
f 977/977 2141/2141 2145/2145
f 1619/1619 1621/1621 1618/1618
f 1618/1618 1617/1617 1619/1619
f 2141/2141 977/977 972/972
f 1617/1617 1618/1618 1620/1620
f 1617/1617 1620/1620 1615/1615
f 1805/1805 1618/1618 1621/1621
f 1804/1804 1615/1615 1620/1620
f 1615/1615 1804/1804 1801/1801
f 1905/1905 1801/1801 1804/1804
f 1803/1803 1620/1620 1618/1618
f 1620/1620 1803/1803 1804/1804
f 1618/1618 1805/1805 1803/1803
f 1886/1886 1905/1905 1804/1804
f 1903/1903 1905/1905 1886/1886
f 1876/1876 1804/1804 1803/1803
f 1804/1804 1876/1876 1886/1886
f 1885/1885 1903/1903 1886/1886
f 1901/1901 1903/1903 1885/1885
f 1875/1875 1886/1886 1876/1876
f 1886/1886 1875/1875 1885/1885
f 1803/1803 1810/1810 1876/1876
f 1810/1810 1803/1803 1805/1805
f 1876/1876 1814/1814 1875/1875
f 1814/1814 1876/1876 1810/1810
f 1884/1884 1901/1901 1885/1885
f 1899/1899 1901/1901 1884/1884
f 1883/1883 1899/1899 1884/1884
f 1874/1874 1885/1885 1875/1875
f 1885/1885 1874/1874 1884/1884
f 1884/1884 1873/1873 1883/1883
f 1873/1873 1884/1884 1874/1874
f 1871/1871 1883/1883 1873/1873
f 1873/1873 1853/1853 1871/1871
f 1853/1853 1873/1873 1855/1855
f 1874/1874 1855/1855 1873/1873
f 1855/1855 1852/1852 1853/1853
f 1852/1852 1855/1855 1856/1856
f 1855/1855 1874/1874 1858/1858
f 1858/1858 1856/1856 1855/1855
f 1875/1875 1858/1858 1874/1874
f 1858/1858 1875/1875 1814/1814
f 1856/1856 1858/1858 1857/1857
f 1814/1814 1857/1857 1858/1858
f 1857/1857 1843/1843 1856/1856
f 1857/1857 1814/1814 1813/1813
f 1810/1810 1813/1813 1814/1814
f 1843/1843 1857/1857 1840/1840
f 1813/1813 1840/1840 1857/1857
f 1840/1840 1842/1842 1843/1843
f 1842/1842 1840/1840 1841/1841
f 1813/1813 1810/1810 1809/1809
f 1805/1805 1809/1809 1810/1810
f 1840/1840 1813/1813 1811/1811
f 1840/1840 1811/1811 1841/1841
f 1809/1809 1811/1811 1813/1813
f 1811/1811 1812/1812 1841/1841
f 1809/1809 1805/1805 1806/1806
f 1621/1621 1806/1806 1805/1805
f 1806/1806 1621/1621 1623/1623
f 1811/1811 1809/1809 1808/1808
f 1811/1811 1808/1808 1812/1812
f 1806/1806 1808/1808 1809/1809
f 1808/1808 1807/1807 1812/1812
f 1792/1792 1806/1806 1623/1623
f 1808/1808 1806/1806 1792/1792
f 1808/1808 1792/1792 1807/1807
f 1792/1792 1623/1623 1797/1797
f 1789/1789 1807/1807 1792/1792
f 1799/1799 1792/1792 1797/1797
f 1797/1797 1798/1798 1799/1799
f 1790/1790 1789/1789 1792/1792
f 1792/1792 1799/1799 1790/1790
f 1789/1789 1790/1790 1791/1791
f 1796/1796 1799/1799 1798/1798
f 1798/1798 1821/1821 1796/1796
f 1788/1788 1791/1791 1790/1790
f 1791/1791 1788/1788 1787/1787
f 1799/1799 1629/1629 1790/1790
f 1629/1629 1788/1788 1790/1790
f 1799/1799 1796/1796 1630/1630
f 1629/1629 1799/1799 1630/1630
f 1795/1795 1630/1630 1796/1796
f 1795/1795 1796/1796 1821/1821
f 1628/1628 1629/1629 1630/1630
f 1630/1630 1795/1795 1628/1628
f 1795/1795 1821/1821 1819/1819
f 2146/2146 1819/1819 1821/1821
f 1819/1819 2146/2146 2138/2138
f 1794/1794 1628/1628 1795/1795
f 1794/1794 1795/1795 1819/1819
f 2137/2137 1819/1819 2138/2138
f 2139/2139 2137/2137 2138/2138
f 1794/1794 1819/1819 1820/1820
f 1819/1819 2137/2137 1820/1820
f 2137/2137 2139/2139 2140/2140
f 2141/2141 2140/2140 2139/2139
f 2137/2137 2112/2112 1820/1820
f 2140/2140 2141/2141 2142/2142
f 972/972 2142/2142 2141/2141
f 2140/2140 2111/2111 2137/2137
f 2112/2112 2137/2137 2111/2111
f 2142/2142 2110/2110 2140/2140
f 2111/2111 2140/2140 2110/2110
f 2113/2113 1820/1820 2112/2112
f 2113/2113 1794/1794 1820/1820
f 2111/2111 1818/1818 2112/2112
f 2113/2113 1626/1626 1794/1794
f 1628/1628 1794/1794 1626/1626
f 1793/1793 2113/2113 2112/2112
f 1793/1793 2112/2112 1818/1818
f 1626/1626 2113/2113 2114/2114
f 1793/1793 2114/2114 2113/2113
f 1626/1626 1625/1625 1628/1628
f 1629/1629 1628/1628 1625/1625
f 2114/2114 1627/1627 1626/1626
f 1625/1625 1626/1626 1627/1627
f 1625/1625 1766/1766 1629/1629
f 1788/1788 1629/1629 1766/1766
f 1627/1627 1743/1743 1625/1625
f 1766/1766 1625/1625 1743/1743
f 1766/1766 1786/1786 1788/1788
f 1786/1786 1787/1787 1788/1788
f 1787/1787 1786/1786 1785/1785
f 1743/1743 1765/1765 1766/1766
f 1786/1786 1766/1766 1765/1765
f 1784/1784 1785/1785 1786/1786
f 1785/1785 1784/1784 1783/1783
f 1767/1767 1786/1786 1765/1765
f 1786/1786 1767/1767 1784/1784
f 1782/1782 1783/1783 1784/1784
f 1782/1782 1781/1781 1783/1783
f 1768/1768 1784/1784 1767/1767
f 1768/1768 1782/1782 1784/1784
f 1779/1779 1781/1781 1782/1782
f 1779/1779 1780/1780 1781/1781
f 1769/1769 1782/1782 1768/1768
f 1769/1769 1779/1779 1782/1782
f 1780/1780 1779/1779 1778/1778
f 1777/1777 1780/1780 1778/1778
f 1775/1775 1777/1777 1778/1778
f 1778/1778 1771/1771 1775/1775
f 1779/1779 1770/1770 1778/1778
f 1771/1771 1778/1778 1770/1770
f 1770/1770 1779/1779 1769/1769
f 1770/1770 1756/1756 1771/1771
f 1758/1758 1771/1771 1756/1756
f 1756/1756 1757/1757 1758/1758
f 1769/1769 1754/1754 1770/1770
f 1756/1756 1770/1770 1754/1754
f 1757/1757 1756/1756 1753/1753
f 1754/1754 1753/1753 1756/1756
f 1754/1754 1769/1769 1752/1752
f 1768/1768 1752/1752 1769/1769
f 1753/1753 1754/1754 1755/1755
f 1752/1752 1755/1755 1754/1754
f 1753/1753 2123/2123 1757/1757
f 2124/2124 1757/1757 2123/2123
f 1752/1752 1768/1768 1750/1750
f 1750/1750 1768/1768 1767/1767
f 2123/2123 1731/1731 2124/2124
f 1729/1729 2124/2124 1731/1731
f 2123/2123 1753/1753 2122/2122
f 1755/1755 2122/2122 1753/1753
f 1731/1731 2123/2123 1732/1732
f 2122/2122 1732/1732 2123/2123
f 1731/1731 1682/1682 1729/1729
f 2122/2122 1755/1755 2121/2121
f 1732/1732 1681/1681 1731/1731
f 1682/1682 1731/1731 1681/1681
f 1732/1732 2122/2122 1733/1733
f 2121/2121 1733/1733 2122/2122
f 1681/1681 1732/1732 1680/1680
f 1733/1733 1680/1680 1732/1732
f 1751/1751 2121/2121 1755/1755
f 1755/1755 1752/1752 1751/1751
f 1750/1750 1751/1751 1752/1752
f 1733/1733 2121/2121 1741/1741
f 2121/2121 1751/1751 2120/2120
f 2120/2120 1741/1741 2121/2121
f 1751/1751 1750/1750 1749/1749
f 1749/1749 2120/2120 1751/1751
f 1741/1741 1726/1726 1733/1733
f 1680/1680 1733/1733 1726/1726
f 1741/1741 2120/2120 1739/1739
f 1726/1726 1325/1325 1680/1680
f 1726/1726 1741/1741 1734/1734
f 1739/1739 1734/1734 1741/1741
f 1325/1325 1726/1726 1528/1528
f 1734/1734 1528/1528 1726/1726
f 1327/1327 1680/1680 1325/1325
f 1680/1680 1327/1327 1681/1681
f 1528/1528 1326/1326 1325/1325
f 1329/1329 1681/1681 1327/1327
f 1681/1681 1329/1329 1682/1682
f 1325/1325 1324/1324 1327/1327
f 1324/1324 1325/1325 1326/1326
f 1327/1327 1328/1328 1329/1329
f 1328/1328 1327/1327 1324/1324
f 1329/1329 1331/1331 1682/1682
f 1330/1330 1329/1329 1328/1328
f 1329/1329 1330/1330 1331/1331
f 1324/1324 1381/1381 1328/1328
f 1328/1328 1383/1383 1330/1330
f 1383/1383 1328/1328 1381/1381
f 1381/1381 1324/1324 1380/1380
f 1326/1326 1380/1380 1324/1324
f 1381/1381 1382/1382 1383/1383
f 1380/1380 1379/1379 1381/1381
f 1382/1382 1381/1381 1379/1379
f 1380/1380 1326/1326 1391/1391
f 1379/1379 1380/1380 1377/1377
f 1391/1391 1377/1377 1380/1380
f 1379/1379 1384/1384 1382/1382
f 1377/1377 1376/1376 1379/1379
f 1384/1384 1379/1379 1376/1376
f 1377/1377 1391/1391 1390/1390
f 1376/1376 1377/1377 1378/1378
f 1390/1390 1378/1378 1377/1377
f 1326/1326 1369/1369 1391/1391
f 1369/1369 1390/1390 1391/1391
f 1369/1369 1326/1326 1527/1527
f 1326/1326 1528/1528 1527/1527
f 1390/1390 1369/1369 1367/1367
f 1526/1526 1527/1527 1528/1528
f 1528/1528 1734/1734 1526/1526
f 1529/1529 1369/1369 1527/1527
f 1527/1527 1526/1526 1529/1529
f 1369/1369 1529/1529 1368/1368
f 1368/1368 1367/1367 1369/1369
f 1526/1526 1599/1599 1529/1529
f 1529/1529 1553/1553 1368/1368
f 1529/1529 1599/1599 1553/1553
f 1367/1367 1368/1368 1366/1366
f 1368/1368 1553/1553 1366/1366
f 1526/1526 1602/1602 1599/1599
f 1734/1734 1602/1602 1526/1526
f 1601/1601 1553/1553 1599/1599
f 1734/1734 1738/1738 1602/1602
f 1600/1600 1599/1599 1602/1602
f 1599/1599 1600/1600 1601/1601
f 1738/1738 1600/1600 1602/1602
f 1734/1734 1739/1739 1738/1738
f 1598/1598 1601/1601 1600/1600
f 1600/1600 1738/1738 1737/1737
f 1600/1600 1736/1736 1598/1598
f 1736/1736 1600/1600 1737/1737
f 1601/1601 1598/1598 1597/1597
f 1738/1738 1713/1713 1737/1737
f 1597/1597 1552/1552 1601/1601
f 1552/1552 1553/1553 1601/1601
f 1738/1738 1606/1606 1713/1713
f 1739/1739 1606/1606 1738/1738
f 1552/1552 1375/1375 1553/1553
f 1375/1375 1366/1366 1553/1553
f 1606/1606 1739/1739 1740/1740
f 1366/1366 1375/1375 1362/1362
f 1739/1739 2119/2119 1740/1740
f 2119/2119 1739/1739 2120/2120
f 2120/2120 1749/1749 2119/2119
f 2119/2119 1693/1693 1740/1740
f 1749/1749 2118/2118 2119/2119
f 1693/1693 2119/2119 2118/2118
f 1604/1604 1740/1740 1693/1693
f 1740/1740 1604/1604 1606/1606
f 2118/2118 1679/1679 1693/1693
f 1693/1693 1578/1578 1604/1604
f 1578/1578 1693/1693 1679/1679
f 1604/1604 1603/1603 1606/1606
f 1578/1578 1605/1605 1604/1604
f 1603/1603 1604/1604 1605/1605
f 1606/1606 1603/1603 1712/1712
f 1606/1606 1712/1712 1713/1713
f 1605/1605 1468/1468 1603/1603
f 1547/1547 1712/1712 1603/1603
f 1468/1468 1547/1547 1603/1603
f 1713/1713 1712/1712 1711/1711
f 1712/1712 1547/1547 1590/1590
f 1712/1712 1590/1590 1711/1711
f 1713/1713 1711/1711 1710/1710
f 1710/1710 1737/1737 1713/1713
f 1737/1737 1710/1710 1736/1736
f 1710/1710 1711/1711 1709/1709
f 1708/1708 1736/1736 1710/1710
f 1710/1710 1709/1709 1708/1708
f 1736/1736 1708/1708 1735/1735
f 1735/1735 1598/1598 1736/1736
f 1711/1711 1399/1399 1709/1709
f 1711/1711 1590/1590 1399/1399
f 1598/1598 1735/1735 1577/1577
f 1577/1577 1597/1597 1598/1598
f 1706/1706 1735/1735 1708/1708
f 1613/1613 1577/1577 1735/1735
f 1735/1735 1706/1706 1613/1613
f 1597/1597 1577/1577 1574/1574
f 1708/1708 1707/1707 1706/1706
f 1707/1707 1708/1708 1709/1709
f 1574/1574 1589/1589 1597/1597
f 1552/1552 1597/1597 1589/1589
f 1709/1709 1401/1401 1707/1707
f 1401/1401 1709/1709 1399/1399
f 1589/1589 1374/1374 1552/1552
f 1374/1374 1375/1375 1552/1552
f 1399/1399 1398/1398 1401/1401
f 1374/1374 1371/1371 1375/1375
f 1371/1371 1362/1362 1375/1375
f 1398/1398 1399/1399 1400/1400
f 1590/1590 1400/1400 1399/1399
f 1590/1590 1591/1591 1400/1400
f 1591/1591 1590/1590 1547/1547
f 1400/1400 1502/1502 1398/1398
f 1546/1546 1591/1591 1547/1547
f 1468/1468 1546/1546 1547/1547
f 1591/1591 1503/1503 1400/1400
f 1400/1400 1503/1503 1502/1502
f 1591/1591 1592/1592 1503/1503
f 1592/1592 1591/1591 1546/1546
f 1501/1501 1502/1502 1503/1503
f 1592/1592 1501/1501 1503/1503
f 1546/1546 1468/1468 1465/1465
f 1546/1546 1549/1549 1592/1592
f 1465/1465 1549/1549 1546/1546
f 1549/1549 1593/1593 1592/1592
f 1592/1592 1593/1593 1501/1501
f 1466/1466 1465/1465 1468/1468
f 1468/1468 1605/1605 1466/1466
f 1549/1549 1465/1465 1500/1500
f 1580/1580 1466/1466 1605/1605
f 1605/1605 1578/1578 1580/1580
f 1465/1465 1466/1466 1467/1467
f 1467/1467 1500/1500 1465/1465
f 1466/1466 1580/1580 1469/1469
f 1469/1469 1467/1467 1466/1466
f 1500/1500 1548/1548 1549/1549
f 1593/1593 1549/1549 1548/1548
f 1500/1500 1467/1467 1498/1498
f 1548/1548 1594/1594 1593/1593
f 1593/1593 1594/1594 1501/1501
f 1548/1548 1500/1500 1497/1497
f 1498/1498 1497/1497 1500/1500
f 1594/1594 1548/1548 1550/1550
f 1497/1497 1550/1550 1548/1548
f 1471/1471 1498/1498 1467/1467
f 1467/1467 1469/1469 1471/1471
f 1497/1497 1498/1498 1499/1499
f 1550/1550 1497/1497 1511/1511
f 1499/1499 1511/1511 1497/1497
f 1498/1498 1471/1471 1496/1496
f 1496/1496 1499/1499 1498/1498
f 1511/1511 1551/1551 1550/1550
f 1551/1551 1594/1594 1550/1550
f 1511/1511 1499/1499 1512/1512
f 1499/1499 1496/1496 1495/1495
f 1495/1495 1512/1512 1499/1499
f 1471/1471 1493/1493 1496/1496
f 1493/1493 1495/1495 1496/1496
f 1512/1512 1287/1287 1511/1511
f 1551/1551 1511/1511 1287/1287
f 1512/1512 1495/1495 1513/1513
f 1287/1287 1512/1512 1289/1289
f 1513/1513 1289/1289 1512/1512
f 1495/1495 1493/1493 1492/1492
f 1492/1492 1513/1513 1495/1495
f 1493/1493 1471/1471 1470/1470
f 1469/1469 1470/1470 1471/1471
f 1491/1491 1492/1492 1493/1493
f 1470/1470 1491/1491 1493/1493
f 1470/1470 1469/1469 1472/1472
f 1580/1580 1472/1472 1469/1469
f 1491/1491 1470/1470 1473/1473
f 1472/1472 1473/1473 1470/1470
f 1472/1472 1580/1580 1579/1579
f 1578/1578 1579/1579 1580/1580
f 1473/1473 1472/1472 1474/1474
f 1579/1579 1474/1474 1472/1472
f 1579/1579 1578/1578 1581/1581
f 1679/1679 1581/1581 1578/1578
f 1474/1474 1579/1579 1582/1582
f 1581/1581 1582/1582 1579/1579
f 1474/1474 1544/1544 1473/1473
f 1581/1581 1679/1679 1678/1678
f 1582/1582 1545/1545 1474/1474
f 1544/1544 1474/1474 1545/1545
f 1582/1582 1581/1581 1583/1583
f 1678/1678 1583/1583 1581/1581
f 1545/1545 1582/1582 1584/1584
f 1583/1583 1584/1584 1582/1582
f 2117/2117 1678/1678 1679/1679
f 1679/1679 2118/2118 2117/2117
f 1583/1583 1678/1678 1676/1676
f 1748/1748 2117/2117 2118/2118
f 2118/2118 1749/1749 1748/1748
f 1678/1678 2117/2117 2116/2116
f 2116/2116 1676/1676 1678/1678
f 2117/2117 1748/1748 1746/1746
f 1746/1746 2116/2116 2117/2117
f 1749/1749 1747/1747 1748/1748
f 1747/1747 1746/1746 1748/1748
f 1747/1747 1749/1749 1750/1750
f 1750/1750 1767/1767 1747/1747
f 1765/1765 1747/1747 1767/1767
f 1747/1747 1765/1765 1745/1745
f 1746/1746 1747/1747 1745/1745
f 1765/1765 1743/1743 1745/1745
f 1745/1745 1744/1744 1746/1746
f 1744/1744 1745/1745 1743/1743
f 2116/2116 1746/1746 1744/1744
f 1743/1743 1627/1627 1744/1744
f 1744/1744 2115/2115 2116/2116
f 2115/2115 1744/1744 1627/1627
f 1676/1676 2116/2116 2115/2115
f 1627/1627 2114/2114 2115/2115
f 1677/1677 2115/2115 2114/2114
f 2115/2115 1677/1677 1676/1676
f 2114/2114 1793/1793 1677/1677
f 1585/1585 1676/1676 1677/1677
f 1676/1676 1585/1585 1583/1583
f 1584/1584 1583/1583 1585/1585
f 1723/1723 1677/1677 1793/1793
f 1677/1677 1723/1723 1585/1585
f 1723/1723 1793/1793 1818/1818
f 1585/1585 1722/1722 1584/1584
f 1722/1722 1585/1585 1723/1723
f 1723/1723 1818/1818 1721/1721
f 1722/1722 1723/1723 1721/1721
f 1817/1817 1721/1721 1818/1818
f 1818/1818 2111/2111 1817/1817
f 2110/2110 1817/1817 2111/2111
f 1475/1475 1584/1584 1722/1722
f 1584/1584 1475/1475 1545/1545
f 1817/1817 2110/2110 1816/1816
f 1477/1477 1545/1545 1475/1475
f 1545/1545 1477/1477 1544/1544
f 1721/1721 1817/1817 1719/1719
f 1816/1816 1719/1719 1817/1817
f 1721/1721 1720/1720 1722/1722
f 1720/1720 1721/1721 1719/1719
f 1722/1722 1478/1478 1475/1475
f 1478/1478 1722/1722 1720/1720
f 1476/1476 1475/1475 1478/1478
f 1475/1475 1476/1476 1477/1477
f 1720/1720 1480/1480 1478/1478
f 1719/1719 1716/1716 1720/1720
f 1480/1480 1720/1720 1716/1716
f 1717/1717 1716/1716 1719/1719
f 1719/1719 1816/1816 1717/1717
f 1718/1718 1480/1480 1716/1716
f 1716/1716 1717/1717 1718/1718
f 1482/1482 1478/1478 1480/1480
f 1478/1478 1482/1482 1476/1476
f 1480/1480 1718/1718 1481/1481
f 1480/1480 1479/1479 1482/1482
f 1479/1479 1480/1480 1481/1481
f 1484/1484 1476/1476 1482/1482
f 1485/1485 1482/1482 1479/1479
f 1482/1482 1485/1485 1484/1484
f 1476/1476 1484/1484 1489/1489
f 1489/1489 1477/1477 1476/1476
f 1483/1483 1484/1484 1485/1485
f 1477/1477 1489/1489 1490/1490
f 1490/1490 1544/1544 1477/1477
f 1486/1486 1489/1489 1484/1484
f 1484/1484 1483/1483 1486/1486
f 1544/1544 1490/1490 1543/1543
f 1543/1543 1473/1473 1544/1544
f 1473/1473 1543/1543 1491/1491
f 1543/1543 1494/1494 1491/1491
f 1492/1492 1491/1491 1494/1494
f 1490/1490 1542/1542 1543/1543
f 1494/1494 1543/1543 1542/1542
f 1494/1494 1274/1274 1492/1492
f 1513/1513 1492/1492 1274/1274
f 1542/1542 1272/1272 1494/1494
f 1274/1274 1494/1494 1272/1272
f 1542/1542 1490/1490 1488/1488
f 1489/1489 1488/1488 1490/1490
f 1274/1274 1518/1518 1513/1513
f 1289/1289 1513/1513 1518/1518
f 1487/1487 1488/1488 1489/1489
f 1489/1489 1486/1486 1487/1487
f 1488/1488 1541/1541 1542/1542
f 1272/1272 1542/1542 1541/1541
f 1487/1487 1271/1271 1488/1488
f 1541/1541 1488/1488 1271/1271
f 1486/1486 1270/1270 1487/1487
f 1270/1270 1271/1271 1487/1487
f 1267/1267 1270/1270 1486/1486
f 1483/1483 1267/1267 1486/1486
f 1270/1270 1269/1269 1271/1271
f 1271/1271 1539/1539 1541/1541
f 1539/1539 1271/1271 1269/1269
f 1541/1541 1275/1275 1272/1272
f 1275/1275 1541/1541 1539/1539
f 1272/1272 1273/1273 1274/1274
f 1273/1273 1272/1272 1275/1275
f 1518/1518 1274/1274 1273/1273
f 1539/1539 1521/1521 1275/1275
f 1275/1275 1520/1520 1273/1273
f 1520/1520 1275/1275 1521/1521
f 1273/1273 1519/1519 1518/1518
f 1519/1519 1273/1273 1520/1520
f 1288/1288 1518/1518 1519/1519
f 1518/1518 1288/1288 1289/1289
f 1288/1288 1287/1287 1289/1289
f 1519/1519 2462/2462 1288/1288
f 1286/1286 1287/1287 1288/1288
f 2462/2462 1286/1286 1288/1288
f 1286/1286 1551/1551 1287/1287
f 2462/2462 1519/1519 2463/2463
f 1520/1520 2463/2463 1519/1519
f 1286/1286 2462/2462 2482/2482
f 2463/2463 2482/2482 2462/2462
f 1596/1596 1551/1551 1286/1286
f 2482/2482 1596/1596 1286/1286
f 1551/1551 1596/1596 1595/1595
f 1595/1595 1594/1594 1551/1551
f 1596/1596 2482/2482 1515/1515
f 1515/1515 1595/1595 1596/1596
f 1594/1594 1595/1595 1509/1509
f 1509/1509 1501/1501 1594/1594
f 1595/1595 1515/1515 1514/1514
f 1514/1514 1509/1509 1595/1595
f 1501/1501 1509/1509 1510/1510
f 1509/1509 1514/1514 1510/1510
f 1501/1501 1510/1510 1504/1504
f 1502/1502 1501/1501 1504/1504
f 1514/1514 1517/1517 1510/1510
f 1502/1502 1504/1504 1506/1506
f 1514/1514 1516/1516 1517/1517
f 1514/1514 1515/1515 1516/1516
f 1504/1504 1510/1510 1508/1508
f 1504/1504 1508/1508 1506/1506
f 1510/1510 1517/1517 1282/1282
f 1510/1510 1282/1282 1508/1508
f 1517/1517 1516/1516 1285/1285
f 1517/1517 1285/1285 1282/1282
f 1515/1515 2477/2477 1516/1516
f 2477/2477 1515/1515 2482/2482
f 1516/1516 2476/2476 1285/1285
f 2476/2476 1516/1516 2477/2477
f 2480/2480 2477/2477 2482/2482
f 2482/2482 2463/2463 2480/2480
f 2481/2481 2476/2476 2477/2477
f 2477/2477 2480/2480 2481/2481
f 2478/2478 2480/2480 2463/2463
f 2478/2478 2479/2479 2480/2480
f 2479/2479 2481/2481 2480/2480
f 2439/2439 2478/2478 2463/2463
f 2463/2463 1520/1520 2439/2439
f 1521/1521 2439/2439 1520/1520
f 2479/2479 2475/2475 2481/2481
f 2476/2476 2481/2481 2475/2475
f 2475/2475 2479/2479 2474/2474
f 2475/2475 2484/2484 2476/2476
f 2484/2484 1285/1285 2476/2476
f 2474/2474 2473/2473 2475/2475
f 2484/2484 2475/2475 2473/2473
f 2473/2473 2474/2474 2472/2472
f 2484/2484 1283/1283 1285/1285
f 1283/1283 1282/1282 1285/1285
f 2473/2473 2485/2485 2484/2484
f 1283/1283 2484/2484 2485/2485
f 2472/2472 2471/2471 2473/2473
f 2485/2485 2473/2473 2471/2471
f 2471/2471 2472/2472 2470/2470
f 1282/1282 1283/1283 1284/1284
f 1284/1284 1508/1508 1282/1282
f 2485/2485 1281/1281 1283/1283
f 1281/1281 1284/1284 1283/1283
f 2471/2471 2486/2486 2485/2485
f 1281/1281 2485/2485 2486/2486
f 2470/2470 2469/2469 2471/2471
f 2486/2486 2471/2471 2469/2469
f 2469/2469 2470/2470 2468/2468
f 2486/2486 1280/1280 1281/1281
f 2468/2468 2466/2466 2469/2469
f 2466/2466 2468/2468 2464/2464
f 2469/2469 2487/2487 2486/2486
f 2487/2487 2469/2469 2466/2466
f 1280/1280 2486/2486 2487/2487
f 2464/2464 2465/2465 2466/2466
f 2465/2465 2464/2464 2467/2467
f 2466/2466 2483/2483 2487/2487
f 2483/2483 2466/2466 2465/2465
f 2467/2467 2428/2428 2465/2465
f 2428/2428 2467/2467 2429/2429
f 2412/2412 2428/2428 2429/2429
f 2431/2431 2465/2465 2428/2428
f 2465/2465 2431/2431 2483/2483
f 2410/2410 2428/2428 2412/2412
f 2410/2410 2431/2431 2428/2428
f 2411/2411 2410/2410 2412/2412
f 1742/1742 2487/2487 2483/2483
f 2487/2487 1742/1742 1280/1280
f 2409/2409 2410/2410 2411/2411
f 2414/2414 2409/2409 2411/2411
f 2431/2431 2410/2410 2430/2430
f 2409/2409 2430/2430 2410/2410
f 1186/1186 2483/2483 2431/2431
f 2430/2430 1186/1186 2431/2431
f 2483/2483 1186/1186 1742/1742
f 2413/2413 2409/2409 2414/2414
f 2416/2416 2413/2413 2414/2414
f 2430/2430 2409/2409 2435/2435
f 2413/2413 2435/2435 2409/2409
f 2415/2415 2413/2413 2416/2416
f 2418/2418 2415/2415 2416/2416
f 2435/2435 2413/2413 2434/2434
f 2415/2415 2434/2434 2413/2413
f 2435/2435 540/540 2430/2430
f 1186/1186 2430/2430 540/540
f 2417/2417 2415/2415 2418/2418
f 2420/2420 2417/2417 2418/2418
f 2434/2434 2415/2415 2433/2433
f 2417/2417 2433/2433 2415/2415
f 2419/2419 2417/2417 2420/2420
f 2420/2420 2424/2424 2419/2419
f 2433/2433 2417/2417 2432/2432
f 2419/2419 2432/2432 2417/2417
f 2433/2433 71/71 2434/2434
f 2426/2426 2419/2419 2424/2424
f 2432/2432 73/73 2433/2433
f 73/73 71/71 2433/2433
f 2432/2432 2419/2419 2422/2422
f 2426/2426 2422/2422 2419/2419
f 74/74 73/73 2432/2432
f 2422/2422 74/74 2432/2432
f 2424/2424 2423/2423 2426/2426
f 2423/2423 2424/2424 2425/2425
f 2421/2421 2422/2422 2426/2426
f 2426/2426 2423/2423 2421/2421
f 74/74 2422/2422 305/305
f 2421/2421 305/305 2422/2422
f 2425/2425 2408/2408 2423/2423
f 2408/2408 2425/2425 2381/2381
f 2427/2427 2421/2421 2423/2423
f 2423/2423 2408/2408 2427/2427
f 305/305 2421/2421 306/306
f 2427/2427 306/306 2421/2421
f 307/307 74/74 305/305
f 304/304 305/305 306/306
f 305/305 304/304 307/307
f 74/74 307/307 72/72
f 72/72 73/73 74/74
f 304/304 299/299 307/307
f 299/299 72/72 307/307
f 73/73 72/72 75/75
f 75/75 71/71 73/73
f 72/72 299/299 298/298
f 298/298 75/75 72/72
f 299/299 304/304 300/300
f 71/71 75/75 67/67
f 391/391 300/300 304/304
f 304/304 306/306 391/391
f 75/75 298/298 297/297
f 297/297 67/67 75/75
f 392/392 391/391 306/306
f 306/306 2427/2427 392/392
f 391/391 392/392 347/347
f 2427/2427 78/78 392/392
f 78/78 347/347 392/392
f 78/78 2427/2427 2407/2407
f 2407/2407 2427/2427 2408/2408
f 2407/2407 76/76 78/78
f 309/309 2407/2407 2408/2408
f 2407/2407 309/309 76/76
f 309/309 2408/2408 310/310
f 310/310 2408/2408 2381/2381
f 76/76 77/77 78/78
f 78/78 77/77 347/347
f 309/309 308/308 76/76
f 77/77 76/76 79/79
f 76/76 308/308 79/79
f 62/62 309/309 310/310
f 309/309 62/62 308/308
f 302/302 77/77 79/79
f 303/303 79/79 308/308
f 79/79 303/303 302/302
f 64/64 308/308 62/62
f 308/308 64/64 303/303
f 77/77 302/302 301/301
f 77/77 301/301 347/347
f 285/285 302/302 303/303
f 288/288 301/301 302/302
f 302/302 285/285 288/288
f 301/301 346/346 347/347
f 303/303 281/281 285/285
f 281/281 303/303 64/64
f 301/301 287/287 346/346
f 301/301 288/288 287/287
f 390/390 347/347 346/346
f 347/347 390/390 391/391
f 300/300 391/391 390/390
f 287/287 344/344 346/346
f 346/346 344/344 390/390
f 390/390 293/293 300/300
f 293/293 299/299 300/300
f 344/344 389/389 390/390
f 293/293 390/390 389/389
f 344/344 287/287 290/290
f 299/299 293/293 294/294
f 294/294 298/298 299/299
f 344/344 345/345 389/389
f 290/290 345/345 344/344
f 298/298 294/294 296/296
f 296/296 297/297 298/298
f 345/345 388/388 389/389
f 388/388 293/293 389/389
f 292/292 296/296 294/294
f 293/293 292/292 294/294
f 293/293 388/388 291/291
f 291/291 292/292 293/293
f 342/342 388/388 345/345
f 387/387 291/291 388/388
f 388/388 342/342 387/387
f 190/190 292/292 291/291
f 291/291 387/387 190/190
f 255/255 342/342 345/345
f 345/345 290/290 255/255
f 343/343 387/387 342/342
f 342/342 255/255 258/258
f 258/258 343/343 342/342
f 256/256 255/255 290/290
f 387/387 343/343 386/386
f 386/386 190/190 387/387
f 255/255 256/256 257/257
f 257/257 258/258 255/255
f 290/290 289/289 256/256
f 287/287 289/289 290/290
f 287/287 288/288 289/289
f 288/288 286/286 289/289
f 286/286 288/288 285/285
f 289/289 261/261 256/256
f 261/261 289/289 286/286
f 285/285 283/283 286/286
f 283/283 261/261 286/286
f 283/283 285/285 281/281
f 260/260 256/256 261/261
f 256/256 260/260 257/257
f 261/261 283/283 259/259
f 259/259 260/260 261/261
f 281/281 282/282 283/283
f 282/282 259/259 283/283
f 282/282 281/281 284/284
f 64/64 284/284 281/281
f 259/259 282/282 263/263
f 284/284 64/64 63/63
f 62/62 63/63 64/64
f 282/282 284/284 339/339
f 339/339 263/263 282/282
f 284/284 63/63 338/338
f 339/339 284/284 338/338
f 63/63 62/62 65/65
f 62/62 310/310 65/65
f 338/338 63/63 337/337
f 63/63 65/65 337/337
f 311/311 65/65 310/310
f 310/310 2381/2381 311/311
f 337/337 65/65 335/335
f 65/65 311/311 335/335
f 311/311 2381/2381 2379/2379
f 2381/2381 2380/2380 2379/2379
f 335/335 311/311 336/336
f 2379/2379 336/336 311/311
f 2378/2378 2379/2379 2380/2380
f 336/336 2379/2379 2406/2406
f 2379/2379 2378/2378 2406/2406
f 2380/2380 2382/2382 2378/2378
f 2382/2382 2406/2406 2378/2378
f 2382/2382 2380/2380 2383/2383
f 2384/2384 2382/2382 2383/2383
f 2406/2406 2382/2382 2405/2405
f 2382/2382 2384/2384 2385/2385
f 2385/2385 2405/2405 2382/2382
f 2384/2384 2386/2386 2385/2385
f 2386/2386 2384/2384 2387/2387
f 2405/2405 2385/2385 2404/2404
f 2386/2386 2404/2404 2385/2385
f 80/80 2406/2406 2405/2405
f 2404/2404 80/80 2405/2405
f 2406/2406 80/80 336/336
f 2387/2387 2388/2388 2386/2386
f 2388/2388 2387/2387 2389/2389
f 2404/2404 2386/2386 2403/2403
f 2388/2388 2403/2403 2386/2386
f 2404/2404 81/81 80/80
f 2403/2403 81/81 2404/2404
f 80/80 59/59 336/336
f 335/335 336/336 59/59
f 81/81 60/60 80/80
f 59/59 80/80 60/60
f 61/61 335/335 59/59
f 337/337 335/335 61/61
f 58/58 59/59 60/60
f 59/59 58/58 61/61
f 278/278 337/337 61/61
f 338/338 337/337 278/278
f 279/279 61/61 58/58
f 61/61 279/279 278/278
f 280/280 338/338 278/278
f 339/339 338/338 280/280
f 277/277 278/278 279/279
f 278/278 277/277 280/280
f 58/58 276/276 279/279
f 276/276 277/277 279/279
f 340/340 339/339 280/280
f 263/263 339/339 340/340
f 268/268 280/280 277/277
f 268/268 340/340 280/280
f 276/276 58/58 57/57
f 60/60 57/57 58/58
f 276/276 275/275 277/277
f 57/57 60/60 55/55
f 81/81 55/55 60/60
f 57/57 273/273 276/276
f 273/273 275/275 276/276
f 55/55 54/54 57/57
f 273/273 57/57 54/54
f 55/55 81/81 82/82
f 81/81 2403/2403 82/82
f 54/54 55/55 56/56
f 82/82 56/56 55/55
f 2402/2402 82/82 2403/2403
f 2403/2403 2388/2388 2402/2402
f 56/56 82/82 83/83
f 82/82 2402/2402 83/83
f 56/56 328/328 54/54
f 2390/2390 2402/2402 2388/2388
f 2389/2389 2390/2390 2388/2388
f 2390/2390 2389/2389 2391/2391
f 2402/2402 2390/2390 2401/2401
f 2401/2401 83/83 2402/2402
f 2391/2391 2392/2392 2390/2390
f 2392/2392 2391/2391 2393/2393
f 2390/2390 2400/2400 2401/2401
f 2400/2400 2390/2390 2392/2392
f 83/83 2401/2401 324/324
f 2400/2400 324/324 2401/2401
f 2393/2393 2394/2394 2392/2392
f 2394/2394 2393/2393 2395/2395
f 2392/2392 2396/2396 2400/2400
f 2396/2396 2392/2392 2394/2394
f 324/324 2400/2400 322/322
f 2396/2396 322/322 2400/2400
f 321/321 83/83 324/324
f 322/322 321/321 324/324
f 83/83 321/321 56/56
f 328/328 56/56 321/321
f 320/320 321/321 322/322
f 322/322 2396/2396 320/320
f 321/321 326/326 328/328
f 321/321 320/320 323/323
f 326/326 321/321 323/323
f 2396/2396 613/613 320/320
f 323/323 320/320 613/613
f 613/613 2396/2396 2397/2397
f 323/323 613/613 1531/1531
f 2396/2396 2398/2398 2397/2397
f 2398/2398 2396/2396 2394/2394
f 2395/2395 2398/2398 2394/2394
f 2398/2398 2395/2395 2399/2399
f 2453/2453 2398/2398 2399/2399
f 2454/2454 613/613 2397/2397
f 2398/2398 2454/2454 2397/2397
f 613/613 2454/2454 1531/1531
f 2398/2398 2453/2453 2452/2452
f 2454/2454 2398/2398 2452/2452
f 2451/2451 2452/2452 2453/2453
f 2452/2452 2451/2451 2450/2450
f 2450/2450 2454/2454 2452/2452
f 2449/2449 2450/2450 2451/2451
f 2454/2454 1532/1532 1531/1531
f 2450/2450 2449/2449 2448/2448
f 2447/2447 2448/2448 2449/2449
f 2454/2454 2450/2450 2455/2455
f 1532/1532 2454/2454 2455/2455
f 2448/2448 2455/2455 2450/2450
f 1530/1530 1531/1531 1532/1532
f 1531/1531 1530/1530 323/323
f 1530/1530 326/326 323/323
f 2455/2455 1533/1533 1532/1532
f 1532/1532 1533/1533 1530/1530
f 1533/1533 2455/2455 2456/2456
f 2455/2455 2448/2448 2456/2456
f 2456/2456 1293/1293 1533/1533
f 1293/1293 1530/1530 1533/1533
f 2448/2448 2457/2457 2456/2456
f 1293/1293 2456/2456 2457/2457
f 2448/2448 2447/2447 2446/2446
f 2457/2457 2448/2448 2446/2446
f 2445/2445 2446/2446 2447/2447
f 2457/2457 1292/1292 1293/1293
f 2446/2446 2445/2445 2444/2444
f 2446/2446 2458/2458 2457/2457
f 2458/2458 2446/2446 2444/2444
f 1292/1292 2457/2457 2458/2458
f 2442/2442 2444/2444 2445/2445
f 1292/1292 1266/1266 1293/1293
f 1530/1530 1293/1293 1266/1266
f 2444/2444 2442/2442 2443/2443
f 1266/1266 1535/1535 1530/1530
f 326/326 1530/1530 1535/1535
f 2459/2459 2444/2444 2443/2443
f 2444/2444 2459/2459 2458/2458
f 2442/2442 2441/2441 2443/2443
f 2441/2441 2442/2442 2440/2440
f 2440/2440 2436/2436 2441/2441
f 2443/2443 2460/2460 2459/2459
f 2460/2460 2443/2443 2441/2441
f 1291/1291 2458/2458 2459/2459
f 2458/2458 1291/1291 1292/1292
f 1290/1290 2459/2459 2460/2460
f 2459/2459 1290/1290 1291/1291
f 2441/2441 2461/2461 2460/2460
f 2461/2461 1290/1290 2460/2460
f 2438/2438 2441/2441 2436/2436
f 2461/2461 2441/2441 2438/2438
f 2436/2436 2437/2437 2438/2438
f 2437/2437 2461/2461 2438/2438
f 2437/2437 2436/2436 2439/2439
f 2439/2439 1521/1521 2437/2437
f 2461/2461 2437/2437 1540/1540
f 1521/1521 1540/1540 2437/2437
f 1540/1540 1290/1290 2461/2461
f 1521/1521 1539/1539 1540/1540
f 1269/1269 1540/1540 1539/1539
f 1540/1540 1269/1269 1290/1290
f 1268/1268 1290/1290 1269/1269
f 1290/1290 1268/1268 1291/1291
f 1268/1268 1269/1269 1270/1270
f 1267/1267 1268/1268 1270/1270
f 1264/1264 1291/1291 1268/1268
f 1264/1264 1268/1268 1267/1267
f 1292/1292 1291/1291 1264/1264
f 1266/1266 1292/1292 1264/1264
f 1265/1265 1264/1264 1267/1267
f 1264/1264 1265/1265 1266/1266
f 1267/1267 1483/1483 1265/1265
f 1535/1535 1266/1266 1265/1265
f 1534/1534 1265/1265 1483/1483
f 1265/1265 1534/1534 1535/1535
f 1485/1485 1534/1534 1483/1483
f 1534/1534 326/326 1535/1535
f 1534/1534 1485/1485 1536/1536
f 1479/1479 1536/1536 1485/1485
f 326/326 1534/1534 327/327
f 1536/1536 327/327 1534/1534
f 325/325 326/326 327/327
f 326/326 325/325 328/328
f 325/325 54/54 328/328
f 54/54 325/325 273/273
f 325/325 274/274 273/273
f 273/273 274/274 275/275
f 327/327 329/329 325/325
f 274/274 325/325 329/329
f 327/327 1536/1536 330/330
f 329/329 327/327 330/330
f 1537/1537 330/330 1536/1536
f 1536/1536 1479/1479 1537/1537
f 330/330 331/331 329/329
f 1479/1479 1538/1538 1537/1537
f 1538/1538 1479/1479 1481/1481
f 330/330 1537/1537 334/334
f 331/331 330/330 334/334
f 1537/1537 332/332 334/334
f 332/332 331/331 334/334
f 332/332 1537/1537 1538/1538
f 271/271 329/329 331/331
f 329/329 271/271 274/274
f 331/331 332/332 333/333
f 333/333 271/271 331/331
f 1538/1538 513/513 332/332
f 513/513 333/333 332/332
f 1481/1481 1714/1714 1538/1538
f 513/513 1538/1538 1714/1714
f 1714/1714 1481/1481 1718/1718
f 333/333 513/513 510/510
f 1718/1718 1715/1715 1714/1714
f 1715/1715 1718/1718 1717/1717
f 1714/1714 511/511 513/513
f 511/511 1714/1714 1715/1715
f 511/511 510/510 513/513
f 1717/1717 1815/1815 1715/1715
f 1815/1815 1717/1717 1816/1816
f 1715/1715 614/614 511/511
f 614/614 1715/1715 1815/1815
f 510/510 511/511 512/512
f 614/614 512/512 511/511
f 1816/1816 2109/2109 1815/1815
f 2109/2109 1816/1816 2110/2110
f 2110/2110 2142/2142 2109/2109
f 1815/1815 937/937 614/614
f 937/937 1815/1815 2109/2109
f 973/973 2109/2109 2142/2142
f 2109/2109 973/973 937/937
f 2142/2142 972/972 973/973
f 937/937 615/615 614/614
f 512/512 614/614 615/615
f 973/973 938/938 937/937
f 615/615 937/937 938/938
f 972/972 971/971 973/973
f 938/938 973/973 971/971
f 615/615 515/515 512/512
f 938/938 616/616 615/615
f 515/515 615/615 616/616
f 971/971 939/939 938/938
f 616/616 938/938 939/939
f 971/971 972/972 970/970
f 977/977 970/970 972/972
f 970/970 977/977 976/976
f 975/975 970/970 976/976
f 970/970 969/969 971/971
f 939/939 971/971 969/969
f 970/970 975/975 968/968
f 969/969 970/970 968/968
f 974/974 968/968 975/975
f 969/969 940/940 939/939
f 968/968 974/974 967/967
f 968/968 966/966 969/969
f 966/966 968/968 967/967
f 940/940 969/969 966/966
f 974/974 978/978 967/967
f 978/978 974/974 979/979
f 995/995 978/978 979/979
f 619/619 966/966 967/967
f 978/978 619/619 967/967
f 978/978 995/995 994/994
f 992/992 994/994 995/995
f 619/619 978/978 621/621
f 994/994 621/621 978/978
f 994/994 992/992 993/993
f 621/621 994/994 622/622
f 993/993 622/622 994/994
f 992/992 991/991 993/993
f 991/991 992/992 990/990
f 622/622 993/993 738/738
f 993/993 991/991 738/738
f 990/990 989/989 991/991
f 989/989 990/990 988/988
f 737/737 738/738 991/991
f 991/991 989/989 737/737
f 738/738 595/595 622/622
f 595/595 621/621 622/622
f 738/738 737/737 598/598
f 595/595 738/738 598/598
f 736/736 737/737 989/989
f 419/419 598/598 737/737
f 737/737 736/736 419/419
f 988/988 986/986 989/989
f 989/989 986/986 736/736
f 986/986 988/988 987/987
f 986/986 987/987 985/985
f 984/984 986/986 985/985
f 984/984 985/985 983/983
f 735/735 736/736 986/986
f 735/735 986/986 984/984
f 981/981 984/984 983/983
f 981/981 983/983 982/982
f 980/980 981/981 982/982
f 984/984 981/981 733/733
f 733/733 735/735 984/984
f 734/734 981/981 980/980
f 734/734 733/733 981/981
f 893/893 734/734 980/980
f 892/892 734/734 893/893
f 891/891 892/892 893/893
f 734/734 892/892 412/412
f 412/412 733/733 734/734
f 890/890 892/892 891/891
f 890/890 412/412 892/892
f 889/889 890/890 891/891
f 733/733 412/412 413/413
f 888/888 890/890 889/889
f 887/887 888/888 889/889
f 412/412 890/890 410/410
f 886/886 888/888 887/887
f 885/885 886/886 887/887
f 888/888 599/599 890/890
f 599/599 410/410 890/890
f 886/886 706/706 888/888
f 599/599 888/888 706/706
f 883/883 886/886 885/885
f 884/884 883/883 885/885
f 706/706 886/886 704/704
f 883/883 704/704 886/886
f 706/706 705/705 599/599
f 704/704 705/705 706/706
f 883/883 884/884 881/881
f 882/882 881/881 884/884
f 704/704 883/883 702/702
f 881/881 702/702 883/883
f 881/881 882/882 879/879
f 880/880 879/879 882/882
f 702/702 881/881 700/700
f 879/879 700/700 881/881
f 702/702 703/703 704/704
f 705/705 704/704 703/703
f 879/879 880/880 875/875
f 876/876 875/875 880/880
f 700/700 879/879 697/697
f 875/875 697/697 879/879
f 700/700 701/701 702/702
f 703/703 702/702 701/701
f 875/875 876/876 877/877
f 878/878 877/877 876/876
f 697/697 875/875 695/695
f 877/877 695/695 875/875
f 697/697 699/699 700/700
f 701/701 700/700 699/699
f 877/877 878/878 873/873
f 874/874 873/873 878/878
f 872/872 873/873 874/874
f 873/873 694/694 877/877
f 695/695 877/877 694/694
f 873/873 872/872 871/871
f 871/871 694/694 873/873
f 870/870 871/871 872/872
f 871/871 870/870 869/869
f 868/868 869/869 870/870
f 694/694 871/871 691/691
f 869/869 691/691 871/871
f 869/869 868/868 867/867
f 866/866 867/867 868/868
f 691/691 869/869 689/689
f 867/867 689/689 869/869
f 867/867 866/866 865/865
f 863/863 865/865 866/866
f 865/865 863/863 864/864
f 689/689 867/867 687/687
f 864/864 897/897 865/865
f 896/896 897/897 864/864
f 865/865 724/724 867/867
f 897/897 724/724 865/865
f 724/724 687/687 867/867
f 896/896 903/903 897/897
f 894/894 903/903 896/896
f 897/897 902/902 724/724
f 903/903 902/902 897/897
f 724/724 725/725 687/687
f 902/902 725/725 724/724
f 903/903 894/894 908/908
f 895/895 908/908 894/894
f 903/903 904/904 902/902
f 908/908 904/904 903/903
f 908/908 895/895 909/909
f 843/843 909/909 895/895
f 904/904 908/908 910/910
f 909/909 910/910 908/908
f 909/909 843/843 823/823
f 844/844 823/823 843/843
f 910/910 909/909 911/911
f 823/823 911/911 909/909
f 823/823 844/844 822/822
f 845/845 822/822 844/844
f 911/911 823/823 746/746
f 822/822 746/746 823/823
f 822/822 845/845 824/824
f 846/846 824/824 845/845
f 746/746 822/822 744/744
f 824/824 744/744 822/822
f 824/824 846/846 825/825
f 847/847 825/825 846/846
f 825/825 847/847 826/826
f 825/825 755/755 824/824
f 744/744 824/824 755/755
f 826/826 758/758 825/825
f 755/755 825/825 758/758
f 758/758 826/826 784/784
f 826/826 791/791 784/784
f 756/756 755/755 758/758
f 793/793 784/784 791/791
f 791/791 792/792 793/793
f 783/783 758/758 784/784
f 784/784 793/793 783/783
f 758/758 783/783 756/756
f 792/792 795/795 793/793
f 795/795 792/792 796/796
f 793/793 785/785 783/783
f 785/785 793/793 795/795
f 783/783 760/760 756/756
f 760/760 783/783 785/785
f 796/796 797/797 795/795
f 795/795 786/786 785/785
f 786/786 795/795 797/797
f 785/785 762/762 760/760
f 762/762 785/785 786/786
f 797/797 796/796 798/798
f 959/959 798/798 796/796
f 797/797 808/808 786/786
f 798/798 959/959 958/958
f 803/803 958/958 959/959
f 798/798 806/806 797/797
f 808/808 797/797 806/806
f 806/806 798/798 807/807
f 958/958 807/807 798/798
f 808/808 806/806 713/713
f 807/807 713/713 806/806
f 764/764 786/786 808/808
f 786/786 764/764 762/762
f 808/808 713/713 711/711
f 764/764 808/808 711/711
f 713/713 807/807 714/714
f 764/764 711/711 712/712
f 807/807 958/958 957/957
f 957/957 714/714 807/807
f 804/804 957/957 958/958
f 958/958 803/803 804/804
f 714/714 957/957 956/956
f 775/775 804/804 803/803
f 803/803 771/771 775/775
f 957/957 804/804 805/805
f 805/805 956/956 957/957
f 804/804 775/775 777/777
f 777/777 805/805 804/804
f 775/775 771/771 776/776
f 776/776 777/777 775/775
f 776/776 771/771 773/773
f 771/771 772/772 773/773
f 777/777 776/776 778/778
f 811/811 773/773 772/772
f 772/772 832/832 811/811
f 805/805 777/777 779/779
f 778/778 779/779 777/777
f 779/779 708/708 805/805
f 956/956 805/805 708/708
f 779/779 778/778 780/780
f 708/708 955/955 956/956
f 708/708 779/779 707/707
f 780/780 707/707 779/779
f 955/955 708/708 528/528
f 707/707 528/528 708/708
f 557/557 956/956 955/955
f 956/956 557/557 714/714
f 528/528 954/954 955/955
f 559/559 714/714 557/557
f 714/714 559/559 713/713
f 955/955 560/560 557/557
f 560/560 955/955 954/954
f 557/557 558/558 559/559
f 558/558 557/557 560/560
f 628/628 713/713 559/559
f 713/713 628/628 711/711
f 627/627 559/559 558/558
f 559/559 627/627 628/628
f 626/626 711/711 628/628
f 627/627 626/626 628/628
f 711/711 626/626 712/712
f 558/558 629/629 627/627
f 626/626 627/627 624/624
f 629/629 624/624 627/627
f 626/626 732/732 712/712
f 629/629 558/558 561/561
f 560/560 561/561 558/558
f 732/732 626/626 623/623
f 624/624 623/623 626/626
f 561/561 560/560 562/562
f 954/954 562/562 560/560
f 561/561 570/570 629/629
f 562/562 556/556 561/561
f 570/570 561/561 556/556
f 562/562 954/954 953/953
f 570/570 630/630 629/629
f 624/624 629/629 630/630
f 556/556 562/562 555/555
f 953/953 555/555 562/562
f 556/556 569/569 570/570
f 527/527 953/953 954/954
f 954/954 528/528 527/527
f 555/555 553/553 556/556
f 569/569 556/556 553/553
f 555/555 953/953 952/952
f 553/553 555/555 551/551
f 952/952 551/551 555/555
f 529/529 952/952 953/953
f 953/953 527/527 529/529
f 551/551 952/952 951/951
f 479/479 527/527 528/528
f 528/528 707/707 479/479
f 478/478 529/529 527/527
f 527/527 479/479 478/478
f 952/952 529/529 530/530
f 530/530 951/951 952/952
f 529/529 478/478 477/477
f 477/477 530/530 529/529
f 121/121 478/478 479/479
f 119/119 477/477 478/478
f 478/478 121/121 119/119
f 530/530 477/477 476/476
f 477/477 119/119 116/116
f 116/116 476/476 477/477
f 476/476 531/531 530/530
f 951/951 530/530 531/531
f 476/476 116/116 115/115
f 531/531 476/476 524/524
f 115/115 524/524 476/476
f 531/531 950/950 951/951
f 524/524 539/539 531/531
f 950/950 531/531 539/539
f 554/554 951/951 950/950
f 951/951 554/554 551/551
f 539/539 949/949 950/950
f 552/552 551/551 554/554
f 551/551 552/552 553/553
f 950/950 549/549 554/554
f 549/549 950/950 949/949
f 554/554 550/550 552/552
f 550/550 554/554 549/549
f 568/568 553/553 552/552
f 553/553 568/568 569/569
f 567/567 552/552 550/550
f 552/552 567/567 568/568
f 549/549 548/548 550/550
f 550/550 566/566 567/567
f 566/566 550/550 548/548
f 577/577 568/568 567/567
f 580/580 567/567 566/566
f 567/567 580/580 577/577
f 576/576 569/569 568/568
f 568/568 577/577 576/576
f 578/578 577/577 580/580
f 577/577 578/578 579/579
f 579/579 576/576 577/577
f 580/580 581/581 578/578
f 576/576 579/579 575/575
f 581/581 580/580 582/582
f 566/566 582/582 580/580
f 582/582 583/583 581/581
f 575/575 572/572 576/576
f 569/569 576/576 572/572
f 572/572 575/575 573/573
f 572/572 570/570 569/569
f 571/571 572/572 573/573
f 570/570 572/572 574/574
f 572/572 571/571 574/574
f 630/630 570/570 574/574
f 571/571 632/632 574/574
f 632/632 630/630 574/574
f 632/632 571/571 633/633
f 634/634 632/632 633/633
f 630/630 632/632 631/631
f 631/631 624/624 630/630
f 632/632 634/634 635/635
f 635/635 631/631 632/632
f 638/638 635/635 634/634
f 624/624 631/631 625/625
f 623/623 624/624 625/625
f 631/631 635/635 648/648
f 648/648 625/625 631/631
f 635/635 638/638 637/637
f 636/636 637/637 638/638
f 635/635 1090/1090 648/648
f 1090/1090 635/635 637/637
f 637/637 636/636 639/639
f 645/645 639/639 636/636
f 1090/1090 637/637 662/662
f 639/639 662/662 637/637
f 650/650 648/648 1090/1090
f 639/639 645/645 644/644
f 648/648 650/650 647/647
f 625/625 648/648 647/647
f 650/650 1090/1090 660/660
f 660/660 1090/1090 662/662
f 646/646 625/625 647/647
f 625/625 646/646 623/623
f 649/649 647/647 650/650
f 649/649 646/646 647/647
f 731/731 623/623 646/646
f 731/731 732/732 623/623
f 730/730 646/646 649/649
f 730/730 731/731 646/646
f 649/649 650/650 664/664
f 664/664 650/650 660/660
f 649/649 729/729 730/730
f 666/666 649/649 664/664
f 729/729 649/649 666/666
f 766/766 731/731 730/730
f 898/898 730/730 729/729
f 898/898 766/766 730/730
f 666/666 728/728 729/729
f 766/766 765/765 731/731
f 765/765 732/732 731/731
f 728/728 666/666 665/665
f 664/664 665/665 666/666
f 765/765 763/763 732/732
f 763/763 712/712 732/732
f 763/763 764/764 712/712
f 763/763 762/762 764/764
f 762/762 763/763 761/761
f 761/761 760/760 762/762
f 749/749 763/763 765/765
f 749/749 761/761 763/763
f 760/760 761/761 759/759
f 749/749 759/759 761/761
f 759/759 756/756 760/760
f 750/750 749/749 765/765
f 750/750 765/765 766/766
f 756/756 759/759 757/757
f 755/755 756/756 757/757
f 759/759 749/749 747/747
f 747/747 757/757 759/759
f 745/745 755/755 757/757
f 757/757 747/747 745/745
f 755/755 745/745 744/744
f 748/748 747/747 749/749
f 748/748 749/749 750/750
f 743/743 745/745 747/747
f 743/743 744/744 745/745
f 743/743 747/747 748/748
f 744/744 743/743 746/746
f 913/913 746/746 743/743
f 913/913 743/743 748/748
f 746/746 913/913 911/911
f 915/915 748/748 750/750
f 913/913 748/748 915/915
f 915/915 750/750 907/907
f 907/907 750/750 766/766
f 907/907 766/766 898/898
f 914/914 913/913 915/915
f 914/914 915/915 907/907
f 912/912 911/911 913/913
f 913/913 914/914 912/912
f 911/911 912/912 910/910
f 907/907 906/906 914/914
f 898/898 906/906 907/907
f 914/914 905/905 912/912
f 905/905 910/910 912/912
f 906/906 905/905 914/914
f 910/910 905/905 904/904
f 906/906 898/898 899/899
f 899/899 905/905 906/906
f 729/729 899/899 898/898
f 899/899 729/729 728/728
f 905/905 899/899 900/900
f 728/728 900/900 899/899
f 900/900 904/904 905/905
f 900/900 728/728 727/727
f 904/904 900/900 901/901
f 727/727 901/901 900/900
f 904/904 901/901 902/902
f 665/665 727/727 728/728
f 902/902 901/901 725/725
f 901/901 727/727 726/726
f 901/901 726/726 725/725
f 727/727 665/665 667/667
f 667/667 726/726 727/727
f 725/725 726/726 688/688
f 725/725 688/688 687/687
f 687/687 688/688 689/689
f 726/726 677/677 688/688
f 726/726 667/667 677/677
f 688/688 690/690 689/689
f 688/688 677/677 690/690
f 689/689 690/690 691/691
f 677/677 667/667 678/678
f 677/677 678/678 690/690
f 690/690 692/692 691/691
f 690/690 678/678 692/692
f 667/667 668/668 678/678
f 667/667 665/665 668/668
f 678/678 679/679 692/692
f 678/678 668/668 679/679
f 693/693 691/691 692/692
f 691/691 693/693 694/694
f 680/680 692/692 679/679
f 692/692 680/680 693/693
f 668/668 669/669 679/679
f 679/679 669/669 680/680
f 665/665 663/663 668/668
f 668/668 663/663 669/669
f 665/665 664/664 663/663
f 663/663 664/664 659/659
f 663/663 659/659 669/669
f 664/664 660/660 659/659
f 669/669 670/670 680/680
f 669/669 659/659 670/670
f 659/659 660/660 661/661
f 659/659 661/661 670/670
f 660/660 662/662 661/661
f 680/680 670/670 681/681
f 681/681 693/693 680/680
f 670/670 661/661 671/671
f 670/670 671/671 681/681
f 661/661 662/662 653/653
f 661/661 653/653 671/671
f 693/693 681/681 698/698
f 698/698 694/694 693/693
f 694/694 698/698 695/695
f 681/681 671/671 682/682
f 682/682 698/698 681/681
f 696/696 695/695 698/698
f 698/698 682/682 696/696
f 695/695 696/696 697/697
f 699/699 697/697 696/696
f 671/671 672/672 682/682
f 671/671 653/653 672/672
f 683/683 696/696 682/682
f 696/696 683/683 699/699
f 682/682 672/672 683/683
f 684/684 699/699 683/683
f 699/699 684/684 701/701
f 672/672 673/673 683/683
f 683/683 673/673 684/684
f 653/653 654/654 672/672
f 672/672 654/654 673/673
f 685/685 701/701 684/684
f 701/701 685/685 703/703
f 673/673 674/674 684/684
f 684/684 674/674 685/685
f 686/686 703/703 685/685
f 703/703 686/686 705/705
f 674/674 675/675 685/685
f 685/685 675/675 686/686
f 673/673 655/655 674/674
f 654/654 655/655 673/673
f 674/674 658/658 675/675
f 655/655 658/658 674/674
f 675/675 676/676 686/686
f 654/654 652/652 655/655
f 658/658 611/611 675/675
f 675/675 611/611 676/676
f 655/655 656/656 658/658
f 652/652 656/656 655/655
f 658/658 657/657 611/611
f 656/656 657/657 658/658
f 651/651 652/652 654/654
f 653/653 651/651 654/654
f 662/662 651/651 653/653
f 662/662 639/639 651/651
f 644/644 651/651 639/639
f 651/651 644/644 652/652
f 652/652 644/644 656/656
f 644/644 642/642 656/656
f 656/656 642/642 657/657
f 644/644 645/645 642/642
f 645/645 643/643 642/642
f 641/641 642/642 643/643
f 642/642 641/641 657/657
f 643/643 640/640 641/641
f 612/612 657/657 641/641
f 657/657 612/612 611/611
f 640/640 610/610 641/641
f 641/641 610/610 612/612
f 610/610 640/640 609/609
f 611/611 612/612 608/608
f 611/611 608/608 676/676
f 607/607 612/612 610/610
f 612/612 607/607 608/608
f 609/609 606/606 610/610
f 610/610 606/606 607/607
f 606/606 609/609 605/605
f 608/608 607/607 603/603
f 605/605 590/590 606/606
f 590/590 605/605 588/588
f 607/607 606/606 604/604
f 606/606 590/590 604/604
f 607/607 604/604 603/603
f 588/588 587/587 590/590
f 587/587 588/588 589/589
f 590/590 420/420 604/604
f 587/587 589/589 586/586
f 586/586 589/589 585/585
f 597/597 590/590 587/587
f 585/585 584/584 586/586
f 584/584 585/585 583/583
f 583/583 582/582 584/584
f 586/586 425/425 587/587
f 425/425 597/597 587/587
f 584/584 564/564 586/586
f 425/425 586/586 564/564
f 565/565 584/584 582/582
f 582/582 566/566 565/565
f 548/548 565/565 566/566
f 584/584 565/565 563/563
f 564/564 584/584 563/563
f 565/565 548/548 545/545
f 545/545 563/563 565/565
f 563/563 541/541 564/564
f 547/547 545/545 548/548
f 548/548 549/549 547/547
f 949/949 547/547 549/549
f 563/563 545/545 543/543
f 541/541 563/563 543/543
f 545/545 547/547 546/546
f 545/545 544/544 543/543
f 544/544 545/545 546/546
f 543/543 542/542 541/541
f 542/542 543/543 544/544
f 422/422 564/564 541/541
f 564/564 422/422 425/425
f 423/423 541/541 542/542
f 541/541 423/423 422/422
f 544/544 945/945 542/542
f 542/542 944/944 423/423
f 944/944 542/542 945/945
f 421/421 422/422 423/423
f 943/943 423/423 944/944
f 423/423 943/943 421/421
f 424/424 425/425 422/422
f 422/422 421/421 424/424
f 425/425 424/424 426/426
f 597/597 425/425 426/426
f 592/592 424/424 421/421
f 593/593 426/426 424/424
f 424/424 592/592 593/593
f 594/594 597/597 426/426
f 426/426 593/593 594/594
f 597/597 594/594 595/595
f 593/593 621/621 594/594
f 621/621 595/595 594/594
f 621/621 593/593 619/619
f 592/592 619/619 593/593
f 595/595 596/596 597/597
f 596/596 595/595 598/598
f 590/590 597/597 596/596
f 419/419 596/596 598/598
f 420/420 590/590 596/596
f 596/596 419/419 420/420
f 619/619 592/592 620/620
f 966/966 619/619 620/620
f 942/942 620/620 592/592
f 421/421 942/942 592/592
f 942/942 421/421 943/943
f 941/941 966/966 620/620
f 620/620 942/942 941/941
f 966/966 941/941 940/940
f 943/943 591/591 942/942
f 591/591 941/941 942/942
f 618/618 940/940 941/941
f 941/941 591/591 618/618
f 591/591 943/943 473/473
f 944/944 473/473 943/943
f 521/521 618/618 591/591
f 473/473 521/521 591/591
f 940/940 618/618 617/617
f 617/617 939/939 940/940
f 939/939 617/617 616/616
f 519/519 617/617 618/618
f 618/618 521/521 519/519
f 516/516 616/616 617/617
f 617/617 519/519 516/516
f 616/616 516/516 515/515
f 520/520 519/519 521/521
f 518/518 516/516 519/519
f 519/519 520/520 518/518
f 514/514 515/515 516/516
f 516/516 518/518 514/514
f 515/515 514/514 517/517
f 517/517 512/512 515/515
f 512/512 517/517 510/510
f 514/514 518/518 270/270
f 270/270 517/517 514/514
f 269/269 510/510 517/517
f 517/517 270/270 269/269
f 510/510 269/269 333/333
f 271/271 333/333 269/269
f 269/269 270/270 271/271
f 518/518 265/265 270/270
f 520/520 265/265 518/518
f 270/270 272/272 271/271
f 270/270 265/265 272/272
f 274/274 271/271 272/272
f 274/274 272/272 275/275
f 272/272 267/267 275/275
f 265/265 267/267 272/272
f 267/267 277/277 275/275
f 267/267 268/268 277/277
f 265/265 266/266 267/267
f 266/266 268/268 267/267
f 266/266 265/265 520/520
f 341/341 268/268 266/266
f 340/340 268/268 341/341
f 380/380 266/266 520/520
f 341/341 266/266 380/380
f 264/264 340/340 341/341
f 263/263 340/340 264/264
f 378/378 341/341 380/380
f 264/264 341/341 378/378
f 380/380 520/520 381/381
f 381/381 520/520 521/521
f 381/381 521/521 473/473
f 379/379 380/380 381/381
f 380/380 379/379 378/378
f 472/472 381/381 473/473
f 381/381 472/472 379/379
f 473/473 944/944 472/472
f 945/945 472/472 944/944
f 474/474 379/379 472/472
f 472/472 945/945 474/474
f 377/377 378/378 379/379
f 379/379 474/474 377/377
f 946/946 474/474 945/945
f 945/945 544/544 946/946
f 546/546 946/946 544/544
f 474/474 946/946 475/475
f 475/475 377/377 474/474
f 946/946 546/546 947/947
f 947/947 475/475 946/946
f 547/547 947/947 546/546
f 377/377 475/475 375/375
f 947/947 547/547 948/948
f 547/547 949/949 948/948
f 475/475 947/947 489/489
f 948/948 489/489 947/947
f 489/489 375/375 475/475
f 537/537 948/948 949/949
f 949/949 539/539 537/537
f 489/489 948/948 538/538
f 948/948 537/537 538/538
f 538/538 401/401 489/489
f 375/375 489/489 401/401
f 537/537 402/402 538/538
f 401/401 538/538 402/402
f 532/532 537/537 539/539
f 539/539 524/524 532/532
f 402/402 537/537 536/536
f 537/537 532/532 536/536
f 318/318 532/532 524/524
f 524/524 115/115 318/318
f 532/532 398/398 536/536
f 532/532 318/318 317/317
f 398/398 532/532 317/317
f 117/117 318/318 115/115
f 316/316 317/317 318/318
f 318/318 117/117 316/316
f 317/317 396/396 398/398
f 317/317 316/316 319/319
f 396/396 317/317 319/319
f 319/319 316/316 159/159
f 117/117 159/159 316/316
f 396/396 395/395 398/398
f 395/395 536/536 398/398
f 319/319 349/349 396/396
f 536/536 395/395 535/535
f 349/349 319/319 158/158
f 319/319 159/159 158/158
f 509/509 536/536 535/535
f 536/536 509/509 402/402
f 395/395 534/534 535/535
f 535/535 506/506 509/509
f 506/506 535/535 534/534
f 508/508 402/402 509/509
f 507/507 509/509 506/506
f 509/509 507/507 508/508
f 402/402 508/508 399/399
f 401/401 402/402 399/399
f 343/343 399/399 508/508
f 508/508 386/386 343/343
f 386/386 508/508 507/507
f 399/399 343/343 258/258
f 507/507 188/188 386/386
f 190/190 386/386 188/188
f 400/400 399/399 258/258
f 399/399 400/400 401/401
f 258/258 257/257 400/400
f 400/400 375/375 401/401
f 257/257 376/376 400/400
f 375/375 400/400 376/376
f 376/376 257/257 260/260
f 374/374 375/375 376/376
f 375/375 374/374 377/377
f 378/378 377/377 374/374
f 374/374 264/264 378/378
f 262/262 376/376 260/260
f 376/376 262/262 374/374
f 264/264 374/374 262/262
f 260/260 259/259 262/262
f 262/262 263/263 264/264
f 263/263 262/262 259/259
f 188/188 189/189 190/190
f 292/292 190/190 189/189
f 189/189 295/295 292/292
f 296/296 292/292 295/295
f 189/189 188/188 191/191
f 295/295 87/87 296/296
f 297/297 296/296 87/87
f 295/295 189/189 193/193
f 191/191 193/193 189/189
f 193/193 85/85 295/295
f 87/87 295/295 85/85
f 505/505 191/191 188/188
f 188/188 507/507 505/505
f 506/506 505/505 507/507
f 505/505 506/506 504/504
f 534/534 504/504 506/506
f 191/191 505/505 503/503
f 504/504 503/503 505/505
f 193/193 191/191 192/192
f 503/503 192/192 191/191
f 504/504 534/534 533/533
f 503/503 504/504 502/502
f 533/533 502/502 504/504
f 192/192 503/503 501/501
f 502/502 501/501 503/503
f 192/192 102/102 193/193
f 85/85 193/193 102/102
f 501/501 103/103 192/192
f 102/102 192/192 103/103
f 501/501 502/502 500/500
f 103/103 501/501 499/499
f 500/500 499/499 501/501
f 94/94 102/102 103/103
f 499/499 94/94 103/103
f 409/409 500/500 502/502
f 502/502 533/533 409/409
f 499/499 500/500 498/498
f 500/500 409/409 408/408
f 408/408 498/498 500/500
f 373/373 409/409 533/533
f 498/498 495/495 499/499
f 94/94 499/499 495/495
f 409/409 373/373 370/370
f 370/370 408/408 409/409
f 533/533 394/394 373/373
f 394/394 533/533 534/534
f 534/534 395/395 394/394
f 397/397 394/394 395/395
f 395/395 396/396 397/397
f 349/349 397/397 396/396
f 393/393 373/373 394/394
f 394/394 397/397 393/393
f 373/373 393/393 371/371
f 371/371 370/370 373/373
f 348/348 393/393 397/397
f 397/397 349/349 348/348
f 385/385 371/371 393/393
f 393/393 348/348 385/385
f 370/370 371/371 372/372
f 371/371 385/385 351/351
f 351/351 372/372 371/371
f 372/372 369/369 370/370
f 408/408 370/370 369/369
f 372/372 351/351 350/350
f 369/369 407/407 408/408
f 498/498 408/408 407/407
f 369/369 372/372 368/368
f 350/350 368/368 372/372
f 407/407 369/369 367/367
f 368/368 367/367 369/369
f 407/407 496/496 498/498
f 495/495 498/498 496/496
f 367/367 405/405 407/407
f 496/496 407/407 405/405
f 367/367 368/368 366/366
f 494/494 495/495 496/496
f 405/405 367/367 363/363
f 366/366 363/363 367/367
f 406/406 496/496 405/405
f 496/496 406/406 494/494
f 365/365 405/405 363/363
f 405/405 365/365 406/406
f 495/495 494/494 497/497
f 497/497 94/94 495/495
f 404/404 494/494 406/406
f 490/490 497/497 494/494
f 494/494 404/404 490/490
f 94/94 497/497 97/97
f 406/406 360/360 404/404
f 360/360 406/406 365/365
f 492/492 97/97 497/497
f 497/497 490/490 492/492
f 95/95 94/94 97/97
f 97/97 492/492 100/100
f 100/100 95/95 97/97
f 490/490 491/491 492/492
f 491/491 100/100 492/492
f 94/94 95/95 96/96
f 102/102 94/94 96/96
f 95/95 100/100 99/99
f 86/86 102/102 96/96
f 102/102 86/86 85/85
f 93/93 96/96 95/95
f 96/96 93/93 86/86
f 99/99 93/93 95/95
f 84/84 85/85 86/86
f 85/85 84/84 87/87
f 92/92 86/86 93/93
f 86/86 92/92 84/84
f 93/93 99/99 88/88
f 93/93 90/90 92/92
f 90/90 93/93 88/88
f 1196/1196 84/84 92/92
f 1203/1203 92/92 90/90
f 92/92 1203/1203 1196/1196
f 88/88 89/89 90/90
f 84/84 1196/1196 1197/1197
f 87/87 84/84 1197/1197
f 88/88 101/101 89/89
f 101/101 88/88 99/99
f 90/90 89/89 91/91
f 99/99 98/98 101/101
f 98/98 99/99 100/100
f 100/100 491/491 98/98
f 101/101 935/935 89/89
f 935/935 91/91 89/89
f 933/933 101/101 98/98
f 935/935 101/101 934/934
f 101/101 933/933 934/934
f 932/932 98/98 491/491
f 98/98 932/932 933/933
f 933/933 1310/1310 934/934
f 1310/1310 935/935 934/934
f 932/932 1308/1308 933/933
f 1310/1310 933/933 1308/1308
f 491/491 931/931 932/932
f 1308/1308 932/932 1695/1695
f 931/931 1695/1695 932/932
f 931/931 491/491 493/493
f 491/491 490/490 493/493
f 404/404 493/493 490/490
f 493/493 404/404 403/403
f 360/360 403/403 404/404
f 493/493 930/930 931/931
f 930/930 493/493 403/403
f 930/930 1696/1696 931/931
f 1695/1695 931/931 1696/1696
f 403/403 929/929 930/930
f 403/403 360/360 359/359
f 929/929 403/403 359/359
f 358/358 359/359 360/360
f 365/365 358/358 360/360
f 929/929 1607/1607 930/930
f 1696/1696 930/930 1607/1607
f 358/358 365/365 362/362
f 363/363 362/362 365/365
f 359/359 358/358 361/361
f 362/362 363/363 364/364
f 363/363 366/366 364/364
f 362/362 356/356 358/358
f 356/356 361/361 358/358
f 364/364 355/355 362/362
f 356/356 362/362 355/355
f 355/355 364/364 354/354
f 111/111 356/356 355/355
f 354/354 111/111 355/355
f 364/364 352/352 354/354
f 352/352 364/364 366/366
f 111/111 354/354 109/109
f 352/352 109/109 354/354
f 366/366 353/353 352/352
f 353/353 366/366 368/368
f 368/368 350/350 353/353
f 183/183 352/352 353/353
f 187/187 353/353 350/350
f 353/353 187/187 183/183
f 350/350 185/185 187/187
f 185/185 350/350 351/351
f 184/184 183/183 187/187
f 185/185 184/184 187/187
f 352/352 183/183 112/112
f 109/109 352/352 112/112
f 351/351 384/384 185/185
f 384/384 351/351 385/385
f 384/384 186/186 185/185
f 184/184 185/185 186/186
f 385/385 164/164 384/384
f 164/164 385/385 348/348
f 186/186 384/384 382/382
f 164/164 382/382 384/384
f 348/348 165/165 164/164
f 165/165 348/348 349/349
f 382/382 164/164 161/161
f 349/349 157/157 165/165
f 157/157 349/349 158/158
f 162/162 164/164 165/165
f 164/164 162/162 161/161
f 154/154 165/165 157/157
f 165/165 154/154 162/162
f 158/158 156/156 157/157
f 156/156 158/158 159/159
f 157/157 152/152 154/154
f 156/156 152/152 157/157
f 159/159 180/180 156/156
f 156/156 178/178 152/152
f 178/178 156/156 180/180
f 180/180 159/159 181/181
f 159/159 117/117 181/181
f 180/180 167/167 178/178
f 181/181 168/168 180/180
f 167/167 180/180 168/168
f 117/117 170/170 181/181
f 168/168 181/181 170/170
f 170/170 117/117 114/114
f 115/115 114/114 117/117
f 114/114 115/115 116/116
f 169/169 168/168 170/170
f 116/116 118/118 114/114
f 118/118 116/116 119/119
f 171/171 170/170 114/114
f 114/114 118/118 171/171
f 170/170 171/171 169/169
f 120/120 118/118 119/119
f 119/119 121/121 120/120
f 173/173 171/171 118/118
f 118/118 120/120 173/173
f 172/172 169/169 171/171
f 171/171 173/173 172/172
f 168/168 169/169 166/166
f 166/166 167/167 168/168
f 169/169 172/172 174/174
f 174/174 166/166 169/169
f 173/173 138/138 172/172
f 172/172 132/132 174/174
f 132/132 172/172 138/138
f 166/166 174/174 177/177
f 134/134 174/174 132/132
f 174/174 134/134 177/177
f 175/175 167/167 166/166
f 177/177 175/175 166/166
f 175/175 176/176 167/167
f 178/178 167/167 176/176
f 175/175 177/177 1152/1152
f 178/178 176/176 179/179
f 178/178 179/179 152/152
f 175/175 1151/1151 176/176
f 1151/1151 179/179 176/176
f 1151/1151 175/175 1152/1152
f 153/153 152/152 179/179
f 152/152 153/153 154/154
f 179/179 1151/1151 1154/1154
f 153/153 179/179 1154/1154
f 155/155 154/154 153/153
f 155/155 162/162 154/154
f 1153/1153 153/153 1154/1154
f 1153/1153 155/155 153/153
f 162/162 155/155 163/163
f 155/155 1153/1153 1159/1159
f 1159/1159 163/163 155/155
f 160/160 162/162 163/163
f 160/160 161/161 162/162
f 163/163 1159/1159 856/856
f 856/856 160/160 163/163
f 383/383 161/161 160/160
f 161/161 383/383 382/382
f 160/160 856/856 455/455
f 195/195 382/382 383/383
f 382/382 195/195 186/186
f 160/160 454/454 383/383
f 454/454 160/160 455/455
f 383/383 436/436 195/195
f 436/436 383/383 454/454
f 194/194 186/186 195/195
f 186/186 194/194 184/184
f 435/435 195/195 436/436
f 195/195 435/435 194/194
f 436/436 454/454 1175/1175
f 435/435 436/436 1176/1176
f 1176/1176 436/436 1175/1175
f 432/432 194/194 435/435
f 1181/1181 435/435 1176/1176
f 432/432 435/435 1181/1181
f 204/204 184/184 194/194
f 194/194 432/432 204/204
f 184/184 204/204 182/182
f 183/183 184/184 182/182
f 182/182 112/112 183/183
f 432/432 433/433 204/204
f 112/112 182/182 113/113
f 433/433 432/432 1180/1180
f 1180/1180 432/432 1181/1181
f 203/203 204/204 433/433
f 204/204 203/203 182/182
f 457/457 433/433 1180/1180
f 457/457 203/203 433/433
f 200/200 182/182 203/203
f 200/200 113/113 182/182
f 203/203 457/457 201/201
f 201/201 200/200 203/203
f 110/110 112/112 113/113
f 112/112 110/110 109/109
f 113/113 200/200 205/205
f 205/205 110/110 113/113
f 108/108 109/109 110/110
f 109/109 108/108 111/111
f 110/110 205/205 210/210
f 108/108 104/104 111/111
f 356/356 111/111 104/104
f 110/110 209/209 108/108
f 209/209 110/110 210/210
f 104/104 108/108 107/107
f 209/209 107/107 108/108
f 106/106 356/356 104/104
f 105/105 104/104 107/107
f 104/104 105/105 106/106
f 107/107 209/209 208/208
f 356/356 106/106 357/357
f 361/361 356/356 357/357
f 107/107 207/207 105/105
f 207/207 107/107 208/208
f 925/925 106/106 105/105
f 924/924 105/105 207/207
f 924/924 925/925 105/105
f 926/926 357/357 106/106
f 925/925 926/926 106/106
f 927/927 361/361 357/357
f 357/357 926/926 927/927
f 361/361 927/927 928/928
f 928/928 359/359 361/361
f 359/359 928/928 929/929
f 926/926 1561/1561 927/927
f 928/928 1563/1563 929/929
f 1607/1607 929/929 1563/1563
f 927/927 1564/1564 928/928
f 1563/1563 928/928 1564/1564
f 1564/1564 927/927 1561/1561
f 1565/1565 1607/1607 1563/1563
f 1562/1562 1563/1563 1564/1564
f 1563/1563 1562/1562 1565/1565
f 1560/1560 1564/1564 1561/1561
f 1564/1564 1560/1560 1562/1562
f 1561/1561 926/926 1316/1316
f 1316/1316 1560/1560 1561/1561
f 925/925 1316/1316 926/926
f 1316/1316 925/925 1314/1314
f 924/924 1314/1314 925/925
f 1560/1560 1316/1316 1315/1315
f 1314/1314 1315/1315 1316/1316
f 1314/1314 924/924 1417/1417
f 1315/1315 1314/1314 1317/1317
f 1417/1417 1317/1317 1314/1314
f 923/923 1417/1417 924/924
f 923/923 924/924 207/207
f 1317/1317 1417/1417 1418/1418
f 923/923 207/207 211/211
f 208/208 211/211 207/207
f 1417/1417 923/923 1421/1421
f 1421/1421 1418/1418 1417/1417
f 922/922 923/923 211/211
f 922/922 1421/1421 923/923
f 211/211 208/208 212/212
f 211/211 230/230 922/922
f 212/212 230/230 211/211
f 1421/1421 922/922 1439/1439
f 208/208 213/213 212/212
f 213/213 208/208 209/209
f 210/210 213/213 209/209
f 230/230 212/212 228/228
f 213/213 228/228 212/212
f 921/921 922/922 230/230
f 921/921 1439/1439 922/922
f 213/213 210/210 214/214
f 205/205 214/214 210/210
f 228/228 213/213 234/234
f 214/214 234/234 213/213
f 228/228 227/227 230/230
f 230/230 227/227 921/921
f 214/214 205/205 206/206
f 200/200 206/206 205/205
f 234/234 214/214 232/232
f 206/206 232/232 214/214
f 206/206 200/200 202/202
f 200/200 201/201 202/202
f 232/232 206/206 226/226
f 202/202 226/226 206/206
f 232/232 231/231 234/234
f 226/226 202/202 199/199
f 201/201 199/199 202/202
f 226/226 233/233 232/232
f 231/231 232/232 233/233
f 199/199 225/225 226/226
f 233/233 226/226 225/225
f 199/199 201/201 198/198
f 225/225 240/240 233/233
f 201/201 456/456 198/198
f 456/456 201/201 457/457
f 198/198 197/197 199/199
f 197/197 225/225 199/199
f 456/456 196/196 198/198
f 196/196 197/197 198/198
f 197/197 224/224 225/225
f 224/224 240/240 225/225
f 196/196 427/427 197/197
f 223/223 224/224 197/197
f 427/427 223/223 197/197
f 224/224 241/241 240/240
f 223/223 222/222 224/224
f 241/241 224/224 222/222
f 242/242 233/233 240/240
f 233/233 242/242 231/231
f 239/239 240/240 241/241
f 240/240 239/239 242/242
f 236/236 231/231 242/242
f 237/237 242/242 239/239
f 242/242 237/237 236/236
f 241/241 245/245 239/239
f 231/231 236/236 229/229
f 229/229 234/234 231/231
f 234/234 229/229 228/228
f 227/227 228/228 229/229
f 238/238 229/229 236/236
f 229/229 238/238 227/227
f 236/236 235/235 238/238
f 235/235 236/236 237/237
f 920/920 227/227 238/238
f 920/920 921/921 227/227
f 919/919 238/238 235/235
f 919/919 920/920 238/238
f 920/920 1437/1437 921/921
f 1439/1439 921/921 1437/1437
f 919/919 1447/1447 920/920
f 1437/1437 920/920 1447/1447
f 235/235 918/918 919/919
f 1437/1437 1438/1438 1439/1439
f 918/918 235/235 243/243
f 237/237 243/243 235/235
f 918/918 1445/1445 919/919
f 1447/1447 919/919 1445/1445
f 243/243 237/237 244/244
f 239/239 244/244 237/237
f 244/244 239/239 245/245
f 1447/1447 1440/1440 1437/1437
f 1438/1438 1437/1437 1440/1440
f 1440/1440 1447/1447 1446/1446
f 1445/1445 1446/1446 1447/1447
f 1440/1440 1444/1444 1438/1438
f 1446/1446 1442/1442 1440/1440
f 1444/1444 1440/1440 1442/1442
f 1446/1446 1445/1445 1448/1448
f 1442/1442 1446/1446 1452/1452
f 1448/1448 1452/1452 1446/1446
f 1453/1453 1448/1448 1445/1445
f 1445/1445 918/918 1453/1453
f 1452/1452 1448/1448 1450/1450
f 917/917 1453/1453 918/918
f 917/917 918/918 243/243
f 1448/1448 1453/1453 1454/1454
f 1454/1454 1450/1450 1448/1448
f 1453/1453 917/917 1459/1459
f 1459/1459 1454/1454 1453/1453
f 917/917 243/243 249/249
f 244/244 249/249 243/243
f 916/916 1459/1459 917/917
f 916/916 917/917 249/249
f 249/249 244/244 247/247
f 245/245 247/247 244/244
f 916/916 249/249 248/248
f 247/247 248/248 249/249
f 1459/1459 916/916 1457/1457
f 248/248 247/247 250/250
f 248/248 855/855 916/916
f 1457/1457 916/916 855/855
f 854/854 248/248 250/250
f 248/248 854/854 855/855
f 254/254 250/250 247/247
f 247/247 245/245 254/254
f 854/854 250/250 251/251
f 250/250 254/254 251/251
f 246/246 254/254 245/245
f 245/245 241/241 246/246
f 222/222 246/246 241/241
f 254/254 246/246 252/252
f 252/252 251/251 254/254
f 246/246 222/222 219/219
f 219/219 252/252 246/246
f 220/220 219/219 222/222
f 222/222 223/223 220/220
f 252/252 219/219 216/216
f 219/219 220/220 221/221
f 221/221 216/216 219/219
f 143/143 220/220 223/223
f 216/216 253/253 252/252
f 251/251 252/252 253/253
f 220/220 143/143 140/140
f 140/140 221/221 220/220
f 223/223 151/151 143/143
f 151/151 223/223 427/427
f 141/141 140/140 143/143
f 150/150 143/143 151/151
f 143/143 150/150 141/141
f 427/427 1150/1150 151/151
f 151/151 1161/1161 150/150
f 1161/1161 151/151 1150/1150
f 1150/1150 427/427 459/459
f 459/459 427/427 196/196
f 1150/1150 1165/1165 1161/1161
f 458/458 459/459 196/196
f 196/196 456/456 458/458
f 459/459 1166/1166 1150/1150
f 1166/1166 1165/1165 1150/1150
f 459/459 458/458 1167/1167
f 1167/1167 1166/1166 459/459
f 1178/1178 458/458 456/456
f 456/456 457/457 1178/1178
f 1177/1177 1167/1167 458/458
f 458/458 1178/1178 1177/1177
f 460/460 1166/1166 1167/1167
f 460/460 1167/1167 1177/1177
f 1179/1179 1178/1178 457/457
f 457/457 1180/1180 1179/1179
f 447/447 1177/1177 1178/1178
f 1178/1178 1179/1179 447/447
f 449/449 460/460 1177/1177
f 1177/1177 447/447 449/449
f 1179/1179 1180/1180 1160/1160
f 1180/1180 1181/1181 1160/1160
f 470/470 447/447 1179/1179
f 1179/1179 1160/1160 470/470
f 447/447 446/446 449/449
f 447/447 470/470 448/448
f 446/446 447/447 448/448
f 470/470 1160/1160 471/471
f 448/448 470/470 471/471
f 451/451 1160/1160 1181/1181
f 1176/1176 451/451 1181/1181
f 453/453 1160/1160 451/451
f 1160/1160 453/453 471/471
f 451/451 1176/1176 452/452
f 1175/1175 452/452 1176/1176
f 451/451 450/450 453/453
f 450/450 451/451 452/452
f 452/452 1175/1175 445/445
f 452/452 442/442 450/450
f 442/442 452/452 445/445
f 1135/1135 453/453 450/450
f 442/442 1135/1135 450/450
f 1175/1175 1182/1182 445/445
f 1175/1175 454/454 1182/1182
f 454/454 455/455 1182/1182
f 443/443 442/442 445/445
f 445/445 1182/1182 443/443
f 1182/1182 455/455 1170/1170
f 856/856 1170/1170 455/455
f 1182/1182 522/522 443/443
f 522/522 1182/1182 1170/1170
f 442/442 443/443 444/444
f 444/444 443/443 522/522
f 1170/1170 856/856 1171/1171
f 856/856 1159/1159 1171/1171
f 1170/1170 438/438 522/522
f 438/438 1170/1170 1171/1171
f 444/444 522/522 523/523
f 523/523 522/522 438/438
f 444/444 1133/1133 442/442
f 1135/1135 442/442 1133/1133
f 1125/1125 444/444 523/523
f 1133/1133 444/444 1125/1125
f 1133/1133 1132/1132 1135/1135
f 1125/1125 1134/1134 1133/1133
f 1132/1132 1133/1133 1134/1134
f 1134/1134 1125/1125 1122/1122
f 1132/1132 1140/1140 1135/1135
f 453/453 1135/1135 1140/1140
f 1140/1140 1132/1132 1138/1138
f 1140/1140 471/471 453/453
f 1138/1138 1139/1139 1140/1140
f 471/471 1140/1140 1139/1139
f 1139/1139 1138/1138 1141/1141
f 1144/1144 1139/1139 1141/1141
f 1145/1145 471/471 1139/1139
f 1139/1139 1144/1144 1145/1145
f 471/471 1145/1145 448/448
f 1137/1137 1145/1145 1144/1144
f 1136/1136 448/448 1145/1145
f 1145/1145 1137/1137 1136/1136
f 448/448 1136/1136 446/446
f 1113/1113 1136/1136 1137/1137
f 1136/1136 1113/1113 1110/1110
f 446/446 1136/1136 1110/1110
f 1111/1111 1110/1110 1113/1113
f 446/446 1110/1110 463/463
f 449/449 446/446 463/463
f 449/449 463/463 460/460
f 1110/1110 1111/1111 1112/1112
f 1112/1112 463/463 1110/1110
f 461/461 460/460 463/463
f 463/463 1112/1112 461/461
f 460/460 461/461 462/462
f 1166/1166 460/460 462/462
f 462/462 1165/1165 1166/1166
f 461/461 464/464 462/462
f 1165/1165 462/462 464/464
f 1112/1112 465/465 461/461
f 464/464 461/461 465/465
f 1111/1111 1147/1147 1112/1112
f 465/465 1112/1112 1147/1147
f 1147/1147 1111/1111 1146/1146
f 465/465 466/466 464/464
f 1146/1146 1121/1121 1147/1147
f 1121/1121 1146/1146 1119/1119
f 1147/1147 467/467 465/465
f 467/467 1147/1147 1121/1121
f 466/466 465/465 467/467
f 1119/1119 1118/1118 1121/1121
f 1118/1118 1119/1119 1120/1120
f 1121/1121 1148/1148 467/467
f 1148/1148 1121/1121 1118/1118
f 467/467 1158/1158 466/466
f 1158/1158 467/467 1148/1148
f 1120/1120 1128/1128 1118/1118
f 1128/1128 1120/1120 1129/1129
f 1118/1118 429/429 1148/1148
f 429/429 1118/1118 1128/1128
f 1148/1148 431/431 1158/1158
f 431/431 1148/1148 429/429
f 1128/1128 1129/1129 1130/1130
f 1131/1131 1130/1130 1129/1129
f 1128/1128 430/430 429/429
f 430/430 1128/1128 1130/1130
f 1131/1131 1115/1115 1130/1130
f 1115/1115 430/430 1130/1130
f 1115/1115 1131/1131 1116/1116
f 1114/1114 1115/1115 1116/1116
f 1114/1114 1117/1117 1115/1115
f 1142/1142 1117/1117 1114/1114
f 526/526 1115/1115 1117/1117
f 1115/1115 526/526 430/430
f 1142/1142 1143/1143 1117/1117
f 1127/1127 1143/1143 1142/1142
f 1117/1117 1149/1149 526/526
f 1143/1143 1149/1149 1117/1117
f 1127/1127 1126/1126 1143/1143
f 1124/1124 1126/1126 1127/1127
f 1143/1143 440/440 1149/1149
f 1126/1126 440/440 1143/1143
f 526/526 1149/1149 525/525
f 525/525 430/430 526/526
f 1124/1124 1123/1123 1126/1126
f 1122/1122 1123/1123 1124/1124
f 1122/1122 1125/1125 1123/1123
f 1125/1125 523/523 1123/1123
f 1123/1123 437/437 1126/1126
f 1123/1123 523/523 437/437
f 1126/1126 437/437 440/440
f 438/438 437/437 523/523
f 437/437 438/438 439/439
f 439/439 440/440 437/437
f 1171/1171 439/439 438/438
f 439/439 1157/1157 440/440
f 1157/1157 1149/1149 440/440
f 1157/1157 525/525 1149/1149
f 439/439 1171/1171 1183/1183
f 1183/1183 1157/1157 439/439
f 1171/1171 1159/1159 1183/1183
f 1159/1159 1153/1153 1183/1183
f 1183/1183 1153/1153 1169/1169
f 1157/1157 1183/1183 1169/1169
f 1153/1153 1154/1154 1169/1169
f 1169/1169 1168/1168 1157/1157
f 1169/1169 1154/1154 1168/1168
f 1157/1157 1168/1168 525/525
f 1154/1154 1172/1172 1168/1168
f 1172/1172 1154/1154 1151/1151
f 1168/1168 441/441 525/525
f 441/441 1168/1168 1172/1172
f 430/430 525/525 441/441
f 1151/1151 1173/1173 1172/1172
f 1173/1173 1151/1151 1152/1152
f 1172/1172 434/434 441/441
f 434/434 1172/1172 1173/1173
f 441/441 434/434 430/430
f 1152/1152 1174/1174 1173/1173
f 1173/1173 1174/1174 434/434
f 434/434 428/428 430/430
f 434/434 1174/1174 428/428
f 428/428 429/429 430/430
f 429/429 428/428 431/431
f 1174/1174 1152/1152 469/469
f 1152/1152 177/177 469/469
f 1163/1163 428/428 1174/1174
f 469/469 1163/1163 1174/1174
f 428/428 1163/1163 431/431
f 177/177 468/468 469/469
f 1163/1163 469/469 468/468
f 468/468 177/177 134/134
f 1162/1162 431/431 1163/1163
f 468/468 1162/1162 1163/1163
f 431/431 1162/1162 1158/1158
f 1162/1162 466/466 1158/1158
f 133/133 468/468 134/134
f 132/132 133/133 134/134
f 1162/1162 468/468 1156/1156
f 468/468 133/133 1156/1156
f 466/466 1162/1162 1164/1164
f 1156/1156 1164/1164 1162/1162
f 1164/1164 464/464 466/466
f 464/464 1164/1164 1165/1165
f 1164/1164 1156/1156 1155/1155
f 1155/1155 1165/1165 1164/1164
f 133/133 1155/1155 1156/1156
f 1165/1165 1155/1155 1161/1161
f 1155/1155 150/150 1161/1161
f 150/150 1155/1155 149/149
f 1155/1155 133/133 149/149
f 149/149 141/141 150/150
f 133/133 132/132 135/135
f 135/135 149/149 133/133
f 138/138 135/135 132/132
f 141/141 149/149 148/148
f 149/149 135/135 148/148
f 135/135 138/138 137/137
f 137/137 148/148 135/135
f 148/148 142/142 141/141
f 140/140 141/141 142/142
f 148/148 137/137 147/147
f 142/142 148/148 147/147
f 142/142 144/144 140/140
f 221/221 140/140 144/144
f 147/147 145/145 142/142
f 144/144 142/142 145/145
f 137/137 146/146 147/147
f 145/145 147/147 146/146
f 136/136 137/137 138/138
f 138/138 173/173 136/136
f 120/120 136/136 173/173
f 137/137 136/136 139/139
f 146/146 137/137 139/139
f 136/136 120/120 124/124
f 124/124 139/139 136/136
f 121/121 124/124 120/120
f 123/123 146/146 139/139
f 139/139 124/124 123/123
f 124/124 121/121 122/122
f 122/122 123/123 124/124
f 479/479 122/122 121/121
f 146/146 123/123 126/126
f 126/126 145/145 146/146
f 123/123 122/122 125/125
f 125/125 126/126 123/123
f 122/122 479/479 480/480
f 480/480 125/125 122/122
f 707/707 480/480 479/479
f 145/145 126/126 130/130
f 130/130 144/144 145/145
f 480/480 707/707 709/709
f 707/707 780/780 709/709
f 125/125 480/480 481/481
f 709/709 481/481 480/480
f 126/126 125/125 127/127
f 481/481 127/127 125/125
f 127/127 130/130 126/126
f 481/481 709/709 710/710
f 127/127 481/481 482/482
f 710/710 482/482 481/481
f 130/130 127/127 128/128
f 482/482 128/128 127/127
f 144/144 130/130 129/129
f 128/128 129/129 130/130
f 129/129 221/221 144/144
f 128/128 482/482 483/483
f 221/221 129/129 217/217
f 216/216 221/221 217/217
f 129/129 128/128 131/131
f 131/131 217/217 129/129
f 483/483 131/131 128/128
f 215/215 216/216 217/217
f 217/217 131/131 215/215
f 216/216 215/215 218/218
f 253/253 216/216 218/218
f 484/484 215/215 131/131
f 131/131 483/483 484/484
f 485/485 218/218 215/215
f 215/215 484/484 485/485
f 486/486 253/253 218/218
f 218/218 485/485 486/486
f 253/253 486/486 487/487
f 487/487 251/251 253/253
f 715/715 486/486 485/485
f 251/251 487/487 488/488
f 251/251 488/488 854/854
f 716/716 487/487 486/486
f 486/486 715/715 716/716
f 488/488 722/722 854/854
f 854/854 722/722 855/855
f 487/487 721/721 488/488
f 721/721 722/722 488/488
f 487/487 716/716 720/720
f 721/721 487/487 720/720
f 841/841 720/720 716/716
f 838/838 721/721 720/720
f 720/720 841/841 838/838
f 716/716 839/839 841/841
f 839/839 716/716 715/715
f 842/842 838/838 841/841
f 840/840 841/841 839/839
f 841/841 840/840 842/842
f 715/715 817/817 839/839
f 839/839 819/819 840/840
f 819/819 839/839 817/817
f 811/811 842/842 840/840
f 842/842 811/811 832/832
f 832/832 837/837 842/842
f 838/838 842/842 837/837
f 840/840 812/812 811/811
f 812/812 840/840 819/819
f 773/773 811/811 812/812
f 837/837 835/835 838/838
f 721/721 838/838 835/835
f 835/835 837/837 833/833
f 813/813 773/773 812/812
f 819/819 813/813 812/812
f 776/776 773/773 813/813
f 833/833 834/834 835/835
f 834/834 833/833 836/836
f 835/835 723/723 721/721
f 723/723 835/835 834/834
f 722/722 721/721 723/723
f 2029/2029 834/834 836/836
f 836/836 2006/2006 2029/2029
f 2047/2047 2029/2029 2006/2006
f 2030/2030 723/723 834/834
f 834/834 2029/2029 2030/2030
f 2029/2029 2047/2047 2031/2031
f 2031/2031 2030/2030 2029/2029
f 2028/2028 2031/2031 2047/2047
f 723/723 2030/2030 1921/1921
f 1921/1921 722/722 723/723
f 2030/2030 2031/2031 2032/2032
f 2032/2032 1921/1921 2030/2030
f 2031/2031 2028/2028 2036/2036
f 2036/2036 2032/2032 2031/2031
f 2008/2008 2036/2036 2028/2028
f 1921/1921 2032/2032 1920/1920
f 2032/2032 2036/2036 2035/2035
f 2035/2035 1920/1920 2032/2032
f 2036/2036 2008/2008 2034/2034
f 2034/2034 2035/2035 2036/2036
f 2007/2007 2034/2034 2008/2008
f 1968/1968 2007/2007 2008/2008
f 2035/2035 2034/2034 2033/2033
f 1968/1968 2009/2009 2007/2007
f 2009/2009 1968/1968 1972/1972
f 2007/2007 2015/2015 2034/2034
f 2015/2015 2007/2007 2009/2009
f 2015/2015 2033/2033 2034/2034
f 1972/1972 2010/2010 2009/2009
f 2010/2010 1972/1972 1975/1975
f 2009/2009 2013/2013 2015/2015
f 1977/1977 2010/2010 1975/1975
f 1975/1975 1976/1976 1977/1977
f 1907/1907 1977/1977 1976/1976
f 2016/2016 2009/2009 2010/2010
f 2009/2009 2016/2016 2013/2013
f 2010/2010 1977/1977 2011/2011
f 2010/2010 2017/2017 2016/2016
f 2017/2017 2010/2010 2011/2011
f 2016/2016 2014/2014 2013/2013
f 2014/2014 2016/2016 2017/2017
f 2013/2013 2012/2012 2015/2015
f 2012/2012 2013/2013 2014/2014
f 2033/2033 2015/2015 2012/2012
f 2017/2017 1918/1918 2014/2014
f 2014/2014 1917/1917 2012/2012
f 1917/1917 2014/2014 1918/1918
f 2012/2012 1915/1915 2033/2033
f 1915/1915 2012/2012 1917/1917
f 1916/1916 2033/2033 1915/1915
f 2033/2033 1916/1916 2035/2035
f 1920/1920 2035/2035 1916/1916
f 1917/1917 1689/1689 1915/1915
f 1916/1916 1691/1691 1920/1920
f 1691/1691 1921/1921 1920/1920
f 1915/1915 1690/1690 1916/1916
f 1691/1691 1916/1916 1690/1690
f 1690/1690 1915/1915 1689/1689
f 1921/1921 1691/1691 1692/1692
f 722/722 1921/1921 1692/1692
f 1690/1690 1464/1464 1691/1691
f 2048/2048 722/722 1692/1692
f 722/722 2048/2048 855/855
f 2048/2048 1457/1457 855/855
f 1691/1691 1461/1461 1692/1692
f 1461/1461 2048/2048 1692/1692
f 1461/1461 1691/1691 1464/1464
f 1457/1457 2048/2048 1460/1460
f 2048/2048 1461/1461 1460/1460
f 1458/1458 1457/1457 1460/1460
f 1457/1457 1458/1458 1459/1459
f 1454/1454 1459/1459 1458/1458
f 1463/1463 1460/1460 1461/1461
f 1460/1460 1463/1463 1458/1458
f 1458/1458 1455/1455 1454/1454
f 1455/1455 1458/1458 1463/1463
f 1450/1450 1454/1454 1455/1455
f 1461/1461 1462/1462 1463/1463
f 1462/1462 1461/1461 1464/1464
f 1463/1463 1456/1456 1455/1455
f 1456/1456 1463/1463 1462/1462
f 1455/1455 1451/1451 1450/1450
f 1451/1451 1455/1455 1456/1456
f 1449/1449 1450/1450 1451/1451
f 1450/1450 1449/1449 1452/1452
f 1456/1456 1431/1431 1451/1451
f 1443/1443 1452/1452 1449/1449
f 1452/1452 1443/1443 1442/1442
f 1451/1451 1434/1434 1449/1449
f 1434/1434 1451/1451 1431/1431
f 1449/1449 1435/1435 1443/1443
f 1435/1435 1449/1449 1434/1434
f 1441/1441 1442/1442 1443/1443
f 1442/1442 1441/1441 1444/1444
f 1436/1436 1443/1443 1435/1435
f 1443/1443 1436/1436 1441/1441
f 1434/1434 1406/1406 1435/1435
f 1435/1435 1408/1408 1436/1436
f 1408/1408 1435/1435 1406/1406
f 1416/1416 1441/1441 1436/1436
f 1412/1412 1436/1436 1408/1408
f 1436/1436 1412/1412 1416/1416
f 1424/1424 1444/1444 1441/1441
f 1441/1441 1416/1416 1424/1424
f 1444/1444 1424/1424 1423/1423
f 1423/1423 1438/1438 1444/1444
f 1415/1415 1424/1424 1416/1416
f 1438/1438 1423/1423 1422/1422
f 1422/1422 1439/1439 1438/1438
f 1439/1439 1422/1422 1421/1421
f 1418/1418 1421/1421 1422/1422
f 1423/1423 1418/1418 1422/1422
f 1420/1420 1423/1423 1424/1424
f 1424/1424 1415/1415 1420/1420
f 1418/1418 1423/1423 1419/1419
f 1423/1423 1420/1420 1419/1419
f 1419/1419 1317/1317 1418/1418
f 1320/1320 1419/1419 1420/1420
f 1415/1415 1320/1320 1420/1420
f 1317/1317 1419/1419 1319/1319
f 1419/1419 1320/1320 1319/1319
f 1319/1319 1315/1315 1317/1317
f 1320/1320 1415/1415 1323/1323
f 1315/1315 1319/1319 1321/1321
f 1321/1321 1560/1560 1315/1315
f 1318/1318 1319/1319 1320/1320
f 1319/1319 1318/1318 1321/1321
f 1322/1322 1320/1320 1323/1323
f 1320/1320 1322/1322 1318/1318
f 1415/1415 1411/1411 1323/1323
f 1416/1416 1411/1411 1415/1415
f 1411/1411 1416/1416 1412/1412
f 1323/1323 1392/1392 1322/1322
f 1392/1392 1323/1323 1411/1411
f 1410/1410 1411/1411 1412/1412
f 1408/1408 1410/1410 1412/1412
f 1413/1413 1392/1392 1411/1411
f 1411/1411 1410/1410 1413/1413
f 1410/1410 1408/1408 1407/1407
f 1406/1406 1407/1407 1408/1408
f 1660/1660 1410/1410 1407/1407
f 1407/1407 1406/1406 1409/1409
f 1407/1407 1409/1409 1660/1660
f 1661/1661 1413/1413 1410/1410
f 1660/1660 1661/1661 1410/1410
f 1406/1406 1631/1631 1409/1409
f 1660/1660 1409/1409 1663/1663
f 1631/1631 1406/1406 1433/1433
f 1406/1406 1434/1434 1433/1433
f 1431/1431 1433/1433 1434/1434
f 1662/1662 1409/1409 1631/1631
f 1409/1409 1662/1662 1663/1663
f 1433/1433 1361/1361 1631/1631
f 1631/1631 2316/2316 1662/1662
f 2316/2316 1631/1631 1361/1361
f 2333/2333 1663/1663 1662/1662
f 2332/2332 1662/1662 2316/2316
f 1662/1662 2332/2332 2333/2333
f 1660/1660 1663/1663 2343/2343
f 2343/2343 1661/1661 1660/1660
f 1663/1663 2333/2333 2344/2344
f 2343/2343 1663/1663 2344/2344
f 2332/2332 1664/1664 2333/2333
f 1664/1664 2344/2344 2333/2333
f 2316/2316 2331/2331 2332/2332
f 1664/1664 2332/2332 1667/1667
f 2331/2331 1667/1667 2332/2332
f 2344/2344 1664/1664 1653/1653
f 2331/2331 2316/2316 2327/2327
f 1361/1361 2327/2327 2316/2316
f 1650/1650 2344/2344 1653/1653
f 2343/2343 2344/2344 1650/1650
f 2327/2327 1361/1361 1360/1360
f 1650/1650 2345/2345 2343/2343
f 1661/1661 2343/2343 2345/2345
f 1353/1353 1360/1360 1361/1361
f 1361/1361 1433/1433 1353/1353
f 1360/1360 2321/2321 2327/2327
f 2321/2321 2331/2331 2327/2327
f 1430/1430 1353/1353 1433/1433
f 1433/1433 1431/1431 1430/1430
f 1360/1360 1353/1353 1350/1350
f 1429/1429 1430/1430 1431/1431
f 1431/1431 1456/1456 1429/1429
f 1462/1462 1429/1429 1456/1456
f 1353/1353 1430/1430 1351/1351
f 1351/1351 1350/1350 1353/1353
f 1430/1430 1429/1429 1432/1432
f 1432/1432 1351/1351 1430/1430
f 1429/1429 1462/1462 1426/1426
f 1426/1426 1432/1432 1429/1429
f 1464/1464 1426/1426 1462/1462
f 1351/1351 1432/1432 1354/1354
f 1426/1426 1464/1464 1427/1427
f 1464/1464 1690/1690 1427/1427
f 1689/1689 1427/1427 1690/1690
f 1425/1425 1426/1426 1427/1427
f 1427/1427 1689/1689 1425/1425
f 1432/1432 1426/1426 1428/1428
f 1426/1426 1425/1425 1428/1428
f 1339/1339 1432/1432 1428/1428
f 1432/1432 1339/1339 1354/1354
f 1340/1340 1428/1428 1425/1425
f 1428/1428 1340/1340 1339/1339
f 1688/1688 1425/1425 1689/1689
f 1425/1425 1688/1688 1340/1340
f 1689/1689 1917/1917 1688/1688
f 1918/1918 1688/1688 1917/1917
f 1687/1687 1340/1340 1688/1688
f 1688/1688 1918/1918 1687/1687
f 1338/1338 1339/1339 1340/1340
f 1340/1340 1687/1687 1338/1338
f 1919/1919 1687/1687 1918/1918
f 1918/1918 2017/2017 1919/1919
f 2011/2011 1919/1919 2017/2017
f 1687/1687 1919/1919 1686/1686
f 1686/1686 1338/1338 1687/1687
f 1919/1919 2011/2011 1910/1910
f 1910/1910 1686/1686 1919/1919
f 2011/2011 1909/1909 1910/1910
f 1909/1909 2011/2011 1977/1977
f 1977/1977 1907/1907 1909/1909
f 1686/1686 1910/1910 1685/1685
f 1909/1909 1685/1685 1910/1910
f 1338/1338 1686/1686 1337/1337
f 1685/1685 1337/1337 1686/1686
f 1907/1907 1684/1684 1909/1909
f 1909/1909 1684/1684 1685/1685
f 1337/1337 1341/1341 1338/1338
f 1339/1339 1338/1338 1341/1341
f 1341/1341 1354/1354 1339/1339
f 1337/1337 1685/1685 1335/1335
f 1684/1684 1335/1335 1685/1685
f 1341/1341 1337/1337 1336/1336
f 1335/1335 1336/1336 1337/1337
f 1354/1354 1341/1341 1355/1355
f 1336/1336 1355/1355 1341/1341
f 1352/1352 1354/1354 1355/1355
f 1354/1354 1352/1352 1351/1351
f 1350/1350 1351/1351 1352/1352
f 1355/1355 1336/1336 1356/1356
f 1355/1355 1357/1357 1352/1352
f 1357/1357 1355/1355 1356/1356
f 1352/1352 1358/1358 1350/1350
f 1358/1358 1352/1352 1357/1357
f 1359/1359 1350/1350 1358/1358
f 1350/1350 1359/1359 1360/1360
f 2321/2321 1360/1360 1359/1359
f 1348/1348 1358/1358 1357/1357
f 1356/1356 1348/1348 1357/1357
f 1345/1345 1359/1359 1358/1358
f 1358/1358 1348/1348 1345/1345
f 1344/1344 2321/2321 1359/1359
f 1359/1359 1345/1345 1344/1344
f 1334/1334 1356/1356 1336/1336
f 1336/1336 1335/1335 1334/1334
f 1334/1334 1349/1349 1356/1356
f 1348/1348 1356/1356 1349/1349
f 1334/1334 1335/1335 1332/1332
f 1684/1684 1332/1332 1335/1335
f 1349/1349 1334/1334 1333/1333
f 1332/1332 1333/1333 1334/1334
f 1348/1348 1349/1349 1346/1346
f 1333/1333 1346/1346 1349/1349
f 1332/1332 1684/1684 1683/1683
f 1907/1907 1683/1683 1684/1684
f 1907/1907 1730/1730 1683/1683
f 1729/1729 1683/1683 1730/1730
f 1683/1683 1729/1729 1682/1682
f 1683/1683 1682/1682 1331/1331
f 1683/1683 1331/1331 1332/1332
f 1333/1333 1332/1332 1331/1331
f 1331/1331 1330/1330 1333/1333
f 1346/1346 1333/1333 1330/1330
f 1383/1383 1346/1346 1330/1330
f 1347/1347 1346/1346 1383/1383
f 1346/1346 1347/1347 1348/1348
f 1347/1347 1345/1345 1348/1348
f 1382/1382 1347/1347 1383/1383
f 1347/1347 1342/1342 1345/1345
f 1342/1342 1347/1347 1382/1382
f 1342/1342 1344/1344 1345/1345
f 1384/1384 1342/1342 1382/1382
f 1342/1342 1343/1343 1344/1344
f 1343/1343 1342/1342 1384/1384
f 1384/1384 1387/1387 1343/1343
f 1376/1376 1387/1387 1384/1384
f 1673/1673 1344/1344 1343/1343
f 1673/1673 1343/1343 1387/1387
f 1344/1344 1673/1673 2322/2322
f 2321/2321 1344/1344 2322/2322
f 1387/1387 1376/1376 1385/1385
f 1378/1378 1385/1385 1376/1376
f 2322/2322 2330/2330 2321/2321
f 2331/2331 2321/2321 2330/2330
f 2328/2328 2330/2330 2322/2322
f 1673/1673 2328/2328 2322/2322
f 2330/2330 1668/1668 2331/2331
f 1667/1667 2331/2331 1668/1668
f 1670/1670 2330/2330 2328/2328
f 1670/1670 1668/1668 2330/2330
f 1668/1668 1665/1665 1667/1667
f 1665/1665 1664/1664 1667/1667
f 1670/1670 1669/1669 1668/1668
f 1665/1665 1668/1668 1669/1669
f 1664/1664 1665/1665 1666/1666
f 1666/1666 1653/1653 1664/1664
f 1669/1669 2279/2279 1665/1665
f 2279/2279 1666/1666 1665/1665
f 1653/1653 1666/1666 1651/1651
f 1651/1651 1650/1650 1653/1653
f 1666/1666 2279/2279 2276/2276
f 2276/2276 1651/1651 1666/1666
f 2279/2279 1669/1669 2313/2313
f 2277/2277 2276/2276 2279/2279
f 2313/2313 2277/2277 2279/2279
f 2276/2276 2277/2277 2278/2278
f 2277/2277 2313/2313 2312/2312
f 2278/2278 2302/2302 2276/2276
f 1651/1651 2276/2276 2302/2302
f 2302/2302 2278/2278 2303/2303
f 2302/2302 1652/1652 1651/1651
f 1650/1650 1651/1651 1652/1652
f 2303/2303 2311/2311 2302/2302
f 1652/1652 2302/2302 2311/2311
f 2311/2311 2303/2303 2310/2310
f 1652/1652 1674/1674 1650/1650
f 2345/2345 1650/1650 1674/1674
f 2311/2311 1675/1675 1652/1652
f 1674/1674 1652/1652 1675/1675
f 2310/2310 2305/2305 2311/2311
f 1675/1675 2311/2311 2305/2305
f 2305/2305 2310/2310 2306/2306
f 2304/2304 2305/2305 2306/2306
f 2305/2305 2304/2304 2307/2307
f 2307/2307 1675/1675 2305/2305
f 2298/2298 2307/2307 2304/2304
f 1674/1674 1675/1675 2326/2326
f 2326/2326 2345/2345 1674/1674
f 1675/1675 2307/2307 1656/1656
f 1656/1656 2326/2326 1675/1675
f 2307/2307 2298/2298 2300/2300
f 2300/2300 1656/1656 2307/2307
f 2345/2345 2326/2326 2346/2346
f 2346/2346 1661/1661 2345/2345
f 2326/2326 1656/1656 1655/1655
f 1661/1661 2346/2346 1636/1636
f 1413/1413 1661/1661 1636/1636
f 2326/2326 2347/2347 2346/2346
f 2347/2347 2326/2326 1655/1655
f 2346/2346 1637/1637 1636/1636
f 1637/1637 2346/2346 2347/2347
f 1636/1636 1414/1414 1413/1413
f 1414/1414 1636/1636 1637/1637
f 1392/1392 1413/1413 1414/1414
f 2347/2347 1639/1639 1637/1637
f 1637/1637 1404/1404 1414/1414
f 1404/1404 1637/1637 1639/1639
f 1414/1414 1394/1394 1392/1392
f 1394/1394 1414/1414 1404/1404
f 1639/1639 2347/2347 2342/2342
f 1655/1655 2342/2342 2347/2347
f 1639/1639 1405/1405 1404/1404
f 2342/2342 1640/1640 1639/1639
f 1405/1405 1639/1639 1640/1640
f 2342/2342 1655/1655 1657/1657
f 1397/1397 1404/1404 1405/1405
f 1404/1404 1397/1397 1394/1394
f 1654/1654 1655/1655 1656/1656
f 1655/1655 1654/1654 1657/1657
f 1656/1656 2300/2300 1654/1654
f 1657/1657 2341/2341 2342/2342
f 1640/1640 2342/2342 2341/2341
f 1646/1646 1657/1657 1654/1654
f 2300/2300 1646/1646 1654/1654
f 2341/2341 1657/1657 1648/1648
f 1657/1657 1646/1646 1648/1648
f 2341/2341 1658/1658 1640/1640
f 1646/1646 2300/2300 2299/2299
f 2298/2298 2299/2299 2300/2300
f 2299/2299 2298/2298 2301/2301
f 1648/1648 2348/2348 2341/2341
f 1658/1658 2341/2341 2348/2348
f 1646/1646 1647/1647 1648/1648
f 2348/2348 1648/1648 1647/1647
f 2299/2299 1649/1649 1646/1646
f 1647/1647 1646/1646 1649/1649
f 2301/2301 2290/2290 2299/2299
f 1649/1649 2299/2299 2290/2290
f 2290/2290 2301/2301 2288/2288
f 1649/1649 1724/1724 1647/1647
f 1724/1724 2348/2348 1647/1647
f 2290/2290 1725/1725 1649/1649
f 1724/1724 1649/1649 1725/1725
f 2288/2288 2289/2289 2290/2290
f 1725/1725 2290/2290 2289/2289
f 2289/2289 2288/2288 2291/2291
f 1725/1725 1643/1643 1724/1724
f 2291/2291 2292/2292 2289/2289
f 2292/2292 2291/2291 2293/2293
f 2289/2289 1641/1641 1725/1725
f 1641/1641 2289/2289 2292/2292
f 1643/1643 1725/1725 1641/1641
f 2293/2293 2309/2309 2292/2292
f 2309/2309 2293/2293 2308/2308
f 2292/2292 1644/1644 1641/1641
f 1644/1644 2292/2292 2309/2309
f 1641/1641 1642/1642 1643/1643
f 1642/1642 1641/1641 1644/1644
f 2308/2308 2283/2283 2309/2309
f 2283/2283 2308/2308 2281/2281
f 2309/2309 2315/2315 1644/1644
f 2315/2315 2309/2309 2283/2283
f 1644/1644 2323/2323 1642/1642
f 2323/2323 1644/1644 2315/2315
f 2281/2281 2280/2280 2283/2283
f 2280/2280 2281/2281 2282/2282
f 2297/2297 2280/2280 2282/2282
f 2283/2283 1728/1728 2315/2315
f 1728/1728 2283/2283 2280/2280
f 2280/2280 2297/2297 2296/2296
f 2294/2294 2296/2296 2297/2297
f 2280/2280 1635/1635 1728/1728
f 1635/1635 2280/2280 2296/2296
f 1727/1727 2315/2315 1728/1728
f 1635/1635 1727/1727 1728/1728
f 2315/2315 1727/1727 2323/2323
f 2294/2294 2295/2295 2296/2296
f 2296/2296 2295/2295 1635/1635
f 2287/2287 2295/2295 2294/2294
f 2295/2295 2287/2287 2284/2284
f 2285/2285 2284/2284 2287/2287
f 1634/1634 2295/2295 2284/2284
f 2295/2295 1634/1634 1635/1635
f 2284/2284 2285/2285 2286/2286
f 2312/2312 2286/2286 2285/2285
f 2286/2286 2312/2312 2313/2313
f 2286/2286 2314/2314 2284/2284
f 1634/1634 2284/2284 2314/2314
f 2313/2313 1671/1671 2286/2286
f 2314/2314 2286/2286 1671/1671
f 1671/1671 2313/2313 1669/1669
f 1669/1669 1670/1670 1671/1671
f 2324/2324 1671/1671 1670/1670
f 2324/2324 2314/2314 1671/1671
f 2324/2324 1670/1670 2328/2328
f 2314/2314 2324/2324 1632/1632
f 2328/2328 1632/1632 2324/2324
f 1634/1634 2314/2314 1632/1632
f 1632/1632 2328/2328 2329/2329
f 2329/2329 2328/2328 1673/1673
f 1632/1632 1633/1633 1634/1634
f 2329/2329 1633/1633 1632/1632
f 1635/1635 1634/1634 1633/1633
f 1672/1672 2329/2329 1673/1673
f 1387/1387 1672/1672 1673/1673
f 1633/1633 2329/2329 2340/2340
f 2340/2340 2329/2329 1672/1672
f 1387/1387 2318/2318 1672/1672
f 2340/2340 1672/1672 2318/2318
f 2318/2318 1387/1387 1385/1385
f 2340/2340 1638/1638 1633/1633
f 1638/1638 1635/1635 1633/1633
f 2339/2339 2340/2340 2318/2318
f 1638/1638 2340/2340 2339/2339
f 1645/1645 1635/1635 1638/1638
f 1645/1645 1727/1727 1635/1635
f 2338/2338 1638/1638 2339/2339
f 1638/1638 2338/2338 1645/1645
f 2317/2317 2339/2339 2318/2318
f 2339/2339 2317/2317 2338/2338
f 2317/2317 2318/2318 1385/1385
f 1727/1727 1645/1645 2334/2334
f 2338/2338 2334/2334 1645/1645
f 2334/2334 2323/2323 1727/1727
f 2334/2334 2338/2338 2319/2319
f 2317/2317 2319/2319 2338/2338
f 2323/2323 2334/2334 2335/2335
f 2319/2319 2335/2335 2334/2334
f 2349/2349 2323/2323 2335/2335
f 1642/1642 2323/2323 2349/2349
f 2335/2335 2319/2319 2320/2320
f 2320/2320 2349/2349 2335/2335
f 2337/2337 1642/1642 2349/2349
f 1643/1643 1642/1642 2337/2337
f 2349/2349 2320/2320 2325/2325
f 2325/2325 2337/2337 2349/2349
f 2336/2336 1643/1643 2337/2337
f 1724/1724 1643/1643 2336/2336
f 2348/2348 1724/1724 2336/2336
f 2049/2049 2336/2336 2337/2337
f 2337/2337 2325/2325 2049/2049
f 1659/1659 2348/2348 2336/2336
f 2336/2336 2049/2049 1659/1659
f 2348/2348 1659/1659 1658/1658
f 2049/2049 1370/1370 1659/1659
f 1370/1370 1658/1658 1659/1659
f 2049/2049 2325/2325 1373/1373
f 1370/1370 2049/2049 1373/1373
f 1373/1373 2325/2325 1365/1365
f 2325/2325 2320/2320 1365/1365
f 1371/1371 1370/1370 1373/1373
f 1371/1371 1373/1373 1365/1365
f 1658/1658 1370/1370 1587/1587
f 1587/1587 1640/1640 1658/1658
f 1640/1640 1587/1587 1405/1405
f 1370/1370 1371/1371 1372/1372
f 1372/1372 1587/1587 1370/1370
f 1371/1371 1365/1365 1362/1362
f 1371/1371 1374/1374 1372/1372
f 1363/1363 1362/1362 1365/1365
f 1363/1363 1365/1365 2320/2320
f 2319/2319 1363/1363 2320/2320
f 1587/1587 1372/1372 1586/1586
f 1586/1586 1405/1405 1587/1587
f 1374/1374 1586/1586 1372/1372
f 1405/1405 1586/1586 1397/1397
f 1586/1586 1374/1374 1588/1588
f 1588/1588 1397/1397 1586/1586
f 1374/1374 1589/1589 1588/1588
f 1397/1397 1588/1588 1395/1395
f 1395/1395 1394/1394 1397/1397
f 1555/1555 1588/1588 1589/1589
f 1588/1588 1555/1555 1395/1395
f 1589/1589 1574/1574 1555/1555
f 1394/1394 1395/1395 1396/1396
f 1554/1554 1395/1395 1555/1555
f 1395/1395 1554/1554 1396/1396
f 1576/1576 1555/1555 1574/1574
f 1555/1555 1576/1576 1554/1554
f 1393/1393 1394/1394 1396/1396
f 1394/1394 1393/1393 1392/1392
f 1322/1322 1392/1392 1393/1393
f 1557/1557 1396/1396 1554/1554
f 1396/1396 1557/1557 1393/1393
f 1393/1393 1556/1556 1322/1322
f 1556/1556 1393/1393 1557/1557
f 1556/1556 1318/1318 1322/1322
f 1554/1554 1572/1572 1557/1557
f 1572/1572 1554/1554 1576/1576
f 1557/1557 1570/1570 1556/1556
f 1570/1570 1557/1557 1572/1572
f 1318/1318 1556/1556 1558/1558
f 1558/1558 1321/1321 1318/1318
f 1568/1568 1556/1556 1570/1570
f 1556/1556 1568/1568 1558/1558
f 1321/1321 1558/1558 1559/1559
f 1568/1568 1559/1559 1558/1558
f 1560/1560 1321/1321 1559/1559
f 1567/1567 1560/1560 1559/1559
f 1559/1559 1568/1568 1567/1567
f 1560/1560 1567/1567 1562/1562
f 1570/1570 1566/1566 1568/1568
f 1566/1566 1567/1567 1568/1568
f 1569/1569 1562/1562 1567/1567
f 1567/1567 1566/1566 1569/1569
f 1562/1562 1569/1569 1565/1565
f 1566/1566 1570/1570 1571/1571
f 1572/1572 1571/1571 1570/1570
f 1609/1609 1569/1569 1566/1566
f 1571/1571 1609/1609 1566/1566
f 1610/1610 1565/1565 1569/1569
f 1569/1569 1609/1609 1610/1610
f 1571/1571 1572/1572 1573/1573
f 1576/1576 1573/1573 1572/1572
f 1609/1609 1571/1571 1611/1611
f 1573/1573 1611/1611 1571/1571
f 1573/1573 1576/1576 1575/1575
f 1574/1574 1575/1575 1576/1576
f 1575/1575 1574/1574 1577/1577
f 1577/1577 1613/1613 1575/1575
f 1575/1575 1612/1612 1573/1573
f 1612/1612 1575/1575 1613/1613
f 1611/1611 1573/1573 1612/1612
f 1613/1613 1704/1704 1612/1612
f 1704/1704 1613/1613 1706/1706
f 1612/1612 1702/1702 1611/1611
f 1702/1702 1612/1612 1704/1704
f 1611/1611 1700/1700 1609/1609
f 1700/1700 1611/1611 1702/1702
f 1700/1700 1610/1610 1609/1609
f 1706/1706 1705/1705 1704/1704
f 1705/1705 1706/1706 1707/1707
f 1704/1704 1703/1703 1702/1702
f 1703/1703 1704/1704 1705/1705
f 1702/1702 1698/1698 1700/1700
f 1698/1698 1702/1702 1703/1703
f 1610/1610 1700/1700 1699/1699
f 1698/1698 1699/1699 1700/1700
f 1699/1699 1608/1608 1610/1610
f 1565/1565 1610/1610 1608/1608
f 1607/1607 1565/1565 1608/1608
f 1608/1608 1696/1696 1607/1607
f 1696/1696 1608/1608 1694/1694
f 1608/1608 1699/1699 1694/1694
f 1694/1694 1695/1695 1696/1696
f 1699/1699 1698/1698 1701/1701
f 1701/1701 1694/1694 1699/1699
f 1695/1695 1694/1694 1697/1697
f 1694/1694 1701/1701 1697/1697
f 1311/1311 1695/1695 1697/1697
f 1695/1695 1311/1311 1308/1308
f 1307/1307 1697/1697 1701/1701
f 1697/1697 1307/1307 1311/1311
f 1305/1305 1701/1701 1698/1698
f 1701/1701 1305/1305 1307/1307
f 1703/1703 1305/1305 1698/1698
f 1304/1304 1311/1311 1307/1307
f 1305/1305 1304/1304 1307/1307
f 1309/1309 1308/1308 1311/1311
f 1311/1311 1304/1304 1309/1309
f 1308/1308 1309/1309 1310/1310
f 1305/1305 1703/1703 1313/1313
f 1705/1705 1313/1313 1703/1703
f 1304/1304 1305/1305 1306/1306
f 1313/1313 1705/1705 1402/1402
f 1707/1707 1402/1402 1705/1705
f 1402/1402 1707/1707 1401/1401
f 1312/1312 1305/1305 1313/1313
f 1402/1402 1312/1312 1313/1313
f 1305/1305 1312/1312 1306/1306
f 1401/1401 1403/1403 1402/1402
f 1312/1312 1402/1402 1403/1403
f 1403/1403 1401/1401 1398/1398
f 1312/1312 1296/1296 1306/1306
f 1398/1398 1505/1505 1403/1403
f 1398/1398 1502/1502 1505/1505
f 1403/1403 1294/1294 1312/1312
f 1403/1403 1505/1505 1294/1294
f 1296/1296 1312/1312 1294/1294
f 1502/1502 1506/1506 1505/1505
f 1505/1505 1297/1297 1294/1294
f 1505/1505 1506/1506 1297/1297
f 1294/1294 1295/1295 1296/1296
f 1297/1297 1295/1295 1294/1294
f 1302/1302 1306/1306 1296/1296
f 1306/1306 1302/1302 1304/1304
f 1302/1302 1309/1309 1304/1304
f 1303/1303 1296/1296 1295/1295
f 1302/1302 1296/1296 1303/1303
f 1309/1309 1302/1302 1301/1301
f 1301/1301 1310/1310 1309/1309
f 1302/1302 1299/1299 1301/1301
f 1299/1299 1302/1302 1303/1303
f 1310/1310 1301/1301 1298/1298
f 1299/1299 1298/1298 1301/1301
f 935/935 1310/1310 1298/1298
f 1298/1298 1299/1299 1300/1300
f 1300/1300 935/935 1298/1298
f 2364/2364 1299/1299 1303/1303
f 935/935 1300/1300 936/936
f 91/91 935/935 936/936
f 2350/2350 1300/1300 1299/1299
f 2350/2350 1299/1299 2364/2364
f 1300/1300 1188/1188 936/936
f 1188/1188 91/91 936/936
f 1188/1188 1300/1300 2350/2350
f 91/91 1188/1188 1189/1189
f 1189/1189 90/90 91/91
f 90/90 1189/1189 1203/1203
f 2350/2350 1217/1217 1188/1188
f 1217/1217 1189/1189 1188/1188
f 1212/1212 1203/1203 1189/1189
f 1189/1189 1217/1217 1210/1210
f 1210/1210 1212/1212 1189/1189
f 1203/1203 1212/1212 1216/1216
f 1216/1216 1196/1196 1203/1203
f 1212/1212 1210/1210 1211/1211
f 1196/1196 1216/1216 1215/1215
f 1215/1215 1197/1197 1196/1196
f 1205/1205 1216/1216 1212/1212
f 1211/1211 1205/1205 1212/1212
f 1204/1204 1215/1215 1216/1216
f 1216/1216 1205/1205 1204/1204
f 1205/1205 1211/1211 1192/1192
f 1192/1192 1204/1204 1205/1205
f 1190/1190 1192/1192 1211/1211
f 1204/1204 1192/1192 1191/1191
f 1190/1190 1191/1191 1192/1192
f 1215/1215 1204/1204 1202/1202
f 1191/1191 1202/1202 1204/1204
f 1209/1209 1190/1190 1211/1211
f 1209/1209 1211/1211 1210/1210
f 1191/1191 1190/1190 1193/1193
f 1208/1208 1190/1190 1209/1209
f 1190/1190 1208/1208 1193/1193
f 1210/1210 314/314 1209/1209
f 1209/1209 315/315 1208/1208
f 315/315 1209/1209 314/314
f 1207/1207 1193/1193 1208/1208
f 312/312 1208/1208 315/315
f 1208/1208 312/312 1207/1207
f 1193/1193 1194/1194 1191/1191
f 1202/1202 1191/1191 1194/1194
f 1193/1193 1207/1207 1195/1195
f 1194/1194 1193/1193 1195/1195
f 1207/1207 1200/1200 1195/1195
f 1200/1200 1194/1194 1195/1195
f 1200/1200 1207/1207 1206/1206
f 312/312 1206/1206 1207/1207
f 1199/1199 1194/1194 1200/1200
f 1201/1201 1202/1202 1194/1194
f 1194/1194 1199/1199 1201/1201
f 1214/1214 1202/1202 1201/1201
f 1199/1199 1214/1214 1201/1201
f 1202/1202 1214/1214 1215/1215
f 1197/1197 1215/1215 1214/1214
f 1200/1200 1213/1213 1199/1199
f 1214/1214 1199/1199 1213/1213
f 1213/1213 1197/1197 1214/1214
f 1213/1213 1200/1200 1206/1206
f 1197/1197 1213/1213 1198/1198
f 1206/1206 1198/1198 1213/1213
f 87/87 1197/1197 1198/1198
f 1198/1198 1206/1206 313/313
f 313/313 87/87 1198/1198
f 1206/1206 312/312 313/313
f 313/313 297/297 87/87
f 297/297 313/313 68/68
f 312/312 68/68 313/313
f 67/67 297/297 68/68
f 68/68 312/312 66/66
f 66/66 67/67 68/68
f 315/315 66/66 312/312
f 67/67 66/66 69/69
f 66/66 315/315 52/52
f 52/52 69/69 66/66
f 314/314 52/52 315/315
f 70/70 67/67 69/69
f 67/67 70/70 71/71
f 70/70 2434/2434 71/71
f 2434/2434 70/70 2435/2435
f 540/540 2435/2435 70/70
f 51/51 70/70 69/69
f 70/70 51/51 540/540
f 69/69 52/52 51/51
f 53/53 540/540 51/51
f 540/540 53/53 1186/1186
f 50/50 51/51 52/52
f 51/51 50/50 53/53
f 52/52 314/314 50/50
f 1186/1186 53/53 1187/1187
f 1184/1184 50/50 314/314
f 1210/1210 1184/1184 314/314
f 1185/1185 53/53 50/50
f 53/53 1185/1185 1187/1187
f 50/50 1184/1184 1185/1185
f 1184/1184 1210/1210 1217/1217
f 1186/1186 1187/1187 1262/1262
f 1185/1185 1262/1262 1187/1187
f 1262/1262 1742/1742 1186/1186
f 1262/1262 1185/1185 1260/1260
f 1184/1184 1260/1260 1185/1185
f 1742/1742 1262/1262 1261/1261
f 1260/1260 1261/1261 1262/1262
f 1261/1261 1280/1280 1742/1742
f 1260/1260 1184/1184 1524/1524
f 1280/1280 1261/1261 1279/1279
f 1261/1261 1260/1260 1263/1263
f 1263/1263 1279/1279 1261/1261
f 1524/1524 1263/1263 1260/1260
f 1276/1276 1280/1280 1279/1279
f 1280/1280 1276/1276 1281/1281
f 1284/1284 1281/1281 1276/1276
f 1279/1279 1263/1263 1277/1277
f 1277/1277 1276/1276 1279/1279
f 1263/1263 1524/1524 1525/1525
f 1525/1525 1277/1277 1263/1263
f 1276/1276 1507/1507 1284/1284
f 1508/1508 1284/1284 1507/1507
f 1506/1506 1508/1508 1507/1507
f 1506/1506 1507/1507 1297/1297
f 1276/1276 1277/1277 1278/1278
f 1507/1507 1276/1276 1278/1278
f 1522/1522 1278/1278 1277/1277
f 1277/1277 1525/1525 1522/1522
f 1523/1523 1507/1507 1278/1278
f 1278/1278 1522/1522 1523/1523
f 1507/1507 1523/1523 1297/1297
f 2369/2369 1522/1522 1525/1525
f 1297/1297 1523/1523 2359/2359
f 1523/1523 1522/1522 2367/2367
f 2359/2359 1523/1523 2367/2367
f 2358/2358 1297/1297 2359/2359
f 1295/1295 1297/1297 2358/2358
f 2359/2359 2367/2367 2374/2374
f 2358/2358 2359/2359 2374/2374
f 2367/2367 1522/1522 2368/2368
f 1522/1522 2369/2369 2368/2368
f 2367/2367 2360/2360 2374/2374
f 2368/2368 2360/2360 2367/2367
f 2357/2357 1295/1295 2358/2358
f 1303/1303 1295/1295 2357/2357
f 2357/2357 2364/2364 1303/1303
f 2360/2360 2368/2368 2356/2356
f 2377/2377 2364/2364 2357/2357
f 2368/2368 2354/2354 2356/2356
f 2354/2354 2368/2368 2369/2369
f 2355/2355 2360/2360 2356/2356
f 2354/2354 2355/2355 2356/2356
f 2361/2361 2374/2374 2360/2360
f 2360/2360 2355/2355 2361/2361
f 2374/2374 2361/2361 2375/2375
f 2358/2358 2374/2374 2375/2375
f 2361/2361 2355/2355 2362/2362
f 2362/2362 2375/2375 2361/2361
f 2355/2355 2363/2363 2362/2362
f 2375/2375 2362/2362 2363/2363
f 2376/2376 2358/2358 2375/2375
f 2363/2363 2376/2376 2375/2375
f 2357/2357 2358/2358 2376/2376
f 2376/2376 2377/2377 2357/2357
f 2363/2363 2355/2355 2351/2351
f 2355/2355 2354/2354 2351/2351
f 2376/2376 2363/2363 2365/2365
f 2351/2351 2365/2365 2363/2363
f 2365/2365 2377/2377 2376/2376
f 2352/2352 2351/2351 2354/2354
f 2369/2369 2352/2352 2354/2354
f 2365/2365 2351/2351 2353/2353
f 2351/2351 2352/2352 2353/2353
f 2377/2377 2365/2365 2366/2366
f 2353/2353 2366/2366 2365/2365
f 2377/2377 2366/2366 2373/2373
f 2364/2364 2377/2377 2373/2373
f 2350/2350 2364/2364 2373/2373
f 2353/2353 2372/2372 2366/2366
f 2373/2373 2366/2366 2372/2372
f 2352/2352 2372/2372 2353/2353
f 2371/2371 2350/2350 2373/2373
f 2373/2373 2372/2372 2371/2371
f 1217/1217 2350/2350 2371/2371
f 2371/2371 1184/1184 1217/1217
f 1184/1184 2371/2371 1524/1524
f 2372/2372 2352/2352 2370/2370
f 2370/2370 2371/2371 2372/2372
f 2371/2371 2370/2370 1524/1524
f 2352/2352 2369/2369 2370/2370
f 2370/2370 1525/1525 1524/1524
f 1525/1525 2370/2370 2369/2369
f 485/485 717/717 715/715
f 717/717 485/485 484/484
f 817/817 715/715 717/717
f 484/484 718/718 717/717
f 718/718 484/484 483/483
f 717/717 818/818 817/817
f 818/818 717/717 718/718
f 816/816 817/817 818/818
f 817/817 816/816 819/819
f 813/813 819/819 816/816
f 818/818 820/820 816/816
f 820/820 813/813 816/816
f 718/718 821/821 818/818
f 820/820 818/818 821/821
f 483/483 719/719 718/718
f 821/821 718/718 719/719
f 719/719 483/483 482/482
f 482/482 710/710 719/719
f 814/814 813/813 820/820
f 821/821 814/814 820/820
f 814/814 776/776 813/813
f 778/778 776/776 814/814
f 814/814 780/780 778/778
f 814/814 821/821 815/815
f 780/780 814/814 815/815
f 719/719 815/815 821/821
f 815/815 719/719 710/710
f 815/815 709/709 780/780
f 709/709 815/815 710/710
f 417/417 419/419 736/736
f 419/419 417/417 420/420
f 736/736 735/735 417/417
f 418/418 420/420 417/417
f 604/604 420/420 418/418
f 414/414 417/417 735/735
f 417/417 414/414 418/418
f 735/735 733/733 414/414
f 603/603 604/604 418/418
f 413/413 414/414 733/733
f 415/415 418/418 414/414
f 603/603 418/418 415/415
f 414/414 413/413 415/415
f 602/602 603/603 415/415
f 608/608 603/603 602/602
f 676/676 608/608 602/602
f 415/415 413/413 416/416
f 602/602 415/415 416/416
f 676/676 602/602 601/601
f 601/601 602/602 416/416
f 686/686 676/676 601/601
f 601/601 705/705 686/686
f 413/413 411/411 416/416
f 601/601 416/416 411/411
f 411/411 413/413 412/412
f 410/410 411/411 412/412
f 705/705 601/601 600/600
f 600/600 601/601 411/411
f 600/600 411/411 410/410
f 705/705 600/600 599/599
f 599/599 600/600 410/410
f 1364/1364 1366/1366 1362/1362
f 1362/1362 1363/1363 1364/1364
f 1366/1366 1364/1364 1367/1367
f 1389/1389 1364/1364 1363/1363
f 1363/1363 2319/2319 1389/1389
f 2319/2319 2317/2317 1389/1389
f 1388/1388 1367/1367 1364/1364
f 1364/1364 1389/1389 1388/1388
f 1367/1367 1388/1388 1390/1390
f 1378/1378 1390/1390 1388/1388
f 1386/1386 1389/1389 2317/2317
f 1389/1389 1386/1386 1388/1388
f 1378/1378 1388/1388 1386/1386
f 2317/2317 1385/1385 1386/1386
f 1385/1385 1378/1378 1386/1386
f 1092/1092 1093/1093 1033/1033
f 1094/1094 1033/1033 1093/1093
f 1033/1033 1031/1031 1092/1092
f 1091/1091 1092/1092 1031/1031
f 1033/1033 1094/1094 1035/1035
f 1095/1095 1035/1035 1094/1094
f 1091/1091 1031/1031 1029/1029
f 1109/1109 1091/1091 1029/1029
f 1035/1035 1095/1095 1037/1037
f 1096/1096 1037/1037 1095/1095
f 1109/1109 1029/1029 1030/1030
f 1037/1037 1096/1096 1039/1039
f 1097/1097 1039/1039 1096/1096
f 1054/1054 1109/1109 1030/1030
f 1109/1109 1054/1054 1108/1108
f 1030/1030 1029/1029 1028/1028
f 1051/1051 1108/1108 1054/1054
f 1108/1108 1051/1051 1107/1107
f 1030/1030 1052/1052 1054/1054
f 1052/1052 1051/1051 1054/1054
f 1052/1052 1030/1030 1028/1028
f 1051/1051 1106/1106 1107/1107
f 1027/1027 1028/1028 1029/1029
f 1031/1031 1027/1027 1029/1029
f 1106/1106 1051/1051 1064/1064
f 1064/1064 1105/1105 1106/1106
f 1027/1027 1031/1031 1032/1032
f 1033/1033 1032/1032 1031/1031
f 1065/1065 1028/1028 1027/1027
f 1065/1065 1027/1027 1032/1032
f 1028/1028 1065/1065 1052/1052
f 1032/1032 1033/1033 1034/1034
f 1035/1035 1034/1034 1033/1033
f 1032/1032 1067/1067 1065/1065
f 1067/1067 1032/1032 1034/1034
f 1065/1065 1053/1053 1052/1052
f 1051/1051 1052/1052 1053/1053
f 1053/1053 1064/1064 1051/1051
f 1053/1053 1065/1065 1066/1066
f 1065/1065 1067/1067 1066/1066
f 1064/1064 1053/1053 1063/1063
f 1066/1066 1063/1063 1053/1053
f 1105/1105 1064/1064 1062/1062
f 1063/1063 1062/1062 1064/1064
f 1062/1062 1104/1104 1105/1105
f 1063/1063 1066/1066 1076/1076
f 1066/1066 1067/1067 1076/1076
f 1062/1062 1063/1063 1061/1061
f 1076/1076 1061/1061 1063/1063
f 1104/1104 1062/1062 1060/1060
f 1061/1061 1060/1060 1062/1062
f 1060/1060 1103/1103 1104/1104
f 1061/1061 1076/1076 1077/1077
f 1103/1103 1060/1060 1057/1057
f 1057/1057 1102/1102 1103/1103
f 1060/1060 1061/1061 1059/1059
f 1059/1059 1057/1057 1060/1060
f 1059/1059 1061/1061 1078/1078
f 1078/1078 1061/1061 1077/1077
f 1057/1057 1059/1059 1058/1058
f 1078/1078 1058/1058 1059/1059
f 1102/1102 1057/1057 1055/1055
f 1055/1055 1101/1101 1102/1102
f 1056/1056 1057/1057 1058/1058
f 1057/1057 1056/1056 1055/1055
f 1101/1101 1055/1055 1050/1050
f 1050/1050 1100/1100 1101/1101
f 1055/1055 1049/1049 1050/1050
f 1049/1049 1055/1055 1056/1056
f 1100/1100 1050/1050 1048/1048
f 1049/1049 1048/1048 1050/1050
f 1048/1048 1099/1099 1100/1100
f 1049/1049 1056/1056 1081/1081
f 1099/1099 1048/1048 1045/1045
f 1048/1048 1049/1049 1046/1046
f 1046/1046 1045/1045 1048/1048
f 1074/1074 1046/1046 1049/1049
f 1081/1081 1074/1074 1049/1049
f 1045/1045 1046/1046 1047/1047
f 1074/1074 1047/1047 1046/1046
f 1044/1044 1099/1099 1045/1045
f 1047/1047 1044/1044 1045/1045
f 1099/1099 1044/1044 1098/1098
f 1044/1044 1097/1097 1098/1098
f 1097/1097 1044/1044 1041/1041
f 1039/1039 1097/1097 1041/1041
f 1044/1044 1047/1047 1043/1043
f 1043/1043 1041/1041 1044/1044
f 1047/1047 1073/1073 1043/1043
f 1041/1041 1043/1043 1042/1042
f 1042/1042 1043/1043 1073/1073
f 1041/1041 1040/1040 1039/1039
f 1040/1040 1041/1041 1042/1042
f 1047/1047 1075/1075 1073/1073
f 1047/1047 1074/1074 1075/1075
f 1072/1072 1042/1042 1073/1073
f 1075/1075 1072/1072 1073/1073
f 1040/1040 1042/1042 1072/1072
f 1085/1085 1075/1075 1074/1074
f 1085/1085 1074/1074 1081/1081
f 1075/1075 1087/1087 1072/1072
f 1075/1075 1085/1085 1087/1087
f 1072/1072 1071/1071 1040/1040
f 1071/1071 1072/1072 1087/1087
f 1038/1038 1039/1039 1040/1040
f 1071/1071 1038/1038 1040/1040
f 1039/1039 1038/1038 1037/1037
f 1089/1089 1071/1071 1087/1087
f 1085/1085 1089/1089 1087/1087
f 1038/1038 1071/1071 1069/1069
f 1071/1071 1089/1089 1069/1069
f 1036/1036 1037/1037 1038/1038
f 1037/1037 1036/1036 1035/1035
f 1034/1034 1035/1035 1036/1036
f 1069/1069 1070/1070 1038/1038
f 1036/1036 1038/1038 1070/1070
f 1034/1034 1036/1036 1068/1068
f 1036/1036 1070/1070 1068/1068
f 1067/1067 1034/1034 1068/1068
f 1069/1069 1088/1088 1070/1070
f 1088/1088 1068/1068 1070/1070
f 1088/1088 1069/1069 1089/1089
f 1082/1082 1067/1067 1068/1068
f 1067/1067 1082/1082 1076/1076
f 1082/1082 1077/1077 1076/1076
f 1068/1068 1088/1088 1083/1083
f 1082/1082 1068/1068 1083/1083
f 1086/1086 1083/1083 1088/1088
f 1086/1086 1082/1082 1083/1083
f 1086/1086 1077/1077 1082/1082
f 1089/1089 1086/1086 1088/1088
f 1077/1077 1086/1086 1078/1078
f 1086/1086 1089/1089 1084/1084
f 1089/1089 1085/1085 1084/1084
f 1086/1086 1079/1079 1078/1078
f 1079/1079 1086/1086 1084/1084
f 1058/1058 1078/1078 1079/1079
f 1080/1080 1084/1084 1085/1085
f 1084/1084 1080/1080 1079/1079
f 1080/1080 1058/1058 1079/1079
f 1085/1085 1081/1081 1080/1080
f 1056/1056 1058/1058 1080/1080
f 1081/1081 1056/1056 1080/1080
f 2258/2258 2199/2199 2259/2259
f 2260/2260 2259/2259 2199/2199
f 2199/2199 2258/2258 2197/2197
f 2257/2257 2197/2197 2258/2258
f 2199/2199 2202/2202 2260/2260
f 2202/2202 2261/2261 2260/2260
f 2197/2197 2257/2257 2194/2194
f 2275/2275 2194/2194 2257/2257
f 2202/2202 2204/2204 2261/2261
f 2262/2262 2261/2261 2204/2204
f 2194/2194 2275/2275 2195/2195
f 2204/2204 2206/2206 2262/2262
f 2263/2263 2262/2262 2206/2206
f 2275/2275 2220/2220 2195/2195
f 2275/2275 2274/2274 2220/2220
f 2193/2193 2194/2194 2195/2195
f 2274/2274 2219/2219 2220/2220
f 2219/2219 2274/2274 2273/2273
f 2272/2272 2219/2219 2273/2273
f 2195/2195 2220/2220 2218/2218
f 2219/2219 2218/2218 2220/2220
f 2195/2195 2218/2218 2193/2193
f 2272/2272 2230/2230 2219/2219
f 2271/2271 2230/2230 2272/2272
f 2217/2217 2218/2218 2219/2219
f 2230/2230 2217/2217 2219/2219
f 2218/2218 2231/2231 2193/2193
f 2217/2217 2231/2231 2218/2218
f 2194/2194 2193/2193 2196/2196
f 2193/2193 2231/2231 2196/2196
f 2196/2196 2197/2197 2194/2194
f 2197/2197 2196/2196 2198/2198
f 2231/2231 2198/2198 2196/2196
f 2198/2198 2199/2199 2197/2197
f 2231/2231 2217/2217 2232/2232
f 2199/2199 2198/2198 2200/2200
f 2202/2202 2199/2199 2200/2200
f 2198/2198 2231/2231 2233/2233
f 2233/2233 2200/2200 2198/2198
f 2231/2231 2232/2232 2233/2233
f 2200/2200 2201/2201 2202/2202
f 2204/2204 2202/2202 2201/2201
f 2200/2200 2233/2233 2234/2234
f 2234/2234 2201/2201 2200/2200
f 2201/2201 2203/2203 2204/2204
f 2206/2206 2204/2204 2203/2203
f 2201/2201 2234/2234 2235/2235
f 2235/2235 2203/2203 2201/2201
f 2248/2248 2234/2234 2233/2233
f 2203/2203 2235/2235 2236/2236
f 2235/2235 2234/2234 2254/2254
f 2236/2236 2235/2235 2254/2254
f 2234/2234 2248/2248 2249/2249
f 2249/2249 2254/2254 2234/2234
f 2248/2248 2233/2233 2242/2242
f 2232/2232 2242/2242 2233/2233
f 2252/2252 2249/2249 2248/2248
f 2249/2249 2252/2252 2254/2254
f 2248/2248 2242/2242 2243/2243
f 2243/2243 2252/2252 2248/2248
f 2232/2232 2229/2229 2242/2242
f 2229/2229 2232/2232 2217/2217
f 2229/2229 2217/2217 2230/2230
f 2242/2242 2227/2227 2243/2243
f 2227/2227 2242/2242 2229/2229
f 2229/2229 2230/2230 2228/2228
f 2227/2227 2229/2229 2228/2228
f 2271/2271 2228/2228 2230/2230
f 2228/2228 2271/2271 2270/2270
f 2226/2226 2228/2228 2270/2270
f 2227/2227 2228/2228 2226/2226
f 2226/2226 2270/2270 2269/2269
f 2227/2227 2244/2244 2243/2243
f 2252/2252 2243/2243 2244/2244
f 2225/2225 2227/2227 2226/2226
f 2244/2244 2227/2227 2225/2225
f 2223/2223 2226/2226 2269/2269
f 2225/2225 2226/2226 2223/2223
f 2223/2223 2269/2269 2268/2268
f 2244/2244 2225/2225 2224/2224
f 2224/2224 2225/2225 2223/2223
f 2252/2252 2244/2244 2245/2245
f 2245/2245 2244/2244 2224/2224
f 2221/2221 2223/2223 2268/2268
f 2267/2267 2221/2221 2268/2268
f 2223/2223 2222/2222 2224/2224
f 2222/2222 2223/2223 2221/2221
f 2224/2224 2246/2246 2245/2245
f 2246/2246 2224/2224 2222/2222
f 2221/2221 2267/2267 2215/2215
f 2267/2267 2266/2266 2215/2215
f 2221/2221 2216/2216 2222/2222
f 2216/2216 2221/2221 2215/2215
f 2215/2215 2266/2266 2211/2211
f 2215/2215 2211/2211 2216/2216
f 2265/2265 2211/2211 2266/2266
f 2247/2247 2222/2222 2216/2216
f 2222/2222 2247/2247 2246/2246
f 2216/2216 2211/2211 2213/2213
f 2216/2216 2240/2240 2247/2247
f 2240/2240 2216/2216 2213/2213
f 2211/2211 2265/2265 2212/2212
f 2211/2211 2212/2212 2213/2213
f 2265/2265 2210/2210 2212/2212
f 2210/2210 2265/2265 2264/2264
f 2263/2263 2210/2210 2264/2264
f 2214/2214 2213/2213 2212/2212
f 2210/2210 2214/2214 2212/2212
f 2213/2213 2214/2214 2240/2240
f 2210/2210 2263/2263 2208/2208
f 2206/2206 2208/2208 2263/2263
f 2214/2214 2210/2210 2209/2209
f 2208/2208 2209/2209 2210/2210
f 2208/2208 2206/2206 2205/2205
f 2203/2203 2205/2205 2206/2206
f 2209/2209 2208/2208 2207/2207
f 2205/2205 2207/2207 2208/2208
f 2239/2239 2214/2214 2209/2209
f 2207/2207 2239/2239 2209/2209
f 2205/2205 2203/2203 2237/2237
f 2203/2203 2236/2236 2237/2237
f 2205/2205 2238/2238 2207/2207
f 2239/2239 2207/2207 2238/2238
f 2238/2238 2205/2205 2237/2237
f 2214/2214 2239/2239 2241/2241
f 2238/2238 2241/2241 2239/2239
f 2240/2240 2214/2214 2241/2241
f 2237/2237 2253/2253 2238/2238
f 2241/2241 2238/2238 2253/2253
f 2241/2241 2250/2250 2240/2240
f 2250/2250 2241/2241 2253/2253
f 2250/2250 2247/2247 2240/2240
f 2247/2247 2250/2250 2246/2246
f 2237/2237 2255/2255 2253/2253
f 2255/2255 2250/2250 2253/2253
f 2237/2237 2236/2236 2255/2255
f 2236/2236 2254/2254 2255/2255
f 2252/2252 2255/2255 2254/2254
f 2246/2246 2250/2250 2251/2251
f 2250/2250 2255/2255 2251/2251
f 2255/2255 2252/2252 2251/2251
f 2251/2251 2245/2245 2246/2246
f 2245/2245 2251/2251 2252/2252
o sho_head_male_japanese.eyes
v -0.018226575 0.11838657 1.6884032
v -0.029116914 0.12402402 1.6833847
v -0.029267393 0.118230954 1.6822355
v 0.018226344 0.11838657 1.6884032
v 0.029267162 0.11823123 1.6822355
v 0.031317927 0.123186745 1.682438
v -0.030201307 0.13219656 1.6921253
v -0.03168357 0.12889473 1.6864109
v -0.032583736 0.132163 1.6917629
v -0.026884846 0.12896237 1.6870257
v -0.046846405 0.123772115 1.6957583
v -0.044133563 0.12381036 1.7064681
v -0.04273244 0.128739 1.7026448
v -0.043736547 0.12872484 1.6983641
v -0.027798006 0.13223043 1.7020011
v -0.02131734 0.12904085 1.7017288
v -0.026490642 0.13224886 1.6999719
v -0.02225319 0.12902765 1.7052197
v -0.034547403 0.11815651 1.7132937
v -0.045405205 0.11800347 1.7072068
v -0.03405261 0.12395245 1.7120813
v -0.01515263 0.11842989 1.700034
v -0.01869256 0.12416895 1.6890639
v -0.015916983 0.124208085 1.6997366
v -0.018226575 0.11838657 1.6884032
v -0.026205074 0.12897195 1.7079077
v -0.022494227 0.12411536 1.7093602
v -0.030827582 0.1289068 1.7089949
v -0.032107208 0.1321697 1.7039794
v -0.03550528 0.12884086 1.7083732
v -0.03448562 0.13213618 1.7036159
v -0.022090247 0.1183321 1.7103634
v -0.040146872 0.12877545 1.7056361
v -0.03793203 0.1320876 1.7004545
v -0.03653261 0.13210732 1.7023786
v -0.040277064 0.12877363 1.6901882
v -0.040687248 0.123858936 1.6861657
v -0.043056868 0.12873444 1.6940073
v -0.029116914 0.12402402 1.6833847
v -0.029267393 0.118230954 1.6822355
v -0.04168564 0.1180559 1.6852436
v -0.03635111 0.12882896 1.6875051
v -0.034921024 0.13213004 1.6923295
v -0.022839807 0.1290194 1.6894023
v -0.02052559 0.12905201 1.6975422
v -0.021636661 0.12903637 1.6932926
v -0.03231072 0.13331822 1.6978706
v -0.02603429 0.13225532 1.6976434
v -0.026631873 0.13224688 1.6953348
v -0.028135309 0.13222569 1.6933787
v -0.03685999 0.13210273 1.69374
v -0.03810126 0.13208523 1.6957793
v -0.038481526 0.13207987 1.6981369
v -0.02975594 0.13220283 1.7034117
v -0.04832306 0.11796234 1.6956191
v 0.031683348 0.12889473 1.6864109
v 0.030201076 0.13219656 1.6921253
v 0.032583512 0.132163 1.6917629
v 0.026884615 0.12896237 1.6870257
v 0.04273221 0.128739 1.7026448
v 0.04413333 0.12381036 1.7064681
v 0.04684618 0.123772115 1.6957583
v 0.043736324 0.12872484 1.6983641
v 0.027797775 0.13223043 1.7020011
v 0.02131711 0.12904085 1.7017288
v 0.022252958 0.12902765 1.7052197
v 0.02649041 0.13224886 1.6999719
v 0.034547172 0.11815651 1.7132937
v 0.03405238 0.12395245 1.7120813
v 0.045404974 0.11800347 1.7072068
v 0.015916752 0.124208085 1.6997366
v 0.01869233 0.12416895 1.6890639
v 0.015152401 0.11842989 1.700034
v 0.018226344 0.11838657 1.6884032
v 0.026204843 0.12897195 1.7079077
v 0.03082735 0.1289068 1.7089949
v 0.022493996 0.12411536 1.7093602
v 0.03550505 0.12884086 1.7083732
v 0.032106977 0.1321697 1.7039794
v 0.03448539 0.13213618 1.7036159
v 0.022090016 0.1183321 1.7103634
v 0.04014664 0.12877545 1.7056361
v 0.0379318 0.1320876 1.7004545
v 0.03653238 0.13210732 1.7023786
v 0.04027684 0.12877363 1.6901882
v 0.043056644 0.12873444 1.6940073
v 0.040687025 0.123858936 1.6861657
v 0.031317927 0.123186745 1.682438
v 0.031550035 0.11739637 1.6812888
v 0.041685417 0.1180559 1.6852436
v 0.036350887 0.12882896 1.6875051
v 0.0349208 0.13213004 1.6923295
v 0.029116683 0.12402402 1.6833847
v 0.022839576 0.1290194 1.6894023
v 0.031317927 0.123186745 1.682438
v 0.020525359 0.12905201 1.6975422
v 0.02163643 0.12903637 1.6932926
v 0.032310497 0.13331822 1.6978706
v 0.026631642 0.13224688 1.6953348
v 0.026034059 0.13225532 1.6976434
v 0.028135078 0.13222569 1.6933787
v 0.036859766 0.13210273 1.69374
v 0.038101036 0.13208523 1.6957793
v 0.038481303 0.13207987 1.6981369
v 0.02975571 0.13220283 1.7034117
v 0.048322838 0.11796234 1.6956191
vt 0.0711 0.6895
vt 0.3748 0.8273
vt 0.3343 0.9295
vt 0.0711 0.6895
vt 0.3343 0.9295
vt 0.3748 0.8273
vt 0.452106 0.607795
vt 0.456 0.81589997
vt 0.49841 0.625789
vt 0.34149998 0.7722
vt 0.8278 0.62549996
vt 0.8205 0.3577
vt 0.81949997 0.43260002
vt 0.8226 0.5579
vt 0.446494 0.39575398
vt 0.2417 0.33530003
vt 0.412158 0.431741
vt 0.3275 0.24430001
vt 0.6666 0.0711
vt 0.9297 0.31089997
vt 0.626 0.1731
vt 0.0711 0.33380002
vt 0.1803 0.64320004
vt 0.173 0.37480003
vt 0.0711 0.6895
vt 0.4393 0.19440001
vt 0.3577 0.1803
vt 0.5647 0.19129997
vt 0.541826 0.37379903
vt 0.6791 0.2349
vt 0.58813 0.39187503
vt 0.3114 0.0711
vt 0.7696 0.32130003
vt 0.644834 0.471689
vt 0.624199 0.426211
vt 0.6931 0.7628
vt 0.6432 0.8205
vt 0.7789 0.6723
vt 0.3748 0.8273
vt 0.3343 0.9295
vt 0.6895 0.9295
vt 0.5813 0.81270003
vt 0.548264 0.62446797
vt 0.251 0.6864
vt 0.198 0.44919997
vt 0.2011 0.5746
vt 0.520366 0.5
vt 0.394164 0.478127
vt 0.39581499 0.527898
vt 0.416037 0.573459
vt 0.593742 0.603916
vt 0.628078 0.567847
vt 0.646072 0.52146
vt 0.491972 0.37553203
vt 0.9297 0.6666
vt 0.456 0.81589997
vt 0.452106 0.607795
vt 0.49841 0.625789
vt 0.34149998 0.7722
vt 0.81949997 0.43260002
vt 0.8205 0.3577
vt 0.8278 0.62549996
vt 0.8226 0.5579
vt 0.446494 0.39575398
vt 0.2417 0.33530003
vt 0.3275 0.24430001
vt 0.412158 0.431741
vt 0.6666 0.0711
vt 0.626 0.1731
vt 0.9297 0.31089997
vt 0.173 0.37480003
vt 0.1803 0.64320004
vt 0.0711 0.33380002
vt 0.0711 0.6895
vt 0.4393 0.19440001
vt 0.5647 0.19129997
vt 0.3577 0.1803
vt 0.6791 0.2349
vt 0.541826 0.37379903
vt 0.58813 0.39187503
vt 0.3114 0.0711
vt 0.7696 0.32130003
vt 0.644834 0.471689
vt 0.624199 0.426211
vt 0.6931 0.7628
vt 0.7789 0.6723
vt 0.6432 0.8205
vt 0.3748 0.8273
vt 0.3343 0.9295
vt 0.6895 0.9295
vt 0.5813 0.81270003
vt 0.548264 0.62446797
vt 0.3748 0.8273
vt 0.251 0.6864
vt 0.3748 0.8273
vt 0.198 0.44919997
vt 0.2011 0.5746
vt 0.520366 0.5
vt 0.39581499 0.527898
vt 0.394164 0.478127
vt 0.416037 0.573459
vt 0.593742 0.603916
vt 0.628078 0.567847
vt 0.646072 0.52146
vt 0.491972 0.37553203
vt 0.9297 0.6666
f 2488/2488 2489/2489 2490/2490
f 2491/2491 2492/2492 2493/2493
f 2582/2582 2561/2561 2559/2559
f 2560/2560 2559/2559 2561/2561
f 2558/2558 2559/2559 2560/2560
f 2560/2560 2564/2564 2558/2558
f 2564/2564 2560/2560 2568/2568
f 2558/2558 2584/2584 2559/2559
f 2568/2568 2556/2556 2564/2564
f 2556/2556 2568/2568 2555/2555
f 2553/2553 2558/2558 2564/2564
f 2555/2555 2548/2548 2556/2556
f 2548/2548 2555/2555 2557/2557
f 2557/2557 2593/2593 2548/2548
f 2562/2562 2553/2553 2564/2564
f 2564/2564 2556/2556 2562/2562
f 2558/2558 2553/2553 2552/2552
f 2551/2551 2553/2553 2562/2562
f 2551/2551 2552/2552 2553/2553
f 2552/2552 2583/2583 2558/2558
f 2558/2558 2583/2583 2584/2584
f 2587/2587 2583/2583 2552/2552
f 2587/2587 2584/2584 2583/2583
f 2552/2552 2551/2551 2554/2554
f 2552/2552 2554/2554 2587/2587
f 2551/2551 2562/2562 2592/2592
f 2585/2585 2554/2554 2551/2551
f 2585/2585 2587/2587 2554/2554
f 2585/2585 2551/2551 2592/2592
f 2584/2584 2587/2587 2586/2586
f 2585/2585 2586/2586 2587/2587
f 2592/2592 2562/2562 2563/2563
f 2562/2562 2556/2556 2563/2563
f 2563/2563 2566/2566 2592/2592
f 2585/2585 2592/2592 2566/2566
f 2565/2565 2563/2563 2556/2556
f 2563/2563 2565/2565 2566/2566
f 2556/2556 2569/2569 2565/2565
f 2569/2569 2556/2556 2548/2548
f 2565/2565 2567/2567 2566/2566
f 2569/2569 2567/2567 2565/2565
f 2585/2585 2566/2566 2567/2567
f 2567/2567 2569/2569 2571/2571
f 2585/2585 2567/2567 2571/2571
f 2569/2569 2570/2570 2571/2571
f 2585/2585 2571/2571 2570/2570
f 2547/2547 2569/2569 2548/2548
f 2570/2570 2569/2569 2547/2547
f 2547/2547 2548/2548 2549/2549
f 2548/2548 2593/2593 2549/2549
f 2550/2550 2570/2570 2547/2547
f 2547/2547 2549/2549 2550/2550
f 2570/2570 2550/2550 2591/2591
f 2585/2585 2570/2570 2591/2591
f 2591/2591 2550/2550 2573/2573
f 2573/2573 2550/2550 2549/2549
f 2591/2591 2573/2573 2590/2590
f 2585/2585 2591/2591 2590/2590
f 2549/2549 2572/2572 2573/2573
f 2573/2573 2572/2572 2590/2590
f 2593/2593 2574/2574 2549/2549
f 2572/2572 2549/2549 2574/2574
f 2574/2574 2593/2593 2577/2577
f 2574/2574 2577/2577 2576/2576
f 2575/2575 2574/2574 2576/2576
f 2575/2575 2578/2578 2574/2574
f 2578/2578 2572/2572 2574/2574
f 2578/2578 2575/2575 2543/2543
f 2572/2572 2589/2589 2590/2590
f 2585/2585 2590/2590 2589/2589
f 2572/2572 2579/2579 2589/2589
f 2579/2579 2572/2572 2578/2578
f 2585/2585 2589/2589 2579/2579
f 2578/2578 2545/2545 2579/2579
f 2585/2585 2579/2579 2545/2545
f 2545/2545 2578/2578 2543/2543
f 2585/2585 2545/2545 2544/2544
f 2543/2543 2544/2544 2545/2545
f 2585/2585 2544/2544 2588/2588
f 2585/2585 2588/2588 2586/2586
f 2544/2544 2543/2543 2546/2546
f 2546/2546 2588/2588 2544/2544
f 2546/2546 2543/2543 2580/2580
f 2584/2584 2586/2586 2588/2588
f 2580/2580 2581/2581 2546/2546
f 2588/2588 2546/2546 2581/2581
f 2588/2588 2581/2581 2584/2584
f 2581/2581 2580/2580 2559/2559
f 2584/2584 2581/2581 2559/2559
f 2524/2524 2527/2527 2528/2528
f 2542/2542 2524/2524 2528/2528
f 2524/2524 2526/2526 2527/2527
f 2524/2524 2542/2542 2498/2498
f 2526/2526 2524/2524 2529/2529
f 2499/2499 2498/2498 2542/2542
f 2542/2542 2507/2507 2499/2499
f 2506/2506 2499/2499 2507/2507
f 2498/2498 2523/2523 2524/2524
f 2529/2529 2524/2524 2523/2523
f 2499/2499 2506/2506 2508/2508
f 2519/2519 2508/2508 2506/2506
f 2498/2498 2499/2499 2500/2500
f 2508/2508 2519/2519 2514/2514
f 2509/2509 2514/2514 2519/2519
f 2508/2508 2520/2520 2499/2499
f 2500/2500 2499/2499 2520/2520
f 2514/2514 2509/2509 2511/2511
f 2498/2498 2500/2500 2501/2501
f 2509/2509 2510/2510 2511/2511
f 2510/2510 2509/2509 2512/2512
f 2526/2526 2510/2510 2512/2512
f 2525/2525 2498/2498 2501/2501
f 2523/2523 2498/2498 2525/2525
f 2521/2521 2501/2501 2500/2500
f 2520/2520 2521/2521 2500/2500
f 2540/2540 2525/2525 2501/2501
f 2501/2501 2521/2521 2540/2540
f 2525/2525 2540/2540 2539/2539
f 2525/2525 2539/2539 2523/2523
f 2534/2534 2540/2540 2521/2521
f 2534/2534 2539/2539 2540/2540
f 2523/2523 2539/2539 2538/2538
f 2534/2534 2538/2538 2539/2539
f 2530/2530 2523/2523 2538/2538
f 2534/2534 2530/2530 2538/2538
f 2523/2523 2530/2530 2529/2529
f 2496/2496 2529/2529 2530/2530
f 2534/2534 2496/2496 2530/2530
f 2529/2529 2496/2496 2495/2495
f 2526/2526 2529/2529 2495/2495
f 2494/2494 2495/2495 2496/2496
f 2534/2534 2494/2494 2496/2496
f 2497/2497 2526/2526 2495/2495
f 2495/2495 2494/2494 2497/2497
f 2531/2531 2526/2526 2497/2497
f 2526/2526 2531/2531 2510/2510
f 2537/2537 2497/2497 2494/2494
f 2497/2497 2537/2537 2531/2531
f 2534/2534 2537/2537 2494/2494
f 2533/2533 2510/2510 2531/2531
f 2531/2531 2537/2537 2533/2533
f 2511/2511 2510/2510 2533/2533
f 2533/2533 2537/2537 2536/2536
f 2534/2534 2536/2536 2537/2537
f 2535/2535 2533/2533 2536/2536
f 2534/2534 2535/2535 2536/2536
f 2511/2511 2533/2533 2532/2532
f 2533/2533 2535/2535 2532/2532
f 2503/2503 2511/2511 2532/2532
f 2535/2535 2503/2503 2532/2532
f 2505/2505 2511/2511 2503/2503
f 2511/2511 2505/2505 2514/2514
f 2503/2503 2535/2535 2504/2504
f 2534/2534 2504/2504 2535/2535
f 2502/2502 2503/2503 2504/2504
f 2503/2503 2502/2502 2505/2505
f 2534/2534 2502/2502 2504/2504
f 2513/2513 2514/2514 2505/2505
f 2502/2502 2513/2513 2505/2505
f 2513/2513 2508/2508 2514/2514
f 2513/2513 2502/2502 2541/2541
f 2534/2534 2541/2541 2502/2502
f 2508/2508 2513/2513 2515/2515
f 2541/2541 2515/2515 2513/2513
f 2517/2517 2508/2508 2515/2515
f 2520/2520 2508/2508 2517/2517
f 2515/2515 2541/2541 2516/2516
f 2515/2515 2516/2516 2517/2517
f 2534/2534 2516/2516 2541/2541
f 2517/2517 2516/2516 2518/2518
f 2534/2534 2518/2518 2516/2516
f 2520/2520 2517/2517 2518/2518
f 2534/2534 2522/2522 2518/2518
f 2522/2522 2520/2520 2518/2518
f 2534/2534 2521/2521 2522/2522
f 2521/2521 2520/2520 2522/2522
o sho_head_male_japanese.lod1
v -0.085176915 -0.016264448 1.5356042
v -0.0971715 -0.043842237 1.5223324
v -0.07577849 -0.04069576 1.5362786
v -0.10643484 -0.022277983 1.5230687
v -2.1087766E-08 -0.062016252 1.5258738
v -0.032047305 -0.07833737 1.5008787
v -2.2051038E-08 -0.07727339 1.4972314
v -0.02971352 -0.06066803 1.5298951
v -0.07546105 -0.06993815 1.5102818
v -0.057060502 -0.053958576 1.534313
v -0.106296 0.021156326 1.5072099
v -0.082407854 0.01636599 1.5274676
v -0.08784655 0.044408966 1.4996889
v -1.7410173E-08 0.095690615 1.4473602
v -1.7337381E-08 0.11634137 1.4126954
v -0.039251447 0.10184113 1.4540642
v -0.031294227 0.07996818 1.4818513
v -0.072586685 0.075571164 1.4857354
v -1.75268E-08 0.075966686 1.4776592
v -0.011721121 0.07346995 1.4874588
v -1.7478305E-08 0.071708575 1.4885951
v -0.021062467 -0.04333925 1.5590688
v -0.040426742 -0.038736586 1.5621753
v -0.024581825 -0.05128603 1.5451072
v -0.046905465 -0.045636173 1.5490998
v -0.06945229 0.037593964 1.5133778
v -0.055480953 -0.02680433 1.5623798
v -0.063115485 -0.011502385 1.5595363
v -0.07245389 -0.014835887 1.5485528
v -0.06392616 -0.03275144 1.5506794
v -0.053199373 0.0560709 1.5033168
v -0.05526047 0.036449622 1.5263648
v -0.043997776 0.051889863 1.521672
v -0.029045776 0.063374944 1.5352488
v -0.030518629 0.06457518 1.5195234
v -0.04092873 0.053008333 1.5373954
v -0.032653593 0.069293104 1.5026913
v -1.7228869E-08 0.06445024 1.5171849
v -0.014886865 0.0705592 1.5030339
v -0.015263267 0.068717055 1.5188076
v -1.7394791E-08 0.06702329 1.5024271
v -2.0009681E-08 -0.043056272 1.5543708
v -2.0564375E-08 -0.05297772 1.5400225
v -1.7002078E-08 0.06335771 1.5327772
v -0.014862866 0.06746042 1.5338981
v -0.05167727 0.04166904 1.5410081
v -0.06499487 0.0030571406 1.5548
v -0.07428859 0.0011653866 1.544023
v -0.08688825 0.00116423 1.5321845
v -0.0012991667 0.14878336 1.6396832
v -0.003795732 0.14997464 1.6342419
v -0.004347587 0.14900768 1.6399441
v -0.0010235511 0.14977488 1.6343067
v -0.0112884985 0.13795662 1.6014237
v -0.013577534 0.13914764 1.6080687
v -0.009515655 0.14018452 1.6069546
v -0.016795209 0.13627337 1.603563
v -0.021490304 0.13494062 1.6059206
v -0.021665847 0.13602678 1.611769
v -0.018001096 0.13793772 1.6097008
v -0.025293177 0.1331049 1.6088333
v -0.027061483 0.13358837 1.6191835
v -0.030196074 0.13077106 1.6154407
v -0.031547792 0.1311019 1.6187673
v -0.025766376 0.13316168 1.6167357
v -0.008259149 0.14773476 1.6401944
v -0.010570175 0.1468172 1.6339006
v -0.011533241 0.14538068 1.6401584
v -0.0074949088 0.14873236 1.6343836
v -0.0070831007 0.14975059 1.6290863
v -0.010002233 0.14859666 1.6286384
v -0.016922241 0.14292921 1.6319324
v -0.013100722 0.1471293 1.6278373
v -0.016263576 0.14535505 1.626785
v -0.013653155 0.14481594 1.632977
v -0.024078593 0.1362683 1.6213199
v -0.027125755 0.13592021 1.6250973
v -0.022452947 0.13797614 1.6221542
v -0.027621103 0.13508174 1.6233095
v -0.017806398 0.13915788 1.6146706
v -0.014495609 0.14160803 1.6130543
v -0.01070666 0.14374432 1.6115917
v -0.008123297 0.14480706 1.6110322
v -0.0134736495 0.1500734 1.6532755
v -0.01696139 0.14376026 1.652378
v -0.0141819725 0.15007207 1.6546575
v -0.015820868 0.14294517 1.6475513
v -0.0072303074 0.16125193 1.6561182
v -0.0032635343 0.16415861 1.6557958
v -0.0062513105 0.1602438 1.6538126
v -0.0032866779 0.16239537 1.6528754
v -0.010097219 0.15576191 1.6547742
v -0.0102788275 0.1564199 1.6562078
v -0.013599821 0.14950915 1.659469
v -0.010904029 0.1560322 1.6584489
v -0.014184095 0.15006453 1.6568584
v -0.0113510005 0.15530126 1.661166
v -0.0031342723 0.16309421 1.6619446
v -0.007594833 0.16111338 1.6589212
v -0.007877377 0.16021976 1.6618792
v -0.0031561183 0.1641774 1.6591011
v -0.016822796 0.14373006 1.655166
v -0.017123 0.14251028 1.6583443
v -0.005304748 0.15133476 1.6826454
v -0.0013064942 0.15131521 1.6854335
v -0.0016965974 0.15332863 1.682065
v -0.004668244 0.14966111 1.6860956
v -0.0078953225 0.14714795 1.6861035
v -0.011865425 0.14430696 1.6816895
v -0.01061636 0.14339602 1.685355
v -0.008722613 0.1483088 1.682537
v -0.01618048 0.14012028 1.6807188
v -0.014218696 0.13880888 1.6842055
v -0.05995482 0.11387409 1.7011701
v -0.062383857 0.10882196 1.6952405
v -0.06341482 0.10900234 1.702791
v -0.058984082 0.11350832 1.6949537
v -0.059415095 0.115337014 1.7077985
v -0.06267902 0.11036532 1.7110174
v -0.05751537 0.118268274 1.7141074
v -0.060243018 0.11317952 1.7193656
v -0.055532806 0.11797531 1.7251302
v -0.048794754 0.12627266 1.7230842
v -0.053868383 0.12220367 1.7193007
v -0.049167395 0.12225416 1.7287649
v -0.04291593 0.12978698 1.725522
v -0.042538308 0.12568861 1.7309688
v -0.036267836 0.12895067 1.7321688
v -0.030605108 0.13598636 1.7274079
v -0.036731206 0.13288783 1.7267253
v -0.030336328 0.13233797 1.7332551
v -0.048562 0.12683369 1.707818
v -0.043209113 0.13150461 1.7061695
v -0.046982937 0.12834218 1.7042487
v -0.044152886 0.13004257 1.709788
v -0.051458538 0.12406811 1.7149494
v -0.044957437 0.12840827 1.7135025
v -0.04960216 0.12554425 1.7109299
v -0.047151424 0.12804535 1.7182546
v -0.029970791 0.13981868 1.7161897
v -0.0343785 0.13632676 1.7114383
v -0.03522155 0.13599862 1.716503
v -0.028794065 0.13878492 1.7104795
v -0.030931866 0.13911302 1.721878
v -0.036801368 0.13583852 1.7214704
v -0.042240057 0.13213743 1.7203186
v -0.040131606 0.13186942 1.7158296
v -0.039306536 0.13305967 1.711341
v -0.038847707 0.13440932 1.7075603
v -0.034146983 0.13703541 1.7074598
v -0.02897616 0.13867624 1.7061281
v -0.04949795 0.12301659 1.691926
v -0.04734459 0.12587866 1.6934067
v -0.04806868 0.1251094 1.6900144
v -0.04611465 0.12756556 1.6922351
v -0.051988248 0.12064939 1.6911354
v -0.050390217 0.12306437 1.6882381
v -0.053251907 0.12127402 1.6865168
v -0.054641392 0.11830102 1.6902776
v -0.042095594 0.13147673 1.6899161
v -0.042849503 0.12985735 1.6869205
v -0.045808773 0.12739329 1.6884241
v -0.044360958 0.12946327 1.690981
v -0.044179425 0.12845154 1.6838119
v -0.04764608 0.12564775 1.6859014
v -0.05232593 0.122089006 1.7012339
v -0.05210177 0.12140399 1.697907
v -0.05444015 0.11930943 1.6989315
v -0.054515623 0.12008346 1.7033706
v -0.056841027 0.11701914 1.6999726
v -0.056446288 0.11824559 1.7053336
v -0.052904982 0.12247436 1.7076881
v -0.054839093 0.12087505 1.7104731
v -0.0513337 0.1237753 1.704746
v -0.05054168 0.12385957 1.6999643
v -0.050380833 0.12255668 1.6970489
v -0.04940795 0.12550956 1.7019565
v -0.050673213 0.12142711 1.6943855
v -0.048206806 0.12443354 1.6941314
v -0.053152587 0.11927364 1.6948944
v -0.055809952 0.11684369 1.6951787
v -0.020586636 0.13448898 1.6841588
v -0.02194157 0.13628455 1.6802754
v -0.028573636 0.13427752 1.6838205
v -0.034844115 0.13294509 1.6813207
v -0.034622975 0.13343567 1.6844769
v -0.028711686 0.13431703 1.6804247
v -0.035761654 0.13518873 1.6521854
v -0.028922303 0.13813126 1.6511227
v -0.034373783 0.13578871 1.6487279
v -0.030084278 0.13791256 1.654718
v -0.023933474 0.14043027 1.6567214
v -0.023161879 0.14030576 1.6533729
v -0.029515563 0.13501897 1.6876361
v -0.034756288 0.13498662 1.6880238
v -0.020164777 0.13578115 1.7011507
v -0.01751002 0.13603154 1.703525
v -0.017866362 0.13390693 1.6979357
v -0.014307067 0.134089 1.6987661
v -0.0147883585 0.13403243 1.6882656
v -0.016274197 0.13256097 1.6935709
v -0.012900287 0.13362233 1.693382
v -0.017645018 0.1325553 1.6896682
v -0.023621602 0.13376345 1.6873347
v -0.01135682 0.13798845 1.688447
v -0.009511329 0.13675475 1.6937089
v -0.0010624352 0.14927243 1.6891925
v -0.004036567 0.14791667 1.6899487
v -0.0067437068 0.14565593 1.6900301
v -0.009050208 0.14229384 1.6894568
v -0.0011006574 0.14701228 1.6934559
v -0.0035710498 0.14596172 1.6940727
v -0.0058559673 0.14411944 1.6943244
v -0.0076646805 0.1411532 1.694064
v -0.024294946 0.1354018 1.7336894
v -0.01870074 0.1407549 1.7275214
v -0.024617545 0.13878791 1.7277404
v -0.018565793 0.13746952 1.733861
v -0.018681593 0.14272326 1.7215694
v -0.023826772 0.14211024 1.7155286
v -0.024774397 0.14139535 1.7217976
v -0.017825611 0.14317612 1.7156043
v -0.021941455 0.1387554 1.7088056
v -0.015707389 0.14082322 1.7101892
v -0.012357282 0.13716242 1.7055539
v -0.009849401 0.1363439 1.6994606
v -0.0010712418 0.14465238 1.7033422
v -0.0032787253 0.14448093 1.6988286
v -0.0034534107 0.14400958 1.7041216
v -0.0011220189 0.1451579 1.6981614
v -0.0058883773 0.14254098 1.70452
v -0.0074000135 0.14040661 1.6993228
v -0.0083785765 0.14040062 1.7050598
v -0.005441882 0.14299038 1.699162
v -0.0015445633 0.14620958 1.7144992
v -0.004322783 0.14476508 1.7095325
v -0.0049747527 0.14564785 1.7149563
v -0.0013703118 0.14536743 1.7089585
v -0.0085015325 0.1448356 1.71537
v -0.010898732 0.14248061 1.710304
v -0.01248983 0.14405541 1.715626
v -0.007505398 0.14386146 1.7099243
v -0.0015933776 0.1459244 1.7200394
v -0.005189175 0.14532834 1.7205509
v -0.008954491 0.14453022 1.7210641
v -0.013131986 0.14372624 1.7214321
v -0.004939267 0.14357604 1.7260697
v -0.0017570228 0.14117932 1.7307057
v -0.0020740228 0.14399767 1.7254839
v -0.004104561 0.14092226 1.7311362
v -0.007910724 0.13977373 1.7327229
v -0.01334383 0.14190042 1.7273093
v -0.01298175 0.13879456 1.7335558
v -0.008821168 0.142728 1.726905
v -0.045414895 0.12686904 1.637359
v -0.046428338 0.12403641 1.6314335
v -0.04998551 0.120410115 1.6336708
v -0.048733257 0.12420962 1.6402149
v -0.0454157 0.11968268 1.6190102
v -0.04981879 0.117531866 1.6266636
v -0.046433654 0.12172359 1.6252233
v -0.048426792 0.11531844 1.6195648
v -0.04298798 0.11889868 1.6127607
v -0.046024173 0.11393761 1.6124948
v -0.03320149 0.11724798 1.5916249
v -0.038383964 0.11486638 1.5984441
v -0.030580176 0.122664146 1.5949116
v -0.035492875 0.120416485 1.6006048
v -0.019366957 0.124097325 1.5788333
v -0.027059292 0.12054187 1.5849454
v -0.017790824 0.1303038 1.5840995
v -0.024625449 0.12620369 1.5893407
v -0.013749068 0.13653333 1.595784
v -0.0158933 0.13431995 1.589946
v -0.02239449 0.13051215 1.5938921
v -0.019858722 0.1333204 1.5987417
v -0.027850708 0.12721732 1.5982767
v -0.028982285 0.12933739 1.6058537
v -0.02485643 0.13141984 1.6019547
v -0.032428566 0.12511122 1.603066
v -0.036468346 0.12815808 1.6186008
v -0.039298523 0.12346347 1.6132752
v -0.041344173 0.12422421 1.6186042
v -0.03481898 0.12767881 1.6142288
v -0.037266526 0.12906575 1.6228627
v -0.04239953 0.12574789 1.6239243
v -0.036676805 0.13207369 1.6308448
v -0.0373699 0.13044687 1.6269965
v -0.042539228 0.12753013 1.6292343
v -0.041399755 0.12970074 1.6340508
v -0.032369602 0.13637154 1.6446192
v -0.027620684 0.13809475 1.6472362
v -0.029211093 0.13685903 1.6396075
v -0.025037793 0.13880736 1.6418407
v -0.02239307 0.1398846 1.6496999
v -0.020870022 0.14084081 1.6443174
v -0.015032696 0.14332785 1.6397883
v -0.018866586 0.14141381 1.6381919
v -0.022641048 0.13974938 1.6363976
v -0.025891278 0.13816597 1.6345775
v -0.031790495 0.13390678 1.6278423
v -0.032291118 0.13281211 1.6250618
v -0.03228846 0.13186394 1.6220179
v -0.022605965 0.13914908 1.6293999
v -0.018453127 0.14334501 1.625456
v -0.02012467 0.14121257 1.624379
v -0.01997575 0.14092559 1.6307564
v -0.02767835 0.13423172 1.6213775
v -0.024204705 0.13555115 1.620415
v -0.023216166 0.13503593 1.6191797
v -0.02085312 0.13567628 1.6176658
v -0.009257873 0.14629036 1.6458805
v -0.013941716 0.14570792 1.6471037
v -0.0018280797 0.14973773 1.6451874
v -0.0054091206 0.14896297 1.6454045
v -0.05817835 0.11522807 1.6891373
v -0.06012077 0.114570625 1.6811216
v -0.061441634 0.11097748 1.6879271
v -0.05664994 0.118422 1.6841474
v -0.002299189 0.14541094 1.6103382
v -0.004910452 0.14109279 1.6063714
v -0.004595394 0.14563173 1.6105051
v -1.3287984E-08 0.14157993 1.6065785
v -0.006375159 0.1452446 1.6106817
v -0.006515194 0.13929482 1.5935482
v -1.34382105E-08 0.14068839 1.5993013
v -1.3582277E-08 0.13987854 1.592237
v -0.0054820874 0.14007707 1.5999852
v -0.0076878434 0.1370827 1.5869617
v -1.3770645E-08 0.13747066 1.5855488
v -0.008802673 0.13305181 1.5803881
v -1.4274377E-08 0.12717205 1.5749527
v -0.009221203 0.1262974 1.5756212
v -1.4009466E-08 0.13303715 1.579677
v -0.024113921 0.13386707 1.6141177
v -0.019869799 0.13727066 1.6162958
v -0.028100863 0.13127232 1.612097
v -0.032325607 0.12804475 1.6099868
v -0.03624853 0.12387892 1.6081035
v -0.039758265 0.1189565 1.6065875
v -0.04263008 0.113706425 1.6054567
v -0.04287453 0.13011062 1.642228
v -0.045643236 0.12835522 1.6453872
v -0.035222746 0.13364872 1.6342043
v -0.03949927 0.13196777 1.6383989
v -0.0306522 0.13515928 1.6302881
v -0.026317872 0.13676248 1.6265944
v -0.046031475 0.12731516 1.6808378
v -0.050187953 0.12417466 1.6832013
v -0.029144416 0.13445234 1.6774163
v -0.03524216 0.13216196 1.6781403
v -0.01739405 0.14138101 1.6775907
v -0.022967298 0.13769083 1.6771317
v -0.012791832 0.14531334 1.6782792
v -0.009253013 0.14941125 1.6790667
v -0.0058185207 0.15284346 1.6794384
v -0.0019739291 0.15500005 1.679034
v -0.0062795887 0.15411498 1.6763957
v -0.0024945592 0.15787351 1.6732934
v -0.0066703055 0.15542781 1.673397
v -0.0022299543 0.1563955 1.6762416
v -0.009585805 0.15042622 1.6758472
v -0.01378241 0.14692126 1.672071
v -0.013414518 0.14628421 1.6751212
v -0.009945901 0.15142827 1.6726973
v -0.018212594 0.14231244 1.6744428
v -0.01870186 0.142927 1.6712232
v -0.023989502 0.138776 1.6739954
v -0.024693128 0.13970077 1.6706083
v -0.030965967 0.13639002 1.6701717
v -0.036128413 0.13199069 1.6742486
v -0.029761069 0.13513465 1.6736572
v -0.037310455 0.13253379 1.6700938
v -0.051684253 0.109940074 1.6204059
v -0.05723995 0.10621099 1.6304065
v -0.05346185 0.112433165 1.6284075
v -0.055049296 0.10355633 1.6214674
v -0.04903687 0.10846632 1.6124916
v -0.05229811 0.10205785 1.6126506
v -0.045547895 0.10804889 1.604578
v -0.04882283 0.10166534 1.6039169
v -0.039217386 0.1319469 1.6855283
v -0.038994946 0.13351089 1.6887703
v -0.0399091 0.13103016 1.6823618
v -0.040977634 0.13013385 1.6791825
v -0.0410726 0.13204063 1.6491833
v -0.03898139 0.13316333 1.6455703
v -0.036348432 0.13427629 1.6416844
v -0.03292238 0.13520256 1.6370659
v -0.028615668 0.13660415 1.6324517
v -0.024692697 0.13789365 1.6280266
v -0.021228159 0.13971287 1.6235778
v -0.042333473 0.12905055 1.6753478
v -0.04396735 0.12892377 1.670502
v -0.051007055 0.124898925 1.6718698
v -0.053376134 0.12227663 1.679821
v -0.048352875 0.12599123 1.6769739
v -0.057090804 0.11954564 1.6749047
v -0.052824747 0.12083868 1.644604
v -0.054011352 0.11596548 1.6365795
v -0.05862988 0.10990814 1.6401116
v -0.058409818 0.11529549 1.6521009
v -0.002788954 0.15924731 1.670398
v -0.007251276 0.15688473 1.6705284
v -0.013687876 0.14728679 1.6689606
v -0.010497529 0.1525779 1.6697148
v -0.018671107 0.14328216 1.6680024
v -0.025134267 0.14027981 1.6670809
v -0.031576656 0.1370311 1.6663321
v -0.01938481 -0.03168276 1.6225104
v -0.03065855 -0.027113587 1.6208466
v -0.01867089 -0.030131333 1.6134967
v -0.033438407 -0.023961665 1.612983
v -0.04478237 -0.012465698 1.6092418
v -0.04663856 -0.011226139 1.6171708
v -0.03816456 -0.021774916 1.6193038
v -0.052035417 0.0005681759 1.6069193
v -0.053712428 0.0012616937 1.6157851
v -0.057602078 0.013920938 1.6051557
v -0.059718825 0.01433763 1.6147151
v -0.056436017 0.07738697 1.6053717
v -0.063424066 0.070092514 1.6164917
v -0.061096374 0.079134084 1.6147668
v -0.058050666 0.067719474 1.6072778
v -0.064604096 0.05971856 1.6197071
v -0.05902116 0.056684818 1.6101016
v -0.023682682 0.13799421 1.7041559
v -0.04800587 0.12569687 1.6994174
v -0.045210574 0.12742038 1.6994816
v -0.047874976 0.12420352 1.6982179
v -0.045427687 0.12851118 1.7005309
v -0.025203316 0.13466899 1.6892741
v -0.018040612 0.13249734 1.6899208
v -0.048651688 0.12481624 1.6989679
v -0.030354343 0.1359043 1.690057
v -0.0351481 0.13569638 1.6907945
v -0.04229736 0.12888445 1.6951275
v -0.042618275 0.13050707 1.6939467
v -0.044022158 0.12902544 1.6946436
v -0.04364487 0.12774979 1.695752
v -0.048561543 0.12398948 1.6978403
v -0.03496093 0.13229328 1.693285
v -0.03852127 0.13379206 1.6926258
v -0.038288247 0.13136011 1.693945
v -0.035182413 0.1350466 1.6919233
v -0.0238783 0.13129966 1.6976831
v -0.020381182 0.13249572 1.6963983
v -0.02148331 0.13032839 1.6956247
v -0.023011133 0.13377234 1.6987426
v -0.030285714 0.13249578 1.6925099
v -0.025730131 0.1341747 1.6903973
v -0.030520914 0.13532004 1.6911417
v -0.025620146 0.13162433 1.6917542
v -0.038682397 0.13438502 1.6914691
v -0.041259352 0.13264589 1.6921207
v -0.019310039 0.13343772 1.697075
v -0.01791969 0.13240036 1.6930008
v -0.02215282 0.13482371 1.6995468
v -0.02489395 0.13661592 1.7019473
v -0.025441505 0.13537985 1.7009436
v -0.030021798 0.13330285 1.7010336
v -0.029674305 0.13637784 1.702393
v -0.026102012 0.13253969 1.699721
v -0.03379255 0.13580664 1.7031306
v -0.033893283 0.13288496 1.70175
v -0.03798355 0.13413376 1.7027388
v -0.037837878 0.13163608 1.7014102
v -0.04586838 0.12901905 1.7018487
v -0.048481278 0.12624498 1.7006681
v -0.01913797 0.13164966 1.6925457
v -0.02030785 0.12970848 1.6920446
v -0.055555813 0.09511997 1.6129471
v -0.05198103 0.094446555 1.6037363
v -0.0581871 0.0965389 1.6224713
v -0.06076494 0.09886964 1.631942
v -0.06569172 0.103258215 1.695236
v -0.0663938 0.10269026 1.7041972
v -0.06512288 0.10401421 1.7144077
v -0.061733525 0.10613912 1.726594
v -0.055815395 0.112726115 1.7323585
v -0.049150527 0.11802818 1.7353728
v -0.042543128 0.12206593 1.7371645
v -0.036315612 0.12542647 1.7383531
v -0.030264193 0.12858236 1.7393422
v -0.024342172 0.13126624 1.740092
v -0.018442955 0.13341065 1.7405121
v -0.012604464 0.13497788 1.7404511
v -0.005528541 0.13614371 1.7392467
v -0.06300407 0.10162252 1.6418843
v -0.007673641 0.15816669 1.6677213
v -0.0031839774 0.1617323 1.664658
v -0.007907519 0.15923132 1.6648518
v -0.002907693 0.16057265 1.667474
v -0.010961844 0.15363814 1.6668638
v -0.012655884 0.14842361 1.6626298
v -0.0132461935 0.14766653 1.6659954
v -0.011301783 0.15452644 1.6640038
v -0.01852945 0.14316034 1.6649158
v -0.018026166 0.14285383 1.66164
v -0.025006825 0.14050993 1.663505
v -0.024516195 0.14048733 1.6600434
v -0.03148519 0.13738607 1.6621337
v -0.03091295 0.13763191 1.6582396
v -0.037979305 0.13395005 1.6606984
v -0.037058316 0.13454103 1.6561401
v -0.044622388 0.12980504 1.658839
v -0.043005485 0.1308686 1.653471
v -0.048660256 0.12638171 1.6498625
v -0.051587995 0.124287546 1.6564176
v -0.009181402 0.118071966 1.5734547
v -1.4819815E-08 0.11127915 1.5724361
v -0.009379454 0.10900113 1.5733327
v -1.4547734E-08 0.11979563 1.5725797
v -0.029088646 0.11357041 1.5817603
v -0.02020797 0.10692015 1.5757154
v -0.029681817 0.10498852 1.5808698
v -0.020116886 0.115998365 1.5763607
v -0.035758004 0.11093556 1.5891012
v -0.037361532 0.103190064 1.5880125
v -0.041164678 0.108842194 1.5966963
v -0.04376655 0.10201188 1.5957243
v -0.04089906 0.13221122 1.6932899
v -0.040635716 0.13017845 1.6945454
v -0.0647987 0.105452456 1.6865152
v -0.04649986 0.12555517 1.6961801
v -0.046104465 0.12504774 1.6971596
v -0.06774928 0.09652393 1.7158124
v -0.065683514 0.09690511 1.727288
v -0.06889567 0.096282296 1.7052016
v -0.06871457 0.096907966 1.6952169
v -0.068074904 0.0985891 1.68554
v -0.063585594 0.10916573 1.6775098
v -0.03815094 0.1332905 1.6655207
v -0.045014504 0.12912 1.664953
v -0.05276643 0.12390624 1.6650605
v -0.060553484 0.115056396 1.6668793
v -0.06592364 0.103819326 1.6648628
v -0.06469194 0.104054146 1.6529105
v -0.067097776 0.101157695 1.675683
v -0.004012768 0.15082781 1.628773
v -0.06632257 0.07289881 1.6261394
v -0.06366499 0.08107036 1.6246654
v -0.06833188 0.07523659 1.6357101
v -0.06603915 0.083095215 1.6344302
v -0.070576884 0.0769696 1.645069
v -0.06843784 0.084721565 1.644107
v -0.07033419 0.08548015 1.6540064
v -0.07256041 0.07727094 1.6544471
v -0.071650155 0.08532597 1.6641157
v -0.07401356 0.07700189 1.6639838
v -0.0735478 0.08342507 1.6843206
v -0.07491086 0.076397374 1.6736727
v -0.07537815 0.07512485 1.683623
v -0.072720826 0.08451266 1.674247
v -0.07355351 0.08213229 1.6947303
v -0.07526694 0.07358229 1.6941122
v -0.07133152 0.08053239 1.7278671
v -0.07463178 0.072226666 1.7164522
v -0.07340676 0.07175347 1.7278668
v -0.07270479 0.08085428 1.7165744
v -0.0751143 0.07275148 1.7051046
v -0.07335539 0.08134782 1.7054818
v -0.070060596 0.067700125 1.6373744
v -0.0678524 0.064407706 1.6285331
v -0.072546475 0.0689971 1.6461115
v -0.0746192 0.06897726 1.6548166
v -0.07595175 0.06831258 1.6637812
v -0.07652109 0.067186095 1.6728927
v -0.07661398 0.065632306 1.682455
v -0.076560654 0.06398389 1.6929646
v -0.079901055 0.04487926 1.6831355
v -0.07807087 0.055701334 1.6804049
v -0.079489656 0.048912536 1.6773502
v -0.07818932 0.051741082 1.6908327
v -0.07831078 0.051631954 1.6704525
v -0.077539295 0.058489434 1.6717974
v -0.0767699 0.060481444 1.6634399
v -0.07552185 0.055578142 1.6555604
v -0.077046916 0.053904526 1.6630706
v -0.07535369 0.061637506 1.6552329
v -0.073735006 0.05597434 1.6482711
v -0.07324913 0.061681177 1.6472918
v -0.07158339 0.05491354 1.6413745
v -0.07076353 0.060170088 1.6395278
v -0.0699691 0.051936105 1.6353701
v -0.06817874 0.056116194 1.6320941
v -0.06426531 0.047234554 1.6250156
v -0.06826858 0.03722434 1.63339
v -0.06822561 0.04631361 1.6324433
v -0.06561771 0.029365199 1.626342
v -0.04596585 0.094132386 1.59554
v -0.05003964 0.07617276 1.5964936
v -0.05215738 0.06578098 1.5978944
v -0.054215237 0.054139923 1.6002262
v -0.05729142 0.041409023 1.6020985
v -0.06182216 0.029052202 1.6141994
v -0.060250036 0.043585975 1.612938
v -0.05964194 0.027913338 1.6035296
v -0.02015114 -0.034343865 1.6312585
v -0.031013558 -0.029668558 1.6292849
v -0.040333197 -0.022706147 1.6275709
v -0.04865227 -0.012074544 1.6263512
v -0.0563231 0.00023991747 1.6253191
v -0.062489726 0.0131659405 1.625058
v -0.07061011 0.028893571 1.6389234
v -0.06868364 0.020230802 1.6360195
v -0.06525572 0.009214147 1.6347693
v -0.059771214 -0.001985999 1.6346202
v -0.07417297 0.0218184 1.6466385
v -0.07170959 0.013997774 1.6452656
v -0.062695056 -0.0060547376 1.6444178
v -0.068091705 0.0046404945 1.6445092
v -1.3111542E-08 0.14518471 1.6102947
v -1.5122838E-08 0.10146052 1.5729064
v -0.009565453 0.099775575 1.5732268
v -0.020754086 0.09788025 1.5751915
v -0.030302484 0.09605665 1.5808387
v -0.038587626 0.09468278 1.5879297
v -0.046243828 0.06498184 1.5875288
v -0.043175664 0.07604092 1.5873787
v -0.05037823 0.052429155 1.5896771
v -0.05588088 0.039953467 1.5915931
v -0.080051385 0.03956879 1.7274367
v -0.07861779 0.05128122 1.7160081
v -0.08049412 0.03930687 1.716018
v -0.07789214 0.05170795 1.7276613
v -0.07649867 0.062413666 1.7161967
v -0.07557132 0.062192064 1.7278054
v -0.07660893 0.06283263 1.7045566
v -0.07820533 0.05133956 1.7040831
v -0.080486566 0.039148476 1.7049128
v -0.08046637 0.039080102 1.6942507
v -0.08144192 0.037567407 1.6876142
v -0.0826334 0.028907195 1.6898884
v -0.082394145 0.027311627 1.6958374
v -0.083201386 0.017645782 1.6844693
v -0.08184961 0.014298233 1.6939846
v -0.08282467 0.022585168 1.689403
v -0.08076572 0.0090627195 1.6847227
v -0.07740449 0.01736525 1.6554056
v -0.07418619 0.009864387 1.654951
v -0.07684722 0.0074640685 1.6648853
v -0.0809496 0.014809177 1.6646153
v -0.07902851 0.0069663697 1.6749995
v -0.08288043 0.014357251 1.6747161
v -0.08080904 0.026572455 1.727174
v -0.08168377 0.026595743 1.7157807
v -0.08206009 0.02671947 1.7053313
v -0.080094084 0.013306915 1.726906
v -0.08118755 0.013432873 1.7153274
v -0.077290766 -0.0021950295 1.6854186
v -0.075669125 -0.0024998945 1.6754977
v -0.071728334 -0.014087971 1.6864197
v -0.069882035 -0.013369612 1.6764901
v -0.06748563 -0.011837895 1.6657349
v -0.07318139 -0.0014488497 1.6650835
v -0.07054595 0.0011144187 1.654677
v -0.06495753 -0.009386713 1.6549994
v -0.07388474 -0.014262452 1.7057742
v -0.07907627 -0.00023059097 1.705444
v -0.07310575 -0.01426024 1.6959298
v -0.0785337 -0.0007743899 1.6951112
v -0.07394986 -0.014110557 1.715758
v -0.07870867 -0.00038833873 1.715662
v -0.073350914 -0.013331393 1.727857
v -0.07761485 -8.0079684E-05 1.7271847
v -0.066632405 -0.025925152 1.7288939
v -0.066597536 -0.026921552 1.7167072
v -0.06605966 -0.027154827 1.7061498
v -0.06515361 -0.026907826 1.6963695
v -0.063876376 -0.02635845 1.686896
v -0.062227532 -0.025446387 1.6772819
v -0.06004637 -0.02372147 1.6664252
v -0.057667837 -0.021193586 1.65548
v -0.054935623 -0.018358594 1.645058
v -0.051796563 -0.0149023635 1.6354645
v -0.05688733 -0.037045326 1.7301981
v -0.056419864 -0.038147632 1.7174314
v -0.0556859 -0.038348112 1.706718
v -0.0547196 -0.038113806 1.696986
v -0.05358562 -0.03749791 1.6874698
v -0.05213212 -0.036530767 1.6778895
v -0.050089277 -0.03499451 1.6670989
v -0.047636215 -0.032486565 1.6563866
v -0.04509678 -0.028865376 1.6461943
v -0.042449825 -0.025233896 1.6366736
v -0.030916644 -0.053819206 1.7336041
v -0.044924654 -0.046357274 1.7318549
v -0.030286718 -0.055296328 1.7207005
v -0.04430195 -0.047648557 1.7195188
v -0.029588845 -0.05541648 1.7090651
v -0.0434509 -0.04785373 1.7080796
v -0.04254049 -0.047454722 1.6978354
v -0.028850453 -0.05482708 1.6987264
v -0.028108196 -0.053824045 1.6891717
v -0.040319126 -0.04547966 1.6784072
v -0.02718452 -0.05231808 1.679311
v -0.041533798 -0.046669673 1.6882204
v -0.038728893 -0.043470737 1.6679522
v -0.02597628 -0.04992836 1.6691393
v -0.03667448 -0.040396284 1.6575757
v -0.024427507 -0.046383593 1.6590992
v -0.0342551 -0.03628244 1.6477741
v -0.022622345 -0.041721445 1.6497735
v -0.032173563 -0.03241368 1.638353
v -0.021088963 -0.037473965 1.6404537
v -0.059367266 0.10335552 1.7389894
v -0.063332625 0.095823966 1.7387357
v -0.05444055 0.10963348 1.7410986
v -0.048569754 0.11502428 1.7426537
v -0.07390769 0.06212565 1.7394483
v -0.07618035 0.051568177 1.7394253
v -0.07159599 0.07159138 1.7393606
v -0.06938617 0.0803056 1.7391875
v -0.024521185 0.12707822 1.7467552
v -0.01863472 0.12901455 1.7475376
v -0.030587433 0.12491215 1.7457939
v -0.036664322 0.12241133 1.744735
v -0.04253393 0.11928515 1.7435842
v -0.012782778 0.13070668 1.748091
v -0.0058125067 0.13159548 1.7483301
v -1.1236015E-08 0.13590248 1.7397074
v -1.1219917E-08 0.13171369 1.7485797
v -0.031285632 -0.05005581 1.7474432
v -0.045069806 -0.04311384 1.7456938
v -0.056799952 -0.03434574 1.7437822
v -0.06601483 -0.02381052 1.7419075
v -0.0720932 -0.011837404 1.7402952
v -0.0759721 0.0006291673 1.7392327
v -0.07842335 0.013463721 1.7389606
v -0.0791207 0.026516642 1.7390591
v -0.07828061 0.039499264 1.7392293
v -0.032032732 -0.024308363 1.6027677
v -0.016016172 -0.029852806 1.604225
v -0.04396351 -0.013488187 1.6004003
v -0.05168102 -0.00041028913 1.5980062
v -0.056148984 0.013038083 1.5961088
v -0.05841135 0.02672861 1.5940276
v -0.013614094 0.0053071002 1.8034767
v -1.3819701E-08 0.018494876 1.8073541
v -0.01297565 0.01921639 1.8058723
v -1.4298671E-08 0.004664169 1.8049072
v -0.060293995 0.01279321 1.7805794
v -0.050484087 0.024160761 1.7906998
v -0.059519894 0.02538984 1.7823359
v -0.051579278 0.010898646 1.7884514
v -0.06666132 0.02614317 1.7726754
v -0.0668039 0.013983818 1.771612
v -0.07203786 0.026418645 1.7619452
v -0.07168273 0.014185869 1.7615646
v -0.012347415 0.032454096 1.8064867
v -1.30375355E-08 0.04354857 1.8066884
v -0.01171926 0.044509303 1.8057928
v -1.3398559E-08 0.031669036 1.8075918
v -0.048900615 0.037062857 1.7912272
v -0.05602339 0.05064943 1.7822844
v -0.058018327 0.038207594 1.7827756
v -0.047027003 0.049310908 1.790615
v -0.06543156 0.038926642 1.7729822
v -0.06342571 0.051208984 1.7727548
v -0.07098385 0.039228 1.762191
v -0.069165036 0.05142769 1.762215
v -0.07525199 0.039399873 1.750866
v -0.073248155 0.05166167 1.7509792
v -0.07623123 0.026497666 1.7507038
v -0.07568319 0.013850181 1.7506671
v -0.0082490705 0.09840651 1.7877382
v -1.1471819E-08 0.10547869 1.7831082
v -0.007737992 0.10619113 1.781896
v -1.163912E-08 0.09692673 1.7892818
v -0.041384652 0.09910327 1.7708868
v -0.031739507 0.10553454 1.7718217
v -0.03828431 0.10511999 1.7672833
v -0.034425605 0.099019416 1.7765278
v -0.047411054 0.099349536 1.7644745
v -0.043939866 0.105179 1.7619599
v -0.052451015 0.10001841 1.7572668
v -0.048601568 0.10581363 1.7560511
v -0.05642617 0.10155334 1.7488605
v -0.052043736 0.1075752 1.7491457
v -1.2732041E-08 0.053898748 1.8053615
v -0.01112309 0.055315603 1.804345
v -0.053860325 0.06173409 1.781266
v -0.045065813 0.060598556 1.7893378
v -0.061164528 0.062438846 1.7720711
v -0.06714327 0.0622228 1.761927
v -0.010527645 0.0651316 1.8024136
v -1.2227098E-08 0.07192675 1.8014296
v -0.009966372 0.074042894 1.8000754
v -1.2463612E-08 0.06329508 1.8036255
v -0.04314142 0.07003504 1.7876991
v -0.04944267 0.07882243 1.7784042
v -0.05167703 0.07095807 1.7799625
v -0.04122179 0.07810774 1.7857916
v -0.058913384 0.07157321 1.7711385
v -0.056436956 0.079474784 1.7699242
v -0.0648598 0.07157775 1.7613552
v -0.062107995 0.07977141 1.7604657
v -0.008800401 0.090517476 1.7926867
v -1.1817853E-08 0.088590465 1.7943662
v -0.037021402 0.09220722 1.7804815
v -0.04441604 0.09248712 1.7740562
v -0.050740108 0.09301526 1.766689
v -0.05592929 0.093817756 1.7583715
v -0.06018959 0.09479048 1.7491176
v -0.06893043 0.071829766 1.7506279
v -0.06648653 0.080204144 1.7502056
v -0.071114995 0.06250913 1.750915
v -1.1344795E-08 0.11355962 1.7754214
v -0.0073814415 0.113711834 1.7744564
v -0.02909191 0.111855954 1.7664275
v -0.035155196 0.11109295 1.7628982
v -0.04056931 0.11069993 1.75874
v -0.044629376 0.11101111 1.7544206
v -0.04704112 0.11265627 1.7492591
v -0.037981745 0.1153299 1.7550346
v -0.031512436 0.12108839 1.7520504
v -0.037041374 0.11916122 1.7504476
v -0.03291658 0.116676174 1.7577407
v -0.041633133 0.114309125 1.752994
v -0.042013217 0.11649764 1.749213
v -0.039764438 0.022233894 1.797889
v -0.040952038 0.008821421 1.7952889
v -0.038234394 0.035166007 1.7983402
v -0.03655712 0.04741223 1.7975956
v -0.03490197 0.05875494 1.7961177
v -0.033341963 0.0686914 1.794218
v -0.031775173 0.07713607 1.7920051
v -0.028467186 0.09205086 1.7857969
v -0.026537921 0.09901231 1.7813859
v -0.024529489 0.105769694 1.7760869
v -0.022453682 0.11264756 1.7695704
v -0.006755221 0.120736465 1.765559
v -1.1227158E-08 0.12671886 1.7575824
v -0.006331926 0.12683465 1.756893
v -1.1273823E-08 0.12062479 1.7663097
v -0.013931194 0.12014004 1.764296
v -0.013062092 0.1258618 1.7561327
v -0.025539171 0.12295255 1.7537165
v -0.02695052 0.11803809 1.7602781
v -0.019445542 0.12447109 1.7550952
v -0.020702904 0.119207285 1.7625018
v -0.028219832 0.0069713527 1.8003619
v -0.02702797 0.02057708 1.8028148
v -0.025766501 0.03352768 1.8033996
v -0.024568612 0.045687854 1.8027117
v -0.023411833 0.056805205 1.8012468
v -0.022321511 0.06678738 1.7992574
v -0.021231195 0.07571716 1.7968653
v -0.017775388 0.09893129 1.7851763
v -0.018972512 0.091628045 1.7898351
v -0.016604938 0.105984315 1.7796694
v -0.015180832 0.11325392 1.772444
v -0.0026531904 0.13854703 1.7352035
v -1.1230263E-08 0.1385105 1.7351242
v -0.043185353 0.13076478 1.6927727
v -0.014041642 -0.009720776 1.7982627
v -1.4855754E-08 -0.010033754 1.7994386
v -0.01459186 -0.024728045 1.789775
v -1.5493272E-08 -0.025490088 1.7906045
v -0.015117128 -0.037527274 1.7777474
v -1.612944E-08 -0.03889178 1.77797
v -1.6709206E-08 -0.049306687 1.7630581
v -0.015361937 -0.047569793 1.763451
v -0.015452988 -0.054734655 1.748299
v -1.7198165E-08 -0.05660619 1.7476784
v -0.015210734 -0.058860507 1.7338341
v -1.7574177E-08 -0.06067897 1.7329415
v -0.014822476 -0.060317 1.7210025
v -1.7823547E-08 -0.061994646 1.7205511
v -0.014361563 -0.060389735 1.7094424
v -1.8015028E-08 -0.06200482 1.7091482
v -0.013944702 -0.059775293 1.6996166
v -1.8144421E-08 -0.06144525 1.7003726
v -0.012979477 -0.057081126 1.6808333
v -1.8354177E-08 -0.059086572 1.6834048
v -0.013511662 -0.058767773 1.6904455
v -1.8248027E-08 -0.06059164 1.6925799
v -0.012300712 -0.054363526 1.6709397
v -1.8434106E-08 -0.05648112 1.6737155
v -0.011451923 -0.05034876 1.6612796
v -1.847039E-08 -0.052478913 1.6639915
v -0.010511456 -0.045275815 1.6520964
v -1.845496E-08 -0.047219742 1.6549778
v -1.8459724E-08 -0.042440303 1.6456658
v -0.009647796 -0.04103955 1.6427087
v -1.8516566E-08 -0.039086074 1.6359392
v -0.008881299 -0.037490785 1.6334759
v -1.857967E-08 -0.035943083 1.6262382
v -0.007841877 -0.034776993 1.62422
v -1.8664256E-08 -0.033497587 1.6165732
v -0.0052805445 -0.032888845 1.6151981
v -1.874956E-08 -0.031011902 1.6067895
v -0.029736152 -0.022024443 1.7870787
v -0.028928088 -0.007901096 1.7951707
v -0.030693654 -0.034120586 1.7758372
v -0.031131262 -0.043516286 1.7621604
v -0.07349629 0.0018144211 1.7509197
v -0.070097715 -0.009555192 1.7520694
v -0.064752065 -0.020028427 1.754414
v -0.05612431 -0.029527735 1.7571489
v -0.044698145 -0.03743191 1.7596849
v -0.04401677 -0.028966207 1.772574
v -0.054912113 -0.022325352 1.7687994
v -0.06276343 -0.014681328 1.7648487
v -0.06740729 -0.006632973 1.7619262
v -0.07011887 0.0030743664 1.7613213
v -0.042905495 -0.017860474 1.782847
v -0.041876372 -0.005003687 1.7902812
v -0.05343719 -0.012870549 1.7777414
v -0.052431744 -0.0016955086 1.7841752
v -0.060907997 -0.007764635 1.7724594
v -0.060504787 0.0014632007 1.7773403
v -0.06500938 -0.003897478 1.7683526
v -0.06603153 0.0034289698 1.7699789
v -1.1218905E-08 0.14144734 1.7302544
v -1.1219637E-08 0.14446183 1.7245166
v -1.1250641E-08 0.146165 1.71945
v -1.1336677E-08 0.146329 1.714008
v -1.1463669E-08 0.14533769 1.7083051
v -1.1579651E-08 0.14477527 1.702449
v -1.1644683E-08 0.14548452 1.6972299
v -1.1658564E-08 0.1473833 1.6928154
v -1.1657061E-08 0.14965217 1.6886194
v -1.1654848E-08 0.15185823 1.6845844
v -1.1645369E-08 0.15400554 1.6810938
v -1.1641131E-08 0.15553045 1.6784662
v -1.1641401E-08 0.15692182 1.675822
v -1.1643969E-08 0.15842338 1.6728324
v -1.1651494E-08 0.15981269 1.6697593
v -1.1660127E-08 0.16107564 1.6668587
v -1.166654E-08 0.16230127 1.6641611
v -1.1668199E-08 0.16353285 1.6617358
v -1.1676491E-08 0.16460668 1.6592128
v -1.1729707E-08 0.16461587 1.656021
v -1.1853274E-08 0.16260219 1.6524537
v -1.5420888E-08 0.09186473 1.5732524
v -0.009846492 0.09061794 1.5736966
v -0.021554446 0.08885837 1.5749657
v -0.031854052 0.0869291 1.5803493
v -0.040512007 0.085725926 1.5877123
v -0.048033167 0.08552354 1.5957755
v -0.054469556 0.08633437 1.6041274
v -0.058403365 0.08742454 1.6136515
v -0.060928877 0.08901901 1.6235197
v -0.063619554 0.09102951 1.6332245
v -0.06607129 0.0930302 1.6431148
v -0.06796545 0.094324216 1.653512
v -0.06908708 0.094127096 1.6642848
v -0.070044786 0.09277243 1.6747713
v -0.07098629 0.091211244 1.6849198
v -0.07138343 0.08989412 1.6950699
v -0.0713764 0.08918549 1.7055489
v -0.07048219 0.08888915 1.7164042
v -0.06878133 0.08870848 1.7276833
v -0.06667198 0.08827631 1.7389463
v -0.06355622 0.08770143 1.7496213
v -0.05911131 0.087092444 1.7594354
v -0.053708322 0.086485334 1.7684646
v -0.04704895 0.08594296 1.776444
v -0.03925958 0.08526155 1.7835095
v -0.0302143 0.08479401 1.7892847
v -0.020125136 0.08393366 1.7937632
v -0.009391267 0.08247916 1.796869
v -1.2011014E-08 0.080322474 1.7984612
v -0.03440014 0.077033445 1.5789307
v -0.039449915 0.06553865 1.5750196
v -0.024633886 0.07028318 1.5701373
v -0.022752617 0.07979858 1.5737369
v -0.011208518 0.07478238 1.5661898
v -0.010275065 0.08182485 1.5711533
v -1.601828E-08 0.077145986 1.5654185
v -1.5743089E-08 0.08321034 1.5703795
v -0.039347734 0.06016725 1.5635146
v -0.026126869 0.06566474 1.560517
v -0.01168829 0.06707549 1.5600549
v -1.6355703E-08 0.06959979 1.5595443
v -0.04850215 0.05117844 1.5781205
v -0.049400568 0.048791658 1.5661787
v -1.8917044E-08 -0.029942097 1.594778
v -0.015483267 -0.030049214 1.5940744
v -1.9192532E-08 -0.032645985 1.5834517
v -0.016243592 -0.03224027 1.5833496
v -0.031884376 -0.025468906 1.593346
v -0.03336364 -0.028333569 1.5837204
v -0.04418313 -0.0149260005 1.5913615
v -0.046238396 -0.017970316 1.5824894
v -0.053429004 -0.004570726 1.57951
v -0.052237708 -0.0013991474 1.5887764
v -0.056266032 0.008847973 1.5759989
v -0.05560256 0.011363223 1.5862082
v -0.057846963 0.022634504 1.5726676
v -0.057934247 0.024947198 1.5834806
v -0.056164693 0.03866741 1.5806364
v -0.057117864 0.03654432 1.5693194
v -1.6733473E-08 0.06326286 1.5489793
v -0.01168829 0.06707549 1.5600549
v -1.6355703E-08 0.06959979 1.5595443
v -0.013926808 0.065863036 1.5483148
v -0.026126869 0.06566474 1.560517
v -0.027697535 0.0640657 1.5495011
v -0.039544195 0.055743773 1.5516453
v -0.039347734 0.06016725 1.5635146
v -0.049400568 0.048791658 1.5661787
v -0.05048154 0.045846403 1.5539117
v -0.05758428 0.03347057 1.5574578
v -0.057117864 0.03654432 1.5693194
v -0.057846963 0.022634504 1.5726676
v -0.05811955 0.019642558 1.5613053
v -0.05895849 0.0059598754 1.565414
v -0.056266032 0.008847973 1.5759989
v -0.053429004 -0.004570726 1.57951
v -0.056883547 -0.007915705 1.5696458
v -0.046238396 -0.017970316 1.5824894
v -0.049722824 -0.021877587 1.572809
v -0.03336364 -0.028333569 1.5837204
v -0.03609977 -0.032867916 1.573582
v -0.016243592 -0.03224027 1.5833496
v -0.018167889 -0.036378976 1.5717145
v -1.9192532E-08 -0.032645985 1.5834517
v -1.952579E-08 -0.03620709 1.5702987
v -0.06604318 0.023167087 1.5335183
v -0.058322527 0.028630504 1.5453976
v -0.07079543 0.01396649 1.5381991
v -0.061317194 0.01568899 1.5492171
v -0.109840035 0.0006646888 1.5174562
v -0.07602989 0.04128286 1.6316907
v -0.07170498 0.047223695 1.63306
v -0.0729645 0.040909797 1.632208
v -0.07037912 0.047005095 1.632983
v -0.075423 0.034325946 1.6361728
v -0.07938623 0.035948228 1.6343964
v -0.07982691 0.025856102 1.6451949
v -0.08415369 0.027863592 1.6443478
v -0.08321474 0.020026095 1.6532276
v -0.08766596 0.02233286 1.6527613
v -0.08632751 0.015471539 1.6635576
v -0.0908814 0.017292669 1.6633091
v -0.08841901 0.014345457 1.6749682
v -0.092916 0.015260626 1.6756167
v -0.08906126 0.018174596 1.6858555
v -0.09348281 0.01905384 1.6862
v -0.0918884 0.023743674 1.6894425
v -0.08818918 0.023248447 1.6898278
v -0.08696916 0.029668042 1.6903602
v -0.0845552 0.03664447 1.6861421
v -0.089411244 0.029752757 1.6893117
v -0.08312111 0.036974307 1.6864873
v -0.08231374 0.040954288 1.6812011
v -0.080875516 0.042822693 1.6821095
v -0.07236961 0.05177056 1.6422263
v -0.0719631 0.049500145 1.6359421
v -0.07330261 0.04967031 1.6429551
v -0.071109556 0.050448887 1.6356937
v -0.080463305 0.045256987 1.6760072
v -0.08239848 0.04262209 1.6752508
v -0.07907792 0.047363892 1.6695713
v -0.080535024 0.043674123 1.668801
v -0.07792575 0.045721803 1.6619047
v -0.077240095 0.049297508 1.6627103
v -0.07658591 0.04675344 1.6552896
v -0.075604595 0.05087728 1.6556689
v -0.07459544 0.04835183 1.6486503
v -0.07391699 0.051845957 1.6488417
v -0.074960254 0.044757754 1.6373035
v -0.07617927 0.04543033 1.6440939
v -0.07909772 0.040245008 1.6443893
v -0.08580924 0.03170215 1.6489416
v -0.09235922 0.021883544 1.6641086
v -0.09079711 0.025098993 1.6565406
v -0.09305939 0.01814797 1.6744983
v -0.09118704 0.021286512 1.6828502
v -0.09064262 0.024273882 1.6857679
v -0.08579352 0.03537822 1.6841782
v -0.08776826 0.02798336 1.6839358
v -0.07798462 0.044820044 1.6479311
v -0.07534649 0.042144798 1.6543283
v -0.07734041 0.040972598 1.6611859
v -0.08194333 0.03966645 1.6679019
v -0.0818556 0.038668744 1.6747881
v -0.08284099 0.0385822 1.6799012
v -0.08331458 0.03960094 1.6530635
v -0.08674403 0.035090897 1.6534513
v -0.08083 0.032440297 1.6680253
v -0.08574707 0.03349347 1.6756407
v -0.080591924 0.03464616 1.6600285
v -0.090507165 0.02788628 1.6755377
v -0.08685296 0.030256202 1.6587576
v -0.087774806 0.02712863 1.6663291
v -0.08153244 0.013618897 1.704879
v -0.06826858 0.03722434 1.63339
v -0.07061011 0.028893571 1.6389234
v -0.07417297 0.0218184 1.6466385
v -0.07740449 0.01736525 1.6554056
v -0.0809496 0.014809177 1.6646153
v -0.08288043 0.014357251 1.6747161
v -0.083201386 0.017645782 1.6844693
v -0.08282467 0.022585168 1.689403
v -0.0826334 0.028907195 1.6898884
v -0.08144192 0.037567407 1.6876142
v -0.079901055 0.04487926 1.6831355
v -0.079489656 0.048912536 1.6773502
v -0.07831078 0.051631954 1.6704525
v -0.077046916 0.053904526 1.6630706
v -0.07552185 0.055578142 1.6555604
v -0.073735006 0.05597434 1.6482711
v -0.07158339 0.05491354 1.6413745
v -0.0699691 0.051936105 1.6353701
v -0.06822561 0.04631361 1.6324433
v -0.025961952 0.12845998 1.7000777
v -0.029575948 0.120706566 1.7027779
v -0.029933274 0.1289774 1.7014058
v -0.025247648 0.120706566 1.7013024
v -0.04554314 0.120706566 1.6948442
v -0.04589428 0.12327806 1.6967578
v -0.04672924 0.120706566 1.695612
v -0.044808812 0.12440352 1.6960571
v -0.04148618 0.12662095 1.7009103
v -0.038033344 0.120706566 1.7031931
v -0.041849717 0.120706566 1.7022809
v -0.03780983 0.12784702 1.701793
v -0.03860013 0.12070657 1.6921794
v -0.04058932 0.12685616 1.6941556
v -0.041001987 0.12070657 1.6927991
v -0.03828425 0.12766081 1.6935617
v -0.042227414 0.12597007 1.6947312
v -0.04276195 0.120706566 1.693418
v -0.045085404 0.12495483 1.6998622
v -0.045565397 0.120706566 1.7011964
v -0.04786249 0.122611135 1.6984742
v -0.049123105 0.120706566 1.6984973
v -0.030590313 0.12070657 1.6907381
v -0.034994707 0.12829325 1.6929059
v -0.035249446 0.12070657 1.6915112
v -0.030361842 0.12842996 1.6921372
v -0.023684237 0.12762329 1.6980121
v -0.022741925 0.120706566 1.6990714
v -0.025765324 0.12070657 1.6899631
v -0.020000905 0.12652816 1.6919825
v -0.025701154 0.12784867 1.6913795
v -0.018792685 0.12070657 1.6915789
v -0.044210248 0.120706566 1.694091
v -0.043562215 0.12518398 1.6953521
v -0.02001938 0.120706566 1.6966522
v -0.021205243 0.12695688 1.695875
v -0.03376239 0.12070656 1.7035439
v -0.033832557 0.12869398 1.7021279
v -0.04154428 0.12984118 1.7005265
v -0.04502077 0.1266297 1.6964805
v -0.029442081 0.13756695 1.7035255
v -0.049989283 0.12294272 1.6972005
v -0.049903594 0.124477886 1.6997279
v -0.046202328 0.12728749 1.6943182
v -0.04732381 0.12527977 1.6950163
v -0.038177032 0.13488546 1.7039635
v -0.042096607 0.13234814 1.7029871
v -0.045352247 0.12756298 1.6954422
v -0.041756775 0.13171552 1.7017471
v -0.04480213 0.12901005 1.6935141
v -0.019220527 0.13170253 1.6908453
v -0.033841915 0.1367546 1.7043537
v -0.042000134 0.13215892 1.7023033
v -0.045712426 0.12885071 1.7011571
v -0.03814172 0.13466485 1.7032723
v -0.033858024 0.1364294 1.7036629
v -0.029573916 0.13708532 1.7028856
v -0.025179114 0.13607873 1.7013745
v -0.046920717 0.12548348 1.6956663
v -0.045819364 0.1274974 1.694949
v -0.04116792 0.13256603 1.692781
v -0.042980757 0.13074037 1.6934396
v -0.049220096 0.12359276 1.6975398
v -0.049288876 0.12473338 1.6992633
v -0.048312236 0.12605907 1.7000005
v -0.03518475 0.13558102 1.6914195
v -0.030398097 0.1358234 1.6906402
v -0.022602927 0.13437185 1.699074
v -0.019893583 0.1330542 1.696676
v -0.018607792 0.1321438 1.6927495
v -0.01865529 0.13218999 1.6904082
v -0.025391981 0.13459681 1.6898781
v -0.03866959 0.13426864 1.6921182
v -0.044477154 0.12911686 1.6941602
v -1.2371771E-08 0.15013324 1.6450765
v -1.2509815E-08 0.14868775 1.6395721
v -1.26171535E-08 0.15143499 1.62798
v -1.2565597E-08 0.14970112 1.6343306
v -1.1984994E-08 0.15931147 1.6508119
v -0.0028271622 0.15897626 1.6511816
v -0.0050649634 0.14781809 1.6522068
v -0.0061664428 0.14917216 1.6537381
v -0.0050296276 0.1498849 1.653639
v -0.006349611 0.14747041 1.6521349
v -0.008544798 0.14718169 1.6537588
v -0.0086377 0.14573094 1.6523733
v -0.010397726 0.15411355 1.6531042
v -0.013629672 0.14861824 1.6512182
v -0.013785694 0.14716308 1.649161
v -0.010755658 0.14596155 1.6536373
v -0.010295637 0.14550012 1.6527569
v -0.010499924 0.14678936 1.6546643
v -0.008358849 0.14968415 1.6557415
v -0.0057589216 0.15800951 1.652935
v -0.0060917027 0.15155536 1.6552619
v -0.005152566 0.1523524 1.6550324
v -0.011339508 0.14690055 1.6484683
v -0.0094852885 0.14722253 1.6480895
v -0.0061983545 0.14956433 1.6477369
v -0.003688722 0.14997503 1.6472802
v -0.0021992677 0.15373643 1.6481119
v -0.0042137615 0.15268983 1.6494658
v -0.0042008837 0.1565824 1.651441
v -0.01187343 0.1473212 1.6500926
v -0.011706998 0.14819495 1.6515732
v -0.009418074 0.15236157 1.6529636
v -0.005655891 0.1556883 1.6529919
v -1.2197859E-08 0.15411109 1.647937
v 0.097171456 -0.043842245 1.5223324
v 0.08517687 -0.016264452 1.5356042
v 0.07577845 -0.040695768 1.5362786
v 0.10643479 -0.02227799 1.5230687
v 0.02971348 -0.06066803 1.5298951
v -2.1087766E-08 -0.062016252 1.5258738
v 0.03204726 -0.07833737 1.5008786
v -2.2051038E-08 -0.07727339 1.4972314
v 0.07546101 -0.06993815 1.5102818
v 0.057060465 -0.053958576 1.534313
v 0.10629596 0.021156318 1.5072099
v 0.0878465 0.04440896 1.4996889
v 0.08240781 0.016365986 1.5274676
v 0.039251417 0.10184113 1.4540642
v 0.031294197 0.07996818 1.4818513
v 0.07258664 0.075571164 1.4857354
v 0.011721086 0.07346995 1.4874588
v 0.024581784 -0.05128603 1.5451072
v 0.040426705 -0.038736586 1.5621753
v 0.021062426 -0.04333925 1.5590688
v 0.04690543 -0.045636173 1.5490998
v 0.06945225 0.037593957 1.5133778
v 0.055480916 -0.026804334 1.5623798
v 0.07245385 -0.01483589 1.5485528
v 0.063115455 -0.011502389 1.5595363
v 0.063926116 -0.03275145 1.5506794
v 0.05526043 0.036449622 1.5263648
v 0.053199336 0.0560709 1.5033168
v 0.04399774 0.051889863 1.521672
v 0.029045742 0.063374944 1.5352488
v 0.030518595 0.06457518 1.5195234
v 0.04092869 0.053008333 1.5373954
v 0.032653563 0.069293104 1.5026913
v 0.01488683 0.0705592 1.5030339
v 0.0152632315 0.068717055 1.5188076
v -2.0564375E-08 -0.05297772 1.5400225
v -2.0009681E-08 -0.043056272 1.5543708
v 0.014862833 0.06746042 1.5338981
v 0.051677234 0.04166904 1.5410081
v 0.06499483 0.0030571364 1.5548
v 0.07428855 0.001165382 1.544023
v 0.08688821 0.0011642245 1.5321845
v 0.0012991416 0.14878336 1.6396832
v 0.003795707 0.14997464 1.6342419
v 0.001023526 0.14977488 1.6343067
v 0.004347562 0.14900768 1.6399441
v 0.013577508 0.13914764 1.6080687
v 0.011288472 0.13795662 1.6014237
v 0.009515629 0.14018452 1.6069546
v 0.016795179 0.13627337 1.603563
v 0.018001067 0.13793772 1.6097008
v 0.02166582 0.13602678 1.611769
v 0.021490274 0.13494062 1.6059206
v 0.025293147 0.1331049 1.6088333
v 0.030196048 0.13077106 1.6154407
v 0.027061457 0.13358837 1.6191835
v 0.031547762 0.1311019 1.6187673
v 0.02576635 0.13316168 1.6167357
v 0.010570149 0.1468172 1.6339006
v 0.008259125 0.14773476 1.6401944
v 0.011533217 0.14538068 1.6401584
v 0.0074948836 0.14873236 1.6343836
v 0.0070830756 0.14975059 1.6290863
v 0.010002207 0.14859666 1.6286384
v 0.016922215 0.14292921 1.6319324
v 0.013100696 0.1471293 1.6278373
v 0.013653129 0.14481594 1.632977
v 0.01626355 0.14535505 1.626785
v 0.02245292 0.13797614 1.6221542
v 0.02712573 0.13592021 1.6250973
v 0.024078567 0.1362683 1.6213199
v 0.027621077 0.13508174 1.6233095
v 0.017806372 0.13915788 1.6146706
v 0.014495583 0.14160803 1.6130543
v 0.010706634 0.14374432 1.6115917
v 0.008123271 0.14480706 1.6110322
v 0.016961364 0.14376026 1.652378
v 0.013473625 0.1500734 1.6532755
v 0.014181948 0.15007207 1.6546575
v 0.015820842 0.14294517 1.6475513
v 0.0032635105 0.16415861 1.6557958
v 0.006251287 0.1602438 1.6538126
v 0.0032866541 0.16239537 1.6528754
v 0.007230284 0.16125193 1.6561182
v 0.010278803 0.1564199 1.6562078
v 0.010097194 0.15576191 1.6547742
v 0.010904005 0.1560322 1.6584489
v 0.013599797 0.14950915 1.659469
v 0.014184071 0.15006453 1.6568584
v 0.011350976 0.15530126 1.661166
v 0.003134249 0.16309421 1.6619446
v 0.00759481 0.16111338 1.6589212
v 0.0031560946 0.1641774 1.6591011
v 0.007877353 0.16021976 1.6618792
v 0.01682277 0.14373006 1.655166
v 0.017122975 0.14251028 1.6583443
v 0.001306471 0.15131521 1.6854335
v 0.005304725 0.15133476 1.6826454
v 0.0016965742 0.15332863 1.682065
v 0.004668221 0.14966111 1.6860956
v 0.011865401 0.14430696 1.6816895
v 0.007895298 0.14714795 1.6861035
v 0.010616336 0.14339602 1.685355
v 0.008722588 0.1483088 1.682537
v 0.016180454 0.14012028 1.6807188
v 0.014218672 0.13880888 1.6842055
v 0.059954796 0.11387409 1.7011701
v 0.062383834 0.10882196 1.6952405
v 0.05898406 0.11350832 1.6949537
v 0.06341479 0.10900234 1.702791
v 0.059415072 0.115337014 1.7077985
v 0.06267899 0.11036532 1.7110174
v 0.05751535 0.118268274 1.7141074
v 0.060242996 0.11317952 1.7193656
v 0.055532783 0.11797531 1.7251302
v 0.05386836 0.12220367 1.7193007
v 0.04879473 0.12627266 1.7230842
v 0.049167372 0.12225416 1.7287649
v 0.042915907 0.12978698 1.725522
v 0.042538285 0.12568861 1.7309688
v 0.036267813 0.12895067 1.7321688
v 0.030605085 0.13598636 1.7274079
v 0.030336305 0.13233797 1.7332551
v 0.036731184 0.13288783 1.7267253
v 0.04856198 0.12683369 1.707818
v 0.046982914 0.12834218 1.7042487
v 0.04320909 0.13150461 1.7061695
v 0.044152863 0.13004257 1.709788
v 0.051458515 0.12406811 1.7149494
v 0.049602136 0.12554425 1.7109299
v 0.044957414 0.12840827 1.7135025
v 0.0471514 0.12804535 1.7182546
v 0.034378476 0.13632676 1.7114383
v 0.029970765 0.13981868 1.7161897
v 0.03522153 0.13599862 1.716503
v 0.028794039 0.13878492 1.7104795
v 0.03093184 0.13911302 1.721878
v 0.036801346 0.13583852 1.7214704
v 0.042240035 0.13213743 1.7203186
v 0.040131584 0.13186942 1.7158296
v 0.039306514 0.13305967 1.711341
v 0.038847685 0.13440932 1.7075603
v 0.03414696 0.13703541 1.7074598
v 0.028976133 0.13867624 1.7061281
v 0.048068658 0.1251094 1.6900144
v 0.04734457 0.12587866 1.6934067
v 0.04949793 0.12301659 1.691926
v 0.046114627 0.12756556 1.6922351
v 0.050390195 0.12306437 1.6882381
v 0.051988225 0.12064939 1.6911354
v 0.053251885 0.12127402 1.6865168
v 0.05464137 0.11830102 1.6902776
v 0.04209557 0.13147673 1.6899161
v 0.04580875 0.12739329 1.6884241
v 0.04284948 0.12985735 1.6869205
v 0.044360936 0.12946327 1.690981
v 0.044179402 0.12845154 1.6838119
v 0.047646057 0.12564775 1.6859014
v 0.052325908 0.122089006 1.7012339
v 0.054440126 0.11930943 1.6989315
v 0.052101746 0.12140399 1.697907
v 0.0545156 0.12008346 1.7033706
v 0.056841005 0.11701914 1.6999726
v 0.056446265 0.11824559 1.7053336
v 0.05290496 0.12247436 1.7076881
v 0.05483907 0.12087505 1.7104731
v 0.051333677 0.1237753 1.704746
v 0.050541658 0.12385957 1.6999643
v 0.05038081 0.12255668 1.6970489
v 0.04940793 0.12550956 1.7019565
v 0.05067319 0.12142711 1.6943855
v 0.048206784 0.12443354 1.6941314
v 0.053152565 0.11927364 1.6948944
v 0.05580993 0.11684369 1.6951787
v 0.02058661 0.13448898 1.6841588
v 0.021941544 0.13628455 1.6802754
v 0.02857361 0.13427752 1.6838205
v 0.034844093 0.13294509 1.6813207
v 0.02871166 0.13431703 1.6804247
v 0.034622952 0.13343567 1.6844769
v 0.028922277 0.13813126 1.6511227
v 0.035761625 0.13518873 1.6521854
v 0.034373753 0.13578871 1.6487279
v 0.030084252 0.13791256 1.654718
v 0.023933448 0.14043027 1.6567214
v 0.023161853 0.14030576 1.6533729
v 0.029515537 0.13501897 1.6876361
v 0.034756266 0.13498662 1.6880238
v 0.017509993 0.13603154 1.703525
v 0.017866336 0.13390693 1.6979357
v 0.014307044 0.134089 1.6987661
v 0.02016475 0.13578115 1.7011507
v 0.016274171 0.13256097 1.6935709
v 0.014788334 0.13403243 1.6882656
v 0.012900263 0.13362233 1.693382
v 0.017644992 0.1325553 1.6896682
v 0.023621576 0.13376345 1.6873347
v 0.011356796 0.13798845 1.688447
v 0.009511305 0.13675475 1.6937089
v 0.0010624119 0.14927243 1.6891925
v 0.004036544 0.14791667 1.6899487
v 0.0067436835 0.14565593 1.6900301
v 0.009050184 0.14229384 1.6894568
v 0.0011006341 0.14701228 1.6934559
v 0.0035710265 0.14596172 1.6940727
v 0.005855944 0.14411944 1.6943244
v 0.007664657 0.1411532 1.694064
v 0.024294924 0.1354018 1.7336894
v 0.018700717 0.1407549 1.7275214
v 0.01856577 0.13746952 1.733861
v 0.024617523 0.13878791 1.7277404
v 0.018681567 0.14272326 1.7215694
v 0.023826746 0.14211024 1.7155286
v 0.017825585 0.14317612 1.7156043
v 0.02477437 0.14139535 1.7217976
v 0.021941429 0.1387554 1.7088056
v 0.015707362 0.14082322 1.7101892
v 0.01235726 0.13716242 1.7055539
v 0.009849379 0.1363439 1.6994606
v 0.0010712185 0.14465238 1.7033422
v 0.003278702 0.14448093 1.6988286
v 0.0011219956 0.1451579 1.6981614
v 0.0034533879 0.14400958 1.7041216
v 0.00739999 0.14040661 1.6993228
v 0.005888354 0.14254098 1.70452
v 0.008378554 0.14040062 1.7050598
v 0.005441859 0.14299038 1.699162
v 0.0015445407 0.14620958 1.7144992
v 0.0043227607 0.14476508 1.7095325
v 0.001370289 0.14536743 1.7089585
v 0.0049747303 0.14564785 1.7149563
v 0.010898709 0.14248061 1.710304
v 0.00850151 0.1448356 1.71537
v 0.012489808 0.14405541 1.715626
v 0.0075053754 0.14386146 1.7099243
v 0.0015933552 0.1459244 1.7200394
v 0.0051891524 0.14532834 1.7205509
v 0.008954468 0.14453022 1.7210641
v 0.013131964 0.14372624 1.7214321
v 0.0017570002 0.14117932 1.7307057
v 0.0049392446 0.14357604 1.7260697
v 0.0020740004 0.14399767 1.7254839
v 0.004104539 0.14092226 1.7311362
v 0.007910701 0.13977373 1.7327229
v 0.013343807 0.14190042 1.7273093
v 0.008821146 0.142728 1.726905
v 0.012981728 0.13879456 1.7335558
v 0.045414865 0.12686904 1.637359
v 0.04998548 0.120410115 1.6336708
v 0.046428308 0.12403641 1.6314335
v 0.048733227 0.12420962 1.6402149
v 0.04981876 0.117531866 1.6266636
v 0.04541567 0.11968268 1.6190102
v 0.046433624 0.12172359 1.6252233
v 0.048426762 0.11531844 1.6195648
v 0.04298795 0.11889868 1.6127607
v 0.046024144 0.11393761 1.6124948
v 0.038383935 0.11486638 1.5984441
v 0.030580146 0.122664146 1.5949116
v 0.035492845 0.120416485 1.6006048
v 0.03320146 0.11724798 1.5916249
v 0.017790794 0.1303038 1.5840995
v 0.027059263 0.12054187 1.5849454
v 0.019366927 0.124097325 1.5788333
v 0.024625419 0.12620369 1.5893407
v 0.013749042 0.13653333 1.595784
v 0.02239446 0.13051215 1.5938921
v 0.01589327 0.13431995 1.589946
v 0.019858692 0.1333204 1.5987417
v 0.0248564 0.13141984 1.6019547
v 0.028982256 0.12933739 1.6058537
v 0.027850678 0.12721732 1.5982767
v 0.032428537 0.12511122 1.603066
v 0.039298493 0.12346347 1.6132752
v 0.036468316 0.12815808 1.6186008
v 0.041344143 0.12422421 1.6186042
v 0.03481895 0.12767881 1.6142288
v 0.037266497 0.12906575 1.6228627
v 0.0423995 0.12574789 1.6239243
v 0.036676776 0.13207369 1.6308448
v 0.042539198 0.12753013 1.6292343
v 0.03736987 0.13044687 1.6269965
v 0.041399725 0.12970074 1.6340508
v 0.029211067 0.13685903 1.6396075
v 0.027620658 0.13809475 1.6472362
v 0.032369573 0.13637154 1.6446192
v 0.025037767 0.13880736 1.6418407
v 0.022393044 0.1398846 1.6496999
v 0.020869996 0.14084081 1.6443174
v 0.015032671 0.14332785 1.6397883
v 0.01886656 0.14141381 1.6381919
v 0.025891252 0.13816597 1.6345775
v 0.022641022 0.13974938 1.6363976
v 0.031790465 0.13390678 1.6278423
v 0.03229109 0.13281211 1.6250618
v 0.03228843 0.13186394 1.6220179
v 0.022605939 0.13914908 1.6293999
v 0.020124644 0.14121257 1.624379
v 0.0184531 0.14334501 1.625456
v 0.019975724 0.14092559 1.6307564
v 0.027678324 0.13423172 1.6213775
v 0.024204679 0.13555115 1.620415
v 0.02321614 0.13503593 1.6191797
v 0.020853095 0.13567628 1.6176658
v 0.009257848 0.14629036 1.6458805
v 0.013941692 0.14570792 1.6471037
v 0.001828055 0.14973773 1.6451874
v 0.0054090954 0.14896297 1.6454045
v 0.060120746 0.114570625 1.6811216
v 0.058178328 0.11522807 1.6891373
v 0.06144161 0.11097748 1.6879271
v 0.056649916 0.118422 1.6841474
v 0.0049104257 0.14109279 1.6063714
v 0.002299163 0.14541094 1.6103382
v 0.0045953677 0.14563173 1.6105051
v 0.006375133 0.1452446 1.6106817
v 0.0065151663 0.13929482 1.5935482
v 0.0054820613 0.14007707 1.5999852
v 0.0076878155 0.1370827 1.5869617
v 0.008802645 0.13305181 1.5803881
v 0.009221173 0.1262974 1.5756212
v 0.024113895 0.13386707 1.6141177
v 0.019869773 0.13727066 1.6162958
v 0.028100837 0.13127232 1.612097
v 0.032325577 0.12804475 1.6099868
v 0.0362485 0.12387892 1.6081035
v 0.039758235 0.1189565 1.6065875
v 0.04263005 0.113706425 1.6054567
v 0.0428745 0.13011062 1.642228
v 0.045643207 0.12835522 1.6453872
v 0.035222717 0.13364872 1.6342043
v 0.03949924 0.13196777 1.6383989
v 0.030652175 0.13515928 1.6302881
v 0.026317846 0.13676248 1.6265944
v 0.046031453 0.12731516 1.6808378
v 0.05018793 0.12417466 1.6832013
v 0.02914439 0.13445234 1.6774163
v 0.035242137 0.13216196 1.6781403
v 0.017394023 0.14138101 1.6775907
v 0.022967272 0.13769083 1.6771317
v 0.012791808 0.14531334 1.6782792
v 0.009252989 0.14941125 1.6790667
v 0.0058184965 0.15284346 1.6794384
v 0.0019739058 0.15500005 1.679034
v 0.0062795645 0.15411498 1.6763957
v 0.0024945354 0.15787351 1.6732934
v 0.002229931 0.1563955 1.6762416
v 0.006670282 0.15542781 1.673397
v 0.013782386 0.14692126 1.672071
v 0.009585781 0.15042622 1.6758472
v 0.013414494 0.14628421 1.6751212
v 0.009945877 0.15142827 1.6726973
v 0.018212568 0.14231244 1.6744428
v 0.018701835 0.142927 1.6712232
v 0.023989476 0.138776 1.6739954
v 0.024693102 0.13970077 1.6706083
v 0.03612839 0.13199069 1.6742486
v 0.030965941 0.13639002 1.6701717
v 0.029761042 0.13513465 1.6736572
v 0.037310433 0.13253379 1.6700938
v 0.05723992 0.10621099 1.6304065
v 0.051684223 0.109940074 1.6204059
v 0.05346182 0.112433165 1.6284075
v 0.055049267 0.10355633 1.6214674
v 0.04903684 0.10846632 1.6124916
v 0.05229808 0.10205785 1.6126506
v 0.045547865 0.10804889 1.604578
v 0.0488228 0.10166534 1.6039169
v 0.039217364 0.1319469 1.6855283
v 0.038994923 0.13351089 1.6887703
v 0.039909076 0.13103016 1.6823618
v 0.040977612 0.13013385 1.6791825
v 0.04107257 0.13204063 1.6491833
v 0.03898136 0.13316333 1.6455703
v 0.036348403 0.13427629 1.6416844
v 0.03292235 0.13520256 1.6370659
v 0.028615642 0.13660415 1.6324517
v 0.024692671 0.13789365 1.6280266
v 0.021228133 0.13971287 1.6235778
v 0.04233345 0.12905055 1.6753478
v 0.04396733 0.12892377 1.670502
v 0.053376112 0.12227663 1.679821
v 0.051007032 0.124898925 1.6718698
v 0.048352852 0.12599123 1.6769739
v 0.05709078 0.11954564 1.6749047
v 0.052824717 0.12083868 1.644604
v 0.05862985 0.10990814 1.6401116
v 0.054011323 0.11596548 1.6365795
v 0.058409788 0.11529549 1.6521009
v 0.0027889307 0.15924731 1.670398
v 0.007251253 0.15688473 1.6705284
v 0.013687852 0.14728679 1.6689606
v 0.010497505 0.1525779 1.6697148
v 0.01867108 0.14328216 1.6680024
v 0.025134241 0.14027981 1.6670809
v 0.031576626 0.1370311 1.6663321
v 0.018670853 -0.030131333 1.6134967
v 0.030658517 -0.02711359 1.6208466
v 0.019384773 -0.03168276 1.6225104
v 0.03343837 -0.023961669 1.612983
v 0.046638522 -0.011226143 1.6171708
v 0.044782333 -0.012465701 1.6092418
v 0.038164522 -0.02177492 1.6193038
v 0.05371239 0.0012616902 1.6157851
v 0.05203538 0.00056817266 1.6069193
v 0.059718788 0.014337626 1.6147151
v 0.05760204 0.013920934 1.6051557
v 0.063424036 0.070092514 1.6164917
v 0.056435987 0.07738697 1.6053716
v 0.061096344 0.079134084 1.6147667
v 0.058050636 0.067719474 1.6072778
v 0.06460407 0.059718553 1.6197071
v 0.059021123 0.05668481 1.6101016
v 0.023682656 0.13799421 1.7041559
v 0.045427665 0.12851118 1.7005309
v 0.04800585 0.12569687 1.6994174
v 0.04521055 0.12742038 1.6994816
v 0.047874954 0.12420352 1.6982179
v 0.018040586 0.13249734 1.6899208
v 0.02520329 0.13466899 1.6892741
v 0.048651665 0.12481624 1.6989679
v 0.030354317 0.1359043 1.690057
v 0.035148077 0.13569638 1.6907945
v 0.042297337 0.12888445 1.6951275
v 0.044022135 0.12902544 1.6946436
v 0.042618252 0.13050707 1.6939467
v 0.04364485 0.12774979 1.695752
v 0.04856152 0.12398948 1.6978403
v 0.034960907 0.13229328 1.693285
v 0.03852125 0.13379206 1.6926258
v 0.03518239 0.1350466 1.6919233
v 0.038288224 0.13136011 1.693945
v 0.020381156 0.13249572 1.6963983
v 0.023878274 0.13129966 1.6976831
v 0.021483283 0.13032839 1.6956247
v 0.023011107 0.13377234 1.6987426
v 0.030285688 0.13249578 1.6925099
v 0.025730105 0.1341747 1.6903973
v 0.02562012 0.13162433 1.6917542
v 0.030520888 0.13532004 1.6911417
v 0.038682375 0.13438502 1.6914691
v 0.04125933 0.13264589 1.6921207
v 0.019310012 0.13343772 1.697075
v 0.017919663 0.13240036 1.6930008
v 0.024893925 0.13661592 1.7019473
v 0.022152795 0.13482371 1.6995468
v 0.025441479 0.13537985 1.7009436
v 0.030021772 0.13330285 1.7010336
v 0.026101986 0.13253969 1.699721
v 0.029674279 0.13637784 1.702393
v 0.03379253 0.13580664 1.7031306
v 0.03389326 0.13288496 1.70175
v 0.03798353 0.13413376 1.7027388
v 0.037837856 0.13163608 1.7014102
v 0.048481256 0.12624498 1.7006681
v 0.04586836 0.12901905 1.7018487
v 0.019137943 0.13164966 1.6925457
v 0.020307824 0.12970848 1.6920446
v 0.055555783 0.09511997 1.6129471
v 0.051981 0.094446555 1.6037363
v 0.05818707 0.0965389 1.6224713
v 0.06076491 0.09886964 1.631942
v 0.06569169 0.103258215 1.695236
v 0.06639377 0.10269026 1.7041972
v 0.06512285 0.10401421 1.7144077
v 0.061733503 0.10613912 1.726594
v 0.055815373 0.112726115 1.7323585
v 0.049150504 0.11802818 1.7353728
v 0.042543106 0.12206593 1.7371645
v 0.03631559 0.12542647 1.7383531
v 0.03026417 0.12858236 1.7393422
v 0.02434215 0.13126624 1.740092
v 0.018442933 0.13341065 1.7405121
v 0.0126044415 0.13497788 1.7404511
v 0.0055285185 0.13614371 1.7392467
v 0.06300404 0.10162252 1.6418843
v 0.007673618 0.15816669 1.6677213
v 0.0031839542 0.1617323 1.664658
v 0.0029076696 0.16057265 1.667474
v 0.007907495 0.15923132 1.6648518
v 0.01265586 0.14842361 1.6626298
v 0.010961819 0.15363814 1.6668638
v 0.013246169 0.14766653 1.6659954
v 0.011301759 0.15452644 1.6640038
v 0.018529424 0.14316034 1.6649158
v 0.01802614 0.14285383 1.66164
v 0.025006799 0.14050993 1.663505
v 0.024516169 0.14048733 1.6600434
v 0.03148516 0.13738607 1.6621337
v 0.030912925 0.13763191 1.6582396
v 0.037979275 0.13395005 1.6606984
v 0.037058286 0.13454103 1.6561401
v 0.044622358 0.12980504 1.658839
v 0.043005455 0.1308686 1.653471
v 0.048660226 0.12638171 1.6498625
v 0.051587965 0.124287546 1.6564176
v 0.009181372 0.118071966 1.5734547
v 0.009379424 0.10900113 1.5733327
v 0.029088616 0.11357041 1.5817603
v 0.02020794 0.10692015 1.5757154
v 0.020116856 0.115998365 1.5763607
v 0.029681787 0.10498852 1.5808698
v 0.035757974 0.11093556 1.5891012
v 0.037361503 0.103190064 1.5880125
v 0.041164648 0.108842194 1.5966963
v 0.04376652 0.10201188 1.5957243
v 0.04089904 0.13221122 1.6932899
v 0.040635694 0.13017845 1.6945454
v 0.06479867 0.105452456 1.6865152
v 0.046499837 0.12555517 1.6961801
v 0.046104442 0.12504774 1.6971596
v 0.06774925 0.09652393 1.7158124
v 0.065683484 0.09690511 1.727288
v 0.06889564 0.096282296 1.7052016
v 0.06871454 0.096907966 1.6952169
v 0.068074875 0.0985891 1.68554
v 0.063585564 0.10916573 1.6775098
v 0.03815091 0.1332905 1.6655207
v 0.045014475 0.12912 1.664953
v 0.0527664 0.12390624 1.6650605
v 0.06055346 0.115056396 1.6668793
v 0.06592361 0.103819326 1.6648628
v 0.06469191 0.104054146 1.6529105
v 0.067097746 0.101157695 1.675683
v 0.004012743 0.15082781 1.628773
v 0.06632254 0.07289881 1.6261394
v 0.06366496 0.08107036 1.6246654
v 0.06833185 0.07523659 1.6357101
v 0.06603912 0.083095215 1.6344302
v 0.070576854 0.0769696 1.645069
v 0.06843781 0.084721565 1.644107
v 0.07033416 0.08548015 1.6540064
v 0.07256038 0.07727094 1.654447
v 0.071650125 0.08532597 1.6641157
v 0.07401353 0.07700189 1.6639837
v 0.07354777 0.08342507 1.6843206
v 0.07491083 0.076397374 1.6736727
v 0.072720796 0.08451266 1.674247
v 0.07537812 0.07512485 1.683623
v 0.07355348 0.08213229 1.6947303
v 0.07526691 0.07358229 1.6941122
v 0.07133149 0.08053239 1.7278671
v 0.07463175 0.072226666 1.7164522
v 0.07270476 0.08085428 1.7165744
v 0.07340673 0.07175347 1.7278668
v 0.07511427 0.07275148 1.7051046
v 0.07335536 0.08134782 1.7054818
v 0.070060566 0.067700125 1.6373744
v 0.06785237 0.064407706 1.6285331
v 0.072546445 0.0689971 1.6461115
v 0.07461917 0.06897726 1.6548166
v 0.07595172 0.06831258 1.6637812
v 0.07652106 0.067186095 1.6728927
v 0.07661395 0.065632306 1.682455
v 0.076560624 0.06398389 1.6929646
v 0.079901025 0.044879254 1.6831355
v 0.079489626 0.04891253 1.6773502
v 0.07807084 0.055701327 1.6804049
v 0.07818929 0.051741075 1.6908327
v 0.07831075 0.051631946 1.6704525
v 0.077539265 0.058489427 1.6717974
v 0.07676987 0.060481437 1.6634399
v 0.077046886 0.05390452 1.6630706
v 0.07552182 0.055578135 1.6555604
v 0.07535366 0.0616375 1.6552329
v 0.07373498 0.05597433 1.6482711
v 0.0732491 0.06168117 1.6472918
v 0.07158336 0.054913532 1.6413745
v 0.0707635 0.06017008 1.6395278
v 0.06996907 0.051936097 1.6353701
v 0.06817871 0.056116186 1.6320941
v 0.06826855 0.037224334 1.63339
v 0.06426528 0.047234546 1.6250156
v 0.06822558 0.046313602 1.6324433
v 0.06561768 0.029365195 1.626342
v 0.04596582 0.094132386 1.59554
v 0.05003961 0.07617276 1.5964936
v 0.05215735 0.06578098 1.5978944
v 0.0542152 0.054139923 1.6002262
v 0.061822124 0.029052198 1.6141994
v 0.05729138 0.041409023 1.6020985
v 0.06025 0.043585967 1.612938
v 0.0596419 0.027913334 1.6035296
v 0.03101352 -0.029668562 1.6292849
v 0.020151103 -0.034343865 1.6312585
v 0.04865223 -0.012074548 1.6263512
v 0.04033316 -0.022706151 1.6275709
v 0.056323063 0.00023991389 1.6253191
v 0.06248969 0.013165937 1.625058
v 0.07061008 0.028893568 1.6389234
v 0.06868361 0.020230798 1.6360195
v 0.06525569 0.009214143 1.6347693
v 0.059771176 -0.0019860028 1.6346202
v 0.07170956 0.01399777 1.6452656
v 0.074172944 0.021818396 1.6466385
v 0.068091676 0.00464049 1.6445092
v 0.06269503 -0.0060547413 1.6444178
v 0.009565421 0.099775575 1.5732268
v 0.020754056 0.09788025 1.5751915
v 0.030302454 0.09605665 1.5808387
v 0.038587596 0.09468278 1.5879297
v 0.046243798 0.06498184 1.5875288
v 0.043175634 0.07604092 1.5873787
v 0.050378192 0.052429155 1.5896771
v 0.055880845 0.039953467 1.5915931
v 0.080051355 0.03956878 1.7274367
v 0.07861776 0.051281214 1.7160081
v 0.07789211 0.051707942 1.7276613
v 0.08049409 0.039306864 1.716018
v 0.07649864 0.06241366 1.7161967
v 0.07557129 0.062192056 1.7278054
v 0.0766089 0.06283263 1.7045566
v 0.0782053 0.05133955 1.7040831
v 0.080486536 0.03914847 1.7049128
v 0.08046634 0.039080095 1.6942507
v 0.08144189 0.0375674 1.6876142
v 0.08263337 0.028907191 1.6898884
v 0.082394116 0.027311623 1.6958374
v 0.083201356 0.017645778 1.6844693
v 0.08282464 0.022585165 1.689403
v 0.08184958 0.014298228 1.6939846
v 0.08076569 0.009062714 1.6847227
v 0.07418616 0.0098643815 1.654951
v 0.07740446 0.017365247 1.6554056
v 0.08094957 0.014809172 1.6646153
v 0.07684719 0.007464064 1.6648853
v 0.0828804 0.0143572455 1.6747161
v 0.07902848 0.006966365 1.6749995
v 0.08080901 0.026572451 1.727174
v 0.08168374 0.02659574 1.7157807
v 0.08206006 0.026719466 1.7053313
v 0.080094054 0.013306909 1.726906
v 0.081187524 0.013432868 1.7153274
v 0.077290736 -0.0021950346 1.6854186
v 0.075669095 -0.0024998991 1.6754977
v 0.069882005 -0.013369616 1.6764901
v 0.071728304 -0.014087975 1.6864197
v 0.0674856 -0.011837899 1.6657349
v 0.07318136 -0.0014488543 1.6650835
v 0.07054592 0.0011144143 1.654677
v 0.0649575 -0.009386716 1.6549994
v 0.07907624 -0.00023059598 1.705444
v 0.07310572 -0.014260244 1.6959298
v 0.07853367 -0.0007743949 1.6951112
v 0.07388471 -0.014262457 1.7057742
v 0.07870864 -0.00038834373 1.715662
v 0.07394983 -0.014110562 1.715758
v 0.07761482 -8.00846E-05 1.7271847
v 0.073350884 -0.0133313965 1.727857
v 0.06659751 -0.026921555 1.7167072
v 0.066632375 -0.025925156 1.7288939
v 0.06605963 -0.027154831 1.7061498
v 0.065153584 -0.02690783 1.6963695
v 0.062227502 -0.02544639 1.6772819
v 0.063876346 -0.026358454 1.686896
v 0.060046334 -0.023721473 1.6664252
v 0.0576678 -0.02119359 1.65548
v 0.054935586 -0.018358598 1.645058
v 0.051796526 -0.014902367 1.6354645
v 0.056419834 -0.038147632 1.7174314
v 0.0568873 -0.037045326 1.7301981
v 0.05568587 -0.038348112 1.706718
v 0.05471957 -0.038113806 1.696986
v 0.05213209 -0.036530767 1.6778895
v 0.05358559 -0.03749791 1.6874698
v 0.050089248 -0.03499451 1.6670989
v 0.047636177 -0.032486565 1.6563866
v 0.045096744 -0.02886538 1.6461943
v 0.042449787 -0.0252339 1.6366736
v 0.044924624 -0.046357274 1.7318549
v 0.03028668 -0.055296328 1.7207005
v 0.04430192 -0.047648557 1.7195188
v 0.03091661 -0.053819206 1.7336041
v 0.029588807 -0.05541648 1.7090651
v 0.04345087 -0.04785373 1.7080796
v 0.04254046 -0.047454722 1.6978354
v 0.028850416 -0.05482708 1.6987264
v 0.04153377 -0.046669673 1.6882204
v 0.02810816 -0.053824045 1.6891717
v 0.040319096 -0.04547966 1.6784072
v 0.027184483 -0.05231808 1.679311
v 0.038728863 -0.043470737 1.6679522
v 0.025976242 -0.04992836 1.6691393
v 0.036674444 -0.040396284 1.6575757
v 0.02442747 -0.046383593 1.6590992
v 0.03425506 -0.03628244 1.6477741
v 0.022622308 -0.041721445 1.6497735
v 0.032173526 -0.03241368 1.638353
v 0.021088926 -0.037473965 1.6404537
v 0.059367243 0.10335552 1.7389894
v 0.063332595 0.095823966 1.7387357
v 0.05444053 0.10963348 1.7410986
v 0.04856973 0.11502428 1.7426537
v 0.07390766 0.06212564 1.7394483
v 0.07618032 0.05156817 1.7394253
v 0.07159596 0.07159138 1.7393606
v 0.06938614 0.0803056 1.7391875
v 0.024521163 0.12707822 1.7467552
v 0.018634697 0.12901455 1.7475376
v 0.03058741 0.12491215 1.7457939
v 0.0366643 0.12241133 1.744735
v 0.042533908 0.11928515 1.7435842
v 0.012782753 0.13070668 1.748091
v 0.0058124843 0.13159548 1.7483301
v 0.045069776 -0.04311384 1.7456938
v 0.031285603 -0.05005581 1.7474432
v 0.056799922 -0.03434574 1.7437822
v 0.0660148 -0.023810524 1.7419075
v 0.072093174 -0.011837408 1.7402952
v 0.07597207 0.00062916253 1.7392327
v 0.07842332 0.013463715 1.7389606
v 0.07912067 0.026516639 1.7390591
v 0.07828058 0.039499257 1.7392293
v 0.032032695 -0.024308367 1.6027677
v 0.016016131 -0.029852806 1.604225
v 0.043963473 -0.013488189 1.6004003
v 0.051680982 -0.00041029238 1.5980062
v 0.056148946 0.013038079 1.5961088
v 0.05841131 0.026728606 1.5940276
v 0.013614064 0.0053070993 1.8034767
v -1.3819701E-08 0.018494876 1.8073541
v -1.4298671E-08 0.004664169 1.8049072
v 0.012975624 0.01921639 1.8058723
v 0.060293965 0.012793207 1.7805794
v 0.050484058 0.024160758 1.7906998
v 0.05157925 0.010898642 1.7884514
v 0.059519865 0.025389837 1.7823359
v 0.06666129 0.026143167 1.7726754
v 0.06680387 0.013983814 1.771612
v 0.07203783 0.026418641 1.7619452
v 0.0716827 0.014185865 1.7615646
v 0.012347389 0.032454096 1.8064867
v -1.30375355E-08 0.04354857 1.8066884
v -1.3398559E-08 0.031669036 1.8075918
v 0.011719236 0.044509303 1.8057928
v 0.05602336 0.05064943 1.7822844
v 0.048900586 0.037062857 1.7912272
v 0.058018297 0.038207594 1.7827756
v 0.047026973 0.049310908 1.790615
v 0.06543153 0.038926635 1.7729822
v 0.06342568 0.051208977 1.7727548
v 0.07098382 0.039227992 1.762191
v 0.06916501 0.05142768 1.762215
v 0.07525196 0.039399866 1.750866
v 0.073248126 0.051661663 1.7509792
v 0.0762312 0.026497662 1.7507038
v 0.07568316 0.013850176 1.7506671
v 0.008249046 0.09840651 1.7877382
v -1.163912E-08 0.09692673 1.7892818
v 0.0077379686 0.10619113 1.781896
v 0.038284287 0.10511999 1.7672833
v 0.031739485 0.10553454 1.7718217
v 0.04138463 0.09910327 1.7708868
v 0.034425583 0.099019416 1.7765278
v 0.043939844 0.105179 1.7619599
v 0.047411032 0.099349536 1.7644745
v 0.052450992 0.10001841 1.7572668
v 0.048601545 0.10581363 1.7560511
v 0.05642615 0.10155334 1.7488605
v 0.052043714 0.1075752 1.7491457
v -1.2732041E-08 0.053898748 1.8053615
v 0.011123064 0.055315603 1.804345
v 0.053860303 0.06173409 1.781266
v 0.04506579 0.060598556 1.7893378
v 0.061164506 0.06243884 1.7720711
v 0.06714324 0.062222794 1.761927
v 0.010527619 0.0651316 1.8024136
v -1.2227098E-08 0.07192675 1.8014296
v -1.2463612E-08 0.06329508 1.8036255
v 0.009966347 0.074042894 1.8000754
v 0.04944265 0.07882243 1.7784041
v 0.0431414 0.07003504 1.7876991
v 0.051677007 0.07095807 1.7799625
v 0.041221768 0.07810774 1.7857915
v 0.05891336 0.07157321 1.7711385
v 0.056436934 0.079474784 1.769924
v 0.06485977 0.07157775 1.7613552
v 0.062107973 0.07977141 1.7604656
v 0.008800377 0.090517476 1.7926867
v -1.1817853E-08 0.088590465 1.7943662
v 0.03702138 0.09220722 1.7804815
v 0.044416018 0.09248712 1.7740562
v 0.050740086 0.09301526 1.766689
v 0.055929266 0.093817756 1.7583715
v 0.060189568 0.09479048 1.7491176
v 0.0689304 0.071829766 1.7506279
v 0.0664865 0.080204144 1.7502056
v 0.071114965 0.06250913 1.750915
v 0.007381419 0.113711834 1.7744564
v 0.035155173 0.11109295 1.7628982
v 0.029091887 0.111855954 1.7664275
v 0.040569287 0.11069993 1.75874
v 0.044629354 0.11101111 1.7544206
v 0.047041096 0.11265627 1.7492591
v 0.031512413 0.12108839 1.7520504
v 0.037981723 0.1153299 1.7550346
v 0.03704135 0.11916122 1.7504476
v 0.032916557 0.116676174 1.7577407
v 0.04163311 0.114309125 1.752994
v 0.042013194 0.11649764 1.749213
v 0.039764408 0.02223389 1.797889
v 0.04095201 0.008821419 1.7952889
v 0.038234364 0.035166007 1.7983402
v 0.03655709 0.04741223 1.7975956
v 0.03490194 0.05875494 1.7961177
v 0.03334194 0.0686914 1.794218
v 0.03177515 0.07713607 1.7920051
v 0.028467163 0.09205086 1.7857969
v 0.026537899 0.09901231 1.7813859
v 0.024529466 0.105769694 1.7760869
v 0.02245366 0.11264756 1.7695704
v 0.006755199 0.120736465 1.765559
v 0.006331904 0.12683465 1.756893
v 0.013931172 0.12014004 1.764296
v 0.013062069 0.1258618 1.7561327
v 0.025539149 0.12295255 1.7537165
v 0.026950497 0.11803809 1.7602781
v 0.01944552 0.12447109 1.7550952
v 0.020702882 0.119207285 1.7625018
v 0.028219802 0.006971351 1.8003619
v 0.02702794 0.02057708 1.8028148
v 0.025766475 0.03352768 1.8033996
v 0.024568586 0.045687854 1.8027117
v 0.023411807 0.056805205 1.8012468
v 0.022321485 0.06678738 1.7992574
v 0.021231169 0.07571716 1.7968653
v 0.017775366 0.09893129 1.7851763
v 0.01897249 0.091628045 1.7898351
v 0.016604915 0.105984315 1.7796694
v 0.015180809 0.11325392 1.772444
v 0.002653168 0.13854703 1.7352035
v 0.04318533 0.13076478 1.6927727
v 0.014041612 -0.009720776 1.7982627
v -1.4855754E-08 -0.010033754 1.7994386
v 0.014591828 -0.024728045 1.789775
v -1.5493272E-08 -0.025490088 1.7906045
v 0.015117097 -0.037527274 1.7777474
v -1.612944E-08 -0.03889178 1.77797
v -1.6709206E-08 -0.049306687 1.7630581
v 0.015361903 -0.047569793 1.763451
v 0.015452953 -0.054734655 1.748299
v -1.7198165E-08 -0.05660619 1.7476784
v 0.015210698 -0.058860507 1.7338341
v -1.7574177E-08 -0.06067897 1.7329415
v 0.01482244 -0.060317 1.7210025
v -1.7823547E-08 -0.061994646 1.7205511
v 0.014361528 -0.060389735 1.7094424
v -1.8015028E-08 -0.06200482 1.7091482
v 0.013944667 -0.059775293 1.6996166
v -1.8144421E-08 -0.06144525 1.7003726
v 0.013511625 -0.058767773 1.6904455
v -1.8354177E-08 -0.059086572 1.6834048
v 0.012979439 -0.057081126 1.6808333
v -1.8248027E-08 -0.06059164 1.6925799
v -1.8434106E-08 -0.05648112 1.6737155
v 0.012300675 -0.054363526 1.6709397
v -1.847039E-08 -0.052478913 1.6639915
v 0.011451886 -0.05034876 1.6612796
v -1.845496E-08 -0.047219742 1.6549778
v 0.010511419 -0.045275815 1.6520964
v -1.8459724E-08 -0.042440303 1.6456658
v 0.009647761 -0.04103955 1.6427087
v -1.8516566E-08 -0.039086074 1.6359392
v 0.008881262 -0.037490785 1.6334759
v -1.857967E-08 -0.035943083 1.6262382
v 0.007841839 -0.034776993 1.62422
v -1.8664256E-08 -0.033497587 1.6165732
v 0.0052805073 -0.032888845 1.6151981
v -1.874956E-08 -0.031011902 1.6067895
v 0.029736122 -0.022024447 1.7870787
v 0.028928058 -0.007901098 1.7951707
v 0.03069362 -0.034120586 1.7758372
v 0.031131228 -0.043516286 1.7621604
v 0.07349626 0.0018144165 1.7509197
v 0.070097685 -0.009555195 1.7520694
v 0.064752035 -0.020028431 1.754414
v 0.05612428 -0.029527739 1.7571489
v 0.044698115 -0.03743191 1.7596849
v 0.04401674 -0.02896621 1.772574
v 0.054912083 -0.022325356 1.7687994
v 0.0627634 -0.014681332 1.7648487
v 0.06740726 -0.0066329776 1.7619262
v 0.07011884 0.0030743617 1.7613213
v 0.042905465 -0.017860478 1.782847
v 0.041876342 -0.00500369 1.7902812
v 0.05343716 -0.012870553 1.7777414
v 0.052431714 -0.0016955119 1.7841752
v 0.060907967 -0.007764639 1.7724594
v 0.060504757 0.0014631969 1.7773403
v 0.06500935 -0.0038974823 1.7683526
v 0.0660315 0.0034289656 1.7699789
v 0.00984646 0.09061794 1.5736966
v 0.021554416 0.08885837 1.5749657
v 0.031854022 0.0869291 1.5803493
v 0.040511977 0.085725926 1.5877123
v 0.048033137 0.08552354 1.5957755
v 0.054469526 0.08633437 1.6041274
v 0.058403336 0.08742454 1.6136515
v 0.060928848 0.08901901 1.6235197
v 0.063619524 0.09102951 1.6332245
v 0.06607126 0.0930302 1.6431148
v 0.06796542 0.094324216 1.653512
v 0.06908705 0.094127096 1.6642848
v 0.070044756 0.09277243 1.6747713
v 0.07098626 0.091211244 1.6849198
v 0.0713834 0.08989412 1.6950699
v 0.07137637 0.08918549 1.7055489
v 0.07048216 0.08888915 1.7164042
v 0.0687813 0.08870848 1.7276833
v 0.06667195 0.08827631 1.7389463
v 0.06355619 0.08770143 1.7496213
v 0.059111286 0.087092444 1.7594354
v 0.0537083 0.086485334 1.7684646
v 0.047048926 0.08594296 1.776444
v 0.039259557 0.08526155 1.7835095
v 0.030214274 0.08479401 1.7892847
v 0.02012511 0.08393366 1.7937632
v 0.009391243 0.08247916 1.796869
v -1.2011014E-08 0.080322474 1.7984612
v 0.03440011 0.077033445 1.5789307
v 0.039449885 0.06553865 1.5750196
v 0.024633853 0.07028318 1.5701373
v 0.022752583 0.07979858 1.5737369
v 0.011208487 0.07478238 1.5661898
v 0.010275033 0.08182485 1.5711533
v 0.039347704 0.06016725 1.5635146
v 0.026126835 0.06566474 1.560517
v 0.011688257 0.06707549 1.5600549
v 0.048502114 0.05117844 1.5781205
v 0.04940053 0.048791658 1.5661787
v 0.015483229 -0.030049214 1.5940744
v -1.9192532E-08 -0.032645985 1.5834517
v 0.01624355 -0.03224027 1.5833496
v -1.8917044E-08 -0.029942097 1.594778
v 0.03188434 -0.02546891 1.593346
v 0.033363603 -0.028333573 1.5837204
v 0.044183094 -0.014926004 1.5913615
v 0.04623836 -0.01797032 1.5824894
v 0.05223767 -0.0013991507 1.5887764
v 0.053428967 -0.0045707296 1.57951
v 0.055602524 0.0113632195 1.5862082
v 0.056265995 0.00884797 1.5759989
v 0.05793421 0.024947194 1.5834806
v 0.057846926 0.0226345 1.5726676
v 0.056164656 0.03866741 1.5806364
v 0.057117827 0.03654432 1.5693194
v 0.011688257 0.06707549 1.5600549
v 0.013926774 0.065863036 1.5483148
v 0.026126835 0.06566474 1.560517
v 0.027697502 0.0640657 1.5495011
v 0.039544158 0.055743773 1.5516453
v 0.039347704 0.06016725 1.5635146
v 0.04940053 0.048791658 1.5661787
v 0.050481502 0.045846403 1.5539117
v 0.05758424 0.03347057 1.5574578
v 0.057117827 0.03654432 1.5693194
v 0.057846926 0.0226345 1.5726676
v 0.058119513 0.019642554 1.5613053
v 0.056265995 0.00884797 1.5759989
v 0.058958452 0.0059598717 1.565414
v 0.053428967 -0.0045707296 1.57951
v 0.05688351 -0.007915709 1.5696458
v 0.04623836 -0.01797032 1.5824894
v 0.049722787 -0.02187759 1.572809
v 0.036099732 -0.032867916 1.573582
v 0.033363603 -0.028333573 1.5837204
v 0.018167848 -0.036378976 1.5717145
v 0.01624355 -0.03224027 1.5833496
v -1.952579E-08 -0.03620709 1.5702987
v -1.9192532E-08 -0.032645985 1.5834517
v 0.06604314 0.023167083 1.5335183
v 0.05832249 0.0286305 1.5453976
v 0.07079539 0.013966486 1.5381991
v 0.061317157 0.015688986 1.5492171
v 0.10983999 0.00066468184 1.5174562
v 0.071704954 0.047223687 1.63306
v 0.07296447 0.04090979 1.632208
v 0.07037909 0.047005087 1.632983
v 0.07602986 0.04128285 1.6316907
v 0.07542297 0.03432594 1.6361728
v 0.0793862 0.03594822 1.6343964
v 0.07982688 0.025856098 1.6451949
v 0.08415366 0.027863588 1.6443478
v 0.08766593 0.022332856 1.6527613
v 0.08321471 0.020026091 1.6532276
v 0.09088137 0.017292662 1.6633091
v 0.08632748 0.015471534 1.6635576
v 0.09291597 0.01526062 1.6756167
v 0.08841898 0.014345451 1.6749682
v 0.09348278 0.019053832 1.6862
v 0.08906123 0.018174589 1.6858555
v 0.09188837 0.023743667 1.6894425
v 0.08818915 0.023248443 1.6898278
v 0.08312108 0.0369743 1.6864873
v 0.08696913 0.029668039 1.6903602
v 0.08455517 0.036644462 1.6861421
v 0.089411214 0.02975275 1.6893117
v 0.080875486 0.042822685 1.6821095
v 0.08231371 0.04095428 1.6812011
v 0.07330258 0.0496703 1.6429551
v 0.07196307 0.049500138 1.6359421
v 0.07236958 0.051770553 1.6422263
v 0.071109526 0.05044888 1.6356937
v 0.080463275 0.04525698 1.6760072
v 0.08239845 0.042622082 1.6752508
v 0.07907789 0.047363885 1.6695713
v 0.080534995 0.043674115 1.668801
v 0.07792572 0.045721795 1.6619047
v 0.077240065 0.0492975 1.6627103
v 0.07658588 0.046753433 1.6552896
v 0.075604565 0.050877273 1.6556689
v 0.07459541 0.048351824 1.6486503
v 0.07391696 0.05184595 1.6488417
v 0.074960224 0.044757746 1.6373035
v 0.07617924 0.04543032 1.6440939
v 0.07909769 0.040245 1.6443893
v 0.08580921 0.031702142 1.6489416
v 0.09079708 0.025098985 1.6565406
v 0.09235919 0.021883536 1.6641086
v 0.09305936 0.018147962 1.6744983
v 0.09118701 0.021286504 1.6828502
v 0.090642594 0.024273874 1.6857679
v 0.08579349 0.035378214 1.6841782
v 0.08776823 0.027983356 1.6839358
v 0.077984594 0.044820037 1.6479311
v 0.07534646 0.04214479 1.6543283
v 0.07734038 0.04097259 1.6611859
v 0.0819433 0.039666444 1.6679019
v 0.08185557 0.038668737 1.6747881
v 0.08284096 0.03858219 1.6799012
v 0.08331455 0.03960093 1.6530635
v 0.086744 0.03509089 1.6534513
v 0.08574704 0.033493463 1.6756407
v 0.08082997 0.03244029 1.6680253
v 0.080591895 0.034646153 1.6600285
v 0.090507135 0.027886273 1.6755377
v 0.08685293 0.030256199 1.6587576
v 0.087774776 0.027128626 1.6663291
v 0.08153241 0.013618891 1.704879
v 0.06826855 0.037224334 1.63339
v 0.07061008 0.028893568 1.6389234
v 0.074172944 0.021818396 1.6466385
v 0.07740446 0.017365247 1.6554056
v 0.08094957 0.014809172 1.6646153
v 0.0828804 0.0143572455 1.6747161
v 0.083201356 0.017645778 1.6844693
v 0.08282464 0.022585165 1.689403
v 0.08263337 0.028907191 1.6898884
v 0.08144189 0.0375674 1.6876142
v 0.079901025 0.044879254 1.6831355
v 0.079489626 0.04891253 1.6773502
v 0.07831075 0.051631946 1.6704525
v 0.077046886 0.05390452 1.6630706
v 0.07552182 0.055578135 1.6555604
v 0.07373498 0.05597433 1.6482711
v 0.07158336 0.054913532 1.6413745
v 0.06996907 0.051936097 1.6353701
v 0.06822558 0.046313602 1.6324433
v 0.025961926 0.12845998 1.7000777
v 0.029575922 0.120706566 1.7027779
v 0.025247622 0.120706566 1.7013024
v 0.029933248 0.1289774 1.7014058
v 0.045894258 0.12327806 1.6967578
v 0.04554312 0.120706566 1.6948442
v 0.04672922 0.120706566 1.695612
v 0.04480879 0.12440352 1.6960571
v 0.04148616 0.12662095 1.7009103
v 0.03803332 0.120706566 1.7031931
v 0.037809808 0.12784702 1.701793
v 0.041849695 0.120706566 1.7022809
v 0.038600106 0.12070657 1.6921794
v 0.0405893 0.12685616 1.6941556
v 0.038284227 0.12766081 1.6935617
v 0.041001964 0.12070657 1.6927991
v 0.04222739 0.12597007 1.6947312
v 0.04276193 0.120706566 1.693418
v 0.045565374 0.120706566 1.7011964
v 0.04508538 0.12495483 1.6998622
v 0.047862466 0.122611135 1.6984742
v 0.049123082 0.120706566 1.6984973
v 0.030590286 0.12070657 1.6907381
v 0.034994684 0.12829325 1.6929059
v 0.030361816 0.12842996 1.6921372
v 0.035249423 0.12070657 1.6915112
v 0.023684211 0.12762329 1.6980121
v 0.022741899 0.120706566 1.6990714
v 0.025765298 0.12070657 1.6899631
v 0.020000879 0.12652816 1.6919825
v 0.018792659 0.12070657 1.6915789
v 0.025701128 0.12784867 1.6913795
v 0.044210225 0.120706566 1.694091
v 0.043562192 0.12518398 1.6953521
v 0.020019354 0.120706566 1.6966522
v 0.021205217 0.12695688 1.695875
v 0.03376237 0.12070656 1.7035439
v 0.033832535 0.12869398 1.7021279
v 0.04154426 0.12984118 1.7005265
v 0.045020748 0.1266297 1.6964805
v 0.029442055 0.13756695 1.7035255
v 0.04998926 0.12294272 1.6972005
v 0.04990357 0.124477886 1.6997279
v 0.04732379 0.12527977 1.6950163
v 0.046202306 0.12728749 1.6943182
v 0.03817701 0.13488546 1.7039635
v 0.042096585 0.13234814 1.7029871
v 0.045352224 0.12756298 1.6954422
v 0.041756753 0.13171552 1.7017471
v 0.044802107 0.12901005 1.6935141
v 0.019220501 0.13170253 1.6908453
v 0.033841893 0.1367546 1.7043537
v 0.04200011 0.13215892 1.7023033
v 0.045712404 0.12885071 1.7011571
v 0.038141698 0.13466485 1.7032723
v 0.033858 0.1364294 1.7036629
v 0.02957389 0.13708532 1.7028856
v 0.025179088 0.13607873 1.7013745
v 0.046920694 0.12548348 1.6956663
v 0.045819342 0.1274974 1.694949
v 0.041167896 0.13256603 1.692781
v 0.042980734 0.13074037 1.6934396
v 0.049220074 0.12359276 1.6975398
v 0.049288854 0.12473338 1.6992633
v 0.048312213 0.12605907 1.7000005
v 0.035184726 0.13558102 1.6914195
v 0.03039807 0.1358234 1.6906402
v 0.019893557 0.1330542 1.696676
v 0.0226029 0.13437185 1.699074
v 0.018607765 0.1321438 1.6927495
v 0.018655265 0.13218999 1.6904082
v 0.025391955 0.13459681 1.6898781
v 0.038669568 0.13426864 1.6921182
v 0.04447713 0.12911686 1.6941602
v 0.0028271384 0.15897626 1.6511816
v 0.0061664185 0.14917216 1.6537381
v 0.005064938 0.14781809 1.6522068
v 0.0050296034 0.1498849 1.653639
v 0.006349586 0.14747041 1.6521349
v 0.008544774 0.14718169 1.6537588
v 0.008637676 0.14573094 1.6523733
v 0.0103977015 0.15411355 1.6531042
v 0.013629648 0.14861824 1.6512182
v 0.01378567 0.14716308 1.649161
v 0.010295613 0.14550012 1.6527569
v 0.010755634 0.14596155 1.6536373
v 0.0104999 0.14678936 1.6546643
v 0.008358825 0.14968415 1.6557415
v 0.0057588983 0.15800951 1.652935
v 0.0060916785 0.15155536 1.6552619
v 0.0051525417 0.1523524 1.6550324
v 0.011339484 0.14690055 1.6484683
v 0.009485264 0.14722253 1.6480895
v 0.0061983294 0.14956433 1.6477369
v 0.0036886972 0.14997503 1.6472802
v 0.0021992435 0.15373643 1.6481119
v 0.0042137364 0.15268983 1.6494658
v 0.0042008595 0.1565824 1.651441
v 0.011873405 0.1473212 1.6500926
v 0.011706973 0.14819495 1.6515732
v 0.00941805 0.15236157 1.6529636
v 0.0056558675 0.1556883 1.6529919
v -0.018761417 0.13877434 1.6179802
v -0.020213585 0.13702276 1.6176748
v -0.017596867 0.1382435 1.6188838
v -0.020532072 0.13620423 1.6186624
v -0.017032338 0.1403167 1.6180298
v -0.015861038 0.13992147 1.619261
v -0.013088999 0.14257191 1.619922
v -0.014119902 0.14304654 1.6178666
v -0.010979617 0.14558128 1.6174713
v -0.010512876 0.14481379 1.6202592
v -0.008737911 0.14701481 1.6173543
v -0.008385836 0.14585955 1.6203884
v -0.0069555542 0.14789112 1.6173285
v -0.006487328 0.14647856 1.6205496
v -0.0044468935 0.14876084 1.6174438
v -0.004025858 0.14725134 1.6209627
v -0.0017695816 0.14906527 1.617502
v -0.0014329395 0.14728828 1.6212491
v -0.0021023331 0.1483065 1.6133385
v -1.2962484E-08 0.14838293 1.6131452
v -1.2866057E-08 0.14912923 1.6174877
v -1.2861641E-08 0.14724083 1.6213181
v -0.0048089144 0.147986 1.6135852
v -0.0070126206 0.14702977 1.6137508
v -0.008299345 0.14614393 1.614075
v -0.010547052 0.14463758 1.6144941
v -0.014029474 0.14214955 1.615434
v -0.01710151 0.13951948 1.6163257
v -0.018821118 0.13798739 1.6168627
v -0.021453785 0.1376536 1.6209174
v -0.020814655 0.13698584 1.6197138
v -0.005352198 0.14869162 1.6234459
v -0.0025858441 0.14903462 1.6234782
v -0.004025858 0.14725134 1.6209627
v -0.0014329395 0.14728828 1.6212491
v -0.0079066185 0.14757875 1.6230885
v -0.006487328 0.14647856 1.6205496
v -0.010409838 0.14636733 1.6227826
v -0.008385836 0.14585955 1.6203884
v -0.012739821 0.1448864 1.6223161
v -0.010512876 0.14481379 1.6202592
v -0.014820992 0.14313094 1.6216617
v -0.013088999 0.14257191 1.619922
v -0.018122446 0.14223348 1.622741
v -0.015992654 0.14404942 1.6238102
v -0.018693933 0.13933595 1.6202761
v -0.015861038 0.13992147 1.619261
v -0.017596867 0.1382435 1.6188838
v -0.016827285 0.14129692 1.6209848
v -0.019884268 0.13999657 1.6218915
v -1.2771302E-08 0.14906701 1.6232575
v -1.2861641E-08 0.14724083 1.6213181
v -0.003007243 0.15041661 1.6258506
v -1.2686417E-08 0.15063229 1.6253645
v -0.013751313 0.14575344 1.6247749
v -0.01126088 0.14729401 1.6253635
v -0.008630462 0.1486286 1.6258168
v -0.00591637 0.14982261 1.6261432
v 0.01759684 0.1382435 1.6188838
v 0.02021356 0.13702276 1.6176748
v 0.01876139 0.13877434 1.6179802
v 0.020354373 0.13628155 1.6186281
v 0.015861012 0.13992147 1.619261
v 0.017032312 0.1403167 1.6180298
v 0.013088973 0.14257191 1.619922
v 0.014119876 0.14304654 1.6178666
v 0.010979591 0.14558128 1.6174713
v 0.01051285 0.14481379 1.6202592
v 0.008737884 0.14701481 1.6173543
v 0.00838581 0.14585955 1.6203884
v 0.006955528 0.14789112 1.6173285
v 0.006487302 0.14647856 1.6205496
v 0.0044468674 0.14876084 1.6174438
v 0.004025832 0.14725134 1.6209627
v 0.001769556 0.14906527 1.617502
v 0.0014329137 0.14728828 1.6212491
v 0.002102307 0.1483065 1.6133385
v 0.0048088883 0.147986 1.6135852
v 0.0070125945 0.14702977 1.6137508
v 0.008299319 0.14614393 1.614075
v 0.010547026 0.14463758 1.6144941
v 0.014029448 0.14214955 1.615434
v 0.017101483 0.13951948 1.6163257
v 0.018821092 0.13798739 1.6168627
v 0.021453759 0.1376536 1.6209174
v 0.02081463 0.13698584 1.6197138
v 0.004025832 0.14725134 1.6209627
v 0.0025858185 0.14903462 1.6234782
v 0.005352172 0.14869162 1.6234459
v 0.0014329137 0.14728828 1.6212491
v 0.006487302 0.14647856 1.6205496
v 0.007906592 0.14757875 1.6230885
v 0.00838581 0.14585955 1.6203884
v 0.0104098115 0.14636733 1.6227826
v 0.01051285 0.14481379 1.6202592
v 0.012739795 0.1448864 1.6223161
v 0.013088973 0.14257191 1.619922
v 0.014820966 0.14313094 1.6216617
v 0.015992628 0.14404942 1.6238102
v 0.01812242 0.14223348 1.622741
v 0.01759684 0.1382435 1.6188838
v 0.015861012 0.13992147 1.619261
v 0.018693907 0.13933595 1.6202761
v 0.01682726 0.14129692 1.6209848
v 0.019884242 0.13999657 1.6218915
v 0.0030072173 0.15041661 1.6258506
v 0.013751287 0.14575344 1.6247749
v 0.011260854 0.14729401 1.6253635
v 0.008630436 0.1486286 1.6258168
v 0.005916345 0.14982261 1.6261432
vt 0.811709 0.7965156
vt 0.81256443 0.8571054
vt 0.84979326 0.82922244
vt 0.7805417 0.8318474
vt 0.9917509 0.8687879
vt 0.9345302 0.92008877
vt 0.99087274 0.9257256
vt 0.9390542 0.85998625
vt 0.85865235 0.89944184
vt 0.88907045 0.8462701
vt 0.71686673 0.7786685
vt 0.7673119 0.74684346
vt 0.6948614 0.7290791
vt 0.5758824 0.5420226
vt 0.5024044 0.5420226
vt 0.5785337 0.61529887
vt 0.6467531 0.6047387
vt 0.6460375 0.68431544
vt 0.6444232 0.5420226
vt 0.66356957 0.565588
vt 0.6671269 0.5420226
vt 0.9570442 0.79923165
vt 0.9216198 0.7877719
vt 0.94918996 0.8280486
vt 0.9081136 0.81483346
vt 0.73145515 0.7043376
vt 0.8884174 0.7722427
vt 0.86012435 0.7533928
vt 0.83965915 0.7743145
vt 0.8713794 0.7971077
vt 0.70322096 0.6599087
vt 0.76065546 0.6801917
vt 0.7428037 0.6444701
vt 0.76413554 0.6016527
vt 0.7315799 0.60709316
vt 0.7734081 0.6326321
vt 0.69439113 0.6103751
vt 0.72590834 0.5420226
vt 0.6956847 0.5731203
vt 0.7284241 0.57396984
vt 0.69613475 0.5420226
vt 0.99452966 0.8086108
vt 0.99277365 0.8392422
vt 0.75650287 0.5420226
vt 0.758874 0.5722535
vt 0.78658736 0.6618948
vt 0.83641934 0.73354375
vt 0.8143221 0.7524804
vt 0.786523 0.7726463
vt 0.20122388 0.50168717
vt 0.19462584 0.5044653
vt 0.20139812 0.50541186
vt 0.19485125 0.50130796
vt 0.15394504 0.51348007
vt 0.16168314 0.5163821
vt 0.16079476 0.5113846
vt 0.15559123 0.5204435
vt 0.15771233 0.5265554
vt 0.16490586 0.52719116
vt 0.16313381 0.5219531
vt 0.16039513 0.53221035
vt 0.17318381 0.5358288
vt 0.1675881 0.5403351
vt 0.17181365 0.54225004
vt 0.17004661 0.534166
vt 0.20149022 0.5103905
vt 0.19404308 0.513111
vt 0.20141889 0.5152427
vt 0.19468446 0.50893676
vt 0.18871865 0.5078515
vt 0.18802057 0.5112574
vt 0.19124496 0.52161175
vt 0.18686531 0.5149542
vt 0.18543044 0.5187832
vt 0.19281146 0.5173092
vt 0.1767315 0.5314369
vt 0.18118107 0.5355402
vt 0.17837325 0.52890575
vt 0.17874305 0.53629285
vt 0.16909708 0.5219852
vt 0.16812244 0.5170249
vt 0.16746004 0.51195776
vt 0.16733141 0.508865
vt 0.21884303 0.5148611
vt 0.21617816 0.5229305
vt 0.22025579 0.515586
vt 0.2100423 0.52186346
vt 0.22385737 0.5048934
vt 0.2240355 0.50192666
vt 0.22201286 0.5045539
vt 0.22211963 0.5020773
vt 0.22166467 0.50928247
vt 0.2230188 0.50919425
vt 0.22516836 0.5166466
vt 0.22484614 0.5100031
vt 0.22244267 0.51600134
vt 0.22711821 0.5108609
vt 0.22781658 0.50218284
vt 0.22570354 0.50536054
vt 0.22780496 0.5060307
vt 0.22593476 0.5019653
vt 0.21952724 0.5233102
vt 0.22308378 0.5248023
vt 0.24942535 0.5065605
vt 0.25259995 0.5017108
vt 0.24799381 0.50203115
vt 0.25406554 0.5061338
vt 0.2550413 0.51108426
vt 0.25085774 0.51802117
vt 0.2556492 0.51688737
vt 0.25044042 0.51181066
vt 0.2507181 0.5255584
vt 0.2558273 0.52432805
vt 0.28085545 0.5886586
vt 0.27244002 0.59712726
vt 0.28351334 0.5972177
vt 0.27160886 0.5885933
vt 0.29029807 0.5863052
vt 0.2950981 0.5945575
vt 0.29896384 0.5813977
vt 0.30645272 0.58896023
vt 0.3139494 0.57965523
vt 0.3106166 0.5659076
vt 0.3058462 0.57425183
vt 0.3188177 0.5695561
vt 0.31367087 0.55739766
vt 0.3220172 0.5598519
vt 0.32356077 0.5506326
vt 0.3157347 0.5403545
vt 0.31521803 0.5488533
vt 0.3243518 0.5416846
vt 0.29109463 0.5645406
vt 0.29030082 0.55590504
vt 0.28701428 0.56109273
vt 0.2942374 0.55817175
vt 0.3001379 0.5702462
vt 0.2986684 0.56035084
vt 0.29499218 0.5669342
vt 0.30458558 0.562882
vt 0.3015847 0.53846395
vt 0.2964868 0.5450775
vt 0.30226535 0.545909
vt 0.29484394 0.53823644
vt 0.3081769 0.53946483
vt 0.30814952 0.547328
vt 0.3070911 0.5551475
vt 0.3015451 0.5533488
vt 0.29643646 0.5517314
vt 0.29227257 0.55039346
vt 0.2921426 0.5447182
vt 0.2901905 0.5392209
vt 0.26503956 0.5691269
vt 0.26550117 0.5635258
vt 0.26157543 0.5663555
vt 0.26311186 0.5616884
vt 0.26477185 0.57427776
vt 0.25999618 0.5709496
vt 0.25810245 0.5758101
vt 0.264089 0.57955337
vt 0.2590511 0.5567443
vt 0.25618988 0.5588955
vt 0.25868106 0.5628833
vt 0.2608411 0.5594232
vt 0.2529169 0.5614759
vt 0.25615948 0.56652045
vt 0.28077245 0.57189226
vt 0.27543506 0.57232344
vt 0.27716365 0.5772594
vt 0.2838765 0.5765128
vt 0.27886626 0.58222306
vt 0.2866962 0.5804218
vt 0.29026297 0.5727029
vt 0.29399925 0.57629997
vt 0.28631094 0.56949544
vt 0.27908203 0.5676224
vt 0.2737197 0.5689415
vt 0.28270987 0.5650753
vt 0.26932847 0.57128686
vt 0.2673703 0.5654063
vt 0.27072105 0.5762692
vt 0.27155685 0.58169717
vt 0.25585386 0.53400564
vt 0.25035632 0.5342464
vt 0.25315997 0.54313993
vt 0.2497094 0.54992944
vt 0.25314674 0.54972386
vt 0.2492904 0.5427435
vt 0.21416496 0.54824674
vt 0.21337396 0.53904074
vt 0.21000938 0.54613817
vt 0.21768416 0.54069877
vt 0.22051851 0.5327585
vt 0.2165319 0.5317018
vt 0.25693277 0.54498255
vt 0.2567895 0.54971147
vt 0.28121248 0.53176117
vt 0.28276187 0.527791
vt 0.2758737 0.5305743
vt 0.2756118 0.5260465
vt 0.26263362 0.5280614
vt 0.26956218 0.53016794
vt 0.2688481 0.52572334
vt 0.26440316 0.53220004
vt 0.25852948 0.5387921
vt 0.2617367 0.5217272
vt 0.26849735 0.52019197
vt 0.25801232 0.50150865
vt 0.25952822 0.50564724
vt 0.26054105 0.51019174
vt 0.26122695 0.5154766
vt 0.26463857 0.50168896
vt 0.2658956 0.50545037
vt 0.26690128 0.50953555
vt 0.2675877 0.51428485
vt 0.32419357 0.5328616
vt 0.31477854 0.5243859
vt 0.31552696 0.5321669
vt 0.3239264 0.52491194
vt 0.30695528 0.5242176
vt 0.30022004 0.5309863
vt 0.30766386 0.5317621
vt 0.29948962 0.5236703
vt 0.2910996 0.5308368
vt 0.29169536 0.52262664
vt 0.28341708 0.52108777
vt 0.27547488 0.51992095
vt 0.28031695 0.50177515
vt 0.27336517 0.5052961
vt 0.28153196 0.50555634
vt 0.27221432 0.50185424
vt 0.28214982 0.5098071
vt 0.2748224 0.5137919
vt 0.2828277 0.51448566
vt 0.2741584 0.50920355
vt 0.29652083 0.5021642
vt 0.28965035 0.50633854
vt 0.2972405 0.5067469
vt 0.28879267 0.5020696
vt 0.2980246 0.51152027
vt 0.29115826 0.5159275
vt 0.29878655 0.516819
vt 0.29039326 0.5109401
vt 0.3037387 0.5021512
vt 0.30457947 0.50680506
vt 0.30551988 0.51172614
vt 0.30632883 0.51714796
vt 0.31204933 0.50648737
vt 0.3188963 0.50240844
vt 0.31116152 0.50277776
vt 0.31951803 0.50550544
vt 0.3219655 0.5105872
vt 0.31419855 0.5174339
vt 0.32327643 0.517382
vt 0.3134145 0.51154435
vt 0.19423474 0.5629395
vt 0.18590973 0.56550145
vt 0.18795559 0.57262766
vt 0.19743061 0.56881446
vt 0.16814262 0.5659559
vt 0.17771088 0.57400745
vt 0.17711733 0.56643546
vt 0.16718732 0.57330763
vt 0.15944424 0.56264997
vt 0.15678303 0.5704248
vt 0.13152121 0.5463593
vt 0.13835213 0.55674416
vt 0.13891496 0.54091495
vt 0.14443438 0.5498009
vt 0.12342851 0.5223501
vt 0.12648362 0.53460336
vt 0.13233876 0.51966584
vt 0.13496295 0.5304073
vt 0.14718188 0.515746
vt 0.14012913 0.5176027
vt 0.14226681 0.5270976
vt 0.14899014 0.5242187
vt 0.14538135 0.5360698
vt 0.15530829 0.5379007
vt 0.15166493 0.5312624
vt 0.14995709 0.5437579
vt 0.17061163 0.54959327
vt 0.16205625 0.55502826
vt 0.16927995 0.55776155
vt 0.16491859 0.5472529
vt 0.17629479 0.55059147
vt 0.1766867 0.5586763
vt 0.1871679 0.5491321
vt 0.18191816 0.55041623
vt 0.18399306 0.55832404
vt 0.19062816 0.5562073
vt 0.20509157 0.5432882
vt 0.20867129 0.5372749
vt 0.19911468 0.5390301
vt 0.20227322 0.533584
vt 0.21208979 0.53074574
vt 0.20569256 0.52816606
vt 0.20078827 0.52006453
vt 0.1984686 0.525108
vt 0.19588815 0.52992594
vt 0.19328387 0.53415227
vt 0.18392503 0.54224217
vt 0.18017378 0.54305625
vt 0.17610699 0.5431583
vt 0.18734765 0.52941644
vt 0.1836902 0.5218743
vt 0.18201636 0.5247512
vt 0.18942504 0.52579165
vt 0.17609674 0.53652894
vt 0.17536244 0.5318075
vt 0.17360727 0.5307094
vt 0.17225231 0.5275308
vt 0.20795274 0.51244223
vt 0.21019107 0.5178895
vt 0.20822793 0.5025351
vt 0.20781943 0.5071421
vt 0.2628809 0.586462
vt 0.25156775 0.5896157
vt 0.26159647 0.59432554
vt 0.25533557 0.58218384
vt 0.16668867 0.50257957
vt 0.1604402 0.50589323
vt 0.16712649 0.50496614
vt 0.16076437 0.5001545
vt 0.16715829 0.5068955
vt 0.14597322 0.5070542
vt 0.1525298 0.50015837
vt 0.1449037 0.5001621
vt 0.1530445 0.50632614
vt 0.13874678 0.50802755
vt 0.1376532 0.5001658
vt 0.13089749 0.5091107
vt 0.12231639 0.50017405
vt 0.12223424 0.5102682
vt 0.13023175 0.50016975
vt 0.16717322 0.5315175
vt 0.17069075 0.5253029
vt 0.16368781 0.5370635
vt 0.15977947 0.54334784
vt 0.15561585 0.5501455
vt 0.15129158 0.5574663
vt 0.14696339 0.56493324
vt 0.20102862 0.55834997
vt 0.20475052 0.562799
vt 0.19171596 0.5469724
vt 0.19656324 0.5531278
vt 0.18727134 0.5405775
vt 0.18324794 0.5343964
vt 0.24956036 0.5643858
vt 0.25310993 0.5706599
vt 0.24571118 0.5428684
vt 0.24602126 0.55051994
vt 0.24631247 0.526042
vt 0.245912 0.53436744
vt 0.24644664 0.51861364
vt 0.2461706 0.5122124
vt 0.24539286 0.50682056
vt 0.24421851 0.50220823
vt 0.24183632 0.50703263
vt 0.23782344 0.50245714
vt 0.23848698 0.5070516
vt 0.24100965 0.50235736
vt 0.24236682 0.51235586
vt 0.23883076 0.518954
vt 0.2424625 0.51880896
vt 0.23876107 0.5123836
vt 0.24217789 0.52633977
vt 0.2381573 0.5264883
vt 0.24165186 0.53466356
vt 0.23728663 0.5347495
vt 0.23645662 0.54331964
vt 0.24141012 0.55142367
vt 0.24110673 0.5429334
vt 0.23623589 0.55229115
vt 0.16623427 0.5823508
vt 0.17949231 0.59391093
vt 0.17853063 0.58306575
vt 0.16525432 0.5931439
vt 0.15415359 0.5791756
vt 0.15129545 0.5897548
vt 0.14253093 0.5733482
vt 0.137872 0.5835233
vt 0.25423974 0.55467457
vt 0.25755703 0.5535533
vt 0.25085557 0.5559283
vt 0.2472371 0.55757785
vt 0.2100163 0.5557002
vt 0.20568565 0.5524614
vt 0.20108199 0.54858947
vt 0.19559799 0.5438347
vt 0.19030015 0.53777266
vt 0.18531679 0.5321848
vt 0.18065502 0.5267416
vt 0.24266165 0.5596856
vt 0.23664969 0.5615819
vt 0.23847288 0.57177097
vt 0.24900249 0.57581615
vt 0.24491134 0.56797373
vt 0.24273358 0.5821934
vt 0.20267674 0.5762383
vt 0.19086656 0.5812222
vt 0.19451047 0.592317
vt 0.21207018 0.5873888
vt 0.23493184 0.50253963
vt 0.2353838 0.50699365
vt 0.23530135 0.5188236
vt 0.23541419 0.5122222
vt 0.2342816 0.5262281
vt 0.23293853 0.53476524
vt 0.2317039 0.54343927
vt 0.13413154 0.93614966
vt 0.13064028 0.9028347
vt 0.10896459 0.93595237
vt 0.10877928 0.8913052
vt 0.09965525 0.84624416
vt 0.12126401 0.8413117
vt 0.12685007 0.8776802
vt 0.09563821 0.80579287
vt 0.11906769 0.8038337
vt 0.094750665 0.7677314
vt 0.119472876 0.7675157
vt 0.12484985 0.62601113
vt 0.14309433 0.6476315
vt 0.14391024 0.6303221
vt 0.12209183 0.645347
vt 0.14441969 0.668372
vt 0.120904185 0.6689594
vt 0.28648823 0.53434026
vt 0.2791293 0.562165
vt 0.28124622 0.55810976
vt 0.27475634 0.56237733
vt 0.28296655 0.5582915
vt 0.25989965 0.5414506
vt 0.26465267 0.53274703
vt 0.27760175 0.5636835
vt 0.258977 0.5462987
vt 0.259089 0.55000615
vt 0.26498646 0.5563153
vt 0.2630958 0.5564995
vt 0.26453564 0.55800134
vt 0.26625624 0.5576011
vt 0.2744366 0.5643241
vt 0.26232606 0.5502471
vt 0.2608096 0.552685
vt 0.26290715 0.5528052
vt 0.2601032 0.55012524
vt 0.27711305 0.53860366
vt 0.2745818 0.534732
vt 0.2735037 0.5377213
vt 0.27895868 0.53626835
vt 0.2623734 0.5467664
vt 0.26100874 0.5423864
vt 0.25999507 0.5466224
vt 0.26357427 0.543064
vt 0.25977075 0.55276513
vt 0.26073438 0.55508995
vt 0.275294 0.53275484
vt 0.26906767 0.5325013
vt 0.2799441 0.5347153
vt 0.2841705 0.53646004
vt 0.2827735 0.5376556
vt 0.2831524 0.5427885
vt 0.28598568 0.5411577
vt 0.2802497 0.53977215
vt 0.28739652 0.5450821
vt 0.28453085 0.5462769
vt 0.28719047 0.54950273
vt 0.28459808 0.55018574
vt 0.28459087 0.55891305
vt 0.28126144 0.56293035
vt 0.26855516 0.5346189
vt 0.26815248 0.5380057
vt 0.14844362 0.6016285
vt 0.13329875 0.5955431
vt 0.16405757 0.605054
vt 0.17965078 0.6062428
vt 0.27288473 0.60663605
vt 0.2860092 0.6072093
vt 0.30052844 0.6038786
vt 0.31764197 0.5977013
vt 0.32492763 0.584833
vt 0.3288354 0.5730029
vt 0.3312704 0.5623927
vt 0.33277717 0.5527384
vt 0.33370563 0.54340136
vt 0.33420822 0.53448665
vt 0.33430666 0.52587265
vt 0.33388904 0.5175699
vt 0.332122 0.5077213
vt 0.19543949 0.60601413
vt 0.23265173 0.50680625
vt 0.22991142 0.50246525
vt 0.23015116 0.50651956
vt 0.232262 0.50244546
vt 0.2324197 0.5118816
vt 0.22863083 0.51735425
vt 0.23207505 0.5183405
vt 0.22963785 0.5114523
vt 0.23062608 0.5260706
vt 0.22680046 0.525589
vt 0.22865407 0.53435206
vt 0.2245502 0.5336366
vt 0.2266187 0.54295135
vt 0.22191992 0.5419822
vt 0.22452807 0.55185914
vt 0.21895444 0.5502864
vt 0.22190943 0.5615344
vt 0.21524392 0.55881774
vt 0.21021238 0.56774175
vt 0.21846855 0.5727498
vt 0.11232032 0.511598
vt 0.10229959 0.5001855
vt 0.10018351 0.51397884
vt 0.11343962 0.50017905
vt 0.11744972 0.539949
vt 0.10167315 0.5307872
vt 0.106811136 0.5469583
vt 0.113734454 0.526129
vt 0.12366745 0.5530703
vt 0.114982635 0.56179345
vt 0.13199832 0.5645985
vt 0.12556396 0.57419926
vt 0.26179945 0.55474925
vt 0.2638005 0.5547854
vt 0.2599981 0.60379434
vt 0.2689534 0.5610505
vt 0.27021492 0.55996335
vt 0.3035177 0.61508584
vt 0.32014418 0.61190224
vt 0.28807247 0.617134
vt 0.27335685 0.6169934
vt 0.25899717 0.61497223
vt 0.24690406 0.59882206
vt 0.23048198 0.55261576
vt 0.22963536 0.5625653
vt 0.22969677 0.5744692
vt 0.232103 0.5899644
vt 0.22896771 0.607164
vt 0.21196699 0.6053698
vt 0.24451248 0.611369
vt 0.18852727 0.50434935
vt 0.16204545 0.64729774
vt 0.16198404 0.63215566
vt 0.17945164 0.6466647
vt 0.17915434 0.63283277
vt 0.19574982 0.6464782
vt 0.19546054 0.63339025
vt 0.21132809 0.63437593
vt 0.21125562 0.6478295
vt 0.22702475 0.6358174
vt 0.22655675 0.6492984
vt 0.25800067 0.63914955
vt 0.24183992 0.6505705
vt 0.2574143 0.6522534
vt 0.2425892 0.63756144
vt 0.27389616 0.64030474
vt 0.27379414 0.65372133
vt 0.32390344 0.6372106
vt 0.30819046 0.6525067
vt 0.32563123 0.6507261
vt 0.30693316 0.6391764
vt 0.2908067 0.65359837
vt 0.29022092 0.6402346
vt 0.18064533 0.66029596
vt 0.16356638 0.6633229
vt 0.19642465 0.66025764
vt 0.21128742 0.6617447
vt 0.22605672 0.663562
vt 0.2408221 0.66542923
vt 0.2562383 0.6673874
vt 0.27308053 0.6689387
vt 0.2596939 0.70155823
vt 0.25379643 0.6837567
vt 0.24952686 0.6955205
vt 0.27129054 0.6888945
vt 0.23753802 0.6913903
vt 0.23937424 0.67976034
vt 0.22537689 0.6765326
vt 0.21152085 0.68452
vt 0.22472885 0.6876769
vt 0.21141164 0.6740985
vt 0.19841245 0.68310195
vt 0.19734958 0.672982
vt 0.18536875 0.6839637
vt 0.18272881 0.6741295
vt 0.17352594 0.68826544
vt 0.16739725 0.67971236
vt 0.14958811 0.6949996
vt 0.16668037 0.7168087
vt 0.16626936 0.69849956
vt 0.14986384 0.73280776
vt 0.11868244 0.5861422
vt 0.104532674 0.61825466
vt 0.098988965 0.64029
vt 0.09602265 0.66718376
vt 0.09469368 0.6982113
vt 0.12093127 0.7316889
vt 0.12130188 0.6982081
vt 0.09436316 0.73175246
vt 0.15883246 0.93707037
vt 0.15419617 0.9055961
vt 0.14961047 0.8749972
vt 0.14569582 0.84026664
vt 0.14380154 0.8041595
vt 0.14501983 0.7700089
vt 0.17843798 0.733879
vt 0.17193286 0.7521339
vt 0.16866396 0.77710444
vt 0.16782206 0.805244
vt 0.19585744 0.7469671
vt 0.19300646 0.7632816
vt 0.192013 0.80954844
vt 0.19158897 0.78398305
vt 0.16645136 0.500152
vt 0.0870427 0.50019467
vt 0.085615866 0.5168061
vt 0.08788213 0.53695345
vt 0.094593026 0.5560875
vt 0.105295226 0.57288086
vt 0.07352773 0.6298309
vt 0.08379622 0.6052324
vt 0.06950573 0.6621908
vt 0.06834046 0.6967025
vt 0.33172646 0.70154905
vt 0.31132215 0.68552434
vt 0.3138255 0.70461595
vt 0.32940185 0.6822946
vt 0.30952826 0.66785
vt 0.32745776 0.6656889
vt 0.29141378 0.66916543
vt 0.29252174 0.68749005
vt 0.29615656 0.7071632
vt 0.2789642 0.70926535
vt 0.2683746 0.7131563
vt 0.27371556 0.727108
vt 0.283801 0.7285328
vt 0.26672536 0.7468548
vt 0.28359607 0.7506353
vt 0.27408534 0.73766667
vt 0.26902562 0.7620567
vt 0.21445285 0.7535343
vt 0.21358027 0.76915824
vt 0.2335705 0.770696
vt 0.2328633 0.7555476
vt 0.25232142 0.76860416
vt 0.25080857 0.75404656
vt 0.33455005 0.72207534
vt 0.31638935 0.72501326
vt 0.29947355 0.72735703
vt 0.33795667 0.7432747
vt 0.3191715 0.7463953
vt 0.2732266 0.78251743
vt 0.25544482 0.78657174
vt 0.2788671 0.8057433
vt 0.26020002 0.80918
vt 0.23873839 0.81161803
vt 0.23538236 0.7887762
vt 0.21382448 0.7878404
vt 0.21587832 0.81197816
vt 0.31296006 0.7974831
vt 0.30713865 0.7722234
vt 0.2959168 0.80168337
vt 0.28972226 0.7766514
vt 0.32983106 0.7932964
vt 0.3241941 0.76922286
vt 0.34970596 0.7874119
vt 0.34304845 0.7650461
vt 0.35821405 0.810479
vt 0.33798045 0.81795216
vt 0.31974316 0.82365155
vt 0.30224434 0.82831156
vt 0.284644 0.8325017
vt 0.26598024 0.836288
vt 0.24367945 0.8394245
vt 0.21968573 0.8409569
vt 0.1952296 0.84160435
vt 0.17045094 0.8408267
vt 0.36873096 0.83483726
vt 0.34696206 0.8441715
vt 0.3278162 0.8509738
vt 0.309757 0.8565493
vt 0.29142237 0.86130166
vt 0.27212715 0.86583555
vt 0.24938498 0.8702872
vt 0.22510529 0.87347883
vt 0.19978233 0.874471
vt 0.17433381 0.8747738
vt 0.39776447 0.88813376
vt 0.3818593 0.86018753
vt 0.3735177 0.90093124
vt 0.36004475 0.8711207
vt 0.3503938 0.9106505
vt 0.33869177 0.8796107
vt 0.31869295 0.8861787
vt 0.3288832 0.91783345
vt 0.30823 0.9234535
vt 0.27851528 0.89631546
vt 0.28613973 0.92836344
vt 0.29917014 0.8915867
vt 0.25533307 0.90050465
vt 0.26221988 0.93241227
vt 0.23060836 0.9036642
vt 0.23688917 0.9353605
vt 0.20488246 0.9056191
vt 0.21093976 0.9371141
vt 0.17899528 0.9063271
vt 0.18449059 0.93769145
vt 0.3360928 0.59770787
vt 0.3371424 0.6100087
vt 0.33808386 0.5860739
vt 0.3397027 0.57470953
vt 0.34542343 0.66277194
vt 0.34777272 0.6794073
vt 0.3431793 0.64794683
vt 0.3409592 0.63448393
vt 0.34502047 0.53648114
vt 0.34583166 0.5275494
vt 0.34377143 0.5456757
vt 0.34228814 0.55495626
vt 0.34075508 0.5643064
vt 0.34617904 0.5187235
vt 0.3464451 0.5085373
vt 0.33295447 0.5000917
vt 0.34685144 0.50008845
vt 0.42236856 0.8712828
vt 0.4049912 0.84581846
vt 0.3906459 0.8227701
vt 0.3789566 0.8010967
vt 0.36960715 0.7803404
vt 0.36243963 0.7599547
vt 0.35726568 0.739408
vt 0.35342845 0.7188209
vt 0.35027876 0.69846535
vt 0.07981656 0.89428514
vt 0.082947396 0.9421011
vt 0.075116634 0.8486287
vt 0.07171805 0.80650306
vt 0.07070192 0.76842386
vt 0.06981993 0.7318064
vt 0.53552145 0.73328125
vt 0.5684318 0.6983752
vt 0.53568465 0.7000929
vt 0.5691113 0.7352436
vt 0.43090546 0.72708255
vt 0.45176333 0.70335335
vt 0.43023947 0.7055067
vt 0.45149642 0.72740746
vt 0.41028655 0.7083005
vt 0.41234955 0.72820157
vt 0.39106575 0.71172404
vt 0.39442506 0.73118
vt 0.53175473 0.6687591
vt 0.5541033 0.6326497
vt 0.52465135 0.6404408
vt 0.5629799 0.66365165
vt 0.44922712 0.6801037
vt 0.42341432 0.6624357
vt 0.42764762 0.68363893
vt 0.44476977 0.6580349
vt 0.4072782 0.68741494
vt 0.40365532 0.6672595
vt 0.38790333 0.691306
vt 0.38469037 0.67180204
vt 0.36895442 0.6950218
vt 0.36608994 0.67562056
vt 0.37219647 0.7153102
vt 0.37614435 0.7351632
vt 0.44172686 0.5284129
vt 0.42848846 0.50007606
vt 0.4206093 0.5189774
vt 0.45650083 0.51127076
vt 0.38994092 0.58069956
vt 0.3919627 0.5612563
vt 0.38239697 0.57062536
vt 0.40229815 0.5717095
vt 0.3775704 0.58781135
vt 0.37232563 0.57777405
vt 0.36496395 0.59300506
vt 0.3619136 0.5827898
vt 0.35121167 0.59599495
vt 0.35049036 0.5851279
vt 0.5432078 0.60619164
vt 0.51526874 0.6154475
vt 0.41839167 0.6436318
vt 0.4388203 0.6378697
vt 0.39940292 0.648903
vt 0.38128623 0.65463483
vt 0.50415444 0.593347
vt 0.5163134 0.562454
vt 0.49168602 0.5741362
vt 0.5305317 0.582922
vt 0.43250602 0.6212154
vt 0.40821996 0.61486006
vt 0.41328964 0.62807405
vt 0.42606008 0.6071655
vt 0.39528772 0.63403517
vt 0.39113572 0.6211212
vt 0.3778868 0.6397925
vt 0.37452087 0.6266159
vt 0.4607275 0.5414349
vt 0.4799757 0.5263227
vt 0.41146562 0.58314365
vt 0.39697236 0.59186363
vt 0.382582 0.5985695
vt 0.3680127 0.6035416
vt 0.35302186 0.6073109
vt 0.36050472 0.6439489
vt 0.3578302 0.6308353
vt 0.36327407 0.65853345
vt 0.40133512 0.50007856
vt 0.39855605 0.5145798
vt 0.38053173 0.5520243
vt 0.3736806 0.5611348
vt 0.3660581 0.56856513
vt 0.35849756 0.5733404
vt 0.34993443 0.57482016
vt 0.3592775 0.5615245
vt 0.35389143 0.5490618
vt 0.3513295 0.55754507
vt 0.36377716 0.55383396
vt 0.35589138 0.5669342
vt 0.34960476 0.56571233
vt 0.47585577 0.7024615
vt 0.47496215 0.728555
vt 0.47339424 0.67744976
vt 0.4684902 0.65374136
vt 0.46157962 0.6320071
vt 0.45360202 0.6133902
vt 0.44541448 0.5979074
vt 0.4264097 0.57186735
vt 0.41493168 0.56040287
vt 0.40198258 0.55023503
vt 0.3871486 0.5413711
vt 0.37819713 0.5116265
vt 0.36234283 0.5000851
vt 0.3610548 0.5098833
vt 0.3798262 0.5000819
vt 0.37564236 0.52365994
vt 0.36005527 0.52038026
vt 0.35644895 0.5398128
vt 0.36820462 0.5446007
vt 0.35858664 0.5303727
vt 0.3721752 0.5346924
vt 0.5024111 0.7302753
vt 0.5033031 0.7013258
vt 0.50078654 0.6738228
vt 0.49508762 0.6481024
vt 0.4871385 0.62488306
vt 0.4776267 0.6045736
vt 0.4671809 0.58703154
vt 0.42785287 0.5462038
vt 0.44237322 0.5579628
vt 0.41186056 0.53671217
vt 0.39357156 0.52897334
vt 0.32581186 0.50366664
vt 0.32576096 0.50009346
vt 0.26201934 0.5571879
vt 0.53002083 0.76999253
vt 0.5647948 0.77620816
vt 0.51734364 0.80803025
vt 0.5521335 0.82239103
vt 0.49770436 0.84394157
vt 0.528537 0.8665372
vt 0.49758625 0.90437245
vt 0.4719303 0.8754513
vt 0.44281766 0.90119255
vt 0.46336633 0.9338673
vt 0.4139653 0.92068326
vt 0.4293754 0.95512474
vt 0.3873463 0.93443626
vt 0.40013945 0.9686782
vt 0.36233205 0.944708
vt 0.3726885 0.9785291
vt 0.3402268 0.95199823
vt 0.35120752 0.9850877
vt 0.29574722 0.9625817
vt 0.30760273 0.99441665
vt 0.31891617 0.9577432
vt 0.3315594 0.98995125
vt 0.27071854 0.96622974
vt 0.28116325 0.99742365
vt 0.24448152 0.9684498
vt 0.25301477 0.9984977
vt 0.21739648 0.9692828
vt 0.2248829 0.9976797
vt 0.19667579 0.9956792
vt 0.19021742 0.9691923
vt 0.16902904 0.9931072
vt 0.16376688 0.96851903
vt 0.14171885 0.9903727
vt 0.13765152 0.9687194
vt 0.1151032 0.98796684
vt 0.11224341 0.9735022
vt 0.08826685 0.98608375
vt 0.4861998 0.794287
vt 0.4975915 0.7626307
vt 0.46888682 0.82326263
vt 0.44730487 0.8494228
vt 0.38116175 0.75428236
vt 0.3880964 0.77247703
vt 0.39797854 0.78971714
vt 0.41095945 0.8080209
vt 0.42705718 0.82782936
vt 0.44594383 0.8062305
vt 0.42778978 0.7909714
vt 0.4134235 0.7773167
vt 0.4036545 0.76456857
vt 0.39827308 0.7489718
vt 0.46081406 0.78223807
vt 0.47017014 0.7559354
vt 0.44018963 0.7719014
vt 0.44774768 0.7505991
vt 0.42430714 0.7636713
vt 0.4291705 0.7468372
vt 0.41404027 0.758209
vt 0.41360798 0.74572825
vt 0.31821314 0.5000955
vt 0.30978718 0.50009763
vt 0.30293912 0.50009966
vt 0.2958634 0.5001016
vt 0.28783354 0.50010407
vt 0.2789327 0.5001068
vt 0.27072164 0.50010943
vt 0.2636025 0.5001118
vt 0.25713503 0.500114
vt 0.25140846 0.500116
vt 0.24671242 0.5001177
vt 0.24346872 0.50011885
vt 0.24045482 0.50012
vt 0.23728746 0.50012124
vt 0.23431976 0.5001223
vt 0.23175202 0.50012326
vt 0.22953941 0.5001241
vt 0.22769271 0.5001248
vt 0.22600943 0.5001255
vt 0.22423603 0.50012624
vt 0.22189145 0.5001272
vt 0.06905408 0.50020635
vt 0.06856177 0.52054536
vt 0.072156735 0.5450159
vt 0.08093919 0.56807303
vt 0.094827 0.58691776
vt 0.111446306 0.60060275
vt 0.12872526 0.6094663
vt 0.14584047 0.615103
vt 0.16285665 0.61797297
vt 0.17939164 0.6192962
vt 0.19552636 0.61981654
vt 0.2116105 0.6204258
vt 0.22767551 0.62197965
vt 0.24327867 0.6244517
vt 0.25848055 0.62676346
vt 0.27371585 0.6281457
vt 0.28935632 0.62816036
vt 0.3054363 0.62684184
vt 0.32213554 0.6246027
vt 0.3389219 0.6220455
vt 0.35528678 0.61887383
vt 0.37123924 0.6146673
vt 0.38699397 0.6095115
vt 0.4027888 0.6029192
vt 0.41929555 0.5949054
vt 0.43646386 0.58434594
vt 0.45549354 0.5715996
vt 0.47729897 0.55682623
vt 0.4997065 0.54359484
vt 0.06461664 0.58448523
vt 0.04275761 0.6100805
vt 0.031348158 0.56794393
vt 0.054027036 0.555124
vt 0.027763719 0.5297251
vt 0.048724215 0.524879
vt 0.029609865 0.5002346
vt 0.0488503 0.50022024
vt 0.008386928 0.6141547
vt 0.0029704175 0.57409734
vt 0.0015650821 0.5338486
vt 0.0038396916 0.50025576
vt 0.040112663 0.6561229
vt 0.0073456033 0.6564367
vt 0.05633535 0.98501354
vt 0.054865867 0.9432267
vt 0.02575824 0.9850009
vt 0.02536549 0.9421917
vt 0.053024974 0.8956306
vt 0.02514867 0.89537036
vt 0.049703266 0.8497819
vt 0.023260143 0.8508162
vt 0.020307165 0.8095392
vt 0.0465492 0.80586886
vt 0.016261118 0.77228296
vt 0.04413104 0.76975876
vt 0.0125344945 0.7346164
vt 0.041797 0.73263514
vt 0.039709117 0.6954125
vt 0.008981297 0.69646496
vt 0.7874105 0.5420226
vt 0.8087665 0.5634536
vt 0.8100044 0.5420226
vt 0.78703344 0.5689287
vt 0.81197697 0.5891171
vt 0.7920432 0.595363
vt 0.8000399 0.62230724
vt 0.82145447 0.61331826
vt 0.8303371 0.6389331
vt 0.8095818 0.64886445
vt 0.8223631 0.6733871
vt 0.8416281 0.662368
vt 0.8543045 0.68367887
vt 0.83719015 0.69582665
vt 0.8545341 0.71685
vt 0.8698416 0.70287704
vt 0.88845056 0.7193742
vt 0.87587625 0.7351731
vt 0.9117437 0.7339676
vt 0.9016083 0.75144655
vt 0.9390561 0.74522537
vt 0.931627 0.76465183
vt 0.9696506 0.7516726
vt 0.9641614 0.77348423
vt 0.9983785 0.75400317
vt 0.996435 0.77809566
vt 0.7808885 0.7118952
vt 0.8019546 0.68878996
vt 0.79467815 0.7306516
vt 0.8175722 0.7119904
vt 0.7477011 0.8059539
vt 0.5518261 0.8786491
vt 0.563117 0.8713226
vt 0.55036056 0.8734603
vt 0.5631424 0.8684
vt 0.5381031 0.8821104
vt 0.5454644 0.88685286
vt 0.5240616 0.9041529
vt 0.53289 0.907707
vt 0.5165086 0.9238446
vt 0.5255683 0.9260874
vt 0.5130854 0.94549763
vt 0.52168554 0.94628507
vt 0.5159528 0.9658481
vt 0.5234114 0.96553886
vt 0.5247582 0.9818197
vt 0.5299967 0.97793317
vt 0.5345524 0.98254305
vt 0.53308016 0.9876347
vt 0.5434425 0.9891517
vt 0.5587953 0.9846735
vt 0.54269576 0.9849351
vt 0.5610711 0.9870957
vt 0.5712496 0.97578454
vt 0.5764055 0.97832155
vt 0.58159524 0.8848088
vt 0.5706498 0.8740507
vt 0.5776694 0.8886609
vt 0.5726616 0.8719037
vt 0.58230245 0.9642414
vt 0.5750795 0.9627436
vt 0.58660084 0.948999
vt 0.57769936 0.9484628
vt 0.5809943 0.93225574
vt 0.58923876 0.9324709
vt 0.58036417 0.91752017
vt 0.58956677 0.9156033
vt 0.5794113 0.9019451
vt 0.58711493 0.8994751
vt 0.56251943 0.88341427
vt 0.56871927 0.8959145
vt 0.55782497 0.9008663
vt 0.5413333 0.9158753
vt 0.52963305 0.946461
vt 0.5322815 0.9332341
vt 0.52717686 0.9630455
vt 0.53345853 0.9738122
vt 0.53683555 0.9781489
vt 0.5561858 0.97994614
vt 0.5435238 0.9763396
vt 0.5690377 0.90505904
vt 0.57123667 0.9188514
vt 0.57117563 0.9318342
vt 0.56890965 0.9475411
vt 0.5669603 0.96126854
vt 0.5660861 0.97229177
vt 0.5575576 0.9187475
vt 0.5488257 0.92261934
vt 0.55634266 0.94822305
vt 0.5543815 0.96352166
vt 0.5579587 0.93454105
vt 0.5420496 0.96343046
vt 0.543866 0.93367934
vt 0.5417361 0.9480341
vt 0.30198655 0.7489867
vt 0.54079247 0.8650351
vt 0.5220973 0.87918174
vt 0.50901467 0.9008847
vt 0.5022819 0.9234137
vt 0.5022819 0.94546944
vt 0.5051101 0.9674986
vt 0.5148326 0.9881135
vt 0.52882284 0.9977759
vt 0.5443038 0.9984821
vt 0.56396234 0.99101526
vt 0.5816505 0.98091984
vt 0.59128755 0.9670244
vt 0.596924 0.94988996
vt 0.6000242 0.9314401
vt 0.60016394 0.91260636
vt 0.5958663 0.89508057
vt 0.58760655 0.87983036
vt 0.5757469 0.86881113
vt 0.56161684 0.8634079
vt 0.27768642 0.5423331
vt 0.27593592 0.5474962
vt 0.28002706 0.5447587
vt 0.27484125 0.5455847
vt 0.27238077 0.5556317
vt 0.27146533 0.55806553
vt 0.2728167 0.556208
vt 0.2698371 0.5576772
vt 0.28061396 0.55419374
vt 0.27649546 0.551717
vt 0.2759412 0.55376005
vt 0.28137097 0.55092967
vt 0.2706082 0.5517198
vt 0.26657957 0.5544359
vt 0.2710355 0.55308473
vt 0.26574403 0.5526942
vt 0.2675866 0.55568266
vt 0.27145895 0.55409557
vt 0.2787949 0.55752814
vt 0.27521902 0.5555879
vt 0.27443713 0.55871224
vt 0.27408534 0.5565594
vt 0.26975194 0.5478673
vt 0.26517814 0.55033445
vt 0.27016234 0.54990214
vt 0.26520634 0.5471737
vt 0.27545 0.54133654
vt 0.27367327 0.5448705
vt 0.2694369 0.5461432
vt 0.2696529 0.54143953
vt 0.26617908 0.5442532
vt 0.2706345 0.54424095
vt 0.271907 0.5549146
vt 0.26862374 0.55671656
vt 0.27246848 0.5441658
vt 0.2729478 0.5409064
vt 0.2765762 0.5495312
vt 0.28119645 0.547649
vt 0.28357586 0.5540361
vt 0.2677896 0.5589297
vt 0.28749415 0.54038453
vt 0.27386242 0.5679727
vt 0.27886292 0.5660948
vt 0.2655078 0.5609431
vt 0.2679536 0.56306756
vt 0.2886657 0.5494211
vt 0.28723305 0.5539894
vt 0.26626536 0.55944484
vt 0.2857525 0.5537607
vt 0.2636069 0.55912125
vt 0.26596916 0.53479606
vt 0.2889348 0.54471314
vt 0.2865034 0.5538821
vt 0.28378883 0.5586225
vt 0.2879444 0.5494609
vt 0.28818887 0.54489017
vt 0.28675953 0.54075646
vt 0.28347543 0.5370439
vt 0.2685358 0.5619893
vt 0.26593155 0.56014544
vt 0.261272 0.5549251
vt 0.26258135 0.5568417
vt 0.274181 0.5660238
vt 0.27817538 0.5648814
vt 0.28023756 0.5625906
vt 0.25956663 0.5500611
vt 0.25944385 0.5464424
vt 0.2794396 0.53549063
vt 0.27492502 0.53374636
vt 0.26880547 0.5335561
vt 0.26527303 0.53373706
vt 0.26042488 0.54187274
vt 0.2602744 0.5527284
vt 0.26410502 0.55853736
vt 0.20828986 0.5001328
vt 0.20109887 0.500136
vt 0.18777554 0.50014293
vt 0.19489992 0.500139
vt 0.21944652 0.50012815
vt 0.21948771 0.5023429
vt 0.21371774 0.5084487
vt 0.21487081 0.50884736
vt 0.21499059 0.5081282
vt 0.21359299 0.5092248
vt 0.21456215 0.51026976
vt 0.21379852 0.51068676
vt 0.2198456 0.5102342
vt 0.21620363 0.5157039
vt 0.21318035 0.5167984
vt 0.21461858 0.51125085
vt 0.21419679 0.51125145
vt 0.21501103 0.5109993
vt 0.21594363 0.50987846
vt 0.22021677 0.5050901
vt 0.21637371 0.50844294
vt 0.21639585 0.50774944
vt 0.21147056 0.51421845
vt 0.21054596 0.5121218
vt 0.2103399 0.5080591
vt 0.21052715 0.5052434
vt 0.2140101 0.5023171
vt 0.21423079 0.5047351
vt 0.21824755 0.5041836
vt 0.21352717 0.51418525
vt 0.21538882 0.5135056
vt 0.21823536 0.5102653
vt 0.21851194 0.50615275
vt 0.21409279 0.5001303
vt 0.81256443 0.22693992
vt 0.81170905 0.2875296
vt 0.8497933 0.2548228
vt 0.7805417 0.25219774
vt 0.9390542 0.22405893
vt 0.9917509 0.2152574
vt 0.9345302 0.16395652
vt 0.9908728 0.15831971
vt 0.85865235 0.18460333
vt 0.88907045 0.2377752
vt 0.7168668 0.30537665
vt 0.6948614 0.35496604
vt 0.76731193 0.33720177
vt 0.57853377 0.46874636
vt 0.64675313 0.47930646
vt 0.6460376 0.39972973
vt 0.66356957 0.5184572
vt 0.94919 0.25599664
vt 0.92161983 0.29627335
vt 0.9570448 0.28481358
vt 0.90811366 0.26921177
vt 0.7314552 0.37970757
vt 0.8884175 0.3118025
vt 0.8396592 0.30973077
vt 0.8601243 0.33065242
vt 0.8713794 0.28693753
vt 0.7606555 0.40385354
vt 0.70322096 0.42413652
vt 0.74280375 0.43957514
vt 0.7641356 0.4823925
vt 0.73157996 0.47695208
vt 0.7734082 0.4514131
vt 0.6943912 0.47367013
vt 0.6956847 0.5109249
vt 0.7284241 0.5100754
vt 0.9927737 0.24480307
vt 0.99452966 0.2754345
vt 0.758874 0.5117917
vt 0.7865874 0.42215043
vt 0.83641934 0.35050148
vt 0.8143221 0.33156478
vt 0.786523 0.31139886
vt 0.20122248 0.49858487
vt 0.19462195 0.4958129
vt 0.19485015 0.49897003
vt 0.20139371 0.4948598
vt 0.161666 0.48392427
vt 0.15393092 0.4868343
vt 0.16078287 0.48892343
vt 0.15556969 0.47986794
vt 0.16311084 0.4783504
vt 0.16487817 0.47310925
vt 0.1576844 0.47375274
vt 0.16036245 0.46809375
vt 0.16754907 0.45996046
vt 0.17314981 0.46446157
vt 0.17177328 0.45804143
vt 0.17001341 0.46612763
vt 0.19403173 0.48716664
vt 0.20148137 0.48988068
vt 0.20140614 0.48502815
vt 0.19467698 0.49134064
vt 0.18871203 0.49243164
vt 0.1880109 0.4890257
vt 0.19122614 0.4786669
vt 0.18685232 0.48532963
vt 0.19279706 0.4829688
vt 0.1854144 0.4815011
vt 0.17834616 0.47138107
vt 0.18114819 0.4647436
vt 0.17670164 0.4688506
vt 0.17870902 0.4639927
vt 0.16907415 0.47831213
vt 0.16810477 0.4832753
vt 0.16744788 0.4883442
vt 0.16732202 0.49143732
vt 0.21615992 0.47732735
vt 0.21883084 0.4853952
vt 0.22024359 0.4846691
vt 0.21002431 0.4783994
vt 0.2240341 0.49832582
vt 0.22200929 0.49570012
vt 0.22211853 0.4981768
vt 0.22385353 0.4953593
vt 0.22301161 0.49105895
vt 0.22165748 0.49097192
vt 0.22483839 0.4902488
vt 0.22515564 0.48360455
vt 0.22242998 0.48425198
vt 0.22710966 0.48938894
vt 0.22781491 0.49806678
vt 0.22569963 0.4948907
vt 0.22593336 0.49828577
vt 0.22780055 0.49421883
vt 0.21950847 0.47694492
vt 0.22306441 0.4754498
vt 0.25259885 0.49852037
vt 0.24942067 0.49367297
vt 0.24799214 0.4982034
vt 0.2540611 0.49409628
vt 0.25084504 0.48221087
vt 0.25503385 0.48914516
vt 0.25563788 0.48334134
vt 0.25043237 0.48842204
vt 0.25070015 0.47467315
vt 0.25581047 0.47590005
vt 0.28080043 0.4115436
vt 0.27237776 0.40307832
vt 0.2715519 0.41161478
vt 0.2834536 0.4029808
vt 0.29024693 0.4138918
vt 0.29504278 0.40563476
vt 0.29891685 0.41879523
vt 0.30640298 0.41122687
vt 0.31390628 0.42052972
vt 0.30580503 0.4259386
vt 0.3105804 0.4342817
vt 0.31878123 0.43062806
vt 0.3136402 0.44279134
vt 0.32198593 0.4403323
vt 0.3235348 0.44955206
vt 0.31571317 0.45983553
vt 0.3243305 0.45850074
vt 0.31519237 0.45133615
vt 0.29105622 0.43566012
vt 0.2869775 0.439111
vt 0.29026768 0.44429755
vt 0.29420283 0.44202816
vt 0.30009782 0.4299482
vt 0.29495263 0.43326378
vt 0.2986336 0.43984616
vt 0.30455044 0.43731117
vt 0.2964608 0.45512283
vt 0.30156285 0.46173418
vt 0.30223912 0.4542879
vt 0.29482156 0.46196556
vt 0.30815536 0.46072948
vt 0.30812302 0.45286536
vt 0.30706096 0.44504523
vt 0.301515 0.44684756
vt 0.29640633 0.4484682
vt 0.2922427 0.4498086
vt 0.29211634 0.45548463
vt 0.29016757 0.46098387
vt 0.26153067 0.43386352
vt 0.26545915 0.43669116
vt 0.2649937 0.4310894
vt 0.26307064 0.43853045
vt 0.2599483 0.42926967
vt 0.26472265 0.42593765
vt 0.258051 0.4244095
vt 0.26403648 0.42066145
vt 0.25901267 0.443478
vt 0.2586385 0.43733823
vt 0.25614956 0.4413283
vt 0.26080102 0.44079745
vt 0.2528743 0.4387499
vt 0.2561139 0.4337021
vt 0.28072768 0.42831337
vt 0.27711472 0.42294753
vt 0.27538916 0.42788553
vt 0.28382948 0.42369008
vt 0.27881458 0.41798186
vt 0.28664753 0.4197786
vt 0.29021955 0.4274969
vt 0.2939545 0.4238969
vt 0.28626892 0.43070722
vt 0.27904 0.43258512
vt 0.27367577 0.43126917
vt 0.28267008 0.43513048
vt 0.26928204 0.42892623
vt 0.2673272 0.43480897
vt 0.27067158 0.4239421
vt 0.27150404 0.41851246
vt 0.25583065 0.46622157
vt 0.250332 0.4659847
vt 0.25312984 0.45708823
vt 0.2496743 0.45030022
vt 0.24926051 0.45748746
vt 0.25311217 0.45050335
vt 0.21334216 0.46121728
vt 0.21412623 0.45200932
vt 0.20997177 0.45412135
vt 0.21765207 0.45955563
vt 0.22049253 0.46749485
vt 0.21650648 0.46855474
vt 0.25690213 0.45524287
vt 0.2567558 0.45051324
vt 0.28274447 0.47241914
vt 0.27585462 0.46964002
vt 0.27559525 0.47416842
vt 0.2811926 0.4684497
vt 0.26954255 0.47005045
vt 0.26261485 0.4721619
vt 0.2688315 0.47449577
vt 0.2643819 0.46802163
vt 0.25850323 0.4614328
vt 0.26172203 0.47849703
vt 0.2684841 0.4800279
vt 0.25801122 0.49871886
vt 0.25952438 0.4945792
vt 0.26053387 0.49003386
vt 0.26121673 0.48474836
vt 0.26463747 0.49853408
vt 0.2658923 0.49477172
vt 0.26689547 0.4906857
vt 0.2675783 0.4859358
vt 0.32417673 0.46732473
vt 0.3147656 0.475806
vt 0.3239134 0.47527516
vt 0.31551012 0.46802413
vt 0.30694202 0.47597873
vt 0.30020264 0.46921325
vt 0.2994761 0.4765302
vt 0.30764648 0.46843314
vt 0.29108137 0.4693681
vt 0.29168212 0.4775784
vt 0.2834041 0.47912252
vt 0.27546248 0.48029435
vt 0.28031585 0.49843764
vt 0.2733616 0.4949211
vt 0.27221292 0.49836373
vt 0.28152862 0.4946556
vt 0.2748139 0.4864241
vt 0.28214347 0.4904045
vt 0.28281918 0.48572528
vt 0.27415258 0.49101293
vt 0.29652 0.49803877
vt 0.28964648 0.49386847
vt 0.28879157 0.49813795
vt 0.29723665 0.49345565
vt 0.29114857 0.48427832
vt 0.29801798 0.48868167
vt 0.2987769 0.48338234
vt 0.29038635 0.4892664
vt 0.3037376 0.4980476
vt 0.3045759 0.49339318
vt 0.3055135 0.4884715
vt 0.30631945 0.48304915
vt 0.3188955 0.49778223
vt 0.312046 0.49370682
vt 0.31115985 0.49741685
vt 0.319515 0.49468482
vt 0.3219602 0.4896016
vt 0.31418946 0.48275888
vt 0.31340814 0.488649
vt 0.3232673 0.48280585
vt 0.19418083 0.43732953
vt 0.18789224 0.42764473
vt 0.18585193 0.43477416
vt 0.19737281 0.43145096
vt 0.17764392 0.42627358
vt 0.1680801 0.43433547
vt 0.17705618 0.43384767
vt 0.16711791 0.42698288
vt 0.15938284 0.4376502
vt 0.15671358 0.42987633
vt 0.13829212 0.44357848
vt 0.13887098 0.4594103
vt 0.14438206 0.45051694
vt 0.13147059 0.45397305
vt 0.1323169 0.4806702
vt 0.12644432 0.46573675
vt 0.12340332 0.4779954
vt 0.13492945 0.4699242
vt 0.14716472 0.4845749
vt 0.14223777 0.47322667
vt 0.14011033 0.48272538
vt 0.14896442 0.4760989
vt 0.15163201 0.46905112
vt 0.15526931 0.46240783
vt 0.1453432 0.4642496
vt 0.14991198 0.45655513
vt 0.1620026 0.44527078
vt 0.17056462 0.45069838
vt 0.16922486 0.44253016
vt 0.16487236 0.4530444
vt 0.17624778 0.44969487
vt 0.17663275 0.44160855
vt 0.18712418 0.45114505
vt 0.18394104 0.4419545
vt 0.1818728 0.44986522
vt 0.19057949 0.44406605
vt 0.19908148 0.4612391
vt 0.20864089 0.46298707
vt 0.20505558 0.4569757
vt 0.20224527 0.4666835
vt 0.2120649 0.4695145
vt 0.20566958 0.47209954
vt 0.20077166 0.48020637
vt 0.19844757 0.47516394
vt 0.19325456 0.46612227
vt 0.19586243 0.47034717
vt 0.18388686 0.4580387
vt 0.18013367 0.4572276
vt 0.1760666 0.457129
vt 0.18732168 0.47086346
vt 0.18199396 0.47553408
vt 0.18367057 0.4784106
vt 0.18940236 0.47448754
vt 0.17606215 0.46375895
vt 0.17533174 0.4684813
vt 0.1735774 0.4695809
vt 0.17222464 0.47276115
vt 0.20794225 0.48782325
vt 0.21017615 0.48237348
vt 0.20822573 0.4977305
vt 0.20781362 0.49312365
vt 0.2515055 0.4106053
vt 0.2628234 0.4137522
vt 0.2615334 0.4058876
vt 0.25527915 0.41803622
vt 0.16043411 0.49441576
vt 0.16668619 0.49772406
vt 0.16712177 0.49533677
vt 0.16715164 0.49340713
vt 0.14596604 0.49326885
vt 0.15303786 0.49398983
vt 0.13873853 0.49230266
vt 0.13088754 0.49122798
vt 0.122222915 0.49007964
vt 0.16714169 0.46877944
vt 0.17066476 0.47499132
vt 0.16365099 0.46323645
vt 0.1597363 0.4569552
vt 0.15556525 0.45016062
vt 0.15123318 0.44284284
vt 0.1468967 0.4353788
vt 0.2009794 0.44191468
vt 0.20469852 0.43746173
vt 0.19167502 0.45330143
vt 0.19651791 0.44714117
vt 0.18723509 0.45970094
vt 0.18321644 0.46588588
vt 0.24951498 0.4358418
vt 0.253061 0.42956412
vt 0.24568078 0.45736504
vt 0.24598527 0.44971228
vt 0.24629366 0.47419274
vt 0.24588765 0.46586668
vt 0.24643362 0.4816215
vt 0.24616176 0.48802316
vt 0.24538788 0.4934157
vt 0.24421714 0.498029
vt 0.24183135 0.49320638
vt 0.2378218 0.49778485
vt 0.24100798 0.49788225
vt 0.23848173 0.4931898
vt 0.23881723 0.48128664
vt 0.24235797 0.4878825
vt 0.24244897 0.48142898
vt 0.23875222 0.48785746
vt 0.24215882 0.4738978
vt 0.23813766 0.47375238
vt 0.24162644 0.4655738
vt 0.2372612 0.46549094
vt 0.24137281 0.44881177
vt 0.23642452 0.4569204
vt 0.2410755 0.4573033
vt 0.23619747 0.44794786
vt 0.17940797 0.4063636
vt 0.16615655 0.4179386
vt 0.17845514 0.4172125
vt 0.16516666 0.4071436
vt 0.15407532 0.4211259
vt 0.1512064 0.41054654
vt 0.14245544 0.4269662
vt 0.13778488 0.41679323
vt 0.25420216 0.44555128
vt 0.25752056 0.44667053
vt 0.2508163 0.4442997
vt 0.24719644 0.44265246
vt 0.20997094 0.4445579
vt 0.20564221 0.44780064
vt 0.20104134 0.45167673
vt 0.19556038 0.45643663
vt 0.19026695 0.46250355
vt 0.18528771 0.46809626
vt 0.18063042 0.47354412
vt 0.24261852 0.4405477
vt 0.23660459 0.43865526
vt 0.24894942 0.42440975
vt 0.23842059 0.4284631
vt 0.24486266 0.43225646
vt 0.2426741 0.4180354
vt 0.20261395 0.42402136
vt 0.19443221 0.4079455
vt 0.19079663 0.41904604
vt 0.21200047 0.4128611
vt 0.2349299 0.4977045
vt 0.23537852 0.49325
vt 0.23528725 0.48141968
vt 0.23540534 0.48802137
vt 0.23426199 0.47401547
vt 0.23291254 0.46547854
vt 0.23167127 0.45680428
vt 0.10858625 0.06417155
vt 0.13029844 0.09730089
vt 0.13377231 0.063958645
vt 0.1084286 0.108852744
vt 0.12095538 0.15887475
vt 0.09932724 0.15395331
vt 0.12652177 0.12247622
vt 0.11878337 0.19638062
vt 0.095335916 0.19443691
vt 0.11921514 0.23272312
vt 0.09447603 0.23252606
vt 0.14294943 0.352656
vt 0.1247168 0.3743031
vt 0.14378108 0.3699721
vt 0.12193912 0.35496104
vt 0.14425732 0.33190477
vt 0.12072855 0.3313378
vt 0.28646752 0.46586716
vt 0.28293088 0.44191515
vt 0.27909032 0.43804348
vt 0.2812103 0.44209802
vt 0.27471653 0.4378338
vt 0.26463112 0.46747446
vt 0.25987175 0.45877314
vt 0.2775617 0.43652558
vt 0.25894576 0.45392513
vt 0.2590553 0.450217
vt 0.26494917 0.4439031
vt 0.26449695 0.4422171
vt 0.26305822 0.44372022
vt 0.26621836 0.44261622
vt 0.2743957 0.43588698
vt 0.26229236 0.44997394
vt 0.26077396 0.4475366
vt 0.2600695 0.45009732
vt 0.26287177 0.447415
vt 0.27455944 0.4654827
vt 0.27708846 0.46160913
vt 0.2734794 0.4624939
vt 0.27893627 0.46394348
vt 0.26234186 0.45345497
vt 0.26098025 0.4578365
vt 0.2635455 0.45715714
vt 0.25996357 0.45360065
vt 0.25973564 0.4474572
vt 0.2606973 0.44513142
vt 0.27527383 0.46745968
vt 0.2690464 0.4677173
vt 0.28414813 0.46374857
vt 0.27992254 0.46549618
vt 0.28275 0.46255374
vt 0.28312644 0.45742
vt 0.28022483 0.4604385
vt 0.28596056 0.45904922
vt 0.28736943 0.45512366
vt 0.28450242 0.4539305
vt 0.2871606 0.45070255
vt 0.2845674 0.45002103
vt 0.28122246 0.4372766
vt 0.28455466 0.44129252
vt 0.26853278 0.46559978
vt 0.26812762 0.4622128
vt 0.14834243 0.39867198
vt 0.13319865 0.4047742
vt 0.16395856 0.3952309
vt 0.1795562 0.3940283
vt 0.2728167 0.39356673
vt 0.28594393 0.3929851
vt 0.30046928 0.39630818
vt 0.31759027 0.40247762
vt 0.3248842 0.41534495
vt 0.3287989 0.42717564
vt 0.3312397 0.43778622
vt 0.33275175 0.44744134
vt 0.33368492 0.45677912
vt 0.33419135 0.46569467
vt 0.33429423 0.47430933
vt 0.33388072 0.4826126
vt 0.3321184 0.49246252
vt 0.19534992 0.39424396
vt 0.23264675 0.49343956
vt 0.22990948 0.4977827
vt 0.2322601 0.4978006
vt 0.23014648 0.49372816
vt 0.22861756 0.4828943
vt 0.23241054 0.48836422
vt 0.23206122 0.48190534
vt 0.22962901 0.48879564
vt 0.23060615 0.4741757
vt 0.22678077 0.47466016
vt 0.22862808 0.46589482
vt 0.2245242 0.46661353
vt 0.22658584 0.457296
vt 0.22188674 0.45826888
vt 0.22448853 0.44838858
vt 0.21891493 0.44996572
vt 0.22186132 0.43871343
vt 0.21519718 0.4414357
vt 0.21015789 0.43251395
vt 0.21841127 0.4274987
vt 0.11230676 0.48876107
vt 0.10016664 0.48639417
vt 0.11740379 0.46040022
vt 0.101635836 0.46958196
vt 0.11370375 0.47422683
vt 0.106755845 0.45340168
vt 0.12360799 0.4472692
vt 0.11491212 0.43855357
vt 0.13192886 0.43572915
vt 0.12548323 0.42613268
vt 0.2617627 0.44547153
vt 0.26376432 0.4454341
vt 0.2599287 0.3964175
vt 0.26891363 0.43916464
vt 0.27017593 0.440251
vt 0.30345243 0.3850963
vt 0.32008502 0.38827157
vt 0.28800192 0.3830564
vt 0.27328247 0.383206
vt 0.25891948 0.3852371
vt 0.24683383 0.40139997
vt 0.23044242 0.44762743
vt 0.22958806 0.4376768
vt 0.22964063 0.42577052
vt 0.2320358 0.4102701
vt 0.22888666 0.3930683
vt 0.21188264 0.39487553
vt 0.2444337 0.38885105
vt 0.1885234 0.49593484
vt 0.16190913 0.35297346
vt 0.16186099 0.36812174
vt 0.17932332 0.3535924
vt 0.17903706 0.36742985
vt 0.19562788 0.35376585
vt 0.19534908 0.36685896
vt 0.2112216 0.3658607
vt 0.21113892 0.35240233
vt 0.2269227 0.36440718
vt 0.22644477 0.35092163
vt 0.25790665 0.36105287
vt 0.24173263 0.34963858
vt 0.24249129 0.3626517
vt 0.25731173 0.34794462
vt 0.27380714 0.359887
vt 0.2736962 0.3464657
vt 0.3238324 0.36295366
vt 0.30810615 0.34766078
vt 0.30685547 0.36099625
vt 0.32555377 0.3494326
vt 0.29071546 0.3465786
vt 0.29013684 0.35994744
vt 0.18050599 0.33995426
vt 0.16341701 0.33693993
vt 0.19629252 0.33998048
vt 0.21116051 0.33848155
vt 0.22593477 0.33665287
vt 0.24070404 0.33477473
vt 0.25612548 0.3328055
vt 0.2729735 0.33124316
vt 0.25956085 0.2986182
vt 0.24939272 0.3046651
vt 0.25367194 0.31643128
vt 0.27116996 0.31128037
vt 0.23740168 0.308805
vt 0.23924644 0.32043874
vt 0.22524498 0.3236773
vt 0.22458947 0.3125285
vt 0.21137679 0.31569624
vt 0.21127556 0.3261224
vt 0.19826367 0.3171246
vt 0.19720796 0.32724988
vt 0.18521333 0.31627226
vt 0.18258001 0.3261131
vt 0.1733614 0.31197762
vt 0.16723628 0.3205397
vt 0.16649036 0.28342485
vt 0.14940587 0.3052591
vt 0.1660935 0.30174398
vt 0.14965172 0.26742947
vt 0.118586764 0.41419327
vt 0.10439829 0.38208354
vt 0.098829396 0.3600433
vt 0.09583516 0.33313775
vt 0.120702565 0.26857197
vt 0.094476886 0.30209267
vt 0.121101126 0.30207264
vt 0.09411702 0.26853013
vt 0.1538701 0.09452295
vt 0.15849091 0.06302261
vt 0.14540486 0.15990424
vt 0.1492999 0.12514687
vt 0.14353357 0.19603717
vt 0.14477734 0.23020923
vt 0.17824133 0.26633644
vt 0.17171994 0.24807584
vt 0.1684311 0.22309256
vt 0.16756958 0.1949358
vt 0.19279793 0.236907
vt 0.19566137 0.25322878
vt 0.19136582 0.21619415
vt 0.19177292 0.19061267
vt 0.08559402 0.48358428
vt 0.087835394 0.46343124
vt 0.094523884 0.44428456
vt 0.10520978 0.42747378
vt 0.07336568 0.3705349
vt 0.0836668 0.3951342
vt 0.06930687 0.33816016
vt 0.06810709 0.3036269
vt 0.33162495 0.2985865
vt 0.31122014 0.31462872
vt 0.32930917 0.31785023
vt 0.3137146 0.2955277
vt 0.30943567 0.33231103
vt 0.32737342 0.33446348
vt 0.29131344 0.33100545
vt 0.29241142 0.31267297
vt 0.29603657 0.29298913
vt 0.27883533 0.29089606
vt 0.26823825 0.2870096
vt 0.2735734 0.27304816
vt 0.28366297 0.2716167
vt 0.26656798 0.25329578
vt 0.27393657 0.2624842
vt 0.2834445 0.24950337
vt 0.26886025 0.23808455
vt 0.21338004 0.23101318
vt 0.2142632 0.24664545
vt 0.23268192 0.24461925
vt 0.23338053 0.22946203
vt 0.25063875 0.24610996
vt 0.2521425 0.23154342
vt 0.33443943 0.27804947
vt 0.3162685 0.27511978
vt 0.29934362 0.2727841
vt 0.33783692 0.25683832
vt 0.31904012 0.253726
vt 0.27305153 0.21761012
vt 0.25525758 0.21356392
vt 0.2600023 0.19093978
vt 0.2786818 0.19436789
vt 0.23852627 0.18851292
vt 0.23518187 0.21137023
vt 0.21361236 0.21232009
vt 0.2156516 0.18816626
vt 0.3069879 0.22789097
vt 0.2957439 0.19842088
vt 0.28955963 0.22347009
vt 0.31279913 0.2026143
vt 0.3240539 0.2308842
vt 0.32968175 0.20679462
vt 0.34292015 0.23505342
vt 0.34956992 0.21267259
vt 0.3378231 0.18212092
vt 0.35807192 0.18958867
vt 0.3195725 0.17642748
vt 0.30206075 0.17177367
vt 0.26577088 0.16381216
vt 0.28444764 0.16759038
vt 0.24345377 0.16068637
vt 0.21944402 0.15916705
vt 0.19497184 0.15853405
vt 0.17017688 0.15932775
vt 0.34679723 0.15588188
vt 0.36858356 0.16521132
vt 0.32763618 0.1490848
vt 0.3095632 0.14351487
vt 0.2719054 0.13424265
vt 0.2912147 0.13876915
vt 0.24914578 0.12980056
vt 0.2248481 0.12662065
vt 0.19950743 0.12564242
vt 0.1740415 0.12535489
vt 0.38170806 0.13984
vt 0.37334293 0.09907472
vt 0.35987467 0.12891006
vt 0.39761075 0.11186969
vt 0.35019997 0.08935976
vt 0.33850458 0.12042487
vt 0.31849 0.113862514
vt 0.32867196 0.08218205
vt 0.29895225 0.108460665
vt 0.3080016 0.076568246
vt 0.27828136 0.10373962
vt 0.2858942 0.07166612
vt 0.25508112 0.0995599
vt 0.2619558 0.067626715
vt 0.23033789 0.096411705
vt 0.23660627 0.064689875
vt 0.20459287 0.094470024
vt 0.21063669 0.06294894
vt 0.17868689 0.093776464
vt 0.18416843 0.062386036
vt 0.3360458 0.4024614
vt 0.33708933 0.39015687
vt 0.33804268 0.4140973
vt 0.3396676 0.42546308
vt 0.34534714 0.3373723
vt 0.34768918 0.32072937
vt 0.3431093 0.35220397
vt 0.3408953 0.36567247
vt 0.34500414 0.4636947
vt 0.3458195 0.47262692
vt 0.34375072 0.45449972
vt 0.34226272 0.44521868
vt 0.34072495 0.4358678
vt 0.34617102 0.4814533
vt 0.34644127 0.49163973
vt 0.40486014 0.1542077
vt 0.42223725 0.12872052
vt 0.3905165 0.17727554
vt 0.37882996 0.19896662
vt 0.3694852 0.21973848
vt 0.36232376 0.24013805
vt 0.357157 0.26069736
vt 0.35332778 0.281296
vt 0.35018697 0.30166233
vt 0.07944211 0.1058892
vt 0.082545035 0.0580343
vt 0.074768476 0.15158379
vt 0.07139725 0.19374359
vt 0.07040878 0.23185205
vt 0.069556914 0.268497
vt 0.5355043 0.2667594
vt 0.56844145 0.3016746
vt 0.56911105 0.26478636
vt 0.5356772 0.2999648
vt 0.43083772 0.2729969
vt 0.4517144 0.29672945
vt 0.45143837 0.27266407
vt 0.43017945 0.2945832
vt 0.41021657 0.29179597
vt 0.41227213 0.2718848
vt 0.39098555 0.28837907
vt 0.39433798 0.26891243
vt 0.5317539 0.33131516
vt 0.5541213 0.36743617
vt 0.5629951 0.3364172
vt 0.52465415 0.35964835
vt 0.42336762 0.3376752
vt 0.4491851 0.31999052
vt 0.4275951 0.31646156
vt 0.4447333 0.34207022
vt 0.40721545 0.31269205
vt 0.40359917 0.33285713
vt 0.38783062 0.30880737
vt 0.38462427 0.32832074
vt 0.36887202 0.3050984
vt 0.36601552 0.3245089
vt 0.37210608 0.2847997
vt 0.3760462 0.2649355
vt 0.44172493 0.47173333
vt 0.4565047 0.48887694
vt 0.42060572 0.48117435
vt 0.38237208 0.4295298
vt 0.39194307 0.43889713
vt 0.3899138 0.4194504
vt 0.40227714 0.4284382
vt 0.3722955 0.42238355
vt 0.37753806 0.4123417
vt 0.3649258 0.40715206
vt 0.3618796 0.41737103
vt 0.35116938 0.40416753
vt 0.35045218 0.4150375
vt 0.54322666 0.39390862
vt 0.51527345 0.38465476
vt 0.4183505 0.35648823
vt 0.43878877 0.36224532
vt 0.39935204 0.3512224
vt 0.38122678 0.34549606
vt 0.50415945 0.4067669
vt 0.5163291 0.43766952
vt 0.5305494 0.4171908
vt 0.49169046 0.42598748
vt 0.4081854 0.3852737
vt 0.43247727 0.3789078
vt 0.41325206 0.3720535
vt 0.42603412 0.39296448
vt 0.39524183 0.3660971
vt 0.3910937 0.3790171
vt 0.3778326 0.36034513
vt 0.3744711 0.37352753
vt 0.46072808 0.45870495
vt 0.47998402 0.47381842
vt 0.41144323 0.41699827
vt 0.3969425 0.40828097
vt 0.38254577 0.4015789
vt 0.3679709 0.39661133
vt 0.3529746 0.39284778
vt 0.36044276 0.3561951
vt 0.35777348 0.3693142
vt 0.36320662 0.341604
vt 0.3985519 0.48557758
vt 0.37365794 0.43902552
vt 0.3805135 0.4481349
vt 0.366031 0.43159688
vt 0.35846686 0.42682397
vt 0.34990123 0.4253478
vt 0.35387012 0.45110857
vt 0.3592518 0.4386418
vt 0.35130405 0.44262528
vt 0.36375532 0.4463315
vt 0.35586262 0.43323255
vt 0.34957573 0.43445742
vt 0.4758179 0.29761338
vt 0.47491515 0.2715075
vt 0.47336385 0.32263744
vt 0.46846506 0.34635782
vt 0.46155807 0.3681028
vt 0.4535832 0.38672912
vt 0.44539735 0.40221965
vt 0.42639446 0.42827272
vt 0.41491678 0.43974328
vt 0.4019682 0.44991708
vt 0.38713503 0.45878732
vt 0.378193 0.48853767
vt 0.36105067 0.49028742
vt 0.37563407 0.47650445
vt 0.36004725 0.47979045
vt 0.35643238 0.46035755
vt 0.36818722 0.45556438
vt 0.3585739 0.46979797
vt 0.3721625 0.46547222
vt 0.50237745 0.26977718
vt 0.5032791 0.29874098
vt 0.50076973 0.3262577
vt 0.4950755 0.35199118
vt 0.4871294 0.37522256
vt 0.47761926 0.39554238
vt 0.4671737 0.4130932
vt 0.42784458 0.45394182
vt 0.44236547 0.44217658
vt 0.4118517 0.46343923
vt 0.39356244 0.47118437
vt 0.3258102 0.4965204
vt 0.2619815 0.44303226
vt 0.52998936 0.23002982
vt 0.5647804 0.22380006
vt 0.5172925 0.19197464
vt 0.5520976 0.17759371
vt 0.49762914 0.1560489
vt 0.5284723 0.13342857
vt 0.49748835 0.0955807
vt 0.47182742 0.12452972
vt 0.4426869 0.09878385
vt 0.46323526 0.066079974
vt 0.41380796 0.07929242
vt 0.42921364 0.044821978
vt 0.38716602 0.06554186
vt 0.3999525 0.031271458
vt 0.36213017 0.055274367
vt 0.3724789 0.021425724
vt 0.34000668 0.04798913
vt 0.35098046 0.014871836
vt 0.31867918 0.042250037
vt 0.3073406 0.0055561066
vt 0.2954917 0.03741932
vt 0.33131602 0.0100136995
vt 0.28088006 0.0025594234
vt 0.27044368 0.03378105
vt 0.2527103 0.0014983416
vt 0.24418561 0.03157282
vt 0.2245577 0.0023311377
vt 0.21708038 0.030753255
vt 0.1963301 0.0043480396
vt 0.18988115 0.030858636
vt 0.16866317 0.006937146
vt 0.16341096 0.031547308
vt 0.14133337 0.00968945
vt 0.13727543 0.031361938
vt 0.11469834 0.012112856
vt 0.1118449 0.026590705
vt 0.08784179 0.014013648
vt 0.4861354 0.20573652
vt 0.49754453 0.23740613
vt 0.46880195 0.1767509
vt 0.44719678 0.1505835
vt 0.38105777 0.24580455
vt 0.38798803 0.2275976
vt 0.3978671 0.21034396
vt 0.41084802 0.19202435
vt 0.42694652 0.17219794
vt 0.44585288 0.19380152
vt 0.42769468 0.20907617
vt 0.41332644 0.22274435
vt 0.40355715 0.23550332
vt 0.39818045 0.2511102
vt 0.46074054 0.21780145
vt 0.47011128 0.24411488
vt 0.44010833 0.22815168
vt 0.44767913 0.24946213
vt 0.4242217 0.23639238
vt 0.42909363 0.2532332
vt 0.41395178 0.2418617
vt 0.4135239 0.254349
vt 0.068533815 0.47986674
vt 0.07209697 0.455387
vt 0.08085208 0.432312
vt 0.094722204 0.41344404
vt 0.11133266 0.39973545
vt 0.12860967 0.39085054
vt 0.14572625 0.38519537
vt 0.16274606 0.38230896
vt 0.17928569 0.38097095
vt 0.19542569 0.38043714
vt 0.2115148 0.37981522
vt 0.22758317 0.37824905
vt 0.2431902 0.3757652
vt 0.2583945 0.37344265
vt 0.27363428 0.37205017
vt 0.2892792 0.3720261
vt 0.30536473 0.37333572
vt 0.32207114 0.37556636
vt 0.33886358 0.37811565
vt 0.3552345 0.38128054
vt 0.37119392 0.38548124
vt 0.38695556 0.3906319
vt 0.40275702 0.39722013
vt 0.4192712 0.40523064
vt 0.43644783 0.41578782
vt 0.45548636 0.42853284
vt 0.477302 0.4433061
vt 0.49971923 0.45653808
vt 0.06450327 0.41591382
vt 0.04260102 0.39033306
vt 0.0312436 0.43250704
vt 0.05394877 0.4453001
vt 0.027716687 0.470744
vt 0.048687674 0.47555983
vt 0.0082027335 0.3863014
vt 0.0028432088 0.4263941
vt 0.0015051138 0.46666205
vt 0.039900515 0.34426332
vt 0.0071085957 0.34398615
vt 0.05444082 0.056925535
vt 0.025283359 0.015136242
vt 0.024917489 0.057979822
vt 0.05588539 0.015104532
vt 0.052628655 0.104560256
vt 0.02473047 0.10483909
vt 0.0493349 0.15044713
vt 0.022869954 0.14943027
vt 0.04620932 0.19439697
vt 0.019943796 0.19074297
vt 0.043817148 0.23053718
vt 0.015922304 0.22803319
vt 0.041511837 0.26769185
vt 0.012223934 0.2657348
vt 0.039456315 0.30494523
vt 0.00870334 0.3039224
vt 0.8087665 0.5205916
vt 0.78703344 0.51511645
vt 0.811977 0.49492806
vt 0.79204327 0.4886822
vt 0.80003995 0.461738
vt 0.8214545 0.47072697
vt 0.83033717 0.4451121
vt 0.8095819 0.43518072
vt 0.8223631 0.410658
vt 0.84162813 0.42167717
vt 0.85430455 0.40036637
vt 0.83719015 0.38821858
vt 0.86984164 0.38116825
vt 0.85453415 0.36719525
vt 0.8884506 0.36467105
vt 0.8758763 0.34887207
vt 0.91174376 0.3500777
vt 0.90160835 0.3325987
vt 0.931627 0.3193934
vt 0.93905616 0.33881986
vt 0.96416146 0.31056106
vt 0.9696506 0.3323726
vt 0.99643505 0.30594957
vt 0.9983786 0.33004212
vt 0.78088856 0.37215
vt 0.8019547 0.39525527
vt 0.7946782 0.3533936
vt 0.81757194 0.37205482
vt 0.74770117 0.2780913
vt 0.7250854 0.937663
vt 0.72294796 0.95041937
vt 0.7280081 0.9376377
vt 0.7177591 0.9489539
vt 0.71429753 0.962677
vt 0.70955515 0.9553157
vt 0.69225514 0.97671854
vt 0.6887012 0.96789014
vt 0.67032117 0.97521186
vt 0.67256355 0.9842719
vt 0.6501228 0.979095
vt 0.6509104 0.98769504
vt 0.6308692 0.97736925
vt 0.63056004 0.98482764
vt 0.61847484 0.97078395
vt 0.6145884 0.9760224
vt 0.6138655 0.9662281
vt 0.6087739 0.9677002
vt 0.60931224 0.9397095
vt 0.60725653 0.9573382
vt 0.611735 0.9419853
vt 0.61147285 0.95808476
vt 0.6180865 0.924375
vt 0.62062335 0.92953086
vt 0.707747 0.92311066
vt 0.7223574 0.93013036
vt 0.7115992 0.9191849
vt 0.7245045 0.9281185
vt 0.63216674 0.9184781
vt 0.63366467 0.9257009
vt 0.647409 0.9141795
vt 0.64794517 0.9230813
vt 0.6641523 0.9197859
vt 0.66393715 0.9115415
vt 0.67888784 0.9204161
vt 0.68080485 0.91121346
vt 0.694463 0.9213688
vt 0.69693273 0.9136652
vt 0.7129939 0.9382607
vt 0.7004935 0.93206084
vt 0.6955417 0.94295514
vt 0.6805329 0.9594471
vt 0.66317385 0.9684988
vt 0.64994705 0.9711476
vt 0.63336277 0.97360355
vt 0.62259614 0.9673218
vt 0.61825943 0.96394503
vt 0.616462 0.94459486
vt 0.62006855 0.95725685
vt 0.6913493 0.9317424
vt 0.6775567 0.92954373
vt 0.66457397 0.92960465
vt 0.6488669 0.9318707
vt 0.63513964 0.9338202
vt 0.62411636 0.9346943
vt 0.67766064 0.9432229
vt 0.6737888 0.95195466
vt 0.63288665 0.946399
vt 0.64818496 0.9444378
vt 0.6618673 0.9428216
vt 0.63297796 0.9587309
vt 0.662729 0.9569143
vt 0.6483741 0.9590442
vt 0.3018458 0.2511425
vt 0.73137295 0.95998764
vt 0.71722627 0.9786829
vt 0.69552374 0.99176556
vt 0.67299473 0.9984984
vt 0.650939 0.9984984
vt 0.6289096 0.9956703
vt 0.608295 0.9859477
vt 0.598632 0.97195804
vt 0.59792626 0.9564768
vt 0.60539263 0.9368181
vt 0.6154884 0.91912997
vt 0.6293833 0.909493
vt 0.6465183 0.90385646
vt 0.6649678 0.90075594
vt 0.6838017 0.9006162
vt 0.7013272 0.90491396
vt 0.71657765 0.9131737
vt 0.7275972 0.925033
vt 0.73300016 0.93916327
vt 0.27765983 0.45787883
vt 0.27590635 0.45271623
vt 0.2748122 0.45462894
vt 0.27999917 0.45545173
vt 0.27142775 0.44214833
vt 0.27234542 0.444582
vt 0.27278048 0.44400525
vt 0.26979923 0.4425379
vt 0.28058055 0.44601488
vt 0.2764631 0.44849467
vt 0.2813392 0.44927895
vt 0.2759075 0.44645166
vt 0.27057505 0.44849563
vt 0.2665442 0.4457817
vt 0.26570922 0.4475242
vt 0.27100125 0.4471302
vt 0.2675501 0.44453406
vt 0.2714241 0.44611895
vt 0.27518368 0.44462407
vt 0.27875873 0.4426813
vt 0.2743993 0.4414996
vt 0.27404886 0.4436531
vt 0.26972094 0.45234895
vt 0.26514468 0.44988465
vt 0.26517513 0.45304585
vt 0.27013004 0.4503137
vt 0.2754237 0.45887697
vt 0.27364454 0.45534384
vt 0.26940703 0.45407367
vt 0.26962638 0.4587778
vt 0.27060598 0.45597553
vt 0.2661501 0.455966
vt 0.27187136 0.4452995
vt 0.26858672 0.44349945
vt 0.27244058 0.45604944
vt 0.27292156 0.45930886
vt 0.27654496 0.45068073
vt 0.28116688 0.4525602
vt 0.28354213 0.44617093
vt 0.2677509 0.44128656
vt 0.28746983 0.45982158
vt 0.27381873 0.4322381
vt 0.27882096 0.43411314
vt 0.2679124 0.43714786
vt 0.26546746 0.4392743
vt 0.28863612 0.45078337
vt 0.28720045 0.44621527
vt 0.2662264 0.4407723
vt 0.2857199 0.446445
vt 0.2635677 0.44109762
vt 0.26594594 0.4654243
vt 0.28890777 0.45549178
vt 0.2864708 0.44632292
vt 0.2837529 0.44158363
vt 0.28791457 0.4507439
vt 0.28816208 0.4553151
vt 0.28673467 0.45945013
vt 0.28345278 0.46316504
vt 0.26849514 0.43822587
vt 0.26589173 0.44007182
vt 0.261235 0.44529605
vt 0.2625432 0.4433782
vt 0.27413905 0.43418705
vt 0.27813447 0.43532717
vt 0.28019828 0.43761718
vt 0.25953293 0.4501618
vt 0.25941262 0.453781
vt 0.27490377 0.46646833
vt 0.27941725 0.46472108
vt 0.26878366 0.46666265
vt 0.2652512 0.46648383
vt 0.26039642 0.45835054
vt 0.26023874 0.44749343
vt 0.2640663 0.44168139
vt 0.21948577 0.49791336
vt 0.2148636 0.4914124
vt 0.2137111 0.491812
vt 0.2149842 0.49213147
vt 0.21358584 0.49103618
vt 0.21455413 0.48999035
vt 0.21378937 0.48957396
vt 0.2198376 0.4900216
vt 0.2161909 0.48455453
vt 0.21316679 0.48346245
vt 0.21418737 0.48900878
vt 0.21460971 0.48900914
vt 0.21500245 0.48926032
vt 0.21593589 0.4903804
vt 0.22021289 0.49516547
vt 0.2163668 0.4918157
vt 0.21638975 0.49250925
vt 0.21145867 0.48604393
vt 0.21053624 0.48814154
vt 0.21033353 0.49220455
vt 0.21052298 0.49502015
vt 0.21400815 0.49794364
vt 0.21422718 0.49552536
vt 0.21824397 0.4960736
vt 0.21351612 0.48607552
vt 0.21537776 0.48675358
vt 0.21822707 0.48999178
vt 0.21850723 0.49410415
vt 0.17260964 0.52347165
vt 0.17232311 0.5257641
vt 0.17405145 0.5233481
vt 0.17366287 0.5269639
vt 0.1730732 0.52101904
vt 0.1751196 0.5205716
vt 0.17656833 0.51669335
vt 0.17380144 0.5167191
vt 0.17420854 0.51233715
vt 0.17758888 0.5128943
vt 0.1744605 0.509446
vt 0.1780693 0.50998676
vt 0.17465882 0.5073339
vt 0.17850879 0.50747573
vt 0.17496027 0.5046643
vt 0.17903097 0.5046011
vt 0.17512734 0.502005
vt 0.17933823 0.5018612
vt 0.1709192 0.5022366
vt 0.17076461 0.50015014
vt 0.17514034 0.50014913
vt 0.17938915 0.50015014
vt 0.17105447 0.50493
vt 0.17087856 0.5073166
vt 0.17088573 0.50898314
vt 0.17078038 0.51193607
vt 0.17089875 0.51675344
vt 0.1710517 0.5213817
vt 0.17136423 0.52394915
vt 0.1767445 0.52791595
vt 0.17503026 0.52752614
vt 0.18237562 0.50599086
vt 0.18245529 0.5029775
vt 0.17903431 0.5046017
vt 0.17934044 0.50186133
vt 0.18167588 0.5090399
vt 0.17851183 0.5074763
vt 0.1810215 0.5121778
vt 0.17807263 0.5099873
vt 0.1801674 0.51526105
vt 0.17759249 0.5128951
vt 0.17905502 0.51818275
vt 0.17657301 0.5166948
vt 0.18042351 0.5219708
vt 0.18188359 0.51900625
vt 0.1766098 0.5240299
vt 0.1751232 0.520573
vt 0.17405562 0.52334905
vt 0.17791718 0.52104545
vt 0.17879918 0.5249853
vt 0.18226331 0.5001469
vt 0.17939109 0.50015014
vt 0.18541634 0.5032952
vt 0.18499622 0.5001447
vt 0.18323524 0.51601446
vt 0.18418941 0.51284087
vt 0.18497407 0.5096267
vt 0.18559638 0.5064461
vt 0.17402849 0.47694433
vt 0.1722971 0.47452807
vt 0.17258643 0.47682154
vt 0.17362899 0.47357845
vt 0.17509802 0.47971928
vt 0.17305161 0.4792744
vt 0.1765531 0.4836018
vt 0.1737848 0.4835763
vt 0.17419721 0.48795927
vt 0.17757836 0.48740137
vt 0.17445138 0.49084878
vt 0.17806044 0.49030447
vt 0.1746519 0.49295974
vt 0.17849967 0.49280894
vt 0.17495643 0.49563086
vt 0.17902516 0.4956895
vt 0.17512597 0.49829268
vt 0.17933606 0.49843776
vt 0.17091726 0.49806345
vt 0.17104973 0.49536908
vt 0.17087135 0.49298215
vt 0.17087716 0.49131548
vt 0.17076875 0.4883628
vt 0.17088185 0.48354435
vt 0.17102957 0.47891378
vt 0.17133935 0.47634506
vt 0.17671794 0.47237217
vt 0.17500345 0.47276318
vt 0.1790285 0.49568903
vt 0.18245196 0.4973142
vt 0.18236925 0.49429762
vt 0.1793385 0.49843764
vt 0.17850298 0.49280834
vt 0.18166673 0.4912479
vt 0.17806402 0.490304
vt 0.18101071 0.48811173
vt 0.17758197 0.48740053
vt 0.18015388 0.4850297
vt 0.17655781 0.48360038
vt 0.17903842 0.48210824
vt 0.18186618 0.4812814
vt 0.18040307 0.47831678
vt 0.17403263 0.47694325
vt 0.17510189 0.47971773
vt 0.17658627 0.4762596
vt 0.17789644 0.47924435
vt 0.1787757 0.47530234
vt 0.18541327 0.4969927
vt 0.18322085 0.48427272
vt 0.1841781 0.4874456
vt 0.18496495 0.49065912
vt 0.1855903 0.49383998
f 2598/2598 2599/2599 2600/2600
f 2599/2599 2598/2598 2601/2601
f 2636/2636 2601/2601 2598/2598
f 2601/2601 2603/2603 2599/2599
f 2603/2603 2602/2602 2599/2599
f 2601/2601 2636/2636 2617/2617
f 2635/2635 2617/2617 2636/2636
f 2618/2618 2603/2603 2601/2601
f 2617/2617 2618/2618 2601/2601
f 2596/2596 2602/2602 2603/2603
f 2595/2595 2602/2602 2596/2596
f 2623/2623 2603/2603 2618/2618
f 2596/2596 2603/2603 2623/2623
f 2594/2594 2595/2595 2596/2596
f 2595/2595 2594/2594 2597/2597
f 2594/2594 3619/3619 2597/2597
f 2622/2622 2596/2596 2623/2623
f 2596/2596 2622/2622 2594/2594
f 3619/3619 2594/2594 2642/2642
f 2642/2642 2604/2604 3619/3619
f 2594/2594 2641/2641 2642/2642
f 2641/2641 2594/2594 2622/2622
f 2604/2604 2642/2642 2605/2605
f 2641/2641 2605/2605 2642/2642
f 2604/2604 2605/2605 2606/2606
f 2622/2622 2623/2623 2620/2620
f 2620/2620 2623/2623 2618/2618
f 2606/2606 2605/2605 2619/2619
f 2619/2619 2611/2611 2606/2606
f 2616/2616 2620/2620 2618/2618
f 2616/2616 2618/2618 2617/2617
f 2620/2620 2621/2621 2622/2622
f 2615/2615 2616/2616 2617/2617
f 2617/2617 2635/2635 2615/2615
f 3614/3614 2615/2615 2635/2635
f 3608/3608 2620/2620 2616/2616
f 3608/3608 2621/2621 2620/2620
f 3610/3610 2616/2616 2615/2615
f 3610/3610 3608/3608 2616/2616
f 2615/2615 3614/3614 3612/3612
f 3612/3612 3610/3610 2615/2615
f 3613/3613 3611/3611 3614/3614
f 3611/3611 3612/3612 3614/3614
f 3611/3611 3609/3609 3612/3612
f 3609/3609 3610/3610 3612/3612
f 3609/3609 3607/3607 3610/3610
f 3607/3607 3608/3608 3610/3610
f 3607/3607 3606/3606 3608/3608
f 2621/2621 3608/3608 3606/3606
f 3606/3606 3607/3607 3605/3605
f 3603/3603 3606/3606 3605/3605
f 3603/3603 2621/2621 3606/3606
f 3605/3605 3604/3604 3603/3603
f 3601/3601 3603/3603 3604/3604
f 2621/2621 3603/3603 2640/2640
f 2640/2640 2622/2622 2621/2621
f 2622/2622 2640/2640 2641/2641
f 3603/3603 3601/3601 3602/3602
f 3602/3602 2640/2640 3603/3603
f 3618/3618 2641/2641 2640/2640
f 2640/2640 3602/3602 3618/3618
f 2641/2641 3618/3618 3617/3617
f 2605/2605 2641/2641 3617/3617
f 3616/3616 3618/3618 3602/3602
f 3616/3616 3617/3617 3618/3618
f 2605/2605 3617/3617 3615/3615
f 3617/3617 3616/3616 3615/3615
f 2605/2605 3615/3615 2619/2619
f 3599/3599 3616/3616 3602/3602
f 3601/3601 3599/3599 3602/3602
f 3599/3599 3601/3601 3600/3600
f 3597/3597 3599/3599 3600/3600
f 2639/2639 3615/3615 3616/3616
f 3599/3599 2639/2639 3616/3616
f 3599/3599 3597/3597 3598/3598
f 2639/2639 3599/3599 3598/3598
f 3597/3597 3595/3595 3598/3598
f 3595/3595 2639/2639 3598/3598
f 3595/3595 3597/3597 3596/3596
f 3593/3593 3595/3595 3596/3596
f 2639/2639 2625/2625 3615/3615
f 2625/2625 2619/2619 3615/3615
f 2639/2639 3595/3595 2629/2629
f 2629/2629 2625/2625 2639/2639
f 3595/3595 3593/3593 3594/3594
f 3594/3594 2629/2629 3595/3595
f 2625/2625 2624/2624 2619/2619
f 2611/2611 2619/2619 2624/2624
f 2625/2625 2629/2629 2626/2626
f 2624/2624 2625/2625 2626/2626
f 2629/2629 3594/3594 2627/2627
f 2627/2627 2626/2626 2629/2629
f 3593/3593 3592/3592 3594/3594
f 3592/3592 2627/2627 3594/3594
f 3592/3592 3593/3593 3590/3590
f 2626/2626 2627/2627 2628/2628
f 3590/3590 3589/3589 3592/3592
f 3589/3589 3590/3590 3591/3591
f 4757/4757 3589/3589 3591/3591
f 2627/2627 3592/3592 2638/2638
f 2638/2638 2628/2628 2627/2627
f 2637/2637 3592/3592 3589/3589
f 3592/3592 2637/2637 2638/2638
f 3589/3589 4757/4757 4758/4758
f 4758/4758 2637/2637 3589/3589
f 4759/4759 4758/4758 4757/4757
f 2637/2637 2633/2633 2638/2638
f 2628/2628 2638/2638 2633/2633
f 4758/4758 4759/4759 4760/4760
f 2632/2632 2628/2628 2633/2633
f 4759/4759 4761/4761 4760/4760
f 4761/4761 4759/4759 4762/4762
f 4763/4763 4761/4761 4762/4762
f 2628/2628 2632/2632 2630/2630
f 2630/2630 2626/2626 2628/2628
f 2626/2626 2630/2630 2624/2624
f 4761/4761 4763/4763 4764/4764
f 2610/2610 2624/2624 2630/2630
f 2624/2624 2610/2610 2611/2611
f 2610/2610 2609/2609 2611/2611
f 2630/2630 2613/2613 2610/2610
f 2613/2613 2630/2630 2632/2632
f 2612/2612 2609/2609 2610/2610
f 2612/2612 2610/2610 2613/2613
f 2609/2609 2612/2612 2607/2607
f 2607/2607 2608/2608 2609/2609
f 2607/2607 3824/3824 2608/2608
f 2612/2612 3824/3824 2607/2607
f 2613/2613 2614/2614 2612/2612
f 3824/3824 2612/2612 3825/3825
f 3825/3825 3826/3826 3824/3824
f 3827/3827 2612/2612 2614/2614
f 2612/2612 3827/3827 3825/3825
f 2613/2613 2634/2634 2614/2614
f 2634/2634 3827/3827 2614/2614
f 2634/2634 2613/2613 2632/2632
f 3827/3827 3843/3843 3825/3825
f 2632/2632 2631/2631 2634/2634
f 2631/2631 2632/2632 2633/2633
f 3827/3827 2634/2634 3844/3844
f 2631/2631 3844/3844 2634/2634
f 3843/3843 3827/3827 3844/3844
f 2633/2633 2637/2637 2631/2631
f 3844/3844 2631/2631 3845/3845
f 2637/2637 3845/3845 2631/2631
f 3841/3841 3844/3844 3845/3845
f 3844/3844 3841/3841 3843/3843
f 3845/3845 2637/2637 3848/3848
f 3848/3848 3841/3841 3845/3845
f 2637/2637 4758/4758 3848/3848
f 4758/4758 3840/3840 3848/3848
f 3841/3841 3848/3848 3840/3840
f 3840/3840 4758/4758 4760/4760
f 3839/3839 3843/3843 3841/3841
f 3840/3840 3839/3839 3841/3841
f 4760/4760 3842/3842 3840/3840
f 3839/3839 3840/3840 3842/3842
f 3842/3842 4760/4760 4761/4761
f 3843/3843 3839/3839 3838/3838
f 3838/3838 3825/3825 3843/3843
f 3825/3825 3838/3838 3826/3826
f 3842/3842 3837/3837 3839/3839
f 3837/3837 3838/3838 3839/3839
f 4761/4761 3849/3849 3842/3842
f 3837/3837 3842/3842 3849/3849
f 3849/3849 4761/4761 4764/4764
f 3832/3832 3826/3826 3838/3838
f 3838/3838 3837/3837 3832/3832
f 3826/3826 3832/3832 3822/3822
f 4781/4781 3832/3832 3837/3837
f 3849/3849 4781/4781 3837/3837
f 3822/3822 3832/3832 3823/3823
f 3832/3832 4781/4781 3823/3823
f 3821/3821 3822/3822 3823/3823
f 4781/4781 3849/3849 4782/4782
f 3852/3852 3821/3821 3823/3823
f 3821/3821 3852/3852 4785/4785
f 3823/3823 4781/4781 4783/4783
f 4781/4781 4782/4782 4783/4783
f 3823/3823 3851/3851 3852/3852
f 3851/3851 3823/3823 4783/4783
f 3812/3812 4785/4785 3852/3852
f 3851/3851 3812/3812 3852/3852
f 4785/4785 3812/3812 3814/3814
f 3812/3812 3811/3811 3814/3814
f 4783/4783 4784/4784 3851/3851
f 4782/4782 4784/4784 4783/4783
f 3811/3811 3812/3812 3813/3813
f 3813/3813 3819/3819 3811/3811
f 3812/3812 3851/3851 3834/3834
f 3834/3834 3813/3813 3812/3812
f 4784/4784 3850/3850 3851/3851
f 3850/3850 3834/3834 3851/3851
f 3819/3819 3813/3813 3820/3820
f 3820/3820 3817/3817 3819/3819
f 3813/3813 3834/3834 3836/3836
f 3836/3836 3820/3820 3813/3813
f 3816/3816 3818/3818 3817/3817
f 3815/3815 3816/3816 3817/3817
f 3817/3817 3820/3820 3815/3815
f 3816/3816 3815/3815 3846/3846
f 3820/3820 3836/3836 3831/3831
f 3831/3831 3815/3815 3820/3820
f 3846/3846 3815/3815 3828/3828
f 3815/3815 3831/3831 3828/3828
f 3846/3846 3828/3828 3847/3847
f 3833/3833 3831/3831 3836/3836
f 3834/3834 3833/3833 3836/3836
f 3829/3829 3828/3828 3831/3831
f 3831/3831 3833/3833 3829/3829
f 3847/3847 3828/3828 3830/3830
f 3828/3828 3829/3829 3830/3830
f 3847/3847 3830/3830 4779/4779
f 4779/4779 4778/4778 4780/4780
f 4778/4778 4779/4779 4777/4777
f 4779/4779 3830/3830 4777/4777
f 4777/4777 4776/4776 4778/4778
f 3830/3830 4775/4775 4777/4777
f 4776/4776 4777/4777 4775/4775
f 4775/4775 3830/3830 3829/3829
f 4775/4775 4773/4773 4776/4776
f 3829/3829 4774/4774 4775/4775
f 4773/4773 4775/4775 4774/4774
f 4774/4774 3829/3829 3833/3833
f 4773/4773 4774/4774 4772/4772
f 4771/4771 4773/4773 4772/4772
f 4774/4774 3833/3833 3835/3835
f 4772/4772 4774/4774 3835/3835
f 3833/3833 3834/3834 3835/3835
f 3850/3850 3835/3835 3834/3834
f 4770/4770 4771/4771 4772/4772
f 4770/4770 4772/4772 3835/3835
f 4770/4770 3835/3835 3850/3850
f 4771/4771 4770/4770 4769/4769
f 4767/4767 4769/4769 4770/4770
f 4768/4768 4770/4770 3850/3850
f 4767/4767 4770/4770 4768/4768
f 4784/4784 4768/4768 3850/3850
f 4782/4782 4768/4768 4784/4784
f 4765/4765 4767/4767 4768/4768
f 4768/4768 4782/4782 4765/4765
f 4767/4767 4765/4765 4766/4766
f 3849/3849 4765/4765 4782/4782
f 4765/4765 4763/4763 4766/4766
f 4765/4765 3849/3849 4764/4764
f 4763/4763 4765/4765 4764/4764
f 3453/3453 3454/3454 3455/3455
f 3455/3455 3454/3454 3456/3456
f 3454/3454 3453/3453 3452/3452
f 3451/3451 3452/3452 3453/3453
f 3454/3454 3457/3457 3456/3456
f 3452/3452 3451/3451 3450/3450
f 3335/3335 3450/3450 3451/3451
f 3452/3452 3489/3489 3454/3454
f 3454/3454 3489/3489 3457/3457
f 3450/3450 3487/3487 3452/3452
f 3489/3489 3452/3452 3487/3487
f 3450/3450 3335/3335 3332/3332
f 3333/3333 3332/3332 3335/3335
f 3487/3487 3450/3450 3488/3488
f 3332/3332 3488/3488 3450/3450
f 3332/3332 3333/3333 3334/3334
f 3347/3347 3334/3334 3333/3333
f 3488/3488 3332/3332 3436/3436
f 3334/3334 3436/3436 3332/3332
f 3334/3334 3347/3347 3344/3344
f 3345/3345 3344/3344 3347/3347
f 3436/3436 3334/3334 3437/3437
f 3344/3344 3437/3437 3334/3334
f 3344/3344 3345/3345 3346/3346
f 3374/3374 3346/3346 3345/3345
f 3437/3437 3344/3344 3438/3438
f 3346/3346 3438/3438 3344/3344
f 3346/3346 3374/3374 3375/3375
f 3383/3383 3375/3375 3374/3374
f 3438/3438 3346/3346 3439/3439
f 3375/3375 3439/3439 3346/3346
f 3375/3375 3383/3383 3380/3380
f 3381/3381 3380/3380 3383/3383
f 3439/3439 3375/3375 3440/3440
f 3380/3380 3440/3440 3375/3375
f 3380/3380 3381/3381 3382/3382
f 3558/3558 3382/3382 3381/3381
f 3440/3440 3380/3380 3441/3441
f 3382/3382 3441/3441 3380/3380
f 3382/3382 3558/3558 3557/3557
f 3393/3393 3557/3557 3558/3558
f 3441/3441 3382/3382 3442/3442
f 3557/3557 3442/3442 3382/3382
f 3557/3557 3393/3393 3392/3392
f 3363/3363 3392/3392 3393/3393
f 3442/3442 3557/3557 3556/3556
f 3392/3392 3556/3556 3557/3557
f 3392/3392 3363/3363 3360/3360
f 3361/3361 3360/3360 3363/3363
f 3556/3556 3392/3392 3444/3444
f 3443/3443 3392/3392 3360/3360
f 3392/3392 3443/3443 3444/3444
f 3360/3360 3361/3361 3362/3362
f 3360/3360 3445/3445 3443/3443
f 3445/3445 3360/3360 3362/3362
f 3423/3423 3444/3444 3443/3443
f 3424/3424 3443/3443 3445/3445
f 3443/3443 3424/3424 3423/3423
f 3422/3422 3556/3556 3444/3444
f 3444/3444 3423/3423 3422/3422
f 3556/3556 3422/3422 3555/3555
f 3555/3555 3442/3442 3556/3556
f 3367/3367 3422/3422 3423/3423
f 3442/3442 3555/3555 3421/3421
f 3421/3421 3441/3441 3442/3442
f 3394/3394 3555/3555 3422/3422
f 3422/3422 3367/3367 3394/3394
f 3554/3554 3421/3421 3555/3555
f 3555/3555 3394/3394 3554/3554
f 3441/3441 3421/3421 3420/3420
f 3421/3421 3554/3554 3387/3387
f 3387/3387 3420/3420 3421/3421
f 3419/3419 3441/3441 3420/3420
f 3441/3441 3419/3419 3440/3440
f 3420/3420 3387/3387 3384/3384
f 3384/3384 3419/3419 3420/3420
f 3553/3553 3387/3387 3554/3554
f 3385/3385 3384/3384 3387/3387
f 3387/3387 3553/3553 3385/3385
f 3395/3395 3554/3554 3394/3394
f 3554/3554 3395/3395 3553/3553
f 3394/3394 3364/3364 3395/3395
f 3364/3364 3394/3394 3367/3367
f 3395/3395 3552/3552 3553/3553
f 3365/3365 3364/3364 3367/3367
f 3423/3423 3365/3365 3367/3367
f 3365/3365 3423/3423 3424/3424
f 3364/3364 3396/3396 3395/3395
f 3552/3552 3395/3395 3396/3396
f 3425/3425 3365/3365 3424/3424
f 3389/3389 3553/3553 3552/3552
f 3553/3553 3389/3389 3385/3385
f 3424/3424 3446/3446 3425/3425
f 3446/3446 3424/3424 3445/3445
f 3445/3445 3403/3403 3446/3446
f 3403/3403 3445/3445 3362/3362
f 3430/3430 3425/3425 3446/3446
f 3362/3362 3402/3402 3403/3403
f 3402/3402 3362/3362 3361/3361
f 3426/3426 3446/3446 3403/3403
f 3446/3446 3426/3426 3430/3430
f 3429/3429 3403/3403 3402/3402
f 3403/3403 3429/3429 3426/3426
f 4560/4560 3402/3402 3361/3361
f 4599/4599 3429/3429 3402/3402
f 3402/3402 4560/4560 4599/4599
f 3361/3361 4558/4558 4560/4560
f 4558/4558 3361/3361 4559/4559
f 4639/4639 4599/4599 4560/4560
f 4558/4558 4639/4639 4560/4560
f 4559/4559 4589/4589 4558/4558
f 4589/4589 4559/4559 4590/4590
f 4639/4639 4558/4558 4637/4637
f 4589/4589 4637/4637 4558/4558
f 4599/4599 4639/4639 4640/4640
f 4590/4590 4728/4728 4589/4589
f 4728/4728 4590/4590 4729/4729
f 4637/4637 4620/4620 4639/4639
f 4620/4620 4640/4640 4639/4639
f 4729/4729 4580/4580 4728/4728
f 4580/4580 4729/4729 4578/4578
f 4727/4727 4589/4589 4728/4728
f 4578/4578 4577/4577 4580/4580
f 4577/4577 4578/4578 4579/4579
f 4636/4636 4728/4728 4580/4580
f 4728/4728 4636/4636 4727/4727
f 4635/4635 4580/4580 4577/4577
f 4580/4580 4635/4635 4636/4636
f 4579/4579 4572/4572 4577/4577
f 4572/4572 4579/4579 4571/4571
f 4577/4577 4634/4634 4635/4635
f 4634/4634 4577/4577 4572/4572
f 4571/4571 4545/4545 4572/4572
f 4545/4545 4571/4571 4543/4543
f 4572/4572 4633/4633 4634/4634
f 4633/4633 4572/4572 4545/4545
f 4543/4543 4542/4542 4545/4545
f 4542/4542 4543/4543 4544/4544
f 4545/4545 4632/4632 4633/4633
f 4632/4632 4545/4545 4542/4542
f 4544/4544 4533/4533 4542/4542
f 4533/4533 4544/4544 4531/4531
f 4542/4542 4631/4631 4632/4632
f 4631/4631 4542/4542 4533/4533
f 4531/4531 4530/4530 4533/4533
f 4530/4530 4531/4531 4532/4532
f 4533/4533 4630/4630 4631/4631
f 4630/4630 4533/4533 4530/4530
f 4532/4532 4643/4643 4530/4530
f 4643/4643 4532/4532 4644/4644
f 4530/4530 4681/4681 4630/4630
f 4681/4681 4530/4530 4643/4643
f 4644/4644 4645/4645 4643/4643
f 4645/4645 4644/4644 4646/4646
f 4643/4643 4680/4680 4681/4681
f 4680/4680 4643/4643 4645/4645
f 4646/4646 4647/4647 4645/4645
f 4647/4647 4646/4646 4648/4648
f 4649/4649 4647/4647 4648/4648
f 4682/4682 4645/4645 4647/4647
f 4645/4645 4682/4682 4680/4680
f 4647/4647 4649/4649 4650/4650
f 4650/4650 4682/4682 4647/4647
f 4650/4650 4649/4649 4651/4651
f 4649/4649 4652/4652 4651/4651
f 4682/4682 4650/4650 4683/4683
f 4651/4651 4683/4683 4650/4650
f 4689/4689 4680/4680 4682/4682
f 4683/4683 4689/4689 4682/4682
f 4651/4651 4652/4652 4653/4653
f 4652/4652 4654/4654 4653/4653
f 4683/4683 4651/4651 4516/4516
f 4653/4653 4516/4516 4651/4651
f 4689/4689 4683/4683 4688/4688
f 4516/4516 4688/4688 4683/4683
f 4680/4680 4689/4689 4694/4694
f 4694/4694 4681/4681 4680/4680
f 4688/4688 4690/4690 4689/4689
f 4690/4690 4694/4694 4689/4689
f 4681/4681 4694/4694 4695/4695
f 4695/4695 4630/4630 4681/4681
f 4690/4690 4696/4696 4694/4694
f 4696/4696 4695/4695 4694/4694
f 4630/4630 4695/4695 4612/4612
f 4612/4612 4631/4631 4630/4630
f 4695/4695 4696/4696 4697/4697
f 4697/4697 4612/4612 4695/4695
f 4631/4631 4612/4612 4611/4611
f 4611/4611 4632/4632 4631/4631
f 4612/4612 4697/4697 4536/4536
f 4536/4536 4611/4611 4612/4612
f 4632/4632 4611/4611 4613/4613
f 4613/4613 4633/4633 4632/4632
f 4611/4611 4536/4536 4535/4535
f 4535/4535 4613/4613 4611/4611
f 4633/4633 4613/4613 4614/4614
f 4614/4614 4634/4634 4633/4633
f 4613/4613 4535/4535 4547/4547
f 4547/4547 4614/4614 4613/4613
f 4634/4634 4614/4614 4615/4615
f 4615/4615 4635/4635 4634/4634
f 4614/4614 4547/4547 4549/4549
f 4549/4549 4615/4615 4614/4614
f 4537/4537 4547/4547 4535/4535
f 4635/4635 4615/4615 4616/4616
f 4535/4535 4534/4534 4537/4537
f 4534/4534 4535/4535 4536/4536
f 4617/4617 4635/4635 4616/4616
f 4635/4635 4617/4617 4636/4636
f 4536/4536 4699/4699 4534/4534
f 4699/4699 4536/4536 4697/4697
f 4726/4726 4636/4636 4617/4617
f 4636/4636 4726/4726 4727/4727
f 4697/4697 4698/4698 4699/4699
f 4698/4698 4697/4697 4696/4696
f 4696/4696 4691/4691 4698/4698
f 4691/4691 4696/4696 4690/4690
f 4700/4700 4699/4699 4698/4698
f 4691/4691 4700/4700 4698/4698
f 4699/4699 4700/4700 4701/4701
f 4686/4686 4691/4691 4690/4690
f 4539/4539 4699/4699 4701/4701
f 4699/4699 4539/4539 4534/4534
f 4700/4700 4693/4693 4701/4701
f 4538/4538 4534/4534 4539/4539
f 4534/4534 4538/4538 4537/4537
f 4701/4701 4541/4541 4539/4539
f 4541/4541 4701/4701 4693/4693
f 4539/4539 4540/4540 4538/4538
f 4540/4540 4539/4539 4541/4541
f 4538/4538 4548/4548 4537/4537
f 4547/4547 4537/4537 4548/4548
f 4548/4548 4538/4538 4550/4550
f 4540/4540 4550/4550 4538/4538
f 4546/4546 4547/4547 4548/4548
f 4548/4548 4550/4550 4546/4546
f 4547/4547 4546/4546 4549/4549
f 4550/4550 4540/4540 4552/4552
f 4546/4546 4550/4550 4551/4551
f 4550/4550 4552/4552 4551/4551
f 4573/4573 4549/4549 4546/4546
f 4546/4546 4551/4551 4573/4573
f 4549/4549 4573/4573 4574/4574
f 4615/4615 4549/4549 4574/4574
f 4573/4573 4551/4551 4575/4575
f 4582/4582 4615/4615 4574/4574
f 4615/4615 4582/4582 4616/4616
f 4583/4583 4574/4574 4573/4573
f 4574/4574 4583/4583 4582/4582
f 4573/4573 4575/4575 4583/4583
f 4584/4584 4616/4616 4582/4582
f 4616/4616 4584/4584 4617/4617
f 4581/4581 4582/4582 4583/4583
f 4582/4582 4581/4581 4584/4584
f 4725/4725 4617/4617 4584/4584
f 4617/4617 4725/4725 4726/4726
f 4724/4724 4584/4584 4581/4581
f 4584/4584 4724/4724 4725/4725
f 4583/4583 4585/4585 4581/4581
f 4583/4583 4575/4575 4585/4585
f 4581/4581 4586/4586 4724/4724
f 4581/4581 4585/4585 4586/4586
f 4592/4592 4725/4725 4724/4724
f 4724/4724 4586/4586 4723/4723
f 4724/4724 4723/4723 4592/4592
f 4585/4585 4587/4587 4586/4586
f 4725/4725 4592/4592 4591/4591
f 4591/4591 4726/4726 4725/4725
f 4585/4585 4576/4576 4587/4587
f 4575/4575 4576/4576 4585/4585
f 4726/4726 4591/4591 4618/4618
f 4618/4618 4727/4727 4726/4726
f 4575/4575 4553/4553 4576/4576
f 4551/4551 4553/4553 4575/4575
f 4551/4551 4552/4552 4553/4553
f 4727/4727 4618/4618 4638/4638
f 4589/4589 4727/4727 4638/4638
f 4637/4637 4589/4589 4638/4638
f 4638/4638 4619/4619 4637/4637
f 4619/4619 4638/4638 4618/4618
f 4620/4620 4637/4637 4619/4619
f 4618/4618 4564/4564 4619/4619
f 4564/4564 4618/4618 4591/4591
f 4619/4619 4562/4562 4620/4620
f 4562/4562 4619/4619 4564/4564
f 4591/4591 4563/4563 4564/4564
f 4562/4562 4564/4564 4563/4563
f 4563/4563 4591/4591 4592/4592
f 4562/4562 4621/4621 4620/4620
f 4640/4640 4620/4620 4621/4621
f 4592/4592 4593/4593 4563/4563
f 4592/4592 4723/4723 4593/4593
f 4561/4561 4562/4562 4563/4563
f 4723/4723 4722/4722 4593/4593
f 4561/4561 4601/4601 4562/4562
f 4562/4562 4601/4601 4621/4621
f 4723/4723 4588/4588 4722/4722
f 4586/4586 4588/4588 4723/4723
f 4586/4586 4587/4587 4588/4588
f 4587/4587 4596/4596 4588/4588
f 4588/4588 4597/4597 4722/4722
f 4588/4588 4596/4596 4597/4597
f 4587/4587 4598/4598 4596/4596
f 4576/4576 4598/4598 4587/4587
f 4596/4596 4506/4506 4597/4597
f 4598/4598 4506/4506 4596/4596
f 4576/4576 4555/4555 4598/4598
f 4553/4553 4555/4555 4576/4576
f 4506/4506 4598/4598 4504/4504
f 4555/4555 4504/4504 4598/4598
f 4553/4553 4554/4554 4555/4555
f 4552/4552 4554/4554 4553/4553
f 4540/4540 4554/4554 4552/4552
f 4504/4504 4555/4555 4505/4505
f 4554/4554 4505/4505 4555/4555
f 4554/4554 4540/4540 4556/4556
f 4541/4541 4556/4556 4540/4540
f 4505/4505 4554/4554 4523/4523
f 4556/4556 4523/4523 4554/4554
f 4418/4418 4504/4504 4505/4505
f 4523/4523 4418/4418 4505/4505
f 4556/4556 4541/4541 4557/4557
f 4693/4693 4557/4557 4541/4541
f 4523/4523 4556/4556 4522/4522
f 4557/4557 4522/4522 4556/4556
f 4522/4522 4416/4416 4523/4523
f 4418/4418 4523/4523 4416/4416
f 4522/4522 4557/4557 4521/4521
f 4504/4504 4418/4418 4421/4421
f 4421/4421 4506/4506 4504/4504
f 4557/4557 4693/4693 4684/4684
f 4684/4684 4521/4521 4557/4557
f 4693/4693 4692/4692 4684/4684
f 4693/4693 4700/4700 4692/4692
f 4700/4700 4691/4691 4692/4692
f 4685/4685 4692/4692 4691/4691
f 4692/4692 4685/4685 4684/4684
f 4691/4691 4686/4686 4685/4685
f 4684/4684 4685/4685 4520/4520
f 4521/4521 4684/4684 4520/4520
f 4519/4519 4685/4685 4686/4686
f 4685/4685 4519/4519 4520/4520
f 4521/4521 4439/4439 4522/4522
f 4416/4416 4522/4522 4439/4439
f 4521/4521 4520/4520 4442/4442
f 4439/4439 4521/4521 4442/4442
f 4520/4520 4519/4519 4458/4458
f 4520/4520 4458/4458 4442/4442
f 4439/4439 4419/4419 4416/4416
f 4442/4442 4440/4440 4439/4439
f 4419/4419 4439/4439 4440/4440
f 4456/4456 4442/4442 4458/4458
f 4440/4440 4442/4442 4443/4443
f 4442/4442 4456/4456 4443/4443
f 4441/4441 4419/4419 4440/4440
f 4440/4440 4443/4443 4441/4441
f 4417/4417 4416/4416 4419/4419
f 4416/4416 4417/4417 4418/4418
f 4419/4419 4441/4441 4424/4424
f 4424/4424 4417/4417 4419/4419
f 4443/4443 4849/4849 4441/4441
f 4420/4420 4418/4418 4417/4417
f 4418/4418 4420/4420 4421/4421
f 4443/4443 4452/4452 4849/4849
f 4452/4452 4443/4443 4456/4456
f 4420/4420 4355/4355 4421/4421
f 4506/4506 4421/4421 4355/4355
f 4417/4417 4422/4422 4420/4420
f 4355/4355 4507/4507 4506/4506
f 4597/4597 4506/4506 4507/4507
f 4355/4355 4420/4420 4353/4353
f 4422/4422 4353/4353 4420/4420
f 4507/4507 4355/4355 4352/4352
f 4353/4353 4352/4352 4355/4355
f 4597/4597 4507/4507 4721/4721
f 4722/4722 4597/4597 4721/4721
f 4352/4352 4720/4720 4507/4507
f 4721/4721 4507/4507 4720/4720
f 4722/4722 4721/4721 4594/4594
f 4593/4593 4722/4722 4594/4594
f 4720/4720 4595/4595 4721/4721
f 4594/4594 4721/4721 4595/4595
f 4593/4593 4594/4594 4566/4566
f 4563/4563 4593/4593 4566/4566
f 4566/4566 4594/4594 4567/4567
f 4594/4594 4595/4595 4567/4567
f 4565/4565 4563/4563 4566/4566
f 4566/4566 4567/4567 4565/4565
f 4563/4563 4565/4565 4561/4561
f 4567/4567 4595/4595 4569/4569
f 4565/4565 4567/4567 4568/4568
f 4569/4569 4568/4568 4567/4567
f 4595/4595 4720/4720 4501/4501
f 4501/4501 4569/4569 4595/4595
f 4719/4719 4501/4501 4720/4720
f 4720/4720 4352/4352 4719/4719
f 4569/4569 4501/4501 4500/4500
f 4354/4354 4719/4719 4352/4352
f 4352/4352 4353/4353 4354/4354
f 4501/4501 4719/4719 4323/4323
f 4323/4323 4500/4500 4501/4501
f 4719/4719 4354/4354 4718/4718
f 4718/4718 4323/4323 4719/4719
f 4356/4356 4354/4354 4353/4353
f 4353/4353 4422/4422 4356/4356
f 4357/4357 4718/4718 4354/4354
f 4354/4354 4356/4356 4357/4357
f 4323/4323 4718/4718 4322/4322
f 4718/4718 4357/4357 4717/4717
f 4717/4717 4322/4322 4718/4718
f 4351/4351 4357/4357 4356/4356
f 4350/4350 4717/4717 4357/4357
f 4357/4357 4351/4351 4350/4350
f 4365/4365 4356/4356 4422/4422
f 4356/4356 4365/4365 4351/4351
f 4423/4423 4365/4365 4422/4422
f 4422/4422 4417/4417 4423/4423
f 4417/4417 4424/4424 4423/4423
f 4364/4364 4351/4351 4365/4365
f 4425/4425 4423/4423 4424/4424
f 4365/4365 4423/4423 4369/4369
f 4423/4423 4425/4425 4369/4369
f 4368/4368 4365/4365 4369/4369
f 4365/4365 4368/4368 4364/4364
f 4369/4369 4425/4425 4366/4366
f 4368/4368 4369/4369 4366/4366
f 4366/4366 4425/4425 4426/4426
f 4366/4366 4367/4367 4368/4368
f 4425/4425 4427/4427 4426/4426
f 4370/4370 4368/4368 4367/4367
f 4427/4427 4425/4425 4428/4428
f 4424/4424 4428/4428 4425/4425
f 4428/4428 4424/4424 4441/4441
f 4428/4428 4430/4430 4427/4427
f 4441/4441 4849/4849 4428/4428
f 4430/4430 4428/4428 4431/4431
f 4849/4849 4431/4431 4428/4428
f 4429/4429 4430/4430 4431/4431
f 4849/4849 4454/4454 4431/4431
f 4431/4431 4432/4432 4429/4429
f 4431/4431 4454/4454 4432/4432
f 4437/4437 4429/4429 4432/4432
f 4454/4454 4849/4849 4452/4452
f 4432/4432 4438/4438 4437/4437
f 4454/4454 4444/4444 4432/4432
f 4432/4432 4444/4444 4438/4438
f 4452/4452 4453/4453 4454/4454
f 4436/4436 4437/4437 4438/4438
f 4437/4437 4436/4436 4435/4435
f 4453/4453 4452/4452 4455/4455
f 4456/4456 4455/4455 4452/4452
f 4447/4447 4454/4454 4453/4453
f 4454/4454 4447/4447 4444/4444
f 4455/4455 4456/4456 4457/4457
f 4446/4446 4444/4444 4447/4447
f 4459/4459 4457/4457 4456/4456
f 4458/4458 4459/4459 4456/4456
f 4519/4519 4459/4459 4458/4458
f 4444/4444 4446/4446 4445/4445
f 4444/4444 4445/4445 4438/4438
f 4519/4519 4518/4518 4459/4459
f 4686/4686 4518/4518 4519/4519
f 4449/4449 4438/4438 4445/4445
f 4438/4438 4449/4449 4436/4436
f 4518/4518 4686/4686 4687/4687
f 4690/4690 4687/4687 4686/4686
f 4690/4690 4688/4688 4687/4687
f 4515/4515 4687/4687 4688/4688
f 4688/4688 4516/4516 4515/4515
f 4687/4687 4517/4517 4518/4518
f 4687/4687 4515/4515 4517/4517
f 4483/4483 4515/4515 4516/4516
f 4516/4516 4653/4653 4483/4483
f 4515/4515 4483/4483 4480/4480
f 4480/4480 4517/4517 4515/4515
f 4483/4483 4653/4653 4481/4481
f 4481/4481 4480/4480 4483/4483
f 4461/4461 4518/4518 4517/4517
f 4518/4518 4461/4461 4459/4459
f 4517/4517 4480/4480 4471/4471
f 4517/4517 4471/4471 4461/4461
f 4482/4482 4471/4471 4480/4480
f 4480/4480 4481/4481 4482/4482
f 4470/4470 4461/4461 4471/4471
f 4471/4471 4482/4482 4470/4470
f 4460/4460 4459/4459 4461/4461
f 4461/4461 4470/4470 4460/4460
f 4459/4459 4460/4460 4457/4457
f 4485/4485 4470/4470 4482/4482
f 4462/4462 4457/4457 4460/4460
f 4457/4457 4462/4462 4455/4455
f 4472/4472 4460/4460 4470/4470
f 4460/4460 4472/4472 4462/4462
f 4470/4470 4485/4485 4472/4472
f 4463/4463 4455/4455 4462/4462
f 4455/4455 4463/4463 4453/4453
f 4473/4473 4462/4462 4472/4472
f 4462/4462 4473/4473 4463/4463
f 4472/4472 4485/4485 4473/4473
f 4465/4465 4453/4453 4463/4463
f 4453/4453 4465/4465 4447/4447
f 4475/4475 4463/4463 4473/4473
f 4463/4463 4475/4475 4465/4465
f 4485/4485 4486/4486 4473/4473
f 4473/4473 4486/4486 4475/4475
f 4464/4464 4447/4447 4465/4465
f 4447/4447 4464/4464 4446/4446
f 4474/4474 4465/4465 4475/4475
f 4465/4465 4474/4474 4464/4464
f 4486/4486 4488/4488 4475/4475
f 4475/4475 4488/4488 4474/4474
f 4485/4485 4484/4484 4486/4486
f 4482/4482 4484/4484 4485/4485
f 4484/4484 4482/4482 4481/4481
f 4486/4486 4487/4487 4488/4488
f 4484/4484 4487/4487 4486/4486
f 4481/4481 4655/4655 4484/4484
f 4653/4653 4655/4655 4481/4481
f 4653/4653 4654/4654 4655/4655
f 4654/4654 4656/4656 4655/4655
f 4655/4655 4657/4657 4484/4484
f 4655/4655 4656/4656 4657/4657
f 4484/4484 4657/4657 4487/4487
f 4656/4656 4658/4658 4657/4657
f 4657/4657 4658/4658 4659/4659
f 4657/4657 4659/4659 4487/4487
f 4658/4658 4660/4660 4659/4659
f 4664/4664 4659/4659 4660/4660
f 4659/4659 4664/4664 4661/4661
f 4661/4661 4487/4487 4659/4659
f 4662/4662 4661/4661 4664/4664
f 4487/4487 4661/4661 4489/4489
f 4487/4487 4489/4489 4488/4488
f 4661/4661 4662/4662 4663/4663
f 4663/4663 4489/4489 4661/4661
f 4665/4665 4663/4663 4662/4662
f 4488/4488 4489/4489 4490/4490
f 4488/4488 4490/4490 4474/4474
f 4489/4489 4663/4663 4491/4491
f 4489/4489 4491/4491 4490/4490
f 4663/4663 4665/4665 4666/4666
f 4666/4666 4491/4491 4663/4663
f 4667/4667 4666/4666 4665/4665
f 4474/4474 4490/4490 4476/4476
f 4476/4476 4464/4464 4474/4474
f 4666/4666 4667/4667 4668/4668
f 4669/4669 4668/4668 4667/4667
f 4491/4491 4666/4666 4493/4493
f 4668/4668 4493/4493 4666/4666
f 4490/4490 4491/4491 4492/4492
f 4491/4491 4493/4493 4492/4492
f 4490/4490 4492/4492 4476/4476
f 4668/4668 4669/4669 4670/4670
f 4671/4671 4670/4670 4669/4669
f 4493/4493 4668/4668 4495/4495
f 4670/4670 4495/4495 4668/4668
f 4492/4492 4493/4493 4494/4494
f 4493/4493 4495/4495 4494/4494
f 4670/4670 4671/4671 4672/4672
f 4673/4673 4672/4672 4671/4671
f 4495/4495 4670/4670 4497/4497
f 4672/4672 4497/4497 4670/4670
f 4672/4672 4673/4673 4674/4674
f 4675/4675 4674/4674 4673/4673
f 4497/4497 4672/4672 4499/4499
f 4674/4674 4499/4499 4672/4672
f 4495/4495 4497/4497 4496/4496
f 4494/4494 4495/4495 4496/4496
f 4497/4497 4499/4499 4498/4498
f 4496/4496 4497/4497 4498/4498
f 4499/4499 4674/4674 4395/4395
f 4395/4395 4498/4498 4499/4499
f 4674/4674 4675/4675 4676/4676
f 4676/4676 4395/4395 4674/4674
f 4677/4677 4676/4676 4675/4675
f 4498/4498 4395/4395 4394/4394
f 4676/4676 4677/4677 4678/4678
f 4677/4677 4679/4679 4678/4678
f 4395/4395 4676/4676 4209/4209
f 4209/4209 4394/4394 4395/4395
f 4676/4676 4678/4678 4207/4207
f 4209/4209 4676/4676 4207/4207
f 4678/4678 4679/4679 4525/4525
f 4207/4207 4678/4678 4525/4525
f 4744/4744 4525/4525 4679/4679
f 4207/4207 4208/4208 4209/4209
f 4394/4394 4209/4209 4208/4208
f 4525/4525 4744/4744 4741/4741
f 4742/4742 4741/4741 4744/4744
f 4741/4741 4742/4742 4743/4743
f 4207/4207 4525/4525 4524/4524
f 4741/4741 4524/4524 4525/4525
f 4743/4743 4745/4745 4741/4741
f 4524/4524 4741/4741 4745/4745
f 4745/4745 4743/4743 4746/4746
f 4210/4210 4207/4207 4524/4524
f 4208/4208 4207/4207 4210/4210
f 4746/4746 4747/4747 4745/4745
f 4747/4747 4746/4746 4748/4748
f 4747/4747 4748/4748 4750/4750
f 4745/4745 4526/4526 4524/4524
f 4526/4526 4745/4745 4747/4747
f 4749/4749 4747/4747 4750/4750
f 4749/4749 4750/4750 4752/4752
f 4747/4747 4527/4527 4526/4526
f 4527/4527 4747/4747 4749/4749
f 4212/4212 4524/4524 4526/4526
f 4524/4524 4212/4212 4210/4210
f 4215/4215 4526/4526 4527/4527
f 4526/4526 4215/4215 4212/4212
f 4749/4749 4528/4528 4527/4527
f 4751/4751 4749/4749 4752/4752
f 4528/4528 4749/4749 4751/4751
f 4751/4751 4752/4752 4754/4754
f 4217/4217 4527/4527 4528/4528
f 4527/4527 4217/4217 4215/4215
f 4751/4751 4529/4529 4528/4528
f 4753/4753 4751/4751 4754/4754
f 4529/4529 4751/4751 4753/4753
f 4754/4754 4755/4755 4753/4753
f 4755/4755 4754/4754 4756/4756
f 4753/4753 4415/4415 4529/4529
f 4415/4415 4753/4753 4755/4755
f 4393/4393 4528/4528 4529/4529
f 4528/4528 4393/4393 4217/4217
f 4391/4391 4529/4529 4415/4415
f 4529/4529 4391/4391 4393/4393
f 4755/4755 4414/4414 4415/4415
f 4414/4414 4391/4391 4415/4415
f 4756/4756 4739/4739 4755/4755
f 4414/4414 4755/4755 4739/4739
f 4739/4739 4756/4756 4740/4740
f 4736/4736 4739/4739 4740/4740
f 4391/4391 4390/4390 4393/4393
f 4390/4390 4217/4217 4393/4393
f 4739/4739 4736/4736 4731/4731
f 4390/4390 4216/4216 4217/4217
f 4216/4216 4215/4215 4217/4217
f 4736/4736 4732/4732 4731/4731
f 4732/4732 4736/4736 4737/4737
f 4215/4215 4216/4216 4214/4214
f 4214/4214 4212/4212 4215/4215
f 4737/4737 4734/4734 4732/4732
f 4734/4734 4737/4737 4738/4738
f 3570/3570 4734/4734 4738/4738
f 4212/4212 4214/4214 4211/4211
f 4211/4211 4210/4210 4212/4212
f 4734/4734 3570/3570 3565/3565
f 4210/4210 4211/4211 4213/4213
f 4210/4210 4213/4213 4208/4208
f 4398/4398 4211/4211 4214/4214
f 4397/4397 4208/4208 4213/4213
f 4208/4208 4397/4397 4394/4394
f 4498/4498 4394/4394 4397/4397
f 4396/4396 4213/4213 4211/4211
f 4213/4213 4396/4396 4397/4397
f 4211/4211 4398/4398 4396/4396
f 4479/4479 4498/4498 4397/4397
f 4496/4496 4498/4498 4479/4479
f 4469/4469 4397/4397 4396/4396
f 4397/4397 4469/4469 4479/4479
f 4478/4478 4496/4496 4479/4479
f 4494/4494 4496/4496 4478/4478
f 4468/4468 4479/4479 4469/4469
f 4479/4479 4468/4468 4478/4478
f 4396/4396 4403/4403 4469/4469
f 4403/4403 4396/4396 4398/4398
f 4469/4469 4407/4407 4468/4468
f 4407/4407 4469/4469 4403/4403
f 4477/4477 4494/4494 4478/4478
f 4492/4492 4494/4494 4477/4477
f 4476/4476 4492/4492 4477/4477
f 4467/4467 4478/4478 4468/4468
f 4478/4478 4467/4467 4477/4477
f 4477/4477 4466/4466 4476/4476
f 4466/4466 4477/4477 4467/4467
f 4464/4464 4476/4476 4466/4466
f 4466/4466 4446/4446 4464/4464
f 4446/4446 4466/4466 4448/4448
f 4467/4467 4448/4448 4466/4466
f 4448/4448 4445/4445 4446/4446
f 4445/4445 4448/4448 4449/4449
f 4448/4448 4467/4467 4451/4451
f 4451/4451 4449/4449 4448/4448
f 4468/4468 4451/4451 4467/4467
f 4451/4451 4468/4468 4407/4407
f 4449/4449 4451/4451 4450/4450
f 4407/4407 4450/4450 4451/4451
f 4450/4450 4436/4436 4449/4449
f 4450/4450 4407/4407 4406/4406
f 4403/4403 4406/4406 4407/4407
f 4436/4436 4450/4450 4433/4433
f 4406/4406 4433/4433 4450/4450
f 4433/4433 4435/4435 4436/4436
f 4435/4435 4433/4433 4434/4434
f 4406/4406 4403/4403 4402/4402
f 4398/4398 4402/4402 4403/4403
f 4433/4433 4406/4406 4404/4404
f 4433/4433 4404/4404 4434/4434
f 4402/4402 4404/4404 4406/4406
f 4404/4404 4405/4405 4434/4434
f 4402/4402 4398/4398 4399/4399
f 4214/4214 4399/4399 4398/4398
f 4399/4399 4214/4214 4216/4216
f 4404/4404 4402/4402 4401/4401
f 4404/4404 4401/4401 4405/4405
f 4399/4399 4401/4401 4402/4402
f 4401/4401 4400/4400 4405/4405
f 4385/4385 4399/4399 4216/4216
f 4401/4401 4399/4399 4385/4385
f 4401/4401 4385/4385 4400/4400
f 4385/4385 4216/4216 4390/4390
f 4382/4382 4400/4400 4385/4385
f 4392/4392 4385/4385 4390/4390
f 4390/4390 4391/4391 4392/4392
f 4383/4383 4382/4382 4385/4385
f 4385/4385 4392/4392 4383/4383
f 4382/4382 4383/4383 4384/4384
f 4389/4389 4392/4392 4391/4391
f 4391/4391 4414/4414 4389/4389
f 4381/4381 4384/4384 4383/4383
f 4384/4384 4381/4381 4380/4380
f 4392/4392 4222/4222 4383/4383
f 4222/4222 4381/4381 4383/4383
f 4392/4392 4389/4389 4223/4223
f 4222/4222 4392/4392 4223/4223
f 4388/4388 4223/4223 4389/4389
f 4388/4388 4389/4389 4414/4414
f 4221/4221 4222/4222 4223/4223
f 4223/4223 4388/4388 4221/4221
f 4388/4388 4414/4414 4412/4412
f 4739/4739 4412/4412 4414/4414
f 4412/4412 4739/4739 4731/4731
f 4387/4387 4221/4221 4388/4388
f 4387/4387 4388/4388 4412/4412
f 4730/4730 4412/4412 4731/4731
f 4732/4732 4730/4730 4731/4731
f 4387/4387 4412/4412 4413/4413
f 4412/4412 4730/4730 4413/4413
f 4730/4730 4732/4732 4733/4733
f 4734/4734 4733/4733 4732/4732
f 4730/4730 4705/4705 4413/4413
f 4733/4733 4734/4734 4735/4735
f 3565/3565 4735/4735 4734/4734
f 4733/4733 4704/4704 4730/4730
f 4705/4705 4730/4730 4704/4704
f 4735/4735 4703/4703 4733/4733
f 4704/4704 4733/4733 4703/4703
f 4706/4706 4413/4413 4705/4705
f 4706/4706 4387/4387 4413/4413
f 4704/4704 4411/4411 4705/4705
f 4706/4706 4219/4219 4387/4387
f 4221/4221 4387/4387 4219/4219
f 4386/4386 4706/4706 4705/4705
f 4386/4386 4705/4705 4411/4411
f 4219/4219 4706/4706 4707/4707
f 4386/4386 4707/4707 4706/4706
f 4219/4219 4218/4218 4221/4221
f 4222/4222 4221/4221 4218/4218
f 4707/4707 4220/4220 4219/4219
f 4218/4218 4219/4219 4220/4220
f 4218/4218 4359/4359 4222/4222
f 4381/4381 4222/4222 4359/4359
f 4220/4220 4336/4336 4218/4218
f 4359/4359 4218/4218 4336/4336
f 4359/4359 4379/4379 4381/4381
f 4379/4379 4380/4380 4381/4381
f 4380/4380 4379/4379 4378/4378
f 4336/4336 4358/4358 4359/4359
f 4379/4379 4359/4359 4358/4358
f 4377/4377 4378/4378 4379/4379
f 4378/4378 4377/4377 4376/4376
f 4360/4360 4379/4379 4358/4358
f 4379/4379 4360/4360 4377/4377
f 4375/4375 4376/4376 4377/4377
f 4375/4375 4374/4374 4376/4376
f 4361/4361 4377/4377 4360/4360
f 4361/4361 4375/4375 4377/4377
f 4372/4372 4374/4374 4375/4375
f 4372/4372 4373/4373 4374/4374
f 4362/4362 4375/4375 4361/4361
f 4362/4362 4372/4372 4375/4375
f 4373/4373 4372/4372 4371/4371
f 4370/4370 4373/4373 4371/4371
f 4368/4368 4370/4370 4371/4371
f 4371/4371 4364/4364 4368/4368
f 4372/4372 4363/4363 4371/4371
f 4364/4364 4371/4371 4363/4363
f 4363/4363 4372/4372 4362/4362
f 4363/4363 4349/4349 4364/4364
f 4351/4351 4364/4364 4349/4349
f 4349/4349 4350/4350 4351/4351
f 4362/4362 4347/4347 4363/4363
f 4349/4349 4363/4363 4347/4347
f 4350/4350 4349/4349 4346/4346
f 4347/4347 4346/4346 4349/4349
f 4347/4347 4362/4362 4345/4345
f 4361/4361 4345/4345 4362/4362
f 4346/4346 4347/4347 4348/4348
f 4345/4345 4348/4348 4347/4347
f 4346/4346 4716/4716 4350/4350
f 4717/4717 4350/4350 4716/4716
f 4345/4345 4361/4361 4343/4343
f 4343/4343 4361/4361 4360/4360
f 4716/4716 4324/4324 4717/4717
f 4322/4322 4717/4717 4324/4324
f 4716/4716 4346/4346 4715/4715
f 4348/4348 4715/4715 4346/4346
f 4324/4324 4716/4716 4325/4325
f 4715/4715 4325/4325 4716/4716
f 4324/4324 4275/4275 4322/4322
f 4715/4715 4348/4348 4714/4714
f 4325/4325 4274/4274 4324/4324
f 4275/4275 4324/4324 4274/4274
f 4325/4325 4715/4715 4326/4326
f 4714/4714 4326/4326 4715/4715
f 4274/4274 4325/4325 4273/4273
f 4326/4326 4273/4273 4325/4325
f 4344/4344 4714/4714 4348/4348
f 4348/4348 4345/4345 4344/4344
f 4343/4343 4344/4344 4345/4345
f 4326/4326 4714/4714 4334/4334
f 4714/4714 4344/4344 4713/4713
f 4713/4713 4334/4334 4714/4714
f 4344/4344 4343/4343 4342/4342
f 4342/4342 4713/4713 4344/4344
f 4334/4334 4319/4319 4326/4326
f 4273/4273 4326/4326 4319/4319
f 4334/4334 4713/4713 4332/4332
f 4319/4319 3918/3918 4273/4273
f 4319/4319 4334/4334 4327/4327
f 4332/4332 4327/4327 4334/4334
f 3918/3918 4319/4319 4121/4121
f 4327/4327 4121/4121 4319/4319
f 3920/3920 4273/4273 3918/3918
f 4273/4273 3920/3920 4274/4274
f 4121/4121 3919/3919 3918/3918
f 3922/3922 4274/4274 3920/3920
f 4274/4274 3922/3922 4275/4275
f 3918/3918 3917/3917 3920/3920
f 3917/3917 3918/3918 3919/3919
f 3920/3920 3921/3921 3922/3922
f 3921/3921 3920/3920 3917/3917
f 3922/3922 3924/3924 4275/4275
f 3923/3923 3922/3922 3921/3921
f 3922/3922 3923/3923 3924/3924
f 3917/3917 3974/3974 3921/3921
f 3921/3921 3976/3976 3923/3923
f 3976/3976 3921/3921 3974/3974
f 3974/3974 3917/3917 3973/3973
f 3919/3919 3973/3973 3917/3917
f 3974/3974 3975/3975 3976/3976
f 3973/3973 3972/3972 3974/3974
f 3975/3975 3974/3974 3972/3972
f 3973/3973 3919/3919 3984/3984
f 3972/3972 3973/3973 3970/3970
f 3984/3984 3970/3970 3973/3973
f 3972/3972 3977/3977 3975/3975
f 3970/3970 3969/3969 3972/3972
f 3977/3977 3972/3972 3969/3969
f 3970/3970 3984/3984 3983/3983
f 3969/3969 3970/3970 3971/3971
f 3983/3983 3971/3971 3970/3970
f 3919/3919 3962/3962 3984/3984
f 3962/3962 3983/3983 3984/3984
f 3962/3962 3919/3919 4120/4120
f 3919/3919 4121/4121 4120/4120
f 3983/3983 3962/3962 3960/3960
f 4119/4119 4120/4120 4121/4121
f 4121/4121 4327/4327 4119/4119
f 4122/4122 3962/3962 4120/4120
f 4120/4120 4119/4119 4122/4122
f 3962/3962 4122/4122 3961/3961
f 3961/3961 3960/3960 3962/3962
f 4119/4119 4192/4192 4122/4122
f 4122/4122 4146/4146 3961/3961
f 4122/4122 4192/4192 4146/4146
f 3960/3960 3961/3961 3959/3959
f 3961/3961 4146/4146 3959/3959
f 4119/4119 4195/4195 4192/4192
f 4327/4327 4195/4195 4119/4119
f 4194/4194 4146/4146 4192/4192
f 4327/4327 4331/4331 4195/4195
f 4193/4193 4192/4192 4195/4195
f 4192/4192 4193/4193 4194/4194
f 4331/4331 4193/4193 4195/4195
f 4327/4327 4332/4332 4331/4331
f 4191/4191 4194/4194 4193/4193
f 4193/4193 4331/4331 4330/4330
f 4193/4193 4329/4329 4191/4191
f 4329/4329 4193/4193 4330/4330
f 4194/4194 4191/4191 4190/4190
f 4331/4331 4306/4306 4330/4330
f 4190/4190 4145/4145 4194/4194
f 4145/4145 4146/4146 4194/4194
f 4331/4331 4199/4199 4306/4306
f 4332/4332 4199/4199 4331/4331
f 4145/4145 3968/3968 4146/4146
f 3968/3968 3959/3959 4146/4146
f 4199/4199 4332/4332 4333/4333
f 3959/3959 3968/3968 3955/3955
f 4332/4332 4712/4712 4333/4333
f 4712/4712 4332/4332 4713/4713
f 4713/4713 4342/4342 4712/4712
f 4712/4712 4286/4286 4333/4333
f 4342/4342 4711/4711 4712/4712
f 4286/4286 4712/4712 4711/4711
f 4197/4197 4333/4333 4286/4286
f 4333/4333 4197/4197 4199/4199
f 4711/4711 4272/4272 4286/4286
f 4286/4286 4171/4171 4197/4197
f 4171/4171 4286/4286 4272/4272
f 4197/4197 4196/4196 4199/4199
f 4171/4171 4198/4198 4197/4197
f 4196/4196 4197/4197 4198/4198
f 4199/4199 4196/4196 4305/4305
f 4199/4199 4305/4305 4306/4306
f 4198/4198 4061/4061 4196/4196
f 4140/4140 4305/4305 4196/4196
f 4061/4061 4140/4140 4196/4196
f 4306/4306 4305/4305 4304/4304
f 4305/4305 4140/4140 4183/4183
f 4305/4305 4183/4183 4304/4304
f 4306/4306 4304/4304 4303/4303
f 4303/4303 4330/4330 4306/4306
f 4330/4330 4303/4303 4329/4329
f 4303/4303 4304/4304 4302/4302
f 4301/4301 4329/4329 4303/4303
f 4303/4303 4302/4302 4301/4301
f 4329/4329 4301/4301 4328/4328
f 4328/4328 4191/4191 4329/4329
f 4304/4304 3992/3992 4302/4302
f 4304/4304 4183/4183 3992/3992
f 4191/4191 4328/4328 4170/4170
f 4170/4170 4190/4190 4191/4191
f 4299/4299 4328/4328 4301/4301
f 4206/4206 4170/4170 4328/4328
f 4328/4328 4299/4299 4206/4206
f 4190/4190 4170/4170 4167/4167
f 4301/4301 4300/4300 4299/4299
f 4300/4300 4301/4301 4302/4302
f 4167/4167 4182/4182 4190/4190
f 4145/4145 4190/4190 4182/4182
f 4302/4302 3994/3994 4300/4300
f 3994/3994 4302/4302 3992/3992
f 4182/4182 3967/3967 4145/4145
f 3967/3967 3968/3968 4145/4145
f 3992/3992 3991/3991 3994/3994
f 3967/3967 3964/3964 3968/3968
f 3964/3964 3955/3955 3968/3968
f 3991/3991 3992/3992 3993/3993
f 4183/4183 3993/3993 3992/3992
f 4183/4183 4184/4184 3993/3993
f 4184/4184 4183/4183 4140/4140
f 3993/3993 4095/4095 3991/3991
f 4139/4139 4184/4184 4140/4140
f 4061/4061 4139/4139 4140/4140
f 4184/4184 4096/4096 3993/3993
f 3993/3993 4096/4096 4095/4095
f 4184/4184 4185/4185 4096/4096
f 4185/4185 4184/4184 4139/4139
f 4094/4094 4095/4095 4096/4096
f 4185/4185 4094/4094 4096/4096
f 4139/4139 4061/4061 4058/4058
f 4139/4139 4142/4142 4185/4185
f 4058/4058 4142/4142 4139/4139
f 4142/4142 4186/4186 4185/4185
f 4185/4185 4186/4186 4094/4094
f 4059/4059 4058/4058 4061/4061
f 4061/4061 4198/4198 4059/4059
f 4142/4142 4058/4058 4093/4093
f 4173/4173 4059/4059 4198/4198
f 4198/4198 4171/4171 4173/4173
f 4058/4058 4059/4059 4060/4060
f 4060/4060 4093/4093 4058/4058
f 4059/4059 4173/4173 4062/4062
f 4062/4062 4060/4060 4059/4059
f 4093/4093 4141/4141 4142/4142
f 4186/4186 4142/4142 4141/4141
f 4093/4093 4060/4060 4091/4091
f 4141/4141 4187/4187 4186/4186
f 4186/4186 4187/4187 4094/4094
f 4141/4141 4093/4093 4090/4090
f 4091/4091 4090/4090 4093/4093
f 4187/4187 4141/4141 4143/4143
f 4090/4090 4143/4143 4141/4141
f 4064/4064 4091/4091 4060/4060
f 4060/4060 4062/4062 4064/4064
f 4090/4090 4091/4091 4092/4092
f 4143/4143 4090/4090 4104/4104
f 4092/4092 4104/4104 4090/4090
f 4091/4091 4064/4064 4089/4089
f 4089/4089 4092/4092 4091/4091
f 4104/4104 4144/4144 4143/4143
f 4144/4144 4187/4187 4143/4143
f 4104/4104 4092/4092 4105/4105
f 4092/4092 4089/4089 4088/4088
f 4088/4088 4105/4105 4092/4092
f 4064/4064 4086/4086 4089/4089
f 4086/4086 4088/4088 4089/4089
f 4105/4105 3880/3880 4104/4104
f 4144/4144 4104/4104 3880/3880
f 4105/4105 4088/4088 4106/4106
f 3880/3880 4105/4105 3882/3882
f 4106/4106 3882/3882 4105/4105
f 4088/4088 4086/4086 4085/4085
f 4085/4085 4106/4106 4088/4088
f 4086/4086 4064/4064 4063/4063
f 4062/4062 4063/4063 4064/4064
f 4084/4084 4085/4085 4086/4086
f 4063/4063 4084/4084 4086/4086
f 4063/4063 4062/4062 4065/4065
f 4173/4173 4065/4065 4062/4062
f 4084/4084 4063/4063 4066/4066
f 4065/4065 4066/4066 4063/4063
f 4065/4065 4173/4173 4172/4172
f 4171/4171 4172/4172 4173/4173
f 4066/4066 4065/4065 4067/4067
f 4172/4172 4067/4067 4065/4065
f 4172/4172 4171/4171 4174/4174
f 4272/4272 4174/4174 4171/4171
f 4067/4067 4172/4172 4175/4175
f 4174/4174 4175/4175 4172/4172
f 4067/4067 4137/4137 4066/4066
f 4174/4174 4272/4272 4271/4271
f 4175/4175 4138/4138 4067/4067
f 4137/4137 4067/4067 4138/4138
f 4175/4175 4174/4174 4176/4176
f 4271/4271 4176/4176 4174/4174
f 4138/4138 4175/4175 4177/4177
f 4176/4176 4177/4177 4175/4175
f 4710/4710 4271/4271 4272/4272
f 4272/4272 4711/4711 4710/4710
f 4176/4176 4271/4271 4269/4269
f 4341/4341 4710/4710 4711/4711
f 4711/4711 4342/4342 4341/4341
f 4271/4271 4710/4710 4709/4709
f 4709/4709 4269/4269 4271/4271
f 4710/4710 4341/4341 4339/4339
f 4339/4339 4709/4709 4710/4710
f 4342/4342 4340/4340 4341/4341
f 4340/4340 4339/4339 4341/4341
f 4340/4340 4342/4342 4343/4343
f 4343/4343 4360/4360 4340/4340
f 4358/4358 4340/4340 4360/4360
f 4340/4340 4358/4358 4338/4338
f 4339/4339 4340/4340 4338/4338
f 4358/4358 4336/4336 4338/4338
f 4338/4338 4337/4337 4339/4339
f 4337/4337 4338/4338 4336/4336
f 4709/4709 4339/4339 4337/4337
f 4336/4336 4220/4220 4337/4337
f 4337/4337 4708/4708 4709/4709
f 4708/4708 4337/4337 4220/4220
f 4269/4269 4709/4709 4708/4708
f 4220/4220 4707/4707 4708/4708
f 4270/4270 4708/4708 4707/4707
f 4708/4708 4270/4270 4269/4269
f 4707/4707 4386/4386 4270/4270
f 4178/4178 4269/4269 4270/4270
f 4269/4269 4178/4178 4176/4176
f 4177/4177 4176/4176 4178/4178
f 4316/4316 4270/4270 4386/4386
f 4270/4270 4316/4316 4178/4178
f 4316/4316 4386/4386 4411/4411
f 4178/4178 4315/4315 4177/4177
f 4315/4315 4178/4178 4316/4316
f 4316/4316 4411/4411 4314/4314
f 4315/4315 4316/4316 4314/4314
f 4410/4410 4314/4314 4411/4411
f 4411/4411 4704/4704 4410/4410
f 4703/4703 4410/4410 4704/4704
f 4068/4068 4177/4177 4315/4315
f 4177/4177 4068/4068 4138/4138
f 4410/4410 4703/4703 4409/4409
f 4070/4070 4138/4138 4068/4068
f 4138/4138 4070/4070 4137/4137
f 4314/4314 4410/4410 4312/4312
f 4409/4409 4312/4312 4410/4410
f 4314/4314 4313/4313 4315/4315
f 4313/4313 4314/4314 4312/4312
f 4315/4315 4071/4071 4068/4068
f 4071/4071 4315/4315 4313/4313
f 4069/4069 4068/4068 4071/4071
f 4068/4068 4069/4069 4070/4070
f 4313/4313 4073/4073 4071/4071
f 4312/4312 4309/4309 4313/4313
f 4073/4073 4313/4313 4309/4309
f 4310/4310 4309/4309 4312/4312
f 4312/4312 4409/4409 4310/4310
f 4311/4311 4073/4073 4309/4309
f 4309/4309 4310/4310 4311/4311
f 4075/4075 4071/4071 4073/4073
f 4071/4071 4075/4075 4069/4069
f 4073/4073 4311/4311 4074/4074
f 4073/4073 4072/4072 4075/4075
f 4072/4072 4073/4073 4074/4074
f 4077/4077 4069/4069 4075/4075
f 4078/4078 4075/4075 4072/4072
f 4075/4075 4078/4078 4077/4077
f 4069/4069 4077/4077 4082/4082
f 4082/4082 4070/4070 4069/4069
f 4076/4076 4077/4077 4078/4078
f 4070/4070 4082/4082 4083/4083
f 4083/4083 4137/4137 4070/4070
f 4079/4079 4082/4082 4077/4077
f 4077/4077 4076/4076 4079/4079
f 4137/4137 4083/4083 4136/4136
f 4136/4136 4066/4066 4137/4137
f 4066/4066 4136/4136 4084/4084
f 4136/4136 4087/4087 4084/4084
f 4085/4085 4084/4084 4087/4087
f 4083/4083 4135/4135 4136/4136
f 4087/4087 4136/4136 4135/4135
f 4087/4087 3867/3867 4085/4085
f 4106/4106 4085/4085 3867/3867
f 4135/4135 3865/3865 4087/4087
f 3867/3867 4087/4087 3865/3865
f 4135/4135 4083/4083 4081/4081
f 4082/4082 4081/4081 4083/4083
f 3867/3867 4111/4111 4106/4106
f 3882/3882 4106/4106 4111/4111
f 4080/4080 4081/4081 4082/4082
f 4082/4082 4079/4079 4080/4080
f 4081/4081 4134/4134 4135/4135
f 3865/3865 4135/4135 4134/4134
f 4080/4080 3864/3864 4081/4081
f 4134/4134 4081/4081 3864/3864
f 4079/4079 3863/3863 4080/4080
f 3863/3863 3864/3864 4080/4080
f 3860/3860 3863/3863 4079/4079
f 4076/4076 3860/3860 4079/4079
f 3863/3863 3862/3862 3864/3864
f 3864/3864 4132/4132 4134/4134
f 4132/4132 3864/3864 3862/3862
f 4134/4134 3868/3868 3865/3865
f 3868/3868 4134/4134 4132/4132
f 3865/3865 3866/3866 3867/3867
f 3866/3866 3865/3865 3868/3868
f 4111/4111 3867/3867 3866/3866
f 4132/4132 4114/4114 3868/3868
f 3868/3868 4113/4113 3866/3866
f 4113/4113 3868/3868 4114/4114
f 3866/3866 4112/4112 4111/4111
f 4112/4112 3866/3866 4113/4113
f 3881/3881 4111/4111 4112/4112
f 4111/4111 3881/3881 3882/3882
f 3881/3881 3880/3880 3882/3882
f 4112/4112 5055/5055 3881/3881
f 3879/3879 3880/3880 3881/3881
f 5055/5055 3879/3879 3881/3881
f 3879/3879 4144/4144 3880/3880
f 5055/5055 4112/4112 5056/5056
f 4113/4113 5056/5056 4112/4112
f 3879/3879 5055/5055 5075/5075
f 5056/5056 5075/5075 5055/5055
f 4189/4189 4144/4144 3879/3879
f 5075/5075 4189/4189 3879/3879
f 4144/4144 4189/4189 4188/4188
f 4188/4188 4187/4187 4144/4144
f 4189/4189 5075/5075 4108/4108
f 4108/4108 4188/4188 4189/4189
f 4187/4187 4188/4188 4102/4102
f 4102/4102 4094/4094 4187/4187
f 4188/4188 4108/4108 4107/4107
f 4107/4107 4102/4102 4188/4188
f 4094/4094 4102/4102 4103/4103
f 4102/4102 4107/4107 4103/4103
f 4094/4094 4103/4103 4097/4097
f 4095/4095 4094/4094 4097/4097
f 4107/4107 4110/4110 4103/4103
f 4095/4095 4097/4097 4099/4099
f 4107/4107 4109/4109 4110/4110
f 4107/4107 4108/4108 4109/4109
f 4097/4097 4103/4103 4101/4101
f 4097/4097 4101/4101 4099/4099
f 4103/4103 4110/4110 3875/3875
f 4103/4103 3875/3875 4101/4101
f 4110/4110 4109/4109 3878/3878
f 4110/4110 3878/3878 3875/3875
f 4108/4108 5070/5070 4109/4109
f 5070/5070 4108/4108 5075/5075
f 4109/4109 5069/5069 3878/3878
f 5069/5069 4109/4109 5070/5070
f 5073/5073 5070/5070 5075/5075
f 5075/5075 5056/5056 5073/5073
f 5074/5074 5069/5069 5070/5070
f 5070/5070 5073/5073 5074/5074
f 5071/5071 5073/5073 5056/5056
f 5071/5071 5072/5072 5073/5073
f 5072/5072 5074/5074 5073/5073
f 5032/5032 5071/5071 5056/5056
f 5056/5056 4113/4113 5032/5032
f 4114/4114 5032/5032 4113/4113
f 5072/5072 5068/5068 5074/5074
f 5069/5069 5074/5074 5068/5068
f 5068/5068 5072/5072 5067/5067
f 5068/5068 5077/5077 5069/5069
f 5077/5077 3878/3878 5069/5069
f 5067/5067 5066/5066 5068/5068
f 5077/5077 5068/5068 5066/5066
f 5066/5066 5067/5067 5065/5065
f 5077/5077 3876/3876 3878/3878
f 3876/3876 3875/3875 3878/3878
f 5066/5066 5078/5078 5077/5077
f 3876/3876 5077/5077 5078/5078
f 5065/5065 5064/5064 5066/5066
f 5078/5078 5066/5066 5064/5064
f 5064/5064 5065/5065 5063/5063
f 3875/3875 3876/3876 3877/3877
f 3877/3877 4101/4101 3875/3875
f 5078/5078 3874/3874 3876/3876
f 3874/3874 3877/3877 3876/3876
f 5064/5064 5079/5079 5078/5078
f 3874/3874 5078/5078 5079/5079
f 5063/5063 5062/5062 5064/5064
f 5079/5079 5064/5064 5062/5062
f 5062/5062 5063/5063 5061/5061
f 5079/5079 3873/3873 3874/3874
f 5061/5061 5059/5059 5062/5062
f 5059/5059 5061/5061 5057/5057
f 5062/5062 5080/5080 5079/5079
f 5080/5080 5062/5062 5059/5059
f 3873/3873 5079/5079 5080/5080
f 5057/5057 5058/5058 5059/5059
f 5058/5058 5057/5057 5060/5060
f 5059/5059 5076/5076 5080/5080
f 5076/5076 5059/5059 5058/5058
f 5060/5060 5021/5021 5058/5058
f 5021/5021 5060/5060 5022/5022
f 5005/5005 5021/5021 5022/5022
f 5024/5024 5058/5058 5021/5021
f 5058/5058 5024/5024 5076/5076
f 5003/5003 5021/5021 5005/5005
f 5003/5003 5024/5024 5021/5021
f 5004/5004 5003/5003 5005/5005
f 4335/4335 5080/5080 5076/5076
f 5080/5080 4335/4335 3873/3873
f 5002/5002 5003/5003 5004/5004
f 5007/5007 5002/5002 5004/5004
f 5024/5024 5003/5003 5023/5023
f 5002/5002 5023/5023 5003/5003
f 3779/3779 5076/5076 5024/5024
f 5023/5023 3779/3779 5024/5024
f 5076/5076 3779/3779 4335/4335
f 5006/5006 5002/5002 5007/5007
f 5009/5009 5006/5006 5007/5007
f 5023/5023 5002/5002 5028/5028
f 5006/5006 5028/5028 5002/5002
f 5008/5008 5006/5006 5009/5009
f 5011/5011 5008/5008 5009/5009
f 5028/5028 5006/5006 5027/5027
f 5008/5008 5027/5027 5006/5006
f 5028/5028 3133/3133 5023/5023
f 3779/3779 5023/5023 3133/3133
f 5010/5010 5008/5008 5011/5011
f 5013/5013 5010/5010 5011/5011
f 5027/5027 5008/5008 5026/5026
f 5010/5010 5026/5026 5008/5008
f 5012/5012 5010/5010 5013/5013
f 5013/5013 5017/5017 5012/5012
f 5026/5026 5010/5010 5025/5025
f 5012/5012 5025/5025 5010/5010
f 5026/5026 2664/2664 5027/5027
f 5019/5019 5012/5012 5017/5017
f 5025/5025 2666/2666 5026/5026
f 2666/2666 2664/2664 5026/5026
f 5025/5025 5012/5012 5015/5015
f 5019/5019 5015/5015 5012/5012
f 2667/2667 2666/2666 5025/5025
f 5015/5015 2667/2667 5025/5025
f 5017/5017 5016/5016 5019/5019
f 5016/5016 5017/5017 5018/5018
f 5014/5014 5015/5015 5019/5019
f 5019/5019 5016/5016 5014/5014
f 2667/2667 5015/5015 2898/2898
f 5014/5014 2898/2898 5015/5015
f 5018/5018 5001/5001 5016/5016
f 5001/5001 5018/5018 4974/4974
f 5020/5020 5014/5014 5016/5016
f 5016/5016 5001/5001 5020/5020
f 2898/2898 5014/5014 2899/2899
f 5020/5020 2899/2899 5014/5014
f 2900/2900 2667/2667 2898/2898
f 2897/2897 2898/2898 2899/2899
f 2898/2898 2897/2897 2900/2900
f 2667/2667 2900/2900 2665/2665
f 2665/2665 2666/2666 2667/2667
f 2897/2897 2892/2892 2900/2900
f 2892/2892 2665/2665 2900/2900
f 2666/2666 2665/2665 2668/2668
f 2668/2668 2664/2664 2666/2666
f 2665/2665 2892/2892 2891/2891
f 2891/2891 2668/2668 2665/2665
f 2892/2892 2897/2897 2893/2893
f 2664/2664 2668/2668 2660/2660
f 2984/2984 2893/2893 2897/2897
f 2897/2897 2899/2899 2984/2984
f 2668/2668 2891/2891 2890/2890
f 2890/2890 2660/2660 2668/2668
f 2985/2985 2984/2984 2899/2899
f 2899/2899 5020/5020 2985/2985
f 2984/2984 2985/2985 2940/2940
f 5020/5020 2671/2671 2985/2985
f 2671/2671 2940/2940 2985/2985
f 2671/2671 5020/5020 5000/5000
f 5000/5000 5020/5020 5001/5001
f 5000/5000 2669/2669 2671/2671
f 2902/2902 5000/5000 5001/5001
f 5000/5000 2902/2902 2669/2669
f 2902/2902 5001/5001 2903/2903
f 2903/2903 5001/5001 4974/4974
f 2669/2669 2670/2670 2671/2671
f 2671/2671 2670/2670 2940/2940
f 2902/2902 2901/2901 2669/2669
f 2670/2670 2669/2669 2672/2672
f 2669/2669 2901/2901 2672/2672
f 2655/2655 2902/2902 2903/2903
f 2902/2902 2655/2655 2901/2901
f 2895/2895 2670/2670 2672/2672
f 2896/2896 2672/2672 2901/2901
f 2672/2672 2896/2896 2895/2895
f 2657/2657 2901/2901 2655/2655
f 2901/2901 2657/2657 2896/2896
f 2670/2670 2895/2895 2894/2894
f 2670/2670 2894/2894 2940/2940
f 2878/2878 2895/2895 2896/2896
f 2881/2881 2894/2894 2895/2895
f 2895/2895 2878/2878 2881/2881
f 2894/2894 2939/2939 2940/2940
f 2896/2896 2874/2874 2878/2878
f 2874/2874 2896/2896 2657/2657
f 2894/2894 2880/2880 2939/2939
f 2894/2894 2881/2881 2880/2880
f 2983/2983 2940/2940 2939/2939
f 2940/2940 2983/2983 2984/2984
f 2893/2893 2984/2984 2983/2983
f 2880/2880 2937/2937 2939/2939
f 2939/2939 2937/2937 2983/2983
f 2983/2983 2886/2886 2893/2893
f 2886/2886 2892/2892 2893/2893
f 2937/2937 2982/2982 2983/2983
f 2886/2886 2983/2983 2982/2982
f 2937/2937 2880/2880 2883/2883
f 2892/2892 2886/2886 2887/2887
f 2887/2887 2891/2891 2892/2892
f 2937/2937 2938/2938 2982/2982
f 2883/2883 2938/2938 2937/2937
f 2891/2891 2887/2887 2889/2889
f 2889/2889 2890/2890 2891/2891
f 2938/2938 2981/2981 2982/2982
f 2981/2981 2886/2886 2982/2982
f 2885/2885 2889/2889 2887/2887
f 2886/2886 2885/2885 2887/2887
f 2886/2886 2981/2981 2884/2884
f 2884/2884 2885/2885 2886/2886
f 2935/2935 2981/2981 2938/2938
f 2980/2980 2884/2884 2981/2981
f 2981/2981 2935/2935 2980/2980
f 2783/2783 2885/2885 2884/2884
f 2884/2884 2980/2980 2783/2783
f 2848/2848 2935/2935 2938/2938
f 2938/2938 2883/2883 2848/2848
f 2936/2936 2980/2980 2935/2935
f 2935/2935 2848/2848 2851/2851
f 2851/2851 2936/2936 2935/2935
f 2849/2849 2848/2848 2883/2883
f 2980/2980 2936/2936 2979/2979
f 2979/2979 2783/2783 2980/2980
f 2848/2848 2849/2849 2850/2850
f 2850/2850 2851/2851 2848/2848
f 2883/2883 2882/2882 2849/2849
f 2880/2880 2882/2882 2883/2883
f 2880/2880 2881/2881 2882/2882
f 2881/2881 2879/2879 2882/2882
f 2879/2879 2881/2881 2878/2878
f 2882/2882 2854/2854 2849/2849
f 2854/2854 2882/2882 2879/2879
f 2878/2878 2876/2876 2879/2879
f 2876/2876 2854/2854 2879/2879
f 2876/2876 2878/2878 2874/2874
f 2853/2853 2849/2849 2854/2854
f 2849/2849 2853/2853 2850/2850
f 2854/2854 2876/2876 2852/2852
f 2852/2852 2853/2853 2854/2854
f 2874/2874 2875/2875 2876/2876
f 2875/2875 2852/2852 2876/2876
f 2875/2875 2874/2874 2877/2877
f 2657/2657 2877/2877 2874/2874
f 2852/2852 2875/2875 2856/2856
f 2877/2877 2657/2657 2656/2656
f 2655/2655 2656/2656 2657/2657
f 2875/2875 2877/2877 2932/2932
f 2932/2932 2856/2856 2875/2875
f 2877/2877 2656/2656 2931/2931
f 2932/2932 2877/2877 2931/2931
f 2656/2656 2655/2655 2658/2658
f 2655/2655 2903/2903 2658/2658
f 2931/2931 2656/2656 2930/2930
f 2656/2656 2658/2658 2930/2930
f 2904/2904 2658/2658 2903/2903
f 2903/2903 4974/4974 2904/2904
f 2930/2930 2658/2658 2928/2928
f 2658/2658 2904/2904 2928/2928
f 2904/2904 4974/4974 4972/4972
f 4974/4974 4973/4973 4972/4972
f 2928/2928 2904/2904 2929/2929
f 4972/4972 2929/2929 2904/2904
f 4971/4971 4972/4972 4973/4973
f 2929/2929 4972/4972 4999/4999
f 4972/4972 4971/4971 4999/4999
f 4973/4973 4975/4975 4971/4971
f 4975/4975 4999/4999 4971/4971
f 4975/4975 4973/4973 4976/4976
f 4977/4977 4975/4975 4976/4976
f 4999/4999 4975/4975 4998/4998
f 4975/4975 4977/4977 4978/4978
f 4978/4978 4998/4998 4975/4975
f 4977/4977 4979/4979 4978/4978
f 4979/4979 4977/4977 4980/4980
f 4998/4998 4978/4978 4997/4997
f 4979/4979 4997/4997 4978/4978
f 2673/2673 4999/4999 4998/4998
f 4997/4997 2673/2673 4998/4998
f 4999/4999 2673/2673 2929/2929
f 4980/4980 4981/4981 4979/4979
f 4981/4981 4980/4980 4982/4982
f 4997/4997 4979/4979 4996/4996
f 4981/4981 4996/4996 4979/4979
f 4997/4997 2674/2674 2673/2673
f 4996/4996 2674/2674 4997/4997
f 2673/2673 2652/2652 2929/2929
f 2928/2928 2929/2929 2652/2652
f 2674/2674 2653/2653 2673/2673
f 2652/2652 2673/2673 2653/2653
f 2654/2654 2928/2928 2652/2652
f 2930/2930 2928/2928 2654/2654
f 2651/2651 2652/2652 2653/2653
f 2652/2652 2651/2651 2654/2654
f 2871/2871 2930/2930 2654/2654
f 2931/2931 2930/2930 2871/2871
f 2872/2872 2654/2654 2651/2651
f 2654/2654 2872/2872 2871/2871
f 2873/2873 2931/2931 2871/2871
f 2932/2932 2931/2931 2873/2873
f 2870/2870 2871/2871 2872/2872
f 2871/2871 2870/2870 2873/2873
f 2651/2651 2869/2869 2872/2872
f 2869/2869 2870/2870 2872/2872
f 2933/2933 2932/2932 2873/2873
f 2856/2856 2932/2932 2933/2933
f 2861/2861 2873/2873 2870/2870
f 2861/2861 2933/2933 2873/2873
f 2869/2869 2651/2651 2650/2650
f 2653/2653 2650/2650 2651/2651
f 2869/2869 2868/2868 2870/2870
f 2650/2650 2653/2653 2648/2648
f 2674/2674 2648/2648 2653/2653
f 2650/2650 2866/2866 2869/2869
f 2866/2866 2868/2868 2869/2869
f 2648/2648 2647/2647 2650/2650
f 2866/2866 2650/2650 2647/2647
f 2648/2648 2674/2674 2675/2675
f 2674/2674 4996/4996 2675/2675
f 2647/2647 2648/2648 2649/2649
f 2675/2675 2649/2649 2648/2648
f 4995/4995 2675/2675 4996/4996
f 4996/4996 4981/4981 4995/4995
f 2649/2649 2675/2675 2676/2676
f 2675/2675 4995/4995 2676/2676
f 2649/2649 2921/2921 2647/2647
f 4983/4983 4995/4995 4981/4981
f 4982/4982 4983/4983 4981/4981
f 4983/4983 4982/4982 4984/4984
f 4995/4995 4983/4983 4994/4994
f 4994/4994 2676/2676 4995/4995
f 4984/4984 4985/4985 4983/4983
f 4985/4985 4984/4984 4986/4986
f 4983/4983 4993/4993 4994/4994
f 4993/4993 4983/4983 4985/4985
f 2676/2676 4994/4994 2917/2917
f 4993/4993 2917/2917 4994/4994
f 4986/4986 4987/4987 4985/4985
f 4987/4987 4986/4986 4988/4988
f 4985/4985 4989/4989 4993/4993
f 4989/4989 4985/4985 4987/4987
f 2917/2917 4993/4993 2915/2915
f 4989/4989 2915/2915 4993/4993
f 2914/2914 2676/2676 2917/2917
f 2915/2915 2914/2914 2917/2917
f 2676/2676 2914/2914 2649/2649
f 2921/2921 2649/2649 2914/2914
f 2913/2913 2914/2914 2915/2915
f 2915/2915 4989/4989 2913/2913
f 2914/2914 2919/2919 2921/2921
f 2914/2914 2913/2913 2916/2916
f 2919/2919 2914/2914 2916/2916
f 4989/4989 3206/3206 2913/2913
f 2916/2916 2913/2913 3206/3206
f 3206/3206 4989/4989 4990/4990
f 2916/2916 3206/3206 4124/4124
f 4989/4989 4991/4991 4990/4990
f 4991/4991 4989/4989 4987/4987
f 4988/4988 4991/4991 4987/4987
f 4991/4991 4988/4988 4992/4992
f 5046/5046 4991/4991 4992/4992
f 5047/5047 3206/3206 4990/4990
f 4991/4991 5047/5047 4990/4990
f 3206/3206 5047/5047 4124/4124
f 4991/4991 5046/5046 5045/5045
f 5047/5047 4991/4991 5045/5045
f 5044/5044 5045/5045 5046/5046
f 5045/5045 5044/5044 5043/5043
f 5043/5043 5047/5047 5045/5045
f 5042/5042 5043/5043 5044/5044
f 5047/5047 4125/4125 4124/4124
f 5043/5043 5042/5042 5041/5041
f 5040/5040 5041/5041 5042/5042
f 5047/5047 5043/5043 5048/5048
f 4125/4125 5047/5047 5048/5048
f 5041/5041 5048/5048 5043/5043
f 4123/4123 4124/4124 4125/4125
f 4124/4124 4123/4123 2916/2916
f 4123/4123 2919/2919 2916/2916
f 5048/5048 4126/4126 4125/4125
f 4125/4125 4126/4126 4123/4123
f 4126/4126 5048/5048 5049/5049
f 5048/5048 5041/5041 5049/5049
f 5049/5049 3886/3886 4126/4126
f 3886/3886 4123/4123 4126/4126
f 5041/5041 5050/5050 5049/5049
f 3886/3886 5049/5049 5050/5050
f 5041/5041 5040/5040 5039/5039
f 5050/5050 5041/5041 5039/5039
f 5038/5038 5039/5039 5040/5040
f 5050/5050 3885/3885 3886/3886
f 5039/5039 5038/5038 5037/5037
f 5039/5039 5051/5051 5050/5050
f 5051/5051 5039/5039 5037/5037
f 3885/3885 5050/5050 5051/5051
f 5035/5035 5037/5037 5038/5038
f 3885/3885 3859/3859 3886/3886
f 4123/4123 3886/3886 3859/3859
f 5037/5037 5035/5035 5036/5036
f 3859/3859 4128/4128 4123/4123
f 2919/2919 4123/4123 4128/4128
f 5052/5052 5037/5037 5036/5036
f 5037/5037 5052/5052 5051/5051
f 5035/5035 5034/5034 5036/5036
f 5034/5034 5035/5035 5033/5033
f 5033/5033 5029/5029 5034/5034
f 5036/5036 5053/5053 5052/5052
f 5053/5053 5036/5036 5034/5034
f 3884/3884 5051/5051 5052/5052
f 5051/5051 3884/3884 3885/3885
f 3883/3883 5052/5052 5053/5053
f 5052/5052 3883/3883 3884/3884
f 5034/5034 5054/5054 5053/5053
f 5054/5054 3883/3883 5053/5053
f 5031/5031 5034/5034 5029/5029
f 5054/5054 5034/5034 5031/5031
f 5029/5029 5030/5030 5031/5031
f 5030/5030 5054/5054 5031/5031
f 5030/5030 5029/5029 5032/5032
f 5032/5032 4114/4114 5030/5030
f 5054/5054 5030/5030 4133/4133
f 4114/4114 4133/4133 5030/5030
f 4133/4133 3883/3883 5054/5054
f 4114/4114 4132/4132 4133/4133
f 3862/3862 4133/4133 4132/4132
f 4133/4133 3862/3862 3883/3883
f 3861/3861 3883/3883 3862/3862
f 3883/3883 3861/3861 3884/3884
f 3861/3861 3862/3862 3863/3863
f 3860/3860 3861/3861 3863/3863
f 3857/3857 3884/3884 3861/3861
f 3857/3857 3861/3861 3860/3860
f 3885/3885 3884/3884 3857/3857
f 3859/3859 3885/3885 3857/3857
f 3858/3858 3857/3857 3860/3860
f 3857/3857 3858/3858 3859/3859
f 3860/3860 4076/4076 3858/3858
f 4128/4128 3859/3859 3858/3858
f 4127/4127 3858/3858 4076/4076
f 3858/3858 4127/4127 4128/4128
f 4078/4078 4127/4127 4076/4076
f 4127/4127 2919/2919 4128/4128
f 4127/4127 4078/4078 4129/4129
f 4072/4072 4129/4129 4078/4078
f 2919/2919 4127/4127 2920/2920
f 4129/4129 2920/2920 4127/4127
f 2918/2918 2919/2919 2920/2920
f 2919/2919 2918/2918 2921/2921
f 2918/2918 2647/2647 2921/2921
f 2647/2647 2918/2918 2866/2866
f 2918/2918 2867/2867 2866/2866
f 2866/2866 2867/2867 2868/2868
f 2920/2920 2922/2922 2918/2918
f 2867/2867 2918/2918 2922/2922
f 2920/2920 4129/4129 2923/2923
f 2922/2922 2920/2920 2923/2923
f 4130/4130 2923/2923 4129/4129
f 4129/4129 4072/4072 4130/4130
f 2923/2923 2924/2924 2922/2922
f 4072/4072 4131/4131 4130/4130
f 4131/4131 4072/4072 4074/4074
f 2923/2923 4130/4130 2927/2927
f 2924/2924 2923/2923 2927/2927
f 4130/4130 2925/2925 2927/2927
f 2925/2925 2924/2924 2927/2927
f 2925/2925 4130/4130 4131/4131
f 2864/2864 2922/2922 2924/2924
f 2922/2922 2864/2864 2867/2867
f 2924/2924 2925/2925 2926/2926
f 2926/2926 2864/2864 2924/2924
f 4131/4131 3106/3106 2925/2925
f 3106/3106 2926/2926 2925/2925
f 4074/4074 4307/4307 4131/4131
f 3106/3106 4131/4131 4307/4307
f 4307/4307 4074/4074 4311/4311
f 2926/2926 3106/3106 3103/3103
f 4311/4311 4308/4308 4307/4307
f 4308/4308 4311/4311 4310/4310
f 4307/4307 3104/3104 3106/3106
f 3104/3104 4307/4307 4308/4308
f 3104/3104 3103/3103 3106/3106
f 4310/4310 4408/4408 4308/4308
f 4408/4408 4310/4310 4409/4409
f 4308/4308 3207/3207 3104/3104
f 3207/3207 4308/4308 4408/4408
f 3103/3103 3104/3104 3105/3105
f 3207/3207 3105/3105 3104/3104
f 4409/4409 4702/4702 4408/4408
f 4702/4702 4409/4409 4703/4703
f 4703/4703 4735/4735 4702/4702
f 4408/4408 3530/3530 3207/3207
f 3530/3530 4408/4408 4702/4702
f 3566/3566 4702/4702 4735/4735
f 4702/4702 3566/3566 3530/3530
f 4735/4735 3565/3565 3566/3566
f 3530/3530 3208/3208 3207/3207
f 3105/3105 3207/3207 3208/3208
f 3566/3566 3531/3531 3530/3530
f 3208/3208 3530/3530 3531/3531
f 3565/3565 3564/3564 3566/3566
f 3531/3531 3566/3566 3564/3564
f 3208/3208 3108/3108 3105/3105
f 3531/3531 3209/3209 3208/3208
f 3108/3108 3208/3208 3209/3209
f 3564/3564 3532/3532 3531/3531
f 3209/3209 3531/3531 3532/3532
f 3564/3564 3565/3565 3563/3563
f 3570/3570 3563/3563 3565/3565
f 3563/3563 3570/3570 3569/3569
f 3568/3568 3563/3563 3569/3569
f 3563/3563 3562/3562 3564/3564
f 3532/3532 3564/3564 3562/3562
f 3563/3563 3568/3568 3561/3561
f 3562/3562 3563/3563 3561/3561
f 3567/3567 3561/3561 3568/3568
f 3562/3562 3533/3533 3532/3532
f 3561/3561 3567/3567 3560/3560
f 3561/3561 3559/3559 3562/3562
f 3559/3559 3561/3561 3560/3560
f 3533/3533 3562/3562 3559/3559
f 3567/3567 3571/3571 3560/3560
f 3571/3571 3567/3567 3572/3572
f 3588/3588 3571/3571 3572/3572
f 3212/3212 3559/3559 3560/3560
f 3571/3571 3212/3212 3560/3560
f 3571/3571 3588/3588 3587/3587
f 3585/3585 3587/3587 3588/3588
f 3212/3212 3571/3571 3214/3214
f 3587/3587 3214/3214 3571/3571
f 3587/3587 3585/3585 3586/3586
f 3214/3214 3587/3587 3215/3215
f 3586/3586 3215/3215 3587/3587
f 3585/3585 3584/3584 3586/3586
f 3584/3584 3585/3585 3583/3583
f 3215/3215 3586/3586 3331/3331
f 3586/3586 3584/3584 3331/3331
f 3583/3583 3582/3582 3584/3584
f 3582/3582 3583/3583 3581/3581
f 3330/3330 3331/3331 3584/3584
f 3584/3584 3582/3582 3330/3330
f 3331/3331 3188/3188 3215/3215
f 3188/3188 3214/3214 3215/3215
f 3331/3331 3330/3330 3191/3191
f 3188/3188 3331/3331 3191/3191
f 3329/3329 3330/3330 3582/3582
f 3012/3012 3191/3191 3330/3330
f 3330/3330 3329/3329 3012/3012
f 3581/3581 3579/3579 3582/3582
f 3582/3582 3579/3579 3329/3329
f 3579/3579 3581/3581 3580/3580
f 3579/3579 3580/3580 3578/3578
f 3577/3577 3579/3579 3578/3578
f 3577/3577 3578/3578 3576/3576
f 3328/3328 3329/3329 3579/3579
f 3328/3328 3579/3579 3577/3577
f 3574/3574 3577/3577 3576/3576
f 3574/3574 3576/3576 3575/3575
f 3573/3573 3574/3574 3575/3575
f 3577/3577 3574/3574 3326/3326
f 3326/3326 3328/3328 3577/3577
f 3327/3327 3574/3574 3573/3573
f 3327/3327 3326/3326 3574/3574
f 3486/3486 3327/3327 3573/3573
f 3485/3485 3327/3327 3486/3486
f 3484/3484 3485/3485 3486/3486
f 3327/3327 3485/3485 3005/3005
f 3005/3005 3326/3326 3327/3327
f 3483/3483 3485/3485 3484/3484
f 3483/3483 3005/3005 3485/3485
f 3482/3482 3483/3483 3484/3484
f 3326/3326 3005/3005 3006/3006
f 3481/3481 3483/3483 3482/3482
f 3480/3480 3481/3481 3482/3482
f 3005/3005 3483/3483 3003/3003
f 3479/3479 3481/3481 3480/3480
f 3478/3478 3479/3479 3480/3480
f 3481/3481 3192/3192 3483/3483
f 3192/3192 3003/3003 3483/3483
f 3479/3479 3299/3299 3481/3481
f 3192/3192 3481/3481 3299/3299
f 3476/3476 3479/3479 3478/3478
f 3477/3477 3476/3476 3478/3478
f 3299/3299 3479/3479 3297/3297
f 3476/3476 3297/3297 3479/3479
f 3299/3299 3298/3298 3192/3192
f 3297/3297 3298/3298 3299/3299
f 3476/3476 3477/3477 3474/3474
f 3475/3475 3474/3474 3477/3477
f 3297/3297 3476/3476 3295/3295
f 3474/3474 3295/3295 3476/3476
f 3474/3474 3475/3475 3472/3472
f 3473/3473 3472/3472 3475/3475
f 3295/3295 3474/3474 3293/3293
f 3472/3472 3293/3293 3474/3474
f 3295/3295 3296/3296 3297/3297
f 3298/3298 3297/3297 3296/3296
f 3472/3472 3473/3473 3468/3468
f 3469/3469 3468/3468 3473/3473
f 3293/3293 3472/3472 3290/3290
f 3468/3468 3290/3290 3472/3472
f 3293/3293 3294/3294 3295/3295
f 3296/3296 3295/3295 3294/3294
f 3468/3468 3469/3469 3470/3470
f 3471/3471 3470/3470 3469/3469
f 3290/3290 3468/3468 3288/3288
f 3470/3470 3288/3288 3468/3468
f 3290/3290 3292/3292 3293/3293
f 3294/3294 3293/3293 3292/3292
f 3470/3470 3471/3471 3466/3466
f 3467/3467 3466/3466 3471/3471
f 3465/3465 3466/3466 3467/3467
f 3466/3466 3287/3287 3470/3470
f 3288/3288 3470/3470 3287/3287
f 3466/3466 3465/3465 3464/3464
f 3464/3464 3287/3287 3466/3466
f 3463/3463 3464/3464 3465/3465
f 3464/3464 3463/3463 3462/3462
f 3461/3461 3462/3462 3463/3463
f 3287/3287 3464/3464 3284/3284
f 3462/3462 3284/3284 3464/3464
f 3462/3462 3461/3461 3460/3460
f 3459/3459 3460/3460 3461/3461
f 3284/3284 3462/3462 3282/3282
f 3460/3460 3282/3282 3462/3462
f 3460/3460 3459/3459 3458/3458
f 3456/3456 3458/3458 3459/3459
f 3458/3458 3456/3456 3457/3457
f 3282/3282 3460/3460 3280/3280
f 3457/3457 3490/3490 3458/3458
f 3489/3489 3490/3490 3457/3457
f 3458/3458 3317/3317 3460/3460
f 3490/3490 3317/3317 3458/3458
f 3317/3317 3280/3280 3460/3460
f 3489/3489 3496/3496 3490/3490
f 3487/3487 3496/3496 3489/3489
f 3490/3490 3495/3495 3317/3317
f 3496/3496 3495/3495 3490/3490
f 3317/3317 3318/3318 3280/3280
f 3495/3495 3318/3318 3317/3317
f 3496/3496 3487/3487 3501/3501
f 3488/3488 3501/3501 3487/3487
f 3496/3496 3497/3497 3495/3495
f 3501/3501 3497/3497 3496/3496
f 3501/3501 3488/3488 3502/3502
f 3436/3436 3502/3502 3488/3488
f 3497/3497 3501/3501 3503/3503
f 3502/3502 3503/3503 3501/3501
f 3502/3502 3436/3436 3416/3416
f 3437/3437 3416/3416 3436/3436
f 3503/3503 3502/3502 3504/3504
f 3416/3416 3504/3504 3502/3502
f 3416/3416 3437/3437 3415/3415
f 3438/3438 3415/3415 3437/3437
f 3504/3504 3416/3416 3339/3339
f 3415/3415 3339/3339 3416/3416
f 3415/3415 3438/3438 3417/3417
f 3439/3439 3417/3417 3438/3438
f 3339/3339 3415/3415 3337/3337
f 3417/3417 3337/3337 3415/3415
f 3417/3417 3439/3439 3418/3418
f 3440/3440 3418/3418 3439/3439
f 3418/3418 3440/3440 3419/3419
f 3418/3418 3348/3348 3417/3417
f 3337/3337 3417/3417 3348/3348
f 3419/3419 3351/3351 3418/3418
f 3348/3348 3418/3418 3351/3351
f 3351/3351 3419/3419 3377/3377
f 3419/3419 3384/3384 3377/3377
f 3349/3349 3348/3348 3351/3351
f 3386/3386 3377/3377 3384/3384
f 3384/3384 3385/3385 3386/3386
f 3376/3376 3351/3351 3377/3377
f 3377/3377 3386/3386 3376/3376
f 3351/3351 3376/3376 3349/3349
f 3385/3385 3388/3388 3386/3386
f 3388/3388 3385/3385 3389/3389
f 3386/3386 3378/3378 3376/3376
f 3378/3378 3386/3386 3388/3388
f 3376/3376 3353/3353 3349/3349
f 3353/3353 3376/3376 3378/3378
f 3389/3389 3390/3390 3388/3388
f 3388/3388 3379/3379 3378/3378
f 3379/3379 3388/3388 3390/3390
f 3378/3378 3355/3355 3353/3353
f 3355/3355 3378/3378 3379/3379
f 3390/3390 3389/3389 3391/3391
f 3552/3552 3391/3391 3389/3389
f 3390/3390 3401/3401 3379/3379
f 3391/3391 3552/3552 3551/3551
f 3396/3396 3551/3551 3552/3552
f 3391/3391 3399/3399 3390/3390
f 3401/3401 3390/3390 3399/3399
f 3399/3399 3391/3391 3400/3400
f 3551/3551 3400/3400 3391/3391
f 3401/3401 3399/3399 3306/3306
f 3400/3400 3306/3306 3399/3399
f 3357/3357 3379/3379 3401/3401
f 3379/3379 3357/3357 3355/3355
f 3401/3401 3306/3306 3304/3304
f 3357/3357 3401/3401 3304/3304
f 3306/3306 3400/3400 3307/3307
f 3357/3357 3304/3304 3305/3305
f 3400/3400 3551/3551 3550/3550
f 3550/3550 3307/3307 3400/3400
f 3397/3397 3550/3550 3551/3551
f 3551/3551 3396/3396 3397/3397
f 3307/3307 3550/3550 3549/3549
f 3368/3368 3397/3397 3396/3396
f 3396/3396 3364/3364 3368/3368
f 3550/3550 3397/3397 3398/3398
f 3398/3398 3549/3549 3550/3550
f 3397/3397 3368/3368 3370/3370
f 3370/3370 3398/3398 3397/3397
f 3368/3368 3364/3364 3369/3369
f 3369/3369 3370/3370 3368/3368
f 3369/3369 3364/3364 3366/3366
f 3364/3364 3365/3365 3366/3366
f 3370/3370 3369/3369 3371/3371
f 3404/3404 3366/3366 3365/3365
f 3365/3365 3425/3425 3404/3404
f 3398/3398 3370/3370 3372/3372
f 3371/3371 3372/3372 3370/3370
f 3372/3372 3301/3301 3398/3398
f 3549/3549 3398/3398 3301/3301
f 3372/3372 3371/3371 3373/3373
f 3301/3301 3548/3548 3549/3549
f 3301/3301 3372/3372 3300/3300
f 3373/3373 3300/3300 3372/3372
f 3548/3548 3301/3301 3121/3121
f 3300/3300 3121/3121 3301/3301
f 3150/3150 3549/3549 3548/3548
f 3549/3549 3150/3150 3307/3307
f 3121/3121 3547/3547 3548/3548
f 3152/3152 3307/3307 3150/3150
f 3307/3307 3152/3152 3306/3306
f 3548/3548 3153/3153 3150/3150
f 3153/3153 3548/3548 3547/3547
f 3150/3150 3151/3151 3152/3152
f 3151/3151 3150/3150 3153/3153
f 3221/3221 3306/3306 3152/3152
f 3306/3306 3221/3221 3304/3304
f 3220/3220 3152/3152 3151/3151
f 3152/3152 3220/3220 3221/3221
f 3219/3219 3304/3304 3221/3221
f 3220/3220 3219/3219 3221/3221
f 3304/3304 3219/3219 3305/3305
f 3151/3151 3222/3222 3220/3220
f 3219/3219 3220/3220 3217/3217
f 3222/3222 3217/3217 3220/3220
f 3219/3219 3325/3325 3305/3305
f 3222/3222 3151/3151 3154/3154
f 3153/3153 3154/3154 3151/3151
f 3325/3325 3219/3219 3216/3216
f 3217/3217 3216/3216 3219/3219
f 3154/3154 3153/3153 3155/3155
f 3547/3547 3155/3155 3153/3153
f 3154/3154 3163/3163 3222/3222
f 3155/3155 3149/3149 3154/3154
f 3163/3163 3154/3154 3149/3149
f 3155/3155 3547/3547 3546/3546
f 3163/3163 3223/3223 3222/3222
f 3217/3217 3222/3222 3223/3223
f 3149/3149 3155/3155 3148/3148
f 3546/3546 3148/3148 3155/3155
f 3149/3149 3162/3162 3163/3163
f 3120/3120 3546/3546 3547/3547
f 3547/3547 3121/3121 3120/3120
f 3148/3148 3146/3146 3149/3149
f 3162/3162 3149/3149 3146/3146
f 3148/3148 3546/3546 3545/3545
f 3146/3146 3148/3148 3144/3144
f 3545/3545 3144/3144 3148/3148
f 3122/3122 3545/3545 3546/3546
f 3546/3546 3120/3120 3122/3122
f 3144/3144 3545/3545 3544/3544
f 3072/3072 3120/3120 3121/3121
f 3121/3121 3300/3300 3072/3072
f 3071/3071 3122/3122 3120/3120
f 3120/3120 3072/3072 3071/3071
f 3545/3545 3122/3122 3123/3123
f 3123/3123 3544/3544 3545/3545
f 3122/3122 3071/3071 3070/3070
f 3070/3070 3123/3123 3122/3122
f 2714/2714 3071/3071 3072/3072
f 2712/2712 3070/3070 3071/3071
f 3071/3071 2714/2714 2712/2712
f 3123/3123 3070/3070 3069/3069
f 3070/3070 2712/2712 2709/2709
f 2709/2709 3069/3069 3070/3070
f 3069/3069 3124/3124 3123/3123
f 3544/3544 3123/3123 3124/3124
f 3069/3069 2709/2709 2708/2708
f 3124/3124 3069/3069 3117/3117
f 2708/2708 3117/3117 3069/3069
f 3124/3124 3543/3543 3544/3544
f 3117/3117 3132/3132 3124/3124
f 3543/3543 3124/3124 3132/3132
f 3147/3147 3544/3544 3543/3543
f 3544/3544 3147/3147 3144/3144
f 3132/3132 3542/3542 3543/3543
f 3145/3145 3144/3144 3147/3147
f 3144/3144 3145/3145 3146/3146
f 3543/3543 3142/3142 3147/3147
f 3142/3142 3543/3543 3542/3542
f 3147/3147 3143/3143 3145/3145
f 3143/3143 3147/3147 3142/3142
f 3161/3161 3146/3146 3145/3145
f 3146/3146 3161/3161 3162/3162
f 3160/3160 3145/3145 3143/3143
f 3145/3145 3160/3160 3161/3161
f 3142/3142 3141/3141 3143/3143
f 3143/3143 3159/3159 3160/3160
f 3159/3159 3143/3143 3141/3141
f 3170/3170 3161/3161 3160/3160
f 3173/3173 3160/3160 3159/3159
f 3160/3160 3173/3173 3170/3170
f 3169/3169 3162/3162 3161/3161
f 3161/3161 3170/3170 3169/3169
f 3171/3171 3170/3170 3173/3173
f 3170/3170 3171/3171 3172/3172
f 3172/3172 3169/3169 3170/3170
f 3173/3173 3174/3174 3171/3171
f 3169/3169 3172/3172 3168/3168
f 3174/3174 3173/3173 3175/3175
f 3159/3159 3175/3175 3173/3173
f 3175/3175 3176/3176 3174/3174
f 3168/3168 3165/3165 3169/3169
f 3162/3162 3169/3169 3165/3165
f 3165/3165 3168/3168 3166/3166
f 3165/3165 3163/3163 3162/3162
f 3164/3164 3165/3165 3166/3166
f 3163/3163 3165/3165 3167/3167
f 3165/3165 3164/3164 3167/3167
f 3223/3223 3163/3163 3167/3167
f 3164/3164 3225/3225 3167/3167
f 3225/3225 3223/3223 3167/3167
f 3225/3225 3164/3164 3226/3226
f 3227/3227 3225/3225 3226/3226
f 3223/3223 3225/3225 3224/3224
f 3224/3224 3217/3217 3223/3223
f 3225/3225 3227/3227 3228/3228
f 3228/3228 3224/3224 3225/3225
f 3231/3231 3228/3228 3227/3227
f 3217/3217 3224/3224 3218/3218
f 3216/3216 3217/3217 3218/3218
f 3224/3224 3228/3228 3241/3241
f 3241/3241 3218/3218 3224/3224
f 3228/3228 3231/3231 3230/3230
f 3229/3229 3230/3230 3231/3231
f 3228/3228 3683/3683 3241/3241
f 3683/3683 3228/3228 3230/3230
f 3230/3230 3229/3229 3232/3232
f 3238/3238 3232/3232 3229/3229
f 3683/3683 3230/3230 3255/3255
f 3232/3232 3255/3255 3230/3230
f 3243/3243 3241/3241 3683/3683
f 3232/3232 3238/3238 3237/3237
f 3241/3241 3243/3243 3240/3240
f 3218/3218 3241/3241 3240/3240
f 3243/3243 3683/3683 3253/3253
f 3253/3253 3683/3683 3255/3255
f 3239/3239 3218/3218 3240/3240
f 3218/3218 3239/3239 3216/3216
f 3242/3242 3240/3240 3243/3243
f 3242/3242 3239/3239 3240/3240
f 3324/3324 3216/3216 3239/3239
f 3324/3324 3325/3325 3216/3216
f 3323/3323 3239/3239 3242/3242
f 3323/3323 3324/3324 3239/3239
f 3242/3242 3243/3243 3257/3257
f 3257/3257 3243/3243 3253/3253
f 3242/3242 3322/3322 3323/3323
f 3259/3259 3242/3242 3257/3257
f 3322/3322 3242/3242 3259/3259
f 3359/3359 3324/3324 3323/3323
f 3491/3491 3323/3323 3322/3322
f 3491/3491 3359/3359 3323/3323
f 3259/3259 3321/3321 3322/3322
f 3359/3359 3358/3358 3324/3324
f 3358/3358 3325/3325 3324/3324
f 3321/3321 3259/3259 3258/3258
f 3257/3257 3258/3258 3259/3259
f 3358/3358 3356/3356 3325/3325
f 3356/3356 3305/3305 3325/3325
f 3356/3356 3357/3357 3305/3305
f 3356/3356 3355/3355 3357/3357
f 3355/3355 3356/3356 3354/3354
f 3354/3354 3353/3353 3355/3355
f 3342/3342 3356/3356 3358/3358
f 3342/3342 3354/3354 3356/3356
f 3353/3353 3354/3354 3352/3352
f 3342/3342 3352/3352 3354/3354
f 3352/3352 3349/3349 3353/3353
f 3343/3343 3342/3342 3358/3358
f 3343/3343 3358/3358 3359/3359
f 3349/3349 3352/3352 3350/3350
f 3348/3348 3349/3349 3350/3350
f 3352/3352 3342/3342 3340/3340
f 3340/3340 3350/3350 3352/3352
f 3338/3338 3348/3348 3350/3350
f 3350/3350 3340/3340 3338/3338
f 3348/3348 3338/3338 3337/3337
f 3341/3341 3340/3340 3342/3342
f 3341/3341 3342/3342 3343/3343
f 3336/3336 3338/3338 3340/3340
f 3336/3336 3337/3337 3338/3338
f 3336/3336 3340/3340 3341/3341
f 3337/3337 3336/3336 3339/3339
f 3506/3506 3339/3339 3336/3336
f 3506/3506 3336/3336 3341/3341
f 3339/3339 3506/3506 3504/3504
f 3508/3508 3341/3341 3343/3343
f 3506/3506 3341/3341 3508/3508
f 3508/3508 3343/3343 3500/3500
f 3500/3500 3343/3343 3359/3359
f 3500/3500 3359/3359 3491/3491
f 3507/3507 3506/3506 3508/3508
f 3507/3507 3508/3508 3500/3500
f 3505/3505 3504/3504 3506/3506
f 3506/3506 3507/3507 3505/3505
f 3504/3504 3505/3505 3503/3503
f 3500/3500 3499/3499 3507/3507
f 3491/3491 3499/3499 3500/3500
f 3507/3507 3498/3498 3505/3505
f 3498/3498 3503/3503 3505/3505
f 3499/3499 3498/3498 3507/3507
f 3503/3503 3498/3498 3497/3497
f 3499/3499 3491/3491 3492/3492
f 3492/3492 3498/3498 3499/3499
f 3322/3322 3492/3492 3491/3491
f 3492/3492 3322/3322 3321/3321
f 3498/3498 3492/3492 3493/3493
f 3321/3321 3493/3493 3492/3492
f 3493/3493 3497/3497 3498/3498
f 3493/3493 3321/3321 3320/3320
f 3497/3497 3493/3493 3494/3494
f 3320/3320 3494/3494 3493/3493
f 3497/3497 3494/3494 3495/3495
f 3258/3258 3320/3320 3321/3321
f 3495/3495 3494/3494 3318/3318
f 3494/3494 3320/3320 3319/3319
f 3494/3494 3319/3319 3318/3318
f 3320/3320 3258/3258 3260/3260
f 3260/3260 3319/3319 3320/3320
f 3318/3318 3319/3319 3281/3281
f 3318/3318 3281/3281 3280/3280
f 3280/3280 3281/3281 3282/3282
f 3319/3319 3270/3270 3281/3281
f 3319/3319 3260/3260 3270/3270
f 3281/3281 3283/3283 3282/3282
f 3281/3281 3270/3270 3283/3283
f 3282/3282 3283/3283 3284/3284
f 3270/3270 3260/3260 3271/3271
f 3270/3270 3271/3271 3283/3283
f 3283/3283 3285/3285 3284/3284
f 3283/3283 3271/3271 3285/3285
f 3260/3260 3261/3261 3271/3271
f 3260/3260 3258/3258 3261/3261
f 3271/3271 3272/3272 3285/3285
f 3271/3271 3261/3261 3272/3272
f 3286/3286 3284/3284 3285/3285
f 3284/3284 3286/3286 3287/3287
f 3273/3273 3285/3285 3272/3272
f 3285/3285 3273/3273 3286/3286
f 3261/3261 3262/3262 3272/3272
f 3272/3272 3262/3262 3273/3273
f 3258/3258 3256/3256 3261/3261
f 3261/3261 3256/3256 3262/3262
f 3258/3258 3257/3257 3256/3256
f 3256/3256 3257/3257 3252/3252
f 3256/3256 3252/3252 3262/3262
f 3257/3257 3253/3253 3252/3252
f 3262/3262 3263/3263 3273/3273
f 3262/3262 3252/3252 3263/3263
f 3252/3252 3253/3253 3254/3254
f 3252/3252 3254/3254 3263/3263
f 3253/3253 3255/3255 3254/3254
f 3273/3273 3263/3263 3274/3274
f 3274/3274 3286/3286 3273/3273
f 3263/3263 3254/3254 3264/3264
f 3263/3263 3264/3264 3274/3274
f 3254/3254 3255/3255 3246/3246
f 3254/3254 3246/3246 3264/3264
f 3286/3286 3274/3274 3291/3291
f 3291/3291 3287/3287 3286/3286
f 3287/3287 3291/3291 3288/3288
f 3274/3274 3264/3264 3275/3275
f 3275/3275 3291/3291 3274/3274
f 3289/3289 3288/3288 3291/3291
f 3291/3291 3275/3275 3289/3289
f 3288/3288 3289/3289 3290/3290
f 3292/3292 3290/3290 3289/3289
f 3264/3264 3265/3265 3275/3275
f 3264/3264 3246/3246 3265/3265
f 3276/3276 3289/3289 3275/3275
f 3289/3289 3276/3276 3292/3292
f 3275/3275 3265/3265 3276/3276
f 3277/3277 3292/3292 3276/3276
f 3292/3292 3277/3277 3294/3294
f 3265/3265 3266/3266 3276/3276
f 3276/3276 3266/3266 3277/3277
f 3246/3246 3247/3247 3265/3265
f 3265/3265 3247/3247 3266/3266
f 3278/3278 3294/3294 3277/3277
f 3294/3294 3278/3278 3296/3296
f 3266/3266 3267/3267 3277/3277
f 3277/3277 3267/3267 3278/3278
f 3279/3279 3296/3296 3278/3278
f 3296/3296 3279/3279 3298/3298
f 3267/3267 3268/3268 3278/3278
f 3278/3278 3268/3268 3279/3279
f 3266/3266 3248/3248 3267/3267
f 3247/3247 3248/3248 3266/3266
f 3267/3267 3251/3251 3268/3268
f 3248/3248 3251/3251 3267/3267
f 3268/3268 3269/3269 3279/3279
f 3247/3247 3245/3245 3248/3248
f 3251/3251 3204/3204 3268/3268
f 3268/3268 3204/3204 3269/3269
f 3248/3248 3249/3249 3251/3251
f 3245/3245 3249/3249 3248/3248
f 3251/3251 3250/3250 3204/3204
f 3249/3249 3250/3250 3251/3251
f 3244/3244 3245/3245 3247/3247
f 3246/3246 3244/3244 3247/3247
f 3255/3255 3244/3244 3246/3246
f 3255/3255 3232/3232 3244/3244
f 3237/3237 3244/3244 3232/3232
f 3244/3244 3237/3237 3245/3245
f 3245/3245 3237/3237 3249/3249
f 3237/3237 3235/3235 3249/3249
f 3249/3249 3235/3235 3250/3250
f 3237/3237 3238/3238 3235/3235
f 3238/3238 3236/3236 3235/3235
f 3234/3234 3235/3235 3236/3236
f 3235/3235 3234/3234 3250/3250
f 3236/3236 3233/3233 3234/3234
f 3205/3205 3250/3250 3234/3234
f 3250/3250 3205/3205 3204/3204
f 3233/3233 3203/3203 3234/3234
f 3234/3234 3203/3203 3205/3205
f 3203/3203 3233/3233 3202/3202
f 3204/3204 3205/3205 3201/3201
f 3204/3204 3201/3201 3269/3269
f 3200/3200 3205/3205 3203/3203
f 3205/3205 3200/3200 3201/3201
f 3202/3202 3199/3199 3203/3203
f 3203/3203 3199/3199 3200/3200
f 3199/3199 3202/3202 3198/3198
f 3201/3201 3200/3200 3196/3196
f 3198/3198 3183/3183 3199/3199
f 3183/3183 3198/3198 3181/3181
f 3200/3200 3199/3199 3197/3197
f 3199/3199 3183/3183 3197/3197
f 3200/3200 3197/3197 3196/3196
f 3181/3181 3180/3180 3183/3183
f 3180/3180 3181/3181 3182/3182
f 3183/3183 3013/3013 3197/3197
f 3180/3180 3182/3182 3179/3179
f 3179/3179 3182/3182 3178/3178
f 3190/3190 3183/3183 3180/3180
f 3178/3178 3177/3177 3179/3179
f 3177/3177 3178/3178 3176/3176
f 3176/3176 3175/3175 3177/3177
f 3179/3179 3018/3018 3180/3180
f 3018/3018 3190/3190 3180/3180
f 3177/3177 3157/3157 3179/3179
f 3018/3018 3179/3179 3157/3157
f 3158/3158 3177/3177 3175/3175
f 3175/3175 3159/3159 3158/3158
f 3141/3141 3158/3158 3159/3159
f 3177/3177 3158/3158 3156/3156
f 3157/3157 3177/3177 3156/3156
f 3158/3158 3141/3141 3138/3138
f 3138/3138 3156/3156 3158/3158
f 3156/3156 3134/3134 3157/3157
f 3140/3140 3138/3138 3141/3141
f 3141/3141 3142/3142 3140/3140
f 3542/3542 3140/3140 3142/3142
f 3156/3156 3138/3138 3136/3136
f 3134/3134 3156/3156 3136/3136
f 3138/3138 3140/3140 3139/3139
f 3138/3138 3137/3137 3136/3136
f 3137/3137 3138/3138 3139/3139
f 3136/3136 3135/3135 3134/3134
f 3135/3135 3136/3136 3137/3137
f 3015/3015 3157/3157 3134/3134
f 3157/3157 3015/3015 3018/3018
f 3016/3016 3134/3134 3135/3135
f 3134/3134 3016/3016 3015/3015
f 3137/3137 3538/3538 3135/3135
f 3135/3135 3537/3537 3016/3016
f 3537/3537 3135/3135 3538/3538
f 3014/3014 3015/3015 3016/3016
f 3536/3536 3016/3016 3537/3537
f 3016/3016 3536/3536 3014/3014
f 3017/3017 3018/3018 3015/3015
f 3015/3015 3014/3014 3017/3017
f 3018/3018 3017/3017 3019/3019
f 3190/3190 3018/3018 3019/3019
f 3185/3185 3017/3017 3014/3014
f 3186/3186 3019/3019 3017/3017
f 3017/3017 3185/3185 3186/3186
f 3187/3187 3190/3190 3019/3019
f 3019/3019 3186/3186 3187/3187
f 3190/3190 3187/3187 3188/3188
f 3186/3186 3214/3214 3187/3187
f 3214/3214 3188/3188 3187/3187
f 3214/3214 3186/3186 3212/3212
f 3185/3185 3212/3212 3186/3186
f 3188/3188 3189/3189 3190/3190
f 3189/3189 3188/3188 3191/3191
f 3183/3183 3190/3190 3189/3189
f 3012/3012 3189/3189 3191/3191
f 3013/3013 3183/3183 3189/3189
f 3189/3189 3012/3012 3013/3013
f 3212/3212 3185/3185 3213/3213
f 3559/3559 3212/3212 3213/3213
f 3535/3535 3213/3213 3185/3185
f 3014/3014 3535/3535 3185/3185
f 3535/3535 3014/3014 3536/3536
f 3534/3534 3559/3559 3213/3213
f 3213/3213 3535/3535 3534/3534
f 3559/3559 3534/3534 3533/3533
f 3536/3536 3184/3184 3535/3535
f 3184/3184 3534/3534 3535/3535
f 3211/3211 3533/3533 3534/3534
f 3534/3534 3184/3184 3211/3211
f 3184/3184 3536/3536 3066/3066
f 3537/3537 3066/3066 3536/3536
f 3114/3114 3211/3211 3184/3184
f 3066/3066 3114/3114 3184/3184
f 3533/3533 3211/3211 3210/3210
f 3210/3210 3532/3532 3533/3533
f 3532/3532 3210/3210 3209/3209
f 3112/3112 3210/3210 3211/3211
f 3211/3211 3114/3114 3112/3112
f 3109/3109 3209/3209 3210/3210
f 3210/3210 3112/3112 3109/3109
f 3209/3209 3109/3109 3108/3108
f 3113/3113 3112/3112 3114/3114
f 3111/3111 3109/3109 3112/3112
f 3112/3112 3113/3113 3111/3111
f 3107/3107 3108/3108 3109/3109
f 3109/3109 3111/3111 3107/3107
f 3108/3108 3107/3107 3110/3110
f 3110/3110 3105/3105 3108/3108
f 3105/3105 3110/3110 3103/3103
f 3107/3107 3111/3111 2863/2863
f 2863/2863 3110/3110 3107/3107
f 2862/2862 3103/3103 3110/3110
f 3110/3110 2863/2863 2862/2862
f 3103/3103 2862/2862 2926/2926
f 2864/2864 2926/2926 2862/2862
f 2862/2862 2863/2863 2864/2864
f 3111/3111 2858/2858 2863/2863
f 3113/3113 2858/2858 3111/3111
f 2863/2863 2865/2865 2864/2864
f 2863/2863 2858/2858 2865/2865
f 2867/2867 2864/2864 2865/2865
f 2867/2867 2865/2865 2868/2868
f 2865/2865 2860/2860 2868/2868
f 2858/2858 2860/2860 2865/2865
f 2860/2860 2870/2870 2868/2868
f 2860/2860 2861/2861 2870/2870
f 2858/2858 2859/2859 2860/2860
f 2859/2859 2861/2861 2860/2860
f 2859/2859 2858/2858 3113/3113
f 2934/2934 2861/2861 2859/2859
f 2933/2933 2861/2861 2934/2934
f 2973/2973 2859/2859 3113/3113
f 2934/2934 2859/2859 2973/2973
f 2857/2857 2933/2933 2934/2934
f 2856/2856 2933/2933 2857/2857
f 2971/2971 2934/2934 2973/2973
f 2857/2857 2934/2934 2971/2971
f 2973/2973 3113/3113 2974/2974
f 2974/2974 3113/3113 3114/3114
f 2974/2974 3114/3114 3066/3066
f 2972/2972 2973/2973 2974/2974
f 2973/2973 2972/2972 2971/2971
f 3065/3065 2974/2974 3066/3066
f 2974/2974 3065/3065 2972/2972
f 3066/3066 3537/3537 3065/3065
f 3538/3538 3065/3065 3537/3537
f 3067/3067 2972/2972 3065/3065
f 3065/3065 3538/3538 3067/3067
f 2970/2970 2971/2971 2972/2972
f 2972/2972 3067/3067 2970/2970
f 3539/3539 3067/3067 3538/3538
f 3538/3538 3137/3137 3539/3539
f 3139/3139 3539/3539 3137/3137
f 3067/3067 3539/3539 3068/3068
f 3068/3068 2970/2970 3067/3067
f 3539/3539 3139/3139 3540/3540
f 3540/3540 3068/3068 3539/3539
f 3140/3140 3540/3540 3139/3139
f 2970/2970 3068/3068 2968/2968
f 3540/3540 3140/3140 3541/3541
f 3140/3140 3542/3542 3541/3541
f 3068/3068 3540/3540 3082/3082
f 3541/3541 3082/3082 3540/3540
f 3082/3082 2968/2968 3068/3068
f 3130/3130 3541/3541 3542/3542
f 3542/3542 3132/3132 3130/3130
f 3082/3082 3541/3541 3131/3131
f 3541/3541 3130/3130 3131/3131
f 3131/3131 2994/2994 3082/3082
f 2968/2968 3082/3082 2994/2994
f 3130/3130 2995/2995 3131/3131
f 2994/2994 3131/3131 2995/2995
f 3125/3125 3130/3130 3132/3132
f 3132/3132 3117/3117 3125/3125
f 2995/2995 3130/3130 3129/3129
f 3130/3130 3125/3125 3129/3129
f 2911/2911 3125/3125 3117/3117
f 3117/3117 2708/2708 2911/2911
f 3125/3125 2991/2991 3129/3129
f 3125/3125 2911/2911 2910/2910
f 2991/2991 3125/3125 2910/2910
f 2710/2710 2911/2911 2708/2708
f 2909/2909 2910/2910 2911/2911
f 2911/2911 2710/2710 2909/2909
f 2910/2910 2989/2989 2991/2991
f 2910/2910 2909/2909 2912/2912
f 2989/2989 2910/2910 2912/2912
f 2912/2912 2909/2909 2752/2752
f 2710/2710 2752/2752 2909/2909
f 2989/2989 2988/2988 2991/2991
f 2988/2988 3129/3129 2991/2991
f 2912/2912 2942/2942 2989/2989
f 3129/3129 2988/2988 3128/3128
f 2942/2942 2912/2912 2751/2751
f 2912/2912 2752/2752 2751/2751
f 3102/3102 3129/3129 3128/3128
f 3129/3129 3102/3102 2995/2995
f 2988/2988 3127/3127 3128/3128
f 3128/3128 3099/3099 3102/3102
f 3099/3099 3128/3128 3127/3127
f 3101/3101 2995/2995 3102/3102
f 3100/3100 3102/3102 3099/3099
f 3102/3102 3100/3100 3101/3101
f 2995/2995 3101/3101 2992/2992
f 2994/2994 2995/2995 2992/2992
f 2936/2936 2992/2992 3101/3101
f 3101/3101 2979/2979 2936/2936
f 2979/2979 3101/3101 3100/3100
f 2992/2992 2936/2936 2851/2851
f 3100/3100 2781/2781 2979/2979
f 2783/2783 2979/2979 2781/2781
f 2993/2993 2992/2992 2851/2851
f 2992/2992 2993/2993 2994/2994
f 2851/2851 2850/2850 2993/2993
f 2993/2993 2968/2968 2994/2994
f 2850/2850 2969/2969 2993/2993
f 2968/2968 2993/2993 2969/2969
f 2969/2969 2850/2850 2853/2853
f 2967/2967 2968/2968 2969/2969
f 2968/2968 2967/2967 2970/2970
f 2971/2971 2970/2970 2967/2967
f 2967/2967 2857/2857 2971/2971
f 2855/2855 2969/2969 2853/2853
f 2969/2969 2855/2855 2967/2967
f 2857/2857 2967/2967 2855/2855
f 2853/2853 2852/2852 2855/2855
f 2855/2855 2856/2856 2857/2857
f 2856/2856 2855/2855 2852/2852
f 2781/2781 2782/2782 2783/2783
f 2885/2885 2783/2783 2782/2782
f 2782/2782 2888/2888 2885/2885
f 2889/2889 2885/2885 2888/2888
f 2782/2782 2781/2781 2784/2784
f 2888/2888 2680/2680 2889/2889
f 2890/2890 2889/2889 2680/2680
f 2888/2888 2782/2782 2786/2786
f 2784/2784 2786/2786 2782/2782
f 2786/2786 2678/2678 2888/2888
f 2680/2680 2888/2888 2678/2678
f 3098/3098 2784/2784 2781/2781
f 2781/2781 3100/3100 3098/3098
f 3099/3099 3098/3098 3100/3100
f 3098/3098 3099/3099 3097/3097
f 3127/3127 3097/3097 3099/3099
f 2784/2784 3098/3098 3096/3096
f 3097/3097 3096/3096 3098/3098
f 2786/2786 2784/2784 2785/2785
f 3096/3096 2785/2785 2784/2784
f 3097/3097 3127/3127 3126/3126
f 3096/3096 3097/3097 3095/3095
f 3126/3126 3095/3095 3097/3097
f 2785/2785 3096/3096 3094/3094
f 3095/3095 3094/3094 3096/3096
f 2785/2785 2695/2695 2786/2786
f 2678/2678 2786/2786 2695/2695
f 3094/3094 2696/2696 2785/2785
f 2695/2695 2785/2785 2696/2696
f 3094/3094 3095/3095 3093/3093
f 2696/2696 3094/3094 3092/3092
f 3093/3093 3092/3092 3094/3094
f 2687/2687 2695/2695 2696/2696
f 3092/3092 2687/2687 2696/2696
f 3002/3002 3093/3093 3095/3095
f 3095/3095 3126/3126 3002/3002
f 3092/3092 3093/3093 3091/3091
f 3093/3093 3002/3002 3001/3001
f 3001/3001 3091/3091 3093/3093
f 2966/2966 3002/3002 3126/3126
f 3091/3091 3088/3088 3092/3092
f 2687/2687 3092/3092 3088/3088
f 3002/3002 2966/2966 2963/2963
f 2963/2963 3001/3001 3002/3002
f 3126/3126 2987/2987 2966/2966
f 2987/2987 3126/3126 3127/3127
f 3127/3127 2988/2988 2987/2987
f 2990/2990 2987/2987 2988/2988
f 2988/2988 2989/2989 2990/2990
f 2942/2942 2990/2990 2989/2989
f 2986/2986 2966/2966 2987/2987
f 2987/2987 2990/2990 2986/2986
f 2966/2966 2986/2986 2964/2964
f 2964/2964 2963/2963 2966/2966
f 2941/2941 2986/2986 2990/2990
f 2990/2990 2942/2942 2941/2941
f 2978/2978 2964/2964 2986/2986
f 2986/2986 2941/2941 2978/2978
f 2963/2963 2964/2964 2965/2965
f 2964/2964 2978/2978 2944/2944
f 2944/2944 2965/2965 2964/2964
f 2965/2965 2962/2962 2963/2963
f 3001/3001 2963/2963 2962/2962
f 2965/2965 2944/2944 2943/2943
f 2962/2962 3000/3000 3001/3001
f 3091/3091 3001/3001 3000/3000
f 2962/2962 2965/2965 2961/2961
f 2943/2943 2961/2961 2965/2965
f 3000/3000 2962/2962 2960/2960
f 2961/2961 2960/2960 2962/2962
f 3000/3000 3089/3089 3091/3091
f 3088/3088 3091/3091 3089/3089
f 2960/2960 2998/2998 3000/3000
f 3089/3089 3000/3000 2998/2998
f 2960/2960 2961/2961 2959/2959
f 3087/3087 3088/3088 3089/3089
f 2998/2998 2960/2960 2956/2956
f 2959/2959 2956/2956 2960/2960
f 2999/2999 3089/3089 2998/2998
f 3089/3089 2999/2999 3087/3087
f 2958/2958 2998/2998 2956/2956
f 2998/2998 2958/2958 2999/2999
f 3088/3088 3087/3087 3090/3090
f 3090/3090 2687/2687 3088/3088
f 2997/2997 3087/3087 2999/2999
f 3083/3083 3090/3090 3087/3087
f 3087/3087 2997/2997 3083/3083
f 2687/2687 3090/3090 2690/2690
f 2999/2999 2953/2953 2997/2997
f 2953/2953 2999/2999 2958/2958
f 3085/3085 2690/2690 3090/3090
f 3090/3090 3083/3083 3085/3085
f 2688/2688 2687/2687 2690/2690
f 2690/2690 3085/3085 2693/2693
f 2693/2693 2688/2688 2690/2690
f 3083/3083 3084/3084 3085/3085
f 3084/3084 2693/2693 3085/3085
f 2687/2687 2688/2688 2689/2689
f 2695/2695 2687/2687 2689/2689
f 2688/2688 2693/2693 2692/2692
f 2679/2679 2695/2695 2689/2689
f 2695/2695 2679/2679 2678/2678
f 2686/2686 2689/2689 2688/2688
f 2689/2689 2686/2686 2679/2679
f 2692/2692 2686/2686 2688/2688
f 2677/2677 2678/2678 2679/2679
f 2678/2678 2677/2677 2680/2680
f 2685/2685 2679/2679 2686/2686
f 2679/2679 2685/2685 2677/2677
f 2686/2686 2692/2692 2681/2681
f 2686/2686 2683/2683 2685/2685
f 2683/2683 2686/2686 2681/2681
f 3789/3789 2677/2677 2685/2685
f 3796/3796 2685/2685 2683/2683
f 2685/2685 3796/3796 3789/3789
f 2681/2681 2682/2682 2683/2683
f 2677/2677 3789/3789 3790/3790
f 2680/2680 2677/2677 3790/3790
f 2681/2681 2694/2694 2682/2682
f 2694/2694 2681/2681 2692/2692
f 2683/2683 2682/2682 2684/2684
f 2692/2692 2691/2691 2694/2694
f 2691/2691 2692/2692 2693/2693
f 2693/2693 3084/3084 2691/2691
f 2694/2694 3528/3528 2682/2682
f 3528/3528 2684/2684 2682/2682
f 3526/3526 2694/2694 2691/2691
f 3528/3528 2694/2694 3527/3527
f 2694/2694 3526/3526 3527/3527
f 3525/3525 2691/2691 3084/3084
f 2691/2691 3525/3525 3526/3526
f 3526/3526 3903/3903 3527/3527
f 3903/3903 3528/3528 3527/3527
f 3525/3525 3901/3901 3526/3526
f 3903/3903 3526/3526 3901/3901
f 3084/3084 3524/3524 3525/3525
f 3901/3901 3525/3525 4288/4288
f 3524/3524 4288/4288 3525/3525
f 3524/3524 3084/3084 3086/3086
f 3084/3084 3083/3083 3086/3086
f 2997/2997 3086/3086 3083/3083
f 3086/3086 2997/2997 2996/2996
f 2953/2953 2996/2996 2997/2997
f 3086/3086 3523/3523 3524/3524
f 3523/3523 3086/3086 2996/2996
f 3523/3523 4289/4289 3524/3524
f 4288/4288 3524/3524 4289/4289
f 2996/2996 3522/3522 3523/3523
f 2996/2996 2953/2953 2952/2952
f 3522/3522 2996/2996 2952/2952
f 2951/2951 2952/2952 2953/2953
f 2958/2958 2951/2951 2953/2953
f 3522/3522 4200/4200 3523/3523
f 4289/4289 3523/3523 4200/4200
f 2951/2951 2958/2958 2955/2955
f 2956/2956 2955/2955 2958/2958
f 2952/2952 2951/2951 2954/2954
f 2955/2955 2956/2956 2957/2957
f 2956/2956 2959/2959 2957/2957
f 2955/2955 2949/2949 2951/2951
f 2949/2949 2954/2954 2951/2951
f 2957/2957 2948/2948 2955/2955
f 2949/2949 2955/2955 2948/2948
f 2948/2948 2957/2957 2947/2947
f 2704/2704 2949/2949 2948/2948
f 2947/2947 2704/2704 2948/2948
f 2957/2957 2945/2945 2947/2947
f 2945/2945 2957/2957 2959/2959
f 2704/2704 2947/2947 2702/2702
f 2945/2945 2702/2702 2947/2947
f 2959/2959 2946/2946 2945/2945
f 2946/2946 2959/2959 2961/2961
f 2961/2961 2943/2943 2946/2946
f 2776/2776 2945/2945 2946/2946
f 2780/2780 2946/2946 2943/2943
f 2946/2946 2780/2780 2776/2776
f 2943/2943 2778/2778 2780/2780
f 2778/2778 2943/2943 2944/2944
f 2777/2777 2776/2776 2780/2780
f 2778/2778 2777/2777 2780/2780
f 2945/2945 2776/2776 2705/2705
f 2702/2702 2945/2945 2705/2705
f 2944/2944 2977/2977 2778/2778
f 2977/2977 2944/2944 2978/2978
f 2977/2977 2779/2779 2778/2778
f 2777/2777 2778/2778 2779/2779
f 2978/2978 2757/2757 2977/2977
f 2757/2757 2978/2978 2941/2941
f 2779/2779 2977/2977 2975/2975
f 2757/2757 2975/2975 2977/2977
f 2941/2941 2758/2758 2757/2757
f 2758/2758 2941/2941 2942/2942
f 2975/2975 2757/2757 2754/2754
f 2942/2942 2750/2750 2758/2758
f 2750/2750 2942/2942 2751/2751
f 2755/2755 2757/2757 2758/2758
f 2757/2757 2755/2755 2754/2754
f 2747/2747 2758/2758 2750/2750
f 2758/2758 2747/2747 2755/2755
f 2751/2751 2749/2749 2750/2750
f 2749/2749 2751/2751 2752/2752
f 2750/2750 2745/2745 2747/2747
f 2749/2749 2745/2745 2750/2750
f 2752/2752 2773/2773 2749/2749
f 2749/2749 2771/2771 2745/2745
f 2771/2771 2749/2749 2773/2773
f 2773/2773 2752/2752 2774/2774
f 2752/2752 2710/2710 2774/2774
f 2773/2773 2760/2760 2771/2771
f 2774/2774 2761/2761 2773/2773
f 2760/2760 2773/2773 2761/2761
f 2710/2710 2763/2763 2774/2774
f 2761/2761 2774/2774 2763/2763
f 2763/2763 2710/2710 2707/2707
f 2708/2708 2707/2707 2710/2710
f 2707/2707 2708/2708 2709/2709
f 2762/2762 2761/2761 2763/2763
f 2709/2709 2711/2711 2707/2707
f 2711/2711 2709/2709 2712/2712
f 2764/2764 2763/2763 2707/2707
f 2707/2707 2711/2711 2764/2764
f 2763/2763 2764/2764 2762/2762
f 2713/2713 2711/2711 2712/2712
f 2712/2712 2714/2714 2713/2713
f 2766/2766 2764/2764 2711/2711
f 2711/2711 2713/2713 2766/2766
f 2765/2765 2762/2762 2764/2764
f 2764/2764 2766/2766 2765/2765
f 2761/2761 2762/2762 2759/2759
f 2759/2759 2760/2760 2761/2761
f 2762/2762 2765/2765 2767/2767
f 2767/2767 2759/2759 2762/2762
f 2766/2766 2731/2731 2765/2765
f 2765/2765 2725/2725 2767/2767
f 2725/2725 2765/2765 2731/2731
f 2759/2759 2767/2767 2770/2770
f 2727/2727 2767/2767 2725/2725
f 2767/2767 2727/2727 2770/2770
f 2768/2768 2760/2760 2759/2759
f 2770/2770 2768/2768 2759/2759
f 2768/2768 2769/2769 2760/2760
f 2771/2771 2760/2760 2769/2769
f 2768/2768 2770/2770 3745/3745
f 2771/2771 2769/2769 2772/2772
f 2771/2771 2772/2772 2745/2745
f 2768/2768 3744/3744 2769/2769
f 3744/3744 2772/2772 2769/2769
f 3744/3744 2768/2768 3745/3745
f 2746/2746 2745/2745 2772/2772
f 2745/2745 2746/2746 2747/2747
f 2772/2772 3744/3744 3747/3747
f 2746/2746 2772/2772 3747/3747
f 2748/2748 2747/2747 2746/2746
f 2748/2748 2755/2755 2747/2747
f 3746/3746 2746/2746 3747/3747
f 3746/3746 2748/2748 2746/2746
f 2755/2755 2748/2748 2756/2756
f 2748/2748 3746/3746 3752/3752
f 3752/3752 2756/2756 2748/2748
f 2753/2753 2755/2755 2756/2756
f 2753/2753 2754/2754 2755/2755
f 2756/2756 3752/3752 3449/3449
f 3449/3449 2753/2753 2756/2756
f 2976/2976 2754/2754 2753/2753
f 2754/2754 2976/2976 2975/2975
f 2753/2753 3449/3449 3048/3048
f 2788/2788 2975/2975 2976/2976
f 2975/2975 2788/2788 2779/2779
f 2753/2753 3047/3047 2976/2976
f 3047/3047 2753/2753 3048/3048
f 2976/2976 3029/3029 2788/2788
f 3029/3029 2976/2976 3047/3047
f 2787/2787 2779/2779 2788/2788
f 2779/2779 2787/2787 2777/2777
f 3028/3028 2788/2788 3029/3029
f 2788/2788 3028/3028 2787/2787
f 3029/3029 3047/3047 3768/3768
f 3028/3028 3029/3029 3769/3769
f 3769/3769 3029/3029 3768/3768
f 3025/3025 2787/2787 3028/3028
f 3774/3774 3028/3028 3769/3769
f 3025/3025 3028/3028 3774/3774
f 2797/2797 2777/2777 2787/2787
f 2787/2787 3025/3025 2797/2797
f 2777/2777 2797/2797 2775/2775
f 2776/2776 2777/2777 2775/2775
f 2775/2775 2705/2705 2776/2776
f 3025/3025 3026/3026 2797/2797
f 2705/2705 2775/2775 2706/2706
f 3026/3026 3025/3025 3773/3773
f 3773/3773 3025/3025 3774/3774
f 2796/2796 2797/2797 3026/3026
f 2797/2797 2796/2796 2775/2775
f 3050/3050 3026/3026 3773/3773
f 3050/3050 2796/2796 3026/3026
f 2793/2793 2775/2775 2796/2796
f 2793/2793 2706/2706 2775/2775
f 2796/2796 3050/3050 2794/2794
f 2794/2794 2793/2793 2796/2796
f 2703/2703 2705/2705 2706/2706
f 2705/2705 2703/2703 2702/2702
f 2706/2706 2793/2793 2798/2798
f 2798/2798 2703/2703 2706/2706
f 2701/2701 2702/2702 2703/2703
f 2702/2702 2701/2701 2704/2704
f 2703/2703 2798/2798 2803/2803
f 2701/2701 2697/2697 2704/2704
f 2949/2949 2704/2704 2697/2697
f 2703/2703 2802/2802 2701/2701
f 2802/2802 2703/2703 2803/2803
f 2697/2697 2701/2701 2700/2700
f 2802/2802 2700/2700 2701/2701
f 2699/2699 2949/2949 2697/2697
f 2698/2698 2697/2697 2700/2700
f 2697/2697 2698/2698 2699/2699
f 2700/2700 2802/2802 2801/2801
f 2949/2949 2699/2699 2950/2950
f 2954/2954 2949/2949 2950/2950
f 2700/2700 2800/2800 2698/2698
f 2800/2800 2700/2700 2801/2801
f 3518/3518 2699/2699 2698/2698
f 3517/3517 2698/2698 2800/2800
f 3517/3517 3518/3518 2698/2698
f 3519/3519 2950/2950 2699/2699
f 3518/3518 3519/3519 2699/2699
f 3520/3520 2954/2954 2950/2950
f 2950/2950 3519/3519 3520/3520
f 2954/2954 3520/3520 3521/3521
f 3521/3521 2952/2952 2954/2954
f 2952/2952 3521/3521 3522/3522
f 3519/3519 4154/4154 3520/3520
f 3521/3521 4156/4156 3522/3522
f 4200/4200 3522/3522 4156/4156
f 3520/3520 4157/4157 3521/3521
f 4156/4156 3521/3521 4157/4157
f 4157/4157 3520/3520 4154/4154
f 4158/4158 4200/4200 4156/4156
f 4155/4155 4156/4156 4157/4157
f 4156/4156 4155/4155 4158/4158
f 4153/4153 4157/4157 4154/4154
f 4157/4157 4153/4153 4155/4155
f 4154/4154 3519/3519 3909/3909
f 3909/3909 4153/4153 4154/4154
f 3518/3518 3909/3909 3519/3519
f 3909/3909 3518/3518 3907/3907
f 3517/3517 3907/3907 3518/3518
f 4153/4153 3909/3909 3908/3908
f 3907/3907 3908/3908 3909/3909
f 3907/3907 3517/3517 4010/4010
f 3908/3908 3907/3907 3910/3910
f 4010/4010 3910/3910 3907/3907
f 3516/3516 4010/4010 3517/3517
f 3516/3516 3517/3517 2800/2800
f 3910/3910 4010/4010 4011/4011
f 3516/3516 2800/2800 2804/2804
f 2801/2801 2804/2804 2800/2800
f 4010/4010 3516/3516 4014/4014
f 4014/4014 4011/4011 4010/4010
f 3515/3515 3516/3516 2804/2804
f 3515/3515 4014/4014 3516/3516
f 2804/2804 2801/2801 2805/2805
f 2804/2804 2823/2823 3515/3515
f 2805/2805 2823/2823 2804/2804
f 4014/4014 3515/3515 4032/4032
f 2801/2801 2806/2806 2805/2805
f 2806/2806 2801/2801 2802/2802
f 2803/2803 2806/2806 2802/2802
f 2823/2823 2805/2805 2821/2821
f 2806/2806 2821/2821 2805/2805
f 3514/3514 3515/3515 2823/2823
f 3514/3514 4032/4032 3515/3515
f 2806/2806 2803/2803 2807/2807
f 2798/2798 2807/2807 2803/2803
f 2821/2821 2806/2806 2827/2827
f 2807/2807 2827/2827 2806/2806
f 2821/2821 2820/2820 2823/2823
f 2823/2823 2820/2820 3514/3514
f 2807/2807 2798/2798 2799/2799
f 2793/2793 2799/2799 2798/2798
f 2827/2827 2807/2807 2825/2825
f 2799/2799 2825/2825 2807/2807
f 2799/2799 2793/2793 2795/2795
f 2793/2793 2794/2794 2795/2795
f 2825/2825 2799/2799 2819/2819
f 2795/2795 2819/2819 2799/2799
f 2825/2825 2824/2824 2827/2827
f 2819/2819 2795/2795 2792/2792
f 2794/2794 2792/2792 2795/2795
f 2819/2819 2826/2826 2825/2825
f 2824/2824 2825/2825 2826/2826
f 2792/2792 2818/2818 2819/2819
f 2826/2826 2819/2819 2818/2818
f 2792/2792 2794/2794 2791/2791
f 2818/2818 2833/2833 2826/2826
f 2794/2794 3049/3049 2791/2791
f 3049/3049 2794/2794 3050/3050
f 2791/2791 2790/2790 2792/2792
f 2790/2790 2818/2818 2792/2792
f 3049/3049 2789/2789 2791/2791
f 2789/2789 2790/2790 2791/2791
f 2790/2790 2817/2817 2818/2818
f 2817/2817 2833/2833 2818/2818
f 2789/2789 3020/3020 2790/2790
f 2816/2816 2817/2817 2790/2790
f 3020/3020 2816/2816 2790/2790
f 2817/2817 2834/2834 2833/2833
f 2816/2816 2815/2815 2817/2817
f 2834/2834 2817/2817 2815/2815
f 2835/2835 2826/2826 2833/2833
f 2826/2826 2835/2835 2824/2824
f 2832/2832 2833/2833 2834/2834
f 2833/2833 2832/2832 2835/2835
f 2829/2829 2824/2824 2835/2835
f 2830/2830 2835/2835 2832/2832
f 2835/2835 2830/2830 2829/2829
f 2834/2834 2838/2838 2832/2832
f 2824/2824 2829/2829 2822/2822
f 2822/2822 2827/2827 2824/2824
f 2827/2827 2822/2822 2821/2821
f 2820/2820 2821/2821 2822/2822
f 2831/2831 2822/2822 2829/2829
f 2822/2822 2831/2831 2820/2820
f 2829/2829 2828/2828 2831/2831
f 2828/2828 2829/2829 2830/2830
f 3513/3513 2820/2820 2831/2831
f 3513/3513 3514/3514 2820/2820
f 3512/3512 2831/2831 2828/2828
f 3512/3512 3513/3513 2831/2831
f 3513/3513 4030/4030 3514/3514
f 4032/4032 3514/3514 4030/4030
f 3512/3512 4040/4040 3513/3513
f 4030/4030 3513/3513 4040/4040
f 2828/2828 3511/3511 3512/3512
f 4030/4030 4031/4031 4032/4032
f 3511/3511 2828/2828 2836/2836
f 2830/2830 2836/2836 2828/2828
f 3511/3511 4038/4038 3512/3512
f 4040/4040 3512/3512 4038/4038
f 2836/2836 2830/2830 2837/2837
f 2832/2832 2837/2837 2830/2830
f 2837/2837 2832/2832 2838/2838
f 4040/4040 4033/4033 4030/4030
f 4031/4031 4030/4030 4033/4033
f 4033/4033 4040/4040 4039/4039
f 4038/4038 4039/4039 4040/4040
f 4033/4033 4037/4037 4031/4031
f 4039/4039 4035/4035 4033/4033
f 4037/4037 4033/4033 4035/4035
f 4039/4039 4038/4038 4041/4041
f 4035/4035 4039/4039 4045/4045
f 4041/4041 4045/4045 4039/4039
f 4046/4046 4041/4041 4038/4038
f 4038/4038 3511/3511 4046/4046
f 4045/4045 4041/4041 4043/4043
f 3510/3510 4046/4046 3511/3511
f 3510/3510 3511/3511 2836/2836
f 4041/4041 4046/4046 4047/4047
f 4047/4047 4043/4043 4041/4041
f 4046/4046 3510/3510 4052/4052
f 4052/4052 4047/4047 4046/4046
f 3510/3510 2836/2836 2842/2842
f 2837/2837 2842/2842 2836/2836
f 3509/3509 4052/4052 3510/3510
f 3509/3509 3510/3510 2842/2842
f 2842/2842 2837/2837 2840/2840
f 2838/2838 2840/2840 2837/2837
f 3509/3509 2842/2842 2841/2841
f 2840/2840 2841/2841 2842/2842
f 4052/4052 3509/3509 4050/4050
f 2841/2841 2840/2840 2843/2843
f 2841/2841 3448/3448 3509/3509
f 4050/4050 3509/3509 3448/3448
f 3447/3447 2841/2841 2843/2843
f 2841/2841 3447/3447 3448/3448
f 2847/2847 2843/2843 2840/2840
f 2840/2840 2838/2838 2847/2847
f 3447/3447 2843/2843 2844/2844
f 2843/2843 2847/2847 2844/2844
f 2839/2839 2847/2847 2838/2838
f 2838/2838 2834/2834 2839/2839
f 2815/2815 2839/2839 2834/2834
f 2847/2847 2839/2839 2845/2845
f 2845/2845 2844/2844 2847/2847
f 2839/2839 2815/2815 2812/2812
f 2812/2812 2845/2845 2839/2839
f 2813/2813 2812/2812 2815/2815
f 2815/2815 2816/2816 2813/2813
f 2845/2845 2812/2812 2809/2809
f 2812/2812 2813/2813 2814/2814
f 2814/2814 2809/2809 2812/2812
f 2736/2736 2813/2813 2816/2816
f 2809/2809 2846/2846 2845/2845
f 2844/2844 2845/2845 2846/2846
f 2813/2813 2736/2736 2733/2733
f 2733/2733 2814/2814 2813/2813
f 2816/2816 2744/2744 2736/2736
f 2744/2744 2816/2816 3020/3020
f 2734/2734 2733/2733 2736/2736
f 2743/2743 2736/2736 2744/2744
f 2736/2736 2743/2743 2734/2734
f 3020/3020 3743/3743 2744/2744
f 2744/2744 3754/3754 2743/2743
f 3754/3754 2744/2744 3743/3743
f 3743/3743 3020/3020 3052/3052
f 3052/3052 3020/3020 2789/2789
f 3743/3743 3758/3758 3754/3754
f 3051/3051 3052/3052 2789/2789
f 2789/2789 3049/3049 3051/3051
f 3052/3052 3759/3759 3743/3743
f 3759/3759 3758/3758 3743/3743
f 3052/3052 3051/3051 3760/3760
f 3760/3760 3759/3759 3052/3052
f 3771/3771 3051/3051 3049/3049
f 3049/3049 3050/3050 3771/3771
f 3770/3770 3760/3760 3051/3051
f 3051/3051 3771/3771 3770/3770
f 3053/3053 3759/3759 3760/3760
f 3053/3053 3760/3760 3770/3770
f 3772/3772 3771/3771 3050/3050
f 3050/3050 3773/3773 3772/3772
f 3040/3040 3770/3770 3771/3771
f 3771/3771 3772/3772 3040/3040
f 3042/3042 3053/3053 3770/3770
f 3770/3770 3040/3040 3042/3042
f 3772/3772 3773/3773 3753/3753
f 3773/3773 3774/3774 3753/3753
f 3063/3063 3040/3040 3772/3772
f 3772/3772 3753/3753 3063/3063
f 3040/3040 3039/3039 3042/3042
f 3040/3040 3063/3063 3041/3041
f 3039/3039 3040/3040 3041/3041
f 3063/3063 3753/3753 3064/3064
f 3041/3041 3063/3063 3064/3064
f 3044/3044 3753/3753 3774/3774
f 3769/3769 3044/3044 3774/3774
f 3046/3046 3753/3753 3044/3044
f 3753/3753 3046/3046 3064/3064
f 3044/3044 3769/3769 3045/3045
f 3768/3768 3045/3045 3769/3769
f 3044/3044 3043/3043 3046/3046
f 3043/3043 3044/3044 3045/3045
f 3045/3045 3768/3768 3038/3038
f 3045/3045 3035/3035 3043/3043
f 3035/3035 3045/3045 3038/3038
f 3728/3728 3046/3046 3043/3043
f 3035/3035 3728/3728 3043/3043
f 3768/3768 3775/3775 3038/3038
f 3768/3768 3047/3047 3775/3775
f 3047/3047 3048/3048 3775/3775
f 3036/3036 3035/3035 3038/3038
f 3038/3038 3775/3775 3036/3036
f 3775/3775 3048/3048 3763/3763
f 3449/3449 3763/3763 3048/3048
f 3775/3775 3115/3115 3036/3036
f 3115/3115 3775/3775 3763/3763
f 3035/3035 3036/3036 3037/3037
f 3037/3037 3036/3036 3115/3115
f 3763/3763 3449/3449 3764/3764
f 3449/3449 3752/3752 3764/3764
f 3763/3763 3031/3031 3115/3115
f 3031/3031 3763/3763 3764/3764
f 3037/3037 3115/3115 3116/3116
f 3116/3116 3115/3115 3031/3031
f 3037/3037 3726/3726 3035/3035
f 3728/3728 3035/3035 3726/3726
f 3718/3718 3037/3037 3116/3116
f 3726/3726 3037/3037 3718/3718
f 3726/3726 3725/3725 3728/3728
f 3718/3718 3727/3727 3726/3726
f 3725/3725 3726/3726 3727/3727
f 3727/3727 3718/3718 3715/3715
f 3725/3725 3733/3733 3728/3728
f 3046/3046 3728/3728 3733/3733
f 3733/3733 3725/3725 3731/3731
f 3733/3733 3064/3064 3046/3046
f 3731/3731 3732/3732 3733/3733
f 3064/3064 3733/3733 3732/3732
f 3732/3732 3731/3731 3734/3734
f 3737/3737 3732/3732 3734/3734
f 3738/3738 3064/3064 3732/3732
f 3732/3732 3737/3737 3738/3738
f 3064/3064 3738/3738 3041/3041
f 3730/3730 3738/3738 3737/3737
f 3729/3729 3041/3041 3738/3738
f 3738/3738 3730/3730 3729/3729
f 3041/3041 3729/3729 3039/3039
f 3706/3706 3729/3729 3730/3730
f 3729/3729 3706/3706 3703/3703
f 3039/3039 3729/3729 3703/3703
f 3704/3704 3703/3703 3706/3706
f 3039/3039 3703/3703 3056/3056
f 3042/3042 3039/3039 3056/3056
f 3042/3042 3056/3056 3053/3053
f 3703/3703 3704/3704 3705/3705
f 3705/3705 3056/3056 3703/3703
f 3054/3054 3053/3053 3056/3056
f 3056/3056 3705/3705 3054/3054
f 3053/3053 3054/3054 3055/3055
f 3759/3759 3053/3053 3055/3055
f 3055/3055 3758/3758 3759/3759
f 3054/3054 3057/3057 3055/3055
f 3758/3758 3055/3055 3057/3057
f 3705/3705 3058/3058 3054/3054
f 3057/3057 3054/3054 3058/3058
f 3704/3704 3740/3740 3705/3705
f 3058/3058 3705/3705 3740/3740
f 3740/3740 3704/3704 3739/3739
f 3058/3058 3059/3059 3057/3057
f 3739/3739 3714/3714 3740/3740
f 3714/3714 3739/3739 3712/3712
f 3740/3740 3060/3060 3058/3058
f 3060/3060 3740/3740 3714/3714
f 3059/3059 3058/3058 3060/3060
f 3712/3712 3711/3711 3714/3714
f 3711/3711 3712/3712 3713/3713
f 3714/3714 3741/3741 3060/3060
f 3741/3741 3714/3714 3711/3711
f 3060/3060 3751/3751 3059/3059
f 3751/3751 3060/3060 3741/3741
f 3713/3713 3721/3721 3711/3711
f 3721/3721 3713/3713 3722/3722
f 3711/3711 3022/3022 3741/3741
f 3022/3022 3711/3711 3721/3721
f 3741/3741 3024/3024 3751/3751
f 3024/3024 3741/3741 3022/3022
f 3721/3721 3722/3722 3723/3723
f 3724/3724 3723/3723 3722/3722
f 3721/3721 3023/3023 3022/3022
f 3023/3023 3721/3721 3723/3723
f 3724/3724 3708/3708 3723/3723
f 3708/3708 3023/3023 3723/3723
f 3708/3708 3724/3724 3709/3709
f 3707/3707 3708/3708 3709/3709
f 3707/3707 3710/3710 3708/3708
f 3735/3735 3710/3710 3707/3707
f 3119/3119 3708/3708 3710/3710
f 3708/3708 3119/3119 3023/3023
f 3735/3735 3736/3736 3710/3710
f 3720/3720 3736/3736 3735/3735
f 3710/3710 3742/3742 3119/3119
f 3736/3736 3742/3742 3710/3710
f 3720/3720 3719/3719 3736/3736
f 3717/3717 3719/3719 3720/3720
f 3736/3736 3033/3033 3742/3742
f 3719/3719 3033/3033 3736/3736
f 3119/3119 3742/3742 3118/3118
f 3118/3118 3023/3023 3119/3119
f 3717/3717 3716/3716 3719/3719
f 3715/3715 3716/3716 3717/3717
f 3715/3715 3718/3718 3716/3716
f 3718/3718 3116/3116 3716/3716
f 3716/3716 3030/3030 3719/3719
f 3716/3716 3116/3116 3030/3030
f 3719/3719 3030/3030 3033/3033
f 3031/3031 3030/3030 3116/3116
f 3030/3030 3031/3031 3032/3032
f 3032/3032 3033/3033 3030/3030
f 3764/3764 3032/3032 3031/3031
f 3032/3032 3750/3750 3033/3033
f 3750/3750 3742/3742 3033/3033
f 3750/3750 3118/3118 3742/3742
f 3032/3032 3764/3764 3776/3776
f 3776/3776 3750/3750 3032/3032
f 3764/3764 3752/3752 3776/3776
f 3752/3752 3746/3746 3776/3776
f 3776/3776 3746/3746 3762/3762
f 3750/3750 3776/3776 3762/3762
f 3746/3746 3747/3747 3762/3762
f 3762/3762 3761/3761 3750/3750
f 3762/3762 3747/3747 3761/3761
f 3750/3750 3761/3761 3118/3118
f 3747/3747 3765/3765 3761/3761
f 3765/3765 3747/3747 3744/3744
f 3761/3761 3034/3034 3118/3118
f 3034/3034 3761/3761 3765/3765
f 3023/3023 3118/3118 3034/3034
f 3744/3744 3766/3766 3765/3765
f 3766/3766 3744/3744 3745/3745
f 3765/3765 3027/3027 3034/3034
f 3027/3027 3765/3765 3766/3766
f 3034/3034 3027/3027 3023/3023
f 3745/3745 3767/3767 3766/3766
f 3766/3766 3767/3767 3027/3027
f 3027/3027 3021/3021 3023/3023
f 3027/3027 3767/3767 3021/3021
f 3021/3021 3022/3022 3023/3023
f 3022/3022 3021/3021 3024/3024
f 3767/3767 3745/3745 3062/3062
f 3745/3745 2770/2770 3062/3062
f 3756/3756 3021/3021 3767/3767
f 3062/3062 3756/3756 3767/3767
f 3021/3021 3756/3756 3024/3024
f 2770/2770 3061/3061 3062/3062
f 3756/3756 3062/3062 3061/3061
f 3061/3061 2770/2770 2727/2727
f 3755/3755 3024/3024 3756/3756
f 3061/3061 3755/3755 3756/3756
f 3024/3024 3755/3755 3751/3751
f 3755/3755 3059/3059 3751/3751
f 2726/2726 3061/3061 2727/2727
f 2725/2725 2726/2726 2727/2727
f 3755/3755 3061/3061 3749/3749
f 3061/3061 2726/2726 3749/3749
f 3059/3059 3755/3755 3757/3757
f 3749/3749 3757/3757 3755/3755
f 3757/3757 3057/3057 3059/3059
f 3057/3057 3757/3757 3758/3758
f 3757/3757 3749/3749 3748/3748
f 3748/3748 3758/3758 3757/3757
f 2726/2726 3748/3748 3749/3749
f 3758/3758 3748/3748 3754/3754
f 3748/3748 2743/2743 3754/3754
f 2743/2743 3748/3748 2742/2742
f 3748/3748 2726/2726 2742/2742
f 2742/2742 2734/2734 2743/2743
f 2726/2726 2725/2725 2728/2728
f 2728/2728 2742/2742 2726/2726
f 2731/2731 2728/2728 2725/2725
f 2734/2734 2742/2742 2741/2741
f 2742/2742 2728/2728 2741/2741
f 2728/2728 2731/2731 2730/2730
f 2730/2730 2741/2741 2728/2728
f 2741/2741 2735/2735 2734/2734
f 2733/2733 2734/2734 2735/2735
f 2741/2741 2730/2730 2740/2740
f 2735/2735 2741/2741 2740/2740
f 2735/2735 2737/2737 2733/2733
f 2814/2814 2733/2733 2737/2737
f 2740/2740 2738/2738 2735/2735
f 2737/2737 2735/2735 2738/2738
f 2730/2730 2739/2739 2740/2740
f 2738/2738 2740/2740 2739/2739
f 2729/2729 2730/2730 2731/2731
f 2731/2731 2766/2766 2729/2729
f 2713/2713 2729/2729 2766/2766
f 2730/2730 2729/2729 2732/2732
f 2739/2739 2730/2730 2732/2732
f 2729/2729 2713/2713 2717/2717
f 2717/2717 2732/2732 2729/2729
f 2714/2714 2717/2717 2713/2713
f 2716/2716 2739/2739 2732/2732
f 2732/2732 2717/2717 2716/2716
f 2717/2717 2714/2714 2715/2715
f 2715/2715 2716/2716 2717/2717
f 3072/3072 2715/2715 2714/2714
f 2739/2739 2716/2716 2719/2719
f 2719/2719 2738/2738 2739/2739
f 2716/2716 2715/2715 2718/2718
f 2718/2718 2719/2719 2716/2716
f 2715/2715 3072/3072 3073/3073
f 3073/3073 2718/2718 2715/2715
f 3300/3300 3073/3073 3072/3072
f 2738/2738 2719/2719 2723/2723
f 2723/2723 2737/2737 2738/2738
f 3073/3073 3300/3300 3302/3302
f 3300/3300 3373/3373 3302/3302
f 2718/2718 3073/3073 3074/3074
f 3302/3302 3074/3074 3073/3073
f 2719/2719 2718/2718 2720/2720
f 3074/3074 2720/2720 2718/2718
f 2720/2720 2723/2723 2719/2719
f 3074/3074 3302/3302 3303/3303
f 2720/2720 3074/3074 3075/3075
f 3303/3303 3075/3075 3074/3074
f 2723/2723 2720/2720 2721/2721
f 3075/3075 2721/2721 2720/2720
f 2737/2737 2723/2723 2722/2722
f 2721/2721 2722/2722 2723/2723
f 2722/2722 2814/2814 2737/2737
f 2721/2721 3075/3075 3076/3076
f 2814/2814 2722/2722 2810/2810
f 2809/2809 2814/2814 2810/2810
f 2722/2722 2721/2721 2724/2724
f 2724/2724 2810/2810 2722/2722
f 3076/3076 2724/2724 2721/2721
f 2808/2808 2809/2809 2810/2810
f 2810/2810 2724/2724 2808/2808
f 2809/2809 2808/2808 2811/2811
f 2846/2846 2809/2809 2811/2811
f 3077/3077 2808/2808 2724/2724
f 2724/2724 3076/3076 3077/3077
f 3078/3078 2811/2811 2808/2808
f 2808/2808 3077/3077 3078/3078
f 3079/3079 2846/2846 2811/2811
f 2811/2811 3078/3078 3079/3079
f 2846/2846 3079/3079 3080/3080
f 3080/3080 2844/2844 2846/2846
f 3308/3308 3079/3079 3078/3078
f 2844/2844 3080/3080 3081/3081
f 2844/2844 3081/3081 3447/3447
f 3309/3309 3080/3080 3079/3079
f 3079/3079 3308/3308 3309/3309
f 3081/3081 3315/3315 3447/3447
f 3447/3447 3315/3315 3448/3448
f 3080/3080 3314/3314 3081/3081
f 3314/3314 3315/3315 3081/3081
f 3080/3080 3309/3309 3313/3313
f 3314/3314 3080/3080 3313/3313
f 3434/3434 3313/3313 3309/3309
f 3431/3431 3314/3314 3313/3313
f 3313/3313 3434/3434 3431/3431
f 3309/3309 3432/3432 3434/3434
f 3432/3432 3309/3309 3308/3308
f 3435/3435 3431/3431 3434/3434
f 3433/3433 3434/3434 3432/3432
f 3434/3434 3433/3433 3435/3435
f 3308/3308 3410/3410 3432/3432
f 3432/3432 3412/3412 3433/3433
f 3412/3412 3432/3432 3410/3410
f 3404/3404 3435/3435 3433/3433
f 3435/3435 3404/3404 3425/3425
f 3425/3425 3430/3430 3435/3435
f 3431/3431 3435/3435 3430/3430
f 3433/3433 3405/3405 3404/3404
f 3405/3405 3433/3433 3412/3412
f 3366/3366 3404/3404 3405/3405
f 3430/3430 3428/3428 3431/3431
f 3314/3314 3431/3431 3428/3428
f 3428/3428 3430/3430 3426/3426
f 3406/3406 3366/3366 3405/3405
f 3412/3412 3406/3406 3405/3405
f 3369/3369 3366/3366 3406/3406
f 3426/3426 3427/3427 3428/3428
f 3427/3427 3426/3426 3429/3429
f 3428/3428 3316/3316 3314/3314
f 3316/3316 3428/3428 3427/3427
f 3315/3315 3314/3314 3316/3316
f 4622/4622 3427/3427 3429/3429
f 3429/3429 4599/4599 4622/4622
f 4640/4640 4622/4622 4599/4599
f 4623/4623 3316/3316 3427/3427
f 3427/3427 4622/4622 4623/4623
f 4622/4622 4640/4640 4624/4624
f 4624/4624 4623/4623 4622/4622
f 4621/4621 4624/4624 4640/4640
f 3316/3316 4623/4623 4514/4514
f 4514/4514 3315/3315 3316/3316
f 4623/4623 4624/4624 4625/4625
f 4625/4625 4514/4514 4623/4623
f 4624/4624 4621/4621 4629/4629
f 4629/4629 4625/4625 4624/4624
f 4601/4601 4629/4629 4621/4621
f 4514/4514 4625/4625 4513/4513
f 4625/4625 4629/4629 4628/4628
f 4628/4628 4513/4513 4625/4625
f 4629/4629 4601/4601 4627/4627
f 4627/4627 4628/4628 4629/4629
f 4600/4600 4627/4627 4601/4601
f 4561/4561 4600/4600 4601/4601
f 4628/4628 4627/4627 4626/4626
f 4561/4561 4602/4602 4600/4600
f 4602/4602 4561/4561 4565/4565
f 4600/4600 4608/4608 4627/4627
f 4608/4608 4600/4600 4602/4602
f 4608/4608 4626/4626 4627/4627
f 4565/4565 4603/4603 4602/4602
f 4603/4603 4565/4565 4568/4568
f 4602/4602 4606/4606 4608/4608
f 4570/4570 4603/4603 4568/4568
f 4568/4568 4569/4569 4570/4570
f 4500/4500 4570/4570 4569/4569
f 4609/4609 4602/4602 4603/4603
f 4602/4602 4609/4609 4606/4606
f 4603/4603 4570/4570 4604/4604
f 4603/4603 4610/4610 4609/4609
f 4610/4610 4603/4603 4604/4604
f 4609/4609 4607/4607 4606/4606
f 4607/4607 4609/4609 4610/4610
f 4606/4606 4605/4605 4608/4608
f 4605/4605 4606/4606 4607/4607
f 4626/4626 4608/4608 4605/4605
f 4610/4610 4511/4511 4607/4607
f 4607/4607 4510/4510 4605/4605
f 4510/4510 4607/4607 4511/4511
f 4605/4605 4508/4508 4626/4626
f 4508/4508 4605/4605 4510/4510
f 4509/4509 4626/4626 4508/4508
f 4626/4626 4509/4509 4628/4628
f 4513/4513 4628/4628 4509/4509
f 4510/4510 4282/4282 4508/4508
f 4509/4509 4284/4284 4513/4513
f 4284/4284 4514/4514 4513/4513
f 4508/4508 4283/4283 4509/4509
f 4284/4284 4509/4509 4283/4283
f 4283/4283 4508/4508 4282/4282
f 4514/4514 4284/4284 4285/4285
f 3315/3315 4514/4514 4285/4285
f 4283/4283 4057/4057 4284/4284
f 4641/4641 3315/3315 4285/4285
f 3315/3315 4641/4641 3448/3448
f 4641/4641 4050/4050 3448/3448
f 4284/4284 4054/4054 4285/4285
f 4054/4054 4641/4641 4285/4285
f 4054/4054 4284/4284 4057/4057
f 4050/4050 4641/4641 4053/4053
f 4641/4641 4054/4054 4053/4053
f 4051/4051 4050/4050 4053/4053
f 4050/4050 4051/4051 4052/4052
f 4047/4047 4052/4052 4051/4051
f 4056/4056 4053/4053 4054/4054
f 4053/4053 4056/4056 4051/4051
f 4051/4051 4048/4048 4047/4047
f 4048/4048 4051/4051 4056/4056
f 4043/4043 4047/4047 4048/4048
f 4054/4054 4055/4055 4056/4056
f 4055/4055 4054/4054 4057/4057
f 4056/4056 4049/4049 4048/4048
f 4049/4049 4056/4056 4055/4055
f 4048/4048 4044/4044 4043/4043
f 4044/4044 4048/4048 4049/4049
f 4042/4042 4043/4043 4044/4044
f 4043/4043 4042/4042 4045/4045
f 4049/4049 4024/4024 4044/4044
f 4036/4036 4045/4045 4042/4042
f 4045/4045 4036/4036 4035/4035
f 4044/4044 4027/4027 4042/4042
f 4027/4027 4044/4044 4024/4024
f 4042/4042 4028/4028 4036/4036
f 4028/4028 4042/4042 4027/4027
f 4034/4034 4035/4035 4036/4036
f 4035/4035 4034/4034 4037/4037
f 4029/4029 4036/4036 4028/4028
f 4036/4036 4029/4029 4034/4034
f 4027/4027 3999/3999 4028/4028
f 4028/4028 4001/4001 4029/4029
f 4001/4001 4028/4028 3999/3999
f 4009/4009 4034/4034 4029/4029
f 4005/4005 4029/4029 4001/4001
f 4029/4029 4005/4005 4009/4009
f 4017/4017 4037/4037 4034/4034
f 4034/4034 4009/4009 4017/4017
f 4037/4037 4017/4017 4016/4016
f 4016/4016 4031/4031 4037/4037
f 4008/4008 4017/4017 4009/4009
f 4031/4031 4016/4016 4015/4015
f 4015/4015 4032/4032 4031/4031
f 4032/4032 4015/4015 4014/4014
f 4011/4011 4014/4014 4015/4015
f 4016/4016 4011/4011 4015/4015
f 4013/4013 4016/4016 4017/4017
f 4017/4017 4008/4008 4013/4013
f 4011/4011 4016/4016 4012/4012
f 4016/4016 4013/4013 4012/4012
f 4012/4012 3910/3910 4011/4011
f 3913/3913 4012/4012 4013/4013
f 4008/4008 3913/3913 4013/4013
f 3910/3910 4012/4012 3912/3912
f 4012/4012 3913/3913 3912/3912
f 3912/3912 3908/3908 3910/3910
f 3913/3913 4008/4008 3916/3916
f 3908/3908 3912/3912 3914/3914
f 3914/3914 4153/4153 3908/3908
f 3911/3911 3912/3912 3913/3913
f 3912/3912 3911/3911 3914/3914
f 3915/3915 3913/3913 3916/3916
f 3913/3913 3915/3915 3911/3911
f 4008/4008 4004/4004 3916/3916
f 4009/4009 4004/4004 4008/4008
f 4004/4004 4009/4009 4005/4005
f 3916/3916 3985/3985 3915/3915
f 3985/3985 3916/3916 4004/4004
f 4003/4003 4004/4004 4005/4005
f 4001/4001 4003/4003 4005/4005
f 4006/4006 3985/3985 4004/4004
f 4004/4004 4003/4003 4006/4006
f 4003/4003 4001/4001 4000/4000
f 3999/3999 4000/4000 4001/4001
f 4253/4253 4003/4003 4000/4000
f 4000/4000 3999/3999 4002/4002
f 4000/4000 4002/4002 4253/4253
f 4254/4254 4006/4006 4003/4003
f 4253/4253 4254/4254 4003/4003
f 3999/3999 4224/4224 4002/4002
f 4253/4253 4002/4002 4256/4256
f 4224/4224 3999/3999 4026/4026
f 3999/3999 4027/4027 4026/4026
f 4024/4024 4026/4026 4027/4027
f 4255/4255 4002/4002 4224/4224
f 4002/4002 4255/4255 4256/4256
f 4026/4026 3954/3954 4224/4224
f 4224/4224 4909/4909 4255/4255
f 4909/4909 4224/4224 3954/3954
f 4926/4926 4256/4256 4255/4255
f 4925/4925 4255/4255 4909/4909
f 4255/4255 4925/4925 4926/4926
f 4253/4253 4256/4256 4936/4936
f 4936/4936 4254/4254 4253/4253
f 4256/4256 4926/4926 4937/4937
f 4936/4936 4256/4256 4937/4937
f 4925/4925 4257/4257 4926/4926
f 4257/4257 4937/4937 4926/4926
f 4909/4909 4924/4924 4925/4925
f 4257/4257 4925/4925 4260/4260
f 4924/4924 4260/4260 4925/4925
f 4937/4937 4257/4257 4246/4246
f 4924/4924 4909/4909 4920/4920
f 3954/3954 4920/4920 4909/4909
f 4243/4243 4937/4937 4246/4246
f 4936/4936 4937/4937 4243/4243
f 4920/4920 3954/3954 3953/3953
f 4243/4243 4938/4938 4936/4936
f 4254/4254 4936/4936 4938/4938
f 3946/3946 3953/3953 3954/3954
f 3954/3954 4026/4026 3946/3946
f 3953/3953 4914/4914 4920/4920
f 4914/4914 4924/4924 4920/4920
f 4023/4023 3946/3946 4026/4026
f 4026/4026 4024/4024 4023/4023
f 3953/3953 3946/3946 3943/3943
f 4022/4022 4023/4023 4024/4024
f 4024/4024 4049/4049 4022/4022
f 4055/4055 4022/4022 4049/4049
f 3946/3946 4023/4023 3944/3944
f 3944/3944 3943/3943 3946/3946
f 4023/4023 4022/4022 4025/4025
f 4025/4025 3944/3944 4023/4023
f 4022/4022 4055/4055 4019/4019
f 4019/4019 4025/4025 4022/4022
f 4057/4057 4019/4019 4055/4055
f 3944/3944 4025/4025 3947/3947
f 4019/4019 4057/4057 4020/4020
f 4057/4057 4283/4283 4020/4020
f 4282/4282 4020/4020 4283/4283
f 4018/4018 4019/4019 4020/4020
f 4020/4020 4282/4282 4018/4018
f 4025/4025 4019/4019 4021/4021
f 4019/4019 4018/4018 4021/4021
f 3932/3932 4025/4025 4021/4021
f 4025/4025 3932/3932 3947/3947
f 3933/3933 4021/4021 4018/4018
f 4021/4021 3933/3933 3932/3932
f 4281/4281 4018/4018 4282/4282
f 4018/4018 4281/4281 3933/3933
f 4282/4282 4510/4510 4281/4281
f 4511/4511 4281/4281 4510/4510
f 4280/4280 3933/3933 4281/4281
f 4281/4281 4511/4511 4280/4280
f 3931/3931 3932/3932 3933/3933
f 3933/3933 4280/4280 3931/3931
f 4512/4512 4280/4280 4511/4511
f 4511/4511 4610/4610 4512/4512
f 4604/4604 4512/4512 4610/4610
f 4280/4280 4512/4512 4279/4279
f 4279/4279 3931/3931 4280/4280
f 4512/4512 4604/4604 4503/4503
f 4503/4503 4279/4279 4512/4512
f 4604/4604 4502/4502 4503/4503
f 4502/4502 4604/4604 4570/4570
f 4570/4570 4500/4500 4502/4502
f 4279/4279 4503/4503 4278/4278
f 4502/4502 4278/4278 4503/4503
f 3931/3931 4279/4279 3930/3930
f 4278/4278 3930/3930 4279/4279
f 4500/4500 4277/4277 4502/4502
f 4502/4502 4277/4277 4278/4278
f 3930/3930 3934/3934 3931/3931
f 3932/3932 3931/3931 3934/3934
f 3934/3934 3947/3947 3932/3932
f 3930/3930 4278/4278 3928/3928
f 4277/4277 3928/3928 4278/4278
f 3934/3934 3930/3930 3929/3929
f 3928/3928 3929/3929 3930/3930
f 3947/3947 3934/3934 3948/3948
f 3929/3929 3948/3948 3934/3934
f 3945/3945 3947/3947 3948/3948
f 3947/3947 3945/3945 3944/3944
f 3943/3943 3944/3944 3945/3945
f 3948/3948 3929/3929 3949/3949
f 3948/3948 3950/3950 3945/3945
f 3950/3950 3948/3948 3949/3949
f 3945/3945 3951/3951 3943/3943
f 3951/3951 3945/3945 3950/3950
f 3952/3952 3943/3943 3951/3951
f 3943/3943 3952/3952 3953/3953
f 4914/4914 3953/3953 3952/3952
f 3941/3941 3951/3951 3950/3950
f 3949/3949 3941/3941 3950/3950
f 3938/3938 3952/3952 3951/3951
f 3951/3951 3941/3941 3938/3938
f 3937/3937 4914/4914 3952/3952
f 3952/3952 3938/3938 3937/3937
f 3927/3927 3949/3949 3929/3929
f 3929/3929 3928/3928 3927/3927
f 3927/3927 3942/3942 3949/3949
f 3941/3941 3949/3949 3942/3942
f 3927/3927 3928/3928 3925/3925
f 4277/4277 3925/3925 3928/3928
f 3942/3942 3927/3927 3926/3926
f 3925/3925 3926/3926 3927/3927
f 3941/3941 3942/3942 3939/3939
f 3926/3926 3939/3939 3942/3942
f 3925/3925 4277/4277 4276/4276
f 4500/4500 4276/4276 4277/4277
f 4500/4500 4323/4323 4276/4276
f 4322/4322 4276/4276 4323/4323
f 4276/4276 4322/4322 4275/4275
f 4276/4276 4275/4275 3924/3924
f 4276/4276 3924/3924 3925/3925
f 3926/3926 3925/3925 3924/3924
f 3924/3924 3923/3923 3926/3926
f 3939/3939 3926/3926 3923/3923
f 3976/3976 3939/3939 3923/3923
f 3940/3940 3939/3939 3976/3976
f 3939/3939 3940/3940 3941/3941
f 3940/3940 3938/3938 3941/3941
f 3975/3975 3940/3940 3976/3976
f 3940/3940 3935/3935 3938/3938
f 3935/3935 3940/3940 3975/3975
f 3935/3935 3937/3937 3938/3938
f 3977/3977 3935/3935 3975/3975
f 3935/3935 3936/3936 3937/3937
f 3936/3936 3935/3935 3977/3977
f 3977/3977 3980/3980 3936/3936
f 3969/3969 3980/3980 3977/3977
f 4266/4266 3937/3937 3936/3936
f 4266/4266 3936/3936 3980/3980
f 3937/3937 4266/4266 4915/4915
f 4914/4914 3937/3937 4915/4915
f 3980/3980 3969/3969 3978/3978
f 3971/3971 3978/3978 3969/3969
f 4915/4915 4923/4923 4914/4914
f 4924/4924 4914/4914 4923/4923
f 4921/4921 4923/4923 4915/4915
f 4266/4266 4921/4921 4915/4915
f 4923/4923 4261/4261 4924/4924
f 4260/4260 4924/4924 4261/4261
f 4263/4263 4923/4923 4921/4921
f 4263/4263 4261/4261 4923/4923
f 4261/4261 4258/4258 4260/4260
f 4258/4258 4257/4257 4260/4260
f 4263/4263 4262/4262 4261/4261
f 4258/4258 4261/4261 4262/4262
f 4257/4257 4258/4258 4259/4259
f 4259/4259 4246/4246 4257/4257
f 4262/4262 4872/4872 4258/4258
f 4872/4872 4259/4259 4258/4258
f 4246/4246 4259/4259 4244/4244
f 4244/4244 4243/4243 4246/4246
f 4259/4259 4872/4872 4869/4869
f 4869/4869 4244/4244 4259/4259
f 4872/4872 4262/4262 4906/4906
f 4870/4870 4869/4869 4872/4872
f 4906/4906 4870/4870 4872/4872
f 4869/4869 4870/4870 4871/4871
f 4870/4870 4906/4906 4905/4905
f 4871/4871 4895/4895 4869/4869
f 4244/4244 4869/4869 4895/4895
f 4895/4895 4871/4871 4896/4896
f 4895/4895 4245/4245 4244/4244
f 4243/4243 4244/4244 4245/4245
f 4896/4896 4904/4904 4895/4895
f 4245/4245 4895/4895 4904/4904
f 4904/4904 4896/4896 4903/4903
f 4245/4245 4267/4267 4243/4243
f 4938/4938 4243/4243 4267/4267
f 4904/4904 4268/4268 4245/4245
f 4267/4267 4245/4245 4268/4268
f 4903/4903 4898/4898 4904/4904
f 4268/4268 4904/4904 4898/4898
f 4898/4898 4903/4903 4899/4899
f 4897/4897 4898/4898 4899/4899
f 4898/4898 4897/4897 4900/4900
f 4900/4900 4268/4268 4898/4898
f 4891/4891 4900/4900 4897/4897
f 4267/4267 4268/4268 4919/4919
f 4919/4919 4938/4938 4267/4267
f 4268/4268 4900/4900 4249/4249
f 4249/4249 4919/4919 4268/4268
f 4900/4900 4891/4891 4893/4893
f 4893/4893 4249/4249 4900/4900
f 4938/4938 4919/4919 4939/4939
f 4939/4939 4254/4254 4938/4938
f 4919/4919 4249/4249 4248/4248
f 4254/4254 4939/4939 4229/4229
f 4006/4006 4254/4254 4229/4229
f 4919/4919 4940/4940 4939/4939
f 4940/4940 4919/4919 4248/4248
f 4939/4939 4230/4230 4229/4229
f 4230/4230 4939/4939 4940/4940
f 4229/4229 4007/4007 4006/4006
f 4007/4007 4229/4229 4230/4230
f 3985/3985 4006/4006 4007/4007
f 4940/4940 4232/4232 4230/4230
f 4230/4230 3997/3997 4007/4007
f 3997/3997 4230/4230 4232/4232
f 4007/4007 3987/3987 3985/3985
f 3987/3987 4007/4007 3997/3997
f 4232/4232 4940/4940 4935/4935
f 4248/4248 4935/4935 4940/4940
f 4232/4232 3998/3998 3997/3997
f 4935/4935 4233/4233 4232/4232
f 3998/3998 4232/4232 4233/4233
f 4935/4935 4248/4248 4250/4250
f 3990/3990 3997/3997 3998/3998
f 3997/3997 3990/3990 3987/3987
f 4247/4247 4248/4248 4249/4249
f 4248/4248 4247/4247 4250/4250
f 4249/4249 4893/4893 4247/4247
f 4250/4250 4934/4934 4935/4935
f 4233/4233 4935/4935 4934/4934
f 4239/4239 4250/4250 4247/4247
f 4893/4893 4239/4239 4247/4247
f 4934/4934 4250/4250 4241/4241
f 4250/4250 4239/4239 4241/4241
f 4934/4934 4251/4251 4233/4233
f 4239/4239 4893/4893 4892/4892
f 4891/4891 4892/4892 4893/4893
f 4892/4892 4891/4891 4894/4894
f 4241/4241 4941/4941 4934/4934
f 4251/4251 4934/4934 4941/4941
f 4239/4239 4240/4240 4241/4241
f 4941/4941 4241/4241 4240/4240
f 4892/4892 4242/4242 4239/4239
f 4240/4240 4239/4239 4242/4242
f 4894/4894 4883/4883 4892/4892
f 4242/4242 4892/4892 4883/4883
f 4883/4883 4894/4894 4881/4881
f 4242/4242 4317/4317 4240/4240
f 4317/4317 4941/4941 4240/4240
f 4883/4883 4318/4318 4242/4242
f 4317/4317 4242/4242 4318/4318
f 4881/4881 4882/4882 4883/4883
f 4318/4318 4883/4883 4882/4882
f 4882/4882 4881/4881 4884/4884
f 4318/4318 4236/4236 4317/4317
f 4884/4884 4885/4885 4882/4882
f 4885/4885 4884/4884 4886/4886
f 4882/4882 4234/4234 4318/4318
f 4234/4234 4882/4882 4885/4885
f 4236/4236 4318/4318 4234/4234
f 4886/4886 4902/4902 4885/4885
f 4902/4902 4886/4886 4901/4901
f 4885/4885 4237/4237 4234/4234
f 4237/4237 4885/4885 4902/4902
f 4234/4234 4235/4235 4236/4236
f 4235/4235 4234/4234 4237/4237
f 4901/4901 4876/4876 4902/4902
f 4876/4876 4901/4901 4874/4874
f 4902/4902 4908/4908 4237/4237
f 4908/4908 4902/4902 4876/4876
f 4237/4237 4916/4916 4235/4235
f 4916/4916 4237/4237 4908/4908
f 4874/4874 4873/4873 4876/4876
f 4873/4873 4874/4874 4875/4875
f 4890/4890 4873/4873 4875/4875
f 4876/4876 4321/4321 4908/4908
f 4321/4321 4876/4876 4873/4873
f 4873/4873 4890/4890 4889/4889
f 4887/4887 4889/4889 4890/4890
f 4873/4873 4228/4228 4321/4321
f 4228/4228 4873/4873 4889/4889
f 4320/4320 4908/4908 4321/4321
f 4228/4228 4320/4320 4321/4321
f 4908/4908 4320/4320 4916/4916
f 4887/4887 4888/4888 4889/4889
f 4889/4889 4888/4888 4228/4228
f 4880/4880 4888/4888 4887/4887
f 4888/4888 4880/4880 4877/4877
f 4878/4878 4877/4877 4880/4880
f 4227/4227 4888/4888 4877/4877
f 4888/4888 4227/4227 4228/4228
f 4877/4877 4878/4878 4879/4879
f 4905/4905 4879/4879 4878/4878
f 4879/4879 4905/4905 4906/4906
f 4879/4879 4907/4907 4877/4877
f 4227/4227 4877/4877 4907/4907
f 4906/4906 4264/4264 4879/4879
f 4907/4907 4879/4879 4264/4264
f 4264/4264 4906/4906 4262/4262
f 4262/4262 4263/4263 4264/4264
f 4917/4917 4264/4264 4263/4263
f 4917/4917 4907/4907 4264/4264
f 4917/4917 4263/4263 4921/4921
f 4907/4907 4917/4917 4225/4225
f 4921/4921 4225/4225 4917/4917
f 4227/4227 4907/4907 4225/4225
f 4225/4225 4921/4921 4922/4922
f 4922/4922 4921/4921 4266/4266
f 4225/4225 4226/4226 4227/4227
f 4922/4922 4226/4226 4225/4225
f 4228/4228 4227/4227 4226/4226
f 4265/4265 4922/4922 4266/4266
f 3980/3980 4265/4265 4266/4266
f 4226/4226 4922/4922 4933/4933
f 4933/4933 4922/4922 4265/4265
f 3980/3980 4911/4911 4265/4265
f 4933/4933 4265/4265 4911/4911
f 4911/4911 3980/3980 3978/3978
f 4933/4933 4231/4231 4226/4226
f 4231/4231 4228/4228 4226/4226
f 4932/4932 4933/4933 4911/4911
f 4231/4231 4933/4933 4932/4932
f 4238/4238 4228/4228 4231/4231
f 4238/4238 4320/4320 4228/4228
f 4931/4931 4231/4231 4932/4932
f 4231/4231 4931/4931 4238/4238
f 4910/4910 4932/4932 4911/4911
f 4932/4932 4910/4910 4931/4931
f 4910/4910 4911/4911 3978/3978
f 4320/4320 4238/4238 4927/4927
f 4931/4931 4927/4927 4238/4238
f 4927/4927 4916/4916 4320/4320
f 4927/4927 4931/4931 4912/4912
f 4910/4910 4912/4912 4931/4931
f 4916/4916 4927/4927 4928/4928
f 4912/4912 4928/4928 4927/4927
f 4942/4942 4916/4916 4928/4928
f 4235/4235 4916/4916 4942/4942
f 4928/4928 4912/4912 4913/4913
f 4913/4913 4942/4942 4928/4928
f 4930/4930 4235/4235 4942/4942
f 4236/4236 4235/4235 4930/4930
f 4942/4942 4913/4913 4918/4918
f 4918/4918 4930/4930 4942/4942
f 4929/4929 4236/4236 4930/4930
f 4317/4317 4236/4236 4929/4929
f 4941/4941 4317/4317 4929/4929
f 4642/4642 4929/4929 4930/4930
f 4930/4930 4918/4918 4642/4642
f 4252/4252 4941/4941 4929/4929
f 4929/4929 4642/4642 4252/4252
f 4941/4941 4252/4252 4251/4251
f 4642/4642 3963/3963 4252/4252
f 3963/3963 4251/4251 4252/4252
f 4642/4642 4918/4918 3966/3966
f 3963/3963 4642/4642 3966/3966
f 3966/3966 4918/4918 3958/3958
f 4918/4918 4913/4913 3958/3958
f 3964/3964 3963/3963 3966/3966
f 3964/3964 3966/3966 3958/3958
f 4251/4251 3963/3963 4180/4180
f 4180/4180 4233/4233 4251/4251
f 4233/4233 4180/4180 3998/3998
f 3963/3963 3964/3964 3965/3965
f 3965/3965 4180/4180 3963/3963
f 3964/3964 3958/3958 3955/3955
f 3964/3964 3967/3967 3965/3965
f 3956/3956 3955/3955 3958/3958
f 3956/3956 3958/3958 4913/4913
f 4912/4912 3956/3956 4913/4913
f 4180/4180 3965/3965 4179/4179
f 4179/4179 3998/3998 4180/4180
f 3967/3967 4179/4179 3965/3965
f 3998/3998 4179/4179 3990/3990
f 4179/4179 3967/3967 4181/4181
f 4181/4181 3990/3990 4179/4179
f 3967/3967 4182/4182 4181/4181
f 3990/3990 4181/4181 3988/3988
f 3988/3988 3987/3987 3990/3990
f 4148/4148 4181/4181 4182/4182
f 4181/4181 4148/4148 3988/3988
f 4182/4182 4167/4167 4148/4148
f 3987/3987 3988/3988 3989/3989
f 4147/4147 3988/3988 4148/4148
f 3988/3988 4147/4147 3989/3989
f 4169/4169 4148/4148 4167/4167
f 4148/4148 4169/4169 4147/4147
f 3986/3986 3987/3987 3989/3989
f 3987/3987 3986/3986 3985/3985
f 3915/3915 3985/3985 3986/3986
f 4150/4150 3989/3989 4147/4147
f 3989/3989 4150/4150 3986/3986
f 3986/3986 4149/4149 3915/3915
f 4149/4149 3986/3986 4150/4150
f 4149/4149 3911/3911 3915/3915
f 4147/4147 4165/4165 4150/4150
f 4165/4165 4147/4147 4169/4169
f 4150/4150 4163/4163 4149/4149
f 4163/4163 4150/4150 4165/4165
f 3911/3911 4149/4149 4151/4151
f 4151/4151 3914/3914 3911/3911
f 4161/4161 4149/4149 4163/4163
f 4149/4149 4161/4161 4151/4151
f 3914/3914 4151/4151 4152/4152
f 4161/4161 4152/4152 4151/4151
f 4153/4153 3914/3914 4152/4152
f 4160/4160 4153/4153 4152/4152
f 4152/4152 4161/4161 4160/4160
f 4153/4153 4160/4160 4155/4155
f 4163/4163 4159/4159 4161/4161
f 4159/4159 4160/4160 4161/4161
f 4162/4162 4155/4155 4160/4160
f 4160/4160 4159/4159 4162/4162
f 4155/4155 4162/4162 4158/4158
f 4159/4159 4163/4163 4164/4164
f 4165/4165 4164/4164 4163/4163
f 4202/4202 4162/4162 4159/4159
f 4164/4164 4202/4202 4159/4159
f 4203/4203 4158/4158 4162/4162
f 4162/4162 4202/4202 4203/4203
f 4164/4164 4165/4165 4166/4166
f 4169/4169 4166/4166 4165/4165
f 4202/4202 4164/4164 4204/4204
f 4166/4166 4204/4204 4164/4164
f 4166/4166 4169/4169 4168/4168
f 4167/4167 4168/4168 4169/4169
f 4168/4168 4167/4167 4170/4170
f 4170/4170 4206/4206 4168/4168
f 4168/4168 4205/4205 4166/4166
f 4205/4205 4168/4168 4206/4206
f 4204/4204 4166/4166 4205/4205
f 4206/4206 4297/4297 4205/4205
f 4297/4297 4206/4206 4299/4299
f 4205/4205 4295/4295 4204/4204
f 4295/4295 4205/4205 4297/4297
f 4204/4204 4293/4293 4202/4202
f 4293/4293 4204/4204 4295/4295
f 4293/4293 4203/4203 4202/4202
f 4299/4299 4298/4298 4297/4297
f 4298/4298 4299/4299 4300/4300
f 4297/4297 4296/4296 4295/4295
f 4296/4296 4297/4297 4298/4298
f 4295/4295 4291/4291 4293/4293
f 4291/4291 4295/4295 4296/4296
f 4203/4203 4293/4293 4292/4292
f 4291/4291 4292/4292 4293/4293
f 4292/4292 4201/4201 4203/4203
f 4158/4158 4203/4203 4201/4201
f 4200/4200 4158/4158 4201/4201
f 4201/4201 4289/4289 4200/4200
f 4289/4289 4201/4201 4287/4287
f 4201/4201 4292/4292 4287/4287
f 4287/4287 4288/4288 4289/4289
f 4292/4292 4291/4291 4294/4294
f 4294/4294 4287/4287 4292/4292
f 4288/4288 4287/4287 4290/4290
f 4287/4287 4294/4294 4290/4290
f 3904/3904 4288/4288 4290/4290
f 4288/4288 3904/3904 3901/3901
f 3900/3900 4290/4290 4294/4294
f 4290/4290 3900/3900 3904/3904
f 3898/3898 4294/4294 4291/4291
f 4294/4294 3898/3898 3900/3900
f 4296/4296 3898/3898 4291/4291
f 3897/3897 3904/3904 3900/3900
f 3898/3898 3897/3897 3900/3900
f 3902/3902 3901/3901 3904/3904
f 3904/3904 3897/3897 3902/3902
f 3901/3901 3902/3902 3903/3903
f 3898/3898 4296/4296 3906/3906
f 4298/4298 3906/3906 4296/4296
f 3897/3897 3898/3898 3899/3899
f 3906/3906 4298/4298 3995/3995
f 4300/4300 3995/3995 4298/4298
f 3995/3995 4300/4300 3994/3994
f 3905/3905 3898/3898 3906/3906
f 3995/3995 3905/3905 3906/3906
f 3898/3898 3905/3905 3899/3899
f 3994/3994 3996/3996 3995/3995
f 3905/3905 3995/3995 3996/3996
f 3996/3996 3994/3994 3991/3991
f 3905/3905 3889/3889 3899/3899
f 3991/3991 4098/4098 3996/3996
f 3991/3991 4095/4095 4098/4098
f 3996/3996 3887/3887 3905/3905
f 3996/3996 4098/4098 3887/3887
f 3889/3889 3905/3905 3887/3887
f 4095/4095 4099/4099 4098/4098
f 4098/4098 3890/3890 3887/3887
f 4098/4098 4099/4099 3890/3890
f 3887/3887 3888/3888 3889/3889
f 3890/3890 3888/3888 3887/3887
f 3895/3895 3899/3899 3889/3889
f 3899/3899 3895/3895 3897/3897
f 3895/3895 3902/3902 3897/3897
f 3896/3896 3889/3889 3888/3888
f 3895/3895 3889/3889 3896/3896
f 3902/3902 3895/3895 3894/3894
f 3894/3894 3903/3903 3902/3902
f 3895/3895 3892/3892 3894/3894
f 3892/3892 3895/3895 3896/3896
f 3903/3903 3894/3894 3891/3891
f 3892/3892 3891/3891 3894/3894
f 3528/3528 3903/3903 3891/3891
f 3891/3891 3892/3892 3893/3893
f 3893/3893 3528/3528 3891/3891
f 4957/4957 3892/3892 3896/3896
f 3528/3528 3893/3893 3529/3529
f 2684/2684 3528/3528 3529/3529
f 4943/4943 3893/3893 3892/3892
f 4943/4943 3892/3892 4957/4957
f 3893/3893 3781/3781 3529/3529
f 3781/3781 2684/2684 3529/3529
f 3781/3781 3893/3893 4943/4943
f 2684/2684 3781/3781 3782/3782
f 3782/3782 2683/2683 2684/2684
f 2683/2683 3782/3782 3796/3796
f 4943/4943 3810/3810 3781/3781
f 3810/3810 3782/3782 3781/3781
f 3805/3805 3796/3796 3782/3782
f 3782/3782 3810/3810 3803/3803
f 3803/3803 3805/3805 3782/3782
f 3796/3796 3805/3805 3809/3809
f 3809/3809 3789/3789 3796/3796
f 3805/3805 3803/3803 3804/3804
f 3789/3789 3809/3809 3808/3808
f 3808/3808 3790/3790 3789/3789
f 3798/3798 3809/3809 3805/3805
f 3804/3804 3798/3798 3805/3805
f 3797/3797 3808/3808 3809/3809
f 3809/3809 3798/3798 3797/3797
f 3798/3798 3804/3804 3785/3785
f 3785/3785 3797/3797 3798/3798
f 3783/3783 3785/3785 3804/3804
f 3797/3797 3785/3785 3784/3784
f 3783/3783 3784/3784 3785/3785
f 3808/3808 3797/3797 3795/3795
f 3784/3784 3795/3795 3797/3797
f 3802/3802 3783/3783 3804/3804
f 3802/3802 3804/3804 3803/3803
f 3784/3784 3783/3783 3786/3786
f 3801/3801 3783/3783 3802/3802
f 3783/3783 3801/3801 3786/3786
f 3803/3803 2907/2907 3802/3802
f 3802/3802 2908/2908 3801/3801
f 2908/2908 3802/3802 2907/2907
f 3800/3800 3786/3786 3801/3801
f 2905/2905 3801/3801 2908/2908
f 3801/3801 2905/2905 3800/3800
f 3786/3786 3787/3787 3784/3784
f 3795/3795 3784/3784 3787/3787
f 3786/3786 3800/3800 3788/3788
f 3787/3787 3786/3786 3788/3788
f 3800/3800 3793/3793 3788/3788
f 3793/3793 3787/3787 3788/3788
f 3793/3793 3800/3800 3799/3799
f 2905/2905 3799/3799 3800/3800
f 3792/3792 3787/3787 3793/3793
f 3794/3794 3795/3795 3787/3787
f 3787/3787 3792/3792 3794/3794
f 3807/3807 3795/3795 3794/3794
f 3792/3792 3807/3807 3794/3794
f 3795/3795 3807/3807 3808/3808
f 3790/3790 3808/3808 3807/3807
f 3793/3793 3806/3806 3792/3792
f 3807/3807 3792/3792 3806/3806
f 3806/3806 3790/3790 3807/3807
f 3806/3806 3793/3793 3799/3799
f 3790/3790 3806/3806 3791/3791
f 3799/3799 3791/3791 3806/3806
f 2680/2680 3790/3790 3791/3791
f 3791/3791 3799/3799 2906/2906
f 2906/2906 2680/2680 3791/3791
f 3799/3799 2905/2905 2906/2906
f 2906/2906 2890/2890 2680/2680
f 2890/2890 2906/2906 2661/2661
f 2905/2905 2661/2661 2906/2906
f 2660/2660 2890/2890 2661/2661
f 2661/2661 2905/2905 2659/2659
f 2659/2659 2660/2660 2661/2661
f 2908/2908 2659/2659 2905/2905
f 2660/2660 2659/2659 2662/2662
f 2659/2659 2908/2908 2645/2645
f 2645/2645 2662/2662 2659/2659
f 2907/2907 2645/2645 2908/2908
f 2663/2663 2660/2660 2662/2662
f 2660/2660 2663/2663 2664/2664
f 2663/2663 5027/5027 2664/2664
f 5027/5027 2663/2663 5028/5028
f 3133/3133 5028/5028 2663/2663
f 2644/2644 2663/2663 2662/2662
f 2663/2663 2644/2644 3133/3133
f 2662/2662 2645/2645 2644/2644
f 2646/2646 3133/3133 2644/2644
f 3133/3133 2646/2646 3779/3779
f 2643/2643 2644/2644 2645/2645
f 2644/2644 2643/2643 2646/2646
f 2645/2645 2907/2907 2643/2643
f 3779/3779 2646/2646 3780/3780
f 3777/3777 2643/2643 2907/2907
f 3803/3803 3777/3777 2907/2907
f 3778/3778 2646/2646 2643/2643
f 2646/2646 3778/3778 3780/3780
f 2643/2643 3777/3777 3778/3778
f 3777/3777 3803/3803 3810/3810
f 3779/3779 3780/3780 3855/3855
f 3778/3778 3855/3855 3780/3780
f 3855/3855 4335/4335 3779/3779
f 3855/3855 3778/3778 3853/3853
f 3777/3777 3853/3853 3778/3778
f 4335/4335 3855/3855 3854/3854
f 3853/3853 3854/3854 3855/3855
f 3854/3854 3873/3873 4335/4335
f 3853/3853 3777/3777 4117/4117
f 3873/3873 3854/3854 3872/3872
f 3854/3854 3853/3853 3856/3856
f 3856/3856 3872/3872 3854/3854
f 4117/4117 3856/3856 3853/3853
f 3869/3869 3873/3873 3872/3872
f 3873/3873 3869/3869 3874/3874
f 3877/3877 3874/3874 3869/3869
f 3872/3872 3856/3856 3870/3870
f 3870/3870 3869/3869 3872/3872
f 3856/3856 4117/4117 4118/4118
f 4118/4118 3870/3870 3856/3856
f 3869/3869 4100/4100 3877/3877
f 4101/4101 3877/3877 4100/4100
f 4099/4099 4101/4101 4100/4100
f 4099/4099 4100/4100 3890/3890
f 3869/3869 3870/3870 3871/3871
f 4100/4100 3869/3869 3871/3871
f 4115/4115 3871/3871 3870/3870
f 3870/3870 4118/4118 4115/4115
f 4116/4116 4100/4100 3871/3871
f 3871/3871 4115/4115 4116/4116
f 4100/4100 4116/4116 3890/3890
f 4962/4962 4115/4115 4118/4118
f 3890/3890 4116/4116 4952/4952
f 4116/4116 4115/4115 4960/4960
f 4952/4952 4116/4116 4960/4960
f 4951/4951 3890/3890 4952/4952
f 3888/3888 3890/3890 4951/4951
f 4952/4952 4960/4960 4967/4967
f 4951/4951 4952/4952 4967/4967
f 4960/4960 4115/4115 4961/4961
f 4115/4115 4962/4962 4961/4961
f 4960/4960 4953/4953 4967/4967
f 4961/4961 4953/4953 4960/4960
f 4950/4950 3888/3888 4951/4951
f 3896/3896 3888/3888 4950/4950
f 4950/4950 4957/4957 3896/3896
f 4953/4953 4961/4961 4949/4949
f 4970/4970 4957/4957 4950/4950
f 4961/4961 4947/4947 4949/4949
f 4947/4947 4961/4961 4962/4962
f 4948/4948 4953/4953 4949/4949
f 4947/4947 4948/4948 4949/4949
f 4954/4954 4967/4967 4953/4953
f 4953/4953 4948/4948 4954/4954
f 4967/4967 4954/4954 4968/4968
f 4951/4951 4967/4967 4968/4968
f 4954/4954 4948/4948 4955/4955
f 4955/4955 4968/4968 4954/4954
f 4948/4948 4956/4956 4955/4955
f 4968/4968 4955/4955 4956/4956
f 4969/4969 4951/4951 4968/4968
f 4956/4956 4969/4969 4968/4968
f 4950/4950 4951/4951 4969/4969
f 4969/4969 4970/4970 4950/4950
f 4956/4956 4948/4948 4944/4944
f 4948/4948 4947/4947 4944/4944
f 4969/4969 4956/4956 4958/4958
f 4944/4944 4958/4958 4956/4956
f 4958/4958 4970/4970 4969/4969
f 4945/4945 4944/4944 4947/4947
f 4962/4962 4945/4945 4947/4947
f 4958/4958 4944/4944 4946/4946
f 4944/4944 4945/4945 4946/4946
f 4970/4970 4958/4958 4959/4959
f 4946/4946 4959/4959 4958/4958
f 4970/4970 4959/4959 4966/4966
f 4957/4957 4970/4970 4966/4966
f 4943/4943 4957/4957 4966/4966
f 4946/4946 4965/4965 4959/4959
f 4966/4966 4959/4959 4965/4965
f 4945/4945 4965/4965 4946/4946
f 4964/4964 4943/4943 4966/4966
f 4966/4966 4965/4965 4964/4964
f 3810/3810 4943/4943 4964/4964
f 4964/4964 3777/3777 3810/3810
f 3777/3777 4964/4964 4117/4117
f 4965/4965 4945/4945 4963/4963
f 4963/4963 4964/4964 4965/4965
f 4964/4964 4963/4963 4117/4117
f 4945/4945 4962/4962 4963/4963
f 4963/4963 4118/4118 4117/4117
f 4118/4118 4963/4963 4962/4962
f 3078/3078 3310/3310 3308/3308
f 3310/3310 3078/3078 3077/3077
f 3410/3410 3308/3308 3310/3310
f 3077/3077 3311/3311 3310/3310
f 3311/3311 3077/3077 3076/3076
f 3310/3310 3411/3411 3410/3410
f 3411/3411 3310/3310 3311/3311
f 3409/3409 3410/3410 3411/3411
f 3410/3410 3409/3409 3412/3412
f 3406/3406 3412/3412 3409/3409
f 3411/3411 3413/3413 3409/3409
f 3413/3413 3406/3406 3409/3409
f 3311/3311 3414/3414 3411/3411
f 3413/3413 3411/3411 3414/3414
f 3076/3076 3312/3312 3311/3311
f 3414/3414 3311/3311 3312/3312
f 3312/3312 3076/3076 3075/3075
f 3075/3075 3303/3303 3312/3312
f 3407/3407 3406/3406 3413/3413
f 3414/3414 3407/3407 3413/3413
f 3407/3407 3369/3369 3406/3406
f 3371/3371 3369/3369 3407/3407
f 3407/3407 3373/3373 3371/3371
f 3407/3407 3414/3414 3408/3408
f 3373/3373 3407/3407 3408/3408
f 3312/3312 3408/3408 3414/3414
f 3408/3408 3312/3312 3303/3303
f 3408/3408 3302/3302 3373/3373
f 3302/3302 3408/3408 3303/3303
f 3010/3010 3012/3012 3329/3329
f 3012/3012 3010/3010 3013/3013
f 3329/3329 3328/3328 3010/3010
f 3011/3011 3013/3013 3010/3010
f 3197/3197 3013/3013 3011/3011
f 3007/3007 3010/3010 3328/3328
f 3010/3010 3007/3007 3011/3011
f 3328/3328 3326/3326 3007/3007
f 3196/3196 3197/3197 3011/3011
f 3006/3006 3007/3007 3326/3326
f 3008/3008 3011/3011 3007/3007
f 3196/3196 3011/3011 3008/3008
f 3007/3007 3006/3006 3008/3008
f 3195/3195 3196/3196 3008/3008
f 3201/3201 3196/3196 3195/3195
f 3269/3269 3201/3201 3195/3195
f 3008/3008 3006/3006 3009/3009
f 3195/3195 3008/3008 3009/3009
f 3269/3269 3195/3195 3194/3194
f 3194/3194 3195/3195 3009/3009
f 3279/3279 3269/3269 3194/3194
f 3194/3194 3298/3298 3279/3279
f 3006/3006 3004/3004 3009/3009
f 3194/3194 3009/3009 3004/3004
f 3004/3004 3006/3006 3005/3005
f 3003/3003 3004/3004 3005/3005
f 3298/3298 3194/3194 3193/3193
f 3193/3193 3194/3194 3004/3004
f 3193/3193 3004/3004 3003/3003
f 3298/3298 3193/3193 3192/3192
f 3192/3192 3193/3193 3003/3003
f 3957/3957 3959/3959 3955/3955
f 3955/3955 3956/3956 3957/3957
f 3959/3959 3957/3957 3960/3960
f 3982/3982 3957/3957 3956/3956
f 3956/3956 4912/4912 3982/3982
f 4912/4912 4910/4910 3982/3982
f 3981/3981 3960/3960 3957/3957
f 3957/3957 3982/3982 3981/3981
f 3960/3960 3981/3981 3983/3983
f 3971/3971 3983/3983 3981/3981
f 3979/3979 3982/3982 4910/4910
f 3982/3982 3979/3979 3981/3981
f 3971/3971 3981/3981 3979/3979
f 4910/4910 3978/3978 3979/3979
f 3978/3978 3971/3971 3979/3979
f 3685/3685 3686/3686 3626/3626
f 3687/3687 3626/3626 3686/3686
f 3626/3626 3624/3624 3685/3685
f 3684/3684 3685/3685 3624/3624
f 3626/3626 3687/3687 3628/3628
f 3688/3688 3628/3628 3687/3687
f 3684/3684 3624/3624 3622/3622
f 3702/3702 3684/3684 3622/3622
f 3628/3628 3688/3688 3630/3630
f 3689/3689 3630/3630 3688/3688
f 3702/3702 3622/3622 3623/3623
f 3630/3630 3689/3689 3632/3632
f 3690/3690 3632/3632 3689/3689
f 3647/3647 3702/3702 3623/3623
f 3702/3702 3647/3647 3701/3701
f 3623/3623 3622/3622 3621/3621
f 3644/3644 3701/3701 3647/3647
f 3701/3701 3644/3644 3700/3700
f 3623/3623 3645/3645 3647/3647
f 3645/3645 3644/3644 3647/3647
f 3645/3645 3623/3623 3621/3621
f 3644/3644 3699/3699 3700/3700
f 3620/3620 3621/3621 3622/3622
f 3624/3624 3620/3620 3622/3622
f 3699/3699 3644/3644 3657/3657
f 3657/3657 3698/3698 3699/3699
f 3620/3620 3624/3624 3625/3625
f 3626/3626 3625/3625 3624/3624
f 3658/3658 3621/3621 3620/3620
f 3658/3658 3620/3620 3625/3625
f 3621/3621 3658/3658 3645/3645
f 3625/3625 3626/3626 3627/3627
f 3628/3628 3627/3627 3626/3626
f 3625/3625 3660/3660 3658/3658
f 3660/3660 3625/3625 3627/3627
f 3658/3658 3646/3646 3645/3645
f 3644/3644 3645/3645 3646/3646
f 3646/3646 3657/3657 3644/3644
f 3646/3646 3658/3658 3659/3659
f 3658/3658 3660/3660 3659/3659
f 3657/3657 3646/3646 3656/3656
f 3659/3659 3656/3656 3646/3646
f 3698/3698 3657/3657 3655/3655
f 3656/3656 3655/3655 3657/3657
f 3655/3655 3697/3697 3698/3698
f 3656/3656 3659/3659 3669/3669
f 3659/3659 3660/3660 3669/3669
f 3655/3655 3656/3656 3654/3654
f 3669/3669 3654/3654 3656/3656
f 3697/3697 3655/3655 3653/3653
f 3654/3654 3653/3653 3655/3655
f 3653/3653 3696/3696 3697/3697
f 3654/3654 3669/3669 3670/3670
f 3696/3696 3653/3653 3650/3650
f 3650/3650 3695/3695 3696/3696
f 3653/3653 3654/3654 3652/3652
f 3652/3652 3650/3650 3653/3653
f 3652/3652 3654/3654 3671/3671
f 3671/3671 3654/3654 3670/3670
f 3650/3650 3652/3652 3651/3651
f 3671/3671 3651/3651 3652/3652
f 3695/3695 3650/3650 3648/3648
f 3648/3648 3694/3694 3695/3695
f 3649/3649 3650/3650 3651/3651
f 3650/3650 3649/3649 3648/3648
f 3694/3694 3648/3648 3643/3643
f 3643/3643 3693/3693 3694/3694
f 3648/3648 3642/3642 3643/3643
f 3642/3642 3648/3648 3649/3649
f 3693/3693 3643/3643 3641/3641
f 3642/3642 3641/3641 3643/3643
f 3641/3641 3692/3692 3693/3693
f 3642/3642 3649/3649 3674/3674
f 3692/3692 3641/3641 3638/3638
f 3641/3641 3642/3642 3639/3639
f 3639/3639 3638/3638 3641/3641
f 3667/3667 3639/3639 3642/3642
f 3674/3674 3667/3667 3642/3642
f 3638/3638 3639/3639 3640/3640
f 3667/3667 3640/3640 3639/3639
f 3637/3637 3692/3692 3638/3638
f 3640/3640 3637/3637 3638/3638
f 3692/3692 3637/3637 3691/3691
f 3637/3637 3690/3690 3691/3691
f 3690/3690 3637/3637 3634/3634
f 3632/3632 3690/3690 3634/3634
f 3637/3637 3640/3640 3636/3636
f 3636/3636 3634/3634 3637/3637
f 3640/3640 3666/3666 3636/3636
f 3634/3634 3636/3636 3635/3635
f 3635/3635 3636/3636 3666/3666
f 3634/3634 3633/3633 3632/3632
f 3633/3633 3634/3634 3635/3635
f 3640/3640 3668/3668 3666/3666
f 3640/3640 3667/3667 3668/3668
f 3665/3665 3635/3635 3666/3666
f 3668/3668 3665/3665 3666/3666
f 3633/3633 3635/3635 3665/3665
f 3678/3678 3668/3668 3667/3667
f 3678/3678 3667/3667 3674/3674
f 3668/3668 3680/3680 3665/3665
f 3668/3668 3678/3678 3680/3680
f 3665/3665 3664/3664 3633/3633
f 3664/3664 3665/3665 3680/3680
f 3631/3631 3632/3632 3633/3633
f 3664/3664 3631/3631 3633/3633
f 3632/3632 3631/3631 3630/3630
f 3682/3682 3664/3664 3680/3680
f 3678/3678 3682/3682 3680/3680
f 3631/3631 3664/3664 3662/3662
f 3664/3664 3682/3682 3662/3662
f 3629/3629 3630/3630 3631/3631
f 3630/3630 3629/3629 3628/3628
f 3627/3627 3628/3628 3629/3629
f 3662/3662 3663/3663 3631/3631
f 3629/3629 3631/3631 3663/3663
f 3627/3627 3629/3629 3661/3661
f 3629/3629 3663/3663 3661/3661
f 3660/3660 3627/3627 3661/3661
f 3662/3662 3681/3681 3663/3663
f 3681/3681 3661/3661 3663/3663
f 3681/3681 3662/3662 3682/3682
f 3675/3675 3660/3660 3661/3661
f 3660/3660 3675/3675 3669/3669
f 3675/3675 3670/3670 3669/3669
f 3661/3661 3681/3681 3676/3676
f 3675/3675 3661/3661 3676/3676
f 3679/3679 3676/3676 3681/3681
f 3679/3679 3675/3675 3676/3676
f 3679/3679 3670/3670 3675/3675
f 3682/3682 3679/3679 3681/3681
f 3670/3670 3679/3679 3671/3671
f 3679/3679 3682/3682 3677/3677
f 3682/3682 3678/3678 3677/3677
f 3679/3679 3672/3672 3671/3671
f 3672/3672 3679/3679 3677/3677
f 3651/3651 3671/3671 3672/3672
f 3673/3673 3677/3677 3678/3678
f 3677/3677 3673/3673 3672/3672
f 3673/3673 3651/3651 3672/3672
f 3678/3678 3674/3674 3673/3673
f 3649/3649 3651/3651 3673/3673
f 3674/3674 3649/3649 3673/3673
f 4851/4851 4792/4792 4852/4852
f 4853/4853 4852/4852 4792/4792
f 4792/4792 4851/4851 4790/4790
f 4850/4850 4790/4790 4851/4851
f 4792/4792 4795/4795 4853/4853
f 4795/4795 4854/4854 4853/4853
f 4790/4790 4850/4850 4787/4787
f 4868/4868 4787/4787 4850/4850
f 4795/4795 4797/4797 4854/4854
f 4855/4855 4854/4854 4797/4797
f 4787/4787 4868/4868 4788/4788
f 4797/4797 4799/4799 4855/4855
f 4856/4856 4855/4855 4799/4799
f 4868/4868 4813/4813 4788/4788
f 4868/4868 4867/4867 4813/4813
f 4786/4786 4787/4787 4788/4788
f 4867/4867 4812/4812 4813/4813
f 4812/4812 4867/4867 4866/4866
f 4865/4865 4812/4812 4866/4866
f 4788/4788 4813/4813 4811/4811
f 4812/4812 4811/4811 4813/4813
f 4788/4788 4811/4811 4786/4786
f 4865/4865 4823/4823 4812/4812
f 4864/4864 4823/4823 4865/4865
f 4810/4810 4811/4811 4812/4812
f 4823/4823 4810/4810 4812/4812
f 4811/4811 4824/4824 4786/4786
f 4810/4810 4824/4824 4811/4811
f 4787/4787 4786/4786 4789/4789
f 4786/4786 4824/4824 4789/4789
f 4789/4789 4790/4790 4787/4787
f 4790/4790 4789/4789 4791/4791
f 4824/4824 4791/4791 4789/4789
f 4791/4791 4792/4792 4790/4790
f 4824/4824 4810/4810 4825/4825
f 4792/4792 4791/4791 4793/4793
f 4795/4795 4792/4792 4793/4793
f 4791/4791 4824/4824 4826/4826
f 4826/4826 4793/4793 4791/4791
f 4824/4824 4825/4825 4826/4826
f 4793/4793 4794/4794 4795/4795
f 4797/4797 4795/4795 4794/4794
f 4793/4793 4826/4826 4827/4827
f 4827/4827 4794/4794 4793/4793
f 4794/4794 4796/4796 4797/4797
f 4799/4799 4797/4797 4796/4796
f 4794/4794 4827/4827 4828/4828
f 4828/4828 4796/4796 4794/4794
f 4841/4841 4827/4827 4826/4826
f 4796/4796 4828/4828 4829/4829
f 4828/4828 4827/4827 4847/4847
f 4829/4829 4828/4828 4847/4847
f 4827/4827 4841/4841 4842/4842
f 4842/4842 4847/4847 4827/4827
f 4841/4841 4826/4826 4835/4835
f 4825/4825 4835/4835 4826/4826
f 4845/4845 4842/4842 4841/4841
f 4842/4842 4845/4845 4847/4847
f 4841/4841 4835/4835 4836/4836
f 4836/4836 4845/4845 4841/4841
f 4825/4825 4822/4822 4835/4835
f 4822/4822 4825/4825 4810/4810
f 4822/4822 4810/4810 4823/4823
f 4835/4835 4820/4820 4836/4836
f 4820/4820 4835/4835 4822/4822
f 4822/4822 4823/4823 4821/4821
f 4820/4820 4822/4822 4821/4821
f 4864/4864 4821/4821 4823/4823
f 4821/4821 4864/4864 4863/4863
f 4819/4819 4821/4821 4863/4863
f 4820/4820 4821/4821 4819/4819
f 4819/4819 4863/4863 4862/4862
f 4820/4820 4837/4837 4836/4836
f 4845/4845 4836/4836 4837/4837
f 4818/4818 4820/4820 4819/4819
f 4837/4837 4820/4820 4818/4818
f 4816/4816 4819/4819 4862/4862
f 4818/4818 4819/4819 4816/4816
f 4816/4816 4862/4862 4861/4861
f 4837/4837 4818/4818 4817/4817
f 4817/4817 4818/4818 4816/4816
f 4845/4845 4837/4837 4838/4838
f 4838/4838 4837/4837 4817/4817
f 4814/4814 4816/4816 4861/4861
f 4860/4860 4814/4814 4861/4861
f 4816/4816 4815/4815 4817/4817
f 4815/4815 4816/4816 4814/4814
f 4817/4817 4839/4839 4838/4838
f 4839/4839 4817/4817 4815/4815
f 4814/4814 4860/4860 4808/4808
f 4860/4860 4859/4859 4808/4808
f 4814/4814 4809/4809 4815/4815
f 4809/4809 4814/4814 4808/4808
f 4808/4808 4859/4859 4804/4804
f 4808/4808 4804/4804 4809/4809
f 4858/4858 4804/4804 4859/4859
f 4840/4840 4815/4815 4809/4809
f 4815/4815 4840/4840 4839/4839
f 4809/4809 4804/4804 4806/4806
f 4809/4809 4833/4833 4840/4840
f 4833/4833 4809/4809 4806/4806
f 4804/4804 4858/4858 4805/4805
f 4804/4804 4805/4805 4806/4806
f 4858/4858 4803/4803 4805/4805
f 4803/4803 4858/4858 4857/4857
f 4856/4856 4803/4803 4857/4857
f 4807/4807 4806/4806 4805/4805
f 4803/4803 4807/4807 4805/4805
f 4806/4806 4807/4807 4833/4833
f 4803/4803 4856/4856 4801/4801
f 4799/4799 4801/4801 4856/4856
f 4807/4807 4803/4803 4802/4802
f 4801/4801 4802/4802 4803/4803
f 4801/4801 4799/4799 4798/4798
f 4796/4796 4798/4798 4799/4799
f 4802/4802 4801/4801 4800/4800
f 4798/4798 4800/4800 4801/4801
f 4832/4832 4807/4807 4802/4802
f 4800/4800 4832/4832 4802/4802
f 4798/4798 4796/4796 4830/4830
f 4796/4796 4829/4829 4830/4830
f 4798/4798 4831/4831 4800/4800
f 4832/4832 4800/4800 4831/4831
f 4831/4831 4798/4798 4830/4830
f 4807/4807 4832/4832 4834/4834
f 4831/4831 4834/4834 4832/4832
f 4833/4833 4807/4807 4834/4834
f 4830/4830 4846/4846 4831/4831
f 4834/4834 4831/4831 4846/4846
f 4834/4834 4843/4843 4833/4833
f 4843/4843 4834/4834 4846/4846
f 4843/4843 4840/4840 4833/4833
f 4840/4840 4843/4843 4839/4839
f 4830/4830 4848/4848 4846/4846
f 4848/4848 4843/4843 4846/4846
f 4830/4830 4829/4829 4848/4848
f 4829/4829 4847/4847 4848/4848
f 4845/4845 4848/4848 4847/4847
f 4839/4839 4843/4843 4844/4844
f 4843/4843 4848/4848 4844/4844
f 4848/4848 4845/4845 4844/4844
f 4844/4844 4838/4838 4839/4839
f 4838/4838 4844/4844 4845/4845
o sho_head_male_japanese.mouth
v -0.023924137 0.12458907 1.618753
v -0.022233732 0.12362108 1.6040809
v -0.022285411 0.1284691 1.6187439
v -0.02386776 0.12113908 1.6041359
v -0.0262563 0.09620407 1.6192049
v -0.0132592805 0.09170906 1.6191809
v -0.024267098 0.096010074 1.6079979
v -0.012270785 0.091515064 1.6079589
v -0.021132482 0.1284511 1.6352409
v -0.01267107 0.09469507 1.6352359
v -0.025136257 0.09919007 1.6352359
v -0.00938236 0.13585809 1.6353049
v -1.1340981E-07 0.1375321 1.6353099
v -1.0161498E-07 0.093974076 1.635235
v -1.00703076E-07 0.09079407 1.607958
v -0.018541913 0.12712708 1.604075
v -0.008308356 0.13248108 1.6040909
v -0.021132482 0.1284511 1.6352409
v -0.012992435 0.13889211 1.6187088
v -0.00938236 0.13585809 1.6353049
v -0.019016426 0.13475111 1.6179909
v -1.13885406E-07 0.1394021 1.6187919
v -1.1233084E-07 0.13376208 1.6040999
v 0.0057720584 0.13875411 1.6181129
v 0.008308134 0.13248108 1.6040909
v -1.1340981E-07 0.1375321 1.6353099
v -0.005772287 0.14104311 1.6180519
v -1.144903E-07 0.14164111 1.6180439
v -0.008308356 0.13248108 1.6040909
v -0.016785737 0.1340291 1.6181029
v -0.018541913 0.12712708 1.604075
v -0.01084443 0.13748612 1.6187779
v -0.02471531 0.1257671 1.6179719
v -0.024748197 0.12490606 1.6352359
v -0.023185583 0.12972309 1.6179289
v -0.020348828 0.13119411 1.6187439
v -1.0077652E-07 0.09098807 1.6191809
v -0.018570103 0.13261111 1.6184229
v -0.020348828 0.13119411 1.6187439
v -0.018541913 0.12712708 1.604075
v -0.016785737 0.1340291 1.6181029
v 0.018569877 0.13261111 1.6184229
v 0.016785514 0.1340291 1.6181029
v 0.01854169 0.12712708 1.604075
v 0.020348605 0.13119411 1.6187439
v 0.026256097 0.09620409 1.6192049
v 0.024266891 0.09601009 1.6079979
v 0.013259077 0.09170908 1.6191809
v 0.012270582 0.09151508 1.6079589
v 0.02386754 0.121139094 1.6041359
v 0.023922978 0.124589086 1.618753
v 0.022233512 0.12362109 1.6040809
v 0.022285191 0.12846912 1.6187439
v 0.01854169 0.12712708 1.604075
v 0.020348605 0.13119411 1.6187439
v 0.010844205 0.13748612 1.6187779
v 0.016785514 0.1340291 1.6181029
v -0.0057722866 0.13875411 1.6181129
v -0.024748197 0.12490606 1.6352359
v 0.012670864 0.094695084 1.6352359
v 0.009382134 0.13585809 1.6353049
v 0.021132262 0.1284511 1.6352409
v 0.025136055 0.099190086 1.6352359
v 0.024747977 0.12490608 1.6352359
v 0.02386754 0.121139094 1.6041359
v 0.022233512 0.12362109 1.6040809
v 0.01854169 0.12712708 1.604075
v -1.1233084E-07 0.13376208 1.6040999
v 0.008308134 0.13248108 1.6040909
v -0.022233732 0.12362108 1.6040809
v -0.02386776 0.12113908 1.6041359
v 0.021132262 0.1284511 1.6352409
v 0.02471509 0.12576711 1.6179719
v 0.024747977 0.12490608 1.6352359
v 0.023185363 0.12972312 1.6179289
v 0.009382134 0.13585809 1.6353049
v 0.01299221 0.13889211 1.6187088
v 0.019015266 0.13475111 1.6179909
v 0.005772058 0.14104311 1.6180519
v -0.0262563 0.0952751 1.6206508
v -0.02386776 0.120210096 1.6055818
v -0.026261007 0.12517813 1.6189828
v -0.024267098 0.0950811 1.6094438
v -0.012936997 0.13710213 1.6381258
v -0.012992435 0.13796313 1.6201547
v -0.019019246 0.13296112 1.6380938
v -0.019016426 0.13382214 1.6194367
v -1.1432748E-07 0.13985112 1.6381449
v 0.006769949 0.14459813 1.6206617
v 0.005771118 0.13925113 1.6381538
v -1.1572782E-07 0.14515014 1.6196117
v -0.020327218 0.12899609 1.6016068
v -0.020348828 0.13026513 1.6201898
v -0.018570103 0.13168213 1.6198688
v -0.01855507 0.1304141 1.6016068
v -1.156455E-07 0.14484413 1.6198978
v 0.00577018 0.1359071 1.6016347
v 0.006955996 0.14427613 1.6210217
v -1.1336886E-07 0.1365621 1.6016358
v -0.023246657 0.12793311 1.6380568
v -0.021895466 0.13385011 1.6207088
v -0.019019246 0.13296112 1.6380938
v -0.021031944 0.13435012 1.6208758
v 0.023246437 0.12793314 1.6380568
v 0.023185363 0.12879415 1.6193748
v 0.019019023 0.13296112 1.6380938
v 0.019015266 0.13382214 1.6194367
v -0.010835033 0.13463409 1.6016258
v -0.01084443 0.13655713 1.6202238
v -0.0057722866 0.13782515 1.6195588
v -0.005770406 0.1359071 1.6016347
v -0.0057713473 0.13925113 1.6381538
v -0.005772287 0.14011414 1.6194978
v -0.01855507 0.1304141 1.6016068
v -0.02185882 0.1336991 1.6207168
v -0.020327218 0.12899609 1.6016068
v -0.020294331 0.13470213 1.6211408
v 0.021895243 0.13385014 1.6207088
v 0.024747977 0.12397711 1.6366818
v 0.023246437 0.12793314 1.6380568
v 0.026260788 0.12517914 1.6189828
v 0.01286254 0.14135112 1.6213028
v 0.01293677 0.13710213 1.6381258
v 0.02386754 0.12021011 1.6055818
v 0.022285191 0.12754014 1.6201898
v 0.023922978 0.12366012 1.6201988
v 0.022247605 0.12627311 1.6016119
v 0.010834809 0.13463409 1.6016258
v 0.010844205 0.13655713 1.6202238
v 0.016785514 0.13310014 1.6195488
v 0.016779874 0.1318311 1.6016098
v 0.021858597 0.13369913 1.6207168
v 0.02032699 0.12899609 1.6016068
v 0.022247605 0.12627311 1.6016119
v 0.017213045 0.13708012 1.6211818
v 0.018554842 0.1304141 1.6016068
v 0.020294104 0.13470213 1.6211408
v 0.016779874 0.1318311 1.6016098
v -0.025136257 0.0982611 1.6366818
v -0.024748197 0.123977095 1.6366818
v -0.01277726 0.14085312 1.6216938
v -0.010835033 0.13463409 1.6016258
v -0.0069562276 0.14427613 1.6210228
v -0.005770406 0.1359071 1.6016347
v -1.1336886E-07 0.1365621 1.6016358
v -1.13920976E-07 0.13847312 1.6202378
v 0.0057720584 0.13782515 1.6195588
v 0.00577018 0.1359071 1.6016347
v -0.0167801 0.1318311 1.6016098
v -0.017213272 0.13708012 1.6211828
v -0.023246657 0.12793311 1.6380568
v -0.023185583 0.12879412 1.6193748
v -0.024748197 0.123977095 1.6366818
v -0.02471531 0.124838114 1.6194178
v -0.017423749 0.13721113 1.6210268
v -0.012936997 0.13710213 1.6381258
v 0.025136055 0.09826112 1.6366818
v 0.026256097 0.09527511 1.6206508
v 0.019019023 0.13296112 1.6380938
v 0.021031719 0.13435012 1.6208758
v 0.017423522 0.13721113 1.6210268
v -0.012862767 0.14135112 1.6213028
v -0.0057713473 0.13925113 1.6381538
v -0.0067701805 0.14459813 1.6206617
v 0.02386754 0.12021011 1.6055818
v 0.024266891 0.09508111 1.6094438
v -0.02224783 0.12627308 1.6016119
v 0.012777032 0.14085312 1.6216938
v 0.010834809 0.13463409 1.6016258
v 0.024747977 0.12397711 1.6366818
v 0.02471509 0.12483813 1.6194178
v 0.01299221 0.13796313 1.6201547
v 0.01293677 0.13710213 1.6381258
v 0.005771118 0.13925113 1.6381538
v 0.005772058 0.14011414 1.6194978
v -1.1432748E-07 0.13985112 1.6381449
v -1.14525875E-07 0.14071214 1.6194898
v -0.022285411 0.12754011 1.6201898
v -0.02224783 0.12627308 1.6016119
v 0.02032699 0.12899609 1.6016068
v 0.020348605 0.13026513 1.6201898
v 0.018569877 0.13168213 1.6198688
v 0.018554842 0.1304141 1.6016068
v -0.016785737 0.13310014 1.6195488
v -0.0167801 0.1318311 1.6016098
v -0.02386776 0.120210096 1.6055818
v -0.023924137 0.1236601 1.6201988
vt 0.108489 0.817932
vt 0.142712 0.934689
vt 0.161979 0.817932
vt 0.08347 0.934114
vt 0.111143 0.093599975
vt 0.335641 0.065944016
vt 0.17926499 0.161722
vt 0.341945 0.13731998
vt 0.253285 0.389067
vt 0.34418198 0.15541798
vt 0.182112 0.17677003
vt 0.384445 0.438075
vt 0.488967 0.45108902
vt 0.503202 0.15745199
vt 0.504422 0.13467598
vt 0.257555 0.395778
vt 0.385462 0.44234502
vt 0.16482 0.629386
vt 0.296098 0.796356
vt 0.354309 0.644768
vt 0.198958 0.793716
vt 0.500749 0.817356
vt 0.501324 0.934114
vt 0.597032 0.817356
vt 0.655123 0.934114
vt 0.505606 0.64833
vt 0.412521 0.806722
vt 0.505606 0.808082
vt 0.354658 0.934114
vt 0.250267 0.817644
vt 0.200515 0.935049
vt 0.339417 0.817356
vt 0.107046 0.77454
vt 0.106523 0.621805
vt 0.131713 0.78343403
vt 0.195051 0.817644
vt 0.507472 0.069401026
vt 0.222588 0.81668
vt 0.19518 0.817506
vt 0.200539 0.935589
vt 0.249761 0.817604
vt 0.787193 0.817572
vt 0.759445 0.81769097
vt 0.809195 0.933581
vt 0.81453097 0.817454
vt 0.898639 0.093599975
vt 0.830516 0.161722
vt 0.67414 0.065944016
vt 0.667836 0.13731998
vt 0.926311 0.934114
vt 0.901292 0.817932
vt 0.86707 0.934689
vt 0.847802 0.817932
vt 0.809266 0.934402
vt 0.81473 0.817644
vt 0.670365 0.817356
vt 0.759515 0.817644
vt 0.41275 0.817356
vt 0.189636 0.343314
vt 0.665599 0.15541798
vt 0.625336 0.438075
vt 0.756497 0.389067
vt 0.827669 0.17677003
vt 0.820145 0.343314
vt 0.81831497 0.34717703
vt 0.798184 0.366902
vt 0.752227 0.395778
vt 0.488764 0.456986
vt 0.624319 0.44234502
vt 0.211598 0.366902
vt 0.191466 0.34717703
vt 0.846392 0.629387
vt 0.904166 0.77454
vt 0.904689 0.621805
vt 0.879499 0.78343403
vt 0.656902 0.644768
vt 0.715114 0.796356
vt 0.812254 0.793716
vt 0.598691 0.806722
vt 0.111143 0.093599975
vt 0.191466 0.34717703
vt 0.084301 0.39333802
vt 0.17926499 0.161722
vt 0.325613 0.645383
vt 0.329064 0.793487
vt 0.23761299 0.645671
vt 0.241064 0.793775
vt 0.486934 0.49216598
vt 0.618422 0.573506
vt 0.59341 0.48545498
vt 0.48246 0.582453
vt 0.190162 0.96546
vt 0.195051 0.817644
vt 0.222659 0.816349
vt 0.21777 0.96546
vt 0.481476 0.582502
vt 0.59402 0.481592
vt 0.61835897 0.572631
vt 0.487137 0.48992902
vt 0.209767 0.39476103
vt 0.134325 0.475084
vt 0.23417 0.419977
vt 0.146119 0.48403198
vt 0.861318 0.645958
vt 0.857867 0.794062
vt 0.772168 0.645671
vt 0.768717 0.793775
vt 0.33424 0.965173
vt 0.339417 0.817356
vt 0.41275 0.817356
vt 0.407861 0.965173
vt 0.42339 0.645096
vt 0.426841 0.793487
vt 0.255928 0.42750102
vt 0.145712 0.48118502
vt 0.233966 0.41570598
vt 0.202243 0.520228
vt 0.875456 0.475084
vt 0.820145 0.343314
vt 0.800014 0.39476103
vt 0.925481 0.39333802
vt 0.716437 0.54829
vt 0.679631 0.46512002
vt 0.926311 0.934114
vt 0.847802 0.817932
vt 0.901292 0.817932
vt 0.852978 0.965748
vt 0.675541 0.965173
vt 0.670365 0.817356
vt 0.759515 0.817644
vt 0.764403 0.96546
vt 0.864069 0.48118502
vt 0.775815 0.41570598
vt 0.799607 0.39394802
vt 0.774686 0.53094804
vt 0.753853 0.42750102
vt 0.807538 0.520228
vt 0.731688 0.43909103
vt 0.182112 0.17677003
vt 0.189636 0.343314
vt 0.301832 0.55248797
vt 0.352113 0.468781
vt 0.390964 0.57137203
vt 0.415761 0.481592
vt 0.501037 0.965173
vt 0.500749 0.817356
vt 0.597032 0.817356
vt 0.60192 0.965173
vt 0.278093 0.43909103
vt 0.235913 0.53176296
vt 0.148463 0.645958
vt 0.151914 0.794062
vt 0.103888 0.656887
vt 0.103888 0.794062
vt 0.19533 0.520228
vt 0.330151 0.46512002
vt 0.827669 0.17677003
vt 0.898639 0.093599975
vt 0.775612 0.419977
vt 0.863662 0.48403198
vt 0.814452 0.520228
vt 0.293344 0.54829
vt 0.416371 0.48545498
vt 0.391359 0.573506
vt 0.81831497 0.34717703
vt 0.830516 0.161722
vt 0.210174 0.39394802
vt 0.708 0.55139196
vt 0.657669 0.468781
vt 0.90589297 0.656887
vt 0.90589297 0.794062
vt 0.680718 0.793487
vt 0.684168 0.645383
vt 0.586391 0.645096
vt 0.58294 0.793487
vt 0.500749 0.645096
vt 0.500749 0.793487
vt 0.161979 0.817932
vt 0.156803 0.965748
vt 0.819619 0.96546
vt 0.81473 0.817644
vt 0.787122 0.817644
vt 0.792011 0.96546
vt 0.250267 0.817644
vt 0.245378 0.96546
vt 0.08347 0.934114
vt 0.108489 0.817932
f 5118/5118 5119/5119 5120/5120
f 5120/5120 5121/5121 5118/5118
f 5122/5122 5123/5123 5124/5124
f 5124/5124 5125/5125 5122/5122
f 5130/5130 5131/5131 5132/5132
f 5133/5133 5132/5132 5131/5131
f 5132/5132 5133/5133 5134/5134
f 5135/5135 5134/5134 5133/5133
f 5105/5105 5134/5134 5137/5137
f 5136/5136 5105/5105 5137/5137
f 5104/5104 5105/5105 5136/5136
f 5103/5103 5105/5105 5104/5104
f 5102/5102 5103/5103 5104/5104
f 5138/5138 5103/5103 5102/5102
f 5103/5103 5138/5138 5109/5109
f 5138/5138 5112/5112 5109/5109
f 5110/5110 5109/5109 5112/5112
f 5109/5109 5110/5110 5111/5111
f 5083/5083 5111/5111 5116/5116
f 5111/5111 5083/5083 5082/5082
f 5081/5081 5082/5082 5083/5083
f 5082/5082 5081/5081 5084/5084
f 5204/5204 5205/5205 5206/5206
f 5207/5207 5205/5205 5204/5204
f 5205/5205 5207/5207 5260/5260
f 5260/5260 5261/5261 5205/5205
f 5261/5261 5260/5260 5262/5262
f 5262/5262 5260/5260 5263/5263
f 5262/5262 5263/5263 5210/5210
f 5210/5210 5263/5263 5211/5211
f 5210/5210 5211/5211 5208/5208
f 5208/5208 5209/5209 5210/5210
f 5209/5209 5208/5208 5227/5227
f 5227/5227 5208/5208 5228/5228
f 5227/5227 5228/5228 5225/5225
f 5225/5225 5226/5226 5227/5227
f 5226/5226 5225/5225 5190/5190
f 5190/5190 5225/5225 5191/5191
f 5190/5190 5191/5191 5188/5188
f 5188/5188 5189/5189 5190/5190
f 5189/5189 5188/5188 5264/5264
f 5264/5264 5188/5188 5265/5265
f 5264/5264 5265/5265 5175/5175
f 5175/5175 5174/5174 5264/5264
f 5174/5174 5175/5175 5172/5172
f 5172/5172 5173/5173 5174/5174
f 5173/5173 5172/5172 5258/5258
f 5258/5258 5172/5172 5259/5259
f 5258/5258 5259/5259 5266/5266
f 5266/5266 5267/5267 5258/5258
f 5233/5233 5232/5232 5234/5234
f 5231/5231 5232/5232 5233/5233
f 5232/5232 5231/5231 5166/5166
f 5166/5166 5167/5167 5232/5232
f 5166/5166 5165/5165 5167/5167
f 5164/5164 5165/5165 5166/5166
f 5165/5165 5164/5164 5192/5192
f 5192/5192 5193/5193 5165/5165
f 5256/5256 5193/5193 5192/5192
f 5193/5193 5256/5256 5257/5257
f 5256/5256 5255/5255 5257/5257
f 5255/5255 5256/5256 5254/5254
f 5254/5254 5252/5252 5255/5255
f 5252/5252 5254/5254 5253/5253
f 5252/5252 5253/5253 5186/5186
f 5186/5186 5187/5187 5252/5252
f 5186/5186 5185/5185 5187/5187
f 5184/5184 5185/5185 5186/5186
f 5185/5185 5184/5184 5250/5250
f 5250/5250 5251/5251 5185/5185
f 5161/5161 5160/5160 5163/5163
f 5160/5160 5161/5161 5162/5162
f 5162/5162 5219/5219 5160/5160
f 5162/5162 5161/5161 5247/5247
f 5219/5219 5162/5162 5220/5220
f 5196/5196 5162/5162 5247/5247
f 5181/5181 5220/5220 5162/5162
f 5220/5220 5181/5181 5180/5180
f 5162/5162 5196/5196 5195/5195
f 5181/5181 5162/5162 5195/5195
f 5194/5194 5195/5195 5196/5196
f 5180/5180 5181/5181 5182/5182
f 5195/5195 5194/5194 5197/5197
f 5182/5182 5181/5181 5183/5183
f 5194/5194 5230/5230 5197/5197
f 5235/5235 5182/5182 5183/5183
f 5230/5230 5194/5194 5229/5229
f 5182/5182 5235/5235 5236/5236
f 5229/5229 5221/5221 5230/5230
f 5235/5235 5242/5242 5236/5236
f 5221/5221 5229/5229 5222/5222
f 5236/5236 5242/5242 5243/5243
f 5221/5221 5222/5222 5223/5223
f 5243/5243 5242/5242 5244/5244
f 5223/5223 5222/5222 5224/5224
f 5243/5243 5244/5244 5168/5168
f 5223/5223 5224/5224 5176/5176
f 5168/5168 5244/5244 5171/5171
f 5176/5176 5224/5224 5179/5179
f 5169/5169 5168/5168 5171/5171
f 5177/5177 5176/5176 5179/5179
f 5168/5168 5169/5169 5170/5170
f 5176/5176 5177/5177 5178/5178
f 5202/5202 5170/5170 5169/5169
f 5249/5249 5178/5178 5177/5177
f 5170/5170 5202/5202 5203/5203
f 5178/5178 5249/5249 5248/5248
f 5203/5203 5202/5202 5241/5241
f 5218/5218 5248/5248 5249/5249
f 5203/5203 5241/5241 5239/5239
f 5248/5248 5218/5218 5215/5215
f 5241/5241 5240/5240 5239/5239
f 5216/5216 5215/5215 5218/5218
f 5198/5198 5239/5239 5240/5240
f 5215/5215 5216/5216 5217/5217
f 5239/5239 5198/5198 5200/5200
f 5217/5217 5216/5216 5212/5212
f 5198/5198 5199/5199 5200/5200
f 5212/5212 5216/5216 5213/5213
f 5199/5199 5198/5198 5201/5201
f 5198/5198 5212/5212 5201/5201
f 5212/5212 5213/5213 5201/5201
f 5237/5237 5199/5199 5201/5201
f 5201/5201 5213/5213 5214/5214
f 5237/5237 5201/5201 5238/5238
f 5214/5214 5245/5245 5201/5201
f 5238/5238 5201/5201 5245/5245
f 5238/5238 5245/5245 5246/5246
f 5113/5113 5098/5098 5114/5114
f 5098/5098 5113/5113 5115/5115
f 5098/5098 5115/5115 5101/5101
f 5099/5099 5098/5098 5101/5101
f 5098/5098 5099/5099 5100/5100
f 5100/5100 5099/5099 5107/5107
f 5107/5107 5106/5106 5100/5100
f 5106/5106 5107/5107 5108/5108
f 5159/5159 5106/5106 5108/5108
f 5106/5106 5159/5159 5156/5156
f 5159/5159 5157/5157 5156/5156
f 5156/5156 5157/5157 5152/5152
f 5152/5152 5157/5157 5158/5158
f 5158/5158 5155/5155 5152/5152
f 5153/5153 5152/5152 5155/5155
f 5152/5152 5153/5153 5154/5154
f 5139/5139 5089/5089 5091/5091
f 5089/5089 5090/5090 5091/5091
f 5090/5090 5089/5089 5092/5092
f 5091/5091 5090/5090 5086/5086
f 5091/5091 5086/5086 5085/5085
f 5085/5085 5086/5086 5087/5087
f 5092/5092 5094/5094 5090/5090
f 5093/5093 5094/5094 5092/5092
f 5094/5094 5093/5093 5141/5141
f 5150/5150 5151/5151 5087/5087
f 5141/5141 5140/5140 5094/5094
f 5140/5140 5141/5141 5142/5142
f 5087/5087 5088/5088 5150/5150
f 5086/5086 5088/5088 5087/5087
f 5096/5096 5150/5150 5088/5088
f 5144/5144 5143/5143 5142/5142
f 5140/5140 5142/5142 5143/5143
f 5095/5095 5096/5096 5088/5088
f 5096/5096 5095/5095 5097/5097
f 5148/5148 5097/5097 5095/5095
f 5148/5148 5095/5095 5149/5149
f 5095/5095 5147/5147 5149/5149
f 5086/5086 5117/5117 5088/5088
f 5117/5117 5095/5095 5088/5088
f 5090/5090 5117/5117 5086/5086
f 5090/5090 5094/5094 5117/5117
f 5140/5140 5117/5117 5094/5094
f 5147/5147 5095/5095 5129/5129
f 5117/5117 5129/5129 5095/5095
f 5129/5129 5146/5146 5147/5147
f 5117/5117 5140/5140 5128/5128
f 5128/5128 5129/5129 5117/5117
f 5143/5143 5128/5128 5140/5140
f 5128/5128 5143/5143 5126/5126
f 5126/5126 5127/5127 5128/5128
f 5128/5128 5127/5127 5129/5129
f 5146/5146 5129/5129 5127/5127
f 5127/5127 5145/5145 5146/5146
