# exported by tpaccli from mi_aserai_tower_3
o mi_aserai_tower_3
v -0.40307087 1.5132115E-07 0.69416046
v -0.40307087 1.5132115E-07 0.69416046
v -0.40307087 1.5132115E-07 0.69416046
v -0.40307087 1.5132115E-07 0.69416046
v -0.38933855 -0.10430579 -0.47755298
v -0.38933876 -0.10430581 0.69416046
v -0.38933876 -0.10430581 0.69416046
v -0.40307066 1.716033E-07 -0.47755298
v -0.40307066 1.716033E-07 -0.47755298
v -0.3490781 -0.20150337 -0.47755298
v -0.34907824 -0.2015037 0.69416046
v -0.34907824 -0.2015037 0.69416046
v -0.28503272 -0.284969 -0.47755298
v -0.28503272 -0.28496903 0.69416046
v -0.28503272 -0.28496903 0.69416046
v -0.2015671 -0.3490146 -0.47755295
v -0.2015671 -0.34901467 0.69416046
v -0.2015671 -0.34901467 0.69416046
v -0.10436952 -0.3892752 0.69416046
v -0.10436952 -0.3892752 0.69416046
v -0.104369365 -0.3892752 -0.47755295
v -6.347927E-05 -0.40300763 0.69416046
v -6.347927E-05 -0.40300763 0.69416046
v -6.347927E-05 -0.40300763 -0.47755295
v 0.10424256 -0.3892752 0.69416046
v 0.10424256 -0.3892752 0.69416046
v 0.10424257 -0.3892752 -0.47755295
v 0.20144029 -0.3490146 -0.4775529
v 0.20144029 -0.34901467 0.6941606
v 0.20144029 -0.34901467 0.6941606
v 0.28477925 -0.28505072 0.6901254
v 0.28477925 -0.28505072 0.6901254
v 0.2849059 -0.2849693 -0.4775529
v 0.3489514 -0.20150368 -0.4775529
v 0.34895125 -0.2015037 0.6941605
v 0.34895125 -0.2015037 0.6941605
v 0.38921195 -0.10430612 0.6941605
v 0.38921195 -0.10430612 0.6941605
v 0.38921198 -0.104306094 -0.4775529
v 0.40300745 -0.0023129454 0.6941605
v 0.40300745 -0.0023129454 0.6941605
v 0.40300745 -0.0023129454 0.6941605
v 0.40300745 -0.0023129454 0.6941605
v 0.38921213 0.10430592 -0.4775529
v 0.3892121 0.10430589 0.6941605
v 0.3892121 0.10430589 0.6941605
v 0.4030709 -0.0046259463 -0.4775529
v 0.4030709 -0.0046259463 -0.4775529
v 0.34895155 0.2015037 0.6941605
v 0.34895155 0.2015037 0.6941605
v 0.3489516 0.20150372 -0.47755295
v 0.2849062 0.2849691 -0.47755295
v 0.2849062 0.2849694 0.6941605
v 0.2849062 0.2849694 0.6941605
v 0.20144074 0.34901482 -0.47755295
v 0.20144074 0.34901476 0.6941605
v 0.20144074 0.34901476 0.6941605
v 0.10424301 0.3892753 0.69416046
v 0.10424301 0.3892753 0.69416046
v 0.10424301 0.38927534 -0.47755295
v -6.3025305E-05 0.40300763 0.69416046
v -6.3025305E-05 0.40300763 0.69416046
v -6.3025305E-05 0.40300763 -0.47755298
v -0.104369074 0.3892755 -0.47755298
v -0.104369074 0.38927567 0.69416046
v -0.104369074 0.38927567 0.69416046
v -0.20156665 0.34901512 -0.47755298
v -0.2015668 0.3490151 0.69416046
v -0.2015668 0.3490151 0.69416046
v -0.28503242 0.28496978 -0.47755298
v -0.28503242 0.28496978 0.69416046
v -0.28503242 0.28496978 0.69416046
v -0.34907794 0.20150425 -0.47755298
v -0.34907794 0.20150423 0.69416046
v -0.34907794 0.20150423 0.69416046
v -0.38933855 0.10430653 -0.47755298
v -0.3893386 0.104306504 0.69416046
v -0.3893386 0.104306504 0.69416046
v -0.40307087 1.5132115E-07 1.4018437
v -0.40307087 1.5132115E-07 1.4018437
v -0.40307087 1.5132115E-07 1.4018437
v -0.40307087 1.5132115E-07 1.4018437
v -0.40307087 1.5132115E-07 1.4018437
v -0.33294076 -0.08919396 1.4330565
v -0.33294076 -0.08919396 1.4330565
v -0.33294076 -0.08919396 1.4330565
v -0.3446834 1.5132115E-07 1.4330565
v -0.3446834 1.5132115E-07 1.4330565
v -0.3446834 1.5132115E-07 1.4330565
v -0.38933876 -0.10430581 1.4018437
v -0.38933876 -0.10430581 1.4018437
v -0.38933876 -0.10430581 1.4018437
v -0.38933876 -0.10430581 1.4018437
v -0.38933876 -0.10430581 1.5302559
v -0.38933876 -0.10430581 1.5302559
v -0.38933876 -0.10430581 1.5302559
v -0.34907824 -0.2015037 1.5302559
v -0.34907824 -0.2015037 1.5302559
v -0.34907824 -0.2015037 1.5302559
v -0.29851303 -0.17230989 1.5302559
v -0.29851303 -0.17230989 1.5302559
v -0.29851303 -0.17230989 1.5302559
v -0.33294076 -0.08919396 1.5302559
v -0.33294076 -0.08919396 1.5302559
v -0.33294076 -0.08919396 1.5302559
v -0.24374655 -0.243683 1.4330565
v -0.24374655 -0.243683 1.4330565
v -0.24374655 -0.243683 1.4330565
v -0.29851303 -0.17230989 1.4330565
v -0.29851303 -0.17230989 1.4330565
v -0.29851303 -0.17230989 1.4330565
v -0.28503272 -0.28496903 1.4018437
v -0.28503272 -0.28496903 1.4018437
v -0.28503272 -0.28496903 1.4018437
v -0.28503272 -0.28496903 1.4018437
v -0.34907824 -0.2015037 1.4018437
v -0.34907824 -0.2015037 1.4018437
v -0.34907824 -0.2015037 1.4018437
v -0.34907824 -0.2015037 1.4018437
v -0.28503287 -0.28496903 1.5302559
v -0.28503287 -0.28496903 1.5302559
v -0.28503287 -0.28496903 1.5302559
v -0.2015671 -0.34901467 1.5302559
v -0.2015671 -0.34901467 1.5302559
v -0.2015671 -0.34901467 1.5302559
v -0.17237344 -0.29844946 1.5302559
v -0.17237344 -0.29844946 1.5302559
v -0.17237344 -0.29844946 1.5302559
v -0.2437467 -0.243683 1.5302559
v -0.2437467 -0.243683 1.5302559
v -0.2437467 -0.243683 1.5302559
v -0.08925768 -0.332877 1.4330565
v -0.08925768 -0.332877 1.4330565
v -0.08925768 -0.332877 1.4330565
v -0.2015671 -0.34901467 1.4018437
v -0.2015671 -0.34901467 1.4018437
v -0.2015671 -0.34901467 1.4018437
v -0.2015671 -0.34901467 1.4018437
v -0.10436952 -0.3892752 1.4018437
v -0.10436952 -0.3892752 1.4018437
v -0.10436952 -0.3892752 1.4018437
v -0.10436952 -0.3892752 1.4018437
v -0.17237344 -0.29844946 1.4330565
v -0.17237344 -0.29844946 1.4330565
v -0.17237344 -0.29844946 1.4330565
v -6.347927E-05 -0.3446198 1.5302559
v -6.347927E-05 -0.3446198 1.5302559
v -6.347927E-05 -0.3446198 1.5302559
v -0.08925768 -0.332877 1.5302559
v -0.08925768 -0.332877 1.5302559
v -0.08925768 -0.332877 1.5302559
v -0.10436952 -0.3892752 1.5302559
v -0.10436952 -0.3892752 1.5302559
v -0.10436952 -0.3892752 1.5302559
v -6.3630585E-05 -0.40300763 1.5302559
v -6.3630585E-05 -0.40300763 1.5302559
v -6.3630585E-05 -0.40300763 1.5302559
v 0.10424241 -0.3892752 1.4018437
v 0.10424241 -0.3892752 1.4018437
v 0.10424241 -0.3892752 1.4018437
v 0.10424241 -0.3892752 1.4018437
v -6.347927E-05 -0.3446198 1.4330565
v -6.347927E-05 -0.3446198 1.4330565
v -6.347927E-05 -0.3446198 1.4330565
v -6.3630585E-05 -0.40300763 1.4018437
v -6.3630585E-05 -0.40300763 1.4018437
v -6.3630585E-05 -0.40300763 1.4018437
v -6.3630585E-05 -0.40300763 1.4018437
v 0.089130715 -0.3328773 1.4330565
v 0.089130715 -0.3328773 1.4330565
v 0.089130715 -0.3328773 1.4330565
v 0.10424241 -0.3892752 1.5302559
v 0.10424241 -0.3892752 1.5302559
v 0.10424241 -0.3892752 1.5302559
v 0.17224647 -0.29844978 1.5302559
v 0.17224647 -0.29844978 1.5302559
v 0.17224647 -0.29844978 1.5302559
v 0.089130715 -0.3328773 1.5302559
v 0.089130715 -0.3328773 1.5302559
v 0.089130715 -0.3328773 1.5302559
v 0.20144029 -0.34901467 1.5302559
v 0.20144029 -0.34901467 1.5302559
v 0.20144029 -0.34901467 1.5302559
v 0.20144029 -0.34901467 1.4018438
v 0.20144029 -0.34901467 1.4018438
v 0.20144029 -0.34901467 1.4018438
v 0.20144029 -0.34901467 1.4018438
v 0.28465244 -0.28513214 1.3937738
v 0.28465244 -0.28513214 1.3937738
v 0.28465244 -0.28513214 1.3937738
v 0.17224647 -0.29844978 1.4330565
v 0.17224647 -0.29844978 1.4330565
v 0.17224647 -0.29844978 1.4330565
v 0.24361958 -0.2436833 1.4330565
v 0.24361958 -0.2436833 1.4330565
v 0.28473008 -0.28518268 1.530256
v 0.28473008 -0.28518268 1.530256
v 0.28473008 -0.28518268 1.530256
v 0.34895125 -0.2015037 1.5302559
v 0.34895125 -0.2015037 1.5302559
v 0.34895125 -0.2015037 1.5302559
v 0.24361958 -0.2436833 1.5302559
v 0.24361958 -0.2436833 1.5302559
v 0.24361958 -0.2436833 1.5302559
v 0.29838622 -0.17230989 1.5302559
v 0.29838622 -0.17230989 1.5302559
v 0.29838622 -0.17230989 1.5302559
v 0.33281407 -0.08919427 1.4330565
v 0.33281407 -0.08919427 1.4330565
v 0.33281407 -0.08919427 1.4330565
v 0.34895125 -0.2015037 1.4018437
v 0.34895125 -0.2015037 1.4018437
v 0.34895125 -0.2015037 1.4018437
v 0.34895125 -0.2015037 1.4018437
v 0.38921195 -0.10430612 1.4018437
v 0.38921195 -0.10430612 1.4018437
v 0.38921195 -0.10430612 1.4018437
v 0.38921195 -0.10430612 1.4018437
v 0.29838622 -0.17230989 1.4330565
v 0.29838622 -0.17230989 1.4330565
v 0.29838622 -0.17230989 1.4330565
v 0.40294406 -1.5132129E-07 1.5302559
v 0.40294406 -1.5132129E-07 1.5302559
v 0.40294406 -1.5132129E-07 1.5302559
v 0.33281407 -0.08919427 1.5302559
v 0.33281407 -0.08919427 1.5302559
v 0.33281407 -0.08919427 1.5302559
v 0.38921195 -0.10430612 1.5302559
v 0.38921195 -0.10430612 1.5302559
v 0.38921195 -0.10430612 1.5302559
v 0.34455675 -1.5132129E-07 1.5302559
v 0.34455675 -1.5132129E-07 1.5302559
v 0.34455675 -1.5132129E-07 1.5302559
v 0.34455675 -1.5132129E-07 1.4330565
v 0.34455675 -1.5132129E-07 1.4330565
v 0.3892121 0.10430589 1.4018437
v 0.3892121 0.10430589 1.4018437
v 0.3892121 0.10430589 1.4018437
v 0.3892121 0.10430589 1.4018437
v 0.33281422 0.089194275 1.4330565
v 0.33281422 0.089194275 1.4330565
v 0.33281422 0.089194275 1.4330565
v 0.4029442 -1.5132129E-07 1.4018437
v 0.4029442 -1.5132129E-07 1.4018437
v 0.4029442 -1.5132129E-07 1.4018437
v 0.4029442 -1.5132129E-07 1.4018437
v 0.33281422 0.089194275 1.5302559
v 0.33281422 0.089194275 1.5302559
v 0.33281422 0.089194275 1.5302559
v 0.3489514 0.2015037 1.5302559
v 0.3489514 0.2015037 1.5302559
v 0.3489514 0.2015037 1.5302559
v 0.29838637 0.17231004 1.5302559
v 0.29838637 0.17231004 1.5302559
v 0.29838637 0.17231004 1.5302559
v 0.38921195 0.10430589 1.5302559
v 0.38921195 0.10430589 1.5302559
v 0.38921195 0.10430589 1.5302559
v 0.3489514 0.2015037 1.4018437
v 0.3489514 0.2015037 1.4018437
v 0.3489514 0.2015037 1.4018437
v 0.3489514 0.2015037 1.4018437
v 0.24362002 0.24368313 1.4330565
v 0.24362002 0.24368313 1.4330565
v 0.24362002 0.24368313 1.4330565
v 0.29838637 0.17231004 1.4330565
v 0.29838637 0.17231004 1.4330565
v 0.29838637 0.17231004 1.4330565
v 0.28490606 0.2849694 1.4018437
v 0.28490606 0.2849694 1.4018437
v 0.28490606 0.2849694 1.4018437
v 0.28490606 0.2849694 1.4018437
v 0.28490606 0.2849694 1.5302559
v 0.28490606 0.2849694 1.5302559
v 0.28490606 0.2849694 1.5302559
v 0.17224678 0.2984496 1.5302559
v 0.17224678 0.2984496 1.5302559
v 0.17224678 0.2984496 1.5302559
v 0.24362002 0.24368313 1.5302559
v 0.24362002 0.24368313 1.5302559
v 0.24362002 0.24368313 1.5302559
v 0.20144057 0.34901476 1.5302559
v 0.20144057 0.34901476 1.5302559
v 0.20144057 0.34901476 1.5302559
v 0.20144057 0.34901476 1.4018437
v 0.20144057 0.34901476 1.4018437
v 0.20144057 0.34901476 1.4018437
v 0.20144057 0.34901476 1.4018437
v 0.08913101 0.3328775 1.4330565
v 0.08913101 0.3328775 1.4330565
v 0.08913101 0.3328775 1.4330565
v 0.17224678 0.2984496 1.4330565
v 0.17224678 0.2984496 1.4330565
v 0.17224678 0.2984496 1.4330565
v 0.104242854 0.3892753 1.4018437
v 0.104242854 0.3892753 1.4018437
v 0.104242854 0.3892753 1.4018437
v 0.104242854 0.3892753 1.4018437
v -6.317662E-05 0.40300763 1.5302559
v -6.317662E-05 0.40300763 1.5302559
v -6.317662E-05 0.40300763 1.5302559
v 0.08913101 0.3328775 1.5302559
v 0.08913101 0.3328775 1.5302559
v 0.08913101 0.3328775 1.5302559
v 0.104242854 0.3892753 1.5302559
v 0.104242854 0.3892753 1.5302559
v 0.104242854 0.3892753 1.5302559
v -6.317662E-05 0.34462002 1.5302559
v -6.317662E-05 0.34462002 1.5302559
v -6.317662E-05 0.34462002 1.5302559
v -0.089257374 0.33287764 1.4330565
v -0.089257374 0.33287764 1.4330565
v -0.089257374 0.33287764 1.4330565
v -6.317662E-05 0.40300763 1.4018437
v -6.317662E-05 0.40300763 1.4018437
v -6.317662E-05 0.40300763 1.4018437
v -6.317662E-05 0.40300763 1.4018437
v -0.104369074 0.38927567 1.4018437
v -0.104369074 0.38927567 1.4018437
v -0.104369074 0.38927567 1.4018437
v -0.104369074 0.38927567 1.4018437
v -6.317662E-05 0.34462002 1.4330565
v -6.317662E-05 0.34462002 1.4330565
v -6.317662E-05 0.34462002 1.4330565
v -0.2015668 0.3490151 1.5302559
v -0.2015668 0.3490151 1.5302559
v -0.2015668 0.3490151 1.5302559
v -0.089257374 0.33287764 1.5302559
v -0.089257374 0.33287764 1.5302559
v -0.089257374 0.33287764 1.5302559
v -0.104369074 0.38927567 1.5302559
v -0.104369074 0.38927567 1.5302559
v -0.104369074 0.38927567 1.5302559
v -0.17237315 0.29845005 1.5302559
v -0.17237315 0.29845005 1.5302559
v -0.17237315 0.29845005 1.5302559
v -0.17237315 0.29845005 1.4330565
v -0.17237315 0.29845005 1.4330565
v -0.17237315 0.29845005 1.4330565
v -0.28503257 0.28496978 1.4018437
v -0.28503257 0.28496978 1.4018437
v -0.28503257 0.28496978 1.4018437
v -0.28503257 0.28496978 1.4018437
v -0.24374638 0.24368343 1.4330565
v -0.24374638 0.24368343 1.4330565
v -0.24374638 0.24368343 1.4330565
v -0.2015668 0.3490151 1.4018437
v -0.2015668 0.3490151 1.4018437
v -0.2015668 0.3490151 1.4018437
v -0.2015668 0.3490151 1.4018437
v -0.24374638 0.24368343 1.5302559
v -0.24374638 0.24368343 1.5302559
v -0.24374638 0.24368343 1.5302559
v -0.34907794 0.20150423 1.5302559
v -0.34907794 0.20150423 1.5302559
v -0.34907794 0.20150423 1.5302559
v -0.29851288 0.17231049 1.5302559
v -0.29851288 0.17231049 1.5302559
v -0.29851288 0.17231049 1.5302559
v -0.28503257 0.28496978 1.5302559
v -0.28503257 0.28496978 1.5302559
v -0.28503257 0.28496978 1.5302559
v -0.34907794 0.20150423 1.4018437
v -0.34907794 0.20150423 1.4018437
v -0.34907794 0.20150423 1.4018437
v -0.34907794 0.20150423 1.4018437
v -0.33294058 0.08919472 1.4330565
v -0.33294058 0.08919472 1.4330565
v -0.33294058 0.08919472 1.4330565
v -0.29851288 0.17231049 1.4330565
v -0.29851288 0.17231049 1.4330565
v -0.29851288 0.17231049 1.4330565
v -0.3893386 0.104306504 1.4018437
v -0.3893386 0.104306504 1.4018437
v -0.3893386 0.104306504 1.4018437
v -0.3893386 0.104306504 1.4018437
v -0.38933876 0.104306504 1.5302559
v -0.38933876 0.104306504 1.5302559
v -0.38933876 0.104306504 1.5302559
v -0.3446834 1.5132115E-07 1.5302559
v -0.3446834 1.5132115E-07 1.5302559
v -0.3446834 1.5132115E-07 1.5302559
v -0.33294058 0.08919472 1.5302559
v -0.33294058 0.08919472 1.5302559
v -0.33294058 0.08919472 1.5302559
v -0.40307087 1.5132115E-07 1.5302559
v -0.40307087 1.5132115E-07 1.5302559
v -0.40307087 1.5132115E-07 1.5302559
v -0.3446834 1.5132115E-07 1.4330565
v -0.33294076 -0.08919396 1.4330565
v -6.332795E-05 0 1.4330565
v -0.29851303 -0.17230989 1.4330565
v -0.24374655 -0.243683 1.4330565
v -0.17237344 -0.29844946 1.4330565
v -0.08925768 -0.332877 1.4330565
v -6.347927E-05 -0.3446198 1.4330565
v 0.089130715 -0.3328773 1.4330565
v 0.17224647 -0.29844978 1.4330565
v 0.24361958 -0.2436833 1.4330565
v 0.29838622 -0.17230989 1.4330565
v 0.33281407 -0.08919427 1.4330565
v 0.34455675 -1.5132129E-07 1.4330565
v 0.33281422 0.089194275 1.4330565
v 0.29838637 0.17231004 1.4330565
v 0.24362002 0.24368313 1.4330565
v 0.17224678 0.2984496 1.4330565
v 0.08913101 0.3328775 1.4330565
v -6.317662E-05 0.34462002 1.4330565
v -0.089257374 0.33287764 1.4330565
v -0.17237315 0.29845005 1.4330565
v -0.24374638 0.24368343 1.4330565
v -0.29851288 0.17231049 1.4330565
v -0.33294058 0.08919472 1.4330565
vt 0.8305664 0.7998047
vt 0.99609375 0.7998047
vt 0.8305664 0.8729042
vt 0.99609375 0.8729042
vt 0.8461295 0.92053276
vt 0.8466797 0.7998047
vt 0.8466797 0.8729042
vt 0.83251953 0.9214548
vt 0.9940521 0.92074907
vt 0.8606026 0.920961
vt 0.859375 0.7998047
vt 0.859375 0.8729042
vt 0.87396145 0.92071646
vt 0.87402344 0.7998047
vt 0.87402344 0.8729042
vt 0.8876289 0.92095745
vt 0.8876953 0.7998047
vt 0.8876953 0.8729042
vt 0.90185547 0.7998047
vt 0.90185547 0.8729042
vt 0.9017913 0.92071396
vt 0.91503906 0.7998047
vt 0.91503906 0.8729042
vt 0.9149703 0.9209577
vt 0.9291992 0.7998047
vt 0.9291992 0.8729042
vt 0.92913437 0.92073035
vt 0.9438017 0.9207202
vt 0.94189453 0.7998047
vt 0.94189453 0.8729042
vt 0.95654297 0.7998047
vt 0.95654297 0.8729042
vt 0.956361 0.92137945
vt 0.97073644 0.92077476
vt 0.97021484 0.7998047
vt 0.97021484 0.8729042
vt 0.9838867 0.7998047
vt 0.9838867 0.8729042
vt 0.98381555 0.9207104
vt 0.82958984 0.7998047
vt 0.9980469 0.8729042
vt 0.82958984 0.8729042
vt 0.9980469 0.7998047
vt 0.8431955 0.92071676
vt 0.8432617 0.7998047
vt 0.8432617 0.8729042
vt 0.8305664 0.920962
vt 0.99975777 0.9209616
vt 0.8574219 0.7998047
vt 0.8574219 0.8729042
vt 0.8573577 0.9209575
vt 0.87102735 0.9207113
vt 0.87109375 0.7998047
vt 0.87109375 0.8729042
vt 0.8850145 0.92096174
vt 0.88378906 0.7998047
vt 0.88378906 0.8729042
vt 0.8989258 0.7998047
vt 0.8989258 0.8729042
vt 0.89886576 0.92071635
vt 0.9121094 0.7998047
vt 0.9121094 0.8729042
vt 0.9120406 0.9209574
vt 0.92620534 0.92071396
vt 0.92626953 0.7998047
vt 0.92626953 0.8729042
vt 0.93938434 0.9209574
vt 0.9394531 0.7998047
vt 0.9394531 0.8729042
vt 0.9535491 0.92071396
vt 0.9536133 0.7998047
vt 0.9536133 0.8729042
vt 0.96770924 0.9209596
vt 0.96777344 0.7998047
vt 0.96777344 0.8729042
vt 0.9808823 0.92081887
vt 0.98095703 0.7998047
vt 0.98095703 0.8729042
vt 0.9682617 0.8204855
vt 0.9682617 0.8204855
vt 0.9917855 0.82185674
vt 0.82910156 0.7998047
vt 0.99658203 0.7998047
vt 0.9868164 0.81761885
vt 0.8305664 0.81741405
vt 0.9777839 0.8188338
vt 0.9682617 0.81761885
vt 0.9801284 0.8188338
vt 0.9682617 0.81761885
vt 0.9868164 0.8204855
vt 0.8305664 0.82028073
vt 0.98904395 0.82185674
vt 0.8466797 0.7998047
vt 0.9087456 0.8465382
vt 0.8305664 0.80881417
vt 0.98904395 0.8094199
vt 0.9251756 0.8462151
vt 0.8491211 0.80881417
vt 0.9810058 0.8094199
vt 0.92359024 0.8421624
vt 0.97091043 0.8094199
vt 0.8491211 0.80881417
vt 0.9095407 0.8424386
vt 0.8305664 0.80881417
vt 0.9777839 0.8094199
vt 0.86816406 0.81741405
vt 0.86816406 0.81741405
vt 0.9599762 0.8188338
vt 0.8491211 0.81741405
vt 0.97091043 0.8188338
vt 0.8491211 0.81741405
vt 0.86816406 0.82028073
vt 0.86816406 0.82028073
vt 0.96821904 0.82185674
vt 0.87402344 0.7998047
vt 0.8491211 0.82028073
vt 0.8491211 0.82028073
vt 0.9810058 0.82185674
vt 0.859375 0.7998047
vt 0.9437687 0.84619474
vt 0.86816406 0.80881417
vt 0.96821904 0.8094199
vt 0.9601973 0.8458718
vt 0.88720703 0.80881417
vt 0.9515549 0.8094199
vt 0.95861185 0.8418187
vt 0.9457263 0.8094199
vt 0.88720703 0.80881417
vt 0.9445634 0.8420948
vt 0.86816406 0.80881417
vt 0.9599762 0.8094199
vt 0.9057617 0.81741405
vt 0.9057617 0.81741405
vt 0.9291321 0.8188338
vt 0.88720703 0.82028073
vt 0.88720703 0.82028073
vt 0.9515549 0.82185674
vt 0.8876953 0.7998047
vt 0.9057617 0.82028073
vt 0.9057617 0.82028073
vt 0.9321492 0.82185674
vt 0.90185547 0.7998047
vt 0.88720703 0.81741405
vt 0.9457263 0.8188338
vt 0.88720703 0.81741405
vt 0.95879453 0.8461777
vt 0.91132426 0.8094199
vt 0.9248047 0.80881417
vt 0.9447468 0.84645414
vt 0.9057617 0.80881417
vt 0.9291321 0.8094199
vt 0.94395167 0.8505543
vt 0.9057617 0.80881417
vt 0.9321492 0.8094199
vt 0.9603794 0.850231
vt 0.9248047 0.80881417
vt 0.91132426 0.8094199
vt 0.94384766 0.82028073
vt 0.94384766 0.82028073
vt 0.89049935 0.82185674
vt 0.9291992 0.7998047
vt 0.9248047 0.81741405
vt 0.91132426 0.8188338
vt 0.9248047 0.81741405
vt 0.9248047 0.82028073
vt 0.9248047 0.82028073
vt 0.91132426 0.82185674
vt 0.91503906 0.7998047
vt 0.94384766 0.81741405
vt 0.94384766 0.81741405
vt 0.89351654 0.8188338
vt 0.9266899 0.8506616
vt 0.94384766 0.80881417
vt 0.89049935 0.8094199
vt 0.9415337 0.8462845
vt 0.87692225 0.8094199
vt 0.96240234 0.80881417
vt 0.92748564 0.84656143
vt 0.94384766 0.80881417
vt 0.89351654 0.8094199
vt 0.9431179 0.85033774
vt 0.96240234 0.80881417
vt 0.87109375 0.8094199
vt 0.96240234 0.82028073
vt 0.96240234 0.82028073
vt 0.87109375 0.82185674
vt 0.94091797 0.7998047
vt 0.9814453 0.820895
vt 0.8339844 0.82251894
vt 0.95654297 0.7998047
vt 0.96240234 0.81741405
vt 0.87692225 0.8188338
vt 0.96240234 0.81741405
vt 0.9814453 0.81741405
vt 0.9814453 0.81741405
vt 0.90903956 0.85092425
vt 0.9814453 0.80881417
vt 0.8339863 0.80989635
vt 0.92551214 0.85060006
vt 0.84164286 0.8094199
vt 0.84438986 0.80989635
vt 0.90987897 0.8468243
vt 0.9814453 0.80881417
vt 0.9814453 0.80881417
vt 0.92392796 0.8465472
vt 0.8517382 0.8094199
vt 1.0004883 0.80881417
vt 0.93066406 0.81741405
vt 0.93066406 0.81741405
vt 0.8448647 0.8188338
vt 0.9121094 0.82028073
vt 0.84164286 0.82185674
vt 0.84438986 0.8217726
vt 0.9692383 0.7998047
vt 0.93066406 0.82028073
vt 0.93066406 0.82028073
vt 0.8336047 0.82185674
vt 0.9838867 0.7998047
vt 0.9121094 0.81741405
vt 0.8517382 0.8188338
vt 1.0004883 0.81741405
vt 0.92462623 0.8507061
vt 0.94970703 0.80881417
vt 0.8300781 0.80881417
vt 0.9089917 0.8469302
vt 0.93066406 0.80881417
vt 0.8448647 0.8094199
vt 0.90819603 0.85102975
vt 0.93066406 0.80881417
vt 0.8336047 0.8094199
vt 0.9230415 0.84665346
vt 0.8300781 0.80881417
vt 0.94970703 0.80881417
vt 0.8300781 0.81761885
vt 0.94970703 0.81741405
vt 0.8486328 0.8204855
vt 0.8486328 0.8204855
vt 0.8336047 0.82185674
vt 0.8432617 0.7998047
vt 0.8486328 0.81761885
vt 0.8486328 0.81761885
vt 0.8448647 0.8188338
vt 0.8300781 0.8204855
vt 0.94970703 0.82028073
vt 0.9980469 0.7998047
vt 0.82958984 0.7998047
vt 0.9112671 0.83778787
vt 0.8486328 0.80881417
vt 0.8448647 0.8094199
vt 0.926902 0.84156436
vt 0.8676758 0.80881417
vt 0.84164286 0.8094199
vt 0.92531663 0.8375116
vt 0.8517382 0.8094199
vt 0.8676758 0.80881417
vt 0.9104721 0.8418874
vt 0.8486328 0.80881417
vt 0.8336047 0.8094199
vt 0.8676758 0.8204855
vt 0.8676758 0.8204855
vt 0.84164286 0.82185674
vt 0.8564453 0.7998047
vt 0.88671875 0.81761885
vt 0.88671875 0.81761885
vt 0.86267245 0.8188338
vt 0.8676758 0.81761885
vt 0.8517382 0.8188338
vt 0.8676758 0.81761885
vt 0.88671875 0.8204855
vt 0.88671875 0.8204855
vt 0.8544296 0.82185674
vt 0.87109375 0.7998047
vt 0.9072619 0.85500026
vt 0.88671875 0.80881417
vt 0.8544296 0.8094199
vt 0.9228944 0.8512243
vt 0.87692225 0.8094199
vt 0.90527344 0.80881417
vt 0.9088461 0.8509472
vt 0.88671875 0.80881417
vt 0.86267245 0.8094199
vt 0.9236905 0.8553243
vt 0.90527344 0.80881417
vt 0.87109363 0.8094199
vt 0.90527344 0.8204855
vt 0.90527344 0.8204855
vt 0.87109363 0.82185674
vt 0.88378906 0.7998047
vt 0.9243164 0.81761885
vt 0.9243164 0.81761885
vt 0.89351654 0.8188338
vt 0.90527344 0.81761885
vt 0.87692225 0.8188338
vt 0.90527344 0.81761885
vt 0.9243164 0.8204855
vt 0.9243164 0.8204855
vt 0.89049935 0.82185674
vt 0.8989258 0.7998047
vt 0.94372416 0.83800954
vt 0.9433594 0.80881417
vt 0.91132426 0.8094199
vt 0.92809147 0.8342327
vt 0.9243164 0.80881417
vt 0.89351654 0.8094199
vt 0.92729634 0.8383328
vt 0.9243164 0.80881417
vt 0.89049935 0.8094199
vt 0.9421392 0.83395624
vt 0.91132426 0.8094199
vt 0.9433594 0.80881417
vt 0.96191406 0.81761885
vt 0.96191406 0.81761885
vt 0.9291321 0.8188338
vt 0.9433594 0.8204855
vt 0.9433594 0.8204855
vt 0.91132426 0.82185674
vt 0.9121094 0.7998047
vt 0.96191406 0.8204855
vt 0.96191406 0.8204855
vt 0.9321492 0.82185674
vt 0.92626953 0.7998047
vt 0.9433594 0.81761885
vt 0.91132426 0.8188338
vt 0.9433594 0.81761885
vt 0.95959014 0.854419
vt 0.98095703 0.80881417
vt 0.9515549 0.8094199
vt 0.9447473 0.8500427
vt 0.96191406 0.80881417
vt 0.9291321 0.8094199
vt 0.9431621 0.85409594
vt 0.96191406 0.80881417
vt 0.9321492 0.8094199
vt 0.95879537 0.85031897
vt 0.9457263 0.8094199
vt 0.98095703 0.80881417
vt 0.98095703 0.81761885
vt 0.9457263 0.8188338
vt 0.98095703 0.81761885
vt 1 0.8204855
vt 0.9116211 0.8204855
vt 0.9682189 0.82185674
vt 0.9536133 0.7998047
vt 1 0.81761885
vt 0.9116211 0.81761885
vt 0.9599761 0.8188338
vt 0.98095703 0.8204855
vt 0.98095703 0.8204855
vt 0.9515549 0.82185674
vt 0.93896484 0.7998047
vt 0.92604464 0.8384078
vt 0.9116211 0.80881417
vt 0.9599761 0.8094199
vt 0.94167775 0.8421836
vt 0.9301758 0.80881417
vt 0.9810058 0.8094199
vt 0.9400936 0.8381307
vt 0.9709103 0.8094199
vt 0.9301758 0.80881417
vt 0.9252485 0.8425076
vt 0.9116211 0.80881417
vt 0.9682189 0.8094199
vt 0.9301758 0.8204855
vt 0.9301758 0.8204855
vt 0.9810058 0.82185674
vt 0.96728516 0.7998047
vt 0.94921875 0.81761885
vt 0.94921875 0.81761885
vt 0.9777839 0.8188338
vt 0.9301758 0.81761885
vt 0.9709103 0.8188338
vt 0.9301758 0.81761885
vt 0.94921875 0.8204855
vt 0.94921875 0.8204855
vt 0.98904395 0.82185674
vt 0.98046875 0.7998047
vt 0.9263403 0.8462554
vt 0.94921875 0.80881417
vt 0.98904395 0.8094199
vt 0.9411859 0.8418791
vt 0.9801284 0.8094199
vt 0.9682617 0.80881417
vt 0.92713606 0.8421559
vt 0.94921875 0.80881417
vt 0.9777839 0.8094199
vt 0.9427706 0.8459318
vt 0.9682617 0.80881417
vt 0.9917855 0.8094199
vt 0.7615692 0.74906975
vt 0.7455521 0.75117844
vt 0.7615692 0.8109549
vt 0.7306266 0.75736076
vt 0.71780974 0.76719546
vt 0.70797503 0.7800123
vt 0.70179266 0.79493785
vt 0.69968396 0.8109549
vt 0.70179266 0.826972
vt 0.70797503 0.84189755
vt 0.71780974 0.8547144
vt 0.7306266 0.86454904
vt 0.7455521 0.8707315
vt 0.7615692 0.87284017
vt 0.7775863 0.8707315
vt 0.7925118 0.8645491
vt 0.80532867 0.8547144
vt 0.8151633 0.84189755
vt 0.82134575 0.826972
vt 0.82345444 0.8109549
vt 0.82134575 0.7949379
vt 0.8151634 0.78001237
vt 0.80532867 0.7671955
vt 0.7925118 0.7573608
vt 0.7775863 0.75117844
f 378/378 80/80 387/387
f 80/80 378/378 374/374
f 380/380 377/377 386/386
f 377/377 380/380 383/383
f 117/117 95/95 91/91
f 95/95 117/117 98/98
f 84/84 79/79 90/90
f 79/79 84/84 87/87
f 96/96 86/86 92/92
f 86/86 96/96 105/105
f 379/379 369/369 375/375
f 369/369 379/379 385/385
f 388/388 88/88 381/381
f 388/388 81/81 88/88
f 367/367 363/363 373/373
f 363/363 367/367 370/370
f 368/368 382/382 89/89
f 382/382 368/368 384/384
f 94/94 100/100 103/103
f 94/94 97/97 100/100
f 361/361 364/364 355/355
f 364/364 361/361 341/341
f 102/102 85/85 104/104
f 85/85 102/102 111/111
f 99/99 110/110 101/101
f 99/99 118/118 110/110
f 356/356 371/371 358/358
f 356/356 365/365 371/371
f 351/351 354/354 357/357
f 354/354 351/351 360/360
f 345/345 359/359 372/372
f 359/359 345/345 352/352
f 122/122 108/108 114/114
f 108/108 122/122 131/131
f 362/362 346/346 342/342
f 346/346 362/362 353/353
f 113/113 124/124 121/121
f 124/124 113/113 136/136
f 337/337 340/340 344/344
f 340/340 337/337 347/347
f 128/128 107/107 130/130
f 107/107 128/128 145/145
f 125/125 144/144 127/127
f 125/125 137/137 144/144
f 327/327 338/338 335/335
f 327/327 349/349 338/338
f 332/332 348/348 326/326
f 348/348 332/332 319/319
f 135/135 132/132 143/143
f 132/132 135/135 139/139
f 328/328 325/325 334/334
f 325/325 328/328 331/331
f 312/312 336/336 339/339
f 336/336 312/312 329/329
f 154/154 134/134 141/141
f 134/134 154/154 151/151
f 333/333 313/313 320/320
f 313/313 333/333 330/330
f 166/166 153/153 140/140
f 153/153 166/166 156/156
f 311/311 314/314 318/318
f 314/314 311/311 322/322
f 150/150 164/164 133/133
f 150/150 148/148 164/164
f 146/146 152/152 155/155
f 146/146 149/149 152/152
f 157/157 163/163 147/147
f 157/157 167/167 163/163
f 301/301 323/323 309/309
f 301/301 316/316 323/323
f 290/290 310/310 324/324
f 310/310 290/290 303/303
f 302/302 299/299 308/308
f 299/299 302/302 305/305
f 158/158 162/162 165/165
f 162/162 158/158 169/169
f 306/306 315/315 300/300
f 315/315 306/306 296/296
f 171/171 174/174 180/180
f 174/174 171/171 160/160
f 291/291 307/307 304/304
f 307/307 291/291 297/297
f 177/177 170/170 179/179
f 170/170 177/177 193/193
f 172/172 175/175 178/178
f 175/175 172/172 181/181
f 289/289 285/285 295/295
f 285/285 289/289 292/292
f 185/185 173/173 159/159
f 173/173 185/185 182/182
f 183/183 192/192 176/176
f 183/183 186/186 192/192
f 284/284 293/293 277/277
f 284/284 287/287 293/293
f 264/264 278/278 294/294
f 278/278 264/264 280/280
f 276/276 273/273 282/282
f 273/273 276/276 279/279
f 274/274 286/286 283/283
f 286/286 274/274 270/270
f 265/265 275/275 281/281
f 275/275 265/265 271/271
f 203/203 221/221 195/195
f 203/203 207/207 221/221
f 263/263 259/259 269/269
f 259/259 263/263 266/266
f 213/213 198/198 189/189
f 198/198 213/213 201/201
f 241/241 255/255 268/268
f 255/255 241/241 248/248
f 200/200 220/220 206/206
f 200/200 212/212 220/220
f 252/252 267/267 254/254
f 252/252 261/261 267/267
f 211/211 208/208 219/219
f 208/208 211/211 215/215
f 247/247 250/250 253/253
f 250/250 247/247 256/256
f 233/233 209/209 226/226
f 209/209 233/233 235/235
f 210/210 230/230 227/227
f 230/230 210/210 217/217
f 242/242 258/258 249/249
f 258/258 242/242 238/238
f 225/225 222/222 231/231
f 222/222 225/225 228/228
f 257/257 260/260 251/251
f 260/260 257/257 237/237
f 244/244 229/229 216/216
f 229/229 244/244 223/223
f 116/116 112/112 109/109
f 106/106 109/109 112/112
f 126/126 129/129 120/120
f 120/120 123/123 126/126
f 196/196 199/199 202/202
f 199/199 205/205 202/202
f 77/77 9/9 2/2
f 9/9 77/77 76/76
f 74/74 76/76 77/77
f 76/76 74/74 73/73
f 71/71 73/73 74/74
f 73/73 71/71 70/70
f 68/68 70/70 71/71
f 70/70 68/68 67/67
f 65/65 67/67 68/68
f 67/67 65/65 64/64
f 61/61 64/64 65/65
f 64/64 61/61 63/63
f 61/61 60/60 63/63
f 60/60 61/61 58/58
f 58/58 55/55 60/60
f 55/55 58/58 56/56
f 53/53 55/55 56/56
f 55/55 53/53 52/52
f 49/49 52/52 53/53
f 52/52 49/49 51/51
f 49/49 44/44 51/51
f 44/44 49/49 45/45
f 40/40 44/44 45/45
f 44/44 40/40 47/47
f 5/5 1/1 8/8
f 1/1 5/5 6/6
f 10/10 6/6 5/5
f 6/6 10/10 11/11
f 13/13 11/11 10/10
f 11/11 13/13 14/14
f 16/16 14/14 13/13
f 14/14 16/16 17/17
f 16/16 19/19 17/17
f 19/19 16/16 21/21
f 21/21 22/22 19/19
f 22/22 21/21 24/24
f 24/24 25/25 22/22
f 25/25 24/24 27/27
f 28/28 25/25 27/27
f 25/25 28/28 29/29
f 29/29 28/28 31/31
f 31/31 28/28 33/33
f 34/34 31/31 33/33
f 31/31 34/34 35/35
f 34/34 37/37 35/35
f 37/37 34/34 39/39
f 48/48 37/37 39/39
f 37/37 48/48 43/43
f 83/83 78/78 4/4
f 78/78 83/83 376/376
f 376/376 75/75 78/78
f 366/366 75/75 376/376
f 366/366 72/72 75/75
f 343/343 72/72 366/366
f 350/350 72/72 343/343
f 72/72 350/350 69/69
f 350/350 66/66 69/69
f 66/66 350/350 321/321
f 317/317 66/66 321/321
f 66/66 317/317 62/62
f 298/298 62/62 317/317
f 62/62 298/298 59/59
f 298/298 57/57 59/59
f 57/57 298/298 288/288
f 272/272 57/57 288/288
f 57/57 272/272 54/54
f 272/272 50/50 54/54
f 262/262 50/50 272/272
f 262/262 46/46 50/50
f 239/239 46/46 262/262
f 246/246 46/46 239/239
f 46/46 246/246 42/42
f 194/194 197/197 204/204
f 197/197 194/194 188/188
f 188/188 194/194 191/191
f 184/184 188/188 191/191
f 82/82 3/3 93/93
f 93/93 3/3 7/7
f 93/93 7/7 119/119
f 119/119 7/7 12/12
f 119/119 12/12 115/115
f 115/115 12/12 15/15
f 115/115 15/15 138/138
f 138/138 15/15 18/18
f 18/18 142/142 138/138
f 142/142 18/18 20/20
f 142/142 20/20 168/168
f 168/168 20/20 23/23
f 168/168 23/23 161/161
f 161/161 23/23 26/26
f 30/30 161/161 26/26
f 161/161 30/30 187/187
f 187/187 30/30 190/190
f 190/190 30/30 32/32
f 36/36 190/190 32/32
f 190/190 36/36 214/214
f 214/214 36/36 218/218
f 218/218 36/36 38/38
f 218/218 38/38 41/41
f 41/41 245/245 218/218
f 234/234 236/236 240/240
f 236/236 234/234 243/243
f 224/224 243/243 234/234
f 224/224 234/234 232/232
f 389/389 390/390 391/391
f 413/413 389/389 391/391
f 390/390 392/392 391/391
f 412/412 413/413 391/391
f 392/392 393/393 391/391
f 411/411 412/412 391/391
f 393/393 394/394 391/391
f 410/410 411/411 391/391
f 394/394 395/395 391/391
f 409/409 410/410 391/391
f 395/395 396/396 391/391
f 408/408 409/409 391/391
f 396/396 397/397 391/391
f 407/407 408/408 391/391
f 397/397 398/398 391/391
f 406/406 407/407 391/391
f 398/398 399/399 391/391
f 405/405 406/406 391/391
f 399/399 400/400 391/391
f 404/404 405/405 391/391
f 400/400 401/401 391/391
f 403/403 404/404 391/391
f 401/401 402/402 391/391
f 402/402 403/403 391/391
o mi_aserai_tower_3.lod4
v 0.2142929 -0.35616538 0.6936644
v 0.2142929 -0.35616538 0.6936644
v 0.2142929 -0.35616538 0.6936644
v 0.2142929 -0.35616538 0.6936644
v 0.3950636 -0.1403877 -0.47822437
v 0.3950636 -0.1403877 -0.47822437
v 0.39506355 -0.14038768 0.69366485
v 0.39506355 -0.14038768 0.69366485
v 0.39506355 -0.14038768 0.69366485
v 0.39506355 -0.14038768 0.69366485
v 0.2142929 -0.35616538 -0.47822437
v 0.2142929 -0.35616538 -0.47822437
v -0.06288498 -0.405263 0.6936644
v -0.06288498 -0.405263 0.6936644
v -0.06288498 -0.405263 0.6936644
v -0.06288498 -0.405263 0.6936644
v -0.06288498 -0.40526295 -0.47822437
v -0.06288498 -0.40526295 -0.47822437
v -0.3071894 0.2643259 0.69366485
v -0.3071894 0.2643259 0.69366485
v -0.3071894 0.2643259 0.69366485
v -0.3071894 0.2643259 0.69366485
v -0.3071894 0.26432583 -0.47822437
v -0.3071894 0.26432583 -0.47822437
v -0.40325868 -0.00026587068 0.69366485
v -0.40325868 -0.00026587068 0.69366485
v -0.40325868 -0.00026587068 0.69366485
v -0.40325868 -0.00026587068 0.69366485
v -0.40325862 -0.00026585907 -0.47822437
v -0.40325862 -0.00026585907 -0.47822437
v -0.06351962 0.405263 0.69366485
v -0.06351962 0.405263 0.69366485
v -0.06351962 0.405263 0.69366485
v -0.06351962 0.405263 0.69366485
v -0.06351963 0.405263 -0.47822437
v -0.06351963 0.405263 -0.47822437
v 0.21373455 0.3565987 0.69366485
v 0.21373455 0.3565987 0.69366485
v 0.21373455 0.3565987 0.69366485
v 0.21373455 0.3565987 0.69366485
v 0.21373451 0.3565987 -0.47822437
v 0.21373451 0.3565987 -0.47822437
v 0.39484298 0.14110428 -0.47822437
v 0.39484298 0.14110428 -0.47822437
v 0.39484295 0.14110431 0.69366485
v 0.39484295 0.14110431 0.69366485
v 0.39484295 0.14110431 0.69366485
v 0.39484295 0.14110431 0.69366485
v -0.30677515 -0.2647072 0.69366485
v -0.30677515 -0.2647072 0.69366485
v -0.30677515 -0.2647072 0.69366485
v -0.30677515 -0.2647072 0.69366485
v -0.3067751 -0.26470727 -0.47822437
v -0.3067751 -0.26470727 -0.47822437
v 0.21429288 -0.35616535 1.4318502
v 0.21429288 -0.35616535 1.4318502
v 0.21429288 -0.35616535 1.4318502
v 0.21429288 -0.35616535 1.4318502
v 0.39506355 -0.14038771 1.4318502
v 0.39506355 -0.14038771 1.4318502
v 0.39506355 -0.14038771 1.4318502
v 0.39506355 -0.14038771 1.4318502
v -0.06288497 -0.40526295 1.4318502
v -0.06288497 -0.40526295 1.4318502
v -0.06288497 -0.40526295 1.4318502
v -0.06288497 -0.40526295 1.4318502
v -0.30718938 0.26432583 1.4318502
v -0.30718938 0.26432583 1.4318502
v -0.30718938 0.26432583 1.4318502
v -0.30718938 0.26432583 1.4318502
v -0.40325865 -0.00026590392 1.4318502
v -0.40325865 -0.00026590392 1.4318502
v -0.40325865 -0.00026590392 1.4318502
v -0.40325865 -0.00026590392 1.4318502
v -0.06351962 0.405263 1.4318502
v -0.06351962 0.405263 1.4318502
v -0.06351962 0.405263 1.4318502
v -0.06351962 0.405263 1.4318502
v 0.21373452 0.3565987 1.4318502
v 0.21373452 0.3565987 1.4318502
v 0.21373452 0.3565987 1.4318502
v 0.21373452 0.3565987 1.4318502
v 0.39484295 0.14110427 1.4318502
v 0.39484295 0.14110427 1.4318502
v 0.39484295 0.14110427 1.4318502
v 0.39484295 0.14110427 1.4318502
v -0.30677512 -0.26470727 1.4318502
v -0.30677512 -0.26470727 1.4318502
v -0.30677512 -0.26470727 1.4318502
v -0.30677512 -0.26470727 1.4318502
v 0.008256257 5.583599E-05 1.4232903
v -0.26966184 -0.27802035 1.5331585
v -0.18802276 -0.34066498 1.3645825
v -0.18802275 -0.34066498 1.5331585
v -0.26966184 -0.27802035 1.3645825
v 0.009070516 -0.3934765 1.5331578
v -0.09295269 -0.38004377 1.3645825
v 0.009070507 -0.3934765 1.3645825
v -0.09295269 -0.38004377 1.5331585
v 0.11109439 -0.38004413 1.5331578
v 0.20616433 -0.3406663 1.3645825
v 0.20616433 -0.3406663 1.5331578
v 0.11109439 -0.38004413 1.3645825
v 0.2878042 -0.2780206 1.5331575
v 0.35044724 -0.1963831 1.3645825
v 0.35044724 -0.19638313 1.5331575
v 0.28780416 -0.27802056 1.3645821
v 0.38982826 0.10273487 1.5331575
v 0.35044727 0.19780591 1.3645821
v 0.35044727 0.19780591 1.5331575
v 0.38982826 0.10273486 1.3645821
v 0.28780603 0.2794425 1.5331575
v 0.20616649 0.34208623 1.3645821
v 0.20616569 0.34208673 1.5331575
v 0.28780603 0.2794425 1.3645821
v 0.11109647 0.38146526 1.5331575
v 0.009073229 0.39489776 1.3645825
v 0.009073237 0.39489776 1.5331575
v 0.11109646 0.38146526 1.3645821
v -0.092951216 0.38146785 1.5331575
v -0.18802163 0.34208813 1.3645821
v -0.18802163 0.34208813 1.5331575
v -0.092951216 0.38146785 1.3645821
v -0.33230352 0.19780393 1.5331575
v -0.26966047 0.27944493 1.3645825
v -0.33230352 0.19780394 1.3645821
v -0.26966047 0.2794449 1.5331575
v -0.38511634 0.00071098475 1.5331585
v -0.37168276 0.10273238 1.3645825
v -0.38511634 0.00071097846 1.3645825
v -0.37168276 0.10273239 1.5331585
v -0.33230636 -0.19638138 1.5331585
v -0.37168598 -0.10131071 1.3645825
v -0.33230636 -0.19638138 1.3645825
v -0.37168598 -0.1013107 1.5331585
v 0.38978305 -0.10157869 1.5331585
v 0.40325868 0.0007107064 1.3645825
v 0.40325868 0.00071071263 1.5331578
v 0.38969317 -0.10157412 1.3539882
v -0.18394402 -0.33534953 1.5339776
v -0.18394403 -0.3353495 1.3654016
v -0.2655831 -0.2727049 1.5339776
v -0.2655831 -0.27270493 1.3654016
v 0.00994511 -0.3868338 1.5339769
v -0.09207809 -0.3734011 1.3654016
v -0.09207809 -0.3734011 1.5339776
v 0.009945101 -0.3868338 1.3654016
v 0.20360044 -0.33447626 1.3654016
v 0.1085305 -0.3738541 1.5339769
v 0.20360044 -0.33447626 1.5339769
v 0.1085305 -0.3738541 1.3654016
v 0.34513178 -0.1923044 1.5339766
v 0.34513178 -0.1923044 1.3654016
v 0.28248873 -0.27394184 1.5339766
v 0.2824887 -0.27394184 1.3654011
v 0.3442573 0.19524187 1.5339766
v 0.3442573 0.19524187 1.3654011
v 0.3836383 0.10017082 1.5339766
v 0.3836383 0.1001708 1.3654011
v 0.20208701 0.33677128 1.5339766
v 0.20208782 0.33677077 1.3654011
v 0.28372735 0.274127 1.5339766
v 0.28372735 0.274127 1.3654011
v 0.008198646 0.38825506 1.3654016
v 0.11022189 0.37482256 1.5339766
v 0.008198655 0.38825506 1.5339766
v 0.11022187 0.37482256 1.3654011
v -0.18545765 0.33589813 1.5339766
v -0.18545765 0.33589813 1.3654011
v -0.090387225 0.37527785 1.5339766
v -0.090387225 0.37527785 1.3654011
v -0.32698798 0.19372533 1.5339766
v -0.26434493 0.2753663 1.3654016
v -0.26434493 0.2753663 1.5339766
v -0.32698798 0.19372533 1.3654011
v -0.3784737 -0.00016368277 1.5339776
v -0.36504012 0.101857714 1.3654016
v -0.36504012 0.10185773 1.5339776
v -0.3784737 -0.00016368284 1.3654016
v -0.32611635 -0.19381738 1.5339776
v -0.32611635 -0.19381738 1.3654016
v -0.36549598 -0.098746724 1.5339776
v -0.36549598 -0.098746724 1.3654016
v 0.38314044 -0.10070359 1.533981
v 0.39661685 0.0015915805 1.3654016
v 0.3830513 -0.10069358 1.3548106
v 0.3966161 0.0015858108 1.5339769
vt 0.9555664 0.82714844
vt 0.9555664 0.82714844
vt 0.9555664 0.93896484
vt 0.9555664 0.93896484
vt 0.99658203 0.93896484
vt 0.87109375 0.9379883
vt 0.99658203 0.82714844
vt 0.87109375 0.8261719
vt 0.99658203 0.93896484
vt 0.87109375 0.9379883
vt 0.9555664 0.93896484
vt 0.9555664 0.93896484
vt 0.91308594 0.82714844
vt 0.91308594 0.82714844
vt 0.91308594 0.93896484
vt 0.91308594 0.93896484
vt 0.91308594 0.93896484
vt 0.91308594 0.93896484
vt 0.95410156 0.8232422
vt 0.95410156 0.8232422
vt 0.95410156 0.9350586
vt 0.95410156 0.9350586
vt 0.95410156 0.9350586
vt 0.95410156 0.9350586
vt 0.99658203 0.8232422
vt 0.8261719 0.82714844
vt 0.9970703 0.9350586
vt 0.82666016 0.93896484
vt 0.99658203 0.9350586
vt 0.8261719 0.93896484
vt 0.91064453 0.8232422
vt 0.91064453 0.8232422
vt 0.91064453 0.9350586
vt 0.91064453 0.9350586
vt 0.91064453 0.9350586
vt 0.91064453 0.9350586
vt 0.86865234 0.8232422
vt 0.86865234 0.8232422
vt 0.86816406 0.9350586
vt 0.86816406 0.9350586
vt 0.86865234 0.9350586
vt 0.86865234 0.9350586
vt 0.9121094 0.9379883
vt 0.82714844 0.9350586
vt 0.9121094 0.8261719
vt 0.82714844 0.8232422
vt 0.9121094 0.9379883
vt 0.82666016 0.9350586
vt 0.8696289 0.82714844
vt 0.8696289 0.82714844
vt 0.8696289 0.93896484
vt 0.8696289 0.93896484
vt 0.8696289 0.93896484
vt 0.8696289 0.93896484
vt 0.9555664 0.82714844
vt 0.9555664 0.82714844
vt 0.80211294 0.8487166
vt 0.80211294 0.8487166
vt 0.99658203 0.82714844
vt 0.87109375 0.8261719
vt 0.82457155 0.8205398
vt 0.82457155 0.8205398
vt 0.91308594 0.82714844
vt 0.91308594 0.82714844
vt 0.76768214 0.8551223
vt 0.76768214 0.8551223
vt 0.95410156 0.8232422
vt 0.95410156 0.8232422
vt 0.73733544 0.76769495
vt 0.73733544 0.76769495
vt 0.9970703 0.8232422
vt 0.82666016 0.82714844
vt 0.72540265 0.8022472
vt 0.72540265 0.8022472
vt 0.91064453 0.8232422
vt 0.91064453 0.8232422
vt 0.7676078 0.74929476
vt 0.7676078 0.74929476
vt 0.86816406 0.8232422
vt 0.86816406 0.8232422
vt 0.80204356 0.7556519
vt 0.80204356 0.7556519
vt 0.9121094 0.8261719
vt 0.82666016 0.8232422
vt 0.82453966 0.78378373
vt 0.82453966 0.78378373
vt 0.8696289 0.82714844
vt 0.8696289 0.82714844
vt 0.7373914 0.8367721
vt 0.7373914 0.8367721
vt 0.7765208 0.80220264
vt 0.71931887 0.17257005
vt 0.7544277 0.1545735
vt 0.73896277 0.17135781
vt 0.7118279 0.15263706
vt 0.843191 0.79628175
vt 0.83032787 0.8120206
vt 0.843191 0.8120206
vt 0.83032787 0.79628175
vt 0.8560538 0.79628175
vt 0.8689167 0.8120206
vt 0.8689167 0.79628175
vt 0.8560538 0.8120206
vt 0.8817801 0.79628175
vt 0.8946444 0.8120206
vt 0.8946444 0.79628175
vt 0.8817801 0.8120206
vt 0.9332456 0.79628175
vt 0.9461145 0.8120206
vt 0.9461145 0.79628175
vt 0.9332456 0.8120206
vt 0.9589835 0.79628175
vt 0.9718517 0.8120206
vt 0.9718517 0.79628175
vt 0.9589835 0.8120206
vt 0.9847189 0.79628175
vt 0.9975847 0.8120206
vt 0.9975847 0.79628175
vt 0.9847189 0.8120206
vt 0.8817387 0.7963236
vt 0.8946021 0.81206244
vt 0.8946021 0.7963236
vt 0.8817387 0.81206244
vt 0.9203277 0.7963236
vt 0.90746486 0.81206244
vt 0.9203277 0.81206244
vt 0.90746486 0.7963236
vt 0.94605494 0.7963236
vt 0.933191 0.81206244
vt 0.94605494 0.81206244
vt 0.933191 0.7963236
vt 0.9717845 0.7963236
vt 0.9589195 0.81206244
vt 0.9717845 0.81206244
vt 0.9589194 0.7963236
vt 0.9074766 0.79628175
vt 0.9203773 0.8120206
vt 0.9203773 0.79628175
vt 0.9074743 0.8130096
vt 0.73896277 0.17135781
vt 0.7544277 0.1545735
vt 0.71931887 0.17257005
vt 0.7118279 0.15263706
vt 0.843191 0.79628175
vt 0.83032787 0.8120206
vt 0.83032787 0.79628175
vt 0.843191 0.8120206
vt 0.8689167 0.8120206
vt 0.8560538 0.79628175
vt 0.8689167 0.79628175
vt 0.8560538 0.8120206
vt 0.8946444 0.79628175
vt 0.8946444 0.8120206
vt 0.8817801 0.79628175
vt 0.8817801 0.8120206
vt 0.9461145 0.79628175
vt 0.9461145 0.8120206
vt 0.9332456 0.79628175
vt 0.9332456 0.8120206
vt 0.9718517 0.79628175
vt 0.9718517 0.8120206
vt 0.9589835 0.79628175
vt 0.9589835 0.8120206
vt 0.9975847 0.8120206
vt 0.9847189 0.79628175
vt 0.9975847 0.79628175
vt 0.9847189 0.8120206
vt 0.8946021 0.7963236
vt 0.8946021 0.81206244
vt 0.8817387 0.7963236
vt 0.8817387 0.81206244
vt 0.9203277 0.7963236
vt 0.90746486 0.81206244
vt 0.90746486 0.7963236
vt 0.9203277 0.81206244
vt 0.94605494 0.7963236
vt 0.933191 0.81206244
vt 0.933191 0.7963236
vt 0.94605494 0.81206244
vt 0.9717845 0.7963236
vt 0.9717845 0.81206244
vt 0.9589194 0.7963236
vt 0.9589195 0.81206244
vt 0.9074766 0.79628175
vt 0.9203773 0.8120206
vt 0.9074743 0.8130096
vt 0.9203773 0.79628175
f 533/533 534/534 535/535
f 534/534 533/533 536/536
f 583/583 582/582 584/584
f 581/581 582/582 583/583
f 585/585 586/586 587/587
f 586/586 585/585 588/588
f 538/538 537/537 540/540
f 537/537 538/538 539/539
f 577/577 578/578 579/579
f 578/578 577/577 580/580
f 529/529 530/530 531/531
f 530/530 529/529 532/532
f 589/589 590/590 591/591
f 590/590 589/589 592/592
f 542/542 541/541 544/544
f 541/541 542/542 543/543
f 525/525 526/526 527/527
f 526/526 525/525 528/528
f 575/575 574/574 576/576
f 573/573 574/574 575/575
f 595/595 594/594 596/596
f 593/593 594/594 595/595
f 546/546 545/545 548/548
f 545/545 546/546 547/547
f 521/521 522/522 523/523
f 522/522 521/521 524/524
f 571/571 570/570 572/572
f 569/569 570/570 571/571
f 506/506 505/505 508/508
f 505/505 506/506 507/507
f 555/555 554/554 556/556
f 553/553 554/554 555/555
f 549/549 550/550 551/551
f 550/550 549/549 552/552
f 598/598 597/597 600/600
f 597/597 598/598 599/599
f 557/557 558/558 559/559
f 558/558 557/557 560/560
f 510/510 509/509 512/512
f 509/509 510/510 511/511
f 517/517 518/518 519/519
f 518/518 517/517 520/520
f 567/567 566/566 568/568
f 565/565 566/566 567/567
f 562/562 561/561 564/564
f 561/561 562/562 563/563
f 514/514 513/513 516/516
f 513/513 514/514 515/515
f 418/418 414/414 424/424
f 414/414 418/418 420/420
f 456/456 421/421 419/419
f 421/421 456/456 458/458
f 455/455 459/459 457/457
f 459/459 455/455 451/451
f 422/422 468/468 416/416
f 468/468 422/422 472/472
f 447/447 492/492 452/452
f 492/492 447/447 489/489
f 440/440 480/480 434/434
f 480/480 440/440 484/484
f 465/465 485/485 441/441
f 485/485 465/465 501/501
f 493/493 461/461 453/453
f 497/497 461/461 493/493
f 496/496 423/423 460/460
f 473/473 423/423 496/496
f 481/481 446/446 435/435
f 488/488 446/446 481/481
f 469/469 428/428 417/417
f 476/476 428/428 469/469
f 477/477 464/464 429/429
f 500/500 464/464 477/477
f 427/427 466/466 431/431
f 462/462 466/466 427/427
f 445/445 454/454 449/449
f 450/450 454/454 445/445
f 463/463 443/443 467/467
f 439/439 443/443 463/463
f 433/433 448/448 437/437
f 444/444 448/448 433/433
f 438/438 436/436 442/442
f 432/432 436/436 438/438
f 415/415 430/430 425/425
f 426/426 430/430 415/415
f 487/487 503/503 504/504
f 470/470 474/474 504/504
f 478/478 471/471 504/504
f 482/482 486/486 504/504
f 490/490 483/483 504/504
f 494/494 491/491 504/504
f 475/475 498/498 504/504
f 499/499 495/495 504/504
f 502/502 479/479 504/504
o mi_aserai_tower_3.lod1
v -0.40307087 1.5132115E-07 0.69416046
v -0.40307087 1.5132115E-07 0.69416046
v -0.40307087 1.5132115E-07 0.69416046
v -0.40307087 1.5132115E-07 0.69416046
v -0.38933855 -0.10430579 -0.47755298
v -0.38933876 -0.10430581 0.69416046
v -0.38933876 -0.10430581 0.69416046
v -0.40307066 1.716033E-07 -0.47755298
v -0.40307066 1.716033E-07 -0.47755298
v -0.3490781 -0.20150337 -0.47755298
v -0.34907824 -0.2015037 0.69416046
v -0.34907824 -0.2015037 0.69416046
v -0.28503272 -0.284969 -0.47755298
v -0.28503272 -0.28496903 0.69416046
v -0.28503272 -0.28496903 0.69416046
v -0.2015671 -0.3490146 -0.47755295
v -0.2015671 -0.34901467 0.69416046
v -0.2015671 -0.34901467 0.69416046
v -0.10436952 -0.3892752 0.69416046
v -0.10436952 -0.3892752 0.69416046
v -0.104369365 -0.3892752 -0.47755295
v -6.347927E-05 -0.40300763 0.69416046
v -6.347927E-05 -0.40300763 0.69416046
v -6.347927E-05 -0.40300763 -0.47755295
v 0.10424256 -0.3892752 0.69416046
v 0.10424256 -0.3892752 0.69416046
v 0.10424257 -0.3892752 -0.47755295
v 0.20144029 -0.3490146 -0.4775529
v 0.20144029 -0.34901467 0.6941606
v 0.20144029 -0.34901467 0.6941606
v 0.28477925 -0.28505072 0.6901254
v 0.28477925 -0.28505072 0.6901254
v 0.2849059 -0.2849693 -0.4775529
v 0.3489514 -0.20150368 -0.4775529
v 0.34895125 -0.2015037 0.6941605
v 0.34895125 -0.2015037 0.6941605
v 0.38921195 -0.10430612 0.6941605
v 0.38921195 -0.10430612 0.6941605
v 0.38921198 -0.104306094 -0.4775529
v 0.40300745 -0.0023129454 0.6941605
v 0.40300745 -0.0023129454 0.6941605
v 0.40300745 -0.0023129454 0.6941605
v 0.40300745 -0.0023129454 0.6941605
v 0.38921213 0.10430592 -0.4775529
v 0.3892121 0.10430589 0.6941605
v 0.3892121 0.10430589 0.6941605
v 0.4030709 -0.0046259463 -0.4775529
v 0.4030709 -0.0046259463 -0.4775529
v 0.34895155 0.2015037 0.6941605
v 0.34895155 0.2015037 0.6941605
v 0.3489516 0.20150372 -0.47755295
v 0.2849062 0.2849691 -0.47755295
v 0.2849062 0.2849694 0.6941605
v 0.2849062 0.2849694 0.6941605
v 0.20144074 0.34901482 -0.47755295
v 0.20144074 0.34901476 0.6941605
v 0.20144074 0.34901476 0.6941605
v 0.10424301 0.3892753 0.69416046
v 0.10424301 0.3892753 0.69416046
v 0.10424301 0.38927534 -0.47755295
v -6.3025305E-05 0.40300763 0.69416046
v -6.3025305E-05 0.40300763 0.69416046
v -6.3025305E-05 0.40300763 -0.47755298
v -0.104369074 0.3892755 -0.47755298
v -0.104369074 0.38927567 0.69416046
v -0.104369074 0.38927567 0.69416046
v -0.20156665 0.34901512 -0.47755298
v -0.2015668 0.3490151 0.69416046
v -0.2015668 0.3490151 0.69416046
v -0.28503242 0.28496978 -0.47755298
v -0.28503242 0.28496978 0.69416046
v -0.28503242 0.28496978 0.69416046
v -0.34907794 0.20150425 -0.47755298
v -0.34907794 0.20150423 0.69416046
v -0.34907794 0.20150423 0.69416046
v -0.38933855 0.10430653 -0.47755298
v -0.3893386 0.104306504 0.69416046
v -0.3893386 0.104306504 0.69416046
v -0.40307087 1.5132115E-07 1.4018437
v -0.40307087 1.5132115E-07 1.4018437
v -0.40307087 1.5132115E-07 1.4018437
v -0.40307087 1.5132115E-07 1.4018437
v -0.40307087 1.5132115E-07 1.4018437
v -0.33294076 -0.08919396 1.4330554
v -0.33294076 -0.08919396 1.4330554
v -0.33294076 -0.08919396 1.4330554
v -0.3446834 1.5132115E-07 1.4330554
v -0.3446834 1.5132115E-07 1.4330554
v -0.3446834 1.5132115E-07 1.4330554
v -0.38933876 -0.10430581 1.4018437
v -0.38933876 -0.10430581 1.4018437
v -0.38933876 -0.10430581 1.4018437
v -0.38933876 -0.10430581 1.4018437
v -0.38933876 -0.10430581 1.5302559
v -0.38933876 -0.10430581 1.5302559
v -0.38933876 -0.10430581 1.5302559
v -0.34907824 -0.2015037 1.5302559
v -0.34907824 -0.2015037 1.5302559
v -0.34907824 -0.2015037 1.5302559
v -0.29851303 -0.17230989 1.5302559
v -0.29851303 -0.17230989 1.5302559
v -0.29851303 -0.17230989 1.5302559
v -0.33294076 -0.08919396 1.5302559
v -0.33294076 -0.08919396 1.5302559
v -0.33294076 -0.08919396 1.5302559
v -0.24374655 -0.243683 1.4330554
v -0.24374655 -0.243683 1.4330554
v -0.24374655 -0.243683 1.4330554
v -0.29851303 -0.17230989 1.4330554
v -0.29851303 -0.17230989 1.4330554
v -0.29851303 -0.17230989 1.4330554
v -0.28503272 -0.28496903 1.4018437
v -0.28503272 -0.28496903 1.4018437
v -0.28503272 -0.28496903 1.4018437
v -0.28503272 -0.28496903 1.4018437
v -0.34907824 -0.2015037 1.4018437
v -0.34907824 -0.2015037 1.4018437
v -0.34907824 -0.2015037 1.4018437
v -0.34907824 -0.2015037 1.4018437
v -0.28503287 -0.28496903 1.5302559
v -0.28503287 -0.28496903 1.5302559
v -0.28503287 -0.28496903 1.5302559
v -0.2015671 -0.34901467 1.5302559
v -0.2015671 -0.34901467 1.5302559
v -0.2015671 -0.34901467 1.5302559
v -0.17237344 -0.29844946 1.5302559
v -0.17237344 -0.29844946 1.5302559
v -0.17237344 -0.29844946 1.5302559
v -0.2437467 -0.243683 1.5302559
v -0.2437467 -0.243683 1.5302559
v -0.2437467 -0.243683 1.5302559
v -0.08925768 -0.332877 1.4330555
v -0.08925768 -0.332877 1.4330555
v -0.08925768 -0.332877 1.4330555
v -0.2015671 -0.34901467 1.4018437
v -0.2015671 -0.34901467 1.4018437
v -0.2015671 -0.34901467 1.4018437
v -0.2015671 -0.34901467 1.4018437
v -0.10436952 -0.3892752 1.4018437
v -0.10436952 -0.3892752 1.4018437
v -0.10436952 -0.3892752 1.4018437
v -0.10436952 -0.3892752 1.4018437
v -0.17237344 -0.29844946 1.4330554
v -0.17237344 -0.29844946 1.4330554
v -0.17237344 -0.29844946 1.4330554
v -6.347927E-05 -0.3446198 1.5302559
v -6.347927E-05 -0.3446198 1.5302559
v -6.347927E-05 -0.3446198 1.5302559
v -0.08925768 -0.332877 1.5302559
v -0.08925768 -0.332877 1.5302559
v -0.08925768 -0.332877 1.5302559
v -0.10436952 -0.3892752 1.5302559
v -0.10436952 -0.3892752 1.5302559
v -0.10436952 -0.3892752 1.5302559
v -6.3630585E-05 -0.40300763 1.5302559
v -6.3630585E-05 -0.40300763 1.5302559
v -6.3630585E-05 -0.40300763 1.5302559
v 0.10424241 -0.3892752 1.4018437
v 0.10424241 -0.3892752 1.4018437
v 0.10424241 -0.3892752 1.4018437
v 0.10424241 -0.3892752 1.4018437
v -6.347927E-05 -0.3446198 1.4330555
v -6.347927E-05 -0.3446198 1.4330555
v -6.347927E-05 -0.3446198 1.4330555
v -6.3630585E-05 -0.40300763 1.4018437
v -6.3630585E-05 -0.40300763 1.4018437
v -6.3630585E-05 -0.40300763 1.4018437
v -6.3630585E-05 -0.40300763 1.4018437
v 0.089130715 -0.3328773 1.4330555
v 0.089130715 -0.3328773 1.4330555
v 0.089130715 -0.3328773 1.4330555
v 0.10424241 -0.3892752 1.5302559
v 0.10424241 -0.3892752 1.5302559
v 0.10424241 -0.3892752 1.5302559
v 0.17224647 -0.29844978 1.5302559
v 0.17224647 -0.29844978 1.5302559
v 0.17224647 -0.29844978 1.5302559
v 0.089130715 -0.3328773 1.5302559
v 0.089130715 -0.3328773 1.5302559
v 0.089130715 -0.3328773 1.5302559
v 0.20144029 -0.34901467 1.5302559
v 0.20144029 -0.34901467 1.5302559
v 0.20144029 -0.34901467 1.5302559
v 0.20144029 -0.34901467 1.4018438
v 0.20144029 -0.34901467 1.4018438
v 0.20144029 -0.34901467 1.4018438
v 0.20144029 -0.34901467 1.4018438
v 0.28465244 -0.28513214 1.3937738
v 0.28465244 -0.28513214 1.3937738
v 0.28465244 -0.28513214 1.3937738
v 0.17224647 -0.29844978 1.4330554
v 0.17224647 -0.29844978 1.4330554
v 0.17224647 -0.29844978 1.4330554
v 0.24361958 -0.2436833 1.4330554
v 0.24361958 -0.2436833 1.4330554
v 0.28473008 -0.28518268 1.530256
v 0.28473008 -0.28518268 1.530256
v 0.28473008 -0.28518268 1.530256
v 0.34895125 -0.2015037 1.5302559
v 0.34895125 -0.2015037 1.5302559
v 0.34895125 -0.2015037 1.5302559
v 0.24361958 -0.2436833 1.5302559
v 0.24361958 -0.2436833 1.5302559
v 0.24361958 -0.2436833 1.5302559
v 0.29838622 -0.17230989 1.5302559
v 0.29838622 -0.17230989 1.5302559
v 0.29838622 -0.17230989 1.5302559
v 0.33281407 -0.08919427 1.4330554
v 0.33281407 -0.08919427 1.4330554
v 0.33281407 -0.08919427 1.4330554
v 0.34895125 -0.2015037 1.4018437
v 0.34895125 -0.2015037 1.4018437
v 0.34895125 -0.2015037 1.4018437
v 0.34895125 -0.2015037 1.4018437
v 0.38921195 -0.10430612 1.4018437
v 0.38921195 -0.10430612 1.4018437
v 0.38921195 -0.10430612 1.4018437
v 0.38921195 -0.10430612 1.4018437
v 0.29838622 -0.17230989 1.4330554
v 0.29838622 -0.17230989 1.4330554
v 0.29838622 -0.17230989 1.4330554
v 0.40294406 -1.5132129E-07 1.5302559
v 0.40294406 -1.5132129E-07 1.5302559
v 0.40294406 -1.5132129E-07 1.5302559
v 0.33281407 -0.08919427 1.5302559
v 0.33281407 -0.08919427 1.5302559
v 0.33281407 -0.08919427 1.5302559
v 0.38921195 -0.10430612 1.5302559
v 0.38921195 -0.10430612 1.5302559
v 0.38921195 -0.10430612 1.5302559
v 0.34455675 -1.5132129E-07 1.5302559
v 0.34455675 -1.5132129E-07 1.5302559
v 0.34455675 -1.5132129E-07 1.5302559
v 0.34455675 -1.5132129E-07 1.4330554
v 0.34455675 -1.5132129E-07 1.4330554
v 0.3892121 0.10430589 1.4018437
v 0.3892121 0.10430589 1.4018437
v 0.3892121 0.10430589 1.4018437
v 0.3892121 0.10430589 1.4018437
v 0.33281422 0.089194275 1.4330554
v 0.33281422 0.089194275 1.4330554
v 0.33281422 0.089194275 1.4330554
v 0.4029442 -1.5132129E-07 1.4018437
v 0.4029442 -1.5132129E-07 1.4018437
v 0.4029442 -1.5132129E-07 1.4018437
v 0.4029442 -1.5132129E-07 1.4018437
v 0.33281422 0.089194275 1.5302559
v 0.33281422 0.089194275 1.5302559
v 0.33281422 0.089194275 1.5302559
v 0.3489514 0.2015037 1.5302559
v 0.3489514 0.2015037 1.5302559
v 0.3489514 0.2015037 1.5302559
v 0.29838637 0.17231004 1.5302559
v 0.29838637 0.17231004 1.5302559
v 0.29838637 0.17231004 1.5302559
v 0.38921195 0.10430589 1.5302559
v 0.38921195 0.10430589 1.5302559
v 0.38921195 0.10430589 1.5302559
v 0.3489514 0.2015037 1.4018437
v 0.3489514 0.2015037 1.4018437
v 0.3489514 0.2015037 1.4018437
v 0.3489514 0.2015037 1.4018437
v 0.24362002 0.24368313 1.4330554
v 0.24362002 0.24368313 1.4330554
v 0.24362002 0.24368313 1.4330554
v 0.29838637 0.17231004 1.4330554
v 0.29838637 0.17231004 1.4330554
v 0.29838637 0.17231004 1.4330554
v 0.28490606 0.2849694 1.4018437
v 0.28490606 0.2849694 1.4018437
v 0.28490606 0.2849694 1.4018437
v 0.28490606 0.2849694 1.4018437
v 0.28490606 0.2849694 1.5302559
v 0.28490606 0.2849694 1.5302559
v 0.28490606 0.2849694 1.5302559
v 0.17224678 0.2984496 1.5302559
v 0.17224678 0.2984496 1.5302559
v 0.17224678 0.2984496 1.5302559
v 0.24362002 0.24368313 1.5302559
v 0.24362002 0.24368313 1.5302559
v 0.24362002 0.24368313 1.5302559
v 0.20144057 0.34901476 1.5302559
v 0.20144057 0.34901476 1.5302559
v 0.20144057 0.34901476 1.5302559
v 0.20144057 0.34901476 1.4018437
v 0.20144057 0.34901476 1.4018437
v 0.20144057 0.34901476 1.4018437
v 0.20144057 0.34901476 1.4018437
v 0.08913101 0.3328775 1.4330554
v 0.08913101 0.3328775 1.4330554
v 0.08913101 0.3328775 1.4330554
v 0.17224678 0.2984496 1.4330554
v 0.17224678 0.2984496 1.4330554
v 0.17224678 0.2984496 1.4330554
v 0.104242854 0.3892753 1.4018437
v 0.104242854 0.3892753 1.4018437
v 0.104242854 0.3892753 1.4018437
v 0.104242854 0.3892753 1.4018437
v -6.317662E-05 0.40300763 1.5302559
v -6.317662E-05 0.40300763 1.5302559
v -6.317662E-05 0.40300763 1.5302559
v 0.08913101 0.3328775 1.5302559
v 0.08913101 0.3328775 1.5302559
v 0.08913101 0.3328775 1.5302559
v 0.104242854 0.3892753 1.5302559
v 0.104242854 0.3892753 1.5302559
v 0.104242854 0.3892753 1.5302559
v -6.317662E-05 0.34462002 1.5302559
v -6.317662E-05 0.34462002 1.5302559
v -6.317662E-05 0.34462002 1.5302559
v -0.089257374 0.33287764 1.4330554
v -0.089257374 0.33287764 1.4330554
v -0.089257374 0.33287764 1.4330554
v -6.317662E-05 0.40300763 1.4018437
v -6.317662E-05 0.40300763 1.4018437
v -6.317662E-05 0.40300763 1.4018437
v -6.317662E-05 0.40300763 1.4018437
v -0.104369074 0.38927567 1.4018437
v -0.104369074 0.38927567 1.4018437
v -0.104369074 0.38927567 1.4018437
v -0.104369074 0.38927567 1.4018437
v -6.317662E-05 0.34462002 1.4330554
v -6.317662E-05 0.34462002 1.4330554
v -6.317662E-05 0.34462002 1.4330554
v -0.2015668 0.3490151 1.5302559
v -0.2015668 0.3490151 1.5302559
v -0.2015668 0.3490151 1.5302559
v -0.089257374 0.33287764 1.5302559
v -0.089257374 0.33287764 1.5302559
v -0.089257374 0.33287764 1.5302559
v -0.104369074 0.38927567 1.5302559
v -0.104369074 0.38927567 1.5302559
v -0.104369074 0.38927567 1.5302559
v -0.17237315 0.29845005 1.5302559
v -0.17237315 0.29845005 1.5302559
v -0.17237315 0.29845005 1.5302559
v -0.17237315 0.29845005 1.4330554
v -0.17237315 0.29845005 1.4330554
v -0.17237315 0.29845005 1.4330554
v -0.28503257 0.28496978 1.4018437
v -0.28503257 0.28496978 1.4018437
v -0.28503257 0.28496978 1.4018437
v -0.28503257 0.28496978 1.4018437
v -0.24374638 0.24368343 1.4330554
v -0.24374638 0.24368343 1.4330554
v -0.24374638 0.24368343 1.4330554
v -0.2015668 0.3490151 1.4018437
v -0.2015668 0.3490151 1.4018437
v -0.2015668 0.3490151 1.4018437
v -0.2015668 0.3490151 1.4018437
v -0.24374638 0.24368343 1.5302559
v -0.24374638 0.24368343 1.5302559
v -0.24374638 0.24368343 1.5302559
v -0.34907794 0.20150423 1.5302559
v -0.34907794 0.20150423 1.5302559
v -0.34907794 0.20150423 1.5302559
v -0.29851288 0.17231049 1.5302559
v -0.29851288 0.17231049 1.5302559
v -0.29851288 0.17231049 1.5302559
v -0.28503257 0.28496978 1.5302559
v -0.28503257 0.28496978 1.5302559
v -0.28503257 0.28496978 1.5302559
v -0.34907794 0.20150423 1.4018437
v -0.34907794 0.20150423 1.4018437
v -0.34907794 0.20150423 1.4018437
v -0.34907794 0.20150423 1.4018437
v -0.33294058 0.08919472 1.4330554
v -0.33294058 0.08919472 1.4330554
v -0.33294058 0.08919472 1.4330554
v -0.29851288 0.17231049 1.4330554
v -0.29851288 0.17231049 1.4330554
v -0.29851288 0.17231049 1.4330554
v -0.3893386 0.104306504 1.4018437
v -0.3893386 0.104306504 1.4018437
v -0.3893386 0.104306504 1.4018437
v -0.3893386 0.104306504 1.4018437
v -0.38933876 0.104306504 1.5302559
v -0.38933876 0.104306504 1.5302559
v -0.38933876 0.104306504 1.5302559
v -0.3446834 1.5132115E-07 1.5302559
v -0.3446834 1.5132115E-07 1.5302559
v -0.3446834 1.5132115E-07 1.5302559
v -0.33294058 0.08919472 1.5302559
v -0.33294058 0.08919472 1.5302559
v -0.33294058 0.08919472 1.5302559
v -0.40307087 1.5132115E-07 1.5302559
v -0.40307087 1.5132115E-07 1.5302559
v -0.40307087 1.5132115E-07 1.5302559
v -0.3446834 1.5132115E-07 1.4330554
v -0.33294076 -0.08919396 1.4330554
v -6.332795E-05 0 1.4330554
v -0.29851303 -0.17230989 1.4330554
v -0.24374655 -0.243683 1.4330554
v -0.17237344 -0.29844946 1.4330554
v -0.08925768 -0.332877 1.4330555
v -6.347927E-05 -0.3446198 1.4330555
v 0.089130715 -0.3328773 1.4330555
v 0.17224647 -0.29844978 1.4330554
v 0.24361958 -0.2436833 1.4330554
v 0.29838622 -0.17230989 1.4330554
v 0.33281407 -0.08919427 1.4330554
v 0.34455675 -1.5132129E-07 1.4330554
v 0.33281422 0.089194275 1.4330554
v 0.29838637 0.17231004 1.4330554
v 0.24362002 0.24368313 1.4330554
v 0.17224678 0.2984496 1.4330554
v 0.08913101 0.3328775 1.4330554
v -6.317662E-05 0.34462002 1.4330554
v -0.089257374 0.33287764 1.4330554
v -0.17237315 0.29845005 1.4330554
v -0.24374638 0.24368343 1.4330554
v -0.29851288 0.17231049 1.4330554
v -0.33294058 0.08919472 1.4330554
vt 0.8305664 0.7998047
vt 0.99609375 0.7998047
vt 0.8305664 0.8729042
vt 0.99609375 0.8729042
vt 0.8461295 0.92053276
vt 0.8466797 0.7998047
vt 0.8466797 0.8729042
vt 0.83251953 0.9214548
vt 0.9940521 0.92074907
vt 0.8606026 0.920961
vt 0.859375 0.7998047
vt 0.859375 0.8729042
vt 0.87396145 0.92071646
vt 0.87402344 0.7998047
vt 0.87402344 0.8729042
vt 0.8876289 0.92095745
vt 0.8876953 0.7998047
vt 0.8876953 0.8729042
vt 0.90185547 0.7998047
vt 0.90185547 0.8729042
vt 0.9017913 0.92071396
vt 0.91503906 0.7998047
vt 0.91503906 0.8729042
vt 0.9149703 0.9209577
vt 0.9291992 0.7998047
vt 0.9291992 0.8729042
vt 0.92913437 0.92073035
vt 0.9438017 0.9207202
vt 0.94189453 0.7998047
vt 0.94189453 0.8729042
vt 0.95654297 0.7998047
vt 0.95654297 0.8729042
vt 0.956361 0.92137945
vt 0.97073644 0.92077476
vt 0.97021484 0.7998047
vt 0.97021484 0.8729042
vt 0.9838867 0.7998047
vt 0.9838867 0.8729042
vt 0.98381555 0.9207104
vt 0.82958984 0.7998047
vt 0.9980469 0.8729042
vt 0.82958984 0.8729042
vt 0.9980469 0.7998047
vt 0.8431955 0.92071676
vt 0.8432617 0.7998047
vt 0.8432617 0.8729042
vt 0.8305664 0.920962
vt 0.99975777 0.9209616
vt 0.8574219 0.7998047
vt 0.8574219 0.8729042
vt 0.8573577 0.9209575
vt 0.87102735 0.9207113
vt 0.87109375 0.7998047
vt 0.87109375 0.8729042
vt 0.8850145 0.92096174
vt 0.88378906 0.7998047
vt 0.88378906 0.8729042
vt 0.8989258 0.7998047
vt 0.8989258 0.8729042
vt 0.89886576 0.92071635
vt 0.9121094 0.7998047
vt 0.9121094 0.8729042
vt 0.9120406 0.9209574
vt 0.92620534 0.92071396
vt 0.92626953 0.7998047
vt 0.92626953 0.8729042
vt 0.93938434 0.9209574
vt 0.9394531 0.7998047
vt 0.9394531 0.8729042
vt 0.9535491 0.92071396
vt 0.9536133 0.7998047
vt 0.9536133 0.8729042
vt 0.96770924 0.9209596
vt 0.96777344 0.7998047
vt 0.96777344 0.8729042
vt 0.9808823 0.92081887
vt 0.98095703 0.7998047
vt 0.98095703 0.8729042
vt 0.9682617 0.8204855
vt 0.9682617 0.8204855
vt 0.9917855 0.82185674
vt 0.82910156 0.7998047
vt 0.99658203 0.7998047
vt 0.9868164 0.81761885
vt 0.8305664 0.81741405
vt 0.9777839 0.8188338
vt 0.9682617 0.81761885
vt 0.9801284 0.8188338
vt 0.9682617 0.81761885
vt 0.9868164 0.8204855
vt 0.8305664 0.82028073
vt 0.98904395 0.82185674
vt 0.8466797 0.7998047
vt 0.9087456 0.8465382
vt 0.8305664 0.80881417
vt 0.98904395 0.8094199
vt 0.9251756 0.8462151
vt 0.8491211 0.80881417
vt 0.9810058 0.8094199
vt 0.92359024 0.8421624
vt 0.97091043 0.8094199
vt 0.8491211 0.80881417
vt 0.9095407 0.8424386
vt 0.8305664 0.80881417
vt 0.9777839 0.8094199
vt 0.86816406 0.81741405
vt 0.86816406 0.81741405
vt 0.9599762 0.8188338
vt 0.8491211 0.81741405
vt 0.97091043 0.8188338
vt 0.8491211 0.81741405
vt 0.86816406 0.82028073
vt 0.86816406 0.82028073
vt 0.96821904 0.82185674
vt 0.87402344 0.7998047
vt 0.8491211 0.82028073
vt 0.8491211 0.82028073
vt 0.9810058 0.82185674
vt 0.859375 0.7998047
vt 0.9437687 0.84619474
vt 0.86816406 0.80881417
vt 0.96821904 0.8094199
vt 0.9601973 0.8458718
vt 0.88720703 0.80881417
vt 0.9515549 0.8094199
vt 0.95861185 0.8418187
vt 0.9457263 0.8094199
vt 0.88720703 0.80881417
vt 0.9445634 0.8420948
vt 0.86816406 0.80881417
vt 0.9599762 0.8094199
vt 0.9057617 0.81741405
vt 0.9057617 0.81741405
vt 0.9291321 0.8188338
vt 0.88720703 0.82028073
vt 0.88720703 0.82028073
vt 0.9515549 0.82185674
vt 0.8876953 0.7998047
vt 0.9057617 0.82028073
vt 0.9057617 0.82028073
vt 0.9321492 0.82185674
vt 0.90185547 0.7998047
vt 0.88720703 0.81741405
vt 0.9457263 0.8188338
vt 0.88720703 0.81741405
vt 0.95879453 0.8461777
vt 0.91132426 0.8094199
vt 0.9248047 0.80881417
vt 0.9447468 0.84645414
vt 0.9057617 0.80881417
vt 0.9291321 0.8094199
vt 0.94395167 0.8505543
vt 0.9057617 0.80881417
vt 0.9321492 0.8094199
vt 0.9603794 0.850231
vt 0.9248047 0.80881417
vt 0.91132426 0.8094199
vt 0.94384766 0.82028073
vt 0.94384766 0.82028073
vt 0.89049935 0.82185674
vt 0.9291992 0.7998047
vt 0.9248047 0.81741405
vt 0.91132426 0.8188338
vt 0.9248047 0.81741405
vt 0.9248047 0.82028073
vt 0.9248047 0.82028073
vt 0.91132426 0.82185674
vt 0.91503906 0.7998047
vt 0.94384766 0.81741405
vt 0.94384766 0.81741405
vt 0.89351654 0.8188338
vt 0.9266899 0.8506616
vt 0.94384766 0.80881417
vt 0.89049935 0.8094199
vt 0.9415337 0.8462845
vt 0.87692225 0.8094199
vt 0.96240234 0.80881417
vt 0.92748564 0.84656143
vt 0.94384766 0.80881417
vt 0.89351654 0.8094199
vt 0.9431179 0.85033774
vt 0.96240234 0.80881417
vt 0.87109375 0.8094199
vt 0.96240234 0.82028073
vt 0.96240234 0.82028073
vt 0.87109375 0.82185674
vt 0.94091797 0.7998047
vt 0.9814453 0.820895
vt 0.8339844 0.82251894
vt 0.95654297 0.7998047
vt 0.96240234 0.81741405
vt 0.87692225 0.8188338
vt 0.96240234 0.81741405
vt 0.9814453 0.81741405
vt 0.9814453 0.81741405
vt 0.90903956 0.85092425
vt 0.9814453 0.80881417
vt 0.8339863 0.80989635
vt 0.92551214 0.85060006
vt 0.84164286 0.8094199
vt 0.84438986 0.80989635
vt 0.90987897 0.8468243
vt 0.9814453 0.80881417
vt 0.9814453 0.80881417
vt 0.92392796 0.8465472
vt 0.8517382 0.8094199
vt 1.0004883 0.80881417
vt 0.93066406 0.81741405
vt 0.93066406 0.81741405
vt 0.8448647 0.8188338
vt 0.9121094 0.82028073
vt 0.84164286 0.82185674
vt 0.84438986 0.8217726
vt 0.9692383 0.7998047
vt 0.93066406 0.82028073
vt 0.93066406 0.82028073
vt 0.8336047 0.82185674
vt 0.9838867 0.7998047
vt 0.9121094 0.81741405
vt 0.8517382 0.8188338
vt 1.0004883 0.81741405
vt 0.92462623 0.8507061
vt 0.94970703 0.80881417
vt 0.8300781 0.80881417
vt 0.9089917 0.8469302
vt 0.93066406 0.80881417
vt 0.8448647 0.8094199
vt 0.90819603 0.85102975
vt 0.93066406 0.80881417
vt 0.8336047 0.8094199
vt 0.9230415 0.84665346
vt 0.8300781 0.80881417
vt 0.94970703 0.80881417
vt 0.8300781 0.81761885
vt 0.94970703 0.81741405
vt 0.8486328 0.8204855
vt 0.8486328 0.8204855
vt 0.8336047 0.82185674
vt 0.8432617 0.7998047
vt 0.8486328 0.81761885
vt 0.8486328 0.81761885
vt 0.8448647 0.8188338
vt 0.8300781 0.8204855
vt 0.94970703 0.82028073
vt 0.9980469 0.7998047
vt 0.82958984 0.7998047
vt 0.9112671 0.83778787
vt 0.8486328 0.80881417
vt 0.8448647 0.8094199
vt 0.926902 0.84156436
vt 0.8676758 0.80881417
vt 0.84164286 0.8094199
vt 0.92531663 0.8375116
vt 0.8517382 0.8094199
vt 0.8676758 0.80881417
vt 0.9104721 0.8418874
vt 0.8486328 0.80881417
vt 0.8336047 0.8094199
vt 0.8676758 0.8204855
vt 0.8676758 0.8204855
vt 0.84164286 0.82185674
vt 0.8564453 0.7998047
vt 0.88671875 0.81761885
vt 0.88671875 0.81761885
vt 0.86267245 0.8188338
vt 0.8676758 0.81761885
vt 0.8517382 0.8188338
vt 0.8676758 0.81761885
vt 0.88671875 0.8204855
vt 0.88671875 0.8204855
vt 0.8544296 0.82185674
vt 0.87109375 0.7998047
vt 0.9072619 0.85500026
vt 0.88671875 0.80881417
vt 0.8544296 0.8094199
vt 0.9228944 0.8512243
vt 0.87692225 0.8094199
vt 0.90527344 0.80881417
vt 0.9088461 0.8509472
vt 0.88671875 0.80881417
vt 0.86267245 0.8094199
vt 0.9236905 0.8553243
vt 0.90527344 0.80881417
vt 0.87109363 0.8094199
vt 0.90527344 0.8204855
vt 0.90527344 0.8204855
vt 0.87109363 0.82185674
vt 0.88378906 0.7998047
vt 0.9243164 0.81761885
vt 0.9243164 0.81761885
vt 0.89351654 0.8188338
vt 0.90527344 0.81761885
vt 0.87692225 0.8188338
vt 0.90527344 0.81761885
vt 0.9243164 0.8204855
vt 0.9243164 0.8204855
vt 0.89049935 0.82185674
vt 0.8989258 0.7998047
vt 0.94372416 0.83800954
vt 0.9433594 0.80881417
vt 0.91132426 0.8094199
vt 0.92809147 0.8342327
vt 0.9243164 0.80881417
vt 0.89351654 0.8094199
vt 0.92729634 0.8383328
vt 0.9243164 0.80881417
vt 0.89049935 0.8094199
vt 0.9421392 0.83395624
vt 0.91132426 0.8094199
vt 0.9433594 0.80881417
vt 0.96191406 0.81761885
vt 0.96191406 0.81761885
vt 0.9291321 0.8188338
vt 0.9433594 0.8204855
vt 0.9433594 0.8204855
vt 0.91132426 0.82185674
vt 0.9121094 0.7998047
vt 0.96191406 0.8204855
vt 0.96191406 0.8204855
vt 0.9321492 0.82185674
vt 0.92626953 0.7998047
vt 0.9433594 0.81761885
vt 0.91132426 0.8188338
vt 0.9433594 0.81761885
vt 0.95959014 0.854419
vt 0.98095703 0.80881417
vt 0.9515549 0.8094199
vt 0.9447473 0.8500427
vt 0.96191406 0.80881417
vt 0.9291321 0.8094199
vt 0.9431621 0.85409594
vt 0.96191406 0.80881417
vt 0.9321492 0.8094199
vt 0.95879537 0.85031897
vt 0.9457263 0.8094199
vt 0.98095703 0.80881417
vt 0.98095703 0.81761885
vt 0.9457263 0.8188338
vt 0.98095703 0.81761885
vt 1 0.8204855
vt 0.9116211 0.8204855
vt 0.9682189 0.82185674
vt 0.9536133 0.7998047
vt 1 0.81761885
vt 0.9116211 0.81761885
vt 0.9599761 0.8188338
vt 0.98095703 0.8204855
vt 0.98095703 0.8204855
vt 0.9515549 0.82185674
vt 0.93896484 0.7998047
vt 0.92604464 0.8384078
vt 0.9116211 0.80881417
vt 0.9599761 0.8094199
vt 0.94167775 0.8421836
vt 0.9301758 0.80881417
vt 0.9810058 0.8094199
vt 0.9400936 0.8381307
vt 0.9709103 0.8094199
vt 0.9301758 0.80881417
vt 0.9252485 0.8425076
vt 0.9116211 0.80881417
vt 0.9682189 0.8094199
vt 0.9301758 0.8204855
vt 0.9301758 0.8204855
vt 0.9810058 0.82185674
vt 0.96728516 0.7998047
vt 0.94921875 0.81761885
vt 0.94921875 0.81761885
vt 0.9777839 0.8188338
vt 0.9301758 0.81761885
vt 0.9709103 0.8188338
vt 0.9301758 0.81761885
vt 0.94921875 0.8204855
vt 0.94921875 0.8204855
vt 0.98904395 0.82185674
vt 0.98046875 0.7998047
vt 0.9263403 0.8462554
vt 0.94921875 0.80881417
vt 0.98904395 0.8094199
vt 0.9411859 0.8418791
vt 0.9801284 0.8094199
vt 0.9682617 0.80881417
vt 0.92713606 0.8421559
vt 0.94921875 0.80881417
vt 0.9777839 0.8094199
vt 0.9427706 0.8459318
vt 0.9682617 0.80881417
vt 0.9917855 0.8094199
vt 0.7615692 0.74906975
vt 0.7455521 0.75117844
vt 0.7615692 0.8109549
vt 0.7306266 0.75736076
vt 0.71780974 0.76719546
vt 0.70797503 0.7800123
vt 0.70179266 0.79493785
vt 0.69968396 0.8109549
vt 0.70179266 0.826972
vt 0.70797503 0.84189755
vt 0.71780974 0.8547144
vt 0.7306266 0.86454904
vt 0.7455521 0.8707315
vt 0.7615692 0.87284017
vt 0.7775863 0.8707315
vt 0.7925118 0.8645491
vt 0.80532867 0.8547144
vt 0.8151633 0.84189755
vt 0.82134575 0.826972
vt 0.82345444 0.8109549
vt 0.82134575 0.7949379
vt 0.8151634 0.78001237
vt 0.80532867 0.7671955
vt 0.7925118 0.7573608
vt 0.7775863 0.75117844
f 978/978 680/680 987/987
f 680/680 978/978 974/974
f 980/980 977/977 986/986
f 977/977 980/980 983/983
f 717/717 695/695 691/691
f 695/695 717/717 698/698
f 684/684 679/679 690/690
f 679/679 684/684 687/687
f 696/696 686/686 692/692
f 686/686 696/696 705/705
f 979/979 969/969 975/975
f 969/969 979/979 985/985
f 988/988 688/688 981/981
f 988/988 681/681 688/688
f 967/967 963/963 973/973
f 963/963 967/967 970/970
f 968/968 982/982 689/689
f 982/982 968/968 984/984
f 694/694 700/700 703/703
f 694/694 697/697 700/700
f 961/961 964/964 955/955
f 964/964 961/961 941/941
f 702/702 685/685 704/704
f 685/685 702/702 711/711
f 699/699 710/710 701/701
f 699/699 718/718 710/710
f 956/956 971/971 958/958
f 956/956 965/965 971/971
f 951/951 954/954 957/957
f 954/954 951/951 960/960
f 945/945 959/959 972/972
f 959/959 945/945 952/952
f 722/722 708/708 714/714
f 708/708 722/722 731/731
f 962/962 946/946 942/942
f 946/946 962/962 953/953
f 713/713 724/724 721/721
f 724/724 713/713 736/736
f 937/937 940/940 944/944
f 940/940 937/937 947/947
f 728/728 707/707 730/730
f 707/707 728/728 745/745
f 725/725 744/744 727/727
f 725/725 737/737 744/744
f 927/927 938/938 935/935
f 927/927 949/949 938/938
f 932/932 948/948 926/926
f 948/948 932/932 919/919
f 735/735 732/732 743/743
f 732/732 735/735 739/739
f 928/928 925/925 934/934
f 925/925 928/928 931/931
f 912/912 936/936 939/939
f 936/936 912/912 929/929
f 754/754 734/734 741/741
f 734/734 754/754 751/751
f 933/933 913/913 920/920
f 913/913 933/933 930/930
f 766/766 753/753 740/740
f 753/753 766/766 756/756
f 911/911 914/914 918/918
f 914/914 911/911 922/922
f 750/750 764/764 733/733
f 750/750 748/748 764/764
f 746/746 752/752 755/755
f 746/746 749/749 752/752
f 757/757 763/763 747/747
f 757/757 767/767 763/763
f 901/901 923/923 909/909
f 901/901 916/916 923/923
f 890/890 910/910 924/924
f 910/910 890/890 903/903
f 902/902 899/899 908/908
f 899/899 902/902 905/905
f 758/758 762/762 765/765
f 762/762 758/758 769/769
f 906/906 915/915 900/900
f 915/915 906/906 896/896
f 771/771 774/774 780/780
f 774/774 771/771 760/760
f 891/891 907/907 904/904
f 907/907 891/891 897/897
f 777/777 770/770 779/779
f 770/770 777/777 793/793
f 772/772 775/775 778/778
f 775/775 772/772 781/781
f 889/889 885/885 895/895
f 885/885 889/889 892/892
f 785/785 773/773 759/759
f 773/773 785/785 782/782
f 783/783 792/792 776/776
f 783/783 786/786 792/792
f 884/884 893/893 877/877
f 884/884 887/887 893/893
f 864/864 878/878 894/894
f 878/878 864/864 880/880
f 876/876 873/873 882/882
f 873/873 876/876 879/879
f 874/874 886/886 883/883
f 886/886 874/874 870/870
f 865/865 875/875 881/881
f 875/875 865/865 871/871
f 803/803 821/821 795/795
f 803/803 807/807 821/821
f 863/863 859/859 869/869
f 859/859 863/863 866/866
f 813/813 798/798 789/789
f 798/798 813/813 801/801
f 841/841 855/855 868/868
f 855/855 841/841 848/848
f 800/800 820/820 806/806
f 800/800 812/812 820/820
f 852/852 867/867 854/854
f 852/852 861/861 867/867
f 811/811 808/808 819/819
f 808/808 811/811 815/815
f 847/847 850/850 853/853
f 850/850 847/847 856/856
f 833/833 809/809 826/826
f 809/809 833/833 835/835
f 810/810 830/830 827/827
f 830/830 810/810 817/817
f 842/842 858/858 849/849
f 858/858 842/842 838/838
f 825/825 822/822 831/831
f 822/822 825/825 828/828
f 857/857 860/860 851/851
f 860/860 857/857 837/837
f 844/844 829/829 816/816
f 829/829 844/844 823/823
f 716/716 712/712 709/709
f 706/706 709/709 712/712
f 726/726 729/729 720/720
f 720/720 723/723 726/726
f 796/796 799/799 802/802
f 799/799 805/805 802/802
f 677/677 609/609 602/602
f 609/609 677/677 676/676
f 674/674 676/676 677/677
f 676/676 674/674 673/673
f 671/671 673/673 674/674
f 673/673 671/671 670/670
f 668/668 670/670 671/671
f 670/670 668/668 667/667
f 665/665 667/667 668/668
f 667/667 665/665 664/664
f 661/661 664/664 665/665
f 664/664 661/661 663/663
f 661/661 660/660 663/663
f 660/660 661/661 658/658
f 658/658 655/655 660/660
f 655/655 658/658 656/656
f 653/653 655/655 656/656
f 655/655 653/653 652/652
f 649/649 652/652 653/653
f 652/652 649/649 651/651
f 649/649 644/644 651/651
f 644/644 649/649 645/645
f 640/640 644/644 645/645
f 644/644 640/640 647/647
f 605/605 601/601 608/608
f 601/601 605/605 606/606
f 610/610 606/606 605/605
f 606/606 610/610 611/611
f 613/613 611/611 610/610
f 611/611 613/613 614/614
f 616/616 614/614 613/613
f 614/614 616/616 617/617
f 616/616 619/619 617/617
f 619/619 616/616 621/621
f 621/621 622/622 619/619
f 622/622 621/621 624/624
f 624/624 625/625 622/622
f 625/625 624/624 627/627
f 628/628 625/625 627/627
f 625/625 628/628 629/629
f 629/629 628/628 631/631
f 631/631 628/628 633/633
f 634/634 631/631 633/633
f 631/631 634/634 635/635
f 634/634 637/637 635/635
f 637/637 634/634 639/639
f 648/648 637/637 639/639
f 637/637 648/648 643/643
f 683/683 678/678 604/604
f 678/678 683/683 976/976
f 976/976 675/675 678/678
f 966/966 675/675 976/976
f 966/966 672/672 675/675
f 943/943 672/672 966/966
f 950/950 672/672 943/943
f 672/672 950/950 669/669
f 950/950 666/666 669/669
f 666/666 950/950 921/921
f 917/917 666/666 921/921
f 666/666 917/917 662/662
f 898/898 662/662 917/917
f 662/662 898/898 659/659
f 898/898 657/657 659/659
f 657/657 898/898 888/888
f 872/872 657/657 888/888
f 657/657 872/872 654/654
f 872/872 650/650 654/654
f 862/862 650/650 872/872
f 862/862 646/646 650/650
f 839/839 646/646 862/862
f 846/846 646/646 839/839
f 646/646 846/846 642/642
f 794/794 797/797 804/804
f 797/797 794/794 788/788
f 788/788 794/794 791/791
f 784/784 788/788 791/791
f 682/682 603/603 693/693
f 693/693 603/603 607/607
f 693/693 607/607 719/719
f 719/719 607/607 612/612
f 719/719 612/612 715/715
f 715/715 612/612 615/615
f 715/715 615/615 738/738
f 738/738 615/615 618/618
f 618/618 742/742 738/738
f 742/742 618/618 620/620
f 742/742 620/620 768/768
f 768/768 620/620 623/623
f 768/768 623/623 761/761
f 761/761 623/623 626/626
f 630/630 761/761 626/626
f 761/761 630/630 787/787
f 787/787 630/630 790/790
f 790/790 630/630 632/632
f 636/636 790/790 632/632
f 790/790 636/636 814/814
f 814/814 636/636 818/818
f 818/818 636/636 638/638
f 818/818 638/638 641/641
f 641/641 845/845 818/818
f 834/834 836/836 840/840
f 836/836 834/834 843/843
f 824/824 843/843 834/834
f 824/824 834/834 832/832
f 989/989 990/990 991/991
f 1013/1013 989/989 991/991
f 990/990 992/992 991/991
f 1012/1012 1013/1013 991/991
f 992/992 993/993 991/991
f 1011/1011 1012/1012 991/991
f 993/993 994/994 991/991
f 1010/1010 1011/1011 991/991
f 994/994 995/995 991/991
f 1009/1009 1010/1010 991/991
f 995/995 996/996 991/991
f 1008/1008 1009/1009 991/991
f 996/996 997/997 991/991
f 1007/1007 1008/1008 991/991
f 997/997 998/998 991/991
f 1006/1006 1007/1007 991/991
f 998/998 999/999 991/991
f 1005/1005 1006/1006 991/991
f 999/999 1000/1000 991/991
f 1004/1004 1005/1005 991/991
f 1000/1000 1001/1001 991/991
f 1003/1003 1004/1004 991/991
f 1001/1001 1002/1002 991/991
f 1002/1002 1003/1003 991/991
o mi_aserai_tower_3.lod2
v -0.40307087 1.5132115E-07 0.69416046
v -0.40307087 1.5132115E-07 0.69416046
v -0.40307087 1.5132115E-07 0.69416046
v -0.40307087 1.5132115E-07 0.69416046
v -0.38933855 -0.10430579 -0.47755298
v -0.38933876 -0.10430581 0.69416046
v -0.38933876 -0.10430581 0.69416046
v -0.40307066 1.716033E-07 -0.47755298
v -0.40307066 1.716033E-07 -0.47755298
v -0.3490781 -0.20150337 -0.47755298
v -0.34907824 -0.2015037 0.69416046
v -0.34907824 -0.2015037 0.69416046
v -0.28503272 -0.284969 -0.47755298
v -0.28503272 -0.28496903 0.69416046
v -0.28503272 -0.28496903 0.69416046
v -0.2015671 -0.3490146 -0.47755295
v -0.2015671 -0.34901467 0.69416046
v -0.2015671 -0.34901467 0.69416046
v -0.10436952 -0.3892752 0.69416046
v -0.10436952 -0.3892752 0.69416046
v -0.104369365 -0.3892752 -0.47755295
v -6.347927E-05 -0.40300763 0.69416046
v -6.347927E-05 -0.40300763 0.69416046
v -6.347927E-05 -0.40300763 -0.47755295
v 0.10424256 -0.3892752 0.69416046
v 0.10424256 -0.3892752 0.69416046
v 0.10424257 -0.3892752 -0.47755295
v 0.20144029 -0.3490146 -0.4775529
v 0.20144029 -0.34901467 0.6941606
v 0.20144029 -0.34901467 0.6941606
v 0.28477925 -0.28505072 0.6901254
v 0.28477925 -0.28505072 0.6901254
v 0.2849059 -0.2849693 -0.4775529
v 0.3489514 -0.20150368 -0.4775529
v 0.34895125 -0.2015037 0.6941605
v 0.34895125 -0.2015037 0.6941605
v 0.38921195 -0.10430612 0.6941605
v 0.38921195 -0.10430612 0.6941605
v 0.38921198 -0.104306094 -0.4775529
v 0.40300745 -0.0023129454 0.6941605
v 0.40300745 -0.0023129454 0.6941605
v 0.40300745 -0.0023129454 0.6941605
v 0.40300745 -0.0023129454 0.6941605
v 0.38921213 0.10430592 -0.4775529
v 0.3892121 0.10430589 0.6941605
v 0.3892121 0.10430589 0.6941605
v 0.4030709 -0.0046259463 -0.4775529
v 0.4030709 -0.0046259463 -0.4775529
v 0.34895155 0.2015037 0.6941605
v 0.34895155 0.2015037 0.6941605
v 0.3489516 0.20150372 -0.47755295
v 0.2849062 0.2849691 -0.47755295
v 0.2849062 0.2849694 0.6941605
v 0.2849062 0.2849694 0.6941605
v 0.20144074 0.34901482 -0.47755295
v 0.20144074 0.34901476 0.6941605
v 0.20144074 0.34901476 0.6941605
v 0.10424301 0.3892753 0.69416046
v 0.10424301 0.3892753 0.69416046
v 0.10424301 0.38927534 -0.47755295
v -6.3025305E-05 0.40300763 0.69416046
v -6.3025305E-05 0.40300763 0.69416046
v -6.3025305E-05 0.40300763 -0.47755298
v -0.104369074 0.3892755 -0.47755298
v -0.104369074 0.38927567 0.69416046
v -0.104369074 0.38927567 0.69416046
v -0.20156665 0.34901512 -0.47755298
v -0.2015668 0.3490151 0.69416046
v -0.2015668 0.3490151 0.69416046
v -0.28503242 0.28496978 -0.47755298
v -0.28503242 0.28496978 0.69416046
v -0.28503242 0.28496978 0.69416046
v -0.34907794 0.20150425 -0.47755298
v -0.34907794 0.20150423 0.69416046
v -0.34907794 0.20150423 0.69416046
v -0.38933855 0.10430653 -0.47755298
v -0.3893386 0.104306504 0.69416046
v -0.3893386 0.104306504 0.69416046
v -0.40307087 1.5132115E-07 1.4018437
v -0.40307087 1.5132115E-07 1.4018437
v -0.40307087 1.5132115E-07 1.4018437
v -0.40307087 1.5132115E-07 1.4018437
v -0.40307087 1.5132115E-07 1.4018437
v -0.33294076 -0.08919396 1.4330554
v -0.33294076 -0.08919396 1.4330554
v -0.33294076 -0.08919396 1.4330554
v -0.3446834 1.5132115E-07 1.4330554
v -0.3446834 1.5132115E-07 1.4330554
v -0.3446834 1.5132115E-07 1.4330554
v -0.38933876 -0.10430581 1.4018437
v -0.38933876 -0.10430581 1.4018437
v -0.38933876 -0.10430581 1.4018437
v -0.38933876 -0.10430581 1.4018437
v -0.38933876 -0.10430581 1.5302559
v -0.38933876 -0.10430581 1.5302559
v -0.38933876 -0.10430581 1.5302559
v -0.34907824 -0.2015037 1.5302559
v -0.34907824 -0.2015037 1.5302559
v -0.34907824 -0.2015037 1.5302559
v -0.29851303 -0.17230989 1.5302559
v -0.29851303 -0.17230989 1.5302559
v -0.29851303 -0.17230989 1.5302559
v -0.33294076 -0.08919396 1.5302559
v -0.33294076 -0.08919396 1.5302559
v -0.33294076 -0.08919396 1.5302559
v -0.24374655 -0.243683 1.4330554
v -0.24374655 -0.243683 1.4330554
v -0.24374655 -0.243683 1.4330554
v -0.29851303 -0.17230989 1.4330554
v -0.29851303 -0.17230989 1.4330554
v -0.29851303 -0.17230989 1.4330554
v -0.28503272 -0.28496903 1.4018437
v -0.28503272 -0.28496903 1.4018437
v -0.28503272 -0.28496903 1.4018437
v -0.28503272 -0.28496903 1.4018437
v -0.34907824 -0.2015037 1.4018437
v -0.34907824 -0.2015037 1.4018437
v -0.34907824 -0.2015037 1.4018437
v -0.34907824 -0.2015037 1.4018437
v -0.28503287 -0.28496903 1.5302559
v -0.28503287 -0.28496903 1.5302559
v -0.28503287 -0.28496903 1.5302559
v -0.2015671 -0.34901467 1.5302559
v -0.2015671 -0.34901467 1.5302559
v -0.2015671 -0.34901467 1.5302559
v -0.17237344 -0.29844946 1.5302559
v -0.17237344 -0.29844946 1.5302559
v -0.17237344 -0.29844946 1.5302559
v -0.2437467 -0.243683 1.5302559
v -0.2437467 -0.243683 1.5302559
v -0.2437467 -0.243683 1.5302559
v -0.08925768 -0.332877 1.4330555
v -0.08925768 -0.332877 1.4330555
v -0.08925768 -0.332877 1.4330555
v -0.2015671 -0.34901467 1.4018437
v -0.2015671 -0.34901467 1.4018437
v -0.2015671 -0.34901467 1.4018437
v -0.2015671 -0.34901467 1.4018437
v -0.10436952 -0.3892752 1.4018437
v -0.10436952 -0.3892752 1.4018437
v -0.10436952 -0.3892752 1.4018437
v -0.10436952 -0.3892752 1.4018437
v -0.17237344 -0.29844946 1.4330554
v -0.17237344 -0.29844946 1.4330554
v -0.17237344 -0.29844946 1.4330554
v -6.347927E-05 -0.3446198 1.5302559
v -6.347927E-05 -0.3446198 1.5302559
v -6.347927E-05 -0.3446198 1.5302559
v -0.08925768 -0.332877 1.5302559
v -0.08925768 -0.332877 1.5302559
v -0.08925768 -0.332877 1.5302559
v -0.10436952 -0.3892752 1.5302559
v -0.10436952 -0.3892752 1.5302559
v -0.10436952 -0.3892752 1.5302559
v -6.3630585E-05 -0.40300763 1.5302559
v -6.3630585E-05 -0.40300763 1.5302559
v -6.3630585E-05 -0.40300763 1.5302559
v 0.10424241 -0.3892752 1.4018437
v 0.10424241 -0.3892752 1.4018437
v 0.10424241 -0.3892752 1.4018437
v 0.10424241 -0.3892752 1.4018437
v -6.347927E-05 -0.3446198 1.4330555
v -6.347927E-05 -0.3446198 1.4330555
v -6.347927E-05 -0.3446198 1.4330555
v -6.3630585E-05 -0.40300763 1.4018437
v -6.3630585E-05 -0.40300763 1.4018437
v -6.3630585E-05 -0.40300763 1.4018437
v -6.3630585E-05 -0.40300763 1.4018437
v 0.089130715 -0.3328773 1.4330555
v 0.089130715 -0.3328773 1.4330555
v 0.089130715 -0.3328773 1.4330555
v 0.10424241 -0.3892752 1.5302559
v 0.10424241 -0.3892752 1.5302559
v 0.10424241 -0.3892752 1.5302559
v 0.17224647 -0.29844978 1.5302559
v 0.17224647 -0.29844978 1.5302559
v 0.17224647 -0.29844978 1.5302559
v 0.089130715 -0.3328773 1.5302559
v 0.089130715 -0.3328773 1.5302559
v 0.089130715 -0.3328773 1.5302559
v 0.20144029 -0.34901467 1.5302559
v 0.20144029 -0.34901467 1.5302559
v 0.20144029 -0.34901467 1.5302559
v 0.20144029 -0.34901467 1.4018438
v 0.20144029 -0.34901467 1.4018438
v 0.20144029 -0.34901467 1.4018438
v 0.20144029 -0.34901467 1.4018438
v 0.28465244 -0.28513214 1.3937738
v 0.28465244 -0.28513214 1.3937738
v 0.28465244 -0.28513214 1.3937738
v 0.17224647 -0.29844978 1.4330554
v 0.17224647 -0.29844978 1.4330554
v 0.17224647 -0.29844978 1.4330554
v 0.24361958 -0.2436833 1.4330554
v 0.24361958 -0.2436833 1.4330554
v 0.28473008 -0.28518268 1.530256
v 0.28473008 -0.28518268 1.530256
v 0.28473008 -0.28518268 1.530256
v 0.34895125 -0.2015037 1.5302559
v 0.34895125 -0.2015037 1.5302559
v 0.34895125 -0.2015037 1.5302559
v 0.24361958 -0.2436833 1.5302559
v 0.24361958 -0.2436833 1.5302559
v 0.24361958 -0.2436833 1.5302559
v 0.29838622 -0.17230989 1.5302559
v 0.29838622 -0.17230989 1.5302559
v 0.29838622 -0.17230989 1.5302559
v 0.33281407 -0.08919427 1.4330554
v 0.33281407 -0.08919427 1.4330554
v 0.33281407 -0.08919427 1.4330554
v 0.34895125 -0.2015037 1.4018437
v 0.34895125 -0.2015037 1.4018437
v 0.34895125 -0.2015037 1.4018437
v 0.34895125 -0.2015037 1.4018437
v 0.38921195 -0.10430612 1.4018437
v 0.38921195 -0.10430612 1.4018437
v 0.38921195 -0.10430612 1.4018437
v 0.38921195 -0.10430612 1.4018437
v 0.29838622 -0.17230989 1.4330554
v 0.29838622 -0.17230989 1.4330554
v 0.29838622 -0.17230989 1.4330554
v 0.40294406 -1.5132129E-07 1.5302559
v 0.40294406 -1.5132129E-07 1.5302559
v 0.40294406 -1.5132129E-07 1.5302559
v 0.33281407 -0.08919427 1.5302559
v 0.33281407 -0.08919427 1.5302559
v 0.33281407 -0.08919427 1.5302559
v 0.38921195 -0.10430612 1.5302559
v 0.38921195 -0.10430612 1.5302559
v 0.38921195 -0.10430612 1.5302559
v 0.34455675 -1.5132129E-07 1.5302559
v 0.34455675 -1.5132129E-07 1.5302559
v 0.34455675 -1.5132129E-07 1.5302559
v 0.34455675 -1.5132129E-07 1.4330554
v 0.34455675 -1.5132129E-07 1.4330554
v 0.3892121 0.10430589 1.4018437
v 0.3892121 0.10430589 1.4018437
v 0.3892121 0.10430589 1.4018437
v 0.3892121 0.10430589 1.4018437
v 0.33281422 0.089194275 1.4330554
v 0.33281422 0.089194275 1.4330554
v 0.33281422 0.089194275 1.4330554
v 0.4029442 -1.5132129E-07 1.4018437
v 0.4029442 -1.5132129E-07 1.4018437
v 0.4029442 -1.5132129E-07 1.4018437
v 0.4029442 -1.5132129E-07 1.4018437
v 0.33281422 0.089194275 1.5302559
v 0.33281422 0.089194275 1.5302559
v 0.33281422 0.089194275 1.5302559
v 0.3489514 0.2015037 1.5302559
v 0.3489514 0.2015037 1.5302559
v 0.3489514 0.2015037 1.5302559
v 0.29838637 0.17231004 1.5302559
v 0.29838637 0.17231004 1.5302559
v 0.29838637 0.17231004 1.5302559
v 0.38921195 0.10430589 1.5302559
v 0.38921195 0.10430589 1.5302559
v 0.38921195 0.10430589 1.5302559
v 0.3489514 0.2015037 1.4018437
v 0.3489514 0.2015037 1.4018437
v 0.3489514 0.2015037 1.4018437
v 0.3489514 0.2015037 1.4018437
v 0.24362002 0.24368313 1.4330554
v 0.24362002 0.24368313 1.4330554
v 0.24362002 0.24368313 1.4330554
v 0.29838637 0.17231004 1.4330554
v 0.29838637 0.17231004 1.4330554
v 0.29838637 0.17231004 1.4330554
v 0.28490606 0.2849694 1.4018437
v 0.28490606 0.2849694 1.4018437
v 0.28490606 0.2849694 1.4018437
v 0.28490606 0.2849694 1.4018437
v 0.28490606 0.2849694 1.5302559
v 0.28490606 0.2849694 1.5302559
v 0.28490606 0.2849694 1.5302559
v 0.17224678 0.2984496 1.5302559
v 0.17224678 0.2984496 1.5302559
v 0.17224678 0.2984496 1.5302559
v 0.24362002 0.24368313 1.5302559
v 0.24362002 0.24368313 1.5302559
v 0.24362002 0.24368313 1.5302559
v 0.20144057 0.34901476 1.5302559
v 0.20144057 0.34901476 1.5302559
v 0.20144057 0.34901476 1.5302559
v 0.20144057 0.34901476 1.4018437
v 0.20144057 0.34901476 1.4018437
v 0.20144057 0.34901476 1.4018437
v 0.20144057 0.34901476 1.4018437
v 0.08913101 0.3328775 1.4330554
v 0.08913101 0.3328775 1.4330554
v 0.08913101 0.3328775 1.4330554
v 0.17224678 0.2984496 1.4330554
v 0.17224678 0.2984496 1.4330554
v 0.17224678 0.2984496 1.4330554
v 0.104242854 0.3892753 1.4018437
v 0.104242854 0.3892753 1.4018437
v 0.104242854 0.3892753 1.4018437
v 0.104242854 0.3892753 1.4018437
v -6.317662E-05 0.40300763 1.5302559
v -6.317662E-05 0.40300763 1.5302559
v -6.317662E-05 0.40300763 1.5302559
v 0.08913101 0.3328775 1.5302559
v 0.08913101 0.3328775 1.5302559
v 0.08913101 0.3328775 1.5302559
v 0.104242854 0.3892753 1.5302559
v 0.104242854 0.3892753 1.5302559
v 0.104242854 0.3892753 1.5302559
v -6.317662E-05 0.34462002 1.5302559
v -6.317662E-05 0.34462002 1.5302559
v -6.317662E-05 0.34462002 1.5302559
v -0.089257374 0.33287764 1.4330554
v -0.089257374 0.33287764 1.4330554
v -0.089257374 0.33287764 1.4330554
v -6.317662E-05 0.40300763 1.4018437
v -6.317662E-05 0.40300763 1.4018437
v -6.317662E-05 0.40300763 1.4018437
v -6.317662E-05 0.40300763 1.4018437
v -0.104369074 0.38927567 1.4018437
v -0.104369074 0.38927567 1.4018437
v -0.104369074 0.38927567 1.4018437
v -0.104369074 0.38927567 1.4018437
v -6.317662E-05 0.34462002 1.4330554
v -6.317662E-05 0.34462002 1.4330554
v -6.317662E-05 0.34462002 1.4330554
v -0.2015668 0.3490151 1.5302559
v -0.2015668 0.3490151 1.5302559
v -0.2015668 0.3490151 1.5302559
v -0.089257374 0.33287764 1.5302559
v -0.089257374 0.33287764 1.5302559
v -0.089257374 0.33287764 1.5302559
v -0.104369074 0.38927567 1.5302559
v -0.104369074 0.38927567 1.5302559
v -0.104369074 0.38927567 1.5302559
v -0.17237315 0.29845005 1.5302559
v -0.17237315 0.29845005 1.5302559
v -0.17237315 0.29845005 1.5302559
v -0.17237315 0.29845005 1.4330554
v -0.17237315 0.29845005 1.4330554
v -0.17237315 0.29845005 1.4330554
v -0.28503257 0.28496978 1.4018437
v -0.28503257 0.28496978 1.4018437
v -0.28503257 0.28496978 1.4018437
v -0.28503257 0.28496978 1.4018437
v -0.24374638 0.24368343 1.4330554
v -0.24374638 0.24368343 1.4330554
v -0.24374638 0.24368343 1.4330554
v -0.2015668 0.3490151 1.4018437
v -0.2015668 0.3490151 1.4018437
v -0.2015668 0.3490151 1.4018437
v -0.2015668 0.3490151 1.4018437
v -0.24374638 0.24368343 1.5302559
v -0.24374638 0.24368343 1.5302559
v -0.24374638 0.24368343 1.5302559
v -0.34907794 0.20150423 1.5302559
v -0.34907794 0.20150423 1.5302559
v -0.34907794 0.20150423 1.5302559
v -0.29851288 0.17231049 1.5302559
v -0.29851288 0.17231049 1.5302559
v -0.29851288 0.17231049 1.5302559
v -0.28503257 0.28496978 1.5302559
v -0.28503257 0.28496978 1.5302559
v -0.28503257 0.28496978 1.5302559
v -0.34907794 0.20150423 1.4018437
v -0.34907794 0.20150423 1.4018437
v -0.34907794 0.20150423 1.4018437
v -0.34907794 0.20150423 1.4018437
v -0.33294058 0.08919472 1.4330554
v -0.33294058 0.08919472 1.4330554
v -0.33294058 0.08919472 1.4330554
v -0.29851288 0.17231049 1.4330554
v -0.29851288 0.17231049 1.4330554
v -0.29851288 0.17231049 1.4330554
v -0.3893386 0.104306504 1.4018437
v -0.3893386 0.104306504 1.4018437
v -0.3893386 0.104306504 1.4018437
v -0.3893386 0.104306504 1.4018437
v -0.38933876 0.104306504 1.5302559
v -0.38933876 0.104306504 1.5302559
v -0.38933876 0.104306504 1.5302559
v -0.3446834 1.5132115E-07 1.5302559
v -0.3446834 1.5132115E-07 1.5302559
v -0.3446834 1.5132115E-07 1.5302559
v -0.33294058 0.08919472 1.5302559
v -0.33294058 0.08919472 1.5302559
v -0.33294058 0.08919472 1.5302559
v -0.40307087 1.5132115E-07 1.5302559
v -0.40307087 1.5132115E-07 1.5302559
v -0.40307087 1.5132115E-07 1.5302559
v -0.3446834 1.5132115E-07 1.4330554
v -0.33294076 -0.08919396 1.4330554
v -6.332795E-05 0 1.4330554
v -0.29851303 -0.17230989 1.4330554
v -0.24374655 -0.243683 1.4330554
v -0.17237344 -0.29844946 1.4330554
v -0.08925768 -0.332877 1.4330555
v -6.347927E-05 -0.3446198 1.4330555
v 0.089130715 -0.3328773 1.4330555
v 0.17224647 -0.29844978 1.4330554
v 0.24361958 -0.2436833 1.4330554
v 0.29838622 -0.17230989 1.4330554
v 0.33281407 -0.08919427 1.4330554
v 0.34455675 -1.5132129E-07 1.4330554
v 0.33281422 0.089194275 1.4330554
v 0.29838637 0.17231004 1.4330554
v 0.24362002 0.24368313 1.4330554
v 0.17224678 0.2984496 1.4330554
v 0.08913101 0.3328775 1.4330554
v -6.317662E-05 0.34462002 1.4330554
v -0.089257374 0.33287764 1.4330554
v -0.17237315 0.29845005 1.4330554
v -0.24374638 0.24368343 1.4330554
v -0.29851288 0.17231049 1.4330554
v -0.33294058 0.08919472 1.4330554
vt 0.8305664 0.7998047
vt 0.99609375 0.7998047
vt 0.8305664 0.8729042
vt 0.99609375 0.8729042
vt 0.8461295 0.92053276
vt 0.8466797 0.7998047
vt 0.8466797 0.8729042
vt 0.83251953 0.9214548
vt 0.9940521 0.92074907
vt 0.8606026 0.920961
vt 0.859375 0.7998047
vt 0.859375 0.8729042
vt 0.87396145 0.92071646
vt 0.87402344 0.7998047
vt 0.87402344 0.8729042
vt 0.8876289 0.92095745
vt 0.8876953 0.7998047
vt 0.8876953 0.8729042
vt 0.90185547 0.7998047
vt 0.90185547 0.8729042
vt 0.9017913 0.92071396
vt 0.91503906 0.7998047
vt 0.91503906 0.8729042
vt 0.9149703 0.9209577
vt 0.9291992 0.7998047
vt 0.9291992 0.8729042
vt 0.92913437 0.92073035
vt 0.9438017 0.9207202
vt 0.94189453 0.7998047
vt 0.94189453 0.8729042
vt 0.95654297 0.7998047
vt 0.95654297 0.8729042
vt 0.956361 0.92137945
vt 0.97073644 0.92077476
vt 0.97021484 0.7998047
vt 0.97021484 0.8729042
vt 0.9838867 0.7998047
vt 0.9838867 0.8729042
vt 0.98381555 0.9207104
vt 0.82958984 0.7998047
vt 0.9980469 0.8729042
vt 0.82958984 0.8729042
vt 0.9980469 0.7998047
vt 0.8431955 0.92071676
vt 0.8432617 0.7998047
vt 0.8432617 0.8729042
vt 0.8305664 0.920962
vt 0.99975777 0.9209616
vt 0.8574219 0.7998047
vt 0.8574219 0.8729042
vt 0.8573577 0.9209575
vt 0.87102735 0.9207113
vt 0.87109375 0.7998047
vt 0.87109375 0.8729042
vt 0.8850145 0.92096174
vt 0.88378906 0.7998047
vt 0.88378906 0.8729042
vt 0.8989258 0.7998047
vt 0.8989258 0.8729042
vt 0.89886576 0.92071635
vt 0.9121094 0.7998047
vt 0.9121094 0.8729042
vt 0.9120406 0.9209574
vt 0.92620534 0.92071396
vt 0.92626953 0.7998047
vt 0.92626953 0.8729042
vt 0.93938434 0.9209574
vt 0.9394531 0.7998047
vt 0.9394531 0.8729042
vt 0.9535491 0.92071396
vt 0.9536133 0.7998047
vt 0.9536133 0.8729042
vt 0.96770924 0.9209596
vt 0.96777344 0.7998047
vt 0.96777344 0.8729042
vt 0.9808823 0.92081887
vt 0.98095703 0.7998047
vt 0.98095703 0.8729042
vt 0.9682617 0.8204855
vt 0.9682617 0.8204855
vt 0.9917855 0.82185674
vt 0.82910156 0.7998047
vt 0.99658203 0.7998047
vt 0.9868164 0.81761885
vt 0.8305664 0.81741405
vt 0.9777839 0.8188338
vt 0.9682617 0.81761885
vt 0.9801284 0.8188338
vt 0.9682617 0.81761885
vt 0.9868164 0.8204855
vt 0.8305664 0.82028073
vt 0.98904395 0.82185674
vt 0.8466797 0.7998047
vt 0.9087456 0.8465382
vt 0.8305664 0.80881417
vt 0.98904395 0.8094199
vt 0.9251756 0.8462151
vt 0.8491211 0.80881417
vt 0.9810058 0.8094199
vt 0.92359024 0.8421624
vt 0.97091043 0.8094199
vt 0.8491211 0.80881417
vt 0.9095407 0.8424386
vt 0.8305664 0.80881417
vt 0.9777839 0.8094199
vt 0.86816406 0.81741405
vt 0.86816406 0.81741405
vt 0.9599762 0.8188338
vt 0.8491211 0.81741405
vt 0.97091043 0.8188338
vt 0.8491211 0.81741405
vt 0.86816406 0.82028073
vt 0.86816406 0.82028073
vt 0.96821904 0.82185674
vt 0.87402344 0.7998047
vt 0.8491211 0.82028073
vt 0.8491211 0.82028073
vt 0.9810058 0.82185674
vt 0.859375 0.7998047
vt 0.9437687 0.84619474
vt 0.86816406 0.80881417
vt 0.96821904 0.8094199
vt 0.9601973 0.8458718
vt 0.88720703 0.80881417
vt 0.9515549 0.8094199
vt 0.95861185 0.8418187
vt 0.9457263 0.8094199
vt 0.88720703 0.80881417
vt 0.9445634 0.8420948
vt 0.86816406 0.80881417
vt 0.9599762 0.8094199
vt 0.9057617 0.81741405
vt 0.9057617 0.81741405
vt 0.9291321 0.8188338
vt 0.88720703 0.82028073
vt 0.88720703 0.82028073
vt 0.9515549 0.82185674
vt 0.8876953 0.7998047
vt 0.9057617 0.82028073
vt 0.9057617 0.82028073
vt 0.9321492 0.82185674
vt 0.90185547 0.7998047
vt 0.88720703 0.81741405
vt 0.9457263 0.8188338
vt 0.88720703 0.81741405
vt 0.95879453 0.8461777
vt 0.91132426 0.8094199
vt 0.9248047 0.80881417
vt 0.9447468 0.84645414
vt 0.9057617 0.80881417
vt 0.9291321 0.8094199
vt 0.94395167 0.8505543
vt 0.9057617 0.80881417
vt 0.9321492 0.8094199
vt 0.9603794 0.850231
vt 0.9248047 0.80881417
vt 0.91132426 0.8094199
vt 0.94384766 0.82028073
vt 0.94384766 0.82028073
vt 0.89049935 0.82185674
vt 0.9291992 0.7998047
vt 0.9248047 0.81741405
vt 0.91132426 0.8188338
vt 0.9248047 0.81741405
vt 0.9248047 0.82028073
vt 0.9248047 0.82028073
vt 0.91132426 0.82185674
vt 0.91503906 0.7998047
vt 0.94384766 0.81741405
vt 0.94384766 0.81741405
vt 0.89351654 0.8188338
vt 0.9266899 0.8506616
vt 0.94384766 0.80881417
vt 0.89049935 0.8094199
vt 0.9415337 0.8462845
vt 0.87692225 0.8094199
vt 0.96240234 0.80881417
vt 0.92748564 0.84656143
vt 0.94384766 0.80881417
vt 0.89351654 0.8094199
vt 0.9431179 0.85033774
vt 0.96240234 0.80881417
vt 0.87109375 0.8094199
vt 0.96240234 0.82028073
vt 0.96240234 0.82028073
vt 0.87109375 0.82185674
vt 0.94091797 0.7998047
vt 0.9814453 0.820895
vt 0.8339844 0.82251894
vt 0.95654297 0.7998047
vt 0.96240234 0.81741405
vt 0.87692225 0.8188338
vt 0.96240234 0.81741405
vt 0.9814453 0.81741405
vt 0.9814453 0.81741405
vt 0.90903956 0.85092425
vt 0.9814453 0.80881417
vt 0.8339863 0.80989635
vt 0.92551214 0.85060006
vt 0.84164286 0.8094199
vt 0.84438986 0.80989635
vt 0.90987897 0.8468243
vt 0.9814453 0.80881417
vt 0.9814453 0.80881417
vt 0.92392796 0.8465472
vt 0.8517382 0.8094199
vt 1.0004883 0.80881417
vt 0.93066406 0.81741405
vt 0.93066406 0.81741405
vt 0.8448647 0.8188338
vt 0.9121094 0.82028073
vt 0.84164286 0.82185674
vt 0.84438986 0.8217726
vt 0.9692383 0.7998047
vt 0.93066406 0.82028073
vt 0.93066406 0.82028073
vt 0.8336047 0.82185674
vt 0.9838867 0.7998047
vt 0.9121094 0.81741405
vt 0.8517382 0.8188338
vt 1.0004883 0.81741405
vt 0.92462623 0.8507061
vt 0.94970703 0.80881417
vt 0.8300781 0.80881417
vt 0.9089917 0.8469302
vt 0.93066406 0.80881417
vt 0.8448647 0.8094199
vt 0.90819603 0.85102975
vt 0.93066406 0.80881417
vt 0.8336047 0.8094199
vt 0.9230415 0.84665346
vt 0.8300781 0.80881417
vt 0.94970703 0.80881417
vt 0.8300781 0.81761885
vt 0.94970703 0.81741405
vt 0.8486328 0.8204855
vt 0.8486328 0.8204855
vt 0.8336047 0.82185674
vt 0.8432617 0.7998047
vt 0.8486328 0.81761885
vt 0.8486328 0.81761885
vt 0.8448647 0.8188338
vt 0.8300781 0.8204855
vt 0.94970703 0.82028073
vt 0.9980469 0.7998047
vt 0.82958984 0.7998047
vt 0.9112671 0.83778787
vt 0.8486328 0.80881417
vt 0.8448647 0.8094199
vt 0.926902 0.84156436
vt 0.8676758 0.80881417
vt 0.84164286 0.8094199
vt 0.92531663 0.8375116
vt 0.8517382 0.8094199
vt 0.8676758 0.80881417
vt 0.9104721 0.8418874
vt 0.8486328 0.80881417
vt 0.8336047 0.8094199
vt 0.8676758 0.8204855
vt 0.8676758 0.8204855
vt 0.84164286 0.82185674
vt 0.8564453 0.7998047
vt 0.88671875 0.81761885
vt 0.88671875 0.81761885
vt 0.86267245 0.8188338
vt 0.8676758 0.81761885
vt 0.8517382 0.8188338
vt 0.8676758 0.81761885
vt 0.88671875 0.8204855
vt 0.88671875 0.8204855
vt 0.8544296 0.82185674
vt 0.87109375 0.7998047
vt 0.9072619 0.85500026
vt 0.88671875 0.80881417
vt 0.8544296 0.8094199
vt 0.9228944 0.8512243
vt 0.87692225 0.8094199
vt 0.90527344 0.80881417
vt 0.9088461 0.8509472
vt 0.88671875 0.80881417
vt 0.86267245 0.8094199
vt 0.9236905 0.8553243
vt 0.90527344 0.80881417
vt 0.87109363 0.8094199
vt 0.90527344 0.8204855
vt 0.90527344 0.8204855
vt 0.87109363 0.82185674
vt 0.88378906 0.7998047
vt 0.9243164 0.81761885
vt 0.9243164 0.81761885
vt 0.89351654 0.8188338
vt 0.90527344 0.81761885
vt 0.87692225 0.8188338
vt 0.90527344 0.81761885
vt 0.9243164 0.8204855
vt 0.9243164 0.8204855
vt 0.89049935 0.82185674
vt 0.8989258 0.7998047
vt 0.94372416 0.83800954
vt 0.9433594 0.80881417
vt 0.91132426 0.8094199
vt 0.92809147 0.8342327
vt 0.9243164 0.80881417
vt 0.89351654 0.8094199
vt 0.92729634 0.8383328
vt 0.9243164 0.80881417
vt 0.89049935 0.8094199
vt 0.9421392 0.83395624
vt 0.91132426 0.8094199
vt 0.9433594 0.80881417
vt 0.96191406 0.81761885
vt 0.96191406 0.81761885
vt 0.9291321 0.8188338
vt 0.9433594 0.8204855
vt 0.9433594 0.8204855
vt 0.91132426 0.82185674
vt 0.9121094 0.7998047
vt 0.96191406 0.8204855
vt 0.96191406 0.8204855
vt 0.9321492 0.82185674
vt 0.92626953 0.7998047
vt 0.9433594 0.81761885
vt 0.91132426 0.8188338
vt 0.9433594 0.81761885
vt 0.95959014 0.854419
vt 0.98095703 0.80881417
vt 0.9515549 0.8094199
vt 0.9447473 0.8500427
vt 0.96191406 0.80881417
vt 0.9291321 0.8094199
vt 0.9431621 0.85409594
vt 0.96191406 0.80881417
vt 0.9321492 0.8094199
vt 0.95879537 0.85031897
vt 0.9457263 0.8094199
vt 0.98095703 0.80881417
vt 0.98095703 0.81761885
vt 0.9457263 0.8188338
vt 0.98095703 0.81761885
vt 1 0.8204855
vt 0.9116211 0.8204855
vt 0.9682189 0.82185674
vt 0.9536133 0.7998047
vt 1 0.81761885
vt 0.9116211 0.81761885
vt 0.9599761 0.8188338
vt 0.98095703 0.8204855
vt 0.98095703 0.8204855
vt 0.9515549 0.82185674
vt 0.93896484 0.7998047
vt 0.92604464 0.8384078
vt 0.9116211 0.80881417
vt 0.9599761 0.8094199
vt 0.94167775 0.8421836
vt 0.9301758 0.80881417
vt 0.9810058 0.8094199
vt 0.9400936 0.8381307
vt 0.9709103 0.8094199
vt 0.9301758 0.80881417
vt 0.9252485 0.8425076
vt 0.9116211 0.80881417
vt 0.9682189 0.8094199
vt 0.9301758 0.8204855
vt 0.9301758 0.8204855
vt 0.9810058 0.82185674
vt 0.96728516 0.7998047
vt 0.94921875 0.81761885
vt 0.94921875 0.81761885
vt 0.9777839 0.8188338
vt 0.9301758 0.81761885
vt 0.9709103 0.8188338
vt 0.9301758 0.81761885
vt 0.94921875 0.8204855
vt 0.94921875 0.8204855
vt 0.98904395 0.82185674
vt 0.98046875 0.7998047
vt 0.9263403 0.8462554
vt 0.94921875 0.80881417
vt 0.98904395 0.8094199
vt 0.9411859 0.8418791
vt 0.9801284 0.8094199
vt 0.9682617 0.80881417
vt 0.92713606 0.8421559
vt 0.94921875 0.80881417
vt 0.9777839 0.8094199
vt 0.9427706 0.8459318
vt 0.9682617 0.80881417
vt 0.9917855 0.8094199
vt 0.7615692 0.74906975
vt 0.7455521 0.75117844
vt 0.7615692 0.8109549
vt 0.7306266 0.75736076
vt 0.71780974 0.76719546
vt 0.70797503 0.7800123
vt 0.70179266 0.79493785
vt 0.69968396 0.8109549
vt 0.70179266 0.826972
vt 0.70797503 0.84189755
vt 0.71780974 0.8547144
vt 0.7306266 0.86454904
vt 0.7455521 0.8707315
vt 0.7615692 0.87284017
vt 0.7775863 0.8707315
vt 0.7925118 0.8645491
vt 0.80532867 0.8547144
vt 0.8151633 0.84189755
vt 0.82134575 0.826972
vt 0.82345444 0.8109549
vt 0.82134575 0.7949379
vt 0.8151634 0.78001237
vt 0.80532867 0.7671955
vt 0.7925118 0.7573608
vt 0.7775863 0.75117844
f 1391/1391 1093/1093 1400/1400
f 1093/1093 1391/1391 1387/1387
f 1393/1393 1390/1390 1399/1399
f 1390/1390 1393/1393 1396/1396
f 1130/1130 1108/1108 1104/1104
f 1108/1108 1130/1130 1111/1111
f 1097/1097 1092/1092 1103/1103
f 1092/1092 1097/1097 1100/1100
f 1109/1109 1099/1099 1105/1105
f 1099/1099 1109/1109 1118/1118
f 1392/1392 1382/1382 1388/1388
f 1382/1382 1392/1392 1398/1398
f 1401/1401 1101/1101 1394/1394
f 1401/1401 1094/1094 1101/1101
f 1380/1380 1376/1376 1386/1386
f 1376/1376 1380/1380 1383/1383
f 1381/1381 1395/1395 1102/1102
f 1395/1395 1381/1381 1397/1397
f 1107/1107 1113/1113 1116/1116
f 1107/1107 1110/1110 1113/1113
f 1374/1374 1377/1377 1368/1368
f 1377/1377 1374/1374 1354/1354
f 1115/1115 1098/1098 1117/1117
f 1098/1098 1115/1115 1124/1124
f 1112/1112 1123/1123 1114/1114
f 1112/1112 1131/1131 1123/1123
f 1369/1369 1384/1384 1371/1371
f 1369/1369 1378/1378 1384/1384
f 1364/1364 1367/1367 1370/1370
f 1367/1367 1364/1364 1373/1373
f 1358/1358 1372/1372 1385/1385
f 1372/1372 1358/1358 1365/1365
f 1135/1135 1121/1121 1127/1127
f 1121/1121 1135/1135 1144/1144
f 1375/1375 1359/1359 1355/1355
f 1359/1359 1375/1375 1366/1366
f 1126/1126 1137/1137 1134/1134
f 1137/1137 1126/1126 1149/1149
f 1350/1350 1353/1353 1357/1357
f 1353/1353 1350/1350 1360/1360
f 1141/1141 1120/1120 1143/1143
f 1120/1120 1141/1141 1158/1158
f 1138/1138 1157/1157 1140/1140
f 1138/1138 1150/1150 1157/1157
f 1340/1340 1351/1351 1348/1348
f 1340/1340 1362/1362 1351/1351
f 1345/1345 1361/1361 1339/1339
f 1361/1361 1345/1345 1332/1332
f 1148/1148 1145/1145 1156/1156
f 1145/1145 1148/1148 1152/1152
f 1341/1341 1338/1338 1347/1347
f 1338/1338 1341/1341 1344/1344
f 1325/1325 1349/1349 1352/1352
f 1349/1349 1325/1325 1342/1342
f 1167/1167 1147/1147 1154/1154
f 1147/1147 1167/1167 1164/1164
f 1346/1346 1326/1326 1333/1333
f 1326/1326 1346/1346 1343/1343
f 1179/1179 1166/1166 1153/1153
f 1166/1166 1179/1179 1169/1169
f 1324/1324 1327/1327 1331/1331
f 1327/1327 1324/1324 1335/1335
f 1163/1163 1177/1177 1146/1146
f 1163/1163 1161/1161 1177/1177
f 1159/1159 1165/1165 1168/1168
f 1159/1159 1162/1162 1165/1165
f 1170/1170 1176/1176 1160/1160
f 1170/1170 1180/1180 1176/1176
f 1314/1314 1336/1336 1322/1322
f 1314/1314 1329/1329 1336/1336
f 1303/1303 1323/1323 1337/1337
f 1323/1323 1303/1303 1316/1316
f 1315/1315 1312/1312 1321/1321
f 1312/1312 1315/1315 1318/1318
f 1171/1171 1175/1175 1178/1178
f 1175/1175 1171/1171 1182/1182
f 1319/1319 1328/1328 1313/1313
f 1328/1328 1319/1319 1309/1309
f 1184/1184 1187/1187 1193/1193
f 1187/1187 1184/1184 1173/1173
f 1304/1304 1320/1320 1317/1317
f 1320/1320 1304/1304 1310/1310
f 1190/1190 1183/1183 1192/1192
f 1183/1183 1190/1190 1206/1206
f 1185/1185 1188/1188 1191/1191
f 1188/1188 1185/1185 1194/1194
f 1302/1302 1298/1298 1308/1308
f 1298/1298 1302/1302 1305/1305
f 1198/1198 1186/1186 1172/1172
f 1186/1186 1198/1198 1195/1195
f 1196/1196 1205/1205 1189/1189
f 1196/1196 1199/1199 1205/1205
f 1297/1297 1306/1306 1290/1290
f 1297/1297 1300/1300 1306/1306
f 1277/1277 1291/1291 1307/1307
f 1291/1291 1277/1277 1293/1293
f 1289/1289 1286/1286 1295/1295
f 1286/1286 1289/1289 1292/1292
f 1287/1287 1299/1299 1296/1296
f 1299/1299 1287/1287 1283/1283
f 1278/1278 1288/1288 1294/1294
f 1288/1288 1278/1278 1284/1284
f 1216/1216 1234/1234 1208/1208
f 1216/1216 1220/1220 1234/1234
f 1276/1276 1272/1272 1282/1282
f 1272/1272 1276/1276 1279/1279
f 1226/1226 1211/1211 1202/1202
f 1211/1211 1226/1226 1214/1214
f 1254/1254 1268/1268 1281/1281
f 1268/1268 1254/1254 1261/1261
f 1213/1213 1233/1233 1219/1219
f 1213/1213 1225/1225 1233/1233
f 1265/1265 1280/1280 1267/1267
f 1265/1265 1274/1274 1280/1280
f 1224/1224 1221/1221 1232/1232
f 1221/1221 1224/1224 1228/1228
f 1260/1260 1263/1263 1266/1266
f 1263/1263 1260/1260 1269/1269
f 1246/1246 1222/1222 1239/1239
f 1222/1222 1246/1246 1248/1248
f 1223/1223 1243/1243 1240/1240
f 1243/1243 1223/1223 1230/1230
f 1255/1255 1271/1271 1262/1262
f 1271/1271 1255/1255 1251/1251
f 1238/1238 1235/1235 1244/1244
f 1235/1235 1238/1238 1241/1241
f 1270/1270 1273/1273 1264/1264
f 1273/1273 1270/1270 1250/1250
f 1257/1257 1242/1242 1229/1229
f 1242/1242 1257/1257 1236/1236
f 1129/1129 1125/1125 1122/1122
f 1119/1119 1122/1122 1125/1125
f 1139/1139 1142/1142 1133/1133
f 1133/1133 1136/1136 1139/1139
f 1209/1209 1212/1212 1215/1215
f 1212/1212 1218/1218 1215/1215
f 1090/1090 1022/1022 1015/1015
f 1022/1022 1090/1090 1089/1089
f 1087/1087 1089/1089 1090/1090
f 1089/1089 1087/1087 1086/1086
f 1084/1084 1086/1086 1087/1087
f 1086/1086 1084/1084 1083/1083
f 1081/1081 1083/1083 1084/1084
f 1083/1083 1081/1081 1080/1080
f 1078/1078 1080/1080 1081/1081
f 1080/1080 1078/1078 1077/1077
f 1074/1074 1077/1077 1078/1078
f 1077/1077 1074/1074 1076/1076
f 1074/1074 1073/1073 1076/1076
f 1073/1073 1074/1074 1071/1071
f 1071/1071 1068/1068 1073/1073
f 1068/1068 1071/1071 1069/1069
f 1066/1066 1068/1068 1069/1069
f 1068/1068 1066/1066 1065/1065
f 1062/1062 1065/1065 1066/1066
f 1065/1065 1062/1062 1064/1064
f 1062/1062 1057/1057 1064/1064
f 1057/1057 1062/1062 1058/1058
f 1053/1053 1057/1057 1058/1058
f 1057/1057 1053/1053 1060/1060
f 1018/1018 1014/1014 1021/1021
f 1014/1014 1018/1018 1019/1019
f 1023/1023 1019/1019 1018/1018
f 1019/1019 1023/1023 1024/1024
f 1026/1026 1024/1024 1023/1023
f 1024/1024 1026/1026 1027/1027
f 1029/1029 1027/1027 1026/1026
f 1027/1027 1029/1029 1030/1030
f 1029/1029 1032/1032 1030/1030
f 1032/1032 1029/1029 1034/1034
f 1034/1034 1035/1035 1032/1032
f 1035/1035 1034/1034 1037/1037
f 1037/1037 1038/1038 1035/1035
f 1038/1038 1037/1037 1040/1040
f 1041/1041 1038/1038 1040/1040
f 1038/1038 1041/1041 1042/1042
f 1042/1042 1041/1041 1044/1044
f 1044/1044 1041/1041 1046/1046
f 1047/1047 1044/1044 1046/1046
f 1044/1044 1047/1047 1048/1048
f 1047/1047 1050/1050 1048/1048
f 1050/1050 1047/1047 1052/1052
f 1061/1061 1050/1050 1052/1052
f 1050/1050 1061/1061 1056/1056
f 1096/1096 1091/1091 1017/1017
f 1091/1091 1096/1096 1389/1389
f 1389/1389 1088/1088 1091/1091
f 1379/1379 1088/1088 1389/1389
f 1379/1379 1085/1085 1088/1088
f 1356/1356 1085/1085 1379/1379
f 1363/1363 1085/1085 1356/1356
f 1085/1085 1363/1363 1082/1082
f 1363/1363 1079/1079 1082/1082
f 1079/1079 1363/1363 1334/1334
f 1330/1330 1079/1079 1334/1334
f 1079/1079 1330/1330 1075/1075
f 1311/1311 1075/1075 1330/1330
f 1075/1075 1311/1311 1072/1072
f 1311/1311 1070/1070 1072/1072
f 1070/1070 1311/1311 1301/1301
f 1285/1285 1070/1070 1301/1301
f 1070/1070 1285/1285 1067/1067
f 1285/1285 1063/1063 1067/1067
f 1275/1275 1063/1063 1285/1285
f 1275/1275 1059/1059 1063/1063
f 1252/1252 1059/1059 1275/1275
f 1259/1259 1059/1059 1252/1252
f 1059/1059 1259/1259 1055/1055
f 1207/1207 1210/1210 1217/1217
f 1210/1210 1207/1207 1201/1201
f 1201/1201 1207/1207 1204/1204
f 1197/1197 1201/1201 1204/1204
f 1095/1095 1016/1016 1106/1106
f 1106/1106 1016/1016 1020/1020
f 1106/1106 1020/1020 1132/1132
f 1132/1132 1020/1020 1025/1025
f 1132/1132 1025/1025 1128/1128
f 1128/1128 1025/1025 1028/1028
f 1128/1128 1028/1028 1151/1151
f 1151/1151 1028/1028 1031/1031
f 1031/1031 1155/1155 1151/1151
f 1155/1155 1031/1031 1033/1033
f 1155/1155 1033/1033 1181/1181
f 1181/1181 1033/1033 1036/1036
f 1181/1181 1036/1036 1174/1174
f 1174/1174 1036/1036 1039/1039
f 1043/1043 1174/1174 1039/1039
f 1174/1174 1043/1043 1200/1200
f 1200/1200 1043/1043 1203/1203
f 1203/1203 1043/1043 1045/1045
f 1049/1049 1203/1203 1045/1045
f 1203/1203 1049/1049 1227/1227
f 1227/1227 1049/1049 1231/1231
f 1231/1231 1049/1049 1051/1051
f 1231/1231 1051/1051 1054/1054
f 1054/1054 1258/1258 1231/1231
f 1247/1247 1249/1249 1253/1253
f 1249/1249 1247/1247 1256/1256
f 1237/1237 1256/1256 1247/1247
f 1237/1237 1247/1247 1245/1245
f 1402/1402 1403/1403 1404/1404
f 1426/1426 1402/1402 1404/1404
f 1403/1403 1405/1405 1404/1404
f 1425/1425 1426/1426 1404/1404
f 1405/1405 1406/1406 1404/1404
f 1424/1424 1425/1425 1404/1404
f 1406/1406 1407/1407 1404/1404
f 1423/1423 1424/1424 1404/1404
f 1407/1407 1408/1408 1404/1404
f 1422/1422 1423/1423 1404/1404
f 1408/1408 1409/1409 1404/1404
f 1421/1421 1422/1422 1404/1404
f 1409/1409 1410/1410 1404/1404
f 1420/1420 1421/1421 1404/1404
f 1410/1410 1411/1411 1404/1404
f 1419/1419 1420/1420 1404/1404
f 1411/1411 1412/1412 1404/1404
f 1418/1418 1419/1419 1404/1404
f 1412/1412 1413/1413 1404/1404
f 1417/1417 1418/1418 1404/1404
f 1413/1413 1414/1414 1404/1404
f 1416/1416 1417/1417 1404/1404
f 1414/1414 1415/1415 1404/1404
f 1415/1415 1416/1416 1404/1404
o mi_aserai_tower_3.lod3
v -0.40307087 1.5132115E-07 0.69416046
v -0.40307087 1.5132115E-07 0.69416046
v -0.40307087 1.5132115E-07 0.69416046
v -0.40307087 1.5132115E-07 0.69416046
v -0.38933855 -0.10430579 -0.47755298
v -0.38933876 -0.10430581 0.69416046
v -0.38933876 -0.10430581 0.69416046
v -0.40307066 1.716033E-07 -0.47755298
v -0.40307066 1.716033E-07 -0.47755298
v -0.3490781 -0.20150337 -0.47755298
v -0.34907824 -0.2015037 0.69416046
v -0.34907824 -0.2015037 0.69416046
v -0.28503272 -0.284969 -0.47755298
v -0.28503272 -0.28496903 0.69416046
v -0.28503272 -0.28496903 0.69416046
v -0.2015671 -0.3490146 -0.47755295
v -0.2015671 -0.34901467 0.69416046
v -0.2015671 -0.34901467 0.69416046
v -0.10436952 -0.3892752 0.69416046
v -0.10436952 -0.3892752 0.69416046
v -0.104369365 -0.3892752 -0.47755295
v -6.347927E-05 -0.40300763 0.69416046
v -6.347927E-05 -0.40300763 0.69416046
v -6.347927E-05 -0.40300763 -0.47755295
v 0.10424256 -0.3892752 0.69416046
v 0.10424256 -0.3892752 0.69416046
v 0.10424257 -0.3892752 -0.47755295
v 0.20144029 -0.3490146 -0.4775529
v 0.20144029 -0.34901467 0.6941606
v 0.20144029 -0.34901467 0.6941606
v 0.28477925 -0.28505072 0.6901254
v 0.28477925 -0.28505072 0.6901254
v 0.2849059 -0.2849693 -0.4775529
v 0.3489514 -0.20150368 -0.4775529
v 0.34895125 -0.2015037 0.6941605
v 0.34895125 -0.2015037 0.6941605
v 0.38921195 -0.10430612 0.6941605
v 0.38921195 -0.10430612 0.6941605
v 0.38921198 -0.104306094 -0.4775529
v 0.40300745 -0.0023129454 0.6941605
v 0.40300745 -0.0023129454 0.6941605
v 0.40300745 -0.0023129454 0.6941605
v 0.40300745 -0.0023129454 0.6941605
v 0.38921213 0.10430592 -0.4775529
v 0.3892121 0.10430589 0.6941605
v 0.3892121 0.10430589 0.6941605
v 0.4030709 -0.0046259463 -0.4775529
v 0.4030709 -0.0046259463 -0.4775529
v 0.34895155 0.2015037 0.6941605
v 0.34895155 0.2015037 0.6941605
v 0.3489516 0.20150372 -0.47755295
v 0.2849062 0.2849691 -0.47755295
v 0.2849062 0.2849694 0.6941605
v 0.2849062 0.2849694 0.6941605
v 0.20144074 0.34901482 -0.47755295
v 0.20144074 0.34901476 0.6941605
v 0.20144074 0.34901476 0.6941605
v 0.10424301 0.3892753 0.69416046
v 0.10424301 0.3892753 0.69416046
v 0.10424301 0.38927534 -0.47755295
v -6.3025305E-05 0.40300763 0.69416046
v -6.3025305E-05 0.40300763 0.69416046
v -6.3025305E-05 0.40300763 -0.47755298
v -0.104369074 0.3892755 -0.47755298
v -0.104369074 0.38927567 0.69416046
v -0.104369074 0.38927567 0.69416046
v -0.20156665 0.34901512 -0.47755298
v -0.2015668 0.3490151 0.69416046
v -0.2015668 0.3490151 0.69416046
v -0.28503242 0.28496978 -0.47755298
v -0.28503242 0.28496978 0.69416046
v -0.28503242 0.28496978 0.69416046
v -0.34907794 0.20150425 -0.47755298
v -0.34907794 0.20150423 0.69416046
v -0.34907794 0.20150423 0.69416046
v -0.38933855 0.10430653 -0.47755298
v -0.3893386 0.104306504 0.69416046
v -0.3893386 0.104306504 0.69416046
v -0.40307087 1.5132115E-07 1.4018437
v -0.40307087 1.5132115E-07 1.4018437
v -0.40307087 1.5132115E-07 1.4018437
v -0.40307087 1.5132115E-07 1.4018437
v -0.40307087 1.5132115E-07 1.4018437
v -0.33294076 -0.08919396 1.4330554
v -0.33294076 -0.08919396 1.4330554
v -0.33294076 -0.08919396 1.4330554
v -0.3446834 1.5132115E-07 1.4330554
v -0.3446834 1.5132115E-07 1.4330554
v -0.3446834 1.5132115E-07 1.4330554
v -0.38933876 -0.10430581 1.4018437
v -0.38933876 -0.10430581 1.4018437
v -0.38933876 -0.10430581 1.4018437
v -0.38933876 -0.10430581 1.4018437
v -0.38933876 -0.10430581 1.5302559
v -0.38933876 -0.10430581 1.5302559
v -0.38933876 -0.10430581 1.5302559
v -0.34907824 -0.2015037 1.5302559
v -0.34907824 -0.2015037 1.5302559
v -0.34907824 -0.2015037 1.5302559
v -0.29851303 -0.17230989 1.5302559
v -0.29851303 -0.17230989 1.5302559
v -0.29851303 -0.17230989 1.5302559
v -0.33294076 -0.08919396 1.5302559
v -0.33294076 -0.08919396 1.5302559
v -0.33294076 -0.08919396 1.5302559
v -0.24374655 -0.243683 1.4330554
v -0.24374655 -0.243683 1.4330554
v -0.24374655 -0.243683 1.4330554
v -0.29851303 -0.17230989 1.4330554
v -0.29851303 -0.17230989 1.4330554
v -0.29851303 -0.17230989 1.4330554
v -0.28503272 -0.28496903 1.4018437
v -0.28503272 -0.28496903 1.4018437
v -0.28503272 -0.28496903 1.4018437
v -0.28503272 -0.28496903 1.4018437
v -0.34907824 -0.2015037 1.4018437
v -0.34907824 -0.2015037 1.4018437
v -0.34907824 -0.2015037 1.4018437
v -0.34907824 -0.2015037 1.4018437
v -0.28503287 -0.28496903 1.5302559
v -0.28503287 -0.28496903 1.5302559
v -0.28503287 -0.28496903 1.5302559
v -0.2015671 -0.34901467 1.5302559
v -0.2015671 -0.34901467 1.5302559
v -0.2015671 -0.34901467 1.5302559
v -0.17237344 -0.29844946 1.5302559
v -0.17237344 -0.29844946 1.5302559
v -0.17237344 -0.29844946 1.5302559
v -0.2437467 -0.243683 1.5302559
v -0.2437467 -0.243683 1.5302559
v -0.2437467 -0.243683 1.5302559
v -0.08925768 -0.332877 1.4330555
v -0.08925768 -0.332877 1.4330555
v -0.08925768 -0.332877 1.4330555
v -0.2015671 -0.34901467 1.4018437
v -0.2015671 -0.34901467 1.4018437
v -0.2015671 -0.34901467 1.4018437
v -0.2015671 -0.34901467 1.4018437
v -0.10436952 -0.3892752 1.4018437
v -0.10436952 -0.3892752 1.4018437
v -0.10436952 -0.3892752 1.4018437
v -0.10436952 -0.3892752 1.4018437
v -0.17237344 -0.29844946 1.4330554
v -0.17237344 -0.29844946 1.4330554
v -0.17237344 -0.29844946 1.4330554
v -6.347927E-05 -0.3446198 1.5302559
v -6.347927E-05 -0.3446198 1.5302559
v -6.347927E-05 -0.3446198 1.5302559
v -0.08925768 -0.332877 1.5302559
v -0.08925768 -0.332877 1.5302559
v -0.08925768 -0.332877 1.5302559
v -0.10436952 -0.3892752 1.5302559
v -0.10436952 -0.3892752 1.5302559
v -0.10436952 -0.3892752 1.5302559
v -6.3630585E-05 -0.40300763 1.5302559
v -6.3630585E-05 -0.40300763 1.5302559
v -6.3630585E-05 -0.40300763 1.5302559
v 0.10424241 -0.3892752 1.4018437
v 0.10424241 -0.3892752 1.4018437
v 0.10424241 -0.3892752 1.4018437
v 0.10424241 -0.3892752 1.4018437
v -6.347927E-05 -0.3446198 1.4330555
v -6.347927E-05 -0.3446198 1.4330555
v -6.347927E-05 -0.3446198 1.4330555
v -6.3630585E-05 -0.40300763 1.4018437
v -6.3630585E-05 -0.40300763 1.4018437
v -6.3630585E-05 -0.40300763 1.4018437
v -6.3630585E-05 -0.40300763 1.4018437
v 0.089130715 -0.3328773 1.4330555
v 0.089130715 -0.3328773 1.4330555
v 0.089130715 -0.3328773 1.4330555
v 0.10424241 -0.3892752 1.5302559
v 0.10424241 -0.3892752 1.5302559
v 0.10424241 -0.3892752 1.5302559
v 0.17224647 -0.29844978 1.5302559
v 0.17224647 -0.29844978 1.5302559
v 0.17224647 -0.29844978 1.5302559
v 0.089130715 -0.3328773 1.5302559
v 0.089130715 -0.3328773 1.5302559
v 0.089130715 -0.3328773 1.5302559
v 0.20144029 -0.34901467 1.5302559
v 0.20144029 -0.34901467 1.5302559
v 0.20144029 -0.34901467 1.5302559
v 0.20144029 -0.34901467 1.4018438
v 0.20144029 -0.34901467 1.4018438
v 0.20144029 -0.34901467 1.4018438
v 0.20144029 -0.34901467 1.4018438
v 0.28465244 -0.28513214 1.3937738
v 0.28465244 -0.28513214 1.3937738
v 0.28465244 -0.28513214 1.3937738
v 0.17224647 -0.29844978 1.4330554
v 0.17224647 -0.29844978 1.4330554
v 0.17224647 -0.29844978 1.4330554
v 0.24361958 -0.2436833 1.4330554
v 0.24361958 -0.2436833 1.4330554
v 0.28473008 -0.28518268 1.530256
v 0.28473008 -0.28518268 1.530256
v 0.28473008 -0.28518268 1.530256
v 0.34895125 -0.2015037 1.5302559
v 0.34895125 -0.2015037 1.5302559
v 0.34895125 -0.2015037 1.5302559
v 0.24361958 -0.2436833 1.5302559
v 0.24361958 -0.2436833 1.5302559
v 0.24361958 -0.2436833 1.5302559
v 0.29838622 -0.17230989 1.5302559
v 0.29838622 -0.17230989 1.5302559
v 0.29838622 -0.17230989 1.5302559
v 0.33281407 -0.08919427 1.4330554
v 0.33281407 -0.08919427 1.4330554
v 0.33281407 -0.08919427 1.4330554
v 0.34895125 -0.2015037 1.4018437
v 0.34895125 -0.2015037 1.4018437
v 0.34895125 -0.2015037 1.4018437
v 0.34895125 -0.2015037 1.4018437
v 0.38921195 -0.10430612 1.4018437
v 0.38921195 -0.10430612 1.4018437
v 0.38921195 -0.10430612 1.4018437
v 0.38921195 -0.10430612 1.4018437
v 0.29838622 -0.17230989 1.4330554
v 0.29838622 -0.17230989 1.4330554
v 0.29838622 -0.17230989 1.4330554
v 0.40294406 -1.5132129E-07 1.5302559
v 0.40294406 -1.5132129E-07 1.5302559
v 0.40294406 -1.5132129E-07 1.5302559
v 0.33281407 -0.08919427 1.5302559
v 0.33281407 -0.08919427 1.5302559
v 0.33281407 -0.08919427 1.5302559
v 0.38921195 -0.10430612 1.5302559
v 0.38921195 -0.10430612 1.5302559
v 0.38921195 -0.10430612 1.5302559
v 0.34455675 -1.5132129E-07 1.5302559
v 0.34455675 -1.5132129E-07 1.5302559
v 0.34455675 -1.5132129E-07 1.5302559
v 0.34455675 -1.5132129E-07 1.4330554
v 0.34455675 -1.5132129E-07 1.4330554
v 0.3892121 0.10430589 1.4018437
v 0.3892121 0.10430589 1.4018437
v 0.3892121 0.10430589 1.4018437
v 0.3892121 0.10430589 1.4018437
v 0.33281422 0.089194275 1.4330554
v 0.33281422 0.089194275 1.4330554
v 0.33281422 0.089194275 1.4330554
v 0.4029442 -1.5132129E-07 1.4018437
v 0.4029442 -1.5132129E-07 1.4018437
v 0.4029442 -1.5132129E-07 1.4018437
v 0.4029442 -1.5132129E-07 1.4018437
v 0.33281422 0.089194275 1.5302559
v 0.33281422 0.089194275 1.5302559
v 0.33281422 0.089194275 1.5302559
v 0.3489514 0.2015037 1.5302559
v 0.3489514 0.2015037 1.5302559
v 0.3489514 0.2015037 1.5302559
v 0.29838637 0.17231004 1.5302559
v 0.29838637 0.17231004 1.5302559
v 0.29838637 0.17231004 1.5302559
v 0.38921195 0.10430589 1.5302559
v 0.38921195 0.10430589 1.5302559
v 0.38921195 0.10430589 1.5302559
v 0.3489514 0.2015037 1.4018437
v 0.3489514 0.2015037 1.4018437
v 0.3489514 0.2015037 1.4018437
v 0.3489514 0.2015037 1.4018437
v 0.24362002 0.24368313 1.4330554
v 0.24362002 0.24368313 1.4330554
v 0.24362002 0.24368313 1.4330554
v 0.29838637 0.17231004 1.4330554
v 0.29838637 0.17231004 1.4330554
v 0.29838637 0.17231004 1.4330554
v 0.28490606 0.2849694 1.4018437
v 0.28490606 0.2849694 1.4018437
v 0.28490606 0.2849694 1.4018437
v 0.28490606 0.2849694 1.4018437
v 0.28490606 0.2849694 1.5302559
v 0.28490606 0.2849694 1.5302559
v 0.28490606 0.2849694 1.5302559
v 0.17224678 0.2984496 1.5302559
v 0.17224678 0.2984496 1.5302559
v 0.17224678 0.2984496 1.5302559
v 0.24362002 0.24368313 1.5302559
v 0.24362002 0.24368313 1.5302559
v 0.24362002 0.24368313 1.5302559
v 0.20144057 0.34901476 1.5302559
v 0.20144057 0.34901476 1.5302559
v 0.20144057 0.34901476 1.5302559
v 0.20144057 0.34901476 1.4018437
v 0.20144057 0.34901476 1.4018437
v 0.20144057 0.34901476 1.4018437
v 0.20144057 0.34901476 1.4018437
v 0.08913101 0.3328775 1.4330554
v 0.08913101 0.3328775 1.4330554
v 0.08913101 0.3328775 1.4330554
v 0.17224678 0.2984496 1.4330554
v 0.17224678 0.2984496 1.4330554
v 0.17224678 0.2984496 1.4330554
v 0.104242854 0.3892753 1.4018437
v 0.104242854 0.3892753 1.4018437
v 0.104242854 0.3892753 1.4018437
v 0.104242854 0.3892753 1.4018437
v -6.317662E-05 0.40300763 1.5302559
v -6.317662E-05 0.40300763 1.5302559
v -6.317662E-05 0.40300763 1.5302559
v 0.08913101 0.3328775 1.5302559
v 0.08913101 0.3328775 1.5302559
v 0.08913101 0.3328775 1.5302559
v 0.104242854 0.3892753 1.5302559
v 0.104242854 0.3892753 1.5302559
v 0.104242854 0.3892753 1.5302559
v -6.317662E-05 0.34462002 1.5302559
v -6.317662E-05 0.34462002 1.5302559
v -6.317662E-05 0.34462002 1.5302559
v -0.089257374 0.33287764 1.4330554
v -0.089257374 0.33287764 1.4330554
v -0.089257374 0.33287764 1.4330554
v -6.317662E-05 0.40300763 1.4018437
v -6.317662E-05 0.40300763 1.4018437
v -6.317662E-05 0.40300763 1.4018437
v -6.317662E-05 0.40300763 1.4018437
v -0.104369074 0.38927567 1.4018437
v -0.104369074 0.38927567 1.4018437
v -0.104369074 0.38927567 1.4018437
v -0.104369074 0.38927567 1.4018437
v -6.317662E-05 0.34462002 1.4330554
v -6.317662E-05 0.34462002 1.4330554
v -6.317662E-05 0.34462002 1.4330554
v -0.2015668 0.3490151 1.5302559
v -0.2015668 0.3490151 1.5302559
v -0.2015668 0.3490151 1.5302559
v -0.089257374 0.33287764 1.5302559
v -0.089257374 0.33287764 1.5302559
v -0.089257374 0.33287764 1.5302559
v -0.104369074 0.38927567 1.5302559
v -0.104369074 0.38927567 1.5302559
v -0.104369074 0.38927567 1.5302559
v -0.17237315 0.29845005 1.5302559
v -0.17237315 0.29845005 1.5302559
v -0.17237315 0.29845005 1.5302559
v -0.17237315 0.29845005 1.4330554
v -0.17237315 0.29845005 1.4330554
v -0.17237315 0.29845005 1.4330554
v -0.28503257 0.28496978 1.4018437
v -0.28503257 0.28496978 1.4018437
v -0.28503257 0.28496978 1.4018437
v -0.28503257 0.28496978 1.4018437
v -0.24374638 0.24368343 1.4330554
v -0.24374638 0.24368343 1.4330554
v -0.24374638 0.24368343 1.4330554
v -0.2015668 0.3490151 1.4018437
v -0.2015668 0.3490151 1.4018437
v -0.2015668 0.3490151 1.4018437
v -0.2015668 0.3490151 1.4018437
v -0.24374638 0.24368343 1.5302559
v -0.24374638 0.24368343 1.5302559
v -0.24374638 0.24368343 1.5302559
v -0.34907794 0.20150423 1.5302559
v -0.34907794 0.20150423 1.5302559
v -0.34907794 0.20150423 1.5302559
v -0.29851288 0.17231049 1.5302559
v -0.29851288 0.17231049 1.5302559
v -0.29851288 0.17231049 1.5302559
v -0.28503257 0.28496978 1.5302559
v -0.28503257 0.28496978 1.5302559
v -0.28503257 0.28496978 1.5302559
v -0.34907794 0.20150423 1.4018437
v -0.34907794 0.20150423 1.4018437
v -0.34907794 0.20150423 1.4018437
v -0.34907794 0.20150423 1.4018437
v -0.33294058 0.08919472 1.4330554
v -0.33294058 0.08919472 1.4330554
v -0.33294058 0.08919472 1.4330554
v -0.29851288 0.17231049 1.4330554
v -0.29851288 0.17231049 1.4330554
v -0.29851288 0.17231049 1.4330554
v -0.3893386 0.104306504 1.4018437
v -0.3893386 0.104306504 1.4018437
v -0.3893386 0.104306504 1.4018437
v -0.3893386 0.104306504 1.4018437
v -0.38933876 0.104306504 1.5302559
v -0.38933876 0.104306504 1.5302559
v -0.38933876 0.104306504 1.5302559
v -0.3446834 1.5132115E-07 1.5302559
v -0.3446834 1.5132115E-07 1.5302559
v -0.3446834 1.5132115E-07 1.5302559
v -0.33294058 0.08919472 1.5302559
v -0.33294058 0.08919472 1.5302559
v -0.33294058 0.08919472 1.5302559
v -0.40307087 1.5132115E-07 1.5302559
v -0.40307087 1.5132115E-07 1.5302559
v -0.40307087 1.5132115E-07 1.5302559
v -0.3446834 1.5132115E-07 1.4330554
v -0.33294076 -0.08919396 1.4330554
v -6.332795E-05 0 1.4330554
v -0.29851303 -0.17230989 1.4330554
v -0.24374655 -0.243683 1.4330554
v -0.17237344 -0.29844946 1.4330554
v -0.08925768 -0.332877 1.4330555
v -6.347927E-05 -0.3446198 1.4330555
v 0.089130715 -0.3328773 1.4330555
v 0.17224647 -0.29844978 1.4330554
v 0.24361958 -0.2436833 1.4330554
v 0.29838622 -0.17230989 1.4330554
v 0.33281407 -0.08919427 1.4330554
v 0.34455675 -1.5132129E-07 1.4330554
v 0.33281422 0.089194275 1.4330554
v 0.29838637 0.17231004 1.4330554
v 0.24362002 0.24368313 1.4330554
v 0.17224678 0.2984496 1.4330554
v 0.08913101 0.3328775 1.4330554
v -6.317662E-05 0.34462002 1.4330554
v -0.089257374 0.33287764 1.4330554
v -0.17237315 0.29845005 1.4330554
v -0.24374638 0.24368343 1.4330554
v -0.29851288 0.17231049 1.4330554
v -0.33294058 0.08919472 1.4330554
vt 0.8305664 0.7998047
vt 0.99609375 0.7998047
vt 0.8305664 0.8729042
vt 0.99609375 0.8729042
vt 0.8461295 0.92053276
vt 0.8466797 0.7998047
vt 0.8466797 0.8729042
vt 0.83251953 0.9214548
vt 0.9940521 0.92074907
vt 0.8606026 0.920961
vt 0.859375 0.7998047
vt 0.859375 0.8729042
vt 0.87396145 0.92071646
vt 0.87402344 0.7998047
vt 0.87402344 0.8729042
vt 0.8876289 0.92095745
vt 0.8876953 0.7998047
vt 0.8876953 0.8729042
vt 0.90185547 0.7998047
vt 0.90185547 0.8729042
vt 0.9017913 0.92071396
vt 0.91503906 0.7998047
vt 0.91503906 0.8729042
vt 0.9149703 0.9209577
vt 0.9291992 0.7998047
vt 0.9291992 0.8729042
vt 0.92913437 0.92073035
vt 0.9438017 0.9207202
vt 0.94189453 0.7998047
vt 0.94189453 0.8729042
vt 0.95654297 0.7998047
vt 0.95654297 0.8729042
vt 0.956361 0.92137945
vt 0.97073644 0.92077476
vt 0.97021484 0.7998047
vt 0.97021484 0.8729042
vt 0.9838867 0.7998047
vt 0.9838867 0.8729042
vt 0.98381555 0.9207104
vt 0.82958984 0.7998047
vt 0.9980469 0.8729042
vt 0.82958984 0.8729042
vt 0.9980469 0.7998047
vt 0.8431955 0.92071676
vt 0.8432617 0.7998047
vt 0.8432617 0.8729042
vt 0.8305664 0.920962
vt 0.99975777 0.9209616
vt 0.8574219 0.7998047
vt 0.8574219 0.8729042
vt 0.8573577 0.9209575
vt 0.87102735 0.9207113
vt 0.87109375 0.7998047
vt 0.87109375 0.8729042
vt 0.8850145 0.92096174
vt 0.88378906 0.7998047
vt 0.88378906 0.8729042
vt 0.8989258 0.7998047
vt 0.8989258 0.8729042
vt 0.89886576 0.92071635
vt 0.9121094 0.7998047
vt 0.9121094 0.8729042
vt 0.9120406 0.9209574
vt 0.92620534 0.92071396
vt 0.92626953 0.7998047
vt 0.92626953 0.8729042
vt 0.93938434 0.9209574
vt 0.9394531 0.7998047
vt 0.9394531 0.8729042
vt 0.9535491 0.92071396
vt 0.9536133 0.7998047
vt 0.9536133 0.8729042
vt 0.96770924 0.9209596
vt 0.96777344 0.7998047
vt 0.96777344 0.8729042
vt 0.9808823 0.92081887
vt 0.98095703 0.7998047
vt 0.98095703 0.8729042
vt 0.9682617 0.8204855
vt 0.9682617 0.8204855
vt 0.9917855 0.82185674
vt 0.82910156 0.7998047
vt 0.99658203 0.7998047
vt 0.9868164 0.81761885
vt 0.8305664 0.81741405
vt 0.9777839 0.8188338
vt 0.9682617 0.81761885
vt 0.9801284 0.8188338
vt 0.9682617 0.81761885
vt 0.9868164 0.8204855
vt 0.8305664 0.82028073
vt 0.98904395 0.82185674
vt 0.8466797 0.7998047
vt 0.9087456 0.8465382
vt 0.8305664 0.80881417
vt 0.98904395 0.8094199
vt 0.9251756 0.8462151
vt 0.8491211 0.80881417
vt 0.9810058 0.8094199
vt 0.92359024 0.8421624
vt 0.97091043 0.8094199
vt 0.8491211 0.80881417
vt 0.9095407 0.8424386
vt 0.8305664 0.80881417
vt 0.9777839 0.8094199
vt 0.86816406 0.81741405
vt 0.86816406 0.81741405
vt 0.9599762 0.8188338
vt 0.8491211 0.81741405
vt 0.97091043 0.8188338
vt 0.8491211 0.81741405
vt 0.86816406 0.82028073
vt 0.86816406 0.82028073
vt 0.96821904 0.82185674
vt 0.87402344 0.7998047
vt 0.8491211 0.82028073
vt 0.8491211 0.82028073
vt 0.9810058 0.82185674
vt 0.859375 0.7998047
vt 0.9437687 0.84619474
vt 0.86816406 0.80881417
vt 0.96821904 0.8094199
vt 0.9601973 0.8458718
vt 0.88720703 0.80881417
vt 0.9515549 0.8094199
vt 0.95861185 0.8418187
vt 0.9457263 0.8094199
vt 0.88720703 0.80881417
vt 0.9445634 0.8420948
vt 0.86816406 0.80881417
vt 0.9599762 0.8094199
vt 0.9057617 0.81741405
vt 0.9057617 0.81741405
vt 0.9291321 0.8188338
vt 0.88720703 0.82028073
vt 0.88720703 0.82028073
vt 0.9515549 0.82185674
vt 0.8876953 0.7998047
vt 0.9057617 0.82028073
vt 0.9057617 0.82028073
vt 0.9321492 0.82185674
vt 0.90185547 0.7998047
vt 0.88720703 0.81741405
vt 0.9457263 0.8188338
vt 0.88720703 0.81741405
vt 0.95879453 0.8461777
vt 0.91132426 0.8094199
vt 0.9248047 0.80881417
vt 0.9447468 0.84645414
vt 0.9057617 0.80881417
vt 0.9291321 0.8094199
vt 0.94395167 0.8505543
vt 0.9057617 0.80881417
vt 0.9321492 0.8094199
vt 0.9603794 0.850231
vt 0.9248047 0.80881417
vt 0.91132426 0.8094199
vt 0.94384766 0.82028073
vt 0.94384766 0.82028073
vt 0.89049935 0.82185674
vt 0.9291992 0.7998047
vt 0.9248047 0.81741405
vt 0.91132426 0.8188338
vt 0.9248047 0.81741405
vt 0.9248047 0.82028073
vt 0.9248047 0.82028073
vt 0.91132426 0.82185674
vt 0.91503906 0.7998047
vt 0.94384766 0.81741405
vt 0.94384766 0.81741405
vt 0.89351654 0.8188338
vt 0.9266899 0.8506616
vt 0.94384766 0.80881417
vt 0.89049935 0.8094199
vt 0.9415337 0.8462845
vt 0.87692225 0.8094199
vt 0.96240234 0.80881417
vt 0.92748564 0.84656143
vt 0.94384766 0.80881417
vt 0.89351654 0.8094199
vt 0.9431179 0.85033774
vt 0.96240234 0.80881417
vt 0.87109375 0.8094199
vt 0.96240234 0.82028073
vt 0.96240234 0.82028073
vt 0.87109375 0.82185674
vt 0.94091797 0.7998047
vt 0.9814453 0.820895
vt 0.8339844 0.82251894
vt 0.95654297 0.7998047
vt 0.96240234 0.81741405
vt 0.87692225 0.8188338
vt 0.96240234 0.81741405
vt 0.9814453 0.81741405
vt 0.9814453 0.81741405
vt 0.90903956 0.85092425
vt 0.9814453 0.80881417
vt 0.8339863 0.80989635
vt 0.92551214 0.85060006
vt 0.84164286 0.8094199
vt 0.84438986 0.80989635
vt 0.90987897 0.8468243
vt 0.9814453 0.80881417
vt 0.9814453 0.80881417
vt 0.92392796 0.8465472
vt 0.8517382 0.8094199
vt 1.0004883 0.80881417
vt 0.93066406 0.81741405
vt 0.93066406 0.81741405
vt 0.8448647 0.8188338
vt 0.9121094 0.82028073
vt 0.84164286 0.82185674
vt 0.84438986 0.8217726
vt 0.9692383 0.7998047
vt 0.93066406 0.82028073
vt 0.93066406 0.82028073
vt 0.8336047 0.82185674
vt 0.9838867 0.7998047
vt 0.9121094 0.81741405
vt 0.8517382 0.8188338
vt 1.0004883 0.81741405
vt 0.92462623 0.8507061
vt 0.94970703 0.80881417
vt 0.8300781 0.80881417
vt 0.9089917 0.8469302
vt 0.93066406 0.80881417
vt 0.8448647 0.8094199
vt 0.90819603 0.85102975
vt 0.93066406 0.80881417
vt 0.8336047 0.8094199
vt 0.9230415 0.84665346
vt 0.8300781 0.80881417
vt 0.94970703 0.80881417
vt 0.8300781 0.81761885
vt 0.94970703 0.81741405
vt 0.8486328 0.8204855
vt 0.8486328 0.8204855
vt 0.8336047 0.82185674
vt 0.8432617 0.7998047
vt 0.8486328 0.81761885
vt 0.8486328 0.81761885
vt 0.8448647 0.8188338
vt 0.8300781 0.8204855
vt 0.94970703 0.82028073
vt 0.9980469 0.7998047
vt 0.82958984 0.7998047
vt 0.9112671 0.83778787
vt 0.8486328 0.80881417
vt 0.8448647 0.8094199
vt 0.926902 0.84156436
vt 0.8676758 0.80881417
vt 0.84164286 0.8094199
vt 0.92531663 0.8375116
vt 0.8517382 0.8094199
vt 0.8676758 0.80881417
vt 0.9104721 0.8418874
vt 0.8486328 0.80881417
vt 0.8336047 0.8094199
vt 0.8676758 0.8204855
vt 0.8676758 0.8204855
vt 0.84164286 0.82185674
vt 0.8564453 0.7998047
vt 0.88671875 0.81761885
vt 0.88671875 0.81761885
vt 0.86267245 0.8188338
vt 0.8676758 0.81761885
vt 0.8517382 0.8188338
vt 0.8676758 0.81761885
vt 0.88671875 0.8204855
vt 0.88671875 0.8204855
vt 0.8544296 0.82185674
vt 0.87109375 0.7998047
vt 0.9072619 0.85500026
vt 0.88671875 0.80881417
vt 0.8544296 0.8094199
vt 0.9228944 0.8512243
vt 0.87692225 0.8094199
vt 0.90527344 0.80881417
vt 0.9088461 0.8509472
vt 0.88671875 0.80881417
vt 0.86267245 0.8094199
vt 0.9236905 0.8553243
vt 0.90527344 0.80881417
vt 0.87109363 0.8094199
vt 0.90527344 0.8204855
vt 0.90527344 0.8204855
vt 0.87109363 0.82185674
vt 0.88378906 0.7998047
vt 0.9243164 0.81761885
vt 0.9243164 0.81761885
vt 0.89351654 0.8188338
vt 0.90527344 0.81761885
vt 0.87692225 0.8188338
vt 0.90527344 0.81761885
vt 0.9243164 0.8204855
vt 0.9243164 0.8204855
vt 0.89049935 0.82185674
vt 0.8989258 0.7998047
vt 0.94372416 0.83800954
vt 0.9433594 0.80881417
vt 0.91132426 0.8094199
vt 0.92809147 0.8342327
vt 0.9243164 0.80881417
vt 0.89351654 0.8094199
vt 0.92729634 0.8383328
vt 0.9243164 0.80881417
vt 0.89049935 0.8094199
vt 0.9421392 0.83395624
vt 0.91132426 0.8094199
vt 0.9433594 0.80881417
vt 0.96191406 0.81761885
vt 0.96191406 0.81761885
vt 0.9291321 0.8188338
vt 0.9433594 0.8204855
vt 0.9433594 0.8204855
vt 0.91132426 0.82185674
vt 0.9121094 0.7998047
vt 0.96191406 0.8204855
vt 0.96191406 0.8204855
vt 0.9321492 0.82185674
vt 0.92626953 0.7998047
vt 0.9433594 0.81761885
vt 0.91132426 0.8188338
vt 0.9433594 0.81761885
vt 0.95959014 0.854419
vt 0.98095703 0.80881417
vt 0.9515549 0.8094199
vt 0.9447473 0.8500427
vt 0.96191406 0.80881417
vt 0.9291321 0.8094199
vt 0.9431621 0.85409594
vt 0.96191406 0.80881417
vt 0.9321492 0.8094199
vt 0.95879537 0.85031897
vt 0.9457263 0.8094199
vt 0.98095703 0.80881417
vt 0.98095703 0.81761885
vt 0.9457263 0.8188338
vt 0.98095703 0.81761885
vt 1 0.8204855
vt 0.9116211 0.8204855
vt 0.9682189 0.82185674
vt 0.9536133 0.7998047
vt 1 0.81761885
vt 0.9116211 0.81761885
vt 0.9599761 0.8188338
vt 0.98095703 0.8204855
vt 0.98095703 0.8204855
vt 0.9515549 0.82185674
vt 0.93896484 0.7998047
vt 0.92604464 0.8384078
vt 0.9116211 0.80881417
vt 0.9599761 0.8094199
vt 0.94167775 0.8421836
vt 0.9301758 0.80881417
vt 0.9810058 0.8094199
vt 0.9400936 0.8381307
vt 0.9709103 0.8094199
vt 0.9301758 0.80881417
vt 0.9252485 0.8425076
vt 0.9116211 0.80881417
vt 0.9682189 0.8094199
vt 0.9301758 0.8204855
vt 0.9301758 0.8204855
vt 0.9810058 0.82185674
vt 0.96728516 0.7998047
vt 0.94921875 0.81761885
vt 0.94921875 0.81761885
vt 0.9777839 0.8188338
vt 0.9301758 0.81761885
vt 0.9709103 0.8188338
vt 0.9301758 0.81761885
vt 0.94921875 0.8204855
vt 0.94921875 0.8204855
vt 0.98904395 0.82185674
vt 0.98046875 0.7998047
vt 0.9263403 0.8462554
vt 0.94921875 0.80881417
vt 0.98904395 0.8094199
vt 0.9411859 0.8418791
vt 0.9801284 0.8094199
vt 0.9682617 0.80881417
vt 0.92713606 0.8421559
vt 0.94921875 0.80881417
vt 0.9777839 0.8094199
vt 0.9427706 0.8459318
vt 0.9682617 0.80881417
vt 0.9917855 0.8094199
vt 0.7615692 0.74906975
vt 0.7455521 0.75117844
vt 0.7615692 0.8109549
vt 0.7306266 0.75736076
vt 0.71780974 0.76719546
vt 0.70797503 0.7800123
vt 0.70179266 0.79493785
vt 0.69968396 0.8109549
vt 0.70179266 0.826972
vt 0.70797503 0.84189755
vt 0.71780974 0.8547144
vt 0.7306266 0.86454904
vt 0.7455521 0.8707315
vt 0.7615692 0.87284017
vt 0.7775863 0.8707315
vt 0.7925118 0.8645491
vt 0.80532867 0.8547144
vt 0.8151633 0.84189755
vt 0.82134575 0.826972
vt 0.82345444 0.8109549
vt 0.82134575 0.7949379
vt 0.8151634 0.78001237
vt 0.80532867 0.7671955
vt 0.7925118 0.7573608
vt 0.7775863 0.75117844
f 1804/1804 1506/1506 1813/1813
f 1506/1506 1804/1804 1800/1800
f 1806/1806 1803/1803 1812/1812
f 1803/1803 1806/1806 1809/1809
f 1543/1543 1521/1521 1517/1517
f 1521/1521 1543/1543 1524/1524
f 1510/1510 1505/1505 1516/1516
f 1505/1505 1510/1510 1513/1513
f 1522/1522 1512/1512 1518/1518
f 1512/1512 1522/1522 1531/1531
f 1805/1805 1795/1795 1801/1801
f 1795/1795 1805/1805 1811/1811
f 1814/1814 1514/1514 1807/1807
f 1814/1814 1507/1507 1514/1514
f 1793/1793 1789/1789 1799/1799
f 1789/1789 1793/1793 1796/1796
f 1794/1794 1808/1808 1515/1515
f 1808/1808 1794/1794 1810/1810
f 1520/1520 1526/1526 1529/1529
f 1520/1520 1523/1523 1526/1526
f 1787/1787 1790/1790 1781/1781
f 1790/1790 1787/1787 1767/1767
f 1528/1528 1511/1511 1530/1530
f 1511/1511 1528/1528 1537/1537
f 1525/1525 1536/1536 1527/1527
f 1525/1525 1544/1544 1536/1536
f 1782/1782 1797/1797 1784/1784
f 1782/1782 1791/1791 1797/1797
f 1777/1777 1780/1780 1783/1783
f 1780/1780 1777/1777 1786/1786
f 1771/1771 1785/1785 1798/1798
f 1785/1785 1771/1771 1778/1778
f 1548/1548 1534/1534 1540/1540
f 1534/1534 1548/1548 1557/1557
f 1788/1788 1772/1772 1768/1768
f 1772/1772 1788/1788 1779/1779
f 1539/1539 1550/1550 1547/1547
f 1550/1550 1539/1539 1562/1562
f 1763/1763 1766/1766 1770/1770
f 1766/1766 1763/1763 1773/1773
f 1554/1554 1533/1533 1556/1556
f 1533/1533 1554/1554 1571/1571
f 1551/1551 1570/1570 1553/1553
f 1551/1551 1563/1563 1570/1570
f 1753/1753 1764/1764 1761/1761
f 1753/1753 1775/1775 1764/1764
f 1758/1758 1774/1774 1752/1752
f 1774/1774 1758/1758 1745/1745
f 1561/1561 1558/1558 1569/1569
f 1558/1558 1561/1561 1565/1565
f 1754/1754 1751/1751 1760/1760
f 1751/1751 1754/1754 1757/1757
f 1738/1738 1762/1762 1765/1765
f 1762/1762 1738/1738 1755/1755
f 1580/1580 1560/1560 1567/1567
f 1560/1560 1580/1580 1577/1577
f 1759/1759 1739/1739 1746/1746
f 1739/1739 1759/1759 1756/1756
f 1592/1592 1579/1579 1566/1566
f 1579/1579 1592/1592 1582/1582
f 1737/1737 1740/1740 1744/1744
f 1740/1740 1737/1737 1748/1748
f 1576/1576 1590/1590 1559/1559
f 1576/1576 1574/1574 1590/1590
f 1572/1572 1578/1578 1581/1581
f 1572/1572 1575/1575 1578/1578
f 1583/1583 1589/1589 1573/1573
f 1583/1583 1593/1593 1589/1589
f 1727/1727 1749/1749 1735/1735
f 1727/1727 1742/1742 1749/1749
f 1716/1716 1736/1736 1750/1750
f 1736/1736 1716/1716 1729/1729
f 1728/1728 1725/1725 1734/1734
f 1725/1725 1728/1728 1731/1731
f 1584/1584 1588/1588 1591/1591
f 1588/1588 1584/1584 1595/1595
f 1732/1732 1741/1741 1726/1726
f 1741/1741 1732/1732 1722/1722
f 1597/1597 1600/1600 1606/1606
f 1600/1600 1597/1597 1586/1586
f 1717/1717 1733/1733 1730/1730
f 1733/1733 1717/1717 1723/1723
f 1603/1603 1596/1596 1605/1605
f 1596/1596 1603/1603 1619/1619
f 1598/1598 1601/1601 1604/1604
f 1601/1601 1598/1598 1607/1607
f 1715/1715 1711/1711 1721/1721
f 1711/1711 1715/1715 1718/1718
f 1611/1611 1599/1599 1585/1585
f 1599/1599 1611/1611 1608/1608
f 1609/1609 1618/1618 1602/1602
f 1609/1609 1612/1612 1618/1618
f 1710/1710 1719/1719 1703/1703
f 1710/1710 1713/1713 1719/1719
f 1690/1690 1704/1704 1720/1720
f 1704/1704 1690/1690 1706/1706
f 1702/1702 1699/1699 1708/1708
f 1699/1699 1702/1702 1705/1705
f 1700/1700 1712/1712 1709/1709
f 1712/1712 1700/1700 1696/1696
f 1691/1691 1701/1701 1707/1707
f 1701/1701 1691/1691 1697/1697
f 1629/1629 1647/1647 1621/1621
f 1629/1629 1633/1633 1647/1647
f 1689/1689 1685/1685 1695/1695
f 1685/1685 1689/1689 1692/1692
f 1639/1639 1624/1624 1615/1615
f 1624/1624 1639/1639 1627/1627
f 1667/1667 1681/1681 1694/1694
f 1681/1681 1667/1667 1674/1674
f 1626/1626 1646/1646 1632/1632
f 1626/1626 1638/1638 1646/1646
f 1678/1678 1693/1693 1680/1680
f 1678/1678 1687/1687 1693/1693
f 1637/1637 1634/1634 1645/1645
f 1634/1634 1637/1637 1641/1641
f 1673/1673 1676/1676 1679/1679
f 1676/1676 1673/1673 1682/1682
f 1659/1659 1635/1635 1652/1652
f 1635/1635 1659/1659 1661/1661
f 1636/1636 1656/1656 1653/1653
f 1656/1656 1636/1636 1643/1643
f 1668/1668 1684/1684 1675/1675
f 1684/1684 1668/1668 1664/1664
f 1651/1651 1648/1648 1657/1657
f 1648/1648 1651/1651 1654/1654
f 1683/1683 1686/1686 1677/1677
f 1686/1686 1683/1683 1663/1663
f 1670/1670 1655/1655 1642/1642
f 1655/1655 1670/1670 1649/1649
f 1542/1542 1538/1538 1535/1535
f 1532/1532 1535/1535 1538/1538
f 1552/1552 1555/1555 1546/1546
f 1546/1546 1549/1549 1552/1552
f 1622/1622 1625/1625 1628/1628
f 1625/1625 1631/1631 1628/1628
f 1503/1503 1435/1435 1428/1428
f 1435/1435 1503/1503 1502/1502
f 1500/1500 1502/1502 1503/1503
f 1502/1502 1500/1500 1499/1499
f 1497/1497 1499/1499 1500/1500
f 1499/1499 1497/1497 1496/1496
f 1494/1494 1496/1496 1497/1497
f 1496/1496 1494/1494 1493/1493
f 1491/1491 1493/1493 1494/1494
f 1493/1493 1491/1491 1490/1490
f 1487/1487 1490/1490 1491/1491
f 1490/1490 1487/1487 1489/1489
f 1487/1487 1486/1486 1489/1489
f 1486/1486 1487/1487 1484/1484
f 1484/1484 1481/1481 1486/1486
f 1481/1481 1484/1484 1482/1482
f 1479/1479 1481/1481 1482/1482
f 1481/1481 1479/1479 1478/1478
f 1475/1475 1478/1478 1479/1479
f 1478/1478 1475/1475 1477/1477
f 1475/1475 1470/1470 1477/1477
f 1470/1470 1475/1475 1471/1471
f 1466/1466 1470/1470 1471/1471
f 1470/1470 1466/1466 1473/1473
f 1431/1431 1427/1427 1434/1434
f 1427/1427 1431/1431 1432/1432
f 1436/1436 1432/1432 1431/1431
f 1432/1432 1436/1436 1437/1437
f 1439/1439 1437/1437 1436/1436
f 1437/1437 1439/1439 1440/1440
f 1442/1442 1440/1440 1439/1439
f 1440/1440 1442/1442 1443/1443
f 1442/1442 1445/1445 1443/1443
f 1445/1445 1442/1442 1447/1447
f 1447/1447 1448/1448 1445/1445
f 1448/1448 1447/1447 1450/1450
f 1450/1450 1451/1451 1448/1448
f 1451/1451 1450/1450 1453/1453
f 1454/1454 1451/1451 1453/1453
f 1451/1451 1454/1454 1455/1455
f 1455/1455 1454/1454 1457/1457
f 1457/1457 1454/1454 1459/1459
f 1460/1460 1457/1457 1459/1459
f 1457/1457 1460/1460 1461/1461
f 1460/1460 1463/1463 1461/1461
f 1463/1463 1460/1460 1465/1465
f 1474/1474 1463/1463 1465/1465
f 1463/1463 1474/1474 1469/1469
f 1509/1509 1504/1504 1430/1430
f 1504/1504 1509/1509 1802/1802
f 1802/1802 1501/1501 1504/1504
f 1792/1792 1501/1501 1802/1802
f 1792/1792 1498/1498 1501/1501
f 1769/1769 1498/1498 1792/1792
f 1776/1776 1498/1498 1769/1769
f 1498/1498 1776/1776 1495/1495
f 1776/1776 1492/1492 1495/1495
f 1492/1492 1776/1776 1747/1747
f 1743/1743 1492/1492 1747/1747
f 1492/1492 1743/1743 1488/1488
f 1724/1724 1488/1488 1743/1743
f 1488/1488 1724/1724 1485/1485
f 1724/1724 1483/1483 1485/1485
f 1483/1483 1724/1724 1714/1714
f 1698/1698 1483/1483 1714/1714
f 1483/1483 1698/1698 1480/1480
f 1698/1698 1476/1476 1480/1480
f 1688/1688 1476/1476 1698/1698
f 1688/1688 1472/1472 1476/1476
f 1665/1665 1472/1472 1688/1688
f 1672/1672 1472/1472 1665/1665
f 1472/1472 1672/1672 1468/1468
f 1620/1620 1623/1623 1630/1630
f 1623/1623 1620/1620 1614/1614
f 1614/1614 1620/1620 1617/1617
f 1610/1610 1614/1614 1617/1617
f 1508/1508 1429/1429 1519/1519
f 1519/1519 1429/1429 1433/1433
f 1519/1519 1433/1433 1545/1545
f 1545/1545 1433/1433 1438/1438
f 1545/1545 1438/1438 1541/1541
f 1541/1541 1438/1438 1441/1441
f 1541/1541 1441/1441 1564/1564
f 1564/1564 1441/1441 1444/1444
f 1444/1444 1568/1568 1564/1564
f 1568/1568 1444/1444 1446/1446
f 1568/1568 1446/1446 1594/1594
f 1594/1594 1446/1446 1449/1449
f 1594/1594 1449/1449 1587/1587
f 1587/1587 1449/1449 1452/1452
f 1456/1456 1587/1587 1452/1452
f 1587/1587 1456/1456 1613/1613
f 1613/1613 1456/1456 1616/1616
f 1616/1616 1456/1456 1458/1458
f 1462/1462 1616/1616 1458/1458
f 1616/1616 1462/1462 1640/1640
f 1640/1640 1462/1462 1644/1644
f 1644/1644 1462/1462 1464/1464
f 1644/1644 1464/1464 1467/1467
f 1467/1467 1671/1671 1644/1644
f 1660/1660 1662/1662 1666/1666
f 1662/1662 1660/1660 1669/1669
f 1650/1650 1669/1669 1660/1660
f 1650/1650 1660/1660 1658/1658
f 1815/1815 1816/1816 1817/1817
f 1839/1839 1815/1815 1817/1817
f 1816/1816 1818/1818 1817/1817
f 1838/1838 1839/1839 1817/1817
f 1818/1818 1819/1819 1817/1817
f 1837/1837 1838/1838 1817/1817
f 1819/1819 1820/1820 1817/1817
f 1836/1836 1837/1837 1817/1817
f 1820/1820 1821/1821 1817/1817
f 1835/1835 1836/1836 1817/1817
f 1821/1821 1822/1822 1817/1817
f 1834/1834 1835/1835 1817/1817
f 1822/1822 1823/1823 1817/1817
f 1833/1833 1834/1834 1817/1817
f 1823/1823 1824/1824 1817/1817
f 1832/1832 1833/1833 1817/1817
f 1824/1824 1825/1825 1817/1817
f 1831/1831 1832/1832 1817/1817
f 1825/1825 1826/1826 1817/1817
f 1830/1830 1831/1831 1817/1817
f 1826/1826 1827/1827 1817/1817
f 1829/1829 1830/1830 1817/1817
f 1827/1827 1828/1828 1817/1817
f 1828/1828 1829/1829 1817/1817
o mi_aserai_tower_3.lod5
v 0.2142929 -0.35616538 0.6936644
v 0.2142929 -0.35616538 0.6936644
v 0.2142929 -0.35616538 0.6936644
v 0.2142929 -0.35616538 0.6936644
v 0.3950636 -0.1403877 -0.47822437
v 0.3950636 -0.1403877 -0.47822437
v 0.39506355 -0.14038768 0.69366485
v 0.39506355 -0.14038768 0.69366485
v 0.39506355 -0.14038768 0.69366485
v 0.39506355 -0.14038768 0.69366485
v 0.2142929 -0.35616538 -0.47822437
v 0.2142929 -0.35616538 -0.47822437
v -0.06288498 -0.405263 0.6936644
v -0.06288498 -0.405263 0.6936644
v -0.06288498 -0.405263 0.6936644
v -0.06288498 -0.405263 0.6936644
v -0.06288498 -0.40526295 -0.47822437
v -0.06288498 -0.40526295 -0.47822437
v -0.3071894 0.2643259 0.69366485
v -0.3071894 0.2643259 0.69366485
v -0.3071894 0.2643259 0.69366485
v -0.3071894 0.2643259 0.69366485
v -0.3071894 0.26432583 -0.47822437
v -0.3071894 0.26432583 -0.47822437
v -0.40325868 -0.00026587068 0.69366485
v -0.40325868 -0.00026587068 0.69366485
v -0.40325868 -0.00026587068 0.69366485
v -0.40325868 -0.00026587068 0.69366485
v -0.40325862 -0.00026585907 -0.47822437
v -0.40325862 -0.00026585907 -0.47822437
v -0.06351962 0.405263 0.69366485
v -0.06351962 0.405263 0.69366485
v -0.06351962 0.405263 0.69366485
v -0.06351962 0.405263 0.69366485
v -0.06351963 0.405263 -0.47822437
v -0.06351963 0.405263 -0.47822437
v 0.21373455 0.3565987 0.69366485
v 0.21373455 0.3565987 0.69366485
v 0.21373455 0.3565987 0.69366485
v 0.21373455 0.3565987 0.69366485
v 0.21373451 0.3565987 -0.47822437
v 0.21373451 0.3565987 -0.47822437
v 0.39484298 0.14110428 -0.47822437
v 0.39484298 0.14110428 -0.47822437
v 0.39484295 0.14110431 0.69366485
v 0.39484295 0.14110431 0.69366485
v 0.39484295 0.14110431 0.69366485
v 0.39484295 0.14110431 0.69366485
v -0.30677515 -0.2647072 0.69366485
v -0.30677515 -0.2647072 0.69366485
v -0.30677515 -0.2647072 0.69366485
v -0.30677515 -0.2647072 0.69366485
v -0.3067751 -0.26470727 -0.47822437
v -0.3067751 -0.26470727 -0.47822437
v 0.21429288 -0.35616535 1.4318502
v 0.21429288 -0.35616535 1.4318502
v 0.21429288 -0.35616535 1.4318502
v 0.21429288 -0.35616535 1.4318502
v 0.39506355 -0.14038771 1.4318502
v 0.39506355 -0.14038771 1.4318502
v 0.39506355 -0.14038771 1.4318502
v 0.39506355 -0.14038771 1.4318502
v -0.06288497 -0.40526295 1.4318502
v -0.06288497 -0.40526295 1.4318502
v -0.06288497 -0.40526295 1.4318502
v -0.06288497 -0.40526295 1.4318502
v -0.30718938 0.26432583 1.4318502
v -0.30718938 0.26432583 1.4318502
v -0.30718938 0.26432583 1.4318502
v -0.30718938 0.26432583 1.4318502
v -0.40325865 -0.00026590392 1.4318502
v -0.40325865 -0.00026590392 1.4318502
v -0.40325865 -0.00026590392 1.4318502
v -0.40325865 -0.00026590392 1.4318502
v -0.06351962 0.405263 1.4318502
v -0.06351962 0.405263 1.4318502
v -0.06351962 0.405263 1.4318502
v -0.06351962 0.405263 1.4318502
v 0.21373452 0.3565987 1.4318502
v 0.21373452 0.3565987 1.4318502
v 0.21373452 0.3565987 1.4318502
v 0.21373452 0.3565987 1.4318502
v 0.39484295 0.14110427 1.4318502
v 0.39484295 0.14110427 1.4318502
v 0.39484295 0.14110427 1.4318502
v 0.39484295 0.14110427 1.4318502
v -0.30677512 -0.26470727 1.4318502
v -0.30677512 -0.26470727 1.4318502
v -0.30677512 -0.26470727 1.4318502
v -0.30677512 -0.26470727 1.4318502
v 0.008256257 5.583599E-05 1.4232903
v -0.26966184 -0.27802035 1.5331585
v -0.18802276 -0.34066498 1.3645825
v -0.18802275 -0.34066498 1.5331585
v -0.26966184 -0.27802035 1.3645825
v 0.009070516 -0.3934765 1.5331578
v -0.09295269 -0.38004377 1.3645825
v 0.009070507 -0.3934765 1.3645825
v -0.09295269 -0.38004377 1.5331585
v 0.11109439 -0.38004413 1.5331578
v 0.20616433 -0.3406663 1.3645825
v 0.20616433 -0.3406663 1.5331578
v 0.11109439 -0.38004413 1.3645825
v 0.2878042 -0.2780206 1.5331575
v 0.35044724 -0.1963831 1.3645825
v 0.35044724 -0.19638313 1.5331575
v 0.28780416 -0.27802056 1.3645821
v 0.38982826 0.10273487 1.5331575
v 0.35044727 0.19780591 1.3645821
v 0.35044727 0.19780591 1.5331575
v 0.38982826 0.10273486 1.3645821
v 0.28780603 0.2794425 1.5331575
v 0.20616649 0.34208623 1.3645821
v 0.20616569 0.34208673 1.5331575
v 0.28780603 0.2794425 1.3645821
v 0.11109647 0.38146526 1.5331575
v 0.009073229 0.39489776 1.3645825
v 0.009073237 0.39489776 1.5331575
v 0.11109646 0.38146526 1.3645821
v -0.092951216 0.38146785 1.5331575
v -0.18802163 0.34208813 1.3645821
v -0.18802163 0.34208813 1.5331575
v -0.092951216 0.38146785 1.3645821
v -0.33230352 0.19780393 1.5331575
v -0.26966047 0.27944493 1.3645825
v -0.33230352 0.19780394 1.3645821
v -0.26966047 0.2794449 1.5331575
v -0.38511634 0.00071098475 1.5331585
v -0.37168276 0.10273238 1.3645825
v -0.38511634 0.00071097846 1.3645825
v -0.37168276 0.10273239 1.5331585
v -0.33230636 -0.19638138 1.5331585
v -0.37168598 -0.10131071 1.3645825
v -0.33230636 -0.19638138 1.3645825
v -0.37168598 -0.1013107 1.5331585
v 0.38978305 -0.10157869 1.5331585
v 0.40325868 0.0007107064 1.3645825
v 0.40325868 0.00071071263 1.5331578
v 0.38969317 -0.10157412 1.3539882
v -0.18376139 -0.33511153 1.5339776
v -0.1837614 -0.3351115 1.3654016
v -0.26540047 -0.27246687 1.5339776
v -0.26540047 -0.2724669 1.3654016
v 0.009984272 -0.38653636 1.5339769
v -0.09203894 -0.37310368 1.3654016
v -0.09203894 -0.37310368 1.5339776
v 0.009984261 -0.38653636 1.3654016
v 0.20348564 -0.3341991 1.3654016
v 0.10841569 -0.3735769 1.5339769
v 0.20348564 -0.3341991 1.5339769
v 0.10841569 -0.3735769 1.3654016
v 0.34489375 -0.19212177 1.5339766
v 0.34489375 -0.19212177 1.3654016
v 0.28225073 -0.27375922 1.5339766
v 0.2822507 -0.27375922 1.3654011
v 0.34398013 0.19512707 1.5339766
v 0.34398013 0.19512707 1.3654011
v 0.38336113 0.10005601 1.5339766
v 0.38336113 0.100055985 1.3654011
v 0.20190439 0.33653328 1.5339766
v 0.20190519 0.33653277 1.3654011
v 0.28354472 0.27388903 1.5339766
v 0.28354472 0.273889 1.3654011
v 0.008159486 0.38795763 1.3654016
v 0.11018273 0.37452513 1.5339766
v 0.008159495 0.38795763 1.5339766
v 0.11018271 0.37452513 1.3654011
v -0.18534285 0.335621 1.5339766
v -0.18534285 0.335621 1.3654011
v -0.09027241 0.37500072 1.5339766
v -0.09027241 0.37500072 1.3654011
v -0.32674998 0.19354272 1.5339766
v -0.26410693 0.2751837 1.3654016
v -0.26410693 0.27518368 1.5339766
v -0.32674998 0.19354272 1.3654011
v -0.37817627 -0.00020284698 1.5339776
v -0.3647427 0.10181855 1.3654016
v -0.3647427 0.10181856 1.5339776
v -0.37817627 -0.00020284705 1.3654016
v -0.3258392 -0.19370258 1.5339776
v -0.3258392 -0.19370258 1.3654016
v -0.3652188 -0.098631926 1.5339776
v -0.3652188 -0.098631926 1.3654016
v 0.38284302 -0.10066441 1.5339811
v 0.39631945 0.0016310227 1.3654016
v 0.3827539 -0.10065416 1.3548107
v 0.39631864 0.0016249944 1.5339769
vt 0.9555664 0.82714844
vt 0.9555664 0.82714844
vt 0.9555664 0.93896484
vt 0.9555664 0.93896484
vt 0.99658203 0.93896484
vt 0.87109375 0.9379883
vt 0.99658203 0.82714844
vt 0.87109375 0.8261719
vt 0.99658203 0.93896484
vt 0.87109375 0.9379883
vt 0.9555664 0.93896484
vt 0.9555664 0.93896484
vt 0.91308594 0.82714844
vt 0.91308594 0.82714844
vt 0.91308594 0.93896484
vt 0.91308594 0.93896484
vt 0.91308594 0.93896484
vt 0.91308594 0.93896484
vt 0.95410156 0.8232422
vt 0.95410156 0.8232422
vt 0.95410156 0.9350586
vt 0.95410156 0.9350586
vt 0.95410156 0.9350586
vt 0.95410156 0.9350586
vt 0.99658203 0.8232422
vt 0.8261719 0.82714844
vt 0.9970703 0.9350586
vt 0.82666016 0.93896484
vt 0.99658203 0.9350586
vt 0.8261719 0.93896484
vt 0.91064453 0.8232422
vt 0.91064453 0.8232422
vt 0.91064453 0.9350586
vt 0.91064453 0.9350586
vt 0.91064453 0.9350586
vt 0.91064453 0.9350586
vt 0.86865234 0.8232422
vt 0.86865234 0.8232422
vt 0.86816406 0.9350586
vt 0.86816406 0.9350586
vt 0.86865234 0.9350586
vt 0.86865234 0.9350586
vt 0.9121094 0.9379883
vt 0.82714844 0.9350586
vt 0.9121094 0.8261719
vt 0.82714844 0.8232422
vt 0.9121094 0.9379883
vt 0.82666016 0.9350586
vt 0.8696289 0.82714844
vt 0.8696289 0.82714844
vt 0.8696289 0.93896484
vt 0.8696289 0.93896484
vt 0.8696289 0.93896484
vt 0.8696289 0.93896484
vt 0.9555664 0.82714844
vt 0.9555664 0.82714844
vt 0.80211294 0.8487166
vt 0.80211294 0.8487166
vt 0.99658203 0.82714844
vt 0.87109375 0.8261719
vt 0.82457155 0.8205398
vt 0.82457155 0.8205398
vt 0.91308594 0.82714844
vt 0.91308594 0.82714844
vt 0.76768214 0.8551223
vt 0.76768214 0.8551223
vt 0.95410156 0.8232422
vt 0.95410156 0.8232422
vt 0.73733544 0.76769495
vt 0.73733544 0.76769495
vt 0.9970703 0.8232422
vt 0.82666016 0.82714844
vt 0.72540265 0.8022472
vt 0.72540265 0.8022472
vt 0.91064453 0.8232422
vt 0.91064453 0.8232422
vt 0.7676078 0.74929476
vt 0.7676078 0.74929476
vt 0.86816406 0.8232422
vt 0.86816406 0.8232422
vt 0.80204356 0.7556519
vt 0.80204356 0.7556519
vt 0.9121094 0.8261719
vt 0.82666016 0.8232422
vt 0.82453966 0.78378373
vt 0.82453966 0.78378373
vt 0.8696289 0.82714844
vt 0.8696289 0.82714844
vt 0.7373914 0.8367721
vt 0.7373914 0.8367721
vt 0.7765208 0.80220264
vt 0.71931887 0.17257005
vt 0.7544277 0.1545735
vt 0.73896277 0.17135781
vt 0.7118279 0.15263706
vt 0.843191 0.79628175
vt 0.83032787 0.8120206
vt 0.843191 0.8120206
vt 0.83032787 0.79628175
vt 0.8560538 0.79628175
vt 0.8689167 0.8120206
vt 0.8689167 0.79628175
vt 0.8560538 0.8120206
vt 0.8817801 0.79628175
vt 0.8946444 0.8120206
vt 0.8946444 0.79628175
vt 0.8817801 0.8120206
vt 0.9332456 0.79628175
vt 0.9461145 0.8120206
vt 0.9461145 0.79628175
vt 0.9332456 0.8120206
vt 0.9589835 0.79628175
vt 0.9718517 0.8120206
vt 0.9718517 0.79628175
vt 0.9589835 0.8120206
vt 0.9847189 0.79628175
vt 0.9975847 0.8120206
vt 0.9975847 0.79628175
vt 0.9847189 0.8120206
vt 0.8817387 0.7963236
vt 0.8946021 0.81206244
vt 0.8946021 0.7963236
vt 0.8817387 0.81206244
vt 0.9203277 0.7963236
vt 0.90746486 0.81206244
vt 0.9203277 0.81206244
vt 0.90746486 0.7963236
vt 0.94605494 0.7963236
vt 0.933191 0.81206244
vt 0.94605494 0.81206244
vt 0.933191 0.7963236
vt 0.9717845 0.7963236
vt 0.9589195 0.81206244
vt 0.9717845 0.81206244
vt 0.9589194 0.7963236
vt 0.9074766 0.79628175
vt 0.9203773 0.8120206
vt 0.9203773 0.79628175
vt 0.9074743 0.8130096
vt 0.73896277 0.17135781
vt 0.7544277 0.1545735
vt 0.71931887 0.17257005
vt 0.7118279 0.15263706
vt 0.843191 0.79628175
vt 0.83032787 0.8120206
vt 0.83032787 0.79628175
vt 0.843191 0.8120206
vt 0.8689167 0.8120206
vt 0.8560538 0.79628175
vt 0.8689167 0.79628175
vt 0.8560538 0.8120206
vt 0.8946444 0.79628175
vt 0.8946444 0.8120206
vt 0.8817801 0.79628175
vt 0.8817801 0.8120206
vt 0.9461145 0.79628175
vt 0.9461145 0.8120206
vt 0.9332456 0.79628175
vt 0.9332456 0.8120206
vt 0.9718517 0.79628175
vt 0.9718517 0.8120206
vt 0.9589835 0.79628175
vt 0.9589835 0.8120206
vt 0.9975847 0.8120206
vt 0.9847189 0.79628175
vt 0.9975847 0.79628175
vt 0.9847189 0.8120206
vt 0.8946021 0.7963236
vt 0.8946021 0.81206244
vt 0.8817387 0.7963236
vt 0.8817387 0.81206244
vt 0.9203277 0.7963236
vt 0.90746486 0.81206244
vt 0.90746486 0.7963236
vt 0.9203277 0.81206244
vt 0.94605494 0.7963236
vt 0.933191 0.81206244
vt 0.933191 0.7963236
vt 0.94605494 0.81206244
vt 0.9717845 0.7963236
vt 0.9717845 0.81206244
vt 0.9589194 0.7963236
vt 0.9589195 0.81206244
vt 0.9074766 0.79628175
vt 0.9203773 0.8120206
vt 0.9074743 0.8130096
vt 0.9203773 0.79628175
f 1959/1959 1960/1960 1961/1961
f 1960/1960 1959/1959 1962/1962
f 2009/2009 2008/2008 2010/2010
f 2007/2007 2008/2008 2009/2009
f 2011/2011 2012/2012 2013/2013
f 2012/2012 2011/2011 2014/2014
f 1964/1964 1963/1963 1966/1966
f 1963/1963 1964/1964 1965/1965
f 2003/2003 2004/2004 2005/2005
f 2004/2004 2003/2003 2006/2006
f 1955/1955 1956/1956 1957/1957
f 1956/1956 1955/1955 1958/1958
f 2015/2015 2016/2016 2017/2017
f 2016/2016 2015/2015 2018/2018
f 1968/1968 1967/1967 1970/1970
f 1967/1967 1968/1968 1969/1969
f 1951/1951 1952/1952 1953/1953
f 1952/1952 1951/1951 1954/1954
f 2001/2001 2000/2000 2002/2002
f 1999/1999 2000/2000 2001/2001
f 2021/2021 2020/2020 2022/2022
f 2019/2019 2020/2020 2021/2021
f 1972/1972 1971/1971 1974/1974
f 1971/1971 1972/1972 1973/1973
f 1947/1947 1948/1948 1949/1949
f 1948/1948 1947/1947 1950/1950
f 1997/1997 1996/1996 1998/1998
f 1995/1995 1996/1996 1997/1997
f 1932/1932 1931/1931 1934/1934
f 1931/1931 1932/1932 1933/1933
f 1981/1981 1980/1980 1982/1982
f 1979/1979 1980/1980 1981/1981
f 1975/1975 1976/1976 1977/1977
f 1976/1976 1975/1975 1978/1978
f 2024/2024 2023/2023 2026/2026
f 2023/2023 2024/2024 2025/2025
f 1983/1983 1984/1984 1985/1985
f 1984/1984 1983/1983 1986/1986
f 1936/1936 1935/1935 1938/1938
f 1935/1935 1936/1936 1937/1937
f 1943/1943 1944/1944 1945/1945
f 1944/1944 1943/1943 1946/1946
f 1993/1993 1992/1992 1994/1994
f 1991/1991 1992/1992 1993/1993
f 1988/1988 1987/1987 1990/1990
f 1987/1987 1988/1988 1989/1989
f 1940/1940 1939/1939 1942/1942
f 1939/1939 1940/1940 1941/1941
f 1844/1844 1840/1840 1850/1850
f 1840/1840 1844/1844 1846/1846
f 1882/1882 1847/1847 1845/1845
f 1847/1847 1882/1882 1884/1884
f 1881/1881 1885/1885 1883/1883
f 1885/1885 1881/1881 1877/1877
f 1848/1848 1894/1894 1842/1842
f 1894/1894 1848/1848 1898/1898
f 1873/1873 1918/1918 1878/1878
f 1918/1918 1873/1873 1915/1915
f 1866/1866 1906/1906 1860/1860
f 1906/1906 1866/1866 1910/1910
f 1891/1891 1911/1911 1867/1867
f 1911/1911 1891/1891 1927/1927
f 1919/1919 1887/1887 1879/1879
f 1923/1923 1887/1887 1919/1919
f 1922/1922 1849/1849 1886/1886
f 1899/1899 1849/1849 1922/1922
f 1907/1907 1872/1872 1861/1861
f 1914/1914 1872/1872 1907/1907
f 1895/1895 1854/1854 1843/1843
f 1902/1902 1854/1854 1895/1895
f 1903/1903 1890/1890 1855/1855
f 1926/1926 1890/1890 1903/1903
f 1853/1853 1892/1892 1857/1857
f 1888/1888 1892/1892 1853/1853
f 1871/1871 1880/1880 1875/1875
f 1876/1876 1880/1880 1871/1871
f 1889/1889 1869/1869 1893/1893
f 1865/1865 1869/1869 1889/1889
f 1859/1859 1874/1874 1863/1863
f 1870/1870 1874/1874 1859/1859
f 1864/1864 1862/1862 1868/1868
f 1858/1858 1862/1862 1864/1864
f 1841/1841 1856/1856 1851/1851
f 1852/1852 1856/1856 1841/1841
f 1913/1913 1929/1929 1930/1930
f 1896/1896 1900/1900 1930/1930
f 1904/1904 1897/1897 1930/1930
f 1908/1908 1912/1912 1930/1930
f 1916/1916 1909/1909 1930/1930
f 1920/1920 1917/1917 1930/1930
f 1901/1901 1924/1924 1930/1930
f 1925/1925 1921/1921 1930/1930
f 1928/1928 1905/1905 1930/1930
