# exported by tpaccli from mi_aserai_tower_2
o mi_aserai_tower_2
v -0.38730866 -0.09563781 -0.44762245
v -0.39480284 -0.09748871 0.32170627
v -0.40873015 3.0517577E-07 0.32170627
v -0.40873015 3.0517577E-07 0.32170627
v -0.40097076 3.0517577E-07 -0.44762245
v -0.40097076 3.0517577E-07 -0.44762245
v -0.34725127 -0.18475936 -0.44762245
v -0.35397065 -0.18833435 0.32170627
v -0.28352904 -0.2612889 -0.4476223
v -0.2890155 -0.26634476 0.32170627
v -0.20048492 -0.3200125 -0.4476223
v -0.20436493 -0.3262042 0.3217062
v -0.10377899 -0.35692778 -0.4476223
v -0.105787046 -0.3638336 0.3217062
v 0 -0.36951813 -0.4476223
v 0 -0.3766687 0.3217062
v 0.10377868 -0.35692778 -0.4476223
v 0.10377868 -0.35692778 -0.4476223
v 0.10578735 -0.3638336 0.32170627
v 0.10578735 -0.3638336 0.32170627
v 0.20048584 -0.3200125 -0.4476223
v 0.20436522 -0.3262042 0.32170635
v 0.28352875 -0.2612895 -0.4476223
v 0.28888914 -0.26641968 0.316836
v 0.34725156 -0.18475936 -0.44762245
v 0.35397032 -0.18833435 0.3217062
v 0.38730803 -0.095638424 -0.44762245
v 0.39480317 -0.09748871 0.32170612
v 0.40097076 3.0517577E-07 -0.44762245
v 0.40097076 3.0517577E-07 -0.44762245
v 0.40873045 3.0517577E-07 0.3217062
v 0.40873045 3.0517577E-07 0.3217062
v 0.38730803 0.095638424 -0.44762245
v 0.39480317 0.09748932 0.32170612
v 0.34725156 0.1847589 -0.44762245
v 0.34725156 0.1847589 -0.44762245
v 0.35397094 0.18833466 0.3217062
v 0.35397094 0.18833466 0.3217062
v 0.28352934 0.26128906 -0.44762245
v 0.2890155 0.2663452 0.32170612
v 0.20048523 0.3200125 -0.44762245
v 0.20436522 0.326205 0.3217062
v 0.10377868 0.35692734 -0.44762245
v 0.10578735 0.36383438 0.3217062
v 0 0.36951858 -0.44762245
v 3.0517577E-07 0.37666884 0.32170612
v -0.10377899 0.35692734 -0.44762245
v -0.10578674 0.36383423 0.32170612
v -0.20048492 0.3200128 -0.44762245
v -0.20436493 0.326205 0.3217062
v -0.28352875 0.26128966 -0.44762245
v -0.28352875 0.26128966 -0.44762245
v -0.2890152 0.2663455 0.32170612
v -0.2890152 0.2663455 0.32170612
v -0.34725127 0.18475951 -0.44762245
v -0.35397065 0.18833466 0.32170627
v -0.38730866 0.095639035 -0.44762245
v -0.39480284 0.097489625 0.32170627
v -0.38730866 -0.09563781 0.9456129
v -0.38730866 -0.09563781 0.9456129
v -0.38730866 -0.09563781 0.9456129
v -0.359252 -0.088710174 1.0551522
v -0.359252 -0.088710174 1.0551522
v -0.359252 -0.088710174 1.0551522
v -0.37192473 6.1035155E-07 1.0551522
v -0.37192473 6.1035155E-07 1.0551522
v -0.37192473 6.1035155E-07 1.0551522
v -0.37192473 6.1035155E-07 1.0551522
v -0.37192473 6.1035155E-07 1.0551522
v -0.40097076 3.0517577E-07 0.9456131
v -0.40097076 3.0517577E-07 0.9456131
v -0.40097076 3.0517577E-07 0.9456131
v -0.40097076 3.0517577E-07 0.9456131
v -0.35630187 -0.16462295 1.1387874
v -0.35630187 -0.16462295 1.1387874
v -0.33114713 -0.15123932 1.1564537
v -0.35020173 -0.10884521 1.1564537
v -0.37825805 -0.11577346 1.1387873
v -0.37825805 -0.11577346 1.1387873
v -0.28352904 -0.2612889 0.9456131
v -0.28352904 -0.2612889 0.9456131
v -0.28352904 -0.2612889 0.9456131
v -0.26299042 -0.24236053 1.0551523
v -0.26299042 -0.24236053 1.0551523
v -0.26299042 -0.24236053 1.0551523
v -0.32209685 -0.17137481 1.0551523
v -0.32209685 -0.17137481 1.0551523
v -0.32209685 -0.17137481 1.0551523
v -0.34725097 -0.18475936 0.9456131
v -0.34725097 -0.18475936 0.9456131
v -0.34725097 -0.18475936 0.9456131
v -0.21924835 -0.30674437 1.1387873
v -0.21924835 -0.30674437 1.1387873
v -0.20472503 -0.28356263 1.1564537
v -0.2442282 -0.2556288 1.1564538
v -0.26476684 -0.27455595 1.1387874
v -0.26476684 -0.27455595 1.1387874
v -0.10377899 -0.35692778 0.9456131
v -0.10377899 -0.35692778 0.9456131
v -0.10377899 -0.35692778 0.9456131
v -0.0962616 -0.33107176 1.0551522
v -0.0962616 -0.33107176 1.0551522
v -0.0962616 -0.33107176 1.0551522
v -0.18596192 -0.29683074 1.0551523
v -0.18596192 -0.29683074 1.0551523
v -0.18596192 -0.29683074 1.0551523
v -0.20048492 -0.3200125 0.9456131
v -0.20048492 -0.3200125 0.9456131
v -0.20048492 -0.3200125 0.9456131
v -0.023447266 -0.3666736 1.1387873
v -0.023447266 -0.3666736 1.1387873
v -0.02344696 -0.33990538 1.1564537
v -0.07281372 -0.333916 1.1564538
v -0.08033112 -0.3597714 1.1387873
v -0.08033112 -0.3597714 1.1387873
v 0.10377868 -0.35692778 0.9456129
v 0.10377868 -0.35692778 0.9456129
v 0.10377868 -0.35692778 0.9456129
v 0.09626129 -0.33107176 1.0551523
v 0.09626129 -0.33107176 1.0551523
v 0.09626129 -0.33107176 1.0551523
v 0 -0.34275025 1.0551523
v 0 -0.34275025 1.0551523
v 0 -0.34275025 1.0551523
v 0 -0.36951813 0.9456129
v 0 -0.36951813 0.9456129
v 0 -0.36951813 0.9456129
v 0.17863587 -0.32835203 1.1387873
v 0.17863587 -0.32835203 1.1387873
v 0.16411315 -0.3051709 1.1564537
v 0.11811066 -0.32273132 1.1564537
v 0.12562867 -0.3485867 1.1387873
v 0.12562867 -0.3485867 1.1387873
v 0.28327727 -0.26143813 0.935912
v 0.28327727 -0.26143813 0.935912
v 0.28327727 -0.26143813 0.935912
v 0.2546292 -0.2346556 1.0551523
v 0.2546292 -0.2346556 1.0551523
v 0.2546292 -0.2346556 1.0551523
v 0.18596283 -0.29683074 1.0551523
v 0.18596283 -0.29683074 1.0551523
v 0.18596283 -0.29683074 1.0551523
v 0.20048584 -0.3200125 0.9456134
v 0.20048584 -0.3200125 0.9456134
v 0.20048584 -0.3200125 0.9456134
v 0.3328543 -0.2020494 1.1387873
v 0.3328543 -0.2020494 1.1387873
v 0.3076996 -0.18866546 1.1564537
v 0.277388 -0.22506988 1.1564537
v 0.29792663 -0.2439978 1.1387873
v 0.29792663 -0.2439978 1.1387873
v 0.38730866 -0.095638424 0.9456128
v 0.38730866 -0.095638424 0.9456128
v 0.38730866 -0.095638424 0.9456128
v 0.3592526 -0.08871048 1.0551523
v 0.3592526 -0.08871048 1.0551523
v 0.3592526 -0.08871048 1.0551523
v 0.32209626 -0.17137481 1.0551523
v 0.32209626 -0.17137481 1.0551523
v 0.32209626 -0.17137481 1.0551523
v 0.34725156 -0.18475936 0.9456131
v 0.34725156 -0.18475936 0.9456131
v 0.34725156 -0.18475936 0.9456131
v 0.39788482 -0.021607665 1.1387872
v 0.39788482 -0.021607665 1.1387872
v 0.3688382 -0.021607665 1.1564535
v 0.36233917 -0.06710205 1.1564537
v 0.3903958 -0.0740303 1.1387872
v 0.3903958 -0.0740303 1.1387872
v 0.38730866 0.095638424 0.9456129
v 0.38730866 0.095638424 0.9456129
v 0.38730866 0.095638424 0.9456129
v 0.3592526 0.08871063 1.0551523
v 0.3592526 0.08871063 1.0551523
v 0.3592526 0.08871063 1.0551523
v 0.37192535 6.1035155E-07 1.0551523
v 0.37192535 6.1035155E-07 1.0551523
v 0.37192535 6.1035155E-07 1.0551523
v 0.40097135 3.0517577E-07 0.9456129
v 0.40097135 3.0517577E-07 0.9456129
v 0.40097135 3.0517577E-07 0.9456129
v 0.35630187 0.16462417 1.138787
v 0.35630187 0.16462417 1.138787
v 0.33114684 0.15124023 1.1564534
v 0.3502014 0.10884643 1.1564534
v 0.37825775 0.11577407 1.138787
v 0.37825775 0.11577407 1.138787
v 0.28352997 0.26128906 0.9456129
v 0.28352997 0.26128906 0.9456129
v 0.28352997 0.26128906 0.9456129
v 0.2629907 0.24236175 1.0551523
v 0.2629907 0.24236175 1.0551523
v 0.2629907 0.24236175 1.0551523
v 0.32209626 0.17137572 1.0551523
v 0.32209626 0.17137572 1.0551523
v 0.32209626 0.17137572 1.0551523
v 0.34725156 0.18475951 0.9456129
v 0.34725156 0.18475951 0.9456129
v 0.34725156 0.18475951 0.9456129
v 0.21924835 0.306745 1.138787
v 0.21924835 0.306745 1.138787
v 0.20472534 0.28356382 1.1564534
v 0.2442282 0.25562972 1.1564534
v 0.26476777 0.27455717 1.138787
v 0.26476777 0.27455717 1.138787
v 0.10377929 0.35692734 0.9456129
v 0.10377929 0.35692734 0.9456129
v 0.10377929 0.35692734 0.9456129
v 0.09626129 0.33107224 1.0551523
v 0.09626129 0.33107224 1.0551523
v 0.09626129 0.33107224 1.0551523
v 0.18596283 0.29683152 1.0551523
v 0.18596283 0.29683152 1.0551523
v 0.18596283 0.29683152 1.0551523
v 0.20048584 0.32001266 0.9456129
v 0.20048584 0.32001266 0.9456129
v 0.20048584 0.32001266 0.9456129
v 0.02344757 0.36667433 1.138787
v 0.02344757 0.36667433 1.138787
v 0.02344757 0.3399063 1.1564534
v 0.072814025 0.33391723 1.1564534
v 0.08033173 0.3597728 1.1387868
v 0.08033173 0.3597728 1.1387868
v -0.10377899 0.35692793 0.9456129
v -0.10377899 0.35692793 0.9456129
v -0.10377899 0.35692793 0.9456129
v -0.09626129 0.33107224 1.0551523
v -0.09626129 0.33107224 1.0551523
v -0.09626129 0.33107224 1.0551523
v 0 0.34275115 1.0551522
v 0 0.34275115 1.0551522
v 0 0.34275115 1.0551522
v 3.0517577E-07 0.36951858 0.9456128
v 3.0517577E-07 0.36951858 0.9456128
v 3.0517577E-07 0.36951858 0.9456128
v -0.17863616 0.32835326 1.138787
v -0.17863616 0.32835326 1.138787
v -0.16411315 0.30517197 1.1564534
v -0.11811066 0.32273176 1.1564534
v -0.12562835 0.34858778 1.138787
v -0.12562835 0.34858778 1.138787
v -0.28352904 0.26128966 0.9456131
v -0.28352904 0.26128966 0.9456131
v -0.28352904 0.26128966 0.9456131
v -0.26299042 0.24236237 1.0551523
v -0.26299042 0.24236237 1.0551523
v -0.26299042 0.24236237 1.0551523
v -0.1859616 0.29683152 1.0551522
v -0.1859616 0.29683152 1.0551522
v -0.1859616 0.29683152 1.0551522
v -0.20048492 0.3200128 0.9456128
v -0.20048492 0.3200128 0.9456128
v -0.20048492 0.3200128 0.9456128
v -0.332854 0.20205063 1.138787
v -0.332854 0.20205063 1.138787
v -0.3076996 0.18866698 1.1564534
v -0.27738768 0.22507125 1.1564534
v -0.29792663 0.24399932 1.138787
v -0.29792663 0.24399932 1.138787
v -0.38730866 0.095639035 0.9456129
v -0.38730866 0.095639035 0.9456129
v -0.38730866 0.095639035 0.9456129
v -0.359252 0.088710934 1.0551522
v -0.359252 0.088710934 1.0551522
v -0.359252 0.088710934 1.0551522
v -0.32209626 0.17137633 1.0551522
v -0.32209626 0.17137633 1.0551522
v -0.32209626 0.17137633 1.0551522
v -0.34725067 0.18475951 0.9456129
v -0.34725067 0.18475951 0.9456129
v -0.34725067 0.18475951 0.9456129
v -0.39788452 0.021608429 1.138787
v -0.39788452 0.021608429 1.138787
v -0.3688382 0.021608429 1.1564537
v -0.36233887 0.06710296 1.1564537
v -0.3903952 0.07403091 1.138787
v -0.3903952 0.07403091 1.138787
v -0.34287873 3.0517577E-07 0.9831335
v -0.34287873 3.0517577E-07 0.9831335
v -0.34287873 3.0517577E-07 0.9831335
v -0.34287873 3.0517577E-07 0.9831335
v -0.33119535 -0.08178192 0.9831335
v -0.33119535 -0.08178192 0.9831335
v -0.33119535 -0.08178192 0.9831335
v -0.33119535 -0.08178192 0.9831335
v -0.33119535 -0.08178192 0.9831335
v 0 3.0517577E-07 0.9831334
v -0.29694152 -0.15799117 0.9831337
v -0.29694152 -0.15799117 0.9831337
v -0.29694152 -0.15799117 0.9831337
v -0.29694152 -0.15799117 0.9831337
v -0.24245177 -0.22343352 0.9831337
v -0.24245177 -0.22343352 0.9831337
v -0.24245177 -0.22343352 0.9831337
v -0.24245177 -0.22343352 0.9831337
v -0.1714392 -0.27364883 0.9831337
v -0.1714392 -0.27364883 0.9831337
v -0.1714392 -0.27364883 0.9831337
v -0.1714392 -0.27364883 0.9831337
v -0.088743284 -0.30521604 0.9831337
v -0.088743284 -0.30521604 0.9831337
v -0.088743284 -0.30521604 0.9831337
v -0.088743284 -0.30521604 0.9831337
v 0 -0.31598267 0.9831337
v 0 -0.31598267 0.9831337
v 0 -0.31598267 0.9831337
v 0 -0.31598267 0.9831337
v 0.088743895 -0.30521604 0.9831337
v 0.088743895 -0.30521604 0.9831337
v 0.088743895 -0.30521604 0.9831337
v 0.088743895 -0.30521604 0.9831337
v 0.1714392 -0.27364883 0.9831335
v 0.1714392 -0.27364883 0.9831335
v 0.1714392 -0.27364883 0.9831335
v 0.1714392 -0.27364883 0.9831335
v 0.24245238 -0.22343352 0.9831337
v 0.24245238 -0.22343352 0.9831337
v 0.24245238 -0.22343352 0.9831337
v 0.24245238 -0.22343352 0.9831337
v 0.29694182 -0.15799117 0.9831337
v 0.29694182 -0.15799117 0.9831337
v 0.29694182 -0.15799117 0.9831337
v 0.29694182 -0.15799117 0.9831337
v 0.33119568 -0.08178192 0.9831335
v 0.33119568 -0.08178192 0.9831335
v 0.33119568 -0.08178192 0.9831335
v 0.33119568 -0.08178192 0.9831335
v 0.34287933 3.0517577E-07 0.9831335
v 0.34287933 3.0517577E-07 0.9831335
v 0.34287933 3.0517577E-07 0.9831335
v 0.34287933 3.0517577E-07 0.9831335
v 0.33119568 0.08178253 0.9831335
v 0.33119568 0.08178253 0.9831335
v 0.33119568 0.08178253 0.9831335
v 0.33119568 0.08178253 0.9831335
v 0.29694182 0.15799148 0.9831335
v 0.29694182 0.15799148 0.9831335
v 0.29694182 0.15799148 0.9831335
v 0.29694182 0.15799148 0.9831335
v 0.24245177 0.22343384 0.9831335
v 0.24245177 0.22343384 0.9831335
v 0.24245177 0.22343384 0.9831335
v 0.24245177 0.22343384 0.9831335
v 0.17143981 0.27364942 0.9831335
v 0.17143981 0.27364942 0.9831335
v 0.17143981 0.27364942 0.9831335
v 0.17143981 0.27364942 0.9831335
v 0.088743895 0.30521622 0.9831334
v 0.088743895 0.30521622 0.9831334
v 0.088743895 0.30521622 0.9831334
v 0.088743895 0.30521622 0.9831334
v 3.0517577E-07 0.31598312 0.9831335
v 3.0517577E-07 0.31598312 0.9831335
v 3.0517577E-07 0.31598312 0.9831335
v 3.0517577E-07 0.31598312 0.9831335
v -0.088743284 0.30521622 0.9831334
v -0.088743284 0.30521622 0.9831334
v -0.088743284 0.30521622 0.9831334
v -0.088743284 0.30521622 0.9831334
v -0.17143859 0.27364942 0.9831334
v -0.17143859 0.27364942 0.9831334
v -0.17143859 0.27364942 0.9831334
v -0.17143859 0.27364942 0.9831334
v -0.24245177 0.22343414 0.9831334
v -0.24245177 0.22343414 0.9831334
v -0.24245177 0.22343414 0.9831334
v -0.24245177 0.22343414 0.9831334
v -0.29694152 0.1579921 0.9831335
v -0.29694152 0.1579921 0.9831335
v -0.29694152 0.1579921 0.9831335
v -0.29694152 0.1579921 0.9831335
v -0.33119535 0.08178314 0.9831335
v -0.33119535 0.08178314 0.9831335
v -0.33119535 0.08178314 0.9831335
v -0.33119535 0.08178314 0.9831335
v -0.34725127 -0.18475907 1.0999815
v -0.34725127 -0.18475907 1.0999815
v -0.38730866 -0.09563751 1.0999814
v -0.38730866 -0.09563751 1.0999814
v -0.32209656 -0.17137481 1.1176482
v -0.33119568 -0.08178192 1.0999813
v -0.33119568 -0.08178192 1.0999813
v -0.32214507 -0.10191788 1.1387873
v -0.32214507 -0.10191788 1.1387873
v -0.30599183 -0.13785568 1.1387873
v -0.30599183 -0.13785568 1.1387873
v -0.29694152 -0.15799087 1.0999814
v -0.29694152 -0.15799087 1.0999814
v -0.359252 -0.08871048 1.1176479
v -0.20048553 -0.3200122 1.0999813
v -0.20048553 -0.3200122 1.0999813
v -0.28352904 -0.2612886 1.0999815
v -0.28352904 -0.2612886 1.0999815
v -0.18596251 -0.29683074 1.117648
v -0.24245177 -0.22343323 1.0999815
v -0.24245177 -0.22343323 1.0999815
v -0.22368896 -0.23670119 1.1387873
v -0.22368896 -0.23670119 1.1387873
v -0.19020203 -0.260381 1.1387873
v -0.19020203 -0.260381 1.1387873
v -0.17143951 -0.27364883 1.0999815
v -0.17143951 -0.27364883 1.0999815
v -0.2629907 -0.24236053 1.117648
v 0 -0.3695178 1.0999814
v 0 -0.3695178 1.0999814
v -0.10377899 -0.35692748 1.0999814
v -0.10377899 -0.35692748 1.0999814
v -3.0517577E-07 -0.34274992 1.117648
v -0.088743895 -0.30521545 1.0999814
v -0.088743895 -0.30521545 1.0999814
v -0.06529632 -0.3080606 1.1387873
v -0.06529632 -0.3080606 1.1387873
v -0.023447266 -0.31313813 1.1387873
v -0.023447266 -0.31313813 1.1387873
v 0 -0.31598204 1.0999814
v 0 -0.31598204 1.0999814
v -0.0962616 -0.33107176 1.1176479
v 0.20048523 -0.3200122 1.0999814
v 0.20048523 -0.3200122 1.0999814
v 0.10377929 -0.35692748 1.0999815
v 0.10377929 -0.35692748 1.0999815
v 0.18596222 -0.29683074 1.117648
v 0.088743895 -0.30521545 1.0999815
v 0.088743895 -0.30521545 1.0999815
v 0.110592954 -0.2968753 1.1387873
v 0.110592954 -0.2968753 1.1387873
v 0.14958954 -0.28198913 1.1387874
v 0.14958954 -0.28198913 1.1387874
v 0.1714392 -0.27364883 1.0999815
v 0.1714392 -0.27364883 1.0999815
v 0.09626129 -0.33107176 1.1176479
v 0.32209626 -0.17137481 1.117648
v 0.34725156 -0.18475907 1.0999815
v 0.34725156 -0.18475907 1.0999815
v 0.24245238 -0.22343323 1.0999815
v 0.24245238 -0.22343323 1.0999815
v 0.25684905 -0.20614272 1.1387874
v 0.25684905 -0.20614272 1.1387874
v 0.28254455 -0.17528228 1.1387873
v 0.28254455 -0.17528228 1.1387873
v 0.29694182 -0.15799117 1.0999815
v 0.29694182 -0.15799117 1.0999815
v 0.2546292 -0.2346553 1.1176482
v 0.40097135 6.1035155E-07 1.0999813
v 0.40097135 6.1035155E-07 1.0999813
v 0.38730866 -0.09563812 1.0999813
v 0.38730866 -0.09563812 1.0999813
v 0.37192535 6.1035155E-07 1.1176479
v 0.33119568 -0.08178192 1.0999815
v 0.33119568 -0.08178192 1.0999815
v 0.33428222 -0.06017334 1.1387873
v 0.33428222 -0.06017334 1.1387873
v 0.33979157 -0.021607665 1.1387873
v 0.33979157 -0.021607665 1.1387873
v 0.34287873 6.1035155E-07 1.0999814
v 0.34287873 6.1035155E-07 1.0999814
v 0.359252 -0.08871048 1.1176479
v 0.34725156 0.18475983 1.0999813
v 0.34725156 0.18475983 1.0999813
v 0.38730803 0.09563873 1.0999813
v 0.38730803 0.09563873 1.0999813
v 0.32209626 0.17137572 1.117648
v 0.33119568 0.08178283 1.0999813
v 0.33119568 0.08178283 1.0999813
v 0.32214507 0.10191894 1.138787
v 0.32214507 0.10191894 1.138787
v 0.30599213 0.13785599 1.138787
v 0.30599213 0.13785599 1.138787
v 0.29694122 0.15799163 1.0999813
v 0.29694122 0.15799163 1.0999813
v 0.359252 0.08871063 1.117648
v 0.20048584 0.3200128 1.0999813
v 0.20048584 0.3200128 1.0999813
v 0.28352997 0.26128936 1.0999813
v 0.28352997 0.26128936 1.0999813
v 0.18596283 0.2968312 1.117648
v 0.24245177 0.22343414 1.0999814
v 0.24245177 0.22343414 1.0999814
v 0.22368957 0.2367015 1.138787
v 0.22368957 0.2367015 1.138787
v 0.19020203 0.26038176 1.138787
v 0.19020203 0.26038176 1.138787
v 0.1714392 0.27364975 1.0999813
v 0.1714392 0.27364975 1.0999813
v 0.26299134 0.24236175 1.1176479
v 3.0517577E-07 0.36951917 1.0999813
v 3.0517577E-07 0.36951917 1.0999813
v 0.10377929 0.35692826 1.0999813
v 0.10377929 0.35692826 1.0999813
v 0 0.34275115 1.1176479
v 0.088743895 0.30521667 1.0999814
v 0.088743895 0.30521667 1.0999814
v 0.06529632 0.30806136 1.138787
v 0.06529632 0.30806136 1.138787
v 0.02344757 0.31313857 1.138787
v 0.02344757 0.31313857 1.138787
v 3.0517577E-07 0.3159834 1.0999813
v 3.0517577E-07 0.3159834 1.0999813
v 0.09626129 0.33107224 1.1176479
v -0.20048492 0.32001325 1.0999814
v -0.20048492 0.32001325 1.0999814
v -0.10377899 0.35692826 1.0999813
v -0.10377899 0.35692826 1.0999813
v -0.1859616 0.29683152 1.1176479
v -0.088743284 0.30521667 1.0999814
v -0.088743284 0.30521667 1.0999814
v -0.110592954 0.29687637 1.138787
v -0.110592954 0.29687637 1.138787
v -0.14958954 0.2819902 1.138787
v -0.14958954 0.2819902 1.138787
v -0.1714389 0.27364942 1.0999813
v -0.1714389 0.27364942 1.0999813
v -0.09626129 0.33107224 1.117648
v -0.34725037 0.18475983 1.0999815
v -0.34725037 0.18475983 1.0999815
v -0.28352875 0.26128998 1.0999814
v -0.28352875 0.26128998 1.0999814
v -0.32209685 0.17137633 1.1176479
v -0.24245177 0.22343414 1.0999815
v -0.24245177 0.22343414 1.0999815
v -0.25684905 0.20614348 1.138787
v -0.25684905 0.20614348 1.138787
v -0.28254426 0.1752832 1.138787
v -0.28254426 0.1752832 1.138787
v -0.29694152 0.1579921 1.0999815
v -0.29694152 0.1579921 1.0999815
v -0.26299042 0.24236237 1.1176482
v -0.40097076 6.1035155E-07 1.0999815
v -0.40097076 6.1035155E-07 1.0999815
v -0.40097076 6.1035155E-07 1.0999815
v -0.38730866 0.09563934 1.0999813
v -0.38730866 0.09563934 1.0999813
v -0.37192503 6.1035155E-07 1.1176479
v -0.37192503 6.1035155E-07 1.1176479
v -0.37192503 6.1035155E-07 1.1176479
v -0.37192503 6.1035155E-07 1.1176479
v -0.33119535 0.08178314 1.0999814
v -0.33119535 0.08178314 1.0999814
v -0.33428162 0.06017517 1.138787
v -0.33428162 0.06017517 1.138787
v -0.33979186 0.021608429 1.138787
v -0.33979186 0.021608429 1.138787
v -0.34287873 6.1035155E-07 1.0999815
v -0.34287873 6.1035155E-07 1.0999815
v -0.34287873 6.1035155E-07 1.0999815
v -0.3592523 0.088710934 1.1176479
v 0.2833548 -0.2614842 1.0999814
v 0.2833548 -0.2614842 1.0999814
v -0.40097106 3.0517577E-07 0.33341774
v -0.40097106 3.0517577E-07 0.33341774
v -0.40097106 3.0517577E-07 0.33341774
v -0.40097106 3.0517577E-07 0.33341774
v -0.38730866 -0.09563781 0.33341774
v -0.38730866 -0.09563781 0.33341774
v -0.34725127 -0.18475936 0.3334178
v -0.34725127 -0.18475936 0.3334178
v -0.28352904 -0.2612889 0.3334178
v -0.28352904 -0.2612889 0.3334178
v -0.20048492 -0.3200125 0.3334178
v -0.20048492 -0.3200125 0.3334178
v -0.10377899 -0.35692778 0.3334178
v -0.10377899 -0.35692778 0.3334178
v 0 -0.36951813 0.33341774
v 0 -0.36951813 0.33341774
v 0.10377868 -0.35692778 0.33341774
v 0.10377868 -0.35692778 0.33341774
v 0.10377868 -0.35692778 0.33341774
v 0.20048584 -0.3200125 0.3334181
v 0.20048584 -0.3200125 0.3334181
v 0.283403 -0.2613637 0.32856745
v 0.283403 -0.2613637 0.32856745
v 0.34725156 -0.18475936 0.3334178
v 0.34725156 -0.18475936 0.3334178
v 0.38730803 -0.095638424 0.33341774
v 0.38730803 -0.095638424 0.33341774
v 0.40097135 3.0517577E-07 0.33341774
v 0.40097135 3.0517577E-07 0.33341774
v 0.40097135 3.0517577E-07 0.33341774
v 0.38730866 0.095638424 0.33341774
v 0.38730866 0.095638424 0.33341774
v 0.34725156 0.1847589 0.3334178
v 0.34725156 0.1847589 0.3334178
v 0.34725156 0.1847589 0.3334178
v 0.28352997 0.26128906 0.33341765
v 0.28352997 0.26128906 0.33341765
v 0.20048584 0.3200125 0.33341774
v 0.20048584 0.3200125 0.33341774
v 0.10377929 0.35692763 0.3334176
v 0.10377929 0.35692763 0.3334176
v 0 0.36951858 0.33341765
v 0 0.36951858 0.33341765
v -0.10377899 0.35692793 0.33341765
v -0.10377899 0.35692793 0.33341765
v -0.20048492 0.3200128 0.33341765
v -0.20048492 0.3200128 0.33341765
v -0.28352904 0.26128966 0.3334178
v -0.28352904 0.26128966 0.3334178
v -0.28352904 0.26128966 0.3334178
v -0.34725067 0.18475951 0.33341774
v -0.34725067 0.18475951 0.33341774
v -0.38730866 0.095639035 0.3334178
v -0.38730866 0.095639035 0.3334178
vt 0.85376817 0.79364777
vt 0.85391027 0.6201034
vt 0.828602 0.62023246
vt 0.9770508 0.6204282
vt 0.8292447 0.79364777
vt 0.9765625 0.7937681
vt 0.87829155 0.79364777
vt 0.87833136 0.62005657
vt 0.90281504 0.79364777
vt 0.9028123 0.6201523
vt 0.9273384 0.79364777
vt 0.9273893 0.6200576
vt 0.9518619 0.79364777
vt 0.95185906 0.62015224
vt 0.9763852 0.79364777
vt 0.9764363 0.62005746
vt 1.0009086 0.79364777
vt 0.8286133 0.7937681
vt 1.000901 0.62013376
vt 0.8286133 0.6199399
vt 0.85302734 0.7937681
vt 0.8535156 0.6199399
vt 0.8779297 0.7937681
vt 0.8779297 0.6209165
vt 0.90234375 0.7937681
vt 0.90234375 0.6199399
vt 0.9267578 0.7937681
vt 0.9267578 0.6199399
vt 0.9511719 0.7937681
vt 0.9511719 0.7937681
vt 0.9511719 0.6199399
vt 0.9511719 0.6199399
vt 0.9760742 0.7937681
vt 0.9760742 0.6199399
vt 1.0004883 0.7937681
vt 0.8286133 0.7937681
vt 1.0004883 0.6199399
vt 0.8286133 0.6199399
vt 0.85302734 0.7937681
vt 0.85302734 0.6199399
vt 0.8774414 0.7937681
vt 0.8774414 0.6199399
vt 0.90185547 0.7937681
vt 0.90185547 0.6199399
vt 0.9267578 0.7937681
vt 0.9267578 0.6199399
vt 0.9511719 0.7937681
vt 0.9511719 0.6199399
vt 0.97558594 0.7937681
vt 0.97558594 0.6199399
vt 1 0.7937681
vt 0.90283203 0.7937681
vt 1 0.6199399
vt 0.90283203 0.6199399
vt 0.9277344 0.7937681
vt 0.9277344 0.6199399
vt 0.95214844 0.7937681
vt 0.95214844 0.6199399
vt 0.029296875 0.56933594
vt 0.029296875 0.56933594
vt 0.04215295 0.569962
vt 0.029296875 0.54296875
vt 0.04047689 0.5521286
vt 0.029296875 0.54296875
vt 0.002296271 0.5809947
vt 0.002296271 0.5809947
vt 0.002296271 0.5809947
vt 0.002296271 0.5809947
vt 0.0037446166 0.5415658
vt 0.0011590846 0.6148952
vt 0.55859375 0.56933594
vt 0.0011590846 0.6148952
vt 0.0011590846 0.6148952
vt 0.046346225 0.5296874
vt 0.04736328 0.5229492
vt 0.041695084 0.5307182
vt 0.04199464 0.53660434
vt 0.045874666 0.53858066
vt 0.03466797 0.5229492
vt 0.07519531 0.56933594
vt 0.07519531 0.56933594
vt 0.07161418 0.56675637
vt 0.07519531 0.54296875
vt 0.07834071 0.5501971
vt 0.07519531 0.54296875
vt 0.052734375 0.54296875
vt 0.04027988 0.51509976
vt 0.052734375 0.54296875
vt 0.052734375 0.56933594
vt 0.052734375 0.56933594
vt 0.044397302 0.49772537
vt 0.093487576 0.5322527
vt 0.09375 0.5229492
vt 0.08901471 0.5312046
vt 0.086641185 0.5369371
vt 0.0890533 0.54035896
vt 0.080566406 0.5229492
vt 0.12158203 0.56933594
vt 0.12158203 0.56933594
vt 0.10761145 0.55996597
vt 0.12158203 0.54296875
vt 0.119325675 0.5465221
vt 0.12158203 0.54296875
vt 0.09863281 0.54296875
vt 0.09452034 0.5164516
vt 0.09863281 0.54296875
vt 0.09863281 0.56933594
vt 0.09863281 0.56933594
vt 0.10573819 0.5026083
vt 0.1398334 0.53436804
vt 0.13916016 0.5229492
vt 0.13595541 0.5320635
vt 0.1315127 0.5366397
vt 0.13265394 0.5405025
vt 0.12695312 0.5229492
vt 0.16748047 0.56933594
vt 0.16748047 0.56933594
vt 0.15773962 0.56330466
vt 0.16748047 0.54296875
vt 0.16714497 0.54815865
vt 0.16748047 0.54296875
vt 0.14453125 0.54296875
vt 0.14581412 0.5197377
vt 0.14453125 0.54296875
vt 0.14453125 0.56933594
vt 0.14453125 0.56933594
vt 0.16058277 0.5098387
vt 0.18607423 0.5335569
vt 0.1850586 0.5229492
vt 0.18182324 0.53184485
vt 0.17780115 0.53664327
vt 0.17959066 0.54026294
vt 0.17285156 0.5229492
vt 0.21386719 0.57128906
vt 0.21386719 0.57128906
vt 0.20601064 0.5663065
vt 0.21386719 0.54296875
vt 0.21381456 0.54809237
vt 0.21386719 0.54296875
vt 0.19042969 0.54296875
vt 0.18978503 0.51825035
vt 0.19042969 0.54296875
vt 0.19042969 0.56933594
vt 0.19042969 0.56933594
vt 0.20280063 0.50612843
vt 0.23264998 0.53321856
vt 0.23144531 0.5229492
vt 0.22810349 0.53194034
vt 0.22479321 0.53692377
vt 0.2270908 0.54038984
vt 0.21875 0.5229492
vt 0.25927734 0.56933594
vt 0.25927734 0.56933594
vt 0.27721125 0.5693543
vt 0.25927734 0.54296875
vt 0.27278 0.55198956
vt 0.25927734 0.54296875
vt 0.2368164 0.54296875
vt 0.23417068 0.5174502
vt 0.2368164 0.54296875
vt 0.2368164 0.56933594
vt 0.245543 0.50374305
vt 0.2368164 0.56933594
vt 0.27609533 0.52895373
vt 0.27734375 0.5229492
vt 0.27159417 0.5306668
vt 0.27223134 0.53640115
vt 0.2763766 0.53774023
vt 0.26464844 0.5229492
vt 0.30566406 0.56933594
vt 0.30566406 0.56933594
vt 0.31815922 0.56996655
vt 0.30566406 0.54296875
vt 0.31655854 0.5521261
vt 0.30566406 0.54296875
vt 0.28271484 0.54296875
vt 0.2680542 0.51541203
vt 0.28271484 0.54296875
vt 0.28271484 0.56933594
vt 0.28271484 0.56933594
vt 0.2694989 0.49760836
vt 0.32252163 0.5297107
vt 0.32373047 0.5229492
vt 0.31786844 0.5307212
vt 0.31814173 0.5366086
vt 0.32201374 0.5386014
vt 0.31054688 0.5229492
vt 0.3515625 0.56933594
vt 0.3515625 0.56933594
vt 0.34764203 0.56672543
vt 0.3515625 0.54296875
vt 0.35440245 0.55018
vt 0.3515625 0.54296875
vt 0.32861328 0.54296875
vt 0.31651896 0.5150964
vt 0.32861328 0.54296875
vt 0.32861328 0.56933594
vt 0.32861328 0.56933594
vt 0.32071754 0.49774033
vt 0.36958528 0.5322664
vt 0.36914062 0.5229492
vt 0.3651145 0.5312092
vt 0.36272943 0.5369369
vt 0.36513478 0.5403638
vt 0.3569336 0.5229492
vt 0.39794922 0.56933594
vt 0.39794922 0.56933594
vt 0.38397825 0.56004345
vt 0.39794922 0.54296875
vt 0.39565143 0.5465638
vt 0.39794922 0.54296875
vt 0.37451172 0.54296875
vt 0.370651 0.5164678
vt 0.37451172 0.54296875
vt 0.37451172 0.56933594
vt 0.37451172 0.56933594
vt 0.38189766 0.5026479
vt 0.4161215 0.5343473
vt 0.41552734 0.5229492
vt 0.41223636 0.5320546
vt 0.4078081 0.53664446
vt 0.40896106 0.54050374
vt 0.40283203 0.5229492
vt 0.44384766 0.56933594
vt 0.44384766 0.56933594
vt 0.43414724 0.56344205
vt 0.44384766 0.54296875
vt 0.44345418 0.5482354
vt 0.44384766 0.54296875
vt 0.42089844 0.54296875
vt 0.4220578 0.519699
vt 0.42089844 0.54296875
vt 0.42089844 0.56933594
vt 0.42089844 0.56933594
vt 0.43679637 0.5097553
vt 0.462288 0.5335111
vt 0.46142578 0.5229492
vt 0.458026 0.53182685
vt 0.45403546 0.53665125
vt 0.4558481 0.54025924
vt 0.44873047 0.5229492
vt 0.4897461 0.56933594
vt 0.4897461 0.56933594
vt 0.49636632 0.5696191
vt 0.4897461 0.54296875
vt 0.49740875 0.55178
vt 0.4897461 0.54296875
vt 0.46679688 0.54296875
vt 0.46589887 0.51818067
vt 0.46679688 0.54296875
vt 0.46679688 0.56933594
vt 0.46679688 0.56933594
vt 0.47883523 0.5059742
vt 0.5077067 0.53052485
vt 0.5078125 0.5229492
vt 0.502985 0.5309112
vt 0.5015429 0.53669536
vt 0.50499374 0.53910834
vt 0.4946289 0.5229492
vt 0.53564453 0.56933594
vt 0.53564453 0.56933594
vt 0.56960374 0.50983465
vt 0.53564453 0.54296875
vt 0.5567068 0.52212465
vt 0.53564453 0.54296875
vt 0.5131836 0.54296875
vt 0.50401324 0.5152458
vt 0.5131836 0.54296875
vt 0.5131836 0.56933594
vt 0.5131836 0.56933594
vt 0.51027524 0.4985568
vt 0.53459007 0.5301823
vt 0.55371094 0.5229492
vt 0.5381041 0.53479826
vt 0.54314 0.5306713
vt 0.5422482 0.5261607
vt 0.5410156 0.5229492
vt 0.7615692 0.74906975
vt 0.55859375 0.5600586
vt 0.0063476562 0.5600586
vt 0.0048486423 0.55380046
vt 0.7455521 0.75117844
vt 0.029296875 0.5600586
vt 0.03346957 0.56226647
vt 0.029296875 0.5600586
vt 0.029296875 0.5600586
vt 0.7615692 0.8109549
vt 0.7306266 0.75736076
vt 0.052734375 0.5600586
vt 0.052734375 0.5600586
vt 0.034543037 0.5041726
vt 0.71780974 0.76719546
vt 0.07519531 0.5600586
vt 0.0675935 0.55612034
vt 0.07519531 0.5600586
vt 0.70797503 0.7800123
vt 0.09863281 0.5600586
vt 0.09863281 0.5600586
vt 0.09427545 0.50417763
vt 0.70179266 0.79493785
vt 0.12158203 0.5600586
vt 0.107342035 0.5488541
vt 0.12158203 0.5600586
vt 0.69968396 0.8109549
vt 0.14453125 0.5600586
vt 0.14453125 0.5600586
vt 0.14931224 0.50799704
vt 0.70179266 0.826972
vt 0.16748047 0.5600586
vt 0.15570089 0.5523877
vt 0.16748047 0.5600586
vt 0.70797503 0.84189755
vt 0.19042969 0.5600586
vt 0.19042969 0.5600586
vt 0.19125356 0.5060441
vt 0.71780974 0.8547144
vt 0.21386719 0.5600586
vt 0.20389852 0.554341
vt 0.21386719 0.5600586
vt 0.7306266 0.86454904
vt 0.2368164 0.5600586
vt 0.2368164 0.5600586
vt 0.23378918 0.5050708
vt 0.7455521 0.8707315
vt 0.25927734 0.5600586
vt 0.26742294 0.5630655
vt 0.25927734 0.5600586
vt 0.7615692 0.87284017
vt 0.28271484 0.5600586
vt 0.28271484 0.5600586
vt 0.2605788 0.5055319
vt 0.7775863 0.8707315
vt 0.30566406 0.5600586
vt 0.3095084 0.5622343
vt 0.30566406 0.5600586
vt 0.7925118 0.8645491
vt 0.32861328 0.5600586
vt 0.32861328 0.5600586
vt 0.31081378 0.50414795
vt 0.80532867 0.8547144
vt 0.3515625 0.5600586
vt 0.3436431 0.5560813
vt 0.3515625 0.5600586
vt 0.8151633 0.84189755
vt 0.37451172 0.5600586
vt 0.37451172 0.5600586
vt 0.37043282 0.50419354
vt 0.82134575 0.826972
vt 0.39794922 0.5600586
vt 0.38367498 0.5489327
vt 0.39794922 0.5600586
vt 0.82345444 0.8109549
vt 0.42089844 0.5600586
vt 0.42089844 0.5600586
vt 0.42552033 0.50794786
vt 0.82134575 0.7949379
vt 0.44384766 0.5600586
vt 0.43203768 0.55253863
vt 0.44384766 0.5600586
vt 0.8151634 0.78001237
vt 0.46679688 0.5600586
vt 0.46679688 0.5600586
vt 0.4672879 0.5059651
vt 0.80532867 0.7671955
vt 0.4897461 0.5600586
vt 0.48916188 0.56084365
vt 0.4897461 0.5600586
vt 0.7925118 0.7573608
vt 0.5131836 0.5600586
vt 0.5131836 0.5600586
vt 0.4995836 0.5036937
vt 0.7775863 0.75117844
vt 0.53564453 0.5600586
vt 0.5690541 0.5211328
vt 0.53564453 0.5600586
vt 0.052734375 0.53222656
vt 0.046129797 0.5223137
vt 0.029296875 0.53222656
vt 0.04587958 0.5458274
vt 0.04116614 0.52468014
vt 0.029296875 0.53222656
vt 0.03641525 0.5438952
vt 0.03564453 0.5229492
vt 0.037127502 0.53655845
vt 0.04638672 0.5229492
vt 0.03725426 0.52985007
vt 0.052734375 0.53222656
vt 0.036516298 0.5225831
vt 0.04186319 0.5426637
vt 0.09863281 0.53222656
vt 0.09648808 0.52544904
vt 0.07519531 0.53222656
vt 0.08586947 0.54693913
vt 0.091155335 0.52545923
vt 0.07519531 0.53222656
vt 0.078553714 0.5410994
vt 0.08154297 0.5229492
vt 0.082433335 0.5347618
vt 0.09277344 0.5229492
vt 0.08556623 0.5285597
vt 0.09863281 0.53222656
vt 0.08806084 0.5216224
vt 0.083858766 0.54239684
vt 0.14453125 0.53222656
vt 0.14491537 0.5288912
vt 0.12158203 0.53222656
vt 0.12740198 0.5456665
vt 0.13991524 0.5273385
vt 0.12158203 0.53222656
vt 0.12249847 0.5380758
vt 0.12792969 0.5229492
vt 0.12828518 0.53337204
vt 0.13867188 0.5229492
vt 0.13350312 0.52856743
vt 0.14453125 0.53222656
vt 0.13818033 0.52280116
vt 0.12702163 0.5408607
vt 0.19042969 0.53222656
vt 0.19042754 0.5274997
vt 0.16748047 0.53222656
vt 0.17499465 0.54601014
vt 0.18519378 0.5267179
vt 0.16748047 0.53222656
vt 0.16894934 0.5393125
vt 0.17382812 0.5229492
vt 0.17409286 0.5339612
vt 0.18457031 0.5229492
vt 0.17874892 0.5287322
vt 0.19042969 0.53222656
vt 0.18265808 0.5224527
vt 0.17383952 0.5413265
vt 0.23076881 0.52647424
vt 0.23620245 0.5266446
vt 0.2368164 0.53222656
vt 0.21386719 0.53222656
vt 0.21612407 0.54039145
vt 0.21923828 0.5229492
vt 0.22062713 0.5346364
vt 0.23046875 0.5229492
vt 0.22448803 0.529127
vt 0.2368164 0.53222656
vt 0.22750613 0.52248335
vt 0.21999787 0.54078203
vt 0.28271484 0.53222656
vt 0.27501097 0.5216613
vt 0.25927734 0.53222656
vt 0.27716956 0.5449306
vt 0.27042368 0.52474475
vt 0.25927734 0.53222656
vt 0.26755506 0.54443884
vt 0.265625 0.5229492
vt 0.26742348 0.5370987
vt 0.2763672 0.5229492
vt 0.26696894 0.5305047
vt 0.28271484 0.53222656
vt 0.26539996 0.5234065
vt 0.27273193 0.5424126
vt 0.32861328 0.53222656
vt 0.32233435 0.5223361
vt 0.30566406 0.53222656
vt 0.3219876 0.5458479
vt 0.31736726 0.5246785
vt 0.30566406 0.53222656
vt 0.31253132 0.54387534
vt 0.31152344 0.5229492
vt 0.31327492 0.5365416
vt 0.3227539 0.5229492
vt 0.3134344 0.5298338
vt 0.32861328 0.53222656
vt 0.31272888 0.5225655
vt 0.3179847 0.54266715
vt 0.37451172 0.53222656
vt 0.3725998 0.5254692
vt 0.3515625 0.53222656
vt 0.3619377 0.5469374
vt 0.36726686 0.5254683
vt 0.3515625 0.53222656
vt 0.35463396 0.54108286
vt 0.35791016 0.5229492
vt 0.3585261 0.5347531
vt 0.36865234 0.5229492
vt 0.3616716 0.5285572
vt 0.37451172 0.53222656
vt 0.36418062 0.52162486
vt 0.35993642 0.542391
vt 0.42089844 0.53222656
vt 0.4211868 0.5288552
vt 0.39794922 0.53222656
vt 0.40372506 0.54568374
vt 0.41618198 0.52731776
vt 0.39794922 0.53222656
vt 0.3987984 0.5381081
vt 0.4038086 0.5229492
vt 0.40457052 0.5333865
vt 0.41455078 0.5229492
vt 0.40977344 0.5285661
vt 0.42089844 0.53222656
vt 0.41443333 0.52278566
vt 0.40333 0.540879
vt 0.46679688 0.53222656
vt 0.4666017 0.52742577
vt 0.44384766 0.53222656
vt 0.45128965 0.54603606
vt 0.46136296 0.526678
vt 0.44384766 0.53222656
vt 0.4452012 0.5393778
vt 0.44970703 0.5229492
vt 0.4503099 0.53399336
vt 0.46044922 0.5229492
vt 0.45493162 0.5287342
vt 0.46679688 0.53222656
vt 0.4587995 0.5224294
vt 0.45010436 0.54135996
vt 0.5131836 0.53222656
vt 0.5088975 0.5232131
vt 0.4897461 0.53222656
vt 0.5035065 0.54624826
vt 0.5037202 0.5248813
vt 0.4897461 0.53222656
vt 0.4947286 0.54306835
vt 0.49560547 0.5229492
vt 0.49688217 0.53602237
vt 0.50683594 0.5229492
vt 0.4986639 0.52949476
vt 0.5131836 0.53222656
vt 0.49936268 0.5222068
vt 0.50012493 0.5425972
vt 0.55859375 0.53222656
vt -0.011034002 0.59140635
vt 0.52767503 0.53186077
vt 0.53564453 0.53222656
vt 0.5482694 0.5219206
vt -0.008407426 0.581808
vt 0.5312956 0.53608274
vt 0.006603391 0.5321019
vt 0.536006 0.5415942
vt 0.53564453 0.53222656
vt 0.5528097 0.5299992
vt 0.5419922 0.5229492
vt 0.54667556 0.5337795
vt 0.5527344 0.5229492
vt 0.54226035 0.5383316
vt 0.55859375 0.53222656
vt 0.010193961 0.5361059
vt 0.5403418 0.5450982
vt 0.5483312 0.5269613
vt 0.21386719 0.53222656
vt 0.22299884 0.5465888
vt 0.0063476562 0.7861328
vt 0.55859375 0.7861328
vt 0.8288385 0.61759174
vt 0.9770508 0.6179868
vt 0.029296875 0.7861328
vt 0.8539093 0.61746174
vt 0.052734375 0.7861328
vt 0.8783322 0.6174143
vt 0.07519531 0.7861328
vt 0.9028128 0.6175107
vt 0.09863281 0.7861328
vt 0.92738956 0.6174154
vt 0.12158203 0.7861328
vt 0.95185953 0.6175107
vt 0.14453125 0.7861328
vt 0.97643644 0.61741525
vt 0.16748047 0.7861328
vt 1.0009031 0.6174921
vt 0.8286133 0.6174985
vt 0.19042969 0.7861328
vt 0.8535156 0.6174985
vt 0.21386719 0.7871094
vt 0.8779297 0.6184751
vt 0.2368164 0.7861328
vt 0.90234375 0.6174985
vt 0.25927734 0.7861328
vt 0.9267578 0.6174985
vt 0.28271484 0.7861328
vt 0.9511719 0.6174985
vt 0.9511719 0.6174985
vt 0.30566406 0.7861328
vt 0.9760742 0.6174985
vt 0.32861328 0.7861328
vt 1.0004883 0.6174985
vt 0.8286133 0.6174985
vt 0.3515625 0.7861328
vt 0.85302734 0.6174985
vt 0.37451172 0.7861328
vt 0.8774414 0.6174985
vt 0.39794922 0.7861328
vt 0.90185547 0.6174985
vt 0.42089844 0.7861328
vt 0.9267578 0.6174985
vt 0.44384766 0.7861328
vt 0.9511719 0.6174985
vt 0.46679688 0.7861328
vt 0.97558594 0.6174985
vt 0.4897461 0.7861328
vt 1 0.6174985
vt 0.90283203 0.6174985
vt 0.5131836 0.7861328
vt 0.9277344 0.6174985
vt 0.53564453 0.7861328
vt 0.95214844 0.6174985
f 68/68 64/64 286/286
f 285/285 280/280 67/67
f 529/529 72/72 66/66
f 66/66 533/533 529/529
f 65/65 70/70 59/59
f 59/59 62/62 65/65
f 535/535 69/69 281/281
f 281/281 544/544 535/535
f 260/260 263/263 266/266
f 266/266 269/269 260/260
f 268/268 265/265 375/375
f 375/375 370/370 268/268
f 86/86 89/89 80/80
f 80/80 83/83 86/86
f 295/295 290/290 88/88
f 88/88 85/85 295/295
f 242/242 245/245 248/248
f 248/248 251/251 242/242
f 250/250 247/247 367/367
f 367/367 362/362 250/250
f 104/104 107/107 98/98
f 98/98 101/101 104/104
f 303/303 298/298 106/106
f 106/106 103/103 303/303
f 224/224 227/227 230/230
f 230/230 233/233 224/224
f 232/232 229/229 359/359
f 359/359 354/354 232/232
f 311/311 306/306 124/124
f 124/124 121/121 311/311
f 122/122 125/125 116/116
f 116/116 119/119 122/122
f 214/214 211/211 351/351
f 351/351 346/346 214/214
f 206/206 209/209 212/212
f 212/212 215/215 206/206
f 314/314 142/142 139/139
f 139/139 319/319 314/314
f 140/140 143/143 134/134
f 134/134 137/137 140/140
f 196/196 193/193 343/343
f 343/343 338/338 196/196
f 188/188 191/191 194/194
f 194/194 197/197 188/188
f 327/327 322/322 160/160
f 160/160 157/157 327/327
f 335/335 330/330 178/178
f 178/178 175/175 335/335
f 158/158 161/161 152/152
f 152/152 155/155 158/158
f 170/170 173/173 176/176
f 176/176 179/179 170/170
f 273/273 277/277 531/531
f 261/261 273/273 531/531
f 71/71 528/528 273/273
f 261/261 71/71 273/273
f 601/601 550/550 71/71
f 71/71 261/261 601/601
f 599/599 601/601 261/261
f 261/261 270/270 599/599
f 596/596 599/599 270/270
f 270/270 243/243 596/596
f 594/594 596/596 243/243
f 270/270 514/514 255/255
f 243/243 270/270 255/255
f 243/243 255/255 516/516
f 255/255 259/259 516/516
f 243/243 252/252 594/594
f 592/592 594/594 252/252
f 252/252 225/225 592/592
f 590/590 592/592 225/225
f 252/252 500/500 237/237
f 225/225 252/252 237/237
f 225/225 237/237 502/502
f 237/237 241/241 502/502
f 225/225 234/234 590/590
f 588/588 590/590 234/234
f 234/234 207/207 588/588
f 586/586 588/588 207/207
f 234/234 486/486 219/219
f 207/207 234/234 219/219
f 207/207 219/219 488/488
f 219/219 223/223 488/488
f 207/207 216/216 586/586
f 584/584 586/586 216/216
f 216/216 189/189 584/584
f 581/581 584/584 189/189
f 216/216 472/472 201/201
f 189/189 216/216 201/201
f 189/189 201/201 474/474
f 201/201 205/205 474/474
f 189/189 198/198 581/581
f 579/579 581/581 198/198
f 198/198 171/171 579/579
f 576/576 579/579 171/171
f 198/198 458/458 183/183
f 171/171 198/198 183/183
f 171/171 183/183 460/460
f 183/183 187/187 460/460
f 171/171 180/180 576/576
f 574/574 576/576 180/180
f 180/180 153/153 574/574
f 572/572 574/574 153/153
f 180/180 444/444 165/165
f 153/153 180/180 165/165
f 153/153 165/165 446/446
f 165/165 169/169 446/446
f 153/153 163/163 572/572
f 163/163 434/434 147/147
f 572/572 163/163 135/135
f 135/135 163/163 147/147
f 135/135 570/570 572/572
f 135/135 147/147 151/151
f 135/135 151/151 547/547
f 568/568 570/570 135/135
f 135/135 144/144 568/568
f 565/565 568/568 144/144
f 144/144 117/117 565/565
f 563/563 565/565 117/117
f 144/144 418/418 129/129
f 117/117 144/144 129/129
f 117/117 129/129 420/420
f 129/129 133/133 420/420
f 117/117 126/126 563/563
f 561/561 563/563 126/126
f 126/126 99/99 561/561
f 559/559 561/561 99/99
f 126/126 404/404 111/111
f 99/99 126/126 111/111
f 99/99 111/111 406/406
f 111/111 115/115 406/406
f 99/99 108/108 559/559
f 557/557 559/559 108/108
f 108/108 81/81 557/557
f 555/555 557/557 81/81
f 108/108 390/390 93/93
f 81/81 108/108 93/93
f 81/81 93/93 392/392
f 93/93 97/97 392/392
f 81/81 90/90 555/555
f 553/553 555/555 90/90
f 90/90 60/60 553/553
f 549/549 553/553 60/60
f 60/60 73/73 549/549
f 60/60 90/90 75/75
f 90/90 376/376 75/75
f 60/60 75/75 378/378
f 75/75 79/79 378/378
f 272/272 530/530 534/534
f 534/534 274/274 272/272
f 274/274 536/536 545/545
f 545/545 542/542 274/274
f 272/272 274/274 275/275
f 275/275 274/274 542/542
f 542/542 540/540 275/275
f 275/275 276/276 272/272
f 275/275 540/540 538/538
f 276/276 275/275 546/546
f 538/538 546/546 275/275
f 546/546 532/532 276/276
f 262/262 532/532 546/546
f 546/546 264/264 262/262
f 264/264 546/546 538/538
f 538/538 374/374 264/264
f 539/539 541/541 543/543
f 279/279 539/539 543/543
f 279/279 373/373 539/539
f 373/373 537/537 539/539
f 283/283 381/381 383/383
f 289/289 283/283 383/383
f 289/289 383/383 387/387
f 383/383 385/385 387/387
f 521/521 523/523 525/525
f 369/369 521/521 525/525
f 369/369 365/365 521/521
f 365/365 519/519 521/521
f 293/293 395/395 397/397
f 297/297 293/293 397/397
f 297/297 397/397 401/401
f 397/397 399/399 401/401
f 507/507 509/509 511/511
f 361/361 507/507 511/511
f 361/361 357/357 507/507
f 357/357 505/505 507/507
f 301/301 409/409 411/411
f 305/305 301/301 411/411
f 305/305 411/411 415/415
f 411/411 413/413 415/415
f 493/493 495/495 497/497
f 353/353 493/493 497/497
f 353/353 349/349 493/493
f 349/349 491/491 493/493
f 309/309 423/423 425/425
f 313/313 309/309 425/425
f 313/313 425/425 429/429
f 425/425 427/427 429/429
f 479/479 481/481 483/483
f 345/345 479/479 483/483
f 345/345 341/341 479/479
f 341/341 477/477 479/479
f 317/317 435/435 437/437
f 321/321 317/317 437/437
f 321/321 437/437 441/441
f 437/437 439/439 441/441
f 465/465 467/467 469/469
f 337/337 465/465 469/469
f 337/337 333/333 465/465
f 333/333 463/463 465/465
f 325/325 449/449 451/451
f 329/329 325/325 451/451
f 329/329 451/451 455/455
f 451/451 453/453 455/455
f 377/377 91/91 87/87
f 87/87 380/380 377/377
f 380/380 87/87 291/291
f 74/74 377/377 380/380
f 291/291 388/388 380/380
f 76/76 380/380 388/388
f 380/380 76/76 74/74
f 388/388 386/386 76/76
f 74/74 76/76 77/77
f 77/77 76/76 386/386
f 386/386 384/384 77/77
f 77/77 78/78 74/74
f 77/77 384/384 382/382
f 78/78 77/77 389/389
f 382/382 389/389 77/77
f 389/389 379/379 78/78
f 61/61 379/379 389/389
f 389/389 63/63 61/61
f 63/63 389/389 382/382
f 382/382 284/284 63/63
f 515/515 271/271 267/267
f 267/267 518/518 515/515
f 518/518 267/267 371/371
f 254/254 515/515 518/518
f 371/371 526/526 518/518
f 256/256 518/518 526/526
f 518/518 256/256 254/254
f 526/526 524/524 256/256
f 254/254 256/256 257/257
f 257/257 256/256 524/524
f 524/524 522/522 257/257
f 257/257 258/258 254/254
f 257/257 522/522 520/520
f 258/258 257/257 527/527
f 520/520 527/527 257/257
f 527/527 517/517 258/258
f 244/244 517/517 527/527
f 527/527 246/246 244/244
f 246/246 527/527 520/520
f 520/520 366/366 246/246
f 391/391 109/109 105/105
f 105/105 394/394 391/391
f 394/394 105/105 299/299
f 92/92 391/391 394/394
f 299/299 402/402 394/394
f 94/94 394/394 402/402
f 394/394 94/94 92/92
f 402/402 400/400 94/94
f 92/92 94/94 95/95
f 95/95 94/94 400/400
f 400/400 398/398 95/95
f 95/95 96/96 92/92
f 95/95 398/398 396/396
f 96/96 95/95 403/403
f 396/396 403/403 95/95
f 403/403 393/393 96/96
f 82/82 393/393 403/403
f 403/403 84/84 82/82
f 84/84 403/403 396/396
f 396/396 294/294 84/84
f 501/501 253/253 249/249
f 249/249 504/504 501/501
f 504/504 249/249 363/363
f 236/236 501/501 504/504
f 363/363 512/512 504/504
f 238/238 504/504 512/512
f 504/504 238/238 236/236
f 512/512 510/510 238/238
f 236/236 238/238 239/239
f 239/239 238/238 510/510
f 510/510 508/508 239/239
f 239/239 240/240 236/236
f 239/239 508/508 506/506
f 240/240 239/239 513/513
f 506/506 513/513 239/239
f 513/513 503/503 240/240
f 226/226 503/503 513/513
f 513/513 228/228 226/226
f 228/228 513/513 506/506
f 506/506 358/358 228/228
f 405/405 127/127 123/123
f 123/123 408/408 405/405
f 408/408 123/123 307/307
f 110/110 405/405 408/408
f 307/307 416/416 408/408
f 112/112 408/408 416/416
f 408/408 112/112 110/110
f 416/416 414/414 112/112
f 110/110 112/112 113/113
f 113/113 112/112 414/414
f 414/414 412/412 113/113
f 113/113 114/114 110/110
f 113/113 412/412 410/410
f 114/114 113/113 417/417
f 410/410 417/417 113/113
f 417/417 407/407 114/114
f 100/100 407/407 417/417
f 417/417 102/102 100/100
f 102/102 417/417 410/410
f 410/410 302/302 102/102
f 487/487 235/235 231/231
f 231/231 490/490 487/487
f 490/490 231/231 355/355
f 218/218 487/487 490/490
f 355/355 498/498 490/490
f 220/220 490/490 498/498
f 490/490 220/220 218/218
f 498/498 496/496 220/220
f 218/218 220/220 221/221
f 221/221 220/220 496/496
f 496/496 494/494 221/221
f 221/221 222/222 218/218
f 221/221 494/494 492/492
f 222/222 221/221 499/499
f 492/492 499/499 221/221
f 499/499 489/489 222/222
f 208/208 489/489 499/499
f 499/499 210/210 208/208
f 210/210 499/499 492/492
f 492/492 350/350 210/210
f 419/419 145/145 141/141
f 141/141 422/422 419/419
f 422/422 141/141 315/315
f 128/128 419/419 422/422
f 315/315 430/430 422/422
f 130/130 422/422 430/430
f 422/422 130/130 128/128
f 430/430 428/428 130/130
f 128/128 130/130 131/131
f 131/131 130/130 428/428
f 428/428 426/426 131/131
f 131/131 132/132 128/128
f 131/131 426/426 424/424
f 132/132 131/131 431/431
f 424/424 431/431 131/131
f 431/431 421/421 132/132
f 118/118 421/421 431/431
f 431/431 120/120 118/118
f 120/120 431/431 424/424
f 424/424 310/310 120/120
f 473/473 217/217 213/213
f 213/213 476/476 473/473
f 476/476 213/213 347/347
f 200/200 473/473 476/476
f 347/347 484/484 476/476
f 202/202 476/476 484/484
f 476/476 202/202 200/200
f 484/484 482/482 202/202
f 200/200 202/202 203/203
f 203/203 202/202 482/482
f 482/482 480/480 203/203
f 203/203 204/204 200/200
f 203/203 480/480 478/478
f 204/204 203/203 485/485
f 478/478 485/485 203/203
f 485/485 475/475 204/204
f 190/190 475/475 485/485
f 485/485 192/192 190/190
f 192/192 485/485 478/478
f 478/478 342/342 192/192
f 436/436 318/318 138/138
f 138/138 443/443 436/436
f 443/443 138/138 136/136
f 438/438 436/436 443/443
f 136/136 548/548 443/443
f 443/443 149/149 438/438
f 149/149 443/443 548/548
f 548/548 150/150 149/149
f 440/440 438/438 149/149
f 149/149 150/150 146/146
f 149/149 148/148 440/440
f 146/146 148/148 149/149
f 442/442 440/440 148/148
f 432/432 148/148 146/146
f 148/148 432/432 442/442
f 323/323 442/442 432/432
f 146/146 433/433 432/432
f 432/432 159/159 323/323
f 159/159 432/432 433/433
f 433/433 162/162 159/159
f 459/459 199/199 195/195
f 195/195 462/462 459/459
f 462/462 195/195 339/339
f 182/182 459/459 462/462
f 339/339 470/470 462/462
f 184/184 462/462 470/470
f 462/462 184/184 182/182
f 470/470 468/468 184/184
f 182/182 184/184 185/185
f 185/185 184/184 468/468
f 468/468 466/466 185/185
f 185/185 186/186 182/182
f 185/185 466/466 464/464
f 186/186 185/185 471/471
f 464/464 471/471 185/185
f 471/471 461/461 186/186
f 172/172 461/461 471/471
f 471/471 174/174 172/172
f 174/174 471/471 464/464
f 464/464 334/334 174/174
f 445/445 181/181 177/177
f 177/177 448/448 445/445
f 448/448 177/177 331/331
f 164/164 445/445 448/448
f 331/331 456/456 448/448
f 166/166 448/448 456/456
f 448/448 166/166 164/164
f 456/456 454/454 166/166
f 164/164 166/166 167/167
f 167/167 166/166 454/454
f 454/454 452/452 167/167
f 167/167 168/168 164/164
f 167/167 452/452 450/450
f 168/168 167/167 457/457
f 450/450 457/457 167/167
f 457/457 447/447 168/168
f 154/154 447/447 457/457
f 457/457 156/156 154/154
f 156/156 457/457 450/450
f 450/450 326/326 156/156
f 3/3 5/5 1/1
f 554/554 551/551 3/3
f 1/1 2/2 3/3
f 3/3 2/2 554/554
f 2/2 1/1 7/7
f 556/556 554/554 2/2
f 7/7 8/8 2/2
f 2/2 8/8 556/556
f 8/8 7/7 9/9
f 558/558 556/556 8/8
f 9/9 10/10 8/8
f 8/8 10/10 558/558
f 10/10 9/9 11/11
f 560/560 558/558 10/10
f 11/11 12/12 10/10
f 10/10 12/12 560/560
f 12/12 11/11 13/13
f 562/562 560/560 12/12
f 13/13 14/14 12/12
f 12/12 14/14 562/562
f 14/14 13/13 15/15
f 564/564 562/562 14/14
f 15/15 16/16 14/14
f 14/14 16/16 564/564
f 16/16 15/15 17/17
f 566/566 564/564 16/16
f 17/17 19/19 16/16
f 16/16 19/19 566/566
f 54/54 52/52 55/55
f 600/600 598/598 54/54
f 55/55 56/56 54/54
f 54/54 56/56 600/600
f 56/56 55/55 57/57
f 602/602 600/600 56/56
f 57/57 58/58 56/56
f 56/56 58/58 602/602
f 58/58 57/57 6/6
f 552/552 602/602 58/58
f 6/6 4/4 58/58
f 58/58 4/4 552/552
f 569/569 567/567 20/20
f 20/20 22/22 569/569
f 571/571 569/569 22/22
f 20/20 18/18 21/21
f 21/21 22/22 20/20
f 22/22 24/24 571/571
f 24/24 22/22 21/21
f 21/21 23/23 24/24
f 573/573 571/571 24/24
f 24/24 23/23 25/25
f 24/24 26/26 573/573
f 25/25 26/26 24/24
f 575/575 573/573 26/26
f 26/26 25/25 27/27
f 26/26 28/28 575/575
f 27/27 28/28 26/26
f 577/577 575/575 28/28
f 28/28 27/27 29/29
f 28/28 31/31 577/577
f 29/29 31/31 28/28
f 585/585 583/583 38/38
f 38/38 36/36 39/39
f 38/38 40/40 585/585
f 39/39 40/40 38/38
f 587/587 585/585 40/40
f 40/40 39/39 41/41
f 40/40 42/42 587/587
f 41/41 42/42 40/40
f 589/589 587/587 42/42
f 42/42 41/41 43/43
f 42/42 44/44 589/589
f 43/43 44/44 42/42
f 591/591 589/589 44/44
f 44/44 43/43 45/45
f 44/44 46/46 591/591
f 45/45 46/46 44/44
f 593/593 591/591 46/46
f 46/46 45/45 47/47
f 46/46 48/48 593/593
f 47/47 48/48 46/46
f 595/595 593/593 48/48
f 48/48 47/47 49/49
f 48/48 50/50 595/595
f 49/49 50/50 48/48
f 597/597 595/595 50/50
f 50/50 49/49 51/51
f 50/50 53/53 597/597
f 51/51 53/53 50/50
f 580/580 578/578 32/32
f 32/32 30/30 33/33
f 32/32 34/34 580/580
f 33/33 34/34 32/32
f 582/582 580/580 34/34
f 34/34 33/33 35/35
f 34/34 37/37 582/582
f 35/35 37/37 34/34
f 278/278 282/282 287/287
f 372/372 278/278 287/287
f 282/282 288/288 287/287
f 368/368 372/372 287/287
f 288/288 292/292 287/287
f 364/364 368/368 287/287
f 292/292 296/296 287/287
f 360/360 364/364 287/287
f 296/296 300/300 287/287
f 356/356 360/360 287/287
f 300/300 304/304 287/287
f 352/352 356/356 287/287
f 304/304 308/308 287/287
f 348/348 352/352 287/287
f 308/308 312/312 287/287
f 344/344 348/348 287/287
f 312/312 316/316 287/287
f 340/340 344/344 287/287
f 316/316 320/320 287/287
f 336/336 340/340 287/287
f 320/320 324/324 287/287
f 332/332 336/336 287/287
f 324/324 328/328 287/287
f 328/328 332/332 287/287
o mi_aserai_tower_2.lod4
v 0.2142929 -0.35616538 0.31615004
v 0.2142929 -0.35616538 0.31615004
v 0.2142929 -0.35616538 0.31615004
v 0.2142929 -0.35616538 0.31615004
v 0.3950636 -0.1403877 -0.85573864
v 0.3950636 -0.1403877 -0.85573864
v 0.39506355 -0.14038768 0.31615052
v 0.39506355 -0.14038768 0.31615052
v 0.39506355 -0.14038768 0.31615052
v 0.39506355 -0.14038768 0.31615052
v 0.2142929 -0.35616538 -0.85573864
v 0.2142929 -0.35616538 -0.85573864
v -0.06288498 -0.405263 0.31615004
v -0.06288498 -0.405263 0.31615004
v -0.06288498 -0.405263 0.31615004
v -0.06288498 -0.405263 0.31615004
v -0.06288498 -0.40526295 -0.85573864
v -0.06288498 -0.40526295 -0.85573864
v -0.3071894 0.2643259 0.31615052
v -0.3071894 0.2643259 0.31615052
v -0.3071894 0.2643259 0.31615052
v -0.3071894 0.2643259 0.31615052
v -0.3071894 0.26432583 -0.85573864
v -0.3071894 0.26432583 -0.85573864
v -0.40325868 -0.00026587068 0.31615052
v -0.40325868 -0.00026587068 0.31615052
v -0.40325868 -0.00026587068 0.31615052
v -0.40325868 -0.00026587068 0.31615052
v -0.40325862 -0.00026585907 -0.85573864
v -0.40325862 -0.00026585907 -0.85573864
v -0.06351962 0.405263 0.31615052
v -0.06351962 0.405263 0.31615052
v -0.06351962 0.405263 0.31615052
v -0.06351962 0.405263 0.31615052
v -0.06351963 0.405263 -0.85573864
v -0.06351963 0.405263 -0.85573864
v 0.21373455 0.3565987 0.31615052
v 0.21373455 0.3565987 0.31615052
v 0.21373455 0.3565987 0.31615052
v 0.21373455 0.3565987 0.31615052
v 0.21373451 0.3565987 -0.85573864
v 0.21373451 0.3565987 -0.85573864
v 0.39484298 0.14110428 -0.85573864
v 0.39484298 0.14110428 -0.85573864
v 0.39484295 0.14110431 0.31615052
v 0.39484295 0.14110431 0.31615052
v 0.39484295 0.14110431 0.31615052
v 0.39484295 0.14110431 0.31615052
v -0.30677515 -0.2647072 0.31615052
v -0.30677515 -0.2647072 0.31615052
v -0.30677515 -0.2647072 0.31615052
v -0.30677515 -0.2647072 0.31615052
v -0.3067751 -0.26470727 -0.85573864
v -0.3067751 -0.26470727 -0.85573864
v 0.21429288 -0.35616535 1.054336
v 0.21429288 -0.35616535 1.054336
v 0.21429288 -0.35616535 1.054336
v 0.21429288 -0.35616535 1.054336
v 0.39506355 -0.14038771 1.054336
v 0.39506355 -0.14038771 1.054336
v 0.39506355 -0.14038771 1.054336
v 0.39506355 -0.14038771 1.054336
v -0.06288497 -0.40526295 1.054336
v -0.06288497 -0.40526295 1.054336
v -0.06288497 -0.40526295 1.054336
v -0.06288497 -0.40526295 1.054336
v -0.30718938 0.26432583 1.054336
v -0.30718938 0.26432583 1.054336
v -0.30718938 0.26432583 1.054336
v -0.30718938 0.26432583 1.054336
v -0.40325865 -0.00026590392 1.054336
v -0.40325865 -0.00026590392 1.054336
v -0.40325865 -0.00026590392 1.054336
v -0.40325865 -0.00026590392 1.054336
v -0.06351962 0.405263 1.054336
v -0.06351962 0.405263 1.054336
v -0.06351962 0.405263 1.054336
v -0.06351962 0.405263 1.054336
v 0.21373452 0.3565987 1.054336
v 0.21373452 0.3565987 1.054336
v 0.21373452 0.3565987 1.054336
v 0.21373452 0.3565987 1.054336
v 0.39484295 0.14110427 1.054336
v 0.39484295 0.14110427 1.054336
v 0.39484295 0.14110427 1.054336
v 0.39484295 0.14110427 1.054336
v -0.30677512 -0.26470727 1.054336
v -0.30677512 -0.26470727 1.054336
v -0.30677512 -0.26470727 1.054336
v -0.30677512 -0.26470727 1.054336
v 0.008256257 5.583599E-05 1.0457759
v -0.26966184 -0.27802035 1.1556442
v -0.18802276 -0.34066498 0.9870682
v -0.18802275 -0.34066498 1.1556442
v -0.26966184 -0.27802035 0.9870682
v 0.009070516 -0.3934765 1.1556435
v -0.09295269 -0.38004377 0.9870682
v 0.009070507 -0.3934765 0.9870682
v -0.09295269 -0.38004377 1.1556442
v 0.11109439 -0.38004413 1.1556435
v 0.20616433 -0.3406663 0.9870682
v 0.20616433 -0.3406663 1.1556435
v 0.11109439 -0.38004413 0.9870682
v 0.2878042 -0.2780206 1.1556431
v 0.35044724 -0.1963831 0.9870682
v 0.35044724 -0.19638313 1.1556431
v 0.28780416 -0.27802056 0.9870677
v 0.38982826 0.10273487 1.1556431
v 0.35044727 0.19780591 0.9870677
v 0.35044727 0.19780591 1.1556431
v 0.38982826 0.10273486 0.9870677
v 0.28780603 0.2794425 1.1556431
v 0.20616649 0.34208623 0.9870677
v 0.20616569 0.34208673 1.1556431
v 0.28780603 0.2794425 0.9870677
v 0.11109647 0.38146526 1.1556431
v 0.009073229 0.39489776 0.9870682
v 0.009073237 0.39489776 1.1556431
v 0.11109646 0.38146526 0.9870677
v -0.092951216 0.38146785 1.1556431
v -0.18802163 0.34208813 0.9870677
v -0.18802163 0.34208813 1.1556431
v -0.092951216 0.38146785 0.9870677
v -0.33230352 0.19780393 1.1556431
v -0.26966047 0.27944493 0.9870682
v -0.33230352 0.19780394 0.9870677
v -0.26966047 0.2794449 1.1556431
v -0.38511634 0.00071098475 1.1556442
v -0.37168276 0.10273238 0.9870682
v -0.38511634 0.00071097846 0.9870682
v -0.37168276 0.10273239 1.1556442
v -0.33230636 -0.19638138 1.1556442
v -0.37168598 -0.10131071 0.9870682
v -0.33230636 -0.19638138 0.9870682
v -0.37168598 -0.1013107 1.1556442
v 0.38978305 -0.10157869 1.1556442
v 0.40325868 0.0007107064 0.9870682
v 0.40325868 0.00071071263 1.1556435
v 0.38969317 -0.10157412 0.9764738
v -0.18351787 -0.3347942 1.1567713
v -0.18351789 -0.3347942 0.98819524
v -0.26515695 -0.27214956 1.1567713
v -0.26515695 -0.27214956 0.98819524
v 0.010036486 -0.38613978 1.1567706
v -0.09198672 -0.3727071 0.98819524
v -0.09198672 -0.3727071 1.1567713
v 0.010036477 -0.38613978 0.98819524
v 0.20333257 -0.33382958 0.98819524
v 0.10826262 -0.3732074 1.1567706
v 0.20333257 -0.33382958 1.1567706
v 0.10826262 -0.3732074 0.98819524
v 0.34457642 -0.19187826 1.1567702
v 0.34457645 -0.19187826 0.98819524
v 0.28193337 -0.2735157 1.1567702
v 0.28193337 -0.2735157 0.98819476
v 0.3436106 0.19497398 1.1567702
v 0.3436106 0.19497398 0.98819476
v 0.38299158 0.099902935 1.1567702
v 0.38299158 0.099902935 0.98819476
v 0.20166087 0.3362159 1.1567702
v 0.20166168 0.3362154 0.98819476
v 0.2833012 0.27357167 1.1567702
v 0.2833012 0.27357167 0.98819476
v 0.008107272 0.38756105 0.98819524
v 0.11013052 0.37412855 1.1567702
v 0.008107281 0.38756105 1.1567702
v 0.1101305 0.37412855 0.98819476
v -0.18518975 0.33525142 1.1567702
v -0.18518975 0.33525142 0.98819476
v -0.09011934 0.37463114 1.1567702
v -0.09011934 0.37463114 0.98819476
v -0.32643265 0.19329922 1.1567702
v -0.26378956 0.2749402 0.98819524
v -0.26378956 0.2749402 1.1567702
v -0.32643265 0.19329922 0.98819476
v -0.3777797 -0.00025506585 1.1567713
v -0.36434612 0.10176633 0.98819524
v -0.36434612 0.10176633 1.1567713
v -0.3777797 -0.00025507063 0.98819524
v -0.32546967 -0.19354951 1.1567713
v -0.32546967 -0.19354951 0.98819524
v -0.36484927 -0.098478846 1.1567713
v -0.36484927 -0.098478846 0.98819524
v 0.38244644 -0.10061216 1.156775
v 0.39592293 0.0016836121 0.98819524
v 0.38235736 -0.100601606 0.9776046
v 0.3959221 0.0016772392 1.1567706
vt 0.9555664 0.62883615
vt 0.9555664 0.62883615
vt 0.4573054 0.70601165
vt 0.4573054 0.70601165
vt 0.99658203 0.7767739
vt 0.87109375 0.7754819
vt 0.99658203 0.62883615
vt 0.87109375 0.62754416
vt 0.49832103 0.70601165
vt 0.37283275 0.7050351
vt 0.9555664 0.7767739
vt 0.9555664 0.7767739
vt 0.91308594 0.62883615
vt 0.91308594 0.62883615
vt 0.41482493 0.70601165
vt 0.41482493 0.70601165
vt 0.91308594 0.7767739
vt 0.91308594 0.7767739
vt 0.95410156 0.623668
vt 0.95410156 0.623668
vt 0.45584056 0.7021054
vt 0.45584056 0.7021054
vt 0.95410156 0.7716058
vt 0.95410156 0.7716058
vt 0.99658203 0.623668
vt 0.8261719 0.62883615
vt 0.4988093 0.7021054
vt 0.32839915 0.70601165
vt 0.99658203 0.7716058
vt 0.8261719 0.7767739
vt 0.91064453 0.623668
vt 0.91064453 0.623668
vt 0.41238353 0.7021054
vt 0.41238353 0.7021054
vt 0.91064453 0.7716058
vt 0.91064453 0.7716058
vt 0.86865234 0.623668
vt 0.86865234 0.623668
vt 0.36990306 0.7021054
vt 0.36990306 0.7021054
vt 0.86865234 0.7716058
vt 0.86865234 0.7716058
vt 0.9121094 0.7754819
vt 0.82714844 0.7716058
vt 0.9121094 0.62754416
vt 0.82714844 0.623668
vt 0.41384837 0.7050351
vt 0.32839915 0.7021054
vt 0.8696289 0.62883615
vt 0.8696289 0.62883615
vt 0.3713679 0.70601165
vt 0.3713679 0.70601165
vt 0.8696289 0.7767739
vt 0.8696289 0.7767739
vt 0.4573054 0.59419525
vt 0.4573054 0.59419525
vt 0.80211294 0.8487166
vt 0.80211294 0.8487166
vt 0.49832103 0.59419525
vt 0.37283275 0.5932187
vt 0.82457155 0.8205398
vt 0.82457155 0.8205398
vt 0.41482493 0.59419525
vt 0.41482493 0.59419525
vt 0.76768214 0.8551223
vt 0.76768214 0.8551223
vt 0.45584056 0.590289
vt 0.45584056 0.590289
vt 0.73733544 0.76769495
vt 0.73733544 0.76769495
vt 0.4988093 0.590289
vt 0.32839915 0.59419525
vt 0.72540265 0.8022472
vt 0.72540265 0.8022472
vt 0.41238353 0.590289
vt 0.41238353 0.590289
vt 0.7676078 0.74929476
vt 0.7676078 0.74929476
vt 0.36990306 0.590289
vt 0.36990306 0.590289
vt 0.80204356 0.7556519
vt 0.80204356 0.7556519
vt 0.41384837 0.5932187
vt 0.32839915 0.590289
vt 0.82453966 0.78378373
vt 0.82453966 0.78378373
vt 0.3713679 0.59419525
vt 0.3713679 0.59419525
vt 0.7373914 0.8367721
vt 0.7373914 0.8367721
vt 0.7765208 0.80220264
vt 0.40709686 0.58509135
vt 0.44220567 0.5670948
vt 0.42674077 0.5838791
vt 0.39960587 0.56515837
vt 0.34493002 0.56332856
vt 0.33206686 0.57906735
vt 0.34493002 0.57906735
vt 0.33206686 0.56332856
vt 0.35779282 0.56332856
vt 0.3706557 0.57906735
vt 0.3706557 0.56332856
vt 0.35779282 0.57906735
vt 0.38351908 0.56332856
vt 0.39638337 0.57906735
vt 0.39638337 0.56332856
vt 0.38351908 0.57906735
vt 0.4349846 0.56332856
vt 0.44785348 0.57906735
vt 0.44785348 0.56332856
vt 0.4349846 0.57906735
vt 0.46072248 0.56332856
vt 0.4735907 0.57906735
vt 0.4735907 0.56332856
vt 0.46072248 0.57906735
vt 0.4864579 0.56332856
vt 0.4993237 0.57906735
vt 0.4993237 0.56332856
vt 0.4864579 0.57906735
vt 0.38347772 0.5633704
vt 0.39634112 0.5791092
vt 0.39634112 0.5633704
vt 0.38347772 0.5791092
vt 0.42206672 0.5633704
vt 0.40920386 0.5791092
vt 0.42206672 0.5791092
vt 0.40920386 0.5633704
vt 0.44779393 0.5633704
vt 0.43493 0.5791092
vt 0.44779393 0.5791092
vt 0.43493 0.5633704
vt 0.47352347 0.5633704
vt 0.46065852 0.5791092
vt 0.47352347 0.5791092
vt 0.4606584 0.5633704
vt 0.4092156 0.56332856
vt 0.4221163 0.57906735
vt 0.4221163 0.56332856
vt 0.40921327 0.5800564
vt 0.42674077 0.5838791
vt 0.44220567 0.5670948
vt 0.40709686 0.58509135
vt 0.39960587 0.56515837
vt 0.34493002 0.56332856
vt 0.33206686 0.57906735
vt 0.33206686 0.56332856
vt 0.34493002 0.57906735
vt 0.3706557 0.57906735
vt 0.35779282 0.56332856
vt 0.3706557 0.56332856
vt 0.35779282 0.57906735
vt 0.39638337 0.56332856
vt 0.39638337 0.57906735
vt 0.38351908 0.56332856
vt 0.38351908 0.57906735
vt 0.44785348 0.56332856
vt 0.44785348 0.57906735
vt 0.4349846 0.56332856
vt 0.4349846 0.57906735
vt 0.4735907 0.56332856
vt 0.4735907 0.57906735
vt 0.46072248 0.56332856
vt 0.46072248 0.57906735
vt 0.4993237 0.57906735
vt 0.4864579 0.56332856
vt 0.4993237 0.56332856
vt 0.4864579 0.57906735
vt 0.39634112 0.5633704
vt 0.39634112 0.5791092
vt 0.38347772 0.5633704
vt 0.38347772 0.5791092
vt 0.42206672 0.5633704
vt 0.40920386 0.5791092
vt 0.40920386 0.5633704
vt 0.42206672 0.5791092
vt 0.44779393 0.5633704
vt 0.43493 0.5791092
vt 0.43493 0.5633704
vt 0.44779393 0.5791092
vt 0.47352347 0.5633704
vt 0.47352347 0.5791092
vt 0.4606584 0.5633704
vt 0.46065852 0.5791092
vt 0.4092156 0.56332856
vt 0.4221163 0.57906735
vt 0.40921327 0.5800564
vt 0.4221163 0.56332856
f 722/722 723/723 724/724
f 723/723 722/722 725/725
f 772/772 771/771 773/773
f 770/770 771/771 772/772
f 774/774 775/775 776/776
f 775/775 774/774 777/777
f 727/727 726/726 729/729
f 726/726 727/727 728/728
f 766/766 767/767 768/768
f 767/767 766/766 769/769
f 718/718 719/719 720/720
f 719/719 718/718 721/721
f 778/778 779/779 780/780
f 779/779 778/778 781/781
f 731/731 730/730 733/733
f 730/730 731/731 732/732
f 714/714 715/715 716/716
f 715/715 714/714 717/717
f 764/764 763/763 765/765
f 762/762 763/763 764/764
f 784/784 783/783 785/785
f 782/782 783/783 784/784
f 735/735 734/734 737/737
f 734/734 735/735 736/736
f 710/710 711/711 712/712
f 711/711 710/710 713/713
f 760/760 759/759 761/761
f 758/758 759/759 760/760
f 695/695 694/694 697/697
f 694/694 695/695 696/696
f 744/744 743/743 745/745
f 742/742 743/743 744/744
f 738/738 739/739 740/740
f 739/739 738/738 741/741
f 787/787 786/786 789/789
f 786/786 787/787 788/788
f 746/746 747/747 748/748
f 747/747 746/746 749/749
f 699/699 698/698 701/701
f 698/698 699/699 700/700
f 706/706 707/707 708/708
f 707/707 706/706 709/709
f 756/756 755/755 757/757
f 754/754 755/755 756/756
f 751/751 750/750 753/753
f 750/750 751/751 752/752
f 703/703 702/702 705/705
f 702/702 703/703 704/704
f 607/607 603/603 613/613
f 603/603 607/607 609/609
f 645/645 610/610 608/608
f 610/610 645/645 647/647
f 644/644 648/648 646/646
f 648/648 644/644 640/640
f 611/611 657/657 605/605
f 657/657 611/611 661/661
f 636/636 681/681 641/641
f 681/681 636/636 678/678
f 629/629 669/669 623/623
f 669/669 629/629 673/673
f 654/654 674/674 630/630
f 674/674 654/654 690/690
f 682/682 650/650 642/642
f 686/686 650/650 682/682
f 685/685 612/612 649/649
f 662/662 612/612 685/685
f 670/670 635/635 624/624
f 677/677 635/635 670/670
f 658/658 617/617 606/606
f 665/665 617/617 658/658
f 666/666 653/653 618/618
f 689/689 653/653 666/666
f 616/616 655/655 620/620
f 651/651 655/655 616/616
f 634/634 643/643 638/638
f 639/639 643/643 634/634
f 652/652 632/632 656/656
f 628/628 632/632 652/652
f 622/622 637/637 626/626
f 633/633 637/637 622/622
f 627/627 625/625 631/631
f 621/621 625/625 627/627
f 604/604 619/619 614/614
f 615/615 619/619 604/604
f 676/676 692/692 693/693
f 659/659 663/663 693/693
f 667/667 660/660 693/693
f 671/671 675/675 693/693
f 679/679 672/672 693/693
f 683/683 680/680 693/693
f 664/664 687/687 693/693
f 688/688 684/684 693/693
f 691/691 668/668 693/693
o mi_aserai_tower_2.lod1
v -0.38730866 -0.09563781 -0.44762245
v -0.39480284 -0.09748871 0.32170627
v -0.40873015 3.0517577E-07 0.32170627
v -0.40873015 3.0517577E-07 0.32170627
v -0.40097076 3.0517577E-07 -0.44762245
v -0.40097076 3.0517577E-07 -0.44762245
v -0.34725127 -0.18475936 -0.44762245
v -0.35397065 -0.18833435 0.32170627
v -0.28352904 -0.2612889 -0.4476223
v -0.2890155 -0.26634476 0.32170627
v -0.20048492 -0.3200125 -0.4476223
v -0.20436493 -0.3262042 0.3217062
v -0.10377899 -0.35692778 -0.4476223
v -0.105787046 -0.3638336 0.3217062
v 0 -0.36951813 -0.4476223
v 0 -0.3766687 0.3217062
v 0.10377868 -0.35692778 -0.4476223
v 0.10377868 -0.35692778 -0.4476223
v 0.10578735 -0.3638336 0.32170627
v 0.10578735 -0.3638336 0.32170627
v 0.20048584 -0.3200125 -0.4476223
v 0.20436522 -0.3262042 0.32170635
v 0.28352875 -0.2612895 -0.4476223
v 0.28888914 -0.26641968 0.316836
v 0.34725156 -0.18475936 -0.44762245
v 0.35397032 -0.18833435 0.3217062
v 0.38730803 -0.095638424 -0.44762245
v 0.39480317 -0.09748871 0.32170612
v 0.40097076 3.0517577E-07 -0.44762245
v 0.40097076 3.0517577E-07 -0.44762245
v 0.40873045 3.0517577E-07 0.3217062
v 0.40873045 3.0517577E-07 0.3217062
v 0.38730803 0.095638424 -0.44762245
v 0.39480317 0.09748932 0.32170612
v 0.34725156 0.1847589 -0.44762245
v 0.34725156 0.1847589 -0.44762245
v 0.35397094 0.18833466 0.3217062
v 0.35397094 0.18833466 0.3217062
v 0.28352934 0.26128906 -0.44762245
v 0.2890155 0.2663452 0.32170612
v 0.20048523 0.3200125 -0.44762245
v 0.20436522 0.326205 0.3217062
v 0.10377868 0.35692734 -0.44762245
v 0.10578735 0.36383438 0.3217062
v 0 0.36951858 -0.44762245
v 3.0517577E-07 0.37666884 0.32170612
v -0.10377899 0.35692734 -0.44762245
v -0.10578674 0.36383423 0.32170612
v -0.20048492 0.3200128 -0.44762245
v -0.20436493 0.326205 0.3217062
v -0.28352875 0.26128966 -0.44762245
v -0.28352875 0.26128966 -0.44762245
v -0.2890152 0.2663455 0.32170612
v -0.2890152 0.2663455 0.32170612
v -0.34725127 0.18475951 -0.44762245
v -0.35397065 0.18833466 0.32170627
v -0.38730866 0.095639035 -0.44762245
v -0.39480284 0.097489625 0.32170627
v -0.38730866 -0.09563781 0.9456129
v -0.38730866 -0.09563781 0.9456129
v -0.38730866 -0.09563781 0.9456129
v -0.359252 -0.088710174 1.0551522
v -0.359252 -0.088710174 1.0551522
v -0.359252 -0.088710174 1.0551522
v -0.37192473 6.1035155E-07 1.0551522
v -0.37192473 6.1035155E-07 1.0551522
v -0.37192473 6.1035155E-07 1.0551522
v -0.37192473 6.1035155E-07 1.0551522
v -0.37192473 6.1035155E-07 1.0551522
v -0.40097076 3.0517577E-07 0.9456131
v -0.40097076 3.0517577E-07 0.9456131
v -0.40097076 3.0517577E-07 0.9456131
v -0.40097076 3.0517577E-07 0.9456131
v -0.35630187 -0.16462295 1.1387874
v -0.35630187 -0.16462295 1.1387874
v -0.33114713 -0.15123932 1.1564537
v -0.35020173 -0.10884521 1.1564537
v -0.37825805 -0.11577346 1.1387873
v -0.37825805 -0.11577346 1.1387873
v -0.28352904 -0.2612889 0.9456131
v -0.28352904 -0.2612889 0.9456131
v -0.28352904 -0.2612889 0.9456131
v -0.26299042 -0.24236053 1.0551523
v -0.26299042 -0.24236053 1.0551523
v -0.26299042 -0.24236053 1.0551523
v -0.32209685 -0.17137481 1.0551523
v -0.32209685 -0.17137481 1.0551523
v -0.32209685 -0.17137481 1.0551523
v -0.34725097 -0.18475936 0.9456131
v -0.34725097 -0.18475936 0.9456131
v -0.34725097 -0.18475936 0.9456131
v -0.21924835 -0.30674437 1.1387873
v -0.21924835 -0.30674437 1.1387873
v -0.20472503 -0.28356263 1.1564537
v -0.2442282 -0.2556288 1.1564538
v -0.26476684 -0.27455595 1.1387874
v -0.26476684 -0.27455595 1.1387874
v -0.10377899 -0.35692778 0.9456131
v -0.10377899 -0.35692778 0.9456131
v -0.10377899 -0.35692778 0.9456131
v -0.0962616 -0.33107176 1.0551522
v -0.0962616 -0.33107176 1.0551522
v -0.0962616 -0.33107176 1.0551522
v -0.18596192 -0.29683074 1.0551523
v -0.18596192 -0.29683074 1.0551523
v -0.18596192 -0.29683074 1.0551523
v -0.20048492 -0.3200125 0.9456131
v -0.20048492 -0.3200125 0.9456131
v -0.20048492 -0.3200125 0.9456131
v -0.023447266 -0.3666736 1.1387873
v -0.023447266 -0.3666736 1.1387873
v -0.02344696 -0.33990538 1.1564537
v -0.07281372 -0.333916 1.1564538
v -0.08033112 -0.3597714 1.1387873
v -0.08033112 -0.3597714 1.1387873
v 0.10377868 -0.35692778 0.9456129
v 0.10377868 -0.35692778 0.9456129
v 0.10377868 -0.35692778 0.9456129
v 0.09626129 -0.33107176 1.0551523
v 0.09626129 -0.33107176 1.0551523
v 0.09626129 -0.33107176 1.0551523
v 0 -0.34275025 1.0551523
v 0 -0.34275025 1.0551523
v 0 -0.34275025 1.0551523
v 0 -0.36951813 0.9456129
v 0 -0.36951813 0.9456129
v 0 -0.36951813 0.9456129
v 0.17863587 -0.32835203 1.1387873
v 0.17863587 -0.32835203 1.1387873
v 0.16411315 -0.3051709 1.1564537
v 0.11811066 -0.32273132 1.1564537
v 0.12562867 -0.3485867 1.1387873
v 0.12562867 -0.3485867 1.1387873
v 0.28327727 -0.26143813 0.935912
v 0.28327727 -0.26143813 0.935912
v 0.28327727 -0.26143813 0.935912
v 0.2546292 -0.2346556 1.0551523
v 0.2546292 -0.2346556 1.0551523
v 0.2546292 -0.2346556 1.0551523
v 0.18596283 -0.29683074 1.0551523
v 0.18596283 -0.29683074 1.0551523
v 0.18596283 -0.29683074 1.0551523
v 0.20048584 -0.3200125 0.9456134
v 0.20048584 -0.3200125 0.9456134
v 0.20048584 -0.3200125 0.9456134
v 0.3328543 -0.2020494 1.1387873
v 0.3328543 -0.2020494 1.1387873
v 0.3076996 -0.18866546 1.1564537
v 0.277388 -0.22506988 1.1564537
v 0.29792663 -0.2439978 1.1387873
v 0.29792663 -0.2439978 1.1387873
v 0.38730866 -0.095638424 0.9456128
v 0.38730866 -0.095638424 0.9456128
v 0.38730866 -0.095638424 0.9456128
v 0.3592526 -0.08871048 1.0551523
v 0.3592526 -0.08871048 1.0551523
v 0.3592526 -0.08871048 1.0551523
v 0.32209626 -0.17137481 1.0551523
v 0.32209626 -0.17137481 1.0551523
v 0.32209626 -0.17137481 1.0551523
v 0.34725156 -0.18475936 0.9456131
v 0.34725156 -0.18475936 0.9456131
v 0.34725156 -0.18475936 0.9456131
v 0.39788482 -0.021607665 1.1387872
v 0.39788482 -0.021607665 1.1387872
v 0.3688382 -0.021607665 1.1564535
v 0.36233917 -0.06710205 1.1564537
v 0.3903958 -0.0740303 1.1387872
v 0.3903958 -0.0740303 1.1387872
v 0.38730866 0.095638424 0.9456129
v 0.38730866 0.095638424 0.9456129
v 0.38730866 0.095638424 0.9456129
v 0.3592526 0.08871063 1.0551523
v 0.3592526 0.08871063 1.0551523
v 0.3592526 0.08871063 1.0551523
v 0.37192535 6.1035155E-07 1.0551523
v 0.37192535 6.1035155E-07 1.0551523
v 0.37192535 6.1035155E-07 1.0551523
v 0.40097135 3.0517577E-07 0.9456129
v 0.40097135 3.0517577E-07 0.9456129
v 0.40097135 3.0517577E-07 0.9456129
v 0.35630187 0.16462417 1.138787
v 0.35630187 0.16462417 1.138787
v 0.33114684 0.15124023 1.1564534
v 0.3502014 0.10884643 1.1564534
v 0.37825775 0.11577407 1.138787
v 0.37825775 0.11577407 1.138787
v 0.28352997 0.26128906 0.9456129
v 0.28352997 0.26128906 0.9456129
v 0.28352997 0.26128906 0.9456129
v 0.2629907 0.24236175 1.0551523
v 0.2629907 0.24236175 1.0551523
v 0.2629907 0.24236175 1.0551523
v 0.32209626 0.17137572 1.0551523
v 0.32209626 0.17137572 1.0551523
v 0.32209626 0.17137572 1.0551523
v 0.34725156 0.18475951 0.9456129
v 0.34725156 0.18475951 0.9456129
v 0.34725156 0.18475951 0.9456129
v 0.21924835 0.306745 1.138787
v 0.21924835 0.306745 1.138787
v 0.20472534 0.28356382 1.1564534
v 0.2442282 0.25562972 1.1564534
v 0.26476777 0.27455717 1.138787
v 0.26476777 0.27455717 1.138787
v 0.10377929 0.35692734 0.9456129
v 0.10377929 0.35692734 0.9456129
v 0.10377929 0.35692734 0.9456129
v 0.09626129 0.33107224 1.0551523
v 0.09626129 0.33107224 1.0551523
v 0.09626129 0.33107224 1.0551523
v 0.18596283 0.29683152 1.0551523
v 0.18596283 0.29683152 1.0551523
v 0.18596283 0.29683152 1.0551523
v 0.20048584 0.32001266 0.9456129
v 0.20048584 0.32001266 0.9456129
v 0.20048584 0.32001266 0.9456129
v 0.02344757 0.36667433 1.138787
v 0.02344757 0.36667433 1.138787
v 0.02344757 0.3399063 1.1564534
v 0.072814025 0.33391723 1.1564534
v 0.08033173 0.3597728 1.1387868
v 0.08033173 0.3597728 1.1387868
v -0.10377899 0.35692793 0.9456129
v -0.10377899 0.35692793 0.9456129
v -0.10377899 0.35692793 0.9456129
v -0.09626129 0.33107224 1.0551523
v -0.09626129 0.33107224 1.0551523
v -0.09626129 0.33107224 1.0551523
v 0 0.34275115 1.0551522
v 0 0.34275115 1.0551522
v 0 0.34275115 1.0551522
v 3.0517577E-07 0.36951858 0.9456128
v 3.0517577E-07 0.36951858 0.9456128
v 3.0517577E-07 0.36951858 0.9456128
v -0.17863616 0.32835326 1.138787
v -0.17863616 0.32835326 1.138787
v -0.16411315 0.30517197 1.1564534
v -0.11811066 0.32273176 1.1564534
v -0.12562835 0.34858778 1.138787
v -0.12562835 0.34858778 1.138787
v -0.28352904 0.26128966 0.9456131
v -0.28352904 0.26128966 0.9456131
v -0.28352904 0.26128966 0.9456131
v -0.26299042 0.24236237 1.0551523
v -0.26299042 0.24236237 1.0551523
v -0.26299042 0.24236237 1.0551523
v -0.1859616 0.29683152 1.0551522
v -0.1859616 0.29683152 1.0551522
v -0.1859616 0.29683152 1.0551522
v -0.20048492 0.3200128 0.9456128
v -0.20048492 0.3200128 0.9456128
v -0.20048492 0.3200128 0.9456128
v -0.332854 0.20205063 1.138787
v -0.332854 0.20205063 1.138787
v -0.3076996 0.18866698 1.1564534
v -0.27738768 0.22507125 1.1564534
v -0.29792663 0.24399932 1.138787
v -0.29792663 0.24399932 1.138787
v -0.38730866 0.095639035 0.9456129
v -0.38730866 0.095639035 0.9456129
v -0.38730866 0.095639035 0.9456129
v -0.359252 0.088710934 1.0551522
v -0.359252 0.088710934 1.0551522
v -0.359252 0.088710934 1.0551522
v -0.32209626 0.17137633 1.0551522
v -0.32209626 0.17137633 1.0551522
v -0.32209626 0.17137633 1.0551522
v -0.34725067 0.18475951 0.9456129
v -0.34725067 0.18475951 0.9456129
v -0.34725067 0.18475951 0.9456129
v -0.39788452 0.021608429 1.138787
v -0.39788452 0.021608429 1.138787
v -0.3688382 0.021608429 1.1564537
v -0.36233887 0.06710296 1.1564537
v -0.3903952 0.07403091 1.138787
v -0.3903952 0.07403091 1.138787
v -0.34287873 3.0517577E-07 0.9831335
v -0.34287873 3.0517577E-07 0.9831335
v -0.34287873 3.0517577E-07 0.9831335
v -0.34287873 3.0517577E-07 0.9831335
v -0.33119535 -0.08178192 0.9831335
v -0.33119535 -0.08178192 0.9831335
v -0.33119535 -0.08178192 0.9831335
v -0.33119535 -0.08178192 0.9831335
v -0.33119535 -0.08178192 0.9831335
v 0 3.0517577E-07 0.9831334
v -0.29694152 -0.15799117 0.9831337
v -0.29694152 -0.15799117 0.9831337
v -0.29694152 -0.15799117 0.9831337
v -0.29694152 -0.15799117 0.9831337
v -0.24245177 -0.22343352 0.9831337
v -0.24245177 -0.22343352 0.9831337
v -0.24245177 -0.22343352 0.9831337
v -0.24245177 -0.22343352 0.9831337
v -0.1714392 -0.27364883 0.9831337
v -0.1714392 -0.27364883 0.9831337
v -0.1714392 -0.27364883 0.9831337
v -0.1714392 -0.27364883 0.9831337
v -0.088743284 -0.30521604 0.9831337
v -0.088743284 -0.30521604 0.9831337
v -0.088743284 -0.30521604 0.9831337
v -0.088743284 -0.30521604 0.9831337
v 0 -0.31598267 0.9831337
v 0 -0.31598267 0.9831337
v 0 -0.31598267 0.9831337
v 0 -0.31598267 0.9831337
v 0.088743895 -0.30521604 0.9831337
v 0.088743895 -0.30521604 0.9831337
v 0.088743895 -0.30521604 0.9831337
v 0.088743895 -0.30521604 0.9831337
v 0.1714392 -0.27364883 0.9831335
v 0.1714392 -0.27364883 0.9831335
v 0.1714392 -0.27364883 0.9831335
v 0.1714392 -0.27364883 0.9831335
v 0.24245238 -0.22343352 0.9831337
v 0.24245238 -0.22343352 0.9831337
v 0.24245238 -0.22343352 0.9831337
v 0.24245238 -0.22343352 0.9831337
v 0.29694182 -0.15799117 0.9831337
v 0.29694182 -0.15799117 0.9831337
v 0.29694182 -0.15799117 0.9831337
v 0.29694182 -0.15799117 0.9831337
v 0.33119568 -0.08178192 0.9831335
v 0.33119568 -0.08178192 0.9831335
v 0.33119568 -0.08178192 0.9831335
v 0.33119568 -0.08178192 0.9831335
v 0.34287933 3.0517577E-07 0.9831335
v 0.34287933 3.0517577E-07 0.9831335
v 0.34287933 3.0517577E-07 0.9831335
v 0.34287933 3.0517577E-07 0.9831335
v 0.33119568 0.08178253 0.9831335
v 0.33119568 0.08178253 0.9831335
v 0.33119568 0.08178253 0.9831335
v 0.33119568 0.08178253 0.9831335
v 0.29694182 0.15799148 0.9831335
v 0.29694182 0.15799148 0.9831335
v 0.29694182 0.15799148 0.9831335
v 0.29694182 0.15799148 0.9831335
v 0.24245177 0.22343384 0.9831335
v 0.24245177 0.22343384 0.9831335
v 0.24245177 0.22343384 0.9831335
v 0.24245177 0.22343384 0.9831335
v 0.17143981 0.27364942 0.9831335
v 0.17143981 0.27364942 0.9831335
v 0.17143981 0.27364942 0.9831335
v 0.17143981 0.27364942 0.9831335
v 0.088743895 0.30521622 0.9831334
v 0.088743895 0.30521622 0.9831334
v 0.088743895 0.30521622 0.9831334
v 0.088743895 0.30521622 0.9831334
v 3.0517577E-07 0.31598312 0.9831335
v 3.0517577E-07 0.31598312 0.9831335
v 3.0517577E-07 0.31598312 0.9831335
v 3.0517577E-07 0.31598312 0.9831335
v -0.088743284 0.30521622 0.9831334
v -0.088743284 0.30521622 0.9831334
v -0.088743284 0.30521622 0.9831334
v -0.088743284 0.30521622 0.9831334
v -0.17143859 0.27364942 0.9831334
v -0.17143859 0.27364942 0.9831334
v -0.17143859 0.27364942 0.9831334
v -0.17143859 0.27364942 0.9831334
v -0.24245177 0.22343414 0.9831334
v -0.24245177 0.22343414 0.9831334
v -0.24245177 0.22343414 0.9831334
v -0.24245177 0.22343414 0.9831334
v -0.29694152 0.1579921 0.9831335
v -0.29694152 0.1579921 0.9831335
v -0.29694152 0.1579921 0.9831335
v -0.29694152 0.1579921 0.9831335
v -0.33119535 0.08178314 0.9831335
v -0.33119535 0.08178314 0.9831335
v -0.33119535 0.08178314 0.9831335
v -0.33119535 0.08178314 0.9831335
v -0.34725127 -0.18475907 1.0999815
v -0.34725127 -0.18475907 1.0999815
v -0.38730866 -0.09563751 1.0999814
v -0.38730866 -0.09563751 1.0999814
v -0.32209656 -0.17137481 1.1176482
v -0.33119568 -0.08178192 1.0999813
v -0.33119568 -0.08178192 1.0999813
v -0.32214507 -0.10191788 1.1387873
v -0.32214507 -0.10191788 1.1387873
v -0.30599183 -0.13785568 1.1387873
v -0.30599183 -0.13785568 1.1387873
v -0.29694152 -0.15799087 1.0999814
v -0.29694152 -0.15799087 1.0999814
v -0.359252 -0.08871048 1.1176479
v -0.20048553 -0.3200122 1.0999813
v -0.20048553 -0.3200122 1.0999813
v -0.28352904 -0.2612886 1.0999815
v -0.28352904 -0.2612886 1.0999815
v -0.18596251 -0.29683074 1.117648
v -0.24245177 -0.22343323 1.0999815
v -0.24245177 -0.22343323 1.0999815
v -0.22368896 -0.23670119 1.1387873
v -0.22368896 -0.23670119 1.1387873
v -0.19020203 -0.260381 1.1387873
v -0.19020203 -0.260381 1.1387873
v -0.17143951 -0.27364883 1.0999815
v -0.17143951 -0.27364883 1.0999815
v -0.2629907 -0.24236053 1.117648
v 0 -0.3695178 1.0999814
v 0 -0.3695178 1.0999814
v -0.10377899 -0.35692748 1.0999814
v -0.10377899 -0.35692748 1.0999814
v -3.0517577E-07 -0.34274992 1.117648
v -0.088743895 -0.30521545 1.0999814
v -0.088743895 -0.30521545 1.0999814
v -0.06529632 -0.3080606 1.1387873
v -0.06529632 -0.3080606 1.1387873
v -0.023447266 -0.31313813 1.1387873
v -0.023447266 -0.31313813 1.1387873
v 0 -0.31598204 1.0999814
v 0 -0.31598204 1.0999814
v -0.0962616 -0.33107176 1.1176479
v 0.20048523 -0.3200122 1.0999814
v 0.20048523 -0.3200122 1.0999814
v 0.10377929 -0.35692748 1.0999815
v 0.10377929 -0.35692748 1.0999815
v 0.18596222 -0.29683074 1.117648
v 0.088743895 -0.30521545 1.0999815
v 0.088743895 -0.30521545 1.0999815
v 0.110592954 -0.2968753 1.1387873
v 0.110592954 -0.2968753 1.1387873
v 0.14958954 -0.28198913 1.1387874
v 0.14958954 -0.28198913 1.1387874
v 0.1714392 -0.27364883 1.0999815
v 0.1714392 -0.27364883 1.0999815
v 0.09626129 -0.33107176 1.1176479
v 0.32209626 -0.17137481 1.117648
v 0.34725156 -0.18475907 1.0999815
v 0.34725156 -0.18475907 1.0999815
v 0.24245238 -0.22343323 1.0999815
v 0.24245238 -0.22343323 1.0999815
v 0.25684905 -0.20614272 1.1387874
v 0.25684905 -0.20614272 1.1387874
v 0.28254455 -0.17528228 1.1387873
v 0.28254455 -0.17528228 1.1387873
v 0.29694182 -0.15799117 1.0999815
v 0.29694182 -0.15799117 1.0999815
v 0.2546292 -0.2346553 1.1176482
v 0.40097135 6.1035155E-07 1.0999813
v 0.40097135 6.1035155E-07 1.0999813
v 0.38730866 -0.09563812 1.0999813
v 0.38730866 -0.09563812 1.0999813
v 0.37192535 6.1035155E-07 1.1176479
v 0.33119568 -0.08178192 1.0999815
v 0.33119568 -0.08178192 1.0999815
v 0.33428222 -0.06017334 1.1387873
v 0.33428222 -0.06017334 1.1387873
v 0.33979157 -0.021607665 1.1387873
v 0.33979157 -0.021607665 1.1387873
v 0.34287873 6.1035155E-07 1.0999814
v 0.34287873 6.1035155E-07 1.0999814
v 0.359252 -0.08871048 1.1176479
v 0.34725156 0.18475983 1.0999813
v 0.34725156 0.18475983 1.0999813
v 0.38730803 0.09563873 1.0999813
v 0.38730803 0.09563873 1.0999813
v 0.32209626 0.17137572 1.117648
v 0.33119568 0.08178283 1.0999813
v 0.33119568 0.08178283 1.0999813
v 0.32214507 0.10191894 1.138787
v 0.32214507 0.10191894 1.138787
v 0.30599213 0.13785599 1.138787
v 0.30599213 0.13785599 1.138787
v 0.29694122 0.15799163 1.0999813
v 0.29694122 0.15799163 1.0999813
v 0.359252 0.08871063 1.117648
v 0.20048584 0.3200128 1.0999813
v 0.20048584 0.3200128 1.0999813
v 0.28352997 0.26128936 1.0999813
v 0.28352997 0.26128936 1.0999813
v 0.18596283 0.2968312 1.117648
v 0.24245177 0.22343414 1.0999814
v 0.24245177 0.22343414 1.0999814
v 0.22368957 0.2367015 1.138787
v 0.22368957 0.2367015 1.138787
v 0.19020203 0.26038176 1.138787
v 0.19020203 0.26038176 1.138787
v 0.1714392 0.27364975 1.0999813
v 0.1714392 0.27364975 1.0999813
v 0.26299134 0.24236175 1.1176479
v 3.0517577E-07 0.36951917 1.0999813
v 3.0517577E-07 0.36951917 1.0999813
v 0.10377929 0.35692826 1.0999813
v 0.10377929 0.35692826 1.0999813
v 0 0.34275115 1.1176479
v 0.088743895 0.30521667 1.0999814
v 0.088743895 0.30521667 1.0999814
v 0.06529632 0.30806136 1.138787
v 0.06529632 0.30806136 1.138787
v 0.02344757 0.31313857 1.138787
v 0.02344757 0.31313857 1.138787
v 3.0517577E-07 0.3159834 1.0999813
v 3.0517577E-07 0.3159834 1.0999813
v 0.09626129 0.33107224 1.1176479
v -0.20048492 0.32001325 1.0999814
v -0.20048492 0.32001325 1.0999814
v -0.10377899 0.35692826 1.0999813
v -0.10377899 0.35692826 1.0999813
v -0.1859616 0.29683152 1.1176479
v -0.088743284 0.30521667 1.0999814
v -0.088743284 0.30521667 1.0999814
v -0.110592954 0.29687637 1.138787
v -0.110592954 0.29687637 1.138787
v -0.14958954 0.2819902 1.138787
v -0.14958954 0.2819902 1.138787
v -0.1714389 0.27364942 1.0999813
v -0.1714389 0.27364942 1.0999813
v -0.09626129 0.33107224 1.117648
v -0.34725037 0.18475983 1.0999815
v -0.34725037 0.18475983 1.0999815
v -0.28352875 0.26128998 1.0999814
v -0.28352875 0.26128998 1.0999814
v -0.32209685 0.17137633 1.1176479
v -0.24245177 0.22343414 1.0999815
v -0.24245177 0.22343414 1.0999815
v -0.25684905 0.20614348 1.138787
v -0.25684905 0.20614348 1.138787
v -0.28254426 0.1752832 1.138787
v -0.28254426 0.1752832 1.138787
v -0.29694152 0.1579921 1.0999815
v -0.29694152 0.1579921 1.0999815
v -0.26299042 0.24236237 1.1176482
v -0.40097076 6.1035155E-07 1.0999815
v -0.40097076 6.1035155E-07 1.0999815
v -0.40097076 6.1035155E-07 1.0999815
v -0.38730866 0.09563934 1.0999813
v -0.38730866 0.09563934 1.0999813
v -0.37192503 6.1035155E-07 1.1176479
v -0.37192503 6.1035155E-07 1.1176479
v -0.37192503 6.1035155E-07 1.1176479
v -0.37192503 6.1035155E-07 1.1176479
v -0.33119535 0.08178314 1.0999814
v -0.33119535 0.08178314 1.0999814
v -0.33428162 0.06017517 1.138787
v -0.33428162 0.06017517 1.138787
v -0.33979186 0.021608429 1.138787
v -0.33979186 0.021608429 1.138787
v -0.34287873 6.1035155E-07 1.0999815
v -0.34287873 6.1035155E-07 1.0999815
v -0.34287873 6.1035155E-07 1.0999815
v -0.3592523 0.088710934 1.1176479
v 0.2833548 -0.2614842 1.0999814
v 0.2833548 -0.2614842 1.0999814
v -0.40097106 3.0517577E-07 0.33341774
v -0.40097106 3.0517577E-07 0.33341774
v -0.40097106 3.0517577E-07 0.33341774
v -0.40097106 3.0517577E-07 0.33341774
v -0.38730866 -0.09563781 0.33341774
v -0.38730866 -0.09563781 0.33341774
v -0.34725127 -0.18475936 0.3334178
v -0.34725127 -0.18475936 0.3334178
v -0.28352904 -0.2612889 0.3334178
v -0.28352904 -0.2612889 0.3334178
v -0.20048492 -0.3200125 0.3334178
v -0.20048492 -0.3200125 0.3334178
v -0.10377899 -0.35692778 0.3334178
v -0.10377899 -0.35692778 0.3334178
v 0 -0.36951813 0.33341774
v 0 -0.36951813 0.33341774
v 0.10377868 -0.35692778 0.33341774
v 0.10377868 -0.35692778 0.33341774
v 0.10377868 -0.35692778 0.33341774
v 0.20048584 -0.3200125 0.3334181
v 0.20048584 -0.3200125 0.3334181
v 0.283403 -0.2613637 0.32856745
v 0.283403 -0.2613637 0.32856745
v 0.34725156 -0.18475936 0.3334178
v 0.34725156 -0.18475936 0.3334178
v 0.38730803 -0.095638424 0.33341774
v 0.38730803 -0.095638424 0.33341774
v 0.40097135 3.0517577E-07 0.33341774
v 0.40097135 3.0517577E-07 0.33341774
v 0.40097135 3.0517577E-07 0.33341774
v 0.38730866 0.095638424 0.33341774
v 0.38730866 0.095638424 0.33341774
v 0.34725156 0.1847589 0.3334178
v 0.34725156 0.1847589 0.3334178
v 0.34725156 0.1847589 0.3334178
v 0.28352997 0.26128906 0.33341765
v 0.28352997 0.26128906 0.33341765
v 0.20048584 0.3200125 0.33341774
v 0.20048584 0.3200125 0.33341774
v 0.10377929 0.35692763 0.3334176
v 0.10377929 0.35692763 0.3334176
v 0 0.36951858 0.33341765
v 0 0.36951858 0.33341765
v -0.10377899 0.35692793 0.33341765
v -0.10377899 0.35692793 0.33341765
v -0.20048492 0.3200128 0.33341765
v -0.20048492 0.3200128 0.33341765
v -0.28352904 0.26128966 0.3334178
v -0.28352904 0.26128966 0.3334178
v -0.28352904 0.26128966 0.3334178
v -0.34725067 0.18475951 0.33341774
v -0.34725067 0.18475951 0.33341774
v -0.38730866 0.095639035 0.3334178
v -0.38730866 0.095639035 0.3334178
vt 0.85376817 0.79364777
vt 0.85391027 0.6201034
vt 0.828602 0.62023246
vt 0.9770508 0.6204282
vt 0.8292447 0.79364777
vt 0.9765625 0.7937681
vt 0.87829155 0.79364777
vt 0.87833136 0.62005657
vt 0.90281504 0.79364777
vt 0.9028123 0.6201523
vt 0.9273384 0.79364777
vt 0.9273893 0.6200576
vt 0.9518619 0.79364777
vt 0.95185906 0.62015224
vt 0.9763852 0.79364777
vt 0.9764363 0.62005746
vt 1.0009086 0.79364777
vt 0.8286133 0.7937681
vt 1.000901 0.62013376
vt 0.8286133 0.6199399
vt 0.85302734 0.7937681
vt 0.8535156 0.6199399
vt 0.8779297 0.7937681
vt 0.8779297 0.6209165
vt 0.90234375 0.7937681
vt 0.90234375 0.6199399
vt 0.9267578 0.7937681
vt 0.9267578 0.6199399
vt 0.9511719 0.7937681
vt 0.9511719 0.7937681
vt 0.9511719 0.6199399
vt 0.9511719 0.6199399
vt 0.9760742 0.7937681
vt 0.9760742 0.6199399
vt 1.0004883 0.7937681
vt 0.8286133 0.7937681
vt 1.0004883 0.6199399
vt 0.8286133 0.6199399
vt 0.85302734 0.7937681
vt 0.85302734 0.6199399
vt 0.8774414 0.7937681
vt 0.8774414 0.6199399
vt 0.90185547 0.7937681
vt 0.90185547 0.6199399
vt 0.9267578 0.7937681
vt 0.9267578 0.6199399
vt 0.9511719 0.7937681
vt 0.9511719 0.6199399
vt 0.97558594 0.7937681
vt 0.97558594 0.6199399
vt 1 0.7937681
vt 0.90283203 0.7937681
vt 1 0.6199399
vt 0.90283203 0.6199399
vt 0.9277344 0.7937681
vt 0.9277344 0.6199399
vt 0.95214844 0.7937681
vt 0.95214844 0.6199399
vt 0.029296875 0.56933594
vt 0.029296875 0.56933594
vt 0.04215295 0.569962
vt 0.029296875 0.54296875
vt 0.04047689 0.5521286
vt 0.029296875 0.54296875
vt 0.002296271 0.5809947
vt 0.002296271 0.5809947
vt 0.002296271 0.5809947
vt 0.002296271 0.5809947
vt 0.0037446166 0.5415658
vt 0.0011590846 0.6148952
vt 0.55859375 0.56933594
vt 0.0011590846 0.6148952
vt 0.0011590846 0.6148952
vt 0.046346225 0.5296874
vt 0.04736328 0.5229492
vt 0.041695084 0.5307182
vt 0.04199464 0.53660434
vt 0.045874666 0.53858066
vt 0.03466797 0.5229492
vt 0.07519531 0.56933594
vt 0.07519531 0.56933594
vt 0.07161418 0.56675637
vt 0.07519531 0.54296875
vt 0.07834071 0.5501971
vt 0.07519531 0.54296875
vt 0.052734375 0.54296875
vt 0.04027988 0.51509976
vt 0.052734375 0.54296875
vt 0.052734375 0.56933594
vt 0.052734375 0.56933594
vt 0.044397302 0.49772537
vt 0.093487576 0.5322527
vt 0.09375 0.5229492
vt 0.08901471 0.5312046
vt 0.086641185 0.5369371
vt 0.0890533 0.54035896
vt 0.080566406 0.5229492
vt 0.12158203 0.56933594
vt 0.12158203 0.56933594
vt 0.10761145 0.55996597
vt 0.12158203 0.54296875
vt 0.119325675 0.5465221
vt 0.12158203 0.54296875
vt 0.09863281 0.54296875
vt 0.09452034 0.5164516
vt 0.09863281 0.54296875
vt 0.09863281 0.56933594
vt 0.09863281 0.56933594
vt 0.10573819 0.5026083
vt 0.1398334 0.53436804
vt 0.13916016 0.5229492
vt 0.13595541 0.5320635
vt 0.1315127 0.5366397
vt 0.13265394 0.5405025
vt 0.12695312 0.5229492
vt 0.16748047 0.56933594
vt 0.16748047 0.56933594
vt 0.15773962 0.56330466
vt 0.16748047 0.54296875
vt 0.16714497 0.54815865
vt 0.16748047 0.54296875
vt 0.14453125 0.54296875
vt 0.14581412 0.5197377
vt 0.14453125 0.54296875
vt 0.14453125 0.56933594
vt 0.14453125 0.56933594
vt 0.16058277 0.5098387
vt 0.18607423 0.5335569
vt 0.1850586 0.5229492
vt 0.18182324 0.53184485
vt 0.17780115 0.53664327
vt 0.17959066 0.54026294
vt 0.17285156 0.5229492
vt 0.21386719 0.57128906
vt 0.21386719 0.57128906
vt 0.20601064 0.5663065
vt 0.21386719 0.54296875
vt 0.21381456 0.54809237
vt 0.21386719 0.54296875
vt 0.19042969 0.54296875
vt 0.18978503 0.51825035
vt 0.19042969 0.54296875
vt 0.19042969 0.56933594
vt 0.19042969 0.56933594
vt 0.20280063 0.50612843
vt 0.23264998 0.53321856
vt 0.23144531 0.5229492
vt 0.22810349 0.53194034
vt 0.22479321 0.53692377
vt 0.2270908 0.54038984
vt 0.21875 0.5229492
vt 0.25927734 0.56933594
vt 0.25927734 0.56933594
vt 0.27721125 0.5693543
vt 0.25927734 0.54296875
vt 0.27278 0.55198956
vt 0.25927734 0.54296875
vt 0.2368164 0.54296875
vt 0.23417068 0.5174502
vt 0.2368164 0.54296875
vt 0.2368164 0.56933594
vt 0.245543 0.50374305
vt 0.2368164 0.56933594
vt 0.27609533 0.52895373
vt 0.27734375 0.5229492
vt 0.27159417 0.5306668
vt 0.27223134 0.53640115
vt 0.2763766 0.53774023
vt 0.26464844 0.5229492
vt 0.30566406 0.56933594
vt 0.30566406 0.56933594
vt 0.31815922 0.56996655
vt 0.30566406 0.54296875
vt 0.31655854 0.5521261
vt 0.30566406 0.54296875
vt 0.28271484 0.54296875
vt 0.2680542 0.51541203
vt 0.28271484 0.54296875
vt 0.28271484 0.56933594
vt 0.28271484 0.56933594
vt 0.2694989 0.49760836
vt 0.32252163 0.5297107
vt 0.32373047 0.5229492
vt 0.31786844 0.5307212
vt 0.31814173 0.5366086
vt 0.32201374 0.5386014
vt 0.31054688 0.5229492
vt 0.3515625 0.56933594
vt 0.3515625 0.56933594
vt 0.34764203 0.56672543
vt 0.3515625 0.54296875
vt 0.35440245 0.55018
vt 0.3515625 0.54296875
vt 0.32861328 0.54296875
vt 0.31651896 0.5150964
vt 0.32861328 0.54296875
vt 0.32861328 0.56933594
vt 0.32861328 0.56933594
vt 0.32071754 0.49774033
vt 0.36958528 0.5322664
vt 0.36914062 0.5229492
vt 0.3651145 0.5312092
vt 0.36272943 0.5369369
vt 0.36513478 0.5403638
vt 0.3569336 0.5229492
vt 0.39794922 0.56933594
vt 0.39794922 0.56933594
vt 0.38397825 0.56004345
vt 0.39794922 0.54296875
vt 0.39565143 0.5465638
vt 0.39794922 0.54296875
vt 0.37451172 0.54296875
vt 0.370651 0.5164678
vt 0.37451172 0.54296875
vt 0.37451172 0.56933594
vt 0.37451172 0.56933594
vt 0.38189766 0.5026479
vt 0.4161215 0.5343473
vt 0.41552734 0.5229492
vt 0.41223636 0.5320546
vt 0.4078081 0.53664446
vt 0.40896106 0.54050374
vt 0.40283203 0.5229492
vt 0.44384766 0.56933594
vt 0.44384766 0.56933594
vt 0.43414724 0.56344205
vt 0.44384766 0.54296875
vt 0.44345418 0.5482354
vt 0.44384766 0.54296875
vt 0.42089844 0.54296875
vt 0.4220578 0.519699
vt 0.42089844 0.54296875
vt 0.42089844 0.56933594
vt 0.42089844 0.56933594
vt 0.43679637 0.5097553
vt 0.462288 0.5335111
vt 0.46142578 0.5229492
vt 0.458026 0.53182685
vt 0.45403546 0.53665125
vt 0.4558481 0.54025924
vt 0.44873047 0.5229492
vt 0.4897461 0.56933594
vt 0.4897461 0.56933594
vt 0.49636632 0.5696191
vt 0.4897461 0.54296875
vt 0.49740875 0.55178
vt 0.4897461 0.54296875
vt 0.46679688 0.54296875
vt 0.46589887 0.51818067
vt 0.46679688 0.54296875
vt 0.46679688 0.56933594
vt 0.46679688 0.56933594
vt 0.47883523 0.5059742
vt 0.5077067 0.53052485
vt 0.5078125 0.5229492
vt 0.502985 0.5309112
vt 0.5015429 0.53669536
vt 0.50499374 0.53910834
vt 0.4946289 0.5229492
vt 0.53564453 0.56933594
vt 0.53564453 0.56933594
vt 0.56960374 0.50983465
vt 0.53564453 0.54296875
vt 0.5567068 0.52212465
vt 0.53564453 0.54296875
vt 0.5131836 0.54296875
vt 0.50401324 0.5152458
vt 0.5131836 0.54296875
vt 0.5131836 0.56933594
vt 0.5131836 0.56933594
vt 0.51027524 0.4985568
vt 0.53459007 0.5301823
vt 0.55371094 0.5229492
vt 0.5381041 0.53479826
vt 0.54314 0.5306713
vt 0.5422482 0.5261607
vt 0.5410156 0.5229492
vt 0.7615692 0.74906975
vt 0.55859375 0.5600586
vt 0.0063476562 0.5600586
vt 0.0048486423 0.55380046
vt 0.7455521 0.75117844
vt 0.029296875 0.5600586
vt 0.03346957 0.56226647
vt 0.029296875 0.5600586
vt 0.029296875 0.5600586
vt 0.7615692 0.8109549
vt 0.7306266 0.75736076
vt 0.052734375 0.5600586
vt 0.052734375 0.5600586
vt 0.034543037 0.5041726
vt 0.71780974 0.76719546
vt 0.07519531 0.5600586
vt 0.0675935 0.55612034
vt 0.07519531 0.5600586
vt 0.70797503 0.7800123
vt 0.09863281 0.5600586
vt 0.09863281 0.5600586
vt 0.09427545 0.50417763
vt 0.70179266 0.79493785
vt 0.12158203 0.5600586
vt 0.107342035 0.5488541
vt 0.12158203 0.5600586
vt 0.69968396 0.8109549
vt 0.14453125 0.5600586
vt 0.14453125 0.5600586
vt 0.14931224 0.50799704
vt 0.70179266 0.826972
vt 0.16748047 0.5600586
vt 0.15570089 0.5523877
vt 0.16748047 0.5600586
vt 0.70797503 0.84189755
vt 0.19042969 0.5600586
vt 0.19042969 0.5600586
vt 0.19125356 0.5060441
vt 0.71780974 0.8547144
vt 0.21386719 0.5600586
vt 0.20389852 0.554341
vt 0.21386719 0.5600586
vt 0.7306266 0.86454904
vt 0.2368164 0.5600586
vt 0.2368164 0.5600586
vt 0.23378918 0.5050708
vt 0.7455521 0.8707315
vt 0.25927734 0.5600586
vt 0.26742294 0.5630655
vt 0.25927734 0.5600586
vt 0.7615692 0.87284017
vt 0.28271484 0.5600586
vt 0.28271484 0.5600586
vt 0.2605788 0.5055319
vt 0.7775863 0.8707315
vt 0.30566406 0.5600586
vt 0.3095084 0.5622343
vt 0.30566406 0.5600586
vt 0.7925118 0.8645491
vt 0.32861328 0.5600586
vt 0.32861328 0.5600586
vt 0.31081378 0.50414795
vt 0.80532867 0.8547144
vt 0.3515625 0.5600586
vt 0.3436431 0.5560813
vt 0.3515625 0.5600586
vt 0.8151633 0.84189755
vt 0.37451172 0.5600586
vt 0.37451172 0.5600586
vt 0.37043282 0.50419354
vt 0.82134575 0.826972
vt 0.39794922 0.5600586
vt 0.38367498 0.5489327
vt 0.39794922 0.5600586
vt 0.82345444 0.8109549
vt 0.42089844 0.5600586
vt 0.42089844 0.5600586
vt 0.42552033 0.50794786
vt 0.82134575 0.7949379
vt 0.44384766 0.5600586
vt 0.43203768 0.55253863
vt 0.44384766 0.5600586
vt 0.8151634 0.78001237
vt 0.46679688 0.5600586
vt 0.46679688 0.5600586
vt 0.4672879 0.5059651
vt 0.80532867 0.7671955
vt 0.4897461 0.5600586
vt 0.48916188 0.56084365
vt 0.4897461 0.5600586
vt 0.7925118 0.7573608
vt 0.5131836 0.5600586
vt 0.5131836 0.5600586
vt 0.4995836 0.5036937
vt 0.7775863 0.75117844
vt 0.53564453 0.5600586
vt 0.5690541 0.5211328
vt 0.53564453 0.5600586
vt 0.052734375 0.53222656
vt 0.046129797 0.5223137
vt 0.029296875 0.53222656
vt 0.04587958 0.5458274
vt 0.04116614 0.52468014
vt 0.029296875 0.53222656
vt 0.03641525 0.5438952
vt 0.03564453 0.5229492
vt 0.037127502 0.53655845
vt 0.04638672 0.5229492
vt 0.03725426 0.52985007
vt 0.052734375 0.53222656
vt 0.036516298 0.5225831
vt 0.04186319 0.5426637
vt 0.09863281 0.53222656
vt 0.09648808 0.52544904
vt 0.07519531 0.53222656
vt 0.08586947 0.54693913
vt 0.091155335 0.52545923
vt 0.07519531 0.53222656
vt 0.078553714 0.5410994
vt 0.08154297 0.5229492
vt 0.082433335 0.5347618
vt 0.09277344 0.5229492
vt 0.08556623 0.5285597
vt 0.09863281 0.53222656
vt 0.08806084 0.5216224
vt 0.083858766 0.54239684
vt 0.14453125 0.53222656
vt 0.14491537 0.5288912
vt 0.12158203 0.53222656
vt 0.12740198 0.5456665
vt 0.13991524 0.5273385
vt 0.12158203 0.53222656
vt 0.12249847 0.5380758
vt 0.12792969 0.5229492
vt 0.12828518 0.53337204
vt 0.13867188 0.5229492
vt 0.13350312 0.52856743
vt 0.14453125 0.53222656
vt 0.13818033 0.52280116
vt 0.12702163 0.5408607
vt 0.19042969 0.53222656
vt 0.19042754 0.5274997
vt 0.16748047 0.53222656
vt 0.17499465 0.54601014
vt 0.18519378 0.5267179
vt 0.16748047 0.53222656
vt 0.16894934 0.5393125
vt 0.17382812 0.5229492
vt 0.17409286 0.5339612
vt 0.18457031 0.5229492
vt 0.17874892 0.5287322
vt 0.19042969 0.53222656
vt 0.18265808 0.5224527
vt 0.17383952 0.5413265
vt 0.23076881 0.52647424
vt 0.23620245 0.5266446
vt 0.2368164 0.53222656
vt 0.21386719 0.53222656
vt 0.21612407 0.54039145
vt 0.21923828 0.5229492
vt 0.22062713 0.5346364
vt 0.23046875 0.5229492
vt 0.22448803 0.529127
vt 0.2368164 0.53222656
vt 0.22750613 0.52248335
vt 0.21999787 0.54078203
vt 0.28271484 0.53222656
vt 0.27501097 0.5216613
vt 0.25927734 0.53222656
vt 0.27716956 0.5449306
vt 0.27042368 0.52474475
vt 0.25927734 0.53222656
vt 0.26755506 0.54443884
vt 0.265625 0.5229492
vt 0.26742348 0.5370987
vt 0.2763672 0.5229492
vt 0.26696894 0.5305047
vt 0.28271484 0.53222656
vt 0.26539996 0.5234065
vt 0.27273193 0.5424126
vt 0.32861328 0.53222656
vt 0.32233435 0.5223361
vt 0.30566406 0.53222656
vt 0.3219876 0.5458479
vt 0.31736726 0.5246785
vt 0.30566406 0.53222656
vt 0.31253132 0.54387534
vt 0.31152344 0.5229492
vt 0.31327492 0.5365416
vt 0.3227539 0.5229492
vt 0.3134344 0.5298338
vt 0.32861328 0.53222656
vt 0.31272888 0.5225655
vt 0.3179847 0.54266715
vt 0.37451172 0.53222656
vt 0.3725998 0.5254692
vt 0.3515625 0.53222656
vt 0.3619377 0.5469374
vt 0.36726686 0.5254683
vt 0.3515625 0.53222656
vt 0.35463396 0.54108286
vt 0.35791016 0.5229492
vt 0.3585261 0.5347531
vt 0.36865234 0.5229492
vt 0.3616716 0.5285572
vt 0.37451172 0.53222656
vt 0.36418062 0.52162486
vt 0.35993642 0.542391
vt 0.42089844 0.53222656
vt 0.4211868 0.5288552
vt 0.39794922 0.53222656
vt 0.40372506 0.54568374
vt 0.41618198 0.52731776
vt 0.39794922 0.53222656
vt 0.3987984 0.5381081
vt 0.4038086 0.5229492
vt 0.40457052 0.5333865
vt 0.41455078 0.5229492
vt 0.40977344 0.5285661
vt 0.42089844 0.53222656
vt 0.41443333 0.52278566
vt 0.40333 0.540879
vt 0.46679688 0.53222656
vt 0.4666017 0.52742577
vt 0.44384766 0.53222656
vt 0.45128965 0.54603606
vt 0.46136296 0.526678
vt 0.44384766 0.53222656
vt 0.4452012 0.5393778
vt 0.44970703 0.5229492
vt 0.4503099 0.53399336
vt 0.46044922 0.5229492
vt 0.45493162 0.5287342
vt 0.46679688 0.53222656
vt 0.4587995 0.5224294
vt 0.45010436 0.54135996
vt 0.5131836 0.53222656
vt 0.5088975 0.5232131
vt 0.4897461 0.53222656
vt 0.5035065 0.54624826
vt 0.5037202 0.5248813
vt 0.4897461 0.53222656
vt 0.4947286 0.54306835
vt 0.49560547 0.5229492
vt 0.49688217 0.53602237
vt 0.50683594 0.5229492
vt 0.4986639 0.52949476
vt 0.5131836 0.53222656
vt 0.49936268 0.5222068
vt 0.50012493 0.5425972
vt 0.55859375 0.53222656
vt -0.011034002 0.59140635
vt 0.52767503 0.53186077
vt 0.53564453 0.53222656
vt 0.5482694 0.5219206
vt -0.008407426 0.581808
vt 0.5312956 0.53608274
vt 0.006603391 0.5321019
vt 0.536006 0.5415942
vt 0.53564453 0.53222656
vt 0.5528097 0.5299992
vt 0.5419922 0.5229492
vt 0.54667556 0.5337795
vt 0.5527344 0.5229492
vt 0.54226035 0.5383316
vt 0.55859375 0.53222656
vt 0.010193961 0.5361059
vt 0.5403418 0.5450982
vt 0.5483312 0.5269613
vt 0.21386719 0.53222656
vt 0.22299884 0.5465888
vt 0.0063476562 0.7861328
vt 0.55859375 0.7861328
vt 0.8288385 0.61759174
vt 0.9770508 0.6179868
vt 0.029296875 0.7861328
vt 0.8539093 0.61746174
vt 0.052734375 0.7861328
vt 0.8783322 0.6174143
vt 0.07519531 0.7861328
vt 0.9028128 0.6175107
vt 0.09863281 0.7861328
vt 0.92738956 0.6174154
vt 0.12158203 0.7861328
vt 0.95185953 0.6175107
vt 0.14453125 0.7861328
vt 0.97643644 0.61741525
vt 0.16748047 0.7861328
vt 1.0009031 0.6174921
vt 0.8286133 0.6174985
vt 0.19042969 0.7861328
vt 0.8535156 0.6174985
vt 0.21386719 0.7871094
vt 0.8779297 0.6184751
vt 0.2368164 0.7861328
vt 0.90234375 0.6174985
vt 0.25927734 0.7861328
vt 0.9267578 0.6174985
vt 0.28271484 0.7861328
vt 0.9511719 0.6174985
vt 0.9511719 0.6174985
vt 0.30566406 0.7861328
vt 0.9760742 0.6174985
vt 0.32861328 0.7861328
vt 1.0004883 0.6174985
vt 0.8286133 0.6174985
vt 0.3515625 0.7861328
vt 0.85302734 0.6174985
vt 0.37451172 0.7861328
vt 0.8774414 0.6174985
vt 0.39794922 0.7861328
vt 0.90185547 0.6174985
vt 0.42089844 0.7861328
vt 0.9267578 0.6174985
vt 0.44384766 0.7861328
vt 0.9511719 0.6174985
vt 0.46679688 0.7861328
vt 0.97558594 0.6174985
vt 0.4897461 0.7861328
vt 1 0.6174985
vt 0.90283203 0.6174985
vt 0.5131836 0.7861328
vt 0.9277344 0.6174985
vt 0.53564453 0.7861328
vt 0.95214844 0.6174985
f 857/857 853/853 1075/1075
f 1074/1074 1069/1069 856/856
f 1318/1318 861/861 855/855
f 855/855 1322/1322 1318/1318
f 854/854 859/859 848/848
f 848/848 851/851 854/854
f 1324/1324 858/858 1070/1070
f 1070/1070 1333/1333 1324/1324
f 1049/1049 1052/1052 1055/1055
f 1055/1055 1058/1058 1049/1049
f 1057/1057 1054/1054 1164/1164
f 1164/1164 1159/1159 1057/1057
f 875/875 878/878 869/869
f 869/869 872/872 875/875
f 1084/1084 1079/1079 877/877
f 877/877 874/874 1084/1084
f 1031/1031 1034/1034 1037/1037
f 1037/1037 1040/1040 1031/1031
f 1039/1039 1036/1036 1156/1156
f 1156/1156 1151/1151 1039/1039
f 893/893 896/896 887/887
f 887/887 890/890 893/893
f 1092/1092 1087/1087 895/895
f 895/895 892/892 1092/1092
f 1013/1013 1016/1016 1019/1019
f 1019/1019 1022/1022 1013/1013
f 1021/1021 1018/1018 1148/1148
f 1148/1148 1143/1143 1021/1021
f 1100/1100 1095/1095 913/913
f 913/913 910/910 1100/1100
f 911/911 914/914 905/905
f 905/905 908/908 911/911
f 1003/1003 1000/1000 1140/1140
f 1140/1140 1135/1135 1003/1003
f 995/995 998/998 1001/1001
f 1001/1001 1004/1004 995/995
f 1103/1103 931/931 928/928
f 928/928 1108/1108 1103/1103
f 929/929 932/932 923/923
f 923/923 926/926 929/929
f 985/985 982/982 1132/1132
f 1132/1132 1127/1127 985/985
f 977/977 980/980 983/983
f 983/983 986/986 977/977
f 1116/1116 1111/1111 949/949
f 949/949 946/946 1116/1116
f 1124/1124 1119/1119 967/967
f 967/967 964/964 1124/1124
f 947/947 950/950 941/941
f 941/941 944/944 947/947
f 959/959 962/962 965/965
f 965/965 968/968 959/959
f 1062/1062 1066/1066 1320/1320
f 1050/1050 1062/1062 1320/1320
f 860/860 1317/1317 1062/1062
f 1050/1050 860/860 1062/1062
f 1390/1390 1339/1339 860/860
f 860/860 1050/1050 1390/1390
f 1388/1388 1390/1390 1050/1050
f 1050/1050 1059/1059 1388/1388
f 1385/1385 1388/1388 1059/1059
f 1059/1059 1032/1032 1385/1385
f 1383/1383 1385/1385 1032/1032
f 1059/1059 1303/1303 1044/1044
f 1032/1032 1059/1059 1044/1044
f 1032/1032 1044/1044 1305/1305
f 1044/1044 1048/1048 1305/1305
f 1032/1032 1041/1041 1383/1383
f 1381/1381 1383/1383 1041/1041
f 1041/1041 1014/1014 1381/1381
f 1379/1379 1381/1381 1014/1014
f 1041/1041 1289/1289 1026/1026
f 1014/1014 1041/1041 1026/1026
f 1014/1014 1026/1026 1291/1291
f 1026/1026 1030/1030 1291/1291
f 1014/1014 1023/1023 1379/1379
f 1377/1377 1379/1379 1023/1023
f 1023/1023 996/996 1377/1377
f 1375/1375 1377/1377 996/996
f 1023/1023 1275/1275 1008/1008
f 996/996 1023/1023 1008/1008
f 996/996 1008/1008 1277/1277
f 1008/1008 1012/1012 1277/1277
f 996/996 1005/1005 1375/1375
f 1373/1373 1375/1375 1005/1005
f 1005/1005 978/978 1373/1373
f 1370/1370 1373/1373 978/978
f 1005/1005 1261/1261 990/990
f 978/978 1005/1005 990/990
f 978/978 990/990 1263/1263
f 990/990 994/994 1263/1263
f 978/978 987/987 1370/1370
f 1368/1368 1370/1370 987/987
f 987/987 960/960 1368/1368
f 1365/1365 1368/1368 960/960
f 987/987 1247/1247 972/972
f 960/960 987/987 972/972
f 960/960 972/972 1249/1249
f 972/972 976/976 1249/1249
f 960/960 969/969 1365/1365
f 1363/1363 1365/1365 969/969
f 969/969 942/942 1363/1363
f 1361/1361 1363/1363 942/942
f 969/969 1233/1233 954/954
f 942/942 969/969 954/954
f 942/942 954/954 1235/1235
f 954/954 958/958 1235/1235
f 942/942 952/952 1361/1361
f 952/952 1223/1223 936/936
f 1361/1361 952/952 924/924
f 924/924 952/952 936/936
f 924/924 1359/1359 1361/1361
f 924/924 936/936 940/940
f 924/924 940/940 1336/1336
f 1357/1357 1359/1359 924/924
f 924/924 933/933 1357/1357
f 1354/1354 1357/1357 933/933
f 933/933 906/906 1354/1354
f 1352/1352 1354/1354 906/906
f 933/933 1207/1207 918/918
f 906/906 933/933 918/918
f 906/906 918/918 1209/1209
f 918/918 922/922 1209/1209
f 906/906 915/915 1352/1352
f 1350/1350 1352/1352 915/915
f 915/915 888/888 1350/1350
f 1348/1348 1350/1350 888/888
f 915/915 1193/1193 900/900
f 888/888 915/915 900/900
f 888/888 900/900 1195/1195
f 900/900 904/904 1195/1195
f 888/888 897/897 1348/1348
f 1346/1346 1348/1348 897/897
f 897/897 870/870 1346/1346
f 1344/1344 1346/1346 870/870
f 897/897 1179/1179 882/882
f 870/870 897/897 882/882
f 870/870 882/882 1181/1181
f 882/882 886/886 1181/1181
f 870/870 879/879 1344/1344
f 1342/1342 1344/1344 879/879
f 879/879 849/849 1342/1342
f 1338/1338 1342/1342 849/849
f 849/849 862/862 1338/1338
f 849/849 879/879 864/864
f 879/879 1165/1165 864/864
f 849/849 864/864 1167/1167
f 864/864 868/868 1167/1167
f 1061/1061 1319/1319 1323/1323
f 1323/1323 1063/1063 1061/1061
f 1063/1063 1325/1325 1334/1334
f 1334/1334 1331/1331 1063/1063
f 1061/1061 1063/1063 1064/1064
f 1064/1064 1063/1063 1331/1331
f 1331/1331 1329/1329 1064/1064
f 1064/1064 1065/1065 1061/1061
f 1064/1064 1329/1329 1327/1327
f 1065/1065 1064/1064 1335/1335
f 1327/1327 1335/1335 1064/1064
f 1335/1335 1321/1321 1065/1065
f 1051/1051 1321/1321 1335/1335
f 1335/1335 1053/1053 1051/1051
f 1053/1053 1335/1335 1327/1327
f 1327/1327 1163/1163 1053/1053
f 1328/1328 1330/1330 1332/1332
f 1068/1068 1328/1328 1332/1332
f 1068/1068 1162/1162 1328/1328
f 1162/1162 1326/1326 1328/1328
f 1072/1072 1170/1170 1172/1172
f 1078/1078 1072/1072 1172/1172
f 1078/1078 1172/1172 1176/1176
f 1172/1172 1174/1174 1176/1176
f 1310/1310 1312/1312 1314/1314
f 1158/1158 1310/1310 1314/1314
f 1158/1158 1154/1154 1310/1310
f 1154/1154 1308/1308 1310/1310
f 1082/1082 1184/1184 1186/1186
f 1086/1086 1082/1082 1186/1186
f 1086/1086 1186/1186 1190/1190
f 1186/1186 1188/1188 1190/1190
f 1296/1296 1298/1298 1300/1300
f 1150/1150 1296/1296 1300/1300
f 1150/1150 1146/1146 1296/1296
f 1146/1146 1294/1294 1296/1296
f 1090/1090 1198/1198 1200/1200
f 1094/1094 1090/1090 1200/1200
f 1094/1094 1200/1200 1204/1204
f 1200/1200 1202/1202 1204/1204
f 1282/1282 1284/1284 1286/1286
f 1142/1142 1282/1282 1286/1286
f 1142/1142 1138/1138 1282/1282
f 1138/1138 1280/1280 1282/1282
f 1098/1098 1212/1212 1214/1214
f 1102/1102 1098/1098 1214/1214
f 1102/1102 1214/1214 1218/1218
f 1214/1214 1216/1216 1218/1218
f 1268/1268 1270/1270 1272/1272
f 1134/1134 1268/1268 1272/1272
f 1134/1134 1130/1130 1268/1268
f 1130/1130 1266/1266 1268/1268
f 1106/1106 1224/1224 1226/1226
f 1110/1110 1106/1106 1226/1226
f 1110/1110 1226/1226 1230/1230
f 1226/1226 1228/1228 1230/1230
f 1254/1254 1256/1256 1258/1258
f 1126/1126 1254/1254 1258/1258
f 1126/1126 1122/1122 1254/1254
f 1122/1122 1252/1252 1254/1254
f 1114/1114 1238/1238 1240/1240
f 1118/1118 1114/1114 1240/1240
f 1118/1118 1240/1240 1244/1244
f 1240/1240 1242/1242 1244/1244
f 1166/1166 880/880 876/876
f 876/876 1169/1169 1166/1166
f 1169/1169 876/876 1080/1080
f 863/863 1166/1166 1169/1169
f 1080/1080 1177/1177 1169/1169
f 865/865 1169/1169 1177/1177
f 1169/1169 865/865 863/863
f 1177/1177 1175/1175 865/865
f 863/863 865/865 866/866
f 866/866 865/865 1175/1175
f 1175/1175 1173/1173 866/866
f 866/866 867/867 863/863
f 866/866 1173/1173 1171/1171
f 867/867 866/866 1178/1178
f 1171/1171 1178/1178 866/866
f 1178/1178 1168/1168 867/867
f 850/850 1168/1168 1178/1178
f 1178/1178 852/852 850/850
f 852/852 1178/1178 1171/1171
f 1171/1171 1073/1073 852/852
f 1304/1304 1060/1060 1056/1056
f 1056/1056 1307/1307 1304/1304
f 1307/1307 1056/1056 1160/1160
f 1043/1043 1304/1304 1307/1307
f 1160/1160 1315/1315 1307/1307
f 1045/1045 1307/1307 1315/1315
f 1307/1307 1045/1045 1043/1043
f 1315/1315 1313/1313 1045/1045
f 1043/1043 1045/1045 1046/1046
f 1046/1046 1045/1045 1313/1313
f 1313/1313 1311/1311 1046/1046
f 1046/1046 1047/1047 1043/1043
f 1046/1046 1311/1311 1309/1309
f 1047/1047 1046/1046 1316/1316
f 1309/1309 1316/1316 1046/1046
f 1316/1316 1306/1306 1047/1047
f 1033/1033 1306/1306 1316/1316
f 1316/1316 1035/1035 1033/1033
f 1035/1035 1316/1316 1309/1309
f 1309/1309 1155/1155 1035/1035
f 1180/1180 898/898 894/894
f 894/894 1183/1183 1180/1180
f 1183/1183 894/894 1088/1088
f 881/881 1180/1180 1183/1183
f 1088/1088 1191/1191 1183/1183
f 883/883 1183/1183 1191/1191
f 1183/1183 883/883 881/881
f 1191/1191 1189/1189 883/883
f 881/881 883/883 884/884
f 884/884 883/883 1189/1189
f 1189/1189 1187/1187 884/884
f 884/884 885/885 881/881
f 884/884 1187/1187 1185/1185
f 885/885 884/884 1192/1192
f 1185/1185 1192/1192 884/884
f 1192/1192 1182/1182 885/885
f 871/871 1182/1182 1192/1192
f 1192/1192 873/873 871/871
f 873/873 1192/1192 1185/1185
f 1185/1185 1083/1083 873/873
f 1290/1290 1042/1042 1038/1038
f 1038/1038 1293/1293 1290/1290
f 1293/1293 1038/1038 1152/1152
f 1025/1025 1290/1290 1293/1293
f 1152/1152 1301/1301 1293/1293
f 1027/1027 1293/1293 1301/1301
f 1293/1293 1027/1027 1025/1025
f 1301/1301 1299/1299 1027/1027
f 1025/1025 1027/1027 1028/1028
f 1028/1028 1027/1027 1299/1299
f 1299/1299 1297/1297 1028/1028
f 1028/1028 1029/1029 1025/1025
f 1028/1028 1297/1297 1295/1295
f 1029/1029 1028/1028 1302/1302
f 1295/1295 1302/1302 1028/1028
f 1302/1302 1292/1292 1029/1029
f 1015/1015 1292/1292 1302/1302
f 1302/1302 1017/1017 1015/1015
f 1017/1017 1302/1302 1295/1295
f 1295/1295 1147/1147 1017/1017
f 1194/1194 916/916 912/912
f 912/912 1197/1197 1194/1194
f 1197/1197 912/912 1096/1096
f 899/899 1194/1194 1197/1197
f 1096/1096 1205/1205 1197/1197
f 901/901 1197/1197 1205/1205
f 1197/1197 901/901 899/899
f 1205/1205 1203/1203 901/901
f 899/899 901/901 902/902
f 902/902 901/901 1203/1203
f 1203/1203 1201/1201 902/902
f 902/902 903/903 899/899
f 902/902 1201/1201 1199/1199
f 903/903 902/902 1206/1206
f 1199/1199 1206/1206 902/902
f 1206/1206 1196/1196 903/903
f 889/889 1196/1196 1206/1206
f 1206/1206 891/891 889/889
f 891/891 1206/1206 1199/1199
f 1199/1199 1091/1091 891/891
f 1276/1276 1024/1024 1020/1020
f 1020/1020 1279/1279 1276/1276
f 1279/1279 1020/1020 1144/1144
f 1007/1007 1276/1276 1279/1279
f 1144/1144 1287/1287 1279/1279
f 1009/1009 1279/1279 1287/1287
f 1279/1279 1009/1009 1007/1007
f 1287/1287 1285/1285 1009/1009
f 1007/1007 1009/1009 1010/1010
f 1010/1010 1009/1009 1285/1285
f 1285/1285 1283/1283 1010/1010
f 1010/1010 1011/1011 1007/1007
f 1010/1010 1283/1283 1281/1281
f 1011/1011 1010/1010 1288/1288
f 1281/1281 1288/1288 1010/1010
f 1288/1288 1278/1278 1011/1011
f 997/997 1278/1278 1288/1288
f 1288/1288 999/999 997/997
f 999/999 1288/1288 1281/1281
f 1281/1281 1139/1139 999/999
f 1208/1208 934/934 930/930
f 930/930 1211/1211 1208/1208
f 1211/1211 930/930 1104/1104
f 917/917 1208/1208 1211/1211
f 1104/1104 1219/1219 1211/1211
f 919/919 1211/1211 1219/1219
f 1211/1211 919/919 917/917
f 1219/1219 1217/1217 919/919
f 917/917 919/919 920/920
f 920/920 919/919 1217/1217
f 1217/1217 1215/1215 920/920
f 920/920 921/921 917/917
f 920/920 1215/1215 1213/1213
f 921/921 920/920 1220/1220
f 1213/1213 1220/1220 920/920
f 1220/1220 1210/1210 921/921
f 907/907 1210/1210 1220/1220
f 1220/1220 909/909 907/907
f 909/909 1220/1220 1213/1213
f 1213/1213 1099/1099 909/909
f 1262/1262 1006/1006 1002/1002
f 1002/1002 1265/1265 1262/1262
f 1265/1265 1002/1002 1136/1136
f 989/989 1262/1262 1265/1265
f 1136/1136 1273/1273 1265/1265
f 991/991 1265/1265 1273/1273
f 1265/1265 991/991 989/989
f 1273/1273 1271/1271 991/991
f 989/989 991/991 992/992
f 992/992 991/991 1271/1271
f 1271/1271 1269/1269 992/992
f 992/992 993/993 989/989
f 992/992 1269/1269 1267/1267
f 993/993 992/992 1274/1274
f 1267/1267 1274/1274 992/992
f 1274/1274 1264/1264 993/993
f 979/979 1264/1264 1274/1274
f 1274/1274 981/981 979/979
f 981/981 1274/1274 1267/1267
f 1267/1267 1131/1131 981/981
f 1225/1225 1107/1107 927/927
f 927/927 1232/1232 1225/1225
f 1232/1232 927/927 925/925
f 1227/1227 1225/1225 1232/1232
f 925/925 1337/1337 1232/1232
f 1232/1232 938/938 1227/1227
f 938/938 1232/1232 1337/1337
f 1337/1337 939/939 938/938
f 1229/1229 1227/1227 938/938
f 938/938 939/939 935/935
f 938/938 937/937 1229/1229
f 935/935 937/937 938/938
f 1231/1231 1229/1229 937/937
f 1221/1221 937/937 935/935
f 937/937 1221/1221 1231/1231
f 1112/1112 1231/1231 1221/1221
f 935/935 1222/1222 1221/1221
f 1221/1221 948/948 1112/1112
f 948/948 1221/1221 1222/1222
f 1222/1222 951/951 948/948
f 1248/1248 988/988 984/984
f 984/984 1251/1251 1248/1248
f 1251/1251 984/984 1128/1128
f 971/971 1248/1248 1251/1251
f 1128/1128 1259/1259 1251/1251
f 973/973 1251/1251 1259/1259
f 1251/1251 973/973 971/971
f 1259/1259 1257/1257 973/973
f 971/971 973/973 974/974
f 974/974 973/973 1257/1257
f 1257/1257 1255/1255 974/974
f 974/974 975/975 971/971
f 974/974 1255/1255 1253/1253
f 975/975 974/974 1260/1260
f 1253/1253 1260/1260 974/974
f 1260/1260 1250/1250 975/975
f 961/961 1250/1250 1260/1260
f 1260/1260 963/963 961/961
f 963/963 1260/1260 1253/1253
f 1253/1253 1123/1123 963/963
f 1234/1234 970/970 966/966
f 966/966 1237/1237 1234/1234
f 1237/1237 966/966 1120/1120
f 953/953 1234/1234 1237/1237
f 1120/1120 1245/1245 1237/1237
f 955/955 1237/1237 1245/1245
f 1237/1237 955/955 953/953
f 1245/1245 1243/1243 955/955
f 953/953 955/955 956/956
f 956/956 955/955 1243/1243
f 1243/1243 1241/1241 956/956
f 956/956 957/957 953/953
f 956/956 1241/1241 1239/1239
f 957/957 956/956 1246/1246
f 1239/1239 1246/1246 956/956
f 1246/1246 1236/1236 957/957
f 943/943 1236/1236 1246/1246
f 1246/1246 945/945 943/943
f 945/945 1246/1246 1239/1239
f 1239/1239 1115/1115 945/945
f 792/792 794/794 790/790
f 1343/1343 1340/1340 792/792
f 790/790 791/791 792/792
f 792/792 791/791 1343/1343
f 791/791 790/790 796/796
f 1345/1345 1343/1343 791/791
f 796/796 797/797 791/791
f 791/791 797/797 1345/1345
f 797/797 796/796 798/798
f 1347/1347 1345/1345 797/797
f 798/798 799/799 797/797
f 797/797 799/799 1347/1347
f 799/799 798/798 800/800
f 1349/1349 1347/1347 799/799
f 800/800 801/801 799/799
f 799/799 801/801 1349/1349
f 801/801 800/800 802/802
f 1351/1351 1349/1349 801/801
f 802/802 803/803 801/801
f 801/801 803/803 1351/1351
f 803/803 802/802 804/804
f 1353/1353 1351/1351 803/803
f 804/804 805/805 803/803
f 803/803 805/805 1353/1353
f 805/805 804/804 806/806
f 1355/1355 1353/1353 805/805
f 806/806 808/808 805/805
f 805/805 808/808 1355/1355
f 843/843 841/841 844/844
f 1389/1389 1387/1387 843/843
f 844/844 845/845 843/843
f 843/843 845/845 1389/1389
f 845/845 844/844 846/846
f 1391/1391 1389/1389 845/845
f 846/846 847/847 845/845
f 845/845 847/847 1391/1391
f 847/847 846/846 795/795
f 1341/1341 1391/1391 847/847
f 795/795 793/793 847/847
f 847/847 793/793 1341/1341
f 1358/1358 1356/1356 809/809
f 809/809 811/811 1358/1358
f 1360/1360 1358/1358 811/811
f 809/809 807/807 810/810
f 810/810 811/811 809/809
f 811/811 813/813 1360/1360
f 813/813 811/811 810/810
f 810/810 812/812 813/813
f 1362/1362 1360/1360 813/813
f 813/813 812/812 814/814
f 813/813 815/815 1362/1362
f 814/814 815/815 813/813
f 1364/1364 1362/1362 815/815
f 815/815 814/814 816/816
f 815/815 817/817 1364/1364
f 816/816 817/817 815/815
f 1366/1366 1364/1364 817/817
f 817/817 816/816 818/818
f 817/817 820/820 1366/1366
f 818/818 820/820 817/817
f 1374/1374 1372/1372 827/827
f 827/827 825/825 828/828
f 827/827 829/829 1374/1374
f 828/828 829/829 827/827
f 1376/1376 1374/1374 829/829
f 829/829 828/828 830/830
f 829/829 831/831 1376/1376
f 830/830 831/831 829/829
f 1378/1378 1376/1376 831/831
f 831/831 830/830 832/832
f 831/831 833/833 1378/1378
f 832/832 833/833 831/831
f 1380/1380 1378/1378 833/833
f 833/833 832/832 834/834
f 833/833 835/835 1380/1380
f 834/834 835/835 833/833
f 1382/1382 1380/1380 835/835
f 835/835 834/834 836/836
f 835/835 837/837 1382/1382
f 836/836 837/837 835/835
f 1384/1384 1382/1382 837/837
f 837/837 836/836 838/838
f 837/837 839/839 1384/1384
f 838/838 839/839 837/837
f 1386/1386 1384/1384 839/839
f 839/839 838/838 840/840
f 839/839 842/842 1386/1386
f 840/840 842/842 839/839
f 1369/1369 1367/1367 821/821
f 821/821 819/819 822/822
f 821/821 823/823 1369/1369
f 822/822 823/823 821/821
f 1371/1371 1369/1369 823/823
f 823/823 822/822 824/824
f 823/823 826/826 1371/1371
f 824/824 826/826 823/823
f 1067/1067 1071/1071 1076/1076
f 1161/1161 1067/1067 1076/1076
f 1071/1071 1077/1077 1076/1076
f 1157/1157 1161/1161 1076/1076
f 1077/1077 1081/1081 1076/1076
f 1153/1153 1157/1157 1076/1076
f 1081/1081 1085/1085 1076/1076
f 1149/1149 1153/1153 1076/1076
f 1085/1085 1089/1089 1076/1076
f 1145/1145 1149/1149 1076/1076
f 1089/1089 1093/1093 1076/1076
f 1141/1141 1145/1145 1076/1076
f 1093/1093 1097/1097 1076/1076
f 1137/1137 1141/1141 1076/1076
f 1097/1097 1101/1101 1076/1076
f 1133/1133 1137/1137 1076/1076
f 1101/1101 1105/1105 1076/1076
f 1129/1129 1133/1133 1076/1076
f 1105/1105 1109/1109 1076/1076
f 1125/1125 1129/1129 1076/1076
f 1109/1109 1113/1113 1076/1076
f 1121/1121 1125/1125 1076/1076
f 1113/1113 1117/1117 1076/1076
f 1117/1117 1121/1121 1076/1076
o mi_aserai_tower_2.lod2
v -0.38730866 -0.09563781 -0.44762245
v -0.39480284 -0.09748871 0.32170627
v -0.40873015 3.0517577E-07 0.32170627
v -0.40873015 3.0517577E-07 0.32170627
v -0.40097076 3.0517577E-07 -0.44762245
v -0.40097076 3.0517577E-07 -0.44762245
v -0.34725127 -0.18475936 -0.44762245
v -0.35397065 -0.18833435 0.32170627
v -0.28352904 -0.2612889 -0.4476223
v -0.2890155 -0.26634476 0.32170627
v -0.20048492 -0.3200125 -0.4476223
v -0.20436493 -0.3262042 0.3217062
v -0.10377899 -0.35692778 -0.4476223
v -0.105787046 -0.3638336 0.3217062
v 0 -0.36951813 -0.4476223
v 0 -0.3766687 0.3217062
v 0.10377868 -0.35692778 -0.4476223
v 0.10377868 -0.35692778 -0.4476223
v 0.10578735 -0.3638336 0.32170627
v 0.10578735 -0.3638336 0.32170627
v 0.20048584 -0.3200125 -0.4476223
v 0.20436522 -0.3262042 0.32170635
v 0.28352875 -0.2612895 -0.4476223
v 0.28888914 -0.26641968 0.316836
v 0.34725156 -0.18475936 -0.44762245
v 0.35397032 -0.18833435 0.3217062
v 0.38730803 -0.095638424 -0.44762245
v 0.39480317 -0.09748871 0.32170612
v 0.40097076 3.0517577E-07 -0.44762245
v 0.40097076 3.0517577E-07 -0.44762245
v 0.40873045 3.0517577E-07 0.3217062
v 0.40873045 3.0517577E-07 0.3217062
v 0.38730803 0.095638424 -0.44762245
v 0.39480317 0.09748932 0.32170612
v 0.34725156 0.1847589 -0.44762245
v 0.34725156 0.1847589 -0.44762245
v 0.35397094 0.18833466 0.3217062
v 0.35397094 0.18833466 0.3217062
v 0.28352934 0.26128906 -0.44762245
v 0.2890155 0.2663452 0.32170612
v 0.20048523 0.3200125 -0.44762245
v 0.20436522 0.326205 0.3217062
v 0.10377868 0.35692734 -0.44762245
v 0.10578735 0.36383438 0.3217062
v 0 0.36951858 -0.44762245
v 3.0517577E-07 0.37666884 0.32170612
v -0.10377899 0.35692734 -0.44762245
v -0.10578674 0.36383423 0.32170612
v -0.20048492 0.3200128 -0.44762245
v -0.20436493 0.326205 0.3217062
v -0.28352875 0.26128966 -0.44762245
v -0.28352875 0.26128966 -0.44762245
v -0.2890152 0.2663455 0.32170612
v -0.2890152 0.2663455 0.32170612
v -0.34725127 0.18475951 -0.44762245
v -0.35397065 0.18833466 0.32170627
v -0.38730866 0.095639035 -0.44762245
v -0.39480284 0.097489625 0.32170627
v -0.38730866 -0.09563781 0.9456129
v -0.38730866 -0.09563781 0.9456129
v -0.38730866 -0.09563781 0.9456129
v -0.359252 -0.088710174 1.0551522
v -0.359252 -0.088710174 1.0551522
v -0.359252 -0.088710174 1.0551522
v -0.37192473 6.1035155E-07 1.0551522
v -0.37192473 6.1035155E-07 1.0551522
v -0.37192473 6.1035155E-07 1.0551522
v -0.37192473 6.1035155E-07 1.0551522
v -0.37192473 6.1035155E-07 1.0551522
v -0.40097076 3.0517577E-07 0.9456131
v -0.40097076 3.0517577E-07 0.9456131
v -0.40097076 3.0517577E-07 0.9456131
v -0.40097076 3.0517577E-07 0.9456131
v -0.35630187 -0.16462295 1.1387874
v -0.35630187 -0.16462295 1.1387874
v -0.33114713 -0.15123932 1.1564537
v -0.35020173 -0.10884521 1.1564537
v -0.37825805 -0.11577346 1.1387873
v -0.37825805 -0.11577346 1.1387873
v -0.28352904 -0.2612889 0.9456131
v -0.28352904 -0.2612889 0.9456131
v -0.28352904 -0.2612889 0.9456131
v -0.26299042 -0.24236053 1.0551523
v -0.26299042 -0.24236053 1.0551523
v -0.26299042 -0.24236053 1.0551523
v -0.32209685 -0.17137481 1.0551523
v -0.32209685 -0.17137481 1.0551523
v -0.32209685 -0.17137481 1.0551523
v -0.34725097 -0.18475936 0.9456131
v -0.34725097 -0.18475936 0.9456131
v -0.34725097 -0.18475936 0.9456131
v -0.21924835 -0.30674437 1.1387873
v -0.21924835 -0.30674437 1.1387873
v -0.20472503 -0.28356263 1.1564537
v -0.2442282 -0.2556288 1.1564538
v -0.26476684 -0.27455595 1.1387874
v -0.26476684 -0.27455595 1.1387874
v -0.10377899 -0.35692778 0.9456131
v -0.10377899 -0.35692778 0.9456131
v -0.10377899 -0.35692778 0.9456131
v -0.0962616 -0.33107176 1.0551522
v -0.0962616 -0.33107176 1.0551522
v -0.0962616 -0.33107176 1.0551522
v -0.18596192 -0.29683074 1.0551523
v -0.18596192 -0.29683074 1.0551523
v -0.18596192 -0.29683074 1.0551523
v -0.20048492 -0.3200125 0.9456131
v -0.20048492 -0.3200125 0.9456131
v -0.20048492 -0.3200125 0.9456131
v -0.023447266 -0.3666736 1.1387873
v -0.023447266 -0.3666736 1.1387873
v -0.02344696 -0.33990538 1.1564537
v -0.07281372 -0.333916 1.1564538
v -0.08033112 -0.3597714 1.1387873
v -0.08033112 -0.3597714 1.1387873
v 0.10377868 -0.35692778 0.9456129
v 0.10377868 -0.35692778 0.9456129
v 0.10377868 -0.35692778 0.9456129
v 0.09626129 -0.33107176 1.0551523
v 0.09626129 -0.33107176 1.0551523
v 0.09626129 -0.33107176 1.0551523
v 0 -0.34275025 1.0551523
v 0 -0.34275025 1.0551523
v 0 -0.34275025 1.0551523
v 0 -0.36951813 0.9456129
v 0 -0.36951813 0.9456129
v 0 -0.36951813 0.9456129
v 0.17863587 -0.32835203 1.1387873
v 0.17863587 -0.32835203 1.1387873
v 0.16411315 -0.3051709 1.1564537
v 0.11811066 -0.32273132 1.1564537
v 0.12562867 -0.3485867 1.1387873
v 0.12562867 -0.3485867 1.1387873
v 0.28327727 -0.26143813 0.935912
v 0.28327727 -0.26143813 0.935912
v 0.28327727 -0.26143813 0.935912
v 0.2546292 -0.2346556 1.0551523
v 0.2546292 -0.2346556 1.0551523
v 0.2546292 -0.2346556 1.0551523
v 0.18596283 -0.29683074 1.0551523
v 0.18596283 -0.29683074 1.0551523
v 0.18596283 -0.29683074 1.0551523
v 0.20048584 -0.3200125 0.9456134
v 0.20048584 -0.3200125 0.9456134
v 0.20048584 -0.3200125 0.9456134
v 0.3328543 -0.2020494 1.1387873
v 0.3328543 -0.2020494 1.1387873
v 0.3076996 -0.18866546 1.1564537
v 0.277388 -0.22506988 1.1564537
v 0.29792663 -0.2439978 1.1387873
v 0.29792663 -0.2439978 1.1387873
v 0.38730866 -0.095638424 0.9456128
v 0.38730866 -0.095638424 0.9456128
v 0.38730866 -0.095638424 0.9456128
v 0.3592526 -0.08871048 1.0551523
v 0.3592526 -0.08871048 1.0551523
v 0.3592526 -0.08871048 1.0551523
v 0.32209626 -0.17137481 1.0551523
v 0.32209626 -0.17137481 1.0551523
v 0.32209626 -0.17137481 1.0551523
v 0.34725156 -0.18475936 0.9456131
v 0.34725156 -0.18475936 0.9456131
v 0.34725156 -0.18475936 0.9456131
v 0.39788482 -0.021607665 1.1387872
v 0.39788482 -0.021607665 1.1387872
v 0.3688382 -0.021607665 1.1564535
v 0.36233917 -0.06710205 1.1564537
v 0.3903958 -0.0740303 1.1387872
v 0.3903958 -0.0740303 1.1387872
v 0.38730866 0.095638424 0.9456129
v 0.38730866 0.095638424 0.9456129
v 0.38730866 0.095638424 0.9456129
v 0.3592526 0.08871063 1.0551523
v 0.3592526 0.08871063 1.0551523
v 0.3592526 0.08871063 1.0551523
v 0.37192535 6.1035155E-07 1.0551523
v 0.37192535 6.1035155E-07 1.0551523
v 0.37192535 6.1035155E-07 1.0551523
v 0.40097135 3.0517577E-07 0.9456129
v 0.40097135 3.0517577E-07 0.9456129
v 0.40097135 3.0517577E-07 0.9456129
v 0.35630187 0.16462417 1.138787
v 0.35630187 0.16462417 1.138787
v 0.33114684 0.15124023 1.1564534
v 0.3502014 0.10884643 1.1564534
v 0.37825775 0.11577407 1.138787
v 0.37825775 0.11577407 1.138787
v 0.28352997 0.26128906 0.9456129
v 0.28352997 0.26128906 0.9456129
v 0.28352997 0.26128906 0.9456129
v 0.2629907 0.24236175 1.0551523
v 0.2629907 0.24236175 1.0551523
v 0.2629907 0.24236175 1.0551523
v 0.32209626 0.17137572 1.0551523
v 0.32209626 0.17137572 1.0551523
v 0.32209626 0.17137572 1.0551523
v 0.34725156 0.18475951 0.9456129
v 0.34725156 0.18475951 0.9456129
v 0.34725156 0.18475951 0.9456129
v 0.21924835 0.306745 1.138787
v 0.21924835 0.306745 1.138787
v 0.20472534 0.28356382 1.1564534
v 0.2442282 0.25562972 1.1564534
v 0.26476777 0.27455717 1.138787
v 0.26476777 0.27455717 1.138787
v 0.10377929 0.35692734 0.9456129
v 0.10377929 0.35692734 0.9456129
v 0.10377929 0.35692734 0.9456129
v 0.09626129 0.33107224 1.0551523
v 0.09626129 0.33107224 1.0551523
v 0.09626129 0.33107224 1.0551523
v 0.18596283 0.29683152 1.0551523
v 0.18596283 0.29683152 1.0551523
v 0.18596283 0.29683152 1.0551523
v 0.20048584 0.32001266 0.9456129
v 0.20048584 0.32001266 0.9456129
v 0.20048584 0.32001266 0.9456129
v 0.02344757 0.36667433 1.138787
v 0.02344757 0.36667433 1.138787
v 0.02344757 0.3399063 1.1564534
v 0.072814025 0.33391723 1.1564534
v 0.08033173 0.3597728 1.1387868
v 0.08033173 0.3597728 1.1387868
v -0.10377899 0.35692793 0.9456129
v -0.10377899 0.35692793 0.9456129
v -0.10377899 0.35692793 0.9456129
v -0.09626129 0.33107224 1.0551523
v -0.09626129 0.33107224 1.0551523
v -0.09626129 0.33107224 1.0551523
v 0 0.34275115 1.0551522
v 0 0.34275115 1.0551522
v 0 0.34275115 1.0551522
v 3.0517577E-07 0.36951858 0.9456128
v 3.0517577E-07 0.36951858 0.9456128
v 3.0517577E-07 0.36951858 0.9456128
v -0.17863616 0.32835326 1.138787
v -0.17863616 0.32835326 1.138787
v -0.16411315 0.30517197 1.1564534
v -0.11811066 0.32273176 1.1564534
v -0.12562835 0.34858778 1.138787
v -0.12562835 0.34858778 1.138787
v -0.28352904 0.26128966 0.9456131
v -0.28352904 0.26128966 0.9456131
v -0.28352904 0.26128966 0.9456131
v -0.26299042 0.24236237 1.0551523
v -0.26299042 0.24236237 1.0551523
v -0.26299042 0.24236237 1.0551523
v -0.1859616 0.29683152 1.0551522
v -0.1859616 0.29683152 1.0551522
v -0.1859616 0.29683152 1.0551522
v -0.20048492 0.3200128 0.9456128
v -0.20048492 0.3200128 0.9456128
v -0.20048492 0.3200128 0.9456128
v -0.332854 0.20205063 1.138787
v -0.332854 0.20205063 1.138787
v -0.3076996 0.18866698 1.1564534
v -0.27738768 0.22507125 1.1564534
v -0.29792663 0.24399932 1.138787
v -0.29792663 0.24399932 1.138787
v -0.38730866 0.095639035 0.9456129
v -0.38730866 0.095639035 0.9456129
v -0.38730866 0.095639035 0.9456129
v -0.359252 0.088710934 1.0551522
v -0.359252 0.088710934 1.0551522
v -0.359252 0.088710934 1.0551522
v -0.32209626 0.17137633 1.0551522
v -0.32209626 0.17137633 1.0551522
v -0.32209626 0.17137633 1.0551522
v -0.34725067 0.18475951 0.9456129
v -0.34725067 0.18475951 0.9456129
v -0.34725067 0.18475951 0.9456129
v -0.39788452 0.021608429 1.138787
v -0.39788452 0.021608429 1.138787
v -0.3688382 0.021608429 1.1564537
v -0.36233887 0.06710296 1.1564537
v -0.3903952 0.07403091 1.138787
v -0.3903952 0.07403091 1.138787
v -0.34287873 3.0517577E-07 0.9831335
v -0.34287873 3.0517577E-07 0.9831335
v -0.34287873 3.0517577E-07 0.9831335
v -0.34287873 3.0517577E-07 0.9831335
v -0.33119535 -0.08178192 0.9831335
v -0.33119535 -0.08178192 0.9831335
v -0.33119535 -0.08178192 0.9831335
v -0.33119535 -0.08178192 0.9831335
v -0.33119535 -0.08178192 0.9831335
v 0 3.0517577E-07 0.9831334
v -0.29694152 -0.15799117 0.9831337
v -0.29694152 -0.15799117 0.9831337
v -0.29694152 -0.15799117 0.9831337
v -0.29694152 -0.15799117 0.9831337
v -0.24245177 -0.22343352 0.9831337
v -0.24245177 -0.22343352 0.9831337
v -0.24245177 -0.22343352 0.9831337
v -0.24245177 -0.22343352 0.9831337
v -0.1714392 -0.27364883 0.9831337
v -0.1714392 -0.27364883 0.9831337
v -0.1714392 -0.27364883 0.9831337
v -0.1714392 -0.27364883 0.9831337
v -0.088743284 -0.30521604 0.9831337
v -0.088743284 -0.30521604 0.9831337
v -0.088743284 -0.30521604 0.9831337
v -0.088743284 -0.30521604 0.9831337
v 0 -0.31598267 0.9831337
v 0 -0.31598267 0.9831337
v 0 -0.31598267 0.9831337
v 0 -0.31598267 0.9831337
v 0.088743895 -0.30521604 0.9831337
v 0.088743895 -0.30521604 0.9831337
v 0.088743895 -0.30521604 0.9831337
v 0.088743895 -0.30521604 0.9831337
v 0.1714392 -0.27364883 0.9831335
v 0.1714392 -0.27364883 0.9831335
v 0.1714392 -0.27364883 0.9831335
v 0.1714392 -0.27364883 0.9831335
v 0.24245238 -0.22343352 0.9831337
v 0.24245238 -0.22343352 0.9831337
v 0.24245238 -0.22343352 0.9831337
v 0.24245238 -0.22343352 0.9831337
v 0.29694182 -0.15799117 0.9831337
v 0.29694182 -0.15799117 0.9831337
v 0.29694182 -0.15799117 0.9831337
v 0.29694182 -0.15799117 0.9831337
v 0.33119568 -0.08178192 0.9831335
v 0.33119568 -0.08178192 0.9831335
v 0.33119568 -0.08178192 0.9831335
v 0.33119568 -0.08178192 0.9831335
v 0.34287933 3.0517577E-07 0.9831335
v 0.34287933 3.0517577E-07 0.9831335
v 0.34287933 3.0517577E-07 0.9831335
v 0.34287933 3.0517577E-07 0.9831335
v 0.33119568 0.08178253 0.9831335
v 0.33119568 0.08178253 0.9831335
v 0.33119568 0.08178253 0.9831335
v 0.33119568 0.08178253 0.9831335
v 0.29694182 0.15799148 0.9831335
v 0.29694182 0.15799148 0.9831335
v 0.29694182 0.15799148 0.9831335
v 0.29694182 0.15799148 0.9831335
v 0.24245177 0.22343384 0.9831335
v 0.24245177 0.22343384 0.9831335
v 0.24245177 0.22343384 0.9831335
v 0.24245177 0.22343384 0.9831335
v 0.17143981 0.27364942 0.9831335
v 0.17143981 0.27364942 0.9831335
v 0.17143981 0.27364942 0.9831335
v 0.17143981 0.27364942 0.9831335
v 0.088743895 0.30521622 0.9831334
v 0.088743895 0.30521622 0.9831334
v 0.088743895 0.30521622 0.9831334
v 0.088743895 0.30521622 0.9831334
v 3.0517577E-07 0.31598312 0.9831335
v 3.0517577E-07 0.31598312 0.9831335
v 3.0517577E-07 0.31598312 0.9831335
v 3.0517577E-07 0.31598312 0.9831335
v -0.088743284 0.30521622 0.9831334
v -0.088743284 0.30521622 0.9831334
v -0.088743284 0.30521622 0.9831334
v -0.088743284 0.30521622 0.9831334
v -0.17143859 0.27364942 0.9831334
v -0.17143859 0.27364942 0.9831334
v -0.17143859 0.27364942 0.9831334
v -0.17143859 0.27364942 0.9831334
v -0.24245177 0.22343414 0.9831334
v -0.24245177 0.22343414 0.9831334
v -0.24245177 0.22343414 0.9831334
v -0.24245177 0.22343414 0.9831334
v -0.29694152 0.1579921 0.9831335
v -0.29694152 0.1579921 0.9831335
v -0.29694152 0.1579921 0.9831335
v -0.29694152 0.1579921 0.9831335
v -0.33119535 0.08178314 0.9831335
v -0.33119535 0.08178314 0.9831335
v -0.33119535 0.08178314 0.9831335
v -0.33119535 0.08178314 0.9831335
v -0.34725127 -0.18475907 1.0999815
v -0.34725127 -0.18475907 1.0999815
v -0.38730866 -0.09563751 1.0999814
v -0.38730866 -0.09563751 1.0999814
v -0.32209656 -0.17137481 1.1176482
v -0.33119568 -0.08178192 1.0999813
v -0.33119568 -0.08178192 1.0999813
v -0.32214507 -0.10191788 1.1387873
v -0.32214507 -0.10191788 1.1387873
v -0.30599183 -0.13785568 1.1387873
v -0.30599183 -0.13785568 1.1387873
v -0.29694152 -0.15799087 1.0999814
v -0.29694152 -0.15799087 1.0999814
v -0.359252 -0.08871048 1.1176479
v -0.20048553 -0.3200122 1.0999813
v -0.20048553 -0.3200122 1.0999813
v -0.28352904 -0.2612886 1.0999815
v -0.28352904 -0.2612886 1.0999815
v -0.18596251 -0.29683074 1.117648
v -0.24245177 -0.22343323 1.0999815
v -0.24245177 -0.22343323 1.0999815
v -0.22368896 -0.23670119 1.1387873
v -0.22368896 -0.23670119 1.1387873
v -0.19020203 -0.260381 1.1387873
v -0.19020203 -0.260381 1.1387873
v -0.17143951 -0.27364883 1.0999815
v -0.17143951 -0.27364883 1.0999815
v -0.2629907 -0.24236053 1.117648
v 0 -0.3695178 1.0999814
v 0 -0.3695178 1.0999814
v -0.10377899 -0.35692748 1.0999814
v -0.10377899 -0.35692748 1.0999814
v -3.0517577E-07 -0.34274992 1.117648
v -0.088743895 -0.30521545 1.0999814
v -0.088743895 -0.30521545 1.0999814
v -0.06529632 -0.3080606 1.1387873
v -0.06529632 -0.3080606 1.1387873
v -0.023447266 -0.31313813 1.1387873
v -0.023447266 -0.31313813 1.1387873
v 0 -0.31598204 1.0999814
v 0 -0.31598204 1.0999814
v -0.0962616 -0.33107176 1.1176479
v 0.20048523 -0.3200122 1.0999814
v 0.20048523 -0.3200122 1.0999814
v 0.10377929 -0.35692748 1.0999815
v 0.10377929 -0.35692748 1.0999815
v 0.18596222 -0.29683074 1.117648
v 0.088743895 -0.30521545 1.0999815
v 0.088743895 -0.30521545 1.0999815
v 0.110592954 -0.2968753 1.1387873
v 0.110592954 -0.2968753 1.1387873
v 0.14958954 -0.28198913 1.1387874
v 0.14958954 -0.28198913 1.1387874
v 0.1714392 -0.27364883 1.0999815
v 0.1714392 -0.27364883 1.0999815
v 0.09626129 -0.33107176 1.1176479
v 0.32209626 -0.17137481 1.117648
v 0.34725156 -0.18475907 1.0999815
v 0.34725156 -0.18475907 1.0999815
v 0.24245238 -0.22343323 1.0999815
v 0.24245238 -0.22343323 1.0999815
v 0.25684905 -0.20614272 1.1387874
v 0.25684905 -0.20614272 1.1387874
v 0.28254455 -0.17528228 1.1387873
v 0.28254455 -0.17528228 1.1387873
v 0.29694182 -0.15799117 1.0999815
v 0.29694182 -0.15799117 1.0999815
v 0.2546292 -0.2346553 1.1176482
v 0.40097135 6.1035155E-07 1.0999813
v 0.40097135 6.1035155E-07 1.0999813
v 0.38730866 -0.09563812 1.0999813
v 0.38730866 -0.09563812 1.0999813
v 0.37192535 6.1035155E-07 1.1176479
v 0.33119568 -0.08178192 1.0999815
v 0.33119568 -0.08178192 1.0999815
v 0.33428222 -0.06017334 1.1387873
v 0.33428222 -0.06017334 1.1387873
v 0.33979157 -0.021607665 1.1387873
v 0.33979157 -0.021607665 1.1387873
v 0.34287873 6.1035155E-07 1.0999814
v 0.34287873 6.1035155E-07 1.0999814
v 0.359252 -0.08871048 1.1176479
v 0.34725156 0.18475983 1.0999813
v 0.34725156 0.18475983 1.0999813
v 0.38730803 0.09563873 1.0999813
v 0.38730803 0.09563873 1.0999813
v 0.32209626 0.17137572 1.117648
v 0.33119568 0.08178283 1.0999813
v 0.33119568 0.08178283 1.0999813
v 0.32214507 0.10191894 1.138787
v 0.32214507 0.10191894 1.138787
v 0.30599213 0.13785599 1.138787
v 0.30599213 0.13785599 1.138787
v 0.29694122 0.15799163 1.0999813
v 0.29694122 0.15799163 1.0999813
v 0.359252 0.08871063 1.117648
v 0.20048584 0.3200128 1.0999813
v 0.20048584 0.3200128 1.0999813
v 0.28352997 0.26128936 1.0999813
v 0.28352997 0.26128936 1.0999813
v 0.18596283 0.2968312 1.117648
v 0.24245177 0.22343414 1.0999814
v 0.24245177 0.22343414 1.0999814
v 0.22368957 0.2367015 1.138787
v 0.22368957 0.2367015 1.138787
v 0.19020203 0.26038176 1.138787
v 0.19020203 0.26038176 1.138787
v 0.1714392 0.27364975 1.0999813
v 0.1714392 0.27364975 1.0999813
v 0.26299134 0.24236175 1.1176479
v 3.0517577E-07 0.36951917 1.0999813
v 3.0517577E-07 0.36951917 1.0999813
v 0.10377929 0.35692826 1.0999813
v 0.10377929 0.35692826 1.0999813
v 0 0.34275115 1.1176479
v 0.088743895 0.30521667 1.0999814
v 0.088743895 0.30521667 1.0999814
v 0.06529632 0.30806136 1.138787
v 0.06529632 0.30806136 1.138787
v 0.02344757 0.31313857 1.138787
v 0.02344757 0.31313857 1.138787
v 3.0517577E-07 0.3159834 1.0999813
v 3.0517577E-07 0.3159834 1.0999813
v 0.09626129 0.33107224 1.1176479
v -0.20048492 0.32001325 1.0999814
v -0.20048492 0.32001325 1.0999814
v -0.10377899 0.35692826 1.0999813
v -0.10377899 0.35692826 1.0999813
v -0.1859616 0.29683152 1.1176479
v -0.088743284 0.30521667 1.0999814
v -0.088743284 0.30521667 1.0999814
v -0.110592954 0.29687637 1.138787
v -0.110592954 0.29687637 1.138787
v -0.14958954 0.2819902 1.138787
v -0.14958954 0.2819902 1.138787
v -0.1714389 0.27364942 1.0999813
v -0.1714389 0.27364942 1.0999813
v -0.09626129 0.33107224 1.117648
v -0.34725037 0.18475983 1.0999815
v -0.34725037 0.18475983 1.0999815
v -0.28352875 0.26128998 1.0999814
v -0.28352875 0.26128998 1.0999814
v -0.32209685 0.17137633 1.1176479
v -0.24245177 0.22343414 1.0999815
v -0.24245177 0.22343414 1.0999815
v -0.25684905 0.20614348 1.138787
v -0.25684905 0.20614348 1.138787
v -0.28254426 0.1752832 1.138787
v -0.28254426 0.1752832 1.138787
v -0.29694152 0.1579921 1.0999815
v -0.29694152 0.1579921 1.0999815
v -0.26299042 0.24236237 1.1176482
v -0.40097076 6.1035155E-07 1.0999815
v -0.40097076 6.1035155E-07 1.0999815
v -0.40097076 6.1035155E-07 1.0999815
v -0.38730866 0.09563934 1.0999813
v -0.38730866 0.09563934 1.0999813
v -0.37192503 6.1035155E-07 1.1176479
v -0.37192503 6.1035155E-07 1.1176479
v -0.37192503 6.1035155E-07 1.1176479
v -0.37192503 6.1035155E-07 1.1176479
v -0.33119535 0.08178314 1.0999814
v -0.33119535 0.08178314 1.0999814
v -0.33428162 0.06017517 1.138787
v -0.33428162 0.06017517 1.138787
v -0.33979186 0.021608429 1.138787
v -0.33979186 0.021608429 1.138787
v -0.34287873 6.1035155E-07 1.0999815
v -0.34287873 6.1035155E-07 1.0999815
v -0.34287873 6.1035155E-07 1.0999815
v -0.3592523 0.088710934 1.1176479
v 0.2833548 -0.2614842 1.0999814
v 0.2833548 -0.2614842 1.0999814
v -0.40097106 3.0517577E-07 0.33341774
v -0.40097106 3.0517577E-07 0.33341774
v -0.40097106 3.0517577E-07 0.33341774
v -0.40097106 3.0517577E-07 0.33341774
v -0.38730866 -0.09563781 0.33341774
v -0.38730866 -0.09563781 0.33341774
v -0.34725127 -0.18475936 0.3334178
v -0.34725127 -0.18475936 0.3334178
v -0.28352904 -0.2612889 0.3334178
v -0.28352904 -0.2612889 0.3334178
v -0.20048492 -0.3200125 0.3334178
v -0.20048492 -0.3200125 0.3334178
v -0.10377899 -0.35692778 0.3334178
v -0.10377899 -0.35692778 0.3334178
v 0 -0.36951813 0.33341774
v 0 -0.36951813 0.33341774
v 0.10377868 -0.35692778 0.33341774
v 0.10377868 -0.35692778 0.33341774
v 0.10377868 -0.35692778 0.33341774
v 0.20048584 -0.3200125 0.3334181
v 0.20048584 -0.3200125 0.3334181
v 0.283403 -0.2613637 0.32856745
v 0.283403 -0.2613637 0.32856745
v 0.34725156 -0.18475936 0.3334178
v 0.34725156 -0.18475936 0.3334178
v 0.38730803 -0.095638424 0.33341774
v 0.38730803 -0.095638424 0.33341774
v 0.40097135 3.0517577E-07 0.33341774
v 0.40097135 3.0517577E-07 0.33341774
v 0.40097135 3.0517577E-07 0.33341774
v 0.38730866 0.095638424 0.33341774
v 0.38730866 0.095638424 0.33341774
v 0.34725156 0.1847589 0.3334178
v 0.34725156 0.1847589 0.3334178
v 0.34725156 0.1847589 0.3334178
v 0.28352997 0.26128906 0.33341765
v 0.28352997 0.26128906 0.33341765
v 0.20048584 0.3200125 0.33341774
v 0.20048584 0.3200125 0.33341774
v 0.10377929 0.35692763 0.3334176
v 0.10377929 0.35692763 0.3334176
v 0 0.36951858 0.33341765
v 0 0.36951858 0.33341765
v -0.10377899 0.35692793 0.33341765
v -0.10377899 0.35692793 0.33341765
v -0.20048492 0.3200128 0.33341765
v -0.20048492 0.3200128 0.33341765
v -0.28352904 0.26128966 0.3334178
v -0.28352904 0.26128966 0.3334178
v -0.28352904 0.26128966 0.3334178
v -0.34725067 0.18475951 0.33341774
v -0.34725067 0.18475951 0.33341774
v -0.38730866 0.095639035 0.3334178
v -0.38730866 0.095639035 0.3334178
vt 0.85376817 0.79364777
vt 0.85391027 0.6201034
vt 0.828602 0.62023246
vt 0.9770508 0.6204282
vt 0.8292447 0.79364777
vt 0.9765625 0.7937681
vt 0.87829155 0.79364777
vt 0.87833136 0.62005657
vt 0.90281504 0.79364777
vt 0.9028123 0.6201523
vt 0.9273384 0.79364777
vt 0.9273893 0.6200576
vt 0.9518619 0.79364777
vt 0.95185906 0.62015224
vt 0.9763852 0.79364777
vt 0.9764363 0.62005746
vt 1.0009086 0.79364777
vt 0.8286133 0.7937681
vt 1.000901 0.62013376
vt 0.8286133 0.6199399
vt 0.85302734 0.7937681
vt 0.8535156 0.6199399
vt 0.8779297 0.7937681
vt 0.8779297 0.6209165
vt 0.90234375 0.7937681
vt 0.90234375 0.6199399
vt 0.9267578 0.7937681
vt 0.9267578 0.6199399
vt 0.9511719 0.7937681
vt 0.9511719 0.7937681
vt 0.9511719 0.6199399
vt 0.9511719 0.6199399
vt 0.9760742 0.7937681
vt 0.9760742 0.6199399
vt 1.0004883 0.7937681
vt 0.8286133 0.7937681
vt 1.0004883 0.6199399
vt 0.8286133 0.6199399
vt 0.85302734 0.7937681
vt 0.85302734 0.6199399
vt 0.8774414 0.7937681
vt 0.8774414 0.6199399
vt 0.90185547 0.7937681
vt 0.90185547 0.6199399
vt 0.9267578 0.7937681
vt 0.9267578 0.6199399
vt 0.9511719 0.7937681
vt 0.9511719 0.6199399
vt 0.97558594 0.7937681
vt 0.97558594 0.6199399
vt 1 0.7937681
vt 0.90283203 0.7937681
vt 1 0.6199399
vt 0.90283203 0.6199399
vt 0.9277344 0.7937681
vt 0.9277344 0.6199399
vt 0.95214844 0.7937681
vt 0.95214844 0.6199399
vt 0.029296875 0.56933594
vt 0.029296875 0.56933594
vt 0.04215295 0.569962
vt 0.029296875 0.54296875
vt 0.04047689 0.5521286
vt 0.029296875 0.54296875
vt 0.002296271 0.5809947
vt 0.002296271 0.5809947
vt 0.002296271 0.5809947
vt 0.002296271 0.5809947
vt 0.0037446166 0.5415658
vt 0.0011590846 0.6148952
vt 0.55859375 0.56933594
vt 0.0011590846 0.6148952
vt 0.0011590846 0.6148952
vt 0.046346225 0.5296874
vt 0.04736328 0.5229492
vt 0.041695084 0.5307182
vt 0.04199464 0.53660434
vt 0.045874666 0.53858066
vt 0.03466797 0.5229492
vt 0.07519531 0.56933594
vt 0.07519531 0.56933594
vt 0.07161418 0.56675637
vt 0.07519531 0.54296875
vt 0.07834071 0.5501971
vt 0.07519531 0.54296875
vt 0.052734375 0.54296875
vt 0.04027988 0.51509976
vt 0.052734375 0.54296875
vt 0.052734375 0.56933594
vt 0.052734375 0.56933594
vt 0.044397302 0.49772537
vt 0.093487576 0.5322527
vt 0.09375 0.5229492
vt 0.08901471 0.5312046
vt 0.086641185 0.5369371
vt 0.0890533 0.54035896
vt 0.080566406 0.5229492
vt 0.12158203 0.56933594
vt 0.12158203 0.56933594
vt 0.10761145 0.55996597
vt 0.12158203 0.54296875
vt 0.119325675 0.5465221
vt 0.12158203 0.54296875
vt 0.09863281 0.54296875
vt 0.09452034 0.5164516
vt 0.09863281 0.54296875
vt 0.09863281 0.56933594
vt 0.09863281 0.56933594
vt 0.10573819 0.5026083
vt 0.1398334 0.53436804
vt 0.13916016 0.5229492
vt 0.13595541 0.5320635
vt 0.1315127 0.5366397
vt 0.13265394 0.5405025
vt 0.12695312 0.5229492
vt 0.16748047 0.56933594
vt 0.16748047 0.56933594
vt 0.15773962 0.56330466
vt 0.16748047 0.54296875
vt 0.16714497 0.54815865
vt 0.16748047 0.54296875
vt 0.14453125 0.54296875
vt 0.14581412 0.5197377
vt 0.14453125 0.54296875
vt 0.14453125 0.56933594
vt 0.14453125 0.56933594
vt 0.16058277 0.5098387
vt 0.18607423 0.5335569
vt 0.1850586 0.5229492
vt 0.18182324 0.53184485
vt 0.17780115 0.53664327
vt 0.17959066 0.54026294
vt 0.17285156 0.5229492
vt 0.21386719 0.57128906
vt 0.21386719 0.57128906
vt 0.20601064 0.5663065
vt 0.21386719 0.54296875
vt 0.21381456 0.54809237
vt 0.21386719 0.54296875
vt 0.19042969 0.54296875
vt 0.18978503 0.51825035
vt 0.19042969 0.54296875
vt 0.19042969 0.56933594
vt 0.19042969 0.56933594
vt 0.20280063 0.50612843
vt 0.23264998 0.53321856
vt 0.23144531 0.5229492
vt 0.22810349 0.53194034
vt 0.22479321 0.53692377
vt 0.2270908 0.54038984
vt 0.21875 0.5229492
vt 0.25927734 0.56933594
vt 0.25927734 0.56933594
vt 0.27721125 0.5693543
vt 0.25927734 0.54296875
vt 0.27278 0.55198956
vt 0.25927734 0.54296875
vt 0.2368164 0.54296875
vt 0.23417068 0.5174502
vt 0.2368164 0.54296875
vt 0.2368164 0.56933594
vt 0.245543 0.50374305
vt 0.2368164 0.56933594
vt 0.27609533 0.52895373
vt 0.27734375 0.5229492
vt 0.27159417 0.5306668
vt 0.27223134 0.53640115
vt 0.2763766 0.53774023
vt 0.26464844 0.5229492
vt 0.30566406 0.56933594
vt 0.30566406 0.56933594
vt 0.31815922 0.56996655
vt 0.30566406 0.54296875
vt 0.31655854 0.5521261
vt 0.30566406 0.54296875
vt 0.28271484 0.54296875
vt 0.2680542 0.51541203
vt 0.28271484 0.54296875
vt 0.28271484 0.56933594
vt 0.28271484 0.56933594
vt 0.2694989 0.49760836
vt 0.32252163 0.5297107
vt 0.32373047 0.5229492
vt 0.31786844 0.5307212
vt 0.31814173 0.5366086
vt 0.32201374 0.5386014
vt 0.31054688 0.5229492
vt 0.3515625 0.56933594
vt 0.3515625 0.56933594
vt 0.34764203 0.56672543
vt 0.3515625 0.54296875
vt 0.35440245 0.55018
vt 0.3515625 0.54296875
vt 0.32861328 0.54296875
vt 0.31651896 0.5150964
vt 0.32861328 0.54296875
vt 0.32861328 0.56933594
vt 0.32861328 0.56933594
vt 0.32071754 0.49774033
vt 0.36958528 0.5322664
vt 0.36914062 0.5229492
vt 0.3651145 0.5312092
vt 0.36272943 0.5369369
vt 0.36513478 0.5403638
vt 0.3569336 0.5229492
vt 0.39794922 0.56933594
vt 0.39794922 0.56933594
vt 0.38397825 0.56004345
vt 0.39794922 0.54296875
vt 0.39565143 0.5465638
vt 0.39794922 0.54296875
vt 0.37451172 0.54296875
vt 0.370651 0.5164678
vt 0.37451172 0.54296875
vt 0.37451172 0.56933594
vt 0.37451172 0.56933594
vt 0.38189766 0.5026479
vt 0.4161215 0.5343473
vt 0.41552734 0.5229492
vt 0.41223636 0.5320546
vt 0.4078081 0.53664446
vt 0.40896106 0.54050374
vt 0.40283203 0.5229492
vt 0.44384766 0.56933594
vt 0.44384766 0.56933594
vt 0.43414724 0.56344205
vt 0.44384766 0.54296875
vt 0.44345418 0.5482354
vt 0.44384766 0.54296875
vt 0.42089844 0.54296875
vt 0.4220578 0.519699
vt 0.42089844 0.54296875
vt 0.42089844 0.56933594
vt 0.42089844 0.56933594
vt 0.43679637 0.5097553
vt 0.462288 0.5335111
vt 0.46142578 0.5229492
vt 0.458026 0.53182685
vt 0.45403546 0.53665125
vt 0.4558481 0.54025924
vt 0.44873047 0.5229492
vt 0.4897461 0.56933594
vt 0.4897461 0.56933594
vt 0.49636632 0.5696191
vt 0.4897461 0.54296875
vt 0.49740875 0.55178
vt 0.4897461 0.54296875
vt 0.46679688 0.54296875
vt 0.46589887 0.51818067
vt 0.46679688 0.54296875
vt 0.46679688 0.56933594
vt 0.46679688 0.56933594
vt 0.47883523 0.5059742
vt 0.5077067 0.53052485
vt 0.5078125 0.5229492
vt 0.502985 0.5309112
vt 0.5015429 0.53669536
vt 0.50499374 0.53910834
vt 0.4946289 0.5229492
vt 0.53564453 0.56933594
vt 0.53564453 0.56933594
vt 0.56960374 0.50983465
vt 0.53564453 0.54296875
vt 0.5567068 0.52212465
vt 0.53564453 0.54296875
vt 0.5131836 0.54296875
vt 0.50401324 0.5152458
vt 0.5131836 0.54296875
vt 0.5131836 0.56933594
vt 0.5131836 0.56933594
vt 0.51027524 0.4985568
vt 0.53459007 0.5301823
vt 0.55371094 0.5229492
vt 0.5381041 0.53479826
vt 0.54314 0.5306713
vt 0.5422482 0.5261607
vt 0.5410156 0.5229492
vt 0.7615692 0.74906975
vt 0.55859375 0.5600586
vt 0.0063476562 0.5600586
vt 0.0048486423 0.55380046
vt 0.7455521 0.75117844
vt 0.029296875 0.5600586
vt 0.03346957 0.56226647
vt 0.029296875 0.5600586
vt 0.029296875 0.5600586
vt 0.7615692 0.8109549
vt 0.7306266 0.75736076
vt 0.052734375 0.5600586
vt 0.052734375 0.5600586
vt 0.034543037 0.5041726
vt 0.71780974 0.76719546
vt 0.07519531 0.5600586
vt 0.0675935 0.55612034
vt 0.07519531 0.5600586
vt 0.70797503 0.7800123
vt 0.09863281 0.5600586
vt 0.09863281 0.5600586
vt 0.09427545 0.50417763
vt 0.70179266 0.79493785
vt 0.12158203 0.5600586
vt 0.107342035 0.5488541
vt 0.12158203 0.5600586
vt 0.69968396 0.8109549
vt 0.14453125 0.5600586
vt 0.14453125 0.5600586
vt 0.14931224 0.50799704
vt 0.70179266 0.826972
vt 0.16748047 0.5600586
vt 0.15570089 0.5523877
vt 0.16748047 0.5600586
vt 0.70797503 0.84189755
vt 0.19042969 0.5600586
vt 0.19042969 0.5600586
vt 0.19125356 0.5060441
vt 0.71780974 0.8547144
vt 0.21386719 0.5600586
vt 0.20389852 0.554341
vt 0.21386719 0.5600586
vt 0.7306266 0.86454904
vt 0.2368164 0.5600586
vt 0.2368164 0.5600586
vt 0.23378918 0.5050708
vt 0.7455521 0.8707315
vt 0.25927734 0.5600586
vt 0.26742294 0.5630655
vt 0.25927734 0.5600586
vt 0.7615692 0.87284017
vt 0.28271484 0.5600586
vt 0.28271484 0.5600586
vt 0.2605788 0.5055319
vt 0.7775863 0.8707315
vt 0.30566406 0.5600586
vt 0.3095084 0.5622343
vt 0.30566406 0.5600586
vt 0.7925118 0.8645491
vt 0.32861328 0.5600586
vt 0.32861328 0.5600586
vt 0.31081378 0.50414795
vt 0.80532867 0.8547144
vt 0.3515625 0.5600586
vt 0.3436431 0.5560813
vt 0.3515625 0.5600586
vt 0.8151633 0.84189755
vt 0.37451172 0.5600586
vt 0.37451172 0.5600586
vt 0.37043282 0.50419354
vt 0.82134575 0.826972
vt 0.39794922 0.5600586
vt 0.38367498 0.5489327
vt 0.39794922 0.5600586
vt 0.82345444 0.8109549
vt 0.42089844 0.5600586
vt 0.42089844 0.5600586
vt 0.42552033 0.50794786
vt 0.82134575 0.7949379
vt 0.44384766 0.5600586
vt 0.43203768 0.55253863
vt 0.44384766 0.5600586
vt 0.8151634 0.78001237
vt 0.46679688 0.5600586
vt 0.46679688 0.5600586
vt 0.4672879 0.5059651
vt 0.80532867 0.7671955
vt 0.4897461 0.5600586
vt 0.48916188 0.56084365
vt 0.4897461 0.5600586
vt 0.7925118 0.7573608
vt 0.5131836 0.5600586
vt 0.5131836 0.5600586
vt 0.4995836 0.5036937
vt 0.7775863 0.75117844
vt 0.53564453 0.5600586
vt 0.5690541 0.5211328
vt 0.53564453 0.5600586
vt 0.052734375 0.53222656
vt 0.046129797 0.5223137
vt 0.029296875 0.53222656
vt 0.04587958 0.5458274
vt 0.04116614 0.52468014
vt 0.029296875 0.53222656
vt 0.03641525 0.5438952
vt 0.03564453 0.5229492
vt 0.037127502 0.53655845
vt 0.04638672 0.5229492
vt 0.03725426 0.52985007
vt 0.052734375 0.53222656
vt 0.036516298 0.5225831
vt 0.04186319 0.5426637
vt 0.09863281 0.53222656
vt 0.09648808 0.52544904
vt 0.07519531 0.53222656
vt 0.08586947 0.54693913
vt 0.091155335 0.52545923
vt 0.07519531 0.53222656
vt 0.078553714 0.5410994
vt 0.08154297 0.5229492
vt 0.082433335 0.5347618
vt 0.09277344 0.5229492
vt 0.08556623 0.5285597
vt 0.09863281 0.53222656
vt 0.08806084 0.5216224
vt 0.083858766 0.54239684
vt 0.14453125 0.53222656
vt 0.14491537 0.5288912
vt 0.12158203 0.53222656
vt 0.12740198 0.5456665
vt 0.13991524 0.5273385
vt 0.12158203 0.53222656
vt 0.12249847 0.5380758
vt 0.12792969 0.5229492
vt 0.12828518 0.53337204
vt 0.13867188 0.5229492
vt 0.13350312 0.52856743
vt 0.14453125 0.53222656
vt 0.13818033 0.52280116
vt 0.12702163 0.5408607
vt 0.19042969 0.53222656
vt 0.19042754 0.5274997
vt 0.16748047 0.53222656
vt 0.17499465 0.54601014
vt 0.18519378 0.5267179
vt 0.16748047 0.53222656
vt 0.16894934 0.5393125
vt 0.17382812 0.5229492
vt 0.17409286 0.5339612
vt 0.18457031 0.5229492
vt 0.17874892 0.5287322
vt 0.19042969 0.53222656
vt 0.18265808 0.5224527
vt 0.17383952 0.5413265
vt 0.23076881 0.52647424
vt 0.23620245 0.5266446
vt 0.2368164 0.53222656
vt 0.21386719 0.53222656
vt 0.21612407 0.54039145
vt 0.21923828 0.5229492
vt 0.22062713 0.5346364
vt 0.23046875 0.5229492
vt 0.22448803 0.529127
vt 0.2368164 0.53222656
vt 0.22750613 0.52248335
vt 0.21999787 0.54078203
vt 0.28271484 0.53222656
vt 0.27501097 0.5216613
vt 0.25927734 0.53222656
vt 0.27716956 0.5449306
vt 0.27042368 0.52474475
vt 0.25927734 0.53222656
vt 0.26755506 0.54443884
vt 0.265625 0.5229492
vt 0.26742348 0.5370987
vt 0.2763672 0.5229492
vt 0.26696894 0.5305047
vt 0.28271484 0.53222656
vt 0.26539996 0.5234065
vt 0.27273193 0.5424126
vt 0.32861328 0.53222656
vt 0.32233435 0.5223361
vt 0.30566406 0.53222656
vt 0.3219876 0.5458479
vt 0.31736726 0.5246785
vt 0.30566406 0.53222656
vt 0.31253132 0.54387534
vt 0.31152344 0.5229492
vt 0.31327492 0.5365416
vt 0.3227539 0.5229492
vt 0.3134344 0.5298338
vt 0.32861328 0.53222656
vt 0.31272888 0.5225655
vt 0.3179847 0.54266715
vt 0.37451172 0.53222656
vt 0.3725998 0.5254692
vt 0.3515625 0.53222656
vt 0.3619377 0.5469374
vt 0.36726686 0.5254683
vt 0.3515625 0.53222656
vt 0.35463396 0.54108286
vt 0.35791016 0.5229492
vt 0.3585261 0.5347531
vt 0.36865234 0.5229492
vt 0.3616716 0.5285572
vt 0.37451172 0.53222656
vt 0.36418062 0.52162486
vt 0.35993642 0.542391
vt 0.42089844 0.53222656
vt 0.4211868 0.5288552
vt 0.39794922 0.53222656
vt 0.40372506 0.54568374
vt 0.41618198 0.52731776
vt 0.39794922 0.53222656
vt 0.3987984 0.5381081
vt 0.4038086 0.5229492
vt 0.40457052 0.5333865
vt 0.41455078 0.5229492
vt 0.40977344 0.5285661
vt 0.42089844 0.53222656
vt 0.41443333 0.52278566
vt 0.40333 0.540879
vt 0.46679688 0.53222656
vt 0.4666017 0.52742577
vt 0.44384766 0.53222656
vt 0.45128965 0.54603606
vt 0.46136296 0.526678
vt 0.44384766 0.53222656
vt 0.4452012 0.5393778
vt 0.44970703 0.5229492
vt 0.4503099 0.53399336
vt 0.46044922 0.5229492
vt 0.45493162 0.5287342
vt 0.46679688 0.53222656
vt 0.4587995 0.5224294
vt 0.45010436 0.54135996
vt 0.5131836 0.53222656
vt 0.5088975 0.5232131
vt 0.4897461 0.53222656
vt 0.5035065 0.54624826
vt 0.5037202 0.5248813
vt 0.4897461 0.53222656
vt 0.4947286 0.54306835
vt 0.49560547 0.5229492
vt 0.49688217 0.53602237
vt 0.50683594 0.5229492
vt 0.4986639 0.52949476
vt 0.5131836 0.53222656
vt 0.49936268 0.5222068
vt 0.50012493 0.5425972
vt 0.55859375 0.53222656
vt -0.011034002 0.59140635
vt 0.52767503 0.53186077
vt 0.53564453 0.53222656
vt 0.5482694 0.5219206
vt -0.008407426 0.581808
vt 0.5312956 0.53608274
vt 0.006603391 0.5321019
vt 0.536006 0.5415942
vt 0.53564453 0.53222656
vt 0.5528097 0.5299992
vt 0.5419922 0.5229492
vt 0.54667556 0.5337795
vt 0.5527344 0.5229492
vt 0.54226035 0.5383316
vt 0.55859375 0.53222656
vt 0.010193961 0.5361059
vt 0.5403418 0.5450982
vt 0.5483312 0.5269613
vt 0.21386719 0.53222656
vt 0.22299884 0.5465888
vt 0.0063476562 0.7861328
vt 0.55859375 0.7861328
vt 0.8288385 0.61759174
vt 0.9770508 0.6179868
vt 0.029296875 0.7861328
vt 0.8539093 0.61746174
vt 0.052734375 0.7861328
vt 0.8783322 0.6174143
vt 0.07519531 0.7861328
vt 0.9028128 0.6175107
vt 0.09863281 0.7861328
vt 0.92738956 0.6174154
vt 0.12158203 0.7861328
vt 0.95185953 0.6175107
vt 0.14453125 0.7861328
vt 0.97643644 0.61741525
vt 0.16748047 0.7861328
vt 1.0009031 0.6174921
vt 0.8286133 0.6174985
vt 0.19042969 0.7861328
vt 0.8535156 0.6174985
vt 0.21386719 0.7871094
vt 0.8779297 0.6184751
vt 0.2368164 0.7861328
vt 0.90234375 0.6174985
vt 0.25927734 0.7861328
vt 0.9267578 0.6174985
vt 0.28271484 0.7861328
vt 0.9511719 0.6174985
vt 0.9511719 0.6174985
vt 0.30566406 0.7861328
vt 0.9760742 0.6174985
vt 0.32861328 0.7861328
vt 1.0004883 0.6174985
vt 0.8286133 0.6174985
vt 0.3515625 0.7861328
vt 0.85302734 0.6174985
vt 0.37451172 0.7861328
vt 0.8774414 0.6174985
vt 0.39794922 0.7861328
vt 0.90185547 0.6174985
vt 0.42089844 0.7861328
vt 0.9267578 0.6174985
vt 0.44384766 0.7861328
vt 0.9511719 0.6174985
vt 0.46679688 0.7861328
vt 0.97558594 0.6174985
vt 0.4897461 0.7861328
vt 1 0.6174985
vt 0.90283203 0.6174985
vt 0.5131836 0.7861328
vt 0.9277344 0.6174985
vt 0.53564453 0.7861328
vt 0.95214844 0.6174985
f 1459/1459 1455/1455 1677/1677
f 1676/1676 1671/1671 1458/1458
f 1920/1920 1463/1463 1457/1457
f 1457/1457 1924/1924 1920/1920
f 1456/1456 1461/1461 1450/1450
f 1450/1450 1453/1453 1456/1456
f 1926/1926 1460/1460 1672/1672
f 1672/1672 1935/1935 1926/1926
f 1651/1651 1654/1654 1657/1657
f 1657/1657 1660/1660 1651/1651
f 1659/1659 1656/1656 1766/1766
f 1766/1766 1761/1761 1659/1659
f 1477/1477 1480/1480 1471/1471
f 1471/1471 1474/1474 1477/1477
f 1686/1686 1681/1681 1479/1479
f 1479/1479 1476/1476 1686/1686
f 1633/1633 1636/1636 1639/1639
f 1639/1639 1642/1642 1633/1633
f 1641/1641 1638/1638 1758/1758
f 1758/1758 1753/1753 1641/1641
f 1495/1495 1498/1498 1489/1489
f 1489/1489 1492/1492 1495/1495
f 1694/1694 1689/1689 1497/1497
f 1497/1497 1494/1494 1694/1694
f 1615/1615 1618/1618 1621/1621
f 1621/1621 1624/1624 1615/1615
f 1623/1623 1620/1620 1750/1750
f 1750/1750 1745/1745 1623/1623
f 1702/1702 1697/1697 1515/1515
f 1515/1515 1512/1512 1702/1702
f 1513/1513 1516/1516 1507/1507
f 1507/1507 1510/1510 1513/1513
f 1605/1605 1602/1602 1742/1742
f 1742/1742 1737/1737 1605/1605
f 1597/1597 1600/1600 1603/1603
f 1603/1603 1606/1606 1597/1597
f 1705/1705 1533/1533 1530/1530
f 1530/1530 1710/1710 1705/1705
f 1531/1531 1534/1534 1525/1525
f 1525/1525 1528/1528 1531/1531
f 1587/1587 1584/1584 1734/1734
f 1734/1734 1729/1729 1587/1587
f 1579/1579 1582/1582 1585/1585
f 1585/1585 1588/1588 1579/1579
f 1718/1718 1713/1713 1551/1551
f 1551/1551 1548/1548 1718/1718
f 1726/1726 1721/1721 1569/1569
f 1569/1569 1566/1566 1726/1726
f 1549/1549 1552/1552 1543/1543
f 1543/1543 1546/1546 1549/1549
f 1561/1561 1564/1564 1567/1567
f 1567/1567 1570/1570 1561/1561
f 1664/1664 1668/1668 1922/1922
f 1652/1652 1664/1664 1922/1922
f 1462/1462 1919/1919 1664/1664
f 1652/1652 1462/1462 1664/1664
f 1992/1992 1941/1941 1462/1462
f 1462/1462 1652/1652 1992/1992
f 1990/1990 1992/1992 1652/1652
f 1652/1652 1661/1661 1990/1990
f 1987/1987 1990/1990 1661/1661
f 1661/1661 1634/1634 1987/1987
f 1985/1985 1987/1987 1634/1634
f 1661/1661 1905/1905 1646/1646
f 1634/1634 1661/1661 1646/1646
f 1634/1634 1646/1646 1907/1907
f 1646/1646 1650/1650 1907/1907
f 1634/1634 1643/1643 1985/1985
f 1983/1983 1985/1985 1643/1643
f 1643/1643 1616/1616 1983/1983
f 1981/1981 1983/1983 1616/1616
f 1643/1643 1891/1891 1628/1628
f 1616/1616 1643/1643 1628/1628
f 1616/1616 1628/1628 1893/1893
f 1628/1628 1632/1632 1893/1893
f 1616/1616 1625/1625 1981/1981
f 1979/1979 1981/1981 1625/1625
f 1625/1625 1598/1598 1979/1979
f 1977/1977 1979/1979 1598/1598
f 1625/1625 1877/1877 1610/1610
f 1598/1598 1625/1625 1610/1610
f 1598/1598 1610/1610 1879/1879
f 1610/1610 1614/1614 1879/1879
f 1598/1598 1607/1607 1977/1977
f 1975/1975 1977/1977 1607/1607
f 1607/1607 1580/1580 1975/1975
f 1972/1972 1975/1975 1580/1580
f 1607/1607 1863/1863 1592/1592
f 1580/1580 1607/1607 1592/1592
f 1580/1580 1592/1592 1865/1865
f 1592/1592 1596/1596 1865/1865
f 1580/1580 1589/1589 1972/1972
f 1970/1970 1972/1972 1589/1589
f 1589/1589 1562/1562 1970/1970
f 1967/1967 1970/1970 1562/1562
f 1589/1589 1849/1849 1574/1574
f 1562/1562 1589/1589 1574/1574
f 1562/1562 1574/1574 1851/1851
f 1574/1574 1578/1578 1851/1851
f 1562/1562 1571/1571 1967/1967
f 1965/1965 1967/1967 1571/1571
f 1571/1571 1544/1544 1965/1965
f 1963/1963 1965/1965 1544/1544
f 1571/1571 1835/1835 1556/1556
f 1544/1544 1571/1571 1556/1556
f 1544/1544 1556/1556 1837/1837
f 1556/1556 1560/1560 1837/1837
f 1544/1544 1554/1554 1963/1963
f 1554/1554 1825/1825 1538/1538
f 1963/1963 1554/1554 1526/1526
f 1526/1526 1554/1554 1538/1538
f 1526/1526 1961/1961 1963/1963
f 1526/1526 1538/1538 1542/1542
f 1526/1526 1542/1542 1938/1938
f 1959/1959 1961/1961 1526/1526
f 1526/1526 1535/1535 1959/1959
f 1956/1956 1959/1959 1535/1535
f 1535/1535 1508/1508 1956/1956
f 1954/1954 1956/1956 1508/1508
f 1535/1535 1809/1809 1520/1520
f 1508/1508 1535/1535 1520/1520
f 1508/1508 1520/1520 1811/1811
f 1520/1520 1524/1524 1811/1811
f 1508/1508 1517/1517 1954/1954
f 1952/1952 1954/1954 1517/1517
f 1517/1517 1490/1490 1952/1952
f 1950/1950 1952/1952 1490/1490
f 1517/1517 1795/1795 1502/1502
f 1490/1490 1517/1517 1502/1502
f 1490/1490 1502/1502 1797/1797
f 1502/1502 1506/1506 1797/1797
f 1490/1490 1499/1499 1950/1950
f 1948/1948 1950/1950 1499/1499
f 1499/1499 1472/1472 1948/1948
f 1946/1946 1948/1948 1472/1472
f 1499/1499 1781/1781 1484/1484
f 1472/1472 1499/1499 1484/1484
f 1472/1472 1484/1484 1783/1783
f 1484/1484 1488/1488 1783/1783
f 1472/1472 1481/1481 1946/1946
f 1944/1944 1946/1946 1481/1481
f 1481/1481 1451/1451 1944/1944
f 1940/1940 1944/1944 1451/1451
f 1451/1451 1464/1464 1940/1940
f 1451/1451 1481/1481 1466/1466
f 1481/1481 1767/1767 1466/1466
f 1451/1451 1466/1466 1769/1769
f 1466/1466 1470/1470 1769/1769
f 1663/1663 1921/1921 1925/1925
f 1925/1925 1665/1665 1663/1663
f 1665/1665 1927/1927 1936/1936
f 1936/1936 1933/1933 1665/1665
f 1663/1663 1665/1665 1666/1666
f 1666/1666 1665/1665 1933/1933
f 1933/1933 1931/1931 1666/1666
f 1666/1666 1667/1667 1663/1663
f 1666/1666 1931/1931 1929/1929
f 1667/1667 1666/1666 1937/1937
f 1929/1929 1937/1937 1666/1666
f 1937/1937 1923/1923 1667/1667
f 1653/1653 1923/1923 1937/1937
f 1937/1937 1655/1655 1653/1653
f 1655/1655 1937/1937 1929/1929
f 1929/1929 1765/1765 1655/1655
f 1930/1930 1932/1932 1934/1934
f 1670/1670 1930/1930 1934/1934
f 1670/1670 1764/1764 1930/1930
f 1764/1764 1928/1928 1930/1930
f 1674/1674 1772/1772 1774/1774
f 1680/1680 1674/1674 1774/1774
f 1680/1680 1774/1774 1778/1778
f 1774/1774 1776/1776 1778/1778
f 1912/1912 1914/1914 1916/1916
f 1760/1760 1912/1912 1916/1916
f 1760/1760 1756/1756 1912/1912
f 1756/1756 1910/1910 1912/1912
f 1684/1684 1786/1786 1788/1788
f 1688/1688 1684/1684 1788/1788
f 1688/1688 1788/1788 1792/1792
f 1788/1788 1790/1790 1792/1792
f 1898/1898 1900/1900 1902/1902
f 1752/1752 1898/1898 1902/1902
f 1752/1752 1748/1748 1898/1898
f 1748/1748 1896/1896 1898/1898
f 1692/1692 1800/1800 1802/1802
f 1696/1696 1692/1692 1802/1802
f 1696/1696 1802/1802 1806/1806
f 1802/1802 1804/1804 1806/1806
f 1884/1884 1886/1886 1888/1888
f 1744/1744 1884/1884 1888/1888
f 1744/1744 1740/1740 1884/1884
f 1740/1740 1882/1882 1884/1884
f 1700/1700 1814/1814 1816/1816
f 1704/1704 1700/1700 1816/1816
f 1704/1704 1816/1816 1820/1820
f 1816/1816 1818/1818 1820/1820
f 1870/1870 1872/1872 1874/1874
f 1736/1736 1870/1870 1874/1874
f 1736/1736 1732/1732 1870/1870
f 1732/1732 1868/1868 1870/1870
f 1708/1708 1826/1826 1828/1828
f 1712/1712 1708/1708 1828/1828
f 1712/1712 1828/1828 1832/1832
f 1828/1828 1830/1830 1832/1832
f 1856/1856 1858/1858 1860/1860
f 1728/1728 1856/1856 1860/1860
f 1728/1728 1724/1724 1856/1856
f 1724/1724 1854/1854 1856/1856
f 1716/1716 1840/1840 1842/1842
f 1720/1720 1716/1716 1842/1842
f 1720/1720 1842/1842 1846/1846
f 1842/1842 1844/1844 1846/1846
f 1768/1768 1482/1482 1478/1478
f 1478/1478 1771/1771 1768/1768
f 1771/1771 1478/1478 1682/1682
f 1465/1465 1768/1768 1771/1771
f 1682/1682 1779/1779 1771/1771
f 1467/1467 1771/1771 1779/1779
f 1771/1771 1467/1467 1465/1465
f 1779/1779 1777/1777 1467/1467
f 1465/1465 1467/1467 1468/1468
f 1468/1468 1467/1467 1777/1777
f 1777/1777 1775/1775 1468/1468
f 1468/1468 1469/1469 1465/1465
f 1468/1468 1775/1775 1773/1773
f 1469/1469 1468/1468 1780/1780
f 1773/1773 1780/1780 1468/1468
f 1780/1780 1770/1770 1469/1469
f 1452/1452 1770/1770 1780/1780
f 1780/1780 1454/1454 1452/1452
f 1454/1454 1780/1780 1773/1773
f 1773/1773 1675/1675 1454/1454
f 1906/1906 1662/1662 1658/1658
f 1658/1658 1909/1909 1906/1906
f 1909/1909 1658/1658 1762/1762
f 1645/1645 1906/1906 1909/1909
f 1762/1762 1917/1917 1909/1909
f 1647/1647 1909/1909 1917/1917
f 1909/1909 1647/1647 1645/1645
f 1917/1917 1915/1915 1647/1647
f 1645/1645 1647/1647 1648/1648
f 1648/1648 1647/1647 1915/1915
f 1915/1915 1913/1913 1648/1648
f 1648/1648 1649/1649 1645/1645
f 1648/1648 1913/1913 1911/1911
f 1649/1649 1648/1648 1918/1918
f 1911/1911 1918/1918 1648/1648
f 1918/1918 1908/1908 1649/1649
f 1635/1635 1908/1908 1918/1918
f 1918/1918 1637/1637 1635/1635
f 1637/1637 1918/1918 1911/1911
f 1911/1911 1757/1757 1637/1637
f 1782/1782 1500/1500 1496/1496
f 1496/1496 1785/1785 1782/1782
f 1785/1785 1496/1496 1690/1690
f 1483/1483 1782/1782 1785/1785
f 1690/1690 1793/1793 1785/1785
f 1485/1485 1785/1785 1793/1793
f 1785/1785 1485/1485 1483/1483
f 1793/1793 1791/1791 1485/1485
f 1483/1483 1485/1485 1486/1486
f 1486/1486 1485/1485 1791/1791
f 1791/1791 1789/1789 1486/1486
f 1486/1486 1487/1487 1483/1483
f 1486/1486 1789/1789 1787/1787
f 1487/1487 1486/1486 1794/1794
f 1787/1787 1794/1794 1486/1486
f 1794/1794 1784/1784 1487/1487
f 1473/1473 1784/1784 1794/1794
f 1794/1794 1475/1475 1473/1473
f 1475/1475 1794/1794 1787/1787
f 1787/1787 1685/1685 1475/1475
f 1892/1892 1644/1644 1640/1640
f 1640/1640 1895/1895 1892/1892
f 1895/1895 1640/1640 1754/1754
f 1627/1627 1892/1892 1895/1895
f 1754/1754 1903/1903 1895/1895
f 1629/1629 1895/1895 1903/1903
f 1895/1895 1629/1629 1627/1627
f 1903/1903 1901/1901 1629/1629
f 1627/1627 1629/1629 1630/1630
f 1630/1630 1629/1629 1901/1901
f 1901/1901 1899/1899 1630/1630
f 1630/1630 1631/1631 1627/1627
f 1630/1630 1899/1899 1897/1897
f 1631/1631 1630/1630 1904/1904
f 1897/1897 1904/1904 1630/1630
f 1904/1904 1894/1894 1631/1631
f 1617/1617 1894/1894 1904/1904
f 1904/1904 1619/1619 1617/1617
f 1619/1619 1904/1904 1897/1897
f 1897/1897 1749/1749 1619/1619
f 1796/1796 1518/1518 1514/1514
f 1514/1514 1799/1799 1796/1796
f 1799/1799 1514/1514 1698/1698
f 1501/1501 1796/1796 1799/1799
f 1698/1698 1807/1807 1799/1799
f 1503/1503 1799/1799 1807/1807
f 1799/1799 1503/1503 1501/1501
f 1807/1807 1805/1805 1503/1503
f 1501/1501 1503/1503 1504/1504
f 1504/1504 1503/1503 1805/1805
f 1805/1805 1803/1803 1504/1504
f 1504/1504 1505/1505 1501/1501
f 1504/1504 1803/1803 1801/1801
f 1505/1505 1504/1504 1808/1808
f 1801/1801 1808/1808 1504/1504
f 1808/1808 1798/1798 1505/1505
f 1491/1491 1798/1798 1808/1808
f 1808/1808 1493/1493 1491/1491
f 1493/1493 1808/1808 1801/1801
f 1801/1801 1693/1693 1493/1493
f 1878/1878 1626/1626 1622/1622
f 1622/1622 1881/1881 1878/1878
f 1881/1881 1622/1622 1746/1746
f 1609/1609 1878/1878 1881/1881
f 1746/1746 1889/1889 1881/1881
f 1611/1611 1881/1881 1889/1889
f 1881/1881 1611/1611 1609/1609
f 1889/1889 1887/1887 1611/1611
f 1609/1609 1611/1611 1612/1612
f 1612/1612 1611/1611 1887/1887
f 1887/1887 1885/1885 1612/1612
f 1612/1612 1613/1613 1609/1609
f 1612/1612 1885/1885 1883/1883
f 1613/1613 1612/1612 1890/1890
f 1883/1883 1890/1890 1612/1612
f 1890/1890 1880/1880 1613/1613
f 1599/1599 1880/1880 1890/1890
f 1890/1890 1601/1601 1599/1599
f 1601/1601 1890/1890 1883/1883
f 1883/1883 1741/1741 1601/1601
f 1810/1810 1536/1536 1532/1532
f 1532/1532 1813/1813 1810/1810
f 1813/1813 1532/1532 1706/1706
f 1519/1519 1810/1810 1813/1813
f 1706/1706 1821/1821 1813/1813
f 1521/1521 1813/1813 1821/1821
f 1813/1813 1521/1521 1519/1519
f 1821/1821 1819/1819 1521/1521
f 1519/1519 1521/1521 1522/1522
f 1522/1522 1521/1521 1819/1819
f 1819/1819 1817/1817 1522/1522
f 1522/1522 1523/1523 1519/1519
f 1522/1522 1817/1817 1815/1815
f 1523/1523 1522/1522 1822/1822
f 1815/1815 1822/1822 1522/1522
f 1822/1822 1812/1812 1523/1523
f 1509/1509 1812/1812 1822/1822
f 1822/1822 1511/1511 1509/1509
f 1511/1511 1822/1822 1815/1815
f 1815/1815 1701/1701 1511/1511
f 1864/1864 1608/1608 1604/1604
f 1604/1604 1867/1867 1864/1864
f 1867/1867 1604/1604 1738/1738
f 1591/1591 1864/1864 1867/1867
f 1738/1738 1875/1875 1867/1867
f 1593/1593 1867/1867 1875/1875
f 1867/1867 1593/1593 1591/1591
f 1875/1875 1873/1873 1593/1593
f 1591/1591 1593/1593 1594/1594
f 1594/1594 1593/1593 1873/1873
f 1873/1873 1871/1871 1594/1594
f 1594/1594 1595/1595 1591/1591
f 1594/1594 1871/1871 1869/1869
f 1595/1595 1594/1594 1876/1876
f 1869/1869 1876/1876 1594/1594
f 1876/1876 1866/1866 1595/1595
f 1581/1581 1866/1866 1876/1876
f 1876/1876 1583/1583 1581/1581
f 1583/1583 1876/1876 1869/1869
f 1869/1869 1733/1733 1583/1583
f 1827/1827 1709/1709 1529/1529
f 1529/1529 1834/1834 1827/1827
f 1834/1834 1529/1529 1527/1527
f 1829/1829 1827/1827 1834/1834
f 1527/1527 1939/1939 1834/1834
f 1834/1834 1540/1540 1829/1829
f 1540/1540 1834/1834 1939/1939
f 1939/1939 1541/1541 1540/1540
f 1831/1831 1829/1829 1540/1540
f 1540/1540 1541/1541 1537/1537
f 1540/1540 1539/1539 1831/1831
f 1537/1537 1539/1539 1540/1540
f 1833/1833 1831/1831 1539/1539
f 1823/1823 1539/1539 1537/1537
f 1539/1539 1823/1823 1833/1833
f 1714/1714 1833/1833 1823/1823
f 1537/1537 1824/1824 1823/1823
f 1823/1823 1550/1550 1714/1714
f 1550/1550 1823/1823 1824/1824
f 1824/1824 1553/1553 1550/1550
f 1850/1850 1590/1590 1586/1586
f 1586/1586 1853/1853 1850/1850
f 1853/1853 1586/1586 1730/1730
f 1573/1573 1850/1850 1853/1853
f 1730/1730 1861/1861 1853/1853
f 1575/1575 1853/1853 1861/1861
f 1853/1853 1575/1575 1573/1573
f 1861/1861 1859/1859 1575/1575
f 1573/1573 1575/1575 1576/1576
f 1576/1576 1575/1575 1859/1859
f 1859/1859 1857/1857 1576/1576
f 1576/1576 1577/1577 1573/1573
f 1576/1576 1857/1857 1855/1855
f 1577/1577 1576/1576 1862/1862
f 1855/1855 1862/1862 1576/1576
f 1862/1862 1852/1852 1577/1577
f 1563/1563 1852/1852 1862/1862
f 1862/1862 1565/1565 1563/1563
f 1565/1565 1862/1862 1855/1855
f 1855/1855 1725/1725 1565/1565
f 1836/1836 1572/1572 1568/1568
f 1568/1568 1839/1839 1836/1836
f 1839/1839 1568/1568 1722/1722
f 1555/1555 1836/1836 1839/1839
f 1722/1722 1847/1847 1839/1839
f 1557/1557 1839/1839 1847/1847
f 1839/1839 1557/1557 1555/1555
f 1847/1847 1845/1845 1557/1557
f 1555/1555 1557/1557 1558/1558
f 1558/1558 1557/1557 1845/1845
f 1845/1845 1843/1843 1558/1558
f 1558/1558 1559/1559 1555/1555
f 1558/1558 1843/1843 1841/1841
f 1559/1559 1558/1558 1848/1848
f 1841/1841 1848/1848 1558/1558
f 1848/1848 1838/1838 1559/1559
f 1545/1545 1838/1838 1848/1848
f 1848/1848 1547/1547 1545/1545
f 1547/1547 1848/1848 1841/1841
f 1841/1841 1717/1717 1547/1547
f 1394/1394 1396/1396 1392/1392
f 1945/1945 1942/1942 1394/1394
f 1392/1392 1393/1393 1394/1394
f 1394/1394 1393/1393 1945/1945
f 1393/1393 1392/1392 1398/1398
f 1947/1947 1945/1945 1393/1393
f 1398/1398 1399/1399 1393/1393
f 1393/1393 1399/1399 1947/1947
f 1399/1399 1398/1398 1400/1400
f 1949/1949 1947/1947 1399/1399
f 1400/1400 1401/1401 1399/1399
f 1399/1399 1401/1401 1949/1949
f 1401/1401 1400/1400 1402/1402
f 1951/1951 1949/1949 1401/1401
f 1402/1402 1403/1403 1401/1401
f 1401/1401 1403/1403 1951/1951
f 1403/1403 1402/1402 1404/1404
f 1953/1953 1951/1951 1403/1403
f 1404/1404 1405/1405 1403/1403
f 1403/1403 1405/1405 1953/1953
f 1405/1405 1404/1404 1406/1406
f 1955/1955 1953/1953 1405/1405
f 1406/1406 1407/1407 1405/1405
f 1405/1405 1407/1407 1955/1955
f 1407/1407 1406/1406 1408/1408
f 1957/1957 1955/1955 1407/1407
f 1408/1408 1410/1410 1407/1407
f 1407/1407 1410/1410 1957/1957
f 1445/1445 1443/1443 1446/1446
f 1991/1991 1989/1989 1445/1445
f 1446/1446 1447/1447 1445/1445
f 1445/1445 1447/1447 1991/1991
f 1447/1447 1446/1446 1448/1448
f 1993/1993 1991/1991 1447/1447
f 1448/1448 1449/1449 1447/1447
f 1447/1447 1449/1449 1993/1993
f 1449/1449 1448/1448 1397/1397
f 1943/1943 1993/1993 1449/1449
f 1397/1397 1395/1395 1449/1449
f 1449/1449 1395/1395 1943/1943
f 1960/1960 1958/1958 1411/1411
f 1411/1411 1413/1413 1960/1960
f 1962/1962 1960/1960 1413/1413
f 1411/1411 1409/1409 1412/1412
f 1412/1412 1413/1413 1411/1411
f 1413/1413 1415/1415 1962/1962
f 1415/1415 1413/1413 1412/1412
f 1412/1412 1414/1414 1415/1415
f 1964/1964 1962/1962 1415/1415
f 1415/1415 1414/1414 1416/1416
f 1415/1415 1417/1417 1964/1964
f 1416/1416 1417/1417 1415/1415
f 1966/1966 1964/1964 1417/1417
f 1417/1417 1416/1416 1418/1418
f 1417/1417 1419/1419 1966/1966
f 1418/1418 1419/1419 1417/1417
f 1968/1968 1966/1966 1419/1419
f 1419/1419 1418/1418 1420/1420
f 1419/1419 1422/1422 1968/1968
f 1420/1420 1422/1422 1419/1419
f 1976/1976 1974/1974 1429/1429
f 1429/1429 1427/1427 1430/1430
f 1429/1429 1431/1431 1976/1976
f 1430/1430 1431/1431 1429/1429
f 1978/1978 1976/1976 1431/1431
f 1431/1431 1430/1430 1432/1432
f 1431/1431 1433/1433 1978/1978
f 1432/1432 1433/1433 1431/1431
f 1980/1980 1978/1978 1433/1433
f 1433/1433 1432/1432 1434/1434
f 1433/1433 1435/1435 1980/1980
f 1434/1434 1435/1435 1433/1433
f 1982/1982 1980/1980 1435/1435
f 1435/1435 1434/1434 1436/1436
f 1435/1435 1437/1437 1982/1982
f 1436/1436 1437/1437 1435/1435
f 1984/1984 1982/1982 1437/1437
f 1437/1437 1436/1436 1438/1438
f 1437/1437 1439/1439 1984/1984
f 1438/1438 1439/1439 1437/1437
f 1986/1986 1984/1984 1439/1439
f 1439/1439 1438/1438 1440/1440
f 1439/1439 1441/1441 1986/1986
f 1440/1440 1441/1441 1439/1439
f 1988/1988 1986/1986 1441/1441
f 1441/1441 1440/1440 1442/1442
f 1441/1441 1444/1444 1988/1988
f 1442/1442 1444/1444 1441/1441
f 1971/1971 1969/1969 1423/1423
f 1423/1423 1421/1421 1424/1424
f 1423/1423 1425/1425 1971/1971
f 1424/1424 1425/1425 1423/1423
f 1973/1973 1971/1971 1425/1425
f 1425/1425 1424/1424 1426/1426
f 1425/1425 1428/1428 1973/1973
f 1426/1426 1428/1428 1425/1425
f 1669/1669 1673/1673 1678/1678
f 1763/1763 1669/1669 1678/1678
f 1673/1673 1679/1679 1678/1678
f 1759/1759 1763/1763 1678/1678
f 1679/1679 1683/1683 1678/1678
f 1755/1755 1759/1759 1678/1678
f 1683/1683 1687/1687 1678/1678
f 1751/1751 1755/1755 1678/1678
f 1687/1687 1691/1691 1678/1678
f 1747/1747 1751/1751 1678/1678
f 1691/1691 1695/1695 1678/1678
f 1743/1743 1747/1747 1678/1678
f 1695/1695 1699/1699 1678/1678
f 1739/1739 1743/1743 1678/1678
f 1699/1699 1703/1703 1678/1678
f 1735/1735 1739/1739 1678/1678
f 1703/1703 1707/1707 1678/1678
f 1731/1731 1735/1735 1678/1678
f 1707/1707 1711/1711 1678/1678
f 1727/1727 1731/1731 1678/1678
f 1711/1711 1715/1715 1678/1678
f 1723/1723 1727/1727 1678/1678
f 1715/1715 1719/1719 1678/1678
f 1719/1719 1723/1723 1678/1678
o mi_aserai_tower_2.lod3
v -0.38730866 -0.09563781 -0.44762245
v -0.39480284 -0.09748871 0.32170627
v -0.40873015 3.0517577E-07 0.32170627
v -0.40873015 3.0517577E-07 0.32170627
v -0.40097076 3.0517577E-07 -0.44762245
v -0.40097076 3.0517577E-07 -0.44762245
v -0.34725127 -0.18475936 -0.44762245
v -0.35397065 -0.18833435 0.32170627
v -0.28352904 -0.2612889 -0.4476223
v -0.2890155 -0.26634476 0.32170627
v -0.20048492 -0.3200125 -0.4476223
v -0.20436493 -0.3262042 0.3217062
v -0.10377899 -0.35692778 -0.4476223
v -0.105787046 -0.3638336 0.3217062
v 0 -0.36951813 -0.4476223
v 0 -0.3766687 0.3217062
v 0.10377868 -0.35692778 -0.4476223
v 0.10377868 -0.35692778 -0.4476223
v 0.10578735 -0.3638336 0.32170627
v 0.10578735 -0.3638336 0.32170627
v 0.20048584 -0.3200125 -0.4476223
v 0.20436522 -0.3262042 0.32170635
v 0.28352875 -0.2612895 -0.4476223
v 0.28888914 -0.26641968 0.316836
v 0.34725156 -0.18475936 -0.44762245
v 0.35397032 -0.18833435 0.3217062
v 0.38730803 -0.095638424 -0.44762245
v 0.39480317 -0.09748871 0.32170612
v 0.40097076 3.0517577E-07 -0.44762245
v 0.40097076 3.0517577E-07 -0.44762245
v 0.40873045 3.0517577E-07 0.3217062
v 0.40873045 3.0517577E-07 0.3217062
v 0.38730803 0.095638424 -0.44762245
v 0.39480317 0.09748932 0.32170612
v 0.34725156 0.1847589 -0.44762245
v 0.34725156 0.1847589 -0.44762245
v 0.35397094 0.18833466 0.3217062
v 0.35397094 0.18833466 0.3217062
v 0.28352934 0.26128906 -0.44762245
v 0.2890155 0.2663452 0.32170612
v 0.20048523 0.3200125 -0.44762245
v 0.20436522 0.326205 0.3217062
v 0.10377868 0.35692734 -0.44762245
v 0.10578735 0.36383438 0.3217062
v 0 0.36951858 -0.44762245
v 3.0517577E-07 0.37666884 0.32170612
v -0.10377899 0.35692734 -0.44762245
v -0.10578674 0.36383423 0.32170612
v -0.20048492 0.3200128 -0.44762245
v -0.20436493 0.326205 0.3217062
v -0.28352875 0.26128966 -0.44762245
v -0.28352875 0.26128966 -0.44762245
v -0.2890152 0.2663455 0.32170612
v -0.2890152 0.2663455 0.32170612
v -0.34725127 0.18475951 -0.44762245
v -0.35397065 0.18833466 0.32170627
v -0.38730866 0.095639035 -0.44762245
v -0.39480284 0.097489625 0.32170627
v -0.38730866 -0.09563781 0.9456129
v -0.38730866 -0.09563781 0.9456129
v -0.38730866 -0.09563781 0.9456129
v -0.359252 -0.088710174 1.0551522
v -0.359252 -0.088710174 1.0551522
v -0.359252 -0.088710174 1.0551522
v -0.37192473 6.1035155E-07 1.0551522
v -0.37192473 6.1035155E-07 1.0551522
v -0.37192473 6.1035155E-07 1.0551522
v -0.37192473 6.1035155E-07 1.0551522
v -0.37192473 6.1035155E-07 1.0551522
v -0.40097076 3.0517577E-07 0.9456131
v -0.40097076 3.0517577E-07 0.9456131
v -0.40097076 3.0517577E-07 0.9456131
v -0.40097076 3.0517577E-07 0.9456131
v -0.35630187 -0.16462295 1.1387874
v -0.35630187 -0.16462295 1.1387874
v -0.33114713 -0.15123932 1.1564537
v -0.35020173 -0.10884521 1.1564537
v -0.37825805 -0.11577346 1.1387873
v -0.37825805 -0.11577346 1.1387873
v -0.28352904 -0.2612889 0.9456131
v -0.28352904 -0.2612889 0.9456131
v -0.28352904 -0.2612889 0.9456131
v -0.26299042 -0.24236053 1.0551523
v -0.26299042 -0.24236053 1.0551523
v -0.26299042 -0.24236053 1.0551523
v -0.32209685 -0.17137481 1.0551523
v -0.32209685 -0.17137481 1.0551523
v -0.32209685 -0.17137481 1.0551523
v -0.34725097 -0.18475936 0.9456131
v -0.34725097 -0.18475936 0.9456131
v -0.34725097 -0.18475936 0.9456131
v -0.21924835 -0.30674437 1.1387873
v -0.21924835 -0.30674437 1.1387873
v -0.20472503 -0.28356263 1.1564537
v -0.2442282 -0.2556288 1.1564538
v -0.26476684 -0.27455595 1.1387874
v -0.26476684 -0.27455595 1.1387874
v -0.10377899 -0.35692778 0.9456131
v -0.10377899 -0.35692778 0.9456131
v -0.10377899 -0.35692778 0.9456131
v -0.0962616 -0.33107176 1.0551522
v -0.0962616 -0.33107176 1.0551522
v -0.0962616 -0.33107176 1.0551522
v -0.18596192 -0.29683074 1.0551523
v -0.18596192 -0.29683074 1.0551523
v -0.18596192 -0.29683074 1.0551523
v -0.20048492 -0.3200125 0.9456131
v -0.20048492 -0.3200125 0.9456131
v -0.20048492 -0.3200125 0.9456131
v -0.023447266 -0.3666736 1.1387873
v -0.023447266 -0.3666736 1.1387873
v -0.02344696 -0.33990538 1.1564537
v -0.07281372 -0.333916 1.1564538
v -0.08033112 -0.3597714 1.1387873
v -0.08033112 -0.3597714 1.1387873
v 0.10377868 -0.35692778 0.9456129
v 0.10377868 -0.35692778 0.9456129
v 0.10377868 -0.35692778 0.9456129
v 0.09626129 -0.33107176 1.0551523
v 0.09626129 -0.33107176 1.0551523
v 0.09626129 -0.33107176 1.0551523
v 0 -0.34275025 1.0551523
v 0 -0.34275025 1.0551523
v 0 -0.34275025 1.0551523
v 0 -0.36951813 0.9456129
v 0 -0.36951813 0.9456129
v 0 -0.36951813 0.9456129
v 0.17863587 -0.32835203 1.1387873
v 0.17863587 -0.32835203 1.1387873
v 0.16411315 -0.3051709 1.1564537
v 0.11811066 -0.32273132 1.1564537
v 0.12562867 -0.3485867 1.1387873
v 0.12562867 -0.3485867 1.1387873
v 0.28327727 -0.26143813 0.935912
v 0.28327727 -0.26143813 0.935912
v 0.28327727 -0.26143813 0.935912
v 0.2546292 -0.2346556 1.0551523
v 0.2546292 -0.2346556 1.0551523
v 0.2546292 -0.2346556 1.0551523
v 0.18596283 -0.29683074 1.0551523
v 0.18596283 -0.29683074 1.0551523
v 0.18596283 -0.29683074 1.0551523
v 0.20048584 -0.3200125 0.9456134
v 0.20048584 -0.3200125 0.9456134
v 0.20048584 -0.3200125 0.9456134
v 0.3328543 -0.2020494 1.1387873
v 0.3328543 -0.2020494 1.1387873
v 0.3076996 -0.18866546 1.1564537
v 0.277388 -0.22506988 1.1564537
v 0.29792663 -0.2439978 1.1387873
v 0.29792663 -0.2439978 1.1387873
v 0.38730866 -0.095638424 0.9456128
v 0.38730866 -0.095638424 0.9456128
v 0.38730866 -0.095638424 0.9456128
v 0.3592526 -0.08871048 1.0551523
v 0.3592526 -0.08871048 1.0551523
v 0.3592526 -0.08871048 1.0551523
v 0.32209626 -0.17137481 1.0551523
v 0.32209626 -0.17137481 1.0551523
v 0.32209626 -0.17137481 1.0551523
v 0.34725156 -0.18475936 0.9456131
v 0.34725156 -0.18475936 0.9456131
v 0.34725156 -0.18475936 0.9456131
v 0.39788482 -0.021607665 1.1387872
v 0.39788482 -0.021607665 1.1387872
v 0.3688382 -0.021607665 1.1564535
v 0.36233917 -0.06710205 1.1564537
v 0.3903958 -0.0740303 1.1387872
v 0.3903958 -0.0740303 1.1387872
v 0.38730866 0.095638424 0.9456129
v 0.38730866 0.095638424 0.9456129
v 0.38730866 0.095638424 0.9456129
v 0.3592526 0.08871063 1.0551523
v 0.3592526 0.08871063 1.0551523
v 0.3592526 0.08871063 1.0551523
v 0.37192535 6.1035155E-07 1.0551523
v 0.37192535 6.1035155E-07 1.0551523
v 0.37192535 6.1035155E-07 1.0551523
v 0.40097135 3.0517577E-07 0.9456129
v 0.40097135 3.0517577E-07 0.9456129
v 0.40097135 3.0517577E-07 0.9456129
v 0.35630187 0.16462417 1.138787
v 0.35630187 0.16462417 1.138787
v 0.33114684 0.15124023 1.1564534
v 0.3502014 0.10884643 1.1564534
v 0.37825775 0.11577407 1.138787
v 0.37825775 0.11577407 1.138787
v 0.28352997 0.26128906 0.9456129
v 0.28352997 0.26128906 0.9456129
v 0.28352997 0.26128906 0.9456129
v 0.2629907 0.24236175 1.0551523
v 0.2629907 0.24236175 1.0551523
v 0.2629907 0.24236175 1.0551523
v 0.32209626 0.17137572 1.0551523
v 0.32209626 0.17137572 1.0551523
v 0.32209626 0.17137572 1.0551523
v 0.34725156 0.18475951 0.9456129
v 0.34725156 0.18475951 0.9456129
v 0.34725156 0.18475951 0.9456129
v 0.21924835 0.306745 1.138787
v 0.21924835 0.306745 1.138787
v 0.20472534 0.28356382 1.1564534
v 0.2442282 0.25562972 1.1564534
v 0.26476777 0.27455717 1.138787
v 0.26476777 0.27455717 1.138787
v 0.10377929 0.35692734 0.9456129
v 0.10377929 0.35692734 0.9456129
v 0.10377929 0.35692734 0.9456129
v 0.09626129 0.33107224 1.0551523
v 0.09626129 0.33107224 1.0551523
v 0.09626129 0.33107224 1.0551523
v 0.18596283 0.29683152 1.0551523
v 0.18596283 0.29683152 1.0551523
v 0.18596283 0.29683152 1.0551523
v 0.20048584 0.32001266 0.9456129
v 0.20048584 0.32001266 0.9456129
v 0.20048584 0.32001266 0.9456129
v 0.02344757 0.36667433 1.138787
v 0.02344757 0.36667433 1.138787
v 0.02344757 0.3399063 1.1564534
v 0.072814025 0.33391723 1.1564534
v 0.08033173 0.3597728 1.1387868
v 0.08033173 0.3597728 1.1387868
v -0.10377899 0.35692793 0.9456129
v -0.10377899 0.35692793 0.9456129
v -0.10377899 0.35692793 0.9456129
v -0.09626129 0.33107224 1.0551523
v -0.09626129 0.33107224 1.0551523
v -0.09626129 0.33107224 1.0551523
v 0 0.34275115 1.0551522
v 0 0.34275115 1.0551522
v 0 0.34275115 1.0551522
v 3.0517577E-07 0.36951858 0.9456128
v 3.0517577E-07 0.36951858 0.9456128
v 3.0517577E-07 0.36951858 0.9456128
v -0.17863616 0.32835326 1.138787
v -0.17863616 0.32835326 1.138787
v -0.16411315 0.30517197 1.1564534
v -0.11811066 0.32273176 1.1564534
v -0.12562835 0.34858778 1.138787
v -0.12562835 0.34858778 1.138787
v -0.28352904 0.26128966 0.9456131
v -0.28352904 0.26128966 0.9456131
v -0.28352904 0.26128966 0.9456131
v -0.26299042 0.24236237 1.0551523
v -0.26299042 0.24236237 1.0551523
v -0.26299042 0.24236237 1.0551523
v -0.1859616 0.29683152 1.0551522
v -0.1859616 0.29683152 1.0551522
v -0.1859616 0.29683152 1.0551522
v -0.20048492 0.3200128 0.9456128
v -0.20048492 0.3200128 0.9456128
v -0.20048492 0.3200128 0.9456128
v -0.332854 0.20205063 1.138787
v -0.332854 0.20205063 1.138787
v -0.3076996 0.18866698 1.1564534
v -0.27738768 0.22507125 1.1564534
v -0.29792663 0.24399932 1.138787
v -0.29792663 0.24399932 1.138787
v -0.38730866 0.095639035 0.9456129
v -0.38730866 0.095639035 0.9456129
v -0.38730866 0.095639035 0.9456129
v -0.359252 0.088710934 1.0551522
v -0.359252 0.088710934 1.0551522
v -0.359252 0.088710934 1.0551522
v -0.32209626 0.17137633 1.0551522
v -0.32209626 0.17137633 1.0551522
v -0.32209626 0.17137633 1.0551522
v -0.34725067 0.18475951 0.9456129
v -0.34725067 0.18475951 0.9456129
v -0.34725067 0.18475951 0.9456129
v -0.39788452 0.021608429 1.138787
v -0.39788452 0.021608429 1.138787
v -0.3688382 0.021608429 1.1564537
v -0.36233887 0.06710296 1.1564537
v -0.3903952 0.07403091 1.138787
v -0.3903952 0.07403091 1.138787
v -0.34287873 3.0517577E-07 0.9831335
v -0.34287873 3.0517577E-07 0.9831335
v -0.34287873 3.0517577E-07 0.9831335
v -0.34287873 3.0517577E-07 0.9831335
v -0.33119535 -0.08178192 0.9831335
v -0.33119535 -0.08178192 0.9831335
v -0.33119535 -0.08178192 0.9831335
v -0.33119535 -0.08178192 0.9831335
v -0.33119535 -0.08178192 0.9831335
v 0 3.0517577E-07 0.9831334
v -0.29694152 -0.15799117 0.9831337
v -0.29694152 -0.15799117 0.9831337
v -0.29694152 -0.15799117 0.9831337
v -0.29694152 -0.15799117 0.9831337
v -0.24245177 -0.22343352 0.9831337
v -0.24245177 -0.22343352 0.9831337
v -0.24245177 -0.22343352 0.9831337
v -0.24245177 -0.22343352 0.9831337
v -0.1714392 -0.27364883 0.9831337
v -0.1714392 -0.27364883 0.9831337
v -0.1714392 -0.27364883 0.9831337
v -0.1714392 -0.27364883 0.9831337
v -0.088743284 -0.30521604 0.9831337
v -0.088743284 -0.30521604 0.9831337
v -0.088743284 -0.30521604 0.9831337
v -0.088743284 -0.30521604 0.9831337
v 0 -0.31598267 0.9831337
v 0 -0.31598267 0.9831337
v 0 -0.31598267 0.9831337
v 0 -0.31598267 0.9831337
v 0.088743895 -0.30521604 0.9831337
v 0.088743895 -0.30521604 0.9831337
v 0.088743895 -0.30521604 0.9831337
v 0.088743895 -0.30521604 0.9831337
v 0.1714392 -0.27364883 0.9831335
v 0.1714392 -0.27364883 0.9831335
v 0.1714392 -0.27364883 0.9831335
v 0.1714392 -0.27364883 0.9831335
v 0.24245238 -0.22343352 0.9831337
v 0.24245238 -0.22343352 0.9831337
v 0.24245238 -0.22343352 0.9831337
v 0.24245238 -0.22343352 0.9831337
v 0.29694182 -0.15799117 0.9831337
v 0.29694182 -0.15799117 0.9831337
v 0.29694182 -0.15799117 0.9831337
v 0.29694182 -0.15799117 0.9831337
v 0.33119568 -0.08178192 0.9831335
v 0.33119568 -0.08178192 0.9831335
v 0.33119568 -0.08178192 0.9831335
v 0.33119568 -0.08178192 0.9831335
v 0.34287933 3.0517577E-07 0.9831335
v 0.34287933 3.0517577E-07 0.9831335
v 0.34287933 3.0517577E-07 0.9831335
v 0.34287933 3.0517577E-07 0.9831335
v 0.33119568 0.08178253 0.9831335
v 0.33119568 0.08178253 0.9831335
v 0.33119568 0.08178253 0.9831335
v 0.33119568 0.08178253 0.9831335
v 0.29694182 0.15799148 0.9831335
v 0.29694182 0.15799148 0.9831335
v 0.29694182 0.15799148 0.9831335
v 0.29694182 0.15799148 0.9831335
v 0.24245177 0.22343384 0.9831335
v 0.24245177 0.22343384 0.9831335
v 0.24245177 0.22343384 0.9831335
v 0.24245177 0.22343384 0.9831335
v 0.17143981 0.27364942 0.9831335
v 0.17143981 0.27364942 0.9831335
v 0.17143981 0.27364942 0.9831335
v 0.17143981 0.27364942 0.9831335
v 0.088743895 0.30521622 0.9831334
v 0.088743895 0.30521622 0.9831334
v 0.088743895 0.30521622 0.9831334
v 0.088743895 0.30521622 0.9831334
v 3.0517577E-07 0.31598312 0.9831335
v 3.0517577E-07 0.31598312 0.9831335
v 3.0517577E-07 0.31598312 0.9831335
v 3.0517577E-07 0.31598312 0.9831335
v -0.088743284 0.30521622 0.9831334
v -0.088743284 0.30521622 0.9831334
v -0.088743284 0.30521622 0.9831334
v -0.088743284 0.30521622 0.9831334
v -0.17143859 0.27364942 0.9831334
v -0.17143859 0.27364942 0.9831334
v -0.17143859 0.27364942 0.9831334
v -0.17143859 0.27364942 0.9831334
v -0.24245177 0.22343414 0.9831334
v -0.24245177 0.22343414 0.9831334
v -0.24245177 0.22343414 0.9831334
v -0.24245177 0.22343414 0.9831334
v -0.29694152 0.1579921 0.9831335
v -0.29694152 0.1579921 0.9831335
v -0.29694152 0.1579921 0.9831335
v -0.29694152 0.1579921 0.9831335
v -0.33119535 0.08178314 0.9831335
v -0.33119535 0.08178314 0.9831335
v -0.33119535 0.08178314 0.9831335
v -0.33119535 0.08178314 0.9831335
v -0.34725127 -0.18475907 1.0999815
v -0.34725127 -0.18475907 1.0999815
v -0.38730866 -0.09563751 1.0999814
v -0.38730866 -0.09563751 1.0999814
v -0.32209656 -0.17137481 1.1176482
v -0.33119568 -0.08178192 1.0999813
v -0.33119568 -0.08178192 1.0999813
v -0.32214507 -0.10191788 1.1387873
v -0.32214507 -0.10191788 1.1387873
v -0.30599183 -0.13785568 1.1387873
v -0.30599183 -0.13785568 1.1387873
v -0.29694152 -0.15799087 1.0999814
v -0.29694152 -0.15799087 1.0999814
v -0.359252 -0.08871048 1.1176479
v -0.20048553 -0.3200122 1.0999813
v -0.20048553 -0.3200122 1.0999813
v -0.28352904 -0.2612886 1.0999815
v -0.28352904 -0.2612886 1.0999815
v -0.18596251 -0.29683074 1.117648
v -0.24245177 -0.22343323 1.0999815
v -0.24245177 -0.22343323 1.0999815
v -0.22368896 -0.23670119 1.1387873
v -0.22368896 -0.23670119 1.1387873
v -0.19020203 -0.260381 1.1387873
v -0.19020203 -0.260381 1.1387873
v -0.17143951 -0.27364883 1.0999815
v -0.17143951 -0.27364883 1.0999815
v -0.2629907 -0.24236053 1.117648
v 0 -0.3695178 1.0999814
v 0 -0.3695178 1.0999814
v -0.10377899 -0.35692748 1.0999814
v -0.10377899 -0.35692748 1.0999814
v -3.0517577E-07 -0.34274992 1.117648
v -0.088743895 -0.30521545 1.0999814
v -0.088743895 -0.30521545 1.0999814
v -0.06529632 -0.3080606 1.1387873
v -0.06529632 -0.3080606 1.1387873
v -0.023447266 -0.31313813 1.1387873
v -0.023447266 -0.31313813 1.1387873
v 0 -0.31598204 1.0999814
v 0 -0.31598204 1.0999814
v -0.0962616 -0.33107176 1.1176479
v 0.20048523 -0.3200122 1.0999814
v 0.20048523 -0.3200122 1.0999814
v 0.10377929 -0.35692748 1.0999815
v 0.10377929 -0.35692748 1.0999815
v 0.18596222 -0.29683074 1.117648
v 0.088743895 -0.30521545 1.0999815
v 0.088743895 -0.30521545 1.0999815
v 0.110592954 -0.2968753 1.1387873
v 0.110592954 -0.2968753 1.1387873
v 0.14958954 -0.28198913 1.1387874
v 0.14958954 -0.28198913 1.1387874
v 0.1714392 -0.27364883 1.0999815
v 0.1714392 -0.27364883 1.0999815
v 0.09626129 -0.33107176 1.1176479
v 0.32209626 -0.17137481 1.117648
v 0.34725156 -0.18475907 1.0999815
v 0.34725156 -0.18475907 1.0999815
v 0.24245238 -0.22343323 1.0999815
v 0.24245238 -0.22343323 1.0999815
v 0.25684905 -0.20614272 1.1387874
v 0.25684905 -0.20614272 1.1387874
v 0.28254455 -0.17528228 1.1387873
v 0.28254455 -0.17528228 1.1387873
v 0.29694182 -0.15799117 1.0999815
v 0.29694182 -0.15799117 1.0999815
v 0.2546292 -0.2346553 1.1176482
v 0.40097135 6.1035155E-07 1.0999813
v 0.40097135 6.1035155E-07 1.0999813
v 0.38730866 -0.09563812 1.0999813
v 0.38730866 -0.09563812 1.0999813
v 0.37192535 6.1035155E-07 1.1176479
v 0.33119568 -0.08178192 1.0999815
v 0.33119568 -0.08178192 1.0999815
v 0.33428222 -0.06017334 1.1387873
v 0.33428222 -0.06017334 1.1387873
v 0.33979157 -0.021607665 1.1387873
v 0.33979157 -0.021607665 1.1387873
v 0.34287873 6.1035155E-07 1.0999814
v 0.34287873 6.1035155E-07 1.0999814
v 0.359252 -0.08871048 1.1176479
v 0.34725156 0.18475983 1.0999813
v 0.34725156 0.18475983 1.0999813
v 0.38730803 0.09563873 1.0999813
v 0.38730803 0.09563873 1.0999813
v 0.32209626 0.17137572 1.117648
v 0.33119568 0.08178283 1.0999813
v 0.33119568 0.08178283 1.0999813
v 0.32214507 0.10191894 1.138787
v 0.32214507 0.10191894 1.138787
v 0.30599213 0.13785599 1.138787
v 0.30599213 0.13785599 1.138787
v 0.29694122 0.15799163 1.0999813
v 0.29694122 0.15799163 1.0999813
v 0.359252 0.08871063 1.117648
v 0.20048584 0.3200128 1.0999813
v 0.20048584 0.3200128 1.0999813
v 0.28352997 0.26128936 1.0999813
v 0.28352997 0.26128936 1.0999813
v 0.18596283 0.2968312 1.117648
v 0.24245177 0.22343414 1.0999814
v 0.24245177 0.22343414 1.0999814
v 0.22368957 0.2367015 1.138787
v 0.22368957 0.2367015 1.138787
v 0.19020203 0.26038176 1.138787
v 0.19020203 0.26038176 1.138787
v 0.1714392 0.27364975 1.0999813
v 0.1714392 0.27364975 1.0999813
v 0.26299134 0.24236175 1.1176479
v 3.0517577E-07 0.36951917 1.0999813
v 3.0517577E-07 0.36951917 1.0999813
v 0.10377929 0.35692826 1.0999813
v 0.10377929 0.35692826 1.0999813
v 0 0.34275115 1.1176479
v 0.088743895 0.30521667 1.0999814
v 0.088743895 0.30521667 1.0999814
v 0.06529632 0.30806136 1.138787
v 0.06529632 0.30806136 1.138787
v 0.02344757 0.31313857 1.138787
v 0.02344757 0.31313857 1.138787
v 3.0517577E-07 0.3159834 1.0999813
v 3.0517577E-07 0.3159834 1.0999813
v 0.09626129 0.33107224 1.1176479
v -0.20048492 0.32001325 1.0999814
v -0.20048492 0.32001325 1.0999814
v -0.10377899 0.35692826 1.0999813
v -0.10377899 0.35692826 1.0999813
v -0.1859616 0.29683152 1.1176479
v -0.088743284 0.30521667 1.0999814
v -0.088743284 0.30521667 1.0999814
v -0.110592954 0.29687637 1.138787
v -0.110592954 0.29687637 1.138787
v -0.14958954 0.2819902 1.138787
v -0.14958954 0.2819902 1.138787
v -0.1714389 0.27364942 1.0999813
v -0.1714389 0.27364942 1.0999813
v -0.09626129 0.33107224 1.117648
v -0.34725037 0.18475983 1.0999815
v -0.34725037 0.18475983 1.0999815
v -0.28352875 0.26128998 1.0999814
v -0.28352875 0.26128998 1.0999814
v -0.32209685 0.17137633 1.1176479
v -0.24245177 0.22343414 1.0999815
v -0.24245177 0.22343414 1.0999815
v -0.25684905 0.20614348 1.138787
v -0.25684905 0.20614348 1.138787
v -0.28254426 0.1752832 1.138787
v -0.28254426 0.1752832 1.138787
v -0.29694152 0.1579921 1.0999815
v -0.29694152 0.1579921 1.0999815
v -0.26299042 0.24236237 1.1176482
v -0.40097076 6.1035155E-07 1.0999815
v -0.40097076 6.1035155E-07 1.0999815
v -0.40097076 6.1035155E-07 1.0999815
v -0.38730866 0.09563934 1.0999813
v -0.38730866 0.09563934 1.0999813
v -0.37192503 6.1035155E-07 1.1176479
v -0.37192503 6.1035155E-07 1.1176479
v -0.37192503 6.1035155E-07 1.1176479
v -0.37192503 6.1035155E-07 1.1176479
v -0.33119535 0.08178314 1.0999814
v -0.33119535 0.08178314 1.0999814
v -0.33428162 0.06017517 1.138787
v -0.33428162 0.06017517 1.138787
v -0.33979186 0.021608429 1.138787
v -0.33979186 0.021608429 1.138787
v -0.34287873 6.1035155E-07 1.0999815
v -0.34287873 6.1035155E-07 1.0999815
v -0.34287873 6.1035155E-07 1.0999815
v -0.3592523 0.088710934 1.1176479
v 0.2833548 -0.2614842 1.0999814
v 0.2833548 -0.2614842 1.0999814
v -0.40097106 3.0517577E-07 0.33341774
v -0.40097106 3.0517577E-07 0.33341774
v -0.40097106 3.0517577E-07 0.33341774
v -0.40097106 3.0517577E-07 0.33341774
v -0.38730866 -0.09563781 0.33341774
v -0.38730866 -0.09563781 0.33341774
v -0.34725127 -0.18475936 0.3334178
v -0.34725127 -0.18475936 0.3334178
v -0.28352904 -0.2612889 0.3334178
v -0.28352904 -0.2612889 0.3334178
v -0.20048492 -0.3200125 0.3334178
v -0.20048492 -0.3200125 0.3334178
v -0.10377899 -0.35692778 0.3334178
v -0.10377899 -0.35692778 0.3334178
v 0 -0.36951813 0.33341774
v 0 -0.36951813 0.33341774
v 0.10377868 -0.35692778 0.33341774
v 0.10377868 -0.35692778 0.33341774
v 0.10377868 -0.35692778 0.33341774
v 0.20048584 -0.3200125 0.3334181
v 0.20048584 -0.3200125 0.3334181
v 0.283403 -0.2613637 0.32856745
v 0.283403 -0.2613637 0.32856745
v 0.34725156 -0.18475936 0.3334178
v 0.34725156 -0.18475936 0.3334178
v 0.38730803 -0.095638424 0.33341774
v 0.38730803 -0.095638424 0.33341774
v 0.40097135 3.0517577E-07 0.33341774
v 0.40097135 3.0517577E-07 0.33341774
v 0.40097135 3.0517577E-07 0.33341774
v 0.38730866 0.095638424 0.33341774
v 0.38730866 0.095638424 0.33341774
v 0.34725156 0.1847589 0.3334178
v 0.34725156 0.1847589 0.3334178
v 0.34725156 0.1847589 0.3334178
v 0.28352997 0.26128906 0.33341765
v 0.28352997 0.26128906 0.33341765
v 0.20048584 0.3200125 0.33341774
v 0.20048584 0.3200125 0.33341774
v 0.10377929 0.35692763 0.3334176
v 0.10377929 0.35692763 0.3334176
v 0 0.36951858 0.33341765
v 0 0.36951858 0.33341765
v -0.10377899 0.35692793 0.33341765
v -0.10377899 0.35692793 0.33341765
v -0.20048492 0.3200128 0.33341765
v -0.20048492 0.3200128 0.33341765
v -0.28352904 0.26128966 0.3334178
v -0.28352904 0.26128966 0.3334178
v -0.28352904 0.26128966 0.3334178
v -0.34725067 0.18475951 0.33341774
v -0.34725067 0.18475951 0.33341774
v -0.38730866 0.095639035 0.3334178
v -0.38730866 0.095639035 0.3334178
vt 0.85376817 0.79364777
vt 0.85391027 0.6201034
vt 0.828602 0.62023246
vt 0.9770508 0.6204282
vt 0.8292447 0.79364777
vt 0.9765625 0.7937681
vt 0.87829155 0.79364777
vt 0.87833136 0.62005657
vt 0.90281504 0.79364777
vt 0.9028123 0.6201523
vt 0.9273384 0.79364777
vt 0.9273893 0.6200576
vt 0.9518619 0.79364777
vt 0.95185906 0.62015224
vt 0.9763852 0.79364777
vt 0.9764363 0.62005746
vt 1.0009086 0.79364777
vt 0.8286133 0.7937681
vt 1.000901 0.62013376
vt 0.8286133 0.6199399
vt 0.85302734 0.7937681
vt 0.8535156 0.6199399
vt 0.8779297 0.7937681
vt 0.8779297 0.6209165
vt 0.90234375 0.7937681
vt 0.90234375 0.6199399
vt 0.9267578 0.7937681
vt 0.9267578 0.6199399
vt 0.9511719 0.7937681
vt 0.9511719 0.7937681
vt 0.9511719 0.6199399
vt 0.9511719 0.6199399
vt 0.9760742 0.7937681
vt 0.9760742 0.6199399
vt 1.0004883 0.7937681
vt 0.8286133 0.7937681
vt 1.0004883 0.6199399
vt 0.8286133 0.6199399
vt 0.85302734 0.7937681
vt 0.85302734 0.6199399
vt 0.8774414 0.7937681
vt 0.8774414 0.6199399
vt 0.90185547 0.7937681
vt 0.90185547 0.6199399
vt 0.9267578 0.7937681
vt 0.9267578 0.6199399
vt 0.9511719 0.7937681
vt 0.9511719 0.6199399
vt 0.97558594 0.7937681
vt 0.97558594 0.6199399
vt 1 0.7937681
vt 0.90283203 0.7937681
vt 1 0.6199399
vt 0.90283203 0.6199399
vt 0.9277344 0.7937681
vt 0.9277344 0.6199399
vt 0.95214844 0.7937681
vt 0.95214844 0.6199399
vt 0.029296875 0.56933594
vt 0.029296875 0.56933594
vt 0.04215295 0.569962
vt 0.029296875 0.54296875
vt 0.04047689 0.5521286
vt 0.029296875 0.54296875
vt 0.002296271 0.5809947
vt 0.002296271 0.5809947
vt 0.002296271 0.5809947
vt 0.002296271 0.5809947
vt 0.0037446166 0.5415658
vt 0.0011590846 0.6148952
vt 0.55859375 0.56933594
vt 0.0011590846 0.6148952
vt 0.0011590846 0.6148952
vt 0.046346225 0.5296874
vt 0.04736328 0.5229492
vt 0.041695084 0.5307182
vt 0.04199464 0.53660434
vt 0.045874666 0.53858066
vt 0.03466797 0.5229492
vt 0.07519531 0.56933594
vt 0.07519531 0.56933594
vt 0.07161418 0.56675637
vt 0.07519531 0.54296875
vt 0.07834071 0.5501971
vt 0.07519531 0.54296875
vt 0.052734375 0.54296875
vt 0.04027988 0.51509976
vt 0.052734375 0.54296875
vt 0.052734375 0.56933594
vt 0.052734375 0.56933594
vt 0.044397302 0.49772537
vt 0.093487576 0.5322527
vt 0.09375 0.5229492
vt 0.08901471 0.5312046
vt 0.086641185 0.5369371
vt 0.0890533 0.54035896
vt 0.080566406 0.5229492
vt 0.12158203 0.56933594
vt 0.12158203 0.56933594
vt 0.10761145 0.55996597
vt 0.12158203 0.54296875
vt 0.119325675 0.5465221
vt 0.12158203 0.54296875
vt 0.09863281 0.54296875
vt 0.09452034 0.5164516
vt 0.09863281 0.54296875
vt 0.09863281 0.56933594
vt 0.09863281 0.56933594
vt 0.10573819 0.5026083
vt 0.1398334 0.53436804
vt 0.13916016 0.5229492
vt 0.13595541 0.5320635
vt 0.1315127 0.5366397
vt 0.13265394 0.5405025
vt 0.12695312 0.5229492
vt 0.16748047 0.56933594
vt 0.16748047 0.56933594
vt 0.15773962 0.56330466
vt 0.16748047 0.54296875
vt 0.16714497 0.54815865
vt 0.16748047 0.54296875
vt 0.14453125 0.54296875
vt 0.14581412 0.5197377
vt 0.14453125 0.54296875
vt 0.14453125 0.56933594
vt 0.14453125 0.56933594
vt 0.16058277 0.5098387
vt 0.18607423 0.5335569
vt 0.1850586 0.5229492
vt 0.18182324 0.53184485
vt 0.17780115 0.53664327
vt 0.17959066 0.54026294
vt 0.17285156 0.5229492
vt 0.21386719 0.57128906
vt 0.21386719 0.57128906
vt 0.20601064 0.5663065
vt 0.21386719 0.54296875
vt 0.21381456 0.54809237
vt 0.21386719 0.54296875
vt 0.19042969 0.54296875
vt 0.18978503 0.51825035
vt 0.19042969 0.54296875
vt 0.19042969 0.56933594
vt 0.19042969 0.56933594
vt 0.20280063 0.50612843
vt 0.23264998 0.53321856
vt 0.23144531 0.5229492
vt 0.22810349 0.53194034
vt 0.22479321 0.53692377
vt 0.2270908 0.54038984
vt 0.21875 0.5229492
vt 0.25927734 0.56933594
vt 0.25927734 0.56933594
vt 0.27721125 0.5693543
vt 0.25927734 0.54296875
vt 0.27278 0.55198956
vt 0.25927734 0.54296875
vt 0.2368164 0.54296875
vt 0.23417068 0.5174502
vt 0.2368164 0.54296875
vt 0.2368164 0.56933594
vt 0.245543 0.50374305
vt 0.2368164 0.56933594
vt 0.27609533 0.52895373
vt 0.27734375 0.5229492
vt 0.27159417 0.5306668
vt 0.27223134 0.53640115
vt 0.2763766 0.53774023
vt 0.26464844 0.5229492
vt 0.30566406 0.56933594
vt 0.30566406 0.56933594
vt 0.31815922 0.56996655
vt 0.30566406 0.54296875
vt 0.31655854 0.5521261
vt 0.30566406 0.54296875
vt 0.28271484 0.54296875
vt 0.2680542 0.51541203
vt 0.28271484 0.54296875
vt 0.28271484 0.56933594
vt 0.28271484 0.56933594
vt 0.2694989 0.49760836
vt 0.32252163 0.5297107
vt 0.32373047 0.5229492
vt 0.31786844 0.5307212
vt 0.31814173 0.5366086
vt 0.32201374 0.5386014
vt 0.31054688 0.5229492
vt 0.3515625 0.56933594
vt 0.3515625 0.56933594
vt 0.34764203 0.56672543
vt 0.3515625 0.54296875
vt 0.35440245 0.55018
vt 0.3515625 0.54296875
vt 0.32861328 0.54296875
vt 0.31651896 0.5150964
vt 0.32861328 0.54296875
vt 0.32861328 0.56933594
vt 0.32861328 0.56933594
vt 0.32071754 0.49774033
vt 0.36958528 0.5322664
vt 0.36914062 0.5229492
vt 0.3651145 0.5312092
vt 0.36272943 0.5369369
vt 0.36513478 0.5403638
vt 0.3569336 0.5229492
vt 0.39794922 0.56933594
vt 0.39794922 0.56933594
vt 0.38397825 0.56004345
vt 0.39794922 0.54296875
vt 0.39565143 0.5465638
vt 0.39794922 0.54296875
vt 0.37451172 0.54296875
vt 0.370651 0.5164678
vt 0.37451172 0.54296875
vt 0.37451172 0.56933594
vt 0.37451172 0.56933594
vt 0.38189766 0.5026479
vt 0.4161215 0.5343473
vt 0.41552734 0.5229492
vt 0.41223636 0.5320546
vt 0.4078081 0.53664446
vt 0.40896106 0.54050374
vt 0.40283203 0.5229492
vt 0.44384766 0.56933594
vt 0.44384766 0.56933594
vt 0.43414724 0.56344205
vt 0.44384766 0.54296875
vt 0.44345418 0.5482354
vt 0.44384766 0.54296875
vt 0.42089844 0.54296875
vt 0.4220578 0.519699
vt 0.42089844 0.54296875
vt 0.42089844 0.56933594
vt 0.42089844 0.56933594
vt 0.43679637 0.5097553
vt 0.462288 0.5335111
vt 0.46142578 0.5229492
vt 0.458026 0.53182685
vt 0.45403546 0.53665125
vt 0.4558481 0.54025924
vt 0.44873047 0.5229492
vt 0.4897461 0.56933594
vt 0.4897461 0.56933594
vt 0.49636632 0.5696191
vt 0.4897461 0.54296875
vt 0.49740875 0.55178
vt 0.4897461 0.54296875
vt 0.46679688 0.54296875
vt 0.46589887 0.51818067
vt 0.46679688 0.54296875
vt 0.46679688 0.56933594
vt 0.46679688 0.56933594
vt 0.47883523 0.5059742
vt 0.5077067 0.53052485
vt 0.5078125 0.5229492
vt 0.502985 0.5309112
vt 0.5015429 0.53669536
vt 0.50499374 0.53910834
vt 0.4946289 0.5229492
vt 0.53564453 0.56933594
vt 0.53564453 0.56933594
vt 0.56960374 0.50983465
vt 0.53564453 0.54296875
vt 0.5567068 0.52212465
vt 0.53564453 0.54296875
vt 0.5131836 0.54296875
vt 0.50401324 0.5152458
vt 0.5131836 0.54296875
vt 0.5131836 0.56933594
vt 0.5131836 0.56933594
vt 0.51027524 0.4985568
vt 0.53459007 0.5301823
vt 0.55371094 0.5229492
vt 0.5381041 0.53479826
vt 0.54314 0.5306713
vt 0.5422482 0.5261607
vt 0.5410156 0.5229492
vt 0.7615692 0.74906975
vt 0.55859375 0.5600586
vt 0.0063476562 0.5600586
vt 0.0048486423 0.55380046
vt 0.7455521 0.75117844
vt 0.029296875 0.5600586
vt 0.03346957 0.56226647
vt 0.029296875 0.5600586
vt 0.029296875 0.5600586
vt 0.7615692 0.8109549
vt 0.7306266 0.75736076
vt 0.052734375 0.5600586
vt 0.052734375 0.5600586
vt 0.034543037 0.5041726
vt 0.71780974 0.76719546
vt 0.07519531 0.5600586
vt 0.0675935 0.55612034
vt 0.07519531 0.5600586
vt 0.70797503 0.7800123
vt 0.09863281 0.5600586
vt 0.09863281 0.5600586
vt 0.09427545 0.50417763
vt 0.70179266 0.79493785
vt 0.12158203 0.5600586
vt 0.107342035 0.5488541
vt 0.12158203 0.5600586
vt 0.69968396 0.8109549
vt 0.14453125 0.5600586
vt 0.14453125 0.5600586
vt 0.14931224 0.50799704
vt 0.70179266 0.826972
vt 0.16748047 0.5600586
vt 0.15570089 0.5523877
vt 0.16748047 0.5600586
vt 0.70797503 0.84189755
vt 0.19042969 0.5600586
vt 0.19042969 0.5600586
vt 0.19125356 0.5060441
vt 0.71780974 0.8547144
vt 0.21386719 0.5600586
vt 0.20389852 0.554341
vt 0.21386719 0.5600586
vt 0.7306266 0.86454904
vt 0.2368164 0.5600586
vt 0.2368164 0.5600586
vt 0.23378918 0.5050708
vt 0.7455521 0.8707315
vt 0.25927734 0.5600586
vt 0.26742294 0.5630655
vt 0.25927734 0.5600586
vt 0.7615692 0.87284017
vt 0.28271484 0.5600586
vt 0.28271484 0.5600586
vt 0.2605788 0.5055319
vt 0.7775863 0.8707315
vt 0.30566406 0.5600586
vt 0.3095084 0.5622343
vt 0.30566406 0.5600586
vt 0.7925118 0.8645491
vt 0.32861328 0.5600586
vt 0.32861328 0.5600586
vt 0.31081378 0.50414795
vt 0.80532867 0.8547144
vt 0.3515625 0.5600586
vt 0.3436431 0.5560813
vt 0.3515625 0.5600586
vt 0.8151633 0.84189755
vt 0.37451172 0.5600586
vt 0.37451172 0.5600586
vt 0.37043282 0.50419354
vt 0.82134575 0.826972
vt 0.39794922 0.5600586
vt 0.38367498 0.5489327
vt 0.39794922 0.5600586
vt 0.82345444 0.8109549
vt 0.42089844 0.5600586
vt 0.42089844 0.5600586
vt 0.42552033 0.50794786
vt 0.82134575 0.7949379
vt 0.44384766 0.5600586
vt 0.43203768 0.55253863
vt 0.44384766 0.5600586
vt 0.8151634 0.78001237
vt 0.46679688 0.5600586
vt 0.46679688 0.5600586
vt 0.4672879 0.5059651
vt 0.80532867 0.7671955
vt 0.4897461 0.5600586
vt 0.48916188 0.56084365
vt 0.4897461 0.5600586
vt 0.7925118 0.7573608
vt 0.5131836 0.5600586
vt 0.5131836 0.5600586
vt 0.4995836 0.5036937
vt 0.7775863 0.75117844
vt 0.53564453 0.5600586
vt 0.5690541 0.5211328
vt 0.53564453 0.5600586
vt 0.052734375 0.53222656
vt 0.046129797 0.5223137
vt 0.029296875 0.53222656
vt 0.04587958 0.5458274
vt 0.04116614 0.52468014
vt 0.029296875 0.53222656
vt 0.03641525 0.5438952
vt 0.03564453 0.5229492
vt 0.037127502 0.53655845
vt 0.04638672 0.5229492
vt 0.03725426 0.52985007
vt 0.052734375 0.53222656
vt 0.036516298 0.5225831
vt 0.04186319 0.5426637
vt 0.09863281 0.53222656
vt 0.09648808 0.52544904
vt 0.07519531 0.53222656
vt 0.08586947 0.54693913
vt 0.091155335 0.52545923
vt 0.07519531 0.53222656
vt 0.078553714 0.5410994
vt 0.08154297 0.5229492
vt 0.082433335 0.5347618
vt 0.09277344 0.5229492
vt 0.08556623 0.5285597
vt 0.09863281 0.53222656
vt 0.08806084 0.5216224
vt 0.083858766 0.54239684
vt 0.14453125 0.53222656
vt 0.14491537 0.5288912
vt 0.12158203 0.53222656
vt 0.12740198 0.5456665
vt 0.13991524 0.5273385
vt 0.12158203 0.53222656
vt 0.12249847 0.5380758
vt 0.12792969 0.5229492
vt 0.12828518 0.53337204
vt 0.13867188 0.5229492
vt 0.13350312 0.52856743
vt 0.14453125 0.53222656
vt 0.13818033 0.52280116
vt 0.12702163 0.5408607
vt 0.19042969 0.53222656
vt 0.19042754 0.5274997
vt 0.16748047 0.53222656
vt 0.17499465 0.54601014
vt 0.18519378 0.5267179
vt 0.16748047 0.53222656
vt 0.16894934 0.5393125
vt 0.17382812 0.5229492
vt 0.17409286 0.5339612
vt 0.18457031 0.5229492
vt 0.17874892 0.5287322
vt 0.19042969 0.53222656
vt 0.18265808 0.5224527
vt 0.17383952 0.5413265
vt 0.23076881 0.52647424
vt 0.23620245 0.5266446
vt 0.2368164 0.53222656
vt 0.21386719 0.53222656
vt 0.21612407 0.54039145
vt 0.21923828 0.5229492
vt 0.22062713 0.5346364
vt 0.23046875 0.5229492
vt 0.22448803 0.529127
vt 0.2368164 0.53222656
vt 0.22750613 0.52248335
vt 0.21999787 0.54078203
vt 0.28271484 0.53222656
vt 0.27501097 0.5216613
vt 0.25927734 0.53222656
vt 0.27716956 0.5449306
vt 0.27042368 0.52474475
vt 0.25927734 0.53222656
vt 0.26755506 0.54443884
vt 0.265625 0.5229492
vt 0.26742348 0.5370987
vt 0.2763672 0.5229492
vt 0.26696894 0.5305047
vt 0.28271484 0.53222656
vt 0.26539996 0.5234065
vt 0.27273193 0.5424126
vt 0.32861328 0.53222656
vt 0.32233435 0.5223361
vt 0.30566406 0.53222656
vt 0.3219876 0.5458479
vt 0.31736726 0.5246785
vt 0.30566406 0.53222656
vt 0.31253132 0.54387534
vt 0.31152344 0.5229492
vt 0.31327492 0.5365416
vt 0.3227539 0.5229492
vt 0.3134344 0.5298338
vt 0.32861328 0.53222656
vt 0.31272888 0.5225655
vt 0.3179847 0.54266715
vt 0.37451172 0.53222656
vt 0.3725998 0.5254692
vt 0.3515625 0.53222656
vt 0.3619377 0.5469374
vt 0.36726686 0.5254683
vt 0.3515625 0.53222656
vt 0.35463396 0.54108286
vt 0.35791016 0.5229492
vt 0.3585261 0.5347531
vt 0.36865234 0.5229492
vt 0.3616716 0.5285572
vt 0.37451172 0.53222656
vt 0.36418062 0.52162486
vt 0.35993642 0.542391
vt 0.42089844 0.53222656
vt 0.4211868 0.5288552
vt 0.39794922 0.53222656
vt 0.40372506 0.54568374
vt 0.41618198 0.52731776
vt 0.39794922 0.53222656
vt 0.3987984 0.5381081
vt 0.4038086 0.5229492
vt 0.40457052 0.5333865
vt 0.41455078 0.5229492
vt 0.40977344 0.5285661
vt 0.42089844 0.53222656
vt 0.41443333 0.52278566
vt 0.40333 0.540879
vt 0.46679688 0.53222656
vt 0.4666017 0.52742577
vt 0.44384766 0.53222656
vt 0.45128965 0.54603606
vt 0.46136296 0.526678
vt 0.44384766 0.53222656
vt 0.4452012 0.5393778
vt 0.44970703 0.5229492
vt 0.4503099 0.53399336
vt 0.46044922 0.5229492
vt 0.45493162 0.5287342
vt 0.46679688 0.53222656
vt 0.4587995 0.5224294
vt 0.45010436 0.54135996
vt 0.5131836 0.53222656
vt 0.5088975 0.5232131
vt 0.4897461 0.53222656
vt 0.5035065 0.54624826
vt 0.5037202 0.5248813
vt 0.4897461 0.53222656
vt 0.4947286 0.54306835
vt 0.49560547 0.5229492
vt 0.49688217 0.53602237
vt 0.50683594 0.5229492
vt 0.4986639 0.52949476
vt 0.5131836 0.53222656
vt 0.49936268 0.5222068
vt 0.50012493 0.5425972
vt 0.55859375 0.53222656
vt -0.011034002 0.59140635
vt 0.52767503 0.53186077
vt 0.53564453 0.53222656
vt 0.5482694 0.5219206
vt -0.008407426 0.581808
vt 0.5312956 0.53608274
vt 0.006603391 0.5321019
vt 0.536006 0.5415942
vt 0.53564453 0.53222656
vt 0.5528097 0.5299992
vt 0.5419922 0.5229492
vt 0.54667556 0.5337795
vt 0.5527344 0.5229492
vt 0.54226035 0.5383316
vt 0.55859375 0.53222656
vt 0.010193961 0.5361059
vt 0.5403418 0.5450982
vt 0.5483312 0.5269613
vt 0.21386719 0.53222656
vt 0.22299884 0.5465888
vt 0.0063476562 0.7861328
vt 0.55859375 0.7861328
vt 0.8288385 0.61759174
vt 0.9770508 0.6179868
vt 0.029296875 0.7861328
vt 0.8539093 0.61746174
vt 0.052734375 0.7861328
vt 0.8783322 0.6174143
vt 0.07519531 0.7861328
vt 0.9028128 0.6175107
vt 0.09863281 0.7861328
vt 0.92738956 0.6174154
vt 0.12158203 0.7861328
vt 0.95185953 0.6175107
vt 0.14453125 0.7861328
vt 0.97643644 0.61741525
vt 0.16748047 0.7861328
vt 1.0009031 0.6174921
vt 0.8286133 0.6174985
vt 0.19042969 0.7861328
vt 0.8535156 0.6174985
vt 0.21386719 0.7871094
vt 0.8779297 0.6184751
vt 0.2368164 0.7861328
vt 0.90234375 0.6174985
vt 0.25927734 0.7861328
vt 0.9267578 0.6174985
vt 0.28271484 0.7861328
vt 0.9511719 0.6174985
vt 0.9511719 0.6174985
vt 0.30566406 0.7861328
vt 0.9760742 0.6174985
vt 0.32861328 0.7861328
vt 1.0004883 0.6174985
vt 0.8286133 0.6174985
vt 0.3515625 0.7861328
vt 0.85302734 0.6174985
vt 0.37451172 0.7861328
vt 0.8774414 0.6174985
vt 0.39794922 0.7861328
vt 0.90185547 0.6174985
vt 0.42089844 0.7861328
vt 0.9267578 0.6174985
vt 0.44384766 0.7861328
vt 0.9511719 0.6174985
vt 0.46679688 0.7861328
vt 0.97558594 0.6174985
vt 0.4897461 0.7861328
vt 1 0.6174985
vt 0.90283203 0.6174985
vt 0.5131836 0.7861328
vt 0.9277344 0.6174985
vt 0.53564453 0.7861328
vt 0.95214844 0.6174985
f 2061/2061 2057/2057 2279/2279
f 2278/2278 2273/2273 2060/2060
f 2522/2522 2065/2065 2059/2059
f 2059/2059 2526/2526 2522/2522
f 2058/2058 2063/2063 2052/2052
f 2052/2052 2055/2055 2058/2058
f 2528/2528 2062/2062 2274/2274
f 2274/2274 2537/2537 2528/2528
f 2253/2253 2256/2256 2259/2259
f 2259/2259 2262/2262 2253/2253
f 2261/2261 2258/2258 2368/2368
f 2368/2368 2363/2363 2261/2261
f 2079/2079 2082/2082 2073/2073
f 2073/2073 2076/2076 2079/2079
f 2288/2288 2283/2283 2081/2081
f 2081/2081 2078/2078 2288/2288
f 2235/2235 2238/2238 2241/2241
f 2241/2241 2244/2244 2235/2235
f 2243/2243 2240/2240 2360/2360
f 2360/2360 2355/2355 2243/2243
f 2097/2097 2100/2100 2091/2091
f 2091/2091 2094/2094 2097/2097
f 2296/2296 2291/2291 2099/2099
f 2099/2099 2096/2096 2296/2296
f 2217/2217 2220/2220 2223/2223
f 2223/2223 2226/2226 2217/2217
f 2225/2225 2222/2222 2352/2352
f 2352/2352 2347/2347 2225/2225
f 2304/2304 2299/2299 2117/2117
f 2117/2117 2114/2114 2304/2304
f 2115/2115 2118/2118 2109/2109
f 2109/2109 2112/2112 2115/2115
f 2207/2207 2204/2204 2344/2344
f 2344/2344 2339/2339 2207/2207
f 2199/2199 2202/2202 2205/2205
f 2205/2205 2208/2208 2199/2199
f 2307/2307 2135/2135 2132/2132
f 2132/2132 2312/2312 2307/2307
f 2133/2133 2136/2136 2127/2127
f 2127/2127 2130/2130 2133/2133
f 2189/2189 2186/2186 2336/2336
f 2336/2336 2331/2331 2189/2189
f 2181/2181 2184/2184 2187/2187
f 2187/2187 2190/2190 2181/2181
f 2320/2320 2315/2315 2153/2153
f 2153/2153 2150/2150 2320/2320
f 2328/2328 2323/2323 2171/2171
f 2171/2171 2168/2168 2328/2328
f 2151/2151 2154/2154 2145/2145
f 2145/2145 2148/2148 2151/2151
f 2163/2163 2166/2166 2169/2169
f 2169/2169 2172/2172 2163/2163
f 2266/2266 2270/2270 2524/2524
f 2254/2254 2266/2266 2524/2524
f 2064/2064 2521/2521 2266/2266
f 2254/2254 2064/2064 2266/2266
f 2594/2594 2543/2543 2064/2064
f 2064/2064 2254/2254 2594/2594
f 2592/2592 2594/2594 2254/2254
f 2254/2254 2263/2263 2592/2592
f 2589/2589 2592/2592 2263/2263
f 2263/2263 2236/2236 2589/2589
f 2587/2587 2589/2589 2236/2236
f 2263/2263 2507/2507 2248/2248
f 2236/2236 2263/2263 2248/2248
f 2236/2236 2248/2248 2509/2509
f 2248/2248 2252/2252 2509/2509
f 2236/2236 2245/2245 2587/2587
f 2585/2585 2587/2587 2245/2245
f 2245/2245 2218/2218 2585/2585
f 2583/2583 2585/2585 2218/2218
f 2245/2245 2493/2493 2230/2230
f 2218/2218 2245/2245 2230/2230
f 2218/2218 2230/2230 2495/2495
f 2230/2230 2234/2234 2495/2495
f 2218/2218 2227/2227 2583/2583
f 2581/2581 2583/2583 2227/2227
f 2227/2227 2200/2200 2581/2581
f 2579/2579 2581/2581 2200/2200
f 2227/2227 2479/2479 2212/2212
f 2200/2200 2227/2227 2212/2212
f 2200/2200 2212/2212 2481/2481
f 2212/2212 2216/2216 2481/2481
f 2200/2200 2209/2209 2579/2579
f 2577/2577 2579/2579 2209/2209
f 2209/2209 2182/2182 2577/2577
f 2574/2574 2577/2577 2182/2182
f 2209/2209 2465/2465 2194/2194
f 2182/2182 2209/2209 2194/2194
f 2182/2182 2194/2194 2467/2467
f 2194/2194 2198/2198 2467/2467
f 2182/2182 2191/2191 2574/2574
f 2572/2572 2574/2574 2191/2191
f 2191/2191 2164/2164 2572/2572
f 2569/2569 2572/2572 2164/2164
f 2191/2191 2451/2451 2176/2176
f 2164/2164 2191/2191 2176/2176
f 2164/2164 2176/2176 2453/2453
f 2176/2176 2180/2180 2453/2453
f 2164/2164 2173/2173 2569/2569
f 2567/2567 2569/2569 2173/2173
f 2173/2173 2146/2146 2567/2567
f 2565/2565 2567/2567 2146/2146
f 2173/2173 2437/2437 2158/2158
f 2146/2146 2173/2173 2158/2158
f 2146/2146 2158/2158 2439/2439
f 2158/2158 2162/2162 2439/2439
f 2146/2146 2156/2156 2565/2565
f 2156/2156 2427/2427 2140/2140
f 2565/2565 2156/2156 2128/2128
f 2128/2128 2156/2156 2140/2140
f 2128/2128 2563/2563 2565/2565
f 2128/2128 2140/2140 2144/2144
f 2128/2128 2144/2144 2540/2540
f 2561/2561 2563/2563 2128/2128
f 2128/2128 2137/2137 2561/2561
f 2558/2558 2561/2561 2137/2137
f 2137/2137 2110/2110 2558/2558
f 2556/2556 2558/2558 2110/2110
f 2137/2137 2411/2411 2122/2122
f 2110/2110 2137/2137 2122/2122
f 2110/2110 2122/2122 2413/2413
f 2122/2122 2126/2126 2413/2413
f 2110/2110 2119/2119 2556/2556
f 2554/2554 2556/2556 2119/2119
f 2119/2119 2092/2092 2554/2554
f 2552/2552 2554/2554 2092/2092
f 2119/2119 2397/2397 2104/2104
f 2092/2092 2119/2119 2104/2104
f 2092/2092 2104/2104 2399/2399
f 2104/2104 2108/2108 2399/2399
f 2092/2092 2101/2101 2552/2552
f 2550/2550 2552/2552 2101/2101
f 2101/2101 2074/2074 2550/2550
f 2548/2548 2550/2550 2074/2074
f 2101/2101 2383/2383 2086/2086
f 2074/2074 2101/2101 2086/2086
f 2074/2074 2086/2086 2385/2385
f 2086/2086 2090/2090 2385/2385
f 2074/2074 2083/2083 2548/2548
f 2546/2546 2548/2548 2083/2083
f 2083/2083 2053/2053 2546/2546
f 2542/2542 2546/2546 2053/2053
f 2053/2053 2066/2066 2542/2542
f 2053/2053 2083/2083 2068/2068
f 2083/2083 2369/2369 2068/2068
f 2053/2053 2068/2068 2371/2371
f 2068/2068 2072/2072 2371/2371
f 2265/2265 2523/2523 2527/2527
f 2527/2527 2267/2267 2265/2265
f 2267/2267 2529/2529 2538/2538
f 2538/2538 2535/2535 2267/2267
f 2265/2265 2267/2267 2268/2268
f 2268/2268 2267/2267 2535/2535
f 2535/2535 2533/2533 2268/2268
f 2268/2268 2269/2269 2265/2265
f 2268/2268 2533/2533 2531/2531
f 2269/2269 2268/2268 2539/2539
f 2531/2531 2539/2539 2268/2268
f 2539/2539 2525/2525 2269/2269
f 2255/2255 2525/2525 2539/2539
f 2539/2539 2257/2257 2255/2255
f 2257/2257 2539/2539 2531/2531
f 2531/2531 2367/2367 2257/2257
f 2532/2532 2534/2534 2536/2536
f 2272/2272 2532/2532 2536/2536
f 2272/2272 2366/2366 2532/2532
f 2366/2366 2530/2530 2532/2532
f 2276/2276 2374/2374 2376/2376
f 2282/2282 2276/2276 2376/2376
f 2282/2282 2376/2376 2380/2380
f 2376/2376 2378/2378 2380/2380
f 2514/2514 2516/2516 2518/2518
f 2362/2362 2514/2514 2518/2518
f 2362/2362 2358/2358 2514/2514
f 2358/2358 2512/2512 2514/2514
f 2286/2286 2388/2388 2390/2390
f 2290/2290 2286/2286 2390/2390
f 2290/2290 2390/2390 2394/2394
f 2390/2390 2392/2392 2394/2394
f 2500/2500 2502/2502 2504/2504
f 2354/2354 2500/2500 2504/2504
f 2354/2354 2350/2350 2500/2500
f 2350/2350 2498/2498 2500/2500
f 2294/2294 2402/2402 2404/2404
f 2298/2298 2294/2294 2404/2404
f 2298/2298 2404/2404 2408/2408
f 2404/2404 2406/2406 2408/2408
f 2486/2486 2488/2488 2490/2490
f 2346/2346 2486/2486 2490/2490
f 2346/2346 2342/2342 2486/2486
f 2342/2342 2484/2484 2486/2486
f 2302/2302 2416/2416 2418/2418
f 2306/2306 2302/2302 2418/2418
f 2306/2306 2418/2418 2422/2422
f 2418/2418 2420/2420 2422/2422
f 2472/2472 2474/2474 2476/2476
f 2338/2338 2472/2472 2476/2476
f 2338/2338 2334/2334 2472/2472
f 2334/2334 2470/2470 2472/2472
f 2310/2310 2428/2428 2430/2430
f 2314/2314 2310/2310 2430/2430
f 2314/2314 2430/2430 2434/2434
f 2430/2430 2432/2432 2434/2434
f 2458/2458 2460/2460 2462/2462
f 2330/2330 2458/2458 2462/2462
f 2330/2330 2326/2326 2458/2458
f 2326/2326 2456/2456 2458/2458
f 2318/2318 2442/2442 2444/2444
f 2322/2322 2318/2318 2444/2444
f 2322/2322 2444/2444 2448/2448
f 2444/2444 2446/2446 2448/2448
f 2370/2370 2084/2084 2080/2080
f 2080/2080 2373/2373 2370/2370
f 2373/2373 2080/2080 2284/2284
f 2067/2067 2370/2370 2373/2373
f 2284/2284 2381/2381 2373/2373
f 2069/2069 2373/2373 2381/2381
f 2373/2373 2069/2069 2067/2067
f 2381/2381 2379/2379 2069/2069
f 2067/2067 2069/2069 2070/2070
f 2070/2070 2069/2069 2379/2379
f 2379/2379 2377/2377 2070/2070
f 2070/2070 2071/2071 2067/2067
f 2070/2070 2377/2377 2375/2375
f 2071/2071 2070/2070 2382/2382
f 2375/2375 2382/2382 2070/2070
f 2382/2382 2372/2372 2071/2071
f 2054/2054 2372/2372 2382/2382
f 2382/2382 2056/2056 2054/2054
f 2056/2056 2382/2382 2375/2375
f 2375/2375 2277/2277 2056/2056
f 2508/2508 2264/2264 2260/2260
f 2260/2260 2511/2511 2508/2508
f 2511/2511 2260/2260 2364/2364
f 2247/2247 2508/2508 2511/2511
f 2364/2364 2519/2519 2511/2511
f 2249/2249 2511/2511 2519/2519
f 2511/2511 2249/2249 2247/2247
f 2519/2519 2517/2517 2249/2249
f 2247/2247 2249/2249 2250/2250
f 2250/2250 2249/2249 2517/2517
f 2517/2517 2515/2515 2250/2250
f 2250/2250 2251/2251 2247/2247
f 2250/2250 2515/2515 2513/2513
f 2251/2251 2250/2250 2520/2520
f 2513/2513 2520/2520 2250/2250
f 2520/2520 2510/2510 2251/2251
f 2237/2237 2510/2510 2520/2520
f 2520/2520 2239/2239 2237/2237
f 2239/2239 2520/2520 2513/2513
f 2513/2513 2359/2359 2239/2239
f 2384/2384 2102/2102 2098/2098
f 2098/2098 2387/2387 2384/2384
f 2387/2387 2098/2098 2292/2292
f 2085/2085 2384/2384 2387/2387
f 2292/2292 2395/2395 2387/2387
f 2087/2087 2387/2387 2395/2395
f 2387/2387 2087/2087 2085/2085
f 2395/2395 2393/2393 2087/2087
f 2085/2085 2087/2087 2088/2088
f 2088/2088 2087/2087 2393/2393
f 2393/2393 2391/2391 2088/2088
f 2088/2088 2089/2089 2085/2085
f 2088/2088 2391/2391 2389/2389
f 2089/2089 2088/2088 2396/2396
f 2389/2389 2396/2396 2088/2088
f 2396/2396 2386/2386 2089/2089
f 2075/2075 2386/2386 2396/2396
f 2396/2396 2077/2077 2075/2075
f 2077/2077 2396/2396 2389/2389
f 2389/2389 2287/2287 2077/2077
f 2494/2494 2246/2246 2242/2242
f 2242/2242 2497/2497 2494/2494
f 2497/2497 2242/2242 2356/2356
f 2229/2229 2494/2494 2497/2497
f 2356/2356 2505/2505 2497/2497
f 2231/2231 2497/2497 2505/2505
f 2497/2497 2231/2231 2229/2229
f 2505/2505 2503/2503 2231/2231
f 2229/2229 2231/2231 2232/2232
f 2232/2232 2231/2231 2503/2503
f 2503/2503 2501/2501 2232/2232
f 2232/2232 2233/2233 2229/2229
f 2232/2232 2501/2501 2499/2499
f 2233/2233 2232/2232 2506/2506
f 2499/2499 2506/2506 2232/2232
f 2506/2506 2496/2496 2233/2233
f 2219/2219 2496/2496 2506/2506
f 2506/2506 2221/2221 2219/2219
f 2221/2221 2506/2506 2499/2499
f 2499/2499 2351/2351 2221/2221
f 2398/2398 2120/2120 2116/2116
f 2116/2116 2401/2401 2398/2398
f 2401/2401 2116/2116 2300/2300
f 2103/2103 2398/2398 2401/2401
f 2300/2300 2409/2409 2401/2401
f 2105/2105 2401/2401 2409/2409
f 2401/2401 2105/2105 2103/2103
f 2409/2409 2407/2407 2105/2105
f 2103/2103 2105/2105 2106/2106
f 2106/2106 2105/2105 2407/2407
f 2407/2407 2405/2405 2106/2106
f 2106/2106 2107/2107 2103/2103
f 2106/2106 2405/2405 2403/2403
f 2107/2107 2106/2106 2410/2410
f 2403/2403 2410/2410 2106/2106
f 2410/2410 2400/2400 2107/2107
f 2093/2093 2400/2400 2410/2410
f 2410/2410 2095/2095 2093/2093
f 2095/2095 2410/2410 2403/2403
f 2403/2403 2295/2295 2095/2095
f 2480/2480 2228/2228 2224/2224
f 2224/2224 2483/2483 2480/2480
f 2483/2483 2224/2224 2348/2348
f 2211/2211 2480/2480 2483/2483
f 2348/2348 2491/2491 2483/2483
f 2213/2213 2483/2483 2491/2491
f 2483/2483 2213/2213 2211/2211
f 2491/2491 2489/2489 2213/2213
f 2211/2211 2213/2213 2214/2214
f 2214/2214 2213/2213 2489/2489
f 2489/2489 2487/2487 2214/2214
f 2214/2214 2215/2215 2211/2211
f 2214/2214 2487/2487 2485/2485
f 2215/2215 2214/2214 2492/2492
f 2485/2485 2492/2492 2214/2214
f 2492/2492 2482/2482 2215/2215
f 2201/2201 2482/2482 2492/2492
f 2492/2492 2203/2203 2201/2201
f 2203/2203 2492/2492 2485/2485
f 2485/2485 2343/2343 2203/2203
f 2412/2412 2138/2138 2134/2134
f 2134/2134 2415/2415 2412/2412
f 2415/2415 2134/2134 2308/2308
f 2121/2121 2412/2412 2415/2415
f 2308/2308 2423/2423 2415/2415
f 2123/2123 2415/2415 2423/2423
f 2415/2415 2123/2123 2121/2121
f 2423/2423 2421/2421 2123/2123
f 2121/2121 2123/2123 2124/2124
f 2124/2124 2123/2123 2421/2421
f 2421/2421 2419/2419 2124/2124
f 2124/2124 2125/2125 2121/2121
f 2124/2124 2419/2419 2417/2417
f 2125/2125 2124/2124 2424/2424
f 2417/2417 2424/2424 2124/2124
f 2424/2424 2414/2414 2125/2125
f 2111/2111 2414/2414 2424/2424
f 2424/2424 2113/2113 2111/2111
f 2113/2113 2424/2424 2417/2417
f 2417/2417 2303/2303 2113/2113
f 2466/2466 2210/2210 2206/2206
f 2206/2206 2469/2469 2466/2466
f 2469/2469 2206/2206 2340/2340
f 2193/2193 2466/2466 2469/2469
f 2340/2340 2477/2477 2469/2469
f 2195/2195 2469/2469 2477/2477
f 2469/2469 2195/2195 2193/2193
f 2477/2477 2475/2475 2195/2195
f 2193/2193 2195/2195 2196/2196
f 2196/2196 2195/2195 2475/2475
f 2475/2475 2473/2473 2196/2196
f 2196/2196 2197/2197 2193/2193
f 2196/2196 2473/2473 2471/2471
f 2197/2197 2196/2196 2478/2478
f 2471/2471 2478/2478 2196/2196
f 2478/2478 2468/2468 2197/2197
f 2183/2183 2468/2468 2478/2478
f 2478/2478 2185/2185 2183/2183
f 2185/2185 2478/2478 2471/2471
f 2471/2471 2335/2335 2185/2185
f 2429/2429 2311/2311 2131/2131
f 2131/2131 2436/2436 2429/2429
f 2436/2436 2131/2131 2129/2129
f 2431/2431 2429/2429 2436/2436
f 2129/2129 2541/2541 2436/2436
f 2436/2436 2142/2142 2431/2431
f 2142/2142 2436/2436 2541/2541
f 2541/2541 2143/2143 2142/2142
f 2433/2433 2431/2431 2142/2142
f 2142/2142 2143/2143 2139/2139
f 2142/2142 2141/2141 2433/2433
f 2139/2139 2141/2141 2142/2142
f 2435/2435 2433/2433 2141/2141
f 2425/2425 2141/2141 2139/2139
f 2141/2141 2425/2425 2435/2435
f 2316/2316 2435/2435 2425/2425
f 2139/2139 2426/2426 2425/2425
f 2425/2425 2152/2152 2316/2316
f 2152/2152 2425/2425 2426/2426
f 2426/2426 2155/2155 2152/2152
f 2452/2452 2192/2192 2188/2188
f 2188/2188 2455/2455 2452/2452
f 2455/2455 2188/2188 2332/2332
f 2175/2175 2452/2452 2455/2455
f 2332/2332 2463/2463 2455/2455
f 2177/2177 2455/2455 2463/2463
f 2455/2455 2177/2177 2175/2175
f 2463/2463 2461/2461 2177/2177
f 2175/2175 2177/2177 2178/2178
f 2178/2178 2177/2177 2461/2461
f 2461/2461 2459/2459 2178/2178
f 2178/2178 2179/2179 2175/2175
f 2178/2178 2459/2459 2457/2457
f 2179/2179 2178/2178 2464/2464
f 2457/2457 2464/2464 2178/2178
f 2464/2464 2454/2454 2179/2179
f 2165/2165 2454/2454 2464/2464
f 2464/2464 2167/2167 2165/2165
f 2167/2167 2464/2464 2457/2457
f 2457/2457 2327/2327 2167/2167
f 2438/2438 2174/2174 2170/2170
f 2170/2170 2441/2441 2438/2438
f 2441/2441 2170/2170 2324/2324
f 2157/2157 2438/2438 2441/2441
f 2324/2324 2449/2449 2441/2441
f 2159/2159 2441/2441 2449/2449
f 2441/2441 2159/2159 2157/2157
f 2449/2449 2447/2447 2159/2159
f 2157/2157 2159/2159 2160/2160
f 2160/2160 2159/2159 2447/2447
f 2447/2447 2445/2445 2160/2160
f 2160/2160 2161/2161 2157/2157
f 2160/2160 2445/2445 2443/2443
f 2161/2161 2160/2160 2450/2450
f 2443/2443 2450/2450 2160/2160
f 2450/2450 2440/2440 2161/2161
f 2147/2147 2440/2440 2450/2450
f 2450/2450 2149/2149 2147/2147
f 2149/2149 2450/2450 2443/2443
f 2443/2443 2319/2319 2149/2149
f 1996/1996 1998/1998 1994/1994
f 2547/2547 2544/2544 1996/1996
f 1994/1994 1995/1995 1996/1996
f 1996/1996 1995/1995 2547/2547
f 1995/1995 1994/1994 2000/2000
f 2549/2549 2547/2547 1995/1995
f 2000/2000 2001/2001 1995/1995
f 1995/1995 2001/2001 2549/2549
f 2001/2001 2000/2000 2002/2002
f 2551/2551 2549/2549 2001/2001
f 2002/2002 2003/2003 2001/2001
f 2001/2001 2003/2003 2551/2551
f 2003/2003 2002/2002 2004/2004
f 2553/2553 2551/2551 2003/2003
f 2004/2004 2005/2005 2003/2003
f 2003/2003 2005/2005 2553/2553
f 2005/2005 2004/2004 2006/2006
f 2555/2555 2553/2553 2005/2005
f 2006/2006 2007/2007 2005/2005
f 2005/2005 2007/2007 2555/2555
f 2007/2007 2006/2006 2008/2008
f 2557/2557 2555/2555 2007/2007
f 2008/2008 2009/2009 2007/2007
f 2007/2007 2009/2009 2557/2557
f 2009/2009 2008/2008 2010/2010
f 2559/2559 2557/2557 2009/2009
f 2010/2010 2012/2012 2009/2009
f 2009/2009 2012/2012 2559/2559
f 2047/2047 2045/2045 2048/2048
f 2593/2593 2591/2591 2047/2047
f 2048/2048 2049/2049 2047/2047
f 2047/2047 2049/2049 2593/2593
f 2049/2049 2048/2048 2050/2050
f 2595/2595 2593/2593 2049/2049
f 2050/2050 2051/2051 2049/2049
f 2049/2049 2051/2051 2595/2595
f 2051/2051 2050/2050 1999/1999
f 2545/2545 2595/2595 2051/2051
f 1999/1999 1997/1997 2051/2051
f 2051/2051 1997/1997 2545/2545
f 2562/2562 2560/2560 2013/2013
f 2013/2013 2015/2015 2562/2562
f 2564/2564 2562/2562 2015/2015
f 2013/2013 2011/2011 2014/2014
f 2014/2014 2015/2015 2013/2013
f 2015/2015 2017/2017 2564/2564
f 2017/2017 2015/2015 2014/2014
f 2014/2014 2016/2016 2017/2017
f 2566/2566 2564/2564 2017/2017
f 2017/2017 2016/2016 2018/2018
f 2017/2017 2019/2019 2566/2566
f 2018/2018 2019/2019 2017/2017
f 2568/2568 2566/2566 2019/2019
f 2019/2019 2018/2018 2020/2020
f 2019/2019 2021/2021 2568/2568
f 2020/2020 2021/2021 2019/2019
f 2570/2570 2568/2568 2021/2021
f 2021/2021 2020/2020 2022/2022
f 2021/2021 2024/2024 2570/2570
f 2022/2022 2024/2024 2021/2021
f 2578/2578 2576/2576 2031/2031
f 2031/2031 2029/2029 2032/2032
f 2031/2031 2033/2033 2578/2578
f 2032/2032 2033/2033 2031/2031
f 2580/2580 2578/2578 2033/2033
f 2033/2033 2032/2032 2034/2034
f 2033/2033 2035/2035 2580/2580
f 2034/2034 2035/2035 2033/2033
f 2582/2582 2580/2580 2035/2035
f 2035/2035 2034/2034 2036/2036
f 2035/2035 2037/2037 2582/2582
f 2036/2036 2037/2037 2035/2035
f 2584/2584 2582/2582 2037/2037
f 2037/2037 2036/2036 2038/2038
f 2037/2037 2039/2039 2584/2584
f 2038/2038 2039/2039 2037/2037
f 2586/2586 2584/2584 2039/2039
f 2039/2039 2038/2038 2040/2040
f 2039/2039 2041/2041 2586/2586
f 2040/2040 2041/2041 2039/2039
f 2588/2588 2586/2586 2041/2041
f 2041/2041 2040/2040 2042/2042
f 2041/2041 2043/2043 2588/2588
f 2042/2042 2043/2043 2041/2041
f 2590/2590 2588/2588 2043/2043
f 2043/2043 2042/2042 2044/2044
f 2043/2043 2046/2046 2590/2590
f 2044/2044 2046/2046 2043/2043
f 2573/2573 2571/2571 2025/2025
f 2025/2025 2023/2023 2026/2026
f 2025/2025 2027/2027 2573/2573
f 2026/2026 2027/2027 2025/2025
f 2575/2575 2573/2573 2027/2027
f 2027/2027 2026/2026 2028/2028
f 2027/2027 2030/2030 2575/2575
f 2028/2028 2030/2030 2027/2027
f 2271/2271 2275/2275 2280/2280
f 2365/2365 2271/2271 2280/2280
f 2275/2275 2281/2281 2280/2280
f 2361/2361 2365/2365 2280/2280
f 2281/2281 2285/2285 2280/2280
f 2357/2357 2361/2361 2280/2280
f 2285/2285 2289/2289 2280/2280
f 2353/2353 2357/2357 2280/2280
f 2289/2289 2293/2293 2280/2280
f 2349/2349 2353/2353 2280/2280
f 2293/2293 2297/2297 2280/2280
f 2345/2345 2349/2349 2280/2280
f 2297/2297 2301/2301 2280/2280
f 2341/2341 2345/2345 2280/2280
f 2301/2301 2305/2305 2280/2280
f 2337/2337 2341/2341 2280/2280
f 2305/2305 2309/2309 2280/2280
f 2333/2333 2337/2337 2280/2280
f 2309/2309 2313/2313 2280/2280
f 2329/2329 2333/2333 2280/2280
f 2313/2313 2317/2317 2280/2280
f 2325/2325 2329/2329 2280/2280
f 2317/2317 2321/2321 2280/2280
f 2321/2321 2325/2325 2280/2280
o mi_aserai_tower_2.lod5
v 0.2142929 -0.35616538 0.31615004
v 0.2142929 -0.35616538 0.31615004
v 0.2142929 -0.35616538 0.31615004
v 0.2142929 -0.35616538 0.31615004
v 0.3950636 -0.1403877 -0.85573864
v 0.3950636 -0.1403877 -0.85573864
v 0.39506355 -0.14038768 0.31615052
v 0.39506355 -0.14038768 0.31615052
v 0.39506355 -0.14038768 0.31615052
v 0.39506355 -0.14038768 0.31615052
v 0.2142929 -0.35616538 -0.85573864
v 0.2142929 -0.35616538 -0.85573864
v -0.06288498 -0.405263 0.31615004
v -0.06288498 -0.405263 0.31615004
v -0.06288498 -0.405263 0.31615004
v -0.06288498 -0.405263 0.31615004
v -0.06288498 -0.40526295 -0.85573864
v -0.06288498 -0.40526295 -0.85573864
v -0.3071894 0.2643259 0.31615052
v -0.3071894 0.2643259 0.31615052
v -0.3071894 0.2643259 0.31615052
v -0.3071894 0.2643259 0.31615052
v -0.3071894 0.26432583 -0.85573864
v -0.3071894 0.26432583 -0.85573864
v -0.40325868 -0.00026587068 0.31615052
v -0.40325868 -0.00026587068 0.31615052
v -0.40325868 -0.00026587068 0.31615052
v -0.40325868 -0.00026587068 0.31615052
v -0.40325862 -0.00026585907 -0.85573864
v -0.40325862 -0.00026585907 -0.85573864
v -0.06351962 0.405263 0.31615052
v -0.06351962 0.405263 0.31615052
v -0.06351962 0.405263 0.31615052
v -0.06351962 0.405263 0.31615052
v -0.06351963 0.405263 -0.85573864
v -0.06351963 0.405263 -0.85573864
v 0.21373455 0.3565987 0.31615052
v 0.21373455 0.3565987 0.31615052
v 0.21373455 0.3565987 0.31615052
v 0.21373455 0.3565987 0.31615052
v 0.21373451 0.3565987 -0.85573864
v 0.21373451 0.3565987 -0.85573864
v 0.39484298 0.14110428 -0.85573864
v 0.39484298 0.14110428 -0.85573864
v 0.39484295 0.14110431 0.31615052
v 0.39484295 0.14110431 0.31615052
v 0.39484295 0.14110431 0.31615052
v 0.39484295 0.14110431 0.31615052
v -0.30677515 -0.2647072 0.31615052
v -0.30677515 -0.2647072 0.31615052
v -0.30677515 -0.2647072 0.31615052
v -0.30677515 -0.2647072 0.31615052
v -0.3067751 -0.26470727 -0.85573864
v -0.3067751 -0.26470727 -0.85573864
v 0.21429288 -0.35616535 1.054336
v 0.21429288 -0.35616535 1.054336
v 0.21429288 -0.35616535 1.054336
v 0.21429288 -0.35616535 1.054336
v 0.39506355 -0.14038771 1.054336
v 0.39506355 -0.14038771 1.054336
v 0.39506355 -0.14038771 1.054336
v 0.39506355 -0.14038771 1.054336
v -0.06288497 -0.40526295 1.054336
v -0.06288497 -0.40526295 1.054336
v -0.06288497 -0.40526295 1.054336
v -0.06288497 -0.40526295 1.054336
v -0.30718938 0.26432583 1.054336
v -0.30718938 0.26432583 1.054336
v -0.30718938 0.26432583 1.054336
v -0.30718938 0.26432583 1.054336
v -0.40325865 -0.00026590392 1.054336
v -0.40325865 -0.00026590392 1.054336
v -0.40325865 -0.00026590392 1.054336
v -0.40325865 -0.00026590392 1.054336
v -0.06351962 0.405263 1.054336
v -0.06351962 0.405263 1.054336
v -0.06351962 0.405263 1.054336
v -0.06351962 0.405263 1.054336
v 0.21373452 0.3565987 1.054336
v 0.21373452 0.3565987 1.054336
v 0.21373452 0.3565987 1.054336
v 0.21373452 0.3565987 1.054336
v 0.39484295 0.14110427 1.054336
v 0.39484295 0.14110427 1.054336
v 0.39484295 0.14110427 1.054336
v 0.39484295 0.14110427 1.054336
v -0.30677512 -0.26470727 1.054336
v -0.30677512 -0.26470727 1.054336
v -0.30677512 -0.26470727 1.054336
v -0.30677512 -0.26470727 1.054336
v 0.008256257 5.583599E-05 1.0457759
v -0.26966184 -0.27802035 1.1556442
v -0.18802276 -0.34066498 0.9870682
v -0.18802275 -0.34066498 1.1556442
v -0.26966184 -0.27802035 0.9870682
v 0.009070516 -0.3934765 1.1556435
v -0.09295269 -0.38004377 0.9870682
v 0.009070507 -0.3934765 0.9870682
v -0.09295269 -0.38004377 1.1556442
v 0.11109439 -0.38004413 1.1556435
v 0.20616433 -0.3406663 0.9870682
v 0.20616433 -0.3406663 1.1556435
v 0.11109439 -0.38004413 0.9870682
v 0.2878042 -0.2780206 1.1556431
v 0.35044724 -0.1963831 0.9870682
v 0.35044724 -0.19638313 1.1556431
v 0.28780416 -0.27802056 0.9870677
v 0.38982826 0.10273487 1.1556431
v 0.35044727 0.19780591 0.9870677
v 0.35044727 0.19780591 1.1556431
v 0.38982826 0.10273486 0.9870677
v 0.28780603 0.2794425 1.1556431
v 0.20616649 0.34208623 0.9870677
v 0.20616569 0.34208673 1.1556431
v 0.28780603 0.2794425 0.9870677
v 0.11109647 0.38146526 1.1556431
v 0.009073229 0.39489776 0.9870682
v 0.009073237 0.39489776 1.1556431
v 0.11109646 0.38146526 0.9870677
v -0.092951216 0.38146785 1.1556431
v -0.18802163 0.34208813 0.9870677
v -0.18802163 0.34208813 1.1556431
v -0.092951216 0.38146785 0.9870677
v -0.33230352 0.19780393 1.1556431
v -0.26966047 0.27944493 0.9870682
v -0.33230352 0.19780394 0.9870677
v -0.26966047 0.2794449 1.1556431
v -0.38511634 0.00071098475 1.1556442
v -0.37168276 0.10273238 0.9870682
v -0.38511634 0.00071097846 0.9870682
v -0.37168276 0.10273239 1.1556442
v -0.33230636 -0.19638138 1.1556442
v -0.37168598 -0.10131071 0.9870682
v -0.33230636 -0.19638138 0.9870682
v -0.37168598 -0.1013107 1.1556442
v 0.38978305 -0.10157869 1.1556442
v 0.40325868 0.0007107064 0.9870682
v 0.40325868 0.00071071263 1.1556435
v 0.38969317 -0.10157412 0.9764738
v -0.1837005 -0.3350322 1.1567713
v -0.18370052 -0.3350322 0.98819524
v -0.26533958 -0.27238756 1.1567713
v -0.26533958 -0.27238756 0.98819524
v 0.009997325 -0.3864372 1.1567706
v -0.092025876 -0.37300453 0.98819524
v -0.092025876 -0.37300453 1.1567713
v 0.009997315 -0.3864372 0.98819524
v 0.20344737 -0.33410674 0.98819524
v 0.10837743 -0.37348455 1.1567706
v 0.20344737 -0.33410674 1.1567706
v 0.10837743 -0.37348455 0.98819524
v 0.34481445 -0.19206089 1.1567702
v 0.34481445 -0.19206089 0.98819524
v 0.28217137 -0.27369833 1.1567702
v 0.28217137 -0.27369833 0.98819476
v 0.34388775 0.19508879 1.1567702
v 0.34388775 0.19508879 0.98819476
v 0.38326874 0.10001775 1.1567702
v 0.38326874 0.10001775 0.98819476
v 0.2018435 0.3364539 1.1567702
v 0.2018443 0.33645338 0.98819476
v 0.28348383 0.2738097 1.1567702
v 0.28348383 0.27380967 0.98819476
v 0.008146432 0.3878585 0.98819524
v 0.11016968 0.374426 1.1567702
v 0.008146442 0.3878585 1.1567702
v 0.11016966 0.374426 0.98819476
v -0.18530457 0.33552858 1.1567702
v -0.18530457 0.33552858 0.98819476
v -0.09023415 0.37490833 1.1567702
v -0.09023415 0.37490833 0.98819476
v -0.32667065 0.19348185 1.1567702
v -0.2640276 0.27512282 0.98819524
v -0.2640276 0.27512282 1.1567702
v -0.32667065 0.19348185 0.98819476
v -0.37807712 -0.00021590166 1.1567713
v -0.36464354 0.1018055 0.98819524
v -0.36464354 0.1018055 1.1567713
v -0.37807712 -0.00021590642 0.98819524
v -0.32574683 -0.19366431 1.1567713
v -0.32574683 -0.19366431 0.98819524
v -0.36512646 -0.09859365 1.1567713
v -0.36512646 -0.09859365 0.98819524
v 0.38274387 -0.100651346 1.1567749
v 0.39622033 0.0016441699 0.98819524
v 0.38265476 -0.10064103 0.9776045
v 0.39621952 0.0016380555 1.1567706
vt 0.9555664 0.62883615
vt 0.9555664 0.62883615
vt 0.4573054 0.70601165
vt 0.4573054 0.70601165
vt 0.99658203 0.7767739
vt 0.87109375 0.7754819
vt 0.99658203 0.62883615
vt 0.87109375 0.62754416
vt 0.49832103 0.70601165
vt 0.37283275 0.7050351
vt 0.9555664 0.7767739
vt 0.9555664 0.7767739
vt 0.91308594 0.62883615
vt 0.91308594 0.62883615
vt 0.41482493 0.70601165
vt 0.41482493 0.70601165
vt 0.91308594 0.7767739
vt 0.91308594 0.7767739
vt 0.95410156 0.623668
vt 0.95410156 0.623668
vt 0.45584056 0.7021054
vt 0.45584056 0.7021054
vt 0.95410156 0.7716058
vt 0.95410156 0.7716058
vt 0.99658203 0.623668
vt 0.8261719 0.62883615
vt 0.4988093 0.7021054
vt 0.32839915 0.70601165
vt 0.99658203 0.7716058
vt 0.8261719 0.7767739
vt 0.91064453 0.623668
vt 0.91064453 0.623668
vt 0.41238353 0.7021054
vt 0.41238353 0.7021054
vt 0.91064453 0.7716058
vt 0.91064453 0.7716058
vt 0.86865234 0.623668
vt 0.86865234 0.623668
vt 0.36990306 0.7021054
vt 0.36990306 0.7021054
vt 0.86865234 0.7716058
vt 0.86865234 0.7716058
vt 0.9121094 0.7754819
vt 0.82714844 0.7716058
vt 0.9121094 0.62754416
vt 0.82714844 0.623668
vt 0.41384837 0.7050351
vt 0.32839915 0.7021054
vt 0.8696289 0.62883615
vt 0.8696289 0.62883615
vt 0.3713679 0.70601165
vt 0.3713679 0.70601165
vt 0.8696289 0.7767739
vt 0.8696289 0.7767739
vt 0.4573054 0.59419525
vt 0.4573054 0.59419525
vt 0.80211294 0.8487166
vt 0.80211294 0.8487166
vt 0.49832103 0.59419525
vt 0.37283275 0.5932187
vt 0.82457155 0.8205398
vt 0.82457155 0.8205398
vt 0.41482493 0.59419525
vt 0.41482493 0.59419525
vt 0.76768214 0.8551223
vt 0.76768214 0.8551223
vt 0.45584056 0.590289
vt 0.45584056 0.590289
vt 0.73733544 0.76769495
vt 0.73733544 0.76769495
vt 0.4988093 0.590289
vt 0.32839915 0.59419525
vt 0.72540265 0.8022472
vt 0.72540265 0.8022472
vt 0.41238353 0.590289
vt 0.41238353 0.590289
vt 0.7676078 0.74929476
vt 0.7676078 0.74929476
vt 0.36990306 0.590289
vt 0.36990306 0.590289
vt 0.80204356 0.7556519
vt 0.80204356 0.7556519
vt 0.41384837 0.5932187
vt 0.32839915 0.590289
vt 0.82453966 0.78378373
vt 0.82453966 0.78378373
vt 0.3713679 0.59419525
vt 0.3713679 0.59419525
vt 0.7373914 0.8367721
vt 0.7373914 0.8367721
vt 0.7765208 0.80220264
vt 0.40709686 0.58509135
vt 0.44220567 0.5670948
vt 0.42674077 0.5838791
vt 0.39960587 0.56515837
vt 0.34493002 0.56332856
vt 0.33206686 0.57906735
vt 0.34493002 0.57906735
vt 0.33206686 0.56332856
vt 0.35779282 0.56332856
vt 0.3706557 0.57906735
vt 0.3706557 0.56332856
vt 0.35779282 0.57906735
vt 0.38351908 0.56332856
vt 0.39638337 0.57906735
vt 0.39638337 0.56332856
vt 0.38351908 0.57906735
vt 0.4349846 0.56332856
vt 0.44785348 0.57906735
vt 0.44785348 0.56332856
vt 0.4349846 0.57906735
vt 0.46072248 0.56332856
vt 0.4735907 0.57906735
vt 0.4735907 0.56332856
vt 0.46072248 0.57906735
vt 0.4864579 0.56332856
vt 0.4993237 0.57906735
vt 0.4993237 0.56332856
vt 0.4864579 0.57906735
vt 0.38347772 0.5633704
vt 0.39634112 0.5791092
vt 0.39634112 0.5633704
vt 0.38347772 0.5791092
vt 0.42206672 0.5633704
vt 0.40920386 0.5791092
vt 0.42206672 0.5791092
vt 0.40920386 0.5633704
vt 0.44779393 0.5633704
vt 0.43493 0.5791092
vt 0.44779393 0.5791092
vt 0.43493 0.5633704
vt 0.47352347 0.5633704
vt 0.46065852 0.5791092
vt 0.47352347 0.5791092
vt 0.4606584 0.5633704
vt 0.4092156 0.56332856
vt 0.4221163 0.57906735
vt 0.4221163 0.56332856
vt 0.40921327 0.5800564
vt 0.42674077 0.5838791
vt 0.44220567 0.5670948
vt 0.40709686 0.58509135
vt 0.39960587 0.56515837
vt 0.34493002 0.56332856
vt 0.33206686 0.57906735
vt 0.33206686 0.56332856
vt 0.34493002 0.57906735
vt 0.3706557 0.57906735
vt 0.35779282 0.56332856
vt 0.3706557 0.56332856
vt 0.35779282 0.57906735
vt 0.39638337 0.56332856
vt 0.39638337 0.57906735
vt 0.38351908 0.56332856
vt 0.38351908 0.57906735
vt 0.44785348 0.56332856
vt 0.44785348 0.57906735
vt 0.4349846 0.56332856
vt 0.4349846 0.57906735
vt 0.4735907 0.56332856
vt 0.4735907 0.57906735
vt 0.46072248 0.56332856
vt 0.46072248 0.57906735
vt 0.4993237 0.57906735
vt 0.4864579 0.56332856
vt 0.4993237 0.56332856
vt 0.4864579 0.57906735
vt 0.39634112 0.5633704
vt 0.39634112 0.5791092
vt 0.38347772 0.5633704
vt 0.38347772 0.5791092
vt 0.42206672 0.5633704
vt 0.40920386 0.5791092
vt 0.40920386 0.5633704
vt 0.42206672 0.5791092
vt 0.44779393 0.5633704
vt 0.43493 0.5791092
vt 0.43493 0.5633704
vt 0.44779393 0.5791092
vt 0.47352347 0.5633704
vt 0.47352347 0.5791092
vt 0.4606584 0.5633704
vt 0.46065852 0.5791092
vt 0.4092156 0.56332856
vt 0.4221163 0.57906735
vt 0.40921327 0.5800564
vt 0.4221163 0.56332856
f 2715/2715 2716/2716 2717/2717
f 2716/2716 2715/2715 2718/2718
f 2765/2765 2764/2764 2766/2766
f 2763/2763 2764/2764 2765/2765
f 2767/2767 2768/2768 2769/2769
f 2768/2768 2767/2767 2770/2770
f 2720/2720 2719/2719 2722/2722
f 2719/2719 2720/2720 2721/2721
f 2759/2759 2760/2760 2761/2761
f 2760/2760 2759/2759 2762/2762
f 2711/2711 2712/2712 2713/2713
f 2712/2712 2711/2711 2714/2714
f 2771/2771 2772/2772 2773/2773
f 2772/2772 2771/2771 2774/2774
f 2724/2724 2723/2723 2726/2726
f 2723/2723 2724/2724 2725/2725
f 2707/2707 2708/2708 2709/2709
f 2708/2708 2707/2707 2710/2710
f 2757/2757 2756/2756 2758/2758
f 2755/2755 2756/2756 2757/2757
f 2777/2777 2776/2776 2778/2778
f 2775/2775 2776/2776 2777/2777
f 2728/2728 2727/2727 2730/2730
f 2727/2727 2728/2728 2729/2729
f 2703/2703 2704/2704 2705/2705
f 2704/2704 2703/2703 2706/2706
f 2753/2753 2752/2752 2754/2754
f 2751/2751 2752/2752 2753/2753
f 2688/2688 2687/2687 2690/2690
f 2687/2687 2688/2688 2689/2689
f 2737/2737 2736/2736 2738/2738
f 2735/2735 2736/2736 2737/2737
f 2731/2731 2732/2732 2733/2733
f 2732/2732 2731/2731 2734/2734
f 2780/2780 2779/2779 2782/2782
f 2779/2779 2780/2780 2781/2781
f 2739/2739 2740/2740 2741/2741
f 2740/2740 2739/2739 2742/2742
f 2692/2692 2691/2691 2694/2694
f 2691/2691 2692/2692 2693/2693
f 2699/2699 2700/2700 2701/2701
f 2700/2700 2699/2699 2702/2702
f 2749/2749 2748/2748 2750/2750
f 2747/2747 2748/2748 2749/2749
f 2744/2744 2743/2743 2746/2746
f 2743/2743 2744/2744 2745/2745
f 2696/2696 2695/2695 2698/2698
f 2695/2695 2696/2696 2697/2697
f 2600/2600 2596/2596 2606/2606
f 2596/2596 2600/2600 2602/2602
f 2638/2638 2603/2603 2601/2601
f 2603/2603 2638/2638 2640/2640
f 2637/2637 2641/2641 2639/2639
f 2641/2641 2637/2637 2633/2633
f 2604/2604 2650/2650 2598/2598
f 2650/2650 2604/2604 2654/2654
f 2629/2629 2674/2674 2634/2634
f 2674/2674 2629/2629 2671/2671
f 2622/2622 2662/2662 2616/2616
f 2662/2662 2622/2622 2666/2666
f 2647/2647 2667/2667 2623/2623
f 2667/2667 2647/2647 2683/2683
f 2675/2675 2643/2643 2635/2635
f 2679/2679 2643/2643 2675/2675
f 2678/2678 2605/2605 2642/2642
f 2655/2655 2605/2605 2678/2678
f 2663/2663 2628/2628 2617/2617
f 2670/2670 2628/2628 2663/2663
f 2651/2651 2610/2610 2599/2599
f 2658/2658 2610/2610 2651/2651
f 2659/2659 2646/2646 2611/2611
f 2682/2682 2646/2646 2659/2659
f 2609/2609 2648/2648 2613/2613
f 2644/2644 2648/2648 2609/2609
f 2627/2627 2636/2636 2631/2631
f 2632/2632 2636/2636 2627/2627
f 2645/2645 2625/2625 2649/2649
f 2621/2621 2625/2625 2645/2645
f 2615/2615 2630/2630 2619/2619
f 2626/2626 2630/2630 2615/2615
f 2620/2620 2618/2618 2624/2624
f 2614/2614 2618/2618 2620/2620
f 2597/2597 2612/2612 2607/2607
f 2608/2608 2612/2612 2597/2597
f 2669/2669 2685/2685 2686/2686
f 2652/2652 2656/2656 2686/2686
f 2660/2660 2653/2653 2686/2686
f 2664/2664 2668/2668 2686/2686
f 2672/2672 2665/2665 2686/2686
f 2676/2676 2673/2673 2686/2686
f 2657/2657 2680/2680 2686/2686
f 2681/2681 2677/2677 2686/2686
f 2684/2684 2661/2661 2686/2686
