tkid,StringId,bustup,minihead
0,lord_1_aoyama_tadanari,ProfileImage/0_lord_1_aoyama_tadanari_bustup_normal.png,ProfileImage/0_lord_1_aoyama_tadanari_minihead_normal.png
1,lord_1_akaike_nagatomo,ProfileImage/1_lord_1_akaike_nagatomo_bustup_normal.png,ProfileImage/1_lord_1_akaike_nagatomo_minihead_normal.png
2,lord_1_akai_naomasa,ProfileImage/2_lord_1_akai_naomasa_bustup_normal.png,ProfileImage/2_lord_1_akai_naomasa_minihead_normal.png
3,lord_1_anzai_matasuke,ProfileImage/3_lord_1_anzai_matasuke_bustup_normal.png,ProfileImage/3_lord_1_anzai_matasuke_minihead_normal.png
4,lord_1_akao,ProfileImage/4_lord_1_akao_bustup_normal.png,ProfileImage/4_lord_1_akao_minihead_normal.png
5,lord_1_akashi_2,ProfileImage/5_lord_1_akashi_2_bustup_normal.png,ProfileImage/5_lord_1_akashi_2_minihead_normal.png
6,lord_1_akana_sanekiyo,ProfileImage/6_lord_1_akana_sanekiyo_bustup_normal.png,ProfileImage/6_lord_1_akana_sanekiyo_minihead_normal.png
7,lord_1_akamatsu_torashige,ProfileImage/7_lord_1_akamatsu_torashige_bustup_normal.png,ProfileImage/7_lord_1_akamatsu_torashige_minihead_normal.png
8,lord_1_akamatsu,ProfileImage/8_lord_1_akamatsu_bustup_normal.png,ProfileImage/8_lord_1_akamatsu_minihead_normal.png
9,lord_1_akiue_hisaya,ProfileImage/9_lord_1_akiue_hisaya_bustup_normal.png,ProfileImage/9_lord_1_akiue_hisaya_minihead_normal.png
10,lord_1_aki,ProfileImage/10_lord_1_aki_bustup_normal.png,ProfileImage/10_lord_1_aki_minihead_normal.png
11,lord_1_akita_sanesue,ProfileImage/11_lord_1_akita_sanesue_bustup_normal.png,ProfileImage/11_lord_1_akita_sanesue_minihead_normal.png
12,lord_1_akiyama_torashige,ProfileImage/12_lord_1_akiyama_torashige_bustup_normal.png,ProfileImage/12_lord_1_akiyama_torashige_minihead_normal.png
13,lord_1_akechi_6,ProfileImage/13_lord_1_akechi_6_bustup_normal.png,ProfileImage/13_lord_1_akechi_6_minihead_normal.png
14,lord_1_akechi,ProfileImage/14_lord_1_akechi_bustup_normal.png,ProfileImage/14_lord_1_akechi_minihead_normal.png
15,lord_1_azai_ujitsuna,ProfileImage/15_lord_1_azai_ujitsuna_bustup_normal.png,ProfileImage/15_lord_1_azai_ujitsuna_minihead_normal.png
16,lord_1_azai,ProfileImage/16_lord_1_azai_bustup_normal.png,ProfileImage/16_lord_1_azai_minihead_normal.png
17,lord_1_azai_2,ProfileImage/17_lord_1_azai_2_bustup_normal.png,ProfileImage/17_lord_1_azai_2_minihead_normal.png
18,lord_1_asakura_2,ProfileImage/18_lord_1_asakura_2_bustup_normal.png,ProfileImage/18_lord_1_asakura_2_minihead_normal.png
19,lord_1_asakura_morinari,ProfileImage/19_lord_1_asakura_morinari_bustup_normal.png,ProfileImage/19_lord_1_asakura_morinari_minihead_normal.png
20,lord_1_asakura_ryosei,ProfileImage/20_lord_1_asakura_ryosei_bustup_normal.png,ProfileImage/20_lord_1_asakura_ryosei_minihead_normal.png
21,lord_1_asakura_tadamasa,ProfileImage/21_lord_1_asakura_tadamasa_bustup_normal.png,ProfileImage/21_lord_1_asakura_tadamasa_minihead_normal.png
22,lord_1_asakura_kakubei,ProfileImage/22_lord_1_asakura_kakubei_bustup_normal.png,ProfileImage/22_lord_1_asakura_kakubei_minihead_normal.png
23,lord_1_asakura,ProfileImage/23_lord_1_asakura_bustup_normal.png,ProfileImage/23_lord_1_asakura_minihead_normal.png
24,lord_1_asano_nagashige,ProfileImage/24_lord_1_asano_nagashige_bustup_normal.png,ProfileImage/24_lord_1_asano_nagashige_minihead_normal.png
25,lord_1_asano_nagamasa,ProfileImage/25_lord_1_asano_nagamasa_bustup_normal.png,ProfileImage/25_lord_1_asano_nagamasa_minihead_normal.png
26,lord_1_asano_yukinaga,ProfileImage/26_lord_1_asano_yukinaga_bustup_normal.png,ProfileImage/26_lord_1_asano_yukinaga_minihead_normal.png
27,lord_1_asahina,ProfileImage/27_lord_1_asahina_bustup_normal.png,ProfileImage/27_lord_1_asahina_minihead_normal.png
28,lord_1_asari,ProfileImage/28_lord_1_asari_bustup_normal.png,ProfileImage/28_lord_1_asari_minihead_normal.png
29,lord_1_ashikaga,ProfileImage/29_lord_1_ashikaga_bustup_normal.png,ProfileImage/29_lord_1_ashikaga_minihead_normal.png
30,lord_1_kogakubo,ProfileImage/30_lord_1_kogakubo_bustup_normal.png,ProfileImage/30_lord_1_kogakubo_minihead_normal.png
31,dead_lord_1_ashikaga_4,ProfileImage/31_dead_lord_1_ashikaga_4_bustup_normal.png,ProfileImage/31_dead_lord_1_ashikaga_4_minihead_normal.png
32,lord_1_ashina_2,ProfileImage/32_lord_1_ashina_2_bustup_normal.png,ProfileImage/32_lord_1_ashina_2_minihead_normal.png
33,lord_1_ashina,ProfileImage/33_lord_1_ashina_bustup_normal.png,ProfileImage/33_lord_1_ashina_minihead_normal.png
34,lord_1_ashina_katsushige,ProfileImage/34_lord_1_ashina_katsushige_bustup_normal.png,ProfileImage/34_lord_1_ashina_katsushige_minihead_normal.png
35,lord_1_ashina_ekketsusai,ProfileImage/35_lord_1_ashina_ekketsusai_bustup_normal.png,ProfileImage/35_lord_1_ashina_ekketsusai_minihead_normal.png
36,lord_1_aso,ProfileImage/36_lord_1_aso_bustup_normal.png,ProfileImage/36_lord_1_aso_minihead_normal.png
37,lord_1_atagi,ProfileImage/37_lord_1_atagi_bustup_normal.png,ProfileImage/37_lord_1_atagi_minihead_normal.png
38,dead_lord_1_atagi_2,ProfileImage/38_dead_lord_1_atagi_2_bustup_normal.png,ProfileImage/38_dead_lord_1_atagi_2_minihead_normal.png
39,lord_1_atobe_katsusuke,ProfileImage/39_lord_1_atobe_katsusuke_bustup_normal.png,ProfileImage/39_lord_1_atobe_katsusuke_minihead_normal.png
40,lord_1_anayama_shigehide,ProfileImage/40_lord_1_anayama_shigehide_bustup_normal.png,ProfileImage/40_lord_1_anayama_shigehide_minihead_normal.png
41,lord_1_anayama_akisane,ProfileImage/41_lord_1_anayama_akisane_bustup_normal.png,ProfileImage/41_lord_1_anayama_akisane_minihead_normal.png
42,lord_1_anekouji_2,ProfileImage/42_lord_1_anekouji_2_bustup_normal.png,ProfileImage/42_lord_1_anekouji_2_minihead_normal.png
43,lord_1_abe_masatsugu,ProfileImage/43_lord_1_abe_masatsugu_bustup_normal.png,ProfileImage/43_lord_1_abe_masatsugu_minihead_normal.png
44,lord_1_amago,ProfileImage/44_lord_1_amago_bustup_normal.png,ProfileImage/44_lord_1_amago_minihead_normal.png
45,lord_1_amago_haruhisa,ProfileImage/45_lord_1_amago_haruhisa_bustup_normal.png,ProfileImage/45_lord_1_amago_haruhisa_minihead_normal.png
46,lord_1_amago_yoshihisa,ProfileImage/46_lord_1_amago_yoshihisa_bustup_normal.png,ProfileImage/46_lord_1_amago_yoshihisa_minihead_normal.png
47,lord_1_amano,ProfileImage/47_lord_1_amano_bustup_normal.png,ProfileImage/47_lord_1_amano_minihead_normal.png
48,lord_1_amano_yasukage,ProfileImage/48_lord_1_amano_yasukage_bustup_normal.png,ProfileImage/48_lord_1_amano_yasukage_minihead_normal.png
49,lord_1_amamori_yahei,ProfileImage/49_lord_1_amamori_yahei_bustup_normal.png,ProfileImage/49_lord_1_amamori_yahei_minihead_normal.png
50,lord_1_ayukabe_muneshige,ProfileImage/50_lord_1_ayukabe_muneshige_bustup_normal.png,ProfileImage/50_lord_1_ayukabe_muneshige_minihead_normal.png
51,lord_1_araki_ujitsuna,ProfileImage/51_lord_1_araki_ujitsuna_bustup_normal.png,ProfileImage/51_lord_1_araki_ujitsuna_minihead_normal.png
52,lord_1_araki_murashige,ProfileImage/52_lord_1_araki_murashige_bustup_normal.png,ProfileImage/52_lord_1_araki_murashige_minihead_normal.png
53,lord_1_arima_6,ProfileImage/53_lord_1_arima_6_bustup_normal.png,ProfileImage/53_lord_1_arima_6_minihead_normal.png
54,lord_1_ankokuji_ekei,ProfileImage/54_lord_1_ankokuji_ekei_bustup_normal.png,ProfileImage/54_lord_1_ankokuji_ekei_minihead_normal.png
55,lord_1_ando_takatsune,ProfileImage/55_lord_1_ando_takatsune_bustup_normal.png,ProfileImage/55_lord_1_ando_takatsune_minihead_normal.png
56,lord_1_ando,ProfileImage/56_lord_1_ando_bustup_normal.png,ProfileImage/56_lord_1_ando_minihead_normal.png
57,lord_1_andoo_naotsugu,ProfileImage/57_lord_1_andoo_naotsugu_bustup_normal.png,ProfileImage/57_lord_1_andoo_naotsugu_minihead_normal.png
58,lord_1_andoo_morinari,ProfileImage/58_lord_1_andoo_morinari_bustup_normal.png,ProfileImage/58_lord_1_andoo_morinari_minihead_normal.png
59,lord_1_andoo_yoshinari,ProfileImage/59_lord_1_andoo_yoshinari_bustup_normal.png,ProfileImage/59_lord_1_andoo_yoshinari_minihead_normal.png
60,lord_1_iio_tsuratatsu,ProfileImage/60_lord_1_iio_tsuratatsu_bustup_normal.png,ProfileImage/60_lord_1_iio_tsuratatsu_minihead_normal.png
61,lord_1_iida_kakubee,ProfileImage/61_lord_1_iida_kakubee_bustup_normal.png,ProfileImage/61_lord_1_iida_kakubee_minihead_normal.png
62,lord_1_ii_3,ProfileImage/62_lord_1_ii_3_bustup_normal.png,ProfileImage/62_lord_1_ii_3_minihead_normal.png
63,lord_1_igasaki_doshun,ProfileImage/63_lord_1_igasaki_doshun_bustup_normal.png,ProfileImage/63_lord_1_igasaki_doshun_minihead_normal.png
64,lord_1_igi_tadatsugu,ProfileImage/64_lord_1_igi_tadatsugu_bustup_normal.png,ProfileImage/64_lord_1_igi_tadatsugu_minihead_normal.png
65,lord_1_ikeda_nagai,ProfileImage/65_lord_1_ikeda_nagai_bustup_normal.png,ProfileImage/65_lord_1_ikeda_nagai_minihead_normal.png
66,lord_1_ikeda,ProfileImage/66_lord_1_ikeda_bustup_normal.png,ProfileImage/66_lord_1_ikeda_minihead_normal.png
67,lord_1_ikeda_5,ProfileImage/67_lord_1_ikeda_5_bustup_normal.png,ProfileImage/67_lord_1_ikeda_5_minihead_normal.png
68,lord_1_ikeda_4,ProfileImage/68_lord_1_ikeda_4_bustup_normal.png,ProfileImage/68_lord_1_ikeda_4_minihead_normal.png
69,lord_1_ike_yorikazu,ProfileImage/69_lord_1_ike_yorikazu_bustup_normal.png,ProfileImage/69_lord_1_ike_yorikazu_minihead_normal.png
70,lord_1_ikoma_chikamasa,ProfileImage/70_lord_1_ikoma_chikamasa_bustup_normal.png,ProfileImage/70_lord_1_ikoma_chikamasa_minihead_normal.png
71,lord_1_ishikawa_akimitsu,ProfileImage/71_lord_1_ishikawa_akimitsu_bustup_normal.png,ProfileImage/71_lord_1_ishikawa_akimitsu_minihead_normal.png
72,lord_1_ishikawa_kazumasa,ProfileImage/72_lord_1_ishikawa_kazumasa_bustup_normal.png,ProfileImage/72_lord_1_ishikawa_kazumasa_minihead_normal.png
73,lord_1_ishikawa_goemon,ProfileImage/73_lord_1_ishikawa_goemon_bustup_normal.png,ProfileImage/73_lord_1_ishikawa_goemon_minihead_normal.png
74,lord_1_ishikawa_takanobu,ProfileImage/74_lord_1_ishikawa_takanobu_bustup_normal.png,ProfileImage/74_lord_1_ishikawa_takanobu_minihead_normal.png
75,lord_1_ishida_mitsunari,ProfileImage/75_lord_1_ishida_mitsunari_bustup_normal.png,ProfileImage/75_lord_1_ishida_mitsunari_minihead_normal.png
76,lord_1_ishimoda_kagenori,ProfileImage/76_lord_1_ishimoda_kagenori_bustup_normal.png,ProfileImage/76_lord_1_ishimoda_kagenori_minihead_normal.png
77,lord_1_ijuin,ProfileImage/77_lord_1_ijuin_bustup_normal.png,ProfileImage/77_lord_1_ijuin_minihead_normal.png
78,lord_1_ijuin_2,ProfileImage/78_lord_1_ijuin_2_bustup_normal.png,ProfileImage/78_lord_1_ijuin_2_minihead_normal.png
79,lord_1_isshin_sogen,ProfileImage/79_lord_1_isshin_sogen_bustup_normal.png,ProfileImage/79_lord_1_isshin_sogen_minihead_normal.png
80,lord_1_isono,ProfileImage/80_lord_1_isono_bustup_normal.png,ProfileImage/80_lord_1_isono_minihead_normal.png
81,lord_1_itakura_katsushige,ProfileImage/81_lord_1_itakura_katsushige_bustup_normal.png,ProfileImage/81_lord_1_itakura_katsushige_minihead_normal.png
82,lord_1_itabeoka_ekketsusai,ProfileImage/82_lord_1_itabeoka_ekketsusai_bustup_normal.png,ProfileImage/82_lord_1_itabeoka_ekketsusai_minihead_normal.png
83,lord_1_itami_yasunao,ProfileImage/83_lord_1_itami_yasunao_bustup_normal.png,ProfileImage/83_lord_1_itami_yasunao_minihead_normal.png
84,lord_1_ichikawa_tsuneyoshi,ProfileImage/84_lord_1_ichikawa_tsuneyoshi_bustup_normal.png,ProfileImage/84_lord_1_ichikawa_tsuneyoshi_minihead_normal.png
85,lord_1_ichikuri_bangyu,ProfileImage/85_lord_1_ichikuri_bangyu_bustup_normal.png,ProfileImage/85_lord_1_ichikuri_bangyu_minihead_normal.png
86,lord_1_ichijo,ProfileImage/86_lord_1_ichijo_bustup_normal.png,ProfileImage/86_lord_1_ichijo_minihead_normal.png
87,lord_1_ichijo_nagatoki,ProfileImage/87_lord_1_ichijo_nagatoki_bustup_normal.png,ProfileImage/87_lord_1_ichijo_nagatoki_minihead_normal.png
88,lord_1_iichiji_shigeoki,ProfileImage/88_lord_1_iichiji_shigeoki_bustup_normal.png,ProfileImage/88_lord_1_iichiji_shigeoki_minihead_normal.png
89,lord_1_iichiji_shigehide,ProfileImage/89_lord_1_iichiji_shigehide_bustup_normal.png,ProfileImage/89_lord_1_iichiji_shigehide_minihead_normal.png
90,lord_1_ichimada_akizane,ProfileImage/90_lord_1_ichimada_akizane_bustup_normal.png,ProfileImage/90_lord_1_ichimada_akizane_minihead_normal.png
91,lord_1_issiki_5,ProfileImage/91_lord_1_issiki_5_bustup_normal.png,ProfileImage/91_lord_1_issiki_5_minihead_normal.png
92,lord_1_issiki_4,ProfileImage/92_lord_1_issiki_4_bustup_normal.png,ProfileImage/92_lord_1_issiki_4_minihead_normal.png
93,lord_1_issiki,ProfileImage/93_lord_1_issiki_bustup_normal.png,ProfileImage/93_lord_1_issiki_minihead_normal.png
94,lord_1_deura_morikiyo,ProfileImage/94_lord_1_deura_morikiyo_bustup_normal.png,ProfileImage/94_lord_1_deura_morikiyo_minihead_normal.png
95,lord_1_itoo_ittosai,ProfileImage/95_lord_1_itoo_ittosai_bustup_normal.png,ProfileImage/95_lord_1_itoo_ittosai_minihead_normal.png
96,lord_1_ito_sadachika,ProfileImage/96_lord_1_ito_sadachika_bustup_normal.png,ProfileImage/96_lord_1_ito_sadachika_minihead_normal.png
97,lord_1_itoo_sojuro,ProfileImage/97_lord_1_itoo_sojuro_bustup_normal.png,ProfileImage/97_lord_1_itoo_sojuro_minihead_normal.png
98,lord_1_ito_hoan,ProfileImage/98_lord_1_ito_hoan_bustup_normal.png,ProfileImage/98_lord_1_ito_hoan_minihead_normal.png
99,lord_1_ina_tadatsugu,ProfileImage/99_lord_1_ina_tadatsugu_bustup_normal.png,ProfileImage/99_lord_1_ina_tadatsugu_minihead_normal.png
100,lord_1_inatomi_ichimu,ProfileImage/100_lord_1_inatomi_ichimu_bustup_normal.png,ProfileImage/100_lord_1_inatomi_ichimu_minihead_normal.png
101,lord_1_inaba_ittetsu,ProfileImage/101_lord_1_inaba_ittetsu_bustup_normal.png,ProfileImage/101_lord_1_inaba_ittetsu_minihead_normal.png
102,lord_1_inaba_sadamichi,ProfileImage/102_lord_1_inaba_sadamichi_bustup_normal.png,ProfileImage/102_lord_1_inaba_sadamichi_minihead_normal.png
103,lord_1_inaba_masanari,ProfileImage/103_lord_1_inaba_masanari_bustup_normal.png,ProfileImage/103_lord_1_inaba_masanari_minihead_normal.png
104,lord_1_inawashiro,ProfileImage/104_lord_1_inawashiro_bustup_normal.png,ProfileImage/104_lord_1_inawashiro_minihead_normal.png
105,lord_1_inoko_hyosuke,ProfileImage/105_lord_1_inoko_hyosuke_bustup_normal.png,ProfileImage/105_lord_1_inoko_hyosuke_minihead_normal.png
106,lord_1_inomata_kuninori,ProfileImage/106_lord_1_inomata_kuninori_bustup_normal.png,ProfileImage/106_lord_1_inomata_kuninori_minihead_normal.png
107,lord_1_imai_sokyu,ProfileImage/107_lord_1_imai_sokyu_bustup_normal.png,ProfileImage/107_lord_1_imai_sokyu_minihead_normal.png
108,lord_1_imai_sokun,ProfileImage/108_lord_1_imai_sokun_bustup_normal.png,ProfileImage/108_lord_1_imai_sokun_minihead_normal.png
109,lord_1_imagawa,ProfileImage/109_lord_1_imagawa_bustup_normal.png,ProfileImage/109_lord_1_imagawa_minihead_normal.png
110,lord_1_imagawa_katsumoto,ProfileImage/110_lord_1_imagawa_katsumoto_bustup_normal.png,ProfileImage/110_lord_1_imagawa_katsumoto_minihead_normal.png
111,lord_1_uno_fujiemon,ProfileImage/111_lord_1_uno_fujiemon_bustup_normal.png,ProfileImage/111_lord_1_uno_fujiemon_minihead_normal.png
112,lord_1_irobe,ProfileImage/112_lord_1_irobe_bustup_normal.png,ProfileImage/112_lord_1_irobe_minihead_normal.png
113,lord_1_irobe_3,ProfileImage/113_lord_1_irobe_3_bustup_normal.png,ProfileImage/113_lord_1_irobe_3_minihead_normal.png
114,lord_1_iwanari_tomomichi,ProfileImage/114_lord_1_iwanari_tomomichi_bustup_normal.png,ProfileImage/114_lord_1_iwanari_tomomichi_minihead_normal.png
115,lord_1_indo,ProfileImage/115_lord_1_indo_bustup_normal.png,ProfileImage/115_lord_1_indo_minihead_normal.png
116,lord_1_uesugi_5,ProfileImage/116_lord_1_uesugi_5_bustup_normal.png,ProfileImage/116_lord_1_uesugi_5_minihead_normal.png
117,lord_1_uesugi_mitsuyasu,ProfileImage/117_lord_1_uesugi_mitsuyasu_bustup_normal.png,ProfileImage/117_lord_1_uesugi_mitsuyasu_minihead_normal.png
118,lord_1_uesugi_yoshiaki,ProfileImage/118_lord_1_uesugi_yoshiaki_bustup_normal.png,ProfileImage/118_lord_1_uesugi_yoshiaki_minihead_normal.png
119,lord_1_uesugi,ProfileImage/119_lord_1_uesugi_bustup_normal.png,ProfileImage/119_lord_1_uesugi_minihead_normal.png
120,lord_1_kamiya_sotan,ProfileImage/120_lord_1_kamiya_sotan_bustup_normal.png,ProfileImage/120_lord_1_kamiya_sotan_minihead_normal.png
121,lord_1_sakata_genemon,ProfileImage/121_lord_1_sakata_genemon_bustup_normal.png,ProfileImage/121_lord_1_sakata_genemon_minihead_normal.png
122,lord_1_ukai_magoroku,ProfileImage/122_lord_1_ukai_magoroku_bustup_normal.png,ProfileImage/122_lord_1_ukai_magoroku_minihead_normal.png
123,lord_1_ukita_6,ProfileImage/123_lord_1_ukita_6_bustup_normal.png,ProfileImage/123_lord_1_ukita_6_minihead_normal.png
124,lord_1_ukita,ProfileImage/124_lord_1_ukita_bustup_normal.png,ProfileImage/124_lord_1_ukita_minihead_normal.png
125,lord_1_ukita_hideie,ProfileImage/125_lord_1_ukita_hideie_bustup_normal.png,ProfileImage/125_lord_1_ukita_hideie_minihead_normal.png
126,lord_1_uku_sumisada,ProfileImage/126_lord_1_uku_sumisada_bustup_normal.png,ProfileImage/126_lord_1_uku_sumisada_minihead_normal.png
127,lord_1_uku_sungen,ProfileImage/127_lord_1_uku_sungen_bustup_normal.png,ProfileImage/127_lord_1_uku_sungen_minihead_normal.png
128,lord_1_usami_sadamitsu,ProfileImage/128_lord_1_usami_sadamitsu_bustup_normal.png,ProfileImage/128_lord_1_usami_sadamitsu_minihead_normal.png
129,lord_1_ujiie_suehisa,ProfileImage/129_lord_1_ujiie_suehisa_bustup_normal.png,ProfileImage/129_lord_1_ujiie_suehisa_minihead_normal.png
130,lord_1_ujiie_mitsumoto,ProfileImage/130_lord_1_ujiie_mitsumoto_bustup_normal.png,ProfileImage/130_lord_1_ujiie_mitsumoto_minihead_normal.png
131,lord_1_ujiie,ProfileImage/131_lord_1_ujiie_bustup_normal.png,ProfileImage/131_lord_1_ujiie_minihead_normal.png
132,lord_1_ujiie_takakazu,ProfileImage/132_lord_1_ujiie_takakazu_bustup_normal.png,ProfileImage/132_lord_1_ujiie_takakazu_minihead_normal.png
133,lord_1_ushio_yukikiyo,ProfileImage/133_lord_1_ushio_yukikiyo_bustup_normal.png,ProfileImage/133_lord_1_ushio_yukikiyo_minihead_normal.png
134,lord_1_usuki_kagetoshi,ProfileImage/134_lord_1_usuki_kagetoshi_bustup_normal.png,ProfileImage/134_lord_1_usuki_kagetoshi_minihead_normal.png
135,lord_1_utsunomiya_2,ProfileImage/135_lord_1_utsunomiya_2_bustup_normal.png,ProfileImage/135_lord_1_utsunomiya_2_minihead_normal.png
136,lord_1_utsunomiya,ProfileImage/136_lord_1_utsunomiya_bustup_normal.png,ProfileImage/136_lord_1_utsunomiya_minihead_normal.png
137,lord_1_utono_ujinaga,ProfileImage/137_lord_1_utono_ujinaga_bustup_normal.png,ProfileImage/137_lord_1_utono_ujinaga_minihead_normal.png
138,lord_1_utono_nagateru,ProfileImage/138_lord_1_utono_nagateru_bustup_normal.png,ProfileImage/138_lord_1_utono_nagateru_minihead_normal.png
139,lord_1_uyama_hisakane,ProfileImage/139_lord_1_uyama_hisakane_bustup_normal.png,ProfileImage/139_lord_1_uyama_hisakane_minihead_normal.png
140,lord_1_uragami,ProfileImage/140_lord_1_uragami_bustup_normal.png,ProfileImage/140_lord_1_uragami_minihead_normal.png
141,lord_1_uwai_2,ProfileImage/141_lord_1_uwai_2_bustup_normal.png,ProfileImage/141_lord_1_uwai_2_minihead_normal.png
142,lord_1_unno_rokuro,ProfileImage/142_lord_1_unno_rokuro_bustup_normal.png,ProfileImage/142_lord_1_unno_rokuro_minihead_normal.png
143,lord_1_eiha_hisatora,ProfileImage/143_lord_1_eiha_hisatora_bustup_normal.png,ProfileImage/143_lord_1_eiha_hisatora_minihead_normal.png
144,lord_1_emura_oyakataka,ProfileImage/144_lord_1_emura_oyakataka_bustup_normal.png,ProfileImage/144_lord_1_emura_oyakataka_minihead_normal.png
145,lord_1_eriguchi_nobutsune,ProfileImage/145_lord_1_eriguchi_nobutsune_bustup_normal.png,ProfileImage/145_lord_1_eriguchi_nobutsune_minihead_normal.png
146,lord_1_enjoji_nobutane,ProfileImage/146_lord_1_enjoji_nobutane_bustup_normal.png,ProfileImage/146_lord_1_enjoji_nobutane_minihead_normal.png
147,lord_1_endo_naokiyo,ProfileImage/147_lord_1_endo_naokiyo_bustup_normal.png,ProfileImage/147_lord_1_endo_naokiyo_minihead_normal.png
148,lord_1_endo_motonobu,ProfileImage/148_lord_1_endo_motonobu_bustup_normal.png,ProfileImage/148_lord_1_endo_motonobu_minihead_normal.png
149,lord_1_oishi_tomohisa,ProfileImage/149_lord_1_oishi_tomohisa_bustup_normal.png,ProfileImage/149_lord_1_oishi_tomohisa_minihead_normal.png
150,lord_1_ouchi_tetsuna,ProfileImage/150_lord_1_ouchi_tetsuna_bustup_normal.png,ProfileImage/150_lord_1_ouchi_tetsuna_minihead_normal.png
151,lord_1_ouchi_teruhiro,ProfileImage/151_lord_1_ouchi_teruhiro_bustup_normal.png,ProfileImage/151_lord_1_ouchi_teruhiro_minihead_normal.png
152,lord_1_ouchi_yoshinaga,ProfileImage/152_lord_1_ouchi_yoshinaga_bustup_normal.png,ProfileImage/152_lord_1_ouchi_yoshinaga_minihead_normal.png
153,lord_1_okubo_6,ProfileImage/153_lord_1_okubo_6_bustup_normal.png,ProfileImage/153_lord_1_okubo_6_minihead_normal.png
154,lord_1_okubo_9,ProfileImage/154_lord_1_okubo_9_bustup_normal.png,ProfileImage/154_lord_1_okubo_9_minihead_normal.png
155,lord_1_okubo_4,ProfileImage/155_lord_1_okubo_4_bustup_normal.png,ProfileImage/155_lord_1_okubo_4_minihead_normal.png
156,lord_1_okubo_2,ProfileImage/156_lord_1_okubo_2_bustup_normal.png,ProfileImage/156_lord_1_okubo_2_minihead_normal.png
157,lord_1_okubo_nagayasu,ProfileImage/157_lord_1_okubo_nagayasu_bustup_normal.png,ProfileImage/157_lord_1_okubo_nagayasu_minihead_normal.png
158,lord_1_okuma_tomohide,ProfileImage/158_lord_1_okuma_tomohide_bustup_normal.png,ProfileImage/158_lord_1_okuma_tomohide_minihead_normal.png
159,lord_1_osaki,ProfileImage/159_lord_1_osaki_bustup_normal.png,ProfileImage/159_lord_1_osaki_minihead_normal.png
160,lord_1_osaki_1,ProfileImage/160_lord_1_osaki_1_bustup_normal.png,ProfileImage/160_lord_1_osaki_1_minihead_normal.png
161,lord_1_ota_ujiyasu,ProfileImage/161_lord_1_ota_ujiyasu_bustup_normal.png,ProfileImage/161_lord_1_ota_ujiyasu_minihead_normal.png
162,lord_1_otaa_gyuichi,ProfileImage/162_lord_1_otaa_gyuichi_bustup_normal.png,ProfileImage/162_lord_1_otaa_gyuichi_minihead_normal.png
163,lord_1_otaa_sanrakusai,ProfileImage/163_lord_1_otaa_sanrakusai_bustup_normal.png,ProfileImage/163_lord_1_otaa_sanrakusai_minihead_normal.png
164,lord_1_otaa_sanzesai,ProfileImage/164_lord_1_otaa_sanzesai_bustup_normal.png,ProfileImage/164_lord_1_otaa_sanzesai_minihead_normal.png
165,lord_1_otsuki_kageshu,ProfileImage/165_lord_1_otsuki_kageshu_bustup_normal.png,ProfileImage/165_lord_1_otsuki_kageshu_minihead_normal.png
166,lord_1_ogasawara_shozai,ProfileImage/166_lord_1_ogasawara_shozai_bustup_normal.png,ProfileImage/166_lord_1_ogasawara_shozai_minihead_normal.png
167,lord_1_otomo,ProfileImage/167_lord_1_otomo_bustup_normal.png,ProfileImage/167_lord_1_otomo_minihead_normal.png
168,lord_1_otomo_3,ProfileImage/168_lord_1_otomo_3_bustup_normal.png,ProfileImage/168_lord_1_otomo_3_minihead_normal.png
169,lord_1_otomo_4,ProfileImage/169_lord_1_otomo_4_bustup_normal.png,ProfileImage/169_lord_1_otomo_4_minihead_normal.png
170,lord_1_otomo_2,ProfileImage/170_lord_1_otomo_2_bustup_normal.png,ProfileImage/170_lord_1_otomo_2_minihead_normal.png
171,lord_1_oka_toshimasa,ProfileImage/171_lord_1_oka_toshimasa_bustup_normal.png,ProfileImage/171_lord_1_oka_toshimasa_minihead_normal.png
172,lord_1_omura,ProfileImage/172_lord_1_omura_bustup_normal.png,ProfileImage/172_lord_1_omura_minihead_normal.png
173,lord_1_okamoto_zuiensai,ProfileImage/173_lord_1_okamoto_zuiensai_bustup_normal.png,ProfileImage/173_lord_1_okamoto_zuiensai_minihead_normal.png
174,lord_1_okamoto_motonobu,ProfileImage/174_lord_1_okamoto_motonobu_bustup_normal.png,ProfileImage/174_lord_1_okamoto_motonobu_minihead_normal.png
175,lord_1_okudaira_nobumasa,ProfileImage/175_lord_1_okudaira_nobumasa_bustup_normal.png,ProfileImage/175_lord_1_okudaira_nobumasa_minihead_normal.png
176,spc_suruga_shu_leader_1,ProfileImage/176_spc_suruga_shu_leader_1_bustup_normal.png,ProfileImage/176_spc_suruga_shu_leader_1_minihead_normal.png
177,lord_1_okabe_6,ProfileImage/177_lord_1_okabe_6_bustup_normal.png,ProfileImage/177_lord_1_okabe_6_minihead_normal.png
178,lord_1_okabe,ProfileImage/178_lord_1_okabe_bustup_normal.png,ProfileImage/178_lord_1_okabe_minihead_normal.png
179,lord_1_okumura_eifuku,ProfileImage/179_lord_1_okumura_eifuku_bustup_normal.png,ProfileImage/179_lord_1_okumura_eifuku_minihead_normal.png
180,lord_1_okumura_tsunanao,ProfileImage/180_lord_1_okumura_tsunanao_bustup_normal.png,ProfileImage/180_lord_1_okumura_tsunanao_minihead_normal.png
181,lord_1_okumura_kagemichi,ProfileImage/181_lord_1_okumura_kagemichi_bustup_normal.png,ProfileImage/181_lord_1_okumura_kagemichi_minihead_normal.png
182,lord_1_okudaira_kagetaka,ProfileImage/182_lord_1_okudaira_kagetaka_bustup_normal.png,ProfileImage/182_lord_1_okudaira_kagetaka_minihead_normal.png
183,lord_1_iii_toramasa,ProfileImage/183_lord_1_iii_toramasa_bustup_normal.png,ProfileImage/183_lord_1_iii_toramasa_minihead_normal.png
184,lord_1_kaibara_tsunachika,ProfileImage/184_lord_1_kaibara_tsunachika_bustup_normal.png,ProfileImage/184_lord_1_kaibara_tsunachika_minihead_normal.png
185,lord_1_osafune_sadachika,ProfileImage/185_lord_1_osafune_sadachika_bustup_normal.png,ProfileImage/185_lord_1_osafune_sadachika_minihead_normal.png
186,lord_1_osafune_mitsunari,ProfileImage/186_lord_1_osafune_mitsunari_bustup_normal.png,ProfileImage/186_lord_1_osafune_mitsunari_minihead_normal.png
187,lord_1_kakei_juuzou,ProfileImage/187_lord_1_kakei_juuzou_bustup_normal.png,ProfileImage/187_lord_1_kakei_juuzou_minihead_normal.png
188,lord_2_oda,ProfileImage/188_lord_2_oda_bustup_normal.png,ProfileImage/188_lord_2_oda_minihead_normal.png
189,lord_1_oda_kiyoeimon,ProfileImage/189_lord_1_oda_kiyoeimon_bustup_normal.png,ProfileImage/189_lord_1_oda_kiyoeimon_minihead_normal.png
190,lord_1_oda_yuuemon,ProfileImage/190_lord_1_oda_yuuemon_bustup_normal.png,ProfileImage/190_lord_1_oda_yuuemon_minihead_normal.png
191,lord_1_oda_5,ProfileImage/191_lord_1_oda_5_bustup_normal.png,ProfileImage/191_lord_1_oda_5_minihead_normal.png
192,lord_1_oda_8,ProfileImage/192_lord_1_oda_8_bustup_normal.png,ProfileImage/192_lord_1_oda_8_minihead_normal.png
193,lord_1_oda_6,ProfileImage/193_lord_1_oda_6_bustup_normal.png,ProfileImage/193_lord_1_oda_6_minihead_normal.png
194,lord_1_oda_4,ProfileImage/194_lord_1_oda_4_bustup_normal.png,ProfileImage/194_lord_1_oda_4_minihead_normal.png
195,lord_1_oda,ProfileImage/195_lord_1_oda_bustup_normal.png,ProfileImage/195_lord_1_oda_minihead_normal.png
196,lord_1_oda_masashige,ProfileImage/196_lord_1_oda_masashige_bustup_normal.png,ProfileImage/196_lord_1_oda_masashige_minihead_normal.png
197,lord_1_kodera,ProfileImage/197_lord_1_kodera_bustup_normal.png,ProfileImage/197_lord_1_kodera_minihead_normal.png
198,lord_1_jingu_motomichi,ProfileImage/198_lord_1_jingu_motomichi_bustup_normal.png,ProfileImage/198_lord_1_jingu_motomichi_minihead_normal.png
199,lord_1_oniniwa_tsunemasa,ProfileImage/199_lord_1_oniniwa_tsunemasa_bustup_normal.png,ProfileImage/199_lord_1_oniniwa_tsunemasa_minihead_normal.png
200,lord_1_oniniwa_2,ProfileImage/200_lord_1_oniniwa_2_bustup_normal.png,ProfileImage/200_lord_1_oniniwa_2_minihead_normal.png
201,lord_1_sugiya_zenjubou,ProfileImage/201_lord_1_sugiya_zenjubou_bustup_normal.png,ProfileImage/201_lord_1_sugiya_zenjubou_minihead_normal.png
202,lord_1_sugiya_bou,ProfileImage/202_lord_1_sugiya_bou_bustup_normal.png,ProfileImage/202_lord_1_sugiya_bou_minihead_normal.png
203,lord_1_sugiya_satayu,ProfileImage/203_lord_1_sugiya_satayu_bustup_normal.png,ProfileImage/203_lord_1_sugiya_satayu_minihead_normal.png
204,lord_1_sugiya_kagemune,ProfileImage/204_lord_1_sugiya_kagemune_bustup_normal.png,ProfileImage/204_lord_1_sugiya_kagemune_minihead_normal.png
205,lord_1_onodera_3,ProfileImage/205_lord_1_onodera_3_bustup_normal.png,ProfileImage/205_lord_1_onodera_3_minihead_normal.png
206,lord_1_obata_kanbei,ProfileImage/206_lord_1_obata_kanbei_bustup_normal.png,ProfileImage/206_lord_1_obata_kanbei_minihead_normal.png
207,lord_1_kashin_koji,ProfileImage/207_lord_1_kashin_koji_bustup_normal.png,ProfileImage/207_lord_1_kashin_koji_minihead_normal.png
208,lord_1_sako_toutarou,ProfileImage/208_lord_1_sako_toutarou_bustup_normal.png,ProfileImage/208_lord_1_sako_toutarou_minihead_normal.png
209,lord_1_oyamada,ProfileImage/209_lord_1_oyamada_bustup_normal.png,ProfileImage/209_lord_1_oyamada_minihead_normal.png
210,lord_1_kai,ProfileImage/210_lord_1_kai_bustup_normal.png,ProfileImage/210_lord_1_kai_minihead_normal.png
211,lord_1_kazuyama_ujimoto,ProfileImage/211_lord_1_kazuyama_ujimoto_bustup_normal.png,ProfileImage/211_lord_1_kazuyama_ujimoto_minihead_normal.png
212,lord_1_kagawa_chikawa,ProfileImage/212_lord_1_kagawa_chikawa_bustup_normal.png,ProfileImage/212_lord_1_kagawa_chikawa_minihead_normal.png
213,lord_1_kagawa_saizou,ProfileImage/213_lord_1_kagawa_saizou_bustup_normal.png,ProfileImage/213_lord_1_kagawa_saizou_minihead_normal.png
214,lord_1_kakizaki,ProfileImage/214_lord_1_kakizaki_bustup_normal.png,ProfileImage/214_lord_1_kakizaki_minihead_normal.png
215,lord_2_kakizaki,ProfileImage/215_lord_2_kakizaki_bustup_normal.png,ProfileImage/215_lord_2_kakizaki_minihead_normal.png
216,lord_2_kakizaki_2,ProfileImage/216_lord_2_kakizaki_2_bustup_normal.png,ProfileImage/216_lord_2_kakizaki_2_minihead_normal.png
217,lord_1_kane_makoto,ProfileImage/217_lord_1_kane_makoto_bustup_normal.png,ProfileImage/217_lord_1_kane_makoto_minihead_normal.png
218,lord_1_kawata_nagachika,ProfileImage/218_lord_1_kawata_nagachika_bustup_normal.png,ProfileImage/218_lord_1_kawata_nagachika_minihead_normal.png
219,lord_1_kasai,ProfileImage/219_lord_1_kasai_bustup_normal.png,ProfileImage/219_lord_1_kasai_minihead_normal.png
220,lord_1_kasahara_masayoshi,ProfileImage/220_lord_1_kasahara_masayoshi_bustup_normal.png,ProfileImage/220_lord_1_kasahara_masayoshi_minihead_normal.png
221,lord_1_ganshojii_shoei,ProfileImage/221_lord_1_ganshojii_shoei_bustup_normal.png,ProfileImage/221_lord_1_ganshojii_shoei_minihead_normal.png
222,lord_1_kanbe_tomomori,ProfileImage/222_lord_1_kanbe_tomomori_bustup_normal.png,ProfileImage/222_lord_1_kanbe_tomomori_minihead_normal.png
223,lord_1_kan_tatsunaga,ProfileImage/223_lord_1_kan_tatsunaga_bustup_normal.png,ProfileImage/223_lord_1_kan_tatsunaga_minihead_normal.png
224,lord_1_kyogoku_takayoshi,ProfileImage/224_lord_1_kyogoku_takayoshi_bustup_normal.png,ProfileImage/224_lord_1_kyogoku_takayoshi_minihead_normal.png
225,lord_1_katakura_4,ProfileImage/225_lord_1_katakura_4_bustup_normal.png,ProfileImage/225_lord_1_katakura_4_minihead_normal.png
226,lord_1_kirigakure_saizo,ProfileImage/226_lord_1_kirigakure_saizo_bustup_normal.png,ProfileImage/226_lord_1_kirigakure_saizo_minihead_normal.png
227,lord_1_kondou_mototsuna,ProfileImage/227_lord_1_kondou_mototsuna_bustup_normal.png,ProfileImage/227_lord_1_kondou_mototsuna_minihead_normal.png
228,lord_1_katsura_yoshizumi,ProfileImage/228_lord_1_katsura_yoshizumi_bustup_normal.png,ProfileImage/228_lord_1_katsura_yoshizumi_minihead_normal.png
229,lord_1_kazayama_moto,ProfileImage/229_lord_1_kazayama_moto_bustup_normal.png,ProfileImage/229_lord_1_kazayama_moto_minihead_normal.png
230,lord_1_katoo_kiyomasa,ProfileImage/230_lord_1_katoo_kiyomasa_bustup_normal.png,ProfileImage/230_lord_1_katoo_kiyomasa_minihead_normal.png
231,lord_1_katoo_dankuroo,ProfileImage/231_lord_1_katoo_dankuroo_bustup_normal.png,ProfileImage/231_lord_1_katoo_dankuroo_minihead_normal.png
232,lord_1_katoo_mitsuyasu,ProfileImage/232_lord_1_katoo_mitsuyasu_bustup_normal.png,ProfileImage/232_lord_1_katoo_mitsuyasu_minihead_normal.png
233,lord_1_katoo_yoshiaki,ProfileImage/233_lord_1_katoo_yoshiaki_bustup_normal.png,ProfileImage/233_lord_1_katoo_yoshiaki_minihead_normal.png
234,lord_1_kanakami_morinari,ProfileImage/234_lord_1_kanakami_morinari_bustup_normal.png,ProfileImage/234_lord_1_kanakami_morinari_minihead_normal.png
235,lord_1_kanamori_nagachika,ProfileImage/235_lord_1_kanamori_nagachika_bustup_normal.png,ProfileImage/235_lord_1_kanamori_nagachika_minihead_normal.png
236,lord_1_kani_saizoo,ProfileImage/236_lord_1_kani_saizoo_bustup_normal.png,ProfileImage/236_lord_1_kani_saizoo_minihead_normal.png
237,lord_1_kanee_tsumura,ProfileImage/237_lord_1_kanee_tsumura_bustup_normal.png,ProfileImage/237_lord_1_kanee_tsumura_minihead_normal.png
238,lord_1_kamachi,ProfileImage/238_lord_1_kamachi_bustup_normal.png,ProfileImage/238_lord_1_kamachi_minihead_normal.png
239,lord_1_kamei_korenori,ProfileImage/239_lord_1_kamei_korenori_bustup_normal.png,ProfileImage/239_lord_1_kamei_korenori_minihead_normal.png
240,lord_1_gamou_2,ProfileImage/240_lord_1_gamou_2_bustup_normal.png,ProfileImage/240_lord_1_gamou_2_minihead_normal.png
241,lord_1_gamou,ProfileImage/241_lord_1_gamou_bustup_normal.png,ProfileImage/241_lord_1_gamou_minihead_normal.png
242,lord_1_gamou_sadahide,ProfileImage/242_lord_1_gamou_sadahide_bustup_normal.png,ProfileImage/242_lord_1_gamou_sadahide_minihead_normal.png
243,lord_1_gamou_yasukyo,ProfileImage/243_lord_1_gamou_yasukyo_bustup_normal.png,ProfileImage/243_lord_1_gamou_yasukyo_minihead_normal.png
244,lord_1_gamou_hideyuki,ProfileImage/244_lord_1_gamou_hideyuki_bustup_normal.png,ProfileImage/244_lord_1_gamou_hideyuki_minihead_normal.png
245,lord_1_kawakami_11,ProfileImage/245_lord_1_kawakami_11_bustup_normal.png,ProfileImage/245_lord_1_kawakami_11_minihead_normal.png
246,dead_lord_1_kawakami_7,ProfileImage/246_dead_lord_1_kawakami_7_bustup_normal.png,ProfileImage/246_dead_lord_1_kawakami_7_minihead_normal.png
247,lord_1_kawajiri_hidetaka,ProfileImage/247_lord_1_kawajiri_hidetaka_bustup_normal.png,ProfileImage/247_lord_1_kawajiri_hidetaka_minihead_normal.png
248,lord_1_kawada_nagachika,ProfileImage/248_lord_1_kawada_nagachika_bustup_normal.png,ProfileImage/248_lord_1_kawada_nagachika_minihead_normal.png
249,lord_1_ganshoji_shooe,ProfileImage/249_lord_1_ganshoji_shooe_bustup_normal.png,ProfileImage/249_lord_1_ganshoji_shooe_minihead_normal.png
250,lord_1_koobe_tomomori,ProfileImage/250_lord_1_koobe_tomomori_bustup_normal.png,ProfileImage/250_lord_1_koobe_tomomori_minihead_normal.png
251,lord_1_sugata_nagatake,ProfileImage/251_lord_1_sugata_nagatake_bustup_normal.png,ProfileImage/251_lord_1_sugata_nagatake_minihead_normal.png
252,lord_1_kii,ProfileImage/252_lord_1_kii_bustup_normal.png,ProfileImage/252_lord_1_kii_minihead_normal.png
253,lord_1_kiriu_suenaga,ProfileImage/253_lord_1_kiriu_suenaga_bustup_normal.png,ProfileImage/253_lord_1_kiriu_suenaga_minihead_normal.png
254,lord_1_kiso_2,ProfileImage/254_lord_1_kiso_2_bustup_normal.png,ProfileImage/254_lord_1_kiso_2_minihead_normal.png
255,lord_1_kiso,ProfileImage/255_lord_1_kiso_bustup_normal.png,ProfileImage/255_lord_1_kiso_minihead_normal.png
256,lord_1_hojo_kagehiro,ProfileImage/256_lord_1_hojo_kagehiro_bustup_normal.png,ProfileImage/256_lord_1_hojo_kagehiro_minihead_normal.png
257,lord_1_hojo_takahiro,ProfileImage/257_lord_1_hojo_takahiro_bustup_normal.png,ProfileImage/257_lord_1_hojo_takahiro_minihead_normal.png
258,lord_1_kita,ProfileImage/258_lord_1_kita_bustup_normal.png,ProfileImage/258_lord_1_kita_minihead_normal.png
259,lord_1_kitabatake,ProfileImage/259_lord_1_kitabatake_bustup_normal.png,ProfileImage/259_lord_1_kitabatake_minihead_normal.png
260,lord_1_kitabatake_4,ProfileImage/260_lord_1_kitabatake_4_bustup_normal.png,ProfileImage/260_lord_1_kitabatake_4_minihead_normal.png
261,dead_lord_1_kitabatake_2,ProfileImage/261_dead_lord_1_kitabatake_2_bustup_normal.png,ProfileImage/261_dead_lord_1_kitabatake_2_minihead_normal.png
262,lord_1_kikkawa_9,ProfileImage/262_lord_1_kikkawa_9_bustup_normal.png,ProfileImage/262_lord_1_kikkawa_9_minihead_normal.png
263,lord_1_kikkawa_4,ProfileImage/263_lord_1_kikkawa_4_bustup_normal.png,ProfileImage/263_lord_1_kikkawa_4_minihead_normal.png
264,lord_1_kikkawa_2,ProfileImage/264_lord_1_kikkawa_2_bustup_normal.png,ProfileImage/264_lord_1_kikkawa_2_minihead_normal.png
265,lord_1_kikkawa,ProfileImage/265_lord_1_kikkawa_bustup_normal.png,ProfileImage/265_lord_1_kikkawa_minihead_normal.png
266,lord_1_kinoshita_masanao,ProfileImage/266_lord_1_kinoshita_masanao_bustup_normal.png,ProfileImage/266_lord_1_kinoshita_masanao_minihead_normal.png
267,lord_1_kimura_shigenari,ProfileImage/267_lord_1_kimura_shigenari_bustup_normal.png,ProfileImage/267_lord_1_kimura_shigenari_minihead_normal.png
268,dead_lord_1_kimotsuki_1,ProfileImage/268_dead_lord_1_kimotsuki_1_bustup_normal.png,ProfileImage/268_dead_lord_1_kimotsuki_1_minihead_normal.png
269,lord_1_kimotsuki_5,ProfileImage/269_lord_1_kimotsuki_5_bustup_normal.png,ProfileImage/269_lord_1_kimotsuki_5_minihead_normal.png
270,lord_1_kimotsuki,ProfileImage/270_lord_1_kimotsuki_bustup_normal.png,ProfileImage/270_lord_1_kimotsuki_minihead_normal.png
271,lord_1_kyoogoku_takatsugu,ProfileImage/271_lord_1_kyoogoku_takatsugu_bustup_normal.png,ProfileImage/271_lord_1_kyoogoku_takatsugu_minihead_normal.png
272,lord_1_kyoogoku_takachika,ProfileImage/272_lord_1_kyoogoku_takachika_bustup_normal.png,ProfileImage/272_lord_1_kyoogoku_takachika_minihead_normal.png
273,lord_1_kyoogoku_takayoshi,ProfileImage/273_lord_1_kyoogoku_takayoshi_bustup_normal.png,ProfileImage/273_lord_1_kyoogoku_takayoshi_minihead_normal.png
274,lord_1_kira,ProfileImage/274_lord_1_kira_bustup_normal.png,ProfileImage/274_lord_1_kira_minihead_normal.png
275,lord_1_kira_2,ProfileImage/275_lord_1_kira_2_bustup_normal.png,ProfileImage/275_lord_1_kira_2_minihead_normal.png
276,lord_1_kirigakuree_saizoo,ProfileImage/276_lord_1_kirigakuree_saizoo_bustup_normal.png,ProfileImage/276_lord_1_kirigakuree_saizoo_minihead_normal.png
277,lord_1_kuki_sanzaburou,ProfileImage/277_lord_1_kuki_sanzaburou_bustup_normal.png,ProfileImage/277_lord_1_kuki_sanzaburou_minihead_normal.png
278,lord_1_kuki_moritaka,ProfileImage/278_lord_1_kuki_moritaka_bustup_normal.png,ProfileImage/278_lord_1_kuki_moritaka_minihead_normal.png
279,lord_1_kuki,ProfileImage/279_lord_1_kuki_bustup_normal.png,ProfileImage/279_lord_1_kuki_minihead_normal.png
280,lord_1_kusunoki_nagauji,ProfileImage/280_lord_1_kusunoki_nagauji_bustup_normal.png,ProfileImage/280_lord_1_kusunoki_nagauji_minihead_normal.png
281,lord_1_kuchiba_michiyoshi,ProfileImage/281_lord_1_kuchiba_michiyoshi_bustup_normal.png,ProfileImage/281_lord_1_kuchiba_michiyoshi_minihead_normal.png
282,lord_1_kuchiki_mototsuna,ProfileImage/282_lord_1_kuchiki_mototsuna_bustup_normal.png,ProfileImage/282_lord_1_kuchiki_mototsuna_minihead_normal.png
283,lord_1_kokushi_motoai,ProfileImage/283_lord_1_kokushi_motoai_bustup_normal.png,ProfileImage/283_lord_1_kokushi_motoai_minihead_normal.png
284,lord_1_kuniyoshi_zenbei,ProfileImage/284_lord_1_kuniyoshi_zenbei_bustup_normal.png,ProfileImage/284_lord_1_kuniyoshi_zenbei_minihead_normal.png
285,lord_1_konohe,ProfileImage/285_lord_1_konohe_bustup_normal.png,ProfileImage/285_lord_1_konohe_minihead_normal.png
286,lord_1_kumagai_nobunao,ProfileImage/286_lord_1_kumagai_nobunao_bustup_normal.png,ProfileImage/286_lord_1_kumagai_nobunao_minihead_normal.png
287,lord_1_kumaya_genshiroo,ProfileImage/287_lord_1_kumaya_genshiroo_bustup_normal.png,ProfileImage/287_lord_1_kumaya_genshiroo_minihead_normal.png
288,lord_1_sueyoshi_magosaburoo,ProfileImage/288_lord_1_sueyoshi_magosaburoo_bustup_normal.png,ProfileImage/288_lord_1_sueyoshi_magosaburoo_minihead_normal.png
289,lord_1_kurada_gorooza,ProfileImage/289_lord_1_kurada_gorooza_bustup_normal.png,ProfileImage/289_lord_1_kurada_gorooza_minihead_normal.png
290,lord_1_murakami_4,ProfileImage/290_lord_1_murakami_4_bustup_normal.png,ProfileImage/290_lord_1_murakami_4_minihead_normal.png
291,lord_1_murakami_munekatsu,ProfileImage/291_lord_1_murakami_munekatsu_bustup_normal.png,ProfileImage/291_lord_1_murakami_munekatsu_minihead_normal.png
292,lord_1_kuroda_iekata,ProfileImage/292_lord_1_kuroda_iekata_bustup_normal.png,ProfileImage/292_lord_1_kuroda_iekata_minihead_normal.png
293,lord_1_kuroda_4,ProfileImage/293_lord_1_kuroda_4_bustup_normal.png,ProfileImage/293_lord_1_kuroda_4_minihead_normal.png
294,lord_1_kuroda_2,ProfileImage/294_lord_1_kuroda_2_bustup_normal.png,ProfileImage/294_lord_1_kuroda_2_minihead_normal.png
295,lord_1_kuwana_yoshinari,ProfileImage/295_lord_1_kuwana_yoshinari_bustup_normal.png,ProfileImage/295_lord_1_kuwana_yoshinari_minihead_normal.png
296,lord_1_kamiizumi_nobutsuna,ProfileImage/296_lord_1_kamiizumi_nobutsuna_bustup_normal.png,ProfileImage/296_lord_1_kamiizumi_nobutsuna_minihead_normal.png
297,lord_1_koosaka_jinnai,ProfileImage/297_lord_1_koosaka_jinnai_bustup_normal.png,ProfileImage/297_lord_1_koosaka_jinnai_minihead_normal.png
298,lord_1_koosaka_masanobu,ProfileImage/298_lord_1_koosaka_masanobu_bustup_normal.png,ProfileImage/298_lord_1_koosaka_masanobu_minihead_normal.png
299,lord_1_kosokabe,ProfileImage/299_lord_1_kosokabe_bustup_normal.png,ProfileImage/299_lord_1_kosokabe_minihead_normal.png
300,lord_1_kawano_masashige,ProfileImage/300_lord_1_kawano_masashige_bustup_normal.png,ProfileImage/300_lord_1_kawano_masashige_minihead_normal.png
301,lord_1_kawano,ProfileImage/301_lord_1_kawano_bustup_normal.png,ProfileImage/301_lord_1_kawano_minihead_normal.png
302,lord_1_koori_kiyonaga,ProfileImage/302_lord_1_koori_kiyonaga_bustup_normal.png,ProfileImage/302_lord_1_koori_kiyonaga_minihead_normal.png
303,lord_1_jingu_norishige,ProfileImage/303_lord_1_jingu_norishige_bustup_normal.png,ProfileImage/303_lord_1_jingu_norishige_minihead_normal.png
304,lord_1_godai_tomoyoshi,ProfileImage/304_lord_1_godai_tomoyoshi_bustup_normal.png,ProfileImage/304_lord_1_godai_tomoyoshi_minihead_normal.png
305,lord_1_kodama_toshihide,ProfileImage/305_lord_1_kodama_toshihide_bustup_normal.png,ProfileImage/305_lord_1_kodama_toshihide_minihead_normal.png
306,lord_1_kitabatake_10,ProfileImage/306_lord_1_kitabatake_10_bustup_normal.png,ProfileImage/306_lord_1_kitabatake_10_minihead_normal.png
307,lord_1_koteida_yasuichi,ProfileImage/307_lord_1_koteida_yasuichi_bustup_normal.png,ProfileImage/307_lord_1_koteida_yasuichi_minihead_normal.png
308,lord_1_koteida_yasuyuki,ProfileImage/308_lord_1_koteida_yasuyuki_bustup_normal.png,ProfileImage/308_lord_1_koteida_yasuyuki_minihead_normal.png
309,lord_1_goto_masatoyo,ProfileImage/309_lord_1_goto_masatoyo_bustup_normal.png,ProfileImage/309_lord_1_goto_masatoyo_minihead_normal.png
310,lord_1_goto_danemon,ProfileImage/310_lord_1_goto_danemon_bustup_normal.png,ProfileImage/310_lord_1_goto_danemon_minihead_normal.png
311,lord_1_goto_toogoroo,ProfileImage/311_lord_1_goto_toogoroo_bustup_normal.png,ProfileImage/311_lord_1_goto_toogoroo_minihead_normal.png
312,lord_1_konishi_yukinaga,ProfileImage/312_lord_1_konishi_yukinaga_bustup_normal.png,ProfileImage/312_lord_1_konishi_yukinaga_minihead_normal.png
313,lord_1_konishi_ryuusa,ProfileImage/313_lord_1_konishi_ryuusa_bustup_normal.png,ProfileImage/313_lord_1_konishi_ryuusa_minihead_normal.png
314,lord_1_kobayakawa_takakage,ProfileImage/314_lord_1_kobayakawa_takakage_bustup_normal.png,ProfileImage/314_lord_1_kobayakawa_takakage_minihead_normal.png
315,lord_1_kobayakawa_hideaki,ProfileImage/315_lord_1_kobayakawa_hideaki_bustup_normal.png,ProfileImage/315_lord_1_kobayakawa_hideaki_minihead_normal.png
316,lord_1_kobayakawa_hidekane,ProfileImage/316_lord_1_kobayakawa_hidekane_bustup_normal.png,ProfileImage/316_lord_1_kobayakawa_hidekane_minihead_normal.png
317,lord_1_kobori_enshuu,ProfileImage/317_lord_1_kobori_enshuu_bustup_normal.png,ProfileImage/317_lord_1_kobori_enshuu_minihead_normal.png
318,lord_1_koyanagawa_morimune,ProfileImage/318_lord_1_koyanagawa_morimune_bustup_normal.png,ProfileImage/318_lord_1_koyanagawa_morimune_minihead_normal.png
319,lord_1_kondouu_yoshitake,ProfileImage/319_lord_1_kondouu_yoshitake_bustup_normal.png,ProfileImage/319_lord_1_kondouu_yoshitake_minihead_normal.png
320,lord_1_saionji,ProfileImage/320_lord_1_saionji_bustup_normal.png,ProfileImage/320_lord_1_saionji_minihead_normal.png
321,lord_1_saika_magoichi,ProfileImage/321_lord_1_saika_magoichi_bustup_normal.png,ProfileImage/321_lord_1_saika_magoichi_minihead_normal.png
322,lord_1_saitoo_tatsutaka,ProfileImage/322_lord_1_saitoo_tatsutaka_bustup_normal.png,ProfileImage/322_lord_1_saitoo_tatsutaka_minihead_normal.png
323,lord_1_saitoo_denki,ProfileImage/323_lord_1_saitoo_denki_bustup_normal.png,ProfileImage/323_lord_1_saitoo_denki_minihead_normal.png
324,lord_1_saitoo_doosan,ProfileImage/324_lord_1_saitoo_doosan_bustup_normal.png,ProfileImage/324_lord_1_saitoo_doosan_minihead_normal.png
325,lord_1_saitoo_toshimitsu,ProfileImage/325_lord_1_saitoo_toshimitsu_bustup_normal.png,ProfileImage/325_lord_1_saitoo_toshimitsu_minihead_normal.png
326,lord_1_saitoo_tomonobu,ProfileImage/326_lord_1_saitoo_tomonobu_bustup_normal.png,ProfileImage/326_lord_1_saitoo_tomonobu_minihead_normal.png
327,lord_1_saitoo_yoshitatsu,ProfileImage/327_lord_1_saitoo_yoshitatsu_bustup_normal.png,ProfileImage/327_lord_1_saitoo_yoshitatsu_minihead_normal.png
328,lord_1_saimura_masahiro,ProfileImage/328_lord_1_saimura_masahiro_bustup_normal.png,ProfileImage/328_lord_1_saimura_masahiro_minihead_normal.png
329,lord_1_saeki_kore,ProfileImage/329_lord_1_saeki_kore_bustup_normal.png,ProfileImage/329_lord_1_saeki_kore_minihead_normal.png
330,lord_1_yoshida_dooton,ProfileImage/330_lord_1_yoshida_dooton_bustup_normal.png,ProfileImage/330_lord_1_yoshida_dooton_minihead_normal.png
331,lord_1_sakai_2,ProfileImage/331_lord_1_sakai_2_bustup_normal.png,ProfileImage/331_lord_1_sakai_2_minihead_normal.png
332,lord_1_sakai,ProfileImage/332_lord_1_sakai_bustup_normal.png,ProfileImage/332_lord_1_sakai_minihead_normal.png
333,lord_1_sakai_tadayoshi,ProfileImage/333_lord_1_sakai_tadayoshi_bustup_normal.png,ProfileImage/333_lord_1_sakai_tadayoshi_minihead_normal.png
334,lord_1_sakaii_masanao,ProfileImage/334_lord_1_sakaii_masanao_bustup_normal.png,ProfileImage/334_lord_1_sakaii_masanao_minihead_normal.png
335,lord_1_sakakibara,ProfileImage/335_lord_1_sakakibara_bustup_normal.png,ProfileImage/335_lord_1_sakakibara_minihead_normal.png
336,lord_1_sakazaki_naomori,ProfileImage/336_lord_1_sakazaki_naomori_bustup_normal.png,ProfileImage/336_lord_1_sakazaki_naomori_minihead_normal.png
337,lord_1_sagara,ProfileImage/337_lord_1_sagara_bustup_normal.png,ProfileImage/337_lord_1_sagara_minihead_normal.png
338,lord_1_sagara_yorifusa,ProfileImage/338_lord_1_sagara_yorifusa_bustup_normal.png,ProfileImage/338_lord_1_sagara_yorifusa_minihead_normal.png
339,lord_1_sakuma,ProfileImage/339_lord_1_sakuma_bustup_normal.png,ProfileImage/339_lord_1_sakuma_minihead_normal.png
340,lord_1_sakuma_morishige,ProfileImage/340_lord_1_sakuma_morishige_bustup_normal.png,ProfileImage/340_lord_1_sakuma_morishige_minihead_normal.png
341,lord_1_sakuma_morimasa,ProfileImage/341_lord_1_sakuma_morimasa_bustup_normal.png,ProfileImage/341_lord_1_sakuma_morimasa_minihead_normal.png
342,lord_1_sakenobe_2,ProfileImage/342_lord_1_sakenobe_2_bustup_normal.png,ProfileImage/342_lord_1_sakenobe_2_minihead_normal.png
343,lord_1_sasaki_kojiroo,ProfileImage/343_lord_1_sasaki_kojiroo_bustup_normal.png,ProfileImage/343_lord_1_sasaki_kojiroo_minihead_normal.png
344,lord_1_sasabe_kanjiro,ProfileImage/344_lord_1_sasabe_kanjiro_bustup_normal.png,ProfileImage/344_lord_1_sasabe_kanjiro_minihead_normal.png
345,lord_1_sase_motoyoshi,ProfileImage/345_lord_1_sase_motoyoshi_bustup_normal.png,ProfileImage/345_lord_1_sase_motoyoshi_minihead_normal.png
346,dead_lord_1_satake_2,ProfileImage/346_dead_lord_1_satake_2_bustup_normal.png,ProfileImage/346_dead_lord_1_satake_2_minihead_normal.png
347,lord_1_satake,ProfileImage/347_lord_1_satake_bustup_normal.png,ProfileImage/347_lord_1_satake_minihead_normal.png
348,lord_1_satake_yoshinobu,ProfileImage/348_lord_1_satake_yoshinobu_bustup_normal.png,ProfileImage/348_lord_1_satake_yoshinobu_minihead_normal.png
349,lord_1_satake_4,ProfileImage/349_lord_1_satake_4_bustup_normal.png,ProfileImage/349_lord_1_satake_4_minihead_normal.png
350,lord_1_sada_hikosaburoo,ProfileImage/350_lord_1_sada_hikosaburoo_bustup_normal.png,ProfileImage/350_lord_1_sada_hikosaburoo_minihead_normal.png
351,lord_1_sassa_narimasa,ProfileImage/351_lord_1_sassa_narimasa_bustup_normal.png,ProfileImage/351_lord_1_sassa_narimasa_minihead_normal.png
352,lord_1_satomi_2,ProfileImage/352_lord_1_satomi_2_bustup_normal.png,ProfileImage/352_lord_1_satomi_2_minihead_normal.png
353,lord_1_satomi,ProfileImage/353_lord_1_satomi_bustup_normal.png,ProfileImage/353_lord_1_satomi_minihead_normal.png
354,lord_1_satomi_yoshiyasu,ProfileImage/354_lord_1_satomi_yoshiyasu_bustup_normal.png,ProfileImage/354_lord_1_satomi_yoshiyasu_minihead_normal.png
355,lord_1_satomi_10,ProfileImage/355_lord_1_satomi_10_bustup_normal.png,ProfileImage/355_lord_1_satomi_10_minihead_normal.png
356,lord_1_sanada,ProfileImage/356_lord_1_sanada_bustup_normal.png,ProfileImage/356_lord_1_sanada_minihead_normal.png
357,lord_1_sanada_taneju,ProfileImage/357_lord_1_sanada_taneju_bustup_normal.png,ProfileImage/357_lord_1_sanada_taneju_minihead_normal.png
358,lord_1_sanada_4,ProfileImage/358_lord_1_sanada_4_bustup_normal.png,ProfileImage/358_lord_1_sanada_4_minihead_normal.png
359,lord_1_sanada_6,ProfileImage/359_lord_1_sanada_6_bustup_normal.png,ProfileImage/359_lord_1_sanada_6_minihead_normal.png
360,lord_1_sanada_yukitaka,ProfileImage/360_lord_1_sanada_yukitaka_bustup_normal.png,ProfileImage/360_lord_1_sanada_yukitaka_minihead_normal.png
361,lord_1_sanada_9,ProfileImage/361_lord_1_sanada_9_bustup_normal.png,ProfileImage/361_lord_1_sanada_9_minihead_normal.png
362,lord_1_sano_8,ProfileImage/362_lord_1_sano_8_bustup_normal.png,ProfileImage/362_lord_1_sano_8_minihead_normal.png
363,lord_1_saburi_inosuke,ProfileImage/363_lord_1_saburi_inosuke_bustup_normal.png,ProfileImage/363_lord_1_saburi_inosuke_minihead_normal.png
364,lord_1_sarutobi_sasuke,ProfileImage/364_lord_1_sarutobi_sasuke_bustup_normal.png,ProfileImage/364_lord_1_sarutobi_sasuke_minihead_normal.png
365,lord_1_saruwatari_nobumitsu,ProfileImage/365_lord_1_saruwatari_nobumitsu_bustup_normal.png,ProfileImage/365_lord_1_saruwatari_nobumitsu_minihead_normal.png
366,lord_1_yamamotoji_sadanaga,ProfileImage/366_lord_1_yamamotoji_sadanaga_bustup_normal.png,ProfileImage/366_lord_1_yamamotoji_sadanaga_minihead_normal.png
367,lord_1_shiina_yasuyuki,ProfileImage/367_lord_1_shiina_yasuyuki_bustup_normal.png,ProfileImage/367_lord_1_shiina_yasuyuki_minihead_normal.png
368,lord_1_shiga_chikatsugu,ProfileImage/368_lord_1_shiga_chikatsugu_bustup_normal.png,ProfileImage/368_lord_1_shiga_chikatsugu_minihead_normal.png
369,lord_1_shiga_chikamori,ProfileImage/369_lord_1_shiga_chikamori_bustup_normal.png,ProfileImage/369_lord_1_shiga_chikamori_minihead_normal.png
370,lord_1_shiganezawa_motouji,ProfileImage/370_lord_1_shiganezawa_motouji_bustup_normal.png,ProfileImage/370_lord_1_shiganezawa_motouji_minihead_normal.png
371,lord_1_shishido_takayoshi,ProfileImage/371_lord_1_shishido_takayoshi_bustup_normal.png,ProfileImage/371_lord_1_shishido_takayoshi_minihead_normal.png
372,lord_1_shishido_baiken,ProfileImage/372_lord_1_shishido_baiken_bustup_normal.png,ProfileImage/372_lord_1_shishido_baiken_minihead_normal.png
373,lord_1_shishido_mototsugu,ProfileImage/373_lord_1_shishido_mototsugu_bustup_normal.png,ProfileImage/373_lord_1_shishido_mototsugu_minihead_normal.png
374,lord_1_shichijoo_kanenaka,ProfileImage/374_lord_1_shichijoo_kanenaka_bustup_normal.png,ProfileImage/374_lord_1_shichijoo_kanenaka_minihead_normal.png
375,lord_1_shichiri,ProfileImage/375_lord_1_shichiri_bustup_normal.png,ProfileImage/375_lord_1_shichiri_minihead_normal.png
376,lord_1_shinohara_nagafusa,ProfileImage/376_lord_1_shinohara_nagafusa_bustup_normal.png,ProfileImage/376_lord_1_shinohara_nagafusa_minihead_normal.png
377,lord_1_shiba_2,ProfileImage/377_lord_1_shiba_2_bustup_normal.png,ProfileImage/377_lord_1_shiba_2_minihead_normal.png
378,lord_1_shiba,ProfileImage/378_lord_1_shiba_bustup_normal.png,ProfileImage/378_lord_1_shiba_minihead_normal.png
379,lord_1_shibata,ProfileImage/379_lord_1_shibata_bustup_normal.png,ProfileImage/379_lord_1_shibata_minihead_normal.png
380,lord_1_shibata_5,ProfileImage/380_lord_1_shibata_5_bustup_normal.png,ProfileImage/380_lord_1_shibata_5_minihead_normal.png
381,lord_2_shibata_4,ProfileImage/381_lord_2_shibata_4_bustup_normal.png,ProfileImage/381_lord_2_shibata_4_minihead_normal.png
382,lord_2_shibata,ProfileImage/382_lord_2_shibata_bustup_normal.png,ProfileImage/382_lord_2_shibata_minihead_normal.png
383,lord_1_shibatsuji_kiyouemon,ProfileImage/383_lord_1_shibatsuji_kiyouemon_bustup_normal.png,ProfileImage/383_lord_1_shibatsuji_kiyouemon_minihead_normal.png
384,lord_1_shibuya_yuurooemon,ProfileImage/384_lord_1_shibuya_yuurooemon_bustup_normal.png,ProfileImage/384_lord_1_shibuya_yuurooemon_minihead_normal.png
385,lord_1_shimae_sooshitsu,ProfileImage/385_lord_1_shimae_sooshitsu_bustup_normal.png,ProfileImage/385_lord_1_shimae_sooshitsu_minihead_normal.png
386,lord_1_shima_sakon,ProfileImage/386_lord_1_shima_sakon_bustup_normal.png,ProfileImage/386_lord_1_shima_sakon_minihead_normal.png
387,lord_1_shimazu_9,ProfileImage/387_lord_1_shimazu_9_bustup_normal.png,ProfileImage/387_lord_1_shimazu_9_minihead_normal.png
388,lord_1_shimazu_hyoogo-no-suke,ProfileImage/388_lord_1_shimazu_hyoogo-no-suke_bustup_normal.png,ProfileImage/388_lord_1_shimazu_hyoogo-no-suke_minihead_normal.png
389,lord_1_shimazu_11,ProfileImage/389_lord_1_shimazu_11_bustup_normal.png,ProfileImage/389_lord_1_shimazu_11_minihead_normal.png
390,lord_1_shimazu_zenshu,ProfileImage/390_lord_1_shimazu_zenshu_bustup_normal.png,ProfileImage/390_lord_1_shimazu_zenshu_minihead_normal.png
391,lord_1_shimazu_7,ProfileImage/391_lord_1_shimazu_7_bustup_normal.png,ProfileImage/391_lord_1_shimazu_7_minihead_normal.png
392,lord_1_shimazu_toyohisa,ProfileImage/392_lord_1_shimazu_toyohisa_bustup_normal.png,ProfileImage/392_lord_1_shimazu_toyohisa_minihead_normal.png
393,lord_1_shimazu_kagerai,ProfileImage/393_lord_1_shimazu_kagerai_bustup_normal.png,ProfileImage/393_lord_1_shimazu_kagerai_minihead_normal.png
394,lord_1_shimazu,ProfileImage/394_lord_1_shimazu_bustup_normal.png,ProfileImage/394_lord_1_shimazu_minihead_normal.png
395,lord_1_shimazu_4,ProfileImage/395_lord_1_shimazu_4_bustup_normal.png,ProfileImage/395_lord_1_shimazu_4_minihead_normal.png
396,lord_1_shimizu_muneharu,ProfileImage/396_lord_1_shimizu_muneharu_bustup_normal.png,ProfileImage/396_lord_1_shimizu_muneharu_minihead_normal.png
397,lord_1_shimizu_yasuhide,ProfileImage/397_lord_1_shimizu_yasuhide_bustup_normal.png,ProfileImage/397_lord_1_shimizu_yasuhide_minihead_normal.png
398,lord_1_shimura_kooyasu,ProfileImage/398_lord_1_shimura_kooyasu_bustup_normal.png,ProfileImage/398_lord_1_shimura_kooyasu_minihead_normal.png
399,lord_1_shimotsuma_8,ProfileImage/399_lord_1_shimotsuma_8_bustup_normal.png,ProfileImage/399_lord_1_shimotsuma_8_minihead_normal.png
400,lord_1_shimotsuma_6,ProfileImage/400_lord_1_shimotsuma_6_bustup_normal.png,ProfileImage/400_lord_1_shimotsuma_6_minihead_normal.png
401,lord_1_shimotsuma,ProfileImage/401_lord_1_shimotsuma_bustup_normal.png,ProfileImage/401_lord_1_shimotsuma_minihead_normal.png
402,lord_1_joojoo_masashige,ProfileImage/402_lord_1_joojoo_masashige_bustup_normal.png,ProfileImage/402_lord_1_joojoo_masashige_minihead_normal.png
403,lord_1_shiraishi_munetoshi,ProfileImage/403_lord_1_shiraishi_munetoshi_bustup_normal.png,ProfileImage/403_lord_1_shiraishi_munetoshi_minihead_normal.png
404,lord_1_jinzai_motomichi,ProfileImage/404_lord_1_jinzai_motomichi_bustup_normal.png,ProfileImage/404_lord_1_jinzai_motomichi_minihead_normal.png
405,lord_1_jinbo_kagesuke,ProfileImage/405_lord_1_jinbo_kagesuke_bustup_normal.png,ProfileImage/405_lord_1_jinbo_kagesuke_minihead_normal.png
406,lord_1_jinbo_2,ProfileImage/406_lord_1_jinbo_2_bustup_normal.png,ProfileImage/406_lord_1_jinbo_2_minihead_normal.png
407,lord_1_jinbo_4,ProfileImage/407_lord_1_jinbo_4_bustup_normal.png,ProfileImage/407_lord_1_jinbo_4_minihead_normal.png
408,lord_1_jinbo,ProfileImage/408_lord_1_jinbo_bustup_normal.png,ProfileImage/408_lord_1_jinbo_minihead_normal.png
409,lord_1_sue_harukata,ProfileImage/409_lord_1_sue_harukata_bustup_normal.png,ProfileImage/409_lord_1_sue_harukata_minihead_normal.png
410,lord_1_suganuma_sadatada,ProfileImage/410_lord_1_suganuma_sadatada_bustup_normal.png,ProfileImage/410_lord_1_suganuma_sadatada_minihead_normal.png
411,lord_1_sugaya_zenjuuboo,ProfileImage/411_lord_1_sugaya_zenjuuboo_bustup_normal.png,ProfileImage/411_lord_1_sugaya_zenjuuboo_minihead_normal.png
412,lord_1_suginoboo_terusai,ProfileImage/412_lord_1_suginoboo_terusai_bustup_normal.png,ProfileImage/412_lord_1_suginoboo_terusai_minihead_normal.png
413,lord_1_suzuki_satao,ProfileImage/413_lord_1_suzuki_satao_bustup_normal.png,ProfileImage/413_lord_1_suzuki_satao_minihead_normal.png
414,lord_1_suzukii_shigetchika,ProfileImage/414_lord_1_suzukii_shigetchika_bustup_normal.png,ProfileImage/414_lord_1_suzukii_shigetchika_minihead_normal.png
415,lord_1_susukida_kaneai,ProfileImage/415_lord_1_susukida_kaneai_bustup_normal.png,ProfileImage/415_lord_1_susukida_kaneai_minihead_normal.png
416,lord_1_suzukii_motonobu,ProfileImage/416_lord_1_suzukii_motonobu_bustup_normal.png,ProfileImage/416_lord_1_suzukii_motonobu_minihead_normal.png
417,lord_1_suda_mitsuchika,ProfileImage/417_lord_1_suda_mitsuchika_bustup_normal.png,ProfileImage/417_lord_1_suda_mitsuchika_minihead_normal.png
418,lord_1_tsuda_sookyuu,ProfileImage/418_lord_1_tsuda_sookyuu_bustup_normal.png,ProfileImage/418_lord_1_tsuda_sookyuu_minihead_normal.png
419,lord_1_sumikura_soan,ProfileImage/419_lord_1_sumikura_soan_bustup_normal.png,ProfileImage/419_lord_1_sumikura_soan_minihead_normal.png
420,lord_1_sumikura_ryooi,ProfileImage/420_lord_1_sumikura_ryooi_bustup_normal.png,ProfileImage/420_lord_1_sumikura_ryooi_minihead_normal.png
421,lord_1_seki_kazumasa,ProfileImage/421_lord_1_seki_kazumasa_bustup_normal.png,ProfileImage/421_lord_1_seki_kazumasa_minihead_normal.png
422,lord_1_sekiguchi_munihiro,ProfileImage/422_lord_1_sekiguchi_munihiro_bustup_normal.png,ProfileImage/422_lord_1_sekiguchi_munihiro_minihead_normal.png
423,lord_1_seiki_masatoki,ProfileImage/423_lord_1_seiki_masatoki_bustup_normal.png,ProfileImage/423_lord_1_seiki_masatoki_minihead_normal.png
424,lord_1_seki_morinobu,ProfileImage/424_lord_1_seki_morinobu_bustup_normal.png,ProfileImage/424_lord_1_seki_morinobu_minihead_normal.png
425,lord_1_sengoku_hidehisa,ProfileImage/425_lord_1_sengoku_hidehisa_bustup_normal.png,ProfileImage/425_lord_1_sengoku_hidehisa_minihead_normal.png
426,lord_1_sen_rikyuu,ProfileImage/426_lord_1_sen_rikyuu_bustup_normal.png,ProfileImage/426_lord_1_sen_rikyuu_minihead_normal.png
427,lord_1_soma,ProfileImage/427_lord_1_soma_bustup_normal.png,ProfileImage/427_lord_1_soma_minihead_normal.png
428,lord_1_soma_2,ProfileImage/428_lord_1_soma_2_bustup_normal.png,ProfileImage/428_lord_1_soma_2_minihead_normal.png
429,lord_1_soo_yoshitoshi,ProfileImage/429_lord_1_soo_yoshitoshi_bustup_normal.png,ProfileImage/429_lord_1_soo_yoshitoshi_minihead_normal.png
430,lord_1_soo_yoshitomo,ProfileImage/430_lord_1_soo_yoshitomo_bustup_normal.png,ProfileImage/430_lord_1_soo_yoshitomo_minihead_normal.png
431,dead_lord_1_sogo_1,ProfileImage/431_dead_lord_1_sogo_1_bustup_normal.png,ProfileImage/431_dead_lord_1_sogo_1_minihead_normal.png
432,lord_1_sogo,ProfileImage/432_lord_1_sogo_bustup_normal.png,ProfileImage/432_lord_1_sogo_minihead_normal.png
433,lord_1_saito_dosan,ProfileImage/433_lord_1_saito_dosan_bustup_normal.png,ProfileImage/433_lord_1_saito_dosan_minihead_normal.png
434,lord_1_didoji,ProfileImage/434_lord_1_didoji_bustup_normal.png,ProfileImage/434_lord_1_didoji_minihead_normal.png
435,lord_1_daihoji_2,ProfileImage/435_lord_1_daihoji_2_bustup_normal.png,ProfileImage/435_lord_1_daihoji_2_minihead_normal.png
436,lord_1_takashima_masashige,ProfileImage/436_lord_1_takashima_masashige_bustup_normal.png,ProfileImage/436_lord_1_takashima_masashige_minihead_normal.png
437,lord_1_takanashi_masayori,ProfileImage/437_lord_1_takanashi_masayori_bustup_normal.png,ProfileImage/437_lord_1_takanashi_masayori_minihead_normal.png
438,lord_1_takahashi_hiroyoshi,ProfileImage/438_lord_1_takahashi_hiroyoshi_bustup_normal.png,ProfileImage/438_lord_1_takahashi_hiroyoshi_minihead_normal.png
439,lord_1_takahashi_shoun,ProfileImage/439_lord_1_takahashi_shoun_bustup_normal.png,ProfileImage/439_lord_1_takahashi_shoun_minihead_normal.png
440,lord_1_takayama_shigetomo,ProfileImage/440_lord_1_takayama_shigetomo_bustup_normal.png,ProfileImage/440_lord_1_takayama_shigetomo_minihead_normal.png
441,lord_1_takayama_tomoteru,ProfileImage/441_lord_1_takayama_tomoteru_bustup_normal.png,ProfileImage/441_lord_1_takayama_tomoteru_minihead_normal.png
442,lord_1_takigawa,ProfileImage/442_lord_1_takigawa_bustup_normal.png,ProfileImage/442_lord_1_takigawa_minihead_normal.png
443,lord_1_takigawa_yasumasa,ProfileImage/443_lord_1_takigawa_yasumasa_bustup_normal.png,ProfileImage/443_lord_1_takigawa_yasumasa_minihead_normal.png
444,lord_1_takakita_tamechika,ProfileImage/444_lord_1_takakita_tamechika_bustup_normal.png,ProfileImage/444_lord_1_takakita_tamechika_minihead_normal.png
445,lord_1_takimotoji_hiyu,ProfileImage/445_lord_1_takimotoji_hiyu_bustup_normal.png,ProfileImage/445_lord_1_takimotoji_hiyu_minihead_normal.png
446,lord_1_takei_yuuan,ProfileImage/446_lord_1_takei_yuuan_bustup_normal.png,ProfileImage/446_lord_1_takei_yuuan_minihead_normal.png
447,lord_1_takeda_4,ProfileImage/447_lord_1_takeda_4_bustup_normal.png,ProfileImage/447_lord_1_takeda_4_minihead_normal.png
448,lord_1_takeda_harufusa,ProfileImage/448_lord_1_takeda_harufusa_bustup_normal.png,ProfileImage/448_lord_1_takeda_harufusa_minihead_normal.png
449,lord_1_takeda,ProfileImage/449_lord_1_takeda_bustup_normal.png,ProfileImage/449_lord_1_takeda_minihead_normal.png
450,lord_1_takeda_nobumaki,ProfileImage/450_lord_1_takeda_nobumaki_bustup_normal.png,ProfileImage/450_lord_1_takeda_nobumaki_minihead_normal.png
451,lord_1_takeda_shigemasa,ProfileImage/451_lord_1_takeda_shigemasa_bustup_normal.png,ProfileImage/451_lord_1_takeda_shigemasa_minihead_normal.png
452,lord_1_takeda_renlei,ProfileImage/452_lord_1_takeda_renlei_bustup_normal.png,ProfileImage/452_lord_1_takeda_renlei_minihead_normal.png
453,lord_1_takeda_nobuyuki,ProfileImage/453_lord_1_takeda_nobuyuki_bustup_normal.png,ProfileImage/453_lord_1_takeda_nobuyuki_minihead_normal.png
454,lord_1_takenaka_shigemoto,ProfileImage/454_lord_1_takenaka_shigemoto_bustup_normal.png,ProfileImage/454_lord_1_takenaka_shigemoto_minihead_normal.png
455,lord_1_takenaka_hanbee,ProfileImage/455_lord_1_takenaka_hanbee_bustup_normal.png,ProfileImage/455_lord_1_takenaka_hanbee_minihead_normal.png
456,lord_1_tachibana_dosetsu,ProfileImage/456_lord_1_tachibana_dosetsu_bustup_normal.png,ProfileImage/456_lord_1_tachibana_dosetsu_minihead_normal.png
457,lord_1_tachibana_naotsugu,ProfileImage/457_lord_1_tachibana_naotsugu_bustup_normal.png,ProfileImage/457_lord_1_tachibana_naotsugu_minihead_normal.png
458,lord_1_tachibana_muneshige,ProfileImage/458_lord_1_tachibana_muneshige_bustup_normal.png,ProfileImage/458_lord_1_tachibana_muneshige_minihead_normal.png
459,lord_1_tatsuhara,ProfileImage/459_lord_1_tatsuhara_bustup_normal.png,ProfileImage/459_lord_1_tatsuhara_minihead_normal.png
460,lord_1_tateoka_2,ProfileImage/460_lord_1_tateoka_2_bustup_normal.png,ProfileImage/460_lord_1_tateoka_2_minihead_normal.png
461,lord_1_date_7,ProfileImage/461_lord_1_date_7_bustup_normal.png,ProfileImage/461_lord_1_date_7_minihead_normal.png
462,lord_1_date_9,ProfileImage/462_lord_1_date_9_bustup_normal.png,ProfileImage/462_lord_1_date_9_minihead_normal.png
463,dead_lord_1_date_4,ProfileImage/463_dead_lord_1_date_4_bustup_normal.png,ProfileImage/463_dead_lord_1_date_4_minihead_normal.png
464,lord_1_date,ProfileImage/464_lord_1_date_bustup_normal.png,ProfileImage/464_lord_1_date_minihead_normal.png
465,lord_1_date_2,ProfileImage/465_lord_1_date_2_bustup_normal.png,ProfileImage/465_lord_1_date_2_minihead_normal.png
466,lord_1_date_6,ProfileImage/466_lord_1_date_6_bustup_normal.png,ProfileImage/466_lord_1_date_6_minihead_normal.png
467,lord_1_tanaka_katsuie,ProfileImage/467_lord_1_tanaka_katsuie_bustup_normal.png,ProfileImage/467_lord_1_tanaka_katsuie_minihead_normal.png
468,lord_1_tanaka_yoshimasa,ProfileImage/468_lord_1_tanaka_yoshimasa_bustup_normal.png,ProfileImage/468_lord_1_tanaka_yoshimasa_minihead_normal.png
469,lord_1_tani_tadamasa,ProfileImage/469_lord_1_tani_tadamasa_bustup_normal.png,ProfileImage/469_lord_1_tani_tadamasa_minihead_normal.png
470,lord_1_tanegashima,ProfileImage/470_lord_1_tanegashima_bustup_normal.png,ProfileImage/470_lord_1_tanegashima_minihead_normal.png
471,lord_1_tanegashima_2,ProfileImage/471_lord_1_tanegashima_2_bustup_normal.png,ProfileImage/471_lord_1_tanegashima_2_minihead_normal.png
472,lord_1_tamura_2,ProfileImage/472_lord_1_tamura_2_bustup_normal.png,ProfileImage/472_lord_1_tamura_2_minihead_normal.png
473,lord_1_tarou_mitsutoshi,ProfileImage/473_lord_1_tarou_mitsutoshi_bustup_normal.png,ProfileImage/473_lord_1_tarou_mitsutoshi_minihead_normal.png
474,lord_1_tahara_chikayoshi,ProfileImage/474_lord_1_tahara_chikayoshi_bustup_normal.png,ProfileImage/474_lord_1_tahara_chikayoshi_minihead_normal.png
475,lord_1_chika_sonbee,ProfileImage/475_lord_1_chika_sonbee_bustup_normal.png,ProfileImage/475_lord_1_chika_sonbee_minihead_normal.png
476,lord_1_chisaka_kagechika,ProfileImage/476_lord_1_chisaka_kagechika_bustup_normal.png,ProfileImage/476_lord_1_chisaka_kagechika_minihead_normal.png
477,lord_1_chiba_5,ProfileImage/477_lord_1_chiba_5_bustup_normal.png,ProfileImage/477_lord_1_chiba_5_minihead_normal.png
478,lord_1_chiba,ProfileImage/478_lord_1_chiba_bustup_normal.png,ProfileImage/478_lord_1_chiba_minihead_normal.png
479,lord_1_chaya_matashiro,ProfileImage/479_lord_1_chaya_matashiro_bustup_normal.png,ProfileImage/479_lord_1_chaya_matashiro_minihead_normal.png
480,lord_1_chaya_shiroujiro,ProfileImage/480_lord_1_chaya_shiroujiro_bustup_normal.png,ProfileImage/480_lord_1_chaya_shiroujiro_minihead_normal.png
481,lord_1_chosokabe_kunichika,ProfileImage/481_lord_1_chosokabe_kunichika_bustup_normal.png,ProfileImage/481_lord_1_chosokabe_kunichika_minihead_normal.png
482,lord_1_chosokabe_2,ProfileImage/482_lord_1_chosokabe_2_bustup_normal.png,ProfileImage/482_lord_1_chosokabe_2_minihead_normal.png
483,lord_1_chosokabe,ProfileImage/483_lord_1_chosokabe_bustup_normal.png,ProfileImage/483_lord_1_chosokabe_minihead_normal.png
484,lord_1_chosokabe_morichika,ProfileImage/484_lord_1_chosokabe_morichika_bustup_normal.png,ProfileImage/484_lord_1_chosokabe_morichika_minihead_normal.png
485,lord_1_cho,ProfileImage/485_lord_1_cho_bustup_normal.png,ProfileImage/485_lord_1_cho_minihead_normal.png
486,lord_1_cho_4,ProfileImage/486_lord_1_cho_4_bustup_normal.png,ProfileImage/486_lord_1_cho_4_minihead_normal.png
487,lord_1_tsukahara_bokuden,ProfileImage/487_lord_1_tsukahara_bokuden_bustup_normal.png,ProfileImage/487_lord_1_tsukahara_bokuden_minihead_normal.png
488,lord_1_tsugaru_tamenobu,ProfileImage/488_lord_1_tsugaru_tamenobu_bustup_normal.png,ProfileImage/488_lord_1_tsugaru_tamenobu_minihead_normal.png
489,lord_1_tsuge_sannojou,ProfileImage/489_lord_1_tsuge_sannojou_bustup_normal.png,ProfileImage/489_lord_1_tsuge_sannojou_minihead_normal.png
490,lord_1_tsuda_nobuzumi,ProfileImage/490_lord_1_tsuda_nobuzumi_bustup_normal.png,ProfileImage/490_lord_1_tsuda_nobuzumi_minihead_normal.png
491,lord_1_tsuchiya_masatsune,ProfileImage/491_lord_1_tsuchiya_masatsune_bustup_normal.png,ProfileImage/491_lord_1_tsuchiya_masatsune_minihead_normal.png
492,lord_1_tsutsui_8,ProfileImage/492_lord_1_tsutsui_8_bustup_normal.png,ProfileImage/492_lord_1_tsutsui_8_minihead_normal.png
493,lord_1_tsutsui,ProfileImage/493_lord_1_tsutsui_bustup_normal.png,ProfileImage/493_lord_1_tsutsui_minihead_normal.png
494,lord_1_tsunokuma_sekisyu,ProfileImage/494_lord_1_tsunokuma_sekisyu_bustup_normal.png,ProfileImage/494_lord_1_tsunokuma_sekisyu_minihead_normal.png
495,lord_1_tsuno_heizoo,ProfileImage/495_lord_1_tsuno_heizoo_bustup_normal.png,ProfileImage/495_lord_1_tsuno_heizoo_minihead_normal.png
496,lord_1_doi_3,ProfileImage/496_lord_1_doi_3_bustup_normal.png,ProfileImage/496_lord_1_doi_3_minihead_normal.png
497,lord_1_doi_toshikatsu,ProfileImage/497_lord_1_doi_toshikatsu_bustup_normal.png,ProfileImage/497_lord_1_doi_toshikatsu_minihead_normal.png
498,lord_1_togo_shigekata,ProfileImage/498_lord_1_togo_shigekata_bustup_normal.png,ProfileImage/498_lord_1_togo_shigekata_minihead_normal.png
499,lord_1_todo_2,ProfileImage/499_lord_1_todo_2_bustup_normal.png,ProfileImage/499_lord_1_todo_2_minihead_normal.png
500,lord_1_toyama_takuma,ProfileImage/500_lord_1_toyama_takuma_bustup_normal.png,ProfileImage/500_lord_1_toyama_takuma_minihead_normal.png
501,dead_lord_1_toyama_2,ProfileImage/501_dead_lord_1_toyama_2_bustup_normal.png,ProfileImage/501_dead_lord_1_toyama_2_minihead_normal.png
502,lord_1_togawa_hideyasu,ProfileImage/502_lord_1_togawa_hideyasu_bustup_normal.png,ProfileImage/502_lord_1_togawa_hideyasu_minihead_normal.png
503,lord_1_togawa_tomoyasu,ProfileImage/503_lord_1_togawa_tomoyasu_bustup_normal.png,ProfileImage/503_lord_1_togawa_tomoyasu_minihead_normal.png
504,lord_1_toki_yoritsugu,ProfileImage/504_lord_1_toki_yoritsugu_bustup_normal.png,ProfileImage/504_lord_1_toki_yoritsugu_minihead_normal.png
505,lord_1_tokuitsu_michiyuki,ProfileImage/505_lord_1_tokuitsu_michiyuki_bustup_normal.png,ProfileImage/505_lord_1_tokuitsu_michiyuki_minihead_normal.png
506,lord_1_tokugawa,ProfileImage/506_lord_1_tokugawa_bustup_normal.png,ProfileImage/506_lord_1_tokugawa_minihead_normal.png
507,lord_1_tokugawa_2,ProfileImage/507_lord_1_tokugawa_2_bustup_normal.png,ProfileImage/507_lord_1_tokugawa_2_minihead_normal.png
508,lord_1_tokugawa_hidetada,ProfileImage/508_lord_1_tokugawa_hidetada_bustup_normal.png,ProfileImage/508_lord_1_tokugawa_hidetada_minihead_normal.png
509,lord_1_tozawa_masazumi,ProfileImage/509_lord_1_tozawa_masazumi_bustup_normal.png,ProfileImage/509_lord_1_tozawa_masazumi_minihead_normal.png
510,lord_1_tomita_kagemasa,ProfileImage/510_lord_1_tomita_kagemasa_bustup_normal.png,ProfileImage/510_lord_1_tomita_kagemasa_minihead_normal.png
511,lord_1_tomita_shigemasa,ProfileImage/511_lord_1_tomita_shigemasa_bustup_normal.png,ProfileImage/511_lord_1_tomita_shigemasa_minihead_normal.png
512,lord_1_tomita_seigen,ProfileImage/512_lord_1_tomita_seigen_bustup_normal.png,ProfileImage/512_lord_1_tomita_seigen_minihead_normal.png
513,lord_1_tomita_takazane,ProfileImage/513_lord_1_tomita_takazane_bustup_normal.png,ProfileImage/513_lord_1_tomita_takazane_minihead_normal.png
514,lord_1_tominaga_sanzui,ProfileImage/514_lord_1_tominaga_sanzui_bustup_normal.png,ProfileImage/514_lord_1_tominaga_sanzui_minihead_normal.png
515,lord_1_kinoshita_hidetsugu,ProfileImage/515_lord_1_kinoshita_hidetsugu_bustup_normal.png,ProfileImage/515_lord_1_kinoshita_hidetsugu_minihead_normal.png
516,lord_1_kinoshita_4,ProfileImage/516_lord_1_kinoshita_4_bustup_normal.png,ProfileImage/516_lord_1_kinoshita_4_minihead_normal.png
517,lord_1_kinoshita,ProfileImage/517_lord_1_kinoshita_bustup_normal.png,ProfileImage/517_lord_1_kinoshita_minihead_normal.png
518,lord_1_kinoshita_hideyori,ProfileImage/518_lord_1_kinoshita_hideyori_bustup_normal.png,ProfileImage/518_lord_1_kinoshita_hideyori_minihead_normal.png
519,lord_1_torii_suneemon,ProfileImage/519_lord_1_torii_suneemon_bustup_normal.png,ProfileImage/519_lord_1_torii_suneemon_minihead_normal.png
520,lord_1_torii_tadakichi,ProfileImage/520_lord_1_torii_tadakichi_bustup_normal.png,ProfileImage/520_lord_1_torii_tadakichi_minihead_normal.png
521,lord_1_torii_mototada,ProfileImage/521_lord_1_torii_mototada_bustup_normal.png,ProfileImage/521_lord_1_torii_mototada_minihead_normal.png
522,lord_1_naito_joan,ProfileImage/522_lord_1_naito_joan_bustup_normal.png,ProfileImage/522_lord_1_naito_joan_minihead_normal.png
523,lord_1_naito_masatoyo,ProfileImage/523_lord_1_naito_masatoyo_bustup_normal.png,ProfileImage/523_lord_1_naito_masatoyo_minihead_normal.png
524,lord_1_naito_masashige,ProfileImage/524_lord_1_naito_masashige_bustup_normal.png,ProfileImage/524_lord_1_naito_masashige_minihead_normal.png
525,lord_1_naoe,ProfileImage/525_lord_1_naoe_bustup_normal.png,ProfileImage/525_lord_1_naoe_minihead_normal.png
526,lord_1_naoe_kanetsugu,ProfileImage/526_lord_1_naoe_kanetsugu_bustup_normal.png,ProfileImage/526_lord_1_naoe_kanetsugu_minihead_normal.png
527,lord_1_nagai_michitoshi,ProfileImage/527_lord_1_nagai_michitoshi_bustup_normal.png,ProfileImage/527_lord_1_nagai_michitoshi_minihead_normal.png
528,dead_lord_1_uesugi_4,ProfileImage/528_dead_lord_1_uesugi_4_bustup_normal.png,ProfileImage/528_dead_lord_1_uesugi_4_minihead_normal.png
529,lord_1_nakagawa_kiyohide,ProfileImage/529_lord_1_nakagawa_kiyohide_bustup_normal.png,ProfileImage/529_lord_1_nakagawa_kiyohide_minihead_normal.png
530,lord_1_nagasaka_tookan,ProfileImage/530_lord_1_nagasaka_tookan_bustup_normal.png,ProfileImage/530_lord_1_nagasaka_tookan_minihead_normal.png
531,lord_1_nakajima_shigefusa,ProfileImage/531_lord_1_nakajima_shigefusa_bustup_normal.png,ProfileImage/531_lord_1_nakajima_shigefusa_minihead_normal.png
532,lord_1_nakajima_kanonosuke,ProfileImage/532_lord_1_nakajima_kanonosuke_bustup_normal.png,ProfileImage/532_lord_1_nakajima_kanonosuke_minihead_normal.png
533,lord_1_chujou_kagetai,ProfileImage/533_lord_1_chujou_kagetai_bustup_normal.png,ProfileImage/533_lord_1_chujou_kagetai_minihead_normal.png
534,lord_1_nagata_tokumoto,ProfileImage/534_lord_1_nagata_tokumoto_bustup_normal.png,ProfileImage/534_lord_1_nagata_tokumoto_minihead_normal.png
535,lord_1_kitabatake_5,ProfileImage/535_lord_1_kitabatake_5_bustup_normal.png,ProfileImage/535_lord_1_kitabatake_5_minihead_normal.png
536,lord_1_gyo_shounin,ProfileImage/536_lord_1_gyo_shounin_bustup_normal.png,ProfileImage/536_lord_1_gyo_shounin_minihead_normal.png
537,lord_1_gyo,ProfileImage/537_lord_1_gyo_bustup_normal.png,ProfileImage/537_lord_1_gyo_minihead_normal.png
538,lord_1_noumin_onna,ProfileImage/538_lord_1_noumin_onna_bustup_normal.png,ProfileImage/538_lord_1_noumin_onna_minihead_normal.png
539,lord_1_nakamura_kazuuji,ProfileImage/539_lord_1_nakamura_kazuuji_bustup_normal.png,ProfileImage/539_lord_1_nakamura_kazuuji_minihead_normal.png
540,lord_1_michikawa_hyooebee,ProfileImage/540_lord_1_michikawa_hyooebee_bustup_normal.png,ProfileImage/540_lord_1_michikawa_hyooebee_minihead_normal.png
541,lord_1_nakayama_tomomasa,ProfileImage/541_lord_1_nakayama_tomomasa_bustup_normal.png,ProfileImage/541_lord_1_nakayama_tomomasa_minihead_normal.png
542,lord_1_nagoya_sanzaburo,ProfileImage/542_lord_1_nagoya_sanzaburo_bustup_normal.png,ProfileImage/542_lord_1_nagoya_sanzaburo_minihead_normal.png
543,lord_1_nasa_nihonsuke,ProfileImage/543_lord_1_nasa_nihonsuke_bustup_normal.png,ProfileImage/543_lord_1_nasa_nihonsuke_minihead_normal.png
544,lord_1_nasu_2,ProfileImage/544_lord_1_nasu_2_bustup_normal.png,ProfileImage/544_lord_1_nasu_2_minihead_normal.png
545,lord_1_nagatsuka_masaiye,ProfileImage/545_lord_1_nagatsuka_masaiye_bustup_normal.png,ProfileImage/545_lord_1_nagatsuka_masaiye_minihead_normal.png
546,lord_1_natsume_yoshinobu,ProfileImage/546_lord_1_natsume_yoshinobu_bustup_normal.png,ProfileImage/546_lord_1_natsume_yoshinobu_minihead_normal.png
547,lord_1_nabeshima_katsushige,ProfileImage/547_lord_1_nabeshima_katsushige_bustup_normal.png,ProfileImage/547_lord_1_nabeshima_katsushige_minihead_normal.png
548,lord_1_nabeshima_4,ProfileImage/548_lord_1_nabeshima_4_bustup_normal.png,ProfileImage/548_lord_1_nabeshima_4_minihead_normal.png
549,lord_1_ruzon_sukezaemon,ProfileImage/549_lord_1_ruzon_sukezaemon_bustup_normal.png,ProfileImage/549_lord_1_ruzon_sukezaemon_minihead_normal.png
550,lord_1_narita,ProfileImage/550_lord_1_narita_bustup_normal.png,ProfileImage/550_lord_1_narita_minihead_normal.png
551,lord_1_narita_nagatada,ProfileImage/551_lord_1_narita_nagatada_bustup_normal.png,ProfileImage/551_lord_1_narita_nagatada_minihead_normal.png
552,lord_1_narita_2,ProfileImage/552_lord_1_narita_2_bustup_normal.png,ProfileImage/552_lord_1_narita_2_minihead_normal.png
553,lord_1_narinatsu_nobukatsu,ProfileImage/553_lord_1_narinatsu_nobukatsu_bustup_normal.png,ProfileImage/553_lord_1_narinatsu_nobukatsu_minihead_normal.png
554,lord_1_narutomi_shigeaki,ProfileImage/554_lord_1_narutomi_shigeaki_bustup_normal.png,ProfileImage/554_lord_1_narutomi_shigeaki_minihead_normal.png
555,lord_1_nanbu_toshinao,ProfileImage/555_lord_1_nanbu_toshinao_bustup_normal.png,ProfileImage/555_lord_1_nanbu_toshinao_minihead_normal.png
556,lord_1_nanbu_2,ProfileImage/556_lord_1_nanbu_2_bustup_normal.png,ProfileImage/556_lord_1_nanbu_2_minihead_normal.png
557,lord_1_nanbu,ProfileImage/557_lord_1_nanbu_bustup_normal.png,ProfileImage/557_lord_1_nanbu_minihead_normal.png
558,lord_1_niro,ProfileImage/558_lord_1_niro_bustup_normal.png,ProfileImage/558_lord_1_niro_minihead_normal.png
559,lord_1_nishikawa_jin-emon,ProfileImage/559_lord_1_nishikawa_jin-emon_bustup_normal.png,ProfileImage/559_lord_1_nishikawa_jin-emon_minihead_normal.png
560,lord_1_nishina,ProfileImage/560_lord_1_nishina_bustup_normal.png,ProfileImage/560_lord_1_nishina_minihead_normal.png
561,lord_1_nikyokurin_inosuke,ProfileImage/561_lord_1_nikyokurin_inosuke_bustup_normal.png,ProfileImage/561_lord_1_nikyokurin_inosuke_minihead_normal.png
562,lord_1_ninomiya_narutoki,ProfileImage/562_lord_1_ninomiya_narutoki_bustup_normal.png,ProfileImage/562_lord_1_ninomiya_narutoki_minihead_normal.png
563,lord_1_nihonmatsu_2,ProfileImage/563_lord_1_nihonmatsu_2_bustup_normal.png,ProfileImage/563_lord_1_nihonmatsu_2_minihead_normal.png
564,lord_1_niwa_nagashige,ProfileImage/564_lord_1_niwa_nagashige_bustup_normal.png,ProfileImage/564_lord_1_niwa_nagashige_minihead_normal.png
565,lord_1_niwa,ProfileImage/565_lord_1_niwa_bustup_normal.png,ProfileImage/565_lord_1_niwa_minihead_normal.png
566,lord_1_nukui,ProfileImage/566_lord_1_nukui_bustup_normal.png,ProfileImage/566_lord_1_nukui_minihead_normal.png
567,lord_1_numata_sukemitsu,ProfileImage/567_lord_1_numata_sukemitsu_bustup_normal.png,ProfileImage/567_lord_1_numata_sukemitsu_minihead_normal.png
568,lord_1_negishi_tokaku,ProfileImage/568_lord_1_negishi_tokaku_bustup_normal.png,ProfileImage/568_lord_1_negishi_tokaku_minihead_normal.png
569,lord_1_nenei_shigenaga,ProfileImage/569_lord_1_nenei_shigenaga_bustup_normal.png,ProfileImage/569_lord_1_nenei_shigenaga_minihead_normal.png
570,lord_1_nezu_jinpachi,ProfileImage/570_lord_1_nezu_jinpachi_bustup_normal.png,ProfileImage/570_lord_1_nezu_jinpachi_minihead_normal.png
571,lord_1_nomi_munemasa,ProfileImage/571_lord_1_nomi_munemasa_bustup_normal.png,ProfileImage/571_lord_1_nomi_munemasa_minihead_normal.png
572,lord_1_haikan_ieie,ProfileImage/572_lord_1_haikan_ieie_bustup_normal.png,ProfileImage/572_lord_1_haikan_ieie_minihead_normal.png
573,lord_1_hegawa_ujisoku,ProfileImage/573_lord_1_hegawa_ujisoku_bustup_normal.png,ProfileImage/573_lord_1_hegawa_ujisoku_minihead_normal.png
574,lord_1_haga,ProfileImage/574_lord_1_haga_bustup_normal.png,ProfileImage/574_lord_1_haga_minihead_normal.png
575,lord_1_haga_4,ProfileImage/575_lord_1_haga_4_bustup_normal.png,ProfileImage/575_lord_1_haga_4_minihead_normal.png
576,lord_1_tomono_jiroubei,ProfileImage/576_lord_1_tomono_jiroubei_bustup_normal.png,ProfileImage/576_lord_1_tomono_jiroubei_minihead_normal.png
577,lord_1_hasekura_tsunenaga,ProfileImage/577_lord_1_hasekura_tsunenaga_bustup_normal.png,ProfileImage/577_lord_1_hasekura_tsunenaga_minihead_normal.png
578,lord_1_hatakeyama_3,ProfileImage/578_lord_1_hatakeyama_3_bustup_normal.png,ProfileImage/578_lord_1_hatakeyama_3_minihead_normal.png
579,lord_1_hatakeyamayoshitsugu,ProfileImage/579_lord_1_hatakeyamayoshitsugu_bustup_normal.png,ProfileImage/579_lord_1_hatakeyamayoshitsugu_minihead_normal.png
580,dead_lord_1_notohatakeyama_2,ProfileImage/580_dead_lord_1_notohatakeyama_2_bustup_normal.png,ProfileImage/580_dead_lord_1_notohatakeyama_2_minihead_normal.png
581,lord_1_kiku_koushu,ProfileImage/581_lord_1_kiku_koushu_bustup_normal.png,ProfileImage/581_lord_1_kiku_koushu_minihead_normal.png
582,lord_1_kiku_hidenari,ProfileImage/582_lord_1_kiku_hidenari_bustup_normal.png,ProfileImage/582_lord_1_kiku_hidenari_minihead_normal.png
583,lord_1_kiku,ProfileImage/583_lord_1_kiku_bustup_normal.png,ProfileImage/583_lord_1_kiku_minihead_normal.png
584,lord_1_hachisuka_iemasa,ProfileImage/584_lord_1_hachisuka_iemasa_bustup_normal.png,ProfileImage/584_lord_1_hachisuka_iemasa_minihead_normal.png
585,lord_1_hachisuka_koroku,ProfileImage/585_lord_1_hachisuka_koroku_bustup_normal.png,ProfileImage/585_lord_1_hachisuka_koroku_minihead_normal.png
586,lord_1_hachiya_yoritaka,ProfileImage/586_lord_1_hachiya_yoritaka_bustup_normal.png,ProfileImage/586_lord_1_hachiya_yoritaka_minihead_normal.png
587,lord_1_hattori_hanzo,ProfileImage/587_lord_1_hattori_hanzo_bustup_normal.png,ProfileImage/587_lord_1_hattori_hanzo_minihead_normal.png
588,lord_1_hori_tatsuaki,ProfileImage/588_lord_1_hori_tatsuaki_bustup_normal.png,ProfileImage/588_lord_1_hori_tatsuaki_minihead_normal.png
589,lord_1_hanafusa_masanari,ProfileImage/589_lord_1_hanafusa_masanari_bustup_normal.png,ProfileImage/589_lord_1_hanafusa_masanari_minihead_normal.png
590,lord_1_hanafusa_masayuki,ProfileImage/590_lord_1_hanafusa_masayuki_bustup_normal.png,ProfileImage/590_lord_1_hanafusa_masayuki_minihead_normal.png
591,lord_1_hanafusa_norihide,ProfileImage/591_lord_1_hanafusa_norihide_bustup_normal.png,ProfileImage/591_lord_1_hanafusa_norihide_minihead_normal.png
592,lord_1_baba,ProfileImage/592_lord_1_baba_bustup_normal.png,ProfileImage/592_lord_1_baba_minihead_normal.png
593,lord_1_hayashizaki_jinsuke,ProfileImage/593_lord_1_hayashizaki_jinsuke_bustup_normal.png,ProfileImage/593_lord_1_hayashizaki_jinsuke_minihead_normal.png
594,lord_1_hayashi_hidezane,ProfileImage/594_lord_1_hayashi_hidezane_bustup_normal.png,ProfileImage/594_lord_1_hayashi_hidezane_minihead_normal.png
595,lord_1_harada_munetoki,ProfileImage/595_lord_1_harada_munetoki_bustup_normal.png,ProfileImage/595_lord_1_harada_munetoki_minihead_normal.png
596,lord_1_hara_toratane,ProfileImage/596_lord_1_hara_toratane_bustup_normal.png,ProfileImage/596_lord_1_hara_toratane_minihead_normal.png
597,lord_1_hara_masatane,ProfileImage/597_lord_1_hara_masatane_bustup_normal.png,ProfileImage/597_lord_1_hara_masatane_minihead_normal.png
598,lord_1_harimaya_munenori,ProfileImage/598_lord_1_harimaya_munenori_bustup_normal.png,ProfileImage/598_lord_1_harimaya_munenori_minihead_normal.png
599,lord_1_hanawa_naomasa,ProfileImage/599_lord_1_hanawa_naomasa_bustup_normal.png,ProfileImage/599_lord_1_hanawa_naomasa_minihead_normal.png
600,lord_1_hanawaa_danemon,ProfileImage/600_lord_1_hanawaa_danemon_bustup_normal.png,ProfileImage/600_lord_1_hanawaa_danemon_minihead_normal.png
601,lord_1_hikita_hyogoro,ProfileImage/601_lord_1_hikita_hyogoro_bustup_normal.png,ProfileImage/601_lord_1_hikita_hyogoro_minihead_normal.png
602,lord_1_hisatake_4,ProfileImage/602_lord_1_hisatake_4_bustup_normal.png,ProfileImage/602_lord_1_hisatake_4_minihead_normal.png
603,lord_1_hisatake,ProfileImage/603_lord_1_hisatake_bustup_normal.png,ProfileImage/603_lord_1_hisatake_minihead_normal.png
604,lord_1_konoike_shinroku,ProfileImage/604_lord_1_konoike_shinroku_bustup_normal.png,ProfileImage/604_lord_1_konoike_shinroku_minihead_normal.png
605,lord_1_hineno_hiromune,ProfileImage/605_lord_1_hineno_hiromune_bustup_normal.png,ProfileImage/605_lord_1_hineno_hiromune_minihead_normal.png
606,lord_1_hyakutake_kagekane,ProfileImage/606_lord_1_hyakutake_kagekane_bustup_normal.png,ProfileImage/606_lord_1_hyakutake_kagekane_minihead_normal.png
607,lord_1_hirai_keiji,ProfileImage/607_lord_1_hirai_keiji_bustup_normal.png,ProfileImage/607_lord_1_hirai_keiji_minihead_normal.png
608,lord_1_hiraiwa_chikayoshi,ProfileImage/608_lord_1_hiraiwa_chikayoshi_bustup_normal.png,ProfileImage/608_lord_1_hiraiwa_chikayoshi_minihead_normal.png
609,lord_1_hiraoka_fusami,ProfileImage/609_lord_1_hiraoka_fusami_bustup_normal.png,ProfileImage/609_lord_1_hiraoka_fusami_minihead_normal.png
610,lord_1_hiraga_motomasa,ProfileImage/610_lord_1_hiraga_motomasa_bustup_normal.png,ProfileImage/610_lord_1_hiraga_motomasa_minihead_normal.png
611,lord_1_hirate_hanyu,ProfileImage/611_lord_1_hirate_hanyu_bustup_normal.png,ProfileImage/611_lord_1_hirate_hanyu_minihead_normal.png
612,lord_1_hirano_nagayasu,ProfileImage/612_lord_1_hirano_nagayasu_bustup_normal.png,ProfileImage/612_lord_1_hirano_nagayasu_minihead_normal.png
613,lord_1_fuuma_kotaroo,ProfileImage/613_lord_1_fuuma_kotaroo_bustup_normal.png,ProfileImage/613_lord_1_fuuma_kotaroo_minihead_normal.png
614,lord_1_fukamizu_nagatomo,ProfileImage/614_lord_1_fukamizu_nagatomo_bustup_normal.png,ProfileImage/614_lord_1_fukamizu_nagatomo_minihead_normal.png
615,lord_1_fukushima_masanori,ProfileImage/615_lord_1_fukushima_masanori_bustup_normal.png,ProfileImage/615_lord_1_fukushima_masanori_minihead_normal.png
616,lord_1_fukudome_1,ProfileImage/616_lord_1_fukudome_1_bustup_normal.png,ProfileImage/616_lord_1_fukudome_1_minihead_normal.png
617,lord_1_fukudome,ProfileImage/617_lord_1_fukudome_bustup_normal.png,ProfileImage/617_lord_1_fukudome_minihead_normal.png
618,lord_1_fukuhara_sadatoshi,ProfileImage/618_lord_1_fukuhara_sadatoshi_bustup_normal.png,ProfileImage/618_lord_1_fukuhara_sadatoshi_minihead_normal.png
619,lord_1_furuta_oribe,ProfileImage/619_lord_1_furuta_oribe_bustup_normal.png,ProfileImage/619_lord_1_furuta_oribe_minihead_normal.png
620,lord_1_fuwa_mitsuji,ProfileImage/620_lord_1_fuwa_mitsuji_bustup_normal.png,ProfileImage/620_lord_1_fuwa_mitsuji_minihead_normal.png
621,lord_1_bessho_4,ProfileImage/621_lord_1_bessho_4_bustup_normal.png,ProfileImage/621_lord_1_bessho_4_minihead_normal.png
622,lord_1_hoitada_motokiyo,ProfileImage/622_lord_1_hoitada_motokiyo_bustup_normal.png,ProfileImage/622_lord_1_hoitada_motokiyo_minihead_normal.png
623,lord_1_hojo_shi,ProfileImage/623_lord_1_hojo_shi_bustup_normal.png,ProfileImage/623_lord_1_hojo_shi_minihead_normal.png
624,lord_1_hojo_7,ProfileImage/624_lord_1_hojo_7_bustup_normal.png,ProfileImage/624_lord_1_hojo_7_minihead_normal.png
625,lord_1_hojo_ujishige,ProfileImage/625_lord_1_hojo_ujishige_bustup_normal.png,ProfileImage/625_lord_1_hojo_ujishige_minihead_normal.png
626,lord_1_hojo_5,ProfileImage/626_lord_1_hojo_5_bustup_normal.png,ProfileImage/626_lord_1_hojo_5_minihead_normal.png
627,lord_1_hojo_4,ProfileImage/627_lord_1_hojo_4_bustup_normal.png,ProfileImage/627_lord_1_hojo_4_minihead_normal.png
628,lord_1_hojo_9,ProfileImage/628_lord_1_hojo_9_bustup_normal.png,ProfileImage/628_lord_1_hojo_9_minihead_normal.png
629,lord_1_hojo,ProfileImage/629_lord_1_hojo_bustup_normal.png,ProfileImage/629_lord_1_hojo_minihead_normal.png
630,lord_1_hojo_2,ProfileImage/630_lord_1_hojo_2_bustup_normal.png,ProfileImage/630_lord_1_hojo_2_minihead_normal.png
631,lord_1_hojo_11,ProfileImage/631_lord_1_hojo_11_bustup_normal.png,ProfileImage/631_lord_1_hojo_11_minihead_normal.png
632,lord_1_hojo_tsunashige,ProfileImage/632_lord_1_hojo_tsunashige_bustup_normal.png,ProfileImage/632_lord_1_hojo_tsunashige_minihead_normal.png
633,lord_1_hoozooin_inei,ProfileImage/633_lord_1_hoozooin_inei_bustup_normal.png,ProfileImage/633_lord_1_hoozooin_inei_minihead_normal.png
634,lord_1_hoshina_masatoshi,ProfileImage/634_lord_1_hoshina_masatoshi_bustup_normal.png,ProfileImage/634_lord_1_hoshina_masatoshi_minihead_normal.png
635,lord_1_yasui_doton,ProfileImage/635_lord_1_yasui_doton_bustup_normal.png,ProfileImage/635_lord_1_yasui_doton_minihead_normal.png
636,lord_1_hosokawa_2,ProfileImage/636_lord_1_hosokawa_2_bustup_normal.png,ProfileImage/636_lord_1_hosokawa_2_minihead_normal.png
637,lord_1_hosokawa_harumoto,ProfileImage/637_lord_1_hosokawa_harumoto_bustup_normal.png,ProfileImage/637_lord_1_hosokawa_harumoto_minihead_normal.png
638,lord_1_hosokawa_yuu,ProfileImage/638_lord_1_hosokawa_yuu_bustup_normal.png,ProfileImage/638_lord_1_hosokawa_yuu_minihead_normal.png
639,lord_1_horio_tadauji,ProfileImage/639_lord_1_horio_tadauji_bustup_normal.png,ProfileImage/639_lord_1_horio_tadauji_minihead_normal.png
640,lord_1_horio_yoshiharu,ProfileImage/640_lord_1_horio_yoshiharu_bustup_normal.png,ProfileImage/640_lord_1_horio_yoshiharu_minihead_normal.png
641,lord_1_horii_naomasa,ProfileImage/641_lord_1_horii_naomasa_bustup_normal.png,ProfileImage/641_lord_1_horii_naomasa_minihead_normal.png
642,lord_1_horiuchi_shizen,ProfileImage/642_lord_1_horiuchi_shizen_bustup_normal.png,ProfileImage/642_lord_1_horiuchi_shizen_minihead_normal.png
643,lord_1_horii_hideharu,ProfileImage/643_lord_1_horii_hideharu_bustup_normal.png,ProfileImage/643_lord_1_horii_hideharu_minihead_normal.png
644,lord_1_horii_hidemasa,ProfileImage/644_lord_1_horii_hidemasa_bustup_normal.png,ProfileImage/644_lord_1_horii_hidemasa_minihead_normal.png
645,lord_1_honinbo_sansa,ProfileImage/645_lord_1_honinbo_sansa_bustup_normal.png,ProfileImage/645_lord_1_honinbo_sansa_minihead_normal.png
646,lord_1_honganji_2,ProfileImage/646_lord_1_honganji_2_bustup_normal.png,ProfileImage/646_lord_1_honganji_2_minihead_normal.png
647,lord_1_honganji,ProfileImage/647_lord_1_honganji_bustup_normal.png,ProfileImage/647_lord_1_honganji_minihead_normal.png
648,lord_1_honganji_junnyo,ProfileImage/648_lord_1_honganji_junnyo_bustup_normal.png,ProfileImage/648_lord_1_honganji_junnyo_minihead_normal.png
649,lord_1_hongo,ProfileImage/649_lord_1_hongo_bustup_normal.png,ProfileImage/649_lord_1_hongo_minihead_normal.png
650,lord_1_honjo,ProfileImage/650_lord_1_honjo_bustup_normal.png,ProfileImage/650_lord_1_honjo_minihead_normal.png
651,lord_1_honda_2,ProfileImage/651_lord_1_honda_2_bustup_normal.png,ProfileImage/651_lord_1_honda_2_minihead_normal.png
652,lord_1_honda,ProfileImage/652_lord_1_honda_bustup_normal.png,ProfileImage/652_lord_1_honda_minihead_normal.png
653,lord_1_honda_tadatomo,ProfileImage/653_lord_1_honda_tadatomo_bustup_normal.png,ProfileImage/653_lord_1_honda_tadatomo_minihead_normal.png
654,lord_1_honda_tadamasa,ProfileImage/654_lord_1_honda_tadamasa_bustup_normal.png,ProfileImage/654_lord_1_honda_tadamasa_minihead_normal.png
655,lord_1_honda_8,ProfileImage/655_lord_1_honda_8_bustup_normal.png,ProfileImage/655_lord_1_honda_8_minihead_normal.png
656,lord_1_honda_6,ProfileImage/656_lord_1_honda_6_bustup_normal.png,ProfileImage/656_lord_1_honda_6_minihead_normal.png
657,lord_1_maeda_keiji,ProfileImage/657_lord_1_maeda_keiji_bustup_normal.png,ProfileImage/657_lord_1_maeda_keiji_minihead_normal.png
658,lord_1_maeda_geni,ProfileImage/658_lord_1_maeda_geni_bustup_normal.png,ProfileImage/658_lord_1_maeda_geni_minihead_normal.png
659,lord_1_maeda,ProfileImage/659_lord_1_maeda_bustup_normal.png,ProfileImage/659_lord_1_maeda_minihead_normal.png
660,lord_1_maeda_4,ProfileImage/660_lord_1_maeda_4_bustup_normal.png,ProfileImage/660_lord_1_maeda_4_minihead_normal.png
661,lord_1_maeda_toshimasa,ProfileImage/661_lord_1_maeda_toshimasa_bustup_normal.png,ProfileImage/661_lord_1_maeda_toshimasa_minihead_normal.png
662,lord_1_maeno_nagayasu,ProfileImage/662_lord_1_maeno_nagayasu_bustup_normal.png,ProfileImage/662_lord_1_maeno_nagayasu_minihead_normal.png
663,lord_1_maeba_5,ProfileImage/663_lord_1_maeba_5_bustup_normal.png,ProfileImage/663_lord_1_maeba_5_minihead_normal.png
664,lord_1_makabe_shikan,ProfileImage/664_lord_1_makabe_shikan_bustup_normal.png,ProfileImage/664_lord_1_makabe_shikan_minihead_normal.png
665,lord_1_magara_naosumi,ProfileImage/665_lord_1_magara_naosumi_bustup_normal.png,ProfileImage/665_lord_1_magara_naosumi_minihead_normal.png
666,lord_1_magara_naotaka,ProfileImage/666_lord_1_magara_naotaka_bustup_normal.png,ProfileImage/666_lord_1_magara_naotaka_minihead_normal.png
667,lord_1_masaki_tokishige,ProfileImage/667_lord_1_masaki_tokishige_bustup_normal.png,ProfileImage/667_lord_1_masaki_tokishige_minihead_normal.png
668,lord_1_masaki_2,ProfileImage/668_lord_1_masaki_2_bustup_normal.png,ProfileImage/668_lord_1_masaki_2_minihead_normal.png
669,lord_1_masaki_yoritada,ProfileImage/669_lord_1_masaki_yoritada_bustup_normal.png,ProfileImage/669_lord_1_masaki_yoritada_minihead_normal.png
670,lord_1_masuda_nagamori,ProfileImage/670_lord_1_masuda_nagamori_bustup_normal.png,ProfileImage/670_lord_1_masuda_nagamori_minihead_normal.png
671,lord_1_masudaa_motonaga,ProfileImage/671_lord_1_masudaa_motonaga_bustup_normal.png,ProfileImage/671_lord_1_masudaa_motonaga_minihead_normal.png
672,lord_1_matsui_yasuyuki,ProfileImage/672_lord_1_matsui_yasuyuki_bustup_normal.png,ProfileImage/672_lord_1_matsui_yasuyuki_minihead_normal.png
673,lord_1_matsui_tomoyasu,ProfileImage/673_lord_1_matsui_tomoyasu_bustup_normal.png,ProfileImage/673_lord_1_matsui_tomoyasu_minihead_normal.png
674,lord_1_matsukura_shigenobu,ProfileImage/674_lord_1_matsukura_shigenobu_bustup_normal.png,ProfileImage/674_lord_1_matsukura_shigenobu_minihead_normal.png
675,lord_1_matsukura_shigemasa,ProfileImage/675_lord_1_matsukura_shigemasa_bustup_normal.png,ProfileImage/675_lord_1_matsukura_shigemasa_minihead_normal.png
676,lord_1_matsushita_kahei,ProfileImage/676_lord_1_matsushita_kahei_bustup_normal.png,ProfileImage/676_lord_1_matsushita_kahei_minihead_normal.png
677,lord_1_matsudaira_tadakichi,ProfileImage/677_lord_1_matsudaira_tadakichi_bustup_normal.png,ProfileImage/677_lord_1_matsudaira_tadakichi_minihead_normal.png
678,lord_1_matsuda,ProfileImage/678_lord_1_matsuda_bustup_normal.png,ProfileImage/678_lord_1_matsuda_minihead_normal.png
679,lord_1_matsunaga,ProfileImage/679_lord_1_matsunaga_bustup_normal.png,ProfileImage/679_lord_1_matsunaga_minihead_normal.png
680,lord_1_matsunaga_2,ProfileImage/680_lord_1_matsunaga_2_bustup_normal.png,ProfileImage/680_lord_1_matsunaga_2_minihead_normal.png
681,lord_1_matsunami_yoshichika,ProfileImage/681_lord_1_matsunami_yoshichika_bustup_normal.png,ProfileImage/681_lord_1_matsunami_yoshichika_minihead_normal.png
682,lord_1_sumiya_shichirojiro,ProfileImage/682_lord_1_sumiya_shichirojiro_bustup_normal.png,ProfileImage/682_lord_1_sumiya_shichirojiro_minihead_normal.png
683,lord_1_matsuura_2,ProfileImage/683_lord_1_matsuura_2_bustup_normal.png,ProfileImage/683_lord_1_matsuura_2_minihead_normal.png
684,lord_1_matsuura,ProfileImage/684_lord_1_matsuura_bustup_normal.png,ProfileImage/684_lord_1_matsuura_minihead_normal.png
685,lord_1_manase_doosan,ProfileImage/685_lord_1_manase_doosan_bustup_normal.png,ProfileImage/685_lord_1_manase_doosan_minihead_normal.png
686,lord_1_marume_nagayoshi,ProfileImage/686_lord_1_marume_nagayoshi_bustup_normal.png,ProfileImage/686_lord_1_marume_nagayoshi_minihead_normal.png
687,lord_1_mikumo_narumochi,ProfileImage/687_lord_1_mikumo_narumochi_bustup_normal.png,ProfileImage/687_lord_1_mikumo_narumochi_minihead_normal.png
688,lord_1_onjuku_kanbei,ProfileImage/688_lord_1_onjuku_kanbei_bustup_normal.png,ProfileImage/688_lord_1_onjuku_kanbei_minihead_normal.png
689,lord_1_mizutani_taneshige,ProfileImage/689_lord_1_mizutani_taneshige_bustup_normal.png,ProfileImage/689_lord_1_mizutani_taneshige_minihead_normal.png
690,lord_1_mizuno_katsunari,ProfileImage/690_lord_1_mizuno_katsunari_bustup_normal.png,ProfileImage/690_lord_1_mizuno_katsunari_minihead_normal.png
691,lord_1_mizuno_tadashige,ProfileImage/691_lord_1_mizuno_tadashige_bustup_normal.png,ProfileImage/691_lord_1_mizuno_tadashige_minihead_normal.png
692,lord_1_mizuno_nobumoto,ProfileImage/692_lord_1_mizuno_nobumoto_bustup_normal.png,ProfileImage/692_lord_1_mizuno_nobumoto_minihead_normal.png
693,lord_1_mizuo_shoubei,ProfileImage/693_lord_1_mizuo_shoubei_bustup_normal.png,ProfileImage/693_lord_1_mizuo_shoubei_minihead_normal.png
694,lord_1_mizoguchi_hideshige,ProfileImage/694_lord_1_mizoguchi_hideshige_bustup_normal.png,ProfileImage/694_lord_1_mizoguchi_hideshige_minihead_normal.png
695,lord_1_mitoya_hisayasu,ProfileImage/695_lord_1_mitoya_hisayasu_bustup_normal.png,ProfileImage/695_lord_1_mitoya_hisayasu_minihead_normal.png
696,lord_1_mimura_ienaga,ProfileImage/696_lord_1_mimura_ienaga_bustup_normal.png,ProfileImage/696_lord_1_mimura_ienaga_minihead_normal.png
697,lord_1_mimura_motochika,ProfileImage/697_lord_1_mimura_motochika_bustup_normal.png,ProfileImage/697_lord_1_mimura_motochika_minihead_normal.png
698,lord_1_miyabe_keijun,ProfileImage/698_lord_1_miyabe_keijun_bustup_normal.png,ProfileImage/698_lord_1_miyabe_keijun_minihead_normal.png
699,lord_1_miyamoto_denta,ProfileImage/699_lord_1_miyamoto_denta_bustup_normal.png,ProfileImage/699_lord_1_miyamoto_denta_minihead_normal.png
700,lord_1_miyamotoo_musashi,ProfileImage/700_lord_1_miyamotoo_musashi_bustup_normal.png,ProfileImage/700_lord_1_miyamotoo_musashi_minihead_normal.png
701,lord_1_miyoshi_shougan,ProfileImage/701_lord_1_miyoshi_shougan_bustup_normal.png,ProfileImage/701_lord_1_miyoshi_shougan_minihead_normal.png
702,lord_1_miyoshi_nagaharu,ProfileImage/702_lord_1_miyoshi_nagaharu_bustup_normal.png,ProfileImage/702_lord_1_miyoshi_nagaharu_minihead_normal.png
703,lord_1_miyoshi_nagaatsu,ProfileImage/703_lord_1_miyoshi_nagaatsu_bustup_normal.png,ProfileImage/703_lord_1_miyoshi_nagaatsu_minihead_normal.png
704,dead_lord_1_miyoshi_1,ProfileImage/704_dead_lord_1_miyoshi_1_bustup_normal.png,ProfileImage/704_dead_lord_1_miyoshi_1_minihead_normal.png
705,lord_1_miyoshi_korezane,ProfileImage/705_lord_1_miyoshi_korezane_bustup_normal.png,ProfileImage/705_lord_1_miyoshi_korezane_minihead_normal.png
706,lord_1_miyoshi_shuui,ProfileImage/706_lord_1_miyoshi_shuui_bustup_normal.png,ProfileImage/706_lord_1_miyoshi_shuui_minihead_normal.png
707,lord_1_miyoshi_yoshiyuki,ProfileImage/707_lord_1_miyoshi_yoshiyuki_bustup_normal.png,ProfileImage/707_lord_1_miyoshi_yoshiyuki_minihead_normal.png
708,lord_1_miyoshi_jikkyu,ProfileImage/708_lord_1_miyoshi_jikkyu_bustup_normal.png,ProfileImage/708_lord_1_miyoshi_jikkyu_minihead_normal.png
709,lord_1_miyoshi,ProfileImage/709_lord_1_miyoshi_bustup_normal.png,ProfileImage/709_lord_1_miyoshi_minihead_normal.png
710,spc_suruga_shu_leader_2,ProfileImage/710_spc_suruga_shu_leader_2_bustup_normal.png,ProfileImage/710_spc_suruga_shu_leader_2_minihead_normal.png
711,lord_1_murai_sadakatsu,ProfileImage/711_lord_1_murai_sadakatsu_bustup_normal.png,ProfileImage/711_lord_1_murai_sadakatsu_minihead_normal.png
712,lord_1_murai_nagayori,ProfileImage/712_lord_1_murai_nagayori_bustup_normal.png,ProfileImage/712_lord_1_murai_nagayori_minihead_normal.png
713,lord_2_murakami_8,ProfileImage/713_lord_2_murakami_8_bustup_normal.png,ProfileImage/713_lord_2_murakami_8_minihead_normal.png
714,lord_1_murakami,ProfileImage/714_lord_1_murakami_bustup_normal.png,ProfileImage/714_lord_1_murakami_minihead_normal.png
715,lord_1_murakami_2,ProfileImage/715_lord_1_murakami_2_bustup_normal.png,ProfileImage/715_lord_1_murakami_2_minihead_normal.png
716,lord_2_murakami,ProfileImage/716_lord_2_murakami_bustup_normal.png,ProfileImage/716_lord_2_murakami_minihead_normal.png
717,lord_1_mochiku_katsuteru,ProfileImage/717_lord_1_mochiku_katsuteru_bustup_normal.png,ProfileImage/717_lord_1_mochiku_katsuteru_minihead_normal.png
718,lord_1_mori_katsunaga,ProfileImage/718_lord_1_mori_katsunaga_bustup_normal.png,ProfileImage/718_lord_1_mori_katsunaga_minihead_normal.png
719,lord_1_mori_shigeyoshi,ProfileImage/719_lord_1_mori_shigeyoshi_bustup_normal.png,ProfileImage/719_lord_1_mori_shigeyoshi_minihead_normal.png
720,lord_1_mori_3,ProfileImage/720_lord_1_mori_3_bustup_normal.png,ProfileImage/720_lord_1_mori_3_minihead_normal.png
721,lord_1_mori,ProfileImage/721_lord_1_mori_bustup_normal.png,ProfileImage/721_lord_1_mori_minihead_normal.png
722,lord_1_mori_1,ProfileImage/722_lord_1_mori_1_bustup_normal.png,ProfileImage/722_lord_1_mori_1_minihead_normal.png
723,lord_1_mogami_2,ProfileImage/723_lord_1_mogami_2_bustup_normal.png,ProfileImage/723_lord_1_mogami_2_minihead_normal.png
724,lord_1_mogami_yoshitoki,ProfileImage/724_lord_1_mogami_yoshitoki_bustup_normal.png,ProfileImage/724_lord_1_mogami_yoshitoki_minihead_normal.png
725,lord_1_mogami,ProfileImage/725_lord_1_mogami_bustup_normal.png,ProfileImage/725_lord_1_mogami_minihead_normal.png
726,lord_1_mochizuki_rokuroo,ProfileImage/726_lord_1_mochizuki_rokuroo_bustup_normal.png,ProfileImage/726_lord_1_mochizuki_rokuroo_minihead_normal.png
727,lord_1_motoyama_shigemune,ProfileImage/727_lord_1_motoyama_shigemune_bustup_normal.png,ProfileImage/727_lord_1_motoyama_shigemune_minihead_normal.png
728,lord_1_momi_kyonari,ProfileImage/728_lord_1_momi_kyonari_bustup_normal.png,ProfileImage/728_lord_1_momi_kyonari_minihead_normal.png
729,lord_1_momochi_sandayuu,ProfileImage/729_lord_1_momochi_sandayuu_bustup_normal.png,ProfileImage/729_lord_1_momochi_sandayuu_minihead_normal.png
730,lord_1_morishita_dooyo,ProfileImage/730_lord_1_morishita_dooyo_bustup_normal.png,ProfileImage/730_lord_1_morishita_dooyo_minihead_normal.png
731,lord_1_morii_tadamasa,ProfileImage/731_lord_1_morii_tadamasa_bustup_normal.png,ProfileImage/731_lord_1_morii_tadamasa_minihead_normal.png
732,lord_1_moori_tahei,ProfileImage/732_lord_1_moori_tahei_bustup_normal.png,ProfileImage/732_lord_1_moori_tahei_minihead_normal.png
733,lord_1_morii_nagayoshi,ProfileImage/733_lord_1_morii_nagayoshi_bustup_normal.png,ProfileImage/733_lord_1_morii_nagayoshi_minihead_normal.png
734,lord_1_morii_haru,ProfileImage/734_lord_1_morii_haru_bustup_normal.png,ProfileImage/734_lord_1_morii_haru_minihead_normal.png
735,lord_1_morii_kanenari,ProfileImage/735_lord_1_morii_kanenari_bustup_normal.png,ProfileImage/735_lord_1_morii_kanenari_minihead_normal.png
736,lord_1_morii_ranmaru,ProfileImage/736_lord_1_morii_ranmaru_bustup_normal.png,ProfileImage/736_lord_1_morii_ranmaru_minihead_normal.png
737,lord_1_shioka_ichiwa,ProfileImage/737_lord_1_shioka_ichiwa_bustup_normal.png,ProfileImage/737_lord_1_shioka_ichiwa_minihead_normal.png
738,lord_1_monchusho_tokikage,ProfileImage/738_lord_1_monchusho_tokikage_bustup_normal.png,ProfileImage/738_lord_1_monchusho_tokikage_minihead_normal.png
739,lord_1_yaita_kinbei,ProfileImage/739_lord_1_yaita_kinbei_bustup_normal.png,ProfileImage/739_lord_1_yaita_kinbei_minihead_normal.png
740,lord_1_yagyuu_sekishuusai,ProfileImage/740_lord_1_yagyuu_sekishuusai_bustup_normal.png,ProfileImage/740_lord_1_yagyuu_sekishuusai_minihead_normal.png
741,lord_1_yagyuuuu_hyoogo,ProfileImage/741_lord_1_yagyuuuu_hyoogo_bustup_normal.png,ProfileImage/741_lord_1_yagyuuuu_hyoogo_minihead_normal.png
742,lord_1_yagyuuuuuu_munenori,ProfileImage/742_lord_1_yagyuuuuuu_munenori_bustup_normal.png,ProfileImage/742_lord_1_yagyuuuuuu_munenori_minihead_normal.png
743,lord_1_shoyakuin_zenshuu,ProfileImage/743_lord_1_shoyakuin_zenshuu_bustup_normal.png,ProfileImage/743_lord_1_shoyakuin_zenshuu_minihead_normal.png
744,lord_1_yazawa_yoritsuna,ProfileImage/744_lord_1_yazawa_yoritsuna_bustup_normal.png,ProfileImage/744_lord_1_yazawa_yoritsuna_minihead_normal.png
745,lord_1_yazawa_yasukatsu,ProfileImage/745_lord_1_yazawa_yasukatsu_bustup_normal.png,ProfileImage/745_lord_1_yazawa_yasukatsu_minihead_normal.png
746,lord_1_yashiro_kageyasu,ProfileImage/746_lord_1_yashiro_kageyasu_bustup_normal.png,ProfileImage/746_lord_1_yashiro_kageyasu_minihead_normal.png
747,lord_1_yasuda_akimoto,ProfileImage/747_lord_1_yasuda_akimoto_bustup_normal.png,ProfileImage/747_lord_1_yasuda_akimoto_minihead_normal.png
748,lord_1_yasuda_nagahide,ProfileImage/748_lord_1_yasuda_nagahide_bustup_normal.png,ProfileImage/748_lord_1_yasuda_nagahide_minihead_normal.png
749,lord_1_yanagihara_hyoe,ProfileImage/749_lord_1_yanagihara_hyoe_bustup_normal.png,ProfileImage/749_lord_1_yanagihara_hyoe_minihead_normal.png
750,lord_1_yamagata,ProfileImage/750_lord_1_yamagata_bustup_normal.png,ProfileImage/750_lord_1_yamagata_minihead_normal.png
751,lord_1_yamazaki_henie,ProfileImage/751_lord_1_yamazaki_henie_bustup_normal.png,ProfileImage/751_lord_1_yamazaki_henie_minihead_normal.png
752,lord_1_yamazaki_7,ProfileImage/752_lord_1_yamazaki_7_bustup_normal.png,ProfileImage/752_lord_1_yamazaki_7_minihead_normal.png
753,lord_1_yamada_arinobu,ProfileImage/753_lord_1_yamada_arinobu_bustup_normal.png,ProfileImage/753_lord_1_yamada_arinobu_minihead_normal.png
754,lord_1_yamada_nagamasa,ProfileImage/754_lord_1_yamada_nagamasa_bustup_normal.png,ProfileImage/754_lord_1_yamada_nagamasa_minihead_normal.png
755,lord_1_yamada_sooshoo,ProfileImage/755_lord_1_yamada_sooshoo_bustup_normal.png,ProfileImage/755_lord_1_yamada_sooshoo_minihead_normal.png
756,lord_1_yamanaka_shikanosuke,ProfileImage/756_lord_1_yamanaka_shikanosuke_bustup_normal.png,ProfileImage/756_lord_1_yamanaka_shikanosuke_minihead_normal.png
757,lord_1_yamanaka_shunkou,ProfileImage/757_lord_1_yamanaka_shunkou_bustup_normal.png,ProfileImage/757_lord_1_yamanaka_shunkou_minihead_normal.png
758,lord_1_yamana_yuu,ProfileImage/758_lord_1_yamana_yuu_bustup_normal.png,ProfileImage/758_lord_1_yamana_yuu_minihead_normal.png
759,lord_1_yamana_zentaka,ProfileImage/759_lord_1_yamana_zentaka_bustup_normal.png,ProfileImage/759_lord_1_yamana_zentaka_minihead_normal.png
760,lord_1_yamauchi_kazutoyo,ProfileImage/760_lord_1_yamauchi_kazutoyo_bustup_normal.png,ProfileImage/760_lord_1_yamauchi_kazutoyo_minihead_normal.png
761,lord_1_yamamoto_kansuke,ProfileImage/761_lord_1_yamamoto_kansuke_bustup_normal.png,ProfileImage/761_lord_1_yamamoto_kansuke_minihead_normal.png
762,lord_1_yuasa_gosuke,ProfileImage/762_lord_1_yuasa_gosuke_bustup_normal.png,ProfileImage/762_lord_1_yuasa_gosuke_minihead_normal.png
763,lord_1_yuki,ProfileImage/763_lord_1_yuki_bustup_normal.png,ProfileImage/763_lord_1_yuki_minihead_normal.png
764,lord_1_yuki_hideyasu,ProfileImage/764_lord_1_yuki_hideyasu_bustup_normal.png,ProfileImage/764_lord_1_yuki_hideyasu_minihead_normal.png
765,lord_1_yuki_matsurigoto,ProfileImage/765_lord_1_yuki_matsurigoto_bustup_normal.png,ProfileImage/765_lord_1_yuki_matsurigoto_minihead_normal.png
766,lord_1_yusa,ProfileImage/766_lord_1_yusa_bustup_normal.png,ProfileImage/766_lord_1_yusa_minihead_normal.png
767,lord_1_yuri_kanenosuke,ProfileImage/767_lord_1_yuri_kanenosuke_bustup_normal.png,ProfileImage/767_lord_1_yuri_kanenosuke_minihead_normal.png
768,lord_1_yokoya_sakon,ProfileImage/768_lord_1_yokoya_sakon_bustup_normal.png,ProfileImage/768_lord_1_yokoya_sakon_minihead_normal.png
769,lord_1_yoshie_kagekatsu,ProfileImage/769_lord_1_yoshie_kagekatsu_bustup_normal.png,ProfileImage/769_lord_1_yoshie_kagekatsu_minihead_normal.png
770,lord_1_yoshioka_kenpoo,ProfileImage/770_lord_1_yoshioka_kenpoo_bustup_normal.png,ProfileImage/770_lord_1_yoshioka_kenpoo_minihead_normal.png
771,lord_1_yoshioka_seijuroo,ProfileImage/771_lord_1_yoshioka_seijuroo_bustup_normal.png,ProfileImage/771_lord_1_yoshioka_seijuroo_minihead_normal.png
772,lord_1_yoshioka_denshiroo,ProfileImage/772_lord_1_yoshioka_denshiroo_bustup_normal.png,ProfileImage/772_lord_1_yoshioka_denshiroo_minihead_normal.png
773,lord_1_yoshioka_nagazane,ProfileImage/773_lord_1_yoshioka_nagazane_bustup_normal.png,ProfileImage/773_lord_1_yoshioka_nagazane_minihead_normal.png
774,lord_1_yoshida,ProfileImage/774_lord_1_yoshida_bustup_normal.png,ProfileImage/774_lord_1_yoshida_minihead_normal.png
775,dead_lord_1_yoshida_7,ProfileImage/775_dead_lord_1_yoshida_7_bustup_normal.png,ProfileImage/775_dead_lord_1_yoshida_7_minihead_normal.png
776,lord_1_yoshida_masashige,ProfileImage/776_lord_1_yoshida_masashige_bustup_normal.png,ProfileImage/776_lord_1_yoshida_masashige_minihead_normal.png
777,lord_1_yoshida_yasutoshi,ProfileImage/777_lord_1_yoshida_yasutoshi_bustup_normal.png,ProfileImage/777_lord_1_yoshida_yasutoshi_minihead_normal.png
778,lord_1_yoshihiro,ProfileImage/778_lord_1_yoshihiro_bustup_normal.png,ProfileImage/778_lord_1_yoshihiro_minihead_normal.png
779,lord_1_yoshimi,ProfileImage/779_lord_1_yoshimi_bustup_normal.png,ProfileImage/779_lord_1_yoshimi_minihead_normal.png
780,lord_1_yose_kurando,ProfileImage/780_lord_1_yose_kurando_bustup_normal.png,ProfileImage/780_lord_1_yose_kurando_minihead_normal.png
781,lord_1_yodoya_tsunayasu,ProfileImage/781_lord_1_yodoya_tsunayasu_bustup_normal.png,ProfileImage/781_lord_1_yodoya_tsunayasu_minihead_normal.png
782,lord_1_yanada_toozaemon,ProfileImage/782_lord_1_yanada_toozaemon_bustup_normal.png,ProfileImage/782_lord_1_yanada_toozaemon_minihead_normal.png
783,lord_1_yorika_sakyo,ProfileImage/783_lord_1_yorika_sakyo_bustup_normal.png,ProfileImage/783_lord_1_yorika_sakyo_minihead_normal.png
784,lord_1_ryuzoji_chikaie,ProfileImage/784_lord_1_ryuzoji_chikaie_bustup_normal.png,ProfileImage/784_lord_1_ryuzoji_chikaie_minihead_normal.png
785,lord_1_ryuzoji,ProfileImage/785_lord_1_ryuzoji_bustup_normal.png,ProfileImage/785_lord_1_ryuzoji_minihead_normal.png
786,lord_1_ryuzoji_11,ProfileImage/786_lord_1_ryuzoji_11_bustup_normal.png,ProfileImage/786_lord_1_ryuzoji_11_minihead_normal.png
787,lord_1_ryuzoji_8,ProfileImage/787_lord_1_ryuzoji_8_bustup_normal.png,ProfileImage/787_lord_1_ryuzoji_8_minihead_normal.png
788,lord_1_ryuzoji_3,ProfileImage/788_lord_1_ryuzoji_3_bustup_normal.png,ProfileImage/788_lord_1_ryuzoji_3_minihead_normal.png
789,lord_1_rusu,ProfileImage/789_lord_1_rusu_bustup_normal.png,ProfileImage/789_lord_1_rusu_minihead_normal.png
790,lord_1_rokkaku_shou,ProfileImage/790_lord_1_rokkaku_shou_bustup_normal.png,ProfileImage/790_lord_1_rokkaku_shou_minihead_normal.png
791,lord_1_rokkaku_2,ProfileImage/791_lord_1_rokkaku_2_bustup_normal.png,ProfileImage/791_lord_1_rokkaku_2_minihead_normal.png
792,lord_1_wakabayashi_shigeoki,ProfileImage/792_lord_1_wakabayashi_shigeoki_bustup_normal.png,ProfileImage/792_lord_1_wakabayashi_shigeoki_minihead_normal.png
793,lord_1_kyouzaka_yasuharu,ProfileImage/793_lord_1_kyouzaka_yasuharu_bustup_normal.png,ProfileImage/793_lord_1_kyouzaka_yasuharu_minihead_normal.png
794,lord_1_bunbu_mitsuyoshi,ProfileImage/794_lord_1_bunbu_mitsuyoshi_bustup_normal.png,ProfileImage/794_lord_1_bunbu_mitsuyoshi_minihead_normal.png
795,lord_1_wada_akira,ProfileImage/795_lord_1_wada_akira_bustup_normal.png,ProfileImage/795_lord_1_wada_akira_minihead_normal.png
796,lord_1_wada_koremasa,ProfileImage/796_lord_1_wada_koremasa_bustup_normal.png,ProfileImage/796_lord_1_wada_koremasa_minihead_normal.png
797,lord_1_watanabe_kanbei,ProfileImage/797_lord_1_watanabe_kanbei_bustup_normal.png,ProfileImage/797_lord_1_watanabe_kanbei_minihead_normal.png
798,lord_1_watanabe_moritsuna,ProfileImage/798_lord_1_watanabe_moritsuna_bustup_normal.png,ProfileImage/798_lord_1_watanabe_moritsuna_minihead_normal.png
799,lord_1_watari,ProfileImage/799_lord_1_watari_bustup_normal.png,ProfileImage/799_lord_1_watari_minihead_normal.png
800,lord_1_uesugi_norimasa,ProfileImage/800_lord_1_uesugi_norimasa_bustup_normal.png,ProfileImage/800_lord_1_uesugi_norimasa_minihead_normal.png
801,dead_lord_1_takeda_2,ProfileImage/801_dead_lord_1_takeda_2_bustup_normal.png,ProfileImage/801_dead_lord_1_takeda_2_minihead_normal.png
802,lord_1_ouchi_yoshitaka,ProfileImage/802_lord_1_ouchi_yoshitaka_bustup_normal.png,ProfileImage/802_lord_1_ouchi_yoshitaka_minihead_normal.png
803,dead_lord_1_oda_2,ProfileImage/803_dead_lord_1_oda_2_bustup_normal.png,ProfileImage/803_dead_lord_1_oda_2_minihead_normal.png
804,lord_1_matsudaira_hirotada,ProfileImage/804_lord_1_matsudaira_hirotada_bustup_normal.png,ProfileImage/804_lord_1_matsudaira_hirotada_minihead_normal.png
805,lord_1_hirate_masahide,ProfileImage/805_lord_1_hirate_masahide_bustup_normal.png,ProfileImage/805_lord_1_hirate_masahide_minihead_normal.png
806,lord_1_kuki_kiyotaka,ProfileImage/806_lord_1_kuki_kiyotaka_bustup_normal.png,ProfileImage/806_lord_1_kuki_kiyotaka_minihead_normal.png
807,lord_1_hatakeyama,ProfileImage/807_lord_1_hatakeyama_bustup_normal.png,ProfileImage/807_lord_1_hatakeyama_minihead_normal.png
808,lord_1_akamatsu_harumasa,ProfileImage/808_lord_1_akamatsu_harumasa_bustup_normal.png,ProfileImage/808_lord_1_akamatsu_harumasa_minihead_normal.png
809,lord_1_shouni_fuyuhisa,ProfileImage/809_lord_1_shouni_fuyuhisa_bustup_normal.png,ProfileImage/809_lord_1_shouni_fuyuhisa_minihead_normal.png
810,lord_1_arima,ProfileImage/810_lord_1_arima_bustup_normal.png,ProfileImage/810_lord_1_arima_minihead_normal.png
811,dead_lord_1_otomo_1,ProfileImage/811_dead_lord_1_otomo_1_bustup_normal.png,ProfileImage/811_dead_lord_1_otomo_1_minihead_normal.png
812,lord_1_honganji_shounyo,ProfileImage/812_lord_1_honganji_shounyo_bustup_normal.png,ProfileImage/812_lord_1_honganji_shounyo_minihead_normal.png
813,lord_1_daihoji,ProfileImage/813_lord_1_daihoji_bustup_normal.png,ProfileImage/813_lord_1_daihoji_minihead_normal.png
814,lord_1_shiba_yoshitomi,ProfileImage/814_lord_1_shiba_yoshitomi_bustup_normal.png,ProfileImage/814_lord_1_shiba_yoshitomi_minihead_normal.png
815,lord_1_oda_nobutomo,ProfileImage/815_lord_1_oda_nobutomo_bustup_normal.png,ProfileImage/815_lord_1_oda_nobutomo_minihead_normal.png
816,lord_1_hosokawa_shi,ProfileImage/816_lord_1_hosokawa_shi_bustup_normal.png,ProfileImage/816_lord_1_hosokawa_shi_minihead_normal.png
817,lord_1_rokkaku_tei,ProfileImage/817_lord_1_rokkaku_tei_bustup_normal.png,ProfileImage/817_lord_1_rokkaku_tei_minihead_normal.png
818,lord_1_shimazu_katsuhisa,ProfileImage/818_lord_1_shimazu_katsuhisa_bustup_normal.png,ProfileImage/818_lord_1_shimazu_katsuhisa_minihead_normal.png
819,dead_lord_1_tsutsui_4,ProfileImage/819_dead_lord_1_tsutsui_4_bustup_normal.png,ProfileImage/819_dead_lord_1_tsutsui_4_minihead_normal.png
820,lord_1_nikaido,ProfileImage/820_lord_1_nikaido_bustup_normal.png,ProfileImage/820_lord_1_nikaido_minihead_normal.png
821,lord_1_ichinomiya_zuibasai,ProfileImage/821_lord_1_ichinomiya_zuibasai_bustup_normal.png,ProfileImage/821_lord_1_ichinomiya_zuibasai_minihead_normal.png
822,lord_1_arima_sei,ProfileImage/822_lord_1_arima_sei_bustup_normal.png,ProfileImage/822_lord_1_arima_sei_minihead_normal.png
823,dead_lord_1_sagara_1,ProfileImage/823_dead_lord_1_sagara_1_bustup_normal.png,ProfileImage/823_dead_lord_1_sagara_1_minihead_normal.png
824,lord_1_murakami_yoshimitsu,ProfileImage/824_lord_1_murakami_yoshimitsu_bustup_normal.png,ProfileImage/824_lord_1_murakami_yoshimitsu_minihead_normal.png
825,lord_1_iwama_oguma,ProfileImage/825_lord_1_iwama_oguma_bustup_normal.png,ProfileImage/825_lord_1_iwama_oguma_minihead_normal.png
826,lord_1_ganshojii_masakage,ProfileImage/826_lord_1_ganshojii_masakage_bustup_normal.png,ProfileImage/826_lord_1_ganshojii_masakage_minihead_normal.png
827,lord_1_matsunaga_nagayori,ProfileImage/827_lord_1_matsunaga_nagayori_bustup_normal.png,ProfileImage/827_lord_1_matsunaga_nagayori_minihead_normal.png
828,lord_1_mori_hidemoto,ProfileImage/828_lord_1_mori_hidemoto_bustup_normal.png,ProfileImage/828_lord_1_mori_hidemoto_minihead_normal.png
829,lord_1_otsuki_kyuuhaku,ProfileImage/829_lord_1_otsuki_kyuuhaku_bustup_normal.png,ProfileImage/829_lord_1_otsuki_kyuuhaku_minihead_normal.png
830,lord_1_yusa_shinkyou,ProfileImage/830_lord_1_yusa_shinkyou_bustup_normal.png,ProfileImage/830_lord_1_yusa_shinkyou_minihead_normal.png
831,lord_1_takakita_shotetsu,ProfileImage/831_lord_1_takakita_shotetsu_bustup_normal.png,ProfileImage/831_lord_1_takakita_shotetsu_minihead_normal.png
832,lord_1_reizei_takahiro,ProfileImage/832_lord_1_reizei_takahiro_bustup_normal.png,ProfileImage/832_lord_1_reizei_takahiro_minihead_normal.png
833,lord_1_sagara_takeshinin,ProfileImage/833_lord_1_sagara_takeshinin_bustup_normal.png,ProfileImage/833_lord_1_sagara_takeshinin_minihead_normal.png
834,lord_1_iida_okihide,ProfileImage/834_lord_1_iida_okihide_bustup_normal.png,ProfileImage/834_lord_1_iida_okihide_minihead_normal.png
835,lord_1_kodama_narikata,ProfileImage/835_lord_1_kodama_narikata_bustup_normal.png,ProfileImage/835_lord_1_kodama_narikata_minihead_normal.png
836,lord_1_shirai_katahide,ProfileImage/836_lord_1_shirai_katahide_bustup_normal.png,ProfileImage/836_lord_1_shirai_katahide_minihead_normal.png
837,lord_1_oda_nobumitsu,ProfileImage/837_lord_1_oda_nobumitsu_bustup_normal.png,ProfileImage/837_lord_1_oda_nobumitsu_minihead_normal.png
838,lord_1_oyamada_nobuari,ProfileImage/838_lord_1_oyamada_nobuari_bustup_normal.png,ProfileImage/838_lord_1_oyamada_nobuari_minihead_normal.png
839,lord_1_amago_kunihisa,ProfileImage/839_lord_1_amago_kunihisa_bustup_normal.png,ProfileImage/839_lord_1_amago_kunihisa_minihead_normal.png
840,dead_lord_1_amago_1,ProfileImage/840_dead_lord_1_amago_1_bustup_normal.png,ProfileImage/840_dead_lord_1_amago_1_minihead_normal.png
841,lord_1_sakaii_daizen,ProfileImage/841_lord_1_sakaii_daizen_bustup_normal.png,ProfileImage/841_lord_1_sakaii_daizen_minihead_normal.png
842,dead_lord_1_bessho_2,ProfileImage/842_dead_lord_1_bessho_2_bustup_normal.png,ProfileImage/842_dead_lord_1_bessho_2_minihead_normal.png
843,lord_1_shido_hiroyoshi,ProfileImage/843_lord_1_shido_hiroyoshi_bustup_normal.png,ProfileImage/843_lord_1_shido_hiroyoshi_minihead_normal.png
844,lord_1_nabeshima,ProfileImage/844_lord_1_nabeshima_bustup_normal.png,ProfileImage/844_lord_1_nabeshima_minihead_normal.png
845,lord_1_kamiya_shoosaku,ProfileImage/845_lord_1_kamiya_shoosaku_bustup_normal.png,ProfileImage/845_lord_1_kamiya_shoosaku_minihead_normal.png
846,lord_1_naito_okimori,ProfileImage/846_lord_1_naito_okimori_bustup_normal.png,ProfileImage/846_lord_1_naito_okimori_minihead_normal.png
847,lord_1_shimazu_sanekisa,ProfileImage/847_lord_1_shimazu_sanekisa_bustup_normal.png,ProfileImage/847_lord_1_shimazu_sanekisa_minihead_normal.png
848,lord_1_inoue_motokane,ProfileImage/848_lord_1_inoue_motokane_bustup_normal.png,ProfileImage/848_lord_1_inoue_motokane_minihead_normal.png
849,lord_1_tsuda_sootatsu,ProfileImage/849_lord_1_tsuda_sootatsu_bustup_normal.png,ProfileImage/849_lord_1_tsuda_sootatsu_minihead_normal.png
850,lord_1_aso_tada,ProfileImage/850_lord_1_aso_tada_bustup_normal.png,ProfileImage/850_lord_1_aso_tada_minihead_normal.png
851,lord_1_tsuda_sancho,ProfileImage/851_lord_1_tsuda_sancho_bustup_normal.png,ProfileImage/851_lord_1_tsuda_sancho_minihead_normal.png
852,lord_1_sugi_shigenori,ProfileImage/852_lord_1_sugi_shigenori_bustup_normal.png,ProfileImage/852_lord_1_sugi_shigenori_minihead_normal.png
853,lord_1_kii_5,ProfileImage/853_lord_1_kii_5_bustup_normal.png,ProfileImage/853_lord_1_kii_5_minihead_normal.png
854,lord_1_kasai_seitane,ProfileImage/854_lord_1_kasai_seitane_bustup_normal.png,ProfileImage/854_lord_1_kasai_seitane_minihead_normal.png
855,lord_1_ryuzojii_takeshi,ProfileImage/855_lord_1_ryuzojii_takeshi_bustup_normal.png,ProfileImage/855_lord_1_ryuzojii_takeshi_minihead_normal.png
856,lord_1_saeki_koreyori,ProfileImage/856_lord_1_saeki_koreyori_bustup_normal.png,ProfileImage/856_lord_1_saeki_koreyori_minihead_normal.png
857,lord_1_uku_genmasa,ProfileImage/857_lord_1_uku_genmasa_bustup_normal.png,ProfileImage/857_lord_1_uku_genmasa_minihead_normal.png
858,lord_1_futatsugi_jutaka,ProfileImage/858_lord_1_futatsugi_jutaka_bustup_normal.png,ProfileImage/858_lord_1_futatsugi_jutaka_minihead_normal.png
859,lord_1_takada_matahei,ProfileImage/859_lord_1_takada_matahei_bustup_normal.png,ProfileImage/859_lord_1_takada_matahei_minihead_normal.png
860,template_ninja_male_01,ProfileImage/860_template_ninja_male_01_bustup_normal.png,ProfileImage/860_template_ninja_male_01_minihead_normal.png
861,template_ninja_male_01,ProfileImage/861_template_ninja_male_01_bustup_normal.png,ProfileImage/861_template_ninja_male_01_minihead_normal.png
862,template_ninja_male_01,ProfileImage/862_template_ninja_male_01_bustup_normal.png,ProfileImage/862_template_ninja_male_01_minihead_normal.png
863,template_ninja_male_01,ProfileImage/863_template_ninja_male_01_bustup_normal.png,ProfileImage/863_template_ninja_male_01_minihead_normal.png
864,template_kunoichi_01,ProfileImage/864_template_kunoichi_01_bustup_normal.png,ProfileImage/864_template_kunoichi_01_minihead_normal.png
865,template_ninja_male_01,ProfileImage/865_template_ninja_male_01_bustup_normal.png,ProfileImage/865_template_ninja_male_01_minihead_normal.png
866,template_ninja_male_01,ProfileImage/866_template_ninja_male_01_bustup_normal.png,ProfileImage/866_template_ninja_male_01_minihead_normal.png
867,template_ninja_male_01,ProfileImage/867_template_ninja_male_01_bustup_normal.png,ProfileImage/867_template_ninja_male_01_minihead_normal.png
868,template_ninja_male_01,ProfileImage/868_template_ninja_male_01_bustup_normal.png,ProfileImage/868_template_ninja_male_01_minihead_normal.png
869,template_ninja_male_01,ProfileImage/869_template_ninja_male_01_bustup_normal.png,ProfileImage/869_template_ninja_male_01_minihead_normal.png
870,template_ninja_male_01,ProfileImage/870_template_ninja_male_01_bustup_normal.png,ProfileImage/870_template_ninja_male_01_minihead_normal.png
871,template_ninja_male_01,ProfileImage/871_template_ninja_male_01_bustup_normal.png,ProfileImage/871_template_ninja_male_01_minihead_normal.png
872,template_ninja_male_01,ProfileImage/872_template_ninja_male_01_bustup_normal.png,ProfileImage/872_template_ninja_male_01_minihead_normal.png
873,template_ninja_male_01,ProfileImage/873_template_ninja_male_01_bustup_normal.png,ProfileImage/873_template_ninja_male_01_minihead_normal.png
874,template_ninja_male_01,ProfileImage/874_template_ninja_male_01_bustup_normal.png,ProfileImage/874_template_ninja_male_01_minihead_normal.png
875,template_ninja_male_01,ProfileImage/875_template_ninja_male_01_bustup_normal.png,ProfileImage/875_template_ninja_male_01_minihead_normal.png
876,template_ninja_male_01,ProfileImage/876_template_ninja_male_01_bustup_normal.png,ProfileImage/876_template_ninja_male_01_minihead_normal.png
877,template_ninja_male_01,ProfileImage/877_template_ninja_male_01_bustup_normal.png,ProfileImage/877_template_ninja_male_01_minihead_normal.png
878,template_ninja_male_01,ProfileImage/878_template_ninja_male_01_bustup_normal.png,ProfileImage/878_template_ninja_male_01_minihead_normal.png
879,template_ninja_male_01,ProfileImage/879_template_ninja_male_01_bustup_normal.png,ProfileImage/879_template_ninja_male_01_minihead_normal.png
880,template_ninja_male_01,ProfileImage/880_template_ninja_male_01_bustup_normal.png,ProfileImage/880_template_ninja_male_01_minihead_normal.png
881,template_ninja_male_01,ProfileImage/881_template_ninja_male_01_bustup_normal.png,ProfileImage/881_template_ninja_male_01_minihead_normal.png
882,template_ninja_male_01,ProfileImage/882_template_ninja_male_01_bustup_normal.png,ProfileImage/882_template_ninja_male_01_minihead_normal.png
883,template_ninja_male_01,ProfileImage/883_template_ninja_male_01_bustup_normal.png,ProfileImage/883_template_ninja_male_01_minihead_normal.png
884,template_ninja_male_01,ProfileImage/884_template_ninja_male_01_bustup_normal.png,ProfileImage/884_template_ninja_male_01_minihead_normal.png
885,template_ninja_male_01,ProfileImage/885_template_ninja_male_01_bustup_normal.png,ProfileImage/885_template_ninja_male_01_minihead_normal.png
886,template_ninja_male_01,ProfileImage/886_template_ninja_male_01_bustup_normal.png,ProfileImage/886_template_ninja_male_01_minihead_normal.png
887,template_ninja_male_01,ProfileImage/887_template_ninja_male_01_bustup_normal.png,ProfileImage/887_template_ninja_male_01_minihead_normal.png
888,template_ninja_male_01,ProfileImage/888_template_ninja_male_01_bustup_normal.png,ProfileImage/888_template_ninja_male_01_minihead_normal.png
889,template_ninja_male_01,ProfileImage/889_template_ninja_male_01_bustup_normal.png,ProfileImage/889_template_ninja_male_01_minihead_normal.png
890,template_ninja_male_01,ProfileImage/890_template_ninja_male_01_bustup_normal.png,ProfileImage/890_template_ninja_male_01_minihead_normal.png
891,template_ninja_male_01,ProfileImage/891_template_ninja_male_01_bustup_normal.png,ProfileImage/891_template_ninja_male_01_minihead_normal.png
892,template_ninja_male_01,ProfileImage/892_template_ninja_male_01_bustup_normal.png,ProfileImage/892_template_ninja_male_01_minihead_normal.png
893,template_ninja_male_01,ProfileImage/893_template_ninja_male_01_bustup_normal.png,ProfileImage/893_template_ninja_male_01_minihead_normal.png
894,template_ninja_male_01,ProfileImage/894_template_ninja_male_01_bustup_normal.png,ProfileImage/894_template_ninja_male_01_minihead_normal.png
895,template_kunoichi_01,ProfileImage/895_template_kunoichi_01_bustup_normal.png,ProfileImage/895_template_kunoichi_01_minihead_normal.png
896,template_ninja_male_01,ProfileImage/896_template_ninja_male_01_bustup_normal.png,ProfileImage/896_template_ninja_male_01_minihead_normal.png
897,template_ninja_male_01,ProfileImage/897_template_ninja_male_01_bustup_normal.png,ProfileImage/897_template_ninja_male_01_minihead_normal.png
898,template_ninja_male_01,ProfileImage/898_template_ninja_male_01_bustup_normal.png,ProfileImage/898_template_ninja_male_01_minihead_normal.png
899,template_ninja_male_01,ProfileImage/899_template_ninja_male_01_bustup_normal.png,ProfileImage/899_template_ninja_male_01_minihead_normal.png
900,template_ninja_male_01,ProfileImage/900_template_ninja_male_01_bustup_normal.png,ProfileImage/900_template_ninja_male_01_minihead_normal.png
901,template_ninja_male_01,ProfileImage/901_template_ninja_male_01_bustup_normal.png,ProfileImage/901_template_ninja_male_01_minihead_normal.png
902,template_ninja_male_01,ProfileImage/902_template_ninja_male_01_bustup_normal.png,ProfileImage/902_template_ninja_male_01_minihead_normal.png
903,template_ninja_male_01,ProfileImage/903_template_ninja_male_01_bustup_normal.png,ProfileImage/903_template_ninja_male_01_minihead_normal.png
904,template_ninja_male_01,ProfileImage/904_template_ninja_male_01_bustup_normal.png,ProfileImage/904_template_ninja_male_01_minihead_normal.png
905,template_ninja_male_01,ProfileImage/905_template_ninja_male_01_bustup_normal.png,ProfileImage/905_template_ninja_male_01_minihead_normal.png
906,template_ninja_male_01,ProfileImage/906_template_ninja_male_01_bustup_normal.png,ProfileImage/906_template_ninja_male_01_minihead_normal.png
907,template_ninja_male_01,ProfileImage/907_template_ninja_male_01_bustup_normal.png,ProfileImage/907_template_ninja_male_01_minihead_normal.png
908,template_ninja_male_01,ProfileImage/908_template_ninja_male_01_bustup_normal.png,ProfileImage/908_template_ninja_male_01_minihead_normal.png
909,template_ninja_male_01,ProfileImage/909_template_ninja_male_01_bustup_normal.png,ProfileImage/909_template_ninja_male_01_minihead_normal.png
910,template_ninja_male_01,ProfileImage/910_template_ninja_male_01_bustup_normal.png,ProfileImage/910_template_ninja_male_01_minihead_normal.png
911,template_ninja_male_01,ProfileImage/911_template_ninja_male_01_bustup_normal.png,ProfileImage/911_template_ninja_male_01_minihead_normal.png
912,template_ninja_male_01,ProfileImage/912_template_ninja_male_01_bustup_normal.png,ProfileImage/912_template_ninja_male_01_minihead_normal.png
913,template_merchant_01,ProfileImage/913_template_merchant_01_bustup_normal.png,ProfileImage/913_template_merchant_01_minihead_normal.png
914,template_ninja_male_01,ProfileImage/914_template_ninja_male_01_bustup_normal.png,ProfileImage/914_template_ninja_male_01_minihead_normal.png
915,template_merchant_01,ProfileImage/915_template_merchant_01_bustup_normal.png,ProfileImage/915_template_merchant_01_minihead_normal.png
916,template_merchant_01,ProfileImage/916_template_merchant_01_bustup_normal.png,ProfileImage/916_template_merchant_01_minihead_normal.png
917,template_merchant_01,ProfileImage/917_template_merchant_01_bustup_normal.png,ProfileImage/917_template_merchant_01_minihead_normal.png
918,template_merchant_01,ProfileImage/918_template_merchant_01_bustup_normal.png,ProfileImage/918_template_merchant_01_minihead_normal.png
919,template_merchant_01,ProfileImage/919_template_merchant_01_bustup_normal.png,ProfileImage/919_template_merchant_01_minihead_normal.png
920,template_merchant_01,ProfileImage/920_template_merchant_01_bustup_normal.png,ProfileImage/920_template_merchant_01_minihead_normal.png
921,template_merchant_01,ProfileImage/921_template_merchant_01_bustup_normal.png,ProfileImage/921_template_merchant_01_minihead_normal.png
922,template_merchant_01,ProfileImage/922_template_merchant_01_bustup_normal.png,ProfileImage/922_template_merchant_01_minihead_normal.png
923,template_merchant_01,ProfileImage/923_template_merchant_01_bustup_normal.png,ProfileImage/923_template_merchant_01_minihead_normal.png
924,template_merchant_01,ProfileImage/924_template_merchant_01_bustup_normal.png,ProfileImage/924_template_merchant_01_minihead_normal.png
925,template_merchant_01,ProfileImage/925_template_merchant_01_bustup_normal.png,ProfileImage/925_template_merchant_01_minihead_normal.png
926,template_merchant_01,ProfileImage/926_template_merchant_01_bustup_normal.png,ProfileImage/926_template_merchant_01_minihead_normal.png
927,template_merchant_01,ProfileImage/927_template_merchant_01_bustup_normal.png,ProfileImage/927_template_merchant_01_minihead_normal.png
928,template_merchant_01,ProfileImage/928_template_merchant_01_bustup_normal.png,ProfileImage/928_template_merchant_01_minihead_normal.png
929,template_merchant_01,ProfileImage/929_template_merchant_01_bustup_normal.png,ProfileImage/929_template_merchant_01_minihead_normal.png
930,template_merchant_01,ProfileImage/930_template_merchant_01_bustup_normal.png,ProfileImage/930_template_merchant_01_minihead_normal.png
931,template_merchant_01,ProfileImage/931_template_merchant_01_bustup_normal.png,ProfileImage/931_template_merchant_01_minihead_normal.png
932,template_merchant_01,ProfileImage/932_template_merchant_01_bustup_normal.png,ProfileImage/932_template_merchant_01_minihead_normal.png
933,template_merchant_01,ProfileImage/933_template_merchant_01_bustup_normal.png,ProfileImage/933_template_merchant_01_minihead_normal.png
934,template_merchant_01,ProfileImage/934_template_merchant_01_bustup_normal.png,ProfileImage/934_template_merchant_01_minihead_normal.png
935,template_merchant_01,ProfileImage/935_template_merchant_01_bustup_normal.png,ProfileImage/935_template_merchant_01_minihead_normal.png
936,template_merchant_01,ProfileImage/936_template_merchant_01_bustup_normal.png,ProfileImage/936_template_merchant_01_minihead_normal.png
937,template_merchant_01,ProfileImage/937_template_merchant_01_bustup_normal.png,ProfileImage/937_template_merchant_01_minihead_normal.png
938,template_merchant_01,ProfileImage/938_template_merchant_01_bustup_normal.png,ProfileImage/938_template_merchant_01_minihead_normal.png
939,template_merchant_01,ProfileImage/939_template_merchant_01_bustup_normal.png,ProfileImage/939_template_merchant_01_minihead_normal.png
940,template_merchant_01,ProfileImage/940_template_merchant_01_bustup_normal.png,ProfileImage/940_template_merchant_01_minihead_normal.png
941,template_merchant_01,ProfileImage/941_template_merchant_01_bustup_normal.png,ProfileImage/941_template_merchant_01_minihead_normal.png
942,template_merchant_01,ProfileImage/942_template_merchant_01_bustup_normal.png,ProfileImage/942_template_merchant_01_minihead_normal.png
943,template_merchant_01,ProfileImage/943_template_merchant_01_bustup_normal.png,ProfileImage/943_template_merchant_01_minihead_normal.png
944,template_merchant_01,ProfileImage/944_template_merchant_01_bustup_normal.png,ProfileImage/944_template_merchant_01_minihead_normal.png
945,template_merchant_01,ProfileImage/945_template_merchant_01_bustup_normal.png,ProfileImage/945_template_merchant_01_minihead_normal.png
946,template_merchant_01,ProfileImage/946_template_merchant_01_bustup_normal.png,ProfileImage/946_template_merchant_01_minihead_normal.png
947,template_merchant_01,ProfileImage/947_template_merchant_01_bustup_normal.png,ProfileImage/947_template_merchant_01_minihead_normal.png
948,template_merchant_01,ProfileImage/948_template_merchant_01_bustup_normal.png,ProfileImage/948_template_merchant_01_minihead_normal.png
949,template_merchant_01,ProfileImage/949_template_merchant_01_bustup_normal.png,ProfileImage/949_template_merchant_01_minihead_normal.png
950,template_merchant_01,ProfileImage/950_template_merchant_01_bustup_normal.png,ProfileImage/950_template_merchant_01_minihead_normal.png
951,template_merchant_01,ProfileImage/951_template_merchant_01_bustup_normal.png,ProfileImage/951_template_merchant_01_minihead_normal.png
952,template_merchant_01,ProfileImage/952_template_merchant_01_bustup_normal.png,ProfileImage/952_template_merchant_01_minihead_normal.png
953,template_merchant_01,ProfileImage/953_template_merchant_01_bustup_normal.png,ProfileImage/953_template_merchant_01_minihead_normal.png
954,template_merchant_01,ProfileImage/954_template_merchant_01_bustup_normal.png,ProfileImage/954_template_merchant_01_minihead_normal.png
955,template_merchant_01,ProfileImage/955_template_merchant_01_bustup_normal.png,ProfileImage/955_template_merchant_01_minihead_normal.png
956,template_merchant_01,ProfileImage/956_template_merchant_01_bustup_normal.png,ProfileImage/956_template_merchant_01_minihead_normal.png
957,template_merchant_01,ProfileImage/957_template_merchant_01_bustup_normal.png,ProfileImage/957_template_merchant_01_minihead_normal.png
958,template_merchant_01,ProfileImage/958_template_merchant_01_bustup_normal.png,ProfileImage/958_template_merchant_01_minihead_normal.png
959,template_merchant_01,ProfileImage/959_template_merchant_01_bustup_normal.png,ProfileImage/959_template_merchant_01_minihead_normal.png
960,template_merchant_01,ProfileImage/960_template_merchant_01_bustup_normal.png,ProfileImage/960_template_merchant_01_minihead_normal.png
961,template_merchant_01,ProfileImage/961_template_merchant_01_bustup_normal.png,ProfileImage/961_template_merchant_01_minihead_normal.png
962,template_merchant_01,ProfileImage/962_template_merchant_01_bustup_normal.png,ProfileImage/962_template_merchant_01_minihead_normal.png
963,template_merchant_01,ProfileImage/963_template_merchant_01_bustup_normal.png,ProfileImage/963_template_merchant_01_minihead_normal.png
964,template_merchant_01,ProfileImage/964_template_merchant_01_bustup_normal.png,ProfileImage/964_template_merchant_01_minihead_normal.png
965,template_merchant_01,ProfileImage/965_template_merchant_01_bustup_normal.png,ProfileImage/965_template_merchant_01_minihead_normal.png
966,template_merchant_01,ProfileImage/966_template_merchant_01_bustup_normal.png,ProfileImage/966_template_merchant_01_minihead_normal.png
967,template_merchant_01,ProfileImage/967_template_merchant_01_bustup_normal.png,ProfileImage/967_template_merchant_01_minihead_normal.png
968,template_merchant_01,ProfileImage/968_template_merchant_01_bustup_normal.png,ProfileImage/968_template_merchant_01_minihead_normal.png
969,template_merchant_01,ProfileImage/969_template_merchant_01_bustup_normal.png,ProfileImage/969_template_merchant_01_minihead_normal.png
970,template_merchant_01,ProfileImage/970_template_merchant_01_bustup_normal.png,ProfileImage/970_template_merchant_01_minihead_normal.png
971,template_merchant_01,ProfileImage/971_template_merchant_01_bustup_normal.png,ProfileImage/971_template_merchant_01_minihead_normal.png
972,template_merchant_01,ProfileImage/972_template_merchant_01_bustup_normal.png,ProfileImage/972_template_merchant_01_minihead_normal.png
973,template_merchant_01,ProfileImage/973_template_merchant_01_bustup_normal.png,ProfileImage/973_template_merchant_01_minihead_normal.png
974,template_merchant_01,ProfileImage/974_template_merchant_01_bustup_normal.png,ProfileImage/974_template_merchant_01_minihead_normal.png
975,template_kaizoku_01,ProfileImage/975_template_kaizoku_01_bustup_normal.png,ProfileImage/975_template_kaizoku_01_minihead_normal.png
976,template_kaizoku_01,ProfileImage/976_template_kaizoku_01_bustup_normal.png,ProfileImage/976_template_kaizoku_01_minihead_normal.png
977,template_kaizoku_01,ProfileImage/977_template_kaizoku_01_bustup_normal.png,ProfileImage/977_template_kaizoku_01_minihead_normal.png
978,template_kaizoku_01,ProfileImage/978_template_kaizoku_01_bustup_normal.png,ProfileImage/978_template_kaizoku_01_minihead_normal.png
979,template_kaizoku_01,ProfileImage/979_template_kaizoku_01_bustup_normal.png,ProfileImage/979_template_kaizoku_01_minihead_normal.png
980,template_kaizoku_01,ProfileImage/980_template_kaizoku_01_bustup_normal.png,ProfileImage/980_template_kaizoku_01_minihead_normal.png
981,template_kaizoku_01,ProfileImage/981_template_kaizoku_01_bustup_normal.png,ProfileImage/981_template_kaizoku_01_minihead_normal.png
982,template_kaizoku_01,ProfileImage/982_template_kaizoku_01_bustup_normal.png,ProfileImage/982_template_kaizoku_01_minihead_normal.png
983,template_kaizoku_01,ProfileImage/983_template_kaizoku_01_bustup_normal.png,ProfileImage/983_template_kaizoku_01_minihead_normal.png
984,template_kaizoku_01,ProfileImage/984_template_kaizoku_01_bustup_normal.png,ProfileImage/984_template_kaizoku_01_minihead_normal.png
985,template_kaizoku_01,ProfileImage/985_template_kaizoku_01_bustup_normal.png,ProfileImage/985_template_kaizoku_01_minihead_normal.png
986,template_kaizoku_01,ProfileImage/986_template_kaizoku_01_bustup_normal.png,ProfileImage/986_template_kaizoku_01_minihead_normal.png
987,template_kaizoku_01,ProfileImage/987_template_kaizoku_01_bustup_normal.png,ProfileImage/987_template_kaizoku_01_minihead_normal.png
988,template_kaizoku_01,ProfileImage/988_template_kaizoku_01_bustup_normal.png,ProfileImage/988_template_kaizoku_01_minihead_normal.png
989,template_kaizoku_01,ProfileImage/989_template_kaizoku_01_bustup_normal.png,ProfileImage/989_template_kaizoku_01_minihead_normal.png
990,template_kaizoku_01,ProfileImage/990_template_kaizoku_01_bustup_normal.png,ProfileImage/990_template_kaizoku_01_minihead_normal.png
991,template_kaizoku_01,ProfileImage/991_template_kaizoku_01_bustup_normal.png,ProfileImage/991_template_kaizoku_01_minihead_normal.png
992,template_kaizoku_01,ProfileImage/992_template_kaizoku_01_bustup_normal.png,ProfileImage/992_template_kaizoku_01_minihead_normal.png
993,template_kaizoku_01,ProfileImage/993_template_kaizoku_01_bustup_normal.png,ProfileImage/993_template_kaizoku_01_minihead_normal.png
994,template_kaizoku_01,ProfileImage/994_template_kaizoku_01_bustup_normal.png,ProfileImage/994_template_kaizoku_01_minihead_normal.png
995,template_kaizoku_01,ProfileImage/995_template_kaizoku_01_bustup_normal.png,ProfileImage/995_template_kaizoku_01_minihead_normal.png
996,template_kaizoku_01,ProfileImage/996_template_kaizoku_01_bustup_normal.png,ProfileImage/996_template_kaizoku_01_minihead_normal.png
997,template_kaizoku_01,ProfileImage/997_template_kaizoku_01_bustup_normal.png,ProfileImage/997_template_kaizoku_01_minihead_normal.png
998,template_kaizoku_01,ProfileImage/998_template_kaizoku_01_bustup_normal.png,ProfileImage/998_template_kaizoku_01_minihead_normal.png
999,template_kaizoku_01,ProfileImage/999_template_kaizoku_01_bustup_normal.png,ProfileImage/999_template_kaizoku_01_minihead_normal.png
1000,template_kaizoku_01,ProfileImage/1000_template_kaizoku_01_bustup_normal.png,ProfileImage/1000_template_kaizoku_01_minihead_normal.png
1001,template_kaizoku_01,ProfileImage/1001_template_kaizoku_01_bustup_normal.png,ProfileImage/1001_template_kaizoku_01_minihead_normal.png
1002,template_kaizoku_01,ProfileImage/1002_template_kaizoku_01_bustup_normal.png,ProfileImage/1002_template_kaizoku_01_minihead_normal.png
1003,template_kaizoku_01,ProfileImage/1003_template_kaizoku_01_bustup_normal.png,ProfileImage/1003_template_kaizoku_01_minihead_normal.png
1004,template_kaizoku_01,ProfileImage/1004_template_kaizoku_01_bustup_normal.png,ProfileImage/1004_template_kaizoku_01_minihead_normal.png
1005,template_kaizoku_01,ProfileImage/1005_template_kaizoku_01_bustup_normal.png,ProfileImage/1005_template_kaizoku_01_minihead_normal.png
1006,template_kaizoku_01,ProfileImage/1006_template_kaizoku_01_bustup_normal.png,ProfileImage/1006_template_kaizoku_01_minihead_normal.png
1007,template_kaizoku_01,ProfileImage/1007_template_kaizoku_01_bustup_normal.png,ProfileImage/1007_template_kaizoku_01_minihead_normal.png
1008,template_kaizoku_01,ProfileImage/1008_template_kaizoku_01_bustup_normal.png,ProfileImage/1008_template_kaizoku_01_minihead_normal.png
1009,template_kaizoku_01,ProfileImage/1009_template_kaizoku_01_bustup_normal.png,ProfileImage/1009_template_kaizoku_01_minihead_normal.png
1010,template_kaizoku_01,ProfileImage/1010_template_kaizoku_01_bustup_normal.png,ProfileImage/1010_template_kaizoku_01_minihead_normal.png
1011,template_kaizoku_01,ProfileImage/1011_template_kaizoku_01_bustup_normal.png,ProfileImage/1011_template_kaizoku_01_minihead_normal.png
1012,template_kaizoku_01,ProfileImage/1012_template_kaizoku_01_bustup_normal.png,ProfileImage/1012_template_kaizoku_01_minihead_normal.png
1013,template_kaizoku_01,ProfileImage/1013_template_kaizoku_01_bustup_normal.png,ProfileImage/1013_template_kaizoku_01_minihead_normal.png
1014,template_kaizoku_01,ProfileImage/1014_template_kaizoku_01_bustup_normal.png,ProfileImage/1014_template_kaizoku_01_minihead_normal.png
1015,template_kaizoku_01,ProfileImage/1015_template_kaizoku_01_bustup_normal.png,ProfileImage/1015_template_kaizoku_01_minihead_normal.png
1016,template_kaizoku_01,ProfileImage/1016_template_kaizoku_01_bustup_normal.png,ProfileImage/1016_template_kaizoku_01_minihead_normal.png
1017,template_kaizoku_female_01,ProfileImage/1017_template_kaizoku_female_01_bustup_normal.png,ProfileImage/1017_template_kaizoku_female_01_minihead_normal.png
1018,template_kaizoku_female_01,ProfileImage/1018_template_kaizoku_female_01_bustup_normal.png,ProfileImage/1018_template_kaizoku_female_01_minihead_normal.png
1019,template_kaizoku_01,ProfileImage/1019_template_kaizoku_01_bustup_normal.png,ProfileImage/1019_template_kaizoku_01_minihead_normal.png
1020,template_kaizoku_01,ProfileImage/1020_template_kaizoku_01_bustup_normal.png,ProfileImage/1020_template_kaizoku_01_minihead_normal.png
1021,template_kaizoku_01,ProfileImage/1021_template_kaizoku_01_bustup_normal.png,ProfileImage/1021_template_kaizoku_01_minihead_normal.png
1022,template_kaizoku_01,ProfileImage/1022_template_kaizoku_01_bustup_normal.png,ProfileImage/1022_template_kaizoku_01_minihead_normal.png
1023,template_kaizoku_01,ProfileImage/1023_template_kaizoku_01_bustup_normal.png,ProfileImage/1023_template_kaizoku_01_minihead_normal.png
1024,template_kaizoku_01,ProfileImage/1024_template_kaizoku_01_bustup_normal.png,ProfileImage/1024_template_kaizoku_01_minihead_normal.png
1025,template_kaizoku_01,ProfileImage/1025_template_kaizoku_01_bustup_normal.png,ProfileImage/1025_template_kaizoku_01_minihead_normal.png
1026,template_kaizoku_01,ProfileImage/1026_template_kaizoku_01_bustup_normal.png,ProfileImage/1026_template_kaizoku_01_minihead_normal.png
1027,template_kaizoku_01,ProfileImage/1027_template_kaizoku_01_bustup_normal.png,ProfileImage/1027_template_kaizoku_01_minihead_normal.png
1028,template_kaizoku_01,ProfileImage/1028_template_kaizoku_01_bustup_normal.png,ProfileImage/1028_template_kaizoku_01_minihead_normal.png
1029,template_kaizoku_01,ProfileImage/1029_template_kaizoku_01_bustup_normal.png,ProfileImage/1029_template_kaizoku_01_minihead_normal.png
1030,lord_tk5_1030,ProfileImage/1030_lord_tk5_1030_bustup_normal.png,ProfileImage/1030_lord_tk5_1030_minihead_normal.png
1031,lord_1_hasegawa_tohaku,ProfileImage/1031_lord_1_hasegawa_tohaku_bustup_normal.png,ProfileImage/1031_lord_1_hasegawa_tohaku_minihead_normal.png
1032,lord_1_kano_eitoku,ProfileImage/1032_lord_1_kano_eitoku_bustup_normal.png,ProfileImage/1032_lord_1_kano_eitoku_minihead_normal.png
1033,lord_1_honami_kouetsu,ProfileImage/1033_lord_1_honami_kouetsu_bustup_normal.png,ProfileImage/1033_lord_1_honami_kouetsu_minihead_normal.png
1034,lord_tk5_1034,ProfileImage/1034_lord_tk5_1034_bustup_normal.png,ProfileImage/1034_lord_tk5_1034_minihead_normal.png
1035,lord_tk5_1035,ProfileImage/1035_lord_tk5_1035_bustup_normal.png,ProfileImage/1035_lord_tk5_1035_minihead_normal.png
1036,lord_tk5_1036,ProfileImage/1036_lord_tk5_1036_bustup_normal.png,ProfileImage/1036_lord_tk5_1036_minihead_normal.png
1037,lord_1_takuan_souhou,ProfileImage/1037_lord_1_takuan_souhou_bustup_normal.png,ProfileImage/1037_lord_1_takuan_souhou_minihead_normal.png
1038,lord_1_furoois,ProfileImage/1038_lord_1_furoois_bustup_normal.png,ProfileImage/1038_lord_1_furoois_minihead_normal.png
1039,lord_1_arumeda,ProfileImage/1039_lord_1_arumeda_bustup_normal.png,ProfileImage/1039_lord_1_arumeda_minihead_normal.png
1040,lord_1_raphael,ProfileImage/1040_lord_1_raphael_bustup_normal.png,ProfileImage/1040_lord_1_raphael_minihead_normal.png
1041,lord_1_sato,ProfileImage/1041_lord_1_sato_bustup_normal.png,ProfileImage/1041_lord_1_sato_minihead_normal.png
1042,lord_1_kikutei_harusue,ProfileImage/1042_lord_1_kikutei_harusue_bustup_normal.png,ProfileImage/1042_lord_1_kikutei_harusue_minihead_normal.png
1043,template_kuge_01,ProfileImage/1043_template_kuge_01_bustup_normal.png,ProfileImage/1043_template_kuge_01_minihead_normal.png
1044,template_tennou_01,ProfileImage/1044_template_tennou_01_bustup_normal.png,ProfileImage/1044_template_tennou_01_minihead_normal.png
1045,lord_tk5_1045,ProfileImage/1045_lord_tk5_1045_bustup_normal.png,ProfileImage/1045_lord_tk5_1045_minihead_normal.png
1046,lord_1_yodogimi,ProfileImage/1046_lord_1_yodogimi_bustup_normal.png,ProfileImage/1046_lord_1_yodogimi_minihead_normal.png
1047,lord_1_kinoshita_1,ProfileImage/1047_lord_1_kinoshita_1_bustup_normal.png,ProfileImage/1047_lord_1_kinoshita_1_minihead_normal.png
1048,lord_1_anaka,ProfileImage/1048_lord_1_anaka_bustup_normal.png,ProfileImage/1048_lord_1_anaka_minihead_normal.png
1049,lord_1_azai_1,ProfileImage/1049_lord_1_azai_1_bustup_normal.png,ProfileImage/1049_lord_1_azai_1_minihead_normal.png
1050,lord_1_inawashiro_1,ProfileImage/1050_lord_1_inawashiro_1_bustup_normal.png,ProfileImage/1050_lord_1_inawashiro_1_minihead_normal.png
1051,lord_1_kiku_hime,ProfileImage/1051_lord_1_kiku_hime_bustup_normal.png,ProfileImage/1051_lord_1_kiku_hime_minihead_normal.png
1052,lord_1_imagawa_fujin,ProfileImage/1052_lord_1_imagawa_fujin_bustup_normal.png,ProfileImage/1052_lord_1_imagawa_fujin_minihead_normal.png
1053,lord_1_oniniwa_3,ProfileImage/1053_lord_1_oniniwa_3_bustup_normal.png,ProfileImage/1053_lord_1_oniniwa_3_minihead_normal.png
1054,lord_tk5_1054,ProfileImage/1054_lord_tk5_1054_bustup_normal.png,ProfileImage/1054_lord_tk5_1054_minihead_normal.png
1055,lord_tk5_1055,ProfileImage/1055_lord_tk5_1055_bustup_normal.png,ProfileImage/1055_lord_tk5_1055_minihead_normal.png
1056,lord_1_shichinohe_3,ProfileImage/1056_lord_1_shichinohe_3_bustup_normal.png,ProfileImage/1056_lord_1_shichinohe_3_minihead_normal.png
1057,lord_1_bekki_2,ProfileImage/1057_lord_1_bekki_2_bustup_normal.png,ProfileImage/1057_lord_1_bekki_2_minihead_normal.png
1058,lord_tk5_1058,ProfileImage/1058_lord_tk5_1058_bustup_normal.png,ProfileImage/1058_lord_tk5_1058_minihead_normal.png
1059,lord_tk5_1059,ProfileImage/1059_lord_tk5_1059_bustup_normal.png,ProfileImage/1059_lord_tk5_1059_minihead_normal.png
1060,lord_tk5_1060,ProfileImage/1060_lord_tk5_1060_bustup_normal.png,ProfileImage/1060_lord_tk5_1060_minihead_normal.png
1061,lord_1_namioka_1,ProfileImage/1061_lord_1_namioka_1_bustup_normal.png,ProfileImage/1061_lord_1_namioka_1_minihead_normal.png
1062,lord_1_kicho,ProfileImage/1062_lord_1_kicho_bustup_normal.png,ProfileImage/1062_lord_1_kicho_minihead_normal.png
1063,lord_1_sena_fuji,ProfileImage/1063_lord_1_sena_fuji_bustup_normal.png,ProfileImage/1063_lord_1_sena_fuji_minihead_normal.png
1064,lord_1_toku_hime,ProfileImage/1064_lord_1_toku_hime_bustup_normal.png,ProfileImage/1064_lord_1_toku_hime_minihead_normal.png
1065,lord_1_nikaho_6,ProfileImage/1065_lord_1_nikaho_6_bustup_normal.png,ProfileImage/1065_lord_1_nikaho_6_minihead_normal.png
1066,lord_1_yukawa_1,ProfileImage/1066_lord_1_yukawa_1_bustup_normal.png,ProfileImage/1066_lord_1_yukawa_1_minihead_normal.png
1067,lord_tk5_1067,ProfileImage/1067_lord_tk5_1067_bustup_normal.png,ProfileImage/1067_lord_tk5_1067_minihead_normal.png
1068,lord_tk5_1068,ProfileImage/1068_lord_tk5_1068_bustup_normal.png,ProfileImage/1068_lord_tk5_1068_minihead_normal.png
1069,lord_tk5_1069,ProfileImage/1069_lord_tk5_1069_bustup_normal.png,ProfileImage/1069_lord_tk5_1069_minihead_normal.png
1070,lord_tk5_1070,ProfileImage/1070_lord_tk5_1070_bustup_normal.png,ProfileImage/1070_lord_tk5_1070_minihead_normal.png
1071,lord_tk5_1071,ProfileImage/1071_lord_tk5_1071_bustup_normal.png,ProfileImage/1071_lord_tk5_1071_minihead_normal.png
1072,lord_tk5_1072,ProfileImage/1072_lord_tk5_1072_bustup_normal.png,ProfileImage/1072_lord_tk5_1072_minihead_normal.png
1073,lord_tk5_1073,ProfileImage/1073_lord_tk5_1073_bustup_normal.png,ProfileImage/1073_lord_tk5_1073_minihead_normal.png
1074,lord_tk5_1074,ProfileImage/1074_lord_tk5_1074_bustup_normal.png,ProfileImage/1074_lord_tk5_1074_minihead_normal.png
1075,lord_1_chun_tou,ProfileImage/1075_lord_1_chun_tou_bustup_normal.png,ProfileImage/1075_lord_1_chun_tou_minihead_normal.png
1076,lord_1_izumo_no,ProfileImage/1076_lord_1_izumo_no_bustup_normal.png,ProfileImage/1076_lord_1_izumo_no_minihead_normal.png
1077,lord_1_shizu,ProfileImage/1077_lord_1_shizu_bustup_normal.png,ProfileImage/1077_lord_1_shizu_minihead_normal.png
1078,lord_1_kinoshita_5,ProfileImage/1078_lord_1_kinoshita_5_bustup_normal.png,ProfileImage/1078_lord_1_kinoshita_5_minihead_normal.png
1079,lord_1_chosokabe_4,ProfileImage/1079_lord_1_chosokabe_4_bustup_normal.png,ProfileImage/1079_lord_1_chosokabe_4_minihead_normal.png
1080,lord_1_atsu,ProfileImage/1080_lord_1_atsu_bustup_normal.png,ProfileImage/1080_lord_1_atsu_minihead_normal.png
1081,lord_1_nikaho_5,ProfileImage/1081_lord_1_nikaho_5_bustup_normal.png,ProfileImage/1081_lord_1_nikaho_5_minihead_normal.png
1082,lord_1_ashi,ProfileImage/1082_lord_1_ashi_bustup_normal.png,ProfileImage/1082_lord_1_ashi_minihead_normal.png
1083,lord_1_miyo,ProfileImage/1083_lord_1_miyo_bustup_normal.png,ProfileImage/1083_lord_1_miyo_minihead_normal.png
1084,template_hakkoujin_01,ProfileImage/1084_template_hakkoujin_01_bustup_normal.png,ProfileImage/1084_template_hakkoujin_01_minihead_normal.png
1085,template_merchant_gyo_01,ProfileImage/1085_template_merchant_gyo_01_bustup_normal.png,ProfileImage/1085_template_merchant_gyo_01_minihead_normal.png
1086,lord_tk5_1086,ProfileImage/1086_lord_tk5_1086_bustup_normal.png,ProfileImage/1086_lord_tk5_1086_minihead_normal.png
1087,lord_1_kozai_souotsu,ProfileImage/1087_lord_1_kozai_souotsu_bustup_normal.png,ProfileImage/1087_lord_1_kozai_souotsu_minihead_normal.png
1088,lord_1_tenshitsu_kouiku,ProfileImage/1088_lord_1_tenshitsu_kouiku_bustup_normal.png,ProfileImage/1088_lord_1_tenshitsu_kouiku_minihead_normal.png
1089,lord_tk5_1089,ProfileImage/1089_lord_tk5_1089_bustup_normal.png,ProfileImage/1089_lord_tk5_1089_minihead_normal.png
1090,lord_1_rei,ProfileImage/1090_lord_1_rei_bustup_normal.png,ProfileImage/1090_lord_1_rei_minihead_normal.png
1091,lord_tk5_1091,ProfileImage/1091_lord_tk5_1091_bustup_normal.png,ProfileImage/1091_lord_tk5_1091_minihead_normal.png
1092,lord_tk5_1092,ProfileImage/1092_lord_tk5_1092_bustup_normal.png,ProfileImage/1092_lord_tk5_1092_minihead_normal.png
1093,lord_1_shiro,ProfileImage/1093_lord_1_shiro_bustup_normal.png,ProfileImage/1093_lord_1_shiro_minihead_normal.png
1094,lord_tk5_1094,ProfileImage/1094_lord_tk5_1094_bustup_normal.png,ProfileImage/1094_lord_tk5_1094_minihead_normal.png
1095,lord_tk5_1095,ProfileImage/1095_lord_tk5_1095_bustup_normal.png,ProfileImage/1095_lord_tk5_1095_minihead_normal.png
1096,lord_tk5_1096,ProfileImage/1096_lord_tk5_1096_bustup_normal.png,ProfileImage/1096_lord_tk5_1096_minihead_normal.png
1097,lord_1_minami-hime,ProfileImage/1097_lord_1_minami-hime_bustup_normal.png,ProfileImage/1097_lord_1_minami-hime_minihead_normal.png
1098,lord_tk5_1098,ProfileImage/1098_lord_tk5_1098_bustup_normal.png,ProfileImage/1098_lord_tk5_1098_minihead_normal.png
1099,lord_tk5_1099,ProfileImage/1099_lord_tk5_1099_bustup_normal.png,ProfileImage/1099_lord_tk5_1099_minihead_normal.png
1100,lord_tk5_1100,ProfileImage/1100_lord_tk5_1100_bustup_normal.png,ProfileImage/1100_lord_tk5_1100_minihead_normal.png
1101,lord_tk5_1101,ProfileImage/1101_lord_tk5_1101_bustup_normal.png,ProfileImage/1101_lord_tk5_1101_minihead_normal.png
1102,lord_tk5_1102,ProfileImage/1102_lord_tk5_1102_bustup_normal.png,ProfileImage/1102_lord_tk5_1102_minihead_normal.png
1103,lord_tk5_1103,ProfileImage/1103_lord_tk5_1103_bustup_normal.png,ProfileImage/1103_lord_tk5_1103_minihead_normal.png
1104,template_choumin_male_01,ProfileImage/1104_template_choumin_male_01_bustup_normal.png,ProfileImage/1104_template_choumin_male_01_minihead_normal.png
1105,template_hime_hime_01,ProfileImage/1105_template_hime_hime_01_bustup_normal.png,ProfileImage/1105_template_hime_hime_01_minihead_normal.png
1106,lord_tk5_1106,ProfileImage/1106_lord_tk5_1106_bustup_normal.png,ProfileImage/1106_lord_tk5_1106_minihead_normal.png
1107,template_monban_01,ProfileImage/1107_template_monban_01_bustup_normal.png,ProfileImage/1107_template_monban_01_minihead_normal.png
1108,template_komeya_tenpo_01,ProfileImage/1108_template_komeya_tenpo_01_bustup_normal.png,ProfileImage/1108_template_komeya_tenpo_01_minihead_normal.png
1109,template_umaya_tenpo_01,ProfileImage/1109_template_umaya_tenpo_01_bustup_normal.png,ProfileImage/1109_template_umaya_tenpo_01_minihead_normal.png
1110,template_sakaba_onna_01,ProfileImage/1110_template_sakaba_onna_01_bustup_normal.png,ProfileImage/1110_template_sakaba_onna_01_minihead_normal.png
1111,template_ryotei_onna_01,ProfileImage/1111_template_ryotei_onna_01_bustup_normal.png,ProfileImage/1111_template_ryotei_onna_01_minihead_normal.png
1112,template_noumin_female_01,ProfileImage/1112_template_noumin_female_01_bustup_normal.png,ProfileImage/1112_template_noumin_female_01_minihead_normal.png
1113,lord_1_anatsu,ProfileImage/1113_lord_1_anatsu_bustup_normal.png,ProfileImage/1113_lord_1_anatsu_minihead_normal.png
1114,template_choumin_male_01,ProfileImage/1114_template_choumin_male_01_bustup_normal.png,ProfileImage/1114_template_choumin_male_01_minihead_normal.png
1115,lord_1_jinbo_5,ProfileImage/1115_lord_1_jinbo_5_bustup_normal.png,ProfileImage/1115_lord_1_jinbo_5_minihead_normal.png
1116,template_merchant_01,ProfileImage/1116_template_merchant_01_bustup_normal.png,ProfileImage/1116_template_merchant_01_minihead_normal.png
1117,template_souryo_01,ProfileImage/1117_template_souryo_01_bustup_normal.png,ProfileImage/1117_template_souryo_01_minihead_normal.png
1118,template_swordshihan_01,ProfileImage/1118_template_swordshihan_01_bustup_normal.png,ProfileImage/1118_template_swordshihan_01_minihead_normal.png
1119,template_kuge_01,ProfileImage/1119_template_kuge_01_bustup_normal.png,ProfileImage/1119_template_kuge_01_minihead_normal.png
1120,template_ninja_male_01,ProfileImage/1120_template_ninja_male_01_bustup_normal.png,ProfileImage/1120_template_ninja_male_01_minihead_normal.png
1121,template_shougun_01,ProfileImage/1121_template_shougun_01_bustup_normal.png,ProfileImage/1121_template_shougun_01_minihead_normal.png
1122,template_tabibito_01,ProfileImage/1122_template_tabibito_01_bustup_normal.png,ProfileImage/1122_template_tabibito_01_minihead_normal.png
1123,template_yoi_otoko_01,ProfileImage/1123_template_yoi_otoko_01_bustup_normal.png,ProfileImage/1123_template_yoi_otoko_01_minihead_normal.png
1124,template_yoi_onna_01,ProfileImage/1124_template_yoi_onna_01_bustup_normal.png,ProfileImage/1124_template_yoi_onna_01_minihead_normal.png
1125,lord_1_aya,ProfileImage/1125_lord_1_aya_bustup_normal.png,ProfileImage/1125_lord_1_aya_minihead_normal.png
1126,template_kunoichi_01,ProfileImage/1126_template_kunoichi_01_bustup_normal.png,ProfileImage/1126_template_kunoichi_01_minihead_normal.png
1127,template_kodomo_01,ProfileImage/1127_template_kodomo_01_bustup_normal.png,ProfileImage/1127_template_kodomo_01_minihead_normal.png
1128,template_koshou_01,ProfileImage/1128_template_koshou_01_bustup_normal.png,ProfileImage/1128_template_koshou_01_minihead_normal.png
1129,template_hogo_01,ProfileImage/1129_template_hogo_01_bustup_normal.png,ProfileImage/1129_template_hogo_01_minihead_normal.png
1130,template_yotto_01,ProfileImage/1130_template_yotto_01_bustup_normal.png,ProfileImage/1130_template_yotto_01_minihead_normal.png
1131,template_za_shihai_01,ProfileImage/1131_template_za_shihai_01_bustup_normal.png,ProfileImage/1131_template_za_shihai_01_minihead_normal.png
1132,template_merchant_choseon_01,ProfileImage/1132_template_merchant_choseon_01_bustup_normal.png,ProfileImage/1132_template_merchant_choseon_01_minihead_normal.png
1133,template_merchant_ming_01,ProfileImage/1133_template_merchant_ming_01_bustup_normal.png,ProfileImage/1133_template_merchant_ming_01_minihead_normal.png
1134,template_merchant_ryukyu_01,ProfileImage/1134_template_merchant_ryukyu_01_bustup_normal.png,ProfileImage/1134_template_merchant_ryukyu_01_minihead_normal.png
1135,template_merchant_01,ProfileImage/1135_template_merchant_01_bustup_normal.png,ProfileImage/1135_template_merchant_01_minihead_normal.png
1136,template_tenpo_01,ProfileImage/1136_template_tenpo_01_bustup_normal.png,ProfileImage/1136_template_tenpo_01_minihead_normal.png
1137,template_kajishi_01,ProfileImage/1137_template_kajishi_01_bustup_normal.png,ProfileImage/1137_template_kajishi_01_minihead_normal.png
1138,template_ishi_01,ProfileImage/1138_template_ishi_01_bustup_normal.png,ProfileImage/1138_template_ishi_01_minihead_normal.png
1139,template_shihandai_01,ProfileImage/1139_template_shihandai_01_bustup_normal.png,ProfileImage/1139_template_shihandai_01_minihead_normal.png
1140,template_kaizoku_01,ProfileImage/1140_template_kaizoku_01_bustup_normal.png,ProfileImage/1140_template_kaizoku_01_minihead_normal.png
1141,template_yari_shihan_01,ProfileImage/1141_template_yari_shihan_01_bustup_normal.png,ProfileImage/1141_template_yari_shihan_01_minihead_normal.png
1142,template_kodomo_f_01,ProfileImage/1142_template_kodomo_f_01_bustup_normal.png,ProfileImage/1142_template_kodomo_f_01_minihead_normal.png
1143,template_detchi_01,ProfileImage/1143_template_detchi_01_bustup_normal.png,ProfileImage/1143_template_detchi_01_minihead_normal.png
1144,template_shihandai_01,ProfileImage/1144_template_shihandai_01_bustup_normal.png,ProfileImage/1144_template_shihandai_01_minihead_normal.png
1145,template_yari_shihan_01,ProfileImage/1145_template_yari_shihan_01_bustup_normal.png,ProfileImage/1145_template_yari_shihan_01_minihead_normal.png
1146,lord_tk5_1146,ProfileImage/1146_lord_tk5_1146_bustup_normal.png,ProfileImage/1146_lord_tk5_1146_minihead_normal.png
1147,template_kashira_01,ProfileImage/1147_template_kashira_01_bustup_normal.png,ProfileImage/1147_template_kashira_01_minihead_normal.png
1148,template_kaizoku_tou_01,ProfileImage/1148_template_kaizoku_tou_01_bustup_normal.png,ProfileImage/1148_template_kaizoku_tou_01_minihead_normal.png
1149,template_shougun_01,ProfileImage/1149_template_shougun_01_bustup_normal.png,ProfileImage/1149_template_shougun_01_minihead_normal.png
1150,template_ninja_male_01,ProfileImage/1150_template_ninja_male_01_bustup_normal.png,ProfileImage/1150_template_ninja_male_01_minihead_normal.png
1151,template_kaizoku_01,ProfileImage/1151_template_kaizoku_01_bustup_normal.png,ProfileImage/1151_template_kaizoku_01_minihead_normal.png
1152,lord_1_akechi,ProfileImage/1152_lord_1_akechi_bustup_normal.png,ProfileImage/1152_lord_1_akechi_minihead_normal.png
1153,lord_1_ishida_mitsunari,ProfileImage/1153_lord_1_ishida_mitsunari_bustup_normal.png,ProfileImage/1153_lord_1_ishida_mitsunari_minihead_normal.png
1154,lord_1_oda,ProfileImage/1154_lord_1_oda_bustup_normal.png,ProfileImage/1154_lord_1_oda_minihead_normal.png
1155,lord_1_katoo_kiyomasa,ProfileImage/1155_lord_1_katoo_kiyomasa_bustup_normal.png,ProfileImage/1155_lord_1_katoo_kiyomasa_minihead_normal.png
1156,lord_1_gamou_2,ProfileImage/1156_lord_1_gamou_2_bustup_normal.png,ProfileImage/1156_lord_1_gamou_2_minihead_normal.png
1157,lord_1_kuki,ProfileImage/1157_lord_1_kuki_bustup_normal.png,ProfileImage/1157_lord_1_kuki_minihead_normal.png
1158,lord_1_kuroda_iekata,ProfileImage/1158_lord_1_kuroda_iekata_bustup_normal.png,ProfileImage/1158_lord_1_kuroda_iekata_minihead_normal.png
1159,lord_1_konishi_yukinaga,ProfileImage/1159_lord_1_konishi_yukinaga_bustup_normal.png,ProfileImage/1159_lord_1_konishi_yukinaga_minihead_normal.png
1160,lord_1_kobayakawa_takakage,ProfileImage/1160_lord_1_kobayakawa_takakage_bustup_normal.png,ProfileImage/1160_lord_1_kobayakawa_takakage_minihead_normal.png
1161,lord_1_sanada_6,ProfileImage/1161_lord_1_sanada_6_bustup_normal.png,ProfileImage/1161_lord_1_sanada_6_minihead_normal.png
1162,lord_1_sanada_9,ProfileImage/1162_lord_1_sanada_9_bustup_normal.png,ProfileImage/1162_lord_1_sanada_9_minihead_normal.png
1163,lord_1_shibata,ProfileImage/1163_lord_1_shibata_bustup_normal.png,ProfileImage/1163_lord_1_shibata_minihead_normal.png
1164,lord_1_shima_sakon,ProfileImage/1164_lord_1_shima_sakon_bustup_normal.png,ProfileImage/1164_lord_1_shima_sakon_minihead_normal.png
1165,lord_1_shimazu,ProfileImage/1165_lord_1_shimazu_bustup_normal.png,ProfileImage/1165_lord_1_shimazu_minihead_normal.png
1166,lord_1_shimazu_4,ProfileImage/1166_lord_1_shimazu_4_bustup_normal.png,ProfileImage/1166_lord_1_shimazu_4_minihead_normal.png
1167,lord_1_takenaka_hanbee,ProfileImage/1167_lord_1_takenaka_hanbee_bustup_normal.png,ProfileImage/1167_lord_1_takenaka_hanbee_minihead_normal.png
1168,lord_1_date_6,ProfileImage/1168_lord_1_date_6_bustup_normal.png,ProfileImage/1168_lord_1_date_6_minihead_normal.png
1169,lord_1_todo_2,ProfileImage/1169_lord_1_todo_2_bustup_normal.png,ProfileImage/1169_lord_1_todo_2_minihead_normal.png
1170,lord_1_kinoshita_4,ProfileImage/1170_lord_1_kinoshita_4_bustup_normal.png,ProfileImage/1170_lord_1_kinoshita_4_minihead_normal.png
1171,lord_1_kinoshita_4,ProfileImage/1171_lord_1_kinoshita_4_bustup_normal.png,ProfileImage/1171_lord_1_kinoshita_4_minihead_normal.png
1172,lord_1_kinoshita,ProfileImage/1172_lord_1_kinoshita_bustup_normal.png,ProfileImage/1172_lord_1_kinoshita_minihead_normal.png
1173,lord_1_kinoshita,ProfileImage/1173_lord_1_kinoshita_bustup_normal.png,ProfileImage/1173_lord_1_kinoshita_minihead_normal.png
1174,lord_1_kinoshita,ProfileImage/1174_lord_1_kinoshita_bustup_normal.png,ProfileImage/1174_lord_1_kinoshita_minihead_normal.png
1175,lord_1_naoe_kanetsugu,ProfileImage/1175_lord_1_naoe_kanetsugu_bustup_normal.png,ProfileImage/1175_lord_1_naoe_kanetsugu_minihead_normal.png
1176,lord_1_ruzon_sukezaemon,ProfileImage/1176_lord_1_ruzon_sukezaemon_bustup_normal.png,ProfileImage/1176_lord_1_ruzon_sukezaemon_minihead_normal.png
1177,lord_1_hattori_hanzo,ProfileImage/1177_lord_1_hattori_hanzo_bustup_normal.png,ProfileImage/1177_lord_1_hattori_hanzo_minihead_normal.png
1178,lord_1_fukushima_masanori,ProfileImage/1178_lord_1_fukushima_masanori_bustup_normal.png,ProfileImage/1178_lord_1_fukushima_masanori_minihead_normal.png
1179,lord_1_honda,ProfileImage/1179_lord_1_honda_bustup_normal.png,ProfileImage/1179_lord_1_honda_minihead_normal.png
1180,lord_1_maeda_keiji,ProfileImage/1180_lord_1_maeda_keiji_bustup_normal.png,ProfileImage/1180_lord_1_maeda_keiji_minihead_normal.png
1181,lord_1_maeda,ProfileImage/1181_lord_1_maeda_bustup_normal.png,ProfileImage/1181_lord_1_maeda_minihead_normal.png
1182,lord_1_miyamotoo_musashi,ProfileImage/1182_lord_1_miyamotoo_musashi_bustup_normal.png,ProfileImage/1182_lord_1_miyamotoo_musashi_minihead_normal.png
1183,lord_1_murakami,ProfileImage/1183_lord_1_murakami_bustup_normal.png,ProfileImage/1183_lord_1_murakami_minihead_normal.png
1184,lord_1_mogami_2,ProfileImage/1184_lord_1_mogami_2_bustup_normal.png,ProfileImage/1184_lord_1_mogami_2_minihead_normal.png
1185,lord_1_yamanaka_shikanosuke,ProfileImage/1185_lord_1_yamanaka_shikanosuke_bustup_normal.png,ProfileImage/1185_lord_1_yamanaka_shikanosuke_minihead_normal.png
1186,lord_1_kinoshita_1,ProfileImage/1186_lord_1_kinoshita_1_bustup_normal.png,ProfileImage/1186_lord_1_kinoshita_1_minihead_normal.png
1187,lord_1_anaka,ProfileImage/1187_lord_1_anaka_bustup_normal.png,ProfileImage/1187_lord_1_anaka_minihead_normal.png
1188,lord_1_daihoji_4,ProfileImage/1188_lord_1_daihoji_4_bustup_normal.png,ProfileImage/1188_lord_1_daihoji_4_minihead_normal.png
1189,lord_1_oka_harufusa,ProfileImage/1189_lord_1_oka_harufusa_bustup_normal.png,ProfileImage/1189_lord_1_oka_harufusa_minihead_normal.png
1190,lord_1_mizuhara_chikayoshi,ProfileImage/1190_lord_1_mizuhara_chikayoshi_bustup_normal.png,ProfileImage/1190_lord_1_mizuhara_chikayoshi_minihead_normal.png
1191,lord_1_tsugaru_nobutomo,ProfileImage/1191_lord_1_tsugaru_nobutomo_bustup_normal.png,ProfileImage/1191_lord_1_tsugaru_nobutomo_minihead_normal.png
1192,lord_1_oyamada_shigenao,ProfileImage/1192_lord_1_oyamada_shigenao_bustup_normal.png,ProfileImage/1192_lord_1_oyamada_shigenao_minihead_normal.png
1193,lord_1_toshitoki_renjo,ProfileImage/1193_lord_1_toshitoki_renjo_bustup_normal.png,ProfileImage/1193_lord_1_toshitoki_renjo_minihead_normal.png
1194,lord_1_ii_naotaka,ProfileImage/1194_lord_1_ii_naotaka_bustup_normal.png,ProfileImage/1194_lord_1_ii_naotaka_minihead_normal.png
1195,lord_1_katakura_juu,ProfileImage/1195_lord_1_katakura_juu_bustup_normal.png,ProfileImage/1195_lord_1_katakura_juu_minihead_normal.png
1196,lord_1_narita_11,ProfileImage/1196_lord_1_narita_11_bustup_normal.png,ProfileImage/1196_lord_1_narita_11_minihead_normal.png
1197,lord_1_mogami_ie,ProfileImage/1197_lord_1_mogami_ie_bustup_normal.png,ProfileImage/1197_lord_1_mogami_ie_minihead_normal.png
1198,lord_1_ueda_shigeyasu,ProfileImage/1198_lord_1_ueda_shigeyasu_bustup_normal.png,ProfileImage/1198_lord_1_ueda_shigeyasu_minihead_normal.png
1199,lord_1_koyanagawa_muneasa,ProfileImage/1199_lord_1_koyanagawa_muneasa_bustup_normal.png,ProfileImage/1199_lord_1_koyanagawa_muneasa_minihead_normal.png
1200,lord_1_okuni_sanetomo,ProfileImage/1200_lord_1_okuni_sanetomo_bustup_normal.png,ProfileImage/1200_lord_1_okuni_sanetomo_minihead_normal.png
1201,lord_1_umezu_masakage,ProfileImage/1201_lord_1_umezu_masakage_bustup_normal.png,ProfileImage/1201_lord_1_umezu_masakage_minihead_normal.png
1202,lord_1_mibuchi_fuji,ProfileImage/1202_lord_1_mibuchi_fuji_bustup_normal.png,ProfileImage/1202_lord_1_mibuchi_fuji_minihead_normal.png
1203,lord_1_honda_masashige,ProfileImage/1203_lord_1_honda_masashige_bustup_normal.png,ProfileImage/1203_lord_1_honda_masashige_minihead_normal.png
1204,lord_1_kuriyama_zensuke,ProfileImage/1204_lord_1_kuriyama_zensuke_bustup_normal.png,ProfileImage/1204_lord_1_kuriyama_zensuke_minihead_normal.png
1205,lord_1_tsutsuii_tanimatsurigotogen,ProfileImage/1205_lord_1_tsutsuii_tanimatsurigotogen_bustup_normal.png,ProfileImage/1205_lord_1_tsutsuii_tanimatsurigotogen_minihead_normal.png
1206,lord_1_toki_tomoyori,ProfileImage/1206_lord_1_toki_tomoyori_bustup_normal.png,ProfileImage/1206_lord_1_toki_tomoyori_minihead_normal.png
1207,lord_1_mai_hyogo,ProfileImage/1207_lord_1_mai_hyogo_bustup_normal.png,ProfileImage/1207_lord_1_mai_hyogo_minihead_normal.png
1208,lord_1_yamagami_michiyuki,ProfileImage/1208_lord_1_yamagami_michiyuki_bustup_normal.png,ProfileImage/1208_lord_1_yamagami_michiyuki_minihead_normal.png
1209,lord_1_hachisuka_yoshishige,ProfileImage/1209_lord_1_hachisuka_yoshishige_bustup_normal.png,ProfileImage/1209_lord_1_hachisuka_yoshishige_minihead_normal.png
1210,lord_1_sanada_10,ProfileImage/1210_lord_1_sanada_10_bustup_normal.png,ProfileImage/1210_lord_1_sanada_10_minihead_normal.png
1211,lord_1_ito_mansho,ProfileImage/1211_lord_1_ito_mansho_bustup_normal.png,ProfileImage/1211_lord_1_ito_mansho_minihead_normal.png
1212,lord_1_miyabe_nagafusa,ProfileImage/1212_lord_1_miyabe_nagafusa_bustup_normal.png,ProfileImage/1212_lord_1_miyabe_nagafusa_minihead_normal.png
1213,lord_1_asahina_3,ProfileImage/1213_lord_1_asahina_3_bustup_normal.png,ProfileImage/1213_lord_1_asahina_3_minihead_normal.png
1214,lord_1_kanamori_arishige,ProfileImage/1214_lord_1_kanamori_arishige_bustup_normal.png,ProfileImage/1214_lord_1_kanamori_arishige_minihead_normal.png
1215,lord_1_shiba_yoshigane,ProfileImage/1215_lord_1_shiba_yoshigane_bustup_normal.png,ProfileImage/1215_lord_1_shiba_yoshigane_minihead_normal.png
1216,lord_1_mori_shuu,ProfileImage/1216_lord_1_mori_shuu_bustup_normal.png,ProfileImage/1216_lord_1_mori_shuu_minihead_normal.png
1217,lord_1_tsugawa_yoshifuyu,ProfileImage/1217_lord_1_tsugawa_yoshifuyu_bustup_normal.png,ProfileImage/1217_lord_1_tsugawa_yoshifuyu_minihead_normal.png
1218,lord_1_rusu_1,ProfileImage/1218_lord_1_rusu_1_bustup_normal.png,ProfileImage/1218_lord_1_rusu_1_minihead_normal.png
1219,lord_1_hara_nagayori,ProfileImage/1219_lord_1_hara_nagayori_bustup_normal.png,ProfileImage/1219_lord_1_hara_nagayori_minihead_normal.png
1220,lord_1_hiratsuka_tamihiro,ProfileImage/1220_lord_1_hiratsuka_tamihiro_bustup_normal.png,ProfileImage/1220_lord_1_hiratsuka_tamihiro_minihead_normal.png
1221,lord_1_tsumaki_hirotada,ProfileImage/1221_lord_1_tsumaki_hirotada_bustup_normal.png,ProfileImage/1221_lord_1_tsumaki_hirotada_minihead_normal.png
1222,lord_1_toyao_mitsunaga,ProfileImage/1222_lord_1_toyao_mitsunaga_bustup_normal.png,ProfileImage/1222_lord_1_toyao_mitsunaga_minihead_normal.png
1223,lord_1_nomura_naotaka,ProfileImage/1223_lord_1_nomura_naotaka_bustup_normal.png,ProfileImage/1223_lord_1_nomura_naotaka_minihead_normal.png
1224,lord_1_doi,ProfileImage/1224_lord_1_doi_bustup_normal.png,ProfileImage/1224_lord_1_doi_minihead_normal.png
1225,lord_1_shimazu_tadanao,ProfileImage/1225_lord_1_shimazu_tadanao_bustup_normal.png,ProfileImage/1225_lord_1_shimazu_tadanao_minihead_normal.png
1226,lord_1_ichiyanagi_naomatsu,ProfileImage/1226_lord_1_ichiyanagi_naomatsu_bustup_normal.png,ProfileImage/1226_lord_1_ichiyanagi_naomatsu_minihead_normal.png
1227,lord_1_miki_choku,ProfileImage/1227_lord_1_miki_choku_bustup_normal.png,ProfileImage/1227_lord_1_miki_choku_minihead_normal.png
1228,lord_1_sugiura_gennin,ProfileImage/1228_lord_1_sugiura_gennin_bustup_normal.png,ProfileImage/1228_lord_1_sugiura_gennin_minihead_normal.png
1229,lord_1_irobe_2,ProfileImage/1229_lord_1_irobe_2_bustup_normal.png,ProfileImage/1229_lord_1_irobe_2_minihead_normal.png
1230,lord_1_chujou_fujisuke,ProfileImage/1230_lord_1_chujou_fujisuke_bustup_normal.png,ProfileImage/1230_lord_1_chujou_fujisuke_minihead_normal.png
1231,lord_1_ryuzoji_4,ProfileImage/1231_lord_1_ryuzoji_4_bustup_normal.png,ProfileImage/1231_lord_1_ryuzoji_4_minihead_normal.png
1232,lord_1_amakasu_kagezane,ProfileImage/1232_lord_1_amakasu_kagezane_bustup_normal.png,ProfileImage/1232_lord_1_amakasu_kagezane_minihead_normal.png
1233,lord_1_yasuda_sakuhei,ProfileImage/1233_lord_1_yasuda_sakuhei_bustup_normal.png,ProfileImage/1233_lord_1_yasuda_sakuhei_minihead_normal.png
1234,lord_1_kawano_masashige,ProfileImage/1234_lord_1_kawano_masashige_bustup_normal.png,ProfileImage/1234_lord_1_kawano_masashige_minihead_normal.png
1235,lord_1_anekouji,ProfileImage/1235_lord_1_anekouji_bustup_normal.png,ProfileImage/1235_lord_1_anekouji_minihead_normal.png
1236,lord_1_takenaka_kyusaku,ProfileImage/1236_lord_1_takenaka_kyusaku_bustup_normal.png,ProfileImage/1236_lord_1_takenaka_kyusaku_minihead_normal.png
1237,lord_1_abee_sadayuki,ProfileImage/1237_lord_1_abee_sadayuki_bustup_normal.png,ProfileImage/1237_lord_1_abee_sadayuki_minihead_normal.png
1238,lord_1_morita_joun,ProfileImage/1238_lord_1_morita_joun_bustup_normal.png,ProfileImage/1238_lord_1_morita_joun_minihead_normal.png
1239,lord_1_kumagai_motonao,ProfileImage/1239_lord_1_kumagai_motonao_bustup_normal.png,ProfileImage/1239_lord_1_kumagai_motonao_minihead_normal.png
1240,lord_1_akechi_mitsuyasu,ProfileImage/1240_lord_1_akechi_mitsuyasu_bustup_normal.png,ProfileImage/1240_lord_1_akechi_mitsuyasu_minihead_normal.png
1241,lord_1_bessho_juu,ProfileImage/1241_lord_1_bessho_juu_bustup_normal.png,ProfileImage/1241_lord_1_bessho_juu_minihead_normal.png
1242,lord_1_ogawa_suketada,ProfileImage/1242_lord_1_ogawa_suketada_bustup_normal.png,ProfileImage/1242_lord_1_ogawa_suketada_minihead_normal.png
1243,lord_1_yoshihiro_2,ProfileImage/1243_lord_1_yoshihiro_2_bustup_normal.png,ProfileImage/1243_lord_1_yoshihiro_2_minihead_normal.png
1244,lord_1_tsukuda_junari,ProfileImage/1244_lord_1_tsukuda_junari_bustup_normal.png,ProfileImage/1244_lord_1_tsukuda_junari_minihead_normal.png
1245,lord_1_otsuki_yoshiharu,ProfileImage/1245_lord_1_otsuki_yoshiharu_bustup_normal.png,ProfileImage/1245_lord_1_otsuki_yoshiharu_minihead_normal.png
1246,lord_1_arima_toyouji,ProfileImage/1246_lord_1_arima_toyouji_bustup_normal.png,ProfileImage/1246_lord_1_arima_toyouji_minihead_normal.png
1247,lord_1_jindai_katsutaka,ProfileImage/1247_lord_1_jindai_katsutaka_bustup_normal.png,ProfileImage/1247_lord_1_jindai_katsutaka_minihead_normal.png
1248,lord_1_akaboshi_munie,ProfileImage/1248_lord_1_akaboshi_munie_bustup_normal.png,ProfileImage/1248_lord_1_akaboshi_munie_minihead_normal.png
1249,lord_1_ijuin_10,ProfileImage/1249_lord_1_ijuin_10_bustup_normal.png,ProfileImage/1249_lord_1_ijuin_10_minihead_normal.png
1250,lord_1_kabayama_hisataka,ProfileImage/1250_lord_1_kabayama_hisataka_bustup_normal.png,ProfileImage/1250_lord_1_kabayama_hisataka_minihead_normal.png
1251,lord_1_fujita_shinkichi,ProfileImage/1251_lord_1_fujita_shinkichi_bustup_normal.png,ProfileImage/1251_lord_1_fujita_shinkichi_minihead_normal.png
1252,lord_1_mamiya_yasutoshi,ProfileImage/1252_lord_1_mamiya_yasutoshi_bustup_normal.png,ProfileImage/1252_lord_1_mamiya_yasutoshi_minihead_normal.png
1253,lord_1_yufu_koreyuki,ProfileImage/1253_lord_1_yufu_koreyuki_bustup_normal.png,ProfileImage/1253_lord_1_yufu_koreyuki_minihead_normal.png
1254,lord_1_kashin_mitsutaka,ProfileImage/1254_lord_1_kashin_mitsutaka_bustup_normal.png,ProfileImage/1254_lord_1_kashin_mitsutaka_minihead_normal.png
1255,lord_1_amakusa_shirou,ProfileImage/1255_lord_1_amakusa_shirou_bustup_normal.png,ProfileImage/1255_lord_1_amakusa_shirou_minihead_normal.png
1256,lord_1_funakoshi_keinao,ProfileImage/1256_lord_1_funakoshi_keinao_bustup_normal.png,ProfileImage/1256_lord_1_funakoshi_keinao_minihead_normal.png
1257,lord_1_date_kojirou,ProfileImage/1257_lord_1_date_kojirou_bustup_normal.png,ProfileImage/1257_lord_1_date_kojirou_minihead_normal.png
1258,lord_1_kanemitsu_bueimon,ProfileImage/1258_lord_1_kanemitsu_bueimon_bustup_normal.png,ProfileImage/1258_lord_1_kanemitsu_bueimon_minihead_normal.png
1259,lord_1_tomono_sozen,ProfileImage/1259_lord_1_tomono_sozen_bustup_normal.png,ProfileImage/1259_lord_1_tomono_sozen_minihead_normal.png
1260,lord_1_satomii_mototada,ProfileImage/1260_lord_1_satomii_mototada_bustup_normal.png,ProfileImage/1260_lord_1_satomii_mototada_minihead_normal.png
1261,lord_1_uno_genjuro,ProfileImage/1261_lord_1_uno_genjuro_bustup_normal.png,ProfileImage/1261_lord_1_uno_genjuro_minihead_normal.png
1262,lord_1_tsuda_sohan,ProfileImage/1262_lord_1_tsuda_sohan_bustup_normal.png,ProfileImage/1262_lord_1_tsuda_sohan_minihead_normal.png
1263,lord_1_suetsugu_heizo,ProfileImage/1263_lord_1_suetsugu_heizo_bustup_normal.png,ProfileImage/1263_lord_1_suetsugu_heizo_minihead_normal.png
1264,lord_1_amakasu_kagemochi,ProfileImage/1264_lord_1_amakasu_kagemochi_bustup_normal.png,ProfileImage/1264_lord_1_amakasu_kagemochi_minihead_normal.png
1265,lord_1_yamazaki,ProfileImage/1265_lord_1_yamazaki_bustup_normal.png,ProfileImage/1265_lord_1_yamazaki_minihead_normal.png
1266,lord_1_karasawa_genba,ProfileImage/1266_lord_1_karasawa_genba_bustup_normal.png,ProfileImage/1266_lord_1_karasawa_genba_minihead_normal.png
1267,lord_1_uedaa_koji,ProfileImage/1267_lord_1_uedaa_koji_bustup_normal.png,ProfileImage/1267_lord_1_uedaa_koji_minihead_normal.png
1268,lord_1_obayashibo_shunkai,ProfileImage/1268_lord_1_obayashibo_shunkai_bustup_normal.png,ProfileImage/1268_lord_1_obayashibo_shunkai_minihead_normal.png
1269,lord_1_uchida_toma,ProfileImage/1269_lord_1_uchida_toma_bustup_normal.png,ProfileImage/1269_lord_1_uchida_toma_minihead_normal.png
1270,lord_1_oku_yahei,ProfileImage/1270_lord_1_oku_yahei_bustup_normal.png,ProfileImage/1270_lord_1_oku_yahei_minihead_normal.png
1271,lord_1_jinzenji_bungo,ProfileImage/1271_lord_1_jinzenji_bungo_bustup_normal.png,ProfileImage/1271_lord_1_jinzenji_bungo_minihead_normal.png
1272,lord_1_goto_shuuin,ProfileImage/1272_lord_1_goto_shuuin_bustup_normal.png,ProfileImage/1272_lord_1_goto_shuuin_minihead_normal.png
1273,lord_1_aisu_motokosai,ProfileImage/1273_lord_1_aisu_motokosai_bustup_normal.png,ProfileImage/1273_lord_1_aisu_motokosai_minihead_normal.png
1274,lord_1_kamiizumi_yasutaka,ProfileImage/1274_lord_1_kamiizumi_yasutaka_bustup_normal.png,ProfileImage/1274_lord_1_kamiizumi_yasutaka_minihead_normal.png
1275,lord_1_seto_hokyu,ProfileImage/1275_lord_1_seto_hokyu_bustup_normal.png,ProfileImage/1275_lord_1_seto_hokyu_minihead_normal.png
1276,lord_1_soga_rimigiemon,ProfileImage/1276_lord_1_soga_rimigiemon_bustup_normal.png,ProfileImage/1276_lord_1_soga_rimigiemon_minihead_normal.png
1277,lord_1_matsushita_tsunekiyo,ProfileImage/1277_lord_1_matsushita_tsunekiyo_bustup_normal.png,ProfileImage/1277_lord_1_matsushita_tsunekiyo_minihead_normal.png
1278,lord_1_manase_gensaku,ProfileImage/1278_lord_1_manase_gensaku_bustup_normal.png,ProfileImage/1278_lord_1_manase_gensaku_minihead_normal.png
1279,lord_1_saegusa_masatada,ProfileImage/1279_lord_1_saegusa_masatada_bustup_normal.png,ProfileImage/1279_lord_1_saegusa_masatada_minihead_normal.png
1280,lord_1_ishida_masazumi,ProfileImage/1280_lord_1_ishida_masazumi_bustup_normal.png,ProfileImage/1280_lord_1_ishida_masazumi_minihead_normal.png
1281,lord_1_ichiyanagi_naomori,ProfileImage/1281_lord_1_ichiyanagi_naomori_bustup_normal.png,ProfileImage/1281_lord_1_ichiyanagi_naomori_minihead_normal.png
1282,lord_1_komai_takushiro,ProfileImage/1282_lord_1_komai_takushiro_bustup_normal.png,ProfileImage/1282_lord_1_komai_takushiro_minihead_normal.png
1283,lord_1_kamada_masatoshi,ProfileImage/1283_lord_1_kamada_masatoshi_bustup_normal.png,ProfileImage/1283_lord_1_kamada_masatoshi_minihead_normal.png
1284,lord_1_shimizu_kageharu,ProfileImage/1284_lord_1_shimizu_kageharu_bustup_normal.png,ProfileImage/1284_lord_1_shimizu_kageharu_minihead_normal.png
1285,lord_1_chijiwa_migeiru,ProfileImage/1285_lord_1_chijiwa_migeiru_bustup_normal.png,ProfileImage/1285_lord_1_chijiwa_migeiru_minihead_normal.png
1286,lord_1_yasuke,ProfileImage/1286_lord_1_yasuke_bustup_normal.png,ProfileImage/1286_lord_1_yasuke_minihead_normal.png
1287,lord_1_miura_anjin,ProfileImage/1287_lord_1_miura_anjin_bustup_normal.png,ProfileImage/1287_lord_1_miura_anjin_minihead_normal.png
1288,lord_1_hairedin,ProfileImage/1288_lord_1_hairedin_bustup_normal.png,ProfileImage/1288_lord_1_hairedin_minihead_normal.png
1289,lord_tk5_1289,ProfileImage/1289_lord_tk5_1289_bustup_normal.png,ProfileImage/1289_lord_tk5_1289_minihead_normal.png
1290,lord_1_maria,ProfileImage/1290_lord_1_maria_bustup_normal.png,ProfileImage/1290_lord_1_maria_minihead_normal.png
1291,lord_tk5_1291,ProfileImage/1291_lord_tk5_1291_bustup_normal.png,ProfileImage/1291_lord_tk5_1291_minihead_normal.png
