ID,原版编号,外观ID,模板NPC,姓名,别名,苗字,名,罗马音名,文化,性别,生年,登场,终年,死因,父亲,母,配偶,祖父,亲族,仕官倾向,仕官相性,亲密相性,性情,精神,主义,行动,情义,野心,DesireType,喜好,饮酒,出身,物欲,统率,武力,政务,智谋,魅力,足轻,骑马,火枪,水军,弓术,武艺,军学,忍术,建筑,开垦,矿山,算术,礼法,辩才,茶道,医术,合战卡,秘技卡,称号卡,亲密获取,组合获取,事件获取,登场_1554,姓名_1554,身份_1554,立场_1554,所属势力_1554,家族_1554,所属据点_1554,所属流派_1554,登场_1560,姓名_1560,身份_1560,立场_1560,所属势力_1560,家族_1560,所属据点_1560,所属流派_1560,登场_1568,姓名_1568,身份_1568,立场_1568,所属势力_1568,家族_1568,所属据点_1568,所属流派_1568,登场_1575,姓名_1575,身份_1575,立场_1575,所属势力_1575,家族_1575,所属据点_1575,所属流派_1575,登场_1582,姓名_1582,身份_1582,立场_1582,所属势力_1582,家族_1582,所属据点_1582,所属流派_1582,登场_1598,姓名_1598,身份_1598,立场_1598,所属势力_1598,家族_1598,所属据点_1598,所属流派_1598,登场_1549,姓名_1549,身份_1549,立场_1549,所属势力_1549,所属据点_1549,所属流派_1549,登场_1584,姓名_1584,身份_1584,立场_1584,所属势力_1584,所属据点_1584,所属流派_1584,登场_dream1560,姓名_dream1560,身份_dream1560,立场_dream1560,所属势力_dream1560,所属据点_dream1560,所属流派_dream1560,外观描述_光荣,立绘阶段,Persona,列传,列传原文
ID,OriginalID,AppearanceID,TemplateNPC,CNName,Alias,FirstName,SecondName,EnglishName,CultureID,Gender,BirthYear,BeginYear,DieYear,DieReason,FatherId,MotherId,SpouseId,GrandFatherId,KinsId,JobTendency,JobCompatibility,FriendCompatibility,Temper,Spirit,Ism,ActStyle,theImportanceOfFriendship,Ambition,DesireType,Desire,AlcoholDesire,Origin,WeaponDesire,CommandValue,ForceValue,GovernValue,WisdomValue,CharmValue,SoldierSkill,MountSkill,GunSkill,NavySkill,ArcherSkill,CombatSkill,MilitarySkill,NinjaSkill,BuildSkill,FarmSkill,MineSkill,ArthmeticSkill,EtiquetteSkill,DebateSkill,TeaSkill,MedicalSkill,WarCard,FightCard,TitleCard,IntimacyGet,CombineGet,EventGet,Appear_1554,Name_1554,Identity_1554,CareerStance_1554,Kingdom_1554,ClanID_1554,City_1554,School_1554,Appear_1560,Name_1560,Identity_1560,CareerStance_1560,Kingdom_1560,ClanID_1560,City_1560,School_1560,Appear_1568,Name_1568,Identity_1568,CareerStance_1568,Kingdom_1568,ClanID_1568,City_1568,School_1568,Appear_1575,Name_1575,Identity_1575,CareerStance_1575,Kingdom_1575,ClanID_1575,City_1575,School_1575,Appear_1582,Name_1582,Identity_1582,CareerStance_1582,Kingdom_1582,ClanID_1582,City_1582,School_1582,Appear_1598,Name_1598,Identity_1598,CareerStance_1598,Kingdom_1598,ClanID_1598,City_1598,School_1598,Appear_1549,Name_1549,Identity_1549,CareerStance_1549,Kingdom_1549,City_1549,School_1549,Appear_1584,Name_1584,Identity_1584,CareerStance_1584,Kingdom_1584,City_1584,School_1584,Appear_dream1560,Name_dream1560,Identity_dream1560,CareerStance_dream1560,Kingdom_dream1560,City_dream1560,School_dream1560,KoeiAppearanceDesc,ProfileStages,Persona,Biography,BiographyRaw
lord_tk5_0,0,0,,青山忠成,,青山,忠成,Aoyama Tadanari,kanto,1,1551,1565,1613,病死,,,,,,只限武将,88,88,温和,胆小,现实,慎重,重视情义,35,书籍,无欲,普通,藤原氏,刀剑,45,40,55,53,38,1,0,1,0,1,0,2,0,1,3,1,2,2,0,0,1,无,强袭,无,无要求,,,未登场,青山忠成,足轻组头,陪臣（松平元康）,今川家,clan_tokugawa_1,冈崎城,无,未登场,青山忠成,浪人,其他,无,,冈崎之町,无,已登场,青山忠成,足轻组头,直臣,德川家,clan_tokugawa_1,冈崎城,无,已登场,青山忠成,足轻组头,直臣,德川家,clan_tokugawa_1,滨松城,无,已登场,青山忠成,足轻组头,直臣,德川家,clan_tokugawa_1,滨松城,无,已登场,青山忠成,足轻大将,直臣,德川家,clan_tokugawa_1,江户城,无,未登场,青山忠成,足轻组头,直臣,松平家,冈崎城,无,已登场,青山忠成,足轻组头,直臣,德川家,滨松城,无,已登场,青山忠成,大名,首领,青山家,高松城,无,,"[{""stage"":"""",""tkid"":""0"",""ref"":""0"",""emotion"":0}]",,TAIKOU_bio_0,德川家臣。忠門之子。家康祖父清康時代就侍奉於德川家的青山家後代，早期入仕家康，也曾任秀忠的撫養人。關原之戰後成為江戶奉行和關東的地方總奉行。後遭家康貶謫，隱居。
lord_tk5_1,1,1,,赤池长任,赤池長任,赤池,长任,Akaike Nagatomo,saikai,1,1530,1554,1579,病死,,,,,,只限武将,60,60,性急,勇敢,普通,普通,重视情义,29,武具,普通,嗜酒如命,其他,刀剑,70,63,43,61,58,2,3,2,1,2,2,3,0,1,0,0,1,1,1,0,0,无,强袭，拔突，刚弓，铁壁,无,无要求,,,已登场,赤池长任,部将,直臣,相良家,clan_sagara_1,人吉城,无,已登场,赤池长任,部将,直臣,相良家,clan_sagara_2,人吉城,无,已登场,赤池长任,部将,直臣,相良家,clan_sagara_2,人吉城,无,已登场,赤池长任,部将,直臣,相良家,clan_sagara_2,人吉城,无,已死亡,赤池长任,无效,无效,无,,无效,无,已死亡,赤池长任,无效,无效,无,,无效,无,已登场,赤池长任,部将,直臣,相良家,人吉城,无,已死亡,赤池长任,无效,无效,无,无效,无,已登场,赤池长任,部将,直臣,赤穴家,中村城,无,,"[{""stage"":"""",""tkid"":""1"",""ref"":""1"",""emotion"":0}]",,TAIKOU_bio_1,相良家家臣。負責守備薩摩大口城。和麾下的寄騎大將‧丸目長惠、岡本賴氏等人，與島津勢有過數度的交戰。在堂崎之戰時，率領大隊援軍擊敗猛將‧島津義弘。此時的義弘以家臣代替自己而逃走。
lord_tk5_2,2,2,,赤井直正,,赤井,直正,Akai Naomasa,kinai,1,1529,1560,1578,战死,,,,,,全职种,44,44,普通,勇敢,普通,普通,普通,57,武具,贪心,嗜酒如命,源氏,枪,72,62,43,56,55,3,2,2,0,1,2,2,1,1,1,1,1,1,0,0,0,无,强袭，拔突，铁壁,无,一般条件,,,已登场,赤井直正,侍大将,直臣,波多野家,clan_kiku_1,八上城,无,已登场,赤井直正,侍大将,直臣,波多野家,clan_kiku_1,八上城,无,已登场,赤井直正,侍大将,直臣,波多野家,clan_kiku_1,八上城,无,已登场,赤井直正,侍大将,直臣,波多野家,clan_kiku_1,八上城,无,已死亡,赤井直正,无效,无效,无,,无效,无,已死亡,赤井直正,无效,无效,无,,无效,无,已登场,赤井直正,侍大将,直臣,波多野家,八上城,无,已死亡,赤井直正,无效,无效,无,无效,无,已登场,赤井直正,家老,直臣,赤穴家,中村城,无,,"[{""stage"":"""",""tkid"":""2"",""ref"":""2"",""emotion"":0}]",,TAIKOU_bio_2,丹波望族。時家次子，黑井城主。惡右衛門。武勇過人，綽號「丹波赤鬼」。因兄長家清戰死而開始保護年少的外甥忠家。屢次擊退旨在平定丹波的明智光秀部隊。城破時，據說將家寶貂皮讓給了敵軍將領。
lord_tk5_3,3,3,,安西又助,,安西,又助,Anzai Matasuke,kanto,1,1556,1570,1619,病死,,,,,,全职种,35,35,性急,普通,理想,轻率,普通,44,南蛮物,贪心,嗜酒如命,平氏,刀剑,56,53,21,39,47,2,0,1,3,2,1,0,1,2,0,0,0,0,1,0,1,进水,强袭，刚弓,无,无要求,,,未登场,安西又助,船大将,直臣,房总水军,clan_okumura_1,冈本之砦,无,未登场,安西又助,船大将,直臣,房总水军,clan_okumura_1,冈本之砦,无,未登场,安西又助,船大将,直臣,房总水军,clan_okumura_1,冈本之砦,无,已登场,安西又助,船头,直臣,房总水军,clan_okumura_1,冈本之砦,无,已登场,安西又助,船头,直臣,房总水军,clan_okumura_1,冈本之砦,无,已登场,安西又助,头领,首领,房总水军,clan_anzai_1,冈本之砦,无,未登场,安西又助,船大将,直臣,房总水军,冈本之砦,无,已登场,安西又助,船头,直臣,房总水军,冈本之砦,无,已登场,安西又助,侍大将,直臣,西园寺家,山形城,无,,"[{""stage"":"""",""tkid"":""3"",""ref"":""3"",""emotion"":0}]",,TAIKOU_bio_3,里見水軍的將領。安西家在里見家掌權前，是支配安房西部的豪族，到了戰國後期臣屬於里見家。為房總水軍的核心人物。和企圖侵略房總的北條家軍隊，在江戶灣展開過多次的攻防戰。
lord_tk5_4,4,4,,赤尾清纲,赤尾清綱,赤尾,清纲,Akao Kiyotsuna,kinai,1,1514,1554,1573,战死,,,,,,只限武将,70,70,温和,勇敢,理想,普通,普通,21,书籍,普通,普通,藤原氏,刀剑,64,70,39,66,41,1,2,1,0,0,1,0,0,1,0,0,0,1,0,0,0,无,强袭,无,无要求,,,已登场,赤尾清纲,家老,直臣,浅井家,clan_azai_1,小谷城,无,已登场,赤尾清纲,家老,直臣,浅井家,clan_azai_2,小谷城,无,已登场,赤尾清纲,家老,直臣,浅井家,clan_azai_2,小谷城,无,已死亡,赤尾清纲,无效,无效,无,,无效,无,已死亡,赤尾清纲,无效,无效,无,,无效,无,已死亡,赤尾清纲,无效,无效,无,,无效,无,已登场,赤尾清纲,部将,直臣,浅井家,小谷城,无,已死亡,赤尾清纲,无效,无效,无,无效,无,已登场,赤尾清纲,家老,直臣,赤穴家,中村城,无,,"[{""stage"":"""",""tkid"":""4"",""ref"":""4"",""emotion"":0}]",,TAIKOU_bio_4,淺野家臣。近江赤尾城主。與海北綱親的森彌兵衛一起被稱為「海赤雨三將」，是三老之一。將淺井家的居城小谷城交與赤尾曲輪。後遭織田信長進攻，小谷城陷落，被斬首。
lord_tk5_5,5,5,,明石全登,,明石,全登,Akashi Teruzumi,sanyo,1,1566,1580,1615,战死,,,,,,全职种,19,19,性急,胆小,理想,轻率,普通,62,南蛮物,贪心,普通,源氏,刀剑,60,69,46,56,53,1,1,1,0,1,0,0,0,0,1,1,1,0,0,1,2,无,强袭,无,一般条件,,,未登场,明石全登,足轻组头,陪臣（宇喜多直家）,浦上家,clan_ukita_1,天神山城,无,未登场,明石全登,足轻组头,直臣,浦上家,clan_uragami_1,天神山城,无,未登场,明石全登,足轻组头,陪臣（宇喜多直家）,浦上家,clan_ukita_1,天神山城,无,未登场,明石全登,足轻组头,陪臣（宇喜多直家）,浦上家,clan_ukita_1,冈山城,无,已登场,明石全登,足轻组头,直臣,宇喜多家,clan_ukita_1,冈山城,无,已登场,明石全登,侍大将,直臣,宇喜多家,clan_ukita_1,冈山城,无,未登场,明石全登,足轻组头,陪臣（宇喜多直家）,浦上家,天神山城,无,已登场,明石全登,足轻组头,直臣,宇喜多家,冈山城,无,已登场,明石全登,浪人,其他,无,江户之町,无,,"[{""stage"":"""",""tkid"":""5"",""ref"":""5"",""emotion"":0}]",,TAIKOU_bio_5,宇喜多家臣。景親之子。是熱心的天主教徒，據說曾讓傳教士們住宿，在自家宅中佈教。主家發生內亂，一些老臣紛紛退職後，他請求擔任了國政之職。關原之戰時，作為宇喜多軍的先鋒而英勇奮戰。
lord_tk5_6,6,6,,赤穴盛清,,赤穴,盛清,Akana Sanekiyo,sanyo,1,1529,1554,1595,病死,,,,,,全职种,20,36,温和,胆小,现实,慎重,不重情义,31,艺术品,普通,滴酒不沾,源氏,刀剑,39,45,60,53,36,0,0,0,0,1,0,0,0,1,0,0,0,1,0,0,0,无,强袭,无,无要求,,,已登场,赤穴盛清,侍大将,直臣,尼子家,clan_amago_1,月山富田城,无,已登场,赤穴盛清,侍大将,直臣,尼子家,clan_amago_1,月山富田城,无,已登场,赤穴盛清,侍大将,直臣,毛利家,clan_mori_1,吉田郡山城,无,已登场,赤穴盛清,侍大将,直臣,毛利家,clan_mori_2,吉田郡山城,无,已登场,赤穴盛清,侍大将,直臣,毛利家,clan_mori_2,吉田郡山城,无,已死亡,赤穴盛清,无效,无效,无,,无效,无,已登场,赤穴盛清,侍大将,直臣,尼子家,月山富田城,无,已登场,赤穴盛清,侍大将,直臣,毛利家,吉田郡山城,无,已登场,赤穴盛清,大名,首领,赤穴家,中村城,无,,"[{""stage"":"""",""tkid"":""6"",""ref"":""6"",""emotion"":0}]",,TAIKOU_bio_6,尼子家臣。出雲瀨戶山城主。光清三子。父親光清在與大內義隆的戰鬥中被射殺。主公晴久為其壯烈之死而感動，增加了繼承家業的盛清的領地。但是最終拋棄了衰亡中的主家，投降毛利元就的侵略大軍而臣服。
lord_tk5_7,7,7,,赤松政秀,,赤松,政秀,Akamatsu Torashige,sanyo,1,1510,1554,1570,战死,,,,,lord_tk5_328,全职种,59,59,普通,普通,理想,轻率,不重情义,61,书籍,贪心,普通,源氏,刀剑,48,58,44,55,46,1,1,0,0,0,0,1,0,0,1,1,0,0,0,0,1,无,强袭,无,无要求,,,已登场,赤松政秀,家老,直臣,赤松家,clan_akamatsu_2,置盐城,无,已登场,赤松政秀,家老,直臣,赤松家,clan_akamatsu_2,置盐城,无,已登场,赤松政秀,家老,直臣,赤松家,clan_akamatsu_2,置盐城,无,已死亡,赤松政秀,无效,无效,无,clan_akamatsu_1,无效,无,已死亡,赤松政秀,无效,无效,无,clan_kinoshita_1,无效,无,已死亡,赤松政秀,无效,无效,无,clan_kinoshita_1,无效,无,已登场,赤松政秀,部将,直臣,赤松家,置盐城,无,已死亡,赤松政秀,无效,无效,无,无效,无,已登场,赤松政秀,部将,直臣,赤穴家,中村城,无,,"[{""stage"":"""",""tkid"":""7"",""ref"":""7"",""emotion"":0}]",,TAIKOU_bio_7,赤松家臣。播磨龍野城主。將沒落的主家晴政迎入居城。殺死皇津城的浦上政宗之後，在三木城別所與安治相聯合，與小寺政職、黑田職隆作戰。之後據說被毒殺。
lord_tk5_8,8,8,,赤松义祐,赤松義祐,赤松,义祐,Akamatsu Yoshisuke,sanyo,1,1537,1554,1576,病死,lord_tk5_808,,,,lord_tk5_808,只限武将,59,59,温和,胆小,普通,普通,普通,56,艺术品,贪心,普通,源氏,刀剑,39,45,51,46,39,1,0,0,0,1,0,0,0,0,1,0,0,0,0,0,1,无,强袭,无,一般条件,,,已登场,赤松义祐,家老,直臣,赤松家,clan_akamatsu_1,置盐城,无,已登场,赤松义祐,大名,首领,赤松家,clan_akamatsu_1,置盐城,无,已登场,赤松义祐,大名,首领,赤松家,clan_akamatsu_1,置盐城,无,已登场,赤松义祐,大名,首领,赤松家,clan_akamatsu_1,置盐城,无,已死亡,赤松义祐,无效,无效,无,,无效,无,已死亡,赤松义祐,无效,无效,无,,无效,无,未登场,赤松义祐,家老,直臣,赤松家,置盐城,无,已死亡,赤松义祐,无效,无效,无,无效,无,已登场,赤松义祐,家老,直臣,赤穴家,中村城,无,,"[{""stage"":"""",""tkid"":""8"",""ref"":""8"",""emotion"":0}]",,TAIKOU_bio_8,赤松家嫡流，晴政之子。美作新莊山城主。與織田信長串通，同播磨的浦上宗景相作戰失敗而沒落。赤松家是繼承村上源氏的流派，為建武政府樹立做出貢獻的赤松則村為祖先的名門望族，是控制山陽道要地的有力守備。
lord_tk5_9,9,9,,秋上久家,,秋上,久家,Akiue Hisaya,sanyo,1,1536,1554,1579,病死,,,,,,没那个意思,18,18,普通,普通,理想,轻率,重视情义,41,武具,无欲,普通,其他,枪,63,58,38,40,61,0,1,0,0,0,0,2,0,0,0,1,1,0,1,0,0,无,拔突,无,无要求,,,已登场,秋上久家,足轻组头,直臣,尼子家,clan_amago_1,月山富田城,无,已登场,秋上久家,侍大将,直臣,尼子家,clan_amago_1,月山富田城,无,已登场,秋上久家,浪人,其他,无,,津山之町,无,已登场,秋上久家,浪人,其他,无,,津山之町,无,已死亡,秋上久家,无效,无效,无,,无效,无,已死亡,秋上久家,无效,无效,无,,无效,无,未登场,秋上久家,足轻大将,直臣,尼子家,月山富田城,无,已死亡,秋上久家,无效,无效,无,无效,无,已登场,秋上久家,部将,直臣,上泉家,内城,无,,"[{""stage"":"""",""tkid"":""9"",""ref"":""9"",""emotion"":0}]",,TAIKOU_bio_9,尼子家臣。綱平之子。又稱庵介。尼子十勇士之一。仕尼子晴久及其子義久，參加各種戰鬥。尼子氏滅亡後，聯合山中鹿介等擁立尼子勝久，圖再興主家，後隨父綱平投降毛利。
lord_tk5_10,10,10,,安艺国虎,安藝國虎|安芸國虎,安艺,国虎,Aki Kunitora,nankai,1,1530,1554,1569,战死,,,,,,全职种,40,40,性急,勇敢,理想,轻率,重视情义,67,南蛮物,贪心,嗜酒如命,其他,刀剑,66,60,39,35,34,1,2,1,0,1,1,2,1,1,0,1,0,0,0,0,0,无,强袭,无,无要求,,,已登场,安艺国虎,城主,直臣,一条家,clan_aki_1,安艺城,无,已登场,安艺国虎,城主,直臣,一条家,clan_aki_1,安艺城,无,已登场,安艺国虎,城主,直臣,一条家,clan_ichijo_1,安艺城,无,已死亡,安艺国虎,无效,无效,无,,无效,无,已死亡,安艺国虎,无效,无效,无,,无效,无,已死亡,安艺国虎,无效,无效,无,,无效,无,已登场,安艺国虎,城主,直臣,一条家,安艺城,无,已死亡,安艺国虎,无效,无效,无,无效,无,已登场,安艺国虎,浪人,其他,无,府内之町,无,,"[{""stage"":"""",""tkid"":""10"",""ref"":""10"",""emotion"":0}]",,TAIKOU_bio_10,土佐的豪族。安藝城主。土佐七雄之一，以剛勇而著稱。因拒絕去長宗我部元親之居城土佐岡豐城而與元親交戰，後元親施計使其家臣團發生內鬨而敗北，投降後自殺。
lord_tk5_11,11,11,,秋田实季,秋田實季|安东实季|安東實季,秋田,实季,Akita Sanesue,ou,1,1576,1590,1659,战死,lord_tk5_56,,,,lord_tk5_56,全职种,21,21,普通,胆小,现实,慎重,普通,47,艺术品,普通,普通,其他,刀剑,58,46,55,62,59,0,1,1,0,0,0,1,0,0,1,2,1,2,2,3,0,无,强袭,无,一般条件,,,未登场,安东实季,部将,陪臣（安东爱季）,安东家,clan_ando_1,桧山城,无,未登场,安东实季,部将,陪臣（安东爱季）,安东家,clan_ando_1,桧山城,无,未登场,安东实季,部将,陪臣（安东爱季）,安东家,clan_ando_1,桧山城,无,未登场,安东实季,部将,直臣,安东家,clan_ando_1,桧山城,无,未登场,安东实季,部将,直臣,安东家,clan_ando_1,桧山城,无,已登场,秋田实季,大名,首领,秋田家,clan_akita_1,桧山城,无,未登场,安东实季,部将,直臣,安东家,桧山城,无,未登场,安东实季,部将,直臣,安东家,凑城,无,已登场,安东实季,足轻大将,直臣,东乡家,盛冈城,无,,"[{""stage"":"""",""tkid"":""11"",""ref"":""11"",""emotion"":0}]",,TAIKOU_bio_11,檜山安東家第９代家主。愛季之子。人稱城之介。其父死後，年僅１２歲便繼承家督。其堂兄弟‧高季得到戶澤家的助力而掀起叛變，在長期籠城後擊敗高季，統一了整個家。後來豐臣秀吉安堵他的領土於秋田郡，其後便改姓為「秋田氏」。聽說也是個精通文藝、茶道的風雅之士。
lord_tk5_12,12,12,,秋山虎繁,秋山信友,秋山,虎繁,Akiyama Torashige,tokai,1,1531,1554,1575,战死,,,,,,只限武将,60,60,普通,普通,现实,普通,普通,33,武具,普通,嗜酒如命,源氏,刀剑,75,65,59,70,69,2,2,1,1,1,1,1,2,0,1,0,0,2,1,0,1,无,强袭，二连苦无,无,一般条件,,,已登场,秋山虎繁,侍大将,直臣,武田家,clan_takeda_1,踯躅崎馆,无,已登场,秋山虎繁,侍大将,直臣,武田家,clan_takeda_1,踯躅崎馆,无,已登场,秋山虎繁,侍大将,直臣,武田家,clan_takeda_1,踯躅崎馆,无,已登场,秋山虎繁,城主,直臣,武田家,clan_takeda_2,岩村城,无,已死亡,秋山虎繁,无效,无效,无,,无效,无,已死亡,秋山虎繁,无效,无效,无,,无效,无,已登场,秋山虎繁,足轻大将,直臣,武田家,踯躅崎馆,无,已死亡,秋山虎繁,无效,无效,无,无效,无,已登场,秋山虎繁,中忍,直臣,伊贺众,伊贺之里,无,,"[{""stage"":"""",""tkid"":""12"",""ref"":""12"",""emotion"":0}]",,TAIKOU_bio_12,武田家臣。其妻為織田信長的嬸母。武田二十四將之一，統率伊那派勢力。戰鬥風格十分勇猛，德川家康曾讚美他為「武田軍猛牛」。長篠之戰後，守衛美濃岩村城，與織田信長部隊對峙，城破被俘後遭處死。
lord_tk5_13,13,13,,明智秀满,明智秀滿,明智,秀满,Akechi Hidemitsu,kinai,1,1537,1554,1582,战死,,,,,,全职种,0,60,普通,勇敢,理想,慎重,重视情义,26,武具,无欲,普通,源氏,刀剑,64,57,42,51,73,2,1,2,1,2,1,2,1,2,0,1,2,2,2,2,2,无,强袭，刚弓,无,一般条件,,,已登场,明智秀满,足轻组头,陪臣（明智光秀）,斋藤家,clan_akechi_1,稻叶山城,无,已登场,明智秀满,足轻组头,陪臣（明智光秀）,朝仓家,clan_akechi_1,一乘谷城,无,已登场,明智秀满,足轻组头,陪臣（明智光秀）,织田家,clan_akechi_1,岐阜城,无,已登场,明智秀满,足轻大将,陪臣（明智光秀）,织田家,clan_akechi_1,坂本城,无,已登场,明智秀满,足轻大将,陪臣（明智光秀）,织田家,clan_akechi_1,丹波龟山城,无,已死亡,明智秀满,无效,无效,无,,无效,无,未登场,明智秀满,足轻组头,陪臣（明智光秀）,斋藤家,稻叶山城,无,已死亡,明智秀满,无效,无效,无,无效,无,已登场,明智秀满,浪人,其他,无,奈良之町,无,,"[{""stage"":"""",""tkid"":""13"",""ref"":""13"",""emotion"":0}]",,TAIKOU_bio_13,明智家臣。光秀的女婿。人稱彌平次、左馬助。其岳父光秀發動本能寺事變時，擔任攻擊的先鋒。山崎之戰時守衛安土城，接到本軍戰敗的報告而退到阪本城。被堀秀政等人的軍隊包圍後，將明智家的家寶託付秀政後，在城內放火自盡而亡。
lord_tk5_14,14,14|1152,,明智光秀,,明智,光秀,Akechi Mitsuhide,kinai,1,1528,1554,1582,战死,,,,明智光继,lord_tk5_912,只限武将,0,56,温和,胆小,理想,轻率,不重情义,94,南蛮物,普通,滴酒不沾,源氏,火绳枪,89,78,86,90,82,4,3,4,1,3,3,4,2,2,2,2,3,4,4,3,2,齐攻，枪炮乱射，激励,强袭，连续斩，拔突，二连苦无，急所击，二挺击，刚弓，石火，乱射，刚力，铁壁，丢钱，克己,火枪名人，策士，雄辩,不可,,主角丰臣秀吉，山崎之战胜利,已登场,明智光秀,侍大将,直臣,斋藤家,clan_akechi_1,稻叶山城,无,已登场,明智光秀,侍大将,直臣,朝仓家,clan_akechi_1,一乘谷城,无,已登场,明智光秀,部将,直臣,织田家,clan_akechi_1,岐阜城,无,已登场,明智光秀,城主,直臣,织田家,clan_akechi_1,坂本城,无,已登场,明智光秀,国主,直臣,织田家,clan_akechi_1,丹波龟山城,无,已死亡,明智光秀,无效,无效,无,,无效,无,已登场,明智光秀,侍大将,直臣,斋藤家,稻叶山城,无,已死亡,明智光秀,无效,无效,无,无效,无,已登场,明智光秀,浪人,其他,无,奈良之町,无,"[{""stage"":""军"",""tkid"":""14"",""ref"":"""",""emotion"":1},{""stage"":""朝"",""tkid"":""1152"",""ref"":"""",""emotion"":1}]","[{""stage"":""军"",""tkid"":""14"",""ref"":""14"",""emotion"":1},{""stage"":""朝"",""tkid"":""1152"",""ref"":""1152"",""emotion"":1}]",明智光秀：冷峻儒雅、克己持重的悲剧理想主义者，被信长嫌「死脑筋」，书卷气浓。笑为礼节性淡笑，怒为抿唇冷怒压抑在喉，悲为清冷郁结低垂，惊为蹙眉微怔但仍保持仪态。,TAIKOU_bio_14,織田家臣。人稱十兵衛。初期侍奉於朝倉家，在足利義昭上洛後改仕官於織田家。憑其才能與智略為信長所重用。但他突然起兵謀反，在本能寺殺害信長。之後在山崎合戰中大敗於羽柴秀吉，並在逃亡途中遭到殺害。
lord_tk5_15,15,15,,浅井井赖,淺井井賴,浅井,井赖,Azai Ujitsuna,nankai,1,1573,1587,1615,病死,lord_tk5_16,,,lord_tk5_17,lord_tk5_16|lord_tk5_17,全职种,49,49,普通,勇敢,理想,慎重,重视情义,55,武具,无欲,普通,源氏,刀剑,56,61,51,53,70,1,0,1,2,1,2,0,0,1,0,1,0,1,1,1,1,无,强袭，拔突，铁壁,无,无要求,,,未登场,浅井井赖,足轻组头,陪臣（浅井长政）,浅井家,clan_azai_2,小谷城,无,未登场,浅井井赖,足轻组头,直臣,浅井家,clan_azai_2,小谷城,无,未登场,浅井井赖,足轻组头,直臣,浅井家,clan_azai_2,小谷城,无,未登场,浅井井赖,浪人,其他,无,,长滨之町,无,未登场,浅井井赖,浪人,其他,无,,长滨之町,无,已登场,浅井井赖,足轻组头,直臣,生驹家,clan_ikoma_1,高松城,无,未登场,浅井井赖,足轻组头,直臣,浅井家,小谷城,无,未登场,浅井井赖,浪人,其他,无,长滨之町,无,已登场,浅井井赖,浪人,其他,无,龟山之町,无,,"[{""stage"":"""",""tkid"":""15"",""ref"":""15"",""emotion"":0}]",,TAIKOU_bio_15,淺井長政之子。侍奉豐臣秀長及秀保，獲得六百石的賞賜。秀保死後改侍增田長盛，獲取三千石的賞賜。最後侍奉生駒一正。傳言他在大阪之陣時入駐大阪城，後來戰死在夏之陣。另一說法是在城被攻下後，浪跡至若狹小濱一帶。
lord_tk5_16,16,16,,浅井长政,淺井長政,浅井,长政,Azai Nagamasa,kinai,1,1545,1559,1573,战死,lord_tk5_17,,lord_tk5_1181,,lord_tk5_15|lord_tk5_17,只限武将,72,72,性急,胆小,理想,轻率,不重情义,81,武具,贪心,普通,源氏,刀剑,87,75,65,49,80,2,2,1,1,1,1,1,0,1,1,1,1,1,0,1,0,无,强袭,无,一般条件,海赤雨三将 海北纲亲/赤尾清纲/雨森弥兵卫,,未登场,浅井长政,部将,陪臣（浅井久政）,浅井家,clan_azai_2,小谷城,无,已登场,浅井长政,大名,首领,浅井家,clan_azai_2,小谷城,无,已登场,浅井长政,大名,首领,浅井家,clan_azai_2,小谷城,无,已死亡,浅井长政,无效,无效,无,clan_kyoogoku_1,无效,无,已死亡,浅井长政,无效,无效,无,clan_oda_1,无效,无,已死亡,浅井长政,无效,无效,无,clan_kyoogoku_1,无效,无,未登场,浅井长政,家老,直臣,浅井家,小谷城,无,已死亡,浅井长政,无效,无效,无,无效,无,已登场,浅井长政,浪人,其他,无,长滨之町,无,,"[{""stage"":"""",""tkid"":""16"",""ref"":""16"",""emotion"":0}]",,TAIKOU_bio_16,近江的戰國大名。小谷城主。久政的嫡子。娶織田信長之妹市為妻，結為同盟關係。但是因以前的同盟朝倉家遭信長進攻，與敵對的朝倉一起在姊川決戰而失敗。之後，居城被進破，將阿市和女兒託付給信長自盡。
lord_tk5_17,17,17,,浅井久政,淺井久政,浅井,久政,Azai Hisamasa,kinai,1,1526,1554,1573,战死,,,,,lord_tk5_15|lord_tk5_16,只限武将,55,55,温和,胆小,现实,慎重,普通,31,艺术品,贪心,滴酒不沾,源氏,刀剑,44,29,59,55,46,0,1,0,0,0,0,1,0,1,2,0,0,1,1,0,0,无,强袭,无,一般条件,,,已登场,浅井久政,大名,首领,浅井家,clan_azai_1,小谷城,无,已登场,浅井久政,家老,直臣,浅井家,clan_azai_2,小谷城,无,已登场,浅井久政,家老,直臣,浅井家,clan_azai_2,小谷城,无,已死亡,浅井久政,无效,无效,无,,无效,无,已死亡,浅井久政,无效,无效,无,,无效,无,已死亡,浅井久政,无效,无效,无,clan_ikoma_1,无效,无,已登场,浅井久政,大名,首领,浅井家,小谷城,无,已死亡,浅井久政,无效,无效,无,无效,无,已登场,浅井久政,浪人,其他,无,浦户之町,无,,"[{""stage"":"""",""tkid"":""17"",""ref"":""17"",""emotion"":0}]",,TAIKOU_bio_17,淺井家的當主。亮政之子、長政之父。屈服於南近江的六角家壓力之下而從屬於六角家。對此事不服的家臣團對其施加壓力，使其將家督之位讓與長政，然後隱居在小谷城內，但仍會介入施政。當信長毀約而欲攻打朝倉家時，提議主張打倒信長。在小谷城被攻陷時自裁。
lord_tk5_18,18,18,,朝仓景镜,朝倉景鏡,朝仓,景镜,Asakura Kageakira,hokuriku,1,1535,1554,1574,战死,,,,朝仓贞景,lord_tk5_23,全职种,45,45,性急,普通,现实,慎重,不重情义,71,艺术品,普通,普通,其他,刀剑,59,46,45,72,44,1,1,1,1,0,1,2,1,0,0,0,0,1,1,1,1,无,强袭,无,无要求,,,已登场,朝仓景镜,侍大将,直臣,朝仓家,clan_asakura_1,一乘谷城,无,已登场,朝仓景镜,侍大将,直臣,朝仓家,clan_asakura_1,一乘谷城,无,已登场,朝仓景镜,侍大将,直臣,朝仓家,clan_asakura_1,一乘谷城,无,已死亡,朝仓景镜,无效,无效,无,,无效,无,已死亡,朝仓景镜,无效,无效,无,,无效,无,已死亡,朝仓景镜,无效,无效,无,,无效,无,已登场,朝仓景镜,侍大将,直臣,朝仓家,一乘谷城,无,已死亡,朝仓景镜,无效,无效,无,无效,无,已登场,朝仓景镜,浪人,其他,无,大凑之町,无,,"[{""stage"":"""",""tkid"":""18"",""ref"":""18"",""emotion"":0}]",,TAIKOU_bio_18,朝倉家臣。景高之子。朝倉一門眾。織田信長從越前撤退時，他擔任追擊軍的總大將。但主公義景在刀禰阪之戰中戰敗後，他迫使逃跑中的義景自殺，並投降於信長。後為一向宗勢力所討伐戰死。
lord_tk5_19,19,19,,朝仓景健,朝倉景健,朝仓,景健,Asakura Morinari,hokuriku,1,1541,1555,1575,战死,,,,,,全职种,50,50,普通,胆小,现实,普通,普通,40,艺术品,无欲,普通,其他,刀剑,62,65,49,33,45,2,1,1,0,0,1,1,1,0,0,0,0,1,0,0,0,无,强袭,无,无要求,,,未登场,朝仓景健,部将,直臣,朝仓家,clan_asakura_1,一乘谷城,无,已登场,朝仓景健,部将,直臣,朝仓家,clan_asakura_1,一乘谷城,无,已登场,朝仓景健,部将,直臣,朝仓家,clan_asakura_1,一乘谷城,无,已死亡,朝仓景健,无效,无效,无,,无效,无,已死亡,朝仓景健,无效,无效,无,,无效,无,已死亡,朝仓景健,无效,无效,无,,无效,无,未登场,朝仓景健,部将,直臣,朝仓家,一乘谷城,无,已死亡,朝仓景健,无效,无效,无,无效,无,已登场,朝仓景健,浪人,其他,无,京之町,无,,"[{""stage"":"""",""tkid"":""19"",""ref"":""19"",""emotion"":0}]",,TAIKOU_bio_19,朝倉家臣。景隆之子。代替家督義景，作為總大將頻頻出征。盡管在姊川之戰中浴血奮戰！但還是敗給敵手德川軍。主家滅亡後，歸屬織田信長，但由於向僧民集團軍投降，惹怒了信長，不得不自盡。
lord_tk5_20,20,20,,朝仓景恒,朝倉景恒|朝倉景恆,朝仓,景恒,Asakura Ryosei,hokuriku,1,1527,1554,1571,病死,,,,lord_tk5_22,lord_tk5_22,只限武将,50,50,温和,普通,普通,普通,普通,21,书籍,无欲,嗜酒如命,其他,刀剑,59,60,34,41,36,0,1,1,1,1,1,1,0,1,1,1,0,0,0,0,0,无,强袭,无,无要求,,,已登场,朝仓景恒,家老,直臣,朝仓家,clan_asakura_1,一乘谷城,无,已登场,朝仓景恒,家老,直臣,朝仓家,clan_asakura_1,一乘谷城,无,已登场,朝仓景恒,家老,直臣,朝仓家,clan_asakura_1,一乘谷城,无,已死亡,朝仓景恒,无效,无效,无,,无效,无,已死亡,朝仓景恒,无效,无效,无,,无效,无,已死亡,朝仓景恒,无效,无效,无,,无效,无,已登场,朝仓景恒,家老,直臣,朝仓家,一乘谷城,无,已死亡,朝仓景恒,无效,无效,无,无效,无,已登场,朝仓景恒,浪人,其他,无,奈良之町,无,,"[{""stage"":"""",""tkid"":""20"",""ref"":""20"",""emotion"":0}]",,TAIKOU_bio_20,朝倉家臣。景紀之子，朝倉一門眾。作金崎城主時，被前來攻打朝倉的織田信長軍隊所包圍。他據守城池奮力抵抗，但朝倉方面卻未派援軍接應，被信長所說服，而打開城門。之後，入永平寺隱居。
lord_tk5_21,21,21,,朝仓景连,朝倉景連,朝仓,景连,Asakura Tadamasa,hokuriku,1,1502,1554,1570,战死,,,,,,只限武将,50,50,温和,胆小,普通,慎重,普通,40,书籍,贪心,普通,其他,刀剑,56,58,52,66,53,1,0,0,0,0,0,1,0,2,2,1,1,1,1,1,1,无,强袭,无,无要求,,,已登场,朝仓景连,部将,直臣,朝仓家,clan_asakura_1,一乘谷城,无,已登场,朝仓景连,部将,直臣,朝仓家,clan_asakura_1,一乘谷城,无,已登场,朝仓景连,部将,直臣,朝仓家,clan_asakura_1,一乘谷城,无,已死亡,朝仓景连,无效,无效,无,,无效,无,已死亡,朝仓景连,无效,无效,无,,无效,无,已死亡,朝仓景连,无效,无效,无,,无效,无,已登场,朝仓景连,部将,直臣,朝仓家,一乘谷城,无,已死亡,朝仓景连,无效,无效,无,无效,无,已登场,朝仓景连,浪人,其他,无,鹿岛之町,无,,"[{""stage"":"""",""tkid"":""21"",""ref"":""21"",""emotion"":0}]",,TAIKOU_bio_21,朝倉家臣。朝倉家同名眾之一，擔任一乘谷執行之職。在鎮壓加賀一向宗農民起義時曾奮勇作戰。朝倉義景在大窪濱舉辦大型賽狗會時，據說他曾把自己裝扮得如同君主一般華麗。
lord_tk5_22,22,22,,朝仓宗滴,朝倉宗滴,朝仓,宗滴,Asakura Kakubei,hokuriku,1,1477,1554,1555,病死,,,,,lord_tk5_20,只限武将,30,30,普通,普通,普通,轻率,重视情义,29,武具,无欲,普通,其他,枪,88,79,58,69,69,3,4,1,1,2,2,3,1,1,0,1,0,3,1,1,0,无,强袭，拔突，刚弓，铁壁,无,一般条件,,,已登场,朝仓宗滴,家老,直臣,朝仓家,clan_asakura_1,一乘谷城,无,已死亡,朝仓宗滴,无效,无效,无,clan_asakura_1,无效,无,已死亡,朝仓宗滴,无效,无效,无,clan_asakura_1,无效,无,已死亡,朝仓宗滴,无效,无效,无,,无效,无,已死亡,朝仓宗滴,无效,无效,无,,无效,无,已死亡,朝仓宗滴,无效,无效,无,,无效,无,已登场,朝仓宗滴,家老,直臣,朝仓家,一乘谷城,无,已死亡,朝仓宗滴,无效,无效,无,无效,无,已登场,朝仓宗滴,浪人,其他,无,安土之町,无,,"[{""stage"":"""",""tkid"":""22"",""ref"":""22"",""emotion"":0}]",,TAIKOU_bio_22,朝倉家之一族。英林敏景之子。名為教景。擁有超群的統率力，朝倉家三代以來都由他擔任軍奉行的職務。對周圍諸國數度出兵，立下無數的功勳，是眾所皆畏的「軍神」。為了討伐加賀一向一揆，以七十九歲的高齡出戰。但是在作戰中病倒，回到越前後就此病逝了。
lord_tk5_23,23,23,,朝仓义景,朝倉義景,朝仓,义景,Asakura Yoshikage,hokuriku,1,1533,1554,1573,战死,,,,朝仓贞景,lord_tk5_18,只限武将,50,50,普通,胆小,现实,慎重,不重情义,61,南蛮物,贪心,滴酒不沾,其他,刀剑,42,19,51,34,49,0,1,1,0,0,0,0,0,1,1,1,1,3,1,2,1,威风凛凛,强袭,无,一般条件,,,已登场,朝仓义景,大名,首领,朝仓家,clan_asakura_1,一乘谷城,无,已登场,朝仓义景,大名,首领,朝仓家,clan_asakura_1,一乘谷城,无,已登场,朝仓义景,大名,首领,朝仓家,clan_asakura_1,一乘谷城,无,已死亡,朝仓义景,无效,无效,无,,无效,无,已死亡,朝仓义景,无效,无效,无,,无效,无,已死亡,朝仓义景,无效,无效,无,,无效,无,已登场,朝仓义景,大名,首领,朝仓家,一乘谷城,无,已死亡,朝仓义景,无效,无效,无,无效,无,已登场,朝仓义景,浪人,其他,无,鹿儿岛之町,无,,"[{""stage"":"""",""tkid"":""23"",""ref"":""23"",""emotion"":0}]",,TAIKOU_bio_23,朝倉家第５代家主。考景之嫡子。足利義昭勸其進攻京都，但他未響應，而投奔織田信長。之後，與信長對立，姊川之戰敗於織田、德川聯軍，刀禰阪之戰也遭敗績，自盡而亡。
lord_tk5_24,24,24,,浅野长晟,淺野長晟,浅野,长晟,Asano Nagashige,tosan,1,1586,1599,1632,病死,lord_tk5_25,,,,lord_tk5_25|lord_tk5_26,全职种,5,5,普通,普通,普通,普通,普通,55,书籍,普通,普通,源氏,刀剑,54,69,51,49,53,1,2,1,1,1,2,1,0,1,2,1,1,1,1,1,2,无,强袭，拔突，铁壁,无,无要求,,,未登场,浅野长晟,足轻组头,陪臣（浅野长吉）,织田家,clan_asano_1,清洲城,无,未登场,浅野长晟,足轻组头,陪臣（浅野长吉）,织田家,clan_asano_1,清洲城,无,未登场,浅野长晟,足轻组头,陪臣（浅野长吉）,织田家,clan_asano_1,岐阜城,无,未登场,浅野长晟,足轻组头,陪臣（浅野长政）,织田家,clan_asano_1,岐阜城,无,未登场,浅野长晟,足轻组头,陪臣（浅野长政）,织田家,clan_asano_1,姬路城,无,已登场,浅野长晟,家老,直臣,浅野家,clan_asano_1,甲府城,无,未登场,浅野长晟,足轻组头,陪臣（浅野长吉）,织田家,那古野城,无,未登场,浅野长晟,足轻组头,陪臣（浅野长政）,羽柴家,坂本城,无,已登场,浅野长晟,浪人,其他,无,长滨之町,无,,"[{""stage"":"""",""tkid"":""24"",""ref"":""24"",""emotion"":0}]",,TAIKOU_bio_24,豐臣家家臣。長政的次男。兄長‧幸長在沒有嫡子的情況下英年早逝，因此長晟繼承了紀伊和歌山的三十七萬石。在大阪夏之陣中奉德川幕府之令出戰，創下了擊敗塙直之等等的光榮戰績。後來轉封到安藝廣島，受封了四十二萬石。
lord_tk5_25,25,25,,浅野长政,淺野長政|浅野长吉|淺野長吉,浅野,长政,Asano Nagamasa,tosan,1,1547,1561,1611,病死,,,,,lord_tk5_24|lord_tk5_26,全职种,8,8,温和,胆小,现实,慎重,普通,36,书籍,贪心,普通,源氏,刀剑,62,53,78,66,60,1,0,0,0,1,1,1,0,0,4,3,2,1,2,1,1,无,强袭,无,一般条件,,,未登场,浅野长吉,足轻组头,直臣,织田家,clan_asano_1,清洲城,无,已登场,浅野长吉,足轻组头,直臣,织田家,clan_asano_1,清洲城,无,已登场,浅野长吉,足轻组头,陪臣（木下藤吉郎）,织田家,clan_asano_1,岐阜城,无,已登场,浅野长政,足轻大将,陪臣（羽柴秀吉）,织田家,clan_asano_1,长滨城,无,已登场,浅野长政,足轻大将,陪臣（羽柴秀吉）,织田家,clan_asano_1,姬路城,无,已登场,浅野长政,家老,直臣,浅野家,clan_asano_1,甲府城,无,未登场,浅野长吉,足轻组头,直臣,织田家,那古野城,无,已登场,浅野长政,城主,直臣,羽柴家,坂本城,无,已登场,浅野长政,浪人,其他,无,长滨之町,无,,"[{""stage"":"""",""tkid"":""25"",""ref"":""25"",""emotion"":0}]",,TAIKOU_bio_25,豐臣家臣。秀吉的正室寧寧的義弟。原為安井氏，後與淺野長勝之義女結婚，繼承淺野家業。深得秀吉信賴，任京都奉行、檢地奉行等要職。在民政、兵站等處運用其手腕，作為豐臣家五奉行之首而有卓越表現。
lord_tk5_26,26,26,,浅野幸长,淺野幸長,浅野,幸长,Asano Yukinaga,tosan,1,1576,1590,1613,病死,lord_tk5_25,,,,lord_tk5_24|lord_tk5_25,全职种,5,5,普通,勇敢,普通,普通,普通,70,艺术品,普通,普通,源氏,刀剑,57,62,71,65,52,0,1,1,2,1,0,0,0,1,0,1,1,1,0,0,1,无,强袭,无,一般条件,,,未登场,浅野幸长,足轻组头,陪臣（浅野长吉）,织田家,clan_asano_1,清洲城,无,未登场,浅野幸长,足轻组头,陪臣（浅野长吉）,织田家,clan_asano_1,清洲城,无,未登场,浅野幸长,足轻组头,陪臣（浅野长吉）,织田家,clan_asano_1,岐阜城,无,未登场,浅野幸长,足轻组头,陪臣（浅野长政）,织田家,clan_asano_1,岐阜城,无,未登场,浅野幸长,足轻组头,陪臣（浅野长政）,织田家,clan_asano_1,姬路城,无,已登场,浅野幸长,大名,首领,浅野家,clan_asano_1,甲府城,无,未登场,浅野幸长,足轻组头,陪臣（浅野长吉）,织田家,那古野城,无,未登场,浅野幸长,足轻组头,陪臣（浅野长政）,羽柴家,坂本城,无,已登场,浅野幸长,浪人,其他,无,长滨之町,无,,"[{""stage"":"""",""tkid"":""26"",""ref"":""26"",""emotion"":0}]",,TAIKOU_bio_26,豐臣家臣。長政之嫡子。紀伊國和歌山城主。秀吉死後，與石田三成等對立歸屬東軍。戰後，領紀伊和歌山３７萬石。之後，與加藤清正協作，促成了德川家康與豐臣秀賴的會面。擅長槍法。
lord_tk5_27,27,27,,朝比奈泰朝,,朝比奈,泰朝,Asahina Yasutomo,tokai,1,1538,1554,1569,病死,,,,,,只限武将,60,60,性急,胆小,普通,慎重,普通,25,艺术品,普通,嗜酒如命,藤原氏,刀剑,56,61,26,43,34,1,1,1,0,0,1,1,0,1,0,0,0,1,0,0,1,无,强袭,无,无要求,,,已登场,朝比奈泰朝,城主,直臣,今川家,clan_imagawa_1,高天神城,无,已登场,朝比奈泰朝,城主,直臣,今川家,clan_imagawa_1,高天神城,无,已登场,朝比奈泰朝,城主,直臣,今川家,clan_imagawa_1,高天神城,无,已死亡,朝比奈泰朝,无效,无效,无,,无效,无,已死亡,朝比奈泰朝,无效,无效,无,,无效,无,已死亡,朝比奈泰朝,无效,无效,无,,无效,无,已登场,朝比奈泰朝,城主,直臣,今川家,高天神城,无,已死亡,朝比奈泰朝,无效,无效,无,无效,无,已登场,朝比奈泰朝,浪人,其他,无,府内之町,无,,"[{""stage"":"""",""tkid"":""27"",""ref"":""27"",""emotion"":0}]",,TAIKOU_bio_27,今川家臣。泰能之子。掛川城主。將被武田信玄圍追到駿河的主公氏真迎進居城掛川城內，與德川軍隊開戰。經過５個月的龍城戰，最終打開城門與氏真一起逃到駿河。
lord_tk5_28,28,28,,浅利胜赖,淺利勝賴,浅利,胜赖,Asari Katsuyori,ou,1,1532,1554,1583,战死,,,,,,全职种,70,70,普通,勇敢,普通,慎重,普通,30,武具,普通,嗜酒如命,源氏,枪,51,52,40,29,42,0,0,1,0,1,1,0,0,1,0,0,0,0,0,0,0,无,拔突,无,无要求,,,已登场,浅利胜赖,家老,直臣,安东家,clan_ando_1,桧山城,无,已登场,浅利胜赖,家老,直臣,安东家,clan_ando_1,桧山城,无,已登场,浅利胜赖,家老,直臣,安东家,clan_ando_1,桧山城,无,已登场,浅利胜赖,家老,直臣,安东家,clan_ando_1,桧山城,无,已登场,浅利胜赖,家老,直臣,安东家,clan_ando_1,桧山城,无,已死亡,浅利胜赖,无效,无效,无,,无效,无,已登场,浅利胜赖,家老,直臣,安东家,桧山城,无,已死亡,浅利胜赖,无效,无效,无,无效,无,已登场,浅利胜赖,浪人,其他,无,出石之町,无,,"[{""stage"":"""",""tkid"":""28"",""ref"":""28"",""emotion"":0}]",,TAIKOU_bio_28,出羽的豪族。則賴的次男。十狐城主。受安東愛季之指示令其兄則祐自殺，繼承其位而成為戶主。之後，與津輕家聯合企圖謀反而與安東家抗爭，相反被愛季誘出殺害。
lord_tk5_29,29,29,,足利义昭,足利義昭,足利,义昭,Ashikaga Yoshiaki,sanyo,1,1537,1554,1597,病死,,,,,,没那个意思,50,50,性急,胆小,理想,慎重,不重情义,95,艺术品,贪心,普通,源氏,刀剑,14,6,9,69,99,0,0,1,0,0,0,1,0,0,0,0,2,4,3,3,1,威风凛凛,强袭,无,不可,,主角织田信长，放逐将军,未登场,足利义昭,浪人,其他,无,,京之町,无,未登场,足利义昭,家老,直臣,足利家,clan_ashikaga_1,二条城,无,已登场,足利义昭,大名,首领,足利家,clan_ashikaga_2,二条城,无,已登场,足利义昭,浪人,其他,无,,尾道之町,无,已登场,足利义昭,浪人,其他,无,,尾道之町,无,已死亡,足利义昭,无效,无效,无,,无效,无,未登场,足利义昭,侍大将,直臣,足利家,朽木谷城,无,已登场,足利义昭,浪人,其他,无,尾道之町,无,已登场,足利义昭,浪人,其他,无,浦户之町,无,,"[{""stage"":"""",""tkid"":""29"",""ref"":""29"",""emotion"":0}]",,TAIKOU_bio_29,室鎮幕府第１５代將軍。曾經出家，但其兄義輝死後還俗。聽從織田信長的指揮奪取了京都，就任將軍之職。但與信長對立，鋪開了「信長包圍網」。自己也舉兵但敗北被放逐出京城。
lord_tk5_30,30,30,,足利义氏,足利義氏,足利,义氏,Koga-Kubo Yoshiuji,kanto,1,1541,1554,1583,病死,,,,,,没那个意思,80,80,温和,胆小,普通,普通,普通,29,艺术品,贪心,普通,源氏,枪,26,19,43,42,78,0,0,0,0,1,0,0,0,1,0,0,2,3,2,2,2,威风凛凛,拔突,无,一般条件,,,已登场,足利义氏,浪人,其他,无,,小田原之町,无,已登场,足利义氏,浪人,其他,无,,小田原之町,无,已登场,足利义氏,浪人,其他,无,,小田原之町,无,已登场,足利义氏,浪人,其他,无,,小田原之町,无,已登场,足利义氏,浪人,其他,无,,小田原之町,无,已死亡,足利义氏,无效,无效,无,,无效,无,未登场,足利义氏,浪人,其他,无,小田原之町,无,已死亡,足利义氏,无效,无效,无,无效,无,已登场,足利义氏,浪人,其他,无,鸣门之町,无,,"[{""stage"":"""",""tkid"":""30"",""ref"":""30"",""emotion"":0}]",,TAIKOU_bio_30,最後的古河公方。晴氏之子。古河公方是指在室町幕府的監督下，管理關東‧東北一帶的鎌倉公方的後裔。義氏娶了北條氏康的女兒，接受北條家的援助而成為古河公方。可說是北條家的傀儡，不具實質的武力及權力。
lord_tk5_31,31,31,,足利义辉,足利義輝|足利义藤|足利義藤,足利,义辉,Ashikaga Yoshiteru,kinai,1,1536,1554,1565,战死,,,,,,没那个意思,18,18,普通,勇敢,理想,轻率,普通,67,武具,贪心,嗜酒如命,源氏,刀剑,61,92,65,39,100,2,1,2,0,4,4,2,1,1,1,1,1,4,2,3,1,弓箭乱射，威风凛凛,强袭，连续斩，八神太刀，一之太刀，拔突，刚弓，神妙剑，当身，刚力，金刚力，铁壁，气声，辱骂，大喝，炯眼，罗刹，鸣弦，克己,剑豪,一般条件,,,已登场,足利义辉,大名,首领,足利家,clan_ashikaga_1,朽木谷城,新当流,已登场,足利义辉,大名,首领,足利家,clan_ashikaga_1,二条城,新当流,已死亡,足利义辉,无效,无效,无,,无效,无,已死亡,足利义辉,无效,无效,无,,无效,无,已死亡,足利义辉,无效,无效,无,,无效,无,已死亡,足利义辉,无效,无效,无,,无效,无,已登场,足利义藤,大名,首领,足利家,朽木谷城,新当流,已死亡,足利义辉,无效,无效,无,无效,无,已登场,足利义辉,浪人,其他,无,宇须岸之町,新当流,,"[{""stage"":"""",""tkid"":""31"",""ref"":""31"",""emotion"":0}]",,TAIKOU_bio_31,室鎮幕府第１３代將軍。向劍豪‧塚原卜伝學習劍術，人稱「劍豪將軍」。積極地調停大名間對立，欲恢復失去的幕府權力。但被三好長慶的家臣松永久秀等偷襲了二條御所，他孤軍奮戰不敵，最後自殺身亡。
lord_tk5_32,32,32,,芦名盛氏,蘆名盛氏,芦名,盛氏,Ashina Moriuji,ou,1,1521,1554,1580,病死,,,,,lord_tk5_33,只限武将,45,45,温和,普通,普通,轻率,普通,29,书籍,无欲,滴酒不沾,平氏,刀剑,72,68,80,81,85,2,2,1,0,2,2,0,0,0,0,0,1,1,1,0,1,无,强袭，拔突，刚弓，铁壁,无,一般条件,,,已登场,芦名盛氏,大名,首领,芦名家,clan_ashina_1,黑川城,无,已登场,芦名盛氏,大名,首领,芦名家,clan_ashina_1,黑川城,无,已登场,芦名盛氏,大名,首领,芦名家,clan_ashina_1,黑川城,无,已登场,芦名盛氏,大名,首领,芦名家,clan_ashina_1,黑川城,无,已死亡,芦名盛氏,无效,无效,无,,无效,无,已死亡,芦名盛氏,无效,无效,无,,无效,无,已登场,芦名盛氏,大名,首领,芦名家,黑川城,无,已死亡,芦名盛氏,无效,无效,无,无效,无,已登场,芦名盛氏,浪人,其他,无,小仓之町,无,,"[{""stage"":"""",""tkid"":""32"",""ref"":""32"",""emotion"":0}]",,TAIKOU_bio_32,奧州戰國大名。蘆名家１６代領主。蘆名家中興之祖，將蘆名家發展成與伊達家齊名的奧州屈指可數的大名。曾與上杉、武田、北條等同時代英雄聯手，與常陸的佐竹家族作戰。曾經隱居一段時間，兒子盛興病故後復出。
lord_tk5_33,33,33,,芦名盛兴,蘆名盛興,芦名,盛兴,Ashina Morioki,ou,1,1547,1560,1575,病死,lord_tk5_32,,,,lord_tk5_32,只限武将,46,46,温和,普通,现实,慎重,重视情义,18,艺术品,普通,普通,平氏,刀剑,59,32,61,44,51,1,1,0,0,1,0,1,0,1,1,1,0,0,1,0,1,无,强袭,无,无要求,,,未登场,芦名盛兴,部将,陪臣（芦名盛氏）,芦名家,clan_ashina_1,黑川城,无,已登场,芦名盛兴,家老,直臣,芦名家,clan_ashina_1,黑川城,无,已登场,芦名盛兴,家老,直臣,芦名家,clan_ashina_1,黑川城,无,已登场,芦名盛兴,家老,直臣,芦名家,clan_ashina_1,黑川城,无,已死亡,芦名盛兴,无效,无效,无,,无效,无,已死亡,芦名盛兴,无效,无效,无,,无效,无,未登场,芦名盛兴,家老,直臣,芦名家,黑川城,无,已死亡,芦名盛兴,无效,无效,无,无效,无,已登场,芦名盛兴,浪人,其他,无,姬路之町,无,,"[{""stage"":"""",""tkid"":""33"",""ref"":""33"",""emotion"":0}]",,TAIKOU_bio_33,蘆名家１７代領主。盛氏嫡子。因為父親隱居而繼承家督，雖被將來被寄予厚望，但由於和佐竹家族的抗爭，２９歲便英年早逝，無子。老父盛氏重新親掌政事，並從二階堂家迎來了接班人。
lord_tk5_34,34,34,,芦名盛重,蘆名盛重|佐竹义广|佐竹義廣,芦名,盛重,Ashina Katsushige,kanto,1,1575,1590,1631,病死,lord_tk5_347,,,lord_tk5_346,lord_tk5_135|lord_tk5_346|lord_tk5_347|lord_tk5_348,只限武将,20,20,普通,胆小,普通,轻率,普通,55,书籍,普通,普通,平氏,刀剑,31,25,31,38,19,0,0,1,0,0,0,0,0,0,0,0,1,2,1,0,0,无,强袭,无,无要求,,,未登场,佐竹义广,侍大将,陪臣（佐竹义重）,佐竹家,clan_satake_2,太田城,无,未登场,佐竹义广,家老,直臣,佐竹家,clan_satake_1,太田城,无,未登场,佐竹义广,侍大将,直臣,佐竹家,clan_satake_2,太田城,无,未登场,佐竹义广,侍大将,直臣,佐竹家,clan_satake_2,太田城,无,未登场,芦名盛重,侍大将,直臣,芦名家,clan_ashina_2,黑川城,无,已登场,芦名盛重,城主,直臣,佐竹家,clan_satake_2,太田城,无,未登场,佐竹义广,侍大将,直臣,佐竹家,太田城,无,未登场,芦名盛重,侍大将,直臣,芦名家,黑川城,无,已登场,芦名盛重,浪人,其他,无,小诸之町,无,,"[{""stage"":"""",""tkid"":""34"",""ref"":""34"",""emotion"":0}]",,TAIKOU_bio_34,蘆名家第２０代家主。佐竹義重的次子。初為白河結城家養子，後娶蘆名盛隆之女為妻繼承蘆名家業。在摺上原合戰中與伊達政宗交戰敗北後逃到老家佐竹氏，而失去原有領土。後成為其兄‧佐竹義宣的家臣。
lord_tk5_35,35,35,,芦名盛隆,蘆名盛隆,芦名,盛隆,Ashina Ekketsusai,ou,1,1561,1575,1584,战死,lord_tk5_820,,,,lord_tk5_820,只限武将,16,16,普通,胆小,普通,轻率,普通,65,书籍,贪心,嗜酒如命,平氏,刀剑,27,51,42,58,41,0,0,1,0,0,0,0,0,1,0,0,0,0,1,1,0,无,强袭,无,无要求,,,未登场,芦名盛隆,部将,陪臣（芦名盛氏）,芦名家,clan_ashina_1,黑川城,无,未登场,芦名盛隆,家老,直臣,芦名家,clan_ashina_1,黑川城,无,未登场,芦名盛隆,家老,直臣,芦名家,clan_ashina_1,黑川城,无,已登场,芦名盛隆,家老,直臣,芦名家,clan_ashina_1,黑川城,无,已登场,芦名盛隆,大名,首领,芦名家,clan_ashina_2,黑川城,无,已死亡,芦名盛隆,无效,无效,无,,无效,无,未登场,芦名盛隆,家老,直臣,芦名家,黑川城,无,已登场,芦名盛隆,大名,首领,芦名家,黑川城,无,已登场,芦名盛隆,浪人,其他,无,甲府之町,无,,"[{""stage"":"""",""tkid"":""35"",""ref"":""35"",""emotion"":0}]",,TAIKOU_bio_35,蘆名家１８代領主。二階堂盛義之子。雖為蘆名家族的人質，但因家主盛興突然去世，娶了盛興的遺妻，繼承了蘆名家。與上杉和北條聯手與佐竹家爭戰，內部紛爭頻發，在黑川城內被近臣殺害。
lord_tk5_36,36,36,,阿苏惟将,阿蘇惟將,阿苏,惟将,Aso Koremasa,saikai,1,1551,1560,1583,病死,lord_tk5_850,,,,lord_tk5_850,只限武将,52,52,温和,胆小,理想,慎重,普通,34,书籍,贪心,普通,其他,刀剑,41,37,50,51,56,0,1,2,0,0,0,1,1,0,1,1,0,0,1,1,0,无,强袭,无,一般条件,,,已登场,阿苏惟将,家老,直臣,阿苏家,clan_aso_1,岩尾城,无,已登场,阿苏惟将,大名,首领,阿苏家,clan_aso_1,岩尾城,无,已登场,阿苏惟将,大名,首领,阿苏家,clan_aso_1,岩尾城,无,已登场,阿苏惟将,大名,首领,阿苏家,clan_aso_1,岩尾城,无,已登场,阿苏惟将,大名,首领,阿苏家,clan_aso_1,岩尾城,无,已死亡,阿苏惟将,无效,无效,无,,无效,无,未登场,阿苏惟将,家老,直臣,阿苏家,岩尾城,无,已死亡,阿苏惟将,无效,无效,无,无效,无,已登场,阿苏惟将,浪人,其他,无,甲府之町,无,,"[{""stage"":"""",""tkid"":""36"",""ref"":""36"",""emotion"":0}]",,TAIKOU_bio_36,阿蘇的大宮司。惟豐之子。與其同盟的大友家勢力漸趨衰弱之際，受到北方的龍造寺以及南方的島津的迫害。即使總身處在這樣的逆境，仍然和家臣‧甲斐宗運一起巧妙地運用外交手腕，保全其領國直到最後一刻。
lord_tk5_37,37,37,,安宅信康,,安宅,信康,Atagi Nobuyasu,nankai,1,1549,1563,1578,病死,lord_tk5_38,,,,lord_tk5_38,全职种,49,3,普通,勇敢,普通,普通,不重情义,40,南蛮物,普通,嗜酒如命,其他,刀剑,55,67,43,37,51,2,1,2,4,1,0,1,0,1,0,1,1,1,0,2,0,水上拖延，蝴蝶之阵,强袭,无,一般条件,,,未登场,安宅信康,船大将,直臣,淡路水军,clan_atagi_1,洲本之砦,无,已登场,安宅信康,船头,直臣,淡路水军,clan_atagi_1,洲本之砦,无,已登场,安宅信康,头领,首领,淡路水军,clan_atagi_1,洲本之砦,无,已登场,安宅信康,头领,首领,淡路水军,clan_atagi_1,洲本之砦,无,已死亡,安宅信康,无效,无效,无,,无效,无,已死亡,安宅信康,无效,无效,无,,无效,无,未登场,安宅信康,船头,直臣,淡路水军,洲本之砦,无,已死亡,安宅信康,无效,无效,无,无效,无,已登场,安宅信康,浪人,其他,无,柳川之町,无,,"[{""stage"":"""",""tkid"":""37"",""ref"":""37"",""emotion"":0}]",,TAIKOU_bio_37,三好氏家臣。冬康之子。其父死後，繼承家業，統領淡路水軍，最初和三好，後來和石山本願寺結盟，投降了織田信長畿內平亂軍。以後跟隨信長在木津川口之戰中與毛利水軍作戰。
lord_tk5_38,38,38,,安宅冬康,,安宅,冬康,Atagi Fuyuyasu,nankai,1,1528,1554,1564,战死,三好元长,,,三好长秀,lord_tk5_37|lord_tk5_431|lord_tk5_432|lord_tk5_701|lord_tk5_702|lord_tk5_704|lord_tk5_707|lord_tk5_708|lord_tk5_709,全职种,49,24,温和,普通,普通,轻率,重视情义,22,武具,普通,普通,其他,刀剑,61,50,39,61,53,1,0,1,3,1,1,2,0,1,1,1,0,3,1,3,1,水上拖延,强袭,无,一般条件,,,已登场,安宅冬康,头领,首领,淡路水军,clan_atagi_1,洲本之砦,无,已登场,安宅冬康,头领,首领,淡路水军,clan_atagi_1,洲本之砦,无,已死亡,安宅冬康,无效,无效,无,clan_atagi_1,无效,无,已死亡,安宅冬康,无效,无效,无,clan_atagi_1,无效,无,已死亡,安宅冬康,无效,无效,无,clan_oda_1,无效,无,已死亡,安宅冬康,无效,无效,无,,无效,无,已登场,安宅冬康,头领,首领,淡路水军,洲本之砦,无,已死亡,安宅冬康,无效,无效,无,无效,无,已登场,安宅冬康,浪人,其他,无,奈良之町,无,,"[{""stage"":"""",""tkid"":""38"",""ref"":""38"",""emotion"":0}]",,TAIKOU_bio_38,三好元長之三子。三好長慶之兄弟。繼承安宅家統帥淡路軍，幫助其兄長慶建立了畿內的霸主地位，但聽信了松永久秀的讒言，企圖謀反，被長慶所殺。專長歌唱和書法，精通茶道。
lord_tk5_39,39,39,,迹部胜资,跡部勝資,迹部,胜资,Atobe Katsusuke,tosan,1,1547,1561,1582,病死,,,,,,只限武将,61,61,性急,普通,普通,轻率,普通,26,书籍,普通,普通,源氏,刀剑,48,23,42,33,36,1,1,1,0,0,1,1,0,0,1,0,0,1,0,0,1,无,强袭,无,无要求,,,未登场,迹部胜资,侍大将,直臣,武田家,clan_takeda_1,踯躅崎馆,无,已登场,迹部胜资,足轻大将,直臣,武田家,clan_takeda_1,踯躅崎馆,无,已登场,迹部胜资,侍大将,直臣,武田家,clan_takeda_1,踯躅崎馆,无,已登场,迹部胜资,侍大将,直臣,武田家,clan_takeda_2,踯躅崎馆,无,已登场,迹部胜资,侍大将,直臣,武田家,clan_takeda_2,甲府城,无,已死亡,迹部胜资,无效,无效,无,,无效,无,未登场,迹部胜资,侍大将,直臣,武田家,踯躅崎馆,无,已死亡,迹部胜资,无效,无效,无,无效,无,已登场,迹部胜资,浪人,其他,无,鸣门之町,无,,"[{""stage"":"""",""tkid"":""39"",""ref"":""39"",""emotion"":0}]",,TAIKOU_bio_39,武田家臣。跡部家出身於信濃佐久郡，是擔任甲斐守護代的名家。侍奉信玄和勝賴兩代人，並與原昌胤一起任勝賴的近臣。與進攻甲斐的織田部隊作戰，為追隨勝賴在諏訪戰死。
lord_tk5_40,40,40,,穴山小助,,穴山,小助,Anayama Shigehide,tosan,1,1584,1598,1615,战死,,,,,,全职种,49,49,普通,普通,理想,慎重,重视情义,17,武具,无欲,普通,源氏,枪,64,80,50,79,68,2,1,1,1,0,2,1,0,0,0,0,0,0,1,0,3,无,强袭，拔突，铁壁，伤药,无,一般条件,,,未登场,穴山小助,足轻组头,陪臣（穴山信君）,武田家,clan_anayama_1,踯躅崎馆,无,未登场,穴山小助,足轻组头,陪臣（穴山信君）,武田家,clan_anayama_1,踯躅崎馆,无,未登场,穴山小助,足轻组头,陪臣（穴山信君）,武田家,clan_anayama_1,踯躅崎馆,无,未登场,穴山小助,足轻组头,陪臣（穴山信君）,武田家,clan_anayama_1,踯躅崎馆,无,未登场,穴山小助,足轻组头,陪臣（穴山梅雪）,武田家,clan_anayama_1,骏府城,无,已登场,穴山小助,浪人,其他,无,,甲府之町,无,未登场,穴山小助,足轻组头,陪臣（穴山信君）,武田家,踯躅崎馆,无,未登场,穴山小助,浪人,其他,无,甲府之町,无,已登场,穴山小助,足轻组头,直臣,小笠原家,小仓城,无,,"[{""stage"":"""",""tkid"":""40"",""ref"":""40"",""emotion"":0}]",,TAIKOU_bio_40,真田家臣。真田十勇士之一。原為武田家臣，主家滅亡後，流浪於各戰場之間，不久入仕真田幸村。大阪夏之陣一役，據說做為幸村的替身潛入了家康的主營。是善用長矛的名將。
lord_tk5_41,41,41,,穴山梅雪,穴山信君,穴山,梅雪,Anayama Akisane,tokai,1,1541,1555,1582,战死,,,,,,全职种,86,86,普通,胆小,现实,轻率,不重情义,45,艺术品,贪心,普通,源氏,刀剑,51,22,66,64,55,1,2,1,0,1,0,1,0,1,2,2,1,1,1,1,1,无,强袭,无,一般条件,,,未登场,穴山信君,部将,直臣,武田家,clan_anayama_1,踯躅崎馆,无,已登场,穴山信君,部将,直臣,武田家,clan_anayama_1,踯躅崎馆,无,已登场,穴山信君,部将,直臣,武田家,clan_anayama_1,踯躅崎馆,无,已登场,穴山信君,部将,直臣,武田家,clan_anayama_1,踯躅崎馆,无,已登场,穴山梅雪,城主,直臣,武田家,clan_anayama_1,骏府城,无,已死亡,穴山梅雪,无效,无效,无,,无效,无,未登场,穴山信君,部将,直臣,武田家,踯躅崎馆,无,已死亡,穴山梅雪,无效,无效,无,无效,无,已登场,穴山梅雪,当家,首领,浴池屋,甲府之町,无,,"[{""stage"":"""",""tkid"":""41"",""ref"":""41"",""emotion"":0}]",,TAIKOU_bio_41,武田家臣。名信君，入佛門後號梅雪。同族眾將之首，武田二十四將之一，戰鬥中主要負責鎮守大本營。信玄故後，受德川家康勸降，背叛勝賴。本能寺事變時在界町，回國途中遭暴徒襲擊而殞命。
lord_tk5_42,42,42,,姊小路赖纲,姊小路賴綱|三木自纲|三木自綱,姊小路,赖纲,Anekouji Yoritsuna,tosan,1,1540,1554,1587,病死,lord_tk5_907,,,lord_tk5_899,lord_tk5_899|lord_tk5_907,全职种,20,20,普通,胆小,普通,轻率,普通,58,艺术品,贪心,普通,藤原氏,刀剑,61,50,53,70,60,1,1,0,0,0,0,1,0,0,0,0,0,0,1,0,2,无,强袭,无,一般条件,,,已登场,三木自纲,家老,直臣,三木家,clan_anekouji_1,松仓城,无,已登场,三木自纲,家老,直臣,三木家,clan_anekouji_1,松仓城,无,已登场,姊小路赖纲,家老,直臣,姊小路家,clan_anekouji_1,松仓城,无,已登场,姊小路赖纲,大名,首领,姊小路家,clan_anekouji_1,松仓城,无,已登场,姊小路赖纲,大名,首领,姊小路家,clan_anekouji_1,松仓城,无,已死亡,姊小路赖纲,无效,无效,无,,无效,无,未登场,三木自纲,家老,直臣,三木家,松仓城,无,已登场,姊小路赖纲,大名,首领,姊小路家,松仓城,无,已登场,姊小路赖纲,足轻组头,直臣,小笠原家,小仓城,无,,"[{""stage"":"""",""tkid"":""42"",""ref"":""42"",""emotion"":0}]",,TAIKOU_bio_42,飛彈之貴族。良賴之子。以前叫三木氏。其父良賴時代改為國司姊小路，賴綱時代完成了飛彈的統一大業。本能寺事變後與佐佐成政結盟和羽柴秀吉抗爭。兵敗藏身京都而後死於該處。
lord_tk5_43,43,43,,阿部正次,,阿部,正次,Abe Masatsugu,kanto,1,1569,1583,1647,病死,,,,,,全职种,88,87,温和,普通,普通,普通,重视情义,14,书籍,无欲,普通,其他,刀剑,26,41,64,56,66,1,0,1,1,1,0,0,0,1,3,1,2,2,2,2,2,无,强袭,无,无要求,,,未登场,阿部正次,浪人,其他,无,,冈崎之町,无,未登场,阿部正次,浪人,其他,无,,冈崎之町,无,未登场,阿部正次,浪人,其他,无,,冈崎之町,无,未登场,阿部正次,浪人,其他,无,,冈崎之町,无,未登场,阿部正次,足轻组头,直臣,德川家,clan_tokugawa_1,滨松城,无,已登场,阿部正次,侍大将,直臣,德川家,clan_tokugawa_1,江户城,无,未登场,阿部正次,浪人,其他,无,冈崎之町,无,已登场,阿部正次,足轻组头,直臣,德川家,滨松城,无,已登场,阿部正次,浪人,其他,无,诹访之町,无,,"[{""stage"":"""",""tkid"":""43"",""ref"":""43"",""emotion"":0}]",,TAIKOU_bio_43,德川家家臣。正勝之子。從年少開始就侍奉家康。大阪夏之陣時跟隨德川秀忠出征。與井伊直孝一同包圍秀賴藏身的乾糧庫，迫使秀賴自殺。之後擔任大阪城番，在攝津受封八萬六千石。
lord_tk5_44,44,44,,尼子胜久,尼子勝久,尼子,胜久,Amago Katsuhisa,kinai,1,1553,1567,1578,战死,lord_tk5_840,,,lord_tk5_839,lord_tk5_839|lord_tk5_840,全职种,17,17,普通,普通,普通,轻率,普通,67,书籍,普通,普通,源氏,刀剑,55,53,59,28,42,2,1,1,1,1,2,0,0,0,0,0,0,3,0,1,1,无,强袭，拔突，铁壁,无,一般条件,,,未登场,尼子胜久,浪人,其他,无,,京之町,无,未登场,尼子胜久,足轻组头,直臣,尼子家,clan_amago_1,月山富田城,无,已登场,尼子胜久,浪人,其他,无,,京之町,无,已登场,尼子胜久,浪人,其他,无,,京之町,无,已死亡,尼子胜久,无效,无效,无,,无效,无,已死亡,尼子胜久,无效,无效,无,,无效,无,未登场,尼子胜久,足轻组头,陪臣（尼子诚久）,尼子家,白鹿城,无,已死亡,尼子胜久,无效,无效,无,无效,无,已登场,尼子胜久,浪人,其他,无,鸟取之町,无,,"[{""stage"":"""",""tkid"":""44"",""ref"":""44"",""emotion"":0}]",,TAIKOU_bio_44,出雲尼子氏同族誠久之子。雖曾出家為僧，但在山中鹿介擁立下還俗，圖謀再興尼子家。赴京都投靠織田信長，在秀吉之下圖謀收復出雲未果。後在播磨上月城戰鬥中被毛利軍包圍，自殺。
lord_tk5_45,45,45,,尼子晴久,,尼子,晴久,Amago Haruhisa,sanyo,1,1514,1554,1560,病死,,,,尼子经久,lord_tk5_46|lord_tk5_839|lord_tk5_840,只限武将,12,62,性急,勇敢,普通,轻率,重视情义,86,武具,贪心,普通,源氏,刀剑,69,58,54,71,35,2,2,1,1,2,0,2,0,1,0,1,0,1,1,0,0,无,强袭，刚弓,无,一般条件,,,已登场,尼子晴久,大名,首领,尼子家,clan_amago_1,月山富田城,无,已登场,尼子晴久,大名,首领,尼子家,clan_amago_1,月山富田城,无,已死亡,尼子晴久,无效,无效,无,,无效,无,已死亡,尼子晴久,无效,无效,无,,无效,无,已死亡,尼子晴久,无效,无效,无,,无效,无,已死亡,尼子晴久,无效,无效,无,,无效,无,已登场,尼子晴久,大名,首领,尼子家,月山富田城,无,已死亡,尼子晴久,无效,无效,无,无效,无,已登场,尼子晴久,浪人,其他,无,出石之町,无,,"[{""stage"":"""",""tkid"":""45"",""ref"":""45"",""emotion"":0}]",,TAIKOU_bio_45,尼子家當主。初名為詮久。經久的嫡孫。受將軍‧足利義晴賜與一字名諱而改名為晴久。雖然身兼中國地方八國的守護，但在吉田郡山城攻打毛利元就時，敗給了來援的大內家。其後中了元就的圈套，肅清了同族的新宮黨後，戰力大幅受損，因而招至尼子家的衰退。
lord_tk5_46,46,46,,尼子义久,尼子義久,尼子,义久,Amago Yoshihisa,sanyo,1,1540,1554,1610,病死,lord_tk5_45,,,,lord_tk5_45,没那个意思,12,62,普通,胆小,现实,普通,普通,32,艺术品,贪心,普通,源氏,刀剑,47,40,46,32,34,0,0,0,0,0,0,0,1,0,0,0,0,0,0,1,0,无,强袭,无,一般条件,,,已登场,尼子义久,家老,直臣,尼子家,clan_amago_1,月山富田城,无,已登场,尼子义久,家老,直臣,尼子家,clan_amago_1,月山富田城,无,已登场,尼子义久,浪人,其他,无,,严岛之町,无,已登场,尼子义久,浪人,其他,无,,严岛之町,无,已登场,尼子义久,浪人,其他,无,,严岛之町,无,已登场,尼子义久,浪人,其他,无,,严岛之町,无,已登场,尼子义久,家老,直臣,尼子家,月山富田城,无,已登场,尼子义久,浪人,其他,无,严岛之町,无,已登场,尼子义久,浪人,其他,无,岐阜之町,无,,"[{""stage"":"""",""tkid"":""46"",""ref"":""46"",""emotion"":0}]",,TAIKOU_bio_46,出雲戰國大名。晴久嫡子。月山富田城主。因父親突亡而後繼家督之位。固守城中與毛利元就的遠征軍對峙，然而受元就的離間計影響，失去多數家臣，最終讓出城池。後落髮為僧，在毛利家庇護下了度餘生。
lord_tk5_47,47,47,,天野隆重,,天野,隆重,Amano Takashige,sanyo,1,1503,1554,1584,病死,,,,,,全职种,35,35,温和,勇敢,普通,慎重,普通,41,武具,普通,嗜酒如命,藤原氏,刀剑,66,60,33,59,52,2,2,2,0,1,1,3,0,0,0,0,0,0,0,0,1,无,强袭,无,无要求,,,已登场,天野隆重,部将,直臣,毛利家,clan_ouchi_1,山口城,无,已登场,天野隆重,侍大将,直臣,毛利家,clan_mori_1,吉田郡山城,无,已登场,天野隆重,城主,直臣,毛利家,clan_mori_1,月山富田城,无,已登场,天野隆重,部将,陪臣（吉川元春）,毛利家,clan_kikkawa_1,月山富田城,无,已登场,天野隆重,部将,陪臣（吉川元春）,毛利家,clan_kikkawa_1,月山富田城,无,已死亡,天野隆重,无效,无效,无,,无效,无,已登场,天野隆重,部将,直臣,大内家,山口城,无,已登场,天野隆重,部将,陪臣（吉川元长）,毛利家,月山富田城,无,已登场,天野隆重,浪人,其他,无,江户之町,无,,"[{""stage"":"""",""tkid"":""47"",""ref"":""47"",""emotion"":0}]",,TAIKOU_bio_47,大內家臣，後為毛利家臣。大內家滅亡後，投靠毛利元就門下，以猛將著稱，尼子家滅亡後任月山富田城代，擊敗了尼子殘勢山中鹿之介所部。後輔佐元就五子元秋統治出雲。
lord_tk5_48,48,48,,天野康景,,天野,康景,Amano Yasukage,kanto,1,1537,1554,1613,病死,,,,,,全职种,89,89,普通,普通,现实,慎重,重视情义,17,书籍,无欲,普通,藤原氏,刀剑,51,42,69,53,38,0,1,0,0,1,0,0,0,1,3,2,2,1,2,1,0,无,强袭,无,无要求,,,已登场,天野康景,足轻组头,陪臣（松平元康）,今川家,clan_tokugawa_1,骏府城,无,已登场,天野康景,足轻大将,陪臣（松平元康）,今川家,clan_tokugawa_1,冈崎城,无,已登场,天野康景,足轻大将,直臣,德川家,clan_tokugawa_1,冈崎城,无,已登场,天野康景,足轻大将,陪臣（德川信康）,德川家,clan_tokugawa_2,冈崎城,无,已登场,天野康景,足轻大将,直臣,德川家,clan_tokugawa_1,滨松城,无,已登场,天野康景,侍大将,直臣,德川家,clan_tokugawa_1,江户城,无,未登场,天野康景,足轻大将,直臣,松平家,冈崎城,无,已登场,天野康景,足轻大将,直臣,德川家,滨松城,无,已登场,天野康景,浪人,其他,无,骏府之町,无,,"[{""stage"":"""",""tkid"":""48"",""ref"":""48"",""emotion"":0}]",,TAIKOU_bio_48,德川家臣。又稱三郎兵衛。從家康做人質時代起入德川家為家童。做為岡崎三奉行之一，斷案不偏不倚受到稱讚。移到關東之後，任江戶鎮奉行。
lord_tk5_49,49,49,,雨森弥兵卫,雨森彌兵衛,雨森,弥兵卫,Amamori Yahei,kinai,1,1517,1554,1573,病死,,,,,,全职种,71,71,温和,勇敢,普通,普通,普通,30,武具,无欲,普通,藤原氏,刀剑,62,71,51,49,46,1,1,1,1,1,2,1,0,1,0,0,0,1,1,1,1,无,强袭，拔突，铁壁,无,无要求,,,已登场,雨森弥兵卫,家老,直臣,浅井家,clan_azai_1,小谷城,无,已登场,雨森弥兵卫,家老,直臣,浅井家,clan_azai_2,小谷城,无,已登场,雨森弥兵卫,家老,直臣,浅井家,clan_azai_2,小谷城,无,已死亡,雨森弥兵卫,无效,无效,无,,无效,无,已死亡,雨森弥兵卫,无效,无效,无,,无效,无,已死亡,雨森弥兵卫,无效,无效,无,,无效,无,已登场,雨森弥兵卫,部将,直臣,浅井家,小谷城,无,已死亡,雨森弥兵卫,无效,无效,无,无效,无,已登场,雨森弥兵卫,浪人,其他,无,大坂之町,无,,"[{""stage"":"""",""tkid"":""49"",""ref"":""49"",""emotion"":0}]",,TAIKOU_bio_49,淺井家臣。實名不詳，但似乎生於伊香郡雨森家。侍奉淺井家三代，稱為淺井的旗頭。是與海北綱親、赤尾清綱一同被稱為「海赤雨三將」的重臣。
lord_tk5_50,50,50,,鲇贝宗重,鯰貝宗重|鮕貝宗重|鮎貝宗重,鲇贝,宗重,Ayukabe Muneshige,ou,1,1555,1569,1624,病死,,,,,,只限武将,64,64,温和,普通,普通,慎重,重视情义,21,武具,无欲,普通,藤原氏,刀剑,73,79,51,43,55,2,1,1,0,0,1,1,0,1,1,1,0,1,0,0,0,无,强袭,无,无要求,,,未登场,鲇贝宗重,足轻组头,直臣,伊达家,clan_date_1,米泽城,无,未登场,鲇贝宗重,足轻组头,直臣,伊达家,clan_date_1,米泽城,无,未登场,鲇贝宗重,足轻组头,直臣,伊达家,clan_date_2,米泽城,无,已登场,鲇贝宗重,足轻组头,直臣,伊达家,clan_date_2,米泽城,无,已登场,鲇贝宗重,足轻组头,直臣,伊达家,clan_date_2,米泽城,无,已登场,鲇贝宗重,部将,直臣,伊达家,clan_date_2,仙台城,无,未登场,鲇贝宗重,足轻组头,直臣,伊达家,米泽城,无,已登场,鲇贝宗重,部将,直臣,伊达家,米泽城,无,已登场,鲇贝宗重,头领,首领,骏河水军,清水之砦,无,,"[{""stage"":"""",""tkid"":""50"",""ref"":""50"",""emotion"":0}]",,TAIKOU_bio_50,伊達家臣。最初侍奉輝宗，但輝宗將家督之位讓與了政宗，在輝宗隱居所建成之前，將輝宗迎進私邸。晚年為政宗供職，由於行事比較投機，因而得以登上家臣之首位。
lord_tk5_51,51,51,,荒木氏纲,荒木氏綱,荒木,氏纲,Araki Ujitsuna,kinai,1,1535,1554,1579,病死,,,,,,全职种,44,44,性急,勇敢,普通,轻率,重视情义,23,武具,无欲,普通,藤原氏,刀剑,68,76,24,30,53,1,2,2,0,2,2,0,2,0,0,0,0,1,0,0,0,无,强袭，拔突，二连苦无，刚弓，铁壁,无,无要求,,,已登场,荒木氏纲,侍大将,直臣,波多野家,clan_kiku_1,八上城,无,已登场,荒木氏纲,侍大将,直臣,波多野家,clan_kiku_1,八上城,无,已登场,荒木氏纲,侍大将,直臣,波多野家,clan_kiku_1,八上城,无,已登场,荒木氏纲,侍大将,直臣,波多野家,clan_kiku_1,八上城,无,已死亡,荒木氏纲,无效,无效,无,,无效,无,已死亡,荒木氏纲,无效,无效,无,,无效,无,已登场,荒木氏纲,侍大将,直臣,波多野家,八上城,无,已死亡,荒木氏纲,无效,无效,无,无效,无,已登场,荒木氏纲,浪人,其他,无,大坂之町,无,,"[{""stage"":"""",""tkid"":""51"",""ref"":""51"",""emotion"":0}]",,TAIKOU_bio_51,丹波豪族。因勇猛而聞名，曾與進攻丹波的明智光秀部隊多次交手。在波多野家滅亡後，曾被邀請仕官於明智光秀，但氏綱拒絕之，安排其子氏清出仕。後來氏清在山崎合戰中陣亡。
lord_tk5_52,52,52,,荒木村重,,荒木,村重,Araki Murashige,kinai,1,1535,1554,1586,病死,,,,,,全职种,8,41,普通,胆小,理想,轻率,不重情义,82,艺术品,贪心,滴酒不沾,藤原氏,刀剑,71,69,46,69,45,2,1,2,0,0,1,2,0,1,0,1,2,2,2,4,0,无,强袭,风雅之士,一般条件,,,已登场,荒木村重,城主,直臣,三好家,clan_araki_1,有冈城,无,已登场,荒木村重,城主,直臣,三好家,clan_araki_1,有冈城,无,已登场,荒木村重,城主,直臣,织田家,clan_araki_1,有冈城,无,已登场,荒木村重,城主,直臣,织田家,clan_araki_1,有冈城,无,已登场,荒木村重,浪人,其他,无,,堺之町,无,已死亡,荒木村重,无效,无效,无,,无效,无,已登场,荒木村重,侍大将,陪臣（三好长庆）,细川家,芥川城,无,已登场,荒木村重,浪人,其他,无,堺之町,无,已登场,荒木村重,浪人,其他,无,温泉津之町,无,,"[{""stage"":"""",""tkid"":""52"",""ref"":""52"",""emotion"":0}]",,TAIKOU_bio_52,池田家臣。後是織田家臣。攝津有城主。跟隨織田家擔當攝津的治理。但背叛信長與石山本願寺結盟企圖謀反，將伊丹城改為龍城。未加抵抗而失敗，單身逃跑。此後精通茶道，可算是利休七賢人之一。
lord_tk5_53,53,53,,有马晴信,有馬晴信,有马,晴信,Arima Harunobu,saikai,1,1567,1581,1612,病死,lord_tk5_810,,,lord_tk5_822,lord_tk5_172|lord_tk5_810|lord_tk5_822,全职种,10,15,性急,勇敢,理想,普通,不重情义,80,南蛮物,贪心,普通,藤原氏,刀剑,61,42,68,66,44,1,0,2,1,0,0,0,0,1,1,1,1,2,3,1,1,加护,强袭,无,一般条件,,,未登场,有马晴信,家老,直臣,龙造寺家,clan_ryuzoji_1,佐嘉城,无,未登场,有马晴信,家老,直臣,龙造寺家,clan_arima_1,日野江城,无,未登场,有马晴信,部将,陪臣（有马义贞）,龙造寺家,clan_arima_1,日野江城,无,未登场,有马晴信,部将,陪臣（有马义贞）,龙造寺家,clan_arima_1,日野江城,无,已登场,有马晴信,城主,直臣,龙造寺家,clan_ryuzoji_1,日野江城,无,已登场,有马晴信,大名,首领,有马家,clan_arima_1,日野江城,无,未登场,有马晴信,部将,陪臣（有马义贞）,有马家,日野江城,无,已登场,有马晴信,大名,首领,有马家,日野江城,无,已登场,有马晴信,下忍,直臣,风魔众,风魔之里,无,,"[{""stage"":"""",""tkid"":""53"",""ref"":""53"",""emotion"":0}]",,TAIKOU_bio_53,肥前戰國大名。日野江城主。義貞次子。受兄長義純撫養，兄長去世後繼承了家督。曾受到龍造寺隆信的壓迫，後與島津家聯手圖謀恢復勢力。做為吉利支丹大名而聞名，曾向羅馬教皇派遣少年使節團。
lord_tk5_54,54,54,,安国寺惠琼,安國寺惠瓊,安国寺,惠琼,Ankokuji Ekei,nankai,1,1539,1554,1600,战死,,,,,,全职种,25,15,温和,勇敢,现实,慎重,普通,65,书籍,普通,普通,源氏,枪,34,12,72,85,71,1,0,2,1,0,0,3,1,1,1,3,2,4,3,2,4,无,拔突，伤药，止血,说客,一般条件,,,已登场,安国寺惠琼,僧侣,其他,无,,严岛之町,无,已登场,安国寺惠琼,僧侣,其他,无,,严岛之町,无,已登场,安国寺惠琼,僧侣,其他,无,,严岛之町,无,已登场,安国寺惠琼,僧侣,其他,无,,严岛之町,无,已登场,安国寺惠琼,僧侣,其他,无,,严岛之町,无,已登场,安国寺惠琼,大名,首领,安国寺家,clan_ankokuji_1,川之江城,无,已登场,安国寺惠琼,僧侣,其他,无,严岛之町,无,已登场,安国寺惠琼,僧侣,其他,无,严岛之町,无,已登场,安国寺惠琼,浪人,其他,无,厩桥之町,无,,"[{""stage"":"""",""tkid"":""54"",""ref"":""54"",""emotion"":0}]",,TAIKOU_bio_54,毛利家臣。外交活動家，能言善辯。有先見之明。據傳曾預言織田信長失勢和豐臣秀吉的抬頭。在秀吉水路攻擊高松城時負責談判，達成與秀吉的敦睦。
lord_tk5_55,55,55,,安东高季,安東高季,安东,高季,Ando Takatsune,ou,1,1558,1572,1588,病死,,,,,,全职种,21,70,性急,勇敢,理想,轻率,不重情义,86,艺术品,贪心,嗜酒如命,其他,刀剑,58,59,52,64,36,1,1,0,0,1,1,0,0,1,0,0,1,1,1,1,1,无,强袭,无,无要求,,,未登场,安东高季,部将,陪臣（安东爱季）,安东家,clan_ando_1,桧山城,无,未登场,安东高季,家老,直臣,安东家,clan_ando_1,桧山城,无,未登场,安东高季,家老,直臣,安东家,clan_ando_1,桧山城,无,已登场,安东高季,家老,直臣,安东家,clan_ando_1,桧山城,无,已登场,安东高季,家老,直臣,安东家,clan_ando_1,桧山城,无,已死亡,安东高季,无效,无效,无,,无效,无,未登场,安东高季,家老,直臣,安东家,桧山城,无,已登场,安东高季,家老,直臣,安东家,凑城,无,已登场,安东高季,足轻大将,直臣,东乡家,盛冈城,无,,"[{""stage"":"""",""tkid"":""55"",""ref"":""55"",""emotion"":0}]",,TAIKOU_bio_55,湊安東茂季之子。湊城主。安東愛季死後，高季的表兄弟實季年僅１２歲便繼承了家督之職。次年，高季謀反進攻檜山城，反而其居城湊城陷落，逃跑後歸屬於南部氏。
lord_tk5_56,56,56,,安东爱季,安東愛季,安东,爱季,Ando Chikasue,ou,1,1539,1554,1587,病死,,,,,lord_tk5_11,全职种,21,21,温和,普通,普通,慎重,普通,38,书籍,贪心,普通,其他,刀剑,75,61,79,72,78,1,1,1,0,1,1,1,0,1,1,0,2,1,1,1,0,无,强袭,无,无要求,,,已登场,安东爱季,大名,首领,安东家,clan_ando_1,桧山城,无,已登场,安东爱季,大名,首领,安东家,clan_ando_1,桧山城,无,已登场,安东爱季,大名,首领,安东家,clan_ando_1,桧山城,无,已登场,安东爱季,大名,首领,安东家,clan_ando_1,桧山城,无,已登场,安东爱季,大名,首领,安东家,clan_ando_1,桧山城,无,已死亡,安东爱季,无效,无效,无,clan_akita_1,无效,无,已登场,安东爱季,大名,首领,安东家,桧山城,无,已登场,安东爱季,大名,首领,安东家,凑城,无,已登场,安东爱季,足轻大将,直臣,东乡家,盛冈城,无,,"[{""stage"":"""",""tkid"":""56"",""ref"":""56"",""emotion"":0}]",,TAIKOU_bio_56,檜山安東家第8代家主。舜季之嫡子。統一了湊、檜山兩派分離的安東家。藉由巧妙的戰略而構築了安東家最大的版圖。「如同天上的北斗星」，令人望而生畏，但在與戶澤盛安交戰時不幸病故。
lord_tk5_57,57,57,,安藤直次,,安藤,直次,Andoo Naotsugu,kanto,1,1555,1569,1635,病死,,,,,,只限武将,90,90,温和,胆小,现实,慎重,重视情义,19,书籍,无欲,普通,其他,刀剑,50,43,71,53,54,2,1,0,0,0,0,0,0,1,3,1,1,1,2,1,1,无,强袭,无,无要求,,,未登场,安藤直次,足轻组头,陪臣（松平元康）,今川家,clan_tokugawa_1,骏府城,无,未登场,安藤直次,足轻组头,陪臣（松平元康）,今川家,clan_tokugawa_1,冈崎城,无,未登场,安藤直次,足轻组头,直臣,德川家,clan_tokugawa_1,冈崎城,无,已登场,安藤直次,足轻组头,直臣,德川家,clan_tokugawa_1,滨松城,无,已登场,安藤直次,足轻组头,直臣,德川家,clan_tokugawa_1,滨松城,无,已登场,安藤直次,足轻大将,直臣,德川家,clan_tokugawa_1,江户城,无,未登场,安藤直次,浪人,其他,无,冈崎之町,无,已登场,安藤直次,足轻组头,直臣,德川家,滨松城,无,已登场,安藤直次,浪人,其他,无,鸟取之町,无,,"[{""stage"":"""",""tkid"":""57"",""ref"":""57"",""emotion"":0}]",,TAIKOU_bio_57,德川家臣。綽號帶刀。少時起近仕家康，曾從軍參加姊川之戰，長篠之戰和長久手之戰。深得家康信賴，德川幕府建立後做為近臣參與幕府的政治活動。後擔任家康之子賴宣的監護人，赴紀伊。
lord_tk5_58,58,58,,安藤守就,,安藤,守就,Andoo Morinari,tokai,1,1516,1554,1582,战死,,,,,,全职种,40,15,普通,普通,普通,慎重,普通,56,武具,普通,普通,其他,刀剑,62,50,63,71,57,2,1,1,0,1,0,1,0,0,2,1,0,1,0,1,0,无,强袭,无,一般条件,,,已登场,安藤守就,城主,直臣,斋藤家,clan_andoo_1,大垣城,无,已登场,安藤守就,城主,直臣,斋藤家,clan_andoo_1,大垣城,无,已登场,安藤守就,城主,直臣,织田家,clan_oda_1,大垣城,无,已登场,安藤守就,城主,直臣,织田家,clan_oda_1,大垣城,无,已登场,安藤守就,浪人,其他,无,,岐阜之町,无,已死亡,安藤守就,无效,无效,无,,无效,无,已登场,安藤守就,城主,直臣,斋藤家,大垣城,无,已死亡,安藤守就,无效,无效,无,无效,无,已登场,安藤守就,浪人,其他,无,博多之町,无,,"[{""stage"":"""",""tkid"":""58"",""ref"":""58"",""emotion"":0}]",,TAIKOU_bio_58,齋藤家臣。美濃三人組之一。與稻葉一鐵、氏家卜等投降織田家。後因內通武田氏而被流放。趁本能寺事變而舉兵收復領地，但在與稻葉一鐵的戰鬥中戰死。
lord_tk5_59,59,59,,安藤良整,,安藤,良整,Andoo Yoshinari,kanto,1,1520,1554,1589,病死,,,,,,全职种,90,90,温和,胆小,现实,慎重,普通,31,书籍,无欲,滴酒不沾,藤原氏,刀剑,41,28,76,54,64,0,1,0,0,1,0,1,0,2,3,3,2,2,2,0,2,无,强袭,无,无要求,,,已登场,安藤良整,侍大将,直臣,北条家,clan_hojo_1,小田原城,无,已登场,安藤良整,侍大将,直臣,北条家,clan_hojo_1,小田原城,无,已登场,安藤良整,侍大将,直臣,北条家,clan_hojo_1,小田原城,无,已登场,安藤良整,侍大将,直臣,北条家,clan_hojo_2,小田原城,无,已登场,安藤良整,侍大将,直臣,北条家,clan_hojo_2,小田原城,无,已死亡,安藤良整,无效,无效,无,,无效,无,已登场,安藤良整,侍大将,直臣,北条家,小田原城,无,已登场,安藤良整,侍大将,直臣,北条家,小田原城,无,已登场,安藤良整,浪人,其他,无,鸟取之町,无,,"[{""stage"":"""",""tkid"":""59"",""ref"":""59"",""emotion"":0}]",,TAIKOU_bio_59,北條家臣。侍奉北條家三代人，出任小田原城的出納奉行，主要活躍在行政方面。以製定了北條家的公共量器而聞名。該量器稱「安藤升」。
lord_tk5_60,60,60,,饭尾连龙,飯尾連龍,饭尾,连龙,Iio Tsuratatsu,tokai,1,1526,1554,1565,战死,,,,,,全职种,48,48,普通,胆小,现实,普通,不重情义,66,南蛮物,贪心,普通,其他,刀剑,36,47,48,29,36,1,0,1,0,0,0,0,0,0,0,0,2,2,1,1,1,无,强袭,无,无要求,,,已登场,饭尾连龙,城主,直臣,今川家,clan_iio_1,曳马城,无,已登场,饭尾连龙,城主,直臣,今川家,clan_iio_1,曳马城,无,已死亡,饭尾连龙,无效,无效,无,,无效,无,已死亡,饭尾连龙,无效,无效,无,,无效,无,已死亡,饭尾连龙,无效,无效,无,,无效,无,已死亡,饭尾连龙,无效,无效,无,,无效,无,已登场,饭尾连龙,城主,直臣,今川家,曳马城,无,已死亡,饭尾连龙,无效,无效,无,无效,无,已登场,饭尾连龙,下忍,直臣,甲贺众,甲贺之里,无,,"[{""stage"":"""",""tkid"":""60"",""ref"":""60"",""emotion"":0}]",,TAIKOU_bio_60,今川家臣。曳馬城主。在桶狹間之戰中由於投降了德川家而被其主氏真的攻打而敗北。雙方曾一度和解，後被氏真誘至駿府城謀殺而死。
lord_tk5_61,61,61,,饭田觉兵卫,飯田覺兵衛,饭田,觉兵卫,Iida Kakubee,saikai,1,1572,1586,1632,病死,,,,,,全职种,15,15,性急,勇敢,普通,普通,普通,44,武具,普通,嗜酒如命,其他,刀剑,57,59,24,31,41,1,2,1,0,2,3,1,1,1,0,0,0,0,0,0,0,无,强袭，连续斩，拔突，刚弓，刚力，铁壁,无,无要求,,,未登场,饭田觉兵卫,浪人,其他,无,,清洲之町,无,未登场,饭田觉兵卫,浪人,其他,无,,清洲之町,无,未登场,饭田觉兵卫,浪人,其他,无,,清洲之町,无,未登场,饭田觉兵卫,浪人,其他,无,,清洲之町,无,未登场,饭田觉兵卫,浪人,其他,无,,清洲之町,无,已登场,饭田觉兵卫,部将,直臣,加藤家,clan_katoo_1,熊本城,无,未登场,饭田觉兵卫,浪人,其他,无,清洲之町,无,未登场,饭田觉兵卫,足轻组头,陪臣（加藤清正）,羽柴家,石山本愿寺,无,已登场,饭田觉兵卫,浪人,其他,无,仓敷之町,无,,"[{""stage"":"""",""tkid"":""61"",""ref"":""61"",""emotion"":0}]",,TAIKOU_bio_61,加藤清正的家臣。名為直景。與清正是青梅竹馬的好朋友。被眾人視為豪傑，其出色的表現就連豐臣秀吉也為之極度贊賞。清正的居城‧熊本城裡，至今都還留著當時覺兵衛所守護的城郭「飯田丸」的遺跡。
lord_tk5_62,62,62,,井伊直政,,井伊,直政,Ii Naomasa,kanto,1,1561,1575,1602,病死,,,,,lord_tk5_866,只限武将,86,86,普通,勇敢,理想,普通,重视情义,32,武具,无欲,嗜酒如命,源氏,枪,79,81,78,71,74,3,3,2,1,2,3,2,0,2,2,1,0,1,1,1,0,三河武者,强袭，连续斩，拔突，粘花，刚弓，卷枪，引落，柄返，刚力，铁壁,无,一般条件,,,未登场,井伊直政,足轻大将,陪臣（松平元康）,今川家,clan_tokugawa_1,骏府城,无,未登场,井伊直政,足轻组头,陪臣（松平元康）,今川家,clan_tokugawa_1,冈崎城,无,未登场,井伊直政,足轻大将,直臣,德川家,clan_tokugawa_1,冈崎城,无,已登场,井伊直政,足轻大将,直臣,德川家,clan_ii_1,滨松城,无,已登场,井伊直政,侍大将,直臣,德川家,clan_tokugawa_1,滨松城,无,已登场,井伊直政,城主,直臣,德川家,clan_ii_1,箕轮城,无,未登场,井伊直政,足轻大将,陪臣（朝比奈泰朝）,今川家,高天神城,无,已登场,井伊直政,侍大将,直臣,德川家,滨松城,无,已登场,井伊直政,浪人,其他,无,严岛之町,无,,"[{""stage"":"""",""tkid"":""62"",""ref"":""62"",""emotion"":0}]",,TAIKOU_bio_62,德川家臣。直親之子。德川四天王之一。統率統一著紅色軍裝的部隊，有「井伊赤鬼」之稱。長於軍事謀略，戰役中經常充任先鋒。關原之戰中追擊島津軍，在負傷情況下殲滅了島津豐久。
lord_tk5_63,63,63,,伊贺崎道顺,伊賀崎道順,伊贺,崎道顺,Igasaki Doshun,kinai,1,1539,1554,1599,病死,,,,,,武将以外优先,80,80,温和,普通,普通,轻率,重视情义,48,艺术品,无欲,普通,其他,火绳枪,71,68,19,57,27,3,1,3,0,2,3,1,4,0,0,0,0,0,2,0,3,鬼谋，雾隐之术，刺杀，雷爆之术，伪情报,强袭，连续斩，拔突，二连苦无，半月，急所击，二挺击，刚弓，刚力，铁壁，分身之术，伤药,无,无要求,,,已登场,伊贺崎道顺,上忍,直臣,伊贺众,clan_momochi_1,伊贺之里,无,已登场,伊贺崎道顺,上忍,直臣,伊贺众,clan_momochi_1,伊贺之里,无,已登场,伊贺崎道顺,上忍,直臣,伊贺众,clan_momochi_1,伊贺之里,无,已登场,伊贺崎道顺,上忍,直臣,伊贺众,clan_momochi_1,伊贺之里,无,已登场,伊贺崎道顺,上忍,直臣,伊贺众,clan_momochi_1,伊贺之里,无,已登场,伊贺崎道顺,头目,首领,伊贺众,clan_igasaki_1,伊贺之里,无,未登场,伊贺崎道顺,中忍,直臣,伊贺众,伊贺之里,无,已登场,伊贺崎道顺,上忍,直臣,伊贺众,伊贺之里,无,已登场,伊贺崎道顺,浪人,其他,无,滨松之町,无,,"[{""stage"":"""",""tkid"":""63"",""ref"":""63"",""emotion"":0}]",,TAIKOU_bio_63,伊賀忍者。又名楯岡之道順。伊賀流忍術十一名人之首。侍奉六角家，指揮下忍進行各種秘密行動。擅長潛入敵軍城內擾亂敵方陣腳。世人如此傳頌著，縱使有難攻不下之城，「有伊賀崎潛入就不難攻陷」。
lord_tk5_64,64,64,,伊木忠次,,伊木,忠次,Igi Tadatsugu,tokai,1,1570,1584,1616,病死,,,,,,只限武将,10,10,普通,普通,现实,普通,普通,40,武具,普通,嗜酒如命,其他,刀剑,56,30,51,43,39,1,2,0,1,0,0,0,0,0,1,1,0,0,0,1,1,无,强袭,无,无要求,,,未登场,伊木忠次,足轻组头,陪臣（松平元康）,今川家,clan_tokugawa_1,冈崎城,无,未登场,伊木忠次,浪人,其他,无,,清洲之町,无,未登场,伊木忠次,浪人,其他,无,,清洲之町,无,未登场,伊木忠次,浪人,其他,无,,清洲之町,无,未登场,伊木忠次,浪人,其他,无,,清洲之町,无,已登场,伊木忠次,部将,直臣,池田家,clan_ikeda_1,吉田城,无,未登场,伊木忠次,浪人,其他,无,清洲之町,无,已登场,伊木忠次,足轻大将,陪臣（池田恒兴）,羽柴家,大垣城,无,已登场,伊木忠次,浪人,其他,无,奈良之町,无,,"[{""stage"":"""",""tkid"":""64"",""ref"":""64"",""emotion"":0}]",,TAIKOU_bio_64,池田家家臣。人稱清兵衛。初姓香川，攻打美濃伊木山城有功，被信長賜予伊木之姓。此後，跟隨池田恒興東征西討。其出色的表現也受到豐臣秀吉與德川家康的贊賞。關原合戰後，與池田輝政一起入封播磨而成為三木城主。
lord_tk5_65,65,65,,池田惣左卫门,池田惣左衛門|池田總左衛門,池田,惣左卫门,Ikeda Nagai,ou,1,1551,1565,1621,病死,,,,,,武将以外优先,50,99,温和,勇敢,现实,慎重,普通,65,艺术品,贪心,普通,其他,枪,34,26,58,64,73,0,0,1,1,0,0,1,0,1,1,2,4,2,3,2,2,无,拔突，丢钱，贿赂，大宴宾客,风雅之士,无要求,,,未登场,池田惣左卫门,浪人,其他,无,,酒田之町,无,已登场,池田惣左卫门,当家,首领,镫屋,clan_ikeda_2,酒田之町,无,已登场,池田惣左卫门,当家,首领,镫屋,clan_ikeda_2,酒田之町,无,已登场,池田惣左卫门,当家,首领,镫屋,clan_ikeda_2,酒田之町,无,已登场,池田惣左卫门,当家,首领,镫屋,clan_ikeda_2,酒田之町,无,已登场,池田惣左卫门,当家,首领,镫屋,clan_ikeda_2,酒田之町,无,未登场,池田惣左卫门,浪人,其他,无,酒田之町,无,已登场,池田惣左卫门,当家,首领,镫屋,酒田之町,无,已登场,池田惣左卫门,头领,首领,五岛水军,江川之砦,无,,"[{""stage"":"""",""tkid"":""65"",""ref"":""65"",""emotion"":0}]",,TAIKOU_bio_65,酒田商人。屋號「鐙屋」。客貨輸送業者。有力商人集團「三十六人眾」之首，據說是奧州藤原氏滅亡時逃亡至酒田的遺臣後裔。致力於酒田的發展，在井原西鶴所著『日本永代藏』裡，稱其為「北國第一購米者，總左衛門之名無人不曉」。
lord_tk5_66,66,66,,池田恒兴,池田恒興|池田恆興,池田,恒兴,Ikeda Tsuneoki,kinai,1,1536,1560,1584,战死,,,,,lord_tk5_67|lord_tk5_68,只限武将,0,0,温和,胆小,现实,轻率,重视情义,25,武具,无欲,普通,源氏,枪,61,57,51,52,49,1,1,1,0,1,1,0,1,1,1,1,1,1,1,2,0,无,拔突,无,一般条件,,,已登场,池田恒兴,足轻组头,直臣,织田家,clan_ikeda_1,清洲城,无,已登场,池田恒兴,部将,直臣,织田家,clan_ikeda_1,清洲城,无,已登场,池田恒兴,部将,直臣,织田家,clan_ikeda_1,岐阜城,无,已登场,池田恒兴,部将,直臣,织田家,clan_ikeda_1,岐阜城,无,已登场,池田恒兴,城主,直臣,织田家,clan_ikeda_1,伊丹城,无,已死亡,池田恒兴,无效,无效,无,clan_ikeda_1,无效,无,未登场,池田恒兴,足轻大将,直臣,织田家,那古野城,无,已登场,池田恒兴,国主,直臣,羽柴家,大垣城,无,已登场,池田恒兴,船头,直臣,五岛水军,江川之砦,无,,"[{""stage"":"""",""tkid"":""66"",""ref"":""66"",""emotion"":0}]",,TAIKOU_bio_66,織田家臣。信長的乳兄弟。從尾張統一時開始從軍，桶狹間作戰時表現突出，姊川之戰時也立下戰功。本能寺事變後，成為織田家四宿老之一。支援秀吉，小牧長久手之戰時參戰，戰死。
lord_tk5_67,67,67,,池田辉政,池田輝政,池田,辉政,Ikeda Terumasa,tokai,1,1564,1578,1613,病死,lord_tk5_66,,,,lord_tk5_66|lord_tk5_68,只限武将,98,98,性急,勇敢,普通,轻率,普通,66,南蛮物,贪心,嗜酒如命,源氏,枪,67,75,70,58,69,2,1,2,0,1,1,1,0,2,1,1,1,1,1,2,0,无,拔突,无,一般条件,,,未登场,池田辉政,足轻组头,陪臣（池田恒兴）,织田家,clan_ikeda_1,清洲城,无,未登场,池田辉政,足轻组头,陪臣（池田恒兴）,织田家,clan_ikeda_1,清洲城,无,未登场,池田辉政,足轻组头,陪臣（池田恒兴）,织田家,clan_ikeda_1,岐阜城,无,未登场,池田辉政,足轻组头,陪臣（池田恒兴）,织田家,clan_ikeda_1,岐阜城,无,已登场,池田辉政,足轻大将,陪臣（池田恒兴）,织田家,clan_ikeda_1,伊丹城,无,已登场,池田辉政,大名,首领,池田家,clan_ikeda_1,吉田城,无,未登场,池田辉政,足轻组头,陪臣（池田恒兴）,织田家,那古野城,无,已登场,池田辉政,部将,陪臣（池田恒兴）,羽柴家,大垣城,无,已登场,池田辉政,水夫头,直臣,五岛水军,江川之砦,无,,"[{""stage"":"""",""tkid"":""67"",""ref"":""67"",""emotion"":0}]",,TAIKOU_bio_67,織田家臣。恆興之次子。作為信長的近從轉戰，立下戰功。荒木村重謀反時，被信長授與立功獎，本能寺事變後，歸屬秀吉。活躍在各地。關原之戰時，歸屬東軍。戰後領有播磨姬路。
lord_tk5_68,68,68,,池田元助,,池田,元助,Ikeda Motosuke,kinai,1,1559,1573,1584,战死,lord_tk5_66,,,,lord_tk5_66|lord_tk5_67,只限武将,99,99,性急,勇敢,理想,轻率,重视情义,55,书籍,普通,普通,源氏,枪,60,69,43,50,71,1,2,1,1,1,2,2,0,0,0,0,0,1,0,2,0,无,强袭，拔突，铁壁,无,无要求,,,未登场,池田元助,足轻组头,陪臣（池田恒兴）,织田家,clan_ikeda_1,清洲城,无,未登场,池田元助,足轻组头,陪臣（池田恒兴）,织田家,clan_ikeda_1,清洲城,无,未登场,池田元助,足轻组头,陪臣（池田恒兴）,织田家,clan_ikeda_1,岐阜城,无,已登场,池田元助,足轻组头,陪臣（池田恒兴）,织田家,clan_ikeda_1,岐阜城,无,已登场,池田元助,足轻大将,陪臣（池田恒兴）,织田家,clan_ikeda_1,伊丹城,无,已死亡,池田元助,无效,无效,无,clan_ikeda_1,无效,无,未登场,池田元助,足轻组头,陪臣（池田恒兴）,织田家,那古野城,无,已登场,池田元助,部将,陪臣（池田恒兴）,羽柴家,大垣城,无,已登场,池田元助,水夫头,直臣,五岛水军,江川之砦,无,,"[{""stage"":"""",""tkid"":""68"",""ref"":""68"",""emotion"":0}]",,TAIKOU_bio_68,織田家家臣。恒興的長男。輝政的兄長。荒木村重謀反時，與父親、弟弟一起建立了戰功，被信長賜予名馬。在本能寺之變後歸屬秀吉，參加山崎及賤岳合戰。在小牧長久手合戰進行三河奇襲失敗，與父親一同戰死。
lord_tk5_69,69,69,,池赖和,池賴和,池,赖和,Ike Yorikazu,nankai,1,1540,1554,1593,战死,,,,,,全职种,88,88,性急,普通,普通,轻率,普通,50,艺术品,贪心,嗜酒如命,其他,刀剑,61,66,23,51,56,1,0,2,3,1,1,0,1,0,0,1,1,0,0,1,0,水上拖延,强袭,无,无要求,,,已登场,池赖和,头领,首领,土佐水军,clan_ike_1,十市之砦,无,已登场,池赖和,头领,首领,土佐水军,clan_ike_1,十市之砦,无,已登场,池赖和,头领,首领,土佐水军,clan_ike_1,十市之砦,无,已登场,池赖和,头领,首领,土佐水军,clan_ike_1,十市之砦,无,已登场,池赖和,头领,首领,土佐水军,clan_ike_1,十市之砦,无,已死亡,池赖和,无效,无效,无,,无效,无,已登场,池赖和,头领,首领,土佐水军,十市之砦,无,已登场,池赖和,头领,首领,土佐水军,十市之砦,无,已登场,池赖和,船头,直臣,五岛水军,江川之砦,无,,"[{""stage"":"""",""tkid"":""69"",""ref"":""69"",""emotion"":0}]",,TAIKOU_bio_69,長宗我部家家臣。起初和長宗我部國親對立，之後娶了國親的女兒而和睦，成為家臣。雖然後來池家擔任長宗我部水軍的核心，但是賴和卻因被懷疑有謀反的嫌疑而被下令自裁。
lord_tk5_70,70,70,,生驹亲正,生駒親正,生驹,亲正,Ikoma Chikamasa,nankai,1,1526,1554,1603,病死,,,,,,全职种,5,5,普通,普通,现实,普通,普通,24,艺术品,贪心,普通,藤原氏,刀剑,33,37,51,57,59,1,1,0,1,0,0,0,0,0,1,0,0,0,1,1,0,无,强袭,无,无要求,,,已登场,生驹亲正,足轻组头,直臣,织田家,clan_oda_1,清洲城,无,已登场,生驹亲正,足轻大将,直臣,织田家,clan_oda_1,清洲城,无,已登场,生驹亲正,足轻大将,直臣,织田家,clan_oda_1,岐阜城,无,已登场,生驹亲正,足轻大将,直臣,织田家,clan_oda_1,岐阜城,无,已登场,生驹亲正,侍大将,直臣,织田家,clan_oda_1,安土城,无,已登场,生驹亲正,大名,首领,生驹家,clan_ikoma_1,高松城,无,已登场,生驹亲正,足轻大将,直臣,斋藤家,稻叶山城,无,已登场,生驹亲正,侍大将,直臣,羽柴家,石山本愿寺,无,已登场,生驹亲正,浪人,其他,无,鹿儿岛之町,无,,"[{""stage"":"""",""tkid"":""70"",""ref"":""70"",""emotion"":0}]",,TAIKOU_bio_70,豐臣家臣。讚岐高松城主。從金崎撤退戰開始作了秀吉的屬下。以後，各次作戰均有建樹，讚岐一國被封與了他。秀吉死後，成為三老之一。關原之戰歸屬西軍，因其子一正屬東軍，而被貶為平民。
lord_tk5_71,71,71,,石川昭光,,石川,昭光,Ishikawa Akimitsu,ou,1,1550,1564,1622,病死,lord_tk5_465,,,lord_tk5_463,lord_tk5_461|lord_tk5_462|lord_tk5_463|lord_tk5_464|lord_tk5_465|lord_tk5_466|lord_tk5_789|lord_tk5_799|lord_tk5_929,全职种,64,11,性急,勇敢,普通,轻率,普通,70,艺术品,贪心,普通,源氏,刀剑,47,44,48,51,34,1,0,0,0,0,0,0,0,0,0,0,1,0,0,0,1,无,强袭,无,无要求,,,未登场,石川昭光,足轻组头,直臣,伊达家,clan_date_1,米泽城,无,已登场,石川昭光,足轻组头,直臣,伊达家,clan_date_1,米泽城,无,已登场,石川昭光,足轻组头,直臣,伊达家,clan_date_2,米泽城,无,已登场,石川昭光,足轻组头,直臣,伊达家,clan_date_2,米泽城,无,已登场,石川昭光,足轻组头,直臣,伊达家,clan_date_2,米泽城,无,已登场,石川昭光,侍大将,直臣,伊达家,clan_date_2,仙台城,无,未登场,石川昭光,足轻组头,直臣,伊达家,米泽城,无,已登场,石川昭光,足轻组头,直臣,伊达家,米泽城,无,已登场,石川昭光,足轻组头,直臣,河尻家,水户城,无,,"[{""stage"":"""",""tkid"":""71"",""ref"":""71"",""emotion"":0}]",,TAIKOU_bio_71,伊達晴宗之四男。後成為石川晴光的義子，繼承了石川氏之家業。當初與外甥伊達政宗敵對。但因其未參加小田原攻城之戰，而被豐臣秀吉沒收領地，之後成為政宗的家臣。
lord_tk5_72,72,72,,石川数正,石川數正,石川,数正,Ishikawa Kazumasa,tokai,1,1535,1554,1592,病死,,,,,,只限武将,90,15,温和,胆小,现实,慎重,普通,46,南蛮物,无欲,滴酒不沾,源氏,刀剑,55,41,81,83,78,0,0,1,0,1,0,2,0,2,3,2,3,1,3,2,2,无,强袭，丢钱,雄辩,一般条件,,,已登场,石川数正,足轻组头,陪臣（松平元康）,今川家,clan_tokugawa_1,骏府城,无,已登场,石川数正,部将,陪臣（松平元康）,今川家,clan_tokugawa_1,冈崎城,无,已登场,石川数正,部将,直臣,德川家,clan_tokugawa_1,冈崎城,无,已登场,石川数正,部将,直臣,德川家,clan_tokugawa_1,滨松城,无,已登场,石川数正,家老,直臣,德川家,clan_tokugawa_1,滨松城,无,已死亡,石川数正,无效,无效,无,,无效,无,已登场,石川数正,部将,直臣,松平家,冈崎城,无,已登场,石川数正,家老,直臣,德川家,滨松城,无,已登场,石川数正,足轻组头,直臣,河尻家,水户城,无,,"[{""stage"":"""",""tkid"":""72"",""ref"":""72"",""emotion"":0}]",,TAIKOU_bio_72,德川家臣，後轉為豐臣家臣。曾任家康的家老，率領西三河派活動。小牧長久手之戰後，逃離岡崎，投靠秀吉為臣。德川為防止軍事情報洩露，將三河以來的軍制改為武田流。
lord_tk5_73,73,73,,石川五右卫门,石川五右衛門,石川,五右卫门,Ishikawa Goemon,kinai,1,1541,1555,1594,战死,,,,,,武将以外优先,55,55,性急,勇敢,理想,轻率,不重情义,90,南蛮物,贪心,嗜酒如命,其他,锁镰,19,78,4,61,86,2,0,2,0,2,0,0,4,0,0,0,0,0,1,2,1,鬼脚之术，破技之术，雾隐之术,二连苦无，半月，千鸟，刚弓，横车,锁镰高手,一般条件,,,未登场,石川五右卫门,下忍,直臣,伊贺众,clan_momochi_1,伊贺之里,无,已登场,石川五右卫门,下忍,直臣,伊贺众,clan_momochi_1,伊贺之里,无,已登场,石川五右卫门,下忍,直臣,伊贺众,clan_momochi_1,伊贺之里,无,已登场,石川五右卫门,下忍,直臣,伊贺众,clan_momochi_1,伊贺之里,无,已登场,石川五右卫门,下忍,直臣,伊贺众,clan_momochi_1,伊贺之里,无,已死亡,石川五右卫门,无效,无效,无,,无效,无,未登场,石川五右卫门,下忍,直臣,伊贺众,伊贺之里,无,已登场,石川五右卫门,下忍,直臣,伊贺众,伊贺之里,无,已登场,石川五右卫门,足轻大将,直臣,五代家,安土城,无,,"[{""stage"":"""",""tkid"":""73"",""ref"":""73"",""emotion"":0}]",,TAIKOU_bio_73,盜賊。身份不詳。以京‧大阪為中心，潛入大名或公家的住宅進行偷竊。據說此人拜師百地三太夫，學得伊賀流忍術。豐臣秀吉下令前田玄以捉捕此人，抓到之後，此人在三條河原被處以鍋煮的極刑。
lord_tk5_74,74,74,,石川高信,,石川,高信,Ishikawa Takanobu,ou,1,1506,1554,1581,病死,南部政康,,,,lord_tk5_555|lord_tk5_556|lord_tk5_557,全职种,65,65,普通,勇敢,普通,慎重,普通,65,书籍,普通,嗜酒如命,源氏,刀剑,53,56,56,59,60,2,2,1,0,2,1,2,0,1,2,1,1,0,1,0,1,无,强袭，刚弓,无,一般条件,,,已登场,石川高信,家老,直臣,南部家,clan_nanbu_1,三户城,无,已登场,石川高信,家老,直臣,南部家,clan_nanbu_1,三户城,无,已登场,石川高信,家老,直臣,南部家,clan_nanbu_1,三户城,无,已登场,石川高信,家老,直臣,南部家,clan_nanbu_1,三户城,无,已死亡,石川高信,无效,无效,无,clan_nanbu_2,无效,无,已死亡,石川高信,无效,无效,无,clan_nanbu_2,无效,无,已登场,石川高信,家老,直臣,南部家,三户城,无,已死亡,石川高信,无效,无效,无,无效,无,已登场,石川高信,足轻大将,直臣,河尻家,水户城,无,,"[{""stage"":"""",""tkid"":""74"",""ref"":""74"",""emotion"":0}]",,TAIKOU_bio_74,南部家２３代領主，安信之弟。南部信直的生父。做為津輕郡代，輔佐２４代當主外甥晴政，為擴大南部家的勢力做出了貢獻。長子信直做了晴政的義子，後為２６代當主。遭家臣大浦為信奇襲，在石川城去世。
lord_tk5_75,75,75|1153,,石田三成,,石田,三成,Ishida Mitsunari,kinai,1,1560,1574,1600,战死,石田三成父,,,,lord_tk5_952,全职种,20,20,性急,胆小,理想,轻率,重视情义,61,书籍,无欲,滴酒不沾,平氏,刀剑,47,25,98,84,83,2,1,2,0,2,1,2,0,2,4,4,4,3,3,2,2,土龙攻,强袭，刚弓，丢钱，贿赂,名奉行,不可,,"主角丰臣秀吉，三碗茶
    主角德川家康，关原之战胜利",未登场,石田三成,浪人,其他,无,,今滨之町,无,未登场,石田三成,浪人,其他,无,,今滨之町,无,未登场,石田三成,浪人,其他,无,,今滨之町,无,已登场,石田三成,足轻组头,陪臣（羽柴秀吉）,织田家,clan_kinoshita_1,长滨城,无,已登场,石田三成,足轻大将,陪臣（羽柴秀吉）,织田家,clan_kinoshita_1,姬路城,无,已登场,石田三成,国主,直臣,丰臣家,clan_ishida_1,佐和山城,无,未登场,石田三成,浪人,其他,无,今滨之町,无,已登场,石田三成,足轻大将,直臣,羽柴家,石山本愿寺,无,已登场,石田三成,侍大将,直臣,三刀屋家,骏府城,无,"[{""stage"":""奉行"",""tkid"":""75"",""ref"":"""",""emotion"":1},{""stage"":""关原"",""tkid"":""1153"",""ref"":"""",""emotion"":1}]","[{""stage"":""奉行"",""tkid"":""75"",""ref"":""75"",""emotion"":1},{""stage"":""关原"",""tkid"":""1153"",""ref"":""1153"",""emotion"":1}]",孤高理论家石田三成：高洁聪慧、自尊刚愎的「傲娇毒舌」理想主义者，只对认可的人赤诚。笑为寡淡嘲讽式浅笑，怒为凛然斥责正义凛然，悲为孤寂垂目咬牙不甘，惊为瞪眼失语指节发白。,TAIKOU_bio_75,豐臣家臣。以豐臣政權五奉行之首的身份擔當國政。做為秀吉的親信漸露頭角，在內政和軍需方面發揮了領導才能。秀吉故去後，與勢力抬頭的德川家康大戰於關原，戰敗後被處死在六條河原。
lord_tk5_76,76,76,,石母田景赖,石母田景賴,石母田,景赖,Ishimoda Kagenori,ou,1,1542,1556,1615,病死,,,,,,只限武将,60,60,温和,勇敢,普通,普通,普通,18,武具,无欲,普通,其他,刀剑,59,63,44,34,38,1,1,1,0,0,0,0,0,1,0,1,0,0,0,0,0,无,强袭,无,无要求,,,未登场,石母田景赖,足轻组头,直臣,伊达家,clan_date_1,米泽城,无,已登场,石母田景赖,侍大将,直臣,伊达家,clan_date_1,米泽城,无,已登场,石母田景赖,侍大将,直臣,伊达家,clan_date_2,米泽城,无,已登场,石母田景赖,侍大将,直臣,伊达家,clan_date_2,米泽城,无,已登场,石母田景赖,侍大将,直臣,伊达家,clan_date_2,米泽城,无,已登场,石母田景赖,部将,直臣,伊达家,clan_date_2,仙台城,无,未登场,石母田景赖,侍大将,直臣,伊达家,米泽城,无,已登场,石母田景赖,侍大将,直臣,伊达家,米泽城,无,已登场,石母田景赖,浪人,其他,无,佐仓之町,无,,"[{""stage"":"""",""tkid"":""76"",""ref"":""76"",""emotion"":0}]",,TAIKOU_bio_76,伊達家臣。石母田城主。石母田光賴之子。追隨政宗，參加了許多戰役。豐臣秀吉命政宗出征小田原之際，他留守會津郡黑川城。作為伊達家重臣，之後為宇和島伊達家創業做出了貢獻。
lord_tk5_77,77,77,,伊集院忠仓,伊集院忠倉,伊集院,忠仓,Ijuin Tadaao,saikai,1,1525,1554,1562,病死,lord_tk5_921,,,,lord_tk5_78,只限武将,39,39,温和,普通,普通,慎重,普通,40,书籍,普通,普通,源氏,刀剑,64,45,74,79,53,1,0,1,0,1,0,1,0,1,2,1,1,0,3,1,1,无,强袭,无,无要求,,,已登场,伊集院忠仓,侍大将,直臣,岛津家,clan_ijuin_1,内城,无,已登场,伊集院忠仓,部将,直臣,岛津家,clan_ijuin_1,内城,无,已死亡,伊集院忠仓,无效,无效,无,clan_shimazu_1,无效,无,已死亡,伊集院忠仓,无效,无效,无,clan_shimazu_1,无效,无,已死亡,伊集院忠仓,无效,无效,无,clan_shimazu_1,无效,无,已死亡,伊集院忠仓,无效,无效,无,clan_shimazu_2,无效,无,已登场,伊集院忠仓,部将,直臣,岛津家,内城,无,已死亡,伊集院忠仓,无效,无效,无,无效,无,已登场,伊集院忠仓,部将,直臣,青山家,高松城,无,,"[{""stage"":"""",""tkid"":""77"",""ref"":""77"",""emotion"":0}]",,TAIKOU_bio_77,島津家臣。忠朗之子。大隅加治木城主肝付兼演與入來院等合謀叛亂時，助父平叛，降伏叛軍，後負責接收領地事務的處置。後任貴久的老中，為擴大主家的勢力做出貢獻。
lord_tk5_78,78,78,,伊集院忠栋,伊集院忠棟,伊集院,忠栋,Ijuin Tadamune,saikai,1,1553,1567,1599,战死,lord_tk5_77,,,,lord_tk5_77,只限武将,39,39,温和,胆小,普通,轻率,不重情义,74,南蛮物,普通,普通,源氏,刀剑,60,51,85,77,41,0,1,1,1,1,0,1,0,1,0,1,1,3,3,0,1,无,强袭,无,无要求,,,未登场,伊集院忠栋,足轻组头,陪臣（伊集院忠仓）,岛津家,clan_ijuin_1,内城,无,未登场,伊集院忠栋,足轻组头,陪臣（伊集院忠仓）,岛津家,clan_ijuin_1,内城,无,已登场,伊集院忠栋,足轻组头,直臣,岛津家,clan_shimazu_1,内城,无,已登场,伊集院忠栋,足轻组头,直臣,岛津家,clan_shimazu_1,内城,无,已登场,伊集院忠栋,足轻大将,直臣,岛津家,clan_shimazu_1,内城,无,已登场,伊集院忠栋,家老,直臣,岛津家,clan_shimazu_2,内城,无,未登场,伊集院忠栋,足轻组头,直臣,岛津家,内城,无,已登场,伊集院忠栋,足轻大将,直臣,岛津家,内城,无,已登场,伊集院忠栋,浪人,其他,无,会津之町,无,,"[{""stage"":"""",""tkid"":""78"",""ref"":""78"",""emotion"":0}]",,TAIKOU_bio_78,島津家臣。忠倉之子。曾任主公義久的老中的重臣。敗於豐臣秀吉九州討伐軍後被留為秀吉之弟秀長的人質。通石田三成，並被秀吉視同主家，因而與島津宗家對立，被殺。
lord_tk5_79,79,79,,以心崇传,以心崇伝|以心崇傳,以心,崇传,Isshin Sogen,kanto,1,1569,1583,1633,病死,,,,,,只限武将,90,90,普通,勇敢,现实,慎重,普通,65,书籍,贪心,普通,源氏,枪,18,39,86,82,60,0,0,0,1,0,1,2,1,2,1,2,3,3,3,2,3,无,拔突，伤药，丢钱,雄辩，能吏,一般条件,,,未登场,以心崇传,浪人,其他,无,,京之町,无,未登场,以心崇传,浪人,其他,无,,京之町,无,未登场,以心崇传,浪人,其他,无,,京之町,无,未登场,以心崇传,浪人,其他,无,,京之町,无,未登场,以心崇传,浪人,其他,无,,京之町,无,已登场,以心崇传,部将,直臣,德川家,clan_tokugawa_1,江户城,无,未登场,以心崇传,浪人,其他,无,京之町,无,已登场,以心崇传,浪人,其他,无,京之町,无,已登场,以心崇传,浪人,其他,无,足利之町,无,,"[{""stage"":"""",""tkid"":""79"",""ref"":""79"",""emotion"":0}]",,TAIKOU_bio_79,足利家家臣。一色秀勝的次男。起初侍奉足利義輝，但是在主家滅亡後出家為僧。德川幕府成立後，應家康的徵召擔任外交事務。漸漸地深入參與內政事務。為了確保幕府的權力，經常會使用鐵血無情的政策，因此又被稱為「黑衣宰相」。
lord_tk5_80,80,80,,矶野员昌,磯野員昌,矶野,员昌,Isono Kazumasa,tokai,1,1527,1554,1578,病死,,,,,,只限武将,77,77,普通,胆小,普通,轻率,普通,37,武具,无欲,普通,其他,刀剑,72,54,20,63,59,2,1,0,1,1,2,1,0,0,1,1,0,0,0,1,1,无,强袭，拔突，铁壁,无,一般条件,,,已登场,矶野员昌,城主,直臣,浅井家,clan_azai_1,佐和山城,无,已登场,矶野员昌,城主,直臣,浅井家,clan_azai_2,佐和山城,无,已登场,矶野员昌,城主,直臣,浅井家,clan_azai_2,佐和山城,无,已登场,矶野员昌,家老,直臣,织田家,clan_oda_1,岐阜城,无,已死亡,矶野员昌,无效,无效,无,,无效,无,已死亡,矶野员昌,无效,无效,无,,无效,无,已登场,矶野员昌,部将,直臣,浅井家,小谷城,无,已死亡,矶野员昌,无效,无效,无,无效,无,已登场,矶野员昌,头领,首领,坊津水军,坊津之砦,无,,"[{""stage"":"""",""tkid"":""80"",""ref"":""80"",""emotion"":0}]",,TAIKOU_bio_80,淺野家臣，之後成為織田家臣。作為近江佐和山城主守衛對六角的最前線。姊川交戰時任先鋒令織田軍受了不少苦頭，但由於居城被孤立而投降於信長。在織田家雖被重用，但最後遭信長的懲罰，而出走至高野山。
lord_tk5_81,81,81,,板仓胜重,板倉勝重,板仓,胜重,Itakura Katsushige,kanto,1,1545,1559,1624,病死,,,,,,全职种,90,90,性急,勇敢,现实,慎重,重视情义,21,书籍,无欲,普通,源氏,刀剑,19,41,87,83,55,0,0,0,0,0,0,0,0,0,0,1,2,4,4,2,4,激励,强袭，伤药，止血,能吏,一般条件,,,未登场,板仓胜重,足轻组头,陪臣（松平元康）,今川家,clan_tokugawa_1,骏府城,无,已登场,板仓胜重,足轻组头,陪臣（松平元康）,今川家,clan_tokugawa_1,冈崎城,无,已登场,板仓胜重,足轻组头,直臣,德川家,clan_tokugawa_1,冈崎城,无,已登场,板仓胜重,足轻组头,直臣,德川家,clan_tokugawa_1,滨松城,无,已登场,板仓胜重,足轻大将,直臣,德川家,clan_tokugawa_1,滨松城,无,已登场,板仓胜重,部将,直臣,德川家,clan_tokugawa_1,江户城,无,未登场,板仓胜重,浪人,其他,无,冈崎之町,无,已登场,板仓胜重,足轻大将,直臣,德川家,滨松城,无,已登场,板仓胜重,浪人,其他,无,龟山之町,无,,"[{""stage"":"""",""tkid"":""81"",""ref"":""81"",""emotion"":0}]",,TAIKOU_bio_81,德川家臣。好重次子。少時出家為僧，父親與弟弟戰死後，還俗並繼承家督。蒙家康信賴擔任駿府、江戶等地奉行，後任京都的侍所代理守，負責應付朝廷和監視西國的各大名。
lord_tk5_82,82,82,,板部冈江雪斋,板部岡江雪齋,板部,冈江雪斋,Itabeoka Ekketsusai,kanto,1,1537,1554,1609,病死,,,,,,只限武将,85,85,温和,胆小,普通,慎重,普通,32,艺术品,普通,滴酒不沾,平氏,枪,18,11,76,74,61,0,0,0,0,0,0,0,0,0,3,2,1,3,1,4,2,无,拔突,风雅之士,一般条件,,,已登场,板部冈江雪斋,足轻组头,直臣,北条家,clan_hojo_1,小田原城,无,已登场,板部冈江雪斋,足轻组头,直臣,北条家,clan_hojo_1,小田原城,无,已登场,板部冈江雪斋,足轻组头,直臣,北条家,clan_hojo_1,小田原城,无,已登场,板部冈江雪斋,足轻组头,直臣,北条家,clan_hojo_2,小田原城,无,已登场,板部冈江雪斋,足轻组头,直臣,北条家,clan_hojo_2,小田原城,无,已登场,板部冈江雪斋,足轻大将,直臣,德川家,clan_tokugawa_1,江户城,无,未登场,板部冈江雪斋,足轻组头,直臣,北条家,小田原城,无,已登场,板部冈江雪斋,足轻组头,直臣,北条家,小田原城,无,已登场,板部冈江雪斋,浪人,其他,无,冈崎之町,无,,"[{""stage"":"""",""tkid"":""82"",""ref"":""82"",""emotion"":0}]",,TAIKOU_bio_82,北條家臣。曾任秘書評議職務。在與德川家康和談，與豐臣秀吉談判時，發揮了外交才能。主家滅亡後，任秀吉的顧問，並改姓岡野。後投奔家康。
lord_tk5_83,83,83,,伊丹康直,,伊丹,康直,Itami Yasunao,tokai,1,1523,1554,1596,病死,,,,,,全职种,60,60,普通,普通,现实,普通,普通,55,武具,贪心,普通,藤原氏,刀剑,69,62,25,61,59,2,1,1,4,2,2,1,2,2,0,0,0,1,0,0,0,水上拖延，蝴蝶之阵,强袭，拔突，二连苦无，刚弓，铁壁,无,无要求,,,已登场,伊丹康直,船头,直臣,骏河水军,clan_okabe_1,清水之砦,无,已登场,伊丹康直,船头,直臣,骏河水军,clan_okabe_1,清水之砦,无,已登场,伊丹康直,船头,直臣,骏河水军,clan_okabe_1,清水之砦,无,已登场,伊丹康直,船头,直臣,骏河水军,clan_okabe_1,清水之砦,无,已登场,伊丹康直,头领,首领,骏河水军,clan_itami_1,清水之砦,无,已死亡,伊丹康直,无效,无效,无,,无效,无,已登场,伊丹康直,船头,直臣,骏河水军,清水之砦,无,已登场,伊丹康直,头领,首领,骏河水军,清水之砦,无,已登场,伊丹康直,浪人,其他,无,小仓之町,无,,"[{""stage"":"""",""tkid"":""83"",""ref"":""83"",""emotion"":0}]",,TAIKOU_bio_83,今川家家臣。後來輾轉成為武田及德川家家臣。在駿河流浪時，今川義元將其納為旗下一將。負水軍將領之天賦，在氏真當政時成為海賊奉行。主家滅亡後，以船大將的身份侍奉武田家。最後侍奉德川家，成為駿河船奉行。
lord_tk5_84,84,84,,市川经好,市川經好,市川,经好,Ichikawa Tsuneyoshi,sanyo,1,1520,1554,1584,病死,,,,,,只限武将,40,40,普通,普通,普通,轻率,不重情义,60,书籍,普通,普通,藤原氏,刀剑,32,26,66,61,49,1,0,1,0,0,1,0,0,0,0,1,2,2,2,1,0,无,强袭,无,无要求,,,已登场,市川经好,部将,直臣,毛利家,clan_mori_1,吉田郡山城,无,已登场,市川经好,部将,直臣,毛利家,clan_mori_1,吉田郡山城,无,已登场,市川经好,部将,直臣,毛利家,clan_mori_1,吉田郡山城,无,已登场,市川经好,部将,直臣,毛利家,clan_mori_2,吉田郡山城,无,已登场,市川经好,部将,直臣,毛利家,clan_mori_2,吉田郡山城,无,已死亡,市川经好,无效,无效,无,,无效,无,已登场,市川经好,部将,直臣,毛利家,吉田郡山城,无,已登场,市川经好,部将,直臣,毛利家,吉田郡山城,无,已登场,市川经好,浪人,其他,无,小诸之町,无,,"[{""stage"":"""",""tkid"":""84"",""ref"":""84"",""emotion"":0}]",,TAIKOU_bio_84,毛利家臣。與安藝吉川同族。為將元就次子元春迎做吉川家領主興經的義子付出努力。毛利平定了防長之後被任命為山口奉行，負責兩國民政事務。後嫡子元教串通大友家，謀殺了經好。
lord_tk5_85,85,85,,一栗放牛,一慄放牛,一栗,放牛,Ichikuri Bangyu,ou,1,1500,1554,1591,战死,,,,,,只限武将,75,75,性急,勇敢,理想,轻率,重视情义,50,武具,无欲,嗜酒如命,其他,枪,73,66,51,54,74,2,2,0,1,2,3,2,1,0,0,0,0,2,0,0,3,无,强袭，连续斩，拔突，粘花，刚弓，卷枪，引落，柄返，刚力，铁壁，伤药,无,一般条件,,,已登场,一栗放牛,城主,直臣,大崎家,clan_osaki_1,岩出山城,无,已登场,一栗放牛,城主,直臣,大崎家,clan_osaki_1,岩出山城,无,已登场,一栗放牛,城主,直臣,大崎家,clan_osaki_1,岩出山城,无,已登场,一栗放牛,城主,直臣,大崎家,clan_osaki_1,岩出山城,无,已登场,一栗放牛,城主,直臣,大崎家,clan_osaki_1,岩出山城,无,已死亡,一栗放牛,无效,无效,无,,无效,无,已登场,一栗放牛,城主,直臣,大崎家,岩出山城,无,已登场,一栗放牛,家老,直臣,大崎家,名生城,无,已登场,一栗放牛,上忍,直臣,羽黑众,羽黑之里,无,,"[{""stage"":"""",""tkid"":""85"",""ref"":""85"",""emotion"":0}]",,TAIKOU_bio_85,奧州大崎家家臣。大崎家因為違抗秀吉所下達的小田原征伐的命令而被秀吉沒收了領土，為了重振主家便掀起了暴動。面對伊達政宗的討伐軍，以九十二歲的高齡守城奮戰，但最後城還是遭攻陷而戰死。
lord_tk5_86,86,86,,一条兼定,一條兼定,一条,兼定,Ichijo Kanesada,saikai,1,1543,1557,1585,病死,,,,,,只限武将,20,20,温和,胆小,普通,轻率,不重情义,36,南蛮物,贪心,普通,藤原氏,刀剑,10,11,12,9,88,0,0,0,0,0,0,0,0,0,0,0,1,4,1,3,1,无,强袭,无,一般条件,,,已登场,一条兼定,大名,首领,一条家,clan_ichijo_1,中村城,无,已登场,一条兼定,大名,首领,一条家,clan_ichijo_1,中村城,无,已登场,一条兼定,大名,首领,一条家,clan_ichijo_1,中村城,无,已登场,一条兼定,浪人,其他,无,,府内之町,无,已登场,一条兼定,浪人,其他,无,,府内之町,无,已死亡,一条兼定,无效,无效,无,,无效,无,已登场,一条兼定,大名,首领,一条家,中村城,无,已登场,一条兼定,浪人,其他,无,府内之町,无,已登场,一条兼定,家老,直臣,一宫家,春日山城,无,,"[{""stage"":"""",""tkid"":""86"",""ref"":""86"",""emotion"":0}]",,TAIKOU_bio_86,土佐一條家第４代家主。房基之子。因其日夜沉湎於酒色，家臣們商議後，將其驅逐出門，家督之位讓於其子。之後他接受洗禮成為了天主教徒。以大友宗麟為後援，企圖恢復舊領地，最終失敗。
lord_tk5_87,87,87,,一条信龙,一條信龍,一条,信龙,Ichijo Nagatoki,tosan,1,1540,1554,1582,战死,lord_tk5_801,,,,lord_tk5_447|lord_tk5_448|lord_tk5_449|lord_tk5_450|lord_tk5_451|lord_tk5_560|lord_tk5_801,只限武将,62,62,性急,勇敢,普通,慎重,普通,20,书籍,无欲,普通,源氏,刀剑,47,44,50,44,56,1,1,0,0,1,0,1,0,0,1,1,0,1,0,0,0,无,强袭,无,无要求,,,已登场,一条信龙,足轻大将,直臣,武田家,clan_yamamoto_1,踯躅崎馆,无,已登场,一条信龙,侍大将,直臣,武田家,clan_yamamoto_1,踯躅崎馆,无,已登场,一条信龙,侍大将,直臣,武田家,clan_takeda_1,踯躅崎馆,无,已登场,一条信龙,侍大将,直臣,武田家,clan_takeda_2,踯躅崎馆,无,已登场,一条信龙,侍大将,直臣,武田家,clan_takeda_2,甲府城,无,已死亡,一条信龙,无效,无效,无,,无效,无,未登场,一条信龙,侍大将,直臣,武田家,踯躅崎馆,无,已死亡,一条信龙,无效,无效,无,无效,无,已登场,一条信龙,家老,直臣,一宫家,春日山城,无,,"[{""stage"":"""",""tkid"":""87"",""ref"":""87"",""emotion"":0}]",,TAIKOU_bio_87,武田家臣。武田信虎八子，信玄的異母兄弟。武田二十四將之一，甲斐名門之後，繼承一條氏家統，做為本族成員積極活動。陷入窮境的武田勝賴逃離新府城後，留守城中迎擊來犯的德川家康部隊，激戰中被俘，後被處斬首。
lord_tk5_88,88,88,,伊地知重兴,伊地知重興,伊地知,重兴,Iichiji Shigeoki,saikai,1,1528,1554,1580,病死,,,,,,只限武将,32,32,温和,胆小,现实,轻率,普通,50,武具,普通,普通,其他,刀剑,47,50,40,51,34,1,1,1,0,1,0,0,0,1,0,0,1,1,1,1,1,无,强袭,无,无要求,,,已登场,伊地知重兴,足轻大将,直臣,肝付家,clan_kimotsuki_1,大隅高山城,无,已登场,伊地知重兴,侍大将,直臣,肝付家,clan_kimotsuki_1,大隅高山城,无,已登场,伊地知重兴,侍大将,直臣,肝付家,clan_kimotsuki_1,大隅高山城,无,已登场,伊地知重兴,侍大将,直臣,岛津家,clan_shimazu_1,内城,无,已死亡,伊地知重兴,无效,无效,无,,无效,无,已死亡,伊地知重兴,无效,无效,无,,无效,无,已登场,伊地知重兴,侍大将,直臣,肝付家,大隅高山城,无,已死亡,伊地知重兴,无效,无效,无,无效,无,已登场,伊地知重兴,浪人,其他,无,府内之町,无,,"[{""stage"":"""",""tkid"":""88"",""ref"":""88"",""emotion"":0}]",,TAIKOU_bio_88,大隅的豪族。小濱城主。重武之子。與肝付家團結對抗薩摩島津家，但卻被島津軍攻陷其居城。與禰寢氏一同投降於島津氏。之後，跟隨島津義久，參加同大友氏的作戰。
lord_tk5_89,89,89,,伊地知重秀,,伊地知,重秀,Iichiji Shigehide,saikai,1,1534,1554,1594,病死,,,,,,只限武将,32,32,普通,普通,普通,轻率,普通,24,武具,普通,普通,其他,刀剑,61,47,31,76,42,0,1,1,0,0,0,0,0,0,0,0,1,2,2,1,1,无,强袭,无,无要求,,,已登场,伊地知重秀,足轻组头,直臣,岛津家,clan_shimazu_1,内城,无,已登场,伊地知重秀,足轻组头,直臣,岛津家,clan_shimazu_1,内城,无,已登场,伊地知重秀,足轻组头,直臣,岛津家,clan_shimazu_1,内城,无,已登场,伊地知重秀,足轻组头,直臣,岛津家,clan_shimazu_1,内城,无,已登场,伊地知重秀,足轻大将,直臣,岛津家,clan_shimazu_1,内城,无,已死亡,伊地知重秀,无效,无效,无,,无效,无,已登场,伊地知重秀,足轻组头,直臣,岛津家,内城,无,已登场,伊地知重秀,足轻大将,直臣,岛津家,内城,无,已登场,伊地知重秀,浪人,其他,无,津山之町,无,,"[{""stage"":"""",""tkid"":""89"",""ref"":""89"",""emotion"":0}]",,TAIKOU_bio_89,島津家臣。曾任主公義久的呈奏人，也曾與上井覺兼一起出使天草和肝付氏。曾參加與大友氏的耳川之戰，進攻龍造寺氐的沖田綴之戰等多次會戰。
lord_tk5_90,90,90,,一万田鉴实,一萬田鑒實|一萬田鑑實,一万田,鉴实,Ichimada Akizane,saikai,1,1533,1554,1588,病死,,,,一万田亲泰,lord_tk5_438,全职种,60,60,温和,普通,普通,普通,重视情义,16,艺术品,普通,普通,藤原氏,刀剑,68,69,49,74,40,2,3,2,0,1,1,1,0,0,0,0,0,3,2,3,1,无,强袭,无,无要求,,,已登场,一万田鉴实,侍大将,直臣,大友家,clan_otomo_1,府内城,无,已登场,一万田鉴实,侍大将,直臣,大友家,clan_otomo_1,府内城,无,已登场,一万田鉴实,侍大将,直臣,大友家,clan_otomo_1,府内城,无,已登场,一万田鉴实,侍大将,直臣,大友家,clan_otomo_1,府内城,无,已登场,一万田鉴实,侍大将,直臣,大友家,clan_otomo_1,府内城,无,已死亡,一万田鉴实,无效,无效,无,,无效,无,已登场,一万田鉴实,侍大将,直臣,大友家,府内城,无,已登场,一万田鉴实,侍大将,直臣,大友家,府内城,无,已登场,一万田鉴实,大名,首领,一万田家,甲府城,无,,"[{""stage"":"""",""tkid"":""90"",""ref"":""90"",""emotion"":0}]",,TAIKOU_bio_90,大友家臣。小牟禮城、鳥屋山城主。擔任義統的加判眾。耳川之戰與島津氏交戰時，擔任退卻大友軍的殿下之職。另一方面，他還是愛好風雅之人，正月吟誦俳句，招待義鎮賞桉並舉辦能會。
lord_tk5_91,91,91,,一色义清,一色義清,一色,义清,Issiki Yoshikiyo,kinai,1,1551,1565,1582,战死,一色义幸,,,,lord_tk5_92|lord_tk5_93,只限武将,40,40,温和,胆小,普通,轻率,重视情义,60,书籍,无欲,滴酒不沾,源氏,刀剑,33,36,35,45,18,0,0,1,1,0,0,0,0,0,0,0,0,1,0,0,0,无,强袭,无,无要求,,,未登场,一色义清,部将,直臣,一色家,clan_issiki_1,宫津城,无,已登场,一色义清,家老,直臣,一色家,clan_issiki_1,宫津城,无,已登场,一色义清,家老,直臣,一色家,clan_issiki_1,宫津城,无,已登场,一色义清,家老,直臣,一色家,clan_issiki_1,宫津城,无,已死亡,一色义清,无效,无效,无,,无效,无,已死亡,一色义清,无效,无效,无,,无效,无,未登场,一色义清,家老,直臣,一色家,宫津城,无,已死亡,一色义清,无效,无效,无,无效,无,已登场,一色义清,家老,直臣,一宫家,春日山城,无,,"[{""stage"":"""",""tkid"":""91"",""ref"":""91"",""emotion"":0}]",,TAIKOU_bio_91,丹後的戰國大名。外甥義定被細川藤孝謀殺後，進入丹後弓木城，繼承一色家業。但由於細川忠興將城池包圍，被追趕的義清突入敵陣戰死疆場。
lord_tk5_92,92,92,,一色义定,一色義定,一色,义定,Issiki Yoshisada,kinai,1,1558,1572,1582,战死,lord_tk5_93,,,一色义幸,lord_tk5_91|lord_tk5_93,只限武将,40,40,普通,胆小,现实,普通,普通,45,艺术品,贪心,普通,源氏,刀剑,39,42,37,46,41,0,0,1,0,0,0,0,0,0,1,0,0,0,0,0,0,无,强袭,无,无要求,,,未登场,一色义定,足轻组头,直臣,一色家,clan_issiki_1,宫津城,无,未登场,一色义定,足轻组头,直臣,一色家,clan_issiki_1,宫津城,无,未登场,一色义定,足轻组头,直臣,一色家,clan_issiki_1,宫津城,无,已登场,一色义定,足轻组头,直臣,一色家,clan_issiki_1,宫津城,无,已死亡,一色义定,无效,无效,无,,无效,无,已死亡,一色义定,无效,无效,无,,无效,无,未登场,一色义定,足轻组头,直臣,一色家,宫津城,无,已死亡,一色义定,无效,无效,无,无效,无,已登场,一色义定,部将,直臣,一宫家,春日山城,无,,"[{""stage"":"""",""tkid"":""92"",""ref"":""92"",""emotion"":0}]",,TAIKOU_bio_92,丹後的戰國大名。義道之子。與其父義道一起與細川藤孝軍交戰。義道自殺後，逃跑投奔家臣稻富祐直。之後，由於明智光秀的斡旋，而迎娶藤孝之女為妻和睦相處，但因其再次背叛在細川氏館被殺。
lord_tk5_93,93,93,,一色义道,一色義道,一色,义道,Issiki Yoshimichi,kinai,1,1520,1554,1579,战死,一色义幸,,,,lord_tk5_91|lord_tk5_92,只限武将,40,40,性急,勇敢,普通,轻率,普通,70,南蛮物,普通,嗜酒如命,源氏,刀剑,60,39,37,38,42,1,1,1,0,1,1,1,0,0,0,1,0,0,0,1,0,无,强袭,无,无要求,,,已登场,一色义道,大名,首领,一色家,clan_issiki_1,宫津城,无,已登场,一色义道,大名,首领,一色家,clan_issiki_1,宫津城,无,已登场,一色义道,大名,首领,一色家,clan_issiki_1,宫津城,无,已登场,一色义道,大名,首领,一色家,clan_issiki_1,宫津城,无,已死亡,一色义道,无效,无效,无,,无效,无,已死亡,一色义道,无效,无效,无,,无效,无,已登场,一色义道,大名,首领,一色家,宫津城,无,已死亡,一色义道,无效,无效,无,无效,无,已登场,一色义道,部将,直臣,一宫家,春日山城,无,,"[{""stage"":"""",""tkid"":""93"",""ref"":""93"",""emotion"":0}]",,TAIKOU_bio_93,丹後的戰國大名。義幸之子。因庇護被織田信長從京城趕出的將軍足利義昭而被織田軍進打。一度曾成功地堅守住，但在細川、明智軍前敗北，後因家臣沼田勘解由通敵而自殺。
lord_tk5_94,94,94,,出浦盛清,,出浦,盛清,Deura Morikiyo,tosan,1,1546,1559,1623,病死,,,,,,武将以外优先,62,62,普通,普通,现实,轻率,重视情义,55,武具,普通,滴酒不沾,其他,苦无,58,80,31,51,33,2,0,2,0,2,3,1,4,1,1,2,2,0,0,2,2,奈落之术，千里眼术，刺杀，雷爆之术，内讧之术,强袭，连续斩，拔突，二连苦无，半月，刚弓，猛毒苦无，十字投，乱苦无，叠返之术，刚力，铁壁,苦无名人,无要求,,,已登场,出浦盛清,头目,首领,户隐众,clan_deura_1,户隐之里,无,已登场,出浦盛清,头目,首领,户隐众,clan_deura_1,户隐之里,无,已登场,出浦盛清,头目,首领,户隐众,clan_deura_1,户隐之里,无,已登场,出浦盛清,头目,首领,户隐众,clan_deura_1,户隐之里,无,已登场,出浦盛清,头目,首领,户隐众,clan_deura_1,户隐之里,无,已登场,出浦盛清,头目,首领,户隐众,clan_deura_1,户隐之里,无,未登场,出浦盛清,上忍,直臣,户隐众,户隐之里,无,已登场,出浦盛清,头目,首领,户隐众,户隐之里,无,已登场,出浦盛清,水夫头,直臣,相模水军,三崎之砦,无,,"[{""stage"":"""",""tkid"":""94"",""ref"":""94"",""emotion"":0}]",,TAIKOU_bio_94,真田家家臣。人稱「對馬」。起初侍奉武田家，負責統率忍者。雖然曾一度從屬於森長可，但在本能寺之變，長可從信濃撤退後，便成為真田昌幸旗下。最後從屬於信幸，與橫谷左近一起在松代藩統率忍者。
lord_tk5_95,95,95,,伊藤一刀斋,伊藤一刀齋|伊藤弥五郎|伊藤彌五郎,伊藤,一刀斋,Itoo Ittosai,kanto,1,1540,1554,1634,病死,,,,,,没那个意思,90,90,普通,勇敢,普通,轻率,普通,24,武具,贪心,嗜酒如命,藤原氏,刀剑,26,98,25,51,69,1,0,0,0,1,4,3,3,0,0,0,0,1,0,0,2,内讧之术，错乱之术,强袭，连续斩，切落，绝妙剑，拂舍刀，拔突，二连苦无，半月，金翅鸟王剑，当身，梦想剑，刚力，独妙剑，铁壁，辱骂,剑豪,一般条件,,,已登场,伊藤弥五郎,浪人,其他,无,,金泽之町,钟卷流,已登场,伊藤一刀斋,师范,其他,无,,佐仓之町,一刀流,已登场,伊藤一刀斋,师范,其他,无,,佐仓之町,一刀流,已登场,伊藤一刀斋,师范,其他,无,,佐仓之町,一刀流,已登场,伊藤一刀斋,师范,其他,无,,佐仓之町,一刀流,已登场,伊藤一刀斋,师范,其他,无,,佐仓之町,一刀流,已登场,伊藤弥五郎,浪人,其他,无,金泽之町,钟卷流,已登场,伊藤一刀斋,师范,其他,无,佐仓之町,一刀流,已登场,伊藤一刀斋,师范,其他,无,佐仓之町,一刀流,,"[{""stage"":"""",""tkid"":""95"",""ref"":""95"",""emotion"":0}]",,TAIKOU_bio_95,劍術家。名為彌五郎景久。拜師於中條流的名人‧鐘捲自齋，被授與印記後，自己創始了一刀流。浪跡諸國修行累積實力後，創出「夢想劍」等諸項絕技。傳說他將其精髓傳授給弟子‧御子神典膳（小野忠明）後便失去蹤影。
lord_tk5_96,96,96,,伊东祐兵,伊東祐兵,伊东,祐兵,Ito Sadachika,saikai,1,1559,1573,1600,病死,lord_tk5_98,,,,lord_tk5_98|lord_tk5_883,全职种,71,71,普通,胆小,现实,慎重,普通,21,南蛮物,贪心,普通,藤原氏,刀剑,52,49,25,43,36,1,0,0,0,0,0,1,0,0,0,0,0,1,2,0,0,无,强袭,无,无要求,,,未登场,伊东祐兵,部将,陪臣（伊东义祐）,伊东家,clan_ito_1,都于郡城,无,未登场,伊东祐兵,家老,直臣,伊东家,clan_ito_1,都于郡城,无,未登场,伊东祐兵,家老,直臣,伊东家,clan_ito_1,都于郡城,无,已登场,伊东祐兵,家老,直臣,伊东家,clan_ito_1,都于郡城,无,已登场,伊东祐兵,浪人,其他,无,,今治之町,无,已登场,伊东祐兵,大名,首领,伊东家,clan_ito_1,饫肥城,无,未登场,伊东祐兵,家老,直臣,伊东家,都于郡城,无,已登场,伊东祐兵,浪人,其他,无,今治之町,无,已登场,伊东祐兵,家老,直臣,东乡家,盛冈城,无,,"[{""stage"":"""",""tkid"":""96"",""ref"":""96"",""emotion"":0}]",,TAIKOU_bio_96,豐臣家臣。義祐之子。由於未防守住島津對日向的進攻，與其父一同逃往伊予。之後，侍奉秀吉。秀吉著手九州遠征後，擔任討伐軍的先導役，平定後，收復了日向飫肥的舊領地。
lord_tk5_97,97,97,,伊藤惣十郎,伊藤總十郎,伊藤,惣十郎,Itoo Sojuro,tokai,1,1524,1554,1592,病死,,,,,,武将以外优先,0,0,温和,勇敢,现实,普通,普通,46,艺术品,贪心,普通,其他,枪,16,34,71,69,52,0,0,0,0,0,1,0,1,0,1,2,4,2,3,2,1,无,拔突，丢钱，贿赂，大宴宾客,风雅之士,一般条件,,,已登场,伊藤惣十郎,当家,首领,伊藤屋,clan_itoo_1,清洲之町,无,已登场,伊藤惣十郎,当家,首领,伊藤屋,clan_itoo_1,清洲之町,无,已登场,伊藤惣十郎,当家,首领,伊藤屋,clan_itoo_1,清洲之町,无,已登场,伊藤惣十郎,当家,首领,伊藤屋,clan_itoo_1,清洲之町,无,已登场,伊藤惣十郎,当家,首领,伊藤屋,clan_itoo_1,清洲之町,无,已死亡,伊藤惣十郎,无效,无效,无,,无效,无,已登场,伊藤惣十郎,当家,首领,伊藤屋,清洲之町,无,已登场,伊藤惣十郎,当家,首领,伊藤屋,清洲之町,无,已登场,伊藤惣十郎,部将,直臣,十河家,广岛城,无,,"[{""stage"":"""",""tkid"":""97"",""ref"":""97"",""emotion"":0}]",,TAIKOU_bio_97,清洲的商人。為在尾張、美濃兩國都有店家的豪商。被織田信長任命為商賣司（商人之首），負責決定尾張、美濃兩地販賣唐織物和國產吳服的商人們所要負擔的稅額。
lord_tk5_98,98,98,,伊东义祐,伊東義祐,伊东,义祐,Ito Hoan,nankai,1,1512,1554,1585,病死,,,,,lord_tk5_96|lord_tk5_883,只限武将,71,71,普通,胆小,现实,轻率,普通,46,艺术品,贪心,普通,藤原氏,刀剑,58,46,51,56,50,1,0,0,0,0,0,0,0,0,1,0,0,0,2,0,1,无,强袭,无,一般条件,,,已登场,伊东义祐,大名,首领,伊东家,clan_ito_1,都于郡城,无,已登场,伊东义祐,大名,首领,伊东家,clan_ito_1,都于郡城,无,已登场,伊东义祐,大名,首领,伊东家,clan_ito_1,都于郡城,无,已登场,伊东义祐,大名,首领,伊东家,clan_ito_1,都于郡城,无,已登场,伊东义祐,浪人,其他,无,,今治之町,无,已死亡,伊东义祐,无效,无效,无,clan_ito_1,无效,无,已登场,伊东义祐,大名,首领,伊东家,都于郡城,无,已登场,伊东义祐,浪人,其他,无,今治之町,无,已登场,伊东义祐,家老,直臣,东乡家,盛冈城,无,,"[{""stage"":"""",""tkid"":""98"",""ref"":""98"",""emotion"":0}]",,TAIKOU_bio_98,日向的戰國大名。兄祐充死後，繼承家督之位。構築了伊東家最大的版圖，與島津氏再三相爭。在木崎原之戰中敗於島津軍，從此衰退。逃往日向，向豐後的大友宗麟求助，大友軍卻在耳川交戰時大敗，四處流浪最後在界去世。
lord_tk5_99,99,99,,伊奈忠次,,伊奈,忠次,Ina Tadatsugu,kanto,1,1550,1564,1610,病死,,,,,,全职种,88,88,性急,普通,现实,慎重,普通,20,书籍,无欲,滴酒不沾,源氏,刀剑,6,14,87,61,49,0,0,0,0,0,0,0,0,3,4,3,3,2,1,1,3,无,强袭，伤药，丢钱,名奉行,无要求,,,未登场,伊奈忠次,浪人,其他,无,,冈崎之町,无,已登场,伊奈忠次,浪人,其他,无,,冈崎之町,无,已登场,伊奈忠次,浪人,其他,无,,冈崎之町,无,已登场,伊奈忠次,足轻组头,陪臣（德川信康）,德川家,clan_tokugawa_2,冈崎城,无,已登场,伊奈忠次,足轻组头,直臣,德川家,clan_tokugawa_1,滨松城,无,已登场,伊奈忠次,部将,直臣,德川家,clan_tokugawa_1,江户城,无,未登场,伊奈忠次,浪人,其他,无,冈崎之町,无,已登场,伊奈忠次,足轻组头,直臣,德川家,滨松城,无,已登场,伊奈忠次,浪人,其他,无,江户之町,无,,"[{""stage"":"""",""tkid"":""99"",""ref"":""99"",""emotion"":0}]",,TAIKOU_bio_99,德川家臣。忠家之子。備前太守。做為家康的親信，在經營領地方面發揮了才能。製定被稱為「伊奈派」的徵稅法，實施「備前測量土地」，修建以「備前堀」為代表的水利工程，使關東一帶變得富饒，確立了德川幕府的經濟基礎。
lord_tk5_100,100,100,,稻富一梦,稻富一夢|稻富祐直,稻富,一梦,Inatomi Ichimu,kinai,1,1552,1566,1611,病死,,,,,,全职种,36,36,性急,勇敢,普通,轻率,普通,39,武具,无欲,普通,藤原氏,火绳枪,48,79,18,56,59,1,1,4,0,2,3,3,0,0,0,1,0,2,1,1,1,枪炮乱射，狙击，钓瓶击,强袭，连续斩，拔突，急所击，二挺击，刚弓，石火，乱射，刚力，铁壁，心眼,火枪高手,一般条件,,,未登场,稻富祐直,足轻组头,直臣,一色家,clan_issiki_1,宫津城,无,未登场,稻富祐直,足轻组头,直臣,一色家,clan_issiki_1,宫津城,无,已登场,稻富祐直,足轻组头,直臣,一色家,clan_issiki_1,宫津城,稻富流,已登场,稻富祐直,足轻组头,直臣,一色家,clan_issiki_1,宫津城,稻富流,已登场,稻富祐直,足轻组头,陪臣（细川藤孝）,织田家,clan_hosokawa_1,宫津城,稻富流,已登场,稻富一梦,部将,直臣,细川家,clan_hosokawa_1,宫津城,稻富流,未登场,稻富祐直,足轻组头,直臣,一色家,宫津城,无,已登场,稻富祐直,足轻大将,陪臣（细川忠兴）,羽柴家,宫津城,稻富流,已登场,稻富一梦,侍大将,直臣,一宫家,春日山城,稻富流,,"[{""stage"":"""",""tkid"":""100"",""ref"":""100"",""emotion"":0}]",,TAIKOU_bio_100,一色家臣。稻富流砲術的始祖。開始侍奉一色滿信，後由於主家滅亡，而歸屬細川忠興，擔任鐵砲的師範之職。之後，侍奉德川家，作為幕府的鐵砲專家為國友冶煉集團組織化而努力。
lord_tk5_101,101,101,,稻叶一铁,稻葉一鐵,稻叶,一铁,Inaba Ittetsu,tokai,1,1515,1554,1588,病死,,,,,lord_tk5_102,只限武将,2,2,性急,勇敢,普通,轻率,重视情义,67,武具,贪心,嗜酒如命,其他,枪,80,72,59,73,75,2,3,3,0,2,2,3,0,1,0,0,0,0,1,1,1,无,强袭，拔突，急所击，刚弓，铁壁,无,一般条件,,,已登场,稻叶一铁,城主,直臣,斋藤家,clan_inaba_1,曾根城,无,已登场,稻叶一铁,城主,直臣,斋藤家,clan_inaba_1,曾根城,无,已登场,稻叶一铁,城主,直臣,织田家,clan_inaba_1,曾根城,无,已登场,稻叶一铁,城主,直臣,织田家,clan_inaba_1,曾根城,无,已登场,稻叶一铁,城主,直臣,织田家,clan_inaba_1,曾根城,无,已死亡,稻叶一铁,无效,无效,无,clan_oda_3,无效,无,已登场,稻叶一铁,城主,直臣,斋藤家,曾根城,无,已登场,稻叶一铁,城主,直臣,羽柴家,曾根城,无,已登场,稻叶一铁,侍大将,直臣,一宫家,春日山城,无,,"[{""stage"":"""",""tkid"":""101"",""ref"":""101"",""emotion"":0}]",,TAIKOU_bio_101,齋藤家臣。美濃三人組之一。與氏家、安藤一起投降了織田家，齋藤氏滅亡有其責任。以後歸屬信長，在姊川之戰中，持槍衝入淺井軍中從而導致本方獲勝。其頑固的性格眾人所知。為「頑固者」一語的典故由來。
lord_tk5_102,102,102,,稻叶贞通,稻葉貞通,稻叶,贞通,Inaba Sadamichi,tokai,1,1546,1554,1603,病死,lord_tk5_101,,,,lord_tk5_101,只限武将,99,99,普通,胆小,现实,轻率,不重情义,34,书籍,普通,普通,其他,枪,42,53,49,50,52,0,1,1,0,0,1,0,0,0,0,0,0,0,2,1,0,无,拔突,无,无要求,,,已登场,稻叶贞通,足轻组头,陪臣（稻叶一铁）,斋藤家,clan_inaba_1,曾根城,无,已登场,稻叶贞通,足轻组头,陪臣（稻叶一铁）,斋藤家,clan_inaba_1,曾根城,无,已登场,稻叶贞通,足轻组头,陪臣（稻叶一铁）,织田家,clan_inaba_1,曾根城,无,已登场,稻叶贞通,足轻组头,陪臣（稻叶一铁）,织田家,clan_inaba_1,曾根城,无,已登场,稻叶贞通,足轻大将,陪臣（稻叶一铁）,织田家,clan_inaba_1,曾根城,无,已登场,稻叶贞通,城主,直臣,织田家,clan_oda_3,曾根城,无,未登场,稻叶贞通,足轻组头,陪臣（稻叶一铁）,斋藤家,曾根城,无,已登场,稻叶贞通,足轻大将,陪臣（稻叶一铁）,羽柴家,曾根城,无,已登场,稻叶贞通,浪人,其他,无,足利之町,无,,"[{""stage"":"""",""tkid"":""102"",""ref"":""102"",""emotion"":0}]",,TAIKOU_bio_102,織田家臣。後成為豐臣家臣。稻葉一鐵之嫡子。與其父一鐵侍奉織田信長而參戰。後其父讓位成為曾根城主。本能寺事變後侍奉豐臣秀吉，曾參加了伊勢和九州的戰鬥。在郡上八幡築建城池，被稱為羽柴郡上侍衛。
lord_tk5_103,103,103,,稻叶正成,稻葉正成,稻叶,正成,Inaba Masanari,saikai,1,1571,1585,1628,病死,,,,,,全职种,95,95,温和,胆小,理想,普通,普通,55,艺术品,普通,滴酒不沾,其他,枪,40,52,44,72,46,0,1,1,0,0,1,0,0,0,0,0,0,0,2,0,1,无,拔突,无,无要求,,,未登场,稻叶正成,足轻组头,陪臣（稻叶一铁）,斋藤家,clan_inaba_1,曾根城,无,未登场,稻叶正成,浪人,其他,无,,井之口之町,无,未登场,稻叶正成,浪人,其他,无,,岐阜之町,无,未登场,稻叶正成,足轻组头,陪臣（稻叶一铁）,织田家,clan_inaba_1,曾根城,无,未登场,稻叶正成,浪人,其他,无,,岐阜之町,无,已登场,稻叶正成,部将,直臣,小早川家,clan_kobayakawa_2,名岛城,无,未登场,稻叶正成,浪人,其他,无,井之口之町,无,未登场,稻叶正成,足轻组头,陪臣（稻叶一铁）,羽柴家,曾根城,无,已登场,稻叶正成,浪人,其他,无,鹿屋之町,无,,"[{""stage"":"""",""tkid"":""103"",""ref"":""103"",""emotion"":0}]",,TAIKOU_bio_103,小早川家家臣。後為德川家臣。稻葉一鐵的女婿。在關原合戰開初時所屬雖然是西軍，不過不久就和平岡賴勝一起成為了東軍的內應。反叛主君‧秀秋使東軍獲得了勝利。戰後離開秀秋改侍德川家。後妻‧福因身為德川家光的乳母而在後宮掌大權，被稱為春日局。
lord_tk5_104,104,104,,猪苗代盛国,豬苗代盛國,猪苗代,盛国,Inawashiro Morikuni,ou,1,1536,1554,1589,病死,,,,,,全职种,64,64,性急,勇敢,理想,轻率,不重情义,83,艺术品,贪心,嗜酒如命,平氏,刀剑,51,63,32,43,42,1,1,0,0,1,1,0,1,0,1,1,1,1,1,0,1,无,强袭,无,无要求,,,已登场,猪苗代盛国,侍大将,直臣,芦名家,clan_ashina_1,黑川城,无,已登场,猪苗代盛国,侍大将,直臣,芦名家,clan_ashina_1,黑川城,无,已登场,猪苗代盛国,侍大将,直臣,芦名家,clan_ashina_1,黑川城,无,已登场,猪苗代盛国,侍大将,直臣,芦名家,clan_ashina_1,黑川城,无,已登场,猪苗代盛国,侍大将,直臣,芦名家,clan_ashina_2,黑川城,无,已死亡,猪苗代盛国,无效,无效,无,,无效,无,已登场,猪苗代盛国,侍大将,直臣,芦名家,黑川城,无,已登场,猪苗代盛国,侍大将,直臣,芦名家,黑川城,无,已登场,猪苗代盛国,上忍,直臣,根来众,根来之里,无,,"[{""stage"":"""",""tkid"":""104"",""ref"":""104"",""emotion"":0}]",,TAIKOU_bio_104,蘆名家臣。會津蘆名家族的庶流。豬苗代城主。將家督之位讓與嫡子盛胤，後聽信妻子讒言企圖廢除嫡子的繼承權，於是圍繞豬苗代城發生了爭執。會津決戰前背主家而投伊達家，在摺上原之戰時充任伊達軍的先鋒。
lord_tk5_105,105,105,,猪子兵介,豬子兵介,猪子,兵介,Inoko Hyosuke,kinai,1,1530,1554,1582,病死,,,,,,全职种,10,0,温和,普通,普通,普通,重视情义,18,武具,无欲,普通,其他,枪,53,59,42,33,60,1,0,0,0,1,1,0,0,0,1,0,0,0,0,0,0,无,拔突,无,无要求,,,已登场,猪子兵介,足轻大将,直臣,斋藤家,clan_saitoo_1,稻叶山城,无,已登场,猪子兵介,足轻大将,直臣,织田家,clan_oda_1,清洲城,无,已登场,猪子兵介,足轻大将,直臣,织田家,clan_oda_1,岐阜城,无,已登场,猪子兵介,足轻大将,直臣,织田家,clan_oda_1,岐阜城,无,已登场,猪子兵介,足轻大将,直臣,织田家,clan_oda_1,安土城,无,已死亡,猪子兵介,无效,无效,无,,无效,无,已登场,猪子兵介,足轻大将,直臣,斋藤家,稻叶山城,无,已死亡,猪子兵介,无效,无效,无,无效,无,已登场,猪子兵介,上忍,直臣,根来众,根来之里,无,,"[{""stage"":"""",""tkid"":""105"",""ref"":""105"",""emotion"":0}]",,TAIKOU_bio_105,齋藤家的家臣。後來成為織田家家臣。名為高就。道三身旁的親近者。道三與信長在正德寺初次見面之際，隨侍在道三身旁，批評信長為「如傳言般是個愚者」。但當道三被其子‧義龍所弒後改侍織田家，參加了石山合戰、征討武田等戰役。本能寺之變時在織田信忠旗下，死於二條城
lord_tk5_106,106,106,,猪俣邦宪,豬俁邦憲|豬股邦憲,猪俣,邦宪,Inomata Kuninori,kanto,1,1549,1563,1590,战死,,,,,,全职种,41,41,普通,胆小,普通,轻率,普通,53,书籍,贪心,普通,其他,刀剑,25,46,12,70,34,0,1,0,0,1,1,2,0,1,0,1,1,2,3,0,1,无,强袭,无,无要求,,,未登场,猪俣邦宪,足轻大将,陪臣（北条氏邦）,北条家,clan_hojo_4,小田原城,无,已登场,猪俣邦宪,足轻组头,直臣,北条家,clan_hojo_1,小田原城,无,已登场,猪俣邦宪,足轻大将,陪臣（北条氏邦）,北条家,clan_hojo_4,馆林城,无,已登场,猪俣邦宪,足轻大将,陪臣（北条氏邦）,北条家,clan_hojo_4,馆林城,无,已登场,猪俣邦宪,足轻大将,陪臣（北条氏邦）,北条家,clan_hojo_4,馆林城,无,已死亡,猪俣邦宪,无效,无效,无,,无效,无,未登场,猪俣邦宪,足轻大将,陪臣（北条氏邦）,北条家,小田原城,无,已登场,猪俣邦宪,足轻大将,陪臣（北条氏邦）,北条家,箕轮城,无,已登场,猪俣邦宪,头目,首领,根来众,根来之里,无,,"[{""stage"":"""",""tkid"":""106"",""ref"":""106"",""emotion"":0}]",,TAIKOU_bio_106,北條家臣。侍奉缽形城主北條氏邦。曾做箕輪城代和沼田城代。任職期間，一意孤行地奪取了真田昌幸的支城名胡桃城，給本臣秀吉征伐小田原提供了藉口。主家滅亡後被處磔刑。
lord_tk5_107,107,107,,今井宗久,,今井,宗久,Imai Sokyu,kinai,1,1520,1555,1593,病死,,,,,lord_tk5_108,武将以外优先,0,0,温和,勇敢,普通,慎重,不重情义,77,南蛮物,贪心,普通,其他,枪,46,35,82,79,74,0,0,1,0,0,1,0,0,0,0,0,4,3,4,4,2,无,拔突，丢钱，贿赂，大宴宾客,茶宗,一般条件,,主角吕宋助左卫门，剧情流程,已登场,今井宗久,当家,首领,纳屋,clan_imai_1,堺之町,无,已登场,今井宗久,当家,首领,纳屋,clan_imai_1,堺之町,无,已登场,今井宗久,当家,首领,纳屋,clan_imai_1,堺之町,无,已登场,今井宗久,当家,首领,纳屋,clan_imai_1,堺之町,无,已登场,今井宗久,当家,首领,纳屋,clan_imai_1,堺之町,无,已死亡,今井宗久,无效,无效,无,clan_imai_1,无效,无,已登场,今井宗久,当家,首领,纳屋,堺之町,无,已登场,今井宗久,当家,首领,纳屋,堺之町,无,已登场,今井宗久,浪人,其他,无,松仓之町,无,,"[{""stage"":"""",""tkid"":""107"",""ref"":""107"",""emotion"":0}]",,TAIKOU_bio_107,界的巨商。茶師。在界從事槍砲生產和金融業。接近昇遷進京的織田信長，而獲得了權力。擔任與界國之間的調停人。還先後擔任信長、秀吉的茶頭，與千宗易、津田宗一起被稱為「天下三宗匠」。
lord_tk5_108,108,108,,今井宗薰,,今井,宗薰,Imai Sokun,kinai,1,1552,1566,1627,病死,lord_tk5_107,,,,lord_tk5_107,武将以外优先,90,90,普通,胆小,普通,轻率,普通,47,艺术品,贪心,普通,其他,枪,24,31,51,46,60,0,0,0,0,0,0,0,0,0,1,0,3,2,2,3,1,无,拔突，丢钱,无,无要求,,,未登场,今井宗薰,掌柜,直臣,纳屋,clan_imai_1,堺之町,无,未登场,今井宗薰,掌柜,直臣,纳屋,clan_imai_1,堺之町,无,已登场,今井宗薰,掌柜,直臣,纳屋,clan_imai_1,堺之町,无,已登场,今井宗薰,掌柜,直臣,纳屋,clan_imai_1,堺之町,无,已登场,今井宗薰,掌柜,直臣,纳屋,clan_imai_1,堺之町,无,已登场,今井宗薰,当家,首领,纳屋,clan_imai_1,堺之町,无,未登场,今井宗薰,掌柜,直臣,纳屋,堺之町,无,已登场,今井宗薰,掌柜,直臣,纳屋,堺之町,无,已登场,今井宗薰,浪人,其他,无,松江之町,无,,"[{""stage"":"""",""tkid"":""108"",""ref"":""108"",""emotion"":0}]",,TAIKOU_bio_108,界的商人。茶人。宗久之子。以茶頭的身份侍奉秀吉。秀吉去世後，因犯了禁止仲介大名家婚姻的罪，被逐出界。在關原合戰中所屬東軍有功，之後成為了德川幕府的旗本之一。
lord_tk5_109,109,109,,今川氏真,,今川,氏真,Imagawa Ujizane,kanto,1,1538,1554,1614,病死,lord_tk5_110,,lord_tk5_1184,,lord_tk5_110,全职种,79,78,温和,胆小,现实,慎重,不重情义,2,艺术品,贪心,嗜酒如命,源氏,刀剑,13,57,62,17,40,0,0,0,0,0,1,0,0,0,1,0,0,4,0,3,1,无,强袭,无,一般条件,,,已登场,今川氏真,家老,直臣,今川家,clan_imagawa_1,骏府城,新当流,已登场,今川氏真,家老,直臣,今川家,clan_imagawa_1,骏府城,新当流,已登场,今川氏真,大名,首领,今川家,clan_imagawa_1,曳马城,新当流,已登场,今川氏真,浪人,其他,无,,小田原之町,新当流,已登场,今川氏真,浪人,其他,无,,小田原之町,新当流,已登场,今川氏真,足轻组头,直臣,德川家,clan_tokugawa_1,江户城,新当流,已登场,今川氏真,部将,直臣,今川家,骏府城,新当流,已登场,今川氏真,浪人,其他,无,小田原之町,新当流,已登场,今川氏真,侍大将,直臣,河尻家,水户城,新当流,,"[{""stage"":"""",""tkid"":""109"",""ref"":""109"",""emotion"":0}]",,TAIKOU_bio_109,今川家第１０代家主。義元之嫡子。其父義元被織田信長討伐後，繼承家業。但又被德川家康、武田信玄佔領了領地。後被北條氏政、家康收留。終日迷戀踢球和唱歌，過著與戰事無緣的日子。
lord_tk5_110,110,110,,今川义元,今川義元,今川,义元,Imagawa Katsumoto,tokai,1,1519,1554,1560,战死,,,lord_tk5_1236,,lord_tk5_109,只限武将,48,48,温和,普通,理想,轻率,普通,72,艺术品,贪心,嗜酒如命,源氏,弓,90,24,87,76,79,4,2,1,1,4,1,3,0,2,3,4,1,4,2,3,1,弓箭乱射，进水,刚弓，神弓，天弓，心眼，鸣弦,弓术名人,不可,,主角织田信长，桶狭间之战胜利,已登场,今川义元,大名,首领,今川家,clan_imagawa_1,骏府城,无,已登场,今川义元,大名,首领,今川家,clan_imagawa_1,骏府城,无,已死亡,今川义元,无效,无效,无,clan_imagawa_1,无效,无,已死亡,今川义元,无效,无效,无,,无效,无,已死亡,今川义元,无效,无效,无,,无效,无,已死亡,今川义元,无效,无效,无,clan_tokugawa_1,无效,无,已登场,今川义元,大名,首领,今川家,骏府城,无,已死亡,今川义元,无效,无效,无,无效,无,已登场,今川义元,侍大将,直臣,河尻家,水户城,无,,"[{""stage"":"""",""tkid"":""110"",""ref"":""110"",""emotion"":0}]",,TAIKOU_bio_110,今川家第九代當主。本來進入佛門修行，但因兄長‧氏輝的死而還俗，結束繼承人之爭而取得家督之位。召太原雪齋為軍師，日後成為了日本首屈一指的「東海第一射手」的大大名。在上洛（上京）的途中，於桶狹間受到織田信長的奇襲而陣亡。
lord_tk5_111,111,111,,宇野藤右卫门,宇野藤右衛門,宇野,藤右卫门,Uno Fujiemon,kanto,1,1534,1554,1591,病死,,,,,lord_tk5_933,武将以外优先,82,82,温和,普通,普通,普通,普通,39,书籍,贪心,普通,其他,枪,17,23,51,61,54,0,0,0,1,0,0,0,1,1,1,1,3,1,2,1,4,无,拔突，伤药，止血，丢钱，大宴宾客,风雅之士,无要求,,,已登场,宇野藤右卫门,当家,首领,虎屋,clan_uno_1,小田原之町,无,已登场,宇野藤右卫门,当家,首领,虎屋,clan_uno_1,小田原之町,无,已登场,宇野藤右卫门,当家,首领,虎屋,clan_uno_1,小田原之町,无,已登场,宇野藤右卫门,当家,首领,虎屋,clan_uno_1,小田原之町,无,已登场,宇野藤右卫门,当家,首领,虎屋,clan_uno_1,小田原之町,无,已死亡,宇野藤右卫门,无效,无效,无,,无效,无,已登场,宇野藤右卫门,当家,首领,虎屋,小田原之町,无,已登场,宇野藤右卫门,当家,首领,虎屋,小田原之町,无,已登场,宇野藤右卫门,浪人,其他,无,油津之町,无,,"[{""stage"":"""",""tkid"":""111"",""ref"":""111"",""emotion"":0}]",,TAIKOU_bio_111,小田原的藥商人。宇野家是侍奉元朝的醫師‧陳宗敬的後裔。起初在京都進行名為「外郎」的藥丸的製造與販賣，後來被北條家邀請到小田原，成為北條家的御用商人。
lord_tk5_112,112,112,,色部胜长,色部勝長,色部,胜长,Irobe Katsunaga,hokuriku,1,1493,1554,1568,病死,,,,,lord_tk5_113|lord_tk5_901,全职种,15,15,性急,勇敢,普通,轻率,普通,40,武具,普通,普通,平氏,刀剑,69,72,31,37,41,3,2,1,0,1,1,2,0,1,0,1,1,1,1,1,0,无,强袭,无,一般条件,,,已登场,色部胜长,部将,直臣,长尾家,clan_irobe_1,春日山城,无,已登场,色部胜长,家老,直臣,长尾家,clan_irobe_1,春日山城,无,已登场,色部胜长,部将,直臣,上杉家,clan_irobe_1,春日山城,无,已死亡,色部胜长,无效,无效,无,clan_uesugi_1,无效,无,已死亡,色部胜长,无效,无效,无,clan_uesugi_2,无效,无,已死亡,色部胜长,无效,无效,无,,无效,无,已登场,色部胜长,部将,直臣,长尾家,春日山城,无,已死亡,色部胜长,无效,无效,无,无效,无,已登场,色部胜长,浪人,其他,无,长滨之町,无,,"[{""stage"":"""",""tkid"":""112"",""ref"":""112"",""emotion"":0}]",,TAIKOU_bio_112,上杉家臣。憲長之子。平林城主。上條叛亂之後隸屬謙信之父長尾為景。轉仕謙信之後亦屢立戰功，為川中島之戰做出貢獻，被授以「染血獎狀」。本庄繁長叛亂，在圍攻繁長居城本庄城時病死。
lord_tk5_113,113,113,,色部长实,色部長實,色部,长实,Irobe Nagazane,hokuriku,1,1553,1567,1592,病死,lord_tk5_112,,,,lord_tk5_112|lord_tk5_901,全职种,15,15,普通,普通,普通,普通,普通,27,书籍,普通,普通,平氏,刀剑,44,51,40,46,53,2,1,1,0,0,0,1,0,1,0,0,0,1,1,0,0,无,强袭,无,无要求,,,未登场,色部长实,足轻组头,陪臣（色部胜长）,长尾家,clan_irobe_1,春日山城,无,未登场,色部长实,足轻组头,陪臣（色部胜长）,长尾家,clan_irobe_1,春日山城,无,已登场,色部长实,足轻组头,直臣,上杉家,clan_uesugi_1,春日山城,无,已登场,色部长实,足轻组头,直臣,上杉家,clan_uesugi_1,春日山城,无,已登场,色部长实,足轻大将,直臣,上杉家,clan_uesugi_2,春日山城,无,已死亡,色部长实,无效,无效,无,,无效,无,未登场,色部长实,足轻组头,直臣,长尾家,春日山城,无,已登场,色部长实,足轻大将,直臣,上杉家,春日山城,无,已登场,色部长实,浪人,其他,无,长滨之町,无,,"[{""stage"":"""",""tkid"":""113"",""ref"":""113"",""emotion"":0}]",,TAIKOU_bio_113,上杉家臣。平林城主，勝長之子。顯長之弟。初名總七郎，後為兄長顯長贈名長實。顯長隱居後繼承家督之位，御館之亂時依附於上杉景勝。景勝臣服秀吉後，積極參與鎮壓叛亂。
lord_tk5_114,114,114,,岩成友通,巖成友通,岩成,友通,Iwanari Tomomichi,nankai,1,1519,1554,1573,战死,,,,,,全职种,50,50,性急,勇敢,理想,轻率,普通,65,武具,贪心,普通,源氏,刀剑,45,44,49,53,36,1,1,1,0,0,1,1,0,0,0,0,1,0,0,0,1,无,强袭,无,无要求,,,已登场,岩成友通,家老,直臣,三好家,clan_miyoshi_1,饭盛城,无,已登场,岩成友通,家老,直臣,三好家,clan_miyoshi_1,饭盛城,无,已登场,岩成友通,家老,直臣,三好家,clan_miyoshi_4,胜瑞城,无,已死亡,岩成友通,无效,无效,无,,无效,无,已死亡,岩成友通,无效,无效,无,,无效,无,已死亡,岩成友通,无效,无效,无,,无效,无,已登场,岩成友通,部将,陪臣（三好长庆）,细川家,芥川城,无,已死亡,岩成友通,无效,无效,无,无效,无,已登场,岩成友通,浪人,其他,无,杂贺之町,无,,"[{""stage"":"""",""tkid"":""114"",""ref"":""114"",""emotion"":0}]",,TAIKOU_bio_114,三好家臣。三好三人眾之一。侍奉長慶、義繼，享受三好一族的待遇。跟隨義繼與田山高政、松永久秀戰鬥。以後投降了織田信長，因響應將軍足利義昭起義，被細川藤孝軍隊攻擊，失敗而亡。
lord_tk5_115,115,115,,犬童赖安,犬童賴安,犬童,赖安,Indo Yoriyasu,saikai,1,1521,1554,1606,病死,,,,,,只限武将,51,51,普通,普通,普通,普通,普通,46,武具,无欲,滴酒不沾,藤原氏,刀剑,76,68,43,60,44,2,0,1,1,1,1,1,0,0,0,1,1,3,1,2,1,无,强袭,无,无要求,,,已登场,犬童赖安,部将,直臣,相良家,clan_sagara_1,人吉城,无,已登场,犬童赖安,部将,直臣,相良家,clan_sagara_2,人吉城,无,已登场,犬童赖安,部将,直臣,相良家,clan_sagara_2,人吉城,无,已登场,犬童赖安,部将,直臣,相良家,clan_sagara_2,人吉城,无,已登场,犬童赖安,部将,直臣,相良家,clan_sagara_2,人吉城,无,已登场,犬童赖安,家老,直臣,相良家,clan_sagara_2,人吉城,无,已登场,犬童赖安,部将,直臣,相良家,人吉城,无,已登场,犬童赖安,家老,直臣,相良家,人吉城,无,已登场,犬童赖安,头目,首领,透波众,透波之里,无,,"[{""stage"":"""",""tkid"":""115"",""ref"":""115"",""emotion"":0}]",,TAIKOU_bio_115,相良家臣。綽號軍七。武藝高強，在各次戰役中均表現活躍。即使是在被島津氏包圍水俁城時，也能在如此困境之中與敵將新納忠元對和歌。主公義陽死後，與深水長智共同輔佐幼主賴房。
lord_tk5_116,116,116,,上杉景胜,上杉景勝,上杉,景胜,Uesugi Kagekatsu,ou,1,1555,1569,1623,病死,lord_tk5_528,,lord_tk5_1183,,lord_tk5_528,只限武将,11,15,性急,勇敢,理想,慎重,重视情义,90,书籍,无欲,滴酒不沾,藤原氏,刀剑,81,71,82,66,83,2,2,2,1,2,1,4,0,2,2,3,2,1,1,2,1,车悬，毘沙门天,强袭，刚弓,无,一般条件,,,未登场,上杉景胜,侍大将,陪臣（长尾政景）,长尾家,clan_uesugi_2,春日山城,无,未登场,上杉景胜,部将,直臣,长尾家,clan_uesugi_1,春日山城,无,未登场,上杉景胜,部将,直臣,上杉家,clan_uesugi_1,春日山城,无,已登场,上杉景胜,部将,直臣,上杉家,clan_uesugi_1,春日山城,无,已登场,上杉景胜,大名,首领,上杉家,clan_uesugi_2,春日山城,无,已登场,上杉景胜,大名,首领,上杉家,clan_uesugi_2,会津若松城,无,未登场,上杉景胜,部将,直臣,长尾家,春日山城,无,已登场,上杉景胜,大名,首领,上杉家,春日山城,无,已登场,上杉景胜,家老,直臣,上泉家,内城,无,,"[{""stage"":"""",""tkid"":""116"",""ref"":""116"",""emotion"":0}]",,TAIKOU_bio_116,越後米澤藩主。長尾政景次子。母為謙信之姐。成為叔父上杉謙信之義子。謙信死後，與另一義子景虎相爭。御館之亂中取勝景虎，繼承家督。本能寺事變後與秀吉結盟，行臣下之禮。
lord_tk5_117,117,117,,上杉景虎,北条三郎|北條氏秀|北條三郎,上杉,景虎,Uesugi Mitsuyasu,hokuriku,1,1552,1568,1579,战死,lord_tk5_630,,,北条氏纲,lord_tk5_624|lord_tk5_625|lord_tk5_626|lord_tk5_627|lord_tk5_628|lord_tk5_629|lord_tk5_630,全职种,15,80,普通,普通,普通,轻率,普通,74,艺术品,普通,普通,平氏,刀剑,64,63,51,67,53,1,2,1,0,1,1,2,0,0,0,1,2,0,1,1,0,狮子奋迅,强袭,无,一般条件,,,未登场,北条三郎,侍大将,直臣,北条家,clan_hojo_1,小田原城,无,未登场,北条三郎,部将,直臣,北条家,clan_hojo_1,小田原城,无,已登场,北条三郎,部将,直臣,北条家,clan_hojo_1,小田原城,无,已登场,上杉景虎,部将,直臣,上杉家,clan_uesugi_1,春日山城,无,已死亡,上杉景虎,无效,无效,无,clan_hojo_2,无效,无,已死亡,上杉景虎,无效,无效,无,clan_kinoshita_1,无效,无,未登场,北条三郎,部将,直臣,北条家,小田原城,无,已死亡,上杉景虎,无效,无效,无,无效,无,已登场,上杉景虎,中忍,直臣,伊贺众,伊贺之里,无,,"[{""stage"":"""",""tkid"":""117"",""ref"":""117"",""emotion"":0}]",,TAIKOU_bio_117,北條氏康之七子。初名為氏秀。起初為武田信玄的人質，回國後被送至越後，成為上杉謙信的義子，名景虎。謙信故後家中分裂，爆發了被稱為「御館之亂」的家族暴動。在與上杉景勝的爭鬥中落敗，自殺。
lord_tk5_118,118,118,,上杉景信,长尾景信|長尾景信,上杉,景信,Uesugi Yoshiaki,hokuriku,1,1527,1554,1578,病死,,,,,,只限武将,14,14,普通,普通,普通,慎重,普通,25,书籍,无欲,普通,藤原氏,刀剑,60,33,66,61,57,1,1,1,0,0,1,1,0,1,2,2,1,0,0,0,1,无,强袭,无,无要求,,,已登场,长尾景信,部将,直臣,长尾家,clan_uesugi_1,春日山城,无,已登场,长尾景信,部将,直臣,长尾家,clan_uesugi_1,春日山城,无,已登场,上杉景信,部将,直臣,上杉家,clan_uesugi_1,春日山城,无,已登场,上杉景信,部将,直臣,上杉家,clan_uesugi_1,春日山城,无,已死亡,上杉景信,无效,无效,无,,无效,无,已死亡,上杉景信,无效,无效,无,,无效,无,已登场,上杉景信,部将,直臣,长尾家,春日山城,无,已死亡,上杉景信,无效,无效,无,无效,无,已登场,上杉景信,家老,直臣,上泉家,内城,无,,"[{""stage"":"""",""tkid"":""118"",""ref"":""118"",""emotion"":0}]",,TAIKOU_bio_118,上杉家臣。同族派首領。越後栖吉城主。原名古志長尾，主公謙信就任關東總管時，一起改姓上杉。做為同族派首領轉戰各地，御館之亂時助上杉景虎一方，在與景勝派戰鬥中戰死。
lord_tk5_119,119,119,,上杉谦信,上杉謙信|长尾景虎|長尾景虎,上杉,谦信,Uesugi Kenshin,hokuriku,1,1530,1554,1578,病死,,,,,,只限武将,15,15,性急,勇敢,理想,轻率,重视情义,89,武具,无欲,普通,藤原氏,刀剑,100,90,63,79,92,4,4,2,1,2,4,4,1,2,3,4,2,4,2,2,2,强行突破，车悬，城门爆破，毘沙门天,强袭，连续斩，拔突，刚弓，当身，刚力，铁壁,剑客，军师,不可,,"主角上杉景胜，御馆之乱
    主角柴田胜家，手取川之战胜利",已登场,长尾景虎,大名,首领,长尾家,clan_uesugi_1,春日山城,无,已登场,长尾景虎,大名,首领,长尾家,clan_uesugi_1,春日山城,无,已登场,上杉谦信,大名,首领,上杉家,clan_uesugi_1,春日山城,无,已登场,上杉谦信,大名,首领,上杉家,clan_uesugi_1,春日山城,无,已死亡,上杉谦信,无效,无效,无,,无效,无,已死亡,上杉谦信,无效,无效,无,,无效,无,已登场,长尾景虎,大名,首领,长尾家,春日山城,无,已死亡,上杉谦信,无效,无效,无,无效,无,已登场,上杉谦信,家老,直臣,上泉家,内城,无,,"[{""stage"":"""",""tkid"":""119"",""ref"":""119"",""emotion"":0}]",军神上杉谦信：毘沙门天化身，凛然冷峭、不怒自威，义理至上、扶弱抑强，戒酒不果的酒豪。笑极罕（难得莞尔），怒则冰霜威压低喝，悲为肃穆沉默，惊为矜持微讶拂袍。,TAIKOU_bio_119,越後戰國大名，長尾為景次子。戰國最強，威震遐邇的越後之龍。一生出戰三十餘陣，均為忠義之戰。信仰心強烈，喜歡使用取自毘沙門天的「毘」字軍旗，其馳騁戰場的雄姿，被尊為軍神。
lord_tk5_120,120,120,,神屋宗湛,,神屋,宗湛,Kamiya Sotan,saikai,1,1553,1565,1635,病死,lord_tk5_845,,,,lord_tk5_845,武将以外优先,1,1,温和,勇敢,普通,轻率,普通,72,南蛮物,贪心,普通,其他,枪,31,26,67,77,68,0,0,0,1,1,0,0,1,3,2,3,4,2,2,4,2,无,拔突，丢钱，贿赂,风雅之士,无要求,,,未登场,神屋宗湛,浪人,其他,无,clan_kamiya_1,博多之町,无,未登场,神屋宗湛,掌柜,直臣,神屋,clan_kamiya_1,博多之町,无,已登场,神屋宗湛,当家,首领,神屋,clan_kamiya_1,博多之町,无,已登场,神屋宗湛,当家,首领,神屋,clan_kamiya_1,博多之町,无,已登场,神屋宗湛,当家,首领,神屋,clan_kamiya_1,博多之町,无,已登场,神屋宗湛,当家,首领,神屋,clan_kamiya_1,博多之町,无,未登场,神屋宗湛,掌柜,直臣,神屋,博多之町,无,已登场,神屋宗湛,当家,首领,神屋,博多之町,无,已登场,神屋宗湛,浪人,其他,无,甲府之町,无,,"[{""stage"":"""",""tkid"":""120"",""ref"":""120"",""emotion"":0}]",,TAIKOU_bio_120,博多的豪商。茶人。在豐臣秀吉的慧眼識才之下，使其以特權商人的身份成為巨富。據說他在秀吉進行九州征伐和朝鮮出兵時包辦了輸送及兵站物資。與島井宗室等人對於博多的振興多有貢獻。秀吉去世後，勢力也隨之衰退。
lord_tk5_121,121,121,,坂田源右卫门,阪田源右衛門|坂田源右衛門,坂田,源右卫门,Sakata Genemon,tosan,1,1511,1554,1580,病死,,,,,,武将以外优先,80,80,性急,普通,现实,轻率,不重情义,40,艺术品,贪心,嗜酒如命,其他,枪,16,23,45,54,34,0,0,0,0,0,0,1,0,0,0,3,3,2,2,1,0,无,拔突，丢钱，大宴宾客,风雅之士,无要求,,,已登场,坂田源右卫门,当家,首领,坂田屋,clan_sakata_1,甲府之町,无,已登场,坂田源右卫门,当家,首领,坂田屋,clan_sakata_1,甲府之町,无,已登场,坂田源右卫门,当家,首领,坂田屋,clan_sakata_1,甲府之町,无,已登场,坂田源右卫门,当家,首领,坂田屋,clan_sakata_1,甲府之町,无,已死亡,坂田源右卫门,无效,无效,无,,无效,无,已死亡,坂田源右卫门,无效,无效,无,,无效,无,已登场,坂田源右卫门,当家,首领,坂田屋,甲府之町,无,已死亡,坂田源右卫门,无效,无效,无,无效,无,已登场,坂田源右卫门,浪人,其他,无,松仓之町,无,,"[{""stage"":"""",""tkid"":""121"",""ref"":""121"",""emotion"":0}]",,TAIKOU_bio_121,甲斐的商人。起初被稱為阪內与市郎。雖然是伊勢的出身，卻以浪人的身份居住在甲府。由於武田信玄的識才，拔擢此人成為御用商人。販賣山區國家無法產出的海產物以及吳服，獲得了大筆財富。
lord_tk5_122,122,122,,鹈饲孙六,鵜飼孫六,鹈饲,孙六,Ukai Magoroku,kinai,1,1530,1554,1589,病死,,,,,,武将以外优先,86,88,普通,勇敢,现实,轻率,重视情义,44,武具,无欲,普通,其他,苦无,65,71,33,59,46,3,2,2,1,2,2,2,3,0,0,0,0,0,2,0,2,奈落之术，雷爆之术,强袭，拔突，二连苦无，半月，刚弓，毒苦无，十字投，叠返之术，铁壁,无,无要求,,,已登场,鹈饲孙六,中忍,直臣,甲贺众,clan_tarou_1,甲贺之里,无,已登场,鹈饲孙六,中忍,直臣,甲贺众,clan_tarou_1,甲贺之里,无,已登场,鹈饲孙六,中忍,直臣,甲贺众,clan_tarou_1,甲贺之里,无,已登场,鹈饲孙六,中忍,直臣,甲贺众,clan_tarou_1,甲贺之里,无,已登场,鹈饲孙六,中忍,直臣,甲贺众,clan_tarou_1,甲贺之里,无,已死亡,鹈饲孙六,无效,无效,无,,无效,无,已登场,鹈饲孙六,中忍,直臣,甲贺众,甲贺之里,无,已登场,鹈饲孙六,中忍,直臣,甲贺众,甲贺之里,无,已登场,鹈饲孙六,部将,直臣,六角家,大坂城,无,,"[{""stage"":"""",""tkid"":""122"",""ref"":""122"",""emotion"":0}]",,TAIKOU_bio_122,甲賀忍者。受到松平元康（日後的德川家康）的委託，潛入當時今川家家臣‧鵜殿長照閉城固守的三河上鄉城。率領二百名甲賀忍者擾亂城內，把上鄉城攻陷了。
lord_tk5_123,123,123,,宇喜多忠家,,宇喜多,忠家,Ukita Tadaie,sanyo,1,1536,1554,1609,病死,宇喜多兴家,,,,lord_tk5_124|lord_tk5_125|lord_tk5_336,全职种,15,15,温和,普通,现实,慎重,普通,23,书籍,普通,普通,其他,刀剑,71,54,63,69,64,1,0,1,0,1,1,1,0,2,1,1,2,1,1,2,2,无,强袭,无,无要求,,,已登场,宇喜多忠家,侍大将,陪臣（宇喜多直家）,浦上家,clan_ukita_2,天神山城,无,已登场,宇喜多忠家,侍大将,陪臣（宇喜多直家）,浦上家,clan_ukita_2,天神山城,无,已登场,宇喜多忠家,侍大将,陪臣（宇喜多直家）,浦上家,clan_ukita_2,天神山城,无,已登场,宇喜多忠家,侍大将,陪臣（宇喜多直家）,浦上家,clan_ukita_2,冈山城,无,已登场,宇喜多忠家,家老,直臣,宇喜多家,clan_ukita_2,冈山城,无,已登场,宇喜多忠家,家老,直臣,宇喜多家,clan_ukita_1,冈山城,无,未登场,宇喜多忠家,侍大将,陪臣（宇喜多直家）,浦上家,天神山城,无,已登场,宇喜多忠家,家老,直臣,宇喜多家,冈山城,无,已登场,宇喜多忠家,浪人,其他,无,松江之町,无,,"[{""stage"":"""",""tkid"":""123"",""ref"":""123"",""emotion"":0}]",,TAIKOU_bio_123,宇喜多家臣。興家之子。直家的異母兄弟。作為其兄直家的參謀而轉戰各地，為其創業作出了巨大貢獻。直家死後，成為年幼的侄子秀家的監護人，輔佐其政務，以安定宇喜多家。
lord_tk5_124,124,124,,宇喜多直家,,宇喜多,直家,Ukita Naoie,sanyo,1,1529,1554,1581,病死,宇喜多兴家,,,,lord_tk5_123|lord_tk5_125|lord_tk5_336,只限武将,15,15,普通,普通,现实,慎重,不重情义,96,艺术品,贪心,普通,其他,刀剑,86,61,78,97,88,2,3,2,2,2,1,3,3,2,1,1,3,1,4,1,2,鬼谋，威吓，刺杀,强袭，二连苦无，半月，刚弓，丢钱,策士，雄辩,一般条件,宇喜多三老 冈家利/长船贞亲/户川秀安,,已登场,宇喜多直家,家老,直臣,浦上家,clan_ukita_1,天神山城,无,已登场,宇喜多直家,家老,直臣,浦上家,clan_ukita_1,天神山城,无,已登场,宇喜多直家,家老,直臣,浦上家,clan_ukita_1,天神山城,无,已登场,宇喜多直家,国主,直臣,浦上家,clan_ukita_1,冈山城,无,已死亡,宇喜多直家,无效,无效,无,clan_ukita_1,无效,无,已死亡,宇喜多直家,无效,无效,无,clan_ukita_1,无效,无,已登场,宇喜多直家,家老,直臣,浦上家,天神山城,无,已死亡,宇喜多直家,无效,无效,无,无效,无,已登场,宇喜多直家,浪人,其他,无,金泽之町,无,,"[{""stage"":"""",""tkid"":""124"",""ref"":""124"",""emotion"":0}]",,TAIKOU_bio_124,浦上家臣。乙子城主後為備前美作的大名。運用權術將與其為敵之人逐個鏟除，構築了家中最大的版圖。最終將主公浦上宗景驅逐，統領備前美作。是戰國屈指可數的謀略家。
lord_tk5_125,125,125,,宇喜多秀家,,宇喜多,秀家,Ukita Hideie,sanyo,1,1572,1586,1655,病死,lord_tk5_124,,lord_tk5_1192,宇喜多兴家,lord_tk5_123|lord_tk5_124|lord_tk5_336,全职种,12,12,性急,勇敢,理想,轻率,普通,89,南蛮物,贪心,嗜酒如命,其他,刀剑,79,60,52,45,60,3,2,2,0,2,1,1,1,2,1,1,1,2,1,2,1,无,强袭，刚弓,无,一般条件,,,未登场,宇喜多秀家,足轻组头,陪臣（宇喜多直家）,浦上家,clan_ukita_1,天神山城,无,未登场,宇喜多秀家,足轻组头,陪臣（宇喜多直家）,浦上家,clan_ukita_1,天神山城,无,未登场,宇喜多秀家,足轻组头,陪臣（宇喜多直家）,浦上家,clan_ukita_1,天神山城,无,未登场,宇喜多秀家,足轻组头,陪臣（宇喜多直家）,浦上家,clan_ukita_1,冈山城,无,已登场,宇喜多秀家,大名,首领,宇喜多家,clan_ukita_1,冈山城,无,已登场,宇喜多秀家,大名,首领,宇喜多家,clan_ukita_1,冈山城,无,未登场,宇喜多秀家,足轻组头,陪臣（宇喜多直家）,浦上家,天神山城,无,已登场,宇喜多秀家,大名,首领,宇喜多家,冈山城,无,已登场,宇喜多秀家,浪人,其他,无,岐阜之町,无,,"[{""stage"":"""",""tkid"":""125"",""ref"":""125"",""emotion"":0}]",,TAIKOU_bio_125,備前美作的戰國大名。直家的次子。其父直家死後，繼承其領地。從高松之戰開始，加盟秀吉軍隊，並深得寵愛。秀吉曾從自己名字中取一字贈與之，娶秀吉的義女前田利家之女豪為妻，最終成為五大老之一。
lord_tk5_126,126,126,,宇久纯定,宇久純定,宇久,纯定,Uku Sumisada,saikai,1,1502,1555,1576,病死,,,,,lord_tk5_127|lord_tk5_857,全职种,15,15,性急,勇敢,普通,轻率,普通,49,南蛮物,贪心,嗜酒如命,源氏,刀剑,71,67,54,56,76,1,2,3,4,2,2,1,2,2,0,0,0,0,1,0,0,齐射，进水,强袭，拔突，二连苦无，急所击，刚弓，铁壁,无,一般条件,,,已登场,宇久纯定,头领,首领,五岛水军,clan_uku_1,江川之砦,无,已登场,宇久纯定,头领,首领,五岛水军,clan_uku_1,江川之砦,无,已登场,宇久纯定,头领,首领,五岛水军,clan_uku_1,江川之砦,无,已登场,宇久纯定,头领,首领,五岛水军,clan_uku_1,江川之砦,无,已死亡,宇久纯定,无效,无效,无,clan_uku_2,无效,无,已死亡,宇久纯定,无效,无效,无,clan_uku_1,无效,无,已登场,宇久纯定,头领,首领,五岛水军,江川之砦,无,已死亡,宇久纯定,无效,无效,无,无效,无,已登场,宇久纯定,浪人,其他,无,鸟取之町,无,,"[{""stage"":"""",""tkid"":""126"",""ref"":""126"",""emotion"":0}]",,TAIKOU_bio_126,肥前的豪族。以宇久島為本據地。召來葡萄牙的傳教士阿爾梅達與羅廉索，對島民宣傳基督教的教義，並且出資援助教堂的興建和傳教活動。其孫‧純玄是日後福江藩主五島家之祖。
lord_tk5_127,127,127,,宇久纯玄,宇久純玄,宇久,纯玄,Uku Sungen,saikai,1,1562,1576,1594,病死,,,,lord_tk5_126,lord_tk5_126|lord_tk5_857,全职种,15,15,性急,勇敢,现实,轻率,普通,55,南蛮物,贪心,嗜酒如命,源氏,刀剑,64,68,49,56,74,1,2,3,3,3,2,1,1,2,0,0,0,0,1,0,0,焙烙,强袭，拔突，急所击，刚弓，铁壁,无,无要求,,,未登场,宇久纯玄,船头,直臣,五岛水军,clan_uku_1,江川之砦,无,未登场,宇久纯玄,船头,直臣,五岛水军,clan_uku_1,江川之砦,无,未登场,宇久纯玄,船头,直臣,五岛水军,clan_uku_1,江川之砦,无,未登场,宇久纯玄,船头,直臣,五岛水军,clan_uku_1,江川之砦,无,已登场,宇久纯玄,头领,首领,五岛水军,clan_uku_2,江川之砦,无,已死亡,宇久纯玄,无效,无效,无,clan_uku_1,无效,无,未登场,宇久纯玄,船头,直臣,五岛水军,江川之砦,无,已登场,宇久纯玄,头领,首领,五岛水军,江川之砦,无,已登场,宇久纯玄,浪人,其他,无,厩桥之町,无,,"[{""stage"":"""",""tkid"":""127"",""ref"":""127"",""emotion"":0}]",,TAIKOU_bio_127,福江藩初代藩主。宇久純定之孫。被豐臣秀吉任命為五島列島全域的支配者，因此姓氏更改為「五島」。在秀吉朝鮮出兵時帶領水軍參戰，隸屬小西行長旗下擔任先鋒。之後因覲見德川家康而確保了自己的領地。
lord_tk5_128,128,128,,宇佐美定满,宇佐美定滿,宇佐美,定满,Usami Sadamitsu,hokuriku,1,1490,1554,1564,战死,,,,,,全职种,16,16,温和,普通,普通,慎重,不重情义,29,书籍,普通,嗜酒如命,藤原氏,刀剑,85,71,61,87,84,3,3,1,0,1,0,4,1,2,1,1,2,2,3,1,3,车悬，毘沙门天,强袭，伤药,军师,一般条件,,,已登场,宇佐美定满,家老,直臣,长尾家,clan_usami_1,春日山城,无,已登场,宇佐美定满,部将,直臣,长尾家,clan_usami_1,春日山城,无,已死亡,宇佐美定满,无效,无效,无,,无效,无,已死亡,宇佐美定满,无效,无效,无,,无效,无,已死亡,宇佐美定满,无效,无效,无,,无效,无,已死亡,宇佐美定满,无效,无效,无,,无效,无,已登场,宇佐美定满,部将,直臣,长尾家,春日山城,无,已死亡,宇佐美定满,无效,无效,无,无效,无,已登场,宇佐美定满,下忍,直臣,外闻众,外闻之里,无,,"[{""stage"":"""",""tkid"":""128"",""ref"":""128"",""emotion"":0}]",,TAIKOU_bio_128,上杉家臣。被譽為越後派兵法之祖。上條定憲叛亂時，屬上條一方，定憲死後，歸屬長尾為景。積極參加謙信的國政活動，在與長尾政景乘船遊玩時，翻船溺死。
lord_tk5_129,129,129,,氏家卜全,,氏家,卜全,Ujiie Suehisa,tokai,1,1517,1554,1571,战死,,,,,lord_tk5_132,全职种,10,30,普通,胆小,普通,轻率,不重情义,56,艺术品,普通,普通,藤原氏,刀剑,65,58,52,47,55,1,2,1,0,0,0,2,0,0,0,1,0,2,1,0,0,无,强袭,无,一般条件,,,已登场,氏家卜全,部将,直臣,斋藤家,clan_ujiie_1,稻叶山城,无,已登场,氏家卜全,部将,陪臣（稻叶一铁）,斋藤家,clan_inaba_1,曾根城,无,已登场,氏家卜全,部将,陪臣（稻叶一铁）,织田家,clan_inaba_1,曾根城,无,已死亡,氏家卜全,无效,无效,无,clan_inaba_1,无效,无,已死亡,氏家卜全,无效,无效,无,clan_inaba_1,无效,无,已死亡,氏家卜全,无效,无效,无,clan_kinoshita_1,无效,无,已登场,氏家卜全,部将,陪臣（稻叶一铁）,斋藤家,曾根城,无,已死亡,氏家卜全,无效,无效,无,无效,无,已登场,氏家卜全,浪人,其他,无,京之町,无,,"[{""stage"":"""",""tkid"":""129"",""ref"":""129"",""emotion"":0}]",,TAIKOU_bio_129,齋藤家臣。美濃三人組之一。與稻葉、安藤投降織田家，齋藤家滅亡。在伊勢平亂中戰功顯赫，在長島一向討伐中跟隨柴田勝家出戰，當織田軍撤退時代替負傷的勝家指揮作戰，直至戰死。
lord_tk5_130,130,130,,氏家光氏,,氏家,光氏,Ujiie Mitsumoto,ou,1,1565,1579,1623,病死,,,,,,全职种,50,50,普通,胆小,普通,轻率,普通,49,书籍,普通,普通,藤原氏,刀剑,66,54,27,53,41,2,1,1,0,1,1,2,0,1,0,0,0,0,2,0,0,无,强袭,无,无要求,,,未登场,氏家光氏,足轻组头,陪臣（氏家守栋）,最上家,clan_ujiie_2,山形城,无,未登场,氏家光氏,足轻组头,直臣,最上家,clan_mogami_1,山形城,无,未登场,氏家光氏,足轻组头,直臣,最上家,clan_mogami_1,山形城,无,未登场,氏家光氏,足轻组头,直臣,最上家,clan_mogami_2,山形城,无,已登场,氏家光氏,足轻组头,直臣,最上家,clan_mogami_2,山形城,无,已登场,氏家光氏,部将,直臣,最上家,clan_mogami_2,山形城,无,未登场,氏家光氏,足轻组头,直臣,最上家,山形城,无,已登场,氏家光氏,足轻组头,直臣,最上家,山形城,无,已登场,氏家光氏,浪人,其他,无,鸣门之町,无,,"[{""stage"":"""",""tkid"":""130"",""ref"":""130"",""emotion"":0}]",,TAIKOU_bio_130,最上家臣。成澤城主。成澤忠道之子。出身成澤家，繼承氏家守棟而成為元老。在和上杉軍之戰中，聲東擊西。家主從義光開始將其當作自家人並擔當領地重要職務。
lord_tk5_131,131,131,,氏家守栋,氏家守棟,氏家,守栋,Ujiie Morimune,ou,1,1534,1554,1591,病死,,,,,,全职种,50,50,普通,胆小,普通,普通,不重情义,82,武具,贪心,普通,藤原氏,刀剑,50,52,60,80,77,1,1,1,0,0,0,3,0,0,0,0,1,2,3,1,1,无,强袭,无,无要求,,,已登场,氏家守栋,侍大将,直臣,最上家,clan_ujiie_2,山形城,无,已登场,氏家守栋,侍大将,直臣,最上家,clan_mogami_1,山形城,无,已登场,氏家守栋,侍大将,直臣,最上家,clan_mogami_1,山形城,无,已登场,氏家守栋,侍大将,直臣,最上家,clan_mogami_2,山形城,无,已登场,氏家守栋,部将,直臣,最上家,clan_mogami_2,山形城,无,已死亡,氏家守栋,无效,无效,无,,无效,无,已登场,氏家守栋,侍大将,直臣,最上家,山形城,无,已登场,氏家守栋,部将,直臣,最上家,山形城,无,已登场,氏家守栋,浪人,其他,无,鹿儿岛之町,无,,"[{""stage"":"""",""tkid"":""131"",""ref"":""131"",""emotion"":0}]",,TAIKOU_bio_131,最上家臣。定直之子。專長謀略，在對天童家和白烏家的討伐中貢獻巨大。在最上義光的家業繼承時，作為與伊達輝宗和解的使者。另外，在真實城的攻打謀略方面，幫助義光出謀劃策。
lord_tk5_132,132,132,,氏家行广,氏家行廣,氏家,行广,Ujiie Takakazu,tokai,1,1546,1560,1615,战死,lord_tk5_129,,,,lord_tk5_129,全职种,20,20,普通,普通,普通,普通,普通,54,艺术品,普通,普通,藤原氏,刀剑,46,51,43,34,53,0,1,1,0,1,1,1,0,0,1,1,0,1,0,0,1,无,强袭,无,无要求,,,未登场,氏家行广,足轻组头,陪臣（氏家卜全）,斋藤家,clan_ujiie_1,稻叶山城,无,已登场,氏家行广,足轻组头,陪臣（稻叶一铁）,斋藤家,clan_inaba_1,曾根城,无,已登场,氏家行广,足轻组头,陪臣（稻叶一铁）,织田家,clan_inaba_1,曾根城,无,已登场,氏家行广,足轻组头,陪臣（稻叶一铁）,织田家,clan_inaba_1,曾根城,无,已登场,氏家行广,足轻大将,陪臣（稻叶一铁）,织田家,clan_inaba_1,曾根城,无,已登场,氏家行广,城主,直臣,丰臣家,clan_kinoshita_1,大河内城,无,未登场,氏家行广,足轻组头,陪臣（氏家卜全）,斋藤家,曾根城,无,已登场,氏家行广,部将,直臣,羽柴家,石山本愿寺,无,已登场,氏家行广,浪人,其他,无,温泉津之町,无,,"[{""stage"":"""",""tkid"":""132"",""ref"":""132"",""emotion"":0}]",,TAIKOU_bio_132,豐臣家臣。卜全之次子。最初繼承兄行隆任大垣城主，後來成為三塚城主。在攻打小田原戰鬥中從軍，獲伊勢、桑名俸祿２萬２千石，成為桑名城主。在關原之戰中屬於西路軍，守衛桑名城。
lord_tk5_133,133,133,,牛尾幸清,,牛尾,幸清,Ushio Yukikiyo,sanyo,1,1541,1554,1600,病死,,,,,,只限武将,25,25,温和,胆小,现实,慎重,不重情义,45,书籍,普通,滴酒不沾,其他,刀剑,46,35,59,56,61,0,1,0,0,0,0,0,0,1,2,2,1,1,2,0,1,无,强袭,无,无要求,,,已登场,牛尾幸清,侍大将,直臣,尼子家,clan_amago_1,月山富田城,无,已登场,牛尾幸清,家老,直臣,尼子家,clan_amago_1,月山富田城,无,已登场,牛尾幸清,足轻大将,直臣,毛利家,clan_mori_1,吉田郡山城,无,已登场,牛尾幸清,足轻大将,直臣,毛利家,clan_mori_2,吉田郡山城,无,已登场,牛尾幸清,足轻大将,直臣,毛利家,clan_mori_2,吉田郡山城,无,已死亡,牛尾幸清,无效,无效,无,,无效,无,未登场,牛尾幸清,足轻大将,直臣,尼子家,月山富田城,无,已登场,牛尾幸清,足轻大将,直臣,毛利家,吉田郡山城,无,已登场,牛尾幸清,头目,首领,羽黑众,羽黑之里,无,,"[{""stage"":"""",""tkid"":""133"",""ref"":""133"",""emotion"":0}]",,TAIKOU_bio_133,尼子家家臣。後來成為毛利家家臣。為侍奉尼子家三代的重臣，跟隨經久出征京都，建立了大破三好軍勢等功績。在義久在位時，他身處於被毛利家包圍的月山富田城，起初雖然閉城進行抗戰，不過直到城即將被攻下前，投降於毛利家。
lord_tk5_134,134,134,,臼杵鉴速,臼杵鑒速|臼杵鑑速,臼杵,鉴速,Usuki Kagetoshi,saikai,1,1538,1554,1574,病死,,,,,,只限武将,58,58,普通,普通,现实,轻率,重视情义,38,武具,无欲,普通,藤原氏,刀剑,68,54,70,73,52,2,3,2,0,2,1,2,0,1,2,1,2,2,3,1,1,无,强袭，刚弓,无,无要求,,,已登场,臼杵鉴速,家老,直臣,大友家,clan_otomo_1,府内城,无,已登场,臼杵鉴速,家老,直臣,大友家,clan_otomo_1,府内城,无,已登场,臼杵鉴速,家老,直臣,大友家,clan_otomo_1,府内城,无,已死亡,臼杵鉴速,无效,无效,无,,无效,无,已死亡,臼杵鉴速,无效,无效,无,,无效,无,已死亡,臼杵鉴速,无效,无效,无,,无效,无,已登场,臼杵鉴速,侍大将,直臣,大友家,府内城,无,已死亡,臼杵鉴速,无效,无效,无,无效,无,已登场,臼杵鉴速,浪人,其他,无,小诸之町,无,,"[{""stage"":"""",""tkid"":""134"",""ref"":""134"",""emotion"":0}]",,TAIKOU_bio_134,大友家臣。作為豐後三老之一，輔佐主公義鎮。處置外交方面，以及肥前內政，還擔任築前平定軍的總大將之職，參與主家的內政、軍事、外交全方位的管理。
lord_tk5_135,135,135,,宇都宫国纲,宇都宮國綱,宇都宫,国纲,Utsunomiya Kunitsuna,sanyo,1,1568,1582,1607,病死,lord_tk5_136,,,lord_tk5_346,lord_tk5_34|lord_tk5_136|lord_tk5_346|lord_tk5_347,全职种,31,31,普通,胆小,理想,轻率,普通,74,艺术品,贪心,滴酒不沾,藤原氏,刀剑,35,31,52,48,54,1,0,0,0,2,0,0,1,0,0,0,0,1,1,0,0,无,强袭，刚弓,无,无要求,,,未登场,宇都宫国纲,部将,陪臣（宇都宫广纲）,宇都宫家,clan_utsunomiya_1,宇都宫城,无,未登场,宇都宫国纲,家老,直臣,宇都宫家,clan_utsunomiya_1,宇都宫城,无,未登场,宇都宫国纲,家老,直臣,宇都宫家,clan_utsunomiya_1,宇都宫城,无,未登场,宇都宫国纲,家老,直臣,宇都宫家,clan_utsunomiya_1,宇都宫城,无,已登场,宇都宫国纲,大名,首领,宇都宫家,clan_utsunomiya_1,宇都宫城,无,已登场,宇都宫国纲,浪人,其他,无,clan_satake_2,长船之町,无,未登场,宇都宫国纲,家老,直臣,宇都宫家,宇都宫城,无,已登场,宇都宫国纲,大名,首领,宇都宫家,宇都宫城,无,已登场,宇都宫国纲,浪人,其他,无,安土之町,无,,"[{""stage"":"""",""tkid"":""135"",""ref"":""135"",""emotion"":0}]",,TAIKOU_bio_135,宇都宮家第２２代當主。廣綱之嫡子。參加豐臣秀吉的小田原征伐戰，之後得到了領地。藉此機會歸屬了秀吉。但與取次役淺野長政不和，也捲入了豐臣家內部的爭鬥，領地被沒收了。
lord_tk5_136,136,136,,宇都宫广纲,宇都宮廣綱,宇都宫,广纲,Utsunomiya Hirotsuna,kanto,1,1543,1560,1580,病死,,,,,lord_tk5_135,全职种,31,31,普通,胆小,普通,轻率,不重情义,66,艺术品,贪心,普通,藤原氏,刀剑,42,24,62,64,52,0,0,0,0,0,0,1,3,1,1,1,0,1,1,0,0,幻惑之术，内讧之术,强袭，二连苦无，半月,无,无要求,,,已登场,宇都宫广纲,大名,首领,宇都宫家,clan_utsunomiya_1,宇都宫城,无,已登场,宇都宫广纲,大名,首领,宇都宫家,clan_utsunomiya_1,宇都宫城,无,已登场,宇都宫广纲,大名,首领,宇都宫家,clan_utsunomiya_1,宇都宫城,无,已登场,宇都宫广纲,大名,首领,宇都宫家,clan_utsunomiya_1,宇都宫城,无,已死亡,宇都宫广纲,无效,无效,无,clan_utsunomiya_1,无效,无,已死亡,宇都宫广纲,无效,无效,无,,无效,无,已登场,宇都宫广纲,大名,首领,宇都宫家,宇都宫城,无,已死亡,宇都宫广纲,无效,无效,无,无效,无,已登场,宇都宫广纲,浪人,其他,无,今治之町,无,,"[{""stage"":"""",""tkid"":""136"",""ref"":""136"",""emotion"":0}]",,TAIKOU_bio_136,宇都宮家第２１代當主。娶佐竹義昭之女為妻，並同其結成同盟。獲得宿老芳賀高定等的協助，與北條家一起同領地內的反宇都宮勢力相作戰。儘管體弱多病，卻始終與佐竹、結城氏等「東方之眾」保持合作。
lord_tk5_137,137,137,,鹈殿氏长,鵜殿氏長,鹈殿,氏长,Utono Ujinaga,kanto,1,1549,1563,1624,病死,lord_tk5_138,,,,lord_tk5_138,只限武将,47,47,普通,胆小,现实,轻率,普通,41,武具,普通,普通,藤原氏,刀剑,27,37,38,50,34,0,1,1,0,1,0,0,0,0,1,0,0,0,1,1,1,无,强袭,无,无要求,,,未登场,鹈殿氏长,足轻组头,陪臣（鹈殿长照）,今川家,clan_utono_1,骏府城,无,已登场,鹈殿氏长,足轻大将,陪臣（鹈殿长照）,今川家,clan_utono_1,长篠城,无,已登场,鹈殿氏长,城主,直臣,德川家,clan_tokugawa_1,二俣城,无,已登场,鹈殿氏长,部将,直臣,德川家,clan_tokugawa_1,滨松城,无,已登场,鹈殿氏长,城主,直臣,德川家,clan_utono_1,二俣城,无,已登场,鹈殿氏长,足轻组头,直臣,德川家,clan_tokugawa_1,江户城,无,未登场,鹈殿氏长,足轻组头,陪臣（鹈殿长照）,今川家,二俣城,无,已登场,鹈殿氏长,城主,直臣,德川家,二俣城,无,已登场,鹈殿氏长,下忍,直臣,黑胫巾众,黑胫巾之里,无,,"[{""stage"":"""",""tkid"":""137"",""ref"":""137"",""emotion"":0}]",,TAIKOU_bio_137,今川家臣。長照之子。其父長照戰死後落入德川家康之手。以家康的妻子作為交換條件而投奔了今川氏真。主家滅亡後投降於家康。以後從屬於德川家族。曾參加了姊川和長篠戰鬥。
lord_tk5_138,138,138,,鹈殿长照,鵜殿長照,鹈殿,长照,Utono Nagateru,tokai,1,1533,1554,1562,战死,,,,,lord_tk5_137,只限武将,46,46,普通,普通,普通,普通,重视情义,10,艺术品,普通,普通,藤原氏,刀剑,54,23,44,56,42,1,1,1,0,0,0,1,0,0,0,1,0,0,1,0,1,无,强袭,无,无要求,,,已登场,鹈殿长照,侍大将,直臣,今川家,clan_utono_1,骏府城,无,已登场,鹈殿长照,城主,直臣,今川家,clan_utono_1,长篠城,无,已死亡,鹈殿长照,无效,无效,无,clan_tokugawa_1,无效,无,已死亡,鹈殿长照,无效,无效,无,clan_tokugawa_1,无效,无,已死亡,鹈殿长照,无效,无效,无,clan_utono_1,无效,无,已死亡,鹈殿长照,无效,无效,无,clan_tokugawa_1,无效,无,已登场,鹈殿长照,城主,直臣,今川家,二俣城,无,已死亡,鹈殿长照,无效,无效,无,无效,无,已登场,鹈殿长照,下忍,直臣,黑胫巾众,黑胫巾之里,无,,"[{""stage"":"""",""tkid"":""138"",""ref"":""138"",""emotion"":0}]",,TAIKOU_bio_138,今川家臣。長持之子。文之室是今川義元之妹。在桶狹間之戰後，三河的武將相繼投靠了德川家。由於血緣關係他一直留在今川家中。因此德川軍隊為平定三河發起了猛攻，上鄉城失守，長照自殺身亡。
lord_tk5_139,139,139,,宇山久兼,,宇山,久兼,Uyama Hisakane,sanyo,1,1511,1554,1566,战死,,,,,,只限武将,15,85,温和,普通,普通,慎重,重视情义,8,书籍,无欲,普通,其他,刀剑,52,47,56,51,38,0,0,0,0,0,0,0,0,1,1,2,1,1,0,1,1,无,强袭,无,无要求,,,已登场,宇山久兼,家老,直臣,尼子家,clan_amago_1,月山富田城,无,已登场,宇山久兼,家老,直臣,尼子家,clan_amago_1,月山富田城,无,已死亡,宇山久兼,无效,无效,无,,无效,无,已死亡,宇山久兼,无效,无效,无,,无效,无,已死亡,宇山久兼,无效,无效,无,,无效,无,已死亡,宇山久兼,无效,无效,无,,无效,无,已登场,宇山久兼,部将,直臣,尼子家,月山富田城,无,已死亡,宇山久兼,无效,无效,无,无效,无,已登场,宇山久兼,足轻组头,直臣,山中家,江户城,无,,"[{""stage"":"""",""tkid"":""139"",""ref"":""139"",""emotion"":0}]",,TAIKOU_bio_139,尼子家臣。宇山城主。侍奉晴久和義久兩代人，任首席家老。月山富田城守城戰中，自己出錢購買糧食發給守城士兵，後因毛利元就的離間計被疑私通毛利，被義久殺害。
lord_tk5_140,140,140,,浦上宗景,,浦上,宗景,Uragami Munekage,sanyo,1,1514,1554,1577,病死,,,,,,全职种,60,60,普通,胆小,普通,慎重,不重情义,62,书籍,贪心,普通,其他,刀剑,34,24,51,41,37,1,1,0,0,1,0,0,0,1,1,0,0,3,0,0,0,无,强袭,无,一般条件,,,已登场,浦上宗景,大名,首领,浦上家,clan_uragami_1,天神山城,无,已登场,浦上宗景,大名,首领,浦上家,clan_uragami_1,天神山城,无,已登场,浦上宗景,大名,首领,浦上家,clan_uragami_1,天神山城,无,已登场,浦上宗景,大名,首领,浦上家,clan_uragami_1,天神山城,无,已死亡,浦上宗景,无效,无效,无,,无效,无,已死亡,浦上宗景,无效,无效,无,,无效,无,已登场,浦上宗景,大名,首领,浦上家,天神山城,无,已死亡,浦上宗景,无效,无效,无,无效,无,已登场,浦上宗景,头领,首领,相模水军,三崎之砦,无,,"[{""stage"":"""",""tkid"":""140"",""ref"":""140"",""emotion"":0}]",,TAIKOU_bio_140,浦上家當主。備前天神山城城主。家族過去都是擔任赤松家的重臣，但是父親‧村宗以下剋上弒了主君赤松。村宗死後，與兄長‧政宗為了爭奪家督之位而獨立。雖然支配勢力擴展到了備前，但是被家臣‧宇喜多直家的勢力所壓迫，最後被逐出天神山城。
lord_tk5_141,141,141,,上井觉兼,上井覺兼,上井,觉兼,Uwai Kakuken,saikai,1,1545,1559,1589,病死,,,,,,全职种,27,27,温和,普通,普通,慎重,普通,36,书籍,普通,普通,其他,刀剑,61,57,72,60,42,1,1,1,0,0,1,2,0,1,2,2,1,3,2,2,2,无,强袭,无,无要求,,,未登场,上井觉兼,足轻大将,直臣,岛津家,clan_shimazu_1,内城,无,已登场,上井觉兼,侍大将,直臣,岛津家,clan_shimazu_1,内城,无,已登场,上井觉兼,侍大将,直臣,岛津家,clan_shimazu_1,内城,无,已登场,上井觉兼,侍大将,直臣,岛津家,clan_shimazu_1,内城,无,已登场,上井觉兼,侍大将,直臣,岛津家,clan_shimazu_1,内城,无,已死亡,上井觉兼,无效,无效,无,,无效,无,未登场,上井觉兼,侍大将,直臣,岛津家,内城,无,已登场,上井觉兼,侍大将,直臣,岛津家,内城,无,已登场,上井觉兼,家老,直臣,上泉家,内城,无,,"[{""stage"":"""",""tkid"":""141"",""ref"":""141"",""emotion"":0}]",,TAIKOU_bio_141,島津家臣。侍奉貴久之後，經任義久的上奏人，最終出任老中，輔佐經營領地。雖轉戰各地積極活躍，但終為率領秀吉軍的羽柴秀長所俘。文學藝術造詣深厚，著有「上井覺兼日記」。
lord_tk5_142,142,142,,海野六郎,,海野,六郎,Unno Rokuro,tosan,1,1576,1590,1615,病死,,,,,,只限武将,49,49,普通,普通,普通,慎重,重视情义,11,书籍,无欲,普通,源氏,刀剑,74,55,50,79,86,2,1,1,0,0,0,3,2,0,0,0,1,2,1,0,1,无,强袭，二连苦无,无,一般条件,,,未登场,海野六郎,浪人,其他,无,,小诸之町,无,未登场,海野六郎,浪人,其他,无,,小诸之町,无,未登场,海野六郎,浪人,其他,无,,小诸之町,无,未登场,海野六郎,浪人,其他,无,,小诸之町,无,未登场,海野六郎,浪人,其他,无,,小诸之町,无,已登场,海野六郎,浪人,其他,无,,小诸之町,无,未登场,海野六郎,浪人,其他,无,小诸之町,无,未登场,海野六郎,浪人,其他,无,小诸之町,无,已登场,海野六郎,浪人,其他,无,小诸之町,无,,"[{""stage"":"""",""tkid"":""142"",""ref"":""142"",""emotion"":0}]",,TAIKOU_bio_142,真田家臣。真田家臣。真田十勇士之一。侍奉昌幸、幸村兩代人。十勇士中資歷最老者。由於真田師出信濃北部望族海野氏，所以可以認為是同族。擔任參謀，堪稱幸村的左右手。
lord_tk5_143,143,143,,颖娃久虎,穎娃久虎,颖娃,久虎,Eiha Hisatora,saikai,1,1558,1572,1587,病死,,,,,,全职种,30,30,普通,勇敢,普通,轻率,普通,44,南蛮物,普通,嗜酒如命,其他,刀剑,63,73,26,50,53,2,1,2,0,1,2,1,0,0,1,1,0,0,1,0,0,无,强袭，拔突，铁壁,无,无要求,,,未登场,颖娃久虎,足轻组头,直臣,岛津家,clan_shimazu_1,内城,无,未登场,颖娃久虎,足轻组头,直臣,岛津家,clan_shimazu_1,内城,无,未登场,颖娃久虎,足轻组头,直臣,岛津家,clan_shimazu_1,内城,无,已登场,颖娃久虎,足轻组头,直臣,岛津家,clan_shimazu_1,内城,无,已登场,颖娃久虎,足轻大将,直臣,岛津家,clan_shimazu_1,内城,无,已死亡,颖娃久虎,无效,无效,无,,无效,无,未登场,颖娃久虎,足轻组头,直臣,岛津家,内城,无,已登场,颖娃久虎,足轻大将,直臣,岛津家,内城,无,已登场,颖娃久虎,浪人,其他,无,今治之町,无,,"[{""stage"":"""",""tkid"":""143"",""ref"":""143"",""emotion"":0}]",,TAIKOU_bio_143,島津家臣。兼堅之子。穎娃揖宿之領主。參加耳川之戰，進攻水俁，攻打有馬、沖田綴之戰等戰役，屢立戰功。主公義弘曾褒獎道「豐肥之戰的勝利全靠久虎之功」。
lord_tk5_144,144,144,,江村亲家,江村親家,江村,亲家,Emura Oyakataka,nankai,1,1527,1554,1587,病死,lord_tk5_774,,,吉田则弘,lord_tk5_774|lord_tk5_775,全职种,80,80,普通,勇敢,普通,轻率,普通,45,武具,普通,嗜酒如命,其他,刀剑,58,45,28,40,36,2,1,1,2,0,0,0,0,0,0,0,0,0,0,0,1,无,强袭,无,无要求,,,已登场,江村亲家,足轻组头,直臣,长宗我部家,clan_chosokabe_1,冈丰城,无,已登场,江村亲家,足轻组头,直臣,长宗我部家,clan_chosokabe_2,冈丰城,无,已登场,江村亲家,足轻组头,直臣,长宗我部家,clan_chosokabe_2,冈丰城,无,已登场,江村亲家,足轻组头,直臣,长宗我部家,clan_chosokabe_2,冈丰城,无,已登场,江村亲家,足轻大将,直臣,长宗我部家,clan_chosokabe_2,冈丰城,无,已死亡,江村亲家,无效,无效,无,,无效,无,已登场,江村亲家,足轻组头,直臣,长宗我部家,冈丰城,无,已登场,江村亲家,足轻大将,直臣,长宗我部家,冈丰城,无,已登场,江村亲家,浪人,其他,无,厩桥之町,无,,"[{""stage"":"""",""tkid"":""144"",""ref"":""144"",""emotion"":0}]",,TAIKOU_bio_144,長宗我部家臣。吉田大備後重俊之次子。娶江村備後守親政之女為妻，以義子身份繼承備後守。因之，生父重俊稱大備後，親家稱小備後。仕俸國親元親兩代主公，身經百戰功勳卓著，聞名於世。
lord_tk5_145,145,145,,江里口信常,江裡口信常|江裏口信常,江里口,信常,Eriguchi Nobutsune,saikai,1,1548,1562,1584,战死,,,,,,只限武将,60,60,性急,勇敢,普通,轻率,重视情义,32,武具,普通,嗜酒如命,藤原氏,刀剑,61,81,12,15,54,2,2,2,1,1,2,1,1,0,0,0,0,1,0,0,0,无,强袭，拔突，铁壁,无,无要求,,,未登场,江里口信常,侍大将,直臣,龙造寺家,clan_ryuzoji_1,佐嘉城,无,已登场,江里口信常,侍大将,直臣,龙造寺家,clan_ryuzoji_1,佐嘉城,无,已登场,江里口信常,侍大将,直臣,龙造寺家,clan_ryuzoji_1,佐嘉城,无,已登场,江里口信常,侍大将,直臣,龙造寺家,clan_ryuzoji_1,佐嘉城,无,已登场,江里口信常,侍大将,直臣,龙造寺家,clan_ryuzoji_1,佐嘉城,无,已死亡,江里口信常,无效,无效,无,,无效,无,未登场,江里口信常,侍大将,直臣,龙造寺家,佐嘉城,无,已登场,江里口信常,侍大将,直臣,龙造寺家,佐嘉城,无,已登场,江里口信常,浪人,其他,无,土崎凑之町,无,,"[{""stage"":"""",""tkid"":""145"",""ref"":""145"",""emotion"":0}]",,TAIKOU_bio_145,龍造寺家臣。龍造寺四天王之一。沖田綴之戰中，得報主公隆信陣亡後，只身突入島津家大營。報仇失敗後被殺。對立一方的家久稱讚他「剛勇無雙」。
lord_tk5_146,146,146,,圆城寺信胤,圓城寺信胤,圆城寺,信胤,Enjoji Nobutane,saikai,1,1542,1556,1584,战死,,,,,,只限武将,60,60,性急,勇敢,普通,轻率,重视情义,41,武具,无欲,普通,其他,刀剑,62,38,56,60,49,1,2,2,0,0,2,0,0,0,0,0,0,0,0,0,0,无,强袭，拔突，铁壁,无,无要求,,,未登场,圆城寺信胤,足轻大将,直臣,龙造寺家,clan_ryuzoji_1,佐嘉城,无,已登场,圆城寺信胤,侍大将,直臣,龙造寺家,clan_ryuzoji_1,佐嘉城,无,已登场,圆城寺信胤,侍大将,直臣,龙造寺家,clan_ryuzoji_1,佐嘉城,无,已登场,圆城寺信胤,侍大将,直臣,龙造寺家,clan_ryuzoji_1,佐嘉城,无,已登场,圆城寺信胤,侍大将,直臣,龙造寺家,clan_ryuzoji_1,佐嘉城,无,已死亡,圆城寺信胤,无效,无效,无,,无效,无,未登场,圆城寺信胤,侍大将,直臣,龙造寺家,佐嘉城,无,已登场,圆城寺信胤,侍大将,直臣,龙造寺家,佐嘉城,无,已登场,圆城寺信胤,浪人,其他,无,出石之町,无,,"[{""stage"":"""",""tkid"":""146"",""ref"":""146"",""emotion"":0}]",,TAIKOU_bio_146,龍造寺家臣。據傳是龍造寺四天王之一。侍奉隆信，屢建戰功，沖田綴之戰身著與主公同樣的「熊皮鎧甲」，裝扮成隆信突入敵陣，戰亡。
lord_tk5_147,147,147,,远藤直经,遠藤直經,远藤,直经,Endo Naokiyo,kinai,1,1531,1554,1570,战死,,,,,,只限武将,72,72,性急,普通,现实,轻率,普通,77,武具,普通,普通,藤原氏,刀剑,57,51,16,42,59,2,1,1,0,2,2,2,0,0,0,0,0,0,0,0,1,无,强袭，拔突，刚弓，铁壁,无,无要求,,,已登场,远藤直经,足轻大将,直臣,浅井家,clan_azai_1,小谷城,无,已登场,远藤直经,侍大将,直臣,浅井家,clan_azai_2,小谷城,无,已登场,远藤直经,侍大将,直臣,浅井家,clan_azai_2,小谷城,无,已死亡,远藤直经,无效,无效,无,,无效,无,已死亡,远藤直经,无效,无效,无,,无效,无,已死亡,远藤直经,无效,无效,无,,无效,无,已登场,远藤直经,侍大将,直臣,浅井家,小谷城,无,已死亡,远藤直经,无效,无效,无,无效,无,已登场,远藤直经,浪人,其他,无,轮岛之町,无,,"[{""stage"":"""",""tkid"":""147"",""ref"":""147"",""emotion"":0}]",,TAIKOU_bio_147,淺井家臣。淺井家的猛將。向主公長政進言暗殺織田信長，不被採納。姊川交戰時打了敗仗，同夥都離散了，他單身衝入信長的本陣尋死。
lord_tk5_148,148,148,,远藤基信,遠藤基信,远藤,基信,Endo Motonobu,ou,1,1532,1554,1585,战死,,,,,,只限武将,64,64,普通,普通,现实,慎重,重视情义,23,书籍,无欲,滴酒不沾,藤原氏,刀剑,13,16,78,60,52,0,0,0,0,0,0,1,0,2,3,3,3,2,2,0,2,无,强袭，丢钱,无,无要求,,,已登场,远藤基信,足轻组头,直臣,伊达家,clan_date_1,米泽城,无,已登场,远藤基信,足轻组头,直臣,伊达家,clan_date_1,米泽城,无,已登场,远藤基信,足轻组头,直臣,伊达家,clan_date_2,米泽城,无,已登场,远藤基信,足轻组头,直臣,伊达家,clan_date_2,米泽城,无,已登场,远藤基信,足轻大将,直臣,伊达家,clan_date_2,米泽城,无,已死亡,远藤基信,无效,无效,无,,无效,无,已登场,远藤基信,足轻组头,陪臣（中野宗时）,伊达家,米泽城,无,已登场,远藤基信,家老,直臣,伊达家,米泽城,无,已登场,远藤基信,浪人,其他,无,鸟取之町,无,,"[{""stage"":"""",""tkid"":""148"",""ref"":""148"",""emotion"":0}]",,TAIKOU_bio_148,伊達家臣。役行者金傳坊之子。伊達家宿老中野宗期間，其才能被發現，侍奉輝宗。受輝宗信任，宗時下臺後，成為宿老。擔當政事，與織田信長以書信交往。輝宗死後，殉死於其墓前。
lord_tk5_149,149,149,,大石智久,,大石,智久,Oishi Tomohisa,saikai,1,1541,1555,1600,病死,,,,,,全职种,90,90,性急,勇敢,普通,轻率,重视情义,55,武具,贪心,嗜酒如命,源氏,刀剑,59,80,34,42,61,2,1,2,2,2,3,1,1,0,0,0,0,0,0,0,0,无,强袭，连续斩，拔突，刚弓，刚力，铁壁,无,无要求,,,未登场,大石智久,足轻大将,直臣,宗家,clan_soo_1,金石城,无,已登场,大石智久,足轻组头,直臣,宗家,clan_soo_1,金石城,无,已登场,大石智久,足轻大将,直臣,宗家,clan_soo_1,金石城,无,已登场,大石智久,足轻大将,直臣,宗家,clan_soo_1,金石城,无,已登场,大石智久,足轻大将,直臣,宗家,clan_soo_1,金石城,无,已登场,大石智久,侍大将,直臣,宗家,clan_soo_2,金石城,无,未登场,大石智久,足轻大将,直臣,宗家,金石城,无,已登场,大石智久,足轻大将,直臣,宗家,金石城,无,已登场,大石智久,家老,直臣,大久保家,佐贺城,无,,"[{""stage"":"""",""tkid"":""149"",""ref"":""149"",""emotion"":0}]",,TAIKOU_bio_149,對馬宗家家臣。為宗家中第一的勇將。據說在朝鮮出兵時，智久在平壤城中陷入窮途末路之際，單身衝到櫓上為自軍尋獲退路。並留下他曾和自己的弟弟一起以肉搏擊退猛虎的傳說。歸國後受到賞賜，被任命為對馬佐護郡代。
lord_tk5_150,150,150,,大内定纲,大內定綱,大内,定纲,Ouchi Tetsuna,ou,1,1545,1559,1610,病死,,,,,,全职种,65,90,普通,胆小,现实,慎重,不重情义,72,武具,贪心,普通,其他,枪,49,82,36,63,21,1,1,1,0,2,3,1,0,0,0,0,1,2,2,1,0,无,强袭，连续斩，拔突，粘花，刚弓，卷枪，引落，柄返，刚力，铁壁,无,无要求,,,未登场,大内定纲,足轻组头,直臣,芦名家,clan_ashina_1,黑川城,无,已登场,大内定纲,足轻组头,直臣,芦名家,clan_ashina_1,黑川城,无,已登场,大内定纲,足轻组头,直臣,芦名家,clan_ashina_1,黑川城,无,已登场,大内定纲,足轻组头,直臣,芦名家,clan_ashina_1,黑川城,无,已登场,大内定纲,足轻组头,直臣,芦名家,clan_ashina_2,黑川城,无,已登场,大内定纲,部将,直臣,伊达家,clan_date_2,仙台城,无,未登场,大内定纲,足轻组头,直臣,芦名家,黑川城,无,已登场,大内定纲,足轻组头,直臣,芦名家,黑川城,无,已登场,大内定纲,家老,直臣,大久保家,佐贺城,无,,"[{""stage"":"""",""tkid"":""150"",""ref"":""150"",""emotion"":0}]",,TAIKOU_bio_150,奧州豪族。鹽松城主。依形勢變化與諸家聯合，應付亂世。在伊達政宗做了伊達家領主時，前往米澤城投靠，後做為政宗的屬下在多次戰鬥中發揮作用。此外還是擅使十文字槍的高手。
lord_tk5_151,151,151,,大内辉弘,大內輝弘,大内,辉弘,Ouchi Teruhiro,saikai,1,1520,1554,1569,战死,,,,,,只限武将,80,80,性急,普通,现实,轻率,普通,63,艺术品,贪心,普通,其他,刀剑,51,47,45,45,50,1,1,1,1,1,1,1,0,0,1,0,1,2,0,0,0,无,强袭,无,无要求,,,已登场,大内辉弘,家老,直臣,大友家,clan_otomo_1,府内城,无,已登场,大内辉弘,部将,直臣,大友家,clan_otomo_1,府内城,无,已登场,大内辉弘,家老,直臣,大友家,clan_otomo_1,府内城,无,已死亡,大内辉弘,无效,无效,无,,无效,无,已死亡,大内辉弘,无效,无效,无,,无效,无,已死亡,大内辉弘,无效,无效,无,,无效,无,已登场,大内辉弘,部将,直臣,大友家,府内城,无,已死亡,大内辉弘,无效,无效,无,无效,无,已登场,大内辉弘,部将,直臣,大久保家,佐贺城,无,,"[{""stage"":"""",""tkid"":""151"",""ref"":""151"",""emotion"":0}]",,TAIKOU_bio_151,周防大內家一族。大內義隆的堂兄弟。與當主‧義隆對立之後逃到豐後，受到大友家的庇護。主家滅亡之後，接受大友家的援助，為了復興大內家而舉兵出征。雖然召集遺臣一起踏上過去的領土‧周防，但最後竟敗給毛利家而自殺。
lord_tk5_152,152,152,,大内义长,大內義長|大友晴英,大内,义长,Ouchi Yoshinaga,sanyo,1,1532,1554,1557,病死,lord_tk5_811,,,,lord_tk5_167|lord_tk5_168|lord_tk5_169|lord_tk5_170|lord_tk5_811,只限武将,50,45,温和,胆小,普通,普通,普通,29,艺术品,普通,普通,其他,刀剑,38,29,28,35,37,0,0,0,0,0,0,0,0,1,0,0,0,3,0,2,1,无,强袭,无,无要求,,主角毛利元就，防长攻略,已登场,大内义长,大名,首领,大内家,clan_ouchi_1,山口城,无,已死亡,大内义长,无效,无效,无,clan_otomo_1,无效,无,已死亡,大内义长,无效,无效,无,clan_otomo_1,无效,无,已死亡,大内义长,无效,无效,无,clan_otomo_1,无效,无,已死亡,大内义长,无效,无效,无,clan_otomo_1,无效,无,已死亡,大内义长,无效,无效,无,clan_tachibana_2,无效,无,已登场,大友晴英,部将,直臣,大友家,府内城,无,已死亡,大内义长,无效,无效,无,无效,无,已登场,大内义长,部将,直臣,大久保家,佐贺城,无,,"[{""stage"":"""",""tkid"":""152"",""ref"":""152"",""emotion"":0}]",,TAIKOU_bio_152,大內家當主。大友宗麟之弟。起初的名字為晴英。因母親為大內義隆之姊，而成為義隆的義子。後來因為陶晴賢的叛變，被擁立為大內家當主。在拜受將軍‧足利義輝的一字名諱後，改名為義長。從嚴島合戰起便開始受到毛利家的壓迫，最後被迫自殺身亡。
lord_tk5_153,153,153,,大久保忠佐,,大久保,忠佐,Okubo Tadasuke,kanto,1,1537,1554,1613,病死,大久保忠员,,,,lord_tk5_154|lord_tk5_155|lord_tk5_156,全职种,90,90,性急,勇敢,理想,轻率,重视情义,45,武具,普通,嗜酒如命,藤原氏,刀剑,65,75,42,65,71,2,2,2,0,1,2,1,0,1,1,1,1,1,0,0,0,无,强袭，拔突，铁壁,无,无要求,,,已登场,大久保忠佐,足轻组头,陪臣（松平元康）,今川家,clan_tokugawa_1,骏府城,无,已登场,大久保忠佐,足轻大将,陪臣（松平元康）,今川家,clan_tokugawa_1,冈崎城,无,已登场,大久保忠佐,侍大将,直臣,德川家,clan_tokugawa_1,冈崎城,无,已登场,大久保忠佐,侍大将,直臣,德川家,clan_tokugawa_1,滨松城,无,已登场,大久保忠佐,侍大将,直臣,德川家,clan_tokugawa_1,滨松城,无,已登场,大久保忠佐,部将,直臣,德川家,clan_tokugawa_1,江户城,无,未登场,大久保忠佐,侍大将,直臣,松平家,冈崎城,无,已登场,大久保忠佐,侍大将,直臣,德川家,滨松城,无,已登场,大久保忠佐,部将,陪臣（大久保忠世）,大久保家,金石城,无,,"[{""stage"":"""",""tkid"":""153"",""ref"":""153"",""emotion"":0}]",,TAIKOU_bio_153,德川家臣。忠員次子，忠世之弟。與兄長忠世一起轉戰各地，屢建戰功。長篠之戰中，與兄長一起任先鋒，織田信長曾以「長篠須眉」讚美忠佐兄弟的勇敢。關原之戰之後，獲封駿河沼津兩萬石俸祿。
lord_tk5_154,154,154,,大久保忠教,,大久保,忠教,Okubo Tadataka,kanto,1,1560,1574,1639,病死,大久保忠员,,,,lord_tk5_153|lord_tk5_155|lord_tk5_156,只限武将,90,90,性急,勇敢,理想,轻率,重视情义,55,武具,无欲,普通,藤原氏,枪,63,76,56,60,80,2,1,1,1,1,2,3,0,0,0,0,0,3,3,0,0,无,强袭，拔突，铁壁,无,一般条件,,,未登场,大久保忠教,足轻组头,陪臣（松平元康）,今川家,clan_tokugawa_1,骏府城,无,未登场,大久保忠教,浪人,其他,无,clan_tokugawa_1,冈崎之町,无,未登场,大久保忠教,足轻组头,直臣,德川家,clan_tokugawa_1,冈崎城,无,已登场,大久保忠教,足轻组头,直臣,德川家,clan_tokugawa_1,滨松城,无,已登场,大久保忠教,足轻组头,直臣,德川家,clan_tokugawa_1,滨松城,无,已登场,大久保忠教,侍大将,陪臣（大久保忠邻）,德川家,clan_okubo_1,小田原城,无,未登场,大久保忠教,足轻组头,直臣,松平家,冈崎城,无,已登场,大久保忠教,足轻组头,直臣,德川家,滨松城,无,已登场,大久保忠教,足轻组头,直臣,大久保家,佐贺城,无,,"[{""stage"":"""",""tkid"":""154"",""ref"":""154"",""emotion"":0}]",,TAIKOU_bio_154,德川家家臣。忠世及忠佐之弟。人稱彥左衛門。跟隨兄長‧忠世在各地建立了不少戰功。因為忠世沒有嫡子，所以忠教擁有繼承忠世領土的機會。但是卻自稱自己沒有建立足以接受領土的功績而辭退了這個機會。所著作的「三河物語」是很貴重的歷史資料。
lord_tk5_155,155,155,,大久保忠邻,大久保忠鄰,大久保,忠邻,Okubo Tadachika,kanto,1,1553,1567,1628,病死,lord_tk5_156,,,大久保忠员,lord_tk5_153|lord_tk5_154|lord_tk5_156,只限武将,90,65,温和,勇敢,普通,普通,重视情义,48,书籍,普通,普通,藤原氏,枪,58,35,67,46,40,1,2,1,0,1,2,2,0,1,1,1,2,2,1,0,1,无,强袭，拔突，铁壁,无,一般条件,,,未登场,大久保忠邻,足轻组头,陪臣（大久保忠世）,今川家,clan_okubo_1,骏府城,无,未登场,大久保忠邻,足轻组头,陪臣（大久保忠世）,今川家,clan_okubo_1,冈崎城,无,已登场,大久保忠邻,足轻组头,陪臣（大久保忠世）,德川家,clan_okubo_1,冈崎城,无,已登场,大久保忠邻,足轻组头,陪臣（大久保忠世）,德川家,clan_okubo_1,滨松城,无,已登场,大久保忠邻,足轻组头,陪臣（大久保忠世）,德川家,clan_okubo_1,滨松城,无,已登场,大久保忠邻,城主,直臣,德川家,clan_okubo_1,小田原城,无,未登场,大久保忠邻,足轻组头,陪臣（大久保忠世）,松平家,冈崎城,无,已登场,大久保忠邻,足轻组头,陪臣（大久保忠世）,德川家,滨松城,无,已登场,大久保忠邻,足轻组头,直臣,大久保家,佐贺城,无,,"[{""stage"":"""",""tkid"":""155"",""ref"":""155"",""emotion"":0}]",,TAIKOU_bio_155,德川家臣。忠世嫡子。侍奉家康，參加姊川之戰等各戰役。在經營甲斐信濃屬國方面也發揮了才能。受家康之命，任秀忠的監督家老。曾得秀忠充分信賴，然而因受本多正信的暗中策反，被貶為平民。
lord_tk5_156,156,156,,大久保忠世,,大久保,忠世,Okubo Tadayo,tokai,1,1532,1554,1594,病死,大久保忠员,,,,lord_tk5_153|lord_tk5_154|lord_tk5_155,只限武将,90,90,普通,勇敢,普通,普通,普通,40,武具,无欲,普通,藤原氏,刀剑,71,67,35,71,65,2,2,1,1,1,1,2,0,1,1,1,1,1,1,1,1,三河武者,强袭,无,无要求,,,已登场,大久保忠世,足轻组头,陪臣（松平元康）,今川家,clan_okubo_1,骏府城,无,已登场,大久保忠世,侍大将,陪臣（松平元康）,今川家,clan_okubo_1,冈崎城,无,已登场,大久保忠世,侍大将,直臣,德川家,clan_okubo_1,冈崎城,无,已登场,大久保忠世,侍大将,直臣,德川家,clan_okubo_1,滨松城,无,已登场,大久保忠世,侍大将,直臣,德川家,clan_okubo_1,滨松城,无,已死亡,大久保忠世,无效,无效,无,clan_okubo_1,无效,无,已登场,大久保忠世,侍大将,直臣,松平家,冈崎城,无,已登场,大久保忠世,侍大将,直臣,德川家,滨松城,无,已登场,大久保忠世,城主,直臣,大久保家,金石城,无,,"[{""stage"":"""",""tkid"":""156"",""ref"":""156"",""emotion"":0}]",,TAIKOU_bio_156,德川家臣。忠員長子，忠佐之兄。參加眾多戰役，以其英勇豪放的性格建立了卓越的戰功。三方之原之戰的夜攻震驚了武田信玄，長篠之戰指揮鐵砲隊作戰，獲得了織田信長的讚譽。
lord_tk5_157,157,157,,大久保长安,大久保長安,大久保,长安,Okubo Nagayasu,kanto,1,1545,1559,1613,病死,,,,,,全职种,99,99,普通,普通,普通,轻率,不重情义,61,艺术品,贪心,普通,其他,刀剑,7,2,92,69,41,0,0,0,0,0,0,0,0,2,2,4,3,1,2,1,1,无,强袭，丢钱,无,一般条件,,,未登场,大久保长安,浪人,其他,无,,甲府之町,无,已登场,大久保长安,浪人,其他,无,,甲府之町,无,已登场,大久保长安,浪人,其他,无,,甲府之町,无,已登场,大久保长安,浪人,其他,无,,甲府之町,无,已登场,大久保长安,浪人,其他,无,,甲府之町,无,已登场,大久保长安,侍大将,直臣,德川家,clan_tokugawa_1,江户城,无,未登场,大久保长安,浪人,其他,无,甲府之町,无,已登场,大久保长安,浪人,其他,无,甲府之町,无,已登场,大久保长安,大名,首领,大久保家,佐贺城,无,,"[{""stage"":"""",""tkid"":""157"",""ref"":""157"",""emotion"":0}]",,TAIKOU_bio_157,德川家臣。猿樂師‧大藏大夫之子。原為一介猿樂師後受到家康的提拔。從總領主家的皇室領地，到利用新技術的金銀採礦業，以及設立一里塚及傳馬宿等，為幕府的民政和財政建設做出了相當大的貢獻。人稱「天下總代官」。
lord_tk5_158,158,158,,大熊朝秀,,大熊,朝秀,Okuma Tomohide,tosan,1,1517,1554,1582,病死,,,,,,全职种,52,52,普通,普通,普通,慎重,不重情义,40,艺术品,贪心,普通,源氏,刀剑,52,39,64,53,52,1,1,1,0,1,1,1,0,1,2,1,3,1,1,1,1,无,强袭，丢钱,无,无要求,,,已登场,大熊朝秀,侍大将,直臣,长尾家,clan_uesugi_1,春日山城,无,已登场,大熊朝秀,侍大将,直臣,武田家,clan_takeda_1,踯躅崎馆,无,已登场,大熊朝秀,侍大将,直臣,武田家,clan_takeda_1,踯躅崎馆,无,已登场,大熊朝秀,侍大将,直臣,武田家,clan_takeda_2,踯躅崎馆,无,已登场,大熊朝秀,侍大将,直臣,武田家,clan_takeda_2,甲府城,无,已死亡,大熊朝秀,无效,无效,无,,无效,无,已登场,大熊朝秀,侍大将,直臣,长尾家,春日山城,无,已死亡,大熊朝秀,无效,无效,无,无效,无,已登场,大熊朝秀,上忍,直臣,钵屋众,钵屋之里,无,,"[{""stage"":"""",""tkid"":""158"",""ref"":""158"",""emotion"":0}]",,TAIKOU_bio_158,上杉家臣。後為武田家臣。箕冠城主。又稱長秀。做為親信輔佐上杉謙信處置政務，乘謙信出家時的動亂謀反，落敗後改仕武田信玄，做為屬將配守遠江小山城。與勝賴一起在甲斐天目山戰死。
lord_tk5_159,159,159,,大崎义隆,大崎義隆,大崎,义隆,Osaki Yoshitaka,ou,1,1548,1562,1603,病死,lord_tk5_160,,,,lord_tk5_160,只限武将,75,75,普通,勇敢,普通,慎重,普通,60,武具,普通,普通,源氏,刀剑,58,39,43,24,36,1,1,1,0,1,1,1,0,0,2,1,0,0,1,0,0,无,强袭,无,无要求,,,未登场,大崎义隆,部将,陪臣（大崎义直）,大崎家,clan_osaki_1,名生城,无,已登场,大崎义隆,家老,直臣,大崎家,clan_osaki_1,名生城,无,已登场,大崎义隆,家老,直臣,大崎家,clan_osaki_1,名生城,无,已登场,大崎义隆,家老,直臣,大崎家,clan_osaki_1,名生城,无,已登场,大崎义隆,大名,首领,大崎家,clan_osaki_1,名生城,无,已登场,大崎义隆,部将,直臣,上杉家,clan_uesugi_2,会津若松城,无,未登场,大崎义隆,家老,直臣,大崎家,名生城,无,已登场,大崎义隆,大名,首领,大崎家,名生城,无,已登场,大崎义隆,家老,直臣,大久保家,佐贺城,无,,"[{""stage"":"""",""tkid"":""159"",""ref"":""159"",""emotion"":0}]",,TAIKOU_bio_159,大崎家第１３代當主。義直之子。作為奧州探題，與伊達家相抗爭。一度曾擊退過政宗的軍隊，最終抵抗失敗，歸於其麾下。由於在豐臣秀吉征討小田原之戰時遲到，而被貶為平民，後求助於上杉景勝成為其家臣。
lord_tk5_160,160,160,,大崎义直,大崎義直,大崎,义直,Osaki Yoshinao,ou,1,1517,1554,1577,病死,,,,,lord_tk5_159,只限武将,75,75,普通,胆小,现实,慎重,普通,29,艺术品,贪心,滴酒不沾,源氏,刀剑,35,44,47,51,56,1,0,1,0,1,1,0,0,2,0,0,0,0,1,0,0,无,强袭,无,一般条件,,,已登场,大崎义直,大名,首领,大崎家,clan_osaki_1,名生城,无,已登场,大崎义直,大名,首领,大崎家,clan_osaki_1,名生城,无,已登场,大崎义直,大名,首领,大崎家,clan_osaki_1,名生城,无,已登场,大崎义直,大名,首领,大崎家,clan_osaki_1,名生城,无,已死亡,大崎义直,无效,无效,无,clan_osaki_1,无效,无,已死亡,大崎义直,无效,无效,无,clan_uesugi_2,无效,无,已登场,大崎义直,大名,首领,大崎家,名生城,无,已死亡,大崎义直,无效,无效,无,无效,无,已登场,大崎义直,部将,直臣,大久保家,佐贺城,无,,"[{""stage"":"""",""tkid"":""160"",""ref"":""160"",""emotion"":0}]",,TAIKOU_bio_160,大崎家第十一代當主。身為奧州探題的權勢逐漸不穩之後，家中的家臣便引發了內亂。為了平息內亂而仰賴伊達家的援助，因此招致伊達家介入了其國內的政治。雖然最後勉強地維持自立性，卻已無法挽救大崎家的沒落。
lord_tk5_161,161,161,,大须贺康高,大須賀康高,大须贺,康高,Ota Ujiyasu,tokai,1,1528,1554,1589,病死,,,,,,只限武将,60,60,温和,普通,现实,慎重,普通,26,书籍,无欲,普通,平氏,刀剑,65,46,52,37,44,1,1,1,2,1,0,2,0,1,1,0,0,1,0,0,1,无,强袭,无,无要求,,,已登场,大须贺康高,足轻组头,陪臣（松平元康）,今川家,clan_tokugawa_1,骏府城,无,已登场,大须贺康高,足轻组头,陪臣（松平元康）,今川家,clan_tokugawa_1,冈崎城,无,已登场,大须贺康高,侍大将,直臣,德川家,clan_tokugawa_1,冈崎城,无,已登场,大须贺康高,侍大将,直臣,德川家,clan_tokugawa_1,滨松城,无,已登场,大须贺康高,侍大将,直臣,德川家,clan_tokugawa_1,滨松城,无,已死亡,大须贺康高,无效,无效,无,,无效,无,已登场,大须贺康高,足轻组头,直臣,松平家,冈崎城,无,已登场,大须贺康高,侍大将,直臣,德川家,滨松城,无,已登场,大须贺康高,家老,直臣,大久保家,佐贺城,无,,"[{""stage"":"""",""tkid"":""161"",""ref"":""161"",""emotion"":0}]",,TAIKOU_bio_161,德川家臣。會戰中經常充當先鋒或殿後。小牧長久手之戰時出任先鋒，擊潰豐臣秀次的部隊。不僅僅是軍事方面，其還充任三河奉行，在政治方面也對家康有所幫助。
lord_tk5_162,162,162,,太田氏资,太田氏資,太田,氏资,Otaa Gyuichi,kanto,1,1543,1557,1567,战死,lord_tk5_164,,,,lord_tk5_164|lord_tk5_826,全职种,70,70,性急,胆小,现实,慎重,不重情义,55,南蛮物,贪心,普通,源氏,刀剑,51,55,43,60,35,1,0,1,2,1,2,1,0,0,0,0,0,2,2,0,0,无,强袭，拔突，铁壁,无,无要求,,,未登场,太田氏资,部将,陪臣（太田资正）,北条家,clan_otaa_1,岩槻城,无,已登场,太田氏资,家老,直臣,太田家,clan_otaa_1,岩槻城,无,已死亡,太田氏资,无效,无效,无,clan_otaa_1,无效,无,已死亡,太田氏资,无效,无效,无,clan_satake_2,无效,无,已死亡,太田氏资,无效,无效,无,clan_satake_2,无效,无,已死亡,太田氏资,无效,无效,无,clan_satake_2,无效,无,未登场,太田氏资,侍大将,直臣,太田家,岩槻城,无,已死亡,太田氏资,无效,无效,无,无效,无,已登场,太田氏资,浪人,其他,无,鸣门之町,无,,"[{""stage"":"""",""tkid"":""162"",""ref"":""162"",""emotion"":0}]",,TAIKOU_bio_162,北條家家臣。資正之子。岩槻城城主。雖然起初身為扇谷上杉家家臣之一與父親‧資正一起對抗北條家，但當資正外出時，與北條家私通成為北條家家臣。拒絕資正的歸城並且放逐資正，成為了岩槻城城主。後來在三船山合戰中敗給安房里見家而陣亡。
lord_tk5_163,163,163,,太田牛一,,太田,牛一,Otaa Sanrakusai,kinai,1,1527,1554,1611,病死,,,,,,全职种,0,0,性急,勇敢,现实,慎重,普通,17,武具,无欲,普通,其他,弓,37,79,62,66,71,1,0,0,0,4,0,1,0,0,1,0,1,3,3,0,2,弓箭乱射,刚弓，神弓，天弓，心眼,弓术名人,一般条件,,,已登场,太田牛一,足轻组头,直臣,织田家,clan_oda_1,清洲城,无,已登场,太田牛一,足轻组头,直臣,织田家,clan_oda_1,清洲城,无,已登场,太田牛一,足轻组头,直臣,织田家,clan_oda_1,岐阜城,无,已登场,太田牛一,足轻组头,直臣,织田家,clan_oda_1,岐阜城,无,已登场,太田牛一,足轻组头,直臣,织田家,clan_oda_1,安土城,无,已登场,太田牛一,足轻大将,直臣,丰臣家,clan_kinoshita_1,大坂城,无,已登场,太田牛一,足轻组头,直臣,织田家,那古野城,无,已登场,太田牛一,侍大将,直臣,羽柴家,石山本愿寺,无,已登场,太田牛一,中忍,直臣,羽黑众,羽黑之里,无,,"[{""stage"":"""",""tkid"":""163"",""ref"":""163"",""emotion"":0}]",,TAIKOU_bio_163,織田家家臣。『信長公記』的作者。因為射箭功力有過人之處而成為信長的直屬，後來侍奉秀吉。在內政方面施展手腕之餘，也致力於軍記書物的著作。除了『信長公記』之外，還遺留下『太閤樣軍記之內』等貴重的歷史實錄書物。
lord_tk5_164,164,164,,太田三乐斋,太田三樂齋|太田资正|太田資正,太田,三乐斋,Otaa Sanzesai,kanto,1,1522,1554,1591,病死,,,,,lord_tk5_162|lord_tk5_826,只限武将,15,15,普通,勇敢,普通,轻率,普通,69,武具,普通,普通,源氏,弓,79,65,49,59,48,2,3,1,2,4,2,2,2,0,1,0,0,3,1,2,0,弓箭乱射,强袭，拔突，二连苦无，刚弓，神弓，天弓，铁壁，心眼，忍犬之术，鸣弦,弓术名人,无要求,,,已登场,太田资正,城主,首领,北条家,clan_otaa_1,岩槻城,无,已登场,太田资正,大名,首领,太田家,clan_otaa_1,岩槻城,无,已登场,太田三乐斋,城主,直臣,佐竹家,clan_otaa_1,小田城,无,已登场,太田三乐斋,家老,直臣,佐竹家,clan_satake_2,太田城,无,已登场,太田三乐斋,家老,直臣,佐竹家,clan_satake_2,太田城,无,已死亡,太田三乐斋,无效,无效,无,clan_satake_2,无效,无,已登场,太田资正,大名,首领,太田家,岩槻城,无,已登场,太田三乐斋,家老,直臣,佐竹家,水户城,无,已登场,太田资正,下忍,直臣,透波众,透波之里,无,,"[{""stage"":"""",""tkid"":""164"",""ref"":""164"",""emotion"":0}]",,TAIKOU_bio_164,扇谷上杉家臣，岩付城主。號三樂齋。主家滅亡後與上杉謙信聯手與北條氏康和武田信玄等作戰。在國府台之戰中敗於北條後，被其子氏資流放，投靠佐竹義重。秀吉進攻小田原時，應召赴小田原。
lord_tk5_165,165,165,,大谷吉继,大谷吉繼,大谷,吉继,Otsuki Kageshu,hokuriku,1,1559,1573,1600,战死,,,,,lord_tk5_917,只限武将,16,16,普通,勇敢,理想,轻率,重视情义,32,武具,普通,普通,源氏,枪,80,69,72,81,76,2,1,2,2,1,2,1,0,2,2,1,3,2,0,2,1,无,强袭，拔突，铁壁，丢钱,无,一般条件,,,未登场,大谷吉继,浪人,其他,无,,目加田之町,无,未登场,大谷吉继,浪人,其他,无,,目加田之町,无,未登场,大谷吉继,浪人,其他,无,,目加田之町,无,已登场,大谷吉继,浪人,其他,无,,目加田之町,无,已登场,大谷吉继,足轻组头,陪臣（羽柴秀吉）,织田家,clan_kinoshita_1,姬路城,无,已登场,大谷吉继,大名,首领,大谷家,clan_otsuki_1,敦贺城,无,未登场,大谷吉继,浪人,其他,无,目加田之町,无,已登场,大谷吉继,足轻组头,直臣,羽柴家,石山本愿寺,无,已登场,大谷吉继,家老,直臣,大久保家,佐贺城,无,,"[{""stage"":"""",""tkid"":""165"",""ref"":""165"",""emotion"":0}]",,TAIKOU_bio_165,豐臣家臣。秀吉家童。受到信任，憑著能力與積極的行動，官位直達奉行。賤岳之戰中指揮柴田勝豐立下戰功。關原之戰時應石田三成之邀加入西軍，與石田同生死。
lord_tk5_166,166,166,,大月景秀,,大月,景秀,Ogasawara Shozai,hokuriku,1,1522,1554,1573,病死,,,,,,全职种,50,50,温和,胆小,现实,普通,普通,12,书籍,无欲,滴酒不沾,源氏,枪,26,41,48,51,64,0,0,0,0,0,0,0,0,0,0,1,1,3,2,1,4,无,拔突，伤药，止血,良医,一般条件,,,已登场,大月景秀,医师,其他,无,,敦贺之町,无,已登场,大月景秀,医师,其他,无,,敦贺之町,无,已登场,大月景秀,医师,其他,无,,敦贺之町,无,已死亡,大月景秀,无效,无效,无,,无效,无,已死亡,大月景秀,无效,无效,无,,无效,无,已死亡,大月景秀,无效,无效,无,,无效,无,已登场,大月景秀,医师,其他,无,敦贺之町,无,已死亡,大月景秀,无效,无效,无,无效,无,已登场,大月景秀,部将,直臣,大久保家,佐贺城,无,,"[{""stage"":"""",""tkid"":""166"",""ref"":""166"",""emotion"":0}]",,TAIKOU_bio_166,醫師。侍奉越前的朝倉義景。織田信長滅掉主家之後，出家改名為善隆。定居北之庄，創出了名為「万金丹」的藥丸，此藥受到眾人的肯定。具有提神解毒等良效。
lord_tk5_167,167,167,,大友宗麟,大友义镇|大友義鎮,大友,宗麟,Otomo Sorin,saikai,1,1530,1554,1587,病死,lord_tk5_811,,,,lord_tk5_152|lord_tk5_168|lord_tk5_169|lord_tk5_170|lord_tk5_811,只限武将,84,84,性急,勇敢,普通,普通,普通,81,南蛮物,贪心,普通,藤原氏,刀剑,86,59,86,74,85,4,3,3,2,1,0,2,0,2,2,1,1,3,2,3,2,强行突破，加护,强袭，急所击,无,一般条件,臼杵鉴速/吉冈长增/吉弘鉴理,,已登场,大友义镇,大名,首领,大友家,clan_otomo_1,府内城,无,已登场,大友义镇,大名,首领,大友家,clan_otomo_1,府内城,无,已登场,大友义镇,大名,首领,大友家,clan_otomo_1,府内城,无,已登场,大友宗麟,大名,首领,大友家,clan_otomo_1,府内城,无,已登场,大友宗麟,大名,首领,大友家,clan_otomo_1,府内城,无,已死亡,大友宗麟,无效,无效,无,clan_tachibana_2,无效,无,已登场,大友义镇,家老,直臣,大友家,府内城,无,已登场,大友宗麟,大名,首领,大友家,府内城,无,已登场,大友宗麟,部将,直臣,大久保家,佐贺城,无,,"[{""stage"":"""",""tkid"":""167"",""ref"":""167"",""emotion"":0}]",,TAIKOU_bio_167,大友家第２１代家主。之後削髮為僧，號宗麟。憑藉其做海外交易而取得的經濟實力，和善於排兵佈陣平定了北九州六國。因保護天主教徒而招致家中對立，因而領內混亂。再加上被島津軍侵略，因此勢力漸趨沒落。
lord_tk5_168,168,168,,大友亲家,大友親家,大友,亲家,Otomo Chikaie,saikai,1,1561,1575,1641,病死,lord_tk5_167,,,lord_tk5_811,lord_tk5_152|lord_tk5_167|lord_tk5_169|lord_tk5_170|lord_tk5_811,全职种,84,84,性急,勇敢,理想,轻率,不重情义,76,武具,贪心,嗜酒如命,藤原氏,刀剑,49,72,35,25,52,1,0,0,0,2,3,1,0,0,0,0,0,0,1,1,0,无,强袭，连续斩，拔突，刚弓，刚力，铁壁,无,无要求,,,未登场,大友亲家,部将,陪臣（大友义镇）,大友家,clan_otomo_1,府内城,无,未登场,大友亲家,部将,直臣,大友家,clan_otomo_1,府内城,无,未登场,大友亲家,部将,直臣,大友家,clan_otomo_1,府内城,无,已登场,大友亲家,部将,直臣,大友家,clan_otomo_1,府内城,无,已登场,大友亲家,部将,直臣,大友家,clan_otomo_1,府内城,无,已登场,大友亲家,部将,直臣,立花家,clan_tachibana_2,柳川城,无,未登场,大友亲家,部将,陪臣（大友义镇）,大友家,府内城,无,已登场,大友亲家,部将,直臣,大友家,府内城,无,已登场,大友亲家,部将,陪臣（大友宗麟）,大久保家,佐贺城,无,,"[{""stage"":"""",""tkid"":""168"",""ref"":""168"",""emotion"":0}]",,TAIKOU_bio_168,大友家臣。義鎮之次子。洗禮名塞巴斯。遵照父親的命令出家，後為提高武功而還俗。聰明伶俐，但脾氣暴躁。之後，與其兄家主義統反逆，串通島津氏謀反。理當治罪被殺，但經義鎮從中調解，只是沒收了其領地。
lord_tk5_169,169,169,,大友亲盛,大友親盛,大友,亲盛,Otomo Chikamori,saikai,1,1567,1581,1643,病死,lord_tk5_167,,,lord_tk5_811,lord_tk5_152|lord_tk5_167|lord_tk5_168|lord_tk5_170|lord_tk5_811,全职种,84,84,温和,胆小,普通,普通,普通,43,书籍,无欲,滴酒不沾,藤原氏,刀剑,39,43,62,51,61,0,1,0,0,0,0,0,0,0,1,1,0,2,1,1,1,无,强袭,无,无要求,,,未登场,大友亲盛,部将,陪臣（大友义镇）,大友家,clan_otomo_1,府内城,无,未登场,大友亲盛,部将,直臣,大友家,clan_otomo_1,府内城,无,未登场,大友亲盛,部将,直臣,大友家,clan_otomo_1,府内城,无,未登场,大友亲盛,部将,直臣,大友家,clan_otomo_1,府内城,无,已登场,大友亲盛,部将,直臣,大友家,clan_otomo_1,府内城,无,已登场,大友亲盛,浪人,其他,无,clan_tachibana_2,小仓之町,无,未登场,大友亲盛,部将,陪臣（大友义镇）,大友家,府内城,无,已登场,大友亲盛,部将,直臣,大友家,府内城,无,已登场,大友亲盛,部将,陪臣（大友宗麟）,大久保家,佐贺城,无,,"[{""stage"":"""",""tkid"":""169"",""ref"":""169"",""emotion"":0}]",,TAIKOU_bio_169,大友家臣。義鎮之三子。洗禮名潘塔雷安。出家後還俗，成為田原親賢的義子，在豐前活躍。深得義鎮信賴，並接受了洗禮。戶次川之戰時參戰，被島津軍擊敗。主家被貶後，侍奉細川家，稱松野豐齋。
lord_tk5_170,170,170,,大友义统,大友義統,大友,义统,Otomo Yoshimune,saikai,1,1558,1572,1610,病死,lord_tk5_167,,,lord_tk5_811,lord_tk5_152|lord_tk5_167|lord_tk5_168|lord_tk5_169|lord_tk5_811,全职种,84,84,普通,胆小,普通,普通,普通,65,南蛮物,贪心,滴酒不沾,藤原氏,刀剑,42,32,41,30,63,0,0,1,0,0,0,0,0,1,0,0,1,0,0,0,1,无,强袭,无,一般条件,,,未登场,大友义统,部将,陪臣（大友义镇）,大友家,clan_otomo_1,府内城,无,未登场,大友义统,家老,直臣,大友家,clan_otomo_1,府内城,无,未登场,大友义统,家老,直臣,大友家,clan_otomo_1,府内城,无,已登场,大友义统,家老,直臣,大友家,clan_otomo_1,府内城,无,已登场,大友义统,家老,直臣,大友家,clan_otomo_1,府内城,无,已登场,大友义统,浪人,其他,无,clan_tachibana_2,府内之町,无,未登场,大友义统,部将,陪臣（大友义镇）,大友家,府内城,无,已登场,大友义统,家老,直臣,大友家,府内城,无,已登场,大友义统,部将,陪臣（大友宗麟）,大久保家,佐贺城,无,,"[{""stage"":"""",""tkid"":""170"",""ref"":""170"",""emotion"":0}]",,TAIKOU_bio_170,大友家第２２代家主。義鎮之嫡子。受其父義鎮的保護成為家主。因被島津、龍造寺兩家壓迫而向秀吉求助，保住了豐後一國。但因向朝鮮派兵時失策被貶，關原之戰加盟西軍而遭流放。
lord_tk5_171,171,171,,大野治长,大野治長,大野,治长,Oka Toshimasa,kinai,1,1573,1584,1615,战死,大野治长父,,,,lord_tk5_861,只限武将,20,20,性急,胆小,理想,轻率,普通,65,艺术品,贪心,嗜酒如命,其他,刀剑,29,28,57,59,35,0,0,1,0,0,0,0,0,2,1,2,0,3,1,4,0,无,强袭,风雅之士,一般条件,,,未登场,大野治长,足轻组头,直臣,织田家,clan_oda_1,清洲城,无,未登场,大野治长,足轻组头,直臣,织田家,clan_oda_1,清洲城,无,未登场,大野治长,足轻组头,直臣,织田家,clan_oda_1,岐阜城,无,未登场,大野治长,足轻组头,直臣,织田家,clan_oda_1,岐阜城,无,未登场,大野治长,足轻组头,陪臣（羽柴秀吉）,织田家,clan_kinoshita_1,姬路城,无,已登场,大野治长,部将,直臣,丰臣家,clan_kinoshita_1,大坂城,无,未登场,大野治长,浪人,其他,无,井之口之町,无,已登场,大野治长,足轻组头,直臣,羽柴家,石山本愿寺,无,已登场,大野治长,部将,直臣,大久保家,佐贺城,无,,"[{""stage"":"""",""tkid"":""171"",""ref"":""171"",""emotion"":0}]",,TAIKOU_bio_171,豐臣家臣。綽號修理亮。擔任秀吉的馬迴之職，之後侍奉秀賴。片桐且元從大阪城退去後，整治城內。大阪陣中，擔任豐臣方的指揮，大阪城陷落之時，殉其主公秀賴而自殺。
lord_tk5_172,172,172,,大村纯忠,大村純忠,大村,纯忠,Omura Sumitada,saikai,1,1533,1554,1587,病死,lord_tk5_822,,,,lord_tk5_53|lord_tk5_810|lord_tk5_822,全职种,70,70,温和,普通,理想,普通,重视情义,16,南蛮物,贪心,滴酒不沾,藤原氏,刀剑,48,37,62,55,42,0,1,2,1,0,0,0,0,0,1,2,1,2,3,1,2,无,强袭,无,无要求,,,已登场,大村纯忠,城主,直臣,龙造寺家,clan_omura_1,大村城,无,已登场,大村纯忠,城主,直臣,龙造寺家,clan_omura_1,大村城,无,已登场,大村纯忠,城主,直臣,龙造寺家,clan_omura_1,大村城,无,已登场,大村纯忠,城主,直臣,龙造寺家,clan_omura_1,大村城,无,已登场,大村纯忠,城主,直臣,龙造寺家,clan_omura_1,大村城,无,已死亡,大村纯忠,无效,无效,无,clan_arima_1,无效,无,已登场,大村纯忠,城主,直臣,有马家,大村城,无,已登场,大村纯忠,家老,直臣,龙造寺家,佐嘉城,无,已登场,大村纯忠,部将,直臣,大久保家,佐贺城,无,,"[{""stage"":"""",""tkid"":""172"",""ref"":""172"",""emotion"":0}]",,TAIKOU_bio_172,肥前的豪族，三城主。有馬晴純次子。成為大村純前的義子，繼承了家督。受到周邊各國的壓迫，為此開放長崎，以圖藉由與葡萄牙通商打開局面。是日本首位吉利支丹大名。同時並在領地內鼓勵信仰。
lord_tk5_173,173,173,,小笠原长时,小笠原長時,小笠原,长时,Okamoto Zuiensai,hokuriku,1,1514,1554,1583,病死,,,,,,全职种,15,15,温和,胆小,现实,慎重,普通,67,艺术品,普通,普通,源氏,刀剑,24,31,41,29,53,0,0,1,0,0,0,1,0,0,0,0,2,3,0,1,1,无,强袭,无,无要求,,,已登场,小笠原长时,足轻大将,直臣,长尾家,clan_uesugi_1,春日山城,无,已登场,小笠原长时,足轻大将,直臣,三好家,clan_miyoshi_1,饭盛城,无,已登场,小笠原长时,足轻大将,直臣,上杉家,clan_uesugi_1,春日山城,无,已登场,小笠原长时,足轻大将,直臣,上杉家,clan_uesugi_1,春日山城,无,已登场,小笠原长时,足轻大将,直臣,上杉家,clan_uesugi_2,春日山城,无,已死亡,小笠原长时,无效,无效,无,,无效,无,已登场,小笠原长时,大名,首领,小笠原家,高远城,无,已死亡,小笠原长时,无效,无效,无,无效,无,已登场,小笠原长时,城主,直臣,小笠原家,名岛城,无,,"[{""stage"":"""",""tkid"":""173"",""ref"":""173"",""emotion"":0}]",,TAIKOU_bio_173,信濃守護‧小笠原家的嫡系。由於數度敗給武田信玄，因此投靠上杉謙信而棲身於越後。後來雖移住攝津，又因信長的侵攻而再度向上杉求助。謙信死後，轉而倚賴會津蘆名家，最後在該地死去。
lord_tk5_174,174,174,,小笠原少斋,小笠原少齋|小笠原秀清,小笠原,少斋,Okamoto Motonobu,kinai,1,1547,1561,1600,战死,,,,,,全职种,98,98,温和,普通,普通,慎重,重视情义,55,武具,无欲,普通,源氏,枪,51,62,34,51,65,1,1,1,1,1,1,2,1,1,1,0,0,0,0,0,0,无,拔突,无,无要求,,,未登场,小笠原秀清,足轻组头,陪臣（细川藤孝）,足利家,clan_hosokawa_1,朽木谷城,无,未登场,小笠原秀清,浪人,其他,无,,京之町,无,已登场,小笠原秀清,足轻组头,陪臣（细川藤孝）,足利家,clan_hosokawa_1,二条城,无,已登场,小笠原秀清,足轻组头,陪臣（细川藤孝）,织田家,clan_hosokawa_1,岐阜城,无,已登场,小笠原秀清,足轻组头,陪臣（细川藤孝）,织田家,clan_hosokawa_1,宫津城,无,已登场,小笠原少斋,侍大将,直臣,细川家,clan_hosokawa_1,宫津城,无,未登场,小笠原秀清,浪人,其他,无,京之町,无,已登场,小笠原秀清,足轻组头,陪臣（细川忠兴）,羽柴家,宫津城,无,已登场,小笠原少斋,大名,首领,小笠原家,小仓城,无,,"[{""stage"":"""",""tkid"":""174"",""ref"":""174"",""emotion"":0}]",,TAIKOU_bio_174,細川家家臣。人稱少齋。在細川忠興出兵會津征伐時，奉命擔任玉造細川邸的警護。在石田三成一舉出兵壓制大阪後，遵從夫人‧葛拉夏（玉子）的請求，用槍刺殺夫人後，自己也一同殉死。
lord_tk5_175,175,175,,冈家利,岡家利|岡利勝,冈,家利,Okudaira Nobumasa,sanyo,1,1532,1554,1592,病死,,,,,,只限武将,15,15,温和,普通,普通,轻率,普通,24,书籍,普通,普通,其他,枪,63,52,66,67,65,2,2,1,1,1,3,1,0,3,4,1,0,1,0,1,0,土龙攻,强袭，连续斩，拔突，粘花，卷枪，引落，柄返，刚力，铁壁,无,无要求,,,已登场,冈家利,侍大将,陪臣（宇喜多直家）,浦上家,clan_ukita_1,天神山城,无,已登场,冈家利,侍大将,陪臣（宇喜多直家）,浦上家,clan_ukita_1,天神山城,无,已登场,冈家利,侍大将,陪臣（宇喜多直家）,浦上家,clan_ukita_1,天神山城,无,已登场,冈家利,侍大将,陪臣（宇喜多直家）,浦上家,clan_ukita_1,冈山城,无,已登场,冈家利,侍大将,直臣,宇喜多家,clan_ukita_1,冈山城,无,已死亡,冈家利,无效,无效,无,,无效,无,已登场,冈家利,侍大将,陪臣（宇喜多直家）,浦上家,天神山城,无,已登场,冈家利,部将,直臣,宇喜多家,冈山城,无,已登场,冈家利,浪人,其他,无,冈崎之町,无,,"[{""stage"":"""",""tkid"":""175"",""ref"":""175"",""emotion"":0}]",,TAIKOU_bio_175,宇喜多家臣。主公直家在乙子城以來一直侍奉宇喜多家的三老之一。擅於刀槍術，是歷經４０餘回戰役的勇士。參與了備前岡山城的修築和城下鎮的建設，並進行了稱為宇喜多開墾的排水造田。
lord_tk5_176,176,176,,冈部贞纲,岡部貞綱,冈部,贞纲,,tokai,1,1526,1554,1575,战死,,,,,,全职种,86,86,普通,勇敢,理想,轻率,普通,50,南蛮物,贪心,嗜酒如命,源氏,刀剑,67,66,21,43,59,2,1,2,3,1,2,1,2,1,0,0,0,1,0,0,1,水上禁行,强袭，拔突，二连苦无，铁壁,无,无要求,,,已登场,冈部贞纲,头领,首领,骏河水军,clan_okabe_1,清水之砦,无,已登场,冈部贞纲,头领,首领,骏河水军,clan_okabe_1,清水之砦,无,已登场,冈部贞纲,头领,首领,骏河水军,clan_okabe_1,清水之砦,无,已登场,冈部贞纲,头领,首领,骏河水军,clan_okabe_1,清水之砦,无,已死亡,冈部贞纲,无效,无效,无,,无效,无,已死亡,冈部贞纲,无效,无效,无,,无效,无,已登场,冈部贞纲,头领,首领,骏河水军,清水之砦,无,已死亡,冈部贞纲,无效,无效,无,无效,无,已登场,冈部贞纲,浪人,其他,无,冈崎之町,无,,"[{""stage"":"""",""tkid"":""176"",""ref"":""176"",""emotion"":0}]",,TAIKOU_bio_176,今川家家臣。後來成為武田家家臣。人稱忠兵衛。與伊丹康直同為今川水軍的將領。主家滅亡後，侍奉武田家成為了水軍大將。看上土屋昌恒的英勇善戰而將其收為養子，自己也改姓為土屋。後來在長篠合戰中戰死。
lord_tk5_177,177,177,,冈部正纲,岡部正綱,冈部,正纲,Okabe Masatsuna,tosan,1,1542,1556,1583,病死,冈部久纲,,,,lord_tk5_178,全职种,70,45,温和,普通,普通,轻率,普通,43,艺术品,无欲,嗜酒如命,藤原氏,刀剑,67,67,54,48,63,3,2,1,0,1,1,2,0,0,0,0,0,0,0,1,0,无,强袭,无,无要求,,,未登场,冈部正纲,部将,直臣,今川家,clan_imagawa_1,骏府城,无,已登场,冈部正纲,部将,直臣,今川家,clan_imagawa_1,骏府城,无,已登场,冈部正纲,部将,直臣,今川家,clan_imagawa_1,曳马城,无,已登场,冈部正纲,部将,直臣,武田家,clan_takeda_2,踯躅崎馆,无,已登场,冈部正纲,部将,直臣,武田家,clan_takeda_2,甲府城,无,已死亡,冈部正纲,无效,无效,无,,无效,无,未登场,冈部正纲,部将,直臣,今川家,骏府城,无,已死亡,冈部正纲,无效,无效,无,无效,无,已登场,冈部正纲,浪人,其他,无,冈崎之町,无,,"[{""stage"":"""",""tkid"":""177"",""ref"":""177"",""emotion"":0}]",,TAIKOU_bio_177,今川家臣，信綱之子，元信的兄長。今川家滅亡後，侍奉了武田家，成為清水城主。作為駿河的先頭部隊參加了三方原之戰，武田家滅亡後成為到處流浪的武士。後侍奉德川家，由於甲斐平亂有功，而享受俸祿。
lord_tk5_178,178,178,,冈部元信,岡部元信,冈部,元信,Okabe Motonobu,tosan,1,1543,1557,1581,战死,冈部久纲,,,,lord_tk5_177,只限武将,45,45,性急,勇敢,普通,轻率,重视情义,31,武具,无欲,嗜酒如命,藤原氏,刀剑,70,68,35,52,66,2,2,1,0,1,1,3,0,2,0,0,0,0,1,0,0,无,强袭,无,无要求,,,未登场,冈部元信,部将,直臣,今川家,clan_imagawa_1,骏府城,无,已登场,冈部元信,部将,直臣,今川家,clan_imagawa_1,骏府城,无,已登场,冈部元信,部将,直臣,今川家,clan_imagawa_1,曳马城,无,已登场,冈部元信,部将,直臣,武田家,clan_takeda_2,踯躅崎馆,无,已死亡,冈部元信,无效,无效,无,clan_takeda_2,无效,无,已死亡,冈部元信,无效,无效,无,,无效,无,未登场,冈部元信,部将,直臣,今川家,骏府城,无,已死亡,冈部元信,无效,无效,无,无效,无,已登场,冈部元信,浪人,其他,无,冈崎之町,无,,"[{""stage"":"""",""tkid"":""178"",""ref"":""178"",""emotion"":0}]",,TAIKOU_bio_178,今川家臣。在桶狹間的戰鬥中，被信長打敗後，帶著主人義元的首級回到駿河。主家滅亡後，統領了武田家，成為高天神城主。但在本多忠勝、德川軍隊的猛攻下，城池淪陷，最後戰死。
lord_tk5_179,179,179,,冈本随缘斋,岡本随緣齋|岡本隨緣齋,冈本,随缘斋,Okumura Eifuku,kanto,1,1520,1554,1592,病死,,,,,,全职种,33,33,性急,勇敢,普通,轻率,普通,36,艺术品,贪心,嗜酒如命,其他,刀剑,62,65,46,32,61,2,1,2,4,1,2,1,1,2,0,0,1,0,0,0,2,水上拖延，进水,强袭，拔突，铁壁,无,一般条件,,,已登场,冈本随缘斋,头领,首领,房总水军,clan_okumura_1,冈本之砦,无,已登场,冈本随缘斋,头领,首领,房总水军,clan_okumura_1,冈本之砦,无,已登场,冈本随缘斋,头领,首领,房总水军,clan_okumura_1,冈本之砦,无,已登场,冈本随缘斋,头领,首领,房总水军,clan_okumura_1,冈本之砦,无,已登场,冈本随缘斋,头领,首领,房总水军,clan_okumura_1,冈本之砦,无,已死亡,冈本随缘斋,无效,无效,无,,无效,无,已登场,冈本随缘斋,头领,首领,房总水军,冈本之砦,无,已登场,冈本随缘斋,头领,首领,房总水军,冈本之砦,无,已登场,冈本随缘斋,浪人,其他,无,冈崎之町,无,,"[{""stage"":"""",""tkid"":""179"",""ref"":""179"",""emotion"":0}]",,TAIKOU_bio_179,里見家一族。名為安泰。起初雖出家為僧，後來還俗繼承父親的職位。起初他是以岡本城為據點率領里見水軍中的一支，後來被主家請求將城讓給里見義弘來防備北條家，他爽快地答應了。之後成為了里見義賴的家老。
lord_tk5_180,180,180,,冈本禅哲,岡本禪哲,冈本,禅哲,Okumura Tsunanao,kanto,1,1519,1554,1583,病死,,,,,,全职种,20,20,普通,普通,现实,慎重,重视情义,21,书籍,无欲,普通,藤原氏,刀剑,9,8,68,70,49,0,0,0,0,0,0,0,0,1,1,1,1,3,3,2,3,无,强袭，伤药,无,一般条件,,,已登场,冈本禅哲,部将,直臣,佐竹家,clan_satake_1,太田城,无,已登场,冈本禅哲,部将,直臣,佐竹家,clan_satake_1,太田城,无,已登场,冈本禅哲,部将,直臣,佐竹家,clan_satake_2,太田城,无,已登场,冈本禅哲,部将,直臣,佐竹家,clan_satake_2,太田城,无,已登场,冈本禅哲,部将,直臣,佐竹家,clan_satake_2,太田城,无,已死亡,冈本禅哲,无效,无效,无,,无效,无,已登场,冈本禅哲,部将,直臣,佐竹家,太田城,无,已死亡,冈本禅哲,无效,无效,无,无效,无,已登场,冈本禅哲,浪人,其他,无,冈崎之町,无,,"[{""stage"":"""",""tkid"":""180"",""ref"":""180"",""emotion"":0}]",,TAIKOU_bio_180,佐竹家臣。作為僧人侍奉在佐竹義篤、義昭、義重等三代人左右。在白河結城家和古河公方文書來往中，在外交中均起到了相當大的作用。待遇優厚，是僅次於佐竹家族的重要人物。
lord_tk5_181,181,181,,冈本赖氏,岡本賴氏,冈本,赖氏,Okumura Kagemichi,saikai,1,1537,1554,1606,病死,,,,,,只限武将,20,20,性急,勇敢,普通,轻率,普通,56,武具,普通,普通,其他,枪,70,62,22,27,53,1,2,2,0,1,4,1,0,0,0,0,0,2,0,0,0,无,强袭，连续斩，拔突，粘花，卷枪，引落，当身，柄返，刚力，铁壁,枪术名人,无要求,,,已登场,冈本赖氏,足轻组头,直臣,相良家,clan_sagara_1,人吉城,无,已登场,冈本赖氏,足轻组头,直臣,相良家,clan_sagara_2,人吉城,无,已登场,冈本赖氏,足轻组头,直臣,相良家,clan_sagara_2,人吉城,无,已登场,冈本赖氏,足轻组头,直臣,相良家,clan_sagara_2,人吉城,无,已登场,冈本赖氏,足轻组头,直臣,相良家,clan_sagara_2,人吉城,无,已登场,冈本赖氏,部将,直臣,相良家,clan_sagara_2,人吉城,无,未登场,冈本赖氏,足轻组头,直臣,相良家,人吉城,无,已登场,冈本赖氏,部将,直臣,相良家,人吉城,无,已登场,冈本赖氏,浪人,其他,无,冈崎之町,无,,"[{""stage"":"""",""tkid"":""181"",""ref"":""181"",""emotion"":0}]",,TAIKOU_bio_181,相良家臣。１９歲起初次出征以來，歷經了１９次作戰屢建戰功。薩磨大口之戰時征討過島津家臣川上久朗。之後，著有相良家臣忠軍備忘錄「岡本賴氏戰場日記」。槍法也很有名。
lord_tk5_182,182,182,,冈吉正,岡吉正,冈,吉正,Okudaira Kagetaka,kinai,1,1546,1560,1585,病死,,,,,,全职种,41,41,普通,勇敢,普通,轻率,普通,60,南蛮物,普通,普通,其他,火绳枪,58,54,60,59,52,1,1,4,2,1,1,1,2,0,0,0,0,0,0,0,1,狙击,二连苦无，急所击，二挺击，石火，乱射,火枪名人,无要求,,,未登场,冈吉正,足轻组头,陪臣（铃木佐太夫）,本愿寺,clan_suzuki_1,杂贺城,无,已登场,冈吉正,足轻组头,陪臣（铃木佐太夫）,本愿寺,clan_suzuki_1,杂贺城,无,已登场,冈吉正,足轻组头,陪臣（铃木佐太夫）,本愿寺,clan_suzuki_1,杂贺城,无,已登场,冈吉正,足轻组头,陪臣（铃木佐太夫）,本愿寺,clan_suzuki_1,杂贺城,无,已登场,冈吉正,足轻组头,直臣,铃木家,clan_suzuki_1,杂贺城,无,已死亡,冈吉正,无效,无效,无,,无效,无,未登场,冈吉正,足轻组头,陪臣（铃木佐太夫）,本愿寺,杂贺城,无,已登场,冈吉正,足轻组头,直臣,铃木家,杂贺城,无,已登场,冈吉正,浪人,其他,无,冈崎之町,无,,"[{""stage"":"""",""tkid"":""182"",""ref"":""182"",""emotion"":0}]",,TAIKOU_bio_182,紀伊的豪族，雜賀黨成員。積極參加守衛石山本願寺。擅長射擊技術，據說在狙擊指揮進攻本願寺的織田信長的戰鬥中，曾使信長腿部受傷。後投降信長，信長去世後，投靠豐臣秀吉。
lord_tk5_183,183,183,,奥平信昌,奧平信昌,奥平,信昌,Iii Toramasa,kanto,1,1555,1569,1615,病死,,,,,,全职种,76,76,温和,普通,普通,轻率,不重情义,57,武具,贪心,普通,源氏,刀剑,46,42,58,53,46,1,0,0,0,0,0,1,0,1,1,1,1,1,1,1,0,无,强袭,无,无要求,,,未登场,奥平信昌,部将,陪臣（松平元康）,今川家,clan_iii_1,骏府城,无,未登场,奥平信昌,足轻组头,陪臣（松平元康）,今川家,clan_tokugawa_1,冈崎城,无,已登场,奥平信昌,城主,直臣,德川家,clan_iii_1,长篠城,无,已登场,奥平信昌,城主,直臣,德川家,clan_iii_1,长篠城,无,已登场,奥平信昌,城主,直臣,德川家,clan_iii_1,长篠城,无,已登场,奥平信昌,家老,直臣,德川家,clan_tokugawa_1,江户城,无,未登场,奥平信昌,侍大将,直臣,松平家,冈崎城,无,已登场,奥平信昌,城主,直臣,德川家,长篠城,无,已登场,奥平信昌,浪人,其他,无,平户之町,无,,"[{""stage"":"""",""tkid"":""183"",""ref"":""183"",""emotion"":0}]",,TAIKOU_bio_183,德川家臣。貞能嫡子。曾侍奉武田家，信玄去逝後改仕家康。長篠之戰時大兵壓境之下死守長篠城，為勝利做出了貢獻。後娶家康之妹龜姬。還曾參加小牧長久手和關原之戰。
lord_tk5_184,184,184,,奥村永福,奧村永福,奥村,永福,Kaibara Tsunachika,hokuriku,1,1542,1556,1624,病死,,,,,,全职种,99,99,温和,普通,普通,慎重,重视情义,55,武具,无欲,普通,其他,枪,61,56,55,53,52,2,2,1,1,2,2,0,2,1,2,1,1,2,1,1,0,无,强袭，拔突，二连苦无，刚弓，铁壁,无,无要求,,,未登场,奥村永福,足轻组头,陪臣（前田利家）,织田家,clan_maeda_1,清洲城,无,已登场,奥村永福,足轻组头,陪臣（前田利家）,织田家,clan_maeda_1,清洲城,无,已登场,奥村永福,足轻组头,陪臣（前田利家）,织田家,clan_maeda_1,岐阜城,无,已登场,奥村永福,足轻组头,陪臣（前田利家）,织田家,clan_maeda_1,岐阜城,无,已登场,奥村永福,足轻大将,陪臣（前田利家）,织田家,clan_maeda_1,七尾城,无,已登场,奥村永福,家老,直臣,前田家,clan_maeda_1,金泽城,无,未登场,奥村永福,足轻组头,陪臣（）,织田家,那古野城,无,已登场,奥村永福,足轻大将,直臣,前田家,尾山城,无,已登场,奥村永福,浪人,其他,无,仓敷之町,无,,"[{""stage"":"""",""tkid"":""184"",""ref"":""184"",""emotion"":0}]",,TAIKOU_bio_184,前田家家臣。起初侍奉前田利春，但身份卻是浪人。後來仕官於利家，與村井長賴一起成為了利家的寵臣。在小牧長久手合戰中，力守末森城表現出色，與夫人一起激勵城兵，成功地守護此城直到援軍到達為止。
lord_tk5_185,185,185,,长船贞亲,長船貞親,长船,贞亲,Osafune Sadachika,sanyo,1,1530,1554,1588,战死,,,,,lord_tk5_186,只限武将,19,19,普通,勇敢,普通,普通,普通,49,武具,普通,嗜酒如命,其他,刀剑,62,46,39,36,43,1,1,1,0,0,0,0,0,1,1,1,0,0,1,0,0,无,强袭,无,无要求,,,已登场,长船贞亲,足轻大将,陪臣（宇喜多直家）,浦上家,clan_osafune_1,天神山城,无,已登场,长船贞亲,足轻大将,陪臣（宇喜多直家）,浦上家,clan_osafune_1,天神山城,无,已登场,长船贞亲,足轻大将,陪臣（宇喜多直家）,浦上家,clan_osafune_1,天神山城,无,已登场,长船贞亲,足轻大将,陪臣（宇喜多直家）,浦上家,clan_ukita_1,冈山城,无,已登场,长船贞亲,侍大将,直臣,宇喜多家,clan_osafune_1,冈山城,无,已死亡,长船贞亲,无效,无效,无,clan_ukita_1,无效,无,已登场,长船贞亲,足轻大将,陪臣（宇喜多直家）,浦上家,天神山城,无,已登场,长船贞亲,家老,直臣,宇喜多家,冈山城,无,已登场,长船贞亲,浪人,其他,无,长船之町,无,,"[{""stage"":"""",""tkid"":""185"",""ref"":""185"",""emotion"":0}]",,TAIKOU_bio_185,宇喜多家臣。宇喜多三老之一。是主公直家的近侍，參加了明禪寺交戰等各地的戰役。是創業的有功之臣。大老戶川秀安退隱後，擔當國政。後被妹婿石原新太郎所殺。
lord_tk5_186,186,186,,长船纲直,長船綱直,长船,纲直,Osafune Mitsunari,sanyo,1,1559,1573,1598,战死,lord_tk5_185,,,,lord_tk5_185,全职种,19,19,普通,普通,普通,慎重,普通,45,南蛮物,无欲,普通,其他,刀剑,39,37,72,68,42,1,0,1,0,0,0,0,0,4,3,3,0,2,2,1,3,紧急修补,强袭，伤药,无,无要求,,,未登场,长船纲直,足轻组头,陪臣（长船贞亲）,浦上家,clan_osafune_1,天神山城,无,未登场,长船纲直,足轻组头,陪臣（长船贞亲）,浦上家,clan_osafune_1,天神山城,无,未登场,长船纲直,足轻组头,陪臣（长船贞亲）,浦上家,clan_osafune_1,天神山城,无,已登场,长船纲直,足轻组头,陪臣（宇喜多直家）,浦上家,clan_ukita_1,冈山城,无,已登场,长船纲直,足轻组头,陪臣（长船贞亲）,宇喜多家,clan_osafune_1,冈山城,无,已登场,长船纲直,家老,直臣,宇喜多家,clan_ukita_1,冈山城,无,未登场,长船纲直,足轻组头,陪臣（长船贞亲）,浦上家,天神山城,无,已登场,长船纲直,部将,陪臣（长船贞亲）,宇喜多家,冈山城,无,已登场,长船纲直,浪人,其他,无,长船之町,无,,"[{""stage"":"""",""tkid"":""186"",""ref"":""186"",""emotion"":0}]",,TAIKOU_bio_186,宇喜多家臣。貞親之子。執掌主家的國政，對領地內的丈量地畝，城下鎮的配備等做出了貢獻，是實務型武將。伏見城施工時作監督，其才華深受秀吉賞識。得其主公秀家恩寵，因此也樹敵較多。
lord_tk5_187,187,187,,小濑甫庵,小瀨甫庵,小濑,甫庵,Kakei Juuzou,tokai,1,1564,1578,1640,病死,,,,,,全职种,50,50,普通,普通,理想,轻率,普通,64,书籍,贪心,普通,源氏,枪,23,29,58,61,72,0,0,0,0,0,0,1,0,4,1,0,2,3,3,1,4,紧急修补,拔突，伤药，止血,无,一般条件,,,未登场,小濑甫庵,浪人,其他,无,,井之口之町,无,未登场,小濑甫庵,浪人,其他,无,,井之口之町,无,未登场,小濑甫庵,浪人,其他,无,,岐阜之町,无,未登场,小濑甫庵,浪人,其他,无,,岐阜之町,无,已登场,小濑甫庵,浪人,其他,无,,岐阜之町,无,已登场,小濑甫庵,侍大将,直臣,堀尾家,clan_horio_1,滨松城,无,未登场,小濑甫庵,浪人,其他,无,井之口之町,无,已登场,小濑甫庵,足轻组头,陪臣（羽柴秀次）,羽柴家,石山本愿寺,无,已登场,小濑甫庵,家老,直臣,小笠原家,小仓城,无,,"[{""stage"":"""",""tkid"":""187"",""ref"":""187"",""emotion"":0}]",,TAIKOU_bio_187,儒醫。以「太閤記」作者而聞名。先後侍奉池田恒興‧豐臣秀次，在關原合戰的前後侍奉堀尾吉晴。之後著作了「信長記」「太閤記」等的軍記書物。但是被認為內容中的故事性雖高，作為歷史書物的價值卻很低。
lord_tk5_188,188,188,,小田氏治,,小田,氏治,Oda Ujiharu,kanto,1,1531,1554,1601,病死,,,,,,全职种,70,70,性急,胆小,理想,普通,不重情义,89,艺术品,贪心,普通,藤原氏,刀剑,44,41,53,50,36,0,1,0,0,0,1,0,0,0,1,0,0,0,2,0,1,无,强袭,无,无要求,,,已登场,小田氏治,大名,首领,小田家,clan_oda_4,土浦城,无,已登场,小田氏治,大名,首领,小田家,clan_oda_4,土浦城,无,已登场,小田氏治,大名,首领,小田家,clan_oda_4,土浦城,无,已登场,小田氏治,家老,直臣,北条家,clan_hojo_2,小田原城,无,已登场,小田氏治,家老,直臣,北条家,clan_hojo_2,小田原城,无,已登场,小田氏治,足轻大将,直臣,结城家,clan_yuki_3,结城城,无,已登场,小田氏治,大名,首领,小田家,小田城,无,已登场,小田氏治,大名,首领,小田家,土浦城,无,已登场,小田氏治,部将,直臣,小笠原家,小仓城,无,,"[{""stage"":"""",""tkid"":""188"",""ref"":""188"",""emotion"":0}]",,TAIKOU_bio_188,小田家第１５代家主。政治之子。小田氏擔任守護常陸的名族。曾試圖與北條家結盟，阻止佐竹家南進，但屢戰屢敗，在城池淪陷後投降。此後也未收復失地，而從屬於結城秀康。
lord_tk5_189,189,189,,织田有乐,織田有樂|织田长益|織田長益,织田,有乐,Oda Kiyoeimon,kinai,1,1547,1561,1621,病死,lord_tk5_803,,,织田信定,lord_tk5_190|lord_tk5_191|lord_tk5_192|lord_tk5_193|lord_tk5_194|lord_tk5_195|lord_tk5_490|lord_tk5_803|lord_tk5_837,全职种,0,0,温和,胆小,现实,轻率,普通,39,艺术品,普通,普通,平氏,枪,48,19,50,46,41,2,2,1,0,0,1,0,0,0,0,1,1,3,1,4,2,无,拔突,风雅之士,一般条件,,,未登场,织田长益,足轻组头,直臣,织田家,clan_oda_1,清洲城,无,未登场,织田长益,足轻组头,直臣,织田家,clan_oda_1,清洲城,无,已登场,织田长益,足轻组头,直臣,织田家,clan_oda_1,岐阜城,无,已登场,织田长益,足轻组头,直臣,织田家,clan_oda_1,岐阜城,无,已登场,织田长益,足轻组头,直臣,织田家,clan_oda_1,安土城,无,已登场,织田有乐,城主,直臣,丰臣家,clan_kinoshita_1,信贵山城,无,未登场,织田长益,足轻组头,直臣,织田家,那古野城,无,已登场,织田有乐,足轻大将,直臣,织田家,长岛城,无,已登场,织田有乐,浪人,其他,无,小田原之町,无,,"[{""stage"":"""",""tkid"":""189"",""ref"":""189"",""emotion"":0}]",,TAIKOU_bio_189,信秀的第十子。信長之弟。名長益，號有樂齋。酷愛茶道，是知名的茶人。與千利休有交往，是利休七哲之一。兄信長死後，侍奉豐臣家，千利休死後，擔任秀吉的茶師。關原之戰時雖隸屬東軍，但在戰後又出仕於豐臣家。大阪夏之陣時再度投向德川家。
lord_tk5_190,190,190,,织田信胜,織田信勝,织田,信胜,Oda Yuuemon,tokai,1,1537,1554,1557,战死,lord_tk5_803,,,织田信定,lord_tk5_189|lord_tk5_191|lord_tk5_192|lord_tk5_193|lord_tk5_194|lord_tk5_195|lord_tk5_490|lord_tk5_803|lord_tk5_837,全职种,40,40,性急,胆小,理想,轻率,不重情义,88,武具,贪心,普通,平氏,刀剑,65,51,59,72,82,1,1,0,0,2,1,1,0,0,1,1,1,1,1,1,0,无,强袭，刚弓,无,不可,,主角织田信长，信胜谋反,已登场,织田信胜,城主,直臣,织田家,clan_oda_2,那古野城,无,已死亡,织田信胜,无效,无效,无,clan_oda_1,无效,无,已死亡,织田信胜,无效,无效,无,clan_oda_1,无效,无,已死亡,织田信胜,无效,无效,无,clan_oda_1,无效,无,已死亡,织田信胜,无效,无效,无,clan_oda_1,无效,无,已死亡,织田信胜,无效,无效,无,clan_kinoshita_1,无效,无,已登场,织田信胜,部将,直臣,织田家,那古野城,无,已死亡,织田信胜,无效,无效,无,无效,无,已登场,织田信胜,浪人,其他,无,小田原之町,无,,"[{""stage"":"""",""tkid"":""190"",""ref"":""190"",""emotion"":0}]",,TAIKOU_bio_190,織田家一族。通稱勘十郎。又名信行。兄長‧信長被眾人認為是個「愚者」，相較之下，信勝的品行方正，在家中的評價也很好，所以父親死後，即受到林秀貞‧柴田勝家所擁立而和信長展開內鬥。後來經由母親‧土田御前的調停使兩人修好。但因企圖再度謀反，而被信長謀殺了。
lord_tk5_191,191,191,,织田信雄,織田信雄,织田,信雄,Oda Nobukatsu,hokuriku,1,1558,1572,1630,病死,lord_tk5_195,,,lord_tk5_803,lord_tk5_189|lord_tk5_190|lord_tk5_192|lord_tk5_193|lord_tk5_194|lord_tk5_195|lord_tk5_196|lord_tk5_490|lord_tk5_803,只限武将,25,25,性急,胆小,现实,轻率,不重情义,62,艺术品,贪心,嗜酒如命,平氏,刀剑,31,34,32,24,36,0,0,0,0,1,0,0,1,0,0,0,0,2,2,2,0,无,强袭,无,一般条件,,,未登场,织田信雄,部将,陪臣（织田信长）,织田家,clan_oda_1,清洲城,无,未登场,织田信雄,部将,直臣,织田家,clan_oda_1,清洲城,无,未登场,织田信雄,部将,直臣,织田家,clan_oda_1,岐阜城,无,已登场,织田信雄,城主,直臣,织田家,clan_oda_2,大河内城,无,已登场,织田信雄,国主,直臣,织田家,clan_oda_2,安浓津城,无,已登场,织田信雄,城主,直臣,德川家,clan_tokugawa_1,一乘谷城,无,未登场,织田信雄,部将,陪臣（织田信长）,织田家,那古野城,无,已登场,织田信雄,大名,首领,织田家,长岛城,无,已登场,织田信雄,浪人,其他,无,小田原之町,无,,"[{""stage"":"""",""tkid"":""191"",""ref"":""191"",""emotion"":0}]",,TAIKOU_bio_191,信長之次子。作了伊勢國司北田具房的義子，繼承家業。本能寺事變後與秀吉聯合，討伐其弟信孝。不久與秀吉成為敵對，和德川家康聯合，在小牧長久手作戰，又單獨講和歸屬秀吉。
lord_tk5_192,192,192,,织田信包,織田信包,织田,信包,Oda Nobukane,kinai,1,1543,1554,1614,病死,lord_tk5_803,,,织田信定,lord_tk5_189|lord_tk5_190|lord_tk5_191|lord_tk5_193|lord_tk5_194|lord_tk5_195|lord_tk5_490|lord_tk5_803|lord_tk5_837,全职种,0,0,温和,普通,普通,慎重,普通,34,艺术品,贪心,普通,平氏,刀剑,41,45,32,55,50,1,0,1,0,0,1,0,1,1,1,0,0,1,0,1,0,无,强袭,无,无要求,,,已登场,织田信包,侍大将,直臣,织田家,clan_oda_1,清洲城,无,已登场,织田信包,侍大将,直臣,织田家,clan_oda_1,清洲城,无,已登场,织田信包,侍大将,直臣,织田家,clan_oda_1,岐阜城,无,已登场,织田信包,侍大将,直臣,织田家,clan_oda_1,岐阜城,无,已登场,织田信包,侍大将,直臣,织田家,clan_oda_1,安土城,无,已登场,织田信包,城主,直臣,丰臣家,clan_kinoshita_1,八上城,无,未登场,织田信包,侍大将,直臣,织田家,那古野城,无,已登场,织田信包,部将,直臣,羽柴家,石山本愿寺,无,已登场,织田信包,浪人,其他,无,小田原之町,无,,"[{""stage"":"""",""tkid"":""192"",""ref"":""192"",""emotion"":0}]",,TAIKOU_bio_192,織田家一族。信長之弟。號為老犬齋。信長展開伊勢侵攻之後，成為伊賀上野城主。曾參加越前平定及石山合戰等等的戰役。以織田軍團中的連枝眾而聞名。本能寺之變後侍奉秀吉，在關原之戰後成為了豐臣秀賴的近侍。
lord_tk5_193,193,193,,织田信孝,織田信孝,织田,信孝,Oda Nobutaka,kinai,1,1558,1572,1583,战死,lord_tk5_195,,,lord_tk5_803,lord_tk5_189|lord_tk5_190|lord_tk5_191|lord_tk5_192|lord_tk5_194|lord_tk5_195|lord_tk5_196|lord_tk5_490|lord_tk5_803,只限武将,85,85,性急,勇敢,理想,轻率,普通,82,武具,贪心,嗜酒如命,平氏,刀剑,64,58,42,12,44,2,2,1,1,0,1,1,0,1,0,0,0,1,0,1,0,无,强袭,无,一般条件,,,未登场,织田信孝,部将,陪臣（织田信长）,织田家,clan_oda_1,清洲城,无,未登场,织田信孝,部将,直臣,织田家,clan_oda_1,清洲城,无,未登场,织田信孝,部将,直臣,织田家,clan_oda_1,岐阜城,无,已登场,织田信孝,城主,直臣,织田家,clan_oda_5,安浓津城,无,已登场,织田信孝,家老,直臣,织田家,clan_oda_1,安土城,无,已死亡,织田信孝,无效,无效,无,clan_oda_3,无效,无,未登场,织田信孝,部将,陪臣（织田信长）,织田家,那古野城,无,已死亡,织田信孝,无效,无效,无,无效,无,已登场,织田信孝,浪人,其他,无,小田原之町,无,,"[{""stage"":"""",""tkid"":""193"",""ref"":""193"",""emotion"":0}]",,TAIKOU_bio_193,信長之三子。作了伊勢的豪族，神戶具盛的義子，繼承家業。本能寺事變後，與秀吉一同討伐明智光秀。聯合柴田勝家欲繼續家督之位，失敗。與秀吉對立而告失敗，秀吉命其自殺。
lord_tk5_194,194,194,,织田信忠,織田信忠,织田,信忠,Oda Nobutada,tokai,1,1557,1571,1582,战死,lord_tk5_195,,,lord_tk5_803,lord_tk5_189|lord_tk5_190|lord_tk5_191|lord_tk5_192|lord_tk5_193|lord_tk5_195|lord_tk5_196|lord_tk5_490|lord_tk5_803,只限武将,0,0,温和,普通,普通,轻率,重视情义,77,南蛮物,无欲,普通,平氏,刀剑,78,60,65,57,78,2,1,2,0,2,2,2,0,1,1,1,2,3,1,2,1,无,强袭，拔突，刚弓，铁壁,无,一般条件,,,未登场,织田信忠,部将,陪臣（织田信长）,织田家,clan_oda_3,清洲城,无,未登场,织田信忠,部将,直臣,织田家,clan_oda_3,清洲城,无,未登场,织田信忠,部将,直臣,织田家,clan_oda_3,岐阜城,无,已登场,织田信忠,家老,直臣,织田家,clan_oda_3,岐阜城,无,已登场,织田信忠,国主,直臣,织田家,clan_oda_3,岐阜城,无,已死亡,织田信忠,无效,无效,无,clan_oda_3,无效,无,未登场,织田信忠,部将,陪臣（织田信长）,织田家,那古野城,无,已死亡,织田信忠,无效,无效,无,无效,无,已登场,织田信忠,浪人,其他,无,小田原之町,无,,"[{""stage"":"""",""tkid"":""194"",""ref"":""194"",""emotion"":0}]",,TAIKOU_bio_194,信長的嫡子。其父信長將家督之位讓於他，統領美濃、尾張二國。沒有辜負信長的期待，在鎮壓松永久秀的謀反、甲斐平定戰中立下戰功。本能寺事變時，退縮在二條城與明智軍作戰後自殺。
lord_tk5_195,195,1154|195,,织田信长,織田信長,织田,信长,Oda Nobunaga,kinai,1,1534,1554,1582,战死,lord_tk5_803,,lord_tk5_1194,织田信定,lord_tk5_189|lord_tk5_190|lord_tk5_191|lord_tk5_192|lord_tk5_193|lord_tk5_194|lord_tk5_196|lord_tk5_490|lord_tk5_803|lord_tk5_837,只限武将,0,0,性急,勇敢,理想,轻率,普通,100,南蛮物,贪心,滴酒不沾,平氏,枪,96,70,97,91,99,4,3,4,2,2,2,3,1,4,2,2,3,3,3,3,1,齐攻，齐射，枪炮乱射,强袭，拔突，急所击，刚弓，铁壁，丢钱,风雅之士,不可,,"主角明智光秀，本能寺之变
    主角丰臣秀吉，山崎之战凯旋后
    主角九鬼嘉隆，救出泷川一益后",已登场,织田信长,大名,首领,织田家,clan_oda_1,清洲城,无,已登场,织田信长,大名,首领,织田家,clan_oda_1,清洲城,无,已登场,织田信长,大名,首领,织田家,clan_oda_1,岐阜城,无,已登场,织田信长,大名,首领,织田家,clan_oda_1,岐阜城,无,已登场,织田信长,大名,首领,织田家,clan_oda_1,安土城,无,已死亡,织田信长,无效,无效,无,clan_tokugawa_1,无效,无,已登场,织田信长,部将,直臣,织田家,那古野城,无,已死亡,织田信长,无效,无效,无,无效,无,已登场,织田信长,浪人,其他,无,小田原之町,无,光荣版经典形象：面容俊朗的美男子，剑眉星目、五官细长立体、颧骨分明，神情清冷阴鸷、器宇轩昂，枭雄气概|光荣版经典形象（太阁5）：俊朗冷峻的英主，黑甲配绯红大披风，束发髻，蓄黑短须与唇髭，眼神锐利睥睨，枭雄气概,"[{""stage"":""若君"",""tkid"":""1154"",""ref"":""1154"",""emotion"":1},{""stage"":""上洛"",""tkid"":""195"",""ref"":""195"",""emotion"":1}]",第六天魔王织田信长：从「尾张大傻瓜」蜕变的狂傲革新者，蔑视旧俗、手段狠辣又具霸主魅力（游戏常塑为曹操式魔王）。情绪外放不掩饰：笑则傲岸大笑半眯眼戏谑，怒则冷面讥诮低沉威压，惊则挑眉玩味，悲极少而且淡。,TAIKOU_bio_195,信秀之嫡子。戰國的風雲人物。由於其破天荒的舉止而被人取笑是「傻瓜」。在桶狹間擊敗今川義元之後，欲靠其武力一統天下，相繼消滅了許多敵對勢力。在即將統一天下之前，遭明智光秀謀反，於本能寺結束了輝煌的一生。
lord_tk5_196,196,196,,织田秀信,織田秀信|三法师|三法師,织田,秀信,Oda Masashige,tokai,1,1580,1594,1605,病死,lord_tk5_194,,,lord_tk5_195,lord_tk5_191|lord_tk5_193|lord_tk5_194|lord_tk5_195,只限武将,5,5,温和,胆小,现实,轻率,普通,23,南蛮物,普通,普通,平氏,刀剑,16,24,29,31,79,0,0,1,0,0,0,0,0,0,0,0,0,2,0,3,0,无,强袭,无,一般条件,,,未登场,织田秀信,足轻组头,陪臣（织田信忠）,织田家,clan_oda_3,清洲城,无,未登场,织田秀信,足轻组头,陪臣（织田信忠）,织田家,clan_oda_3,清洲城,无,未登场,织田秀信,足轻组头,陪臣（织田信忠）,织田家,clan_oda_3,岐阜城,无,未登场,织田秀信,足轻组头,陪臣（织田信忠）,织田家,clan_oda_3,岐阜城,无,未登场,织田秀信,足轻组头,陪臣（织田信忠）,织田家,clan_oda_3,岐阜城,无,已登场,织田秀信,大名,首领,织田家,clan_oda_3,岐阜城,无,未登场,织田秀信,足轻组头,陪臣（织田信忠）,织田家,那古野城,无,未登场,织田秀信,足轻组头,直臣,羽柴家,石山本愿寺,无,已登场,织田秀信,浪人,其他,无,小田原之町,无,,"[{""stage"":"""",""tkid"":""196"",""ref"":""196"",""emotion"":0},{""stage"":""三法师"",""tkid"":""1045"",""ref"":""1045"",""emotion"":0}]",,TAIKOU_bio_196,信忠之嫡子。信長之孫。幼名三法師。本能寺事變後，在清洲會議上被秀吉所擁立，３歲即繼承織田家業，實權被秀吉所把持。成人之後，成為岐阜城主。關原之戰支持西軍敗北，入高野山出家。
lord_tk5_197,197,197,,小寺政职,小寺政職,小寺,政职,Kodera Masamoto,sanyo,1,1523,1554,1582,病死,,,,,,只限武将,80,80,普通,胆小,普通,普通,不重情义,54,艺术品,贪心,普通,源氏,刀剑,49,39,55,56,47,1,1,0,1,1,1,0,0,0,0,1,1,1,1,1,0,无,强袭,无,无要求,,,已登场,小寺政职,城主,直臣,赤松家,clan_kodera_1,御着城,无,已登场,小寺政职,城主,直臣,赤松家,clan_kodera_1,御着城,无,已登场,小寺政职,城主,直臣,赤松家,clan_kodera_1,御着城,无,已登场,小寺政职,城主,直臣,赤松家,clan_kodera_1,姬路城,无,已死亡,小寺政职,无效,无效,无,,无效,无,已死亡,小寺政职,无效,无效,无,,无效,无,已登场,小寺政职,城主,直臣,赤松家,御着城,无,已死亡,小寺政职,无效,无效,无,无效,无,已登场,小寺政职,家老,直臣,小笠原家,小仓城,无,,"[{""stage"":"""",""tkid"":""197"",""ref"":""197"",""emotion"":0}]",,TAIKOU_bio_197,赤松家家臣。播磨御著城主。當織田家與毛利家的勢力擴大時，聽從家臣‧黑田官兵衛的建議幫助織田家。後來與別所長治、荒木村重一起背叛織田家投向毛利家，但最後受到羽柴秀吉的攻擊而敗北逃亡。
lord_tk5_198,198,198,,小岛弥太郎,小島彌太郎|鬼小島彌太郎,小岛,弥太郎,Jingu Motomichi,hokuriku,1,1522,1554,1582,病死,,,,,,只限武将,15,15,温和,勇敢,普通,慎重,普通,61,武具,贪心,嗜酒如命,其他,枪,56,88,5,12,59,2,1,1,0,2,3,0,0,0,0,0,0,0,0,0,0,无,强袭，连续斩，拔突，粘花，刚弓，卷枪，引落，柄返，刚力，铁壁,无,一般条件,,,已登场,小岛弥太郎,足轻大将,直臣,长尾家,clan_uesugi_1,春日山城,无,已登场,小岛弥太郎,足轻大将,直臣,长尾家,clan_uesugi_1,春日山城,无,已登场,小岛弥太郎,足轻大将,直臣,上杉家,clan_uesugi_1,春日山城,无,已登场,小岛弥太郎,足轻大将,直臣,上杉家,clan_uesugi_1,春日山城,无,已登场,小岛弥太郎,足轻大将,直臣,上杉家,clan_uesugi_2,春日山城,无,已死亡,小岛弥太郎,无效,无效,无,,无效,无,已登场,小岛弥太郎,足轻大将,直臣,长尾家,春日山城,无,已死亡,小岛弥太郎,无效,无效,无,无效,无,已登场,小岛弥太郎,水夫,直臣,村上水军,三岛之砦,无,,"[{""stage"":"""",""tkid"":""198"",""ref"":""198"",""emotion"":0}]",,TAIKOU_bio_198,上杉家臣。本名小島貞興。少年時代為主公謙信之近臣。勇猛無比，有「鬼小島」之稱，留下許多英勇善戰的故事。川中島之戰，被山縣昌景譽為「名副其實的勇士」。
lord_tk5_199,199,199,,鬼庭左月,鬼庭良直,鬼庭,左月,Oniniwa Tsunemasa,ou,1,1513,1554,1585,战死,,,,,lord_tk5_200,只限武将,64,64,普通,勇敢,普通,轻率,重视情义,31,武具,无欲,普通,藤原氏,刀剑,72,69,48,43,56,2,2,0,1,2,2,3,0,0,0,0,0,1,0,0,1,无,强袭，拔突，刚弓，铁壁,无,一般条件,,,已登场,鬼庭良直,部将,直臣,伊达家,clan_oniniwa_1,米泽城,无,已登场,鬼庭良直,部将,直臣,伊达家,clan_oniniwa_1,米泽城,无,已登场,鬼庭良直,部将,直臣,伊达家,clan_oniniwa_1,米泽城,无,已登场,鬼庭左月,部将,直臣,伊达家,clan_oniniwa_1,米泽城,无,已登场,鬼庭左月,部将,直臣,伊达家,clan_oniniwa_1,米泽城,无,已死亡,鬼庭左月,无效,无效,无,clan_date_2,无效,无,已登场,鬼庭良直,部将,直臣,伊达家,米泽城,无,已登场,鬼庭左月,家老,直臣,伊达家,米泽城,无,已登场,鬼庭左月,头目,首领,户隐众,户隐之里,无,,"[{""stage"":"""",""tkid"":""199"",""ref"":""199"",""emotion"":0}]",,TAIKOU_bio_199,伊達家臣。稙宗五男。名良直，號左月齋。盛重在國分家入嗣之際，前往執行死刑。之後，任會議侍役。在人取橋之戰中，雖年事已高仍肩負殿軍大任。脫去甲胄與追兵展開死鬥，讓政宗安然脫險後壯烈成仁。
lord_tk5_200,200,200,,鬼庭纲元,鬼庭綱元|茂庭纲元|茂庭綱元,鬼庭,纲元,Oniniwa Tsunamoto,ou,1,1549,1563,1640,病死,lord_tk5_199,,,,lord_tk5_199,只限武将,64,64,温和,普通,现实,普通,普通,51,书籍,普通,普通,藤原氏,刀剑,60,55,64,61,69,1,2,1,0,0,0,0,0,1,2,0,2,1,2,1,0,无,强袭,无,无要求,,,未登场,鬼庭纲元,足轻组头,陪臣（鬼庭良直）,伊达家,clan_oniniwa_1,米泽城,无,已登场,鬼庭纲元,足轻组头,陪臣（鬼庭良直）,伊达家,clan_oniniwa_1,米泽城,无,已登场,鬼庭纲元,足轻组头,陪臣（鬼庭良直）,伊达家,clan_oniniwa_1,米泽城,无,已登场,鬼庭纲元,足轻组头,陪臣（鬼庭左月）,伊达家,clan_oniniwa_1,米泽城,无,已登场,鬼庭纲元,足轻组头,陪臣（鬼庭左月）,伊达家,clan_oniniwa_1,米泽城,无,已登场,茂庭纲元,部将,直臣,伊达家,clan_date_2,仙台城,无,未登场,鬼庭纲元,足轻组头,陪臣（鬼庭良直）,伊达家,米泽城,无,已登场,鬼庭纲元,足轻组头,陪臣（鬼庭左月）,伊达家,米泽城,无,已登场,鬼庭纲元,上忍,直臣,户隐众,户隐之里,无,,"[{""stage"":"""",""tkid"":""200"",""ref"":""200"",""emotion"":0}]",,TAIKOU_bio_200,伊達家臣。良直之子。後依豐臣秀吉之命改姓為茂庭。作為政宗的心腹之人，執掌軍政大權。將被秀吉看中的愛妾香前送於秀吉，招致政宗惱怒而出走，歸來後被奉為國老。
lord_tk5_201,201,201,,小野镇幸,小野鎮幸,小野,镇幸,Sugiya Zenjubou,saikai,1,1545,1559,1609,病死,,,,,,全职种,89,89,普通,勇敢,现实,普通,普通,47,武具,普通,普通,其他,刀剑,63,72,45,53,60,1,3,2,2,1,2,1,1,0,0,0,0,0,0,0,0,无,强袭，拔突，铁壁,无,无要求,,,未登场,小野镇幸,足轻大将,陪臣（户次鉴连）,大友家,clan_tachibana_1,府内城,无,已登场,小野镇幸,侍大将,直臣,大友家,clan_otomo_1,府内城,无,已登场,小野镇幸,侍大将,直臣,大友家,clan_otomo_1,府内城,无,已登场,小野镇幸,侍大将,直臣,大友家,clan_otomo_1,府内城,无,已登场,小野镇幸,侍大将,陪臣（立花道雪）,大友家,clan_tachibana_1,立花山城,无,已登场,小野镇幸,部将,直臣,立花家,clan_tachibana_2,柳川城,无,未登场,小野镇幸,侍大将,直臣,大友家,府内城,无,已登场,小野镇幸,侍大将,陪臣（立花宗茂）,大友家,立花山城,无,已登场,小野镇幸,家老,直臣,小笠原家,小仓城,无,,"[{""stage"":"""",""tkid"":""201"",""ref"":""201"",""emotion"":0}]",,TAIKOU_bio_201,立花家家臣。人稱和泉。起初侍奉大友家，其後轉而侍奉立花家。為眾所知曉的猛將，與北上進攻前來的島津家，以及在關原之戰變為敵方的鍋島家戰鬥時，創下優異的戰績。主家被貶後，轉而侍奉加藤清正。
lord_tk5_202,202,202,,小野善鬼,,小野,善鬼,Sugiya Bou Shouzan,kanto,1,1563,1577,1592,战死,,,,,,全职种,9,40,性急,勇敢,普通,轻率,普通,78,武具,贪心,嗜酒如命,其他,刀剑,21,90,11,8,45,1,1,0,0,2,4,2,3,0,0,0,0,0,0,0,0,无,强袭，连续斩，切落，绝妙剑，拂舍刀，拔突，二连苦无，半月，刚弓，金翅鸟王剑，当身，梦想剑，刚力，独妙剑，铁壁，辱骂,剑豪,一般条件,,,未登场,小野善鬼,浪人,其他,无,,佐仓之町,无,未登场,小野善鬼,浪人,其他,无,,佐仓之町,无,未登场,小野善鬼,浪人,其他,无,,佐仓之町,无,未登场,小野善鬼,浪人,其他,无,,佐仓之町,无,已登场,小野善鬼,浪人,其他,无,,佐仓之町,一刀流,已死亡,小野善鬼,无效,无效,无,,无效,无,未登场,小野善鬼,浪人,其他,无,佐仓之町,无,已登场,小野善鬼,浪人,其他,无,佐仓之町,一刀流,已登场,小野善鬼,中忍,直臣,户隐众,户隐之里,无,,"[{""stage"":"""",""tkid"":""202"",""ref"":""202"",""emotion"":0}]",,TAIKOU_bio_202,劍術家。起初擔任大阪淀川的船頭，與伊藤一刀齋相遇後，成為門下頭號弟子向一刀齋學習劍術。浪跡各國至下總小金原，為爭奪一刀流秘傳書的繼承權，而與同門師弟‧御子神典膳（小野忠明）決鬥，最後因戰敗而喪命。
lord_tk5_203,203,203,,小野忠明,御子神典膳,小野,忠明,Sugiya Satayu,kanto,1,1569,1583,1628,病死,,,,,,只限武将,90,10,普通,胆小,普通,轻率,普通,68,武具,普通,普通,其他,刀剑,44,90,9,52,58,1,0,0,0,1,4,3,0,0,0,0,0,1,0,0,0,无,强袭，连续斩，切落，绝妙剑，拂舍刀，拔突，金翅鸟王剑，当身，梦想剑，刚力，独妙剑，铁壁，辱骂,剑豪,一般条件,,,未登场,御子神典膳,浪人,其他,无,,木更津之町,无,未登场,御子神典膳,浪人,其他,无,,木更津之町,无,未登场,御子神典膳,浪人,其他,无,,木更津之町,无,未登场,御子神典膳,浪人,其他,无,,木更津之町,无,已登场,御子神典膳,浪人,其他,无,,木更津之町,无,已登场,小野忠明,足轻大将,直臣,德川家,clan_tokugawa_1,江户城,小野一刀流,未登场,御子神典膳,浪人,其他,无,木更津之町,无,已登场,御子神典膳,浪人,其他,无,木更津之町,无,已登场,御子神典膳,浪人,其他,无,丸龟之町,无,,"[{""stage"":"""",""tkid"":""203"",""ref"":""203"",""emotion"":0}]",,TAIKOU_bio_203,劍術家。小野派一刀流的創始人。起初侍奉里見家，名為御子神典膳。為了提昇自己的劍術至較高的境界而遍歷各國時，拜伊藤一刀齋為師。打敗師兄‧小野善鬼而獲傳一刀齋的精髓。在一刀齋的推舉之下，擔任德川秀忠的劍術指導，而成為小野派一刀流的開山祖師。
lord_tk5_204,204,204,,小野寺辉道,小野寺輝道,小野,寺辉道,Sugiya Kagemune,ou,1,1536,1554,1597,病死,,,,,lord_tk5_205,只限武将,2,2,普通,胆小,普通,普通,普通,67,艺术品,贪心,嗜酒如命,藤原氏,刀剑,63,49,60,66,51,1,1,1,0,1,1,2,0,1,2,1,0,2,1,0,1,无,强袭,无,一般条件,,,已登场,小野寺辉道,大名,首领,小野寺家,clan_sugiya_1,横手城,无,已登场,小野寺辉道,大名,首领,小野寺家,clan_sugiya_1,横手城,无,已登场,小野寺辉道,大名,首领,小野寺家,clan_sugiya_1,横手城,无,已登场,小野寺辉道,大名,首领,小野寺家,clan_sugiya_1,横手城,无,已登场,小野寺辉道,家老,直臣,小野寺家,clan_onodera_1,横手城,无,已死亡,小野寺辉道,无效,无效,无,clan_onodera_1,无效,无,已登场,小野寺辉道,大名,首领,小野寺家,横手城,无,已登场,小野寺辉道,家老,直臣,小野寺家,横手城,无,已登场,小野寺辉道,部将,直臣,小笠原家,小仓城,无,,"[{""stage"":"""",""tkid"":""204"",""ref"":""204"",""emotion"":0}]",,TAIKOU_bio_204,小野寺家十三代當主。又名輝道。父親‧惟道因家臣的反叛而自裁身亡，景道為了避難，逃到大寶寺家以求庇護。後來舉兵報了父仇而奪回本城。甚至成功地征服了周圍的豪族，創造了小野寺家的全盛期，但在關原合戰時，由於隸屬於西軍之下，因此沒落。
lord_tk5_205,205,205,,小野寺义道,小野寺義道,小野,寺义道,Onodera Yoshimichi,ou,1,1566,1580,1645,病死,lord_tk5_204,,,,lord_tk5_204,只限武将,2,2,温和,胆小,普通,普通,普通,55,艺术品,普通,普通,藤原氏,刀剑,51,48,55,59,39,1,0,1,0,0,1,0,1,0,1,0,0,2,2,1,1,无,强袭,无,无要求,,,未登场,小野寺义道,部将,陪臣（小野寺辉道）,小野寺家,clan_sugiya_1,横手城,无,未登场,小野寺义道,家老,直臣,小野寺家,clan_sugiya_1,横手城,无,未登场,小野寺义道,家老,直臣,小野寺家,clan_sugiya_1,横手城,无,未登场,小野寺义道,家老,直臣,小野寺家,clan_sugiya_1,横手城,无,已登场,小野寺义道,大名,首领,小野寺家,clan_onodera_1,横手城,无,已登场,小野寺义道,大名,首领,小野寺家,clan_onodera_1,横手城,无,未登场,小野寺义道,家老,直臣,小野寺家,横手城,无,已登场,小野寺义道,大名,首领,小野寺家,横手城,无,已登场,小野寺义道,部将,直臣,小笠原家,小仓城,无,,"[{""stage"":"""",""tkid"":""205"",""ref"":""205"",""emotion"":0}]",,TAIKOU_bio_205,小野寺家十四代當主。景道之子。參與豐臣秀吉的小田原征伐，因其戰功而使一部份的領土得以保全。在關原合戰中，因與上杉景勝為同一陣線，受到德川家‧最上義光的攻擊而敗北，領土遭到沒收，小野寺家終告滅亡。
lord_tk5_206,206,206,,小幡勘兵卫,小幡勘兵衛,小幡,勘兵卫,Obata Kanbei,kanto,1,1572,1586,1663,病死,,,,,,全职种,60,60,普通,勇敢,普通,慎重,普通,71,书籍,贪心,普通,藤原氏,刀剑,60,52,7,68,49,2,1,2,1,1,1,4,0,1,0,1,2,0,3,0,2,风林火山,强袭,无,无要求,,,未登场,小幡勘兵卫,足轻组头,直臣,武田家,clan_takeda_1,踯躅崎馆,无,未登场,小幡勘兵卫,足轻组头,直臣,武田家,clan_takeda_1,踯躅崎馆,无,未登场,小幡勘兵卫,足轻组头,直臣,武田家,clan_takeda_1,踯躅崎馆,无,未登场,小幡勘兵卫,足轻组头,直臣,武田家,clan_takeda_2,踯躅崎馆,无,未登场,小幡勘兵卫,足轻组头,直臣,武田家,clan_takeda_2,甲府城,无,已登场,小幡勘兵卫,足轻组头,直臣,德川家,clan_tokugawa_1,江户城,无,未登场,小幡勘兵卫,足轻组头,直臣,武田家,踯躅崎馆,无,未登场,小幡勘兵卫,足轻组头,直臣,德川家,滨松城,无,已登场,小幡勘兵卫,部将,直臣,小笠原家,小仓城,无,,"[{""stage"":"""",""tkid"":""206"",""ref"":""206"",""emotion"":0}]",,TAIKOU_bio_206,武田家臣小幡昌盛之子，名景憲。甲州派兵法學者。武田家滅亡後寄身德川秀忠門下的侍童，後出走，雲遊四方，大阪之戰時，雖入得大阪城但同時與德川一方的板倉勝重保持聯係。後侍奉幕府，傳授甲州派兵法。
lord_tk5_207,207,207,,小滨景隆,小濱景隆,小滨,景隆,Kashin Koji,tokai,1,1541,1554,1606,病死,,,,,lord_tk5_926,全职种,88,88,温和,普通,普通,普通,普通,55,武具,贪心,普通,其他,刀剑,56,55,25,57,43,1,0,2,3,2,2,2,1,2,0,0,1,0,1,0,0,焙烙,强袭，拔突，刚弓，铁壁,无,无要求,,,已登场,小滨景隆,船头,直臣,骏河水军,clan_kashin_1,清水之砦,无,已登场,小滨景隆,船头,直臣,骏河水军,clan_kashin_1,清水之砦,无,已登场,小滨景隆,船头,直臣,骏河水军,clan_kashin_1,清水之砦,无,已登场,小滨景隆,船头,直臣,骏河水军,clan_kashin_1,清水之砦,无,已登场,小滨景隆,船头,直臣,骏河水军,clan_kashin_1,清水之砦,无,已登场,小滨景隆,船大将,直臣,江户水军,clan_kashin_1,清水之砦,无,未登场,小滨景隆,船头,直臣,骏河水军,清水之砦,无,已登场,小滨景隆,船头,直臣,骏河水军,清水之砦,无,已登场,小滨景隆,家老,直臣,小笠原家,小仓城,无,,"[{""stage"":"""",""tkid"":""207"",""ref"":""207"",""emotion"":0}]",,TAIKOU_bio_207,武田家家臣，後來成為德川家家臣。起初侍奉伊勢北田家，與向井正綱一同統率水軍。之後，因為武田家破例的優厚待遇而接受登庸，成為擁有一隻安宅船的船大將。武田家滅亡後，轉仕德川家康。
lord_tk5_208,208,208,,饭富虎昌,飯富虎昌,饭富,虎昌,Sako Toutarou,tosan,1,1504,1554,1565,战死,饭富道悦,,,,lord_tk5_750,只限武将,57,57,温和,普通,普通,普通,重视情义,46,武具,普通,普通,源氏,刀剑,75,82,47,48,78,2,3,1,0,2,2,2,0,1,0,1,0,0,0,0,1,无,强袭，拔突，刚弓，铁壁,无,无要求,,,已登场,饭富虎昌,家老,直臣,武田家,clan_sako_1,踯躅崎馆,无,已登场,饭富虎昌,家老,直臣,武田家,clan_sako_1,踯躅崎馆,无,已死亡,饭富虎昌,无效,无效,无,clan_takeda_1,无效,无,已死亡,饭富虎昌,无效,无效,无,clan_takeda_2,无效,无,已死亡,饭富虎昌,无效,无效,无,,无效,无,已死亡,饭富虎昌,无效,无效,无,,无效,无,已登场,饭富虎昌,部将,直臣,武田家,踯躅崎馆,无,已死亡,饭富虎昌,无效,无效,无,无效,无,已登场,饭富虎昌,上忍,直臣,伊贺众,伊贺之里,无,,"[{""stage"":"""",""tkid"":""208"",""ref"":""208"",""emotion"":0}]",,TAIKOU_bio_208,武田家臣。山縣昌景之兄。率領統一著紅色軍裝的部隊活躍在戰場上。經常以先鋒出戰，人稱「甲山猛虎」。曾任信玄長子義信的副官，受義信謀反未遂事件牽連，引咎自盡。
lord_tk5_209,209,209,,小山田信茂,,小山田,信茂,Oyamada Nobushige,tosan,1,1539,1559,1582,战死,,,,,,全职种,59,59,温和,勇敢,现实,轻率,不重情义,78,武具,贪心,普通,平氏,刀剑,65,74,57,72,67,2,2,1,0,3,2,1,0,1,0,0,1,1,1,0,0,无,强袭，拔突，刚弓，铁壁,无,一般条件,,,未登场,小山田信茂,侍大将,直臣,武田家,clan_takeda_1,踯躅崎馆,无,已登场,小山田信茂,部将,直臣,武田家,clan_takeda_1,踯躅崎馆,无,已登场,小山田信茂,部将,直臣,武田家,clan_takeda_1,踯躅崎馆,无,已登场,小山田信茂,部将,直臣,武田家,clan_takeda_2,踯躅崎馆,无,已登场,小山田信茂,城主,直臣,武田家,clan_takeda_2,岩殿城,无,已死亡,小山田信茂,无效,无效,无,,无效,无,未登场,小山田信茂,侍大将,陪臣（小山田信有）,武田家,踯躅崎馆,无,已死亡,小山田信茂,无效,无效,无,无效,无,已登场,小山田信茂,家老,直臣,小笠原家,小仓城,无,,"[{""stage"":"""",""tkid"":""209"",""ref"":""209"",""emotion"":0}]",,TAIKOU_bio_209,武田家臣。信有之子。率領善於投石作戰的部隊參加各種戰鬥。文武雙全，在領內各郡施善政以保護民眾。武田家滅亡後投降織田信長，後被以背叛主公勝賴罪名處死。
lord_tk5_210,210,210,,甲斐宗运,甲斐宗運,甲斐,宗运,Kai Soun,saikai,1,1515,1554,1584,病死,,,,,,全职种,50,50,普通,勇敢,普通,普通,普通,56,书籍,普通,普通,藤原氏,刀剑,81,59,69,86,74,3,2,2,0,1,1,3,0,1,0,0,0,3,3,1,2,无,强袭,无,一般条件,,,已登场,甲斐宗运,家老,直臣,阿苏家,clan_aso_1,岩尾城,无,已登场,甲斐宗运,家老,直臣,阿苏家,clan_aso_1,岩尾城,无,已登场,甲斐宗运,家老,直臣,阿苏家,clan_aso_1,岩尾城,无,已登场,甲斐宗运,家老,直臣,阿苏家,clan_aso_1,岩尾城,无,已登场,甲斐宗运,家老,直臣,阿苏家,clan_aso_1,岩尾城,无,已死亡,甲斐宗运,无效,无效,无,,无效,无,已登场,甲斐宗运,家老,直臣,阿苏家,岩尾城,无,已死亡,甲斐宗运,无效,无效,无,无效,无,已登场,甲斐宗运,浪人,其他,无,柳川之町,无,,"[{""stage"":"""",""tkid"":""210"",""ref"":""210"",""emotion"":0}]",,TAIKOU_bio_210,阿蘇家臣。肥後御船城主。名親直。支撐著小大名阿蘇家，為智勇雙全之將。為了主家的存續，努力與大友家聯合，與龍造寺家和島津家進行外交交涉。在與島津家敵對時期，與敵方先鋒相良的部隊激戰中，斬殺敵方大將相良義陽。
lord_tk5_211,211,211,,海北纲亲,海北綱親,海北,纲亲,Kazuyama Ujimoto,kinai,1,1510,1554,1573,战死,,,,,,全职种,70,70,普通,勇敢,普通,慎重,重视情义,45,武具,普通,嗜酒如命,藤原氏,刀剑,63,70,42,61,59,2,1,2,1,1,1,2,0,0,1,1,0,1,0,1,1,无,强袭,无,无要求,,,已登场,海北纲亲,家老,直臣,浅井家,clan_azai_1,小谷城,无,已登场,海北纲亲,家老,直臣,浅井家,clan_azai_2,小谷城,无,已登场,海北纲亲,家老,直臣,浅井家,clan_azai_2,小谷城,无,已死亡,海北纲亲,无效,无效,无,,无效,无,已死亡,海北纲亲,无效,无效,无,,无效,无,已死亡,海北纲亲,无效,无效,无,,无效,无,已登场,海北纲亲,家老,直臣,浅井家,小谷城,无,已死亡,海北纲亲,无效,无效,无,无效,无,已登场,海北纲亲,头领,首领,安东水军,十三凑之砦,无,,"[{""stage"":"""",""tkid"":""211"",""ref"":""211"",""emotion"":0}]",,TAIKOU_bio_211,淺井家臣。畫家海北友松之父。是負責武將的重臣，與赤尾清綱、雨森彌兵衛一起被稱為「海赤雨三將」。淺井家滅亡時戰死。此時與其對戰的秀吉之後稱他為「吾軍法之師」，以讚美他為一員勇將。
lord_tk5_212,212,212,,香川亲和,香川親和,香川,亲和,Kagawa Chikawa,nankai,1,1569,1583,1587,病死,lord_tk5_483,,,lord_tk5_481,lord_tk5_274|lord_tk5_275|lord_tk5_299|lord_tk5_481|lord_tk5_482|lord_tk5_483|lord_tk5_484|lord_tk5_495,全职种,80,80,温和,普通,普通,普通,普通,30,书籍,普通,滴酒不沾,平氏,刀剑,36,42,44,21,36,0,1,1,0,0,0,0,0,0,1,1,0,1,0,0,0,无,强袭,无,无要求,,,未登场,香川亲和,足轻组头,陪臣（长宗我部元亲）,长宗我部家,clan_chosokabe_2,冈丰城,无,未登场,香川亲和,足轻组头,直臣,长宗我部家,clan_chosokabe_2,冈丰城,无,未登场,香川亲和,足轻组头,直臣,长宗我部家,clan_chosokabe_2,冈丰城,无,未登场,香川亲和,足轻组头,直臣,长宗我部家,clan_chosokabe_2,冈丰城,无,已登场,香川亲和,侍大将,直臣,长宗我部家,clan_chosokabe_2,冈丰城,无,已死亡,香川亲和,无效,无效,无,clan_chosokabe_2,无效,无,未登场,香川亲和,足轻组头,直臣,长宗我部家,冈丰城,无,已登场,香川亲和,城主,直臣,长宗我部家,天雾城,无,已登场,香川亲和,足轻组头,直臣,河尻家,水户城,无,,"[{""stage"":"""",""tkid"":""212"",""ref"":""212"",""emotion"":0}]",,TAIKOU_bio_212,長宗我部元親之次子。以讚岐豪族香川信景義子的身份繼位家督，從事讚岐的經營。曾為天霧城城主，但敗於豐臣軍後退歸土佐。長兄信親戰死後，家中並無讓他繼承家業的意思，遂於失意中病死。
lord_tk5_213,213,213,,香川元景,,香川,元景,Kagawa Saizou,nankai,1,1527,1554,1578,病死,,,,,,只限武将,60,60,普通,胆小,现实,普通,不重情义,32,艺术品,普通,普通,平氏,刀剑,35,41,42,52,34,0,0,0,0,0,0,1,0,1,0,0,0,0,1,0,1,无,强袭,无,无要求,,,已登场,香川元景,城主,直臣,三好家,clan_miyoshi_1,天雾城,无,已登场,香川元景,城主,直臣,三好家,clan_miyoshi_1,天雾城,无,已登场,香川元景,城主,直臣,三好家,clan_miyoshi_4,天雾城,无,已登场,香川元景,城主,直臣,三好家,clan_sogo_2,天雾城,无,已死亡,香川元景,无效,无效,无,,无效,无,已死亡,香川元景,无效,无效,无,,无效,无,已登场,香川元景,城主,直臣,细川家,天雾城,无,已死亡,香川元景,无效,无效,无,无效,无,已登场,香川元景,足轻组头,直臣,河尻家,水户城,无,,"[{""stage"":"""",""tkid"":""213"",""ref"":""213"",""emotion"":0}]",,TAIKOU_bio_213,細川家臣。讚岐天霧城主。主家沒落後跟隨三好義賢。一時間內內通毛利元就，義賢回國後又轉向義賢。以後又內通織田信長，由於屈服了長宗我部元親的侵入，將家業讓給了元親之次子親和。
lord_tk5_214,214,214,,柿崎景家,,柿崎,景家,Kakizaki Kageie,hokuriku,1,1513,1554,1575,战死,,,,,,只限武将,19,1,性急,勇敢,普通,轻率,普通,44,武具,贪心,普通,源氏,刀剑,88,82,19,16,51,2,3,1,1,1,1,2,0,0,1,0,1,0,0,0,1,车悬,强袭,无,无要求,,,已登场,柿崎景家,家老,直臣,长尾家,clan_uesugi_1,春日山城,无,已登场,柿崎景家,家老,直臣,长尾家,clan_uesugi_1,春日山城,无,已登场,柿崎景家,家老,直臣,上杉家,clan_uesugi_1,春日山城,无,已登场,柿崎景家,家老,直臣,上杉家,clan_uesugi_1,春日山城,无,已死亡,柿崎景家,无效,无效,无,,无效,无,已死亡,柿崎景家,无效,无效,无,,无效,无,已登场,柿崎景家,部将,直臣,长尾家,春日山城,无,已死亡,柿崎景家,无效,无效,无,无效,无,已登场,柿崎景家,浪人,其他,无,仙台之町,无,,"[{""stage"":"""",""tkid"":""214"",""ref"":""214"",""emotion"":0}]",,TAIKOU_bio_214,上杉家臣。上杉家中首屈一指的猛將，被主公謙信譽為「越後七郡無可敵者」。經常做為上杉軍主力衝鋒陷陣，威震敵膽，但因被疑與織田信長內通而遭誅殺。
lord_tk5_215,215,215,,蛎崎季广,蠣崎季廣,蛎崎,季广,Kakizaki Suehiro,ou,1,1507,1554,1595,病死,,,,,lord_tk5_216,全职种,65,65,普通,普通,普通,慎重,普通,64,艺术品,普通,普通,源氏,刀剑,64,42,70,76,69,2,2,1,2,0,0,2,0,0,2,1,2,1,3,0,1,无,强袭,无,无要求,,,已登场,蛎崎季广,城主,直臣,安东家,clan_kakizaki_1,胜山馆,无,已登场,蛎崎季广,城主,直臣,安东家,clan_kakizaki_1,胜山馆,无,已登场,蛎崎季广,城主,直臣,安东家,clan_kakizaki_1,胜山馆,无,已登场,蛎崎季广,城主,直臣,安东家,clan_kakizaki_1,胜山馆,无,已登场,蛎崎季广,城主,直臣,安东家,clan_kakizaki_1,胜山馆,无,已死亡,蛎崎季广,无效,无效,无,clan_kakizaki_1,无效,无,已登场,蛎崎季广,城主,直臣,安东家,胜山馆,无,已登场,蛎崎季广,部将,陪臣（蛎崎庆广）,安东家,胜山馆,无,已登场,蛎崎季广,船头,直臣,房总水军,冈本之砦,无,,"[{""stage"":"""",""tkid"":""215"",""ref"":""215"",""emotion"":0}]",,TAIKOU_bio_215,蝦夷蠣崎家第4代當主。慶廣之父。與敵對的愛奴人，因締結交易分擔及相互承認支配權條約而成功地化解怨恨。於道南確保「和人地」而展開了大名領國制。此外，他臣屬於安東家也活耀於合戰。
lord_tk5_216,216,216,,蛎崎庆广,蠣崎慶廣,蛎崎,庆广,Kakizaki Yoshihiro,ou,1,1549,1563,1616,病死,lord_tk5_215,,,,lord_tk5_215,全职种,65,65,普通,勇敢,普通,普通,不重情义,83,艺术品,贪心,普通,源氏,刀剑,58,32,74,77,78,1,0,2,2,0,0,0,0,0,2,1,2,2,3,2,1,无,强袭,无,一般条件,,,未登场,蛎崎庆广,部将,陪臣（蛎崎季广）,安东家,clan_kakizaki_1,胜山馆,无,已登场,蛎崎庆广,部将,陪臣（蛎崎季广）,安东家,clan_kakizaki_1,胜山馆,无,已登场,蛎崎庆广,部将,陪臣（蛎崎季广）,安东家,clan_kakizaki_1,胜山馆,无,已登场,蛎崎庆广,部将,陪臣（蛎崎季广）,安东家,clan_kakizaki_1,胜山馆,无,已登场,蛎崎庆广,部将,陪臣（蛎崎季广）,安东家,clan_kakizaki_1,胜山馆,无,已登场,蛎崎庆广,大名,首领,蛎崎家,clan_kakizaki_1,松前城,无,未登场,蛎崎庆广,部将,陪臣（蛎崎季广）,安东家,胜山馆,无,已登场,蛎崎庆广,城主,直臣,安东家,胜山馆,无,已登场,蛎崎庆广,头领,首领,房总水军,冈本之砦,无,,"[{""stage"":"""",""tkid"":""216"",""ref"":""216"",""emotion"":0}]",,TAIKOU_bio_216,蠣崎家第５代家主。季廣之三子。幼名天才丸。與豐臣秀吉接近，從而獲得了蝦夷地區的交易權，成為獨立領主。之後，向德川家康獻上家係圖，從松平和前田姓中各取一字改姓為「松前」。
lord_tk5_217,217,217,,垣屋光成,,垣屋,光成,Kane Makoto,sanyo,1,1520,1554,1592,病死,,,,,,全职种,16,16,普通,胆小,现实,轻率,不重情义,69,书籍,普通,普通,平氏,刀剑,57,53,46,69,32,1,1,1,0,1,1,2,0,0,0,0,0,0,2,0,0,无,强袭,无,无要求,,,已登场,垣屋光成,部将,直臣,山名家,clan_yamana_1,鸟取城,无,已登场,垣屋光成,部将,直臣,山名家,clan_yamana_1,鸟取城,无,已登场,垣屋光成,部将,直臣,山名家,clan_yamana_1,鸟取城,无,已登场,垣屋光成,部将,直臣,山名家,clan_yamana_1,鸟取城,无,已登场,垣屋光成,足轻大将,陪臣（羽柴秀吉）,织田家,clan_kinoshita_1,姬路城,无,已死亡,垣屋光成,无效,无效,无,,无效,无,已登场,垣屋光成,部将,直臣,山名家,鸟取城,无,已登场,垣屋光成,部将,陪臣（宫部继润）,羽柴家,鸟取城,无,已登场,垣屋光成,浪人,其他,无,清洲之町,无,,"[{""stage"":"""",""tkid"":""217"",""ref"":""217"",""emotion"":0}]",,TAIKOU_bio_217,山名家臣。續成之嫡子。但馬宵田城主。與山名致豐反目後，擁護誠豐，掌握了但馬的實權。而後討伐了殺父仇人田結庄是義。豐臣秀吉攻打但馬時投降，參加了因幡鳥取城等戰役。在因幡享受俸祿１萬石。
lord_tk5_218,218,218,,笕十藏,筧十藏,笕,十藏,Kawata Nagachika,tosan,1,1581,1595,1615,战死,,,,,,武将以外优先,49,49,普通,普通,理想,轻率,重视情义,42,武具,无欲,普通,其他,火绳枪,53,81,37,66,79,2,0,4,0,2,2,1,3,0,0,1,0,0,0,0,1,狙击，幻惑之术，内讧之术,强袭，拔突，二连苦无，半月，急所击，二挺击，刚弓，石火，乱射，铁壁,火枪名人,一般条件,,,未登场,笕十藏,浪人,其他,无,,诹访之町,无,未登场,笕十藏,浪人,其他,无,,诹访之町,无,未登场,笕十藏,浪人,其他,无,,诹访之町,无,未登场,笕十藏,浪人,其他,无,,诹访之町,无,未登场,笕十藏,浪人,其他,无,,诹访之町,无,已登场,笕十藏,浪人,其他,无,,诹访之町,无,未登场,笕十藏,浪人,其他,无,诹访之町,无,未登场,笕十藏,浪人,其他,无,诹访之町,无,已登场,笕十藏,部将,直臣,十河家,广岛城,无,,"[{""stage"":"""",""tkid"":""218"",""ref"":""218"",""emotion"":0}]",,TAIKOU_bio_218,真田家臣。真田十勇士之一。出身門第眾說紛紜，有一說是幸村家童莧十兵衛之子，也有的說是蜂須賀的家臣，為幸村的個人魅力所傾倒，入而為官。常佩帶種子島槍，身手非凡。
lord_tk5_219,219,219,,葛西晴信,,葛西,晴信,Kasai Harunobu,ou,1,1534,1554,1597,病死,lord_tk5_854,,,,lord_tk5_854,只限武将,48,48,温和,胆小,普通,轻率,普通,14,书籍,无欲,滴酒不沾,平氏,刀剑,26,29,44,51,48,1,0,0,0,0,1,0,0,0,0,0,1,0,1,0,0,无,强袭,无,无要求,,,已登场,葛西晴信,大名,首领,葛西家,clan_kasai_1,寺池城,无,已登场,葛西晴信,大名,首领,葛西家,clan_kasai_1,寺池城,无,已登场,葛西晴信,大名,首领,葛西家,clan_kasai_1,寺池城,无,已登场,葛西晴信,大名,首领,葛西家,clan_kasai_1,寺池城,无,已登场,葛西晴信,大名,首领,葛西家,clan_kasai_1,寺池城,无,已死亡,葛西晴信,无效,无效,无,,无效,无,已登场,葛西晴信,家老,直臣,葛西家,寺池城,无,已登场,葛西晴信,大名,首领,葛西家,寺池城,无,已登场,葛西晴信,部将,直臣,西园寺家,山形城,无,,"[{""stage"":"""",""tkid"":""219"",""ref"":""219"",""emotion"":0}]",,TAIKOU_bio_219,葛西家第１７代當主。晴胤之次男。寺池城主。兄親信死後，繼承家督之位。與伊達家聯合，同鄰鄉的領主大崎氏作戰。因未參加豐臣秀吉的小田原討伐戰而被貶為平民。之後亦說是死去或流浪。
lord_tk5_220,220,220,,笠原政尧,笠原政堯,笠原,政尧,Kasahara Masayoshi,kanto,1,1550,1564,1590,战死,lord_tk5_678,,,,lord_tk5_678,全职种,80,20,普通,普通,理想,轻率,不重情义,79,书籍,贪心,普通,源氏,刀剑,47,34,50,45,40,0,0,0,0,0,0,1,0,1,1,1,0,1,1,0,0,无,强袭,无,无要求,,,未登场,笠原政尧,侍大将,陪臣（松田宪秀）,北条家,clan_matsuda_1,小田原城,无,已登场,笠原政尧,侍大将,直臣,北条家,clan_hojo_1,小田原城,无,已登场,笠原政尧,侍大将,直臣,北条家,clan_hojo_1,小田原城,无,已登场,笠原政尧,侍大将,直臣,北条家,clan_hojo_2,小田原城,无,已登场,笠原政尧,侍大将,直臣,北条家,clan_hojo_2,小田原城,无,已死亡,笠原政尧,无效,无效,无,,无效,无,未登场,笠原政尧,侍大将,直臣,北条家,小田原城,无,已登场,笠原政尧,侍大将,直臣,北条家,小田原城,无,已登场,笠原政尧,浪人,其他,无,严岛之町,无,,"[{""stage"":"""",""tkid"":""220"",""ref"":""220"",""emotion"":0}]",,TAIKOU_bio_220,北條家臣。松田憲秀長子。伊豆戶倉城主。成為笠原氏的義子，並作了戶倉城主。曾有一段時間離開北條家，投靠武田勝賴，勝賴故後回歸。進攻小田原時與生父憲秀一起內應秀吉，由於弟秀治告密而被捕斬殺。
lord_tk5_221,221,221,,梶原景宗,楮原景宗,梶原,景宗,Ganshojii Shoei,kinai,1,1534,1554,1605,病死,,,,,,全职种,82,82,普通,勇敢,普通,轻率,重视情义,55,武具,贪心,普通,平氏,刀剑,74,78,29,51,67,2,1,2,4,2,2,0,1,3,1,0,1,0,0,1,1,水上禁行，蝴蝶之阵,强袭，拔突，刚弓，铁壁,无,一般条件,,,已登场,梶原景宗,头领,首领,相模水军,clan_ganshojii_1,三崎之砦,无,已登场,梶原景宗,头领,首领,相模水军,clan_ganshojii_1,三崎之砦,无,已登场,梶原景宗,头领,首领,相模水军,clan_ganshojii_1,三崎之砦,无,已登场,梶原景宗,头领,首领,相模水军,clan_ganshojii_1,三崎之砦,无,已登场,梶原景宗,头领,首领,相模水军,clan_ganshojii_1,三崎之砦,无,已登场,梶原景宗,浪人,其他,无,,杂贺之町,无,已登场,梶原景宗,头领,首领,相模水军,三崎之砦,无,已登场,梶原景宗,头领,首领,相模水军,三崎之砦,无,已登场,梶原景宗,浪人,其他,无,甲府之町,无,,"[{""stage"":"""",""tkid"":""221"",""ref"":""221"",""emotion"":0}]",,TAIKOU_bio_221,北條家家臣。紀伊熊野水軍出身。受北條氏康遊請而率領水軍出仕。在與里見水軍的海戰中表現優異，也參與和武田勝賴的合戰。當豐臣秀吉的小田原征伐結束後，便追隨當主‧氏直隱居高野山，當氏直過世後，便回到故鄉紀伊之地。
lord_tk5_222,222,222,,果心居士,,果心,居士,Kanbe Tomomori,tosan,1,1525,1554,1616,病死,,,,,,没那个意思,40,40,温和,普通,普通,慎重,不重情义,1,武具,无欲,滴酒不沾,其他,锁镰,4,69,21,89,73,0,0,2,0,2,2,1,4,0,0,2,2,0,2,2,2,激励，奈落之术，幻惑之术，雷爆之术，红莲之术，伪情报,强袭，拔突，二连苦无，半月，千鸟，刚弓，横车，铁壁,锁镰高手,一般条件,,,已登场,果心居士,浪人,其他,无,,奈良之町,无,已登场,果心居士,浪人,其他,无,,奈良之町,无,已登场,果心居士,浪人,其他,无,,奈良之町,无,已登场,果心居士,浪人,其他,无,,奈良之町,无,已登场,果心居士,浪人,其他,无,,奈良之町,无,已登场,果心居士,浪人,其他,无,,飞驒高山之町,无,已登场,果心居士,浪人,其他,无,奈良之町,无,已登场,果心居士,浪人,其他,无,奈良之町,无,已登场,果心居士,浪人,其他,无,诹访之町,无,,"[{""stage"":"""",""tkid"":""222"",""ref"":""222"",""emotion"":0}]",,TAIKOU_bio_222,謎樣的幻術士。傳說在筑後出生，詳細的來歷不明。當松永久秀對他說：「讓我看看可怕的東西吧！」，便召喚久秀亡妻的幻影至面前，嚇得久秀恐懼得混身顫抖。之後，因在秀吉的面前暴露秀吉的秘密，而在被處以磔刑之際，化身為老鼠逃走。
lord_tk5_223,223,223,,糟谷武则,糟谷武則|糟屋武则,糟谷,武则,Kan Tatsunaga,sanyo,1,1554,1568,1609,病死,,,,,,只限武将,16,16,性急,普通,普通,轻率,普通,59,武具,普通,嗜酒如命,藤原氏,枪,56,74,37,42,38,1,1,1,0,2,3,0,0,0,0,1,0,0,0,1,1,无,强袭，连续斩，拔突，粘花，刚弓，卷枪，引落，柄返，刚力，铁壁,无,无要求,,,未登场,糟谷武则,浪人,其他,无,,姬路之町,无,未登场,糟谷武则,浪人,其他,无,,姬路之町,无,已登场,糟谷武则,浪人,其他,无,,姬路之町,无,已登场,糟谷武则,浪人,其他,无,,姬路之町,无,已登场,糟谷武则,足轻组头,陪臣（羽柴秀吉）,织田家,clan_kinoshita_1,姬路城,无,已登场,糟谷武则,城主,直臣,丰臣家,clan_kinoshita_1,三木城,无,未登场,糟谷武则,浪人,其他,无,姬路之町,无,已登场,糟谷武则,足轻组头,直臣,羽柴家,石山本愿寺,无,已登场,糟谷武则,浪人,其他,无,金泽之町,无,,"[{""stage"":"""",""tkid"":""223"",""ref"":""223"",""emotion"":0}]",,TAIKOU_bio_223,豐臣家臣。亦名加須屋真雄。初時侍奉別所長治，在黑田官兵衛翰旋下，入仕秀吉為家童。賤岳之戰中立下戰功，被譽為賤岳七本槍之一。後曾參加多次會戰，關原之戰時從屬西軍，因而失去領地。
lord_tk5_224,224,224,,片桐且元,,片桐,且元,Kyogoku Takayoshi,kinai,1,1556,1570,1615,病死,,,,,,只限武将,11,90,温和,胆小,普通,慎重,不重情义,32,书籍,无欲,普通,源氏,枪,45,68,67,64,32,2,1,1,0,0,2,1,0,1,1,1,0,2,2,1,1,无,强袭，拔突，铁壁,无,一般条件,,,未登场,片桐且元,足轻组头,直臣,织田家,clan_oda_1,清洲城,无,未登场,片桐且元,足轻组头,直臣,织田家,clan_oda_1,清洲城,无,未登场,片桐且元,足轻组头,直臣,织田家,clan_oda_1,岐阜城,无,已登场,片桐且元,足轻组头,直臣,织田家,clan_oda_1,岐阜城,无,已登场,片桐且元,足轻组头,陪臣（羽柴秀吉）,织田家,clan_kinoshita_1,姬路城,无,已登场,片桐且元,家老,直臣,丰臣家,clan_kinoshita_1,大坂城,无,未登场,片桐且元,浪人,其他,无,井之口之町,无,已登场,片桐且元,足轻组头,直臣,羽柴家,石山本愿寺,无,已登场,片桐且元,浪人,其他,无,赤间关之町,无,,"[{""stage"":"""",""tkid"":""224"",""ref"":""224"",""emotion"":0}]",,TAIKOU_bio_224,豐臣家臣。攝津茨木城主。作為賤岳七本槍之一而非常活躍。豐臣秀吉死後，作為主公秀賴的師傅為主家的延續而奔走，但被德川家康施計，疑其為內奸，離開了大阪城。
lord_tk5_225,225,225,,片仓景纲,片倉景綱,片仓,景纲,Katakura Kagetsuna,ou,1,1557,1571,1615,病死,,,,,lord_tk5_867,只限武将,62,62,普通,勇敢,普通,慎重,普通,40,武具,无欲,普通,藤原氏,刀剑,80,69,72,77,81,2,2,2,0,0,3,1,0,1,2,1,1,0,1,0,0,骑射突击,强袭，连续斩，八神太刀，拔突，刚力，金刚力，铁壁，气声，大喝,无,一般条件,,,未登场,片仓景纲,足轻组头,直臣,伊达家,clan_katakura_1,米泽城,新当流,未登场,片仓景纲,足轻组头,直臣,伊达家,clan_katakura_1,米泽城,新当流,未登场,片仓景纲,足轻组头,直臣,伊达家,clan_katakura_1,米泽城,新当流,已登场,片仓景纲,足轻组头,直臣,伊达家,clan_katakura_1,米泽城,新当流,已登场,片仓景纲,足轻组头,直臣,伊达家,clan_katakura_1,米泽城,新当流,已登场,片仓景纲,部将,直臣,伊达家,clan_katakura_1,仙台城,新当流,未登场,片仓景纲,足轻组头,直臣,伊达家,米泽城,新当流,已登场,片仓景纲,侍大将,直臣,伊达家,米泽城,新当流,已登场,片仓景纲,浪人,其他,无,今治之町,新当流,,"[{""stage"":"""",""tkid"":""225"",""ref"":""225"",""emotion"":0}]",,TAIKOU_bio_225,伊達家臣。擔任政宗的近侍。又稱小十郎。是以其智謀輔佐政宗的重臣。具有冷靜的判斷力和準確的先見力，曾任參謀役之職。豐臣秀吉征討小田原時勸說政宗參戰，對伊達家的得以延續作出了貢獻。
lord_tk5_226,226,226,,佐甲藤太郎,,佐甲,藤太郎,Kirigakure Saizo,sanyo,1,1554,1568,1659,病死,,,,,,武将以外优先,35,35,普通,普通,现实,普通,普通,45,艺术品,普通,普通,其他,枪,13,41,50,58,49,0,0,1,2,0,0,0,0,2,2,3,3,0,2,1,0,无,拔突，丢钱,无,无要求,,,未登场,佐甲藤太郎,掌柜,直臣,下关屋,clan_hori_1,赤间关之町,无,未登场,佐甲藤太郎,掌柜,直臣,下关屋,clan_hori_1,赤间关之町,无,已登场,佐甲藤太郎,掌柜,直臣,下关屋,clan_hori_1,赤间关之町,无,已登场,佐甲藤太郎,当家,首领,下关屋,clan_kirigakure_1,赤间关之町,无,已登场,佐甲藤太郎,当家,首领,下关屋,clan_kirigakure_1,赤间关之町,无,已登场,佐甲藤太郎,当家,首领,下关屋,clan_kirigakure_1,赤间关之町,无,未登场,佐甲藤太郎,掌柜,直臣,下关屋,赤间关之町,无,已登场,佐甲藤太郎,当家,首领,下关屋,赤间关之町,无,已登场,佐甲藤太郎,浪人,其他,无,小滨之町,无,,"[{""stage"":"""",""tkid"":""226"",""ref"":""226"",""emotion"":0}]",,TAIKOU_bio_226,赤間關（下關）的商人。打從鎌倉時代開始，便可見佐甲家一族的名號。與村上水軍聯手利用瀨戶內海的海運從事商業交易。毛利元就任命藤太郎擔任赤間關的商人司一職，成為特權商人進行貿易。在江戶時代也擔任町年寄一職。
lord_tk5_227,227,227,,坚田元庆,堅田元慶,坚田,元庆,Kondou Mototsuna,sanyo,1,1568,1582,1622,病死,,,,,,只限武将,36,36,温和,勇敢,普通,普通,重视情义,23,艺术品,普通,普通,藤原氏,刀剑,42,24,59,53,36,1,1,1,0,0,0,0,0,1,1,0,1,1,1,1,1,无,强袭,无,无要求,,,未登场,坚田元庆,足轻组头,直臣,毛利家,clan_mori_1,吉田郡山城,无,未登场,坚田元庆,足轻组头,直臣,毛利家,clan_mori_1,吉田郡山城,无,未登场,坚田元庆,足轻组头,直臣,毛利家,clan_mori_1,吉田郡山城,无,未登场,坚田元庆,足轻组头,直臣,毛利家,clan_mori_2,吉田郡山城,无,已登场,坚田元庆,足轻组头,直臣,毛利家,clan_mori_2,吉田郡山城,无,已登场,坚田元庆,城主,直臣,毛利家,clan_mori_2,三原城,无,未登场,坚田元庆,足轻组头,直臣,毛利家,吉田郡山城,无,已登场,坚田元庆,足轻组头,直臣,毛利家,吉田郡山城,无,已登场,坚田元庆,浪人,其他,无,厩桥之町,无,,"[{""stage"":"""",""tkid"":""227"",""ref"":""227"",""emotion"":0}]",,TAIKOU_bio_227,毛利家臣。粟屋元通次子。原為毛利姓，蒙主公輝元賜字，改姓堅田。小早川隆景轉任伊予後，做三原城主。做為毛利家的重臣顯露身手，被賜以豐臣姓。關原之戰時代替輝元出戰。
lord_tk5_228,228,228,,桂元澄,,桂,元澄,Katsura Yoshizumi,sanyo,1,1508,1554,1569,病死,,,,,,只限武将,36,36,性急,勇敢,普通,慎重,重视情义,32,武具,无欲,普通,其他,刀剑,41,42,55,61,44,0,1,1,0,0,1,0,0,0,0,0,0,0,0,0,0,无,强袭,无,无要求,,,已登场,桂元澄,部将,直臣,毛利家,clan_mori_1,吉田郡山城,无,已登场,桂元澄,部将,直臣,毛利家,clan_mori_1,吉田郡山城,无,已登场,桂元澄,部将,直臣,毛利家,clan_mori_1,吉田郡山城,无,已死亡,桂元澄,无效,无效,无,,无效,无,已死亡,桂元澄,无效,无效,无,,无效,无,已死亡,桂元澄,无效,无效,无,,无效,无,已登场,桂元澄,部将,直臣,毛利家,吉田郡山城,无,已死亡,桂元澄,无效,无效,无,无效,无,已登场,桂元澄,浪人,其他,无,甲府之町,无,,"[{""stage"":"""",""tkid"":""228"",""ref"":""228"",""emotion"":0}]",,TAIKOU_bio_228,毛利家臣。廣澄長子。曾任安藝櫻尾城主。是曾任包括嚴島神社在內的神社領地監督的毛利家的重臣。善於謀略，嚴島之戰中，利用假情報成功地誘出陶晴賢。
lord_tk5_229,229,229,,葛山氏元,,葛山,氏元,Kazayama Moto,tokai,1,1524,1554,1568,病死,,,,,,全职种,48,48,普通,胆小,普通,慎重,不重情义,61,书籍,普通,滴酒不沾,藤原氏,刀剑,35,39,58,45,49,0,0,0,0,1,0,0,0,1,2,0,2,1,1,0,0,无,强袭,无,无要求,,,已登场,葛山氏元,侍大将,直臣,今川家,clan_imagawa_1,骏府城,无,已登场,葛山氏元,家老,直臣,今川家,clan_imagawa_1,骏府城,无,已死亡,葛山氏元,无效,无效,无,,无效,无,已死亡,葛山氏元,无效,无效,无,,无效,无,已死亡,葛山氏元,无效,无效,无,,无效,无,已死亡,葛山氏元,无效,无效,无,,无效,无,已登场,葛山氏元,部将,直臣,今川家,骏府城,无,已死亡,葛山氏元,无效,无效,无,无效,无,已登场,葛山氏元,浪人,其他,无,轮岛之町,无,,"[{""stage"":"""",""tkid"":""229"",""ref"":""229"",""emotion"":0}]",,TAIKOU_bio_229,今川家臣。氏廣之子。葛山城主。在駿東郡領地，執行了家臣宅地分配，年上貢減免和領地內社寺保護等獨立政策。由於串通進出駿河的武田信玄而沒落，而將領地讓給了武田信玄的六兒子。
lord_tk5_230,230,230|1155,,加藤清正,,加藤,清正,Katoo Kiyomasa,saikai,1,1562,1576,1611,病死,,,,,,只限武将,10,7,性急,勇敢,现实,慎重,不重情义,85,武具,贪心,嗜酒如命,藤原氏,枪,80,87,60,57,79,4,3,3,2,2,3,2,1,4,0,2,0,0,1,1,0,强行突破，紧急修补,强袭，连续斩，拔突，粘花，急所击，刚弓，卷枪，引落，柄返，刚力，铁壁,枪术能手,一般条件,,,未登场,加藤清正,浪人,其他,无,,清洲之町,无,未登场,加藤清正,足轻组头,直臣,织田家,clan_oda_1,清洲城,无,未登场,加藤清正,足轻组头,直臣,织田家,clan_oda_1,岐阜城,无,未登场,加藤清正,足轻组头,陪臣（羽柴秀吉）,织田家,clan_kinoshita_1,长滨城,无,已登场,加藤清正,足轻组头,陪臣（羽柴秀吉）,织田家,clan_kinoshita_1,姬路城,无,已登场,加藤清正,大名,首领,加藤家,clan_katoo_1,熊本城,无,未登场,加藤清正,浪人,其他,无,清洲之町,无,已登场,加藤清正,足轻大将,直臣,羽柴家,石山本愿寺,无,已登场,加藤清正,浪人,其他,无,严岛之町,无,"[{""stage"":""文"",""tkid"":""230"",""ref"":"""",""emotion"":1},{""stage"":""藩"",""tkid"":""1155"",""ref"":"""",""emotion"":1}]","[{""stage"":""文"",""tkid"":""230"",""ref"":""230"",""emotion"":1},{""stage"":""藩"",""tkid"":""1155"",""ref"":""1155"",""emotion"":1}]",,TAIKOU_bio_230,豐臣家臣。出生於尾張中村。幼名虎之助。在賤岳之戰中建功，是賤岳七本槍之一。征討九州時表現也很突出，成為了肥後的大名。秀吉死後，與石田三成對立，關原之戰歸屬東軍。不僅武功高強，而且也專長築城和治水。
lord_tk5_231,231,231,,加藤段藏,,加藤,段藏,Katoo Dankuroo,tosan,1,1533,1554,1572,战死,,,,,,武将以外优先,40,40,普通,普通,理想,轻率,不重情义,83,艺术品,贪心,嗜酒如命,藤原氏,苦无,65,79,13,78,21,2,0,2,1,2,2,1,4,0,0,0,2,0,0,0,0,鬼脚之术，鬼谋，幻惑之术，雷爆之术,强袭，拔突，二连苦无，半月，刚弓，猛毒苦无，十字投，乱苦无，叠返之术，铁壁,苦无名人,一般条件,,,已登场,加藤段藏,中忍,直臣,轩猿众,clan_nokizaru_1,轩猿之里,无,已登场,加藤段藏,中忍,直臣,轩猿众,clan_nokizaru_1,轩猿之里,无,已登场,加藤段藏,中忍,直臣,透波众,clan_suppa_1,透波之里,无,已死亡,加藤段藏,无效,无效,无,,无效,无,已死亡,加藤段藏,无效,无效,无,,无效,无,已死亡,加藤段藏,无效,无效,无,,无效,无,已登场,加藤段藏,中忍,直臣,轩猿众,轩猿之里,无,已死亡,加藤段藏,无效,无效,无,无效,无,已登场,加藤段藏,浪人,其他,无,奈良之町,无,,"[{""stage"":"""",""tkid"":""231"",""ref"":""231"",""emotion"":0}]",,TAIKOU_bio_231,忍者。幻術師。人稱飛俠加藤。為了要侍奉上杉家，便在越後春日山城下施展「吞牛之術」，使民眾們驚訝不已。後來不受上杉謙信信任後，就逃亡至甲斐。改仕武田信玄，但其奇異舉動令武田信玄不快，最後被武田家家臣所殺害。
lord_tk5_232,232,232,,加藤光泰,,加藤,光泰,Katoo Mitsuyasu,sanyo,1,1537,1554,1593,病死,,,,,,全职种,20,20,普通,普通,普通,普通,普通,50,艺术品,无欲,普通,藤原氏,枪,52,54,51,49,34,0,1,1,0,0,0,0,0,0,1,0,1,0,0,1,1,无,拔突,无,无要求,,,已登场,加藤光泰,足轻组头,直臣,斋藤家,clan_saitoo_1,稻叶山城,无,已登场,加藤光泰,足轻组头,直臣,斋藤家,clan_saitoo_2,稻叶山城,无,已登场,加藤光泰,足轻组头,直臣,织田家,clan_oda_1,岐阜城,无,已登场,加藤光泰,足轻组头,直臣,织田家,clan_oda_1,岐阜城,无,已登场,加藤光泰,足轻大将,陪臣（羽柴秀吉）,织田家,clan_kinoshita_1,姬路城,无,已死亡,加藤光泰,无效,无效,无,,无效,无,未登场,加藤光泰,浪人,其他,无,井之口之町,无,已登场,加藤光泰,部将,直臣,羽柴家,石山本愿寺,无,已登场,加藤光泰,浪人,其他,无,鹿岛之町,无,,"[{""stage"":"""",""tkid"":""232"",""ref"":""232"",""emotion"":0}]",,TAIKOU_bio_232,齋藤家臣，後為豐臣家臣。是齋藤龍興家臣加藤景泰之子。最初侍奉龍興，龍興沒落後，又侍奉豐臣秀吉，在攻佔淺井、播磨三木城戰鬥中戰功顯赫，在討伐小田原後，成為甲府城主。
lord_tk5_233,233,233,,加藤嘉明,,加藤,嘉明,Katoo Yoshiaki,nankai,1,1563,1577,1631,病死,,,,,,全职种,18,18,普通,普通,普通,轻率,普通,43,艺术品,无欲,普通,藤原氏,枪,68,78,53,56,69,2,2,2,3,2,3,2,0,2,0,0,0,1,0,0,0,进水,强袭，连续斩，拔突，粘花，刚弓，卷枪，引落，柄返，刚力，铁壁,无,一般条件,,,未登场,加藤嘉明,足轻组头,直臣,织田家,clan_oda_1,清洲城,无,未登场,加藤嘉明,足轻组头,直臣,织田家,clan_oda_1,清洲城,无,未登场,加藤嘉明,足轻组头,直臣,织田家,clan_oda_1,岐阜城,无,未登场,加藤嘉明,足轻组头,陪臣（羽柴秀吉）,织田家,clan_kinoshita_1,长滨城,无,已登场,加藤嘉明,足轻组头,陪臣（羽柴秀吉）,织田家,clan_kinoshita_1,姬路城,无,已登场,加藤嘉明,大名,首领,加藤家,clan_katoo_2,汤筑城,无,未登场,加藤嘉明,浪人,其他,无,井之口之町,无,已登场,加藤嘉明,侍大将,直臣,羽柴家,石山本愿寺,无,已登场,加藤嘉明,浪人,其他,无,出石之町,无,,"[{""stage"":"""",""tkid"":""233"",""ref"":""233"",""emotion"":0}]",,TAIKOU_bio_233,豐臣家臣。幼名孫六。賤岳七杆槍之一。性格冷靜沉著，不愛多說話，被稱為「沉勇之士」。作為豐臣水軍的主力，在四國征討和九州征討時，有突出表現。關原作戰時歸屬東軍。
lord_tk5_234,234,234,,金上盛备,金上盛備,金上,盛备,Kanakami Morinari,ou,1,1527,1554,1589,战死,,,,,,只限武将,19,19,普通,普通,普通,轻率,普通,51,书籍,普通,普通,其他,刀剑,56,59,60,71,63,1,2,1,0,1,1,0,1,0,1,1,0,1,3,0,1,无,强袭,无,无要求,,,已登场,金上盛备,侍大将,直臣,芦名家,clan_ashina_1,黑川城,无,已登场,金上盛备,侍大将,直臣,芦名家,clan_ashina_1,黑川城,无,已登场,金上盛备,侍大将,直臣,芦名家,clan_ashina_1,黑川城,无,已登场,金上盛备,侍大将,直臣,芦名家,clan_ashina_1,黑川城,无,已登场,金上盛备,侍大将,直臣,芦名家,clan_ashina_2,黑川城,无,已死亡,金上盛备,无效,无效,无,,无效,无,已登场,金上盛备,侍大将,直臣,芦名家,黑川城,无,已登场,金上盛备,侍大将,直臣,芦名家,黑川城,无,已登场,金上盛备,侍大将,直臣,上泉家,内城,无,,"[{""stage"":"""",""tkid"":""234"",""ref"":""234"",""emotion"":0}]",,TAIKOU_bio_234,蘆名家臣。做為家族的代表擔當政務，人稱「蘆名執政」。盛隆去世後，壓制推舉伊達政宗之弟小次郎繼位的一派，成功地將佐竹義重之次子義廣推為領主。摺上原之戰中陣亡。
lord_tk5_235,235,235,,金森长近,金森長近,金森,长近,Kanamori Nagachika,tosan,1,1524,1554,1608,病死,,,,,,全职种,20,20,温和,普通,现实,慎重,普通,56,艺术品,贪心,普通,源氏,刀剑,64,49,70,60,61,1,1,1,0,0,0,1,1,2,1,0,2,2,2,4,2,无,强袭,风雅之士,一般条件,,,已登场,金森长近,浪人,其他,无,,井之口之町,无,已登场,金森长近,浪人,其他,无,,井之口之町,无,已登场,金森长近,浪人,其他,无,,岐阜之町,无,已登场,金森长近,足轻大将,直臣,织田家,clan_oda_1,岐阜城,无,已登场,金森长近,侍大将,直臣,织田家,clan_oda_1,安土城,无,已登场,金森长近,大名,首领,金森家,clan_kanamori_1,飞驒高山城,无,已登场,金森长近,浪人,其他,无,井之口之町,无,已登场,金森长近,家老,直臣,羽柴家,石山本愿寺,无,已登场,金森长近,浪人,其他,无,长滨之町,无,,"[{""stage"":"""",""tkid"":""235"",""ref"":""235"",""emotion"":0}]",,TAIKOU_bio_235,織田家臣。飛彈高山城主。赤母衣眾成員之一。跟隨柴田勝家，為北陸平定做出了貢獻。本能寺事變時與明智軍作戰。勝家死後，隱居之後，侍奉豐臣秀吉，關原之戰中歸屬東軍。善於茶道是利休七賢之一。
lord_tk5_236,236,236,,可儿才藏,可兒才藏,可儿,才藏,Kani Saizoo,tokai,1,1554,1568,1613,病死,,,,,,全职种,10,10,性急,勇敢,普通,轻率,不重情义,76,武具,无欲,嗜酒如命,其他,枪,35,82,9,38,65,3,1,1,0,3,4,0,1,0,0,0,0,0,1,0,0,无,强袭，连续斩，拔突，粘花，刚弓，卷枪，飞鸟，引落，当身，柄返，刚力，铁壁，辱骂，大喝,枪术名人,一般条件,,,未登场,可儿才藏,足轻组头,直臣,织田家,clan_oda_1,清洲城,宝藏院流,未登场,可儿才藏,足轻组头,直臣,斋藤家,clan_saitoo_2,稻叶山城,宝藏院流,已登场,可儿才藏,足轻组头,直臣,织田家,clan_oda_1,岐阜城,宝藏院流,已登场,可儿才藏,足轻组头,直臣,织田家,clan_oda_1,岐阜城,宝藏院流,已登场,可儿才藏,足轻组头,直臣,织田家,clan_oda_1,安土城,宝藏院流,已登场,可儿才藏,侍大将,直臣,福岛家,clan_fukushima_1,清洲城,宝藏院流,未登场,可儿才藏,足轻组头,直臣,斋藤家,稻叶山城,宝藏院流,已登场,可儿才藏,足轻组头,陪臣（羽柴秀次）,羽柴家,石山本愿寺,宝藏院流,已登场,可儿才藏,头领,首领,土佐水军,十市之砦,宝藏院流,,"[{""stage"":"""",""tkid"":""236"",""ref"":""236"",""emotion"":0}]",,TAIKOU_bio_236,美濃出身。師從寶藏院胤榮學習槍術的勇士。先在齋藤家，後接連侍奉柴田、明智、織田、羽柴家。關原之戰時，在殺死的每一個敵將首級上刺上竹籤，以為記號，因得「竹籤才藏」之綽號。
lord_tk5_237,237,237,,钟卷自斋,鐘捲自齋|鍾卷自齋,钟卷,自斋,Kanee Tsumura Jisai,hokuriku,1,1532,1554,1599,病死,,,,,,没那个意思,65,65,性急,胆小,普通,轻率,普通,44,艺术品,贪心,普通,其他,刀剑,18,86,24,19,32,1,0,0,0,0,4,0,3,0,0,0,0,1,0,0,2,无,强袭，连续斩，切落，绝妙剑，拔突，二连苦无，半月，金翅鸟王剑，当身，刚力，独妙剑，铁壁,剑豪,一般条件,,,已登场,钟卷自斋,师范,其他,无,,金泽之町,钟卷流,已登场,钟卷自斋,师范,其他,无,,金泽之町,钟卷流,已登场,钟卷自斋,师范,其他,无,,金泽之町,钟卷流,已登场,钟卷自斋,师范,其他,无,,金泽之町,钟卷流,已登场,钟卷自斋,师范,其他,无,,金泽之町,钟卷流,已登场,钟卷自斋,师范,其他,无,,金泽之町,钟卷流,已登场,钟卷自斋,师范,其他,无,金泽之町,钟卷流,已登场,钟卷自斋,师范,其他,无,金泽之町,钟卷流,已登场,钟卷自斋,师范,其他,无,金泽之町,钟卷流,,"[{""stage"":"""",""tkid"":""237"",""ref"":""237"",""emotion"":0}]",,TAIKOU_bio_237,劍術家。出身來歷不詳。拜富田勢源為師，不僅領會了中條流的精粹，再加上自身的精心研究而創始了鐘捲流，也負責北條家的劍術指導。曾經因為看不慣弟子‧伊藤一刀齋的怠惰而與其比試來教訓他，沒想到竟敗於一刀齋手下。傳言佐佐木小次郎也向自齋學過劍術。
lord_tk5_238,238,238,,蒲池鉴盛,蒲池鑒盛|蒲池鑑盛,蒲池,鉴盛,Kamachi Akimori,saikai,1,1519,1554,1578,战死,,,,,,只限武将,70,70,温和,胆小,现实,慎重,普通,29,书籍,无欲,普通,藤原氏,刀剑,55,56,62,72,41,1,0,1,1,1,0,1,0,0,1,1,3,1,2,1,0,无,强袭，丢钱,无,无要求,,,已登场,蒲池鉴盛,城主,直臣,大友家,clan_otomo_1,柳川城,无,已登场,蒲池鉴盛,城主,直臣,大友家,clan_otomo_1,柳川城,无,已登场,蒲池鉴盛,城主,直臣,大友家,clan_otomo_1,柳川城,无,已登场,蒲池鉴盛,城主,直臣,大友家,clan_otomo_1,柳川城,无,已死亡,蒲池鉴盛,无效,无效,无,,无效,无,已死亡,蒲池鉴盛,无效,无效,无,,无效,无,已登场,蒲池鉴盛,城主,直臣,大友家,柳川城,无,已死亡,蒲池鉴盛,无效,无效,无,无效,无,已登场,蒲池鉴盛,水夫,直臣,五岛水军,江川之砦,无,,"[{""stage"":"""",""tkid"":""238"",""ref"":""238"",""emotion"":0}]",,TAIKOU_bio_238,築後望族。柳河城主。鑑久嫡子。隸屬大友家。曾將平安逃脫的龍造寺隆信藏於領地內，兩次保護了瀕臨滅頂之災的龍造寺家。耳川會戰時與島津的勢力戰鬥，全家大小均戰死。
lord_tk5_239,239,239,,龟井兹矩,龜井茲矩|龟井茲矩,龟井,兹矩,Kamei Korenori,sanyo,1,1557,1571,1612,病死,,,,,,全职种,5,5,普通,普通,现实,普通,普通,65,南蛮物,贪心,普通,源氏,刀剑,63,35,83,72,47,2,0,2,2,0,1,1,1,0,4,3,1,1,3,1,1,土龙攻，紧急修补,强袭,无,一般条件,,,未登场,龟井兹矩,浪人,其他,无,,松江之町,无,未登场,龟井兹矩,足轻组头,直臣,尼子家,clan_amago_1,月山富田城,无,未登场,龟井兹矩,浪人,其他,无,,松江之町,无,已登场,龟井兹矩,浪人,其他,无,,松江之町,无,已登场,龟井兹矩,浪人,其他,无,,松江之町,无,已登场,龟井兹矩,大名,首领,龟井家,clan_kamei_1,羽衣石城,无,未登场,龟井兹矩,足轻组头,直臣,尼子家,月山富田城,无,已登场,龟井兹矩,城主,直臣,羽柴家,羽衣石城,无,已登场,龟井兹矩,头目,首领,山潜众,山潜之里,无,,"[{""stage"":"""",""tkid"":""239"",""ref"":""239"",""emotion"":0}]",,TAIKOU_bio_239,尼子家臣，後為豐臣家臣。人稱琉球守。主家滅亡後淪為流浪之身。後仕秀吉參與攻打鳥取城，作得因幡鹿野城主。圍湖造田，修整水渠，努力振興領內的產業。還得到朱印狀，向暹羅派遣貿易船。
lord_tk5_240,240,240|1156,,蒲生氏乡,蒲生氏鄉|蒲生赋秀|蒲生賦秀,蒲生,氏乡,Gamou Ujisato,kinai,1,1556,1570,1595,病死,lord_tk5_241,,,lord_tk5_242,lord_tk5_241|lord_tk5_242|lord_tk5_244,全职种,24,24,普通,普通,普通,慎重,普通,69,艺术品,普通,普通,藤原氏,弓,77,72,90,82,88,2,2,2,1,3,1,2,0,3,4,2,4,3,4,4,1,土龙攻，激励，加护,刚弓，神弓，心眼，丢钱，贿赂,风雅之士,一般条件,,,未登场,蒲生赋秀,足轻组头,陪臣（蒲生贤秀）,六角家,clan_gamou_1,日野城,无,未登场,蒲生赋秀,足轻组头,陪臣（蒲生定秀）,六角家,clan_gamou_1,日野城,无,未登场,蒲生赋秀,足轻组头,陪臣（蒲生定秀）,织田家,clan_gamou_1,日野城,无,已登场,蒲生赋秀,足轻组头,陪臣（蒲生定秀）,织田家,clan_gamou_1,日野城,无,已登场,蒲生氏乡,足轻大将,陪臣（蒲生贤秀）,织田家,clan_gamou_1,日野城,无,已死亡,蒲生氏乡,无效,无效,无,clan_gamou_1,无效,无,未登场,蒲生赋秀,足轻组头,陪臣（蒲生定秀）,六角家,日野城,无,已登场,蒲生氏乡,城主,直臣,羽柴家,日野城,无,已登场,蒲生氏乡,浪人,其他,无,大凑之町,无,"[{""stage"":""军"",""tkid"":""240"",""ref"":"""",""emotion"":1},{""stage"":""朝"",""tkid"":""1156"",""ref"":"""",""emotion"":1}]","[{""stage"":""军"",""tkid"":""240"",""ref"":""240"",""emotion"":1},{""stage"":""朝"",""tkid"":""1156"",""ref"":""1156"",""emotion"":1}]",,TAIKOU_bio_240,織田家家臣。賢秀之子。初名賦秀，後改名氏鄉。其才能因為得到信長的讚賞，而娶了信長的女兒為妻並獲得信長的信任。本能寺之變後即加入秀吉的旗下，領有陸奧會津，並擔任監視伊達家的工作。此人智勇雙全，據說連秀吉也感到威脅而對他心存警戒。茶道造詣之高聞名於世，為
lord_tk5_241,241,241,,蒲生贤秀,蒲生賢秀,蒲生,贤秀,Gamou Katahide,kinai,1,1534,1554,1584,病死,lord_tk5_242,,,,lord_tk5_240|lord_tk5_242|lord_tk5_244,只限武将,24,24,温和,普通,现实,慎重,普通,42,艺术品,无欲,滴酒不沾,藤原氏,弓,58,46,64,66,58,0,1,0,0,2,0,1,0,1,0,0,0,1,2,1,0,无,刚弓,无,无要求,,,已登场,蒲生贤秀,侍大将,陪臣（蒲生定秀）,六角家,clan_gamou_3,日野城,无,已登场,蒲生贤秀,侍大将,陪臣（蒲生定秀）,六角家,clan_gamou_2,日野城,无,已登场,蒲生贤秀,侍大将,陪臣（蒲生定秀）,织田家,clan_gamou_2,日野城,无,已登场,蒲生贤秀,侍大将,陪臣（蒲生定秀）,织田家,clan_gamou_2,日野城,无,已登场,蒲生贤秀,城主,直臣,织田家,clan_gamou_3,日野城,无,已死亡,蒲生贤秀,无效,无效,无,clan_gamou_1,无效,无,已登场,蒲生贤秀,侍大将,陪臣（蒲生定秀）,六角家,日野城,无,已登场,蒲生贤秀,部将,陪臣（蒲生氏乡）,羽柴家,日野城,无,已登场,蒲生贤秀,浪人,其他,无,大凑之町,无,,"[{""stage"":"""",""tkid"":""241"",""ref"":""241"",""emotion"":0}]",,TAIKOU_bio_241,六角家臣，後為織田家臣。定秀之子。織田信長進攻京都時投降於織田家，以子為人質臣服織田。本能寺事變時雖為明智光秀所惑，但不為所動守衛了日野城。保護了身在安土城的信長之妻。
lord_tk5_242,242,242,,蒲生定秀,,蒲生,定秀,Gamou Sadahide,kinai,1,1508,1554,1579,病死,,,,,lord_tk5_240|lord_tk5_241,只限武将,24,24,性急,勇敢,理想,慎重,不重情义,67,艺术品,贪心,嗜酒如命,藤原氏,弓,70,49,45,76,49,2,1,0,0,2,1,1,0,1,2,2,3,1,0,0,2,无,刚弓，丢钱,无,无要求,,,已登场,蒲生定秀,城主,直臣,六角家,clan_gamou_2,日野城,无,已登场,蒲生定秀,城主,直臣,六角家,clan_gamou_2,日野城,无,已登场,蒲生定秀,城主,直臣,织田家,clan_gamou_2,日野城,无,已登场,蒲生定秀,城主,直臣,织田家,clan_gamou_2,日野城,无,已死亡,蒲生定秀,无效,无效,无,clan_gamou_3,无效,无,已死亡,蒲生定秀,无效,无效,无,,无效,无,已登场,蒲生定秀,城主,直臣,六角家,日野城,无,已死亡,蒲生定秀,无效,无效,无,无效,无,已登场,蒲生定秀,浪人,其他,无,大凑之町,无,,"[{""stage"":"""",""tkid"":""242"",""ref"":""242"",""emotion"":0}]",,TAIKOU_bio_242,六角家臣。高鄉之子。毒殺了兄長秀紀，繼承了蒲生家族。做為六角軍的先鋒轉戰各地，立功揚名。不僅僅是軍事，在內政方面也很活躍，在「觀音寺動亂」時，充任主公義治與家臣團之間的調停人。
lord_tk5_243,243,243,,蒲生赖乡,蒲生賴鄉|横山喜内|蒲生乡舍|蒲生鄉舍|橫山喜內,蒲生,赖乡,Gamou Yasukyo,kinai,1,1558,1572,1600,战死,,,,,,只限武将,15,15,性急,勇敢,理想,轻率,重视情义,35,武具,无欲,嗜酒如命,藤原氏,刀剑,69,77,25,35,61,1,2,1,0,2,3,0,1,0,0,0,0,2,0,0,0,无,强袭，连续斩，拔突，刚弓，刚力，铁壁,无,一般条件,,,未登场,横山喜内,足轻组头,陪臣（蒲生定秀）,六角家,clan_gamou_2,日野城,无,未登场,横山喜内,足轻组头,陪臣（蒲生定秀）,六角家,clan_gamou_2,日野城,无,未登场,横山喜内,足轻组头,陪臣（蒲生定秀）,织田家,clan_gamou_2,日野城,无,已登场,横山喜内,足轻组头,陪臣（蒲生定秀）,织田家,clan_gamou_2,日野城,无,已登场,横山喜内,足轻组头,陪臣（蒲生贤秀）,织田家,clan_gamou_3,日野城,无,已登场,蒲生赖乡,部将,陪臣（石田三成）,丰臣家,clan_ishida_1,佐和山城,无,未登场,横山喜内,足轻组头,陪臣（蒲生定秀）,六角家,日野城,无,已登场,蒲生赖乡,足轻组头,陪臣（蒲生氏乡）,羽柴家,日野城,无,已登场,蒲生赖乡,浪人,其他,无,诹访之町,无,,"[{""stage"":"""",""tkid"":""243"",""ref"":""243"",""emotion"":0}]",,TAIKOU_bio_243,石田三成的家臣。初名為橫山喜內。侍奉蒲生氏鄉，而被賜與蒲生備中之名。氏鄉死後成為浪人時，被石田三成登庸，在關原合戰中身為石田隊前鋒奮力作戰。在戰場上遇上織田有樂並受其勸降，但因其拒降，結果被有樂殺死。
lord_tk5_244,244,244,,蒲生秀行,,蒲生,秀行,Gamou Hideyuki,kanto,1,1583,1596,1612,病死,lord_tk5_240,,,lord_tk5_241,lord_tk5_240|lord_tk5_241,全职种,5,5,温和,胆小,普通,慎重,普通,42,艺术品,普通,普通,藤原氏,弓,54,41,57,26,41,0,0,0,0,0,0,0,0,0,1,1,0,1,0,1,0,无,刚弓,无,无要求,,,未登场,蒲生秀行,足轻组头,陪臣（蒲生赋秀）,六角家,clan_gamou_1,日野城,无,未登场,蒲生秀行,足轻组头,陪臣（蒲生赋秀）,六角家,clan_gamou_1,日野城,无,未登场,蒲生秀行,足轻组头,陪臣（蒲生赋秀）,织田家,clan_gamou_1,日野城,无,未登场,蒲生秀行,足轻组头,陪臣（蒲生赋秀）,织田家,clan_gamou_1,日野城,无,未登场,蒲生秀行,足轻组头,陪臣（蒲生氏乡）,织田家,clan_gamou_1,日野城,无,已登场,蒲生秀行,大名,首领,蒲生家,clan_gamou_1,宇都宫城,无,未登场,蒲生秀行,足轻组头,陪臣（蒲生赋秀）,六角家,日野城,无,未登场,蒲生秀行,足轻组头,陪臣（蒲生氏乡）,羽柴家,日野城,无,已登场,蒲生秀行,浪人,其他,无,宇须岸之町,无,,"[{""stage"":"""",""tkid"":""244"",""ref"":""244"",""emotion"":0}]",,TAIKOU_bio_244,豐臣家家臣。氏鄉的嫡子。雖因父親之死而繼承會津若松九十萬石，但因無法解決重臣間的紛爭，而被減封至下野宇都宮十二萬石。關原合戰時隸屬於東軍，以居城為據點成功阻止了上杉景勝的南下，因此功使他在戰後得以取回舊領‧會津。
lord_tk5_245,245,245,,川上忠智,,川上,忠智,Kawakami Tadatomo,saikai,1,1545,1559,1588,病死,,,,,,只限武将,32,32,普通,勇敢,普通,轻率,普通,72,武具,普通,普通,源氏,枪,61,80,34,36,59,2,2,1,1,0,3,1,0,0,0,0,0,0,0,0,0,无,强袭，连续斩，拔突，粘花，卷枪，引落，柄返，刚力，铁壁,无,无要求,,,未登场,川上忠智,侍大将,直臣,岛津家,clan_shimazu_1,内城,无,已登场,川上忠智,侍大将,直臣,岛津家,clan_shimazu_1,内城,无,已登场,川上忠智,侍大将,直臣,岛津家,clan_shimazu_1,内城,无,已登场,川上忠智,侍大将,直臣,岛津家,clan_shimazu_1,内城,无,已登场,川上忠智,侍大将,直臣,岛津家,clan_shimazu_1,内城,无,已死亡,川上忠智,无效,无效,无,,无效,无,未登场,川上忠智,侍大将,直臣,岛津家,内城,无,已登场,川上忠智,侍大将,直臣,岛津家,内城,无,已登场,川上忠智,家老,直臣,河尻家,水户城,无,,"[{""stage"":"""",""tkid"":""245"",""ref"":""245"",""emotion"":0}]",,TAIKOU_bio_245,島津家臣。曾任主公義弘家的家老。在肥後進攻天崎城有功，並在與龍造寺氏的島原會戰中取敵方大將龍造寺隆信的首級，立下戰功。
lord_tk5_246,246,246,,川上久朗,,川上,久朗,Kawakami Hisaaki,saikai,1,1536,1554,1568,战死,,,,,,只限武将,32,32,温和,普通,现实,轻率,重视情义,18,武具,无欲,普通,源氏,枪,64,47,51,48,77,1,2,2,1,0,0,1,0,1,1,1,0,1,0,0,0,无,拔突,无,无要求,,,已登场,川上久朗,足轻大将,直臣,岛津家,clan_shimazu_1,内城,无,已登场,川上久朗,侍大将,直臣,岛津家,clan_shimazu_1,内城,无,已登场,川上久朗,侍大将,直臣,岛津家,clan_shimazu_1,内城,无,已死亡,川上久朗,无效,无效,无,,无效,无,已死亡,川上久朗,无效,无效,无,,无效,无,已死亡,川上久朗,无效,无效,无,,无效,无,未登场,川上久朗,侍大将,直臣,岛津家,内城,无,已死亡,川上久朗,无效,无效,无,无效,无,已登场,川上久朗,家老,直臣,河尻家,水户城,无,,"[{""stage"":"""",""tkid"":""246"",""ref"":""246"",""emotion"":0}]",,TAIKOU_bio_246,島津家臣。忠克之子。島津家經堂留名的島津四猛將之一。長短刀和長矛樣樣精通。為領地的統一轉戰南北，立下戰功。在與薩摩大口城菱刈軍的戰鬥中，為保護島津義弘而戰死。
lord_tk5_247,247,247,,河尻秀隆,,河尻,秀隆,Kawajiri Hidetaka,tokai,1,1527,1554,1582,战死,,,,,,全职种,1,1,性急,普通,普通,轻率,普通,49,武具,普通,普通,源氏,刀剑,60,68,26,27,31,2,2,1,0,0,1,0,0,0,0,0,2,1,0,0,0,无,强袭,无,无要求,,,已登场,河尻秀隆,侍大将,直臣,织田家,clan_oda_1,清洲城,无,已登场,河尻秀隆,侍大将,直臣,织田家,clan_oda_1,清洲城,无,已登场,河尻秀隆,侍大将,直臣,织田家,clan_oda_1,岐阜城,无,已登场,河尻秀隆,侍大将,直臣,织田家,clan_oda_1,岐阜城,无,已登场,河尻秀隆,部将,陪臣（织田信忠）,织田家,clan_oda_3,岐阜城,无,已死亡,河尻秀隆,无效,无效,无,,无效,无,已登场,河尻秀隆,侍大将,直臣,织田家,那古野城,无,已死亡,河尻秀隆,无效,无效,无,无效,无,已登场,河尻秀隆,大名,首领,河尻家,水户城,无,,"[{""stage"":"""",""tkid"":""247"",""ref"":""247"",""emotion"":0}]",,TAIKOU_bio_247,織田家臣。從信秀年代就開始作過信長的黑母衣眾之首，也曾輔佐信長的嫡子信忠。甲斐平定戰中表現突出。戰後，甲斐被封與了他。本能寺事變後，被甲斐起義的農民所殺。
lord_tk5_248,248,248,,河田长亲,河田長親,河田,长亲,Kawada Nagachika,hokuriku,1,1540,1554,1581,病死,,,,,,全职种,21,21,温和,普通,普通,普通,重视情义,48,艺术品,普通,普通,其他,刀剑,56,58,69,74,63,1,1,1,1,1,1,2,0,1,2,1,1,1,2,1,1,无,强袭,无,无要求,,,已登场,河田长亲,侍大将,直臣,长尾家,clan_uesugi_1,春日山城,无,已登场,河田长亲,侍大将,直臣,长尾家,clan_uesugi_1,春日山城,无,已登场,河田长亲,侍大将,直臣,上杉家,clan_uesugi_1,春日山城,无,已登场,河田长亲,侍大将,直臣,上杉家,clan_uesugi_1,春日山城,无,已死亡,河田长亲,无效,无效,无,,无效,无,已死亡,河田长亲,无效,无效,无,,无效,无,未登场,河田长亲,侍大将,直臣,长尾家,春日山城,无,已死亡,河田长亲,无效,无效,无,无效,无,已登场,河田长亲,家老,直臣,河尻家,水户城,无,,"[{""stage"":"""",""tkid"":""248"",""ref"":""248"",""emotion"":0}]",,TAIKOU_bio_248,上杉家臣。生於近江。主公謙信入京都時奉召為臣。其後做為心腹受到信賴，參與北陸的經營。謙信死後，遇信長誘勸而未從，跟隨景勝北上，對抗織田軍。
lord_tk5_249,249,249,,愿证寺证惠,願証寺証惠|願證寺證惠,愿证寺,证惠,Ganshoji Shooe,tokai,1,1494,1554,1574,战死,,,,,,全职种,50,50,温和,普通,理想,慎重,重视情义,11,书籍,无欲,滴酒不沾,藤原氏,火绳枪,80,32,55,58,74,3,0,3,2,1,1,2,2,0,0,0,2,2,1,0,2,无,二连苦无，急所击，二挺击,无,一般条件,,,已登场,愿证寺证惠,城主,直臣,本愿寺,clan_honganji_1,长岛城,无,已登场,愿证寺证惠,城主,直臣,本愿寺,clan_honganji_1,长岛城,无,已登场,愿证寺证惠,城主,直臣,本愿寺,clan_ganshoji_1,长岛城,无,已死亡,愿证寺证惠,无效,无效,无,,无效,无,已死亡,愿证寺证惠,无效,无效,无,,无效,无,已死亡,愿证寺证惠,无效,无效,无,,无效,无,已登场,愿证寺证惠,城主,直臣,本愿寺,长岛城,无,已死亡,愿证寺证惠,无效,无效,无,无效,无,已登场,愿证寺证惠,浪人,其他,无,鹿岛之町,无,,"[{""stage"":"""",""tkid"":""249"",""ref"":""249"",""emotion"":0}]",,TAIKOU_bio_249,本願寺一族。八世法主‧蓮如之孫。繼承蓮淳成為伊勢長島願証寺的住持。雖然率領伊勢長島一向一揆和織田信長的討伐軍展開激烈的抗戰，但在信長在焦土作戰中即告敗北。最後跳入木曾川自盡身亡。
lord_tk5_250,250,250,,神户具盛,神戶具盛,神户,具盛,Koobe Tomomori,kinai,1,1526,1554,1582,病死,,,,,,全职种,40,40,普通,胆小,普通,慎重,普通,50,书籍,普通,普通,平氏,刀剑,33,25,44,40,38,0,0,1,1,0,0,1,0,0,0,0,1,1,0,1,0,无,强袭,无,无要求,,,已登场,神户具盛,部将,直臣,北畠家,clan_kitabatake_1,大河内城,无,已登场,神户具盛,城主,直臣,北畠家,clan_koobe_1,安浓津城,无,已登场,神户具盛,部将,陪臣（泷川一益）,织田家,clan_takigawa_1,安浓津城,无,已登场,神户具盛,部将,陪臣（织田信孝）,织田家,clan_oda_5,安浓津城,无,已登场,神户具盛,部将,直臣,织田家,clan_oda_1,安土城,无,已死亡,神户具盛,无效,无效,无,,无效,无,已登场,神户具盛,城主,直臣,北畠家,安浓津城,无,已死亡,神户具盛,无效,无效,无,无效,无,已登场,神户具盛,浪人,其他,无,鹿岛之町,无,,"[{""stage"":"""",""tkid"":""250"",""ref"":""250"",""emotion"":0}]",,TAIKOU_bio_250,伊勢的豪族。神戶城主。曾與進攻伊勢的織田軍隊抗爭，溝和後收信長三子信孝為義子。後被信長幽禁在近江日野城，信孝出征討伐四國時解放，任守城官員。
lord_tk5_251,251,251,,菅达长,菅達長,菅,达长,Sugata Nagatake,nankai,1,1549,1560,1614,战死,,,,,,全职种,0,0,性急,勇敢,普通,轻率,不重情义,62,武具,贪心,嗜酒如命,其他,刀剑,61,56,27,43,55,1,0,2,3,1,2,0,1,0,0,0,1,0,0,0,0,水上拖延,强袭，拔突，铁壁,无,无要求,,,未登场,菅达长,船头,直臣,淡路水军,clan_atagi_1,洲本之砦,无,已登场,菅达长,船头,直臣,淡路水军,clan_atagi_1,洲本之砦,无,已登场,菅达长,船头,直臣,淡路水军,clan_atagi_1,洲本之砦,无,已登场,菅达长,船头,直臣,淡路水军,clan_atagi_1,洲本之砦,无,已登场,菅达长,船头,直臣,熊野水军,clan_kuki_2,鸟羽之砦,无,已登场,菅达长,头领,首领,淡路水军,clan_sugata_1,洲本之砦,无,未登场,菅达长,船头,直臣,淡路水军,洲本之砦,无,已登场,菅达长,船头,直臣,熊野水军,鸟羽之砦,无,已登场,菅达长,浪人,其他,无,长滨之町,无,,"[{""stage"":"""",""tkid"":""251"",""ref"":""251"",""emotion"":0}]",,TAIKOU_bio_251,淡路水軍之將。起初隸屬於長宗我部家，後來加入豐臣秀吉旗下。率領水軍參加九州征伐、小田原征伐、朝鮮出兵等戰役。關原合戰時隸屬於西軍，與九鬼水軍並肩作戰。戰後雖侍奉藤堂高虎，但與高虎起了口舌之爭而切腹自殺。
lord_tk5_252,252,252,,城井镇房,城井鎮房,城井,镇房,Kii Shigefusa,saikai,1,1536,1554,1588,战死,lord_tk5_853,,,,lord_tk5_853,只限武将,80,80,温和,勇敢,普通,轻率,不重情义,91,艺术品,贪心,普通,藤原氏,刀剑,46,50,42,59,49,1,1,1,0,3,1,2,0,0,0,1,2,1,1,0,0,无,强袭，刚弓,无,无要求,,,已登场,城井镇房,城主,直臣,大友家,clan_kii_1,城井谷城,无,已登场,城井镇房,城主,直臣,大友家,clan_kii_1,城井谷城,无,已登场,城井镇房,城主,直臣,大友家,clan_kii_1,城井谷城,无,已登场,城井镇房,城主,直臣,大友家,clan_kii_1,城井谷城,无,已登场,城井镇房,大名,首领,城井家,clan_kii_1,城井谷城,无,已死亡,城井镇房,无效,无效,无,,无效,无,未登场,城井镇房,侍大将,陪臣（城井长房）,大内家,城井谷城,无,已登场,城井镇房,大名,首领,城井家,城井谷城,无,已登场,城井镇房,浪人,其他,无,杂贺之町,无,,"[{""stage"":"""",""tkid"":""252"",""ref"":""252"",""emotion"":0}]",,TAIKOU_bio_252,城井宇都宮家第１６代家主。長房之子。先侍奉大內家，後改為大友、島津家，以維持其領地。秀吉征討九州時，降服，但拒絕將封地轉為伊予而謀反，奪回了城井城。之後，雖然和好，但卻被黑田長政所誘殺。
lord_tk5_253,253,253,,喜入季久,,喜入,季久,Kiriu Suenaga,saikai,1,1532,1554,1588,病死,,,,,,只限武将,30,30,温和,普通,普通,轻率,普通,32,书籍,普通,普通,源氏,刀剑,57,40,38,62,41,1,0,1,0,0,0,1,0,1,1,0,1,3,2,3,1,无,强袭,无,无要求,,,已登场,喜入季久,部将,直臣,岛津家,clan_shimazu_1,内城,无,已登场,喜入季久,侍大将,直臣,岛津家,clan_shimazu_1,内城,无,已登场,喜入季久,部将,直臣,岛津家,clan_shimazu_1,内城,无,已登场,喜入季久,部将,直臣,岛津家,clan_shimazu_1,内城,无,已登场,喜入季久,部将,直臣,岛津家,clan_shimazu_1,内城,无,已死亡,喜入季久,无效,无效,无,,无效,无,已登场,喜入季久,部将,直臣,岛津家,内城,无,已登场,喜入季久,部将,直臣,岛津家,内城,无,已登场,喜入季久,浪人,其他,无,鹿屋之町,无,,"[{""stage"":"""",""tkid"":""253"",""ref"":""253"",""emotion"":0}]",,TAIKOU_bio_253,島津家臣。島津同族。島津忠俊嫡子。取領地地名，改姓喜入。曾任主公義弘的家老，在攻打大隅、菱刈討伐中立功。精通和歌和連歌，不僅是鄰近的豪門望族，與京都武士、朝廷命官們亦多有交往。
lord_tk5_254,254,254,,木曾义昌,木曾義昌,木曾,义昌,Kiso Yoshimasa,tosan,1,1540,1554,1595,病死,lord_tk5_255,,,,lord_tk5_255,全职种,60,80,普通,普通,普通,慎重,不重情义,69,武具,贪心,普通,源氏,刀剑,49,46,50,62,57,1,1,0,0,1,1,0,0,0,0,0,0,0,0,1,0,无,强袭,无,无要求,,,已登场,木曾义昌,部将,直臣,木曾家,clan_kiso_1,木曾福岛城,无,已登场,木曾义昌,部将,陪臣（木曾义康）,武田家,clan_kiso_1,木曾福岛城,无,已登场,木曾义昌,部将,陪臣（木曾义康）,武田家,clan_kiso_1,木曾福岛城,无,已登场,木曾义昌,城主,直臣,武田家,clan_kiso_1,木曾福岛城,无,已登场,木曾义昌,城主,直臣,织田家,clan_oda_1,木曾福岛城,无,已死亡,木曾义昌,无效,无效,无,,无效,无,未登场,木曾义昌,部将,直臣,木曾家,木曾福岛城,无,已登场,木曾义昌,城主,直臣,羽柴家,木曾福岛城,无,已登场,木曾义昌,浪人,其他,无,浦户之町,无,,"[{""stage"":"""",""tkid"":""254"",""ref"":""254"",""emotion"":0}]",,TAIKOU_bio_254,信濃木曾谷的名門望族，義康嫡子。投降武田家後娶信玄之女，成為家族派的成員。信玄時精心供職，及至勝賴時卻與織田信長聯手，成為導致武田家滅亡的原因之一。本能寺事變後隸屬於豐臣秀吉，後移至下總。
lord_tk5_255,255,255,,木曾义康,木曾義康,木曾,义康,Kiso Yoshiyasu,tosan,1,1514,1554,1579,病死,,,,,lord_tk5_254,只限武将,30,0,性急,勇敢,普通,轻率,不重情义,59,武具,贪心,普通,源氏,刀剑,58,45,35,40,27,1,2,0,0,0,1,0,0,0,0,0,0,0,0,0,1,无,强袭,无,无要求,,,已登场,木曾义康,大名,首领,木曾家,clan_kiso_1,木曾福岛城,无,已登场,木曾义康,城主,直臣,武田家,clan_kiso_1,木曾福岛城,无,已登场,木曾义康,城主,直臣,武田家,clan_kiso_1,木曾福岛城,无,已登场,木曾义康,部将,陪臣（木曾义昌）,武田家,clan_kiso_1,木曾福岛城,无,已死亡,木曾义康,无效,无效,无,clan_oda_1,无效,无,已死亡,木曾义康,无效,无效,无,,无效,无,已登场,木曾义康,大名,首领,木曾家,木曾福岛城,无,已死亡,木曾义康,无效,无效,无,无效,无,已登场,木曾义康,浪人,其他,无,会津之町,无,,"[{""stage"":"""",""tkid"":""255"",""ref"":""255"",""emotion"":0}]",,TAIKOU_bio_255,信濃的有力國人。義在之子、義昌之父。雖然與村上、小笠原、諏訪等勢力一起向甲斐國境出兵，還是敗於武田信虎之下。後來降服於武田信玄。飛驒三木家的軍勢曾侵略木曾谷，被他成功地擊退。
lord_tk5_256,256,256,,北条景广,北條景廣,北条,景广,Hojo Kagehiro,kanto,1,1548,1562,1579,战死,lord_tk5_257,,,,lord_tk5_257,只限武将,20,50,性急,普通,普通,轻率,普通,78,书籍,普通,普通,其他,刀剑,49,65,29,41,55,1,1,0,0,1,1,1,0,0,1,0,1,0,0,0,0,无,强袭,无,无要求,,,未登场,北条景广,足轻组头,陪臣（北条高广）,长尾家,clan_hojo_3,春日山城,无,已登场,北条景广,足轻组头,陪臣（北条高广）,长尾家,clan_hojo_3,厩桥城,无,已登场,北条景广,足轻组头,陪臣（北条高广）,上杉家,clan_hojo_3,厩桥城,无,已登场,北条景广,足轻组头,陪臣（北条高广）,上杉家,clan_hojo_3,厩桥城,无,已死亡,北条景广,无效,无效,无,clan_uesugi_2,无效,无,已死亡,北条景广,无效,无效,无,,无效,无,未登场,北条景广,足轻组头,陪臣（北条高广）,长尾家,春日山城,无,已死亡,北条景广,无效,无效,无,无效,无,已登场,北条景广,部将,直臣,北家,松前城,无,,"[{""stage"":"""",""tkid"":""256"",""ref"":""256"",""emotion"":0}]",,TAIKOU_bio_256,上杉家臣。高廣之子。與父親高廣一起居上野廄橋城，參與關東的經營。曾一時背上杉而投北條，後回歸。御館之亂時做為上杉景虎一方的核心人物，發揮了不小的作用。後為景勝手下殺害。
lord_tk5_257,257,257,,北条高广,北條高廣,北条,高广,Hojo Takahiro,hokuriku,1,1517,1554,1587,病死,,,,,lord_tk5_256,只限武将,20,60,普通,普通,现实,轻率,普通,76,艺术品,贪心,普通,其他,刀剑,64,70,42,27,49,2,1,0,0,1,1,1,0,0,0,0,0,1,0,0,0,无,强袭,无,一般条件,,,已登场,北条高广,家老,直臣,长尾家,clan_hojo_3,春日山城,无,已登场,北条高广,城主,直臣,长尾家,clan_hojo_3,厩桥城,无,已登场,北条高广,城主,直臣,上杉家,clan_hojo_3,厩桥城,无,已登场,北条高广,国主,直臣,上杉家,clan_hojo_3,厩桥城,无,已登场,北条高广,家老,直臣,上杉家,clan_uesugi_2,春日山城,无,已死亡,北条高广,无效,无效,无,,无效,无,已登场,北条高广,家老,直臣,长尾家,春日山城,无,已登场,北条高广,家老,直臣,上杉家,春日山城,无,已登场,北条高广,家老,直臣,北家,松前城,无,,"[{""stage"":"""",""tkid"":""257"",""ref"":""257"",""emotion"":0}]",,TAIKOU_bio_257,上杉家臣。廄橋城主。越後的本地領主。曾受武田信玄之邀侍之，謙信出仕後回歸。其後，在廄橋城率子景廣經營關東。曾一時為北條策反，後經赦罪回歸上杉。
lord_tk5_258,258,258,,北信爱,北信愛,北,信爱,Kita Nobuchika,ou,1,1523,1554,1613,病死,,,,,,只限武将,70,70,普通,勇敢,现实,慎重,普通,53,艺术品,无欲,普通,源氏,刀剑,53,40,59,77,71,1,1,1,0,1,2,1,0,1,2,1,2,2,3,1,1,无,强袭，拔突，铁壁,无,一般条件,,,已登场,北信爱,部将,直臣,南部家,clan_nanbu_1,三户城,无,已登场,北信爱,部将,直臣,南部家,clan_nanbu_1,三户城,无,已登场,北信爱,部将,直臣,南部家,clan_nanbu_1,三户城,无,已登场,北信爱,部将,直臣,南部家,clan_nanbu_1,三户城,无,已登场,北信爱,部将,直臣,南部家,clan_nanbu_2,三户城,无,已登场,北信爱,家老,直臣,南部家,clan_nanbu_2,盛冈城,无,已登场,北信爱,部将,直臣,南部家,三户城,无,已登场,北信爱,部将,直臣,南部家,三户城,无,已登场,北信爱,大名,首领,北家,松前城,无,,"[{""stage"":"""",""tkid"":""258"",""ref"":""258"",""emotion"":0}]",,TAIKOU_bio_258,南部家一族。當主‧晴政過世後，於爭奪家督之爭中獲得勝利，而成功地擁立南部信直。透過前田利家以圖親近豐臣秀吉，並且大展其外交手腕為主家的存續盡心盡力。據說此人於出征時總會在紮起的髮髻裏包入觀音像。
lord_tk5_259,259,259,,北畠具教,北田具教,北畠,具教,Kitabatake Tomonori,tokai,1,1528,1554,1576,战死,lord_tk5_261,,,,lord_tk5_260|lord_tk5_261|lord_tk5_306|lord_tk5_535,只限武将,42,42,性急,勇敢,理想,轻率,普通,63,武具,贪心,普通,源氏,刀剑,58,93,53,27,59,1,1,0,0,1,4,3,0,0,0,0,1,3,0,2,0,无,强袭，连续斩，八神太刀，一之太刀，拔突，神妙剑，当身，刚力，金刚力，铁壁，气声，辱骂，大喝，炯眼，罗刹,剑豪,一般条件,,,已登场,北畠具教,家老,直臣,北畠家,clan_kitabatake_2,大河内城,新当流,已登场,北畠具教,大名,首领,北畠家,clan_kitabatake_2,大河内城,新当流,已登场,北畠具教,大名,首领,北畠家,clan_kitabatake_2,大河内城,新当流,已登场,北畠具教,部将,陪臣（织田信雄）,织田家,clan_oda_2,大河内城,新当流,已死亡,北畠具教,无效,无效,无,clan_oda_2,无效,无,已死亡,北畠具教,无效,无效,无,,无效,无,已登场,北畠具教,家老,直臣,北畠家,大河内城,新当流,已死亡,北畠具教,无效,无效,无,无效,无,已登场,北畠具教,部将,直臣,北家,松前城,新当流,,"[{""stage"":"""",""tkid"":""259"",""ref"":""259"",""emotion"":0}]",,TAIKOU_bio_259,伊勢國司北田家第８代家主。晴具之子。幼入佛門，還俗後繼家督之位。順利地擴張著勢力，與織田信長進攻伊勢的部隊對峙，後以收養信長次子信雄為義子為條件達成敦睦。隱居後，為信雄謀殺。
lord_tk5_260,260,260,,北畠具房,北田具房,北畠,具房,Kitabatake Tomofusa,tokai,1,1547,1561,1580,病死,lord_tk5_259,,,lord_tk5_261,lord_tk5_259|lord_tk5_261|lord_tk5_306|lord_tk5_535,只限武将,42,42,温和,胆小,普通,轻率,不重情义,5,艺术品,贪心,普通,源氏,刀剑,22,13,31,16,28,0,0,0,0,0,0,0,0,0,1,0,0,3,0,1,0,无,强袭,无,无要求,,,未登场,北畠具房,部将,陪臣（北畠具教）,北畠家,clan_kitabatake_2,大河内城,无,已登场,北畠具房,家老,直臣,北畠家,clan_kitabatake_2,大河内城,无,已登场,北畠具房,家老,直臣,北畠家,clan_kitabatake_2,大河内城,无,已登场,北畠具房,侍大将,陪臣（织田信雄）,织田家,clan_oda_2,大河内城,无,已死亡,北畠具房,无效,无效,无,clan_oda_2,无效,无,已死亡,北畠具房,无效,无效,无,,无效,无,未登场,北畠具房,部将,陪臣（北畠具教）,北畠家,大河内城,无,已死亡,北畠具房,无效,无效,无,无效,无,已登场,北畠具房,部将,直臣,北家,松前城,无,,"[{""stage"":"""",""tkid"":""260"",""ref"":""260"",""emotion"":0}]",,TAIKOU_bio_260,北田家第８代領主具教之子。雖為曾任伊勢國司的名門，但父親具教被義子織田信長次子信雄殺害，家勢崩潰，具房曾被寄養於瀧川一益，渡過三年幽禁生活。被釋放後不久病死，北田氏一族就此斷絕。
lord_tk5_261,261,261,,北畠晴具,北田晴具,北畠,晴具,Kitabatake Harutomo,tokai,1,1503,1554,1563,病死,,,,,lord_tk5_259|lord_tk5_260|lord_tk5_306|lord_tk5_535,只限武将,40,40,普通,勇敢,普通,轻率,普通,72,艺术品,普通,普通,源氏,刀剑,49,35,62,60,39,1,0,0,0,0,1,0,0,3,0,0,1,4,1,1,0,无,强袭,无,无要求,,,已登场,北畠晴具,大名,首领,北畠家,clan_kitabatake_1,大河内城,无,已登场,北畠晴具,家老,直臣,北畠家,clan_kitabatake_2,大河内城,无,已死亡,北畠晴具,无效,无效,无,clan_kitabatake_2,无效,无,已死亡,北畠晴具,无效,无效,无,clan_oda_2,无效,无,已死亡,北畠晴具,无效,无效,无,clan_oda_2,无效,无,已死亡,北畠晴具,无效,无效,无,,无效,无,已登场,北畠晴具,大名,首领,北畠家,大河内城,无,已死亡,北畠晴具,无效,无效,无,无效,无,已登场,北畠晴具,家老,直臣,北家,松前城,无,,"[{""stage"":"""",""tkid"":""261"",""ref"":""261"",""emotion"":0}]",,TAIKOU_bio_261,北田家第七代當主。北田材親之子。娶管領‧細川高國之女為妻，原名為具國，後來受將軍‧足利義晴賜與一字名諱，而改名為晴具。雖然介入近畿的動亂但毫無成果。轉而致力強化伊勢的支配。他同時也是著名的文化人，常邀請連歌師至御所舉行文化活動。
lord_tk5_262,262,262,,吉川经家,吉川經家,吉川,经家,Kikkawa Tuneie,sanyo,1,1547,1561,1581,战死,,,,,,只限武将,48,48,普通,勇敢,普通,普通,重视情义,56,武具,无欲,嗜酒如命,藤原氏,刀剑,79,67,24,66,78,3,1,2,0,1,2,1,0,3,0,1,0,0,0,0,0,无,强袭，拔突，铁壁,无,一般条件,,,未登场,吉川经家,足轻大将,陪臣（吉川元春）,毛利家,clan_kikkawa_1,山吹城,无,已登场,吉川经家,足轻大将,直臣,毛利家,clan_mori_1,吉田郡山城,无,已登场,吉川经家,足轻大将,直臣,毛利家,clan_mori_1,吉田郡山城,无,已登场,吉川经家,足轻大将,直臣,毛利家,clan_mori_2,吉田郡山城,无,已死亡,吉川经家,无效,无效,无,,无效,无,已死亡,吉川经家,无效,无效,无,,无效,无,未登场,吉川经家,足轻大将,直臣,毛利家,吉田郡山城,无,已死亡,吉川经家,无效,无效,无,无效,无,已登场,吉川经家,足轻大将,直臣,河尻家,水户城,无,,"[{""stage"":"""",""tkid"":""262"",""ref"":""262"",""emotion"":0}]",,TAIKOU_bio_262,毛利家臣，經安嫡子。繼被家臣驅逐的山名豐國之後，成為鳥取城守臣。面對羽柴秀吉率領的織田家中國討伐軍進行了守城戰，軍糧遭秀吉襲擊。城破之後，以赦免守城將士為交換條件自殺。
lord_tk5_263,263,263,,吉川广家,吉川廣家,吉川,广家,Kikkawa Hiroie,sanyo,1,1561,1575,1625,病死,lord_tk5_265,,,lord_tk5_722,lord_tk5_264|lord_tk5_265|lord_tk5_314|lord_tk5_316|lord_tk5_370|lord_tk5_562|lord_tk5_622|lord_tk5_720|lord_tk5_721|lord_tk5_722|lord_tk5_828,只限武将,40,40,温和,普通,现实,慎重,普通,38,书籍,普通,普通,藤原氏,刀剑,74,54,83,75,75,2,2,1,2,0,0,0,0,2,3,2,3,1,2,1,0,百万一心,强袭，丢钱,无,一般条件,,,未登场,吉川广家,足轻组头,陪臣（吉川元春）,毛利家,clan_kikkawa_1,山吹城,无,未登场,吉川广家,足轻组头,陪臣（吉川元春）,毛利家,clan_kikkawa_1,山吹城,无,未登场,吉川广家,足轻组头,陪臣（吉川元春）,毛利家,clan_kikkawa_1,山吹城,无,已登场,吉川广家,足轻组头,陪臣（吉川元春）,毛利家,clan_kikkawa_1,月山富田城,无,已登场,吉川广家,足轻大将,陪臣（吉川元春）,毛利家,clan_kikkawa_1,月山富田城,无,已登场,吉川广家,大名,首领,吉川家,clan_kikkawa_1,月山富田城,无,未登场,吉川广家,足轻组头,陪臣（吉川元春）,毛利家,吉田郡山城,无,已登场,吉川广家,侍大将,陪臣（吉川元长）,毛利家,月山富田城,无,已登场,吉川广家,足轻大将,直臣,河尻家,水户城,无,,"[{""stage"":"""",""tkid"":""263"",""ref"":""263"",""emotion"":0}]",,TAIKOU_bio_263,元春三子。父親元春和兄長元長去世後繼承了吉川家。遵秀吉之命，做毛利輝元的先頭部隊討伐九州。關原之戰以毛利家的存續和受封領地為條件，私下與東軍接觸，然而領國仍被削減，只剩周防和長門兩地。
lord_tk5_264,264,264,,吉川元长,吉川元長,吉川,元长,Kikkawa Motonaga,sanyo,1,1548,1562,1587,病死,lord_tk5_265,,,lord_tk5_722,lord_tk5_263|lord_tk5_265|lord_tk5_314|lord_tk5_316|lord_tk5_370|lord_tk5_562|lord_tk5_622|lord_tk5_720|lord_tk5_721|lord_tk5_722|lord_tk5_828,只限武将,41,41,温和,普通,普通,轻率,普通,44,武具,无欲,普通,藤原氏,刀剑,76,71,55,58,66,2,2,2,1,2,2,1,0,0,0,0,1,1,1,1,0,百万一心,强袭，拔突，刚弓，铁壁,无,无要求,,,未登场,吉川元长,侍大将,陪臣（吉川元春）,毛利家,clan_kikkawa_1,山吹城,无,已登场,吉川元长,侍大将,陪臣（吉川元春）,毛利家,clan_kikkawa_1,山吹城,无,已登场,吉川元长,侍大将,陪臣（吉川元春）,毛利家,clan_kikkawa_1,山吹城,无,已登场,吉川元长,侍大将,陪臣（吉川元春）,毛利家,clan_kikkawa_1,月山富田城,无,已登场,吉川元长,侍大将,陪臣（吉川元春）,毛利家,clan_kikkawa_1,月山富田城,无,已死亡,吉川元长,无效,无效,无,clan_kikkawa_1,无效,无,未登场,吉川元长,侍大将,陪臣（吉川元春）,毛利家,吉田郡山城,无,已登场,吉川元长,国主,直臣,毛利家,月山富田城,无,已登场,吉川元长,足轻大将,直臣,河尻家,水户城,无,,"[{""stage"":"""",""tkid"":""264"",""ref"":""264"",""emotion"":0}]",,TAIKOU_bio_264,元春之長子。其勇猛不在父親之下，經常衝鋒陷陣，建立功勳。跟從豐臣秀吉討伐九州時，也從未打過敗仗。父親隱居後繼承了家督，父親故後不久病故。
lord_tk5_265,265,265,,吉川元春,,吉川,元春,Kikkawa Motoharu,sanyo,1,1530,1554,1586,病死,lord_tk5_722,,,,lord_tk5_263|lord_tk5_264|lord_tk5_314|lord_tk5_316|lord_tk5_370|lord_tk5_562|lord_tk5_622|lord_tk5_720|lord_tk5_721|lord_tk5_722|lord_tk5_828,只限武将,41,41,普通,勇敢,理想,轻率,重视情义,67,武具,普通,嗜酒如命,藤原氏,刀剑,91,87,64,66,80,4,4,3,1,3,3,3,0,2,0,2,1,3,1,1,2,强行突破，百万一心,强袭，连续斩，拔突，急所击，刚弓，刚力，铁壁,军师,一般条件,,,已登场,吉川元春,国主,直臣,毛利家,clan_kikkawa_1,山吹城,无,已登场,吉川元春,城主,直臣,毛利家,clan_kikkawa_1,山吹城,无,已登场,吉川元春,国主,直臣,毛利家,clan_kikkawa_1,山吹城,无,已登场,吉川元春,国主,直臣,毛利家,clan_kikkawa_1,月山富田城,无,已登场,吉川元春,国主,直臣,毛利家,clan_kikkawa_1,月山富田城,无,已死亡,吉川元春,无效,无效,无,clan_kikkawa_1,无效,无,已登场,吉川元春,家老,直臣,毛利家,吉田郡山城,无,已登场,吉川元春,部将,陪臣（吉川元长）,毛利家,月山富田城,无,已登场,吉川元春,足轻大将,直臣,河尻家,水户城,无,,"[{""stage"":"""",""tkid"":""265"",""ref"":""265"",""emotion"":0}]",,TAIKOU_bio_265,毛利元就次子。繼承了安藝名門吉川家，負責攻略山陰地方，戰無不勝，名聲顯赫，是家族中首屈一指的猛將。討厭侍奉豐臣家，將家督之位傳給嫡子元長，但應秀吉之邀出征，病故。
lord_tk5_266,266,266,,木下昌直,,木下,昌直,Kinoshita Masanao,saikai,1,1525,1554,1584,战死,,,,,,只限武将,60,60,普通,勇敢,普通,轻率,重视情义,42,武具,普通,普通,其他,刀剑,63,79,35,44,63,2,3,2,0,1,1,1,0,1,0,1,0,0,0,0,0,无,强袭,无,无要求,,,已登场,木下昌直,侍大将,直臣,龙造寺家,clan_ryuzoji_1,佐嘉城,无,已登场,木下昌直,侍大将,直臣,龙造寺家,clan_ryuzoji_1,佐嘉城,无,已登场,木下昌直,侍大将,直臣,龙造寺家,clan_ryuzoji_1,佐嘉城,无,已登场,木下昌直,侍大将,直臣,龙造寺家,clan_ryuzoji_1,佐嘉城,无,已登场,木下昌直,侍大将,直臣,龙造寺家,clan_ryuzoji_1,佐嘉城,无,已死亡,木下昌直,无效,无效,无,,无效,无,已登场,木下昌直,侍大将,直臣,龙造寺家,佐嘉城,无,已登场,木下昌直,侍大将,直臣,龙造寺家,佐嘉城,无,已登场,木下昌直,部将,直臣,下间家,饫肥城,无,,"[{""stage"":"""",""tkid"":""266"",""ref"":""266"",""emotion"":0}]",,TAIKOU_bio_266,龍造寺家臣。據傳是龍造寺四天王之一。沖田綴之戰時隸屬於鍋島直茂，做為別動隊參戰。接報隆信陣亡後，說服直茂離開戰場，在目送其撤退後衝入敵陣，其後生死不明。
lord_tk5_267,267,267,,木村重成,,木村,重成,Kimura Shigenari,kinai,1,1586,1598,1615,战死,,,,,,全职种,20,20,温和,勇敢,普通,普通,重视情义,54,书籍,普通,普通,其他,枪,51,61,20,63,85,1,1,1,0,1,1,2,0,1,1,1,1,1,3,1,1,无,拔突,无,无要求,,,未登场,木村重成,浪人,其他,无,,石山之町,无,未登场,木村重成,浪人,其他,无,,石山之町,无,未登场,木村重成,浪人,其他,无,,石山之町,无,未登场,木村重成,浪人,其他,无,,石山之町,无,未登场,木村重成,浪人,其他,无,,石山之町,无,已登场,木村重成,侍大将,直臣,丰臣家,clan_kinoshita_1,大坂城,无,未登场,木村重成,浪人,其他,无,石山之町,无,未登场,木村重成,浪人,其他,无,石山之町,无,已登场,木村重成,浪人,其他,无,温泉津之町,无,,"[{""stage"":"""",""tkid"":""267"",""ref"":""267"",""emotion"":0}]",,TAIKOU_bio_267,豐臣家臣。據傳為定光之子。主公秀賴的乳兄弟，後成為侍童。大阪冬之陣一役守城時擔任大將。在與德川家講和時，做為豐臣家的使者赴家康帳下。大阪夏之陣一役與井伊直孝軍交手，陣亡。
lord_tk5_268,268,268,,肝付兼续,肝付兼續,肝付,兼续,Kimotsuki Kanetsugu,saikai,1,1511,1554,1566,战死,,,,,lord_tk5_269|lord_tk5_270,只限武将,60,60,性急,勇敢,普通,轻率,不重情义,67,武具,无欲,嗜酒如命,其他,刀剑,65,60,48,52,59,2,2,2,0,1,1,1,1,0,0,0,0,0,2,0,0,无,强袭,无,无要求,,,已登场,肝付兼续,大名,首领,肝付家,clan_kimotsuki_1,大隅高山城,无,已登场,肝付兼续,大名,首领,肝付家,clan_kimotsuki_1,大隅高山城,无,已死亡,肝付兼续,无效,无效,无,clan_kimotsuki_1,无效,无,已死亡,肝付兼续,无效,无效,无,clan_shimazu_1,无效,无,已死亡,肝付兼续,无效,无效,无,clan_shimazu_1,无效,无,已死亡,肝付兼续,无效,无效,无,clan_shimazu_2,无效,无,已登场,肝付兼续,大名,首领,肝付家,大隅高山城,无,已死亡,肝付兼续,无效,无效,无,无效,无,已登场,肝付兼续,浪人,其他,无,甲府之町,无,,"[{""stage"":"""",""tkid"":""268"",""ref"":""268"",""emotion"":0}]",,TAIKOU_bio_268,大隅的大名。肝付家第１６代當主。構築了肝付家最大的版圖。娶島津忠良之女為妻，並與島津家保持了良好的關係。但後來與忠良之子島津貴久成為敵人。並與伊東家族合作共同戰鬥，後因聽說居住的城池被島津軍隊奪取而自殺。
lord_tk5_269,269,269,,肝付兼护,肝付兼護,肝付,兼护,Kimotsuki Kanemori,saikai,1,1561,1575,1600,战死,lord_tk5_268,,,,lord_tk5_268|lord_tk5_270,全职种,60,60,温和,胆小,现实,轻率,不重情义,24,艺术品,普通,普通,其他,刀剑,38,31,35,30,46,0,0,0,0,0,0,1,0,0,0,0,1,0,1,0,0,无,强袭,无,无要求,,,未登场,肝付兼护,部将,陪臣（肝付兼续）,肝付家,clan_kimotsuki_1,大隅高山城,无,未登场,肝付兼护,家老,直臣,肝付家,clan_kimotsuki_1,大隅高山城,无,未登场,肝付兼护,家老,直臣,肝付家,clan_kimotsuki_1,大隅高山城,无,已登场,肝付兼护,城主,直臣,岛津家,clan_shimazu_1,大隅高山城,无,已登场,肝付兼护,城主,直臣,岛津家,clan_shimazu_1,大隅高山城,无,已登场,肝付兼护,部将,直臣,岛津家,clan_shimazu_2,内城,无,未登场,肝付兼护,部将,直臣,肝付家,大隅高山城,无,已登场,肝付兼护,城主,直臣,岛津家,大隅高山城,无,已登场,肝付兼护,浪人,其他,无,温泉津之町,无,,"[{""stage"":"""",""tkid"":""269"",""ref"":""269"",""emotion"":0}]",,TAIKOU_bio_269,大隅的大名。高山城主。兼續的三子。由於其次兄兼亮被放逐而繼承家督之位，因南面的禰寢氏，北面的伊地知氏跟隨了島津氏而被孤立，最後向島津氏交出其領地而投降。關原之戰時跟隨島津義弘出征，戰死。
lord_tk5_270,270,270,,肝付良兼,,肝付,良兼,Kimotsuki Yoshikane,saikai,1,1535,1554,1571,病死,lord_tk5_268,,,,lord_tk5_268|lord_tk5_269,只限武将,60,60,性急,勇敢,普通,轻率,普通,53,武具,普通,普通,其他,刀剑,55,58,45,59,49,1,2,1,0,0,1,1,0,0,0,1,0,0,1,0,1,无,强袭,无,无要求,,,已登场,肝付良兼,家老,直臣,肝付家,clan_kimotsuki_1,大隅高山城,无,已登场,肝付良兼,家老,直臣,肝付家,clan_kimotsuki_1,大隅高山城,无,已登场,肝付良兼,大名,首领,肝付家,clan_kimotsuki_1,大隅高山城,无,已死亡,肝付良兼,无效,无效,无,clan_shimazu_1,无效,无,已死亡,肝付良兼,无效,无效,无,clan_shimazu_1,无效,无,已死亡,肝付良兼,无效,无效,无,clan_shimazu_2,无效,无,已登场,肝付良兼,家老,直臣,肝付家,大隅高山城,无,已死亡,肝付良兼,无效,无效,无,无效,无,已登场,肝付良兼,浪人,其他,无,津山之町,无,,"[{""stage"":"""",""tkid"":""270"",""ref"":""270"",""emotion"":0}]",,TAIKOU_bio_270,大隅的大名。肝付家第１７代當主。兼續之子。與日向的伊東義祐結盟，攻佔津島忠親的飫肥城，並以其為都城，後在伊地知重興被島津義久攻打時，給予伊地知氏支援，與島津家對抗終生。
lord_tk5_271,271,271,,京极高次,京極高次,京极,高次,Kyoogoku Takatsugu,kinai,1,1563,1577,1609,病死,lord_tk5_273,,lord_tk5_1201,,lord_tk5_272|lord_tk5_273,只限武将,96,96,温和,胆小,现实,普通,不重情义,61,艺术品,普通,嗜酒如命,源氏,刀剑,52,45,50,62,49,1,1,1,0,0,0,1,0,0,0,0,0,2,3,2,0,无,强袭,无,一般条件,,,未登场,京极高次,侍大将,陪臣（京极高吉）,足利家,clan_kyoogoku_1,朽木谷城,无,未登场,京极高次,侍大将,陪臣（京极高吉）,足利家,clan_kyoogoku_1,二条城,无,未登场,京极高次,侍大将,陪臣（京极高吉）,足利家,clan_kyoogoku_1,二条城,无,未登场,京极高次,侍大将,陪臣（京极高吉）,织田家,clan_kyoogoku_1,岐阜城,无,已登场,京极高次,侍大将,直臣,织田家,clan_oda_1,安土城,无,已登场,京极高次,大名,首领,京极家,clan_kyoogoku_1,大津城,无,未登场,京极高次,侍大将,陪臣（京极高吉）,足利家,朽木谷城,无,已登场,京极高次,侍大将,直臣,羽柴家,石山本愿寺,无,已登场,京极高次,浪人,其他,无,厩桥之町,无,,"[{""stage"":"""",""tkid"":""271"",""ref"":""271"",""emotion"":0}]",,TAIKOU_bio_271,京極家第19代當主。高吉之子。淺井家滅亡後，侍奉織田信長。雖在本能寺之變時響應明智光秀而一同舉兵，但光秀戰敗身亡。將妹妹嫁與羽柴秀吉為妾而幸以赦免其罪。秀吉死後，石田三成舉兵之際，支援德川家作戰，但於關原合戰前，在西軍猛攻之下而開城投降。
lord_tk5_272,272,272,,京极高知,京極高知,京极,高知,Kyoogoku Takachika,tosan,1,1572,1586,1622,病死,lord_tk5_273,,,,lord_tk5_271|lord_tk5_273,只限武将,90,90,普通,普通,普通,轻率,普通,55,武具,普通,普通,源氏,刀剑,63,55,51,60,55,1,2,1,0,0,0,0,0,2,2,0,0,2,2,1,0,无,强袭,无,无要求,,,未登场,京极高知,侍大将,陪臣（京极高吉）,足利家,clan_kyoogoku_1,朽木谷城,无,未登场,京极高知,侍大将,陪臣（京极高吉）,足利家,clan_kyoogoku_1,二条城,无,未登场,京极高知,侍大将,陪臣（京极高吉）,足利家,clan_kyoogoku_1,二条城,无,未登场,京极高知,侍大将,陪臣（京极高吉）,织田家,clan_kyoogoku_1,岐阜城,无,未登场,京极高知,侍大将,直臣,织田家,clan_oda_1,安土城,无,已登场,京极高知,大名,首领,京极家,clan_kyoogoku_2,高远城,无,未登场,京极高知,侍大将,陪臣（京极高吉）,足利家,朽木谷城,无,未登场,京极高知,侍大将,直臣,羽柴家,石山本愿寺,无,已登场,京极高知,浪人,其他,无,木更津之町,无,,"[{""stage"":"""",""tkid"":""272"",""ref"":""272"",""emotion"":0}]",,TAIKOU_bio_272,豐臣家家臣。高吉次子。高次之弟。因娶了毛利秀賴之女為妻，於秀賴逝世後，順理成章地繼承了遺領‧信濃飯田城。在關原合戰時隸屬東軍，在攻擊岐阜城及在關原決戰時立了戰功，使其晉昇並轉封至丹後宮津城。同時他也是眾所皆知的基督徒大名。
lord_tk5_273,273,273,,京极高吉,京極高吉,京极,高吉,Kyoogoku Takayoshi,tokai,1,1508,1554,1581,病死,,,,,lord_tk5_271|lord_tk5_272,只限武将,90,90,温和,胆小,普通,慎重,普通,56,艺术品,贪心,普通,源氏,刀剑,41,30,50,61,57,0,0,0,0,0,0,0,0,0,0,0,0,3,2,2,0,无,强袭,无,无要求,,,已登场,京极高吉,侍大将,直臣,足利家,clan_kyoogoku_1,朽木谷城,无,已登场,京极高吉,侍大将,直臣,足利家,clan_kyoogoku_1,二条城,无,已登场,京极高吉,侍大将,直臣,足利家,clan_kyoogoku_1,二条城,无,已登场,京极高吉,侍大将,直臣,织田家,clan_kyoogoku_1,岐阜城,无,已死亡,京极高吉,无效,无效,无,clan_oda_1,无效,无,已死亡,京极高吉,无效,无效,无,clan_kyoogoku_1,无效,无,已登场,京极高吉,侍大将,直臣,足利家,朽木谷城,无,已死亡,京极高吉,无效,无效,无,无效,无,已登场,京极高吉,浪人,其他,无,京之町,无,,"[{""stage"":"""",""tkid"":""273"",""ref"":""273"",""emotion"":0}]",,TAIKOU_bio_273,京極家第十八代當主。京極家是淺井家的舊主。為足利義輝身旁的親信。義輝橫死後，為了讓足利義昭成功上洛而四處奔走。織田信長的權勢日漸增強後，與義昭形成對立的局面，將嫡子‧高次託付與信長後，自己便選擇隱居。
lord_tk5_274,274,274,,吉良亲贞,吉良親貞,吉良,亲贞,Kira Chikasada,nankai,1,1541,1555,1576,病死,lord_tk5_481,,,,lord_tk5_212|lord_tk5_275|lord_tk5_299|lord_tk5_481|lord_tk5_482|lord_tk5_483|lord_tk5_484|lord_tk5_495,只限武将,83,83,普通,勇敢,普通,轻率,普通,61,书籍,无欲,嗜酒如命,源氏,枪,78,70,52,69,83,2,2,2,2,2,2,2,0,1,1,1,1,1,3,1,0,无,强袭，拔突，刚弓，铁壁,无,无要求,,,未登场,吉良亲贞,部将,陪臣（长宗我部国亲）,长宗我部家,clan_kira_1,冈丰城,无,已登场,吉良亲贞,部将,直臣,长宗我部家,clan_kira_1,冈丰城,无,已登场,吉良亲贞,部将,直臣,长宗我部家,clan_kira_1,冈丰城,无,已登场,吉良亲贞,部将,直臣,长宗我部家,clan_kira_1,冈丰城,无,已死亡,吉良亲贞,无效,无效,无,clan_chosokabe_2,无效,无,已死亡,吉良亲贞,无效,无效,无,clan_chosokabe_2,无效,无,未登场,吉良亲贞,部将,直臣,长宗我部家,冈丰城,无,已死亡,吉良亲贞,无效,无效,无,无效,无,已登场,吉良亲贞,浪人,其他,无,京之町,无,,"[{""stage"":"""",""tkid"":""274"",""ref"":""274"",""emotion"":0}]",,TAIKOU_bio_274,長宗我部國親次子，元親之弟。先成為土佐豪族吉良家之義子，後繼承家督之位。性格剛毅，富於智謀，為兄長元親的心腹，為統一土佐貢獻良多。土佐一條家滅亡後成為中村城代，不久病死。
lord_tk5_275,275,275,,吉良亲实,吉良親實,吉良,亲实,Kira Chikazane,nankai,1,1563,1577,1588,战死,lord_tk5_274,,,lord_tk5_481,lord_tk5_212|lord_tk5_274|lord_tk5_299|lord_tk5_481|lord_tk5_482|lord_tk5_483|lord_tk5_484|lord_tk5_495,只限武将,70,70,性急,勇敢,普通,轻率,重视情义,51,南蛮物,普通,普通,源氏,刀剑,64,63,46,43,58,1,1,1,1,1,1,0,0,0,1,1,0,0,0,0,1,无,强袭,无,无要求,,,未登场,吉良亲实,足轻组头,陪臣（吉良亲贞）,长宗我部家,clan_kira_1,冈丰城,无,未登场,吉良亲实,足轻组头,陪臣（吉良亲贞）,长宗我部家,clan_kira_1,冈丰城,无,未登场,吉良亲实,足轻组头,陪臣（吉良亲贞）,长宗我部家,clan_kira_1,冈丰城,无,未登场,吉良亲实,足轻组头,陪臣（吉良亲贞）,长宗我部家,clan_kira_1,冈丰城,无,已登场,吉良亲实,足轻大将,直臣,长宗我部家,clan_chosokabe_2,冈丰城,无,已死亡,吉良亲实,无效,无效,无,clan_chosokabe_2,无效,无,未登场,吉良亲实,足轻组头,陪臣（吉良亲贞）,长宗我部家,冈丰城,无,已登场,吉良亲实,足轻大将,直臣,长宗我部家,冈丰城,无,已登场,吉良亲实,浪人,其他,无,大坂之町,无,,"[{""stage"":"""",""tkid"":""275"",""ref"":""275"",""emotion"":0}]",,TAIKOU_bio_275,長宗我部家臣，元親之弟親貞嫡子。他以無畏之氣概，勸諫阻止元親不顧次子三子尚在而擁立四子繼承長宗我部家業的行為。但是，為敵對勢力久武親直讒言所害，被惱怒的元親賜死。
lord_tk5_276,276,276,,雾隐才藏,霧隠才藏|霧隱才藏,雾隐,才藏,Kirigakuree Saizoo,kinai,1,1584,1598,1615,战死,,,,,,武将以外优先,49,49,普通,普通,理想,轻率,重视情义,61,武具,无欲,普通,其他,苦无,39,86,9,46,87,3,1,3,0,4,3,1,4,0,0,0,1,0,1,0,2,弓箭乱射，鬼谋，破技之术，雾隐之术,强袭，连续斩，拔突，二连苦无，半月，急所击，刚弓，猛毒苦无，十字投，乱苦无，空蝉之术，叠返之术，刚力，铁壁，分身之术,苦无高手,不可,,主角真田幸村，剧情十勇士集结,未登场,雾隐才藏,下忍,直臣,伊贺众,clan_momochi_1,伊贺之里,无,未登场,雾隐才藏,下忍,直臣,伊贺众,clan_momochi_1,伊贺之里,无,未登场,雾隐才藏,下忍,直臣,伊贺众,clan_momochi_1,伊贺之里,无,未登场,雾隐才藏,下忍,直臣,伊贺众,clan_momochi_1,伊贺之里,无,未登场,雾隐才藏,下忍,直臣,伊贺众,clan_momochi_1,伊贺之里,无,已登场,雾隐才藏,下忍,直臣,伊贺众,clan_igasaki_1,伊贺之里,无,未登场,雾隐才藏,下忍,直臣,伊贺众,伊贺之里,无,未登场,雾隐才藏,下忍,直臣,伊贺众,伊贺之里,无,已登场,雾隐才藏,浪人,其他,无,岐阜之町,无,,"[{""stage"":"""",""tkid"":""276"",""ref"":""276"",""emotion"":0}]",,TAIKOU_bio_276,真田家臣。真田十勇士之一。伊賀派忍術名人。據說他是淺井長政的侍大將，霧隱彈正左衛門的遺子，師從百地三太夫，得忍術之真傳。緣於與猿飛佐助的會面，得以侍奉真田幸村。
lord_tk5_277,277,277,,九鬼广隆,九鬼廣隆,九鬼,广隆,Kuki Sanzaburou,saikai,1,1551,1565,1641,病死,,,,九鬼定隆,lord_tk5_278|lord_tk5_279|lord_tk5_806,全职种,5,5,性急,勇敢,现实,轻率,不重情义,74,武具,贪心,嗜酒如命,藤原氏,刀剑,56,63,29,56,52,1,1,1,2,2,2,1,1,0,0,0,0,0,1,0,0,无,强袭，拔突，刚弓，铁壁,无,无要求,,,未登场,九鬼广隆,浪人,其他,无,clan_kuki_1,大凑之町,无,未登场,九鬼广隆,浪人,其他,无,clan_kuki_2,大凑之町,无,已登场,九鬼广隆,浪人,其他,无,clan_kuki_2,大凑之町,无,已登场,九鬼广隆,浪人,其他,无,clan_kuki_2,大凑之町,无,已登场,九鬼广隆,浪人,其他,无,clan_kuki_2,大凑之町,无,已登场,九鬼广隆,侍大将,直臣,小早川家,clan_kobayakawa_2,名岛城,无,未登场,九鬼广隆,浪人,其他,无,大凑之町,无,已登场,九鬼广隆,浪人,其他,无,大凑之町,无,已登场,九鬼广隆,下忍,直臣,户隐众,户隐之里,无,,"[{""stage"":"""",""tkid"":""277"",""ref"":""277"",""emotion"":0}]",,TAIKOU_bio_277,織田家家臣。後來又侍奉多位大名。因其母親是九鬼嘉隆之妹，幼年時即由嘉隆養育，也自稱自己的姓為九鬼。起初侍奉織田信孝，信孝死後成為加藤清正的家臣。朝鮮出兵後，因為對恩賞有所不滿而脫離加藤家。其後輾轉侍奉黑田家、小早川家、藤堂家。
lord_tk5_278,278,278,,九鬼守隆,,九鬼,守隆,Kuki Moritaka,tokai,1,1573,1587,1632,病死,lord_tk5_279,,,九鬼定隆,lord_tk5_277|lord_tk5_279|lord_tk5_806,全职种,10,90,温和,胆小,现实,轻率,重视情义,34,武具,无欲,普通,藤原氏,刀剑,59,63,50,47,52,1,1,1,3,1,2,1,0,2,2,1,1,1,2,0,1,焙烙,强袭，拔突，铁壁,无,一般条件,,,未登场,九鬼守隆,水夫头,陪臣（九鬼嘉隆）,熊野水军,clan_kuki_2,鸟羽之砦,无,未登场,九鬼守隆,水夫头,陪臣（九鬼嘉隆）,熊野水军,clan_kuki_2,鸟羽之砦,无,未登场,九鬼守隆,水夫头,陪臣（九鬼嘉隆）,熊野水军,clan_kuki_2,鸟羽之砦,无,未登场,九鬼守隆,水夫头,陪臣（九鬼嘉隆）,熊野水军,clan_kuki_2,鸟羽之砦,无,未登场,九鬼守隆,水夫头,直臣,熊野水军,clan_kuki_2,鸟羽之砦,无,已登场,九鬼守隆,大名,首领,九鬼家,clan_kuki_3,鸟羽城,无,未登场,九鬼守隆,水夫头,陪臣（九鬼嘉隆）,熊野水军,鸟羽之砦,无,未登场,九鬼守隆,水夫头,直臣,熊野水军,鸟羽之砦,无,已登场,九鬼守隆,家老,直臣,九户家,月山富田城,无,,"[{""stage"":"""",""tkid"":""278"",""ref"":""278"",""emotion"":0}]",,TAIKOU_bio_278,嘉隆之子，鳥羽城主。父嘉隆隱居後繼承家督。關原之戰時，由於討伐上杉而出征關東，並因此隸屬東軍，與從屬於西軍的父親作戰。戰後，父親為他請求免罪獲準，但公文到達之前父親便已自殺。
lord_tk5_279,279,279|1157,,九鬼嘉隆,,九鬼,嘉隆,Kuki Yoshitaka,tokai,1,1542,1554,1600,战死,九鬼定隆,,,,lord_tk5_277|lord_tk5_278|lord_tk5_806,武将以外优先,10,10,性急,勇敢,理想,轻率,重视情义,66,武具,贪心,嗜酒如命,藤原氏,刀剑,83,71,31,62,77,2,1,3,4,2,2,2,2,2,0,0,1,0,1,1,0,焙烙,强袭，连续斩，拔突，二连苦无，急所击，刚弓，刚力，铁壁，辱骂,无,无要求,,,已登场,九鬼嘉隆,船头,直臣,熊野水军,clan_kuki_2,鸟羽之砦,无,已登场,九鬼嘉隆,头领,首领,熊野水军,clan_kuki_2,鸟羽之砦,无,已登场,九鬼嘉隆,头领,首领,熊野水军,clan_kuki_2,鸟羽之砦,无,已登场,九鬼嘉隆,头领,首领,熊野水军,clan_kuki_2,鸟羽之砦,无,已登场,九鬼嘉隆,头领,首领,熊野水军,clan_kuki_2,鸟羽之砦,无,已登场,九鬼嘉隆,头领,首领,熊野水军,clan_kuki_2,鸟羽之砦,无,未登场,九鬼嘉隆,船头,直臣,熊野水军,鸟羽之砦,无,已登场,九鬼嘉隆,头领,首领,熊野水军,鸟羽之砦,无,已登场,九鬼嘉隆,家老,直臣,九户家,月山富田城,无,"[{""stage"":""海"",""tkid"":""279"",""ref"":"""",""emotion"":1},{""stage"":""将"",""tkid"":""1157"",""ref"":"""",""emotion"":1}]","[{""stage"":""海"",""tkid"":""279"",""ref"":""279"",""emotion"":1},{""stage"":""将"",""tkid"":""1157"",""ref"":""1157"",""emotion"":1}]",,TAIKOU_bio_279,織田家臣。九鬼水軍之將。志摩海賊幫成員。驅使「鐵甲船」擊潰了毛利水軍，為信長軍獲勝做出貢獻。憑藉軍功獲大名身份，有「海賊大名」的綽號。信長故後侍奉秀吉，成為豐臣水軍大將。
lord_tk5_280,280,280,,楠长谙,楠長諳,楠,长谙,Kusunoki Nagauji,kinai,1,1520,1554,1596,病死,,,,,,全职种,0,0,温和,普通,现实,普通,普通,60,书籍,贪心,滴酒不沾,其他,枪,13,17,62,58,59,0,0,0,0,0,0,0,1,2,2,1,3,3,2,2,1,无,拔突，丢钱,无,无要求,,,已登场,楠长谙,浪人,其他,无,,石山之町,无,已登场,楠长谙,足轻组头,陪臣（松永久秀）,三好家,clan_matsunaga_1,信贵山城,无,已登场,楠长谙,足轻组头,陪臣（松永久秀）,织田家,clan_matsunaga_1,信贵山城,无,已登场,楠长谙,足轻组头,陪臣（松永久秀）,织田家,clan_matsunaga_1,信贵山城,无,已登场,楠长谙,足轻组头,直臣,织田家,clan_oda_1,安土城,无,已死亡,楠长谙,无效,无效,无,,无效,无,已登场,楠长谙,足轻组头,陪臣（三好长庆）,细川家,芥川城,无,已登场,楠长谙,足轻组头,直臣,羽柴家,石山本愿寺,无,已登场,楠长谙,浪人,其他,无,长滨之町,无,,"[{""stage"":"""",""tkid"":""280"",""ref"":""280"",""emotion"":0}]",,TAIKOU_bio_280,書法家。楠木正成的子孫。名為正虎。先後侍奉足利義輝、松永久秀。向朝廷請求赦免被朝廷視為朝敵的楠木正成，並自稱為楠木正虎。之後，侍奉織田信長、擔任右筆之職務，代為執筆許多的公文。在本能寺之變後，立即親近秀吉，因而得以繼續擔任右筆之職務。
lord_tk5_281,281,281,,口羽通良,,口羽,通良,Kuchiba Michiyoshi,sanyo,1,1513,1554,1582,病死,志道元良,,,,lord_tk5_843,只限武将,36,36,温和,普通,普通,慎重,普通,29,武具,无欲,普通,其他,刀剑,54,42,76,69,64,0,1,1,0,0,0,1,0,2,2,2,2,2,2,1,0,无,强袭,无,无要求,,,已登场,口羽通良,部将,陪臣（吉川元春）,毛利家,clan_kikkawa_1,山吹城,无,已登场,口羽通良,部将,陪臣（吉川元春）,毛利家,clan_kikkawa_1,山吹城,无,已登场,口羽通良,部将,陪臣（吉川元春）,毛利家,clan_kikkawa_1,山吹城,无,已登场,口羽通良,部将,陪臣（吉川元春）,毛利家,clan_kikkawa_1,月山富田城,无,已登场,口羽通良,部将,陪臣（吉川元春）,毛利家,clan_kikkawa_1,月山富田城,无,已死亡,口羽通良,无效,无效,无,,无效,无,已登场,口羽通良,部将,陪臣（吉川元春）,毛利家,吉田郡山城,无,已死亡,口羽通良,无效,无效,无,无效,无,已登场,口羽通良,浪人,其他,无,会津之町,无,,"[{""stage"":"""",""tkid"":""281"",""ref"":""281"",""emotion"":0}]",,TAIKOU_bio_281,毛利家臣。志道元良次子。廣良之弟。兄長廣良去世後受到主公元就重用，輔佐吉川元春經營山陰地區。元就去世後，做為四位重臣之一輔佐若主輝元，承擔了主家國政的中樞任務。
lord_tk5_282,282,282,,朽木元纲,朽木元綱,朽木,元纲,Kuchiki Mototsuna,kinai,1,1549,1563,1632,病死,,,,,,只限武将,35,35,普通,普通,普通,慎重,不重情义,53,南蛮物,普通,普通,源氏,刀剑,33,36,58,65,41,1,0,1,0,0,1,0,0,1,2,1,2,2,2,1,0,无,强袭,无,无要求,,,未登场,朽木元纲,足轻大将,直臣,足利家,clan_ashikaga_1,朽木谷城,无,已登场,朽木元纲,部将,直臣,六角家,clan_rokkaku_1,观音寺城,无,已登场,朽木元纲,部将,直臣,织田家,clan_oda_1,岐阜城,无,已登场,朽木元纲,部将,直臣,织田家,clan_oda_1,岐阜城,无,已登场,朽木元纲,部将,直臣,织田家,clan_oda_1,安土城,无,已登场,朽木元纲,部将,直臣,丰臣家,clan_kinoshita_1,大坂城,无,未登场,朽木元纲,浪人,其他,无,目加田之町,无,已登场,朽木元纲,部将,直臣,羽柴家,石山本愿寺,无,已登场,朽木元纲,浪人,其他,无,出石之町,无,,"[{""stage"":"""",""tkid"":""282"",""ref"":""282"",""emotion"":0}]",,TAIKOU_bio_282,近江之豪族。晴綱之子。曾任代代朽木谷的領主。織田信長撤退金崎時為其引路，以後入織田家為臣。本能寺事變後侍奉豐臣秀吉。關原之戰時自西軍叛投東軍，獲封領地。
lord_tk5_283,283,283,,国司元相,國司元相,国司,元相,Kokushi Motoai,sanyo,1,1503,1554,1585,病死,,,,,,只限武将,35,35,普通,勇敢,普通,轻率,普通,61,书籍,普通,普通,其他,枪,44,72,65,58,36,1,2,1,0,1,3,0,0,0,2,3,1,1,1,0,1,无,强袭，连续斩，拔突，粘花，卷枪，引落，柄返，刚力，铁壁,无,无要求,姊小路赖纲/一条兼定/北畠具教,,已登场,国司元相,侍大将,直臣,毛利家,clan_mori_1,吉田郡山城,无,已登场,国司元相,侍大将,直臣,毛利家,clan_mori_1,吉田郡山城,无,已登场,国司元相,侍大将,直臣,毛利家,clan_mori_1,吉田郡山城,无,已登场,国司元相,侍大将,直臣,毛利家,clan_mori_2,吉田郡山城,无,已登场,国司元相,侍大将,直臣,毛利家,clan_mori_2,吉田郡山城,无,已死亡,国司元相,无效,无效,无,,无效,无,已登场,国司元相,侍大将,直臣,毛利家,吉田郡山城,无,已登场,国司元相,侍大将,直臣,毛利家,吉田郡山城,无,已登场,国司元相,浪人,其他,无,甲府之町,无,,"[{""stage"":"""",""tkid"":""283"",""ref"":""283"",""emotion"":0}]",,TAIKOU_bio_283,毛利家臣。有相嫡子。做為重臣深得元就信賴，被任命為嫡子隆元的撫養人。戰場上英勇，成就第一槍之功名，政治上也活躍，位列五奉行之一。
lord_tk5_284,284,284,,国友善兵卫,國友善兵衛,国友,善兵卫,Kuniyoshi Zenbei,kinai,1,1509,1554,1599,病死,,,,,,没那个意思,80,90,性急,普通,普通,慎重,重视情义,12,南蛮物,普通,普通,其他,火绳枪,21,56,27,15,56,0,0,4,2,0,0,0,1,0,0,4,0,0,0,0,0,无,急所击，二挺击，石火，乱射,火枪名人，名工,无要求,,,已登场,国友善兵卫,锻冶匠,其他,无,,今滨之町,无,已登场,国友善兵卫,锻冶匠,其他,无,,今滨之町,无,已登场,国友善兵卫,锻冶匠,其他,无,,今滨之町,无,已登场,国友善兵卫,锻冶匠,其他,无,,长滨之町,无,已登场,国友善兵卫,锻冶匠,其他,无,,长滨之町,无,已登场,国友善兵卫,锻冶匠,其他,无,,长滨之町,无,已登场,国友善兵卫,锻冶匠,其他,无,今滨之町,无,已登场,国友善兵卫,锻冶匠,其他,无,长滨之町,无,已登场,国友善兵卫,锻冶匠,其他,无,长滨之町,无,,"[{""stage"":"""",""tkid"":""284"",""ref"":""284"",""emotion"":0}]",,TAIKOU_bio_284,近江國友村的鐵砲鍛冶工匠。此人為國友村最早開始製造鐵砲的鍛鑄師傅之一。將軍‧足利義晴透過管領‧細川晴元以下令製造。後來在織田信長將鐵砲運用在實戰上後，使得國友村一躍成為鐵砲的一大產地而馳名全國。
lord_tk5_285,285,285,,九户政实,九戶政實,九户,政实,Konohe Masazane,ou,1,1536,1554,1591,战死,,,,,,全职种,61,61,普通,勇敢,理想,轻率,不重情义,90,武具,贪心,普通,源氏,刀剑,63,49,34,26,44,2,2,0,1,1,1,0,1,1,1,0,1,0,0,0,1,无,强袭,无,无要求,,,已登场,九户政实,城主,直臣,南部家,clan_nanbu_1,九户城,无,已登场,九户政实,城主,直臣,南部家,clan_nanbu_1,九户城,无,已登场,九户政实,城主,直臣,南部家,clan_nanbu_1,九户城,无,已登场,九户政实,城主,直臣,南部家,clan_nanbu_1,九户城,无,已登场,九户政实,城主,直臣,南部家,clan_nanbu_2,九户城,无,已死亡,九户政实,无效,无效,无,,无效,无,已登场,九户政实,城主,直臣,南部家,九户城,无,已登场,九户政实,城主,直臣,南部家,九户城,无,已登场,九户政实,大名,首领,九户家,月山富田城,无,,"[{""stage"":"""",""tkid"":""285"",""ref"":""285"",""emotion"":0}]",,TAIKOU_bio_285,南部家臣。信仲之子。陸奧九戶城主。南部晴政故後，雖推晴政之弟實親為繼，但敗給了晴政的義子信直，政實遂起事反對。信直向豐臣秀吉救援。豐臣出援，政實與豐臣援軍交鋒，兵敗被捕斬首。
lord_tk5_286,286,286,,熊谷信直,熊穀信直,熊谷,信直,Kumagai Nobunao,sanyo,1,1507,1554,1593,病死,,,,,,只限武将,36,36,温和,勇敢,普通,普通,重视情义,39,武具,无欲,普通,平氏,刀剑,63,69,41,46,47,1,2,1,0,2,1,2,0,1,0,0,0,0,0,1,0,无,强袭，刚弓,无,无要求,,,已登场,熊谷信直,部将,陪臣（吉川元春）,毛利家,clan_kikkawa_1,山吹城,无,已登场,熊谷信直,部将,陪臣（吉川元春）,毛利家,clan_kikkawa_1,山吹城,无,已登场,熊谷信直,部将,陪臣（吉川元春）,毛利家,clan_kikkawa_1,山吹城,无,已登场,熊谷信直,部将,陪臣（吉川元春）,毛利家,clan_kikkawa_1,月山富田城,无,已登场,熊谷信直,部将,陪臣（吉川元春）,毛利家,clan_kikkawa_1,月山富田城,无,已死亡,熊谷信直,无效,无效,无,,无效,无,已登场,熊谷信直,部将,直臣,毛利家,吉田郡山城,无,已登场,熊谷信直,部将,陪臣（吉川元长）,毛利家,月山富田城,无,已登场,熊谷信直,头目,首领,钵屋众,钵屋之里,无,,"[{""stage"":"""",""tkid"":""286"",""ref"":""286"",""emotion"":0}]",,TAIKOU_bio_286,毛利家臣。初時擁武田元繁而反對毛利元就，後成為毛利家家臣。女兒嫁給元就次子元春之後歸屬元春，受同族待遇。在元春門下充任先鋒，充分展現了猛將之風。
lord_tk5_287,287,287,,组屋源四郎,組屋源四郎|组屋宗圆|組屋宗圓,组屋,源四郎,Kumaya Genshiroo,kinai,1,1538,1554,1616,病死,,,,,,武将以外优先,5,5,普通,普通,普通,普通,普通,56,南蛮物,贪心,普通,其他,枪,29,21,60,66,58,0,0,0,2,0,0,0,1,0,1,2,4,2,3,2,1,威吓,拔突，丢钱，贿赂，大宴宾客,风雅之士,无要求,,,已登场,组屋源四郎,当家,首领,组屋,clan_kumaya_1,小滨之町,无,已登场,组屋源四郎,当家,首领,组屋,clan_kumaya_1,小滨之町,无,已登场,组屋源四郎,当家,首领,组屋,clan_kumaya_1,小滨之町,无,已登场,组屋源四郎,当家,首领,组屋,clan_kumaya_1,小滨之町,无,已登场,组屋源四郎,当家,首领,组屋,clan_kumaya_1,小滨之町,无,已登场,组屋宗圆,当家,首领,组屋,clan_kumaya_1,小滨之町,无,已登场,组屋源四郎,当家,首领,组屋,小滨之町,无,已登场,组屋源四郎,当家,首领,组屋,小滨之町,无,已登场,组屋源四郎,家老,直臣,茶屋家,岐阜城,无,,"[{""stage"":"""",""tkid"":""287"",""ref"":""287"",""emotion"":0}]",,TAIKOU_bio_287,小濱的豪商。與敦賀的道川三郎左衛門、高島屋傳右衛門一起負責日本海沿岸的商業流通。在豐臣政權下，包辦兵糧的運送及販賣。據說他於朝鮮出兵時，奉淺野長政之命為淺野家、細川家運送兵糧至肥前名護屋。
lord_tk5_288,288,288,,末吉孙左卫门,末吉孫左衛門,末吉,孙左卫门,Sueyoshi Magosaburoo,kinai,1,1570,1584,1617,病死,,,,,,武将以外优先,15,15,普通,普通,普通,轻率,普通,56,南蛮物,贪心,普通,其他,枪,47,16,64,68,70,0,0,1,3,0,0,0,0,2,1,2,4,3,2,3,2,无,拔突，丢钱，贿赂,风雅之士,无要求,,,未登场,末吉孙左卫门,浪人,其他,无,,石山之町,无,未登场,末吉孙左卫门,浪人,其他,无,,石山之町,无,未登场,末吉孙左卫门,浪人,其他,无,,石山之町,无,未登场,末吉孙左卫门,浪人,其他,无,,石山之町,无,已登场,末吉孙左卫门,当家,首领,平野屋,clan_sueyoshi_1,石山之町,无,已登场,末吉孙左卫门,当家,首领,平野屋,clan_sueyoshi_1,大坂之町,无,未登场,末吉孙左卫门,浪人,其他,无,石山之町,无,已登场,末吉孙左卫门,当家,首领,平野屋,石山之町,无,已登场,末吉孙左卫门,浪人,其他,无,甲府之町,无,,"[{""stage"":"""",""tkid"":""288"",""ref"":""288"",""emotion"":0}]",,TAIKOU_bio_288,攝津的豪商。名為吉康。受豐臣秀吉器重，在秀吉死後便親近德川家康，並在關原合戰等協助家康。也參與伏見銀座（貨幣鑄造所）的創設。受德川幕府賜與特許狀，負責從事海外交易。大型的御朱印船又被稱為「末吉船」。
lord_tk5_289,289,289,,藏田五郎左,,藏田,五郎左,Kurada Gorooza,hokuriku,1,1518,1554,1580,病死,,,,,,全职种,15,15,温和,普通,现实,慎重,重视情义,22,艺术品,普通,普通,其他,枪,40,34,56,53,57,2,1,1,1,1,1,1,0,0,1,0,3,1,2,1,0,无,拔突，丢钱，大宴宾客,风雅之士,一般条件,,,已登场,藏田五郎左,当家,首领,越后屋,clan_kurada_1,直江津之町,无,已登场,藏田五郎左,当家,首领,越后屋,clan_kurada_1,直江津之町,无,已登场,藏田五郎左,当家,首领,越后屋,clan_kurada_1,直江津之町,无,已登场,藏田五郎左,当家,首领,越后屋,clan_kurada_1,直江津之町,无,已死亡,藏田五郎左,无效,无效,无,,无效,无,已死亡,藏田五郎左,无效,无效,无,,无效,无,已登场,藏田五郎左,当家,首领,越后屋,直江津之町,无,已死亡,藏田五郎左,无效,无效,无,无效,无,已登场,藏田五郎左,部将,直臣,五代家,安土城,无,,"[{""stage"":"""",""tkid"":""289"",""ref"":""289"",""emotion"":0}]",,TAIKOU_bio_289,上杉家家臣。本為商人，負責掌管上杉家的財政。同時也身兼上杉家重要資金來源‧青苧座的管理工作。謙信對關東出兵時，也擔任春日山城的守備等工作。此外，也曾輪出鹽至甲斐武田家，這也成為「贈鹽與敵」這則佳話的源頭。
lord_tk5_290,290,290,,来岛通总,來島通總,来岛,通总,Murakami Michifusa,nankai,1,1561,1575,1597,战死,lord_tk5_291,,,,lord_tk5_291|lord_tk5_505,全职种,7,7,普通,胆小,普通,轻率,不重情义,71,艺术品,贪心,嗜酒如命,其他,刀剑,67,69,42,55,59,1,0,2,4,2,2,2,0,1,0,0,0,0,1,0,1,进水，蝴蝶之阵,强袭，拔突，刚弓，铁壁,无,一般条件,,,未登场,来岛通总,船头,陪臣（村上通康）,村上水军,clan_murakami_3,三岛之砦,无,未登场,来岛通总,水夫,陪臣（村上通康）,村上水军,clan_murakami_3,三岛之砦,无,已登场,来岛通总,船头,直臣,村上水军,clan_murakami_1,三岛之砦,无,已登场,来岛通总,船头,直臣,村上水军,clan_murakami_1,三岛之砦,无,已登场,来岛通总,船头,直臣,村上水军,clan_murakami_1,三岛之砦,无,已死亡,来岛通总,无效,无效,无,,无效,无,未登场,来岛通总,船头,直臣,村上水军,三岛之砦,无,已登场,来岛通总,足轻大将,直臣,羽柴家,石山本愿寺,无,已登场,来岛通总,水夫,直臣,村上水军,三岛之砦,无,,"[{""stage"":"""",""tkid"":""290"",""ref"":""290"",""emotion"":0}]",,TAIKOU_bio_290,豐臣家臣。通康的四子。開始屬於河野家，之後，背叛而跟隨秀吉，作了水軍大將。在秀吉征討四國時，與其兄得居通年共同擔任先鋒，因其所立功勞得１萬４千石。九州小田原戰也從軍參戰。
lord_tk5_291,291,291,,村上通康,來島通康,村上,通康,Murakami Munekatsu,nankai,1,1519,1554,1567,病死,,,,,lord_tk5_290|lord_tk5_505,全职种,7,7,温和,勇敢,普通,轻率,不重情义,55,武具,贪心,嗜酒如命,其他,刀剑,69,72,36,48,52,0,0,2,4,2,2,1,0,2,0,0,2,0,0,0,0,水上禁行，蝴蝶之阵,强袭，拔突，刚弓，铁壁,无,一般条件,,,已登场,村上通康,船头,直臣,村上水军,clan_murakami_3,三岛之砦,无,已登场,村上通康,船头,直臣,村上水军,clan_murakami_3,三岛之砦,无,已死亡,村上通康,无效,无效,无,clan_murakami_1,无效,无,已死亡,村上通康,无效,无效,无,clan_murakami_1,无效,无,已死亡,村上通康,无效,无效,无,clan_murakami_1,无效,无,已死亡,村上通康,无效,无效,无,,无效,无,已登场,村上通康,船头,直臣,村上水军,三岛之砦,无,已死亡,村上通康,无效,无效,无,无效,无,已登场,村上通康,侍大将,直臣,上泉家,内城,无,,"[{""stage"":"""",""tkid"":""291"",""ref"":""291"",""emotion"":0}]",,TAIKOU_bio_291,河野家臣。來島城主。來島村上水軍的頭領。後成為河野通直的女婿，稱河野右衛門大夫。嚴島之戰，與能島眾、因島眾一起同陶晴賢作戰。之後追隨信長轉戰各地。
lord_tk5_292,292,292|1158,,黑田如水,黑田孝高|黑田官兵卫|黑田官兵衛,黑田,如水,Kuroda Iekata,saikai,1,1546,1561,1604,病死,lord_tk5_294,,,,lord_tk5_293|lord_tk5_294,只限武将,6,6,普通,胆小,理想,慎重,不重情义,98,南蛮物,贪心,普通,源氏,枪,88,55,86,92,86,4,3,3,2,2,1,4,1,4,3,4,3,2,4,2,3,强行突破，紧急修补，影武者，威吓，加护,拔突，急所击，刚弓，伤药，丢钱,军师，说客,一般条件,,主角丰臣秀吉，剧情救出黑田官兵卫,未登场,黑田官兵卫,足轻组头,陪臣（小寺政职）,赤松家,clan_kodera_1,御着城,无,已登场,黑田官兵卫,足轻组头,陪臣（小寺政职）,赤松家,clan_kodera_1,御着城,无,已登场,黑田官兵卫,足轻组头,陪臣（小寺政职）,赤松家,clan_kuroda_1,御着城,无,已登场,黑田官兵卫,足轻组头,陪臣（羽柴秀吉）,织田家,clan_kinoshita_1,长滨城,无,已登场,黑田官兵卫,部将,陪臣（羽柴秀吉）,织田家,clan_kinoshita_1,姬路城,无,已登场,黑田如水,家老,直臣,黑田家,clan_kuroda_1,中津城,无,未登场,黑田官兵卫,足轻组头,陪臣（黑田职隆）,赤松家,御着城,无,已登场,黑田官兵卫,家老,直臣,羽柴家,石山本愿寺,无,已登场,黑田如水,家老,直臣,黑田家,宇和岛城,无,"[{""stage"":""军师"",""tkid"":""292"",""ref"":"""",""emotion"":1},{""stage"":""隐"",""tkid"":""1158"",""ref"":"""",""emotion"":1}]","[{""stage"":""军师"",""tkid"":""292"",""ref"":""292"",""emotion"":1},{""stage"":""隐"",""tkid"":""1158"",""ref"":""1158"",""emotion"":1}]",,TAIKOU_bio_292,豐臣家臣。名孝高，人稱官兵衛，自號如水。原為小寺家家老。助秀吉征討中國地方，之後作為軍師跟隨秀吉。其卓越戰略眼光與手腕為秀吉奪取天下作出了非比尋常的貢獻。但是，其卓越的才華為秀吉所懼，晚年被秀吉疏遠。
lord_tk5_293,293,293,,黑田长政,黑田長政,黑田,长政,Kuroda Nagamasa,saikai,1,1568,1582,1623,病死,lord_tk5_292,,,lord_tk5_294,lord_tk5_292|lord_tk5_294,只限武将,99,99,温和,勇敢,现实,普通,不重情义,70,武具,普通,普通,源氏,枪,72,68,75,78,80,2,2,3,2,2,3,3,1,3,3,3,2,2,2,3,1,无,强袭，连续斩，拔突，粘花，急所击，刚弓，卷枪，引落，柄返，刚力，铁壁，辱骂，克己,无,一般条件,,,未登场,黑田长政,足轻组头,陪臣（小寺政职）,赤松家,clan_kodera_1,御着城,无,未登场,黑田长政,足轻组头,陪臣（小寺政职）,赤松家,clan_kodera_1,御着城,无,未登场,黑田长政,足轻组头,陪臣（小寺政职）,赤松家,clan_kodera_1,御着城,无,未登场,黑田长政,足轻组头,陪臣（小寺政职）,赤松家,clan_kodera_1,姬路城,无,已登场,黑田长政,足轻组头,陪臣（羽柴秀吉）,织田家,clan_kinoshita_1,姬路城,无,已登场,黑田长政,大名,首领,黑田家,clan_kuroda_1,中津城,柳生新阴流,未登场,黑田长政,足轻组头,陪臣（黑田官兵卫）,赤松家,御着城,无,已登场,黑田长政,足轻组头,陪臣（黑田官兵卫）,羽柴家,石山本愿寺,无,已登场,黑田长政,家老,直臣,黑田家,宇和岛城,无,,"[{""stage"":"""",""tkid"":""293"",""ref"":""293"",""emotion"":0}]",,TAIKOU_bio_293,豐臣家臣。官兵衛的嫡子。作為織田信長的人質，小時候在秀吉的居城度過。其父官兵衛被懷疑謀反時，按信長之命要殺掉他，但被竹中半兵衛機智救出。賤岳之戰和九州征討時表現活躍。
lord_tk5_294,294,294,,黑田职隆,黑田職隆,黑田,职隆,Kuroda Mototaka,sanyo,1,1524,1554,1585,病死,,,,,lord_tk5_292|lord_tk5_293,全职种,95,95,温和,普通,现实,普通,普通,42,书籍,普通,普通,源氏,枪,66,60,56,70,59,2,2,1,1,2,2,1,0,2,2,1,3,2,2,0,3,无,强袭，拔突，刚弓，铁壁，伤药，丢钱,无,无要求,,,已登场,黑田职隆,部将,陪臣（小寺政职）,赤松家,clan_kodera_1,御着城,无,已登场,黑田职隆,部将,陪臣（小寺政职）,赤松家,clan_kodera_1,御着城,无,已登场,黑田职隆,部将,陪臣（小寺政职）,赤松家,clan_kodera_1,御着城,无,已登场,黑田职隆,部将,陪臣（小寺政职）,赤松家,clan_kodera_1,姬路城,无,已登场,黑田职隆,侍大将,陪臣（羽柴秀吉）,织田家,clan_kinoshita_1,姬路城,无,已死亡,黑田职隆,无效,无效,无,clan_kuroda_1,无效,无,已登场,黑田职隆,部将,陪臣（小寺政职）,赤松家,御着城,无,已登场,黑田职隆,侍大将,陪臣（黑田官兵卫）,羽柴家,石山本愿寺,无,已登场,黑田职隆,大名,首领,黑田家,宇和岛城,无,,"[{""stage"":"""",""tkid"":""294"",""ref"":""294"",""emotion"":0}]",,TAIKOU_bio_294,小寺家家臣。官兵衛之父。因為討伐播磨豪族‧香山重道建下功勳，得以娶主君‧政職的養女為妻，也被拔擢成為家老之首。後來被賞賜「小寺」姓及「職」一字，並且被任命為姬路城主。將家督之位讓與官兵衛隱居後，也經常輔佐官兵衛，且繼續守護著姬路城。
lord_tk5_295,295,295,,桑名吉成,,桑名,吉成,Kuwana Yoshinari,nankai,1,1551,1565,1615,战死,,,,,,只限武将,42,42,普通,勇敢,现实,轻率,重视情义,40,武具,无欲,普通,平氏,刀剑,59,53,47,43,53,2,3,2,0,0,1,2,0,0,1,0,1,0,1,1,0,无,强袭,无,无要求,,,未登场,桑名吉成,足轻大将,直臣,长宗我部家,clan_chosokabe_1,冈丰城,无,已登场,桑名吉成,足轻组头,直臣,长宗我部家,clan_chosokabe_2,冈丰城,无,已登场,桑名吉成,足轻大将,直臣,长宗我部家,clan_chosokabe_2,冈丰城,无,已登场,桑名吉成,足轻大将,直臣,长宗我部家,clan_chosokabe_2,冈丰城,无,已登场,桑名吉成,足轻大将,直臣,长宗我部家,clan_chosokabe_2,冈丰城,无,已登场,桑名吉成,侍大将,直臣,长宗我部家,clan_chosokabe_2,冈丰城,无,未登场,桑名吉成,足轻大将,直臣,长宗我部家,冈丰城,无,已登场,桑名吉成,足轻大将,直臣,长宗我部家,冈丰城,无,已登场,桑名吉成,浪人,其他,无,清洲之町,无,,"[{""stage"":"""",""tkid"":""295"",""ref"":""295"",""emotion"":0}]",,TAIKOU_bio_295,長宗我部家臣，藤藏人之次子。曾任土佐中村城代。秀吉討伐九州時，護衛在豐後戶次川之戰中敗走的主公元親，擊退土豪們的抵抗，成功撤退至土佐。主家被貶為平民之後，寄身故舊藤堂高虎門下。
lord_tk5_296,296,296,,上泉信纲,上泉信綱|上泉秀纲|上泉秀綱,上泉,信纲,Kamiizumi Nobutsuna,kanto,1,1508,1554,1573,病死,上泉秀继,,,,lord_tk5_601|lord_tk5_946,没那个意思,90,90,温和,普通,现实,轻率,普通,25,武具,无欲,滴酒不沾,其他,刀剑,86,100,13,12,93,3,0,0,0,3,4,3,2,0,0,0,0,3,0,0,2,无,强袭，连续斩，月影，一刀两断，转，拔突，二连苦无，刚弓，浮舟，当身，肋一寸，刚力，铁壁，天狗抄，心眼，辱骂，大喝,剑圣,一般条件,,主角柳生宗严，无刀取剧情,已登场,上泉秀纲,部将,直臣,长野家,clan_kamiizumi_1,箕轮城,新阴流,已登场,上泉秀纲,部将,直臣,长野家,clan_kamiizumi_1,箕轮城,新阴流,已登场,上泉信纲,师范,其他,无,,厩桥之町,新阴流,已死亡,上泉信纲,无效,无效,无,,无效,无,已死亡,上泉信纲,无效,无效,无,,无效,无,已死亡,上泉信纲,无效,无效,无,,无效,无,已登场,上泉秀纲,部将,陪臣（长野业正）,上杉家,箕轮城,新阴流,已死亡,上泉信纲,无效,无效,无,无效,无,已登场,上泉信纲,大名,首领,上泉家,内城,新阴流,,"[{""stage"":"""",""tkid"":""296"",""ref"":""296"",""emotion"":0}]",,TAIKOU_bio_296,劍術家。伊勢守、又名秀綱。新陰流的創始人。被將軍‧足利義輝賜與「天下第一」封號的劍聖。起初侍奉箕輪城主‧長野業正，在城被奪後，回絕武田信玄的邀請，為鑽研劍術而遊歷諸國。領悟「無刀取」的訣竅，並將此技傳承給柳生石舟齋。
lord_tk5_297,297,297,,高坂甚内,高阪甚內|高坂甚內,高坂,甚内,Koosaka Jinnai,kanto,1,1546,1560,1613,战死,,,,,,武将以外优先,60,60,普通,勇敢,现实,轻率,不重情义,74,艺术品,贪心,普通,其他,苦无,54,66,17,57,29,1,0,1,0,1,2,2,3,0,0,0,0,0,0,0,0,破技之术，雷爆之术，错乱之术,强袭，拔突，二连苦无，半月，毒苦无，十字投，叠返之术，铁壁,无,无要求,,,未登场,高坂甚内,上忍,直臣,透波众,clan_suppa_1,透波之里,无,已登场,高坂甚内,上忍,直臣,透波众,clan_suppa_1,透波之里,无,已登场,高坂甚内,上忍,直臣,透波众,clan_suppa_1,透波之里,无,已登场,高坂甚内,上忍,直臣,透波众,clan_suppa_1,透波之里,无,已登场,高坂甚内,上忍,直臣,透波众,clan_suppa_1,透波之里,无,已登场,高坂甚内,浪人,其他,无,,江户之町,无,未登场,高坂甚内,上忍,直臣,透波众,透波之里,无,已登场,高坂甚内,上忍,直臣,透波众,透波之里,无,已登场,高坂甚内,浪人,其他,无,诹访之町,无,,"[{""stage"":"""",""tkid"":""297"",""ref"":""297"",""emotion"":0}]",,TAIKOU_bio_297,忍者。姓勾阪、又姓向阪。雖自稱為高阪昌信一族，但還不能証實。侍奉武田家，擔任忍者的頭目。主家滅亡後逃亡至攝津，雖拜宮本武藏為師，但因濫殺無辜而被逐出師門。其後，在江戶淪為盜賊，與同在江戶出沒的忍者‧風魔小次郎展開爭鬥。
lord_tk5_298,298,298,,高坂昌信,高阪昌信,高坂,昌信,Koosaka Masanobu,tosan,1,1527,1554,1578,病死,,,,,,只限武将,62,62,普通,勇敢,普通,普通,重视情义,29,武具,无欲,普通,其他,弓,88,79,65,68,87,2,4,2,0,2,3,4,2,2,0,3,2,2,1,0,2,风林火山，破技之术,强袭，连续斩，拔突，二连苦无，刚弓，刚力，铁壁,无,一般条件,,,已登场,高坂昌信,家老,直臣,武田家,clan_takeda_1,踯躅崎馆,无,已登场,高坂昌信,城主,直臣,武田家,clan_takeda_1,海津城,无,已登场,高坂昌信,城主,直臣,武田家,clan_takeda_1,海津城,无,已登场,高坂昌信,城主,直臣,武田家,clan_takeda_2,海津城,无,已死亡,高坂昌信,无效,无效,无,,无效,无,已死亡,高坂昌信,无效,无效,无,,无效,无,已登场,高坂昌信,侍大将,直臣,武田家,踯躅崎馆,无,已死亡,高坂昌信,无效,无效,无,无效,无,已登场,高坂昌信,上忍,直臣,伊贺众,伊贺之里,无,,"[{""stage"":"""",""tkid"":""298"",""ref"":""298"",""emotion"":0}]",,TAIKOU_bio_298,武田家臣。彈正忠。武田家四名臣之一。從武田信玄屬下的家童直昇至侍大將。作戰用兵在家中首屈一指，同時還是戰國三彈正之一，綽號「通輯彈正」。據說是「甲陽軍鑑」的原作者。
lord_tk5_299,299,299,,香宗我部亲泰,香宗我部親泰,香宗我部,亲泰,Kosokabe Chikayasu,nankai,1,1543,1557,1593,病死,lord_tk5_481,,,,lord_tk5_212|lord_tk5_274|lord_tk5_275|lord_tk5_481|lord_tk5_482|lord_tk5_483|lord_tk5_484|lord_tk5_495,只限武将,80,80,温和,普通,普通,慎重,重视情义,30,艺术品,无欲,普通,源氏,刀剑,78,64,78,82,77,3,1,2,0,1,2,2,0,2,2,2,0,2,3,1,0,无,强袭，拔突，铁壁,无,一般条件,,,未登场,香宗我部亲泰,部将,陪臣（长宗我部国亲）,长宗我部家,clan_chosokabe_1,冈丰城,无,已登场,香宗我部亲泰,部将,直臣,长宗我部家,clan_chosokabe_2,冈丰城,无,已登场,香宗我部亲泰,部将,直臣,长宗我部家,clan_chosokabe_2,冈丰城,无,已登场,香宗我部亲泰,部将,直臣,长宗我部家,clan_chosokabe_2,冈丰城,无,已登场,香宗我部亲泰,部将,直臣,长宗我部家,clan_chosokabe_2,冈丰城,无,已死亡,香宗我部亲泰,无效,无效,无,clan_chosokabe_2,无效,无,未登场,香宗我部亲泰,部将,直臣,长宗我部家,冈丰城,无,已登场,香宗我部亲泰,国主,直臣,长宗我部家,安艺城,无,已登场,香宗我部亲泰,浪人,其他,无,安土之町,无,,"[{""stage"":"""",""tkid"":""299"",""ref"":""299"",""emotion"":0}]",,TAIKOU_bio_299,長宗我部國親之三子，元親之弟。轉戰阿波，在中富川之戰中擊破十河存保軍，為其兄元親的統一四國事業做出了貢獻。同時擔負本家外交工作，出使織田家，謀劃包圍秀吉等事宜。
lord_tk5_300,,300,,河野通直牛福丸,河野通直(牛福丸)|河野牛福丸,河野,通直牛福丸,Kawano Masashige,nankai,1,1564,1578,1587,病死,,,,,,全职种,43,43,性急,胆小,现实,轻率,普通,49,南蛮物,普通,普通,其他,刀剑,44,41,50,36,48,1,0,1,2,0,2,1,0,0,1,1,0,1,0,1,1,无,强袭，拔突，铁壁,无,无要求,,,未登场,河野牛福丸,部将,陪臣（河野通宣）,河野家,clan_kawano_1,汤筑城,无,未登场,河野牛福丸,家老,直臣,河野家,clan_kawano_1,汤筑城,无,未登场,河野牛福丸,家老,直臣,河野家,clan_kawano_1,汤筑城,无,未登场,河野牛福丸,家老,直臣,河野家,clan_kawano_1,汤筑城,无,已登场,河野通直,大名,首领,河野家,clan_kawano_2,汤筑城,无,已死亡,河野牛福丸,无效,无效,无,,无效,无,未登场,河野牛福丸,家老,直臣,河野家,汤筑城,无,已登场,河野通直,大名,首领,河野家,汤筑城,无,已登场,河野牛福丸,家老,直臣,河尻家,水户城,无,"[{""stage"":""通"",""tkid"":""300"",""ref"":"""",""emotion"":1},{""stage"":""直"",""tkid"":""1234"",""ref"":"""",""emotion"":1}]","[{""stage"":""通"",""tkid"":""300"",""ref"":""300"",""emotion"":1}]",,TAIKOU_bio_300,伊予的戰國大名。湯築城主。苦於家臣的謀反和其他國家的進攻。最終屈於長宗我部元親支配之下。豐臣秀吉征討四國時，與長宗我部軍作戰，但被小早川隆景降伏，河野家因而滅亡。
lord_tk5_301,301,301,,河野通宣,,河野,通宣,Kawano Michinobu,nankai,1,1527,1554,1581,病死,,,,,,全职种,43,43,普通,胆小,现实,慎重,普通,35,南蛮物,普通,普通,其他,刀剑,40,43,41,27,35,1,0,0,2,0,0,1,1,0,0,0,2,1,0,0,0,无,强袭,无,一般条件,,,已登场,河野通宣,大名,首领,河野家,clan_kawano_1,汤筑城,无,已登场,河野通宣,大名,首领,河野家,clan_kawano_1,汤筑城,无,已登场,河野通宣,大名,首领,河野家,clan_kawano_1,汤筑城,无,已登场,河野通宣,大名,首领,河野家,clan_kawano_1,汤筑城,无,已死亡,河野通宣,无效,无效,无,,无效,无,已死亡,河野通宣,无效,无效,无,,无效,无,已登场,河野通宣,大名,首领,河野家,汤筑城,无,已死亡,河野通宣,无效,无效,无,无效,无,已登场,河野通宣,家老,直臣,河尻家,水户城,无,,"[{""stage"":"""",""tkid"":""301"",""ref"":""301"",""emotion"":0}]",,TAIKOU_bio_301,伊予的戰國大名。湯築城主。因其兄晴通早世，而繼承家督之位。一方面大野和田氏等家臣謀反，另一方面又招致豐後的大友、土佐的長宗我部、安藝的毛利家等其他國家相繼進攻，而苦於應付。
lord_tk5_302,302,302,,高力清长,高力清長,高力,清长,Koori Kiyonaga,kanto,1,1530,1554,1608,病死,,,,,,全职种,91,91,温和,普通,普通,慎重,重视情义,14,书籍,无欲,普通,平氏,刀剑,48,52,55,59,74,1,0,1,0,0,0,0,0,2,1,1,1,1,2,1,1,无,强袭,无,无要求,,,已登场,高力清长,足轻组头,陪臣（松平元康）,今川家,clan_tokugawa_1,骏府城,无,已登场,高力清长,足轻组头,陪臣（松平元康）,今川家,clan_tokugawa_1,冈崎城,无,已登场,高力清长,足轻组头,直臣,德川家,clan_tokugawa_1,冈崎城,无,已登场,高力清长,足轻组头,陪臣（德川信康）,德川家,clan_tokugawa_2,冈崎城,无,已登场,高力清长,足轻大将,直臣,德川家,clan_tokugawa_1,滨松城,无,已登场,高力清长,城主,直臣,德川家,clan_tokugawa_1,岩槻城,无,已登场,高力清长,足轻组头,直臣,松平家,冈崎城,无,已登场,高力清长,足轻大将,直臣,德川家,滨松城,无,已登场,高力清长,浪人,其他,无,长滨之町,无,,"[{""stage"":"""",""tkid"":""302"",""ref"":""302"",""emotion"":0}]",,TAIKOU_bio_302,德川家臣。從家康做人質時起侍奉於德川家。做為岡崎三奉行之一，在三河一向暴動時保護了寺院的佛像和教典，得「佛高力」之美稱。在小牧長久手之戰中充任議和使者，深得秀吉信賴。
lord_tk5_303,303,303,,小岛职镇,小島職鎮,小岛,职镇,Jingu Norishige,hokuriku,1,1519,1554,1582,病死,,,,,,全职种,16,16,性急,胆小,现实,轻率,不重情义,72,艺术品,贪心,普通,其他,刀剑,33,35,40,39,36,0,1,0,0,0,0,1,0,1,1,1,0,0,2,0,0,无,强袭,无,无要求,,,已登场,小岛职镇,足轻组头,直臣,神保家,clan_jinbo_1,富山城,无,已登场,小岛职镇,部将,直臣,神保家,clan_jinbo_1,富山城,无,已登场,小岛职镇,部将,直臣,神保家,clan_jinbo_1,富山城,无,已登场,小岛职镇,部将,直臣,神保家,clan_jinbo_1,富山城,无,已死亡,小岛职镇,无效,无效,无,,无效,无,已死亡,小岛职镇,无效,无效,无,,无效,无,已登场,小岛职镇,部将,直臣,神保家,富山城,无,已死亡,小岛职镇,无效,无效,无,无效,无,已登场,小岛职镇,家老,直臣,小笠原家,小仓城,无,,"[{""stage"":"""",""tkid"":""303"",""ref"":""303"",""emotion"":0}]",,TAIKOU_bio_303,神保家臣。越中日宮城主。與主公長職一起歸屬上杉家。長職死後，作為掌握主家實權的上杉派整治家中。一度曾侍奉織田家，但又投降於上杉家，欲進攻織田軍被柴田勝家擊退。
lord_tk5_304,304,304,,五代友喜,,五代,友喜,Godai Tomoyoshi,saikai,1,1539,1554,1626,病死,,,,,,全职种,32,32,普通,勇敢,普通,轻率,普通,64,武具,贪心,普通,其他,刀剑,59,65,43,41,44,2,1,2,1,0,2,1,0,0,0,0,0,1,0,0,0,无,强袭，拔突，铁壁,无,无要求,,,已登场,五代友喜,侍大将,直臣,岛津家,clan_shimazu_1,内城,无,已登场,五代友喜,足轻组头,直臣,岛津家,clan_shimazu_1,内城,无,已登场,五代友喜,侍大将,直臣,岛津家,clan_shimazu_1,内城,无,已登场,五代友喜,侍大将,直臣,岛津家,clan_shimazu_1,内城,无,已登场,五代友喜,侍大将,直臣,岛津家,clan_shimazu_1,内城,无,已登场,五代友喜,家老,直臣,岛津家,clan_shimazu_2,内城,无,未登场,五代友喜,侍大将,直臣,岛津家,内城,无,已登场,五代友喜,侍大将,直臣,岛津家,内城,无,已登场,五代友喜,大名,首领,五代家,安土城,无,,"[{""stage"":"""",""tkid"":""304"",""ref"":""304"",""emotion"":0}]",,TAIKOU_bio_304,島津家臣。曾任主公義弘的家老。在與伊東氏的木崎原戰鬥中，與義弘一起設伏，擒敵軍大將伊東加賀守，立下戰功。還曾從軍參加攻取秀吉的小田原的戰鬥。
lord_tk5_305,305,305,,儿玉就英,兒玉就英,儿玉,就英,Kodama Toshihide,sanyo,1,1535,1554,1601,病死,儿玉元实,,,,lord_tk5_835,全职种,36,36,温和,普通,普通,慎重,普通,49,书籍,普通,嗜酒如命,藤原氏,刀剑,66,57,23,60,55,2,0,2,4,2,1,2,0,1,0,0,1,0,0,0,1,齐射，水上禁行,强袭，刚弓,无,一般条件,,,已登场,儿玉就英,侍大将,直臣,毛利家,clan_mori_1,吉田郡山城,无,已登场,儿玉就英,侍大将,直臣,毛利家,clan_mori_1,吉田郡山城,无,已登场,儿玉就英,侍大将,陪臣（小早川隆景）,毛利家,clan_kobayakawa_1,三原城,无,已登场,儿玉就英,侍大将,陪臣（小早川隆景）,毛利家,clan_kobayakawa_1,三原城,无,已登场,儿玉就英,侍大将,陪臣（小早川隆景）,毛利家,clan_kobayakawa_1,三原城,无,已登场,儿玉就英,部将,直臣,毛利家,clan_mori_2,广岛城,无,已登场,儿玉就英,侍大将,陪臣（小早川隆景）,毛利家,吉田郡山城,无,已登场,儿玉就英,侍大将,陪臣（小早川隆景）,毛利家,三原城,无,已登场,儿玉就英,浪人,其他,无,赤间关之町,无,,"[{""stage"":"""",""tkid"":""305"",""ref"":""305"",""emotion"":0}]",,TAIKOU_bio_305,毛利家臣。就方之子。繼父親之後成為毛利水軍頭領。在與尼子和信長的戰鬥中顯露了才能。在木津川口戰鬥中擊破織田的水軍，成功地將糧草運往石山城。後負責守備淡路的岩屋城。
lord_tk5_306,306,306,,木造具政,,木造,具政,Kitabatake Tomomasa,tokai,1,1530,1554,1584,病死,lord_tk5_261,,,,lord_tk5_259|lord_tk5_260|lord_tk5_261|lord_tk5_443|lord_tk5_535,只限武将,42,42,普通,普通,现实,普通,不重情义,61,书籍,贪心,普通,源氏,刀剑,62,38,59,64,59,2,2,1,0,1,0,2,1,0,1,0,0,0,2,1,0,无,强袭,无,无要求,,,已登场,木造具政,家老,直臣,北畠家,clan_kitabatake_1,大河内城,无,已登场,木造具政,家老,直臣,北畠家,clan_kitabatake_1,大河内城,无,已登场,木造具政,家老,直臣,北畠家,clan_kitabatake_1,大河内城,无,已登场,木造具政,侍大将,陪臣（织田信雄）,织田家,clan_oda_2,大河内城,无,已登场,木造具政,侍大将,陪臣（织田信雄）,织田家,clan_oda_2,安浓津城,无,已死亡,木造具政,无效,无效,无,clan_kinoshita_1,无效,无,已登场,木造具政,家老,直臣,北畠家,大河内城,无,已登场,木造具政,家老,直臣,织田家,长岛城,无,已登场,木造具政,浪人,其他,无,大坂之町,无,,"[{""stage"":"""",""tkid"":""306"",""ref"":""306"",""emotion"":0}]",,TAIKOU_bio_306,北田晴具之三子。木造城主，具教之弟。北田家庶流，繼承了木造家。背叛北田家君主兄長具教投靠了織田家，侍奉繼承了北田家的信雄。信雄與秀吉對立時守木戶城，戰於蒲田氏鄉，議和後撤退。
lord_tk5_307,307,307,,笼手田安一,籠手田安一,笼手田,安一,Koteida Yasuichi,saikai,1,1553,1567,1623,病死,lord_tk5_308,,,,lord_tk5_308,全职种,2,2,温和,胆小,普通,普通,普通,30,南蛮物,普通,普通,源氏,刀剑,47,49,47,46,37,1,1,2,2,0,1,1,0,0,0,0,0,1,1,1,0,无,强袭,无,无要求,,,未登场,笼手田安一,足轻组头,陪臣（笼手田安经）,松浦家,clan_koteida_1,平户城,无,未登场,笼手田安一,足轻组头,陪臣（笼手田安经）,松浦家,clan_koteida_1,平户城,无,已登场,笼手田安一,足轻组头,陪臣（笼手田安经）,松浦家,clan_koteida_1,平户城,无,已登场,笼手田安一,足轻组头,陪臣（笼手田安经）,松浦家,clan_koteida_1,平户城,无,已登场,笼手田安一,足轻组头,陪臣（笼手田安经）,松浦家,clan_koteida_1,平户城,无,已登场,笼手田安一,浪人,其他,无,,平户之町,无,未登场,笼手田安一,足轻组头,陪臣（笼手田安经）,松浦家,平户城,无,已登场,笼手田安一,足轻组头,直臣,松浦家,平户城,无,已登场,笼手田安一,足轻组头,直臣,一宫家,春日山城,无,,"[{""stage"":"""",""tkid"":""307"",""ref"":""307"",""emotion"":0}]",,TAIKOU_bio_307,生月島領主。隸屬於平戶松浦黨。與父‧安經一起接受基督教的洗禮，援助領內的各種傳教活動。松浦隆信逝世、鎮信接掌政權後，因豐臣秀吉所下達的伴天連追放令，而使基督徒遭受迫害，無法捨棄信仰的安一，終究還是離開領地逃至長崎。
lord_tk5_308,308,308,,笼手田安经,籠手田安經,笼手田,安经,Koteida Yasuyuki,saikai,1,1523,1554,1582,病死,,,,,lord_tk5_307,全职种,2,2,普通,勇敢,现实,轻率,不重情义,55,南蛮物,普通,普通,源氏,刀剑,58,55,54,60,47,2,1,1,2,0,1,1,0,0,0,0,1,0,0,1,0,无,强袭,无,无要求,,,已登场,笼手田安经,部将,直臣,松浦家,clan_koteida_1,平户城,无,已登场,笼手田安经,侍大将,直臣,松浦家,clan_koteida_1,平户城,无,已登场,笼手田安经,部将,直臣,松浦家,clan_koteida_1,平户城,无,已登场,笼手田安经,部将,直臣,松浦家,clan_koteida_1,平户城,无,已登场,笼手田安经,部将,直臣,松浦家,clan_koteida_1,平户城,无,已死亡,笼手田安经,无效,无效,无,,无效,无,已登场,笼手田安经,部将,直臣,松浦家,平户城,无,已死亡,笼手田安经,无效,无效,无,无效,无,已登场,笼手田安经,浪人,其他,无,温泉津之町,无,,"[{""stage"":"""",""tkid"":""308"",""ref"":""308"",""emotion"":0}]",,TAIKOU_bio_308,生月島領主。隸屬於平戶松浦黨。在松浦家一族擁有極為重要的地位。由於主君‧隆信的葡萄牙貿易振興政策的施行，使得平戶附近的傳教士傳教活動蓬勃發展，安經也與其一族的家臣一同接受洗禮，並保護領地內的基督徒。
lord_tk5_309,309,309,,后藤贤丰,後藤賢豐,后藤,贤丰,Goto Masatoyo,kinai,1,1516,1554,1563,战死,,,,,,只限武将,51,51,普通,普通,普通,轻率,普通,18,艺术品,普通,普通,藤原氏,刀剑,56,46,68,62,57,1,0,1,1,1,1,2,0,2,2,1,1,3,1,1,0,无,强袭,无,无要求,,,已登场,后藤贤丰,家老,直臣,六角家,clan_rokkaku_1,观音寺城,无,已登场,后藤贤丰,家老,直臣,六角家,clan_rokkaku_1,观音寺城,无,已死亡,后藤贤丰,无效,无效,无,,无效,无,已死亡,后藤贤丰,无效,无效,无,,无效,无,已死亡,后藤贤丰,无效,无效,无,,无效,无,已死亡,后藤贤丰,无效,无效,无,,无效,无,已登场,后藤贤丰,家老,直臣,六角家,观音寺城,无,已死亡,后藤贤丰,无效,无效,无,无效,无,已登场,后藤贤丰,浪人,其他,无,足利之町,无,,"[{""stage"":"""",""tkid"":""309"",""ref"":""309"",""emotion"":0}]",,TAIKOU_bio_309,六角家臣。譜代家老，與進藤家一起並稱「六角家雙藤」。主公義賢父子赴京都時充任警衛。在所謂「觀音寺動亂」時，被主公義治殺死於觀音寺城中。
lord_tk5_310,310,310,,后藤信康,後藤信康,后藤,信康,Goto Danemon,ou,1,1555,1569,1614,病死,,,,,,只限武将,62,62,普通,勇敢,普通,普通,重视情义,55,武具,普通,普通,其他,刀剑,63,70,17,42,52,2,3,2,1,2,3,2,0,0,0,0,2,1,1,0,0,无,强袭，连续斩，拔突，刚弓，刚力，铁壁,无,无要求,,,未登场,后藤信康,足轻组头,直臣,伊达家,clan_date_1,米泽城,无,未登场,后藤信康,足轻组头,直臣,伊达家,clan_date_1,米泽城,无,未登场,后藤信康,足轻组头,直臣,伊达家,clan_date_2,米泽城,无,已登场,后藤信康,足轻组头,直臣,伊达家,clan_date_2,米泽城,无,已登场,后藤信康,足轻组头,直臣,伊达家,clan_date_2,米泽城,无,已登场,后藤信康,家老,直臣,伊达家,clan_date_2,仙台城,无,未登场,后藤信康,足轻组头,直臣,伊达家,米泽城,无,已登场,后藤信康,侍大将,直臣,伊达家,米泽城,无,已登场,后藤信康,浪人,其他,无,京之町,无,,"[{""stage"":"""",""tkid"":""310"",""ref"":""310"",""emotion"":0}]",,TAIKOU_bio_310,伊達家臣。湯目重弘之次子。後成為後藤信家的養嗣子，繼承後藤家業。交戰時定穿上黃色的母衣，以「黃色後藤」而令人望而生畏。而且，也被稱作是「高阪彈正再生」。有勇有謀，逸話頗多。
lord_tk5_311,311,311,,后藤又兵卫,後藤又兵衛,后藤,又兵卫,Goto Toogoroo,saikai,1,1560,1574,1615,战死,,,,,,只限武将,7,15,性急,勇敢,理想,慎重,普通,69,武具,无欲,嗜酒如命,藤原氏,枪,51,82,23,64,69,2,1,2,0,3,3,2,0,0,0,1,0,0,0,1,1,无,强袭，连续斩，拔突，粘花，刚弓，卷枪，引落，柄返，刚力，铁壁，辱骂,枪术名人,一般条件,,,未登场,后藤又兵卫,足轻组头,陪臣（小寺政职）,赤松家,clan_kodera_1,御着城,无,未登场,后藤又兵卫,足轻组头,陪臣（小寺政职）,赤松家,clan_kodera_1,御着城,无,未登场,后藤又兵卫,足轻组头,陪臣（小寺政职）,赤松家,clan_kodera_1,御着城,无,已登场,后藤又兵卫,足轻组头,陪臣（小寺政职）,赤松家,clan_kodera_1,姬路城,无,已登场,后藤又兵卫,足轻组头,陪臣（羽柴秀吉）,织田家,clan_kinoshita_1,姬路城,无,已登场,后藤又兵卫,家老,直臣,黑田家,clan_kuroda_1,中津城,无,未登场,后藤又兵卫,足轻组头,陪臣（小寺政职）,赤松家,御着城,无,已登场,后藤又兵卫,足轻组头,陪臣（黑田官兵卫）,羽柴家,石山本愿寺,无,已登场,后藤又兵卫,浪人,其他,无,鹿屋之町,无,,"[{""stage"":"""",""tkid"":""311"",""ref"":""311"",""emotion"":0}]",,TAIKOU_bio_311,黑田家臣。又名基次。侍從黑田官兵衛、長政的第二代。作為侍大將立下戰功。人送綽號「槍之又兵衛」。但是因有謀反嫌疑而成為浪人。之後被豐臣秀賴召入大阪城。與德川軍奮戰，戰死。
lord_tk5_312,312,312|1159,,小西行长,小西行長,小西,行长,Konishi Yukinaga,saikai,1,1558,1572,1600,战死,lord_tk5_313,,,,lord_tk5_313,全职种,14,14,普通,普通,现实,轻率,普通,68,南蛮物,贪心,滴酒不沾,藤原氏,刀剑,66,45,76,54,63,2,1,3,4,1,1,3,1,1,1,1,4,3,3,3,3,水上禁行，加护,强袭，急所击，伤药，丢钱，贿赂,无,一般条件,,,未登场,小西行长,伙计,直臣,小西屋,clan_konishi_1,姬路之町,无,未登场,小西行长,伙计,直臣,小西屋,clan_konishi_1,姬路之町,无,未登场,小西行长,伙计,直臣,小西屋,clan_konishi_1,姬路之町,无,已登场,小西行长,伙计,直臣,小西屋,clan_konishi_1,姬路之町,无,已登场,小西行长,足轻组头,陪臣（羽柴秀吉）,织田家,clan_kinoshita_1,姬路城,无,已登场,小西行长,大名,首领,小西家,clan_konishi_1,宇土城,无,未登场,小西行长,伙计,直臣,小西屋,姬路之町,无,已登场,小西行长,侍大将,直臣,羽柴家,石山本愿寺,无,已登场,小西行长,部将,直臣,西园寺家,山形城,无,"[{""stage"":""十字"",""tkid"":""312"",""ref"":"""",""emotion"":1},{""stage"":""奉行"",""tkid"":""1159"",""ref"":"""",""emotion"":1}]","[{""stage"":""十字"",""tkid"":""312"",""ref"":""312"",""emotion"":1},{""stage"":""奉行"",""tkid"":""1159"",""ref"":""1159"",""emotion"":1}]",,TAIKOU_bio_312,豐臣家臣。界之豪商小西立佐之子。由於是商人出身，所以通曉經濟和水運，為豐臣家運用界的財力發揮了橋梁作用，深得秀吉器重。在平定四國和九州中擔任水軍司令官，積極活躍。另以熱心的基督教信徒而聞名。
lord_tk5_313,313,313,,小西隆佐,,小西,隆佐,Konishi Ryuusa,sanyo,1,1530,1554,1592,病死,,,,,lord_tk5_312,武将以外优先,10,10,温和,普通,普通,普通,普通,55,南蛮物,贪心,普通,藤原氏,枪,45,50,56,53,39,1,0,0,2,0,0,0,1,2,2,1,3,1,1,2,4,无,拔突，伤药，止血，丢钱，大宴宾客,风雅之士,无要求,,,已登场,小西隆佐,当家,首领,小西屋,clan_konishi_1,姬路之町,无,已登场,小西隆佐,当家,首领,小西屋,clan_konishi_1,姬路之町,无,已登场,小西隆佐,当家,首领,小西屋,clan_konishi_1,姬路之町,无,已登场,小西隆佐,当家,首领,小西屋,clan_konishi_1,姬路之町,无,已登场,小西隆佐,浪人,其他,无,clan_kinoshita_1,姬路之町,无,已死亡,小西隆佐,无效,无效,无,clan_konishi_1,无效,无,已登场,小西隆佐,当家,首领,小西屋,姬路之町,无,已登场,小西隆佐,浪人,其他,无,姬路之町,无,已登场,小西隆佐,部将,直臣,西园寺家,山形城,无,,"[{""stage"":"""",""tkid"":""313"",""ref"":""313"",""emotion"":0}]",,TAIKOU_bio_313,界‧播磨的豪商。行長之父。又名立佐。最初以藥種商的身分出入備前宇喜多家，後來侍奉羽柴秀吉，負責財政管理。年輕時與傳教士‧隡比耶魯相識，也因此接受了洗禮。與佛洛伊斯也有所交流，佛洛伊斯曾在書信中稱讚他為「最為善良的基督徒」。
lord_tk5_314,314,314|1160,,小早川隆景,,小早川,隆景,Kobayakawa Takakage,sanyo,1,1533,1554,1597,病死,lord_tk5_722,,,,lord_tk5_263|lord_tk5_264|lord_tk5_265|lord_tk5_316|lord_tk5_370|lord_tk5_562|lord_tk5_622|lord_tk5_720|lord_tk5_721|lord_tk5_722|lord_tk5_828,全职种,29,29,温和,普通,现实,轻率,重视情义,46,书籍,无欲,普通,平氏,刀剑,81,63,92,94,84,4,2,3,4,2,2,3,1,3,3,4,3,2,4,2,2,齐攻，百万一心，齐射，激励,强袭，拔突，急所击，刚弓，铁壁，丢钱,军师,一般条件,,,已登场,小早川隆景,家老,直臣,毛利家,clan_kobayakawa_1,吉田郡山城,无,已登场,小早川隆景,家老,直臣,毛利家,clan_kobayakawa_1,吉田郡山城,无,已登场,小早川隆景,城主,直臣,毛利家,clan_kobayakawa_1,三原城,无,已登场,小早川隆景,国主,直臣,毛利家,clan_kobayakawa_1,三原城,无,已登场,小早川隆景,国主,直臣,毛利家,clan_kobayakawa_1,三原城,无,已死亡,小早川隆景,无效,无效,无,clan_kikkawa_1,无效,无,已登场,小早川隆景,家老,直臣,毛利家,吉田郡山城,无,已登场,小早川隆景,国主,直臣,毛利家,三原城,无,已登场,小早川隆景,家老,直臣,小笠原家,小仓城,无,"[{""stage"":""威"",""tkid"":""314"",""ref"":"""",""emotion"":1},{""stage"":""常"",""tkid"":""1160"",""ref"":"""",""emotion"":1}]","[{""stage"":""威"",""tkid"":""314"",""ref"":""314"",""emotion"":1},{""stage"":""常"",""tkid"":""1160"",""ref"":""1160"",""emotion"":1}]",,TAIKOU_bio_314,毛利元就三子。繼承安藝望族小早川家，負責攻略山陽地區。高松城講和後，沒有追擊回師討伐光秀的秀吉。後在豐臣政權下受到重用，直到被封任五大老。
lord_tk5_315,315,315,,小早川秀秋,木下秀俊|羽柴秀俊,小早川,秀秋,Kobayakawa Hideaki,saikai,1,1582,1596,1602,病死,,,,,,全职种,99,99,温和,胆小,现实,普通,不重情义,70,艺术品,普通,滴酒不沾,平氏,刀剑,35,24,33,40,38,0,0,1,0,0,0,1,1,0,0,0,2,1,1,2,0,无,强袭,无,无要求,,,未登场,木下秀俊,浪人,其他,无,,清洲之町,无,未登场,木下秀俊,足轻组头,陪臣（木下藤吉郎）,织田家,clan_kinoshita_1,清洲城,无,未登场,木下秀俊,足轻组头,陪臣（木下藤吉郎）,织田家,clan_kinoshita_1,岐阜城,无,未登场,羽柴秀俊,足轻组头,陪臣（羽柴秀吉）,织田家,clan_kinoshita_1,长滨城,无,未登场,羽柴秀俊,足轻组头,陪臣（羽柴秀吉）,织田家,clan_kinoshita_1,姬路城,无,已登场,小早川秀秋,大名,首领,小早川家,clan_kobayakawa_2,名岛城,无,未登场,木下秀俊,浪人,其他,无,清洲之町,无,未登场,羽柴秀俊,足轻组头,直臣,羽柴家,石山本愿寺,无,已登场,小早川秀秋,家老,直臣,小笠原家,小仓城,无,,"[{""stage"":"""",""tkid"":""315"",""ref"":""315"",""emotion"":0}]",,TAIKOU_bio_315,豐臣秀吉的正宮‧寧寧的外甥。同時也是秀吉的養子，但在秀賴誕生之後，便成為小早川隆景的養子。在關原合戰中以西軍主力軍參戰，卻反叛西軍，突襲並擊潰大谷吉繼隊。此舉成為決定東軍勝利的關鍵。因此功勳而得到宇喜多家舊領，但在二十一歲時因病而英年早逝。
lord_tk5_316,316,316,,小早川秀包,,小早川,秀包,Kobayakawa Hidekane,saikai,1,1567,1581,1601,病死,lord_tk5_722,,,,lord_tk5_263|lord_tk5_264|lord_tk5_265|lord_tk5_314|lord_tk5_370|lord_tk5_562|lord_tk5_622|lord_tk5_720|lord_tk5_721|lord_tk5_722|lord_tk5_828,只限武将,29,29,温和,勇敢,普通,普通,普通,42,艺术品,无欲,普通,平氏,刀剑,68,72,56,63,77,2,1,2,2,1,1,1,0,0,1,0,1,1,1,2,1,百万一心,强袭,无,无要求,,,未登场,小早川秀包,足轻组头,陪臣（小早川隆景）,毛利家,clan_kobayakawa_1,吉田郡山城,无,未登场,小早川秀包,足轻组头,直臣,毛利家,clan_mori_1,吉田郡山城,无,未登场,小早川秀包,足轻组头,陪臣（小早川隆景）,毛利家,clan_kobayakawa_1,三原城,无,未登场,小早川秀包,足轻组头,陪臣（小早川隆景）,毛利家,clan_kobayakawa_1,三原城,无,已登场,小早川秀包,足轻组头,陪臣（小早川隆景）,毛利家,clan_kobayakawa_1,三原城,无,已登场,小早川秀包,大名,首领,小早川家,clan_kobayakawa_1,久留米城,无,未登场,小早川秀包,足轻组头,陪臣（小早川隆景）,毛利家,吉田郡山城,无,已登场,小早川秀包,足轻组头,陪臣（小早川隆景）,毛利家,三原城,无,已登场,小早川秀包,部将,直臣,小笠原家,小仓城,无,,"[{""stage"":"""",""tkid"":""316"",""ref"":""316"",""emotion"":0}]",,TAIKOU_bio_316,毛利元就九子。被兄長隆景收為義子。秀吉進攻高松城時，做為求和條件被送到大阪做人質。受到秀吉寵愛，娶其義女，並受賜一字。關原之戰時從屬西軍，戰後貶為平民。
lord_tk5_317,317,317,,小堀远州,小堀遠州|小堀政一,小堀,远州,Kobori Enshuu,kanto,1,1579,1593,1647,病死,,,,,,全职种,99,99,温和,普通,普通,慎重,普通,16,艺术品,普通,滴酒不沾,藤原氏,枪,43,29,65,51,78,0,1,0,0,0,0,0,1,4,2,2,2,4,2,4,2,紧急修补,拔突,风雅之士,一般条件,,,未登场,小堀政一,浪人,其他,无,,京之町,无,未登场,小堀政一,浪人,其他,无,,京之町,无,未登场,小堀政一,浪人,其他,无,,京之町,无,未登场,小堀政一,浪人,其他,无,,京之町,无,未登场,小堀政一,浪人,其他,无,,京之町,无,已登场,小堀政一,部将,直臣,德川家,clan_tokugawa_1,江户城,无,未登场,小堀政一,浪人,其他,无,京之町,无,未登场,小堀政一,浪人,其他,无,京之町,无,已登场,小堀政一,部将,直臣,小笠原家,小仓城,无,,"[{""stage"":"""",""tkid"":""317"",""ref"":""317"",""emotion"":0}]",,TAIKOU_bio_317,豐臣家家臣。後來成為德川家臣。名政一，茶人。起初為豐臣秀長的家老，後來成為秀吉的親信，秀吉死後立刻和德川家康接觸，在關原合戰時與東軍為同一陣線。他是一流的文化人，同時又向古田織部學習茶道，並且獨自創立「遠州流」。擔任三代將軍‧家光的茶道師傅。
lord_tk5_318,318,318,,小梁川盛宗,,小梁川,盛宗,Koyanagawa Morimune,ou,1,1523,1554,1595,病死,,,,,,只限武将,60,60,性急,勇敢,普通,轻率,普通,66,武具,普通,普通,藤原氏,刀剑,68,51,44,63,54,2,2,0,1,0,0,3,0,0,0,0,2,0,2,1,1,无,强袭,无,无要求,,,已登场,小梁川盛宗,侍大将,直臣,伊达家,clan_date_1,米泽城,无,已登场,小梁川盛宗,侍大将,直臣,伊达家,clan_date_1,米泽城,无,已登场,小梁川盛宗,侍大将,直臣,伊达家,clan_date_2,米泽城,无,已登场,小梁川盛宗,侍大将,直臣,伊达家,clan_date_2,米泽城,无,已登场,小梁川盛宗,侍大将,直臣,伊达家,clan_date_2,米泽城,无,已死亡,小梁川盛宗,无效,无效,无,,无效,无,已登场,小梁川盛宗,侍大将,直臣,伊达家,米泽城,无,已登场,小梁川盛宗,部将,直臣,伊达家,米泽城,无,已登场,小梁川盛宗,部将,直臣,小笠原家,小仓城,无,,"[{""stage"":"""",""tkid"":""318"",""ref"":""318"",""emotion"":0}]",,TAIKOU_bio_318,伊達家臣。親宗之子。與最上家交戰時，跟隨輝宗任先鋒。政宗討伐大內定綱時，也從軍表現勇躍。晚年作為政宗的近侍，不斷地獻計獻策。是不可多得的文武雙全的謀臣。
lord_tk5_319,319,319,,近藤义武,近藤義武,近藤,义武,Kondouu Yoshitake,ou,1,1563,1577,1638,病死,,,,,,只限武将,65,65,普通,勇敢,普通,轻率,重视情义,41,武具,普通,嗜酒如命,藤原氏,刀剑,56,76,60,37,55,2,1,0,2,2,3,1,1,0,0,0,1,3,1,2,1,无,强袭，连续斩，拔突，刚弓，刚力，铁壁,无,无要求,,,未登场,近藤义武,足轻组头,陪臣（蛎崎季广）,安东家,clan_kakizaki_1,胜山馆,无,未登场,近藤义武,足轻组头,陪臣（蛎崎季广）,安东家,clan_kakizaki_1,胜山馆,无,未登场,近藤义武,足轻组头,陪臣（蛎崎季广）,安东家,clan_kakizaki_1,胜山馆,无,未登场,近藤义武,足轻组头,陪臣（蛎崎季广）,安东家,clan_kakizaki_1,胜山馆,无,已登场,近藤义武,足轻组头,陪臣（蛎崎季广）,安东家,clan_kakizaki_1,胜山馆,无,已登场,近藤义武,部将,直臣,蛎崎家,clan_kakizaki_1,松前城,无,未登场,近藤义武,足轻组头,陪臣（蛎崎季广）,安东家,胜山馆,无,已登场,近藤义武,足轻组头,陪臣（蛎崎庆广）,安东家,胜山馆,无,已登场,近藤义武,浪人,其他,无,严岛之町,无,,"[{""stage"":"""",""tkid"":""319"",""ref"":""319"",""emotion"":0}]",,TAIKOU_bio_319,松前家家臣。曾擔任松前忠廣元服時的「御理髮」。在公家‧花山院忠長被流放至蝦夷時，負責擔任饗宴的職務。在大阪夏之陣時，以忠廣的傅役身份出戰。留下了曾在合戰時受不了喉嚨的飢渴，而殺了座騎的馬、飲其血解渴的逸事。
lord_tk5_320,320,320,,西园寺公广,西園寺公廣,西园寺,公广,Saionji Kinhiro,nankai,1,1537,1554,1587,战死,,,,,,全职种,33,33,普通,胆小,普通,轻率,不重情义,71,艺术品,贪心,嗜酒如命,藤原氏,刀剑,11,15,24,28,23,0,0,0,0,0,0,0,0,0,0,0,0,2,0,0,0,无,强袭,无,无要求,,,已登场,西园寺公广,城主,直臣,河野家,clan_saionji_1,宇和岛城,无,已登场,西园寺公广,城主,直臣,河野家,clan_saionji_1,宇和岛城,无,已登场,西园寺公广,城主,直臣,河野家,clan_saionji_1,宇和岛城,无,已登场,西园寺公广,城主,直臣,大友家,clan_saionji_1,宇和岛城,无,已登场,西园寺公广,城主,直臣,大友家,clan_saionji_1,宇和岛城,无,已死亡,西园寺公广,无效,无效,无,,无效,无,已登场,西园寺公广,城主,直臣,河野家,宇和岛城,无,已登场,西园寺公广,城主,直臣,大友家,宇和岛城,无,已登场,西园寺公广,大名,首领,西园寺家,山形城,无,,"[{""stage"":"""",""tkid"":""320"",""ref"":""320"",""emotion"":0}]",,TAIKOU_bio_320,伊予的豪族。黑瀨城主。出家後還俗，成為叔父實充的義子，繼承家督之位。雖是文武全才的武將，但還是被毛利、長宗我部等有實力的大名所愚弄。豐臣秀吉征討四國時，投降歸順秀吉。
lord_tk5_321,321,321,,杂贺孙一,雑賀孫一|铃木重秀|鈴木重秀|雜賀孫一,杂贺,孙一,Saika Magoichi,kinai,1,1546,1560,1585,病死,lord_tk5_413,,,,lord_tk5_413|lord_tk5_414,全职种,50,50,性急,勇敢,普通,慎重,重视情义,79,武具,贪心,普通,其他,火绳枪,91,87,20,77,83,3,2,4,2,2,3,1,2,2,0,0,1,0,0,1,1,枪炮乱射，狙击，钓瓶击，骑射突击，百发百中,强袭，连续斩，拔突，二连苦无，急所击，二挺击，刚弓，石火，乱射，刚力，铁壁,火枪高手，策士,一般条件,,,未登场,铃木重秀,部将,陪臣（铃木佐太夫）,本愿寺,clan_suzuki_1,杂贺城,无,已登场,铃木重秀,侍大将,陪臣（铃木佐太夫）,本愿寺,clan_suzuki_1,杂贺城,无,已登场,铃木重秀,部将,陪臣（铃木佐太夫）,本愿寺,clan_suzuki_1,杂贺城,无,已登场,杂贺孙一,部将,陪臣（铃木佐太夫）,本愿寺,clan_suzuki_1,杂贺城,无,已登场,杂贺孙一,家老,直臣,铃木家,clan_suzuki_1,杂贺城,无,已死亡,杂贺孙一,无效,无效,无,clan_kinoshita_1,无效,无,未登场,铃木重秀,部将,陪臣（铃木佐太夫）,本愿寺,杂贺城,无,已登场,杂贺孙一,家老,直臣,铃木家,杂贺城,无,已登场,杂贺孙一,足轻组头,直臣,一宫家,春日山城,无,,"[{""stage"":"""",""tkid"":""321"",""ref"":""321"",""emotion"":0}]",,TAIKOU_bio_321,紀伊鄉紳雜賀幫。鈴木佐大夫之子。率領根來、雜賀的鐵砲隊守在石山本願寺內，打擊了織田信長的部隊。石山開城後在信長和本願寺之間充當聯絡人，後侍奉豐臣秀吉，還參與了攻打紀州的戰鬥。
lord_tk5_322,322,322,,斋藤龙兴,齋藤龍興,斋藤,龙兴,Saitoo Tatsutaka,tokai,1,1548,1560,1573,战死,lord_tk5_327,,,lord_tk5_324,lord_tk5_324|lord_tk5_327,只限武将,44,44,性急,胆小,普通,轻率,不重情义,61,艺术品,贪心,普通,藤原氏,刀剑,21,29,41,17,26,0,0,0,0,0,0,0,1,0,0,0,1,1,0,1,0,无,强袭,无,一般条件,,,未登场,斋藤龙兴,侍大将,陪臣（斋藤义龙）,斋藤家,clan_saitoo_2,稻叶山城,无,已登场,斋藤龙兴,家老,直臣,斋藤家,clan_saitoo_2,稻叶山城,无,已登场,斋藤龙兴,侍大将,陪臣（愿证寺证惠）,本愿寺,clan_ganshoji_1,长岛城,无,已死亡,斋藤龙兴,无效,无效,无,,无效,无,已死亡,斋藤龙兴,无效,无效,无,,无效,无,已死亡,斋藤龙兴,无效,无效,无,,无效,无,未登场,斋藤龙兴,侍大将,陪臣（斋藤义龙）,斋藤家,稻叶山城,无,已死亡,斋藤龙兴,无效,无效,无,无效,无,已登场,斋藤龙兴,上忍,直臣,甲贺众,甲贺之里,无,,"[{""stage"":"""",""tkid"":""322"",""ref"":""322"",""emotion"":0}]",,TAIKOU_bio_322,美濃的戰國大名。義龍之嫡子。其父義龍死後，繼承家業，美濃三重臣投降後，被織田信長打敗。美濃被流放。此後投奔越前的朝倉義景，在刀禰阪之戰中戰死，與義景一起滅亡。
lord_tk5_323,323,323,,斋藤传鬼坊,齋藤伝鬼坊|齋藤傳鬼坊,斋藤,传鬼坊,Saitoo Denki boo,kanto,1,1550,1564,1587,战死,,,,,,没那个意思,10,90,普通,勇敢,普通,轻率,普通,55,武具,贪心,嗜酒如命,其他,刀剑,19,89,23,17,39,0,0,2,0,3,4,0,0,0,0,0,0,0,0,0,0,无,强袭，连续斩，八神太刀，一之太刀，拔突，刚弓，神妙剑，当身，刚力，金刚力，铁壁，气声，辱骂，大喝,剑豪,一般条件,,,未登场,斋藤传鬼坊,师范,其他,无,,足利之町,新当流,未登场,斋藤传鬼坊,浪人,其他,无,,小田原之町,新当流,已登场,斋藤传鬼坊,师范,其他,无,,足利之町,新当流,已登场,斋藤传鬼坊,师范,其他,无,,足利之町,新当流,已登场,斋藤传鬼坊,师范,其他,无,,足利之町,天流,已死亡,斋藤传鬼坊,无效,无效,无,,无效,无,未登场,斋藤传鬼坊,浪人,其他,无,足利之町,新当流,已登场,斋藤传鬼坊,师范,其他,无,足利之町,天流,已登场,斋藤传鬼坊,下忍,直臣,户隐众,户隐之里,新当流,,"[{""stage"":"""",""tkid"":""323"",""ref"":""323"",""emotion"":0}]",,TAIKOU_bio_323,劍術家。名為勝秀。塚原卜傳門下。在鎌倉的鶴岡八幡宮參拜時，突然領悟用劍的秘訣而自創「天流」。之後，上京在天皇面前展現名為「一刀三禮」的刀。在與霞流‧櫻井霞之助決鬥時獲勝，郤遭霞之助之父所忌恨，被其用弓箭射死。
lord_tk5_324,324,324,,斋藤道三,齋藤道三,斋藤,道三,Saitoo Doosan,tokai,1,1494,1554,1556,战死,松波庄五郎,,,,lord_tk5_322|lord_tk5_327|lord_tk5_527,全职种,10,0,性急,勇敢,现实,轻率,不重情义,99,艺术品,贪心,嗜酒如命,藤原氏,枪,83,72,75,95,69,3,2,0,0,2,2,3,3,2,1,2,4,1,4,0,3,威吓，幻惑之术，刺杀,强袭，拔突，二连苦无，半月，刚弓，铁壁，伤药，丢钱，贿赂,策士,不可,,主角斋藤义龙，长良川之战胜利,已登场,斋藤道三,大名,首领,斋藤家,clan_saitoo_1,稻叶山城,无,已死亡,斋藤道三,无效,无效,无,clan_saitoo_2,无效,无,已死亡,斋藤道三,无效,无效,无,clan_oda_1,无效,无,已死亡,斋藤道三,无效,无效,无,clan_oda_1,无效,无,已死亡,斋藤道三,无效,无效,无,clan_oda_1,无效,无,已死亡,斋藤道三,无效,无效,无,,无效,无,已登场,斋藤道三,大名,首领,斋藤家,稻叶山城,无,已死亡,斋藤道三,无效,无效,无,无效,无,已登场,斋藤道三,侍大将,直臣,三刀屋家,骏府城,无,,"[{""stage"":"""",""tkid"":""324"",""ref"":""324"",""emotion"":0}]",,TAIKOU_bio_324,美濃的戰國大名。又名長井規秀‧齋藤利政。雖然一度出家入佛門，後來還俗成為油販商。造訪美濃時便侍奉美濃守護‧土岐家，繼承守護代‧齋藤家之後，即流放了守護。最後終於成為美濃一國的戰國梟雄。綽號為「蝮」，但和嫡子‧義龍不和而被義龍討伐而亡。
lord_tk5_325,325,325,,斋藤利三,齋藤利三,斋藤,利三,Saitoo Toshimitsu,kinai,1,1534,1554,1582,战死,,,,,,只限武将,52,52,性急,勇敢,理想,轻率,不重情义,53,武具,无欲,嗜酒如命,藤原氏,枪,62,67,33,48,55,2,3,2,0,1,3,1,0,0,0,1,0,1,0,0,0,无,强袭，连续斩，拔突，粘花，卷枪，引落，柄返，刚力，铁壁,无,一般条件,,,已登场,斋藤利三,足轻组头,陪臣（明智光秀）,斋藤家,clan_akechi_1,稻叶山城,无,已登场,斋藤利三,足轻大将,陪臣（稻叶一铁）,斋藤家,clan_inaba_1,曾根城,无,已登场,斋藤利三,足轻组头,陪臣（明智光秀）,织田家,clan_akechi_1,岐阜城,无,已登场,斋藤利三,足轻大将,陪臣（明智光秀）,织田家,clan_akechi_1,坂本城,无,已登场,斋藤利三,足轻大将,陪臣（明智光秀）,织田家,clan_akechi_1,丹波龟山城,无,已死亡,斋藤利三,无效,无效,无,,无效,无,已登场,斋藤利三,足轻组头,陪臣（明智光秀）,斋藤家,稻叶山城,无,已死亡,斋藤利三,无效,无效,无,无效,无,已登场,斋藤利三,侍大将,直臣,三刀屋家,骏府城,无,,"[{""stage"":"""",""tkid"":""325"",""ref"":""325"",""emotion"":0}]",,TAIKOU_bio_325,齋藤家臣。主家滅亡後，成為明智光秀的家臣頭目。在本能寺事變和山崎之戰中從軍，作了明智軍的中堅奮勇戰鬥，戰敗後被捕斬首示眾。其女是德川家光的奶娘春日局。
lord_tk5_326,326,326,,斋藤朝信,齋藤朝信,斋藤,朝信,Saitoo Tomonobu,hokuriku,1,1527,1554,1591,病死,,,,,,只限武将,18,18,温和,普通,普通,轻率,重视情义,42,武具,无欲,普通,其他,刀剑,63,67,66,66,65,2,2,1,0,1,2,2,0,1,1,1,1,1,1,0,1,无,强袭，拔突，铁壁,无,无要求,,,已登场,斋藤朝信,侍大将,直臣,长尾家,clan_uesugi_1,春日山城,无,已登场,斋藤朝信,侍大将,直臣,长尾家,clan_uesugi_1,春日山城,无,已登场,斋藤朝信,侍大将,直臣,上杉家,clan_uesugi_1,春日山城,无,已登场,斋藤朝信,侍大将,直臣,上杉家,clan_uesugi_1,春日山城,无,已登场,斋藤朝信,侍大将,直臣,上杉家,clan_uesugi_2,春日山城,无,已死亡,斋藤朝信,无效,无效,无,,无效,无,已登场,斋藤朝信,侍大将,直臣,长尾家,春日山城,无,已登场,斋藤朝信,侍大将,直臣,上杉家,春日山城,无,已登场,斋藤朝信,浪人,其他,无,宇须岸之町,无,,"[{""stage"":"""",""tkid"":""326"",""ref"":""326"",""emotion"":0}]",,TAIKOU_bio_326,上杉家臣。參與攻取越中和下野佐野城戰鬥，得「越後鐘馗」之名。公而無私，在軍事和行政兩方面發揮才能。謙信故後歸屬景勝，參與對進攻信州的織田軍的防禦戰。
lord_tk5_327,327,327,,斋藤义龙,齋藤義龍,斋藤,义龙,Saitoo Yoshitatsu,tokai,1,1527,1554,1561,病死,lord_tk5_324,,,松波庄五郎,lord_tk5_322|lord_tk5_324|lord_tk5_527,全职种,50,50,性急,胆小,理想,慎重,不重情义,87,艺术品,贪心,滴酒不沾,藤原氏,刀剑,70,59,71,69,44,2,1,1,0,0,2,2,2,1,1,1,2,2,1,0,1,无,强袭，拔突，二连苦无，铁壁,无,一般条件,美浓三人众 安藤守就/稻叶一铁/氏家卜全,,已登场,斋藤义龙,家老,直臣,斋藤家,clan_saitoo_2,稻叶山城,无,已登场,斋藤义龙,大名,首领,斋藤家,clan_saitoo_2,稻叶山城,无,已死亡,斋藤义龙,无效,无效,无,clan_ganshoji_1,无效,无,已死亡,斋藤义龙,无效,无效,无,,无效,无,已死亡,斋藤义龙,无效,无效,无,,无效,无,已死亡,斋藤义龙,无效,无效,无,,无效,无,已登场,斋藤义龙,家老,直臣,斋藤家,稻叶山城,无,已死亡,斋藤义龙,无效,无效,无,无效,无,已登场,斋藤义龙,上忍,直臣,甲贺众,甲贺之里,无,,"[{""stage"":"""",""tkid"":""327"",""ref"":""327"",""emotion"":0}]",,TAIKOU_bio_327,美濃的戰國大名。道三之長子。謠傳他是被齋藤道三追放的舊主‧土岐賴藝之子。因為道三打算把家督之位讓給同為嫡系的同父異母之弟，因此便將弟弟殺害，舉兵討伐道三而繼承稻葉山城城主。後來與道三的女婿‧織田信長形成對立的局面。
lord_tk5_328,328,328,,斋村政广,齋村政廣,斋村,政广,Saimura Masahiro,sanyo,1,1562,1576,1600,战死,lord_tk5_7,,,,lord_tk5_7,全职种,59,59,普通,普通,普通,普通,普通,49,书籍,普通,普通,源氏,刀剑,58,35,66,14,48,1,0,1,0,1,1,0,0,2,1,1,2,3,1,1,3,无,强袭，伤药,无,无要求,,,未登场,斋村政广,足轻组头,陪臣（赤松政秀）,赤松家,clan_akamatsu_2,置盐城,无,未登场,斋村政广,足轻组头,陪臣（赤松政秀）,赤松家,clan_akamatsu_2,置盐城,无,未登场,斋村政广,足轻组头,陪臣（赤松政秀）,赤松家,clan_akamatsu_2,置盐城,无,未登场,斋村政广,足轻组头,直臣,赤松家,clan_akamatsu_1,置盐城,无,已登场,斋村政广,足轻组头,陪臣（羽柴秀吉）,织田家,clan_kinoshita_1,姬路城,无,已登场,斋村政广,城主,直臣,丰臣家,clan_kinoshita_1,出石城,无,未登场,斋村政广,足轻组头,陪臣（赤松政秀）,赤松家,置盐城,无,已登场,斋村政广,足轻组头,陪臣（蜂须贺正胜）,羽柴家,上月城,无,已登场,斋村政广,浪人,其他,无,鹿岛之町,无,,"[{""stage"":"""",""tkid"":""328"",""ref"":""328"",""emotion"":0}]",,TAIKOU_bio_328,豐臣家臣。赤松政秀之子。參加了賤岳、小牧長久手、九州征討、小田原等戰役。跟藤原惺窩學習過漢學。關原之戰從西軍投降到東軍，由於燒掉了鳥取城，德川家康因而命其自盡。
lord_tk5_329,329,329,,佐伯惟定,,佐伯,惟定,Saeki Kore sadane,nankai,1,1569,1583,1618,病死,,,,lord_tk5_856,lord_tk5_856,全职种,60,60,普通,勇敢,普通,普通,普通,57,南蛮物,贪心,普通,其他,刀剑,59,47,45,55,52,3,2,1,2,1,1,1,0,0,0,1,0,0,0,0,1,无,强袭,无,无要求,,,未登场,佐伯惟定,部将,陪臣（佐伯惟教）,大友家,clan_saeki_1,佐伯城,无,未登场,佐伯惟定,城主,直臣,大友家,clan_otomo_1,佐伯城,无,未登场,佐伯惟定,部将,陪臣（佐伯惟教）,大友家,clan_saeki_1,佐伯城,无,未登场,佐伯惟定,部将,陪臣（佐伯惟教）,大友家,clan_saeki_1,佐伯城,无,已登场,佐伯惟定,城主,直臣,大友家,clan_saeki_2,佐伯城,无,已登场,佐伯惟定,部将,直臣,藤堂家,clan_todo_1,宇和岛城,无,未登场,佐伯惟定,部将,陪臣（佐伯惟教）,大友家,佐伯城,无,已登场,佐伯惟定,城主,直臣,大友家,佐伯城,无,已登场,佐伯惟定,浪人,其他,无,仙台之町,无,,"[{""stage"":"""",""tkid"":""329"",""ref"":""329"",""emotion"":0}]",,TAIKOU_bio_329,大友家臣。豐後拇牟禮城主。惟教之孫。島津家久進攻豐後時，拒絕降服的勸告，堅守城池，屢次擊退島津軍。被秀吉授與戰功獎狀。大友家被貶為平民後，投靠羽柴秀保，侍奉其家臣藤堂高虎。
lord_tk5_330,330,330,,吉田印西,吉田源八郎,吉田,印西,Yoshida Dooton,kanto,1,1562,1576,1638,病死,,,,,,全职种,10,10,普通,普通,普通,轻率,不重情义,62,武具,贪心,普通,源氏,弓,39,86,34,35,58,1,1,1,0,4,3,3,2,1,0,0,0,3,0,0,0,弓箭乱射,强袭，连续斩，拔突，二连苦无，刚弓，神弓，天弓，刚力，铁壁，心眼,弓术高手,一般条件,,,未登场,吉田源八郎,浪人,其他,无,,目加田之町,无,未登场,吉田源八郎,浪人,其他,无,,目加田之町,无,未登场,吉田源八郎,浪人,其他,无,,目加田之町,无,未登场,吉田源八郎,浪人,其他,无,,目加田之町,无,已登场,吉田源八郎,浪人,其他,无,,安土之町,日置流,已登场,吉田印西,侍大将,直臣,结城家,clan_yuki_3,结城城,日置流,未登场,吉田源八郎,足轻大将,直臣,六角家,观音寺城,无,已登场,吉田源八郎,浪人,其他,无,安土之町,日置流,已登场,吉田源八郎,部将,直臣,八板家,姬路城,无,,"[{""stage"":"""",""tkid"":""330"",""ref"":""330"",""emotion"":0}]",,TAIKOU_bio_330,人稱源八郎。名重氏、號一水軒。原本姓葛卷，學習日置流弓術，迎娶當主吉田重綱的女兒為妻後而改名。其後自創印西派，擔任豐臣秀次與結城秀康的弓術老師，在大阪之陣後侍奉德川家。
lord_tk5_331,331,331,,酒井家次,,酒井,家次,Sakai Ietsugu,kanto,1,1564,1578,1618,病死,lord_tk5_332,,,,lord_tk5_332,只限武将,90,90,温和,普通,现实,慎重,普通,28,书籍,普通,普通,源氏,刀剑,60,45,66,60,58,2,2,1,0,1,1,2,1,2,1,1,2,2,1,1,1,无,强袭,无,无要求,,,未登场,酒井家次,足轻组头,陪臣（酒井忠次）,今川家,clan_sakai_1,骏府城,无,未登场,酒井家次,足轻组头,陪臣（松平元康）,今川家,clan_tokugawa_1,冈崎城,无,未登场,酒井家次,足轻组头,直臣,德川家,clan_tokugawa_1,冈崎城,无,未登场,酒井家次,足轻组头,陪臣（酒井忠次）,德川家,clan_sakai_1,滨松城,无,已登场,酒井家次,足轻组头,陪臣（酒井忠次）,德川家,clan_sakai_1,滨松城,无,已登场,酒井家次,家老,直臣,德川家,clan_tokugawa_1,江户城,无,未登场,酒井家次,足轻组头,陪臣（酒井忠次）,松平家,冈崎城,无,已登场,酒井家次,足轻组头,陪臣（酒井忠次）,德川家,吉田城,无,已登场,酒井家次,浪人,其他,无,酒田之町,无,,"[{""stage"":"""",""tkid"":""331"",""ref"":""331"",""emotion"":0}]",,TAIKOU_bio_331,德川家臣。忠次的嫡子。母親為松平清康的女兒，為家康的堂姊妹。向年幼起便侍奉家康，父親‧忠次隱居後繼承家督之位。之後，因為在小田原征伐時創下戰功而受封下總臼井三萬石。在大阪之陣的驚人表現而受封越後高田十萬石。
lord_tk5_332,332,332,,酒井忠次,,酒井,忠次,Sakai Tadatsugu,tokai,1,1527,1554,1596,病死,,,,,lord_tk5_331,只限武将,90,90,温和,普通,现实,普通,重视情义,31,书籍,普通,滴酒不沾,源氏,刀剑,71,74,83,66,73,1,2,2,0,2,2,3,1,2,2,2,2,2,3,2,1,三河武者,强袭，拔突，刚弓，铁壁,无,一般条件,,,已登场,酒井忠次,足轻组头,陪臣（松平元康）,今川家,clan_sakai_1,骏府城,无,已登场,酒井忠次,部将,陪臣（松平元康）,今川家,clan_tokugawa_1,冈崎城,无,已登场,酒井忠次,家老,直臣,德川家,clan_tokugawa_1,冈崎城,无,已登场,酒井忠次,家老,直臣,德川家,clan_sakai_1,滨松城,无,已登场,酒井忠次,家老,直臣,德川家,clan_sakai_1,滨松城,无,已死亡,酒井忠次,无效,无效,无,clan_tokugawa_1,无效,无,已登场,酒井忠次,侍大将,直臣,松平家,冈崎城,无,已登场,酒井忠次,城主,直臣,德川家,吉田城,无,已登场,酒井忠次,浪人,其他,无,酒田之町,无,,"[{""stage"":"""",""tkid"":""332"",""ref"":""332"",""emotion"":0}]",,TAIKOU_bio_332,德川家臣。忠親之子。德川四天王之首。自家康做人質時起侍奉家康，負責撫養方面的工作。家康成人之後，率領東三河派人馬轉戰各地，屢建戰功。外交方面也施展才華，其能力受到豐臣秀吉的稱讚。
lord_tk5_333,333,333,,酒井忠世,,酒井,忠世,Sakai Tadayoshi,kanto,1,1572,1586,1636,病死,,,,,,只限武将,90,90,温和,普通,现实,慎重,重视情义,55,书籍,普通,普通,源氏,刀剑,43,55,76,61,55,1,0,1,0,0,0,0,0,2,2,1,2,1,2,1,1,无,强袭,无,无要求,,,未登场,酒井忠世,足轻组头,陪臣（松平元康）,今川家,clan_tokugawa_1,骏府城,无,未登场,酒井忠世,足轻组头,陪臣（松平元康）,今川家,clan_tokugawa_1,冈崎城,无,未登场,酒井忠世,足轻组头,直臣,德川家,clan_tokugawa_1,冈崎城,无,未登场,酒井忠世,足轻组头,直臣,德川家,clan_tokugawa_1,滨松城,无,未登场,酒井忠世,足轻组头,直臣,德川家,clan_tokugawa_1,滨松城,无,已登场,酒井忠世,部将,陪臣（德川秀忠）,德川家,clan_tokugawa_2,江户城,无,未登场,酒井忠世,足轻组头,直臣,松平家,冈崎城,无,未登场,酒井忠世,足轻组头,陪臣（酒井忠次）,德川家,吉田城,无,已登场,酒井忠世,浪人,其他,无,酒田之町,无,,"[{""stage"":"""",""tkid"":""333"",""ref"":""333"",""emotion"":0}]",,TAIKOU_bio_333,德川家家臣。重忠之子。與土井利勝同為二代將軍‧秀忠的心腹而表現極為活躍。晚年在三代將軍‧家光上洛時負責留守江戶城，但當時郤在西方的城發生了火災。雖然此人為此深感自責而把自己關在寺內，反而惹火家光並因此喪失政治地位。
lord_tk5_334,334,334,,坂井政尚,阪井政尚,坂井,政尚,Sakaii Masanao,tokai,1,1530,1554,1570,战死,,,,,,只限武将,0,0,性急,勇敢,普通,轻率,重视情义,64,武具,普通,嗜酒如命,其他,刀剑,60,63,41,53,59,1,2,1,1,2,2,2,1,0,0,0,0,0,0,0,0,无,强袭，拔突，刚弓，铁壁,无,无要求,,,已登场,坂井政尚,侍大将,直臣,织田家,clan_oda_1,清洲城,无,已登场,坂井政尚,足轻大将,直臣,织田家,clan_oda_1,清洲城,无,已登场,坂井政尚,部将,直臣,织田家,clan_oda_1,岐阜城,无,已死亡,坂井政尚,无效,无效,无,,无效,无,已死亡,坂井政尚,无效,无效,无,,无效,无,已死亡,坂井政尚,无效,无效,无,,无效,无,已登场,坂井政尚,足轻组头,直臣,斋藤家,稻叶山城,无,已死亡,坂井政尚,无效,无效,无,无效,无,已登场,坂井政尚,浪人,其他,无,浦户之町,无,,"[{""stage"":"""",""tkid"":""334"",""ref"":""334"",""emotion"":0}]",,TAIKOU_bio_334,織田家家臣。據說此人為佐佐成政之兄長。信長入京後，與柴田勝家及森可成等人一起治理京的政務。在姊川合戰中，擔任織田軍的先鋒，對此戰的勝利貢獻極大。後來對淺井的近江堅田城侵攻時，擔任大將並攻下此城，但在被淺井軍攻擊時經過一番激戰後便陣亡了。
lord_tk5_335,335,335,,榊原康政,神原康政,榊原,康政,Sakakibara Yasumasa,kanto,1,1548,1562,1606,病死,,,,,,只限武将,90,0,性急,勇敢,普通,轻率,重视情义,50,武具,无欲,普通,源氏,枪,82,85,59,56,67,3,3,1,1,2,3,3,1,1,1,0,0,1,1,1,0,三河武者,强袭，连续斩，拔突，粘花，刚弓，卷枪，引落，柄返，刚力，铁壁,无,一般条件,,,未登场,榊原康政,足轻大将,陪臣（松平元康）,今川家,clan_tokugawa_1,骏府城,无,已登场,榊原康政,足轻组头,陪臣（松平元康）,今川家,clan_tokugawa_1,冈崎城,无,已登场,榊原康政,侍大将,直臣,德川家,clan_tokugawa_1,冈崎城,无,已登场,榊原康政,侍大将,直臣,德川家,clan_tokugawa_1,滨松城,无,已登场,榊原康政,侍大将,直臣,德川家,clan_tokugawa_1,滨松城,无,已登场,榊原康政,城主,直臣,德川家,clan_tokugawa_1,馆林城,无,未登场,榊原康政,侍大将,直臣,松平家,冈崎城,无,已登场,榊原康政,侍大将,直臣,德川家,滨松城,无,已登场,榊原康政,浪人,其他,无,骏府之町,无,,"[{""stage"":"""",""tkid"":""335"",""ref"":""335"",""emotion"":0}]",,TAIKOU_bio_335,德川家臣。長政之子。德川四天王之一。戰場上獨樹「無」字軍旗，在各地戰場上建立了卓越的功勳。在小牧長久手之戰中，振筆疾書「非道逆賊秀吉」的檄文，被激怒的秀吉以十萬石懸賞捉拿。
lord_tk5_336,336,336,,坂崎直盛,阪崎直盛|宇喜多诠家|宇喜多詮家,坂崎,直盛,Sakazaki Naomori,kanto,1,1563,1577,1616,战死,lord_tk5_123,,,宇喜多兴家,lord_tk5_123|lord_tk5_124|lord_tk5_125,全职种,36,36,性急,勇敢,普通,轻率,不重情义,71,艺术品,贪心,嗜酒如命,其他,刀剑,47,76,33,17,37,2,2,2,0,1,1,2,0,1,1,1,2,1,1,1,1,无,强袭,无,无要求,,,未登场,宇喜多诠家,足轻组头,陪臣（宇喜多忠家）,浦上家,clan_ukita_2,天神山城,无,未登场,宇喜多诠家,足轻组头,陪臣（宇喜多忠家）,浦上家,clan_ukita_2,天神山城,无,未登场,宇喜多诠家,足轻组头,陪臣（宇喜多忠家）,浦上家,clan_ukita_2,天神山城,无,未登场,宇喜多诠家,足轻组头,陪臣（宇喜多忠家）,浦上家,clan_ukita_2,冈山城,无,已登场,宇喜多诠家,足轻组头,陪臣（宇喜多忠家）,宇喜多家,clan_ukita_2,冈山城,无,已登场,坂崎直盛,侍大将,直臣,德川家,clan_tokugawa_1,江户城,无,未登场,宇喜多诠家,足轻组头,陪臣（宇喜多忠家）,浦上家,天神山城,无,已登场,宇喜多诠家,家老,直臣,宇喜多家,冈山城,无,已登场,坂崎直盛,浪人,其他,无,敦贺之町,无,,"[{""stage"":"""",""tkid"":""336"",""ref"":""336"",""emotion"":0}]",,TAIKOU_bio_336,宇喜多家臣。忠家之子。詮家後改名為直盛。侍奉秀家，以武勇而著稱，後因宇喜多家內亂而出走，後歸屬德川家康。關原之戰立了軍功，而領了石見濱田２萬石。從大阪陣地中救出家康之孫千姬。
lord_tk5_337,337,337,,相良义阳,相良義陽,相良,义阳,Sagara Yoshihi,saikai,1,1544,1558,1581,战死,lord_tk5_823,,,,lord_tk5_338|lord_tk5_823,只限武将,60,60,普通,胆小,普通,普通,普通,41,南蛮物,贪心,普通,藤原氏,刀剑,46,37,54,62,54,1,0,1,0,0,0,0,0,1,0,0,0,2,1,1,0,无,强袭,无,无要求,,,已登场,相良义阳,家老,直臣,相良家,clan_sagara_2,人吉城,无,已登场,相良义阳,大名,首领,相良家,clan_sagara_2,人吉城,无,已登场,相良义阳,大名,首领,相良家,clan_sagara_2,人吉城,无,已登场,相良义阳,大名,首领,相良家,clan_sagara_2,人吉城,无,已死亡,相良义阳,无效,无效,无,clan_sagara_2,无效,无,已死亡,相良义阳,无效,无效,无,clan_sagara_2,无效,无,未登场,相良义阳,家老,直臣,相良家,人吉城,无,已死亡,相良义阳,无效,无效,无,无效,无,已登场,相良义阳,浪人,其他,无,浦户之町,无,,"[{""stage"":"""",""tkid"":""337"",""ref"":""337"",""emotion"":0}]",,TAIKOU_bio_337,肥後的戰國大名。人吉城主。晴廣的嫡子。父晴廣死後，被祖父上村賴興所照看。以後乘二次內亂之機擴大領地，另一方面，與島津氏不停地抗爭，水俁城被圍，最後投降。
lord_tk5_338,338,338,,相良赖房,相良賴房,相良,赖房,Sagara Yorifusa,saikai,1,1574,1588,1636,病死,lord_tk5_337,,,lord_tk5_823,lord_tk5_337|lord_tk5_823,全职种,60,60,普通,胆小,普通,慎重,不重情义,87,艺术品,贪心,普通,藤原氏,刀剑,40,44,52,57,60,0,1,0,2,0,0,0,1,0,0,1,1,1,3,0,1,无,强袭,无,无要求,,,未登场,相良赖房,部将,陪臣（相良义阳）,相良家,clan_sagara_2,人吉城,无,未登场,相良赖房,家老,直臣,相良家,clan_sagara_2,人吉城,无,未登场,相良赖房,家老,直臣,相良家,clan_sagara_2,人吉城,无,未登场,相良赖房,家老,直臣,相良家,clan_sagara_2,人吉城,无,已登场,相良赖房,大名,首领,相良家,clan_sagara_2,人吉城,无,已登场,相良赖房,大名,首领,相良家,clan_sagara_2,人吉城,无,未登场,相良赖房,部将,陪臣（相良义阳）,相良家,人吉城,无,已登场,相良赖房,大名,首领,相良家,人吉城,无,已登场,相良赖房,浪人,其他,无,严岛之町,无,,"[{""stage"":"""",""tkid"":""338"",""ref"":""338"",""emotion"":0}]",,TAIKOU_bio_338,肥後的戰國大名。義陽的次子。父親義陽戰死後，在薩摩曾作為人質，兄忠房夭逝後，繼承家業。以後，聽從島津氏的指揮，但被秀吉的九州征討軍所降伏，保住了球磨一郡的領地。
lord_tk5_339,339,339,,佐久间信盛,佐久間信盛,佐久间,信盛,Sakuma Nobumori,tokai,1,1527,1554,1581,病死,佐久间信晴,,,,lord_tk5_340,全职种,99,70,温和,胆小,理想,慎重,普通,55,艺术品,普通,普通,平氏,刀剑,63,53,60,49,41,2,1,2,0,2,1,0,0,0,1,1,1,1,0,3,1,无,强袭，刚弓,无,一般条件,,,已登场,佐久间信盛,家老,直臣,织田家,clan_oda_1,清洲城,无,已登场,佐久间信盛,部将,直臣,织田家,clan_oda_1,清洲城,无,已登场,佐久间信盛,家老,直臣,织田家,clan_oda_1,岐阜城,无,已登场,佐久间信盛,家老,直臣,织田家,clan_oda_1,岐阜城,无,已死亡,佐久间信盛,无效,无效,无,,无效,无,已死亡,佐久间信盛,无效,无效,无,,无效,无,已登场,佐久间信盛,侍大将,直臣,织田家,那古野城,无,已死亡,佐久间信盛,无效,无效,无,无效,无,已登场,佐久间信盛,浪人,其他,无,厩桥之町,无,,"[{""stage"":"""",""tkid"":""339"",""ref"":""339"",""emotion"":0}]",,TAIKOU_bio_339,織田家臣。參加各地的作戰，較好地完成任務，人稱「躲開佐久間」。進攻石山本願寺時任總大將，撤離本願寺後，因怠慢等理由遭信長喝叱，被放逐到高野山。
lord_tk5_340,340,340,,佐久间盛重,佐久間盛重,佐久间,盛重,Sakuma Morishige,tokai,1,1524,1554,1560,战死,,,,佐久间信晴,lord_tk5_339,只限武将,2,2,性急,勇敢,现实,轻率,重视情义,54,武具,普通,普通,平氏,刀剑,75,77,34,19,49,2,2,1,0,0,1,2,1,1,0,0,0,0,0,0,0,无,强袭,无,一般条件,,,已登场,佐久间盛重,城主,直臣,织田家,clan_oda_1,鸣海城,无,已登场,佐久间盛重,城主,直臣,织田家,clan_oda_1,鸣海城,无,已死亡,佐久间盛重,无效,无效,无,clan_oda_1,无效,无,已死亡,佐久间盛重,无效,无效,无,clan_oda_1,无效,无,已死亡,佐久间盛重,无效,无效,无,,无效,无,已死亡,佐久间盛重,无效,无效,无,,无效,无,已登场,佐久间盛重,足轻大将,直臣,织田家,那古野城,无,已死亡,佐久间盛重,无效,无效,无,无效,无,已登场,佐久间盛重,浪人,其他,无,直江津之町,无,,"[{""stage"":"""",""tkid"":""340"",""ref"":""340"",""emotion"":0}]",,TAIKOU_bio_340,織田信秀、信長的家臣。人稱大學。信長與其弟‧信勝之戰中負責守備名塚砦而出名。在桶狹間合戰前擔任丸根砦的守將，雖奮力抵擋今川先鋒‧松平元康的猛攻，但是終究寡不敵眾，砦被攻下而陣亡。
lord_tk5_341,341,341,,佐久间盛政,佐久間盛政,佐久间,盛政,Sakuma Morimasa,hokuriku,1,1553,1567,1583,病死,,,,柴田胜义,lord_tk5_379|lord_tk5_380,全职种,85,85,性急,勇敢,理想,轻率,重视情义,74,武具,贪心,嗜酒如命,平氏,刀剑,61,78,26,20,55,2,3,1,0,1,3,2,0,0,0,0,0,0,0,0,0,无,强袭，连续斩，拔突，刚力，铁壁,无,一般条件,府中三人众 前田利家/佐佐成政/不破光治,,未登场,佐久间盛政,足轻组头,陪臣（柴田胜家）,织田家,clan_shibata_1,那古野城,无,未登场,佐久间盛政,足轻组头,直臣,织田家,clan_oda_1,清洲城,无,已登场,佐久间盛政,足轻组头,陪臣（柴田胜家）,织田家,clan_shibata_1,岐阜城,无,已登场,佐久间盛政,足轻组头,陪臣（柴田胜家）,织田家,clan_shibata_1,北之庄城,无,已登场,佐久间盛政,足轻大将,陪臣（柴田胜家）,织田家,clan_shibata_1,北之庄城,无,已死亡,佐久间盛政,无效,无效,无,,无效,无,未登场,佐久间盛政,足轻组头,陪臣（柴田胜家）,织田家,那古野城,无,已死亡,佐久间盛政,无效,无效,无,无效,无,已登场,佐久间盛政,浪人,其他,无,直江津之町,无,,"[{""stage"":"""",""tkid"":""341"",""ref"":""341"",""emotion"":0}]",,TAIKOU_bio_341,柴田家臣。盛次之嫡子。以剛勇而著稱，人稱「鬼玄蕃」的一員猛將。在叔父勝家的指揮下，在加賀平定戰中英勇奮戰。賤岳之戰時，由於過分深入敵人內部而造成柴田軍的失敗。戰後，在山中被擒斬首。
lord_tk5_342,342,342,,鲑延秀纲,鮭延秀綱,鲑延,秀纲,Sakenobe Hidetsuna,ou,1,1562,1576,1646,病死,,,,,,只限武将,64,64,温和,胆小,普通,慎重,普通,55,艺术品,普通,普通,其他,刀剑,45,54,41,57,55,1,2,1,0,1,0,1,1,0,1,0,0,1,2,1,0,无,强袭,无,一般条件,,,未登场,鲑延秀纲,家老,直臣,小野寺家,clan_sugiya_1,横手城,无,未登场,鲑延秀纲,城主,直臣,小野寺家,clan_sugiya_1,鲑延城,无,未登场,鲑延秀纲,城主,直臣,小野寺家,clan_sugiya_1,鲑延城,无,未登场,鲑延秀纲,城主,直臣,小野寺家,clan_sugiya_1,鲑延城,无,已登场,鲑延秀纲,城主,直臣,最上家,clan_mogami_2,鲑延城,无,已登场,鲑延秀纲,城主,直臣,最上家,clan_mogami_2,鲑延城,无,未登场,鲑延秀纲,城主,直臣,小野寺家,鲑延城,无,已登场,鲑延秀纲,城主,直臣,最上家,鲑延城,无,已登场,鲑延秀纲,头领,首领,柏崎水军,柏崎之砦,无,,"[{""stage"":"""",""tkid"":""342"",""ref"":""342"",""emotion"":0}]",,TAIKOU_bio_342,小野寺家臣。鮭延城主。佐佐木貞綱之子。最初與最上義光相爭，失敗後伏首稱臣。在鎮壓仙北地方發生的騷亂和侵入最上領地的上杉軍的作戰中戰功顯赫。被稱為智謀之士。並擅長文學。
lord_tk5_343,343,343,,佐佐木小次郎,,佐佐木,小次郎,Sasaki Kojiroo,hokuriku,1,1586,1598,1612,战死,,,,,,没那个意思,60,60,性急,勇敢,理想,轻率,不重情义,92,艺术品,贪心,嗜酒如命,源氏,刀剑,35,94,4,11,66,2,0,1,0,2,4,4,0,0,0,0,0,1,0,1,0,无,强袭，连续斩，切落，绝妙剑，拔突，刚弓，金翅鸟王剑，当身，燕返，刚力，独妙剑，铁壁,剑豪,不可,,主角宫本武藏，剧情流程,未登场,佐佐木小次郎,浪人,其他,无,,敦贺之町,钟卷流,未登场,佐佐木小次郎,浪人,其他,无,,敦贺之町,钟卷流,未登场,佐佐木小次郎,浪人,其他,无,,敦贺之町,钟卷流,未登场,佐佐木小次郎,浪人,其他,无,,敦贺之町,钟卷流,未登场,佐佐木小次郎,浪人,其他,无,,敦贺之町,钟卷流,已登场,佐佐木小次郎,浪人,其他,无,,敦贺之町,钟卷流,未登场,佐佐木小次郎,浪人,其他,无,敦贺之町,钟卷流,未登场,佐佐木小次郎,浪人,其他,无,敦贺之町,钟卷流,已登场,佐佐木小次郎,足轻大将,直臣,小笠原家,小仓城,严流,,"[{""stage"":"""",""tkid"":""343"",""ref"":""343"",""emotion"":0}]",,TAIKOU_bio_343,劍術家。號嚴流或岸流。為武藝修行雲遊列國，創立了自己的流派。以操使巨劍和被稱為「燕返」的劍術聞名。先在細川家為官，負責指導劍術，後與宮本武藏在嚴流島比武，據傳敗於對方手上。
lord_tk5_344,344,344,,笹部勘二郎,世部勘二郎,笹部,勘二郎,Sasabe Kanjiro,sanyo,1,1510,1554,1579,战死,,,,,,只限武将,60,60,普通,勇敢,普通,轻率,重视情义,31,武具,普通,普通,其他,刀剑,56,59,39,48,53,1,2,2,0,1,2,2,1,0,0,0,0,0,0,0,0,无,强袭，拔突，铁壁,无,无要求,,,已登场,笹部勘二郎,部将,直臣,浦上家,clan_uragami_1,天神山城,无,已登场,笹部勘二郎,部将,直臣,浦上家,clan_uragami_1,天神山城,无,已登场,笹部勘二郎,部将,直臣,浦上家,clan_uragami_1,天神山城,无,已登场,笹部勘二郎,部将,直臣,浦上家,clan_uragami_1,天神山城,无,已死亡,笹部勘二郎,无效,无效,无,,无效,无,已死亡,笹部勘二郎,无效,无效,无,,无效,无,已登场,笹部勘二郎,部将,直臣,浦上家,天神山城,无,已死亡,笹部勘二郎,无效,无效,无,无效,无,已登场,笹部勘二郎,足轻大将,直臣,二阶堂家,金泽城,无,,"[{""stage"":"""",""tkid"":""344"",""ref"":""344"",""emotion"":0}]",,TAIKOU_bio_344,浦上家家臣。出家後號勘齋。身為以天神山城為本城的浦上宗景的重臣。在尼子勢力南下侵略時，負責守備備前東北部，並阻止了尼子家的軍勢。宇喜多直家叛變討伐宗景時，此人在居城進行閉城抗戰來迎擊，但最後與嫡子一同戰死。
lord_tk5_345,345,345,,佐世元嘉,,佐世,元嘉,Sase Motoyoshi,sanyo,1,1546,1560,1620,病死,,,,,,全职种,36,36,温和,普通,普通,慎重,不重情义,31,艺术品,无欲,滴酒不沾,其他,刀剑,23,19,61,55,56,0,0,0,0,0,0,0,0,2,1,1,2,1,1,0,0,无,强袭,无,无要求,,,未登场,佐世元嘉,足轻大将,直臣,尼子家,clan_amago_1,月山富田城,无,已登场,佐世元嘉,足轻大将,直臣,尼子家,clan_amago_1,月山富田城,无,已登场,佐世元嘉,足轻大将,直臣,毛利家,clan_mori_1,吉田郡山城,无,已登场,佐世元嘉,足轻大将,直臣,毛利家,clan_mori_2,吉田郡山城,无,已登场,佐世元嘉,足轻大将,直臣,毛利家,clan_mori_2,吉田郡山城,无,已登场,佐世元嘉,足轻大将,直臣,毛利家,clan_mori_2,广岛城,无,未登场,佐世元嘉,足轻大将,直臣,毛利家,吉田郡山城,无,已登场,佐世元嘉,足轻大将,直臣,毛利家,吉田郡山城,无,已登场,佐世元嘉,浪人,其他,无,鸟取之町,无,,"[{""stage"":"""",""tkid"":""345"",""ref"":""345"",""emotion"":0}]",,TAIKOU_bio_345,尼子家臣，後為毛利家臣。清宗之子。先仕尼子家，後仕月山富田城守城中，與父親清宗一起投降於前來進攻的毛利元就，後侍奉毛利家，關原之戰時，任主家居城廣島城的駐守。
lord_tk5_346,346,346,,佐竹义昭,佐竹義昭,佐竹,义昭,Satake Yoshiaki,kanto,1,1531,1554,1565,病死,,,,,lord_tk5_34|lord_tk5_135|lord_tk5_347,只限武将,20,20,普通,普通,现实,轻率,不重情义,71,武具,无欲,普通,源氏,刀剑,70,49,78,64,67,2,2,0,1,2,2,2,0,1,2,1,1,2,1,1,1,无,强袭，拔突，刚弓，铁壁,无,一般条件,,,已登场,佐竹义昭,大名,首领,佐竹家,clan_satake_1,太田城,无,已登场,佐竹义昭,大名,首领,佐竹家,clan_satake_1,太田城,无,已死亡,佐竹义昭,无效,无效,无,clan_satake_2,无效,无,已死亡,佐竹义昭,无效,无效,无,clan_satake_2,无效,无,已死亡,佐竹义昭,无效,无效,无,clan_satake_2,无效,无,已死亡,佐竹义昭,无效,无效,无,clan_satake_2,无效,无,已登场,佐竹义昭,大名,首领,佐竹家,太田城,无,已死亡,佐竹义昭,无效,无效,无,无效,无,已登场,佐竹义昭,伙计,直臣,吴服屋,堺之町,无,,"[{""stage"":"""",""tkid"":""346"",""ref"":""346"",""emotion"":0}]",,TAIKOU_bio_346,常陸的大名。佐竹家第１７代家主。義篤之嫡子。北進在南陸奧的白河結城家投降後，為爭奪常陸的權勢與小田家開展了爭鬥。關東管領上杉憲政以管領職務和上杉氏的繼承作為條件尋求庇護，但招致拒絕。
lord_tk5_347,347,347,,佐竹义重,佐竹義重,佐竹,义重,Satake Yoshishige,kanto,1,1547,1561,1612,病死,lord_tk5_346,,,,lord_tk5_34|lord_tk5_135|lord_tk5_346|lord_tk5_348,只限武将,20,20,普通,勇敢,普通,轻率,普通,69,武具,普通,普通,源氏,刀剑,81,72,78,82,81,3,4,2,1,2,3,3,1,2,2,4,3,1,0,1,1,无,强袭，连续斩，拔突，刚弓，刚力，铁壁，丢钱,无,一般条件,,,未登场,佐竹义重,部将,陪臣（佐竹义昭）,佐竹家,clan_satake_2,太田城,阴流,已登场,佐竹义重,家老,直臣,佐竹家,clan_satake_2,太田城,阴流,已登场,佐竹义重,大名,首领,佐竹家,clan_satake_2,太田城,阴流,已登场,佐竹义重,大名,首领,佐竹家,clan_satake_2,太田城,阴流,已登场,佐竹义重,大名,首领,佐竹家,clan_satake_2,太田城,阴流,已登场,佐竹义重,家老,直臣,佐竹家,clan_satake_2,水户城,阴流,未登场,佐竹义重,家老,直臣,佐竹家,太田城,阴流,已登场,佐竹义重,大名,首领,佐竹家,水户城,阴流,已登场,佐竹义重,当家,首领,五金屋,京之町,阴流,,"[{""stage"":"""",""tkid"":""347"",""ref"":""347"",""emotion"":0}]",,TAIKOU_bio_347,佐竹家第１８代家主。義昭之嫡子。從父義昭手中繼承家業後征服了四鄰的各惡勢力，完成了常陸的統一。與南方的北條家、北方的伊達家堅忍戰鬥絕不後退。衝鋒陷陣，其身影被稱為鬼義重。使敵聞風喪膽。
lord_tk5_348,348,348,,佐竹义宣,佐竹義宣,佐竹,义宣,Satake Yoshinobu,kanto,1,1570,1584,1633,病死,lord_tk5_347,,,,lord_tk5_34|lord_tk5_347,只限武将,20,20,性急,普通,现实,轻率,不重情义,86,武具,贪心,普通,源氏,刀剑,69,64,76,65,70,3,3,2,0,2,2,3,0,1,1,4,2,2,2,3,1,无,强袭，拔突，刚弓，铁壁,无,一般条件,,,未登场,佐竹义宣,部将,陪臣（佐竹义重）,佐竹家,clan_satake_2,太田城,无,未登场,佐竹义宣,足轻组头,陪臣（佐竹义重）,佐竹家,clan_satake_2,太田城,无,未登场,佐竹义宣,部将,陪臣（佐竹义重）,佐竹家,clan_satake_2,太田城,无,未登场,佐竹义宣,部将,陪臣（佐竹义重）,佐竹家,clan_satake_2,太田城,无,未登场,佐竹义宣,家老,直臣,佐竹家,clan_satake_2,太田城,无,已登场,佐竹义宣,大名,首领,佐竹家,clan_satake_2,水户城,无,未登场,佐竹义宣,部将,陪臣（佐竹义重）,佐竹家,太田城,无,已登场,佐竹义宣,家老,直臣,佐竹家,水户城,无,已登场,佐竹义宣,伙计,直臣,五金屋,京之町,无,,"[{""stage"":"""",""tkid"":""348"",""ref"":""348"",""emotion"":0}]",,TAIKOU_bio_348,佐竹家第１９代家主。義重的嫡子。據稱是不次於其父的猛將。脾氣暴躁，忠實，舉止有禮貌，拚死抵抗南下的伊達政宗。參加了秀吉的小田原戰鬥，陣守領地，被任命為常陸的領導。
lord_tk5_349,349,349,,佐竹义久,佐竹義久,佐竹,义久,Satake Yoshihisa,kanto,1,1541,1555,1601,病死,lord_tk5_346,,,,,只限武将,20,20,温和,普通,普通,慎重,重视情义,21,书籍,无欲,滴酒不沾,源氏,刀剑,27,29,64,78,66,0,0,0,0,0,1,1,0,0,3,2,2,3,3,2,1,无,强袭,无,无要求,,,未登场,佐竹义久,侍大将,直臣,佐竹家,clan_satake_1,太田城,无,已登场,佐竹义久,侍大将,直臣,佐竹家,clan_satake_1,太田城,无,已登场,佐竹义久,侍大将,直臣,佐竹家,clan_satake_2,太田城,无,已登场,佐竹义久,侍大将,直臣,佐竹家,clan_satake_2,太田城,无,已登场,佐竹义久,侍大将,直臣,佐竹家,clan_satake_2,太田城,无,已登场,佐竹义久,部将,直臣,佐竹家,clan_satake_2,水户城,无,未登场,佐竹义久,侍大将,直臣,佐竹家,太田城,无,已登场,佐竹义久,侍大将,直臣,佐竹家,水户城,无,已登场,佐竹义久,当家,首领,吴服屋,堺之町,无,,"[{""stage"":"""",""tkid"":""349"",""ref"":""349"",""emotion"":0}]",,TAIKOU_bio_349,隸屬佐竹一門。佐竹東家義堅之次子。是侍奉佐竹義重、義宣二代家主的重臣。曾任南陸奧方面管轄的總指揮，在內政、軍事、外交等方面起到了至關重要的作用。透過石田三成得到豐臣秀吉的知遇之恩，從而告辭主家，擔任知行一職。
lord_tk5_350,350,350,,佐田彦四郎,佐田彥四郎,佐田,彦四郎,Sada Hikosaburoo,sanyo,1,1544,1558,1600,病死,,,,,,武将以外优先,30,30,普通,普通,现实,轻率,普通,30,武具,普通,普通,其他,锁镰,58,73,11,61,21,3,1,2,1,2,3,0,3,0,0,2,0,0,0,0,0,鬼谋，红莲之术，错乱之术,强袭，连续斩，拔突，二连苦无，半月，千鸟，刚弓，刚力，铁壁,无,无要求,,,未登场,佐田彦四郎,上忍,直臣,外闻众,clan_seiki_1,外闻之里,无,已登场,佐田彦四郎,上忍,直臣,外闻众,clan_seiki_1,外闻之里,无,已登场,佐田彦四郎,上忍,直臣,外闻众,clan_seiki_1,外闻之里,无,已登场,佐田彦四郎,上忍,直臣,外闻众,clan_seiki_1,外闻之里,无,已登场,佐田彦四郎,上忍,直臣,外闻众,clan_seiki_1,外闻之里,无,已登场,佐田彦四郎,头目,首领,外闻众,clan_sada_1,外闻之里,无,未登场,佐田彦四郎,上忍,直臣,外闻众,外闻之里,无,已登场,佐田彦四郎,上忍,直臣,外闻众,外闻之里,无,已登场,佐田彦四郎,家老,直臣,茶屋家,岐阜城,无,,"[{""stage"":"""",""tkid"":""350"",""ref"":""350"",""emotion"":0}]",,TAIKOU_bio_350,忍者。與二弟‧甚五郎及么弟‧小鼠兩人一起侍奉毛利家臣‧杉原盛重。因其忍術變化多端，又被稱為「狐狸之變」。羽柴秀吉攻擊毛利軍的播磨上月城時，率領包括其弟在內的手下二十人對秀吉英勇抗戰。
lord_tk5_351,351,351,,佐佐成政,,佐佐,成政,Sassa Narimasa,hokuriku,1,1539,1554,1588,战死,,,,,,只限武将,88,88,性急,普通,理想,轻率,普通,71,武具,普通,普通,源氏,枪,74,74,48,42,52,2,3,3,0,1,3,2,0,2,1,1,0,2,0,2,0,无,强袭，连续斩，拔突，粘花，急所击，卷枪，引落，柄返，刚力，铁壁,无,一般条件,,,已登场,佐佐成政,侍大将,直臣,织田家,clan_oda_1,清洲城,无,已登场,佐佐成政,侍大将,直臣,织田家,clan_oda_1,清洲城,无,已登场,佐佐成政,侍大将,直臣,织田家,clan_oda_1,岐阜城,无,已登场,佐佐成政,侍大将,直臣,织田家,clan_oda_1,岐阜城,无,已登场,佐佐成政,城主,直臣,织田家,clan_sassa_1,富山城,无,已死亡,佐佐成政,无效,无效,无,,无效,无,未登场,佐佐成政,足轻组头,直臣,织田家,那古野城,无,已登场,佐佐成政,大名,首领,佐佐家,富山城,无,已登场,佐佐成政,浪人,其他,无,清洲之町,无,,"[{""stage"":"""",""tkid"":""351"",""ref"":""351"",""emotion"":0}]",,TAIKOU_bio_351,織田家臣。越中富山城主。黑母衣眾之一。歸屬柴田勝家，是為進攻北陸而做出貢獻的勇猛武士。本能寺事變後，與豐臣秀吉對立，失敗後投降。作了肥後領主，但因鎮壓反抗的國人領主不利，而被命令切腹。
lord_tk5_352,352,352,,里见义尧,里見義堯|裏見義堯,里见,义尧,Satomi Yoshitaka,kanto,1,1512,1554,1574,病死,,,,,lord_tk5_353,全职种,33,33,性急,勇敢,理想,普通,普通,73,南蛮物,贪心,普通,源氏,刀剑,68,62,55,79,62,2,2,0,2,1,1,2,0,0,1,2,1,1,2,1,2,无,强袭,无,一般条件,,,已登场,里见义尧,大名,首领,里见家,clan_satomi_1,久留里城,无,已登场,里见义尧,大名,首领,里见家,clan_satomi_1,久留里城,无,已登场,里见义尧,大名,首领,里见家,clan_satomi_1,久留里城,无,已死亡,里见义尧,无效,无效,无,clan_satomi_1,无效,无,已死亡,里见义尧,无效,无效,无,,无效,无,已死亡,里见义尧,无效,无效,无,,无效,无,已登场,里见义尧,大名,首领,里见家,久留里城,无,已死亡,里见义尧,无效,无效,无,无效,无,已登场,里见义尧,浪人,其他,无,府内之町,无,,"[{""stage"":"""",""tkid"":""352"",""ref"":""352"",""emotion"":0}]",,TAIKOU_bio_352,房總戰國大名。里見家６代領主。實堯之子。打敗了有殺父之仇的表兄弟義豐，成為里見家領主。勢力擴大至房總，與兒子義弘先後兩代與北條家抗爭。北條家與武田家和今川家聯手後，與上杉謙信聯合進行抵抗。
lord_tk5_353,353,353,,里见义弘,里見義弘|裏見義弘,里见,义弘,Satomi Yoshihiro,kanto,1,1530,1554,1578,病死,lord_tk5_352,,,,lord_tk5_352|lord_tk5_355,全职种,33,33,性急,胆小,普通,慎重,普通,70,艺术品,普通,普通,源氏,刀剑,63,51,63,62,64,1,2,1,2,1,2,0,0,0,1,0,1,1,2,2,0,无,强袭，拔突，铁壁,无,一般条件,,,已登场,里见义弘,家老,直臣,里见家,clan_satomi_1,久留里城,无,已登场,里见义弘,家老,直臣,里见家,clan_satomi_1,久留里城,无,已登场,里见义弘,家老,直臣,里见家,clan_satomi_1,久留里城,无,已登场,里见义弘,大名,首领,里见家,clan_satomi_1,久留里城,无,已死亡,里见义弘,无效,无效,无,clan_satomi_2,无效,无,已死亡,里见义弘,无效,无效,无,,无效,无,已登场,里见义弘,家老,直臣,里见家,久留里城,无,已死亡,里见义弘,无效,无效,无,无效,无,已登场,里见义弘,浪人,其他,无,鹿屋之町,无,,"[{""stage"":"""",""tkid"":""353"",""ref"":""353"",""emotion"":0}]",,TAIKOU_bio_353,房總戰國大名。里見家７代領主。義堯長子。與武藏的北條家隔岸對峙，數度交戰。與太田資正聯合，在國府台之戰中攻擊北條氏康的部隊，戰敗。後來取得了三船山之戰的勝利，收復下總。父親去世之後，與北條家修好。
lord_tk5_354,354,354,,里见义康,裡見義康|里見義康|裏見義康,里见,义康,Satomi Yoshiyasu,kanto,1,1573,1587,1603,病死,lord_tk5_355,,,,lord_tk5_355,全职种,33,33,温和,胆小,普通,轻率,普通,43,书籍,普通,普通,源氏,刀剑,39,40,49,38,51,0,0,1,1,0,0,1,0,0,1,0,0,0,1,0,1,无,强袭,无,无要求,,,未登场,里见义康,足轻组头,陪臣（里见义赖）,里见家,clan_satomi_2,久留里城,无,未登场,里见义康,足轻组头,陪臣（里见义赖）,里见家,clan_satomi_2,久留里城,无,未登场,里见义康,足轻组头,陪臣（里见义赖）,里见家,clan_satomi_2,久留里城,无,未登场,里见义康,足轻组头,陪臣（里见义赖）,里见家,clan_satomi_2,久留里城,无,未登场,里见义康,足轻组头,直臣,里见家,clan_satomi_2,久留里城,无,已登场,里见义康,大名,首领,里见家,clan_satomi_2,稻村城,无,未登场,里见义康,足轻组头,陪臣（里见义赖）,里见家,久留里城,无,已登场,里见义康,大名,首领,里见家,久留里城,无,已登场,里见义康,浪人,其他,无,岐阜之町,无,,"[{""stage"":"""",""tkid"":""354"",""ref"":""354"",""emotion"":0}]",,TAIKOU_bio_354,房總的戰國大名。里見家９代領主，義賴之子。曾響應豐臣秀吉攻打小田原的號召出兵三浦半島，但因耽誤小田原之戰的戰機，受到懷疑，被沒收上總，只領安房一國。關原之戰從屬東軍，隸屬德川秀忠。
lord_tk5_355,355,355,,里见义赖,裡見義賴|里見義賴|裏見義賴,里见,义赖,Satomi Yoshiyori,kanto,1,1543,1557,1587,病死,lord_tk5_353,,,,lord_tk5_353|lord_tk5_354,全职种,33,33,温和,勇敢,现实,轻率,不重情义,66,武具,贪心,普通,源氏,刀剑,64,53,54,48,53,2,1,1,1,1,2,1,0,1,1,1,1,1,1,1,1,无,强袭，拔突，铁壁,无,无要求,,,未登场,里见义赖,部将,直臣,里见家,clan_satomi_2,久留里城,无,已登场,里见义赖,部将,直臣,里见家,clan_satomi_2,久留里城,无,已登场,里见义赖,部将,直臣,里见家,clan_satomi_2,久留里城,无,已登场,里见义赖,家老,直臣,里见家,clan_satomi_2,久留里城,无,已登场,里见义赖,大名,首领,里见家,clan_satomi_2,久留里城,无,已死亡,里见义赖,无效,无效,无,clan_satomi_2,无效,无,未登场,里见义赖,部将,直臣,里见家,久留里城,无,已登场,里见义赖,城主,直臣,里见家,胜浦城,无,已登场,里见义赖,浪人,其他,无,土崎凑之町,无,,"[{""stage"":"""",""tkid"":""355"",""ref"":""355"",""emotion"":0}]",,TAIKOU_bio_355,房總戰國大名。義堯次子。義弘之弟。受兄長義弘撫養，與義弘的親生子梅王丸爭家督之位，迫使梅王丸出家，自己繼承了家督之位。同年滅掉謀反的正木憲時，平定了上總。北條氏政軍隊進犯房總時打敗了侵略軍。
lord_tk5_356,356,356,,真田信纲,真田信綱,真田,信纲,Sanada Nobutsuna,tosan,1,1537,1554,1575,战死,lord_tk5_360,,,真田赖昌,lord_tk5_357|lord_tk5_358|lord_tk5_359|lord_tk5_360|lord_tk5_361|lord_tk5_744|lord_tk5_745|lord_tk5_882,只限武将,60,60,性急,勇敢,普通,轻率,普通,56,武具,无欲,普通,源氏,枪,78,75,35,45,78,2,3,1,0,1,3,2,1,0,0,1,0,1,1,0,0,六文钱,强袭，连续斩，拔突，粘花，卷枪，引落，柄返，刚力，铁壁,无,无要求,,,已登场,真田信纲,侍大将,陪臣（真田幸隆）,武田家,clan_sanada_1,户石城,无,已登场,真田信纲,侍大将,陪臣（真田幸隆）,武田家,clan_sanada_1,户石城,无,已登场,真田信纲,侍大将,陪臣（真田幸隆）,武田家,clan_sanada_1,户石城,无,已登场,真田信纲,城主,直臣,武田家,clan_sanada_1,户石城,无,已死亡,真田信纲,无效,无效,无,clan_sanada_2,无效,无,已死亡,真田信纲,无效,无效,无,clan_sanada_2,无效,无,未登场,真田信纲,侍大将,陪臣（真田幸隆）,武田家,踯躅崎馆,无,已死亡,真田信纲,无效,无效,无,无效,无,已登场,真田信纲,浪人,其他,无,小滨之町,无,,"[{""stage"":"""",""tkid"":""356"",""ref"":""356"",""emotion"":0}]",,TAIKOU_bio_356,幸隆長子。昌輝和昌幸之兄，信濃上田城主。武田二十四將之一。父親隱居後，做為信州對方一派成員轉戰各地，威震八方。長篠之戰中揮舞３尺３寸的大刀英勇奮戰，但身中鐵砲數發子彈，與其弟昌輝一同陣亡。
lord_tk5_357,357,357,,真田信幸,真田信之,真田,信幸,Sanada Taneju,kanto,1,1566,1580,1658,病死,lord_tk5_359,,lord_tk5_1198,lord_tk5_360,lord_tk5_356|lord_tk5_358|lord_tk5_359|lord_tk5_360|lord_tk5_361|lord_tk5_882,只限武将,62,86,温和,胆小,现实,慎重,重视情义,44,书籍,无欲,普通,源氏,刀剑,65,62,73,80,71,1,2,1,0,1,1,1,0,2,2,1,1,3,3,2,2,六文钱,强袭,无,一般条件,,,未登场,真田信幸,足轻组头,陪臣（真田昌幸）,武田家,clan_sanada_2,户石城,无,未登场,真田信幸,足轻组头,陪臣（真田昌幸）,武田家,clan_sanada_2,户石城,无,未登场,真田信幸,足轻组头,陪臣（真田昌幸）,武田家,clan_sanada_2,户石城,无,未登场,真田信幸,足轻组头,陪臣（真田信纲）,武田家,clan_sanada_1,户石城,无,已登场,真田信幸,足轻组头,陪臣（真田昌幸）,武田家,clan_sanada_2,上田城,无,已登场,真田信幸,城主,直臣,真田家,clan_sanada_2,沼田城,无,未登场,真田信幸,足轻组头,陪臣（真田昌幸）,武田家,踯躅崎馆,无,已登场,真田信幸,城主,直臣,真田家,沼田城,无,已登场,真田信之,浪人,其他,无,柳川之町,无,,"[{""stage"":"""",""tkid"":""357"",""ref"":""357"",""emotion"":0}]",,TAIKOU_bio_357,昌幸長子。幸村之兄。娶德川家臣本多忠勝之女，出仕家康。關原之戰時與父親昌幸和弟弟幸村分手，從屬於東軍。戰後為救父兄而四出奔走。後盡忠於德川家，並使真田家得以存續。
lord_tk5_358,358,358,,真田昌辉,真田昌輝,真田,昌辉,Sanada Masateru,tosan,1,1544,1558,1575,战死,lord_tk5_360,,,真田赖昌,lord_tk5_356|lord_tk5_357|lord_tk5_359|lord_tk5_360|lord_tk5_361|lord_tk5_744|lord_tk5_745|lord_tk5_882,只限武将,60,60,性急,勇敢,理想,轻率,普通,61,武具,贪心,嗜酒如命,源氏,枪,68,78,35,44,76,3,3,1,0,1,3,3,0,1,0,0,0,0,0,0,1,六文钱,强袭，连续斩，拔突，粘花，卷枪，引落，柄返，刚力，铁壁,无,无要求,,,未登场,真田昌辉,侍大将,陪臣（真田幸隆）,武田家,clan_sanada_1,户石城,无,已登场,真田昌辉,侍大将,陪臣（真田幸隆）,武田家,clan_sanada_1,户石城,无,已登场,真田昌辉,侍大将,陪臣（真田幸隆）,武田家,clan_sanada_1,户石城,无,已登场,真田昌辉,部将,陪臣（真田信纲）,武田家,clan_sanada_1,户石城,无,已死亡,真田昌辉,无效,无效,无,clan_sanada_2,无效,无,已死亡,真田昌辉,无效,无效,无,clan_sanada_2,无效,无,未登场,真田昌辉,侍大将,陪臣（真田幸隆）,武田家,踯躅崎馆,无,已死亡,真田昌辉,无效,无效,无,无效,无,已登场,真田昌辉,浪人,其他,无,鹿屋之町,无,,"[{""stage"":"""",""tkid"":""358"",""ref"":""358"",""emotion"":0}]",,TAIKOU_bio_358,武田家臣。幸隆次子。信綱之弟。昌幸之兄。武田二十四將之一。與兄長信綱一起守衛上田城。做為信玄的騎兵大將經常從軍出戰。在圍攻小田原的戰鬥中殲滅北條氏昭，建立戰功。長篠之戰時隸屬勝賴，與信綱一起戰死。
lord_tk5_359,359,359|1161,,真田昌幸,,真田,昌幸,Sanada Masayuki,tosan,1,1547,1561,1611,病死,lord_tk5_360,,lord_tk5_1234,真田赖昌,lord_tk5_356|lord_tk5_357|lord_tk5_358|lord_tk5_360|lord_tk5_361|lord_tk5_744|lord_tk5_745|lord_tk5_882,只限武将,49,49,普通,勇敢,普通,慎重,不重情义,87,书籍,贪心,普通,源氏,刀剑,90,75,88,96,88,3,3,2,0,3,2,4,3,2,2,2,3,2,3,1,0,钓野伏，六文钱，风林火山，鬼谋，错乱之术，伪情报,强袭，拔突，二连苦无，半月，刚弓，铁壁，丢钱,策士，雄辩,不可,,"主角真田幸村，剧情昌幸死去
    主角徳川秀忠，关原之战胜利",未登场,真田昌幸,足轻大将,陪臣（真田幸隆）,武田家,clan_sanada_2,户石城,无,已登场,真田昌幸,足轻大将,陪臣（真田幸隆）,武田家,clan_sanada_2,户石城,无,已登场,真田昌幸,足轻大将,陪臣（真田幸隆）,武田家,clan_sanada_2,户石城,无,已登场,真田昌幸,侍大将,陪臣（真田信纲）,武田家,clan_sanada_1,户石城,无,已登场,真田昌幸,国主,直臣,武田家,clan_sanada_2,上田城,无,已登场,真田昌幸,大名,首领,真田家,clan_sanada_2,上田城,无,未登场,真田昌幸,足轻大将,陪臣（真田幸隆）,武田家,踯躅崎馆,无,已登场,真田昌幸,大名,首领,真田家,上田城,无,已登场,真田昌幸,浪人,其他,无,诹访之町,无,"[{""stage"":""谋"",""tkid"":""359"",""ref"":"""",""emotion"":1},{""stage"":""老"",""tkid"":""1161"",""ref"":"""",""emotion"":1}]","[{""stage"":""谋"",""tkid"":""359"",""ref"":""359"",""emotion"":1},{""stage"":""老"",""tkid"":""1161"",""ref"":""1161"",""emotion"":1}]",,TAIKOU_bio_359,信濃上田城主。幸隆三子，信幸和幸村之父。被秀吉曾評價為「文武兼優」的絕代謀臣。上田城之戰擊破德川家康的部隊，威名大震。關原之戰時，以廖廖數千兵力將德川秀忠的主力部隊拖在了上田城，拖延了其開赴主戰場的時間。
lord_tk5_360,360,360,,真田幸隆,,真田,幸隆,Sanada Yukitaka,tosan,1,1513,1554,1574,病死,真田赖昌,,,,lord_tk5_356|lord_tk5_357|lord_tk5_358|lord_tk5_359|lord_tk5_361|lord_tk5_744|lord_tk5_745|lord_tk5_882,只限武将,59,59,普通,普通,普通,普通,普通,81,书籍,贪心,普通,源氏,刀剑,80,63,75,94,80,2,3,2,0,1,1,3,3,3,1,3,2,2,3,1,2,六文钱，幻惑之术，内讧之术,强袭，二连苦无，半月,无,一般条件,,,已登场,真田幸隆,城主,直臣,武田家,clan_sanada_1,户石城,无,已登场,真田幸隆,城主,直臣,武田家,clan_sanada_1,户石城,无,已登场,真田幸隆,城主,直臣,武田家,clan_sanada_1,户石城,无,已死亡,真田幸隆,无效,无效,无,clan_sanada_1,无效,无,已死亡,真田幸隆,无效,无效,无,clan_sanada_2,无效,无,已死亡,真田幸隆,无效,无效,无,clan_sanada_2,无效,无,已登场,真田幸隆,家老,直臣,武田家,踯躅崎馆,无,已死亡,真田幸隆,无效,无效,无,无效,无,已登场,真田幸隆,浪人,其他,无,木更津之町,无,,"[{""stage"":"""",""tkid"":""360"",""ref"":""360"",""emotion"":0}]",,TAIKOU_bio_360,武田家臣。海野棟綱次子。昌幸之父。彈正忠。信州反對派。以謀略取得主公信玄未曾攻略的信濃戶石城。智謀勝過信玄，受到讚譽。後來成為信玄的參謀。戰國三彈正之一，綽號「進攻彈正」。
lord_tk5_361,361,361|1162,,真田幸村,真田信繁|真田幸繁,真田,幸村,Sanada Nobushige,tosan,1,1567,1581,1615,战死,lord_tk5_359,,,lord_tk5_360,lord_tk5_356|lord_tk5_357|lord_tk5_358|lord_tk5_359|lord_tk5_360|lord_tk5_882,只限武将,49,49,温和,勇敢,理想,轻率,重视情义,71,武具,无欲,普通,源氏,枪,98,86,44,87,91,4,4,3,0,2,3,4,3,0,0,1,2,2,1,1,0,齐攻，骑射突击，城门爆破，六文钱，风林火山，影武者，破技之术,强袭，连续斩，拔突，粘花，二连苦无，半月，急所击，刚弓，卷枪，引落，柄返，刚力，铁壁,策士,不可,赤备的传统 饭富虎昌/山县昌景/井伊直政,"主角真田信幸，剧情真田分家
    主角德川家康，大阪夏之阵胜利",未登场,真田信繁,足轻组头,陪臣（真田昌幸）,武田家,clan_sanada_2,户石城,无,未登场,真田信繁,足轻组头,陪臣（真田昌幸）,武田家,clan_sanada_2,户石城,无,未登场,真田信繁,足轻组头,陪臣（真田昌幸）,武田家,clan_sanada_2,户石城,无,未登场,真田信繁,足轻组头,陪臣（真田信纲）,武田家,clan_sanada_1,户石城,无,已登场,真田信繁,足轻组头,陪臣（真田昌幸）,武田家,clan_sanada_2,上田城,无,已登场,真田幸村,家老,直臣,真田家,clan_sanada_2,上田城,无,未登场,真田信繁,足轻组头,陪臣（真田昌幸）,武田家,踯躅崎馆,无,已登场,真田信繁,家老,直臣,真田家,上田城,无,已登场,真田幸村,浪人,其他,无,宇须岸之町,无,光荣版经典形象：俊朗英武的青年武将，浓眉入鬓、目光如炬、轮廓分明，一身凛然武神气质，着赤备式绯红装束|光荣版经典形象（太阁5）：青年武者，赤红具足配鹿角形兜盔与红缨，胸甲缀六文钱家纹，执长枪，浓眉重目、英气凛冽，意气风发,"[{""stage"":""出阵"",""tkid"":""361"",""ref"":""361"",""emotion"":1},{""stage"":""朝"",""tkid"":""1162"",""ref"":""1162"",""emotion"":1}]",日本第一兵真田幸村：红甲长枪、坦率一根筋的热血少年英雄（战国赵云），明知不可为而为之。笑为爽朗少年大笑，怒为燃焰怒目战意昂扬，悲为仰头强忍咬牙不服，惊为握枪挺身瞬间戒备。,TAIKOU_bio_361,昌幸的次子。信幸之弟。以幸村之名聞名於世。關原合戰時，與父親同在西軍，戰後被流放至九度山。後應豐臣家之邀進入大阪城。在夏之陣中，在被視為大阪城弱點的三城南側增築了外城，打得德川軍落花流水。在冬之陣時，亦有深入德川本陣的戰績，被譽為「真田日本第一兵」。
lord_tk5_362,362,362,,佐野房纲,佐野房綱,佐野,房纲,Sano Fusatsuna,kanto,1,1558,1572,1601,病死,,,,,,全职种,40,40,性急,勇敢,普通,轻率,普通,67,武具,普通,普通,藤原氏,刀剑,26,87,31,26,42,1,1,1,0,2,4,1,0,1,1,1,0,0,2,2,2,无,强袭，连续斩，拔突，刚弓，当身，刚力，铁壁,剑客,一般条件,,,未登场,佐野房纲,足轻组头,直臣,结城家,clan_yuki_1,结城城,无,未登场,佐野房纲,足轻组头,直臣,结城家,clan_yuki_2,结城城,无,已登场,佐野房纲,足轻组头,直臣,结城家,clan_yuki_2,结城城,无,已登场,佐野房纲,足轻组头,直臣,结城家,clan_yuki_2,结城城,无,已登场,佐野房纲,足轻大将,直臣,结城家,clan_yuki_2,结城城,无,已登场,佐野房纲,浪人,其他,无,,足利之町,无,未登场,佐野房纲,足轻组头,直臣,结城家,结城城,无,已登场,佐野房纲,足轻大将,直臣,结城家,结城城,无,已登场,佐野房纲,浪人,其他,无,赤间关之町,无,,"[{""stage"":"""",""tkid"":""362"",""ref"":""362"",""emotion"":0}]",,TAIKOU_bio_362,下野唐澤山城主。豐綱的次子。其劍術舉世無雙而令人喪膽。並號稱天德寺了伯。因佐野家的家業被北條氏忠所奪而效忠秀吉。在小田原戰鬥中攻下了唐澤山城。
lord_tk5_363,363,363,,佐分利猪之助,佐分利豬之助,佐分利,猪之助,Saburi Inosuke,tokai,1,1570,1584,1629,病死,,,,,,没那个意思,96,96,普通,普通,普通,普通,重视情义,41,武具,无欲,普通,其他,枪,63,90,23,59,56,3,1,2,1,1,4,2,2,0,0,0,0,0,0,0,0,无,强袭，连续斩，拔突，粘花，二连苦无，卷枪，飞鸟，引落，当身，柄返，刚力，铁壁，辱骂，大喝,枪术高手,一般条件,,,未登场,佐分利猪之助,浪人,其他,无,,大凑之町,无,未登场,佐分利猪之助,浪人,其他,无,,大凑之町,无,未登场,佐分利猪之助,浪人,其他,无,,大凑之町,无,未登场,佐分利猪之助,浪人,其他,无,,大凑之町,无,未登场,佐分利猪之助,浪人,其他,无,,大凑之町,无,已登场,佐分利猪之助,师范,其他,无,,大凑之町,佐分利流,未登场,佐分利猪之助,浪人,其他,无,大凑之町,无,已登场,佐分利猪之助,浪人,其他,无,大凑之町,无,已登场,佐分利猪之助,中忍,直臣,根来众,根来之里,无,,"[{""stage"":"""",""tkid"":""363"",""ref"":""363"",""emotion"":0}]",,TAIKOU_bio_363,劍術家。佐分利流槍術的始祖。名重隆。起初拜中條流的富田午生為師學習槍術，後來自創一派。侍奉伊勢安濃津城主‧富田信高時，在關原合戰時跟隨信高所屬於東軍，活躍於閉城戰。對擊退西軍貢獻極大。
lord_tk5_364,364,364,,猿飞佐助,猿飛佐助,猿飞,佐助,Sarutobi Sasuke,kinai,1,1588,1598,1615,战死,,,,,,武将以外优先,49,49,性急,勇敢,理想,慎重,重视情义,54,艺术品,贪心,普通,其他,苦无,29,86,3,65,92,2,1,1,0,3,1,1,4,0,0,0,0,0,2,0,3,鬼谋，奈落之术，幻惑之术，内讧之术，伪情报,二连苦无，半月，刚弓，猛毒苦无，十字投，乱苦无，叠返之术，胧影之术，伤药,苦无高手,不可,,主角真田幸村，剧情十勇士集结,未登场,猿飞佐助,浪人,其他,无,,诹访之町,无,未登场,猿飞佐助,浪人,其他,无,,诹访之町,无,未登场,猿飞佐助,浪人,其他,无,,诹访之町,无,未登场,猿飞佐助,浪人,其他,无,,诹访之町,无,未登场,猿飞佐助,浪人,其他,无,,诹访之町,无,已登场,猿飞佐助,下忍,直臣,甲贺众,clan_kouka_1,甲贺之里,无,未登场,猿飞佐助,浪人,其他,无,诹访之町,无,未登场,猿飞佐助,浪人,其他,无,诹访之町,无,已登场,猿飞佐助,上忍,直臣,轩猿众,轩猿之里,无,,"[{""stage"":"""",""tkid"":""364"",""ref"":""364"",""emotion"":0}]",,TAIKOU_bio_364,真田家臣。真田十勇士之一。善用甲賀派忍術。信州鄉紳鷲尾佐太夫之子。師從名人戶澤白雲齋學習忍術，得秘技真傳。偶然與來鳥居山打野豬的幸村相遇，被收為部下。
lord_tk5_365,365,365,,猿渡信光,,猿渡,信光,Saruwatari Nobumitsu,saikai,1,1534,1554,1587,战死,,,,,,全职种,30,30,普通,普通,普通,普通,普通,31,武具,普通,普通,其他,刀剑,68,41,42,40,38,1,2,2,0,0,0,1,0,0,0,0,0,0,0,0,1,无,强袭,无,无要求,,,已登场,猿渡信光,侍大将,直臣,岛津家,clan_shimazu_1,内城,无,已登场,猿渡信光,侍大将,直臣,岛津家,clan_shimazu_1,内城,无,已登场,猿渡信光,侍大将,直臣,岛津家,clan_shimazu_1,内城,无,已登场,猿渡信光,侍大将,直臣,岛津家,clan_shimazu_1,内城,无,已登场,猿渡信光,侍大将,直臣,岛津家,clan_shimazu_1,内城,无,已死亡,猿渡信光,无效,无效,无,,无效,无,已登场,猿渡信光,侍大将,直臣,岛津家,内城,无,已登场,猿渡信光,侍大将,直臣,岛津家,内城,无,已登场,猿渡信光,头目,首领,轩猿众,轩猿之里,无,,"[{""stage"":"""",""tkid"":""365"",""ref"":""365"",""emotion"":0}]",,TAIKOU_bio_365,島津家臣。參加沖田綴之戰，主要在殲滅龍造寺軍等肥前、肥後地區戰役戰鬥中屢立戰功。後在根白阪與豐臣秀吉的九州討伐軍交戰，戰敗而死。
lord_tk5_366,366,366,,山本寺定长,山本寺定長,山本寺,定长,Yamamotoji Sadanaga,hokuriku,1,1525,1554,1578,病死,,,,,,全职种,15,80,普通,勇敢,普通,慎重,普通,59,武具,无欲,普通,其他,枪,67,80,27,36,47,2,2,1,0,3,1,1,1,0,1,1,0,0,1,0,1,无,拔突，刚弓,无,无要求,,,已登场,山本寺定长,部将,直臣,长尾家,clan_uesugi_1,春日山城,无,已登场,山本寺定长,部将,直臣,长尾家,clan_uesugi_1,春日山城,无,已登场,山本寺定长,部将,直臣,上杉家,clan_uesugi_1,春日山城,无,已登场,山本寺定长,部将,直臣,上杉家,clan_uesugi_1,春日山城,无,已死亡,山本寺定长,无效,无效,无,,无效,无,已死亡,山本寺定长,无效,无效,无,,无效,无,已登场,山本寺定长,部将,直臣,长尾家,春日山城,无,已死亡,山本寺定长,无效,无效,无,无效,无,已登场,山本寺定长,家老,直臣,山中家,江户城,无,,"[{""stage"":"""",""tkid"":""366"",""ref"":""366"",""emotion"":0}]",,TAIKOU_bio_366,上杉家臣。與越後守護上杉同族。不動山城主。參與謙信的直刀派（同族派）活動。川中島之戰中直達信玄。謙信收義子景虎後，充任監護人。並於御館之亂時助景虎征戰，後戰敗而四處流浪。
lord_tk5_367,367,367,,椎名康胤,,椎名,康胤,Shiina Yasuyuki,hokuriku,1,1514,1554,1576,战死,,,,,,全职种,90,90,普通,胆小,现实,轻率,不重情义,70,书籍,贪心,嗜酒如命,平氏,刀剑,31,37,33,29,27,1,2,0,0,0,1,0,0,0,0,0,0,0,1,1,0,无,强袭,无,一般条件,,,已登场,椎名康胤,城主,直臣,长尾家,clan_uesugi_1,鱼津城,无,已登场,椎名康胤,城主,直臣,长尾家,clan_uesugi_1,鱼津城,无,已登场,椎名康胤,大名,首领,椎名家,clan_shiina_1,鱼津城,无,已登场,椎名康胤,大名,首领,椎名家,clan_shiina_1,鱼津城,无,已死亡,椎名康胤,无效,无效,无,,无效,无,已死亡,椎名康胤,无效,无效,无,,无效,无,已登场,椎名康胤,城主,直臣,长尾家,鱼津城,无,已死亡,椎名康胤,无效,无效,无,无效,无,已登场,椎名康胤,浪人,其他,无,岐阜之町,无,,"[{""stage"":"""",""tkid"":""367"",""ref"":""367"",""emotion"":0}]",,TAIKOU_bio_367,椎名家當主。越中守護代。最初隸屬於上杉家，後來連合武田家一同對抗神保家。戰勝神保家後，受武田信玄的遊說，脫離上杉家而獨立。但居城被上杉謙信攻下後便沒落了。此時雖請求回到上杉家，但未受允許而被謙信所殺。
lord_tk5_368,368,368,,志贺亲次,志賀親次,志贺,亲次,Shiga Chikatsugu,tokai,1,1566,1580,1603,病死,,,,lord_tk5_369,lord_tk5_369,只限武将,84,84,普通,勇敢,普通,普通,普通,55,南蛮物,普通,普通,藤原氏,刀剑,80,49,34,67,53,3,2,3,1,2,2,3,0,0,0,0,0,0,0,0,0,无,强袭，拔突，急所击，刚弓，铁壁,无,无要求,,,未登场,志贺亲次,足轻组头,陪臣（志贺亲守）,大友家,clan_shiga_1,冈城,无,未登场,志贺亲次,足轻组头,陪臣（志贺亲守）,大友家,clan_shiga_1,冈城,无,未登场,志贺亲次,足轻组头,陪臣（志贺亲守）,大友家,clan_shiga_1,冈城,无,未登场,志贺亲次,足轻组头,陪臣（志贺亲守）,大友家,clan_shiga_1,冈城,无,已登场,志贺亲次,足轻组头,陪臣（志贺亲守）,大友家,clan_shiga_1,冈城,无,已登场,志贺亲次,足轻大将,直臣,福岛家,clan_fukushima_1,清洲城,无,未登场,志贺亲次,足轻组头,陪臣（志贺亲守）,大友家,府内城,无,已登场,志贺亲次,足轻组头,陪臣（由布惟信）,大友家,冈城,无,已登场,志贺亲次,浪人,其他,无,佐仓之町,无,,"[{""stage"":"""",""tkid"":""368"",""ref"":""368"",""emotion"":0}]",,TAIKOU_bio_368,大友家臣。豐後岡城主。親度之子。島津氏進攻豐後時，他據守岡城艱苦奮戰。憑其僅千人之兵擊退島津大軍，而且奪回了鄰近的諸城。其戰功被秀吉所獎賞，連敵將島津義弘也稱讚他為「天正的楠木」。
lord_tk5_369,369,369,,志贺亲守,志賀親守,志贺,亲守,Shiga Chikamori,saikai,1,1511,1554,1592,战死,,,,,lord_tk5_368,只限武将,84,84,普通,胆小,普通,轻率,重视情义,21,武具,无欲,普通,藤原氏,刀剑,63,44,31,53,39,1,1,1,0,0,0,2,0,0,0,0,0,1,2,1,1,无,强袭,无,无要求,,,已登场,志贺亲守,城主,直臣,大友家,clan_shiga_1,冈城,无,已登场,志贺亲守,城主,直臣,大友家,clan_shiga_1,冈城,无,已登场,志贺亲守,城主,直臣,大友家,clan_shiga_1,冈城,无,已登场,志贺亲守,城主,直臣,大友家,clan_shiga_1,冈城,无,已登场,志贺亲守,城主,直臣,大友家,clan_shiga_1,冈城,无,已死亡,志贺亲守,无效,无效,无,clan_fukushima_1,无效,无,已登场,志贺亲守,家老,直臣,大友家,府内城,无,已登场,志贺亲守,家老,直臣,大友家,府内城,无,已登场,志贺亲守,浪人,其他,无,鹿儿岛之町,无,,"[{""stage"":"""",""tkid"":""369"",""ref"":""369"",""emotion"":0}]",,TAIKOU_bio_369,大友家臣。豐後岡城主。大友家家督之爭時，他最早支持義鎮，是確保義鎮的地位的大友家家臣團中的實力派。耳川之戰後，因被認為其手下的消極行動是導致大友軍大敗的原因， 後被立花道雪追究責任。
lord_tk5_370,370,370,,繁泽元氏,繁澤元氏,繁泽,元氏,Shiganezawa Motouji,sanyo,1,1556,1570,1631,病死,lord_tk5_265,,,lord_tk5_722,lord_tk5_263|lord_tk5_264|lord_tk5_265|lord_tk5_314|lord_tk5_316|lord_tk5_562|lord_tk5_622|lord_tk5_720|lord_tk5_721|lord_tk5_722|lord_tk5_828,只限武将,39,39,普通,普通,普通,慎重,普通,28,书籍,普通,普通,其他,刀剑,53,50,61,43,63,1,1,1,0,1,0,1,0,1,1,1,1,1,1,1,1,百万一心,强袭,无,无要求,,,未登场,繁泽元氏,足轻组头,陪臣（毛利元就）,毛利家,clan_mori_1,吉田郡山城,无,未登场,繁泽元氏,足轻组头,陪臣（吉川元春）,毛利家,clan_kikkawa_1,山吹城,无,未登场,繁泽元氏,足轻组头,陪臣（吉川元春）,毛利家,clan_kikkawa_1,山吹城,无,已登场,繁泽元氏,足轻组头,陪臣（吉川元春）,毛利家,clan_kikkawa_1,月山富田城,无,已登场,繁泽元氏,足轻组头,陪臣（吉川元春）,毛利家,clan_kikkawa_1,月山富田城,无,已登场,繁泽元氏,城主,直臣,毛利家,clan_mori_2,益田城,无,未登场,繁泽元氏,足轻组头,陪臣（吉川元春）,毛利家,吉田郡山城,无,已登场,繁泽元氏,足轻组头,陪臣（吉川元长）,毛利家,月山富田城,无,已登场,繁泽元氏,浪人,其他,无,京之町,无,,"[{""stage"":"""",""tkid"":""370"",""ref"":""370"",""emotion"":0}]",,TAIKOU_bio_370,吉川元春次子。初時為周防的仁保家義子。吉川家的兄長元長去世不能繼承家督，讓於弟弟廣家。仁保家也由女婿三浦元忠繼位，在石見稱繁澤姓。關原之戰後，被允許姓毛利。
lord_tk5_371,371,371,,宍户隆家,宍戶隆家|肉戶隆家,宍户,隆家,Shishido Takayoshi,sanyo,1,1518,1554,1592,病死,,,,,lord_tk5_373,只限武将,36,36,普通,普通,理想,普通,重视情义,40,武具,普通,嗜酒如命,藤原氏,刀剑,60,55,51,49,60,1,2,1,0,1,1,2,0,0,1,1,1,1,1,1,1,无,强袭,无,一般条件,,,已登场,宍户隆家,家老,直臣,毛利家,clan_shishido_1,吉田郡山城,无,已登场,宍户隆家,家老,直臣,毛利家,clan_shishido_1,吉田郡山城,无,已登场,宍户隆家,家老,直臣,毛利家,clan_shishido_1,吉田郡山城,无,已登场,宍户隆家,家老,直臣,毛利家,clan_shishido_1,吉田郡山城,无,已登场,宍户隆家,家老,直臣,毛利家,clan_shishido_1,吉田郡山城,无,已死亡,宍户隆家,无效,无效,无,clan_mori_2,无效,无,已登场,宍户隆家,部将,直臣,毛利家,吉田郡山城,无,已登场,宍户隆家,家老,直臣,毛利家,吉田郡山城,无,已登场,宍户隆家,浪人,其他,无,丸龟之町,无,,"[{""stage"":"""",""tkid"":""371"",""ref"":""371"",""emotion"":0}]",,TAIKOU_bio_371,毛利家臣。元家嫡子。初與毛利元就爭，娶元就女後反仇為睦。後受到與同族派相同的待遇。在與尼子的會戰中立下大功，在諸多戰鬥中展現才能，為擴大毛利家版圖做出了貢獻。
lord_tk5_372,372,372,,宍户梅轩,肉戶梅軒|宍戶梅軒,宍户,梅轩,Shishido Baiken,tokai,1,1568,1582,1605,战死,,,,,,没那个意思,60,60,性急,普通,普通,轻率,重视情义,62,武具,贪心,嗜酒如命,其他,锁镰,13,85,9,29,27,0,0,0,0,0,3,0,3,0,0,1,0,0,0,0,0,无,强袭，连续斩，拔突，二连苦无，半月，千鸟，刚力，铁壁,锁镰名人,不可,,主角宫本武藏，剧情流程,未登场,宍户梅轩,浪人,其他,无,,奈良之町,无,未登场,宍户梅轩,浪人,其他,无,,奈良之町,无,未登场,宍户梅轩,浪人,其他,无,,奈良之町,无,未登场,宍户梅轩,浪人,其他,无,,奈良之町,无,已登场,宍户梅轩,浪人,其他,无,,奈良之町,无,已登场,宍户梅轩,浪人,其他,无,,大凑之町,无,未登场,宍户梅轩,浪人,其他,无,奈良之町,无,已登场,宍户梅轩,浪人,其他,无,奈良之町,无,已登场,宍户梅轩,当家,首领,豆腐屋,今治之町,无,,"[{""stage"":"""",""tkid"":""372"",""ref"":""372"",""emotion"":0}]",,TAIKOU_bio_372,善用鎖鎌的高手。流派及本名不詳。在伊賀接受宮本武藏的挑戰，於決鬥中敗北。鎖鎌是在鎌刀上加上長鎖鏈與銅球的特殊武器。利用離心力投擲銅球鎖鍊，利用鎖鍊纏繞絆住敵人的刀，牽制敵人的行動。聽說武藏在和梅軒戰鬥過後，領悟了二刀流的訣竅。
lord_tk5_373,373,373,,宍户元续,宍戶元續|肉戶元續,宍户,元续,Shishido Mototsugu,sanyo,1,1563,1577,1631,病死,,,,lord_tk5_371,lord_tk5_371,只限武将,36,36,温和,普通,现实,慎重,普通,38,书籍,无欲,滴酒不沾,藤原氏,刀剑,49,44,58,37,62,1,1,1,0,1,1,1,0,1,1,0,0,1,1,1,1,无,强袭,无,无要求,,,未登场,宍户元续,足轻组头,陪臣（宍户隆家）,毛利家,clan_shishido_1,吉田郡山城,无,未登场,宍户元续,足轻组头,陪臣（宍户隆家）,毛利家,clan_shishido_1,吉田郡山城,无,未登场,宍户元续,足轻组头,陪臣（宍户隆家）,毛利家,clan_shishido_1,吉田郡山城,无,未登场,宍户元续,足轻组头,陪臣（宍户隆家）,毛利家,clan_shishido_1,吉田郡山城,无,已登场,宍户元续,足轻组头,陪臣（宍户隆家）,毛利家,clan_shishido_1,吉田郡山城,无,已登场,宍户元续,家老,直臣,毛利家,clan_mori_2,广岛城,无,未登场,宍户元续,足轻组头,陪臣（宍户隆家）,毛利家,吉田郡山城,无,已登场,宍户元续,足轻组头,陪臣（宍户隆家）,毛利家,吉田郡山城,无,已登场,宍户元续,浪人,其他,无,丸龟之町,无,,"[{""stage"":"""",""tkid"":""373"",""ref"":""373"",""emotion"":0}]",,TAIKOU_bio_373,毛利家家臣。隆家之孫。是家中一族家老之首，頗有分量，娶織田信長的女兒為妻。肉戶家在兩百六十年來，都以安藝五龍城為本據地，但於關原合戰敗戰後，毛利家從中國八國減封至周防兩國，元續也被迫移封至周防三丘。
lord_tk5_374,374,374,,七条兼仲,七條兼仲,七条,兼仲,Shichijoo Kanenaka,nankai,1,1542,1556,1582,病死,,,,,,全职种,40,40,性急,勇敢,普通,轻率,普通,63,武具,贪心,普通,其他,刀剑,54,81,14,13,56,2,1,1,0,4,3,0,2,0,0,1,0,0,0,0,0,无,强袭，连续斩，拔突，二连苦无，刚弓，刚力，铁壁,无,无要求,,,未登场,七条兼仲,足轻大将,陪臣（三好义贤）,三好家,clan_miyoshi_2,胜瑞城,无,已登场,七条兼仲,足轻大将,直臣,三好家,clan_miyoshi_1,饭盛城,无,已登场,七条兼仲,足轻大将,直臣,三好家,clan_miyoshi_4,胜瑞城,无,已登场,七条兼仲,足轻大将,直臣,三好家,clan_sogo_2,胜瑞城,无,已登场,七条兼仲,足轻大将,直臣,十河家,clan_sogo_2,十河城,无,已死亡,七条兼仲,无效,无效,无,,无效,无,未登场,七条兼仲,足轻大将,陪臣（三好长庆）,细川家,芥川城,无,已死亡,七条兼仲,无效,无效,无,无效,无,已登场,七条兼仲,大名,首领,七条家,杂贺城,无,,"[{""stage"":"""",""tkid"":""374"",""ref"":""374"",""emotion"":0}]",,TAIKOU_bio_374,阿波的貴族，七條城主。在中富川之戰中戰死。力大無比的武士，並遺留下許多勇猛的傳說。在大山寺舉辦的「力餅大會」上據說展示了功夫的一部分。
lord_tk5_375,375,375,,七里赖周,七裡賴周|七里賴周,七里,赖周,Shichiri Yorichika,hokuriku,1,1530,1554,1580,病死,,,,,,全职种,50,50,性急,普通,现实,普通,普通,51,艺术品,贪心,普通,其他,枪,76,57,59,70,60,1,1,2,0,0,0,3,0,1,2,1,3,3,2,1,3,百发百中,拔突，伤药，丢钱,无,无要求,,,已登场,七里赖周,城主,直臣,本愿寺,clan_honganji_1,尾山城,无,已登场,七里赖周,城主,直臣,本愿寺,clan_honganji_1,尾山城,无,已登场,七里赖周,城主,直臣,本愿寺,clan_honganji_1,尾山城,无,已登场,七里赖周,城主,直臣,本愿寺,clan_honganji_1,尾山城,无,已死亡,七里赖周,无效,无效,无,,无效,无,已死亡,七里赖周,无效,无效,无,,无效,无,已登场,七里赖周,城主,直臣,本愿寺,尾山城,无,已死亡,七里赖周,无效,无效,无,无效,无,已登场,七里赖周,家老,直臣,七条家,杂贺城,无,,"[{""stage"":"""",""tkid"":""375"",""ref"":""375"",""emotion"":0}]",,TAIKOU_bio_375,加賀本願寺代理法主。被本願寺顯如任命為金澤御坊坊官，在加賀地區行使權力。應一向宗門徒之邀討伐富田長繁，轉年投降織田信長的進攻部隊。後遵顯如之命進攻松任城主鏑木賴信。
lord_tk5_376,376,376,,篠原长房,篠原長房,篠原,长房,Shinohara Nagafusa,nankai,1,1513,1554,1573,战死,,,,,,只限武将,50,50,性急,普通,普通,轻率,普通,64,南蛮物,贪心,嗜酒如命,其他,刀剑,45,37,70,56,64,1,1,1,1,1,1,1,1,1,2,0,3,0,0,0,0,无,强袭，丢钱,无,一般条件,,,已登场,篠原长房,城主,直臣,三好家,clan_miyoshi_1,抚养城,无,已登场,篠原长房,城主,直臣,三好家,clan_miyoshi_1,抚养城,无,已登场,篠原长房,城主,直臣,三好家,clan_miyoshi_4,抚养城,无,已死亡,篠原长房,无效,无效,无,,无效,无,已死亡,篠原长房,无效,无效,无,,无效,无,已死亡,篠原长房,无效,无效,无,,无效,无,已登场,篠原长房,部将,陪臣（三好义贤）,细川家,胜瑞城,无,已死亡,篠原长房,无效,无效,无,无效,无,已登场,篠原长房,浪人,其他,无,长滨之町,无,,"[{""stage"":"""",""tkid"":""376"",""ref"":""376"",""emotion"":0}]",,TAIKOU_bio_376,三好家臣。製定了以主家領地為中央的分國法「新加製式」。主公義賢死後，與三好三人眾擁護細川真之、三好長治。織田信長入京後逃往阿波，此後在攻打長治時被消滅。
lord_tk5_377,377,377,,斯波诠直,斯波詮直,斯波,诠直,Shiba Akinao,ou,1,1546,1560,1600,病死,lord_tk5_378,,,lord_tk5_378,lord_tk5_378,只限武将,20,20,普通,胆小,理想,普通,普通,21,艺术品,无欲,普通,源氏,刀剑,17,19,32,38,56,0,0,0,0,1,0,1,0,0,0,0,1,3,0,1,0,无,强袭,无,无要求,,,未登场,斯波诠直,部将,陪臣（斯波诠真）,斯波家,clan_shiba_1,高水寺城,无,已登场,斯波诠直,家老,直臣,斯波家,clan_shiba_1,高水寺城,无,已登场,斯波诠直,家老,直臣,斯波家,clan_shiba_1,高水寺城,无,已登场,斯波诠直,家老,直臣,斯波家,clan_shiba_1,高水寺城,无,已登场,斯波诠直,大名,首领,斯波家,clan_shiba_1,高水寺城,无,已登场,斯波诠直,足轻组头,直臣,南部家,clan_nanbu_2,盛冈城,无,未登场,斯波诠直,家老,直臣,斯波家,高水寺城,无,已登场,斯波诠直,大名,首领,斯波家,高水寺城,无,已登场,斯波诠直,水夫头,直臣,丰后水军,一尺屋之砦,无,,"[{""stage"":"""",""tkid"":""377"",""ref"":""377"",""emotion"":0}]",,TAIKOU_bio_377,奧州斯波家當主。詮真之子。又名詮基。隨著足利將軍家的滅亡，足利一族的斯波家勢力也跟著衰退。因為無法阻止南部家南下侵略，導致失去家臣的向心力，最後被逐出御所而亡命。企圖在關原合戰時東山再起郤失敗。在大阪之陣後，受到最上家的庇護。
lord_tk5_378,378,378,,斯波诠真,斯波詮真,斯波,诠真,Shiba Akizane,ou,1,1518,1554,1579,病死,,,,,lord_tk5_377,只限武将,20,20,普通,胆小,普通,普通,普通,17,艺术品,无欲,普通,源氏,刀剑,23,17,33,39,58,0,0,0,0,0,1,1,0,1,0,0,0,3,1,1,0,无,强袭,无,无要求,,,已登场,斯波诠真,大名,首领,斯波家,clan_shiba_1,高水寺城,无,已登场,斯波诠真,大名,首领,斯波家,clan_shiba_1,高水寺城,无,已登场,斯波诠真,大名,首领,斯波家,clan_shiba_1,高水寺城,无,已登场,斯波诠真,大名,首领,斯波家,clan_shiba_1,高水寺城,无,已死亡,斯波诠真,无效,无效,无,clan_shiba_1,无效,无,已死亡,斯波诠真,无效,无效,无,clan_nanbu_2,无效,无,已登场,斯波诠真,大名,首领,斯波家,高水寺城,无,已死亡,斯波诠真,无效,无效,无,无效,无,已登场,斯波诠真,水夫头,直臣,丰后水军,一尺屋之砦,无,,"[{""stage"":"""",""tkid"":""378"",""ref"":""378"",""emotion"":0}]",,TAIKOU_bio_378,奧州斯波家當主。又名家政。曾以足利家一族之名號威震陸奧的斯波家，到了詮真這代的勢力已明顯衰退。雖對南部家的侵攻進行反擊，但被擊敗後而求和。其後陸續遭到家臣的叛變，在家中一片混亂之際，隱居不問世事，家督之位順理讓與了詮直。
lord_tk5_379,379,379|1163,,柴田胜家,柴田勝家,柴田,胜家,Shibata Katsuie,hokuriku,1,1522,1554,1583,战死,柴田胜义,,,,lord_tk5_341|lord_tk5_380,只限武将,85,85,性急,勇敢,理想,轻率,重视情义,83,武具,贪心,嗜酒如命,源氏,刀剑,94,89,69,52,82,4,4,3,0,4,3,3,1,3,1,1,0,1,0,1,0,强行突破，弓箭乱射，骑射突击,强袭，连续斩，拔突，急所击，刚弓，刚力，铁壁,无,一般条件,"贱岳七本枪 糟谷武则/片桐且元/加藤清正/加藤嘉明/
    平野长泰/福岛正则/胁坂安治","主角丰臣秀吉，北之庄剧情战斗胜利
    主角前田利家，贱岳之战投降丰臣秀吉",已登场,柴田胜家,部将,陪臣（织田信胜）,织田家,clan_shibata_1,那古野城,无,已登场,柴田胜家,家老,直臣,织田家,clan_shibata_1,清洲城,无,已登场,柴田胜家,家老,直臣,织田家,clan_shibata_1,岐阜城,无,已登场,柴田胜家,城主,直臣,织田家,clan_shibata_1,北之庄城,无,已登场,柴田胜家,国主,直臣,织田家,clan_shibata_1,北之庄城,无,已死亡,柴田胜家,无效,无效,无,,无效,无,已登场,柴田胜家,侍大将,陪臣（织田信胜）,织田家,那古野城,无,已死亡,柴田胜家,无效,无效,无,无效,无,已登场,柴田胜家,浪人,其他,无,杂贺之町,无,"[{""stage"":""鬼"",""tkid"":""379"",""ref"":"""",""emotion"":1},{""stage"":""越前"",""tkid"":""1163"",""ref"":"""",""emotion"":1}]","[{""stage"":""鬼"",""tkid"":""379"",""ref"":""379"",""emotion"":1},{""stage"":""越前"",""tkid"":""1163"",""ref"":""1163"",""emotion"":1}]",鬼柴田柴田胜家：织田首席家老，忠诚刚勇、寡言重情的古风硬汉，嗜酒如命的传统善良武士。笑是豪爽朗笑，怒是龙吟震怒拍案，悲是沉痛凝视仰头灌酒，惊是瞪目横枪须发贲张。,TAIKOU_bio_379,織田家臣。信長每次出征，都擔任先鋒，是一員人稱「勇猛柴田」的猛將。擔當過北陸方面軍總大將。本能寺事變後同秀吉爭鬥，在賤岳之戰中失敗，在其居城北之庄城自殺。
lord_tk5_380,380,380,,柴田胜丰,柴田勝豐,柴田,胜丰,Shibata Katsutoyo,hokuriku,1,1556,1570,1583,病死,lord_tk5_379,,,柴田胜义,lord_tk5_341|lord_tk5_379,只限武将,90,10,温和,普通,普通,轻率,不重情义,40,书籍,无欲,普通,源氏,刀剑,26,21,44,17,24,0,0,0,0,0,0,1,0,2,1,1,1,0,0,0,1,无,强袭,无,无要求,,,未登场,柴田胜丰,足轻组头,陪臣（柴田胜家）,织田家,clan_shibata_1,那古野城,无,未登场,柴田胜丰,足轻组头,直臣,织田家,clan_oda_1,清洲城,无,未登场,柴田胜丰,足轻组头,直臣,织田家,clan_oda_1,岐阜城,无,已登场,柴田胜丰,足轻组头,直臣,织田家,clan_oda_1,岐阜城,无,已登场,柴田胜丰,足轻组头,陪臣（柴田胜家）,织田家,clan_shibata_1,北之庄城,无,已死亡,柴田胜丰,无效,无效,无,,无效,无,未登场,柴田胜丰,足轻组头,直臣,织田家,那古野城,无,已死亡,柴田胜丰,无效,无效,无,无效,无,已登场,柴田胜丰,浪人,其他,无,小滨之町,无,,"[{""stage"":"""",""tkid"":""380"",""ref"":""380"",""emotion"":0}]",,TAIKOU_bio_380,柴田家臣。母親是柴田勝家之妹。作了叔父勝家的義子。本能寺事變後，勝家將在清洲會議所得的近江交與他，成了長濱城主。之後與勝家對立，被得知此事的羽柴秀吉所攻擊，而投降，賤岳交戰後病死。
lord_tk5_381,381,381,,新发田重家,新發田重家,新发田,重家,Shibata Shigeie,hokuriku,1,1546,1560,1587,战死,新发田纲贞,,,,lord_tk5_382,全职种,5,90,普通,普通,普通,轻率,不重情义,75,艺术品,贪心,普通,源氏,刀剑,51,63,24,20,47,1,2,0,0,0,0,0,1,0,0,1,1,0,0,0,1,无,强袭,无,无要求,,,未登场,新发田重家,足轻大将,陪臣（新发田长敦）,长尾家,clan_shibata_2,新发田城,无,已登场,新发田重家,足轻大将,陪臣（新发田长敦）,长尾家,clan_shibata_2,新发田城,无,已登场,新发田重家,足轻大将,陪臣（新发田长敦）,上杉家,clan_shibata_2,新发田城,无,已登场,新发田重家,足轻大将,陪臣（新发田长敦）,上杉家,clan_shibata_2,新发田城,无,已登场,新发田重家,城主,直臣,上杉家,clan_uesugi_2,新发田城,无,已死亡,新发田重家,无效,无效,无,,无效,无,未登场,新发田重家,足轻大将,陪臣（新发田长敦）,长尾家,新发田城,无,已登场,新发田重家,大名,首领,新发田家,新发田城,无,已登场,新发田重家,浪人,其他,无,京之町,无,,"[{""stage"":"""",""tkid"":""381"",""ref"":""381"",""emotion"":0}]",,TAIKOU_bio_381,上杉家臣。綱貞之子。起初繼承了五十公野家，兄長長敦病故後繼承本家家業。御館之亂中助上杉景勝取得勝利，但因對獎賞不滿而勾結織田家背叛上杉家。與景勝軍抗爭，至終敗北。
lord_tk5_382,382,382,,新发田长敦,新發田長敦,新发田,长敦,Shibata Nagaatsu,hokuriku,1,1507,1554,1580,病死,新发田纲贞,,,,lord_tk5_381,全职种,10,10,温和,胆小,普通,轻率,重视情义,31,书籍,无欲,普通,源氏,刀剑,47,47,52,61,34,0,0,0,0,0,0,2,0,1,2,1,1,1,1,1,0,无,强袭,无,无要求,,,已登场,新发田长敦,城主,直臣,长尾家,clan_shibata_2,新发田城,无,已登场,新发田长敦,城主,直臣,长尾家,clan_shibata_2,新发田城,无,已登场,新发田长敦,城主,直臣,上杉家,clan_shibata_2,新发田城,无,已登场,新发田长敦,城主,直臣,上杉家,clan_shibata_2,新发田城,无,已死亡,新发田长敦,无效,无效,无,clan_uesugi_2,无效,无,已死亡,新发田长敦,无效,无效,无,,无效,无,已登场,新发田长敦,城主,直臣,长尾家,新发田城,无,已死亡,新发田长敦,无效,无效,无,无效,无,已登场,新发田长敦,浪人,其他,无,长滨之町,无,,"[{""stage"":"""",""tkid"":""382"",""ref"":""382"",""emotion"":0}]",,TAIKOU_bio_382,上杉家臣。新發田五十公野城主。綱貞之子。越後的本地領主。曾斡旋上條方國人一派歸順長尾家。為重臣參與謙信政權政事。御館之亂時與兄弟重家一起跟從上杉景勝一方，勝利後輔佐景勝。
lord_tk5_383,383,383,,芝辻清右卫门,芝辻清右衛門|芝十清右衛門,芝辻,清右卫门,Shibatsuji Kiyouemon,kinai,1,1516,1554,1599,病死,,,,,,没那个意思,45,45,普通,普通,普通,慎重,重视情义,44,南蛮物,普通,嗜酒如命,其他,火绳枪,24,37,19,42,66,1,0,4,0,0,0,0,0,0,0,4,2,2,1,0,0,无,急所击，二挺击，石火，乱射,火枪名人，名工,一般条件,,,已登场,芝辻清右卫门,锻冶匠,其他,无,,杂贺之町,无,已登场,芝辻清右卫门,锻冶匠,其他,无,,杂贺之町,无,已登场,芝辻清右卫门,锻冶匠,其他,无,,杂贺之町,无,已登场,芝辻清右卫门,锻冶匠,其他,无,,杂贺之町,无,已登场,芝辻清右卫门,锻冶匠,其他,无,,杂贺之町,无,已登场,芝辻清右卫门,锻冶匠,其他,无,,杂贺之町,无,已登场,芝辻清右卫门,锻冶匠,其他,无,杂贺之町,无,已登场,芝辻清右卫门,锻冶匠,其他,无,杂贺之町,无,已登场,芝辻清右卫门,锻冶匠,其他,无,杂贺之町,无,,"[{""stage"":"""",""tkid"":""383"",""ref"":""383"",""emotion"":0}]",,TAIKOU_bio_383,負責鐵砲鍛冶。又名仙齋。本來是根來的刀匠，擁有源自種子島的兩隻鐵砲之一的津田監物，命令其複製鐵砲，因而製造出紀州第一號鐵砲。之後移至界定居，界成為了一大鐵砲生產地。
lord_tk5_384,384,384,,涩谷与右卫门,澀谷與右衛門|澀谷与右衛門,涩谷,与右卫门,Shibuya Yuurooemon,sanyo,1,1541,1554,1617,病死,,,,,,武将以外优先,32,32,温和,普通,理想,普通,重视情义,54,南蛮物,贪心,滴酒不沾,其他,枪,19,16,63,63,58,0,0,0,2,0,0,0,1,1,0,0,3,1,3,2,1,无,拔突，丢钱，大宴宾客,风雅之士,一般条件,,,已登场,涩谷与右卫门,当家,首领,大西屋,clan_shibuya_1,尾道之町,无,已登场,涩谷与右卫门,当家,首领,大西屋,clan_shibuya_1,尾道之町,无,已登场,涩谷与右卫门,当家,首领,大西屋,clan_shibuya_1,尾道之町,无,已登场,涩谷与右卫门,当家,首领,大西屋,clan_shibuya_1,尾道之町,无,已登场,涩谷与右卫门,当家,首领,大西屋,clan_shibuya_1,尾道之町,无,已登场,涩谷与右卫门,当家,首领,大西屋,clan_shibuya_1,尾道之町,无,未登场,涩谷与右卫门,浪人,其他,无,尾道之町,无,已登场,涩谷与右卫门,当家,首领,大西屋,尾道之町,无,已登场,涩谷与右卫门,浪人,其他,无,松仓之町,无,,"[{""stage"":"""",""tkid"":""384"",""ref"":""384"",""emotion"":0}]",,TAIKOU_bio_384,備後尾道之商人。經營海運業，與三島村上水軍交情頗深。為毛利家負責海運之御用商人，負責包辦毛利軍兵糧及火藥等的調度及輸送，之後受封備後沼隈郡兩百石。江戶初期擔任尾道的月行司，對町的營運也有貢獻。
lord_tk5_385,385,385,,岛井宗室,島井宗室,岛井,宗室,Shimae Sooshitsu,saikai,1,1539,1554,1615,病死,,,,,,武将以外优先,0,0,温和,勇敢,现实,普通,普通,71,南蛮物,贪心,普通,其他,枪,39,28,67,78,72,0,0,0,0,0,0,0,0,3,0,0,4,2,3,4,1,无,拔突，丢钱，贿赂，大宴宾客,茶宗,一般条件,,,已登场,岛井宗室,当家,首领,博多屋,clan_shimae_1,博多之町,无,已登场,岛井宗室,当家,首领,博多屋,clan_shimae_1,博多之町,无,已登场,岛井宗室,当家,首领,博多屋,clan_shimae_1,博多之町,无,已登场,岛井宗室,当家,首领,博多屋,clan_shimae_1,博多之町,无,已登场,岛井宗室,当家,首领,博多屋,clan_shimae_1,博多之町,无,已登场,岛井宗室,当家,首领,博多屋,clan_shimae_1,博多之町,无,已登场,岛井宗室,当家,首领,博多屋,博多之町,无,已登场,岛井宗室,当家,首领,博多屋,博多之町,无,已登场,岛井宗室,船头,直臣,村上水军,三岛之砦,无,,"[{""stage"":"""",""tkid"":""385"",""ref"":""385"",""emotion"":0}]",,TAIKOU_bio_385,博多的豪商。茶人。又名宗叱。最先經營酒屋，後來也從事對明及朝鮮的貿易。融資給九州的各大名而獲得了財富。透過界的商人和茶人，和織田信長及豐臣秀吉拉攏關係以確保自己的權益。在本能寺之變的前一天曾受邀參加信長召開的茶會。
lord_tk5_386,386,1164|386,,岛左近,島左近|岛清兴|島清興,岛,左近,Shima Sakon,kinai,1,1545,1559,1600,战死,,,,,,只限武将,15,15,普通,勇敢,理想,普通,普通,65,武具,无欲,普通,其他,枪,87,88,42,79,85,2,4,3,0,2,3,3,0,0,0,0,1,2,0,1,1,骑射突击,强袭，连续斩，拔突，粘花，急所击，刚弓，卷枪，引落，柄返，刚力，铁壁,无,一般条件,,,未登场,岛清兴,足轻大将,直臣,筒井家,clan_tsutsui_1,大和郡山城,无,已登场,岛清兴,足轻大将,直臣,筒井家,clan_tsutsui_1,大和郡山城,无,已登场,岛清兴,足轻大将,直臣,筒井家,clan_tsutsui_1,大和郡山城,无,已登场,岛清兴,足轻大将,直臣,筒井家,clan_tsutsui_1,大和郡山城,无,已登场,岛清兴,足轻大将,陪臣（筒井顺庆）,织田家,clan_tsutsui_1,大和郡山城,无,已登场,岛清兴,部将,陪臣（石田三成）,丰臣家,clan_ishida_1,佐和山城,无,未登场,岛清兴,足轻大将,直臣,筒井家,大和郡山城,无,已登场,岛清兴,侍大将,直臣,筒井家,大和郡山城,无,已登场,岛清兴,头领,首领,村上水军,三岛之砦,无,"[{""stage"":""清兴"",""tkid"":""1164"",""ref"":"""",""emotion"":1},{""stage"":""左近"",""tkid"":""386"",""ref"":"""",""emotion"":1}]","[{""stage"":""清兴"",""tkid"":""1164"",""ref"":""1164"",""emotion"":1},{""stage"":""左近"",""tkid"":""386"",""ref"":""386"",""emotion"":1}]",,TAIKOU_bio_386,筒井家臣。人稱左近，又名為勝猛。以「鬼左近」聞名的名將。在經歷了流浪武士生活之後，其武勇受到了石田三成的賞識，以厚祿召入帳下。曾被讚譽為「非三成所能盡用之人」。關原之戰中所向無敵，在受重傷後仍衝往前線因而壯烈犧牲。
lord_tk5_387,387,387,,岛津家久,島津家久,岛津,家久,Shimazu Iehisa,saikai,1,1547,1561,1587,战死,lord_tk5_389,,,lord_tk5_388,lord_tk5_388|lord_tk5_389|lord_tk5_390|lord_tk5_391|lord_tk5_392|lord_tk5_394|lord_tk5_395,只限武将,30,30,温和,勇敢,普通,轻率,普通,41,武具,无欲,嗜酒如命,源氏,刀剑,75,84,49,43,78,1,2,2,0,1,2,2,1,1,2,1,2,0,2,1,2,钓野伏，狙击,强袭，拔突，铁壁,无,一般条件,,,未登场,岛津家久,侍大将,陪臣（岛津贵久）,岛津家,clan_shimazu_3,内城,无,已登场,岛津家久,侍大将,直臣,岛津家,clan_shimazu_3,内城,无,已登场,岛津家久,侍大将,直臣,岛津家,clan_shimazu_3,内城,无,已登场,岛津家久,侍大将,直臣,岛津家,clan_shimazu_3,内城,无,已登场,岛津家久,侍大将,直臣,岛津家,clan_shimazu_3,内城,无,已死亡,岛津家久,无效,无效,无,clan_shimazu_2,无效,无,未登场,岛津家久,侍大将,直臣,岛津家,内城,无,已登场,岛津家久,国主,直臣,岛津家,饫肥城,无,已登场,岛津家久,水夫头,直臣,村上水军,三岛之砦,无,,"[{""stage"":"""",""tkid"":""387"",""ref"":""387"",""emotion"":0}]",,TAIKOU_bio_387,島津家臣。貴久四子。義久之弟。受猛將之譽，在家臣中屬出類拔萃者。沖田綴之戰中助家兄義久戰鬥，破十倍於自己的龍造寺軍。曾與豐臣秀吉的九州討伐軍爭戰，不敵被俘，後被毒死。
lord_tk5_388,388,388,,岛津日新斋,島津日新齋|岛津忠良|島津忠良,岛津,日新斋,Shimazu Hyoogo-no-suke,saikai,1,1492,1554,1568,病死,,,,,lord_tk5_387|lord_tk5_389|lord_tk5_391|lord_tk5_394|lord_tk5_395,只限武将,30,30,温和,普通,普通,慎重,普通,69,书籍,无欲,普通,源氏,枪,81,74,88,86,89,2,2,2,1,1,1,3,2,2,2,1,3,4,3,0,3,无,拔突，二连苦无，伤药，丢钱,无,一般条件,,,已登场,岛津日新斋,家老,直臣,岛津家,clan_shimazu_1,内城,无,已登场,岛津日新斋,家老,直臣,岛津家,clan_shimazu_1,内城,无,已死亡,岛津日新斋,无效,无效,无,clan_shimazu_1,无效,无,已死亡,岛津日新斋,无效,无效,无,clan_shimazu_1,无效,无,已死亡,岛津日新斋,无效,无效,无,clan_shimazu_1,无效,无,已死亡,岛津日新斋,无效,无效,无,clan_shimazu_2,无效,无,已登场,岛津忠良,家老,直臣,岛津家,内城,无,已死亡,岛津日新斋,无效,无效,无,无效,无,已登场,岛津日新斋,水夫头,直臣,村上水军,三岛之砦,无,,"[{""stage"":"""",""tkid"":""388"",""ref"":""388"",""emotion"":0}]",,TAIKOU_bio_388,伊作島津家善久之子。名忠良。貴久之父。讓嫡子‧貴久繼承島津宗家，壓制了薩州島津家而統一了薩摩。被譽為「島津中興之祖」。隱居後也繼續協助貴久，對家臣的教育也有所貢獻。不久，日新齋所著作的「伊呂波歌」成為了薩摩藩的士風教化聖典。
lord_tk5_389,389,389,,岛津贵久,島津貴久,岛津,贵久,Shimazu Takahisa,saikai,1,1514,1554,1571,病死,lord_tk5_388,,,,lord_tk5_387|lord_tk5_388|lord_tk5_390|lord_tk5_391|lord_tk5_392|lord_tk5_394|lord_tk5_395,只限武将,30,30,温和,勇敢,普通,轻率,普通,70,南蛮物,普通,普通,源氏,刀剑,83,60,84,80,83,3,3,2,0,0,0,2,0,2,2,2,0,3,2,1,0,无,强袭,策士,一般条件,,,已登场,岛津贵久,大名,首领,岛津家,clan_shimazu_1,内城,无,已登场,岛津贵久,大名,首领,岛津家,clan_shimazu_1,内城,无,已登场,岛津贵久,大名,首领,岛津家,clan_shimazu_1,内城,无,已死亡,岛津贵久,无效,无效,无,clan_shimazu_1,无效,无,已死亡,岛津贵久,无效,无效,无,clan_shimazu_1,无效,无,已死亡,岛津贵久,无效,无效,无,clan_shimazu_2,无效,无,已登场,岛津贵久,大名,首领,岛津家,内城,无,已死亡,岛津贵久,无效,无效,无,无效,无,已登场,岛津贵久,水夫头,直臣,村上水军,三岛之砦,无,,"[{""stage"":"""",""tkid"":""389"",""ref"":""389"",""emotion"":0}]",,TAIKOU_bio_389,薩摩的大名。島津家第１５代當主，忠良之嫡子。以島津勝久義子身份繼承家業，雖有勝久復政，但仍以實力掌握大權。後輔佐父親擴大領地，實現了薩摩的統一。以引進鐵砲和積極的外交建立了島津家的基業。
lord_tk5_390,390,390,,岛津忠恒,島津忠恒|島津忠恆,岛津,忠恒,Shimazu Zenshu,saikai,1,1578,1592,1638,病死,lord_tk5_395,,,lord_tk5_389,lord_tk5_387|lord_tk5_389|lord_tk5_391|lord_tk5_392|lord_tk5_394|lord_tk5_395,只限武将,36,90,温和,胆小,现实,轻率,不重情义,34,南蛮物,贪心,普通,源氏,刀剑,68,69,80,78,75,1,2,3,2,1,0,0,0,3,3,2,2,3,2,3,1,无,强袭，急所击,无,无要求,,,未登场,岛津忠恒,足轻组头,陪臣（岛津义弘）,岛津家,clan_shimazu_2,内城,无,未登场,岛津忠恒,足轻组头,陪臣（岛津义弘）,岛津家,clan_shimazu_2,内城,无,未登场,岛津忠恒,足轻组头,陪臣（岛津义弘）,岛津家,clan_shimazu_2,内城,无,未登场,岛津忠恒,足轻组头,陪臣（岛津义弘）,岛津家,clan_shimazu_2,内城,无,未登场,岛津忠恒,足轻组头,陪臣（岛津义弘）,岛津家,clan_shimazu_2,内城,无,已登场,岛津忠恒,家老,直臣,岛津家,clan_shimazu_2,内城,无,未登场,岛津忠恒,足轻组头,陪臣（岛津义弘）,岛津家,内城,无,未登场,岛津忠恒,足轻组头,陪臣（岛津义弘）,岛津家,八代城,无,已登场,岛津忠恒,水夫头,直臣,村上水军,三岛之砦,无,,"[{""stage"":"""",""tkid"":""390"",""ref"":""390"",""emotion"":0}]",,TAIKOU_bio_390,島津家１８代領主。義弘三子，後稱家久。自幼好武。家兄久保死後繼持家督之位。關原之戰後，被確定了領屬。遂修築鹿兒島城，整備城下鎮，港口等，為薩摩藩奠定了基礎。
lord_tk5_391,391,391,,岛津岁久,島津歲久,岛津,岁久,Shimazu Toshihisa,saikai,1,1537,1554,1592,战死,lord_tk5_389,,,lord_tk5_388,lord_tk5_387|lord_tk5_388|lord_tk5_389|lord_tk5_390|lord_tk5_392|lord_tk5_394|lord_tk5_395,只限武将,30,30,普通,勇敢,普通,轻率,重视情义,69,武具,普通,嗜酒如命,源氏,刀剑,70,67,60,72,79,2,2,2,0,1,2,2,0,1,1,1,1,1,0,1,1,无,强袭，拔突，铁壁,无,一般条件,,,已登场,岛津岁久,家老,直臣,岛津家,clan_shimazu_1,内城,无,已登场,岛津岁久,家老,直臣,岛津家,clan_shimazu_1,内城,无,已登场,岛津岁久,家老,直臣,岛津家,clan_shimazu_1,内城,无,已登场,岛津岁久,家老,直臣,岛津家,clan_shimazu_1,内城,无,已登场,岛津岁久,家老,直臣,岛津家,clan_shimazu_1,内城,无,已死亡,岛津岁久,无效,无效,无,clan_shimazu_2,无效,无,未登场,岛津岁久,家老,直臣,岛津家,内城,无,已登场,岛津岁久,家老,直臣,岛津家,内城,无,已登场,岛津岁久,水夫头,直臣,村上水军,三岛之砦,无,,"[{""stage"":"""",""tkid"":""391"",""ref"":""391"",""emotion"":0}]",,TAIKOU_bio_391,島津家臣。貴久三子，義久義弘之弟。在進攻橫川以來屢建戰功。秀吉討伐九州時抵抗到最後，稱病不見。不僅如此，因家臣參與梅北國兼之亂而激怒秀吉，遂引咎自盡。
lord_tk5_392,392,392,,岛津丰久,島津豐久,岛津,丰久,Shimazu Toyohisa,saikai,1,1570,1584,1600,战死,lord_tk5_387,,,lord_tk5_389,lord_tk5_387|lord_tk5_389|lord_tk5_390|lord_tk5_391|lord_tk5_394|lord_tk5_395,只限武将,30,30,普通,勇敢,普通,轻率,重视情义,53,武具,普通,普通,源氏,刀剑,75,64,33,48,65,2,2,1,0,1,1,2,0,0,1,1,1,1,1,1,0,无,强袭,无,无要求,,,未登场,岛津丰久,足轻组头,陪臣（岛津家久）,岛津家,clan_shimazu_3,内城,无,未登场,岛津丰久,足轻组头,陪臣（岛津家久）,岛津家,clan_shimazu_3,内城,无,未登场,岛津丰久,足轻组头,陪臣（岛津家久）,岛津家,clan_shimazu_3,内城,无,未登场,岛津丰久,足轻组头,陪臣（岛津家久）,岛津家,clan_shimazu_3,内城,无,未登场,岛津丰久,足轻组头,陪臣（岛津家久）,岛津家,clan_shimazu_3,内城,无,已登场,岛津丰久,城主,直臣,岛津家,clan_shimazu_2,都于郡城,无,未登场,岛津丰久,足轻组头,陪臣（岛津家久）,岛津家,内城,无,已登场,岛津丰久,足轻组头,陪臣（岛津家久）,岛津家,饫肥城,无,已登场,岛津丰久,水夫头,直臣,村上水军,三岛之砦,无,,"[{""stage"":"""",""tkid"":""392"",""ref"":""392"",""emotion"":0}]",,TAIKOU_bio_392,島津家臣。貴久四子家久之子。被豐臣秀吉任命為日向佐土原領主。關原之戰中撤退時殿後，成為叔父義弘的影中之助。在抗擊本多忠勝、井伊直政的進攻中，奮勇殺敵，壯烈犧牲。
lord_tk5_393,393,393,,岛津义虎,島津義虎,岛津,义虎,Shimazu Kagerai,saikai,1,1536,1554,1585,病死,lord_tk5_847,,,,lord_tk5_847,只限武将,40,40,普通,普通,普通,轻率,普通,35,书籍,无欲,普通,源氏,刀剑,62,66,69,73,70,2,0,1,1,1,0,1,0,1,0,1,0,0,0,0,0,无,强袭,无,无要求,,,已登场,岛津义虎,城主,直臣,岛津家,clan_shimazu_4,出水城,无,已登场,岛津义虎,城主,直臣,岛津家,clan_shimazu_1,出水城,无,已登场,岛津义虎,城主,直臣,岛津家,clan_shimazu_1,出水城,无,已登场,岛津义虎,城主,直臣,岛津家,clan_shimazu_1,出水城,无,已登场,岛津义虎,城主,直臣,岛津家,clan_shimazu_1,出水城,无,已死亡,岛津义虎,无效,无效,无,,无效,无,未登场,岛津义虎,部将,陪臣（岛津实久）,岛津家,出水城,无,已登场,岛津义虎,城主,直臣,岛津家,出水城,无,已登场,岛津义虎,水夫头,直臣,村上水军,三岛之砦,无,,"[{""stage"":"""",""tkid"":""393"",""ref"":""393"",""emotion"":0}]",,TAIKOU_bio_393,島津家臣。薩摩出水領主。實久嫡子。父實久與島津忠良相爭，義虎早就站在忠良一邊。在攻擊相良家時充任先鋒，俘虜了相良義陽。後參加沖田綴之戰，在肥後、肥前地區十分活躍。
lord_tk5_394,394,394|1165,,岛津义久,島津義久|岛津龙伯|島津龍伯,岛津,义久,Shimazu Yoshihisa,saikai,1,1533,1554,1611,病死,lord_tk5_389,,,lord_tk5_388,lord_tk5_387|lord_tk5_388|lord_tk5_389|lord_tk5_390|lord_tk5_391|lord_tk5_392|lord_tk5_395,只限武将,30,30,普通,勇敢,理想,慎重,普通,90,南蛮物,贪心,嗜酒如命,源氏,刀剑,90,55,94,86,88,4,3,3,2,2,2,3,1,2,2,1,2,4,3,1,2,钓野伏,强袭，拔突，急所击，刚弓，铁壁,策士,一般条件,,,已登场,岛津义久,家老,直臣,岛津家,clan_shimazu_1,内城,无,已登场,岛津义久,家老,直臣,岛津家,clan_shimazu_1,内城,无,已登场,岛津义久,家老,直臣,岛津家,clan_shimazu_1,内城,无,已登场,岛津义久,大名,首领,岛津家,clan_shimazu_1,内城,无,已登场,岛津义久,大名,首领,岛津家,clan_shimazu_1,内城,无,已登场,岛津龙伯,国主,直臣,岛津家,clan_shimazu_2,加治木城,无,已登场,岛津义久,家老,直臣,岛津家,内城,无,已登场,岛津义久,大名,首领,岛津家,内城,无,已登场,岛津义久,水夫头,直臣,村上水军,三岛之砦,无,"[{""stage"":""藩"",""tkid"":""394"",""ref"":"""",""emotion"":1},{""stage"":""督"",""tkid"":""1165"",""ref"":"""",""emotion"":1}]","[{""stage"":""藩"",""tkid"":""394"",""ref"":""394"",""emotion"":1},{""stage"":""督"",""tkid"":""1165"",""ref"":""1165"",""emotion"":1}]",,TAIKOU_bio_394,島津家１６代領主。貴久之後。團結優秀的弟弟們和家臣們的力量，擴大領土，幾乎將九州全部收入版圖。然而就在九州平定之前敗於秀吉的九州討伐軍，只被封領薩摩一國。後將家督之位讓給弟弟，從此隱居。
lord_tk5_395,395,395|1166,,岛津义弘,島津義弘,岛津,义弘,Shimazu Yoshihiro,saikai,1,1535,1554,1619,病死,lord_tk5_389,,,lord_tk5_388,lord_tk5_387|lord_tk5_388|lord_tk5_389|lord_tk5_390|lord_tk5_391|lord_tk5_392|lord_tk5_394,只限武将,28,28,性急,勇敢,普通,轻率,重视情义,86,武具,贪心,嗜酒如命,源氏,枪,94,90,71,76,94,4,3,3,4,2,3,3,1,2,1,1,2,2,1,1,0,钓野伏，齐射,强袭，连续斩，拔突，粘花，急所击，刚弓，卷枪，引落，柄返，刚力，铁壁,策士,一般条件,,,已登场,岛津义弘,家老,直臣,岛津家,clan_shimazu_2,内城,无,已登场,岛津义弘,家老,直臣,岛津家,clan_shimazu_2,内城,无,已登场,岛津义弘,家老,直臣,岛津家,clan_shimazu_2,内城,无,已登场,岛津义弘,家老,直臣,岛津家,clan_shimazu_2,内城,无,已登场,岛津义弘,家老,直臣,岛津家,clan_shimazu_2,内城,无,已登场,岛津义弘,大名,首领,岛津家,clan_shimazu_2,内城,无,已登场,岛津义弘,家老,直臣,岛津家,内城,无,已登场,岛津义弘,国主,直臣,岛津家,八代城,无,已登场,岛津义弘,水夫头,直臣,村上水军,三岛之砦,无,"[{""stage"":""侍"",""tkid"":""395"",""ref"":"""",""emotion"":1},{""stage"":""鬼"",""tkid"":""1166"",""ref"":"""",""emotion"":1}]","[{""stage"":""侍"",""tkid"":""395"",""ref"":""395"",""emotion"":1},{""stage"":""鬼"",""tkid"":""1166"",""ref"":""1166"",""emotion"":1}]",,TAIKOU_bio_395,島津家１７代領主。貴久次子。義久之弟。正如「此生五十二次征戰」之所言，經常在陣前指揮，滅伊東，破大友，為島津家征討九州做出貢獻。然而降於秀吉的九州討伐軍，封領大隅。
lord_tk5_396,396,396,,清水宗治,,清水,宗治,Shimizu Muneharu,sanyo,1,1537,1554,1582,病死,,,,,lord_tk5_956,只限武将,40,40,性急,普通,理想,慎重,重视情义,44,武具,无欲,普通,其他,刀剑,63,70,28,62,66,1,2,1,1,1,2,3,0,3,2,0,1,1,1,0,0,鬼脚之术,强袭，拔突，铁壁,无,一般条件,,,已登场,清水宗治,城主,直臣,三村家,clan_shimizu_1,备中高松城,无,已登场,清水宗治,侍大将,直臣,毛利家,clan_shimizu_1,吉田郡山城,无,已登场,清水宗治,城主,直臣,毛利家,clan_shimizu_1,备中高松城,无,已登场,清水宗治,城主,直臣,毛利家,clan_shimizu_1,备中高松城,无,已登场,清水宗治,城主,直臣,毛利家,clan_shimizu_1,备中高松城,无,已死亡,清水宗治,无效,无效,无,clan_mori_2,无效,无,未登场,清水宗治,城主,直臣,毛利家,备中高松城,无,已死亡,清水宗治,无效,无效,无,无效,无,已登场,清水宗治,水夫头,直臣,淡路水军,洲本之砦,无,,"[{""stage"":"""",""tkid"":""396"",""ref"":""396"",""emotion"":0}]",,TAIKOU_bio_396,毛利家臣。高松城主。跟隨小早川隆景戰鬥，立下功勳。頑強抵抗了織田信長的中國討伐軍，在羽柴秀吉的水攻下頑強作戰。城破之前，以赦免守城將士為條件自殺。
lord_tk5_397,397,397,,清水康英,,清水,康英,Shimizu Yasuhide,kanto,1,1532,1554,1591,病死,,,,,,只限武将,35,35,性急,普通,普通,慎重,重视情义,76,武具,贪心,普通,藤原氏,刀剑,63,67,31,46,65,2,0,0,3,1,1,2,0,0,1,0,0,0,0,0,0,进水,强袭,无,无要求,,,已登场,清水康英,侍大将,直臣,北条家,clan_hojo_1,小田原城,无,已登场,清水康英,侍大将,直臣,北条家,clan_hojo_1,小田原城,无,已登场,清水康英,侍大将,直臣,北条家,clan_hojo_1,小田原城,无,已登场,清水康英,侍大将,直臣,北条家,clan_hojo_2,小田原城,无,已登场,清水康英,侍大将,直臣,北条家,clan_hojo_2,小田原城,无,已死亡,清水康英,无效,无效,无,,无效,无,已登场,清水康英,侍大将,直臣,北条家,小田原城,无,已登场,清水康英,侍大将,直臣,北条家,小田原城,无,已登场,清水康英,水夫头,直臣,淡路水军,洲本之砦,无,,"[{""stage"":"""",""tkid"":""397"",""ref"":""397"",""emotion"":0}]",,TAIKOU_bio_397,北條家臣。綱吉嫡子。伊豆派首領。做為氏康從小培養起來的親信，轉戰各地，屢建戰功。豐臣秀吉進攻小田原時駐守下田城。與長宗我部元親、脅阪安治等豐臣水軍殊死戰鬥，不敵，開城投降。
lord_tk5_398,398,398,,志村光安,,志村,光安,Shimura Kooyasu,ou,1,1560,1574,1609,病死,,,,,,全职种,0,0,温和,勇敢,普通,轻率,普通,40,书籍,无欲,普通,其他,刀剑,70,51,56,69,61,2,2,0,0,1,1,2,0,0,1,1,0,0,0,1,1,无,强袭,无,无要求,,,未登场,志村光安,足轻组头,直臣,最上家,clan_mogami_1,山形城,无,未登场,志村光安,足轻组头,直臣,最上家,clan_mogami_1,山形城,无,未登场,志村光安,足轻组头,直臣,最上家,clan_mogami_1,山形城,无,已登场,志村光安,足轻组头,直臣,最上家,clan_mogami_2,山形城,无,已登场,志村光安,足轻组头,直臣,最上家,clan_mogami_2,山形城,无,已登场,志村光安,家老,直臣,最上家,clan_mogami_2,山形城,无,未登场,志村光安,足轻组头,直臣,最上家,山形城,无,已登场,志村光安,足轻组头,直臣,最上家,山形城,无,已登场,志村光安,浪人,其他,无,鸟取之町,无,,"[{""stage"":"""",""tkid"":""398"",""ref"":""398"",""emotion"":0}]",,TAIKOU_bio_398,最上家臣。長谷堂城主。被稱為「無論多麼厲害的強敵，也會敗在手下」。作為心腹侍奉主公義光。在出羽之戰中，雖被直江兼統大軍圍攻也能堅守長谷堂城。
lord_tk5_399,399,399,,下间仲孝,下間仲孝,下间,仲孝,Shimotsuma Nakataka,kinai,1,1551,1565,1616,病死,lord_tk5_400,,,,lord_tk5_400,全职种,50,50,普通,勇敢,普通,慎重,普通,70,艺术品,普通,滴酒不沾,源氏,火绳枪,60,71,50,69,77,1,1,2,0,2,1,1,1,0,1,1,1,2,1,2,1,无,急所击，刚弓,无,无要求,,,未登场,下间仲孝,侍大将,直臣,本愿寺,clan_honganji_1,石山本愿寺,无,已登场,下间仲孝,侍大将,直臣,本愿寺,clan_honganji_1,石山本愿寺,无,已登场,下间仲孝,侍大将,直臣,本愿寺,clan_honganji_1,石山本愿寺,无,已登场,下间仲孝,侍大将,直臣,本愿寺,clan_honganji_1,石山本愿寺,无,已登场,下间仲孝,浪人,其他,无,,石山之町,无,已登场,下间仲孝,浪人,其他,无,,大坂之町,无,未登场,下间仲孝,侍大将,直臣,本愿寺,石山本愿寺,无,已登场,下间仲孝,浪人,其他,无,石山之町,无,已登场,下间仲孝,家老,直臣,下间家,饫肥城,无,,"[{""stage"":"""",""tkid"":""399"",""ref"":""399"",""emotion"":0}]",,TAIKOU_bio_399,本願寺坊官。據傳為賴照之子。在與織田信長的石山之戰中，做為指揮官發揮了作用。在織田信長與本願寺議和時，代替顯如劃押血印。能藝名手，曾應豐臣秀吉之邀演出與指揮。
lord_tk5_400,400,400,,下间赖照,下間賴照,下间,赖照,Shimotsuma Raisho,hokuriku,1,1526,1554,1575,病死,,,,,lord_tk5_399,全职种,50,50,普通,普通,普通,慎重,不重情义,56,艺术品,普通,普通,源氏,枪,61,35,61,56,73,1,0,2,1,0,0,0,1,1,1,2,2,1,2,1,1,无,拔突,无,无要求,,,已登场,下间赖照,城主,直臣,本愿寺,clan_honganji_1,大圣寺城,无,已登场,下间赖照,城主,直臣,本愿寺,clan_honganji_1,大圣寺城,无,已登场,下间赖照,城主,直臣,本愿寺,clan_honganji_1,大圣寺城,无,已登场,下间赖照,城主,直臣,本愿寺,clan_honganji_1,大圣寺城,无,已死亡,下间赖照,无效,无效,无,,无效,无,已死亡,下间赖照,无效,无效,无,,无效,无,已登场,下间赖照,城主,直臣,本愿寺,大圣寺城,无,已死亡,下间赖照,无效,无效,无,无效,无,已登场,下间赖照,家老,直臣,下间家,饫肥城,无,,"[{""stage"":"""",""tkid"":""400"",""ref"":""400"",""emotion"":0}]",,TAIKOU_bio_400,本願寺坊官。受法主顯如之命前往越前，指揮一向宗門徒打擊了織田信長。後在信長徹底打擊起義流寇的行動中敗北，與朝倉景健一起被害。
lord_tk5_401,401,401,,下间赖廉,下間賴廉,下间,赖廉,Shimotsuma Rairen,kinai,1,1537,1554,1626,病死,,,,,,全职种,50,50,温和,勇敢,现实,轻率,普通,49,艺术品,普通,普通,源氏,火绳枪,72,72,74,79,78,3,0,3,2,1,0,3,2,3,2,1,1,2,3,1,2,百发百中,二连苦无，急所击，二挺击,无,无要求,,,已登场,下间赖廉,家老,直臣,本愿寺,clan_honganji_1,石山本愿寺,无,已登场,下间赖廉,家老,直臣,本愿寺,clan_honganji_1,石山本愿寺,无,已登场,下间赖廉,家老,直臣,本愿寺,clan_honganji_1,石山本愿寺,无,已登场,下间赖廉,家老,直臣,本愿寺,clan_honganji_1,石山本愿寺,无,已登场,下间赖廉,浪人,其他,无,,石山之町,无,已登场,下间赖廉,浪人,其他,无,,京之町,无,未登场,下间赖廉,家老,直臣,本愿寺,石山本愿寺,无,已登场,下间赖廉,浪人,其他,无,石山之町,无,已登场,下间赖廉,大名,首领,下间家,饫肥城,无,,"[{""stage"":"""",""tkid"":""401"",""ref"":""401"",""emotion"":0}]",,TAIKOU_bio_401,本願寺坊官。石山之戰中代替法主顯如指揮全軍，與鈴本重秀一起被稱為「大阪左右大將」，抗擊了信長，信長去世後，被豐臣秀吉任命為本願寺鎮奉行，並受贈京都七條的土地。
lord_tk5_402,402,402,,上条政繁,上條政繁,上条,政繁,Joojoo Masashige,kanto,1,1553,1567,1625,病死,,,,,,全职种,90,90,普通,普通,普通,轻率,不重情义,58,书籍,普通,普通,源氏,刀剑,54,57,52,59,52,1,0,1,0,1,1,0,0,0,1,0,0,1,0,1,0,无,强袭,无,一般条件,,,未登场,上条政繁,侍大将,直臣,长尾家,clan_uesugi_1,春日山城,无,未登场,上条政繁,侍大将,直臣,长尾家,clan_uesugi_1,春日山城,无,已登场,上条政繁,侍大将,直臣,上杉家,clan_uesugi_1,春日山城,无,已登场,上条政繁,侍大将,直臣,上杉家,clan_uesugi_1,春日山城,无,已登场,上条政繁,侍大将,直臣,上杉家,clan_uesugi_2,春日山城,无,已登场,上条政繁,足轻大将,直臣,德川家,clan_tokugawa_1,江户城,无,未登场,上条政繁,侍大将,直臣,长尾家,春日山城,无,已登场,上条政繁,侍大将,直臣,上杉家,春日山城,无,已登场,上条政繁,家老,直臣,上泉家,内城,无,,"[{""stage"":"""",""tkid"":""402"",""ref"":""402"",""emotion"":0}]",,TAIKOU_bio_402,上杉家臣。田山義續的次子。初為上杉謙信的義子，繼承上條家家統。轉戰於上野和越中一帶。娶上杉景勝之妹。謙信死後，跟隨景勝征戰立功，然而在信州的統治問題上產生對立而出走。後侍奉德川家，隸屬東軍，復姓田山。
lord_tk5_403,403,403,,白石宗实,白石宗實,白石,宗实,Shiraishi Munetoshi,ou,1,1553,1567,1599,病死,,,,,,只限武将,60,60,普通,勇敢,普通,普通,普通,37,艺术品,普通,普通,藤原氏,刀剑,66,68,44,55,55,1,2,2,0,1,2,2,1,0,0,0,0,1,0,0,0,无,强袭，拔突，铁壁,无,无要求,,,未登场,白石宗实,足轻组头,直臣,伊达家,clan_date_1,米泽城,无,未登场,白石宗实,足轻组头,直臣,伊达家,clan_date_1,米泽城,无,已登场,白石宗实,足轻组头,直臣,伊达家,clan_date_2,米泽城,无,已登场,白石宗实,足轻组头,直臣,伊达家,clan_date_2,米泽城,无,已登场,白石宗实,足轻组头,直臣,伊达家,clan_date_2,米泽城,无,已登场,白石宗实,城主,直臣,伊达家,clan_date_2,白石城,无,未登场,白石宗实,足轻组头,直臣,伊达家,米泽城,无,已登场,白石宗实,部将,直臣,伊达家,米泽城,无,已登场,白石宗实,大名,首领,白石家,白地城,无,,"[{""stage"":"""",""tkid"":""403"",""ref"":""403"",""emotion"":0}]",,TAIKOU_bio_403,伊達家臣。宗利之子。跟隨政宗轉戰各地，立下戰功。在摺上原與蘆名氏交戰時，同伊達成實一起共同形成了伊達軍的主力。政宗移封後，被授與膽澤郡水澤１萬５千石。
lord_tk5_404,404,404,,神西元通,,神西,元通,Jinzai Motomichi,sanyo,1,1516,1554,1578,战死,,,,,,全职种,15,15,普通,普通,理想,轻率,普通,55,书籍,普通,普通,其他,刀剑,57,43,50,34,37,1,1,0,0,0,1,0,1,0,0,1,0,0,0,0,1,无,强袭,无,无要求,,,已登场,神西元通,足轻大将,直臣,尼子家,clan_amago_1,月山富田城,无,已登场,神西元通,侍大将,直臣,尼子家,clan_amago_1,月山富田城,无,已登场,神西元通,足轻大将,直臣,毛利家,clan_mori_1,吉田郡山城,无,已登场,神西元通,足轻大将,直臣,毛利家,clan_mori_2,吉田郡山城,无,已死亡,神西元通,无效,无效,无,,无效,无,已死亡,神西元通,无效,无效,无,,无效,无,已登场,神西元通,足轻大将,直臣,尼子家,月山富田城,无,已死亡,神西元通,无效,无效,无,无效,无,已登场,神西元通,足轻大将,直臣,西园寺家,山形城,无,,"[{""stage"":"""",""tkid"":""404"",""ref"":""404"",""emotion"":0}]",,TAIKOU_bio_404,尼子家家臣。侍奉義久與毛利家作戰。雖在尼子家本城的富田城被攻下後向毛利家投降，但是當尼子勝久及山中幸盛等人為了中興尼子家而舉兵時，又再度回歸尼子家。之後得到織田家的支援，與勝久一起進入播磨上月城。在遭受毛利家的攻擊時自盡身亡。
lord_tk5_405,405,405,,神保氏张,神保氏張,神保,氏张,Jinbo Kagesuke,hokuriku,1,1528,1554,1592,病死,,,,,,全职种,90,90,普通,胆小,现实,轻率,不重情义,43,艺术品,普通,滴酒不沾,其他,刀剑,34,32,51,55,42,0,1,0,0,1,0,1,0,0,0,0,1,0,2,0,0,无,强袭,无,无要求,,,已登场,神保氏张,部将,直臣,神保家,clan_jinbo_1,富山城,无,已登场,神保氏张,部将,直臣,神保家,clan_jinbo_1,富山城,无,已登场,神保氏张,部将,直臣,神保家,clan_jinbo_1,富山城,无,已登场,神保氏张,部将,直臣,神保家,clan_jinbo_1,富山城,无,已登场,神保氏张,部将,陪臣（佐佐成政）,织田家,clan_sassa_1,富山城,无,已死亡,神保氏张,无效,无效,无,,无效,无,已登场,神保氏张,部将,直臣,神保家,富山城,无,已登场,神保氏张,部将,直臣,佐佐家,富山城,无,已登场,神保氏张,浪人,其他,无,丸龟之町,无,,"[{""stage"":"""",""tkid"":""405"",""ref"":""405"",""emotion"":0}]",,TAIKOU_bio_405,越中豪族。森山城主。氏重之子。任越中守備。開始歸屬上杉謙信，之後侍奉織田家，成為佐佐成政的陪臣。其子氏則娶成政之女為妻。跟隨成政移至封地肥後，同國人起義作戰。成政去世後，侍奉德川家。
lord_tk5_406,406,406,,神保长住,神保長住,神保,长住,Jinbo Nagazumi,hokuriku,1,1542,1556,1585,病死,lord_tk5_408,,,,lord_tk5_407|lord_tk5_408,全职种,90,90,普通,胆小,现实,轻率,不重情义,38,书籍,贪心,普通,其他,刀剑,30,35,44,39,55,0,0,0,0,1,0,0,0,0,0,0,0,0,1,0,0,无,强袭,无,无要求,,,未登场,神保长住,部将,陪臣（神保长职）,神保家,clan_jinbo_1,富山城,无,已登场,神保长住,家老,直臣,神保家,clan_jinbo_1,富山城,无,已登场,神保长住,家老,直臣,神保家,clan_jinbo_1,富山城,无,已登场,神保长住,浪人,其他,无,clan_jinbo_1,富山之町,无,已登场,神保长住,浪人,其他,无,,富山之町,无,已死亡,神保长住,无效,无效,无,,无效,无,未登场,神保长住,家老,直臣,神保家,富山城,无,已登场,神保长住,浪人,其他,无,富山之町,无,已登场,神保长住,浪人,其他,无,长滨之町,无,,"[{""stage"":"""",""tkid"":""406"",""ref"":""406"",""emotion"":0}]",,TAIKOU_bio_406,越中的豪族。長職之子。與欲聯合上杉家的父親和小島職鎮對立。被放逐，渡過流浪生活之後，歸屬織田信長。治理越中但卻被小島職鎮等襲擊，被幽禁在越中富山城，而失去立足之地。
lord_tk5_407,407,407,,神保长城,神保長城,神保,长城,Jinbo Nagakuni,hokuriku,1,1553,1567,1576,病死,lord_tk5_408,,,,lord_tk5_406|lord_tk5_408,全职种,90,90,普通,胆小,普通,轻率,普通,19,艺术品,贪心,普通,其他,刀剑,24,29,37,35,34,0,0,0,0,0,0,0,0,0,1,0,0,0,0,0,1,无,强袭,无,无要求,,,未登场,神保长城,部将,陪臣（神保长职）,神保家,clan_jinbo_1,富山城,无,未登场,神保长城,部将,直臣,神保家,clan_jinbo_1,富山城,无,已登场,神保长城,部将,直臣,神保家,clan_jinbo_1,富山城,无,已登场,神保长城,大名,首领,神保家,clan_jinbo_1,富山城,无,已死亡,神保长城,无效,无效,无,,无效,无,已死亡,神保长城,无效,无效,无,,无效,无,未登场,神保长城,部将,直臣,神保家,富山城,无,已死亡,神保长城,无效,无效,无,无效,无,已登场,神保长城,浪人,其他,无,长滨之町,无,,"[{""stage"":"""",""tkid"":""407"",""ref"":""407"",""emotion"":0}]",,TAIKOU_bio_407,越中的豪族。長職之子。因其兄長住被放逐而繼承家業。但是，實權卻被家臣小島職鎮所掌握，神保家成為了傀儡政權。長住從越中回來後，據說將神保家的家督之位還給他。
lord_tk5_408,408,408,,神保长职,神保長職,神保,长职,Jinbo Nagamoto,hokuriku,1,1518,1554,1572,病死,,,,,lord_tk5_406|lord_tk5_407,全职种,90,90,普通,勇敢,理想,轻率,不重情义,59,武具,贪心,普通,其他,刀剑,41,39,47,49,50,1,0,0,0,0,0,0,1,0,0,0,0,1,0,1,0,无,强袭,无,无要求,,,已登场,神保长职,大名,首领,神保家,clan_jinbo_1,富山城,无,已登场,神保长职,大名,首领,神保家,clan_jinbo_1,富山城,无,已登场,神保长职,大名,首领,神保家,clan_jinbo_1,富山城,无,已死亡,神保长职,无效,无效,无,clan_jinbo_1,无效,无,已死亡,神保长职,无效,无效,无,,无效,无,已死亡,神保长职,无效,无效,无,,无效,无,已登场,神保长职,大名,首领,神保家,富山城,无,已死亡,神保长职,无效,无效,无,无效,无,已登场,神保长职,浪人,其他,无,长滨之町,无,,"[{""stage"":"""",""tkid"":""408"",""ref"":""408"",""emotion"":0}]",,TAIKOU_bio_408,越中的豪族。富山城主。以富山城為根據地，使神保家成為越中最大的勢力。但是被上杉謙信所攻擊而敗北，投降。之後與嫡子長住對立、鬥爭；家中因而分裂。神保家自此走上了衰退之路。
lord_tk5_409,409,409,,陶晴贤,陶晴賢|陶隆房,陶,晴贤,Sue Harukata,sanyo,1,1521,1554,1555,战死,,,,,,只限武将,50,80,性急,胆小,理想,轻率,普通,79,艺术品,贪心,滴酒不沾,其他,刀剑,80,62,68,66,52,1,3,1,2,2,1,2,1,2,2,1,1,0,2,0,1,无,强袭，刚弓,无,一般条件,,主角毛利元就，严岛之战胜利,已登场,陶晴贤,家老,直臣,大内家,clan_ouchi_1,山口城,无,已死亡,陶晴贤,无效,无效,无,,无效,无,已死亡,陶晴贤,无效,无效,无,,无效,无,已死亡,陶晴贤,无效,无效,无,,无效,无,已死亡,陶晴贤,无效,无效,无,,无效,无,已死亡,陶晴贤,无效,无效,无,,无效,无,已登场,陶隆房,家老,直臣,大内家,山口城,无,已死亡,陶晴贤,无效,无效,无,无效,无,已登场,陶晴贤,浪人,其他,无,安土之町,无,,"[{""stage"":"""",""tkid"":""409"",""ref"":""409"",""emotion"":0}]",,TAIKOU_bio_409,大內家家臣。原名隆房。義隆麾下重臣之一，擔任周防守護代。在與尼子家之戰中立了戰功。之後，與義隆的寵臣‧相良武任對立而決心圖謀叛變。反叛後，一路攻略至周防山口，迫使義隆自盡，並從大友家迎接義長作當主。於嚴島之戰時敗給毛利家而自盡身亡。
lord_tk5_410,410,410,,菅沼定盈,,菅沼,定盈,Suganuma Sadatada,tokai,1,1543,1557,1604,病死,,,,,,只限武将,94,94,普通,普通,普通,轻率,普通,42,艺术品,普通,普通,源氏,刀剑,55,56,46,53,64,1,1,1,0,0,1,1,0,1,1,1,0,0,0,0,1,无,强袭,无,无要求,,,未登场,菅沼定盈,部将,陪臣（松平元康）,今川家,clan_tokugawa_1,骏府城,无,已登场,菅沼定盈,足轻组头,直臣,今川家,clan_imagawa_1,骏府城,无,已登场,菅沼定盈,家老,直臣,德川家,clan_tokugawa_1,冈崎城,无,已登场,菅沼定盈,家老,直臣,德川家,clan_tokugawa_1,滨松城,无,已登场,菅沼定盈,部将,陪臣（奥平信昌）,德川家,clan_iii_1,长篠城,无,已登场,菅沼定盈,城主,直臣,德川家,clan_tokugawa_1,长岛城,无,未登场,菅沼定盈,侍大将,直臣,松平家,冈崎城,无,已登场,菅沼定盈,部将,陪臣（奥平信昌）,德川家,长篠城,无,已登场,菅沼定盈,浪人,其他,无,尾道之町,无,,"[{""stage"":"""",""tkid"":""410"",""ref"":""410"",""emotion"":0}]",,TAIKOU_bio_410,德川家臣。野田城主。最初屬於今川家。在武田信玄攻打三河戰鬥中，一部分人投降了武田信玄，他仍對德川家忠心耿耿，居城被信玄攻陷。作為人質交換予以釋放後，參加了德川家的多次主要戰鬥。
lord_tk5_411,411,411,,杉谷善住坊,杉穀善住坊,杉谷善,住坊,Sugaya Zenjuuboo,kinai,1,1534,1554,1573,战死,,,,,,武将以外优先,60,60,普通,胆小,普通,轻率,不重情义,58,南蛮物,贪心,普通,其他,火绳枪,9,69,18,26,47,0,0,4,0,0,0,1,3,0,0,1,1,0,0,0,0,狙击，鬼脚之术，奈落之术，红莲之术,二连苦无，半月，急所击，二挺击，石火，乱射,火枪名人,一般条件,,,已登场,杉谷善住坊,下忍,直臣,甲贺众,clan_tarou_1,甲贺之里,无,已登场,杉谷善住坊,下忍,直臣,甲贺众,clan_tarou_1,甲贺之里,无,已登场,杉谷善住坊,下忍,直臣,甲贺众,clan_tarou_1,甲贺之里,无,已死亡,杉谷善住坊,无效,无效,无,,无效,无,已死亡,杉谷善住坊,无效,无效,无,,无效,无,已死亡,杉谷善住坊,无效,无效,无,,无效,无,已登场,杉谷善住坊,下忍,直臣,甲贺众,甲贺之里,无,已死亡,杉谷善住坊,无效,无效,无,无效,无,已登场,杉谷善住坊,浪人,其他,无,厩桥之町,无,,"[{""stage"":"""",""tkid"":""411"",""ref"":""411"",""emotion"":0}]",,TAIKOU_bio_411,甲賀忍者。為名列甲賀五十三家之一的杉谷家一族。以鐵砲能手而聞名。六角義賢看中其能力而請求他暗殺織田信長。伏擊因淺井家的背叛而撤退的織田信長卻失敗告終。之後被磯野員昌逮住而遭到處刑。
lord_tk5_412,412,412,,杉之坊照算,,杉之坊,照算,Suginoboo Terusai,kinai,1,1534,1554,1609,病死,lord_tk5_851,,,,lord_tk5_851,武将以外优先,40,40,普通,勇敢,普通,慎重,重视情义,60,南蛮物,无欲,普通,其他,火绳枪,78,79,41,69,59,2,0,4,2,2,3,2,3,0,0,0,2,1,1,0,1,鬼谋，奈落之术，雷爆之术,强袭，连续斩，拔突，二连苦无，半月，急所击，二挺击，刚弓，石火，乱射，刚力，铁壁，心眼,火枪高手,一般条件,,,已登场,杉之坊照算,上忍,直臣,根来众,clan_tsuda_1,根来之里,津田流,已登场,杉之坊照算,上忍,直臣,根来众,clan_tsuda_1,根来之里,津田流,已登场,杉之坊照算,头目,首领,根来众,clan_suginoboo_1,根来之里,津田流,已登场,杉之坊照算,头目,首领,根来众,clan_suginoboo_1,根来之里,津田流,已登场,杉之坊照算,头目,首领,根来众,clan_suginoboo_1,根来之里,津田流,已登场,杉之坊照算,头目,首领,根来众,clan_suginoboo_1,根来之里,津田流,已登场,杉之坊照算,上忍,直臣,根来众,根来之里,津田流,已登场,杉之坊照算,头目,首领,根来众,根来之里,津田流,已登场,杉之坊照算,浪人,其他,无,清洲之町,津田流,,"[{""stage"":"""",""tkid"":""412"",""ref"":""412"",""emotion"":0}]",,TAIKOU_bio_412,紀伊根來寺的院主。號自由齋。將鐵砲自種子島傳至紀伊的津田監物算長之子。成為叔父‧明算的養子，就杉之坊院主之位後。率領根來寺僧兵所組成的武裝集團「根來眾」。繼承算長所創的津田流砲術。在信長死後，與勢力抬頭的羽柴秀吉展開對抗。
lord_tk5_413,413,413,,铃木佐太夫,鈴木佐太夫|铃木佐大夫,铃木佐,太夫,Suzuki Satao,kinai,1,1521,1554,1585,战死,,,,,lord_tk5_321|lord_tk5_414,只限武将,50,50,普通,勇敢,普通,普通,重视情义,66,艺术品,贪心,普通,其他,火绳枪,77,80,49,75,71,3,1,4,0,1,2,1,2,0,1,0,0,1,0,1,1,枪炮乱射，狙击，钓瓶击，百发百中,强袭，拔突，二连苦无，急所击，二挺击，石火，乱射，铁壁，心眼,火枪名人,一般条件,,,已登场,铃木佐太夫,城主,直臣,本愿寺,clan_suzuki_1,杂贺城,无,已登场,铃木佐太夫,城主,直臣,本愿寺,clan_suzuki_1,杂贺城,无,已登场,铃木佐太夫,城主,直臣,本愿寺,clan_suzuki_1,杂贺城,无,已登场,铃木佐太夫,城主,直臣,本愿寺,clan_suzuki_1,杂贺城,无,已登场,铃木佐太夫,大名,首领,铃木家,clan_suzuki_1,杂贺城,无,已死亡,铃木佐太夫,无效,无效,无,clan_kinoshita_1,无效,无,已登场,铃木佐太夫,城主,直臣,本愿寺,杂贺城,无,已登场,铃木佐太夫,大名,首领,铃木家,杂贺城,无,已登场,铃木佐太夫,浪人,其他,无,诹访之町,无,,"[{""stage"":"""",""tkid"":""413"",""ref"":""413"",""emotion"":0}]",,TAIKOU_bio_413,紀伊鄉紳雜賀幫，雜賀城主。任以鐵砲武裝起來的傭兵集團雜賀幫的首領。與本願寺聯手與織田抗爭。打擊了織田勢力。信長去世後，在豐臣秀吉征伐紀州時戰敗投降。後來受到豐臣秀長家臣藤堂高虎的迫害自殺。
lord_tk5_414,414,414,,铃木重朝,鈴木重朝,铃木,重朝,Suzukii Shigetchika,kinai,1,1561,1575,1606,病死,lord_tk5_413,,,,lord_tk5_321|lord_tk5_413,只限武将,38,38,普通,普通,普通,轻率,重视情义,67,南蛮物,普通,普通,其他,火绳枪,76,72,32,77,74,2,0,4,0,2,1,0,2,1,1,0,1,0,1,1,1,枪炮乱射，狙击，钓瓶击，百发百中,二连苦无，急所击，二挺击，刚弓，石火，乱射，心眼,火枪名人,无要求,,,未登场,铃木重朝,足轻组头,陪臣（铃木佐太夫）,本愿寺,clan_suzuki_1,杂贺城,无,未登场,铃木重朝,足轻组头,陪臣（铃木佐太夫）,本愿寺,clan_suzuki_1,杂贺城,无,未登场,铃木重朝,足轻组头,陪臣（铃木佐太夫）,本愿寺,clan_suzuki_1,杂贺城,无,已登场,铃木重朝,足轻大将,陪臣（铃木佐太夫）,本愿寺,clan_suzuki_1,杂贺城,无,已登场,铃木重朝,侍大将,直臣,铃木家,clan_suzuki_1,杂贺城,无,已登场,铃木重朝,侍大将,直臣,丰臣家,clan_kinoshita_1,大坂城,无,未登场,铃木重朝,足轻组头,陪臣（铃木佐太夫）,本愿寺,杂贺城,无,已登场,铃木重朝,侍大将,直臣,铃木家,杂贺城,无,已登场,铃木重朝,浪人,其他,无,姬路之町,无,,"[{""stage"":"""",""tkid"":""414"",""ref"":""414"",""emotion"":0}]",,TAIKOU_bio_414,雜賀眾成員，後成為豐臣家家臣。佐大夫之子。石山之戰時隸屬本願寺，投降後侍奉秀吉，俸祿１萬石。關原之戰時隸屬西軍，在攻打伏見城守將鳥居元忠時立下戰功。戰後成為浪人，後侍奉水戶德川家。
lord_tk5_415,415,415,,薄田兼相,岩见重太郎|岩見重太郎|巖見重太郎,薄田,兼相,Susukida Kaneai,saikai,1,1570,1584,1615,病死,,,,,,全职种,15,15,普通,勇敢,普通,轻率,重视情义,76,武具,贪心,嗜酒如命,其他,刀剑,17,82,5,3,30,1,1,0,0,3,3,0,3,0,0,0,0,0,0,0,1,破技之术，幻惑之术,强袭，连续斩，拔突，二连苦无，半月，刚弓，刚力，铁壁,无,一般条件,,,未登场,岩见重太郎,足轻组头,直臣,毛利家,clan_mori_1,吉田郡山城,无,未登场,岩见重太郎,足轻组头,陪臣（小早川隆景）,毛利家,clan_kobayakawa_1,吉田郡山城,无,未登场,岩见重太郎,足轻组头,陪臣（小早川隆景）,毛利家,clan_kobayakawa_1,三原城,无,未登场,岩见重太郎,足轻组头,陪臣（小早川隆景）,毛利家,clan_kobayakawa_1,三原城,无,已登场,岩见重太郎,足轻组头,陪臣（小早川隆景）,毛利家,clan_kobayakawa_1,三原城,无,已登场,岩见重太郎,足轻组头,直臣,小早川家,clan_kobayakawa_2,名岛城,无,未登场,岩见重太郎,足轻组头,陪臣（小早川隆景）,毛利家,吉田郡山城,无,已登场,岩见重太郎,足轻组头,陪臣（小早川隆景）,毛利家,三原城,无,已登场,岩见重太郎,浪人,其他,无,鹿儿岛之町,无,,"[{""stage"":"""",""tkid"":""415"",""ref"":""415"",""emotion"":0}]",,TAIKOU_bio_415,豐臣家臣。侍奉豐臣秀吉和秀賴。大阪冬季之戰時駐守博勞淵城寨，因守城失敗，被嘲笑為好看不中用的「橙武者」。大阪夏之陣一役奮戰雪恥，在與水野勝重軍作戰時陣亡。
lord_tk5_416,416,416,,铃木元信,鈴木元信,铃木,元信,Suzukii Motonobu,ou,1,1555,1569,1615,病死,,,,,,只限武将,60,60,普通,勇敢,理想,慎重,普通,25,书籍,无欲,普通,其他,刀剑,29,18,90,80,58,0,0,0,0,1,0,2,0,3,3,3,3,3,3,1,1,无,强袭，丢钱,能吏,一般条件,,,未登场,铃木元信,足轻组头,直臣,伊达家,clan_date_1,米泽城,无,未登场,铃木元信,足轻组头,直臣,伊达家,clan_date_1,米泽城,无,未登场,铃木元信,足轻组头,直臣,伊达家,clan_date_2,米泽城,无,已登场,铃木元信,足轻组头,直臣,伊达家,clan_date_2,米泽城,无,已登场,铃木元信,足轻组头,直臣,伊达家,clan_date_2,米泽城,无,已登场,铃木元信,部将,直臣,伊达家,clan_date_2,仙台城,无,未登场,铃木元信,足轻组头,直臣,伊达家,米泽城,无,已登场,铃木元信,足轻大将,直臣,伊达家,米泽城,无,已登场,铃木元信,浪人,其他,无,佐仓之町,无,,"[{""stage"":"""",""tkid"":""416"",""ref"":""416"",""emotion"":0}]",,TAIKOU_bio_416,伊達家臣。和泉守。名秀信、高信、重信均可。作為重臣主要在政治、經濟方面幫助政宗。為政宗奪取天下之後，規劃了「伊達幕府」的法規條款，臨終之際說「已經沒用了」而將其燒毀。
lord_tk5_417,417,417,,须田满亲,須田滿親,须田,满亲,Suda Mitsuchika,hokuriku,1,1555,1569,1585,病死,,,,,,全职种,15,15,温和,普通,普通,轻率,普通,36,武具,普通,普通,源氏,刀剑,45,46,64,71,66,1,1,0,0,0,1,0,0,0,0,0,1,1,3,1,0,无,强袭,无,无要求,,,未登场,须田满亲,浪人,其他,无,clan_murakami_2,小诸之町,无,未登场,须田满亲,浪人,其他,无,clan_murakami_2,小诸之町,无,未登场,须田满亲,浪人,其他,无,,小诸之町,无,已登场,须田满亲,浪人,其他,无,,小诸之町,无,已登场,须田满亲,足轻大将,直臣,上杉家,clan_uesugi_2,春日山城,无,已死亡,须田满亲,无效,无效,无,,无效,无,已登场,须田满亲,部将,直臣,村上家,海津城,无,已登场,须田满亲,足轻大将,直臣,上杉家,春日山城,无,已登场,须田满亲,浪人,其他,无,土崎凑之町,无,,"[{""stage"":"""",""tkid"":""417"",""ref"":""417"",""emotion"":0}]",,TAIKOU_bio_417,上杉家臣。信濃的豪族。原為僧民集團的領導人，後轉侍上杉景勝，負責對付北陸的僧民集團，任信濃海津城城代，以子幸村為人質，調停於真田昌幸與景勝之間。
lord_tk5_418,418,418,,津田宗及,,津田,宗及,Tsuda Sookyuu,kinai,1,1546,1560,1591,病死,lord_tk5_849,,,,lord_tk5_849|lord_tk5_934,武将以外优先,5,5,温和,普通,现实,慎重,重视情义,23,艺术品,贪心,普通,其他,枪,16,15,64,66,72,0,0,0,1,0,0,0,0,2,0,0,3,0,2,4,2,无,拔突，丢钱,茶宗,一般条件,,,已登场,津田宗及,掌柜,直臣,天王寺屋,clan_tsuda_3,堺之町,无,已登场,津田宗及,掌柜,直臣,天王寺屋,clan_tsuda_3,堺之町,无,已登场,津田宗及,当家,首领,天王寺屋,clan_tsuda_3,堺之町,无,已登场,津田宗及,当家,首领,天王寺屋,clan_tsuda_3,堺之町,无,已登场,津田宗及,当家,首领,天王寺屋,clan_tsuda_3,堺之町,无,已死亡,津田宗及,无效,无效,无,,无效,无,未登场,津田宗及,掌柜,直臣,天王寺屋,堺之町,无,已登场,津田宗及,当家,首领,天王寺屋,堺之町,无,已登场,津田宗及,船头,直臣,盐饱水军,盐饱之砦,无,,"[{""stage"":"""",""tkid"":""418"",""ref"":""418"",""emotion"":0}]",,TAIKOU_bio_418,界的豪商。也是知名的茶人。向父親‧宗達學習茶道，父子三代延續編寫「天王寺屋茶會記」一書。侍奉織田信長及豐臣秀吉時，擔任茶頭一職。與今井宗久及千利休同列名為「天下三宗匠」。精通武藝‧蹴鞠，也修行佛禪，號幽更齋天信。
lord_tk5_419,419,419,,角仓素庵,角倉素庵,角仓,素庵,Sumikura Soan,kinai,1,1571,1585,1632,病死,lord_tk5_420,,,,lord_tk5_420,武将以外优先,23,23,温和,胆小,普通,慎重,普通,14,艺术品,无欲,普通,其他,枪,27,17,63,58,66,0,0,0,1,0,0,0,0,3,1,1,3,4,2,3,1,无,拔突，丢钱,无,无要求,,,未登场,角仓素庵,浪人,其他,无,,京之町,无,未登场,角仓素庵,浪人,其他,无,,京之町,无,未登场,角仓素庵,浪人,其他,无,,京之町,无,未登场,角仓素庵,浪人,其他,无,clan_sumikura_1,京之町,无,未登场,角仓素庵,见习,陪臣（角仓了以）,角仓屋,clan_sumikura_1,京之町,无,已登场,角仓素庵,掌柜,直臣,角仓屋,clan_sumikura_1,京之町,无,未登场,角仓素庵,浪人,其他,无,京之町,无,未登场,角仓素庵,见习,陪臣（角仓了以）,角仓屋,京之町,无,已登场,角仓素庵,浪人,其他,无,松仓之町,无,,"[{""stage"":"""",""tkid"":""419"",""ref"":""419"",""emotion"":0}]",,TAIKOU_bio_419,京的豪商。了以之子。幫助父親開創事業，率領名為「角倉船」的朱印船和安南（越南）進行貿易。此外，也致力於各種河川的開鑿工程。其優異的教養，促使自己與文化人的交流頻繁，晚年與本阿彌光悅一同致力於木制印體字的出版事業。
lord_tk5_420,420,420,,角仓了以,角倉了以,角仓,了以,Sumikura Ryooi,kinai,1,1554,1568,1614,病死,,,,,lord_tk5_419,武将以外优先,99,99,普通,勇敢,普通,轻率,普通,55,南蛮物,贪心,普通,其他,枪,40,28,76,67,58,0,0,0,1,0,0,0,1,4,3,1,4,2,3,1,4,无,拔突，伤药，止血，丢钱，贿赂,风雅之士,一般条件,,,未登场,角仓了以,浪人,其他,无,,京之町,无,未登场,角仓了以,浪人,其他,无,,京之町,无,未登场,角仓了以,浪人,其他,无,,京之町,无,已登场,角仓了以,当家,首领,角仓屋,clan_sumikura_1,京之町,无,已登场,角仓了以,当家,首领,角仓屋,clan_sumikura_1,京之町,无,已登场,角仓了以,当家,首领,角仓屋,clan_sumikura_1,京之町,无,未登场,角仓了以,浪人,其他,无,京之町,无,已登场,角仓了以,当家,首领,角仓屋,京之町,无,已登场,角仓了以,浪人,其他,无,松江之町,无,,"[{""stage"":"""",""tkid"":""420"",""ref"":""420"",""emotion"":0}]",,TAIKOU_bio_420,京的豪商。名醫‧吉田宗桂之子。熟悉土木技術，積極地承攬河川開鑿等事業，對京的水上交通網整頓方面有很大的貢獻。另一方面，受豐臣秀吉和江戶幕府賞賜朱印狀，與其子‧素庵一同進行對安南（越南）的貿易工作，因此獲得了鉅富。
lord_tk5_421,421,421,,关一政,關一政,关,一政,Seki Kazumasa,tosan,1,1558,1572,1625,病死,lord_tk5_424,,,,lord_tk5_424,全职种,75,75,普通,普通,现实,普通,不重情义,55,书籍,普通,普通,平氏,刀剑,51,42,46,63,34,1,1,1,0,1,1,2,1,0,0,0,1,0,0,0,0,无,强袭,无,无要求,,,未登场,关一政,足轻组头,陪臣（关盛信）,北畠家,clan_seki_1,大河内城,无,未登场,关一政,足轻组头,陪臣（关盛信）,北畠家,clan_seki_1,大河内城,无,未登场,关一政,足轻组头,陪臣（关盛信）,北畠家,clan_seki_1,大河内城,无,已登场,关一政,足轻组头,陪臣（织田信雄）,织田家,clan_oda_2,大河内城,无,已登场,关一政,足轻大将,陪臣（织田信雄）,织田家,clan_oda_2,安浓津城,无,已登场,关一政,城主,直臣,丰臣家,clan_kinoshita_1,饭山城,无,未登场,关一政,足轻组头,陪臣（关盛信）,北畠家,大河内城,无,已登场,关一政,足轻大将,陪臣（关盛信）,羽柴家,石山本愿寺,无,已登场,关一政,足轻大将,直臣,一宫家,春日山城,无,,"[{""stage"":"""",""tkid"":""421"",""ref"":""421"",""emotion"":0}]",,TAIKOU_bio_421,織田家家臣。後來成為豐臣家家臣。盛信之子。在九州征伐‧小田原征伐等戰役中擔任蒲生氏鄉的寄騎。在關原合戰中最初隸屬於西軍，途中反叛而投靠東軍。此戰功使其受封父親的舊領地‧伊勢龜山城。雖於大阪之陣立下戰功，後因家中發生內亂而遭貶。
lord_tk5_422,422,422,,关口氏广,關口氏廣,关口,氏广,Sekiguchi Munihiro,tokai,1,1521,1554,1562,战死,,,,,,全职种,54,54,温和,胆小,普通,普通,重视情义,39,艺术品,普通,普通,源氏,刀剑,51,51,42,57,59,0,0,1,0,0,0,0,0,1,1,0,0,0,0,0,0,无,强袭,无,无要求,,,已登场,关口氏广,部将,直臣,今川家,clan_imagawa_1,骏府城,无,已登场,关口氏广,部将,直臣,今川家,clan_imagawa_1,骏府城,无,已死亡,关口氏广,无效,无效,无,,无效,无,已死亡,关口氏广,无效,无效,无,,无效,无,已死亡,关口氏广,无效,无效,无,,无效,无,已死亡,关口氏广,无效,无效,无,,无效,无,已登场,关口氏广,家老,直臣,今川家,骏府城,无,已死亡,关口氏广,无效,无效,无,无效,无,已登场,关口氏广,浪人,其他,无,尾道之町,无,,"[{""stage"":"""",""tkid"":""422"",""ref"":""422"",""emotion"":0}]",,TAIKOU_bio_422,駿河今川氏的家臣。被稱刑部少輔。是今川氏一成員，相當於義元的妹婿，女兒是德川家康的正室築山殿。在桶狹間的戰鬥中被義元賜死而自裁。
lord_tk5_423,423,423,,世鬼政时,世鬼政時,世鬼,政时,Seiki Masatoki,sanyo,1,1512,1554,1583,病死,,,,,,武将以外优先,34,34,普通,普通,普通,慎重,不重情义,55,武具,无欲,滴酒不沾,其他,苦无,57,62,21,74,19,2,0,2,0,1,2,1,4,1,0,0,0,0,3,0,2,奈落之术，内讧之术，红莲之术，错乱之术,强袭，拔突，二连苦无，半月，猛毒苦无，十字投，乱苦无，叠返之术，铁壁,苦无名人,一般条件,,,已登场,世鬼政时,头目,首领,外闻众,clan_seiki_1,外闻之里,无,已登场,世鬼政时,头目,首领,外闻众,clan_seiki_1,外闻之里,无,已登场,世鬼政时,头目,首领,外闻众,clan_seiki_1,外闻之里,无,已登场,世鬼政时,头目,首领,外闻众,clan_seiki_1,外闻之里,无,已登场,世鬼政时,头目,首领,外闻众,clan_seiki_1,外闻之里,无,已死亡,世鬼政时,无效,无效,无,,无效,无,已登场,世鬼政时,头目,首领,外闻众,外闻之里,无,已死亡,世鬼政时,无效,无效,无,无效,无,已登场,世鬼政时,下忍,直臣,户隐众,户隐之里,无,,"[{""stage"":"""",""tkid"":""423"",""ref"":""423"",""emotion"":0}]",,TAIKOU_bio_423,忍者。遠江世木家的後裔。原本父親‧政親是隸屬尼子家麾下的石見豪族‧高橋家，後來反叛離開。蟄伏於山中，受毛利元就的賞識因此被登庸。擅長諜報及散佈謠言，是執行元就的多項謀略如新宮黨事件等的幕後功臣。
lord_tk5_424,424,424,,关盛信,關盛信,关,盛信,Seki Morinobu,tokai,1,1524,1554,1593,病死,,,,,lord_tk5_421,全职种,42,42,普通,胆小,普通,普通,普通,59,书籍,普通,普通,平氏,刀剑,39,36,52,61,57,0,0,0,0,1,1,0,0,0,1,0,1,0,1,0,1,无,强袭,无,无要求,,,已登场,关盛信,家老,直臣,北畠家,clan_seki_1,大河内城,无,已登场,关盛信,家老,直臣,北畠家,clan_seki_1,大河内城,无,已登场,关盛信,家老,直臣,北畠家,clan_seki_1,大河内城,无,已登场,关盛信,部将,陪臣（织田信雄）,织田家,clan_oda_2,大河内城,无,已登场,关盛信,部将,陪臣（织田信雄）,织田家,clan_oda_2,安浓津城,无,已死亡,关盛信,无效,无效,无,clan_kinoshita_1,无效,无,已登场,关盛信,家老,直臣,北畠家,大河内城,无,已登场,关盛信,部将,直臣,羽柴家,石山本愿寺,无,已登场,关盛信,浪人,其他,无,轮岛之町,无,,"[{""stage"":"""",""tkid"":""424"",""ref"":""424"",""emotion"":0}]",,TAIKOU_bio_424,伊勢之豪族。龜山城主。關氏勢力的首領。投降進攻伊勢的織田信長。本能寺事變後歸屬豐臣秀吉，參加了長久手之戰。後任蒲生氏鄉騎馬衛隊衛士，氏鄉轉封會津時遷移會津。
lord_tk5_425,425,425,,仙石秀久,,仙石,秀久,Sengoku Hidehisa,tosan,1,1552,1566,1614,病死,,,,,,全职种,99,99,温和,胆小,现实,普通,普通,44,书籍,贪心,普通,源氏,刀剑,24,39,58,48,50,0,0,0,0,1,1,0,0,3,0,0,1,0,1,1,0,无,强袭,无,无要求,,,未登场,仙石秀久,足轻组头,直臣,织田家,clan_oda_1,清洲城,无,未登场,仙石秀久,足轻组头,直臣,织田家,clan_oda_1,清洲城,无,已登场,仙石秀久,足轻组头,直臣,织田家,clan_oda_1,岐阜城,无,已登场,仙石秀久,足轻组头,直臣,织田家,clan_oda_1,岐阜城,无,已登场,仙石秀久,足轻组头,陪臣（羽柴秀吉）,织田家,clan_kinoshita_1,姬路城,无,已登场,仙石秀久,城主,直臣,丰臣家,clan_kinoshita_1,小诸城,无,未登场,仙石秀久,足轻组头,直臣,斋藤家,稻叶山城,无,已登场,仙石秀久,城主,直臣,羽柴家,洲本城,无,已登场,仙石秀久,浪人,其他,无,轮岛之町,无,,"[{""stage"":"""",""tkid"":""425"",""ref"":""425"",""emotion"":0}]",,TAIKOU_bio_425,豐臣家臣。在秀吉家臣當中，是以猛將著稱的武功派將領。跟隨秀吉參加各次會戰，充分展現了其才能。征伐九州時充任先鋒，但在戶次川之戰中慘敗於島津軍，被沒收了領地。後來，在進攻小田原時重仕舊主。
lord_tk5_426,426,426,,千利休,千宗易,千,利休,Sen Rikyuu,kinai,1,1522,1554,1591,病死,,,,,,没那个意思,5,5,温和,胆小,理想,慎重,不重情义,61,艺术品,无欲,滴酒不沾,其他,枪,4,3,56,72,95,0,0,0,0,0,0,0,0,1,0,0,3,4,3,4,2,无,拔突，丢钱,茶仙,一般条件,,天下大茶会剧情,已登场,千宗易,茶人,其他,无,,堺之町,无,已登场,千宗易,茶人,其他,无,,堺之町,无,已登场,千宗易,茶人,其他,无,,堺之町,无,已登场,千宗易,茶人,其他,无,,堺之町,无,已登场,千宗易,茶人,其他,无,,堺之町,无,已死亡,千利休,无效,无效,无,,无效,无,已登场,千宗易,茶人,其他,无,堺之町,无,已登场,千利休,茶人,其他,无,堺之町,无,已登场,千利休,大名,首领,千家,海津城,无,,"[{""stage"":"""",""tkid"":""426"",""ref"":""426"",""emotion"":0}]",,TAIKOU_bio_426,界町眾。茶人。號宗易，後來又稱利休居士。侘茶（優雅風格的茶事）的集大成者。不拘古風，引新鮮情趣入茶事，開闢獨創的天地。先後侍奉信長和秀吉。運用茶會及茶具建立起的人際關係，對「茶湯政道」頗有貢獻。後來與秀吉的關係逐漸惡化，終被下令切腹自殺。
lord_tk5_427,427,427,,相马盛胤,相馬盛胤,相马,盛胤,Soma Moritane,ou,1,1529,1554,1601,病死,,,,,lord_tk5_428,只限武将,30,30,性急,勇敢,理想,轻率,不重情义,74,武具,普通,普通,平氏,刀剑,72,61,47,29,54,2,2,0,0,1,1,2,0,0,1,0,2,0,2,0,0,无,强袭,无,无要求,,,已登场,相马盛胤,大名,首领,相马家,clan_soma_1,小高城,无,已登场,相马盛胤,大名,首领,相马家,clan_soma_1,小高城,无,已登场,相马盛胤,大名,首领,相马家,clan_soma_1,小高城,无,已登场,相马盛胤,大名,首领,相马家,clan_soma_1,小高城,无,已登场,相马盛胤,大名,首领,相马家,clan_soma_1,小高城,无,已登场,相马盛胤,家老,直臣,相马家,clan_soma_1,小高城,无,已登场,相马盛胤,大名,首领,相马家,小高城,无,已登场,相马盛胤,家老,直臣,相马家,小高城,无,已登场,相马盛胤,下忍,直臣,风魔众,风魔之里,无,,"[{""stage"":"""",""tkid"":""427"",""ref"":""427"",""emotion"":0}]",,TAIKOU_bio_427,相馬家第十五代當主。義胤之父。雖與伊達家存有姻親關係，但兩者間的爭戰不斷，半世紀以來發生過不下三十次以上的合戰，並成功守住了領地。特別是對伊達輝宗之伊具郡爭奪戰最為激烈，最終獲得勝利而佔據伊具郡，其勇名也震驚世人。
lord_tk5_428,428,428,,相马义胤,相馬義胤,相马,义胤,Soma Yoshitane,ou,1,1548,1562,1635,病死,lord_tk5_427,,,,lord_tk5_427,只限武将,30,30,普通,勇敢,理想,轻率,普通,79,武具,普通,嗜酒如命,平氏,刀剑,67,68,44,54,52,2,2,0,0,1,2,1,0,1,1,0,0,0,1,0,0,无,强袭，拔突，铁壁,无,一般条件,,,未登场,相马义胤,家老,直臣,相马家,clan_soma_1,小高城,无,已登场,相马义胤,家老,直臣,相马家,clan_soma_1,小高城,无,已登场,相马义胤,家老,直臣,相马家,clan_soma_1,小高城,无,已登场,相马义胤,家老,直臣,相马家,clan_soma_1,小高城,无,已登场,相马义胤,家老,直臣,相马家,clan_soma_1,小高城,无,已登场,相马义胤,大名,首领,相马家,clan_soma_1,小高城,无,未登场,相马义胤,家老,直臣,相马家,小高城,无,已登场,相马义胤,大名,首领,相马家,小高城,无,已登场,相马义胤,下忍,直臣,风魔众,风魔之里,无,,"[{""stage"":"""",""tkid"":""428"",""ref"":""428"",""emotion"":0}]",,TAIKOU_bio_428,相馬家１６代領主。盛胤嫡子。自從與伊達輝宗交手之後十數年，與伊達家族展開了抗爭。關原之戰時，因與東軍會師遲到，被貶為平民。但後經伊達政宗調解，恢復了原領地。
lord_tk5_429,429,429,,宗义调,宗義調,宗,义调,Soo Yoshitoshi,saikai,1,1532,1554,1588,病死,,,,宗将盛,lord_tk5_430,全职种,90,90,普通,普通,现实,普通,普通,61,书籍,普通,普通,其他,刀剑,58,39,51,47,50,1,0,0,2,0,0,1,0,0,0,1,0,0,2,0,0,无,强袭,无,无要求,,,已登场,宗义调,大名,首领,宗家,clan_soo_1,金石城,无,已登场,宗义调,大名,首领,宗家,clan_soo_1,金石城,无,已登场,宗义调,大名,首领,宗家,clan_soo_1,金石城,无,已登场,宗义调,大名,首领,宗家,clan_soo_1,金石城,无,已登场,宗义调,大名,首领,宗家,clan_soo_1,金石城,无,已死亡,宗义调,无效,无效,无,clan_soo_2,无效,无,已登场,宗义调,大名,首领,宗家,金石城,无,已登场,宗义调,大名,首领,宗家,金石城,无,已登场,宗义调,浪人,其他,无,岐阜之町,无,,"[{""stage"":"""",""tkid"":""429"",""ref"":""429"",""emotion"":0}]",,TAIKOU_bio_429,宗家第十三代當主。對馬守護。正當家中叛亂不斷時，繼承父親遺志致力平定家中內亂。在位數年後，將家督之位讓給外甥‧茂尚，輔佐體弱多病的茂尚執政。企圖擁立少貳家進出九州不成，最後向豐臣秀吉投降，成為對朝鮮交涉的負責人。
lord_tk5_430,430,430,,宗义智,宗義智,宗,义智,Soo Yoshitomo,saikai,1,1568,1582,1615,病死,宗将盛,,,,lord_tk5_429,全职种,90,90,温和,胆小,现实,普通,普通,35,艺术品,普通,普通,其他,刀剑,37,29,55,72,61,1,0,0,2,0,0,0,0,0,0,1,0,0,3,0,0,无,强袭,无,无要求,,,未登场,宗义智,家老,直臣,宗家,clan_soo_1,金石城,无,未登场,宗义智,家老,直臣,宗家,clan_soo_1,金石城,无,未登场,宗义智,家老,直臣,宗家,clan_soo_1,金石城,无,未登场,宗义智,家老,直臣,宗家,clan_soo_1,金石城,无,已登场,宗义智,家老,直臣,宗家,clan_soo_1,金石城,无,已登场,宗义智,大名,首领,宗家,clan_soo_2,金石城,无,未登场,宗义智,家老,直臣,宗家,金石城,无,已登场,宗义智,家老,直臣,宗家,金石城,无,已登场,宗义智,浪人,其他,无,金泽之町,无,,"[{""stage"":"""",""tkid"":""430"",""ref"":""430"",""emotion"":0}]",,TAIKOU_bio_430,宗家第十六代當主。對馬守護。義調的養子。前兩任當主皆英年早逝，他繼承家督之位，義調成為其監護人。臣服於豐臣秀吉之下，對馬的領地也因此受到保障。避免與朝鮮發生戰爭而奔走四方。戰後在與朝鮮的和睦交涉上有很大的貢獻。
lord_tk5_431,431,431,,十河一存,,十河,一存,Sogo Kazumasa,nankai,1,1532,1554,1561,病死,三好元长,,,三好长秀,lord_tk5_38|lord_tk5_432|lord_tk5_701|lord_tk5_702|lord_tk5_704|lord_tk5_707|lord_tk5_708|lord_tk5_709,只限武将,50,50,性急,勇敢,理想,轻率,重视情义,68,武具,贪心,嗜酒如命,其他,刀剑,76,67,47,38,68,2,2,2,2,1,2,2,1,0,0,0,0,0,1,0,1,无,强袭，拔突，铁壁,无,一般条件,,,已登场,十河一存,城主,直臣,三好家,clan_sogo_1,十河城,无,已登场,十河一存,城主,直臣,三好家,clan_sogo_1,十河城,无,已死亡,十河一存,无效,无效,无,clan_miyoshi_5,无效,无,已死亡,十河一存,无效,无效,无,clan_sogo_2,无效,无,已死亡,十河一存,无效,无效,无,clan_oda_1,无效,无,已死亡,十河一存,无效,无效,无,,无效,无,已登场,十河一存,城主,直臣,细川家,十河城,无,已死亡,十河一存,无效,无效,无,无效,无,已登场,十河一存,家老,直臣,十河家,广岛城,无,,"[{""stage"":"""",""tkid"":""431"",""ref"":""431"",""emotion"":0}]",,TAIKOU_bio_431,三好元長之四子，三好長慶之兄弟。繼承讚岐的十河家，成為十河城主。幫助其兄長慶在畿內功勞很大，身為戰將被稱「鬼十河」而流傳四方。據說在去有馬權現途中落馬而死。
lord_tk5_432,432,432,,十河存保,,十河,存保,Sogo Masayasu,nankai,1,1554,1568,1586,战死,lord_tk5_708,,,三好元长,lord_tk5_38|lord_tk5_431|lord_tk5_702|lord_tk5_704|lord_tk5_707|lord_tk5_708|lord_tk5_709,只限武将,50,50,性急,勇敢,普通,慎重,普通,72,艺术品,普通,普通,其他,刀剑,58,53,42,54,65,1,0,1,1,0,1,0,1,0,0,1,0,0,1,0,0,无,强袭,无,一般条件,,,未登场,十河存保,部将,陪臣（十河一存）,三好家,clan_sogo_1,十河城,无,未登场,十河存保,足轻组头,陪臣（十河一存）,三好家,clan_sogo_1,十河城,无,已登场,十河存保,城主,直臣,三好家,clan_miyoshi_4,十河城,无,已登场,十河存保,城主,直臣,三好家,clan_sogo_2,十河城,无,已登场,十河存保,大名,首领,十河家,clan_sogo_2,十河城,无,已死亡,十河存保,无效,无效,无,,无效,无,未登场,十河存保,部将,陪臣（十河一存）,细川家,十河城,无,已登场,十河存保,大名,首领,十河家,十河城,无,已登场,十河存保,大名,首领,十河家,广岛城,无,,"[{""stage"":"""",""tkid"":""432"",""ref"":""432"",""emotion"":0}]",,TAIKOU_bio_432,三好義賢之子。後成為其叔父十河一存之義子，而繼承家業。跟隨豐臣秀吉參加四國討伐軍，奪回了被長宗我部奪走的讚岐。征討九州時任先頭部隊，在豐後戶次川戰役中戰死。
lord_tk5_433,433,433,,太原雪斋,太原雪齋,太原,雪斋,Saito Dosan,tokai,1,1496,1554,1555,病死,,,,,,全职种,48,60,温和,勇敢,现实,普通,重视情义,12,书籍,无欲,滴酒不沾,其他,枪,93,23,81,92,80,4,3,1,1,1,2,4,1,2,2,1,3,3,3,0,3,齐攻，风林火山,强袭，拔突，铁壁，伤药，丢钱,军师,一般条件,,,已登场,太原雪斋,家老,直臣,今川家,clan_imagawa_1,骏府城,无,已死亡,太原雪斋,无效,无效,无,,无效,无,已死亡,太原雪斋,无效,无效,无,,无效,无,已死亡,太原雪斋,无效,无效,无,,无效,无,已死亡,太原雪斋,无效,无效,无,,无效,无,已死亡,太原雪斋,无效,无效,无,,无效,无,已登场,太原雪斋,家老,直臣,今川家,骏府城,无,已死亡,太原雪斋,无效,无效,无,无效,无,已登场,太原雪斋,浪人,其他,无,津山之町,无,,"[{""stage"":"""",""tkid"":""433"",""ref"":""433"",""emotion"":0}]",,TAIKOU_bio_433,臨濟禪僧。法名崇孚。號雪齋。為今川義元擔任禪道與兵法的師傅。不僅參與今川家的執政，對武田家‧北條家的三國同盟的成功也有很大的貢獻。此外，在小豆阪合戰中戰勝了織田信秀等在戰役中表現優異。也將兵法傳授給當時與織田家交換作為人質的松平竹千代（德川家康）。
lord_tk5_434,434,434,,大道寺政繁,,大道寺,政繁,Daidoji Masashige,kanto,1,1533,1554,1590,战死,,,,,,只限武将,80,80,普通,普通,普通,轻率,普通,51,书籍,无欲,普通,藤原氏,刀剑,56,44,82,51,49,1,1,1,1,0,1,2,0,3,2,1,1,0,1,1,0,无,强袭,无,无要求,,,已登场,大道寺政繁,侍大将,直臣,北条家,clan_hojo_1,小田原城,无,已登场,大道寺政繁,侍大将,直臣,北条家,clan_hojo_1,小田原城,无,已登场,大道寺政繁,侍大将,直臣,北条家,clan_hojo_1,小田原城,无,已登场,大道寺政繁,侍大将,直臣,北条家,clan_hojo_2,小田原城,无,已登场,大道寺政繁,部将,直臣,北条家,clan_hojo_2,小田原城,无,已死亡,大道寺政繁,无效,无效,无,,无效,无,已登场,大道寺政繁,侍大将,直臣,北条家,小田原城,无,已登场,大道寺政繁,部将,直臣,北条家,小田原城,无,已登场,大道寺政繁,家老,直臣,大久保家,佐贺城,无,,"[{""stage"":"""",""tkid"":""434"",""ref"":""434"",""emotion"":0}]",,TAIKOU_bio_434,北條家臣。河越城主。是自北條氏康起侍奉北條家三代人的譜代重臣。在行政方面發揮才能，為城市繁榮做出了貢獻。投降於豐臣秀吉的小田原討伐軍，做秀吉軍的帶路人，後從秀吉之命自盡。
lord_tk5_435,435,435,,大宝寺义氏,大寶寺義氏,大宝寺,义氏,Daihoji Yoshiuji,ou,1,1551,1565,1583,病死,lord_tk5_813,,,,lord_tk5_813|lord_tk5_860,全职种,0,0,普通,胆小,现实,普通,普通,62,书籍,贪心,普通,藤原氏,刀剑,19,16,21,52,9,0,0,0,0,0,0,1,0,0,0,0,1,0,1,0,0,无,强袭,无,无要求,,,未登场,大宝寺义氏,家老,直臣,大宝寺家,clan_daihoji_1,尾浦城,无,未登场,大宝寺义氏,家老,直臣,大宝寺家,clan_daihoji_1,尾浦城,无,已登场,大宝寺义氏,大名,首领,大宝寺家,clan_daihoji_1,尾浦城,无,已登场,大宝寺义氏,大名,首领,大宝寺家,clan_daihoji_1,尾浦城,无,已登场,大宝寺义氏,大名,首领,大宝寺家,clan_daihoji_1,尾浦城,无,已死亡,大宝寺义氏,无效,无效,无,,无效,无,未登场,大宝寺义氏,家老,直臣,大宝寺家,尾浦城,无,已死亡,大宝寺义氏,无效,无效,无,无效,无,已登场,大宝寺义氏,家老,直臣,大久保家,佐贺城,无,,"[{""stage"":"""",""tkid"":""435"",""ref"":""435"",""emotion"":0}]",,TAIKOU_bio_435,出羽尾浦城主。武藤氏後裔。因為父親幫助本庄繁長進行反叛，所以被送往上杉謙信處作為人質。繼承家督之位後，臣服上杉家，憑藉其武力作後盾統一了庄內。與伊達家聯合對抗敵對的最上家。最後因家臣與最上家串通並掀起叛亂而自盡身亡。
lord_tk5_436,436,436,,高岛正重,高島正重,高岛,正重,Takashima Masashige,nankai,1,1561,1575,1631,病死,,,,,,只限武将,80,80,温和,普通,现实,慎重,普通,22,书籍,普通,普通,其他,刀剑,40,48,53,37,41,0,0,0,0,0,0,0,0,1,1,1,2,3,1,0,0,无,强袭,无,无要求,,,未登场,高岛正重,足轻组头,直臣,一条家,clan_ichijo_1,中村城,无,未登场,高岛正重,足轻组头,直臣,一条家,clan_ichijo_1,中村城,无,未登场,高岛正重,足轻组头,直臣,一条家,clan_ichijo_1,中村城,无,已登场,高岛正重,足轻组头,直臣,长宗我部家,clan_chosokabe_2,冈丰城,无,已登场,高岛正重,足轻组头,直臣,长宗我部家,clan_chosokabe_2,冈丰城,无,已登场,高岛正重,侍大将,直臣,长宗我部家,clan_chosokabe_2,冈丰城,无,未登场,高岛正重,足轻组头,直臣,一条家,中村城,无,已登场,高岛正重,足轻组头,直臣,长宗我部家,冈丰城,无,已登场,高岛正重,浪人,其他,无,宇须岸之町,无,,"[{""stage"":"""",""tkid"":""436"",""ref"":""436"",""emotion"":0}]",,TAIKOU_bio_436,長宗我部家臣。任主公元親的近侍。原為長岡郡土豪，屬於一條家。長宗我部家被貶為平民後，供職於山內家。文學方面才思敏捷，字體雋永，元親三十三回忌日時，著「元親記」。
lord_tk5_437,437,437,,高梨政赖,高梨政賴,高梨,政赖,Takanashi Masayori,hokuriku,1,1513,1554,1576,病死,,,,,,全职种,15,15,普通,胆小,普通,轻率,普通,50,艺术品,普通,普通,源氏,刀剑,44,51,41,42,53,1,0,1,0,0,0,0,0,0,1,0,0,0,0,0,0,无,强袭,无,无要求,,,已登场,高梨政赖,部将,直臣,长尾家,clan_uesugi_1,春日山城,无,已登场,高梨政赖,城主,直臣,长尾家,clan_takanashi_1,饭山城,无,已登场,高梨政赖,家老,直臣,上杉家,clan_uesugi_1,春日山城,无,已登场,高梨政赖,家老,直臣,上杉家,clan_uesugi_1,春日山城,无,已死亡,高梨政赖,无效,无效,无,,无效,无,已死亡,高梨政赖,无效,无效,无,,无效,无,已登场,高梨政赖,城主,直臣,村上家,饭山城,无,已死亡,高梨政赖,无效,无效,无,无效,无,已登场,高梨政赖,浪人,其他,无,骏府之町,无,,"[{""stage"":"""",""tkid"":""437"",""ref"":""437"",""emotion"":0}]",,TAIKOU_bio_437,上杉家臣。信濃之豪族。武田信玄聯合村上義清進攻北信濃，因無力抵抗，求助於越後的上杉。其後歸順於謙信，在川中島會戰中充任先鋒，奮勇作戰。
lord_tk5_438,438,438,,高桥鉴种,高橋鑒種|高橋鑑種,高桥,鉴种,Takahashi Hiroyoshi,saikai,1,1536,1554,1579,病死,一万田亲泰,,,,lord_tk5_90,全职种,20,20,性急,勇敢,普通,轻率,不重情义,88,艺术品,贪心,普通,其他,刀剑,46,60,54,49,56,1,1,1,0,1,1,0,0,0,1,0,0,0,1,0,0,无,强袭,无,无要求,,,已登场,高桥鉴种,国主,直臣,大友家,clan_otomo_1,岩屋城,无,已登场,高桥鉴种,城主,直臣,大友家,clan_otomo_1,岩屋城,无,已登场,高桥鉴种,城主,直臣,毛利家,clan_mori_1,岩屋城,无,已登场,高桥鉴种,城主,直臣,大友家,clan_otomo_1,小仓城,无,已死亡,高桥鉴种,无效,无效,无,clan_otomo_1,无效,无,已死亡,高桥鉴种,无效,无效,无,,无效,无,未登场,高桥鉴种,城主,直臣,毛利家,岩屋城,无,已死亡,高桥鉴种,无效,无效,无,无效,无,已登场,高桥鉴种,浪人,其他,无,姬路之町,无,,"[{""stage"":"""",""tkid"":""438"",""ref"":""438"",""emotion"":0}]",,TAIKOU_bio_438,大友家臣。一萬田親敦的次子。任築前寶滿城城主，擔當築前的經略。串通毛利家起兵謀反，使大友家與毛利家在築前展開了徹底決戰。之後雖被原諒，但被島津氏打敗後，再次謀反。
lord_tk5_439,439,439,,高桥绍运,高橋紹運,高桥,绍运,Takahashi Shoun,saikai,1,1548,1562,1586,战死,lord_tk5_778,,,,lord_tk5_457|lord_tk5_458|lord_tk5_778|lord_tk5_915,只限武将,80,80,性急,勇敢,普通,普通,重视情义,52,武具,普通,普通,其他,刀剑,84,87,40,65,77,2,3,2,1,1,2,3,0,0,0,1,0,1,0,0,1,无,强袭，拔突，铁壁,策士,一般条件,,,未登场,高桥绍运,家老,直臣,大友家,clan_otomo_1,府内城,无,已登场,高桥绍运,家老,直臣,大友家,clan_takahashi_1,府内城,无,已登场,高桥绍运,家老,直臣,大友家,clan_otomo_1,府内城,无,已登场,高桥绍运,城主,直臣,大友家,clan_otomo_1,岩屋城,无,已登场,高桥绍运,城主,直臣,大友家,clan_otomo_1,岩屋城,无,已死亡,高桥绍运,无效,无效,无,clan_tachibana_2,无效,无,未登场,高桥绍运,家老,直臣,大友家,府内城,无,已登场,高桥绍运,城主,直臣,大友家,岩屋城,无,已登场,高桥绍运,浪人,其他,无,仓敷之町,无,,"[{""stage"":"""",""tkid"":""439"",""ref"":""439"",""emotion"":0}]",,TAIKOU_bio_439,大友家臣。吉弘鑑理的次子。是與立花道雪共同肩負衰微的大友家之猛將。他應道雪之請讓親生子‧統虎成為了道雪的養子。他被島津家五萬軍力所包圍並拒絕對方的勸降，仍憑仗所剩無幾的城兵展開激烈的抵抗，終究不敵壯烈成仁。
lord_tk5_440,440,440,,高山重友,,高山,重友,Takayama Shigetomo,hokuriku,1,1552,1566,1615,病死,lord_tk5_441,,,,lord_tk5_441,全职种,96,96,温和,胆小,理想,慎重,普通,49,南蛮物,无欲,滴酒不沾,平氏,刀剑,53,48,70,65,72,1,1,0,0,0,0,0,0,4,2,3,0,3,1,4,1,紧急修补，加护,强袭,风雅之士,一般条件,,,未登场,高山重友,足轻组头,陪臣（高山友照）,三好家,clan_takayama_1,多闻山城,无,未登场,高山重友,足轻组头,陪臣（松永久秀）,三好家,clan_matsunaga_1,信贵山城,无,已登场,高山重友,足轻组头,陪臣（和田惟政）,织田家,clan_wada_1,高槻城,无,已登场,高山重友,足轻大将,陪臣（高山友照）,织田家,clan_takayama_1,高槻城,无,已登场,高山重友,足轻大将,直臣,织田家,clan_oda_1,安土城,无,已登场,高山重友,侍大将,直臣,前田家,clan_maeda_1,金泽城,无,未登场,高山重友,足轻组头,陪臣（高山友照）,细川家,芥川城,无,已登场,高山重友,城主,直臣,羽柴家,高槻城,无,已登场,高山重友,足轻组头,直臣,山中家,江户城,无,,"[{""stage"":"""",""tkid"":""440"",""ref"":""440"",""emotion"":0}]",,TAIKOU_bio_440,織田家臣。攝津高槻城主。友照之子。與父親一起信仰天主教。鼓勵在畿內傳教，並規勸蒲生氏鄉和黑田官兵衛信教。秀吉嚴禁信仰天主教，對此堅持不改變信仰的他因而到處流浪，後被家康流放到呂宋島。
lord_tk5_441,441,441,,高山友照,,高山,友照,Takayama Tomoteru,hokuriku,1,1530,1554,1596,病死,,,,,lord_tk5_440,全职种,96,96,温和,胆小,普通,慎重,不重情义,36,南蛮物,无欲,滴酒不沾,平氏,刀剑,47,50,61,59,66,0,1,0,0,1,0,1,0,0,0,0,0,2,1,3,1,无,强袭,风雅之士,无要求,,,已登场,高山友照,部将,陪臣（松永久秀）,三好家,clan_takayama_1,多闻山城,无,已登场,高山友照,部将,陪臣（松永久秀）,三好家,clan_matsunaga_1,信贵山城,无,已登场,高山友照,部将,陪臣（和田惟政）,织田家,clan_wada_1,高槻城,无,已登场,高山友照,城主,直臣,织田家,clan_takayama_1,高槻城,无,已登场,高山友照,浪人,其他,无,clan_oda_1,敦贺之町,无,已死亡,高山友照,无效,无效,无,clan_maeda_1,无效,无,已登场,高山友照,足轻大将,陪臣（三好长庆）,细川家,芥川城,无,已登场,高山友照,浪人,其他,无,敦贺之町,无,已登场,高山友照,足轻大将,直臣,山中家,江户城,无,,"[{""stage"":"""",""tkid"":""441"",""ref"":""441"",""emotion"":0}]",,TAIKOU_bio_441,織田家臣。攝津高槻城主。作為天主教大名而眾所周知。家臣和妻子也受其影響。最初歸屬松永久秀而後從屬和田惟政。並協同荒木村重一起謀反信長。但事敗村重逃走，友照則寄身於越前的柴田勝家處。
lord_tk5_442,442,442,,泷川一益,瀧川一益,泷川,一益,Takigawa Kazumasu,tokai,1,1525,1554,1586,病死,泷川一胜,,,,lord_tk5_657,全职种,90,90,普通,勇敢,普通,轻率,普通,67,南蛮物,普通,嗜酒如命,其他,火绳枪,80,81,54,81,72,3,2,4,0,2,3,2,3,2,1,1,3,2,2,1,2,枪炮乱射，钓瓶击，城门爆破，幻惑之术,强袭，连续斩，拔突，二连苦无，半月，急所击，二挺击，刚弓，石火，乱射，刚力，铁壁，丢钱,火枪名人,一般条件,,,已登场,泷川一益,浪人,其他,无,clan_oda_1,清洲之町,无,已登场,泷川一益,侍大将,直臣,织田家,clan_oda_1,清洲城,无,已登场,泷川一益,城主,直臣,织田家,clan_takigawa_1,安浓津城,无,已登场,泷川一益,城主,直臣,织田家,clan_oda_1,长岛城,无,已登场,泷川一益,城主,直臣,织田家,clan_oda_1,长岛城,无,已死亡,泷川一益,无效,无效,无,clan_uesugi_2,无效,无,已登场,泷川一益,浪人,其他,无,目加田之町,无,已登场,泷川一益,家老,直臣,羽柴家,石山本愿寺,无,已登场,泷川一益,足轻大将,直臣,一宫家,春日山城,无,,"[{""stage"":"""",""tkid"":""442"",""ref"":""442"",""emotion"":0}]",,TAIKOU_bio_442,織田家臣。因其作戰勇猛，而被稱為「進也瀧川，退也瀧川」。侍奉信長，進攻伊勢、伊賀時表現突出，平定了甲斐，成為關東管領。本能寺事變後，與北條軍作戰慘敗，之後便失去了其威風。
lord_tk5_443,443,443,,泷川雄利,瀧川雄利,泷川,雄利,Takigawa Yasumasa,kinai,1,1543,1557,1610,病死,,,,lord_tk5_306,lord_tk5_306,全职种,61,61,温和,胆小,现实,慎重,普通,19,书籍,普通,普通,其他,刀剑,55,23,44,60,37,2,0,0,1,0,1,1,0,0,1,0,1,2,2,0,1,无,强袭,无,无要求,,,未登场,泷川雄利,浪人,其他,无,clan_kitabatake_1,大凑之町,无,已登场,泷川雄利,足轻组头,陪臣（木造具政）,北畠家,clan_kitabatake_1,大河内城,无,已登场,泷川雄利,足轻组头,陪臣（木造具政）,北畠家,clan_kitabatake_1,大河内城,无,已登场,泷川雄利,足轻组头,陪臣（织田信雄）,织田家,clan_oda_2,大河内城,无,已登场,泷川雄利,足轻组头,陪臣（织田信雄）,织田家,clan_oda_2,安浓津城,无,已登场,泷川雄利,侍大将,直臣,丰臣家,clan_kinoshita_1,大坂城,无,未登场,泷川雄利,足轻组头,陪臣（木造具政）,北畠家,大河内城,无,已登场,泷川雄利,部将,直臣,织田家,长岛城,无,已登场,泷川雄利,浪人,其他,无,龟山之町,无,,"[{""stage"":"""",""tkid"":""443"",""ref"":""443"",""emotion"":0}]",,TAIKOU_bio_443,織田家家臣。伊勢木造家一族。瀧川一益的養子，後來侍奉織田信雄。小牧合戰時成為豐臣家家臣，但因豐臣秀次事件而遭受連座處份，喪失領地。侍奉秀吉擔任御咄眾，在關原合戰因隸屬西軍之故，再度喪失領地。再度擔任德川家的御咄眾而復歸成功。
lord_tk5_444,444,444,,田北镇周,田北鎮周,田北,镇周,Takakita Tamechika,saikai,1,1544,1560,1578,战死,田北亲员,,,,lord_tk5_831,只限武将,61,61,普通,勇敢,理想,轻率,重视情义,55,书籍,普通,普通,藤原氏,刀剑,72,70,30,27,34,2,2,1,0,0,2,2,0,0,0,1,0,0,0,0,0,无,强袭，拔突，铁壁,无,无要求,,,未登场,田北镇周,部将,直臣,大友家,clan_otomo_1,府内城,无,已登场,田北镇周,部将,直臣,大友家,clan_otomo_1,府内城,无,已登场,田北镇周,部将,直臣,大友家,clan_otomo_1,府内城,无,已登场,田北镇周,部将,直臣,大友家,clan_otomo_1,府内城,无,已死亡,田北镇周,无效,无效,无,,无效,无,已死亡,田北镇周,无效,无效,无,,无效,无,未登场,田北镇周,足轻大将,直臣,大友家,府内城,无,已死亡,田北镇周,无效,无效,无,无效,无,已登场,田北镇周,足轻大将,直臣,北家,松前城,无,,"[{""stage"":"""",""tkid"":""444"",""ref"":""444"",""emotion"":0}]",,TAIKOU_bio_444,大友家臣。豐後蚊尾城主。任加判眾。耳川之戰時，積極主張渡河進攻，為總大將田原親賢所不容，而支持佐伯惟教的慎重政策。他一怒之下，作為先鋒衝入島津軍戰死。
lord_tk5_445,445,445,,泷本寺非有,瀧本寺非有,泷本寺,非有,Takimotoji Hiyu,nankai,1,1539,1554,1595,病死,谷忠澄父,,,,lord_tk5_469,全职种,80,80,温和,普通,普通,慎重,普通,27,书籍,无欲,滴酒不沾,其他,枪,11,6,79,74,70,0,0,0,0,0,0,0,0,1,2,1,2,3,3,1,3,无,拔突，伤药,无,一般条件,,,已登场,泷本寺非有,侍大将,直臣,长宗我部家,clan_chosokabe_1,冈丰城,无,已登场,泷本寺非有,侍大将,直臣,长宗我部家,clan_chosokabe_2,冈丰城,无,已登场,泷本寺非有,侍大将,直臣,长宗我部家,clan_chosokabe_2,冈丰城,无,已登场,泷本寺非有,侍大将,直臣,长宗我部家,clan_chosokabe_2,冈丰城,无,已登场,泷本寺非有,侍大将,直臣,长宗我部家,clan_chosokabe_2,冈丰城,无,已死亡,泷本寺非有,无效,无效,无,clan_chosokabe_2,无效,无,未登场,泷本寺非有,侍大将,直臣,长宗我部家,冈丰城,无,已登场,泷本寺非有,侍大将,直臣,长宗我部家,冈丰城,无,已登场,泷本寺非有,浪人,其他,无,小诸之町,无,,"[{""stage"":"""",""tkid"":""445"",""ref"":""445"",""emotion"":0}]",,TAIKOU_bio_445,長宗我部家臣。長岡郡龍本寺的住持。侍奉長宗我部元親的真言宗僧人。由於學識淵博，得到重用。參與內政和外交。另外，他還起草了許多法令和文件。與毛利安國寺的惠瓊一並被稱作「一對坊主」。
lord_tk5_446,446,446,,武井夕庵,,武井,夕庵,Takei Yuuan,kinai,1,1509,1554,1586,病死,,,,,,全职种,0,0,温和,胆小,普通,慎重,普通,13,书籍,普通,滴酒不沾,其他,枪,14,8,79,58,64,0,0,0,0,0,0,0,0,2,2,1,3,4,2,1,3,无,拔突，伤药，丢钱,无,无要求,,,已登场,武井夕庵,足轻组头,直臣,斋藤家,clan_saitoo_1,稻叶山城,无,已登场,武井夕庵,足轻组头,直臣,斋藤家,clan_saitoo_2,稻叶山城,无,已登场,武井夕庵,足轻组头,直臣,织田家,clan_oda_1,岐阜城,无,已登场,武井夕庵,足轻组头,直臣,织田家,clan_oda_1,岐阜城,无,已登场,武井夕庵,足轻组头,直臣,织田家,clan_oda_1,安土城,无,已死亡,武井夕庵,无效,无效,无,,无效,无,已登场,武井夕庵,浪人,其他,无,清洲之町,无,已登场,武井夕庵,浪人,其他,无,奈良之町,无,已登场,武井夕庵,浪人,其他,无,杂贺之町,无,,"[{""stage"":"""",""tkid"":""446"",""ref"":""446"",""emotion"":0}]",,TAIKOU_bio_446,織田信長的右筆（書記官）。先後侍奉美濃土岐家、齋藤家，又為信長擔任右筆及奏者。於信長上洛後也多方參與政務，與公家多有交流。此外，與武田信玄、小早川隆景、吉川元春等人之外交交涉上頗為活躍。
lord_tk5_447,447,447,,武田胜赖,武田勝賴,武田,胜赖,Takeda Katsuyori,tosan,1,1546,1560,1582,战死,lord_tk5_449,,lord_tk5_1185,lord_tk5_801,lord_tk5_87|lord_tk5_448|lord_tk5_449|lord_tk5_450|lord_tk5_451|lord_tk5_453|lord_tk5_560|lord_tk5_801,只限武将,70,70,性急,勇敢,普通,轻率,普通,79,武具,普通,普通,源氏,刀剑,79,85,51,61,37,2,3,2,0,1,3,3,0,1,1,2,1,1,1,1,0,影武者,强袭，连续斩，拔突，刚力，铁壁,无,一般条件,,"主角德川家康，长筱之战胜利
    主角织田信长，天目山之战胜利",未登场,武田胜赖,部将,陪臣（武田信玄）,武田家,clan_takeda_1,踯躅崎馆,无,已登场,武田胜赖,部将,直臣,武田家,clan_takeda_1,踯躅崎馆,无,已登场,武田胜赖,家老,直臣,武田家,clan_takeda_2,踯躅崎馆,无,已登场,武田胜赖,大名,首领,武田家,clan_takeda_2,踯躅崎馆,无,已登场,武田胜赖,大名,首领,武田家,clan_takeda_2,甲府城,无,已死亡,武田胜赖,无效,无效,无,,无效,无,未登场,武田胜赖,家老,直臣,武田家,踯躅崎馆,无,已死亡,武田胜赖,无效,无效,无,无效,无,已登场,武田胜赖,浪人,其他,无,浦户之町,无,,"[{""stage"":"""",""tkid"":""447"",""ref"":""447"",""emotion"":0}]",,TAIKOU_bio_447,甲斐戰國大名，信玄四子。信玄病故後繼承家督之位。曾採取強硬的政策擴大領地，但長篠之戰大敗後，領地經營困難。族中漸生不睦，遂敗於織田、德川聯軍，在天目山自盡。
lord_tk5_448,448,448,,武田逍遥轩,武田逍遙軒|武田逍遙轩|武田信廉,武田,逍遥轩,Takeda Harufusa,tosan,1,1528,1554,1582,战死,lord_tk5_801,,,,lord_tk5_87|lord_tk5_447|lord_tk5_449|lord_tk5_450|lord_tk5_451|lord_tk5_560|lord_tk5_801,只限武将,62,62,温和,普通,普通,普通,重视情义,35,艺术品,无欲,普通,源氏,刀剑,61,44,74,68,75,2,1,0,0,0,0,2,0,0,1,2,1,3,1,1,0,无,强袭,无,一般条件,,,已登场,武田信廉,城主,直臣,武田家,clan_takeda_3,高远城,无,已登场,武田信廉,城主,直臣,武田家,clan_takeda_3,高远城,无,已登场,武田信廉,城主,直臣,武田家,clan_takeda_3,高远城,无,已登场,武田逍遥轩,家老,直臣,武田家,clan_takeda_2,踯躅崎馆,无,已登场,武田逍遥轩,家老,直臣,武田家,clan_takeda_2,甲府城,无,已死亡,武田逍遥轩,无效,无效,无,,无效,无,已登场,武田信廉,家老,直臣,武田家,踯躅崎馆,无,已死亡,武田逍遥轩,无效,无效,无,无效,无,已登场,武田逍遥轩,浪人,其他,无,岐阜之町,无,,"[{""stage"":"""",""tkid"":""448"",""ref"":""448"",""emotion"":0}]",,TAIKOU_bio_448,武田家臣。信玄之弟。名信廉，人稱逍遙軒。兄長信繁去世後，作為家將之首輔佐信玄。因其貌似信玄，常充當其替身。信玄去世後，為了秘而不宣也充當了替身。有繪畫才能，傳有人物畫等許多作品。
lord_tk5_449,449,449,,武田信玄,武田晴信,武田,信玄,Takeda Shingen,tosan,1,1521,1554,1573,病死,lord_tk5_801,,lord_tk5_1200,,lord_tk5_87|lord_tk5_447|lord_tk5_448|lord_tk5_450|lord_tk5_451|lord_tk5_453|lord_tk5_560|lord_tk5_801,只限武将,62,62,普通,勇敢,普通,普通,不重情义,97,武具,贪心,普通,源氏,刀剑,99,85,93,99,92,4,4,3,0,4,3,4,3,3,4,4,3,2,3,1,3,齐攻，城门爆破，土龙攻，风林火山，影武者，鬼谋，威吓,强袭，连续斩，拔突，二连苦无，半月，急所击，刚弓，刚力，铁壁，伤药，丢钱,军师,一般条件,武田四名臣 山县昌景/马场信春/高坂昌信/内藤昌丰,主角德川家康，三方原之战胜利,已登场,武田信玄,大名,首领,武田家,clan_takeda_1,踯躅崎馆,无,已登场,武田信玄,大名,首领,武田家,clan_takeda_1,踯躅崎馆,无,已登场,武田信玄,大名,首领,武田家,clan_takeda_1,踯躅崎馆,无,已死亡,武田信玄,无效,无效,无,clan_takeda_2,无效,无,已死亡,武田信玄,无效,无效,无,clan_takeda_2,无效,无,已死亡,武田信玄,无效,无效,无,clan_uesugi_2,无效,无,已登场,武田晴信,大名,首领,武田家,踯躅崎馆,无,已死亡,武田信玄,无效,无效,无,无效,无,已登场,武田信玄,浪人,其他,无,会津之町,无,,"[{""stage"":"""",""tkid"":""449"",""ref"":""449"",""emotion"":0}]",甲斐之虎武田信玄：风林火山枭雄军略家，深沉老辣、胸怀山河，私下却是会说笑的「虎皮顽童」反差。笑为捋须从容含笑（对亲近者豪爽大笑），怒为静默威慑气压全场，悲为低目叹息，惊为捋须玩味眼神精亮。,TAIKOU_bio_449,武田家１９代家主。甲斐守護。信虎之嫡子。曾因反對父親的苛政而被外放，後成為家督。率領精英薈萃的家族派和精銳的騎兵團，智謀過人善於臨機應變，人稱「甲斐之虎」。在治水、立法等民政方面也展現了高超的才能。
lord_tk5_450,450,450,,武田信繁,,武田,信繁,Takeda Nobumaki,tosan,1,1525,1554,1561,战死,lord_tk5_801,,,,lord_tk5_87|lord_tk5_447|lord_tk5_448|lord_tk5_449|lord_tk5_451|lord_tk5_560|lord_tk5_801,只限武将,62,62,温和,勇敢,普通,轻率,重视情义,42,武具,无欲,普通,源氏,刀剑,84,81,77,75,85,2,3,2,0,3,3,3,0,1,2,2,1,3,3,1,2,影武者,强袭，连续斩，拔突，刚弓，刚力，铁壁,无,不可,,主角武田信玄，川中岛之战败北,已登场,武田信繁,家老,直臣,武田家,clan_takeda_2,踯躅崎馆,无,已登场,武田信繁,家老,直臣,武田家,clan_takeda_2,踯躅崎馆,无,已死亡,武田信繁,无效,无效,无,clan_takeda_1,无效,无,已死亡,武田信繁,无效,无效,无,clan_takeda_2,无效,无,已死亡,武田信繁,无效,无效,无,clan_takeda_2,无效,无,已死亡,武田信繁,无效,无效,无,,无效,无,已登场,武田信繁,家老,直臣,武田家,踯躅崎馆,无,已死亡,武田信繁,无效,无效,无,无效,无,已登场,武田信繁,浪人,其他,无,宇须岸之町,无,,"[{""stage"":"""",""tkid"":""450"",""ref"":""450"",""emotion"":0}]",,TAIKOU_bio_450,信虎次子。信玄之弟。號典廄。武田二十四將之首。文武兼能，德高望重，為信玄之副將。川中島之戰中為守衛大本營奮戰至死，為信玄讚嘆。後得到「唯典廄公為真武將」的高度評價。
lord_tk5_451,451,451,,武田信丰,武田信豐,武田,信丰,Takeda Shigemasa,tosan,1,1548,1562,1582,战死,lord_tk5_450,,,lord_tk5_801,lord_tk5_87|lord_tk5_447|lord_tk5_448|lord_tk5_449|lord_tk5_450|lord_tk5_560|lord_tk5_801,只限武将,64,64,普通,普通,普通,慎重,重视情义,54,艺术品,无欲,普通,源氏,刀剑,39,25,71,70,75,1,2,0,0,1,1,1,0,0,2,2,2,2,1,1,1,无,强袭,无,无要求,,,未登场,武田信丰,部将,陪臣（武田信繁）,武田家,clan_takeda_2,小诸城,无,已登场,武田信丰,足轻组头,陪臣（武田信繁）,武田家,clan_takeda_2,踯躅崎馆,无,已登场,武田信丰,城主,直臣,武田家,clan_takeda_1,小诸城,无,已登场,武田信丰,城主,直臣,武田家,clan_takeda_2,小诸城,无,已登场,武田信丰,城主,直臣,武田家,clan_takeda_2,小诸城,无,已死亡,武田信丰,无效,无效,无,,无效,无,未登场,武田信丰,侍大将,陪臣（武田信繁）,武田家,踯躅崎馆,无,已死亡,武田信丰,无效,无效,无,无效,无,已登场,武田信丰,浪人,其他,无,堺之町,无,,"[{""stage"":"""",""tkid"":""451"",""ref"":""451"",""emotion"":0}]",,TAIKOU_bio_451,信玄弟信繁長子。信濃小諸城主。因父親戰死於川中島之戰而繼承家督之位。作為家族成員臣仕信玄和勝賴，守小諸城。依其襲承父輩的軍事才能為主家盡忠，然而，在織田信長進攻甲斐時被謀害。
lord_tk5_452,452,452,,武田元明,,武田,元明,Takeda Renlei,kinai,1,1552,1566,1582,战死,,,,,,只限武将,0,50,性急,胆小,理想,普通,普通,55,艺术品,贪心,滴酒不沾,源氏,刀剑,14,9,17,36,44,0,0,0,1,0,0,0,0,0,0,0,0,1,1,0,0,无,强袭,无,无要求,,,未登场,武田元明,浪人,其他,无,,小滨之町,无,未登场,武田元明,浪人,其他,无,,小滨之町,无,已登场,武田元明,浪人,其他,无,,小滨之町,无,已登场,武田元明,浪人,其他,无,,小滨之町,无,已登场,武田元明,侍大将,陪臣（明智光秀）,织田家,clan_akechi_1,丹波龟山城,无,已死亡,武田元明,无效,无效,无,,无效,无,未登场,武田元明,浪人,其他,无,小滨之町,无,已死亡,武田元明,无效,无效,无,无效,无,已登场,武田元明,浪人,其他,无,尾道之町,无,,"[{""stage"":"""",""tkid"":""452"",""ref"":""452"",""emotion"":0}]",,TAIKOU_bio_452,若狹武田家第九代當主。若狹守護。雖然武田家代代為擔任守護職的名家，因領內不斷發生一揆（暴動）而使國力越漸衰退。當織田信長勢力逼近時，見機服從其下而得以保全部份領土。在本能寺之變後，與明智光秀同一陣線共同侵略佐和山城，後來被秀吉所殺。
lord_tk5_453,453,453,,武田义信,武田義信,武田,义信,Takeda Nobuyuki,tosan,1,1538,1554,1567,战死,lord_tk5_449,,,,lord_tk5_447|lord_tk5_449|lord_tk5_560,只限武将,62,32,普通,普通,理想,慎重,不重情义,65,艺术品,普通,普通,源氏,刀剑,75,65,66,56,60,2,2,1,0,2,1,2,0,1,0,0,0,2,0,1,1,无,强袭，刚弓,无,一般条件,战国三弹正 真田幸隆/高坂昌信/保科正俊,,已登场,武田义信,家老,直臣,武田家,clan_takeda_1,踯躅崎馆,无,已登场,武田义信,家老,直臣,武田家,clan_takeda_1,踯躅崎馆,无,已死亡,武田义信,无效,无效,无,clan_takeda_1,无效,无,已死亡,武田义信,无效,无效,无,clan_takeda_2,无效,无,已死亡,武田义信,无效,无效,无,clan_takeda_2,无效,无,已死亡,武田义信,无效,无效,无,,无效,无,未登场,武田义信,家老,直臣,武田家,踯躅崎馆,无,已死亡,武田义信,无效,无效,无,无效,无,已登场,武田义信,浪人,其他,无,敦贺之町,无,,"[{""stage"":"""",""tkid"":""453"",""ref"":""453"",""emotion"":0}]",,TAIKOU_bio_453,信玄長子，妻為今川義元之女。曾被視為信玄家傳人，因反對父親企圖謀取岳父今川家而與父對立。後被發現謀反，囚禁東光寺，兩年後去世。死因不明，有自殺與病故兩種說法。
lord_tk5_454,454,454,,竹中重门,竹中重門,竹中,重门,Takenaka Shigemoto,tokai,1,1573,1587,1631,病死,lord_tk5_455,,,,lord_tk5_455,全职种,0,0,温和,普通,现实,普通,普通,55,书籍,普通,滴酒不沾,源氏,刀剑,58,55,79,60,69,2,1,1,1,0,1,3,1,3,2,2,0,3,1,2,2,无,强袭，连续斩,无,无要求,,,未登场,竹中重门,足轻组头,陪臣（竹中半兵卫）,斋藤家,clan_takenaka_1,大垣城,无,未登场,竹中重门,足轻组头,陪臣（竹中半兵卫）,斋藤家,clan_takenaka_1,稻叶山城,无,未登场,竹中重门,足轻组头,陪臣（木下藤吉郎）,织田家,clan_kinoshita_1,岐阜城,无,未登场,竹中重门,足轻组头,陪臣（羽柴秀吉）,织田家,clan_kinoshita_1,长滨城,无,未登场,竹中重门,足轻组头,陪臣（羽柴秀吉）,织田家,clan_kinoshita_1,姬路城,无,已登场,竹中重门,城主,直臣,丰臣家,clan_kinoshita_1,墨俣城,无,未登场,竹中重门,足轻组头,陪臣（竹中半兵卫）,斋藤家,大垣城,无,未登场,竹中重门,足轻组头,直臣,羽柴家,石山本愿寺,无,已登场,竹中重门,当家,首领,石头屋,会津之町,无,,"[{""stage"":"""",""tkid"":""454"",""ref"":""454"",""emotion"":0}]",,TAIKOU_bio_454,豐臣家家臣。後為德川家臣。半兵衛重治之嫡子。因為他是才能受秀吉器重的半兵衛之子，所以倍受禮遇。在關原合戰時起初隸屬於西軍，但後來反叛投靠東軍。立下俘虜小西行長等的戰功，得以保全自己的領地。文才造詣高深，晚年時撰寫秀吉傳記『豐鑑』。
lord_tk5_455,455,455|1167,,竹中半兵卫,竹中半兵衛|竹中重治,竹中,半兵卫,Takenaka Hanbee,kinai,1,1544,1558,1579,病死,竹中重元,,,,lord_tk5_454|lord_tk5_908,没那个意思,10,10,温和,胆小,现实,慎重,重视情义,44,艺术品,无欲,滴酒不沾,源氏,刀剑,96,71,80,97,88,4,3,3,1,2,2,4,2,2,2,2,3,2,3,2,0,齐攻,强袭，连续斩，八神太刀，拔突，二连苦无，急所击，刚弓，金刚力，铁壁，气声，丢钱，大喝,军师,不可,,主角丰臣秀吉，剧情拉拢竹中半兵卫,未登场,竹中半兵卫,足轻大将,陪臣（安藤守就）,斋藤家,clan_takenaka_1,大垣城,新当流,已登场,竹中半兵卫,部将,陪臣（安藤守就）,斋藤家,clan_takenaka_1,大垣城,新当流,已登场,竹中半兵卫,足轻大将,陪臣（木下藤吉郎）,织田家,clan_kinoshita_1,岐阜城,新当流,已登场,竹中半兵卫,部将,陪臣（羽柴秀吉）,织田家,clan_kinoshita_1,长滨城,新当流,已死亡,竹中半兵卫,无效,无效,无,clan_kinoshita_1,无效,无,已死亡,竹中半兵卫,无效,无效,无,clan_kinoshita_1,无效,无,未登场,竹中半兵卫,足轻大将,陪臣（安藤守就）,斋藤家,大垣城,新当流,已死亡,竹中半兵卫,无效,无效,无,无效,无,已登场,竹中半兵卫,当家,首领,百货屋,敦贺之町,新当流,"[{""stage"":""计"",""tkid"":""455"",""ref"":"""",""emotion"":1},{""stage"":""卿"",""tkid"":""1167"",""ref"":"""",""emotion"":1}]","[{""stage"":""计"",""tkid"":""455"",""ref"":""455"",""emotion"":1},{""stage"":""卿"",""tkid"":""1167"",""ref"":""1167"",""emotion"":1}]",,TAIKOU_bio_455,齋藤家臣。後為豐臣家臣。名重治。為勸諫主公齋藤龍興，僅以十數人之兵力奪取了主家的居城稻葉山城。秀吉佩服其卓越的智謀，任用為軍師。其後做為參謀，是協助秀吉活躍的幕後支持者。
lord_tk5_456,456,456,,立花道雪,户次鉴连|戶次鑑連,立花,道雪,Tachibana Dosetsu,saikai,1,1513,1554,1585,病死,,,,,,只限武将,84,84,普通,勇敢,普通,普通,普通,40,武具,普通,普通,藤原氏,刀剑,95,87,68,68,85,3,4,3,2,3,3,3,0,1,1,0,0,2,1,1,0,无,强袭，连续斩，拔突，急所击，刚弓，刚力，铁壁,军师,一般条件,,,已登场,户次鉴连,家老,直臣,大友家,clan_tachibana_1,府内城,无,已登场,户次鉴连,家老,直臣,大友家,clan_tachibana_1,府内城,无,已登场,户次鉴连,家老,直臣,大友家,clan_tachibana_1,府内城,无,已登场,立花道雪,城主,直臣,大友家,clan_tachibana_1,立花山城,无,已登场,立花道雪,城主,直臣,大友家,clan_tachibana_1,立花山城,无,已死亡,立花道雪,无效,无效,无,clan_tachibana_2,无效,无,已登场,户次鉴连,家老,直臣,大友家,府内城,无,已登场,立花道雪,家老,直臣,大友家,府内城,无,已登场,立花道雪,浪人,其他,无,滨松之町,无,,"[{""stage"":"""",""tkid"":""456"",""ref"":""456"",""emotion"":0}]",,TAIKOU_bio_456,大友家臣。名鑑連，入佛門後號道雪。其一生幾乎均在軍營中度過，是智勇雙全的猛將。本姓戶次，但在平定筑前立花家的叛亂後，繼承立花家名號而改姓立花。以「鬼道雪」之名令敵人聞風喪膽。並留下了他年輕時曾遭雷擊，以其愛刀「雷切」斬了雷神的傳說。
lord_tk5_457,457,457,,立花直次,高桥直次|高橋直次,立花,直次,Tachibana Naotsugu,saikai,1,1572,1586,1617,病死,lord_tk5_439,,,lord_tk5_778,lord_tk5_439|lord_tk5_458|lord_tk5_778|lord_tk5_915,只限武将,84,84,温和,胆小,普通,普通,普通,55,书籍,普通,普通,藤原氏,刀剑,51,55,60,53,60,1,1,1,1,0,1,1,0,0,1,0,0,1,0,0,0,无,强袭,无,无要求,,,未登场,高桥直次,足轻组头,陪臣（户次鉴连）,大友家,clan_tachibana_1,府内城,无,未登场,高桥直次,足轻组头,陪臣（户次鉴连）,大友家,clan_tachibana_1,府内城,无,未登场,高桥直次,足轻组头,陪臣（户次鉴连）,大友家,clan_tachibana_1,府内城,无,未登场,高桥直次,足轻组头,陪臣（立花道雪）,大友家,clan_tachibana_1,立花山城,无,未登场,立花直次,足轻组头,陪臣（立花道雪）,大友家,clan_tachibana_1,立花山城,无,已登场,立花直次,家老,直臣,立花家,clan_tachibana_2,柳川城,无,未登场,高桥直次,足轻组头,陪臣（户次鉴连）,大友家,府内城,无,未登场,立花直次,足轻组头,陪臣（立花宗茂）,大友家,立花山城,无,已登场,立花直次,浪人,其他,无,今治之町,无,,"[{""stage"":"""",""tkid"":""457"",""ref"":""457"",""emotion"":0}]",,TAIKOU_bio_457,大友家家臣。高橋紹雲的次子。立花宗茂之弟。起初承續了高橋家之名，而後改用兄長‧立花之姓氏。主家滅亡後，因為受豐臣秀吉之庇護得以保住領地。關原合戰中與其兄‧宗茂同隸屬於西軍而喪失領地。最後，在德川家康的籌畫下獲得了常陸。
lord_tk5_458,458,458,,立花宗茂,高桥统虎|高橋統虎,立花,宗茂,Tachibana Muneshige,saikai,1,1567,1581,1642,病死,lord_tk5_439,,lord_tk5_1189,lord_tk5_778,lord_tk5_439|lord_tk5_457|lord_tk5_778|lord_tk5_915,只限武将,84,84,性急,普通,普通,慎重,普通,70,南蛮物,普通,普通,藤原氏,刀剑,86,79,60,68,72,3,2,3,0,2,2,3,0,0,2,1,2,2,1,1,2,无,强袭，拔突，急所击，刚弓，铁壁,无,一般条件,,,未登场,高桥统虎,足轻组头,陪臣（户次鉴连）,大友家,clan_tachibana_1,府内城,无,未登场,高桥统虎,足轻组头,陪臣（高桥绍运）,大友家,clan_takahashi_1,府内城,无,未登场,高桥统虎,足轻组头,陪臣（户次鉴连）,大友家,clan_tachibana_1,府内城,无,已登场,高桥统虎,足轻组头,陪臣（立花道雪）,大友家,clan_tachibana_1,立花山城,无,已登场,立花宗茂,足轻组头,陪臣（立花道雪）,大友家,clan_tachibana_1,立花山城,无,已登场,立花宗茂,大名,首领,立花家,clan_tachibana_2,柳川城,无,未登场,高桥统虎,足轻组头,陪臣（户次鉴连）,大友家,府内城,无,已登场,立花宗茂,城主,直臣,大友家,立花山城,无,已登场,立花宗茂,浪人,其他,无,龟山之町,无,,"[{""stage"":"""",""tkid"":""458"",""ref"":""458"",""emotion"":0}]",,TAIKOU_bio_458,大友家臣。高橋紹雲的長子。立花道雪請他娶其女誾千代，而成為婿養子。由於島津氏的進攻，立花城被包圍，他死守城池，為秀吉的九州征討做出了貢獻。他的武勇不遜於父親及養父，而博得秀吉極高的評價而讚他為「其忠義與剛勇為鎮西第一」。
lord_tk5_459,459,459,,立原久纲,立原久綱,立原,久纲,Tachihara Hisatsuna,nankai,1,1531,1554,1613,病死,,,,,,没那个意思,15,15,温和,普通,普通,慎重,重视情义,54,书籍,无欲,普通,源氏,刀剑,43,45,55,61,52,1,0,1,0,0,0,0,0,2,1,1,1,3,1,0,0,无,强袭,无,无要求,,,已登场,立原久纲,侍大将,直臣,尼子家,clan_amago_1,月山富田城,无,已登场,立原久纲,部将,直臣,尼子家,clan_amago_1,月山富田城,无,已登场,立原久纲,浪人,其他,无,,松江之町,无,已登场,立原久纲,浪人,其他,无,,松江之町,无,已登场,立原久纲,浪人,其他,无,,松江之町,无,已登场,立原久纲,部将,直臣,蜂须贺家,clan_hachisuka_1,德岛城,无,已登场,立原久纲,家老,直臣,尼子家,月山富田城,无,已登场,立原久纲,浪人,其他,无,松江之町,无,已登场,立原久纲,浪人,其他,无,仙台之町,无,,"[{""stage"":"""",""tkid"":""459"",""ref"":""459"",""emotion"":0}]",,TAIKOU_bio_459,尼子家臣。幸綱次子。山中鹿介之叔父。主家為毛利所滅後，與外甥山中鹿介一起擁戴尼子勝久，圖再興主家。雖反對守城，但仍固守播磨上月城，戰敗城破。雖被毛利所俘，但中途逃脫，去了京都。
lord_tk5_460,460,460,,楯冈满茂,楯岡滿茂,楯冈,满茂,Tateoka Mitsushige,ou,1,1547,1561,1623,病死,,,,,,全职种,0,0,普通,勇敢,普通,普通,普通,51,艺术品,普通,普通,源氏,刀剑,57,48,39,47,41,1,1,0,0,0,1,1,0,0,0,0,1,0,0,0,0,无,强袭,无,无要求,,,未登场,楯冈满茂,部将,直臣,最上家,clan_mogami_1,山形城,无,已登场,楯冈满茂,部将,直臣,最上家,clan_mogami_1,山形城,无,已登场,楯冈满茂,部将,直臣,最上家,clan_mogami_1,山形城,无,已登场,楯冈满茂,部将,直臣,最上家,clan_mogami_2,山形城,无,已登场,楯冈满茂,部将,直臣,最上家,clan_mogami_2,山形城,无,已登场,楯冈满茂,家老,直臣,最上家,clan_mogami_2,山形城,无,未登场,楯冈满茂,侍大将,直臣,最上家,山形城,无,已登场,楯冈满茂,部将,直臣,最上家,山形城,无,已登场,楯冈满茂,浪人,其他,无,冈崎之町,无,,"[{""stage"":"""",""tkid"":""460"",""ref"":""460"",""emotion"":0}]",,TAIKOU_bio_460,最上家臣。楯岡城主。後為湯澤城主。是出羽最上的一族。義光的寵臣，作為最上軍的總司令攻打仙北地方，並攻下了湯澤城。在最上家臣當中，其俸祿最多高達４萬８千石。
lord_tk5_461,461,461,,伊达实元,伊達實際引數|伊達實元,伊达,实元,Date Sanemoto,ou,1,1527,1554,1587,病死,lord_tk5_463,,,,lord_tk5_71|lord_tk5_462|lord_tk5_463|lord_tk5_464|lord_tk5_465|lord_tk5_789|lord_tk5_799,只限武将,62,62,普通,勇敢,普通,普通,普通,22,书籍,普通,普通,藤原氏,刀剑,56,47,58,60,63,2,1,0,0,0,1,2,0,1,1,1,1,1,1,0,0,无,强袭,无,无要求,,,已登场,伊达实元,家老,直臣,伊达家,clan_date_3,米泽城,无,已登场,伊达实元,家老,直臣,伊达家,clan_date_3,米泽城,无,已登场,伊达实元,家老,直臣,伊达家,clan_date_3,米泽城,无,已登场,伊达实元,家老,直臣,伊达家,clan_date_3,米泽城,无,已登场,伊达实元,家老,直臣,伊达家,clan_date_3,米泽城,无,已死亡,伊达实元,无效,无效,无,clan_date_2,无效,无,已登场,伊达实元,家老,直臣,伊达家,米泽城,无,已登场,伊达实元,家老,直臣,伊达家,米泽城,无,已登场,伊达实元,浪人,其他,无,安土之町,无,,"[{""stage"":"""",""tkid"":""461"",""ref"":""461"",""emotion"":0}]",,TAIKOU_bio_461,稙宗之三男。晴宗之弟。應入嗣於越後上杉家，遭其兄晴宗的阻攔，而引發稙宗、晴宗父子的天文大亂。亂中屬於稙宗方面，家督之位被讓於晴宗後，侍奉晴宗。
lord_tk5_462,462,462,,伊达成实,伊達成實,伊达,成实,Date Shigezane,ou,1,1568,1582,1646,病死,lord_tk5_461,,,lord_tk5_463,lord_tk5_71|lord_tk5_461|lord_tk5_463|lord_tk5_464|lord_tk5_465|lord_tk5_789|lord_tk5_799,只限武将,62,62,普通,勇敢,理想,轻率,重视情义,61,武具,普通,普通,藤原氏,刀剑,71,75,55,54,77,3,2,1,0,2,2,2,1,1,1,1,1,2,1,1,1,骑射突击,强袭，拔突，刚弓，铁壁,无,一般条件,,,未登场,伊达成实,足轻组头,陪臣（伊达实元）,伊达家,clan_date_3,米泽城,无,未登场,伊达成实,足轻组头,陪臣（伊达实元）,伊达家,clan_date_3,米泽城,无,未登场,伊达成实,足轻组头,陪臣（伊达实元）,伊达家,clan_date_3,米泽城,无,未登场,伊达成实,足轻组头,陪臣（伊达实元）,伊达家,clan_date_3,米泽城,无,已登场,伊达成实,足轻组头,陪臣（伊达实元）,伊达家,clan_date_3,米泽城,无,已登场,伊达成实,家老,直臣,伊达家,clan_date_2,仙台城,无,未登场,伊达成实,足轻组头,陪臣（伊达实元）,伊达家,米泽城,无,已登场,伊达成实,部将,陪臣（伊达实元）,伊达家,米泽城,无,已登场,伊达成实,浪人,其他,无,足利之町,无,,"[{""stage"":"""",""tkid"":""462"",""ref"":""462"",""emotion"":0}]",,TAIKOU_bio_462,伊達一門。實元之子。在武力方面輔佐政宗，家中第一的猛將。不僅武功高強而且富有智謀，被稱為「具有文武雙全的雄才大略」。晚年，為德川第３代將軍家光講述軍史，著有政宗的傳記「成實記」。
lord_tk5_463,463,463,,伊达稙宗,伊達稙宗,伊达,稙宗,Date Tanemune,ou,1,1488,1554,1565,病死,,,,,lord_tk5_71|lord_tk5_461|lord_tk5_462|lord_tk5_464|lord_tk5_465|lord_tk5_789|lord_tk5_799,没那个意思,80,80,普通,勇敢,现实,普通,不重情义,93,武具,贪心,普通,藤原氏,刀剑,79,76,90,91,46,2,2,2,0,1,2,3,2,3,3,2,3,3,4,0,2,激励,强袭，拔突，二连苦无，铁壁，丢钱,无,一般条件,,,已登场,伊达稙宗,家老,直臣,伊达家,clan_date_1,米泽城,无,已登场,伊达稙宗,浪人,其他,无,clan_date_1,仙台之町,无,已死亡,伊达稙宗,无效,无效,无,clan_date_3,无效,无,已死亡,伊达稙宗,无效,无效,无,clan_date_3,无效,无,已死亡,伊达稙宗,无效,无效,无,clan_date_3,无效,无,已死亡,伊达稙宗,无效,无效,无,clan_date_2,无效,无,已登场,伊达稙宗,浪人,其他,无,仙台之町,无,已死亡,伊达稙宗,无效,无效,无,无效,无,已登场,伊达稙宗,浪人,其他,无,厩桥之町,无,,"[{""stage"":"""",""tkid"":""463"",""ref"":""463"",""emotion"":0}]",,TAIKOU_bio_463,伊達家第十四代當主。陸奧守護。積極地進行養子結親政策，同時也對幕府奉上鉅額獻金，因而獲得陸奧守護一職，為伊達家奠下日後的雄厚基礎。雖欲讓三男‧實元入嗣越後上杉家，卻遭到嫡子‧晴宗反對而疆持對立。最後在天文之亂挫敗後隱退。
lord_tk5_464,464,464,,伊达辉宗,伊達輝宗,伊达,辉宗,Date Terumune,ou,1,1544,1558,1585,战死,lord_tk5_465,,lord_tk5_1191,lord_tk5_463,lord_tk5_71|lord_tk5_461|lord_tk5_462|lord_tk5_463|lord_tk5_465|lord_tk5_466|lord_tk5_789|lord_tk5_799|lord_tk5_929,没那个意思,62,62,温和,胆小,普通,普通,不重情义,48,艺术品,普通,普通,藤原氏,刀剑,69,48,73,52,65,2,2,1,0,1,1,2,1,1,2,1,1,1,1,1,1,无,强袭,无,一般条件,,,未登场,伊达辉宗,部将,陪臣（伊达晴宗）,伊达家,clan_date_2,米泽城,无,已登场,伊达辉宗,家老,直臣,伊达家,clan_date_2,米泽城,无,已登场,伊达辉宗,大名,首领,伊达家,clan_date_2,米泽城,无,已登场,伊达辉宗,大名,首领,伊达家,clan_date_2,米泽城,无,已登场,伊达辉宗,大名,首领,伊达家,clan_date_2,米泽城,无,已死亡,伊达辉宗,无效,无效,无,clan_date_2,无效,无,未登场,伊达辉宗,家老,直臣,伊达家,米泽城,无,已登场,伊达辉宗,家老,直臣,伊达家,米泽城,无,已登场,伊达辉宗,浪人,其他,无,甲府之町,无,,"[{""stage"":"""",""tkid"":""464"",""ref"":""464"",""emotion"":0}]",,TAIKOU_bio_464,伊達家第１６代戶主。晴宗之次子。為推進家內的統治，與最上、相馬家相鬥爭。４１歲時隱居，將家督之位讓與嫡子政宗。轉年，中二本松義繼的圈套而被綁，在趕來救援的伊達軍槍林彈雨中死亡。
lord_tk5_465,465,465,,伊达晴宗,伊達晴宗,伊达,晴宗,Date Harumune,ou,1,1519,1554,1577,病死,lord_tk5_463,,,,lord_tk5_71|lord_tk5_461|lord_tk5_462|lord_tk5_463|lord_tk5_464|lord_tk5_466|lord_tk5_789|lord_tk5_799|lord_tk5_929,只限武将,48,48,性急,勇敢,普通,普通,不重情义,84,艺术品,贪心,普通,藤原氏,刀剑,76,56,81,80,79,2,3,1,0,2,1,3,1,2,1,2,2,1,2,1,2,无,强袭，刚弓,无,一般条件,,,已登场,伊达晴宗,大名,首领,伊达家,clan_date_1,米泽城,无,已登场,伊达晴宗,大名,首领,伊达家,clan_date_1,米泽城,无,已登场,伊达晴宗,浪人,其他,无,clan_date_2,仙台之町,无,已登场,伊达晴宗,家老,直臣,伊达家,clan_date_2,米泽城,无,已死亡,伊达晴宗,无效,无效,无,clan_date_2,无效,无,已死亡,伊达晴宗,无效,无效,无,clan_date_2,无效,无,已登场,伊达晴宗,大名,首领,伊达家,米泽城,无,已死亡,伊达晴宗,无效,无效,无,无效,无,已登场,伊达晴宗,浪人,其他,无,木更津之町,无,,"[{""stage"":"""",""tkid"":""465"",""ref"":""465"",""emotion"":0}]",,TAIKOU_bio_465,伊達家第１５代當主。稙宗之嫡子。與其父對立而發動「天文之大亂」，平息後，繼承家督之稱，成為奧州探題。善長運用聯姻外交，與蘆名、佐竹、留守、石川等相聯合，使伊達家地位不可動搖。
lord_tk5_466,466,466|1168,,伊达政宗,伊達政宗,伊达,政宗,Date Masamune,ou,1,1567,1577,1636,病死,lord_tk5_464,lord_tk5_1191,lord_tk5_1190,lord_tk5_465,lord_tk5_71|lord_tk5_464|lord_tk5_465|lord_tk5_789|lord_tk5_929,只限武将,62,62,性急,勇敢,现实,慎重,不重情义,90,南蛮物,贪心,普通,藤原氏,刀剑,93,79,94,92,96,3,4,4,2,3,3,3,2,3,4,3,3,2,3,2,3,齐攻，狙击，钓瓶击，骑射突击，土龙攻，影武者,强袭，连续斩，拔突，二连苦无，急所击，刚弓，刚力，铁壁，伤药，丢钱,策士,一般条件,伊达三杰 片仓景纲/伊达成实/鬼庭纲元,,未登场,伊达政宗,部将,陪臣（伊达辉宗）,伊达家,clan_date_2,米泽城,无,未登场,伊达政宗,足轻组头,陪臣（伊达辉宗）,伊达家,clan_date_2,米泽城,无,未登场,伊达政宗,部将,陪臣（伊达辉宗）,伊达家,clan_date_2,米泽城,无,未登场,伊达政宗,部将,陪臣（伊达辉宗）,伊达家,clan_date_2,米泽城,无,已登场,伊达政宗,家老,直臣,伊达家,clan_date_2,米泽城,无,已登场,伊达政宗,大名,首领,伊达家,clan_date_2,仙台城,无,未登场,伊达政宗,部将,陪臣（伊达辉宗）,伊达家,米泽城,无,已登场,伊达政宗,大名,首领,伊达家,米泽城,无,已登场,伊达政宗,浪人,其他,无,岐阜之町,无,"[{""stage"":""奥州"",""tkid"":""466"",""ref"":"""",""emotion"":1},{""stage"":""阵"",""tkid"":""1168"",""ref"":"""",""emotion"":1}]","[{""stage"":""奥州"",""tkid"":""466"",""ref"":""466"",""emotion"":1},{""stage"":""阵"",""tkid"":""1168"",""ref"":""1168"",""emotion"":1}]",,TAIKOU_bio_466,伊達家第１７代當主。輝宗之嫡子。１８歲繼承家督之位，瞬間與周邊諸國斷絕往來，２４歲時在奧州稱霸。人又稱「獨眼龍」。靠其權謀戰術與豐臣秀吉、德川家康等天下人相交鋒，在戰國中咬緊牙關奮鬥。
lord_tk5_467,467,467,,田中胜介,田中勝介,田中,胜介,Tanaka Katsuie,kinai,1,1571,1585,1620,病死,,,,,,武将以外优先,62,62,普通,勇敢,理想,轻率,普通,84,南蛮物,贪心,嗜酒如命,其他,枪,53,38,56,67,59,0,0,0,2,0,0,0,0,0,0,2,3,1,3,2,3,无,拔突，伤药，丢钱,无,无要求,,,未登场,田中胜介,浪人,其他,无,,京之町,无,未登场,田中胜介,浪人,其他,无,,京之町,无,未登场,田中胜介,浪人,其他,无,,京之町,无,未登场,田中胜介,浪人,其他,无,,京之町,无,未登场,田中胜介,浪人,其他,无,,京之町,无,已登场,田中胜介,浪人,其他,无,,京之町,无,未登场,田中胜介,浪人,其他,无,京之町,无,未登场,田中胜介,浪人,其他,无,京之町,无,已登场,田中胜介,足轻组头,直臣,中岛家,岩尾城,无,,"[{""stage"":"""",""tkid"":""467"",""ref"":""467"",""emotion"":0}]",,TAIKOU_bio_467,京的商人。貿易商。奉德川家康之令，搭乘回航途中的墨西哥商船。為首創橫渡太平洋的第一個日本人。抵達墨西哥後，嚐試進行貿易交涉不成，隔年歸國。
lord_tk5_468,468,468,,田中吉政,,田中,吉政,Tanaka Yoshimasa,tokai,1,1548,1562,1609,病死,,,,,,全职种,16,16,普通,胆小,现实,普通,不重情义,70,南蛮物,普通,普通,其他,刀剑,52,54,64,47,49,1,0,1,0,0,0,1,0,0,2,1,2,1,2,2,2,无,强袭,无,无要求,,,未登场,田中吉政,足轻组头,陪臣（宫部继润）,浅井家,clan_miyabe_1,小谷城,无,未登场,田中吉政,足轻组头,陪臣（宫部继润）,浅井家,clan_miyabe_1,小谷城,无,已登场,田中吉政,足轻组头,陪臣（宫部继润）,浅井家,clan_miyabe_1,小谷城,无,已登场,田中吉政,足轻组头,陪臣（羽柴秀吉）,织田家,clan_kinoshita_1,长滨城,无,已登场,田中吉政,足轻组头,陪臣（羽柴秀吉）,织田家,clan_kinoshita_1,姬路城,无,已登场,田中吉政,大名,首领,田中家,clan_tanaka_1,冈崎城,无,未登场,田中吉政,足轻组头,陪臣（宫部继润）,浅井家,小谷城,无,已登场,田中吉政,足轻组头,陪臣（宫部继润）,羽柴家,鸟取城,无,已登场,田中吉政,足轻组头,直臣,中岛家,岩尾城,无,,"[{""stage"":"""",""tkid"":""468"",""ref"":""468"",""emotion"":0}]",,TAIKOU_bio_468,豐臣家臣。開始屬於宮部繼潤。擔任豐臣秀次的家老，領有三河岡崎５萬石。關原之戰屬東軍，擒住了石田三成，依其功勞賞築後柳川３２萬石。
lord_tk5_469,469,469,,谷忠澄,穀忠澄,谷,忠澄,Tani Tadamasa,nankai,1,1534,1554,1600,病死,谷忠澄父,,,,lord_tk5_445,全职种,80,80,普通,普通,普通,慎重,普通,35,书籍,无欲,滴酒不沾,其他,刀剑,37,43,63,67,57,1,0,0,0,0,0,0,0,0,2,1,2,3,3,1,1,无,强袭,无,无要求,,,已登场,谷忠澄,侍大将,直臣,长宗我部家,clan_chosokabe_1,冈丰城,无,已登场,谷忠澄,侍大将,直臣,长宗我部家,clan_chosokabe_2,冈丰城,无,已登场,谷忠澄,侍大将,直臣,长宗我部家,clan_chosokabe_2,冈丰城,无,已登场,谷忠澄,侍大将,直臣,长宗我部家,clan_chosokabe_2,冈丰城,无,已登场,谷忠澄,侍大将,直臣,长宗我部家,clan_chosokabe_2,冈丰城,无,已登场,谷忠澄,城主,直臣,长宗我部家,clan_chosokabe_2,中村城,无,已登场,谷忠澄,侍大将,直臣,长宗我部家,冈丰城,无,已登场,谷忠澄,侍大将,直臣,长宗我部家,冈丰城,无,已登场,谷忠澄,浪人,其他,无,姬路之町,无,,"[{""stage"":"""",""tkid"":""469"",""ref"":""469"",""emotion"":0}]",,TAIKOU_bio_469,長宗我部家臣。長於智謀，負責外交。豐臣秀吉討伐四國時，據守一宮城抗拒秀吉之弟秀長。在看到難以抵抗下去時說服主公元親和談，挽救主家於危殆之中。
lord_tk5_470,470,470,,种子岛时尧,種子島時堯,种子岛,时尧,Tanegashima Tokitaka,saikai,1,1528,1554,1579,病死,,,,,lord_tk5_471,全职种,30,30,普通,普通,现实,慎重,普通,59,南蛮物,贪心,普通,平氏,火绳枪,57,50,66,63,62,2,1,4,1,3,3,1,0,2,0,2,2,0,3,1,0,枪炮乱射,强袭，连续斩，拔突，急所击，二挺击，刚弓，石火，乱射，刚力，铁壁,火枪名人,无要求,,,已登场,种子岛时尧,侍大将,直臣,岛津家,clan_tanegashima_1,内城,无,已登场,种子岛时尧,侍大将,直臣,岛津家,clan_tanegashima_1,内城,无,已登场,种子岛时尧,侍大将,直臣,岛津家,clan_tanegashima_1,内城,无,已登场,种子岛时尧,侍大将,直臣,岛津家,clan_tanegashima_1,内城,无,已死亡,种子岛时尧,无效,无效,无,clan_shimazu_1,无效,无,已死亡,种子岛时尧,无效,无效,无,clan_shimazu_2,无效,无,已登场,种子岛时尧,侍大将,直臣,岛津家,内城,无,已死亡,种子岛时尧,无效,无效,无,无效,无,已登场,种子岛时尧,水夫头,直臣,村上水军,三岛之砦,无,,"[{""stage"":"""",""tkid"":""470"",""ref"":""470"",""emotion"":0}]",,TAIKOU_bio_470,島津家臣。種子島領主。惠時嫡子。從漂流到種子島的葡國船上得到鐵砲，經研究改良後，成功地製造出「種子島槍」。尋遊屋久島，繼續與大隅的豪族禰寢家抗爭，並在屋久島建城。
lord_tk5_471,471,471,,种子岛久时,種子島久時,种子岛,久时,Tanegashima Hisatoki,saikai,1,1568,1582,1611,病死,lord_tk5_470,,,,lord_tk5_470,全职种,30,30,普通,勇敢,普通,慎重,普通,65,南蛮物,贪心,普通,平氏,火绳枪,61,45,58,59,54,1,1,4,1,2,3,0,0,0,0,2,2,0,2,1,1,枪炮乱射，钓瓶击,强袭，连续斩，拔突，急所击，二挺击，刚弓，石火，乱射，刚力，铁壁,火枪名人,无要求,,,未登场,种子岛久时,足轻组头,陪臣（种子岛时尧）,岛津家,clan_tanegashima_1,内城,无,未登场,种子岛久时,足轻组头,陪臣（种子岛时尧）,岛津家,clan_tanegashima_1,内城,无,未登场,种子岛久时,足轻组头,陪臣（种子岛时尧）,岛津家,clan_tanegashima_1,内城,无,未登场,种子岛久时,足轻组头,陪臣（种子岛时尧）,岛津家,clan_tanegashima_1,内城,无,已登场,种子岛久时,足轻组头,直臣,岛津家,clan_shimazu_1,内城,无,已登场,种子岛久时,部将,直臣,岛津家,clan_shimazu_2,内城,无,未登场,种子岛久时,足轻组头,陪臣（种子岛时尧）,岛津家,内城,无,已登场,种子岛久时,足轻组头,直臣,岛津家,内城,无,已登场,种子岛久时,水夫头,直臣,村上水军,三岛之砦,无,,"[{""stage"":"""",""tkid"":""471"",""ref"":""471"",""emotion"":0}]",,TAIKOU_bio_471,島津家臣，種子島領土。時堯次子。曾任義久、義弘的家老。由家兄時次早逝，蒙主公主持成人加冠之儀，並繼承家督。因率鐵砲隊轉戰各地而威名顯赫。留有在義久面前「捉豬為賞」等逸話。
lord_tk5_472,472,472,,田村清显,田村清顯,田村,清显,Tamura Kiyoaki,ou,1,1531,1554,1586,病死,,,,,,只限武将,46,46,普通,勇敢,普通,轻率,普通,50,武具,普通,普通,平氏,刀剑,64,52,51,47,53,2,2,0,0,0,0,2,0,1,1,0,0,0,0,0,0,无,强袭,无,无要求,,,已登场,田村清显,家老,直臣,芦名家,clan_ashina_1,黑川城,无,已登场,田村清显,家老,直臣,芦名家,clan_ashina_1,黑川城,无,已登场,田村清显,家老,直臣,芦名家,clan_ashina_1,黑川城,无,已登场,田村清显,家老,直臣,芦名家,clan_ashina_1,黑川城,无,已登场,田村清显,家老,直臣,芦名家,clan_ashina_2,黑川城,无,已死亡,田村清显,无效,无效,无,,无效,无,已登场,田村清显,家老,直臣,芦名家,黑川城,无,已登场,田村清显,家老,直臣,芦名家,黑川城,无,已登场,田村清显,浪人,其他,无,柳川之町,无,,"[{""stage"":"""",""tkid"":""472"",""ref"":""472"",""emotion"":0}]",,TAIKOU_bio_472,奧州豪族，三春城主。隆顯之子。採取因時而取的外交戰略，曾經與蘆名盛氏等聯合迎擊佐竹義重聯軍，不久又與佐竹家聯手進攻蘆名家的長沼城。女兒愛姬嫁給伊達政宗，因而獲得了有力後盾。
lord_tk5_473,473,473,,多罗尾光俊,多羅尾光俊,多罗尾,光俊,Tarou Mitsutoshi,kanto,1,1514,1554,1609,病死,,,,,,武将以外优先,90,90,普通,普通,普通,慎重,重视情义,39,武具,无欲,普通,藤原氏,苦无,56,72,33,63,71,3,2,2,0,1,3,2,4,0,0,2,0,1,2,0,0,城门爆破，鬼脚之术，奈落之术，红莲之术，伪情报,强袭，连续斩，拔突，二连苦无，半月，猛毒苦无，十字投，乱苦无，叠返之术，刚力，铁壁,苦无名人,一般条件,,,已登场,多罗尾光俊,头目,首领,甲贺众,clan_tarou_1,甲贺之里,无,已登场,多罗尾光俊,头目,首领,甲贺众,clan_tarou_1,甲贺之里,无,已登场,多罗尾光俊,头目,首领,甲贺众,clan_tarou_1,甲贺之里,无,已登场,多罗尾光俊,头目,首领,甲贺众,clan_tarou_1,甲贺之里,无,已登场,多罗尾光俊,头目,首领,甲贺众,clan_tarou_1,甲贺之里,无,已登场,多罗尾光俊,侍大将,直臣,德川家,clan_tokugawa_1,江户城,无,已登场,多罗尾光俊,头目,首领,甲贺众,甲贺之里,无,已登场,多罗尾光俊,头目,首领,甲贺众,甲贺之里,无,已登场,多罗尾光俊,浪人,其他,无,津山之町,无,,"[{""stage"":"""",""tkid"":""473"",""ref"":""473"",""emotion"":0}]",,TAIKOU_bio_473,甲賀忍者。號道賀齋。名列甲賀五十三家之一。本能寺之變時，率領一族護衛從界前往三河之德川家康。雖然侍奉豐臣家，隸屬關白秀次麾下，但是在秀次遭到肅清後因為連座處份而喪失地位。秀吉過世後，被德川家康所登庸，以九十六歲之高齡安樂往生。
lord_tk5_474,474,474,,田原亲贤,田原親賢,田原,亲贤,Tahara Chikayoshi,saikai,1,1537,1554,1600,战死,,,,,,全职种,83,83,性急,普通,普通,轻率,普通,64,南蛮物,贪心,普通,藤原氏,刀剑,62,48,59,62,67,1,2,1,1,1,2,1,0,1,1,0,0,0,0,0,1,无,强袭，拔突，铁壁,无,无要求,,,已登场,田原亲贤,部将,直臣,大友家,clan_otomo_1,府内城,无,已登场,田原亲贤,部将,直臣,大友家,clan_otomo_1,府内城,无,已登场,田原亲贤,部将,直臣,大友家,clan_otomo_1,府内城,无,已登场,田原亲贤,部将,直臣,大友家,clan_otomo_1,府内城,无,已登场,田原亲贤,部将,直臣,大友家,clan_otomo_1,府内城,无,已登场,田原亲贤,浪人,其他,无,,府内之町,无,已登场,田原亲贤,部将,直臣,大友家,府内城,无,已登场,田原亲贤,部将,直臣,大友家,府内城,无,已登场,田原亲贤,浪人,其他,无,安土之町,无,,"[{""stage"":"""",""tkid"":""474"",""ref"":""474"",""emotion"":0}]",,TAIKOU_bio_474,大友家臣。義鎮的同族。作為義鎮的侍奉參與國家的統治。妹妹是義鎮的正室，並迎義鎮的次子作其義子。耳川之戰時任總大將，未能控制住手下的諸將而大敗。被追究責任而失去領地。
lord_tk5_475,475,475,,千贺孙兵卫,千賀孫兵衛,千贺,孙兵卫,Chika Sonbee,kanto,1,1540,1554,1611,病死,,,,,,武将以外优先,73,73,温和,普通,普通,轻率,不重情义,55,艺术品,普通,普通,其他,刀剑,44,46,17,23,43,1,0,1,3,3,2,1,2,0,0,0,0,0,0,0,0,进水,强袭，拔突，二连苦无，刚弓，铁壁,无,无要求,,,已登场,千贺孙兵卫,船头,直臣,骏河水军,clan_okabe_1,清水之砦,无,已登场,千贺孙兵卫,船头,直臣,骏河水军,clan_okabe_1,清水之砦,无,已登场,千贺孙兵卫,船头,直臣,骏河水军,clan_okabe_1,清水之砦,无,已登场,千贺孙兵卫,船头,直臣,骏河水军,clan_okabe_1,清水之砦,无,已登场,千贺孙兵卫,船头,直臣,骏河水军,clan_itami_1,清水之砦,无,已登场,千贺孙兵卫,船头,直臣,江户水军,clan_mukaisei_1,三崎之砦,无,未登场,千贺孙兵卫,船头,直臣,骏河水军,清水之砦,无,已登场,千贺孙兵卫,船头,直臣,骏河水军,清水之砦,无,已登场,千贺孙兵卫,家老,直臣,千家,海津城,无,,"[{""stage"":"""",""tkid"":""475"",""ref"":""475"",""emotion"":0}]",,TAIKOU_bio_475,今川家家臣。後來成為德川家家臣。名重親。今川家滅亡後，侍奉德川家康統率水軍。德川家康奉豐臣秀吉之令轉封至關東，與小濱景隆‧向井正綱‧間宮高則一同名列「德川御船手四人眾」，被派任於三崎。江戶幕府成立後，被任命為尾張藩船奉行。
lord_tk5_476,476,476,,千坂景亲,千阪景親|千坂景親,千坂,景亲,Chisaka Kagechika,ou,1,1536,1554,1606,病死,,,,,,全职种,15,15,温和,普通,现实,慎重,重视情义,55,书籍,普通,滴酒不沾,藤原氏,刀剑,27,36,61,82,77,0,1,0,0,0,0,1,0,0,0,0,1,2,3,1,2,无,强袭,无,无要求,,,已登场,千坂景亲,足轻大将,直臣,长尾家,clan_uesugi_1,春日山城,无,已登场,千坂景亲,足轻大将,直臣,长尾家,clan_uesugi_1,春日山城,无,已登场,千坂景亲,足轻大将,直臣,上杉家,clan_uesugi_1,春日山城,无,已登场,千坂景亲,足轻大将,直臣,上杉家,clan_uesugi_1,春日山城,无,已登场,千坂景亲,足轻大将,直臣,上杉家,clan_uesugi_2,春日山城,无,已登场,千坂景亲,部将,直臣,上杉家,clan_uesugi_2,会津若松城,无,已登场,千坂景亲,足轻大将,直臣,长尾家,春日山城,无,已登场,千坂景亲,足轻大将,直臣,上杉家,春日山城,无,已登场,千坂景亲,家老,直臣,千家,海津城,无,,"[{""stage"":"""",""tkid"":""476"",""ref"":""476"",""emotion"":0}]",,TAIKOU_bio_476,上杉家家臣。謙信過世後，在繼承動亂中隸屬於上杉景勝，成功地與武田家結盟，在家督繼承方面貢獻頗大。其後被任命為京都伏見留守居一職，關原合戰後，在伏見致力於與德川家家臣‧本多正信的和平交涉。
lord_tk5_477,477,477,,千叶邦胤,千葉邦胤,千叶,邦胤,Chiba Kunitane,kanto,1,1557,1571,1585,病死,lord_tk5_478,,,,lord_tk5_478,全职种,80,80,普通,普通,普通,轻率,普通,51,书籍,贪心,普通,平氏,刀剑,34,36,39,51,34,1,1,1,0,0,0,0,1,0,1,0,1,0,1,0,0,无,强袭,无,无要求,,,未登场,千叶邦胤,足轻组头,陪臣（千叶胤富）,北条家,clan_chiba_1,佐仓城,无,未登场,千叶邦胤,足轻组头,陪臣（千叶胤富）,北条家,clan_chiba_1,佐仓城,无,未登场,千叶邦胤,足轻组头,陪臣（千叶胤富）,北条家,clan_chiba_1,佐仓城,无,已登场,千叶邦胤,足轻组头,陪臣（千叶胤富）,北条家,clan_chiba_1,佐仓城,无,已登场,千叶邦胤,城主,直臣,北条家,clan_hojo_2,佐仓城,无,已死亡,千叶邦胤,无效,无效,无,,无效,无,未登场,千叶邦胤,足轻组头,陪臣（千叶胤富）,北条家,佐仓城,无,已登场,千叶邦胤,城主,直臣,北条家,佐仓城,无,已登场,千叶邦胤,部将,直臣,千家,海津城,无,,"[{""stage"":"""",""tkid"":""477"",""ref"":""477"",""emotion"":0}]",,TAIKOU_bio_477,千葉家２９代君主。胤富嫡子。下總的本地武士。由於里見氏侵犯頻頻，到父親胤富時投靠北條。邦胤也娶了北條氏政的女兒，加深了關係。父親故後繼承家督，後被對其叱責懷恨在心的近臣暗殺。
lord_tk5_478,478,478,,千叶胤富,千葉胤富,千叶,胤富,Chiba Tanetomi,kanto,1,1525,1554,1579,病死,,,,,lord_tk5_477,只限武将,80,80,普通,勇敢,普通,轻率,普通,53,书籍,普通,普通,平氏,刀剑,59,44,56,57,55,2,2,1,0,0,0,2,1,0,0,1,0,1,0,1,1,无,强袭,无,无要求,,,已登场,千叶胤富,城主,直臣,北条家,clan_chiba_1,佐仓城,无,已登场,千叶胤富,城主,直臣,北条家,clan_chiba_1,佐仓城,无,已登场,千叶胤富,城主,直臣,北条家,clan_chiba_1,佐仓城,无,已登场,千叶胤富,城主,直臣,北条家,clan_chiba_1,佐仓城,无,已死亡,千叶胤富,无效,无效,无,clan_hojo_2,无效,无,已死亡,千叶胤富,无效,无效,无,,无效,无,已登场,千叶胤富,城主,直臣,北条家,佐仓城,无,已死亡,千叶胤富,无效,无效,无,无效,无,已登场,千叶胤富,部将,直臣,千家,海津城,无,,"[{""stage"":"""",""tkid"":""478"",""ref"":""478"",""emotion"":0}]",,TAIKOU_bio_478,千葉家第２７代領主。昌胤次子，佐倉城主。下總的本地武士。周圍的佐竹里見家族與北條家修好的上杉家族結好，遂歸其門下。曾受到上杉、結城聯軍的攻擊，但擊退了敵人。身在下總卻牽制了上總的里見氏。
lord_tk5_479,479,479,,茶屋又四郎,,茶屋,又四郎,Chaya Matashiro,kinai,1,1584,1598,1622,病死,lord_tk5_480,,,,lord_tk5_480,武将以外优先,90,90,普通,勇敢,理想,普通,普通,57,南蛮物,贪心,嗜酒如命,源氏,枪,31,41,57,62,51,0,0,0,0,0,1,0,1,1,1,1,3,3,3,3,2,无,拔突，丢钱,风雅之士,无要求,,,未登场,茶屋又四郎,掌柜,直臣,茶屋,clan_chaya_1,京之町,无,未登场,茶屋又四郎,掌柜,直臣,茶屋,clan_chaya_1,京之町,无,未登场,茶屋又四郎,掌柜,直臣,茶屋,clan_chaya_1,京之町,无,未登场,茶屋又四郎,掌柜,直臣,茶屋,clan_chaya_1,京之町,无,未登场,茶屋又四郎,掌柜,直臣,茶屋,clan_chaya_1,京之町,无,已登场,茶屋又四郎,当家,首领,茶屋,clan_chaya_1,京之町,无,未登场,茶屋又四郎,掌柜,直臣,茶屋,京之町,无,未登场,茶屋又四郎,掌柜,直臣,茶屋,京之町,无,已登场,茶屋又四郎,家老,直臣,茶屋家,岐阜城,无,,"[{""stage"":"""",""tkid"":""479"",""ref"":""479"",""emotion"":0}]",,TAIKOU_bio_479,京的豪商。名清次。為初代茶屋四郎次郎的次子。最初在長崎被收為養子，從事貿易交易，因其兄長早逝之故，而繼承第三代茶屋四郎次郎之名。以大阪之陣為契機而回到京都，以吳服師之身擔任幕府的御用商人。之後，在朱印船貿易中也頗為活躍，他同時也是著名的風雅人物。
lord_tk5_480,480,480,,茶屋四郎次郎,,茶屋,四郎次郎,Chaya Shiroujiro,kinai,1,1545,1559,1596,病死,,,,,lord_tk5_479,武将以外优先,90,90,温和,胆小,现实,慎重,重视情义,49,南蛮物,贪心,普通,源氏,枪,10,3,68,79,67,0,0,0,0,0,0,0,0,0,2,2,4,3,4,2,3,无,拔突，伤药，丢钱，贿赂，大宴宾客,风雅之士,一般条件,,,已登场,茶屋四郎次郎,当家,首领,茶屋,clan_chaya_1,京之町,无,已登场,茶屋四郎次郎,当家,首领,茶屋,clan_chaya_1,京之町,无,已登场,茶屋四郎次郎,当家,首领,茶屋,clan_chaya_1,京之町,无,已登场,茶屋四郎次郎,当家,首领,茶屋,clan_chaya_1,京之町,无,已登场,茶屋四郎次郎,当家,首领,茶屋,clan_chaya_1,京之町,无,已死亡,茶屋四郎次郎,无效,无效,无,clan_chaya_1,无效,无,已登场,茶屋四郎次郎,当家,首领,茶屋,京之町,无,已登场,茶屋四郎次郎,当家,首领,茶屋,京之町,无,已登场,茶屋四郎次郎,大名,首领,茶屋家,岐阜城,无,,"[{""stage"":"""",""tkid"":""480"",""ref"":""480"",""emotion"":0}]",,TAIKOU_bio_480,京都之豪商，名為清延。早年成為德川家御用商人，從事物資調配和情報收集工作。本能寺事變時，向正在參觀界町的家康報急，並協助其回國。後被家康視為親信，受頒朱印狀而在越南貿易等方面表現出色。
lord_tk5_481,481,481,,长宗我部国亲,長宗我部國親,长宗我部,国亲,Chosokabe Kunichika,nankai,1,1504,1554,1560,病死,,,,,lord_tk5_212|lord_tk5_274|lord_tk5_275|lord_tk5_299|lord_tk5_482|lord_tk5_483|lord_tk5_484|lord_tk5_495,只限武将,80,80,性急,勇敢,普通,轻率,重视情义,79,武具,贪心,嗜酒如命,其他,刀剑,84,73,69,66,71,3,2,1,2,1,1,2,1,2,1,1,0,0,1,0,0,无,强袭,无,一般条件,,,已登场,长宗我部国亲,大名,首领,长宗我部家,clan_chosokabe_1,冈丰城,无,已死亡,长宗我部国亲,无效,无效,无,clan_chosokabe_2,无效,无,已死亡,长宗我部国亲,无效,无效,无,clan_chosokabe_2,无效,无,已死亡,长宗我部国亲,无效,无效,无,clan_chosokabe_2,无效,无,已死亡,长宗我部国亲,无效,无效,无,clan_chosokabe_2,无效,无,已死亡,长宗我部国亲,无效,无效,无,clan_chosokabe_2,无效,无,已登场,长宗我部国亲,大名,首领,长宗我部家,冈丰城,无,已死亡,长宗我部国亲,无效,无效,无,无效,无,已登场,长宗我部国亲,浪人,其他,无,长船之町,无,,"[{""stage"":"""",""tkid"":""481"",""ref"":""481"",""emotion"":0}]",,TAIKOU_bio_481,長宗我部第二十代當主。元親之父。六歲時因為父親‧兼序戰死之故，一條房家將其養育成人。經歷許久回到居城之後，以平定土佐為目標積極地拓展領土。雖以閃電般的攻勢擊敗了擁有土佐最大勢力的本山家，但是在突然撤退後驟逝。
lord_tk5_482,482,482,,长宗我部信亲,長宗我部信親,长宗我部,信亲,Chosokabe Nobuchika,nankai,1,1565,1579,1586,战死,lord_tk5_483,lord_tk5_1232,,lord_tk5_481,lord_tk5_212|lord_tk5_274|lord_tk5_275|lord_tk5_299|lord_tk5_481|lord_tk5_483|lord_tk5_484|lord_tk5_495,只限武将,89,89,温和,普通,普通,轻率,重视情义,43,书籍,普通,普通,其他,刀剑,75,69,67,60,82,2,2,0,0,1,2,2,0,2,1,1,1,1,1,1,1,无,强袭，拔突，铁壁,无,无要求,,,未登场,长宗我部信亲,部将,陪臣（长宗我部元亲）,长宗我部家,clan_chosokabe_2,冈丰城,无,未登场,长宗我部信亲,家老,直臣,长宗我部家,clan_chosokabe_2,冈丰城,无,未登场,长宗我部信亲,家老,直臣,长宗我部家,clan_chosokabe_2,冈丰城,无,未登场,长宗我部信亲,家老,直臣,长宗我部家,clan_chosokabe_2,冈丰城,无,已登场,长宗我部信亲,家老,直臣,长宗我部家,clan_chosokabe_2,冈丰城,无,已死亡,长宗我部信亲,无效,无效,无,clan_chosokabe_2,无效,无,未登场,长宗我部信亲,家老,直臣,长宗我部家,冈丰城,无,已登场,长宗我部信亲,家老,直臣,长宗我部家,冈丰城,无,已登场,长宗我部信亲,浪人,其他,无,长船之町,无,,"[{""stage"":"""",""tkid"":""482"",""ref"":""482"",""emotion"":0}]",,TAIKOU_bio_482,元親嫡子，幼名彌三郎。受織田信長賜諱，得名信親。文武兼備，廣收眾望，亦被父親和家臣寄以厚望。但跟從豐臣秀吉兵伐九州，於豐後戶次川之戰陣亡。
lord_tk5_483,483,483,,长宗我部元亲,長宗我部元親,长宗我部,元亲,Chosokabe Motochika,nankai,1,1539,1560,1599,病死,lord_tk5_481,,,,lord_tk5_212|lord_tk5_274|lord_tk5_275|lord_tk5_299|lord_tk5_481|lord_tk5_482|lord_tk5_484|lord_tk5_495,只限武将,80,80,普通,普通,理想,轻率,普通,94,南蛮物,贪心,嗜酒如命,其他,刀剑,92,68,89,85,84,3,2,2,3,2,2,3,1,3,3,1,3,2,3,2,2,无,强袭，拔突，刚弓，铁壁，丢钱,无,一般条件,,,已登场,长宗我部元亲,部将,直臣,长宗我部家,clan_chosokabe_2,冈丰城,无,已登场,长宗我部元亲,大名,首领,长宗我部家,clan_chosokabe_2,冈丰城,无,已登场,长宗我部元亲,大名,首领,长宗我部家,clan_chosokabe_2,冈丰城,无,已登场,长宗我部元亲,大名,首领,长宗我部家,clan_chosokabe_2,冈丰城,无,已登场,长宗我部元亲,大名,首领,长宗我部家,clan_chosokabe_2,冈丰城,无,已登场,长宗我部元亲,家老,直臣,长宗我部家,clan_chosokabe_2,冈丰城,无,已登场,长宗我部元亲,家老,直臣,长宗我部家,冈丰城,无,已登场,长宗我部元亲,大名,首领,长宗我部家,冈丰城,无,已登场,长宗我部元亲,浪人,其他,无,长船之町,无,,"[{""stage"":"""",""tkid"":""483"",""ref"":""483"",""emotion"":0}]",,TAIKOU_bio_483,土佐的戰國大名。岡豐城主。國親的繼承人。父國親猝死後，繼承其遺志，很快壓制住周邊各國。用十幾年時間將四國統一，由此得了「土佐的英雄」之稱號。雖與賤岳、小牧和秀吉抗衡，但遭四國征討，投降。
lord_tk5_484,484,484,,长宗我部盛亲,長宗我部盛親,长宗我部,盛亲,Chosokabe Morichika,nankai,1,1575,1589,1615,战死,lord_tk5_483,,,lord_tk5_481,lord_tk5_212|lord_tk5_274|lord_tk5_275|lord_tk5_299|lord_tk5_481|lord_tk5_482|lord_tk5_483|lord_tk5_495,全职种,99,99,性急,勇敢,理想,轻率,重视情义,78,武具,普通,嗜酒如命,其他,枪,62,72,31,27,64,1,2,1,0,1,2,2,0,0,0,0,0,2,2,1,0,无,强袭，拔突，铁壁,无,一般条件,,,未登场,长宗我部盛亲,足轻组头,陪臣（长宗我部元亲）,长宗我部家,clan_chosokabe_2,冈丰城,无,未登场,长宗我部盛亲,足轻组头,直臣,长宗我部家,clan_chosokabe_2,冈丰城,无,未登场,长宗我部盛亲,足轻组头,直臣,长宗我部家,clan_chosokabe_2,冈丰城,无,未登场,长宗我部盛亲,足轻组头,直臣,长宗我部家,clan_chosokabe_2,冈丰城,无,未登场,长宗我部盛亲,足轻组头,直臣,长宗我部家,clan_chosokabe_2,冈丰城,无,已登场,长宗我部盛亲,大名,首领,长宗我部家,clan_chosokabe_2,冈丰城,无,未登场,长宗我部盛亲,足轻组头,直臣,长宗我部家,冈丰城,无,未登场,长宗我部盛亲,足轻组头,直臣,长宗我部家,冈丰城,无,已登场,长宗我部盛亲,浪人,其他,无,长船之町,无,,"[{""stage"":"""",""tkid"":""484"",""ref"":""484"",""emotion"":0}]",,TAIKOU_bio_484,元親的四子。兄長信親戰死後繼承家業。關原之戰中屬西軍，看到大有敗北之勢，不戰而歸，向德川家表示謝意。但由於殺死兄弟親忠招致斥責，領地被沒收，成為浪人。
lord_tk5_485,485,485,,长续连,長續連,长,续连,Cho Tsugutsura,hokuriku,1,1515,1560,1577,战死,,,,,lord_tk5_486,只限武将,90,90,普通,胆小,普通,轻率,不重情义,76,书籍,贪心,普通,源氏,刀剑,34,28,45,67,21,0,0,0,0,1,0,0,1,0,0,1,2,0,2,0,0,无,强袭,无,无要求,,,已登场,长续连,家老,直臣,畠山家,clan_cho_1,七尾城,无,已登场,长续连,家老,直臣,畠山家,clan_notohatakeyama_1,七尾城,无,已登场,长续连,大名,首领,长家,clan_cho_1,七尾城,无,已登场,长续连,大名,首领,长家,clan_cho_1,七尾城,无,已死亡,长续连,无效,无效,无,clan_maeda_1,无效,无,已死亡,长续连,无效,无效,无,clan_maeda_1,无效,无,已登场,长续连,家老,直臣,畠山家,七尾城,无,已死亡,长续连,无效,无效,无,无效,无,已登场,长续连,浪人,其他,无,长船之町,无,,"[{""stage"":"""",""tkid"":""485"",""ref"":""485"",""emotion"":0}]",,TAIKOU_bio_485,田山家臣。先後侍奉自義續起的四代領主，田山七人眾派之一。積極參與鎮壓溫井三宅派的叛亂，做為重臣之首掌管田山家實權。後通織田信長，被進攻能登的上杉謙信擊斃。
lord_tk5_486,486,486,,长连龙,長連龍,长,连龙,Cho Turatatsu,hokuriku,1,1546,1560,1619,病死,lord_tk5_485,,,,lord_tk5_485,全职种,90,90,温和,胆小,普通,轻率,普通,68,书籍,普通,普通,源氏,刀剑,39,33,54,51,42,0,0,0,0,0,0,0,0,1,0,1,1,3,1,1,1,无,强袭,无,无要求,,,未登场,长连龙,侍大将,陪臣（长续连）,畠山家,clan_cho_1,七尾城,无,已登场,长连龙,侍大将,直臣,畠山家,clan_notohatakeyama_1,七尾城,无,已登场,长连龙,侍大将,直臣,长家,clan_cho_1,七尾城,无,已登场,长连龙,侍大将,直臣,长家,clan_cho_1,七尾城,无,已登场,长连龙,侍大将,陪臣（前田利家）,织田家,clan_maeda_1,七尾城,无,已登场,长连龙,侍大将,直臣,前田家,clan_maeda_1,金泽城,无,未登场,长连龙,侍大将,陪臣（长续连）,畠山家,七尾城,无,已登场,长连龙,侍大将,直臣,前田家,尾山城,无,已登场,长连龙,浪人,其他,无,长船之町,无,,"[{""stage"":"""",""tkid"":""486"",""ref"":""486"",""emotion"":0}]",,TAIKOU_bio_486,田山家臣，後為織田家臣，續連次子。曾為臨濟宗僧人，父親和兄長綱連去逝後還俗，繼承了家督。跟隨織田信長收復能登，作得福水城主。後任前田利家陪臣，本能寺事變後成為家臣。
lord_tk5_487,487,487,,塚原卜传,塚原卜伝|塚原卜傳,塚原,卜传,Tsukahara Bokuden,kanto,1,1490,1560,1572,病死,,,,,,没那个意思,0,0,普通,普通,普通,普通,普通,42,武具,无欲,滴酒不沾,其他,刀剑,47,99,45,41,77,0,0,0,0,2,4,3,2,0,0,0,0,0,0,0,2,无,强袭，连续斩，八神太刀，一之太刀，拔突，二连苦无，刚弓，神妙剑，当身，刚力，金刚力，铁壁，气声，辱骂，大喝，炯眼，罗刹,剑圣,一般条件,,,已登场,塚原卜传,师范,其他,无,,鹿岛之町,新当流,已登场,塚原卜传,师范,其他,无,,鹿岛之町,新当流,已登场,塚原卜传,师范,其他,无,,鹿岛之町,新当流,已死亡,塚原卜传,无效,无效,无,,无效,无,已死亡,塚原卜传,无效,无效,无,,无效,无,已死亡,塚原卜传,无效,无效,无,,无效,无,已登场,塚原卜传,师范,其他,无,鹿岛之町,新当流,已死亡,塚原卜传,无效,无效,无,无效,无,已登场,塚原卜传,师范,其他,无,鹿岛之町,新当流,,"[{""stage"":"""",""tkid"":""487"",""ref"":""487"",""emotion"":0}]",,TAIKOU_bio_487,劍術家。常陸鹿島神宮的神官之子。名為高幹。自幼開始學習劍術，並且浪跡各國進行武者修行。在累積許多生死決鬥的經驗後，把名為「一太刀」的劍訣提昇至最高境界，而自創了新當流。一生中總共有過十九次的生死決鬥，從無敗績。門下弟子有將軍‧足利義輝、伊勢國司‧北田
lord_tk5_488,488,488,,津轻为信,津輕為信|大浦为信|大浦為信|大浦爲信|津輕爲信,津轻,为信,Tsugaru Tamenobu,ou,1,1550,1564,1607,病死,,,,,lord_tk5_863,只限武将,16,16,普通,勇敢,现实,轻率,不重情义,94,艺术品,贪心,普通,藤原氏,刀剑,85,65,84,89,84,3,2,2,2,1,2,3,2,3,0,2,2,2,3,1,1,无,强袭，拔突，二连苦无，铁壁,策士,一般条件,,,未登场,大浦为信,部将,直臣,南部家,clan_tsugaru_1,三户城,无,已登场,大浦为信,城主,直臣,南部家,clan_tsugaru_1,大浦城,无,已登场,大浦为信,城主,直臣,南部家,clan_tsugaru_1,大浦城,无,已登场,津轻为信,城主,直臣,南部家,clan_tsugaru_1,大浦城,无,已登场,津轻为信,城主,直臣,南部家,clan_tsugaru_1,大浦城,无,已登场,津轻为信,大名,首领,津轻家,clan_tsugaru_1,大浦城,无,未登场,大浦为信,城主,直臣,南部家,大浦城,无,已登场,津轻为信,大名,首领,津轻家,大浦城,无,已登场,津轻为信,船头,直臣,盐饱水军,盐饱之砦,无,,"[{""stage"":"""",""tkid"":""488"",""ref"":""488"",""emotion"":0}]",,TAIKOU_bio_488,津輕家初代當主。娶大浦為則之女，繼承大浦氏宗家。其後從主家南部家獨立自主，經過１７年奮鬥，統一了津輕。豐臣秀吉討伐小田原時，因為最早參戰，而正式受封為津輕領主。關原合戰中隸屬於東軍。
lord_tk5_489,489,489,,柘植三之丞,,柘植,三之丞,Tsuge Sannojou,kinai,1,1542,1555,1631,病死,,,,,,全职种,90,90,普通,勇敢,现实,普通,重视情义,55,武具,无欲,普通,平氏,苦无,24,83,23,57,49,2,0,4,0,1,2,1,4,0,0,2,2,0,1,1,2,城门爆破，鬼脚之术，雾隐之术，雷爆之术,强袭，拔突，二连苦无，半月，急所击，猛毒苦无，十字投，乱苦无，叠返之术，铁壁，分身之术,苦无名人,无要求,,,未登场,柘植三之丞,中忍,直臣,伊贺众,clan_momochi_1,伊贺之里,无,已登场,柘植三之丞,中忍,直臣,伊贺众,clan_momochi_1,伊贺之里,无,已登场,柘植三之丞,中忍,直臣,伊贺众,clan_momochi_1,伊贺之里,无,已登场,柘植三之丞,中忍,直臣,伊贺众,clan_momochi_1,伊贺之里,无,已登场,柘植三之丞,中忍,直臣,伊贺众,clan_momochi_1,伊贺之里,无,已登场,柘植三之丞,上忍,直臣,伊贺众,clan_igasaki_1,伊贺之里,无,未登场,柘植三之丞,中忍,直臣,伊贺众,伊贺之里,无,已登场,柘植三之丞,中忍,直臣,伊贺众,伊贺之里,无,已登场,柘植三之丞,侍大将,直臣,三刀屋家,骏府城,无,,"[{""stage"":"""",""tkid"":""489"",""ref"":""489"",""emotion"":0}]",,TAIKOU_bio_489,伊賀忍者。名為清廣。精於鐵砲術而自創流派。從天正伊賀之亂時起開始親近德川家。在本能寺之變時，負責保護當時要從界町越過伊賀而返回三河的德川家康。在關原合戰及大阪之陣中，率領鐵砲隊參戰。後來成為幕府旗本武士。
lord_tk5_490,490,490,,津田信澄,,津田,信澄,Tsuda Nobuzumi,kinai,1,1555,1569,1582,战死,lord_tk5_190,,,lord_tk5_803,lord_tk5_189|lord_tk5_190|lord_tk5_191|lord_tk5_192|lord_tk5_193|lord_tk5_194|lord_tk5_195|lord_tk5_803,全职种,30,30,普通,胆小,普通,轻率,普通,25,书籍,普通,普通,平氏,刀剑,43,44,39,41,78,0,1,0,1,1,0,1,1,0,0,1,1,1,0,1,0,无,强袭,无,无要求,,,未登场,津田信澄,足轻大将,陪臣（织田信胜）,织田家,clan_oda_2,那古野城,无,未登场,津田信澄,足轻大将,直臣,织田家,clan_oda_1,清洲城,无,未登场,津田信澄,足轻大将,直臣,织田家,clan_oda_1,岐阜城,无,已登场,津田信澄,足轻大将,直臣,织田家,clan_oda_1,岐阜城,无,已登场,津田信澄,侍大将,直臣,织田家,clan_oda_1,安土城,无,已死亡,津田信澄,无效,无效,无,clan_kinoshita_1,无效,无,未登场,津田信澄,足轻大将,陪臣（织田信胜）,织田家,那古野城,无,已死亡,津田信澄,无效,无效,无,无效,无,已登场,津田信澄,头领,首领,盐饱水军,盐饱之砦,无,,"[{""stage"":"""",""tkid"":""490"",""ref"":""490"",""emotion"":0}]",,TAIKOU_bio_490,織田信長之弟‧勘十郎信勝之子。元服之後改姓氏為織田旁系的津田姓。以織田軍團部將之身轉戰各地，成為大溝城主。因其為明智光秀女婿之身份，本能寺之變時遭堂兄弟‧織田信孝所殺。
lord_tk5_491,491,491,,土屋昌恒,土屋昌恆,土屋,昌恒,Tsuchiya Masatsune,tosan,1,1556,1570,1582,战死,,,,,,只限武将,90,90,普通,普通,普通,轻率,重视情义,19,武具,普通,普通,源氏,刀剑,52,71,21,30,58,2,2,0,0,0,3,0,0,0,0,0,0,1,0,0,1,无,强袭，连续斩，拔突，刚力，铁壁,无,无要求,,,未登场,土屋昌恒,足轻大将,直臣,武田家,clan_takeda_1,踯躅崎馆,无,未登场,土屋昌恒,足轻大将,直臣,武田家,clan_takeda_1,踯躅崎馆,无,未登场,土屋昌恒,足轻大将,直臣,武田家,clan_takeda_1,踯躅崎馆,无,已登场,土屋昌恒,足轻大将,直臣,武田家,clan_takeda_2,踯躅崎馆,无,已登场,土屋昌恒,足轻大将,直臣,武田家,clan_takeda_2,甲府城,无,已死亡,土屋昌恒,无效,无效,无,,无效,无,未登场,土屋昌恒,足轻大将,直臣,武田家,踯躅崎馆,无,已死亡,土屋昌恒,无效,无效,无,无效,无,已登场,土屋昌恒,浪人,其他,无,土崎凑之町,无,,"[{""stage"":"""",""tkid"":""491"",""ref"":""491"",""emotion"":0}]",,TAIKOU_bio_491,武田家臣。金丸虎義五子。繼承土屋家家督，並先後侍奉信玄和勝賴。長篠戰敗後跟從勝賴。在甲斐天目山孤軍奮戰保衛勝賴，戰死沙場。有人以「單手斬千人」來形容其戰鬥時的情景。
lord_tk5_492,492,492,,筒井定次,,筒井,定次,Tsutsui Sadatsugu,kinai,1,1562,1576,1615,战死,,,,lord_tk5_819,lord_tk5_493|lord_tk5_819,全职种,3,3,普通,胆小,普通,慎重,普通,46,南蛮物,普通,普通,藤原氏,刀剑,24,22,34,17,49,0,0,0,0,0,0,0,0,1,1,0,0,0,1,1,1,无,强袭,无,无要求,,,未登场,筒井定次,足轻组头,陪臣（筒井顺庆）,筒井家,clan_tsutsui_1,大和郡山城,无,未登场,筒井定次,足轻组头,直臣,筒井家,clan_tsutsui_1,大和郡山城,无,未登场,筒井定次,足轻组头,直臣,筒井家,clan_tsutsui_1,大和郡山城,无,未登场,筒井定次,足轻组头,陪臣（筒井顺庆）,筒井家,clan_tsutsui_1,大和郡山城,无,已登场,筒井定次,足轻大将,陪臣（筒井顺庆）,织田家,clan_tsutsui_1,大和郡山城,无,已登场,筒井定次,大名,首领,筒井家,clan_tsutsui_2,伊贺上野城,无,未登场,筒井定次,足轻组头,陪臣（筒井顺庆）,筒井家,大和郡山城,无,已登场,筒井定次,部将,直臣,筒井家,大和郡山城,无,已登场,筒井定次,浪人,其他,无,小仓之町,无,,"[{""stage"":"""",""tkid"":""492"",""ref"":""492"",""emotion"":0}]",,TAIKOU_bio_492,豐臣家臣。筒井順國之子。為人質入大阪城，侍奉秀吉。後成為順慶的義子，繼承家督之位。關原之戰依附東軍，保全了領地，但因品行不良被貶為平民。大阪冬季之役，以通敵為由被迫自殺。
lord_tk5_493,493,493,,筒井顺庆,筒井順慶,筒井,顺庆,Tsutsui Junkei,kinai,1,1549,1563,1584,病死,lord_tk5_819,,,,lord_tk5_492|lord_tk5_819,全职种,3,3,温和,胆小,现实,慎重,普通,50,艺术品,普通,普通,藤原氏,刀剑,56,44,71,68,70,2,1,1,0,2,1,1,0,1,1,1,1,2,2,1,1,无,强袭，刚弓,无,一般条件,,,已登场,筒井顺庆,大名,首领,筒井家,clan_tsutsui_1,大和郡山城,无,已登场,筒井顺庆,大名,首领,筒井家,clan_tsutsui_1,大和郡山城,无,已登场,筒井顺庆,大名,首领,筒井家,clan_tsutsui_1,大和郡山城,无,已登场,筒井顺庆,大名,首领,筒井家,clan_tsutsui_1,大和郡山城,无,已登场,筒井顺庆,国主,直臣,织田家,clan_tsutsui_1,大和郡山城,无,已死亡,筒井顺庆,无效,无效,无,clan_tsutsui_2,无效,无,未登场,筒井顺庆,家老,直臣,筒井家,大和郡山城,无,已登场,筒井顺庆,大名,首领,筒井家,大和郡山城,无,已登场,筒井顺庆,浪人,其他,无,轮岛之町,无,,"[{""stage"":"""",""tkid"":""493"",""ref"":""493"",""emotion"":0}]",,TAIKOU_bio_493,大和的土著武士。順昭嫡子。因父去逝繼承家統，但筒井城被松永久秀奪走。後投靠織田信長恢復了勢力。本能寺事變後，雖有舊友明智光秀邀請，但在山崎的戰鬥中支持秀吉，因此受封領地。
lord_tk5_494,494,494,,角隈石宗,,角隈,石宗,Tsunokuma Sekisyu,saikai,1,1511,1554,1578,战死,,,,,,只限武将,96,96,普通,普通,理想,普通,普通,40,书籍,普通,普通,其他,刀剑,68,55,45,83,76,3,2,2,2,0,1,4,0,1,0,0,3,0,0,0,1,无,强袭，丢钱,无,无要求,,,已登场,角隈石宗,部将,直臣,大友家,clan_otomo_1,府内城,无,已登场,角隈石宗,侍大将,直臣,大友家,clan_otomo_1,府内城,无,已登场,角隈石宗,部将,直臣,大友家,clan_otomo_1,府内城,无,已登场,角隈石宗,部将,直臣,大友家,clan_otomo_1,府内城,无,已死亡,角隈石宗,无效,无效,无,,无效,无,已死亡,角隈石宗,无效,无效,无,,无效,无,已登场,角隈石宗,足轻大将,陪臣（大友义镇）,大友家,府内城,无,已死亡,角隈石宗,无效,无效,无,无效,无,已登场,角隈石宗,浪人,其他,无,津山之町,无,,"[{""stage"":"""",""tkid"":""494"",""ref"":""494"",""emotion"":0}]",,TAIKOU_bio_494,大友家臣。精通武田流，小笠原流等軍事學，任主公義鎮的軍師。也是戶次鎮連的老師。義鎮攻打日向時曾經進言，要求延期，遭拒絕。因將秘傳之書燒毀出征，戰死疆場。
lord_tk5_495,495,495,,津野亲忠,津野親忠,津野,亲忠,Tsuno Heizoo,nankai,1,1572,1586,1600,病死,lord_tk5_483,,,lord_tk5_481,lord_tk5_212|lord_tk5_274|lord_tk5_275|lord_tk5_299|lord_tk5_481|lord_tk5_482|lord_tk5_483|lord_tk5_484,只限武将,80,80,普通,勇敢,理想,轻率,普通,86,艺术品,普通,普通,其他,刀剑,43,40,55,40,68,1,1,0,1,1,0,0,0,0,0,1,0,0,1,1,0,无,强袭,无,无要求,,,未登场,津野亲忠,足轻组头,陪臣（长宗我部元亲）,长宗我部家,clan_chosokabe_2,冈丰城,无,未登场,津野亲忠,足轻组头,直臣,长宗我部家,clan_chosokabe_2,冈丰城,无,未登场,津野亲忠,足轻组头,直臣,长宗我部家,clan_chosokabe_2,冈丰城,无,未登场,津野亲忠,足轻组头,直臣,长宗我部家,clan_chosokabe_2,冈丰城,无,未登场,津野亲忠,足轻组头,直臣,长宗我部家,clan_chosokabe_2,冈丰城,无,已登场,津野亲忠,侍大将,直臣,长宗我部家,clan_chosokabe_2,冈丰城,无,未登场,津野亲忠,足轻组头,直臣,长宗我部家,冈丰城,无,未登场,津野亲忠,足轻组头,直臣,长宗我部家,冈丰城,无,已登场,津野亲忠,船头,直臣,盐饱水军,盐饱之砦,无,,"[{""stage"":"""",""tkid"":""495"",""ref"":""495"",""emotion"":0}]",,TAIKOU_bio_495,長宗我部元親的三子。成為土佐的豪族，津野家的義子，繼承家業。父元親投降秀吉時，被作為人質送往秀吉。隨後，元親讓弟弟盛親繼承家業，但懷疑親忠想統治土佐，故將其幽禁。
lord_tk5_496,496,496,,土居宗珊,,土居,宗珊,Doi Sozan,nankai,1,1518,1554,1572,战死,lord_tk5_896,,,,,只限武将,20,20,性急,勇敢,理想,慎重,重视情义,22,书籍,无欲,普通,其他,刀剑,68,40,68,69,80,2,1,1,0,1,0,3,0,1,1,0,2,1,1,1,0,无,强袭,无,一般条件,,,已登场,土居宗珊,家老,直臣,一条家,clan_ichijo_1,中村城,无,已登场,土居宗珊,家老,直臣,一条家,clan_ichijo_1,中村城,无,已登场,土居宗珊,家老,直臣,一条家,clan_ichijo_1,中村城,无,已死亡,土居宗珊,无效,无效,无,,无效,无,已死亡,土居宗珊,无效,无效,无,,无效,无,已死亡,土居宗珊,无效,无效,无,,无效,无,已登场,土居宗珊,家老,直臣,一条家,中村城,无,已死亡,土居宗珊,无效,无效,无,无效,无,已登场,土居宗珊,浪人,其他,无,丸龟之町,无,,"[{""stage"":"""",""tkid"":""496"",""ref"":""496"",""emotion"":0}]",,TAIKOU_bio_496,土佐一條家臣。因多次對放蕩任性的主公兼定諫言而受罰被斬。此事件招致一條家臣的叛離，也是將兼定逐出家門的重要原因。
lord_tk5_497,497,497,,土井利胜,土井利勝,土井,利胜,Doi Toshikatsu,kanto,1,1573,1587,1644,病死,,,,,,只限武将,90,90,温和,勇敢,现实,慎重,重视情义,19,书籍,无欲,普通,藤原氏,刀剑,38,21,84,64,76,1,0,1,0,1,0,1,0,0,3,2,3,3,3,1,1,无,强袭，丢钱,无,一般条件,,,未登场,土井利胜,足轻组头,陪臣（松平元康）,今川家,clan_tokugawa_1,冈崎城,无,未登场,土井利胜,足轻组头,陪臣（松平元康）,今川家,clan_tokugawa_1,冈崎城,无,未登场,土井利胜,足轻组头,直臣,德川家,clan_tokugawa_1,冈崎城,无,未登场,土井利胜,足轻组头,直臣,德川家,clan_tokugawa_1,滨松城,无,未登场,土井利胜,足轻组头,直臣,德川家,clan_tokugawa_1,滨松城,无,已登场,土井利胜,侍大将,直臣,德川家,clan_tokugawa_1,江户城,无,未登场,土井利胜,足轻组头,陪臣（松平竹千代）,松平家,冈崎城,无,未登场,土井利胜,足轻组头,直臣,德川家,滨松城,无,已登场,土井利胜,浪人,其他,无,赤间关之町,无,,"[{""stage"":"""",""tkid"":""497"",""ref"":""497"",""emotion"":0}]",,TAIKOU_bio_497,德川家臣。水野信元之子。成為土井利昌的義子，傳為德川家康的私生子。少時起陪仕家康之子秀忠，關原之戰時也一起行動。江戶幕府時代受到重用，經過家老之職，昇任至家老。
lord_tk5_498,498,498,,东乡重位,東鄉重位,东乡,重位,Togo Shigekata,saikai,1,1561,1575,1643,病死,,,,,,没那个意思,40,40,普通,勇敢,理想,普通,普通,71,武具,无欲,嗜酒如命,平氏,刀剑,19,91,17,16,38,1,0,1,0,2,4,2,0,0,0,0,0,1,1,0,0,无,强袭，连续斩，八神太刀，一之太刀，碁盘斩，拔突，刚弓，神妙剑，当身，刚力，金刚力，铁壁，气声，辱骂，大喝，炯眼，罗刹,剑豪,一般条件,,,未登场,东乡重位,足轻组头,直臣,岛津家,clan_shimazu_1,内城,无,未登场,东乡重位,足轻组头,直臣,岛津家,clan_shimazu_1,内城,无,未登场,东乡重位,足轻组头,直臣,岛津家,clan_shimazu_1,内城,无,已登场,东乡重位,足轻组头,直臣,岛津家,clan_shimazu_1,内城,无,已登场,东乡重位,足轻大将,直臣,岛津家,clan_shimazu_1,内城,无,已登场,东乡重位,侍大将,直臣,岛津家,clan_shimazu_2,内城,示显流,未登场,东乡重位,足轻组头,直臣,岛津家,内城,无,已登场,东乡重位,足轻大将,直臣,岛津家,内城,无,已登场,东乡重位,大名,首领,东乡家,盛冈城,无,,"[{""stage"":"""",""tkid"":""498"",""ref"":""498"",""emotion"":0}]",,TAIKOU_bio_498,島津家臣。原為瀨戶口氏。日天真正自顯流（後為薩摩示現流）之開山鼻祖。跟隨島津義久上京都時，師從天寧寺善吉學劍。回國後努力修鍊，始創自顯流派。仕義久和忠恆，任忠恆的劍術指導。
lord_tk5_499,499,499|1169,,藤堂高虎,,藤堂,高虎,Todo Takatora,nankai,1,1556,1570,1630,病死,,,,,,全职种,90,90,温和,普通,现实,普通,不重情义,90,南蛮物,贪心,普通,源氏,枪,83,70,87,90,74,3,2,3,3,1,2,2,2,4,2,4,3,2,4,2,0,齐射，紧急修补，激励,强袭，拔突，二连苦无，急所击，铁壁，丢钱,雄辩,一般条件,,,未登场,藤堂高虎,足轻组头,直臣,浅井家,clan_azai_1,小谷城,无,未登场,藤堂高虎,足轻组头,直臣,浅井家,clan_azai_2,小谷城,无,未登场,藤堂高虎,足轻组头,直臣,浅井家,clan_azai_2,小谷城,无,已登场,藤堂高虎,足轻组头,直臣,织田家,clan_oda_1,岐阜城,无,已登场,藤堂高虎,足轻大将,直臣,织田家,clan_oda_1,安土城,无,已登场,藤堂高虎,大名,首领,藤堂家,clan_todo_1,宇和岛城,无,未登场,藤堂高虎,足轻组头,直臣,浅井家,小谷城,无,已登场,藤堂高虎,侍大将,陪臣（羽柴秀长）,羽柴家,姬路城,无,已登场,藤堂高虎,中忍,直臣,伊贺众,伊贺之里,无,"[{""stage"":""文"",""tkid"":""499"",""ref"":"""",""emotion"":1},{""stage"":""武"",""tkid"":""1169"",""ref"":"""",""emotion"":1}]","[{""stage"":""文"",""tkid"":""499"",""ref"":""499"",""emotion"":1},{""stage"":""武"",""tkid"":""1169"",""ref"":""1169"",""emotion"":1}]",,TAIKOU_bio_499,自淺井長政始，經津田信澄，羽柴秀長、羽柴秀吉、德川家康，幾易其主。每次易主都能知行俱增，獨步戰國時代。會戰中經常充任先鋒，英勇戰鬥。還是築城的名人，主持了許多城樓的建造。
lord_tk5_500,500,500,,远山景任,遠山景任,远山,景任,Toyama Takuma,tokai,1,1529,1554,1572,病死,,,,,,只限武将,6,6,普通,普通,普通,慎重,普通,38,武具,普通,普通,藤原氏,刀剑,47,43,46,53,41,1,1,1,0,1,1,1,0,0,0,1,0,1,0,0,0,无,强袭,无,无要求,,,已登场,远山景任,城主,直臣,斋藤家,clan_saitoo_1,岩村城,无,已登场,远山景任,城主,直臣,斋藤家,clan_saitoo_2,岩村城,无,已登场,远山景任,城主,直臣,织田家,clan_oda_1,岩村城,无,已死亡,远山景任,无效,无效,无,,无效,无,已死亡,远山景任,无效,无效,无,,无效,无,已死亡,远山景任,无效,无效,无,,无效,无,已登场,远山景任,城主,直臣,斋藤家,岩村城,无,已死亡,远山景任,无效,无效,无,无效,无,已登场,远山景任,足轻组头,直臣,山中家,江户城,无,,"[{""stage"":"""",""tkid"":""500"",""ref"":""500"",""emotion"":0}]",,TAIKOU_bio_500,美濃的貴族。岩村城主。娶織田信長叔母為妻。當武田家臣秋山信友攻打岩村城時依靠信長的援軍。與援軍明智光秀一起同武田軍作戰，不久病故。
lord_tk5_501,501,501,,远山纲景,遠山綱景,远山,纲景,Toyama Tsunakage,kanto,1,1513,1554,1564,病死,,,,,,全职种,82,82,温和,普通,普通,慎重,重视情义,40,书籍,普通,普通,藤原氏,刀剑,48,53,51,52,53,0,0,1,0,0,0,1,0,1,0,0,0,3,0,1,1,无,强袭,无,无要求,,,已登场,远山纲景,侍大将,直臣,北条家,clan_hojo_1,小田原城,无,已登场,远山纲景,家老,直臣,北条家,clan_hojo_1,小田原城,无,已死亡,远山纲景,无效,无效,无,,无效,无,已死亡,远山纲景,无效,无效,无,,无效,无,已死亡,远山纲景,无效,无效,无,,无效,无,已死亡,远山纲景,无效,无效,无,,无效,无,已登场,远山纲景,部将,直臣,北条家,小田原城,无,已死亡,远山纲景,无效,无效,无,无效,无,已登场,远山纲景,足轻组头,直臣,山中家,江户城,无,,"[{""stage"":"""",""tkid"":""501"",""ref"":""501"",""emotion"":0}]",,TAIKOU_bio_501,北條家臣，直景嫡子。做為江戶派的代表，擔任江戶城主。曾邀請連歌師宗牧到江戶城舉行連歌會，可見其通曉風雅之事。第二次國府台之戰時充任先鋒，與里見所部激戰，陣亡。
lord_tk5_502,502,502,,户川秀安,戶川秀安,户川,秀安,Togawa Hideyasu,sanyo,1,1533,1554,1592,病死,,,,,lord_tk5_503,只限武将,15,15,普通,普通,普通,轻率,重视情义,30,武具,普通,普通,其他,刀剑,68,57,62,53,58,2,1,3,1,1,2,2,0,1,0,0,1,0,1,0,0,无,强袭，拔突，急所击，铁壁,无,无要求,,,已登场,户川秀安,侍大将,陪臣（宇喜多直家）,浦上家,clan_togawa_1,天神山城,无,已登场,户川秀安,侍大将,陪臣（宇喜多直家）,浦上家,clan_togawa_1,天神山城,无,已登场,户川秀安,侍大将,陪臣（宇喜多直家）,浦上家,clan_togawa_1,天神山城,无,已登场,户川秀安,侍大将,陪臣（宇喜多直家）,浦上家,clan_togawa_1,冈山城,无,已登场,户川秀安,侍大将,直臣,宇喜多家,clan_togawa_1,冈山城,无,已死亡,户川秀安,无效,无效,无,clan_ukita_1,无效,无,已登场,户川秀安,侍大将,陪臣（宇喜多直家）,浦上家,天神山城,无,已登场,户川秀安,侍大将,直臣,宇喜多家,冈山城,无,已登场,户川秀安,浪人,其他,无,土崎凑之町,无,,"[{""stage"":"""",""tkid"":""502"",""ref"":""502"",""emotion"":0}]",,TAIKOU_bio_502,宇喜多家臣。從主公直家侍奉浦上家開始作近侍，是宇喜多三老之一。隨從參加了明禪寺之戰，兒島兒濱之戰等多項作戰，為其創業立下了功勳。之後擔任家老之首，執掌國政。
lord_tk5_503,503,503,,户川逵安,戶川逵安,户川,逵安,Togawa Tomoyasu,sanyo,1,1567,1581,1627,病死,lord_tk5_502,,,,lord_tk5_502,全职种,15,78,性急,普通,普通,轻率,不重情义,47,书籍,普通,普通,其他,枪,52,55,54,61,57,0,1,2,1,0,1,1,0,0,0,1,0,2,0,0,0,无,拔突,无,无要求,,,未登场,户川逵安,足轻组头,陪臣（户川秀安）,浦上家,clan_togawa_1,天神山城,无,未登场,户川逵安,足轻组头,陪臣（户川秀安）,浦上家,clan_togawa_1,天神山城,无,未登场,户川逵安,足轻组头,陪臣（户川秀安）,浦上家,clan_togawa_1,天神山城,无,未登场,户川逵安,足轻组头,陪臣（户川秀安）,浦上家,clan_togawa_1,冈山城,无,已登场,户川逵安,足轻组头,陪臣（户川秀安）,宇喜多家,clan_togawa_1,冈山城,无,已登场,户川逵安,部将,直臣,宇喜多家,clan_ukita_1,冈山城,无,未登场,户川逵安,足轻组头,陪臣（户川秀安）,浦上家,天神山城,无,已登场,户川逵安,侍大将,陪臣（户川秀安）,宇喜多家,冈山城,无,已登场,户川逵安,浪人,其他,无,鹿儿岛之町,无,,"[{""stage"":"""",""tkid"":""503"",""ref"":""503"",""emotion"":0}]",,TAIKOU_bio_503,宇喜多家臣。秀安之嫡子。其父秀安退隱後，任家督守衛兒島常山城。是熱心的日蓮宗徒，與天主教徒長船綱直等對立，引發內亂遭主家放逐。之後侍奉德川家。
lord_tk5_504,504,504,,土岐赖次,土岐賴次,土岐,赖次,Toki Yoritsugu,kinai,1,1545,1559,1614,病死,,,,,,只限武将,10,10,温和,胆小,普通,轻率,普通,10,艺术品,贪心,普通,源氏,刀剑,23,16,24,23,11,0,1,0,0,0,0,0,0,0,0,0,0,2,1,0,0,无,强袭,无,无要求,,,未登场,土岐赖次,足轻组头,陪臣（松永久秀）,三好家,clan_matsunaga_1,多闻山城,无,已登场,土岐赖次,足轻组头,陪臣（松永久秀）,三好家,clan_matsunaga_1,信贵山城,无,已登场,土岐赖次,足轻组头,陪臣（松永久秀）,织田家,clan_matsunaga_1,信贵山城,无,已登场,土岐赖次,足轻组头,陪臣（松永久秀）,织田家,clan_matsunaga_1,信贵山城,无,已登场,土岐赖次,浪人,其他,无,,奈良之町,无,已登场,土岐赖次,足轻组头,直臣,丰臣家,clan_kinoshita_1,大坂城,无,未登场,土岐赖次,足轻组头,陪臣（松永久秀）,织田家,信贵山城,无,已登场,土岐赖次,浪人,其他,无,奈良之町,无,已登场,土岐赖次,浪人,其他,无,滨松之町,无,,"[{""stage"":"""",""tkid"":""504"",""ref"":""504"",""emotion"":0}]",,TAIKOU_bio_504,德川家臣。賴蕓之次子。其母是六角定賴之女。因兄長賴榮受其父的懲罰而成為嫡子。與父親共同追逐國君之位而松永久秀求援。久秀死後侍奉秀吉，作了馬迴。關原之戰後又侍奉德川家。
lord_tk5_505,505,505,,得居通之,,得居,通之,Tokuitsu Michiyuki,nankai,1,1549,1563,1597,病死,lord_tk5_291,,,,lord_tk5_290|lord_tk5_291,全职种,25,25,性急,勇敢,理想,轻率,不重情义,55,武具,普通,嗜酒如命,其他,刀剑,65,67,27,48,55,1,1,2,3,2,1,1,2,0,0,0,0,0,0,0,0,无,强袭，二连苦无，刚弓,无,无要求,,,未登场,得居通之,部将,直臣,河野家,clan_kawano_1,汤筑城,无,已登场,得居通之,部将,直臣,河野家,clan_kawano_1,汤筑城,无,已登场,得居通之,部将,直臣,河野家,clan_kawano_1,汤筑城,无,已登场,得居通之,部将,直臣,河野家,clan_kawano_1,汤筑城,无,已登场,得居通之,部将,直臣,河野家,clan_kawano_2,汤筑城,无,已死亡,得居通之,无效,无效,无,,无效,无,未登场,得居通之,部将,直臣,河野家,汤筑城,无,已登场,得居通之,部将,直臣,河野家,汤筑城,无,已登场,得居通之,浪人,其他,无,滨松之町,无,,"[{""stage"":"""",""tkid"":""505"",""ref"":""505"",""emotion"":0}]",,TAIKOU_bio_505,來島通康的嫡子。又名通年。起初隸屬伊予河野家，因為被送往得居家當養子，因此繼承了得居家家督之位。接受羽柴秀吉的勸降在四國征伐時與其弟‧來島通總同屬小早川隆景麾下，表現出色而把舊主‧河野家迫至滅亡。之後在朝鮮出兵中參戰渡海，最後戰死。
lord_tk5_506,506,506,,德川家康,松平元康|松平竹千代|竹千代,德川,家康,Tokugawa Ieyasu,kanto,1,1542,1554,1616,病死,lord_tk5_804,,lord_tk5_1195,松平清康,lord_tk5_507|lord_tk5_508|lord_tk5_677|lord_tk5_690|lord_tk5_691|lord_tk5_692|lord_tk5_764|lord_tk5_804,只限武将,90,90,普通,胆小,现实,慎重,普通,98,书籍,贪心,普通,源氏,火绳枪,88,79,99,98,97,4,3,3,1,2,1,4,1,4,4,3,3,2,3,1,4,齐攻，土龙攻，紧急修补，三河武者，影武者,急所击，二挺击，刚弓，伤药，止血，丢钱,无,不可,德川四天王 酒井忠次/本多忠胜/榊原康政/井伊直政,"主角丰臣秀吉，剧情家康臣服
    主角石田三成，关原之战胜利
    主角真田幸村，大阪夏之阵胜利",已登场,松平元康,部将,直臣,今川家,clan_tokugawa_1,骏府城,无,已登场,松平元康,城主,直臣,今川家,clan_tokugawa_1,冈崎城,无,已登场,德川家康,大名,首领,德川家,clan_tokugawa_1,冈崎城,无,已登场,德川家康,大名,首领,德川家,clan_tokugawa_1,滨松城,无,已登场,德川家康,大名,首领,德川家,clan_tokugawa_1,滨松城,无,已登场,德川家康,大名,首领,德川家,clan_tokugawa_1,江户城,无,未登场,松平竹千代,部将,直臣,松平家,冈崎城,无,已登场,德川家康,大名,首领,德川家,滨松城,无,已登场,德川家康,足轻组头,直臣,河尻家,水户城,无,,"[{""stage"":"""",""tkid"":""506"",""ref"":""506"",""emotion"":0}]",老狐狸德川家康：隐忍务实、喜怒不形于色的「忍者」式人物（狸猫/乌龟梗），把「苟」字贯彻到底的长寿君主。情绪极收敛：笑仅浅浅一弯抿唇满意，怒是压下去的凉意眉梢不动，惊不过是极轻微扬眉，悲几乎不显。,TAIKOU_bio_506,松平廣忠之子。德川幕府初代將軍。少幼時曾作為人質生活於今川義元門下。桶狹間合戰後自立，與織田家結盟擴大了勢力。曾臣屬豐臣家，秀吉死後，成為五大老之首總理政務，以謀略掀起關原之戰而獲得勝利，並統一了天下。
lord_tk5_507,507,507,,德川信康,,德川,信康,Tokugawa Nobuyasu,tokai,1,1559,1573,1579,战死,lord_tk5_506,lord_tk5_1195,lord_tk5_1196,lord_tk5_804,lord_tk5_506|lord_tk5_508|lord_tk5_677|lord_tk5_764|lord_tk5_804,只限武将,90,90,普通,普通,理想,轻率,不重情义,78,武具,普通,普通,源氏,刀剑,72,78,63,51,88,3,2,1,0,2,1,1,0,1,2,0,2,1,2,1,1,无,强袭，刚弓,无,一般条件,冈崎三奉行 天野康景/高力清长/本多重次,,未登场,德川信康,部将,陪臣（松平元康）,今川家,clan_tokugawa_1,骏府城,无,未登场,德川信康,足轻组头,陪臣（松平元康）,今川家,clan_tokugawa_1,冈崎城,无,未登场,德川信康,家老,直臣,德川家,clan_tokugawa_1,冈崎城,无,已登场,德川信康,城主,直臣,德川家,clan_tokugawa_2,冈崎城,无,已死亡,德川信康,无效,无效,无,clan_tokugawa_1,无效,无,已死亡,德川信康,无效,无效,无,clan_tokugawa_1,无效,无,未登场,德川信康,侍大将,陪臣（松平竹千代）,松平家,冈崎城,无,已死亡,德川信康,无效,无效,无,无效,无,已登场,德川信康,足轻组头,直臣,河尻家,水户城,无,,"[{""stage"":"""",""tkid"":""507"",""ref"":""507"",""emotion"":0}]",,TAIKOU_bio_507,德川家康嫡子。生母為今川家族的築山殿。在與織田家的清洲同盟成立後，娶織田信長之女德姬。其人英勇剛強，前途遠大，但信長懷疑他夥同母親私通武田家，受信長之命，被迫自盡。
lord_tk5_508,508,508,,德川秀忠,,德川,秀忠,Tokugawa Hidetada,kanto,1,1579,1593,1632,病死,lord_tk5_506,,lord_tk5_1202,lord_tk5_804,lord_tk5_506|lord_tk5_507|lord_tk5_677|lord_tk5_764|lord_tk5_804,只限武将,90,90,温和,胆小,现实,轻率,普通,60,书籍,无欲,普通,源氏,火绳枪,63,28,85,75,79,1,0,2,0,1,1,2,0,3,3,3,3,3,2,2,0,三河武者,急所击，丢钱,无,一般条件,,,未登场,德川秀忠,部将,陪臣（松平元康）,今川家,clan_tokugawa_1,骏府城,无,未登场,德川秀忠,足轻组头,陪臣（松平元康）,今川家,clan_tokugawa_1,冈崎城,无,未登场,德川秀忠,家老,直臣,德川家,clan_tokugawa_1,冈崎城,无,未登场,德川秀忠,家老,直臣,德川家,clan_tokugawa_1,滨松城,无,未登场,德川秀忠,家老,直臣,德川家,clan_tokugawa_1,滨松城,无,已登场,德川秀忠,家老,直臣,德川家,clan_tokugawa_2,江户城,柳生新阴流,未登场,德川秀忠,侍大将,陪臣（松平竹千代）,松平家,冈崎城,无,未登场,德川秀忠,家老,直臣,德川家,滨松城,无,已登场,德川秀忠,足轻组头,直臣,河尻家,水户城,无,,"[{""stage"":"""",""tkid"":""508"",""ref"":""508"",""emotion"":0}]",,TAIKOU_bio_508,家康三子。德川幕府第２代將軍。其溫厚的性格受到家康賞識，成為繼承人。關原之戰時，其進軍受到真田昌幸的阻礙，導致喪失戰鬥時機，招致父親不快。後經本多正純居中調和獲得諒解。最後就任征夷大將軍。
lord_tk5_509,509,509,,户泽盛安,戶澤盛安,户泽,盛安,Tozawa Masazumi,ou,1,1566,1580,1590,病死,,,,,,只限武将,50,50,普通,勇敢,普通,轻率,不重情义,75,武具,普通,普通,平氏,刀剑,74,70,43,60,75,3,2,1,0,2,3,2,0,1,1,0,2,0,2,1,0,风林火山,强袭，连续斩，拔突，刚弓，刚力，铁壁,无,无要求,,,未登场,户泽盛安,浪人,其他,无,,土崎凑之町,无,未登场,户泽盛安,浪人,其他,无,,土崎凑之町,无,未登场,户泽盛安,浪人,其他,无,,土崎凑之町,无,未登场,户泽盛安,浪人,其他,无,,土崎凑之町,无,已登场,户泽盛安,浪人,其他,无,,土崎凑之町,无,已死亡,户泽盛安,无效,无效,无,,无效,无,未登场,户泽盛安,浪人,其他,无,土崎凑之町,无,已登场,户泽盛安,城主,直臣,最上家,角馆城,无,已登场,户泽盛安,浪人,其他,无,鸣门之町,无,,"[{""stage"":"""",""tkid"":""509"",""ref"":""509"",""emotion"":0}]",,TAIKOU_bio_509,戶澤家１８代家主。出羽角館城主。道盛之三子。在積極的軍事行動中，構成了戶澤家最大的版圖。因其勇猛，被譽為「夜叉九郎」。相反又命令不許殺害受傷的武將，也有慈悲為懷的一面。
lord_tk5_510,510,510,,富田景政,,富田,景政,Tomita Kagemasa,hokuriku,1,1527,1554,1601,病死,富田景家,,,,lord_tk5_511|lord_tk5_512,只限武将,80,80,普通,普通,普通,慎重,重视情义,23,武具,无欲,普通,其他,刀剑,72,84,35,56,51,2,1,0,0,2,3,3,2,0,0,0,0,1,0,0,0,无,强袭，连续斩，切落，绝妙剑，拔突，二连苦无，刚弓，刚力，铁壁,剑士,一般条件,,,已登场,富田景政,侍大将,直臣,朝仓家,clan_tomita_1,一乘谷城,中条流,已登场,富田景政,侍大将,直臣,朝仓家,clan_tomita_1,一乘谷城,中条流,已登场,富田景政,侍大将,直臣,朝仓家,clan_tomita_1,一乘谷城,中条流,已登场,富田景政,浪人,其他,无,,敦贺之町,中条流,已登场,富田景政,浪人,其他,无,,敦贺之町,中条流,已死亡,富田景政,无效,无效,无,clan_maeda_1,无效,无,已登场,富田景政,侍大将,直臣,朝仓家,一乘谷城,中条流,已登场,富田景政,浪人,其他,无,敦贺之町,中条流,已登场,富田景政,浪人,其他,无,京之町,中条流,,"[{""stage"":"""",""tkid"":""510"",""ref"":""510"",""emotion"":0}]",,TAIKOU_bio_510,劍術家。朝倉家臣。後為前田家臣。勢源之弟。主家滅亡之後，侍奉前田利家，因為許多的戰功而列為重臣。學習中條流劍術，與其兄長‧勢源同為富田流的開山祖師。之後將富田重政收為養子，傳承了富田流劍術。傳說此人曾擔任羽柴秀次的劍術指導。
lord_tk5_511,511,511,,富田重政,,富田,重政,Tomita Shigemasa,hokuriku,1,1554,1568,1625,病死,lord_tk5_510,,,富田景家,lord_tk5_510|lord_tk5_512,只限武将,90,90,普通,勇敢,普通,轻率,普通,72,武具,无欲,嗜酒如命,其他,刀剑,70,82,14,46,38,2,2,0,0,0,3,3,0,0,0,0,0,1,0,0,0,无,强袭，连续斩，切落，绝妙剑，拔突，刚力，铁壁,剑士,一般条件,,,未登场,富田重政,足轻组头,陪臣（富田景政）,朝仓家,clan_tomita_1,一乘谷城,中条流,未登场,富田重政,足轻组头,陪臣（富田景政）,朝仓家,clan_tomita_1,一乘谷城,中条流,已登场,富田重政,足轻组头,陪臣（富田景政）,朝仓家,clan_tomita_1,一乘谷城,中条流,已登场,富田重政,浪人,其他,无,,敦贺之町,中条流,已登场,富田重政,浪人,其他,无,,敦贺之町,中条流,已登场,富田重政,侍大将,直臣,前田家,clan_maeda_1,金泽城,中条流,未登场,富田重政,足轻组头,陪臣（富田景政）,朝仓家,一乘谷城,中条流,已登场,富田重政,浪人,其他,无,敦贺之町,中条流,已登场,富田重政,浪人,其他,无,富山之町,中条流,,"[{""stage"":"""",""tkid"":""511"",""ref"":""511"",""emotion"":0}]",,TAIKOU_bio_511,前田家臣。山崎景邦之子。中條派劍術高手。有「名人越後」之名。娶師長富田景政之女，並成為富田家義子。在能登的末森城戰役立下頭功。接著在小田原攻略、關原之戰、大阪冬夏兩役中展露了才華。
lord_tk5_512,512,512,,富田势源,富田勢源,富田,势源,Tomita Seigen,hokuriku,1,1524,1554,1568,病死,富田景家,,,,lord_tk5_510|lord_tk5_511,没那个意思,80,80,温和,普通,理想,慎重,重视情义,6,武具,无欲,滴酒不沾,其他,刀剑,27,95,30,61,77,0,1,0,0,3,4,3,2,0,0,0,0,2,0,0,0,无,强袭，连续斩，切落，绝妙剑，拔突，二连苦无，刚弓，金翅鸟王剑，当身，刚力，独妙剑，铁壁，辱骂,剑豪,一般条件,,,已登场,富田势源,浪人,其他,无,clan_tomita_1,敦贺之町,中条流,已登场,富田势源,师范,其他,无,clan_tomita_1,敦贺之町,中条流,已死亡,富田势源,无效,无效,无,clan_tomita_1,无效,无,已死亡,富田势源,无效,无效,无,,无效,无,已死亡,富田势源,无效,无效,无,,无效,无,已死亡,富田势源,无效,无效,无,clan_maeda_1,无效,无,已登场,富田势源,师范,其他,无,敦贺之町,中条流,已死亡,富田势源,无效,无效,无,无效,无,已登场,富田势源,师范,其他,无,敦贺之町,中条流,,"[{""stage"":"""",""tkid"":""512"",""ref"":""512"",""emotion"":0}]",,TAIKOU_bio_512,劍術家。景政的兄長。中條流劍術的名家，同時也是善使小太刀的高手。自己開創了富田流。接受齋藤義龍的劍術指導‧梅津某挑戰，留下以一根柴薪就戰勝梅津某的佳話。因為三十幾歲罹患了眼疾，便把家督讓給其弟‧景政而出家了。
lord_tk5_513,513,513,,富田隆实,富田隆實,富田,隆实,Tomita Takazane,ou,1,1569,1583,1589,病死,,,,,,只限武将,46,46,普通,普通,普通,轻率,重视情义,40,武具,无欲,普通,其他,刀剑,64,67,20,23,42,2,2,1,0,0,0,1,0,0,0,1,0,1,0,0,0,无,强袭,无,无要求,,,未登场,富田隆实,足轻组头,直臣,芦名家,clan_ashina_1,黑川城,无,未登场,富田隆实,足轻组头,直臣,芦名家,clan_ashina_1,黑川城,无,未登场,富田隆实,足轻组头,直臣,芦名家,clan_ashina_1,黑川城,无,未登场,富田隆实,足轻组头,直臣,芦名家,clan_ashina_1,黑川城,无,已登场,富田隆实,足轻组头,直臣,芦名家,clan_ashina_2,黑川城,无,已死亡,富田隆实,无效,无效,无,,无效,无,未登场,富田隆实,足轻组头,直臣,芦名家,黑川城,无,已登场,富田隆实,足轻组头,直臣,芦名家,黑川城,无,已登场,富田隆实,浪人,其他,无,柳川之町,无,,"[{""stage"":"""",""tkid"":""513"",""ref"":""513"",""emotion"":0}]",,TAIKOU_bio_513,蘆名家臣，美作之子。將監。蘆名最高四宿老之一。在與伊達家族的摺上原之戰時，在其他宿老都背叛的情況下，親任前鋒奮戰，一度逼入伊達軍主營，但因己方亂了陣腳，隨主公盛重逃往常陸。
lord_tk5_514,514,514,,富永山随,富永山隨,富永,山随,Tominaga Sanzui,kanto,1,1512,1556,1590,战死,,,,,,武将以外优先,82,82,性急,勇敢,理想,轻率,重视情义,21,南蛮物,普通,普通,其他,刀剑,65,62,15,43,42,2,0,0,4,3,2,2,0,2,0,2,0,0,1,0,2,齐射，水上禁行,强袭，拔突，刚弓，铁壁,无,一般条件,,,已登场,富永山随,船头,直臣,相模水军,clan_ganshojii_1,三崎之砦,无,已登场,富永山随,船头,直臣,相模水军,clan_ganshojii_1,三崎之砦,无,已登场,富永山随,船头,直臣,相模水军,clan_ganshojii_1,三崎之砦,无,已登场,富永山随,船头,直臣,相模水军,clan_ganshojii_1,三崎之砦,无,已登场,富永山随,船头,直臣,相模水军,clan_ganshojii_1,三崎之砦,无,已死亡,富永山随,无效,无效,无,,无效,无,未登场,富永山随,船头,直臣,相模水军,三崎之砦,无,已登场,富永山随,船头,直臣,相模水军,三崎之砦,无,已登场,富永山随,足轻组头,直臣,山中家,江户城,无,,"[{""stage"":"""",""tkid"":""514"",""ref"":""514"",""emotion"":0}]",,TAIKOU_bio_514,朝倉家臣，後為織田家臣。姊川之戰時，向織田信長投降，成為家臣。盡管在討伐長島僧民集團軍的戰鬥中立了戰功，但對待遇懷有不滿，殺了桂田長俊、魚住親子等。在與僧民集團軍對峙中，遭對方襲擊，死亡。
lord_tk5_515,515,515,,丰臣秀次,豐臣秀次|三好信吉|三好秀次|羽柴秀次,丰臣,秀次,Kinoshita Hidetsugu,sanyo,1,1568,1582,1595,战死,,,,lord_tk5_1180,lord_tk5_516|lord_tk5_517|lord_tk5_518,只限武将,15,30,性急,胆小,普通,慎重,重视情义,89,艺术品,贪心,嗜酒如命,其他,刀剑,53,40,49,28,12,1,0,1,1,0,0,0,0,3,2,1,3,3,0,3,0,无,强袭，丢钱,无,无要求,丰臣三中老 生驹亲正/中村一氏/堀尾吉晴,,未登场,三好信吉,浪人,其他,无,,清洲之町,无,未登场,三好信吉,足轻组头,直臣,织田家,clan_oda_1,清洲城,无,未登场,三好信吉,足轻组头,陪臣（木下藤吉郎）,织田家,clan_kinoshita_1,岐阜城,无,未登场,三好信吉,足轻组头,陪臣（羽柴秀吉）,织田家,clan_kinoshita_1,长滨城,无,已登场,三好秀次,足轻组头,陪臣（羽柴秀吉）,织田家,clan_kinoshita_1,姬路城,无,已死亡,三好信吉,无效,无效,无,clan_kinoshita_1,无效,无,未登场,三好信吉,浪人,其他,无,清洲之町,无,已登场,羽柴秀次,部将,直臣,羽柴家,石山本愿寺,无,已登场,丰臣秀次,浪人,其他,无,今治之町,无,,"[{""stage"":"""",""tkid"":""515"",""ref"":""515"",""emotion"":0}]",,TAIKOU_bio_515,三好吉房與秀吉姊姊之子。秀吉的外甥。因秀吉的長子鶴松已死作了秀吉的義子，繼承其位就任關白。但是，秀賴出生後，他被稱為「殺生關白」，舉止過份，被叛謀反罪遭放逐，命其自盡。
lord_tk5_516,516,1170|1171|516,,丰臣秀长,豐臣秀長|木下小一郎|羽柴秀长|羽柴秀長,丰臣,秀长,Kinoshita Hidenaga,sanyo,1,1540,1554,1591,病死,,lord_tk5_1180,,,lord_tk5_515|lord_tk5_517|lord_tk5_518,全职种,10,10,温和,普通,普通,轻率,重视情义,45,南蛮物,无欲,普通,其他,刀剑,74,60,87,80,86,2,1,2,0,1,1,2,2,2,3,3,4,2,3,1,2,无,强袭，二连苦无，丢钱，贿赂,无,一般条件,丰臣五奉行 浅野长政/石田三成/前田玄以/増田长盛/长束正家,主角丰臣秀吉，登用小一郎事件后,已登场,木下小一郎,浪人,其他,无,,清洲之町,无,已登场,木下小一郎,浪人,其他,无,clan_oda_1,清洲之町,无,已登场,木下小一郎,足轻组头,陪臣（木下藤吉郎）,织田家,clan_kinoshita_1,岐阜城,无,已登场,羽柴秀长,侍大将,陪臣（羽柴秀吉）,织田家,clan_kinoshita_1,长滨城,无,已登场,羽柴秀长,部将,陪臣（羽柴秀吉）,织田家,clan_kinoshita_1,姬路城,无,已死亡,丰臣秀长,无效,无效,无,clan_kinoshita_1,无效,无,未登场,木下小一郎,浪人,其他,无,清洲之町,无,已登场,羽柴秀长,国主,直臣,羽柴家,姬路城,无,已登场,木下小一郎,部将,直臣,下间家,饫肥城,无,"[{""stage"":""文"",""tkid"":""1170"",""ref"":"""",""emotion"":1},{""stage"":""城"",""tkid"":""1171"",""ref"":"""",""emotion"":1},{""stage"":""老"",""tkid"":""516"",""ref"":"""",""emotion"":1}]","[{""stage"":""文"",""tkid"":""1170"",""ref"":""1170"",""emotion"":1},{""stage"":""城"",""tkid"":""1171"",""ref"":""1171"",""emotion"":1},{""stage"":""老"",""tkid"":""516"",""ref"":""516"",""emotion"":1}]",,TAIKOU_bio_516,豐臣家臣。秀吉之弟。人稱小一郎。作為兄長的左右手，無論是上陣搏殺還是在營參謀，都為兄長的霸業做出了貢獻。為人誠實和藹，受人信賴。有時充任秀吉的代表，或負責與其他大名之間的交涉事務。先秀吉而沒，諸將為之惋惜。
lord_tk5_517,517,1172|517|1173|1174,,丰臣秀吉,木下秀吉|羽柴秀吉|豐臣秀吉|木下藤吉郎,丰臣,秀吉,Kinoshita Hideyoshi,sanyo,1,1536,1554,1598,病死,,lord_tk5_1180,lord_tk5_1179,,lord_tk5_515|lord_tk5_516|lord_tk5_518,全职种,10,10,性急,胆小,理想,慎重,重视情义,98,艺术品,贪心,普通,其他,刀剑,80,56,88,96,93,3,2,3,1,0,1,3,1,3,4,3,3,2,4,2,0,齐攻，城门爆破，激励，威吓,强袭，急所击，丢钱,无,无要求,,,已登场,木下藤吉郎,浪人,其他,无,,清洲之町,无,已登场,木下藤吉郎,足轻组头,直臣,织田家,clan_kinoshita_1,清洲城,无,已登场,木下藤吉郎,部将,直臣,织田家,clan_kinoshita_1,岐阜城,无,已登场,羽柴秀吉,城主,直臣,织田家,clan_kinoshita_1,长滨城,无,已登场,羽柴秀吉,国主,直臣,织田家,clan_kinoshita_1,姬路城,无,已死亡,丰臣秀吉,无效,无效,无,clan_kinoshita_1,无效,无,未登场,木下藤吉郎,浪人,其他,无,清洲之町,无,已登场,羽柴秀吉,大名,首领,羽柴家,石山本愿寺,无,已登场,木下藤吉郎,部将,直臣,下间家,饫肥城,无,光荣版经典形象：身材矮小精瘦、肤色黧黑、双颊削瘦若猴相，深目星眸、目光炯炯，面容机敏狡黠、精气神十足|光荣版经典形象（太阁5）：头戴白色钵卷，月代后髻扎小马尾，尖瘦猴脸、二十岁上下的青年，眉目机灵带笑，眼色深藏精明；茶褐色肩衣，精气神十足，容光焕发、无皱纹无老态,"[{""stage"":""藤吉郎"",""tkid"":""1172"",""ref"":""1172"",""emotion"":1},{""stage"":""羽柴"",""tkid"":""517"",""ref"":""517"",""emotion"":1},{""stage"":""秀吉"",""tkid"":""1173"",""ref"":""1173"",""emotion"":1},{""stage"":""太阁"",""tkid"":""1174"",""ref"":""1174"",""emotion"":1}]",丰臣秀吉（猴子）：从贫民爬到关白的开朗滑头，太阁立志传式王道主角——机智热情、翻脸也快。笑则豁达露齿大笑，怒则狮子吼式爆发，悲则垂头丧气片刻，惊则圆睁瞪眼、手忙脚乱有趣。,TAIKOU_bio_517,生於尾張國中村。是戰國第一出人頭地之人。以其八面玲瓏的口舌之才及不受常理拘束的豐富想像力而嶄露頭角。獲得了其主‧織田信長的莫大信賴，從一介士卒晉昇為堂堂的一國大名。在信長歿後，他便以疾風怒濤之勢取得了天下。
lord_tk5_518,518,518,,丰臣秀赖,豐臣秀賴,丰臣,秀赖,Kinoshita Hideyori,kinai,1,1593,1607,1615,战死,lord_tk5_517,lord_tk5_1178,,lord_tk5_1180,lord_tk5_515|lord_tk5_516|lord_tk5_517,只限武将,5,0,温和,胆小,现实,轻率,普通,15,书籍,贪心,普通,藤原氏,弓,47,25,45,49,87,0,0,0,0,0,0,0,0,0,0,0,2,3,0,3,1,无,刚弓,无,一般条件,丰臣五大老 徳川家康/毛利辉元/宇喜多秀家/前田利长/上杉景胜,,未登场,丰臣秀赖,浪人,其他,无,,清洲之町,无,未登场,丰臣秀赖,足轻组头,陪臣（木下藤吉郎）,织田家,clan_kinoshita_1,清洲城,无,未登场,丰臣秀赖,足轻组头,陪臣（木下藤吉郎）,织田家,clan_kinoshita_1,岐阜城,无,未登场,丰臣秀赖,足轻组头,陪臣（羽柴秀吉）,织田家,clan_kinoshita_1,长滨城,无,未登场,丰臣秀赖,足轻组头,陪臣（羽柴秀吉）,织田家,clan_kinoshita_1,姬路城,无,已登场,丰臣秀赖,大名,首领,丰臣家,clan_kinoshita_1,大坂城,无,未登场,丰臣秀赖,浪人,其他,无,清洲之町,无,未登场,丰臣秀赖,足轻组头,直臣,羽柴家,石山本愿寺,无,已登场,丰臣秀赖,浪人,其他,无,柳川之町,无,,"[{""stage"":"""",""tkid"":""518"",""ref"":""518"",""emotion"":0}]",,TAIKOU_bio_518,秀吉之次子。其母淀君是淺井長政之女。因秀吉死後，將其託付於五大老，但作為第一的家康擴大其勢力，關原之戰後，成為大名。其妻千姬是家康之孫。
lord_tk5_519,519,519,,鸟居强右卫门,鳥居強右衛門,鸟居,强右卫门,Torii Suneemon,tokai,1,1540,1555,1575,战死,,,,,,只限武将,90,90,温和,胆小,普通,轻率,重视情义,7,武具,无欲,滴酒不沾,其他,枪,56,40,21,59,76,2,0,0,0,1,1,0,0,0,0,0,0,0,1,0,1,无,拔突,无,无要求,,,未登场,鸟居强右卫门,足轻组头,陪臣（奥平信昌）,今川家,clan_iii_1,骏府城,无,已登场,鸟居强右卫门,足轻组头,陪臣（松平元康）,今川家,clan_tokugawa_1,冈崎城,无,已登场,鸟居强右卫门,足轻组头,陪臣（奥平信昌）,德川家,clan_iii_1,长篠城,无,已登场,鸟居强右卫门,足轻组头,陪臣（奥平信昌）,德川家,clan_iii_1,长篠城,无,已死亡,鸟居强右卫门,无效,无效,无,,无效,无,已死亡,鸟居强右卫门,无效,无效,无,,无效,无,未登场,鸟居强右卫门,足轻组头,陪臣（奥平信昌）,松平家,长篠城,无,已死亡,鸟居强右卫门,无效,无效,无,无效,无,已登场,鸟居强右卫门,头目,首领,黑胫巾众,黑胫巾之里,无,,"[{""stage"":"""",""tkid"":""519"",""ref"":""519"",""emotion"":0}]",,TAIKOU_bio_519,德川家家臣。名為勝商。所屬於長篠城主‧奧平貞昌麾下。當長篠城遭到武田勝賴的大軍包圍時，逃離居城企圖向德川家康請求援軍，雖然儘快回到了居城，卻被武田軍抓到。武田軍要求他向城內大喊「援軍不會來了」，但他拒絕此要求因此被處了磔刑。
lord_tk5_520,520,520,,鸟居忠吉,鳥居忠吉,鸟居,忠吉,Torii Tadakichi,tokai,1,1498,1555,1571,病死,,,,,lord_tk5_521,只限武将,90,90,性急,勇敢,普通,普通,重视情义,56,书籍,无欲,普通,其他,枪,46,44,68,63,71,1,0,0,0,1,1,2,1,0,2,0,1,2,2,0,0,无,拔突,无,无要求,,,已登场,鸟居忠吉,足轻组头,陪臣（松平元康）,今川家,clan_tokugawa_1,骏府城,无,已登场,鸟居忠吉,侍大将,陪臣（松平元康）,今川家,clan_tokugawa_1,冈崎城,无,已登场,鸟居忠吉,家老,直臣,德川家,clan_tokugawa_1,冈崎城,无,已死亡,鸟居忠吉,无效,无效,无,clan_tokugawa_1,无效,无,已死亡,鸟居忠吉,无效,无效,无,clan_tokugawa_1,无效,无,已死亡,鸟居忠吉,无效,无效,无,clan_tokugawa_1,无效,无,已登场,鸟居忠吉,家老,直臣,松平家,冈崎城,无,已死亡,鸟居忠吉,无效,无效,无,无效,无,已登场,鸟居忠吉,上忍,直臣,黑胫巾众,黑胫巾之里,无,,"[{""stage"":"""",""tkid"":""520"",""ref"":""520"",""emotion"":0}]",,TAIKOU_bio_520,德川家家臣。元忠之父。忠心的老臣。當家康在駿河今川家作為人質時，忠心地守護著岡崎城。為了讓家康回來岡崎能立即脫離今川家獨立，他呼籲家中上下徹底地實行節約，致力於軍資金的儲備。
lord_tk5_521,521,521,,鸟居元忠,鳥居元忠,鸟居,元忠,Torii Mototada,kinai,1,1539,1560,1600,战死,lord_tk5_520,,,,lord_tk5_520,只限武将,90,90,温和,勇敢,普通,慎重,重视情义,4,武具,无欲,普通,其他,枪,66,70,17,34,46,2,2,1,0,1,2,2,0,1,1,1,0,0,0,0,0,三河武者,强袭，拔突，铁壁,无,一般条件,,,已登场,鸟居元忠,侍大将,陪臣（松平元康）,今川家,clan_tokugawa_1,骏府城,无,已登场,鸟居元忠,足轻大将,陪臣（松平元康）,今川家,clan_tokugawa_1,冈崎城,无,已登场,鸟居元忠,侍大将,直臣,德川家,clan_tokugawa_1,冈崎城,无,已登场,鸟居元忠,侍大将,直臣,德川家,clan_tokugawa_1,滨松城,无,已登场,鸟居元忠,侍大将,直臣,德川家,clan_tokugawa_1,滨松城,无,已登场,鸟居元忠,城主,直臣,德川家,clan_tokugawa_1,伏见城,无,未登场,鸟居元忠,足轻组头,陪臣（松平竹千代）,松平家,冈崎城,无,已登场,鸟居元忠,侍大将,直臣,德川家,滨松城,无,已登场,鸟居元忠,上忍,直臣,黑胫巾众,黑胫巾之里,无,,"[{""stage"":"""",""tkid"":""521"",""ref"":""521"",""emotion"":0}]",,TAIKOU_bio_521,德川家臣。又稱彥右衛門。在家康臣隨秀吉入京都時，面對秀吉封許的官位，元忠表示「受人之恩，不仕二主」，予以拒絕，被譽為忠義者。關原之戰時，受家康之命守城，以身殉職。
lord_tk5_522,522,522,,内藤如安,內藤如安,内藤,如安,Naito Joan,saikai,1,1548,1562,1626,病死,lord_tk5_827,,,松永久秀父,lord_tk5_679|lord_tk5_680|lord_tk5_827,全职种,5,5,温和,普通,理想,轻率,普通,41,南蛮物,贪心,普通,藤原氏,刀剑,53,47,38,51,57,1,2,0,0,1,1,0,1,0,0,1,0,2,1,1,1,无,强袭,无,无要求,,,未登场,内藤如安,足轻大将,陪臣（松永久秀）,三好家,clan_matsunaga_1,多闻山城,无,已登场,内藤如安,足轻大将,陪臣（松永久秀）,三好家,clan_matsunaga_1,信贵山城,无,已登场,内藤如安,足轻大将,陪臣（松永久秀）,织田家,clan_matsunaga_1,信贵山城,无,已登场,内藤如安,足轻大将,陪臣（松永久秀）,织田家,clan_matsunaga_1,信贵山城,无,已登场,内藤如安,浪人,其他,无,,奈良之町,无,已登场,内藤如安,部将,直臣,小西家,clan_konishi_1,宇土城,无,未登场,内藤如安,足轻大将,陪臣（松永长赖）,细川家,丹波龟山城,无,已登场,内藤如安,浪人,其他,无,尾道之町,无,已登场,内藤如安,浪人,其他,无,仓敷之町,无,,"[{""stage"":"""",""tkid"":""522"",""ref"":""522"",""emotion"":0}]",,TAIKOU_bio_522,豐臣家家臣。名為忠俊。松永久秀的外甥。接受佛洛伊斯的受洗，成為基督徒。侍奉秀吉，隸屬於小西行長麾下。關原合戰後，透過高山右近，使得他得以侍奉承認基督教的前田利長。即使德川家康下達了禁教令也沒有因此放棄信仰，最後與右近等人一起被流放到馬尼拉。
lord_tk5_523,523,523,,内藤昌丰,內藤昌豐,内藤,昌丰,Naito Masatoyo,kanto,1,1522,1554,1575,战死,,,,,,只限武将,62,62,普通,勇敢,普通,轻率,重视情义,60,武具,普通,普通,藤原氏,刀剑,78,72,82,77,79,2,3,1,0,3,3,3,0,1,1,1,1,1,1,1,1,无,强袭，连续斩，拔突，刚弓，刚力，铁壁,无,一般条件,,,已登场,内藤昌丰,家老,直臣,武田家,clan_takeda_1,踯躅崎馆,无,已登场,内藤昌丰,部将,直臣,武田家,clan_takeda_1,踯躅崎馆,无,已登场,内藤昌丰,城主,直臣,武田家,clan_takeda_1,箕轮城,无,已登场,内藤昌丰,城主,直臣,武田家,clan_takeda_2,箕轮城,无,已死亡,内藤昌丰,无效,无效,无,,无效,无,已死亡,内藤昌丰,无效,无效,无,,无效,无,已登场,内藤昌丰,家老,直臣,武田家,踯躅崎馆,无,已死亡,内藤昌丰,无效,无效,无,无效,无,已登场,内藤昌丰,浪人,其他,无,尾道之町,无,,"[{""stage"":"""",""tkid"":""523"",""ref"":""523"",""emotion"":0}]",,TAIKOU_bio_523,武田家臣。武田家四名臣之一。武田信玄之弟信繁陣亡後，昇任信玄的副將。作戰才略過人，功勳卓著。信玄曾高度評價說「昌豐當然會有不同凡響的作用」。長篠之戰時死於砲火之中。
lord_tk5_524,524,524,,内藤正成,內藤正成,内藤,正成,Naito Masashige,kanto,1,1528,1554,1602,病死,,,,,,只限武将,90,90,性急,勇敢,理想,轻率,重视情义,54,武具,无欲,普通,藤原氏,弓,40,77,56,51,67,1,0,1,1,4,3,1,0,0,1,1,1,1,1,1,1,弓箭乱射,强袭，连续斩，拔突，刚弓，神弓，天弓，刚力，铁壁，心眼,弓术名人,一般条件,,,已登场,内藤正成,足轻组头,陪臣（松平元康）,今川家,clan_tokugawa_1,骏府城,无,已登场,内藤正成,足轻组头,陪臣（松平元康）,今川家,clan_tokugawa_1,冈崎城,无,已登场,内藤正成,足轻组头,直臣,德川家,clan_tokugawa_1,冈崎城,无,已登场,内藤正成,足轻组头,直臣,德川家,clan_tokugawa_1,滨松城,无,已登场,内藤正成,足轻大将,直臣,德川家,clan_tokugawa_1,滨松城,无,已登场,内藤正成,侍大将,直臣,德川家,clan_tokugawa_1,江户城,无,已登场,内藤正成,足轻组头,直臣,松平家,冈崎城,无,已登场,内藤正成,足轻大将,直臣,德川家,滨松城,无,已登场,内藤正成,浪人,其他,无,出石之町,无,,"[{""stage"":"""",""tkid"":""524"",""ref"":""524"",""emotion"":0}]",,TAIKOU_bio_524,德川家臣。弓術高手。起先在叔父內藤清長門下謀生，後其弓箭才能受到青睞，投奔家康之父廣忠為官。及至家康，侍奉德川家康兩代人，為譜代家臣，德川十六將之一。
lord_tk5_525,525,525,,直江景纲,直江景綱,直江,景纲,Naoe Kagetsuna,hokuriku,1,1509,1554,1577,病死,,,,,,只限武将,15,15,温和,普通,普通,普通,普通,34,书籍,无欲,普通,其他,刀剑,46,48,80,79,74,1,1,0,0,0,0,1,0,1,3,2,3,4,3,1,1,无,强袭，丢钱,无,无要求,,,已登场,直江景纲,家老,直臣,长尾家,clan_uesugi_1,春日山城,无,已登场,直江景纲,家老,直臣,长尾家,clan_uesugi_1,春日山城,无,已登场,直江景纲,家老,直臣,上杉家,clan_uesugi_1,春日山城,无,已登场,直江景纲,家老,直臣,上杉家,clan_uesugi_1,春日山城,无,已死亡,直江景纲,无效,无效,无,,无效,无,已死亡,直江景纲,无效,无效,无,,无效,无,已登场,直江景纲,家老,直臣,长尾家,春日山城,无,已死亡,直江景纲,无效,无效,无,无效,无,已登场,直江景纲,浪人,其他,无,油津之町,无,,"[{""stage"":"""",""tkid"":""525"",""ref"":""525"",""emotion"":0}]",,TAIKOU_bio_525,上杉家臣。與板城主。謙信之父長尾為景時代既為重臣，延至謙信時代仍為心腹，在內政外交方面展示才能。亦深得謙信信任，自謙信原名景虎中取得一字，改名實綱為景綱。
lord_tk5_526,526,526|1175,,直江兼续,直江兼續,直江,兼续,Naoe Kanetsugu,ou,1,1560,1574,1619,病死,樋口兼丰,,,,lord_tk5_872,只限武将,15,15,普通,勇敢,理想,轻率,重视情义,82,艺术品,普通,普通,其他,刀剑,82,70,81,91,84,3,2,1,0,1,2,4,0,1,1,0,2,3,4,3,0,车悬，毘沙门天，激励,强袭，拔突，铁壁,雄辩,一般条件,,,未登场,直江兼续,足轻组头,直臣,长尾家,clan_naoe_1,春日山城,无,未登场,直江兼续,足轻组头,直臣,长尾家,clan_naoe_1,春日山城,无,未登场,直江兼续,足轻组头,直臣,上杉家,clan_naoe_1,春日山城,无,已登场,直江兼续,足轻组头,直臣,上杉家,clan_naoe_1,春日山城,无,已登场,直江兼续,侍大将,直臣,上杉家,clan_naoe_1,春日山城,无,已登场,直江兼续,国主,直臣,上杉家,clan_naoe_1,米泽城,无,未登场,直江兼续,足轻组头,直臣,长尾家,春日山城,无,已登场,直江兼续,侍大将,直臣,上杉家,春日山城,无,已登场,直江兼续,浪人,其他,无,佐仓之町,无,"[{""stage"":""爱"",""tkid"":""526"",""ref"":"""",""emotion"":1},{""stage"":""书"",""tkid"":""1175"",""ref"":"""",""emotion"":1}]","[{""stage"":""爱"",""tkid"":""526"",""ref"":""526"",""emotion"":1},{""stage"":""书"",""tkid"":""1175"",""ref"":""1175"",""emotion"":1}]",,TAIKOU_bio_526,上杉家臣。桶口兼豐嫡子。後來繼承直江家業。是智勇雙全的名將，侍奉謙信和景勝，直至首席家老。本能寺事變後，柴田勝家與秀吉之爭波及北陸，遂諫請與秀吉結盟。獲得秀吉高度評價。雖為陪臣，卻領有３０萬石俸祿。
lord_tk5_527,527,527,,长井道利,長井道利,长井,道利,Nagai Michitoshi,tokai,1,1516,1554,1571,战死,松波庄五郎,,,,lord_tk5_324|lord_tk5_327,只限武将,20,20,温和,普通,普通,普通,不重情义,45,艺术品,普通,普通,其他,刀剑,51,58,49,56,46,1,0,1,0,1,1,0,1,0,1,1,0,0,0,0,1,无,强袭,无,无要求,,,已登场,长井道利,足轻大将,直臣,斋藤家,clan_saitoo_1,稻叶山城,无,已登场,长井道利,家老,直臣,斋藤家,clan_saitoo_2,稻叶山城,无,已登场,长井道利,足轻大将,直臣,织田家,clan_oda_1,岐阜城,无,已死亡,长井道利,无效,无效,无,,无效,无,已死亡,长井道利,无效,无效,无,,无效,无,已死亡,长井道利,无效,无效,无,,无效,无,已登场,长井道利,部将,直臣,斋藤家,稻叶山城,无,已死亡,长井道利,无效,无效,无,无效,无,已登场,长井道利,浪人,其他,无,长船之町,无,,"[{""stage"":"""",""tkid"":""527"",""ref"":""527"",""emotion"":0}]",,TAIKOU_bio_527,織田家臣。美濃金山城主。齊藤道三之弟。加入道三之子義龍的謀反，將道三趕出。之後，在義龍龍興麾下與織田氏作戰，但是，在齊藤氏滅亡後仕官織田信長。出兵攝津白川河救援和田惟政時戰敗而死。
lord_tk5_528,528,528,,长尾政景,長尾政景,长尾,政景,Uesugi Masakage,hokuriku,1,1526,1554,1564,病死,,,,,lord_tk5_116,只限武将,15,15,普通,普通,普通,普通,不重情义,59,书籍,贪心,嗜酒如命,平氏,刀剑,51,60,69,64,67,1,2,0,0,0,0,0,0,0,2,1,2,2,0,0,0,无,强袭,无,一般条件,,,已登场,长尾政景,部将,直臣,长尾家,clan_uesugi_2,春日山城,无,已登场,长尾政景,家老,直臣,长尾家,clan_usami_1,春日山城,无,已死亡,长尾政景,无效,无效,无,clan_uesugi_1,无效,无,已死亡,长尾政景,无效,无效,无,clan_uesugi_1,无效,无,已死亡,长尾政景,无效,无效,无,clan_uesugi_2,无效,无,已死亡,长尾政景,无效,无效,无,clan_uesugi_2,无效,无,已登场,长尾政景,部将,直臣,长尾家,春日山城,无,已死亡,长尾政景,无效,无效,无,无效,无,已登场,长尾政景,浪人,其他,无,长船之町,无,,"[{""stage"":"""",""tkid"":""528"",""ref"":""528"",""emotion"":0}]",,TAIKOU_bio_528,上杉家臣。房長之子。阪戶城主。與父親一起與主家不睦，後和好，娶謙信之姐。後輔佐謙信。謙信離家出走時，說服謙信留下。不幸與宇佐美遊船時溺水而死。
lord_tk5_529,529,529,,中川清秀,,中川,清秀,Nakagawa Kiyohide,kinai,1,1542,1560,1583,战死,,,,,,只限武将,15,15,温和,普通,普通,慎重,普通,39,武具,普通,普通,源氏,刀剑,63,53,23,59,35,1,2,2,1,1,1,2,0,0,0,1,1,1,2,1,1,无,强袭,无,无要求,,,未登场,中川清秀,足轻大将,陪臣（三好义贤）,三好家,clan_miyoshi_2,胜瑞城,无,已登场,中川清秀,侍大将,直臣,三好家,clan_miyoshi_1,饭盛城,无,已登场,中川清秀,侍大将,直臣,三好家,clan_miyoshi_4,胜瑞城,无,已登场,中川清秀,侍大将,直臣,三好家,clan_sogo_2,胜瑞城,无,已登场,中川清秀,侍大将,陪臣（池田恒兴）,织田家,clan_ikeda_1,伊丹城,无,已死亡,中川清秀,无效,无效,无,,无效,无,未登场,中川清秀,侍大将,陪臣（三好长庆）,细川家,芥川城,无,已死亡,中川清秀,无效,无效,无,无效,无,已登场,中川清秀,家老,直臣,中岛家,岩尾城,无,,"[{""stage"":"""",""tkid"":""529"",""ref"":""529"",""emotion"":0}]",,TAIKOU_bio_529,池田家臣。後成為織田家臣，攝津茨木城主。最初侍奉池田勝政，在征討和田惟政中戰功顯赫。後臣俯織田信長，從屬荒木村重。此後又背叛村重，歸屬豐臣秀吉，在山崎之戰中立下戰功，在賤岳之戰中死守山寨直至戰死。
lord_tk5_530,530,530,,长坂钓闲,長阪釣閑|长阪长闲|長阪長閑|長坂釣閒,长坂,钓闲,Nagasaka Tookan,tosan,1,1513,1549,1582,战死,,,,,,全职种,70,70,普通,胆小,现实,慎重,不重情义,80,艺术品,贪心,普通,源氏,枪,23,36,35,56,8,0,0,0,0,0,0,0,1,1,0,0,3,1,3,1,1,无,拔突，丢钱,无,无要求,,,已登场,长坂钓闲,足轻大将,直臣,武田家,clan_takeda_1,踯躅崎馆,无,已登场,长坂钓闲,足轻大将,直臣,武田家,clan_takeda_1,踯躅崎馆,无,已登场,长坂钓闲,足轻大将,陪臣（武田胜赖）,武田家,clan_takeda_2,踯躅崎馆,无,已登场,长坂钓闲,足轻大将,直臣,武田家,clan_takeda_2,踯躅崎馆,无,已登场,长坂钓闲,侍大将,直臣,武田家,clan_takeda_2,甲府城,无,已死亡,长坂钓闲,无效,无效,无,,无效,无,已登场,长坂钓闲,足轻大将,直臣,武田家,踯躅崎馆,无,已死亡,长坂钓闲,无效,无效,无,无效,无,已登场,长坂钓闲,浪人,其他,无,长船之町,无,,"[{""stage"":"""",""tkid"":""530"",""ref"":""530"",""emotion"":0}]",,TAIKOU_bio_530,武田家家臣。名為光堅。信玄死亡之後，成為勝賴的近侍。被批評為佞臣。在長篠合戰時反對馬場信房等人的慎重論而主張進擊，造就了歷史上留名的大敗北的根基。當織田軍侵入甲斐後，雖然此人捨棄了勝賴而逃亡，但卻被抓到而被殺。
lord_tk5_531,531,531,,中岛重房,中島重房,中岛,重房,Nakajima Shigefusa,nankai,1,1562,1576,1615,病死,,,,,,全职种,80,80,普通,勇敢,理想,普通,重视情义,64,书籍,普通,嗜酒如命,其他,刀剑,61,59,56,48,53,2,2,1,2,1,1,2,0,0,3,0,2,0,0,0,0,无,强袭,无,无要求,,,未登场,中岛重房,足轻组头,直臣,长宗我部家,clan_chosokabe_1,冈丰城,无,未登场,中岛重房,足轻组头,直臣,长宗我部家,clan_chosokabe_2,冈丰城,无,未登场,中岛重房,足轻组头,直臣,长宗我部家,clan_chosokabe_2,冈丰城,无,未登场,中岛重房,足轻组头,直臣,长宗我部家,clan_chosokabe_2,冈丰城,无,已登场,中岛重房,足轻组头,直臣,长宗我部家,clan_chosokabe_2,冈丰城,无,已登场,中岛重房,部将,直臣,长宗我部家,clan_chosokabe_2,冈丰城,无,未登场,中岛重房,足轻组头,直臣,长宗我部家,冈丰城,无,已登场,中岛重房,足轻组头,直臣,长宗我部家,冈丰城,无,已登场,中岛重房,家老,直臣,中岛家,岩尾城,无,,"[{""stage"":"""",""tkid"":""531"",""ref"":""531"",""emotion"":0}]",,TAIKOU_bio_531,長宗我部家臣。親吉之子。與市兵衛。在戶次川之戰中立了戰功。測量土地時擔任奉行。愛好讀書等，文武雙全。關原之戰家督敗落後，暫時侍奉藤堂高虎，但舊主盛親進入大阪城後，便歸順於他。
lord_tk5_532,532,532,,中岛可之助,中島可之助,中岛,可之助,Nakajima Kanonosuke,nankai,1,1530,1554,1584,病死,,,,,,全职种,80,80,普通,勇敢,普通,轻率,普通,60,南蛮物,无欲,嗜酒如命,其他,刀剑,47,74,50,72,80,1,1,0,0,1,1,1,0,1,1,1,1,3,4,1,0,威吓,强袭,无,一般条件,,,已登场,中岛可之助,侍大将,直臣,长宗我部家,clan_chosokabe_1,冈丰城,无,已登场,中岛可之助,足轻大将,直臣,长宗我部家,clan_chosokabe_2,冈丰城,无,已登场,中岛可之助,侍大将,直臣,长宗我部家,clan_chosokabe_2,冈丰城,无,已登场,中岛可之助,侍大将,直臣,长宗我部家,clan_chosokabe_2,冈丰城,无,已登场,中岛可之助,侍大将,直臣,长宗我部家,clan_chosokabe_2,冈丰城,无,已死亡,中岛可之助,无效,无效,无,,无效,无,已登场,中岛可之助,侍大将,直臣,长宗我部家,冈丰城,无,已登场,中岛可之助,侍大将,直臣,长宗我部家,冈丰城,无,已登场,中岛可之助,大名,首领,中岛家,岩尾城,无,,"[{""stage"":"""",""tkid"":""532"",""ref"":""532"",""emotion"":0}]",,TAIKOU_bio_532,長宗我部家臣。是位豪邁且奇特的人物。據說主公元親為了讓信長求賜長子名諱，派他做使者前往。面對信長的提問，反應迅速。由於受賞識，而順利地獲得賜名。
lord_tk5_533,533,533,,中条景泰,中條景泰,中条,景泰,Chujou Kagetai,hokuriku,1,1547,1560,1582,战死,lord_tk5_769,,,,lord_tk5_769,只限武将,15,15,普通,普通,普通,轻率,重视情义,28,武具,普通,普通,平氏,刀剑,59,62,46,21,33,1,2,0,0,0,1,1,0,0,1,0,0,0,0,0,0,无,强袭,无,无要求,,,未登场,中条景泰,足轻组头,直臣,长尾家,clan_uesugi_1,春日山城,无,已登场,中条景泰,足轻组头,直臣,长尾家,clan_uesugi_1,春日山城,无,已登场,中条景泰,足轻组头,直臣,上杉家,clan_uesugi_1,春日山城,无,已登场,中条景泰,足轻组头,直臣,上杉家,clan_uesugi_1,春日山城,无,已登场,中条景泰,城主,直臣,上杉家,clan_chujou_1,鱼津城,无,已死亡,中条景泰,无效,无效,无,,无效,无,未登场,中条景泰,足轻组头,直臣,长尾家,春日山城,无,已死亡,中条景泰,无效,无效,无,无效,无,已登场,中条景泰,家老,直臣,中岛家,岩尾城,无,,"[{""stage"":"""",""tkid"":""533"",""ref"":""533"",""emotion"":0}]",,TAIKOU_bio_533,上杉家臣。越後吉江城主吉江景資次子。娶中條藤資之女，藤資故後繼承中條家，為鳥阪城城主。御館之亂中屬景勝一方，被反景勝派奪取了居城。後守備魚津城，為織田軍的柴田勝家攻破城池，陣亡。
lord_tk5_534,534,534,,永田德本,,永田,德本,Nagata Tokumoto,tosan,1,1513,1554,1630,病死,,,,,,没那个意思,45,45,温和,普通,现实,普通,普通,3,书籍,普通,嗜酒如命,其他,枪,16,22,77,66,68,0,0,0,0,0,0,0,0,0,0,1,2,0,2,0,4,无,拔突，伤药，止血,良医,无要求,,,已登场,永田德本,医师,其他,无,,甲府之町,无,已登场,永田德本,医师,其他,无,,甲府之町,无,已登场,永田德本,医师,其他,无,,甲府之町,无,已登场,永田德本,医师,其他,无,,甲府之町,无,已登场,永田德本,医师,其他,无,,甲府之町,无,已登场,永田德本,医师,其他,无,,甲府之町,无,已登场,永田德本,医师,其他,无,甲府之町,无,已登场,永田德本,医师,其他,无,甲府之町,无,已登场,永田德本,医师,其他,无,甲府之町,无,,"[{""stage"":"""",""tkid"":""534"",""ref"":""534"",""emotion"":0}]",,TAIKOU_bio_534,醫師。人稱「甲斐的德本」，聞名於世。學習醫學和藥學，遊歷諸國診療百姓的疾病或是傷害。醫藥費總是只要求十八文，從不收取比十八文更高的費用。因其名聲極高，也曾被德川將軍家請來施術，但他仍然只收了十八文就瀟灑離去。
lord_tk5_535,535,535,,长野具藤,長野具藤,长野,具藤,Kitabatake Tomofuji,tokai,1,1552,1560,1576,病死,lord_tk5_259,,,lord_tk5_261,lord_tk5_259|lord_tk5_260|lord_tk5_261|lord_tk5_306,全职种,40,40,性急,勇敢,理想,轻率,普通,72,艺术品,贪心,普通,藤原氏,刀剑,19,49,37,24,34,0,0,0,0,0,0,0,0,0,0,0,0,0,0,0,0,无,强袭,无,无要求,,,未登场,长野具藤,部将,陪臣（北畠具教）,北畠家,clan_kitabatake_2,大河内城,无,未登场,长野具藤,部将,陪臣（神户具盛）,北畠家,clan_koobe_1,安浓津城,无,已登场,长野具藤,部将,陪臣（泷川一益）,织田家,clan_takigawa_1,安浓津城,无,已登场,长野具藤,部将,陪臣（织田信孝）,织田家,clan_oda_5,安浓津城,无,已死亡,长野具藤,无效,无效,无,clan_oda_2,无效,无,已死亡,长野具藤,无效,无效,无,,无效,无,未登场,长野具藤,部将,陪臣（神户具盛）,北畠家,安浓津城,无,已死亡,长野具藤,无效,无效,无,无效,无,已登场,长野具藤,浪人,其他,无,长船之町,无,,"[{""stage"":"""",""tkid"":""535"",""ref"":""535"",""emotion"":0}]",,TAIKOU_bio_535,長野工藤家１６代領主。北田具教之次子。北田氏與長野氏敦睦後，成為長野氏的義子，繼承家督之位。面對織田信長進攻伊勢，長野家族將信長之弟信包迎為主公，並因此失去家督之位。後為織田信雄所謀殺。
lord_tk5_536,536,536,,长野业正,長野業正,长野,业正,Gyo shounin,kanto,1,1491,1554,1561,病死,,,,,lord_tk5_537,只限武将,22,20,普通,勇敢,普通,普通,重视情义,35,武具,无欲,普通,其他,刀剑,95,87,26,83,74,4,4,0,0,2,3,4,2,2,0,0,0,0,0,0,0,强行突破，车悬,强袭，连续斩，拔突，二连苦无，刚弓，刚力，铁壁,军师,一般条件,,,已登场,长野业正,大名,首领,长野家,clan_gyo_1,箕轮城,无,已登场,长野业正,大名,首领,长野家,clan_gyo_1,箕轮城,无,已死亡,长野业正,无效,无效,无,,无效,无,已死亡,长野业正,无效,无效,无,,无效,无,已死亡,长野业正,无效,无效,无,,无效,无,已死亡,长野业正,无效,无效,无,,无效,无,已登场,长野业正,城主,直臣,上杉家,箕轮城,无,已死亡,长野业正,无效,无效,无,无效,无,已登场,长野业正,浪人,其他,无,长船之町,无,,"[{""stage"":"""",""tkid"":""536"",""ref"":""536"",""emotion"":0}]",,TAIKOU_bio_536,山內上杉家臣。憲業之子。上野箕輪城主。相傳是在原業平的末裔。一直到最後都還忠心耿耿地侍奉已勢微主家的名將。主君‧憲政投靠越後上杉家而逃亡之後，仍然留在箕輪城抵擋北條家和武田家的猛攻。據說信玄曾如此感嘆，「只要業正還活著的一天，上州就拿不下來。」
lord_tk5_537,537,537,,长野业盛,長野業盛,长野,业盛,Gyo,kanto,1,1546,1555,1563,战死,lord_tk5_536,,,,lord_tk5_536,只限武将,22,20,普通,勇敢,理想,轻率,重视情义,44,武具,无欲,滴酒不沾,其他,刀剑,69,65,24,58,62,2,2,1,0,2,2,2,2,0,0,0,0,0,0,0,0,无,强袭，拔突，二连苦无，刚弓，铁壁,无,一般条件,,,未登场,长野业盛,侍大将,陪臣（长野业正）,长野家,clan_gyo_1,箕轮城,无,已登场,长野业盛,家老,直臣,长野家,clan_gyo_1,箕轮城,无,已死亡,长野业盛,无效,无效,无,,无效,无,已死亡,长野业盛,无效,无效,无,,无效,无,已死亡,长野业盛,无效,无效,无,,无效,无,已死亡,长野业盛,无效,无效,无,,无效,无,未登场,长野业盛,部将,陪臣（长野业正）,上杉家,箕轮城,无,已死亡,长野业盛,无效,无效,无,无效,无,已登场,长野业盛,浪人,其他,无,长船之町,无,,"[{""stage"":"""",""tkid"":""537"",""ref"":""537"",""emotion"":0}]",,TAIKOU_bio_537,上杉家家臣。業正之子。多次抵擋武田家侵略的父親‧業正病逝之後，繼承其遺志繼續抗戰。可是在多次的合戰後，兵力也逐漸疲憊。雖與家臣‧上泉信綱等人拼死奮戰，但城最後還是被武田的大軍攻下。最後舉刀自盡了。
lord_tk5_538,538,538,,中野宗时,中野宗時,中野,宗时,Noumin onna,ou,1,1511,1554,1570,病死,,,,,,全职种,65,65,普通,勇敢,普通,轻率,不重情义,84,书籍,贪心,普通,源氏,刀剑,42,35,70,78,23,0,0,0,0,0,0,2,0,2,2,2,1,2,3,0,1,无,强袭,无,无要求,,,已登场,中野宗时,家老,直臣,伊达家,clan_date_1,米泽城,无,已登场,中野宗时,家老,直臣,伊达家,clan_date_1,米泽城,无,已登场,中野宗时,家老,直臣,伊达家,clan_date_2,米泽城,无,已死亡,中野宗时,无效,无效,无,,无效,无,已死亡,中野宗时,无效,无效,无,,无效,无,已死亡,中野宗时,无效,无效,无,,无效,无,已登场,中野宗时,家老,直臣,伊达家,米泽城,无,已死亡,中野宗时,无效,无效,无,无效,无,已登场,中野宗时,部将,直臣,中岛家,岩尾城,无,,"[{""stage"":"""",""tkid"":""538"",""ref"":""538"",""emotion"":0}]",,TAIKOU_bio_538,伊達家臣。任伊達家三代之宿老。稙宗、晴宗父子相爭之際，任晴宗的參謀，動亂平息後，成為家中最大的勢力。輝宗時欲謀反而敗北逃亡，四處流浪最後餓死。
lord_tk5_539,539,539,,中村一氏,,中村,一氏,Nakamura Kazuuji,tokai,1,1549,1563,1600,病死,,,,,,全职种,0,0,温和,普通,现实,普通,普通,40,武具,普通,普通,其他,刀剑,54,48,69,38,59,1,1,1,0,0,0,0,0,3,3,1,3,1,1,1,1,无,强袭，丢钱,无,一般条件,,,未登场,中村一氏,足轻组头,直臣,织田家,clan_oda_1,清洲城,无,已登场,中村一氏,足轻组头,直臣,织田家,clan_oda_1,清洲城,无,已登场,中村一氏,足轻组头,直臣,织田家,clan_oda_1,岐阜城,无,已登场,中村一氏,足轻组头,直臣,织田家,clan_oda_1,岐阜城,无,已登场,中村一氏,足轻大将,陪臣（羽柴秀吉）,织田家,clan_kinoshita_1,姬路城,无,已登场,中村一氏,大名,首领,中村家,clan_nakamura_1,骏府城,无,未登场,中村一氏,浪人,其他,无,目加田之町,无,已登场,中村一氏,国主,直臣,羽柴家,岸和田城,无,已登场,中村一氏,部将,直臣,中岛家,岩尾城,无,,"[{""stage"":"""",""tkid"":""539"",""ref"":""539"",""emotion"":0}]",,TAIKOU_bio_539,豐臣家臣。因鎮壓大阪本願寺農民起義有功而成為岸和田城主，小田原討伐戰後，又作了駿河府中城主。秀吉死後，成為三老之一。關原之戰歸屬東軍，在決戰前夕病死。
lord_tk5_540,540,540,,道川兵卫三郎,道川兵衛三郎,道川,兵卫三郎,Michikawa Hyooebee,hokuriku,1,1550,1564,1619,病死,,,,,,武将以外优先,75,75,温和,勇敢,现实,慎重,普通,55,艺术品,贪心,普通,其他,枪,25,20,56,58,47,0,0,0,0,0,0,0,1,2,2,2,3,2,2,0,1,无,拔突，丢钱，大宴宾客,风雅之士,无要求,,,未登场,道川兵卫三郎,浪人,其他,无,,敦贺之町,无,已登场,道川兵卫三郎,当家,首领,川舟屋,clan_michikawa_1,敦贺之町,无,已登场,道川兵卫三郎,当家,首领,川舟屋,clan_michikawa_1,敦贺之町,无,已登场,道川兵卫三郎,当家,首领,川舟屋,clan_michikawa_1,敦贺之町,无,已登场,道川兵卫三郎,当家,首领,川舟屋,clan_michikawa_1,敦贺之町,无,已登场,道川兵卫三郎,当家,首领,川舟屋,clan_michikawa_1,敦贺之町,无,未登场,道川兵卫三郎,浪人,其他,无,敦贺之町,无,已登场,道川兵卫三郎,当家,首领,川舟屋,敦贺之町,无,已登场,道川兵卫三郎,侍大将,直臣,三刀屋家,骏府城,无,,"[{""stage"":"""",""tkid"":""540"",""ref"":""540"",""emotion"":0}]",,TAIKOU_bio_540,敦賀的商人。又名為三郎左衛門。是被稱為川舟座的海運業者的盟主。利用日本海的海運大幅地進行商業買賣。此外，先後侍奉蜂屋賴隆、大谷吉繼等歷代敦賀領主，並且負責包辦兵站等。在江戶時代後，被任命為敦賀的町年寄。
lord_tk5_541,541,541,,中山朝正,,中山,朝正,Nakayama Tomomasa,ou,1,1548,1562,1617,病死,,,,,,全职种,95,95,普通,胆小,普通,慎重,不重情义,60,武具,普通,普通,其他,刀剑,39,43,34,25,32,1,0,0,0,0,0,0,0,0,0,0,1,0,0,0,1,无,强袭,无,无要求,,,未登场,中山朝正,足轻组头,直臣,最上家,clan_mogami_1,山形城,无,已登场,中山朝正,足轻组头,直臣,最上家,clan_mogami_1,山形城,无,已登场,中山朝正,足轻组头,直臣,最上家,clan_mogami_1,山形城,无,已登场,中山朝正,足轻组头,直臣,最上家,clan_mogami_2,山形城,无,已登场,中山朝正,足轻组头,直臣,最上家,clan_mogami_2,山形城,无,已登场,中山朝正,家老,直臣,最上家,clan_mogami_2,山形城,无,未登场,中山朝正,足轻组头,直臣,最上家,山形城,无,已登场,中山朝正,足轻组头,直臣,最上家,山形城,无,已登场,中山朝正,部将,直臣,中岛家,岩尾城,无,,"[{""stage"":"""",""tkid"":""541"",""ref"":""541"",""emotion"":0}]",,TAIKOU_bio_541,最上家臣。長崎城主。投奔了寒河江氏，但最上義光在攻佔寒河江城之戰勝利後，投降了義光，依賴俸祿為生。在消滅了武藤義興後，鎮守尾浦城，但十五里原之戰失敗後，逃到山形。
lord_tk5_542,542,542,,名古屋山三郎,,名古屋,山三郎,Nagoya Sanzaburo,tokai,1,1572,1586,1603,战死,,,,,,全职种,10,10,性急,勇敢,理想,轻率,重视情义,69,艺术品,贪心,嗜酒如命,其他,刀剑,8,76,10,8,88,0,0,0,0,0,2,0,2,0,0,0,1,3,1,2,1,无,强袭，拔突，二连苦无，铁壁,无,一般条件,,,未登场,名古屋山三郎,浪人,其他,无,,目加田之町,无,未登场,名古屋山三郎,浪人,其他,无,,目加田之町,无,未登场,名古屋山三郎,浪人,其他,无,,目加田之町,无,未登场,名古屋山三郎,浪人,其他,无,,目加田之町,无,未登场,名古屋山三郎,浪人,其他,无,,安土之町,无,已登场,名古屋山三郎,侍大将,直臣,森家,clan_morii_1,岩村城,无,未登场,名古屋山三郎,浪人,其他,无,目加田之町,无,未登场,名古屋山三郎,足轻组头,陪臣（蒲生氏乡）,羽柴家,日野城,无,已登场,名古屋山三郎,足轻组头,直臣,山中家,江户城,无,,"[{""stage"":"""",""tkid"":""542"",""ref"":""542"",""emotion"":0}]",,TAIKOU_bio_542,蒲生氏鄉的家臣。母親是織田氏。九戶政實之亂時，任氏鄉的先鋒，立下許多功勞。氏鄉死後，出家後還俗，侍奉森忠政。之後與同僚發生糾紛被斬。是出名的美男子，人稱出雲阿國之夫。
lord_tk5_543,543,543,,奈佐日本助,,奈佐,日本助,Nasa Nihonsuke,kinai,1,1537,1554,1581,战死,,,,,,武将以外优先,30,30,性急,勇敢,理想,轻率,普通,55,武具,贪心,嗜酒如命,其他,刀剑,50,61,15,21,46,1,0,1,3,3,2,1,0,2,0,0,0,0,0,0,0,蝴蝶之阵,强袭，拔突，刚弓，铁壁,无,一般条件,,,已登场,奈佐日本助,头领,首领,丹后水军,clan_nasa_1,舞鹤之砦,无,已登场,奈佐日本助,头领,首领,丹后水军,clan_nasa_1,舞鹤之砦,无,已登场,奈佐日本助,头领,首领,丹后水军,clan_nasa_1,舞鹤之砦,无,已登场,奈佐日本助,头领,首领,丹后水军,clan_nasa_1,舞鹤之砦,无,已死亡,奈佐日本助,无效,无效,无,,无效,无,已死亡,奈佐日本助,无效,无效,无,,无效,无,已登场,奈佐日本助,头领,首领,丹后水军,舞鹤之砦,无,已死亡,奈佐日本助,无效,无效,无,无效,无,已登场,奈佐日本助,浪人,其他,无,仓敷之町,无,,"[{""stage"":"""",""tkid"":""543"",""ref"":""543"",""emotion"":0}]",,TAIKOU_bio_543,山陰水軍的將領。響應尼子勝久、山中鹿介等人復興尼子家的計劃，以船手大將之身在各地戰鬥。最後受到吉川元春的攻擊而投降，歸屬於毛利家。在豐臣秀吉攻下鳥居城後，以他曾有過海賊行為為理由，下令自盡。
lord_tk5_544,544,544,,那须资晴,那須資晴,那须,资晴,Nasu Sukeharu,kanto,1,1557,1571,1610,病死,,,,,,全职种,50,50,性急,勇敢,普通,轻率,普通,74,艺术品,普通,普通,藤原氏,弓,59,62,47,49,40,2,1,1,0,0,0,0,0,0,0,0,0,2,2,1,0,无,刚弓,无,无要求,,,未登场,那须资晴,城主,直臣,宇都宫家,clan_utsunomiya_1,乌山城,无,未登场,那须资晴,城主,直臣,宇都宫家,clan_utsunomiya_1,乌山城,无,未登场,那须资晴,城主,直臣,宇都宫家,clan_utsunomiya_1,乌山城,无,已登场,那须资晴,城主,直臣,宇都宫家,clan_utsunomiya_1,乌山城,无,已登场,那须资晴,城主,直臣,宇都宫家,clan_utsunomiya_1,乌山城,无,已登场,那须资晴,足轻大将,直臣,德川家,clan_tokugawa_1,江户城,无,未登场,那须资晴,城主,直臣,宇都宫家,乌山城,无,已登场,那须资晴,城主,直臣,宇都宫家,乌山城,无,已登场,那须资晴,浪人,其他,无,小滨之町,无,,"[{""stage"":"""",""tkid"":""544"",""ref"":""544"",""emotion"":0}]",,TAIKOU_bio_544,下野國人。資胤之嫡子。下野鳥山城主。那珂川之戰擊破佐竹義重，薄葉之原之戰大勝宇都宮軍，武名威震近鄰。由於參加豐臣秀吉的小田原征伐戰不及時，被沒收了領地。之後，前往道歉，恢復了５千石。
lord_tk5_545,545,545,,长束正家,長束正家,长束,正家,Nagatsuka Masaiye,kinai,1,1557,1571,1600,战死,,,,,,全职种,12,12,普通,胆小,现实,慎重,普通,33,书籍,普通,滴酒不沾,其他,刀剑,21,13,86,18,56,0,0,0,0,0,0,0,0,3,4,2,3,2,2,2,3,无,强袭，伤药，丢钱,无,一般条件,,,未登场,长束正家,浪人,其他,无,,今滨之町,无,未登场,长束正家,足轻组头,直臣,织田家,clan_oda_1,清洲城,无,未登场,长束正家,足轻组头,直臣,织田家,clan_oda_1,岐阜城,无,已登场,长束正家,足轻组头,陪臣（丹羽长秀）,织田家,clan_niwa_1,佐和山城,无,已登场,长束正家,足轻大将,陪臣（丹羽长秀）,织田家,clan_niwa_1,佐和山城,无,已登场,长束正家,城主,直臣,丰臣家,clan_kinoshita_1,水口城,无,未登场,长束正家,足轻组头,直臣,织田家,那古野城,无,已登场,长束正家,足轻大将,直臣,丹羽家,北之庄城,无,已登场,长束正家,浪人,其他,无,长船之町,无,,"[{""stage"":"""",""tkid"":""545"",""ref"":""545"",""emotion"":0}]",,TAIKOU_bio_545,丹羽家臣，後任豐臣家臣。先充任丹羽長秀的近臣。長秀故後侍奉豐臣家，為五奉行之一。精通算術，做為內政專家從事了土地丈量，建造城池以及處置財政等工作。關原之戰從屬西軍，戰敗後自殺。
lord_tk5_546,546,546,,夏目吉信,,夏目,吉信,Natsume Yoshinobu,tokai,1,1518,1554,1572,战死,,,,,,只限武将,90,90,普通,勇敢,普通,轻率,重视情义,46,武具,无欲,普通,源氏,刀剑,59,58,26,61,68,1,2,1,1,1,2,1,0,0,0,0,0,0,1,0,0,无,强袭，拔突，铁壁,无,无要求,,,已登场,夏目吉信,侍大将,陪臣（松平元康）,今川家,clan_tokugawa_1,骏府城,无,已登场,夏目吉信,足轻组头,陪臣（松平元康）,今川家,clan_tokugawa_1,冈崎城,无,已登场,夏目吉信,侍大将,直臣,德川家,clan_tokugawa_1,冈崎城,无,已死亡,夏目吉信,无效,无效,无,,无效,无,已死亡,夏目吉信,无效,无效,无,,无效,无,已死亡,夏目吉信,无效,无效,无,,无效,无,已登场,夏目吉信,足轻大将,直臣,松平家,冈崎城,无,已死亡,夏目吉信,无效,无效,无,无效,无,已登场,夏目吉信,浪人,其他,无,津山之町,无,,"[{""stage"":"""",""tkid"":""546"",""ref"":""546"",""emotion"":0}]",,TAIKOU_bio_546,德川家臣。吉久之子。在三河一向一揆時以門徒之身在野羽城閉城而戰，但在平定之後被赦免，回到原職。在三方原合戰徹底敗戰時，用槍柄鞭打家康所騎乘的馬，強迫家康逃至濱松城，然後自己成為家康的替死者，壯烈地面臨了死亡。
lord_tk5_547,547,547,,锅岛胜茂,鍋島勝茂,锅岛,胜茂,Nabeshima Katsushige,saikai,1,1580,1594,1657,病死,lord_tk5_548,,,lord_tk5_844,lord_tk5_548|lord_tk5_844,只限武将,80,80,普通,胆小,理想,轻率,普通,42,南蛮物,普通,普通,藤原氏,刀剑,51,47,50,41,59,1,2,2,1,1,1,2,0,0,1,0,0,1,0,0,0,无,强袭,无,无要求,,,未登场,锅岛胜茂,足轻组头,陪臣（锅岛直茂）,龙造寺家,clan_nabeshima_1,佐嘉城,无,未登场,锅岛胜茂,足轻组头,陪臣（锅岛直茂）,龙造寺家,clan_nabeshima_1,佐嘉城,无,未登场,锅岛胜茂,足轻组头,陪臣（锅岛直茂）,龙造寺家,clan_nabeshima_1,佐嘉城,无,未登场,锅岛胜茂,足轻组头,陪臣（锅岛直茂）,龙造寺家,clan_nabeshima_1,佐嘉城,无,未登场,锅岛胜茂,足轻组头,陪臣（锅岛直茂）,龙造寺家,clan_nabeshima_1,佐嘉城,无,已登场,锅岛胜茂,家老,直臣,锅岛家,clan_nabeshima_1,佐贺城,无,未登场,锅岛胜茂,足轻组头,陪臣（锅岛直茂）,龙造寺家,佐嘉城,无,未登场,锅岛胜茂,足轻组头,陪臣（锅岛直茂）,龙造寺家,佐嘉城,无,已登场,锅岛胜茂,浪人,其他,无,奈良之町,无,,"[{""stage"":"""",""tkid"":""547"",""ref"":""547"",""emotion"":0}]",,TAIKOU_bio_547,豐臣家家臣。直茂的嫡子。在朝鮮出兵時隨著父親參戰而建立了戰功。在關原合戰時隸屬於西軍，參加了伏見城攻擊等行動。西軍戰敗後，透過黑田長政向德川家康謝罪，並且建立了攻擊立花宗茂的築後柳川城的戰功，使得自己的所屬領地獲得了保障。
lord_tk5_548,548,548,,锅岛直茂,鍋島直茂,锅岛,直茂,Nabeshima Naoshige,saikai,1,1538,1554,1618,病死,lord_tk5_844,,lord_tk5_1203,,lord_tk5_547|lord_tk5_844,只限武将,70,70,普通,勇敢,现实,普通,普通,85,南蛮物,贪心,普通,藤原氏,刀剑,81,55,86,87,64,3,3,3,2,1,2,3,0,3,2,2,3,2,4,2,1,威吓,强袭，拔突，急所击，铁壁，丢钱,策士,一般条件,,,已登场,锅岛直茂,部将,直臣,龙造寺家,clan_nabeshima_1,佐嘉城,无,已登场,锅岛直茂,侍大将,直臣,龙造寺家,clan_nabeshima_1,佐嘉城,无,已登场,锅岛直茂,部将,直臣,龙造寺家,clan_nabeshima_1,佐嘉城,无,已登场,锅岛直茂,部将,直臣,龙造寺家,clan_nabeshima_1,佐嘉城,无,已登场,锅岛直茂,家老,直臣,龙造寺家,clan_nabeshima_1,佐嘉城,无,已登场,锅岛直茂,大名,首领,锅岛家,clan_nabeshima_1,佐贺城,无,未登场,锅岛直茂,侍大将,陪臣（锅岛清房）,龙造寺家,佐嘉城,无,已登场,锅岛直茂,家老,直臣,龙造寺家,佐嘉城,无,已登场,锅岛直茂,浪人,其他,无,鹿儿岛之町,无,,"[{""stage"":"""",""tkid"":""548"",""ref"":""548"",""emotion"":0}]",,TAIKOU_bio_548,龍造寺家臣。清房之子。智勇雙全，救主家於危難之中，建立了稱霸肥前的基礎。隆信去世後，輔佐幼主政家處置國政。直茂受到豐臣秀吉的器重，權力逐漸加強，成為肥前實質的領主。
lord_tk5_549,549,549|1176,,吕宋助左卫门,呂宋助左衛門|纳屋助左卫门|納屋助左衛門,吕宋,助左卫门,Ruzon Sukezaemon,kinai,1,1546,1560,1612,病死,,,,,,武将以外优先,75,75,普通,勇敢,理想,轻率,不重情义,88,南蛮物,贪心,普通,其他,刀剑,34,62,64,71,83,0,0,0,3,0,2,0,2,2,0,3,4,2,4,2,2,无,强袭，拔突，二连苦无，铁壁，丢钱，贿赂,无,无要求,,,未登场,纳屋助左卫门,见习,直臣,纳屋,clan_imai_1,堺之町,无,已登场,纳屋助左卫门,见习,直臣,纳屋,clan_imai_1,堺之町,无,已登场,纳屋助左卫门,见习,直臣,纳屋,clan_imai_1,堺之町,无,已登场,纳屋助左卫门,见习,直臣,纳屋,clan_imai_1,堺之町,无,已登场,纳屋助左卫门,见习,直臣,纳屋,clan_imai_1,堺之町,无,已登场,吕宋助左卫门,浪人,其他,无,,堺之町,无,未登场,纳屋助左卫门,浪人,其他,无,堺之町,无,已登场,纳屋助左卫门,见习,直臣,纳屋,堺之町,无,已登场,纳屋助左卫门,浪人,其他,无,直江津之町,无,"[{""stage"":""商"",""tkid"":""549"",""ref"":"""",""emotion"":1},{""stage"":""绅"",""tkid"":""1176"",""ref"":"""",""emotion"":1}]","[{""stage"":""商"",""tkid"":""549"",""ref"":""549"",""emotion"":1},{""stage"":""绅"",""tkid"":""1176"",""ref"":""1176"",""emotion"":1}]",,TAIKOU_bio_549,界的豪商。起初在今井宗久的納屋工作。因為與呂宋島進行交易成功而獲得了鉅富，被稱為「呂宋助左衛門」。貨品中有像呂宋壺這樣的高價茶器，此類茶器也深受秀吉喜愛。據說因為生活太過奢侈而使秀吉不悅，而逐漸沒落，後來逃到了柬埔寨。
lord_tk5_550,550,550,,成田氏长,成田氏長,成田,氏长,Narita Ujinaga,kanto,1,1542,1556,1595,病死,lord_tk5_552,,,成田亲泰,lord_tk5_551|lord_tk5_552|lord_tk5_868,全职种,82,82,普通,胆小,普通,慎重,不重情义,77,书籍,贪心,嗜酒如命,藤原氏,刀剑,62,47,50,62,57,1,0,2,1,0,1,0,1,1,1,1,1,0,2,0,0,无,强袭,无,无要求,,,未登场,成田氏长,部将,陪臣（成田长泰）,北条家,clan_narita_1,忍城,无,已登场,成田氏长,侍大将,陪臣（成田长泰）,长尾家,clan_narita_2,忍城,无,已登场,成田氏长,城主,直臣,北条家,clan_narita_1,忍城,无,已登场,成田氏长,城主,直臣,北条家,clan_narita_1,忍城,无,已登场,成田氏长,城主,直臣,北条家,clan_narita_1,忍城,无,已死亡,成田氏长,无效,无效,无,clan_tokugawa_1,无效,无,未登场,成田氏长,侍大将,陪臣（成田长泰）,上杉家,忍城,无,已登场,成田氏长,城主,直臣,北条家,忍城,无,已登场,成田氏长,浪人,其他,无,长滨之町,无,,"[{""stage"":"""",""tkid"":""550"",""ref"":""550"",""emotion"":0}]",,TAIKOU_bio_550,北條家臣。長泰嫡子，忍城主。豐臣秀吉進攻小田原時在小田原城駐守。其間，居城受到石田三成的水攻，但經過抵抗保住了城池。主家滅亡後侍奉蒲生氏鄉。據傳從很早時候起就私通秀吉。
lord_tk5_551,551,551,,成田长忠,成田長忠,成田,长忠,Narita Nagatada,kanto,1,1550,1564,1616,病死,lord_tk5_552,,,成田亲泰,lord_tk5_550|lord_tk5_552|lord_tk5_868,全职种,80,80,普通,胆小,普通,慎重,普通,40,艺术品,普通,普通,藤原氏,刀剑,47,40,55,55,56,1,0,0,1,0,1,1,0,0,1,0,0,1,0,0,1,无,强袭,无,无要求,,,未登场,成田长忠,侍大将,陪臣（成田氏长）,北条家,clan_narita_1,忍城,无,未登场,成田长忠,足轻组头,陪臣（成田长泰）,长尾家,clan_narita_2,忍城,无,已登场,成田长忠,侍大将,陪臣（成田氏长）,北条家,clan_narita_1,忍城,无,已登场,成田长忠,侍大将,陪臣（成田氏长）,北条家,clan_narita_1,忍城,无,已登场,成田长忠,侍大将,陪臣（成田氏长）,北条家,clan_narita_1,忍城,无,已登场,成田长忠,城主,直臣,德川家,clan_tokugawa_1,乌山城,无,未登场,成田长忠,侍大将,陪臣（成田长泰）,上杉家,忍城,无,已登场,成田长忠,侍大将,陪臣（成田氏长）,北条家,忍城,无,已登场,成田长忠,浪人,其他,无,长滨之町,无,,"[{""stage"":"""",""tkid"":""551"",""ref"":""551"",""emotion"":0}]",,TAIKOU_bio_551,北條家臣。忍城主。長泰次子，氏長之弟。豐臣秀吉討伐小田原時，與兄長一起守小田原城。主家滅亡後改仕蒲生氏鄉。兄長故後，繼承所遺領地做了下野烏山城主。關原之戰時隸屬東軍，也參加了大阪之戰。
lord_tk5_552,552,552,,成田长泰,成田長泰,成田,长泰,Narita Nagayasu,tokai,1,1493,1554,1571,病死,成田亲泰,,,,lord_tk5_550|lord_tk5_551|lord_tk5_868,全职种,80,80,普通,胆小,现实,轻率,不重情义,79,武具,贪心,普通,藤原氏,刀剑,56,55,56,41,60,1,1,0,0,0,0,0,0,0,1,0,0,1,2,0,0,无,强袭,无,无要求,,,已登场,成田长泰,城主,直臣,北条家,clan_narita_2,忍城,无,已登场,成田长泰,城主,直臣,长尾家,clan_narita_2,忍城,无,已登场,成田长泰,浪人,其他,无,clan_narita_1,骏府之町,无,已死亡,成田长泰,无效,无效,无,clan_narita_1,无效,无,已死亡,成田长泰,无效,无效,无,clan_narita_1,无效,无,已死亡,成田长泰,无效,无效,无,clan_tokugawa_1,无效,无,已登场,成田长泰,城主,直臣,上杉家,忍城,无,已死亡,成田长泰,无效,无效,无,无效,无,已登场,成田长泰,浪人,其他,无,长滨之町,无,,"[{""stage"":"""",""tkid"":""552"",""ref"":""552"",""emotion"":0}]",,TAIKOU_bio_552,山內上杉家臣。忍城主。「武藏四家」本地武士之首成田親泰之子。主家滅亡後，歸屬上杉謙信。但因參拜鶴岡八幡宮時惹惱謙信而叛離，後歸屬北條家。
lord_tk5_553,553,553,,成松信胜,成松信勝,成松,信胜,Narinatsu Nobukatsu,saikai,1,1545,1559,1584,战死,,,,,,只限武将,60,60,普通,勇敢,普通,轻率,重视情义,41,武具,无欲,普通,其他,刀剑,67,79,28,54,64,2,3,2,1,0,3,2,1,0,0,0,0,0,0,0,0,无,强袭，连续斩，拔突，刚力，铁壁,无,无要求,,,未登场,成松信胜,侍大将,直臣,龙造寺家,clan_ryuzoji_1,佐嘉城,无,已登场,成松信胜,侍大将,直臣,龙造寺家,clan_ryuzoji_1,佐嘉城,无,已登场,成松信胜,侍大将,直臣,龙造寺家,clan_ryuzoji_1,佐嘉城,无,已登场,成松信胜,侍大将,直臣,龙造寺家,clan_ryuzoji_1,佐嘉城,无,已登场,成松信胜,侍大将,直臣,龙造寺家,clan_ryuzoji_1,佐嘉城,无,已死亡,成松信胜,无效,无效,无,,无效,无,未登场,成松信胜,侍大将,直臣,龙造寺家,佐嘉城,无,已登场,成松信胜,侍大将,直臣,龙造寺家,佐嘉城,无,已登场,成松信胜,当家,首领,杂货屋,赤间关之町,无,,"[{""stage"":"""",""tkid"":""553"",""ref"":""553"",""emotion"":0}]",,TAIKOU_bio_553,龍造寺家臣。龍造寺四天王之一，是隆信的親信。今山之戰時，攻擊大友軍的總指揮有功，獲隆信領發軍功獎狀。沖田綴之戰中任軍奉行參戰，聞知隆信陣亡後，衝入敵陣戰亡。
lord_tk5_554,554,554,,成富茂安,,成富,茂安,Narutomi Shigeaki,saikai,1,1560,1574,1634,病死,,,,,,只限武将,60,60,普通,普通,普通,普通,普通,33,武具,普通,普通,其他,刀剑,70,62,79,52,66,2,2,2,1,1,1,2,0,3,4,2,2,1,2,1,0,土龙攻,强袭,无,无要求,,,未登场,成富茂安,足轻组头,直臣,龙造寺家,clan_ryuzoji_1,佐嘉城,无,未登场,成富茂安,足轻组头,直臣,龙造寺家,clan_ryuzoji_1,佐嘉城,无,未登场,成富茂安,足轻组头,直臣,龙造寺家,clan_ryuzoji_1,佐嘉城,无,已登场,成富茂安,足轻组头,直臣,龙造寺家,clan_ryuzoji_1,佐嘉城,无,已登场,成富茂安,足轻大将,直臣,龙造寺家,clan_ryuzoji_1,佐嘉城,无,已登场,成富茂安,家老,直臣,锅岛家,clan_nabeshima_1,佐贺城,无,未登场,成富茂安,足轻组头,直臣,龙造寺家,佐嘉城,无,已登场,成富茂安,足轻大将,直臣,龙造寺家,佐嘉城,无,已登场,成富茂安,浪人,其他,无,博多之町,无,,"[{""stage"":"""",""tkid"":""554"",""ref"":""554"",""emotion"":0}]",,TAIKOU_bio_554,龍造寺家臣。信種次子。１７歲初經戰陣的勇將，在各地的會戰中多次立功。在豐臣秀吉攻打薩摩戰鬥中也立下功勳，其勇猛獲得了認可。後來侍奉鍋島直茂之子勝茂，在土木建設和水利事業等方面發揮了作用。
lord_tk5_555,555,555,,南部利直,,南部,利直,Nanbu Toshinao,ou,1,1576,1590,1632,病死,lord_tk5_556,,,lord_tk5_74,lord_tk5_74|lord_tk5_556,只限武将,65,65,温和,普通,普通,普通,普通,48,书籍,普通,普通,源氏,刀剑,61,44,76,70,67,2,3,0,0,0,1,1,0,0,2,3,1,1,2,1,1,无,强袭,无,一般条件,,,未登场,南部利直,足轻组头,陪臣（南部信直）,南部家,clan_nanbu_2,三户城,无,未登场,南部利直,足轻组头,陪臣（南部信直）,南部家,clan_nanbu_2,三户城,无,未登场,南部利直,足轻组头,陪臣（南部信直）,南部家,clan_nanbu_2,三户城,无,未登场,南部利直,足轻组头,陪臣（南部信直）,南部家,clan_nanbu_2,三户城,无,未登场,南部利直,足轻组头,直臣,南部家,clan_nanbu_2,三户城,无,已登场,南部利直,家老,直臣,南部家,clan_nanbu_2,盛冈城,无,未登场,南部利直,足轻组头,陪臣（南部信直）,南部家,三户城,无,未登场,南部利直,足轻组头,直臣,南部家,三户城,无,已登场,南部利直,大名,首领,南部家,会津若松城,无,,"[{""stage"":"""",""tkid"":""555"",""ref"":""555"",""emotion"":0}]",,TAIKOU_bio_555,南部家第２７代領主。信直嫡子。父親故去後繼承了家業，謁見豐臣秀賴。上杉景勝叛亂時，奉家康之命出兵，救援了最上家。隨後，因國內暴動回國，實現了平定內亂之後，建立了南部藩的基礎。
lord_tk5_556,556,556,,南部信直,,南部,信直,Nanbu Nobunao,ou,1,1546,1560,1599,病死,lord_tk5_74,,,南部政康,lord_tk5_74|lord_tk5_555|lord_tk5_557,只限武将,70,70,普通,勇敢,普通,普通,普通,80,艺术品,贪心,普通,源氏,刀剑,72,54,69,68,65,2,3,1,0,2,2,3,0,2,1,2,1,3,3,1,0,无,强袭，拔突，刚弓，铁壁,无,一般条件,,,未登场,南部信直,部将,陪臣（南部晴政）,南部家,clan_nanbu_2,三户城,无,已登场,南部信直,部将,直臣,南部家,clan_nanbu_2,三户城,无,已登场,南部信直,家老,直臣,南部家,clan_nanbu_2,三户城,无,已登场,南部信直,家老,直臣,南部家,clan_nanbu_2,三户城,无,已登场,南部信直,大名,首领,南部家,clan_nanbu_2,三户城,无,已登场,南部信直,大名,首领,南部家,clan_nanbu_2,盛冈城,无,未登场,南部信直,家老,直臣,南部家,三户城,无,已登场,南部信直,大名,首领,南部家,三户城,无,已登场,南部信直,家老,直臣,南部家,会津若松城,无,,"[{""stage"":"""",""tkid"":""556"",""ref"":""556"",""emotion"":0}]",,TAIKOU_bio_556,南部家第２６代領主。石川高信之子。雖為南部晴政義子，但後出生的晴政嫡子晴繼繼位。後因晴繼突亡而繼承家督。雖為九戶政實的叛亂所攪，但得到豐臣秀吉的幫助，推進了統一領地的事業。
lord_tk5_557,557,557,,南部晴政,,南部,晴政,Nanbu Harumasa,ou,1,1517,1554,1582,病死,南部政康,,,,lord_tk5_74|lord_tk5_556,只限武将,65,65,温和,勇敢,普通,普通,普通,69,武具,无欲,普通,源氏,刀剑,75,76,60,54,81,3,3,0,1,2,2,3,0,0,1,1,1,1,1,0,1,无,强袭，拔突，刚弓，铁壁,无,一般条件,,,已登场,南部晴政,大名,首领,南部家,clan_nanbu_1,三户城,无,已登场,南部晴政,大名,首领,南部家,clan_nanbu_1,三户城,无,已登场,南部晴政,大名,首领,南部家,clan_nanbu_1,三户城,无,已登场,南部晴政,大名,首领,南部家,clan_nanbu_1,三户城,无,已死亡,南部晴政,无效,无效,无,clan_nanbu_2,无效,无,已死亡,南部晴政,无效,无效,无,clan_nanbu_2,无效,无,已登场,南部晴政,大名,首领,南部家,三户城,无,已死亡,南部晴政,无效,无效,无,无效,无,已登场,南部晴政,家老,直臣,南部家,会津若松城,无,,"[{""stage"":"""",""tkid"":""557"",""ref"":""557"",""emotion"":0}]",,TAIKOU_bio_557,南部家第２４代領主。安信之子。蒙將軍足利義晴賜字，取名晴政。他以三戶城為根據地，建立了廣大的版圖，其南部領地就像月牙兒變滿月一樣得到了擴充。他也留心京都的局勢，並向織田信長獻上飛鷹與駿馬。
lord_tk5_558,558,558,,新纳忠元,新納忠元,新纳,忠元,Niro Tadamoto,saikai,1,1526,1560,1610,病死,,,,,,只限武将,30,30,普通,勇敢,普通,轻率,普通,52,武具,普通,普通,源氏,刀剑,71,76,42,76,67,3,2,2,0,0,0,3,0,0,0,1,1,3,3,1,1,钓野伏,强袭,无,一般条件,,,已登场,新纳忠元,部将,直臣,岛津家,clan_shimazu_1,内城,无,已登场,新纳忠元,侍大将,直臣,岛津家,clan_shimazu_1,内城,无,已登场,新纳忠元,部将,直臣,岛津家,clan_shimazu_1,内城,无,已登场,新纳忠元,部将,直臣,岛津家,clan_shimazu_1,内城,无,已登场,新纳忠元,部将,直臣,岛津家,clan_shimazu_1,内城,无,已登场,新纳忠元,家老,直臣,岛津家,clan_shimazu_2,内城,无,已登场,新纳忠元,部将,直臣,岛津家,内城,无,已登场,新纳忠元,部将,直臣,岛津家,内城,无,已登场,新纳忠元,浪人,其他,无,宇须岸之町,无,,"[{""stage"":"""",""tkid"":""558"",""ref"":""558"",""emotion"":0}]",,TAIKOU_bio_558,島津家臣。武藏守。在眾多戰鬥中立下無數戰功，被譽為「鬼武藏」。在島津家經堂留名的島津四猛將之一。投降秀吉的九州討伐軍後，進見秀吉時仍威武毅然，令人感動。
lord_tk5_559,559,559,,西川仁右卫门,西川仁右衛門,西川,仁右卫门,Nishikawa Jin-emon,kinai,1,1549,1563,1644,病死,,,,,,武将以外优先,30,30,温和,勇敢,现实,普通,重视情义,55,艺术品,贪心,普通,其他,枪,24,22,63,70,58,0,0,0,0,1,0,0,1,3,1,0,4,2,3,2,1,无,拔突，丢钱，贿赂,无,无要求,,,未登场,西川仁右卫门,浪人,其他,无,,目加田之町,无,已登场,西川仁右卫门,浪人,其他,无,,目加田之町,无,已登场,西川仁右卫门,浪人,其他,无,,目加田之町,无,已登场,西川仁右卫门,当家,首领,山形屋,clan_nishikawa_1,目加田之町,无,已登场,西川仁右卫门,当家,首领,山形屋,clan_nishikawa_1,安土之町,无,已登场,西川仁右卫门,当家,首领,山形屋,clan_nishikawa_1,安土之町,无,未登场,西川仁右卫门,浪人,其他,无,目加田之町,无,已登场,西川仁右卫门,当家,首领,山形屋,安土之町,无,已登场,西川仁右卫门,家老,直臣,西园寺家,山形城,无,,"[{""stage"":"""",""tkid"":""559"",""ref"":""559"",""emotion"":0}]",,TAIKOU_bio_559,近江的商人。店名為「山形屋」。在豐臣秀次把近江八幡城的城下町規劃成樂市樂座的同時，開業經營。雖然起初販賣蚊帳及鹽漬物，但是自從八幡開始盛產疊表（草蓆的一種）之後，開始了對東海道方面展開疊表的叫賣。最後在江戶日本橋設立店面，至今都還在繼續做著買賣。
lord_tk5_560,560,560,,仁科盛信,,仁科,盛信,Nishina Morinobu,tosan,1,1557,1571,1582,战死,lord_tk5_449,,,lord_tk5_801,lord_tk5_87|lord_tk5_447|lord_tk5_448|lord_tk5_449|lord_tk5_450|lord_tk5_451|lord_tk5_453|lord_tk5_801,只限武将,61,61,性急,勇敢,普通,轻率,普通,46,武具,普通,普通,平氏,刀剑,70,74,55,41,65,2,3,2,0,2,2,2,1,1,1,1,0,1,1,1,0,无,强袭，拔突，刚弓，铁壁,无,一般条件,,,未登场,仁科盛信,侍大将,陪臣（武田信玄）,武田家,clan_takeda_1,踯躅崎馆,无,未登场,仁科盛信,侍大将,直臣,武田家,clan_takeda_1,踯躅崎馆,无,未登场,仁科盛信,侍大将,直臣,武田家,clan_takeda_1,踯躅崎馆,无,已登场,仁科盛信,城主,直臣,武田家,clan_nishina_1,高远城,无,已登场,仁科盛信,城主,直臣,武田家,clan_nishina_1,高远城,无,已死亡,仁科盛信,无效,无效,无,,无效,无,未登场,仁科盛信,侍大将,直臣,武田家,踯躅崎馆,无,已死亡,仁科盛信,无效,无效,无,无效,无,已登场,仁科盛信,浪人,其他,无,丸龟之町,无,,"[{""stage"":"""",""tkid"":""560"",""ref"":""560"",""emotion"":0}]",,TAIKOU_bio_560,武田家臣，武田信玄五子，高遠城主。繼承了信濃豪族仁科家的家統。助兄長勝賴，尊其命守高遠城。雖對織田信長進行了頑強的抵抗，但敗於信長嫡子信忠率領的大軍，自盡。
lord_tk5_561,561,561,,二曲轮猪助,二曲輪豬助,二曲轮,猪助,Nikyokurin Inosuke,kinai,1,1525,1554,1599,病死,,,,,,武将以外优先,80,80,普通,普通,现实,轻率,普通,20,武具,无欲,普通,其他,锁镰,41,75,24,63,44,2,0,1,1,1,3,1,4,0,0,0,2,0,0,0,2,城门爆破，奈落之术，雾隐之术，红莲之术,强袭，连续斩，拔突，二连苦无，半月，千鸟，横车，刚力，铁壁，分身之术,锁镰高手,无要求,,,已登场,二曲轮猪助,上忍,直臣,风魔众,clan_fuuma_1,风魔之里,无,已登场,二曲轮猪助,上忍,直臣,风魔众,clan_fuuma_1,风魔之里,无,已登场,二曲轮猪助,上忍,直臣,风魔众,clan_fuuma_1,风魔之里,无,已登场,二曲轮猪助,上忍,直臣,风魔众,clan_fuuma_1,风魔之里,无,已登场,二曲轮猪助,上忍,直臣,风魔众,clan_fuuma_1,风魔之里,无,已登场,二曲轮猪助,下忍,直臣,伊贺众,clan_igasaki_1,伊贺之里,无,已登场,二曲轮猪助,上忍,直臣,风魔众,风魔之里,无,已登场,二曲轮猪助,上忍,直臣,风魔众,风魔之里,无,已登场,二曲轮猪助,家老,直臣,二阶堂家,金泽城,无,,"[{""stage"":"""",""tkid"":""561"",""ref"":""561"",""emotion"":0}]",,TAIKOU_bio_561,風魔忍者。出身來歷不明。除了是忍術的名人之外，也是風魔黨中數一數二的飛毛腿。受風魔小次郎的命令而隸屬於北條氏康麾下，活躍於潛入敵城做諜報活動等行動。據說在北條家滅亡之後，此人前往伊賀傳承風魔的忍術。
lord_tk5_562,562,562,,二宫就辰,二宮就辰,二宫,就辰,Ninomiya Narutoki,sanyo,1,1541,1555,1599,病死,lord_tk5_722,,,,lord_tk5_263|lord_tk5_264|lord_tk5_265|lord_tk5_314|lord_tk5_316|lord_tk5_370|lord_tk5_622|lord_tk5_720|lord_tk5_721|lord_tk5_722|lord_tk5_828,全职种,36,36,温和,普通,普通,慎重,重视情义,14,书籍,无欲,普通,其他,刀剑,40,24,69,47,67,0,0,0,0,0,0,0,0,3,2,3,2,1,1,1,1,无,强袭,无,无要求,,,未登场,二宫就辰,足轻大将,直臣,毛利家,clan_mori_1,吉田郡山城,无,已登场,二宫就辰,足轻组头,直臣,毛利家,clan_mori_1,吉田郡山城,无,已登场,二宫就辰,足轻大将,直臣,毛利家,clan_mori_1,吉田郡山城,无,已登场,二宫就辰,足轻大将,直臣,毛利家,clan_mori_2,吉田郡山城,无,已登场,二宫就辰,足轻大将,直臣,毛利家,clan_mori_2,吉田郡山城,无,已登场,二宫就辰,部将,直臣,毛利家,clan_mori_2,广岛城,无,未登场,二宫就辰,足轻大将,直臣,毛利家,吉田郡山城,无,已登场,二宫就辰,足轻大将,直臣,毛利家,吉田郡山城,无,已登场,二宫就辰,家老,直臣,二阶堂家,金泽城,无,,"[{""stage"":"""",""tkid"":""562"",""ref"":""562"",""emotion"":0}]",,TAIKOU_bio_562,毛利家臣。春久之子。善於理財，處事廉潔。傳說是毛利元就的私生子。就任毛利輝元的奉行後，處置領地的所有政務。在廣島城及其屬城的建設中擔任營造奉行貢獻心力。
lord_tk5_563,563,563,,二本松义继,二本松義繼,二本松,义继,Nihonmatsu Yoshitsugu,ou,1,1552,1566,1585,战死,,,,,,只限武将,15,15,普通,普通,普通,轻率,不重情义,56,艺术品,普通,普通,源氏,刀剑,42,37,50,45,53,0,1,2,0,0,0,0,0,0,0,0,2,1,0,1,1,无,强袭,无,无要求,,,未登场,二本松义继,城主,直臣,芦名家,clan_ashina_1,二本松城,无,未登场,二本松义继,城主,直臣,芦名家,clan_ashina_1,二本松城,无,已登场,二本松义继,城主,直臣,芦名家,clan_ashina_1,二本松城,无,已登场,二本松义继,城主,直臣,芦名家,clan_ashina_1,二本松城,无,已登场,二本松义继,城主,直臣,芦名家,clan_ashina_2,二本松城,无,已死亡,二本松义继,无效,无效,无,,无效,无,未登场,二本松义继,城主,直臣,芦名家,二本松城,无,已登场,二本松义继,城主,直臣,芦名家,二本松城,无,已登场,二本松义继,部将,直臣,二阶堂家,金泽城,无,,"[{""stage"":"""",""tkid"":""563"",""ref"":""563"",""emotion"":0}]",,TAIKOU_bio_563,二本松田山家１４代領主。義國之子。因包庇與伊達政宗相爭的大內定綱而受到攻擊。雖然投降政宗並前往和談，但會談結束後劫持了政宗之父輝宗。逃走途中被政宗軍追上，與輝宗互刺身亡。
lord_tk5_564,564,564,,丹羽长重,丹羽長重,丹羽,长重,Niwa Nagashige,hokuriku,1,1571,1585,1637,病死,lord_tk5_565,,,,lord_tk5_565,只限武将,15,20,温和,胆小,普通,普通,普通,56,艺术品,普通,普通,平氏,刀剑,53,41,42,38,30,2,1,0,0,0,1,1,1,0,0,0,1,0,2,1,0,无,强袭,无,无要求,,,未登场,丹羽长重,足轻组头,陪臣（丹羽长秀）,织田家,clan_niwa_1,清洲城,无,未登场,丹羽长重,足轻组头,陪臣（丹羽长秀）,织田家,clan_niwa_1,清洲城,无,未登场,丹羽长重,足轻组头,陪臣（丹羽长秀）,织田家,clan_niwa_1,岐阜城,无,未登场,丹羽长重,足轻组头,陪臣（丹羽长秀）,织田家,clan_niwa_1,佐和山城,无,未登场,丹羽长重,足轻组头,陪臣（丹羽长秀）,织田家,clan_niwa_1,佐和山城,无,已登场,丹羽长重,大名,首领,丹羽家,clan_niwa_1,小松城,无,未登场,丹羽长重,足轻组头,陪臣（丹羽长秀）,织田家,那古野城,无,已登场,丹羽长重,家老,直臣,丹羽家,北之庄城,无,已登场,丹羽长重,浪人,其他,无,长滨之町,无,,"[{""stage"":"""",""tkid"":""564"",""ref"":""564"",""emotion"":0}]",,TAIKOU_bio_564,丹羽長秀之子。陸奧白川城主。在賤岳之戰中建立了戰功，同時也參戰隔年的小牧之戰。雖在父親死後繼承了遺領，但在九州之陣因為觸犯了軍律而減封。秀吉死後改侍德川家康，被任命監視前田利長。
lord_tk5_565,565,565,,丹羽长秀,丹羽長秀,丹羽,长秀,Niwa Nagahide,kinai,1,1535,1554,1585,病死,,,,,lord_tk5_564,只限武将,10,10,温和,普通,普通,普通,普通,40,武具,无欲,普通,平氏,刀剑,77,56,81,70,75,3,2,2,0,0,2,2,0,4,3,1,3,1,2,2,1,紧急修补,强袭，拔突，铁壁，丢钱,无,一般条件,,,已登场,丹羽长秀,家老,直臣,织田家,clan_niwa_1,清洲城,无,已登场,丹羽长秀,家老,直臣,织田家,clan_niwa_1,清洲城,无,已登场,丹羽长秀,家老,直臣,织田家,clan_niwa_1,岐阜城,无,已登场,丹羽长秀,城主,直臣,织田家,clan_niwa_1,佐和山城,无,已登场,丹羽长秀,城主,直臣,织田家,clan_niwa_1,佐和山城,无,已死亡,丹羽长秀,无效,无效,无,clan_niwa_1,无效,无,已登场,丹羽长秀,侍大将,直臣,织田家,那古野城,无,已登场,丹羽长秀,大名,首领,丹羽家,北之庄城,无,已登场,丹羽长秀,浪人,其他,无,长滨之町,无,,"[{""stage"":"""",""tkid"":""565"",""ref"":""565"",""emotion"":0}]",,TAIKOU_bio_565,織田家臣。性格認真，人稱「米五郎左」。執行安土城的施工，在行政方面較為活躍。本能寺事變後，歸屬秀吉，領有越前北莊１２０萬石。
lord_tk5_566,566,566,,温井景隆,溫井景隆,温井,景隆,Nukui Kagetaka,hokuriku,1,1532,1554,1582,病死,,,,,,只限武将,90,90,性急,勇敢,普通,轻率,普通,72,书籍,无欲,普通,藤原氏,刀剑,51,31,60,68,64,1,2,1,0,0,0,0,0,1,0,0,0,1,1,0,0,无,强袭,无,无要求,,,已登场,温井景隆,家老,直臣,畠山家,clan_notohatakeyama_1,七尾城,无,已登场,温井景隆,侍大将,直臣,畠山家,clan_notohatakeyama_1,七尾城,无,已登场,温井景隆,家老,直臣,长家,clan_cho_1,七尾城,无,已登场,温井景隆,家老,直臣,长家,clan_cho_1,七尾城,无,已登场,温井景隆,侍大将,陪臣（中条景泰）,上杉家,clan_chujou_1,鱼津城,无,已死亡,温井景隆,无效,无效,无,,无效,无,已登场,温井景隆,家老,直臣,畠山家,七尾城,无,已死亡,温井景隆,无效,无效,无,无效,无,已登场,温井景隆,浪人,其他,无,足利之町,无,,"[{""stage"":"""",""tkid"":""566"",""ref"":""566"",""emotion"":0}]",,TAIKOU_bio_566,田山家臣，後為織田家臣。續宗之子。祖父總貞因被田山義綱誅殺而逃亡，義綱被流放後返回。主家沒落後侍奉上杉謙信，謙信故後侍奉織田家。本能寺事變後，舉兵圖謀收復領地，兵敗身亡。
lord_tk5_567,567,567,,沼田祐光,,沼田,祐光,Numata Sukemitsu,ou,1,1538,1554,1612,病死,,,,,,全职种,96,96,普通,普通,普通,普通,普通,68,艺术品,贪心,嗜酒如命,平氏,刀剑,59,58,70,79,69,2,2,1,0,1,1,3,0,1,1,0,2,1,2,0,2,无,强袭,策士,无要求,,,已登场,沼田祐光,足轻组头,陪臣（细川藤孝）,足利家,clan_hosokawa_1,朽木谷城,无,已登场,沼田祐光,浪人,其他,无,,弘前之町,无,已登场,沼田祐光,足轻组头,陪臣（大浦为信）,南部家,clan_tsugaru_1,大浦城,无,已登场,沼田祐光,足轻组头,陪臣（津轻为信）,南部家,clan_tsugaru_1,大浦城,无,已登场,沼田祐光,足轻大将,陪臣（津轻为信）,南部家,clan_tsugaru_1,大浦城,无,已登场,沼田祐光,家老,直臣,津轻家,clan_tsugaru_1,大浦城,无,未登场,沼田祐光,足轻组头,陪臣（细川藤孝）,足利家,朽木谷城,无,已登场,沼田祐光,足轻大将,直臣,津轻家,大浦城,无,已登场,沼田祐光,浪人,其他,无,甲府之町,无,,"[{""stage"":"""",""tkid"":""567"",""ref"":""567"",""emotion"":0}]",,TAIKOU_bio_567,津輕家臣。師出上野治田，亦稱上野之助。原先侍奉將軍家臣細川藤孝。為修行武士遊學全日本時，看中了為信的器量而出任軍師，發揮了才能。為為信統一津輕做出了很大貢獻。
lord_tk5_568,568,568,,根岸兔角,根岸兎角,根岸,兔角,Negishi Tokaku,saikai,1,1556,1570,1615,病死,,,,,,全职种,80,80,普通,普通,现实,轻率,不重情义,64,武具,普通,普通,其他,刀剑,10,86,16,20,18,0,0,0,0,0,4,2,3,0,0,0,0,0,0,0,0,刺杀,强袭，连续斩，八神太刀，一之太刀，拔突，二连苦无，半月，神妙剑，当身，刚力，金刚力，铁壁，气声，辱骂，大喝，炯眼，罗刹,剑豪,一般条件,,,未登场,根岸兔角,浪人,其他,无,,鹿岛之町,一羽流,未登场,根岸兔角,浪人,其他,无,,鹿岛之町,一羽流,未登场,根岸兔角,浪人,其他,无,,鹿岛之町,一羽流,已登场,根岸兔角,浪人,其他,无,,鹿岛之町,一羽流,已登场,根岸兔角,浪人,其他,无,,鹿岛之町,一羽流,已登场,根岸兔角,足轻组头,直臣,黑田家,clan_kuroda_1,中津城,微尘流,未登场,根岸兔角,浪人,其他,无,鹿岛之町,一羽流,已登场,根岸兔角,浪人,其他,无,鹿岛之町,一羽流,已登场,根岸兔角,上忍,直臣,外闻众,外闻之里,一羽流,,"[{""stage"":"""",""tkid"":""568"",""ref"":""568"",""emotion"":0}]",,TAIKOU_bio_568,劍術家。拜師師岡一羽學習劍術。之後捨棄了生了重病的師父，自己到江戶開了名為「微塵流」的道場。為此所怒的同門‧岩間小熊對其要求決鬥。在長盤橋上決鬥，卻被打敗摔落橋下的河川。據說此人後來逃往了西國。
lord_tk5_569,569,569,,祢寝重长,禰寢重長,祢寝,重长,Nenei Shigenaga,saikai,1,1536,1554,1580,病死,,,,,,只限武将,80,80,普通,普通,普通,普通,普通,50,武具,无欲,普通,平氏,刀剑,56,29,76,58,59,2,1,1,0,0,0,1,0,1,3,1,2,2,2,1,1,无,强袭,无,无要求,,,已登场,祢寝重长,足轻组头,直臣,肝付家,clan_kimotsuki_1,大隅高山城,无,已登场,祢寝重长,足轻组头,直臣,肝付家,clan_kimotsuki_1,大隅高山城,无,已登场,祢寝重长,足轻组头,直臣,肝付家,clan_kimotsuki_1,大隅高山城,无,已登场,祢寝重长,足轻组头,直臣,岛津家,clan_shimazu_1,内城,无,已死亡,祢寝重长,无效,无效,无,,无效,无,已死亡,祢寝重长,无效,无效,无,,无效,无,未登场,祢寝重长,足轻组头,直臣,肝付家,大隅高山城,无,已死亡,祢寝重长,无效,无效,无,无效,无,已登场,祢寝重长,浪人,其他,无,长滨之町,无,,"[{""stage"":"""",""tkid"":""569"",""ref"":""569"",""emotion"":0}]",,TAIKOU_bio_569,大隅的豪族。根佔領主，禰寢家第１６代家主。歸屬肝付氏，與薩摩的島津義久作戰。之後，因與島津家單獨講和而招致肝付軍的攻擊，後得到義久的援軍幫助得以擊退。進行與明朝的交易，從事產業振興之事。
lord_tk5_570,570,570,,根津甚八,,根津,甚八,Nezu Jinpachi,tokai,1,1573,1587,1615,战死,,,,,,全职种,49,49,普通,勇敢,理想,轻率,重视情义,55,南蛮物,无欲,普通,源氏,刀剑,31,76,22,46,67,1,0,2,3,1,3,1,2,0,0,0,0,0,0,0,0,焙烙,强袭，连续斩，拔突，二连苦无，刚力，铁壁,无,一般条件,,,未登场,根津甚八,浪人,其他,无,,大凑之町,无,未登场,根津甚八,浪人,其他,无,,大凑之町,无,未登场,根津甚八,浪人,其他,无,,大凑之町,无,未登场,根津甚八,浪人,其他,无,,大凑之町,无,未登场,根津甚八,浪人,其他,无,,大凑之町,无,已登场,根津甚八,水夫,直臣,熊野水军,clan_kuki_2,鸟羽之砦,无,未登场,根津甚八,浪人,其他,无,大凑之町,无,未登场,根津甚八,浪人,其他,无,大凑之町,无,已登场,根津甚八,足轻大将,直臣,八板家,姬路城,无,,"[{""stage"":"""",""tkid"":""570"",""ref"":""570"",""emotion"":0}]",,TAIKOU_bio_570,真田家臣。真田十勇士之一。根津家與真田家原本為同宗，有著同樣的先祖。他在浪跡天涯輾轉成為海賊頭領時，被受豐臣秀吉之令找尋熊野水軍的真田幸村發掘而侍奉於真田家。在仕官前，便與由利鎌之介是舊識了。
lord_tk5_571,571,571,,乃美宗胜,乃美宗勝,乃美,宗胜,Nomi Munemasa,sanyo,1,1527,1554,1592,病死,,,,,,全职种,36,36,普通,普通,普通,轻率,普通,37,艺术品,普通,嗜酒如命,平氏,刀剑,62,59,27,63,57,1,1,2,4,0,0,1,0,0,0,0,0,0,0,0,0,进水,强袭,无,无要求,,,已登场,乃美宗胜,部将,直臣,毛利家,clan_mori_1,吉田郡山城,无,已登场,乃美宗胜,侍大将,直臣,毛利家,clan_mori_1,吉田郡山城,无,已登场,乃美宗胜,部将,陪臣（小早川隆景）,毛利家,clan_kobayakawa_1,三原城,无,已登场,乃美宗胜,部将,陪臣（小早川隆景）,毛利家,clan_kobayakawa_1,三原城,无,已登场,乃美宗胜,部将,陪臣（小早川隆景）,毛利家,clan_kobayakawa_1,三原城,无,已死亡,乃美宗胜,无效,无效,无,,无效,无,已登场,乃美宗胜,侍大将,陪臣（小早川隆景）,毛利家,吉田郡山城,无,已登场,乃美宗胜,部将,陪臣（小早川隆景）,毛利家,三原城,无,已登场,乃美宗胜,浪人,其他,无,府内之町,无,,"[{""stage"":"""",""tkid"":""571"",""ref"":""571"",""emotion"":0}]",,TAIKOU_bio_571,毛利家臣。小早川氏庶流賢勝之子。做為使船高手統率了小早川的水軍。在與陶晴賢會戰嚴島時，成功地說服水軍投奔本方，為毛利軍的勝利做出了貢獻。本津川口之戰時任總指揮，殲滅織田水軍。
lord_tk5_572,572,572,,拜乡家嘉,拜鄉家嘉,拜乡,家嘉,Haikan Ieie,hokuriku,1,1538,1554,1583,战死,,,,,,只限武将,85,85,普通,普通,普通,轻率,普通,57,武具,贪心,普通,其他,刀剑,62,54,49,45,58,1,1,0,0,0,2,1,0,0,0,0,0,0,0,0,0,无,强袭，拔突，铁壁,无,无要求,,,已登场,拜乡家嘉,浪人,其他,无,,清洲之町,无,已登场,拜乡家嘉,浪人,其他,无,,清洲之町,无,已登场,拜乡家嘉,足轻组头,陪臣（柴田胜家）,织田家,clan_shibata_1,岐阜城,无,已登场,拜乡家嘉,足轻组头,陪臣（柴田胜家）,织田家,clan_shibata_1,北之庄城,无,已登场,拜乡家嘉,侍大将,陪臣（柴田胜家）,织田家,clan_shibata_1,北之庄城,无,已死亡,拜乡家嘉,无效,无效,无,,无效,无,未登场,拜乡家嘉,足轻组头,陪臣（柴田胜家）,织田家,那古野城,无,已死亡,拜乡家嘉,无效,无效,无,无效,无,已登场,拜乡家嘉,浪人,其他,无,小诸之町,无,,"[{""stage"":"""",""tkid"":""572"",""ref"":""572"",""emotion"":0}]",,TAIKOU_bio_572,柴田勝家家臣。柴田勝家依織田信長之命負責經營北陸地區時，做為征伐軍積極參與上述活動。後奉任加賀大聖奪城主，豐臣秀吉與勝家的賤岳之戰時，為勝家而陣亡。
lord_tk5_573,573,573,,垪和氏续,垪和氏續|屏和氏續,垪和,氏续,Hegawa Ujisoku,tokai,1,1522,1555,1587,病死,,,,,,只限武将,82,82,普通,普通,普通,慎重,重视情义,31,艺术品,无欲,普通,其他,刀剑,65,51,36,59,46,2,2,1,2,2,1,2,0,0,1,0,0,0,0,0,0,无,强袭，刚弓,无,无要求,,,已登场,垪和氏续,家老,直臣,北条家,clan_hojo_1,小田原城,无,已登场,垪和氏续,部将,直臣,北条家,clan_hojo_1,小田原城,无,已登场,垪和氏续,城主,直臣,北条家,clan_hojo_1,兴国寺城,无,已登场,垪和氏续,城主,直臣,北条家,clan_hojo_2,兴国寺城,无,已登场,垪和氏续,城主,直臣,北条家,clan_hojo_2,兴国寺城,无,已死亡,垪和氏续,无效,无效,无,,无效,无,已登场,垪和氏续,家老,直臣,北条家,小田原城,无,已登场,垪和氏续,城主,直臣,北条家,兴国寺城,无,已登场,垪和氏续,浪人,其他,无,严岛之町,无,,"[{""stage"":"""",""tkid"":""573"",""ref"":""573"",""emotion"":0}]",,TAIKOU_bio_573,北條家家臣。是在家臣中佔有重要地位的松山眾之一。因為今川家的衰退，甲斐武田家露出了侵略駿河的野心，因此被派去守備駿河東部的軍事要害‧興國寺城。之後此人在武田家的侵攻之下，奮力死守這座城而得到了主君‧氏政所頒發的獎狀。
lord_tk5_574,574,574,,芳贺高定,芳賀高定,芳贺,高定,Haga Takasada,kanto,1,1527,1554,1570,病死,,,,,,全职种,50,50,普通,普通,普通,慎重,不重情义,59,武具,贪心,普通,其他,刀剑,59,36,64,72,60,1,2,0,0,0,1,2,0,1,1,1,1,2,3,0,1,无,强袭,无,无要求,,,已登场,芳贺高定,家老,直臣,宇都宫家,clan_utsunomiya_1,宇都宫城,无,已登场,芳贺高定,家老,直臣,宇都宫家,clan_utsunomiya_1,宇都宫城,无,已登场,芳贺高定,家老,直臣,宇都宫家,clan_utsunomiya_1,宇都宫城,无,已死亡,芳贺高定,无效,无效,无,,无效,无,已死亡,芳贺高定,无效,无效,无,,无效,无,已死亡,芳贺高定,无效,无效,无,,无效,无,已登场,芳贺高定,家老,直臣,宇都宫家,宇都宫城,无,已死亡,芳贺高定,无效,无效,无,无效,无,已登场,芳贺高定,浪人,其他,无,严岛之町,无,,"[{""stage"":"""",""tkid"":""574"",""ref"":""574"",""emotion"":0}]",,TAIKOU_bio_574,宇都宮家臣。益子勝宗的三子。芳賀高經死後，根據主公宇都宮尚綱的意向，繼承芳賀家業。尚綱戰死後，擁立其嫡子廣綱回到宇都宮城。作為家中第一宿老，參與國政，為恢復主家勢力做出了貢獻。
lord_tk5_575,575,575,,芳贺高继,芳賀高繼,芳贺,高继,Haga Takatsugu,kanto,1,1550,1564,1592,病死,,,,,,全职种,50,50,温和,普通,现实,普通,不重情义,78,书籍,无欲,普通,其他,刀剑,49,43,60,70,62,1,1,1,0,1,1,1,0,0,2,1,1,1,2,2,1,无,强袭,无,无要求,,,未登场,芳贺高继,部将,直臣,宇都宫家,clan_utsunomiya_1,宇都宫城,无,已登场,芳贺高继,部将,直臣,宇都宫家,clan_utsunomiya_1,宇都宫城,无,已登场,芳贺高继,部将,直臣,宇都宫家,clan_utsunomiya_1,宇都宫城,无,已登场,芳贺高继,部将,直臣,宇都宫家,clan_utsunomiya_1,宇都宫城,无,已登场,芳贺高继,部将,直臣,宇都宫家,clan_utsunomiya_1,宇都宫城,无,已死亡,芳贺高继,无效,无效,无,,无效,无,未登场,芳贺高继,部将,直臣,宇都宫家,宇都宫城,无,已登场,芳贺高继,部将,直臣,宇都宫家,宇都宫城,无,已登场,芳贺高继,浪人,其他,无,会津之町,无,,"[{""stage"":"""",""tkid"":""575"",""ref"":""575"",""emotion"":0}]",,TAIKOU_bio_575,宇都宮家臣。高經的次子。由於父親的慘死逃亡至益子領，之後因芳賀高定讓家督之位於他而歸來。任宇都宮廣綱、國綱２代的輔佐役。作為宿老處置家中的內政、外交等各方面事務。
lord_tk5_576,576,576,,友野二郎兵卫,友野二郎兵衛,友野,二郎兵卫,Tomono Jiroubei,tokai,1,1520,1554,1574,病死,,,,,lord_tk5_931,武将以外优先,60,60,温和,普通,普通,慎重,重视情义,30,书籍,贪心,普通,其他,枪,17,21,60,52,37,0,0,0,0,0,0,0,1,2,1,1,3,1,3,2,1,无,拔突，丢钱，大宴宾客,风雅之士,无要求,,,已登场,友野二郎兵卫,当家,首领,友野屋,clan_tomono_1,骏府之町,无,已登场,友野二郎兵卫,当家,首领,友野屋,clan_tomono_1,骏府之町,无,已登场,友野二郎兵卫,当家,首领,友野屋,clan_tomono_1,骏府之町,无,已死亡,友野二郎兵卫,无效,无效,无,,无效,无,已死亡,友野二郎兵卫,无效,无效,无,,无效,无,已死亡,友野二郎兵卫,无效,无效,无,,无效,无,已登场,友野二郎兵卫,当家,首领,友野屋,骏府之町,无,已死亡,友野二郎兵卫,无效,无效,无,无效,无,已登场,友野二郎兵卫,侍大将,直臣,二阶堂家,金泽城,无,,"[{""stage"":"""",""tkid"":""576"",""ref"":""576"",""emotion"":0}]",,TAIKOU_bio_576,駿府的豪商。擔任今川家的御用商人。以次郎兵衛為首的「友野座」是特權商人們進行商業活動的團體。二郎兵衛被義元任命為駿府的商人頭後，其聲勢更加壯大，統整了駿河的所有商業活動，對今川家經濟發展有極大的貢獻。
lord_tk5_577,577,577,,支仓常长,支倉常長,支仓,常长,Hasekura Tsunenaga,ou,1,1571,1585,1622,病死,,,,,,全职种,62,62,普通,勇敢,理想,慎重,重视情义,56,南蛮物,无欲,普通,其他,刀剑,41,34,60,70,86,0,0,0,2,0,0,0,0,0,0,2,3,3,3,1,2,无,强袭，丢钱,无,一般条件,,,未登场,支仓常长,足轻组头,直臣,伊达家,clan_date_1,米泽城,无,未登场,支仓常长,足轻组头,直臣,伊达家,clan_date_1,米泽城,无,未登场,支仓常长,足轻组头,直臣,伊达家,clan_date_2,米泽城,无,未登场,支仓常长,足轻组头,直臣,伊达家,clan_date_2,米泽城,无,未登场,支仓常长,足轻组头,直臣,伊达家,clan_date_2,米泽城,无,已登场,支仓常长,侍大将,直臣,伊达家,clan_date_2,仙台城,无,未登场,支仓常长,足轻组头,直臣,伊达家,米泽城,无,未登场,支仓常长,足轻组头,直臣,伊达家,米泽城,无,已登场,支仓常长,浪人,其他,无,长滨之町,无,,"[{""stage"":"""",""tkid"":""577"",""ref"":""577"",""emotion"":0}]",,TAIKOU_bio_577,伊達家臣。作為慶長赴歐使節團一員訪問過西班牙，在那裡接受了洗禮。而且受到過羅馬教皇保羅５世的接見，但未取得什麼成果歸國，後失意而死。
lord_tk5_578,578,578,,畠山高政,田山高政,畠山,高政,Hatakeyama Takamasa,kinai,1,1527,1554,1576,病死,畠山政国,,,,lord_tk5_807,只限武将,0,0,性急,勇敢,理想,轻率,不重情义,83,艺术品,贪心,嗜酒如命,源氏,刀剑,32,39,42,36,28,1,1,1,1,1,1,0,0,0,0,0,0,3,1,1,0,无,强袭,无,无要求,,,已登场,畠山高政,大名,首领,畠山家,clan_hatakeyama_1,高屋城,无,已登场,畠山高政,大名,首领,畠山家,clan_hatakeyama_1,高屋城,无,已登场,畠山高政,城主,直臣,织田家,clan_hatakeyama_1,高屋城,无,已登场,畠山高政,浪人,其他,无,,杂贺之町,无,已死亡,畠山高政,无效,无效,无,,无效,无,已死亡,畠山高政,无效,无效,无,,无效,无,已登场,畠山高政,大名,首领,畠山家,高屋城,无,已死亡,畠山高政,无效,无效,无,无效,无,已登场,畠山高政,足轻组头,直臣,山中家,江户城,无,,"[{""stage"":"""",""tkid"":""578"",""ref"":""578"",""emotion"":0}]",,TAIKOU_bio_578,河內田山家當主。河內守護。政國之子。與握有家中實權的守護代‧安見直政互相對立，後來逃亡至紀伊。得到三好長慶的幫助而得以奪回城池。但之後與長慶不和而遭受攻擊，逃亡至界。雖然織田信長上洛後，表示服從而得到河內半國，但最後又被安見直政等人逐出。
lord_tk5_579,579,579,,畠山义续,畠山義續|田山義續,畠山,义续,HatakeyamaYoshitsugu,kinai,1,1516,1554,1590,病死,畠山义总,,,,lord_tk5_580|lord_tk5_681,只限武将,90,90,普通,勇敢,普通,轻率,普通,55,艺术品,贪心,普通,源氏,刀剑,32,30,48,17,18,0,0,0,0,0,0,1,0,0,0,0,1,0,0,0,0,无,强袭,无,无要求,,,已登场,畠山义续,家老,直臣,畠山家,clan_notohatakeyama_1,七尾城,无,已登场,畠山义续,家老,直臣,畠山家,clan_notohatakeyama_1,七尾城,无,已登场,畠山义续,浪人,其他,无,,目加田之町,无,已登场,畠山义续,浪人,其他,无,clan_cho_1,目加田之町,无,已登场,畠山义续,浪人,其他,无,,安土之町,无,已死亡,畠山义续,无效,无效,无,,无效,无,已登场,畠山义续,大名,首领,畠山家,七尾城,无,已登场,畠山义续,浪人,其他,无,安土之町,无,已登场,畠山义续,足轻组头,直臣,山中家,江户城,无,,"[{""stage"":"""",""tkid"":""579"",""ref"":""579"",""emotion"":0}]",,TAIKOU_bio_579,能登守臣。義總次子。七尾城主。父親故後繼承了家督，在接連不斷的內亂中喪失政權，任憑被稱為田山七人眾派的重臣抬頭。曾償試與兒子義綱合作奪回實權，但招致重臣們的反對，父子同被流放到能登。
lord_tk5_580,580,580,,畠山义纲,畠山義綱|田山義綱,畠山,义纲,Noto-Hatakeyama Yoshitsuna,kinai,1,1537,1554,1593,病死,lord_tk5_579,,,畠山义总,lord_tk5_579|lord_tk5_681,只限武将,90,90,普通,胆小,理想,慎重,普通,78,南蛮物,贪心,普通,源氏,刀剑,54,47,58,36,28,1,0,1,0,0,0,0,0,1,1,0,0,0,0,0,0,无,强袭,无,无要求,,,已登场,畠山义纲,大名,首领,畠山家,clan_notohatakeyama_1,七尾城,无,已登场,畠山义纲,大名,首领,畠山家,clan_notohatakeyama_1,七尾城,无,已登场,畠山义纲,浪人,其他,无,,今滨之町,无,已登场,畠山义纲,浪人,其他,无,clan_cho_1,长滨之町,无,已登场,畠山义纲,浪人,其他,无,,长滨之町,无,已死亡,畠山义纲,无效,无效,无,,无效,无,已登场,畠山义纲,家老,直臣,畠山家,七尾城,无,已登场,畠山义纲,浪人,其他,无,长滨之町,无,已登场,畠山义纲,足轻组头,直臣,山中家,江户城,无,,"[{""stage"":"""",""tkid"":""580"",""ref"":""580"",""emotion"":0}]",,TAIKOU_bio_580,能登守衛。義續嫡子。七尾城主。繼隱居的父親義續之後出任守臣，努力協助父親回收政權，但遭反對派重臣流放而失敗。後曾數次試圖進入能登，無果而終。
lord_tk5_581,581,581,,波多野晴通,,波多野,晴通,Kiku Koushu,kinai,1,1520,1554,1560,病死,,,,,lord_tk5_582|lord_tk5_583,只限武将,40,40,普通,普通,普通,轻率,不重情义,38,艺术品,普通,普通,藤原氏,刀剑,28,27,38,19,36,0,1,0,0,1,0,0,0,0,1,1,0,0,1,0,1,无,强袭,无,无要求,,,已登场,波多野晴通,大名,首领,波多野家,clan_kiku_1,八上城,无,已死亡,波多野晴通,无效,无效,无,clan_kiku_1,无效,无,已死亡,波多野晴通,无效,无效,无,clan_kiku_1,无效,无,已死亡,波多野晴通,无效,无效,无,clan_kiku_1,无效,无,已死亡,波多野晴通,无效,无效,无,,无效,无,已死亡,波多野晴通,无效,无效,无,,无效,无,已登场,波多野晴通,大名,首领,波多野家,八上城,无,已死亡,波多野晴通,无效,无效,无,无效,无,已登场,波多野晴通,船头,直臣,丰后水军,一尺屋之砦,无,,"[{""stage"":"""",""tkid"":""581"",""ref"":""581"",""emotion"":0}]",,TAIKOU_bio_581,丹波的豪族。稙通之子。秀治為養子。當細川晴元與三好長慶開始主從之爭時，選擇加入細川勢力。雖因此遭受到三好方面的松永久秀、三好政康的攻擊，但得到細川側的香西元城等人的援軍而將其擊退。
lord_tk5_582,582,582,,波多野秀尚,,波多野,秀尚,Kiku Hidenari,kinai,1,1540,1554,1579,病死,lord_tk5_581,,,,lord_tk5_581|lord_tk5_583,只限武将,40,40,普通,普通,普通,轻率,不重情义,60,艺术品,普通,普通,藤原氏,刀剑,57,53,38,29,36,2,2,1,0,0,0,1,0,0,1,0,0,0,0,0,0,无,强袭,无,无要求,,,已登场,波多野秀尚,部将,直臣,波多野家,clan_kiku_1,八上城,无,已登场,波多野秀尚,部将,直臣,波多野家,clan_kiku_1,八上城,无,已登场,波多野秀尚,部将,直臣,波多野家,clan_kiku_1,八上城,无,已登场,波多野秀尚,部将,直臣,波多野家,clan_kiku_1,八上城,无,已死亡,波多野秀尚,无效,无效,无,,无效,无,已死亡,波多野秀尚,无效,无效,无,,无效,无,未登场,波多野秀尚,部将,直臣,波多野家,八上城,无,已死亡,波多野秀尚,无效,无效,无,无效,无,已登场,波多野秀尚,头领,首领,丰后水军,一尺屋之砦,无,,"[{""stage"":"""",""tkid"":""582"",""ref"":""582"",""emotion"":0}]",,TAIKOU_bio_582,丹波望族。晴通之子，秀治之弟。與兄長秀治一起守丹波八上城，抵抗經營丹波的明智光秀部隊。經一年多攻防後城破投降，與兄長一起被送安土城，處以磔刑。
lord_tk5_583,583,583,,波多野秀治,,波多野,秀治,Kiku,kinai,1,1535,1554,1579,病死,lord_tk5_581,,,,lord_tk5_581|lord_tk5_582,只限武将,40,40,普通,普通,理想,轻率,不重情义,61,书籍,无欲,普通,藤原氏,刀剑,64,64,43,33,56,2,0,1,0,0,0,1,0,0,0,1,0,2,1,0,0,无,强袭,无,一般条件,,,已登场,波多野秀治,家老,直臣,波多野家,clan_kiku_1,八上城,无,已登场,波多野秀治,大名,首领,波多野家,clan_kiku_1,八上城,无,已登场,波多野秀治,大名,首领,波多野家,clan_kiku_1,八上城,无,已登场,波多野秀治,大名,首领,波多野家,clan_kiku_1,八上城,无,已死亡,波多野秀治,无效,无效,无,,无效,无,已死亡,波多野秀治,无效,无效,无,,无效,无,已登场,波多野秀治,家老,直臣,波多野家,八上城,无,已死亡,波多野秀治,无效,无效,无,无效,无,已登场,波多野秀治,船头,直臣,丰后水军,一尺屋之砦,无,,"[{""stage"":"""",""tkid"":""583"",""ref"":""583"",""emotion"":0}]",,TAIKOU_bio_583,丹波望族。八上城主。晴通之子。從三好家奪回父親晴通時代被奪走的八上城，勢力擴及丹波，後被受命於織田信長的明智包圍，經一年半守城之後投降，被送至安土處以磔刑。
lord_tk5_584,584,584,,蜂须贺家政,蜂須賀家政,蜂须贺,家政,Hachisuka Iemasa,nankai,1,1559,1573,1638,病死,lord_tk5_585,,,,lord_tk5_585|lord_tk5_881,只限武将,4,4,温和,胆小,普通,普通,重视情义,60,艺术品,普通,普通,源氏,刀剑,64,54,70,74,65,2,2,2,1,1,1,1,0,0,1,1,1,0,0,1,0,无,强袭,无,无要求,,,未登场,蜂须贺家政,浪人,其他,无,,井之口之町,无,未登场,蜂须贺家政,浪人,其他,无,,井之口之町,无,未登场,蜂须贺家政,足轻组头,陪臣（蜂须贺正胜）,织田家,clan_hachisuka_1,岐阜城,无,已登场,蜂须贺家政,足轻大将,陪臣（羽柴秀吉）,织田家,clan_kinoshita_1,长滨城,无,已登场,蜂须贺家政,足轻大将,陪臣（羽柴秀吉）,织田家,clan_kinoshita_1,姬路城,无,已登场,蜂须贺家政,大名,首领,蜂须贺家,clan_hachisuka_1,德岛城,无,未登场,蜂须贺家政,浪人,其他,无,井之口之町,无,已登场,蜂须贺家政,足轻大将,陪臣（蜂须贺正胜）,羽柴家,上月城,无,已登场,蜂须贺家政,浪人,其他,无,鸟取之町,无,,"[{""stage"":"""",""tkid"":""584"",""ref"":""584"",""emotion"":0}]",,TAIKOU_bio_584,豐臣家臣，正勝嫡子。先仕織田信長，後從豐臣秀吉。因進攻中國地方之功被黃母衣派吸納。進而積極轉戰四國和九州，在阿波德島獲得領地。關原之戰時並未出征，僅送其子至鎮加入東軍。
lord_tk5_585,585,585,,蜂须贺小六,蜂須賀小六|蜂须贺正胜|蜂須賀正勝,蜂须贺,小六,Hachisuka Koroku,sanyo,1,1526,1554,1586,病死,,,,,lord_tk5_584|lord_tk5_881,全职种,10,10,性急,勇敢,理想,轻率,重视情义,72,武具,贪心,嗜酒如命,源氏,刀剑,73,85,72,83,74,4,2,3,0,2,3,2,3,2,2,1,2,0,0,1,0,焙烙，鬼谋，错乱之术,强袭，连续斩，拔突，二连苦无，半月，急所击，刚弓，刚力，铁壁,无,不可,,主角丰臣秀吉，墨俣筑城战胜利,已登场,蜂须贺小六,浪人,其他,无,,井之口之町,无,已登场,蜂须贺小六,浪人,其他,无,,井之口之町,无,已登场,蜂须贺正胜,足轻大将,陪臣（木下藤吉郎）,织田家,clan_hachisuka_1,岐阜城,无,已登场,蜂须贺正胜,部将,陪臣（羽柴秀吉）,织田家,clan_kinoshita_1,长滨城,无,已登场,蜂须贺正胜,部将,陪臣（羽柴秀吉）,织田家,clan_kinoshita_1,姬路城,无,已死亡,蜂须贺正胜,无效,无效,无,clan_hachisuka_1,无效,无,已登场,蜂须贺小六,浪人,其他,无,井之口之町,无,已登场,蜂须贺正胜,城主,直臣,羽柴家,上月城,无,已登场,蜂须贺小六,侍大将,直臣,六角家,大坂城,无,,"[{""stage"":"""",""tkid"":""585"",""ref"":""585"",""emotion"":0}]",,TAIKOU_bio_585,豐臣家臣。人稱小六。為以尾張‧美濃國境附近為根據地的野武士集團的頭目。在幫助秀吉建造墨股一夜城之後，便擔任參謀職從軍參與諸會戰。在政務及諜報工作也發揮了相當的能力。因四國征伐之功而受封阿波，在讓出家督後隱居。
lord_tk5_586,586,586,,蜂屋赖隆,蜂屋賴隆,蜂屋,赖隆,Hachiya Yoritaka,kinai,1,1534,1554,1589,病死,,,,,,全职种,2,2,普通,普通,普通,普通,普通,58,武具,普通,嗜酒如命,藤原氏,刀剑,61,59,33,42,52,1,1,1,1,0,1,1,0,0,0,0,1,0,0,0,0,无,强袭,无,一般条件,,,已登场,蜂屋赖隆,侍大将,直臣,斋藤家,clan_saitoo_1,稻叶山城,无,已登场,蜂屋赖隆,足轻组头,直臣,斋藤家,clan_saitoo_2,稻叶山城,无,已登场,蜂屋赖隆,侍大将,直臣,织田家,clan_oda_1,岐阜城,无,已登场,蜂屋赖隆,侍大将,直臣,织田家,clan_oda_1,岐阜城,无,已登场,蜂屋赖隆,侍大将,直臣,织田家,clan_oda_1,安土城,无,已死亡,蜂屋赖隆,无效,无效,无,,无效,无,已登场,蜂屋赖隆,浪人,其他,无,井之口之町,无,已登场,蜂屋赖隆,城主,直臣,羽柴家,金崎城,无,已登场,蜂屋赖隆,浪人,其他,无,温泉津之町,无,,"[{""stage"":"""",""tkid"":""586"",""ref"":""586"",""emotion"":0}]",,TAIKOU_bio_586,織田家臣。黑母衣眾之一。經齋藤家成為織田信長的大臣。以後率領遊軍而出走各地。在入京時是先頭部隊。在本能寺事變後從屬豐臣秀吉，俸祿越前敦賀４萬石，人稱羽柴敦賀侍從。
lord_tk5_587,587,587|1177,,服部半藏,,服部,半藏,Hattori Hanzo,tokai,1,1542,1556,1596,病死,,,,,,全职种,90,90,普通,普通,普通,慎重,重视情义,23,书籍,无欲,普通,平氏,枪,57,90,10,75,58,4,1,2,0,3,3,2,4,0,0,1,2,2,0,0,3,破技之术，雾隐之术,强袭，连续斩，拔突，粘花，二连苦无，半月，刚弓，卷枪，引落，柄返，刚力，铁壁，伤药,枪术能手,无要求,,,未登场,服部半藏,足轻大将,陪臣（松平元康）,今川家,clan_tokugawa_1,骏府城,无,已登场,服部半藏,足轻组头,陪臣（松平元康）,今川家,clan_tokugawa_1,冈崎城,无,已登场,服部半藏,足轻大将,直臣,德川家,clan_tokugawa_1,冈崎城,无,已登场,服部半藏,足轻大将,直臣,德川家,clan_tokugawa_1,滨松城,无,已登场,服部半藏,足轻大将,直臣,德川家,clan_tokugawa_1,滨松城,无,已死亡,服部半藏,无效,无效,无,,无效,无,未登场,服部半藏,足轻大将,直臣,松平家,冈崎城,无,已登场,服部半藏,足轻大将,直臣,德川家,滨松城,无,已登场,服部半藏,浪人,其他,无,小仓之町,无,"[{""stage"":""侍"",""tkid"":""587"",""ref"":"""",""emotion"":1},{""stage"":""忍"",""tkid"":""1177"",""ref"":"""",""emotion"":1}]","[{""stage"":""侍"",""tkid"":""587"",""ref"":""587"",""emotion"":1},{""stage"":""忍"",""tkid"":""1177"",""ref"":""1177"",""emotion"":1}]",,TAIKOU_bio_587,德川家臣。半三保長之子。亦稱正成。與伊賀服部同族。率領伊賀的秘密部隊立下許多戰功。本能寺事變時，擔任家康「穿越伊賀」行動的護衛，使家康平安回國。綽號「神奇半藏」。
lord_tk5_588,588,588,,堀立直正,,堀立,直正,Hori Tatsuaki,sanyo,1,1506,1554,1579,病死,,,,,,全职种,36,36,温和,勇敢,普通,普通,普通,42,南蛮物,普通,普通,其他,枪,31,56,66,50,52,1,0,0,2,0,0,0,1,0,1,1,3,2,2,1,1,无,拔突，丢钱，大宴宾客,风雅之士,一般条件,,,已登场,堀立直正,当家,首领,下关屋,clan_hori_1,赤间关之町,无,已登场,堀立直正,当家,首领,下关屋,clan_hori_1,赤间关之町,无,已登场,堀立直正,当家,首领,下关屋,clan_hori_1,赤间关之町,无,已登场,堀立直正,浪人,其他,无,,赤间关之町,无,已死亡,堀立直正,无效,无效,无,,无效,无,已死亡,堀立直正,无效,无效,无,,无效,无,已登场,堀立直正,当家,首领,下关屋,赤间关之町,无,已死亡,堀立直正,无效,无效,无,无效,无,已登场,堀立直正,浪人,其他,无,松江之町,无,,"[{""stage"":"""",""tkid"":""588"",""ref"":""588"",""emotion"":0}]",,TAIKOU_bio_588,毛利家家臣。本來是商人，以安藝為據點在瀨戶內海從事交易。在毛利元就攻下安藝的佐東銀山城後成為部下，投下私有財產來修築城池及管理街町，對毛利家有很大的貢獻。當毛利家支配赤間關（下關）之後，擔任了二十年以上的關代官。
lord_tk5_589,589,589,,花房正成,,花房,正成,Hanafusa Masanari,sanyo,1,1555,1569,1623,病死,lord_tk5_590,,,,lord_tk5_590,全职种,0,0,普通,普通,普通,普通,普通,30,书籍,无欲,普通,源氏,刀剑,68,58,44,75,43,3,2,2,2,1,1,3,0,0,0,0,0,1,0,0,0,无,强袭,无,无要求,,,未登场,花房正成,足轻组头,陪臣（花房正幸）,浦上家,clan_hanafusa_1,天神山城,无,未登场,花房正成,足轻组头,陪臣（花房正幸）,浦上家,clan_hanafusa_1,天神山城,无,未登场,花房正成,足轻组头,陪臣（花房正幸）,浦上家,clan_hanafusa_1,天神山城,无,已登场,花房正成,足轻组头,陪臣（宇喜多直家）,浦上家,clan_ukita_1,冈山城,无,已登场,花房正成,足轻大将,直臣,宇喜多家,clan_ukita_1,冈山城,无,已登场,花房正成,侍大将,直臣,宇喜多家,clan_ukita_1,冈山城,无,未登场,花房正成,足轻组头,陪臣（花房正幸）,浦上家,天神山城,无,已登场,花房正成,侍大将,直臣,宇喜多家,冈山城,无,已登场,花房正成,浪人,其他,无,金泽之町,无,,"[{""stage"":"""",""tkid"":""589"",""ref"":""589"",""emotion"":0}]",,TAIKOU_bio_589,宇喜多家臣。正幸之子。秀吉在征討中國時，以宇喜多家的名義出來迎接，並進言運用水攻進攻高松城。高松城陷落後，因其功勞而作了宇喜多家家老，掌管高松城。之後由於內亂而出走。
lord_tk5_590,590,590,,花房正幸,,花房,正幸,Hanafusa Masayuki,sanyo,1,1524,1554,1605,病死,,,,,lord_tk5_589,只限武将,0,0,普通,普通,理想,慎重,普通,40,书籍,无欲,普通,源氏,弓,59,82,56,51,76,1,1,1,0,4,3,1,0,1,1,0,0,4,2,2,0,弓箭乱射,强袭，连续斩，拔突，刚弓，神弓，天弓，刚力，铁壁，心眼,弓术名人,无要求,,,已登场,花房正幸,足轻大将,陪臣（宇喜多直家）,浦上家,clan_hanafusa_1,天神山城,无,已登场,花房正幸,足轻大将,陪臣（宇喜多直家）,浦上家,clan_hanafusa_1,天神山城,无,已登场,花房正幸,足轻大将,陪臣（宇喜多直家）,浦上家,clan_hanafusa_1,天神山城,无,已登场,花房正幸,足轻大将,陪臣（宇喜多直家）,浦上家,clan_ukita_1,冈山城,无,已登场,花房正幸,侍大将,直臣,宇喜多家,clan_ukita_1,冈山城,无,已登场,花房正幸,侍大将,直臣,宇喜多家,clan_ukita_1,冈山城,无,已登场,花房正幸,足轻大将,陪臣（宇喜多直家）,浦上家,天神山城,无,已登场,花房正幸,家老,直臣,宇喜多家,冈山城,无,已登场,花房正幸,浪人,其他,无,鹿儿岛之町,无,,"[{""stage"":"""",""tkid"":""590"",""ref"":""590"",""emotion"":0}]",,TAIKOU_bio_590,宇喜多家臣。備前蟲明城主。是支持主公直家創業的重臣之一。善於拉弓射箭天下聞名，不僅武功高強，還專長和歌，是從細川藤孝處接受古今傳授的文人。
lord_tk5_591,591,591,,花房职秀,花房職秀,花房,职秀,Hanafusa Norihide,kanto,1,1549,1563,1616,病死,,,,,,只限武将,0,0,性急,勇敢,理想,轻率,重视情义,22,武具,普通,普通,源氏,枪,62,78,33,30,68,2,3,2,1,1,3,1,0,0,0,0,0,1,3,1,0,无,强袭，连续斩，拔突，粘花，卷枪，引落，柄返，刚力，铁壁,无,无要求,,,未登场,花房职秀,足轻组头,陪臣（宇喜多直家）,浦上家,clan_ukita_1,天神山城,无,未登场,花房职秀,足轻组头,陪臣（宇喜多直家）,浦上家,clan_ukita_1,天神山城,无,已登场,花房职秀,足轻组头,陪臣（宇喜多直家）,浦上家,clan_ukita_1,天神山城,无,已登场,花房职秀,足轻组头,陪臣（宇喜多直家）,浦上家,clan_ukita_1,冈山城,无,已登场,花房职秀,足轻大将,直臣,宇喜多家,clan_ukita_1,冈山城,无,已登场,花房职秀,侍大将,直臣,佐竹家,clan_satake_2,水户城,无,未登场,花房职秀,足轻组头,陪臣（宇喜多直家）,浦上家,天神山城,无,已登场,花房职秀,足轻大将,直臣,宇喜多家,冈山城,无,已登场,花房职秀,浪人,其他,无,安土之町,无,,"[{""stage"":"""",""tkid"":""591"",""ref"":""591"",""emotion"":0}]",,TAIKOU_bio_591,宇喜多家臣。每次戰役他總是最先闖入敵陣，最先立功的勇士。攻打小田原時在陣營中辱罵正在欣賞他的秀吉，反而其大膽之舉被秀吉所稱讚，而留下佳話。之後因向主公秀家諫言而受懲罰出走。
lord_tk5_592,592,592,,马场信春,馬場信房|馬場信春,马场,信春,Baba Nobuharu,tosan,1,1515,1554,1575,战死,,,,,,只限武将,59,59,普通,勇敢,普通,普通,普通,34,武具,无欲,普通,源氏,刀剑,79,83,52,75,76,2,3,2,0,2,3,3,0,3,1,1,1,1,1,0,0,风林火山,强袭，连续斩，拔突，刚弓，刚力，铁壁,无,一般条件,,,已登场,马场信春,家老,直臣,武田家,clan_baba_1,踯躅崎馆,无,已登场,马场信春,家老,直臣,武田家,clan_baba_1,踯躅崎馆,无,已登场,马场信春,家老,直臣,武田家,clan_takeda_1,踯躅崎馆,无,已登场,马场信春,家老,直臣,武田家,clan_takeda_2,踯躅崎馆,无,已死亡,马场信春,无效,无效,无,,无效,无,已死亡,马场信春,无效,无效,无,,无效,无,已登场,马场信春,部将,直臣,武田家,踯躅崎馆,无,已死亡,马场信春,无效,无效,无,无效,无,已登场,马场信春,头目,首领,风魔众,风魔之里,无,,"[{""stage"":"""",""tkid"":""592"",""ref"":""592"",""emotion"":0}]",,TAIKOU_bio_592,武田家臣。武田家四名臣之一。前後侍奉了武田家三代人。征戰四十載，無一次負傷，人稱「美濃硬漢」。長篠之戰時為掩護勝賴撤退，擔任殿後部隊戰死沙場。
lord_tk5_593,593,593,,林崎甚助,,林崎,甚助,Hayashizaki Jinsuke,ou,1,1542,1557,1618,病死,,,,,,没那个意思,15,50,温和,勇敢,普通,普通,重视情义,35,武具,无欲,滴酒不沾,其他,刀剑,11,90,9,38,60,0,0,0,0,0,4,2,2,0,0,0,0,0,1,0,1,无,强袭，连续斩，居合斩，卍字拔，拔突，二连苦无，当身，浪返，刚力，铁壁，辱骂,剑豪,一般条件,,,未登场,林崎甚助,浪人,其他,无,,酒田之町,新当流,已登场,林崎甚助,师范,其他,无,,酒田之町,林崎梦想流,已登场,林崎甚助,师范,其他,无,,酒田之町,林崎梦想流,已登场,林崎甚助,师范,其他,无,,酒田之町,林崎梦想流,已登场,林崎甚助,师范,其他,无,,酒田之町,林崎梦想流,已登场,林崎甚助,师范,其他,无,,酒田之町,林崎梦想流,已登场,林崎甚助,师范,其他,无,酒田之町,新当流,已登场,林崎甚助,师范,其他,无,酒田之町,林崎梦想流,已登场,林崎甚助,师范,其他,无,酒田之町,林崎梦想流,,"[{""stage"":"""",""tkid"":""593"",""ref"":""593"",""emotion"":0}]",,TAIKOU_bio_593,劍術家。名為重信。居合道的開山祖師。自幼父親被殺害，抱著復仇之心到陸奧楯岡的林崎神社參拜。思考出使用長柄刀的構想而領悟了神夢想林崎流拔刀術。使用此技報了父仇之後，浪跡各國傳承居合道，對於現今的居合各派也有極大的影響。
lord_tk5_594,594,594,,林秀贞,林秀貞,林,秀贞,Hayashi Hidezane,tokai,1,1514,1554,1580,病死,,,,,,只限武将,1,75,温和,普通,普通,普通,不重情义,49,书籍,贪心,普通,其他,刀剑,38,30,62,67,66,0,0,0,0,1,0,0,0,2,2,1,2,2,1,1,0,无,强袭,无,一般条件,,,已登场,林秀贞,部将,陪臣（织田信胜）,织田家,clan_oda_2,那古野城,无,已登场,林秀贞,城主,直臣,织田家,clan_oda_1,那古野城,无,已登场,林秀贞,家老,直臣,织田家,clan_oda_1,岐阜城,无,已登场,林秀贞,城主,直臣,织田家,clan_oda_1,那古野城,无,已死亡,林秀贞,无效,无效,无,,无效,无,已死亡,林秀贞,无效,无效,无,,无效,无,已登场,林秀贞,侍大将,陪臣（织田信胜）,织田家,那古野城,无,已死亡,林秀贞,无效,无效,无,无效,无,已登场,林秀贞,浪人,其他,无,八代之町,无,,"[{""stage"":"""",""tkid"":""594"",""ref"":""594"",""emotion"":0}]",,TAIKOU_bio_594,織田家臣。家老之首。從信秀一代開始即侍奉織田家。在爭奪主家家督之位時，身為信長的家老，卻擁立其弟。信行失，得到允許又回歸作信長的屬下。之後無太大建樹，後來因擁立信行之罪遭人舊事重提而遭放逐。
lord_tk5_595,595,595,,原田宗时,原田宗時,原田,宗时,Harada Munetoki,ou,1,1565,1579,1593,病死,,,,,,只限武将,60,60,性急,勇敢,普通,轻率,普通,58,武具,普通,普通,其他,刀剑,60,70,25,52,36,2,1,1,0,1,3,1,0,0,0,0,0,1,0,0,0,无,强袭，连续斩，拔突，刚力，铁壁,无,无要求,,,未登场,原田宗时,足轻组头,直臣,伊达家,clan_date_1,米泽城,无,未登场,原田宗时,足轻组头,直臣,伊达家,clan_date_1,米泽城,无,未登场,原田宗时,足轻组头,直臣,伊达家,clan_date_2,米泽城,无,未登场,原田宗时,足轻组头,直臣,伊达家,clan_date_2,米泽城,无,已登场,原田宗时,足轻组头,直臣,伊达家,clan_date_2,米泽城,无,已死亡,原田宗时,无效,无效,无,,无效,无,未登场,原田宗时,足轻组头,直臣,伊达家,米泽城,无,已登场,原田宗时,足轻组头,直臣,伊达家,米泽城,无,已登场,原田宗时,浪人,其他,无,鹿岛之町,无,,"[{""stage"":"""",""tkid"":""595"",""ref"":""595"",""emotion"":0}]",,TAIKOU_bio_595,伊達家臣。繼承無嫡子的宗政家業，１８歲時即被給予兵馬大權，數次交戰屢立戰功。作為政宗的宿老成為近侍，而且行事圓滑。死後，為悼念他政宗作國風六首。
lord_tk5_596,596,596,,原虎胤,,原,虎胤,Hara Toratane,tosan,1,1497,1554,1564,病死,,,,,,只限武将,70,70,性急,勇敢,理想,普通,普通,58,武具,普通,嗜酒如命,藤原氏,刀剑,88,76,23,31,56,3,3,0,1,2,2,1,2,0,0,0,0,0,0,0,0,无,强袭，拔突，二连苦无，刚弓，铁壁,无,一般条件,,,已登场,原虎胤,部将,直臣,武田家,clan_takeda_1,踯躅崎馆,无,已登场,原虎胤,部将,直臣,武田家,clan_takeda_1,踯躅崎馆,无,已死亡,原虎胤,无效,无效,无,,无效,无,已死亡,原虎胤,无效,无效,无,,无效,无,已死亡,原虎胤,无效,无效,无,,无效,无,已死亡,原虎胤,无效,无效,无,,无效,无,已登场,原虎胤,部将,直臣,武田家,踯躅崎馆,无,已死亡,原虎胤,无效,无效,无,无效,无,已登场,原虎胤,中忍,直臣,伊贺众,伊贺之里,无,,"[{""stage"":"""",""tkid"":""596"",""ref"":""596"",""emotion"":0}]",,TAIKOU_bio_596,武田家家臣。友胤之子。又稱為美濃守。從信虎尚在的時期就已仕官，為信玄的麾下重臣。生涯中總共參加了三十八次合戰，全身總共有五十處以上的傷跡，又有「鬼美濃」之稱。雖然在之後馬場信房亦稱為美濃守，但據說這只是他想仿傚原虎胤的武勇。
lord_tk5_597,597,597,,原昌胤,,原,昌胤,Hara Masatane,tosan,1,1531,1554,1575,战死,,,,,,只限武将,62,62,普通,普通,普通,轻率,普通,40,武具,普通,普通,藤原氏,刀剑,62,71,16,42,51,2,2,1,0,1,1,3,0,0,0,0,0,0,0,0,0,无,强袭,无,无要求,,,已登场,原昌胤,侍大将,直臣,武田家,clan_baba_1,踯躅崎馆,无,已登场,原昌胤,侍大将,直臣,武田家,clan_baba_1,踯躅崎馆,无,已登场,原昌胤,部将,直臣,武田家,clan_takeda_1,踯躅崎馆,无,已登场,原昌胤,侍大将,直臣,武田家,clan_takeda_2,踯躅崎馆,无,已死亡,原昌胤,无效,无效,无,,无效,无,已死亡,原昌胤,无效,无效,无,,无效,无,已登场,原昌胤,部将,直臣,武田家,踯躅崎馆,无,已死亡,原昌胤,无效,无效,无,无效,无,已登场,原昌胤,浪人,其他,无,八代之町,无,,"[{""stage"":"""",""tkid"":""597"",""ref"":""597"",""emotion"":0}]",,TAIKOU_bio_597,武田家臣。昌俊之子，亦稱隼人佐，或昌勝。武田二十四將之一，任陣馬奉行。通曉地理、地形，在各種戰鬥中發揮才能。武田信玄曾說「凡佈陣方面就請委派隼人」。長篠之戰時中彈陣亡。
lord_tk5_598,598,598,,播磨屋宗德,,播磨屋,宗德,Harimaya Munenori,nankai,1,1560,1574,1648,病死,,,,,,武将以外优先,74,74,温和,普通,理想,普通,普通,44,艺术品,贪心,嗜酒如命,其他,枪,17,9,68,56,45,0,0,0,1,0,0,0,0,3,2,1,3,2,3,2,2,威吓,拔突，丢钱,无,一般条件,,,未登场,播磨屋宗德,浪人,其他,无,,浦户之町,无,未登场,播磨屋宗德,浪人,其他,无,,浦户之町,无,未登场,播磨屋宗德,浪人,其他,无,,浦户之町,无,已登场,播磨屋宗德,浪人,其他,无,,浦户之町,无,已登场,播磨屋宗德,当家,首领,播磨屋,clan_harimaya_1,浦户之町,无,已登场,播磨屋宗德,当家,首领,播磨屋,clan_harimaya_1,浦户之町,无,未登场,播磨屋宗德,浪人,其他,无,浦户之町,无,已登场,播磨屋宗德,当家,首领,播磨屋,浦户之町,无,已登场,播磨屋宗德,浪人,其他,无,土崎凑之町,无,,"[{""stage"":"""",""tkid"":""598"",""ref"":""598"",""emotion"":0}]",,TAIKOU_bio_598,土佐的豪商。人稱九郎右衛門。受到被長宗我部家的招徠而到了土佐。除了以特權商人之身進行商業活動之外，也以町年寄的身份致力於城下町的發展。據說之後土佐藩主禁止了商業活動，此人便專心致力於町的營運上。宗德在高知堀川所建築的「播磨屋橋」之名，至今還被延用。
lord_tk5_599,599,599,,塙直政,,塙,直政,Hanawa Naomasa,tokai,1,1537,1554,1576,战死,,,,,,只限武将,0,0,普通,勇敢,理想,轻率,重视情义,65,武具,普通,嗜酒如命,其他,枪,66,51,61,43,64,3,2,1,0,1,1,2,1,1,1,1,0,3,1,0,0,无,拔突,无,一般条件,,,已登场,塙直政,侍大将,直臣,织田家,clan_oda_1,清洲城,无,已登场,塙直政,侍大将,直臣,织田家,clan_oda_1,清洲城,无,已登场,塙直政,部将,直臣,织田家,clan_oda_1,岐阜城,无,已登场,塙直政,侍大将,直臣,织田家,clan_oda_1,岐阜城,无,已死亡,塙直政,无效,无效,无,,无效,无,已死亡,塙直政,无效,无效,无,,无效,无,未登场,塙直政,足轻组头,直臣,织田家,那古野城,无,已死亡,塙直政,无效,无效,无,无效,无,已登场,塙直政,浪人,其他,无,今治之町,无,,"[{""stage"":"""",""tkid"":""599"",""ref"":""599"",""emotion"":0}]",,TAIKOU_bio_599,織田信長的家臣。又名正勝、重友。原為信長身邊的馬迴兵，之後出人頭地。與木下藤吉郎、丹羽長秀等人同為傑出的官吏，後來成為山城守護。因信長的奏請而從朝廷處接受「原田」一姓的賞賜。在攻擊本願寺時，很不幸地戰死。
lord_tk5_600,600,600,,塙团右卫门,塙團右衛門,塙团,右卫门,Hanawaa Danemon,nankai,1,1567,1581,1615,战死,,,,,,全职种,0,0,性急,勇敢,理想,轻率,普通,77,武具,贪心,嗜酒如命,其他,枪,59,66,16,9,44,2,0,2,2,1,3,0,0,0,0,0,0,1,0,1,0,无,强袭，连续斩，拔突，粘花，卷枪，引落，柄返，刚力，铁壁,无,一般条件,,,未登场,塙团右卫门,浪人,其他,无,,清洲之町,无,未登场,塙团右卫门,浪人,其他,无,,清洲之町,无,未登场,塙团右卫门,浪人,其他,无,,清洲之町,无,未登场,塙团右卫门,浪人,其他,无,,清洲之町,无,已登场,塙团右卫门,浪人,其他,无,,清洲之町,无,已登场,塙团右卫门,侍大将,直臣,加藤家,clan_katoo_2,汤筑城,无,未登场,塙团右卫门,浪人,其他,无,清洲之町,无,已登场,塙团右卫门,浪人,其他,无,清洲之町,无,已登场,塙团右卫门,浪人,其他,无,小仓之町,无,,"[{""stage"":"""",""tkid"":""600"",""ref"":""600"",""emotion"":0}]",,TAIKOU_bio_600,加藤嘉明的家臣。名為直之，人稱團右衛門。曾擔任鐵砲大將。關原合戰時與其主公嘉明對立，出走成為浪人。後入大阪城，隸屬大野治房隊，以「夜戰大將」聞名。大阪夏之陣一役與淺野長晟軍戰鬥，陣亡。
lord_tk5_601,601,601,,疋田丰五郎,疋田豐五郎,疋田,丰五郎,Hikita Hyogoro,saikai,1,1536,1554,1605,病死,,,,上泉秀继,lord_tk5_296,没那个意思,5,5,温和,普通,普通,普通,普通,67,武具,无欲,滴酒不沾,其他,刀剑,33,91,14,57,61,0,0,0,0,2,4,2,0,0,0,0,0,2,0,0,0,无,强袭，连续斩，月影，一刀两断，拔突，刚弓，浮舟，当身，肋一寸，刚力，铁壁，天狗抄，心眼，辱骂，大喝,剑豪,一般条件,,主角柳生宗严，无刀取剧情,已登场,疋田丰五郎,足轻组头,陪臣（上泉秀纲）,长野家,clan_kamiizumi_1,箕轮城,新阴流,已登场,疋田丰五郎,足轻组头,陪臣（上泉秀纲）,长野家,clan_kamiizumi_1,箕轮城,新阴流,已登场,疋田丰五郎,师范,其他,无,,石山之町,新阴流,已登场,疋田丰五郎,师范,其他,无,,石山之町,新阴流,已登场,疋田丰五郎,师范,其他,无,,石山之町,新阴流,已登场,疋田丰五郎,师范,其他,无,,八代之町,新阴流,已登场,疋田丰五郎,足轻大将,陪臣（长野业正）,上杉家,箕轮城,新阴流,已登场,疋田丰五郎,师范,其他,无,石山之町,新阴流,已登场,疋田丰五郎,足轻大将,直臣,五代家,安土城,新阴流,,"[{""stage"":"""",""tkid"":""601"",""ref"":""601"",""emotion"":0}]",,TAIKOU_bio_601,劍術家。名為景兼。上泉信綱的外甥。拜叔父‧信綱為師學新陰流，之後自創疋田陰流。據說與柳生宗嚴（後稱石舟齋）對決三次皆獲勝。同時此人也擅長槍術，先後侍奉細川藤孝‧忠興父子、羽柴秀次等人，擔任刀槍術的指導老師。晚年於大阪隱居。
lord_tk5_602,602,602,,久武亲直,久武親直,久武,亲直,Hisatake Chikanao,nankai,1,1542,1555,1600,病死,久武昌源,,,,lord_tk5_603,只限武将,55,55,性急,胆小,普通,轻率,不重情义,84,艺术品,贪心,嗜酒如命,其他,刀剑,32,57,42,52,59,1,0,0,0,1,1,1,0,1,1,1,0,1,3,1,0,无,强袭,无,无要求,,,未登场,久武亲直,足轻组头,直臣,长宗我部家,clan_chosokabe_1,冈丰城,无,已登场,久武亲直,足轻组头,直臣,长宗我部家,clan_chosokabe_2,冈丰城,无,已登场,久武亲直,足轻组头,直臣,长宗我部家,clan_chosokabe_2,冈丰城,无,已登场,久武亲直,足轻组头,直臣,长宗我部家,clan_chosokabe_2,冈丰城,无,已登场,久武亲直,足轻大将,直臣,长宗我部家,clan_chosokabe_2,冈丰城,无,已登场,久武亲直,部将,直臣,长宗我部家,clan_chosokabe_2,冈丰城,无,未登场,久武亲直,足轻组头,直臣,长宗我部家,冈丰城,无,已登场,久武亲直,足轻大将,直臣,长宗我部家,冈丰城,无,已登场,久武亲直,浪人,其他,无,丸龟之町,无,,"[{""stage"":"""",""tkid"":""602"",""ref"":""602"",""emotion"":0}]",,TAIKOU_bio_602,長宗我部家臣，親信之弟。因政治活動力強而受到重用，但因濫用陰謀，讒言陷害，使許多同僚被迫自殺，構成主家滅亡的原因。其兄親信曾告誡主公元親「吾弟必將為害於主家」。
lord_tk5_603,603,603,,久武亲信,久武親信,久武,亲信,Hisatake Chikanobu,nankai,1,1540,1584,1579,病死,久武昌源,,,,lord_tk5_602,只限武将,90,90,温和,普通,普通,慎重,重视情义,38,书籍,无欲,滴酒不沾,其他,刀剑,59,59,63,78,67,1,2,0,0,1,1,0,0,2,1,1,0,2,2,0,0,无,强袭,无,无要求,,,已登场,久武亲信,足轻大将,直臣,长宗我部家,clan_chosokabe_1,冈丰城,无,已登场,久武亲信,足轻大将,直臣,长宗我部家,clan_chosokabe_2,冈丰城,无,已登场,久武亲信,足轻大将,直臣,长宗我部家,clan_chosokabe_2,冈丰城,无,已登场,久武亲信,足轻大将,直臣,长宗我部家,clan_chosokabe_2,冈丰城,无,已死亡,久武亲信,无效,无效,无,clan_chosokabe_2,无效,无,已死亡,久武亲信,无效,无效,无,clan_chosokabe_2,无效,无,未登场,久武亲信,足轻大将,直臣,长宗我部家,冈丰城,无,已死亡,久武亲信,无效,无效,无,无效,无,已登场,久武亲信,浪人,其他,无,诹访之町,无,,"[{""stage"":"""",""tkid"":""603"",""ref"":""603"",""emotion"":0}]",,TAIKOU_bio_603,長宗我部家臣，親直之兄。誠實而具有辨別能力，深得元親信賴。據說在有馬溫泉療養時結識秀吉，並為其人品而傾倒。受命攻擊南伊予，與豪族頻繁交手，戰死於岡本城。
lord_tk5_604,604,604,,鸿池新六,鴻池新六|山中新六,鸿池,新六,Konoike Shinroku,sanyo,1,1570,1584,1650,病死,lord_tk5_756,,,,lord_tk5_756,武将以外优先,10,10,温和,勇敢,普通,轻率,普通,80,艺术品,贪心,嗜酒如命,源氏,枪,23,30,66,80,66,0,0,0,1,0,1,0,1,2,3,2,4,2,3,2,0,无,拔突，丢钱，贿赂,无,一般条件,,,未登场,山中新六,足轻组头,陪臣（山中鹿介）,尼子家,clan_yamanaka_1,月山富田城,无,未登场,山中新六,足轻组头,陪臣（山中鹿介）,尼子家,clan_yamanaka_1,月山富田城,无,未登场,山中新六,浪人,其他,无,,姬路之町,无,未登场,山中新六,浪人,其他,无,,姬路之町,无,未登场,鸿池新六,浪人,其他,无,,姬路之町,无,已登场,鸿池新六,当家,首领,鸿池屋,clan_konoike_1,姬路之町,无,未登场,山中新六,足轻组头,陪臣（山中鹿介）,尼子家,月山富田城,无,已登场,鸿池新六,浪人,其他,无,姬路之町,无,已登场,鸿池新六,侍大将,直臣,六角家,大坂城,无,,"[{""stage"":"""",""tkid"":""604"",""ref"":""604"",""emotion"":0}]",,TAIKOU_bio_604,大阪的豪商。山中鹿介之子。豪商‧鴻池家之祖。捨棄武士的身份，在攝津經營酒屋。起初製造濁酒販賣，卻無意間成功地發明了清酒。清酒頗受好評之故，一夕間成了鉅富。隨後將觸手延伸至大阪，涉及領域包含兌換貨幣及田地開發等方面，因而進昇至豪商之列。
lord_tk5_605,605,605,,日根野弘就,,日根野,弘就,Hineno Hiromune,kinai,1,1518,1554,1602,病死,,,,,,只限武将,16,43,普通,普通,普通,轻率,不重情义,69,书籍,普通,普通,藤原氏,刀剑,30,64,22,44,52,1,1,0,0,1,2,0,0,0,0,0,0,0,0,0,1,无,强袭，拔突，铁壁,无,无要求,,,已登场,日根野弘就,足轻大将,直臣,斋藤家,clan_saitoo_1,稻叶山城,无,已登场,日根野弘就,足轻大将,直臣,斋藤家,clan_saitoo_2,稻叶山城,无,已登场,日根野弘就,足轻大将,直臣,浅井家,clan_azai_2,小谷城,无,已登场,日根野弘就,足轻大将,直臣,织田家,clan_oda_1,岐阜城,无,已登场,日根野弘就,足轻大将,直臣,织田家,clan_oda_1,安土城,无,已登场,日根野弘就,部将,直臣,丰臣家,clan_kinoshita_1,大坂城,无,已登场,日根野弘就,足轻大将,直臣,斋藤家,稻叶山城,无,已登场,日根野弘就,足轻大将,直臣,羽柴家,石山本愿寺,无,已登场,日根野弘就,浪人,其他,无,岐阜之町,无,,"[{""stage"":"""",""tkid"":""605"",""ref"":""605"",""emotion"":0}]",,TAIKOU_bio_605,豐臣家臣。最初與齋藤道三、龍興共事，與織田信長在稻葉山城戰鬥，主家滅亡後侍奉淺井長政。淺井家滅亡後，又成為秀吉的部屬。「日根野缽」等非常實用的武器就出自該手，評價甚高。
lord_tk5_606,606,606,,百武贤兼,百武賢兼,百武,贤兼,Hyakutake Kagekane,saikai,1,1538,1554,1584,战死,,,,,,只限武将,60,60,性急,勇敢,普通,轻率,普通,44,武具,普通,嗜酒如命,其他,枪,67,79,20,42,45,3,2,1,0,0,0,2,1,0,0,0,0,0,0,0,0,无,拔突,无,无要求,,,已登场,百武贤兼,足轻组头,直臣,龙造寺家,clan_ryuzoji_1,佐嘉城,无,已登场,百武贤兼,足轻组头,直臣,龙造寺家,clan_ryuzoji_1,佐嘉城,无,已登场,百武贤兼,侍大将,直臣,龙造寺家,clan_ryuzoji_1,佐嘉城,无,已登场,百武贤兼,足轻组头,直臣,龙造寺家,clan_ryuzoji_1,佐嘉城,无,已登场,百武贤兼,侍大将,直臣,龙造寺家,clan_ryuzoji_1,佐嘉城,无,已死亡,百武贤兼,无效,无效,无,,无效,无,已登场,百武贤兼,足轻组头,直臣,龙造寺家,佐嘉城,无,已登场,百武贤兼,侍大将,直臣,龙造寺家,佐嘉城,无,已登场,百武贤兼,大名,首领,百武家,高远城,无,,"[{""stage"":"""",""tkid"":""606"",""ref"":""606"",""emotion"":0}]",,TAIKOU_bio_606,龍造寺家臣。龍造寺天王之一。其勇猛一可當百，獲主公隆信賜姓「百武」。參加今山之戰等多次會戰。沖田綴之戰時守衛在隆信身邊，與有馬軍作戰時陣亡。
lord_tk5_607,607,607,,平井经治,平井經治,平井,经治,Hirai Keiji,saikai,1,1515,1555,1574,战死,,,,,,只限武将,15,15,性急,普通,理想,慎重,重视情义,55,武具,无欲,普通,其他,刀剑,55,55,55,55,55,3,2,2,2,0,2,2,0,0,0,0,0,0,0,0,0,无,强袭，拔突，铁壁,无,无要求,,,已登场,平井经治,部将,直臣,有马家,clan_arima_1,日野江城,无,已登场,平井经治,家老,直臣,有马家,clan_arima_1,日野江城,无,已登场,平井经治,部将,陪臣（有马义贞）,龙造寺家,clan_arima_1,日野江城,无,已死亡,平井经治,无效,无效,无,,无效,无,已死亡,平井经治,无效,无效,无,,无效,无,已死亡,平井经治,无效,无效,无,,无效,无,已登场,平井经治,部将,直臣,有马家,日野江城,无,已死亡,平井经治,无效,无效,无,无效,无,已登场,平井经治,浪人,其他,无,平户之町,无,,"[{""stage"":"""",""tkid"":""607"",""ref"":""607"",""emotion"":0}]",,TAIKOU_bio_607,有馬家家臣。有馬晴純的女婿。少貳家一族。三度擊退龍造寺家侵略的猛將。其後與龍造寺家維持極為短暫的和睦關係後，再告決裂。在受到鍋島直茂所率領的大軍攻擊下而自殺身亡。傳說此人所統率的士兵們流行在出征前跳「須古舞蹈」以祈求戰爭勝利。
lord_tk5_608,608,608,,平岩亲吉,平岩親吉|平巖親吉,平岩,亲吉,Hiraiwa Chikayoshi,kanto,1,1542,1556,1611,病死,,,,,,全职种,85,85,温和,普通,理想,普通,重视情义,21,书籍,无欲,普通,其他,刀剑,47,42,58,63,64,0,0,0,0,0,0,0,0,1,2,1,1,2,1,0,0,无,强袭,无,无要求,,,未登场,平岩亲吉,足轻组头,陪臣（松平元康）,今川家,clan_tokugawa_1,骏府城,无,已登场,平岩亲吉,足轻组头,陪臣（松平元康）,今川家,clan_tokugawa_1,冈崎城,无,已登场,平岩亲吉,足轻组头,直臣,德川家,clan_tokugawa_1,冈崎城,无,已登场,平岩亲吉,足轻组头,陪臣（德川信康）,德川家,clan_tokugawa_2,冈崎城,无,已登场,平岩亲吉,足轻组头,直臣,德川家,clan_tokugawa_1,滨松城,无,已登场,平岩亲吉,城主,直臣,德川家,clan_tokugawa_1,厩桥城,无,未登场,平岩亲吉,足轻组头,直臣,松平家,冈崎城,无,已登场,平岩亲吉,足轻组头,直臣,德川家,滨松城,无,已登场,平岩亲吉,浪人,其他,无,平户之町,无,,"[{""stage"":"""",""tkid"":""608"",""ref"":""608"",""emotion"":0}]",,TAIKOU_bio_608,德川家臣。家康為人質時起侍奉家康。雖然固執，但為人溫厚誠實，受到家康信任，曾任長子松平信康的監護人。信康自殺後，引咎幽禁。後蒙家康之命復出，任九子義直的監護人。
lord_tk5_609,609,609,,平冈房实,平岡房實,平冈,房实,Hiraoka Fusami,nankai,1,1536,1554,1597,病死,,,,,,只限武将,58,58,普通,勇敢,普通,轻率,重视情义,39,武具,普通,普通,其他,刀剑,63,41,53,55,40,2,1,2,2,1,1,1,0,0,1,0,1,0,0,0,0,无,强袭,无,无要求,,,已登场,平冈房实,部将,直臣,河野家,clan_kawano_1,汤筑城,无,已登场,平冈房实,部将,直臣,河野家,clan_kawano_1,汤筑城,无,已登场,平冈房实,部将,直臣,河野家,clan_kawano_1,汤筑城,无,已登场,平冈房实,部将,直臣,河野家,clan_kawano_1,汤筑城,无,已登场,平冈房实,部将,直臣,河野家,clan_kawano_2,汤筑城,无,已死亡,平冈房实,无效,无效,无,,无效,无,已登场,平冈房实,部将,直臣,河野家,汤筑城,无,已登场,平冈房实,部将,直臣,河野家,汤筑城,无,已登场,平冈房实,浪人,其他,无,平户之町,无,,"[{""stage"":"""",""tkid"":""609"",""ref"":""609"",""emotion"":0}]",,TAIKOU_bio_609,河野家臣。伊予花原城主。在主家的家臣大野氏、和田氏等家臣團相繼謀反之時，同這些逆臣作戰。另一方面還同大友家等周邊諸國作戰以防止他們的進攻，為其主家東奔西走。
lord_tk5_610,610,610,,平贺元相,平賀元相,平贺,元相,Hiraga Motomasa,sanyo,1,1547,1561,1645,病死,,,,,,全职种,37,37,普通,普通,普通,慎重,普通,50,书籍,普通,普通,藤原氏,刀剑,36,48,51,54,51,0,0,0,0,0,1,0,0,0,1,1,0,1,1,0,0,无,强袭,无,无要求,,,未登场,平贺元相,足轻组头,直臣,毛利家,clan_mori_1,吉田郡山城,无,已登场,平贺元相,足轻组头,直臣,毛利家,clan_mori_1,吉田郡山城,无,已登场,平贺元相,足轻组头,直臣,毛利家,clan_mori_1,吉田郡山城,无,已登场,平贺元相,足轻组头,直臣,毛利家,clan_mori_2,吉田郡山城,无,已登场,平贺元相,足轻组头,直臣,毛利家,clan_mori_2,吉田郡山城,无,已登场,平贺元相,家老,直臣,毛利家,clan_mori_2,广岛城,无,未登场,平贺元相,足轻组头,直臣,毛利家,吉田郡山城,无,已登场,平贺元相,足轻组头,直臣,毛利家,吉田郡山城,无,已登场,平贺元相,浪人,其他,无,平户之町,无,,"[{""stage"":"""",""tkid"":""610"",""ref"":""610"",""emotion"":0}]",,TAIKOU_bio_610,毛利家臣。廣相之子。平賀家是領有安藝高屋保的豪族。父親廣相在毛利元就乾預下繼任家督，與隆元、隆景、元春等結為義兄弟。其父去世後繼承了家督之位，以安藝本地武士身份侍奉毛利家。
lord_tk5_611,611,611,,平手泛秀,平手汎秀,平手,泛秀,Hirate Hanyu,tokai,1,1537,1554,1572,战死,lord_tk5_805,,,,lord_tk5_805,只限武将,91,91,普通,普通,理想,轻率,重视情义,42,武具,无欲,嗜酒如命,源氏,枪,55,56,23,34,49,1,2,1,0,0,1,0,0,0,0,0,0,0,0,0,1,无,拔突,无,无要求,,,已登场,平手泛秀,足轻大将,直臣,织田家,clan_oda_1,清洲城,无,已登场,平手泛秀,足轻大将,直臣,织田家,clan_oda_1,清洲城,无,已登场,平手泛秀,足轻大将,直臣,织田家,clan_oda_1,岐阜城,无,已死亡,平手泛秀,无效,无效,无,,无效,无,已死亡,平手泛秀,无效,无效,无,,无效,无,已死亡,平手泛秀,无效,无效,无,,无效,无,未登场,平手泛秀,足轻组头,陪臣（平手政秀）,织田家,那古野城,无,已死亡,平手泛秀,无效,无效,无,无效,无,已登场,平手泛秀,浪人,其他,无,平户之町,无,,"[{""stage"":"""",""tkid"":""611"",""ref"":""611"",""emotion"":0}]",,TAIKOU_bio_611,織田家家臣。政秀之三男。人稱甚左衛門。奉信長之令救援遭受武田信玄侵略的德川家康。在三方原衝鋒陷陣進入武田信玄的本陣而身亡。共同出征的佐久間信盛其後遭信長流放，罪名之一是「棄汎秀於不顧」。
lord_tk5_612,612,612,,平野长泰,平野長泰,平野,长泰,Hirano Nagayasu,kinai,1,1559,1573,1628,病死,,,,,,只限武将,10,10,普通,勇敢,普通,轻率,普通,57,武具,普通,普通,平氏,枪,64,69,60,38,69,2,1,0,0,2,3,1,0,2,0,0,0,0,0,0,0,无,强袭，连续斩，拔突，粘花，刚弓，卷枪，引落，柄返，刚力，铁壁,无,无要求,,,未登场,平野长泰,浪人,其他,无,,清洲之町,无,未登场,平野长泰,浪人,其他,无,,清洲之町,无,未登场,平野长泰,浪人,其他,无,,清洲之町,无,已登场,平野长泰,浪人,其他,无,,清洲之町,无,已登场,平野长泰,足轻组头,陪臣（羽柴秀吉）,织田家,clan_kinoshita_1,姬路城,无,已登场,平野长泰,部将,直臣,丰臣家,clan_kinoshita_1,大坂城,无,未登场,平野长泰,浪人,其他,无,清洲之町,无,已登场,平野长泰,足轻组头,直臣,羽柴家,石山本愿寺,无,已登场,平野长泰,浪人,其他,无,平户之町,无,,"[{""stage"":"""",""tkid"":""612"",""ref"":""612"",""emotion"":0}]",,TAIKOU_bio_612,豐臣家臣。長治之子。秀吉家侍童。由於在賤岳之戰中出色表現被列為賤岳七本槍之一，獲秀吉所贈軍功獎狀。其後改姓豐臣，關原之戰時屬於東軍，後侍奉德川秀忠。
lord_tk5_613,613,613,,风魔小太郎,風魔小太郎,风魔,小太郎,Fuuma Kotaroo,kanto,1,1537,1554,1616,病死,,,,,,没那个意思,82,82,普通,勇敢,现实,慎重,重视情义,29,武具,无欲,嗜酒如命,其他,苦无,66,91,3,87,50,2,1,1,1,1,3,1,4,0,0,1,2,0,2,0,3,狮子奋迅，城门爆破，幻惑之术，雷爆之术，错乱之术,强袭，连续斩，拔突，二连苦无，半月，猛毒苦无，十字投，乱苦无，叠返之术，刚力，铁壁，伤药，影缝之术,苦无高手,一般条件,,,已登场,风魔小太郎,头目,首领,风魔众,clan_fuuma_1,风魔之里,无,已登场,风魔小太郎,头目,首领,风魔众,clan_fuuma_1,风魔之里,无,已登场,风魔小太郎,头目,首领,风魔众,clan_fuuma_1,风魔之里,无,已登场,风魔小太郎,头目,首领,风魔众,clan_fuuma_1,风魔之里,无,已登场,风魔小太郎,头目,首领,风魔众,clan_fuuma_1,风魔之里,无,已登场,风魔小太郎,浪人,其他,无,,江户之町,无,已登场,风魔小太郎,头目,首领,风魔众,风魔之里,无,已登场,风魔小太郎,头目,首领,风魔众,风魔之里,无,已登场,风魔小太郎,侍大将,直臣,小笠原家,小仓城,无,,"[{""stage"":"""",""tkid"":""613"",""ref"":""613"",""emotion"":0}]",,TAIKOU_bio_613,相州亂波風魔派領袖。致力於收集情報和騷擾敵後，暗中扶助了北條家族。風魔黨的頭目每一代都號稱「小太郎」，其真實面目不詳。據傳身高７尺２寸，兩目突出，牙出唇外。
lord_tk5_614,614,614,,深水长智,深水長智,深水,长智,Fukamizu Nagatomo,saikai,1,1532,1554,1590,病死,,,,,,只限武将,40,40,温和,普通,普通,慎重,普通,44,书籍,普通,普通,藤原氏,刀剑,50,19,76,82,72,0,0,0,0,0,0,0,0,1,1,0,0,3,3,1,0,无,强袭,无,无要求,,,已登场,深水长智,侍大将,直臣,相良家,clan_sagara_1,人吉城,无,已登场,深水长智,侍大将,直臣,相良家,clan_sagara_2,人吉城,无,已登场,深水长智,部将,直臣,相良家,clan_sagara_2,人吉城,无,已登场,深水长智,侍大将,直臣,相良家,clan_sagara_2,人吉城,无,已登场,深水长智,侍大将,直臣,相良家,clan_sagara_2,人吉城,无,已死亡,深水长智,无效,无效,无,,无效,无,已登场,深水长智,部将,直臣,相良家,人吉城,无,已登场,深水长智,侍大将,直臣,相良家,人吉城,无,已登场,深水长智,水夫,直臣,淡路水军,洲本之砦,无,,"[{""stage"":"""",""tkid"":""614"",""ref"":""614"",""emotion"":0}]",,TAIKOU_bio_614,相良家臣。是侍奉義陽、忠房、賴房三代的重臣。他確保了戰死的義陽之子忠房的地位，在島津家得以認可，另外，在秀吉遠征九州之時，獲得許可保住了領地。運用其外交手腕為主家的延續做出了貢獻。
lord_tk5_615,615,615|1178,,福岛正则,福島正則,福岛,正则,Fukushima Masanori,tokai,1,1561,1575,1624,病死,,,,,,只限武将,1,1,性急,勇敢,普通,轻率,重视情义,67,武具,贪心,嗜酒如命,平氏,枪,86,88,33,29,76,4,4,3,0,2,3,2,0,0,0,0,0,0,0,1,0,强行突破，骑射突击,强袭，连续斩，拔突，粘花，急所击，刚弓，卷枪，引落，柄返，刚力，铁壁,枪术能手,一般条件,,,未登场,福岛正则,浪人,其他,无,,清洲之町,无,未登场,福岛正则,足轻组头,直臣,织田家,clan_oda_1,清洲城,无,未登场,福岛正则,足轻组头,直臣,织田家,clan_oda_1,岐阜城,无,已登场,福岛正则,足轻组头,陪臣（羽柴秀吉）,织田家,clan_kinoshita_1,长滨城,无,已登场,福岛正则,足轻大将,陪臣（羽柴秀吉）,织田家,clan_kinoshita_1,姬路城,无,已登场,福岛正则,大名,首领,福岛家,clan_fukushima_1,清洲城,无,未登场,福岛正则,浪人,其他,无,清洲之町,无,已登场,福岛正则,侍大将,直臣,羽柴家,石山本愿寺,无,已登场,福岛正则,浪人,其他,无,鹿岛之町,无,"[{""stage"":""阵"",""tkid"":""615"",""ref"":"""",""emotion"":1},{""stage"":""素"",""tkid"":""1178"",""ref"":"""",""emotion"":1}]","[{""stage"":""阵"",""tkid"":""615"",""ref"":""615"",""emotion"":1},{""stage"":""素"",""tkid"":""1178"",""ref"":""1178"",""emotion"":1}]",,TAIKOU_bio_615,豐臣家臣。母親是秀吉之母的妹妹。幼名市松。賤岳七杆槍中排名第一。９歲時與加藤清正，一起被秀吉收養。１８歲時從軍攻打中國，屢建戰功。關原之戰時作為東軍的主力而奮戰。奪取了安藝廣島，卻被貶為平民。
lord_tk5_616,616,616,,福留亲政,福留親政,福留,亲政,Fukudome Chikamasa,nankai,1,1530,1554,1577,病死,,,,,lord_tk5_617,只限武将,78,78,普通,勇敢,普通,轻率,重视情义,70,武具,普通,普通,其他,刀剑,57,73,38,48,56,2,2,2,1,3,2,0,0,0,0,0,0,0,0,0,0,无,强袭，拔突，刚弓，铁壁,无,无要求,,,已登场,福留亲政,侍大将,直臣,长宗我部家,clan_fukudome_1,冈丰城,无,已登场,福留亲政,侍大将,直臣,长宗我部家,clan_fukudome_1,冈丰城,无,已登场,福留亲政,侍大将,直臣,长宗我部家,clan_fukudome_1,冈丰城,无,已登场,福留亲政,侍大将,直臣,长宗我部家,clan_fukudome_1,冈丰城,无,已死亡,福留亲政,无效,无效,无,clan_chosokabe_2,无效,无,已死亡,福留亲政,无效,无效,无,,无效,无,已登场,福留亲政,侍大将,直臣,长宗我部家,冈丰城,无,已死亡,福留亲政,无效,无效,无,无效,无,已登场,福留亲政,浪人,其他,无,小滨之町,无,,"[{""stage"":"""",""tkid"":""616"",""ref"":""616"",""emotion"":0}]",,TAIKOU_bio_616,長宗我部家臣。受賜家主名中一字，名曰親政。其勇猛在家族中首屈一指，據說憑其武功曾獲得２１次軍功獎狀。特別是與安藝國虎一役，其勝利得益於「福留荒切」之功。
lord_tk5_617,617,617,,福留仪重,福留儀重,福留,仪重,Fukudome Yoshishige,nankai,1,1549,1563,1586,病死,lord_tk5_616,,,,lord_tk5_616,全职种,78,78,普通,勇敢,普通,轻率,重视情义,56,武具,普通,嗜酒如命,其他,刀剑,46,70,39,45,49,2,2,2,0,0,0,0,1,0,0,0,0,0,1,0,0,无,强袭,无,无要求,,,未登场,福留仪重,足轻组头,陪臣（福留亲政）,长宗我部家,clan_fukudome_1,冈丰城,无,已登场,福留仪重,足轻组头,陪臣（福留亲政）,长宗我部家,clan_fukudome_1,冈丰城,无,已登场,福留仪重,足轻组头,陪臣（福留亲政）,长宗我部家,clan_fukudome_1,冈丰城,无,已登场,福留仪重,足轻组头,陪臣（福留亲政）,长宗我部家,clan_fukudome_1,冈丰城,无,已登场,福留仪重,侍大将,直臣,长宗我部家,clan_chosokabe_2,冈丰城,无,已死亡,福留仪重,无效,无效,无,,无效,无,未登场,福留仪重,足轻组头,陪臣（福留亲政）,长宗我部家,冈丰城,无,已登场,福留仪重,侍大将,直臣,长宗我部家,冈丰城,无,已登场,福留仪重,浪人,其他,无,龟山之町,无,,"[{""stage"":"""",""tkid"":""617"",""ref"":""617"",""emotion"":0}]",,TAIKOU_bio_617,長宗我部家臣。隼人。他是如同民謠中流傳的「類似於隼人」的武勇之將，為長宗我部家統一四國做出了貢獻。據說主公元親發佈禁酒令時，勸阻元親不要打碎密密運送的酒桶。
lord_tk5_618,618,618,,福原贞俊,福原貞俊,福原,贞俊,Fukuhara Sadatoshi,sanyo,1,1512,1554,1593,病死,,,,,,只限武将,36,36,温和,胆小,普通,慎重,重视情义,42,书籍,无欲,普通,其他,刀剑,48,42,69,61,59,0,0,0,0,0,0,0,0,2,3,2,2,2,2,1,0,无,强袭,无,无要求,,,已登场,福原贞俊,家老,直臣,毛利家,clan_mori_1,吉田郡山城,无,已登场,福原贞俊,家老,直臣,毛利家,clan_mori_1,吉田郡山城,无,已登场,福原贞俊,家老,直臣,毛利家,clan_mori_1,吉田郡山城,无,已登场,福原贞俊,家老,直臣,毛利家,clan_mori_2,吉田郡山城,无,已登场,福原贞俊,家老,直臣,毛利家,clan_mori_2,吉田郡山城,无,已死亡,福原贞俊,无效,无效,无,,无效,无,已登场,福原贞俊,家老,直臣,毛利家,吉田郡山城,无,已登场,福原贞俊,家老,直臣,毛利家,吉田郡山城,无,已登场,福原贞俊,浪人,其他,无,安土之町,无,,"[{""stage"":"""",""tkid"":""618"",""ref"":""618"",""emotion"":0}]",,TAIKOU_bio_618,毛利家臣。廣俊嫡子。任元就的首席家老，為人正直，表裡如一，深受毛利家信任。曾輔佐小早川隆景治理山陽地區。元就去世後成為四重臣之一，輔佐領主輝元處置主家的國事。
lord_tk5_619,619,619,,古田织部,古田織部|古田重然,古田,织部,Furuta Oribe,kinai,1,1544,1558,1615,战死,,,,,,全职种,10,10,温和,胆小,理想,慎重,普通,43,艺术品,普通,滴酒不沾,藤原氏,枪,13,7,58,14,52,0,0,0,0,0,0,0,0,0,1,0,0,2,0,4,0,无,拔突,风雅之士,一般条件,,,未登场,古田重然,足轻组头,陪臣（荒木村重）,三好家,clan_araki_1,有冈城,无,已登场,古田重然,足轻组头,陪臣（荒木村重）,三好家,clan_araki_1,有冈城,无,已登场,古田重然,足轻组头,陪臣（荒木村重）,织田家,clan_araki_1,有冈城,无,已登场,古田重然,足轻组头,陪臣（荒木村重）,织田家,clan_araki_1,有冈城,无,已登场,古田重然,足轻组头,直臣,织田家,clan_oda_1,安土城,无,已登场,古田重然,浪人,其他,无,,京之町,无,未登场,古田重然,浪人,其他,无,石山之町,无,已登场,古田重然,足轻组头,直臣,羽柴家,石山本愿寺,无,已登场,古田重然,浪人,其他,无,会津之町,无,,"[{""stage"":"""",""tkid"":""619"",""ref"":""619"",""emotion"":0}]",,TAIKOU_bio_619,豐臣家臣。名為重然，人稱織部。在茶和陶藝領域享譽世界的利休七賢之一。是織部燒的創始人，還充任各大名的茶師。關原之戰時跟從西軍。大阪一戰中，遭疑內通豐臣，被迫自殺。
lord_tk5_620,620,620,,不破光治,,不破,光治,Fuwa Mitsuji,tokai,1,1523,1554,1580,病死,,,,,,全职种,20,20,普通,普通,普通,普通,普通,50,武具,普通,普通,源氏,刀剑,60,50,50,50,48,1,2,0,0,0,1,1,1,0,1,0,0,0,0,0,0,无,强袭,无,无要求,,,已登场,不破光治,足轻大将,直臣,斋藤家,clan_saitoo_1,稻叶山城,无,已登场,不破光治,足轻大将,直臣,斋藤家,clan_saitoo_2,稻叶山城,无,已登场,不破光治,足轻大将,直臣,织田家,clan_oda_1,岐阜城,无,已登场,不破光治,足轻大将,直臣,织田家,clan_oda_1,岐阜城,无,已死亡,不破光治,无效,无效,无,,无效,无,已死亡,不破光治,无效,无效,无,,无效,无,已登场,不破光治,足轻大将,直臣,斋藤家,稻叶山城,无,已死亡,不破光治,无效,无效,无,无效,无,已登场,不破光治,浪人,其他,无,骏府之町,无,,"[{""stage"":"""",""tkid"":""620"",""ref"":""620"",""emotion"":0}]",,TAIKOU_bio_620,齋藤家臣。通直之子。美濃西保城主。與安藤、氏家、稻葉等號稱西美濃四人眾。主家滅亡後侍奉進入岐阜城的信長。信長平定北陸掌管領地，並成為柴田勝家的陪臣。
lord_tk5_621,621,621,,别所长治,別所長治,别所,长治,Bessho Nagaharu,sanyo,1,1558,1572,1580,战死,,,,lord_tk5_842,lord_tk5_842|lord_tk5_913,只限武将,45,45,普通,勇敢,普通,轻率,不重情义,79,武具,无欲,普通,源氏,刀剑,73,64,53,41,57,3,1,2,0,0,0,3,0,1,0,0,0,0,1,0,0,无,强袭,无,一般条件,,,未登场,别所长治,部将,陪臣（别所就治）,赤松家,clan_bessho_1,三木城,无,未登场,别所长治,部将,陪臣（别所就治）,赤松家,clan_bessho_1,三木城,无,已登场,别所长治,城主,直臣,赤松家,clan_bessho_2,三木城,无,已登场,别所长治,城主,直臣,赤松家,clan_bessho_2,三木城,无,已死亡,别所长治,无效,无效,无,clan_oda_1,无效,无,已死亡,别所长治,无效,无效,无,,无效,无,未登场,别所长治,部将,陪臣（别所就治）,赤松家,三木城,无,已死亡,别所长治,无效,无效,无,无效,无,已登场,别所长治,浪人,其他,无,长滨之町,无,,"[{""stage"":"""",""tkid"":""621"",""ref"":""621"",""emotion"":0}]",,TAIKOU_bio_621,播磨的豪族。三木城主。原為三木氏。應允作織田信長中國討伐軍的先鋒，後來與敵對的被派遣來的豐臣秀吉相抗戰。據守三木城２０個月，最後以換取城兵性命為條件切腹。
lord_tk5_622,622,622,,穗井田元清,,穗井田,元清,Hoitada Motokiyo,sanyo,1,1551,1565,1597,病死,lord_tk5_722,,,,lord_tk5_263|lord_tk5_264|lord_tk5_265|lord_tk5_314|lord_tk5_316|lord_tk5_370|lord_tk5_562|lord_tk5_720|lord_tk5_721|lord_tk5_722|lord_tk5_828,只限武将,35,35,温和,普通,普通,慎重,普通,34,艺术品,无欲,普通,其他,刀剑,60,61,50,51,53,1,2,1,0,0,1,2,0,0,1,0,0,0,0,0,1,百万一心,强袭,无,一般条件,,,未登场,穗井田元清,侍大将,直臣,毛利家,clan_hoitada_1,吉田郡山城,无,未登场,穗井田元清,侍大将,直臣,毛利家,clan_mori_1,吉田郡山城,无,已登场,穗井田元清,侍大将,直臣,毛利家,clan_mori_1,吉田郡山城,无,已登场,穗井田元清,侍大将,直臣,毛利家,clan_mori_2,吉田郡山城,无,已登场,穗井田元清,侍大将,直臣,毛利家,clan_mori_2,吉田郡山城,无,已死亡,穗井田元清,无效,无效,无,clan_mori_2,无效,无,未登场,穗井田元清,侍大将,直臣,毛利家,吉田郡山城,无,已登场,穗井田元清,城主,直臣,毛利家,樱尾城,无,已登场,穗井田元清,浪人,其他,无,滨松之町,无,,"[{""stage"":"""",""tkid"":""622"",""ref"":""622"",""emotion"":0}]",,TAIKOU_bio_622,毛利元就四子。繼承了備中豪族穗井田家。成功地輔佐年輕的主公輝元，攻取山中鹿之介據守的播磨上月城，在各地發揮著才能。後次子秀元成為輝元的義子，繼承家宗，恢復毛利本姓。
lord_tk5_623,623,623,,北条氏胜,北條氏勝,北条,氏胜,Hojo Shi,kanto,1,1559,1573,1611,病死,lord_tk5_625,,,lord_tk5_632,lord_tk5_625|lord_tk5_632,只限武将,82,82,普通,普通,普通,慎重,普通,60,武具,普通,滴酒不沾,平氏,刀剑,40,36,46,30,52,0,1,0,0,0,0,0,1,1,0,0,0,1,1,1,0,无,强袭,无,无要求,,,未登场,北条氏胜,足轻组头,陪臣（北条氏繁）,北条家,clan_hojo_5,玉绳城,无,未登场,北条氏胜,足轻组头,陪臣（北条氏繁）,北条家,clan_hojo_5,玉绳城,无,未登场,北条氏胜,足轻组头,陪臣（北条氏繁）,北条家,clan_hojo_5,玉绳城,无,已登场,北条氏胜,足轻组头,陪臣（北条纲成）,北条家,clan_hojo_6,玉绳城,无,已登场,北条氏胜,侍大将,陪臣（北条纲成）,北条家,clan_hojo_6,玉绳城,无,已登场,北条氏胜,城主,直臣,德川家,clan_tokugawa_1,佐仓城,无,未登场,北条氏胜,足轻组头,陪臣（北条氏繁）,北条家,玉绳城,无,已登场,北条氏胜,侍大将,陪臣（北条纲成）,北条家,玉绳城,无,已登场,北条氏胜,家老,直臣,北家,松前城,无,,"[{""stage"":"""",""tkid"":""623"",""ref"":""623"",""emotion"":0}]",,TAIKOU_bio_623,北條家臣。同族派。氏繁次子。兄長氏舜卒後，繼承家統做了玉繩城主。豐臣秀吉進攻小田原時守伊豆山中城，城破出逃，至玉繩城固守，後投降德川家康。戰後被赦罪並封祿。
lord_tk5_624,624,624,,北条氏邦,北條氏邦,北条,氏邦,Hojo Ujikuni,kanto,1,1541,1555,1597,病死,lord_tk5_630,,,北条氏纲,lord_tk5_117|lord_tk5_625|lord_tk5_626|lord_tk5_627|lord_tk5_628|lord_tk5_629|lord_tk5_630,只限武将,82,82,普通,普通,普通,慎重,普通,48,书籍,无欲,普通,平氏,刀剑,69,61,69,68,64,2,1,1,0,0,1,2,0,0,1,0,0,2,3,0,0,无,强袭,无,一般条件,,,未登场,北条氏邦,部将,陪臣（北条氏康）,北条家,clan_hojo_4,小田原城,无,已登场,北条氏邦,部将,直臣,北条家,clan_hojo_1,小田原城,无,已登场,北条氏邦,城主,直臣,北条家,clan_hojo_4,馆林城,无,已登场,北条氏邦,城主,直臣,北条家,clan_hojo_4,馆林城,无,已登场,北条氏邦,城主,直臣,北条家,clan_hojo_4,馆林城,无,已死亡,北条氏邦,无效,无效,无,clan_kinoshita_1,无效,无,未登场,北条氏邦,侍大将,直臣,北条家,小田原城,无,已登场,北条氏邦,国主,直臣,北条家,箕轮城,无,已登场,北条氏邦,家老,直臣,北家,松前城,无,,"[{""stage"":"""",""tkid"":""624"",""ref"":""624"",""emotion"":0}]",,TAIKOU_bio_624,北條家同族。氏康三子。氏政、氏照之弟。受命與上杉家的結盟談判，締約成功。豐臣秀吉進攻小田原時主張出擊，但未獲準，守缽形城抵抗前田利家的部隊。落敗後剃髮為僧，並歸順利家。
lord_tk5_625,625,625,,北条氏繁,北條氏繁,北条,氏繁,Hojo Ujishige,kanto,1,1536,1554,1578,病死,lord_tk5_632,,,北条氏纲,lord_tk5_117|lord_tk5_623|lord_tk5_624|lord_tk5_626|lord_tk5_628|lord_tk5_629|lord_tk5_630|lord_tk5_632,只限武将,82,82,普通,勇敢,普通,普通,重视情义,26,武具,普通,普通,平氏,刀剑,68,67,52,66,66,2,2,1,0,0,1,2,1,0,1,0,1,0,0,0,1,无,强袭,无,无要求,,,已登场,北条氏繁,侍大将,陪臣（北条纲成）,北条家,clan_hojo_5,玉绳城,无,已登场,北条氏繁,侍大将,陪臣（北条纲成）,北条家,clan_hojo_5,玉绳城,无,已登场,北条氏繁,侍大将,陪臣（北条纲成）,北条家,clan_hojo_5,玉绳城,无,已登场,北条氏繁,侍大将,陪臣（北条纲成）,北条家,clan_hojo_6,玉绳城,无,已死亡,北条氏繁,无效,无效,无,clan_hojo_6,无效,无,已死亡,北条氏繁,无效,无效,无,clan_tokugawa_1,无效,无,已登场,北条氏繁,侍大将,陪臣（北条纲成）,北条家,玉绳城,无,已死亡,北条氏繁,无效,无效,无,无效,无,已登场,北条氏繁,家老,直臣,北家,松前城,无,,"[{""stage"":"""",""tkid"":""625"",""ref"":""625"",""emotion"":0}]",,TAIKOU_bio_625,北條家臣。綱成之子。北條氏康賞賜一字，取名康成。氏康死後，改名氏繁繼承家業，成為相模玉繩城和下總飯沼城城主。有父親綱成之風采，勇猛出眾。
lord_tk5_626,626,626,,北条氏照,北條氏照,北条,氏照,Hojo Ujiteru,kanto,1,1540,1554,1590,战死,lord_tk5_630,,,北条氏纲,lord_tk5_117|lord_tk5_624|lord_tk5_625|lord_tk5_627|lord_tk5_628|lord_tk5_629|lord_tk5_630,只限武将,82,82,普通,普通,普通,轻率,重视情义,40,武具,贪心,普通,平氏,刀剑,72,71,62,55,63,3,2,1,0,1,1,3,0,1,1,0,0,1,0,0,0,无,强袭,无,一般条件,,,已登场,北条氏照,国主,直臣,北条家,clan_hojo_1,河越城,无,已登场,北条氏照,部将,直臣,北条家,clan_hojo_1,小田原城,无,已登场,北条氏照,城主,直臣,北条家,clan_hojo_1,河越城,无,已登场,北条氏照,城主,直臣,北条家,clan_hojo_2,八王子城,无,已登场,北条氏照,城主,直臣,北条家,clan_hojo_2,八王子城,无,已死亡,北条氏照,无效,无效,无,clan_kinoshita_1,无效,无,未登场,北条氏照,侍大将,直臣,北条家,小田原城,无,已登场,北条氏照,国主,直臣,北条家,八王子城,无,已登场,北条氏照,家老,直臣,北家,松前城,无,,"[{""stage"":"""",""tkid"":""626"",""ref"":""626"",""emotion"":0}]",,TAIKOU_bio_626,北條家同族。氏康次子。氏政之弟。在軍事與外交兩方面輔佐兄長氏政。活躍於屬國的東部地區。受命攻略下野和下總。在豐臣秀吉進攻小田原時戰敗，小田原陷落後，受秀吉之命與兄長同時自盡。
lord_tk5_627,627,627,,北条氏直,北條氏直,北条,氏直,Hojo Ujinao,kanto,1,1562,1576,1591,病死,lord_tk5_629,,,lord_tk5_630,lord_tk5_117|lord_tk5_624|lord_tk5_626|lord_tk5_628|lord_tk5_629|lord_tk5_630,只限武将,82,82,温和,胆小,现实,慎重,普通,42,艺术品,无欲,普通,平氏,刀剑,57,39,60,48,61,1,0,1,0,0,0,0,0,0,2,1,1,1,1,1,0,狮子奋迅,强袭,无,无要求,,,未登场,北条氏直,足轻组头,陪臣（北条氏政）,北条家,clan_hojo_2,小田原城,无,未登场,北条氏直,足轻组头,陪臣（北条氏政）,北条家,clan_hojo_2,小田原城,无,未登场,北条氏直,足轻组头,陪臣（北条氏政）,北条家,clan_hojo_2,小田原城,无,未登场,北条氏直,足轻组头,陪臣（北条氏政）,北条家,clan_hojo_2,小田原城,无,已登场,北条氏直,侍大将,直臣,北条家,clan_hojo_2,小田原城,无,已死亡,北条氏直,无效,无效,无,clan_kinoshita_1,无效,无,未登场,北条氏直,足轻组头,陪臣（北条氏政）,北条家,小田原城,无,已登场,北条氏直,侍大将,直臣,北条家,小田原城,无,已登场,北条氏直,部将,直臣,北家,松前城,无,,"[{""stage"":"""",""tkid"":""627"",""ref"":""627"",""emotion"":0}]",,TAIKOU_bio_627,北條家第５代領主。氏政嫡子。妻為家康之女。因為破壞了豐臣秀吉發佈的禁止為個人恩怨進行爭鬥的命令，受到秀吉的小田原討伐軍攻擊。經過三個月的守城之後，棄城投降。得救於德川家康的赦罪請求，流配高野山。不久在當地病死。
lord_tk5_628,628,628,,北条氏规,北條氏規,北条,氏规,Hojo Ujinori,kinai,1,1545,1559,1600,病死,lord_tk5_630,,,北条氏纲,lord_tk5_117|lord_tk5_624|lord_tk5_625|lord_tk5_626|lord_tk5_627|lord_tk5_629|lord_tk5_630,只限武将,82,92,温和,普通,现实,普通,重视情义,40,书籍,普通,普通,平氏,刀剑,60,43,68,77,66,1,1,1,0,0,0,2,0,0,1,0,2,2,3,2,1,狮子奋迅,强袭,无,一般条件,,,已登场,北条氏规,城主,直臣,北条家,clan_hojo_1,韭山城,无,已登场,北条氏规,部将,直臣,北条家,clan_hojo_1,小田原城,无,已登场,北条氏规,城主,直臣,北条家,clan_hojo_1,韭山城,无,已登场,北条氏规,城主,直臣,北条家,clan_hojo_2,韭山城,无,已登场,北条氏规,城主,直臣,北条家,clan_hojo_2,韭山城,无,已登场,北条氏规,家老,直臣,丰臣家,clan_kinoshita_1,大坂城,无,未登场,北条氏规,侍大将,直臣,北条家,小田原城,无,已登场,北条氏规,国主,直臣,北条家,韭山城,无,已登场,北条氏规,部将,直臣,北家,松前城,无,,"[{""stage"":"""",""tkid"":""628"",""ref"":""628"",""emotion"":0}]",,TAIKOU_bio_628,北條家同族。氏康四子。少時被送至今川家做人質，結交了境遇相同的德川家康。積極參與外交活動，曾參加對豐臣秀吉的和談。在秀吉征伐小田原時，守菲山城，經家康遊說獻城。
lord_tk5_629,629,629,,北条氏政,北條氏政,北条,氏政,Hojo Ujimasa,kanto,1,1538,1554,1590,战死,lord_tk5_630,,lord_tk5_1188,北条氏纲,lord_tk5_117|lord_tk5_624|lord_tk5_625|lord_tk5_626|lord_tk5_627|lord_tk5_628|lord_tk5_630,只限武将,82,82,普通,勇敢,普通,轻率,普通,82,艺术品,贪心,普通,平氏,刀剑,75,52,63,53,68,3,2,1,1,1,1,3,0,1,1,0,1,0,2,1,0,狮子奋迅,强袭,无,一般条件,北条三家老 大道寺政繁/远山纲景/松田宪秀,,已登场,北条氏政,家老,直臣,北条家,clan_hojo_2,小田原城,无,已登场,北条氏政,家老,直臣,北条家,clan_hojo_2,小田原城,无,已登场,北条氏政,家老,直臣,北条家,clan_hojo_2,小田原城,无,已登场,北条氏政,大名,首领,北条家,clan_hojo_2,小田原城,无,已登场,北条氏政,大名,首领,北条家,clan_hojo_2,小田原城,无,已死亡,北条氏政,无效,无效,无,clan_kinoshita_1,无效,无,已登场,北条氏政,家老,直臣,北条家,小田原城,无,已登场,北条氏政,大名,首领,北条家,小田原城,无,已登场,北条氏政,部将,陪臣（北条幻庵）,北家,大浦城,无,,"[{""stage"":"""",""tkid"":""629"",""ref"":""629"",""emotion"":0}]",,TAIKOU_bio_629,北條家４代領主。氏康長子。在優秀的弟兄和家臣們的支持下，征戰於越後和甲斐之間，在關東地方建立了疆域廣大的勢力。但是由於沒有聽從豐臣秀吉赴京都的命令而被小田原討伐部隊包圍，最終投降，兵敗自殺。
lord_tk5_630,630,630,,北条氏康,北條氏康,北条,氏康,Hojo Ujiyasu,kanto,1,1515,1554,1571,病死,北条氏纲,,,北条早云,lord_tk5_117|lord_tk5_624|lord_tk5_625|lord_tk5_626|lord_tk5_627|lord_tk5_628|lord_tk5_629|lord_tk5_631,只限武将,82,82,普通,勇敢,普通,普通,普通,88,武具,无欲,普通,平氏,刀剑,94,70,100,93,89,3,4,3,2,2,2,3,0,2,4,3,3,2,3,1,2,钓野伏，狮子奋迅，土龙攻,强袭，拔突，急所击，刚弓，铁壁，丢钱,名宰相,一般条件,,,已登场,北条氏康,大名,首领,北条家,clan_hojo_1,小田原城,无,已登场,北条氏康,大名,首领,北条家,clan_hojo_1,小田原城,无,已登场,北条氏康,大名,首领,北条家,clan_hojo_1,小田原城,无,已死亡,北条氏康,无效,无效,无,clan_hojo_2,无效,无,已死亡,北条氏康,无效,无效,无,clan_hojo_2,无效,无,已死亡,北条氏康,无效,无效,无,clan_kinoshita_1,无效,无,已登场,北条氏康,大名,首领,北条家,小田原城,无,已死亡,北条氏康,无效,无效,无,无效,无,已登场,北条氏康,部将,陪臣（北条幻庵）,北家,大浦城,无,,"[{""stage"":"""",""tkid"":""630"",""ref"":""630"",""emotion"":0}]",,TAIKOU_bio_630,相模的戰國大名。北條家第３代領主，氏綱嫡嗣。與武田信玄、上杉謙信等豪強對峙，在關東地區建立了一個龐大的國家。智勇雙全，於「河越夜戰」中殲滅十萬敵軍，馳名天下。同時還是優秀的政治家，鞏固了北條家的統治基礎。
lord_tk5_631,631,631,,北条幻庵,北條幻庵,北条,幻庵,Hojo Gen-an,kanto,1,1493,1554,1589,病死,北条早云,,,,lord_tk5_630,只限武将,82,82,普通,普通,理想,慎重,普通,22,艺术品,普通,滴酒不沾,平氏,刀剑,14,5,78,73,77,0,0,0,0,0,0,1,0,0,2,2,2,4,3,3,2,狮子奋迅,强袭,无,一般条件,,,已登场,北条幻庵,家老,直臣,北条家,clan_hojo_1,小田原城,无,已登场,北条幻庵,家老,直臣,北条家,clan_hojo_1,小田原城,无,已登场,北条幻庵,家老,直臣,北条家,clan_hojo_1,小田原城,无,已登场,北条幻庵,家老,直臣,北条家,clan_hojo_2,小田原城,无,已登场,北条幻庵,家老,直臣,北条家,clan_hojo_2,小田原城,无,已死亡,北条幻庵,无效,无效,无,,无效,无,已登场,北条幻庵,家老,直臣,北条家,小田原城,无,已登场,北条幻庵,家老,直臣,北条家,小田原城,无,已登场,北条幻庵,城主,直臣,北家,大浦城,无,,"[{""stage"":"""",""tkid"":""631"",""ref"":""631"",""emotion"":0}]",,TAIKOU_bio_631,北條家同族。早雲三子。是侍奉了北條家五代領主的家老級人物。曾任箱根權現第４０代別當。主要在外交領域活動，在文藝等廣闊領域裡展露了才能，氏康之女出嫁時，書贈「幻庵覺書」。
lord_tk5_632,632,632,,北条纲成,北條綱成,北条,纲成,Hojo Tsunashige,kanto,1,1515,1554,1587,病死,,,,,lord_tk5_623|lord_tk5_625,只限武将,82,82,普通,勇敢,普通,轻率,普通,19,武具,无欲,普通,平氏,枪,83,86,51,79,80,3,4,3,1,1,3,3,2,2,1,1,0,1,2,0,0,骑射突击，狮子奋迅,强袭，连续斩，拔突，粘花，二连苦无，急所击，卷枪，引落，柄返，刚力，铁壁,无,一般条件,,,已登场,北条纲成,城主,直臣,北条家,clan_hojo_6,玉绳城,无,已登场,北条纲成,城主,直臣,北条家,clan_hojo_6,玉绳城,无,已登场,北条纲成,城主,直臣,北条家,clan_hojo_6,玉绳城,无,已登场,北条纲成,城主,直臣,北条家,clan_hojo_6,玉绳城,无,已登场,北条纲成,城主,直臣,北条家,clan_hojo_6,玉绳城,无,已死亡,北条纲成,无效,无效,无,clan_tokugawa_1,无效,无,已登场,北条纲成,城主,直臣,北条家,玉绳城,无,已登场,北条纲成,城主,直臣,北条家,玉绳城,无,已登场,北条纲成,家老,直臣,北家,松前城,无,,"[{""stage"":"""",""tkid"":""632"",""ref"":""632"",""emotion"":0}]",,TAIKOU_bio_632,北條家臣。福島正成之子。父親死後侍奉北條氏綱。其勇敢和為人得到認可，娶氏綱之女，成為同家族成員。河越之戰時十分活躍，使用在黃色布上墨書八幡的旗幟，被人敬畏稱之為「地黃八幡」。
lord_tk5_633,633,633,,宝藏院胤荣,寶藏院胤榮,宝藏院,胤荣,Hoozooin Inei,kinai,1,1521,1554,1607,病死,,,,,,没那个意思,80,80,普通,勇敢,现实,轻率,重视情义,63,武具,无欲,嗜酒如命,藤原氏,枪,42,92,39,67,71,0,0,0,0,0,4,2,2,0,0,0,0,3,2,2,0,无,强袭，连续斩，拔突，粘花，二连苦无，卷枪，飞鸟，引落，当身，柄返，刚力，铁壁，辱骂，大喝,枪术高手,一般条件,,,已登场,宝藏院胤荣,师范,其他,无,,奈良之町,宝藏院流,已登场,宝藏院胤荣,师范,其他,无,,奈良之町,宝藏院流,已登场,宝藏院胤荣,师范,其他,无,,奈良之町,宝藏院流,已登场,宝藏院胤荣,师范,其他,无,,奈良之町,宝藏院流,已登场,宝藏院胤荣,师范,其他,无,,奈良之町,宝藏院流,已登场,宝藏院胤荣,师范,其他,无,,奈良之町,宝藏院流,已登场,宝藏院胤荣,师范,其他,无,奈良之町,宝藏院流,已登场,宝藏院胤荣,师范,其他,无,奈良之町,宝藏院流,已登场,宝藏院胤荣,师范,其他,无,奈良之町,宝藏院流,,"[{""stage"":"""",""tkid"":""633"",""ref"":""633"",""emotion"":0}]",,TAIKOU_bio_633,槍術家。人稱覺禪坊。寶藏院流槍術的開山袓師。與柳生宗嚴（石舟齋）一同拜新陰流的上泉信綱為師，共同學習劍術。其後向神道流的成田大膳大夫學習槍術，加上其精心研究之下，創出寶藏院流十文字鎌槍的訣竅。據說此人晚年捨棄武藝，一心向佛。
lord_tk5_634,634,634,,保科正俊,,保科,正俊,Hoshina Masatoshi,tokai,1,1509,1554,1593,病死,,,,,,只限武将,70,70,性急,勇敢,普通,轻率,普通,65,武具,普通,嗜酒如命,源氏,枪,55,72,31,38,56,2,2,1,0,0,3,1,0,0,0,0,0,0,0,0,1,无,强袭，连续斩，拔突，粘花，卷枪，引落，柄返，刚力，铁壁,枪术名人,无要求,,,已登场,保科正俊,侍大将,陪臣（武田信廉）,武田家,clan_takeda_3,高远城,无,已登场,保科正俊,侍大将,陪臣（武田信廉）,武田家,clan_takeda_3,高远城,无,已登场,保科正俊,侍大将,陪臣（武田信廉）,武田家,clan_takeda_3,高远城,无,已登场,保科正俊,侍大将,陪臣（仁科盛信）,武田家,clan_nishina_1,高远城,无,已登场,保科正俊,侍大将,陪臣（穴山梅雪）,武田家,clan_anayama_1,骏府城,无,已死亡,保科正俊,无效,无效,无,,无效,无,已登场,保科正俊,侍大将,陪臣（武田信廉）,武田家,踯躅崎馆,无,已登场,保科正俊,城主,直臣,德川家,高远城,无,已登场,保科正俊,浪人,其他,无,江户之町,无,,"[{""stage"":"""",""tkid"":""634"",""ref"":""634"",""emotion"":0}]",,TAIKOU_bio_634,武田家臣。信濃高遠城主。彈正忠。做為信濃的對手派成員，從軍參加各地戰役。主家滅亡後侍奉德川家康。善于使長矛，綽號「長矛彈正」。做為戰國三彈正之一，其名為「甲陽兵鑑」所載。
lord_tk5_635,635,635,,安井道顿,安井道頓,安井,道顿,Yasui Doton,kinai,1,1533,1554,1615,战死,,,,,,武将以外优先,10,10,性急,勇敢,现实,轻率,重视情义,57,武具,贪心,嗜酒如命,其他,枪,43,60,66,38,60,1,0,0,0,0,2,0,1,4,2,2,0,1,4,0,0,无,强袭，拔突，铁壁,无,无要求,,,已登场,安井道顿,浪人,其他,无,,石山之町,无,已登场,安井道顿,浪人,其他,无,,石山之町,无,已登场,安井道顿,浪人,其他,无,,石山之町,无,已登场,安井道顿,浪人,其他,无,,石山之町,无,已登场,安井道顿,浪人,其他,无,,石山之町,无,已登场,安井道顿,浪人,其他,无,,大坂之町,无,已登场,安井道顿,浪人,其他,无,石山之町,无,已登场,安井道顿,浪人,其他,无,石山之町,无,已登场,安井道顿,浪人,其他,无,松江之町,无,,"[{""stage"":"""",""tkid"":""635"",""ref"":""635"",""emotion"":0}]",,TAIKOU_bio_635,大阪的商人。又稱成安道頓。因為參與興建豐臣秀吉的大阪城有功，因此獲得大阪城南的領土。此後，雖然將自己的全部財產使用於水路開鑿工程，但在大阪之陣時，入城後戰死。其後工程交由一族之人繼續完成，並且命名為「道頓堀」。
lord_tk5_636,636,636,,细川忠兴,細川忠興,细川,忠兴,Hosokawa Tadaoki,kinai,1,1563,1577,1645,病死,lord_tk5_638,,lord_tk5_1193,三渊晴员,lord_tk5_638|lord_tk5_874,全职种,98,98,温和,普通,现实,普通,不重情义,76,艺术品,普通,普通,源氏,刀剑,78,68,80,72,73,2,2,3,2,2,2,2,0,2,2,2,2,4,1,4,0,威风凛凛,强袭，拔突，急所击，刚弓，铁壁,风雅之士,一般条件,,,未登场,细川忠兴,足轻组头,陪臣（细川藤孝）,足利家,clan_hosokawa_1,朽木谷城,无,未登场,细川忠兴,足轻组头,陪臣（细川藤孝）,足利家,clan_hosokawa_1,二条城,无,未登场,细川忠兴,足轻组头,陪臣（细川藤孝）,足利家,clan_hosokawa_1,二条城,无,未登场,细川忠兴,足轻组头,陪臣（细川藤孝）,织田家,clan_hosokawa_1,岐阜城,无,已登场,细川忠兴,足轻大将,陪臣（细川藤孝）,织田家,clan_hosokawa_1,宫津城,无,已登场,细川忠兴,大名,首领,细川家,clan_hosokawa_1,宫津城,无,未登场,细川忠兴,足轻组头,陪臣（细川藤孝）,足利家,朽木谷城,无,已登场,细川忠兴,城主,直臣,羽柴家,宫津城,无,已登场,细川忠兴,浪人,其他,无,鹿岛之町,无,,"[{""stage"":"""",""tkid"":""636"",""ref"":""636"",""emotion"":0}]",,TAIKOU_bio_636,織田家臣。藤孝之子。娶明智光秀之女玉子為妾，但本能寺事變以後，跟隨秀吉，關原之戰時歸屬東軍。是位精通茶道、書法的學者，作戰也勇猛果敢。是利休七賢之一。
lord_tk5_637,637,637,,细川晴元,細川晴元,细川,晴元,Hosokawa Harumoto,kinai,1,1514,1554,1563,病死,,,,,,只限武将,1,5,性急,勇敢,理想,轻率,不重情义,52,艺术品,贪心,滴酒不沾,源氏,刀剑,24,31,35,58,57,0,0,0,0,0,1,0,0,0,0,0,0,3,2,2,1,威风凛凛,强袭,无,一般条件,,,已登场,细川晴元,家老,直臣,足利家,clan_ashikaga_1,朽木谷城,无,已登场,细川晴元,家老,直臣,足利家,clan_ashikaga_1,二条城,无,已死亡,细川晴元,无效,无效,无,,无效,无,已死亡,细川晴元,无效,无效,无,,无效,无,已死亡,细川晴元,无效,无效,无,,无效,无,已死亡,细川晴元,无效,无效,无,,无效,无,已登场,细川晴元,家老,直臣,足利家,朽木谷城,无,已死亡,细川晴元,无效,无效,无,无效,无,已登场,细川晴元,浪人,其他,无,鹿屋之町,无,,"[{""stage"":"""",""tkid"":""637"",""ref"":""637"",""emotion"":0}]",,TAIKOU_bio_637,細川京兆家當主。室町幕府管領。幸得家宰‧三好元長的鼎力相助，才得以擁立足立義晴之弟‧義維。成功地流放管領‧細川高國，因此確立了畿內的政權。但其後又立刻和元長之子‧長慶不和。最後被長慶逐出京都。
lord_tk5_638,638,638,,细川幽斋,細川幽齋|细川藤孝|細川藤孝,细川,幽斋,Hosokawa Yuu,kinai,1,1534,1554,1610,病死,三渊晴员,,,,lord_tk5_636|lord_tk5_874,只限武将,99,99,普通,勇敢,现实,轻率,普通,77,艺术品,普通,普通,源氏,刀剑,80,60,91,88,89,3,2,3,0,3,3,3,0,2,2,1,2,4,4,3,1,威吓，威风凛凛,强袭，连续斩，八神太刀，拔突，急所击，刚弓，神妙剑，刚力，金刚力，铁壁，气声，辱骂，大喝，克己,风雅之士，说客,一般条件,,,已登场,细川藤孝,侍大将,直臣,足利家,clan_hosokawa_1,朽木谷城,新当流,已登场,细川藤孝,侍大将,直臣,足利家,clan_hosokawa_1,二条城,新当流,已登场,细川藤孝,部将,直臣,足利家,clan_hosokawa_1,二条城,新当流,已登场,细川藤孝,侍大将,直臣,织田家,clan_hosokawa_1,岐阜城,新当流,已登场,细川藤孝,城主,直臣,织田家,clan_hosokawa_1,宫津城,新当流,已登场,细川幽斋,家老,直臣,细川家,clan_hosokawa_1,宫津城,新当流,已登场,细川藤孝,部将,直臣,足利家,朽木谷城,新当流,已登场,细川幽斋,家老,直臣,羽柴家,石山本愿寺,新当流,已登场,细川藤孝,浪人,其他,无,鹿屋之町,新当流,,"[{""stage"":"""",""tkid"":""638"",""ref"":""638"",""emotion"":0}]",,TAIKOU_bio_638,足利家臣，之後成為織田家臣。將軍義輝慘死後，與擁立其弟義昭的信長接近。之後，因義昭與信長不和，而跟隨信長。本能寺事變後又跟隨秀吉。是位精通古今，傳授中世歌學的學者。
lord_tk5_639,639,639,,堀尾忠氏,,堀尾,忠氏,Horio Tadauji,tokai,1,1578,1592,1604,病死,lord_tk5_640,,,,lord_tk5_640,全职种,10,90,温和,普通,普通,轻率,普通,30,艺术品,普通,普通,其他,刀剑,29,36,51,42,29,0,0,0,0,1,0,0,0,0,1,0,0,0,1,0,0,无,强袭,无,无要求,,,未登场,堀尾忠氏,浪人,其他,无,,井之口之町,无,未登场,堀尾忠氏,浪人,其他,无,,井之口之町,无,未登场,堀尾忠氏,足轻组头,陪臣（堀尾吉晴）,织田家,clan_horio_1,岐阜城,无,未登场,堀尾忠氏,足轻组头,陪臣（堀尾吉晴）,织田家,clan_horio_1,长滨城,无,未登场,堀尾忠氏,足轻组头,陪臣（堀尾吉晴）,织田家,clan_horio_1,姬路城,无,已登场,堀尾忠氏,大名,首领,堀尾家,clan_horio_1,滨松城,无,未登场,堀尾忠氏,浪人,其他,无,井之口之町,无,未登场,堀尾忠氏,足轻组头,陪臣（堀尾吉晴）,羽柴家,石山本愿寺,无,已登场,堀尾忠氏,浪人,其他,无,富山之町,无,,"[{""stage"":"""",""tkid"":""639"",""ref"":""639"",""emotion"":0}]",,TAIKOU_bio_639,豐臣家家臣。之後成為德川家家臣。吉晴的次男。受賜“德川秀忠”之一字而改名為忠氏，父親隱居後，順而繼承了濱松城主之位。關原合戰時，在秀忠旗下表現甚為活躍，建下戰功而得以加增移封至出雲松江，最後比其父先去世。
lord_tk5_640,640,640,,堀尾吉晴,堀尾茂助,堀尾,吉晴,Horio Yoshiharu,tokai,1,1544,1558,1611,病死,,,,,lord_tk5_639,全职种,10,10,温和,普通,普通,轻率,普通,25,武具,普通,滴酒不沾,其他,刀剑,63,50,68,66,63,1,0,1,0,0,0,0,2,3,2,2,2,1,2,0,2,无,强袭，二连苦无,无,一般条件,,,未登场,堀尾茂助,浪人,其他,无,,井之口之町,无,已登场,堀尾茂助,浪人,其他,无,,井之口之町,无,已登场,堀尾吉晴,足轻组头,陪臣（木下藤吉郎）,织田家,clan_horio_1,岐阜城,无,已登场,堀尾吉晴,足轻组头,陪臣（羽柴秀吉）,织田家,clan_horio_1,长滨城,无,已登场,堀尾吉晴,足轻大将,陪臣（羽柴秀吉）,织田家,clan_horio_1,姬路城,无,已登场,堀尾吉晴,家老,直臣,堀尾家,clan_horio_1,滨松城,无,未登场,堀尾茂助,浪人,其他,无,井之口之町,无,已登场,堀尾吉晴,部将,直臣,羽柴家,石山本愿寺,无,已登场,堀尾茂助,浪人,其他,无,厩桥之町,无,,"[{""stage"":"""",""tkid"":""640"",""ref"":""640"",""emotion"":0}]",,TAIKOU_bio_640,豐臣家臣。人稱茂助。豐臣政權三老之一。重感情，有「佛心茂助」之稱。山崎戰鬥中最先登上天王山，立下了許多戰功。秀吉故去後，為避免德川家康與前田利家的對立竭盡全力。
lord_tk5_641,641,641,,堀直政,,堀,直政,Horii Naomasa,hokuriku,1,1547,1561,1608,病死,,,,,,全职种,0,5,普通,普通,普通,轻率,普通,52,武具,普通,嗜酒如命,藤原氏,刀剑,57,56,58,49,56,2,0,1,0,0,0,1,0,1,2,0,0,0,1,0,0,无,强袭,无,一般条件,,,未登场,堀直政,浪人,其他,无,,井之口之町,无,未登场,堀直政,浪人,其他,无,,井之口之町,无,已登场,堀直政,足轻组头,直臣,织田家,clan_oda_1,岐阜城,无,已登场,堀直政,足轻组头,直臣,织田家,clan_oda_1,岐阜城,无,已登场,堀直政,侍大将,直臣,织田家,clan_oda_1,安土城,无,已登场,堀直政,家老,直臣,堀家,clan_horii_1,春日山城,无,未登场,堀直政,足轻组头,直臣,斋藤家,稻叶山城,无,已登场,堀直政,部将,陪臣（堀秀政）,羽柴家,长滨城,无,已登场,堀直政,浪人,其他,无,松江之町,无,,"[{""stage"":"""",""tkid"":""641"",""ref"":""641"",""emotion"":0}]",,TAIKOU_bio_641,織田家家臣。奧田直純之子。與堂兄弟‧堀秀政一同仕官於織田信長。因為彼此立下一個約定，誰先出人頭地便侍奉對方，因而他成為了秀政的家臣，並且獲賜「堀」的姓氏。秀政死後跟隨秀治，其後成為了越後三條城主。
lord_tk5_642,642,642,,堀内氏善,堀內氏善,堀内,氏善,Horiuchi Shizen,kinai,1,1549,1560,1615,病死,,,,,,全职种,70,70,普通,普通,普通,轻率,不重情义,54,艺术品,贪心,嗜酒如命,源氏,刀剑,38,36,27,22,23,0,0,1,2,2,0,0,2,0,0,1,0,2,1,0,1,无,强袭，二连苦无，刚弓,无,无要求,,,已登场,堀内氏善,城主,直臣,畠山家,clan_hatakeyama_1,新宫城,无,已登场,堀内氏善,城主,直臣,畠山家,clan_hatakeyama_1,新宫城,无,已登场,堀内氏善,城主,直臣,织田家,clan_oda_1,新宫城,无,已登场,堀内氏善,城主,直臣,织田家,clan_oda_1,新宫城,无,已登场,堀内氏善,城主,直臣,织田家,clan_oda_1,新宫城,无,已登场,堀内氏善,城主,直臣,九鬼家,clan_kuki_3,新宫城,无,未登场,堀内氏善,浪人,其他,无,杂贺之町,无,已登场,堀内氏善,城主,直臣,羽柴家,新宫城,无,已登场,堀内氏善,浪人,其他,无,直江津之町,无,,"[{""stage"":"""",""tkid"":""642"",""ref"":""642"",""emotion"":0}]",,TAIKOU_bio_642,豐臣家家臣。熊野新宮的別當。秀吉攻擊紀州時，投降成為旗下家臣。在朝鮮出兵時率領水軍作戰。關原合戰時與其義父‧久鬼嘉隆一同隸屬於西軍，攻至伊勢時，聽聞西軍敗北的情報而撤退。戰後領地雖然被沒收，而後又出仕侍奉加藤清正。
lord_tk5_643,643,643,,堀秀治,,堀,秀治,Horii Hideharu,hokuriku,1,1576,1590,1606,病死,lord_tk5_644,,,,lord_tk5_644,全职种,90,90,普通,胆小,现实,慎重,重视情义,40,南蛮物,普通,滴酒不沾,藤原氏,刀剑,44,38,42,42,41,0,0,0,0,1,0,1,0,1,0,0,1,1,1,1,0,无,强袭,无,无要求,,,未登场,堀秀治,足轻组头,陪臣（堀秀政）,斋藤家,clan_horii_1,稻叶山城,无,未登场,堀秀治,足轻组头,陪臣（堀秀政）,织田家,clan_horii_1,清洲城,无,未登场,堀秀治,足轻组头,陪臣（堀秀政）,织田家,clan_horii_1,岐阜城,无,未登场,堀秀治,足轻组头,陪臣（堀秀政）,织田家,clan_horii_1,岐阜城,无,未登场,堀秀治,足轻组头,陪臣（堀秀政）,织田家,clan_horii_1,安土城,无,已登场,堀秀治,大名,首领,堀家,clan_horii_1,春日山城,无,未登场,堀秀治,足轻组头,陪臣（堀秀政）,斋藤家,稻叶山城,无,未登场,堀秀治,足轻组头,陪臣（堀秀政）,羽柴家,长滨城,无,已登场,堀秀治,浪人,其他,无,骏府之町,无,,"[{""stage"":"""",""tkid"":""643"",""ref"":""643"",""emotion"":0}]",,TAIKOU_bio_643,豐臣家家臣。秀政之子。隨著秀吉參與小田原征伐等戰役。父親死後順而繼承越前北之庄城主之位。在秀吉晚年時被移封至越後春日山城。在關原合戰中隸屬於東軍，成功地牽制上杉景勝。
lord_tk5_644,644,644,,堀秀政,,堀,秀政,Horii Hidemasa,kinai,1,1553,1567,1590,病死,,,,,lord_tk5_643,只限武将,5,5,温和,普通,普通,轻率,普通,58,南蛮物,普通,普通,藤原氏,刀剑,70,42,63,54,58,2,1,2,1,1,3,2,0,1,1,0,0,3,2,1,1,无,强袭，连续斩，拔突，刚力，铁壁,无,无要求,,,未登场,堀秀政,足轻组头,直臣,斋藤家,clan_horii_1,稻叶山城,无,未登场,堀秀政,足轻组头,直臣,织田家,clan_horii_1,清洲城,无,已登场,堀秀政,足轻组头,直臣,织田家,clan_horii_1,岐阜城,无,已登场,堀秀政,足轻组头,直臣,织田家,clan_horii_1,岐阜城,无,已登场,堀秀政,侍大将,直臣,织田家,clan_horii_1,安土城,无,已死亡,堀秀政,无效,无效,无,clan_horii_1,无效,无,未登场,堀秀政,足轻组头,直臣,斋藤家,稻叶山城,无,已登场,堀秀政,国主,直臣,羽柴家,长滨城,无,已登场,堀秀政,浪人,其他,无,津山之町,无,,"[{""stage"":"""",""tkid"":""644"",""ref"":""644"",""emotion"":0}]",,TAIKOU_bio_644,織田家臣，後為豐臣家臣。從１３歲起就侍奉信長，屢建軍功。另一方面還擔當德川家康的鄉應役等，發揮其文武兩方面的才能。進攻中國後，歸屬秀吉，本能寺事變後，被賜與羽柴為姓，享受與家族同等待遇。
lord_tk5_645,645,645,,本因坊算砂,,本因坊,算砂,Honinbo Sansa,kanto,1,1558,1572,1623,病死,,,,,,全职种,4,4,温和,胆小,理想,慎重,普通,7,书籍,无欲,滴酒不沾,其他,枪,16,3,22,80,64,0,0,0,0,0,0,2,0,0,0,0,4,3,0,0,0,无,拔突，丢钱，贿赂,无,一般条件,,,未登场,本因坊算砂,浪人,其他,无,,京之町,无,未登场,本因坊算砂,浪人,其他,无,,京之町,无,未登场,本因坊算砂,浪人,其他,无,,京之町,无,已登场,本因坊算砂,浪人,其他,无,,京之町,无,已登场,本因坊算砂,浪人,其他,无,,京之町,无,已登场,本因坊算砂,足轻组头,直臣,德川家,clan_tokugawa_1,江户城,无,未登场,本因坊算砂,浪人,其他,无,京之町,无,已登场,本因坊算砂,浪人,其他,无,京之町,无,已登场,本因坊算砂,浪人,其他,无,小滨之町,无,,"[{""stage"":"""",""tkid"":""645"",""ref"":""645"",""emotion"":0}]",,TAIKOU_bio_645,棋士。本姓為加納。法名為日海。雖是出身於舞樂之家，卻遁入佛門專心鑽研圍棋。在織田信長上洛時，在信長面前展現其圍棋手腕，被稱讚為「名人」。此後，先後侍奉豐臣秀吉及德川家康。與安井‧井上‧林一同列為圍棋四大家。
lord_tk5_646,646,646,,本愿寺教如,本願寺教如,本愿寺,教如,Honganji Kyonyo,kinai,1,1558,1572,1614,病死,lord_tk5_647,,,lord_tk5_812,lord_tk5_647|lord_tk5_648|lord_tk5_812,没那个意思,50,50,性急,勇敢,普通,轻率,不重情义,89,武具,普通,普通,藤原氏,枪,71,75,39,57,84,2,2,2,1,1,2,2,1,1,0,0,0,1,2,1,1,百发百中,强袭，拔突，铁壁,策士,一般条件,,,未登场,本愿寺教如,部将,陪臣（本愿寺显如）,本愿寺,clan_honganji_1,石山本愿寺,无,未登场,本愿寺教如,家老,直臣,本愿寺,clan_honganji_1,石山本愿寺,无,未登场,本愿寺教如,家老,直臣,本愿寺,clan_honganji_1,石山本愿寺,无,已登场,本愿寺教如,家老,直臣,本愿寺,clan_honganji_1,石山本愿寺,无,已登场,本愿寺教如,浪人,其他,无,,石山之町,无,已登场,本愿寺教如,浪人,其他,无,,京之町,无,未登场,本愿寺教如,侍大将,陪臣（本愿寺显如）,本愿寺,石山本愿寺,无,已登场,本愿寺教如,浪人,其他,无,石山之町,无,已登场,本愿寺教如,浪人,其他,无,江户之町,无,,"[{""stage"":"""",""tkid"":""646"",""ref"":""646"",""emotion"":0}]",,TAIKOU_bio_646,大谷派本願寺第１２代法主。顯如長子。性情剛烈，與織田信長敦睦之後仍主張徹底抗戰。父親故去後，圍繞法位繼承問題與弟准如對立，最後准如根據豐臣秀吉的命令出任住持。後在德川家康的支持下，建立了東本願寺。
lord_tk5_647,647,647,,本愿寺显如,本願寺顯如,本愿寺,显如,Honganji Kennyo,kinai,1,1543,1554,1592,病死,lord_tk5_812,,,,lord_tk5_646|lord_tk5_648|lord_tk5_812,没那个意思,50,50,性急,普通,理想,普通,不重情义,88,书籍,普通,普通,藤原氏,火绳枪,92,55,84,91,93,4,0,3,1,0,1,3,1,2,1,1,1,3,4,2,2,齐射，激励，百发百中,急所击，二挺击,无,一般条件,,,已登场,本愿寺显如,大名,首领,本愿寺,clan_honganji_1,石山本愿寺,无,已登场,本愿寺显如,大名,首领,本愿寺,clan_honganji_1,石山本愿寺,无,已登场,本愿寺显如,大名,首领,本愿寺,clan_honganji_1,石山本愿寺,无,已登场,本愿寺显如,大名,首领,本愿寺,clan_honganji_1,石山本愿寺,无,已登场,本愿寺显如,浪人,其他,无,,石山之町,无,已死亡,本愿寺显如,无效,无效,无,,无效,无,未登场,本愿寺显如,家老,直臣,本愿寺,石山本愿寺,无,已登场,本愿寺显如,浪人,其他,无,石山之町,无,已登场,本愿寺显如,浪人,其他,无,堺之町,无,,"[{""stage"":"""",""tkid"":""647"",""ref"":""647"",""emotion"":0}]",,TAIKOU_bio_647,本願寺第１１代法主。證如之子。光佐。將謀圖以武力統一天下的織田信長叱為「佛敵」，支持一向宗門徒起義，進行徹底的抗爭。抗戰十年後接受講和降伏。後獲豐臣秀吉贈與位於京都七條堀河的土地。
lord_tk5_648,648,648,,本愿寺准如,本願寺准如|本願寺準如,本愿寺,准如,Honganji Junnyo,kinai,1,1577,1591,1630,病死,lord_tk5_647,,,lord_tk5_812,lord_tk5_646|lord_tk5_647|lord_tk5_812,没那个意思,50,50,温和,普通,普通,慎重,普通,55,书籍,普通,普通,藤原氏,枪,56,40,67,64,66,2,0,2,0,0,0,0,0,0,2,2,2,3,3,2,0,无,拔突,无,无要求,,,未登场,本愿寺准如,足轻组头,陪臣（本愿寺显如）,本愿寺,clan_honganji_1,石山本愿寺,无,未登场,本愿寺准如,足轻组头,直臣,本愿寺,clan_honganji_1,石山本愿寺,无,未登场,本愿寺准如,足轻组头,直臣,本愿寺,clan_honganji_1,石山本愿寺,无,未登场,本愿寺准如,足轻组头,直臣,本愿寺,clan_honganji_1,石山本愿寺,无,未登场,本愿寺准如,浪人,其他,无,,石山之町,无,已登场,本愿寺准如,浪人,其他,无,,大坂之町,无,未登场,本愿寺准如,足轻组头,陪臣（本愿寺显如）,本愿寺,石山本愿寺,无,未登场,本愿寺准如,浪人,其他,无,石山之町,无,已登场,本愿寺准如,浪人,其他,无,滨松之町,无,,"[{""stage"":"""",""tkid"":""648"",""ref"":""648"",""emotion"":0}]",,TAIKOU_bio_648,本願寺１２代法主。顯如之子。教如的異母兄弟。父顯如去世後，與兄爭奪法主位置，在豐臣秀吉的支持下，得到法主寶座。後來雖有教如分裂，建立東本願寺，但遷移了本願寺所在地，保持了隆盛。
lord_tk5_649,649,649,,北乡时久,北鄉時久,北乡,时久,Hongo Tokihisa,saikai,1,1530,1554,1596,病死,,,,,,只限武将,30,30,普通,普通,普通,慎重,普通,64,书籍,普通,普通,源氏,刀剑,54,47,52,62,52,2,1,2,0,0,0,0,1,0,1,0,0,1,2,0,0,无,强袭,无,无要求,,,已登场,北乡时久,侍大将,直臣,岛津家,clan_shimazu_1,内城,无,已登场,北乡时久,侍大将,直臣,岛津家,clan_shimazu_1,内城,无,已登场,北乡时久,侍大将,直臣,岛津家,clan_shimazu_1,内城,无,已登场,北乡时久,侍大将,直臣,岛津家,clan_shimazu_1,内城,无,已登场,北乡时久,侍大将,直臣,岛津家,clan_shimazu_1,内城,无,已死亡,北乡时久,无效,无效,无,,无效,无,已登场,北乡时久,侍大将,直臣,岛津家,内城,无,已登场,北乡时久,侍大将,直臣,岛津家,内城,无,已登场,北乡时久,家老,直臣,北家,松前城,无,,"[{""stage"":"""",""tkid"":""649"",""ref"":""649"",""emotion"":0}]",,TAIKOU_bio_649,島津家臣。日向豪族。庄內領主。追隨島津家，與伊東和肝付所屬勢力鬥爭，豐臣秀吉討伐九州時，向石田三成謝罪，以子為人質，受封為莊內領主。後被轉封到宮之城，將家主之位讓與弟弟忠虎。
lord_tk5_650,650,650,,本庄繁长,本莊繁長|本庄繁長,本庄,繁长,Honjo Sigenaga,ou,1,1539,1554,1613,病死,,,,,,全职种,33,33,普通,胆小,普通,轻率,不重情义,64,艺术品,贪心,普通,平氏,刀剑,64,67,57,56,62,1,2,1,0,2,2,2,0,0,0,0,1,0,1,0,0,车悬,强袭，拔突，刚弓，铁壁,无,无要求,,,已登场,本庄繁长,城主,直臣,长尾家,clan_uesugi_1,本庄城,无,已登场,本庄繁长,城主,直臣,长尾家,clan_uesugi_1,本庄城,无,已登场,本庄繁长,城主,直臣,武田家,clan_takeda_1,本庄城,无,已登场,本庄繁长,城主,直臣,上杉家,clan_uesugi_1,本庄城,无,已登场,本庄繁长,城主,直臣,上杉家,clan_uesugi_2,本庄城,无,已登场,本庄繁长,城主,直臣,上杉家,clan_uesugi_2,须贺川城,无,已登场,本庄繁长,城主,直臣,长尾家,本庄城,无,已登场,本庄繁长,城主,直臣,上杉家,本庄城,无,已登场,本庄繁长,浪人,其他,无,长滨之町,无,,"[{""stage"":"""",""tkid"":""650"",""ref"":""650"",""emotion"":0}]",,TAIKOU_bio_650,上杉家臣。房長之子，本莊城主。討伐殺父奪城的叔父小川長資，奪回居城，繼承了家督之位。雖曾勾結武田信玄謀反，後獲赦免重歸舊主，並積極參與各地的戰役，其後仕景勝，為福島城主。
lord_tk5_651,651,651,,本多重次,,本多,重次,Honda Shigetsugu,tokai,1,1529,1554,1596,病死,,,,,,只限武将,82,82,性急,勇敢,现实,普通,重视情义,44,书籍,无欲,嗜酒如命,藤原氏,刀剑,42,49,82,39,54,0,0,0,0,0,0,0,0,2,3,3,3,3,1,1,1,无,强袭，丢钱,无,一般条件,,,已登场,本多重次,足轻组头,陪臣（松平元康）,今川家,clan_tokugawa_1,骏府城,无,已登场,本多重次,足轻组头,陪臣（松平元康）,今川家,clan_tokugawa_1,冈崎城,无,已登场,本多重次,足轻组头,直臣,德川家,clan_tokugawa_1,冈崎城,无,已登场,本多重次,足轻组头,陪臣（德川信康）,德川家,clan_tokugawa_2,冈崎城,无,已登场,本多重次,足轻大将,直臣,德川家,clan_tokugawa_1,滨松城,无,已死亡,本多重次,无效,无效,无,,无效,无,已登场,本多重次,足轻组头,直臣,松平家,冈崎城,无,已登场,本多重次,足轻大将,直臣,德川家,滨松城,无,已登场,本多重次,浪人,其他,无,赤间关之町,无,,"[{""stage"":"""",""tkid"":""651"",""ref"":""651"",""emotion"":0}]",,TAIKOU_bio_651,德川家臣。重正之子。作左衛門。岡崎三奉行之一。綽號「神奇作左」。性格雖嚴厲，但率直公正。秀吉之母做家康人質時，重次曾慢待之，惹怒秀吉，因而遭到幽禁。
lord_tk5_652,652,652|1179,,本多忠胜,本多忠勝,本多,忠胜,Honda Tadakatsu,kanto,1,1548,1562,1610,病死,,,,,lord_tk5_653|lord_tk5_654,只限武将,90,90,性急,勇敢,普通,轻率,重视情义,45,武具,无欲,嗜酒如命,藤原氏,枪,92,89,62,58,79,3,4,3,1,3,3,3,2,1,0,0,0,0,0,1,0,骑射突击，三河武者,强袭，连续斩，拔突，粘花，二连苦无，急所击，刚弓，卷枪，引落，柄返，刚力，铁壁,枪术名人,一般条件,,,未登场,本多忠胜,足轻组头,陪臣（松平元康）,今川家,clan_honda_1,骏府城,无,已登场,本多忠胜,足轻组头,陪臣（松平元康）,今川家,clan_honda_1,冈崎城,无,已登场,本多忠胜,侍大将,直臣,德川家,clan_honda_1,冈崎城,无,已登场,本多忠胜,侍大将,直臣,德川家,clan_honda_1,滨松城,无,已登场,本多忠胜,侍大将,直臣,德川家,clan_honda_1,滨松城,无,已登场,本多忠胜,国主,直臣,德川家,clan_honda_1,久留里城,无,未登场,本多忠胜,足轻组头,直臣,松平家,冈崎城,无,已登场,本多忠胜,侍大将,直臣,德川家,滨松城,无,已登场,本多忠胜,浪人,其他,无,柳川之町,无,"[{""stage"":""枪"",""tkid"":""652"",""ref"":"""",""emotion"":1},{""stage"":""斗"",""tkid"":""1179"",""ref"":"""",""emotion"":1}]","[{""stage"":""枪"",""tkid"":""652"",""ref"":""652"",""emotion"":1},{""stage"":""斗"",""tkid"":""1179"",""ref"":""1179"",""emotion"":1}]",,TAIKOU_bio_652,德川家臣。又稱平八郎。忠政和忠朝之父。德川四天王之一，家中首屈一指的猛將，有「家康有所不及」之稱，使名槍「蜻蜒切」（其鋒利可使落在矛尖上的蜻蜒被切為兩段），據傳身經百戰，卻從未被傷到一絲一毫。
lord_tk5_653,653,653,,本多忠朝,,本多,忠朝,Honda Tadatomo,kanto,1,1582,1596,1615,战死,lord_tk5_652,,,,lord_tk5_652|lord_tk5_654,只限武将,90,90,性急,勇敢,理想,轻率,重视情义,72,艺术品,无欲,嗜酒如命,藤原氏,枪,69,79,45,34,68,3,3,2,1,2,3,1,0,0,0,0,0,1,0,0,0,无,强袭，连续斩，拔突，粘花，刚弓，卷枪，引落，柄返，刚力，铁壁,无,无要求,,,未登场,本多忠朝,足轻组头,陪臣（本多忠胜）,今川家,clan_honda_1,骏府城,无,未登场,本多忠朝,足轻组头,陪臣（本多忠胜）,今川家,clan_honda_1,冈崎城,无,未登场,本多忠朝,足轻组头,陪臣（本多忠胜）,德川家,clan_honda_1,冈崎城,无,未登场,本多忠朝,足轻组头,陪臣（本多忠胜）,德川家,clan_honda_1,滨松城,无,未登场,本多忠朝,足轻组头,陪臣（本多忠胜）,德川家,clan_honda_1,滨松城,无,已登场,本多忠朝,部将,陪臣（本多忠胜）,德川家,clan_honda_1,久留里城,无,未登场,本多忠朝,足轻组头,陪臣（本多忠胜）,松平家,冈崎城,无,未登场,本多忠朝,足轻组头,陪臣（本多忠胜）,德川家,滨松城,无,已登场,本多忠朝,浪人,其他,无,大坂之町,无,,"[{""stage"":"""",""tkid"":""653"",""ref"":""653"",""emotion"":0}]",,TAIKOU_bio_653,德川家臣。忠勝之次子，忠政之弟。隨父參加關原之戰，英勇奮戰，手中之刀砍殺得變形，不能收入刀鞘，受到德川家康稱讚。大阪夏之陣一役，充任天王寺口的先鋒，正面突擊毛利勝永的部隊，壯烈犧牲。
lord_tk5_654,654,654,,本多忠政,,本多,忠政,Honda Tadamasa,kanto,1,1575,1589,1631,病死,lord_tk5_652,,,,lord_tk5_652|lord_tk5_653,只限武将,90,90,温和,胆小,普通,轻率,普通,15,书籍,无欲,普通,藤原氏,枪,43,44,50,57,60,1,1,0,0,0,0,0,0,1,1,1,0,2,2,0,0,无,拔突,无,无要求,,,未登场,本多忠政,足轻组头,陪臣（本多忠胜）,今川家,clan_honda_1,骏府城,无,未登场,本多忠政,足轻组头,陪臣（本多忠胜）,今川家,clan_honda_1,冈崎城,无,未登场,本多忠政,足轻组头,陪臣（本多忠胜）,德川家,clan_honda_1,冈崎城,无,未登场,本多忠政,足轻组头,陪臣（本多忠胜）,德川家,clan_honda_1,滨松城,无,未登场,本多忠政,足轻组头,陪臣（本多忠胜）,德川家,clan_honda_1,滨松城,无,已登场,本多忠政,部将,陪臣（本多忠胜）,德川家,clan_honda_1,久留里城,无,未登场,本多忠政,足轻组头,陪臣（本多忠胜）,松平家,冈崎城,无,未登场,本多忠政,足轻组头,陪臣（本多忠胜）,德川家,滨松城,无,已登场,本多忠政,浪人,其他,无,出石之町,无,,"[{""stage"":"""",""tkid"":""654"",""ref"":""654"",""emotion"":0}]",,TAIKOU_bio_654,德川家臣。忠勝嫡子。忠朝之兄。參加小田原征伐，關原之戰和大阪之戰，受封播磨姬路１５萬石俸祿。娶家康長子信康之女。其子忠刻在豐臣家滅亡的轉年，迎娶了失去了秀賴的千姬。
lord_tk5_655,655,655,,本多正纯,本多正純,本多,正纯,Honda Masazumi,kanto,1,1565,1579,1637,病死,lord_tk5_656,,,,lord_tk5_656|lord_tk5_875,全职种,95,95,温和,胆小,现实,慎重,不重情义,66,书籍,贪心,普通,藤原氏,刀剑,12,24,90,83,73,0,0,0,0,0,0,1,1,3,3,3,4,2,3,1,0,无,强袭，丢钱，贿赂,能吏,一般条件,,,未登场,本多正纯,足轻组头,陪臣（本多正信）,今川家,clan_honda_2,骏府城,无,未登场,本多正纯,足轻组头,陪臣（本多正信）,今川家,clan_honda_2,冈崎城,无,未登场,本多正纯,足轻组头,陪臣（本多正信）,德川家,clan_honda_2,冈崎城,无,未登场,本多正纯,足轻组头,陪臣（本多正信）,德川家,clan_honda_2,滨松城,无,已登场,本多正纯,足轻组头,陪臣（本多正信）,德川家,clan_honda_2,滨松城,无,已登场,本多正纯,部将,直臣,德川家,clan_tokugawa_1,江户城,无,未登场,本多正纯,足轻组头,陪臣（本多正信）,松平家,冈崎城,无,已登场,本多正纯,足轻组头,陪臣（本多正信）,德川家,滨松城,无,已登场,本多正纯,浪人,其他,无,杂贺之町,无,,"[{""stage"":"""",""tkid"":""655"",""ref"":""655"",""emotion"":0}]",,TAIKOU_bio_655,德川家臣。正信嫡子。取信於家康，與父親一起為家康近侍。家康隱居後跟從駿府，以重臣身份參與內政與外交事務。後奉命製定「武家諸法度」。家康死後侍奉秀忠，施展了權勢。
lord_tk5_656,656,656,,本多正信,,本多,正信,Honda Masanobu,kanto,1,1538,1554,1616,病死,,,,,lord_tk5_655|lord_tk5_875,只限武将,90,90,温和,胆小,现实,轻率,不重情义,77,书籍,无欲,普通,藤原氏,刀剑,11,20,95,92,34,0,0,0,0,1,0,0,0,3,4,3,3,3,4,1,1,土龙攻，威吓,强袭，丢钱,说客，名奉行,一般条件,,,已登场,本多正信,足轻大将,陪臣（松平元康）,今川家,clan_honda_2,骏府城,无,已登场,本多正信,足轻大将,陪臣（松平元康）,今川家,clan_honda_2,冈崎城,无,已登场,本多正信,足轻组头,直臣,德川家,clan_honda_2,冈崎城,无,已登场,本多正信,足轻大将,直臣,德川家,clan_honda_2,滨松城,无,已登场,本多正信,侍大将,直臣,德川家,clan_honda_2,滨松城,无,已登场,本多正信,家老,直臣,德川家,clan_tokugawa_1,江户城,无,未登场,本多正信,足轻组头,直臣,松平家,冈崎城,无,已登场,本多正信,侍大将,直臣,德川家,滨松城,无,已登场,本多正信,浪人,其他,无,今治之町,无,,"[{""stage"":"""",""tkid"":""656"",""ref"":""656"",""emotion"":0}]",,TAIKOU_bio_656,德川家臣。正純之父。暗中支持德川政權的謀略家。一個時期參與三河一向暴動，叛離了主家，流浪於各國之間。復歸後被家康以友相稱，得到重用，在行政和外交謀略方面發揮了卓越的才能。
lord_tk5_657,657,657|1180,,前田庆次,前田慶次,前田,庆次,Maeda Keiji,ou,1,1550,1564,1612,病死,,,,泷川一胜,lord_tk5_442,全职种,0,16,性急,勇敢,理想,轻率,不重情义,78,南蛮物,贪心,嗜酒如命,其他,枪,62,88,2,51,95,3,2,3,0,3,3,0,3,0,0,0,0,3,2,3,1,破技之术，雾隐之术,强袭，连续斩，拔突，粘花，二连苦无，半月，急所击，刚弓，卷枪，引落，柄返，刚力，铁壁，克己,枪术名人，风雅之士,一般条件,,,未登场,前田庆次,足轻组头,直臣,织田家,clan_oda_1,清洲城,无,未登场,前田庆次,足轻组头,直臣,织田家,clan_oda_1,清洲城,无,已登场,前田庆次,足轻组头,陪臣（前田利家）,织田家,clan_maeda_1,岐阜城,无,已登场,前田庆次,足轻组头,直臣,织田家,clan_oda_1,岐阜城,无,已登场,前田庆次,足轻大将,陪臣（前田利家）,织田家,clan_maeda_1,七尾城,无,已登场,前田庆次,侍大将,直臣,上杉家,clan_uesugi_2,会津若松城,无,未登场,前田庆次,浪人,其他,无,清洲之町,无,已登场,前田庆次,足轻大将,直臣,前田家,尾山城,无,已登场,前田庆次,浪人,其他,无,弘前之町,无,"[{""stage"":""倾奇"",""tkid"":""657"",""ref"":"""",""emotion"":1},{""stage"":""若"",""tkid"":""1180"",""ref"":"""",""emotion"":1}]","[{""stage"":""倾奇"",""tkid"":""657"",""ref"":""657"",""emotion"":1},{""stage"":""若"",""tkid"":""1180"",""ref"":""1180"",""emotion"":1}]",,TAIKOU_bio_657,前田家臣，後為上衫家臣。名利益，亦稱利大。與瀧川一益有親戚關係，之後成為前田利家之兄利久之義子。人稱戰國第一傾奇者，長於歌道、連歌、茶道、舞蹈、古典等，並精通百般武藝。於關原合戰時參陣於上衫家。隱居後自號「忽之齋」。
lord_tk5_658,658,658,,前田玄以,,前田,玄以,Maeda Geni,kinai,1,1539,1554,1602,病死,,,,,,全职种,8,8,温和,胆小,现实,慎重,普通,45,南蛮物,普通,滴酒不沾,藤原氏,刀剑,6,6,80,72,65,0,0,0,0,0,0,0,0,0,2,2,3,3,3,3,3,无,强袭，伤药，丢钱,无,无要求,,,已登场,前田玄以,浪人,其他,无,,井之口之町,无,已登场,前田玄以,浪人,其他,无,,井之口之町,无,已登场,前田玄以,浪人,其他,无,,岐阜之町,无,已登场,前田玄以,足轻组头,陪臣（织田信忠）,织田家,clan_oda_3,岐阜城,无,已登场,前田玄以,足轻大将,陪臣（织田信忠）,织田家,clan_oda_3,岐阜城,无,已登场,前田玄以,家老,直臣,丰臣家,clan_kinoshita_1,大坂城,无,未登场,前田玄以,浪人,其他,无,井之口之町,无,已登场,前田玄以,足轻大将,直臣,织田家,长岛城,无,已登场,前田玄以,浪人,其他,无,弘前之町,无,,"[{""stage"":"""",""tkid"":""658"",""ref"":""658"",""emotion"":0}]",,TAIKOU_bio_658,豐臣家臣。丹波龜山城主。原為延歷寺僧人後還俗，侍奉織田信長之嫡子信忠。本能寺事變時，保護信忠之嫡子三法師從二條城突圍後為豐臣家五奉行之一，擔任京都所司代。
lord_tk5_659,659,659|1181,,前田利家,,前田,利家,Maeda Toshiie,hokuriku,1,1538,1554,1599,病死,,,lord_tk5_1182,,lord_tk5_660|lord_tk5_661,只限武将,0,2,普通,勇敢,普通,轻率,普通,71,艺术品,贪心,嗜酒如命,其他,枪,74,71,75,66,78,3,2,3,1,2,3,2,0,1,2,1,2,1,1,2,1,无,强袭，连续斩，拔突，粘花，急所击，刚弓，卷枪，引落，柄返，刚力，铁壁,枪术名人,一般条件,,,已登场,前田利家,足轻大将,直臣,织田家,clan_maeda_1,清洲城,无,已登场,前田利家,足轻大将,直臣,织田家,clan_maeda_1,清洲城,无,已登场,前田利家,侍大将,直臣,织田家,clan_maeda_1,岐阜城,无,已登场,前田利家,侍大将,直臣,织田家,clan_maeda_1,岐阜城,无,已登场,前田利家,城主,直臣,织田家,clan_maeda_1,七尾城,无,已登场,前田利家,大名,首领,前田家,clan_maeda_1,金泽城,无,未登场,前田利家,侍大将,直臣,织田家,那古野城,无,已登场,前田利家,大名,首领,前田家,尾山城,无,已登场,前田利家,浪人,其他,无,弘前之町,无,"[{""stage"":""枪"",""tkid"":""659"",""ref"":"""",""emotion"":1},{""stage"":""藩"",""tkid"":""1181"",""ref"":"""",""emotion"":1}]","[{""stage"":""枪"",""tkid"":""659"",""ref"":""659"",""emotion"":1},{""stage"":""藩"",""tkid"":""1181"",""ref"":""1181"",""emotion"":1}]",,TAIKOU_bio_659,織田家臣。利昌之四子。幼名犬千代。多次交戰均表現突出，人稱「槍之又左」。與秀吉交往甚久，雖是柴田勝家的陪臣，在賤岳之戰中卻對秀吉的勝利貢獻了力量。以後，侍奉豐臣家，成為五大老之一。
lord_tk5_660,660,660,,前田利长,前田利長,前田,利长,Maeda Toshinaga,hokuriku,1,1562,1576,1614,病死,lord_tk5_659,lord_tk5_1182,,,lord_tk5_659|lord_tk5_661,只限武将,88,82,温和,胆小,现实,轻率,普通,22,南蛮物,普通,普通,其他,枪,60,52,65,71,59,2,2,2,0,0,1,1,0,0,1,1,1,1,1,1,0,无,拔突,无,一般条件,,,未登场,前田利长,足轻组头,陪臣（前田利家）,织田家,clan_maeda_1,稻叶山城,无,未登场,前田利长,足轻组头,陪臣（前田利家）,织田家,clan_maeda_1,清洲城,无,未登场,前田利长,足轻组头,陪臣（前田利家）,织田家,clan_maeda_1,岐阜城,无,未登场,前田利长,足轻组头,陪臣（前田利家）,织田家,clan_maeda_1,岐阜城,无,已登场,前田利长,足轻组头,陪臣（前田利家）,织田家,clan_maeda_1,七尾城,无,已登场,前田利长,家老,直臣,前田家,clan_maeda_1,金泽城,无,未登场,前田利长,足轻组头,陪臣（前田利家）,织田家,那古野城,无,已登场,前田利长,足轻组头,直臣,前田家,尾山城,无,已登场,前田利长,浪人,其他,无,弘前之町,无,,"[{""stage"":"""",""tkid"":""660"",""ref"":""660"",""emotion"":0}]",,TAIKOU_bio_660,利家之嫡子。加賀前田家第２代家主。與其父利家一起侍從信長、秀吉，並立下功勞。繼承家督之位後，因謠傳他有謀反的徵兆，將其母芳春院作為人質交出而免遭討伐。關原之戰歸屬東軍，領加賀１００萬石。
lord_tk5_661,661,661,,前田利政,,前田,利政,Maeda Toshimasa,hokuriku,1,1578,1592,1633,病死,lord_tk5_659,,,,lord_tk5_659|lord_tk5_660,只限武将,15,15,性急,勇敢,理想,轻率,不重情义,75,武具,普通,普通,其他,枪,61,46,55,19,52,1,1,1,0,1,1,1,0,1,1,1,1,1,1,1,1,无,拔突,无,无要求,,,未登场,前田利政,足轻组头,陪臣（前田利家）,织田家,clan_maeda_1,稻叶山城,无,未登场,前田利政,足轻组头,陪臣（前田利家）,织田家,clan_maeda_1,清洲城,无,未登场,前田利政,足轻组头,陪臣（前田利家）,织田家,clan_maeda_1,岐阜城,无,未登场,前田利政,足轻组头,陪臣（前田利家）,织田家,clan_maeda_1,岐阜城,无,未登场,前田利政,足轻组头,陪臣（前田利家）,织田家,clan_maeda_1,七尾城,无,已登场,前田利政,城主,直臣,前田家,clan_maeda_1,七尾城,无,未登场,前田利政,足轻组头,陪臣（前田利家）,织田家,那古野城,无,未登场,前田利政,足轻组头,直臣,前田家,尾山城,无,已登场,前田利政,浪人,其他,无,弘前之町,无,,"[{""stage"":"""",""tkid"":""661"",""ref"":""661"",""emotion"":0}]",,TAIKOU_bio_661,利家之次子。娶蒲生氏鄉之女為妻。領能登２１萬石，稱羽柴能登侍從。關原之戰，拒絕德川家康的參戰邀請，與其兄利長訣別，歸屬西軍。為此，戰後被貶為平民。赴京都嵯峨隱居。
lord_tk5_662,662,662,,前野长康,前野長康,前野,长康,Maeno Nagayasu,sanyo,1,1528,1554,1595,战死,,,,,,全职种,84,15,普通,勇敢,普通,轻率,普通,59,艺术品,贪心,嗜酒如命,其他,刀剑,35,68,49,54,68,2,1,1,0,0,1,1,0,0,1,1,0,0,0,0,0,无,强袭,无,无要求,,,已登场,前野长康,浪人,其他,无,,井之口之町,无,已登场,前野长康,浪人,其他,无,,井之口之町,无,已登场,前野长康,浪人,其他,无,,岐阜之町,无,已登场,前野长康,足轻大将,陪臣（羽柴秀吉）,织田家,clan_kinoshita_1,长滨城,无,已登场,前野长康,足轻大将,陪臣（羽柴秀吉）,织田家,clan_kinoshita_1,姬路城,无,已死亡,前野长康,无效,无效,无,,无效,无,已登场,前野长康,浪人,其他,无,井之口之町,无,已登场,前野长康,部将,直臣,羽柴家,石山本愿寺,无,已登场,前野长康,浪人,其他,无,弘前之町,无,,"[{""stage"":"""",""tkid"":""662"",""ref"":""662"",""emotion"":0}]",,TAIKOU_bio_662,豐臣家臣。與義兄弟蜂須賀小六一起幫助秀吉建造墨俁一夜城，以後積極助其左右。後來做了秀吉義子秀次的監護人，受秀次事件牽連，與兒子景定一起自盡。
lord_tk5_663,663,663,,前波吉继,前波吉繼,前波,吉继,Maeba Yoshitsugu,hokuriku,1,1541,1555,1574,战死,,,,,,全职种,20,20,普通,普通,普通,轻率,不重情义,64,艺术品,贪心,普通,藤原氏,刀剑,52,33,35,62,56,1,1,0,0,0,0,2,0,0,1,0,0,3,2,0,0,无,强袭,无,无要求,,,未登场,前波吉继,侍大将,直臣,朝仓家,clan_asakura_1,一乘谷城,无,已登场,前波吉继,侍大将,直臣,朝仓家,clan_asakura_1,一乘谷城,无,已登场,前波吉继,侍大将,直臣,朝仓家,clan_asakura_1,一乘谷城,无,已死亡,前波吉继,无效,无效,无,,无效,无,已死亡,前波吉继,无效,无效,无,,无效,无,已死亡,前波吉继,无效,无效,无,,无效,无,未登场,前波吉继,侍大将,直臣,朝仓家,一乘谷城,无,已死亡,前波吉继,无效,无效,无,无效,无,已登场,前波吉继,浪人,其他,无,弘前之町,无,,"[{""stage"":"""",""tkid"":""663"",""ref"":""663"",""emotion"":0}]",,TAIKOU_bio_663,朝倉家臣。由於招致家督義景的冷眼對待，很快向攻打越前的織田信長軍隊投降，並引路攻打朝倉。由於立此戰功，被任命為越前守衛，但受到嫉妒他的原朝倉家臣富田長繁的攻擊，戰敗而死。
lord_tk5_664,664,664,,真壁氏干,真壁氏幹,真壁,氏干,Makabe Shikan,kanto,1,1550,1564,1622,病死,,,,,,全职种,40,40,性急,勇敢,理想,轻率,普通,76,武具,贪心,普通,平氏,刀剑,51,87,22,35,64,1,0,0,0,2,4,0,0,0,0,0,0,0,0,0,0,无,强袭，连续斩，八神太刀，一之太刀，拔突，刚弓，神妙剑，当身，刚力，金刚力，铁壁，气声，辱骂，大喝，炯眼，罗刹,剑豪,无要求,,,未登场,真壁氏干,侍大将,直臣,佐竹家,clan_satake_1,太田城,新当流,未登场,真壁氏干,侍大将,直臣,佐竹家,clan_satake_1,太田城,新当流,已登场,真壁氏干,侍大将,直臣,佐竹家,clan_satake_2,太田城,新当流,已登场,真壁氏干,侍大将,直臣,佐竹家,clan_satake_2,太田城,霞流,已登场,真壁氏干,侍大将,直臣,佐竹家,clan_satake_2,太田城,霞流,已登场,真壁氏干,部将,直臣,佐竹家,clan_satake_2,水户城,霞流,未登场,真壁氏干,侍大将,直臣,佐竹家,太田城,新当流,已登场,真壁氏干,侍大将,直臣,佐竹家,水户城,霞流,已登场,真壁氏干,浪人,其他,无,温泉津之町,新当流,,"[{""stage"":"""",""tkid"":""664"",""ref"":""664"",""emotion"":0}]",,TAIKOU_bio_664,常陸之貴族。真壁城主。最初屬於結城氏，後歸屬佐竹家。力大無比，不拿刀槍，而使用一根一丈（３ｍ）左右的木杖，被稱為「鬼真壁」，後跟隨佐竹家轉封至秋田。
lord_tk5_665,665,665,,真柄直澄,,真柄,直澄,Magara Naosumi,hokuriku,1,1538,1554,1570,战死,真柄直隆父,,,,lord_tk5_666,只限武将,50,50,性急,勇敢,普通,轻率,普通,65,武具,普通,嗜酒如命,其他,刀剑,56,79,29,41,41,2,1,1,0,2,3,0,0,0,0,0,0,0,0,0,0,无,强袭，连续斩，拔突，刚弓，刚力，铁壁,无,无要求,,,已登场,真柄直澄,足轻组头,直臣,朝仓家,clan_asakura_1,一乘谷城,无,已登场,真柄直澄,足轻组头,直臣,朝仓家,clan_asakura_1,一乘谷城,无,已登场,真柄直澄,足轻大将,直臣,朝仓家,clan_asakura_1,一乘谷城,无,已死亡,真柄直澄,无效,无效,无,,无效,无,已死亡,真柄直澄,无效,无效,无,,无效,无,已死亡,真柄直澄,无效,无效,无,,无效,无,未登场,真柄直澄,足轻大将,直臣,朝仓家,一乘谷城,无,已死亡,真柄直澄,无效,无效,无,无效,无,已登场,真柄直澄,浪人,其他,无,鹿屋之町,无,,"[{""stage"":"""",""tkid"":""665"",""ref"":""665"",""emotion"":0}]",,TAIKOU_bio_665,朝倉家臣。直隆之弟。與其兄一樣俗稱十郎左衛門。兄弟二人皆為知名的勇士。特別是直澄力大無比，揮舞５尺３寸的大刀「太郎大刀」活躍於戰場。姊川之戰中被德川軍勾阪式部所討伐，戰死。
lord_tk5_666,666,666,,真柄直隆,,真柄,直隆,Magara Naotaka,hokuriku,1,1536,1554,1570,战死,真柄直隆父,,,,lord_tk5_665,只限武将,50,50,性急,勇敢,普通,轻率,普通,66,武具,普通,嗜酒如命,其他,刀剑,60,78,15,38,42,2,1,1,0,2,3,0,0,0,0,0,0,0,0,0,0,无,强袭，连续斩，拔突，刚弓，刚力，铁壁,无,一般条件,,,已登场,真柄直隆,足轻大将,直臣,朝仓家,clan_asakura_1,一乘谷城,无,已登场,真柄直隆,足轻大将,直臣,朝仓家,clan_asakura_1,一乘谷城,无,已登场,真柄直隆,侍大将,直臣,朝仓家,clan_asakura_1,一乘谷城,无,已死亡,真柄直隆,无效,无效,无,,无效,无,已死亡,真柄直隆,无效,无效,无,,无效,无,已死亡,真柄直隆,无效,无效,无,,无效,无,未登场,真柄直隆,侍大将,直臣,朝仓家,一乘谷城,无,已死亡,真柄直隆,无效,无效,无,无效,无,已登场,真柄直隆,浪人,其他,无,佐仓之町,无,,"[{""stage"":"""",""tkid"":""666"",""ref"":""666"",""emotion"":0}]",,TAIKOU_bio_666,朝倉家臣。與弟弟直澄作為家中第一豪勇士而聞名。在姊川會戰中，不顧士兵逃跑，他與兒子隆基揮舞著長刀，一路追殺，父子並肩打敗了德川軍的勾阪兄弟。
lord_tk5_667,667,667,,正木时茂,正木時茂,正木,时茂,Masaki Tokishige,kanto,1,1515,1554,1573,病死,正木时纲,,,,lord_tk5_668|lord_tk5_669,全职种,30,30,普通,勇敢,普通,轻率,普通,45,武具,普通,普通,平氏,枪,66,72,37,46,65,2,1,1,3,1,3,1,0,0,1,0,0,0,0,0,0,焙烙,强袭，连续斩，拔突，粘花，卷枪，引落，柄返，刚力，铁壁,枪术名人,无要求,,,已登场,正木时茂,家老,直臣,里见家,clan_satomi_1,久留里城,无,已登场,正木时茂,家老,直臣,里见家,clan_satomi_1,久留里城,无,已登场,正木时茂,家老,直臣,里见家,clan_satomi_1,久留里城,无,已死亡,正木时茂,无效,无效,无,clan_masaki_1,无效,无,已死亡,正木时茂,无效,无效,无,clan_satomi_2,无效,无,已死亡,正木时茂,无效,无效,无,clan_satomi_2,无效,无,已登场,正木时茂,家老,直臣,里见家,久留里城,无,已死亡,正木时茂,无效,无效,无,无效,无,已登场,正木时茂,浪人,其他,无,大坂之町,无,,"[{""stage"":"""",""tkid"":""667"",""ref"":""667"",""emotion"":0}]",,TAIKOU_bio_667,里見家臣。大多喜城主。通綱次子，御膳次官。因善用長矛，得「長矛御膳」綽號。稻村城之戰中失去父親和兄長，逃脫了的時茂繼任家督。兩次參加以國府台之戰為首的與里見家的會戰，其英名轟動四方。
lord_tk5_668,668,668,,正木时忠,正木時忠,正木,时忠,Masaki Tokitada,kanto,1,1520,1554,1576,病死,正木时纲,,,,lord_tk5_667|lord_tk5_669,全职种,30,30,温和,勇敢,普通,轻率,不重情义,66,南蛮物,无欲,普通,平氏,枪,58,46,55,57,44,2,1,1,3,1,2,1,0,0,0,0,1,0,0,0,0,焙烙,强袭，拔突，铁壁,无,无要求,,,已登场,正木时忠,部将,直臣,里见家,clan_masaki_1,久留里城,无,已登场,正木时忠,部将,直臣,里见家,clan_masaki_1,久留里城,无,已登场,正木时忠,部将,直臣,里见家,clan_masaki_1,久留里城,无,已登场,正木时忠,部将,直臣,里见家,clan_masaki_1,久留里城,无,已死亡,正木时忠,无效,无效,无,clan_satomi_2,无效,无,已死亡,正木时忠,无效,无效,无,clan_satomi_2,无效,无,已登场,正木时忠,部将,直臣,里见家,久留里城,无,已死亡,正木时忠,无效,无效,无,无效,无,已登场,正木时忠,浪人,其他,无,柳川之町,无,,"[{""stage"":"""",""tkid"":""668"",""ref"":""668"",""emotion"":0}]",,TAIKOU_bio_668,里見家臣。勝浦城主。通綱三子。與兄長時茂一起，多次在會戰中建功立業，而且還是活躍的水軍將領。第二次國府台之戰後，為了正木家族的存續叛投北條家，進攻上總和下總，後回歸正木家。
lord_tk5_669,669,669,,正木赖忠,正木賴忠,正木,赖忠,Masaki Yoritada,kanto,1,1551,1565,1622,病死,lord_tk5_668,,,正木时纲,lord_tk5_667|lord_tk5_668,全职种,30,30,普通,胆小,普通,慎重,普通,24,艺术品,无欲,普通,平氏,刀剑,40,47,54,53,58,1,0,0,2,0,1,0,0,0,0,0,1,0,0,0,0,无,强袭,无,无要求,,,未登场,正木赖忠,足轻组头,陪臣（正木时忠）,里见家,clan_masaki_1,久留里城,无,已登场,正木赖忠,足轻组头,陪臣（正木时忠）,里见家,clan_masaki_1,久留里城,无,已登场,正木赖忠,足轻组头,陪臣（正木时忠）,里见家,clan_masaki_1,久留里城,无,已登场,正木赖忠,足轻大将,陪臣（正木时忠）,里见家,clan_masaki_1,久留里城,无,已登场,正木赖忠,足轻大将,直臣,里见家,clan_satomi_2,久留里城,无,已登场,正木赖忠,部将,直臣,里见家,clan_satomi_2,稻村城,无,未登场,正木赖忠,足轻组头,陪臣（正木时忠）,里见家,久留里城,无,已登场,正木赖忠,足轻大将,直臣,里见家,久留里城,无,已登场,正木赖忠,浪人,其他,无,江户之町,无,,"[{""stage"":"""",""tkid"":""669"",""ref"":""669"",""emotion"":0}]",,TAIKOU_bio_669,里見家臣。時忠三子。父親跟從北條時被置於小田原做人質。回到安房後為兄長時通收養，後繼承了居城勝浦城。女兒被德川家康納為側室，生德川賴宣（紀伊家）和賴房（水戶家）。
lord_tk5_670,670,670,,增田长盛,增田長盛,增田,长盛,Masuda Nagamori,kinai,1,1545,1559,1615,战死,,,,,,全职种,4,4,温和,胆小,普通,轻率,重视情义,45,艺术品,普通,普通,源氏,枪,43,14,87,74,42,0,0,0,0,0,0,1,1,3,4,2,3,2,0,1,0,无,拔突，丢钱,能吏,一般条件,,,未登场,增田长盛,浪人,其他,无,,目加田之町,无,已登场,增田长盛,浪人,其他,无,,目加田之町,无,已登场,增田长盛,浪人,其他,无,,目加田之町,无,已登场,增田长盛,足轻组头,陪臣（羽柴秀吉）,织田家,clan_kinoshita_1,长滨城,无,已登场,增田长盛,足轻大将,陪臣（羽柴秀吉）,织田家,clan_kinoshita_1,姬路城,无,已登场,增田长盛,城主,直臣,丰臣家,clan_masuda_1,大和郡山城,无,未登场,增田长盛,浪人,其他,无,目加田之町,无,已登场,增田长盛,侍大将,直臣,羽柴家,石山本愿寺,无,已登场,增田长盛,浪人,其他,无,长滨之町,无,,"[{""stage"":"""",""tkid"":""670"",""ref"":""670"",""emotion"":0}]",,TAIKOU_bio_670,豐臣家臣。五奉行之一。輔佐秀吉於左右，與石田三成等一起從事丈量土地等政務。豐臣秀次去世後，繼承了大和郡山。關原之戰時在大阪城保衛豐臣秀賴，戰後被沒收了領地。
lord_tk5_671,671,671,,益田元祥,,益田,元祥,Masudaa Motonaga,sanyo,1,1558,1572,1640,病死,,,,,,只限武将,38,38,温和,普通,普通,普通,普通,31,书籍,普通,普通,藤原氏,刀剑,20,21,72,55,63,0,0,0,0,0,0,0,0,2,3,3,3,2,0,1,1,无,强袭，丢钱,无,无要求,,,未登场,益田元祥,足轻组头,直臣,毛利家,clan_mori_1,吉田郡山城,无,未登场,益田元祥,足轻组头,直臣,毛利家,clan_mori_1,吉田郡山城,无,未登场,益田元祥,足轻组头,直臣,毛利家,clan_mori_1,吉田郡山城,无,已登场,益田元祥,足轻组头,直臣,毛利家,clan_mori_2,吉田郡山城,无,已登场,益田元祥,足轻组头,直臣,毛利家,clan_mori_2,吉田郡山城,无,已登场,益田元祥,家老,直臣,毛利家,clan_mori_2,广岛城,无,未登场,益田元祥,足轻组头,直臣,毛利家,吉田郡山城,无,已登场,益田元祥,足轻组头,直臣,毛利家,吉田郡山城,无,已登场,益田元祥,浪人,其他,无,京之町,无,,"[{""stage"":"""",""tkid"":""671"",""ref"":""671"",""emotion"":0}]",,TAIKOU_bio_671,毛利家臣，藤兼之子。毛利元就是其成人儀式主持人。娶吉川元春之女，侍奉輝元立下戰功。關原之戰後雖被主家削減俸祿，但仍拒絕德川家康的勸誘，一心幫助主家再建財政，受到準同族的待遇。
lord_tk5_672,672,672,,松井康之,,松井,康之,Matsui Yasuyuki,kinai,1,1550,1564,1612,病死,,,,,,全职种,95,95,普通,勇敢,现实,普通,普通,49,艺术品,普通,嗜酒如命,其他,刀剑,63,55,40,59,53,2,1,2,3,1,2,2,1,0,0,0,0,3,0,3,1,无,强袭，拔突，铁壁,无,无要求,,,未登场,松井康之,浪人,其他,无,,京之町,无,未登场,松井康之,浪人,其他,无,,京之町,无,已登场,松井康之,足轻组头,陪臣（细川藤孝）,足利家,clan_hosokawa_1,二条城,无,已登场,松井康之,足轻组头,陪臣（细川藤孝）,织田家,clan_hosokawa_1,岐阜城,无,已登场,松井康之,足轻组头,陪臣（细川藤孝）,织田家,clan_hosokawa_1,宫津城,无,已登场,松井康之,部将,直臣,细川家,clan_hosokawa_1,宫津城,无,未登场,松井康之,足轻组头,陪臣（细川藤孝）,足利家,朽木谷城,无,已登场,松井康之,足轻组头,陪臣（细川忠兴）,羽柴家,宫津城,无,已登场,松井康之,当家,首领,干货屋,大凑之町,无,,"[{""stage"":"""",""tkid"":""672"",""ref"":""672"",""emotion"":0}]",,TAIKOU_bio_672,細川家家臣。侍奉足利家時，隸屬於細川藤孝。豐臣掌權期間，參與小田原征伐及朝鮮出兵等戰役，在戰役中統率水軍，表現非常甚為出色。秀吉勸誘其成為直臣，但此人難忘細川家的恩義而婉拒此邀約。同時也是知名茶人之一。
lord_tk5_673,673,673,,松井友闲,松井友閑|松井友閒,松井,友闲,Matsui Tomoyasu,kinai,1,1513,1554,1586,病死,,,,,,全职种,1,1,温和,胆小,普通,慎重,重视情义,21,书籍,普通,普通,其他,枪,9,7,88,71,65,0,0,0,0,0,0,0,0,2,3,2,2,3,3,2,3,无,拔突，伤药,无,无要求,,,已登场,松井友闲,足轻组头,直臣,织田家,clan_oda_1,清洲城,无,已登场,松井友闲,足轻组头,直臣,织田家,clan_oda_1,清洲城,无,已登场,松井友闲,足轻组头,直臣,织田家,clan_oda_1,岐阜城,无,已登场,松井友闲,足轻组头,直臣,织田家,clan_oda_1,岐阜城,无,已登场,松井友闲,浪人,其他,无,,堺之町,无,已死亡,松井友闲,无效,无效,无,,无效,无,已登场,松井友闲,浪人,其他,无,清洲之町,无,已登场,松井友闲,浪人,其他,无,堺之町,无,已登场,松井友闲,当家,首领,花屋,浦户之町,无,,"[{""stage"":"""",""tkid"":""673"",""ref"":""673"",""emotion"":0}]",,TAIKOU_bio_673,織田家家臣。出身來歷不明。在早期便是以隨從之身侍奉信長，被視為優秀的官吏而倍受重用。信長上洛後，就任界的代官。除了界之外，畿內全域的政務也幾乎由他經手。在本能寺之變後，仍擔任界的行政官一職而隸屬於秀吉旗下，後來卻突遭罷免。罷免理由不明。
lord_tk5_674,674,674,,松仓重信,松倉重信,松仓,重信,Matsukura Shigenobu,kinai,1,1543,1557,1593,病死,,,,,lord_tk5_675,只限武将,92,92,普通,勇敢,普通,普通,重视情义,60,武具,普通,普通,其他,刀剑,54,56,48,51,65,2,1,1,0,0,0,2,0,0,0,0,0,0,0,0,0,无,强袭,无,无要求,,,未登场,松仓重信,足轻大将,直臣,筒井家,clan_matsukura_1,大和郡山城,无,已登场,松仓重信,足轻大将,直臣,筒井家,clan_matsukura_1,大和郡山城,无,已登场,松仓重信,足轻大将,直臣,筒井家,clan_matsukura_1,大和郡山城,无,已登场,松仓重信,足轻大将,直臣,筒井家,clan_matsukura_1,大和郡山城,无,已登场,松仓重信,侍大将,陪臣（筒井顺庆）,织田家,clan_tsutsui_1,大和郡山城,无,已死亡,松仓重信,无效,无效,无,clan_tsutsui_2,无效,无,未登场,松仓重信,足轻大将,直臣,筒井家,大和郡山城,无,已登场,松仓重信,家老,直臣,筒井家,大和郡山城,无,已登场,松仓重信,当家,首领,肉屋,小田原之町,无,,"[{""stage"":"""",""tkid"":""674"",""ref"":""674"",""emotion"":0}]",,TAIKOU_bio_674,筒井家臣。右近大夫。與島勝猛、森好之並稱筒井家三位老臣。與島勝猛並稱「左右近衛府」大夫。在主公定次被轉封伊賀上野後，築伊賀名張城，封領８千３百石俸祿。
lord_tk5_675,675,675,,松仓重政,松倉重政,松仓,重政,Matsukura Shigemasa,kinai,1,1571,1585,1630,病死,lord_tk5_674,,,,lord_tk5_674,只限武将,92,92,性急,胆小,现实,轻率,不重情义,74,艺术品,贪心,普通,藤原氏,刀剑,40,54,6,16,17,0,0,0,0,0,0,1,0,4,0,1,0,0,0,0,0,无,强袭,无,无要求,,,未登场,松仓重政,足轻组头,陪臣（松仓重信）,筒井家,clan_matsukura_1,大和郡山城,无,未登场,松仓重政,足轻组头,陪臣（松仓重信）,筒井家,clan_matsukura_1,大和郡山城,无,未登场,松仓重政,足轻组头,陪臣（松仓重信）,筒井家,clan_matsukura_1,大和郡山城,无,未登场,松仓重政,足轻组头,陪臣（松仓重信）,筒井家,clan_matsukura_1,大和郡山城,无,未登场,松仓重政,足轻组头,陪臣（筒井顺庆）,织田家,clan_tsutsui_1,大和郡山城,无,已登场,松仓重政,部将,直臣,筒井家,clan_tsutsui_2,伊贺上野城,无,未登场,松仓重政,足轻组头,陪臣（松仓重信）,筒井家,大和郡山城,无,未登场,松仓重政,足轻组头,直臣,筒井家,大和郡山城,无,已登场,松仓重政,伙计,直臣,肉屋,小田原之町,无,,"[{""stage"":"""",""tkid"":""675"",""ref"":""675"",""emotion"":0}]",,TAIKOU_bio_675,筒井家臣，後為豐臣、德川家臣。重信之子。初仕筒井，主家被貶之後，先仕豐臣，後仕德川。憑關原之戰、大阪之戰的功績，封任島原城主。受幕府之命鎮壓天主教，這也成為島原之亂的導火線。
lord_tk5_676,676,676,,松下加兵卫,松下加兵衛,松下,加兵卫,Matsushita Kahei,tokai,1,1538,1554,1598,病死,,,,,,全职种,10,10,温和,胆小,普通,普通,普通,20,书籍,普通,滴酒不沾,源氏,刀剑,34,23,51,44,67,0,0,0,2,0,0,1,1,0,0,0,0,1,1,0,1,无,强袭,无,无要求,,,已登场,松下加兵卫,部将,陪臣（饭尾连龙）,今川家,clan_iio_1,曳马城,无,已登场,松下加兵卫,部将,陪臣（饭尾连龙）,今川家,clan_iio_1,曳马城,无,已登场,松下加兵卫,足轻组头,直臣,今川家,clan_imagawa_1,曳马城,无,已登场,松下加兵卫,足轻组头,直臣,德川家,clan_tokugawa_1,滨松城,无,已登场,松下加兵卫,足轻组头,陪臣（鹈殿氏长）,德川家,clan_utono_1,二俣城,无,已死亡,松下加兵卫,无效,无效,无,,无效,无,已登场,松下加兵卫,足轻大将,陪臣（饭尾连龙）,今川家,曳马城,无,已登场,松下加兵卫,足轻组头,陪臣（鹈殿氏长）,德川家,二俣城,无,已登场,松下加兵卫,当家,首领,鱼屋,严岛之町,无,,"[{""stage"":"""",""tkid"":""676"",""ref"":""676"",""emotion"":0}]",,TAIKOU_bio_676,今川家家臣。人稱‧加兵衛。名為之綱。隸屬於飯尾連龍。秀吉年輕時，在侍奉信長之前，曾仕官於之綱之父‧長則。雖在今川家滅亡後侍奉德川家，當秀吉取得天下後，為了回報過去所受的恩惠，把此人召來登庸，後來成為領有一萬六千石的遠江久野城大名。
lord_tk5_677,677,677,,松平忠吉,,松平,忠吉,Matsudaira Tadakichi,kanto,1,1580,1594,1607,病死,lord_tk5_506,,,lord_tk5_804,lord_tk5_506|lord_tk5_507|lord_tk5_508|lord_tk5_764|lord_tk5_804,只限武将,90,90,普通,勇敢,普通,轻率,重视情义,68,武具,普通,普通,源氏,刀剑,61,69,44,38,55,2,2,2,0,0,2,1,0,1,0,0,0,1,0,1,0,无,强袭，拔突，铁壁,无,无要求,,,未登场,松平忠吉,足轻组头,陪臣（松平元康）,今川家,clan_tokugawa_1,骏府城,无,未登场,松平忠吉,足轻组头,陪臣（松平元康）,今川家,clan_tokugawa_1,冈崎城,无,未登场,松平忠吉,侍大将,直臣,德川家,clan_tokugawa_1,冈崎城,无,未登场,松平忠吉,足轻组头,陪臣（德川家康）,德川家,clan_tokugawa_1,滨松城,无,未登场,松平忠吉,足轻组头,陪臣（德川家康）,德川家,clan_tokugawa_1,滨松城,无,已登场,松平忠吉,部将,直臣,德川家,clan_tokugawa_1,江户城,无,未登场,松平忠吉,侍大将,陪臣（松平竹千代）,松平家,冈崎城,无,未登场,松平忠吉,足轻组头,直臣,德川家,滨松城,无,已登场,松平忠吉,当家,首领,饭屋,京之町,无,,"[{""stage"":"""",""tkid"":""677"",""ref"":""677"",""emotion"":0}]",,TAIKOU_bio_677,德川家康四子。德川秀忠之弟。與兄長秀忠的穩重相比，忠吉則表現得果敢。也因為是同母兄弟，受到秀忠的期待。關原之戰中，與助將井伊直政挑起戰端，激戰中負傷，立下戰功。
lord_tk5_678,678,678,,松田宪秀,松田憲秀,松田,宪秀,Matsuda Norihide,kanto,1,1530,1554,1590,战死,,,,,lord_tk5_220,只限武将,82,82,普通,胆小,普通,轻率,不重情义,59,书籍,贪心,普通,藤原氏,刀剑,16,18,68,74,75,0,0,0,0,0,0,1,0,1,2,1,2,0,2,0,0,无,强袭,无,一般条件,,,已登场,松田宪秀,家老,直臣,北条家,clan_matsuda_1,小田原城,无,已登场,松田宪秀,家老,直臣,北条家,clan_hojo_1,小田原城,无,已登场,松田宪秀,家老,直臣,北条家,clan_hojo_1,小田原城,无,已登场,松田宪秀,家老,直臣,北条家,clan_hojo_2,小田原城,无,已登场,松田宪秀,家老,直臣,北条家,clan_hojo_2,小田原城,无,已死亡,松田宪秀,无效,无效,无,,无效,无,已登场,松田宪秀,部将,直臣,北条家,小田原城,无,已登场,松田宪秀,家老,直臣,北条家,小田原城,无,已登场,松田宪秀,当家,首领,书屋,大坂之町,无,,"[{""stage"":"""",""tkid"":""678"",""ref"":""678"",""emotion"":0}]",,TAIKOU_bio_678,北條家臣。擔任首席家老。豐臣秀吉討伐小田原時力主守城。守城中受堀秀政之邀，企圖與秀吉一方溝通，失敗後被氏直俘虜。戰後遵秀吉之命自盡。
lord_tk5_679,679,679,,松永久秀,,松永,久秀,Matsunaga Hisahide,kinai,1,1510,1554,1577,战死,松永久秀父,,,,lord_tk5_522|lord_tk5_680|lord_tk5_827,全职种,80,93,性急,胆小,现实,普通,不重情义,100,艺术品,贪心,普通,其他,枪,84,55,87,95,59,3,2,3,0,1,1,2,3,1,0,2,3,4,4,3,0,威吓，刺杀，内讧之术,拔突，二连苦无，半月，急所击，丢钱,风雅之士，说客,一般条件,,,已登场,松永久秀,城主,直臣,三好家,clan_matsunaga_1,多闻山城,无,已登场,松永久秀,国主,直臣,三好家,clan_matsunaga_1,信贵山城,无,已登场,松永久秀,国主,直臣,织田家,clan_matsunaga_1,信贵山城,无,已登场,松永久秀,国主,直臣,织田家,clan_matsunaga_1,信贵山城,无,已死亡,松永久秀,无效,无效,无,,无效,无,已死亡,松永久秀,无效,无效,无,clan_konishi_1,无效,无,已登场,松永久秀,侍大将,陪臣（三好长庆）,细川家,芥川城,无,已死亡,松永久秀,无效,无效,无,无效,无,已登场,松永久秀,伙计,直臣,油屋,油津之町,无,,"[{""stage"":"""",""tkid"":""679"",""ref"":""679"",""emotion"":0}]",,TAIKOU_bio_679,三好家臣。後為織田家臣。是少有的猛將。與三好三人眾一起殺死了將軍足利義輝，但在交戰中燒毀了東大寺大佛殿。後從屬織田信長，但因謀反被信長攻打，在信貴山與「平蜘蛛」一同炸死。
lord_tk5_680,680,680,,松永久通,,松永,久通,Matsunaga Hisamichi,kinai,1,1538,1554,1577,战死,lord_tk5_679,,,松永久秀父,lord_tk5_522|lord_tk5_679|lord_tk5_827,只限武将,93,93,温和,胆小,普通,轻率,不重情义,87,南蛮物,贪心,嗜酒如命,其他,刀剑,40,46,61,76,62,1,1,1,0,1,1,1,0,0,0,0,0,1,1,1,0,无,强袭,无,无要求,,,已登场,松永久通,侍大将,陪臣（松永久秀）,三好家,clan_matsunaga_1,多闻山城,无,已登场,松永久通,侍大将,陪臣（松永久秀）,三好家,clan_matsunaga_1,信贵山城,无,已登场,松永久通,侍大将,陪臣（松永久秀）,织田家,clan_matsunaga_1,信贵山城,无,已登场,松永久通,侍大将,陪臣（松永久秀）,织田家,clan_matsunaga_1,信贵山城,无,已死亡,松永久通,无效,无效,无,,无效,无,已死亡,松永久通,无效,无效,无,clan_konishi_1,无效,无,未登场,松永久通,侍大将,陪臣（松永久秀）,细川家,芥川城,无,已死亡,松永久通,无效,无效,无,无效,无,已登场,松永久通,当家,首领,油屋,油津之町,无,,"[{""stage"":"""",""tkid"":""680"",""ref"":""680"",""emotion"":0}]",,TAIKOU_bio_680,三好家臣。大和多聞山城主。久秀之子。從其父久秀手中繼承家業，鎮守多聞山城。跟隨其父參與謀殺將軍足利義輝。之後，歸屬織田信長，但與父親一同又背叛他而敗北，在信貴山城自殺。
lord_tk5_681,681,681,,松波义亲,松波義親,松波,义亲,Matsunami Yoshichika,hokuriku,1,1557,1571,1577,战死,lord_tk5_580,,,lord_tk5_579,lord_tk5_579|lord_tk5_580,只限武将,90,90,温和,勇敢,普通,普通,重视情义,60,武具,普通,普通,源氏,刀剑,55,51,48,41,57,1,1,0,1,0,0,1,0,0,0,0,0,1,0,0,0,无,强袭,无,无要求,,,未登场,松波义亲,侍大将,直臣,畠山家,clan_notohatakeyama_1,七尾城,无,未登场,松波义亲,侍大将,直臣,畠山家,clan_notohatakeyama_1,七尾城,无,未登场,松波义亲,浪人,其他,无,,轮岛之町,无,已登场,松波义亲,侍大将,直臣,长家,clan_cho_1,七尾城,无,已死亡,松波义亲,无效,无效,无,,无效,无,已死亡,松波义亲,无效,无效,无,,无效,无,未登场,松波义亲,部将,直臣,畠山家,七尾城,无,已死亡,松波义亲,无效,无效,无,无效,无,已登场,松波义亲,当家,首领,酒屋,尾道之町,无,,"[{""stage"":"""",""tkid"":""681"",""ref"":""681"",""emotion"":0}]",,TAIKOU_bio_681,能登田山家一族。田山義綱的三子。在上杉謙信攻擊能登時，躲入田山家本城‧七尾城進行抗戰。城被攻下後，伺機逃出然後再回居城，企圖東山再起而進行閉城戰。受到上杉軍攻擊時，以少數兵力突圍，終究不敵而受重傷，返回城後自盡身亡。
lord_tk5_682,682,682,,角屋七郎次郎,,角屋,七郎次郎,Sumiya Shichirojiro,tokai,1,1542,1556,1634,病死,,,,,,全职种,90,90,温和,普通,现实,普通,重视情义,34,艺术品,贪心,嗜酒如命,源氏,枪,30,21,57,66,51,1,0,1,3,0,0,0,1,3,0,0,3,1,3,2,3,无,拔突，伤药，丢钱，大宴宾客,风雅之士,一般条件,,,已登场,角屋七郎次郎,当家,首领,角屋,clan_sumiya_1,大凑之町,无,已登场,角屋七郎次郎,当家,首领,角屋,clan_sumiya_1,大凑之町,无,已登场,角屋七郎次郎,当家,首领,角屋,clan_sumiya_1,大凑之町,无,已登场,角屋七郎次郎,当家,首领,角屋,clan_sumiya_1,大凑之町,无,已登场,角屋七郎次郎,当家,首领,角屋,clan_sumiya_1,大凑之町,无,已登场,角屋七郎次郎,当家,首领,角屋,clan_sumiya_1,大凑之町,无,已登场,角屋七郎次郎,当家,首领,角屋,大凑之町,无,已登场,角屋七郎次郎,当家,首领,角屋,大凑之町,无,已登场,角屋七郎次郎,家老,直臣,七条家,杂贺城,无,,"[{""stage"":"""",""tkid"":""682"",""ref"":""682"",""emotion"":0}]",,TAIKOU_bio_682,伊勢的豪商。角屋是商號，本姓松本。名為秀持。信濃豪族松本家的庶流。從他父親的時代開始便在大湊經營迴船業。也參與町政的執行。本能寺之變時，搭載通過伊賀前來的德川家康一行人安全地返航，因此功績而被賜予許多的特權。在松阪的表現也極為出色。
lord_tk5_683,683,683,,松浦镇信,松浦鎮信,松浦,镇信,Matsuura Shigenobu,saikai,1,1549,1563,1614,病死,lord_tk5_684,,,,lord_tk5_684,全职种,15,15,普通,普通,普通,普通,普通,62,南蛮物,贪心,嗜酒如命,源氏,刀剑,59,43,62,70,52,1,0,2,4,1,1,1,0,1,0,2,2,2,1,3,0,焙烙,强袭,无,一般条件,,,未登场,松浦镇信,部将,陪臣（松浦隆信）,松浦家,clan_matsuura_1,平户城,无,已登场,松浦镇信,家老,直臣,松浦家,clan_matsuura_1,平户城,无,已登场,松浦镇信,家老,直臣,松浦家,clan_matsuura_1,平户城,无,已登场,松浦镇信,家老,直臣,松浦家,clan_matsuura_1,平户城,无,已登场,松浦镇信,家老,直臣,松浦家,clan_matsuura_1,平户城,无,已登场,松浦镇信,大名,首领,松浦家,clan_matsuura_1,平户城,无,未登场,松浦镇信,家老,直臣,松浦家,平户城,无,已登场,松浦镇信,家老,直臣,松浦家,平户城,无,已登场,松浦镇信,当家,首领,地板屋,博多之町,无,,"[{""stage"":"""",""tkid"":""683"",""ref"":""683"",""emotion"":0}]",,TAIKOU_bio_683,肥前豪族。平戶城主。隆信嫡子。肥前水軍松浦黨２６代首領。「松浦黨」與倭寇聯手與海外做生意。豐臣秀吉征伐九州時，率水軍參戰，關原之戰時隸屬東軍，後受封領地。
lord_tk5_684,684,684,,松浦隆信,,松浦,隆信,Matsuura Takanobu,saikai,1,1529,1554,1599,病死,,,,,lord_tk5_683,只限武将,15,15,温和,勇敢,理想,轻率,普通,66,南蛮物,贪心,普通,源氏,刀剑,66,51,71,59,66,2,0,1,4,1,1,1,0,2,1,0,2,0,1,2,0,水上禁行,强袭,无,一般条件,,,已登场,松浦隆信,大名,首领,松浦家,clan_matsuura_1,平户城,无,已登场,松浦隆信,大名,首领,松浦家,clan_matsuura_1,平户城,无,已登场,松浦隆信,大名,首领,松浦家,clan_matsuura_1,平户城,无,已登场,松浦隆信,大名,首领,松浦家,clan_matsuura_1,平户城,无,已登场,松浦隆信,大名,首领,松浦家,clan_matsuura_1,平户城,无,已登场,松浦隆信,家老,直臣,松浦家,clan_matsuura_1,平户城,无,已登场,松浦隆信,大名,首领,松浦家,平户城,无,已登场,松浦隆信,大名,首领,松浦家,平户城,无,已登场,松浦隆信,伙计,直臣,地板屋,博多之町,无,,"[{""stage"":"""",""tkid"":""684"",""ref"":""684"",""emotion"":0}]",,TAIKOU_bio_684,平戶松浦家二十五代當主。鎮信之父。率領自源平時代起便赫赫有名的水軍眾‧「松浦黨」。允許葡萄牙、西班牙的船隻來往，並且許可傳教士‧薩比耶魯的傳教活動等，對基督徒非常地寬容。與龍造寺隆信互相對立，雖然阻止了對方的侵略，但最後還是臣服於對方。
lord_tk5_685,685,685,,曲直濑道三,曲直瀬道三|曲直瀨道三,曲直濑,道三,Manase Doosan,kinai,1,1507,1554,1595,病死,,,,,,没那个意思,10,10,温和,普通,普通,慎重,重视情义,17,书籍,无欲,滴酒不沾,其他,枪,18,15,65,76,88,0,0,0,0,0,0,0,0,0,0,2,2,3,2,3,4,无,拔突，伤药，止血,良医,一般条件,,,已登场,曲直濑道三,医师,其他,无,,京之町,无,已登场,曲直濑道三,医师,其他,无,,京之町,无,已登场,曲直濑道三,医师,其他,无,,京之町,无,已登场,曲直濑道三,医师,其他,无,,京之町,无,已登场,曲直濑道三,医师,其他,无,,京之町,无,已死亡,曲直濑道三,无效,无效,无,,无效,无,已登场,曲直濑道三,医师,其他,无,京之町,无,已登场,曲直濑道三,医师,其他,无,京之町,无,已登场,曲直濑道三,足轻大将,直臣,三刀屋家,骏府城,无,,"[{""stage"":"""",""tkid"":""685"",""ref"":""685"",""emotion"":0}]",,TAIKOU_bio_685,醫師。名叫正盛。近代醫學之祖。師從田代三喜齋學習醫術，後來先後侍奉過將軍足利義輝、毛利元就、織田信長。向元就也闡述政治上的意見。獻給正親町天皇的醫書「啟迪集」是他的代表著作。
lord_tk5_686,686,686,,丸目长惠,丸目長惠,丸目,长惠,Marume Nagayoshi,saikai,1,1540,1554,1629,病死,,,,,,全职种,60,60,普通,普通,普通,轻率,普通,40,武具,无欲,普通,藤原氏,刀剑,31,91,78,13,53,1,0,0,0,1,4,3,2,0,3,0,0,3,0,0,0,无,强袭，连续斩，月影，一刀两断，拔突，二连苦无，浮舟，当身，肋一寸，刚力，铁壁，天狗抄，心眼，辱骂，大喝,剑豪,一般条件,,主角柳生宗严，柳生新阴流剧情,已登场,丸目长惠,侍大将,直臣,相良家,clan_sagara_1,人吉城,新阴流,已登场,丸目长惠,侍大将,直臣,相良家,clan_sagara_2,人吉城,新阴流,已登场,丸目长惠,侍大将,直臣,相良家,clan_sagara_2,人吉城,体舍流,已登场,丸目长惠,侍大将,直臣,相良家,clan_sagara_2,人吉城,体舍流,已登场,丸目长惠,侍大将,直臣,相良家,clan_sagara_2,人吉城,体舍流,已登场,丸目长惠,部将,直臣,相良家,clan_sagara_2,人吉城,体舍流,未登场,丸目长惠,足轻组头,直臣,相良家,人吉城,新阴流,已登场,丸目长惠,侍大将,直臣,相良家,人吉城,体舍流,已登场,丸目长惠,浪人,其他,无,长滨之町,体舍流,,"[{""stage"":"""",""tkid"":""686"",""ref"":""686"",""emotion"":0}]",,TAIKOU_bio_686,相良家臣。向上泉信綱學習劍術，開創新陰體捨流。與島津軍作戰時造成了失敗因素，一時被包圍，之後回來擔任兵法教學之職，也從事開墾事業。不僅精通武藝，也很擅長和歌、吹笛。
lord_tk5_687,687,687,,三云成持,三雲成持,三云,成持,Mikumo Narumochi,kanto,1,1540,1554,1603,病死,,,,,,只限武将,34,34,温和,普通,普通,轻率,重视情义,18,书籍,无欲,普通,藤原氏,刀剑,47,41,62,54,36,0,0,0,0,0,0,0,0,1,2,1,1,1,2,0,0,无,强袭,无,无要求,,,已登场,三云成持,足轻大将,直臣,六角家,clan_rokkaku_1,观音寺城,无,已登场,三云成持,足轻大将,直臣,六角家,clan_rokkaku_1,观音寺城,无,已登场,三云成持,浪人,其他,无,,目加田之町,无,已登场,三云成持,足轻大将,直臣,织田家,clan_oda_1,岐阜城,无,已登场,三云成持,足轻大将,陪臣（织田信雄）,织田家,clan_oda_2,安浓津城,无,已登场,三云成持,部将,直臣,蒲生家,clan_gamou_1,宇都宫城,无,未登场,三云成持,足轻大将,直臣,六角家,观音寺城,无,已登场,三云成持,侍大将,直臣,织田家,长岛城,无,已登场,三云成持,家老,直臣,三刀屋家,骏府城,无,,"[{""stage"":"""",""tkid"":""687"",""ref"":""687"",""emotion"":0}]",,TAIKOU_bio_687,六角家臣。定持之子。兄長賢持去世後繼承家督。在家中屬於重臣，曾與父親定持聯名簽署了六角家的戰國家法「六角氏式目」。主家滅亡後，經過一段流浪生活，先後侍奉織田信雄和蒲生氏鄉。
lord_tk5_688,688,688,,御宿勘兵卫,御宿勘兵衛,御宿,勘兵卫,Onjuku Kanbei,kanto,1,1567,1581,1615,战死,,,,,,全职种,5,5,普通,勇敢,普通,轻率,重视情义,64,武具,无欲,嗜酒如命,藤原氏,刀剑,26,71,12,38,44,2,1,0,0,0,2,1,1,0,0,0,0,0,0,0,0,无,强袭，拔突，铁壁,无,无要求,,,未登场,御宿勘兵卫,浪人,其他,无,,骏府之町,无,未登场,御宿勘兵卫,浪人,其他,无,,骏府之町,无,未登场,御宿勘兵卫,浪人,其他,无,,骏府之町,无,未登场,御宿勘兵卫,浪人,其他,无,,骏府之町,无,已登场,御宿勘兵卫,浪人,其他,无,,骏府之町,无,已登场,御宿勘兵卫,部将,直臣,结城家,clan_yuki_3,结城城,无,未登场,御宿勘兵卫,浪人,其他,无,骏府之町,无,已登场,御宿勘兵卫,浪人,其他,无,骏府之町,无,已登场,御宿勘兵卫,浪人,其他,无,花卷之町,无,,"[{""stage"":"""",""tkid"":""688"",""ref"":""688"",""emotion"":0}]",,TAIKOU_bio_688,北條氏浪人。名政友。初仕今川，後仕武田，任駿河千福城主。武田滅亡後曾仕結城秀康，及至秀康之子忠直時辭職，歸從豐臣一方入大阪城。於夏之陣中戰死。
lord_tk5_689,689,689,,水谷胤重,水穀胤重,水谷,胤重,Mizutani Taneshige,ou,1,1538,1554,1606,病死,,,,,,只限武将,38,38,温和,勇敢,普通,慎重,重视情义,30,武具,无欲,普通,平氏,刀剑,50,55,29,60,72,1,1,1,1,1,1,2,1,0,0,0,0,2,2,0,0,无,强袭,无,无要求,,,已登场,水谷胤重,足轻大将,直臣,相马家,clan_soma_1,小高城,无,已登场,水谷胤重,足轻大将,直臣,相马家,clan_soma_1,小高城,无,已登场,水谷胤重,足轻大将,直臣,相马家,clan_soma_1,小高城,无,已登场,水谷胤重,足轻大将,直臣,相马家,clan_soma_1,小高城,无,已登场,水谷胤重,足轻大将,直臣,相马家,clan_soma_1,小高城,无,已登场,水谷胤重,家老,直臣,相马家,clan_soma_1,小高城,无,已登场,水谷胤重,足轻大将,直臣,相马家,小高城,无,已登场,水谷胤重,足轻大将,直臣,相马家,小高城,无,已登场,水谷胤重,头领,首领,淡路水军,洲本之砦,无,,"[{""stage"":"""",""tkid"":""689"",""ref"":""689"",""emotion"":0}]",,TAIKOU_bio_689,相馬家臣。胤氏之子。關原合戰結束後，伊達政宗請求在相馬領內紮營讓士兵們休息時，相對於主張暗殺宿敵‧政宗的家臣們，只有胤重一人堅持此舉「違背武士之道」而反對此事。因此事件，當相馬家遭到貶抑時，受政宗之助才得以取回原有的領地。
lord_tk5_690,690,690,,水野胜成,水野勝成,水野,胜成,Mizuno Katsunari,saikai,1,1564,1578,1651,病死,lord_tk5_691,,,松平清康,lord_tk5_506|lord_tk5_691|lord_tk5_692,只限武将,90,20,普通,普通,理想,轻率,普通,64,武具,普通,普通,源氏,刀剑,44,51,48,61,54,1,1,0,0,2,0,0,0,0,0,0,0,0,1,0,0,无,强袭，刚弓,无,无要求,,,未登场,水野胜成,足轻组头,陪臣（水野忠重）,今川家,clan_mizuno_1,骏府城,无,未登场,水野胜成,足轻组头,陪臣（松平元康）,今川家,clan_tokugawa_1,冈崎城,无,未登场,水野胜成,足轻组头,陪臣（水野忠重）,德川家,clan_mizuno_1,冈崎城,无,未登场,水野胜成,足轻组头,陪臣（水野忠重）,德川家,clan_mizuno_1,滨松城,无,已登场,水野胜成,足轻组头,直臣,德川家,clan_tokugawa_1,滨松城,无,已登场,水野胜成,侍大将,直臣,小西家,clan_konishi_1,宇土城,无,未登场,水野胜成,足轻组头,陪臣（水野忠重）,松平家,冈崎城,无,已登场,水野胜成,足轻组头,直臣,织田家,长岛城,无,已登场,水野胜成,船头,直臣,淡路水军,洲本之砦,无,,"[{""stage"":"""",""tkid"":""690"",""ref"":""690"",""emotion"":0}]",,TAIKOU_bio_690,德川家臣。三河刈谷城主忠重嫡子。家康的堂兄弟。初陣便贏得猛將之名。與父不和出走，先後侍奉豐臣、佐佐和小西。關原之戰前其父故去，遂被家康召回，回歸不久繼承了父親遺留的領地。
lord_tk5_691,691,691,,水野忠重,,水野,忠重,Mizuno Tadashige,kanto,1,1541,1555,1600,战死,松平清康,,,,lord_tk5_506|lord_tk5_690|lord_tk5_692,只限武将,90,90,温和,普通,现实,慎重,普通,55,武具,普通,普通,源氏,刀剑,61,56,52,58,43,2,1,1,1,1,2,1,0,0,0,0,0,0,0,1,1,无,强袭，拔突，铁壁,无,无要求,,,未登场,水野忠重,足轻组头,陪臣（松平元康）,今川家,clan_mizuno_1,骏府城,无,已登场,水野忠重,足轻组头,陪臣（松平元康）,今川家,clan_tokugawa_1,冈崎城,无,已登场,水野忠重,足轻组头,直臣,德川家,clan_mizuno_1,冈崎城,无,已登场,水野忠重,足轻组头,直臣,德川家,clan_mizuno_1,滨松城,无,已登场,水野忠重,足轻大将,直臣,德川家,clan_tokugawa_1,滨松城,无,已登场,水野忠重,部将,直臣,德川家,clan_tokugawa_1,江户城,无,未登场,水野忠重,足轻组头,直臣,松平家,冈崎城,无,已登场,水野忠重,足轻大将,直臣,织田家,长岛城,无,已登场,水野忠重,船头,直臣,淡路水军,洲本之砦,无,,"[{""stage"":"""",""tkid"":""691"",""ref"":""691"",""emotion"":0}]",,TAIKOU_bio_691,德川家家臣。信元之弟。與兄長‧信元不同，仕官於德川家，歷經眾多戰役而表現極為優越。兄長死後，繼承家督之位隸屬於織田家。在豐臣政權下擔任武者奉行等職務，秀吉去世後，重返德川家。最後在關原合戰前夕的酒席中，與西軍的武將發生口角爭論而被殺害。
lord_tk5_692,692,692,,水野信元,,水野,信元,Mizuno Nobumoto,tokai,1,1524,1554,1575,战死,松平清康,,,,lord_tk5_506|lord_tk5_690|lord_tk5_691,只限武将,5,10,性急,勇敢,现实,普通,普通,64,武具,贪心,普通,源氏,刀剑,62,60,34,59,36,2,2,1,2,2,2,2,2,0,0,0,0,0,0,0,0,无,强袭，拔突，二连苦无，刚弓，铁壁,无,无要求,,,已登场,水野信元,部将,直臣,织田家,clan_oda_1,清洲城,无,已登场,水野信元,部将,直臣,织田家,clan_oda_1,清洲城,无,已登场,水野信元,部将,直臣,织田家,clan_oda_1,岐阜城,无,已登场,水野信元,部将,直臣,织田家,clan_oda_1,岐阜城,无,已死亡,水野信元,无效,无效,无,clan_tokugawa_1,无效,无,已死亡,水野信元,无效,无效,无,clan_tokugawa_1,无效,无,已登场,水野信元,侍大将,直臣,织田家,那古野城,无,已死亡,水野信元,无效,无效,无,无效,无,已登场,水野信元,船头,直臣,淡路水军,洲本之砦,无,,"[{""stage"":"""",""tkid"":""692"",""ref"":""692"",""emotion"":0}]",,TAIKOU_bio_692,織田家臣。忠重之兄。德川家康之母‧阿大之兄。以尾張‧三河的國境附近為本據地，背叛今川家侍奉織田信秀。桶狹間合戰發生後，對締結織田、德川家的同盟頗有貢獻。後來被懷疑與武田家串通，被奉信長之令的家康所誅殺。
lord_tk5_693,693,693,,沟尾庄兵卫,溝尾庄兵衛|溝尾莊兵衛,沟尾,庄兵卫,Mizuo Shoubei,kinai,1,1525,1554,1582,病死,,,,,,只限武将,40,40,温和,普通,普通,慎重,重视情义,14,书籍,普通,嗜酒如命,其他,枪,54,50,48,27,58,1,1,1,0,1,0,1,1,0,1,0,1,2,0,0,1,无,拔突,无,无要求,,,已登场,沟尾庄兵卫,足轻组头,陪臣（明智光秀）,斋藤家,clan_akechi_1,稻叶山城,无,已登场,沟尾庄兵卫,足轻组头,陪臣（明智光秀）,朝仓家,clan_akechi_1,一乘谷城,无,已登场,沟尾庄兵卫,足轻组头,陪臣（明智光秀）,织田家,clan_akechi_1,岐阜城,无,已登场,沟尾庄兵卫,足轻组头,陪臣（明智光秀）,织田家,clan_akechi_1,坂本城,无,已登场,沟尾庄兵卫,部将,陪臣（明智光秀）,织田家,clan_akechi_1,丹波龟山城,无,已死亡,沟尾庄兵卫,无效,无效,无,,无效,无,已登场,沟尾庄兵卫,足轻组头,陪臣（明智光秀）,斋藤家,稻叶山城,无,已死亡,沟尾庄兵卫,无效,无效,无,无效,无,已登场,沟尾庄兵卫,浪人,其他,无,直江津之町,无,,"[{""stage"":"""",""tkid"":""693"",""ref"":""693"",""emotion"":0}]",,TAIKOU_bio_693,明智家家臣。名為茂朝。光秀浪跡諸國時便是其家臣。當光秀被信長命令負責款待德川家康時，也共同擔任接待的工作。本能寺之變時，負責守備勝龍寺城。當光秀戰死於山崎合戰時，他回到阪本城後便自盡身亡。
lord_tk5_694,694,694,,沟口秀胜,溝口秀勝,沟口,秀胜,Mizoguchi Hideshige,hokuriku,1,1548,1562,1610,病死,,,,,,全职种,0,0,普通,普通,普通,慎重,普通,46,艺术品,普通,普通,其他,刀剑,45,41,51,38,65,0,0,0,1,1,0,1,0,1,0,0,1,0,0,0,0,无,强袭,无,无要求,,,未登场,沟口秀胜,足轻组头,直臣,织田家,clan_oda_1,清洲城,无,未登场,沟口秀胜,足轻组头,直臣,织田家,clan_oda_1,清洲城,无,已登场,沟口秀胜,足轻组头,直臣,织田家,clan_oda_1,岐阜城,无,已登场,沟口秀胜,足轻组头,直臣,织田家,clan_oda_1,岐阜城,无,已登场,沟口秀胜,足轻组头,直臣,织田家,clan_oda_1,安土城,无,已登场,沟口秀胜,大名,首领,沟口家,clan_mizoguchi_1,新发田城,无,未登场,沟口秀胜,浪人,其他,无,清洲之町,无,已登场,沟口秀胜,城主,直臣,丹羽家,大圣寺城,无,已登场,沟口秀胜,浪人,其他,无,津山之町,无,,"[{""stage"":"""",""tkid"":""694"",""ref"":""694"",""emotion"":0}]",,TAIKOU_bio_694,織田家家臣。勝政之子。起初侍奉丹羽長秀，建立戰功後成為織田信長的直臣。在賤岳之戰時隸屬於秀吉旗下，戰後成為大聖寺城主。後來成為堀秀治寄騎而移封至新發田城。關原合戰時隸屬於東軍，使本領得以獲得保全，家名延續直至幕府末期。
lord_tk5_695,695,695,,三刀屋久祐,三刀屋久祐,三刀屋,久祐,Mitoya Hisayasu,sanyo,1,1516,1554,1591,病死,,,,,,全职种,12,36,普通,胆小,普通,轻率,不重情义,63,艺术品,贪心,普通,源氏,枪,46,30,27,21,41,1,2,0,0,0,0,0,0,0,0,0,0,0,1,0,0,无,拔突,无,无要求,,,已登场,三刀屋久祐,城主,直臣,尼子家,clan_amago_1,三刀屋城,无,已登场,三刀屋久祐,城主,直臣,尼子家,clan_amago_1,三刀屋城,无,已登场,三刀屋久祐,城主,直臣,毛利家,clan_mori_1,三刀屋城,无,已登场,三刀屋久祐,城主,直臣,毛利家,clan_mori_2,三刀屋城,无,已登场,三刀屋久祐,城主,直臣,毛利家,clan_mori_2,三刀屋城,无,已死亡,三刀屋久祐,无效,无效,无,,无效,无,已登场,三刀屋久祐,城主,直臣,尼子家,三刀屋城,无,已登场,三刀屋久祐,城主,直臣,毛利家,三刀屋城,无,已登场,三刀屋久祐,大名,首领,三刀屋家,骏府城,无,,"[{""stage"":"""",""tkid"":""695"",""ref"":""695"",""emotion"":0}]",,TAIKOU_bio_695,尼子家臣，後為毛利家臣。三刀屋城主。一時依附大內氏，後歸順。毛利氏進犯出雲時私通並投靠毛利。跟隨毛利輝元赴京都時見過德川家康，並因此受到輝元懷疑被逐出出雲。
lord_tk5_696,696,696,,三村家亲,三村家親,三村,家亲,Mimura Ienaga,sanyo,1,1515,1554,1566,战死,,,,,lord_tk5_697,只限武将,50,50,普通,勇敢,普通,轻率,普通,70,武具,贪心,普通,源氏,刀剑,67,57,46,63,52,2,1,1,0,0,0,1,0,0,0,0,1,0,1,0,0,无,强袭,无,无要求,,,已登场,三村家亲,大名,首领,三村家,clan_mimura_1,备中松山城,无,已登场,三村家亲,大名,首领,三村家,clan_mimura_1,备中松山城,无,已死亡,三村家亲,无效,无效,无,clan_mimura_1,无效,无,已死亡,三村家亲,无效,无效,无,,无效,无,已死亡,三村家亲,无效,无效,无,,无效,无,已死亡,三村家亲,无效,无效,无,,无效,无,已登场,三村家亲,大名,首领,三村家,备中松山城,无,已死亡,三村家亲,无效,无效,无,无效,无,已登场,三村家亲,家老,直臣,三刀屋家,骏府城,无,,"[{""stage"":"""",""tkid"":""696"",""ref"":""696"",""emotion"":0}]",,TAIKOU_bio_696,備中豪族。宗親之子。與毛利家交好，攻陷尼子氏勢力下的備中松山城，進而掌握了備中一國的霸權。在他要更進一步攻略備前及美作時，被畏懼其來勢的宇喜多直家派刺客暗殺身亡。
lord_tk5_697,697,697,,三村元亲,三村元親,三村,元亲,Mimura Motochika,sanyo,1,1540,1554,1575,战死,lord_tk5_696,,,,lord_tk5_696,只限武将,50,50,普通,普通,普通,轻率,普通,61,艺术品,普通,普通,源氏,刀剑,48,54,43,35,34,1,1,1,0,0,0,1,0,1,0,0,0,0,0,0,0,无,强袭,无,无要求,,,已登场,三村元亲,家老,直臣,三村家,clan_mimura_1,备中松山城,无,已登场,三村元亲,家老,直臣,三村家,clan_mimura_1,备中松山城,无,已登场,三村元亲,大名,首领,三村家,clan_mimura_1,备中松山城,无,已死亡,三村元亲,无效,无效,无,,无效,无,已死亡,三村元亲,无效,无效,无,,无效,无,已死亡,三村元亲,无效,无效,无,,无效,无,未登场,三村元亲,家老,直臣,三村家,备中松山城,无,已死亡,三村元亲,无效,无效,无,无效,无,已登场,三村元亲,家老,直臣,三刀屋家,骏府城,无,,"[{""stage"":"""",""tkid"":""697"",""ref"":""697"",""emotion"":0}]",,TAIKOU_bio_697,備中豪族。家親之次子。松山城主。其父家親被宇喜多直家暗殺後繼承家業。從屬毛利家，成功地收復了備中，但因毛利家與殺父仇敵宇喜多直家結盟，而離去，後招致毛利家的小早川隆景軍隊的攻打而自殺。
lord_tk5_698,698,698,,宫部继润,宮部繼潤,宫部,继润,Miyabe Keijun,sanyo,1,1528,1554,1599,病死,,,,,lord_tk5_884,全职种,10,10,普通,勇敢,普通,普通,不重情义,74,南蛮物,贪心,普通,其他,枪,65,54,62,70,64,2,1,3,0,1,1,1,0,2,2,1,2,2,2,1,1,无,拔突，急所击,无,一般条件,,,已登场,宫部继润,足轻大将,直臣,浅井家,clan_miyabe_1,小谷城,无,已登场,宫部继润,足轻大将,直臣,浅井家,clan_miyabe_1,小谷城,无,已登场,宫部继润,足轻大将,直臣,浅井家,clan_miyabe_1,小谷城,无,已登场,宫部继润,足轻大将,陪臣（羽柴秀吉）,织田家,clan_miyabe_1,长滨城,无,已登场,宫部继润,足轻大将,陪臣（羽柴秀吉）,织田家,clan_miyabe_1,姬路城,无,已登场,宫部继润,大名,首领,宫部家,clan_miyabe_1,鸟取城,无,已登场,宫部继润,足轻组头,直臣,浅井家,小谷城,无,已登场,宫部继润,城主,直臣,羽柴家,鸟取城,无,已登场,宫部继润,浪人,其他,无,甲府之町,无,,"[{""stage"":"""",""tkid"":""698"",""ref"":""698"",""emotion"":0}]",,TAIKOU_bio_698,淺井家臣，後為豐臣家臣。曾是比叡山的僧人，後侍奉淺野長政。與織田信長對抗，但由於秀吉施計而投降於信長。之後，成為秀吉率領的中國討伐軍的先鋒而表現十分突出，晚年作了秀吉的御咄眾。
lord_tk5_699,699,699,,宫本传太夫,宮本伝太夫|宮本傳太夫,宫本传,太夫,Miyamoto Denta no jo,nankai,1,1549,1560,1616,病死,,,,,,武将以外优先,0,0,普通,勇敢,普通,慎重,重视情义,55,艺术品,普通,嗜酒如命,其他,刀剑,61,67,34,61,45,1,1,2,4,2,1,0,2,2,0,0,0,0,2,0,0,水上拖延，蝴蝶之阵,强袭，二连苦无，刚弓,无,一般条件,,,已登场,宫本传太夫,头领,首领,盐饱水军,clan_miyamoto_1,盐饱之砦,无,已登场,宫本传太夫,头领,首领,盐饱水军,clan_miyamoto_1,盐饱之砦,无,已登场,宫本传太夫,头领,首领,盐饱水军,clan_miyamoto_1,盐饱之砦,无,已登场,宫本传太夫,头领,首领,盐饱水军,clan_miyamoto_1,盐饱之砦,无,已登场,宫本传太夫,头领,首领,盐饱水军,clan_miyamoto_1,盐饱之砦,无,已登场,宫本传太夫,头领,首领,盐饱水军,clan_miyamoto_1,盐饱之砦,无,未登场,宫本传太夫,船头,直臣,盐饱水军,盐饱之砦,无,已登场,宫本传太夫,头领,首领,盐饱水军,盐饱之砦,无,已登场,宫本传太夫,浪人,其他,无,木更津之町,无,,"[{""stage"":"""",""tkid"":""699"",""ref"":""699"",""emotion"":0}]",,TAIKOU_bio_699,鹽飽水軍的將領。號為道意。從屬於織田信長時，擔任海上的輸送。受信長處贈與朱印狀，統治鹽飽海域。本能寺之變後從屬於秀吉，在朝鮮出兵建立了許多的戰功。關原合戰時隸屬於東軍，戰後受德川家康頒發朱印狀，鞏固了地位。
lord_tk5_700,700,700|1182,,宫本武藏,宮本武藏,宫本,武藏,Miyamotoo Musashi,sanyo,1,1584,1598,1645,病死,,,,,,没那个意思,10,10,普通,普通,理想,轻率,重视情义,84,武具,无欲,普通,藤原氏,刀剑,29,95,70,23,68,0,0,0,0,0,4,3,0,0,3,0,0,1,0,0,0,无,强袭，连续斩，二刀流，虎振，拔突，当身，刚力，铁壁，辱骂,剑豪,一般条件,,,未登场,宫本武藏,浪人,其他,无,,津山之町,无,未登场,宫本武藏,浪人,其他,无,,津山之町,无,未登场,宫本武藏,浪人,其他,无,,津山之町,无,未登场,宫本武藏,浪人,其他,无,,津山之町,无,未登场,宫本武藏,浪人,其他,无,,津山之町,无,已登场,宫本武藏,浪人,其他,无,,津山之町,无,未登场,宫本武藏,浪人,其他,无,津山之町,无,未登场,宫本武藏,浪人,其他,无,津山之町,无,已登场,宫本武藏,浪人,其他,无,会津之町,二天一流,"[{""stage"":""行"",""tkid"":""700"",""ref"":"""",""emotion"":1},{""stage"":""名"",""tkid"":""1182"",""ref"":"""",""emotion"":1}]","[{""stage"":""行"",""tkid"":""700"",""ref"":""700"",""emotion"":1},{""stage"":""名"",""tkid"":""1182"",""ref"":""1182"",""emotion"":1}]",,TAIKOU_bio_700,劍術家。本姓新免。與佐佐木小次郎的決鬥最為著名。一生未嘗敗績。自幼其父‧新免無二齋便教授他武藝。在遊歷諸國及與寶藏院流槍術、鎖鎌等多種流派對決之後，自創二刀流兵法「二天一流」。晚年時，將其畢生所學記載「五輪書」中。
lord_tk5_701,701,701,,三好笑岩,三好笑巖|三好康长|三好康長,三好,笑岩,Miyoshi Shougan,kinai,1,1517,1554,1583,病死,三好长秀,,,三好之长,lord_tk5_38|lord_tk5_431|lord_tk5_703|lord_tk5_704|lord_tk5_708,只限武将,50,50,温和,普通,普通,轻率,普通,51,武具,普通,普通,源氏,刀剑,52,34,46,26,64,2,1,1,0,0,1,2,0,0,1,0,0,0,0,0,0,无,强袭,无,一般条件,,,已登场,三好康长,部将,直臣,三好家,clan_miyoshi_1,饭盛城,无,已登场,三好康长,部将,直臣,三好家,clan_miyoshi_1,饭盛城,无,已登场,三好康长,家老,直臣,三好家,clan_miyoshi_4,胜瑞城,无,已登场,三好笑岩,部将,直臣,三好家,clan_sogo_2,胜瑞城,无,已登场,三好笑岩,城主,直臣,织田家,clan_oda_1,高屋城,无,已死亡,三好笑岩,无效,无效,无,,无效,无,已登场,三好康长,部将,陪臣（三好长庆）,细川家,芥川城,无,已死亡,三好笑岩,无效,无效,无,无效,无,已登场,三好康长,部将,直臣,三刀屋家,骏府城,无,,"[{""stage"":"""",""tkid"":""701"",""ref"":""701"",""emotion"":0}]",,TAIKOU_bio_701,三好長秀之子。長慶的叔父。名康長，號笑巖。與三好三人眾名顯於世。雖曾抵抗織田信長的上洛軍，但因戰敗而俯首稱臣。本能寺事變後，便脫離四國討伐軍而返回根據地。後來臣屬於豐臣秀吉，收秀吉的外甥‧秀次為義子，過從甚密。
lord_tk5_702,702,702,,三好长治,三好長治,三好,长治,Miyoshi Nagaharu,nankai,1,1553,1560,1577,战死,lord_tk5_708,,,三好元长,lord_tk5_38|lord_tk5_431|lord_tk5_432|lord_tk5_704|lord_tk5_707|lord_tk5_708|lord_tk5_709,全职种,50,50,性急,胆小,普通,轻率,不重情义,69,艺术品,贪心,普通,源氏,刀剑,27,32,38,20,28,0,0,0,0,0,1,0,0,0,0,0,0,1,0,0,0,无,强袭,无,无要求,,,未登场,三好长治,足轻组头,陪臣（三好义贤）,三好家,clan_miyoshi_2,胜瑞城,无,未登场,三好长治,足轻组头,陪臣（三好实休）,三好家,clan_miyoshi_2,胜瑞城,无,已登场,三好长治,部将,直臣,三好家,clan_miyoshi_4,胜瑞城,无,已登场,三好长治,大名,首领,三好家,clan_sogo_2,胜瑞城,无,已死亡,三好长治,无效,无效,无,clan_sogo_2,无效,无,已死亡,三好长治,无效,无效,无,,无效,无,未登场,三好长治,足轻大将,陪臣（三好义贤）,细川家,胜瑞城,无,已死亡,三好长治,无效,无效,无,无效,无,已登场,三好长治,部将,直臣,三刀屋家,骏府城,无,,"[{""stage"":"""",""tkid"":""702"",""ref"":""702"",""emotion"":0}]",,TAIKOU_bio_702,義賢之子。阿波勝瑞城主。其父義賢死後，由篠原長房舉薦繼承家業。但聽信讒言，與細川共同討伐長房。以後，因真之投降了長宗我部而與其作戰。在別宮浦戰死。
lord_tk5_703,703,703,,三好长逸,三好長逸,三好,长逸,Miyoshi Nagaatsu,nankai,1,1515,1554,1573,病死,,,,三好之长,lord_tk5_701,只限武将,50,50,性急,勇敢,普通,轻率,不重情义,58,艺术品,贪心,嗜酒如命,源氏,刀剑,52,56,59,64,49,2,1,1,0,0,0,1,0,0,1,1,0,0,2,0,1,无,强袭,无,无要求,,,已登场,三好长逸,家老,直臣,三好家,clan_miyoshi_1,饭盛城,无,已登场,三好长逸,家老,直臣,三好家,clan_miyoshi_1,饭盛城,无,已登场,三好长逸,大名,首领,三好家,clan_miyoshi_4,胜瑞城,无,已死亡,三好长逸,无效,无效,无,clan_sogo_2,无效,无,已死亡,三好长逸,无效,无效,无,clan_oda_1,无效,无,已死亡,三好长逸,无效,无效,无,,无效,无,已登场,三好长逸,侍大将,陪臣（三好长庆）,细川家,芥川城,无,已死亡,三好长逸,无效,无效,无,无效,无,已登场,三好长逸,部将,直臣,三刀屋家,骏府城,无,,"[{""stage"":"""",""tkid"":""703"",""ref"":""703"",""emotion"":0}]",,TAIKOU_bio_703,三好家臣。三好三人眾之首。最早跟隨長慶，轉戰畿內。長慶死後，侍奉義繼。由於與松永久秀對立，從而引起家中內亂。以後被織田信長的畿內平亂軍隊打敗而逃亡，去向不明。
lord_tk5_704,704,704,,三好长庆,三好長慶,三好,长庆,Miyoshi Nagayoshi,kinai,1,1523,1554,1564,病死,三好元长,,,三好长秀,lord_tk5_38|lord_tk5_431|lord_tk5_432|lord_tk5_701|lord_tk5_702|lord_tk5_707|lord_tk5_708|lord_tk5_709,只限武将,54,54,普通,普通,普通,慎重,不重情义,85,武具,贪心,普通,源氏,刀剑,81,45,84,90,77,3,3,2,1,2,2,3,1,1,2,2,2,3,2,2,2,无,强袭，拔突，刚弓，铁壁,无,一般条件,三好三人众 三好长逸/三好宗渭/岩成友通,,已登场,三好长庆,大名,首领,三好家,clan_miyoshi_1,饭盛城,无,已登场,三好长庆,大名,首领,三好家,clan_miyoshi_1,饭盛城,无,已死亡,三好长庆,无效,无效,无,clan_miyoshi_4,无效,无,已死亡,三好长庆,无效,无效,无,clan_sogo_2,无效,无,已死亡,三好长庆,无效,无效,无,clan_oda_1,无效,无,已死亡,三好长庆,无效,无效,无,,无效,无,已登场,三好长庆,国主,直臣,细川家,芥川城,无,已死亡,三好长庆,无效,无效,无,无效,无,已登场,三好长庆,部将,直臣,三刀屋家,骏府城,无,,"[{""stage"":"""",""tkid"":""704"",""ref"":""704"",""emotion"":0}]",,TAIKOU_bio_704,細川家臣。元長之嫡子。三好元長之子。１１歲繼承家業，擔任細川晴元的主事。爭奪主家實權擴充勢力，將主公晴元流放，但其嫡子義興和兄弟暴死，從而失意病死。
lord_tk5_705,705,705,,三好为三,三好為三|三好伊三|三好政胜|三好政勝|三好爲三,三好,为三,Miyoshi Korezane,tosan,1,1536,1554,1631,病死,三好政长,,,,lord_tk5_706,只限武将,49,49,性急,勇敢,理想,普通,重视情义,40,武具,无欲,嗜酒如命,源氏,刀剑,59,79,47,16,72,2,1,1,0,0,2,0,2,0,1,0,0,0,0,0,0,无,强袭，拔突，二连苦无，铁壁,无,一般条件,,,已登场,三好为三,侍大将,陪臣（三好宗渭）,三好家,clan_miyoshi_3,岸和田城,无,已登场,三好为三,侍大将,陪臣（三好宗渭）,三好家,clan_miyoshi_3,岸和田城,无,已登场,三好为三,部将,陪臣（三好宗渭）,三好家,clan_miyoshi_3,胜瑞城,无,已登场,三好为三,浪人,其他,无,,小诸之町,无,已登场,三好为三,浪人,其他,无,,小诸之町,无,已登场,三好伊三,浪人,其他,无,,小诸之町,无,已登场,三好为三,侍大将,陪臣（细川晴元）,足利家,朽木谷城,无,已登场,三好为三,浪人,其他,无,小诸之町,无,已登场,三好为三,城主,直臣,三刀屋家,滨松城,无,,"[{""stage"":"""",""tkid"":""705"",""ref"":""705"",""emotion"":0}]",,TAIKOU_bio_705,細川家臣。攝津榎並城主。政長之子。與殺父仇人三好長慶作戰。長慶死後，和三好三人眾和好。並投入織田信長的畿內平亂軍，攝津豐島作為領地。此後侍奉豐臣秀吉和德川家康，９６歲故去。
lord_tk5_706,706,706,,三好宗渭,三好清海|三好政康,三好,宗渭,Miyoshi Shuui,tosan,1,1528,1554,1615,战死,三好政长,,,,lord_tk5_705,只限武将,49,49,性急,勇敢,理想,普通,普通,40,书籍,普通,嗜酒如命,源氏,刀剑,65,82,48,48,67,2,2,1,0,0,3,2,2,1,0,1,0,0,0,0,0,无,强袭，连续斩，拔突，二连苦无，刚力，铁壁,无,一般条件,,,已登场,三好宗渭,城主,直臣,三好家,clan_miyoshi_3,岸和田城,无,已登场,三好宗渭,城主,直臣,三好家,clan_miyoshi_3,岸和田城,无,已登场,三好宗渭,家老,直臣,三好家,clan_miyoshi_3,胜瑞城,无,已登场,三好宗渭,浪人,其他,无,,小诸之町,无,已登场,三好宗渭,浪人,其他,无,,小诸之町,无,已登场,三好清海,浪人,其他,无,,诹访之町,无,已登场,三好宗渭,部将,直臣,细川家,二条城,无,已登场,三好宗渭,浪人,其他,无,小诸之町,无,已登场,三好宗渭,部将,陪臣（三好为三）,三刀屋家,滨松城,无,,"[{""stage"":"""",""tkid"":""706"",""ref"":""706"",""emotion"":0}]",,TAIKOU_bio_706,三好家臣。三好三人眾之一。與松永久秀一起把將軍足利義輝殺害。進攻織田信長，大敗而逃。以後侍奉豐臣家第二代，在大阪夏之戰中陣亡。入道後號稱「清海」。
lord_tk5_707,707,707,,三好义兴,三好義興,三好,义兴,Miyoshi Yoshiyuki,kinai,1,1542,1560,1563,病死,lord_tk5_704,,,三好元长,lord_tk5_38|lord_tk5_431|lord_tk5_432|lord_tk5_702|lord_tk5_704|lord_tk5_708|lord_tk5_709,只限武将,50,50,温和,胆小,普通,轻率,普通,37,武具,普通,滴酒不沾,源氏,刀剑,62,35,57,62,59,1,2,1,0,0,0,1,0,0,0,0,0,1,0,1,0,无,强袭,无,一般条件,,,未登场,三好义兴,部将,直臣,三好家,clan_miyoshi_1,饭盛城,无,已登场,三好义兴,部将,直臣,三好家,clan_miyoshi_1,饭盛城,无,已死亡,三好义兴,无效,无效,无,clan_miyoshi_4,无效,无,已死亡,三好义兴,无效,无效,无,clan_sogo_2,无效,无,已死亡,三好义兴,无效,无效,无,clan_sogo_2,无效,无,已死亡,三好义兴,无效,无效,无,,无效,无,未登场,三好义兴,部将,陪臣（三好长庆）,细川家,芥川城,无,已死亡,三好义兴,无效,无效,无,无效,无,已登场,三好义兴,部将,直臣,三刀屋家,骏府城,无,,"[{""stage"":"""",""tkid"":""707"",""ref"":""707"",""emotion"":0}]",,TAIKOU_bio_707,長慶之嫡子。承蒙將軍足利義輝恩惠獲得官爵稱謂義長，負責後勤工作。在六角家和田山家之戰中立下戰功，取得勝利。並被寄以希望，但２２歲暴死，據稱是被松永久秀毒死。
lord_tk5_708,708,708,,三好实休,三好實休|三好义贤|三好義賢,三好,实休,Miyoshi Jikkyu,nankai,1,1527,1554,1562,战死,三好元长,,,三好长秀,lord_tk5_38|lord_tk5_431|lord_tk5_432|lord_tk5_701|lord_tk5_702|lord_tk5_704|lord_tk5_707|lord_tk5_709,只限武将,50,50,普通,勇敢,普通,慎重,普通,64,艺术品,普通,普通,源氏,刀剑,78,63,74,66,75,2,3,0,1,2,2,2,0,1,1,1,0,3,2,3,1,无,强袭，拔突，刚弓，铁壁,无,一般条件,,,已登场,三好义贤,城主,直臣,三好家,clan_miyoshi_2,胜瑞城,无,已登场,三好实休,城主,直臣,三好家,clan_miyoshi_2,胜瑞城,无,已死亡,三好实休,无效,无效,无,clan_miyoshi_4,无效,无,已死亡,三好实休,无效,无效,无,clan_sogo_2,无效,无,已死亡,三好实休,无效,无效,无,clan_sogo_2,无效,无,已死亡,三好实休,无效,无效,无,,无效,无,已登场,三好义贤,国主,直臣,细川家,胜瑞城,无,已死亡,三好实休,无效,无效,无,无效,无,已登场,三好实休,部将,直臣,三刀屋家,骏府城,无,,"[{""stage"":"""",""tkid"":""708"",""ref"":""708"",""emotion"":0}]",,TAIKOU_bio_708,元長之次子，長慶之弟。其兄長慶進入畿內後負責本國阿波的治理工作。作為長慶的左右手在內政、軍事等方面功勞顯赫。在和泉久米之戰中與田山高政、根來眾作戰而死。喜好茶道，與千利休等結為至交。
lord_tk5_709,709,709,,三好义继,三好義繼,三好,义继,Miyoshi Yoshitsugu,kinai,1,1551,1564,1573,战死,lord_tk5_431,,,三好元长,lord_tk5_38|lord_tk5_431|lord_tk5_432|lord_tk5_702|lord_tk5_704|lord_tk5_707|lord_tk5_708,只限武将,50,50,普通,胆小,普通,轻率,不重情义,59,南蛮物,贪心,普通,源氏,刀剑,36,29,41,35,41,1,0,0,0,0,0,0,1,0,0,0,0,1,1,0,0,无,强袭,无,无要求,,,未登场,三好义继,部将,直臣,三好家,clan_miyoshi_1,饭盛城,无,未登场,三好义继,部将,直臣,三好家,clan_miyoshi_1,饭盛城,无,已登场,三好义继,大名,首领,三好家,clan_miyoshi_5,饭盛城,无,已死亡,三好义继,无效,无效,无,clan_sogo_2,无效,无,已死亡,三好义继,无效,无效,无,clan_sogo_2,无效,无,已死亡,三好义继,无效,无效,无,,无效,无,未登场,三好义继,部将,陪臣（三好长庆）,细川家,芥川城,无,已死亡,三好义继,无效,无效,无,无效,无,已登场,三好义继,部将,直臣,三刀屋家,骏府城,无,,"[{""stage"":"""",""tkid"":""709"",""ref"":""709"",""emotion"":0}]",,TAIKOU_bio_709,十河一存之子。三好長慶是其伯父。三好長慶之子義興死後，成為長慶的義子，死後，三好三人眾繼承事業。投降了入京的織田信長，但為保護足利義昭被織田攻擊，因謀反罪被殺。
lord_tk5_710,710,710,,向井正纲,向井正綱,向井,正纲,mukaisei,kanto,1,1557,1571,1625,病死,,,,,,全职种,62,62,普通,勇敢,理想,轻率,重视情义,68,艺术品,普通,普通,源氏,刀剑,63,77,19,59,65,2,0,1,4,2,2,0,1,0,0,0,0,0,0,0,0,蝴蝶之阵,强袭，拔突，刚弓，铁壁,无,一般条件,,,未登场,向井正纲,水夫头,直臣,骏河水军,clan_okabe_1,清水之砦,无,未登场,向井正纲,水夫头,直臣,骏河水军,clan_okabe_1,清水之砦,无,未登场,向井正纲,水夫头,直臣,骏河水军,clan_okabe_1,清水之砦,无,已登场,向井正纲,水夫头,直臣,骏河水军,clan_okabe_1,清水之砦,无,已登场,向井正纲,水夫头,直臣,骏河水军,clan_itami_1,清水之砦,无,已登场,向井正纲,头领,首领,江户水军,clan_mukaisei_1,三崎之砦,无,未登场,向井正纲,水夫头,直臣,骏河水军,清水之砦,无,已登场,向井正纲,水夫头,直臣,骏河水军,清水之砦,无,已登场,向井正纲,浪人,其他,无,土崎凑之町,无,,"[{""stage"":"""",""tkid"":""710"",""ref"":""710"",""emotion"":0}]",,TAIKOU_bio_710,武田家臣，後為德川家臣，政勝嫡子。因父親政勝受德川軍攻擊陣亡，正綱繼承了家督之位，積極參與武田水軍的活動。主家滅亡後侍奉德川家，任御船奉行，做為德川水軍的中堅立下了戰功。
lord_tk5_711,711,711,,村井贞胜,村井貞勝,村井,贞胜,Murai Sadakatsu,kinai,1,1523,1554,1582,战死,,,,,,只限武将,1,1,温和,普通,现实,轻率,普通,24,书籍,无欲,普通,其他,刀剑,13,7,88,80,75,0,0,0,0,0,0,0,0,0,2,2,3,4,3,2,0,无,强袭，丢钱,无,一般条件,,,已登场,村井贞胜,侍大将,直臣,织田家,clan_oda_1,清洲城,无,已登场,村井贞胜,侍大将,直臣,织田家,clan_oda_1,清洲城,无,已登场,村井贞胜,侍大将,直臣,织田家,clan_oda_1,岐阜城,无,已登场,村井贞胜,侍大将,直臣,织田家,clan_oda_1,岐阜城,无,已登场,村井贞胜,城主,直臣,织田家,clan_oda_1,二条城,无,已死亡,村井贞胜,无效,无效,无,,无效,无,已登场,村井贞胜,足轻大将,直臣,织田家,那古野城,无,已死亡,村井贞胜,无效,无效,无,无效,无,已登场,村井贞胜,浪人,其他,无,宇须岸之町,无,,"[{""stage"":"""",""tkid"":""711"",""ref"":""711"",""emotion"":0}]",,TAIKOU_bio_711,織田家臣。是家中第一位幕僚。很早即作為信長的家臣而活躍。擔任京都所司代，幫助維持治安、修築內宮。本能寺事變時，與信長的嫡子信忠等據守二條御所，被明智光秀軍所包圍戰死。
lord_tk5_712,712,712,,村井长赖,村井長賴,村井,长赖,Murai Nagayori,hokuriku,1,1543,1557,1605,病死,,,,,,只限武将,98,99,普通,普通,普通,普通,重视情义,45,武具,普通,普通,其他,刀剑,51,65,55,54,63,1,0,0,0,1,2,1,0,0,1,1,1,1,1,0,0,无,强袭，拔突，铁壁,无,无要求,,,未登场,村井长赖,足轻组头,陪臣（前田利家）,织田家,clan_maeda_1,清洲城,无,已登场,村井长赖,足轻组头,陪臣（前田利家）,织田家,clan_maeda_1,清洲城,无,已登场,村井长赖,足轻组头,陪臣（前田利家）,织田家,clan_maeda_1,岐阜城,无,已登场,村井长赖,足轻组头,陪臣（前田利家）,织田家,clan_maeda_1,岐阜城,无,已登场,村井长赖,足轻大将,陪臣（前田利家）,织田家,clan_maeda_1,七尾城,无,已登场,村井长赖,部将,直臣,前田家,clan_maeda_1,金泽城,无,未登场,村井长赖,足轻组头,陪臣（前田利家）,织田家,那古野城,无,已登场,村井长赖,足轻大将,直臣,前田家,尾山城,无,已登场,村井长赖,浪人,其他,无,博多之町,无,,"[{""stage"":"""",""tkid"":""712"",""ref"":""712"",""emotion"":0}]",,TAIKOU_bio_712,前田家家臣。人稱長八郎。又名又兵衛。少年時期便侍奉利家，可謂與其同甘共苦的股肱之臣。合戰時數次救過利家性命。於利家成為加賀大名之後，任職金澤町奉行，領俸一萬石餘。利家過世後，跟隨以人質身份前往江戶的芳春院（阿松的法名）。
lord_tk5_713,713,713,,村上国清,村上國清,村上,国清,Murakami Kunikiyo,ou,1,1546,1560,1598,病死,lord_tk5_716,,,,lord_tk5_716,全职种,26,26,普通,胆小,普通,轻率,不重情义,44,南蛮物,普通,普通,源氏,刀剑,55,45,31,50,42,1,2,1,0,0,0,2,0,0,1,0,0,0,2,1,1,无,强袭,无,无要求,,,未登场,村上国清,足轻组头,直臣,长尾家,clan_murakami_2,春日山城,无,已登场,村上国清,足轻组头,直臣,长尾家,clan_murakami_2,春日山城,无,已登场,村上国清,足轻组头,直臣,上杉家,clan_uesugi_1,春日山城,无,已登场,村上国清,足轻组头,直臣,上杉家,clan_uesugi_1,春日山城,无,已登场,村上国清,足轻大将,直臣,上杉家,clan_uesugi_2,春日山城,无,已登场,村上国清,侍大将,直臣,上杉家,clan_uesugi_2,会津若松城,无,未登场,村上国清,家老,直臣,村上家,海津城,无,已登场,村上国清,足轻大将,直臣,上杉家,春日山城,无,已登场,村上国清,侍大将,直臣,上泉家,内城,无,,"[{""stage"":"""",""tkid"":""713"",""ref"":""713"",""emotion"":0}]",,TAIKOU_bio_713,上杉家臣。義清之子。由於父親義清在與武田信玄的爭戰中敗北，隨父逃至越後。後為謙信家臣，活躍於外交與軍事領域。後繼承與守護上杉同族的山浦家，拜受景勝名中一字，改名景國。
lord_tk5_714,714,714|1183,,村上武吉,,村上,武吉,Murakami Takeyoshi,nankai,1,1533,1554,1604,病死,,,,,lord_tk5_715,全职种,25,25,普通,勇敢,普通,普通,普通,66,艺术品,贪心,嗜酒如命,源氏,刀剑,67,75,19,53,66,2,0,2,4,2,3,3,2,2,0,0,2,0,2,0,0,水上拖延，蝴蝶之阵,强袭，连续斩，拔突，二连苦无，刚弓，刚力，铁壁,无,一般条件,,,已登场,村上武吉,头领,首领,村上水军,clan_murakami_1,三岛之砦,无,已登场,村上武吉,头领,首领,村上水军,clan_murakami_1,三岛之砦,无,已登场,村上武吉,头领,首领,村上水军,clan_murakami_1,三岛之砦,无,已登场,村上武吉,头领,首领,村上水军,clan_murakami_1,三岛之砦,无,已登场,村上武吉,头领,首领,村上水军,clan_murakami_1,三岛之砦,无,已登场,村上武吉,船头,直臣,村上水军,clan_murakami_1,三岛之砦,无,已登场,村上武吉,头领,首领,村上水军,三岛之砦,无,已登场,村上武吉,头领,首领,村上水军,三岛之砦,无,已登场,村上武吉,侍大将,直臣,上泉家,内城,无,"[{""stage"":""水"",""tkid"":""714"",""ref"":"""",""emotion"":1},{""stage"":""海"",""tkid"":""1183"",""ref"":"""",""emotion"":1}]","[{""stage"":""水"",""tkid"":""714"",""ref"":""714"",""emotion"":1},{""stage"":""海"",""tkid"":""1183"",""ref"":""1183"",""emotion"":1}]",,TAIKOU_bio_714,能島村上水軍的頭領。義忠之子。嚴島之戰支持毛利軍，率領水軍為取得勝利做出了貢獻。以後，侍奉毛利家，在木津川口之戰中大勝織田水軍。以村上水軍之名威震天下。
lord_tk5_715,715,715,,村上元吉,,村上,元吉,Murakami Motoyoshi,nankai,1,1553,1567,1600,战死,lord_tk5_714,,,,lord_tk5_714,全职种,25,25,温和,普通,现实,普通,普通,55,武具,普通,普通,源氏,刀剑,56,56,17,44,53,1,0,1,3,1,2,1,0,0,0,0,0,0,0,0,0,水上禁行，蝴蝶之阵,强袭，拔突，铁壁,无,无要求,,,未登场,村上元吉,船头,直臣,村上水军,clan_murakami_1,三岛之砦,无,未登场,村上元吉,船头,直臣,村上水军,clan_murakami_1,三岛之砦,无,已登场,村上元吉,船头,直臣,村上水军,clan_murakami_1,三岛之砦,无,已登场,村上元吉,水夫头,直臣,村上水军,clan_murakami_1,三岛之砦,无,已登场,村上元吉,水夫头,直臣,村上水军,clan_murakami_1,三岛之砦,无,已登场,村上元吉,头领,首领,村上水军,clan_murakami_1,三岛之砦,无,未登场,村上元吉,船头,直臣,村上水军,三岛之砦,无,已登场,村上元吉,水夫头,直臣,村上水军,三岛之砦,无,已登场,村上元吉,侍大将,直臣,上泉家,内城,无,,"[{""stage"":"""",""tkid"":""715"",""ref"":""715"",""emotion"":0}]",,TAIKOU_bio_715,能島村上水軍的頭領。武吉的嫡子。父親引退後，繼承村上水軍的統領。投靠毛利家‧小早川隆景旗下，在朝鮮出兵等戰役表現甚佳。在關原之戰時，為了取回舊領‧伊予，率領毛利水軍加入西軍，但在伊予松前登陸後，遭到加藤嘉明的奇襲而戰敗身亡。
lord_tk5_716,716,716,,村上义清,村上義清,村上,义清,Murakami Yoshikiyo,hokuriku,1,1503,1554,1573,病死,,,,,lord_tk5_713,只限武将,26,26,普通,胆小,理想,轻率,普通,71,艺术品,贪心,普通,源氏,刀剑,66,70,49,34,40,2,2,0,0,0,0,2,0,0,0,0,1,1,2,0,0,无,强袭,无,无要求,,,已登场,村上义清,部将,直臣,长尾家,clan_murakami_2,春日山城,无,已登场,村上义清,部将,直臣,长尾家,clan_murakami_2,春日山城,无,已登场,村上义清,部将,直臣,上杉家,clan_uesugi_1,春日山城,无,已死亡,村上义清,无效,无效,无,clan_uesugi_1,无效,无,已死亡,村上义清,无效,无效,无,clan_uesugi_2,无效,无,已死亡,村上义清,无效,无效,无,clan_uesugi_2,无效,无,已登场,村上义清,大名,首领,村上家,海津城,无,已死亡,村上义清,无效,无效,无,无效,无,已登场,村上义清,侍大将,直臣,上泉家,内城,无,,"[{""stage"":"""",""tkid"":""716"",""ref"":""716"",""emotion"":0}]",,TAIKOU_bio_716,信濃豪族。葛尾城主。曾兩度擊退武田信玄軍進犯，威震八方。因中真田幸隆之計丟失城池，遂求助於上杉謙信。雖經五次川中島之戰，仍未得收復舊地。
lord_tk5_717,717,717,,毛受胜照,毛受勝照,毛受,胜照,Mochiku Katsuteru,hokuriku,1,1551,1565,1583,病死,,,,,,只限武将,91,91,普通,勇敢,普通,轻率,重视情义,13,武具,普通,嗜酒如命,其他,刀剑,58,62,24,23,42,1,2,0,0,1,2,1,0,0,0,0,0,0,0,0,0,无,强袭，拔突，铁壁,无,无要求,,,未登场,毛受胜照,足轻组头,陪臣（柴田胜家）,织田家,clan_shibata_1,那古野城,无,未登场,毛受胜照,足轻组头,陪臣（柴田胜家）,织田家,clan_shibata_1,清洲城,无,已登场,毛受胜照,足轻组头,陪臣（柴田胜家）,织田家,clan_shibata_1,岐阜城,无,已登场,毛受胜照,足轻组头,陪臣（柴田胜家）,织田家,clan_shibata_1,北之庄城,无,已登场,毛受胜照,足轻大将,陪臣（柴田胜家）,织田家,clan_shibata_1,北之庄城,无,已死亡,毛受胜照,无效,无效,无,,无效,无,未登场,毛受胜照,足轻组头,陪臣（柴田胜家）,织田家,那古野城,无,已死亡,毛受胜照,无效,无效,无,无效,无,已登场,毛受胜照,浪人,其他,无,小仓之町,无,,"[{""stage"":"""",""tkid"":""717"",""ref"":""717"",""emotion"":0}]",,TAIKOU_bio_717,柴田家家臣。人稱勝介。出身尾張，從早期便侍奉勝家，以小姓頭的身分領俸一萬石。勝家於賤岳之戰中落敗時，為了讓勝家有足夠的時間撤退，便舉勝家的旗幟以瞞騙敵軍，最後與兄長一同戰死沙場。
lord_tk5_718,718,718,,毛利胜永,毛利勝永,毛利,胜永,Mori Katsunaga,saikai,1,1577,1591,1615,战死,,,,,,全职种,10,10,普通,勇敢,普通,轻率,重视情义,66,南蛮物,普通,普通,其他,刀剑,47,62,27,56,61,1,1,2,0,0,2,0,0,0,0,0,0,0,0,0,0,无,强袭，拔突，铁壁,无,无要求,,,未登场,毛利胜永,浪人,其他,无,,清洲之町,无,未登场,毛利胜永,浪人,其他,无,,清洲之町,无,未登场,毛利胜永,浪人,其他,无,,清洲之町,无,未登场,毛利胜永,浪人,其他,无,,清洲之町,无,未登场,毛利胜永,浪人,其他,无,,清洲之町,无,已登场,毛利胜永,城主,直臣,丰臣家,clan_kinoshita_1,小仓城,无,未登场,毛利胜永,浪人,其他,无,清洲之町,无,未登场,毛利胜永,浪人,其他,无,清洲之町,无,已登场,毛利胜永,浪人,其他,无,浦户之町,无,,"[{""stage"":"""",""tkid"":""718"",""ref"":""718"",""emotion"":0}]",,TAIKOU_bio_718,豐臣家臣。吉成之子。關原之戰時歸屬西軍，並因此失去領地，與父親一起被發配至土佐，寄居於山內一豐門下。後離開進入大阪城，大阪夏之陣一役與本多忠朝奮戰，城破時自殺成仁。
lord_tk5_719,719,719,,毛利重能,,毛利,重能,Mori Shigeyoshi,kinai,1,1575,1589,1638,病死,,,,,,全职种,12,12,性急,普通,现实,慎重,普通,54,书籍,贪心,普通,其他,刀剑,14,29,67,59,58,0,0,1,0,0,0,1,0,0,2,1,4,0,3,1,2,无,强袭，丢钱，贿赂,无,无要求,,,未登场,毛利重能,浪人,其他,无,,石山之町,无,未登场,毛利重能,浪人,其他,无,,石山之町,无,未登场,毛利重能,浪人,其他,无,,石山之町,无,未登场,毛利重能,浪人,其他,无,,石山之町,无,未登场,毛利重能,浪人,其他,无,,石山之町,无,已登场,毛利重能,足轻组头,直臣,丰臣家,clan_kinoshita_1,大坂城,无,未登场,毛利重能,浪人,其他,无,石山之町,无,未登场,毛利重能,足轻组头,陪臣（池田恒兴）,羽柴家,大垣城,无,已登场,毛利重能,浪人,其他,无,津山之町,无,,"[{""stage"":"""",""tkid"":""719"",""ref"":""719"",""emotion"":0}]",,TAIKOU_bio_719,豐臣家家臣。算術師。受秀吉之命前往明朝留學，將算盤傳入日本。於大阪之陣後成為浪人，自稱「天下第一快除」，在江戶教授珠算。被稱為日本的數學之祖。著有「割算書」等（割算即中文之「除法」）。
lord_tk5_720,720,720,,毛利隆元,,毛利,隆元,Mori Takamoto,sanyo,1,1523,1554,1563,病死,lord_tk5_722,,,,lord_tk5_263|lord_tk5_264|lord_tk5_265|lord_tk5_314|lord_tk5_316|lord_tk5_370|lord_tk5_562|lord_tk5_622|lord_tk5_721|lord_tk5_722|lord_tk5_828,只限武将,36,36,温和,胆小,普通,轻率,重视情义,45,书籍,无欲,普通,其他,刀剑,74,59,79,75,83,2,1,1,0,1,2,1,0,2,1,1,1,1,1,0,0,百万一心,强袭，拔突，铁壁,无,一般条件,,,已登场,毛利隆元,家老,直臣,毛利家,clan_mori_2,吉田郡山城,无,已登场,毛利隆元,家老,直臣,毛利家,clan_mori_1,吉田郡山城,无,已死亡,毛利隆元,无效,无效,无,clan_mori_1,无效,无,已死亡,毛利隆元,无效,无效,无,clan_mori_2,无效,无,已死亡,毛利隆元,无效,无效,无,clan_mori_2,无效,无,已死亡,毛利隆元,无效,无效,无,clan_mori_2,无效,无,已登场,毛利隆元,家老,直臣,毛利家,吉田郡山城,无,已死亡,毛利隆元,无效,无效,无,无效,无,已登场,毛利隆元,浪人,其他,无,严岛之町,无,,"[{""stage"":"""",""tkid"":""720"",""ref"":""720"",""emotion"":0}]",,TAIKOU_bio_720,安藝的戰國大名，元就嫡子。做為孝子在家族中威望高，領導力強。少時在大內家做人質，由大內義隆主持加冠禮，步入成年。在父親的關照下從事中國地方的經營，但在遠征出雲途中突然去世。
lord_tk5_721,721,721,,毛利辉元,毛利輝元,毛利,辉元,Mori Terumoto,sanyo,1,1553,1567,1625,病死,lord_tk5_720,,,lord_tk5_722,lord_tk5_263|lord_tk5_264|lord_tk5_265|lord_tk5_314|lord_tk5_316|lord_tk5_370|lord_tk5_562|lord_tk5_622|lord_tk5_720|lord_tk5_722|lord_tk5_828,只限武将,36,36,普通,胆小,普通,轻率,普通,76,艺术品,普通,普通,其他,刀剑,68,47,62,39,73,2,1,2,0,1,1,2,0,1,2,2,2,2,1,2,1,百万一心,强袭,无,一般条件,,,未登场,毛利辉元,足轻组头,陪臣（毛利隆元）,毛利家,clan_mori_2,吉田郡山城,无,未登场,毛利辉元,足轻组头,直臣,毛利家,clan_mori_1,吉田郡山城,无,已登场,毛利辉元,家老,直臣,毛利家,clan_mori_1,吉田郡山城,无,已登场,毛利辉元,大名,首领,毛利家,clan_mori_2,吉田郡山城,无,已登场,毛利辉元,大名,首领,毛利家,clan_mori_2,吉田郡山城,无,已登场,毛利辉元,大名,首领,毛利家,clan_mori_2,广岛城,无,未登场,毛利辉元,部将,直臣,毛利家,吉田郡山城,无,已登场,毛利辉元,大名,首领,毛利家,吉田郡山城,无,已登场,毛利辉元,浪人,其他,无,仙台之町,无,,"[{""stage"":"""",""tkid"":""721"",""ref"":""721"",""emotion"":0}]",,TAIKOU_bio_721,安藝的戰國大名。隆元嫡子。由於父親隆元突然故去，所以受祖父元就撫養，繼承家督。雖曾擁立將軍與織田信長對立，與羽柴秀吉軍交戰，但講和後歸從秀吉。後來成為豐臣家臣，為五大老之一。
lord_tk5_722,722,722,,毛利元就,,毛利,元就,Mori Motonari,sanyo,1,1497,1554,1571,病死,,,,,lord_tk5_263|lord_tk5_264|lord_tk5_265|lord_tk5_314|lord_tk5_316|lord_tk5_370|lord_tk5_562|lord_tk5_622|lord_tk5_720|lord_tk5_721|lord_tk5_828,只限武将,36,36,温和,普通,普通,慎重,不重情义,88,书籍,贪心,滴酒不沾,其他,刀剑,93,54,96,100,97,4,3,2,3,3,2,4,1,3,2,4,3,2,3,1,1,强行突破，百万一心，进水，影武者，威吓,强袭，拔突，刚弓，铁壁，丢钱,军师,不可,毛利三本矢 毛利隆元/吉川元春/小早川隆景,主角毛利隆元/吉川元春/小早川隆景，三矢训,已登场,毛利元就,大名,首领,毛利家,clan_mori_1,吉田郡山城,无,已登场,毛利元就,大名,首领,毛利家,clan_mori_1,吉田郡山城,无,已登场,毛利元就,大名,首领,毛利家,clan_mori_1,吉田郡山城,无,已死亡,毛利元就,无效,无效,无,clan_kikkawa_1,无效,无,已死亡,毛利元就,无效,无效,无,clan_kikkawa_1,无效,无,已死亡,毛利元就,无效,无效,无,clan_kobayakawa_1,无效,无,已登场,毛利元就,大名,首领,毛利家,吉田郡山城,无,已死亡,毛利元就,无效,无效,无,无效,无,已登场,毛利元就,浪人,其他,无,滨松之町,无,,"[{""stage"":"""",""tkid"":""722"",""ref"":""722"",""emotion"":0}]",,TAIKOU_bio_722,安藝的戰國大名。弘元次子。曠世之謀將。依靠謀略，擴大勢力，成為中國地方的大名。將家督讓位給長子隆元之後，安排次子元春繼承吉川家，三子隆景繼承小早川家，建立了「毛利兩川體制」。
lord_tk5_723,723,723|1184,,最上义光,最上義光,最上,义光,Mogami Yoshiaki,ou,1,1546,1560,1614,病死,lord_tk5_725,,,,lord_tk5_724|lord_tk5_725|lord_tk5_869,只限武将,50,99,普通,胆小,现实,慎重,不重情义,93,书籍,贪心,普通,源氏,刀剑,84,69,80,91,87,3,2,2,0,0,1,2,3,0,0,1,3,2,2,2,0,刺杀，内讧之术,强袭，二连苦无，半月，丢钱,策士,一般条件,,,未登场,最上义光,部将,陪臣（最上义守）,最上家,clan_mogami_2,山形城,无,已登场,最上义光,家老,直臣,最上家,clan_mogami_2,山形城,无,已登场,最上义光,家老,直臣,最上家,clan_mogami_2,山形城,无,已登场,最上义光,大名,首领,最上家,clan_mogami_2,山形城,无,已登场,最上义光,大名,首领,最上家,clan_mogami_2,山形城,无,已登场,最上义光,大名,首领,最上家,clan_mogami_2,山形城,无,未登场,最上义光,家老,直臣,最上家,山形城,无,已登场,最上义光,大名,首领,最上家,山形城,无,已登场,最上义光,部将,直臣,上泉家,内城,无,"[{""stage"":""出羽"",""tkid"":""723"",""ref"":"""",""emotion"":1},{""stage"":""大"",""tkid"":""1184"",""ref"":"""",""emotion"":1}]","[{""stage"":""出羽"",""tkid"":""723"",""ref"":""723"",""emotion"":1},{""stage"":""大"",""tkid"":""1184"",""ref"":""1184"",""emotion"":1}]",,TAIKOU_bio_723,最上家第１１代家主。義守之嫡子。因其父義守想把家業讓給其弟義時，家中引起爭鬥。從而繼續掌管家業。費盡心思開展秘密外交及暗殺敵方重臣，專長權術和謀略，建立了最上家最大的版圖。
lord_tk5_724,724,724,,最上义时,最上義時,最上,义时,Mogami Yoshitoki,ou,1,1548,1560,1574,病死,lord_tk5_725,,,,lord_tk5_723|lord_tk5_725|lord_tk5_869,全职种,50,50,温和,胆小,理想,轻率,不重情义,58,艺术品,无欲,滴酒不沾,源氏,刀剑,52,41,60,58,74,1,2,0,0,0,1,1,0,0,1,1,0,0,0,0,0,无,强袭,无,无要求,,,未登场,最上义时,部将,陪臣（最上义守）,最上家,clan_mogami_1,山形城,无,已登场,最上义时,部将,直臣,最上家,clan_mogami_1,山形城,无,已登场,最上义时,部将,直臣,最上家,clan_mogami_1,山形城,无,已死亡,最上义时,无效,无效,无,clan_mogami_2,无效,无,已死亡,最上义时,无效,无效,无,clan_mogami_2,无效,无,已死亡,最上义时,无效,无效,无,clan_mogami_2,无效,无,未登场,最上义时,部将,直臣,最上家,山形城,无,已死亡,最上义时,无效,无效,无,无效,无,已登场,最上义时,侍大将,直臣,上泉家,内城,无,,"[{""stage"":"""",""tkid"":""724"",""ref"":""724"",""emotion"":0}]",,TAIKOU_bio_724,最上義守之子。義光之弟。又稱中野義時。比兄長‧義光更加受父親疼愛，而與兄長發生家督繼承之爭。後來雖然暫時定下協議，義守也隱居，但得到伊達輝宗後援的義時摒棄協議，最後死於義光刀刃之下。
lord_tk5_725,725,725,,最上义守,最上義守,最上,义守,Mogami Yoshimori,ou,1,1521,1554,1590,病死,,,,,lord_tk5_723|lord_tk5_724|lord_tk5_869,只限武将,50,50,性急,胆小,普通,轻率,不重情义,62,艺术品,普通,普通,源氏,刀剑,42,31,42,19,38,1,1,0,0,1,0,0,0,1,1,0,0,0,1,0,0,无,强袭,无,一般条件,,,已登场,最上义守,大名,首领,最上家,clan_mogami_1,山形城,无,已登场,最上义守,大名,首领,最上家,clan_mogami_1,山形城,无,已登场,最上义守,大名,首领,最上家,clan_mogami_1,山形城,无,已登场,最上义守,家老,直臣,最上家,clan_mogami_2,山形城,无,已登场,最上义守,家老,直臣,最上家,clan_mogami_2,山形城,无,已死亡,最上义守,无效,无效,无,clan_mogami_2,无效,无,已登场,最上义守,大名,首领,最上家,山形城,无,已登场,最上义守,家老,直臣,最上家,山形城,无,已登场,最上义守,侍大将,直臣,上泉家,内城,无,,"[{""stage"":"""",""tkid"":""725"",""ref"":""725"",""emotion"":0}]",,TAIKOU_bio_725,最上家第１０代家主。中野義清之次子。２歲的時候，由伊達氏介入而繼承了家業。在繼承義守的家業時，次子義時排斥長子義光想繼承家業，但義光及時平定了伊達家的趁機騷亂，義時在此情況下不得不退隱。
lord_tk5_726,726,726,,望月六郎,,望月,六郎,Mochizuki Rokuroo,tosan,1,1580,1594,1615,病死,,,,,,全职种,49,49,温和,普通,普通,轻率,重视情义,12,武具,无欲,普通,源氏,火绳枪,42,76,53,67,74,1,1,3,0,0,3,1,3,2,0,2,0,0,0,0,0,钓瓶击，破技之术，千里眼术,强袭，连续斩，拔突，二连苦无，半月，急所击，二挺击，刚力，铁壁,无,一般条件,,,未登场,望月六郎,浪人,其他,无,,诹访之町,无,未登场,望月六郎,浪人,其他,无,,诹访之町,无,未登场,望月六郎,浪人,其他,无,,诹访之町,无,未登场,望月六郎,浪人,其他,无,,诹访之町,无,未登场,望月六郎,浪人,其他,无,,诹访之町,无,已登场,望月六郎,浪人,其他,无,,诹访之町,无,未登场,望月六郎,浪人,其他,无,诹访之町,无,未登场,望月六郎,浪人,其他,无,诹访之町,无,已登场,望月六郎,部将,直臣,六角家,大坂城,无,,"[{""stage"":"""",""tkid"":""726"",""ref"":""726"",""emotion"":0}]",,TAIKOU_bio_726,真田家臣。真田十勇士之一。幸村隱居九度山時，以其火藥知識製造響砲和炸藥彈。大阪夏之陣一役，作為幸村的替身攻入家康主營，騷擾德川的部隊。
lord_tk5_727,727,727,,本山茂宗,,本山,茂宗,Motoyama Shigemune,nankai,1,1510,1554,1563,战死,,,,,,只限武将,30,30,普通,普通,普通,轻率,不重情义,58,武具,贪心,嗜酒如命,平氏,刀剑,52,55,28,19,44,2,2,0,1,0,2,0,0,0,0,0,0,0,0,0,0,无,强袭，拔突，铁壁,无,无要求,,,已登场,本山茂宗,部将,陪臣（安艺国虎）,一条家,clan_aki_1,安艺城,无,已登场,本山茂宗,部将,陪臣（安艺国虎）,一条家,clan_aki_1,安艺城,无,已死亡,本山茂宗,无效,无效,无,,无效,无,已死亡,本山茂宗,无效,无效,无,,无效,无,已死亡,本山茂宗,无效,无效,无,,无效,无,已死亡,本山茂宗,无效,无效,无,,无效,无,已登场,本山茂宗,部将,陪臣（安艺国虎）,一条家,安艺城,无,已死亡,本山茂宗,无效,无效,无,无效,无,已登场,本山茂宗,浪人,其他,无,奈良之町,无,,"[{""stage"":"""",""tkid"":""727"",""ref"":""727"",""emotion"":0}]",,TAIKOU_bio_727,土佐的豪族。名列土佐七雄之一的有力豪族。與土佐國司‧一條家及長宗我部家相爭並擴展南方的勢力，為本山家打下了最大的版圖。將家督讓與嫡子‧親茂後，仍然統領著本山家，最後遭受長宗我部國親‧元親的猛烈攻擊之下而降服。
lord_tk5_728,728,728,,籾井教业,籾井教業|榖井教業,籾井,教业,Momi Kyonari,kinai,1,1532,1554,1576,战死,,,,,,只限武将,40,40,性急,勇敢,普通,轻率,普通,51,武具,普通,普通,其他,刀剑,72,69,26,47,54,2,2,1,0,1,3,0,0,0,0,0,0,0,0,0,0,无,强袭，连续斩，拔突，刚力，铁壁,无,一般条件,,,已登场,籾井教业,侍大将,直臣,波多野家,clan_kiku_1,八上城,无,已登场,籾井教业,侍大将,直臣,波多野家,clan_kiku_1,八上城,无,已登场,籾井教业,侍大将,直臣,波多野家,clan_kiku_1,八上城,无,已登场,籾井教业,侍大将,直臣,波多野家,clan_kiku_1,八上城,无,已死亡,籾井教业,无效,无效,无,,无效,无,已死亡,籾井教业,无效,无效,无,,无效,无,已登场,籾井教业,侍大将,直臣,波多野家,八上城,无,已死亡,籾井教业,无效,无效,无,无效,无,已登场,籾井教业,浪人,其他,无,鹿岛之町,无,,"[{""stage"":"""",""tkid"":""728"",""ref"":""728"",""emotion"":0}]",,TAIKOU_bio_728,波多野家臣。稻井城主。與以勇猛聞名，人稱「赤鬼」的赤井直正齊名，綽號「青鬼」，受到羽柴秀吉進攻中國地區的部隊的攻擊，雖經抗戰但終不敵，戰亡。
lord_tk5_729,729,729,,百地三太夫,,百地,三太夫,Momochi Sandayuu,kinai,1,1522,1554,1581,战死,,,,,,只限武将,80,80,温和,普通,普通,轻率,普通,74,武具,无欲,普通,其他,锁镰,69,91,15,90,64,3,1,2,0,1,2,1,4,0,0,1,0,0,1,0,3,鬼脚之术，雾隐之术，雷爆之术，红莲之术,强袭，拔突，二连苦无，半月，千鸟，横车，铁壁，伤药,锁镰高手,一般条件,,,已登场,百地三太夫,头目,首领,伊贺众,clan_momochi_1,伊贺之里,无,已登场,百地三太夫,头目,首领,伊贺众,clan_momochi_1,伊贺之里,无,已登场,百地三太夫,头目,首领,伊贺众,clan_momochi_1,伊贺之里,无,已登场,百地三太夫,头目,首领,伊贺众,clan_momochi_1,伊贺之里,无,已登场,百地三太夫,头目,首领,伊贺众,clan_momochi_1,伊贺之里,无,已死亡,百地三太夫,无效,无效,无,,无效,无,已登场,百地三太夫,头目,首领,伊贺众,伊贺之里,无,已死亡,百地三太夫,无效,无效,无,无效,无,已登场,百地三太夫,家老,直臣,百武家,高远城,无,,"[{""stage"":"""",""tkid"":""729"",""ref"":""729"",""emotion"":0}]",,TAIKOU_bio_729,伊賀豪族。百地家領主。百地家與服部家和藤林家並列，稱伊賀上忍三家。在織田信長進攻伊賀的「天正伊賀之亂」時期，指揮秘密部隊擊退了進攻伊賀的軍隊。但是後遭織田信雄軍的攻擊，伊賀因而被平定。
lord_tk5_730,730,730,,森下道誉,森下道譽|森下道与,森下,道誉,Morishita Dooyo,sanyo,1,1542,1556,1581,病死,,,,,,全职种,42,42,普通,勇敢,理想,普通,不重情义,35,书籍,普通,普通,其他,刀剑,51,57,29,49,51,0,1,1,0,1,0,2,1,0,0,1,0,0,0,0,0,无,强袭,无,无要求,,,未登场,森下道誉,部将,直臣,山名家,clan_yamana_1,鸟取城,无,已登场,森下道誉,部将,直臣,山名家,clan_yamana_1,鸟取城,无,已登场,森下道誉,部将,直臣,山名家,clan_yamana_1,鸟取城,无,已登场,森下道誉,部将,直臣,山名家,clan_yamana_1,鸟取城,无,已死亡,森下道誉,无效,无效,无,,无效,无,已死亡,森下道誉,无效,无效,无,,无效,无,未登场,森下道誉,部将,直臣,山名家,鸟取城,无,已死亡,森下道誉,无效,无效,无,无效,无,已登场,森下道誉,部将,直臣,下间家,饫肥城,无,,"[{""stage"":"""",""tkid"":""730"",""ref"":""730"",""emotion"":0}]",,TAIKOU_bio_730,山名家臣。因幡武將。與中村春續一起將投降了秀吉的主人豐國趕出城池，歸屬吉川經家鎮守鳥取城。但被秀吉的「渴殺」戰法打敗。城池淪陷時與經家、春續一起自殺身亡。
lord_tk5_731,731,731,,森忠政,,森,忠政,Morii Tadamasa,tokai,1,1570,1584,1634,病死,lord_tk5_735,,,,lord_tk5_733|lord_tk5_735|lord_tk5_736,只限武将,0,0,温和,普通,现实,慎重,普通,55,艺术品,无欲,滴酒不沾,源氏,刀剑,47,32,56,44,36,1,1,1,1,0,0,0,0,1,1,1,0,0,0,0,1,无,强袭,无,无要求,,,未登场,森忠政,足轻组头,陪臣（森可成）,织田家,clan_morii_1,清洲城,无,未登场,森忠政,足轻组头,陪臣（森可成）,织田家,clan_morii_1,清洲城,无,未登场,森忠政,足轻组头,陪臣（森可成）,织田家,clan_morii_1,岐阜城,无,未登场,森忠政,足轻组头,直臣,织田家,clan_oda_1,岐阜城,无,未登场,森忠政,足轻组头,陪臣（织田信忠）,织田家,clan_oda_3,岐阜城,无,已登场,森忠政,大名,首领,森家,clan_morii_1,岩村城,无,未登场,森忠政,足轻组头,陪臣（森可成）,斋藤家,稻叶山城,无,已登场,森忠政,部将,陪臣（森长可）,羽柴家,岩村城,无,已登场,森忠政,浪人,其他,无,京之町,无,,"[{""stage"":"""",""tkid"":""731"",""ref"":""731"",""emotion"":0}]",,TAIKOU_bio_731,織田家家臣。可成之六男。長可及蘭丸之弟。以小姓（僕僮）之身與兄長們一同侍奉信長。本能寺之變後，因為兄長‧長可與池田恒興父子一同戰死，而繼承了家督之位成為金山城主。豐臣秀吉死後與德川家往來密切，關原之戰中隸屬德川秀忠麾下，攻略上田城時表現甚佳，領地因此
lord_tk5_732,732,732,,母里太兵卫,母里太兵衛|母裏太兵衛,母里,太兵卫,Moori Tahei,saikai,1,1556,1570,1615,病死,,,,,,只限武将,3,3,性急,勇敢,普通,轻率,普通,70,武具,贪心,嗜酒如命,其他,枪,65,82,19,44,41,1,2,0,0,0,3,1,0,0,0,0,0,0,2,0,0,无,强袭，连续斩，拔突，粘花，卷枪，引落，柄返，刚力，铁壁,枪术名人,无要求,,,未登场,母里太兵卫,足轻组头,陪臣（小寺政职）,赤松家,clan_kodera_1,御着城,无,未登场,母里太兵卫,足轻组头,陪臣（小寺政职）,赤松家,clan_kodera_1,御着城,无,未登场,母里太兵卫,足轻组头,陪臣（黑田官兵卫）,赤松家,clan_kuroda_1,御着城,无,已登场,母里太兵卫,足轻组头,陪臣（小寺政职）,赤松家,clan_kodera_1,姬路城,无,已登场,母里太兵卫,足轻组头,陪臣（羽柴秀吉）,织田家,clan_kinoshita_1,姬路城,无,已登场,母里太兵卫,侍大将,直臣,黑田家,clan_kuroda_1,中津城,无,未登场,母里太兵卫,足轻组头,陪臣（黑田官兵卫）,赤松家,御着城,无,已登场,母里太兵卫,足轻组头,陪臣（黑田官兵卫）,羽柴家,石山本愿寺,无,已登场,母里太兵卫,浪人,其他,无,京之町,无,,"[{""stage"":"""",""tkid"":""732"",""ref"":""732"",""emotion"":0}]",,TAIKOU_bio_732,黑田家臣。名友信。侍從官兵衛、長政之父子二代。與後藤又兵衛合稱「雙璧」，為家中屈指可數的武將。福島正則喝乾滿滿一杯酒，受賜名槍「日本號」之事蹟後廣為流傳，也就是「黑田節」。
lord_tk5_733,733,733,,森长可,森長可,森,长可,Morii Nagayoshi,tokai,1,1558,1572,1584,战死,lord_tk5_735,,,,lord_tk5_731|lord_tk5_735|lord_tk5_736,只限武将,0,0,普通,勇敢,普通,轻率,普通,39,武具,普通,普通,源氏,枪,57,67,30,43,61,2,2,1,0,2,2,2,0,0,1,1,1,1,0,0,0,无,强袭，拔突，刚弓，铁壁,无,一般条件,,,未登场,森长可,足轻组头,陪臣（森可成）,织田家,clan_morii_1,清洲城,无,未登场,森长可,足轻组头,陪臣（森可成）,织田家,clan_morii_1,清洲城,无,未登场,森长可,足轻组头,陪臣（森可成）,织田家,clan_morii_1,岐阜城,无,已登场,森长可,足轻组头,直臣,织田家,clan_oda_1,岐阜城,无,已登场,森长可,足轻大将,陪臣（织田信忠）,织田家,clan_oda_3,岐阜城,无,已死亡,森长可,无效,无效,无,clan_morii_1,无效,无,未登场,森长可,足轻组头,陪臣（森可成）,斋藤家,稻叶山城,无,已登场,森长可,城主,直臣,羽柴家,岩村城,无,已登场,森长可,浪人,其他,无,长滨之町,无,,"[{""stage"":"""",""tkid"":""733"",""ref"":""733"",""emotion"":0}]",,TAIKOU_bio_733,織田家臣。可成的次子。父親可成死後，歸屬信長的長子信忠，武功大有提高。參與了鎮壓長島一向宗起義和武田進攻戰，綽號「鬼武藏」，本能寺事變後，跟隨秀吉作戰，在小牧長久手之戰中戰死。
lord_tk5_734,734,734,,森村春,,森,村春,Morii Haru,tokai,1,1546,1560,1592,战死,,,,,,全职种,5,5,普通,勇敢,理想,普通,普通,55,艺术品,普通,嗜酒如命,其他,刀剑,47,51,23,36,54,1,0,1,3,1,1,1,1,2,0,0,0,0,0,0,0,水上拖延,强袭,无,无要求,,,未登场,森村春,船头,直臣,淡路水军,clan_atagi_1,洲本之砦,无,已登场,森村春,船头,直臣,淡路水军,clan_atagi_1,洲本之砦,无,已登场,森村春,船头,直臣,淡路水军,clan_atagi_1,洲本之砦,无,已登场,森村春,船头,直臣,淡路水军,clan_atagi_1,洲本之砦,无,已登场,森村春,船头,直臣,熊野水军,clan_kuki_2,鸟羽之砦,无,已死亡,森村春,无效,无效,无,,无效,无,未登场,森村春,船头,直臣,淡路水军,洲本之砦,无,已登场,森村春,船头,直臣,熊野水军,鸟羽之砦,无,已登场,森村春,浪人,其他,无,丸龟之町,无,,"[{""stage"":"""",""tkid"":""734"",""ref"":""734"",""emotion"":0}]",,TAIKOU_bio_734,阿波水軍的將領。人稱志摩守。以鳴門土佐泊作為根據地。秀吉征伐四國後，蜂須賀家政一進入阿波，保全了他的阿波國領土後，他便被編入蜂須賀家受其指揮。也參與九州及小田原的征伐，從海上支援蜂須賀家的戰力。最後戰死於朝鮮出兵。
lord_tk5_735,735,735,,森可成,,森,可成,Morii Kanenari,tokai,1,1523,1554,1570,战死,,,,,lord_tk5_731|lord_tk5_733|lord_tk5_736,只限武将,0,0,温和,勇敢,普通,轻率,重视情义,26,武具,无欲,嗜酒如命,源氏,刀剑,64,68,44,59,59,2,2,1,0,1,1,1,0,0,1,1,0,0,0,0,0,无,强袭,无,一般条件,,,已登场,森可成,部将,直臣,织田家,clan_morii_1,清洲城,无,已登场,森可成,部将,直臣,织田家,clan_morii_1,清洲城,无,已登场,森可成,部将,直臣,织田家,clan_morii_1,岐阜城,无,已死亡,森可成,无效,无效,无,clan_oda_1,无效,无,已死亡,森可成,无效,无效,无,clan_oda_3,无效,无,已死亡,森可成,无效,无效,无,clan_morii_1,无效,无,已登场,森可成,部将,直臣,斋藤家,稻叶山城,无,已死亡,森可成,无效,无效,无,无效,无,已登场,森可成,浪人,其他,无,富山之町,无,,"[{""stage"":"""",""tkid"":""735"",""ref"":""735"",""emotion"":0}]",,TAIKOU_bio_735,織田家臣。原先侍奉齋藤氏。在尾張統一戰、桶狹間交戰等諸次戰役中表現突出，屢立軍功。成為宇佐山城主，鞏固琵琶湖南岸。但被淺井、朝倉聯合軍所攻破，戰死。
lord_tk5_736,736,736,,森兰丸,森蘭丸,森,兰丸,Morii Ranmaru,kinai,1,1565,1579,1582,战死,lord_tk5_735,,,,lord_tk5_731|lord_tk5_733|lord_tk5_735,全职种,0,0,普通,普通,理想,轻率,普通,40,南蛮物,普通,普通,源氏,枪,22,57,59,61,84,0,0,0,0,1,1,0,0,1,0,0,2,3,3,3,1,无,拔突,无,一般条件,,,未登场,森兰丸,足轻组头,陪臣（森可成）,织田家,clan_morii_1,清洲城,无,未登场,森兰丸,足轻组头,直臣,织田家,clan_oda_1,清洲城,无,未登场,森兰丸,足轻组头,直臣,织田家,clan_oda_1,岐阜城,无,未登场,森兰丸,足轻组头,直臣,织田家,clan_oda_1,岐阜城,无,已登场,森兰丸,足轻组头,直臣,织田家,clan_oda_1,安土城,无,已死亡,森兰丸,无效,无效,无,clan_morii_1,无效,无,未登场,森兰丸,足轻组头,陪臣（森可成）,斋藤家,稻叶山城,无,已死亡,森兰丸,无效,无效,无,无效,无,已登场,森兰丸,浪人,其他,无,松江之町,无,,"[{""stage"":"""",""tkid"":""736"",""ref"":""736"",""emotion"":0}]",,TAIKOU_bio_736,織田家臣。可成之三子。又名長定。擔任織田信長的侍童。由於他聰明機靈容姿俊美，從小被信長所寵愛。未來原本很有希望，但本能寺事變時跟隨信長奮戰，與其弟一同為信長殉死。
lord_tk5_737,737,737,,师冈一羽,師岡一羽,师冈,一羽,Shioka Ichiwa,kanto,1,1532,1554,1593,病死,,,,,,没那个意思,30,30,普通,普通,理想,慎重,普通,14,武具,无欲,滴酒不沾,其他,刀剑,23,85,31,17,55,0,0,0,0,2,4,2,0,0,0,0,0,0,0,0,0,无,强袭，连续斩，八神太刀，一之太刀，拔突，刚弓，神妙剑，当身，刚力，金刚力，铁壁，气声，辱骂，大喝，炯眼，罗刹,剑豪,无要求,,,已登场,师冈一羽,浪人,其他,无,,鹿岛之町,一羽流,已登场,师冈一羽,浪人,其他,无,,鹿岛之町,一羽流,已登场,师冈一羽,师范,其他,无,,木更津之町,一羽流,已登场,师冈一羽,师范,其他,无,,鹿岛之町,一羽流,已登场,师冈一羽,师范,其他,无,,鹿岛之町,一羽流,已死亡,师冈一羽,无效,无效,无,,无效,无,已登场,师冈一羽,师范,其他,无,木更津之町,一羽流,已登场,师冈一羽,师范,其他,无,鹿岛之町,一羽流,已登场,师冈一羽,足轻大将,直臣,一宫家,春日山城,一羽流,,"[{""stage"":"""",""tkid"":""737"",""ref"":""737"",""emotion"":0}]",,TAIKOU_bio_737,劍豪。亦姓諸岡。由父親那兒學得神道流，其後師事於塚原卜傳，習得新當流。自創「一羽流」，在江戶崎開設道場。聲名漸漸遠播後，道場門生也隨之增加。但是，一羽患病後，道場便跟著冷清，據說晚景悽涼。
lord_tk5_738,738,738,,问注所统景,問注所統景|問註所統景,问注所,统景,Monchusho Tokikage,saikai,1,1546,1560,1593,战死,,,,,,只限武将,80,80,性急,勇敢,现实,普通,重视情义,22,武具,普通,普通,其他,刀剑,36,61,34,52,48,2,1,1,0,0,2,0,0,0,0,0,0,0,0,0,0,无,强袭，拔突，铁壁,无,无要求,,,未登场,问注所统景,足轻组头,直臣,大友家,clan_otomo_1,府内城,无,已登场,问注所统景,足轻组头,直臣,大友家,clan_otomo_1,府内城,无,已登场,问注所统景,足轻大将,直臣,大友家,clan_otomo_1,府内城,无,已登场,问注所统景,足轻组头,直臣,大友家,clan_otomo_1,府内城,无,已登场,问注所统景,足轻大将,直臣,大友家,clan_otomo_1,府内城,无,已死亡,问注所统景,无效,无效,无,,无效,无,未登场,问注所统景,足轻大将,直臣,大友家,府内城,无,已登场,问注所统景,足轻大将,直臣,大友家,府内城,无,已登场,问注所统景,浪人,其他,无,金泽之町,无,,"[{""stage"":"""",""tkid"":""738"",""ref"":""738"",""emotion"":0}]",,TAIKOU_bio_738,大友家家臣。筑後的豪族。由於大友家在耳川合戰中大敗於島津家，筑後大半的將領倒戈投靠島津，唯有統景為大友家奮戰至最後。豐臣秀吉征伐九州時，以寄騎的身份加入小早川隆景旗下。最後戰死於朝鮮出兵。
lord_tk5_739,739,739,,八板金兵卫,八板金兵衛,八板,金兵卫,Yaita Kinbei,saikai,1,1502,1554,1620,病死,,,,,,没那个意思,0,0,普通,普通,普通,普通,普通,55,南蛮物,普通,嗜酒如命,其他,火绳枪,15,49,30,56,71,0,0,4,0,0,1,2,0,0,0,4,0,0,2,0,2,无,急所击，二挺击，石火，乱射,火枪名人，名工,无要求,,,已登场,八板金兵卫,锻冶匠,其他,无,,鹿儿岛之町,无,已登场,八板金兵卫,锻冶匠,其他,无,,鹿儿岛之町,无,已登场,八板金兵卫,锻冶匠,其他,无,,鹿儿岛之町,无,已登场,八板金兵卫,锻冶匠,其他,无,,鹿儿岛之町,无,已登场,八板金兵卫,锻冶匠,其他,无,,鹿儿岛之町,无,已登场,八板金兵卫,锻冶匠,其他,无,,鹿儿岛之町,无,已登场,八板金兵卫,锻冶匠,其他,无,鹿儿岛之町,无,已登场,八板金兵卫,锻冶匠,其他,无,鹿儿岛之町,无,已登场,八板金兵卫,大名,首领,八板家,姬路城,无,,"[{""stage"":"""",""tkid"":""739"",""ref"":""739"",""emotion"":0}]",,TAIKOU_bio_739,鐵砲鍛冶師傅。名清定。原為鑄刀師，奉種子島時堯之令，開始著手製造鐵砲。花費數月複製葡萄牙鐵砲完成之際，卻發生槍枝走火而宣告失敗。將女兒嫁給葡萄牙人，習得鐵砲零件的製造技術後，成功地製造了第一支國產鐵砲。
lord_tk5_740,740,740,,柳生石舟斋,柳生石舟齋|柳生宗严|柳生宗嚴,柳生石,舟斋,Yagyuu Sekishuusai,kinai,1,1527,1554,1606,病死,,,,,lord_tk5_741|lord_tk5_742,没那个意思,65,65,普通,勇敢,理想,慎重,普通,40,武具,无欲,普通,其他,刀剑,41,96,20,67,82,2,1,1,0,2,4,3,3,0,2,1,0,3,0,0,1,千里眼术,强袭，连续斩，月影，一刀两断，拔突，二连苦无，半月，刚弓，浮舟，无刀取，当身，肋一寸，刚力，铁壁，天狗抄，心眼，辱骂，大喝,剑豪,无要求,,,已登场,柳生宗严,师范,其他,无,clan_tsutsui_1,奈良之町,新阴流,已登场,柳生宗严,师范,其他,无,clan_tsutsui_1,奈良之町,新阴流,已登场,柳生宗严,师范,其他,无,clan_tsutsui_1,奈良之町,柳生新阴流,已登场,柳生宗严,师范,其他,无,clan_tsutsui_1,奈良之町,柳生新阴流,已登场,柳生宗严,师范,其他,无,clan_tsutsui_1,奈良之町,柳生新阴流,已登场,柳生石舟斋,师范,其他,无,clan_tokugawa_1,奈良之町,柳生新阴流,已登场,柳生宗严,师范,其他,无,奈良之町,新阴流,已登场,柳生宗严,师范,其他,无,奈良之町,柳生新阴流,已登场,柳生石舟斋,师范,其他,无,奈良之町,柳生新阴流,,"[{""stage"":"""",""tkid"":""740"",""ref"":""740"",""emotion"":0}]",,TAIKOU_bio_740,劍術家。名宗嚴，號石舟齋。大和豪族。為柳生新陰流的開祖。雖為畿內屈指的劍豪而名震四方。但是在慘敗給上泉信綱的高徒‧疋田豐五郎後，便向上泉信綱拜師學藝。在領會名為「無刀取」的祕技後，便獲頒新陰流的印可狀。之後受德川家康的邀請，柳生家自此成為德川家的兵法
lord_tk5_741,741,741,,柳生兵库助,柳生兵庫助|柳生利严|柳生利嚴,柳生兵,库助,Yagyuu Hyoogo no suke,kinai,1,1579,1594,1650,病死,,,,lord_tk5_740,lord_tk5_740|lord_tk5_742,没那个意思,65,65,普通,勇敢,理想,慎重,重视情义,55,武具,无欲,普通,其他,刀剑,32,94,24,59,55,1,0,1,0,2,4,2,2,0,0,0,0,0,0,0,0,千里眼术,强袭，连续斩，月影，一刀两断，拔突，二连苦无，刚弓，浮舟，无刀取，当身，肋一寸，刚力，铁壁，天狗抄，心眼，辱骂，大喝,剑豪,一般条件,,,未登场,柳生利严,师范代,其他,无,clan_tsutsui_1,奈良之町,新阴流,未登场,柳生利严,师范代,其他,无,clan_tsutsui_1,奈良之町,新阴流,未登场,柳生利严,师范代,其他,无,clan_tsutsui_1,奈良之町,柳生新阴流,未登场,柳生利严,师范代,其他,无,clan_tsutsui_1,奈良之町,柳生新阴流,未登场,柳生利严,师范代,其他,无,clan_tsutsui_1,奈良之町,柳生新阴流,已登场,柳生利严,师范代,其他,无,clan_tokugawa_1,奈良之町,柳生新阴流,未登场,柳生利严,师范代,其他,无,奈良之町,新阴流,未登场,柳生利严,师范代,其他,无,奈良之町,柳生新阴流,已登场,柳生利严,师范代,其他,无,奈良之町,柳生新阴流,,"[{""stage"":"""",""tkid"":""741"",""ref"":""741"",""emotion"":0}]",,TAIKOU_bio_741,劍術家。柳生宗矩之姪子。人稱兵庫助。「尾張柳生」的開山師祖。以柳生家第一名人之名而眾所皆知。由祖父‧石舟齋繼承柳生新陰流的道統。關原之戰後，雖侍奉過加藤清正，後來出走成為浪人。最後受到尾張德川家的招聘而擔任兵法指導一職。
lord_tk5_742,742,742,,柳生宗矩,,柳生,宗矩,Yagyuu Munenori,kanto,1,1571,1585,1646,病死,lord_tk5_740,,,,lord_tk5_740|lord_tk5_741,全职种,90,90,温和,胆小,普通,慎重,普通,59,书籍,无欲,普通,其他,刀剑,52,90,68,81,69,1,1,1,0,1,4,4,0,0,0,0,0,0,3,0,0,影武者，千里眼术，刺杀,强袭，连续斩，月影，一刀两断，拔突，浮舟，无刀取，当身，肋一寸，刚力，铁壁，天狗抄，心眼，辱骂，大喝,剑豪,一般条件,,,未登场,柳生宗矩,足轻组头,直臣,筒井家,clan_tsutsui_1,大和郡山城,新阴流,未登场,柳生宗矩,足轻组头,直臣,筒井家,clan_tsutsui_1,大和郡山城,新阴流,未登场,柳生宗矩,足轻组头,直臣,筒井家,clan_tsutsui_1,大和郡山城,柳生新阴流,未登场,柳生宗矩,足轻组头,直臣,筒井家,clan_tsutsui_1,大和郡山城,柳生新阴流,未登场,柳生宗矩,足轻组头,陪臣（筒井顺庆）,织田家,clan_tsutsui_1,大和郡山城,柳生新阴流,已登场,柳生宗矩,足轻大将,直臣,德川家,clan_tokugawa_1,江户城,柳生新阴流,未登场,柳生宗矩,足轻组头,直臣,筒井家,大和郡山城,新阴流,未登场,柳生宗矩,足轻组头,直臣,筒井家,大和郡山城,柳生新阴流,已登场,柳生宗矩,师范代,其他,无,奈良之町,柳生新阴流,,"[{""stage"":"""",""tkid"":""742"",""ref"":""742"",""emotion"":0}]",,TAIKOU_bio_742,德川家臣。柳生新陰流派創始人宗嚴第五子。其父宗嚴被德川家康召募為兵法教官，因父年邁而被舉薦替代父職。其後擔任德川家的兵法教練，將柳生新陰派傳授給了秀忠。秀忠卒後，改仕家光，成為一萬石俸祿的大名。
lord_tk5_743,743,743,,施药院全宗,施藥院全宗,施药院,全宗,Shoyakuin Zenshuu,kinai,1,1526,1554,1599,病死,,,,,,没那个意思,10,10,温和,普通,现实,普通,普通,66,书籍,贪心,滴酒不沾,其他,枪,18,16,66,72,49,0,0,0,0,0,0,0,2,0,0,0,2,3,3,2,4,无,拔突，二连苦无，伤药，止血,名医,一般条件,,,已登场,施药院全宗,浪人,其他,无,,京之町,无,已登场,施药院全宗,浪人,其他,无,,京之町,无,已登场,施药院全宗,浪人,其他,无,,京之町,无,已登场,施药院全宗,医师,其他,无,,目加田之町,无,已登场,施药院全宗,医师,其他,无,,安土之町,无,已登场,施药院全宗,医师,其他,无,,京之町,无,已登场,施药院全宗,浪人,其他,无,京之町,无,已登场,施药院全宗,医师,其他,无,安土之町,无,已登场,施药院全宗,医师,其他,无,京之町,无,,"[{""stage"":"""",""tkid"":""743"",""ref"":""743"",""emotion"":0}]",,TAIKOU_bio_743,京都的醫師。本為比叡山僧人。在織田信長燒山屠殺後還俗。拜曲直瀨道三為師，在學成醫術後，擔任豐臣秀吉的御醫。得到秀吉的推薦，被朝廷任命為施藥院使，同時亦致力於比叡山的再建工作。另外，也以秀吉親信的身份參與政務。
lord_tk5_744,744,744,,矢泽赖纲,矢澤賴綱,矢泽,赖纲,Yazawa Yoritsuna,tosan,1,1518,1554,1597,病死,真田赖昌,,,,lord_tk5_356|lord_tk5_358|lord_tk5_359|lord_tk5_360|lord_tk5_745|lord_tk5_882,全职种,56,56,温和,普通,普通,普通,重视情义,19,武具,无欲,普通,其他,刀剑,59,61,62,47,59,2,2,1,0,1,1,2,2,2,1,1,2,1,2,1,2,无,强袭，二连苦无,无,无要求,,,已登场,矢泽赖纲,足轻大将,陪臣（真田幸隆）,武田家,clan_sanada_1,户石城,无,已登场,矢泽赖纲,足轻大将,陪臣（真田幸隆）,武田家,clan_sanada_1,户石城,无,已登场,矢泽赖纲,足轻大将,陪臣（真田幸隆）,武田家,clan_sanada_1,户石城,无,已登场,矢泽赖纲,足轻大将,陪臣（真田信纲）,武田家,clan_sanada_1,户石城,无,已登场,矢泽赖纲,侍大将,陪臣（真田昌幸）,武田家,clan_sanada_2,上田城,无,已死亡,矢泽赖纲,无效,无效,无,clan_sanada_2,无效,无,已登场,矢泽赖纲,足轻大将,陪臣（真田幸隆）,武田家,踯躅崎馆,无,已登场,矢泽赖纲,侍大将,直臣,真田家,上田城,无,已登场,矢泽赖纲,浪人,其他,无,严岛之町,无,,"[{""stage"":"""",""tkid"":""744"",""ref"":""744"",""emotion"":0}]",,TAIKOU_bio_744,真田家一族。真田幸隆之弟。與兄長‧幸隆同為武田家傘下的信州先方眾之一，歷經過大小戰役。兄長去世後，輔佐侄子‧真田昌幸，在為真田家拓展勢力方面貢獻卓著。在與北條家爭奪沼田城的攻防戰中，被任命為沼田城代，漂亮地擊退北條家大軍。
lord_tk5_745,745,745,,矢泽赖康,矢澤賴康,矢泽,赖康,Yazawa Yasukatsu,tosan,1,1553,1567,1620,病死,lord_tk5_744,,,真田赖昌,lord_tk5_356|lord_tk5_358|lord_tk5_359|lord_tk5_360|lord_tk5_744|lord_tk5_882,全职种,56,56,普通,普通,普通,普通,重视情义,22,武具,无欲,普通,其他,刀剑,62,60,64,42,57,2,2,1,0,1,1,2,2,1,2,1,2,2,1,1,1,无,强袭，二连苦无,无,无要求,,,未登场,矢泽赖康,足轻组头,陪臣（真田幸隆）,武田家,clan_sanada_1,户石城,无,未登场,矢泽赖康,足轻组头,陪臣（真田幸隆）,武田家,clan_sanada_1,户石城,无,已登场,矢泽赖康,足轻组头,陪臣（真田幸隆）,武田家,clan_sanada_1,户石城,无,已登场,矢泽赖康,足轻组头,陪臣（真田信纲）,武田家,clan_sanada_1,户石城,无,已登场,矢泽赖康,足轻大将,陪臣（真田昌幸）,武田家,clan_sanada_2,上田城,无,已登场,矢泽赖康,侍大将,直臣,真田家,clan_sanada_2,上田城,无,未登场,矢泽赖康,足轻组头,陪臣（矢泽赖纲）,武田家,踯躅崎馆,无,已登场,矢泽赖康,足轻大将,直臣,真田家,上田城,无,已登场,矢泽赖康,浪人,其他,无,土崎凑之町,无,,"[{""stage"":"""",""tkid"":""745"",""ref"":""745"",""emotion"":0}]",,TAIKOU_bio_745,真田家一族。賴綱之子。真田昌幸的堂兄弟。是與父親一同輔佐真田家的勇將。在第一次上田合戰中，給予德川家的大軍迎頭痛擊，憑籍著其所向披靡的英勇，對勝利貢獻良多。在關原之戰後便離開昌幸，隸屬於真田信幸麾下。而後就任松代藩的家老，輔佐信幸的藩政事務。
lord_tk5_746,746,746,,屋代景赖,屋代景賴,屋代,景赖,Yashiro Kageyasu,ou,1,1563,1577,1608,病死,,,,,,只限武将,64,64,温和,勇敢,理想,普通,不重情义,77,艺术品,贪心,普通,源氏,刀剑,60,34,47,78,67,0,0,0,0,1,2,2,0,2,1,1,2,2,3,0,0,无,强袭，拔突，铁壁,无,一般条件,,,未登场,屋代景赖,足轻组头,直臣,伊达家,clan_date_1,米泽城,无,未登场,屋代景赖,足轻组头,直臣,伊达家,clan_date_1,米泽城,无,未登场,屋代景赖,足轻组头,直臣,伊达家,clan_date_2,米泽城,无,未登场,屋代景赖,足轻组头,直臣,伊达家,clan_date_2,米泽城,无,已登场,屋代景赖,足轻组头,直臣,伊达家,clan_date_2,米泽城,无,已登场,屋代景赖,家老,直臣,伊达家,clan_date_2,仙台城,无,未登场,屋代景赖,足轻组头,直臣,伊达家,米泽城,无,已登场,屋代景赖,部将,直臣,伊达家,米泽城,无,已登场,屋代景赖,浪人,其他,无,津山之町,无,,"[{""stage"":"""",""tkid"":""746"",""ref"":""746"",""emotion"":0}]",,TAIKOU_bio_746,伊達家臣。１４歲時為政宗作近侍。智勇超群，政宗不在之時，任留守居役。但因其多次舉止傲慢而被貶為平民流浪，最後在近江之地病死。
lord_tk5_747,747,747,,安田显元,安田顯元,安田,显元,Yasuda Akimoto,hokuriku,1,1538,1554,1580,战死,,,,,,全职种,15,15,普通,普通,普通,普通,普通,59,艺术品,贪心,普通,其他,刀剑,43,44,50,55,52,1,2,0,0,0,0,0,0,0,0,0,0,0,0,0,0,无,强袭,无,无要求,,,已登场,安田显元,足轻大将,直臣,长尾家,clan_uesugi_1,春日山城,无,已登场,安田显元,足轻大将,陪臣（高梨政赖）,长尾家,clan_takanashi_1,饭山城,无,已登场,安田显元,城主,直臣,上杉家,clan_uesugi_1,饭山城,无,已登场,安田显元,足轻大将,直臣,上杉家,clan_uesugi_1,春日山城,无,已死亡,安田显元,无效,无效,无,,无效,无,已死亡,安田显元,无效,无效,无,,无效,无,未登场,安田显元,侍大将,直臣,长尾家,春日山城,无,已死亡,安田显元,无效,无效,无,无效,无,已登场,安田显元,浪人,其他,无,骏府之町,无,,"[{""stage"":"""",""tkid"":""747"",""ref"":""747"",""emotion"":0}]",,TAIKOU_bio_747,上杉家臣。安田城主。景元之子。充任信濃飯山城主，抵禦武田信玄。謙信實現進入京都之後，獻太刀以示祝賀。御館之亂時支持上杉景勝，後因賞賜問題而自殺。
lord_tk5_748,748,748,,安田长秀,安田長秀,安田,长秀,Yasuda Nagahide,hokuriku,1,1528,1554,1582,病死,,,,,,全职种,15,15,普通,勇敢,普通,轻率,普通,55,武具,普通,普通,其他,刀剑,38,69,49,42,59,1,2,1,0,1,3,1,0,0,0,0,0,0,0,0,0,无,强袭，连续斩，拔突，刚力，铁壁,无,无要求,,,已登场,安田长秀,足轻大将,直臣,长尾家,clan_uesugi_1,春日山城,无,已登场,安田长秀,足轻大将,直臣,长尾家,clan_uesugi_1,春日山城,无,已登场,安田长秀,足轻大将,直臣,上杉家,clan_uesugi_1,春日山城,无,已登场,安田长秀,足轻大将,直臣,上杉家,clan_uesugi_1,春日山城,无,已登场,安田长秀,足轻大将,直臣,上杉家,clan_uesugi_2,春日山城,无,已死亡,安田长秀,无效,无效,无,,无效,无,已登场,安田长秀,侍大将,直臣,长尾家,春日山城,无,已死亡,安田长秀,无效,无效,无,无效,无,已登场,安田长秀,浪人,其他,无,长滨之町,无,,"[{""stage"":"""",""tkid"":""748"",""ref"":""748"",""emotion"":0}]",,TAIKOU_bio_748,上杉家臣。早期為主公謙信之親信。川中島之戰立功，獲「染血獎狀」。御館之亂時助上杉景勝有功，追加俸祿，後在與新發田重家的交戰中病死。
lord_tk5_749,749,749,,柳原户兵卫,柳原戶兵衛,柳原,户兵卫,Yanagihara Hyoe,ou,1,1540,1554,1612,病死,,,,,,武将以外优先,60,60,普通,普通,普通,普通,不重情义,43,艺术品,普通,嗜酒如命,其他,苦无,44,65,23,58,22,3,0,0,0,1,2,0,4,1,0,1,2,0,0,0,2,鬼脚之术，奈落之术，刺杀，红莲之术，伪情报,强袭，拔突，二连苦无，半月，猛毒苦无，十字投，乱苦无，叠返之术，铁壁,苦无名人,无要求,,,已登场,柳原户兵卫,头目,首领,黑胫巾众,clan_yanagihara_1,黑胫巾之里,无,已登场,柳原户兵卫,头目,首领,黑胫巾众,clan_yanagihara_1,黑胫巾之里,无,已登场,柳原户兵卫,头目,首领,黑胫巾众,clan_yanagihara_1,黑胫巾之里,无,已登场,柳原户兵卫,头目,首领,黑胫巾众,clan_yanagihara_1,黑胫巾之里,无,已登场,柳原户兵卫,头目,首领,黑胫巾众,clan_yanagihara_1,黑胫巾之里,无,已登场,柳原户兵卫,头目,首领,黑胫巾众,clan_yanagihara_1,黑胫巾之里,无,已登场,柳原户兵卫,头目,首领,黑胫巾众,黑胫巾之里,无,已登场,柳原户兵卫,头目,首领,黑胫巾众,黑胫巾之里,无,已登场,柳原户兵卫,浪人,其他,无,宇须岸之町,无,,"[{""stage"":"""",""tkid"":""749"",""ref"":""749"",""emotion"":0}]",,TAIKOU_bio_749,忍者。黑脛巾組的一員。配屬於伊達政宗所編組的忍者集團‧黑脛巾組的中忍。跟隨在陸奧南方進行諜報活動的黑脛巾組長‧阿部對馬守。率領世瀨藏人等五十人之下忍，負責進行間諜、謠言等任務。
lord_tk5_750,750,750,,山县昌景,山縣昌景|饭富昌景|飯富昌景,山县,昌景,Yamagata Masakage,tosan,1,1530,1554,1575,病死,饭富道悦,,,,lord_tk5_208,只限武将,57,57,温和,普通,普通,轻率,重视情义,30,武具,普通,普通,源氏,枪,88,89,66,69,84,3,4,2,0,2,3,3,0,0,1,0,0,1,0,0,0,风林火山,强袭，连续斩，拔突，粘花，刚弓，卷枪，引落，柄返，刚力，铁壁,无,一般条件,,,已登场,饭富昌景,侍大将,直臣,武田家,clan_sako_1,踯躅崎馆,无,已登场,饭富昌景,侍大将,直臣,武田家,clan_sako_1,踯躅崎馆,无,已登场,山县昌景,家老,直臣,武田家,clan_takeda_1,踯躅崎馆,无,已登场,山县昌景,侍大将,直臣,武田家,clan_takeda_2,踯躅崎馆,无,已死亡,山县昌景,无效,无效,无,,无效,无,已死亡,山县昌景,无效,无效,无,,无效,无,已登场,饭富昌景,侍大将,直臣,武田家,踯躅崎馆,无,已死亡,山县昌景,无效,无效,无,无效,无,已登场,山县昌景,家老,直臣,山中家,江户城,无,,"[{""stage"":"""",""tkid"":""750"",""ref"":""750"",""emotion"":0}]",,TAIKOU_bio_750,武田家臣。飯富虎昌之弟。武田家四名臣之一。在內政、軍事、外交各方面表現傑出，為家中首屈一指的名將。與兄長同樣率領統一穿著紅色軍裝的部隊。身經百戰，威名遠揚。長篠合戰前曾力倡小心應戰卻遭駁回，而以必死決心踏上戰場。最後奮力衝入敵陣，死於戰場。
lord_tk5_751,751,751,,山崎片家,,山崎,片家,Yamazaki Henie,kinai,1,1547,1561,1591,病死,,,,,,全职种,29,29,普通,胆小,现实,轻率,不重情义,45,艺术品,贪心,普通,源氏,刀剑,34,21,19,41,26,1,1,0,0,0,0,0,1,0,0,0,2,1,1,1,0,无,强袭,无,无要求,,,未登场,山崎片家,足轻组头,直臣,六角家,clan_rokkaku_1,观音寺城,无,已登场,山崎片家,足轻组头,直臣,六角家,clan_rokkaku_1,观音寺城,无,已登场,山崎片家,足轻组头,直臣,织田家,clan_oda_1,岐阜城,无,已登场,山崎片家,足轻组头,直臣,织田家,clan_oda_1,岐阜城,无,已登场,山崎片家,足轻组头,直臣,织田家,clan_oda_1,安土城,无,已死亡,山崎片家,无效,无效,无,,无效,无,未登场,山崎片家,侍大将,直臣,六角家,观音寺城,无,已登场,山崎片家,足轻组头,直臣,羽柴家,石山本愿寺,无,已登场,山崎片家,家老,直臣,山中家,江户城,无,,"[{""stage"":"""",""tkid"":""751"",""ref"":""751"",""emotion"":0}]",,TAIKOU_bio_751,六角家臣，後為織田家臣。山崎城主。因女婿為主公義治謀殺而與之不睦，叛之投靠織田信長。本能寺事變時，一度曾投降明智光秀，但最終還是依附了豐臣秀吉，領有攝津三田。
lord_tk5_752,752,752,,山崎长德,山崎長德,山崎,长德,Yamazaki Naganori,hokuriku,1,1552,1566,1620,病死,,,,,,全职种,50,50,温和,普通,普通,轻率,普通,48,南蛮物,普通,普通,源氏,刀剑,46,36,23,32,37,2,1,1,0,0,0,1,0,0,1,0,0,0,0,0,0,无,强袭,无,无要求,,,未登场,山崎长德,足轻组头,直臣,朝仓家,clan_asakura_1,一乘谷城,无,未登场,山崎长德,足轻组头,直臣,朝仓家,clan_asakura_1,一乘谷城,无,已登场,山崎长德,足轻大将,直臣,朝仓家,clan_asakura_1,一乘谷城,无,已登场,山崎长德,足轻组头,陪臣（明智光秀）,织田家,clan_akechi_1,坂本城,无,已登场,山崎长德,足轻大将,陪臣（明智光秀）,织田家,clan_akechi_1,丹波龟山城,无,已登场,山崎长德,侍大将,直臣,前田家,clan_maeda_1,金泽城,无,未登场,山崎长德,足轻大将,直臣,朝仓家,一乘谷城,无,已登场,山崎长德,足轻大将,直臣,前田家,尾山城,无,已登场,山崎长德,部将,陪臣（山田长政）,山中家,小田原城,无,,"[{""stage"":"""",""tkid"":""752"",""ref"":""752"",""emotion"":0}]",,TAIKOU_bio_752,原朝倉家臣。開始侍奉朝倉義景，主家滅亡後，歸屬明智光秀，本能寺事變時參戰。光秀死後，又歸屬柴田勝家，賤岳之戰時參戰。勝家死後，透過前田利家、利長轉而侍奉德川家。
lord_tk5_753,753,753,,山田有信,,山田,有信,Yamada Arinobu,saikai,1,1544,1560,1609,病死,,,,,,只限武将,30,30,普通,勇敢,普通,普通,普通,44,南蛮物,普通,普通,其他,刀剑,63,68,33,61,64,2,1,2,0,1,1,3,0,0,0,0,1,1,1,0,0,钓野伏,强袭,无,无要求,,,未登场,山田有信,部将,直臣,岛津家,clan_shimazu_1,内城,无,已登场,山田有信,部将,直臣,岛津家,clan_shimazu_1,内城,无,已登场,山田有信,部将,直臣,岛津家,clan_shimazu_1,内城,无,已登场,山田有信,部将,直臣,岛津家,clan_shimazu_1,内城,无,已登场,山田有信,部将,直臣,岛津家,clan_shimazu_1,内城,无,已登场,山田有信,家老,直臣,岛津家,clan_shimazu_2,内城,无,未登场,山田有信,部将,直臣,岛津家,内城,无,已登场,山田有信,部将,直臣,岛津家,内城,无,已登场,山田有信,部将,陪臣（山田长政）,山中家,小田原城,无,,"[{""stage"":"""",""tkid"":""753"",""ref"":""753"",""emotion"":0}]",,TAIKOU_bio_753,島津家臣。有德之子。從貴久開始侍奉島津家，官至家老。活躍於各地戰役之中，伊東滅亡後，成為日向高城主。在與大友氏的戰役中，在大軍臨城的形勢之下，以少數兵力守住了城池，引導主家走向勝利。
lord_tk5_754,754,754,,山田长政,山田長政,山田,长政,Yamada Nagamasa,tokai,1,1590,1598,1630,战死,,,,,,全职种,40,40,普通,勇敢,理想,轻率,普通,55,南蛮物,贪心,嗜酒如命,其他,刀剑,68,27,60,67,55,2,2,1,2,0,0,0,2,1,2,1,3,0,3,0,0,无,强袭，二连苦无，丢钱,无,一般条件,,,未登场,山田长政,浪人,其他,无,,京之町,无,未登场,山田长政,浪人,其他,无,,京之町,无,未登场,山田长政,浪人,其他,无,,京之町,无,未登场,山田长政,浪人,其他,无,,京之町,无,未登场,山田长政,浪人,其他,无,,京之町,无,已登场,山田长政,浪人,其他,无,,骏府之町,无,未登场,山田长政,浪人,其他,无,京之町,无,未登场,山田长政,浪人,其他,无,京之町,无,已登场,山田长政,城主,直臣,山中家,小田原城,无,,"[{""stage"":"""",""tkid"":""754"",""ref"":""754"",""emotion"":0}]",,TAIKOU_bio_754,暹羅（現在的泰國）的日本町之頭領。出身駿河。搭乘朱印船前往暹羅，成為大城的日本人町頭領。在這之後，接受暹羅國王的請求，參加了近鄰諸國的戰爭。深受國王深厚的信賴而得以擢升為重臣之位。後來因為暹羅王家內鬥而遭毒殺。（大城：泰國十八世紀中葉以前的舊都城）
lord_tk5_755,755,755,,山田宗昌,山田匡德,山田,宗昌,Yamada Sooshoo,saikai,1,1544,1558,1620,病死,,,,,,只限武将,80,80,性急,勇敢,普通,普通,重视情义,41,南蛮物,普通,普通,其他,刀剑,57,51,27,34,38,2,0,1,0,0,0,0,0,1,0,0,0,0,2,0,0,无,强袭,无,无要求,,,未登场,山田宗昌,侍大将,直臣,伊东家,clan_ito_1,都于郡城,无,已登场,山田宗昌,侍大将,直臣,伊东家,clan_ito_1,都于郡城,无,已登场,山田宗昌,侍大将,直臣,伊东家,clan_ito_1,都于郡城,无,已登场,山田宗昌,侍大将,直臣,伊东家,clan_ito_1,都于郡城,无,已登场,山田宗昌,侍大将,陪臣（佐伯惟定）,大友家,clan_saeki_2,佐伯城,无,已登场,山田宗昌,浪人,其他,无,,油津之町,无,未登场,山田宗昌,侍大将,直臣,伊东家,都于郡城,无,已登场,山田宗昌,侍大将,陪臣（佐伯惟定）,大友家,佐伯城,无,已登场,山田宗昌,部将,陪臣（山田长政）,山中家,小田原城,无,,"[{""stage"":"""",""tkid"":""755"",""ref"":""755"",""emotion"":0}]",,TAIKOU_bio_755,伊東家臣。在島津氏進攻日向時，奮起抗戰。與長倉勘解由左衛門等一直抵抗島津氏，但伊東氏被島津氏滅掉以後，又歸屬了島津氏。島津氏進攻豐後時，又站在大友一方作戰。
lord_tk5_756,756,756|1185,,山中鹿介,,山中,鹿介,Yamanaka Shikanosuke,kinai,1,1545,1559,1578,战死,,,,,lord_tk5_604,只限武将,12,12,普通,勇敢,理想,轻率,重视情义,40,武具,无欲,普通,源氏,枪,71,79,21,57,90,3,3,2,0,2,3,2,2,0,1,2,1,1,2,0,1,无,强袭，连续斩，拔突，粘花，二连苦无，刚弓，卷枪，引落，柄返，刚力，铁壁,无,一般条件,,,未登场,山中鹿介,足轻组头,直臣,尼子家,clan_yamanaka_1,月山富田城,无,已登场,山中鹿介,足轻组头,直臣,尼子家,clan_yamanaka_1,月山富田城,无,已登场,山中鹿介,浪人,其他,无,,松江之町,无,已登场,山中鹿介,浪人,其他,无,,京之町,无,已死亡,山中鹿介,无效,无效,无,,无效,无,已死亡,山中鹿介,无效,无效,无,clan_konoike_1,无效,无,未登场,山中鹿介,足轻大将,直臣,尼子家,月山富田城,无,已死亡,山中鹿介,无效,无效,无,无效,无,已登场,山中鹿介,大名,首领,山中家,江户城,无,"[{""stage"":""志"",""tkid"":""756"",""ref"":"""",""emotion"":1},{""stage"":""战"",""tkid"":""1185"",""ref"":"""",""emotion"":1}]","[{""stage"":""志"",""tkid"":""756"",""ref"":""756"",""emotion"":1},{""stage"":""战"",""tkid"":""1185"",""ref"":""1185"",""emotion"":1}]",,TAIKOU_bio_756,尼子家臣。又稱幸盛。尼子十勇士之一。謀劃擁戴尼子勝久再興主家家業。據說曾面對彎月祈願「願受種種磨難」。固守上月城，終為毛利所破，未得遂願。在護送至安藝途中被殺。
lord_tk5_757,757,757,,山中俊好,,山中,俊好,Yamanaka Shunkou,kinai,1,1537,1554,1595,病死,,,,,,只限武将,20,20,普通,普通,普通,轻率,普通,49,南蛮物,普通,普通,其他,锁镰,47,61,35,40,36,1,1,1,0,2,1,1,3,0,0,0,0,0,0,0,1,奈落之术，雾隐之术，错乱之术,二连苦无，半月，千鸟，刚弓,无,一般条件,,,已登场,山中俊好,足轻组头,直臣,六角家,clan_rokkaku_1,观音寺城,无,已登场,山中俊好,足轻组头,直臣,六角家,clan_rokkaku_1,观音寺城,无,已登场,山中俊好,浪人,其他,无,,目加田之町,无,已登场,山中俊好,足轻组头,直臣,织田家,clan_oda_1,岐阜城,无,已登场,山中俊好,足轻组头,直臣,织田家,clan_oda_1,安土城,无,已死亡,山中俊好,无效,无效,无,,无效,无,已登场,山中俊好,足轻大将,直臣,六角家,观音寺城,无,已登场,山中俊好,足轻组头,直臣,羽柴家,石山本愿寺,无,已登场,山中俊好,家老,直臣,山中家,江户城,无,,"[{""stage"":"""",""tkid"":""757"",""ref"":""757"",""emotion"":0}]",,TAIKOU_bio_757,六角家臣，後為豐臣家臣。以柏木御廚為根據地活動的土豪。是曾為柏木三家之首的甲賀郡中總的首領。侍奉六角家有功，獲得獎狀。後歸屬織田信長，再後依附豐臣秀吉。
lord_tk5_758,758,758,,山名祐丰,山名祐豐,山名,祐丰,Yamana Yuu,sanyo,1,1511,1554,1580,病死,,,,,,只限武将,90,90,普通,勇敢,理想,轻率,不重情义,62,南蛮物,贪心,滴酒不沾,源氏,刀剑,50,33,32,40,41,2,1,0,1,0,0,1,0,0,1,4,0,0,0,0,0,无,强袭,无,一般条件,,,已登场,山名祐丰,大名,首领,山名家,clan_yamana_1,鸟取城,无,已登场,山名祐丰,大名,首领,山名家,clan_yamana_1,鸟取城,无,已登场,山名祐丰,大名,首领,山名家,clan_yamana_1,鸟取城,无,已登场,山名祐丰,大名,首领,山名家,clan_yamana_1,鸟取城,无,已死亡,山名祐丰,无效,无效,无,,无效,无,已死亡,山名祐丰,无效,无效,无,,无效,无,已登场,山名祐丰,大名,首领,山名家,鸟取城,无,已死亡,山名祐丰,无效,无效,无,无效,无,已登场,山名祐丰,部将,直臣,山中家,江户城,无,,"[{""stage"":"""",""tkid"":""758"",""ref"":""758"",""emotion"":0}]",,TAIKOU_bio_758,但馬守護，致豐之次子。作為叔父誠豐的義子繼承家業。其兄弟豐定被派往因幡。統管但馬和因幡。此後，被羽柴秀吉攻打，在界喪命，雖再起兵，又被秀吉打敗而投降。
lord_tk5_759,759,759,,山名禅高,山名禪高|山名丰国|山名豐國,山名,禅高,Yamana Zentaka,sanyo,1,1548,1562,1626,病死,,,,,,只限武将,90,90,普通,胆小,现实,轻率,普通,51,艺术品,普通,普通,源氏,刀剑,25,31,39,12,42,0,1,1,0,1,1,0,0,0,0,1,0,3,2,3,0,无,强袭,无,无要求,,,未登场,山名丰国,部将,直臣,山名家,clan_yamana_1,鸟取城,无,已登场,山名丰国,部将,直臣,山名家,clan_yamana_1,鸟取城,无,已登场,山名丰国,部将,直臣,山名家,clan_yamana_1,鸟取城,无,已登场,山名丰国,部将,直臣,山名家,clan_yamana_1,鸟取城,无,已登场,山名禅高,浪人,其他,无,,出石之町,无,已登场,山名禅高,浪人,其他,无,,出石之町,无,未登场,山名丰国,部将,直臣,山名家,鸟取城,无,已登场,山名禅高,浪人,其他,无,出石之町,无,已登场,山名丰国,部将,直臣,山中家,江户城,无,,"[{""stage"":"""",""tkid"":""759"",""ref"":""759"",""emotion"":0}]",,TAIKOU_bio_759,因幡守護。鳥取城城主。豐定的三子。法名禪高。討伐家臣‧武田高信奪回了居城。但是由於降服於進軍山陰的秀吉，而遭串通毛利家的家臣放逐。之後成為秀吉身邊的御咄眾。是對品茶及古典很有研究的人。（御咄眾：被留在秀吉身邊擔任聊天、商量、挖苦的講話對象。大多為沒落
lord_tk5_760,760,760,,山内一丰,山內一豐,山内,一丰,Yamauchi Kazutoyo,tokai,1,1546,1560,1605,病死,,,lord_tk5_1197,,,全职种,2,2,普通,胆小,普通,普通,重视情义,53,南蛮物,普通,普通,藤原氏,刀剑,62,50,55,59,54,1,1,1,1,1,1,1,1,1,1,1,1,1,1,1,1,无,强袭,无,一般条件,,,未登场,山内一丰,足轻组头,直臣,织田家,clan_oda_1,清洲城,无,已登场,山内一丰,足轻组头,直臣,织田家,clan_oda_1,清洲城,无,已登场,山内一丰,足轻组头,直臣,织田家,clan_oda_1,岐阜城,无,已登场,山内一丰,足轻组头,直臣,织田家,clan_oda_1,岐阜城,无,已登场,山内一丰,足轻大将,直臣,织田家,clan_oda_1,安土城,无,已登场,山内一丰,大名,首领,山内家,clan_yamauchi_1,二俣城,无,未登场,山内一丰,足轻组头,直臣,织田家,那古野城,无,已登场,山内一丰,侍大将,直臣,羽柴家,石山本愿寺,无,已登场,山内一丰,部将,直臣,山中家,江户城,无,,"[{""stage"":"""",""tkid"":""760"",""ref"":""760"",""emotion"":0}]",,TAIKOU_bio_760,織田家臣，之後成為豐臣家臣。侍奉織田信長，在越前金崎之戰中立下戰功。本能寺事變後跟隨豐臣秀吉，成為母衣眾。其妻千代為丈夫付錢買馬而留下了「賢內助」的佳話。
lord_tk5_761,761,761,,山本勘助,山本晴幸,山本,勘助,Yamamoto Kansuke,tosan,1,1493,1554,1561,战死,,,,,,全职种,62,62,普通,普通,理想,慎重,普通,55,书籍,无欲,普通,源氏,刀剑,83,44,52,84,69,4,3,1,1,0,0,4,3,4,1,1,2,0,3,0,0,强行突破，紧急修补，影武者，鬼谋，内讧之术,强袭，二连苦无，半月,军师,不可,,主角武田信玄，川中岛之战败北,已登场,山本勘助,侍大将,直臣,武田家,clan_yamamoto_1,踯躅崎馆,无,已登场,山本勘助,侍大将,直臣,武田家,clan_yamamoto_1,踯躅崎馆,无,已死亡,山本勘助,无效,无效,无,,无效,无,已死亡,山本勘助,无效,无效,无,,无效,无,已死亡,山本勘助,无效,无效,无,,无效,无,已死亡,山本勘助,无效,无效,无,,无效,无,已登场,山本勘助,足轻大将,直臣,武田家,踯躅崎馆,无,已死亡,山本勘助,无效,无效,无,无效,无,已登场,山本勘助,家老,直臣,山中家,江户城,无,,"[{""stage"":"""",""tkid"":""761"",""ref"":""761"",""emotion"":0}]",,TAIKOU_bio_761,武田家臣。亦稱晴幸，號道鬼。武田二十四將之一。文武兼通，任信玄的軍師。造城技術高明，設計有小諸城等。川中島之戰時提出「啄木鳥戰術」但被上杉謙信將計就計。突入敵陣後戰死。
lord_tk5_762,762,762,,汤浅五助,湯淺五助,汤浅,五助,Yuasa Gosuke,hokuriku,1,1572,1580,1600,战死,,,,,,只限武将,13,13,性急,勇敢,理想,普通,普通,31,武具,普通,普通,其他,枪,46,64,25,21,56,2,0,0,0,1,2,0,0,0,0,0,0,2,0,0,1,无,强袭，拔突，铁壁,无,无要求,,,未登场,汤浅五助,浪人,其他,无,,敦贺之町,无,未登场,汤浅五助,浪人,其他,无,,敦贺之町,无,未登场,汤浅五助,浪人,其他,无,,敦贺之町,无,未登场,汤浅五助,浪人,其他,无,,敦贺之町,无,已登场,汤浅五助,浪人,其他,无,,敦贺之町,无,已登场,汤浅五助,部将,直臣,大谷家,clan_otsuki_1,敦贺城,无,未登场,汤浅五助,浪人,其他,无,敦贺之町,无,已登场,汤浅五助,浪人,其他,无,敦贺之町,无,已登场,汤浅五助,家老,直臣,五代家,安土城,无,,"[{""stage"":"""",""tkid"":""762"",""ref"":""762"",""emotion"":0}]",,TAIKOU_bio_762,大谷吉繼的家臣。名隆貞、姓岩佐。跟隨吉繼指揮平定北陸。在關原之戰中，負責扛負主君所乘坐的轎子。大谷軍遭受小早川秀秋隊叛亂後，陷入窮途末路的苦境，此時受吉繼之命為其介錯。藏匿主君首級不讓敵方奪去後，衝入藤堂高虎的隊伍而陣亡。
lord_tk5_763,763,763,,结城晴朝,結城晴朝,结城,晴朝,Yuki Harutomo,kanto,1,1533,1554,1614,病死,,,,结城政朝,lord_tk5_765,只限武将,11,11,温和,胆小,现实,慎重,普通,50,南蛮物,无欲,嗜酒如命,藤原氏,枪,41,37,46,56,61,0,1,0,0,0,0,1,0,2,2,1,1,2,3,1,0,无,拔突,无,一般条件,,,已登场,结城晴朝,家老,直臣,结城家,clan_yuki_1,结城城,无,已登场,结城晴朝,大名,首领,结城家,clan_yuki_2,结城城,无,已登场,结城晴朝,大名,首领,结城家,clan_yuki_2,结城城,无,已登场,结城晴朝,大名,首领,结城家,clan_yuki_2,结城城,无,已登场,结城晴朝,大名,首领,结城家,clan_yuki_2,结城城,无,已登场,结城晴朝,家老,直臣,结城家,clan_yuki_3,结城城,无,已登场,结城晴朝,家老,直臣,结城家,结城城,无,已登场,结城晴朝,大名,首领,结城家,结城城,无,已登场,结城晴朝,浪人,其他,无,鹿屋之町,无,,"[{""stage"":"""",""tkid"":""763"",""ref"":""763"",""emotion"":0}]",,TAIKOU_bio_763,結城家第１７代家主。小山高朝的次子。後成為伯父政勝的義子。繼承了家業。在北條、上杉兩家之間，為了自家的生存苦心經營。在豐臣秀吉的小田原之戰中參戰。後成為豐臣秀吉的義子，將家業讓給了德川家康的次子秀康。
lord_tk5_764,764,764,,结城秀康,結城秀康|德川秀康,结城,秀康,Yuki Hideyasu,kanto,1,1574,1588,1607,病死,lord_tk5_506,,,lord_tk5_804,lord_tk5_506|lord_tk5_507|lord_tk5_508|lord_tk5_677|lord_tk5_804,只限武将,90,10,性急,勇敢,普通,轻率,普通,79,武具,普通,嗜酒如命,源氏,枪,83,83,52,34,86,2,3,2,0,2,2,2,0,1,2,1,1,2,0,0,0,无,强袭，拔突，刚弓，铁壁,无,一般条件,,,未登场,德川秀康,足轻组头,陪臣（松平元康）,今川家,clan_tokugawa_1,冈崎城,无,未登场,德川秀康,足轻组头,陪臣（松平元康）,今川家,clan_tokugawa_1,冈崎城,无,未登场,德川秀康,足轻组头,直臣,德川家,clan_tokugawa_1,冈崎城,无,未登场,德川秀康,足轻组头,陪臣（德川家康）,德川家,clan_tokugawa_1,滨松城,无,已登场,德川秀康,足轻大将,直臣,德川家,clan_tokugawa_1,滨松城,无,已登场,结城秀康,大名,首领,结城家,clan_yuki_3,结城城,无,未登场,德川秀康,足轻组头,陪臣（松平竹千代）,松平家,冈崎城,无,已登场,德川秀康,足轻大将,直臣,德川家,滨松城,无,已登场,结城秀康,浪人,其他,无,仙台之町,无,,"[{""stage"":"""",""tkid"":""764"",""ref"":""764"",""emotion"":0}]",,TAIKOU_bio_764,德川家一族。家康的次子。德川秀忠的異母兄。小牧長久手之戰後，成為秀吉的義子。從秀吉和家康名中各取一字，取名秀康。後經秀吉舉薦成為結成晴朝的義子。秀吉故後，復松平姓，封領越前福井。
lord_tk5_765,765,765,,结城政胜,結城政勝,结城,政胜,Yuki Matsurigoto,kanto,1,1503,1554,1559,病死,结城政朝,,,,lord_tk5_763,只限武将,11,11,温和,胆小,普通,普通,普通,69,艺术品,普通,普通,藤原氏,刀剑,57,34,72,68,60,1,1,0,1,1,0,2,0,0,1,0,0,3,3,0,1,无,强袭,无,无要求,,,已登场,结城政胜,大名,首领,结城家,clan_yuki_1,结城城,无,已死亡,结城政胜,无效,无效,无,clan_yuki_2,无效,无,已死亡,结城政胜,无效,无效,无,clan_yuki_2,无效,无,已死亡,结城政胜,无效,无效,无,clan_yuki_2,无效,无,已死亡,结城政胜,无效,无效,无,clan_yuki_2,无效,无,已死亡,结城政胜,无效,无效,无,clan_yuki_3,无效,无,已登场,结城政胜,大名,首领,结城家,结城城,无,已死亡,结城政胜,无效,无效,无,无效,无,已登场,结城政胜,浪人,其他,无,今治之町,无,,"[{""stage"":"""",""tkid"":""765"",""ref"":""765"",""emotion"":0}]",,TAIKOU_bio_765,下總結城家第十六代當主。與北條氏康結盟，擊退常陸的小田家，稱霸下野及下總北部，而成為戰國大名。著名的分國法『結城氏新法度』的大部分內容便是於政勝任內制定的。
lord_tk5_766,766,766,,游佐续光,游佐續光|遊佐續光,游佐,续光,Yusa Tsugumitsu,hokuriku,1,1517,1554,1581,病死,,,,,,全职种,90,90,普通,胆小,理想,轻率,不重情义,77,南蛮物,贪心,普通,藤原氏,刀剑,29,39,39,46,52,0,1,0,0,0,0,0,0,0,0,0,1,0,1,0,0,无,强袭,无,无要求,,,已登场,游佐续光,部将,直臣,畠山家,clan_notohatakeyama_1,七尾城,无,已登场,游佐续光,部将,直臣,畠山家,clan_notohatakeyama_1,七尾城,无,已登场,游佐续光,家老,直臣,长家,clan_cho_1,七尾城,无,已登场,游佐续光,部将,直臣,长家,clan_cho_1,七尾城,无,已死亡,游佐续光,无效,无效,无,,无效,无,已死亡,游佐续光,无效,无效,无,,无效,无,已登场,游佐续光,家老,直臣,畠山家,七尾城,无,已死亡,游佐续光,无效,无效,无,无效,无,已登场,游佐续光,浪人,其他,无,奈良之町,无,,"[{""stage"":"""",""tkid"":""766"",""ref"":""766"",""emotion"":0}]",,TAIKOU_bio_766,田山家臣。秀賴之子。做為田山七人眾派首領掌握實權，因與溫井總貞爭權奪利失敗而出走。總貞死後回歸。後曾暗中幫助上杉家，謙信死後曾歸順織田家，但後來逃跑被捉回，斬首。
lord_tk5_767,767,767,,由利镰之助,由利鎌之助|由利鐮之助,由利,镰之助,Yuri Kanenosuke,tokai,1,1583,1597,1615,病死,,,,,,全职种,49,49,性急,勇敢,普通,轻率,重视情义,31,武具,普通,普通,其他,锁镰,38,80,36,58,68,1,1,0,0,3,3,0,0,1,1,1,0,0,1,0,0,无,强袭，连续斩，拔突，粘花，刚弓，卷枪，引落，柄返，刚力，铁壁,无,一般条件,,,未登场,由利镰之助,浪人,其他,无,,小诸之町,无,未登场,由利镰之助,浪人,其他,无,,小诸之町,无,未登场,由利镰之助,浪人,其他,无,,小诸之町,无,未登场,由利镰之助,浪人,其他,无,,小诸之町,无,未登场,由利镰之助,浪人,其他,无,,小诸之町,无,已登场,由利镰之助,浪人,其他,无,,大凑之町,无,未登场,由利镰之助,浪人,其他,无,小诸之町,无,未登场,由利镰之助,浪人,其他,无,小诸之町,无,已登场,由利镰之助,浪人,其他,无,敦贺之町,无,,"[{""stage"":"""",""tkid"":""767"",""ref"":""767"",""emotion"":0}]",,TAIKOU_bio_767,真田家臣。真田十勇士之一。以善用鎖鐮槍而馳名，曾在鈴鹿山中為寇，後與三好伊三入道一起侍奉幸村。幸村發配時，在江戶開設長矛道場，刺探家康的動向。
lord_tk5_768,768,768,,横谷左近,橫谷左近,横谷,左近,Yokoya Sakon,tosan,1,1549,1560,1615,病死,,,,,,全职种,49,49,普通,普通,现实,普通,重视情义,55,书籍,普通,滴酒不沾,其他,苦无,41,68,30,59,55,1,0,2,0,2,2,1,4,0,0,0,0,0,0,0,0,鬼脚之术，破技之术，千里眼术，刺杀，红莲之术,强袭，拔突，二连苦无，半月，刚弓，猛毒苦无，十字投，乱苦无，叠返之术，铁壁,苦无名人,无要求,,,未登场,横谷左近,上忍,直臣,户隐众,clan_deura_1,户隐之里,无,已登场,横谷左近,上忍,直臣,户隐众,clan_deura_1,户隐之里,无,已登场,横谷左近,上忍,直臣,户隐众,clan_deura_1,户隐之里,无,已登场,横谷左近,上忍,直臣,户隐众,clan_deura_1,户隐之里,无,已登场,横谷左近,上忍,直臣,户隐众,clan_deura_1,户隐之里,无,已登场,横谷左近,上忍,直臣,户隐众,clan_deura_1,户隐之里,无,未登场,横谷左近,上忍,直臣,户隐众,户隐之里,无,已登场,横谷左近,上忍,直臣,户隐众,户隐之里,无,已登场,横谷左近,浪人,其他,无,姬路之町,无,,"[{""stage"":"""",""tkid"":""768"",""ref"":""768"",""emotion"":0}]",,TAIKOU_bio_768,真田家家臣。名幸重。原為以上田與沼田一帶為據點的土豪。在侍奉真田家之後，與出浦盛清同為忍者頭領。凡是有真田昌幸參戰的合戰幾乎都有他跟隨，率領忍者部隊在旁輔佐昌幸。關原之戰後則隸屬於真田信幸麾下。
lord_tk5_769,769,769,,吉江景资,吉江景資,吉江,景资,Yoshie Kagekatsu,hokuriku,1,1527,1554,1582,战死,,,,,lord_tk5_533,只限武将,15,15,普通,普通,普通,慎重,重视情义,24,艺术品,普通,普通,藤原氏,刀剑,48,48,47,44,62,1,1,0,0,1,1,2,0,0,0,0,0,0,0,0,1,无,强袭,无,无要求,,,已登场,吉江景资,足轻大将,直臣,长尾家,clan_uesugi_1,春日山城,无,已登场,吉江景资,足轻大将,直臣,长尾家,clan_uesugi_1,春日山城,无,已登场,吉江景资,城主,直臣,上杉家,clan_uesugi_1,唐泽山城,无,已登场,吉江景资,足轻大将,直臣,上杉家,clan_uesugi_1,春日山城,无,已登场,吉江景资,侍大将,陪臣（中条景泰）,上杉家,clan_chujou_1,鱼津城,无,已死亡,吉江景资,无效,无效,无,,无效,无,已登场,吉江景资,家老,直臣,长尾家,春日山城,无,已死亡,吉江景资,无效,无效,无,无效,无,已登场,吉江景资,浪人,其他,无,会津之町,无,,"[{""stage"":"""",""tkid"":""769"",""ref"":""769"",""emotion"":0}]",,TAIKOU_bio_769,上杉家臣。宗信之子。謙信的大本營主帥，任越後春日山城的守城將軍和下野佐野城的守將。御館之亂時助景勝一方活動。曾為越中魚津城守備，後為織田軍柴田勝家所破而自盡。
lord_tk5_770,770,770,,吉冈宪法,吉岡憲法,吉冈,宪法,Yoshioka Kenpoo,kinai,1,1535,1554,1591,病死,,,,,lord_tk5_771|lord_tk5_772,没那个意思,60,60,温和,普通,普通,慎重,普通,50,艺术品,无欲,普通,其他,刀剑,15,90,16,30,47,0,0,0,0,1,4,2,0,0,0,0,3,3,0,0,0,无,强袭，连续斩，霞，拔突，当身，刚力，铁壁，丢钱，猫骗，闪电,剑豪,一般条件,,,已登场,吉冈宪法,师范,其他,无,,京之町,吉冈流,已登场,吉冈宪法,师范,其他,无,,京之町,吉冈流,已登场,吉冈宪法,师范,其他,无,,京之町,吉冈流,已登场,吉冈宪法,师范,其他,无,,京之町,吉冈流,已登场,吉冈宪法,师范,其他,无,,京之町,吉冈流,已死亡,吉冈宪法,无效,无效,无,,无效,无,已登场,吉冈宪法,师范,其他,无,京之町,吉冈流,已登场,吉冈宪法,师范,其他,无,京之町,吉冈流,已登场,吉冈宪法,师范,其他,无,京之町,吉冈流,,"[{""stage"":"""",""tkid"":""770"",""ref"":""770"",""emotion"":0}]",,TAIKOU_bio_770,劍術家。名直賢。清十郎及傳七郎的父親。號稱以陰陽師‧鬼一法為祖師之京八流的末裔。除了擔任第十五代將軍‧足利義昭的劍術指導之外，也在京都經營染物屋。雖然有在御前與宮本武藏之父‧新免無二齋一決勝負卻敗北的傳聞，但是史實記載不甚明確。
lord_tk5_771,771,771,,吉冈清十郎,吉岡清十郎,吉冈,清十郎,Yoshioka Seijuroo,kinai,1,1577,1588,1604,病死,lord_tk5_770,,,,lord_tk5_770|lord_tk5_772,没那个意思,60,60,温和,胆小,理想,慎重,普通,23,南蛮物,无欲,滴酒不沾,其他,刀剑,12,87,10,13,55,0,0,1,0,1,3,2,0,0,0,0,0,2,0,0,0,无,强袭，连续斩，霞，拔突，刚力，铁壁，猫骗，闪电,剑客,不可,,主角宫本武藏，剧情流程,未登场,吉冈清十郎,师范代,其他,无,,京之町,吉冈流,未登场,吉冈清十郎,师范代,其他,无,,京之町,吉冈流,未登场,吉冈清十郎,师范代,其他,无,,京之町,吉冈流,未登场,吉冈清十郎,师范代,其他,无,,京之町,吉冈流,未登场,吉冈清十郎,师范代,其他,无,,京之町,吉冈流,已登场,吉冈清十郎,师范,其他,无,,京之町,吉冈流,未登场,吉冈清十郎,师范代,其他,无,京之町,吉冈流,未登场,吉冈清十郎,师范代,其他,无,京之町,吉冈流,已登场,吉冈清十郎,家老,直臣,十河家,广岛城,吉冈流,,"[{""stage"":"""",""tkid"":""771"",""ref"":""771"",""emotion"":0}]",,TAIKOU_bio_771,吉岡憲法直賢之長子。吉岡憲法是曾任代代室鎮將軍兵法教官的劍客。及其四代清十郎，在京都的吉岡道場名聲顯赫，但是與年輕時的劍豪宮本武藏在京都以北蓮臺寺郊外交手，敗而身亡。
lord_tk5_772,772,772,,吉冈传七郎,吉岡伝七郎|吉岡傳七郎,吉冈,传七郎,Yoshioka Denshiroo,kinai,1,1580,1594,1604,病死,lord_tk5_770,,,,lord_tk5_770|lord_tk5_771,没那个意思,60,60,性急,勇敢,理想,轻率,普通,71,南蛮物,贪心,嗜酒如命,其他,刀剑,12,88,7,4,40,1,0,0,0,1,3,1,0,0,0,0,0,0,0,0,0,无,强袭，连续斩，霞，拔突，刚力，铁壁，猫骗，闪电,剑客,不可,,主角宫本武藏，剧情流程,未登场,吉冈传七郎,师范代,其他,无,,京之町,吉冈流,未登场,吉冈传七郎,师范代,其他,无,,京之町,吉冈流,未登场,吉冈传七郎,师范代,其他,无,,京之町,吉冈流,未登场,吉冈传七郎,师范代,其他,无,,京之町,吉冈流,未登场,吉冈传七郎,师范代,其他,无,,京之町,吉冈流,已登场,吉冈传七郎,师范代,其他,无,,京之町,吉冈流,未登场,吉冈传七郎,师范代,其他,无,京之町,吉冈流,未登场,吉冈传七郎,师范代,其他,无,京之町,吉冈流,已登场,吉冈传七郎,家老,直臣,七条家,杂贺城,吉冈流,,"[{""stage"":"""",""tkid"":""772"",""ref"":""772"",""emotion"":0}]",,TAIKOU_bio_772,吉岡清十郎之弟。又稱右衛門。為討伐兄弟吉岡清十郎的敵人，在京外大戰宮本武藏，但慘敗而亡。吉岡一門繼而在一乘下松與武藏作戰，慘敗。隨後，吉岡一門還參加了大阪之戰。
lord_tk5_773,773,773,,吉冈长增,吉岡長增,吉冈,长增,Yoshioka Nagazane,saikai,1,1502,1554,1573,病死,,,,,,全职种,84,84,普通,普通,普通,轻率,普通,34,南蛮物,普通,普通,其他,刀剑,48,52,35,73,52,0,1,1,0,0,0,3,0,0,1,0,0,2,2,1,0,无,强袭,无,无要求,,,已登场,吉冈长增,家老,直臣,大友家,clan_otomo_1,府内城,无,已登场,吉冈长增,家老,直臣,大友家,clan_otomo_1,府内城,无,已登场,吉冈长增,家老,直臣,大友家,clan_otomo_1,府内城,无,已死亡,吉冈长增,无效,无效,无,,无效,无,已死亡,吉冈长增,无效,无效,无,,无效,无,已死亡,吉冈长增,无效,无效,无,,无效,无,已登场,吉冈长增,家老,直臣,大友家,府内城,无,已死亡,吉冈长增,无效,无效,无,无效,无,已登场,吉冈长增,浪人,其他,无,长滨之町,无,,"[{""stage"":"""",""tkid"":""773"",""ref"":""773"",""emotion"":0}]",,TAIKOU_bio_773,大友家臣。與吉弘氏、臼杵氏並稱豐後三老之一，足智多謀。大友家與毛利家在築前對峙之時，運用策略煽動大內義隆的表兄弟輝弘進攻周防，迫使毛利軍撤退。
lord_tk5_774,774,774,,吉田重俊,,吉田,重俊,Yoshida Shigetoshi,nankai,1,1498,1554,1570,病死,吉田则弘,,,,lord_tk5_144|lord_tk5_775,全职种,80,80,普通,普通,普通,慎重,普通,51,书籍,普通,嗜酒如命,其他,刀剑,52,54,45,72,61,2,1,1,1,0,0,2,0,0,0,0,1,2,2,0,0,无,强袭,无,无要求,,,已登场,吉田重俊,部将,直臣,长宗我部家,clan_chosokabe_1,冈丰城,无,已登场,吉田重俊,部将,直臣,长宗我部家,clan_chosokabe_2,冈丰城,无,已登场,吉田重俊,部将,直臣,长宗我部家,clan_chosokabe_2,冈丰城,无,已死亡,吉田重俊,无效,无效,无,clan_chosokabe_2,无效,无,已死亡,吉田重俊,无效,无效,无,clan_chosokabe_2,无效,无,已死亡,吉田重俊,无效,无效,无,,无效,无,已登场,吉田重俊,部将,直臣,长宗我部家,冈丰城,无,已死亡,吉田重俊,无效,无效,无,无效,无,已登场,吉田重俊,浪人,其他,无,厩桥之町,无,,"[{""stage"":"""",""tkid"":""774"",""ref"":""774"",""emotion"":0}]",,TAIKOU_bio_774,長宗我部家臣，孝賴之弟。侍奉國親和元親兩代主公。通稱為大備後。在與安藝國虎的鬥爭中，施用謀略，使安藝家內部崩潰，直至取勝。是智謀超人的武將，與兄孝賴一起為主家之強大做出貢獻。
lord_tk5_775,775,775,,吉田孝赖,吉田孝賴,吉田,孝赖,Yoshida Takayori,nankai,1,1494,1554,1570,病死,吉田则弘,,,,lord_tk5_144|lord_tk5_774,全职种,80,80,普通,普通,现实,慎重,普通,44,南蛮物,普通,普通,其他,刀剑,53,61,62,71,70,1,2,1,1,0,0,2,0,0,1,1,1,2,2,1,0,无,强袭,无,无要求,,,已登场,吉田孝赖,家老,直臣,长宗我部家,clan_chosokabe_1,冈丰城,无,已登场,吉田孝赖,家老,直臣,长宗我部家,clan_chosokabe_2,冈丰城,无,已登场,吉田孝赖,家老,直臣,长宗我部家,clan_chosokabe_2,冈丰城,无,已死亡,吉田孝赖,无效,无效,无,clan_chosokabe_2,无效,无,已死亡,吉田孝赖,无效,无效,无,clan_chosokabe_2,无效,无,已死亡,吉田孝赖,无效,无效,无,,无效,无,已登场,吉田孝赖,家老,直臣,长宗我部家,冈丰城,无,已死亡,吉田孝赖,无效,无效,无,无效,无,已登场,吉田孝赖,浪人,其他,无,直江津之町,无,,"[{""stage"":"""",""tkid"":""775"",""ref"":""775"",""emotion"":0}]",,TAIKOU_bio_775,長宗我部家臣，後名周孝。侍奉國親和元親兩代主公。娶國親之妹，為國親之股肱。他智勇雙全，既可施展權術謀略，又可衝鋒陷陣，與其弟重俊一道，為擴大主家勢力做出了貢獻。
lord_tk5_776,776,776,,吉田政重,,吉田,政重,Yoshida Masashige,nankai,1,1568,1582,1628,病死,,,,,,全职种,80,80,普通,勇敢,普通,轻率,普通,56,武具,普通,嗜酒如命,其他,刀剑,60,71,23,41,67,2,2,2,1,1,1,2,0,0,0,0,0,0,0,0,4,无,强袭，伤药，止血,无,无要求,,,未登场,吉田政重,足轻组头,直臣,长宗我部家,clan_chosokabe_1,冈丰城,无,未登场,吉田政重,足轻组头,直臣,长宗我部家,clan_chosokabe_2,冈丰城,无,未登场,吉田政重,足轻组头,直臣,长宗我部家,clan_chosokabe_2,冈丰城,无,未登场,吉田政重,足轻组头,直臣,长宗我部家,clan_chosokabe_2,冈丰城,无,已登场,吉田政重,足轻组头,直臣,长宗我部家,clan_chosokabe_2,冈丰城,无,已登场,吉田政重,侍大将,直臣,长宗我部家,clan_chosokabe_2,冈丰城,无,未登场,吉田政重,足轻组头,直臣,长宗我部家,冈丰城,无,已登场,吉田政重,足轻组头,直臣,长宗我部家,冈丰城,无,已登场,吉田政重,浪人,其他,无,足利之町,无,,"[{""stage"":"""",""tkid"":""776"",""ref"":""776"",""emotion"":0}]",,TAIKOU_bio_776,長宗我部家臣。俊政之子。中富川之戰初次上陣。身高６尺２寸，身材魁梧，力大無比。關原之戰後，浪跡天涯，但大阪之戰時，又跟從舊主盛親英勇戰鬥。大阪城池陷落後，回到土佐，成為醫者。
lord_tk5_777,777,777,,吉田康俊,,吉田,康俊,Yoshida Yasutoshi,nankai,1,1565,1579,1634,病死,,,,,,只限武将,80,80,普通,普通,普通,轻率,重视情义,38,武具,无欲,普通,其他,刀剑,61,51,31,48,53,3,2,2,1,0,0,2,0,0,0,0,1,0,0,0,0,无,强袭,无,无要求,,,未登场,吉田康俊,足轻组头,直臣,长宗我部家,clan_chosokabe_1,冈丰城,无,未登场,吉田康俊,足轻组头,直臣,长宗我部家,clan_chosokabe_2,冈丰城,无,未登场,吉田康俊,足轻组头,直臣,长宗我部家,clan_chosokabe_2,冈丰城,无,未登场,吉田康俊,足轻组头,直臣,长宗我部家,clan_chosokabe_2,冈丰城,无,已登场,吉田康俊,足轻组头,直臣,长宗我部家,clan_chosokabe_2,冈丰城,无,已登场,吉田康俊,部将,直臣,长宗我部家,clan_chosokabe_2,冈丰城,无,未登场,吉田康俊,足轻组头,直臣,长宗我部家,冈丰城,无,已登场,吉田康俊,足轻组头,直臣,长宗我部家,冈丰城,无,已登场,吉田康俊,浪人,其他,无,滨松之町,无,,"[{""stage"":"""",""tkid"":""777"",""ref"":""777"",""emotion"":0}]",,TAIKOU_bio_777,長宗我部家臣。孝俊之子。在中富川之戰中立功。在豐臣秀吉征討四國時，鎮守德島城，與豐臣軍作戰。戶次川之戰中，守護戰敗的元親，歸從土佐。關原之戰中，作為侍從跟隨盛親。
lord_tk5_778,778,778,,吉弘鉴理,吉弘鑒理|吉弘鑑理,吉弘,鉴理,Yoshihiro Akitada,saikai,1,1520,1554,1571,病死,,,,,lord_tk5_439|lord_tk5_457|lord_tk5_458|lord_tk5_915,只限武将,80,80,普通,普通,普通,普通,重视情义,48,南蛮物,普通,普通,藤原氏,刀剑,66,61,47,48,44,3,3,1,0,1,1,3,0,0,1,1,0,0,0,1,0,无,强袭,无,无要求,,,已登场,吉弘鉴理,部将,直臣,大友家,clan_otomo_1,府内城,无,已登场,吉弘鉴理,部将,直臣,大友家,clan_otomo_1,府内城,无,已登场,吉弘鉴理,部将,直臣,大友家,clan_otomo_1,府内城,无,已死亡,吉弘鉴理,无效,无效,无,clan_otomo_1,无效,无,已死亡,吉弘鉴理,无效,无效,无,clan_otomo_1,无效,无,已死亡,吉弘鉴理,无效,无效,无,clan_tachibana_2,无效,无,已登场,吉弘鉴理,部将,直臣,大友家,府内城,无,已死亡,吉弘鉴理,无效,无效,无,无效,无,已登场,吉弘鉴理,浪人,其他,无,松仓之町,无,,"[{""stage"":"""",""tkid"":""778"",""ref"":""778"",""emotion"":0}]",,TAIKOU_bio_778,大友家臣。作為豐後三老之一，輔佐主公義鎮執政。不僅在外交方面發揮其才能，而且在軍事方面也盡顯其才華。勢場原之戰擊退大內軍，多多良濱之戰大敗毛利軍等在多次戰役中均有所建樹。
lord_tk5_779,779,779,,吉见正赖,吉見正賴,吉见,正赖,Yoshimi Masayori,sanyo,1,1513,1554,1588,病死,,,,,,只限武将,39,39,普通,普通,普通,轻率,普通,40,书籍,普通,普通,源氏,刀剑,51,44,67,49,59,1,2,1,0,0,0,1,0,1,0,1,2,1,0,0,0,无,强袭,无,无要求,,,已登场,吉见正赖,城主,直臣,大内家,clan_ouchi_1,益田城,无,已登场,吉见正赖,侍大将,直臣,毛利家,clan_mori_1,吉田郡山城,无,已登场,吉见正赖,侍大将,直臣,毛利家,clan_mori_1,吉田郡山城,无,已登场,吉见正赖,侍大将,直臣,毛利家,clan_mori_2,吉田郡山城,无,已登场,吉见正赖,侍大将,直臣,毛利家,clan_mori_2,吉田郡山城,无,已死亡,吉见正赖,无效,无效,无,,无效,无,已登场,吉见正赖,城主,直臣,大内家,益田城,无,已登场,吉见正赖,侍大将,直臣,毛利家,吉田郡山城,无,已登场,吉见正赖,浪人,其他,无,松江之町,无,,"[{""stage"":"""",""tkid"":""779"",""ref"":""779"",""emotion"":0}]",,TAIKOU_bio_779,大內家臣，後為毛利家臣。娶主公義隆之姐。陶晴賢背叛攻打義隆時，舉兵反擊，與毛利元就聯係與晴賢作戰。在晴賢嚴島之戰戰敗身亡之後，歸屬毛利家。積極在九州各地戰場上發揮作用。
lord_tk5_780,780,780,,世濑藏人,世瀨藏人,世濑,藏人,Yose Kurando,ou,1,1543,1557,1614,病死,,,,,,武将以外优先,60,60,普通,普通,现实,普通,重视情义,40,武具,无欲,嗜酒如命,其他,苦无,40,68,17,59,25,2,0,2,0,1,2,0,4,1,1,0,0,0,1,0,2,城门爆破，雾隐之术，红莲之术,强袭，拔突，二连苦无，半月，猛毒苦无，十字投，乱苦无，叠返之术，铁壁,苦无名人,一般条件,,,未登场,世濑藏人,上忍,直臣,黑胫巾众,clan_yanagihara_1,黑胫巾之里,无,已登场,世濑藏人,上忍,直臣,黑胫巾众,clan_yanagihara_1,黑胫巾之里,无,已登场,世濑藏人,上忍,直臣,黑胫巾众,clan_yanagihara_1,黑胫巾之里,无,已登场,世濑藏人,上忍,直臣,黑胫巾众,clan_yanagihara_1,黑胫巾之里,无,已登场,世濑藏人,上忍,直臣,黑胫巾众,clan_yanagihara_1,黑胫巾之里,无,已登场,世濑藏人,上忍,直臣,黑胫巾众,clan_yanagihara_1,黑胫巾之里,无,未登场,世濑藏人,上忍,直臣,黑胫巾众,黑胫巾之里,无,已登场,世濑藏人,上忍,直臣,黑胫巾众,黑胫巾之里,无,已登场,世濑藏人,浪人,其他,无,浦户之町,无,,"[{""stage"":"""",""tkid"":""780"",""ref"":""780"",""emotion"":0}]",,TAIKOU_bio_780,忍者。黑脛巾組的一員。配屬於伊達政宗所編組的忍者集團‧黑脛巾組的中忍。隸屬於黑脛巾組長‧阿部對馬守，專門在陸奧南方進行諜報的活動。率領柳原戶兵衛等五十人下忍，負責進行間諜、流言等任務。
lord_tk5_781,781,781,,淀屋常安,澱屋常安,淀屋,常安,Yodoya Tsunayasu,kinai,1,1552,1566,1622,病死,,,,,,武将以外优先,90,90,温和,勇敢,普通,普通,普通,72,南蛮物,贪心,普通,其他,枪,7,8,86,81,60,0,0,0,0,0,0,0,0,4,0,2,4,0,3,2,0,无,拔突，丢钱，贿赂,无,无要求,,,未登场,淀屋常安,浪人,其他,无,,石山之町,无,未登场,淀屋常安,浪人,其他,无,,石山之町,无,已登场,淀屋常安,浪人,其他,无,,石山之町,无,已登场,淀屋常安,浪人,其他,无,,石山之町,无,已登场,淀屋常安,当家,首领,淀屋,clan_yodoya_1,石山之町,无,已登场,淀屋常安,当家,首领,淀屋,clan_yodoya_1,大坂之町,无,未登场,淀屋常安,浪人,其他,无,石山之町,无,已登场,淀屋常安,当家,首领,淀屋,石山之町,无,已登场,淀屋常安,浪人,其他,无,会津之町,无,,"[{""stage"":"""",""tkid"":""781"",""ref"":""781"",""emotion"":0}]",,TAIKOU_bio_781,大阪的豪商。人稱与三郎。本姓岡本。從山城來到大阪成為木材商人，在他這一代即成為「凌駕百萬石大名」的大富豪。在土木工事方面的手腕，據說連築城名手‧豐臣秀吉也自嘆不如。另外，為首創以可靠消息來做期貨交易的第一人。
lord_tk5_782,782,782,,梁田藤左卫门,梁田藤左衛門,梁田,藤左卫门,Yanada Toozaemon,ou,1,1542,1556,1620,病死,,,,,,武将以外优先,51,51,普通,勇敢,现实,普通,普通,43,艺术品,普通,滴酒不沾,其他,枪,9,11,64,47,58,1,0,0,0,0,0,0,0,2,2,1,4,2,2,2,0,无,拔突，丢钱，贿赂，大宴宾客,风雅之士,一般条件,,,已登场,梁田藤左卫门,当家,首领,梁田屋,clan_yanada_1,会津之町,无,已登场,梁田藤左卫门,当家,首领,梁田屋,clan_yanada_1,会津之町,无,已登场,梁田藤左卫门,当家,首领,梁田屋,clan_yanada_1,会津之町,无,已登场,梁田藤左卫门,当家,首领,梁田屋,clan_yanada_1,会津之町,无,已登场,梁田藤左卫门,当家,首领,梁田屋,clan_yanada_1,会津之町,无,已登场,梁田藤左卫门,当家,首领,梁田屋,clan_yanada_1,会津之町,无,已登场,梁田藤左卫门,当家,首领,梁田屋,会津之町,无,已登场,梁田藤左卫门,当家,首领,梁田屋,会津之町,无,已登场,梁田藤左卫门,浪人,其他,无,小诸之町,无,,"[{""stage"":"""",""tkid"":""782"",""ref"":""782"",""emotion"":0}]",,TAIKOU_bio_782,會津的豪商。祖先世代為受蘆名家庇護的特權商人。被任命為會津地方的商人頭，他不僅獨占特產品市場的買賣，同時也活躍於他國商人的統合與承包徵稅等方面。在伊達政宗取代蘆名家入主會津後，其擁有的特權仍被認同，而保有了原先的地位。
lord_tk5_783,783,783,,依冈左京,依岡左京,依冈,左京,Yorika Sakyo,nankai,1,1542,1556,1586,战死,,,,,,全职种,80,80,普通,勇敢,普通,普通,普通,48,南蛮物,无欲,普通,其他,刀剑,52,67,32,33,57,2,1,1,1,1,0,0,0,1,0,1,0,1,1,0,0,无,强袭,无,无要求,,,未登场,依冈左京,侍大将,直臣,一条家,clan_ichijo_1,中村城,无,已登场,依冈左京,侍大将,直臣,一条家,clan_ichijo_1,中村城,无,已登场,依冈左京,侍大将,直臣,一条家,clan_ichijo_1,中村城,无,已登场,依冈左京,侍大将,直臣,长宗我部家,clan_chosokabe_2,冈丰城,无,已登场,依冈左京,侍大将,直臣,长宗我部家,clan_chosokabe_2,冈丰城,无,已死亡,依冈左京,无效,无效,无,,无效,无,未登场,依冈左京,侍大将,直臣,一条家,中村城,无,已登场,依冈左京,侍大将,直臣,长宗我部家,冈丰城,无,已登场,依冈左京,浪人,其他,无,冈崎之町,无,,"[{""stage"":"""",""tkid"":""783"",""ref"":""783"",""emotion"":0}]",,TAIKOU_bio_783,長宗我部家臣。伊與野城主。原侍奉一條家，後歸屬長宗我部家。在伊予國北川城進攻戰時極為活躍。曾任赴織田信長處的使者。在戶次川與島津氏交鋒時，戰死。
lord_tk5_784,784,784,,龙造寺家就,龍造寺家就,龙造寺,家就,Ryuzoji Chikaie,saikai,1,1526,1554,1582,病死,,,,,,只限武将,60,60,普通,勇敢,普通,普通,普通,55,南蛮物,普通,普通,藤原氏,刀剑,57,53,57,47,55,2,2,2,1,1,1,2,0,0,0,0,1,1,1,0,0,无,强袭,无,无要求,,,已登场,龙造寺家就,家老,直臣,龙造寺家,clan_ryuzoji_1,佐嘉城,无,已登场,龙造寺家就,家老,直臣,龙造寺家,clan_ryuzoji_1,佐嘉城,无,已登场,龙造寺家就,家老,直臣,龙造寺家,clan_ryuzoji_1,佐嘉城,无,已登场,龙造寺家就,家老,直臣,龙造寺家,clan_ryuzoji_1,佐嘉城,无,已登场,龙造寺家就,家老,直臣,龙造寺家,clan_ryuzoji_1,佐嘉城,无,已死亡,龙造寺家就,无效,无效,无,,无效,无,已登场,龙造寺家就,家老,直臣,龙造寺家,佐嘉城,无,已死亡,龙造寺家就,无效,无效,无,无效,无,已登场,龙造寺家就,上忍,直臣,甲贺众,甲贺之里,无,,"[{""stage"":"""",""tkid"":""784"",""ref"":""784"",""emotion"":0}]",,TAIKOU_bio_784,龍造寺家臣。胤久次子。初時臣屬水江家，龍造寺隆信統一了村中和水江兩家之後臣屬隆信。在討伐少貳家戰鬥中立過功，後赴肥後，迎擊北上的島津義久部，並將之擊退。
lord_tk5_785,785,785,,龙造寺隆信,龍造寺隆信,龙造寺,隆信,Ryuzoji Takanobu,saikai,1,1529,1554,1584,战死,龙造寺周家,,,,lord_tk5_786|lord_tk5_787|lord_tk5_788|lord_tk5_903,只限武将,60,60,普通,勇敢,理想,轻率,不重情义,81,南蛮物,贪心,普通,藤原氏,刀剑,82,81,59,46,72,3,4,2,1,2,3,2,0,2,0,1,1,1,1,1,1,无,强袭，连续斩，拔突，刚弓，刚力，铁壁,无,一般条件,龙造寺四天王 圆城寺信胤/江里口信常/百武贤兼/成松信胜,,已登场,龙造寺隆信,大名,首领,龙造寺家,clan_ryuzoji_1,佐嘉城,无,已登场,龙造寺隆信,大名,首领,龙造寺家,clan_ryuzoji_1,佐嘉城,无,已登场,龙造寺隆信,大名,首领,龙造寺家,clan_ryuzoji_1,佐嘉城,无,已登场,龙造寺隆信,大名,首领,龙造寺家,clan_ryuzoji_1,佐嘉城,无,已登场,龙造寺隆信,大名,首领,龙造寺家,clan_ryuzoji_1,佐嘉城,无,已死亡,龙造寺隆信,无效,无效,无,clan_nabeshima_1,无效,无,已登场,龙造寺隆信,大名,首领,龙造寺家,佐嘉城,无,已登场,龙造寺隆信,大名,首领,龙造寺家,佐嘉城,无,已登场,龙造寺隆信,下忍,直臣,钵屋众,钵屋之里,无,,"[{""stage"":"""",""tkid"":""785"",""ref"":""785"",""emotion"":0}]",,TAIKOU_bio_785,龍造寺家１９代領主。周家之子。雖曾出家，但還俗後繼承了家督。經過消滅少貳家和與大友家的激戰擴大了勢力，漸至領有九州西北部五州二島，人稱「肥前之熊」。沖田綴之戰大敗於島津軍，陣亡。
lord_tk5_786,786,786,,龙造寺长信,龍造寺長信,龙造寺,长信,Ryuzoji Naganobu,saikai,1,1544,1558,1603,病死,龙造寺周家,,,,lord_tk5_785|lord_tk5_787,只限武将,60,60,普通,勇敢,普通,轻率,重视情义,31,艺术品,无欲,普通,藤原氏,刀剑,61,50,60,53,49,2,1,1,0,1,1,1,0,0,1,1,0,0,0,0,0,无,强袭,无,无要求,,,未登场,龙造寺长信,部将,直臣,龙造寺家,clan_ryuzoji_1,佐嘉城,无,已登场,龙造寺长信,部将,直臣,龙造寺家,clan_ryuzoji_1,佐嘉城,无,已登场,龙造寺长信,部将,直臣,龙造寺家,clan_ryuzoji_1,佐嘉城,无,已登场,龙造寺长信,部将,直臣,龙造寺家,clan_ryuzoji_1,佐嘉城,无,已登场,龙造寺长信,部将,直臣,龙造寺家,clan_ryuzoji_1,佐嘉城,无,已登场,龙造寺长信,家老,直臣,锅岛家,clan_nabeshima_1,佐贺城,无,未登场,龙造寺长信,部将,直臣,龙造寺家,佐嘉城,无,已登场,龙造寺长信,部将,直臣,龙造寺家,佐嘉城,无,已登场,龙造寺长信,上忍,直臣,甲贺众,甲贺之里,无,,"[{""stage"":"""",""tkid"":""786"",""ref"":""786"",""emotion"":0}]",,TAIKOU_bio_786,龍造寺家臣。周家三子。隆信之同母兄弟。多久家之祖。任肥前尾峰城主，防犯西肥前的有馬家和松浦家。幫助兄長隆信，為確立在肥前的勢力做出了貢獻。隆信陣亡後，繼續輔佐其子政家。
lord_tk5_787,787,787,,龙造寺信周,龍造寺信周,龙造寺,信周,Ryuzoji Nobukane,saikai,1,1532,1554,1608,病死,龙造寺周家,,,,lord_tk5_785|lord_tk5_786,只限武将,60,60,普通,普通,普通,轻率,普通,67,书籍,普通,普通,藤原氏,刀剑,62,55,61,56,50,1,2,2,0,1,1,3,0,1,0,0,1,1,2,0,0,无,强袭,无,无要求,,,已登场,龙造寺信周,部将,直臣,龙造寺家,clan_ryuzoji_1,佐嘉城,无,已登场,龙造寺信周,部将,直臣,龙造寺家,clan_ryuzoji_1,佐嘉城,无,已登场,龙造寺信周,部将,直臣,龙造寺家,clan_ryuzoji_1,佐嘉城,无,已登场,龙造寺信周,部将,直臣,龙造寺家,clan_ryuzoji_1,佐嘉城,无,已登场,龙造寺信周,部将,直臣,龙造寺家,clan_ryuzoji_1,佐嘉城,无,已登场,龙造寺信周,家老,直臣,锅岛家,clan_nabeshima_1,佐贺城,无,已登场,龙造寺信周,部将,直臣,龙造寺家,佐嘉城,无,已登场,龙造寺信周,部将,直臣,龙造寺家,佐嘉城,无,已登场,龙造寺信周,上忍,直臣,甲贺众,甲贺之里,无,,"[{""stage"":"""",""tkid"":""787"",""ref"":""787"",""emotion"":0}]",,TAIKOU_bio_787,龍造寺家臣。周家次子，隆信之弟。須古鍋島家之祖。跟從兄長隆信出兵築前，大友家衰退後繼續出兵豐前地區。後迫使豐前諸將服從並主理政務，為擴大龍造家的勢力做出了貢獻。
lord_tk5_788,788,788,,龙造寺政家,龍造寺政家,龙造寺,政家,Ryuzoji Masaie,saikai,1,1566,1580,1607,病死,lord_tk5_785,,,,lord_tk5_785|lord_tk5_903,只限武将,60,60,温和,胆小,普通,轻率,重视情义,28,南蛮物,普通,普通,藤原氏,刀剑,61,45,38,58,35,2,1,1,0,0,0,2,0,0,1,1,0,0,1,0,0,无,强袭,无,一般条件,,,未登场,龙造寺政家,部将,陪臣（龙造寺隆信）,龙造寺家,clan_ryuzoji_1,佐嘉城,无,未登场,龙造寺政家,家老,直臣,龙造寺家,clan_ryuzoji_1,佐嘉城,无,未登场,龙造寺政家,家老,直臣,龙造寺家,clan_ryuzoji_1,佐嘉城,无,未登场,龙造寺政家,家老,直臣,龙造寺家,clan_ryuzoji_1,佐嘉城,无,已登场,龙造寺政家,家老,直臣,龙造寺家,clan_ryuzoji_1,佐嘉城,无,已死亡,龙造寺政家,无效,无效,无,,无效,无,未登场,龙造寺政家,家老,直臣,龙造寺家,佐嘉城,无,已登场,龙造寺政家,家老,直臣,龙造寺家,佐嘉城,无,已登场,龙造寺政家,头目,首领,甲贺众,甲贺之里,无,,"[{""stage"":"""",""tkid"":""788"",""ref"":""788"",""emotion"":0}]",,TAIKOU_bio_788,龍造寺家２０代領主。隆信嫡子。在父親的監護下繼承了家督之位。父亡後得鍋島直茂之佐助執掌國政。豐臣秀吉征伐九州時充任前鋒，獲封領地。後因病隱居，將國事委任給鍋島直茂。
lord_tk5_789,789,789,,留守政景,,留守,政景,Rusu Masakage,ou,1,1549,1563,1607,病死,lord_tk5_465,,,lord_tk5_463,lord_tk5_71|lord_tk5_461|lord_tk5_462|lord_tk5_463|lord_tk5_464|lord_tk5_465|lord_tk5_466|lord_tk5_799|lord_tk5_929,只限武将,60,60,普通,勇敢,理想,普通,重视情义,40,武具,普通,嗜酒如命,源氏,刀剑,64,49,60,57,57,2,3,1,0,1,1,2,0,0,0,0,0,0,1,1,0,无,强袭,无,无要求,,,未登场,留守政景,部将,陪臣（伊达晴宗）,伊达家,clan_date_1,米泽城,无,已登场,留守政景,部将,直臣,伊达家,clan_date_1,米泽城,无,已登场,留守政景,部将,直臣,伊达家,clan_date_2,米泽城,无,已登场,留守政景,部将,直臣,伊达家,clan_date_2,米泽城,无,已登场,留守政景,部将,直臣,伊达家,clan_date_2,米泽城,无,已登场,留守政景,家老,直臣,伊达家,clan_date_2,仙台城,无,未登场,留守政景,部将,直臣,伊达家,米泽城,无,已登场,留守政景,家老,直臣,伊达家,米泽城,无,已登场,留守政景,浪人,其他,无,小仓之町,无,,"[{""stage"":"""",""tkid"":""789"",""ref"":""789"",""emotion"":0}]",,TAIKOU_bio_789,伊達家臣。伊達晴宗的三子，輝宗之弟。１９歲時娶留守顯宗之女，而繼承家督之位。跟隨兄輝宗、外甥政宗，在政宗年輕時任指南役。在與相馬家、最上家交戰時，常常作為伊達軍團的中樞而極為活躍。
lord_tk5_790,790,790,,六角承祯,六角承禎|六角义贤|六角義賢,六角,承祯,Rokkaku Shou,kinai,1,1521,1554,1598,病死,lord_tk5_817,,,,lord_tk5_791|lord_tk5_817,只限武将,34,34,普通,胆小,理想,慎重,不重情义,67,南蛮物,普通,普通,源氏,弓,62,64,40,38,52,0,4,0,0,4,3,0,1,0,0,0,0,2,0,1,0,弓箭乱射，加护,强袭，连续斩，拔突，刚弓，神弓，天弓，刚力，铁壁，心眼,弓术名人,一般条件,,,已登场,六角义贤,大名,首领,六角家,clan_rokkaku_1,观音寺城,无,已登场,六角承祯,大名,首领,六角家,clan_rokkaku_1,观音寺城,无,已登场,六角承祯,浪人,其他,无,clan_takeda_1,目加田之町,无,已登场,六角承祯,浪人,其他,无,,奈良之町,无,已登场,六角承祯,浪人,其他,无,,奈良之町,无,已死亡,六角承祯,无效,无效,无,clan_kinoshita_1,无效,无,已登场,六角义贤,家老,直臣,六角家,观音寺城,无,已登场,六角承祯,浪人,其他,无,奈良之町,无,已登场,六角承祯,家老,直臣,六角家,大坂城,无,,"[{""stage"":"""",""tkid"":""790"",""ref"":""790"",""emotion"":0}]",,TAIKOU_bio_790,六角家第１３代當主。定賴之子。名為義賢。南近江半國的守護。幫助足利義晴及義輝對抗三好長慶。後來因為家中內亂及淺井家的侵略而漸漸失勢。雖然曾經抵抗織田信長的上洛軍，仍然不敵並失去領地。其後策劃打倒信長之計，卻在不久後病歿。
lord_tk5_791,791,791,,六角义治,六角義治,六角,义治,Rokkaku Yoshiharu,kinai,1,1545,1560,1612,病死,lord_tk5_790,,,lord_tk5_817,lord_tk5_790|lord_tk5_817,只限武将,34,34,普通,胆小,理想,慎重,不重情义,65,艺术品,普通,普通,源氏,弓,46,75,27,18,51,0,0,0,0,4,3,0,1,0,0,0,0,0,2,2,0,无,强袭，连续斩，拔突，刚弓，神弓，天弓，刚力，铁壁，心眼,弓术名人,一般条件,,,未登场,六角义治,部将,陪臣（六角义贤）,六角家,clan_rokkaku_1,观音寺城,无,已登场,六角义治,家老,直臣,六角家,clan_rokkaku_1,观音寺城,无,已登场,六角义治,侍大将,直臣,武田家,clan_takeda_1,踯躅崎馆,无,已登场,六角义治,浪人,其他,无,,奈良之町,无,已登场,六角义治,浪人,其他,无,,奈良之町,无,已登场,六角义治,侍大将,直臣,丰臣家,clan_kinoshita_1,大坂城,无,未登场,六角义治,侍大将,陪臣（六角义贤）,六角家,观音寺城,无,已登场,六角义治,浪人,其他,无,尾道之町,无,已登场,六角义治,大名,首领,六角家,大坂城,无,,"[{""stage"":"""",""tkid"":""791"",""ref"":""791"",""emotion"":0}]",,TAIKOU_bio_791,六角家第１４代當主。承禎之子。又名義弼。雖然繼承了家督之位。但實權仍為父親掌握。更加之謀殺家老代表後藤賢豐，失去了家臣團的信賴。敗於織田信長進攻京都的部隊之後，流浪各國。後來成為豐臣秀吉的御伽眾，並任秀賴的弓術指導。
lord_tk5_792,792,792,,若林镇兴,若林鎮興,若林,镇兴,Wakabayashi Shigeoki,saikai,1,1547,1560,1593,病死,,,,,,全职种,80,80,普通,普通,理想,轻率,重视情义,45,南蛮物,贪心,嗜酒如命,其他,刀剑,72,56,18,39,60,2,0,2,4,2,2,1,0,2,0,0,0,0,1,0,0,齐射，水上禁行,强袭，拔突，刚弓，铁壁,无,无要求,,,已登场,若林镇兴,头领,首领,丰后水军,clan_wakabayashi_1,一尺屋之砦,无,已登场,若林镇兴,头领,首领,丰后水军,clan_wakabayashi_1,一尺屋之砦,无,已登场,若林镇兴,头领,首领,丰后水军,clan_wakabayashi_1,一尺屋之砦,无,已登场,若林镇兴,头领,首领,丰后水军,clan_wakabayashi_1,一尺屋之砦,无,已登场,若林镇兴,头领,首领,丰后水军,clan_wakabayashi_1,一尺屋之砦,无,已死亡,若林镇兴,无效,无效,无,,无效,无,未登场,若林镇兴,船头,直臣,丰后水军,一尺屋之砦,无,已登场,若林镇兴,头领,首领,丰后水军,一尺屋之砦,无,已登场,若林镇兴,浪人,其他,无,鹿屋之町,无,,"[{""stage"":"""",""tkid"":""792"",""ref"":""792"",""emotion"":0}]",,TAIKOU_bio_792,大友水軍的將領。遵從宗麟的命令，負責守衛欲回到周防的大友輝弘並大破毛利水軍。此後，也在與毛利水軍及島津水軍之役立下戰功。後來主家雖因耳川合戰敗北而衰弱，亦持續不斷竭盡忠義。在朝鮮出兵時，也率領水軍出兵參戰。
lord_tk5_793,793,793,,胁坂安治,脅阪安治|脅坂安治,胁坂,安治,Kyouzaka Yasuharu,nankai,1,1554,1568,1626,病死,,,,,,全职种,2,2,普通,普通,普通,轻率,不重情义,55,武具,普通,普通,藤原氏,枪,56,78,40,41,61,2,2,0,1,1,3,1,0,0,1,1,0,0,0,1,0,无,强袭，连续斩，拔突，粘花，卷枪，引落，柄返，刚力，铁壁,枪术能手,一般条件,,,未登场,胁坂安治,足轻组头,直臣,浅井家,clan_azai_1,小谷城,无,未登场,胁坂安治,足轻组头,直臣,浅井家,clan_azai_2,小谷城,无,已登场,胁坂安治,足轻组头,直臣,浅井家,clan_azai_2,小谷城,无,已登场,胁坂安治,足轻组头,陪臣（羽柴秀吉）,织田家,clan_kinoshita_1,长滨城,无,已登场,胁坂安治,足轻组头,陪臣（羽柴秀吉）,织田家,clan_kinoshita_1,姬路城,无,已登场,胁坂安治,大名,首领,胁坂家,clan_kyouzaka_1,洲本城,无,未登场,胁坂安治,足轻组头,直臣,浅井家,小谷城,无,已登场,胁坂安治,足轻组头,直臣,羽柴家,石山本愿寺,无,已登场,胁坂安治,浪人,其他,无,直江津之町,无,,"[{""stage"":"""",""tkid"":""793"",""ref"":""793"",""emotion"":0}]",,TAIKOU_bio_793,豐臣家臣。擔任秀吉的侍童。賤岳七本槍之一。秀吉征討中國時，殺死「丹波之赤鬼」赤井直正立下功勞。關原之戰本屬西軍卻投降東軍，而獲得領地。
lord_tk5_794,794,794,,分部光嘉,,分部,光嘉,Bunbu Mitsuyoshi,tokai,1,1552,1566,1601,病死,,,,,,全职种,98,98,普通,胆小,普通,慎重,普通,59,南蛮物,贪心,普通,藤原氏,刀剑,45,38,36,48,46,0,0,0,0,0,0,1,1,0,1,1,1,1,1,1,1,无,强袭,无,无要求,,,未登场,分部光嘉,足轻组头,直臣,北畠家,clan_kitabatake_1,大河内城,无,未登场,分部光嘉,足轻组头,直臣,北畠家,clan_kitabatake_2,大河内城,无,已登场,分部光嘉,足轻组头,陪臣（泷川一益）,织田家,clan_takigawa_1,安浓津城,无,已登场,分部光嘉,足轻组头,陪臣（织田信雄）,织田家,clan_oda_2,大河内城,无,已登场,分部光嘉,足轻组头,陪臣（织田信雄）,织田家,clan_oda_2,安浓津城,无,已登场,分部光嘉,城主,直臣,德川家,clan_tokugawa_1,安浓津城,无,未登场,分部光嘉,足轻组头,陪臣（神户具盛）,北畠家,安浓津城,无,已登场,分部光嘉,城主,直臣,羽柴家,伊贺上野城,无,已登场,分部光嘉,浪人,其他,无,金泽之町,无,,"[{""stage"":"""",""tkid"":""794"",""ref"":""794"",""emotion"":0}]",,TAIKOU_bio_794,長野工藤家臣。細野藤光次子。以分部家義子的身份繼承家督。織田信長進攻伊勢時，壓制了其兄細野藤敦的抗戰論，主張恭順，從屬繼承了長野家的織田信包。後來侍奉豐臣秀吉，入太閤赤母衣幫。
lord_tk5_795,795,795,,和田昭为,和田昭為|和田昭爲,和田,昭为,Wada Akira,kanto,1,1533,1554,1602,病死,,,,,,全职种,20,20,温和,胆小,普通,慎重,普通,51,书籍,普通,普通,平氏,刀剑,40,41,77,64,65,0,0,0,0,0,0,0,0,2,2,2,1,2,2,1,2,无,强袭,无,无要求,,,已登场,和田昭为,部将,直臣,佐竹家,clan_satake_1,太田城,无,已登场,和田昭为,部将,直臣,佐竹家,clan_satake_1,太田城,无,已登场,和田昭为,部将,直臣,佐竹家,clan_satake_2,太田城,无,已登场,和田昭为,部将,直臣,佐竹家,clan_satake_2,太田城,无,已登场,和田昭为,部将,直臣,佐竹家,clan_satake_2,太田城,无,已登场,和田昭为,家老,直臣,佐竹家,clan_satake_2,水户城,无,已登场,和田昭为,部将,直臣,佐竹家,太田城,无,已登场,和田昭为,部将,直臣,佐竹家,水户城,无,已登场,和田昭为,浪人,其他,无,江户之町,无,,"[{""stage"":"""",""tkid"":""795"",""ref"":""795"",""emotion"":0}]",,TAIKOU_bio_795,佐竹家臣。作為重臣，侍奉義昭、義重、義宣三代。一時背著主家歸屬白河結城家。由於在攻打白河城之戰中貢獻巨大，又回歸舊主，作為親信在內政和外交等各方面發揮了才能。
lord_tk5_796,796,796,,和田惟政,,和田,惟政,Wada Koremasa,kinai,1,1532,1554,1571,战死,,,,,,只限武将,35,35,温和,普通,理想,普通,重视情义,38,南蛮物,无欲,滴酒不沾,源氏,刀剑,60,59,62,71,63,2,1,2,1,1,1,2,3,2,1,1,1,2,2,1,1,破技之术，幻惑之术,强袭，二连苦无，半月,无,无要求,,,已登场,和田惟政,侍大将,直臣,足利家,clan_ashikaga_1,朽木谷城,无,已登场,和田惟政,侍大将,直臣,足利家,clan_ashikaga_1,二条城,无,已登场,和田惟政,城主,直臣,织田家,clan_wada_1,高槻城,无,已死亡,和田惟政,无效,无效,无,,无效,无,已死亡,和田惟政,无效,无效,无,,无效,无,已死亡,和田惟政,无效,无效,无,,无效,无,已登场,和田惟政,足轻大将,直臣,足利家,朽木谷城,无,已死亡,和田惟政,无效,无效,无,无效,无,已登场,和田惟政,浪人,其他,无,鸣门之町,无,,"[{""stage"":"""",""tkid"":""796"",""ref"":""796"",""emotion"":0}]",,TAIKOU_bio_796,足利家臣。將軍義輝慘死後，成為義輝之弟義昭的家臣，並從暗中支持他就任將軍。奉織田信長之命為平定大和做出了努力。保護基督教並將宣教師路易斯‧佛洛伊斯介紹給了信長。
lord_tk5_797,797,797,,渡边勘兵卫,渡邊勘兵衛,渡边,勘兵卫,Watanabe Kanbei,kinai,1,1562,1576,1640,病死,,,,,,全职种,15,15,普通,勇敢,普通,轻率,不重情义,40,武具,普通,普通,其他,枪,51,81,11,34,57,2,0,0,0,2,3,1,0,0,0,0,0,0,0,1,0,无,强袭，连续斩，拔突，粘花，刚弓，卷枪，引落，柄返，刚力，铁壁,枪术名人,无要求,,,未登场,渡边勘兵卫,浪人,其他,无,,今滨之町,无,未登场,渡边勘兵卫,浪人,其他,无,,今滨之町,无,未登场,渡边勘兵卫,浪人,其他,无,,今滨之町,无,未登场,渡边勘兵卫,浪人,其他,无,,长滨之町,无,已登场,渡边勘兵卫,浪人,其他,无,,姬路之町,无,已登场,渡边勘兵卫,部将,陪臣（增田长盛）,丰臣家,clan_masuda_1,大和郡山城,无,未登场,渡边勘兵卫,浪人,其他,无,今滨之町,无,已登场,渡边勘兵卫,足轻组头,陪臣（中村一氏）,羽柴家,岸和田城,无,已登场,渡边勘兵卫,浪人,其他,无,敦贺之町,无,,"[{""stage"":"""",""tkid"":""797"",""ref"":""797"",""emotion"":0}]",,TAIKOU_bio_797,豐臣家臣。綽號了。近江阿閉家滅亡後，先後侍奉豐臣、中村、增田和藤堂四家。勇將，有「長槍勘兵衛」之美名。豐臣秀吉進攻小田原時，第一個登上山中城，受到了秀吉的稱讚。大阪一役之後成為浪人。
lord_tk5_798,798,798,,渡边守纲,渡邊守綱,渡边,守纲,Watanabe Moritsuna,kanto,1,1542,1556,1620,病死,,,,,,只限武将,90,90,普通,勇敢,普通,慎重,重视情义,40,南蛮物,普通,普通,源氏,枪,64,73,18,44,52,2,3,1,1,1,3,1,0,1,0,0,0,0,0,0,0,无,强袭，连续斩，拔突，粘花，卷枪，引落，柄返，刚力，铁壁,枪术名人,无要求,,,未登场,渡边守纲,足轻组头,陪臣（松平元康）,今川家,clan_tokugawa_1,骏府城,无,已登场,渡边守纲,足轻组头,陪臣（松平元康）,今川家,clan_tokugawa_1,冈崎城,无,已登场,渡边守纲,足轻大将,直臣,德川家,clan_tokugawa_1,冈崎城,无,已登场,渡边守纲,足轻组头,直臣,德川家,clan_tokugawa_1,滨松城,无,已登场,渡边守纲,足轻大将,直臣,德川家,clan_tokugawa_1,滨松城,无,已登场,渡边守纲,部将,直臣,德川家,clan_tokugawa_1,江户城,无,未登场,渡边守纲,足轻大将,陪臣（松平竹千代）,松平家,冈崎城,无,已登场,渡边守纲,足轻大将,直臣,德川家,滨松城,无,已登场,渡边守纲,浪人,其他,无,金泽之町,无,,"[{""stage"":"""",""tkid"":""798"",""ref"":""798"",""emotion"":0}]",,TAIKOU_bio_798,德川家臣。轉戰各地，屢建戰功，得「善槍半藏」綽號。長久手之戰、關原之戰時做為禁衛軍參戰。晚年任尾張德川家家老，輔佐家康九子義直。
lord_tk5_799,799,799,,亘理元宗,亙理元宗,亘理,元宗,Watari Motomune,ou,1,1530,1554,1594,病死,lord_tk5_463,,,,lord_tk5_71|lord_tk5_461|lord_tk5_462|lord_tk5_463|lord_tk5_464|lord_tk5_465|lord_tk5_789,只限武将,62,62,普通,勇敢,普通,普通,普通,40,艺术品,普通,普通,平氏,刀剑,60,41,36,60,42,2,2,2,0,1,1,3,0,0,0,0,0,2,2,0,0,无,强袭,无,无要求,,,已登场,亘理元宗,部将,直臣,伊达家,clan_date_1,米泽城,无,已登场,亘理元宗,部将,直臣,伊达家,clan_date_1,米泽城,无,已登场,亘理元宗,部将,直臣,伊达家,clan_date_2,米泽城,无,已登场,亘理元宗,部将,直臣,伊达家,clan_date_2,米泽城,无,已登场,亘理元宗,部将,直臣,伊达家,clan_date_2,米泽城,无,已死亡,亘理元宗,无效,无效,无,clan_date_2,无效,无,已登场,亘理元宗,部将,直臣,伊达家,米泽城,无,已登场,亘理元宗,部将,直臣,伊达家,米泽城,无,已登场,亘理元宗,浪人,其他,无,尾道之町,无,,"[{""stage"":"""",""tkid"":""799"",""ref"":""799"",""emotion"":0}]",,TAIKOU_bio_799,伊達家臣。稙宗的１２子，晴宗之弟。後成為亙理宗隆的義子，當上了亙理郡亙理城城主。侍奉伊達輝宗、政宗，多次參戰。特別是因領地進而與相馬盛胤交戰時多次出戰，屢立戰功。
lord_tk5_800,1013,800,,上杉宪政,上杉憲政,上杉,宪政,Uesugi Norimasa,hokuriku,1,1515,1549,1579,战死,,,,,,没那个意思,18,18,温和,胆小,理想,普通,普通,86,艺术品,贪心,滴酒不沾,藤原氏,刀剑,30,21,30,29,84,0,1,0,0,1,0,1,0,1,1,0,0,3,2,2,2,无,强袭，丢钱，辱骂,无,一般条件,,,已登场,上杉宪政,浪人,其他,无,,直江津之町,无,已登场,上杉宪政,浪人,其他,无,,直江津之町,无,已登场,上杉宪政,浪人,其他,无,,直江津之町,无,已登场,上杉宪政,浪人,其他,无,,直江津之町,无,已死亡,上杉宪政,无效,无效,无,,无效,无,已死亡,上杉宪政,无效,无效,无,,无效,无,已登场,上杉宪政,大名,首领,上杉家,厩桥城,无,已死亡,上杉宪政,无效,无效,无,无效,无,已登场,上杉宪政,家老,直臣,上泉家,内城,无,,"[{""stage"":"""",""tkid"":""800"",""ref"":""800"",""emotion"":0}]",,,
lord_tk5_801,,801,,武田信虎,,武田,信虎,Takeda Nobutora,kinai,1,1494,1549,1574,病死,,,,,lord_tk5_87|lord_tk5_447|lord_tk5_448|lord_tk5_449|lord_tk5_450|lord_tk5_451|lord_tk5_560,没那个意思,21,21,性急,勇敢,理想,轻率,不重情义,81,武具,普通,普通,源氏,枪,80,74,54,56,32,3,3,0,0,2,2,2,1,0,1,2,0,0,1,0,0,强行突破,强袭，拔突，刚弓，刚力，铁壁，辱骂,无,一般条件,,,已登场,武田信虎,浪人,其他,无,clan_takeda_1,骏府之町,无,已登场,武田信虎,浪人,其他,无,clan_takeda_1,骏府之町,无,已登场,武田信虎,浪人,其他,无,clan_takeda_1,京之町,无,已死亡,武田信虎,无效,无效,无,clan_takeda_2,无效,无,已死亡,武田信虎,无效,无效,无,clan_takeda_2,无效,无,已死亡,武田信虎,无效,无效,无,,无效,无,已登场,武田信虎,浪人,其他,无,骏府之町,无,已死亡,武田信虎,无效,无效,无,无效,无,已登场,武田信虎,中忍,直臣,伊贺众,伊贺之里,无,,"[{""stage"":"""",""tkid"":""801"",""ref"":""801"",""emotion"":0}]",,,
lord_tk5_802,,802,,大内义隆,大内義隆|大內義隆,大内,义隆,Ouchi Yoshitaka,ronin,1,1507,1549,1551,战死,,,,,,没那个意思,20,20,普通,胆小,理想,普通,普通,37,艺术品,普通,普通,其他,刀剑,60,29,77,59,38,2,0,1,2,1,0,1,0,3,0,0,1,4,1,3,1,无,强袭,无,不可,,主角陶晴贤，大宁寺之变,已死亡,大内义隆,无效,无效,无,,无效,无,已死亡,大内义隆,无效,无效,无,,无效,无,已死亡,大内义隆,无效,无效,无,,无效,无,已死亡,大内义隆,无效,无效,无,,无效,无,已死亡,大内义隆,无效,无效,无,,无效,无,已死亡,大内义隆,无效,无效,无,,无效,无,已登场,大内义隆,大名,首领,大内家,山口城,无,已死亡,大内义隆,无效,无效,无,无效,无,已登场,大内义隆,部将,直臣,大久保家,佐贺城,无,,"[{""stage"":"""",""tkid"":""802"",""ref"":""802"",""emotion"":0}]",,,
lord_tk5_803,,803,,织田信秀,織田信秀,织田,信秀,Oda Nobuhide,kinai,1,1510,1549,1551,病死,织田信定,,,,lord_tk5_189|lord_tk5_190|lord_tk5_191|lord_tk5_192|lord_tk5_193|lord_tk5_194|lord_tk5_195|lord_tk5_490|lord_tk5_837,没那个意思,0,3,性急,勇敢,理想,轻率,不重情义,87,武具,贪心,普通,平氏,枪,84,79,54,49,55,3,2,2,1,2,2,2,0,2,0,0,2,2,0,0,0,齐攻,强袭，拔突，刚弓，铁壁,无,一般条件,,,已死亡,织田信秀,无效,无效,无,clan_oda_1,无效,无,已死亡,织田信秀,无效,无效,无,clan_oda_1,无效,无,已死亡,织田信秀,无效,无效,无,clan_oda_1,无效,无,已死亡,织田信秀,无效,无效,无,clan_oda_1,无效,无,已死亡,织田信秀,无效,无效,无,clan_oda_1,无效,无,已死亡,织田信秀,无效,无效,无,clan_kinoshita_1,无效,无,已登场,织田信秀,大名,首领,织田家,那古野城,无,已死亡,织田信秀,无效,无效,无,无效,无,已登场,织田信秀,浪人,其他,无,小仓之町,无,,"[{""stage"":"""",""tkid"":""803"",""ref"":""803"",""emotion"":0}]",,,
lord_tk5_804,,804,,松平广忠,松平広忠|松平廣忠,松平,广忠,Matsudaira Hirotada,kanto,1,1526,1549,1549,战死,,,,,lord_tk5_506|lord_tk5_507|lord_tk5_508|lord_tk5_677|lord_tk5_764,没那个意思,60,60,性急,胆小,现实,普通,重视情义,38,书籍,无欲,滴酒不沾,源氏,枪,37,29,38,61,42,1,1,0,0,1,0,1,0,1,0,1,1,1,2,0,0,三河武者,拔突，粘花,无,一般条件,,,已死亡,松平广忠,无效,无效,无,clan_tokugawa_1,无效,无,已死亡,松平广忠,无效,无效,无,clan_tokugawa_1,无效,无,已死亡,松平广忠,无效,无效,无,clan_tokugawa_1,无效,无,已死亡,松平广忠,无效,无效,无,clan_tokugawa_1,无效,无,已死亡,松平广忠,无效,无效,无,clan_tokugawa_1,无效,无,已死亡,松平广忠,无效,无效,无,clan_tokugawa_1,无效,无,已登场,松平广忠,大名,首领,松平家,冈崎城,无,已死亡,松平广忠,无效,无效,无,无效,无,已登场,松平广忠,伙计,直臣,饭屋,京之町,无,,"[{""stage"":"""",""tkid"":""804"",""ref"":""804"",""emotion"":0}]",,,
lord_tk5_805,,805,,平手政秀,,平手,政秀,Hirate Masahide,kinai,1,1492,1549,1553,战死,,,,,lord_tk5_611,只限武将,85,60,温和,普通,普通,慎重,重视情义,23,书籍,无欲,普通,源氏,刀剑,43,41,75,70,68,1,1,0,0,1,1,1,1,1,1,0,1,2,2,0,1,无,强袭，辱骂，大喝,无,一般条件,,,已死亡,平手政秀,无效,无效,无,clan_oda_1,无效,无,已死亡,平手政秀,无效,无效,无,clan_oda_1,无效,无,已死亡,平手政秀,无效,无效,无,clan_oda_1,无效,无,已死亡,平手政秀,无效,无效,无,,无效,无,已死亡,平手政秀,无效,无效,无,,无效,无,已死亡,平手政秀,无效,无效,无,,无效,无,已登场,平手政秀,部将,直臣,织田家,那古野城,无,已死亡,平手政秀,无效,无效,无,无效,无,已登场,平手政秀,浪人,其他,无,赤间关之町,无,,"[{""stage"":"""",""tkid"":""805"",""ref"":""805"",""emotion"":0}]",,,
lord_tk5_806,,806,,九鬼净隆,九鬼淨隆,九鬼,净隆,Kuki Kiyotaka,tokai,1,1528,1549,1560,战死,九鬼定隆,,,,lord_tk5_277|lord_tk5_278|lord_tk5_279,全职种,0,0,普通,勇敢,理想,轻率,普通,75,南蛮物,普通,普通,藤原氏,枪,64,69,23,39,74,2,0,1,3,2,2,2,3,2,0,0,1,0,0,0,0,水上拖延，水上禁行,强袭，拔突，二连苦无，半月，刚弓，铁壁，骤雨,无,无要求,,,已登场,九鬼净隆,头领,首领,熊野水军,clan_kuki_1,鸟羽之砦,无,已死亡,九鬼净隆,无效,无效,无,clan_kuki_2,无效,无,已死亡,九鬼净隆,无效,无效,无,clan_kuki_2,无效,无,已死亡,九鬼净隆,无效,无效,无,clan_kuki_2,无效,无,已死亡,九鬼净隆,无效,无效,无,clan_kuki_2,无效,无,已死亡,九鬼净隆,无效,无效,无,clan_kuki_2,无效,无,已登场,九鬼净隆,头领,首领,熊野水军,鸟羽之砦,无,已死亡,九鬼净隆,无效,无效,无,无效,无,已登场,九鬼净隆,下忍,直臣,户隐众,户隐之里,无,,"[{""stage"":"""",""tkid"":""806"",""ref"":""806"",""emotion"":0}]",,,
lord_tk5_807,,807,,畠山秋高,,畠山,秋高,Hatakeyama Akitaka,kinai,1,1537,1549,1573,战死,畠山政国,,,,lord_tk5_578,没那个意思,35,35,温和,胆小,现实,轻率,普通,31,艺术品,普通,滴酒不沾,源氏,刀剑,28,19,26,22,38,0,0,0,0,1,0,0,0,1,0,1,0,2,0,2,0,无,强袭,无,无要求,,,已登场,畠山秋高,家老,直臣,畠山家,clan_hatakeyama_1,高屋城,无,已登场,畠山秋高,家老,直臣,畠山家,clan_hatakeyama_1,高屋城,无,已登场,畠山秋高,部将,陪臣（畠山高政）,织田家,clan_hatakeyama_1,高屋城,无,已死亡,畠山秋高,无效,无效,无,,无效,无,已死亡,畠山秋高,无效,无效,无,,无效,无,已死亡,畠山秋高,无效,无效,无,,无效,无,已登场,畠山秋高,家老,直臣,畠山家,高屋城,无,已死亡,畠山秋高,无效,无效,无,无效,无,已登场,畠山秋高,足轻大将,直臣,山中家,江户城,无,,"[{""stage"":"""",""tkid"":""807"",""ref"":""807"",""emotion"":0}]",,,
lord_tk5_808,,808,,赤松晴政,,赤松,晴政,Akamatsu Harumasa,sanyo,1,1513,1549,1556,病死,,,,,lord_tk5_8,只限武将,58,58,普通,普通,现实,普通,普通,56,书籍,无欲,普通,源氏,刀剑,35,40,19,48,27,2,1,1,0,0,1,1,0,0,0,0,1,1,1,0,0,无,强袭,无,一般条件,,,已登场,赤松晴政,大名,首领,赤松家,clan_akamatsu_1,置盐城,无,已死亡,赤松晴政,无效,无效,无,clan_akamatsu_1,无效,无,已死亡,赤松晴政,无效,无效,无,clan_akamatsu_1,无效,无,已死亡,赤松晴政,无效,无效,无,clan_akamatsu_1,无效,无,已死亡,赤松晴政,无效,无效,无,,无效,无,已死亡,赤松晴政,无效,无效,无,,无效,无,已登场,赤松晴政,大名,首领,赤松家,置盐城,无,已死亡,赤松晴政,无效,无效,无,无效,无,已登场,赤松晴政,家老,直臣,赤穴家,中村城,无,,"[{""stage"":"""",""tkid"":""808"",""ref"":""808"",""emotion"":0}]",,,
lord_tk5_809,,809,,少贰冬尚,少貳冬尚,少贰,冬尚,Shouni Fuyuhisa,saikai,1,1527,1549,1559,战死,,,,,,只限武将,12,12,性急,普通,理想,普通,不重情义,78,艺术品,普通,普通,藤原氏,枪,32,48,46,32,46,1,2,1,2,0,1,1,1,0,0,0,1,0,1,0,0,无,拔突，铁壁，伤药,无,一般条件,,,已登场,少贰冬尚,大名,首领,少贰家,clan_shouni_1,久留米城,无,已死亡,少贰冬尚,无效,无效,无,,无效,无,已死亡,少贰冬尚,无效,无效,无,,无效,无,已死亡,少贰冬尚,无效,无效,无,,无效,无,已死亡,少贰冬尚,无效,无效,无,,无效,无,已死亡,少贰冬尚,无效,无效,无,,无效,无,已登场,少贰冬尚,大名,首领,少贰家,岩屋城,无,已死亡,少贰冬尚,无效,无效,无,无效,无,已登场,少贰冬尚,侍大将,直臣,二阶堂家,金泽城,无,,"[{""stage"":"""",""tkid"":""809"",""ref"":""809"",""emotion"":0}]",,,
lord_tk5_810,,810,,有马义贞,有馬義貞,有马,义贞,Arima Yoshisada,saikai,1,1521,1549,1576,病死,lord_tk5_822,,,,lord_tk5_53|lord_tk5_172|lord_tk5_822,只限武将,19,25,普通,普通,普通,普通,普通,38,南蛮物,普通,嗜酒如命,藤原氏,刀剑,29,31,37,20,32,0,1,0,0,0,1,0,1,1,0,1,0,1,0,1,0,加护,强袭，连续斩,无,一般条件,,,已登场,有马义贞,家老,直臣,有马家,clan_arima_1,日野江城,无,已登场,有马义贞,大名,首领,有马家,clan_arima_1,日野江城,无,已登场,有马义贞,城主,直臣,龙造寺家,clan_arima_1,日野江城,无,已登场,有马义贞,城主,直臣,龙造寺家,clan_arima_1,日野江城,无,已死亡,有马义贞,无效,无效,无,clan_ryuzoji_1,无效,无,已死亡,有马义贞,无效,无效,无,clan_arima_1,无效,无,已登场,有马义贞,家老,直臣,有马家,日野江城,无,已死亡,有马义贞,无效,无效,无,无效,无,已登场,有马义贞,下忍,直臣,风魔众,风魔之里,无,,"[{""stage"":"""",""tkid"":""810"",""ref"":""810"",""emotion"":0}]",,,
lord_tk5_811,,811,,大友义鉴,大友義鑑,大友,义鉴,Otomo Yoshiaki,saikai,1,1502,1549,1550,战死,,,,,lord_tk5_152|lord_tk5_167|lord_tk5_168|lord_tk5_169|lord_tk5_170,没那个意思,65,60,普通,普通,普通,轻率,不重情义,62,南蛮物,贪心,嗜酒如命,藤原氏,刀剑,59,50,74,64,50,2,1,0,2,2,1,2,0,1,0,0,2,2,2,0,0,无,强袭，刚弓,无,一般条件,,主角大友宗麟，二阶崩之变,已死亡,大友义鉴,无效,无效,无,clan_otomo_1,无效,无,已死亡,大友义鉴,无效,无效,无,clan_otomo_1,无效,无,已死亡,大友义鉴,无效,无效,无,clan_otomo_1,无效,无,已死亡,大友义鉴,无效,无效,无,clan_otomo_1,无效,无,已死亡,大友义鉴,无效,无效,无,clan_otomo_1,无效,无,已死亡,大友义鉴,无效,无效,无,clan_tachibana_2,无效,无,已登场,大友义鉴,大名,首领,大友家,府内城,无,已死亡,大友义鉴,无效,无效,无,无效,无,已登场,大友义鉴,部将,直臣,大久保家,佐贺城,无,,"[{""stage"":"""",""tkid"":""811"",""ref"":""811"",""emotion"":0}]",,,
lord_tk5_812,,812,,本愿寺证如,本願寺証如|本願寺證如,本愿寺,证如,Honganji Shounyo,kinai,1,1516,1549,1554,病死,,,,,lord_tk5_646|lord_tk5_647|lord_tk5_648,没那个意思,50,50,温和,普通,普通,慎重,重视情义,65,书籍,无欲,滴酒不沾,藤原氏,枪,51,49,60,65,80,2,0,2,0,0,1,2,0,0,1,2,0,3,3,0,2,无,拔突，刚力,无,一般条件,,,已死亡,本愿寺证如,无效,无效,无,clan_honganji_1,无效,无,已死亡,本愿寺证如,无效,无效,无,clan_honganji_1,无效,无,已死亡,本愿寺证如,无效,无效,无,clan_honganji_1,无效,无,已死亡,本愿寺证如,无效,无效,无,clan_honganji_1,无效,无,已死亡,本愿寺证如,无效,无效,无,,无效,无,已死亡,本愿寺证如,无效,无效,无,,无效,无,已登场,本愿寺证如,大名,首领,本愿寺,石山本愿寺,无,已死亡,本愿寺证如,无效,无效,无,无效,无,已登场,本愿寺证如,浪人,其他,无,松仓之町,无,,"[{""stage"":"""",""tkid"":""812"",""ref"":""812"",""emotion"":0}]",,,
lord_tk5_813,,813,,大宝寺义增,大寶寺義增,大宝寺,义增,Daihoji Yoshimasu,ou,1,1522,1549,1581,病死,,,,,lord_tk5_435|lord_tk5_860,全职种,1,0,普通,普通,普通,慎重,重视情义,24,艺术品,无欲,普通,藤原氏,刀剑,19,35,42,33,37,0,1,0,1,1,0,1,0,1,0,0,0,1,0,1,1,无,强袭，连续斩,无,无要求,,,已登场,大宝寺义增,大名,首领,大宝寺家,clan_daihoji_1,尾浦城,无,已登场,大宝寺义增,大名,首领,大宝寺家,clan_daihoji_1,尾浦城,无,已登场,大宝寺义增,家老,直臣,大宝寺家,clan_daihoji_1,尾浦城,无,已登场,大宝寺义增,家老,直臣,大宝寺家,clan_daihoji_1,尾浦城,无,已死亡,大宝寺义增,无效,无效,无,clan_daihoji_1,无效,无,已死亡,大宝寺义增,无效,无效,无,,无效,无,已登场,大宝寺义增,大名,首领,大宝寺家,尾浦城,无,已死亡,大宝寺义增,无效,无效,无,无效,无,已登场,大宝寺义增,部将,直臣,大久保家,佐贺城,无,,"[{""stage"":"""",""tkid"":""813"",""ref"":""813"",""emotion"":0}]",,,
lord_tk5_814,,814,,斯波义统,斯波義統,斯波,义统,Shiba Yoshitomi,ou,1,1513,1549,1554,战死,,,,,lord_tk5_887|lord_tk5_888|lord_tk5_889,没那个意思,40,40,温和,胆小,理想,普通,不重情义,67,艺术品,贪心,嗜酒如命,源氏,刀剑,17,12,21,9,30,0,1,0,0,1,0,1,0,0,0,0,0,2,0,0,1,无,强袭,无,无要求,,,已死亡,斯波义统,无效,无效,无,clan_oda_1,无效,无,已死亡,斯波义统,无效,无效,无,clan_oda_1,无效,无,已死亡,斯波义统,无效,无效,无,clan_oda_1,无效,无,已死亡,斯波义统,无效,无效,无,clan_oda_1,无效,无,已死亡,斯波义统,无效,无效,无,clan_oda_1,无效,无,已死亡,斯波义统,无效,无效,无,,无效,无,已登场,斯波义统,大名,首领,斯波家,清洲城,无,已死亡,斯波义统,无效,无效,无,无效,无,已登场,斯波义统,水夫头,直臣,丰后水军,一尺屋之砦,无,,"[{""stage"":"""",""tkid"":""814"",""ref"":""814"",""emotion"":0}]",,,
lord_tk5_815,,815,,织田信友,織田信友,织田,信友,Oda Nobutomo,ronin,1,1516,1549,1555,战死,,,,,,只限武将,60,55,性急,勇敢,现实,普通,不重情义,81,南蛮物,普通,嗜酒如命,平氏,刀剑,20,41,30,58,21,1,1,0,0,1,1,1,0,0,0,0,1,0,1,0,0,无,强袭，刚力,无,无要求,,,已死亡,织田信友,无效,无效,无,,无效,无,已死亡,织田信友,无效,无效,无,,无效,无,已死亡,织田信友,无效,无效,无,,无效,无,已死亡,织田信友,无效,无效,无,,无效,无,已死亡,织田信友,无效,无效,无,,无效,无,已死亡,织田信友,无效,无效,无,,无效,无,已登场,织田信友,家老,直臣,斯波家,清洲城,无,已死亡,织田信友,无效,无效,无,无效,无,已登场,织田信友,浪人,其他,无,直江津之町,无,,"[{""stage"":"""",""tkid"":""815"",""ref"":""815"",""emotion"":0}]",,,
lord_tk5_816,,816,,细川氏纲,細川氏綱,细川,氏纲,Hosokawa Shi,kinai,1,1519,1549,1563,病死,,,,,,没那个意思,14,13,普通,普通,理想,轻率,不重情义,40,艺术品,贪心,普通,源氏,刀剑,29,19,42,38,52,1,0,0,0,1,0,0,1,0,0,1,1,2,2,1,1,威风凛凛,强袭，连续斩，切落,无,一般条件,,,已登场,细川氏纲,浪人,其他,无,,石山之町,无,已登场,细川氏纲,城主,直臣,三好家,clan_miyoshi_1,芥川城,无,已死亡,细川氏纲,无效,无效,无,,无效,无,已死亡,细川氏纲,无效,无效,无,,无效,无,已死亡,细川氏纲,无效,无效,无,,无效,无,已死亡,细川氏纲,无效,无效,无,,无效,无,已登场,细川氏纲,大名,首领,细川家,二条城,无,已死亡,细川氏纲,无效,无效,无,无效,无,已登场,细川氏纲,浪人,其他,无,鹿岛之町,无,,"[{""stage"":"""",""tkid"":""816"",""ref"":""816"",""emotion"":0}]",,,
lord_tk5_817,,817,,六角定赖,六角定賴,六角,定赖,Rokkaku Tei,kinai,1,1495,1549,1552,病死,,,,,lord_tk5_790|lord_tk5_791,没那个意思,34,34,温和,普通,现实,慎重,重视情义,52,书籍,无欲,普通,源氏,刀剑,60,47,83,70,71,2,1,2,0,2,2,2,1,3,2,1,3,1,3,1,1,无,强袭，拔突，刚弓，铁壁，丢钱,无,一般条件,,,已死亡,六角定赖,无效,无效,无,clan_rokkaku_1,无效,无,已死亡,六角定赖,无效,无效,无,clan_rokkaku_1,无效,无,已死亡,六角定赖,无效,无效,无,clan_takeda_1,无效,无,已死亡,六角定赖,无效,无效,无,,无效,无,已死亡,六角定赖,无效,无效,无,,无效,无,已死亡,六角定赖,无效,无效,无,clan_kinoshita_1,无效,无,已登场,六角定赖,大名,首领,六角家,观音寺城,无,已死亡,六角定赖,无效,无效,无,无效,无,已登场,六角定赖,家老,直臣,六角家,大坂城,无,,"[{""stage"":"""",""tkid"":""817"",""ref"":""817"",""emotion"":0}]",,,
lord_tk5_818,,818,,岛津胜久,島津勝久,岛津,胜久,Shimazu Katsuhisa,saikai,1,1503,1549,1573,病死,,,,,,没那个意思,32,32,温和,胆小,普通,轻率,不重情义,17,南蛮物,普通,滴酒不沾,源氏,刀剑,27,30,35,40,32,0,1,1,0,0,1,1,0,0,0,0,0,1,0,0,0,无,强袭，连续斩，切落，刚力,无,一般条件,,,已登场,岛津胜久,浪人,其他,无,,府内之町,无,已登场,岛津胜久,浪人,其他,无,,油津之町,无,已登场,岛津胜久,浪人,其他,无,,油津之町,无,已死亡,岛津胜久,无效,无效,无,,无效,无,已死亡,岛津胜久,无效,无效,无,,无效,无,已死亡,岛津胜久,无效,无效,无,,无效,无,已登场,岛津胜久,浪人,其他,无,鹿儿岛之町,无,已死亡,岛津胜久,无效,无效,无,无效,无,已登场,岛津胜久,水夫头,直臣,村上水军,三岛之砦,无,,"[{""stage"":"""",""tkid"":""818"",""ref"":""818"",""emotion"":0}]",,,
lord_tk5_819,,819,,筒井顺昭,筒井順昭,筒井,顺昭,Tsutsui Junsho,kinai,1,1523,1549,1550,病死,,,,,lord_tk5_492|lord_tk5_493,只限武将,2,2,普通,普通,普通,普通,普通,74,书籍,普通,普通,藤原氏,刀剑,58,59,44,61,52,2,2,1,0,1,2,2,0,0,0,0,0,1,2,0,1,无,强袭，拔突，铁壁,无,无要求,,,已死亡,筒井顺昭,无效,无效,无,clan_tsutsui_1,无效,无,已死亡,筒井顺昭,无效,无效,无,clan_tsutsui_1,无效,无,已死亡,筒井顺昭,无效,无效,无,clan_tsutsui_1,无效,无,已死亡,筒井顺昭,无效,无效,无,clan_tsutsui_1,无效,无,已死亡,筒井顺昭,无效,无效,无,clan_tsutsui_1,无效,无,已死亡,筒井顺昭,无效,无效,无,clan_tsutsui_2,无效,无,已登场,筒井顺昭,大名,首领,筒井家,大和郡山城,无,已死亡,筒井顺昭,无效,无效,无,无效,无,已登场,筒井顺昭,浪人,其他,无,今治之町,无,,"[{""stage"":"""",""tkid"":""819"",""ref"":""819"",""emotion"":0}]",,,
lord_tk5_820,,820,,二阶堂盛义,二階堂盛義,二阶堂,盛义,Nikaido Moriyoshi,ou,1,1532,1549,1581,病死,,,,,lord_tk5_35,只限武将,12,15,性急,勇敢,理想,轻率,不重情义,67,武具,贪心,普通,藤原氏,刀剑,54,40,37,72,46,2,1,0,0,1,1,0,1,0,0,0,2,0,3,0,1,无,强袭，辱骂，大喝,无,一般条件,,,已登场,二阶堂盛义,城主,直臣,芦名家,clan_ashina_1,须贺川城,无,已登场,二阶堂盛义,城主,直臣,芦名家,clan_ashina_1,须贺川城,无,已登场,二阶堂盛义,城主,直臣,芦名家,clan_ashina_1,须贺川城,无,已登场,二阶堂盛义,城主,直臣,芦名家,clan_ashina_1,须贺川城,无,已死亡,二阶堂盛义,无效,无效,无,clan_ashina_2,无效,无,已死亡,二阶堂盛义,无效,无效,无,,无效,无,已登场,二阶堂盛义,城主,直臣,芦名家,须贺川城,无,已死亡,二阶堂盛义,无效,无效,无,无效,无,已登场,二阶堂盛义,大名,首领,二阶堂家,金泽城,无,,"[{""stage"":"""",""tkid"":""820"",""ref"":""820"",""emotion"":0}]",,,
lord_tk5_821,,821,,一宫随波斋,一宮随波斎|一宮隨波齋,一宫随,波斋,Ichinomiya Zuibasai,tokai,1,1512,1549,1572,病死,,,,,,没那个意思,86,86,温和,勇敢,现实,慎重,重视情义,31,书籍,无欲,滴酒不沾,源氏,弓,64,87,45,73,71,2,2,0,0,4,3,3,0,1,0,0,0,0,2,0,4,无,强袭，连续斩，拔突，刚弓，神弓，天弓，刚力，铁壁，心眼，伤药，止血,无,一般条件,,,已登场,一宫随波斋,部将,直臣,足利家,clan_ashikaga_1,朽木谷城,随波斋流,已登场,一宫随波斋,足轻大将,直臣,足利家,clan_ashikaga_1,二条城,随波斋流,已登场,一宫随波斋,部将,直臣,今川家,clan_imagawa_1,曳马城,随波斋流,已死亡,一宫随波斋,无效,无效,无,,无效,无,已死亡,一宫随波斋,无效,无效,无,,无效,无,已死亡,一宫随波斋,无效,无效,无,,无效,无,已登场,一宫随波斋,部将,直臣,足利家,朽木谷城,随波斋流,已死亡,一宫随波斋,无效,无效,无,无效,无,已登场,一宫随波斋,大名,首领,一宫家,春日山城,随波斋流,,"[{""stage"":"""",""tkid"":""821"",""ref"":""821"",""emotion"":0}]",,,
lord_tk5_822,,822,,有马晴纯,有馬晴純,有马,晴纯,Arima Sei,saikai,1,1483,1549,1566,病死,,,,,lord_tk5_53|lord_tk5_172|lord_tk5_810,只限武将,16,16,普通,普通,普通,普通,普通,75,南蛮物,普通,普通,藤原氏,刀剑,79,57,82,77,68,2,2,2,2,1,2,3,1,0,2,1,2,0,2,0,1,无,强袭，连续斩，拔突，铁壁,无,一般条件,,,已登场,有马晴纯,大名,首领,有马家,clan_arima_1,日野江城,无,已登场,有马晴纯,家老,直臣,有马家,clan_arima_1,日野江城,无,已死亡,有马晴纯,无效,无效,无,clan_arima_1,无效,无,已死亡,有马晴纯,无效,无效,无,clan_omura_1,无效,无,已死亡,有马晴纯,无效,无效,无,clan_omura_1,无效,无,已死亡,有马晴纯,无效,无效,无,clan_arima_1,无效,无,已登场,有马晴纯,大名,首领,有马家,日野江城,无,已死亡,有马晴纯,无效,无效,无,无效,无,已登场,有马晴纯,中忍,直臣,风魔众,风魔之里,无,,"[{""stage"":"""",""tkid"":""822"",""ref"":""822"",""emotion"":0}]",,,
lord_tk5_823,,823,,相良晴广,相良晴廣,相良,晴广,Sagara Haruhiro,saikai,1,1513,1549,1555,病死,,,,,lord_tk5_337|lord_tk5_338,只限武将,60,60,普通,普通,普通,普通,普通,56,书籍,普通,普通,藤原氏,刀剑,49,53,78,60,50,1,0,1,0,1,1,1,0,0,0,0,2,2,3,1,0,无,强袭,无,一般条件,,,已登场,相良晴广,大名,首领,相良家,clan_sagara_1,人吉城,无,已死亡,相良晴广,无效,无效,无,clan_sagara_2,无效,无,已死亡,相良晴广,无效,无效,无,clan_sagara_2,无效,无,已死亡,相良晴广,无效,无效,无,clan_sagara_2,无效,无,已死亡,相良晴广,无效,无效,无,clan_sagara_2,无效,无,已死亡,相良晴广,无效,无效,无,clan_sagara_2,无效,无,已登场,相良晴广,大名,首领,相良家,人吉城,无,已死亡,相良晴广,无效,无效,无,无效,无,已登场,相良晴广,浪人,其他,无,仙台之町,无,,"[{""stage"":"""",""tkid"":""823"",""ref"":""823"",""emotion"":0}]",,,
lord_tk5_824,,824,,村上吉充,,村上,吉充,Murakami Yoshimitsu,nankai,1,1530,1549,1608,病死,,,,,,武将以外优先,25,25,性急,勇敢,普通,普通,普通,24,南蛮物,普通,普通,源氏,火绳枪,60,67,16,44,48,2,0,2,3,0,2,1,2,2,0,0,0,0,0,0,0,水上拖延，水上禁行,强袭，拔突，二连苦无，急所击，铁壁,无,无要求,,,已登场,村上吉充,船头,直臣,村上水军,clan_murakami_1,三岛之砦,无,已登场,村上吉充,船头,直臣,村上水军,clan_murakami_1,三岛之砦,无,已登场,村上吉充,船头,直臣,村上水军,clan_murakami_1,三岛之砦,无,已登场,村上吉充,船头,直臣,村上水军,clan_murakami_1,三岛之砦,无,已登场,村上吉充,船头,直臣,村上水军,clan_murakami_1,三岛之砦,无,已登场,村上吉充,船头,直臣,村上水军,clan_murakami_1,三岛之砦,无,已登场,村上吉充,船头,直臣,村上水军,三岛之砦,无,已登场,村上吉充,船头,直臣,村上水军,三岛之砦,无,已登场,村上吉充,侍大将,直臣,上泉家,内城,无,,"[{""stage"":"""",""tkid"":""824"",""ref"":""824"",""emotion"":0}]",,,
lord_tk5_825,,825,,岩间小熊,岩間小熊|巖間小熊,岩间,小熊,Iwama Oguma,kanto,1,1555,1569,1605,战死,,,,,,全职种,30,30,温和,普通,理想,普通,重视情义,40,武具,无欲,普通,其他,刀剑,14,86,21,30,32,1,0,0,0,0,4,3,0,0,0,0,1,0,0,1,1,无,强袭，连续斩，八神太刀，一之太刀，拔突，神妙剑，当身，刚力，金刚力，铁壁，气声，辱骂，大喝，炯眼，罗刹,无,无要求,,,未登场,岩间小熊,浪人,其他,无,,木更津之町,一羽流,未登场,岩间小熊,浪人,其他,无,,鹿岛之町,一羽流,已登场,岩间小熊,浪人,其他,无,,鹿岛之町,一羽流,已登场,岩间小熊,师范代,其他,无,,鹿岛之町,一羽流,已登场,岩间小熊,师范代,其他,无,,鹿岛之町,一羽流,已登场,岩间小熊,师范,其他,无,,江户之町,一羽流,未登场,岩间小熊,浪人,其他,无,木更津之町,一羽流,已登场,岩间小熊,师范代,其他,无,鹿岛之町,一羽流,已登场,岩间小熊,上忍,直臣,钵屋众,钵屋之里,一羽流,,"[{""stage"":"""",""tkid"":""825"",""ref"":""825"",""emotion"":0}]",,,
lord_tk5_826,,826,,梶原政景,,梶原,政景,Ganshojii Masakage,kanto,1,1549,1560,1619,病死,lord_tk5_164,,,,lord_tk5_162|lord_tk5_164,全职种,2,2,普通,普通,普通,慎重,普通,52,书籍,普通,普通,平氏,刀剑,47,39,33,44,40,1,1,1,1,2,1,1,0,0,0,0,1,0,0,1,1,无,强袭，刚弓,无,无要求,,,未登场,梶原政景,部将,直臣,太田家,clan_otaa_1,岩槻城,无,已登场,梶原政景,足轻组头,直臣,太田家,clan_otaa_1,岩槻城,无,已登场,梶原政景,足轻大将,陪臣（太田三乐斋）,佐竹家,clan_otaa_1,小田城,无,已登场,梶原政景,部将,直臣,佐竹家,clan_satake_2,太田城,无,已登场,梶原政景,部将,直臣,佐竹家,clan_satake_2,太田城,无,已登场,梶原政景,家老,直臣,佐竹家,clan_satake_2,水户城,无,未登场,梶原政景,足轻大将,直臣,太田家,岩槻城,无,已登场,梶原政景,部将,直臣,佐竹家,水户城,无,已登场,梶原政景,浪人,其他,无,安土之町,无,,"[{""stage"":"""",""tkid"":""826"",""ref"":""826"",""emotion"":0}]",,,
lord_tk5_827,,827,,松永长赖,松永長賴,松永,长赖,Matsunaga Nagayori,kinai,1,1517,1549,1565,战死,松永久秀父,,,,lord_tk5_522|lord_tk5_679|lord_tk5_680,只限武将,44,44,普通,勇敢,普通,轻率,普通,78,武具,普通,嗜酒如命,其他,刀剑,87,75,47,56,29,3,3,2,2,2,2,3,2,2,0,0,0,2,2,1,0,无,强袭，连续斩，拔突，二连苦无，刚弓，铁壁,无,一般条件,,,已登场,松永长赖,城主,直臣,三好家,clan_miyoshi_1,丹波龟山城,无,已登场,松永长赖,部将,陪臣（松永久秀）,三好家,clan_matsunaga_1,信贵山城,无,已死亡,松永长赖,无效,无效,无,clan_matsunaga_1,无效,无,已死亡,松永长赖,无效,无效,无,clan_matsunaga_1,无效,无,已死亡,松永长赖,无效,无效,无,,无效,无,已死亡,松永长赖,无效,无效,无,clan_konishi_1,无效,无,已登场,松永长赖,城主,直臣,细川家,丹波龟山城,无,已死亡,松永长赖,无效,无效,无,无效,无,已登场,松永长赖,伙计,直臣,油屋,油津之町,无,,"[{""stage"":"""",""tkid"":""827"",""ref"":""827"",""emotion"":0}]",,,
lord_tk5_828,,828,,毛利秀元,,毛利,秀元,Mori Hidemoto,sanyo,1,1579,1593,1650,病死,lord_tk5_622,,,lord_tk5_722,lord_tk5_263|lord_tk5_264|lord_tk5_265|lord_tk5_314|lord_tk5_316|lord_tk5_370|lord_tk5_562|lord_tk5_622|lord_tk5_720|lord_tk5_721|lord_tk5_722,只限武将,35,35,温和,胆小,现实,轻率,重视情义,42,书籍,普通,普通,其他,刀剑,50,44,47,37,61,1,1,1,1,0,2,2,0,1,1,1,0,1,1,2,0,百万一心,强袭，拔突，刚力，铁壁,无,无要求,,,未登场,毛利秀元,足轻组头,陪臣（穗井田元清）,毛利家,clan_hoitada_1,吉田郡山城,无,未登场,毛利秀元,家老,直臣,毛利家,clan_mori_1,吉田郡山城,无,未登场,毛利秀元,家老,直臣,毛利家,clan_mori_1,吉田郡山城,无,未登场,毛利秀元,家老,直臣,毛利家,clan_mori_2,吉田郡山城,无,未登场,毛利秀元,家老,直臣,毛利家,clan_mori_2,吉田郡山城,无,已登场,毛利秀元,家老,直臣,毛利家,clan_mori_2,广岛城,无,未登场,毛利秀元,足轻大将,陪臣（穗井田元清）,毛利家,吉田郡山城,无,未登场,毛利秀元,家老,直臣,毛利家,吉田郡山城,无,已登场,毛利秀元,浪人,其他,无,出石之町,无,,"[{""stage"":"""",""tkid"":""828"",""ref"":""828"",""emotion"":0}]",,,
lord_tk5_829,,829,,大谷休泊,大穀休泊,大谷,休泊,Otsuki Kyuuhaku,kanto,1,1521,1549,1578,病死,,,,,,全职种,99,0,温和,普通,理想,慎重,重视情义,11,书籍,无欲,滴酒不沾,藤原氏,枪,34,24,89,61,78,0,1,0,0,0,2,1,1,0,4,3,3,2,2,0,3,土龙攻,强袭，拔突，铁壁，伤药，丢钱,能吏,无要求,,,已登场,大谷休泊,浪人,其他,无,,厩桥之町,无,已登场,大谷休泊,浪人,其他,无,,厩桥之町,无,已登场,大谷休泊,浪人,其他,无,,厩桥之町,无,已登场,大谷休泊,浪人,其他,无,,厩桥之町,无,已死亡,大谷休泊,无效,无效,无,,无效,无,已死亡,大谷休泊,无效,无效,无,,无效,无,已登场,大谷休泊,侍大将,直臣,上杉家,厩桥城,无,已死亡,大谷休泊,无效,无效,无,无效,无,已登场,大谷休泊,部将,直臣,大久保家,佐贺城,无,,"[{""stage"":"""",""tkid"":""829"",""ref"":""829"",""emotion"":0}]",,,
lord_tk5_830,,830,,游佐信教,遊佐信教,游佐,信教,Yusa Shinkyou,kinai,1,1525,1549,1572,战死,,,,,,只限武将,70,70,性急,勇敢,普通,轻率,不重情义,83,艺术品,贪心,普通,藤原氏,枪,44,51,30,67,16,1,1,1,0,0,1,2,1,0,0,0,0,0,2,2,0,无,拔突，粘花,无,一般条件,,,已登场,游佐信教,家老,直臣,畠山家,clan_hatakeyama_1,高屋城,无,已登场,游佐信教,家老,直臣,畠山家,clan_hatakeyama_1,高屋城,无,已登场,游佐信教,部将,陪臣（畠山高政）,织田家,clan_hatakeyama_1,高屋城,无,已死亡,游佐信教,无效,无效,无,,无效,无,已死亡,游佐信教,无效,无效,无,,无效,无,已死亡,游佐信教,无效,无效,无,,无效,无,已登场,游佐信教,侍大将,直臣,畠山家,高屋城,无,已死亡,游佐信教,无效,无效,无,无效,无,已登场,游佐信教,浪人,其他,无,直江津之町,无,,"[{""stage"":"""",""tkid"":""830"",""ref"":""830"",""emotion"":0}]",,,
lord_tk5_831,,831,,田北绍铁,田北紹鉄|田北紹鐵,田北,绍铁,Takakita Shotetsu,saikai,1,1529,1549,1580,战死,田北亲员,,,,lord_tk5_444,只限武将,43,43,性急,勇敢,普通,轻率,不重情义,67,南蛮物,普通,普通,藤原氏,刀剑,57,60,28,48,30,1,2,2,1,2,2,1,1,0,0,0,0,1,0,0,1,齐攻,强袭，拔突，刚弓，铁壁,无,一般条件,,,已登场,田北绍铁,家老,直臣,大友家,clan_otomo_1,府内城,无,已登场,田北绍铁,侍大将,直臣,大友家,clan_otomo_1,府内城,无,已登场,田北绍铁,部将,直臣,大友家,clan_otomo_1,府内城,无,已登场,田北绍铁,部将,直臣,大友家,clan_otomo_1,府内城,无,已死亡,田北绍铁,无效,无效,无,,无效,无,已死亡,田北绍铁,无效,无效,无,,无效,无,已登场,田北绍铁,部将,直臣,大友家,府内城,无,已死亡,田北绍铁,无效,无效,无,无效,无,已登场,田北绍铁,足轻大将,直臣,北家,松前城,无,,"[{""stage"":"""",""tkid"":""831"",""ref"":""831"",""emotion"":0}]",,,
lord_tk5_832,,832,,冷泉隆丰,冷泉隆豊|冷泉隆豐,冷泉,隆丰,Reizei Takahiro,ronin,1,1513,1549,1551,战死,,,,,,只限武将,20,20,性急,勇敢,现实,普通,重视情义,21,书籍,普通,普通,藤原氏,刀剑,61,71,54,44,76,1,1,1,2,1,2,2,0,0,0,0,0,3,2,2,1,无,强袭，拔突，铁壁,无,一般条件,,,已死亡,冷泉隆丰,无效,无效,无,,无效,无,已死亡,冷泉隆丰,无效,无效,无,,无效,无,已死亡,冷泉隆丰,无效,无效,无,,无效,无,已死亡,冷泉隆丰,无效,无效,无,,无效,无,已死亡,冷泉隆丰,无效,无效,无,,无效,无,已死亡,冷泉隆丰,无效,无效,无,,无效,无,已登场,冷泉隆丰,侍大将,直臣,大内家,山口城,无,已死亡,冷泉隆丰,无效,无效,无,无效,无,已登场,冷泉隆丰,浪人,其他,无,尾道之町,无,,"[{""stage"":"""",""tkid"":""832"",""ref"":""832"",""emotion"":0}]",,,
lord_tk5_833,,833,,相良武任,,相良,武任,Sagara Takeshinin,ronin,1,1507,1549,1551,战死,,,,,,只限武将,20,20,普通,普通,现实,普通,重视情义,50,书籍,无欲,普通,藤原氏,刀剑,14,16,71,77,68,0,0,0,0,0,0,0,0,2,3,3,3,2,2,1,2,无,强袭，连续斩，丢钱,无,一般条件,,,已死亡,相良武任,无效,无效,无,,无效,无,已死亡,相良武任,无效,无效,无,,无效,无,已死亡,相良武任,无效,无效,无,,无效,无,已死亡,相良武任,无效,无效,无,,无效,无,已死亡,相良武任,无效,无效,无,,无效,无,已死亡,相良武任,无效,无效,无,,无效,无,已登场,相良武任,部将,直臣,大内家,山口城,无,已死亡,相良武任,无效,无效,无,无效,无,已登场,相良武任,浪人,其他,无,甲府之町,无,,"[{""stage"":"""",""tkid"":""833"",""ref"":""833"",""emotion"":0}]",,,
lord_tk5_834,,834,,饭田兴秀,飯田興秀,饭田,兴秀,Iida Okihide,sanyo,1,1492,1549,1557,病死,,,,,,全职种,70,70,普通,普通,普通,普通,普通,40,艺术品,贪心,普通,源氏,刀剑,31,78,54,47,56,1,0,0,0,3,0,0,0,2,1,1,0,1,1,0,0,无,强袭，刚弓,无,无要求,,,已登场,饭田兴秀,部将,直臣,大内家,clan_ouchi_1,山口城,无,已死亡,饭田兴秀,无效,无效,无,,无效,无,已死亡,饭田兴秀,无效,无效,无,,无效,无,已死亡,饭田兴秀,无效,无效,无,,无效,无,已死亡,饭田兴秀,无效,无效,无,,无效,无,已死亡,饭田兴秀,无效,无效,无,,无效,无,已登场,饭田兴秀,部将,直臣,大内家,山口城,无,已死亡,饭田兴秀,无效,无效,无,无效,无,已登场,饭田兴秀,浪人,其他,无,博多之町,无,,"[{""stage"":"""",""tkid"":""834"",""ref"":""834"",""emotion"":0}]",,,
lord_tk5_835,,835,,儿玉就方,兒玉就方,儿玉,就方,Kodama Narikata,sanyo,1,1513,1549,1586,病死,儿玉元实,,,,lord_tk5_305,全职种,30,30,性急,勇敢,普通,普通,普通,49,武具,普通,嗜酒如命,藤原氏,刀剑,68,60,23,50,55,1,1,2,4,2,1,2,1,1,0,0,1,0,0,0,1,无,强袭，刚弓,无,无要求,,,已登场,儿玉就方,部将,直臣,毛利家,clan_mori_1,吉田郡山城,无,已登场,儿玉就方,侍大将,直臣,毛利家,clan_mori_1,吉田郡山城,无,已登场,儿玉就方,部将,陪臣（小早川隆景）,毛利家,clan_kobayakawa_1,三原城,无,已登场,儿玉就方,部将,陪臣（小早川隆景）,毛利家,clan_kobayakawa_1,三原城,无,已登场,儿玉就方,部将,陪臣（小早川隆景）,毛利家,clan_kobayakawa_1,三原城,无,已死亡,儿玉就方,无效,无效,无,clan_mori_2,无效,无,已登场,儿玉就方,侍大将,直臣,毛利家,吉田郡山城,无,已登场,儿玉就方,部将,陪臣（小早川隆景）,毛利家,三原城,无,已登场,儿玉就方,浪人,其他,无,出石之町,无,,"[{""stage"":"""",""tkid"":""835"",""ref"":""835"",""emotion"":0}]",,,
lord_tk5_836,,836,,白井贤胤,白井賢胤,白井,贤胤,Shirai Katahide,sanyo,1,1509,1549,1589,病死,,,,,,全职种,25,27,性急,勇敢,普通,普通,普通,42,南蛮物,贪心,普通,其他,刀剑,60,54,20,31,38,2,0,1,3,2,1,2,1,1,0,0,1,0,0,0,0,无,强袭，刚弓，刚力,无,无要求,,,已登场,白井贤胤,部将,直臣,大内家,clan_ouchi_1,山口城,无,已登场,白井贤胤,侍大将,直臣,毛利家,clan_mori_1,吉田郡山城,无,已登场,白井贤胤,部将,陪臣（小早川隆景）,毛利家,clan_kobayakawa_1,三原城,无,已登场,白井贤胤,部将,陪臣（小早川隆景）,毛利家,clan_kobayakawa_1,三原城,无,已死亡,白井贤胤,无效,无效,无,,无效,无,已死亡,白井贤胤,无效,无效,无,,无效,无,已登场,白井贤胤,部将,直臣,大内家,山口城,无,已死亡,白井贤胤,无效,无效,无,无效,无,已登场,白井贤胤,家老,直臣,白石家,白地城,无,,"[{""stage"":"""",""tkid"":""836"",""ref"":""836"",""emotion"":0}]",,,
lord_tk5_837,,837,,织田信光,織田信光,织田,信光,Oda Nobumitsu,tokai,1,1516,1549,1555,战死,织田信定,,,,lord_tk5_189|lord_tk5_190|lord_tk5_192|lord_tk5_195|lord_tk5_803,只限武将,85,75,性急,勇敢,现实,普通,不重情义,55,武具,贪心,嗜酒如命,平氏,枪,51,60,56,63,37,2,1,1,0,2,2,2,0,0,0,1,0,0,1,1,0,无,强袭，拔突，刚弓，铁壁,无,一般条件,,,已登场,织田信光,家老,直臣,织田家,clan_oda_1,清洲城,无,已死亡,织田信光,无效,无效,无,clan_oda_1,无效,无,已死亡,织田信光,无效,无效,无,clan_oda_1,无效,无,已死亡,织田信光,无效,无效,无,clan_oda_1,无效,无,已死亡,织田信光,无效,无效,无,clan_oda_1,无效,无,已死亡,织田信光,无效,无效,无,clan_kinoshita_1,无效,无,已登场,织田信光,城主,直臣,织田家,小牧山城,无,已死亡,织田信光,无效,无效,无,无效,无,已登场,织田信光,浪人,其他,无,骏府之町,无,,"[{""stage"":"""",""tkid"":""837"",""ref"":""837"",""emotion"":0}]",,,
lord_tk5_838,,838,,小山田信有,,小山田,信有,Oyamada Nobuari,ronin,1,1519,1549,1552,战死,,,,,,只限武将,80,80,普通,普通,普通,普通,普通,44,武具,普通,普通,平氏,枪,52,59,36,34,40,1,2,0,0,1,1,1,0,0,0,1,0,0,0,0,0,无,拔突，粘花,无,无要求,,,已死亡,小山田信有,无效,无效,无,,无效,无,已死亡,小山田信有,无效,无效,无,,无效,无,已死亡,小山田信有,无效,无效,无,,无效,无,已死亡,小山田信有,无效,无效,无,,无效,无,已死亡,小山田信有,无效,无效,无,,无效,无,已死亡,小山田信有,无效,无效,无,,无效,无,已登场,小山田信有,家老,直臣,武田家,踯躅崎馆,无,已死亡,小山田信有,无效,无效,无,无效,无,已登场,小山田信有,家老,直臣,小笠原家,小仓城,无,,"[{""stage"":"""",""tkid"":""838"",""ref"":""838"",""emotion"":0}]",,,
lord_tk5_839,,839,,尼子国久,尼子國久,尼子,国久,Amago Kunihisa,sanyo,1,1492,1549,1554,战死,尼子经久,,,,lord_tk5_44|lord_tk5_45|lord_tk5_840,只限武将,8,8,性急,勇敢,现实,轻率,普通,77,武具,普通,嗜酒如命,源氏,枪,76,72,27,22,40,2,3,0,2,2,3,2,2,0,0,1,0,0,0,0,0,齐攻,强袭，连续斩，拔突，二连苦无，刚弓，刚力，铁壁,策士,一般条件,,,已死亡,尼子国久,无效,无效,无,clan_amago_1,无效,无,已死亡,尼子国久,无效,无效,无,clan_amago_1,无效,无,已死亡,尼子国久,无效,无效,无,,无效,无,已死亡,尼子国久,无效,无效,无,,无效,无,已死亡,尼子国久,无效,无效,无,,无效,无,已死亡,尼子国久,无效,无效,无,,无效,无,已登场,尼子国久,城主,直臣,尼子家,白鹿城,无,已死亡,尼子国久,无效,无效,无,无效,无,已登场,尼子国久,浪人,其他,无,严岛之町,无,,"[{""stage"":"""",""tkid"":""839"",""ref"":""839"",""emotion"":0}]",,,
lord_tk5_840,,840,,尼子诚久,尼子誠久,尼子,诚久,Amago Sanehisa,sanyo,1,1520,1549,1554,战死,lord_tk5_839,,,尼子经久,lord_tk5_44|lord_tk5_45|lord_tk5_839,只限武将,8,8,性急,勇敢,现实,轻率,普通,72,武具,普通,嗜酒如命,源氏,枪,70,77,9,19,36,3,2,0,2,2,3,2,1,0,0,0,1,0,0,0,0,刺杀,强袭，连续斩，拔突，刚弓，刚力，铁壁,无,无要求,,,已死亡,尼子诚久,无效,无效,无,clan_amago_1,无效,无,已死亡,尼子诚久,无效,无效,无,clan_amago_1,无效,无,已死亡,尼子诚久,无效,无效,无,,无效,无,已死亡,尼子诚久,无效,无效,无,,无效,无,已死亡,尼子诚久,无效,无效,无,,无效,无,已死亡,尼子诚久,无效,无效,无,,无效,无,已登场,尼子诚久,部将,陪臣（尼子国久）,尼子家,白鹿城,无,已死亡,尼子诚久,无效,无效,无,无效,无,已登场,尼子诚久,浪人,其他,无,会津之町,无,,"[{""stage"":"""",""tkid"":""840"",""ref"":""840"",""emotion"":0}]",,,
lord_tk5_841,,841,,坂井大膳,阪井大膳,坂井,大膳,Sakaii Daizen,tokai,1,1508,1549,1559,病死,,,,,,只限武将,60,50,普通,勇敢,普通,轻率,不重情义,66,艺术品,贪心,嗜酒如命,其他,刀剑,27,39,54,60,23,1,0,0,0,0,0,2,0,0,0,0,0,1,1,1,1,无,强袭，连续斩,无,无要求,,,已登场,坂井大膳,浪人,其他,无,,冈崎之町,无,已死亡,坂井大膳,无效,无效,无,,无效,无,已死亡,坂井大膳,无效,无效,无,,无效,无,已死亡,坂井大膳,无效,无效,无,,无效,无,已死亡,坂井大膳,无效,无效,无,,无效,无,已死亡,坂井大膳,无效,无效,无,,无效,无,已登场,坂井大膳,部将,直臣,斯波家,清洲城,无,已死亡,坂井大膳,无效,无效,无,无效,无,已登场,坂井大膳,足轻大将,直臣,大久保家,佐贺城,无,,"[{""stage"":"""",""tkid"":""841"",""ref"":""841"",""emotion"":0}]",,,
lord_tk5_842,,842,,别所就治,別所就治,别所,就治,Bessho Nariharu,sanyo,1,1502,1549,1563,病死,,,,,lord_tk5_621|lord_tk5_913,只限武将,0,0,普通,勇敢,普通,慎重,重视情义,74,书籍,普通,普通,源氏,刀剑,73,68,48,57,60,2,2,2,1,1,2,2,1,1,0,0,1,0,1,0,0,无,强袭，拔突，铁壁,无,一般条件,,,已登场,别所就治,城主,直臣,赤松家,clan_bessho_1,三木城,无,已登场,别所就治,城主,直臣,赤松家,clan_bessho_1,三木城,无,已死亡,别所就治,无效,无效,无,clan_bessho_2,无效,无,已死亡,别所就治,无效,无效,无,clan_bessho_2,无效,无,已死亡,别所就治,无效,无效,无,clan_oda_1,无效,无,已死亡,别所就治,无效,无效,无,,无效,无,已登场,别所就治,城主,直臣,赤松家,三木城,无,已死亡,别所就治,无效,无效,无,无效,无,已登场,别所就治,浪人,其他,无,大坂之町,无,,"[{""stage"":"""",""tkid"":""842"",""ref"":""842"",""emotion"":0}]",,,
lord_tk5_843,,843,,志道广良,志道廣良,志道,广良,Shido Hiroyoshi,sanyo,1,1467,1549,1557,病死,志道元良,,,,lord_tk5_281,全职种,0,0,温和,普通,现实,普通,重视情义,48,书籍,普通,嗜酒如命,其他,刀剑,38,31,80,79,66,1,1,1,0,0,0,1,0,0,2,3,2,2,3,1,2,水上拖延，水上禁行,强袭,无,无要求,,,已登场,志道广良,家老,直臣,毛利家,clan_mori_1,吉田郡山城,无,已死亡,志道广良,无效,无效,无,clan_kikkawa_1,无效,无,已死亡,志道广良,无效,无效,无,clan_kikkawa_1,无效,无,已死亡,志道广良,无效,无效,无,clan_kikkawa_1,无效,无,已死亡,志道广良,无效,无效,无,clan_kikkawa_1,无效,无,已死亡,志道广良,无效,无效,无,,无效,无,已登场,志道广良,家老,直臣,毛利家,吉田郡山城,无,已死亡,志道广良,无效,无效,无,无效,无,已登场,志道广良,浪人,其他,无,木更津之町,无,,"[{""stage"":"""",""tkid"":""843"",""ref"":""843"",""emotion"":0}]",,,
lord_tk5_844,,844,,锅岛清房,鍋島清房,锅岛,清房,Nabeshima Kiyofusa,saikai,1,1512,1549,1561,病死,,,,,lord_tk5_547|lord_tk5_548,只限武将,0,0,普通,勇敢,普通,慎重,重视情义,45,武具,普通,普通,藤原氏,枪,59,62,48,60,55,2,2,1,1,2,2,2,0,0,0,1,1,0,2,0,1,无,强袭，拔突，刚弓，铁壁,无,一般条件,,,已登场,锅岛清房,家老,直臣,龙造寺家,clan_ryuzoji_1,佐嘉城,无,已登场,锅岛清房,家老,直臣,龙造寺家,clan_ryuzoji_1,佐嘉城,无,已死亡,锅岛清房,无效,无效,无,clan_nabeshima_1,无效,无,已死亡,锅岛清房,无效,无效,无,clan_nabeshima_1,无效,无,已死亡,锅岛清房,无效,无效,无,clan_nabeshima_1,无效,无,已死亡,锅岛清房,无效,无效,无,clan_nabeshima_1,无效,无,已登场,锅岛清房,部将,直臣,龙造寺家,佐嘉城,无,已死亡,锅岛清房,无效,无效,无,无效,无,已登场,锅岛清房,浪人,其他,无,堺之町,无,,"[{""stage"":"""",""tkid"":""844"",""ref"":""844"",""emotion"":0}]",,,
lord_tk5_845,,845,,神屋绍策,神屋紹策,神屋,绍策,Kamiya Shoosaku,saikai,1,1523,1549,1565,病死,,,,,lord_tk5_120,武将以外优先,0,0,温和,普通,普通,普通,普通,46,艺术品,贪心,普通,其他,枪,7,19,68,67,56,0,0,0,0,0,0,0,1,2,2,3,3,2,3,3,2,无,拔突，丢钱，大宴宾客,无,无要求,,,已登场,神屋绍策,当家,首领,神屋,clan_kamiya_1,博多之町,无,已登场,神屋绍策,当家,首领,神屋,clan_kamiya_1,博多之町,无,已死亡,神屋绍策,无效,无效,无,clan_kamiya_1,无效,无,已死亡,神屋绍策,无效,无效,无,clan_kamiya_1,无效,无,已死亡,神屋绍策,无效,无效,无,clan_kamiya_1,无效,无,已死亡,神屋绍策,无效,无效,无,clan_kamiya_1,无效,无,已登场,神屋绍策,当家,首领,神屋,博多之町,无,已死亡,神屋绍策,无效,无效,无,无效,无,已登场,神屋绍策,浪人,其他,无,博多之町,无,,"[{""stage"":"""",""tkid"":""845"",""ref"":""845"",""emotion"":0}]",,,
lord_tk5_846,,846,,内藤兴盛,内藤興盛|內藤興盛,内藤,兴盛,Naito Okimori,ronin,1,1484,1549,1554,病死,,,,,,全职种,0,0,温和,普通,普通,普通,普通,64,艺术品,普通,普通,藤原氏,刀剑,30,26,60,54,59,0,1,0,0,0,1,1,0,1,1,1,1,3,2,2,2,无,强袭,无,无要求,,,已死亡,内藤兴盛,无效,无效,无,,无效,无,已死亡,内藤兴盛,无效,无效,无,,无效,无,已死亡,内藤兴盛,无效,无效,无,,无效,无,已死亡,内藤兴盛,无效,无效,无,,无效,无,已死亡,内藤兴盛,无效,无效,无,,无效,无,已死亡,内藤兴盛,无效,无效,无,,无效,无,已登场,内藤兴盛,部将,直臣,大内家,山口城,无,已死亡,内藤兴盛,无效,无效,无,无效,无,已登场,内藤兴盛,浪人,其他,无,今治之町,无,,"[{""stage"":"""",""tkid"":""846"",""ref"":""846"",""emotion"":0}]",,,
lord_tk5_847,,847,,岛津实久,島津實久,岛津,实久,Shimazu Sanekisa,saikai,1,1510,1549,1559,病死,,,,,lord_tk5_393,只限武将,69,72,性急,普通,现实,轻率,不重情义,82,艺术品,普通,普通,源氏,刀剑,40,39,49,67,46,1,1,1,1,1,1,0,1,1,0,0,1,0,0,1,0,齐攻,强袭，连续斩,无,无要求,,,已登场,岛津实久,部将,陪臣（岛津义虎）,岛津家,clan_shimazu_4,出水城,无,已死亡,岛津实久,无效,无效,无,clan_shimazu_1,无效,无,已死亡,岛津实久,无效,无效,无,clan_shimazu_1,无效,无,已死亡,岛津实久,无效,无效,无,clan_shimazu_1,无效,无,已死亡,岛津实久,无效,无效,无,clan_shimazu_1,无效,无,已死亡,岛津实久,无效,无效,无,,无效,无,已登场,岛津实久,城主,直臣,岛津家,出水城,无,已死亡,岛津实久,无效,无效,无,无效,无,已登场,岛津实久,浪人,其他,无,龟山之町,无,,"[{""stage"":"""",""tkid"":""847"",""ref"":""847"",""emotion"":0}]",,,
lord_tk5_848,,848,,井上元兼,,井上,元兼,Inoue Motokane,ronin,1,1501,1549,1550,战死,,,,,,全职种,98,98,性急,普通,普通,轻率,普通,84,艺术品,贪心,嗜酒如命,源氏,刀剑,58,40,29,75,22,1,0,1,0,0,0,2,0,0,0,0,2,2,2,2,0,无,强袭，辱骂,无,一般条件,,,已死亡,井上元兼,无效,无效,无,,无效,无,已死亡,井上元兼,无效,无效,无,,无效,无,已死亡,井上元兼,无效,无效,无,,无效,无,已死亡,井上元兼,无效,无效,无,,无效,无,已死亡,井上元兼,无效,无效,无,,无效,无,已死亡,井上元兼,无效,无效,无,,无效,无,已登场,井上元兼,家老,直臣,毛利家,吉田郡山城,无,已死亡,井上元兼,无效,无效,无,无效,无,已登场,井上元兼,侍大将,直臣,上泉家,内城,无,,"[{""stage"":"""",""tkid"":""848"",""ref"":""848"",""emotion"":0}]",,,
lord_tk5_849,,849,,津田宗达,津田宗達,津田,宗达,Tsuda Sootatsu,kinai,1,1504,1549,1566,病死,,,,,lord_tk5_418,全职种,0,2,普通,普通,普通,轻率,普通,69,艺术品,贪心,嗜酒如命,平氏,枪,36,9,69,70,72,1,0,0,0,0,0,1,0,0,2,2,4,3,3,4,2,无,拔突，丢钱，贿赂，大宴宾客,无,无要求,,,已登场,津田宗达,当家,首领,天王寺屋,clan_tsuda_2,堺之町,无,已登场,津田宗达,当家,首领,天王寺屋,clan_tsuda_2,堺之町,无,已死亡,津田宗达,无效,无效,无,clan_tsuda_3,无效,无,已死亡,津田宗达,无效,无效,无,clan_tsuda_3,无效,无,已死亡,津田宗达,无效,无效,无,clan_tsuda_3,无效,无,已死亡,津田宗达,无效,无效,无,,无效,无,已登场,津田宗达,当家,首领,天王寺屋,堺之町,无,已死亡,津田宗达,无效,无效,无,无效,无,已登场,津田宗达,船头,直臣,盐饱水军,盐饱之砦,无,,"[{""stage"":"""",""tkid"":""849"",""ref"":""849"",""emotion"":0}]",,,
lord_tk5_850,,850,,阿苏惟丰,阿蘇惟豐,阿苏,惟丰,Aso Tada,saikai,1,1493,1549,1559,病死,,,,,lord_tk5_36,全职种,49,49,普通,胆小,理想,普通,普通,69,艺术品,普通,普通,其他,刀剑,44,32,52,60,62,0,1,1,0,0,0,1,0,0,0,0,0,3,2,2,0,无,强袭,无,一般条件,,,已登场,阿苏惟丰,大名,首领,阿苏家,clan_aso_1,岩尾城,无,已死亡,阿苏惟丰,无效,无效,无,clan_aso_1,无效,无,已死亡,阿苏惟丰,无效,无效,无,clan_aso_1,无效,无,已死亡,阿苏惟丰,无效,无效,无,clan_aso_1,无效,无,已死亡,阿苏惟丰,无效,无效,无,clan_aso_1,无效,无,已死亡,阿苏惟丰,无效,无效,无,,无效,无,已登场,阿苏惟丰,大名,首领,阿苏家,岩尾城,无,已死亡,阿苏惟丰,无效,无效,无,无效,无,已登场,阿苏惟丰,浪人,其他,无,严岛之町,无,,"[{""stage"":"""",""tkid"":""850"",""ref"":""850"",""emotion"":0}]",,,
lord_tk5_851,,851,,津田算长,津田算長,津田,算长,Tsuda Sancho,kinai,1,1500,1549,1568,病死,,,,,lord_tk5_412,武将以外优先,40,40,普通,普通,普通,普通,普通,56,武具,贪心,嗜酒如命,其他,火绳枪,78,82,48,62,29,2,0,4,0,1,3,3,3,2,0,3,2,0,0,0,2,狙击,强袭，连续斩，拔突，二连苦无，半月，急所击，二挺击，石火，乱射，刚力，铁壁，心眼,无,一般条件,,,已登场,津田算长,头目,首领,根来众,clan_tsuda_1,根来之里,津田流,已登场,津田算长,头目,首领,根来众,clan_tsuda_1,根来之里,津田流,已死亡,津田算长,无效,无效,无,clan_suginoboo_1,无效,无,已死亡,津田算长,无效,无效,无,clan_suginoboo_1,无效,无,已死亡,津田算长,无效,无效,无,clan_suginoboo_1,无效,无,已死亡,津田算长,无效,无效,无,clan_suginoboo_1,无效,无,已登场,津田算长,头目,首领,根来众,根来之里,津田流,已死亡,津田算长,无效,无效,无,无效,无,已登场,津田算长,船头,直臣,盐饱水军,盐饱之砦,津田流,,"[{""stage"":"""",""tkid"":""851"",""ref"":""851"",""emotion"":0}]",,,
lord_tk5_852,,852,,杉重矩,,杉,重矩,Sugi Shigenori,ronin,1,1494,1549,1551,病死,,,,,,只限武将,60,60,普通,普通,普通,普通,普通,49,书籍,普通,普通,其他,刀剑,50,54,56,39,30,1,1,1,2,1,1,1,0,1,1,1,2,0,0,0,1,无,强袭,无,无要求,,,已死亡,杉重矩,无效,无效,无,,无效,无,已死亡,杉重矩,无效,无效,无,,无效,无,已死亡,杉重矩,无效,无效,无,,无效,无,已死亡,杉重矩,无效,无效,无,,无效,无,已死亡,杉重矩,无效,无效,无,,无效,无,已死亡,杉重矩,无效,无效,无,,无效,无,已登场,杉重矩,国主,直臣,大内家,小仓城,无,已死亡,杉重矩,无效,无效,无,无效,无,已登场,杉重矩,浪人,其他,无,博多之町,无,,"[{""stage"":"""",""tkid"":""852"",""ref"":""852"",""emotion"":0}]",,,
lord_tk5_853,,853,,城井长房,城井長房,城井,长房,Kii Nagafusa,saikai,1,1506,1549,1588,病死,,,,,lord_tk5_252,只限武将,31,31,普通,普通,普通,普通,重视情义,42,书籍,普通,普通,藤原氏,枪,49,53,50,71,68,2,0,0,0,0,1,2,1,0,0,0,2,1,3,1,0,无,拔突,无,无要求,,,已登场,城井长房,部将,陪臣（城井镇房）,大友家,clan_kii_1,城井谷城,无,已登场,城井长房,部将,陪臣（城井镇房）,大友家,clan_kii_1,城井谷城,无,已登场,城井长房,部将,陪臣（城井镇房）,大友家,clan_kii_1,城井谷城,无,已登场,城井长房,部将,陪臣（城井镇房）,大友家,clan_kii_1,城井谷城,无,已登场,城井长房,家老,直臣,城井家,clan_kii_1,城井谷城,无,已死亡,城井长房,无效,无效,无,,无效,无,已登场,城井长房,城主,直臣,大内家,城井谷城,无,已登场,城井长房,家老,直臣,城井家,城井谷城,无,已登场,城井长房,浪人,其他,无,津山之町,无,,"[{""stage"":"""",""tkid"":""853"",""ref"":""853"",""emotion"":0}]",,,
lord_tk5_854,,854,,葛西晴胤,,葛西,晴胤,Kasai Seitane,ou,1,1497,1549,1555,病死,,,,,lord_tk5_219,只限武将,40,40,普通,勇敢,普通,普通,普通,34,艺术品,普通,嗜酒如命,平氏,枪,42,45,45,51,48,1,1,0,0,1,1,1,0,2,1,0,0,1,1,0,0,无,拔突,无,一般条件,,,已死亡,葛西晴胤,无效,无效,无,clan_kasai_1,无效,无,已死亡,葛西晴胤,无效,无效,无,clan_kasai_1,无效,无,已死亡,葛西晴胤,无效,无效,无,clan_kasai_1,无效,无,已死亡,葛西晴胤,无效,无效,无,clan_kasai_1,无效,无,已死亡,葛西晴胤,无效,无效,无,clan_kasai_1,无效,无,已死亡,葛西晴胤,无效,无效,无,,无效,无,已登场,葛西晴胤,大名,首领,葛西家,寺池城,无,已死亡,葛西晴胤,无效,无效,无,无效,无,已登场,葛西晴胤,部将,直臣,西园寺家,山形城,无,,"[{""stage"":"""",""tkid"":""854"",""ref"":""854"",""emotion"":0}]",,,
lord_tk5_855,,855,,江上武种,江上武種,江上,武种,Ryuzojii Takeshi,saikai,1,1525,1549,1572,病死,,,,,,只限武将,92,92,性急,勇敢,普通,普通,重视情义,53,武具,无欲,普通,其他,刀剑,68,71,22,43,55,2,2,1,1,2,2,2,1,0,0,0,0,0,0,0,0,无,强袭，拔突，刚弓，铁壁,无,一般条件,,,已登场,江上武种,部将,直臣,少贰家,clan_shouni_1,久留米城,无,已登场,江上武种,侍大将,直臣,龙造寺家,clan_ryuzoji_1,佐嘉城,无,已登场,江上武种,侍大将,直臣,龙造寺家,clan_ryuzoji_1,佐嘉城,无,已死亡,江上武种,无效,无效,无,,无效,无,已死亡,江上武种,无效,无效,无,,无效,无,已死亡,江上武种,无效,无效,无,,无效,无,已登场,江上武种,部将,直臣,少贰家,岩屋城,无,已死亡,江上武种,无效,无效,无,无效,无,已登场,江上武种,家老,直臣,上泉家,内城,无,,"[{""stage"":"""",""tkid"":""855"",""ref"":""855"",""emotion"":0}]",,,
lord_tk5_856,,856,,佐伯惟教,,佐伯,惟教,Saeki Koreyori,saikai,1,1515,1549,1578,病死,,,,,lord_tk5_329,只限武将,80,80,普通,勇敢,普通,普通,普通,48,南蛮物,普通,普通,其他,刀剑,60,51,34,46,48,1,2,1,2,1,2,1,1,1,0,1,0,1,0,1,1,强行突破,强袭，拔突，铁壁,无,无要求,,,已登场,佐伯惟教,城主,直臣,大友家,clan_saeki_1,佐伯城,无,已登场,佐伯惟教,城主,直臣,大友家,clan_otomo_1,佐伯城,无,已登场,佐伯惟教,城主,直臣,大友家,clan_saeki_1,佐伯城,无,已登场,佐伯惟教,城主,直臣,大友家,clan_saeki_1,佐伯城,无,已死亡,佐伯惟教,无效,无效,无,clan_saeki_2,无效,无,已死亡,佐伯惟教,无效,无效,无,clan_todo_1,无效,无,已登场,佐伯惟教,城主,直臣,大友家,佐伯城,无,已死亡,佐伯惟教,无效,无效,无,无效,无,已登场,佐伯惟教,浪人,其他,无,丸龟之町,无,,"[{""stage"":"""",""tkid"":""856"",""ref"":""856"",""emotion"":0}]",,,
lord_tk5_857,,857,,宇久玄雅,,宇久,玄雅,Uku Genmasa,saikai,1,1548,1562,1612,病死,lord_tk5_126,,,,lord_tk5_126|lord_tk5_127,全职种,15,15,性急,勇敢,普通,普通,普通,64,南蛮物,贪心,嗜酒如命,源氏,火绳枪,51,55,23,56,60,2,0,2,3,0,3,2,0,2,1,1,0,1,1,0,0,加护,强袭，连续斩，拔突，急所击，刚力，铁壁,无,无要求,,,未登场,宇久玄雅,水夫头,直臣,五岛水军,clan_uku_1,江川之砦,无,未登场,宇久玄雅,水夫,直臣,五岛水军,clan_uku_1,江川之砦,无,已登场,宇久玄雅,水夫头,直臣,五岛水军,clan_uku_1,江川之砦,无,已登场,宇久玄雅,船头,直臣,五岛水军,clan_uku_1,江川之砦,无,已登场,宇久玄雅,船头,直臣,五岛水军,clan_uku_2,江川之砦,无,已登场,宇久玄雅,头领,首领,五岛水军,clan_uku_1,江川之砦,无,未登场,宇久玄雅,水夫头,直臣,五岛水军,江川之砦,无,已登场,宇久玄雅,船头,直臣,五岛水军,江川之砦,无,已登场,宇久玄雅,浪人,其他,无,大凑之町,无,,"[{""stage"":"""",""tkid"":""857"",""ref"":""857"",""emotion"":0}]",,,
lord_tk5_858,,858,,二木重高,,二木,重高,Futatsugi Jutaka,tosan,1,1514,1549,1590,病死,,,,,,只限武将,99,99,性急,胆小,理想,普通,重视情义,33,艺术品,无欲,滴酒不沾,源氏,刀剑,52,40,30,61,60,1,2,0,0,1,1,1,0,0,0,0,0,3,3,0,0,无,强袭,无,无要求,,,已登场,二木重高,足轻大将,直臣,武田家,clan_takeda_1,踯躅崎馆,无,已登场,二木重高,足轻组头,陪臣（武田信廉）,武田家,clan_takeda_3,高远城,无,已登场,二木重高,足轻大将,陪臣（武田信廉）,武田家,clan_takeda_3,高远城,无,已登场,二木重高,足轻大将,陪臣（仁科盛信）,武田家,clan_nishina_1,高远城,无,已登场,二木重高,足轻大将,陪臣（仁科盛信）,武田家,clan_nishina_1,高远城,无,已死亡,二木重高,无效,无效,无,,无效,无,已登场,二木重高,部将,直臣,小笠原家,高远城,无,已登场,二木重高,浪人,其他,无,直江津之町,无,已登场,二木重高,家老,直臣,二阶堂家,金泽城,无,,"[{""stage"":"""",""tkid"":""858"",""ref"":""858"",""emotion"":0}]",,,
lord_tk5_859,,859,,高田又兵卫,高田又兵衛,高田,又兵卫,Takada Matahei,kinai,1,1583,1597,1671,病死,,,,,,全职种,1,0,性急,勇敢,理想,普通,普通,22,武具,普通,普通,其他,枪,37,92,23,30,70,1,0,1,0,2,4,2,0,0,0,0,0,0,0,0,2,无,强袭，连续斩，拔突，粘花，刚弓，卷枪，飞鸟，引落，当身，柄返，刚力，铁壁，辱骂，大喝,无,一般条件,,,未登场,高田又兵卫,浪人,其他,无,,奈良之町,宝藏院流,未登场,高田又兵卫,浪人,其他,无,,奈良之町,无,未登场,高田又兵卫,浪人,其他,无,,奈良之町,宝藏院流,未登场,高田又兵卫,浪人,其他,无,,奈良之町,宝藏院流,未登场,高田又兵卫,浪人,其他,无,,奈良之町,宝藏院流,已登场,高田又兵卫,浪人,其他,无,,奈良之町,高田流,未登场,高田又兵卫,浪人,其他,无,奈良之町,宝藏院流,未登场,高田又兵卫,浪人,其他,无,奈良之町,宝藏院流,已登场,高田又兵卫,浪人,其他,无,小诸之町,高田流,,"[{""stage"":"""",""tkid"":""859"",""ref"":""859"",""emotion"":0}]",,,
lord_tk5_860,,1188,,大宝寺义兴,大寶寺義興,大宝寺,义兴,Daihoji Yoshioki,ou,1,1553,1567,1587,战死,lord_tk5_813,,,,lord_tk5_435|lord_tk5_813,只限武将,0,0,性急,胆小,现实,慎重,普通,71,书籍,贪心,普通,藤原氏,刀剑,31,38,66,68,52,0,1,0,0,0,0,2,0,1,1,0,1,2,2,1,0,无,强袭,无,一般条件,,,未登场,大宝寺义兴,部将,直臣,大宝寺家,clan_daihoji_1,尾浦城,无,未登场,大宝寺义兴,部将,直臣,大宝寺家,clan_daihoji_1,尾浦城,无,已登场,大宝寺义兴,部将,直臣,大宝寺家,clan_daihoji_1,尾浦城,无,已登场,大宝寺义兴,部将,直臣,大宝寺家,clan_daihoji_1,尾浦城,无,已登场,大宝寺义兴,部将,直臣,大宝寺家,clan_daihoji_1,尾浦城,无,已死亡,大宝寺义兴,无效,无效,无,,无效,无,未登场,大宝寺义兴,部将,直臣,大宝寺家,尾浦城,无,已登场,大宝寺义兴,大名,首领,大宝寺家,尾浦城,无,已登场,大宝寺义兴,家老,直臣,大久保家,佐贺城,无,,"[{""stage"":"""",""tkid"":""1188"",""ref"":""1188"",""emotion"":0}]",,,
lord_tk5_861,,1189,,大野治房,,大野,治房,Oka Harufusa,kinai,1,1572,1586,1615,战死,大野治长父,,,,lord_tk5_171,只限武将,20,80,性急,勇敢,现实,轻率,不重情义,46,艺术品,普通,滴酒不沾,其他,刀剑,53,60,43,48,47,1,1,0,0,0,0,1,0,0,0,0,0,3,2,4,0,无,强袭,风雅之士,无要求,,,未登场,大野治房,足轻组头,直臣,织田家,clan_oda_1,清洲城,无,未登场,大野治房,足轻组头,直臣,织田家,clan_oda_1,清洲城,无,未登场,大野治房,足轻组头,直臣,织田家,clan_oda_1,岐阜城,无,未登场,大野治房,足轻组头,直臣,织田家,clan_oda_1,岐阜城,无,未登场,大野治房,足轻组头,直臣,织田家,clan_oda_1,安土城,无,已登场,大野治房,部将,直臣,丰臣家,clan_kinoshita_1,大坂城,无,未登场,大野治房,足轻组头,直臣,织田家,那古野城,无,未登场,大野治房,足轻组头,直臣,羽柴家,石山本愿寺,无,已登场,大野治房,部将,直臣,大久保家,佐贺城,无,,"[{""stage"":"""",""tkid"":""1189"",""ref"":""1189"",""emotion"":0}]",,,
lord_tk5_862,,1190,,水原亲宪,水原親憲,水原,亲宪,Mizuhara Chikayoshi,ou,1,1546,1560,1616,病死,,,,,,只限武将,16,15,性急,勇敢,普通,普通,重视情义,65,武具,贪心,普通,平氏,枪,73,72,40,28,42,3,3,1,2,1,2,1,0,0,0,0,0,0,0,2,0,无,强袭，连续斩，拔突，铁壁,无,无要求,,,未登场,水原亲宪,侍大将,直臣,长尾家,clan_uesugi_1,春日山城,无,已登场,水原亲宪,侍大将,直臣,长尾家,clan_uesugi_1,春日山城,无,已登场,水原亲宪,侍大将,直臣,上杉家,clan_uesugi_1,春日山城,无,已登场,水原亲宪,侍大将,直臣,上杉家,clan_uesugi_1,春日山城,无,已登场,水原亲宪,侍大将,直臣,上杉家,clan_uesugi_2,春日山城,无,已登场,水原亲宪,侍大将,直臣,上杉家,clan_uesugi_2,会津若松城,无,未登场,水原亲宪,侍大将,直臣,长尾家,春日山城,无,已登场,水原亲宪,侍大将,直臣,上杉家,春日山城,无,已登场,水原亲宪,船头,直臣,淡路水军,洲本之砦,无,,"[{""stage"":"""",""tkid"":""1190"",""ref"":""1190"",""emotion"":0}]",,,
lord_tk5_863,,1191,,津轻信枚,津輕信枚,津轻,信枚,Tsugaru Nobutomo,ou,1,1586,1598,1631,病死,lord_tk5_488,,,,lord_tk5_488,只限武将,16,16,普通,普通,现实,慎重,普通,55,南蛮物,普通,普通,藤原氏,刀剑,59,54,70,66,64,2,2,1,1,0,2,2,0,2,0,1,0,3,2,0,2,无,强袭，拔突，铁壁,无,一般条件,,,未登场,津轻信枚,足轻大将,陪臣（大浦为信）,南部家,clan_tsugaru_1,大浦城,无,未登场,津轻信枚,足轻大将,陪臣（大浦为信）,南部家,clan_tsugaru_1,大浦城,无,未登场,津轻信枚,足轻大将,陪臣（大浦为信）,南部家,clan_tsugaru_1,大浦城,无,未登场,津轻信枚,足轻大将,陪臣（津轻为信）,南部家,clan_tsugaru_1,大浦城,无,未登场,津轻信枚,足轻大将,陪臣（津轻为信）,南部家,clan_tsugaru_1,大浦城,无,已登场,津轻信枚,家老,直臣,津轻家,clan_tsugaru_1,大浦城,无,未登场,津轻信枚,足轻大将,陪臣（大浦为信）,南部家,大浦城,无,未登场,津轻信枚,足轻大将,直臣,津轻家,大浦城,无,已登场,津轻信枚,船头,直臣,盐饱水军,盐饱之砦,无,,"[{""stage"":"""",""tkid"":""1191"",""ref"":""1191"",""emotion"":0}]",,,
lord_tk5_864,,1192,,小山田茂诚,小山田茂誠,小山田,茂诚,Oyamada Shigenao,tosan,1,1561,1575,1637,病死,,,,,,全职种,55,55,普通,普通,现实,慎重,重视情义,30,武具,普通,嗜酒如命,平氏,刀剑,62,65,46,31,53,2,1,1,1,2,2,1,0,0,0,0,0,0,0,0,0,无,强袭，拔突，刚弓，铁壁,无,无要求,,,未登场,小山田茂诚,足轻组头,直臣,武田家,clan_takeda_1,踯躅崎馆,无,未登场,小山田茂诚,足轻组头,直臣,武田家,clan_takeda_1,踯躅崎馆,无,未登场,小山田茂诚,足轻组头,直臣,武田家,clan_takeda_1,踯躅崎馆,无,已登场,小山田茂诚,足轻组头,直臣,武田家,clan_takeda_2,踯躅崎馆,无,已登场,小山田茂诚,足轻组头,直臣,武田家,clan_takeda_2,甲府城,无,已登场,小山田茂诚,足轻大将,直臣,真田家,clan_sanada_2,上田城,无,未登场,小山田茂诚,足轻组头,直臣,武田家,踯躅崎馆,无,已登场,小山田茂诚,足轻组头,直臣,北条家,小田原城,无,已登场,小山田茂诚,部将,直臣,小笠原家,小仓城,无,,"[{""stage"":"""",""tkid"":""1192"",""ref"":""1192"",""emotion"":0}]",,,
lord_tk5_865,,1193,,十时连贞,十時連貞,十时,连贞,Toshitoki Renjo,saikai,1,1556,1570,1644,病死,,,,,,只限武将,84,84,普通,勇敢,理想,普通,重视情义,34,南蛮物,普通,普通,其他,刀剑,63,78,61,59,55,3,3,1,2,1,2,2,0,0,0,0,1,2,2,0,1,无,强袭，拔突，铁壁,无,一般条件,,,未登场,十时连贞,足轻组头,陪臣（户次鉴连）,大友家,clan_tachibana_1,府内城,无,未登场,十时连贞,足轻组头,陪臣（户次鉴连）,大友家,clan_tachibana_1,府内城,无,未登场,十时连贞,足轻组头,陪臣（户次鉴连）,大友家,clan_tachibana_1,府内城,无,已登场,十时连贞,足轻组头,陪臣（立花道雪）,大友家,clan_tachibana_1,立花山城,无,已登场,十时连贞,足轻组头,陪臣（立花道雪）,大友家,clan_tachibana_1,立花山城,无,已登场,十时连贞,侍大将,直臣,立花家,clan_tachibana_2,柳川城,无,未登场,十时连贞,足轻组头,陪臣（户次鉴连）,大友家,府内城,无,已登场,十时连贞,足轻组头,陪臣（立花宗茂）,大友家,立花山城,无,已登场,十时连贞,部将,直臣,十河家,广岛城,无,,"[{""stage"":"""",""tkid"":""1193"",""ref"":""1193"",""emotion"":0}]",,,
lord_tk5_866,,1194,,井伊直孝,,井伊,直孝,Ii Naotaka,kanto,1,1590,1598,1659,病死,lord_tk5_62,,,,lord_tk5_62,只限武将,86,86,温和,普通,现实,慎重,普通,40,武具,普通,滴酒不沾,源氏,枪,46,85,58,42,48,2,3,2,1,2,2,2,0,2,1,2,0,0,1,1,0,无,强袭，拔突，粘花，刚弓，卷枪，引落，柄返，铁壁,无,一般条件,,,未登场,井伊直孝,足轻组头,陪臣（松平元康）,今川家,clan_tokugawa_1,冈崎城,无,未登场,井伊直孝,足轻组头,陪臣（松平元康）,今川家,clan_tokugawa_1,冈崎城,无,未登场,井伊直孝,足轻组头,直臣,德川家,clan_tokugawa_1,冈崎城,无,未登场,井伊直孝,足轻组头,陪臣（井伊直政）,德川家,clan_ii_1,滨松城,无,未登场,井伊直孝,足轻组头,直臣,德川家,clan_tokugawa_1,滨松城,无,已登场,井伊直孝,侍大将,陪臣（井伊直政）,德川家,clan_ii_1,箕轮城,无,未登场,井伊直孝,足轻组头,陪臣（松平竹千代）,今川家,冈崎城,无,未登场,井伊直孝,足轻组头,直臣,德川家,滨松城,无,已登场,井伊直孝,浪人,其他,无,严岛之町,无,,"[{""stage"":"""",""tkid"":""1194"",""ref"":""1194"",""emotion"":0}]",,,
lord_tk5_867,,1195,,片仓重长,片倉重長,片仓,重长,Katakura Juu,ou,1,1584,1598,1659,病死,lord_tk5_225,,,,lord_tk5_225,只限武将,62,62,普通,普通,理想,慎重,重视情义,30,武具,普通,普通,藤原氏,刀剑,68,75,59,53,65,2,2,1,0,0,1,1,0,1,1,0,0,0,0,0,0,骑射突击,强袭，连续斩，拔突，金刚力，铁壁,无,无要求,,,未登场,片仓重长,足轻组头,陪臣（片仓景纲）,伊达家,clan_katakura_1,米泽城,无,未登场,片仓重长,足轻组头,陪臣（片仓景纲）,伊达家,clan_katakura_1,米泽城,无,未登场,片仓重长,足轻组头,陪臣（片仓景纲）,伊达家,clan_katakura_1,米泽城,无,未登场,片仓重长,足轻组头,陪臣（片仓景纲）,伊达家,clan_katakura_1,米泽城,无,未登场,片仓重长,足轻组头,陪臣（片仓景纲）,伊达家,clan_katakura_1,米泽城,无,已登场,片仓重长,足轻组头,陪臣（片仓景纲）,伊达家,clan_katakura_1,仙台城,无,未登场,片仓重长,足轻组头,陪臣（片仓景纲）,伊达家,米泽城,无,未登场,片仓重长,足轻组头,陪臣（片仓景纲）,伊达家,米泽城,无,已登场,片仓重长,浪人,其他,无,今治之町,无,,"[{""stage"":"""",""tkid"":""1195"",""ref"":""1195"",""emotion"":0}]",,,
lord_tk5_868,,1196,,成田长亲,成田長親,成田,长亲,Narita Nagachika,tokai,1,1545,1559,1613,病死,,,,成田亲泰,lord_tk5_550|lord_tk5_551|lord_tk5_552,只限武将,80,80,普通,胆小,普通,普通,不重情义,65,艺术品,贪心,普通,藤原氏,刀剑,51,33,46,47,52,1,0,0,1,0,0,1,0,0,1,2,2,0,0,0,0,无,强袭,无,无要求,,,未登场,成田长亲,足轻组头,陪臣（成田长泰）,长尾家,clan_narita_2,忍城,无,已登场,成田长亲,足轻组头,陪臣（成田长泰）,长尾家,clan_narita_2,忍城,无,已登场,成田长亲,足轻组头,陪臣（成田氏长）,北条家,clan_narita_1,忍城,无,已登场,成田长亲,足轻组头,陪臣（成田氏长）,北条家,clan_narita_1,忍城,无,已登场,成田长亲,足轻组头,陪臣（成田氏长）,北条家,clan_narita_1,忍城,无,已登场,成田长亲,浪人,其他,无,clan_tokugawa_1,清洲之町,无,未登场,成田长亲,足轻组头,陪臣（成田长泰）,长尾家,忍城,无,已登场,成田长亲,足轻组头,陪臣（成田氏长）,北条家,忍城,无,已登场,成田长亲,浪人,其他,无,长滨之町,无,,"[{""stage"":"""",""tkid"":""1196"",""ref"":""1196"",""emotion"":0}]",,,
lord_tk5_869,,1197,,最上家亲,最上家親,最上,家亲,Mogami Ie,ou,1,1582,1596,1617,病死,lord_tk5_723,,,lord_tk5_725,lord_tk5_723|lord_tk5_724|lord_tk5_725,只限武将,50,99,性急,胆小,普通,普通,不重情义,77,艺术品,贪心,普通,源氏,刀剑,39,53,55,34,53,2,2,1,0,1,1,1,0,0,0,0,0,2,1,1,0,无,强袭，毒斩,无,无要求,,,未登场,最上家亲,部将,陪臣（最上义光）,最上家,clan_mogami_2,山形城,无,未登场,最上家亲,部将,陪臣（最上义光）,最上家,clan_mogami_2,山形城,无,未登场,最上家亲,部将,陪臣（最上义光）,最上家,clan_mogami_2,山形城,无,未登场,最上家亲,部将,直臣,最上家,clan_mogami_2,山形城,无,未登场,最上家亲,部将,直臣,最上家,clan_mogami_2,山形城,无,已登场,最上家亲,部将,直臣,最上家,clan_mogami_2,山形城,无,未登场,最上家亲,部将,陪臣（最上义光）,最上家,山形城,无,未登场,最上家亲,部将,直臣,最上家,山形城,无,已登场,最上家亲,部将,直臣,上泉家,内城,无,,"[{""stage"":"""",""tkid"":""1197"",""ref"":""1197"",""emotion"":0}]",,,
lord_tk5_870,,1198,,上田重安,,上田,重安,Ueda Shigeyasu,kinai,1,1563,1577,1650,病死,,,,,,全职种,50,50,温和,胆小,理想,慎重,不重情义,15,书籍,无欲,滴酒不沾,源氏,刀剑,30,36,31,71,70,1,0,0,0,0,0,1,0,2,0,0,0,3,2,4,1,无,强袭,无,一般条件,,,未登场,上田重安,足轻组头,陪臣（丹羽长秀）,织田家,clan_niwa_1,清洲城,无,未登场,上田重安,足轻组头,陪臣（丹羽长秀）,织田家,clan_niwa_1,清洲城,无,未登场,上田重安,足轻组头,陪臣（丹羽长秀）,织田家,clan_niwa_1,清洲城,无,未登场,上田重安,足轻组头,陪臣（丹羽长秀）,织田家,clan_niwa_1,佐和山城,无,已登场,上田重安,足轻组头,陪臣（丹羽长秀）,织田家,clan_niwa_1,佐和山城,无,已登场,上田重安,足轻组头,直臣,丰臣家,clan_kinoshita_1,大坂城,无,未登场,上田重安,足轻组头,陪臣（丹羽长秀）,织田家,那古野城,无,已登场,上田重安,足轻组头,直臣,丹羽家,北之庄城,无,已登场,上田重安,部将,直臣,上泉家,内城,无,,"[{""stage"":"""",""tkid"":""1198"",""ref"":""1198"",""emotion"":0}]",,,
lord_tk5_871,,1199,,小梁川宗朝,,小梁川,宗朝,Koyanagawa Muneasa,ou,1,1469,1549,1565,病死,,,,,,只限武将,46,46,普通,勇敢,理想,普通,重视情义,23,武具,无欲,普通,藤原氏,枪,49,63,50,58,72,2,3,0,0,1,1,3,0,1,0,0,0,2,2,0,0,无,拔突，粘花,无,一般条件,,,已登场,小梁川宗朝,部将,直臣,伊达家,clan_date_1,米泽城,无,已登场,小梁川宗朝,部将,直臣,伊达家,clan_date_1,米泽城,无,已死亡,小梁川宗朝,无效,无效,无,,无效,无,已死亡,小梁川宗朝,无效,无效,无,,无效,无,已死亡,小梁川宗朝,无效,无效,无,,无效,无,已死亡,小梁川宗朝,无效,无效,无,,无效,无,已登场,小梁川宗朝,部将,直臣,伊达家,米泽城,无,已死亡,小梁川宗朝,无效,无效,无,无效,无,已登场,小梁川宗朝,部将,直臣,小笠原家,小仓城,无,,"[{""stage"":"""",""tkid"":""1199"",""ref"":""1199"",""emotion"":0}]",,,
lord_tk5_872,,1200,,大国实赖,大國實賴,大国,实赖,Okuni Sanetomo,ou,1,1562,1576,1622,病死,樋口兼丰,,,,lord_tk5_526,全职种,20,15,普通,普通,现实,慎重,重视情义,33,书籍,普通,普通,源氏,刀剑,55,39,71,60,44,1,1,0,0,0,0,1,0,0,0,1,1,2,0,0,0,无,拔突,风雅之士,无要求,,,未登场,大国实赖,足轻组头,陪臣（直江兼续）,长尾家,clan_naoe_1,春日山城,无,未登场,大国实赖,足轻组头,陪臣（直江兼续）,长尾家,clan_naoe_1,春日山城,无,未登场,大国实赖,足轻组头,陪臣（直江兼续）,上杉家,clan_naoe_1,春日山城,无,未登场,大国实赖,足轻组头,陪臣（直江兼续）,上杉家,clan_naoe_1,春日山城,无,已登场,大国实赖,足轻组头,陪臣（直江兼续）,上杉家,clan_naoe_1,春日山城,无,已登场,大国实赖,足轻组头,陪臣（直江兼续）,上杉家,clan_naoe_1,米泽城,无,未登场,大国实赖,足轻组头,陪臣（直江兼续）,长尾家,春日山城,无,已登场,大国实赖,足轻组头,陪臣（直江兼续）,上杉家,春日山城,无,已登场,大国实赖,部将,直臣,大久保家,佐贺城,无,,"[{""stage"":"""",""tkid"":""1200"",""ref"":""1200"",""emotion"":0}]",,,
lord_tk5_873,,1201,,梅津政景,,梅津,政景,Umezu Masakage,kanto,1,1581,1595,1633,病死,,,,,,全职种,20,20,温和,普通,理想,普通,重视情义,22,书籍,无欲,嗜酒如命,其他,枪,38,33,86,50,82,0,0,0,0,0,0,0,0,1,2,3,3,3,2,2,2,土龙攻,拔突，丢钱,能吏,一般条件,,,未登场,梅津政景,足轻组头,直臣,佐竹家,clan_satake_1,太田城,无,未登场,梅津政景,足轻组头,直臣,佐竹家,clan_satake_1,太田城,无,未登场,梅津政景,足轻组头,直臣,佐竹家,clan_satake_2,太田城,无,未登场,梅津政景,足轻组头,直臣,佐竹家,clan_satake_2,太田城,无,未登场,梅津政景,足轻组头,直臣,佐竹家,clan_satake_2,太田城,无,已登场,梅津政景,足轻组头,直臣,佐竹家,clan_satake_2,水户城,无,未登场,梅津政景,足轻组头,直臣,佐竹家,太田城,无,未登场,梅津政景,足轻组头,直臣,佐竹家,水户城,无,已登场,梅津政景,伙计,直臣,豆腐屋,今治之町,无,,"[{""stage"":"""",""tkid"":""1201"",""ref"":""1201"",""emotion"":0}]",,,
lord_tk5_874,,1202,,三渊藤英,三淵藤英,三渊,藤英,Mibuchi Fuji hide,kinai,1,1530,1549,1574,战死,三渊晴员,,,,lord_tk5_636|lord_tk5_638,只限武将,15,45,普通,胆小,普通,轻率,不重情义,50,艺术品,普通,嗜酒如命,源氏,刀剑,25,26,69,65,70,0,0,0,1,0,0,1,0,2,2,1,3,3,2,3,0,威风凛凛,拔突，粘花，卷枪，丢钱,风雅之士,无要求,,,已登场,三渊藤英,足轻组头,直臣,足利家,clan_ashikaga_1,朽木谷城,无,已登场,三渊藤英,足轻组头,直臣,足利家,clan_ashikaga_1,二条城,无,已登场,三渊藤英,足轻组头,直臣,足利家,clan_ashikaga_2,二条城,无,已死亡,三渊藤英,无效,无效,无,clan_hosokawa_1,无效,无,已死亡,三渊藤英,无效,无效,无,clan_hosokawa_1,无效,无,已死亡,三渊藤英,无效,无效,无,clan_hosokawa_1,无效,无,已登场,三渊藤英,足轻组头,直臣,足利家,朽木谷城,无,已死亡,三渊藤英,无效,无效,无,无效,无,已登场,三渊藤英,部将,直臣,三刀屋家,骏府城,无,,"[{""stage"":"""",""tkid"":""1202"",""ref"":""1202"",""emotion"":0}]",,,
lord_tk5_875,,1203,,本多政重,,本多,政重,Honda Masashige,kanto,1,1580,1594,1647,病死,lord_tk5_656,,,,lord_tk5_655|lord_tk5_656,全职种,50,15,性急,勇敢,理想,轻率,不重情义,34,武具,普通,普通,藤原氏,枪,36,65,61,49,63,2,1,1,0,1,2,1,1,0,0,1,1,0,0,0,1,车悬,强袭，拔突，粘花，卷枪，引落，柄返，刚力，铁壁，大喝,无,无要求,,,未登场,本多政重,足轻组头,陪臣（松平元康）,今川家,clan_tokugawa_1,冈崎城,无,未登场,本多政重,足轻组头,陪臣（松平元康）,今川家,clan_tokugawa_1,冈崎城,无,未登场,本多政重,足轻组头,直臣,德川家,clan_tokugawa_1,冈崎城,无,未登场,本多政重,足轻组头,陪臣（本多正信）,德川家,clan_honda_2,滨松城,无,未登场,本多政重,足轻组头,直臣,德川家,clan_tokugawa_1,滨松城,无,已登场,本多政重,部将,直臣,德川家,clan_tokugawa_1,江户城,无,未登场,本多政重,足轻组头,陪臣（松平竹千代）,今川家,冈崎城,无,未登场,本多政重,足轻组头,直臣,德川家,滨松城,无,已登场,本多政重,浪人,其他,无,博多之町,无,,"[{""stage"":"""",""tkid"":""1203"",""ref"":""1203"",""emotion"":0}]",,,
lord_tk5_876,,1204,,栗山善助,慄山善助,栗山,善助,Kuriyama Zensuke,saikai,1,1550,1564,1631,病死,,,,,,全职种,6,6,温和,普通,理想,慎重,重视情义,65,书籍,贪心,嗜酒如命,源氏,刀剑,56,75,48,39,62,2,2,2,0,0,1,2,1,0,2,1,3,2,3,1,1,无,强袭，连续斩，刚力，丢钱,无,一般条件,,,未登场,栗山善助,足轻组头,陪臣（小寺政职）,赤松家,clan_kodera_1,御着城,无,未登场,栗山善助,足轻组头,陪臣（小寺政职）,赤松家,clan_kodera_1,御着城,无,已登场,栗山善助,足轻组头,陪臣（小寺政职）,赤松家,clan_kodera_1,御着城,无,已登场,栗山善助,足轻组头,陪臣（小寺政职）,赤松家,clan_kodera_1,姬路城,无,已登场,栗山善助,足轻组头,陪臣（羽柴秀吉）,织田家,clan_kinoshita_1,姬路城,无,已登场,栗山善助,家老,直臣,黑田家,clan_kuroda_1,中津城,无,未登场,栗山善助,足轻组头,陪臣（小寺政职）,赤松家,御着城,无,已登场,栗山善助,足轻组头,陪臣（黑田官兵卫）,羽柴家,石山本愿寺,无,已登场,栗山善助,部将,直臣,山中家,江户城,无,,"[{""stage"":"""",""tkid"":""1204"",""ref"":""1204"",""emotion"":0}]",,,
lord_tk5_877,,1205,,多贺谷政广,多賀穀政廣|多賀谷政廣,多贺谷,政广,Tsutsuii Tanimatsurigotogen,kanto,1,1537,1551,1595,病死,,,,,,全职种,20,30,普通,胆小,普通,慎重,普通,55,艺术品,普通,普通,平氏,枪,29,31,63,60,39,1,0,0,0,0,0,2,0,1,3,0,2,2,0,2,0,无,拔突,无,无要求,,,已登场,多贺谷政广,足轻组头,直臣,结城家,clan_yuki_1,结城城,无,已登场,多贺谷政广,足轻组头,直臣,结城家,clan_yuki_2,结城城,无,已登场,多贺谷政广,足轻组头,直臣,结城家,clan_yuki_2,结城城,无,已登场,多贺谷政广,足轻组头,直臣,结城家,clan_yuki_2,结城城,无,已登场,多贺谷政广,足轻组头,直臣,结城家,clan_yuki_2,结城城,无,已死亡,多贺谷政广,无效,无效,无,,无效,无,未登场,多贺谷政广,足轻组头,直臣,结城家,结城城,无,已登场,多贺谷政广,足轻组头,直臣,结城家,结城城,无,已登场,多贺谷政广,浪人,其他,无,松仓之町,无,,"[{""stage"":"""",""tkid"":""1205"",""ref"":""1205"",""emotion"":0}]",,,
lord_tk5_878,,1206,,土岐为赖,土岐為賴|土岐爲賴,土岐,为赖,Toki Tomoyori,kanto,1,1494,1549,1583,病死,,,,,,全职种,33,35,性急,勇敢,现实,轻率,不重情义,65,武具,普通,嗜酒如命,源氏,枪,54,62,49,70,64,3,3,2,0,2,1,3,0,0,0,0,0,0,2,0,0,无,拔突，刚弓，辱骂，大喝,无,一般条件,,,已登场,土岐为赖,部将,直臣,里见家,clan_satomi_1,久留里城,无,已登场,土岐为赖,部将,直臣,里见家,clan_satomi_1,久留里城,无,已登场,土岐为赖,部将,直臣,里见家,clan_satomi_1,久留里城,无,已登场,土岐为赖,部将,直臣,里见家,clan_satomi_1,久留里城,无,已登场,土岐为赖,部将,直臣,里见家,clan_satomi_2,久留里城,无,已死亡,土岐为赖,无效,无效,无,,无效,无,已登场,土岐为赖,部将,直臣,里见家,久留里城,无,已死亡,土岐为赖,无效,无效,无,无效,无,已登场,土岐为赖,浪人,其他,无,滨松之町,无,,"[{""stage"":"""",""tkid"":""1206"",""ref"":""1206"",""emotion"":0}]",,,
lord_tk5_879,,1207,,舞兵库,舞兵庫,舞,兵库,Mai Hyogo,tokai,1,1560,1574,1600,战死,,,,,,全职种,15,20,普通,勇敢,普通,普通,重视情义,60,武具,贪心,普通,其他,刀剑,72,80,63,55,44,2,3,2,1,1,2,1,1,0,0,1,0,1,0,1,0,无,强袭，拔突，粘花，卷枪，铁壁，大喝,无,无要求,,,未登场,舞兵库,浪人,其他,无,,清洲之町,无,未登场,舞兵库,浪人,其他,无,,清洲之町,无,未登场,舞兵库,浪人,其他,无,,清洲之町,无,已登场,舞兵库,浪人,其他,无,,清洲之町,无,已登场,舞兵库,浪人,其他,无,,清洲之町,无,已登场,舞兵库,浪人,其他,无,,清洲之町,无,未登场,舞兵库,浪人,其他,无,清洲之町,无,已登场,舞兵库,浪人,其他,无,清洲之町,无,已登场,舞兵库,浪人,其他,无,京之町,无,,"[{""stage"":"""",""tkid"":""1207"",""ref"":""1207"",""emotion"":0}]",,,
lord_tk5_880,,1208,,山上道及,,山上,道及,Yamagami Michiyuki,ou,1,1535,1549,1605,病死,,,,,,只限武将,50,50,普通,勇敢,理想,轻率,普通,66,武具,无欲,滴酒不沾,藤原氏,刀剑,68,76,29,62,71,3,2,0,0,2,3,3,0,1,0,0,0,1,0,0,1,无,强袭，连续斩，切落，居合斩，拔突，刚弓，刚力，铁壁，心眼,剑客,一般条件,,,已登场,山上道及,足轻组头,直臣,长野家,clan_gyo_1,箕轮城,无,已登场,山上道及,足轻组头,直臣,长野家,clan_gyo_1,箕轮城,无,已登场,山上道及,足轻组头,陪臣（色部胜长）,上杉家,clan_irobe_1,春日山城,无,已登场,山上道及,足轻组头,直臣,上杉家,clan_uesugi_1,春日山城,无,已登场,山上道及,足轻组头,直臣,上杉家,clan_uesugi_2,春日山城,无,已登场,山上道及,足轻组头,直臣,上杉家,clan_uesugi_2,会津若松城,无,已登场,山上道及,足轻组头,陪臣（长野业正）,上杉家,箕轮城,无,已登场,山上道及,家老,直臣,佐竹家,水户城,无,已登场,山上道及,部将,直臣,山中家,江户城,无,,"[{""stage"":"""",""tkid"":""1208"",""ref"":""1208"",""emotion"":0}]",,,
lord_tk5_881,,1209,,蜂须贺至镇,蜂須賀至鎮,蜂须贺,至镇,Hachisuka Yoshishige,tokai,1,1586,1598,1620,病死,lord_tk5_584,,,lord_tk5_585,lord_tk5_584|lord_tk5_585,只限武将,5,90,性急,普通,现实,普通,不重情义,40,南蛮物,贪心,嗜酒如命,源氏,火绳枪,74,51,65,59,47,1,2,2,1,0,1,1,1,0,0,2,0,0,1,0,0,无,拔突，干饭,无,无要求,,,未登场,蜂须贺至镇,浪人,其他,无,,井之口之町,无,未登场,蜂须贺至镇,浪人,其他,无,,井之口之町,无,未登场,蜂须贺至镇,浪人,其他,无,clan_hachisuka_1,岐阜之町,无,未登场,蜂须贺至镇,浪人,其他,无,clan_kinoshita_1,岐阜之町,无,未登场,蜂须贺至镇,浪人,其他,无,clan_kinoshita_1,岐阜之町,无,已登场,蜂须贺至镇,浪人,其他,无,clan_hachisuka_1,岐阜之町,无,未登场,蜂须贺至镇,浪人,其他,无,井之口之町,无,未登场,蜂须贺至镇,足轻组头,陪臣（蜂须贺正胜）,羽柴家,上月城,无,已登场,蜂须贺至镇,浪人,其他,无,鸟取之町,无,,"[{""stage"":"""",""tkid"":""1209"",""ref"":""1209"",""emotion"":0}]",,,
lord_tk5_882,,1210,,真田信尹,,真田,信尹,Sanada Nobutada,tosan,1,1547,1561,1632,病死,lord_tk5_360,,,真田赖昌,lord_tk5_356|lord_tk5_357|lord_tk5_358|lord_tk5_359|lord_tk5_360|lord_tk5_361|lord_tk5_744|lord_tk5_745,只限武将,80,25,性急,普通,普通,慎重,不重情义,46,书籍,普通,滴酒不沾,源氏,枪,63,42,79,70,58,1,1,0,0,2,0,1,0,2,0,1,1,2,3,0,0,六文钱,拔突，粘花，刚弓，卷枪，引落,枪术能手,无要求,,,未登场,真田信尹,足轻组头,陪臣（真田幸隆）,武田家,clan_sanada_1,户石城,无,未登场,真田信尹,足轻组头,陪臣（真田幸隆）,武田家,clan_sanada_1,户石城,无,已登场,真田信尹,足轻组头,陪臣（真田幸隆）,武田家,clan_sanada_1,户石城,无,已登场,真田信尹,足轻组头,陪臣（真田信纲）,武田家,clan_sanada_1,户石城,无,已登场,真田信尹,足轻组头,陪臣（真田昌幸）,武田家,clan_sanada_2,上田城,无,已登场,真田信尹,足轻组头,直臣,真田家,clan_sanada_2,上田城,无,未登场,真田信尹,足轻组头,陪臣（真田幸隆）,武田家,踯躅崎馆,无,已登场,真田信尹,足轻组头,直臣,真田家,上田城,无,已登场,真田信尹,浪人,其他,无,奈良之町,无,,"[{""stage"":"""",""tkid"":""1210"",""ref"":""1210"",""emotion"":0}]",,,
lord_tk5_883,,1211,,伊东满所,伊東マンショ|伊東滿所,伊东,满所,Ito Mansho,nankai,1,1569,1583,1612,病死,,,,lord_tk5_98,lord_tk5_96|lord_tk5_98,没那个意思,70,70,温和,普通,理想,慎重,普通,25,南蛮物,无欲,滴酒不沾,藤原氏,火绳枪,64,19,65,58,64,0,0,2,0,0,0,0,0,1,2,0,3,2,3,0,1,加护,强袭，丢钱,无,一般条件,,,未登场,伊东满所,足轻组头,直臣,伊东家,clan_ito_1,都于郡城,无,未登场,伊东满所,足轻组头,直臣,伊东家,clan_ito_1,都于郡城,无,未登场,伊东满所,足轻组头,直臣,伊东家,clan_ito_1,都于郡城,无,未登场,伊东满所,足轻组头,直臣,伊东家,clan_ito_1,都于郡城,无,未登场,伊东满所,浪人,其他,无,,今治之町,无,已登场,伊东满所,浪人,其他,无,clan_ito_1,今治之町,无,未登场,伊东满所,足轻组头,直臣,伊东家,都于郡城,无,已登场,伊东满所,浪人,其他,无,今治之町,无,已登场,伊东满所,部将,直臣,东乡家,盛冈城,无,,"[{""stage"":"""",""tkid"":""1211"",""ref"":""1211"",""emotion"":0}]",,,
lord_tk5_884,,1212,,宫部长房,宮部長房,宫部,长房,Miyabe Nagafusa,sanyo,1,1581,1595,1634,病死,lord_tk5_698,,,,lord_tk5_698,全职种,10,10,性急,普通,普通,轻率,不重情义,70,南蛮物,贪心,滴酒不沾,其他,枪,49,29,33,39,42,1,1,0,1,0,0,1,0,0,1,0,1,1,0,1,0,无,强袭，辱骂,无,无要求,,,未登场,宫部长房,足轻组头,陪臣（宫部继润）,浅井家,clan_miyabe_1,小谷城,无,未登场,宫部长房,足轻组头,陪臣（宫部继润）,浅井家,clan_miyabe_1,小谷城,无,未登场,宫部长房,足轻组头,陪臣（宫部继润）,浅井家,clan_miyabe_1,小谷城,无,未登场,宫部长房,足轻组头,陪臣（宫部继润）,织田家,clan_miyabe_1,长滨城,无,未登场,宫部长房,足轻组头,陪臣（宫部继润）,织田家,clan_miyabe_1,长滨城,无,已登场,宫部长房,足轻组头,直臣,宫部家,clan_miyabe_1,鸟取城,无,未登场,宫部长房,足轻组头,陪臣（宫部继润）,浅井家,小谷城,无,未登场,宫部长房,足轻组头,陪臣（宫部继润）,羽柴家,鸟取城,无,已登场,宫部长房,浪人,其他,无,甲府之町,无,,"[{""stage"":"""",""tkid"":""1212"",""ref"":""1212"",""emotion"":0}]",,,
lord_tk5_885,,1213,,朝比奈信置,,朝比奈,信置,Asahina Nobuoki,tosan,1,1528,1549,1582,战死,,,,,,只限武将,48,48,性急,勇敢,普通,轻率,普通,43,武具,普通,普通,藤原氏,枪,58,62,33,49,42,1,1,0,1,1,1,0,0,0,2,0,0,0,1,0,0,无,拔突,无,无要求,,,已登场,朝比奈信置,足轻大将,直臣,今川家,clan_imagawa_1,骏府城,无,已登场,朝比奈信置,足轻大将,直臣,今川家,clan_imagawa_1,骏府城,无,已登场,朝比奈信置,足轻大将,直臣,今川家,clan_imagawa_1,曳马城,无,已登场,朝比奈信置,足轻大将,直臣,武田家,clan_takeda_2,踯躅崎馆,无,已登场,朝比奈信置,足轻大将,直臣,武田家,clan_takeda_2,甲府城,无,已死亡,朝比奈信置,无效,无效,无,,无效,无,已登场,朝比奈信置,足轻大将,直臣,今川家,骏府城,无,已死亡,朝比奈信置,无效,无效,无,无效,无,已登场,朝比奈信置,浪人,其他,无,府内之町,无,,"[{""stage"":"""",""tkid"":""1213"",""ref"":""1213"",""emotion"":0}]",,,
lord_tk5_886,,1214,,金森可重,,金森,可重,Kanamori Arishige,kanto,1,1558,1572,1615,病死,,,,,,全职种,20,20,温和,普通,理想,慎重,普通,46,艺术品,普通,普通,源氏,刀剑,46,37,52,57,65,1,0,0,1,0,0,1,0,0,0,0,3,2,0,3,2,无,强袭，丢钱,风雅之士,无要求,,,未登场,金森可重,足轻组头,直臣,织田家,clan_oda_1,清洲城,无,未登场,金森可重,足轻组头,直臣,织田家,clan_oda_1,清洲城,无,未登场,金森可重,足轻组头,直臣,织田家,clan_oda_1,岐阜城,无,已登场,金森可重,足轻组头,直臣,织田家,clan_oda_1,岐阜城,无,已登场,金森可重,足轻组头,直臣,织田家,clan_oda_1,安土城,无,已登场,金森可重,部将,直臣,德川家,clan_tokugawa_1,江户城,无,未登场,金森可重,足轻组头,直臣,织田家,那古野城,无,已登场,金森可重,足轻大将,陪臣（金森长近）,羽柴家,石山本愿寺,无,已登场,金森可重,浪人,其他,无,长滨之町,无,,"[{""stage"":"""",""tkid"":""1214"",""ref"":""1214"",""emotion"":0}]",,,
lord_tk5_887,,1215,,斯波义银,斯波義銀,斯波,义银,Shiba Yoshigane,kinai,1,1540,1554,1600,病死,lord_tk5_814,,,,lord_tk5_814|lord_tk5_888|lord_tk5_889,只限武将,40,0,普通,胆小,理想,普通,普通,42,武具,普通,普通,源氏,刀剑,27,31,34,32,45,1,1,0,0,2,1,1,0,0,0,0,0,2,0,0,0,无,强袭，刚弓,无,无要求,,,已登场,斯波义银,浪人,其他,无,clan_oda_1,京之町,无,已登场,斯波义银,浪人,其他,无,clan_oda_1,京之町,无,已登场,斯波义银,浪人,其他,无,clan_oda_1,京之町,无,已登场,斯波义银,浪人,其他,无,clan_oda_1,京之町,无,已登场,斯波义银,浪人,其他,无,clan_oda_1,京之町,无,已登场,斯波义银,浪人,其他,无,,京之町,无,未登场,斯波义银,家老,直臣,斯波家,清洲城,无,已登场,斯波义银,浪人,其他,无,京之町,无,已登场,斯波义银,水夫头,直臣,丰后水军,一尺屋之砦,无,,"[{""stage"":"""",""tkid"":""1215"",""ref"":""1215"",""emotion"":0}]",,,
lord_tk5_888,,1216,,毛利秀赖,毛利秀賴,毛利,秀赖,Mori Shuu,kinai,1,1541,1555,1593,病死,lord_tk5_814,,,,lord_tk5_814|lord_tk5_887|lord_tk5_889,只限武将,40,40,普通,胆小,普通,普通,普通,37,艺术品,普通,普通,源氏,刀剑,53,53,37,39,32,2,1,0,1,0,0,0,0,1,0,1,0,0,0,0,0,无,强袭,无,无要求,,,未登场,毛利秀赖,足轻大将,直臣,织田家,clan_oda_1,清洲城,无,已登场,毛利秀赖,足轻大将,直臣,织田家,clan_oda_1,清洲城,无,已登场,毛利秀赖,足轻大将,直臣,织田家,clan_oda_1,岐阜城,无,已登场,毛利秀赖,足轻大将,直臣,织田家,clan_oda_1,岐阜城,无,已登场,毛利秀赖,足轻大将,直臣,织田家,clan_oda_1,安土城,无,已死亡,毛利秀赖,无效,无效,无,,无效,无,未登场,毛利秀赖,足轻大将,直臣,斯波家,清洲城,无,已登场,毛利秀赖,足轻大将,直臣,羽柴家,石山本愿寺,无,已登场,毛利秀赖,浪人,其他,无,鸟取之町,无,,"[{""stage"":"""",""tkid"":""1216"",""ref"":""1216"",""emotion"":0}]",,,
lord_tk5_889,,1217,,津川义冬,津川義冬,津川,义冬,Tsugawa Yoshifuyu,kinai,1,1543,1557,1584,战死,lord_tk5_814,,,,lord_tk5_814|lord_tk5_887|lord_tk5_888,只限武将,40,40,温和,普通,普通,普通,普通,25,艺术品,无欲,普通,源氏,刀剑,36,34,55,49,44,1,0,0,0,1,0,0,0,2,0,0,1,0,1,0,1,无,强袭,无,无要求,,,未登场,津川义冬,足轻组头,直臣,织田家,clan_oda_1,清洲城,无,已登场,津川义冬,足轻组头,直臣,织田家,clan_oda_1,清洲城,无,已登场,津川义冬,足轻组头,直臣,织田家,clan_oda_1,岐阜城,无,已登场,津川义冬,足轻组头,直臣,织田家,clan_oda_1,岐阜城,无,已登场,津川义冬,足轻组头,直臣,织田家,clan_oda_1,安土城,无,已死亡,津川义冬,无效,无效,无,,无效,无,未登场,津川义冬,足轻组头,直臣,斯波家,清洲城,无,已登场,津川义冬,足轻组头,直臣,织田家,长岛城,无,已登场,津川义冬,船头,直臣,盐饱水军,盐饱之砦,无,,"[{""stage"":"""",""tkid"":""1217"",""ref"":""1217"",""emotion"":0}]",,,
lord_tk5_890,,1218,,留守显宗,留守顯宗,留守,显宗,Rusu Akimune,ou,1,1519,1549,1586,病死,,,,,,只限武将,60,60,普通,胆小,现实,慎重,重视情义,40,艺术品,普通,普通,源氏,刀剑,31,38,34,63,52,1,1,0,0,0,0,0,0,1,1,0,2,2,1,0,0,无,拔突,无,无要求,,,已登场,留守显宗,部将,直臣,伊达家,clan_date_1,米泽城,无,已登场,留守显宗,部将,直臣,伊达家,clan_date_1,米泽城,无,已登场,留守显宗,部将,直臣,伊达家,clan_date_2,米泽城,无,已登场,留守显宗,部将,直臣,伊达家,clan_date_2,米泽城,无,已登场,留守显宗,部将,直臣,伊达家,clan_date_2,米泽城,无,已死亡,留守显宗,无效,无效,无,,无效,无,已登场,留守显宗,部将,直臣,伊达家,米泽城,无,已登场,留守显宗,部将,直臣,伊达家,米泽城,无,已登场,留守显宗,浪人,其他,无,小仓之町,无,,"[{""stage"":"""",""tkid"":""1218"",""ref"":""1218"",""emotion"":0}]",,,
lord_tk5_891,,1219,,原长赖,原長賴,原,长赖,Hara Nagayori,kinai,1,1544,1558,1600,战死,,,,,,只限武将,85,85,普通,普通,理想,慎重,重视情义,62,武具,普通,普通,源氏,刀剑,59,60,36,52,39,1,2,1,0,2,1,0,0,0,0,0,0,0,0,0,0,无,强袭，刚弓,无,无要求,,,未登场,原长赖,足轻组头,陪臣（柴田胜家）,织田家,clan_shibata_1,那古野城,无,已登场,原长赖,足轻组头,陪臣（柴田胜家）,织田家,clan_shibata_1,清洲城,无,已登场,原长赖,足轻组头,陪臣（柴田胜家）,织田家,clan_shibata_1,岐阜城,无,已登场,原长赖,足轻组头,陪臣（柴田胜家）,织田家,clan_shibata_1,北之庄城,无,已登场,原长赖,足轻组头,陪臣（柴田胜家）,织田家,clan_shibata_1,北之庄城,无,已登场,原长赖,部将,直臣,丰臣家,clan_kinoshita_1,大坂城,无,未登场,原长赖,足轻组头,陪臣（柴田胜家）,织田家,那古野城,无,已登场,原长赖,足轻组头,直臣,前田家,尾山城,无,已登场,原长赖,浪人,其他,无,八代之町,无,,"[{""stage"":"""",""tkid"":""1219"",""ref"":""1219"",""emotion"":0}]",,,
lord_tk5_892,,1220,,平塚为广,平塚為廣|平塚爲廣,平塚,为广,Hiratsuka Tamihiro,tokai,1,1566,1580,1600,战死,,,,,,只限武将,10,10,普通,勇敢,理想,轻率,重视情义,48,武具,普通,嗜酒如命,平氏,枪,66,72,32,60,65,3,2,2,1,0,2,1,1,1,0,0,0,1,1,0,0,无,强袭，拔突，铁壁，大喝,无,无要求,,,未登场,平塚为广,浪人,其他,无,,井之口之町,无,未登场,平塚为广,浪人,其他,无,,井之口之町,无,未登场,平塚为广,浪人,其他,无,,岐阜之町,无,未登场,平塚为广,浪人,其他,无,,岐阜之町,无,已登场,平塚为广,浪人,其他,无,,岐阜之町,无,已登场,平塚为广,浪人,其他,无,,岐阜之町,无,未登场,平塚为广,浪人,其他,无,井之口之町,无,已登场,平塚为广,足轻组头,直臣,羽柴家,石山本愿寺,无,已登场,平塚为广,浪人,其他,无,金泽之町,无,,"[{""stage"":"""",""tkid"":""1220"",""ref"":""1220"",""emotion"":0}]",,,
lord_tk5_893,,1221,,妻木广忠,妻木廣忠,妻木,广忠,Tsumaki Hirotada,kinai,1,1514,1549,1582,战死,,,,,,全职种,0,55,性急,普通,理想,轻率,重视情义,70,书籍,贪心,嗜酒如命,源氏,刀剑,41,44,50,44,37,1,1,1,0,0,0,1,0,1,0,0,0,0,0,1,0,无,强袭,无,无要求,,,已登场,妻木广忠,足轻大将,陪臣（明智光秀）,斋藤家,clan_akechi_1,稻叶山城,无,已登场,妻木广忠,足轻大将,陪臣（明智光秀）,朝仓家,clan_akechi_1,一乘谷城,无,已登场,妻木广忠,足轻大将,陪臣（明智光秀）,织田家,clan_akechi_1,岐阜城,无,已登场,妻木广忠,足轻大将,陪臣（明智光秀）,织田家,clan_akechi_1,坂本城,无,已登场,妻木广忠,足轻大将,陪臣（明智光秀）,织田家,clan_akechi_1,丹波龟山城,无,已死亡,妻木广忠,无效,无效,无,,无效,无,已登场,妻木广忠,足轻大将,陪臣（明智光秀）,斋藤家,稻叶山城,无,已死亡,妻木广忠,无效,无效,无,无效,无,已登场,妻木广忠,浪人,其他,无,鸣门之町,无,,"[{""stage"":"""",""tkid"":""1221"",""ref"":""1221"",""emotion"":0}]",,,
lord_tk5_894,,1222,,鸟屋尾满荣,鳥屋尾滿榮,鸟屋,尾满荣,Toyao Mitsunaga,tokai,1,1508,1549,1577,战死,,,,,,全职种,40,40,普通,普通,理想,轻率,重视情义,35,艺术品,普通,滴酒不沾,藤原氏,刀剑,60,54,63,68,53,1,1,0,2,1,0,2,0,0,0,0,2,2,2,1,0,无,拔突,无,无要求,,,已登场,鸟屋尾满荣,足轻组头,直臣,北畠家,clan_kitabatake_1,大河内城,无,已登场,鸟屋尾满荣,足轻组头,直臣,北畠家,clan_kitabatake_2,大河内城,无,已登场,鸟屋尾满荣,足轻组头,直臣,北畠家,clan_kitabatake_2,大河内城,无,已登场,鸟屋尾满荣,侍大将,陪臣（织田信雄）,织田家,clan_oda_2,大河内城,无,已死亡,鸟屋尾满荣,无效,无效,无,,无效,无,已死亡,鸟屋尾满荣,无效,无效,无,,无效,无,已登场,鸟屋尾满荣,足轻组头,直臣,北畠家,大河内城,无,已死亡,鸟屋尾满荣,无效,无效,无,无效,无,已登场,鸟屋尾满荣,中忍,直臣,黑胫巾众,黑胫巾之里,无,,"[{""stage"":"""",""tkid"":""1222"",""ref"":""1222"",""emotion"":0}]",,,
lord_tk5_895,,1223,,野村直隆,,野村,直隆,Nomura Naotaka,kinai,1,1545,1559,1600,病死,,,,,,只限武将,10,70,性急,勇敢,普通,普通,重视情义,67,武具,贪心,嗜酒如命,其他,火绳枪,46,54,45,27,42,2,1,3,0,1,1,0,0,1,1,0,0,0,0,0,1,无,强袭，急所击，刚力,无,无要求,,,未登场,野村直隆,足轻大将,直臣,浅井家,clan_azai_1,小谷城,无,已登场,野村直隆,足轻大将,直臣,浅井家,clan_azai_2,小谷城,无,已登场,野村直隆,足轻大将,直臣,浅井家,clan_azai_2,小谷城,无,已登场,野村直隆,足轻大将,陪臣（羽柴秀吉）,织田家,clan_kinoshita_1,长滨城,无,已登场,野村直隆,足轻大将,陪臣（羽柴秀吉）,织田家,clan_kinoshita_1,姬路城,无,已登场,野村直隆,足轻大将,直臣,丰臣家,clan_kinoshita_1,大坂城,无,未登场,野村直隆,足轻大将,直臣,浅井家,小谷城,无,已登场,野村直隆,足轻大将,直臣,羽柴家,石山本愿寺,无,已登场,野村直隆,浪人,其他,无,仙台之町,无,,"[{""stage"":"""",""tkid"":""1223"",""ref"":""1223"",""emotion"":0}]",,,
lord_tk5_896,,1224,,土居清良,,土居,清良,Doi Kiyoyoshi,saikai,1,1546,1560,1629,病死,,,,,,全职种,30,30,温和,普通,现实,普通,普通,80,书籍,贪心,嗜酒如命,其他,刀剑,81,77,86,90,83,2,2,3,1,2,1,2,0,1,3,1,2,3,3,2,1,土龙攻,强袭，急所击，刚弓,能吏,一般条件,,,未登场,土居清良,部将,陪臣（西园寺公广）,河野家,clan_saionji_1,宇和岛城,无,已登场,土居清良,部将,陪臣（西园寺公广）,河野家,clan_saionji_1,宇和岛城,无,已登场,土居清良,部将,陪臣（西园寺公广）,河野家,clan_saionji_1,宇和岛城,无,已登场,土居清良,部将,陪臣（西园寺公广）,大友家,clan_saionji_1,宇和岛城,无,已登场,土居清良,部将,陪臣（西园寺公广）,大友家,clan_saionji_1,宇和岛城,无,已登场,土居清良,浪人,其他,无,,府内之町,无,未登场,土居清良,部将,陪臣（西园寺公广）,河野家,宇和岛城,无,已登场,土居清良,部将,陪臣（西园寺公广）,大友家,宇和岛城,无,已登场,土居清良,浪人,其他,无,丸龟之町,无,,"[{""stage"":"""",""tkid"":""1224"",""ref"":""1224"",""emotion"":0}]",,,
lord_tk5_897,,1225,,岛津忠直,島津忠直,岛津,忠直,Shimazu Tadanao,tosan,1,1534,1549,1604,病死,,,,,,只限武将,15,15,温和,胆小,现实,慎重,重视情义,40,书籍,普通,普通,源氏,刀剑,42,33,42,47,60,1,1,0,0,0,0,1,0,1,0,0,0,2,0,1,2,无,拔突,无,无要求,,,已登场,岛津忠直,浪人,其他,无,,小诸之町,无,已登场,岛津忠直,浪人,其他,无,,小诸之町,无,已登场,岛津忠直,浪人,其他,无,,小诸之町,无,已登场,岛津忠直,浪人,其他,无,,小诸之町,无,已登场,岛津忠直,浪人,其他,无,,小诸之町,无,已登场,岛津忠直,浪人,其他,无,,小诸之町,无,已登场,岛津忠直,浪人,其他,无,小诸之町,无,已登场,岛津忠直,部将,直臣,上杉家,春日山城,无,已登场,岛津忠直,水夫头,直臣,村上水军,三岛之砦,无,,"[{""stage"":"""",""tkid"":""1225"",""ref"":""1225"",""emotion"":0}]",,,
lord_tk5_898,,1226,,一柳直末,,一柳,直末,Ichiyanagi Naomatsu,kinai,1,1553,1567,1590,战死,一柳直高,,,,lord_tk5_953,全职种,10,12,普通,普通,理想,轻率,重视情义,40,书籍,普通,普通,其他,刀剑,71,63,58,56,52,1,0,0,0,2,1,1,0,1,2,0,3,2,2,0,0,无,拔突，刚弓，卷枪，引落，刚力，丢钱,无,无要求,,,未登场,一柳直末,浪人,其他,无,,石山之町,无,未登场,一柳直末,浪人,其他,无,,石山之町,无,已登场,一柳直末,浪人,其他,无,,石山之町,无,已登场,一柳直末,浪人,其他,无,,石山之町,无,已登场,一柳直末,浪人,其他,无,,石山之町,无,已死亡,一柳直末,无效,无效,无,,无效,无,未登场,一柳直末,浪人,其他,无,石山之町,无,已登场,一柳直末,足轻大将,直臣,羽柴家,石山本愿寺,无,已登场,一柳直末,部将,直臣,一宫家,春日山城,无,,"[{""stage"":"""",""tkid"":""1226"",""ref"":""1226"",""emotion"":0}]",,,
lord_tk5_899,,1227,,三木直赖,三木直賴,三木,直赖,Miki Choku,tosan,1,1497,1549,1554,病死,,,,,lord_tk5_42|lord_tk5_907,只限武将,20,20,普通,勇敢,现实,普通,普通,70,书籍,贪心,嗜酒如命,藤原氏,刀剑,62,55,60,61,62,1,0,0,1,0,0,1,0,2,0,0,0,2,2,0,1,无,拔突,无,无要求,,,已死亡,三木直赖,无效,无效,无,clan_anekouji_1,无效,无,已死亡,三木直赖,无效,无效,无,clan_anekouji_1,无效,无,已死亡,三木直赖,无效,无效,无,clan_anekouji_1,无效,无,已死亡,三木直赖,无效,无效,无,clan_anekouji_1,无效,无,已死亡,三木直赖,无效,无效,无,clan_anekouji_1,无效,无,已死亡,三木直赖,无效,无效,无,,无效,无,已登场,三木直赖,大名,首领,三木家,松仓城,无,已死亡,三木直赖,无效,无效,无,无效,无,已登场,三木直赖,家老,直臣,三刀屋家,骏府城,无,,"[{""stage"":"""",""tkid"":""1227"",""ref"":""1227"",""emotion"":0}]",,,
lord_tk5_900,,1228,,杉浦玄任,,杉浦,玄任,Sugiura Gennin,kinai,1,1517,1549,1575,战死,,,,,,全职种,50,50,温和,勇敢,理想,普通,普通,15,武具,普通,嗜酒如命,其他,枪,71,62,55,59,57,3,0,2,0,0,2,2,1,2,2,1,0,1,0,0,1,百发百中,强袭，拔突，铁壁,无,一般条件,,,已登场,杉浦玄任,部将,直臣,本愿寺,clan_honganji_1,石山本愿寺,无,已登场,杉浦玄任,部将,直臣,本愿寺,clan_honganji_1,石山本愿寺,无,已登场,杉浦玄任,部将,直臣,本愿寺,clan_honganji_1,石山本愿寺,无,已登场,杉浦玄任,部将,直臣,本愿寺,clan_honganji_1,石山本愿寺,无,已死亡,杉浦玄任,无效,无效,无,,无效,无,已死亡,杉浦玄任,无效,无效,无,,无效,无,已登场,杉浦玄任,部将,直臣,本愿寺,石山本愿寺,无,已死亡,杉浦玄任,无效,无效,无,无效,无,已登场,杉浦玄任,水夫头,直臣,相模水军,三崎之砦,无,,"[{""stage"":"""",""tkid"":""1228"",""ref"":""1228"",""emotion"":0}]",,,
lord_tk5_901,,1229,,色部显长,色部顯長,色部,显长,Irobe Akinaga,hokuriku,1,1549,1563,1587,病死,lord_tk5_112,,,,lord_tk5_112|lord_tk5_113,全职种,15,15,普通,胆小,现实,慎重,普通,42,艺术品,普通,嗜酒如命,平氏,刀剑,38,38,52,43,37,1,1,0,0,1,0,2,0,2,0,1,0,2,2,0,1,无,强袭,无,一般条件,,,未登场,色部显长,足轻组头,陪臣（色部胜长）,长尾家,clan_irobe_1,春日山城,无,未登场,色部显长,足轻组头,陪臣（色部胜长）,长尾家,clan_irobe_1,春日山城,无,已登场,色部显长,足轻组头,陪臣（色部胜长）,上杉家,clan_irobe_1,春日山城,无,已登场,色部显长,足轻组头,直臣,上杉家,clan_uesugi_1,春日山城,无,已登场,色部显长,足轻组头,直臣,上杉家,clan_uesugi_2,春日山城,无,已死亡,色部显长,无效,无效,无,,无效,无,未登场,色部显长,足轻组头,陪臣（色部胜长）,长尾家,春日山城,无,已登场,色部显长,足轻组头,直臣,上杉家,春日山城,无,已登场,色部显长,浪人,其他,无,杂贺之町,无,,"[{""stage"":"""",""tkid"":""1229"",""ref"":""1229"",""emotion"":0}]",,,
lord_tk5_902,,1230,,中条藤资,中條藤資,中条,藤资,Chujou Fujisuke,hokuriku,1,1480,1549,1574,病死,,,,,,只限武将,15,15,普通,胆小,现实,慎重,不重情义,45,武具,普通,普通,平氏,枪,61,66,46,62,45,1,2,0,1,0,0,2,1,0,0,0,1,0,1,0,2,无,拔突,无,一般条件,,,已登场,中条藤资,部将,直臣,长尾家,clan_uesugi_1,春日山城,无,已登场,中条藤资,部将,直臣,长尾家,clan_uesugi_1,春日山城,无,已登场,中条藤资,部将,直臣,上杉家,clan_uesugi_1,春日山城,无,已死亡,中条藤资,无效,无效,无,,无效,无,已死亡,中条藤资,无效,无效,无,,无效,无,已死亡,中条藤资,无效,无效,无,,无效,无,已登场,中条藤资,部将,直臣,长尾家,春日山城,无,已死亡,中条藤资,无效,无效,无,无效,无,已登场,中条藤资,部将,直臣,中岛家,岩尾城,无,,"[{""stage"":"""",""tkid"":""1230"",""ref"":""1230"",""emotion"":0}]",,,
lord_tk5_903,,1231,,江上家种,江上家種,江上,家种,Ryuzoji Ietane,saikai,1,1558,1572,1593,病死,lord_tk5_785,,,,lord_tk5_785|lord_tk5_788,只限武将,60,60,普通,勇敢,理想,慎重,重视情义,53,南蛮物,普通,嗜酒如命,其他,刀剑,73,63,25,25,64,3,2,3,2,0,2,1,0,1,0,1,0,0,0,0,1,无,强袭，拔突，急所击，刚力，铁壁,无,无要求,,,未登场,江上家种,部将,直臣,龙造寺家,clan_ryuzoji_1,佐嘉城,无,未登场,江上家种,部将,直臣,龙造寺家,clan_ryuzoji_1,佐嘉城,无,未登场,江上家种,部将,直臣,龙造寺家,clan_ryuzoji_1,佐嘉城,无,已登场,江上家种,部将,直臣,龙造寺家,clan_ryuzoji_1,佐嘉城,无,已登场,江上家种,部将,直臣,龙造寺家,clan_ryuzoji_1,佐嘉城,无,已死亡,江上家种,无效,无效,无,,无效,无,未登场,江上家种,部将,直臣,龙造寺家,佐嘉城,无,已登场,江上家种,部将,直臣,龙造寺家,佐嘉城,无,已登场,江上家种,部将,直臣,上泉家,内城,无,,"[{""stage"":"""",""tkid"":""1231"",""ref"":""1231"",""emotion"":0}]",,,
lord_tk5_904,,1232,,甘粕景继,甘粕景繼,甘粕,景继,Amakasu Kagezane,ou,1,1550,1564,1611,病死,,,,,,只限武将,15,15,性急,勇敢,理想,普通,不重情义,67,武具,贪心,滴酒不沾,源氏,刀剑,80,72,36,35,32,2,1,0,0,1,2,0,0,0,1,1,0,0,1,0,0,无,强袭，拔突，刚力，铁壁,无,无要求,,,未登场,甘粕景继,足轻组头,直臣,长尾家,clan_uesugi_1,春日山城,无,未登场,甘粕景继,足轻组头,直臣,长尾家,clan_uesugi_1,春日山城,无,已登场,甘粕景继,足轻组头,直臣,上杉家,clan_uesugi_1,春日山城,无,已登场,甘粕景继,足轻组头,直臣,上杉家,clan_uesugi_1,春日山城,无,已登场,甘粕景继,足轻组头,直臣,上杉家,clan_uesugi_2,春日山城,无,已登场,甘粕景继,侍大将,直臣,上杉家,clan_uesugi_2,会津若松城,无,未登场,甘粕景继,足轻组头,直臣,长尾家,春日山城,无,已登场,甘粕景继,足轻组头,直臣,上杉家,春日山城,无,已登场,甘粕景继,浪人,其他,无,堺之町,无,,"[{""stage"":"""",""tkid"":""1232"",""ref"":""1232"",""emotion"":0}]",,,
lord_tk5_905,,1233,,安田作兵卫,安田作兵衛,安田,作兵卫,Yasuda Sakuhei,kinai,1,1556,1570,1597,病死,,,,,,只限武将,0,55,性急,勇敢,理想,轻率,不重情义,44,武具,贪心,普通,其他,枪,38,65,31,22,72,1,2,0,0,0,2,1,0,1,0,0,0,0,0,0,0,无,强袭，拔突，铁壁,无,无要求,,,未登场,安田作兵卫,足轻组头,陪臣（明智光秀）,朝仓家,clan_akechi_1,一乘谷城,无,未登场,安田作兵卫,足轻组头,陪臣（明智光秀）,朝仓家,clan_akechi_1,一乘谷城,无,未登场,安田作兵卫,足轻组头,陪臣（明智光秀）,朝仓家,clan_akechi_1,一乘谷城,无,已登场,安田作兵卫,足轻组头,陪臣（明智光秀）,织田家,clan_akechi_1,坂本城,无,已登场,安田作兵卫,足轻组头,陪臣（明智光秀）,织田家,clan_akechi_1,丹波龟山城,无,已死亡,安田作兵卫,无效,无效,无,,无效,无,未登场,安田作兵卫,足轻组头,陪臣（明智光秀）,朝仓家,一乘谷城,无,已登场,安田作兵卫,浪人,其他,无,博多之町,无,已登场,安田作兵卫,浪人,其他,无,木更津之町,无,,"[{""stage"":"""",""tkid"":""1233"",""ref"":""1233"",""emotion"":0}]",,,
lord_tk5_906,300,1234,,河野通直,,河野,通直,Kawano Michinao,nankai,1,1500,1549,1572,病死,lord_tk5_301,,,,,全职种,40,40,普通,普通,现实,轻率,普通,50,艺术品,普通,普通,其他,刀剑,32,26,77,63,42,0,1,0,0,0,0,1,0,0,0,0,1,2,2,0,0,无,拔突,无,无要求,,,已登场,河野通直,家老,直臣,河野家,clan_kawano_1,汤筑城,无,已登场,河野通直,家老,直臣,河野家,clan_kawano_1,汤筑城,无,已登场,河野通直,家老,直臣,河野家,clan_kawano_1,汤筑城,无,已死亡,河野通直,无效,无效,无,,无效,无,已死亡,河野通直,无效,无效,无,,无效,无,已死亡,河野通直,无效,无效,无,,无效,无,已登场,河野通直,家老,直臣,河野家,汤筑城,无,已死亡,河野通直,无效,无效,无,无效,无,已登场,河野通直,部将,直臣,河尻家,水户城,无,"[{""stage"":""通"",""tkid"":""300"",""ref"":"""",""emotion"":1},{""stage"":""直"",""tkid"":""1234"",""ref"":"""",""emotion"":1}]","[{""stage"":""直"",""tkid"":""1234"",""ref"":""1234"",""emotion"":1}]",,,
lord_tk5_907,,1235,,姊小路良赖,姉小路良頼|三木良纲|三木良綱|姊小路良賴,姊小路,良赖,Anekouji Yoshiyori,tosan,1,1516,1549,1572,病死,lord_tk5_899,,,,lord_tk5_42|lord_tk5_899,只限武将,20,20,普通,勇敢,现实,普通,不重情义,75,艺术品,贪心,普通,藤原氏,刀剑,55,50,43,61,54,1,1,0,1,1,0,1,0,1,1,1,0,2,2,1,0,无,强袭,无,无要求,,,已登场,三木良纲,大名,首领,三木家,clan_anekouji_1,松仓城,无,已登场,三木良纲,大名,首领,三木家,clan_anekouji_1,松仓城,无,已登场,姊小路良赖,大名,首领,姊小路家,clan_anekouji_1,松仓城,无,已死亡,姊小路良赖,无效,无效,无,clan_anekouji_1,无效,无,已死亡,姊小路良赖,无效,无效,无,clan_anekouji_1,无效,无,已死亡,姊小路良赖,无效,无效,无,,无效,无,已登场,三木良纲,家老,直臣,三木家,松仓城,无,已死亡,姊小路良赖,无效,无效,无,无效,无,已登场,姊小路良赖,部将,直臣,小笠原家,小仓城,无,,"[{""stage"":"""",""tkid"":""1235"",""ref"":""1235"",""emotion"":0}]",,,
lord_tk5_908,,1236,,竹中久作,,竹中,久作,Takenaka Kyusaku,sanyo,1,1546,1560,1582,战死,竹中重元,,,,lord_tk5_455,全职种,10,10,温和,胆小,现实,慎重,普通,34,书籍,普通,滴酒不沾,源氏,刀剑,37,38,55,62,61,2,1,0,0,1,0,1,0,1,3,2,2,1,2,1,2,齐攻,强袭，连续斩，刚力，铁壁,无,无要求,,,未登场,竹中久作,足轻大将,陪臣（安藤守就）,斋藤家,clan_andoo_1,大垣城,无,已登场,竹中久作,足轻大将,陪臣（安藤守就）,斋藤家,clan_andoo_1,大垣城,无,已登场,竹中久作,足轻大将,陪臣（木下藤吉郎）,织田家,clan_kinoshita_1,岐阜城,无,已登场,竹中久作,足轻大将,陪臣（羽柴秀吉）,织田家,clan_kinoshita_1,长滨城,无,已登场,竹中久作,足轻大将,陪臣（羽柴秀吉）,织田家,clan_kinoshita_1,姬路城,无,已死亡,竹中久作,无效,无效,无,,无效,无,未登场,竹中久作,足轻大将,陪臣（安藤守就）,斋藤家,大垣城,无,已死亡,竹中久作,无效,无效,无,无效,无,已登场,竹中久作,伙计,直臣,百货屋,敦贺之町,无,,"[{""stage"":"""",""tkid"":""1236"",""ref"":""1236"",""emotion"":0}]",,,
lord_tk5_909,,1237,,阿闭贞征,阿閉貞征|阿閉貞徵,阿闭,贞征,Abee Sadayuki,kinai,1,1528,1549,1582,战死,,,,,,只限武将,10,10,普通,胆小,现实,慎重,不重情义,53,艺术品,普通,普通,其他,刀剑,25,41,37,46,65,1,1,0,0,1,0,1,0,0,1,0,0,1,0,1,0,无,强袭,无,无要求,,,已登场,阿闭贞征,部将,直臣,浅井家,clan_azai_1,小谷城,无,已登场,阿闭贞征,部将,直臣,浅井家,clan_azai_2,小谷城,无,已登场,阿闭贞征,部将,直臣,浅井家,clan_azai_2,小谷城,无,已登场,阿闭贞征,部将,直臣,织田家,clan_oda_1,岐阜城,无,已登场,阿闭贞征,部将,直臣,织田家,clan_oda_1,安土城,无,已死亡,阿闭贞征,无效,无效,无,,无效,无,已登场,阿闭贞征,部将,直臣,浅井家,小谷城,无,已死亡,阿闭贞征,无效,无效,无,无效,无,已登场,阿闭贞征,浪人,其他,无,博多之町,无,,"[{""stage"":"""",""tkid"":""1237"",""ref"":""1237"",""emotion"":0}]",,,
lord_tk5_910,,1238,,森田净云,森田淨雲|森田浄云,森田,净云,Morita Joun,kinai,1,1510,1549,1581,战死,,,,,,没那个意思,50,50,普通,勇敢,理想,轻率,普通,65,武具,贪心,嗜酒如命,其他,刀剑,64,77,46,60,35,2,2,0,0,2,2,1,2,2,0,0,0,0,1,2,0,齐攻,强袭，拔突，二连苦无，刚弓，铁壁,无,无要求,,,已登场,森田净云,浪人,其他,无,,奈良之町,无,已登场,森田净云,浪人,其他,无,,奈良之町,无,已登场,森田净云,浪人,其他,无,,奈良之町,无,已登场,森田净云,浪人,其他,无,,奈良之町,无,已死亡,森田净云,无效,无效,无,,无效,无,已死亡,森田净云,无效,无效,无,,无效,无,已登场,森田净云,浪人,其他,无,奈良之町,无,已死亡,森田净云,无效,无效,无,无效,无,已登场,森田净云,浪人,其他,无,清洲之町,无,,"[{""stage"":"""",""tkid"":""1238"",""ref"":""1238"",""emotion"":0}]",,,
lord_tk5_911,,1239,,熊谷元直,熊穀元直,熊谷,元直,Kumagai Motonao,sanyo,1,1555,1569,1605,病死,,,,,,全职种,45,45,性急,勇敢,理想,轻率,普通,46,南蛮物,普通,普通,平氏,刀剑,49,45,41,34,52,2,0,0,2,1,2,0,0,0,0,0,0,0,0,0,0,加护,强袭，拔突，铁壁,无,无要求,,,未登场,熊谷元直,足轻组头,直臣,毛利家,clan_mori_1,吉田郡山城,无,未登场,熊谷元直,足轻组头,直臣,毛利家,clan_mori_1,吉田郡山城,无,未登场,熊谷元直,足轻组头,直臣,毛利家,clan_mori_1,吉田郡山城,无,已登场,熊谷元直,足轻组头,直臣,毛利家,clan_mori_2,吉田郡山城,无,已登场,熊谷元直,足轻组头,直臣,毛利家,clan_mori_2,吉田郡山城,无,已登场,熊谷元直,足轻大将,直臣,毛利家,clan_mori_2,广岛城,无,未登场,熊谷元直,足轻组头,直臣,毛利家,吉田郡山城,无,已登场,熊谷元直,足轻组头,直臣,毛利家,吉田郡山城,无,已登场,熊谷元直,中忍,直臣,钵屋众,钵屋之里,无,,"[{""stage"":"""",""tkid"":""1239"",""ref"":""1239"",""emotion"":0}]",,,
lord_tk5_912,,1240,,明智光安,,明智,光安,Akechi Mitsuyasu,tokai,1,1500,1549,1556,战死,明智光继,,,,lord_tk5_14,只限武将,0,60,温和,胆小,现实,慎重,重视情义,45,书籍,普通,普通,源氏,刀剑,69,42,61,51,77,3,2,0,1,2,1,1,0,0,1,0,0,3,2,0,1,齐攻,拔突，刚弓,无,无要求,,,已登场,明智光安,部将,直臣,斋藤家,clan_saitoo_1,稻叶山城,无,已死亡,明智光安,无效,无效,无,clan_akechi_1,无效,无,已死亡,明智光安,无效,无效,无,clan_akechi_1,无效,无,已死亡,明智光安,无效,无效,无,clan_akechi_1,无效,无,已死亡,明智光安,无效,无效,无,clan_akechi_1,无效,无,已死亡,明智光安,无效,无效,无,,无效,无,已登场,明智光安,部将,直臣,斋藤家,稻叶山城,无,已死亡,明智光安,无效,无效,无,无效,无,已登场,明智光安,浪人,其他,无,奈良之町,无,,"[{""stage"":"""",""tkid"":""1240"",""ref"":""1240"",""emotion"":0}]",,,
lord_tk5_913,,1241,,别所重栋,別所重棟,别所,重栋,Bessho Juu,kinai,1,1529,1549,1591,病死,lord_tk5_842,,,,lord_tk5_621|lord_tk5_842,全职种,0,30,普通,胆小,普通,慎重,普通,56,艺术品,普通,普通,源氏,刀剑,49,45,45,54,32,1,0,0,1,1,1,0,0,0,1,2,0,2,1,0,0,齐攻,强袭,无,无要求,,,已登场,别所重栋,部将,陪臣（别所就治）,赤松家,clan_bessho_1,三木城,无,已登场,别所重栋,部将,陪臣（别所就治）,赤松家,clan_bessho_1,三木城,无,已登场,别所重栋,部将,陪臣（别所长治）,赤松家,clan_bessho_2,三木城,无,已登场,别所重栋,部将,陪臣（别所长治）,赤松家,clan_bessho_2,三木城,无,已登场,别所重栋,部将,直臣,织田家,clan_oda_1,安土城,无,已死亡,别所重栋,无效,无效,无,,无效,无,已登场,别所重栋,部将,陪臣（别所就治）,赤松家,三木城,无,已登场,别所重栋,部将,直臣,羽柴家,石山本愿寺,无,已登场,别所重栋,浪人,其他,无,安土之町,无,,"[{""stage"":"""",""tkid"":""1241"",""ref"":""1241"",""emotion"":0}]",,,
lord_tk5_914,,1242,,小川佑忠,小川祐忠,小川,佑忠,Ogawa Suketada,kinai,1,1547,1561,1601,病死,,,,,,只限武将,0,90,普通,胆小,现实,慎重,不重情义,52,艺术品,普通,普通,藤原氏,刀剑,36,45,51,38,27,1,0,1,0,0,0,0,0,1,0,0,2,1,2,0,0,无,拔突,无,无要求,,,未登场,小川佑忠,足轻组头,陪臣（明智光秀）,朝仓家,clan_akechi_1,一乘谷城,无,未登场,小川佑忠,足轻组头,陪臣（明智光秀）,朝仓家,clan_akechi_1,一乘谷城,无,已登场,小川佑忠,足轻组头,陪臣（明智光秀）,织田家,clan_akechi_1,岐阜城,无,已登场,小川佑忠,足轻组头,陪臣（明智光秀）,织田家,clan_akechi_1,坂本城,无,已登场,小川佑忠,足轻组头,陪臣（明智光秀）,织田家,clan_akechi_1,丹波龟山城,无,已登场,小川佑忠,部将,直臣,丰臣家,clan_kinoshita_1,大坂城,无,未登场,小川佑忠,足轻组头,陪臣（明智光秀）,朝仓家,一乘谷城,无,已登场,小川佑忠,部将,直臣,羽柴家,石山本愿寺,无,已登场,小川佑忠,部将,直臣,小笠原家,小仓城,无,,"[{""stage"":"""",""tkid"":""1242"",""ref"":""1242"",""emotion"":0}]",,,
lord_tk5_915,,1243,,吉弘镇信,吉弘鎮信,吉弘,镇信,Yoshihiro Shigenobu,saikai,1,1540,1554,1578,战死,lord_tk5_778,,,,lord_tk5_439|lord_tk5_457|lord_tk5_458|lord_tk5_778,只限武将,80,80,普通,普通,普通,普通,重视情义,70,南蛮物,贪心,普通,藤原氏,刀剑,56,55,51,48,49,2,2,0,0,1,0,0,0,0,0,1,0,2,1,0,0,齐攻,强袭，连续斩,无,无要求,,,已登场,吉弘镇信,足轻组头,直臣,大友家,clan_otomo_1,府内城,无,已登场,吉弘镇信,足轻组头,直臣,大友家,clan_otomo_1,府内城,无,已登场,吉弘镇信,足轻组头,直臣,大友家,clan_otomo_1,府内城,无,已登场,吉弘镇信,足轻组头,直臣,大友家,clan_otomo_1,府内城,无,已死亡,吉弘镇信,无效,无效,无,clan_otomo_1,无效,无,已死亡,吉弘镇信,无效,无效,无,clan_tachibana_2,无效,无,未登场,吉弘镇信,足轻组头,直臣,大友家,府内城,无,已死亡,吉弘镇信,无效,无效,无,无效,无,已登场,吉弘镇信,浪人,其他,无,松仓之町,无,,"[{""stage"":"""",""tkid"":""1243"",""ref"":""1243"",""emotion"":0}]",,,
lord_tk5_916,,1244,,佃十成,,佃,十成,Tsukuda Junari,kinai,1,1553,1567,1634,病死,,,,,,全职种,15,15,温和,胆小,现实,普通,普通,50,南蛮物,普通,普通,源氏,刀剑,58,56,53,43,67,1,2,2,1,0,1,2,0,2,0,0,0,1,0,1,0,无,强袭,无,无要求,,,未登场,佃十成,足轻组头,直臣,织田家,clan_oda_1,清洲城,无,未登场,佃十成,足轻组头,直臣,织田家,clan_oda_1,清洲城,无,已登场,佃十成,足轻组头,直臣,织田家,clan_oda_1,岐阜城,无,已登场,佃十成,足轻组头,直臣,织田家,clan_oda_1,岐阜城,无,已登场,佃十成,足轻组头,直臣,织田家,clan_oda_1,安土城,无,已登场,佃十成,浪人,其他,无,,大坂之町,无,未登场,佃十成,足轻组头,直臣,织田家,那古野城,无,已登场,佃十成,足轻大将,陪臣（加藤嘉明）,羽柴家,石山本愿寺,无,已登场,佃十成,部将,直臣,十河家,广岛城,无,,"[{""stage"":"""",""tkid"":""1244"",""ref"":""1244"",""emotion"":0}]",,,
lord_tk5_917,,1245,,大谷吉治,,大谷,吉治,Otsuki Yoshiharu,kinai,1,1580,1594,1615,战死,lord_tk5_165,,,,lord_tk5_165,只限武将,16,16,温和,普通,理想,轻率,重视情义,20,书籍,普通,普通,源氏,枪,49,33,55,80,47,1,0,0,0,0,0,1,0,0,0,0,2,2,1,1,0,无,拔突,无,无要求,,,未登场,大谷吉治,浪人,其他,无,,目加田之町,无,未登场,大谷吉治,浪人,其他,无,,目加田之町,无,未登场,大谷吉治,浪人,其他,无,,目加田之町,无,未登场,大谷吉治,浪人,其他,无,,目加田之町,无,未登场,大谷吉治,浪人,其他,无,clan_kinoshita_1,安土之町,无,已登场,大谷吉治,浪人,其他,无,clan_otsuki_1,安土之町,无,未登场,大谷吉治,浪人,其他,无,目加田之町,无,未登场,大谷吉治,足轻组头,陪臣（大谷吉继）,羽柴家,石山本愿寺,无,已登场,大谷吉治,部将,直臣,大久保家,佐贺城,无,,"[{""stage"":"""",""tkid"":""1245"",""ref"":""1245"",""emotion"":0}]",,,
lord_tk5_918,,1246,,有马丰氏,有馬豐氏,有马,丰氏,Arima Toyouji,sanyo,1,1569,1583,1642,病死,,,,,,只限武将,0,0,普通,胆小,普通,慎重,不重情义,64,艺术品,贪心,普通,源氏,刀剑,61,45,65,54,42,2,1,1,2,0,1,2,0,3,0,0,0,1,0,3,1,土龙攻,拔突,风雅之士,无要求,,,未登场,有马丰氏,浪人,其他,无,,姬路之町,无,未登场,有马丰氏,浪人,其他,无,,姬路之町,无,未登场,有马丰氏,浪人,其他,无,,姬路之町,无,未登场,有马丰氏,浪人,其他,无,,姬路之町,无,未登场,有马丰氏,浪人,其他,无,,姬路之町,无,已登场,有马丰氏,浪人,其他,无,,姬路之町,无,未登场,有马丰氏,浪人,其他,无,姬路之町,无,已登场,有马丰氏,足轻组头,直臣,羽柴家,石山本愿寺,无,已登场,有马丰氏,中忍,直臣,风魔众,风魔之里,无,,"[{""stage"":"""",""tkid"":""1246"",""ref"":""1246"",""emotion"":0}]",,,
lord_tk5_919,,1247,,神代胜利,神代勝利,神代,胜利,Jindai Katsutaka,saikai,1,1511,1549,1565,病死,,,,,,全职种,12,12,普通,勇敢,现实,轻率,普通,50,艺术品,普通,滴酒不沾,其他,枪,62,70,49,75,67,3,2,0,0,2,1,3,0,0,0,0,0,3,2,1,0,无,拔突，刚弓,无,无要求,,,已登场,神代胜利,浪人,其他,无,,平户之町,无,已登场,神代胜利,浪人,其他,无,,平户之町,无,已死亡,神代胜利,无效,无效,无,,无效,无,已死亡,神代胜利,无效,无效,无,,无效,无,已死亡,神代胜利,无效,无效,无,,无效,无,已死亡,神代胜利,无效,无效,无,,无效,无,已登场,神代胜利,浪人,其他,无,平户之町,无,已死亡,神代胜利,无效,无效,无,无效,无,已登场,神代胜利,浪人,其他,无,金泽之町,无,,"[{""stage"":"""",""tkid"":""1247"",""ref"":""1247"",""emotion"":0}]",,,
lord_tk5_920,,1248,,赤星统家,赤星統家,赤星,统家,Akaboshi Munie,saikai,1,1530,1549,1619,病死,,,,,,只限武将,60,60,性急,普通,普通,普通,普通,65,武具,普通,普通,藤原氏,刀剑,35,43,61,44,42,2,2,1,0,1,2,1,0,1,0,1,0,0,1,1,0,无,强袭，拔突，铁壁,无,无要求,,,已登场,赤星统家,侍大将,直臣,龙造寺家,clan_ryuzoji_1,佐嘉城,无,已登场,赤星统家,侍大将,直臣,龙造寺家,clan_ryuzoji_1,佐嘉城,无,已登场,赤星统家,侍大将,直臣,龙造寺家,clan_ryuzoji_1,佐嘉城,无,已登场,赤星统家,侍大将,直臣,龙造寺家,clan_ryuzoji_1,佐嘉城,无,已登场,赤星统家,侍大将,直臣,龙造寺家,clan_ryuzoji_1,佐嘉城,无,已登场,赤星统家,侍大将,直臣,岛津家,clan_shimazu_2,内城,无,已登场,赤星统家,侍大将,直臣,龙造寺家,佐嘉城,无,已登场,赤星统家,侍大将,直臣,龙造寺家,佐嘉城,无,已登场,赤星统家,部将,直臣,赤穴家,中村城,无,,"[{""stage"":"""",""tkid"":""1248"",""ref"":""1248"",""emotion"":0}]",,,
lord_tk5_921,,1249,,伊集院忠朗,,伊集院,忠朗,Ijuin Tadaaki,saikai,1,1502,1549,1566,病死,,,,,,只限武将,30,30,普通,普通,现实,慎重,重视情义,63,南蛮物,普通,嗜酒如命,源氏,火绳枪,54,52,42,57,70,1,1,2,2,0,2,3,0,2,0,1,1,0,0,0,2,齐攻,强袭，拔突，急所击，刚力，铁壁,无,一般条件,,,已登场,伊集院忠朗,家老,直臣,岛津家,clan_shimazu_1,内城,无,已登场,伊集院忠朗,家老,直臣,岛津家,clan_shimazu_1,内城,无,已死亡,伊集院忠朗,无效,无效,无,,无效,无,已死亡,伊集院忠朗,无效,无效,无,,无效,无,已死亡,伊集院忠朗,无效,无效,无,,无效,无,已死亡,伊集院忠朗,无效,无效,无,,无效,无,已登场,伊集院忠朗,家老,直臣,岛津家,内城,无,已死亡,伊集院忠朗,无效,无效,无,无效,无,已登场,伊集院忠朗,浪人,其他,无,温泉津之町,无,,"[{""stage"":"""",""tkid"":""1249"",""ref"":""1249"",""emotion"":0}]",,,
lord_tk5_922,,1250,,桦山久高,樺山久高,桦山,久高,Kabayama Hisataka,saikai,1,1558,1572,1634,病死,,,,,,只限武将,30,30,普通,勇敢,普通,普通,普通,55,武具,普通,普通,源氏,火绳枪,51,54,45,51,45,1,0,1,1,0,1,0,1,0,1,1,0,2,0,0,0,无,急所击,无,无要求,,,未登场,桦山久高,足轻组头,直臣,岛津家,clan_shimazu_1,内城,无,未登场,桦山久高,足轻组头,直臣,岛津家,clan_shimazu_1,内城,无,未登场,桦山久高,足轻组头,直臣,岛津家,clan_shimazu_1,内城,无,已登场,桦山久高,足轻组头,直臣,岛津家,clan_shimazu_1,内城,无,已登场,桦山久高,足轻组头,直臣,岛津家,clan_shimazu_1,内城,无,已登场,桦山久高,侍大将,直臣,岛津家,clan_shimazu_2,内城,无,未登场,桦山久高,足轻组头,直臣,岛津家,内城,无,已登场,桦山久高,足轻组头,直臣,岛津家,内城,无,已登场,桦山久高,部将,直臣,山中家,江户城,无,,"[{""stage"":"""",""tkid"":""1250"",""ref"":""1250"",""emotion"":0}]",,,
lord_tk5_923,,1251,,藤田信吉,,藤田,信吉,Fujita Shinkichi,ou,1,1559,1573,1616,病死,,,,,,全职种,85,85,温和,胆小,理想,慎重,普通,20,艺术品,无欲,滴酒不沾,其他,枪,55,55,61,48,47,1,0,0,0,0,0,0,0,0,1,0,0,2,2,1,1,无,拔突,无,无要求,,,未登场,藤田信吉,足轻组头,直臣,北条家,clan_hojo_1,小田原城,无,未登场,藤田信吉,足轻组头,直臣,北条家,clan_hojo_1,小田原城,无,未登场,藤田信吉,足轻组头,直臣,北条家,clan_hojo_1,小田原城,无,已登场,藤田信吉,足轻组头,直臣,北条家,clan_hojo_2,小田原城,无,已登场,藤田信吉,足轻组头,直臣,北条家,clan_hojo_2,小田原城,无,已登场,藤田信吉,足轻大将,直臣,上杉家,clan_uesugi_2,会津若松城,无,未登场,藤田信吉,足轻组头,直臣,北条家,小田原城,无,已登场,藤田信吉,部将,直臣,上杉家,春日山城,无,已登场,藤田信吉,浪人,其他,无,姬路之町,无,,"[{""stage"":"""",""tkid"":""1251"",""ref"":""1251"",""emotion"":0}]",,,
lord_tk5_924,,1252,,间宫康俊,間宮康俊,间宫,康俊,Mamiya Yasutoshi,kanto,1,1518,1549,1590,战死,,,,,,全职种,80,80,普通,勇敢,理想,轻率,普通,50,武具,普通,嗜酒如命,源氏,刀剑,72,57,52,50,34,3,0,0,4,2,1,2,0,0,0,0,0,0,0,0,0,水上拖延,拔突，刚弓,无,无要求,,,已登场,间宫康俊,船头,直臣,相模水军,clan_ganshojii_1,三崎之砦,无,已登场,间宫康俊,船头,直臣,相模水军,clan_ganshojii_1,三崎之砦,无,已登场,间宫康俊,船头,直臣,相模水军,clan_ganshojii_1,三崎之砦,无,已登场,间宫康俊,船头,直臣,相模水军,clan_ganshojii_1,三崎之砦,无,已登场,间宫康俊,船头,直臣,相模水军,clan_ganshojii_1,三崎之砦,无,已死亡,间宫康俊,无效,无效,无,,无效,无,已登场,间宫康俊,船头,直臣,相模水军,三崎之砦,无,已登场,间宫康俊,船头,直臣,相模水军,三崎之砦,无,已登场,间宫康俊,浪人,其他,无,富山之町,无,,"[{""stage"":"""",""tkid"":""1252"",""ref"":""1252"",""emotion"":0}]",,,
lord_tk5_925,,1253,,由布惟信,,由布,惟信,Yufu Koreyuki,saikai,1,1527,1549,1612,病死,,,,,,只限武将,84,84,普通,勇敢,理想,普通,重视情义,62,武具,普通,普通,其他,刀剑,67,78,52,71,72,3,2,2,0,1,2,3,0,0,0,0,0,1,1,0,0,无,强袭，连续斩，拔突，刚力，铁壁,无,一般条件,,,已登场,由布惟信,足轻组头,陪臣（户次鉴连）,大友家,clan_tachibana_1,府内城,无,已登场,由布惟信,足轻组头,陪臣（户次鉴连）,大友家,clan_tachibana_1,府内城,无,已登场,由布惟信,足轻组头,陪臣（户次鉴连）,大友家,clan_tachibana_1,府内城,无,已登场,由布惟信,足轻组头,陪臣（立花道雪）,大友家,clan_tachibana_1,立花山城,无,已登场,由布惟信,足轻组头,陪臣（立花道雪）,大友家,clan_tachibana_1,立花山城,无,已登场,由布惟信,家老,直臣,立花家,clan_tachibana_2,柳川城,无,已登场,由布惟信,足轻组头,陪臣（户次鉴连）,大友家,府内城,无,已登场,由布惟信,城主,直臣,大友家,冈城,无,已登场,由布惟信,浪人,其他,无,敦贺之町,无,,"[{""stage"":"""",""tkid"":""1253"",""ref"":""1253"",""emotion"":0}]",,,
lord_tk5_926,,1254,,小滨光隆,小濱光隆,小滨,光隆,Kashin Mitsutaka,tokai,1,1572,1586,1645,病死,lord_tk5_207,,,,lord_tk5_207,全职种,88,88,普通,勇敢,现实,普通,普通,40,南蛮物,普通,嗜酒如命,其他,刀剑,54,54,59,40,59,1,0,2,3,1,0,1,0,0,0,0,2,2,1,0,0,水上拖延,强袭，连续斩，刚力,无,无要求,,,未登场,小滨光隆,水夫头,陪臣（小滨景隆）,骏河水军,clan_kashin_1,清水之砦,无,未登场,小滨光隆,水夫头,陪臣（小滨景隆）,骏河水军,clan_kashin_1,清水之砦,无,未登场,小滨光隆,水夫头,陪臣（小滨景隆）,骏河水军,clan_kashin_1,清水之砦,无,未登场,小滨光隆,水夫头,陪臣（小滨景隆）,骏河水军,clan_kashin_1,清水之砦,无,已登场,小滨光隆,水夫头,陪臣（小滨景隆）,骏河水军,clan_kashin_1,清水之砦,无,已登场,小滨光隆,浪人,其他,无,clan_kashin_1,骏府之町,无,未登场,小滨光隆,水夫头,陪臣（小滨景隆）,骏河水军,清水之砦,无,已登场,小滨光隆,水夫头,陪臣（小滨景隆）,骏河水军,清水之砦,无,已登场,小滨光隆,部将,直臣,小笠原家,小仓城,无,,"[{""stage"":"""",""tkid"":""1254"",""ref"":""1254"",""emotion"":0}]",,,
lord_tk5_927,,1255,,天草四郎,,天草,四郎,Amakusa Shirou,ronin,1,1546,1560,1638,战死,,,,,,全职种,50,50,性急,勇敢,理想,轻率,普通,78,南蛮物,贪心,普通,其他,刀剑,67,32,57,77,89,1,1,3,0,0,2,1,1,0,0,0,2,0,3,0,0,加护,强袭，拔突，急所击，铁壁，伤药,无,不可,天主教大名 大友宗麟/有马晴信/黑田如水/小西行长,,已死亡,天草四郎,无效,无效,无,,无效,无,已死亡,天草四郎,无效,无效,无,,无效,无,已死亡,天草四郎,无效,无效,无,,无效,无,已死亡,天草四郎,无效,无效,无,,无效,无,已死亡,天草四郎,无效,无效,无,,无效,无,已死亡,天草四郎,无效,无效,无,,无效,无,已死亡,天草四郎,无效,无效,无,无效,无,已死亡,天草四郎,无效,无效,无,无效,无,已登场,天草四郎,家老,直臣,茶屋家,岐阜城,无,,"[{""stage"":"""",""tkid"":""1255"",""ref"":""1255"",""emotion"":0}]",,,
lord_tk5_928,,1256,,船越景直,,船越,景直,Funakoshi Keinao,kanto,1,1540,1554,1611,病死,,,,,,全职种,30,10,温和,普通,现实,普通,普通,42,艺术品,普通,滴酒不沾,藤原氏,刀剑,52,66,45,41,51,1,0,2,3,2,0,2,0,0,0,0,0,1,1,3,0,水上拖延,强袭，刚弓,无,无要求,,,已登场,船越景直,船头,直臣,淡路水军,clan_atagi_1,洲本之砦,无,已登场,船越景直,船头,直臣,淡路水军,clan_atagi_1,洲本之砦,无,已登场,船越景直,船头,直臣,淡路水军,clan_atagi_1,洲本之砦,无,已登场,船越景直,船头,直臣,淡路水军,clan_atagi_1,洲本之砦,无,已登场,船越景直,足轻组头,陪臣（羽柴秀吉）,织田家,clan_kinoshita_1,姬路城,无,已登场,船越景直,部将,直臣,德川家,clan_tokugawa_1,江户城,无,未登场,船越景直,船头,直臣,淡路水军,洲本之砦,无,已登场,船越景直,浪人,其他,无,姬路之町,无,已登场,船越景直,浪人,其他,无,浦户之町,无,,"[{""stage"":"""",""tkid"":""1256"",""ref"":""1256"",""emotion"":0}]",,,
lord_tk5_929,,1257,,伊达小次郎,伊達小次郎,伊达,小次郎,Date Kojirou,ou,1,1568,1578,1590,战死,lord_tk5_464,,,lord_tk5_465,lord_tk5_71|lord_tk5_464|lord_tk5_465|lord_tk5_466|lord_tk5_789,只限武将,62,62,性急,勇敢,理想,轻率,不重情义,67,武具,普通,普通,藤原氏,刀剑,26,58,31,59,52,2,1,0,0,1,2,2,0,2,1,0,1,2,1,0,0,骑射突击,强袭，连续斩，毒斩，拔突，急所击，铁壁,无,不可,,主角伊达政宗，兄弟之情剧情,未登场,伊达小次郎,足轻组头,直臣,伊达家,clan_date_1,米泽城,无,未登场,伊达小次郎,足轻组头,直臣,伊达家,clan_date_1,米泽城,无,未登场,伊达小次郎,足轻组头,直臣,伊达家,clan_date_2,米泽城,无,未登场,伊达小次郎,足轻组头,直臣,伊达家,clan_date_2,米泽城,无,已登场,伊达小次郎,足轻组头,直臣,伊达家,clan_date_2,米泽城,无,已死亡,伊达小次郎,无效,无效,无,clan_date_2,无效,无,未登场,伊达小次郎,足轻组头,直臣,伊达家,米泽城,无,已登场,伊达小次郎,足轻组头,直臣,伊达家,米泽城,无,已登场,伊达小次郎,足轻组头,直臣,小笠原家,小仓城,无,,"[{""stage"":"""",""tkid"":""1257"",""ref"":""1257"",""emotion"":0}]",,,
lord_tk5_930,,1258,,金光文右卫门,金光文右衛門,金光,文右卫门,Kanemitsu Bueimon,nankai,1,1563,1577,1621,病死,,,,,,全职种,15,60,温和,勇敢,现实,慎重,普通,34,书籍,无欲,普通,其他,枪,44,57,73,65,62,1,0,1,3,1,2,0,0,2,0,0,3,0,0,0,1,无,强袭，拔突，刚力，铁壁，丢钱,无,无要求,,,未登场,金光文右卫门,船头,直臣,土佐水军,clan_ike_1,十市之砦,无,未登场,金光文右卫门,船头,直臣,土佐水军,clan_ike_1,十市之砦,无,未登场,金光文右卫门,船头,直臣,土佐水军,clan_ike_1,十市之砦,无,未登场,金光文右卫门,船头,直臣,土佐水军,clan_ike_1,十市之砦,无,已登场,金光文右卫门,船头,直臣,土佐水军,clan_ike_1,十市之砦,无,已登场,金光文右卫门,船头,直臣,土佐水军,clan_tosa_1,十市之砦,无,未登场,金光文右卫门,船头,直臣,土佐水军,十市之砦,无,已登场,金光文右卫门,船头,直臣,土佐水军,十市之砦,无,已登场,金光文右卫门,浪人,其他,无,富山之町,无,,"[{""stage"":"""",""tkid"":""1258"",""ref"":""1258"",""emotion"":0}]",,,
lord_tk5_931,,1259,,友野宗善,,友野,宗善,Tomono Sozen,tokai,1,1536,1550,1620,病死,lord_tk5_576,,,,lord_tk5_576,全职种,60,60,温和,普通,普通,慎重,普通,70,书籍,贪心,普通,其他,枪,40,15,72,70,55,0,0,0,0,0,0,0,1,2,1,1,4,2,3,2,1,无,拔突，丢钱，贿赂,无,无要求,,,已登场,友野宗善,掌柜,直臣,友野屋,clan_tomono_1,骏府之町,无,已登场,友野宗善,掌柜,直臣,友野屋,clan_tomono_1,骏府之町,无,已登场,友野宗善,掌柜,直臣,友野屋,clan_tomono_1,骏府之町,无,已登场,友野宗善,浪人,其他,无,,骏府之町,无,已登场,友野宗善,浪人,其他,无,,骏府之町,无,已登场,友野宗善,浪人,其他,无,,骏府之町,无,未登场,友野宗善,掌柜,直臣,友野屋,骏府之町,无,已登场,友野宗善,浪人,其他,无,骏府之町,无,已登场,友野宗善,浪人,其他,无,柳川之町,无,,"[{""stage"":"""",""tkid"":""1259"",""ref"":""1259"",""emotion"":0}]",,,
lord_tk5_932,,1260,,多米元忠,,多米,元忠,Satomii Mototada,kanto,1,1519,1549,1590,病死,,,,,,只限武将,82,82,普通,勇敢,普通,慎重,重视情义,89,书籍,贪心,嗜酒如命,其他,刀剑,73,30,58,77,72,2,3,0,1,2,3,2,0,0,0,2,0,1,1,0,0,无,强袭，连续斩，拔突，刚弓，刚力，铁壁,无,一般条件,,,已登场,多米元忠,部将,直臣,北条家,clan_hojo_1,小田原城,无,已登场,多米元忠,部将,直臣,北条家,clan_hojo_1,小田原城,无,已登场,多米元忠,部将,直臣,北条家,clan_hojo_1,小田原城,无,已登场,多米元忠,部将,直臣,北条家,clan_hojo_2,小田原城,无,已登场,多米元忠,部将,直臣,北条家,clan_hojo_2,小田原城,无,已死亡,多米元忠,无效,无效,无,,无效,无,已登场,多米元忠,部将,直臣,北条家,小田原城,无,已登场,多米元忠,部将,直臣,北条家,小田原城,无,已登场,多米元忠,浪人,其他,无,小仓之町,无,,"[{""stage"":"""",""tkid"":""1260"",""ref"":""1260"",""emotion"":0}]",,,
lord_tk5_933,,1261,,宇野源十郎,,宇野,源十郎,Uno Genjuro,kanto,1,1549,1563,1620,病死,lord_tk5_111,,,,lord_tk5_111,武将以外优先,82,82,温和,胆小,现实,普通,普通,46,艺术品,贪心,普通,其他,枪,44,57,40,66,50,0,0,0,1,0,0,0,0,1,1,1,3,2,3,1,3,无,强袭，伤药，丢钱,无,无要求,,,未登场,宇野源十郎,掌柜,直臣,虎屋,clan_uno_1,小田原之町,无,未登场,宇野源十郎,掌柜,直臣,虎屋,clan_uno_1,小田原之町,无,已登场,宇野源十郎,掌柜,直臣,虎屋,clan_uno_1,小田原之町,无,已登场,宇野源十郎,掌柜,直臣,虎屋,clan_uno_1,小田原之町,无,已登场,宇野源十郎,掌柜,直臣,虎屋,clan_uno_1,小田原之町,无,已登场,宇野源十郎,浪人,其他,无,,小田原之町,无,未登场,宇野源十郎,掌柜,直臣,虎屋,小田原之町,无,已登场,宇野源十郎,掌柜,直臣,虎屋,小田原之町,无,已登场,宇野源十郎,部将,直臣,十河家,广岛城,无,,"[{""stage"":"""",""tkid"":""1261"",""ref"":""1261"",""emotion"":0}]",,,
lord_tk5_934,,1262,,津田宗凡,,津田,宗凡,Tsuda Sohan,kinai,1,1562,1576,1620,病死,lord_tk5_418,,,,lord_tk5_418,武将以外优先,5,20,温和,普通,普通,慎重,重视情义,40,艺术品,普通,滴酒不沾,其他,枪,40,27,58,65,62,1,0,0,1,0,0,1,0,2,0,0,3,0,1,3,2,无,拔突，丢钱,无,无要求,,,未登场,津田宗凡,伙计,陪臣（津田宗及）,天王寺屋,clan_tsuda_3,堺之町,无,未登场,津田宗凡,伙计,陪臣（津田宗及）,天王寺屋,clan_tsuda_3,堺之町,无,未登场,津田宗凡,伙计,陪臣（津田宗及）,天王寺屋,clan_tsuda_3,堺之町,无,已登场,津田宗凡,伙计,直臣,天王寺屋,clan_tsuda_3,堺之町,无,已登场,津田宗凡,伙计,直臣,天王寺屋,clan_tsuda_3,堺之町,无,已登场,津田宗凡,浪人,其他,无,,堺之町,无,未登场,津田宗凡,伙计,陪臣（津田宗及）,天王寺屋,堺之町,无,已登场,津田宗凡,伙计,直臣,天王寺屋,堺之町,无,已登场,津田宗凡,船头,直臣,盐饱水军,盐饱之砦,无,,"[{""stage"":"""",""tkid"":""1262"",""ref"":""1262"",""emotion"":0}]",,,
lord_tk5_935,,1263,,末次平藏,末次平蔵,末次,平藏,Suetsugu Heizo,saikai,1,1546,1560,1630,病死,,,,,,武将以外优先,0,0,普通,普通,普通,普通,不重情义,70,南蛮物,贪心,普通,其他,枪,68,57,59,68,63,1,1,0,1,0,0,0,1,2,0,0,3,2,3,0,2,无,拔突，丢钱,无,一般条件,,,未登场,末次平藏,伙计,直臣,博多屋,clan_shimae_1,博多之町,无,已登场,末次平藏,伙计,直臣,博多屋,clan_shimae_1,博多之町,无,已登场,末次平藏,伙计,直臣,博多屋,clan_shimae_1,博多之町,无,已登场,末次平藏,伙计,直臣,博多屋,clan_shimae_1,博多之町,无,已登场,末次平藏,伙计,直臣,博多屋,clan_shimae_1,博多之町,无,已登场,末次平藏,伙计,直臣,博多屋,clan_shimae_1,博多之町,无,未登场,末次平藏,伙计,直臣,博多屋,博多之町,无,已登场,末次平藏,伙计,直臣,博多屋,博多之町,无,已登场,末次平藏,浪人,其他,无,岐阜之町,无,,"[{""stage"":"""",""tkid"":""1263"",""ref"":""1263"",""emotion"":0}]",,,
lord_tk5_936,,1264,,甘粕景持,,甘粕,景持,Amakasu Kagemochi,ou,1,1535,1549,1604,病死,,,,,,只限武将,15,15,普通,勇敢,普通,普通,重视情义,82,武具,贪心,嗜酒如命,源氏,枪,77,80,39,77,58,3,3,0,0,2,2,3,1,0,0,3,2,0,1,2,2,齐攻,强袭，拔突，刚弓，刚力，铁壁,无,一般条件,,,已登场,甘粕景持,足轻大将,直臣,长尾家,clan_uesugi_1,春日山城,无,已登场,甘粕景持,足轻大将,直臣,长尾家,clan_uesugi_1,春日山城,无,已登场,甘粕景持,足轻大将,直臣,上杉家,clan_uesugi_1,春日山城,无,已登场,甘粕景持,足轻大将,直臣,上杉家,clan_uesugi_1,春日山城,无,已登场,甘粕景持,足轻大将,直臣,上杉家,clan_uesugi_2,春日山城,无,已登场,甘粕景持,部将,直臣,上杉家,clan_uesugi_2,会津若松城,无,已登场,甘粕景持,足轻大将,直臣,长尾家,春日山城,无,已登场,甘粕景持,足轻大将,直臣,上杉家,春日山城,无,已登场,甘粕景持,浪人,其他,无,诹访之町,无,,"[{""stage"":"""",""tkid"":""1264"",""ref"":""1264"",""emotion"":0}]",,,
lord_tk5_937,,1265,,山崎吉家,,山崎,吉家,Yamazaki Yoshiie,hokuriku,1,1516,1549,1573,战死,,,,,,全职种,50,50,性急,勇敢,普通,轻率,普通,75,书籍,贪心,普通,源氏,刀剑,46,39,65,66,64,1,2,0,0,0,0,2,1,0,2,0,0,2,1,1,1,无,强袭,无,无要求,,,已登场,山崎吉家,足轻大将,直臣,朝仓家,clan_asakura_1,一乘谷城,无,已登场,山崎吉家,足轻大将,直臣,朝仓家,clan_asakura_1,一乘谷城,无,已登场,山崎吉家,足轻大将,直臣,朝仓家,clan_asakura_1,一乘谷城,无,已死亡,山崎吉家,无效,无效,无,,无效,无,已死亡,山崎吉家,无效,无效,无,,无效,无,已死亡,山崎吉家,无效,无效,无,,无效,无,已登场,山崎吉家,足轻大将,直臣,朝仓家,一乘谷城,无,已死亡,山崎吉家,无效,无效,无,无效,无,已登场,山崎吉家,部将,直臣,山中家,江户城,无,,"[{""stage"":"""",""tkid"":""1265"",""ref"":""1265"",""emotion"":0}]",,,
lord_tk5_938,,1266,,唐泽玄蕃,唐沢玄蕃|唐澤玄蕃,唐泽,玄蕃,Karasawa Genba,tosan,1,1546,1560,1620,病死,,,,,,武将以外优先,49,49,普通,勇敢,现实,慎重,重视情义,53,武具,普通,嗜酒如命,其他,苦无,66,53,61,64,42,2,1,0,1,0,2,0,4,0,0,1,1,0,0,0,1,鬼脚之术，千里眼术,强袭，拔突，二连苦无，半月，毒苦无，空蝉之术，铁壁，韦陀天之术,无,无要求,,,未登场,唐泽玄蕃,上忍,直臣,户隐众,clan_deura_1,户隐之里,无,已登场,唐泽玄蕃,上忍,直臣,户隐众,clan_deura_1,户隐之里,无,已登场,唐泽玄蕃,上忍,直臣,户隐众,clan_deura_1,户隐之里,无,已登场,唐泽玄蕃,上忍,直臣,户隐众,clan_deura_1,户隐之里,无,已登场,唐泽玄蕃,上忍,直臣,户隐众,clan_deura_1,户隐之里,无,已登场,唐泽玄蕃,上忍,直臣,户隐众,clan_deura_1,户隐之里,无,未登场,唐泽玄蕃,上忍,直臣,户隐众,户隐之里,无,已登场,唐泽玄蕃,上忍,直臣,户隐众,户隐之里,无,已登场,唐泽玄蕃,浪人,其他,无,赤间关之町,无,,"[{""stage"":"""",""tkid"":""1266"",""ref"":""1266"",""emotion"":0}]",,,
lord_tk5_939,,1267,,植田光次,,植田,光次,Uedaa Koji,kinai,1,1512,1549,1586,病死,,,,,,武将以外优先,80,80,普通,胆小,现实,慎重,重视情义,25,艺术品,无欲,普通,其他,苦无,61,56,68,35,64,3,1,3,0,0,2,2,4,1,0,0,1,1,2,0,3,无,强袭，拔突，二连苦无，半月，急所击，毒苦无，铁壁，伤药,无,无要求,,,已登场,植田光次,中忍,直臣,伊贺众,clan_momochi_1,伊贺之里,无,已登场,植田光次,中忍,直臣,伊贺众,clan_momochi_1,伊贺之里,无,已登场,植田光次,中忍,直臣,伊贺众,clan_momochi_1,伊贺之里,无,已登场,植田光次,中忍,直臣,伊贺众,clan_momochi_1,伊贺之里,无,已登场,植田光次,中忍,直臣,伊贺众,clan_momochi_1,伊贺之里,无,已死亡,植田光次,无效,无效,无,,无效,无,已登场,植田光次,中忍,直臣,伊贺众,伊贺之里,无,已登场,植田光次,中忍,直臣,伊贺众,伊贺之里,无,已登场,植田光次,浪人,其他,无,八代之町,无,,"[{""stage"":"""",""tkid"":""1267"",""ref"":""1267"",""emotion"":0}]",,,
lord_tk5_940,,1268,,大林坊俊海,,大林坊,俊海,Obayashibo Shunkai,ou,1,1567,1581,1657,病死,,,,,,全职种,60,60,普通,勇敢,普通,普通,重视情义,30,南蛮物,无欲,嗜酒如命,其他,苦无,55,66,32,56,67,1,1,0,1,1,1,1,4,0,2,1,3,0,2,0,3,无,二连苦无，半月，毒苦无，伤药，丢钱,无,无要求,,,未登场,大林坊俊海,中忍,直臣,黑胫巾众,clan_yanagihara_1,黑胫巾之里,无,未登场,大林坊俊海,中忍,直臣,黑胫巾众,clan_yanagihara_1,黑胫巾之里,无,未登场,大林坊俊海,中忍,直臣,黑胫巾众,clan_yanagihara_1,黑胫巾之里,无,未登场,大林坊俊海,中忍,直臣,黑胫巾众,clan_yanagihara_1,黑胫巾之里,无,已登场,大林坊俊海,中忍,直臣,黑胫巾众,clan_yanagihara_1,黑胫巾之里,无,已登场,大林坊俊海,中忍,直臣,黑胫巾众,clan_yanagihara_1,黑胫巾之里,无,未登场,大林坊俊海,中忍,直臣,黑胫巾众,黑胫巾之里,无,已登场,大林坊俊海,中忍,直臣,黑胫巾众,黑胫巾之里,无,已登场,大林坊俊海,水夫头,直臣,安东水军,十三凑之砦,无,,"[{""stage"":"""",""tkid"":""1268"",""ref"":""1268"",""emotion"":0}]",,,
lord_tk5_941,,1269,,内田托马,内田トメ|內田托馬,内田,托马,Uchida Toma,saikai,1,1538,1552,1618,病死,,,,,,没那个意思,20,20,温和,胆小,理想,慎重,普通,10,南蛮物,普通,滴酒不沾,其他,枪,21,33,64,48,72,0,0,0,0,0,0,0,0,0,0,1,2,0,2,0,4,加护,拔突，伤药，止血，丢钱,能医,一般条件,,,已登场,内田托马,医师,其他,无,,府内之町,无,已登场,内田托马,医师,其他,无,,府内之町,无,已登场,内田托马,医师,其他,无,,府内之町,无,已登场,内田托马,医师,其他,无,,府内之町,无,已登场,内田托马,医师,其他,无,,府内之町,无,已登场,内田托马,医师,其他,无,,府内之町,无,已登场,内田托马,医师,其他,无,府内之町,无,已登场,内田托马,医师,其他,无,府内之町,无,已登场,内田托马,医师,其他,无,宇须岸之町,无,,"[{""stage"":"""",""tkid"":""1269"",""ref"":""1269"",""emotion"":0}]",,,
lord_tk5_942,,1270,,奥弥兵卫,奥弥兵衛|奧彌兵衛,奥弥,兵卫,Oku Yahei,kanto,1,1560,1574,1612,病死,,,,,,全职种,40,40,普通,勇敢,普通,普通,重视情义,50,南蛮物,贪心,嗜酒如命,其他,火绳枪,66,60,66,69,47,0,1,4,0,0,0,1,0,1,0,2,3,0,3,1,0,无,急所击，二挺击，石火，乱射，丢钱,火枪能手,无要求,,,未登场,奥弥兵卫,浪人,其他,无,,足利之町,无,未登场,奥弥兵卫,浪人,其他,无,,足利之町,无,未登场,奥弥兵卫,浪人,其他,无,,足利之町,无,已登场,奥弥兵卫,浪人,其他,无,,足利之町,无,已登场,奥弥兵卫,浪人,其他,无,,足利之町,无,已登场,奥弥兵卫,浪人,其他,无,,足利之町,无,未登场,奥弥兵卫,浪人,其他,无,足利之町,无,已登场,奥弥兵卫,浪人,其他,无,足利之町,无,已登场,奥弥兵卫,浪人,其他,无,鹿儿岛之町,无,,"[{""stage"":"""",""tkid"":""1270"",""ref"":""1270"",""emotion"":0}]",,,
lord_tk5_943,,1271,,秦泉寺丰后,秦泉寺豊後|泰泉寺丰后|秦泉寺豐後,秦泉寺,丰后,Jinzenji Bungo,nankai,1,1511,1549,1562,战死,,,,,,全职种,80,80,普通,勇敢,普通,轻率,不重情义,73,武具,贪心,嗜酒如命,其他,枪,51,67,40,68,52,1,0,0,2,1,2,2,1,0,0,0,1,0,0,0,1,无,强袭，拔突，粘花，铁壁,无,无要求,,,已登场,秦泉寺丰后,足轻组头,直臣,长宗我部家,clan_chosokabe_1,冈丰城,无,已登场,秦泉寺丰后,足轻组头,直臣,长宗我部家,clan_chosokabe_2,冈丰城,无,已死亡,秦泉寺丰后,无效,无效,无,,无效,无,已死亡,秦泉寺丰后,无效,无效,无,,无效,无,已死亡,秦泉寺丰后,无效,无效,无,,无效,无,已死亡,秦泉寺丰后,无效,无效,无,,无效,无,已登场,秦泉寺丰后,足轻组头,直臣,长宗我部家,冈丰城,无,已死亡,秦泉寺丰后,无效,无效,无,无效,无,已登场,秦泉寺丰后,浪人,其他,无,宇须岸之町,无,,"[{""stage"":"""",""tkid"":""1271"",""ref"":""1271"",""emotion"":0}]",,,
lord_tk5_944,,1272,,后藤宗印,後藤宗印,后藤,宗印,Goto Shuuin,saikai,1,1545,1559,1627,病死,,,,,,没那个意思,0,0,普通,普通,理想,轻率,普通,35,南蛮物,无欲,嗜酒如命,藤原氏,火绳枪,52,53,63,61,57,2,2,3,3,1,1,2,1,3,1,2,3,1,3,1,1,加护,拔突，急所击，丢钱,无,一般条件,,,未登场,后藤宗印,浪人,其他,无,,平户之町,无,已登场,后藤宗印,浪人,其他,无,,平户之町,无,已登场,后藤宗印,浪人,其他,无,,平户之町,无,已登场,后藤宗印,浪人,其他,无,,平户之町,无,已登场,后藤宗印,浪人,其他,无,,平户之町,无,已登场,后藤宗印,浪人,其他,无,,平户之町,无,未登场,后藤宗印,浪人,其他,无,平户之町,无,已登场,后藤宗印,浪人,其他,无,平户之町,无,已登场,后藤宗印,浪人,其他,无,甲府之町,无,,"[{""stage"":"""",""tkid"":""1272"",""ref"":""1272"",""emotion"":0}]",,,
lord_tk5_945,,1273,,爱洲元香斋,愛洲元香斎|愛洲元香齋,爱洲,元香斋,Aisu Motokosai,kanto,1,1519,1549,1590,病死,,,,,,没那个意思,60,60,普通,胆小,现实,慎重,普通,20,武具,无欲,普通,源氏,刀剑,53,86,25,22,47,1,0,0,0,0,4,1,0,0,0,0,0,1,0,0,0,无,强袭，连续斩，月影，一刀两断，拔突，浮舟，当身，肋一寸，刚力，金刚力，铁壁，天狗抄，心眼，大喝,剑豪,一般条件,,,已登场,爱洲元香斋,浪人,其他,无,,鹿岛之町,阴流,已登场,爱洲元香斋,浪人,其他,无,,鹿岛之町,阴流,已登场,爱洲元香斋,浪人,其他,无,,鹿岛之町,阴流,已登场,爱洲元香斋,浪人,其他,无,,鹿岛之町,阴流,已登场,爱洲元香斋,浪人,其他,无,,鹿岛之町,阴流,已死亡,爱洲元香斋,无效,无效,无,,无效,无,已登场,爱洲元香斋,浪人,其他,无,鹿岛之町,阴流,已登场,爱洲元香斋,师范,其他,无,鹿岛之町,阴流,已登场,爱洲元香斋,浪人,其他,无,冈崎之町,阴流,,"[{""stage"":"""",""tkid"":""1273"",""ref"":""1273"",""emotion"":0}]",,,
lord_tk5_946,,1274,,上泉泰纲,上泉泰綱,上泉,泰纲,Kamiizumi Yasutaka,kanto,1,1552,1566,1600,战死,,,,lord_tk5_296,lord_tk5_296,全职种,0,0,普通,胆小,现实,普通,普通,50,武具,普通,普通,其他,刀剑,56,65,32,24,42,1,0,0,1,0,2,1,1,0,0,0,0,1,0,0,1,无,强袭，连续斩，月影，拔突，金刚力，铁壁,剑士,无要求,,,未登场,上泉泰纲,浪人,其他,无,clan_kamiizumi_1,厩桥之町,无,未登场,上泉泰纲,浪人,其他,无,clan_kamiizumi_1,厩桥之町,无,已登场,上泉泰纲,浪人,其他,无,,厩桥之町,无,已登场,上泉泰纲,浪人,其他,无,,厩桥之町,无,已登场,上泉泰纲,浪人,其他,无,,厩桥之町,无,已登场,上泉泰纲,浪人,其他,无,,厩桥之町,无,未登场,上泉泰纲,浪人,其他,无,厩桥之町,无,已登场,上泉泰纲,浪人,其他,无,厩桥之町,无,已登场,上泉泰纲,部将,直臣,上泉家,内城,无,,"[{""stage"":"""",""tkid"":""1274"",""ref"":""1274"",""emotion"":0}]",,,
lord_tk5_947,,1275,,濑户方久,瀨戶方久,濑户,方久,Seto Hokyu,tokai,1,1525,1549,1606,病死,,,,,,武将以外优先,80,80,温和,普通,现实,慎重,普通,65,艺术品,普通,普通,源氏,枪,53,25,59,60,65,0,0,1,0,0,0,0,0,2,2,0,4,0,3,2,0,无,拔突，丢钱，贿赂，大宴宾客,无,一般条件,,,已登场,濑户方久,浪人,其他,无,,滨松之町,无,已登场,濑户方久,浪人,其他,无,,滨松之町,无,已登场,濑户方久,浪人,其他,无,,滨松之町,无,已登场,濑户方久,浪人,其他,无,,滨松之町,无,已登场,濑户方久,浪人,其他,无,,滨松之町,无,已登场,濑户方久,浪人,其他,无,,滨松之町,无,已登场,濑户方久,浪人,其他,无,滨松之町,无,已登场,濑户方久,浪人,其他,无,滨松之町,无,已登场,濑户方久,浪人,其他,无,松江之町,无,,"[{""stage"":"""",""tkid"":""1275"",""ref"":""1275"",""emotion"":0}]",,,
lord_tk5_948,,1276,,苏我理右卫门,蘇我理右衛門,苏我,理右卫门,Soga Rimigiemon,kinai,1,1572,1582,1636,病死,,,,,,武将以外优先,50,50,普通,普通,现实,慎重,普通,75,南蛮物,贪心,嗜酒如命,其他,枪,46,47,71,66,67,1,1,1,1,0,0,1,0,3,1,4,3,1,2,2,1,无,拔突，丢钱,无,一般条件,,,未登场,苏我理右卫门,浪人,其他,无,,石山之町,无,未登场,苏我理右卫门,浪人,其他,无,,石山之町,无,未登场,苏我理右卫门,浪人,其他,无,,石山之町,无,未登场,苏我理右卫门,浪人,其他,无,,石山之町,无,已登场,苏我理右卫门,浪人,其他,无,,石山之町,无,已登场,苏我理右卫门,浪人,其他,无,,大坂之町,无,未登场,苏我理右卫门,浪人,其他,无,石山之町,无,已登场,苏我理右卫门,浪人,其他,无,石山之町,无,已登场,苏我理右卫门,浪人,其他,无,油津之町,无,,"[{""stage"":"""",""tkid"":""1276"",""ref"":""1276"",""emotion"":0}]",,,
lord_tk5_949,,1277,,松下常庆,松下常慶,松下,常庆,Matsushita Tsunekiyo,tokai,1,1558,1572,1624,病死,,,,,,武将以外优先,90,90,普通,普通,普通,普通,重视情义,30,书籍,无欲,嗜酒如命,源氏,锁镰,61,75,54,52,66,3,3,2,1,0,3,1,4,2,2,3,2,0,1,0,3,千里眼术，幻惑之术，雷爆之术,强袭，连续斩，拔突，二连苦无，半月，千鸟，刚力，铁壁，伤药，蛇咬,无,一般条件,,,未登场,松下常庆,浪人,其他,无,,滨松之町,无,未登场,松下常庆,浪人,其他,无,,滨松之町,无,未登场,松下常庆,浪人,其他,无,,滨松之町,无,已登场,松下常庆,浪人,其他,无,,滨松之町,无,已登场,松下常庆,浪人,其他,无,,滨松之町,无,已登场,松下常庆,浪人,其他,无,,滨松之町,无,未登场,松下常庆,浪人,其他,无,滨松之町,无,已登场,松下常庆,浪人,其他,无,滨松之町,无,已登场,松下常庆,伙计,直臣,鱼屋,严岛之町,无,,"[{""stage"":"""",""tkid"":""1277"",""ref"":""1277"",""emotion"":0}]",,,
lord_tk5_950,,1278,,曲直濑玄朔,曲直瀬玄朔|曲直瀨玄朔,曲直濑,玄朔,Manase Gensaku,kinai,1,1549,1563,1632,病死,,,,,,武将以外优先,10,10,温和,普通,普通,慎重,重视情义,20,书籍,普通,滴酒不沾,其他,枪,36,37,66,50,82,0,0,0,0,0,0,0,0,0,0,1,3,3,2,2,4,无,拔突，伤药，止血，丢钱,无,一般条件,,,未登场,曲直濑玄朔,浪人,其他,无,,京之町,无,未登场,曲直濑玄朔,浪人,其他,无,,京之町,无,已登场,曲直濑玄朔,浪人,其他,无,,京之町,无,已登场,曲直濑玄朔,浪人,其他,无,,京之町,无,已登场,曲直濑玄朔,浪人,其他,无,,京之町,无,已登场,曲直濑玄朔,浪人,其他,无,,京之町,无,未登场,曲直濑玄朔,浪人,其他,无,京之町,无,已登场,曲直濑玄朔,浪人,其他,无,京之町,无,已登场,曲直濑玄朔,浪人,其他,无,津山之町,无,,"[{""stage"":"""",""tkid"":""1278"",""ref"":""1278"",""emotion"":0}]",,,
lord_tk5_951,,1279,,三枝昌贞,三枝昌貞,三枝,昌贞,Saegusa Masatada,tosan,1,1537,1551,1575,战死,,,,,,只限武将,65,65,普通,勇敢,普通,轻率,普通,55,武具,普通,普通,其他,枪,70,63,33,47,61,2,3,0,0,0,1,2,0,0,1,0,0,1,2,0,0,无,拔突，粘花，刚力，辱骂,无,无要求,,,已登场,三枝昌贞,侍大将,直臣,武田家,clan_takeda_1,踯躅崎馆,无,已登场,三枝昌贞,侍大将,直臣,武田家,clan_takeda_1,踯躅崎馆,无,已登场,三枝昌贞,侍大将,直臣,武田家,clan_takeda_1,踯躅崎馆,无,已登场,三枝昌贞,侍大将,直臣,武田家,clan_takeda_2,踯躅崎馆,无,已死亡,三枝昌贞,无效,无效,无,,无效,无,已死亡,三枝昌贞,无效,无效,无,,无效,无,未登场,三枝昌贞,侍大将,直臣,武田家,踯躅崎馆,无,已死亡,三枝昌贞,无效,无效,无,无效,无,已登场,三枝昌贞,部将,直臣,三刀屋家,骏府城,无,,"[{""stage"":"""",""tkid"":""1279"",""ref"":""1279"",""emotion"":0}]",,,
lord_tk5_952,,1280,,石田正澄,,石田,正澄,Ishida Masazumi,kinai,1,1556,1570,1600,战死,石田三成父,,,,lord_tk5_75,全职种,20,20,温和,普通,普通,慎重,重视情义,40,书籍,无欲,滴酒不沾,平氏,刀剑,33,26,60,75,77,1,1,0,0,1,0,2,0,1,3,2,3,3,2,1,0,无,拔突，丢钱,能吏,无要求,,,未登场,石田正澄,浪人,其他,无,,今滨之町,无,未登场,石田正澄,浪人,其他,无,,今滨之町,无,未登场,石田正澄,浪人,其他,无,,今滨之町,无,已登场,石田正澄,足轻组头,陪臣（羽柴秀吉）,织田家,clan_kinoshita_1,长滨城,无,已登场,石田正澄,足轻组头,陪臣（羽柴秀吉）,织田家,clan_kinoshita_1,姬路城,无,已登场,石田正澄,部将,直臣,丰臣家,clan_kinoshita_1,大坂城,无,未登场,石田正澄,浪人,其他,无,今滨之町,无,已登场,石田正澄,足轻组头,陪臣（石田三成）,羽柴家,石山本愿寺,无,已登场,石田正澄,浪人,其他,无,尾道之町,无,,"[{""stage"":"""",""tkid"":""1280"",""ref"":""1280"",""emotion"":0}]",,,
lord_tk5_953,,1281,,一柳直盛,,一柳,直盛,Ichiyanagi Naomori,kinai,1,1564,1578,1636,病死,一柳直高,,,,lord_tk5_898,只限武将,0,95,性急,勇敢,现实,普通,不重情义,70,武具,贪心,嗜酒如命,其他,枪,65,53,52,44,37,2,1,1,1,0,0,1,0,0,0,1,0,0,0,0,0,无,拔突，卷枪，铁壁,无,无要求,,,未登场,一柳直盛,浪人,其他,无,,石山之町,无,未登场,一柳直盛,浪人,其他,无,,石山之町,无,未登场,一柳直盛,浪人,其他,无,,石山之町,无,未登场,一柳直盛,浪人,其他,无,,石山之町,无,已登场,一柳直盛,浪人,其他,无,,石山之町,无,已登场,一柳直盛,浪人,其他,无,,大坂之町,无,未登场,一柳直盛,浪人,其他,无,石山之町,无,已登场,一柳直盛,足轻组头,直臣,羽柴家,石山本愿寺,无,已登场,一柳直盛,部将,直臣,一宫家,春日山城,无,,"[{""stage"":"""",""tkid"":""1281"",""ref"":""1281"",""emotion"":0}]",,,
lord_tk5_954,,1282,,驹井高白斋,駒井高白斎|駒井高白齋,驹井高,白斋,Komai Takushiro,tosan,1,1512,1549,1562,病死,,,,,,全职种,62,62,普通,普通,普通,慎重,重视情义,55,书籍,普通,普通,源氏,刀剑,66,50,79,64,67,1,1,0,0,1,0,1,0,0,2,0,1,2,2,1,0,无,强袭,雄辩,一般条件,,,已登场,驹井高白斋,部将,直臣,武田家,clan_takeda_1,踯躅崎馆,无,已登场,驹井高白斋,部将,直臣,武田家,clan_takeda_1,踯躅崎馆,无,已死亡,驹井高白斋,无效,无效,无,,无效,无,已死亡,驹井高白斋,无效,无效,无,,无效,无,已死亡,驹井高白斋,无效,无效,无,,无效,无,已死亡,驹井高白斋,无效,无效,无,,无效,无,已登场,驹井高白斋,部将,直臣,武田家,踯躅崎馆,无,已死亡,驹井高白斋,无效,无效,无,无效,无,已登场,驹井高白斋,家老,直臣,白石家,白地城,无,,"[{""stage"":"""",""tkid"":""1282"",""ref"":""1282"",""emotion"":0}]",,,
lord_tk5_955,,1283,,镰田政年,鐮田政年,镰田,政年,Kamada Masatoshi,saikai,1,1514,1549,1583,病死,,,,,,只限武将,30,30,普通,普通,普通,慎重,重视情义,71,南蛮物,贪心,嗜酒如命,藤原氏,刀剑,63,61,33,63,62,2,1,2,1,0,2,1,0,0,2,0,0,0,2,0,0,齐攻,强袭，连续斩，拔突，铁壁，辱骂,无,无要求,,,已登场,镰田政年,部将,直臣,岛津家,clan_shimazu_1,内城,无,已登场,镰田政年,部将,直臣,岛津家,clan_shimazu_1,内城,无,已登场,镰田政年,部将,直臣,岛津家,clan_shimazu_1,内城,无,已登场,镰田政年,部将,直臣,岛津家,clan_shimazu_1,内城,无,已登场,镰田政年,部将,直臣,岛津家,clan_shimazu_1,内城,无,已死亡,镰田政年,无效,无效,无,,无效,无,已登场,镰田政年,部将,直臣,岛津家,内城,无,已死亡,镰田政年,无效,无效,无,无效,无,已登场,镰田政年,浪人,其他,无,仓敷之町,无,,"[{""stage"":"""",""tkid"":""1283"",""ref"":""1283"",""emotion"":0}]",,,
lord_tk5_956,,1284,,清水景治,,清水,景治,Shimizu Kageharu,sanyo,1,1571,1585,1649,病死,lord_tk5_396,,,,lord_tk5_396,全职种,40,40,普通,胆小,理想,慎重,重视情义,51,艺术品,普通,普通,其他,刀剑,58,62,68,52,74,1,0,0,2,0,1,2,0,0,0,0,3,0,1,2,0,无,强袭，丢钱,无,无要求,,,未登场,清水景治,足轻组头,陪臣（清水宗治）,毛利家,clan_shimizu_1,吉田郡山城,无,未登场,清水景治,足轻组头,陪臣（清水宗治）,毛利家,clan_shimizu_1,吉田郡山城,无,未登场,清水景治,足轻组头,陪臣（清水宗治）,毛利家,clan_shimizu_1,吉田郡山城,无,未登场,清水景治,足轻组头,陪臣（清水宗治）,毛利家,clan_shimizu_1,备中高松城,无,未登场,清水景治,足轻组头,陪臣（清水宗治）,毛利家,clan_shimizu_1,备中高松城,无,已登场,清水景治,足轻大将,直臣,毛利家,clan_mori_2,广岛城,无,未登场,清水景治,足轻组头,陪臣（清水宗治）,毛利家,吉田郡山城,无,未登场,清水景治,足轻组头,直臣,毛利家,吉田郡山城,无,已登场,清水景治,水夫头,直臣,淡路水军,洲本之砦,无,,"[{""stage"":"""",""tkid"":""1284"",""ref"":""1284"",""emotion"":0}]",,,
lord_tk5_957,,1285,,千千石米格尔,千々石ミゲル|千千石米格爾,千千石,米格尔,Chijiwa Migeiru,saikai,1,1569,1583,1633,病死,,,,,,全职种,70,70,普通,胆小,现实,慎重,普通,63,南蛮物,普通,普通,藤原氏,刀剑,34,26,52,65,67,0,0,0,0,0,0,0,0,2,1,0,2,3,3,0,1,加护,强袭,无,一般条件,,,未登场,千千石米格尔,足轻组头,陪臣（大村纯忠）,龙造寺家,clan_omura_1,大村城,无,未登场,千千石米格尔,足轻组头,陪臣（大村纯忠）,龙造寺家,clan_omura_1,大村城,无,未登场,千千石米格尔,足轻组头,陪臣（大村纯忠）,龙造寺家,clan_omura_1,大村城,无,未登场,千千石米格尔,足轻组头,陪臣（大村纯忠）,龙造寺家,clan_omura_1,大村城,无,已登场,千千石米格尔,足轻组头,陪臣（大村纯忠）,龙造寺家,clan_omura_1,大村城,无,已登场,千千石米格尔,浪人,其他,无,,平户之町,无,未登场,千千石米格尔,足轻组头,陪臣（大村纯忠）,龙造寺家,大村城,无,已登场,千千石米格尔,足轻组头,陪臣（大村纯忠）,龙造寺家,佐嘉城,无,已登场,千千石米格尔,部将,直臣,千家,海津城,无,,"[{""stage"":"""",""tkid"":""1285"",""ref"":""1285"",""emotion"":0}]",,,
lord_tk5_958,,1286,,弥助,彌助,,弥助,Yasuke,namban,1,1555,1620,1635,战死,,,,,,全职种,0,0,普通,勇敢,理想,轻率,普通,85,武具,贪心,嗜酒如命,其他,火绳枪,40,88,8,32,50,3,2,3,2,0,3,0,0,0,0,0,0,0,0,0,0,无,强袭，连续斩，拔突，急所击，二挺击，刚力，铁壁,无,一般条件,,,未登场,弥助,浪人,其他,无,,京之町,无,未登场,弥助,浪人,其他,无,,京之町,无,未登场,弥助,浪人,其他,无,,京之町,无,未登场,弥助,浪人,其他,无,,京之町,无,未登场,弥助,浪人,其他,无,,京之町,无,已登场,弥助,浪人,其他,无,,鹿儿岛之町,无,未登场,弥助,浪人,其他,无,京之町,无,已登场,弥助,浪人,其他,无,鹿儿岛之町,无,已登场,弥助,浪人,其他,无,鹿岛之町,无,,"[{""stage"":"""",""tkid"":""1286"",""ref"":""1286"",""emotion"":0}]",,,
lord_tk5_959,,1287,,三浦按针,三浦按針,三浦,按针,Miura Anjin,namban,1,1564,1600,1620,病死,,,,,,全职种,50,50,普通,胆小,现实,慎重,普通,60,南蛮物,普通,嗜酒如命,其他,火绳枪,54,79,57,52,85,1,2,3,4,0,0,1,0,2,0,3,4,1,3,0,2,水上拖延，水上禁行，加护,拔突，急所击，丢钱，贿赂,无,一般条件,,,未登场,三浦按针,浪人,其他,无,,府内之町,无,未登场,三浦按针,浪人,其他,无,,府内之町,无,未登场,三浦按针,浪人,其他,无,,府内之町,无,未登场,三浦按针,浪人,其他,无,,府内之町,无,未登场,三浦按针,浪人,其他,无,,府内之町,无,未登场,三浦按针,浪人,其他,无,,府内之町,无,未登场,三浦按针,浪人,其他,无,府内之町,无,未登场,三浦按针,浪人,其他,无,府内之町,无,已登场,三浦按针,家老,直臣,三刀屋家,骏府城,无,,"[{""stage"":"""",""tkid"":""1287"",""ref"":""1287"",""emotion"":0}]",,,
lord_tk5_1160,,1288,,海雷丁,ハイレディン,,海雷丁,HaireDin,pirate,1,1520,1554,,,,,,,,,,,,,,,,,,,,,,,,,,,,,,,,,,,,,,,,,,,,,,,,,已登场,海雷丁,船大将,其他,无,clan_antou_1,坊津之砦,无,已登场,海雷丁,船大将,其他,无,clan_antou_1,坊津之砦,无,已登场,海雷丁,船大将,其他,无,clan_antou_1,坊津之砦,无,已登场,海雷丁,船大将,其他,无,clan_antou_1,坊津之砦,无,已登场,海雷丁,船大将,其他,无,clan_antou_1,坊津之砦,无,已登场,海雷丁,船大将,其他,无,clan_antou_2,坊津之砦,无,,,,,,,,,,,,,,,,,,,,,,,"[{""stage"":"""",""tkid"":""1288"",""ref"":""1288"",""emotion"":0}]",,,
lord_tk5_1161,,1289,,佐伯杏太郎,,,,,pirate,,1520,1554,,,,,,,,,,,,,,,,,,,,,,,,,,,,,,,,,,,,,,,,,,,,,,,,,已登场,佐伯杏太郎,船大将,其他,无,clan_shimae_1,坊津之砦,无,已登场,佐伯杏太郎,船大将,其他,无,clan_shimae_1,坊津之砦,无,已登场,佐伯杏太郎,船大将,其他,无,clan_shimae_1,坊津之砦,无,已登场,佐伯杏太郎,船大将,其他,无,clan_shimae_1,坊津之砦,无,已登场,佐伯杏太郎,船大将,其他,无,clan_shimae_1,坊津之砦,无,已登场,佐伯杏太郎,船大将,其他,无,clan_shimae_1,坊津之砦,无,,,,,,,,,,,,,,,,,,,,,,"[{""stage"":"""",""tkid"":""1289"",""ref"":""1289_佐伯杏太郎_朝正.png"",""emotion"":0}]","[{""stage"":"""",""tkid"":""1289"",""ref"":""1289"",""emotion"":0}]",,,
lord_tk5_1162,1000,1030,,长谷川宗仁,,,,,ronin,,,,,,,,,,,,,,,,,,,,,,,,,,,,,,,,,,,,,,,,,,,,,,,,,,,,,,,,,,,,,,,,,,,,,,,,,,,,,,,,,,,,,,,,,,,,,,,,,,,,,,,,,,,,,,,,,,,,,,,,,"[{""stage"":"""",""tkid"":""1030"",""ref"":""1030_长谷川宗仁_朝右.png"",""emotion"":0}]","[{""stage"":"""",""tkid"":""1030"",""ref"":""1030"",""emotion"":0}]",,,
lord_tk5_1163,1001,1031,,长谷川等伯,長谷川等伯,长谷川,等伯,Hasegawa Tohaku,ronin,1,,,,,,,,,,,,,,,,,,,,,,,,,,,,,,,,,,,,,,,,,,,,,,,,,,,,,,,,,,,,,,,,,,,,,,,,,,,,,,,,,,,,,,,,,,,,,,,,,,,,,,,,,,,,,,,,,,,,,,,,,"[{""stage"":"""",""tkid"":""1031"",""ref"":""1031"",""emotion"":0}]",,,
lord_tk5_1164,1002,1032,,狩野永德,,狩野,永德,Kano Eitoku,ronin,1,,,,,,,,,,,,,,,,,,,,,,,,,,,,,,,,,,,,,,,,,,,,,,,,,,,,,,,,,,,,,,,,,,,,,,,,,,,,,,,,,,,,,,,,,,,,,,,,,,,,,,,,,,,,,,,,,,,,,,,,,"[{""stage"":"""",""tkid"":""1032"",""ref"":""1032"",""emotion"":0}]",,,
lord_tk5_1165,1003,1033,,本阿弥光悦,本阿彌光悦,本阿弥,光悦,Honami Kouetsu,ronin,1,,,,,,,,,,,,,,,,,,,,,,,,,,,,,,,,,,,,,,,,,,,,,,,,,,,,,,,,,,,,,,,,,,,,,,,,,,,,,,,,,,,,,,,,,,,,,,,,,,,,,,,,,,,,,,,,,,,,,,,,,"[{""stage"":"""",""tkid"":""1033"",""ref"":""1033"",""emotion"":0}]",,,
lord_tk5_1166,1004,1034,,朝山日乘,,,,,ronin,,,,,,,,,,,,,,,,,,,,,,,,,,,,,,,,,,,,,,,,,,,,,,,,,,,,,,,,,,,,,,,,,,,,,,,,,,,,,,,,,,,,,,,,,,,,,,,,,,,,,,,,,,,,,,,,,,,,,,,,,"[{""stage"":"""",""tkid"":""1034"",""ref"":""1034_朝山日乘_朝右.png"",""emotion"":0}]","[{""stage"":"""",""tkid"":""1034"",""ref"":""1034"",""emotion"":0}]",,,
lord_tk5_1167,1005,1035,,快川绍喜,,,,,ronin,,,,,,,,,,,,,,,,,,,,,,,,,,,,,,,,,,,,,,,,,,,,,,,,,,,,,,,,,,,,,,,,,,,,,,,,,,,,,,,,,,,,,,,,,,,,,,,,,,,,,,,,,,,,,,,,,,,,,,,,,"[{""stage"":"""",""tkid"":""1035"",""ref"":""1035_快川绍喜_朝右.png"",""emotion"":0}]","[{""stage"":"""",""tkid"":""1035"",""ref"":""1035"",""emotion"":0}]",,,
lord_tk5_1168,1006,1036,,多闻院英俊,,,,,ronin,,,,,,,,,,,,,,,,,,,,,,,,,,,,,,,,,,,,,,,,,,,,,,,,,,,,,,,,,,,,,,,,,,,,,,,,,,,,,,,,,,,,,,,,,,,,,,,,,,,,,,,,,,,,,,,,,,,,,,,,,"[{""stage"":"""",""tkid"":""1036"",""ref"":""1036_多闻院英俊_朝右.png"",""emotion"":0}]","[{""stage"":"""",""tkid"":""1036"",""ref"":""1036"",""emotion"":0}]",,,
lord_tk5_1169,1007,1037,,泽庵宗彭,澤庵宗彭,泽庵,宗彭,Takuan Souhou,ronin,1,,,,,,,,,,,,,,,,,,,,,,,,,,,,,,,,,,,,,,,,,,,,,,,,,,,,,,,,,,,,,,,,,,,,,,,,,,,,,,,,,,,,,,,,,,,,,,,,,,,,,,,,,,,,,,,,,,,,,,,,,"[{""stage"":"""",""tkid"":""1037"",""ref"":""1037"",""emotion"":0}]",,,
lord_tk5_1170,1008,1038,,佛罗伊斯,佛羅伊斯|弗洛伊斯,,佛罗伊斯,Furoois,namban,1,,,,,,,,,,,,,,,,,,,,,,,,,,,,,,,,,,,,,,,,,,,,,,,,,,,,,,,,,,,,,,,,,,,,,,,,,,,,,,,,,,,,,,,,,,,,,,,,,,,,,,,,,,,,,,,,,,,,,,,,,"[{""stage"":"""",""tkid"":""1038"",""ref"":""1038"",""emotion"":0}]",,,
lord_tk5_1171,1009,1039,,阿鲁梅达,阿魯梅達|阿尔梅达,,阿鲁梅达,Arumeda,namban,1,,,,,,,,,,,,,,,,,,,,,,,,,,,,,,,,,,,,,,,,,,,,,,,,,,,,,,,,,,,,,,,,,,,,,,,,,,,,,,,,,,,,,,,,,,,,,,,,,,,,,,,,,,,,,,,,,,,,,,,,,"[{""stage"":"""",""tkid"":""1039"",""ref"":""1039"",""emotion"":0}]",,,
lord_tk5_1172,,1041,,里璐,丽璐,,里璐,Sato,pirate,0,1520,1554,,,,,,,,,,,,,,,,,,,,,,,,,,,,,,,,,,,,,,,,,,,,,,,,,已登场,里璐,船大将,其他,无,,坊津之砦,无,已登场,里璐,船大将,其他,无,,坊津之砦,无,已登场,里璐,船大将,其他,无,,坊津之砦,无,已登场,里璐,船大将,其他,无,,坊津之砦,无,已登场,里璐,船大将,其他,无,,坊津之砦,无,已登场,里璐,船大将,其他,无,,坊津之砦,无,,,,,,,,,,,,,,,,,,,,,,,"[{""stage"":"""",""tkid"":""1041"",""ref"":""1041"",""emotion"":0}]",,,
lord_tk5_1173,1011,1040,,拉斐耶鲁,拉斐耶魯|拉斐尔,,拉斐耶鲁,Raphael,pirate,1,1520,1554,,,,,,,,,,,,,,,,,,,,,,,,,,,,,,,,,,,,,,,,,,,,,,,,,已登场,拉斐耶鲁,船大将,其他,无,,坊津之砦,无,已登场,拉斐耶鲁,船大将,其他,无,,坊津之砦,无,已登场,拉斐耶鲁,船大将,其他,无,,坊津之砦,无,已登场,拉斐耶鲁,船大将,其他,无,,坊津之砦,无,已登场,拉斐耶鲁,船大将,其他,无,,坊津之砦,无,已登场,拉斐耶鲁,船大将,其他,无,,坊津之砦,无,,,,,,,,,,,,,,,,,,,,,,,"[{""stage"":"""",""tkid"":""1040"",""ref"":""1040"",""emotion"":0}]",,,
lord_tk5_1174,1012,1042,,菊亭晴季,,菊亭,晴季,Kikutei Harusue,ronin,1,,,,,,,,,,,,,,,,,,,,,,,,,,,,,,,,,,,,,,,,,,,,,,,,,,,,,,,,,,,,,,,,,,,,,,,,,,,,,,,,,,,,,,,,,,,,,,,,,,,,,,,,,,,,,,,,,,,,,,,,,"[{""stage"":"""",""tkid"":""1042"",""ref"":""1042"",""emotion"":0}]",,,
lord_tk5_1178,1016,1046,,淀夫人,淀殿,,淀夫人,Yodogimi,neutral_culture,0,,,,,,,,,,,,,,,,,,,,,,,,,,,,,,,,,,,,,,,,,,,,,,,,,,,,,,,,,,,,,,,,clan_kinoshita_1,,,,,,,,clan_kinoshita_1,,,,,,,,clan_kinoshita_1,,,,,,,,clan_kinoshita_1,,,,,,,,clan_kinoshita_1,,,,,,,,,,,,,,,,,,,,,,,,,"[{""stage"":"""",""tkid"":""1046"",""ref"":""1046"",""emotion"":0}]",,,
lord_tk5_1179,1017,1047|1186,,宁宁,寧寧,,宁宁,Kinoshita Nene,kinai,0,,,,,,,lord_tk5_517,,,,,,,,,,,,,,,,,,,,,,,,,,,,,,,,,,,,,,,,,,,,,,,,,,,,,,,,,clan_kinoshita_1,,,,,,,,clan_kinoshita_1,,,,,,,,clan_kinoshita_1,,,,,,,,clan_kinoshita_1,,,,,,,,,,,,,,,,,,,,,,,,,,,,,,,,"[{""stage"":""若"",""tkid"":""1047"",""ref"":"""",""emotion"":1},{""stage"":""政"",""tkid"":""1186"",""ref"":"""",""emotion"":1}]","[{""stage"":""若"",""tkid"":""1047"",""ref"":""1047"",""emotion"":1},{""stage"":""政"",""tkid"":""1186"",""ref"":""1186"",""emotion"":1}]",,,
lord_tk5_1180,1018,1048|1187,,阿中,,,阿中,Anaka,neutral_culture,0,,,,,,,,,,,,,,,,,,,,,,,,,,,,,,,,,,,,,,,,,,,,,,,,,,,,,,,,,,,,,,,,clan_kinoshita_1,,,,,,,,clan_kinoshita_1,,,,,,,,clan_kinoshita_1,,,,,,,,clan_kinoshita_1,,,,,,,,clan_kinoshita_1,,,,,,,,,,,,,,,,,,,,,,,,"[{""stage"":""白"",""tkid"":""1048"",""ref"":"""",""emotion"":1},{""stage"":""贵"",""tkid"":""1187"",""ref"":"""",""emotion"":1}]","[{""stage"":""白"",""tkid"":""1048"",""ref"":""1048"",""emotion"":1},{""stage"":""贵"",""tkid"":""1187"",""ref"":""1187"",""emotion"":1}]",,,
lord_tk5_1181,1019,1049,,阿市,,,阿市,Azai Ichi,kinai,0,,,,,,,lord_tk5_16,,,,,,,,,,,,,,,,,,,,,,,,,,,,,,,,,,,,,,,,,,,,,,,,,clan_azai_2,,,,,,,,clan_azai_2,,,,,,,,clan_azai_2,,,,,,,,,,,,,,,,,,,,,,,,,,,,,,,,,,,,,,,,,,,,,,,,光荣版经典形象（太阁5）：黑长发披肩，面容白皙清丽，神态温婉沉静；浅樱纹小袖与青绿丝带，端庄娴静的战国第一美人,"[{""stage"":"""",""tkid"":""1049"",""ref"":""1049"",""emotion"":0}]",,,
lord_tk5_1182,1020,1050,,阿松,,,阿松,Maeda Matsu,tosan,0,,,,,,,lord_tk5_659,,,,,,,,,,,,,,,,,,,,,,,,,,,,,,,,,,,,,,,,,,,,,,,,,clan_maeda_1,,,,,,,,clan_maeda_1,,,,,,,,clan_maeda_1,,,,,,,,clan_maeda_1,,,,,,,,clan_maeda_1,,,,,,,,clan_maeda_1,,,,,,,,,,,,,,,,,,,,,,,,,"[{""stage"":"""",""tkid"":""1050"",""ref"":""1050"",""emotion"":0}]",,,
lord_tk5_1183,1021,1051,,菊公主,菊姬,,菊公主,Uesugi Kiku Hime,hokuriku,0,,,,,lord_tk5_449,,lord_tk5_116,,,,,,,,,,,,,,,,,,,,,,,,,,,,,,,,,,,,,,,,,,,,,,,,,clan_uesugi_2,,,,,,,,clan_uesugi_1,,,,,,,,clan_uesugi_1,,,,,,,,clan_uesugi_1,,,,,,,,clan_uesugi_2,,,,,,,,clan_uesugi_2,,,,,,,,,,,,,,,,,,,,,,,,,"[{""stage"":"""",""tkid"":""1051"",""ref"":""1051"",""emotion"":0}]",,,
lord_tk5_1184,1022,1052,,早川夫人,早川殿,,早川夫人,Imagawa Fujin,tokai,0,,,,,,,lord_tk5_109,,,,,,,,,,,,,,,,,,,,,,,,,,,,,,,,,,,,,,,,,,,,,,,,,clan_imagawa_1,,,,,,,,clan_imagawa_1,,,,,,,,clan_imagawa_1,,,,,,,,,,,,,,,,,,,,,,,,clan_tokugawa_1,,,,,,,,,,,,,,,,,,,,,,,,,"[{""stage"":"""",""tkid"":""1052"",""ref"":""1052"",""emotion"":0}]",,,
lord_tk5_1185,1023,1053,,相模,,,相模,Takeda Sagami,tosan,0,,,,,,,lord_tk5_447,,,,,,,,,,,,,,,,,,,,,,,,,,,,,,,,,,,,,,,,,,,,,,,,,clan_takeda_1,,,,,,,,clan_takeda_1,,,,,,,,clan_takeda_2,,,,,,,,clan_takeda_2,,,,,,,,clan_takeda_2,,,,,,,,,,,,,,,,,,,,,,,,,,,,,,,,,"[{""stage"":"""",""tkid"":""1053"",""ref"":""1053"",""emotion"":0}]",,,
lord_tk5_1186,1024,1054,,阿福,,,,,ronin,,,,,,,,,,,,,,,,,,,,,,,,,,,,,,,,,,,,,,,,,,,,,,,,,,,,,,,,,,,,,,,,,,,,,,,,,,,,,,,,,,,,,,,,,,,,,,,,,,,,,,,,,,,,,,,,,,,,,,,,,"[{""stage"":"""",""tkid"":""1054"",""ref"":""1054_阿福_朝正.png"",""emotion"":0}]","[{""stage"":"""",""tkid"":""1054"",""ref"":""1054"",""emotion"":0}]",,,
lord_tk5_1187,,1055,,冬姬,,,,,ronin,,,,,,,,,,,,,,,,,,,,,,,,,,,,,,,,,,,,,,,,,,,,,,,,,,,,,,,,,,,,,,,,,,,,,,,,,,,,,,,,,,,,,,,,,,,,,,,,,,,,,,,,,,,,,,,,,,,,,,,,,"[{""stage"":"""",""tkid"":""1055"",""ref"":""1055_冬姬_朝右.png"",""emotion"":0}]","[{""stage"":"""",""tkid"":""1055"",""ref"":""1055"",""emotion"":0}]",,,
lord_tk5_1188,1026,1056,,阿梅,,,阿梅,Hojo Ume,kanto,0,,,,,lord_tk5_449,,lord_tk5_629,,,,,,,,,,,,,,,,,,,,,,,,,,,,,,,,,,,,,,,,,,,,,,,,,clan_hojo_2,,,,,,,,clan_hojo_2,,,,,,,,clan_hojo_2,,,,,,,,clan_hojo_2,,,,,,,,clan_hojo_2,,,,,,,,,,,,,,,,,,,,,,,,,,,,,,,,,"[{""stage"":"""",""tkid"":""1056"",""ref"":""1056"",""emotion"":0}]",,,
lord_tk5_1189,1027,1057,,訚千代,誾千代,,訚千代,Bekki Ginchiyo,saikai,0,,,,,lord_tk5_456,,lord_tk5_458,,,,,,,,,,,,,,,,,,,,,,,,,,,,,,,,,,,,,,,,,,,,,,,,,clan_tachibana_1,,,,,,,,clan_takahashi_1,,,,,,,,clan_tachibana_1,,,,,,,,clan_tachibana_1,,,,,,,,clan_tachibana_1,,,,,,,,clan_tachibana_2,,,,,,,,,,,,,,,,,,,,,,,,光荣版经典形象（太阁5）：额束白色钵卷，棕发束髻，着青绿挂甲，眉目英气坚定、神情飒爽，巾帼风姿,"[{""stage"":"""",""tkid"":""1057"",""ref"":""1057"",""emotion"":0}]",,,
lord_tk5_1190,,1058,,爱姬,,,,,ou,,,,,,lord_tk5_723,,lord_tk5_466,,,,,,,,,,,,,,,,,,,,,,,,,,,,,,,,,,,,,,,,,,,,,,,,,clan_date_2,,,,,,,,clan_date_2,,,,,,,,clan_date_2,,,,,,,,clan_date_2,,,,,,,,clan_date_2,,,,,,,,clan_date_2,,,,,,,,,,,,,,,,,,,,,,,,"[{""stage"":"""",""tkid"":""1058"",""ref"":""1058_爱姬_朝右.png"",""emotion"":0}]","[{""stage"":"""",""tkid"":""1058"",""ref"":""1058"",""emotion"":0}]",,,
lord_tk5_1191,,1059,,义姬,,,,,ou,,,,,,lord_tk5_723,,lord_tk5_464,,,,,,,,,,,,,,,,,,,,,,,,,,,,,,,,,,,,,,,,,,,,,,,,,clan_date_2,,,,,,,,clan_date_2,,,,,,,,clan_date_2,,,,,,,,clan_date_2,,,,,,,,clan_date_2,,,,,,,,clan_date_2,,,,,,,,,,,,,,,,,,,,,,,,"[{""stage"":"""",""tkid"":""1059"",""ref"":""1059_义姬_朝右.png"",""emotion"":0}]","[{""stage"":"""",""tkid"":""1059"",""ref"":""1059"",""emotion"":0}]",,,
lord_tk5_1192,,1060,,豪姬,,,,,sanyo,,,,,,lord_tk5_659,,lord_tk5_125,,,,,,,,,,,,,,,,,,,,,,,,,,,,,,,,,,,,,,,,,,,,,,,,,clan_ukita_1,,,,,,,,clan_ukita_1,,,,,,,,clan_ukita_1,,,,,,,,clan_ukita_1,,,,,,,,clan_ukita_1,,,,,,,,clan_ukita_1,,,,,,,,,,,,,,,,,,,,,,,,"[{""stage"":"""",""tkid"":""1060"",""ref"":""1060_豪姬_朝正.png"",""emotion"":0}]","[{""stage"":"""",""tkid"":""1060"",""ref"":""1060"",""emotion"":0}]",,,
lord_tk5_1193,1031,1061,,阿玉,,,阿玉,Hosokawa Tama,kinai,0,,,,,,,lord_tk5_636,,,,,,,,,,,,,,,,,,,,,,,,,,,,,,,,,,,,,,,,,,,,,,,,,clan_hosokawa_1,,,,,,,,clan_hosokawa_1,,,,,,,,clan_hosokawa_1,,,,,,,,clan_hosokawa_1,,,,,,,,clan_hosokawa_1,,,,,,,,clan_hosokawa_1,,,,,,,,,,,,,,,,,,,,,,,,,"[{""stage"":"""",""tkid"":""1061"",""ref"":""1061"",""emotion"":0}]",,,
lord_tk5_1194,1032,1062,,归蝶,歸蝶,,归蝶,Oda Kicho,kinai,0,,,,,lord_tk5_324,,lord_tk5_195,,,,,,,,,,,,,,,,,,,,,,,,,,,,,,,,,,,,,,,,,,,,,,,,,clan_oda_1,,,,,,,,clan_oda_1,,,,,,,,clan_oda_1,,,,,,,,clan_oda_1,,,,,,,,clan_oda_1,,,,,,,,,,,,,,,,,,,,,,,,,,,,,,,,,"[{""stage"":"""",""tkid"":""1062"",""ref"":""1062"",""emotion"":0}]",,,
lord_tk5_1195,1033,1063,,濑名,瀬名,,濑名,Tokugawa Sena Fuji,tokai,0,,,,,,,lord_tk5_506,,,,,,,,,,,,,,,,,,,,,,,,,,,,,,,,,,,,,,,,,,,,,,,,,clan_tokugawa_1,,,,,,,,clan_tokugawa_1,,,,,,,,clan_tokugawa_1,,,,,,,,clan_tokugawa_1,,,,,,,,clan_tokugawa_1,,,,,,,,clan_tokugawa_1,,,,,,,,,,,,,,,,,,,,,,,,,"[{""stage"":"""",""tkid"":""1063"",""ref"":""1063"",""emotion"":0}]",,,
lord_tk5_1196,1034,1064,,德公主,德姬,,德公主,Tokugawa Toku Hime,tokai,0,,,,,lord_tk5_195,,lord_tk5_507,,,,,,,,,,,,,,,,,,,,,,,,,,,,,,,,,,,,,,,,,,,,,,,,,clan_tokugawa_1,,,,,,,,clan_tokugawa_1,,,,,,,,clan_tokugawa_1,,,,,,,,clan_tokugawa_2,,,,,,,,,,,,,,,,,,,,,,,,,,,,,,,,,,,,,,,,,"[{""stage"":"""",""tkid"":""1064"",""ref"":""1064"",""emotion"":0}]",,,
lord_tk5_1197,1035,1065,,千代,,,千代,Yamauchi Chiyo,tokai,0,,,,,,,lord_tk5_760,,,,,,,,,,,,,,,,,,,,,,,,,,,,,,,,,,,,,,,,,,,,,,,,,clan_oda_1,,,,,,,,clan_oda_1,,,,,,,,clan_oda_1,,,,,,,,clan_oda_1,,,,,,,,clan_oda_1,,,,,,,,clan_yamauchi_1,,,,,,,,,,,,,,,,,,,,,,,,,"[{""stage"":"""",""tkid"":""1065"",""ref"":""1065"",""emotion"":0}]",,,
lord_tk5_1198,1036,1066,,小松,,,小松,Sanada Komatsu,tosan,0,,,,,lord_tk5_652,,lord_tk5_357,,,,,,,,,,,,,,,,,,,,,,,,,,,,,,,,,,,,,,,,,,,,,,,,,clan_sanada_2,,,,,,,,clan_sanada_2,,,,,,,,clan_sanada_2,,,,,,,,clan_sanada_1,,,,,,,,clan_sanada_2,,,,,,,,clan_sanada_2,,,,,,,,,,,,,,,,,,,,,,,,,"[{""stage"":"""",""tkid"":""1066"",""ref"":""1066"",""emotion"":0}]",,,
lord_tk5_1199,1037,1067,,安岐,,,,,ronin,,,,,,,,,,,,,,,,,,,,,,,,,,,,,,,,,,,,,,,,,,,,,,,,,,,,,,,,,,,,,,,,,,,,,,,,,,,,,,,,,,,,,,,,,,,,,,,,,,,,,,,,,,,,,,,,,,,,,,,,,"[{""stage"":"""",""tkid"":""1067"",""ref"":""1067_安岐_朝正.png"",""emotion"":0}]","[{""stage"":"""",""tkid"":""1067"",""ref"":""1067"",""emotion"":0}]",,,
lord_tk5_1200,1038,1068,,三条,,,,,tosan,,,,,,,,lord_tk5_449,,,,,,,,,,,,,,,,,,,,,,,,,,,,,,,,,,,,,,,,,,,,,,,,,clan_takeda_1,,,,,,,,clan_takeda_1,,,,,,,,clan_takeda_1,,,,,,,,,,,,,,,,,,,,,,,,,,,,,,,,,,,,,,,,,,,,,,,,"[{""stage"":"""",""tkid"":""1068"",""ref"":""1068_三条_朝右.png"",""emotion"":0}]","[{""stage"":"""",""tkid"":""1068"",""ref"":""1068"",""emotion"":0}]",,,
lord_tk5_1201,,1069,,初姬,,,,,kinai,,,,,,lord_tk5_16,,lord_tk5_271,,,,,,,,,,,,,,,,,,,,,,,,,,,,,,,,,,,,,,,,,,,,,,,,,clan_kyoogoku_1,,,,,,,,clan_kyoogoku_1,,,,,,,,clan_kyoogoku_1,,,,,,,,clan_kyoogoku_1,,,,,,,,clan_oda_1,,,,,,,,clan_kyoogoku_1,,,,,,,,,,,,,,,,,,,,,,,,"[{""stage"":"""",""tkid"":""1069"",""ref"":""1069_初姬_朝正.png"",""emotion"":0}]","[{""stage"":"""",""tkid"":""1069"",""ref"":""1069"",""emotion"":0}]",,,
lord_tk5_1202,1040,1070,,小督,,,,,tokai,,,,,,lord_tk5_16,,lord_tk5_508,,,,,,,,,,,,,,,,,,,,,,,,,,,,,,,,,,,,,,,,,,,,,,,,,clan_tokugawa_1,,,,,,,,clan_tokugawa_1,,,,,,,,clan_tokugawa_1,,,,,,,,clan_tokugawa_1,,,,,,,,clan_tokugawa_1,,,,,,,,clan_tokugawa_2,,,,,,,,,,,,,,,,,,,,,,,,"[{""stage"":"""",""tkid"":""1070"",""ref"":""1070_小督_朝右.png"",""emotion"":0}]","[{""stage"":"""",""tkid"":""1070"",""ref"":""1070"",""emotion"":0}]",,,
lord_tk5_1203,1041,1071,,彦鹤,,,,,saikai,,,,,,lord_tk5_785,,lord_tk5_548,,,,,,,,,,,,,,,,,,,,,,,,,,,,,,,,,,,,,,,,,,,,,,,,,clan_nabeshima_1,,,,,,,,clan_nabeshima_1,,,,,,,,clan_nabeshima_1,,,,,,,,clan_nabeshima_1,,,,,,,,clan_nabeshima_1,,,,,,,,clan_nabeshima_1,,,,,,,,,,,,,,,,,,,,,,,,"[{""stage"":"""",""tkid"":""1071"",""ref"":""1071_彦鹤_朝右.png"",""emotion"":0}]","[{""stage"":"""",""tkid"":""1071"",""ref"":""1071"",""emotion"":0}]",,,
lord_tk5_1204,,1072,,永姬,,,,,ronin,,,,,,,,,,,,,,,,,,,,,,,,,,,,,,,,,,,,,,,,,,,,,,,,,,,,,,,,,,,,,,,,,,,,,,,,,,,,,,,,,,,,,,,,,,,,,,,,,,,,,,,,,,,,,,,,,,,,,,,,,"[{""stage"":"""",""tkid"":""1072"",""ref"":""1072_永姬_朝右.png"",""emotion"":0}]","[{""stage"":"""",""tkid"":""1072"",""ref"":""1072"",""emotion"":0}]",,,
lord_tk5_1205,1043,1073,,熙子,,,,,ronin,,,,,,,,,,,,,,,,,,,,,,,,,,,,,,,,,,,,,,,,,,,,,,,,,,,,,,,,,,,,,,,,,,,,,,,,,,,,,,,,,,,,,,,,,,,,,,,,,,,,,,,,,,,,,,,,,,,,,,,,,"[{""stage"":"""",""tkid"":""1073"",""ref"":""1073_熙子_朝右.png"",""emotion"":0}]","[{""stage"":"""",""tkid"":""1073"",""ref"":""1073"",""emotion"":0}]",,,
lord_tk5_1206,1044,1074,,幸圆,,,,,ronin,,,,,,,,,,,,,,,,,,,,,,,,,,,,,,,,,,,,,,,,,,,,,,,,,,,,,,,,,,,,,,,,,,,,,,,,,,,,,,,,,,,,,,,,,,,,,,,,,,,,,,,,,,,,,,,,,,,,,,,,,"[{""stage"":"""",""tkid"":""1074"",""ref"":""1074_幸圆_朝右.png"",""emotion"":0}]","[{""stage"":"""",""tkid"":""1074"",""ref"":""1074"",""emotion"":0}]",,,
lord_tk5_1207,1045,1075,,春桃,,,春桃,Chun Tou,ronin,0,,,,,,,,,,,,,,,,,,,,,,,,,,,,,,,,,,,,,,,,,,,,,,,,,,,,,,,,,,,,,,,,,,,,,,,,,,,,,,,,,,,,,,,,,,,,,,,,,,,,,,,,,,,,,,,,,,,,,,,,,"[{""stage"":"""",""tkid"":""1075"",""ref"":""1075"",""emotion"":0}]",,,
lord_tk5_1208,1046,1076,,出云阿国,出雲阿國,出云,阿国,Izumo no Okuni,ronin,0,,,,,,,,,,,,,,,,,,,,,,,,,,,,,,,,,,,,,,,,,,,,,,,,,,,,,,,,,,,,,,,,,,,,,,,,,,,,,,,,,,,,,,,,,,,,,,,,,,,,,,,,,,,,,,,,,,,,,,,,,"[{""stage"":"""",""tkid"":""1076"",""ref"":""1076"",""emotion"":0}]",,,
lord_tk5_1209,1047,1077,,志津,,,志津,Shizu,ronin,0,,,,,,,,,,,,,,,,,,,,,,,,,,,,,,,,,,,,,,,,,,,,,,,,,,,,,,,,,,,,,,,,,,,,,,,,,,,,,,,,,,,,,,,,,,,,,,,,,,,,,,,,,,,,,,,,,,,,,,,,,"[{""stage"":"""",""tkid"":""1077"",""ref"":""1077"",""emotion"":0}]",,,
lord_tk5_1210,1048,1078,,阿妙,,,阿妙,Kinoshita Tae,ronin,0,,,,,,,,,,,,,,,,,,,,,,,,,,,,,,,,,,,,,,,,,,,,,,,,,,,,,,,,,,,,,,,,,,,,,,,,,,,,,,,,,,,,,,,,,,,,,,,,,,,,,,,,,,,,,,,,,,,,,,,,,"[{""stage"":"""",""tkid"":""1078"",""ref"":""1078"",""emotion"":0}]",,,
lord_tk5_1211,1049,1079,,阿铃,阿鈴,,阿铃,Chosokabe Suzu,ronin,0,,,,,,,,,,,,,,,,,,,,,,,,,,,,,,,,,,,,,,,,,,,,,,,,,,,,,,,,,,,,,,,,,,,,,,,,,,,,,,,,,,,,,,,,,,,,,,,,,,,,,,,,,,,,,,,,,,,,,,,,,"[{""stage"":"""",""tkid"":""1079"",""ref"":""1079"",""emotion"":0}]",,,
lord_tk5_1212,1050,1080,,阿通,,,阿通,Atsu,ronin,0,,,,,,,,,,,,,,,,,,,,,,,,,,,,,,,,,,,,,,,,,,,,,,,,,,,,,,,,,,,,,,,,,,,,,,,,,,,,,,,,,,,,,,,,,,,,,,,,,,,,,,,,,,,,,,,,,,,,,,,,,"[{""stage"":"""",""tkid"":""1080"",""ref"":""1080"",""emotion"":0}]",,,
lord_tk5_1213,1051,1081,,阿春,,,阿春,Nikaho Haru,ronin,0,,,,,,,,,,,,,,,,,,,,,,,,,,,,,,,,,,,,,,,,,,,,,,,,,,,,,,,,,,,,,,,,,,,,,,,,,,,,,,,,,,,,,,,,,,,,,,,,,,,,,,,,,,,,,,,,,,,,,,,,,"[{""stage"":"""",""tkid"":""1081"",""ref"":""1081"",""emotion"":0}]",,,
lord_tk5_1214,1052,1115,,小夜,,,小夜,Jinbo Sayo,ronin,0,,,,,,,,,,,,,,,,,,,,,,,,,,,,,,,,,,,,,,,,,,,,,,,,,,,,,,,,,,,,,,,,,,,,,,,,,,,,,,,,,,,,,,,,,,,,,,,,,,,,,,,,,,,,,,,,,,,,,,,,,"[{""stage"":"""",""tkid"":""1115"",""ref"":""1115"",""emotion"":0}]",,,
lord_tk5_1215,1053,1125,,阿绫,阿綾,,阿绫,Aya,ronin,0,,,,,,,,,,,,,,,,,,,,,,,,,,,,,,,,,,,,,,,,,,,,,,,,,,,,,,,,,,,,,,,,,,,,,,,,,,,,,,,,,,,,,,,,,,,,,,,,,,,,,,,,,,,,,,,,,,,,,,,,,"[{""stage"":"""",""tkid"":""1125"",""ref"":""1125"",""emotion"":0}]",,,
lord_tk5_1216,1054,1113,,阿夏,,,阿夏,Anatsu,ronin,0,,,,,,,,,,,,,,,,,,,,,,,,,,,,,,,,,,,,,,,,,,,,,,,,,,,,,,,,,,,,,,,,,,,,,,,,,,,,,,,,,,,,,,,,,,,,,,,,,,,,,,,,,,,,,,,,,,,,,,,,,"[{""stage"":"""",""tkid"":""1113"",""ref"":""1113"",""emotion"":0}]",,,
lord_tk5_1217,1055,1082,,阿史,,,阿史,Ashi,ronin,0,,,,,,,,,,,,,,,,,,,,,,,,,,,,,,,,,,,,,,,,,,,,,,,,,,,,,,,,,,,,,,,,,,,,,,,,,,,,,,,,,,,,,,,,,,,,,,,,,,,,,,,,,,,,,,,,,,,,,,,,,"[{""stage"":"""",""tkid"":""1082"",""ref"":""1082"",""emotion"":0}]",,,
lord_tk5_1218,,1100,,由纪,,,,,ronin,,,,,,,,,,,,,,,,,,,,,,,,,,,,,,,,,,,,,,,,,,,,,,,,,,,,,,,,,,,,,,,,,,,,,,,,,,,,,,,,,,,,,,,,,,,,,,,,,,,,,,,,,,,,,,,,,,,,,,,,,"[{""stage"":"""",""tkid"":""1100"",""ref"":""1100_由纪_朝右.png"",""emotion"":0}]","[{""stage"":"""",""tkid"":""1100"",""ref"":""1100"",""emotion"":0}]",,,
lord_tk5_1219,,1101,,小琴,,,,,ronin,,,,,,,,,,,,,,,,,,,,,,,,,,,,,,,,,,,,,,,,,,,,,,,,,,,,,,,,,,,,,,,,,,,,,,,,,,,,,,,,,,,,,,,,,,,,,,,,,,,,,,,,,,,,,,,,,,,,,,,,,"[{""stage"":"""",""tkid"":""1101"",""ref"":""1101_小琴_朝右.png"",""emotion"":0}]","[{""stage"":"""",""tkid"":""1101"",""ref"":""1101"",""emotion"":0}]",,,
lord_tk5_1220,1056,1083,,美代,,,美代,Miyo,ronin,0,,,,,,,,,,,,,,,,,,,,,,,,,,,,,,,,,,,,,,,,,,,,,,,,,,,,,,,,,,,,,,,,,,,,,,,,,,,,,,,,,,,,,,,,,,,,,,,,,,,,,,,,,,,,,,,,,,,,,,,,,"[{""stage"":"""",""tkid"":""1083"",""ref"":""1083"",""emotion"":0}]",,,
lord_tk5_1221,,1102,,阿仲,,,,,ronin,,,,,,,,,,,,,,,,,,,,,,,,,,,,,,,,,,,,,,,,,,,,,,,,,,,,,,,,,,,,,,,,,,,,,,,,,,,,,,,,,,,,,,,,,,,,,,,,,,,,,,,,,,,,,,,,,,,,,,,,,"[{""stage"":"""",""tkid"":""1102"",""ref"":""1102_阿仲_朝右.png"",""emotion"":0}]","[{""stage"":"""",""tkid"":""1102"",""ref"":""1102"",""emotion"":0}]",,,
lord_tk5_1225,,1086,,南光坊天海,,,,,ronin,,,,,,,,,,,,,,,,,,,,,,,,,,,,,,,,,,,,,,,,,,,,,,,,,,,,,,,,,,,,,,,,,,,,,,,,,,,,,,,,,,,,,,,,,,,,,,,,,,,,,,,,,,,,,,,,,,,,,,,,,"[{""stage"":"""",""tkid"":""1086"",""ref"":""1086_南光坊天海_朝右.png"",""emotion"":0}]","[{""stage"":"""",""tkid"":""1086"",""ref"":""1086"",""emotion"":0}]",,,
lord_tk5_1226,,1088,,天室光育,,天室,光育,Tenshitsu Kouiku,ronin,1,,,,,,,,,,,,,,,,,,,,,,,,,,,,,,,,,,,,,,,,,,,,,,,,,,,,,,,,,,,,,,,,,,,,,,,,,,,,,,,,,,,,,,,,,,,,,,,,,,,,,,,,,,,,,,,,,,,,,,,,,"[{""stage"":"""",""tkid"":""1088"",""ref"":""1088"",""emotion"":0}]",,,
lord_tk5_1227,,1087,,虎哉宗乙,,虎哉,宗乙,Kozai Souotsu,ronin,1,,,,,,,,,,,,,,,,,,,,,,,,,,,,,,,,,,,,,,,,,,,,,,,,,,,,,,,,,,,,,,,,,,,,,,,,,,,,,,,,,,,,,,,,,,,,,,,,,,,,,,,,,,,,,,,,,,,,,,,,,"[{""stage"":"""",""tkid"":""1087"",""ref"":""1087"",""emotion"":0}]",,,
lord_tk5_1228,,1089,,海北友松,,,,,ronin,,,,,,,,,,,,,,,,,,,,,,,,,,,,,,,,,,,,,,,,,,,,,,,,,,,,,,,,,,,,,,,,,,,,,,,,,,,,,,,,,,,,,,,,,,,,,,,,,,,,,,,,,,,,,,,,,,,,,,,,,"[{""stage"":"""",""tkid"":""1089"",""ref"":""1089_海北友松_朝右.png"",""emotion"":0}]","[{""stage"":"""",""tkid"":""1089"",""ref"":""1089"",""emotion"":0}]",,,
lord_tk5_1229,,1090,,岭,嶺,,岭,Rei,ronin,0,,,,,,,,,,,,,,,,,,,,,,,,,,,,,,,,,,,,,,,,,,,,,,,,,,,,,,,,,,,,,,,,,,,,,,,,,,,,,,,,,,,,,,,,,,,,,,,,,,,,,,,,,,,,,,,,,,,,,,,,,"[{""stage"":"""",""tkid"":""1090"",""ref"":""1090"",""emotion"":0}]",,,
lord_tk5_1230,,1091,,千岁,,,,,ronin,,,,,,,,,,,,,,,,,,,,,,,,,,,,,,,,,,,,,,,,,,,,,,,,,,,,,,,,,,,,,,,,,,,,,,,,,,,,,,,,,,,,,,,,,,,,,,,,,,,,,,,,,,,,,,,,,,,,,,,,,"[{""stage"":"""",""tkid"":""1091"",""ref"":""1091_千岁_朝正.png"",""emotion"":0}]","[{""stage"":"""",""tkid"":""1091"",""ref"":""1091"",""emotion"":0}]",,,
lord_tk5_1231,,1092,,蝴蝶,,,,,ronin,,,,,,,,,,,,,,,,,,,,,,,,,,,,,,,,,,,,,,,,,,,,,,,,,,,,,,,,,,,,,,,,,,,,,,,,,,,,,,,,,,,,,,,,,,,,,,,,,,,,,,,,,,,,,,,,,,,,,,,,,"[{""stage"":"""",""tkid"":""1092"",""ref"":""1092_蝴蝶_朝正.png"",""emotion"":0}]","[{""stage"":"""",""tkid"":""1092"",""ref"":""1092"",""emotion"":0}]",,,
lord_tk5_1232,,1093,,白枧,白樫|白㭴,,白枧,Shiro,neutral_culture,0,,,,,,,,,,,,,,,,,,,,,,,,,,,,,,,,,,,,,,,,,,,,,,,,,,,,,,,,clan_chosokabe_2,,,,,,,,clan_chosokabe_2,,,,,,,,clan_chosokabe_2,,,,,,,,clan_chosokabe_2,,,,,,,,clan_chosokabe_2,,,,,,,,,,,,,,,,,,,,,,,,,,,,,,,,,"[{""stage"":"""",""tkid"":""1093"",""ref"":""1093"",""emotion"":0}]",,,
lord_tk5_1233,,1094,,新庄,,,,,ronin,,,,,,,,,,,,,,,,,,,,,,,,,,,,,,,,,,,,,,,,,,,,,,,,,,,,,,,,,,,,,,,,,,,,,,,,,,,,,,,,,,,,,,,,,,,,,,,,,,,,,,,,,,,,,,,,,,,,,,,,,"[{""stage"":"""",""tkid"":""1094"",""ref"":""1094_新庄_朝右.png"",""emotion"":0}]","[{""stage"":"""",""tkid"":""1094"",""ref"":""1094"",""emotion"":0}]",,,
lord_tk5_1234,,1095,,山手,,,,,tosan,,,,,,,,lord_tk5_359,,,,,,,,,,,,,,,,,,,,,,,,,,,,,,,,,,,,,,,,,,,,,,,,,clan_sanada_2,,,,,,,,clan_sanada_2,,,,,,,,clan_sanada_2,,,,,,,,clan_sanada_1,,,,,,,,clan_sanada_2,,,,,,,,clan_sanada_2,,,,,,,,,,,,,,,,,,,,,,,,"[{""stage"":"""",""tkid"":""1095"",""ref"":""1095_山手_朝右.png"",""emotion"":0}]","[{""stage"":"""",""tkid"":""1095"",""ref"":""1095"",""emotion"":0}]",,,
lord_tk5_1235,,1096,,照姬,,,,,ronin,,,,,,,,,,,,,,,,,,,,,,,,,,,,,,,,,,,,,,,,,,,,,,,,,,,,,,,,,,,,,,,,,,,,,,,,,,,,,,,,,,,,,,,,,,,,,,,,,,,,,,,,,,,,,,,,,,,,,,,,,"[{""stage"":"""",""tkid"":""1096"",""ref"":""1096_照姬_朝右.png"",""emotion"":0}]","[{""stage"":"""",""tkid"":""1096"",""ref"":""1096"",""emotion"":0}]",,,
lord_tk5_1236,,1097,,南姫,南姬,,南姫,Imagawa Minami-hime,tosan,0,,,,,lord_tk5_801,,lord_tk5_110,,,,,,,,,,,,,,,,,,,,,,,,,,,,,,,,,,,,,,,,,,,,,,,,,clan_imagawa_1,,,,,,,,clan_imagawa_1,,,,,,,,,,,,,,,,,,,,,,,,,,,,,,,,,,,,,,,,,,,,,,,,,,,,,,,,,"[{""stage"":"""",""tkid"":""1097"",""ref"":""1097"",""emotion"":0}]",,,
lord_tk5_1237,,1098,,九郎判官义经,,,,,ronin,,,,,,,,,,,,,,,,,,,,,,,,,,,,,,,,,,,,,,,,,,,,,,,,,,,,,,,,,,,,,,,,,,,,,,,,,,,,,,,,,,,,,,,,,,,,,,,,,,,,,,,,,,,,,,,,,,,,,,,,,"[{""stage"":"""",""tkid"":""1098"",""ref"":""1098_九郎判官义经_朝正.png"",""emotion"":0}]","[{""stage"":"""",""tkid"":""1098"",""ref"":""1098"",""emotion"":0}]",,,
lord_tk5_1238,,1099,,相马小次郎将门,,,,,ronin,,,,,,,,,,,,,,,,,,,,,,,,,,,,,,,,,,,,,,,,,,,,,,,,,,,,,,,,,,,,,,,,,,,,,,,,,,,,,,,,,,,,,,,,,,,,,,,,,,,,,,,,,,,,,,,,,,,,,,,,,"[{""stage"":"""",""tkid"":""1099"",""ref"":""1099_相马小次郎将门_朝右.png"",""emotion"":0}]","[{""stage"":"""",""tkid"":""1099"",""ref"":""1099"",""emotion"":0}]",,,
lord_tk5_1240,,1103,,吾作,,,,,ronin,,,,,,,,,,,,,,,,,,,,,,,,,,,,,,,,,,,,,,,,,,,,,,,,,,,,,,,,,,,,,,,,,,,,,,,,,,,,,,,,,,,,,,,,,,,,,,,,,,,,,,,,,,,,,,,,,,,,,,,,,"[{""stage"":"""",""tkid"":""1103"",""ref"":""1103_吾作_朝右.png"",""emotion"":0}]","[{""stage"":"""",""tkid"":""1103"",""ref"":""1103"",""emotion"":0}]",,,
lord_tk5_1242,,1290,,李华梅,マリア,,李华梅,Maria,pirate,0,1520,1554,,,,,,,,,,,,,,,,,,,,,,,,,,,,,,,,,,,,,,,,,,,,,,,,,已登场,李华梅,船大将,其他,无,,坊津之砦,无,已登场,李华梅,船大将,其他,无,,坊津之砦,无,已登场,李华梅,船大将,其他,无,,坊津之砦,无,已登场,李华梅,船大将,其他,无,,坊津之砦,无,已登场,李华梅,船大将,其他,无,,坊津之砦,无,已登场,李华梅,船大将,其他,无,,坊津之砦,无,,,,,,,,,,,,,,,,,,,,,,,"[{""stage"":"""",""tkid"":""1290"",""ref"":""1290"",""emotion"":0}]",,,
lord_tk5_1243,,1291,,蒂雅,,,,,pirate,,1520,1554,,,,,,,,,,,,,,,,,,,,,,,,,,,,,,,,,,,,,,,,,,,,,,,,,已登场,蒂雅,船大将,其他,无,,坊津之砦,无,已登场,蒂雅,船大将,其他,无,,坊津之砦,无,已登场,蒂雅,船大将,其他,无,,坊津之砦,无,已登场,蒂雅,船大将,其他,无,,坊津之砦,无,已登场,蒂雅,船大将,其他,无,,坊津之砦,无,已登场,蒂雅,船大将,其他,无,,坊津之砦,无,,,,,,,,,,,,,,,,,,,,,,"[{""stage"":"""",""tkid"":""1291"",""ref"":""1291_蒂雅_朝右.png"",""emotion"":0}]","[{""stage"":"""",""tkid"":""1291"",""ref"":""1291"",""emotion"":0}]",,,
lord_tk5_1289,,1146,,老奶奶,,,,,ronin,,,,,,,,,,,,,,,,,,,,,,,,,,,,,,,,,,,,,,,,,,,,,,,,,,,,,,,,,,,,,,,,,,,,,,,,,,,,,,,,,,,,,,,,,,,,,,,,,,,,,,,,,,,,,,,,,,,,,,,,,"[{""stage"":"""",""tkid"":""1146"",""ref"":""1146_老奶奶_朝右.png"",""emotion"":0}]","[{""stage"":"""",""tkid"":""1146"",""ref"":""1146"",""emotion"":0}]",,,
template_ninja_male_01,,860|861|862|863|865|866|867|868|869|870|871|872|873|874|875|876|877|878|879|880|881|882|883|884|885|886|887|888|889|890|891|892|893|894|895|896|897|898|899|900|901|902|903|904|905|906|907|908|909|910|911|912|1120|1150|914,1,忍者,,,Ninja,clan_japanese_1,ninja,,,,,,,,,,,,,,,,,,,,,,,,,,,,,,,,,,,,,,,,,,,,,,,,,,,,,,,,,,,,,,,,,,,,,,,,,,,,,,,,,,,,,,,,,,,,,,,,,,,,,,,,,,,,,,,,,,,,,,,,,,"[{""stage"":"""",""tkid"":""886"",""ref"":""886"",""emotion"":0},{""stage"":""青年"",""tkid"":""860"",""ref"":""860"",""emotion"":0},{""stage"":""壮年"",""tkid"":""887"",""ref"":""887"",""emotion"":0},{""stage"":""老年"",""tkid"":""912"",""ref"":""912"",""emotion"":0}]",,,
template_jounin_01,,886,1,上忍,,,,,ninja,,,,,,,,,,,,,,,,,,,,,,,,,,,,,,,,,,,,,,,,,,,,,,,,,,,,,,,,,,,,,,,,,,,,,,,,,,,,,,,,,,,,,,,,,,,,,,,,,,,,,,,,,,,,,,,,,,,,,,,,,"[{""stage"":"""",""tkid"":""886"",""ref"":""886_无卡忍者_朝右.png"",""emotion"":0}]","[{""stage"":"""",""tkid"":""886"",""ref"":""886"",""emotion"":0}]",,,
template_chunin_01,,886,1,中忍,,,,,ninja,,,,,,,,,,,,,,,,,,,,,,,,,,,,,,,,,,,,,,,,,,,,,,,,,,,,,,,,,,,,,,,,,,,,,,,,,,,,,,,,,,,,,,,,,,,,,,,,,,,,,,,,,,,,,,,,,,,,,,,,,"[{""stage"":"""",""tkid"":""886"",""ref"":""886_无卡忍者_朝右.png"",""emotion"":0}]","[{""stage"":"""",""tkid"":""886"",""ref"":""886"",""emotion"":0}]",,,
template_genin_01,,886,1,下忍,,,,,ninja,,,,,,,,,,,,,,,,,,,,,,,,,,,,,,,,,,,,,,,,,,,,,,,,,,,,,,,,,,,,,,,,,,,,,,,,,,,,,,,,,,,,,,,,,,,,,,,,,,,,,,,,,,,,,,,,,,,,,,,,,"[{""stage"":"""",""tkid"":""886"",""ref"":""886_无卡忍者_朝右.png"",""emotion"":0}]","[{""stage"":"""",""tkid"":""886"",""ref"":""886"",""emotion"":0}]",,,
template_kunoichi_01,,1126|864,1,女忍者,泛用女忍者,,Onna Shinobi,clan_japanese_1,ninja,,,,,,,,,,,,,,,,,,,,,,,,,,,,,,,,,,,,,,,,,,,,,,,,,,,,,,,,,,,,,,,,,,,,,,,,,,,,,,,,,,,,,,,,,,,,,,,,,,,,,,,,,,,,,,,,,,,,,,,,,,"[{""stage"":"""",""tkid"":""1126"",""ref"":""1126"",""emotion"":0}]",,,
template_shougun_01,,1121|1149,1,备大将,備大將,,Shougun,clan_japanese_1,neutral_culture,,,,,,,,,,,,,,,,,,,,,,,,,,,,,,,,,,,,,,,,,,,,,,,,,,,,,,,,,,,,,,,,,,,,,,,,,,,,,,,,,,,,,,,,,,,,,,,,,,,,,,,,,,,,,,,,,,,,,,,,,,"[{""stage"":"""",""tkid"":""1121"",""ref"":""1121"",""emotion"":0}]",,,
template_ashigaru_01,,1121,1,足轻,足輕,,AshigaruSoldier,clan_japanese_1,neutral_culture,,,,,,,,,,,,,,,,,,,,,,,,,,,,,,,,,,,,,,,,,,,,,,,,,,,,,,,,,,,,,,,,,,,,,,,,,,,,,,,,,,,,,,,,,,,,,,,,,,,,,,,,,,,,,,,,,,,,,,,,,,"[{""stage"":"""",""tkid"":""1121"",""ref"":""1121"",""emotion"":0}]",,,
template_ashigaru_daisho_01,,1121,1,足轻大将,,,,,neutral_culture,,,,,,,,,,,,,,,,,,,,,,,,,,,,,,,,,,,,,,,,,,,,,,,,,,,,,,,,,,,,,,,,,,,,,,,,,,,,,,,,,,,,,,,,,,,,,,,,,,,,,,,,,,,,,,,,,,,,,,,,,"[{""stage"":"""",""tkid"":""1121"",""ref"":""1121_备大将_朝右.png"",""emotion"":0}]","[{""stage"":"""",""tkid"":""1121"",""ref"":""1121"",""emotion"":0}]",,,
template_ashigaru_kumi_01,,1121,1,足轻组头,,,,,neutral_culture,,,,,,,,,,,,,,,,,,,,,,,,,,,,,,,,,,,,,,,,,,,,,,,,,,,,,,,,,,,,,,,,,,,,,,,,,,,,,,,,,,,,,,,,,,,,,,,,,,,,,,,,,,,,,,,,,,,,,,,,,"[{""stage"":"""",""tkid"":""1121"",""ref"":""1121_备大将_朝右.png"",""emotion"":0}]","[{""stage"":"""",""tkid"":""1121"",""ref"":""1121"",""emotion"":0}]",,,
template_toudou_01,,1121,1,当家,,,,,trader,,,,,,,,,,,,,,,,,,,,,,,,,,,,,,,,,,,,,,,,,,,,,,,,,,,,,,,,,,,,,,,,,,,,,,,,,,,,,,,,,,,,,,,,,,,,,,,,,,,,,,,,,,,,,,,,,,,,,,,,,"[{""stage"":"""",""tkid"":""1121"",""ref"":""1121_备大将_朝右.png"",""emotion"":0}]","[{""stage"":"""",""tkid"":""1121"",""ref"":""1121"",""emotion"":0}]",,,
template_karou_01,,1121,1,家老,,,,,neutral_culture,,,,,,,,,,,,,,,,,,,,,,,,,,,,,,,,,,,,,,,,,,,,,,,,,,,,,,,,,,,,,,,,,,,,,,,,,,,,,,,,,,,,,,,,,,,,,,,,,,,,,,,,,,,,,,,,,,,,,,,,,"[{""stage"":"""",""tkid"":""1121"",""ref"":""1121_备大将_朝右.png"",""emotion"":0}]","[{""stage"":"""",""tkid"":""1121"",""ref"":""1121"",""emotion"":0}]",,,
template_bushou_01,,1121,1,部将,,,,,neutral_culture,,,,,,,,,,,,,,,,,,,,,,,,,,,,,,,,,,,,,,,,,,,,,,,,,,,,,,,,,,,,,,,,,,,,,,,,,,,,,,,,,,,,,,,,,,,,,,,,,,,,,,,,,,,,,,,,,,,,,,,,,"[{""stage"":"""",""tkid"":""1121"",""ref"":""1121_备大将_朝右.png"",""emotion"":0}]","[{""stage"":"""",""tkid"":""1121"",""ref"":""1121"",""emotion"":0}]",,,
template_samurai_taisho_01,,1121,1,侍大将,,,,,neutral_culture,,,,,,,,,,,,,,,,,,,,,,,,,,,,,,,,,,,,,,,,,,,,,,,,,,,,,,,,,,,,,,,,,,,,,,,,,,,,,,,,,,,,,,,,,,,,,,,,,,,,,,,,,,,,,,,,,,,,,,,,,"[{""stage"":"""",""tkid"":""1121"",""ref"":""1121_备大将_朝右.png"",""emotion"":0}]","[{""stage"":"""",""tkid"":""1121"",""ref"":""1121"",""emotion"":0}]",,,
template_hogo_01,,1129,1,保镖,保鏢,,Hogo,clan_japanese_1,neutral_culture,,,,,,,,,,,,,,,,,,,,,,,,,,,,,,,,,,,,,,,,,,,,,,,,,,,,,,,,,,,,,,,,,,,,,,,,,,,,,,,,,,,,,,,,,,,,,,,,,,,,,,,,,,,,,,,,,,,,,,,,,,"[{""stage"":"""",""tkid"":""1129"",""ref"":""1129"",""emotion"":0}]",,,
template_monban_01,,1107,1,门卫,門衛,,Monban,clan_japanese_1,neutral_culture,,,,,,,,,,,,,,,,,,,,,,,,,,,,,,,,,,,,,,,,,,,,,,,,,,,,,,,,,,,,,,,,,,,,,,,,,,,,,,,,,,,,,,,,,,,,,,,,,,,,,,,,,,,,,,,,,,,,,,,,,,"[{""stage"":"""",""tkid"":""1107"",""ref"":""1107"",""emotion"":0}]",,,
template_koushin_kashin_01,,1121,1,功勋家臣,功勳家臣,,KoushinMinister,clan_japanese_1,neutral_culture,,,,,,,,,,,,,,,,,,,,,,,,,,,,,,,,,,,,,,,,,,,,,,,,,,,,,,,,,,,,,,,,,,,,,,,,,,,,,,,,,,,,,,,,,,,,,,,,,,,,,,,,,,,,,,,,,,,,,,,,,,"[{""stage"":"""",""tkid"":""1121"",""ref"":""1121"",""emotion"":0}]",,,
template_koushin_baishin_01,,1121,1,功勋陪臣,功勳陪臣,,KoushinVassal,clan_japanese_1,neutral_culture,,,,,,,,,,,,,,,,,,,,,,,,,,,,,,,,,,,,,,,,,,,,,,,,,,,,,,,,,,,,,,,,,,,,,,,,,,,,,,,,,,,,,,,,,,,,,,,,,,,,,,,,,,,,,,,,,,,,,,,,,,"[{""stage"":"""",""tkid"":""1121"",""ref"":""1121"",""emotion"":0}]",,,
template_buryoku_kashin_01,,1121,1,武力家臣,,,Buryoku Kashin,clan_japanese_1,neutral_culture,,,,,,,,,,,,,,,,,,,,,,,,,,,,,,,,,,,,,,,,,,,,,,,,,,,,,,,,,,,,,,,,,,,,,,,,,,,,,,,,,,,,,,,,,,,,,,,,,,,,,,,,,,,,,,,,,,,,,,,,,,"[{""stage"":"""",""tkid"":""1121"",""ref"":""1121"",""emotion"":0}]",,,
template_buryoku_baishin_01,,1121,1,武力陪臣,,,Buryoku Baishin,clan_japanese_1,neutral_culture,,,,,,,,,,,,,,,,,,,,,,,,,,,,,,,,,,,,,,,,,,,,,,,,,,,,,,,,,,,,,,,,,,,,,,,,,,,,,,,,,,,,,,,,,,,,,,,,,,,,,,,,,,,,,,,,,,,,,,,,,,"[{""stage"":"""",""tkid"":""1121"",""ref"":""1121"",""emotion"":0}]",,,
template_gaikou_kashin_01,,1121,1,外交家臣,,,Gaikou Kashin,clan_japanese_1,neutral_culture,,,,,,,,,,,,,,,,,,,,,,,,,,,,,,,,,,,,,,,,,,,,,,,,,,,,,,,,,,,,,,,,,,,,,,,,,,,,,,,,,,,,,,,,,,,,,,,,,,,,,,,,,,,,,,,,,,,,,,,,,,"[{""stage"":"""",""tkid"":""1121"",""ref"":""1121"",""emotion"":0}]",,,
template_gaikou_baishin_01,,1121,1,外交陪臣,,,Gaikou Baishin,clan_japanese_1,neutral_culture,,,,,,,,,,,,,,,,,,,,,,,,,,,,,,,,,,,,,,,,,,,,,,,,,,,,,,,,,,,,,,,,,,,,,,,,,,,,,,,,,,,,,,,,,,,,,,,,,,,,,,,,,,,,,,,,,,,,,,,,,,"[{""stage"":"""",""tkid"":""1121"",""ref"":""1121"",""emotion"":0}]",,,
template_kaizoku_01,,975|976|977|978|979|980|981|982|983|984|985|986|987|988|989|990|991|992|993|994|995|996|997|998|999|1000|1001|1002|1003|1004|1005|1006|1007|1008|1009|1010|1011|1012|1013|1014|1015|1016|1019|1020|1021|1022|1023|1024|1025|1026|1027|1028|1029|1140|1151,1,海贼,海賊,,Kaizoku,clan_japanese_1,pirate,,,,,,,,,,,,,,,,,,,,,,,,,,,,,,,,,,,,,,,,,,,,,,,,,,,,,,,,,,,,,,,,,,,,,,,,,,,,,,,,,,,,,,,,,,,,,,,,,,,,,,,,,,,,,,,,,,,,,,,,,,"[{""stage"":"""",""tkid"":""1012"",""ref"":""1012"",""emotion"":0},{""stage"":""青年"",""tkid"":""975"",""ref"":""975"",""emotion"":0},{""stage"":""壮年"",""tkid"":""1001"",""ref"":""1001"",""emotion"":0},{""stage"":""老年"",""tkid"":""1029"",""ref"":""1029"",""emotion"":0}]",,,
template_kaizoku_female_01,,1017|1018,1,女海贼,,,,,pirate,,,,,,,,,,,,,,,,,,,,,,,,,,,,,,,,,,,,,,,,,,,,,,,,,,,,,,,,,,,,,,,,,,,,,,,,,,,,,,,,,,,,,,,,,,,,,,,,,,,,,,,,,,,,,,,,,,,,,,,,,,"[{""stage"":"""",""tkid"":""1017"",""ref"":""1017"",""emotion"":0},{""stage"":""卡1018"",""tkid"":""1018"",""ref"":""1018"",""emotion"":0}]",,,
template_kaizoku_tou_01,,1148,1,头领,,,,,pirate,,,,,,,,,,,,,,,,,,,,,,,,,,,,,,,,,,,,,,,,,,,,,,,,,,,,,,,,,,,,,,,,,,,,,,,,,,,,,,,,,,,,,,,,,,,,,,,,,,,,,,,,,,,,,,,,,,,,,,,,,"[{""stage"":"""",""tkid"":""1148"",""ref"":""1148_海贼头目_朝右.png"",""emotion"":0}]","[{""stage"":"""",""tkid"":""1148"",""ref"":""1148"",""emotion"":0}]",,,
template_kashira_01,,1147,1,头目,,,,,ninja,,,,,,,,,,,,,,,,,,,,,,,,,,,,,,,,,,,,,,,,,,,,,,,,,,,,,,,,,,,,,,,,,,,,,,,,,,,,,,,,,,,,,,,,,,,,,,,,,,,,,,,,,,,,,,,,,,,,,,,,,"[{""stage"":"""",""tkid"":""1147"",""ref"":""1147_山贼头目_朝右.png"",""emotion"":0}]","[{""stage"":"""",""tkid"":""1147"",""ref"":""1147"",""emotion"":0}]",,,
template_funa_daisho_01,,1012,1,船大将,,,,,pirate,,,,,,,,,,,,,,,,,,,,,,,,,,,,,,,,,,,,,,,,,,,,,,,,,,,,,,,,,,,,,,,,,,,,,,,,,,,,,,,,,,,,,,,,,,,,,,,,,,,,,,,,,,,,,,,,,,,,,,,,,"[{""stage"":"""",""tkid"":""1012"",""ref"":""1012_无卡海贼_朝正.png"",""emotion"":0}]","[{""stage"":"""",""tkid"":""1012"",""ref"":""1012"",""emotion"":0}]",,,
template_sentou_01,,1012,1,船头,,,,,pirate,,,,,,,,,,,,,,,,,,,,,,,,,,,,,,,,,,,,,,,,,,,,,,,,,,,,,,,,,,,,,,,,,,,,,,,,,,,,,,,,,,,,,,,,,,,,,,,,,,,,,,,,,,,,,,,,,,,,,,,,,"[{""stage"":"""",""tkid"":""1012"",""ref"":""1012_无卡海贼_朝正.png"",""emotion"":0}]","[{""stage"":"""",""tkid"":""1012"",""ref"":""1012"",""emotion"":0}]",,,
template_suifu_tou_01,,1012,1,水夫头,,,,,pirate,,,,,,,,,,,,,,,,,,,,,,,,,,,,,,,,,,,,,,,,,,,,,,,,,,,,,,,,,,,,,,,,,,,,,,,,,,,,,,,,,,,,,,,,,,,,,,,,,,,,,,,,,,,,,,,,,,,,,,,,,"[{""stage"":"""",""tkid"":""1012"",""ref"":""1012_无卡海贼_朝正.png"",""emotion"":0}]","[{""stage"":"""",""tkid"":""1012"",""ref"":""1012"",""emotion"":0}]",,,
template_suifu_01,,1012,1,水夫,,,,,pirate,,,,,,,,,,,,,,,,,,,,,,,,,,,,,,,,,,,,,,,,,,,,,,,,,,,,,,,,,,,,,,,,,,,,,,,,,,,,,,,,,,,,,,,,,,,,,,,,,,,,,,,,,,,,,,,,,,,,,,,,,"[{""stage"":"""",""tkid"":""1012"",""ref"":""1012_无卡海贼_朝正.png"",""emotion"":0}]","[{""stage"":"""",""tkid"":""1012"",""ref"":""1012"",""emotion"":0}]",,,
template_merchant_01,,913|915|916|917|918|919|920|921|922|923|924|925|926|927|928|929|930|931|932|933|934|935|936|937|938|939|940|941|942|943|944|945|946|947|948|949|950|951|952|953|954|955|956|957|958|959|960|961|962|963|964|965|966|967|968|969|970|971|972|973|974|1116|1135,1,商人,,,Shounin,clan_japanese_1,trader,,,,,,,,,,,,,,,,,,,,,,,,,,,,,,,,,,,,,,,,,,,,,,,,,,,,,,,,,,,,,,,,,,,,,,,,,,,,,,,,,,,,,,,,,,,,,,,,,,,,,,,,,,,,,,,,,,,,,,,,,,"[{""stage"":"""",""tkid"":""952"",""ref"":""952"",""emotion"":0},{""stage"":""青年"",""tkid"":""913"",""ref"":""913"",""emotion"":0},{""stage"":""壮年"",""tkid"":""943"",""ref"":""943"",""emotion"":0},{""stage"":""老年"",""tkid"":""974"",""ref"":""974"",""emotion"":0}]",,,
template_merchant_gyo_01,,1085,1,行商人,,,Gyoushounin,clan_japanese_1,trader,,,,,,,,,,,,,,,,,,,,,,,,,,,,,,,,,,,,,,,,,,,,,,,,,,,,,,,,,,,,,,,,,,,,,,,,,,,,,,,,,,,,,,,,,,,,,,,,,,,,,,,,,,,,,,,,,,,,,,,,,,"[{""stage"":"""",""tkid"":""1085"",""ref"":""1085"",""emotion"":0}]",,,
template_merchant_ming_01,,1133,1,明朝商人,,,,,trader,,,,,,,,,,,,,,,,,,,,,,,,,,,,,,,,,,,,,,,,,,,,,,,,,,,,,,,,,,,,,,,,,,,,,,,,,,,,,,,,,,,,,,,,,,,,,,,,,,,,,,,,,,,,,,,,,,,,,,,,,"[{""stage"":"""",""tkid"":""1133"",""ref"":""1133_明朝商人_朝右.png"",""emotion"":0}]","[{""stage"":"""",""tkid"":""1133"",""ref"":""1133"",""emotion"":0}]",,,
template_merchant_choseon_01,,1132,1,朝鲜商人,,,,,trader,,,,,,,,,,,,,,,,,,,,,,,,,,,,,,,,,,,,,,,,,,,,,,,,,,,,,,,,,,,,,,,,,,,,,,,,,,,,,,,,,,,,,,,,,,,,,,,,,,,,,,,,,,,,,,,,,,,,,,,,,"[{""stage"":"""",""tkid"":""1132"",""ref"":""1132_朝鲜商人_朝右.png"",""emotion"":0}]","[{""stage"":"""",""tkid"":""1132"",""ref"":""1132"",""emotion"":0}]",,,
template_merchant_ryukyu_01,,1134,1,琉球商人,,,,,trader,,,,,,,,,,,,,,,,,,,,,,,,,,,,,,,,,,,,,,,,,,,,,,,,,,,,,,,,,,,,,,,,,,,,,,,,,,,,,,,,,,,,,,,,,,,,,,,,,,,,,,,,,,,,,,,,,,,,,,,,,"[{""stage"":"""",""tkid"":""1134"",""ref"":""1134_琉球商人_朝右.png"",""emotion"":0}]","[{""stage"":"""",""tkid"":""1134"",""ref"":""1134"",""emotion"":0}]",,,
template_za_shihai_01,,1131,1,座的掌柜,,,,,trader,,,,,,,,,,,,,,,,,,,,,,,,,,,,,,,,,,,,,,,,,,,,,,,,,,,,,,,,,,,,,,,,,,,,,,,,,,,,,,,,,,,,,,,,,,,,,,,,,,,,,,,,,,,,,,,,,,,,,,,,,"[{""stage"":"""",""tkid"":""1131"",""ref"":""1131_座的掌柜_朝右.png"",""emotion"":0}]","[{""stage"":"""",""tkid"":""1131"",""ref"":""1131"",""emotion"":0}]",,,
template_detchi_01,,1143,1,伙计,,,,,trader,,,,,,,,,,,,,,,,,,,,,,,,,,,,,,,,,,,,,,,,,,,,,,,,,,,,,,,,,,,,,,,,,,,,,,,,,,,,,,,,,,,,,,,,,,,,,,,,,,,,,,,,,,,,,,,,,,,,,,,,,"[{""stage"":"""",""tkid"":""1143"",""ref"":""1143_男仆_朝右.png"",""emotion"":0}]","[{""stage"":"""",""tkid"":""1143"",""ref"":""1143"",""emotion"":0}]",,,
template_tenpo_01,,1136,1,掌柜,,,,,trader,,,,,,,,,,,,,,,,,,,,,,,,,,,,,,,,,,,,,,,,,,,,,,,,,,,,,,,,,,,,,,,,,,,,,,,,,,,,,,,,,,,,,,,,,,,,,,,,,,,,,,,,,,,,,,,,,,,,,,,,,"[{""stage"":"""",""tkid"":""1136"",""ref"":""1136_掌柜_朝右.png"",""emotion"":0}]","[{""stage"":"""",""tkid"":""1136"",""ref"":""1136"",""emotion"":0}]",,,
template_umaya_tenpo_01,,1109,1,马屋的老板,馬屋的老闆,,Umaya no Teishu,clan_japanese_1,trader,,,,,,,,,,,,,,,,,,,,,,,,,,,,,,,,,,,,,,,,,,,,,,,,,,,,,,,,,,,,,,,,,,,,,,,,,,,,,,,,,,,,,,,,,,,,,,,,,,,,,,,,,,,,,,,,,,,,,,,,,,"[{""stage"":"""",""tkid"":""1109"",""ref"":""1109"",""emotion"":0}]",,,
template_komeya_tenpo_01,,1108,1,米屋老板,,,,,trader,,,,,,,,,,,,,,,,,,,,,,,,,,,,,,,,,,,,,,,,,,,,,,,,,,,,,,,,,,,,,,,,,,,,,,,,,,,,,,,,,,,,,,,,,,,,,,,,,,,,,,,,,,,,,,,,,,,,,,,,,"[{""stage"":"""",""tkid"":""1108"",""ref"":""1108_米屋老板_朝右.png"",""emotion"":0}]","[{""stage"":"""",""tkid"":""1108"",""ref"":""1108"",""emotion"":0}]",,,
template_sakaba_onna_01,,1110,1,酒场的老板娘,酒場的老闆娘,,Sakaba no Okami,clan_japanese_1,trader,,,,,,,,,,,,,,,,,,,,,,,,,,,,,,,,,,,,,,,,,,,,,,,,,,,,,,,,,,,,,,,,,,,,,,,,,,,,,,,,,,,,,,,,,,,,,,,,,,,,,,,,,,,,,,,,,,,,,,,,,,"[{""stage"":"""",""tkid"":""1110"",""ref"":""1110"",""emotion"":0}]",,,
template_yadoya_onna_01,,1115,1,宿屋的老板娘,宿屋的老闆娘,,Yadoya no Okami,clan_japanese_1,trader,,,,,,,,,,,,,,,,,,,,,,,,,,,,,,,,,,,,,,,,,,,,,,,,,,,,,,,,,,,,,,,,,,,,,,,,,,,,,,,,,,,,,,,,,,,,,,,,,,,,,,,,,,,,,,,,,,,,,,,,,,"[{""stage"":"""",""tkid"":""1115"",""ref"":""1115"",""emotion"":0}]",,,
template_ryotei_onna_01,,1111,1,旅店老板娘,,,,,trader,,,,,,,,,,,,,,,,,,,,,,,,,,,,,,,,,,,,,,,,,,,,,,,,,,,,,,,,,,,,,,,,,,,,,,,,,,,,,,,,,,,,,,,,,,,,,,,,,,,,,,,,,,,,,,,,,,,,,,,,,"[{""stage"":"""",""tkid"":""1111"",""ref"":""1111_旅店老板娘_朝右.png"",""emotion"":0}]","[{""stage"":"""",""tkid"":""1111"",""ref"":""1111"",""emotion"":0}]",,,
template_swordshihan_01,,1118,1,剑术的师范,剣術的師範,,SwordTeki,clan_japanese_1,neutral_culture,,,,,,,,,,,,,,,,,,,,,,,,,,,,,,,,,,,,,,,,,,,,,,,,,,,,,,,,,,,,,,,,,,,,,,,,,,,,,,,,,,,,,,,,,,,,,,,,,,,,,,,,,,,,,,,,,,,,,,,,,,"[{""stage"":"""",""tkid"":""1118"",""ref"":""1118"",""emotion"":0}]",,,
template_shihandai_01,,1139|1144|1145,1,剑术师范代,劍術師範代,,Kenjutsu Shihan-dai,clan_japanese_1,neutral_culture,,,,,,,,,,,,,,,,,,,,,,,,,,,,,,,,,,,,,,,,,,,,,,,,,,,,,,,,,,,,,,,,,,,,,,,,,,,,,,,,,,,,,,,,,,,,,,,,,,,,,,,,,,,,,,,,,,,,,,,,,,"[{""stage"":"""",""tkid"":""1139"",""ref"":""1139"",""emotion"":0}]",,,
template_yari_shihan_01,,1141,1,枪术的师范,槍術的師範,,ArcherTeki,clan_japanese_1,neutral_culture,,,,,,,,,,,,,,,,,,,,,,,,,,,,,,,,,,,,,,,,,,,,,,,,,,,,,,,,,,,,,,,,,,,,,,,,,,,,,,,,,,,,,,,,,,,,,,,,,,,,,,,,,,,,,,,,,,,,,,,,,,"[{""stage"":"""",""tkid"":""1141"",""ref"":""1141"",""emotion"":0}]",,,
template_kenkyu_01,,1139,1,见习,,,,,neutral_culture,,,,,,,,,,,,,,,,,,,,,,,,,,,,,,,,,,,,,,,,,,,,,,,,,,,,,,,,,,,,,,,,,,,,,,,,,,,,,,,,,,,,,,,,,,,,,,,,,,,,,,,,,,,,,,,,,,,,,,,,,"[{""stage"":"""",""tkid"":""1139"",""ref"":""1139_代理教头_朝右.png"",""emotion"":0}]","[{""stage"":"""",""tkid"":""1139"",""ref"":""1139"",""emotion"":0}]",,,
template_noumin_female_01,,1112,1,农民女,農民女,,Nomin Onna,clan_japanese_1,neutral_culture,,,,,,,,,,,,,,,,,,,,,,,,,,,,,,,,,,,,,,,,,,,,,,,,,,,,,,,,,,,,,,,,,,,,,,,,,,,,,,,,,,,,,,,,,,,,,,,,,,,,,,,,,,,,,,,,,,,,,,,,,,"[{""stage"":"""",""tkid"":""1112"",""ref"":""1112"",""emotion"":0}]",,,
template_noumin_male_01,,1112,1,农民男,農民男,,Nomin Otoko,clan_japanese_1,neutral_culture,,,,,,,,,,,,,,,,,,,,,,,,,,,,,,,,,,,,,,,,,,,,,,,,,,,,,,,,,,,,,,,,,,,,,,,,,,,,,,,,,,,,,,,,,,,,,,,,,,,,,,,,,,,,,,,,,,,,,,,,,,"[{""stage"":"""",""tkid"":""1112"",""ref"":""1112"",""emotion"":0}]",,,
template_choumin_female_01,,1115,1,町民女,,,Choumin Onna,clan_japanese_1,neutral_culture,,,,,,,,,,,,,,,,,,,,,,,,,,,,,,,,,,,,,,,,,,,,,,,,,,,,,,,,,,,,,,,,,,,,,,,,,,,,,,,,,,,,,,,,,,,,,,,,,,,,,,,,,,,,,,,,,,,,,,,,,,"[{""stage"":"""",""tkid"":""1115"",""ref"":""1115"",""emotion"":0}]",,,
template_choumin_male_01,,1114|1104,1,町民男,,,Choumin Otoko,clan_japanese_1,neutral_culture,,,,,,,,,,,,,,,,,,,,,,,,,,,,,,,,,,,,,,,,,,,,,,,,,,,,,,,,,,,,,,,,,,,,,,,,,,,,,,,,,,,,,,,,,,,,,,,,,,,,,,,,,,,,,,,,,,,,,,,,,,"[{""stage"":"""",""tkid"":""1114"",""ref"":""1114"",""emotion"":0}]",,,
template_tabibito_01,,1122,1,旅人,,,Tabibito,clan_japanese_1,neutral_culture,,,,,,,,,,,,,,,,,,,,,,,,,,,,,,,,,,,,,,,,,,,,,,,,,,,,,,,,,,,,,,,,,,,,,,,,,,,,,,,,,,,,,,,,,,,,,,,,,,,,,,,,,,,,,,,,,,,,,,,,,,"[{""stage"":"""",""tkid"":""1122"",""ref"":""1122"",""emotion"":0}]",,,
template_kodomo_01,,1127,1,小孩,,,,,neutral_culture,,,,,,,,,,,,,,,,,,,,,,,,,,,,,,,,,,,,,,,,,,,,,,,,,,,,,,,,,,,,,,,,,,,,,,,,,,,,,,,,,,,,,,,,,,,,,,,,,,,,,,,,,,,,,,,,,,,,,,,,,"[{""stage"":"""",""tkid"":""1127"",""ref"":""1127_小孩_朝右.png"",""emotion"":0}]","[{""stage"":"""",""tkid"":""1127"",""ref"":""1127"",""emotion"":0}]",,,
template_kodomo_f_01,,1142,1,女孩,,,,,neutral_culture,,,,,,,,,,,,,,,,,,,,,,,,,,,,,,,,,,,,,,,,,,,,,,,,,,,,,,,,,,,,,,,,,,,,,,,,,,,,,,,,,,,,,,,,,,,,,,,,,,,,,,,,,,,,,,,,,,,,,,,,,"[{""stage"":"""",""tkid"":""1142"",""ref"":""1142_女孩_朝右.png"",""emotion"":0}]","[{""stage"":"""",""tkid"":""1142"",""ref"":""1142"",""emotion"":0}]",,,
template_yoi_otoko_01,,1123,1,喝醉的男人,,,,,neutral_culture,,,,,,,,,,,,,,,,,,,,,,,,,,,,,,,,,,,,,,,,,,,,,,,,,,,,,,,,,,,,,,,,,,,,,,,,,,,,,,,,,,,,,,,,,,,,,,,,,,,,,,,,,,,,,,,,,,,,,,,,,"[{""stage"":"""",""tkid"":""1123"",""ref"":""1123_喝醉的男人_朝右.png"",""emotion"":0}]","[{""stage"":"""",""tkid"":""1123"",""ref"":""1123"",""emotion"":0}]",,,
template_yoi_onna_01,,1124,1,喝醉的女人,,,,,neutral_culture,,,,,,,,,,,,,,,,,,,,,,,,,,,,,,,,,,,,,,,,,,,,,,,,,,,,,,,,,,,,,,,,,,,,,,,,,,,,,,,,,,,,,,,,,,,,,,,,,,,,,,,,,,,,,,,,,,,,,,,,,"[{""stage"":"""",""tkid"":""1124"",""ref"":""1124_喝醉的女人_朝右.png"",""emotion"":0}]","[{""stage"":"""",""tkid"":""1124"",""ref"":""1124"",""emotion"":0}]",,,
template_yotto_01,,1130,1,贼,,,,,neutral_culture,,,,,,,,,,,,,,,,,,,,,,,,,,,,,,,,,,,,,,,,,,,,,,,,,,,,,,,,,,,,,,,,,,,,,,,,,,,,,,,,,,,,,,,,,,,,,,,,,,,,,,,,,,,,,,,,,,,,,,,,,"[{""stage"":"""",""tkid"":""1130"",""ref"":""1130_贼_朝右.png"",""emotion"":0}]","[{""stage"":"""",""tkid"":""1130"",""ref"":""1130"",""emotion"":0}]",,,
template_hakkoujin_01,,1084,1,博古通今的老人,,,Hakkotsu Tsuukon no Roujin,clan_japanese_1,neutral_culture,,,,,,,,,,,,,,,,,,,,,,,,,,,,,,,,,,,,,,,,,,,,,,,,,,,,,,,,,,,,,,,,,,,,,,,,,,,,,,,,,,,,,,,,,,,,,,,,,,,,,,,,,,,,,,,,,,,,,,,,,,"[{""stage"":"""",""tkid"":""1084"",""ref"":""1084"",""emotion"":0}]",,,
template_koshou_01,,1128,1,小姓,,,Koshou,clan_japanese_1,neutral_culture,,,,,,,,,,,,,,,,,,,,,,,,,,,,,,,,,,,,,,,,,,,,,,,,,,,,,,,,,,,,,,,,,,,,,,,,,,,,,,,,,,,,,,,,,,,,,,,,,,,,,,,,,,,,,,,,,,,,,,,,,,"[{""stage"":"""",""tkid"":""1128"",""ref"":""1128"",""emotion"":0}]",,,
template_bantou_01,,1136,1,番头,番頭,,Bantou,clan_japanese_1,neutral_culture,,,,,,,,,,,,,,,,,,,,,,,,,,,,,,,,,,,,,,,,,,,,,,,,,,,,,,,,,,,,,,,,,,,,,,,,,,,,,,,,,,,,,,,,,,,,,,,,,,,,,,,,,,,,,,,,,,,,,,,,,,"[{""stage"":"""",""tkid"":""1136"",""ref"":""1136"",""emotion"":0}]",,,
template_tennou_01,,1044,1,天皇,,,Tennou,clan_japanese_1,neutral_culture,,,,,,,,,,,,,,,,,,,,,,,,,,,,,,,,,,,,,,,,,,,,,,,,,,,,,,,,,,,,,,,,,,,,,,,,,,,,,,,,,,,,,,,,,,,,,,,,,,,,,,,,,,,,,,,,,,,,,,,,,,"[{""stage"":"""",""tkid"":""1044"",""ref"":""1044"",""emotion"":0}]",,,
template_souryo_01,,1117,1,僧侣,僧侶,,Souryo,clan_japanese_1,neutral_culture,,,,,,,,,,,,,,,,,,,,,,,,,,,,,,,,,,,,,,,,,,,,,,,,,,,,,,,,,,,,,,,,,,,,,,,,,,,,,,,,,,,,,,,,,,,,,,,,,,,,,,,,,,,,,,,,,,,,,,,,,,"[{""stage"":"""",""tkid"":""1117"",""ref"":""1117"",""emotion"":0}]",,,
template_ishi_01,,1138,1,医者,醫者,,Isha,clan_japanese_1,neutral_culture,,,,,,,,,,,,,,,,,,,,,,,,,,,,,,,,,,,,,,,,,,,,,,,,,,,,,,,,,,,,,,,,,,,,,,,,,,,,,,,,,,,,,,,,,,,,,,,,,,,,,,,,,,,,,,,,,,,,,,,,,,"[{""stage"":"""",""tkid"":""1138"",""ref"":""1138"",""emotion"":0}]",,,
template_kajishi_01,,1137,1,锻冶匠,,,,,neutral_culture,,,,,,,,,,,,,,,,,,,,,,,,,,,,,,,,,,,,,,,,,,,,,,,,,,,,,,,,,,,,,,,,,,,,,,,,,,,,,,,,,,,,,,,,,,,,,,,,,,,,,,,,,,,,,,,,,,,,,,,,,"[{""stage"":"""",""tkid"":""1137"",""ref"":""1137_锻冶匠_朝右.png"",""emotion"":0}]","[{""stage"":"""",""tkid"":""1137"",""ref"":""1137"",""emotion"":0}]",,,
template_hime_01,,1049,1,公主,,,,,neutral_culture,,,,,,,,,,,,,,,,,,,,,,,,,,,,,,,,,,,,,,,,,,,,,,,,,,,,,,,,,,,,,,,,,,,,,,,,,,,,,,,,,,,,,,,,,,,,,,,,,,,,,,,,,,,,,,,,,,,,,,,,,[],"[{""stage"":"""",""tkid"":""1049"",""ref"":""1049"",""emotion"":0}]",,,
template_hime_hime_01,,1105,1,亡国公主(竹姬 樱姬 乙姬 万寿姬),,,,,neutral_culture,,,,,,,,,,,,,,,,,,,,,,,,,,,,,,,,,,,,,,,,,,,,,,,,,,,,,,,,,,,,,,,,,,,,,,,,,,,,,,,,,,,,,,,,,,,,,,,,,,,,,,,,,,,,,,,,,,,,,,,,,"[{""stage"":"""",""tkid"":""1105"",""ref"":""1105_亡国公主(竹姬 樱姬 乙姬 万寿姬)_朝右.png"",""emotion"":0}]","[{""stage"":"""",""tkid"":""1105"",""ref"":""1105"",""emotion"":0}]",,,
template_hime_hanyou_01,,1049,1,泛用姫样,汎用姫様,,Hanyou Hime,clan_japanese_1,neutral_culture,,,,,,,,,,,,,,,,,,,,,,,,,,,,,,,,,,,,,,,,,,,,,,,,,,,,,,,,,,,,,,,,,,,,,,,,,,,,,,,,,,,,,,,,,,,,,,,,,,,,,,,,,,,,,,,,,,,,,,,,,,"[{""stage"":"""",""tkid"":""1049"",""ref"":""1049"",""emotion"":0}]",,,
template_kuge_01,,1119|1043,1,公家,,,Kuge,clan_japanese_1,neutral_culture,,,,,,,,,,,,,,,,,,,,,,,,,,,,,,,,,,,,,,,,,,,,,,,,,,,,,,,,,,,,,,,,,,,,,,,,,,,,,,,,,,,,,,,,,,,,,,,,,,,,,,,,,,,,,,,,,,,,,,,,,,"[{""stage"":"""",""tkid"":""1119"",""ref"":""1119"",""emotion"":0}]",,,
template_ronin_01,,1118,1,浪人,,,,,ronin,,,,,,,,,,,,,,,,,,,,,,,,,,,,,,,,,,,,,,,,,,,,,,,,,,,,,,,,,,,,,,,,,,,,,,,,,,,,,,,,,,,,,,,,,,,,,,,,,,,,,,,,,,,,,,,,,,,,,,,,,"[{""stage"":"""",""tkid"":""1118"",""ref"":""1118_剑术教头_朝正.png"",""emotion"":0}]","[{""stage"":"""",""tkid"":""1118"",""ref"":""1118"",""emotion"":0}]",,,
prounon_main_hero,,-,-1,主人公,,,主人公,prounon_main_hero,neutral_culture,1,,,,,,,,,,,,,,,,,,,,,,,,,,,,,,,,,,,,,,,,,,,,,,,,,,,,,,,,,,,,,,,,,,,,,,,,,,,,,,,,,,,,,,,,,,,,,,,,,,,,,,,,,,,,,,,,,,,,,,,,,,,,
pronoun_main_hero_wife,,-,-1,主人公妻,,,主人公妻,pronoun_main_hero_wife,neutral_culture,0,,,,,,,,,,,,,,,,,,,,,,,,,,,,,,,,,,,,,,,,,,,,,,,,,,,,,,,,,,,,,,,,,,,,,,,,,,,,,,,,,,,,,,,,,,,,,,,,,,,,,,,,,,,,,,,,,,,,,,,,,,,,
pronoun_main_hero_boss,,-,-1,主人公当主,主人公當主,,主人公当主,pronoun_main_hero_boss,neutral_culture,1,,,,,,,,,,,,,,,,,,,,,,,,,,,,,,,,,,,,,,,,,,,,,,,,,,,,,,,,,,,,,,,,,,,,,,,,,,,,,,,,,,,,,,,,,,,,,,,,,,,,,,,,,,,,,,,,,,,,,,,,,,,,
prounon_none,,-,-1,无效,無效,,无效,prounon_none,neutral_culture,1,,,,,,,,,,,,,,,,,,,,,,,,,,,,,,,,,,,,,,,,,,,,,,,,,,,,,,,,,,,,,,,,,,,,,,,,,,,,,,,,,,,,,,,,,,,,,,,,,,,,,,,,,,,,,,,,,,,,,,,,,,,,
prounon_occur_character,,-,-1,发生人物,發生人物,,发生人物,prounon_occur_character,neutral_culture,1,,,,,,,,,,,,,,,,,,,,,,,,,,,,,,,,,,,,,,,,,,,,,,,,,,,,,,,,,,,,,,,,,,,,,,,,,,,,,,,,,,,,,,,,,,,,,,,,,,,,,,,,,,,,,,,,,,,,,,,,,,,,
prounon_target_character,,-,-1,目标人物,目標人物,,目标人物,prounon_target_character,neutral_culture,1,,,,,,,,,,,,,,,,,,,,,,,,,,,,,,,,,,,,,,,,,,,,,,,,,,,,,,,,,,,,,,,,,,,,,,,,,,,,,,,,,,,,,,,,,,,,,,,,,,,,,,,,,,,,,,,,,,,,,,,,,,,,
lord_tk5_ninja_bunkichi,,860,,文吉,,,,Bunkichi,sanyo,,,,,,,,,,,,,,,,,,,,,,,,,,,,,,,,,,,,,,,,,,,,,,,,,,,,,,,,,,,,,,,,,,,,,,,,,,,,,,,,,,,,已登场,,中忍,直臣,伊贺众,clan_momochi_1,伊贺之里,无,已登场,,中忍,直臣,外闻众,clan_sada_1,外闻之里,无,,,,,,,,,,,,,,,,,,,,,,,,,,
lord_tk5_ninja_chiyomatsu,,861,,千代松,,,,Chiyomatsu,kinai,,,,,,,,,,,,,,,,,,,,,,,,,,,,,,,,,,,,,,,,,,,,,,,,,,,,,,,,,,,,已登场,,中忍,直臣,黑胫巾众,clan_yanagihara_1,黑胫巾之里,无,已登场,,中忍,直臣,伊贺众,clan_momochi_1,伊贺之里,无,已登场,,中忍,直臣,伊贺众,clan_momochi_1,伊贺之里,无,,,,,,,,,,,,,,,,,,,,,,,,,,,,,,,,,,,,,,,,,,
lord_tk5_ninja_choukichi,,862,,长吉,,,,Choukichi,sanyo,,,,,,,,,,,,,,,,,,,,,,,,,,,,,,,,,,,,,,,,,,,,,,,,,,,,,,,,,,,,已登场,,中忍,直臣,甲贺众,clan_tarou_1,甲贺之里,无,,,,,,,,,,,,,,,,,已登场,,中忍,直臣,外闻众,clan_seiki_1,外闻之里,无,,,,,,,,,,,,,,,,,,,,,,,,,,,,,,,,,,
lord_tk5_ninja_chuuzan,,863,,中三,,,,Chuuzan,tosan,,,,,,,,,,,,,,,,,,,,,,,,,,,,,,,,,,,,,,,,,,,,,,,,,,,,已登场,,中忍,直臣,户隐众,clan_deura_1,户隐之里,无,已登场,,中忍,直臣,外闻众,clan_seiki_1,外闻之里,无,已登场,,中忍,直臣,伊贺众,clan_momochi_1,伊贺之里,无,,,,,,,,,已登场,,中忍,直臣,透波众,clan_suppa_1,透波之里,无,,,,,,,,,,,,,,,,,,,,,,,,,,,,,,,,,,
lord_tk5_ninja_dankuroo,,865,,段九郎,,山潜,,Yamasen Dankuroo,saikai,,,,,,,,,,,,,,,,,,,,,,,,,,,,,,,,,,,,,,,,,,,,,,,,,,,,,,,,,,,,,,,,,,,,,,,,,,,,已登场,,头目,当主,山潜众,clan_yamasen_2,山潜之里,无,已登场,,头目,当主,山潜众,clan_yamasen_2,山潜之里,无,已登场,,头目,当主,山潜众,clan_yamasen_2,山潜之里,无,,,,,,,,,,,,,,,,,,,,,,,,,,
lord_tk5_ninja_denrinboo,,866,,传林坊,,,,Denrinboo,saikai,,,,,,,,,,,,,,,,,,,,,,,,,,,,,,,,,,,,,,,,,,,,,,,,,,,,已登场,,中忍,直臣,轩猿众,clan_nokizaru_1,轩猿之里,无,已登场,,中忍,直臣,山潜众,clan_yamasen_1,山潜之里,无,,,,,,,,,已登场,,中忍,直臣,透波众,clan_suppa_1,透波之里,无,已登场,,中忍,直臣,山潜众,clan_yamasen_2,山潜之里,无,,,,,,,,,,,,,,,,,,,,,,,,,,,,,,,,,,
lord_tk5_ninja_denroku,,867,,传六,,,,Denroku,sanyo,,,,,,,,,,,,,,,,,,,,,,,,,,,,,,,,,,,,,,,,,,,,,,,,,,,,已登场,,中忍,直臣,户隐众,clan_deura_1,户隐之里,无,,,,,,,,,,,,,,,,,已登场,,中忍,直臣,黑胫巾众,clan_yanagihara_1,黑胫巾之里,无,,,,,,,,,已登场,,中忍,直臣,外闻众,clan_sada_1,外闻之里,无,,,,,,,,,,,,,,,,,,,,,,,,,,
lord_tk5_ninja_dooami,,868,,道阿弥,,,,Dooami,kanto,,,,,,,,,,,,,,,,,,,,,,,,,,,,,,,,,,,,,,,,,,,,,,,,,,,,已登场,,中忍,直臣,风魔众,clan_fuuma_1,风魔之里,无,,,,,,,,,已登场,,中忍,直臣,根来众,clan_suginoboo_1,根来之里,无,已登场,,中忍,直臣,风魔众,clan_fuuma_1,风魔之里,无,,,,,,,,,,,,,,,,,,,,,,,,,,,,,,,,,,,,,,,,,,
lord_tk5_ninja_dookan,,869,,道闲,,轩猿,,Nokizaru Dookan,hokuriku,,,,,,,,,,,,,,,,,,,,,,,,,,,,,,,,,,,,,,,,,,,,,,,,,,,,已登场,,头目,当主,轩猿众,clan_nokizaru_1,轩猿之里,无,已登场,,头目,当主,轩猿众,clan_nokizaru_1,轩猿之里,无,已登场,,头目,当主,轩猿众,clan_nokizaru_1,轩猿之里,无,,,,,,,,,,,,,,,,,,,,,,,,,,,,,,,,,,,,,,,,,,,,,,,,,,
lord_tk5_ninja_dooken,,870,,道贤,,,,Dooken,ou,,,,,,,,,,,,,,,,,,,,,,,,,,,,,,,,,,,,,,,,,,,,,,,,,,,,,,,,,,,,,,,,,,,,,,,,,,,,已登场,,中忍,直臣,透波众,clan_suppa_1,透波之里,无,已登场,,中忍,直臣,山潜众,clan_yamasen_2,山潜之里,无,已登场,,中忍,直臣,黑胫巾众,clan_yanagihara_1,黑胫巾之里,无,,,,,,,,,,,,,,,,,,,,,,,,,,
lord_tk5_ninja_dooyu,,871,,道由,,,,Dooyu,ou,,,,,,,,,,,,,,,,,,,,,,,,,,,,,,,,,,,,,,,,,,,,,,,,,,,,,,,,,,,,已登场,,中忍,直臣,根来众,clan_tsuda_1,根来之里,无,已登场,,中忍,直臣,根来众,clan_suginoboo_1,根来之里,无,,,,,,,,,,,,,,,,,已登场,,中忍,直臣,羽黑众,clan_haguro_2,羽黑之里,无,,,,,,,,,,,,,,,,,,,,,,,,,,
lord_tk5_ninja_fubuki,,1126,,吹雪,,,,Fubuki,tosan,,,,,,,,,,,,,,,,,,,,,,,,,,,,,,,,,,,,,,,,,,,,,,,,,,,,,,,,,,,,,,,,,,,,,,,,,,,,已登场,,中忍,直臣,户隐众,clan_deura_1,户隐之里,无,已登场,,中忍,直臣,户隐众,clan_deura_1,户隐之里,无,已登场,,中忍,直臣,户隐众,clan_deura_1,户隐之里,无,,,,,,,,,,,,,,,,,,,,,,,,,,
lord_tk5_ninja_fujima,,872,,藤马,,,,Fujima,ou,,,,,,,,,,,,,,,,,,,,,,,,,,,,,,,,,,,,,,,,,,,,,,,,,,,,已登场,,中忍,直臣,黑胫巾众,clan_yanagihara_1,黑胫巾之里,无,已登场,,中忍,直臣,根来众,clan_tsuda_1,根来之里,无,已登场,,中忍,直臣,根来众,clan_suginoboo_1,根来之里,无,,,,,,,,,已登场,,中忍,直臣,羽黑众,clan_haguro_2,羽黑之里,无,,,,,,,,,,,,,,,,,,,,,,,,,,,,,,,,,,
lord_tk5_ninja_ganbaku,,873,,岩蓦,,,,Ganbaku,saikai,,,,,,,,,,,,,,,,,,,,,,,,,,,,,,,,,,,,,,,,,,,,,,,,,,,,已登场,,中忍,直臣,甲贺众,clan_tarou_1,甲贺之里,无,已登场,,中忍,直臣,伊贺众,clan_momochi_1,伊贺之里,无,,,,,,,,,已登场,,中忍,直臣,山潜众,clan_yamasen_2,山潜之里,无,,,,,,,,,,,,,,,,,,,,,,,,,,,,,,,,,,,,,,,,,,
lord_tk5_ninja_gekinosuke,,874,,外记之助,,,,Gekinosuke,kinai,,,,,,,,,,,,,,,,,,,,,,,,,,,,,,,,,,,,,,,,,,,,,,,,,,,,已登场,,中忍,直臣,黑胫巾众,clan_yanagihara_1,黑胫巾之里,无,,,,,,,,,,,,,,,,,已登场,,中忍,直臣,山潜众,clan_yamasen_2,山潜之里,无,已登场,,中忍,直臣,山潜众,clan_yamasen_2,山潜之里,无,已登场,,中忍,直臣,伊贺众,clan_igasaki_1,伊贺之里,无,,,,,,,,,,,,,,,,,,,,,,,,,,
lord_tk5_ninja_gendayuu,,875,,源太夫,,山潜,,Yamasen Gendayuu,saikai,,,,,,,,,,,,,,,,,,,,,,,,,,,,,,,,,,,,,,,,,,,,,,,,,,,,已登场,,头目,当主,山潜众,clan_yamasen_1,山潜之里,无,已登场,,头目,当主,山潜众,clan_yamasen_1,山潜之里,无,已登场,,头目,当主,山潜众,clan_yamasen_1,山潜之里,无,,,,,,,,,,,,,,,,,,,,,,,,,,,,,,,,,,,,,,,,,,,,,,,,,,
lord_tk5_ninja_gengo,,876,,源吾,,,,Gengo,hokuriku,,,,,,,,,,,,,,,,,,,,,,,,,,,,,,,,,,,,,,,,,,,,,,,,,,,,已登场,,中忍,直臣,根来众,clan_tsuda_1,根来之里,无,,,,,,,,,,,,,,,,,已登场,,中忍,直臣,山潜众,clan_yamasen_2,山潜之里,无,,,,,,,,,已登场,,中忍,直臣,轩猿众,clan_nokizaru_2,轩猿之里,无,,,,,,,,,,,,,,,,,,,,,,,,,,
lord_tk5_ninja_gengobee,,877,,源五兵卫,,,,Gengobee,kanto,,,,,,,,,,,,,,,,,,,,,,,,,,,,,,,,,,,,,,,,,,,,,,,,,,,,,,,,,,,,,,,,,,,,已登场,,中忍,直臣,风魔众,clan_fuuma_1,风魔之里,无,已登场,,中忍,直臣,根来众,clan_suginoboo_1,根来之里,无,已登场,,中忍,直臣,甲贺众,clan_tarou_1,甲贺之里,无,已登场,,下忍,陪臣,伊贺众,clan_yanagisai_1,风魔之里,无,,,,,,,,,,,,,,,,,,,,,,,,,,
lord_tk5_ninja_gennami,,878,,源阿弥,,,,Gennami,kinai,,,,,,,,,,,,,,,,,,,,,,,,,,,,,,,,,,,,,,,,,,,,,,,,,,,,,,,,,,,,已登场,,中忍,直臣,风魔众,clan_fuuma_1,风魔之里,无,已登场,,中忍,直臣,风魔众,clan_fuuma_1,风魔之里,无,,,,,,,,,已登场,,中忍,直臣,伊贺众,clan_momochi_1,伊贺之里,无,,,,,,,,,,,,,,,,,,,,,,,,,,,,,,,,,,
lord_tk5_ninja_gennojo,,879,,玄之丞,,,,Gennojo,ou,,,,,,,,,,,,,,,,,,,,,,,,,,,,,,,,,,,,,,,,,,,,,,,,,,,,,,,,,,,,已登场,,中忍,直臣,甲贺众,clan_tarou_1,甲贺之里,无,已登场,,中忍,直臣,风魔众,clan_fuuma_1,风魔之里,无,已登场,,中忍,直臣,黑胫巾众,clan_yanagihara_1,黑胫巾之里,无,,,,,,,,,,,,,,,,,,,,,,,,,,,,,,,,,,,,,,,,,,
lord_tk5_ninja_gennyoosai,,880,,幻妖斋,,,,Gennyoosai,kinai,,,,,,,,,,,,,,,,,,,,,,,,,,,,,,,,,,,,,,,,,,,,,,,,,,,,已登场,,中忍,直臣,山潜众,clan_yamasen_1,山潜之里,无,,,,,,,,,,,,,,,,,已登场,,中忍,直臣,轩猿众,clan_nokizaru_2,轩猿之里,无,已登场,,中忍,直臣,根来众,clan_suginoboo_1,根来之里,无,已登场,,中忍,直臣,根来众,clan_suginoboo_1,根来之里,无,,,,,,,,,,,,,,,,,,,,,,,,,,
lord_tk5_ninja_genryuu,,881,,玄龙,,,,Genryuu,ou,,,,,,,,,,,,,,,,,,,,,,,,,,,,,,,,,,,,,,,,,,,,,,,,,,,,,,,,,,,,,,,,,,,,已登场,,中忍,直臣,轩猿众,clan_nokizaru_1,轩猿之里,无,已登场,,中忍,直臣,风魔众,clan_fuuma_1,风魔之里,无,,,,,,,,,已登场,,中忍,直臣,羽黑众,clan_haguro_2,羽黑之里,无,,,,,,,,,,,,,,,,,,,,,,,,,,
lord_tk5_ninja_gensai,,882,,玄斋,,,,Gensai,kanto,,,,,,,,,,,,,,,,,,,,,,,,,,,,,,,,,,,,,,,,,,,,,,,,,,,,已登场,,中忍,直臣,风魔众,clan_fuuma_1,风魔之里,无,已登场,,中忍,直臣,风魔众,clan_fuuma_1,风魔之里,无,已登场,,中忍,直臣,风魔众,clan_fuuma_1,风魔之里,无,,,,,,,,,,,,,,,,,,,,,,,,,,,,,,,,,,,,,,,,,,,,,,,,,,
lord_tk5_ninja_ginhachiroo,,883,,银八郎,,,,Ginhachiroo,ou,,,,,,,,,,,,,,,,,,,,,,,,,,,,,,,,,,,,,,,,,,,,,,,,,,,,已登场,,中忍,直臣,户隐众,clan_deura_1,户隐之里,无,,,,,,,,,,,,,,,,,已登场,,中忍,直臣,黑胫巾众,clan_yanagihara_1,黑胫巾之里,无,已登场,,中忍,直臣,外闻众,clan_seiki_1,外闻之里,无,已登场,,中忍,直臣,黑胫巾众,clan_yanagihara_1,黑胫巾之里,无,,,,,,,,,,,,,,,,,,,,,,,,,,
lord_tk5_ninja_hakuunsai,,884,,白云斋,,甲贺,,Kouka Hakuunsai,kinai,,,,,,,,,,,,,,,,,,,,,,,,,,,,,,,,,,,,,,,,,,,,,,,,,,,,,,,,,,,,,,,,,,,,,,,,,,,,,,,,,,,,,,,,,,,,已登场,,头目,当主,甲贺众,clan_kouka_1,甲贺之里,无,,,,,,,,,,,,,,,,,,,,,,,,,,
lord_tk5_ninja_hannyamaru,,885,,般若丸,,,,Hannyamaru,kinai,,,,,,,,,,,,,,,,,,,,,,,,,,,,,,,,,,,,,,,,,,,,,,,,,,,,已登场,,中忍,直臣,山潜众,clan_yamasen_1,山潜之里,无,已登场,,中忍,直臣,钵屋众,clan_hachiya_1,钵屋之里,无,,,,,,,,,已登场,,中忍,直臣,甲贺众,clan_tarou_1,甲贺之里,无,,,,,,,,,,,,,,,,,,,,,,,,,,,,,,,,,,,,,,,,,,
lord_tk5_ninja_hikojuu,,886,,彦十,,,,Hikojuu,kinai,,,,,,,,,,,,,,,,,,,,,,,,,,,,,,,,,,,,,,,,,,,,,,,,,,,,已登场,,中忍,直臣,根来众,clan_tsuda_1,根来之里,无,已登场,,中忍,直臣,户隐众,clan_deura_1,户隐之里,无,,,,,,,,,已登场,,中忍,直臣,外闻众,clan_seiki_1,外闻之里,无,已登场,,中忍,直臣,伊贺众,clan_momochi_1,伊贺之里,无,,,,,,,,,,,,,,,,,,,,,,,,,,,,,,,,,,
lord_tk5_ninja_hikoshichiroo,,887,,彦七郎,,,,Hikoshichiroo,tosan,,,,,,,,,,,,,,,,,,,,,,,,,,,,,,,,,,,,,,,,,,,,,,,,,,,,已登场,,中忍,直臣,透波众,clan_suppa_1,透波之里,无,,,,,,,,,已登场,,中忍,直臣,外闻众,clan_seiki_1,外闻之里,无,,,,,,,,,已登场,,中忍,直臣,黑胫巾众,clan_yanagihara_1,黑胫巾之里,无,已登场,,中忍,直臣,户隐众,clan_deura_1,户隐之里,无,,,,,,,,,,,,,,,,,,,,,,,,,,
lord_tk5_ninja_hokkaiboo,,888,,法海坊,,,,Hokkaiboo,kinai,,,,,,,,,,,,,,,,,,,,,,,,,,,,,,,,,,,,,,,,,,,,,,,,,,,,已登场,,中忍,直臣,风魔众,clan_fuuma_1,风魔之里,无,,,,,,,,,已登场,,中忍,直臣,外闻众,clan_seiki_1,外闻之里,无,已登场,,中忍,直臣,轩猿众,clan_nokizaru_2,轩猿之里,无,,,,,,,,,已登场,,中忍,直臣,根来众,clan_suginoboo_1,根来之里,无,,,,,,,,,,,,,,,,,,,,,,,,,,
lord_tk5_ninja_hyakkimaru,,889,,百鬼丸,,,,Hyakkimaru,sanyo,,,,,,,,,,,,,,,,,,,,,,,,,,,,,,,,,,,,,,,,,,,,,,,,,,,,已登场,,中忍,直臣,羽黑众,clan_haguro_1,羽黑之里,无,,,,,,,,,已登场,,中忍,直臣,外闻众,clan_seiki_1,外闻之里,无,,,,,,,,,,,,,,,,,已登场,,中忍,直臣,外闻众,clan_sada_1,外闻之里,无,,,,,,,,,,,,,,,,,,,,,,,,,,
lord_tk5_ninja_ichiwaka,,890,,一若,,,,Ichiwaka,kanto,,,,,,,,,,,,,,,,,,,,,,,,,,,,,,,,,,,,,,,,,,,,,,,,,,,,已登场,,中忍,直臣,钵屋众,clan_hachiya_1,钵屋之里,无,已登场,,中忍,直臣,山潜众,clan_yamasen_1,山潜之里,无,,,,,,,,,已登场,,中忍,直臣,轩猿众,clan_nokizaru_2,轩猿之里,无,已登场,,中忍,直臣,风魔众,clan_fuuma_1,风魔之里,无,,,,,,,,,,,,,,,,,,,,,,,,,,,,,,,,,,
lord_tk5_ninja_ichizoo,,891,,一藏,,,,Ichizoo,hokuriku,,,,,,,,,,,,,,,,,,,,,,,,,,,,,,,,,,,,,,,,,,,,,,,,,,,,已登场,,中忍,直臣,钵屋众,clan_hachiya_1,钵屋之里,无,,,,,,,,,已登场,,中忍,直臣,黑胫巾众,clan_yanagihara_1,黑胫巾之里,无,,,,,,,,,,,,,,,,,已登场,,中忍,直臣,轩猿众,clan_nokizaru_2,轩猿之里,无,,,,,,,,,,,,,,,,,,,,,,,,,,
lord_tk5_ninja_ikkaku,,892,,一角,,,,Ikkaku,saikai,,,,,,,,,,,,,,,,,,,,,,,,,,,,,,,,,,,,,,,,,,,,,,,,,,,,,,,,,,,,已登场,,中忍,直臣,山潜众,clan_yamasen_1,山潜之里,无,,,,,,,,,已登场,,中忍,直臣,钵屋众,clan_hachiya_1,钵屋之里,无,已登场,,中忍,直臣,山潜众,clan_yamasen_2,山潜之里,无,,,,,,,,,,,,,,,,,,,,,,,,,,,,,,,,,,
lord_tk5_ninja_isaku,,893,,伊作,,,,Isaku,kinai,,,,,,,,,,,,,,,,,,,,,,,,,,,,,,,,,,,,,,,,,,,,,,,,,,,,,,,,,,,,已登场,,中忍,直臣,外闻众,clan_seiki_1,外闻之里,无,已登场,,中忍,直臣,黑胫巾众,clan_yanagihara_1,黑胫巾之里,无,已登场,,中忍,直臣,伊贺众,clan_momochi_1,伊贺之里,无,已登场,,中忍,直臣,根来众,clan_suginoboo_1,根来之里,无,,,,,,,,,,,,,,,,,,,,,,,,,,,,,,,,,,
lord_tk5_ninja_iseo,,894,,伊势男,,,,Iseo,ou,,,,,,,,,,,,,,,,,,,,,,,,,,,,,,,,,,,,,,,,,,,,,,,,,,,,,,,,,,,,,,,,,,,,,,,,,,,,已登场,,中忍,直臣,伊贺众,clan_momochi_1,伊贺之里,无,已登场,,中忍,直臣,外闻众,clan_seiki_1,外闻之里,无,已登场,,中忍,直臣,羽黑众,clan_haguro_2,羽黑之里,无,,,,,,,,,,,,,,,,,,,,,,,,,,
lord_tk5_ninja_ishimatsu,,895,,石松,,,,Ishimatsu,kinai,,,,,,,,,,,,,,,,,,,,,,,,,,,,,,,,,,,,,,,,,,,,,,,,,,,,已登场,,中忍,直臣,甲贺众,clan_tarou_1,甲贺之里,无,已登场,,中忍,直臣,外闻众,clan_seiki_1,外闻之里,无,,,,,,,,,已登场,,中忍,直臣,甲贺众,clan_tarou_1,甲贺之里,无,,,,,,,,,,,,,,,,,,,,,,,,,,,,,,,,,,,,,,,,,,
lord_tk5_ninja_izoji,,896,,伊三次,,,,Izoji,ou,,,,,,,,,,,,,,,,,,,,,,,,,,,,,,,,,,,,,,,,,,,,,,,,,,,,已登场,,中忍,直臣,透波众,clan_suppa_1,透波之里,无,已登场,,中忍,直臣,钵屋众,clan_hachiya_1,钵屋之里,无,已登场,,中忍,直臣,黑胫巾众,clan_yanagihara_1,黑胫巾之里,无,,,,,,,,,,,,,,,,,,,,,,,,,,,,,,,,,,,,,,,,,,,,,,,,,,
lord_tk5_ninja_jinnai,,897,,甚内,,,,Jinnai,hokuriku,,,,,,,,,,,,,,,,,,,,,,,,,,,,,,,,,,,,,,,,,,,,,,,,,,,,,,,,,,,,已登场,,中忍,直臣,伊贺众,clan_momochi_1,伊贺之里,无,已登场,,中忍,直臣,甲贺众,clan_tarou_1,甲贺之里,无,已登场,,中忍,直臣,甲贺众,clan_tarou_1,甲贺之里,无,已登场,,中忍,直臣,轩猿众,clan_nokizaru_2,轩猿之里,无,,,,,,,,,,,,,,,,,,,,,,,,,,,,,,,,,,
lord_tk5_ninja_jinpachi,,898,,仁八,,,,Jinpachi,kinai,,,,,,,,,,,,,,,,,,,,,,,,,,,,,,,,,,,,,,,,,,,,,,,,,,,,,,,,,,,,,,,,,,,,已登场,,中忍,直臣,钵屋众,clan_hachiya_1,钵屋之里,无,,,,,,,,,已登场,,中忍,直臣,轩猿众,clan_nokizaru_2,轩猿之里,无,已登场,,中忍,直臣,伊贺众,clan_igasaki_1,伊贺之里,无,,,,,,,,,,,,,,,,,,,,,,,,,,
lord_tk5_ninja_jinroku,,899,,甚六,,,,Jinroku,sanyo,,,,,,,,,,,,,,,,,,,,,,,,,,,,,,,,,,,,,,,,,,,,,,,,,,,,已登场,,中忍,直臣,轩猿众,clan_nokizaru_1,轩猿之里,无,已登场,,中忍,直臣,轩猿众,clan_nokizaru_1,轩猿之里,无,已登场,,中忍,直臣,甲贺众,clan_tarou_1,甲贺之里,无,已登场,,中忍,直臣,外闻众,clan_seiki_1,外闻之里,无,,,,,,,,,,,,,,,,,,,,,,,,,,,,,,,,,,,,,,,,,,
lord_tk5_ninja_jinza,,900,,甚左,,,,Jinza,kinai,,,,,,,,,,,,,,,,,,,,,,,,,,,,,,,,,,,,,,,,,,,,,,,,,,,,已登场,,中忍,直臣,根来众,clan_tsuda_1,根来之里,无,已登场,,中忍,直臣,甲贺众,clan_tarou_1,甲贺之里,无,已登场,,中忍,直臣,甲贺众,clan_tarou_1,甲贺之里,无,,,,,,,,,,,,,,,,,,,,,,,,,,,,,,,,,,,,,,,,,,,,,,,,,,
lord_tk5_ninja_juuhei,,901,,十平,,,,Juuhei,tosan,,,,,,,,,,,,,,,,,,,,,,,,,,,,,,,,,,,,,,,,,,,,,,,,,,,,,,,,,,,,已登场,,中忍,直臣,钵屋众,clan_hachiya_1,钵屋之里,无,,,,,,,,,,,,,,,,,已登场,,中忍,直臣,透波众,clan_suppa_1,透波之里,无,,,,,,,,,,,,,,,,,,,,,,,,,,,,,,,,,,
lord_tk5_ninja_kaede,,864,,枫,,,,Kaede,tosan,,,,,,,,,,,,,,,,,,,,,,,,,,,,,,,,,,,,,,,,,,,,,,,,,,,,已登场,,中忍,直臣,户隐众,clan_deura_1,户隐之里,无,已登场,,中忍,直臣,户隐众,clan_deura_1,户隐之里,无,已登场,,中忍,直臣,户隐众,clan_deura_1,户隐之里,无,,,,,,,,,,,,,,,,,,,,,,,,,,,,,,,,,,,,,,,,,,,,,,,,,,
lord_tk5_ninja_kajisuke,,902,,梶助,,,,Kajisuke,kanto,,,,,,,,,,,,,,,,,,,,,,,,,,,,,,,,,,,,,,,,,,,,,,,,,,,,已登场,,中忍,直臣,外闻众,clan_seiki_1,外闻之里,无,已登场,,中忍,直臣,轩猿众,clan_nokizaru_1,轩猿之里,无,,,,,,,,,,,,,,,,,已登场,,中忍,直臣,风魔众,clan_fuuma_1,风魔之里,无,,,,,,,,,,,,,,,,,,,,,,,,,,,,,,,,,,
lord_tk5_ninja_kakuma,,903,,觉马,,,,Kakuma,kinai,,,,,,,,,,,,,,,,,,,,,,,,,,,,,,,,,,,,,,,,,,,,,,,,,,,,已登场,,中忍,直臣,轩猿众,clan_nokizaru_1,轩猿之里,无,,,,,,,,,已登场,,中忍,直臣,户隐众,clan_deura_1,户隐之里,无,已登场,,中忍,直臣,根来众,clan_suginoboo_1,根来之里,无,,,,,,,,,,,,,,,,,,,,,,,,,,,,,,,,,,,,,,,,,,
lord_tk5_ninja_kanroku,,904,,勘六,,,,Kanroku,tosan,,,,,,,,,,,,,,,,,,,,,,,,,,,,,,,,,,,,,,,,,,,,,,,,,,,,,,,,,,,,已登场,,中忍,直臣,风魔众,clan_fuuma_1,风魔之里,无,,,,,,,,,,,,,,,,,已登场,,中忍,直臣,户隐众,clan_deura_1,户隐之里,无,,,,,,,,,,,,,,,,,,,,,,,,,,,,,,,,,,
lord_tk5_ninja_kikunosuke,,905,,菊之助,,,,Kikunosuke,tosan,,,,,,,,,,,,,,,,,,,,,,,,,,,,,,,,,,,,,,,,,,,,,,,,,,,,已登场,,中忍,直臣,透波众,clan_suppa_1,透波之里,无,已登场,,中忍,直臣,外闻众,clan_seiki_1,外闻之里,无,已登场,,中忍,直臣,户隐众,clan_deura_1,户隐之里,无,已登场,,中忍,直臣,户隐众,clan_deura_1,户隐之里,无,,,,,,,,,,,,,,,,,,,,,,,,,,,,,,,,,,,,,,,,,,
lord_tk5_ninja_koan,,906,,弘庵,,,,Koan,kinai,,,,,,,,,,,,,,,,,,,,,,,,,,,,,,,,,,,,,,,,,,,,,,,,,,,,,,,,,,,,,,,,,,,,已登场,,中忍,直臣,轩猿众,clan_nokizaru_1,轩猿之里,无,,,,,,,,,,,,,,,,,已登场,,中忍,直臣,伊贺众,clan_igasaki_1,伊贺之里,无,,,,,,,,,,,,,,,,,,,,,,,,,,
lord_tk5_ninja_kogoroo,,907,,小五郎,,,,Kogoroo,tosan,,,,,,,,,,,,,,,,,,,,,,,,,,,,,,,,,,,,,,,,,,,,,,,,,,,,,,,,,,,,,,,,,,,,,,,,,,,,已登场,,中忍,直臣,透波众,clan_suppa_1,透波之里,无,已登场,,中忍,直臣,轩猿众,clan_nokizaru_2,轩猿之里,无,已登场,,中忍,直臣,户隐众,clan_deura_1,户隐之里,无,,,,,,,,,,,,,,,,,,,,,,,,,,
lord_tk5_ninja_kumanosuke,,908,,熊之助,,,,Kumanosuke,tosan,,,,,,,,,,,,,,,,,,,,,,,,,,,,,,,,,,,,,,,,,,,,,,,,,,,,已登场,,中忍,直臣,山潜众,clan_yamasen_1,山潜之里,无,,,,,,,,,已登场,,中忍,直臣,户隐众,clan_deura_1,户隐之里,无,,,,,,,,,,,,,,,,,,,,,,,,,,,,,,,,,,,,,,,,,,,,,,,,,,
lord_tk5_ninja_magosaku,,909,,孙作,,,,Magosaku,kinai,,,,,,,,,,,,,,,,,,,,,,,,,,,,,,,,,,,,,,,,,,,,,,,,,,,,已登场,,中忍,直臣,甲贺众,clan_tarou_1,甲贺之里,无,已登场,,中忍,直臣,透波众,clan_suppa_1,透波之里,无,,,,,,,,,,,,,,,,,已登场,,中忍,直臣,根来众,clan_suginoboo_1,根来之里,无,,,,,,,,,,,,,,,,,,,,,,,,,,,,,,,,,,
lord_tk5_ninja_manhei,,910,,万平,,,,Manhei,sanyo,,,,,,,,,,,,,,,,,,,,,,,,,,,,,,,,,,,,,,,,,,,,,,,,,,,,,,,,,,,,已登场,,中忍,直臣,黑胫巾众,clan_yanagihara_1,黑胫巾之里,无,已登场,,中忍,直臣,钵屋众,clan_hachiya_1,钵屋之里,无,,,,,,,,,,,,,,,,,,,,,,,,,,,,,,,,,,,,,,,,,,,,,,,,,,
lord_tk5_ninja_mansaku,,911,,满作,,,,Mansaku,kinai,,,,,,,,,,,,,,,,,,,,,,,,,,,,,,,,,,,,,,,,,,,,,,,,,,,,,,,,,,,,已登场,,中忍,直臣,透波众,clan_suppa_1,透波之里,无,,,,,,,,,已登场,,中忍,直臣,钵屋众,clan_hachiya_1,钵屋之里,无,已登场,,中忍,直臣,伊贺众,clan_momochi_1,伊贺之里,无,,,,,,,,,,,,,,,,,,,,,,,,,,,,,,,,,,
lord_tk5_ninja_masasuke,,912,,正助,,,,Masasuke,kinai,,,,,,,,,,,,,,,,,,,,,,,,,,,,,,,,,,,,,,,,,,,,,,,,,,,,已登场,,中忍,直臣,羽黑众,clan_haguro_1,羽黑之里,无,,,,,,,,,,,,,,,,,,,,,,,,,已登场,,中忍,直臣,透波众,clan_suppa_1,透波之里,无,已登场,,中忍,直臣,甲贺众,clan_kouka_1,甲贺之里,无,,,,,,,,,,,,,,,,,,,,,,,,,,
lord_tk5_ninja_meigaku,,1120,,明岳,,,,Meigaku,kinai,,,,,,,,,,,,,,,,,,,,,,,,,,,,,,,,,,,,,,,,,,,,,,,,,,,,已登场,,中忍,直臣,伊贺众,clan_momochi_1,伊贺之里,无,,,,,,,,,,,,,,,,,,,,,,,,,,,,,,,,,已登场,,中忍,直臣,根来众,clan_suginoboo_1,根来之里,无,,,,,,,,,,,,,,,,,,,,,,,,,,
lord_tk5_ninja_miyamon,,1150,,宫门,,,,Miyamon,tosan,,,,,,,,,,,,,,,,,,,,,,,,,,,,,,,,,,,,,,,,,,,,,,,,,,,,,,,,,,,,,,,,,,,,已登场,,中忍,直臣,风魔众,clan_fuuma_1,风魔之里,无,已登场,,中忍,直臣,外闻众,clan_seiki_1,外闻之里,无,,,,,,,,,已登场,,中忍,直臣,户隐众,clan_deura_1,户隐之里,无,,,,,,,,,,,,,,,,,,,,,,,,,,
lord_tk5_ninja_momiji,,1126,,红叶,,,,Momiji,ou,,,,,,,,,,,,,,,,,,,,,,,,,,,,,,,,,,,,,,,,,,,,,,,,,,,,,,,,,,,,,,,,,,,,,,,,,,,,已登场,,中忍,直臣,黑胫巾众,clan_yanagihara_1,黑胫巾之里,无,已登场,,中忍,直臣,黑胫巾众,clan_yanagihara_1,黑胫巾之里,无,已登场,,中忍,直臣,黑胫巾众,clan_yanagihara_1,黑胫巾之里,无,,,,,,,,,,,,,,,,,,,,,,,,,,
lord_tk5_ninja_mutenboo,,914,,无天坊,,,,Mutenboo,ou,,,,,,,,,,,,,,,,,,,,,,,,,,,,,,,,,,,,,,,,,,,,,,,,,,,,已登场,,中忍,直臣,外闻众,clan_seiki_1,外闻之里,无,已登场,,中忍,直臣,根来众,clan_tsuda_1,根来之里,无,,,,,,,,,,,,,,,,,已登场,,中忍,直臣,黑胫巾众,clan_yanagihara_1,黑胫巾之里,无,,,,,,,,,,,,,,,,,,,,,,,,,,,,,,,,,,
lord_tk5_ninja_nakahachi,,860,,中八,,,,Nakahachi,kinai,,,,,,,,,,,,,,,,,,,,,,,,,,,,,,,,,,,,,,,,,,,,,,,,,,,,已登场,,中忍,直臣,羽黑众,clan_haguro_1,羽黑之里,无,,,,,,,,,已登场,,中忍,直臣,伊贺众,clan_momochi_1,伊贺之里,无,已登场,,中忍,直臣,透波众,clan_suppa_1,透波之里,无,,,,,,,,,已登场,,中忍,直臣,伊贺众,clan_igasaki_1,伊贺之里,无,,,,,,,,,,,,,,,,,,,,,,,,,,
lord_tk5_ninja_naonosuke,,861,,尚之助,,,,Naonosuke,kinai,,,,,,,,,,,,,,,,,,,,,,,,,,,,,,,,,,,,,,,,,,,,,,,,,,,,已登场,,中忍,直臣,甲贺众,clan_tarou_1,甲贺之里,无,,,,,,,,,已登场,,中忍,直臣,钵屋众,clan_hachiya_1,钵屋之里,无,,,,,,,,,,,,,,,,,已登场,,中忍,直臣,伊贺众,clan_igasaki_1,伊贺之里,无,,,,,,,,,,,,,,,,,,,,,,,,,,
lord_tk5_ninja_natsume,,864,,枣,,,,Natsume,ou,,,,,,,,,,,,,,,,,,,,,,,,,,,,,,,,,,,,,,,,,,,,,,,,,,,,已登场,,中忍,直臣,黑胫巾众,clan_yanagihara_1,黑胫巾之里,无,已登场,,中忍,直臣,黑胫巾众,clan_yanagihara_1,黑胫巾之里,无,已登场,,中忍,直臣,黑胫巾众,clan_yanagihara_1,黑胫巾之里,无,,,,,,,,,,,,,,,,,,,,,,,,,,,,,,,,,,,,,,,,,,,,,,,,,,
lord_tk5_ninja_nijuuhachi,,862,,二十八,,,,Nijuuhachi,hokuriku,,,,,,,,,,,,,,,,,,,,,,,,,,,,,,,,,,,,,,,,,,,,,,,,,,,,,,,,,,,,已登场,,中忍,直臣,羽黑众,clan_haguro_1,羽黑之里,无,,,,,,,,,已登场,,中忍,直臣,羽黑众,clan_haguro_1,羽黑之里,无,已登场,,中忍,直臣,轩猿众,clan_nokizaru_2,轩猿之里,无,,,,,,,,,,,,,,,,,,,,,,,,,,,,,,,,,,
lord_tk5_ninja_osamusuke,,863,,修助,,,,Osamusuke,ou,,,,,,,,,,,,,,,,,,,,,,,,,,,,,,,,,,,,,,,,,,,,,,,,,,,,,,,,,,,,,,,,,,,,已登场,,中忍,直臣,透波众,clan_suppa_1,透波之里,无,已登场,,中忍,直臣,户隐众,clan_deura_1,户隐之里,无,,,,,,,,,已登场,,中忍,直臣,黑胫巾众,clan_yanagihara_1,黑胫巾之里,无,,,,,,,,,,,,,,,,,,,,,,,,,,
lord_tk5_ninja_raisuke,,865,,雷助,,,,Raisuke,kanto,,,,,,,,,,,,,,,,,,,,,,,,,,,,,,,,,,,,,,,,,,,,,,,,,,,,,,,,,,,,已登场,,中忍,直臣,山潜众,clan_yamasen_1,山潜之里,无,,,,,,,,,已登场,,中忍,直臣,钵屋众,clan_hachiya_1,钵屋之里,无,已登场,,中忍,直臣,风魔众,clan_fuuma_1,风魔之里,无,,,,,,,,,,,,,,,,,,,,,,,,,,,,,,,,,,
lord_tk5_ninja_rokuheita,,866,,六平太,,,,Rokuheita,hokuriku,,,,,,,,,,,,,,,,,,,,,,,,,,,,,,,,,,,,,,,,,,,,,,,,,,,,已登场,,中忍,直臣,风魔众,clan_fuuma_1,风魔之里,无,,,,,,,,,,,,,,,,,已登场,,中忍,直臣,风魔众,clan_fuuma_1,风魔之里,无,,,,,,,,,已登场,,中忍,直臣,轩猿众,clan_nokizaru_2,轩猿之里,无,,,,,,,,,,,,,,,,,,,,,,,,,,
lord_tk5_ninja_rokurooji,,867,,六郎次,,透波,,Suppa Rokurooji,tosan,,,,,,,,,,,,,,,,,,,,,,,,,,,,,,,,,,,,,,,,,,,,,,,,,,,,已登场,,头目,当主,透波众,clan_suppa_1,透波之里,无,已登场,,头目,当主,透波众,clan_suppa_1,透波之里,无,已登场,,头目,当主,透波众,clan_suppa_1,透波之里,无,已登场,,头目,当主,透波众,clan_suppa_1,透波之里,无,已登场,,头目,当主,透波众,clan_suppa_1,透波之里,无,,,,,,,,,,,,,,,,,,,,,,,,,,,,,,,,,,
lord_tk5_ninja_rokusuke,,868,,六助,,,,Rokusuke,ou,,,,,,,,,,,,,,,,,,,,,,,,,,,,,,,,,,,,,,,,,,,,,,,,,,,,,,,,,,,,已登场,,中忍,直臣,透波众,clan_suppa_1,透波之里,无,已登场,,中忍,直臣,羽黑众,clan_haguro_1,羽黑之里,无,,,,,,,,,,,,,,,,,,,,,,,,,,,,,,,,,,,,,,,,,,,,,,,,,,
lord_tk5_ninja_ryuugen,,869,,隆玄,,,,Ryuugen,tosan,,,,,,,,,,,,,,,,,,,,,,,,,,,,,,,,,,,,,,,,,,,,,,,,,,,,,,,,,,,,,,,,,,,,,,,,,,,,,,,,,,,,,,,,,,,,已登场,,中忍,直臣,甲贺众,clan_ryuugen_1,透波之里,无,,,,,,,,,,,,,,,,,,,,,,,,,,
lord_tk5_ninja_saburooza,,870,,三郎左,,,,Saburooza,kinai,,,,,,,,,,,,,,,,,,,,,,,,,,,,,,,,,,,,,,,,,,,,,,,,,,,,已登场,,中忍,直臣,伊贺众,clan_momochi_1,伊贺之里,无,,,,,,,,,,,,,,,,,已登场,,中忍,直臣,风魔众,clan_fuuma_1,风魔之里,无,已登场,,中忍,直臣,甲贺众,clan_tarou_1,甲贺之里,无,,,,,,,,,,,,,,,,,,,,,,,,,,,,,,,,,,
lord_tk5_ninja_sadakuroo,,871,,定九郎,,,,Sadakuroo,kanto,,,,,,,,,,,,,,,,,,,,,,,,,,,,,,,,,,,,,,,,,,,,,,,,,,,,已登场,,中忍,直臣,透波众,clan_suppa_1,透波之里,无,已登场,,中忍,直臣,风魔众,clan_fuuma_1,风魔之里,无,已登场,,中忍,直臣,透波众,clan_suppa_1,透波之里,无,已登场,,中忍,直臣,风魔众,clan_fuuma_1,风魔之里,无,,,,,,,,,,,,,,,,,,,,,,,,,,,,,,,,,,,,,,,,,,
lord_tk5_ninja_saheiji,,872,,佐平次,,,,Saheiji,ou,,,,,,,,,,,,,,,,,,,,,,,,,,,,,,,,,,,,,,,,,,,,,,,,,,,,,,,,,,,,已登场,,中忍,直臣,伊贺众,clan_momochi_1,伊贺之里,无,已登场,,中忍,直臣,透波众,clan_suppa_1,透波之里,无,,,,,,,,,已登场,,中忍,直臣,黑胫巾众,clan_yanagihara_1,黑胫巾之里,无,,,,,,,,,,,,,,,,,,,,,,,,,,,,,,,,,,
lord_tk5_ninja_sanai,,873,,左内,,,,Sanai,tosan,,,,,,,,,,,,,,,,,,,,,,,,,,,,,,,,,,,,,,,,,,,,,,,,,,,,,,,,,,,,已登场,,中忍,直臣,甲贺众,clan_tarou_1,甲贺之里,无,,,,,,,,,,,,,,,,,已登场,,中忍,直臣,户隐众,clan_deura_1,户隐之里,无,,,,,,,,,,,,,,,,,,,,,,,,,,,,,,,,,,
lord_tk5_ninja_sanjiroo,,874,,三次郎,,羽黑,,Haguro Sanjiroo,ou,,,,,,,,,,,,,,,,,,,,,,,,,,,,,,,,,,,,,,,,,,,,,,,,,,,,已登场,,头目,当主,羽黑众,clan_haguro_1,羽黑之里,无,已登场,,头目,当主,羽黑众,clan_haguro_1,羽黑之里,无,已登场,,头目,当主,羽黑众,clan_haguro_1,羽黑之里,无,已登场,,头目,当主,羽黑众,clan_haguro_1,羽黑之里,无,,,,,,,,,,,,,,,,,,,,,,,,,,,,,,,,,,,,,,,,,,
lord_tk5_ninja_sashichi,,875,,佐七,,,,Sashichi,ou,,,,,,,,,,,,,,,,,,,,,,,,,,,,,,,,,,,,,,,,,,,,,,,,,,,,,,,,,,,,已登场,,中忍,直臣,户隐众,clan_deura_1,户隐之里,无,已登场,,中忍,直臣,轩猿众,clan_nokizaru_1,轩猿之里,无,,,,,,,,,已登场,,中忍,直臣,羽黑众,clan_haguro_2,羽黑之里,无,,,,,,,,,,,,,,,,,,,,,,,,,,,,,,,,,,
lord_tk5_ninja_sazen,,876,,左膳,,,,Sazen,kinai,,,,,,,,,,,,,,,,,,,,,,,,,,,,,,,,,,,,,,,,,,,,,,,,,,,,,,,,,,,,,,,,,,,,,,,,,,,,已登场,,中忍,直臣,根来众,clan_suginoboo_1,根来之里,无,已登场,,中忍,直臣,风魔众,clan_fuuma_1,风魔之里,无,已登场,,中忍,直臣,伊贺众,clan_igasaki_1,伊贺之里,无,,,,,,,,,,,,,,,,,,,,,,,,,,
lord_tk5_ninja_senshikiboo,,877,,泉识坊,,,,Senshikiboo,kinai,,,,,,,,,,,,,,,,,,,,,,,,,,,,,,,,,,,,,,,,,,,,,,,,,,,,已登场,,中忍,直臣,根来众,clan_tsuda_1,根来之里,无,已登场,,中忍,直臣,根来众,clan_tsuda_1,根来之里,无,已登场,,中忍,直臣,甲贺众,clan_tarou_1,甲贺之里,无,,,,,,,,,,,,,,,,,已登场,,中忍,直臣,根来众,clan_suginoboo_1,根来之里,无,,,,,,,,,,,,,,,,,,,,,,,,,,
lord_tk5_ninja_shiroobee,,878,,四郎兵卫,,,,Shiroobee,sanyo,,,,,,,,,,,,,,,,,,,,,,,,,,,,,,,,,,,,,,,,,,,,,,,,,,,,,,,,,,,,,,,,,,,,,,,,,,,,,,,,,,,,,,,,,,,,已登场,,中忍,直臣,外闻众,clan_sada_1,钵屋之里,无,,,,,,,,,,,,,,,,,,,,,,,,,,
lord_tk5_ninja_shizuma,,879,,静马,,,,Shizuma,ou,,,,,,,,,,,,,,,,,,,,,,,,,,,,,,,,,,,,,,,,,,,,,,,,,,,,已登场,,中忍,直臣,伊贺众,clan_momochi_1,伊贺之里,无,,,,,,,,,已登场,,中忍,直臣,透波众,clan_suppa_1,透波之里,无,已登场,,中忍,直臣,伊贺众,clan_momochi_1,伊贺之里,无,,,,,,,,,已登场,,中忍,直臣,羽黑众,clan_haguro_2,羽黑之里,无,,,,,,,,,,,,,,,,,,,,,,,,,,
lord_tk5_ninja_shunkai,,880,,俊海,,羽黑,,Haguro Shunkai,ou,,,,,,,,,,,,,,,,,,,,,,,,,,,,,,,,,,,,,,,,,,,,,,,,,,,,,,,,,,,,,,,,,,,,,,,,,,,,,,,,,,,,已登场,,头目,当主,羽黑众,clan_haguro_2,羽黑之里,无,已登场,,头目,当主,羽黑众,clan_haguro_2,羽黑之里,无,,,,,,,,,,,,,,,,,,,,,,,,,,
lord_tk5_ninja_shuramaru,,881,,修罗丸,,,,Shuramaru,tosan,,,,,,,,,,,,,,,,,,,,,,,,,,,,,,,,,,,,,,,,,,,,,,,,,,,,已登场,,中忍,直臣,钵屋众,clan_hachiya_1,钵屋之里,无,,,,,,,,,已登场,,中忍,直臣,甲贺众,clan_tarou_1,甲贺之里,无,,,,,,,,,已登场,,中忍,直臣,甲贺众,clan_tarou_1,甲贺之里,无,已登场,,下忍,陪臣,甲贺众,clan_ryuugen_1,透波之里,无,,,,,,,,,,,,,,,,,,,,,,,,,,
lord_tk5_ninja_soonoshin,,882,,惣之进,,,,Soonoshin,kinai,,,,,,,,,,,,,,,,,,,,,,,,,,,,,,,,,,,,,,,,,,,,,,,,,,,,,,,,,,,,已登场,,中忍,直臣,山潜众,clan_yamasen_1,山潜之里,无,,,,,,,,,已登场,,中忍,直臣,甲贺众,clan_tarou_1,甲贺之里,无,已登场,,中忍,直臣,伊贺众,clan_momochi_1,伊贺之里,无,,,,,,,,,,,,,,,,,,,,,,,,,,,,,,,,,,
lord_tk5_ninja_tairaji,,883,,平次,,,,Tairaji,sanyo,,,,,,,,,,,,,,,,,,,,,,,,,,,,,,,,,,,,,,,,,,,,,,,,,,,,,,,,,,,,,,,,,,,,已登场,,中忍,直臣,外闻众,clan_seiki_1,外闻之里,无,,,,,,,,,已登场,,中忍,直臣,透波众,clan_suppa_1,透波之里,无,已登场,,中忍,直臣,外闻众,clan_sada_1,外闻之里,无,,,,,,,,,,,,,,,,,,,,,,,,,,
lord_tk5_ninja_tairaza,,884,,平左,,,,Tairaza,kinai,,,,,,,,,,,,,,,,,,,,,,,,,,,,,,,,,,,,,,,,,,,,,,,,,,,,,,,,,,,,已登场,,中忍,直臣,羽黑众,clan_haguro_1,羽黑之里,无,,,,,,,,,已登场,,中忍,直臣,根来众,clan_suginoboo_1,根来之里,无,已登场,,中忍,直臣,根来众,clan_suginoboo_1,根来之里,无,,,,,,,,,,,,,,,,,,,,,,,,,,,,,,,,,,
lord_tk5_ninja_tamon,,885,,多门,,轩猿,,Nokizaru Tamon,hokuriku,,,,,,,,,,,,,,,,,,,,,,,,,,,,,,,,,,,,,,,,,,,,,,,,,,,,,,,,,,,,,,,,,,,,,,,,,,,,已登场,,头目,当主,轩猿众,clan_nokizaru_2,轩猿之里,无,已登场,,头目,当主,轩猿众,clan_nokizaru_2,轩猿之里,无,已登场,,头目,当主,轩猿众,clan_nokizaru_2,轩猿之里,无,,,,,,,,,,,,,,,,,,,,,,,,,,
lord_tk5_ninja_taroomatsu,,886,,太郎松,,,,Taroomatsu,ou,,,,,,,,,,,,,,,,,,,,,,,,,,,,,,,,,,,,,,,,,,,,,,,,,,,,已登场,,中忍,直臣,甲贺众,clan_tarou_1,甲贺之里,无,已登场,,中忍,直臣,钵屋众,clan_hachiya_1,钵屋之里,无,已登场,,中忍,直臣,伊贺众,clan_momochi_1,伊贺之里,无,,,,,,,,,已登场,,中忍,直臣,黑胫巾众,clan_yanagihara_1,黑胫巾之里,无,,,,,,,,,,,,,,,,,,,,,,,,,,,,,,,,,,
lord_tk5_ninja_tarooza,,887,,太郎左,,,,Tarooza,ou,,,,,,,,,,,,,,,,,,,,,,,,,,,,,,,,,,,,,,,,,,,,,,,,,,,,已登场,,中忍,直臣,外闻众,clan_seiki_1,外闻之里,无,,,,,,,,,已登场,,中忍,直臣,伊贺众,clan_momochi_1,伊贺之里,无,,,,,,,,,已登场,,中忍,直臣,羽黑众,clan_haguro_2,羽黑之里,无,,,,,,,,,,,,,,,,,,,,,,,,,,,,,,,,,,
lord_tk5_ninja_tatewaki,,888,,带刀,,,,Tatewaki,saikai,,,,,,,,,,,,,,,,,,,,,,,,,,,,,,,,,,,,,,,,,,,,,,,,,,,,已登场,,中忍,直臣,外闻众,clan_seiki_1,外闻之里,无,,,,,,,,,,,,,,,,,已登场,,中忍,直臣,户隐众,clan_deura_1,户隐之里,无,,,,,,,,,已登场,,中忍,直臣,山潜众,clan_yamasen_2,山潜之里,无,,,,,,,,,,,,,,,,,,,,,,,,,,
lord_tk5_ninja_tengen,,889,,天元,,,,Tengen,kinai,,,,,,,,,,,,,,,,,,,,,,,,,,,,,,,,,,,,,,,,,,,,,,,,,,,,,,,,,,,,,,,,,,,,已登场,,中忍,直臣,根来众,clan_suginoboo_1,根来之里,无,,,,,,,,,已登场,,中忍,直臣,户隐众,clan_deura_1,户隐之里,无,已登场,,中忍,直臣,甲贺众,clan_kouka_1,甲贺之里,无,,,,,,,,,,,,,,,,,,,,,,,,,,
lord_tk5_ninja_tobishichi,,890,,鸢七,,,,Tobishichi,kinai,,,,,,,,,,,,,,,,,,,,,,,,,,,,,,,,,,,,,,,,,,,,,,,,,,,,,,,,,,,,已登场,,中忍,直臣,户隐众,clan_deura_1,户隐之里,无,,,,,,,,,已登场,,中忍,直臣,伊贺众,clan_momochi_1,伊贺之里,无,已登场,,中忍,直臣,甲贺众,clan_tarou_1,甲贺之里,无,,,,,,,,,,,,,,,,,,,,,,,,,,,,,,,,,,
lord_tk5_ninja_ukichi,,891,,卯吉,,,,Ukichi,tosan,,,,,,,,,,,,,,,,,,,,,,,,,,,,,,,,,,,,,,,,,,,,,,,,,,,,,,,,,,,,已登场,,中忍,直臣,透波众,clan_suppa_1,透波之里,无,,,,,,,,,,,,,,,,,,,,,,,,,,,,,,,,,,,,,,,,,,,,,,,,,,,,,,,,,,
lord_tk5_ninja_yagenji,,892,,弥源次,,,,Yagenji,kanto,,,,,,,,,,,,,,,,,,,,,,,,,,,,,,,,,,,,,,,,,,,,,,,,,,,,,,,,,,,,已登场,,中忍,直臣,户隐众,clan_deura_1,户隐之里,无,,,,,,,,,已登场,,中忍,直臣,羽黑众,clan_haguro_1,羽黑之里,无,已登场,,中忍,直臣,风魔众,clan_fuuma_1,风魔之里,无,,,,,,,,,,,,,,,,,,,,,,,,,,,,,,,,,,
lord_tk5_ninja_yanagisai,,893,,柳斋,,,,Yanagisai,kanto,,,,,,,,,,,,,,,,,,,,,,,,,,,,,,,,,,,,,,,,,,,,,,,,,,,,,,,,,,,,,,,,,,,,,,,,,,,,,,,,,,,,,,,,,,,,已登场,,中忍,直臣,伊贺众,clan_yanagisai_1,风魔之里,无,,,,,,,,,,,,,,,,,,,,,,,,,,
lord_tk5_ninja_yasaburoo,,894,,弥三郎,,钵屋,,Hachiya Yasaburoo,sanyo,,,,,,,,,,,,,,,,,,,,,,,,,,,,,,,,,,,,,,,,,,,,,,,,,,,,已登场,,头目,当主,钵屋众,clan_hachiya_1,钵屋之里,无,已登场,,头目,当主,钵屋众,clan_hachiya_1,钵屋之里,无,已登场,,头目,当主,钵屋众,clan_hachiya_1,钵屋之里,无,已登场,,头目,当主,钵屋众,clan_hachiya_1,钵屋之里,无,,,,,,,,,,,,,,,,,,,,,,,,,,,,,,,,,,,,,,,,,,
lord_tk5_ninja_yasokichi,,895,,八十吉,,,,Yasokichi,saikai,,,,,,,,,,,,,,,,,,,,,,,,,,,,,,,,,,,,,,,,,,,,,,,,,,,,已登场,,中忍,直臣,伊贺众,clan_momochi_1,伊贺之里,无,,,,,,,,,已登场,,中忍,直臣,山潜众,clan_yamasen_1,山潜之里,无,,,,,,,,,已登场,,中忍,直臣,根来众,clan_suginoboo_1,根来之里,无,已登场,,中忍,直臣,山潜众,clan_yamasen_2,山潜之里,无,,,,,,,,,,,,,,,,,,,,,,,,,,
lord_tk5_ninja_yasubee,,896,,安兵卫,,,,Yasubee,tosan,,,,,,,,,,,,,,,,,,,,,,,,,,,,,,,,,,,,,,,,,,,,,,,,,,,,已登场,,中忍,直臣,风魔众,clan_fuuma_1,风魔之里,无,已登场,,中忍,直臣,伊贺众,clan_momochi_1,伊贺之里,无,已登场,,中忍,直臣,山潜众,clan_yamasen_1,山潜之里,无,,,,,,,,,已登场,,中忍,直臣,户隐众,clan_deura_1,户隐之里,无,,,,,,,,,,,,,,,,,,,,,,,,,,,,,,,,,,
lord_tk5_ninja_yazoo,,897,,弥藏,,,,Yazoo,kinai,,,,,,,,,,,,,,,,,,,,,,,,,,,,,,,,,,,,,,,,,,,,,,,,,,,,,,,,,,,,,,,,,,,,已登场,,中忍,直臣,山潜众,clan_yamasen_1,山潜之里,无,已登场,,中忍,直臣,外闻众,clan_seiki_1,外闻之里,无,,,,,,,,,已登场,,中忍,直臣,根来众,clan_suginoboo_1,根来之里,无,,,,,,,,,,,,,,,,,,,,,,,,,,
lord_tk5_ninja_yogoroo,,898,,余五郎,,,,Yogoroo,kinai,,,,,,,,,,,,,,,,,,,,,,,,,,,,,,,,,,,,,,,,,,,,,,,,,,,,已登场,,中忍,直臣,黑胫巾众,clan_yanagihara_1,黑胫巾之里,无,,,,,,,,,已登场,,中忍,直臣,羽黑众,clan_haguro_1,羽黑之里,无,,,,,,,,,,,,,,,,,已登场,,中忍,直臣,甲贺众,clan_kouka_1,甲贺之里,无,,,,,,,,,,,,,,,,,,,,,,,,,,
lord_tk5_ninja_yoichi,,899,,余市,,,,Yoichi,kinai,,,,,,,,,,,,,,,,,,,,,,,,,,,,,,,,,,,,,,,,,,,,,,,,,,,,,,,,,,,,已登场,,中忍,直臣,轩猿众,clan_nokizaru_1,轩猿之里,无,已登场,,中忍,直臣,羽黑众,clan_haguro_1,羽黑之里,无,已登场,,中忍,直臣,羽黑众,clan_haguro_1,羽黑之里,无,已登场,,中忍,直臣,甲贺众,clan_tarou_1,甲贺之里,无,,,,,,,,,,,,,,,,,,,,,,,,,,,,,,,,,,
lord_tk5_ninja_yumenosuke,,900,,梦之助,,,,Yumenosuke,sanyo,,,,,,,,,,,,,,,,,,,,,,,,,,,,,,,,,,,,,,,,,,,,,,,,,,,,已登场,,中忍,直臣,伊贺众,clan_momochi_1,伊贺之里,无,,,,,,,,,,,,,,,,,已登场,,中忍,直臣,甲贺众,clan_tarou_1,甲贺之里,无,,,,,,,,,已登场,,中忍,直臣,外闻众,clan_sada_1,外闻之里,无,,,,,,,,,,,,,,,,,,,,,,,,,,
lord_tk5_pirate_benzoo,,975,,弁藏,,,,Benzoo,nankai,,,,,,,,,,,,,,,,,,,,,,,,,,,,,,,,,,,,,,,,,,,,,,,,,,,,已登场,,船头,直臣,盐饱水军,clan_miyamoto_1,盐饱之砦,无,已登场,,船头,直臣,房总水军,clan_okumura_1,冈本之砦,无,,,,,,,,,已登场,,船头,直臣,盐饱水军,clan_miyamoto_1,盐饱之砦,无,,,,,,,,,,,,,,,,,,,,,,,,,,,,,,,,,,,,,,,,,,
lord_tk5_pirate_chougoroo,,976,,长五郎,,,,Chougoroo,tokai,,,,,,,,,,,,,,,,,,,,,,,,,,,,,,,,,,,,,,,,,,,,,,,,,,,,,,,,,,,,已登场,,船头,直臣,骏河水军,clan_okabe_1,清水之砦,无,,,,,,,,,已登场,,船头,直臣,熊野水军,clan_kuki_2,鸟羽之砦,无,,,,,,,,,,,,,,,,,,,,,,,,,,,,,,,,,,,,,,,,,,
lord_tk5_pirate_choujiroo,,977,,长次郎,,,,Choujiroo,tokai,,,,,,,,,,,,,,,,,,,,,,,,,,,,,,,,,,,,,,,,,,,,,,,,,,,,已登场,,船头,直臣,五岛水军,clan_uku_1,江川之砦,无,,,,,,,,,已登场,,船头,直臣,盐饱水军,clan_miyamoto_1,盐饱之砦,无,已登场,,船头,直臣,熊野水军,clan_kuki_2,鸟羽之砦,无,,,,,,,,,,,,,,,,,,,,,,,,,,,,,,,,,,,,,,,,,,
lord_tk5_pirate_chousaburoo,,978,,长三郎,,,,Chousaburoo,tokai,,,,,,,,,,,,,,,,,,,,,,,,,,,,,,,,,,,,,,,,,,,,,,,,,,,,已登场,,船头,直臣,土佐水军,clan_ike_1,十市之砦,无,已登场,,船头,直臣,淡路水军,clan_atagi_1,洲本之砦,无,已登场,,船头,直臣,骏河水军,clan_okabe_1,清水之砦,无,,,,,,,,,,,,,,,,,,,,,,,,,,,,,,,,,,,,,,,,,,,,,,,,,,
lord_tk5_pirate_chousuke,,979,,长助,,,,Chousuke,saikai,,,,,,,,,,,,,,,,,,,,,,,,,,,,,,,,,,,,,,,,,,,,,,,,,,,,,,,,,,,,已登场,,船头,直臣,丹后水军,clan_nasa_1,舞鹤之砦,无,,,,,,,,,,,,,,,,,已登场,,船头,直臣,坊津水军,clan_bounotsu_1,坊津之砦,无,,,,,,,,,,,,,,,,,,,,,,,,,,,,,,,,,,
lord_tk5_pirate_daihachi,,980,,大八,,,,Daihachi,nankai,,,,,,,,,,,,,,,,,,,,,,,,,,,,,,,,,,,,,,,,,,,,,,,,,,,,,,,,,,,,,,,,,,,,,,,,,,,,已登场,,船头,直臣,盐饱水军,clan_miyamoto_1,盐饱之砦,无,已登场,,船头,直臣,盐饱水军,clan_miyamoto_1,盐饱之砦,无,已登场,,船头,直臣,盐饱水军,clan_miyamoto_1,盐饱之砦,无,,,,,,,,,,,,,,,,,,,,,,,,,,
lord_tk5_pirate_daimaru,,981,,大丸,,,,Daimaru,saikai,,,,,,,,,,,,,,,,,,,,,,,,,,,,,,,,,,,,,,,,,,,,,,,,,,,,已登场,,船头,直臣,丰后水军,clan_wakabayashi_1,一尺屋之砦,无,已登场,,船头,直臣,房总水军,clan_okumura_1,冈本之砦,无,,,,,,,,,,,,,,,,,已登场,,船头,直臣,五岛水军,clan_uku_2,江川之砦,无,,,,,,,,,,,,,,,,,,,,,,,,,,,,,,,,,,
lord_tk5_pirate_denhachiroo,,982,,传八郎,,,,Denhachiroo,tokai,,,,,,,,,,,,,,,,,,,,,,,,,,,,,,,,,,,,,,,,,,,,,,,,,,,,,,,,,,,,,,,,,,,,已登场,,船头,直臣,相模水军,clan_ganshojii_1,三崎之砦,无,,,,,,,,,已登场,,船头,直臣,房总水军,clan_okumura_1,冈本之砦,无,已登场,,船头,直臣,熊野水军,clan_kuki_2,鸟羽之砦,无,,,,,,,,,,,,,,,,,,,,,,,,,,
lord_tk5_pirate_densuke,,983,,传助,,,,Densuke,saikai,,,,,,,,,,,,,,,,,,,,,,,,,,,,,,,,,,,,,,,,,,,,,,,,,,,,,,,,,,,,已登场,,船头,直臣,丰后水军,clan_wakabayashi_1,一尺屋之砦,无,,,,,,,,,,,,,,,,,已登场,,船头,直臣,五岛水军,clan_uku_2,江川之砦,无,,,,,,,,,,,,,,,,,,,,,,,,,,,,,,,,,,
lord_tk5_pirate_dookuu,,984,,道空,,,,Dookuu,tokai,,,,,,,,,,,,,,,,,,,,,,,,,,,,,,,,,,,,,,,,,,,,,,,,,,,,已登场,,船头,直臣,丰后水军,clan_wakabayashi_1,一尺屋之砦,无,,,,,,,,,,,,,,,,,已登场,,船头,直臣,熊野水军,clan_kuki_2,鸟羽之砦,无,,,,,,,,,,,,,,,,,,,,,,,,,,,,,,,,,,,,,,,,,,
lord_tk5_pirate_eishichi,,985,,英七,,,,Eishichi,nankai,,,,,,,,,,,,,,,,,,,,,,,,,,,,,,,,,,,,,,,,,,,,,,,,,,,,已登场,,船头,直臣,村上水军,clan_murakami_1,三岛之砦,无,,,,,,,,,,,,,,,,,,,,,,,,,已登场,,船头,直臣,骏河水军,clan_itami_1,清水之砦,无,已登场,,船头,直臣,村上水军,clan_murakami_1,三岛之砦,无,,,,,,,,,,,,,,,,,,,,,,,,,,
lord_tk5_pirate_enkichi,,986,,圆吉,,,,Enkichi,saikai,,,,,,,,,,,,,,,,,,,,,,,,,,,,,,,,,,,,,,,,,,,,,,,,,,,,已登场,,船头,直臣,安东水军,clan_antou_1,十三凑之砦,无,,,,,,,,,,,,,,,,,,,,,,,,,,,,,,,,,已登场,,船头,直臣,坊津水军,clan_bounotsu_2,坊津之砦,无,,,,,,,,,,,,,,,,,,,,,,,,,,
lord_tk5_pirate_fujiji,,987,,藤次,,,,Fujiji,tokai,,,,,,,,,,,,,,,,,,,,,,,,,,,,,,,,,,,,,,,,,,,,,,,,,,,,已登场,,船头,直臣,相模水军,clan_ganshojii_1,三崎之砦,无,,,,,,,,,,,,,,,,,,,,,,,,,已登场,,船头,直臣,土佐水军,clan_ike_1,十市之砦,无,已登场,,船头,直臣,熊野水军,clan_kuki_2,鸟羽之砦,无,,,,,,,,,,,,,,,,,,,,,,,,,,
lord_tk5_pirate_fujimatsu,,988,,富士松,,,,Fujimatsu,kanto,,,,,,,,,,,,,,,,,,,,,,,,,,,,,,,,,,,,,,,,,,,,,,,,,,,,已登场,,船头,直臣,熊野水军,clan_kuki_1,鸟羽之砦,无,,,,,,,,,,,,,,,,,,,,,,,,,已登场,,船头,直臣,盐饱水军,clan_miyamoto_1,盐饱之砦,无,已登场,,船头,直臣,房总水军,clan_anzai_1,冈本之砦,无,,,,,,,,,,,,,,,,,,,,,,,,,,
lord_tk5_pirate_fusataroo,,989,,房太郎,,,,Fusataroo,nankai,,,,,,,,,,,,,,,,,,,,,,,,,,,,,,,,,,,,,,,,,,,,,,,,,,,,,,,,,,,,,,,,,,,,已登场,,船头,直臣,丹后水军,clan_nasa_1,舞鹤之砦,无,已登场,,船头,直臣,五岛水军,clan_uku_1,江川之砦,无,,,,,,,,,已登场,,船头,直臣,淡路水军,clan_sugata_1,洲本之砦,无,,,,,,,,,,,,,,,,,,,,,,,,,,
lord_tk5_pirate_gennai,,990,,源内,,,,Gennai,tokai,,,,,,,,,,,,,,,,,,,,,,,,,,,,,,,,,,,,,,,,,,,,,,,,,,,,,,,,,,,,已登场,,船头,直臣,熊野水军,clan_kuki_2,鸟羽之砦,无,,,,,,,,,,,,,,,,,,,,,,,,,,,,,,,,,,,,,,,,,,,,,,,,,,,,,,,,,,
lord_tk5_pirate_ginbee,,991,,银兵卫,,,,Ginbee,ou,,,,,,,,,,,,,,,,,,,,,,,,,,,,,,,,,,,,,,,,,,,,,,,,,,,,已登场,,船头,直臣,相模水军,clan_ganshojii_1,三崎之砦,无,,,,,,,,,,,,,,,,,已登场,,船头,直臣,骏河水军,clan_okabe_1,清水之砦,无,,,,,,,,,已登场,,船头,直臣,安东水军,clan_antou_2,十三凑之砦,无,,,,,,,,,,,,,,,,,,,,,,,,,,
lord_tk5_pirate_gisuke,,992,,仪助,,,,Gisuke,nankai,,,,,,,,,,,,,,,,,,,,,,,,,,,,,,,,,,,,,,,,,,,,,,,,,,,,,,,,,,,,已登场,,船头,直臣,土佐水军,clan_ike_1,十市之砦,无,,,,,,,,,已登场,,船头,直臣,房总水军,clan_okumura_1,冈本之砦,无,已登场,,船头,直臣,土佐水军,clan_ike_1,十市之砦,无,,,,,,,,,,,,,,,,,,,,,,,,,,,,,,,,,,
lord_tk5_pirate_gonbee,,993,,权兵卫,,,,Gonbee,kanto,,,,,,,,,,,,,,,,,,,,,,,,,,,,,,,,,,,,,,,,,,,,,,,,,,,,已登场,,船头,直臣,熊野水军,clan_kuki_1,鸟羽之砦,无,已登场,,船头,直臣,丰后水军,clan_wakabayashi_1,一尺屋之砦,无,,,,,,,,,,,,,,,,,已登场,,船头,直臣,房总水军,clan_okumura_1,冈本之砦,无,,,,,,,,,,,,,,,,,,,,,,,,,,,,,,,,,,
lord_tk5_pirate_gonpachi,,994,,权八,,,,Gonpachi,kanto,,,,,,,,,,,,,,,,,,,,,,,,,,,,,,,,,,,,,,,,,,,,,,,,,,,,已登场,,船头,直臣,盐饱水军,clan_miyamoto_1,盐饱之砦,无,,,,,,,,,已登场,,船头,直臣,淡路水军,clan_atagi_1,洲本之砦,无,,,,,,,,,,,,,,,,,已登场,,船头,直臣,房总水军,clan_anzai_1,冈本之砦,无,,,,,,,,,,,,,,,,,,,,,,,,,,
lord_tk5_pirate_gonshichiroo,,995,,权七郎,,,,Gonshichiroo,tokai,,,,,,,,,,,,,,,,,,,,,,,,,,,,,,,,,,,,,,,,,,,,,,,,,,,,,,,,,,,,已登场,,船头,直臣,安东水军,clan_antou_1,十三凑之砦,无,,,,,,,,,已登场,,船头,直臣,五岛水军,clan_uku_1,江川之砦,无,已登场,,船头,直臣,骏河水军,clan_itami_1,清水之砦,无,,,,,,,,,,,,,,,,,,,,,,,,,,,,,,,,,,
lord_tk5_pirate_gunbee,,996,,军兵卫,,坊津,,Bounotsu Gunbee,saikai,,,,,,,,,,,,,,,,,,,,,,,,,,,,,,,,,,,,,,,,,,,,,,,,,,,,,,,,,,,,,,,,,,,,,,,,,,,,,,,,,,,,,,,,,,,,已登场,,头领,当主,坊津水军,clan_bounotsu_2,坊津之砦,无,,,,,,,,,,,,,,,,,,,,,,,,,,
lord_tk5_pirate_gundari,,997,,军荼利,,,,Gundari,saikai,,,,,,,,,,,,,,,,,,,,,,,,,,,,,,,,,,,,,,,,,,,,,,,,,,,,,,,,,,,,,,,,,,,,,,,,,,,,已登场,,船头,直臣,相模水军,clan_ganshojii_1,三崎之砦,无,,,,,,,,,已登场,,船头,直臣,坊津水军,clan_bounotsu_2,坊津之砦,无,,,,,,,,,,,,,,,,,,,,,,,,,,
lord_tk5_pirate_hachiroo,,998,,八郎,,,,Hachiroo,nankai,,,,,,,,,,,,,,,,,,,,,,,,,,,,,,,,,,,,,,,,,,,,,,,,,,,,已登场,,船头,直臣,淡路水军,clan_atagi_1,洲本之砦,无,已登场,,船头,直臣,房总水军,clan_okumura_1,冈本之砦,无,,,,,,,,,已登场,,船头,直臣,淡路水军,clan_atagi_1,洲本之砦,无,,,,,,,,,,,,,,,,,,,,,,,,,,,,,,,,,,,,,,,,,,
lord_tk5_pirate_hachitaroo,,999,,八太郎,,,,Hachitaroo,saikai,,,,,,,,,,,,,,,,,,,,,,,,,,,,,,,,,,,,,,,,,,,,,,,,,,,,已登场,,船头,直臣,土佐水军,clan_ike_1,十市之砦,无,,,,,,,,,,,,,,,,,已登场,,船头,直臣,淡路水军,clan_atagi_1,洲本之砦,无,,,,,,,,,已登场,,船头,直臣,五岛水军,clan_uku_1,江川之砦,无,,,,,,,,,,,,,,,,,,,,,,,,,,
lord_tk5_pirate_hachizaemon,,1000,,八左卫门,,,,Hachizaemon,tokai,,,,,,,,,,,,,,,,,,,,,,,,,,,,,,,,,,,,,,,,,,,,,,,,,,,,,,,,,,,,已登场,,船头,直臣,淡路水军,clan_atagi_1,洲本之砦,无,已登场,,船头,直臣,坊津水军,clan_bounotsu_1,坊津之砦,无,,,,,,,,,已登场,,船头,直臣,骏河水军,clan_itami_1,清水之砦,无,,,,,,,,,,,,,,,,,,,,,,,,,,,,,,,,,,
lord_tk5_pirate_hansaburoo,,1001,,半三郎,,坊津,,Bounotsu Hansaburoo,saikai,,,,,,,,,,,,,,,,,,,,,,,,,,,,,,,,,,,,,,,,,,,,,,,,,,,,已登场,,头领,当主,坊津水军,clan_bounotsu_1,坊津之砦,无,已登场,,头领,当主,坊津水军,clan_bounotsu_1,坊津之砦,无,已登场,,头领,当主,坊津水军,clan_bounotsu_1,坊津之砦,无,已登场,,头领,当主,坊津水军,clan_bounotsu_1,坊津之砦,无,已登场,,头领,当主,坊津水军,clan_bounotsu_1,坊津之砦,无,,,,,,,,,,,,,,,,,,,,,,,,,,,,,,,,,,
lord_tk5_pirate_hayashizoo,,1002,,林藏,,,,Hayashizoo,kanto,,,,,,,,,,,,,,,,,,,,,,,,,,,,,,,,,,,,,,,,,,,,,,,,,,,,,,,,,,,,已登场,,船头,直臣,丹后水军,clan_nasa_1,舞鹤之砦,无,,,,,,,,,已登场,,船头,直臣,丹后水军,clan_nasa_1,舞鹤之砦,无,已登场,,船头,直臣,相模水军,clan_ganshojii_1,三崎之砦,无,,,,,,,,,,,,,,,,,,,,,,,,,,,,,,,,,,
lord_tk5_pirate_hayato,,1003,,隼人,,,,Hayato,tokai,,,,,,,,,,,,,,,,,,,,,,,,,,,,,,,,,,,,,,,,,,,,,,,,,,,,,,,,,,,,已登场,,船头,直臣,村上水军,clan_murakami_1,三岛之砦,无,已登场,,船头,直臣,骏河水军,clan_okabe_1,清水之砦,无,,,,,,,,,已登场,,船头,直臣,熊野水军,clan_kuki_2,鸟羽之砦,无,,,,,,,,,,,,,,,,,,,,,,,,,,,,,,,,,,
lord_tk5_pirate_heita,,1004,,平太,,,,Heita,saikai,,,,,,,,,,,,,,,,,,,,,,,,,,,,,,,,,,,,,,,,,,,,,,,,,,,,,,,,,,,,已登场,,船头,直臣,房总水军,clan_okumura_1,冈本之砦,无,,,,,,,,,,,,,,,,,已登场,,船头,直臣,丰后水军,clan_wakabayashi_1,一尺屋之砦,无,,,,,,,,,,,,,,,,,,,,,,,,,,,,,,,,,,
lord_tk5_pirate_hisadayuu,,1005,,久太夫,,,,Hisadayuu,tokai,,,,,,,,,,,,,,,,,,,,,,,,,,,,,,,,,,,,,,,,,,,,,,,,,,,,,,,,,,,,已登场,,船头,直臣,丰后水军,clan_wakabayashi_1,一尺屋之砦,无,已登场,,船头,直臣,熊野水军,clan_kuki_2,鸟羽之砦,无,已登场,,船头,直臣,熊野水军,clan_kuki_2,鸟羽之砦,无,,,,,,,,,,,,,,,,,,,,,,,,,,,,,,,,,,,,,,,,,,
lord_tk5_pirate_hyakuhei,,1006,,百平,,,,Hyakuhei,nankai,,,,,,,,,,,,,,,,,,,,,,,,,,,,,,,,,,,,,,,,,,,,,,,,,,,,已登场,,船头,直臣,骏河水军,clan_okabe_1,清水之砦,无,,,,,,,,,,,,,,,,,已登场,,船头,直臣,盐饱水军,clan_miyamoto_1,盐饱之砦,无,,,,,,,,,已登场,,船头,直臣,淡路水军,clan_sugata_1,洲本之砦,无,,,,,,,,,,,,,,,,,,,,,,,,,,
lord_tk5_pirate_hyouta,,1007,,兵太,,,,Hyouta,kanto,,,,,,,,,,,,,,,,,,,,,,,,,,,,,,,,,,,,,,,,,,,,,,,,,,,,已登场,,船头,直臣,淡路水军,clan_atagi_1,洲本之砦,无,已登场,,船头,直臣,盐饱水军,clan_miyamoto_1,盐饱之砦,无,,,,,,,,,,,,,,,,,已登场,,船头,直臣,房总水军,clan_okumura_1,冈本之砦,无,,,,,,,,,,,,,,,,,,,,,,,,,,,,,,,,,,
lord_tk5_pirate_ikkan,,1008,,一贯,,,,Ikkan,nankai,,,,,,,,,,,,,,,,,,,,,,,,,,,,,,,,,,,,,,,,,,,,,,,,,,,,已登场,,船头,直臣,房总水军,clan_okumura_1,冈本之砦,无,,,,,,,,,已登场,,船头,直臣,五岛水军,clan_uku_1,江川之砦,无,,,,,,,,,已登场,,船头,直臣,熊野水军,clan_kuki_2,鸟羽之砦,无,已登场,,船头,直臣,村上水军,clan_murakami_1,三岛之砦,无,,,,,,,,,,,,,,,,,,,,,,,,,,
lord_tk5_pirate_isaburoo,,1009,,猪三郎,,,,Isaburoo,nankai,,,,,,,,,,,,,,,,,,,,,,,,,,,,,,,,,,,,,,,,,,,,,,,,,,,,,,,,,,,,已登场,,船头,直臣,盐饱水军,clan_miyamoto_1,盐饱之砦,无,已登场,,船头,直臣,土佐水军,clan_ike_1,十市之砦,无,,,,,,,,,已登场,,船头,直臣,土佐水军,clan_ike_1,十市之砦,无,,,,,,,,,,,,,,,,,,,,,,,,,,,,,,,,,,
lord_tk5_pirate_jibee,,1010,,治兵卫,,,,Jibee,nankai,,,,,,,,,,,,,,,,,,,,,,,,,,,,,,,,,,,,,,,,,,,,,,,,,,,,已登场,,船头,直臣,丹后水军,clan_nasa_1,舞鹤之砦,无,已登场,,船头,直臣,村上水军,clan_murakami_1,三岛之砦,无,,,,,,,,,已登场,,船头,直臣,淡路水军,clan_atagi_1,洲本之砦,无,,,,,,,,,,,,,,,,,,,,,,,,,,,,,,,,,,,,,,,,,,
lord_tk5_pirate_jingobee,,1011,,甚五兵卫,,土佐,,Tosa Jingobee,nankai,,,,,,,,,,,,,,,,,,,,,,,,,,,,,,,,,,,,,,,,,,,,,,,,,,,,,,,,,,,,,,,,,,,,,,,,,,,,,,,,,,,,,,,,,,,,已登场,,头领,当主,土佐水军,clan_tosa_1,十市之砦,无,,,,,,,,,,,,,,,,,,,,,,,,,,
lord_tk5_pirate_jisuke,,1012,,治助,,,,Jisuke,nankai,,,,,,,,,,,,,,,,,,,,,,,,,,,,,,,,,,,,,,,,,,,,,,,,,,,,,,,,,,,,,,,,,,,,已登场,,船头,直臣,骏河水军,clan_okabe_1,清水之砦,无,已登场,,船头,直臣,骏河水军,clan_okabe_1,清水之砦,无,,,,,,,,,已登场,,船头,直臣,淡路水军,clan_sugata_1,洲本之砦,无,,,,,,,,,,,,,,,,,,,,,,,,,,
lord_tk5_pirate_juudayuu,,1013,,十太夫,,,,Juudayuu,saikai,,,,,,,,,,,,,,,,,,,,,,,,,,,,,,,,,,,,,,,,,,,,,,,,,,,,,,,,,,,,,,,,,,,,,,,,,,,,,,,,,,,,,,,,,,,,已登场,,船头,直臣,五岛水军,clan_uku_1,江川之砦,无,,,,,,,,,,,,,,,,,,,,,,,,,,
lord_tk5_pirate_kageyu,,1014,,勘解由,,,,Kageyu,tokai,,,,,,,,,,,,,,,,,,,,,,,,,,,,,,,,,,,,,,,,,,,,,,,,,,,,,,,,,,,,,,,,,,,,已登场,,船头,直臣,房总水军,clan_okumura_1,冈本之砦,无,,,,,,,,,已登场,,船头,直臣,村上水军,clan_murakami_1,三岛之砦,无,已登场,,船头,直臣,熊野水军,clan_kuki_2,鸟羽之砦,无,,,,,,,,,,,,,,,,,,,,,,,,,,
lord_tk5_pirate_kameshichi,,1015,,龟七,,,,Kameshichi,nankai,,,,,,,,,,,,,,,,,,,,,,,,,,,,,,,,,,,,,,,,,,,,,,,,,,,,已登场,,船头,直臣,丹后水军,clan_nasa_1,舞鹤之砦,无,,,,,,,,,已登场,,船头,直臣,丹后水军,clan_nasa_1,舞鹤之砦,无,,,,,,,,,,,,,,,,,已登场,,船头,直臣,淡路水军,clan_sugata_1,洲本之砦,无,,,,,,,,,,,,,,,,,,,,,,,,,,
lord_tk5_pirate_kanji,,1016,,贯次,,,,Kanji,tokai,,,,,,,,,,,,,,,,,,,,,,,,,,,,,,,,,,,,,,,,,,,,,,,,,,,,,,,,,,,,,,,,,,,,已登场,,船头,直臣,五岛水军,clan_uku_1,江川之砦,无,已登场,,船头,直臣,安东水军,clan_antou_1,十三凑之砦,无,已登场,,船头,直臣,盐饱水军,clan_miyamoto_1,盐饱之砦,无,已登场,,船头,直臣,熊野水军,clan_kuki_2,鸟羽之砦,无,,,,,,,,,,,,,,,,,,,,,,,,,,
lord_tk5_pirate_kenkichi,,1019,,谦吉,,,,Kenkichi,kanto,,,,,,,,,,,,,,,,,,,,,,,,,,,,,,,,,,,,,,,,,,,,,,,,,,,,已登场,,船头,直臣,丰后水军,clan_wakabayashi_1,一尺屋之砦,无,,,,,,,,,已登场,,船头,直臣,坊津水军,clan_bounotsu_1,坊津之砦,无,,,,,,,,,,,,,,,,,已登场,,船头,直臣,江户水军,clan_mukaisei_1,三崎之砦,无,,,,,,,,,,,,,,,,,,,,,,,,,,
lord_tk5_pirate_kichijiroo,,1020,,吉次郎,,,,Kichijiroo,saikai,,,,,,,,,,,,,,,,,,,,,,,,,,,,,,,,,,,,,,,,,,,,,,,,,,,,已登场,,船头,直臣,村上水军,clan_murakami_1,三岛之砦,无,,,,,,,,,已登场,,船头,直臣,五岛水军,clan_uku_1,江川之砦,无,,,,,,,,,,,,,,,,,已登场,,船头,直臣,五岛水军,clan_uku_1,江川之砦,无,,,,,,,,,,,,,,,,,,,,,,,,,,
lord_tk5_pirate_kinzaemon,,1021,,金左卫门,,,,Kinzaemon,saikai,,,,,,,,,,,,,,,,,,,,,,,,,,,,,,,,,,,,,,,,,,,,,,,,,,,,,,,,,,,,已登场,,船头,直臣,骏河水军,clan_okabe_1,清水之砦,无,,,,,,,,,,,,,,,,,已登场,,船头,直臣,坊津水军,clan_bounotsu_1,坊津之砦,无,,,,,,,,,,,,,,,,,,,,,,,,,,,,,,,,,,
lord_tk5_pirate_kisanta,,1022,,喜三太,,,,Kisanta,nankai,,,,,,,,,,,,,,,,,,,,,,,,,,,,,,,,,,,,,,,,,,,,,,,,,,,,已登场,,船头,直臣,熊野水军,clan_kuki_1,鸟羽之砦,无,已登场,,船头,直臣,熊野水军,clan_kuki_2,鸟羽之砦,无,,,,,,,,,已登场,,船头,直臣,土佐水军,clan_ike_1,十市之砦,无,,,,,,,,,,,,,,,,,,,,,,,,,,,,,,,,,,,,,,,,,,
lord_tk5_pirate_kobee,,1023,,小兵卫,,,,Kobee,nankai,,,,,,,,,,,,,,,,,,,,,,,,,,,,,,,,,,,,,,,,,,,,,,,,,,,,已登场,,船头,直臣,坊津水军,clan_bounotsu_1,坊津之砦,无,,,,,,,,,,,,,,,,,已登场,,船头,直臣,盐饱水军,clan_miyamoto_1,盐饱之砦,无,,,,,,,,,已登场,,船头,直臣,盐饱水军,clan_miyamoto_1,盐饱之砦,无,,,,,,,,,,,,,,,,,,,,,,,,,,
lord_tk5_pirate_kochuuta,,1024,,小忠太,,,,Kochuuta,nankai,,,,,,,,,,,,,,,,,,,,,,,,,,,,,,,,,,,,,,,,,,,,,,,,,,,,已登场,,船头,直臣,盐饱水军,clan_miyamoto_1,盐饱之砦,无,,,,,,,,,已登场,,船头,直臣,淡路水军,clan_atagi_1,洲本之砦,无,,,,,,,,,,,,,,,,,,,,,,,,,,,,,,,,,,,,,,,,,,,,,,,,,,
lord_tk5_pirate_kogenta,,1025,,小源太,,,,Kogenta,tokai,,,,,,,,,,,,,,,,,,,,,,,,,,,,,,,,,,,,,,,,,,,,,,,,,,,,已登场,,船头,直臣,相模水军,clan_ganshojii_1,三崎之砦,无,,,,,,,,,,,,,,,,,已登场,,船头,直臣,坊津水军,clan_bounotsu_1,坊津之砦,无,,,,,,,,,已登场,,船头,直臣,熊野水军,clan_kuki_2,鸟羽之砦,无,,,,,,,,,,,,,,,,,,,,,,,,,,
lord_tk5_pirate_kojuuroo,,1026,,小十郎,,,,Kojuuroo,saikai,,,,,,,,,,,,,,,,,,,,,,,,,,,,,,,,,,,,,,,,,,,,,,,,,,,,已登场,,船头,直臣,房总水军,clan_okumura_1,冈本之砦,无,已登场,,船头,直臣,土佐水军,clan_ike_1,十市之砦,无,,,,,,,,,,,,,,,,,已登场,,船头,直臣,五岛水军,clan_uku_2,江川之砦,无,,,,,,,,,,,,,,,,,,,,,,,,,,,,,,,,,,
lord_tk5_pirate_kokichi,,1027,,小吉,,,,Kokichi,nankai,,,,,,,,,,,,,,,,,,,,,,,,,,,,,,,,,,,,,,,,,,,,,,,,,,,,,,,,,,,,已登场,,船头,直臣,盐饱水军,clan_miyamoto_1,盐饱之砦,无,已登场,,船头,直臣,安东水军,clan_antou_1,十三凑之砦,无,已登场,,船头,直臣,安东水军,clan_antou_1,十三凑之砦,无,已登场,,船头,直臣,盐饱水军,clan_miyamoto_1,盐饱之砦,无,,,,,,,,,,,,,,,,,,,,,,,,,,,,,,,,,,
lord_tk5_pirate_koo,,1028,,甲,,,,Koo,nankai,,,,,,,,,,,,,,,,,,,,,,,,,,,,,,,,,,,,,,,,,,,,,,,,,,,,,,,,,,,,,,,,,,,,已登场,,船头,直臣,村上水军,clan_murakami_1,三岛之砦,无,已登场,,船头,直臣,村上水军,clan_murakami_1,三岛之砦,无,已登场,,船头,直臣,土佐水军,clan_ike_1,十市之砦,无,已登场,,船头,直臣,村上水军,clan_murakami_1,三岛之砦,无,,,,,,,,,,,,,,,,,,,,,,,,,,
lord_tk5_pirate_koshiroo,,1029,,小四郎,,,,Koshiroo,ou,,,,,,,,,,,,,,,,,,,,,,,,,,,,,,,,,,,,,,,,,,,,,,,,,,,,,,,,,,,,,,,,,,,,已登场,,船头,直臣,丰后水军,clan_wakabayashi_1,一尺屋之砦,无,已登场,,船头,直臣,坊津水军,clan_bounotsu_1,坊津之砦,无,,,,,,,,,已登场,,船头,直臣,安东水军,clan_antou_2,十三凑之砦,无,,,,,,,,,,,,,,,,,,,,,,,,,,
lord_tk5_pirate_kuroobee,,1140,,九郎兵卫,,,,Kuroobee,nankai,,,,,,,,,,,,,,,,,,,,,,,,,,,,,,,,,,,,,,,,,,,,,,,,,,,,,,,,,,,,已登场,,船头,直臣,淡路水军,clan_atagi_1,洲本之砦,无,已登场,,船头,直臣,坊津水军,clan_bounotsu_1,坊津之砦,无,,,,,,,,,已登场,,船头,直臣,村上水军,clan_murakami_1,三岛之砦,无,,,,,,,,,,,,,,,,,,,,,,,,,,,,,,,,,,
lord_tk5_pirate_magobee,,1151,,孙兵卫,,丹后,,Tango Magobee,kinai,,,,,,,,,,,,,,,,,,,,,,,,,,,,,,,,,,,,,,,,,,,,,,,,,,,,已登场,,船头,直臣,丹后水军,clan_nasa_1,美保关之砦,无,已登场,,船头,直臣,丹后水军,clan_nasa_1,美保关之砦,无,已登场,,船头,直臣,丹后水军,clan_nasa_1,美保关之砦,无,已登场,,船头,直臣,丹后水军,clan_nasa_1,美保关之砦,无,已登场,,头领,当主,丹后水军,clan_tango_1,舞鹤之砦,无,,,,,,,,,,,,,,,,,,,,,,,,,,,,,,,,,,
lord_tk5_pirate_magoshichi,,975,,孙七,,,,Magoshichi,nankai,,,,,,,,,,,,,,,,,,,,,,,,,,,,,,,,,,,,,,,,,,,,,,,,,,,,已登场,,船头,直臣,房总水军,clan_okumura_1,冈本之砦,无,,,,,,,,,已登场,,船头,直臣,土佐水军,clan_ike_1,十市之砦,无,,,,,,,,,,,,,,,,,已登场,,船头,直臣,盐饱水军,clan_miyamoto_1,盐饱之砦,无,,,,,,,,,,,,,,,,,,,,,,,,,,
lord_tk5_pirate_manchiyo,,976,,万千代,,,,Manchiyo,kanto,,,,,,,,,,,,,,,,,,,,,,,,,,,,,,,,,,,,,,,,,,,,,,,,,,,,,,,,,,,,,,,,,,,,,,,,,,,,已登场,,船头,直臣,骏河水军,clan_okabe_1,清水之砦,无,已登场,,船头,直臣,丹后水军,clan_tango_1,舞鹤之砦,无,已登场,,船头,直臣,房总水军,clan_anzai_1,冈本之砦,无,,,,,,,,,,,,,,,,,,,,,,,,,,
lord_tk5_pirate_manosuke,,977,,马之助,,,,Manosuke,kanto,,,,,,,,,,,,,,,,,,,,,,,,,,,,,,,,,,,,,,,,,,,,,,,,,,,,,,,,,,,,已登场,,船头,直臣,丹后水军,clan_nasa_1,舞鹤之砦,无,已登场,,船头,直臣,房总水军,clan_okumura_1,冈本之砦,无,已登场,,船头,直臣,房总水军,clan_okumura_1,冈本之砦,无,,,,,,,,,,,,,,,,,,,,,,,,,,,,,,,,,,,,,,,,,,
lord_tk5_pirate_masahei,,978,,正平,,,,Masahei,ou,,,,,,,,,,,,,,,,,,,,,,,,,,,,,,,,,,,,,,,,,,,,,,,,,,,,,,,,,,,,,,,,,,,,已登场,,船头,直臣,淡路水军,clan_atagi_1,洲本之砦,无,已登场,,船头,直臣,相模水军,clan_ganshojii_1,三崎之砦,无,,,,,,,,,已登场,,船头,直臣,安东水军,clan_antou_2,十三凑之砦,无,,,,,,,,,,,,,,,,,,,,,,,,,,
lord_tk5_pirate_matahachi,,979,,又八,,,,Matahachi,ou,,,,,,,,,,,,,,,,,,,,,,,,,,,,,,,,,,,,,,,,,,,,,,,,,,,,,,,,,,,,已登场,,船头,直臣,相模水军,clan_ganshojii_1,三崎之砦,无,,,,,,,,,已登场,,船头,直臣,村上水军,clan_murakami_1,三岛之砦,无,已登场,,船头,直臣,安东水军,clan_antou_1,十三凑之砦,无,,,,,,,,,,,,,,,,,,,,,,,,,,,,,,,,,,
lord_tk5_pirate_matasuke,,980,,又助,,,,Matasuke,tokai,,,,,,,,,,,,,,,,,,,,,,,,,,,,,,,,,,,,,,,,,,,,,,,,,,,,,,,,,,,,已登场,,船头,直臣,坊津水军,clan_bounotsu_1,坊津之砦,无,已登场,,船头,直臣,盐饱水军,clan_miyamoto_1,盐饱之砦,无,,,,,,,,,已登场,,船头,直臣,熊野水军,clan_kuki_2,鸟羽之砦,无,,,,,,,,,,,,,,,,,,,,,,,,,,,,,,,,,,
lord_tk5_pirate_mitsudayuu,,981,,光太夫,,,,Mitsudayuu,nankai,,,,,,,,,,,,,,,,,,,,,,,,,,,,,,,,,,,,,,,,,,,,,,,,,,,,已登场,,船头,直臣,盐饱水军,clan_miyamoto_1,盐饱之砦,无,,,,,,,,,已登场,,船头,直臣,丰后水军,clan_wakabayashi_1,一尺屋之砦,无,,,,,,,,,,,,,,,,,已登场,,船头,直臣,土佐水军,clan_tosa_1,十市之砦,无,,,,,,,,,,,,,,,,,,,,,,,,,,
lord_tk5_pirate_mochiyo,,982,,百千代,,,,Mochiyo,saikai,,,,,,,,,,,,,,,,,,,,,,,,,,,,,,,,,,,,,,,,,,,,,,,,,,,,已登场,,船头,直臣,安东水军,clan_antou_1,十三凑之砦,无,,,,,,,,,已登场,,船头,直臣,安东水军,clan_antou_1,十三凑之砦,无,,,,,,,,,,,,,,,,,已登场,,船头,直臣,坊津水军,clan_bounotsu_2,坊津之砦,无,,,,,,,,,,,,,,,,,,,,,,,,,,
lord_tk5_pirate_onishichi,,983,,鬼七,,,,Onishichi,nankai,,,,,,,,,,,,,,,,,,,,,,,,,,,,,,,,,,,,,,,,,,,,,,,,,,,,已登场,,船头,直臣,房总水军,clan_okumura_1,冈本之砦,无,,,,,,,,,已登场,,船头,直臣,相模水军,clan_ganshojii_1,三崎之砦,无,,,,,,,,,,,,,,,,,已登场,,船头,直臣,土佐水军,clan_tosa_1,十市之砦,无,,,,,,,,,,,,,,,,,,,,,,,,,,
lord_tk5_pirate_rikimaru,,984,,力丸,,,,Rikimaru,tokai,,,,,,,,,,,,,,,,,,,,,,,,,,,,,,,,,,,,,,,,,,,,,,,,,,,,,,,,,,,,已登场,,船头,直臣,相模水军,clan_ganshojii_1,三崎之砦,无,已登场,,船头,直臣,相模水军,clan_ganshojii_1,三崎之砦,无,已登场,,船头,直臣,骏河水军,clan_okabe_1,清水之砦,无,,,,,,,,,,,,,,,,,,,,,,,,,,,,,,,,,,,,,,,,,,
lord_tk5_pirate_rikiya,,985,,力弥,,,,Rikiya,kinai,,,,,,,,,,,,,,,,,,,,,,,,,,,,,,,,,,,,,,,,,,,,,,,,,,,,,,,,,,,,已登场,,船头,直臣,坊津水军,clan_bounotsu_1,坊津之砦,无,,,,,,,,,,,,,,,,,已登场,,船头,直臣,丹后水军,clan_tango_1,舞鹤之砦,无,,,,,,,,,,,,,,,,,,,,,,,,,,,,,,,,,,
lord_tk5_pirate_saburoota,,986,,三郎太,,,,Saburoota,kanto,,,,,,,,,,,,,,,,,,,,,,,,,,,,,,,,,,,,,,,,,,,,,,,,,,,,,,,,,,,,,,,,,,,,,,,,,,,,已登场,,船头,直臣,村上水军,clan_murakami_1,三岛之砦,无,已登场,,船头,直臣,村上水军,clan_murakami_1,三岛之砦,无,已登场,,船头,直臣,江户水军,clan_mukaisei_1,三崎之砦,无,,,,,,,,,,,,,,,,,,,,,,,,,,
lord_tk5_pirate_saichi,,987,,佐市,,,,Saichi,nankai,,,,,,,,,,,,,,,,,,,,,,,,,,,,,,,,,,,,,,,,,,,,,,,,,,,,,,,,,,,,,,,,,,,,已登场,,船头,直臣,村上水军,clan_murakami_1,三岛之砦,无,已登场,,船头,直臣,房总水军,clan_okumura_1,冈本之砦,无,,,,,,,,,已登场,,船头,直臣,淡路水军,clan_sugata_1,洲本之砦,无,,,,,,,,,,,,,,,,,,,,,,,,,,
lord_tk5_pirate_sakonjiroo,,988,,左近次郎,,,,Sakonjiroo,ou,,,,,,,,,,,,,,,,,,,,,,,,,,,,,,,,,,,,,,,,,,,,,,,,,,,,已登场,,船头,直臣,骏河水军,clan_okabe_1,清水之砦,无,,,,,,,,,,,,,,,,,,,,,,,,,已登场,,船头,直臣,丹后水军,clan_tango_1,舞鹤之砦,无,已登场,,船头,直臣,安东水军,clan_antou_2,十三凑之砦,无,,,,,,,,,,,,,,,,,,,,,,,,,,
lord_tk5_pirate_sanezoo,,989,,实三,,,,Sanezoo,kinai,,,,,,,,,,,,,,,,,,,,,,,,,,,,,,,,,,,,,,,,,,,,,,,,,,,,已登场,,船头,直臣,丰后水军,clan_wakabayashi_1,一尺屋之砦,无,,,,,,,,,,,,,,,,,,,,,,,,,已登场,,船头,直臣,熊野水军,clan_kuki_2,鸟羽之砦,无,已登场,,船头,直臣,丹后水军,clan_tango_2,舞鹤之砦,无,,,,,,,,,,,,,,,,,,,,,,,,,,
lord_tk5_pirate_sanhei,,990,,三平,,,,Sanhei,saikai,,,,,,,,,,,,,,,,,,,,,,,,,,,,,,,,,,,,,,,,,,,,,,,,,,,,,,,,,,,,已登场,,船头,直臣,盐饱水军,clan_miyamoto_1,盐饱之砦,无,,,,,,,,,已登场,,船头,直臣,丰后水军,clan_wakabayashi_1,一尺屋之砦,无,,,,,,,,,,,,,,,,,,,,,,,,,,,,,,,,,,,,,,,,,,
lord_tk5_pirate_sanosuke,,991,,佐之助,,,,Sanosuke,kanto,,,,,,,,,,,,,,,,,,,,,,,,,,,,,,,,,,,,,,,,,,,,,,,,,,,,已登场,,船头,直臣,相模水军,clan_ganshojii_1,三崎之砦,无,,,,,,,,,已登场,,船头,直臣,土佐水军,clan_ike_1,十市之砦,无,,,,,,,,,,,,,,,,,已登场,,船头,直臣,江户水军,clan_mukaisei_1,三崎之砦,无,,,,,,,,,,,,,,,,,,,,,,,,,,
lord_tk5_pirate_sanshiroo,,992,,三四郎,,,,Sanshiroo,saikai,,,,,,,,,,,,,,,,,,,,,,,,,,,,,,,,,,,,,,,,,,,,,,,,,,,,,,,,,,,,,,,,,,,,,,,,,,,,,,,,,,,,,,,,,,,,已登场,,船头,直臣,村上水军,clan_murakami_1,一尺屋之砦,无,,,,,,,,,,,,,,,,,,,,,,,,,,
lord_tk5_pirate_sendayuu,,993,,仙太夫,,,,Sendayuu,nankai,,,,,,,,,,,,,,,,,,,,,,,,,,,,,,,,,,,,,,,,,,,,,,,,,,,,已登场,,船头,直臣,土佐水军,clan_ike_1,十市之砦,无,,,,,,,,,已登场,,船头,直臣,丹后水军,clan_nasa_1,舞鹤之砦,无,,,,,,,,,,,,,,,,,已登场,,船头,直臣,盐饱水军,clan_miyamoto_1,盐饱之砦,无,,,,,,,,,,,,,,,,,,,,,,,,,,
lord_tk5_pirate_senzaemon,,994,,仙左卫门,,安东,,Antou Senzaemon,ou,,,,,,,,,,,,,,,,,,,,,,,,,,,,,,,,,,,,,,,,,,,,,,,,,,,,已登场,,头领,当主,安东水军,clan_antou_1,十三凑之砦,无,已登场,,头领,当主,安东水军,clan_antou_1,十三凑之砦,无,已登场,,头领,当主,安东水军,clan_antou_1,十三凑之砦,无,已登场,,头领,当主,安东水军,clan_antou_1,十三凑之砦,无,已登场,,头领,当主,安东水军,clan_antou_1,十三凑之砦,无,,,,,,,,,,,,,,,,,,,,,,,,,,,,,,,,,,
lord_tk5_pirate_shingoroo,,995,,新五郎,,,,Shingoroo,kanto,,,,,,,,,,,,,,,,,,,,,,,,,,,,,,,,,,,,,,,,,,,,,,,,,,,,已登场,,船头,直臣,五岛水军,clan_uku_1,江川之砦,无,已登场,,船头,直臣,土佐水军,clan_ike_1,十市之砦,无,已登场,,船头,直臣,房总水军,clan_okumura_1,冈本之砦,无,,,,,,,,,,,,,,,,,,,,,,,,,,,,,,,,,,,,,,,,,,,,,,,,,,
lord_tk5_pirate_shinhei,,996,,晋平,,,,Shinhei,nankai,,,,,,,,,,,,,,,,,,,,,,,,,,,,,,,,,,,,,,,,,,,,,,,,,,,,已登场,,船头,直臣,村上水军,clan_murakami_1,三岛之砦,无,,,,,,,,,,,,,,,,,已登场,,船头,直臣,土佐水军,clan_ike_1,十市之砦,无,,,,,,,,,,,,,,,,,,,,,,,,,,,,,,,,,,,,,,,,,,
lord_tk5_pirate_shinpachi,,997,,新八,,,,Shinpachi,kanto,,,,,,,,,,,,,,,,,,,,,,,,,,,,,,,,,,,,,,,,,,,,,,,,,,,,,,,,,,,,已登场,,船头,直臣,安东水军,clan_antou_1,十三凑之砦,无,已登场,,船头,直臣,土佐水军,clan_ike_1,十市之砦,无,,,,,,,,,已登场,,船头,直臣,相模水军,clan_ganshojii_1,三崎之砦,无,,,,,,,,,,,,,,,,,,,,,,,,,,,,,,,,,,
lord_tk5_pirate_shinshichi,,998,,新七,,,,Shinshichi,nankai,,,,,,,,,,,,,,,,,,,,,,,,,,,,,,,,,,,,,,,,,,,,,,,,,,,,,,,,,,,,,,,,,,,,已登场,,船头,直臣,丰后水军,clan_wakabayashi_1,一尺屋之砦,无,,,,,,,,,已登场,,船头,直臣,坊津水军,clan_bounotsu_1,坊津之砦,无,已登场,,船头,直臣,村上水军,clan_murakami_1,三岛之砦,无,,,,,,,,,,,,,,,,,,,,,,,,,,
lord_tk5_pirate_shookuroo,,999,,庄九郎,,,,Shookuroo,nankai,,,,,,,,,,,,,,,,,,,,,,,,,,,,,,,,,,,,,,,,,,,,,,,,,,,,,,,,,,,,,,,,,,,,,,,,,,,,已登场,,船头,直臣,丰后水军,clan_wakabayashi_1,一尺屋之砦,无,已登场,,船头,直臣,五岛水军,clan_uku_2,江川之砦,无,已登场,,船头,直臣,盐饱水军,clan_miyamoto_1,盐饱之砦,无,,,,,,,,,,,,,,,,,,,,,,,,,,
lord_tk5_pirate_soohachiroo,,1000,,惣八郎,,安东,,Antou Soohachiroo,ou,,,,,,,,,,,,,,,,,,,,,,,,,,,,,,,,,,,,,,,,,,,,,,,,,,,,,,,,,,,,,,,,,,,,,,,,,,,,,,,,,,,,,,,,,,,,已登场,,头领,当主,安东水军,clan_antou_2,十三凑之砦,无,,,,,,,,,,,,,,,,,,,,,,,,,,
lord_tk5_pirate_sooichiroo,,1001,,总一郎,,,,Sooichiroo,kanto,,,,,,,,,,,,,,,,,,,,,,,,,,,,,,,,,,,,,,,,,,,,,,,,,,,,,,,,,,,,,,,,,,,,已登场,,船头,直臣,淡路水军,clan_atagi_1,洲本之砦,无,,,,,,,,,已登场,,船头,直臣,盐饱水军,clan_miyamoto_1,盐饱之砦,无,已登场,,船头,直臣,江户水军,clan_mukaisei_1,三崎之砦,无,,,,,,,,,,,,,,,,,,,,,,,,,,
lord_tk5_pirate_tadabee,,1002,,忠兵卫,,,,Tadabee,kanto,,,,,,,,,,,,,,,,,,,,,,,,,,,,,,,,,,,,,,,,,,,,,,,,,,,,已登场,,船头,直臣,五岛水军,clan_uku_1,江川之砦,无,,,,,,,,,,,,,,,,,,,,,,,,,已登场,,船头,直臣,相模水军,clan_ganshojii_1,三崎之砦,无,,,,,,,,,,,,,,,,,,,,,,,,,,,,,,,,,,
lord_tk5_pirate_tadaya,,1003,,忠弥,,,,Tadaya,kinai,,,,,,,,,,,,,,,,,,,,,,,,,,,,,,,,,,,,,,,,,,,,,,,,,,,,,,,,,,,,,,,,,,,,已登场,,船头,直臣,村上水军,clan_murakami_1,三岛之砦,无,已登场,,船头,直臣,土佐水军,clan_ike_1,十市之砦,无,,,,,,,,,已登场,,船头,直臣,丹后水军,clan_tango_2,舞鹤之砦,无,,,,,,,,,,,,,,,,,,,,,,,,,,
lord_tk5_pirate_tairama,,1004,,平马,,,,Tairama,saikai,,,,,,,,,,,,,,,,,,,,,,,,,,,,,,,,,,,,,,,,,,,,,,,,,,,,,,,,,,,,已登场,,船头,直臣,熊野水军,clan_kuki_2,鸟羽之砦,无,已登场,,船头,直臣,盐饱水军,clan_miyamoto_1,盐饱之砦,无,已登场,,船头,直臣,坊津水军,clan_bounotsu_1,坊津之砦,无,,,,,,,,,,,,,,,,,,,,,,,,,,,,,,,,,,,,,,,,,,
lord_tk5_pirate_tairashiroo,,1005,,平四郎,,,,Tairashiroo,kanto,,,,,,,,,,,,,,,,,,,,,,,,,,,,,,,,,,,,,,,,,,,,,,,,,,,,,,,,,,,,已登场,,船头,直臣,坊津水军,clan_bounotsu_1,坊津之砦,无,,,,,,,,,已登场,,船头,直臣,丰后水军,clan_wakabayashi_1,一尺屋之砦,无,已登场,,船头,直臣,相模水军,clan_ganshojii_1,三崎之砦,无,,,,,,,,,,,,,,,,,,,,,,,,,,,,,,,,,,
lord_tk5_pirate_tairazoo,,1006,,平藏,,,,Tairazoo,nankai,,,,,,,,,,,,,,,,,,,,,,,,,,,,,,,,,,,,,,,,,,,,,,,,,,,,已登场,,船头,直臣,丹后水军,clan_nasa_1,舞鹤之砦,无,已登场,,船头,直臣,安东水军,clan_antou_1,十三凑之砦,无,,,,,,,,,,,,,,,,,已登场,,船头,直臣,村上水军,clan_murakami_1,三岛之砦,无,,,,,,,,,,,,,,,,,,,,,,,,,,,,,,,,,,
lord_tk5_pirate_takeshizoo,,1007,,刚藏,,,,Takeshizoo,saikai,,,,,,,,,,,,,,,,,,,,,,,,,,,,,,,,,,,,,,,,,,,,,,,,,,,,,,,,,,,,,,,,,,,,已登场,,船头,直臣,房总水军,clan_okumura_1,冈本之砦,无,已登场,,船头,直臣,房总水军,clan_okumura_1,冈本之砦,无,,,,,,,,,已登场,,船头,直臣,五岛水军,clan_uku_1,江川之砦,无,,,,,,,,,,,,,,,,,,,,,,,,,,
lord_tk5_pirate_taki,,1017,,泷,,,,Taki,saikai,,,,,,,,,,,,,,,,,,,,,,,,,,,,,,,,,,,,,,,,,,,,,,,,,,,,已登场,,船头,直臣,五岛水军,clan_uku_1,江川之砦,无,已登场,,船头,直臣,五岛水军,clan_uku_1,江川之砦,无,,,,,,,,,,,,,,,,,,,,,,,,,,,,,,,,,,,,,,,,,,,,,,,,,,,,,,,,,,
lord_tk5_pirate_tamegoroo,,1008,,为五郎,,,,Tamegoroo,nankai,,,,,,,,,,,,,,,,,,,,,,,,,,,,,,,,,,,,,,,,,,,,,,,,,,,,,,,,,,,,已登场,,船头,直臣,五岛水军,clan_uku_1,江川之砦,无,已登场,,船头,直臣,熊野水军,clan_kuki_2,鸟羽之砦,无,已登场,,船头,直臣,淡路水军,clan_atagi_1,洲本之砦,无,,,,,,,,,,,,,,,,,,,,,,,,,,,,,,,,,,,,,,,,,,
lord_tk5_pirate_tameuemon,,1009,,为右卫门,,,,Tameuemon,kanto,,,,,,,,,,,,,,,,,,,,,,,,,,,,,,,,,,,,,,,,,,,,,,,,,,,,,,,,,,,,,,,,,,,,,,,,,,,,,,,,,,,,已登场,,船头,直臣,丰后水军,clan_wakabayashi_1,一尺屋之砦,无,已登场,,船头,直臣,江户水军,clan_mukaisei_1,三崎之砦,无,,,,,,,,,,,,,,,,,,,,,,,,,,
lord_tk5_pirate_tatsugoroo,,1010,,辰五郎,,,,Tatsugoroo,ou,,,,,,,,,,,,,,,,,,,,,,,,,,,,,,,,,,,,,,,,,,,,,,,,,,,,已登场,,船头,直臣,安东水军,clan_antou_1,石卷之砦,无,已登场,,船头,直臣,安东水军,clan_antou_1,石卷之砦,无,已登场,,船头,直臣,安东水军,clan_antou_1,石卷之砦,无,已登场,,船头,直臣,安东水军,clan_antou_1,石卷之砦,无,已登场,,船头,直臣,安东水军,clan_antou_1,石卷之砦,无,,,,,,,,,,,,,,,,,,,,,,,,,,,,,,,,,,
lord_tk5_pirate_tazu,,1018,,多津,,,,Tazu,saikai,,,,,,,,,,,,,,,,,,,,,,,,,,,,,,,,,,,,,,,,,,,,,,,,,,,,,,,,,,,,,,,,,,,,已登场,,船头,直臣,五岛水军,clan_uku_1,江川之砦,无,已登场,,船头,直臣,五岛水军,clan_uku_1,江川之砦,无,已登场,,船头,直臣,五岛水军,clan_uku_2,江川之砦,无,已登场,,船头,直臣,五岛水军,clan_uku_1,江川之砦,无,,,,,,,,,,,,,,,,,,,,,,,,,,
lord_tk5_pirate_teizoo,,1011,,祯三,,,,Teizoo,tokai,,,,,,,,,,,,,,,,,,,,,,,,,,,,,,,,,,,,,,,,,,,,,,,,,,,,已登场,,船头,直臣,土佐水军,clan_ike_1,十市之砦,无,已登场,,船头,直臣,五岛水军,clan_uku_1,江川之砦,无,已登场,,船头,直臣,熊野水军,clan_kuki_2,鸟羽之砦,无,,,,,,,,,,,,,,,,,,,,,,,,,,,,,,,,,,,,,,,,,,,,,,,,,,
lord_tk5_pirate_torachiyo,,1012,,虎千代,,,,Torachiyo,kinai,,,,,,,,,,,,,,,,,,,,,,,,,,,,,,,,,,,,,,,,,,,,,,,,,,,,,,,,,,,,,,,,,,,,已登场,,船头,直臣,盐饱水军,clan_miyamoto_1,盐饱之砦,无,,,,,,,,,已登场,,船头,直臣,安东水军,clan_antou_1,十三凑之砦,无,已登场,,船头,直臣,丹后水军,clan_tango_2,舞鹤之砦,无,,,,,,,,,,,,,,,,,,,,,,,,,,
lord_tk5_pirate_torazoo,,1013,,寅藏,,,,Torazoo,nankai,,,,,,,,,,,,,,,,,,,,,,,,,,,,,,,,,,,,,,,,,,,,,,,,,,,,已登场,,船头,直臣,熊野水军,clan_kuki_1,鸟羽之砦,无,已登场,,船头,直臣,村上水军,clan_murakami_1,三岛之砦,无,,,,,,,,,已登场,,船头,直臣,土佐水军,clan_ike_1,十市之砦,无,,,,,,,,,,,,,,,,,,,,,,,,,,,,,,,,,,,,,,,,,,
lord_tk5_pirate_tsunagoroo,,1014,,纲五郎,,,,Tsunagoroo,nankai,,,,,,,,,,,,,,,,,,,,,,,,,,,,,,,,,,,,,,,,,,,,,,,,,,,,已登场,,船头,直臣,坊津水军,clan_bounotsu_1,坊津之砦,无,,,,,,,,,已登场,,船头,直臣,骏河水军,clan_okabe_1,清水之砦,无,,,,,,,,,,,,,,,,,已登场,,船头,直臣,土佐水军,clan_tosa_1,十市之砦,无,,,,,,,,,,,,,,,,,,,,,,,,,,
lord_tk5_pirate_tsuru,,1017,,鹤,,,,Tsuru,nankai,,,,,,,,,,,,,,,,,,,,,,,,,,,,,,,,,,,,,,,,,,,,,,,,,,,,已登场,,船头,直臣,村上水军,clan_murakami_1,三岛之砦,无,已登场,,船头,直臣,村上水军,clan_murakami_1,三岛之砦,无,,,,,,,,,,,,,,,,,,,,,,,,,,,,,,,,,,,,,,,,,,,,,,,,,,,,,,,,,,
lord_tk5_pirate_tsuruchiyo,,1015,,鹤千代,,,,Tsuruchiyo,saikai,,,,,,,,,,,,,,,,,,,,,,,,,,,,,,,,,,,,,,,,,,,,,,,,,,,,已登场,,船头,直臣,坊津水军,clan_bounotsu_1,坊津之砦,无,已登场,,船头,直臣,相模水军,clan_ganshojii_1,三崎之砦,无,,,,,,,,,已登场,,船头,直臣,丰后水军,clan_wakabayashi_1,一尺屋之砦,无,,,,,,,,,,,,,,,,,,,,,,,,,,,,,,,,,,,,,,,,,,
lord_tk5_pirate_tsurukichi,,1016,,鹤吉,,,,Tsurukichi,kanto,,,,,,,,,,,,,,,,,,,,,,,,,,,,,,,,,,,,,,,,,,,,,,,,,,,,,,,,,,,,,,,,,,,,,,,,,,,,已登场,,船头,直臣,相模水军,clan_ganshojii_1,三崎之砦,无,已登场,,船头,直臣,熊野水军,clan_kuki_2,鸟羽之砦,无,已登场,,船头,直臣,房总水军,clan_anzai_1,冈本之砦,无,,,,,,,,,,,,,,,,,,,,,,,,,,
lord_tk5_pirate_ushibee,,1019,,丑兵卫,,,,Ushibee,kanto,,,,,,,,,,,,,,,,,,,,,,,,,,,,,,,,,,,,,,,,,,,,,,,,,,,,已登场,,船头,直臣,淡路水军,clan_atagi_1,洲本之砦,无,已登场,,船头,直臣,土佐水军,clan_ike_1,十市之砦,无,,,,,,,,,已登场,,船头,直臣,相模水军,clan_ganshojii_1,三崎之砦,无,,,,,,,,,,,,,,,,,,,,,,,,,,,,,,,,,,,,,,,,,,
lord_tk5_pirate_ushigoroo,,1020,,丑五郎,,丹后,,Tango Ushigoroo,kinai,,,,,,,,,,,,,,,,,,,,,,,,,,,,,,,,,,,,,,,,,,,,,,,,,,,,,,,,,,,,,,,,,,,,,,,,,,,,,,,,,,,,,,,,,,,,已登场,,头领,当主,丹后水军,clan_tango_2,舞鹤之砦,无,,,,,,,,,,,,,,,,,,,,,,,,,,
lord_tk5_pirate_yaichi,,1021,,弥市,,,,Yaichi,tokai,,,,,,,,,,,,,,,,,,,,,,,,,,,,,,,,,,,,,,,,,,,,,,,,,,,,,,,,,,,,,,,,,,,,已登场,,船头,直臣,村上水军,clan_murakami_1,三岛之砦,无,,,,,,,,,,,,,,,,,已登场,,水夫,陪臣,江户水军,clan_kashin_1,清水之砦,无,,,,,,,,,,,,,,,,,,,,,,,,,,
lord_tk5_pirate_yajibee,,1022,,弥次兵卫,,,,Yajibee,kinai,,,,,,,,,,,,,,,,,,,,,,,,,,,,,,,,,,,,,,,,,,,,,,,,,,,,,,,,,,,,,,,,,,,,已登场,,船头,直臣,丰后水军,clan_wakabayashi_1,一尺屋之砦,无,,,,,,,,,已登场,,船头,直臣,骏河水军,clan_itami_1,清水之砦,无,已登场,,船头,直臣,丹后水军,clan_tango_2,舞鹤之砦,无,,,,,,,,,,,,,,,,,,,,,,,,,,
lord_tk5_pirate_yajiroo,,1023,,弥二郎,,,,Yajiroo,tokai,,,,,,,,,,,,,,,,,,,,,,,,,,,,,,,,,,,,,,,,,,,,,,,,,,,,已登场,,船头,直臣,骏河水军,clan_okabe_1,清水之砦,无,已登场,,船头,直臣,丰后水军,clan_wakabayashi_1,一尺屋之砦,无,已登场,,船头,直臣,熊野水军,clan_kuki_2,鸟羽之砦,无,,,,,,,,,,,,,,,,,,,,,,,,,,,,,,,,,,,,,,,,,,,,,,,,,,
lord_tk5_pirate_yakichi,,1024,,弥吉,,,,Yakichi,nankai,,,,,,,,,,,,,,,,,,,,,,,,,,,,,,,,,,,,,,,,,,,,,,,,,,,,,,,,,,,,已登场,,船头,直臣,五岛水军,clan_uku_1,江川之砦,无,,,,,,,,,,,,,,,,,已登场,,船头,直臣,村上水军,clan_murakami_1,三岛之砦,无,,,,,,,,,,,,,,,,,,,,,,,,,,,,,,,,,,
lord_tk5_pirate_yashakichi,,1025,,夜叉吉,,,,Yashakichi,saikai,,,,,,,,,,,,,,,,,,,,,,,,,,,,,,,,,,,,,,,,,,,,,,,,,,,,,,,,,,,,,,,,,,,,,,,,,,,,已登场,,船头,直臣,丹后水军,clan_nasa_1,舞鹤之砦,无,已登场,,船头,直臣,丰后水军,clan_wakabayashi_1,一尺屋之砦,无,已登场,,船头,直臣,坊津水军,clan_bounotsu_2,坊津之砦,无,,,,,,,,,,,,,,,,,,,,,,,,,,
lord_tk5_pirate_yosoji,,1026,,与三次,,,,Yosoji,saikai,,,,,,,,,,,,,,,,,,,,,,,,,,,,,,,,,,,,,,,,,,,,,,,,,,,,,,,,,,,,已登场,,船头,直臣,熊野水军,clan_kuki_2,鸟羽之砦,无,,,,,,,,,已登场,,船头,直臣,村上水军,clan_murakami_1,三岛之砦,无,已登场,,船头,直臣,丰后水军,clan_wakabayashi_1,一尺屋之砦,无,,,,,,,,,,,,,,,,,,,,,,,,,,,,,,,,,,
lord_tk5_pirate_zensuke,,1027,,善辅,,,,Zensuke,nankai,,,,,,,,,,,,,,,,,,,,,,,,,,,,,,,,,,,,,,,,,,,,,,,,,,,,已登场,,船头,直臣,淡路水军,clan_atagi_1,洲本之砦,无,,,,,,,,,已登场,,船头,直臣,相模水军,clan_ganshojii_1,三崎之砦,无,已登场,,船头,直臣,丹后水军,clan_nasa_1,舞鹤之砦,无,,,,,,,,,已登场,,船头,直臣,土佐水军,clan_tosa_1,十市之砦,无,,,,,,,,,,,,,,,,,,,,,,,,,,
lord_tk5_pirate_zenzoo,,1028,,善藏,,,,Zenzoo,kanto,,,,,,,,,,,,,,,,,,,,,,,,,,,,,,,,,,,,,,,,,,,,,,,,,,,,已登场,,船头,直臣,骏河水军,clan_okabe_1,清水之砦,无,已登场,,船头,直臣,熊野水军,clan_kuki_2,鸟羽之砦,无,,,,,,,,,已登场,,船头,直臣,五岛水军,clan_uku_1,江川之砦,无,已登场,,船头,直臣,房总水军,clan_okumura_1,冈本之砦,无,,,,,,,,,,,,,,,,,,,,,,,,,,,,,,,,,,
lord_tk5_trader_choutaroo,,913,,长太郎,,,,Choutaroo,ou,,,,,,,,,,,,,,,,,,,,,,,,,,,,,,,,,,,,,,,,,,,,,,,,,,,,,,,,,,,,,,,,,,,,,,,,,,,,已登场,,掌柜,直臣,伊藤屋,clan_itoo_1,清洲之町,无,已登场,,掌柜,直臣,虎屋,clan_uno_1,小田原之町,无,已登场,,掌柜,直臣,镫屋,clan_ikeda_2,酒田之町,无,,,,,,,,,,,,,,,,,,,,,,,,,,
lord_tk5_trader_chouzaemon,,915,,长左卫门,,,,Chouzaemon,ou,,,,,,,,,,,,,,,,,,,,,,,,,,,,,,,,,,,,,,,,,,,,,,,,,,,,,,,,,,,,,,,,,,,,已登场,,掌柜,直臣,镫屋,clan_ikeda_2,酒田之町,无,已登场,,掌柜,直臣,大西屋,clan_shibuya_1,尾道之町,无,,,,,,,,,已登场,,掌柜,直臣,梁田屋,clan_yanada_1,会津之町,无,,,,,,,,,,,,,,,,,,,,,,,,,,
lord_tk5_trader_daizoo,,916,,大藏,,,,Daizoo,sanyo,,,,,,,,,,,,,,,,,,,,,,,,,,,,,,,,,,,,,,,,,,,,,,,,,,,,,,,,,,,,,,,,,,,,已登场,,掌柜,直臣,神屋,clan_kamiya_1,博多之町,无,,,,,,,,,已登场,,掌柜,直臣,天王寺屋,clan_tsuda_3,堺之町,无,已登场,,掌柜,直臣,鸿池屋,clan_konoike_1,姬路之町,无,,,,,,,,,,,,,,,,,,,,,,,,,,
lord_tk5_trader_fujigoroo,,917,,藤五郎,,,,Fujigoroo,kinai,,,,,,,,,,,,,,,,,,,,,,,,,,,,,,,,,,,,,,,,,,,,,,,,,,,,已登场,,掌柜,直臣,天王寺屋,clan_tsuda_2,堺之町,无,已登场,,掌柜,直臣,茶屋,clan_chaya_1,京之町,无,,,,,,,,,,,,,,,,,已登场,,掌柜,直臣,平野屋,clan_sueyoshi_1,石山之町,无,,,,,,,,,,,,,,,,,,,,,,,,,,,,,,,,,,
lord_tk5_trader_ginjiroo,,918,,银次郎,,,,Ginjiroo,kinai,,,,,,,,,,,,,,,,,,,,,,,,,,,,,,,,,,,,,,,,,,,,,,,,,,,,已登场,,掌柜,直臣,角屋,clan_sumiya_1,大凑之町,无,,,,,,,,,已登场,,掌柜,直臣,天王寺屋,clan_tsuda_3,堺之町,无,,,,,,,,,,,,,,,,,已登场,,掌柜,直臣,茶屋,clan_chaya_1,京之町,无,,,,,,,,,,,,,,,,,,,,,,,,,,
lord_tk5_trader_gobee,,919,,五兵卫,,,,Gobee,saikai,,,,,,,,,,,,,,,,,,,,,,,,,,,,,,,,,,,,,,,,,,,,,,,,,,,,,,,,,,,,已登场,,掌柜,直臣,博多屋,clan_shimae_1,博多之町,无,已登场,,掌柜,直臣,茶屋,clan_chaya_1,京之町,无,已登场,,掌柜,直臣,博多屋,clan_shimae_1,博多之町,无,,,,,,,,,,,,,,,,,,,,,,,,,,,,,,,,,,,,,,,,,,
lord_tk5_trader_gongoroo,,920,,权五郎,,,,Gongoroo,kinai,,,,,,,,,,,,,,,,,,,,,,,,,,,,,,,,,,,,,,,,,,,,,,,,,,,,已登场,,掌柜,直臣,组屋,clan_kumaya_1,小滨之町,无,,,,,,,,,,,,,,,,,已登场,,掌柜,直臣,坂田屋,clan_sakata_1,甲府之町,无,,,,,,,,,已登场,,掌柜,直臣,角仓屋,clan_sumikura_1,京之町,无,,,,,,,,,,,,,,,,,,,,,,,,,,
lord_tk5_trader_gonnosuke,,921,,权之助,,,,Gonnosuke,sanyo,,,,,,,,,,,,,,,,,,,,,,,,,,,,,,,,,,,,,,,,,,,,,,,,,,,,,,,,,,,,,,,,,,,,已登场,,掌柜,直臣,越后屋,clan_kurada_1,直江津之町,无,,,,,,,,,已登场,,掌柜,直臣,茶屋,clan_chaya_1,京之町,无,已登场,,掌柜,直臣,鸿池屋,clan_konoike_1,姬路之町,无,,,,,,,,,,,,,,,,,,,,,,,,,,
lord_tk5_trader_hansuke,,922,,半助,,,,Hansuke,kinai,,,,,,,,,,,,,,,,,,,,,,,,,,,,,,,,,,,,,,,,,,,,,,,,,,,,,,,,,,,,已登场,,掌柜,直臣,博多屋,clan_shimae_1,博多之町,无,已登场,,掌柜,直臣,伊藤屋,clan_itoo_1,清洲之町,无,,,,,,,,,已登场,,掌柜,直臣,纳屋,clan_imai_1,堺之町,无,,,,,,,,,,,,,,,,,,,,,,,,,,,,,,,,,,
lord_tk5_trader_hanuemon,,923,,半右卫门,,,,Hanuemon,tokai,,,,,,,,,,,,,,,,,,,,,,,,,,,,,,,,,,,,,,,,,,,,,,,,,,,,已登场,,掌柜,直臣,茶屋,clan_chaya_1,京之町,无,,,,,,,,,,,,,,,,,已登场,,掌柜,直臣,小西屋,clan_konishi_1,姬路之町,无,,,,,,,,,已登场,,掌柜,直臣,角屋,clan_sumiya_1,大凑之町,无,,,,,,,,,,,,,,,,,,,,,,,,,,
lord_tk5_trader_hatsuuemon,,924,,初右卫门,,,,Hatsuuemon,kinai,,,,,,,,,,,,,,,,,,,,,,,,,,,,,,,,,,,,,,,,,,,,,,,,,,,,,,,,,,,,,,,,,,,,,,,,,,,,,,,,,,,,已登场,,掌柜,直臣,博多屋,clan_shimae_1,博多之町,无,已登场,,掌柜,直臣,角仓屋,clan_sumikura_1,京之町,无,,,,,,,,,,,,,,,,,,,,,,,,,,
lord_tk5_trader_hayashitaroo,,925,,林太郎,,,,Hayashitaroo,kinai,,,,,,,,,,,,,,,,,,,,,,,,,,,,,,,,,,,,,,,,,,,,,,,,,,,,已登场,,掌柜,直臣,伊藤屋,clan_itoo_1,清洲之町,无,,,,,,,,,,,,,,,,,,,,,,,,,,,,,,,,,已登场,,掌柜,直臣,平野屋,clan_sueyoshi_1,大坂之町,无,,,,,,,,,,,,,,,,,,,,,,,,,,
lord_tk5_trader_hikoma,,926,,彦马,,,,Hikoma,tosan,,,,,,,,,,,,,,,,,,,,,,,,,,,,,,,,,,,,,,,,,,,,,,,,,,,,,,,,,,,,已登场,,掌柜,直臣,梁田屋,clan_yanada_1,会津之町,无,已登场,,掌柜,直臣,坂田屋,clan_sakata_1,甲府之町,无,,,,,,,,,,,,,,,,,,,,,,,,,,,,,,,,,,,,,,,,,,,,,,,,,,
lord_tk5_trader_ichinosuke,,927,,市之允,,,,Ichinosuke,ou,,,,,,,,,,,,,,,,,,,,,,,,,,,,,,,,,,,,,,,,,,,,,,,,,,,,已登场,,掌柜,直臣,博多屋,clan_shimae_1,博多之町,无,已登场,,掌柜,直臣,大西屋,clan_shibuya_1,尾道之町,无,,,,,,,,,,,,,,,,,已登场,,掌柜,直臣,梁田屋,clan_yanada_1,会津之町,无,,,,,,,,,,,,,,,,,,,,,,,,,,,,,,,,,,
lord_tk5_trader_inejiroo,,928,,稻次郎,,,,Inejiroo,kinai,,,,,,,,,,,,,,,,,,,,,,,,,,,,,,,,,,,,,,,,,,,,,,,,,,,,已登场,,掌柜,直臣,虎屋,clan_uno_1,小田原之町,无,,,,,,,,,已登场,,掌柜,直臣,组屋,clan_kumaya_1,小滨之町,无,,,,,,,,,,,,,,,,,已登场,,掌柜,直臣,山形屋,clan_nishikawa_1,安土之町,无,,,,,,,,,,,,,,,,,,,,,,,,,,
lord_tk5_trader_jinuemon,,929,,仁右卫门,,,,Jinuemon,sanyo,,,,,,,,,,,,,,,,,,,,,,,,,,,,,,,,,,,,,,,,,,,,,,,,,,,,已登场,,掌柜,直臣,虎屋,clan_uno_1,小田原之町,无,已登场,,掌柜,直臣,伊藤屋,clan_itoo_1,清洲之町,无,已登场,,掌柜,直臣,天王寺屋,clan_tsuda_3,堺之町,无,,,,,,,,,已登场,,掌柜,直臣,下关屋,clan_kirigakure_1,赤间关之町,无,,,,,,,,,,,,,,,,,,,,,,,,,,,,,,,,,,
lord_tk5_trader_jirookichi,,930,,次郎吉,,,,Jirookichi,sanyo,,,,,,,,,,,,,,,,,,,,,,,,,,,,,,,,,,,,,,,,,,,,,,,,,,,,已登场,,掌柜,直臣,小西屋,clan_konishi_1,姬路之町,无,已登场,,掌柜,直臣,川舟屋,clan_michikawa_1,敦贺之町,无,,,,,,,,,,,,,,,,,已登场,,掌柜,直臣,大西屋,clan_shibuya_1,尾道之町,无,,,,,,,,,,,,,,,,,,,,,,,,,,,,,,,,,,
lord_tk5_trader_junnosuke,,931,,准之介,,,,Junnosuke,kinai,,,,,,,,,,,,,,,,,,,,,,,,,,,,,,,,,,,,,,,,,,,,,,,,,,,,已登场,,掌柜,直臣,坂田屋,clan_sakata_1,甲府之町,无,,,,,,,,,,,,,,,,,,,,,,,,,已登场,,掌柜,直臣,淀屋,clan_yodoya_1,石山之町,无,已登场,,掌柜,直臣,山形屋,clan_nishikawa_1,安土之町,无,,,,,,,,,,,,,,,,,,,,,,,,,,
lord_tk5_trader_juumaru,,932,,十丸,,,,Juumaru,nankai,,,,,,,,,,,,,,,,,,,,,,,,,,,,,,,,,,,,,,,,,,,,,,,,,,,,,,,,,,,,,,,,,,,,已登场,,掌柜,直臣,神屋,clan_kamiya_1,博多之町,无,已登场,,掌柜,直臣,小西屋,clan_konishi_1,姬路之町,无,,,,,,,,,已登场,,掌柜,直臣,播磨屋,clan_harimaya_1,浦户之町,无,,,,,,,,,,,,,,,,,,,,,,,,,,
lord_tk5_trader_kakubee,,933,,角兵卫,,,,Kakubee,kinai,,,,,,,,,,,,,,,,,,,,,,,,,,,,,,,,,,,,,,,,,,,,,,,,,,,,已登场,,掌柜,直臣,博多屋,clan_shimae_1,博多之町,无,已登场,,掌柜,直臣,友野屋,clan_tomono_1,骏府之町,无,已登场,,掌柜,直臣,坂田屋,clan_sakata_1,甲府之町,无,已登场,,掌柜,直臣,天王寺屋,clan_tsuda_3,堺之町,无,,,,,,,,,,,,,,,,,,,,,,,,,,,,,,,,,,,,,,,,,,
lord_tk5_trader_kametaroo,,934,,龟太郎,,,,Kametaroo,kinai,,,,,,,,,,,,,,,,,,,,,,,,,,,,,,,,,,,,,,,,,,,,,,,,,,,,已登场,,掌柜,直臣,越后屋,clan_kurada_1,直江津之町,无,已登场,,掌柜,直臣,茶屋,clan_chaya_1,京之町,无,,,,,,,,,已登场,,掌柜,直臣,山形屋,clan_nishikawa_1,目加田之町,无,,,,,,,,,,,,,,,,,,,,,,,,,,,,,,,,,,,,,,,,,,
lord_tk5_trader_kandayuu,,935,,勘太夫,,,,Kandayuu,tokai,,,,,,,,,,,,,,,,,,,,,,,,,,,,,,,,,,,,,,,,,,,,,,,,,,,,,,,,,,,,已登场,,掌柜,直臣,越后屋,clan_kurada_1,直江津之町,无,已登场,,掌柜,直臣,天王寺屋,clan_tsuda_3,堺之町,无,已登场,,掌柜,直臣,角屋,clan_sumiya_1,大凑之町,无,,,,,,,,,,,,,,,,,,,,,,,,,,,,,,,,,,,,,,,,,,
lord_tk5_trader_kanichiroo,,936,,贯一郎,,,,Kanichiroo,sanyo,,,,,,,,,,,,,,,,,,,,,,,,,,,,,,,,,,,,,,,,,,,,,,,,,,,,已登场,,掌柜,直臣,越后屋,clan_kurada_1,直江津之町,无,,,,,,,,,已登场,,掌柜,直臣,角屋,clan_sumiya_1,大凑之町,无,,,,,,,,,已登场,,掌柜,直臣,大西屋,clan_shibuya_1,尾道之町,无,已登场,,掌柜,直臣,鸿池屋,clan_konoike_1,姬路之町,无,,,,,,,,,,,,,,,,,,,,,,,,,,
lord_tk5_trader_kankichi,,937,,勘吉,,,,Kankichi,tokai,,,,,,,,,,,,,,,,,,,,,,,,,,,,,,,,,,,,,,,,,,,,,,,,,,,,已登场,,掌柜,直臣,角屋,clan_sumiya_1,大凑之町,无,已登场,,掌柜,直臣,坂田屋,clan_sakata_1,甲府之町,无,,,,,,,,,已登场,,掌柜,直臣,角屋,clan_sumiya_1,大凑之町,无,,,,,,,,,,,,,,,,,,,,,,,,,,,,,,,,,,,,,,,,,,
lord_tk5_trader_kanpachi,,938,,勘八,,,,Kanpachi,ou,,,,,,,,,,,,,,,,,,,,,,,,,,,,,,,,,,,,,,,,,,,,,,,,,,,,已登场,,掌柜,直臣,组屋,clan_kumaya_1,小滨之町,无,,,,,,,,,已登场,,掌柜,直臣,纳屋,clan_imai_1,堺之町,无,,,,,,,,,,,,,,,,,已登场,,掌柜,直臣,镫屋,clan_ikeda_2,酒田之町,无,,,,,,,,,,,,,,,,,,,,,,,,,,
lord_tk5_trader_kansaburoo,,939,,宽三郎,,,,Kansaburoo,kinai,,,,,,,,,,,,,,,,,,,,,,,,,,,,,,,,,,,,,,,,,,,,,,,,,,,,,,,,,,,,已登场,,掌柜,直臣,小西屋,clan_konishi_1,姬路之町,无,已登场,,掌柜,直臣,博多屋,clan_shimae_1,博多之町,无,,,,,,,,,已登场,,掌柜,直臣,平野屋,clan_sueyoshi_1,石山之町,无,,,,,,,,,,,,,,,,,,,,,,,,,,,,,,,,,,
lord_tk5_trader_kanuemon,,940,,勘右卫门,,,,Kanuemon,hokuriku,,,,,,,,,,,,,,,,,,,,,,,,,,,,,,,,,,,,,,,,,,,,,,,,,,,,,,,,,,,,已登场,,掌柜,直臣,虎屋,clan_uno_1,小田原之町,无,,,,,,,,,已登场,,掌柜,直臣,角仓屋,clan_sumikura_1,京之町,无,已登场,,掌柜,直臣,川舟屋,clan_michikawa_1,敦贺之町,无,,,,,,,,,,,,,,,,,,,,,,,,,,,,,,,,,,
lord_tk5_trader_katsuzoo,,941,,胜藏,,,,Katsuzoo,saikai,,,,,,,,,,,,,,,,,,,,,,,,,,,,,,,,,,,,,,,,,,,,,,,,,,,,,,,,,,,,已登场,,掌柜,直臣,小西屋,clan_konishi_1,姬路之町,无,,,,,,,,,,,,,,,,,已登场,,掌柜,直臣,神屋,clan_kamiya_1,博多之町,无,,,,,,,,,,,,,,,,,,,,,,,,,,,,,,,,,,
lord_tk5_trader_kazusuke,,942,,和助,,,,Kazusuke,hokuriku,,,,,,,,,,,,,,,,,,,,,,,,,,,,,,,,,,,,,,,,,,,,,,,,,,,,已登场,,掌柜,直臣,茶屋,clan_chaya_1,京之町,无,,,,,,,,,,,,,,,,,已登场,,掌柜,直臣,虎屋,clan_uno_1,小田原之町,无,,,,,,,,,已登场,,掌柜,直臣,川舟屋,clan_michikawa_1,敦贺之町,无,,,,,,,,,,,,,,,,,,,,,,,,,,
lord_tk5_trader_kichibee,,943,,吉兵卫,,,,Kichibee,kinai,,,,,,,,,,,,,,,,,,,,,,,,,,,,,,,,,,,,,,,,,,,,,,,,,,,,,,,,,,,,已登场,,掌柜,直臣,友野屋,clan_tomono_1,骏府之町,无,,,,,,,,,已登场,,掌柜,直臣,天王寺屋,clan_tsuda_3,堺之町,无,已登场,,掌柜,直臣,天王寺屋,clan_tsuda_3,堺之町,无,,,,,,,,,,,,,,,,,,,,,,,,,,,,,,,,,,
lord_tk5_trader_kikuta,,944,,闻太,,,,Kikuta,sanyo,,,,,,,,,,,,,,,,,,,,,,,,,,,,,,,,,,,,,,,,,,,,,,,,,,,,,,,,,,,,,,,,,,,,已登场,,掌柜,直臣,虎屋,clan_uno_1,小田原之町,无,,,,,,,,,已登场,,掌柜,直臣,川舟屋,clan_michikawa_1,敦贺之町,无,已登场,,掌柜,直臣,下关屋,clan_kirigakure_1,赤间关之町,无,,,,,,,,,,,,,,,,,,,,,,,,,,
lord_tk5_trader_kingoroo,,945,,金五郎,,,,Kingoroo,kinai,,,,,,,,,,,,,,,,,,,,,,,,,,,,,,,,,,,,,,,,,,,,,,,,,,,,,,,,,,,,已登场,,掌柜,直臣,茶屋,clan_chaya_1,京之町,无,,,,,,,,,,,,,,,,,已登场,,掌柜,直臣,淀屋,clan_yodoya_1,石山之町,无,,,,,,,,,,,,,,,,,,,,,,,,,,,,,,,,,,
lord_tk5_trader_kinnosuke,,946,,金之助,,,,Kinnosuke,nankai,,,,,,,,,,,,,,,,,,,,,,,,,,,,,,,,,,,,,,,,,,,,,,,,,,,,,,,,,,,,已登场,,掌柜,直臣,天王寺屋,clan_tsuda_2,堺之町,无,,,,,,,,,已登场,,掌柜,直臣,坂田屋,clan_sakata_1,甲府之町,无,已登场,,掌柜,直臣,播磨屋,clan_harimaya_1,浦户之町,无,,,,,,,,,,,,,,,,,,,,,,,,,,,,,,,,,,
lord_tk5_trader_kinshiroo,,947,,金四郎,,,,Kinshiroo,hokuriku,,,,,,,,,,,,,,,,,,,,,,,,,,,,,,,,,,,,,,,,,,,,,,,,,,,,,,,,,,,,,,,,,,,,已登场,,掌柜,直臣,纳屋,clan_imai_1,堺之町,无,已登场,,掌柜,直臣,梁田屋,clan_yanada_1,会津之町,无,,,,,,,,,已登场,,掌柜,直臣,川舟屋,clan_michikawa_1,敦贺之町,无,,,,,,,,,,,,,,,,,,,,,,,,,,
lord_tk5_trader_kisuke,,948,,喜助,,,,Kisuke,kinai,,,,,,,,,,,,,,,,,,,,,,,,,,,,,,,,,,,,,,,,,,,,,,,,,,,,已登场,,掌柜,直臣,茶屋,clan_chaya_1,京之町,无,已登场,,掌柜,直臣,小西屋,clan_konishi_1,姬路之町,无,,,,,,,,,已登场,,掌柜,直臣,纳屋,clan_imai_1,堺之町,无,,,,,,,,,,,,,,,,,,,,,,,,,,,,,,,,,,,,,,,,,,
lord_tk5_trader_kiyobee,,949,,清兵卫,,,,Kiyobee,saikai,,,,,,,,,,,,,,,,,,,,,,,,,,,,,,,,,,,,,,,,,,,,,,,,,,,,,,,,,,,,已登场,,掌柜,直臣,大西屋,clan_shibuya_1,尾道之町,无,,,,,,,,,,,,,,,,,已登场,,掌柜,直臣,神屋,clan_kamiya_1,博多之町,无,,,,,,,,,,,,,,,,,,,,,,,,,,,,,,,,,,
lord_tk5_trader_kiyokuroo,,950,,清九郎,,,,Kiyokuroo,sanyo,,,,,,,,,,,,,,,,,,,,,,,,,,,,,,,,,,,,,,,,,,,,,,,,,,,,,,,,,,,,已登场,,掌柜,直臣,天王寺屋,clan_tsuda_2,堺之町,无,已登场,,掌柜,直臣,小西屋,clan_konishi_1,姬路之町,无,已登场,,掌柜,直臣,下关屋,clan_kirigakure_1,赤间关之町,无,,,,,,,,,,,,,,,,,,,,,,,,,,,,,,,,,,,,,,,,,,
lord_tk5_trader_koganeji,,951,,小金次,,,,Koganeji,saikai,,,,,,,,,,,,,,,,,,,,,,,,,,,,,,,,,,,,,,,,,,,,,,,,,,,,,,,,,,,,,,,,,,,,已登场,,掌柜,直臣,虎屋,clan_uno_1,小田原之町,无,已登场,,掌柜,直臣,川舟屋,clan_michikawa_1,敦贺之町,无,,,,,,,,,已登场,,掌柜,直臣,神屋,clan_kamiya_1,博多之町,无,,,,,,,,,,,,,,,,,,,,,,,,,,
lord_tk5_trader_koheiji,,952,,小平次,,,,Koheiji,ou,,,,,,,,,,,,,,,,,,,,,,,,,,,,,,,,,,,,,,,,,,,,,,,,,,,,已登场,,掌柜,直臣,大西屋,clan_shibuya_1,尾道之町,无,已登场,,掌柜,直臣,小西屋,clan_konishi_1,姬路之町,无,,,,,,,,,,,,,,,,,已登场,,掌柜,直臣,梁田屋,clan_yanada_1,会津之町,无,,,,,,,,,,,,,,,,,,,,,,,,,,,,,,,,,,
lord_tk5_trader_komashiroo,,953,,驹四郎,,,,Komashiroo,kinai,,,,,,,,,,,,,,,,,,,,,,,,,,,,,,,,,,,,,,,,,,,,,,,,,,,,已登场,,掌柜,直臣,友野屋,clan_tomono_1,骏府之町,无,,,,,,,,,,,,,,,,,已登场,,掌柜,直臣,茶屋,clan_chaya_1,京之町,无,已登场,,掌柜,直臣,山形屋,clan_nishikawa_1,安土之町,无,已登场,,掌柜,直臣,茶屋,clan_chaya_1,京之町,无,,,,,,,,,,,,,,,,,,,,,,,,,,
lord_tk5_trader_koosaku,,954,,幸作,,,,Koosaku,kinai,,,,,,,,,,,,,,,,,,,,,,,,,,,,,,,,,,,,,,,,,,,,,,,,,,,,已登场,,掌柜,直臣,梁田屋,clan_yanada_1,会津之町,无,,,,,,,,,已登场,,掌柜,直臣,梁田屋,clan_yanada_1,会津之町,无,已登场,,掌柜,直臣,梁田屋,clan_yanada_1,会津之町,无,,,,,,,,,已登场,,掌柜,直臣,组屋,clan_kumaya_1,小滨之町,无,,,,,,,,,,,,,,,,,,,,,,,,,,
lord_tk5_trader_koyata,,955,,小弥太,,,,Koyata,nankai,,,,,,,,,,,,,,,,,,,,,,,,,,,,,,,,,,,,,,,,,,,,,,,,,,,,已登场,,掌柜,直臣,越后屋,clan_kurada_1,直江津之町,无,,,,,,,,,已登场,,掌柜,直臣,下关屋,clan_hori_1,赤间关之町,无,,,,,,,,,,,,,,,,,已登场,,掌柜,直臣,播磨屋,clan_harimaya_1,浦户之町,无,,,,,,,,,,,,,,,,,,,,,,,,,,
lord_tk5_trader_kubee,,956,,九兵卫,,,,Kubee,kinai,,,,,,,,,,,,,,,,,,,,,,,,,,,,,,,,,,,,,,,,,,,,,,,,,,,,已登场,,掌柜,直臣,纳屋,clan_imai_1,堺之町,无,已登场,,掌柜,直臣,镫屋,clan_ikeda_2,酒田之町,无,,,,,,,,,已登场,,掌柜,直臣,组屋,clan_kumaya_1,小滨之町,无,,,,,,,,,,,,,,,,,,,,,,,,,,,,,,,,,,,,,,,,,,
lord_tk5_trader_kumakichi,,957,,熊吉,,,,Kumakichi,sanyo,,,,,,,,,,,,,,,,,,,,,,,,,,,,,,,,,,,,,,,,,,,,,,,,,,,,,,,,,,,,已登场,,掌柜,直臣,纳屋,clan_imai_1,堺之町,无,已登场,,掌柜,直臣,坂田屋,clan_sakata_1,甲府之町,无,已登场,,掌柜,直臣,小西屋,clan_konishi_1,姬路之町,无,,,,,,,,,,,,,,,,,,,,,,,,,,,,,,,,,,,,,,,,,,
lord_tk5_trader_kuninosuke,,958,,国之辅,,,,Kuninosuke,saikai,,,,,,,,,,,,,,,,,,,,,,,,,,,,,,,,,,,,,,,,,,,,,,,,,,,,已登场,,掌柜,直臣,大西屋,clan_shibuya_1,尾道之町,无,,,,,,,,,已登场,,掌柜,直臣,大西屋,clan_shibuya_1,尾道之町,无,,,,,,,,,,,,,,,,,已登场,,掌柜,直臣,神屋,clan_kamiya_1,博多之町,无,,,,,,,,,,,,,,,,,,,,,,,,,,
lord_tk5_trader_kurosuke,,959,,黑助,,,,Kurosuke,kinai,,,,,,,,,,,,,,,,,,,,,,,,,,,,,,,,,,,,,,,,,,,,,,,,,,,,,,,,,,,,,,,,,,,,,,,,,,,,已登场,,掌柜,直臣,纳屋,clan_imai_1,堺之町,无,,,,,,,,,已登场,,掌柜,直臣,组屋,clan_kumaya_1,小滨之町,无,,,,,,,,,,,,,,,,,,,,,,,,,,
lord_tk5_trader_kyuusaburoo,,960,,鸠三郎,,,,Kyuusaburoo,ou,,,,,,,,,,,,,,,,,,,,,,,,,,,,,,,,,,,,,,,,,,,,,,,,,,,,,,,,,,,,已登场,,掌柜,直臣,伊藤屋,clan_itoo_1,清洲之町,无,已登场,,掌柜,直臣,纳屋,clan_imai_1,堺之町,无,,,,,,,,,已登场,,掌柜,直臣,梁田屋,clan_yanada_1,会津之町,无,,,,,,,,,,,,,,,,,,,,,,,,,,,,,,,,,,
lord_tk5_trader_magoshiroo,,961,,孙四郎,,,,Magoshiroo,kinai,,,,,,,,,,,,,,,,,,,,,,,,,,,,,,,,,,,,,,,,,,,,,,,,,,,,,,,,,,,,已登场,,掌柜,直臣,下关屋,clan_hori_1,赤间关之町,无,已登场,,掌柜,直臣,伊藤屋,clan_itoo_1,清洲之町,无,,,,,,,,,已登场,,掌柜,直臣,平野屋,clan_sueyoshi_1,石山之町,无,,,,,,,,,,,,,,,,,,,,,,,,,,,,,,,,,,
lord_tk5_trader_magouemon,,962,,孙右卫门,,,,Magouemon,kinai,,,,,,,,,,,,,,,,,,,,,,,,,,,,,,,,,,,,,,,,,,,,,,,,,,,,,,,,,,,,,,,,,,,,,,,,,,,,,,,,,,,,已登场,,掌柜,直臣,播磨屋,clan_harimaya_1,浦户之町,无,已登场,,掌柜,直臣,山形屋,clan_nishikawa_1,安土之町,无,,,,,,,,,,,,,,,,,,,,,,,,,,
lord_tk5_trader_manjiroo,,963,,万次郎,,,,Manjiroo,tokai,,,,,,,,,,,,,,,,,,,,,,,,,,,,,,,,,,,,,,,,,,,,,,,,,,,,,,,,,,,,,,,,,,,,已登场,,掌柜,直臣,博多屋,clan_shimae_1,博多之町,无,已登场,,掌柜,直臣,镫屋,clan_ikeda_2,酒田之町,无,,,,,,,,,已登场,,掌柜,直臣,角屋,clan_sumiya_1,大凑之町,无,,,,,,,,,,,,,,,,,,,,,,,,,,
lord_tk5_trader_matanojo,,964,,又之丞,,,,Matanojo,hokuriku,,,,,,,,,,,,,,,,,,,,,,,,,,,,,,,,,,,,,,,,,,,,,,,,,,,,已登场,,掌柜,直臣,组屋,clan_kumaya_1,小滨之町,无,,,,,,,,,,,,,,,,,,,,,,,,,已登场,,掌柜,直臣,组屋,clan_kumaya_1,小滨之町,无,已登场,,掌柜,直臣,川舟屋,clan_michikawa_1,敦贺之町,无,,,,,,,,,,,,,,,,,,,,,,,,,,
lord_tk5_trader_matashiroo,,965,,又四郎,,,,Matashiroo,kanto,,,,,,,,,,,,,,,,,,,,,,,,,,,,,,,,,,,,,,,,,,,,,,,,,,,,已登场,,掌柜,直臣,茶屋,clan_chaya_1,京之町,无,已登场,,掌柜,直臣,伊藤屋,clan_itoo_1,清洲之町,无,,,,,,,,,已登场,,掌柜,直臣,虎屋,clan_uno_1,小田原之町,无,,,,,,,,,,,,,,,,,,,,,,,,,,,,,,,,,,,,,,,,,,
lord_tk5_trader_matsushichiroo,,966,,松七郎,,,,Matsushichiroo,nankai,,,,,,,,,,,,,,,,,,,,,,,,,,,,,,,,,,,,,,,,,,,,,,,,,,,,,,,,,,,,,,,,,,,,已登场,,掌柜,直臣,虎屋,clan_uno_1,小田原之町,无,,,,,,,,,已登场,,掌柜,直臣,镫屋,clan_ikeda_2,酒田之町,无,已登场,,掌柜,直臣,播磨屋,clan_harimaya_1,浦户之町,无,,,,,,,,,,,,,,,,,,,,,,,,,,
lord_tk5_trader_minekichi,,967,,峰吉,,,,Minekichi,hokuriku,,,,,,,,,,,,,,,,,,,,,,,,,,,,,,,,,,,,,,,,,,,,,,,,,,,,已登场,,掌柜,直臣,大西屋,clan_shibuya_1,尾道之町,无,已登场,,掌柜,直臣,梁田屋,clan_yanada_1,会津之町,无,已登场,,掌柜,直臣,川舟屋,clan_michikawa_1,敦贺之町,无,,,,,,,,,,,,,,,,,,,,,,,,,,,,,,,,,,,,,,,,,,,,,,,,,,
lord_tk5_trader_minezoo,,968,,峰藏,,,,Minezoo,nankai,,,,,,,,,,,,,,,,,,,,,,,,,,,,,,,,,,,,,,,,,,,,,,,,,,,,,,,,,,,,,,,,,,,,,,,,,,,,已登场,,掌柜,直臣,伊藤屋,clan_itoo_1,清洲之町,无,已登场,,掌柜,直臣,纳屋,clan_imai_1,堺之町,无,已登场,,掌柜,直臣,播磨屋,clan_harimaya_1,浦户之町,无,,,,,,,,,,,,,,,,,,,,,,,,,,
lord_tk5_trader_osamubee,,969,,理兵卫,,,,Osamubee,kinai,,,,,,,,,,,,,,,,,,,,,,,,,,,,,,,,,,,,,,,,,,,,,,,,,,,,,,,,,,,,,,,,,,,,已登场,,掌柜,直臣,越后屋,clan_kurada_1,直江津之町,无,已登场,,掌柜,直臣,坂田屋,clan_sakata_1,甲府之町,无,,,,,,,,,已登场,,掌柜,直臣,茶屋,clan_chaya_1,京之町,无,,,,,,,,,,,,,,,,,,,,,,,,,,
lord_tk5_trader_rihachi,,970,,利八,,,,Rihachi,sanyo,,,,,,,,,,,,,,,,,,,,,,,,,,,,,,,,,,,,,,,,,,,,,,,,,,,,,,,,,,,,已登场,,掌柜,直臣,纳屋,clan_imai_1,堺之町,无,已登场,,掌柜,直臣,组屋,clan_kumaya_1,小滨之町,无,,,,,,,,,已登场,,掌柜,直臣,下关屋,clan_kirigakure_1,赤间关之町,无,,,,,,,,,,,,,,,,,,,,,,,,,,,,,,,,,,
lord_tk5_trader_rokuroobee,,971,,六郎兵卫,,,,Rokuroobee,kinai,,,,,,,,,,,,,,,,,,,,,,,,,,,,,,,,,,,,,,,,,,,,,,,,,,,,,,,,,,,,,,,,,,,,已登场,,掌柜,直臣,茶屋,clan_chaya_1,京之町,无,已登场,,掌柜,直臣,神屋,clan_kamiya_1,博多之町,无,已登场,,掌柜,直臣,组屋,clan_kumaya_1,小滨之町,无,已登场,,掌柜,直臣,纳屋,clan_imai_1,堺之町,无,,,,,,,,,,,,,,,,,,,,,,,,,,
lord_tk5_trader_rokuzaemon,,972,,六左卫门,,,,Rokuzaemon,kanto,,,,,,,,,,,,,,,,,,,,,,,,,,,,,,,,,,,,,,,,,,,,,,,,,,,,,,,,,,,,已登场,,掌柜,直臣,角屋,clan_sumiya_1,大凑之町,无,已登场,,掌柜,直臣,小西屋,clan_konishi_1,姬路之町,无,已登场,,掌柜,直臣,虎屋,clan_uno_1,小田原之町,无,,,,,,,,,,,,,,,,,,,,,,,,,,,,,,,,,,,,,,,,,,
lord_tk5_trader_saburoobee,,973,,三郎兵卫,,,,Saburoobee,hokuriku,,,,,,,,,,,,,,,,,,,,,,,,,,,,,,,,,,,,,,,,,,,,,,,,,,,,已登场,,掌柜,直臣,友野屋,clan_tomono_1,骏府之町,无,,,,,,,,,,,,,,,,,已登场,,掌柜,直臣,下关屋,clan_kirigakure_1,赤间关之町,无,,,,,,,,,已登场,,掌柜,直臣,川舟屋,clan_michikawa_1,敦贺之町,无,,,,,,,,,,,,,,,,,,,,,,,,,,
lord_tk5_trader_sachikichi,,974,,幸吉,,,,Sachikichi,sanyo,,,,,,,,,,,,,,,,,,,,,,,,,,,,,,,,,,,,,,,,,,,,,,,,,,,,已登场,,掌柜,直臣,纳屋,clan_imai_1,堺之町,无,,,,,,,,,,,,,,,,,,,,,,,,,已登场,,掌柜,直臣,神屋,clan_kamiya_1,博多之町,无,已登场,,掌柜,直臣,鸿池屋,clan_konoike_1,姬路之町,无,,,,,,,,,,,,,,,,,,,,,,,,,,
lord_tk5_trader_sadakichi,,1116,,贞吉,,,,Sadakichi,kinai,,,,,,,,,,,,,,,,,,,,,,,,,,,,,,,,,,,,,,,,,,,,,,,,,,,,,,,,,,,,已登场,,掌柜,直臣,坂田屋,clan_sakata_1,甲府之町,无,已登场,,掌柜,直臣,越后屋,clan_kurada_1,直江津之町,无,,,,,,,,,已登场,,掌柜,直臣,角仓屋,clan_sumikura_1,京之町,无,,,,,,,,,,,,,,,,,,,,,,,,,,,,,,,,,,
lord_tk5_trader_saikuroo,,1135,,才九郎,,,,Saikuroo,kinai,,,,,,,,,,,,,,,,,,,,,,,,,,,,,,,,,,,,,,,,,,,,,,,,,,,,已登场,,掌柜,直臣,虎屋,clan_uno_1,小田原之町,无,,,,,,,,,已登场,,掌柜,直臣,大西屋,clan_shibuya_1,尾道之町,无,已登场,,掌柜,直臣,茶屋,clan_chaya_1,京之町,无,,,,,,,,,已登场,,掌柜,直臣,组屋,clan_kumaya_1,小滨之町,无,,,,,,,,,,,,,,,,,,,,,,,,,,
lord_tk5_trader_saishichi,,913,,才七,,,,Saishichi,kinai,,,,,,,,,,,,,,,,,,,,,,,,,,,,,,,,,,,,,,,,,,,,,,,,,,,,,,,,,,,,,,,,,,,,,,,,,,,,已登场,,掌柜,直臣,伊藤屋,clan_itoo_1,清洲之町,无,已登场,,掌柜,直臣,博多屋,clan_shimae_1,博多之町,无,已登场,,掌柜,直臣,淀屋,clan_yodoya_1,大坂之町,无,,,,,,,,,,,,,,,,,,,,,,,,,,
lord_tk5_trader_sakubee,,915,,作兵卫,,,,Sakubee,saikai,,,,,,,,,,,,,,,,,,,,,,,,,,,,,,,,,,,,,,,,,,,,,,,,,,,,已登场,,掌柜,直臣,下关屋,clan_hori_1,赤间关之町,无,已登场,,掌柜,直臣,组屋,clan_kumaya_1,小滨之町,无,,,,,,,,,已登场,,掌柜,直臣,博多屋,clan_shimae_1,博多之町,无,,,,,,,,,,,,,,,,,,,,,,,,,,,,,,,,,,,,,,,,,,
lord_tk5_trader_sakutaroo,,916,,作太郎,,,,Sakutaroo,kinai,,,,,,,,,,,,,,,,,,,,,,,,,,,,,,,,,,,,,,,,,,,,,,,,,,,,,,,,,,,,,,,,,,,,已登场,,掌柜,直臣,友野屋,clan_tomono_1,骏府之町,无,,,,,,,,,,,,,,,,,已登场,,掌柜,直臣,淀屋,clan_yodoya_1,大坂之町,无,,,,,,,,,,,,,,,,,,,,,,,,,,
lord_tk5_trader_sanhei,,917,,三平,,,,Sanhei,kinai,,,,,,,,,,,,,,,,,,,,,,,,,,,,,,,,,,,,,,,,,,,,,,,,,,,,,,,,,,,,,,,,,,,,,,,,,,,,,,,,,,,,,,,,,,,,已登场,,掌柜,直臣,纳屋,clan_imai_1,堺之町,无,,,,,,,,,,,,,,,,,,,,,,,,,,
lord_tk5_trader_sebee,,918,,濑兵卫,,,,Sebee,sanyo,,,,,,,,,,,,,,,,,,,,,,,,,,,,,,,,,,,,,,,,,,,,,,,,,,,,已登场,,掌柜,直臣,梁田屋,clan_yanada_1,会津之町,无,已登场,,掌柜,直臣,虎屋,clan_uno_1,小田原之町,无,,,,,,,,,已登场,,掌柜,直臣,大西屋,clan_shibuya_1,尾道之町,无,,,,,,,,,,,,,,,,,,,,,,,,,,,,,,,,,,,,,,,,,,
lord_tk5_trader_senji,,919,,专次,,,,Senji,ou,,,,,,,,,,,,,,,,,,,,,,,,,,,,,,,,,,,,,,,,,,,,,,,,,,,,,,,,,,,,已登场,,掌柜,直臣,角屋,clan_sumiya_1,大凑之町,无,,,,,,,,,,,,,,,,,已登场,,掌柜,直臣,镫屋,clan_ikeda_2,酒田之町,无,,,,,,,,,,,,,,,,,,,,,,,,,,,,,,,,,,
lord_tk5_trader_senzoo,,920,,仙造,,,,Senzoo,tokai,,,,,,,,,,,,,,,,,,,,,,,,,,,,,,,,,,,,,,,,,,,,,,,,,,,,,,,,,,,,已登场,,掌柜,直臣,博多屋,clan_shimae_1,博多之町,无,,,,,,,,,已登场,,掌柜,直臣,角屋,clan_sumiya_1,大凑之町,无,,,,,,,,,,,,,,,,,,,,,,,,,,,,,,,,,,,,,,,,,,
lord_tk5_trader_shichiroobee,,921,,七郎兵卫,,,,Shichiroobee,sanyo,,,,,,,,,,,,,,,,,,,,,,,,,,,,,,,,,,,,,,,,,,,,,,,,,,,,已登场,,掌柜,直臣,伊藤屋,clan_itoo_1,清洲之町,无,已登场,,掌柜,直臣,大西屋,clan_shibuya_1,尾道之町,无,,,,,,,,,,,,,,,,,,,,,,,,,,,,,,,,,,,,,,,,,,,,,,,,,,,,,,,,,,
lord_tk5_trader_shigebee,,922,,茂兵卫,,,,Shigebee,tokai,,,,,,,,,,,,,,,,,,,,,,,,,,,,,,,,,,,,,,,,,,,,,,,,,,,,已登场,,掌柜,直臣,友野屋,clan_tomono_1,骏府之町,无,已登场,,掌柜,直臣,伊藤屋,clan_itoo_1,清洲之町,无,,,,,,,,,,,,,,,,,已登场,,掌柜,直臣,角屋,clan_sumiya_1,大凑之町,无,,,,,,,,,,,,,,,,,,,,,,,,,,,,,,,,,,
lord_tk5_trader_shigesaburoo,,923,,茂三郎,,,,Shigesaburoo,kinai,,,,,,,,,,,,,,,,,,,,,,,,,,,,,,,,,,,,,,,,,,,,,,,,,,,,已登场,,掌柜,直臣,梁田屋,clan_yanada_1,会津之町,无,,,,,,,,,,,,,,,,,,,,,,,,,已登场,,掌柜,直臣,组屋,clan_kumaya_1,小滨之町,无,已登场,,掌柜,直臣,角仓屋,clan_sumikura_1,京之町,无,,,,,,,,,,,,,,,,,,,,,,,,,,
lord_tk5_trader_shinbee,,924,,新兵卫,,,,Shinbee,tokai,,,,,,,,,,,,,,,,,,,,,,,,,,,,,,,,,,,,,,,,,,,,,,,,,,,,,,,,,,,,已登场,,掌柜,直臣,角屋,clan_sumiya_1,大凑之町,无,,,,,,,,,已登场,,掌柜,直臣,神屋,clan_kamiya_1,博多之町,无,已登场,,掌柜,直臣,伊藤屋,clan_itoo_1,清洲之町,无,,,,,,,,,,,,,,,,,,,,,,,,,,,,,,,,,,
lord_tk5_trader_shinjuuroo,,925,,新十郎,,,,Shinjuuroo,ou,,,,,,,,,,,,,,,,,,,,,,,,,,,,,,,,,,,,,,,,,,,,,,,,,,,,,,,,,,,,,,,,,,,,已登场,,掌柜,直臣,大西屋,clan_shibuya_1,尾道之町,无,已登场,,掌柜,直臣,下关屋,clan_kirigakure_1,赤间关之町,无,,,,,,,,,已登场,,掌柜,直臣,梁田屋,clan_yanada_1,会津之町,无,,,,,,,,,,,,,,,,,,,,,,,,,,
lord_tk5_trader_shinnosuke,,926,,新之助,,,,Shinnosuke,ou,,,,,,,,,,,,,,,,,,,,,,,,,,,,,,,,,,,,,,,,,,,,,,,,,,,,,,,,,,,,,,,,,,,,,,,,,,,,已登场,,掌柜,直臣,博多屋,clan_shimae_1,博多之町,无,,,,,,,,,已登场,,掌柜,直臣,梁田屋,clan_yanada_1,会津之町,无,,,,,,,,,,,,,,,,,,,,,,,,,,
lord_tk5_trader_shinsuke,,927,,新助,,,,Shinsuke,kinai,,,,,,,,,,,,,,,,,,,,,,,,,,,,,,,,,,,,,,,,,,,,,,,,,,,,,,,,,,,,已登场,,掌柜,直臣,下关屋,clan_hori_1,赤间关之町,无,已登场,,掌柜,直臣,茶屋,clan_chaya_1,京之町,无,,,,,,,,,已登场,,掌柜,直臣,角仓屋,clan_sumikura_1,京之町,无,,,,,,,,,,,,,,,,,,,,,,,,,,,,,,,,,,
lord_tk5_trader_shinuemon,,928,,新右卫门,,,,Shinuemon,ou,,,,,,,,,,,,,,,,,,,,,,,,,,,,,,,,,,,,,,,,,,,,,,,,,,,,已登场,,掌柜,直臣,伊藤屋,clan_itoo_1,清洲之町,无,已登场,,掌柜,直臣,纳屋,clan_imai_1,堺之町,无,已登场,,掌柜,直臣,梁田屋,clan_yanada_1,会津之町,无,,,,,,,,,,,,,,,,,,,,,,,,,,,,,,,,,,,,,,,,,,,,,,,,,,
lord_tk5_trader_shinzaemon,,929,,新左卫门,,,,Shinzaemon,kinai,,,,,,,,,,,,,,,,,,,,,,,,,,,,,,,,,,,,,,,,,,,,,,,,,,,,,,,,,,,,,,,,,,,,,,,,,,,,已登场,,掌柜,直臣,梁田屋,clan_yanada_1,会津之町,无,,,,,,,,,已登场,,掌柜,直臣,纳屋,clan_imai_1,堺之町,无,,,,,,,,,,,,,,,,,,,,,,,,,,
lord_tk5_trader_shuuhei,,930,,周平,,,,Shuuhei,nankai,,,,,,,,,,,,,,,,,,,,,,,,,,,,,,,,,,,,,,,,,,,,,,,,,,,,,,,,,,,,已登场,,掌柜,直臣,天王寺屋,clan_tsuda_2,堺之町,无,已登场,,掌柜,直臣,梁田屋,clan_yanada_1,会津之町,无,,,,,,,,,已登场,,掌柜,直臣,播磨屋,clan_harimaya_1,浦户之町,无,,,,,,,,,,,,,,,,,,,,,,,,,,,,,,,,,,
lord_tk5_trader_sooji,,931,,惣次,,,,Sooji,hokuriku,,,,,,,,,,,,,,,,,,,,,,,,,,,,,,,,,,,,,,,,,,,,,,,,,,,,已登场,,掌柜,直臣,组屋,clan_kumaya_1,小滨之町,无,已登场,,掌柜,直臣,坂田屋,clan_sakata_1,甲府之町,无,已登场,,掌柜,直臣,川舟屋,clan_michikawa_1,敦贺之町,无,,,,,,,,,,,,,,,,,,,,,,,,,,,,,,,,,,,,,,,,,,,,,,,,,,
lord_tk5_trader_sukegoroo,,932,,助五郎,,,,Sukegoroo,tokai,,,,,,,,,,,,,,,,,,,,,,,,,,,,,,,,,,,,,,,,,,,,,,,,,,,,已登场,,掌柜,直臣,小西屋,clan_konishi_1,姬路之町,无,,,,,,,,,,,,,,,,,已登场,,掌柜,直臣,镫屋,clan_ikeda_2,酒田之町,无,,,,,,,,,已登场,,掌柜,直臣,角屋,clan_sumiya_1,大凑之町,无,,,,,,,,,,,,,,,,,,,,,,,,,,
lord_tk5_trader_sukejiroo,,933,,助二郎,,,,Sukejiroo,tokai,,,,,,,,,,,,,,,,,,,,,,,,,,,,,,,,,,,,,,,,,,,,,,,,,,,,已登场,,掌柜,直臣,博多屋,clan_shimae_1,博多之町,无,已登场,,掌柜,直臣,大西屋,clan_shibuya_1,尾道之町,无,,,,,,,,,,,,,,,,,已登场,,掌柜,直臣,伊藤屋,clan_itoo_1,清洲之町,无,,,,,,,,,,,,,,,,,,,,,,,,,,,,,,,,,,
lord_tk5_trader_sukeroku,,934,,助六,,,,Sukeroku,kinai,,,,,,,,,,,,,,,,,,,,,,,,,,,,,,,,,,,,,,,,,,,,,,,,,,,,已登场,,掌柜,直臣,纳屋,clan_imai_1,堺之町,无,,,,,,,,,,,,,,,,,,,,,,,,,已登场,,掌柜,直臣,纳屋,clan_imai_1,堺之町,无,已登场,,掌柜,直臣,平野屋,clan_sueyoshi_1,大坂之町,无,,,,,,,,,,,,,,,,,,,,,,,,,,
lord_tk5_trader_sukesaburoo,,935,,助三郎,,,,Sukesaburoo,kinai,,,,,,,,,,,,,,,,,,,,,,,,,,,,,,,,,,,,,,,,,,,,,,,,,,,,已登场,,掌柜,直臣,小西屋,clan_konishi_1,姬路之町,无,已登场,,掌柜,直臣,镫屋,clan_ikeda_2,酒田之町,无,,,,,,,,,已登场,,掌柜,直臣,角仓屋,clan_sumikura_1,京之町,无,,,,,,,,,,,,,,,,,,,,,,,,,,,,,,,,,,,,,,,,,,
lord_tk5_trader_tairabee,,936,,平兵卫,,,,Tairabee,kinai,,,,,,,,,,,,,,,,,,,,,,,,,,,,,,,,,,,,,,,,,,,,,,,,,,,,,,,,,,,,,,,,,,,,已登场,,掌柜,直臣,小西屋,clan_konishi_1,姬路之町,无,,,,,,,,,已登场,,掌柜,直臣,茶屋,clan_chaya_1,京之町,无,已登场,,掌柜,直臣,平野屋,clan_sueyoshi_1,大坂之町,无,,,,,,,,,,,,,,,,,,,,,,,,,,
lord_tk5_trader_tairahachiroo,,937,,平八郎,,,,Tairahachiroo,ou,,,,,,,,,,,,,,,,,,,,,,,,,,,,,,,,,,,,,,,,,,,,,,,,,,,,已登场,,掌柜,直臣,坂田屋,clan_sakata_1,甲府之町,无,,,,,,,,,已登场,,掌柜,直臣,下关屋,clan_hori_1,赤间关之町,无,,,,,,,,,,,,,,,,,已登场,,掌柜,直臣,镫屋,clan_ikeda_2,酒田之町,无,,,,,,,,,,,,,,,,,,,,,,,,,,
lord_tk5_trader_tairasuke,,938,,平助,,,,Tairasuke,kinai,,,,,,,,,,,,,,,,,,,,,,,,,,,,,,,,,,,,,,,,,,,,,,,,,,,,,,,,,,,,已登场,,掌柜,直臣,博多屋,clan_shimae_1,博多之町,无,,,,,,,,,已登场,,掌柜,直臣,大西屋,clan_shibuya_1,尾道之町,无,已登场,,掌柜,直臣,茶屋,clan_chaya_1,京之町,无,,,,,,,,,,,,,,,,,,,,,,,,,,,,,,,,,,
lord_tk5_trader_takezoo,,939,,竹藏,,,,Takezoo,sanyo,,,,,,,,,,,,,,,,,,,,,,,,,,,,,,,,,,,,,,,,,,,,,,,,,,,,,,,,,,,,已登场,,掌柜,直臣,虎屋,clan_uno_1,小田原之町,无,,,,,,,,,,,,,,,,,已登场,,掌柜,直臣,下关屋,clan_kirigakure_1,赤间关之町,无,,,,,,,,,,,,,,,,,,,,,,,,,,,,,,,,,,
lord_tk5_trader_tamanosuke,,940,,玉之助,,,,Tamanosuke,sanyo,,,,,,,,,,,,,,,,,,,,,,,,,,,,,,,,,,,,,,,,,,,,,,,,,,,,,,,,,,,,,,,,,,,,,,,,,,,,,,,,,,,,已登场,,掌柜,直臣,镫屋,clan_ikeda_2,酒田之町,无,已登场,,掌柜,直臣,下关屋,clan_kirigakure_1,赤间关之町,无,,,,,,,,,,,,,,,,,,,,,,,,,,
lord_tk5_trader_tamasaburoo,,941,,玉三郎,,,,Tamasaburoo,kinai,,,,,,,,,,,,,,,,,,,,,,,,,,,,,,,,,,,,,,,,,,,,,,,,,,,,已登场,,掌柜,直臣,伊藤屋,clan_itoo_1,清洲之町,无,,,,,,,,,已登场,,掌柜,直臣,友野屋,clan_tomono_1,骏府之町,无,已登场,,掌柜,直臣,越后屋,clan_kurada_1,直江津之町,无,,,,,,,,,已登场,,掌柜,直臣,淀屋,clan_yodoya_1,大坂之町,无,,,,,,,,,,,,,,,,,,,,,,,,,,
lord_tk5_trader_tanzaemon,,942,,丹左卫门,,,,Tanzaemon,kinai,,,,,,,,,,,,,,,,,,,,,,,,,,,,,,,,,,,,,,,,,,,,,,,,,,,,,,,,,,,,,,,,,,,,已登场,,掌柜,直臣,茶屋,clan_chaya_1,京之町,无,,,,,,,,,已登场,,掌柜,直臣,虎屋,clan_uno_1,小田原之町,无,已登场,,掌柜,直臣,山形屋,clan_nishikawa_1,安土之町,无,,,,,,,,,,,,,,,,,,,,,,,,,,
lord_tk5_trader_tatsunosuke,,943,,辰之助,,,,Tatsunosuke,kinai,,,,,,,,,,,,,,,,,,,,,,,,,,,,,,,,,,,,,,,,,,,,,,,,,,,,已登场,,掌柜,直臣,纳屋,clan_imai_1,堺之町,无,已登场,,掌柜,直臣,友野屋,clan_tomono_1,骏府之町,无,已登场,,掌柜,直臣,组屋,clan_kumaya_1,小滨之町,无,,,,,,,,,,,,,,,,,,,,,,,,,,,,,,,,,,,,,,,,,,,,,,,,,,
lord_tk5_trader_tetsujiroo,,944,,铁次郎,,,,Tetsujiroo,saikai,,,,,,,,,,,,,,,,,,,,,,,,,,,,,,,,,,,,,,,,,,,,,,,,,,,,,,,,,,,,,,,,,,,,,,,,,,,,,,,,,,,,,,,,,,,,已登场,,掌柜,直臣,神屋,clan_kamiya_1,博多之町,无,,,,,,,,,,,,,,,,,,,,,,,,,,
lord_tk5_trader_tetsutaroo,,945,,铁太郎,,,,Tetsutaroo,hokuriku,,,,,,,,,,,,,,,,,,,,,,,,,,,,,,,,,,,,,,,,,,,,,,,,,,,,已登场,,掌柜,直臣,下关屋,clan_hori_1,赤间关之町,无,,,,,,,,,已登场,,掌柜,直臣,伊藤屋,clan_itoo_1,清洲之町,无,已登场,,掌柜,直臣,川舟屋,clan_michikawa_1,敦贺之町,无,,,,,,,,,,,,,,,,,,,,,,,,,,,,,,,,,,,,,,,,,,
lord_tk5_trader_tokuzoo,,946,,德藏,,,,Tokuzoo,hokuriku,,,,,,,,,,,,,,,,,,,,,,,,,,,,,,,,,,,,,,,,,,,,,,,,,,,,已登场,,掌柜,直臣,下关屋,clan_hori_1,赤间关之町,无,已登场,,掌柜,直臣,越后屋,clan_kurada_1,直江津之町,无,,,,,,,,,,,,,,,,,,,,,,,,,,,,,,,,,,,,,,,,,,,,,,,,,,,,,,,,,,
lord_tk5_trader_tomekichi,,947,,留吉,,,,Tomekichi,kinai,,,,,,,,,,,,,,,,,,,,,,,,,,,,,,,,,,,,,,,,,,,,,,,,,,,,已登场,,掌柜,直臣,虎屋,clan_uno_1,小田原之町,无,,,,,,,,,已登场,,掌柜,直臣,纳屋,clan_imai_1,堺之町,无,,,,,,,,,,,,,,,,,已登场,,掌柜,直臣,组屋,clan_kumaya_1,小滨之町,无,,,,,,,,,,,,,,,,,,,,,,,,,,
lord_tk5_trader_tomimatsu,,948,,富松,,,,Tomimatsu,kinai,,,,,,,,,,,,,,,,,,,,,,,,,,,,,,,,,,,,,,,,,,,,,,,,,,,,,,,,,,,,已登场,,掌柜,直臣,梁田屋,clan_yanada_1,会津之町,无,,,,,,,,,,,,,,,,,已登场,,掌柜,直臣,淀屋,clan_yodoya_1,石山之町,无,,,,,,,,,,,,,,,,,,,,,,,,,,,,,,,,,,
lord_tk5_trader_tomisuke,,949,,富助,,,,Tomisuke,ou,,,,,,,,,,,,,,,,,,,,,,,,,,,,,,,,,,,,,,,,,,,,,,,,,,,,,,,,,,,,,,,,,,,,,,,,,,,,已登场,,掌柜,直臣,天王寺屋,clan_tsuda_3,堺之町,无,,,,,,,,,已登场,,掌柜,直臣,梁田屋,clan_yanada_1,会津之町,无,,,,,,,,,,,,,,,,,,,,,,,,,,
lord_tk5_trader_torajiroo,,950,,虎次郎,,,,Torajiroo,sanyo,,,,,,,,,,,,,,,,,,,,,,,,,,,,,,,,,,,,,,,,,,,,,,,,,,,,,,,,,,,,,,,,,,,,已登场,,掌柜,直臣,镫屋,clan_ikeda_2,酒田之町,无,,,,,,,,,已登场,,掌柜,直臣,大西屋,clan_shibuya_1,尾道之町,无,已登场,,掌柜,直臣,下关屋,clan_kirigakure_1,赤间关之町,无,,,,,,,,,,,,,,,,,,,,,,,,,,
lord_tk5_trader_torakichi,,951,,寅吉,,,,Torakichi,hokuriku,,,,,,,,,,,,,,,,,,,,,,,,,,,,,,,,,,,,,,,,,,,,,,,,,,,,已登场,,掌柜,直臣,梁田屋,clan_yanada_1,会津之町,无,已登场,,掌柜,直臣,梁田屋,clan_yanada_1,会津之町,无,,,,,,,,,已登场,,掌柜,直臣,越后屋,clan_kurada_1,直江津之町,无,,,,,,,,,,,,,,,,,,,,,,,,,,,,,,,,,,,,,,,,,,
lord_tk5_trader_toshisaburoo,,952,,利三郎,,,,Toshisaburoo,kinai,,,,,,,,,,,,,,,,,,,,,,,,,,,,,,,,,,,,,,,,,,,,,,,,,,,,已登场,,掌柜,直臣,下关屋,clan_hori_1,赤间关之町,无,,,,,,,,,,,,,,,,,已登场,,掌柜,直臣,纳屋,clan_imai_1,堺之町,无,,,,,,,,,已登场,,掌柜,直臣,平野屋,clan_sueyoshi_1,大坂之町,无,,,,,,,,,,,,,,,,,,,,,,,,,,
lord_tk5_trader_ukichi,,953,,卯吉,,,,Ukichi,ou,,,,,,,,,,,,,,,,,,,,,,,,,,,,,,,,,,,,,,,,,,,,,,,,,,,,,,,,,,,,,,,,,,,,,,,,,,,,,,,,,,,,,,,,,,,,已登场,,掌柜,直臣,镫屋,clan_ikeda_2,酒田之町,无,,,,,,,,,,,,,,,,,,,,,,,,,,
lord_tk5_trader_umekichi,,954,,梅吉,,,,Umekichi,kinai,,,,,,,,,,,,,,,,,,,,,,,,,,,,,,,,,,,,,,,,,,,,,,,,,,,,已登场,,掌柜,直臣,天王寺屋,clan_tsuda_2,堺之町,无,已登场,,掌柜,直臣,越后屋,clan_kurada_1,直江津之町,无,,,,,,,,,已登场,,掌柜,直臣,组屋,clan_kumaya_1,小滨之町,无,已登场,,掌柜,直臣,角仓屋,clan_sumikura_1,京之町,无,,,,,,,,,,,,,,,,,,,,,,,,,,,,,,,,,,
lord_tk5_trader_ushimatsu,,955,,丑松,,,,Ushimatsu,hokuriku,,,,,,,,,,,,,,,,,,,,,,,,,,,,,,,,,,,,,,,,,,,,,,,,,,,,,,,,,,,,已登场,,掌柜,直臣,组屋,clan_kumaya_1,小滨之町,无,已登场,,掌柜,直臣,神屋,clan_kamiya_1,博多之町,无,已登场,,掌柜,直臣,越后屋,clan_kurada_1,直江津之町,无,,,,,,,,,,,,,,,,,,,,,,,,,,,,,,,,,,,,,,,,,,
lord_tk5_trader_uuemon,,956,,宇右卫门,,,,Uuemon,tokai,,,,,,,,,,,,,,,,,,,,,,,,,,,,,,,,,,,,,,,,,,,,,,,,,,,,,,,,,,,,,,,,,,,,,,,,,,,,已登场,,掌柜,直臣,川舟屋,clan_michikawa_1,敦贺之町,无,已登场,,掌柜,直臣,角屋,clan_sumiya_1,大凑之町,无,已登场,,掌柜,直臣,角屋,clan_sumiya_1,大凑之町,无,,,,,,,,,,,,,,,,,,,,,,,,,,
lord_tk5_trader_xe413bee,,957,,兵卫,,,,,kinai,,,,,,,,,,,,,,,,,,,,,,,,,,,,,,,,,,,,,,,,,,,,,,,,,,,,,,,,,,,,已登场,,掌柜,直臣,越后屋,clan_kurada_1,直江津之町,无,已登场,,掌柜,直臣,下关屋,clan_hori_1,赤间关之町,无,已登场,,掌柜,直臣,组屋,clan_kumaya_1,小滨之町,无,,,,,,,,,,,,,,,,,,,,,,,,,,,,,,,,,,,,,,,,,,
lord_tk5_trader_xe413uemon,,958,,右卫门,,,,,kinai,,,,,,,,,,,,,,,,,,,,,,,,,,,,,,,,,,,,,,,,,,,,,,,,,,,,已登场,,掌柜,直臣,天王寺屋,clan_tsuda_2,堺之町,无,,,,,,,,,,,,,,,,,,,,,,,,,已登场,,掌柜,直臣,伊藤屋,clan_itoo_1,清洲之町,无,已登场,,掌柜,直臣,茶屋,clan_chaya_1,京之町,无,,,,,,,,,,,,,,,,,,,,,,,,,,
lord_tk5_trader_yasujiroo,,959,,安二郎,,,,Yasujiroo,saikai,,,,,,,,,,,,,,,,,,,,,,,,,,,,,,,,,,,,,,,,,,,,,,,,,,,,已登场,,掌柜,直臣,博多屋,clan_shimae_1,博多之町,无,,,,,,,,,,,,,,,,,,,,,,,,,已登场,,掌柜,直臣,角屋,clan_sumiya_1,大凑之町,无,已登场,,掌柜,直臣,神屋,clan_kamiya_1,博多之町,无,,,,,,,,,,,,,,,,,,,,,,,,,,
lord_tk5_trader_yasukichi,,960,,安吉,,,,Yasukichi,tokai,,,,,,,,,,,,,,,,,,,,,,,,,,,,,,,,,,,,,,,,,,,,,,,,,,,,已登场,,掌柜,直臣,天王寺屋,clan_tsuda_2,堺之町,无,已登场,,掌柜,直臣,坂田屋,clan_sakata_1,甲府之町,无,已登场,,掌柜,直臣,友野屋,clan_tomono_1,骏府之町,无,,,,,,,,,,,,,,,,,,,,,,,,,,,,,,,,,,,,,,,,,,,,,,,,,,
lord_tk5_trader_yasuzoo,,961,,安藏,,,,Yasuzoo,saikai,,,,,,,,,,,,,,,,,,,,,,,,,,,,,,,,,,,,,,,,,,,,,,,,,,,,,,,,,,,,已登场,,掌柜,直臣,天王寺屋,clan_tsuda_2,堺之町,无,,,,,,,,,已登场,,掌柜,直臣,角仓屋,clan_sumikura_1,京之町,无,已登场,,掌柜,直臣,博多屋,clan_shimae_1,博多之町,无,,,,,,,,,,,,,,,,,,,,,,,,,,,,,,,,,,
lord_tk5_trader_yazaemon,,962,,弥左卫门,,,,Yazaemon,kinai,,,,,,,,,,,,,,,,,,,,,,,,,,,,,,,,,,,,,,,,,,,,,,,,,,,,,,,,,,,,,,,,,,,,已登场,,掌柜,直臣,川舟屋,clan_michikawa_1,敦贺之町,无,已登场,,掌柜,直臣,镫屋,clan_ikeda_2,酒田之町,无,,,,,,,,,已登场,,掌柜,直臣,角仓屋,clan_sumikura_1,京之町,无,,,,,,,,,,,,,,,,,,,,,,,,,,
lord_tk5_trader_yobee,,963,,与兵卫,,,,Yobee,sanyo,,,,,,,,,,,,,,,,,,,,,,,,,,,,,,,,,,,,,,,,,,,,,,,,,,,,已登场,,掌柜,直臣,越后屋,clan_kurada_1,直江津之町,无,,,,,,,,,已登场,,掌柜,直臣,博多屋,clan_shimae_1,博多之町,无,,,,,,,,,,,,,,,,,已登场,,掌柜,直臣,下关屋,clan_kirigakure_1,赤间关之町,无,,,,,,,,,,,,,,,,,,,,,,,,,,
lord_tk5_trader_yoheiji,,964,,与平次,,,,Yoheiji,kinai,,,,,,,,,,,,,,,,,,,,,,,,,,,,,,,,,,,,,,,,,,,,,,,,,,,,,,,,,,,,,,,,,,,,已登场,,掌柜,直臣,镫屋,clan_ikeda_2,酒田之町,无,,,,,,,,,已登场,,掌柜,直臣,川舟屋,clan_michikawa_1,敦贺之町,无,已登场,,掌柜,直臣,纳屋,clan_imai_1,堺之町,无,,,,,,,,,,,,,,,,,,,,,,,,,,
lord_tk5_trader_yosaburoo,,965,,与三郎,,,,Yosaburoo,kanto,,,,,,,,,,,,,,,,,,,,,,,,,,,,,,,,,,,,,,,,,,,,,,,,,,,,,,,,,,,,已登场,,掌柜,直臣,纳屋,clan_imai_1,堺之町,无,已登场,,掌柜,直臣,角屋,clan_sumiya_1,大凑之町,无,,,,,,,,,已登场,,掌柜,直臣,虎屋,clan_uno_1,小田原之町,无,,,,,,,,,,,,,,,,,,,,,,,,,,,,,,,,,,
lord_tk5_trader_yoshibee,,966,,义兵卫,,,,Yoshibee,tokai,,,,,,,,,,,,,,,,,,,,,,,,,,,,,,,,,,,,,,,,,,,,,,,,,,,,已登场,,掌柜,直臣,坂田屋,clan_sakata_1,甲府之町,无,已登场,,掌柜,直臣,下关屋,clan_hori_1,赤间关之町,无,已登场,,掌柜,直臣,角屋,clan_sumiya_1,大凑之町,无,,,,,,,,,,,,,,,,,,,,,,,,,,,,,,,,,,,,,,,,,,,,,,,,,,
lord_tk5_trader_yoshichiroo,,967,,与七郎,,,,Yoshichiroo,kinai,,,,,,,,,,,,,,,,,,,,,,,,,,,,,,,,,,,,,,,,,,,,,,,,,,,,已登场,,掌柜,直臣,角屋,clan_sumiya_1,大凑之町,无,已登场,,掌柜,直臣,川舟屋,clan_michikawa_1,敦贺之町,无,,,,,,,,,已登场,,掌柜,直臣,茶屋,clan_chaya_1,京之町,无,,,,,,,,,,,,,,,,,,,,,,,,,,,,,,,,,,,,,,,,,,
lord_tk5_trader_yoshiuemon,,968,,嘉右卫门,,,,Yoshiuemon,kinai,,,,,,,,,,,,,,,,,,,,,,,,,,,,,,,,,,,,,,,,,,,,,,,,,,,,,,,,,,,,已登场,,掌柜,直臣,茶屋,clan_chaya_1,京之町,无,,,,,,,,,,,,,,,,,已登场,,掌柜,直臣,山形屋,clan_nishikawa_1,安土之町,无,,,,,,,,,,,,,,,,,,,,,,,,,,,,,,,,,,
lord_tk5_trader_zenpachi,,969,,善八,,,,Zenpachi,kinai,,,,,,,,,,,,,,,,,,,,,,,,,,,,,,,,,,,,,,,,,,,,,,,,,,,,已登场,,掌柜,直臣,角屋,clan_sumiya_1,大凑之町,无,,,,,,,,,,,,,,,,,已登场,,掌柜,直臣,神屋,clan_kamiya_1,博多之町,无,,,,,,,,,已登场,,掌柜,直臣,淀屋,clan_yodoya_1,大坂之町,无,,,,,,,,,,,,,,,,,,,,,,,,,,
lord_tk5_trader_zenuemon,,970,,善右卫门,,,,Zenuemon,kinai,,,,,,,,,,,,,,,,,,,,,,,,,,,,,,,,,,,,,,,,,,,,,,,,,,,,,,,,,,,,已登场,,掌柜,直臣,角屋,clan_sumiya_1,大凑之町,无,,,,,,,,,已登场,,掌柜,直臣,山形屋,clan_nishikawa_1,目加田之町,无,已登场,,掌柜,直臣,天王寺屋,clan_tsuda_3,堺之町,无,,,,,,,,,,,,,,,,,,,,,,,,,,,,,,,,,,
