# exported by tpaccli from village_empire_burned
o village_empire_burned.0
v 0.79535353 -0.1679317 0.2670141
v 0.60072803 -0.17551054 0.128221
v 0.60072803 -0.17551054 0.128221
v 0.60072803 -0.17551054 0.128221
v 0.8036348 -0.17317483 0.12822099
v 0.8036348 -0.17317483 0.12822099
v 0.8036348 -0.17317483 0.12822099
v 0.60233253 -0.17161138 0.25799665
v 0.8015286 -0.15988587 0.26412094
v 0.8097659 -0.16778268 0.12822099
v 0.8097659 -0.16778268 0.12822099
v 0.8097659 -0.16778268 0.12822099
v 0.6026149 -0.14307581 0.32088357
v 0.6026149 -0.14307581 0.32088357
v 0.77230144 -0.14405337 0.26020843
v 0.77230144 -0.14405337 0.26020843
v 0.6026149 -0.14307584 0.09767585
v 0.6026149 -0.14307584 0.09767585
v 0.77230144 -0.14405335 0.09767573
v 0.77230144 -0.14405335 0.09767573
v 0.7749773 -0.027983602 0.23238555
v 0.7749773 -0.027983602 0.23238555
v 0.77558553 -0.03270946 0.09767538
v 0.77558553 -0.03270946 0.09767538
v 0.8028488 -0.026565704 0.23689567
v 0.8086986 -0.023870345 0.12822096
v 0.8086986 -0.023870345 0.12822096
v 0.8086986 -0.023870345 0.12822096
v 0.60593385 0.19226605 0.25782624
v 0.7925588 0.18767937 0.25782564
v 0.7925588 0.18767937 0.25782564
v 0.604407 0.19621493 0.1264276
v 0.604407 0.19621493 0.1264276
v 0.604407 0.19621493 0.1264276
v 0.8023723 0.19404833 0.12642759
v 0.8023723 0.19404833 0.12642759
v 0.8023723 0.19404833 0.12642759
v 0.8023723 0.19404833 0.12642759
v 0.8084563 0.18862554 0.12822092
v 0.8084563 0.18862554 0.12822092
v 0.8084563 0.18862554 0.12822092
v 0.8084563 0.18862554 0.12822092
v 0.7986637 0.17960285 0.2549325
v 0.7986637 0.17960285 0.2549325
v 0.80243474 0.11485743 0.24615832
v 0.80580807 0.07002178 0.2278772
v 0.80580807 0.07002178 0.2278772
v 0.60565186 0.1637841 0.31984663
v 0.60565186 0.1637841 0.31984663
v 0.60565186 0.163784 0.097675756
v 0.60565186 0.163784 0.097675756
v 0.7693001 0.16399264 0.25782564
v 0.7693001 0.16399264 0.25782564
v 0.7693001 0.16399261 0.09767564
v 0.7693001 0.16399261 0.09767564
v 0.7693001 0.16399261 0.09767564
v 0.7735954 0.11485633 0.24760488
v 0.7735954 0.11485633 0.24760488
v 0.7786589 0.07012754 0.21966541
v 0.7786589 0.07012754 0.21966541
v 0.77957106 0.06303882 0.0976752
v 0.77957106 0.06303882 0.0976752
v 0.80965745 0.062921666 0.12822095
v 0.80965745 0.062921666 0.12822095
v 0.80965745 0.062921666 0.12822095
v 0.80965745 0.062921666 0.12822095
v 0.602358 -0.16902773 0.32162657
v 0.6059085 0.18971147 0.3205649
v 0.40940607 -0.16572215 0.26701415
v 0.39789048 -0.17085186 0.128221
v 0.39789048 -0.17085186 0.128221
v 0.39789048 -0.17085186 0.128221
v 0.40339094 -0.15760653 0.26412097
v 0.40339094 -0.15760653 0.26412097
v 0.39186656 -0.16539004 0.128221
v 0.39186656 -0.16539004 0.128221
v 0.39186656 -0.16539004 0.128221
v 0.39186656 -0.16539004 0.128221
v 0.4294284 -0.14228198 0.26020846
v 0.4294284 -0.14228198 0.26020846
v 0.4294284 -0.14228196 0.097675785
v 0.4294284 -0.14228196 0.097675785
v 0.4290501 -0.026194714 0.23238558
v 0.4290501 -0.026194714 0.23238558
v 0.42834842 -0.030913107 0.09767542
v 0.42834842 -0.030913107 0.09767542
v 0.4047097 -0.024286333 0.23689571
v 0.39578247 -0.021506414 0.12822098
v 0.39578247 -0.021506414 0.12822098
v 0.39578247 -0.021506414 0.12822098
v 0.4192391 0.18981667 0.25782567
v 0.40642136 0.19631523 0.12642762
v 0.40642136 0.19631523 0.12642762
v 0.40642136 0.19631523 0.12642762
v 0.4002307 0.1909627 0.12822095
v 0.4002307 0.1909627 0.12822095
v 0.4002307 0.1909627 0.12822095
v 0.412975 0.18181095 0.25493252
v 0.4036625 0.07232408 0.22787726
v 0.40792292 0.11711607 0.24615836
v 0.43852645 0.16569477 0.25782567
v 0.43852645 0.16569477 0.25782567
v 0.4385264 0.16569476 0.09767567
v 0.4385264 0.16569476 0.09767567
v 0.4385264 0.16569476 0.09767567
v 0.4273107 0.07194744 0.21966545
v 0.4273107 0.07194744 0.21966545
v 0.42625847 0.064869985 0.097675234
v 0.42625847 0.064869985 0.097675234
v 0.43325913 0.11661318 0.2476049
v 0.43325913 0.11661318 0.2476049
v 0.39654148 0.06528686 0.12822098
v 0.39654148 0.06528686 0.12822098
v 0.39654148 0.06528686 0.12822098
v 0.60229385 -0.17551057 -0.07519114
v 0.60229385 -0.17551057 -0.07519114
v 0.8052007 -0.17317477 -0.07519117
v 0.8052007 -0.17317477 -0.07519117
v 0.8113318 -0.16778263 -0.07519117
v 0.8113318 -0.16778263 -0.07519117
v 0.81026435 -0.023870334 -0.0751912
v 0.81026435 -0.023870334 -0.0751912
v 0.8112235 0.0629217 -0.0751912
v 0.8112235 0.0629217 -0.0751912
v 0.8100221 0.18862553 -0.07519126
v 0.8100221 0.18862553 -0.07519126
v 0.80393815 0.19404833 -0.07519126
v 0.80393815 0.19404833 -0.07519126
v 0.6059728 0.19621494 -0.07519129
v 0.6059728 0.19621494 -0.07519129
v 0.39945626 -0.17085183 -0.07519108
v 0.39945626 -0.17085183 -0.07519108
v 0.39343238 -0.16539007 -0.07519108
v 0.39343238 -0.16539007 -0.07519108
v 0.39734823 -0.021506373 -0.07519114
v 0.39734823 -0.021506373 -0.07519114
v 0.40798706 0.1963152 -0.0751912
v 0.40798706 0.1963152 -0.0751912
v 0.40179637 0.19096273 -0.0751912
v 0.40179637 0.19096273 -0.0751912
v 0.39810717 0.065286845 -0.07519117
v 0.39810717 0.065286845 -0.07519117
v 0.68090177 -0.0335488 0.18024954
v 0.68090177 -0.0335488 0.18024954
v 0.6570703 -0.024692297 0.16833849
v 0.6570703 -0.024692297 0.16833849
v 0.6570703 -0.024692297 0.16833849
v 0.68131685 -0.03356116 0.16849923
v 0.68131685 -0.03356116 0.16849923
v 0.68131685 -0.03356116 0.16849923
v 0.6566552 -0.02468009 0.18008879
v 0.6566552 -0.02468009 0.18008879
v 0.65919167 0.06996591 0.20415686
v 0.65919167 0.06996591 0.20415686
v 0.65919167 0.06996591 0.20415686
v 0.68660396 0.16372658 0.15216696
v 0.68660396 0.16372658 0.15216696
v 0.68660396 0.16372658 0.15216696
v 0.68618894 0.16373882 0.27216628
v 0.6844983 0.10065608 0.25403312
v 0.6844983 0.10065608 0.25403312
v 0.6835453 0.06509484 0.20431761
v 0.6835453 0.06509484 0.20431761
v 0.6835453 0.06509484 0.20431761
v 0.66214323 0.16459969 0.1520062
v 0.66214323 0.16459969 0.1520062
v 0.66214323 0.16459969 0.1520062
v 0.66009134 0.10352838 0.25387236
v 0.66009134 0.10352838 0.25387236
v 0.66172826 0.16461238 0.2720055
v 0.52640617 0.046268225 0.2016847
v 0.52640617 0.046268225 0.2016847
v 0.55023766 0.04218741 0.16833848
v 0.55023766 0.04218741 0.16833848
v 0.55023766 0.04218741 0.16833848
v 0.52599084 0.051056426 0.16849923
v 0.52599084 0.051056426 0.16849923
v 0.52599084 0.051056426 0.16849923
v 0.5506527 0.037399665 0.20152394
v 0.5506527 0.037399665 0.20152394
v 0.54811615 -0.030868754 0.2551662
v 0.54811615 -0.030868754 0.2551662
v 0.54811615 -0.030868754 0.2551662
v 0.5207037 -0.14623132 0.15216695
v 0.5207037 -0.14623132 0.15216695
v 0.5207037 -0.14623132 0.15216695
v 0.521119 -0.14624351 0.27216625
v 0.5228093 -0.083160475 0.2540331
v 0.5228093 -0.083160475 0.2540331
v 0.5237625 -0.025997851 0.25532696
v 0.5237625 -0.025997851 0.25532696
v 0.5237625 -0.025997851 0.25532696
v 0.5451645 -0.14710428 0.15200618
v 0.5451645 -0.14710428 0.15200618
v 0.5451645 -0.14710428 0.15200618
v 0.5472166 -0.08603309 0.25387236
v 0.5472166 -0.08603309 0.25387236
v 0.5455795 -0.14711677 0.27200544
v 0.22123176 -0.5106012 0.15692928
v 0.22123176 -0.5106012 0.15692928
v 0.20792928 -0.66773653 -0.003127724
v 0.21216068 -0.6679361 0.15691434
v 0.21455517 -0.4993636 -0.003127724
v 0.21455517 -0.4993636 -0.003127724
v 0.2150375 -0.6680719 0.23973967
v 0.31960514 -0.49900848 0.070905
v 0.31960514 -0.49900848 0.070905
v 0.31960514 -0.49900848 0.070905
v 0.40115428 -0.49859774 -0.003127724
v 0.40115428 -0.49859774 -0.003127724
v 0.22099078 -0.49414855 -0.003127724
v 0.22099078 -0.49414855 -0.003127724
v 0.286534 -0.49809527 0.070919946
v 0.286534 -0.49809527 0.070919946
v 0.286534 -0.49809527 0.070919946
v 0.2866281 -0.49992323 0.108756274
v 0.2866281 -0.49992323 0.108756274
v 0.2866281 -0.49992323 0.108756274
v 0.229054 -0.5049489 0.15525322
v 0.229054 -0.5049489 0.15525322
v 0.31936398 -0.5355429 0.107172675
v 0.31936398 -0.5355429 0.107172675
v 0.31936398 -0.5355429 0.107172675
v 0.31936398 -0.5355429 0.107172675
v 0.31936398 -0.5355429 0.107172675
v 0.31954098 -0.5007385 0.108748734
v 0.31954098 -0.5007385 0.108748734
v 0.31954098 -0.5007385 0.108748734
v 0.28497005 -0.53654796 0.10780486
v 0.28497005 -0.53654796 0.10780486
v 0.28497005 -0.53654796 0.10780486
v 0.28497005 -0.53654796 0.10780486
v 0.28497005 -0.53654796 0.07141638
v 0.28497005 -0.53654796 0.07141638
v 0.28497005 -0.53654796 0.07141638
v 0.28497005 -0.53654796 0.07141638
v 0.31936407 -0.5355427 0.0711426
v 0.31936407 -0.5355427 0.0711426
v 0.31936407 -0.5355427 0.0711426
v 0.31936407 -0.5355427 0.0711426
v 0.21218705 -0.8315696 0.1661021
v 0.21218705 -0.8315696 0.1661021
v 0.20625111 -0.839615 -0.003127709
v 0.20625111 -0.839615 -0.003127709
v 0.20792928 -0.66773653 -0.003127724
v 0.2208555 -0.8369233 0.16320893
v 0.2208555 -0.8369233 0.16320893
v 0.2120193 -0.84485984 -0.003127709
v 0.2120193 -0.84485984 -0.003127709
v 0.31305382 -0.5090323 0.10485088
v 0.31963077 -0.499367 0.096132964
v 0.31963077 -0.499367 0.096132964
v 0.31887025 -0.50893354 0.09601192
v 0.31887025 -0.50893354 0.09601192
v 0.31359127 -0.49948484 0.10519953
v 0.30583262 -0.4993717 0.10852258
v 0.30583262 -0.4993717 0.10852258
v 0.30542365 -0.50891525 0.108154826
v 0.30542365 -0.50891525 0.108154826
v 0.29257894 -0.49889183 0.10518586
v 0.28665492 -0.5080247 0.09601195
v 0.28665492 -0.5080247 0.09601195
v 0.2864352 -0.49843073 0.096132964
v 0.2864352 -0.49843073 0.096132964
v 0.29264703 -0.50845706 0.10486569
v 0.28573537 -0.4984923 0.11076319
v 0.28573537 -0.4984923 0.11076319
v 0.27735165 -0.49787486 0.09881643
v 0.27735165 -0.49787486 0.09881643
v 0.27735165 -0.49787486 0.09881643
v 0.29793286 -0.49902648 0.11672553
v 0.29793286 -0.49902648 0.11672553
v 0.29793286 -0.49902648 0.11672553
v 0.30020514 -0.49921507 0.10858472
v 0.31994995 -0.49944055 0.110232815
v 0.31994995 -0.49944055 0.110232815
v 0.32750493 -0.4992692 0.0981748
v 0.32750493 -0.4992692 0.0981748
v 0.32750493 -0.4992692 0.0981748
v 0.27707055 -0.5078333 0.09881643
v 0.27707055 -0.5078333 0.09881643
v 0.28545508 -0.50842494 0.110763185
v 0.29765302 -0.5089465 0.11672552
v 0.32722405 -0.50922906 0.098174796
v 0.32722405 -0.50922906 0.098174796
v 0.3196696 -0.5093744 0.11023277
v 0.30006558 -0.50876564 0.10820805
v 0.3082975 -0.4993078 0.11638245
v 0.3082975 -0.4993078 0.11638245
v 0.30801764 -0.5092285 0.11638244
v 0.24605763 -0.53643787 0.15753782
v 0.24605763 -0.53643787 0.15753782
v 0.24605763 -0.53643787 0.15753782
v 0.24346647 -0.6685519 0.23973967
v 0.24346647 -0.6685519 0.23973967
v 0.24346647 -0.66855186 -0.0032361448
v 0.24346647 -0.66855186 -0.0032361448
v 0.24605757 -0.53643787 -0.003236279
v 0.24605757 -0.53643787 -0.003236279
v 0.24605757 -0.53643787 -0.003236279
v 0.23908034 -0.80059344 0.15929642
v 0.23908034 -0.80059344 0.15929642
v 0.23908034 -0.8005935 -0.003236249
v 0.23908034 -0.8005935 -0.003236249
v 0.36592138 -0.8059787 0.13147356
v 0.36592138 -0.8059787 0.13147356
v 0.36074212 -0.80635583 -0.003236577
v 0.36074212 -0.80635583 -0.003236577
v 0.39930835 -0.53701 -0.003232807
v 0.39930835 -0.53701 -0.003232807
v 0.39930835 -0.53701 -0.003232807
v 0.3988257 -0.53901994 0.1477045
v 0.3988257 -0.53901994 0.1477045
v 0.3988257 -0.53901994 0.1477045
v 0.4158193 -0.5086545 0.13913216
v 0.4158193 -0.5086545 0.13913216
v 0.40028667 -0.5046273 0.08597179
v 0.40028667 -0.5046273 0.08597179
v 0.40028667 -0.5046273 0.08597179
v 0.40028667 -0.5046273 0.08597179
v 0.4022509 -0.5090531 0.14719269
v 0.36658412 -0.8416509 0.1359837
v 0.3693775 -0.8478905 -0.003127724
v 0.6099878 -0.52156734 0.15692925
v 0.6099878 -0.52156734 0.15692925
v 0.61017525 -0.67916334 0.15691432
v 0.6144111 -0.6792026 -0.0031277537
v 0.6172874 -0.5107239 -0.0031277537
v 0.6172874 -0.5107239 -0.0031277537
v 0.60729545 -0.6791368 0.23973966
v 0.6010266 -0.8389277 0.1569137
v 0.6010266 -0.8389277 0.1569137
v 0.6144111 -0.6792026 -0.0031277537
v 0.60775405 -0.8485632 -0.0031277537
v 0.60775405 -0.8485632 -0.0031277537
v 0.5920703 -0.84378415 0.15402055
v 0.5920703 -0.84378415 0.15402055
v 0.60169953 -0.85347456 -0.0031277537
v 0.60169953 -0.85347456 -0.0031277537
v 0.6024966 -0.51548314 0.15525319
v 0.6024966 -0.51548314 0.15525319
v 0.6024966 -0.51548314 0.15525319
v 0.61115575 -0.5051544 -0.0031277537
v 0.61115575 -0.5051544 -0.0031277537
v 0.52120745 -0.84515697 0.14524639
v 0.47211975 -0.84674126 0.12696525
v 0.47211975 -0.84674126 0.12696525
v 0.5788846 -0.6780137 0.23973966
v 0.5788846 -0.6780137 0.23973966
v 0.58374506 -0.5459632 0.15753779
v 0.58374506 -0.5459632 0.15753779
v 0.58374506 -0.5459632 0.15753779
v 0.5788844 -0.67801344 -0.0032361746
v 0.5788844 -0.67801344 -0.0032361746
v 0.58374506 -0.5459632 -0.0032362938
v 0.58374506 -0.5459632 -0.0032362938
v 0.5759223 -0.8064848 0.15691371
v 0.5759223 -0.8064848 0.15691371
v 0.5759223 -0.8064849 -0.003236279
v 0.5759223 -0.8064849 -0.003236279
v 0.5759223 -0.8064849 -0.003236279
v 0.5221137 -0.80871856 0.14669293
v 0.5221137 -0.80871856 0.14669293
v 0.47310787 -0.8117112 0.11875346
v 0.47310787 -0.8117112 0.11875346
v 0.46533912 -0.81227666 -0.0032367557
v 0.46533912 -0.81227666 -0.0032367557
v 0.5277469 -0.54240847 0.10748874
v 0.5277469 -0.54240847 0.10748874
v 0.5277469 -0.54240847 0.10748874
v 0.5277469 -0.54240847 -0.0032287687
v 0.5277469 -0.54240847 -0.0032287687
v 0.44542617 -0.54033434 0.14770448
v 0.44542617 -0.54033434 0.14770448
v 0.45015323 -0.53883815 0.0859718
v 0.45015323 -0.53883815 0.0859718
v 0.45015323 -0.53883815 0.0859718
v 0.45015323 -0.53883815 0.0859718
v 0.45015323 -0.53883815 0.0859718
v 0.45521232 -0.510547 0.14719269
v 0.4514799 -0.5060713 0.08597177
v 0.4514799 -0.5060713 0.08597177
v 0.4514799 -0.5060713 0.08597177
v 0.4514799 -0.5060713 0.08597177
v 0.4642454 -0.851051 -0.003127724
v 0.4642454 -0.851051 -0.003127724
v 0.4516145 -0.4995994 -0.003127724
v 0.4516145 -0.4995994 -0.003127724
v 0.39930835 -0.53700995 0.08599159
v 0.39930835 -0.53700995 0.08599159
v 0.39930835 -0.53700995 0.08599159
v 0.39930835 -0.53700995 0.08599159
v 0.39930835 -0.53700995 0.08599159
v 0.39930835 -0.53700995 0.08599159
v 0.4149986 -0.53774893 0.13787119
v 0.4149986 -0.53774893 0.13787119
v 0.45015323 -0.53883815 -0.0032327473
v 0.45015323 -0.53883815 -0.0032327473
v 0.49159682 -0.7885721 0.056632414
v 0.49159682 -0.7885721 0.056632414
v 0.45978367 -0.7773403 0.045092553
v 0.45978367 -0.7773403 0.045092553
v 0.45978367 -0.7773403 0.045092553
v 0.49215102 -0.7885876 0.045248285
v 0.49215102 -0.7885876 0.045248285
v 0.49215102 -0.7885876 0.045248285
v 0.4592295 -0.7773247 0.056476668
v 0.4592295 -0.7773247 0.056476668
v 0.46261564 -0.65729004 0.07979472
v 0.46261564 -0.65729004 0.07979472
v 0.46261564 -0.65729004 0.07979472
v 0.499209 -0.53837866 0.029424936
v 0.499209 -0.53837866 0.029424936
v 0.499209 -0.53837866 0.029424936
v 0.49865493 -0.53836316 0.14568478
v 0.49639803 -0.6183674 0.1281167
v 0.49639803 -0.6183674 0.1281167
v 0.4951258 -0.66346747 0.07995047
v 0.4951258 -0.66346747 0.07995047
v 0.4951258 -0.66346747 0.07995047
v 0.4665556 -0.537271 0.029269174
v 0.4665556 -0.537271 0.029269174
v 0.4665556 -0.537271 0.029269174
v 0.4638164 -0.6147247 0.12796095
v 0.4638164 -0.6147247 0.12796095
v 0.46600157 -0.53725517 0.14552902
v 0.5667864 -0.82664174 0.117723264
v 0.5667864 -0.82664174 0.117723264
v 0.56497586 -0.96226865 0.117710404
v 0.56862074 -0.9623554 -0.020033494
v 0.57320404 -0.8174015 -0.020033479
v 0.57320404 -0.8174015 -0.020033479
v 0.56249785 -0.96220946 0.20289713
v 0.5679971 -0.8125317 -0.020033479
v 0.5679971 -0.8125317 -0.020033479
v 0.41305372 -0.80536056 -0.020033494
v 0.41305372 -0.80536056 -0.020033494
v 0.48303935 -0.81068814 0.043684483
v 0.48303935 -0.81068814 0.043684483
v 0.48303935 -0.81068814 0.043684483
v 0.5114869 -0.8119215 0.043697357
v 0.5114869 -0.8119215 0.043697357
v 0.5114869 -0.8119215 0.043697357
v 0.5112946 -0.81348526 0.07626204
v 0.5112946 -0.81348526 0.07626204
v 0.5112946 -0.81348526 0.07626204
v 0.56041574 -0.8213121 0.11628071
v 0.56041574 -0.8213121 0.11628071
v 0.4810176 -0.8420678 0.07489909
v 0.4810176 -0.8420678 0.07489909
v 0.4810176 -0.8420678 0.07489909
v 0.4810176 -0.8420678 0.07489909
v 0.4810176 -0.8420678 0.07489909
v 0.5104838 -0.8450289 0.07544319
v 0.5104838 -0.8450289 0.07544319
v 0.5104838 -0.8450289 0.07544319
v 0.5104838 -0.8450289 0.07544319
v 0.48298883 -0.8121773 0.07625556
v 0.48298883 -0.8121773 0.07625556
v 0.48298883 -0.8121773 0.07625556
v 0.5104838 -0.84502894 0.04412462
v 0.5104838 -0.84502894 0.04412462
v 0.5104838 -0.84502894 0.04412462
v 0.5104838 -0.84502894 0.04412462
v 0.4810176 -0.84206766 0.04388897
v 0.4810176 -0.84206766 0.04388897
v 0.4810176 -0.84206766 0.04388897
v 0.4810176 -0.84206766 0.04388897
v 0.5537674 -1.1308877 0.12561806
v 0.5537674 -1.1308877 0.12561806
v 0.55943644 -1.1392641 -0.020033479
v 0.55943644 -1.1392641 -0.020033479
v 0.5459989 -1.1349552 0.123128
v 0.5459989 -1.1349552 0.123128
v 0.5541645 -1.1434149 -0.020033464
v 0.5541645 -1.1434149 -0.020033464
v 0.4830647 -0.81925356 0.06529334
v 0.4830647 -0.81925356 0.06529334
v 0.48817328 -0.8114638 0.07320087
v 0.4880522 -0.8196932 0.0729008
v 0.48299548 -0.8109941 0.065397516
v 0.48299548 -0.8109941 0.065397516
v 0.49484092 -0.8118401 0.076060906
v 0.49484092 -0.8118401 0.076060906
v 0.49460986 -0.82005817 0.07574442
v 0.49460986 -0.82005817 0.07574442
v 0.5056067 -0.8204443 0.07291354
v 0.5062486 -0.81223655 0.073189095
v 0.5115512 -0.8122153 0.065397516
v 0.5115512 -0.8122153 0.065397516
v 0.51077735 -0.82043856 0.06529337
v 0.51077735 -0.82043856 0.06529337
v 0.5121485 -0.81231093 0.077989355
v 0.5121485 -0.81231093 0.077989355
v 0.5193836 -0.8122925 0.06770709
v 0.5193836 -0.8122925 0.06770709
v 0.5193836 -0.8122925 0.06770709
v 0.5016441 -0.8120256 0.08312099
v 0.5016441 -0.8120256 0.08312099
v 0.5016441 -0.8120256 0.08312099
v 0.49968195 -0.81204885 0.0761144
v 0.482717 -0.81103796 0.07753286
v 0.482717 -0.81103796 0.07753286
v 0.47624135 -0.81042975 0.06715487
v 0.47624135 -0.81042975 0.06715487
v 0.47624135 -0.81042975 0.06715487
v 0.511783 -0.82085556 0.077989355
v 0.51901716 -0.82085896 0.06770709
v 0.51901716 -0.82085896 0.06770709
v 0.5012791 -0.82055897 0.08312099
v 0.4758749 -0.81899756 0.06715487
v 0.4758749 -0.81899756 0.06715487
v 0.48235166 -0.8195832 0.07753283
v 0.49921912 -0.82025665 0.07579023
v 0.49272868 -0.81163496 0.08282569
v 0.49272868 -0.81163496 0.08282569
v 0.49236384 -0.8201689 0.08282569
v 0.5380619 -0.96088755 0.20289713
v 0.5380619 -0.96088755 0.20289713
v 0.54389715 -0.84730816 0.11824702
v 0.54389715 -0.84730816 0.11824702
v 0.54389715 -0.84730816 0.11824702
v 0.5380621 -0.96088725 -0.020126805
v 0.5380621 -0.96088725 -0.020126805
v 0.54389715 -0.8473082 -0.020126894
v 0.54389715 -0.8473082 -0.020126894
v 0.54389715 -0.8473082 -0.020126894
v 0.53256917 -1.102654 0.1197606
v 0.53256917 -1.102654 0.1197606
v 0.53256917 -1.1026539 -0.020126894
v 0.53256917 -1.1026539 -0.020126894
v 0.44895315 -1.0963469 0.12821905
v 0.44895315 -1.0963469 0.12821905
v 0.444536 -1.0932757 -0.020127043
v 0.444536 -1.0932757 -0.020127043
v 0.42454994 -1.0713992 0.095814206
v 0.42454994 -1.0713992 0.095814206
v 0.42897332 -1.0720385 -0.020127177
v 0.42897332 -1.0720385 -0.020127177
v 0.41229522 -0.83845043 -0.020123914
v 0.41229522 -0.83845043 -0.020123914
v 0.41229522 -0.83845043 -0.020123914
v 0.4125869 -0.8402054 0.10978374
v 0.4125869 -0.8402054 0.10978374
v 0.4125869 -0.8402054 0.10978374
v 0.39985022 -0.8130996 0.10240576
v 0.39985022 -0.8130996 0.10240576
v 0.41147438 -0.81426966 0.10934322
v 0.41343087 -0.81058997 0.05665207
v 0.41343087 -0.81058997 0.05665207
v 0.41343087 -0.81058997 0.05665207
v 0.41343087 -0.81058997 0.05665207
v 0.4419182 -1.1390319 -0.020033479
v 0.42180455 -1.1019834 0.099695966
v 0.41902587 -1.1071695 -0.020033479
v 0.44124198 -1.132295 0.1289149
v 0.23236734 -0.8123402 0.11772323
v 0.23236734 -0.8123402 0.11772323
v 0.21895328 -0.9474015 -0.020033509
v 0.21895328 -0.9474015 -0.020033509
v 0.22259226 -0.9476263 0.11771037
v 0.22676212 -0.8025858 -0.020033509
v 0.22676212 -0.8025858 -0.020033509
v 0.225066 -0.94777906 0.2028971
v 0.22069997 -1.0853435 0.11770987
v 0.22069997 -1.0853435 0.11770987
v 0.21433651 -1.0932053 -0.020033509
v 0.21433651 -1.0932053 -0.020033509
v 0.22809285 -1.0900592 0.11521981
v 0.22809285 -1.0900592 0.11521981
v 0.21923476 -1.0977911 -0.020033509
v 0.21923476 -1.0977911 -0.020033509
v 0.23916972 -0.80757374 0.11628068
v 0.23916972 -0.80757374 0.11628068
v 0.23916972 -0.80757374 0.11628068
v 0.23236573 -0.79817826 -0.020033523
v 0.23236573 -0.79817826 -0.020033523
v 0.33089086 -1.0999155 0.091934025
v 0.33089086 -1.0999155 0.091934025
v 0.28884542 -1.0955606 0.10766809
v 0.25340867 -0.83488536 0.118247
v 0.25340867 -0.83488536 0.118247
v 0.25340867 -0.83488536 0.118247
v 0.24952567 -0.94854796 0.2028971
v 0.24952567 -0.94854796 0.2028971
v 0.24952567 -0.9485479 -0.02012682
v 0.24952567 -0.9485479 -0.02012682
v 0.25340873 -0.8348854 -0.020126939
v 0.25340873 -0.8348854 -0.020126939
v 0.24423146 -1.0590224 0.11770986
v 0.24423146 -1.0590224 0.11770986
v 0.24423131 -1.0590224 -0.020126909
v 0.24423131 -1.0590224 -0.020126909
v 0.24423131 -1.0590224 -0.020126909
v 0.3321797 -1.0697813 0.08486636
v 0.3321797 -1.0697813 0.08486636
v 0.3388146 -1.0707407 -0.020127326
v 0.3388146 -1.0707407 -0.020127326
v 0.29029027 -1.0642227 0.10891312
v 0.29029027 -1.0642227 0.10891312
v 0.30170038 -0.83524966 0.07517111
v 0.30170038 -0.83524966 0.07517111
v 0.30170038 -0.83524966 0.07517111
v 0.30170038 -0.83524966 -0.020120427
v 0.30170038 -0.83524966 -0.020120427
v 0.37249988 -0.83849084 0.10978374
v 0.37249988 -0.83849084 0.10978374
v 0.3685329 -0.83691806 0.05665207
v 0.3685329 -0.83691806 0.05665207
v 0.3685329 -0.83691806 0.05665207
v 0.3685329 -0.83691806 0.05665207
v 0.3685329 -0.83691806 0.05665207
v 0.36591557 -0.8123213 0.10934322
v 0.36939293 -0.8087065 0.05665207
v 0.36939293 -0.8087065 0.05665207
v 0.36939293 -0.8087065 0.05665207
v 0.36939293 -0.8087065 0.05665207
v 0.33738822 -1.1040956 -0.020033509
v 0.33738822 -1.1040956 -0.020033509
v 0.3696723 -0.803142 -0.020033494
v 0.3696723 -0.803142 -0.020033494
v 0.3987798 -0.83812755 0.101320475
v 0.3987798 -0.83812755 0.101320475
v 0.41229528 -0.8384504 0.056669116
v 0.41229528 -0.8384504 0.056669116
v 0.41229528 -0.8384504 0.056669116
v 0.41229528 -0.8384504 0.056669116
v 0.41229528 -0.8384504 0.056669116
v 0.41229528 -0.8384504 0.056669116
v 0.3685329 -0.8369181 -0.02012387
v 0.3685329 -0.8369181 -0.02012387
v 0.7289021 -0.6755567 0.14389926
v 0.7289021 -0.6755567 0.14389926
v 0.8360172 -0.68561727 0.022849068
v 0.83615327 -0.68241715 0.14388795
v 0.72124165 -0.6806062 0.022849068
v 0.72124165 -0.6806062 0.022849068
v 0.83624583 -0.6802414 0.20652828
v 0.7209996 -0.6011575 0.0788396
v 0.7209996 -0.6011575 0.0788396
v 0.7209996 -0.6011575 0.0788396
v 0.7207196 -0.5394824 0.022849068
v 0.7207196 -0.5394824 0.022849068
v 0.71768665 -0.67573905 0.022849098
v 0.71768665 -0.67573905 0.022849098
v 0.7203771 -0.62616897 0.078850895
v 0.7203771 -0.62616897 0.078850895
v 0.7203771 -0.62616897 0.078850895
v 0.7216232 -0.62609786 0.107466295
v 0.7216232 -0.62609786 0.107466295
v 0.7216232 -0.62609786 0.107466295
v 0.725049 -0.6696408 0.14263165
v 0.725049 -0.6696408 0.14263165
v 0.74590415 -0.6013399 0.106268615
v 0.74590415 -0.6013399 0.106268615
v 0.74590415 -0.6013399 0.106268615
v 0.74590415 -0.6013399 0.106268615
v 0.74590415 -0.6013399 0.106268615
v 0.7465893 -0.6273518 0.10674675
v 0.7465893 -0.6273518 0.10674675
v 0.7465893 -0.6273518 0.10674675
v 0.7465893 -0.6273518 0.10674675
v 0.72217894 -0.60120606 0.10746059
v 0.72217894 -0.60120606 0.10746059
v 0.72217894 -0.60120606 0.10746059
v 0.7465893 -0.6273518 0.079226345
v 0.7465893 -0.6273518 0.079226345
v 0.7465893 -0.6273518 0.079226345
v 0.7465893 -0.6273518 0.079226345
v 0.7459041 -0.6013398 0.07901929
v 0.7459041 -0.6013398 0.07901929
v 0.7459041 -0.6013398 0.07901929
v 0.7459041 -0.6013398 0.07901929
v 0.947698 -0.68239725 0.15083659
v 0.947698 -0.68239725 0.15083659
v 0.9531823 -0.68688655 0.022849098
v 0.9531823 -0.68688655 0.022849098
v 0.8360172 -0.68561727 0.022849068
v 0.9513475 -0.6758413 0.14864853
v 0.9513475 -0.6758413 0.14864853
v 0.95675766 -0.68252414 0.022849098
v 0.95675766 -0.68252414 0.022849098
v 0.7278326 -0.60611224 0.10451266
v 0.721244 -0.6011381 0.09791936
v 0.721244 -0.6011381 0.09791936
v 0.72776526 -0.6017133 0.097827815
v 0.72776526 -0.6017133 0.097827815
v 0.7213243 -0.6057058 0.10477635
v 0.7212472 -0.6115735 0.10728956
v 0.7212472 -0.6115735 0.10728956
v 0.7277528 -0.6118829 0.10701143
v 0.7277528 -0.6118829 0.10701143
v 0.7209201 -0.6215973 0.104766004
v 0.72714573 -0.62607753 0.09782784
v 0.72714573 -0.62607753 0.09782784
v 0.72060573 -0.6262437 0.09791936
v 0.72060573 -0.6262437 0.09791936
v 0.7274405 -0.6215458 0.10452387
v 0.7206477 -0.626773 0.10898411
v 0.7206477 -0.626773 0.10898411
v 0.7202268 -0.63311356 0.099948846
v 0.7202268 -0.63311356 0.099948846
v 0.7202268 -0.63311356 0.099948846
v 0.7210119 -0.6175481 0.11349339
v 0.7210119 -0.6175481 0.11349339
v 0.7210119 -0.6175481 0.11349339
v 0.72114044 -0.6158296 0.107336536
v 0.72129416 -0.6008967 0.10858298
v 0.72129416 -0.6008967 0.10858298
v 0.72117734 -0.59518296 0.09946359
v 0.72117734 -0.59518296 0.09946359
v 0.72117734 -0.59518296 0.09946359
v 0.72701526 -0.6333262 0.099948846
v 0.72701526 -0.6333262 0.099948846
v 0.72741854 -0.626985 0.10898411
v 0.727774 -0.61775976 0.11349339
v 0.7279667 -0.5953954 0.09946359
v 0.7279667 -0.5953954 0.09946359
v 0.7280658 -0.6011088 0.108582966
v 0.7276508 -0.6159351 0.10705168
v 0.7212037 -0.60970944 0.113233924
v 0.7212037 -0.60970944 0.113233924
v 0.72796637 -0.60992104 0.113233924
v 0.7465142 -0.6567811 0.1443595
v 0.7465142 -0.6567811 0.1443595
v 0.7465142 -0.6567811 0.1443595
v 0.83657306 -0.6587407 0.20652826
v 0.83657306 -0.6587407 0.20652826
v 0.836573 -0.65874076 0.022767082
v 0.836573 -0.65874076 0.022767082
v 0.7465142 -0.65678114 0.022766978
v 0.7465142 -0.65678114 0.022766978
v 0.7465142 -0.65678114 0.022766978
v 0.9265824 -0.66205794 0.14568952
v 0.9265824 -0.66205794 0.14568952
v 0.9265824 -0.662058 0.022766992
v 0.9265824 -0.662058 0.022766992
v 0.9302534 -0.5661288 0.124647245
v 0.9302534 -0.5661288 0.124647245
v 0.9305104 -0.5700459 0.022766754
v 0.9305104 -0.5700459 0.022766754
v 0.74690425 -0.5408785 0.0227696
v 0.74690425 -0.5408785 0.0227696
v 0.74690425 -0.5408785 0.0227696
v 0.7482744 -0.54124343 0.13692261
v 0.7482744 -0.54124343 0.13692261
v 0.7482744 -0.54124343 0.13692261
v 0.727575 -0.5283913 0.1304394
v 0.727575 -0.5283913 0.1304394
v 0.72482985 -0.54013854 0.09023452
v 0.72482985 -0.54013854 0.09023452
v 0.72482985 -0.54013854 0.09023452
v 0.72482985 -0.54013854 0.09023452
v 0.72784674 -0.53865296 0.13653553
v 0.9545702 -0.5656276 0.12805824
v 0.95882356 -0.56351507 0.022849083
v 0.7363775 -0.38154277 0.14389923
v 0.7363775 -0.38154277 0.14389923
v 0.8438067 -0.38140106 0.14388794
v 0.84383345 -0.37819746 0.022849068
v 0.7289858 -0.37602213 0.022849068
v 0.7289858 -0.37602213 0.022849068
v 0.8437885 -0.38357902 0.20652823
v 0.9527139 -0.38832012 0.14388749
v 0.9527139 -0.38832012 0.14388749
v 0.84383345 -0.37819746 0.022849068
v 0.95928216 -0.38323218 0.022849068
v 0.95928216 -0.38323218 0.022849068
v 0.95602447 -0.39509374 0.1416994
v 0.95602447 -0.39509374 0.1416994
v 0.96263015 -0.38781124 0.022849068
v 0.96263015 -0.38781124 0.022849068
v 0.73223 -0.3872083 0.14263164
v 0.73223 -0.3872083 0.14263164
v 0.73223 -0.3872083 0.14263164
v 0.7251892 -0.38065946 0.022849068
v 0.7251892 -0.38065946 0.022849068
v 0.9569603 -0.44868687 0.13506356
v 0.95804024 -0.48581165 0.12123764
v 0.95804024 -0.48581165 0.12123764
v 0.8430229 -0.40506598 0.20652825
v 0.8430229 -0.40506598 0.20652825
v 0.75300753 -0.40139 0.14435947
v 0.75300753 -0.40139 0.14435947
v 0.75300753 -0.40139 0.14435947
v 0.84302276 -0.4050661 0.022767067
v 0.84302276 -0.4050661 0.022767067
v 0.75300753 -0.40139002 0.022766978
v 0.75300753 -0.40139002 0.022766978
v 0.9305984 -0.40730634 0.14388749
v 0.9305984 -0.40730634 0.14388749
v 0.9305984 -0.40730637 0.022766978
v 0.9305984 -0.40730637 0.022766978
v 0.9305984 -0.40730637 0.022766978
v 0.93212116 -0.44800147 0.13615757
v 0.93212116 -0.44800147 0.13615757
v 0.9341612 -0.48506436 0.11502711
v 0.9341612 -0.48506436 0.11502711
v 0.9345466 -0.49093986 0.02276662
v 0.9345466 -0.49093986 0.02276662
v 0.75058436 -0.44374114 0.106507674
v 0.75058436 -0.44374114 0.106507674
v 0.75058436 -0.44374114 0.106507674
v 0.75058436 -0.44374108 0.02277267
v 0.75058436 -0.44374108 0.02277267
v 0.7491705 -0.5059998 0.1369226
v 0.7491705 -0.5059998 0.1369226
v 0.7481505 -0.5024247 0.09023453
v 0.7481505 -0.5024247 0.09023453
v 0.7481505 -0.5024247 0.09023453
v 0.7481505 -0.5024247 0.09023453
v 0.7481505 -0.5024247 0.09023453
v 0.72886515 -0.49859858 0.13653553
v 0.7258143 -0.5014214 0.09023452
v 0.7258143 -0.5014214 0.09023452
v 0.7258143 -0.5014214 0.09023452
v 0.7258143 -0.5014214 0.09023452
v 0.96097803 -0.491767 0.022849083
v 0.96097803 -0.491767 0.022849083
v 0.72140247 -0.50131965 0.022849068
v 0.72140247 -0.50131965 0.022849068
v 0.74690425 -0.5408784 0.09024949
v 0.74690425 -0.5408784 0.09024949
v 0.74690425 -0.5408784 0.09024949
v 0.74690425 -0.5408784 0.09024949
v 0.74690425 -0.5408784 0.09024949
v 0.74690425 -0.5408784 0.09024949
v 0.74740803 -0.529012 0.12948573
v 0.74740803 -0.529012 0.12948573
v 0.74815047 -0.50242484 0.02276966
v 0.74815047 -0.50242484 0.02276966
v 0.9183878 -0.47108126 0.06804533
v 0.9183878 -0.47108126 0.06804533
v 0.9107313 -0.49514127 0.059317797
v 0.9107313 -0.49514127 0.059317797
v 0.9107313 -0.49514127 0.059317797
v 0.9183984 -0.47066206 0.059435576
v 0.9183984 -0.47066206 0.059435576
v 0.9183984 -0.47066206 0.059435576
v 0.91072077 -0.4955604 0.067927554
v 0.91072077 -0.4955604 0.067927554
v 0.82889616 -0.49299943 0.08556284
v 0.82889616 -0.49299943 0.08556284
v 0.82889616 -0.49299943 0.08556284
v 0.7478373 -0.46532413 0.04746847
v 0.7478373 -0.46532413 0.04746847
v 0.7478373 -0.46532413 0.04746847
v 0.7478267 -0.46574318 0.1353951
v 0.80236363 -0.46745008 0.12210847
v 0.80236363 -0.46745008 0.12210847
v 0.83310723 -0.46841228 0.085680634
v 0.83310723 -0.46841228 0.085680634
v 0.83310723 -0.46841228 0.085680634
v 0.74708223 -0.49001968 0.047350675
v 0.74708223 -0.49001968 0.047350675
v 0.74708223 -0.49001968 0.047350675
v 0.7998805 -0.49209136 0.12199067
v 0.7998805 -0.49209136 0.12199067
v 0.7470715 -0.49043876 0.1352773
v 0.9609386 -0.7457508 0.11971207
v 0.9609386 -0.7457508 0.11971207
v 1.0776176 -0.7475006 -0.011688173
v 1.0775431 -0.7440239 0.119699806
v 0.95299435 -0.75187236 -0.011688173
v 0.95299435 -0.75187236 -0.011688173
v 1.0774922 -0.74166024 0.20095578
v 0.9472226 -0.66586804 0.049089625
v 0.9472226 -0.66586804 0.049089625
v 0.9472226 -0.66586804 0.049089625
v 0.9426423 -0.59911186 -0.0116882175
v 0.9426423 -0.59911186 -0.0116882175
v 0.9488076 -0.74690574 -0.011688173
v 0.9488076 -0.74690574 -0.011688173
v 0.94828296 -0.693003 0.04910192
v 0.94828296 -0.693003 0.04910192
v 0.94828296 -0.693003 0.04910192
v 0.9496274 -0.6928196 0.080163985
v 0.9496274 -0.6928196 0.080163985
v 0.9496274 -0.6928196 0.080163985
v 0.9563565 -0.73967415 0.11833608
v 0.9563565 -0.73967415 0.11833608
v 0.9742011 -0.66393965 0.078863904
v 0.9742011 -0.66393965 0.078863904
v 0.9742011 -0.66393965 0.078863904
v 0.9742011 -0.66393965 0.078863904
v 0.9742011 -0.66393965 0.078863904
v 0.9767469 -0.6920461 0.079382926
v 0.9767469 -0.6920461 0.079382926
v 0.9767469 -0.6920461 0.079382926
v 0.9767469 -0.6920461 0.079382926
v 0.948503 -0.66581994 0.08015779
v 0.948503 -0.66581994 0.08015779
v 0.948503 -0.66581994 0.08015779
v 0.9767469 -0.6920462 0.04950948
v 0.9767469 -0.6920462 0.04950948
v 0.9767469 -0.6920462 0.04950948
v 0.9767469 -0.6920462 0.04950948
v 0.97420096 -0.66393965 0.049284697
v 0.97420096 -0.66393965 0.049284697
v 0.97420096 -0.66393965 0.049284697
v 0.97420096 -0.66393965 0.049284697
v 1.2225125 -0.73333263 0.12724257
v 1.2225125 -0.73333263 0.12724257
v 1.2297142 -0.7387401 -0.011688173
v 1.2297142 -0.7387401 -0.011688173
v 1.2260094 -0.72592247 0.1248674
v 1.2260094 -0.72592247 0.1248674
v 1.2332827 -0.73371136 -0.011688173
v 1.2332827 -0.73371136 -0.011688173
v 0.94788945 -0.67076516 0.07724404
v 0.95458674 -0.66589224 0.06970139
v 0.95458674 -0.66589224 0.06970139
v 0.95496464 -0.67064965 0.07695782
v 0.9474857 -0.66582626 0.069800764
v 0.9474857 -0.66582626 0.069800764
v 0.948213 -0.6771251 0.07997212
v 0.948213 -0.6771251 0.07997212
v 0.9552785 -0.67690474 0.07967022
v 0.9552785 -0.67690474 0.07967022
v 0.9485539 -0.68800634 0.07723282
v 0.9556104 -0.6873941 0.07696998
v 0.9485357 -0.69306433 0.069800764
v 0.9485357 -0.69306433 0.069800764
v 0.95560557 -0.6923262 0.06970143
v 0.95560557 -0.6923262 0.06970143
v 0.9486178 -0.69363403 0.08181159
v 0.9486178 -0.69363403 0.08181159
v 0.94860196 -0.7005353 0.07200378
v 0.94860196 -0.7005353 0.07200378
v 0.94860196 -0.7005353 0.07200378
v 0.9483725 -0.6836144 0.086706415
v 0.9483725 -0.6836144 0.086706415
v 0.9483725 -0.6836144 0.086706415
v 0.9483925 -0.6817427 0.08002314
v 0.94752336 -0.6655606 0.08137615
v 0.94752336 -0.6655606 0.08137615
v 0.9470005 -0.6593838 0.071477026
v 0.9470005 -0.6593838 0.071477026
v 0.9470005 -0.6593838 0.071477026
v 0.95596695 -0.7001858 0.07200378
v 0.95596695 -0.7001858 0.07200378
v 0.95596397 -0.69328547 0.08181159
v 0.95570904 -0.6832662 0.086706415
v 0.9543666 -0.65903425 0.071477026
v 0.9543666 -0.65903425 0.071477026
v 0.9548701 -0.6652121 0.08137612
v 0.9554491 -0.6813013 0.07971391
v 0.9480366 -0.67511034 0.08642475
v 0.9480366 -0.67511034 0.08642475
v 0.95537364 -0.67476237 0.08642475
v 0.9787065 -0.72391766 0.12021165
v 0.9787065 -0.72391766 0.12021165
v 0.9787065 -0.72391766 0.12021165
v 1.0763557 -0.71835184 0.20095575
v 1.0763557 -0.71835184 0.20095575
v 1.0763555 -0.718352 -0.011777192
v 1.0763555 -0.718352 -0.011777192
v 0.9787065 -0.72391784 -0.011777282
v 0.9787065 -0.72391784 -0.011777282
v 0.9787065 -0.72391784 -0.011777282
v 1.1982386 -0.7131124 0.121655405
v 1.1982386 -0.7131124 0.121655405
v 1.1982386 -0.7131125 -0.011777297
v 1.1982386 -0.7131125 -0.011777297
v 1.1901759 -0.62914145 -0.011777446
v 1.1901759 -0.62914145 -0.011777446
v 1.1928163 -0.6333547 0.12972352
v 1.1928163 -0.6333547 0.12972352
v 1.1713676 -0.6100775 0.098813936
v 1.1713676 -0.6100775 0.098813936
v 1.1719174 -0.61429685 -0.011777595
v 1.1719174 -0.61429685 -0.011777595
v 0.97109103 -0.5983884 -0.011774495
v 0.97109103 -0.5983884 -0.011774495
v 0.97109103 -0.5983884 -0.011774495
v 0.9725999 -0.59866655 0.11213886
v 0.9725999 -0.59866655 0.11213886
v 0.9725999 -0.59866655 0.11213886
v 0.9492959 -0.5865175 0.10510133
v 0.9492959 -0.5865175 0.10510133
v 0.9471382 -0.59947157 0.061458826
v 0.9471382 -0.59947157 0.061458826
v 0.9471382 -0.59947157 0.061458826
v 0.9471382 -0.59947157 0.061458826
v 0.9503019 -0.59760535 0.111718684
v 1.1976622 -0.60745883 0.10251657
v 1.2295145 -0.6266445 -0.0116882175
v 1.202121 -0.60480845 -0.0116882175
v 1.2237225 -0.6259994 0.13038725
v 0.948643 -0.4267628 0.11971196
v 0.948643 -0.4267628 0.11971196
v 1.0649545 -0.4174388 0.119699694
v 1.0647613 -0.41396776 -0.011688292
v 1.0647613 -0.41396776 -0.011688292
v 0.9402566 -0.42141625 -0.011688292
v 0.9402566 -0.42141625 -0.011688292
v 1.0650858 -0.4197984 0.20095566
v 1.183356 -0.4156339 0.11969921
v 1.183356 -0.4156339 0.11969921
v 1.1901152 -0.40956405 -0.011688292
v 1.1901152 -0.40956405 -0.011688292
v 1.1874104 -0.42268562 0.11732405
v 1.1874104 -0.42268562 0.11732405
v 1.194058 -0.4142363 -0.011688262
v 1.194058 -0.4142363 -0.011688262
v 0.9445451 -0.43325135 0.11833597
v 0.9445451 -0.43325135 0.11833597
v 0.9445451 -0.43325135 0.11833597
v 0.93646735 -0.42676136 -0.011688292
v 0.93646735 -0.42676136 -0.011688292
v 1.1921403 -0.48063493 0.11012082
v 1.1958845 -0.5207402 0.09511278
v 1.1958845 -0.5207402 0.09511278
v 1.0657468 -0.4431294 0.20095566
v 1.0657468 -0.4431294 0.20095566
v 0.9680261 -0.4468333 0.12021157
v 0.9680261 -0.4468333 0.12021157
v 0.9680261 -0.4468333 0.12021157
v 1.0657468 -0.44312942 -0.011777282
v 1.0657468 -0.44312942 -0.011777282
v 0.9680261 -0.4468333 -0.011777386
v 0.9680261 -0.4468333 -0.011777386
v 1.1607268 -0.43807954 0.119699225
v 1.1607268 -0.43807954 0.119699225
v 1.1607268 -0.43807945 -0.011777386
v 1.1607268 -0.43807945 -0.011777386
v 1.1607268 -0.43807945 -0.011777386
v 1.1651976 -0.4820131 0.11130839
v 1.1651976 -0.4820131 0.11130839
v 1.1699767 -0.52196956 0.08837123
v 1.1699767 -0.52196956 0.08837123
v 1.1708016 -0.5282983 -0.011777744
v 1.1708016 -0.5282983 -0.011777744
v 0.96833926 -0.49289662 0.07912333
v 0.96833926 -0.49289662 0.07912333
v 0.96833926 -0.49289662 0.07912333
v 0.96833926 -0.49289674 -0.011771172
v 0.96833926 -0.49289674 -0.011771172
v 0.97112584 -0.5604292 0.112138845
v 0.97112584 -0.5604292 0.112138845
v 0.96977365 -0.55664533 0.06145884
v 0.96977365 -0.55664533 0.06145884
v 0.96977365 -0.55664533 0.06145884
v 0.96977365 -0.55664533 0.06145884
v 0.96977365 -0.55664533 0.06145884
v 0.94862664 -0.55414873 0.11171867
v 0.945519 -0.5574656 0.061458826
v 0.945519 -0.5574656 0.061458826
v 0.945519 -0.5574656 0.061458826
v 0.945519 -0.5574656 0.061458826
v 1.1994783 -0.5269378 -0.011688247
v 1.1994783 -0.5269378 -0.011688247
v 0.94073486 -0.55773216 -0.011688232
v 0.94073486 -0.55773216 -0.011688232
v 0.97109103 -0.5983884 0.061475098
v 0.97109103 -0.5983884 0.061475098
v 0.97109103 -0.5983884 0.061475098
v 0.97109103 -0.5983884 0.061475098
v 0.97109103 -0.5983884 0.061475098
v 0.97109103 -0.5983884 0.061475098
v 0.9708135 -0.58549654 0.10406612
v 0.9708135 -0.58549654 0.10406612
v 0.96977365 -0.5566454 -0.011774436
v 0.96977365 -0.5566454 -0.011774436
v 0.94888866 0.56108123 0.13588747
v 0.94888866 0.56108123 0.13588747
v 0.874326 0.47171178 0.017756596
v 0.8767997 0.4697999 0.13587645
v 0.9496094 0.5707016 0.017756596
v 0.9496094 0.5707016 0.017756596
v 0.8784814 0.4684999 0.1970061
v 1.0132707 0.5264454 0.07239683
v 1.0132707 0.5264454 0.07239683
v 1.0132707 0.5264454 0.07239683
v 1.0627475 0.49217147 0.017756581
v 1.0627475 0.49217147 0.017756581
v 0.9557079 0.57113016 0.017756596
v 0.9557079 0.57113016 0.017756596
v 0.9936632 0.5409975 0.07240786
v 0.9936632 0.5409975 0.07240786
v 0.9936632 0.5409975 0.07240786
v 0.99294627 0.5398525 0.10033315
v 0.99294627 0.5398525 0.10033315
v 0.99294627 0.5398525 0.10033315
v 0.9560106 0.5611871 0.13465047
v 0.9560106 0.5611871 0.13465047
v 0.9976587 0.5044595 0.09916436
v 0.9976587 0.5044595 0.09916436
v 0.9976587 0.5044595 0.09916436
v 0.9976587 0.5044595 0.09916436
v 0.9976587 0.5044595 0.09916436
v 0.9764394 0.51841193 0.09963095
v 0.9764394 0.51841193 0.09963095
v 0.9764394 0.51841193 0.09963095
v 0.9764394 0.51841193 0.09963095
v 1.0124996 0.52542657 0.10032759
v 1.0124996 0.52542657 0.10032759
v 1.0124996 0.52542657 0.10032759
v 0.9764394 0.51841193 0.07277426
v 0.9764394 0.51841193 0.07277426
v 0.9764394 0.51841193 0.07277426
v 0.9764394 0.51841193 0.07277426
v 0.99765885 0.50445956 0.07257219
v 0.99765885 0.50445956 0.07257219
v 0.99765885 0.50445956 0.07257219
v 0.99765885 0.50445956 0.07257219
v 0.8075444 0.3708593 0.14265752
v 0.8075444 0.3708593 0.14265752
v 0.80054986 0.3685081 0.017756611
v 0.80054986 0.3685081 0.017756611
v 0.874326 0.47171178 0.017756596
v 0.8105188 0.36395293 0.14052221
v 0.8105188 0.36395293 0.14052221
v 0.8018168 0.36289528 0.017756611
v 0.8018168 0.36289528 0.017756611
v 1.0131345 0.52621776 0.09101646
v 1.0131345 0.52621776 0.09101646
v 1.0050665 0.52315855 0.09745076
v 1.0094333 0.5287033 0.09770808
v 1.0086248 0.52075595 0.09092711
v 1.0086248 0.52075595 0.09092711
v 1.0047903 0.5320561 0.100160666
v 1.0047903 0.5320561 0.100160666
v 1.0005031 0.5264594 0.099889256
v 1.0005031 0.5264594 0.099889256
v 0.9895328 0.5349432 0.09092714
v 0.9895328 0.5349432 0.09092714
v 0.9969806 0.53795695 0.09769799
v 0.99297255 0.53214514 0.097461686
v 0.9934615 0.5408365 0.09101646
v 0.9934615 0.5408365 0.09101646
v 0.9882051 0.54501796 0.092997
v 0.9882051 0.54501796 0.092997
v 0.9882051 0.54501796 0.092997
v 0.9930123 0.54109555 0.101814374
v 0.9930123 0.54109555 0.101814374
v 1.0014544 0.53453314 0.10020653
v 1.0001605 0.535609 0.106214896
v 1.0001605 0.535609 0.106214896
v 1.0001605 0.535609 0.106214896
v 1.0179365 0.52294356 0.092523426
v 1.0179365 0.52294356 0.092523426
v 1.0179365 0.52294356 0.092523426
v 1.0132962 0.52603817 0.10142292
v 1.0132962 0.52603817 0.10142292
v 0.9838194 0.53911626 0.09299699
v 0.9838194 0.53911626 0.09299699
v 0.988638 0.5352092 0.101814374
v 0.99579185 0.52973014 0.106214896
v 1.0089215 0.5201511 0.10142289
v 1.0135503 0.5170409 0.092523426
v 1.0135503 0.5170409 0.092523426
v 0.99732697 0.5288181 0.099928536
v 1.0063076 0.5310513 0.105961695
v 1.0063076 0.5310513 0.105961695
v 1.0019387 0.5251719 0.10596168
v 0.89546585 0.45617482 0.1970061
v 0.89546585 0.45617482 0.1970061
v 0.89546585 0.45617485 0.017676562
v 0.89546585 0.45617485 0.017676562
v 0.95296043 0.5349514 0.13633662
v 0.95296043 0.5349514 0.13633662
v 0.95296043 0.5349514 0.13633662
v 0.95296043 0.5349513 0.017676473
v 0.95296043 0.5349513 0.017676473
v 0.95296043 0.5349513 0.017676473
v 0.8369167 0.37820205 0.13763455
v 0.8369167 0.37820205 0.13763455
v 0.8369167 0.37820205 0.017676502
v 0.8369167 0.37820205 0.017676502
v 0.9113224 0.3212504 0.11709976
v 0.9113224 0.3212504 0.11709976
v 0.9080315 0.323215 0.017676234
v 0.9080315 0.323215 0.017676234
v 1.0453703 0.46972963 0.01767905
v 1.0453703 0.46972963 0.01767905
v 1.0453703 0.46972963 0.01767905
v 1.0442277 0.46871874 0.12907907
v 1.0442277 0.46871874 0.12907907
v 1.0442277 0.46871874 0.12907907
v 1.0673563 0.47988316 0.122752234
v 1.0673563 0.47988316 0.122752234
v 1.0596704 0.48889333 0.08351694
v 1.0596704 0.48889333 0.08351694
v 1.0596704 0.48889333 0.08351694
v 1.0596704 0.48889333 0.08351694
v 1.0589844 0.4853861 0.12870133
v 0.89662194 0.2994032 0.120428495
v 0.89566934 0.29444844 0.017756611
v 1.17928 0.38987866 0.13588746
v 1.17928 0.38987866 0.13588746
v 1.112678 0.29452005 0.13587645
v 1.1152225 0.29270318 0.017756596
v 1.1882837 0.39334428 0.017756581
v 1.1882837 0.39334428 0.017756581
v 1.1109483 0.2957553 0.19700608
v 1.0395138 0.20180278 0.135876
v 1.0395138 0.20180278 0.135876
v 1.1152225 0.29270318 0.017756596
v 1.0395021 0.19312946 0.017756581
v 1.0395021 0.19312946 0.017756581
v 1.0320431 0.20265818 0.1337407
v 1.0320431 0.20265818 0.1337407
v 1.0337625 0.19272324 0.017756581
v 1.0337625 0.19272324 0.017756581
v 1.1773267 0.39672834 0.13465044
v 1.1773267 0.39672834 0.13465044
v 1.1773267 0.39672834 0.13465044
v 1.1869344 0.39930716 0.017756581
v 1.1869344 0.39930716 0.017756581
v 0.98861974 0.23182665 0.12726486
v 0.9582717 0.25164908 0.11377238
v 0.9582717 0.25164908 0.11377238
v 1.0942471 0.3084617 0.017676562
v 1.0942471 0.3084617 0.017676562
v 1.0942471 0.30846152 0.19700608
v 1.0942471 0.30846152 0.19700608
v 1.1530868 0.38623878 0.1363366
v 1.1530868 0.38623878 0.1363366
v 1.1530868 0.38623878 0.1363366
v 1.1530868 0.3862388 0.017676473
v 1.1530868 0.3862388 0.017676473
v 1.0380703 0.2320445 0.135876
v 1.0380703 0.2320445 0.135876
v 1.0380703 0.23204453 0.017676458
v 1.0380703 0.23204453 0.017676458
v 1.0380703 0.23204453 0.017676458
v 1.0045931 0.25347286 0.1283325
v 1.0045931 0.25347286 0.1283325
v 0.9736984 0.27240923 0.107711636
v 0.9736984 0.27240923 0.107711636
v 0.96876216 0.2753562 0.017676115
v 0.96876216 0.2753562 0.017676115
v 1.1207364 0.4120937 0.099397644
v 1.1207364 0.4120937 0.099397644
v 1.1207364 0.4120937 0.099397644
v 1.1207364 0.4120937 0.017682046
v 1.1207364 0.4120937 0.017682046
v 1.0718449 0.44819662 0.12907909
v 1.0718449 0.44819662 0.12907909
v 1.0753362 0.44710004 0.08351697
v 1.0753362 0.44710004 0.08351697
v 1.0753362 0.44710004 0.08351697
v 1.0753362 0.44710004 0.08351697
v 1.0753362 0.44710004 0.08351697
v 1.0903714 0.46206266 0.12870133
v 1.0900095 0.46634856 0.08351694
v 1.0900095 0.46634856 0.08351694
v 1.0900095 0.46634856 0.08351694
v 1.0900095 0.46634856 0.08351694
v 0.9516866 0.2523771 0.017756596
v 0.9516866 0.2523771 0.017756596
v 1.0928307 0.47020438 0.017756596
v 1.0928307 0.47020438 0.017756596
v 1.0453703 0.4697296 0.08353157
v 1.0453703 0.4697296 0.08353157
v 1.0453703 0.4697296 0.08353157
v 1.0453703 0.4697296 0.08353157
v 1.0453703 0.4697296 0.08353157
v 1.0453703 0.4697296 0.08353157
v 1.0545435 0.46264067 0.12182156
v 1.0545435 0.46264067 0.12182156
v 1.0753362 0.44710013 0.01767908
v 1.0753362 0.44710013 0.01767908
v 0.9946719 0.27857175 0.061862886
v 0.9946719 0.27857175 0.061862886
v 0.98019314 0.29882982 0.05334583
v 0.98019314 0.29882982 0.05334583
v 0.98019314 0.29882982 0.05334583
v 0.9950005 0.27832782 0.053460762
v 0.9950005 0.27832782 0.053460762
v 0.9950005 0.27832782 0.053460762
v 0.9798647 0.2990738 0.06174794
v 0.9798647 0.2990738 0.06174794
v 1.0327263 0.37021077 0.07895793
v 1.0327263 0.37021077 0.07895793
v 1.0327263 0.37021077 0.07895793
v 1.1051888 0.42661107 0.041782245
v 1.1051888 0.42661107 0.041782245
v 1.1051888 0.42661107 0.041782245
v 1.1048604 0.426855 0.1275884
v 1.0696276 0.37944147 0.114622205
v 1.0696276 0.37944147 0.114622205
v 1.0497662 0.3527135 0.07907288
v 1.0497662 0.3527135 0.07907288
v 1.0497662 0.3527135 0.07907288
v 1.0859162 0.4411039 0.041667312
v 1.0859162 0.4411039 0.041667312
v 1.0859162 0.4411039 0.041667312
v 1.0514715 0.39543658 0.11450726
v 1.0514715 0.39543658 0.11450726
v 1.085588 0.44134802 0.12747346
v 0.80129343 0.6825329 0.15705991
v 0.80129343 0.6825329 0.15705991
v 0.81459594 0.83966815 -0.0029970855
v 0.81036454 0.83986783 0.15704498
v 0.80797005 0.6712952 -0.0029970706
v 0.80797005 0.6712952 -0.0029970706
v 0.8074878 0.8400036 0.23987031
v 0.70292 0.67094016 0.07103564
v 0.70292 0.67094016 0.07103564
v 0.70292 0.67094016 0.07103564
v 0.6213709 0.6705293 -0.0029971004
v 0.6213709 0.6705293 -0.0029971004
v 0.8015344 0.6660802 -0.0029970706
v 0.8015344 0.6660802 -0.0029970706
v 0.7359911 0.6700269 0.071050584
v 0.7359911 0.6700269 0.071050584
v 0.7359911 0.6700269 0.071050584
v 0.73589706 0.6718549 0.108886905
v 0.73589706 0.6718549 0.108886905
v 0.73589706 0.6718549 0.108886905
v 0.7934712 0.67688054 0.15538386
v 0.7934712 0.67688054 0.15538386
v 0.7031612 0.7074746 0.107303314
v 0.7031612 0.7074746 0.107303314
v 0.7031612 0.7074746 0.107303314
v 0.7031612 0.7074746 0.107303314
v 0.7031612 0.7074746 0.107303314
v 0.73755515 0.7084796 0.10793549
v 0.73755515 0.7084796 0.10793549
v 0.73755515 0.7084796 0.10793549
v 0.73755515 0.7084796 0.10793549
v 0.7029842 0.6726702 0.10887937
v 0.7029842 0.6726702 0.10887937
v 0.7029842 0.6726702 0.10887937
v 0.73755515 0.7084796 0.07154703
v 0.73755515 0.7084796 0.07154703
v 0.73755515 0.7084796 0.07154703
v 0.73755515 0.7084796 0.07154703
v 0.7031611 0.7074744 0.07127325
v 0.7031611 0.7074744 0.07127325
v 0.7031611 0.7074744 0.07127325
v 0.7031611 0.7074744 0.07127325
v 0.81033826 1.0035013 0.16623273
v 0.81033826 1.0035013 0.16623273
v 0.81627417 1.0115465 -0.0029970706
v 0.81627417 1.0115465 -0.0029970706
v 0.81459594 0.83966815 -0.0029970855
v 0.80166984 1.0088551 0.16333959
v 0.80166984 1.0088551 0.16333959
v 0.81050605 1.0167915 -0.0029970706
v 0.81050605 1.0167915 -0.0029970706
v 0.70947134 0.680964 0.10498153
v 0.70289445 0.67129856 0.096263595
v 0.70289445 0.67129856 0.096263595
v 0.70365494 0.6808652 0.09614257
v 0.70365494 0.6808652 0.09614257
v 0.7089339 0.67141646 0.10533017
v 0.71669257 0.6713034 0.10865322
v 0.71669257 0.6713034 0.10865322
v 0.7171016 0.6808469 0.10828547
v 0.7171016 0.6808469 0.10828547
v 0.72994626 0.67082345 0.1053165
v 0.73587024 0.6799564 0.0961426
v 0.73587024 0.6799564 0.0961426
v 0.73608994 0.6703624 0.0962636
v 0.73608994 0.6703624 0.0962636
v 0.7298781 0.6803887 0.10499633
v 0.7367898 0.670424 0.11089384
v 0.7367898 0.670424 0.11089384
v 0.7451735 0.6698064 0.09894707
v 0.7451735 0.6698064 0.09894707
v 0.7451735 0.6698064 0.09894707
v 0.7245923 0.67095816 0.11685616
v 0.7245923 0.67095816 0.11685616
v 0.7245923 0.67095816 0.11685616
v 0.7223201 0.67114675 0.10871535
v 0.70257527 0.67137223 0.11036345
v 0.70257527 0.67137223 0.11036345
v 0.6950202 0.6712009 0.09830544
v 0.6950202 0.6712009 0.09830544
v 0.6950202 0.6712009 0.09830544
v 0.7454546 0.6797649 0.09894706
v 0.7454546 0.6797649 0.09894706
v 0.73707014 0.68035656 0.11089383
v 0.7248722 0.68087816 0.11685616
v 0.6953012 0.68116075 0.09830544
v 0.6953012 0.68116075 0.09830544
v 0.7028556 0.68130606 0.11036342
v 0.7224596 0.6806973 0.1083387
v 0.71422774 0.67123944 0.11651309
v 0.71422774 0.67123944 0.11651309
v 0.7145076 0.6811602 0.11651309
v 0.77646756 0.7083695 0.15766847
v 0.77646756 0.7083695 0.15766847
v 0.77646756 0.7083695 0.15766847
v 0.77905875 0.8404836 0.23987031
v 0.77905875 0.8404836 0.23987031
v 0.77905875 0.84048355 -0.0031055212
v 0.77905875 0.84048355 -0.0031055212
v 0.77646756 0.70836943 -0.0031056255
v 0.77646756 0.70836943 -0.0031056255
v 0.77646756 0.70836943 -0.0031056255
v 0.783445 0.97252524 0.15942705
v 0.783445 0.97252524 0.15942705
v 0.783445 0.9725252 -0.0031056106
v 0.783445 0.9725252 -0.0031056106
v 0.65660393 0.97791046 0.1316042
v 0.65660393 0.97791046 0.1316042
v 0.66178316 0.97828746 -0.0031059533
v 0.66178316 0.97828746 -0.0031059533
v 0.62321687 0.7089416 -0.0031021684
v 0.62321687 0.7089416 -0.0031021684
v 0.62321687 0.7089416 -0.0031021684
v 0.6236995 0.7109516 0.14783514
v 0.6236995 0.7109516 0.14783514
v 0.6236995 0.7109516 0.14783514
v 0.6067059 0.68058616 0.1392628
v 0.6067059 0.68058616 0.1392628
v 0.6222385 0.67655903 0.086102426
v 0.6222385 0.67655903 0.086102426
v 0.6222385 0.67655903 0.086102426
v 0.6222385 0.67655903 0.086102426
v 0.6202743 0.68098474 0.14732333
v 0.6559411 1.0135826 0.13611434
v 0.6531478 1.0198221 -0.0029970706
v 0.4125374 0.6934991 0.1570599
v 0.4125374 0.6934991 0.1570599
v 0.41235 0.85109514 0.15704496
v 0.40811414 0.8511343 -0.0029971004
v 0.4052378 0.6826556 -0.0029971153
v 0.4052378 0.6826556 -0.0029971153
v 0.41522977 0.8510685 0.23987028
v 0.42149872 1.0108595 0.15704435
v 0.42149872 1.0108595 0.15704435
v 0.40811414 0.8511343 -0.0029971004
v 0.41477126 1.0204949 -0.0029971004
v 0.41477126 1.0204949 -0.0029971004
v 0.43045503 1.015716 0.1541512
v 0.43045503 1.015716 0.1541512
v 0.42082578 1.0254064 -0.0029971004
v 0.42082578 1.0254064 -0.0029971004
v 0.42002857 0.6874149 0.15538383
v 0.42002857 0.6874149 0.15538383
v 0.42002857 0.6874149 0.15538383
v 0.41136944 0.6770861 -0.0029971153
v 0.41136944 0.6770861 -0.0029971153
v 0.5013178 1.0170889 0.14537701
v 0.5504055 1.0186732 0.12709591
v 0.5504055 1.0186732 0.12709591
v 0.44364068 0.8499454 0.23987028
v 0.44364068 0.8499454 0.23987028
v 0.4387802 0.71789503 0.15766844
v 0.4387802 0.71789503 0.15766844
v 0.4387802 0.71789503 0.15766844
v 0.44364083 0.8499451 -0.003105536
v 0.44364083 0.8499451 -0.003105536
v 0.4387802 0.717895 -0.0031056553
v 0.4387802 0.717895 -0.0031056553
v 0.446603 0.97841656 0.15704435
v 0.446603 0.97841656 0.15704435
v 0.446603 0.9784165 -0.0031056553
v 0.446603 0.9784165 -0.0031056553
v 0.446603 0.9784165 -0.0031056553
v 0.5004116 0.98065037 0.14682359
v 0.5004116 0.98065037 0.14682359
v 0.54941744 0.983643 0.118884094
v 0.54941744 0.983643 0.118884094
v 0.55718625 0.98420835 -0.0031061023
v 0.55718625 0.98420835 -0.0031061023
v 0.4947783 0.71434027 0.10761937
v 0.4947783 0.71434027 0.10761937
v 0.4947783 0.71434027 0.10761937
v 0.4947783 0.7143402 -0.0030981004
v 0.4947783 0.7143402 -0.0030981004
v 0.577099 0.71226615 0.14783514
v 0.577099 0.71226615 0.14783514
v 0.57237196 0.71076995 0.08610244
v 0.57237196 0.71076995 0.08610244
v 0.57237196 0.71076995 0.08610244
v 0.57237196 0.71076995 0.08610244
v 0.57237196 0.71076995 0.08610244
v 0.56731284 0.6824787 0.14732331
v 0.5710453 0.67800313 0.08610241
v 0.5710453 0.67800313 0.08610241
v 0.5710453 0.67800313 0.08610241
v 0.5710453 0.67800313 0.08610241
v 0.5582799 1.0229827 -0.0029971004
v 0.5582799 1.0229827 -0.0029971004
v 0.5709107 0.6715311 -0.0029971004
v 0.5709107 0.6715311 -0.0029971004
v 0.62321687 0.70894164 0.086122245
v 0.62321687 0.70894164 0.086122245
v 0.62321687 0.70894164 0.086122245
v 0.62321687 0.70894164 0.086122245
v 0.62321687 0.70894164 0.086122245
v 0.62321687 0.70894164 0.086122245
v 0.60752666 0.7096807 0.13800183
v 0.60752666 0.7096807 0.13800183
v 0.57237196 0.71076983 -0.003102094
v 0.57237196 0.71076983 -0.003102094
v 0.5309285 0.9605039 0.056763068
v 0.5309285 0.9605039 0.056763068
v 0.56274164 0.9492719 0.04522319
v 0.56274164 0.9492719 0.04522319
v 0.56274164 0.9492719 0.04522319
v 0.5303743 0.9605193 0.045378923
v 0.5303743 0.9605193 0.045378923
v 0.5303743 0.9605193 0.045378923
v 0.5632957 0.9492565 0.05660732
v 0.5632957 0.9492565 0.05660732
v 0.5599096 0.82922184 0.07992536
v 0.5599096 0.82922184 0.07992536
v 0.5599096 0.82922184 0.07992536
v 0.5233162 0.71031034 0.029555589
v 0.5233162 0.71031034 0.029555589
v 0.5233162 0.71031034 0.029555589
v 0.5238703 0.71029496 0.14581542
v 0.5261272 0.7902991 0.12824734
v 0.5261272 0.7902991 0.12824734
v 0.5273994 0.8353993 0.080081105
v 0.5273994 0.8353993 0.080081105
v 0.5273994 0.8353993 0.080081105
v 0.5559696 0.70920265 0.029399827
v 0.5559696 0.70920265 0.029399827
v 0.5559696 0.70920265 0.029399827
v 0.55870885 0.7866565 0.1280916
v 0.55870885 0.7866565 0.1280916
v 0.5565236 0.7091869 0.14565966
v 0.28289694 0.486015 0.11707806
v 0.28289694 0.486015 0.11707806
v 0.28495333 0.638162 -0.037359506
v 0.28086713 0.6380648 0.11706365
v 0.2900917 0.47565588 -0.037359506
v 0.2900917 0.47565588 -0.037359506
v 0.27808908 0.63799846 0.21256554
v 0.18900904 0.46812952 0.034074023
v 0.18900904 0.46812952 0.034074023
v 0.18900904 0.46812952 0.034074023
v 0.11054894 0.46215683 -0.037359506
v 0.11054894 0.46215683 -0.037359506
v 0.28425422 0.47019637 -0.037359506
v 0.28425422 0.47019637 -0.037359506
v 0.22090131 0.46951228 0.034088448
v 0.22090131 0.46951228 0.034088448
v 0.22090131 0.46951228 0.034088448
v 0.22068575 0.4712654 0.07059637
v 0.22068575 0.4712654 0.07059637
v 0.22068575 0.4712654 0.07059637
v 0.2757549 0.48004007 0.11546083
v 0.2757549 0.48004007 0.11546083
v 0.18674245 0.5033089 0.06906836
v 0.18674245 0.5033089 0.06906836
v 0.18674245 0.5033089 0.06906836
v 0.18674245 0.5033089 0.06906836
v 0.18674245 0.5033089 0.06906836
v 0.21977669 0.50662863 0.06967835
v 0.21977669 0.50662863 0.06967835
v 0.21977669 0.50662863 0.06967835
v 0.21977669 0.50662863 0.06967835
v 0.18895242 0.46979916 0.070589095
v 0.18895242 0.46979916 0.070589095
v 0.18895242 0.46979916 0.070589095
v 0.21977669 0.50662863 0.034567446
v 0.21977669 0.50662863 0.034567446
v 0.21977669 0.50662863 0.034567446
v 0.21977669 0.50662863 0.034567446
v 0.18674245 0.5033088 0.034303278
v 0.18674245 0.5033088 0.034303278
v 0.18674245 0.5033088 0.034303278
v 0.18674245 0.5033088 0.034303278
v 0.26830134 0.8271018 0.12592885
v 0.26830134 0.8271018 0.12592885
v 0.27465686 0.8364924 -0.037359476
v 0.27465686 0.8364924 -0.037359476
v 0.25959215 0.8316617 0.12313726
v 0.25959215 0.8316617 0.12313726
v 0.26874658 0.8411458 -0.037359476
v 0.26874658 0.8411458 -0.037359476
v 0.19476464 0.4689991 0.067164496
v 0.18903747 0.4777322 0.058299467
v 0.18903747 0.4777322 0.058299467
v 0.19462892 0.478225 0.06682812
v 0.1889599 0.46847257 0.058416262
v 0.1889599 0.46847257 0.058416262
v 0.20223966 0.46942103 0.07037087
v 0.20223966 0.46942103 0.07037087
v 0.20198065 0.47863424 0.07001606
v 0.20198065 0.47863424 0.07001606
v 0.21502864 0.4698655 0.06715131
v 0.2143091 0.47906715 0.06684239
v 0.22097337 0.46984175 0.058416262
v 0.22097337 0.46984175 0.058416262
v 0.22010583 0.47906077 0.058299497
v 0.22010583 0.47906077 0.058299497
v 0.22164297 0.46994895 0.07253283
v 0.22164297 0.46994895 0.07253283
v 0.22975418 0.46992826 0.061005518
v 0.22975418 0.46992826 0.061005518
v 0.22975418 0.46992826 0.061005518
v 0.20986658 0.469629 0.07828584
v 0.20986658 0.469629 0.07828584
v 0.20986658 0.469629 0.07828584
v 0.20766687 0.46965513 0.07043083
v 0.18864769 0.46852177 0.07202105
v 0.18864769 0.46852177 0.07202105
v 0.1813879 0.46783996 0.060386404
v 0.1813879 0.46783996 0.060386404
v 0.1813879 0.46783996 0.060386404
v 0.22934335 0.479532 0.061005503
v 0.22934335 0.479532 0.061005503
v 0.22123322 0.47952813 0.07253282
v 0.2094574 0.47919568 0.07828583
v 0.18097708 0.47744521 0.060386404
v 0.18097708 0.47744521 0.060386404
v 0.18823808 0.4781017 0.07202102
v 0.20714799 0.4788567 0.070067406
v 0.19987166 0.46919104 0.0779548
v 0.19987166 0.46919104 0.0779548
v 0.19946262 0.47875836 0.077954814
v 0.25723603 0.50918394 0.11766525
v 0.25723603 0.50918394 0.11766525
v 0.25723603 0.50918394 0.11766525
v 0.2506942 0.63651645 0.21256554
v 0.2506942 0.63651645 0.21256554
v 0.25069433 0.63651615 -0.037464112
v 0.25069433 0.63651615 -0.037464112
v 0.25723603 0.50918394 -0.03746423
v 0.25723603 0.50918394 -0.03746423
v 0.25723603 0.50918394 -0.03746423
v 0.24453622 0.7954492 0.119362116
v 0.24453622 0.7954492 0.119362116
v 0.24453622 0.79544914 -0.0374642
v 0.24453622 0.79544914 -0.0374642
v 0.14584327 0.7849354 -0.03746441
v 0.14584327 0.7849354 -0.03746441
v 0.15079531 0.7883785 0.1288448
v 0.15079531 0.7883785 0.1288448
v 0.12343714 0.76040983 0.092516065
v 0.12343714 0.76040983 0.092516065
v 0.12839612 0.76112664 -0.03746453
v 0.12839612 0.76112664 -0.03746453
v 0.109698564 0.49925345 -0.037460893
v 0.109698564 0.49925345 -0.037460893
v 0.109698564 0.49925345 -0.037460893
v 0.110025585 0.50122094 0.108177155
v 0.110025585 0.50122094 0.108177155
v 0.110025585 0.50122094 0.108177155
v 0.09574664 0.470833 0.09990579
v 0.09574664 0.470833 0.09990579
v 0.11097172 0.46801937 0.048611835
v 0.11097172 0.46801937 0.048611835
v 0.11097172 0.46801937 0.048611835
v 0.11097172 0.46801937 0.048611835
v 0.10877836 0.47214475 0.10768331
v 0.1203593 0.7946975 0.096867874
v 0.14290842 0.83623207 -0.037359506
v 0.117244124 0.8005116 -0.037359506
v 0.14215034 0.8286795 0.12962487
v -0.09201658 0.46998158 0.117078036
v -0.09201658 0.46998158 0.117078036
v -0.10297543 0.6216493 0.11706362
v -0.10705501 0.6213973 -0.037359536
v -0.10705501 0.6213973 -0.037359536
v -0.09830052 0.45904595 -0.037359536
v -0.09830052 0.45904595 -0.037359536
v -0.100202024 0.6218205 0.21256551
v -0.10509676 0.7760425 0.117063046
v -0.10509676 0.7760425 0.117063046
v -0.11223078 0.7848562 -0.037359536
v -0.11223078 0.7848562 -0.037359536
v -0.09680873 0.7813292 0.11427147
v -0.09680873 0.7813292 0.11427147
v -0.10673946 0.7899973 -0.037359506
v -0.10673946 0.7899973 -0.037359506
v -0.08439046 0.4646379 0.1154608
v -0.08439046 0.4646379 0.1154608
v -0.08439046 0.4646379 0.1154608
v -0.092018306 0.45410475 -0.037359536
v -0.092018306 0.45410475 -0.037359536
v -0.028699696 0.78749686 0.10580533
v 0.018436968 0.7923792 0.08816606
v 0.018436968 0.7923792 0.08816606
v -0.07278061 0.6226825 0.21256551
v -0.07278061 0.6226825 0.21256551
v -0.068427324 0.4952567 0.11766522
v -0.068427324 0.4952567 0.11766522
v -0.068427324 0.4952567 0.11766522
v -0.07278061 0.6226825 -0.03746414
v -0.07278061 0.6226825 -0.03746414
v -0.068427324 0.49525672 -0.03746423
v -0.068427324 0.49525672 -0.03746423
v -0.07871592 0.7465343 0.11706305
v -0.07871592 0.7465343 0.11706305
v -0.07871604 0.7465342 -0.03746423
v -0.07871604 0.7465342 -0.03746423
v -0.07871604 0.7465342 -0.03746423
v -0.02707988 0.7523643 0.107201114
v -0.02707988 0.7523643 0.107201114
v 0.019881904 0.75859606 0.080242544
v 0.019881904 0.75859606 0.080242544
v 0.027320206 0.7596717 -0.03746468
v 0.027320206 0.7596717 -0.03746468
v -0.014288008 0.4956651 0.069373325
v -0.014288008 0.4956651 0.069373325
v -0.014288008 0.4956651 0.069373325
v -0.014288008 0.49566513 -0.03745696
v -0.014288008 0.49566513 -0.03745696
v 0.06508446 0.4992988 0.10817716
v 0.06508446 0.4992988 0.10817716
v 0.060637176 0.4975356 0.04861182
v 0.060637176 0.4975356 0.04861182
v 0.060637176 0.4975356 0.04861182
v 0.060637176 0.4975356 0.04861182
v 0.060637176 0.4975356 0.04861182
v 0.0577029 0.46996036 0.1076833
v 0.06160134 0.46590796 0.04861182
v 0.06160134 0.46590796 0.04861182
v 0.06160134 0.46590796 0.04861182
v 0.06160134 0.46590796 0.04861182
v 0.025721073 0.7970654 -0.037359506
v 0.025721073 0.7970654 -0.037359506
v 0.061914563 0.45966965 -0.037359506
v 0.061914563 0.45966965 -0.037359506
v 0.10969865 0.49925345 0.048630938
v 0.10969865 0.49925345 0.048630938
v 0.10969865 0.49925345 0.048630938
v 0.10969865 0.49925345 0.048630938
v 0.10969865 0.49925345 0.048630938
v 0.10969865 0.49925345 0.048630938
v 0.094546616 0.49889156 0.09868909
v 0.094546616 0.49889156 0.09868909
v 0.060637176 0.4975356 -0.037460804
v 0.060637176 0.4975356 -0.037460804
v -0.3128335 0.28707057 0.15705991
v -0.3128335 0.28707057 0.15705991
v -0.326136 0.12993526 -0.0029970855
v -0.32190454 0.12973571 0.15704498
v -0.31951004 0.29830828 -0.0029971004
v -0.31951004 0.29830828 -0.0029971004
v -0.31902784 0.12959984 0.2398703
v -0.2144602 0.2986633 0.07103562
v -0.2144602 0.2986633 0.07103562
v -0.2144602 0.2986633 0.07103562
v -0.13291097 0.29907405 -0.0029971004
v -0.13291097 0.29907405 -0.0029971004
v -0.31307453 0.3035233 -0.0029971004
v -0.31307453 0.3035233 -0.0029971004
v -0.24753124 0.29957655 0.071050584
v -0.24753124 0.29957655 0.071050584
v -0.24753124 0.29957655 0.071050584
v -0.24743718 0.2977485 0.1088869
v -0.24743718 0.2977485 0.1088869
v -0.24743718 0.2977485 0.1088869
v -0.30501133 0.29272294 0.15538384
v -0.30501133 0.29272294 0.15538384
v -0.21470124 0.2621289 0.1073033
v -0.21470124 0.2621289 0.1073033
v -0.21470124 0.2621289 0.1073033
v -0.21470124 0.2621289 0.1073033
v -0.21470124 0.2621289 0.1073033
v -0.21452427 0.29693317 0.108879365
v -0.21452427 0.29693317 0.108879365
v -0.21452427 0.29693317 0.108879365
v -0.24909526 0.26112378 0.10793548
v -0.24909526 0.26112378 0.10793548
v -0.24909526 0.26112378 0.10793548
v -0.24909526 0.26112378 0.10793548
v -0.24909526 0.2611238 0.071547
v -0.24909526 0.2611238 0.071547
v -0.24909526 0.2611238 0.071547
v -0.24909526 0.2611238 0.071547
v -0.21470124 0.26212904 0.07127322
v -0.21470124 0.26212904 0.07127322
v -0.21470124 0.26212904 0.07127322
v -0.21470124 0.26212904 0.07127322
v -0.3218783 -0.033897866 0.16623272
v -0.3218783 -0.033897866 0.16623272
v -0.32781428 -0.041943096 -0.0029970706
v -0.32781428 -0.041943096 -0.0029970706
v -0.326136 0.12993526 -0.0029970855
v -0.31320995 -0.03925157 0.16333957
v -0.31320995 -0.03925157 0.16333957
v -0.32204616 -0.047188073 -0.0029970706
v -0.32204616 -0.047188073 -0.0029970706
v -0.22101146 0.28863946 0.104981504
v -0.21443456 0.29830477 0.09626359
v -0.21443456 0.29830477 0.09626359
v -0.21519506 0.2887382 0.096142545
v -0.21519506 0.2887382 0.096142545
v -0.22047395 0.29818696 0.10533016
v -0.22823262 0.29830003 0.10865321
v -0.22823262 0.29830003 0.10865321
v -0.22864163 0.2887565 0.10828545
v -0.22864163 0.2887565 0.10828545
v -0.24148637 0.2987799 0.10531648
v -0.24741036 0.28964707 0.096142575
v -0.24741036 0.28964707 0.096142575
v -0.24763006 0.29924104 0.09626359
v -0.24763006 0.29924104 0.09626359
v -0.24141824 0.28921473 0.104996316
v -0.24832994 0.29917946 0.110893816
v -0.24832994 0.29917946 0.110893816
v -0.25671357 0.2997969 0.098947056
v -0.25671357 0.2997969 0.098947056
v -0.25671357 0.2997969 0.098947056
v -0.23613238 0.29864526 0.11685615
v -0.23613238 0.29864526 0.11685615
v -0.23613238 0.29864526 0.11685615
v -0.23386014 0.29845667 0.10871534
v -0.21411532 0.2982312 0.11036344
v -0.21411532 0.2982312 0.11036344
v -0.20656037 0.29840258 0.098305434
v -0.20656037 0.29840258 0.098305434
v -0.20656037 0.29840258 0.098305434
v -0.25699472 0.2898385 0.098947056
v -0.25699472 0.2898385 0.098947056
v -0.2486102 0.28924683 0.11089381
v -0.23641229 0.2887253 0.11685614
v -0.20684123 0.2884427 0.09830542
v -0.20684123 0.2884427 0.09830542
v -0.21439564 0.28829736 0.110363394
v -0.23399967 0.28890607 0.10833868
v -0.22576779 0.29836395 0.11651308
v -0.22576779 0.29836395 0.11651308
v -0.2260477 0.28844324 0.116513066
v -0.28800768 0.261234 0.15766844
v -0.28800768 0.261234 0.15766844
v -0.28800768 0.261234 0.15766844
v -0.2905988 0.12911987 0.2398703
v -0.2905988 0.12911987 0.2398703
v -0.2905988 0.1291199 -0.0031055212
v -0.2905988 0.1291199 -0.0031055212
v -0.28800768 0.261234 -0.0031056404
v -0.28800768 0.261234 -0.0031056404
v -0.28800768 0.261234 -0.0031056404
v -0.29498512 -0.002921762 0.15942705
v -0.29498512 -0.002921762 0.15942705
v -0.29498512 -0.00292179 -0.0031056404
v -0.29498512 -0.00292179 -0.0031056404
v -0.16814405 -0.008306952 0.1316042
v -0.16814405 -0.008306952 0.1316042
v -0.17332327 -0.008684022 -0.0031059682
v -0.17332327 -0.008684022 -0.0031059682
v -0.13475698 0.2606618 -0.0031021684
v -0.13475698 0.2606618 -0.0031021684
v -0.13475698 0.2606618 -0.0031021684
v -0.1352396 0.2586518 0.14783514
v -0.1352396 0.2586518 0.14783514
v -0.1352396 0.2586518 0.14783514
v -0.11824602 0.28901732 0.1392628
v -0.11824602 0.28901732 0.1392628
v -0.13377863 0.29304445 0.08610241
v -0.13377863 0.29304445 0.08610241
v -0.13377863 0.29304445 0.08610241
v -0.13377863 0.29304445 0.08610241
v -0.13181436 0.28861874 0.14732331
v -0.1674813 -0.04397918 0.13611433
v -0.16468793 -0.05021867 -0.0029971004
v 0.07592249 0.27610433 0.15705988
v 0.07592249 0.27610433 0.15705988
v 0.076109946 0.11850828 0.15704495
v 0.08034581 0.11846904 -0.0029971302
v 0.08322215 0.28694782 -0.0029971153
v 0.08322215 0.28694782 -0.0029971153
v 0.07323015 0.11853492 0.23987028
v 0.06696117 -0.041256048 0.15704434
v 0.06696117 -0.041256048 0.15704434
v 0.08034581 0.11846904 -0.0029971302
v 0.07368863 -0.050891466 -0.0029971153
v 0.07368863 -0.050891466 -0.0029971153
v 0.058004856 -0.046112463 0.15415117
v 0.058004856 -0.046112463 0.15415117
v 0.067634165 -0.05580288 -0.0029971153
v 0.067634165 -0.05580288 -0.0029971153
v 0.06843132 0.2821886 0.15538381
v 0.06843132 0.2821886 0.15538381
v 0.06843132 0.2821886 0.15538381
v 0.0770905 0.29251727 -0.0029971153
v 0.0770905 0.29251727 -0.0029971153
v -0.012857914 -0.04748531 0.14537701
v -0.061945617 -0.049069643 0.12709588
v -0.061945617 -0.049069643 0.12709588
v 0.044819295 0.11965804 0.23987028
v 0.044819295 0.11965804 0.23987028
v 0.049679756 0.25170842 0.15766843
v 0.049679756 0.25170842 0.15766843
v 0.049679756 0.25170842 0.15766843
v 0.044819117 0.119658224 -0.003105536
v 0.044819117 0.119658224 -0.003105536
v 0.049679756 0.25170845 -0.003105685
v 0.049679756 0.25170845 -0.003105685
v 0.041856945 -0.008813122 0.15704434
v 0.041856945 -0.008813122 0.15704434
v 0.041856945 -0.00881315 -0.0031056553
v 0.041856945 -0.00881315 -0.0031056553
v 0.041856945 -0.00881315 -0.0031056553
v -0.011951625 -0.011046868 0.14682359
v -0.011951625 -0.011046868 0.14682359
v -0.06095755 -0.014039585 0.118884094
v -0.06095755 -0.014039585 0.118884094
v -0.0687263 -0.014604948 -0.0031061321
v -0.0687263 -0.014604948 -0.0031061321
v -0.0063183904 0.2552632 0.10761937
v -0.0063183904 0.2552632 0.10761937
v -0.0063183904 0.2552632 0.10761937
v -0.0063183904 0.2552632 -0.0030981302
v -0.0063183904 0.2552632 -0.0030981302
v -0.08863908 0.25733733 0.1478351
v -0.08863908 0.25733733 0.1478351
v -0.083912015 0.25883353 0.086102426
v -0.083912015 0.25883353 0.086102426
v -0.083912015 0.25883353 0.086102426
v -0.083912015 0.25883353 0.086102426
v -0.083912015 0.25883353 0.086102426
v -0.07885295 0.2871247 0.14732331
v -0.082585335 0.29160035 0.08610241
v -0.082585335 0.29160035 0.08610241
v -0.082585335 0.29160035 0.08610241
v -0.082585335 0.29160035 0.08610241
v -0.06981999 -0.053379208 -0.0029971004
v -0.06981999 -0.053379208 -0.0029971004
v -0.08245075 0.29807228 -0.0029971004
v -0.08245075 0.29807228 -0.0029971004
v -0.13475698 0.2606618 0.08612223
v -0.13475698 0.2606618 0.08612223
v -0.13475698 0.2606618 0.08612223
v -0.13475698 0.2606618 0.08612223
v -0.13475698 0.2606618 0.08612223
v -0.13475698 0.2606618 0.08612223
v -0.119066715 0.25992277 0.13800181
v -0.119066715 0.25992277 0.13800181
v -0.083912075 0.2588336 -0.0031021088
v -0.083912075 0.2588336 -0.0031021088
v -0.042468548 0.009099595 0.056763038
v -0.042468548 0.009099595 0.056763038
v -0.07428169 0.020331431 0.045223176
v -0.07428169 0.020331431 0.045223176
v -0.07428169 0.020331431 0.045223176
v -0.041914344 0.009084106 0.045378923
v -0.041914344 0.009084106 0.045378923
v -0.041914344 0.009084106 0.045378923
v -0.07483578 0.02034692 0.056607306
v -0.07483578 0.02034692 0.056607306
v -0.07144964 0.14038163 0.07992534
v -0.07144964 0.14038163 0.07992534
v -0.07144964 0.14038163 0.07992534
v -0.03485632 0.25929308 0.02955556
v -0.03485632 0.25929308 0.02955556
v -0.03485632 0.25929308 0.02955556
v -0.035410345 0.25930858 0.1458154
v -0.037667215 0.17930427 0.12824732
v -0.037667215 0.17930427 0.12824732
v -0.038939476 0.13420421 0.080081105
v -0.038939476 0.13420421 0.080081105
v -0.038939476 0.13420421 0.080081105
v -0.06750965 0.26040074 0.029399812
v -0.06750965 0.26040074 0.029399812
v -0.06750965 0.26040074 0.029399812
v -0.0702489 0.182947 0.12809157
v -0.0702489 0.182947 0.12809157
v -0.06806368 0.2604165 0.14565964
v -0.73935616 -0.18411428 0.12906398
v -0.73935616 -0.18411428 0.12906398
v -0.6086991 -0.1858802 -0.0035602301
v -0.60878253 -0.18237117 0.1290516
v -0.7482523 -0.1902928 -0.0035602301
v -0.7482523 -0.1902928 -0.0035602301
v -0.6088394 -0.17998548 0.21106443
v -0.75471556 -0.10348747 0.057783738
v -0.75471556 -0.10348747 0.057783738
v -0.75471556 -0.10348747 0.057783738
v -0.75984466 -0.036109347 -0.0035602152
v -0.75984466 -0.036109347 -0.0035602152
v -0.75294065 -0.18527985 -0.0035602301
v -0.75294065 -0.18527985 -0.0035602301
v -0.7535281 -0.13087513 0.05779615
v -0.7535281 -0.13087513 0.05779615
v -0.7535281 -0.13087513 0.05779615
v -0.7520225 -0.13069 0.08914752
v -0.7520225 -0.13069 0.08914752
v -0.7520225 -0.13069 0.08914752
v -0.7444873 -0.177981 0.12767516
v -0.7444873 -0.177981 0.12767516
v -0.72450495 -0.101541005 0.08783534
v -0.72450495 -0.101541005 0.08783534
v -0.72450495 -0.101541005 0.08783534
v -0.72450495 -0.101541005 0.08783534
v -0.72450495 -0.101541005 0.08783534
v -0.7216542 -0.12990935 0.08835919
v -0.7216542 -0.12990935 0.08835919
v -0.7216542 -0.12990935 0.08835919
v -0.7216542 -0.12990935 0.08835919
v -0.7532817 -0.10343881 0.08914128
v -0.7532817 -0.10343881 0.08914128
v -0.7532817 -0.10343881 0.08914128
v -0.7216542 -0.12990935 0.058207482
v -0.7216542 -0.12990935 0.058207482
v -0.7216542 -0.12990935 0.058207482
v -0.7216542 -0.12990935 0.058207482
v -0.72450507 -0.10154101 0.057980612
v -0.72450507 -0.10154101 0.057980612
v -0.72450507 -0.10154101 0.057980612
v -0.72450507 -0.10154101 0.057980612
v -0.44644582 -0.17158023 0.13666463
v -0.44644582 -0.17158023 0.13666463
v -0.43838155 -0.17703803 -0.0035602003
v -0.43838155 -0.17703803 -0.0035602003
v -0.44253004 -0.16410112 0.13426735
v -0.44253004 -0.16410112 0.13426735
v -0.43438554 -0.17196256 -0.0035602003
v -0.43438554 -0.17196256 -0.0035602003
v -0.7539687 -0.1084301 0.08620039
v -0.746469 -0.10351186 0.07858749
v -0.746469 -0.10351186 0.07858749
v -0.74604595 -0.10831354 0.08591151
v -0.7544209 -0.10344523 0.07868779
v -0.7544209 -0.10344523 0.07868779
v -0.7536063 -0.11484933 0.08895388
v -0.7536063 -0.11484933 0.08895388
v -0.7456945 -0.1146269 0.08864917
v -0.7456945 -0.1146269 0.08864917
v -0.7532246 -0.12583196 0.08618908
v -0.7453227 -0.12521401 0.08592379
v -0.753245 -0.13093701 0.0786878
v -0.753245 -0.13093701 0.0786878
v -0.7453282 -0.13019203 0.07858753
v -0.7453282 -0.13019203 0.07858753
v -0.7531531 -0.13151202 0.09081048
v -0.7531531 -0.13151202 0.09081048
v -0.7531707 -0.13847758 0.08091132
v -0.7531707 -0.13847758 0.08091132
v -0.7531707 -0.13847758 0.08091132
v -0.75342786 -0.121398985 0.095750906
v -0.75342786 -0.121398985 0.095750906
v -0.75342786 -0.121398985 0.095750906
v -0.75340545 -0.11950998 0.08900538
v -0.7543787 -0.103177145 0.090371
v -0.7543787 -0.103177145 0.090371
v -0.7549641 -0.09694277 0.08037965
v -0.7549641 -0.09694277 0.08037965
v -0.7549641 -0.09694277 0.08037965
v -0.7449235 -0.13812481 0.08091132
v -0.7449235 -0.13812481 0.08091132
v -0.7449268 -0.13116015 0.09081048
v -0.7452123 -0.12104763 0.095750906
v -0.74671566 -0.096589945 0.08037965
v -0.74671566 -0.096589945 0.08037965
v -0.7461518 -0.10282538 0.09037095
v -0.7455033 -0.119064406 0.08869329
v -0.75380385 -0.11281578 0.095466636
v -0.75380385 -0.11281578 0.095466636
v -0.7455878 -0.11246455 0.095466636
v -0.7194598 -0.16207778 0.12956822
v -0.7194598 -0.16207778 0.12956822
v -0.7194598 -0.16207778 0.12956822
v -0.6101122 -0.15645996 0.21106443
v -0.6101122 -0.15645996 0.21106443
v -0.6101124 -0.15646009 -0.0036500543
v -0.6101124 -0.15646009 -0.0036500543
v -0.7194598 -0.1620778 -0.0036501586
v -0.7194598 -0.1620778 -0.0036501586
v -0.7194598 -0.1620778 -0.0036501586
v -0.4736277 -0.15117179 0.1310254
v -0.4736277 -0.15117179 0.1310254
v -0.4736277 -0.1511718 -0.0036501288
v -0.4736277 -0.1511718 -0.0036501288
v -0.48265648 -0.066418566 -0.0036503077
v -0.48265648 -0.066418566 -0.0036503077
v -0.47969985 -0.07067116 0.13916871
v -0.47969985 -0.07067116 0.13916871
v -0.5037179 -0.04717715 0.10797121
v -0.5037179 -0.04717715 0.10797121
v -0.5031024 -0.051435735 -0.003650412
v -0.5031024 -0.051435735 -0.003650412
v -0.72798765 -0.035379097 -0.0036472678
v -0.72798765 -0.035379097 -0.0036472678
v -0.72798765 -0.035379097 -0.0036472678
v -0.726298 -0.03565991 0.121420264
v -0.726298 -0.03565991 0.121420264
v -0.726298 -0.03565991 0.121420264
v -0.7523937 -0.02339777 0.11431718
v -0.7523937 -0.02339777 0.11431718
v -0.75481 -0.036472436 0.07026817
v -0.75481 -0.036472436 0.07026817
v -0.75481 -0.036472436 0.07026817
v -0.75481 -0.036472436 0.07026817
v -0.7512673 -0.03458885 0.12099617
v -0.4742732 -0.044534057 0.11170834
v -0.4386052 -0.06389828 -0.0035602152
v -0.46928036 -0.0418589 -0.0035602152
v -0.445091 -0.063247256 0.13983864
v -0.75312495 0.13784501 0.12906395
v -0.75312495 0.13784501 0.12906395
v -0.6228794 0.14725596 0.12905157
v -0.62309575 0.15075932 -0.003560245
v -0.62309575 0.15075932 -0.003560245
v -0.762516 0.1432414 -0.003560245
v -0.762516 0.1432414 -0.003560245
v -0.6227324 0.14487435 0.21106441
v -0.49029326 0.14907774 0.12905109
v -0.49029326 0.14907774 0.12905109
v -0.48272443 0.1552041 -0.003560245
v -0.48272443 0.1552041 -0.003560245
v -0.4857533 0.14196031 0.12665379
v -0.4857533 0.14196031 0.12665379
v -0.4783095 0.15048838 -0.003560245
v -0.4783095 0.15048838 -0.003560245
v -0.7577139 0.13129607 0.12767515
v -0.7577139 0.13129607 0.12767515
v -0.7577139 0.13129607 0.12767515
v -0.7667593 0.1378465 -0.0035602301
v -0.7667593 0.1378465 -0.0035602301
v -0.4804567 0.08347127 0.11938345
v -0.47626412 0.042992372 0.104235604
v -0.47626412 0.042992372 0.104235604
v -0.6219921 0.12132602 0.2110644
v -0.6219921 0.12132602 0.2110644
v -0.7314198 0.11758761 0.12956819
v -0.7314198 0.11758761 0.12956819
v -0.7314198 0.11758761 0.12956819
v -0.6219921 0.12132601 -0.0036500692
v -0.6219921 0.12132601 -0.0036500692
v -0.7314198 0.117587596 -0.0036501735
v -0.7314198 0.117587596 -0.0036501735
v -0.5156337 0.126423 0.12905109
v -0.5156337 0.126423 0.12905109
v -0.5156337 0.12642312 -0.0036501586
v -0.5156337 0.12642312 -0.0036501586
v -0.5156337 0.12642312 -0.0036501586
v -0.51062715 0.082080245 0.12058208
v -0.51062715 0.082080245 0.12058208
v -0.5052755 0.04175154 0.09743125
v -0.5052755 0.04175154 0.09743125
v -0.50435185 0.035363846 -0.003650546
v -0.50435185 0.035363846 -0.003650546
v -0.7310691 0.07109518 0.08809723
v -0.7310691 0.07109518 0.08809723
v -0.7310691 0.07109518 0.08809723
v -0.7310691 0.07109518 -0.00364393
v -0.7310691 0.07109518 -0.00364393
v -0.72794855 0.0029335609 0.12142027
v -0.72794855 0.0029335609 0.12142027
v -0.72946286 0.006752719 0.07026817
v -0.72946286 0.006752719 0.07026817
v -0.72946286 0.006752719 0.07026817
v -0.72946286 0.006752719 0.07026817
v -0.72946286 0.006752719 0.07026817
v -0.7531433 0.009272532 0.12099617
v -0.75662315 0.00592473 0.070268154
v -0.75662315 0.00592473 0.070268154
v -0.75662315 0.00592473 0.070268154
v -0.75662315 0.00592473 0.070268154
v -0.47223973 0.0367371 -0.0035602152
v -0.47223973 0.0367371 -0.0035602152
v -0.7619804 0.005655749 -0.0035602301
v -0.7619804 0.005655749 -0.0035602301
v -0.72798765 -0.03537915 0.07028459
v -0.72798765 -0.03537915 0.07028459
v -0.72798765 -0.03537915 0.07028459
v -0.72798765 -0.03537915 0.07028459
v -0.72798765 -0.03537915 0.07028459
v -0.72798765 -0.03537915 0.07028459
v -0.7282984 -0.02236725 0.113272324
v -0.7282984 -0.02236725 0.113272324
v -0.72946286 0.0067527136 -0.003647223
v -0.72946286 0.0067527136 -0.003647223
v -0.3841027 0.7242165 0.18016419
v -0.3841027 0.7242165 0.18016419
v -0.5147598 0.7259825 0.047539994
v -0.51467633 0.7224734 0.1801518
v -0.3752067 0.730395 0.047539994
v -0.3752067 0.730395 0.047539994
v -0.51461935 0.7200877 0.26216465
v -0.36874342 0.6435897 0.10888395
v -0.36874342 0.6435897 0.10888395
v -0.36874342 0.6435897 0.10888395
v -0.36361438 0.5762116 0.047539964
v -0.36361438 0.5762116 0.047539964
v -0.37051833 0.72538203 0.047539994
v -0.37051833 0.72538203 0.047539994
v -0.36993086 0.67097735 0.108896345
v -0.36993086 0.67097735 0.108896345
v -0.36993086 0.67097735 0.108896345
v -0.37143642 0.6707922 0.14024773
v -0.37143642 0.6707922 0.14024773
v -0.37143642 0.6707922 0.14024773
v -0.37897164 0.7180832 0.17877537
v -0.37897164 0.7180832 0.17877537
v -0.3989539 0.6416432 0.13893555
v -0.3989539 0.6416432 0.13893555
v -0.3989539 0.6416432 0.13893555
v -0.3989539 0.6416432 0.13893555
v -0.3989539 0.6416432 0.13893555
v -0.3701772 0.64354104 0.1402415
v -0.3701772 0.64354104 0.1402415
v -0.3701772 0.64354104 0.1402415
v -0.4018047 0.6700116 0.1394594
v -0.4018047 0.6700116 0.1394594
v -0.4018047 0.6700116 0.1394594
v -0.4018047 0.6700116 0.1394594
v -0.4018047 0.6700116 0.10930769
v -0.4018047 0.6700116 0.10930769
v -0.4018047 0.6700116 0.10930769
v -0.4018047 0.6700116 0.10930769
v -0.39895386 0.6416432 0.10908082
v -0.39895386 0.6416432 0.10908082
v -0.39895386 0.6416432 0.10908082
v -0.39895386 0.6416432 0.10908082
v -0.67701304 0.71168244 0.18776485
v -0.67701304 0.71168244 0.18776485
v -0.6850773 0.71714026 0.04754001
v -0.6850773 0.71714026 0.04754001
v -0.6809288 0.7042033 0.18536755
v -0.6809288 0.7042033 0.18536755
v -0.68907344 0.7120648 0.047539994
v -0.68907344 0.7120648 0.047539994
v -0.36949015 0.6485323 0.13730061
v -0.37698984 0.6436141 0.1296877
v -0.37698984 0.6436141 0.1296877
v -0.37741297 0.64841574 0.13701172
v -0.36903805 0.6435474 0.12978798
v -0.36903805 0.6435474 0.12978798
v -0.36985254 0.6549515 0.1400541
v -0.36985254 0.6549515 0.1400541
v -0.37776446 0.6547291 0.13974938
v -0.37776446 0.6547291 0.13974938
v -0.37023425 0.6659342 0.13728929
v -0.37813616 0.6653162 0.13702399
v -0.3702138 0.6710392 0.129788
v -0.3702138 0.6710392 0.129788
v -0.37813067 0.6702942 0.12968773
v -0.37813067 0.6702942 0.12968773
v -0.3703059 0.6716143 0.1419107
v -0.3703059 0.6716143 0.1419107
v -0.37028807 0.67857975 0.13201153
v -0.37028807 0.67857975 0.13201153
v -0.37028807 0.67857975 0.13201153
v -0.37003106 0.6615012 0.14685112
v -0.37003106 0.6615012 0.14685112
v -0.37003106 0.6615012 0.14685112
v -0.3700536 0.6596122 0.14010558
v -0.3690803 0.6432794 0.1414712
v -0.3690803 0.6432794 0.1414712
v -0.36849475 0.63704497 0.13147986
v -0.36849475 0.63704497 0.13147986
v -0.36849475 0.63704497 0.13147986
v -0.37853533 0.67822695 0.13201153
v -0.37853533 0.67822695 0.13201153
v -0.37853205 0.6712624 0.1419107
v -0.37824655 0.66114986 0.14685112
v -0.37674332 0.63669217 0.13147986
v -0.37674332 0.63669217 0.13147986
v -0.37730706 0.6429276 0.14147118
v -0.3779555 0.65916663 0.13979349
v -0.369655 0.652918 0.14656684
v -0.369655 0.652918 0.14656684
v -0.37787104 0.65256673 0.14656684
v -0.4039991 0.70217997 0.18066843
v -0.4039991 0.70217997 0.18066843
v -0.4039991 0.70217997 0.18066843
v -0.5133467 0.6965622 0.26216465
v -0.5133467 0.6965622 0.26216465
v -0.51334643 0.6965624 0.047450155
v -0.51334643 0.6965624 0.047450155
v -0.4039991 0.7021801 0.047450066
v -0.4039991 0.7021801 0.047450066
v -0.4039991 0.7021801 0.047450066
v -0.6498312 0.691274 0.18212563
v -0.6498312 0.691274 0.18212563
v -0.6498312 0.691274 0.047450066
v -0.6498312 0.691274 0.047450066
v -0.6408024 0.60652083 0.0474499
v -0.6408024 0.60652083 0.0474499
v -0.64375913 0.6107734 0.19026893
v -0.64375913 0.6107734 0.19026893
v -0.61974096 0.5872793 0.15907142
v -0.61974096 0.5872793 0.15907142
v -0.62035656 0.59153795 0.047449768
v -0.62035656 0.59153795 0.047449768
v -0.39547127 0.57548136 0.047452927
v -0.39547127 0.57548136 0.047452927
v -0.39547127 0.57548136 0.047452927
v -0.3971609 0.57576215 0.17252049
v -0.3971609 0.57576215 0.17252049
v -0.3971609 0.57576215 0.17252049
v -0.37106508 0.5635 0.16541739
v -0.37106508 0.5635 0.16541739
v -0.36864883 0.5765746 0.12136838
v -0.36864883 0.5765746 0.12136838
v -0.36864883 0.5765746 0.12136838
v -0.36864883 0.5765746 0.12136838
v -0.37219155 0.57469106 0.17209639
v -0.64918566 0.5846363 0.16280855
v -0.6848538 0.6040005 0.047539994
v -0.6541785 0.5819611 0.047539994
v -0.678368 0.60334945 0.19093883
v -0.3703339 0.4022572 0.18016416
v -0.3703339 0.4022572 0.18016416
v -0.5005795 0.39284626 0.18015178
v -0.5003631 0.3893429 0.04753998
v -0.5003631 0.3893429 0.04753998
v -0.36094284 0.39686078 0.047539964
v -0.36094284 0.39686078 0.047539964
v -0.5007266 0.39522785 0.2621646
v -0.6331656 0.3910245 0.18015128
v -0.6331656 0.3910245 0.18015128
v -0.64073443 0.38489813 0.04753998
v -0.64073443 0.38489813 0.04753998
v -0.63770556 0.39814195 0.177754
v -0.63770556 0.39814195 0.177754
v -0.64514947 0.38961387 0.04753998
v -0.64514947 0.38961387 0.04753998
v -0.365745 0.40880612 0.17877534
v -0.365745 0.40880612 0.17877534
v -0.365745 0.40880612 0.17877534
v -0.35669953 0.40225568 0.047539964
v -0.35669953 0.40225568 0.047539964
v -0.64300215 0.45663095 0.17048366
v -0.64719486 0.4971099 0.15533581
v -0.64719486 0.4971099 0.15533581
v -0.5014669 0.4187762 0.26216462
v -0.5014669 0.4187762 0.26216462
v -0.39203906 0.42251462 0.18066841
v -0.39203906 0.42251462 0.18066841
v -0.39203906 0.42251462 0.18066841
v -0.5014669 0.4187762 0.047450125
v -0.5014669 0.4187762 0.047450125
v -0.39203906 0.4225146 0.047450036
v -0.39203906 0.4225146 0.047450036
v -0.6078253 0.4136792 0.18015128
v -0.6078253 0.4136792 0.18015128
v -0.6078253 0.41367912 0.047450036
v -0.6078253 0.41367912 0.047450036
v -0.6078253 0.41367912 0.047450036
v -0.61283183 0.45802197 0.1716823
v -0.61283183 0.45802197 0.1716823
v -0.6181834 0.49835068 0.14853147
v -0.6181834 0.49835068 0.14853147
v -0.619107 0.50473833 0.047449633
v -0.619107 0.50473833 0.047449633
v -0.39238977 0.46900705 0.13919744
v -0.39238977 0.46900705 0.13919744
v -0.39238977 0.46900705 0.13919744
v -0.39238977 0.46900702 0.047456294
v -0.39238977 0.46900702 0.047456294
v -0.39551026 0.5371687 0.17252047
v -0.39551026 0.5371687 0.17252047
v -0.39399606 0.5333495 0.12136839
v -0.39399606 0.5333495 0.12136839
v -0.39399606 0.5333495 0.12136839
v -0.39399606 0.5333495 0.12136839
v -0.39399606 0.5333495 0.12136839
v -0.37031573 0.53082967 0.17209639
v -0.3668357 0.5341775 0.12136838
v -0.3668357 0.5341775 0.12136838
v -0.3668357 0.5341775 0.12136838
v -0.3668357 0.5341775 0.12136838
v -0.6512191 0.50336516 0.04753998
v -0.6512191 0.50336516 0.04753998
v -0.36147845 0.5344465 0.04753998
v -0.36147845 0.5344465 0.04753998
v -0.39547127 0.57548136 0.1213848
v -0.39547127 0.57548136 0.1213848
v -0.39547127 0.57548136 0.1213848
v -0.39547127 0.57548136 0.1213848
v -0.39547127 0.57548136 0.1213848
v -0.39547127 0.57548136 0.1213848
v -0.39516056 0.5624694 0.16437253
v -0.39516056 0.5624694 0.16437253
v -0.39399606 0.5333495 0.04745297
v -0.39399606 0.5333495 0.04745297
v -0.8296397 -0.39875126 0.17166781
v -0.8296397 -0.39875126 0.17166781
v -0.84294224 -0.55588657 0.011610821
v -0.8387109 -0.5560861 0.17165288
v -0.83631635 -0.3875136 0.011610821
v -0.83631635 -0.3875136 0.011610821
v -0.835834 -0.556222 0.25447822
v -0.73126626 -0.38715854 0.085643545
v -0.73126626 -0.38715854 0.085643545
v -0.73126626 -0.38715854 0.085643545
v -0.6497172 -0.38674775 0.011610821
v -0.6497172 -0.38674775 0.011610821
v -0.8298807 -0.38229856 0.011610836
v -0.8298807 -0.38229856 0.011610836
v -0.7643374 -0.38624534 0.08565849
v -0.7643374 -0.38624534 0.08565849
v -0.7643374 -0.38624534 0.08565849
v -0.7642435 -0.38807333 0.123494804
v -0.7642435 -0.38807333 0.123494804
v -0.7642435 -0.38807333 0.123494804
v -0.82181764 -0.39309895 0.16999176
v -0.82181764 -0.39309895 0.16999176
v -0.73150754 -0.423693 0.12191121
v -0.73150754 -0.423693 0.12191121
v -0.73150754 -0.423693 0.12191121
v -0.73150754 -0.423693 0.12191121
v -0.73150754 -0.423693 0.12191121
v -0.7313305 -0.38888863 0.12348727
v -0.7313305 -0.38888863 0.12348727
v -0.7313305 -0.38888863 0.12348727
v -0.76590145 -0.42469805 0.122543395
v -0.76590145 -0.42469805 0.122543395
v -0.76590145 -0.42469805 0.122543395
v -0.76590145 -0.42469805 0.122543395
v -0.76590145 -0.42469802 0.08615492
v -0.76590145 -0.42469802 0.08615492
v -0.76590145 -0.42469802 0.08615492
v -0.76590145 -0.42469802 0.08615492
v -0.7315074 -0.4236928 0.085881144
v -0.7315074 -0.4236928 0.085881144
v -0.7315074 -0.4236928 0.085881144
v -0.7315074 -0.4236928 0.085881144
v -0.83868456 -0.7197197 0.18084063
v -0.83868456 -0.7197197 0.18084063
v -0.84462047 -0.727765 0.011610836
v -0.84462047 -0.727765 0.011610836
v -0.84294224 -0.55588657 0.011610821
v -0.83001614 -0.7250734 0.17794748
v -0.83001614 -0.7250734 0.17794748
v -0.83885217 -0.73300993 0.011610836
v -0.83885217 -0.73300993 0.011610836
v -0.73781765 -0.39718238 0.119589426
v -0.73124087 -0.38751706 0.1108715
v -0.73124087 -0.38751706 0.1108715
v -0.7320013 -0.39708364 0.11075047
v -0.7320013 -0.39708364 0.11075047
v -0.73728025 -0.3876349 0.11993807
v -0.74503887 -0.3875218 0.12326112
v -0.74503887 -0.3875218 0.12326112
v -0.7454479 -0.39706534 0.12289337
v -0.7454479 -0.39706534 0.12289337
v -0.75829256 -0.38704193 0.1199244
v -0.76421666 -0.39617476 0.1107505
v -0.76421666 -0.39617476 0.1107505
v -0.76443636 -0.3865808 0.1108715
v -0.76443636 -0.3865808 0.1108715
v -0.7582245 -0.39660713 0.11960424
v -0.7651361 -0.38664237 0.12550172
v -0.7651361 -0.38664237 0.12550172
v -0.7735199 -0.38602492 0.11355496
v -0.7735199 -0.38602492 0.11355496
v -0.7735199 -0.38602492 0.11355496
v -0.7529386 -0.38717657 0.13146406
v -0.7529386 -0.38717657 0.13146406
v -0.7529386 -0.38717657 0.13146406
v -0.7506664 -0.38736513 0.123323254
v -0.7309216 -0.38759068 0.12497135
v -0.7309216 -0.38759068 0.12497135
v -0.7233665 -0.38741928 0.11291334
v -0.7233665 -0.38741928 0.11291334
v -0.7233665 -0.38741928 0.11291334
v -0.77380097 -0.39598337 0.11355497
v -0.77380097 -0.39598337 0.11355497
v -0.7654164 -0.396575 0.12550172
v -0.75321853 -0.39709654 0.13146406
v -0.7236475 -0.39737913 0.11291334
v -0.7236475 -0.39737913 0.11291334
v -0.7312019 -0.39752448 0.124971315
v -0.750806 -0.39691573 0.1229466
v -0.742574 -0.38745788 0.13112098
v -0.742574 -0.38745788 0.13112098
v -0.7428539 -0.3973786 0.13112098
v -0.804814 -0.4245879 0.17227636
v -0.804814 -0.4245879 0.17227636
v -0.804814 -0.4245879 0.17227636
v -0.8074051 -0.55670196 0.25447822
v -0.8074051 -0.55670196 0.25447822
v -0.8074051 -0.55670196 0.0115024
v -0.8074051 -0.55670196 0.0115024
v -0.804814 -0.42458788 0.011502266
v -0.804814 -0.42458788 0.011502266
v -0.804814 -0.42458788 0.011502266
v -0.8117912 -0.68874353 0.17403495
v -0.8117912 -0.68874353 0.17403495
v -0.8117912 -0.6887436 0.011502281
v -0.8117912 -0.6887436 0.011502281
v -0.68495023 -0.6941288 0.1462121
v -0.68495023 -0.6941288 0.1462121
v -0.6901294 -0.6945059 0.011501953
v -0.6901294 -0.6945059 0.011501953
v -0.65156317 -0.42516 0.011505738
v -0.65156317 -0.42516 0.011505738
v -0.65156317 -0.42516 0.011505738
v -0.65204585 -0.42717 0.16244304
v -0.65204585 -0.42717 0.16244304
v -0.65204585 -0.42717 0.16244304
v -0.6350522 -0.39680448 0.1538707
v -0.6350522 -0.39680448 0.1538707
v -0.6505848 -0.39277735 0.10071032
v -0.6505848 -0.39277735 0.10071032
v -0.6505848 -0.39277735 0.10071032
v -0.6505848 -0.39277735 0.10071032
v -0.6486206 -0.39720312 0.16193122
v -0.6842874 -0.72980094 0.15072224
v -0.6814941 -0.73604053 0.011610821
v -0.44088376 -0.4097174 0.17166778
v -0.44088376 -0.4097174 0.17166778
v -0.44069624 -0.5673134 0.17165285
v -0.43646038 -0.56735265 0.011610791
v -0.4335841 -0.3988739 0.011610791
v -0.4335841 -0.3988739 0.011610791
v -0.4435761 -0.56728685 0.2544782
v -0.44984496 -0.7270777 0.17165224
v -0.44984496 -0.7270777 0.17165224
v -0.43646038 -0.56735265 0.011610791
v -0.4431175 -0.73671323 0.011610791
v -0.4431175 -0.73671323 0.011610791
v -0.4588014 -0.7319342 0.1687591
v -0.4588014 -0.7319342 0.1687591
v -0.44917202 -0.7416246 0.011610791
v -0.44917202 -0.7416246 0.011610791
v -0.448375 -0.40363318 0.16999173
v -0.448375 -0.40363318 0.16999173
v -0.448375 -0.40363318 0.16999173
v -0.43971574 -0.3933044 0.011610791
v -0.43971574 -0.3933044 0.011610791
v -0.52966416 -0.73330706 0.15998492
v -0.5787518 -0.7348913 0.1417038
v -0.5787518 -0.7348913 0.1417038
v -0.471987 -0.5661637 0.2544782
v -0.471987 -0.5661637 0.2544782
v -0.4671265 -0.4341133 0.17227633
v -0.4671265 -0.4341133 0.17227633
v -0.4671265 -0.4341133 0.17227633
v -0.47198713 -0.5661635 0.01150237
v -0.47198713 -0.5661635 0.01150237
v -0.4671265 -0.43411326 0.011502236
v -0.4671265 -0.43411326 0.011502236
v -0.47494924 -0.69463485 0.17165226
v -0.47494924 -0.69463485 0.17165226
v -0.47494924 -0.6946349 0.011502251
v -0.47494924 -0.6946349 0.011502251
v -0.47494924 -0.6946349 0.011502251
v -0.5287579 -0.6968686 0.16143149
v -0.5287579 -0.6968686 0.16143149
v -0.5777637 -0.6998612 0.13349201
v -0.5777637 -0.6998612 0.13349201
v -0.58553255 -0.7004267 0.011501774
v -0.58553255 -0.7004267 0.011501774
v -0.5231247 -0.4305586 0.122227274
v -0.5231247 -0.4305586 0.122227274
v -0.5231247 -0.4305586 0.122227274
v -0.5231247 -0.43055853 0.011509776
v -0.5231247 -0.43055853 0.011509776
v -0.6054454 -0.4284844 0.16244303
v -0.6054454 -0.4284844 0.16244303
v -0.60071826 -0.42698824 0.10071035
v -0.60071826 -0.42698824 0.10071035
v -0.60071826 -0.42698824 0.10071035
v -0.60071826 -0.42698824 0.10071035
v -0.60071826 -0.42698824 0.10071035
v -0.59565914 -0.39869705 0.16193122
v -0.5993916 -0.39422145 0.10071031
v -0.5993916 -0.39422145 0.10071031
v -0.5993916 -0.39422145 0.10071031
v -0.5993916 -0.39422145 0.10071031
v -0.5866262 -0.739201 0.011610821
v -0.5866262 -0.739201 0.011610821
v -0.599257 -0.38774946 0.011610821
v -0.599257 -0.38774946 0.011610821
v -0.65156317 -0.42516 0.10073014
v -0.65156317 -0.42516 0.10073014
v -0.65156317 -0.42516 0.10073014
v -0.65156317 -0.42516 0.10073014
v -0.65156317 -0.42516 0.10073014
v -0.65156317 -0.42516 0.10073014
v -0.63587296 -0.42589897 0.15260974
v -0.63587296 -0.42589897 0.15260974
v -0.60071826 -0.42698818 0.0115057975
v -0.60071826 -0.42698818 0.0115057975
v -0.5592748 -0.6767221 0.071370944
v -0.5592748 -0.6767221 0.071370944
v -0.5910878 -0.66549027 0.059831098
v -0.5910878 -0.66549027 0.059831098
v -0.5910878 -0.66549027 0.059831098
v -0.5587206 -0.6767376 0.05998683
v -0.5587206 -0.6767376 0.05998683
v -0.5587206 -0.6767376 0.05998683
v -0.591642 -0.6654747 0.07121521
v -0.591642 -0.6654747 0.07121521
v -0.5882559 -0.5454401 0.09453326
v -0.5882559 -0.5454401 0.09453326
v -0.5882559 -0.5454401 0.09453326
v -0.55166256 -0.4265287 0.04416348
v -0.55166256 -0.4265287 0.04416348
v -0.55166256 -0.4265287 0.04416348
v -0.55221665 -0.42651322 0.16042331
v -0.5544735 -0.5065174 0.14285524
v -0.5544735 -0.5065174 0.14285524
v -0.5557457 -0.5516175 0.09468901
v -0.5557457 -0.5516175 0.09468901
v -0.5557457 -0.5516175 0.09468901
v -0.5843159 -0.42542106 0.04400772
v -0.5843159 -0.42542106 0.04400772
v -0.5843159 -0.42542106 0.04400772
v -0.5870552 -0.50287473 0.1426995
v -0.5870552 -0.50287473 0.1426995
v -0.58487 -0.42540526 0.16026755
v -0.23499882 -0.44116676 0.21419613
v -0.23499882 -0.44116676 0.21419613
v -0.23499882 -0.44116676 0.21419613
v -0.23499882 -0.44116676 0.17261603
v -0.22792858 -0.4363978 0.21419613
v -0.22792858 -0.4363978 0.21419613
v -0.22792858 -0.4363978 0.21419613
v -0.22792858 -0.4363978 0.17261603
v -0.24171919 -0.4359162 0.17261603
v -0.24171919 -0.4359162 0.17261603
v -0.24171919 -0.43591624 0.21419613
v -0.24171919 -0.43591624 0.21419613
v -0.24171919 -0.43591624 0.21419613
v -0.24171919 -0.43591624 0.21419613
v -0.23880237 -0.42790225 0.21419613
v -0.23880237 -0.42790225 0.21419613
v -0.23880237 -0.42790225 0.21419613
v -0.23880237 -0.42790225 0.17261603
v -0.2302792 -0.42819983 0.21419613
v -0.2302792 -0.42819983 0.21419613
v -0.2302792 -0.42819983 0.21419613
v -0.2302792 -0.42819983 0.17261603
v -0.23474562 -0.43391666 0.21487057
v -0.23474562 -0.43391666 0.21487057
v -0.23474562 -0.43391666 0.21487057
v -0.23474562 -0.43391666 0.21487057
v -0.23474562 -0.43391666 0.21487057
v -0.22709954 -0.36265874 0.17261603
v -0.23283607 -0.36656767 0.23890838
v -0.23283607 -0.36656767 0.23890838
v -0.23283607 -0.36656767 0.23890838
v -0.23416978 -0.36742786 0.17261603
v -0.22592133 -0.36365956 0.2460301
v -0.22592133 -0.36365956 0.2460301
v -0.22592133 -0.36365956 0.2460301
v -0.2412439 -0.36064482 0.24001099
v -0.2412439 -0.36064482 0.24001099
v -0.2412439 -0.36064482 0.24001099
v -0.2412439 -0.36064482 0.24001099
v -0.24089009 -0.36217725 0.17261603
v -0.24089009 -0.36217725 0.17261603
v -0.2395255 -0.35407633 0.24781436
v -0.2395255 -0.35407633 0.24781436
v -0.2395255 -0.35407633 0.24781436
v -0.23797321 -0.35416326 0.17261603
v -0.23005569 -0.35593948 0.25153425
v -0.23005569 -0.35593948 0.25153425
v -0.23005569 -0.35593948 0.25153425
v -0.2294501 -0.3544609 0.17261603
v -0.23391646 -0.36017752 0.24716687
v -0.23391646 -0.36017752 0.24716687
v -0.23391646 -0.36017752 0.24716687
v -0.23391646 -0.36017752 0.24716687
v -0.23391646 -0.36017752 0.24716687
v -0.2360571 -0.76773506 0.2975784
v -0.2360571 -0.76773506 0.2975784
v -0.06481278 -0.7773784 0.13461551
v -0.06472552 -0.772772 0.29756212
v -0.24806982 -0.7753385 0.13461551
v -0.24806982 -0.7753385 0.13461551
v -0.24806982 -0.7753385 0.13461551
v -0.06466615 -0.7696402 0.4052119
v -0.24457192 -0.5047472 0.27377778
v -0.25167757 -0.6611398 0.20401618
v -0.25167757 -0.6611398 0.20401618
v -0.25167757 -0.6611398 0.20401618
v -0.2497946 -0.6611564 0.24517597
v -0.2497946 -0.6611564 0.24517597
v -0.2497946 -0.6611564 0.24517597
v -0.25564677 -0.5047472 0.13461554
v -0.253937 -0.7685015 0.13461551
v -0.253937 -0.7685015 0.13461551
v -0.253937 -0.7685015 0.13461551
v -0.2516563 -0.69712245 0.20403244
v -0.2516563 -0.69712245 0.20403244
v -0.2516563 -0.69712245 0.20403244
v -0.24967164 -0.69696414 0.24518418
v -0.24967164 -0.69696414 0.24518418
v -0.24967164 -0.69696414 0.24518418
v -0.24244219 -0.7594042 0.29575545
v -0.24244219 -0.7594042 0.29575545
v -0.2119503 -0.6602813 0.24346182
v -0.2119503 -0.6602813 0.24346182
v -0.2119503 -0.6602813 0.24346182
v -0.2119503 -0.6602813 0.24346182
v -0.20980287 -0.69764346 0.2441494
v -0.20980287 -0.69764346 0.2441494
v -0.20980287 -0.69764346 0.2441494
v -0.20980287 -0.69764346 0.2441494
v -0.20980287 -0.69764346 0.20457236
v -0.20980287 -0.69764346 0.20457236
v -0.20980287 -0.69764346 0.20457236
v -0.20980287 -0.69764346 0.20457236
v -0.2119503 -0.6602813 0.20427458
v -0.2119503 -0.6602813 0.20427458
v -0.2119503 -0.6602813 0.20427458
v -0.2119503 -0.6602813 0.20427458
v -0.06488818 -0.7831295 -0.0035415292
v -0.2539273 -0.780352 -0.003541544
v -0.2539273 -0.780352 -0.003541544
v -0.25442153 -0.44424006 0.21937004
v -0.25442153 -0.44424006 0.21937004
v -0.25509506 -0.4442481 0.17468862
v -0.25509506 -0.4442481 0.17468862
v -0.25509506 -0.4442481 0.17468862
v -0.25393516 -0.24067056 0.13461557
v -0.25393516 -0.24067056 0.13461557
v -0.25393516 -0.24067056 0.13461557
v -0.25628632 -0.27484667 0.17474139
v -0.25628632 -0.27484667 0.17474139
v -0.25628632 -0.27484667 0.17474139
v -0.24834722 -0.2341588 0.13461557
v -0.24834722 -0.2341588 0.13461557
v -0.24834722 -0.2341588 0.13461557
v -0.24834722 -0.2341588 0.13461557
v -0.065203905 -0.22710079 -0.0035414845
v -0.2542047 -0.22914536 -0.0035414845
v -0.2542047 -0.22914536 -0.0035414845
v -0.06444818 -0.23211585 0.13461557
v -0.06444818 -0.23211585 0.13461557
v -0.06444818 -0.23211585 0.13461557
v -0.06444818 -0.23211585 0.13461557
v -0.19763786 -0.27484676 0.17474139
v -0.19763786 -0.27484676 0.17474139
v -0.19763786 -0.27484676 0.17474139
v -0.19765323 -0.44428548 0.17468862
v -0.19765323 -0.44428548 0.17468862
v -0.19512308 -0.44420263 0.21937004
v 0.12675053 -0.5393318 0.13461554
v 0.12213597 -0.5392995 0.21608852
v 0.12504458 -0.76890284 0.13461551
v 0.12504458 -0.76890284 0.13461551
v 0.12504458 -0.76890284 0.13461551
v 0.10924989 -0.7677251 0.2975615
v 0.10924989 -0.7677251 0.2975615
v -0.06481278 -0.7773784 0.13461551
v 0.119519144 -0.77533466 0.13461551
v 0.119519144 -0.77533466 0.13461551
v 0.119519144 -0.77533466 0.13461551
v 0.12354061 -0.2714427 0.25538334
v 0.12354061 -0.2714427 0.25538334
v 0.12354067 -0.33638915 0.24798131
v 0.12499595 -0.24208805 0.13461557
v 0.12499595 -0.24208805 0.13461557
v 0.12499595 -0.24208805 0.13461557
v -0.06488818 -0.7831295 -0.0035415292
v 0.12386504 -0.7818201 -0.003541544
v 0.12386504 -0.7818201 -0.003541544
v 0.13114366 -0.5393319 -0.0035415292
v 0.12934232 -0.237073 -0.0035414845
v 0.11818579 -0.23414516 0.13461557
v 0.11818579 -0.23414516 0.13461557
v 0.11818579 -0.23414516 0.13461557
v 0.11818579 -0.23414516 0.13461557
v -0.065203905 -0.22710079 -0.0035414845
v 0.12253183 -0.22913206 -0.0035414845
v 0.12253183 -0.22913206 -0.0035414845
v 0.12939051 -0.77539 -0.003541544
v 0.12939051 -0.77539 -0.003541544
v 0.11480448 -0.7581367 0.29441482
v 0.11480448 -0.7581367 0.29441482
v -0.25979477 -0.77351654 -0.003541544
v -0.25979477 -0.77351654 -0.003541544
v -0.25979292 -0.23565553 -0.0035414845
v -0.25979292 -0.23565553 -0.0035414845
v 0.016648233 -0.81841683 0.16665794
v 0.016648233 -0.81841683 0.16665794
v 0.016648233 -0.81841683 0.16665794
v 0.05364412 -0.7608384 0.08177379
v 0.04697776 -0.75082004 0.16665791
v 0.04697776 -0.75082004 0.16665791
v 0.021160841 -0.829635 0.08177382
v 0.056684196 -0.7660388 -0.009489596
v 0.023141384 -0.8367822 -0.009489626
v -0.117809474 -0.8337544 0.08177388
v -0.117809474 -0.8337544 0.08177388
v -0.15165663 -0.76567614 0.07247643
v -0.1547051 -0.7704403 -0.009489626
v -0.12014997 -0.8410751 -0.009489626
v -0.11356717 -0.8222005 0.16665803
v -0.11356717 -0.8222005 0.16665803
v -0.11356717 -0.8222005 0.16665803
v -0.11356717 -0.8222005 0.16665803
v -0.14492124 -0.75474614 0.16665816
v -0.14492124 -0.75474614 0.16665816
v -0.048261106 -0.86235917 -0.009489626
v -0.048074067 -0.854697 0.0817738
v -0.04823351 -0.84274703 0.16665788
v -0.04823351 -0.84274703 0.16665788
v -0.04823351 -0.84274703 0.16665788
v -0.25097525 -0.66766346 0.24131578
v -0.2408647 -0.6616344 0.23132311
v -0.2408647 -0.6616344 0.23132311
v -0.24057901 -0.667955 0.24093659
v -0.25128877 -0.6611011 0.23145473
v -0.25128877 -0.6611011 0.23145473
v -0.2508604 -0.67610204 0.24493
v -0.2404722 -0.676254 0.24453005
v -0.25097573 -0.690526 0.24130091
v -0.2408647 -0.69668674 0.23132315
v -0.2408647 -0.69668674 0.23132315
v -0.25128877 -0.69721955 0.23145474
v -0.25128877 -0.69721955 0.23145474
v -0.24057853 -0.6901587 0.24095269
v -0.2512002 -0.6979788 0.24736696
v -0.2512002 -0.6979788 0.24736696
v -0.25161433 -0.7071123 0.23437336
v -0.25161433 -0.7071123 0.23437336
v -0.25161433 -0.7071123 0.23437336
v -0.2509935 -0.6847012 0.25385174
v -0.2509935 -0.6847012 0.25385174
v -0.2509935 -0.6847012 0.25385174
v -0.25085825 -0.6822251 0.2449976
v -0.2512185 -0.66075176 0.24679011
v -0.2512185 -0.66075176 0.24679011
v -0.2516365 -0.6525431 0.2336755
v -0.2516365 -0.6525431 0.2336755
v -0.2516365 -0.6525431 0.2336755
v -0.24077904 -0.70711243 0.23437336
v -0.24077904 -0.70711243 0.23437336
v -0.24039286 -0.6979787 0.24736696
v -0.24019998 -0.68470126 0.25385174
v -0.24079955 -0.6525431 0.2336755
v -0.24079955 -0.6525431 0.2336755
v -0.24040991 -0.66075176 0.24679007
v -0.24047053 -0.68208396 0.24458793
v -0.2510054 -0.67342424 0.25347862
v -0.2510054 -0.67342424 0.25347862
v -0.24021113 -0.6734242 0.25347862
v 0.12343767 -0.2997009 -0.009489566
v 0.12095049 -0.30439267 0.13216186
v 0.20449069 -0.30556598 0.13205793
v 0.20946506 -0.29970077 -0.009489566
v 0.20449087 -0.7103021 0.13207012
v 0.12095061 -0.7102797 0.18035567
v 0.12095061 -0.7114677 0.13249148
v 0.21268001 -0.3029157 -0.009489566
v 0.20770529 -0.308826 0.13205394
v 0.21268013 -0.7129527 -0.009489611
v 0.2077055 -0.70704234 0.13205391
v 0.20946532 -0.71616757 -0.009489611
v 0.20964542 -0.4704237 0.0783283
v 0.20964542 -0.4704237 0.0783283
v 0.2126801 -0.47027087 -0.009489581
v 0.2126801 -0.47027087 -0.009489581
v 0.19623408 -0.4704237 0.07785691
v 0.19623408 -0.4704237 0.07785691
v 0.19926852 -0.47027096 -0.009960964
v 0.19926852 -0.47027096 -0.009960964
v 0.19926867 -0.52491456 -0.009960964
v 0.19622368 -0.5220541 0.078092605
v 0.19622368 -0.5220541 0.078092605
v 0.20964542 -0.5220541 0.07832828
v 0.20964542 -0.5220541 0.07832828
v 0.2126801 -0.52491444 -0.009489596
v 0.2126801 -0.52491444 -0.009489596
v 0.21174803 -0.62738544 0.052157417
v 0.21162432 -0.62739813 0.08871871
v 0.2117289 -0.6548686 0.05217187
v 0.20971712 -0.6688002 0.09597195
v 0.1209504 -0.30558857 0.18034957
v 0.12343779 -0.7161676 -0.009489611
v 0.12354049 -0.40133557 0.20401621
v -0.25101876 -0.24258494 0.17514488
v -0.25101876 -0.24258494 0.17514488
v -0.25101876 -0.24258494 0.17514488
v -0.24547887 -0.23597565 0.17352733
v -0.24547887 -0.23597565 0.17352733
v -0.24547887 -0.23597565 0.17352733
v -0.24547887 -0.23597565 0.17352733
v 0.11847022 -0.6811374 0.2848718
v -0.20872909 -0.7399523 0.29824024
v -0.20872909 -0.7399523 0.29824024
v -0.20872909 -0.7399523 0.29824024
v -0.06501585 -0.7387176 0.40521193
v -0.06501585 -0.7387176 0.40521193
v -0.06501603 -0.7387175 0.17575872
v -0.06501603 -0.7387175 0.17575872
v -0.20872909 -0.73995227 0.17529427
v -0.20872909 -0.73995227 0.17529427
v -0.20872909 -0.73995227 0.17529427
v -0.21302414 -0.52985114 0.1752914
v -0.21302414 -0.52985114 0.1752914
v -0.21302414 -0.52985114 0.1752914
v -0.21302414 -0.52985126 0.27377778
v -0.21302414 -0.52985126 0.27377778
v -0.21302414 -0.52985126 0.27377778
v -0.19308782 -0.4809922 0.1684735
v -0.1930877 -0.48099226 0.21937005
v -0.21310097 -0.48102245 0.21937005
v -0.21310097 -0.48102245 0.21937005
v -0.21310097 -0.48102245 0.1684735
v -0.21310097 -0.48102245 0.1684735
v 0.0747481 -0.739437 0.2975615
v 0.0747481 -0.739437 0.2975615
v 0.0747481 -0.739437 0.1752913
v 0.0747481 -0.739437 0.1752913
v 0.0747481 -0.739437 0.1752913
v 0.08403939 -0.40364364 0.20401621
v 0.08403939 -0.40364364 0.20401621
v 0.08403939 -0.40364364 0.20401621
v 0.08533448 -0.5392531 0.17325667
v 0.08533448 -0.5392531 0.17325667
v 0.08533448 -0.5392531 0.17325667
v 0.08290589 -0.5577347 0.21608853
v 0.08290589 -0.5577347 0.21608853
v 0.078826964 -0.6810051 0.2864451
v 0.078826964 -0.6810051 0.2864451
v 0.08403939 -0.3386972 0.24798131
v 0.08403939 -0.3386972 0.24798131
v 0.084584415 -0.27546287 0.17358634
v 0.084584415 -0.27546287 0.17358634
v 0.084584415 -0.27546287 0.17358634
v 0.084584415 -0.27546287 0.17358634
v -0.19763786 -0.27484676 0.20997648
v -0.19763786 -0.27484676 0.20997648
v -0.25628632 -0.2748467 0.20998037
v -0.06463045 -0.27519837 0.17408213
v -0.06463045 -0.27519837 0.17408213
v -0.06463045 -0.27519843 0.25434127
v -0.06463045 -0.27519843 0.25434127
v 0.009976983 -0.2753306 0.17383423
v 0.08403939 -0.27375072 0.25538334
v 0.08403939 -0.27375072 0.25538334
v -0.06444818 -0.23211583 0.17542394
v -0.06444818 -0.23211583 0.17542394
v -0.06444818 -0.23211583 0.17542394
v 0.12499595 -0.24208787 0.25569084
v 0.12499595 -0.24208787 0.25569084
v 0.11818585 -0.23414527 0.25569084
v 0.11818585 -0.23414527 0.25569084
v -0.24547887 -0.23597565 0.20877017
v -0.24547887 -0.23597565 0.20877017
v -0.25101876 -0.24258497 0.21038774
v -0.0644483 -0.23211588 0.25569084
v -0.0644483 -0.23211588 0.25569084
v -0.06371468 -0.48645434 0.20204997
v -0.06371468 -0.48645434 0.20204997
v -0.030665219 -0.49708432 0.19017513
v -0.030665219 -0.49708432 0.19017513
v -0.030665219 -0.49708432 0.19017513
v -0.06428504 -0.48645422 0.19033542
v -0.06428504 -0.48645422 0.19033542
v -0.06428504 -0.48645422 0.19033542
v -0.030094802 -0.49708426 0.20188968
v -0.030094802 -0.49708426 0.20188968
v -0.030094862 -0.6206522 0.22588453
v -0.030094862 -0.6206522 0.22588453
v -0.030094862 -0.6206522 0.22588453
v -0.030094922 -0.74422 0.29352677
v -0.030094922 -0.74422 0.29352677
v -0.06428498 -0.7440281 0.17405275
v -0.06428498 -0.7440281 0.17405275
v -0.06428498 -0.7440281 0.17405275
v -0.06428498 -0.7440281 0.17405275
v -0.030665278 -0.74422 0.17389247
v -0.030665278 -0.74422 0.17389247
v -0.030665278 -0.74422 0.17389247
v -0.030665278 -0.74422 0.17389247
v -0.06371468 -0.7440282 0.29368705
v -0.06371468 -0.7440282 0.29368705
v -0.06371468 -0.66166896 0.27560905
v -0.06371468 -0.66166896 0.27560905
v -0.06371462 -0.61524117 0.2260448
v -0.06371462 -0.61524117 0.2260448
v -0.06371462 -0.61524117 0.2260448
v -0.030094922 -0.6644704 0.27544877
v -0.030094922 -0.6644704 0.27544877
v -0.10005206 -0.76845676 0.16665807
v -0.083378136 -0.8043286 0.16665798
v -0.083378136 -0.8043286 0.16665798
v -0.014130235 -0.8023164 0.16665795
v -0.014130235 -0.8023164 0.16665795
v -0.048634052 -0.81525517 0.16665792
v -0.048634052 -0.81525517 0.16665792
v 0.0019987822 -0.76636887 0.16665792
v -0.25849557 -0.63455963 0.04639131
v -0.25728333 -0.50474715 0.09632415
v -0.25849462 -0.37480623 0.046391338
v -0.26028037 -0.3102366 -0.0035414845
v -0.26028168 -0.69902486 -0.003541544
v 0.12244251 -0.6982248 0.18285444
v 0.19626698 -0.7002357 0.12979716
v 0.19626698 -0.7002357 0.12979716
v 0.12244257 -0.69822466 0.05198668
v 0.19626698 -0.70023555 0.05197671
v 0.19626698 -0.70023555 0.05197671
v 0.19626698 -0.70023555 0.05197671
v 0.19626698 -0.70023555 0.05197671
v 0.19895172 -0.6692697 0.09455053
v 0.19895172 -0.6692697 0.09455053
v 0.19926867 -0.52491456 -0.009960964
v 0.19926867 -0.52491456 -0.009960964
v 0.20159414 -0.6298333 0.052048117
v 0.20159414 -0.6298333 0.052048117
v 0.20159414 -0.6298333 0.052048117
v 0.20153236 -0.62983966 0.08868854
v 0.19856045 -0.31656426 -0.008160055
v 0.19856045 -0.31656426 -0.008160055
v 0.1985606 -0.3165644 0.13180785
v 0.1985606 -0.3165644 0.13180785
v 0.121237725 -0.31334198 -0.008150935
v 0.12123796 -0.31334198 0.18025702
v 0.20163691 -0.6573103 0.0520519
v 0.20163691 -0.6573103 0.0520519
v 0.20163691 -0.6573103 0.0520519
v 0.12244257 -0.69822466 -0.008150488
v 0.19626698 -0.70023555 -0.008160472
v 0.19626698 -0.70023555 -0.008160472
v 0.20163691 -0.6573103 -0.008085281
v 0.20163691 -0.6573103 -0.008085281
v 0.20159414 -0.62983334 -0.008089051
v 0.20159414 -0.62983334 -0.008089051
vt 0.2899005 0.3836696
vt 0.19328842 0.49628747
vt 0.41976464 0.38728404
vt 0.41976464 0.38728404
vt 0.29114333 0.496238
vt 0.4932441 0.38728404
vt 0.24204437 0.37692934
vt 0.19323261 0.3895023
vt 0.29479554 0.38554096
vt 0.29498786 0.49629158
vt 0.24586968 0.37694514
vt 0.24586968 0.37694514
vt 0.08210729 0.0014841557
vt 0.08210729 0.0014841557
vt 0.006676154 0.038600445
vt 0.0040465184 0.054616928
vt 0.082645126 0.12042022
vt 0.082645126 0.12042022
vt 0.009692233 0.12130219
vt 0.004178025 0.122369945
vt 0.05784374 0.06730282
vt 0.05784374 0.06730282
vt 0.056581356 0.12083334
vt 0.056581356 0.12083334
vt 0.3655514 0.4031508
vt 0.36840332 0.4964555
vt 0.3345952 0.37688696
vt 0.3345952 0.37688696
vt 0.170197 0.38961256
vt 0.076294705 0.3896129
vt 0.011871324 0.03366232
vt 0.17006153 0.4839437
vt 0.12186405 0.38815802
vt 0.12186405 0.38815802
vt 0.074876264 0.48367584
vt 0.009541035 0.08436096
vt 0.050357543 0.38815802
vt 0.050357543 0.38815802
vt 0.010326193 0.088727415
vt 0.070844635 0.49839628
vt 0.047529798 0.38728404
vt 0.46571252 0.376805
vt 0.0149234915 0.034929454
vt 0.07136446 0.39148426
vt 0.04124356 0.39715958
vt 0.014452009 0.40898418
vt 0.43144 0.40898418
vt 0.0828264 0.002042234
vt 0.0828264 0.002042234
vt 0.08237586 0.12039691
vt 0.08237586 0.12039691
vt 0.025629325 0.041619778
vt 0.0034713126 0.05656326
vt 0.02562511 0.12039715
vt 0.0032809197 0.12143391
vt 0.0032809197 0.12143391
vt 0.027280174 0.060682774
vt 0.027280174 0.060682774
vt 0.04912454 0.07289773
vt 0.10499088 0.072425306
vt 0.05242102 0.12051767
vt 0.105142675 0.12022138
vt 0.008990586 0.49649417
vt 0.42595872 0.4965222
vt 0.38823473 0.37685657
vt 0.38823473 0.37685657
vt 0.19324806 0.33691013
vt 0.17018156 0.3375969
vt 0.095838785 0.3836696
vt 0.09450516 0.49625474
vt 0.34607852 0.38728404
vt 0.34607852 0.38728404
vt 0.09093137 0.38554096
vt 0.4661679 0.38554096
vt 0.09071064 0.49625564
vt 0.46565244 0.49625283
vt 0.34325594 0.38728404
vt 0.34325594 0.38728404
vt 0.006676154 0.038600445
vt 0.0040465184 0.054616928
vt 0.009692233 0.12130219
vt 0.004178025 0.122369945
vt 0.05784374 0.06730282
vt 0.05784374 0.06730282
vt 0.056581356 0.12083334
vt 0.056581356 0.12083334
vt 0.39499667 0.4031508
vt 0.39228052 0.49643373
vt 0.2880144 0.38728404
vt 0.2880144 0.38728404
vt 0.2653574 0.3896129
vt 0.26749137 0.48490232
vt 0.1939901 0.38815802
vt 0.1939901 0.38815802
vt 0.27060407 0.4973036
vt 0.1968443 0.38728404
vt 0.1968443 0.38728404
vt 0.2703461 0.39148426
vt 0.32796946 0.40898407
vt 0.30076084 0.39715946
vt 0.025629325 0.041619778
vt 0.0034713126 0.05656326
vt 0.02562511 0.12039715
vt 0.0032809197 0.12143391
vt 0.0032809197 0.12143391
vt 0.04912454 0.07289773
vt 0.10499088 0.072425306
vt 0.05242102 0.12051767
vt 0.105142675 0.12022138
vt 0.027280174 0.060682774
vt 0.027280174 0.060682774
vt 0.3336372 0.49651504
vt 0.24391884 0.38728404
vt 0.24391884 0.38728404
vt 0.42047045 0.48641986
vt 0.42047045 0.48641986
vt 0.493609 0.48641986
vt 0.24217153 0.48991287
vt 0.24599685 0.4899286
vt 0.24599685 0.4899286
vt 0.33472237 0.4898705
vt 0.33472237 0.4898705
vt 0.38836193 0.48984015
vt 0.38836193 0.48984015
vt 0.047173474 0.48641992
vt 0.46583965 0.48978853
vt 0.049990408 0.48641992
vt 0.049990408 0.48641992
vt 0.12115805 0.48641992
vt 0.12115805 0.48641992
vt 0.34644333 0.48641986
vt 0.34644333 0.48641986
vt 0.3436097 0.48641986
vt 0.3436097 0.48641986
vt 0.28813732 0.48641986
vt 0.28813732 0.48641986
vt 0.19361043 0.48641992
vt 0.19361043 0.48641992
vt 0.19647531 0.48641992
vt 0.19647531 0.48641992
vt 0.24371767 0.48641986
vt 0.24371767 0.48641986
vt 0.076298825 0.0479517
vt 0.18060204 0.09161806
vt 0.06353941 0.05229175
vt 0.17733936 0.098041594
vt 0.17733936 0.098041594
vt 0.07651918 0.052233398
vt 0.18129207 0.09794074
vt 0.18129207 0.09794074
vt 0.06333102 0.04801029
vt 0.17664307 0.09169942
vt 0.13062248 0.0795306
vt 0.13062248 0.0795306
vt 0.13062248 0.0795306
vt 0.084673345 0.10581666
vt 0.084673345 0.10581666
vt 0.084673345 0.10581666
vt 0.08467333 0.045145154
vt 0.11534652 0.054313302
vt 0.11534652 0.054313302
vt 0.13263768 0.079449356
vt 0.13263768 0.079449356
vt 0.13263768 0.079449356
vt 0.08460188 0.10589796
vt 0.08460188 0.10589796
vt 0.08460188 0.10589796
vt 0.1143032 0.054394543
vt 0.1143032 0.054394543
vt 0.08460188 0.045226514
vt 0.07543498 0.040172696
vt 0.17825486 0.08121908
vt 0.06353941 0.05229175
vt 0.17733936 0.098041594
vt 0.17733936 0.098041594
vt 0.07651918 0.052233398
vt 0.18129207 0.09794074
vt 0.18129207 0.09794074
vt 0.06253878 0.04021895
vt 0.17336556 0.0803622
vt 0.14145923 0.05365473
vt 0.14145923 0.05365473
vt 0.14145923 0.05365473
vt 0.084673345 0.10581666
vt 0.084673345 0.10581666
vt 0.084673345 0.10581666
vt 0.08467333 0.045145154
vt 0.11534652 0.054313302
vt 0.11534652 0.054313302
vt 0.14338577 0.053844333
vt 0.14338577 0.053844333
vt 0.14338577 0.053844333
vt 0.08460188 0.10589796
vt 0.08460188 0.10589796
vt 0.08460188 0.10589796
vt 0.1143032 0.054394543
vt 0.1143032 0.054394543
vt 0.08460188 0.045226514
vt 0.13221957 0.0345186
vt 0.13221957 0.0345186
vt 0.072675236 0.08735567
vt 0.07264323 0.03452462
vt 0.13602564 0.08722746
vt 0.13602564 0.08722746
vt 0.07204715 0.0074310303
vt 0.055961058 0.03935665
vt 0.085691325 0.09417355
vt 0.22291842 1.0856439
vt 0.094178095 0.07267964
vt 0.15234298 0.44169694
vt 0.006761377 0.07065326
vt 0.13103575 0.085900545
vt 0.039871402 0.039349973
vt 0.22291142 1.0856369
vt 0.053211767 0.09415567
vt 0.039942227 0.02246666
vt 0.03831681 0.037846923
vt 0.22283107 1.0678127
vt 0.012739714 0.0019189715
vt 0.1273714 0.036342323
vt 0.054794148 0.037846923
vt 0.21285622 1.0678091
vt 0.19021644 0.075265825
vt 0.19021644 0.075265825
vt 0.19021644 0.075265825
vt 0.0547922 0.037846923
vt 0.22209692 1.0677952
vt 0.055953637 0.022470057
vt 0.038322132 0.037846923
vt 0.20927754 1.0678275
vt 0.20646219 0.07495344
vt 0.20646219 0.07495344
vt 0.20944832 1.0850058
vt 0.053230323 0.059789896
vt 0.20646222 0.09343237
vt 0.20646222 0.09343237
vt 0.08570802 0.059808016
vt 0.20945594 1.0856588
vt 0.1902164 0.09356278
vt 0.1902164 0.09356278
vt 0.0035576455 0.030851603
vt 0.0035576455 0.030851603
vt 0.0045348043 0.08801788
vt 0.0045348043 0.08801788
vt 0.07267157 0.08735567
vt 0.02108017 0.03314358
vt 0.010025434 0.009922206
vt 0.01662197 0.08786595
vt 0.004899648 0.07691938
vt 0.3273874 0.24345154
vt 0.35004532 0.22916728
vt 0.2969839 0.244196
vt 0.34995028 0.24349838
vt 0.29724747 0.24707705
vt 0.32738233 0.22914046
vt 0.308289 0.22913224
vt 0.308289 0.22913224
vt 0.3082679 0.24343699
vt 0.3082679 0.24343699
vt 0.27636147 0.22914118
vt 0.25342488 0.24350089
vt 0.29723537 0.24707872
vt 0.25348082 0.22916883
vt 0.2969706 0.24419779
vt 0.27640444 0.24345249
vt 0.27632248 0.21475834
vt 0.27632248 0.21475834
vt 0.25354633 0.21477729
vt 0.25354633 0.21477729
vt 0.29429126 0.2439844
vt 0.2943192 0.21475214
vt 0.2943192 0.21475214
vt 0.2943192 0.21475214
vt 0.2945342 0.22913224
vt 0.32737726 0.21475726
vt 0.32737726 0.21475726
vt 0.35042766 0.21477634
vt 0.35042766 0.21477634
vt 0.2943107 0.24398178
vt 0.25361162 0.20128304
vt 0.29429016 0.24707538
vt 0.27627456 0.20126599
vt 0.2943301 0.20126003
vt 0.35098433 0.2012822
vt 0.2943082 0.24707264
vt 0.32737145 0.20126516
vt 0.29454523 0.24343711
vt 0.30832854 0.2147519
vt 0.30832854 0.2147519
vt 0.30837482 0.20125979
vt 0.1452362 0.059091806
vt 0.22484817 0.049699485
vt 0.22484817 0.049699485
vt 0.08411851 0.012530506
vt 0.08411851 0.012530506
vt 0.08459027 0.14930254
vt 0.08459027 0.14930254
vt 0.14524029 0.14930296
vt 0.22433682 0.13105947
vt 0.22433682 0.13105947
vt 0.006676154 0.05599779
vt 0.0040465184 0.0677287
vt 0.009692233 0.15033543
vt 0.004178025 0.13548172
vt 0.05784374 0.08041459
vt 0.05784374 0.08041459
vt 0.056581356 0.13394511
vt 0.056581356 0.13394511
vt 0.15218815 0.13148624
vt 0.15218815 0.13148624
vt 0.18425089 0.44127142
vt 0.15231192 0.054781377
vt 0.15231192 0.054781377
vt 0.15231192 0.054781377
vt 0.10287597 0.008913636
vt 0.10287597 0.008913636
vt 0.09525002 0.03271991
vt 0.11022437 0.03219843
vt 0.15736514 0.3931746
vt 0.22956514 0.38176775
vt 0.09592784 0.004987955
vt 0.07815551 0.022963345
vt 0.07848751 0.07548493
vt 0.13221957 0.0345186
vt 0.13221957 0.0345186
vt 0.07264323 0.03452462
vt 0.07267504 0.08735567
vt 0.13656981 0.08734083
vt 0.13656981 0.08734083
vt 0.07279055 0.007361293
vt 0.011871324 0.03366232
vt 0.011871324 0.03366232
vt 0.07267202 0.08735567
vt 0.008651273 0.08739942
vt 0.008651273 0.08739942
vt 0.0149234915 0.034929454
vt 0.009505392 0.01273787
vt 0.010510799 0.08730811
vt 0.0045083943 0.076293945
vt 0.1273714 0.036342323
vt 0.0068206377 0.0017871857
vt 0.012739714 0.0019189715
vt 0.13009386 0.08568394
vt 0.03706616 0.07255733
vt 0.04380857 0.01627165
vt 0.07074763 0.029035687
vt 0.13138998 0.028901577
vt 0.08506979 0.01252526
vt 0.08506979 0.01252526
vt 0.1452362 0.059091806
vt 0.22484817 0.049699485
vt 0.22484817 0.049699485
vt 0.08460185 0.14930278
vt 0.08460185 0.14930278
vt 0.1452362 0.14930284
vt 0.22480439 0.1314938
vt 0.025629325 0.059441984
vt 0.0034713126 0.06967503
vt 0.02562511 0.14930302
vt 0.0032809197 0.13454568
vt 0.0032809197 0.13454568
vt 0.027280174 0.073794544
vt 0.027280174 0.073794544
vt 0.04912454 0.0860095
vt 0.10499088 0.085537076
vt 0.05242102 0.13362944
vt 0.105142675 0.13333315
vt 0.19833931 0.0751096
vt 0.19833931 0.0751096
vt 0.19833931 0.0751096
vt 0.20691317 0.13133824
vt 0.1906663 0.13117659
vt 0.15910886 0.055006206
vt 0.15910886 0.055006206
vt 0.16170047 0.08576709
vt 0.16170047 0.08576709
vt 0.16170047 0.08576709
vt 0.18927395 0.39508754
vt 0.18174952 0.35462976
vt 0.0834234 0.0050476193
vt 0.08553916 0.032405436
vt 0.08553916 0.032405436
vt 0.21648657 0.39532948
vt 0.18150759 0.38184237
vt 0.0710456 0.0755527
vt 0.12756279 0.07556522
vt 0.090488136 0.07067424
vt 0.22185874 0.44335938
vt 0.15248184 0.08587301
vt 0.15248184 0.08587301
vt 0.13748689 0.08577001
vt 0.15248184 0.08587301
vt 0.18425089 0.39320648
vt 0.22955844 0.35495663
vt 0.14502092 0.059684515
vt 0.14502092 0.059684515
vt 0.16153689 0.13181823
vt 0.18927407 0.4436087
vt 0.076298825 0.0479517
vt 0.18060204 0.09161806
vt 0.06353941 0.05229175
vt 0.17733936 0.098041594
vt 0.17733936 0.098041594
vt 0.07651918 0.052233398
vt 0.18129207 0.09794074
vt 0.18129207 0.09794074
vt 0.06333102 0.04801029
vt 0.17664307 0.09169942
vt 0.13062248 0.0795306
vt 0.13062248 0.0795306
vt 0.13062248 0.0795306
vt 0.084673345 0.10581666
vt 0.084673345 0.10581666
vt 0.084673345 0.10581666
vt 0.08467333 0.045145154
vt 0.11534652 0.054313302
vt 0.11534652 0.054313302
vt 0.13263768 0.079449356
vt 0.13263768 0.079449356
vt 0.13263768 0.079449356
vt 0.08460188 0.10589796
vt 0.08460188 0.10589796
vt 0.08460188 0.10589796
vt 0.1143032 0.054394543
vt 0.1143032 0.054394543
vt 0.08460188 0.045226514
vt 0.13221957 0.0345186
vt 0.13221957 0.0345186
vt 0.07264323 0.03452462
vt 0.072675236 0.08735567
vt 0.13602564 0.08722746
vt 0.13602564 0.08722746
vt 0.07252374 0.0019059777
vt 0.006761377 0.07065326
vt 0.13103575 0.085900545
vt 0.094178095 0.07267964
vt 0.15234298 0.44169694
vt 0.055961058 0.03935665
vt 0.085691325 0.09417355
vt 0.22291842 1.0856439
vt 0.039871402 0.039349973
vt 0.22291142 1.0856369
vt 0.053211767 0.09415567
vt 0.039942227 0.02246666
vt 0.03831681 0.037846923
vt 0.22283107 1.0678127
vt 0.012739714 0.0019189715
vt 0.1273714 0.036342323
vt 0.054794148 0.037846923
vt 0.21285622 1.0678091
vt 0.19021644 0.075265825
vt 0.19021644 0.075265825
vt 0.19021644 0.075265825
vt 0.038322132 0.037846923
vt 0.20927754 1.0678275
vt 0.20646219 0.07495344
vt 0.20646219 0.07495344
vt 0.0547922 0.037846923
vt 0.22209692 1.0677952
vt 0.055953637 0.022470057
vt 0.20944832 1.0850058
vt 0.053230323 0.059789896
vt 0.20646222 0.09343237
vt 0.20646222 0.09343237
vt 0.08570802 0.059808016
vt 0.20945594 1.0856588
vt 0.1902164 0.09356278
vt 0.1902164 0.09356278
vt 0.0035576455 0.030851603
vt 0.0035576455 0.030851603
vt 0.0045348043 0.08801788
vt 0.0045348043 0.08801788
vt 0.02108017 0.03314358
vt 0.010025434 0.009922206
vt 0.01662197 0.08786595
vt 0.004899648 0.07691938
vt 0.34995028 0.24349838
vt 0.29724747 0.24707705
vt 0.32738233 0.22914046
vt 0.3273874 0.24345154
vt 0.35004532 0.22916728
vt 0.2969839 0.244196
vt 0.308289 0.22913224
vt 0.308289 0.22913224
vt 0.3082679 0.24343699
vt 0.3082679 0.24343699
vt 0.27640444 0.24345249
vt 0.27636147 0.22914118
vt 0.25348082 0.22916883
vt 0.2969706 0.24419779
vt 0.25342488 0.24350089
vt 0.29723537 0.24707872
vt 0.27632248 0.21475834
vt 0.27632248 0.21475834
vt 0.25354633 0.21477729
vt 0.25354633 0.21477729
vt 0.29429126 0.2439844
vt 0.2943192 0.21475214
vt 0.2943192 0.21475214
vt 0.2943192 0.21475214
vt 0.2945342 0.22913224
vt 0.32737726 0.21475726
vt 0.32737726 0.21475726
vt 0.35042766 0.21477634
vt 0.35042766 0.21477634
vt 0.2943107 0.24398178
vt 0.27627456 0.20126599
vt 0.25361162 0.20128304
vt 0.29429016 0.24707538
vt 0.2943301 0.20126003
vt 0.35098433 0.2012822
vt 0.2943082 0.24707264
vt 0.32737145 0.20126516
vt 0.29454523 0.24343711
vt 0.30832854 0.2147519
vt 0.30832854 0.2147519
vt 0.30837482 0.20125979
vt 0.08459964 0.003905177
vt 0.08459964 0.003905177
vt 0.1452362 0.059091806
vt 0.22484817 0.049699485
vt 0.22484817 0.049699485
vt 0.08459027 0.14930254
vt 0.08459027 0.14930254
vt 0.14524029 0.14930296
vt 0.22433682 0.13105947
vt 0.22433682 0.13105947
vt 0.006676154 0.05599779
vt 0.0040465184 0.0677287
vt 0.009692233 0.15033543
vt 0.004178025 0.13548172
vt 0.047754884 0.06515485
vt 0.047754884 0.06515485
vt 0.04903703 0.13365585
vt 0.04903703 0.13365585
vt 0.05784374 0.08041459
vt 0.05784374 0.08041459
vt 0.056581356 0.13394511
vt 0.056581356 0.13394511
vt 0.15218815 0.13148624
vt 0.15218815 0.13148624
vt 0.18425089 0.44127142
vt 0.15231192 0.054781377
vt 0.15231192 0.054781377
vt 0.15231192 0.054781377
vt 0.10287597 0.008913636
vt 0.10287597 0.008913636
vt 0.09592784 0.004987955
vt 0.09525002 0.03271991
vt 0.11022437 0.03219843
vt 0.15736514 0.3931746
vt 0.22956514 0.38176775
vt 0.06458977 0.07672399
vt 0.07815551 0.022963345
vt 0.07848751 0.07548493
vt 0.06662859 0.0099057555
vt 0.13221957 0.0345186
vt 0.13221957 0.0345186
vt 0.07267504 0.08735567
vt 0.07267202 0.08735567
vt 0.07264323 0.03452462
vt 0.13656981 0.08734083
vt 0.13656981 0.08734083
vt 0.07252374 0.0019059777
vt 0.011871324 0.03366232
vt 0.011871324 0.03366232
vt 0.008651273 0.08739942
vt 0.008651273 0.08739942
vt 0.0149234915 0.034929454
vt 0.009505392 0.01273787
vt 0.010510799 0.08730811
vt 0.0045083943 0.076293945
vt 0.1273714 0.036342323
vt 0.0068206377 0.0017871857
vt 0.012739714 0.0019189715
vt 0.13009386 0.08568394
vt 0.03706616 0.07255733
vt 0.07074763 0.029035687
vt 0.13138998 0.028901577
vt 0.04380857 0.01627165
vt 0.1452362 0.059091806
vt 0.22484817 0.049699485
vt 0.22484817 0.049699485
vt 0.08459964 0.003905177
vt 0.08459964 0.003905177
vt 0.08460185 0.14930278
vt 0.08460185 0.14930278
vt 0.1452362 0.14930284
vt 0.22480439 0.1314938
vt 0.025629325 0.059441984
vt 0.0034713126 0.06967503
vt 0.02562511 0.14930302
vt 0.0032809197 0.13454568
vt 0.0032809197 0.13454568
vt 0.04912454 0.0860095
vt 0.10499088 0.085537076
vt 0.05242102 0.13362944
vt 0.105142675 0.13333315
vt 0.027280174 0.073794544
vt 0.027280174 0.073794544
vt 0.19833931 0.0751096
vt 0.19833931 0.0751096
vt 0.19833931 0.0751096
vt 0.20691317 0.13133824
vt 0.1906663 0.13117659
vt 0.15910886 0.055006206
vt 0.15910886 0.055006206
vt 0.16170047 0.08576709
vt 0.16170047 0.08576709
vt 0.16170047 0.08576709
vt 0.18927395 0.39508754
vt 0.18174952 0.35462976
vt 0.0834234 0.0050476193
vt 0.08553916 0.032405436
vt 0.08553916 0.032405436
vt 0.21648657 0.39532948
vt 0.18150759 0.38184237
vt 0.0710456 0.0755527
vt 0.12756279 0.07556522
vt 0.090488136 0.07067424
vt 0.22185874 0.44335938
vt 0.14502092 0.059684515
vt 0.14502092 0.059684515
vt 0.15248184 0.08587301
vt 0.15248184 0.08587301
vt 0.13748689 0.08577001
vt 0.15248184 0.08587301
vt 0.18425089 0.39320648
vt 0.22955844 0.35495663
vt 0.16153689 0.13181823
vt 0.18927407 0.4436087
vt 0.13221957 0.0345186
vt 0.13221957 0.0345186
vt 0.072675236 0.08735567
vt 0.07264323 0.03452462
vt 0.13602564 0.08722746
vt 0.13602564 0.08722746
vt 0.07204715 0.0074310303
vt 0.055961058 0.03935665
vt 0.085691325 0.09417355
vt 0.22291842 1.0856439
vt 0.094178095 0.07267964
vt 0.15234298 0.44169694
vt 0.006761377 0.07065326
vt 0.13103575 0.085900545
vt 0.039871402 0.039349973
vt 0.22291142 1.0856369
vt 0.053211767 0.09415567
vt 0.039942227 0.02246666
vt 0.03831681 0.037846923
vt 0.22283107 1.0678127
vt 0.012739714 0.0019189715
vt 0.1273714 0.036342323
vt 0.054794148 0.037846923
vt 0.21285622 1.0678091
vt 0.19021644 0.075265825
vt 0.19021644 0.075265825
vt 0.19021644 0.075265825
vt 0.038322132 0.037846923
vt 0.20927754 1.0678275
vt 0.20646219 0.07495344
vt 0.20646219 0.07495344
vt 0.0547922 0.037846923
vt 0.22209692 1.0677952
vt 0.055953637 0.022470057
vt 0.20944832 1.0850058
vt 0.053230323 0.059789896
vt 0.20646222 0.09343237
vt 0.20646222 0.09343237
vt 0.08570802 0.059808016
vt 0.20945594 1.0856588
vt 0.1902164 0.09356278
vt 0.1902164 0.09356278
vt 0.0035576455 0.030851603
vt 0.0035576455 0.030851603
vt 0.0045348043 0.08801788
vt 0.0045348043 0.08801788
vt 0.07267157 0.08735567
vt 0.02108017 0.03314358
vt 0.010025434 0.009922206
vt 0.01662197 0.08786595
vt 0.004899648 0.07691938
vt 0.3273874 0.24345154
vt 0.35004532 0.22916728
vt 0.2969839 0.244196
vt 0.34995028 0.24349838
vt 0.29724747 0.24707705
vt 0.32738233 0.22914046
vt 0.308289 0.22913224
vt 0.308289 0.22913224
vt 0.3082679 0.24343699
vt 0.3082679 0.24343699
vt 0.27636147 0.22914118
vt 0.25342488 0.24350089
vt 0.29723537 0.24707872
vt 0.25348082 0.22916883
vt 0.2969706 0.24419779
vt 0.27640444 0.24345249
vt 0.27632248 0.21475834
vt 0.27632248 0.21475834
vt 0.25354633 0.21477729
vt 0.25354633 0.21477729
vt 0.29429126 0.2439844
vt 0.2943192 0.21475214
vt 0.2943192 0.21475214
vt 0.2943192 0.21475214
vt 0.2945342 0.22913224
vt 0.32737726 0.21475726
vt 0.32737726 0.21475726
vt 0.35042766 0.21477634
vt 0.35042766 0.21477634
vt 0.2943107 0.24398178
vt 0.25361162 0.20128304
vt 0.29429016 0.24707538
vt 0.27627456 0.20126599
vt 0.2943301 0.20126003
vt 0.35098433 0.2012822
vt 0.2943082 0.24707264
vt 0.32737145 0.20126516
vt 0.29454523 0.24343711
vt 0.30832854 0.2147519
vt 0.30832854 0.2147519
vt 0.30837482 0.20125979
vt 0.1452362 0.059091806
vt 0.22484817 0.049699485
vt 0.22484817 0.049699485
vt 0.08411851 0.012530506
vt 0.08411851 0.012530506
vt 0.08459027 0.14930254
vt 0.08459027 0.14930254
vt 0.14524029 0.14930296
vt 0.22433682 0.13105947
vt 0.22433682 0.13105947
vt 0.006676154 0.05599779
vt 0.0040465184 0.0677287
vt 0.009692233 0.15033543
vt 0.004178025 0.13548172
vt 0.05784374 0.08041459
vt 0.05784374 0.08041459
vt 0.056581356 0.13394511
vt 0.056581356 0.13394511
vt 0.15218815 0.13148624
vt 0.15218815 0.13148624
vt 0.18425089 0.44127142
vt 0.15231192 0.054781377
vt 0.15231192 0.054781377
vt 0.15231192 0.054781377
vt 0.10287597 0.008913636
vt 0.10287597 0.008913636
vt 0.09525002 0.03271991
vt 0.11022437 0.03219843
vt 0.15736514 0.3931746
vt 0.22956514 0.38176775
vt 0.09592784 0.004987955
vt 0.07815551 0.022963345
vt 0.07848751 0.07548493
vt 0.13221957 0.0345186
vt 0.13221957 0.0345186
vt 0.07264323 0.03452462
vt 0.07267504 0.08735567
vt 0.13656981 0.08734083
vt 0.13656981 0.08734083
vt 0.07279055 0.007361293
vt 0.011871324 0.03366232
vt 0.011871324 0.03366232
vt 0.07267202 0.08735567
vt 0.008651273 0.08739942
vt 0.008651273 0.08739942
vt 0.0149234915 0.034929454
vt 0.009505392 0.01273787
vt 0.010510799 0.08730811
vt 0.0045083943 0.076293945
vt 0.1273714 0.036342323
vt 0.0068206377 0.0017871857
vt 0.012739714 0.0019189715
vt 0.13009386 0.08568394
vt 0.03706616 0.07255733
vt 0.04380857 0.01627165
vt 0.07074763 0.029035687
vt 0.13138998 0.028901577
vt 0.08506979 0.01252526
vt 0.08506979 0.01252526
vt 0.1452362 0.059091806
vt 0.22484817 0.049699485
vt 0.22484817 0.049699485
vt 0.08460185 0.14930278
vt 0.08460185 0.14930278
vt 0.1452362 0.14930284
vt 0.22480439 0.1314938
vt 0.025629325 0.059441984
vt 0.0034713126 0.06967503
vt 0.02562511 0.14930302
vt 0.0032809197 0.13454568
vt 0.0032809197 0.13454568
vt 0.027280174 0.073794544
vt 0.027280174 0.073794544
vt 0.04912454 0.0860095
vt 0.10499088 0.085537076
vt 0.05242102 0.13362944
vt 0.105142675 0.13333315
vt 0.19833931 0.0751096
vt 0.19833931 0.0751096
vt 0.19833931 0.0751096
vt 0.20691317 0.13133824
vt 0.1906663 0.13117659
vt 0.15910886 0.055006206
vt 0.15910886 0.055006206
vt 0.16170047 0.08576709
vt 0.16170047 0.08576709
vt 0.16170047 0.08576709
vt 0.18927395 0.39508754
vt 0.18174952 0.35462976
vt 0.0834234 0.0050476193
vt 0.08553916 0.032405436
vt 0.08553916 0.032405436
vt 0.21648657 0.39532948
vt 0.18150759 0.38184237
vt 0.0710456 0.0755527
vt 0.12756279 0.07556522
vt 0.090488136 0.07067424
vt 0.22185874 0.44335938
vt 0.15248184 0.08587301
vt 0.15248184 0.08587301
vt 0.13748689 0.08577001
vt 0.15248184 0.08587301
vt 0.18425089 0.39320648
vt 0.22955844 0.35495663
vt 0.14502092 0.059684515
vt 0.14502092 0.059684515
vt 0.16153689 0.13181823
vt 0.18927407 0.4436087
vt 0.076298825 0.0479517
vt 0.18060204 0.09161806
vt 0.06353941 0.05229175
vt 0.17733936 0.098041594
vt 0.17733936 0.098041594
vt 0.07651918 0.052233398
vt 0.18129207 0.09794074
vt 0.18129207 0.09794074
vt 0.06333102 0.04801029
vt 0.17664307 0.09169942
vt 0.13062248 0.0795306
vt 0.13062248 0.0795306
vt 0.13062248 0.0795306
vt 0.084673345 0.10581666
vt 0.084673345 0.10581666
vt 0.084673345 0.10581666
vt 0.08467333 0.045145154
vt 0.11534652 0.054313302
vt 0.11534652 0.054313302
vt 0.13263768 0.079449356
vt 0.13263768 0.079449356
vt 0.13263768 0.079449356
vt 0.08460188 0.10589796
vt 0.08460188 0.10589796
vt 0.08460188 0.10589796
vt 0.1143032 0.054394543
vt 0.1143032 0.054394543
vt 0.08460188 0.045226514
vt 0.13221957 0.0345186
vt 0.13221957 0.0345186
vt 0.072675236 0.08735567
vt 0.07264323 0.03452462
vt 0.13602564 0.08722746
vt 0.13602564 0.08722746
vt 0.07252374 0.0019059777
vt 0.055961058 0.03935665
vt 0.085691325 0.09417355
vt 0.22291842 1.0856439
vt 0.094178095 0.07267964
vt 0.15234298 0.44169694
vt 0.006761377 0.07065326
vt 0.13103575 0.085900545
vt 0.039871402 0.039349973
vt 0.22291142 1.0856369
vt 0.053211767 0.09415567
vt 0.039942227 0.02246666
vt 0.03831681 0.037846923
vt 0.22283107 1.0678127
vt 0.012739714 0.0019189715
vt 0.1273714 0.036342323
vt 0.054794148 0.037846923
vt 0.21285622 1.0678091
vt 0.19021644 0.075265825
vt 0.19021644 0.075265825
vt 0.19021644 0.075265825
vt 0.038322132 0.037846923
vt 0.20927754 1.0678275
vt 0.20646219 0.07495344
vt 0.20646219 0.07495344
vt 0.0547922 0.037846923
vt 0.22209692 1.0677952
vt 0.055953637 0.022470057
vt 0.20944832 1.0850058
vt 0.053230323 0.059789896
vt 0.20646222 0.09343237
vt 0.20646222 0.09343237
vt 0.08570802 0.059808016
vt 0.20945594 1.0856588
vt 0.1902164 0.09356278
vt 0.1902164 0.09356278
vt 0.0035576455 0.030851603
vt 0.0035576455 0.030851603
vt 0.0045348043 0.08801788
vt 0.0045348043 0.08801788
vt 0.02108017 0.03314358
vt 0.010025434 0.009922206
vt 0.01662197 0.08786595
vt 0.004899648 0.07691938
vt 0.32738233 0.22914046
vt 0.34995028 0.24349838
vt 0.29724747 0.24707705
vt 0.3273874 0.24345154
vt 0.35004532 0.22916728
vt 0.2969839 0.244196
vt 0.308289 0.22913224
vt 0.308289 0.22913224
vt 0.3082679 0.24343699
vt 0.3082679 0.24343699
vt 0.27636147 0.22914118
vt 0.27640444 0.24345249
vt 0.25348082 0.22916883
vt 0.2969706 0.24419779
vt 0.25342488 0.24350089
vt 0.29723537 0.24707872
vt 0.27632248 0.21475834
vt 0.27632248 0.21475834
vt 0.25354633 0.21477729
vt 0.25354633 0.21477729
vt 0.29429126 0.2439844
vt 0.2943192 0.21475214
vt 0.2943192 0.21475214
vt 0.2943192 0.21475214
vt 0.2945342 0.22913224
vt 0.32737726 0.21475726
vt 0.32737726 0.21475726
vt 0.35042766 0.21477634
vt 0.35042766 0.21477634
vt 0.2943107 0.24398178
vt 0.25361162 0.20128304
vt 0.29429016 0.24707538
vt 0.27627456 0.20126599
vt 0.2943301 0.20126003
vt 0.35098433 0.2012822
vt 0.2943082 0.24707264
vt 0.32737145 0.20126516
vt 0.29454523 0.24343711
vt 0.30832854 0.2147519
vt 0.30832854 0.2147519
vt 0.30837482 0.20125979
vt 0.1452362 0.059091806
vt 0.22484817 0.049699485
vt 0.22484817 0.049699485
vt 0.08459964 0.003905177
vt 0.08459964 0.003905177
vt 0.08459027 0.14930254
vt 0.08459027 0.14930254
vt 0.14524029 0.14930296
vt 0.22433682 0.13105947
vt 0.22433682 0.13105947
vt 0.006676154 0.05599779
vt 0.0040465184 0.0677287
vt 0.009692233 0.15033543
vt 0.004178025 0.13548172
vt 0.04903703 0.13365585
vt 0.04903703 0.13365585
vt 0.047754884 0.06515485
vt 0.047754884 0.06515485
vt 0.05784374 0.08041459
vt 0.05784374 0.08041459
vt 0.056581356 0.13394511
vt 0.056581356 0.13394511
vt 0.15218815 0.13148624
vt 0.15218815 0.13148624
vt 0.18425089 0.44127142
vt 0.15231192 0.054781377
vt 0.15231192 0.054781377
vt 0.15231192 0.054781377
vt 0.10287597 0.008913636
vt 0.10287597 0.008913636
vt 0.09525002 0.03271991
vt 0.11022437 0.03219843
vt 0.15736514 0.3931746
vt 0.22956514 0.38176775
vt 0.09592784 0.004987955
vt 0.07815551 0.022963345
vt 0.06458977 0.07672399
vt 0.07848751 0.07548493
vt 0.06662859 0.0099057555
vt 0.13221957 0.0345186
vt 0.13221957 0.0345186
vt 0.07264323 0.03452462
vt 0.07267504 0.08735567
vt 0.07267202 0.08735567
vt 0.13656981 0.08734083
vt 0.13656981 0.08734083
vt 0.07252374 0.0019059777
vt 0.011871324 0.03366232
vt 0.011871324 0.03366232
vt 0.008651273 0.08739942
vt 0.008651273 0.08739942
vt 0.0149234915 0.034929454
vt 0.009505392 0.01273787
vt 0.010510799 0.08730811
vt 0.0045083943 0.076293945
vt 0.1273714 0.036342323
vt 0.0068206377 0.0017871857
vt 0.012739714 0.0019189715
vt 0.13009386 0.08568394
vt 0.03706616 0.07255733
vt 0.04380857 0.01627165
vt 0.07074763 0.029035687
vt 0.13138998 0.028901577
vt 0.08459964 0.003905177
vt 0.08459964 0.003905177
vt 0.1452362 0.059091806
vt 0.22484817 0.049699485
vt 0.22484817 0.049699485
vt 0.08460185 0.14930278
vt 0.08460185 0.14930278
vt 0.1452362 0.14930284
vt 0.22480439 0.1314938
vt 0.025629325 0.059441984
vt 0.0034713126 0.06967503
vt 0.02562511 0.14930302
vt 0.0032809197 0.13454568
vt 0.0032809197 0.13454568
vt 0.027280174 0.073794544
vt 0.027280174 0.073794544
vt 0.04912454 0.0860095
vt 0.10499088 0.085537076
vt 0.05242102 0.13362944
vt 0.105142675 0.13333315
vt 0.19833931 0.0751096
vt 0.19833931 0.0751096
vt 0.19833931 0.0751096
vt 0.20691317 0.13133824
vt 0.1906663 0.13117659
vt 0.15910886 0.055006206
vt 0.15910886 0.055006206
vt 0.16170047 0.08576709
vt 0.16170047 0.08576709
vt 0.16170047 0.08576709
vt 0.18927395 0.39508754
vt 0.18174952 0.35462976
vt 0.0834234 0.0050476193
vt 0.08553916 0.032405436
vt 0.08553916 0.032405436
vt 0.21648657 0.39532948
vt 0.18150759 0.38184237
vt 0.0710456 0.0755527
vt 0.12756279 0.07556522
vt 0.090488136 0.07067424
vt 0.22185874 0.44335938
vt 0.15248184 0.08587301
vt 0.15248184 0.08587301
vt 0.13748689 0.08577001
vt 0.15248184 0.08587301
vt 0.18425089 0.39320648
vt 0.22955844 0.35495663
vt 0.14502092 0.059684515
vt 0.14502092 0.059684515
vt 0.16153689 0.13181823
vt 0.18927407 0.4436087
vt 0.13221957 0.0345186
vt 0.13221957 0.0345186
vt 0.072675236 0.08735567
vt 0.07264323 0.03452462
vt 0.13602564 0.08722746
vt 0.13602564 0.08722746
vt 0.07204715 0.0074310303
vt 0.055961058 0.03935665
vt 0.085691325 0.09417355
vt 0.22291842 1.0856439
vt 0.094178095 0.07267964
vt 0.15234298 0.44169694
vt 0.006761377 0.07065326
vt 0.13103575 0.085900545
vt 0.039871402 0.039349973
vt 0.22291142 1.0856369
vt 0.053211767 0.09415567
vt 0.039942227 0.02246666
vt 0.03831681 0.037846923
vt 0.22283107 1.0678127
vt 0.012739714 0.0019189715
vt 0.1273714 0.036342323
vt 0.054794148 0.037846923
vt 0.21285622 1.0678091
vt 0.19021644 0.075265825
vt 0.19021644 0.075265825
vt 0.19021644 0.075265825
vt 0.038322132 0.037846923
vt 0.20927754 1.0678275
vt 0.20646219 0.07495344
vt 0.20646219 0.07495344
vt 0.0547922 0.037846923
vt 0.22209692 1.0677952
vt 0.055953637 0.022470057
vt 0.20944832 1.0850058
vt 0.053230323 0.059789896
vt 0.20646222 0.09343237
vt 0.20646222 0.09343237
vt 0.08570802 0.059808016
vt 0.20945594 1.0856588
vt 0.1902164 0.09356278
vt 0.1902164 0.09356278
vt 0.0035576455 0.030851603
vt 0.0035576455 0.030851603
vt 0.0045348043 0.08801788
vt 0.0045348043 0.08801788
vt 0.07267157 0.08735567
vt 0.02108017 0.03314358
vt 0.010025434 0.009922206
vt 0.01662197 0.08786595
vt 0.004899648 0.07691938
vt 0.35004532 0.22916728
vt 0.2969839 0.244196
vt 0.3273874 0.24345154
vt 0.32738233 0.22914046
vt 0.34995028 0.24349838
vt 0.29724747 0.24707705
vt 0.308289 0.22913224
vt 0.308289 0.22913224
vt 0.3082679 0.24343699
vt 0.3082679 0.24343699
vt 0.25342488 0.24350089
vt 0.29723537 0.24707872
vt 0.27636147 0.22914118
vt 0.27640444 0.24345249
vt 0.25348082 0.22916883
vt 0.2969706 0.24419779
vt 0.25354633 0.21477729
vt 0.25354633 0.21477729
vt 0.29429126 0.2439844
vt 0.27632248 0.21475834
vt 0.27632248 0.21475834
vt 0.2945342 0.22913224
vt 0.2943192 0.21475214
vt 0.2943192 0.21475214
vt 0.2943192 0.21475214
vt 0.35042766 0.21477634
vt 0.35042766 0.21477634
vt 0.2943107 0.24398178
vt 0.32737726 0.21475726
vt 0.32737726 0.21475726
vt 0.25361162 0.20128304
vt 0.29429016 0.24707538
vt 0.27627456 0.20126599
vt 0.2943301 0.20126003
vt 0.32737145 0.20126516
vt 0.35098433 0.2012822
vt 0.2943082 0.24707264
vt 0.29454523 0.24343711
vt 0.30832854 0.2147519
vt 0.30832854 0.2147519
vt 0.30837482 0.20125979
vt 0.08411851 0.012530506
vt 0.08411851 0.012530506
vt 0.08459027 0.14930254
vt 0.08459027 0.14930254
vt 0.1452362 0.059091806
vt 0.22484817 0.049699485
vt 0.22484817 0.049699485
vt 0.14524029 0.14930296
vt 0.22433682 0.13105947
vt 0.22433682 0.13105947
vt 0.006676154 0.05599779
vt 0.0040465184 0.0677287
vt 0.009692233 0.15033543
vt 0.004178025 0.13548172
vt 0.05784374 0.08041459
vt 0.05784374 0.08041459
vt 0.056581356 0.13394511
vt 0.056581356 0.13394511
vt 0.15218815 0.13148624
vt 0.15218815 0.13148624
vt 0.18425089 0.44127142
vt 0.15231192 0.054781377
vt 0.15231192 0.054781377
vt 0.15231192 0.054781377
vt 0.10287597 0.008913636
vt 0.10287597 0.008913636
vt 0.09525002 0.03271991
vt 0.11022437 0.03219843
vt 0.15736514 0.3931746
vt 0.22956514 0.38176775
vt 0.09592784 0.004987955
vt 0.07815551 0.022963345
vt 0.07848751 0.07548493
vt 0.13221957 0.0345186
vt 0.13221957 0.0345186
vt 0.07264323 0.03452462
vt 0.07267504 0.08735567
vt 0.13656981 0.08734083
vt 0.13656981 0.08734083
vt 0.07279055 0.007361293
vt 0.011871324 0.03366232
vt 0.011871324 0.03366232
vt 0.07267202 0.08735567
vt 0.008651273 0.08739942
vt 0.008651273 0.08739942
vt 0.0149234915 0.034929454
vt 0.009505392 0.01273787
vt 0.010510799 0.08730811
vt 0.0045083943 0.076293945
vt 0.1273714 0.036342323
vt 0.0068206377 0.0017871857
vt 0.012739714 0.0019189715
vt 0.13009386 0.08568394
vt 0.03706616 0.07255733
vt 0.04380857 0.01627165
vt 0.07074763 0.029035687
vt 0.13138998 0.028901577
vt 0.08460185 0.14930278
vt 0.08460185 0.14930278
vt 0.08506979 0.01252526
vt 0.08506979 0.01252526
vt 0.1452362 0.059091806
vt 0.22484817 0.049699485
vt 0.22484817 0.049699485
vt 0.1452362 0.14930284
vt 0.22480439 0.1314938
vt 0.025629325 0.059441984
vt 0.0034713126 0.06967503
vt 0.02562511 0.14930302
vt 0.0032809197 0.13454568
vt 0.0032809197 0.13454568
vt 0.027280174 0.073794544
vt 0.027280174 0.073794544
vt 0.04912454 0.0860095
vt 0.10499088 0.085537076
vt 0.05242102 0.13362944
vt 0.105142675 0.13333315
vt 0.19833931 0.0751096
vt 0.19833931 0.0751096
vt 0.19833931 0.0751096
vt 0.20691317 0.13133824
vt 0.1906663 0.13117659
vt 0.15910886 0.055006206
vt 0.15910886 0.055006206
vt 0.16170047 0.08576709
vt 0.16170047 0.08576709
vt 0.16170047 0.08576709
vt 0.18927395 0.39508754
vt 0.18174952 0.35462976
vt 0.0834234 0.0050476193
vt 0.08553916 0.032405436
vt 0.08553916 0.032405436
vt 0.21648657 0.39532948
vt 0.18150759 0.38184237
vt 0.0710456 0.0755527
vt 0.12756279 0.07556522
vt 0.090488136 0.07067424
vt 0.22185874 0.44335938
vt 0.15248184 0.08587301
vt 0.15248184 0.08587301
vt 0.13748689 0.08577001
vt 0.15248184 0.08587301
vt 0.18425089 0.39320648
vt 0.22955844 0.35495663
vt 0.14502092 0.059684515
vt 0.14502092 0.059684515
vt 0.16153689 0.13181823
vt 0.18927407 0.4436087
vt 0.076298825 0.0479517
vt 0.18060204 0.09161806
vt 0.06353941 0.05229175
vt 0.17733936 0.098041594
vt 0.17733936 0.098041594
vt 0.07651918 0.052233398
vt 0.18129207 0.09794074
vt 0.18129207 0.09794074
vt 0.06333102 0.04801029
vt 0.17664307 0.09169942
vt 0.13062248 0.0795306
vt 0.13062248 0.0795306
vt 0.13062248 0.0795306
vt 0.084673345 0.10581666
vt 0.084673345 0.10581666
vt 0.084673345 0.10581666
vt 0.08467333 0.045145154
vt 0.11534652 0.054313302
vt 0.11534652 0.054313302
vt 0.13263768 0.079449356
vt 0.13263768 0.079449356
vt 0.13263768 0.079449356
vt 0.08460188 0.10589796
vt 0.08460188 0.10589796
vt 0.08460188 0.10589796
vt 0.1143032 0.054394543
vt 0.1143032 0.054394543
vt 0.08460188 0.045226514
vt 0.13221957 0.0345186
vt 0.13221957 0.0345186
vt 0.072675236 0.08735567
vt 0.07264323 0.03452462
vt 0.13602564 0.08722746
vt 0.13602564 0.08722746
vt 0.07204715 0.0074310303
vt 0.055961058 0.03935665
vt 0.085691325 0.09417355
vt 0.22291842 1.0856439
vt 0.094178095 0.07267964
vt 0.15234298 0.44169694
vt 0.006761377 0.07065326
vt 0.13103575 0.085900545
vt 0.039871402 0.039349973
vt 0.22291142 1.0856369
vt 0.053211767 0.09415567
vt 0.039942227 0.02246666
vt 0.03831681 0.037846923
vt 0.22283107 1.0678127
vt 0.012739714 0.0019189715
vt 0.1273714 0.036342323
vt 0.054794148 0.037846923
vt 0.21285622 1.0678091
vt 0.19021644 0.075265825
vt 0.19021644 0.075265825
vt 0.19021644 0.075265825
vt 0.038322132 0.037846923
vt 0.20927754 1.0678275
vt 0.20646219 0.07495344
vt 0.20646219 0.07495344
vt 0.0547922 0.037846923
vt 0.22209692 1.0677952
vt 0.055953637 0.022470057
vt 0.20944832 1.0850058
vt 0.053230323 0.059789896
vt 0.20646222 0.09343237
vt 0.20646222 0.09343237
vt 0.08570802 0.059808016
vt 0.20945594 1.0856588
vt 0.1902164 0.09356278
vt 0.1902164 0.09356278
vt 0.0035576455 0.030851603
vt 0.0035576455 0.030851603
vt 0.0045348043 0.08801788
vt 0.0045348043 0.08801788
vt 0.07267157 0.08735567
vt 0.02108017 0.03314358
vt 0.010025434 0.009922206
vt 0.01662197 0.08786595
vt 0.004899648 0.07691938
vt 0.3273874 0.24345154
vt 0.35004532 0.22916728
vt 0.2969839 0.244196
vt 0.34995028 0.24349838
vt 0.29724747 0.24707705
vt 0.32738233 0.22914046
vt 0.308289 0.22913224
vt 0.308289 0.22913224
vt 0.3082679 0.24343699
vt 0.3082679 0.24343699
vt 0.27636147 0.22914118
vt 0.25342488 0.24350089
vt 0.29723537 0.24707872
vt 0.25348082 0.22916883
vt 0.2969706 0.24419779
vt 0.27640444 0.24345249
vt 0.27632248 0.21475834
vt 0.27632248 0.21475834
vt 0.25354633 0.21477729
vt 0.25354633 0.21477729
vt 0.29429126 0.2439844
vt 0.2943192 0.21475214
vt 0.2943192 0.21475214
vt 0.2943192 0.21475214
vt 0.2945342 0.22913224
vt 0.32737726 0.21475726
vt 0.32737726 0.21475726
vt 0.35042766 0.21477634
vt 0.35042766 0.21477634
vt 0.2943107 0.24398178
vt 0.25361162 0.20128304
vt 0.29429016 0.24707538
vt 0.27627456 0.20126599
vt 0.2943301 0.20126003
vt 0.35098433 0.2012822
vt 0.2943082 0.24707264
vt 0.32737145 0.20126516
vt 0.29454523 0.24343711
vt 0.30832854 0.2147519
vt 0.30832854 0.2147519
vt 0.30837482 0.20125979
vt 0.1452362 0.059091806
vt 0.22484817 0.049699485
vt 0.22484817 0.049699485
vt 0.08411851 0.012530506
vt 0.08411851 0.012530506
vt 0.08459027 0.14930254
vt 0.08459027 0.14930254
vt 0.14524029 0.14930296
vt 0.22433682 0.13105947
vt 0.22433682 0.13105947
vt 0.006676154 0.05599779
vt 0.0040465184 0.0677287
vt 0.009692233 0.15033543
vt 0.004178025 0.13548172
vt 0.05784374 0.08041459
vt 0.05784374 0.08041459
vt 0.056581356 0.13394511
vt 0.056581356 0.13394511
vt 0.15218815 0.13148624
vt 0.15218815 0.13148624
vt 0.18425089 0.44127142
vt 0.15231192 0.054781377
vt 0.15231192 0.054781377
vt 0.15231192 0.054781377
vt 0.10287597 0.008913636
vt 0.10287597 0.008913636
vt 0.09525002 0.03271991
vt 0.11022437 0.03219843
vt 0.15736514 0.3931746
vt 0.22956514 0.38176775
vt 0.09592784 0.004987955
vt 0.07815551 0.022963345
vt 0.07848751 0.07548493
vt 0.13221957 0.0345186
vt 0.13221957 0.0345186
vt 0.07264323 0.03452462
vt 0.07267504 0.08735567
vt 0.13656981 0.08734083
vt 0.13656981 0.08734083
vt 0.07279055 0.007361293
vt 0.011871324 0.03366232
vt 0.011871324 0.03366232
vt 0.07267202 0.08735567
vt 0.008651273 0.08739942
vt 0.008651273 0.08739942
vt 0.0149234915 0.034929454
vt 0.009505392 0.01273787
vt 0.010510799 0.08730811
vt 0.0045083943 0.076293945
vt 0.1273714 0.036342323
vt 0.0068206377 0.0017871857
vt 0.012739714 0.0019189715
vt 0.13009386 0.08568394
vt 0.03706616 0.07255733
vt 0.04380857 0.01627165
vt 0.07074763 0.029035687
vt 0.13138998 0.028901577
vt 0.08506979 0.01252526
vt 0.08506979 0.01252526
vt 0.1452362 0.059091806
vt 0.22484817 0.049699485
vt 0.22484817 0.049699485
vt 0.08460185 0.14930278
vt 0.08460185 0.14930278
vt 0.1452362 0.14930284
vt 0.22480439 0.1314938
vt 0.025629325 0.059441984
vt 0.0034713126 0.06967503
vt 0.02562511 0.14930302
vt 0.0032809197 0.13454568
vt 0.0032809197 0.13454568
vt 0.027280174 0.073794544
vt 0.027280174 0.073794544
vt 0.04912454 0.0860095
vt 0.10499088 0.085537076
vt 0.05242102 0.13362944
vt 0.105142675 0.13333315
vt 0.19833931 0.0751096
vt 0.19833931 0.0751096
vt 0.19833931 0.0751096
vt 0.20691317 0.13133824
vt 0.1906663 0.13117659
vt 0.15910886 0.055006206
vt 0.15910886 0.055006206
vt 0.16170047 0.08576709
vt 0.16170047 0.08576709
vt 0.16170047 0.08576709
vt 0.18927395 0.39508754
vt 0.18174952 0.35462976
vt 0.0834234 0.0050476193
vt 0.08553916 0.032405436
vt 0.08553916 0.032405436
vt 0.21648657 0.39532948
vt 0.18150759 0.38184237
vt 0.0710456 0.0755527
vt 0.12756279 0.07556522
vt 0.090488136 0.07067424
vt 0.22185874 0.44335938
vt 0.15248184 0.08587301
vt 0.15248184 0.08587301
vt 0.13748689 0.08577001
vt 0.15248184 0.08587301
vt 0.18425089 0.39320648
vt 0.22955844 0.35495663
vt 0.14502092 0.059684515
vt 0.14502092 0.059684515
vt 0.16153689 0.13181823
vt 0.18927407 0.4436087
vt 0.076298825 0.0479517
vt 0.18060204 0.09161806
vt 0.06353941 0.05229175
vt 0.17733936 0.098041594
vt 0.17733936 0.098041594
vt 0.07651918 0.052233398
vt 0.18129207 0.09794074
vt 0.18129207 0.09794074
vt 0.06333102 0.04801029
vt 0.17664307 0.09169942
vt 0.13062248 0.0795306
vt 0.13062248 0.0795306
vt 0.13062248 0.0795306
vt 0.084673345 0.10581666
vt 0.084673345 0.10581666
vt 0.084673345 0.10581666
vt 0.08467333 0.045145154
vt 0.11534652 0.054313302
vt 0.11534652 0.054313302
vt 0.13263768 0.079449356
vt 0.13263768 0.079449356
vt 0.13263768 0.079449356
vt 0.08460188 0.10589796
vt 0.08460188 0.10589796
vt 0.08460188 0.10589796
vt 0.1143032 0.054394543
vt 0.1143032 0.054394543
vt 0.08460188 0.045226514
vt 0.13221957 0.0345186
vt 0.13221957 0.0345186
vt 0.072675236 0.08735567
vt 0.07264323 0.03452462
vt 0.13602564 0.08722746
vt 0.13602564 0.08722746
vt 0.07252374 0.0019059777
vt 0.055961058 0.03935665
vt 0.085691325 0.09417355
vt 0.22291842 1.0856439
vt 0.094178095 0.07267964
vt 0.15234298 0.44169694
vt 0.006761377 0.07065326
vt 0.13103575 0.085900545
vt 0.039871402 0.039349973
vt 0.22291142 1.0856369
vt 0.053211767 0.09415567
vt 0.039942227 0.02246666
vt 0.03831681 0.037846923
vt 0.22283107 1.0678127
vt 0.012739714 0.0019189715
vt 0.1273714 0.036342323
vt 0.054794148 0.037846923
vt 0.21285622 1.0678091
vt 0.19021644 0.075265825
vt 0.19021644 0.075265825
vt 0.19021644 0.075265825
vt 0.038322132 0.037846923
vt 0.20927754 1.0678275
vt 0.20646219 0.07495344
vt 0.20646219 0.07495344
vt 0.0547922 0.037846923
vt 0.22209692 1.0677952
vt 0.055953637 0.022470057
vt 0.20944832 1.0850058
vt 0.053230323 0.059789896
vt 0.20646222 0.09343237
vt 0.20646222 0.09343237
vt 0.08570802 0.059808016
vt 0.20945594 1.0856588
vt 0.1902164 0.09356278
vt 0.1902164 0.09356278
vt 0.0035576455 0.030851603
vt 0.0035576455 0.030851603
vt 0.0045348043 0.08801788
vt 0.0045348043 0.08801788
vt 0.02108017 0.03314358
vt 0.010025434 0.009922206
vt 0.01662197 0.08786595
vt 0.004899648 0.07691938
vt 0.32738233 0.22914046
vt 0.34995028 0.24349838
vt 0.29724747 0.24707705
vt 0.3273874 0.24345154
vt 0.35004532 0.22916728
vt 0.2969839 0.244196
vt 0.308289 0.22913224
vt 0.308289 0.22913224
vt 0.3082679 0.24343699
vt 0.3082679 0.24343699
vt 0.27636147 0.22914118
vt 0.27640444 0.24345249
vt 0.25348082 0.22916883
vt 0.2969706 0.24419779
vt 0.25342488 0.24350089
vt 0.29723537 0.24707872
vt 0.27632248 0.21475834
vt 0.27632248 0.21475834
vt 0.25354633 0.21477729
vt 0.25354633 0.21477729
vt 0.29429126 0.2439844
vt 0.2943192 0.21475214
vt 0.2943192 0.21475214
vt 0.2943192 0.21475214
vt 0.2945342 0.22913224
vt 0.32737726 0.21475726
vt 0.32737726 0.21475726
vt 0.35042766 0.21477634
vt 0.35042766 0.21477634
vt 0.2943107 0.24398178
vt 0.25361162 0.20128304
vt 0.29429016 0.24707538
vt 0.27627456 0.20126599
vt 0.2943301 0.20126003
vt 0.35098433 0.2012822
vt 0.2943082 0.24707264
vt 0.32737145 0.20126516
vt 0.29454523 0.24343711
vt 0.30832854 0.2147519
vt 0.30832854 0.2147519
vt 0.30837482 0.20125979
vt 0.1452362 0.059091806
vt 0.22484817 0.049699485
vt 0.22484817 0.049699485
vt 0.08459964 0.003905177
vt 0.08459964 0.003905177
vt 0.08459027 0.14930254
vt 0.08459027 0.14930254
vt 0.14524029 0.14930296
vt 0.22433682 0.13105947
vt 0.22433682 0.13105947
vt 0.006676154 0.05599779
vt 0.0040465184 0.0677287
vt 0.009692233 0.15033543
vt 0.004178025 0.13548172
vt 0.04903703 0.13365585
vt 0.04903703 0.13365585
vt 0.047754884 0.06515485
vt 0.047754884 0.06515485
vt 0.05784374 0.08041459
vt 0.05784374 0.08041459
vt 0.056581356 0.13394511
vt 0.056581356 0.13394511
vt 0.15218815 0.13148624
vt 0.15218815 0.13148624
vt 0.18425089 0.44127142
vt 0.15231192 0.054781377
vt 0.15231192 0.054781377
vt 0.15231192 0.054781377
vt 0.10287597 0.008913636
vt 0.10287597 0.008913636
vt 0.09525002 0.03271991
vt 0.11022437 0.03219843
vt 0.15736514 0.3931746
vt 0.22956514 0.38176775
vt 0.09592784 0.004987955
vt 0.07815551 0.022963345
vt 0.06458977 0.07672399
vt 0.07848751 0.07548493
vt 0.06662859 0.0099057555
vt 0.13221957 0.0345186
vt 0.13221957 0.0345186
vt 0.07264323 0.03452462
vt 0.07267504 0.08735567
vt 0.07267202 0.08735567
vt 0.13656981 0.08734083
vt 0.13656981 0.08734083
vt 0.07252374 0.0019059777
vt 0.011871324 0.03366232
vt 0.011871324 0.03366232
vt 0.008651273 0.08739942
vt 0.008651273 0.08739942
vt 0.0149234915 0.034929454
vt 0.009505392 0.01273787
vt 0.010510799 0.08730811
vt 0.0045083943 0.076293945
vt 0.1273714 0.036342323
vt 0.0068206377 0.0017871857
vt 0.012739714 0.0019189715
vt 0.13009386 0.08568394
vt 0.03706616 0.07255733
vt 0.04380857 0.01627165
vt 0.07074763 0.029035687
vt 0.13138998 0.028901577
vt 0.08459964 0.003905177
vt 0.08459964 0.003905177
vt 0.1452362 0.059091806
vt 0.22484817 0.049699485
vt 0.22484817 0.049699485
vt 0.08460185 0.14930278
vt 0.08460185 0.14930278
vt 0.1452362 0.14930284
vt 0.22480439 0.1314938
vt 0.025629325 0.059441984
vt 0.0034713126 0.06967503
vt 0.02562511 0.14930302
vt 0.0032809197 0.13454568
vt 0.0032809197 0.13454568
vt 0.027280174 0.073794544
vt 0.027280174 0.073794544
vt 0.04912454 0.0860095
vt 0.10499088 0.085537076
vt 0.05242102 0.13362944
vt 0.105142675 0.13333315
vt 0.19833931 0.0751096
vt 0.19833931 0.0751096
vt 0.19833931 0.0751096
vt 0.20691317 0.13133824
vt 0.1906663 0.13117659
vt 0.15910886 0.055006206
vt 0.15910886 0.055006206
vt 0.16170047 0.08576709
vt 0.16170047 0.08576709
vt 0.16170047 0.08576709
vt 0.18927395 0.39508754
vt 0.18174952 0.35462976
vt 0.0834234 0.0050476193
vt 0.08553916 0.032405436
vt 0.08553916 0.032405436
vt 0.21648657 0.39532948
vt 0.18150759 0.38184237
vt 0.0710456 0.0755527
vt 0.12756279 0.07556522
vt 0.090488136 0.07067424
vt 0.22185874 0.44335938
vt 0.15248184 0.08587301
vt 0.15248184 0.08587301
vt 0.13748689 0.08577001
vt 0.15248184 0.08587301
vt 0.18425089 0.39320648
vt 0.22955844 0.35495663
vt 0.14502092 0.059684515
vt 0.14502092 0.059684515
vt 0.16153689 0.13181823
vt 0.18927407 0.4436087
vt 0.13221957 0.0345186
vt 0.13221957 0.0345186
vt 0.072675236 0.08735567
vt 0.07264323 0.03452462
vt 0.13602564 0.08722746
vt 0.13602564 0.08722746
vt 0.07204715 0.0074310303
vt 0.055961058 0.03935665
vt 0.085691325 0.09417355
vt 0.22291842 1.0856439
vt 0.094178095 0.07267964
vt 0.15234298 0.44169694
vt 0.006761377 0.07065326
vt 0.13103575 0.085900545
vt 0.039871402 0.039349973
vt 0.22291142 1.0856369
vt 0.053211767 0.09415567
vt 0.039942227 0.02246666
vt 0.03831681 0.037846923
vt 0.22283107 1.0678127
vt 0.012739714 0.0019189715
vt 0.1273714 0.036342323
vt 0.054794148 0.037846923
vt 0.21285622 1.0678091
vt 0.19021644 0.075265825
vt 0.19021644 0.075265825
vt 0.19021644 0.075265825
vt 0.0547922 0.037846923
vt 0.22209692 1.0677952
vt 0.055953637 0.022470057
vt 0.038322132 0.037846923
vt 0.20927754 1.0678275
vt 0.20646219 0.07495344
vt 0.20646219 0.07495344
vt 0.20944832 1.0850058
vt 0.053230323 0.059789896
vt 0.20646222 0.09343237
vt 0.20646222 0.09343237
vt 0.08570802 0.059808016
vt 0.20945594 1.0856588
vt 0.1902164 0.09356278
vt 0.1902164 0.09356278
vt 0.0035576455 0.030851603
vt 0.0035576455 0.030851603
vt 0.0045348043 0.08801788
vt 0.0045348043 0.08801788
vt 0.07267157 0.08735567
vt 0.02108017 0.03314358
vt 0.010025434 0.009922206
vt 0.01662197 0.08786595
vt 0.004899648 0.07691938
vt 0.3273874 0.24345154
vt 0.35004532 0.22916728
vt 0.2969839 0.244196
vt 0.34995028 0.24349838
vt 0.29724747 0.24707705
vt 0.32738233 0.22914046
vt 0.308289 0.22913224
vt 0.308289 0.22913224
vt 0.3082679 0.24343699
vt 0.3082679 0.24343699
vt 0.27636147 0.22914118
vt 0.25342488 0.24350089
vt 0.29723537 0.24707872
vt 0.25348082 0.22916883
vt 0.2969706 0.24419779
vt 0.27640444 0.24345249
vt 0.27632248 0.21475834
vt 0.27632248 0.21475834
vt 0.25354633 0.21477729
vt 0.25354633 0.21477729
vt 0.29429126 0.2439844
vt 0.2943192 0.21475214
vt 0.2943192 0.21475214
vt 0.2943192 0.21475214
vt 0.2945342 0.22913224
vt 0.32737726 0.21475726
vt 0.32737726 0.21475726
vt 0.35042766 0.21477634
vt 0.35042766 0.21477634
vt 0.2943107 0.24398178
vt 0.25361162 0.20128304
vt 0.29429016 0.24707538
vt 0.27627456 0.20126599
vt 0.2943301 0.20126003
vt 0.35098433 0.2012822
vt 0.2943082 0.24707264
vt 0.32737145 0.20126516
vt 0.29454523 0.24343711
vt 0.30832854 0.2147519
vt 0.30832854 0.2147519
vt 0.30837482 0.20125979
vt 0.1452362 0.059091806
vt 0.22484817 0.049699485
vt 0.22484817 0.049699485
vt 0.08411851 0.012530506
vt 0.08411851 0.012530506
vt 0.08459027 0.14930254
vt 0.08459027 0.14930254
vt 0.14524029 0.14930296
vt 0.22433682 0.13105947
vt 0.22433682 0.13105947
vt 0.006676154 0.05599779
vt 0.0040465184 0.0677287
vt 0.009692233 0.15033543
vt 0.004178025 0.13548172
vt 0.05784374 0.08041459
vt 0.05784374 0.08041459
vt 0.056581356 0.13394511
vt 0.056581356 0.13394511
vt 0.15218815 0.13148624
vt 0.15218815 0.13148624
vt 0.18425089 0.44127142
vt 0.15231192 0.054781377
vt 0.15231192 0.054781377
vt 0.15231192 0.054781377
vt 0.10287597 0.008913636
vt 0.10287597 0.008913636
vt 0.09525002 0.03271991
vt 0.11022437 0.03219843
vt 0.15736514 0.3931746
vt 0.22956514 0.38176775
vt 0.09592784 0.004987955
vt 0.07815551 0.022963345
vt 0.07848751 0.07548493
vt 0.13221957 0.0345186
vt 0.13221957 0.0345186
vt 0.07264323 0.03452462
vt 0.07267504 0.08735567
vt 0.13656981 0.08734083
vt 0.13656981 0.08734083
vt 0.07279055 0.007361293
vt 0.011871324 0.03366232
vt 0.011871324 0.03366232
vt 0.07267202 0.08735567
vt 0.008651273 0.08739942
vt 0.008651273 0.08739942
vt 0.0149234915 0.034929454
vt 0.009505392 0.01273787
vt 0.010510799 0.08730811
vt 0.0045083943 0.076293945
vt 0.1273714 0.036342323
vt 0.0068206377 0.0017871857
vt 0.012739714 0.0019189715
vt 0.13009386 0.08568394
vt 0.03706616 0.07255733
vt 0.04380857 0.01627165
vt 0.07074763 0.029035687
vt 0.13138998 0.028901577
vt 0.08506979 0.01252526
vt 0.08506979 0.01252526
vt 0.1452362 0.059091806
vt 0.22484817 0.049699485
vt 0.22484817 0.049699485
vt 0.08460185 0.14930278
vt 0.08460185 0.14930278
vt 0.1452362 0.14930284
vt 0.22480439 0.1314938
vt 0.025629325 0.059441984
vt 0.0034713126 0.06967503
vt 0.02562511 0.14930302
vt 0.0032809197 0.13454568
vt 0.0032809197 0.13454568
vt 0.027280174 0.073794544
vt 0.027280174 0.073794544
vt 0.04912454 0.0860095
vt 0.10499088 0.085537076
vt 0.05242102 0.13362944
vt 0.105142675 0.13333315
vt 0.19833931 0.0751096
vt 0.19833931 0.0751096
vt 0.19833931 0.0751096
vt 0.20691317 0.13133824
vt 0.1906663 0.13117659
vt 0.15910886 0.055006206
vt 0.15910886 0.055006206
vt 0.16170047 0.08576709
vt 0.16170047 0.08576709
vt 0.16170047 0.08576709
vt 0.18927395 0.39508754
vt 0.18174952 0.35462976
vt 0.0834234 0.0050476193
vt 0.08553916 0.032405436
vt 0.08553916 0.032405436
vt 0.21648657 0.39532948
vt 0.18150759 0.38184237
vt 0.0710456 0.0755527
vt 0.12756279 0.07556522
vt 0.090488136 0.07067424
vt 0.22185874 0.44335938
vt 0.15248184 0.08587301
vt 0.15248184 0.08587301
vt 0.13748689 0.08577001
vt 0.15248184 0.08587301
vt 0.18425089 0.39320648
vt 0.22955844 0.35495663
vt 0.14502092 0.059684515
vt 0.14502092 0.059684515
vt 0.16153689 0.13181823
vt 0.18927407 0.4436087
vt 0.076298825 0.0479517
vt 0.18060204 0.09161806
vt 0.06353941 0.05229175
vt 0.17733936 0.098041594
vt 0.17733936 0.098041594
vt 0.07651918 0.052233398
vt 0.18129207 0.09794074
vt 0.18129207 0.09794074
vt 0.06333102 0.04801029
vt 0.17664307 0.09169942
vt 0.13062248 0.0795306
vt 0.13062248 0.0795306
vt 0.13062248 0.0795306
vt 0.084673345 0.10581666
vt 0.084673345 0.10581666
vt 0.084673345 0.10581666
vt 0.08467333 0.045145154
vt 0.11534652 0.054313302
vt 0.11534652 0.054313302
vt 0.13263768 0.079449356
vt 0.13263768 0.079449356
vt 0.13263768 0.079449356
vt 0.08460188 0.10589796
vt 0.08460188 0.10589796
vt 0.08460188 0.10589796
vt 0.1143032 0.054394543
vt 0.1143032 0.054394543
vt 0.08460188 0.045226514
vt 0.13221957 0.0345186
vt 0.13221957 0.0345186
vt 0.072675236 0.08735567
vt 0.07264323 0.03452462
vt 0.13602564 0.08722746
vt 0.13602564 0.08722746
vt 0.07252374 0.0019059777
vt 0.055961058 0.03935665
vt 0.085691325 0.09417355
vt 0.22291842 1.0856439
vt 0.094178095 0.07267964
vt 0.15234298 0.44169694
vt 0.006761377 0.07065326
vt 0.13103575 0.085900545
vt 0.039871402 0.039349973
vt 0.22291142 1.0856369
vt 0.053211767 0.09415567
vt 0.039942227 0.02246666
vt 0.03831681 0.037846923
vt 0.22283107 1.0678127
vt 0.012739714 0.0019189715
vt 0.1273714 0.036342323
vt 0.054794148 0.037846923
vt 0.21285622 1.0678091
vt 0.19021644 0.075265825
vt 0.19021644 0.075265825
vt 0.19021644 0.075265825
vt 0.038322132 0.037846923
vt 0.20927754 1.0678275
vt 0.20646219 0.07495344
vt 0.20646219 0.07495344
vt 0.0547922 0.037846923
vt 0.22209692 1.0677952
vt 0.055953637 0.022470057
vt 0.20944832 1.0850058
vt 0.053230323 0.059789896
vt 0.20646222 0.09343237
vt 0.20646222 0.09343237
vt 0.08570802 0.059808016
vt 0.20945594 1.0856588
vt 0.1902164 0.09356278
vt 0.1902164 0.09356278
vt 0.0035576455 0.030851603
vt 0.0035576455 0.030851603
vt 0.0045348043 0.08801788
vt 0.0045348043 0.08801788
vt 0.02108017 0.03314358
vt 0.010025434 0.009922206
vt 0.01662197 0.08786595
vt 0.004899648 0.07691938
vt 0.32738233 0.22914046
vt 0.34995028 0.24349838
vt 0.29724747 0.24707705
vt 0.3273874 0.24345154
vt 0.35004532 0.22916728
vt 0.2969839 0.244196
vt 0.308289 0.22913224
vt 0.308289 0.22913224
vt 0.3082679 0.24343699
vt 0.3082679 0.24343699
vt 0.27636147 0.22914118
vt 0.27640444 0.24345249
vt 0.25348082 0.22916883
vt 0.2969706 0.24419779
vt 0.25342488 0.24350089
vt 0.29723537 0.24707872
vt 0.27632248 0.21475834
vt 0.27632248 0.21475834
vt 0.25354633 0.21477729
vt 0.25354633 0.21477729
vt 0.29429126 0.2439844
vt 0.2943192 0.21475214
vt 0.2943192 0.21475214
vt 0.2943192 0.21475214
vt 0.2945342 0.22913224
vt 0.32737726 0.21475726
vt 0.32737726 0.21475726
vt 0.35042766 0.21477634
vt 0.35042766 0.21477634
vt 0.2943107 0.24398178
vt 0.25361162 0.20128304
vt 0.29429016 0.24707538
vt 0.27627456 0.20126599
vt 0.2943301 0.20126003
vt 0.35098433 0.2012822
vt 0.2943082 0.24707264
vt 0.32737145 0.20126516
vt 0.29454523 0.24343711
vt 0.30832854 0.2147519
vt 0.30832854 0.2147519
vt 0.30837482 0.20125979
vt 0.1452362 0.059091806
vt 0.22484817 0.049699485
vt 0.22484817 0.049699485
vt 0.08459964 0.003905177
vt 0.08459964 0.003905177
vt 0.08459027 0.14930254
vt 0.08459027 0.14930254
vt 0.14524029 0.14930296
vt 0.22433682 0.13105947
vt 0.22433682 0.13105947
vt 0.006676154 0.05599779
vt 0.0040465184 0.0677287
vt 0.009692233 0.15033543
vt 0.004178025 0.13548172
vt 0.04903703 0.13365585
vt 0.04903703 0.13365585
vt 0.047754884 0.06515485
vt 0.047754884 0.06515485
vt 0.05784374 0.08041459
vt 0.05784374 0.08041459
vt 0.056581356 0.13394511
vt 0.056581356 0.13394511
vt 0.15218815 0.13148624
vt 0.15218815 0.13148624
vt 0.18425089 0.44127142
vt 0.15231192 0.054781377
vt 0.15231192 0.054781377
vt 0.15231192 0.054781377
vt 0.10287597 0.008913636
vt 0.10287597 0.008913636
vt 0.09525002 0.03271991
vt 0.11022437 0.03219843
vt 0.15736514 0.3931746
vt 0.22956514 0.38176775
vt 0.09592784 0.004987955
vt 0.07815551 0.022963345
vt 0.06458977 0.07672399
vt 0.07848751 0.07548493
vt 0.06662859 0.0099057555
vt 0.13221957 0.0345186
vt 0.13221957 0.0345186
vt 0.07264323 0.03452462
vt 0.07267504 0.08735567
vt 0.07267202 0.08735567
vt 0.13656981 0.08734083
vt 0.13656981 0.08734083
vt 0.07252374 0.0019059777
vt 0.011871324 0.03366232
vt 0.011871324 0.03366232
vt 0.008651273 0.08739942
vt 0.008651273 0.08739942
vt 0.0149234915 0.034929454
vt 0.009505392 0.01273787
vt 0.010510799 0.08730811
vt 0.0045083943 0.076293945
vt 0.1273714 0.036342323
vt 0.0068206377 0.0017871857
vt 0.012739714 0.0019189715
vt 0.13009386 0.08568394
vt 0.03706616 0.07255733
vt 0.04380857 0.01627165
vt 0.07074763 0.029035687
vt 0.13138998 0.028901577
vt 0.08459964 0.003905177
vt 0.08459964 0.003905177
vt 0.1452362 0.059091806
vt 0.22484817 0.049699485
vt 0.22484817 0.049699485
vt 0.08460185 0.14930278
vt 0.08460185 0.14930278
vt 0.1452362 0.14930284
vt 0.22480439 0.1314938
vt 0.025629325 0.059441984
vt 0.0034713126 0.06967503
vt 0.02562511 0.14930302
vt 0.0032809197 0.13454568
vt 0.0032809197 0.13454568
vt 0.027280174 0.073794544
vt 0.027280174 0.073794544
vt 0.04912454 0.0860095
vt 0.10499088 0.085537076
vt 0.05242102 0.13362944
vt 0.105142675 0.13333315
vt 0.19833931 0.0751096
vt 0.19833931 0.0751096
vt 0.19833931 0.0751096
vt 0.20691317 0.13133824
vt 0.1906663 0.13117659
vt 0.15910886 0.055006206
vt 0.15910886 0.055006206
vt 0.16170047 0.08576709
vt 0.16170047 0.08576709
vt 0.16170047 0.08576709
vt 0.18927395 0.39508754
vt 0.18174952 0.35462976
vt 0.0834234 0.0050476193
vt 0.08553916 0.032405436
vt 0.08553916 0.032405436
vt 0.21648657 0.39532948
vt 0.18150759 0.38184237
vt 0.0710456 0.0755527
vt 0.12756279 0.07556522
vt 0.090488136 0.07067424
vt 0.22185874 0.44335938
vt 0.15248184 0.08587301
vt 0.15248184 0.08587301
vt 0.13748689 0.08577001
vt 0.15248184 0.08587301
vt 0.18425089 0.39320648
vt 0.22955844 0.35495663
vt 0.14502092 0.059684515
vt 0.14502092 0.059684515
vt 0.16153689 0.13181823
vt 0.18927407 0.4436087
vt 0.13221957 0.0345186
vt 0.13221957 0.0345186
vt 0.072675236 0.08735567
vt 0.07264323 0.03452462
vt 0.13602564 0.08722746
vt 0.13602564 0.08722746
vt 0.07252374 0.0019059777
vt 0.055961058 0.03935665
vt 0.085691325 0.09417355
vt 0.22291842 1.0856439
vt 0.094178095 0.07267964
vt 0.15234298 0.44169694
vt 0.006761377 0.07065326
vt 0.13103575 0.085900545
vt 0.039871402 0.039349973
vt 0.22291142 1.0856369
vt 0.053211767 0.09415567
vt 0.039942227 0.02246666
vt 0.03831681 0.037846923
vt 0.22283107 1.0678127
vt 0.012739714 0.0019189715
vt 0.1273714 0.036342323
vt 0.054794148 0.037846923
vt 0.21285622 1.0678091
vt 0.19021644 0.075265825
vt 0.19021644 0.075265825
vt 0.19021644 0.075265825
vt 0.0547922 0.037846923
vt 0.22209692 1.0677952
vt 0.055953637 0.022470057
vt 0.038322132 0.037846923
vt 0.20927754 1.0678275
vt 0.20646219 0.07495344
vt 0.20646219 0.07495344
vt 0.20944832 1.0850058
vt 0.053230323 0.059789896
vt 0.20646222 0.09343237
vt 0.20646222 0.09343237
vt 0.08570802 0.059808016
vt 0.20945594 1.0856588
vt 0.1902164 0.09356278
vt 0.1902164 0.09356278
vt 0.0035576455 0.030851603
vt 0.0035576455 0.030851603
vt 0.0045348043 0.08801788
vt 0.0045348043 0.08801788
vt 0.02108017 0.03314358
vt 0.010025434 0.009922206
vt 0.01662197 0.08786595
vt 0.004899648 0.07691938
vt 0.32738233 0.22914046
vt 0.34995028 0.24349838
vt 0.29724747 0.24707705
vt 0.3273874 0.24345154
vt 0.35004532 0.22916728
vt 0.2969839 0.244196
vt 0.308289 0.22913224
vt 0.308289 0.22913224
vt 0.3082679 0.24343699
vt 0.3082679 0.24343699
vt 0.27636147 0.22914118
vt 0.27640444 0.24345249
vt 0.25348082 0.22916883
vt 0.2969706 0.24419779
vt 0.25342488 0.24350089
vt 0.29723537 0.24707872
vt 0.27632248 0.21475834
vt 0.27632248 0.21475834
vt 0.25354633 0.21477729
vt 0.25354633 0.21477729
vt 0.29429126 0.2439844
vt 0.2943192 0.21475214
vt 0.2943192 0.21475214
vt 0.2943192 0.21475214
vt 0.2945342 0.22913224
vt 0.32737726 0.21475726
vt 0.32737726 0.21475726
vt 0.35042766 0.21477634
vt 0.35042766 0.21477634
vt 0.2943107 0.24398178
vt 0.25361162 0.20128304
vt 0.29429016 0.24707538
vt 0.27627456 0.20126599
vt 0.2943301 0.20126003
vt 0.35098433 0.2012822
vt 0.2943082 0.24707264
vt 0.32737145 0.20126516
vt 0.29454523 0.24343711
vt 0.30832854 0.2147519
vt 0.30832854 0.2147519
vt 0.30837482 0.20125979
vt 0.1452362 0.059091806
vt 0.22484817 0.049699485
vt 0.22484817 0.049699485
vt 0.08459964 0.003905177
vt 0.08459964 0.003905177
vt 0.08459027 0.14930254
vt 0.08459027 0.14930254
vt 0.14524029 0.14930296
vt 0.22433682 0.13105947
vt 0.22433682 0.13105947
vt 0.006676154 0.05599779
vt 0.0040465184 0.0677287
vt 0.009692233 0.15033543
vt 0.004178025 0.13548172
vt 0.04903703 0.13365585
vt 0.04903703 0.13365585
vt 0.047754884 0.06515485
vt 0.047754884 0.06515485
vt 0.05784374 0.08041459
vt 0.05784374 0.08041459
vt 0.056581356 0.13394511
vt 0.056581356 0.13394511
vt 0.15218815 0.13148624
vt 0.15218815 0.13148624
vt 0.18425089 0.44127142
vt 0.15231192 0.054781377
vt 0.15231192 0.054781377
vt 0.15231192 0.054781377
vt 0.10287597 0.008913636
vt 0.10287597 0.008913636
vt 0.09525002 0.03271991
vt 0.11022437 0.03219843
vt 0.15736514 0.3931746
vt 0.22956514 0.38176775
vt 0.09592784 0.004987955
vt 0.07815551 0.022963345
vt 0.06458977 0.07672399
vt 0.07848751 0.07548493
vt 0.06662859 0.0099057555
vt 0.13221957 0.0345186
vt 0.13221957 0.0345186
vt 0.07264323 0.03452462
vt 0.07267504 0.08735567
vt 0.07267202 0.08735567
vt 0.13656981 0.08734083
vt 0.13656981 0.08734083
vt 0.07252374 0.0019059777
vt 0.011871324 0.03366232
vt 0.011871324 0.03366232
vt 0.008651273 0.08739942
vt 0.008651273 0.08739942
vt 0.0149234915 0.034929454
vt 0.009505392 0.01273787
vt 0.010510799 0.08730811
vt 0.0045083943 0.076293945
vt 0.1273714 0.036342323
vt 0.0068206377 0.0017871857
vt 0.012739714 0.0019189715
vt 0.13009386 0.08568394
vt 0.03706616 0.07255733
vt 0.04380857 0.01627165
vt 0.07074763 0.029035687
vt 0.13138998 0.028901577
vt 0.08459964 0.003905177
vt 0.08459964 0.003905177
vt 0.1452362 0.059091806
vt 0.22484817 0.049699485
vt 0.22484817 0.049699485
vt 0.08460185 0.14930278
vt 0.08460185 0.14930278
vt 0.1452362 0.14930284
vt 0.22480439 0.1314938
vt 0.025629325 0.059441984
vt 0.0034713126 0.06967503
vt 0.02562511 0.14930302
vt 0.0032809197 0.13454568
vt 0.0032809197 0.13454568
vt 0.027280174 0.073794544
vt 0.027280174 0.073794544
vt 0.04912454 0.0860095
vt 0.10499088 0.085537076
vt 0.05242102 0.13362944
vt 0.105142675 0.13333315
vt 0.19833931 0.0751096
vt 0.19833931 0.0751096
vt 0.19833931 0.0751096
vt 0.20691317 0.13133824
vt 0.1906663 0.13117659
vt 0.15910886 0.055006206
vt 0.15910886 0.055006206
vt 0.16170047 0.08576709
vt 0.16170047 0.08576709
vt 0.16170047 0.08576709
vt 0.18927395 0.39508754
vt 0.18174952 0.35462976
vt 0.0834234 0.0050476193
vt 0.08553916 0.032405436
vt 0.08553916 0.032405436
vt 0.21648657 0.39532948
vt 0.18150759 0.38184237
vt 0.0710456 0.0755527
vt 0.12756279 0.07556522
vt 0.090488136 0.07067424
vt 0.22185874 0.44335938
vt 0.15248184 0.08587301
vt 0.15248184 0.08587301
vt 0.13748689 0.08577001
vt 0.15248184 0.08587301
vt 0.18425089 0.39320648
vt 0.22955844 0.35495663
vt 0.14502092 0.059684515
vt 0.14502092 0.059684515
vt 0.16153689 0.13181823
vt 0.18927407 0.4436087
vt 0.13221957 0.0345186
vt 0.13221957 0.0345186
vt 0.072675236 0.08735567
vt 0.07264323 0.03452462
vt 0.13602564 0.08722746
vt 0.13602564 0.08722746
vt 0.07204715 0.0074310303
vt 0.055961058 0.03935665
vt 0.085691325 0.09417355
vt 0.22291842 1.0856439
vt 0.094178095 0.07267964
vt 0.15234298 0.44169694
vt 0.006761377 0.07065326
vt 0.13103575 0.085900545
vt 0.039871402 0.039349973
vt 0.22291142 1.0856369
vt 0.053211767 0.09415567
vt 0.039942227 0.02246666
vt 0.03831681 0.037846923
vt 0.22283107 1.0678127
vt 0.012739714 0.0019189715
vt 0.1273714 0.036342323
vt 0.054794148 0.037846923
vt 0.21285622 1.0678091
vt 0.19021644 0.075265825
vt 0.19021644 0.075265825
vt 0.19021644 0.075265825
vt 0.0547922 0.037846923
vt 0.22209692 1.0677952
vt 0.055953637 0.022470057
vt 0.038322132 0.037846923
vt 0.20927754 1.0678275
vt 0.20646219 0.07495344
vt 0.20646219 0.07495344
vt 0.20944832 1.0850058
vt 0.053230323 0.059789896
vt 0.20646222 0.09343237
vt 0.20646222 0.09343237
vt 0.08570802 0.059808016
vt 0.20945594 1.0856588
vt 0.1902164 0.09356278
vt 0.1902164 0.09356278
vt 0.0035576455 0.030851603
vt 0.0035576455 0.030851603
vt 0.0045348043 0.08801788
vt 0.0045348043 0.08801788
vt 0.07267157 0.08735567
vt 0.02108017 0.03314358
vt 0.010025434 0.009922206
vt 0.01662197 0.08786595
vt 0.004899648 0.07691938
vt 0.3273874 0.24345154
vt 0.35004532 0.22916728
vt 0.2969839 0.244196
vt 0.34995028 0.24349838
vt 0.29724747 0.24707705
vt 0.32738233 0.22914046
vt 0.308289 0.22913224
vt 0.308289 0.22913224
vt 0.3082679 0.24343699
vt 0.3082679 0.24343699
vt 0.27636147 0.22914118
vt 0.25342488 0.24350089
vt 0.29723537 0.24707872
vt 0.25348082 0.22916883
vt 0.2969706 0.24419779
vt 0.27640444 0.24345249
vt 0.27632248 0.21475834
vt 0.27632248 0.21475834
vt 0.25354633 0.21477729
vt 0.25354633 0.21477729
vt 0.29429126 0.2439844
vt 0.2943192 0.21475214
vt 0.2943192 0.21475214
vt 0.2943192 0.21475214
vt 0.2945342 0.22913224
vt 0.32737726 0.21475726
vt 0.32737726 0.21475726
vt 0.35042766 0.21477634
vt 0.35042766 0.21477634
vt 0.2943107 0.24398178
vt 0.25361162 0.20128304
vt 0.29429016 0.24707538
vt 0.27627456 0.20126599
vt 0.2943301 0.20126003
vt 0.35098433 0.2012822
vt 0.2943082 0.24707264
vt 0.32737145 0.20126516
vt 0.29454523 0.24343711
vt 0.30832854 0.2147519
vt 0.30832854 0.2147519
vt 0.30837482 0.20125979
vt 0.1452362 0.059091806
vt 0.22484817 0.049699485
vt 0.22484817 0.049699485
vt 0.08411851 0.012530506
vt 0.08411851 0.012530506
vt 0.08459027 0.14930254
vt 0.08459027 0.14930254
vt 0.14524029 0.14930296
vt 0.22433682 0.13105947
vt 0.22433682 0.13105947
vt 0.006676154 0.05599779
vt 0.0040465184 0.0677287
vt 0.009692233 0.15033543
vt 0.004178025 0.13548172
vt 0.05784374 0.08041459
vt 0.05784374 0.08041459
vt 0.056581356 0.13394511
vt 0.056581356 0.13394511
vt 0.15218815 0.13148624
vt 0.15218815 0.13148624
vt 0.18425089 0.44127142
vt 0.15231192 0.054781377
vt 0.15231192 0.054781377
vt 0.15231192 0.054781377
vt 0.10287597 0.008913636
vt 0.10287597 0.008913636
vt 0.09525002 0.03271991
vt 0.11022437 0.03219843
vt 0.15736514 0.3931746
vt 0.22956514 0.38176775
vt 0.09592784 0.004987955
vt 0.07815551 0.022963345
vt 0.07848751 0.07548493
vt 0.13221957 0.0345186
vt 0.13221957 0.0345186
vt 0.07264323 0.03452462
vt 0.07267504 0.08735567
vt 0.13656981 0.08734083
vt 0.13656981 0.08734083
vt 0.07279055 0.007361293
vt 0.011871324 0.03366232
vt 0.011871324 0.03366232
vt 0.07267202 0.08735567
vt 0.008651273 0.08739942
vt 0.008651273 0.08739942
vt 0.0149234915 0.034929454
vt 0.009505392 0.01273787
vt 0.010510799 0.08730811
vt 0.0045083943 0.076293945
vt 0.1273714 0.036342323
vt 0.0068206377 0.0017871857
vt 0.012739714 0.0019189715
vt 0.13009386 0.08568394
vt 0.03706616 0.07255733
vt 0.04380857 0.01627165
vt 0.07074763 0.029035687
vt 0.13138998 0.028901577
vt 0.08506979 0.01252526
vt 0.08506979 0.01252526
vt 0.1452362 0.059091806
vt 0.22484817 0.049699485
vt 0.22484817 0.049699485
vt 0.08460185 0.14930278
vt 0.08460185 0.14930278
vt 0.1452362 0.14930284
vt 0.22480439 0.1314938
vt 0.025629325 0.059441984
vt 0.0034713126 0.06967503
vt 0.02562511 0.14930302
vt 0.0032809197 0.13454568
vt 0.0032809197 0.13454568
vt 0.027280174 0.073794544
vt 0.027280174 0.073794544
vt 0.04912454 0.0860095
vt 0.10499088 0.085537076
vt 0.05242102 0.13362944
vt 0.105142675 0.13333315
vt 0.19833931 0.0751096
vt 0.19833931 0.0751096
vt 0.19833931 0.0751096
vt 0.20691317 0.13133824
vt 0.1906663 0.13117659
vt 0.15910886 0.055006206
vt 0.15910886 0.055006206
vt 0.16170047 0.08576709
vt 0.16170047 0.08576709
vt 0.16170047 0.08576709
vt 0.18927395 0.39508754
vt 0.18174952 0.35462976
vt 0.0834234 0.0050476193
vt 0.08553916 0.032405436
vt 0.08553916 0.032405436
vt 0.21648657 0.39532948
vt 0.18150759 0.38184237
vt 0.0710456 0.0755527
vt 0.12756279 0.07556522
vt 0.090488136 0.07067424
vt 0.22185874 0.44335938
vt 0.15248184 0.08587301
vt 0.15248184 0.08587301
vt 0.13748689 0.08577001
vt 0.15248184 0.08587301
vt 0.18425089 0.39320648
vt 0.22955844 0.35495663
vt 0.14502092 0.059684515
vt 0.14502092 0.059684515
vt 0.16153689 0.13181823
vt 0.18927407 0.4436087
vt 0.076298825 0.0479517
vt 0.18060204 0.09161806
vt 0.06353941 0.05229175
vt 0.17733936 0.098041594
vt 0.17733936 0.098041594
vt 0.07651918 0.052233398
vt 0.18129207 0.09794074
vt 0.18129207 0.09794074
vt 0.06333102 0.04801029
vt 0.17664307 0.09169942
vt 0.13062248 0.0795306
vt 0.13062248 0.0795306
vt 0.13062248 0.0795306
vt 0.084673345 0.10581666
vt 0.084673345 0.10581666
vt 0.084673345 0.10581666
vt 0.08467333 0.045145154
vt 0.11534652 0.054313302
vt 0.11534652 0.054313302
vt 0.13263768 0.079449356
vt 0.13263768 0.079449356
vt 0.13263768 0.079449356
vt 0.08460188 0.10589796
vt 0.08460188 0.10589796
vt 0.08460188 0.10589796
vt 0.1143032 0.054394543
vt 0.1143032 0.054394543
vt 0.08460188 0.045226514
vt 0.2067458 0.39049995
vt 0.25145012 0.2565019
vt 0.25145012 0.2565019
vt 0.2067458 0.4394015
vt 0.19477946 0.39049995
vt 0.2594918 0.25239277
vt 0.2594918 0.25239277
vt 0.19477946 0.4394015
vt 0.21871215 0.4394015
vt 0.15888011 0.4394015
vt 0.21871215 0.39049995
vt 0.15888011 0.39049995
vt 0.25269526 0.26578432
vt 0.25269526 0.26578432
vt 0.17084652 0.39049995
vt 0.26150662 0.267412
vt 0.26150662 0.267412
vt 0.17084652 0.4394015
vt 0.18281293 0.39049995
vt 0.26570714 0.2591356
vt 0.26570714 0.2591356
vt 0.18281293 0.4394015
vt 0.2581702 0.26024532
vt 0.2581702 0.26024532
vt 0.2581702 0.26024532
vt 0.2581702 0.26024532
vt 0.2581702 0.26024532
vt 0.19477946 0.4394015
vt 0.20489687 0.36089993
vt 0.25012258 0.2568674
vt 0.25012258 0.2568674
vt 0.2067458 0.4394015
vt 0.1941081 0.35222608
vt 0.2590462 0.25290447
vt 0.2590462 0.25290447
vt 0.2214245 0.36009425
vt 0.16140659 0.35948062
vt 0.25150448 0.2658196
vt 0.25150448 0.2658196
vt 0.21871215 0.4394015
vt 0.15888011 0.4394015
vt 0.17102042 0.35015297
vt 0.2612819 0.26738942
vt 0.2612819 0.26738942
vt 0.17084652 0.4394015
vt 0.18309627 0.3455847
vt 0.2659431 0.25940746
vt 0.2659431 0.25940746
vt 0.18281293 0.4394015
vt 0.25757974 0.26047772
vt 0.25757974 0.26047772
vt 0.25757974 0.26047772
vt 0.25757974 0.26047772
vt 0.25757974 0.26047772
vt 0.13221957 0.0345186
vt 0.13221957 0.0345186
vt 0.07267291 0.083984196
vt 0.07264323 0.03452462
vt 0.13639675 0.083984315
vt 0.13639675 0.083984315
vt 0.012454398 0.06772661
vt 0.07252374 0.0019059777
vt 0.12572165 0.010686517
vt 0.055961058 0.03935665
vt 0.085691325 0.09417355
vt 0.22291842 1.0856439
vt 0.055953637 0.022470057
vt 0.0547922 0.037846923
vt 0.22209692 1.0677952
vt 0.12589201 0.06782949
vt 0.0070317844 0.06611335
vt 0.1308 0.082725406
vt 0.0070317844 0.06611335
vt 0.039871402 0.039349973
vt 0.22291142 1.0856369
vt 0.053211767 0.09415567
vt 0.039942227 0.02246666
vt 0.03831681 0.037846923
vt 0.22283107 1.0678127
vt 0.012739714 0.0019189715
vt 0.1273714 0.036342323
vt 0.054794148 0.037846923
vt 0.21285622 1.0678091
vt 0.19021644 0.075265825
vt 0.19021644 0.075265825
vt 0.038322132 0.037846923
vt 0.20927754 1.0678275
vt 0.20646219 0.07495344
vt 0.20646219 0.07495344
vt 0.20944832 1.0850058
vt 0.053230323 0.059789896
vt 0.20646222 0.09343237
vt 0.20646222 0.09343237
vt 0.08570802 0.059808016
vt 0.20945594 1.0856588
vt 0.1902164 0.09356278
vt 0.1902164 0.09356278
vt 0.07269922 0.12592041
vt 0.13843353 0.12592047
vt 0.010162567 0.124408066
vt 0.15272754 0.033281326
vt 0.14985807 0.041621447
vt 0.1529287 0.051382124
vt 0.2662305 0.45689106
vt 0.1501179 0.057951868
vt 0.24397387 0.06782949
vt 0.24397387 0.06782949
vt 0.13772695 0.08268285
vt 0.22869198 0.051367104
vt 0.3886137 0.45767355
vt 0.3886137 0.45767355
vt 0.1475151 0.0725981
vt 0.23968793 0.0677315
vt 0.13649315 0.083984315
vt 0.1475151 0.0725981
vt 0.07687329 0.12309277
vt 0.14977442 0.12309277
vt 0.24197742 0.124412954
vt 0.076581776 0.0725981
vt 0.076581776 0.0725981
vt 0.076581776 0.0725981
vt 0.076581776 0.0725981
vt 0.3886137 0.41914845
vt 0.3886137 0.41914845
vt 0.14055657 0.12280476
vt 0.26620334 0.41915858
vt 0.12796149 0.057951868
vt 0.1269855 0.041621447
vt 0.106982745 0.07191199
vt 0.106997155 0.041742325
vt 0.004709075 0.07191199
vt 0.010743786 0.08392137
vt 0.007774758 0.06782949
vt 0.011871324 0.03366232
vt 0.011871324 0.03366232
vt 0.07267291 0.083984196
vt 0.008575526 0.083984315
vt 0.008575526 0.083984315
vt 0.004656273 0.06775743
vt 0.2263272 0.02719134
vt 0.2263272 0.02719134
vt 0.19739363 0.02993226
vt 0.2394047 0.07191199
vt 0.2394047 0.07191199
vt 0.2394047 0.07191199
vt 0.07269922 0.12592065
vt 0.0070643085 0.12592047
vt 0.0017566596 0.12443888
vt 0.10698273 0.12307179
vt 0.24163885 0.12307179
vt 0.0061363126 0.0725981
vt 0.2429432 0.07191199
vt 0.0061363126 0.0725981
vt 0.2429432 0.07191199
vt 0.07687329 0.12309277
vt 0.0044600437 0.12309283
vt 0.24517651 0.12307179
vt 0.0018190666 0.12307179
vt 0.0048740227 0.124510944
vt 0.0149234915 0.034929454
vt 0.009505392 0.01273787
vt 0.005711829 0.124510884
vt 0.005711829 0.124510884
vt 0.24621634 0.124510884
vt 0.24621634 0.124510884
vt 0.032312334 1.010266
vt 0.44005018 0.3534966
vt 0.44005018 0.3534966
vt 0.004269255 1.0460488
vt 0.009322404 1.0102661
vt 0.46965215 0.3534966
vt 0.028891817 1.0460488
vt 0.0019648678 1.0806653
vt 0.027390448 1.0806653
vt 0.13423164 1.0460488
vt 0.13423164 1.0460488
vt 0.15988798 1.0460488
vt 0.16219874 1.0806653
vt 0.13600577 1.0806653
vt 0.13101597 1.010266
vt 0.13101597 1.010266
vt 0.38346168 0.3534966
vt 0.38346168 0.3534966
vt 0.1547826 1.010266
vt 0.3537411 0.3534966
vt 0.08151391 1.0806653
vt 0.0813721 1.0460488
vt 0.081492975 1.0102661
vt 0.41236416 0.3534966
vt 0.41236416 0.3534966
vt 0.32738233 0.22914046
vt 0.34995028 0.24349838
vt 0.29724747 0.24707705
vt 0.3273874 0.24345154
vt 0.35004532 0.22916728
vt 0.2969839 0.244196
vt 0.308289 0.22913224
vt 0.3082679 0.24343699
vt 0.27636147 0.22914118
vt 0.25342488 0.24350089
vt 0.29723537 0.24707872
vt 0.25348082 0.22916883
vt 0.2969706 0.24419779
vt 0.27640444 0.24345249
vt 0.27632248 0.21475834
vt 0.27632248 0.21475834
vt 0.25354633 0.21477729
vt 0.25354633 0.21477729
vt 0.29429126 0.2439844
vt 0.2943192 0.21475214
vt 0.2943192 0.21475214
vt 0.2943192 0.21475214
vt 0.2945342 0.22913224
vt 0.32737726 0.21475726
vt 0.32737726 0.21475726
vt 0.35042766 0.21477634
vt 0.35042766 0.21477634
vt 0.2943107 0.24398178
vt 0.25361162 0.20128304
vt 0.29429016 0.24707538
vt 0.27627456 0.20126599
vt 0.2943301 0.20126003
vt 0.35098433 0.2012822
vt 0.2943082 0.24707264
vt 0.32737145 0.20126516
vt 0.29454523 0.24343711
vt 0.30832854 0.2147519
vt 0.30832854 0.2147519
vt 0.30837482 0.20125979
vt 1.0038093 0.12273437
vt 1.0041695 0.05934882
vt 1.0610967 0.060379267
vt 1.061906 0.12273437
vt 1.1329305 0.059639454
vt 1.1835111 0.036669612
vt 1.1835111 0.058252275
vt 1.065475 0.12273437
vt 1.064685 0.06035906
vt 1.1326962 0.12295002
vt 1.1298978 0.059675932
vt 1.1356986 0.12295002
vt 1.1675866 0.08338833
vt 0.22896503 0.05806458
vt 1.1695696 0.12273437
vt 0.23084147 0.12226999
vt 0.22067188 0.058409214
vt 1.0412152 0.08285338
vt 0.22254835 0.12261462
vt 1.0395324 0.1229766
vt 1.0068543 0.12295002
vt 1.0068543 0.082861364
vt 1.1712289 0.08397007
vt 1.0035002 0.082948446
vt 1.0035002 0.082948446
vt 1.0035002 0.12295002
vt 1.0035002 0.12295002
vt 1.0744109 0.095330834
vt 1.0744505 0.078847826
vt 1.093211 0.09546876
vt 1.1032417 0.07576877
vt 1.0046895 0.03599173
vt 1.1835111 0.12295002
vt 0.16846001 0.046212614
vt 0.24311784 0.05120164
vt 0.13655488 0.070690215
vt 0.13655488 0.070690215
vt 0.13556153 0.07196581
vt 0.1464087 0.05837637
vt 0.13556153 0.07196581
vt 0.1464087 0.05837637
vt 0.04380857 0.01627165
vt 0.1452362 0.059091806
vt 0.22484817 0.049699485
vt 0.22484817 0.049699485
vt 0.08459964 0.003905177
vt 0.08459964 0.003905177
vt 0.08459965 0.12227988
vt 0.08459965 0.12227988
vt 0.1452362 0.12251949
vt 0.22484817 0.1071043
vt 0.22484817 0.1071043
vt 0.13355413 0.10710323
vt 0.13355413 0.10710323
vt 0.08886979 0.11498529
vt 0.13355413 0.06111884
vt 0.13355413 0.06111884
vt 0.08899041 0.07866442
vt 0.30191463 0.38350958
vt 0.2934328 0.38350838
vt 0.33295494 0.38201278
vt 0.1087657 0.09865087
vt 0.3390539 0.38201296
vt 0.1087657 0.11751187
vt 0.025629325 0.059441984
vt 0.0034713126 0.06967503
vt 0.025629355 0.12252104
vt 0.0034712995 0.11498529
vt 0.0034712995 0.11498529
vt 0.14029469 0.10434061
vt 0.14029469 0.10434061
vt 0.14029469 0.10434061
vt 0.08503883 0.115739286
vt 0.08503883 0.115739286
vt 0.08503883 0.115739286
vt 0.0775083 0.09986693
vt 0.0775083 0.09986693
vt 0.027280174 0.073794544
vt 0.027280174 0.073794544
vt 0.166758 0.08804822
vt 0.166758 0.08804822
vt 0.19252363 0.115617156
vt 0.02147916 0.12340063
vt 0.19252363 0.115617156
vt 0.19252363 0.115617156
vt 0.3886137 0.41914845
vt 0.14055657 0.10462701
vt 0.3886137 0.45767355
vt 0.084437035 0.123144865
vt 0.084437035 0.123144865
vt 0.08443702 0.08173925
vt 0.08443702 0.08173925
vt 0.0529581 0.12327278
vt 0.021709098 0.08120167
vt 0.19322126 0.08530533
vt 0.076581776 0.05768317
vt 0.076581776 0.05768317
vt 0.076581776 0.05768317
vt 0.23940474 0.027077436
vt 0.23940474 0.027077436
vt 0.2429432 0.027077436
vt 0.00613634 0.028346598
vt 0.13556153 0.056958616
vt 0.1464087 0.04549551
vt 0.13655488 0.070690215
vt 0.076581776 0.028346598
vt 0.076581776 0.028346598
vt 0.076298825 0.0479517
vt 0.18060204 0.09161806
vt 0.06353941 0.05229175
vt 0.17733936 0.098041594
vt 0.17733936 0.098041594
vt 0.07651918 0.052233398
vt 0.18129207 0.09794074
vt 0.18129207 0.09794074
vt 0.06333102 0.04801029
vt 0.17664307 0.09169942
vt 0.13062248 0.0795306
vt 0.13062248 0.0795306
vt 0.13062248 0.0795306
vt 0.266199 0.32494426
vt 0.08460188 0.045226514
vt 0.2658035 0.32494426
vt 0.084673345 0.10581666
vt 0.084673345 0.10581666
vt 0.084673345 0.10581666
vt 0.266199 0.32494426
vt 0.08460188 0.10589796
vt 0.08460188 0.10589796
vt 0.08460188 0.10589796
vt 0.2658035 0.32494426
vt 0.08467333 0.045145154
vt 0.11534652 0.054313302
vt 0.11534652 0.054313302
vt 0.13263768 0.079449356
vt 0.13263768 0.079449356
vt 0.13263768 0.079449356
vt 0.1143032 0.054394543
vt 0.1143032 0.054394543
vt 0.3658005 0.36748624
vt 0.38613522 0.36748624
vt 0.38613522 0.36748624
vt 0.43329826 0.36748624
vt 0.43329826 0.36748624
vt 0.41022366 0.36748624
vt 0.41022366 0.36748624
vt 0.45796967 0.36748624
vt 0.06816673 0.10392487
vt 0.12589201 0.08353919
vt 0.18359281 0.10402733
vt 0.21286745 0.124510884
vt 0.039020766 0.124510884
vt 1.0067288 0.037503242
vt 1.044899 0.061173677
vt 1.044899 0.061173677
vt 1.0067288 0.09553349
vt 1.0448991 0.09568131
vt 1.0448991 0.09568131
vt 1.0448991 0.09568131
vt 1.0448991 0.09568131
vt 1.06964 0.076785386
vt 1.06964 0.076785386
vt 1.1699153 0.12302333
vt 1.1699153 0.12302333
vt 1.1009194 0.095608234
vt 1.1009194 0.095608234
vt 1.1009194 0.095608234
vt 1.1008961 0.07936084
vt 1.1364068 0.12330836
vt 1.1364068 0.12330836
vt 1.1364067 0.059399128
vt 1.1364067 0.059399128
vt 1.1837481 0.12270385
vt 1.183748 0.036676884
vt 1.0796816 0.09562689
vt 1.0796816 0.09562689
vt 1.0796816 0.09562689
vt 1.0067288 0.12219995
vt 1.0448991 0.12234777
vt 1.0448991 0.12234777
vt 1.0796816 0.122293234
vt 1.0796816 0.122293234
vt 1.1009194 0.1222747
vt 1.1009194 0.1222747
f 58/58 53/53 56/56
f 111/111 105/105 102/102
f 146/146 152/152 153/153
f 156/156 159/159 160/160
f 149/149 162/162 144/144
f 157/157 163/163 150/150
f 147/147 154/154 165/165
f 166/166 155/155 168/168
f 167/167 169/169 170/170
f 158/158 161/161 164/164
f 174/174 180/180 181/181
f 184/184 187/187 188/188
f 177/177 190/190 172/172
f 185/185 191/191 178/178
f 175/175 182/182 193/193
f 194/194 183/183 196/196
f 195/195 197/197 198/198
f 186/186 189/189 192/192
f 363/363 358/358 361/361
f 313/313 389/389 395/395
f 314/314 225/225 392/392
f 402/402 408/408 409/409
f 412/412 415/415 416/416
f 405/405 418/418 400/400
f 413/413 419/419 406/406
f 403/403 410/410 421/421
f 422/422 411/411 424/424
f 423/423 425/425 426/426
f 414/414 417/417 420/420
f 600/600 594/594 591/591
f 544/544 622/622 624/624
f 545/545 627/627 453/453
f 796/796 791/791 794/794
f 746/746 822/822 828/828
f 747/747 658/658 825/825
f 835/835 841/841 842/842
f 845/845 848/848 849/849
f 838/838 851/851 833/833
f 846/846 852/852 839/839
f 836/836 843/843 854/854
f 855/855 844/844 857/857
f 856/856 858/858 859/859
f 847/847 850/850 853/853
f 1029/1029 1024/1024 1027/1027
f 977/977 1055/1055 1061/1061
f 978/978 886/886 1058/1058
f 1229/1229 1224/1224 1227/1227
f 1179/1179 1255/1255 1261/1261
f 1180/1180 1091/1091 1258/1258
f 1268/1268 1274/1274 1275/1275
f 1278/1278 1281/1281 1282/1282
f 1271/1271 1284/1284 1266/1266
f 1279/1279 1285/1285 1272/1272
f 1269/1269 1276/1276 1287/1287
f 1288/1288 1277/1277 1290/1290
f 1289/1289 1291/1291 1292/1292
f 1280/1280 1283/1283 1286/1286
f 1457/1457 1452/1452 1455/1455
f 1407/1407 1483/1483 1489/1489
f 1408/1408 1319/1319 1486/1486
f 1496/1496 1502/1502 1503/1503
f 1506/1506 1509/1509 1510/1510
f 1499/1499 1512/1512 1494/1494
f 1507/1507 1513/1513 1500/1500
f 1497/1497 1504/1504 1515/1515
f 1516/1516 1505/1505 1518/1518
f 1517/1517 1519/1519 1520/1520
f 1508/1508 1511/1511 1514/1514
f 1690/1690 1685/1685 1688/1688
f 1638/1638 1716/1716 1722/1722
f 1639/1639 1547/1547 1719/1719
f 1890/1890 1885/1885 1888/1888
f 1840/1840 1916/1916 1922/1922
f 1841/1841 1752/1752 1919/1919
f 1929/1929 1935/1935 1936/1936
f 1939/1939 1942/1942 1943/1943
f 1932/1932 1945/1945 1927/1927
f 1940/1940 1946/1946 1933/1933
f 1930/1930 1937/1937 1948/1948
f 1949/1949 1938/1938 1951/1951
f 1950/1950 1952/1952 1953/1953
f 1941/1941 1944/1944 1947/1947
f 2123/2123 2118/2118 2121/2121
f 2071/2071 2149/2149 2155/2155
f 2072/2072 1980/1980 2152/2152
f 2328/2328 2323/2323 2326/2326
f 2276/2276 2354/2354 2360/2360
f 2277/2277 2185/2185 2357/2357
f 2528/2528 2523/2523 2526/2526
f 2478/2478 2554/2554 2560/2560
f 2479/2479 2390/2390 2557/2557
f 2567/2567 2573/2573 2574/2574
f 2577/2577 2580/2580 2581/2581
f 2570/2570 2583/2583 2565/2565
f 2578/2578 2584/2584 2571/2571
f 2568/2568 2575/2575 2586/2586
f 2587/2587 2576/2576 2589/2589
f 2588/2588 2590/2590 2591/2591
f 2579/2579 2582/2582 2585/2585
f 2597/2597 2614/2614 2593/2593
f 2594/2594 2615/2615 2604/2604
f 2605/2605 2616/2616 2607/2607
f 2608/2608 2617/2617 2611/2611
f 2612/2612 2618/2618 2598/2598
f 2625/2625 2641/2641 2621/2621
f 2622/2622 2642/2642 2629/2629
f 2630/2630 2643/2643 2634/2634
f 2635/2635 2644/2644 2638/2638
f 2639/2639 2645/2645 2626/2626
f 2890/2890 2893/2893 2896/2896
f 2891/2891 2900/2900 2902/2902
f 2732/2732 2736/2736 2920/2920
f 2899/2899 2889/2889 2886/2886
f 2892/2892 2904/2904 2895/2895
f 2905/2905 2901/2901 2915/2915
f 2931/2931 2937/2937 2938/2938
f 2944/2944 2952/2952 2953/2953
f 2934/2934 2955/2955 2929/2929
f 2945/2945 2956/2956 2935/2935
f 2932/2932 2939/2939 2948/2948
f 2949/2949 2940/2940 2958/2958
f 2950/2950 2959/2959 2942/2942
f 2946/2946 2954/2954 2957/2957
f 2975/2975 2981/2981 2978/2978
f 2979/2979 2982/2982 2995/2995
f 2986/2986 2984/2984 3003/3003
f 13/13 15/15 17/17
f 15/15 19/19 17/17
f 21/21 20/20 16/16
f 20/20 21/21 23/23
f 36/36 31/31 39/39
f 43/43 39/39 31/31
f 48/48 50/50 52/52
f 52/52 50/50 54/54
f 57/57 55/55 59/59
f 59/59 55/55 61/61
f 60/60 24/24 22/22
f 24/24 60/60 62/62
f 14/14 18/18 79/79
f 79/79 18/18 81/81
f 80/80 82/82 83/83
f 83/83 82/82 85/85
f 49/49 101/101 51/51
f 101/101 103/103 51/51
f 106/106 108/108 104/104
f 106/106 104/104 110/110
f 107/107 84/84 86/86
f 107/107 86/86 109/109
f 6/6 115/115 117/117
f 115/115 6/6 3/3
f 11/11 118/118 119/119
f 118/118 11/11 7/7
f 65/65 121/121 123/123
f 121/121 65/65 27/27
f 37/37 125/125 127/127
f 125/125 37/37 41/41
f 42/42 124/124 126/126
f 124/124 42/42 66/66
f 28/28 120/120 122/122
f 120/120 28/28 12/12
f 33/33 38/38 129/129
f 38/38 128/128 129/129
f 4/4 131/131 116/116
f 131/131 4/4 71/71
f 72/72 133/133 132/132
f 133/133 72/72 77/77
f 78/78 89/89 134/134
f 89/89 135/135 134/134
f 93/93 34/34 137/137
f 34/34 130/130 137/137
f 139/139 96/96 94/94
f 94/94 138/138 139/139
f 113/113 97/97 141/141
f 97/97 140/140 141/141
f 136/136 90/90 114/114
f 114/114 142/142 136/136
f 143/143 145/145 148/148
f 145/145 143/143 151/151
f 171/171 173/173 176/176
f 173/173 171/171 179/179
f 221/221 217/217 226/226
f 217/217 221/221 229/229
f 233/233 218/218 230/230
f 218/218 233/233 214/214
f 207/207 215/215 237/237
f 215/215 234/234 237/237
f 227/227 238/238 222/222
f 238/238 227/227 208/208
f 246/246 244/244 248/248
f 244/244 246/246 242/242
f 220/220 204/204 200/200
f 204/204 220/220 212/212
f 281/281 264/264 262/262
f 264/264 281/281 270/270
f 252/252 285/285 254/254
f 285/285 252/252 279/279
f 291/291 294/294 296/296
f 291/291 296/296 298/298
f 295/295 301/301 297/297
f 301/301 303/303 297/297
f 305/305 304/304 302/302
f 304/304 305/305 307/307
f 292/292 235/235 231/231
f 235/235 292/292 299/299
f 300/300 239/239 236/236
f 239/239 300/300 309/309
f 312/312 293/293 223/223
f 223/223 293/293 232/232
f 336/336 335/335 332/332
f 335/335 336/336 338/338
f 340/340 329/329 343/343
f 329/329 340/340 325/325
f 348/348 350/350 353/353
f 350/350 355/355 353/353
f 349/349 354/354 357/357
f 357/357 354/354 359/359
f 362/362 360/360 364/364
f 364/364 360/360 366/366
f 356/356 351/351 368/368
f 368/368 371/371 356/356
f 352/352 373/373 369/369
f 369/369 373/373 375/375
f 382/382 341/341 344/344
f 382/382 344/344 387/387
f 365/365 308/308 306/306
f 308/308 365/365 367/367
f 390/390 240/240 310/310
f 240/240 390/390 224/224
f 396/396 376/376 374/374
f 376/376 396/396 391/391
f 377/377 372/372 370/370
f 372/372 377/377 397/397
f 398/398 378/378 383/383
f 383/383 388/388 398/398
f 393/393 311/311 319/319
f 319/319 311/311 210/210
f 379/379 394/394 320/320
f 379/379 320/320 384/384
f 399/399 401/401 404/404
f 401/401 399/399 407/407
f 449/449 445/445 454/454
f 445/445 449/449 458/458
f 455/455 446/446 461/461
f 446/446 442/442 461/461
f 439/439 465/465 443/443
f 443/443 465/465 462/462
f 459/459 466/466 440/440
f 466/466 459/459 450/450
f 473/473 472/472 470/470
f 472/472 473/473 475/475
f 448/448 432/432 435/435
f 432/432 448/448 428/428
f 490/490 509/509 492/492
f 509/509 490/490 497/497
f 478/478 512/512 482/482
f 512/512 506/506 482/482
f 518/518 520/520 523/523
f 520/520 525/525 523/523
f 519/519 524/524 528/528
f 528/528 524/524 530/530
f 532/532 534/534 536/536
f 536/536 534/534 538/538
f 521/521 463/463 526/526
f 463/463 521/521 456/456
f 527/527 467/467 540/540
f 467/467 527/527 464/464
f 451/451 522/522 543/543
f 522/522 451/451 457/457
f 569/569 568/568 571/571
f 568/568 569/569 566/566
f 573/573 563/563 558/558
f 563/563 573/573 576/576
f 581/581 584/584 586/586
f 581/581 586/586 588/588
f 585/585 590/590 587/587
f 590/590 592/592 587/587
f 595/595 597/597 593/593
f 595/595 593/593 599/599
f 582/582 589/589 601/601
f 601/601 589/589 604/604
f 606/606 583/583 602/602
f 606/606 602/602 608/608
f 615/615 577/577 574/574
f 577/577 615/615 620/620
f 596/596 537/537 539/539
f 596/596 539/539 598/598
f 529/529 535/535 533/533
f 535/535 529/529 531/531
f 625/625 468/468 452/452
f 468/468 625/625 541/541
f 623/623 607/607 609/609
f 609/609 626/626 623/623
f 610/610 605/605 630/630
f 605/605 610/610 603/603
f 611/611 631/631 616/616
f 616/616 631/631 621/621
f 542/542 628/628 551/551
f 551/551 437/437 542/542
f 629/629 612/612 552/552
f 612/612 617/617 552/552
f 650/650 654/654 659/659
f 654/654 650/650 663/663
f 666/666 651/651 660/660
f 651/651 666/666 647/647
f 670/670 640/640 648/648
f 670/670 648/648 667/667
f 655/655 664/664 641/641
f 655/655 641/641 671/671
f 679/679 677/677 681/681
f 677/677 679/679 675/675
f 653/653 637/637 633/633
f 637/637 653/653 645/645
f 714/714 703/703 697/697
f 714/714 697/697 695/695
f 685/685 718/718 687/687
f 718/718 685/685 712/712
f 724/724 727/727 729/729
f 724/724 729/729 731/731
f 728/728 734/734 730/730
f 734/734 736/736 730/730
f 738/738 737/737 735/735
f 737/737 738/738 740/740
f 725/725 668/668 661/661
f 668/668 725/725 732/732
f 733/733 672/672 669/669
f 672/672 733/733 742/742
f 745/745 726/726 656/656
f 656/656 726/726 662/662
f 769/769 768/768 765/765
f 768/768 769/769 771/771
f 773/773 762/762 776/776
f 762/762 773/773 758/758
f 781/781 783/783 786/786
f 783/783 788/788 786/786
f 782/782 787/787 790/790
f 790/790 787/787 792/792
f 795/795 793/793 797/797
f 797/797 793/793 799/799
f 789/789 784/784 801/801
f 801/801 804/804 789/789
f 785/785 806/806 802/802
f 802/802 806/806 808/808
f 815/815 774/774 777/777
f 815/815 777/777 820/820
f 798/798 741/741 739/739
f 741/741 798/798 800/800
f 823/823 673/673 743/743
f 673/673 823/823 657/657
f 829/829 809/809 807/807
f 809/809 829/829 824/824
f 810/810 805/805 803/803
f 805/805 810/810 830/830
f 831/831 811/811 816/816
f 816/816 821/821 831/831
f 826/826 744/744 752/752
f 752/752 744/744 643/643
f 827/827 753/753 812/812
f 753/753 817/817 812/812
f 832/832 834/834 837/837
f 834/834 832/832 840/840
f 878/878 882/882 887/887
f 882/882 878/878 891/891
f 894/894 879/879 888/888
f 879/879 894/894 875/875
f 898/898 868/868 876/876
f 898/898 876/876 895/895
f 883/883 892/892 869/869
f 883/883 869/869 899/899
f 906/906 905/905 908/908
f 905/905 906/906 903/903
f 865/865 881/881 873/873
f 881/881 865/865 861/861
f 941/941 930/930 923/923
f 941/941 923/923 925/925
f 915/915 945/945 912/912
f 945/945 915/915 939/939
f 951/951 954/954 956/956
f 951/951 956/956 958/958
f 955/955 961/961 957/957
f 961/961 963/963 957/957
f 965/965 967/967 969/969
f 965/965 969/969 971/971
f 952/952 896/896 889/889
f 896/896 952/952 959/959
f 960/960 900/900 897/897
f 900/900 960/960 973/973
f 976/976 953/953 884/884
f 884/884 953/953 890/890
f 1001/1001 1002/1002 1004/1004
f 1002/1002 1001/1001 999/999
f 1006/1006 996/996 1009/1009
f 996/996 1006/1006 991/991
f 1014/1014 1016/1016 1019/1019
f 1016/1016 1021/1021 1019/1019
f 1015/1015 1020/1020 1023/1023
f 1023/1023 1020/1020 1025/1025
f 1028/1028 1026/1026 1030/1030
f 1030/1030 1026/1026 1032/1032
f 1022/1022 1017/1017 1034/1034
f 1034/1034 1037/1037 1022/1022
f 1018/1018 1039/1039 1035/1035
f 1035/1035 1039/1039 1041/1041
f 1048/1048 1007/1007 1010/1010
f 1048/1048 1010/1010 1053/1053
f 1031/1031 972/972 970/970
f 972/972 1031/1031 1033/1033
f 962/962 966/966 964/964
f 966/966 962/962 968/968
f 1056/1056 901/901 974/974
f 901/901 1056/1056 885/885
f 1062/1062 1042/1042 1040/1040
f 1042/1042 1062/1062 1057/1057
f 1043/1043 1038/1038 1036/1036
f 1038/1038 1043/1043 1063/1063
f 1064/1064 1044/1044 1049/1049
f 1049/1049 1054/1054 1064/1064
f 1059/1059 975/975 983/983
f 983/983 975/975 871/871
f 1060/1060 1050/1050 1045/1045
f 1050/1050 1060/1060 984/984
f 1083/1083 1087/1087 1092/1092
f 1087/1087 1083/1083 1096/1096
f 1099/1099 1084/1084 1093/1093
f 1084/1084 1099/1099 1080/1080
f 1103/1103 1073/1073 1081/1081
f 1103/1103 1081/1081 1100/1100
f 1088/1088 1097/1097 1074/1074
f 1088/1088 1074/1074 1104/1104
f 1112/1112 1110/1110 1114/1114
f 1110/1110 1112/1112 1108/1108
f 1086/1086 1070/1070 1066/1066
f 1070/1070 1086/1086 1078/1078
f 1147/1147 1134/1134 1131/1131
f 1147/1147 1131/1131 1127/1127
f 1117/1117 1152/1152 1121/1121
f 1152/1152 1117/1117 1143/1143
f 1157/1157 1159/1159 1161/1161
f 1161/1161 1159/1159 1164/1164
f 1160/1160 1158/1158 1167/1167
f 1167/1167 1169/1169 1160/1160
f 1171/1171 1170/1170 1168/1168
f 1170/1170 1171/1171 1173/1173
f 1162/1162 1101/1101 1094/1094
f 1101/1101 1162/1162 1165/1165
f 1166/1166 1105/1105 1102/1102
f 1105/1105 1166/1166 1175/1175
f 1178/1178 1163/1163 1089/1089
f 1089/1089 1163/1163 1095/1095
f 1202/1202 1201/1201 1198/1198
f 1201/1201 1202/1202 1204/1204
f 1195/1195 1206/1206 1191/1191
f 1206/1206 1195/1195 1209/1209
f 1214/1214 1216/1216 1218/1218
f 1218/1218 1221/1221 1214/1214
f 1217/1217 1215/1215 1223/1223
f 1223/1223 1215/1215 1225/1225
f 1228/1228 1226/1226 1230/1230
f 1230/1230 1226/1226 1232/1232
f 1222/1222 1219/1219 1234/1234
f 1234/1234 1237/1237 1222/1222
f 1220/1220 1239/1239 1235/1235
f 1235/1235 1239/1239 1241/1241
f 1248/1248 1207/1207 1210/1210
f 1248/1248 1210/1210 1253/1253
f 1231/1231 1174/1174 1172/1172
f 1174/1174 1231/1231 1233/1233
f 1256/1256 1106/1106 1176/1176
f 1106/1106 1256/1256 1090/1090
f 1262/1262 1242/1242 1240/1240
f 1242/1242 1262/1262 1257/1257
f 1243/1243 1238/1238 1236/1236
f 1238/1238 1243/1243 1263/1263
f 1264/1264 1244/1244 1249/1249
f 1249/1249 1254/1254 1264/1264
f 1259/1259 1177/1177 1185/1185
f 1185/1185 1177/1177 1076/1076
f 1186/1186 1250/1250 1245/1245
f 1186/1186 1245/1245 1260/1260
f 1265/1265 1267/1267 1270/1270
f 1267/1267 1265/1265 1273/1273
f 1311/1311 1315/1315 1320/1320
f 1315/1315 1311/1311 1324/1324
f 1327/1327 1312/1312 1321/1321
f 1312/1312 1327/1327 1308/1308
f 1331/1331 1309/1309 1328/1328
f 1309/1309 1331/1331 1301/1301
f 1325/1325 1332/1332 1316/1316
f 1332/1332 1325/1325 1302/1302
f 1340/1340 1338/1338 1342/1342
f 1338/1338 1340/1340 1336/1336
f 1314/1314 1298/1298 1294/1294
f 1298/1298 1314/1314 1306/1306
f 1364/1364 1358/1358 1375/1375
f 1358/1358 1356/1356 1375/1375
f 1346/1346 1373/1373 1379/1379
f 1346/1346 1379/1379 1348/1348
f 1385/1385 1388/1388 1390/1390
f 1385/1385 1390/1390 1392/1392
f 1389/1389 1395/1395 1391/1391
f 1395/1395 1397/1397 1391/1391
f 1399/1399 1398/1398 1396/1396
f 1398/1398 1399/1399 1401/1401
f 1386/1386 1329/1329 1322/1322
f 1329/1329 1386/1386 1393/1393
f 1394/1394 1333/1333 1330/1330
f 1333/1333 1394/1394 1403/1403
f 1406/1406 1387/1387 1317/1317
f 1317/1317 1387/1387 1323/1323
f 1430/1430 1429/1429 1426/1426
f 1429/1429 1430/1430 1432/1432
f 1434/1434 1423/1423 1437/1437
f 1423/1423 1434/1434 1419/1419
f 1442/1442 1444/1444 1447/1447
f 1444/1444 1449/1449 1447/1447
f 1443/1443 1448/1448 1451/1451
f 1451/1451 1448/1448 1453/1453
f 1456/1456 1454/1454 1458/1458
f 1458/1458 1454/1454 1460/1460
f 1450/1450 1445/1445 1462/1462
f 1462/1462 1465/1465 1450/1450
f 1446/1446 1467/1467 1463/1463
f 1463/1463 1467/1467 1469/1469
f 1476/1476 1435/1435 1438/1438
f 1476/1476 1438/1438 1481/1481
f 1459/1459 1402/1402 1400/1400
f 1402/1402 1459/1459 1461/1461
f 1484/1484 1334/1334 1404/1404
f 1334/1334 1484/1484 1318/1318
f 1490/1490 1470/1470 1468/1468
f 1470/1470 1490/1490 1485/1485
f 1471/1471 1466/1466 1464/1464
f 1466/1466 1471/1471 1491/1491
f 1492/1492 1472/1472 1477/1477
f 1477/1477 1482/1482 1492/1492
f 1487/1487 1405/1405 1413/1413
f 1413/1413 1405/1405 1304/1304
f 1473/1473 1414/1414 1478/1478
f 1414/1414 1473/1473 1488/1488
f 1493/1493 1495/1495 1498/1498
f 1495/1495 1493/1493 1501/1501
f 1539/1539 1543/1543 1548/1548
f 1543/1543 1539/1539 1552/1552
f 1555/1555 1540/1540 1549/1549
f 1540/1540 1555/1555 1536/1536
f 1559/1559 1537/1537 1556/1556
f 1537/1537 1559/1559 1529/1529
f 1553/1553 1560/1560 1544/1544
f 1560/1560 1553/1553 1530/1530
f 1567/1567 1566/1566 1569/1569
f 1566/1566 1567/1567 1564/1564
f 1526/1526 1542/1542 1534/1534
f 1542/1542 1526/1526 1522/1522
f 1591/1591 1584/1584 1602/1602
f 1584/1584 1586/1586 1602/1602
f 1576/1576 1600/1600 1606/1606
f 1576/1576 1606/1606 1573/1573
f 1612/1612 1615/1615 1617/1617
f 1612/1612 1617/1617 1619/1619
f 1616/1616 1622/1622 1618/1618
f 1622/1622 1624/1624 1618/1618
f 1626/1626 1628/1628 1630/1630
f 1626/1626 1630/1630 1632/1632
f 1613/1613 1557/1557 1550/1550
f 1557/1557 1613/1613 1620/1620
f 1621/1621 1561/1561 1558/1558
f 1561/1561 1621/1621 1634/1634
f 1637/1637 1614/1614 1545/1545
f 1545/1545 1614/1614 1551/1551
f 1662/1662 1663/1663 1665/1665
f 1663/1663 1662/1662 1660/1660
f 1667/1667 1657/1657 1670/1670
f 1657/1657 1667/1667 1652/1652
f 1675/1675 1677/1677 1680/1680
f 1677/1677 1682/1682 1680/1680
f 1676/1676 1681/1681 1684/1684
f 1684/1684 1681/1681 1686/1686
f 1689/1689 1687/1687 1691/1691
f 1691/1691 1687/1687 1693/1693
f 1683/1683 1678/1678 1695/1695
f 1695/1695 1698/1698 1683/1683
f 1679/1679 1700/1700 1696/1696
f 1696/1696 1700/1700 1702/1702
f 1709/1709 1668/1668 1671/1671
f 1709/1709 1671/1671 1714/1714
f 1692/1692 1633/1633 1631/1631
f 1633/1633 1692/1692 1694/1694
f 1623/1623 1627/1627 1625/1625
f 1627/1627 1623/1623 1629/1629
f 1717/1717 1562/1562 1635/1635
f 1562/1562 1717/1717 1546/1546
f 1723/1723 1703/1703 1701/1701
f 1703/1703 1723/1723 1718/1718
f 1704/1704 1699/1699 1697/1697
f 1699/1699 1704/1704 1724/1724
f 1725/1725 1705/1705 1710/1710
f 1710/1710 1715/1715 1725/1725
f 1720/1720 1636/1636 1644/1644
f 1644/1644 1636/1636 1532/1532
f 1711/1711 1706/1706 1645/1645
f 1645/1645 1706/1706 1721/1721
f 1748/1748 1744/1744 1753/1753
f 1744/1744 1748/1748 1756/1756
f 1760/1760 1745/1745 1757/1757
f 1745/1745 1760/1760 1741/1741
f 1734/1734 1742/1742 1764/1764
f 1742/1742 1761/1761 1764/1764
f 1754/1754 1765/1765 1749/1749
f 1765/1765 1754/1754 1735/1735
f 1773/1773 1771/1771 1775/1775
f 1771/1771 1773/1773 1769/1769
f 1747/1747 1731/1731 1727/1727
f 1731/1731 1747/1747 1739/1739
f 1808/1808 1791/1791 1789/1789
f 1791/1791 1808/1808 1797/1797
f 1779/1779 1812/1812 1781/1781
f 1812/1812 1779/1779 1806/1806
f 1818/1818 1821/1821 1823/1823
f 1818/1818 1823/1823 1825/1825
f 1822/1822 1828/1828 1824/1824
f 1828/1828 1830/1830 1824/1824
f 1832/1832 1831/1831 1829/1829
f 1831/1831 1832/1832 1834/1834
f 1819/1819 1762/1762 1758/1758
f 1762/1762 1819/1819 1826/1826
f 1827/1827 1766/1766 1763/1763
f 1766/1766 1827/1827 1836/1836
f 1839/1839 1820/1820 1750/1750
f 1750/1750 1820/1820 1759/1759
f 1863/1863 1862/1862 1859/1859
f 1862/1862 1863/1863 1865/1865
f 1867/1867 1856/1856 1870/1870
f 1856/1856 1867/1867 1852/1852
f 1875/1875 1877/1877 1880/1880
f 1877/1877 1882/1882 1880/1880
f 1876/1876 1881/1881 1884/1884
f 1884/1884 1881/1881 1886/1886
f 1889/1889 1887/1887 1891/1891
f 1891/1891 1887/1887 1893/1893
f 1883/1883 1878/1878 1895/1895
f 1895/1895 1898/1898 1883/1883
f 1879/1879 1900/1900 1896/1896
f 1896/1896 1900/1900 1902/1902
f 1909/1909 1868/1868 1871/1871
f 1909/1909 1871/1871 1914/1914
f 1892/1892 1835/1835 1833/1833
f 1835/1835 1892/1892 1894/1894
f 1917/1917 1767/1767 1837/1837
f 1767/1767 1917/1917 1751/1751
f 1923/1923 1903/1903 1901/1901
f 1903/1903 1923/1923 1918/1918
f 1904/1904 1899/1899 1897/1897
f 1899/1899 1904/1904 1924/1924
f 1925/1925 1905/1905 1910/1910
f 1910/1910 1915/1915 1925/1925
f 1920/1920 1838/1838 1846/1846
f 1846/1846 1838/1838 1737/1737
f 1906/1906 1921/1921 1847/1847
f 1906/1906 1847/1847 1911/1911
f 1926/1926 1928/1928 1931/1931
f 1928/1928 1926/1926 1934/1934
f 1972/1972 1976/1976 1981/1981
f 1976/1976 1972/1972 1985/1985
f 1988/1988 1973/1973 1982/1982
f 1973/1973 1988/1988 1969/1969
f 1992/1992 1962/1962 1970/1970
f 1992/1992 1970/1970 1989/1989
f 1986/1986 1993/1993 1977/1977
f 1993/1993 1986/1986 1963/1963
f 2000/2000 1999/1999 2002/2002
f 1999/1999 2000/2000 1997/1997
f 1959/1959 1975/1975 1967/1967
f 1975/1975 1959/1959 1955/1955
f 2035/2035 2024/2024 2017/2017
f 2035/2035 2017/2017 2019/2019
f 2009/2009 2039/2039 2006/2006
f 2039/2039 2009/2009 2033/2033
f 2045/2045 2048/2048 2050/2050
f 2045/2045 2050/2050 2052/2052
f 2049/2049 2055/2055 2051/2051
f 2055/2055 2057/2057 2051/2051
f 2059/2059 2061/2061 2063/2063
f 2059/2059 2063/2063 2065/2065
f 2046/2046 1990/1990 1983/1983
f 1990/1990 2046/2046 2053/2053
f 2054/2054 1994/1994 1991/1991
f 1994/1994 2054/2054 2067/2067
f 2070/2070 2047/2047 1978/1978
f 1978/1978 2047/2047 1984/1984
f 2095/2095 2096/2096 2098/2098
f 2096/2096 2095/2095 2093/2093
f 2100/2100 2090/2090 2103/2103
f 2090/2090 2100/2100 2085/2085
f 2108/2108 2110/2110 2113/2113
f 2110/2110 2115/2115 2113/2113
f 2109/2109 2114/2114 2117/2117
f 2117/2117 2114/2114 2119/2119
f 2122/2122 2120/2120 2124/2124
f 2124/2124 2120/2120 2126/2126
f 2116/2116 2111/2111 2128/2128
f 2128/2128 2131/2131 2116/2116
f 2112/2112 2133/2133 2129/2129
f 2129/2129 2133/2133 2135/2135
f 2142/2142 2101/2101 2104/2104
f 2142/2142 2104/2104 2147/2147
f 2125/2125 2066/2066 2064/2064
f 2066/2066 2125/2125 2127/2127
f 2056/2056 2060/2060 2058/2058
f 2060/2060 2056/2056 2062/2062
f 2150/2150 1995/1995 2068/2068
f 1995/1995 2150/2150 1979/1979
f 2156/2156 2136/2136 2134/2134
f 2136/2136 2156/2156 2151/2151
f 2137/2137 2132/2132 2130/2130
f 2132/2132 2137/2137 2157/2157
f 2158/2158 2138/2138 2143/2143
f 2143/2143 2148/2148 2158/2158
f 2153/2153 2069/2069 2077/2077
f 2077/2077 2069/2069 1965/1965
f 2154/2154 2078/2078 2139/2139
f 2078/2078 2144/2144 2139/2139
f 2181/2181 2177/2177 2186/2186
f 2177/2177 2181/2181 2189/2189
f 2193/2193 2178/2178 2190/2190
f 2178/2178 2193/2193 2174/2174
f 2197/2197 2175/2175 2194/2194
f 2175/2175 2197/2197 2167/2167
f 2187/2187 2198/2198 2182/2182
f 2198/2198 2187/2187 2168/2168
f 2205/2205 2204/2204 2207/2207
f 2204/2204 2205/2205 2202/2202
f 2164/2164 2180/2180 2172/2172
f 2180/2180 2164/2164 2160/2160
f 2224/2224 2240/2240 2222/2222
f 2222/2222 2240/2240 2229/2229
f 2238/2238 2244/2244 2214/2214
f 2244/2244 2211/2211 2214/2214
f 2250/2250 2253/2253 2255/2255
f 2250/2250 2255/2255 2257/2257
f 2254/2254 2260/2260 2256/2256
f 2260/2260 2262/2262 2256/2256
f 2264/2264 2266/2266 2268/2268
f 2264/2264 2268/2268 2270/2270
f 2251/2251 2195/2195 2191/2191
f 2195/2195 2251/2251 2258/2258
f 2259/2259 2199/2199 2196/2196
f 2199/2199 2259/2259 2272/2272
f 2275/2275 2252/2252 2183/2183
f 2183/2183 2252/2252 2192/2192
f 2300/2300 2301/2301 2303/2303
f 2301/2301 2300/2300 2298/2298
f 2305/2305 2295/2295 2308/2308
f 2295/2295 2305/2305 2290/2290
f 2313/2313 2315/2315 2318/2318
f 2315/2315 2320/2320 2318/2318
f 2314/2314 2319/2319 2322/2322
f 2322/2322 2319/2319 2324/2324
f 2327/2327 2325/2325 2329/2329
f 2329/2329 2325/2325 2331/2331
f 2321/2321 2316/2316 2333/2333
f 2333/2333 2336/2336 2321/2321
f 2317/2317 2338/2338 2334/2334
f 2334/2334 2338/2338 2340/2340
f 2347/2347 2306/2306 2309/2309
f 2347/2347 2309/2309 2352/2352
f 2330/2330 2271/2271 2269/2269
f 2271/2271 2330/2330 2332/2332
f 2261/2261 2265/2265 2263/2263
f 2265/2265 2261/2261 2267/2267
f 2355/2355 2200/2200 2273/2273
f 2200/2200 2355/2355 2184/2184
f 2361/2361 2341/2341 2339/2339
f 2341/2341 2361/2361 2356/2356
f 2342/2342 2337/2337 2335/2335
f 2337/2337 2342/2342 2362/2362
f 2363/2363 2343/2343 2348/2348
f 2348/2348 2353/2353 2363/2363
f 2358/2358 2274/2274 2282/2282
f 2282/2282 2274/2274 2170/2170
f 2344/2344 2283/2283 2349/2349
f 2283/2283 2344/2344 2359/2359
f 2386/2386 2382/2382 2391/2391
f 2382/2382 2386/2386 2394/2394
f 2398/2398 2383/2383 2395/2395
f 2383/2383 2398/2398 2379/2379
f 2372/2372 2380/2380 2402/2402
f 2380/2380 2399/2399 2402/2402
f 2392/2392 2403/2403 2387/2387
f 2403/2403 2392/2392 2373/2373
f 2411/2411 2409/2409 2413/2413
f 2409/2409 2411/2411 2407/2407
f 2385/2385 2369/2369 2365/2365
f 2369/2369 2385/2385 2377/2377
f 2446/2446 2429/2429 2427/2427
f 2429/2429 2446/2446 2435/2435
f 2417/2417 2450/2450 2419/2419
f 2450/2450 2417/2417 2444/2444
f 2456/2456 2459/2459 2461/2461
f 2456/2456 2461/2461 2463/2463
f 2460/2460 2466/2466 2462/2462
f 2466/2466 2468/2468 2462/2462
f 2470/2470 2469/2469 2467/2467
f 2469/2469 2470/2470 2472/2472
f 2457/2457 2400/2400 2396/2396
f 2400/2400 2457/2457 2464/2464
f 2465/2465 2404/2404 2401/2401
f 2404/2404 2465/2465 2474/2474
f 2477/2477 2458/2458 2388/2388
f 2388/2388 2458/2458 2397/2397
f 2501/2501 2500/2500 2497/2497
f 2500/2500 2501/2501 2503/2503
f 2505/2505 2494/2494 2508/2508
f 2494/2494 2505/2505 2490/2490
f 2513/2513 2515/2515 2518/2518
f 2515/2515 2520/2520 2518/2518
f 2514/2514 2519/2519 2522/2522
f 2522/2522 2519/2519 2524/2524
f 2527/2527 2525/2525 2529/2529
f 2529/2529 2525/2525 2531/2531
f 2521/2521 2516/2516 2533/2533
f 2533/2533 2536/2536 2521/2521
f 2517/2517 2538/2538 2534/2534
f 2534/2534 2538/2538 2540/2540
f 2547/2547 2506/2506 2509/2509
f 2547/2547 2509/2509 2552/2552
f 2530/2530 2473/2473 2471/2471
f 2473/2473 2530/2530 2532/2532
f 2555/2555 2405/2405 2475/2475
f 2405/2405 2555/2555 2389/2389
f 2561/2561 2541/2541 2539/2539
f 2541/2541 2561/2561 2556/2556
f 2542/2542 2537/2537 2535/2535
f 2537/2537 2542/2542 2562/2562
f 2563/2563 2543/2543 2548/2548
f 2548/2548 2553/2553 2563/2563
f 2558/2558 2476/2476 2484/2484
f 2484/2484 2476/2476 2375/2375
f 2544/2544 2559/2559 2485/2485
f 2544/2544 2485/2485 2549/2549
f 2564/2564 2566/2566 2569/2569
f 2566/2566 2564/2564 2572/2572
f 2669/2669 2673/2673 2677/2677
f 2673/2673 2669/2669 2659/2659
f 2681/2681 2670/2670 2678/2678
f 2670/2670 2681/2681 2666/2666
f 2685/2685 2656/2656 2667/2667
f 2685/2685 2667/2667 2682/2682
f 2660/2660 2686/2686 2674/2674
f 2686/2686 2660/2660 2657/2657
f 2703/2703 2707/2707 2708/2708
f 2707/2707 2703/2703 2710/2710
f 2714/2714 2695/2695 2717/2717
f 2695/2695 2714/2714 2701/2701
f 2719/2719 2718/2718 2693/2693
f 2693/2693 2718/2718 2696/2696
f 2711/2711 2742/2742 2746/2746
f 2742/2742 2747/2747 2746/2746
f 2751/2751 2729/2729 2723/2723
f 2729/2729 2751/2751 2726/2726
f 2730/2730 2750/2750 2724/2724
f 2750/2750 2730/2730 2739/2739
f 2651/2651 2672/2672 2663/2663
f 2672/2672 2651/2651 2647/2647
f 2664/2664 2753/2753 2652/2652
f 2652/2652 2753/2753 2691/2691
f 2704/2704 2755/2755 2698/2698
f 2755/2755 2704/2704 2709/2709
f 2811/2811 2800/2800 2794/2794
f 2811/2811 2794/2794 2792/2792
f 2787/2787 2815/2815 2784/2784
f 2815/2815 2787/2787 2809/2809
f 2837/2837 2836/2836 2834/2834
f 2836/2836 2837/2837 2839/2839
f 2841/2841 2842/2842 2844/2844
f 2844/2844 2846/2846 2841/2841
f 2699/2699 2856/2856 2858/2858
f 2858/2858 2705/2705 2699/2699
f 2863/2863 2866/2866 2868/2868
f 2863/2863 2868/2868 2870/2870
f 2675/2675 2873/2873 2876/2876
f 2873/2873 2675/2675 2687/2687
f 2879/2879 2880/2880 2881/2881
f 2881/2881 2883/2883 2879/2879
f 2867/2867 2885/2885 2869/2869
f 2885/2885 2887/2887 2869/2869
f 2894/2894 2888/2888 2897/2897
f 2897/2897 2888/2888 2898/2898
f 2906/2906 2702/2702 2715/2715
f 2702/2702 2906/2906 2908/2908
f 2907/2907 2909/2909 2911/2911
f 2909/2909 2907/2907 2716/2716
f 2859/2859 2712/2712 2706/2706
f 2712/2712 2859/2859 2916/2916
f 2919/2919 2745/2745 2921/2921
f 2745/2745 2919/2919 2735/2735
f 2923/2923 2857/2857 2925/2925
f 2857/2857 2923/2923 2860/2860
f 2924/2924 2918/2918 2861/2861
f 2918/2918 2924/2924 2926/2926
f 2928/2928 2930/2930 2933/2933
f 2930/2930 2928/2928 2936/2936
f 2941/2941 2943/2943 2947/2947
f 2943/2943 2941/2941 2951/2951
f 2864/2864 2871/2871 2679/2679
f 2679/2679 2871/2871 2683/2683
f 2872/2872 2874/2874 2688/2688
f 2872/2872 2688/2688 2684/2684
f 2676/2676 2865/2865 2680/2680
f 2877/2877 2865/2865 2676/2676
f 2882/2882 2878/2878 2875/2875
f 2882/2882 2875/2875 2884/2884
f 2776/2776 2773/2773 2960/2960
f 2773/2773 2961/2961 2960/2960
f 2780/2780 2963/2963 2965/2965
f 2963/2963 2780/2780 2758/2758
f 2962/2962 2781/2781 2966/2966
f 2774/2774 2781/2781 2962/2962
f 2967/2967 2759/2759 2762/2762
f 2759/2759 2967/2967 2964/2964
f 2983/2983 2985/2985 2843/2843
f 2988/2988 2843/2843 2985/2985
f 2838/2838 2989/2989 2840/2840
f 2989/2989 2838/2838 2991/2991
f 2992/2992 2993/2993 2990/2990
f 2993/2993 2992/2992 2994/2994
f 2980/2980 3001/3001 3000/3000
f 3001/3001 2980/2980 2996/2996
f 2987/2987 3002/3002 2997/2997
f 3002/3002 2987/2987 3004/3004
f 247/247 249/249 322/322
f 322/322 249/249 323/323
f 323/323 347/347 322/322
f 347/347 323/323 386/386
f 547/547 550/550 614/614
f 613/613 547/547 614/614
f 614/614 575/575 613/613
f 618/618 578/578 572/572
f 572/572 578/578 580/580
f 572/572 580/580 570/570
f 680/680 682/682 755/755
f 755/755 682/682 756/756
f 756/756 780/780 755/755
f 780/780 756/756 819/819
f 1113/1113 1115/1115 1188/1188
f 1188/1188 1115/1115 1189/1189
f 1189/1189 1213/1213 1188/1188
f 1213/1213 1189/1189 1252/1252
f 1341/1341 1343/1343 1416/1416
f 1416/1416 1343/1343 1417/1417
f 1417/1417 1441/1441 1416/1416
f 1441/1441 1417/1417 1480/1480
f 1774/1774 1776/1776 1849/1849
f 1849/1849 1776/1776 1850/1850
f 1850/1850 1874/1874 1849/1849
f 1874/1874 1850/1850 1913/1913
f 2412/2412 2414/2414 2487/2487
f 2487/2487 2414/2414 2488/2488
f 2488/2488 2512/2512 2487/2487
f 2512/2512 2488/2488 2551/2551
f 2912/2912 2910/2910 2913/2913
f 2913/2913 2914/2914 2912/2912
f 2914/2914 2913/2913 2903/2903
f 2973/2973 2974/2974 2976/2976
f 2974/2974 2977/2977 2976/2976
f 2976/2976 2977/2977 2998/2998
f 2977/2977 2999/2999 2998/2998
f 40/40 44/44 45/45
f 40/40 45/45 46/46
f 63/63 40/40 46/46
f 47/47 26/26 64/64
f 26/26 47/47 25/25
f 25/25 10/10 26/26
f 9/9 10/10 25/25
f 9/9 5/5 10/10
f 5/5 9/9 1/1
f 1/1 2/2 5/5
f 2/2 1/1 8/8
f 67/67 8/8 1/1
f 67/67 69/69 8/8
f 69/69 2/2 8/8
f 2/2 69/69 70/70
f 73/73 70/70 69/69
f 70/70 73/73 75/75
f 87/87 76/76 74/74
f 76/76 87/87 88/88
f 99/99 88/88 87/87
f 88/88 99/99 112/112
f 112/112 99/99 95/95
f 95/95 99/99 100/100
f 95/95 100/100 98/98
f 95/95 98/98 91/91
f 91/91 92/92 95/95
f 91/91 32/32 92/92
f 29/29 32/32 91/91
f 29/29 91/91 68/68
f 29/29 68/68 30/30
f 29/29 30/30 32/32
f 30/30 35/35 32/32
f 201/201 199/199 203/203
f 199/199 201/201 202/202
f 199/199 202/202 205/205
f 202/202 241/241 205/205
f 202/202 243/243 241/241
f 243/243 202/202 245/245
f 280/280 267/267 269/269
f 267/267 280/280 282/282
f 272/272 267/267 282/282
f 272/272 282/282 283/283
f 290/290 273/273 283/283
f 273/273 290/290 289/289
f 286/286 289/289 290/290
f 289/289 286/286 276/276
f 284/284 276/276 286/286
f 276/276 284/284 278/278
f 324/324 327/327 328/328
f 324/324 326/326 327/327
f 324/324 330/330 326/326
f 326/326 330/330 331/331
f 326/326 331/331 333/333
f 331/331 334/334 333/333
f 339/339 337/337 345/345
f 339/339 345/345 346/346
f 385/385 339/339 346/346
f 316/316 381/381 318/318
f 380/380 381/381 316/316
f 381/381 380/380 342/342
f 494/494 508/508 496/496
f 507/507 508/508 494/494
f 494/494 499/499 507/507
f 499/499 510/510 507/507
f 500/500 517/517 510/510
f 517/517 500/500 516/516
f 516/516 513/513 517/517
f 513/513 516/516 503/503
f 503/503 511/511 513/513
f 511/511 503/503 505/505
f 559/559 557/557 562/562
f 557/557 559/559 561/561
f 557/557 561/561 564/564
f 561/561 565/565 564/564
f 561/561 560/560 565/565
f 565/565 560/560 567/567
f 555/555 579/579 619/619
f 579/579 555/555 554/554
f 553/553 554/554 555/555
f 554/554 553/553 556/556
f 474/474 556/556 553/553
f 474/474 553/553 476/476
f 634/634 632/632 636/636
f 632/632 634/634 635/635
f 632/632 635/635 638/638
f 635/635 674/674 638/638
f 635/635 676/676 674/674
f 676/676 635/635 678/678
f 713/713 700/700 702/702
f 700/700 713/713 715/715
f 715/715 705/705 700/700
f 705/705 715/715 716/716
f 723/723 706/706 716/716
f 706/706 723/723 722/722
f 719/719 722/722 723/723
f 722/722 719/719 709/709
f 717/717 709/709 719/719
f 709/709 717/717 711/711
f 757/757 760/760 761/761
f 757/757 759/759 760/760
f 757/757 763/763 759/759
f 759/759 763/763 764/764
f 759/759 764/764 766/766
f 764/764 767/767 766/766
f 772/772 770/770 778/778
f 772/772 778/778 779/779
f 818/818 772/772 779/779
f 749/749 814/814 751/751
f 813/813 814/814 749/749
f 814/814 813/813 775/775
f 940/940 927/927 929/929
f 927/927 940/940 942/942
f 942/942 932/932 927/927
f 932/932 942/942 943/943
f 943/943 949/949 933/933
f 949/949 943/943 950/950
f 946/946 949/949 950/950
f 949/949 946/946 936/936
f 944/944 936/936 946/946
f 936/936 944/944 938/938
f 947/947 917/917 919/919
f 917/917 947/947 934/934
f 921/921 934/934 947/947
f 921/921 924/924 922/922
f 926/926 922/922 928/928
f 920/920 921/921 922/922
f 922/922 926/926 920/920
f 934/934 921/921 920/920
f 926/926 931/931 920/920
f 920/920 931/931 934/934
f 948/948 934/934 931/931
f 934/934 948/948 916/916
f 916/916 913/913 918/918
f 948/948 910/910 916/916
f 913/913 916/916 910/910
f 910/910 911/911 913/913
f 910/910 948/948 935/935
f 911/911 910/910 914/914
f 914/914 910/910 935/935
f 935/935 937/937 914/914
f 990/990 993/993 995/995
f 990/990 992/992 993/993
f 990/990 997/997 992/992
f 992/992 997/997 998/998
f 992/992 998/998 994/994
f 998/998 1000/1000 994/994
f 1005/1005 1003/1003 1011/1011
f 1005/1005 1011/1011 1012/1012
f 1051/1051 1005/1005 1012/1012
f 980/980 1047/1047 982/982
f 1046/1046 1047/1047 980/980
f 1047/1047 1046/1046 1008/1008
f 1013/1013 988/988 1052/1052
f 988/988 1013/1013 986/986
f 986/986 987/987 988/988
f 987/987 986/986 989/989
f 907/907 987/987 989/989
f 987/987 907/907 909/909
f 1067/1067 1065/1065 1069/1069
f 1065/1065 1067/1067 1068/1068
f 1065/1065 1068/1068 1071/1071
f 1068/1068 1107/1107 1071/1071
f 1068/1068 1109/1109 1107/1107
f 1109/1109 1068/1068 1111/1111
f 1146/1146 1136/1136 1133/1133
f 1136/1136 1146/1146 1148/1148
f 1148/1148 1139/1139 1136/1136
f 1139/1139 1148/1148 1149/1149
f 1156/1156 1140/1140 1149/1149
f 1140/1140 1156/1156 1155/1155
f 1150/1150 1155/1155 1156/1156
f 1155/1155 1150/1150 1145/1145
f 1142/1142 1145/1145 1150/1150
f 1150/1150 1151/1151 1142/1142
f 1190/1190 1193/1193 1194/1194
f 1190/1190 1192/1192 1193/1193
f 1190/1190 1196/1196 1192/1192
f 1192/1192 1196/1196 1197/1197
f 1192/1192 1197/1197 1199/1199
f 1197/1197 1200/1200 1199/1199
f 1205/1205 1203/1203 1211/1211
f 1205/1205 1211/1211 1212/1212
f 1251/1251 1205/1205 1212/1212
f 1182/1182 1247/1247 1184/1184
f 1246/1246 1247/1247 1182/1182
f 1247/1247 1246/1246 1208/1208
f 1295/1295 1293/1293 1297/1297
f 1293/1293 1295/1295 1296/1296
f 1293/1293 1296/1296 1299/1299
f 1296/1296 1335/1335 1299/1299
f 1296/1296 1337/1337 1335/1335
f 1337/1337 1296/1296 1339/1339
f 1374/1374 1361/1361 1363/1363
f 1361/1361 1374/1374 1376/1376
f 1376/1376 1366/1366 1361/1361
f 1377/1377 1366/1366 1376/1376
f 1384/1384 1367/1367 1377/1377
f 1367/1367 1384/1384 1383/1383
f 1380/1380 1383/1383 1384/1384
f 1383/1383 1380/1380 1370/1370
f 1378/1378 1370/1370 1380/1380
f 1370/1370 1378/1378 1372/1372
f 1418/1418 1421/1421 1422/1422
f 1418/1418 1420/1420 1421/1421
f 1418/1418 1424/1424 1420/1420
f 1420/1420 1424/1424 1425/1425
f 1420/1420 1425/1425 1427/1427
f 1425/1425 1428/1428 1427/1427
f 1433/1433 1431/1431 1439/1439
f 1433/1433 1439/1439 1440/1440
f 1479/1479 1433/1433 1440/1440
f 1410/1410 1475/1475 1412/1412
f 1474/1474 1475/1475 1410/1410
f 1475/1475 1474/1474 1436/1436
f 1601/1601 1588/1588 1590/1590
f 1588/1588 1601/1601 1603/1603
f 1603/1603 1593/1593 1588/1588
f 1593/1593 1603/1603 1604/1604
f 1611/1611 1594/1594 1604/1604
f 1594/1594 1611/1611 1610/1610
f 1607/1607 1610/1610 1611/1611
f 1610/1610 1607/1607 1597/1597
f 1605/1605 1597/1597 1607/1607
f 1597/1597 1605/1605 1599/1599
f 1651/1651 1654/1654 1656/1656
f 1651/1651 1653/1653 1654/1654
f 1651/1651 1658/1658 1653/1653
f 1653/1653 1658/1658 1659/1659
f 1653/1653 1659/1659 1655/1655
f 1659/1659 1661/1661 1655/1655
f 1666/1666 1664/1664 1672/1672
f 1666/1666 1672/1672 1673/1673
f 1712/1712 1666/1666 1673/1673
f 1641/1641 1708/1708 1643/1643
f 1707/1707 1708/1708 1641/1641
f 1708/1708 1707/1707 1669/1669
f 1674/1674 1649/1649 1713/1713
f 1649/1649 1674/1674 1647/1647
f 1647/1647 1648/1648 1649/1649
f 1648/1648 1647/1647 1650/1650
f 1568/1568 1648/1648 1650/1650
f 1648/1648 1568/1568 1570/1570
f 1728/1728 1726/1726 1730/1730
f 1726/1726 1728/1728 1729/1729
f 1726/1726 1729/1729 1732/1732
f 1729/1729 1768/1768 1732/1732
f 1729/1729 1770/1770 1768/1768
f 1770/1770 1729/1729 1772/1772
f 1807/1807 1794/1794 1796/1796
f 1794/1794 1807/1807 1809/1809
f 1799/1799 1794/1794 1809/1809
f 1799/1799 1809/1809 1810/1810
f 1817/1817 1800/1800 1810/1810
f 1800/1800 1817/1817 1816/1816
f 1813/1813 1816/1816 1817/1817
f 1816/1816 1813/1813 1803/1803
f 1811/1811 1803/1803 1813/1813
f 1803/1803 1811/1811 1805/1805
f 1851/1851 1854/1854 1855/1855
f 1851/1851 1853/1853 1854/1854
f 1851/1851 1857/1857 1853/1853
f 1853/1853 1857/1857 1858/1858
f 1853/1853 1858/1858 1860/1860
f 1858/1858 1861/1861 1860/1860
f 1866/1866 1864/1864 1872/1872
f 1866/1866 1872/1872 1873/1873
f 1912/1912 1866/1866 1873/1873
f 1843/1843 1908/1908 1845/1845
f 1907/1907 1908/1908 1843/1843
f 1908/1908 1907/1907 1869/1869
f 2034/2034 2021/2021 2023/2023
f 2021/2021 2034/2034 2036/2036
f 2036/2036 2026/2026 2021/2021
f 2026/2026 2036/2036 2037/2037
f 2044/2044 2027/2027 2037/2037
f 2027/2027 2044/2044 2043/2043
f 2040/2040 2043/2043 2044/2044
f 2043/2043 2040/2040 2030/2030
f 2038/2038 2030/2030 2040/2040
f 2030/2030 2038/2038 2032/2032
f 2084/2084 2087/2087 2089/2089
f 2084/2084 2086/2086 2087/2087
f 2084/2084 2091/2091 2086/2086
f 2086/2086 2091/2091 2092/2092
f 2086/2086 2092/2092 2088/2088
f 2092/2092 2094/2094 2088/2088
f 2099/2099 2097/2097 2105/2105
f 2099/2099 2105/2105 2106/2106
f 2145/2145 2099/2099 2106/2106
f 2074/2074 2141/2141 2076/2076
f 2140/2140 2141/2141 2074/2074
f 2141/2141 2140/2140 2102/2102
f 2107/2107 2082/2082 2146/2146
f 2082/2082 2107/2107 2080/2080
f 2080/2080 2081/2081 2082/2082
f 2081/2081 2080/2080 2083/2083
f 2001/2001 2081/2081 2083/2083
f 2081/2081 2001/2001 2003/2003
f 2239/2239 2226/2226 2228/2228
f 2226/2226 2239/2239 2241/2241
f 2226/2226 2241/2241 2231/2231
f 2241/2241 2242/2242 2231/2231
f 2249/2249 2232/2232 2242/2242
f 2232/2232 2249/2249 2248/2248
f 2245/2245 2248/2248 2249/2249
f 2248/2248 2245/2245 2235/2235
f 2243/2243 2235/2235 2245/2245
f 2235/2235 2243/2243 2237/2237
f 2289/2289 2292/2292 2294/2294
f 2289/2289 2291/2291 2292/2292
f 2289/2289 2296/2296 2291/2291
f 2291/2291 2296/2296 2297/2297
f 2291/2291 2297/2297 2293/2293
f 2297/2297 2299/2299 2293/2293
f 2304/2304 2302/2302 2310/2310
f 2304/2304 2310/2310 2311/2311
f 2350/2350 2304/2304 2311/2311
f 2279/2279 2346/2346 2281/2281
f 2345/2345 2346/2346 2279/2279
f 2346/2346 2345/2345 2307/2307
f 2312/2312 2287/2287 2351/2351
f 2287/2287 2312/2312 2285/2285
f 2285/2285 2286/2286 2287/2287
f 2286/2286 2285/2285 2288/2288
f 2206/2206 2286/2286 2288/2288
f 2286/2286 2206/2206 2208/2208
f 2366/2366 2364/2364 2368/2368
f 2364/2364 2366/2366 2367/2367
f 2364/2364 2367/2367 2370/2370
f 2367/2367 2406/2406 2370/2370
f 2367/2367 2408/2408 2406/2406
f 2408/2408 2367/2367 2410/2410
f 2445/2445 2432/2432 2434/2434
f 2432/2432 2445/2445 2447/2447
f 2437/2437 2432/2432 2447/2447
f 2437/2437 2447/2447 2448/2448
f 2455/2455 2438/2438 2448/2448
f 2438/2438 2455/2455 2454/2454
f 2451/2451 2454/2454 2455/2455
f 2454/2454 2451/2451 2441/2441
f 2449/2449 2441/2441 2451/2451
f 2441/2441 2449/2449 2443/2443
f 2489/2489 2492/2492 2493/2493
f 2489/2489 2491/2491 2492/2492
f 2489/2489 2495/2495 2491/2491
f 2491/2491 2495/2495 2496/2496
f 2491/2491 2496/2496 2498/2498
f 2496/2496 2499/2499 2498/2498
f 2504/2504 2502/2502 2510/2510
f 2504/2504 2510/2510 2511/2511
f 2550/2550 2504/2504 2511/2511
f 2481/2481 2546/2546 2483/2483
f 2545/2545 2546/2546 2481/2481
f 2546/2546 2545/2545 2507/2507
f 2600/2600 2592/2592 2602/2602
f 2592/2592 2600/2600 2595/2595
f 2592/2592 2595/2595 2596/2596
f 2596/2596 2595/2595 2599/2599
f 2596/2596 2599/2599 2610/2610
f 2610/2610 2599/2599 2613/2613
f 2610/2610 2613/2613 2606/2606
f 2606/2606 2613/2613 2609/2609
f 2601/2601 2606/2606 2609/2609
f 2606/2606 2601/2601 2603/2603
f 2628/2628 2636/2636 2632/2632
f 2633/2633 2636/2636 2628/2628
f 2633/2633 2640/2640 2636/2636
f 2637/2637 2640/2640 2633/2633
f 2624/2624 2640/2640 2637/2637
f 2640/2640 2624/2624 2619/2619
f 2620/2620 2619/2619 2624/2624
f 2619/2619 2620/2620 2623/2623
f 2620/2620 2631/2631 2623/2623
f 2627/2627 2631/2631 2620/2620
f 2689/2689 2650/2650 2690/2690
f 2650/2650 2689/2689 2648/2648
f 2648/2648 2646/2646 2650/2650
f 2646/2646 2648/2648 2649/2649
f 2646/2646 2649/2649 2653/2653
f 2649/2649 2725/2725 2653/2653
f 2649/2649 2727/2727 2725/2725
f 2725/2725 2727/2727 2728/2728
f 2737/2737 2728/2728 2727/2727
f 2728/2728 2737/2737 2738/2738
f 2741/2741 2748/2748 2743/2743
f 2734/2734 2741/2741 2743/2743
f 2734/2734 2740/2740 2741/2741
f 2731/2731 2733/2733 2734/2734
f 2734/2734 2733/2733 2854/2854
f 2734/2734 2854/2854 2720/2720
f 2740/2740 2734/2734 2720/2720
f 2854/2854 2721/2721 2720/2720
f 2720/2720 2722/2722 2740/2740
f 2720/2720 2721/2721 2722/2722
f 2722/2722 2749/2749 2740/2740
f 2722/2722 2721/2721 2862/2862
f 2722/2722 2862/2862 2752/2752
f 2768/2768 2771/2771 2775/2775
f 2771/2771 2768/2768 2766/2766
f 2766/2766 2768/2768 2769/2769
f 2766/2766 2769/2769 2770/2770
f 2777/2777 2767/2767 2770/2770
f 2767/2767 2777/2777 2778/2778
f 2778/2778 2772/2772 2767/2767
f 2772/2772 2778/2778 2779/2779
f 2778/2778 2757/2757 2779/2779
f 2778/2778 2777/2777 2763/2763
f 2757/2757 2778/2778 2763/2763
f 2763/2763 2777/2777 2765/2765
f 2763/2763 2765/2765 2764/2764
f 2760/2760 2763/2763 2764/2764
f 2760/2760 2757/2757 2763/2763
f 2757/2757 2760/2760 2761/2761
f 2810/2810 2797/2797 2799/2799
f 2797/2797 2810/2810 2812/2812
f 2812/2812 2802/2802 2797/2797
f 2802/2802 2812/2812 2813/2813
f 2820/2820 2803/2803 2813/2813
f 2803/2803 2820/2820 2819/2819
f 2816/2816 2819/2819 2820/2820
f 2819/2819 2816/2816 2806/2806
f 2814/2814 2806/2806 2816/2816
f 2806/2806 2814/2814 2808/2808
f 2713/2713 2917/2917 2744/2744
f 2917/2917 2922/2922 2744/2744
f 2922/2922 2917/2917 2927/2927
f 2828/2828 2833/2833 2835/2835
f 2833/2833 2828/2828 2829/2829
f 2829/2829 2828/2828 2823/2823
f 2824/2824 2823/2823 2828/2828
f 2823/2823 2824/2824 2821/2821
f 2821/2821 2822/2822 2823/2823
f 2852/2852 2823/2823 2822/2822
f 2845/2845 2849/2849 2848/2848
f 2845/2845 2848/2848 2847/2847
f 2848/2848 2830/2830 2847/2847
f 2830/2830 2848/2848 2850/2850
f 2851/2851 2830/2830 2850/2850
f 2831/2831 2830/2830 2851/2851
f 2825/2825 2830/2830 2831/2831
f 2830/2830 2825/2825 2832/2832
f 2825/2825 2853/2853 2832/2832
f 2827/2827 2853/2853 2825/2825
f 2825/2825 2826/2826 2827/2827
f 266/266 263/263 268/268
f 263/263 266/266 260/260
f 260/260 261/261 263/263
f 266/266 271/271 260/260
f 261/261 260/260 265/265
f 260/260 271/271 274/274
f 274/274 265/265 260/260
f 265/265 274/274 287/287
f 274/274 259/259 287/287
f 259/259 274/274 257/257
f 288/288 274/274 271/271
f 274/274 288/288 256/256
f 288/288 255/255 256/256
f 255/255 288/288 275/275
f 256/256 250/250 258/258
f 250/250 256/256 255/255
f 251/251 255/255 275/275
f 251/251 250/250 255/255
f 275/275 277/277 251/251
f 250/250 251/251 253/253
f 481/481 504/504 502/502
f 479/479 481/481 502/502
f 479/479 477/477 481/481
f 502/502 515/515 479/479
f 477/477 479/479 480/480
f 483/483 480/480 479/479
f 479/479 515/515 483/483
f 480/480 483/483 485/485
f 515/515 501/501 483/483
f 515/515 498/498 501/501
f 501/501 486/486 484/484
f 486/486 501/501 514/514
f 501/501 487/487 514/514
f 488/488 501/501 498/498
f 487/487 501/501 488/488
f 493/493 488/488 498/498
f 487/487 488/488 489/489
f 493/493 489/489 488/488
f 487/487 489/489 491/491
f 489/489 493/493 495/495
f 699/699 696/696 701/701
f 696/696 699/699 693/693
f 693/693 694/694 696/696
f 699/699 704/704 693/693
f 694/694 693/693 698/698
f 693/693 704/704 707/707
f 707/707 698/698 693/693
f 698/698 707/707 720/720
f 707/707 692/692 720/720
f 692/692 707/707 690/690
f 721/721 707/707 704/704
f 707/707 721/721 689/689
f 721/721 688/688 689/689
f 688/688 721/721 708/708
f 689/689 683/683 691/691
f 683/683 689/689 688/688
f 684/684 688/688 708/708
f 684/684 683/683 688/688
f 708/708 710/710 684/684
f 683/683 684/684 686/686
f 1360/1360 1357/1357 1362/1362
f 1357/1357 1360/1360 1354/1354
f 1354/1354 1355/1355 1357/1357
f 1360/1360 1365/1365 1354/1354
f 1355/1355 1354/1354 1359/1359
f 1354/1354 1365/1365 1368/1368
f 1368/1368 1359/1359 1354/1354
f 1359/1359 1368/1368 1381/1381
f 1368/1368 1353/1353 1381/1381
f 1351/1351 1353/1353 1368/1368
f 1382/1382 1368/1368 1365/1365
f 1368/1368 1382/1382 1350/1350
f 1382/1382 1349/1349 1350/1350
f 1349/1349 1382/1382 1369/1369
f 1350/1350 1344/1344 1352/1352
f 1350/1350 1349/1349 1344/1344
f 1345/1345 1349/1349 1369/1369
f 1345/1345 1344/1344 1349/1349
f 1369/1369 1371/1371 1345/1345
f 1344/1344 1345/1345 1347/1347
f 1596/1596 1598/1598 1575/1575
f 1575/1575 1571/1571 1596/1596
f 1572/1572 1571/1571 1575/1575
f 1571/1571 1609/1609 1596/1596
f 1571/1571 1572/1572 1574/1574
f 1577/1577 1571/1571 1574/1574
f 1609/1609 1571/1571 1577/1577
f 1577/1577 1574/1574 1579/1579
f 1595/1595 1609/1609 1577/1577
f 1609/1609 1595/1595 1592/1592
f 1595/1595 1578/1578 1580/1580
f 1595/1595 1580/1580 1608/1608
f 1582/1582 1595/1595 1608/1608
f 1581/1581 1592/1592 1595/1595
f 1595/1595 1582/1582 1581/1581
f 1587/1587 1592/1592 1581/1581
f 1581/1581 1582/1582 1583/1583
f 1583/1583 1587/1587 1581/1581
f 1582/1582 1585/1585 1583/1583
f 1587/1587 1583/1583 1589/1589
f 1793/1793 1790/1790 1795/1795
f 1790/1790 1793/1793 1787/1787
f 1787/1787 1788/1788 1790/1790
f 1793/1793 1798/1798 1787/1787
f 1788/1788 1787/1787 1792/1792
f 1787/1787 1798/1798 1801/1801
f 1801/1801 1792/1792 1787/1787
f 1792/1792 1801/1801 1814/1814
f 1801/1801 1786/1786 1814/1814
f 1786/1786 1801/1801 1784/1784
f 1815/1815 1801/1801 1798/1798
f 1801/1801 1815/1815 1783/1783
f 1815/1815 1782/1782 1783/1783
f 1782/1782 1815/1815 1802/1802
f 1783/1783 1777/1777 1785/1785
f 1777/1777 1783/1783 1782/1782
f 1778/1778 1782/1782 1802/1802
f 1778/1778 1777/1777 1782/1782
f 1802/1802 1804/1804 1778/1778
f 1777/1777 1778/1778 1780/1780
f 2029/2029 2031/2031 2008/2008
f 2008/2008 2004/2004 2029/2029
f 2005/2005 2004/2004 2008/2008
f 2004/2004 2042/2042 2029/2029
f 2004/2004 2005/2005 2007/2007
f 2007/2007 2010/2010 2004/2004
f 2042/2042 2004/2004 2010/2010
f 2010/2010 2007/2007 2012/2012
f 2028/2028 2042/2042 2010/2010
f 2042/2042 2028/2028 2025/2025
f 2013/2013 2028/2028 2011/2011
f 2028/2028 2013/2013 2041/2041
f 2015/2015 2028/2028 2041/2041
f 2014/2014 2025/2025 2028/2028
f 2028/2028 2015/2015 2014/2014
f 2020/2020 2025/2025 2014/2014
f 2014/2014 2015/2015 2016/2016
f 2016/2016 2020/2020 2014/2014
f 2015/2015 2018/2018 2016/2016
f 2020/2020 2016/2016 2022/2022
f 2234/2234 2236/2236 2213/2213
f 2213/2213 2209/2209 2234/2234
f 2210/2210 2209/2209 2213/2213
f 2209/2209 2247/2247 2234/2234
f 2209/2209 2210/2210 2212/2212
f 2209/2209 2212/2212 2215/2215
f 2247/2247 2209/2209 2215/2215
f 2212/2212 2217/2217 2215/2215
f 2233/2233 2247/2247 2215/2215
f 2247/2247 2233/2233 2230/2230
f 2216/2216 2218/2218 2233/2233
f 2218/2218 2246/2246 2233/2233
f 2220/2220 2233/2233 2246/2246
f 2219/2219 2230/2230 2233/2233
f 2233/2233 2220/2220 2219/2219
f 2225/2225 2230/2230 2219/2219
f 2219/2219 2220/2220 2221/2221
f 2221/2221 2225/2225 2219/2219
f 2220/2220 2223/2223 2221/2221
f 2225/2225 2221/2221 2227/2227
f 2431/2431 2428/2428 2433/2433
f 2428/2428 2431/2431 2425/2425
f 2425/2425 2426/2426 2428/2428
f 2431/2431 2436/2436 2425/2425
f 2426/2426 2425/2425 2430/2430
f 2425/2425 2436/2436 2439/2439
f 2439/2439 2430/2430 2425/2425
f 2430/2430 2439/2439 2452/2452
f 2439/2439 2424/2424 2452/2452
f 2424/2424 2439/2439 2422/2422
f 2453/2453 2439/2439 2436/2436
f 2439/2439 2453/2453 2421/2421
f 2453/2453 2420/2420 2421/2421
f 2420/2420 2453/2453 2440/2440
f 2421/2421 2415/2415 2423/2423
f 2415/2415 2421/2421 2420/2420
f 2416/2416 2420/2420 2440/2440
f 2416/2416 2415/2415 2420/2420
f 2440/2440 2442/2442 2416/2416
f 2415/2415 2416/2416 2418/2418
f 2796/2796 2793/2793 2798/2798
f 2793/2793 2796/2796 2790/2790
f 2790/2790 2791/2791 2793/2793
f 2796/2796 2801/2801 2790/2790
f 2791/2791 2790/2790 2795/2795
f 2790/2790 2801/2801 2804/2804
f 2804/2804 2795/2795 2790/2790
f 2795/2795 2804/2804 2817/2817
f 2818/2818 2804/2804 2801/2801
f 2804/2804 2789/2789 2817/2817
f 2789/2789 2804/2804 2788/2788
f 2804/2804 2818/2818 2788/2788
f 2788/2788 2785/2785 2789/2789
f 2818/2818 2782/2782 2788/2788
f 2785/2785 2788/2788 2782/2782
f 2782/2782 2783/2783 2785/2785
f 2782/2782 2818/2818 2805/2805
f 2783/2783 2782/2782 2786/2786
f 2786/2786 2782/2782 2805/2805
f 2805/2805 2807/2807 2786/2786
f 2700/2700 2855/2855 2697/2697
f 2697/2697 2694/2694 2700/2700
f 2971/2971 2697/2697 2756/2756
f 2970/2970 2697/2697 2971/2971
f 2694/2694 2697/2697 2661/2661
f 2661/2661 2697/2697 2970/2970
f 2661/2661 2692/2692 2694/2694
f 2661/2661 2970/2970 2969/2969
f 2661/2661 2654/2654 2692/2692
f 2968/2968 2661/2661 2969/2969
f 2655/2655 2654/2654 2661/2661
f 2662/2662 2661/2661 2968/2968
f 2662/2662 2655/2655 2661/2661
f 2972/2972 2662/2662 2968/2968
f 2662/2662 2972/2972 2754/2754
f 2654/2654 2655/2655 2658/2658
f 2655/2655 2662/2662 2665/2665
f 2671/2671 2654/2654 2658/2658
f 2671/2671 2665/2665 2662/2662
f 2671/2671 2658/2658 2668/2668
f 2668/2668 2665/2665 2671/2671
f 315/315 317/317 321/321
f 228/228 321/321 317/317
f 228/228 219/219 321/321
f 228/228 317/317 206/206
f 219/219 228/228 216/216
f 209/209 206/206 317/317
f 216/216 213/213 219/219
f 206/206 209/209 211/211
f 219/219 213/213 211/211
f 206/206 211/211 213/213
f 427/427 430/430 431/431
f 427/427 429/429 430/430
f 427/427 433/433 429/429
f 429/429 433/433 469/469
f 429/429 469/469 430/430
f 469/469 471/471 430/430
f 546/546 548/548 549/549
f 460/460 549/549 548/548
f 447/447 460/460 548/548
f 549/549 460/460 438/438
f 460/460 447/447 444/444
f 436/436 549/549 438/438
f 444/444 447/447 441/441
f 434/434 436/436 438/438
f 447/447 434/434 441/441
f 434/434 438/438 441/441
f 748/748 750/750 754/754
f 665/665 754/754 750/750
f 665/665 652/652 754/754
f 665/665 750/750 639/639
f 652/652 665/665 649/649
f 642/642 639/639 750/750
f 649/649 646/646 652/652
f 639/639 642/642 644/644
f 652/652 646/646 644/644
f 639/639 644/644 646/646
f 862/862 860/860 864/864
f 860/860 862/862 863/863
f 860/860 863/863 866/866
f 863/863 902/902 866/866
f 862/862 902/902 863/863
f 902/902 862/862 904/904
f 979/979 981/981 985/985
f 893/893 985/985 981/981
f 893/893 880/880 985/985
f 893/893 981/981 867/867
f 880/880 893/893 877/877
f 870/870 867/867 981/981
f 877/877 874/874 880/880
f 867/867 870/870 872/872
f 880/880 874/874 872/872
f 867/867 872/872 874/874
f 1118/1118 1116/1116 1120/1120
f 1116/1116 1118/1118 1119/1119
f 1119/1119 1141/1141 1116/1116
f 1141/1141 1119/1119 1144/1144
f 1118/1118 1122/1122 1119/1119
f 1122/1122 1144/1144 1119/1119
f 1122/1122 1118/1118 1124/1124
f 1144/1144 1122/1122 1154/1154
f 1137/1137 1154/1154 1122/1122
f 1154/1154 1137/1137 1138/1138
f 1137/1137 1135/1135 1138/1138
f 1125/1125 1137/1137 1123/1123
f 1137/1137 1125/1125 1153/1153
f 1129/1129 1137/1137 1153/1153
f 1135/1135 1137/1137 1128/1128
f 1137/1137 1129/1129 1128/1128
f 1132/1132 1135/1135 1128/1128
f 1126/1126 1128/1128 1129/1129
f 1128/1128 1130/1130 1132/1132
f 1128/1128 1126/1126 1130/1130
f 1181/1181 1183/1183 1187/1187
f 1098/1098 1187/1187 1183/1183
f 1098/1098 1085/1085 1187/1187
f 1098/1098 1183/1183 1072/1072
f 1085/1085 1098/1098 1082/1082
f 1075/1075 1072/1072 1183/1183
f 1082/1082 1079/1079 1085/1085
f 1072/1072 1075/1075 1077/1077
f 1085/1085 1079/1079 1077/1077
f 1072/1072 1077/1077 1079/1079
f 1409/1409 1411/1411 1415/1415
f 1326/1326 1415/1415 1411/1411
f 1326/1326 1313/1313 1415/1415
f 1326/1326 1411/1411 1300/1300
f 1313/1313 1326/1326 1310/1310
f 1303/1303 1300/1300 1411/1411
f 1310/1310 1307/1307 1313/1313
f 1300/1300 1303/1303 1305/1305
f 1313/1313 1307/1307 1305/1305
f 1300/1300 1305/1305 1307/1307
f 1523/1523 1521/1521 1525/1525
f 1521/1521 1523/1523 1524/1524
f 1521/1521 1524/1524 1527/1527
f 1524/1524 1563/1563 1527/1527
f 1523/1523 1563/1563 1524/1524
f 1563/1563 1523/1523 1565/1565
f 1640/1640 1642/1642 1646/1646
f 1554/1554 1646/1646 1642/1642
f 1554/1554 1541/1541 1646/1646
f 1554/1554 1642/1642 1528/1528
f 1541/1541 1554/1554 1538/1538
f 1531/1531 1528/1528 1642/1642
f 1538/1538 1535/1535 1541/1541
f 1528/1528 1531/1531 1533/1533
f 1541/1541 1535/1535 1533/1533
f 1528/1528 1533/1533 1535/1535
f 1842/1842 1844/1844 1848/1848
f 1755/1755 1848/1848 1844/1844
f 1755/1755 1746/1746 1848/1848
f 1755/1755 1844/1844 1733/1733
f 1746/1746 1755/1755 1743/1743
f 1736/1736 1733/1733 1844/1844
f 1743/1743 1740/1740 1746/1746
f 1733/1733 1736/1736 1738/1738
f 1746/1746 1740/1740 1738/1738
f 1733/1733 1738/1738 1740/1740
f 1956/1956 1954/1954 1958/1958
f 1954/1954 1956/1956 1957/1957
f 1954/1954 1957/1957 1960/1960
f 1957/1957 1996/1996 1960/1960
f 1956/1956 1996/1996 1957/1957
f 1996/1996 1956/1956 1998/1998
f 2073/2073 2075/2075 2079/2079
f 1987/1987 2079/2079 2075/2075
f 1987/1987 1974/1974 2079/2079
f 1987/1987 2075/2075 1961/1961
f 1974/1974 1987/1987 1971/1971
f 1964/1964 1961/1961 2075/2075
f 1971/1971 1968/1968 1974/1974
f 1961/1961 1964/1964 1966/1966
f 1974/1974 1968/1968 1966/1966
f 1961/1961 1966/1966 1968/1968
f 2161/2161 2159/2159 2163/2163
f 2159/2159 2161/2161 2162/2162
f 2159/2159 2162/2162 2165/2165
f 2162/2162 2201/2201 2165/2165
f 2161/2161 2201/2201 2162/2162
f 2201/2201 2161/2161 2203/2203
f 2278/2278 2280/2280 2284/2284
f 2188/2188 2284/2284 2280/2280
f 2188/2188 2179/2179 2284/2284
f 2188/2188 2280/2280 2166/2166
f 2179/2179 2188/2188 2176/2176
f 2169/2169 2166/2166 2280/2280
f 2176/2176 2173/2173 2179/2179
f 2166/2166 2169/2169 2171/2171
f 2179/2179 2173/2173 2171/2171
f 2166/2166 2171/2171 2173/2173
f 2480/2480 2482/2482 2486/2486
f 2393/2393 2486/2486 2482/2482
f 2393/2393 2384/2384 2486/2486
f 2393/2393 2482/2482 2371/2371
f 2384/2384 2393/2393 2381/2381
f 2374/2374 2371/2371 2482/2482
f 2381/2381 2378/2378 2384/2384
f 2371/2371 2374/2374 2376/2376
f 2384/2384 2378/2378 2376/2376
f 2371/2371 2376/2376 2378/2378
o village_empire_burned.1
v 0.77230144 -0.14405337 0.26020843
v 0.77230144 -0.14405337 0.26020843
v 0.77230144 -0.14405337 0.26020843
v 0.6026149 -0.14307581 0.32088357
v 0.6026149 -0.14307581 0.32088357
v 0.602358 -0.16902773 0.32162657
v 0.602358 -0.16902773 0.32162657
v 0.79535353 -0.1679317 0.2670141
v 0.79535353 -0.1679317 0.2670141
v 0.8015286 -0.15988587 0.26412094
v 0.8015286 -0.15988587 0.26412094
v 0.8028488 -0.026565704 0.23689567
v 0.8028488 -0.026565704 0.23689567
v 0.7749773 -0.027983602 0.23238555
v 0.7749773 -0.027983602 0.23238555
v 0.60565186 0.1637841 0.31984663
v 0.60565186 0.1637841 0.31984663
v 0.7693001 0.16399264 0.25782564
v 0.7693001 0.16399264 0.25782564
v 0.7693001 0.16399264 0.25782564
v 0.6059085 0.18971147 0.3205649
v 0.6059085 0.18971147 0.3205649
v 0.7925588 0.18767937 0.25782564
v 0.7925588 0.18767937 0.25782564
v 0.7986637 0.17960285 0.2549325
v 0.7986637 0.17960285 0.2549325
v 0.80243474 0.11485743 0.24615832
v 0.80243474 0.11485743 0.24615832
v 0.7735954 0.11485633 0.24760488
v 0.7735954 0.11485633 0.24760488
v 0.7786589 0.07012754 0.21966541
v 0.7786589 0.07012754 0.21966541
v 0.80580807 0.07002178 0.2278772
v 0.80580807 0.07002178 0.2278772
v 0.6812539 0.0353716 0.24068335
v 0.6812539 0.0353716 0.24068335
v 0.6812539 0.0353716 0.24068335
v 0.67337424 0.038388528 0.24364322
v 0.67337424 0.038388528 0.24364322
v 0.67337424 0.038388528 0.24364322
v 0.6755585 0.030974895 0.23555478
v 0.6755585 0.030974895 0.23555478
v 0.6676792 0.03399108 0.23851457
v 0.6676792 0.03399108 0.23851457
v 0.6813025 0.14521123 0.1280097
v 0.6813025 0.14521123 0.1280097
v 0.67560685 0.14081354 0.12288102
v 0.6891826 0.14219357 0.12504977
v 0.6891826 0.14219357 0.12504977
v 0.6834868 0.13779612 0.11992131
v 0.4294284 -0.14228198 0.26020846
v 0.4294284 -0.14228198 0.26020846
v 0.4294284 -0.14228198 0.26020846
v 0.40940607 -0.16572215 0.26701415
v 0.40940607 -0.16572215 0.26701415
v 0.40339094 -0.15760653 0.26412097
v 0.40339094 -0.15760653 0.26412097
v 0.4290501 -0.026194714 0.23238558
v 0.4290501 -0.026194714 0.23238558
v 0.4047097 -0.024286333 0.23689571
v 0.4047097 -0.024286333 0.23689571
v 0.4192391 0.18981667 0.25782567
v 0.4192391 0.18981667 0.25782567
v 0.43852645 0.16569477 0.25782567
v 0.43852645 0.16569477 0.25782567
v 0.43852645 0.16569477 0.25782567
v 0.412975 0.18181095 0.25493252
v 0.412975 0.18181095 0.25493252
v 0.40792292 0.11711607 0.24615836
v 0.40792292 0.11711607 0.24615836
v 0.43325913 0.11661318 0.2476049
v 0.43325913 0.11661318 0.2476049
v 0.4273107 0.07194744 0.21966545
v 0.4273107 0.07194744 0.21966545
v 0.4036625 0.07232408 0.22787726
v 0.4036625 0.07232408 0.22787726
v 0.560312 0.04493846 0.23851457
v 0.560312 0.04493846 0.23851457
v 0.5532305 0.046036445 0.24364324
v 0.5532305 0.046036445 0.24364324
v 0.5532305 0.046036445 0.24364324
v 0.55486614 0.038464367 0.23555478
v 0.55486614 0.038464367 0.23555478
v 0.54778457 0.039561488 0.24068335
v 0.54778457 0.039561488 0.24068335
v 0.54778457 0.039561488 0.24068335
v 0.49521905 0.13601625 0.1280097
v 0.49521905 0.13601625 0.1280097
v 0.50230116 0.13491827 0.12288104
v 0.48977295 0.12954032 0.1250498
v 0.48977295 0.12954032 0.1250498
v 0.49685502 0.12844266 0.11992133
v 0.54241836 0.012717807 0.1761391
v 0.58580065 -0.02847603 0.1883986
v 0.5869443 0.012062911 0.19658566
v 0.5412746 -0.027820982 0.17341009
v 0.5049229 0.083723046 0.17531538
v 0.5435619 0.053256594 0.17341009
v 0.63236207 0.10206673 0.15735944
v 0.68523407 0.009891449 0.1883986
v 0.68409044 -0.030647647 0.18566959
v 0.73221636 0.00931772 0.15735942
v 0.7074366 -0.06188467 0.1573594
v 0.4801773 0.013721976 0.17531538
v 0.5009546 -0.05696161 0.17531538
v 0.62721604 -0.08035819 0.15735942
v 0.60459775 0.1738497 0.1155827
v 0.42243728 0.17417896 0.11558271
v 0.41793078 0.0144261485 0.115582705
v 0.41342443 -0.14532726 0.1155827
v 0.5954496 -0.15046197 0.115582675
v 0.7774747 -0.15559652 0.11558266
v 0.7867587 0.17352045 0.115582675
v 0.711473 0.081203096 0.15735942
v 0.7821168 0.008962193 0.11558267
v 0.58808786 0.052601695 0.18839861
v 0.68637764 0.050430387 0.18566959
v 0.64248633 0.045816146 0.3325126
v 0.64248633 0.045816146 0.3325126
v 0.64248633 0.045816146 0.3325126
v 0.64141923 0.05546214 0.32550606
v 0.64141923 0.05546214 0.32550606
v 0.636114 0.051321518 0.33013391
v 0.636114 0.051321518 0.33013391
v 0.6477909 0.04995662 0.32788518
v 0.6477909 0.04995662 0.32788518
v 0.6477909 0.04995662 0.32788518
v 0.6106624 -0.050086435 0.19580974
v 0.6106624 -0.050086435 0.19580974
v 0.60429 -0.04458076 0.19343093
v 0.6053572 -0.054226756 0.20043774
v 0.6053572 -0.054226756 0.20043774
v 0.59898514 -0.048721846 0.19805887
v 0.65857613 0.022517808 0.31759918
v 0.5672242 0.0033649364 0.17552249
v 0.5711557 0.009892952 0.17258364
v 0.65464455 0.015989793 0.3205374
v 0.46288997 0.024783244 0.30464703
v 0.46288997 0.024783244 0.30464703
v 0.46288997 0.024783244 0.30464703
v 0.4530736 0.025678474 0.29785767
v 0.4530736 0.025678474 0.29785767
v 0.45683557 0.019590067 0.30289164
v 0.45683557 0.019590067 0.30289164
v 0.45683557 0.019590067 0.30289164
v 0.4591273 0.030871501 0.29961327
v 0.4591273 0.030871501 0.29961327
v 0.55038685 -0.03193841 0.17063875
v 0.55038685 -0.03193841 0.17063875
v 0.5466243 -0.025849238 0.16560508
v 0.54433197 -0.037131436 0.16888341
v 0.54433197 -0.037131436 0.16888341
v 0.54056954 -0.031041965 0.16384983
v 0.53666973 0.025948565 0.26606268
v 0.53666973 0.025948565 0.26606268
v 0.53666973 0.025948565 0.26606268
v 0.5393532 0.018866047 0.26911777
v 0.5393532 0.018866047 0.26911777
v 0.5393532 0.018866047 0.26911777
v 0.54362774 0.026300738 0.26076916
v 0.54362774 0.026300738 0.26076916
v 0.54631174 0.01921944 0.26382416
v 0.54631174 0.01921944 0.26382416
v 0.4528339 -0.065397754 0.14976494
v 0.4528339 -0.065397754 0.14976494
v 0.45979282 -0.065044664 0.14447129
v 0.4501502 -0.058314778 0.1467098
v 0.4501502 -0.058314778 0.1467098
v 0.45710918 -0.057961687 0.14141637
v 0.72849923 0.12668759 0.30966005
v 0.72849923 0.12668759 0.30966005
v 0.73258376 0.13530087 0.3024212
v 0.73258376 0.13530087 0.3024212
v 0.73258376 0.13530087 0.3024212
v 0.7251146 0.13332486 0.30507082
v 0.7251146 0.13332486 0.30507082
v 0.7251146 0.13332486 0.30507082
v 0.73596734 0.12866282 0.30701077
v 0.73596734 0.12866282 0.30701077
v 0.7048771 0.03058664 0.17140529
v 0.7048771 0.03058664 0.17140529
v 0.7082604 0.023949066 0.175995
v 0.7123463 0.032562956 0.16875573
v 0.7123463 0.032562956 0.16875573
v 0.71573 0.025925081 0.17334539
v 0.73258185 -0.030192167 0.14910778
v 0.6911594 0.09650905 0.2546483
v 0.6830278 0.093276314 0.2546131
v 0.7407125 -0.026958063 0.14914295
v 0.6887427 0.046172295 0.3325126
v 0.6887427 0.046172295 0.3325126
v 0.6887427 0.046172295 0.3325126
v 0.68217546 0.039027367 0.32550606
v 0.68217546 0.039027367 0.32550606
v 0.68878317 0.037751276 0.33013391
v 0.68878317 0.037751276 0.33013391
v 0.6821357 0.047447927 0.32788518
v 0.6821357 0.047447927 0.32788518
v 0.6821357 0.047447927 0.32788518
v 0.78197235 0.07681254 0.19343095
v 0.7819325 0.085233405 0.19580974
v 0.7819325 0.085233405 0.19580974
v 0.7885399 0.08395763 0.20043774
v 0.7885399 0.08395763 0.20043774
v 0.7885803 0.075536914 0.19805887
v 0.7144456 0.020133477 0.30464697
v 0.7144456 0.020133477 0.30464697
v 0.7144456 0.020133477 0.30464697
v 0.7202238 0.012147485 0.29785764
v 0.7202238 0.012147485 0.29785764
v 0.72233886 0.018984646 0.30289158
v 0.72233886 0.018984646 0.30289158
v 0.72233886 0.018984646 0.30289158
v 0.7123312 0.013296014 0.2996132
v 0.7123312 0.013296014 0.2996132
v 0.6996716 0.12335519 0.17063874
v 0.6996716 0.12335519 0.17063874
v 0.69755673 0.11651727 0.16560508
v 0.70756555 0.12220636 0.16888341
v 0.70756555 0.12220636 0.16888341
v 0.7054499 0.11536798 0.16384982
v 0.6278939 -0.066428736 0.26606268
v 0.6278939 -0.066428736 0.26606268
v 0.6278939 -0.066428736 0.26606268
v 0.6314667 -0.059750423 0.26911777
v 0.6314667 -0.059750423 0.26911777
v 0.6314667 -0.059750423 0.26911777
v 0.62305415 -0.061416835 0.26076916
v 0.62305415 -0.061416835 0.26076916
v 0.62662613 -0.054738976 0.26382414
v 0.62662613 -0.054738976 0.26382414
v 0.75184053 -0.06955679 0.1497649
v 0.75184053 -0.06955679 0.1497649
v 0.74699986 -0.06454504 0.14447126
v 0.748267 -0.076235265 0.14670977
v 0.748267 -0.076235265 0.14670977
v 0.7434264 -0.071223356 0.14141634
v 0.42587787 0.0119065 0.30966005
v 0.42587787 0.0119065 0.30966005
v 0.4167016 0.009322269 0.30242124
v 0.4167016 0.009322269 0.30242124
v 0.4167016 0.009322269 0.30242124
v 0.42310077 0.0049928944 0.30507082
v 0.42310077 0.0049928944 0.30507082
v 0.42310077 0.0049928944 0.30507082
v 0.41947985 0.016235875 0.3070108
v 0.41947985 0.016235875 0.3070108
v 0.5138247 0.057278957 0.1714053
v 0.5138247 0.057278957 0.1714053
v 0.5166025 0.06419195 0.17599502
v 0.50742555 0.06160879 0.16875574
v 0.50742555 0.06160879 0.16875574
v 0.5102032 0.06852178 0.1733454
v 0.5414138 0.118110105 0.14910781
v 0.47316507 0.00360648 0.25464833
v 0.4809465 -0.0003960505 0.2546131
v 0.5336318 0.12211156 0.14914297
v 0.65919167 0.06996591 0.20415686
v 0.65919167 0.06996591 0.20415686
v 0.6566552 -0.02468009 0.18008879
v 0.6835453 0.06509484 0.20431761
v 0.6835453 0.06509484 0.20431761
v 0.68090177 -0.0335488 0.18024954
v 0.66009134 0.10352838 0.25387236
v 0.66009134 0.10352838 0.25387236
v 0.6844983 0.10065608 0.25403312
v 0.6844983 0.10065608 0.25403312
v 0.66172826 0.16461238 0.2720055
v 0.68618894 0.16373882 0.27216628
v 0.52640617 0.046268225 0.2016847
v 0.5237625 -0.025997851 0.25532696
v 0.5237625 -0.025997851 0.25532696
v 0.5506527 0.037399665 0.20152394
v 0.54811615 -0.030868754 0.2551662
v 0.54811615 -0.030868754 0.2551662
v 0.5228093 -0.083160475 0.2540331
v 0.5228093 -0.083160475 0.2540331
v 0.5472166 -0.08603309 0.25387236
v 0.5472166 -0.08603309 0.25387236
v 0.521119 -0.14624351 0.27216625
v 0.5455795 -0.14711677 0.27200544
v 0.22123176 -0.5106012 0.15692928
v 0.22123176 -0.5106012 0.15692928
v 0.2150375 -0.6680719 0.23973967
v 0.2150375 -0.6680719 0.23973967
v 0.24605763 -0.53643787 0.15753782
v 0.24605763 -0.53643787 0.15753782
v 0.24605763 -0.53643787 0.15753782
v 0.24346647 -0.6685519 0.23973967
v 0.24346647 -0.6685519 0.23973967
v 0.4022509 -0.5090531 0.14719269
v 0.4022509 -0.5090531 0.14719269
v 0.229054 -0.5049489 0.15525322
v 0.229054 -0.5049489 0.15525322
v 0.3988257 -0.53901994 0.1477045
v 0.3988257 -0.53901994 0.1477045
v 0.23908034 -0.80059344 0.15929642
v 0.23908034 -0.80059344 0.15929642
v 0.23908034 -0.80059344 0.15929642
v 0.21218705 -0.8315696 0.1661021
v 0.21218705 -0.8315696 0.1661021
v 0.2208555 -0.8369233 0.16320893
v 0.2208555 -0.8369233 0.16320893
v 0.36658412 -0.8416509 0.1359837
v 0.36658412 -0.8416509 0.1359837
v 0.36592138 -0.8059787 0.13147356
v 0.36592138 -0.8059787 0.13147356
v 0.60729545 -0.6791368 0.23973966
v 0.60729545 -0.6791368 0.23973966
v 0.6099878 -0.52156734 0.15692925
v 0.6099878 -0.52156734 0.15692925
v 0.58374506 -0.5459632 0.15753779
v 0.58374506 -0.5459632 0.15753779
v 0.58374506 -0.5459632 0.15753779
v 0.5788846 -0.6780137 0.23973966
v 0.5788846 -0.6780137 0.23973966
v 0.44542617 -0.54033434 0.14770448
v 0.44542617 -0.54033434 0.14770448
v 0.45521232 -0.510547 0.14719269
v 0.45521232 -0.510547 0.14719269
v 0.6024966 -0.51548314 0.15525319
v 0.6024966 -0.51548314 0.15525319
v 0.5759223 -0.8064848 0.15691371
v 0.5759223 -0.8064848 0.15691371
v 0.5759223 -0.8064848 0.15691371
v 0.6010266 -0.8389277 0.1569137
v 0.6010266 -0.8389277 0.1569137
v 0.5920703 -0.84378415 0.15402055
v 0.5920703 -0.84378415 0.15402055
v 0.5221137 -0.80871856 0.14669293
v 0.5221137 -0.80871856 0.14669293
v 0.52120745 -0.84515697 0.14524639
v 0.52120745 -0.84515697 0.14524639
v 0.47310787 -0.8117112 0.11875346
v 0.47310787 -0.8117112 0.11875346
v 0.47211975 -0.84674126 0.12696525
v 0.47211975 -0.84674126 0.12696525
v 0.4149986 -0.53774893 0.13787119
v 0.4149986 -0.53774893 0.13787119
v 0.4158193 -0.5086545 0.13913216
v 0.4158193 -0.5086545 0.13913216
v 0.3540049 -0.6655495 0.052650064
v 0.3960352 -0.7054598 0.06452751
v 0.3971432 -0.66618395 0.072459444
v 0.3528968 -0.70482516 0.050006077
v 0.31767797 -0.5967572 0.051851988
v 0.3551126 -0.62627393 0.050006077
v 0.4411456 -0.57898486 0.034455597
v 0.49237004 -0.6682879 0.06452751
v 0.4912621 -0.7075635 0.06188354
v 0.5378883 -0.6688438 0.034455597
v 0.5138807 -0.73782724 0.034455612
v 0.29370326 -0.6645766 0.051852003
v 0.31383327 -0.73305774 0.051852003
v 0.43616015 -0.75572515 0.034455612
v 0.41424662 -0.50943893 -0.0060192645
v 0.2377626 -0.50912005 -0.0060192496
v 0.23339668 -0.66389465 -0.0060192347
v 0.22903079 -0.81866956 -0.0060192496
v 0.4053836 -0.8236442 -0.0060192645
v 0.58173627 -0.82861865 -0.0060192645
v 0.59073085 -0.50975794 -0.0060192645
v 0.5177913 -0.5991985 0.034455597
v 0.5862337 -0.66918826 -0.0060192794
v 0.39825112 -0.6269085 0.06452753
v 0.4934779 -0.6290121 0.061883554
v 0.45095444 -0.6334826 0.20415054
v 0.45095444 -0.6334826 0.20415054
v 0.45095444 -0.6334826 0.20415054
v 0.44992045 -0.6241372 0.19736236
v 0.44992045 -0.6241372 0.19736236
v 0.44478065 -0.6281489 0.20184599
v 0.44478065 -0.6281489 0.20184599
v 0.45609355 -0.6294711 0.19966732
v 0.45609355 -0.6294711 0.19966732
v 0.45609355 -0.6294711 0.19966732
v 0.4201221 -0.72639674 0.07170771
v 0.4201221 -0.72639674 0.07170771
v 0.4139484 -0.72106266 0.06940307
v 0.41498232 -0.7304079 0.0761915
v 0.41498232 -0.7304079 0.0761915
v 0.40880877 -0.7250745 0.07388675
v 0.46654278 -0.6560552 0.18970184
v 0.37803757 -0.67461085 0.05205266
v 0.38184673 -0.66828656 0.049205408
v 0.4627338 -0.66237956 0.19254853
v 0.2769548 -0.6538602 0.17715335
v 0.2769548 -0.6538602 0.17715335
v 0.2769548 -0.6538602 0.17715335
v 0.26744422 -0.65299284 0.17057557
v 0.26744422 -0.65299284 0.17057557
v 0.27108908 -0.65889156 0.17545265
v 0.27108908 -0.65889156 0.17545265
v 0.27108908 -0.65889156 0.17545265
v 0.27330938 -0.6479619 0.17227644
v 0.27330938 -0.6479619 0.17227644
v 0.36172497 -0.7088142 0.047321096
v 0.36172497 -0.7088142 0.047321096
v 0.35807973 -0.70291483 0.04244432
v 0.35585886 -0.7138454 0.045620486
v 0.35585886 -0.7138454 0.045620486
v 0.35221374 -0.7079457 0.04074374
v 0.34843534 -0.65273106 0.13977139
v 0.34843534 -0.65273106 0.13977139
v 0.34843534 -0.65273106 0.13977139
v 0.3510353 -0.65959287 0.14273128
v 0.3510353 -0.65959287 0.14273128
v 0.3510353 -0.65959287 0.14273128
v 0.3551765 -0.6523898 0.13464284
v 0.3551765 -0.6523898 0.13464284
v 0.35777682 -0.65925044 0.13760263
v 0.35777682 -0.65925044 0.13760263
v 0.26721206 -0.741231 0.027097777
v 0.26721206 -0.741231 0.027097777
v 0.27395406 -0.7408888 0.021969095
v 0.26461208 -0.7343687 0.02413787
v 0.26461208 -0.7343687 0.02413787
v 0.2713542 -0.73402673 0.019009396
v 0.53428686 -0.5551314 0.18201014
v 0.53428686 -0.5551314 0.18201014
v 0.5382441 -0.54678655 0.17499691
v 0.5382441 -0.54678655 0.17499691
v 0.5382441 -0.54678655 0.17499691
v 0.53100777 -0.548701 0.17756392
v 0.53100777 -0.548701 0.17756392
v 0.53100777 -0.548701 0.17756392
v 0.5415222 -0.5532177 0.17944343
v 0.5415222 -0.5532177 0.17944343
v 0.51140094 -0.6482375 0.048063755
v 0.51140094 -0.6482375 0.048063755
v 0.5146789 -0.65466833 0.052510455
v 0.5186374 -0.64632285 0.04549676
v 0.5186374 -0.64632285 0.04549676
v 0.52191556 -0.6527537 0.049943402
v 0.53824234 -0.7071223 0.02646111
v 0.49811065 -0.5843694 0.1287127
v 0.49023247 -0.5875015 0.1286786
v 0.54611963 -0.70398897 0.026495159
v 0.4957692 -0.6331374 0.20415054
v 0.4957692 -0.6331374 0.20415054
v 0.4957692 -0.6331374 0.20415054
v 0.4894066 -0.6400599 0.19736236
v 0.4894066 -0.6400599 0.19736236
v 0.49580845 -0.64129615 0.20184599
v 0.49580845 -0.64129615 0.20184599
v 0.4893682 -0.6319016 0.19966733
v 0.4893682 -0.6319016 0.19966733
v 0.4893682 -0.6319016 0.19966733
v 0.58609366 -0.6034521 0.06940304
v 0.5860549 -0.59529346 0.071707696
v 0.5860549 -0.59529346 0.071707696
v 0.59245646 -0.59652966 0.076191485
v 0.59245646 -0.59652966 0.076191485
v 0.5924957 -0.6046879 0.07388674
v 0.50980186 -0.6052648 0.19254854
v 0.5674258 -0.66233605 0.049205393
v 0.5025321 -0.6065519 0.18970186
v 0.57469547 -0.66104925 0.05205266
v 0.5206711 -0.6583651 0.1771533
v 0.5206711 -0.6583651 0.1771533
v 0.5206711 -0.6583651 0.1771533
v 0.5262693 -0.6661022 0.17057553
v 0.5262693 -0.6661022 0.17057553
v 0.52831846 -0.65947795 0.17545262
v 0.52831846 -0.65947795 0.17545262
v 0.52831846 -0.65947795 0.17545262
v 0.5186228 -0.66498953 0.17227641
v 0.5186228 -0.66498953 0.17227641
v 0.5063576 -0.5583599 0.047321096
v 0.5063576 -0.5583599 0.047321096
v 0.5043086 -0.5649848 0.042444304
v 0.51400554 -0.55947316 0.045620486
v 0.51400554 -0.55947316 0.045620486
v 0.51195586 -0.56609833 0.04074374
v 0.43681675 -0.7422295 0.13977139
v 0.43681675 -0.7422295 0.13977139
v 0.43681675 -0.7422295 0.13977139
v 0.44027823 -0.73575956 0.14273128
v 0.44027823 -0.73575956 0.14273128
v 0.44027823 -0.73575956 0.14273128
v 0.43212786 -0.73737395 0.13464284
v 0.43212786 -0.73737395 0.13464284
v 0.43558854 -0.73090434 0.13760261
v 0.43558854 -0.73090434 0.13760261
v 0.556901 -0.7452604 0.027097762
v 0.556901 -0.7452604 0.027097762
v 0.552211 -0.7404047 0.02196908
v 0.55343866 -0.7517307 0.02413784
v 0.55343866 -0.7517307 0.02413784
v 0.54874897 -0.746875 0.019009367
v 0.24109599 -0.6663357 0.18201016
v 0.24109599 -0.6663357 0.18201016
v 0.23220581 -0.66883916 0.17499694
v 0.23220581 -0.66883916 0.17499694
v 0.23220581 -0.66883916 0.17499694
v 0.23840553 -0.6730338 0.17756394
v 0.23840553 -0.6730338 0.17756394
v 0.23840553 -0.6730338 0.17756394
v 0.23489746 -0.66214144 0.17944346
v 0.23489746 -0.66214144 0.17944346
v 0.32630232 -0.62237704 0.04806377
v 0.32630232 -0.62237704 0.04806377
v 0.3289934 -0.6156797 0.05251047
v 0.3201026 -0.6181824 0.04549676
v 0.3201026 -0.6181824 0.04549676
v 0.32279363 -0.6114847 0.049943417
v 0.35303158 -0.5634415 0.02646114
v 0.28690964 -0.67437696 0.12871271
v 0.29444864 -0.6782546 0.12867862
v 0.3454921 -0.559565 0.026495188
v 0.46261564 -0.65729004 0.07979472
v 0.46261564 -0.65729004 0.07979472
v 0.4592295 -0.7773247 0.056476668
v 0.4951258 -0.66346747 0.07995047
v 0.4951258 -0.66346747 0.07995047
v 0.49159682 -0.7885721 0.056632414
v 0.4638164 -0.6147247 0.12796095
v 0.4638164 -0.6147247 0.12796095
v 0.49639803 -0.6183674 0.1281167
v 0.49639803 -0.6183674 0.1281167
v 0.46600157 -0.53725517 0.14552902
v 0.49865493 -0.53836316 0.14568478
v 0.56249785 -0.96220946 0.20289713
v 0.56249785 -0.96220946 0.20289713
v 0.5667864 -0.82664174 0.117723264
v 0.5667864 -0.82664174 0.117723264
v 0.54389715 -0.84730816 0.11824702
v 0.54389715 -0.84730816 0.11824702
v 0.54389715 -0.84730816 0.11824702
v 0.5380619 -0.96088755 0.20289713
v 0.5380619 -0.96088755 0.20289713
v 0.4125869 -0.8402054 0.10978374
v 0.4125869 -0.8402054 0.10978374
v 0.41147438 -0.81426966 0.10934322
v 0.41147438 -0.81426966 0.10934322
v 0.56041574 -0.8213121 0.11628071
v 0.56041574 -0.8213121 0.11628071
v 0.53256917 -1.102654 0.1197606
v 0.53256917 -1.102654 0.1197606
v 0.53256917 -1.102654 0.1197606
v 0.5537674 -1.1308877 0.12561806
v 0.5537674 -1.1308877 0.12561806
v 0.5459989 -1.1349552 0.123128
v 0.5459989 -1.1349552 0.123128
v 0.44124198 -1.132295 0.1289149
v 0.44124198 -1.132295 0.1289149
v 0.44895315 -1.0963469 0.12821905
v 0.44895315 -1.0963469 0.12821905
v 0.42180455 -1.1019834 0.099695966
v 0.42180455 -1.1019834 0.099695966
v 0.42454994 -1.0713992 0.095814206
v 0.42454994 -1.0713992 0.095814206
v 0.23236734 -0.8123402 0.11772323
v 0.23236734 -0.8123402 0.11772323
v 0.225066 -0.94777906 0.2028971
v 0.225066 -0.94777906 0.2028971
v 0.25340867 -0.83488536 0.118247
v 0.25340867 -0.83488536 0.118247
v 0.25340867 -0.83488536 0.118247
v 0.24952567 -0.94854796 0.2028971
v 0.24952567 -0.94854796 0.2028971
v 0.36591557 -0.8123213 0.10934322
v 0.36591557 -0.8123213 0.10934322
v 0.23916972 -0.80757374 0.11628068
v 0.23916972 -0.80757374 0.11628068
v 0.37249988 -0.83849084 0.10978374
v 0.37249988 -0.83849084 0.10978374
v 0.24423146 -1.0590224 0.11770986
v 0.24423146 -1.0590224 0.11770986
v 0.24423146 -1.0590224 0.11770986
v 0.22069997 -1.0853435 0.11770987
v 0.22069997 -1.0853435 0.11770987
v 0.22809285 -1.0900592 0.11521981
v 0.22809285 -1.0900592 0.11521981
v 0.28884542 -1.0955606 0.10766809
v 0.28884542 -1.0955606 0.10766809
v 0.29029027 -1.0642227 0.10891312
v 0.29029027 -1.0642227 0.10891312
v 0.3321797 -1.0697813 0.08486636
v 0.3321797 -1.0697813 0.08486636
v 0.33089086 -1.0999155 0.091934025
v 0.33089086 -1.0999155 0.091934025
v 0.3987798 -0.83812755 0.101320475
v 0.3987798 -0.83812755 0.101320475
v 0.39985022 -0.8130996 0.10240576
v 0.39985022 -0.8130996 0.10240576
v 0.43089694 -0.93053824 0.08285561
v 0.38570455 -0.92810404 0.07035737
v 0.3842597 -0.96189004 0.07263297
v 0.42945206 -0.9643243 0.0896824
v 0.34887612 -1.0187329 0.071946084
v 0.41793203 -1.0399892 0.056973517
v 0.38281476 -0.99567604 0.07035738
v 0.46880156 -0.9326607 0.080580026
v 0.4673567 -0.9664468 0.0828556
v 0.5064683 -0.96874636 0.05697353
v 0.490066 -0.90805906 0.056973502
v 0.33243102 -0.9590469 0.0719461
v 0.35389045 -0.9014831 0.071946114
v 0.42443395 -0.8879522 0.05697353
v 0.3905964 -1.098054 0.022137895
v 0.23906392 -1.0875616 0.02213788
v 0.2504517 -0.82127815 0.022137895
v 0.2504517 -0.82127815 0.022137895
v 0.24475774 -0.95441973 0.02213788
v 0.55385923 -0.83425343 0.02213791
v 0.55385923 -0.83425343 0.02213791
v 0.40215546 -0.8277658 0.022137895
v 0.40215546 -0.8277658 0.022137895
v 0.54799414 -0.9714 0.022137925
v 0.48496598 -1.0273114 0.056973517
v 0.54212904 -1.1085466 0.02213791
v 0.42800722 -0.9981104 0.08285561
v 0.46591175 -1.0002329 0.08058001
v 0.40259814 -0.81741524 0.010506928
v 0.554302 -0.82390285 0.010506958
v 0.25089416 -0.8109275 0.010506928
v 0.38830495 -0.8965406 0.15836534
v 0.38830495 -0.8965406 0.15836534
v 0.38830495 -0.8965406 0.15836534
v 0.3897628 -0.8885807 0.15252292
v 0.3897628 -0.8885807 0.15252292
v 0.38413763 -0.8927834 0.15450673
v 0.38413763 -0.8927834 0.15450673
v 0.38413763 -0.8927834 0.15450673
v 0.39393067 -0.89233845 0.15638188
v 0.39393067 -0.89233845 0.15638188
v 0.40910676 -0.9781892 0.044375375
v 0.40910676 -0.9781892 0.044375375
v 0.41473216 -0.97398645 0.042391807
v 0.4132744 -0.98194635 0.048234433
v 0.4132744 -0.98194635 0.048234433
v 0.41889983 -0.9777443 0.046250805
v 0.44839573 -0.93629795 0.027458802
v 0.37354526 -0.9149684 0.14592972
v 0.4455114 -0.93063617 0.025008217
v 0.37642932 -0.9206303 0.14837982
v 0.54117084 -0.92932737 0.13366583
v 0.54117084 -0.92932737 0.13366583
v 0.54117084 -0.92932737 0.13366583
v 0.54465985 -0.9244854 0.12946823
v 0.54465985 -0.9244854 0.12946823
v 0.53644186 -0.92464983 0.13512954
v 0.53644186 -0.92464983 0.13512954
v 0.53644186 -0.92464983 0.13512954
v 0.5399315 -0.91980857 0.13093215
v 0.5399315 -0.91980857 0.13093215
v 0.46031374 -0.96665674 0.023386478
v 0.46031374 -0.96665674 0.023386478
v 0.463803 -0.9618147 0.01918912
v 0.46504298 -0.9713341 0.021922812
v 0.46504298 -0.9713341 0.021922812
v 0.4685322 -0.96649164 0.017725497
v 0.4724935 -0.9250521 0.105503425
v 0.4724935 -0.9250521 0.105503425
v 0.4724935 -0.9250521 0.105503425
v 0.4751445 -0.91932 0.10295593
v 0.4751445 -0.91932 0.10295593
v 0.4751445 -0.91932 0.10295593
v 0.46937776 -0.91861564 0.09854191
v 0.46937776 -0.91861564 0.09854191
v 0.46672678 -0.924347 0.10108933
v 0.46672678 -0.924347 0.10108933
v 0.5394763 -1.0002527 0.0059808046
v 0.5394763 -1.0002527 0.0059808046
v 0.533709 -0.9995476 0.0015666932
v 0.54212695 -0.99451995 0.0034332722
v 0.54212695 -0.99451995 0.0034332722
v 0.53635967 -0.99381506 -0.0009806454
v 0.31865475 -0.8167863 0.13327357
v 0.31865475 -0.8167863 0.13327357
v 0.31865475 -0.8167863 0.13327357
v 0.32154325 -0.8241919 0.13930967
v 0.32154325 -0.8241919 0.13930967
v 0.32475066 -0.81887144 0.1354829
v 0.32475066 -0.81887144 0.1354829
v 0.32475066 -0.81887144 0.1354829
v 0.31544843 -0.82210773 0.13710058
v 0.31544843 -0.82210773 0.13710058
v 0.33551094 -0.9055205 0.024025649
v 0.33551094 -0.9055205 0.024025649
v 0.33230454 -0.9108414 0.027852803
v 0.3294153 -0.90343523 0.021816313
v 0.3294153 -0.90343523 0.021816313
v 0.32620862 -0.9087564 0.025643408
v 0.35081705 -0.8514999 0.09343799
v 0.30887535 -0.9544359 0.0054328293
v 0.3573895 -0.85466945 0.09340866
v 0.30230364 -0.95126545 0.00546214
v 0.7465142 -0.6567811 0.1443595
v 0.7465142 -0.6567811 0.1443595
v 0.7465142 -0.6567811 0.1443595
v 0.83624583 -0.6802414 0.20652828
v 0.83624583 -0.6802414 0.20652828
v 0.83657306 -0.6587407 0.20652826
v 0.83657306 -0.6587407 0.20652826
v 0.7289021 -0.6755567 0.14389926
v 0.7289021 -0.6755567 0.14389926
v 0.72784674 -0.53865296 0.13653553
v 0.72784674 -0.53865296 0.13653553
v 0.7482744 -0.54124343 0.13692261
v 0.7482744 -0.54124343 0.13692261
v 0.725049 -0.6696408 0.14263165
v 0.725049 -0.6696408 0.14263165
v 0.9265824 -0.66205794 0.14568952
v 0.9265824 -0.66205794 0.14568952
v 0.9265824 -0.66205794 0.14568952
v 0.947698 -0.68239725 0.15083659
v 0.947698 -0.68239725 0.15083659
v 0.9513475 -0.6758413 0.14864853
v 0.9513475 -0.6758413 0.14864853
v 0.9545702 -0.5656276 0.12805824
v 0.9545702 -0.5656276 0.12805824
v 0.9302534 -0.5661288 0.124647245
v 0.9302534 -0.5661288 0.124647245
v 0.8437885 -0.38357902 0.20652823
v 0.8437885 -0.38357902 0.20652823
v 0.7363775 -0.38154277 0.14389923
v 0.7363775 -0.38154277 0.14389923
v 0.75300753 -0.40139 0.14435947
v 0.75300753 -0.40139 0.14435947
v 0.75300753 -0.40139 0.14435947
v 0.8430229 -0.40506598 0.20652825
v 0.8430229 -0.40506598 0.20652825
v 0.73223 -0.3872083 0.14263164
v 0.73223 -0.3872083 0.14263164
v 0.72886515 -0.49859858 0.13653553
v 0.72886515 -0.49859858 0.13653553
v 0.7491705 -0.5059998 0.1369226
v 0.7491705 -0.5059998 0.1369226
v 0.9305984 -0.40730634 0.14388749
v 0.9305984 -0.40730634 0.14388749
v 0.9305984 -0.40730634 0.14388749
v 0.9527139 -0.38832012 0.14388749
v 0.9527139 -0.38832012 0.14388749
v 0.95602447 -0.39509374 0.1416994
v 0.95602447 -0.39509374 0.1416994
v 0.9569603 -0.44868687 0.13506356
v 0.9569603 -0.44868687 0.13506356
v 0.93212116 -0.44800147 0.13615757
v 0.93212116 -0.44800147 0.13615757
v 0.9341612 -0.48506436 0.11502711
v 0.9341612 -0.48506436 0.11502711
v 0.95804024 -0.48581165 0.12123764
v 0.95804024 -0.48581165 0.12123764
v 0.74740803 -0.529012 0.12948573
v 0.74740803 -0.529012 0.12948573
v 0.727575 -0.5283913 0.1304394
v 0.727575 -0.5283913 0.1304394
v 0.8349589 -0.54251593 0.08001521
v 0.8345264 -0.57514113 0.065033495
v 0.8617322 -0.54335386 0.07401633
v 0.86129963 -0.5759792 0.06303388
v 0.7876324 -0.602615 0.064429924
v 0.80775326 -0.5743034 0.063033864
v 0.7755175 -0.50923705 0.051273137
v 0.88379633 -0.45422804 0.051273122
v 0.8367721 -0.43607128 0.051273122
v 0.86316633 -0.47133437 0.07201673
v 0.8363931 -0.47049648 0.07401635
v 0.8338632 -0.6207469 0.064429924
v 0.88054514 -0.60552275 0.064429924
v 0.89599687 -0.51300764 0.051273137
v 0.7281098 -0.5295808 0.020662233
v 0.7278924 -0.66305465 0.020662233
v 0.83339834 -0.6663565 0.020662233
v 0.9389043 -0.6696585 0.020662233
v 0.94568646 -0.40290928 0.020662218
v 0.94229543 -0.53628385 0.020662233
v 0.83700687 -0.39950794 0.020662218
v 0.7283273 -0.39610666 0.020662218
v 0.7892966 -0.45127052 0.051273122
v 0.80961984 -0.46965858 0.07201673
v 0.8081858 -0.54167795 0.07401633
v 0.8126672 -0.5018188 0.17961241
v 0.8126672 -0.5018188 0.17961241
v 0.8126672 -0.5018188 0.17961241
v 0.8062967 -0.5026008 0.17447856
v 0.8062967 -0.5026008 0.17447856
v 0.80903137 -0.50648797 0.1778695
v 0.80903137 -0.50648797 0.1778695
v 0.8099327 -0.49793208 0.17622179
v 0.8099327 -0.49793208 0.17622179
v 0.8099327 -0.49793208 0.17622179
v 0.87600446 -0.5251371 0.07944667
v 0.87600446 -0.5251371 0.07944667
v 0.87236834 -0.52980626 0.07770367
v 0.87873876 -0.5290243 0.08283773
v 0.87873876 -0.5290243 0.08283773
v 0.8751031 -0.5336933 0.08109468
v 0.8280543 -0.4900294 0.16868494
v 0.8407033 -0.5569654 0.06458169
v 0.83639216 -0.55408454 0.06242831
v 0.8323656 -0.49291015 0.1708379
v 0.82253736 -0.6361706 0.15550622
v 0.82253736 -0.6361706 0.15550622
v 0.8259668 -0.6406065 0.15421987
v 0.8259668 -0.6406065 0.15421987
v 0.82655805 -0.6334137 0.15919459
v 0.82655805 -0.6334137 0.15919459
v 0.82655805 -0.6334137 0.15919459
v 0.8299878 -0.63785 0.15790837
v 0.8299878 -0.63785 0.15790837
v 0.8299878 -0.63785 0.15790837
v 0.8640188 -0.5693025 0.061003253
v 0.8640188 -0.5693025 0.061003253
v 0.8599974 -0.5720594 0.057314947
v 0.86744845 -0.573739 0.059717074
v 0.86744845 -0.573739 0.059717074
v 0.8634268 -0.5764958 0.056028813
v 0.8302325 -0.57228845 0.12928262
v 0.8302325 -0.57228845 0.12928262
v 0.82555574 -0.5742551 0.12704416
v 0.82555574 -0.5742551 0.12704416
v 0.8304659 -0.57738703 0.1331614
v 0.8304659 -0.57738703 0.1331614
v 0.8304659 -0.57738703 0.1331614
v 0.8257884 -0.5793534 0.13092284
v 0.8257884 -0.5793534 0.13092284
v 0.8257884 -0.5793534 0.13092284
v 0.8861165 -0.6407821 0.045708448
v 0.8861165 -0.6407821 0.045708448
v 0.8858832 -0.6356832 0.041829675
v 0.8814386 -0.6427485 0.04346989
v 0.8814386 -0.6427485 0.04346989
v 0.88120556 -0.6376494 0.039591268
v 0.75356877 -0.43580207 0.1575637
v 0.75356877 -0.43580207 0.1575637
v 0.75356877 -0.43580207 0.1575637
v 0.7592572 -0.43879497 0.16286775
v 0.7592572 -0.43879497 0.16286775
v 0.75795275 -0.4333229 0.16092658
v 0.75795275 -0.4333229 0.16092658
v 0.75487375 -0.4412749 0.1595051
v 0.75487375 -0.4412749 0.1595051
v 0.75487375 -0.4412749 0.1595051
v 0.8227253 -0.45610347 0.061564893
v 0.8227253 -0.45610347 0.061564893
v 0.827109 -0.4536244 0.064927906
v 0.8214201 -0.45063055 0.059623495
v 0.8214201 -0.45063055 0.059623495
v 0.82580394 -0.44815135 0.06298646
v 0.77918804 -0.46615484 0.12255922
v 0.86286557 -0.43580347 0.04522693
v 0.8607297 -0.42984596 0.04525271
v 0.78132313 -0.47211307 0.12253344
v 0.81243193 -0.46792564 0.17961241
v 0.81243193 -0.46792564 0.17961241
v 0.81243193 -0.46792564 0.17961241
v 0.81715083 -0.4727377 0.17447855
v 0.81715083 -0.4727377 0.17447855
v 0.8179935 -0.46789595 0.1778695
v 0.8179935 -0.46789595 0.1778695
v 0.81158954 -0.47276667 0.1762218
v 0.81158954 -0.47276667 0.1762218
v 0.81158954 -0.47276667 0.1762218
v 0.7866347 -0.39964312 0.07944667
v 0.7866347 -0.39964312 0.07944667
v 0.7921963 -0.3996138 0.07770367
v 0.7874774 -0.39480162 0.08283773
v 0.7874774 -0.39480162 0.08283773
v 0.79303867 -0.394772 0.08109468
v 0.7934319 -0.4573128 0.1708379
v 0.8323359 -0.4137322 0.06242831
v 0.7943092 -0.46281093 0.16868496
v 0.83145875 -0.4082342 0.06458168
v 0.8303876 -0.44330883 0.15790835
v 0.8303876 -0.44330883 0.15790835
v 0.8303876 -0.44330883 0.15790835
v 0.82962894 -0.44909248 0.15919459
v 0.82962894 -0.44909248 0.15919459
v 0.82962894 -0.44909248 0.15919459
v 0.8349032 -0.4448586 0.15421985
v 0.8349032 -0.4448586 0.15421985
v 0.8341447 -0.45064163 0.1555062
v 0.8341447 -0.45064163 0.1555062
v 0.761458 -0.4599177 0.061003238
v 0.761458 -0.4599177 0.061003238
v 0.76597404 -0.46146736 0.057314947
v 0.76221687 -0.4541336 0.05971706
v 0.76221687 -0.4541336 0.05971706
v 0.7667331 -0.45568377 0.0560288
v 0.8867972 -0.5125111 0.13092282
v 0.8867972 -0.5125111 0.13092282
v 0.8867972 -0.5125111 0.13092282
v 0.88238686 -0.5098932 0.13316138
v 0.88238686 -0.5098932 0.13316138
v 0.88238686 -0.5098932 0.13316138
v 0.88348734 -0.51605725 0.12704414
v 0.88348734 -0.51605725 0.12704414
v 0.8790772 -0.51343995 0.12928262
v 0.8790772 -0.51343995 0.12928262
v 0.8888633 -0.42169204 0.045708433
v 0.8888633 -0.42169204 0.045708433
v 0.8855533 -0.42523906 0.041829646
v 0.89327395 -0.4243106 0.043469876
v 0.89327395 -0.4243106 0.043469876
v 0.88996387 -0.4278574 0.039591238
v 0.8367688 -0.66725713 0.15756372
v 0.8367688 -0.66725713 0.15756372
v 0.8367688 -0.66725713 0.15756372
v 0.83506227 -0.66053355 0.16286778
v 0.83506227 -0.66053355 0.16286778
v 0.83220315 -0.6652214 0.1609266
v 0.83220315 -0.6652214 0.1609266
v 0.8396282 -0.6625683 0.15950513
v 0.8396282 -0.6625683 0.15950513
v 0.8396282 -0.6625683 0.15950513
v 0.80509686 -0.59609246 0.061564907
v 0.80509686 -0.59609246 0.061564907
v 0.8005314 -0.59405714 0.06492792
v 0.8022374 -0.6007812 0.059623495
v 0.8022374 -0.6007812 0.059623495
v 0.7976718 -0.598746 0.06298648
v 0.84318715 -0.6201832 0.12253344
v 0.76227945 -0.5815794 0.04525271
v 0.8405438 -0.62588495 0.122559234
v 0.7649219 -0.57587737 0.04522696
v 0.82889616 -0.49299943 0.08556284
v 0.82889616 -0.49299943 0.08556284
v 0.91072077 -0.4955604 0.067927554
v 0.83310723 -0.46841228 0.085680634
v 0.83310723 -0.46841228 0.085680634
v 0.9183878 -0.47108126 0.06804533
v 0.7998805 -0.49209136 0.12199067
v 0.7998805 -0.49209136 0.12199067
v 0.80236363 -0.46745008 0.12210847
v 0.80236363 -0.46745008 0.12210847
v 0.7478267 -0.46574318 0.1353951
v 0.7470715 -0.49043876 0.1352773
v 0.9787065 -0.72391766 0.12021165
v 0.9787065 -0.72391766 0.12021165
v 0.9787065 -0.72391766 0.12021165
v 1.0774922 -0.74166024 0.20095578
v 1.0774922 -0.74166024 0.20095578
v 1.0763557 -0.71835184 0.20095575
v 1.0763557 -0.71835184 0.20095575
v 0.9609386 -0.7457508 0.11971207
v 0.9609386 -0.7457508 0.11971207
v 0.9503019 -0.59760535 0.111718684
v 0.9503019 -0.59760535 0.111718684
v 0.9563565 -0.73967415 0.11833608
v 0.9563565 -0.73967415 0.11833608
v 0.9725999 -0.59866655 0.11213886
v 0.9725999 -0.59866655 0.11213886
v 1.1982386 -0.7131124 0.121655405
v 1.1982386 -0.7131124 0.121655405
v 1.1982386 -0.7131124 0.121655405
v 1.2225125 -0.73333263 0.12724257
v 1.2225125 -0.73333263 0.12724257
v 1.2260094 -0.72592247 0.1248674
v 1.2260094 -0.72592247 0.1248674
v 1.2237225 -0.6259994 0.13038725
v 1.2237225 -0.6259994 0.13038725
v 1.1976622 -0.60745883 0.10251657
v 1.1976622 -0.60745883 0.10251657
v 1.1928163 -0.6333547 0.12972352
v 1.1928163 -0.6333547 0.12972352
v 1.1713676 -0.6100775 0.098813936
v 1.1713676 -0.6100775 0.098813936
v 0.9680261 -0.4468333 0.12021157
v 0.9680261 -0.4468333 0.12021157
v 0.9680261 -0.4468333 0.12021157
v 1.0650858 -0.4197984 0.20095566
v 1.0650858 -0.4197984 0.20095566
v 0.948643 -0.4267628 0.11971196
v 0.948643 -0.4267628 0.11971196
v 1.0657468 -0.4431294 0.20095566
v 1.0657468 -0.4431294 0.20095566
v 0.9445451 -0.43325135 0.11833597
v 0.9445451 -0.43325135 0.11833597
v 0.94862664 -0.55414873 0.11171867
v 0.94862664 -0.55414873 0.11171867
v 0.97112584 -0.5604292 0.112138845
v 0.97112584 -0.5604292 0.112138845
v 1.1607268 -0.43807954 0.119699225
v 1.1607268 -0.43807954 0.119699225
v 1.1607268 -0.43807954 0.119699225
v 1.183356 -0.4156339 0.11969921
v 1.183356 -0.4156339 0.11969921
v 1.1874104 -0.42268562 0.11732405
v 1.1874104 -0.42268562 0.11732405
v 1.1921403 -0.48063493 0.11012082
v 1.1921403 -0.48063493 0.11012082
v 1.1651976 -0.4820131 0.11130839
v 1.1651976 -0.4820131 0.11130839
v 1.1699767 -0.52196956 0.08837123
v 1.1699767 -0.52196956 0.08837123
v 1.1958845 -0.5207402 0.09511278
v 1.1958845 -0.5207402 0.09511278
v 0.9708135 -0.58549654 0.10406612
v 0.9708135 -0.58549654 0.10406612
v 0.9492959 -0.5865175 0.10510133
v 0.9492959 -0.5865175 0.10510133
v 1.0772177 -0.5716465 0.04496552
v 1.0481703 -0.5730247 0.042794928
v 1.0502632 -0.6161317 0.054716453
v 1.0793105 -0.61475354 0.061228245
v 1.1260881 -0.5378956 0.044310316
v 1.1062651 -0.5702683 0.042794928
v 1.1443632 -0.6037651 0.030028641
v 1.052088 -0.6522873 0.052545875
v 1.0831125 -0.6882161 0.030028671
v 1.0811354 -0.6509091 0.054716483
v 1.0309367 -0.6725705 0.030028671
v 1.0747732 -0.52220935 0.044310316
v 1.0252831 -0.5426786 0.044310316
v 1.0136501 -0.60996693 0.030028641
v 1.185263 -0.43315047 -0.0031996071
v 1.194284 -0.5776908 -0.0031995624
v 0.9563272 -0.4440128 -0.0031996071
v 0.9563272 -0.4440128 -0.0031996071
v 1.070795 -0.4385815 -0.0031996071
v 0.96190494 -0.5887165 -0.0031995624
v 0.96190494 -0.5887165 -0.0031995624
v 0.9674826 -0.73342025 -0.0031995177
v 0.9674826 -0.73342025 -0.0031995177
v 1.0853937 -0.72782576 -0.0031995177
v 1.1334634 -0.6677059 0.030028671
v 1.2033048 -0.72223127 -0.0031995177
v 1.1083579 -0.61337537 0.054716453
v 1.1101828 -0.64953077 0.052545875
v 0.95300615 -0.58913875 -0.0142938495
v 0.95858383 -0.73384255 -0.014293775
v 0.94742835 -0.44443476 -0.014293894
v 1.0210338 -0.5755051 0.15847874
v 1.0210338 -0.5755051 0.15847874
v 1.0210338 -0.5755051 0.15847874
v 1.0141903 -0.5768956 0.15290594
v 1.0141903 -0.5768956 0.15290594
v 1.017421 -0.5808711 0.15658681
v 1.017421 -0.5808711 0.15658681
v 1.0178035 -0.57153 0.1547982
v 1.0178035 -0.57153 0.1547982
v 1.0178035 -0.57153 0.1547982
v 1.0912308 -0.595347 0.04974863
v 1.0912308 -0.595347 0.04974863
v 1.0876174 -0.60071284 0.047856584
v 1.094461 -0.5993224 0.05342962
v 1.094461 -0.5993224 0.05342962
v 1.0908483 -0.60468817 0.05153753
v 1.036877 -0.5614264 0.14661697
v 1.055215 -0.6328231 0.03361264
v 1.0503473 -0.63007194 0.031275153
v 1.0417448 -0.5641774 0.14895397
v 1.0450592 -0.72464526 0.13091509
v 1.0450592 -0.72464526 0.13091509
v 1.049222 -0.7213173 0.13491899
v 1.049222 -0.7213173 0.13491899
v 1.049222 -0.7213173 0.13491899
v 1.0452006 -0.7168065 0.13631517
v 1.0452006 -0.7168065 0.13631517
v 1.0452006 -0.7168065 0.13631517
v 1.0410383 -0.7201351 0.13231143
v 1.0410383 -0.7201351 0.13231143
v 1.0813159 -0.6441912 0.029728234
v 1.0813159 -0.6441912 0.029728234
v 1.0771528 -0.6475194 0.025724575
v 1.0853372 -0.6487022 0.028332114
v 1.0853372 -0.6487022 0.028332114
v 1.0811739 -0.65203047 0.024328485
v 1.0406183 -0.65833753 0.10562612
v 1.0406183 -0.65833753 0.10562612
v 1.0406183 -0.65833753 0.10562612
v 1.0455465 -0.65580887 0.108056076
v 1.0455465 -0.65580887 0.108056076
v 1.0455465 -0.65580887 0.108056076
v 1.0400127 -0.6528369 0.10141578
v 1.0400127 -0.6528369 0.10141578
v 1.0449402 -0.65030825 0.10384565
v 1.0449402 -0.65030825 0.10384565
v 1.1101998 -0.719701 0.013125733
v 1.1101998 -0.719701 0.013125733
v 1.1095936 -0.7141998 0.00891529
v 1.1052711 -0.72222936 0.010695741
v 1.1052711 -0.72222936 0.010695741
v 1.104665 -0.7167281 0.006485492
v 0.9524654 -0.50906867 0.13454479
v 0.9524654 -0.50906867 0.13454479
v 0.9524654 -0.50906867 0.13454479
v 0.9588324 -0.5118239 0.14030237
v 0.9588324 -0.5118239 0.14030237
v 0.95704055 -0.5060103 0.13819519
v 0.95704055 -0.5060103 0.13819519
v 0.9542582 -0.5148833 0.13665217
v 0.9542582 -0.5148833 0.13665217
v 0.9542582 -0.5148833 0.13665217
v 1.0287542 -0.52514714 0.030337885
v 1.0287542 -0.52514714 0.030337885
v 1.0333288 -0.5220887 0.03398843
v 1.0269613 -0.51933277 0.028230473
v 1.0269613 -0.51933277 0.028230473
v 1.0315362 -0.5162741 0.03188099
v 0.9823103 -0.53974694 0.09654735
v 1.070809 -0.4997406 0.012603
v 1.0680832 -0.49347216 0.012630954
v 0.9850353 -0.5460161 0.096519366
v 0.95296043 0.5349514 0.13633662
v 0.95296043 0.5349514 0.13633662
v 0.95296043 0.5349514 0.13633662
v 0.8784814 0.4684999 0.1970061
v 0.8784814 0.4684999 0.1970061
v 0.89546585 0.45617482 0.1970061
v 0.89546585 0.45617482 0.1970061
v 0.94888866 0.56108123 0.13588747
v 0.94888866 0.56108123 0.13588747
v 1.0589844 0.4853861 0.12870133
v 1.0589844 0.4853861 0.12870133
v 1.0442277 0.46871874 0.12907907
v 1.0442277 0.46871874 0.12907907
v 0.9560106 0.5611871 0.13465047
v 0.9560106 0.5611871 0.13465047
v 0.8369167 0.37820205 0.13763455
v 0.8369167 0.37820205 0.13763455
v 0.8369167 0.37820205 0.13763455
v 0.8075444 0.3708593 0.14265752
v 0.8075444 0.3708593 0.14265752
v 0.8105188 0.36395293 0.14052221
v 0.8105188 0.36395293 0.14052221
v 0.9113224 0.3212504 0.11709976
v 0.9113224 0.3212504 0.11709976
v 0.89662194 0.2994032 0.120428495
v 0.89662194 0.2994032 0.120428495
v 1.1109483 0.2957553 0.19700608
v 1.1109483 0.2957553 0.19700608
v 1.17928 0.38987866 0.13588746
v 1.17928 0.38987866 0.13588746
v 1.1530868 0.38623878 0.1363366
v 1.1530868 0.38623878 0.1363366
v 1.1530868 0.38623878 0.1363366
v 1.0942471 0.30846152 0.19700608
v 1.0942471 0.30846152 0.19700608
v 1.0903714 0.46206266 0.12870133
v 1.0903714 0.46206266 0.12870133
v 1.0718449 0.44819662 0.12907909
v 1.0718449 0.44819662 0.12907909
v 1.1773267 0.39672834 0.13465044
v 1.1773267 0.39672834 0.13465044
v 1.0380703 0.2320445 0.135876
v 1.0380703 0.2320445 0.135876
v 1.0380703 0.2320445 0.135876
v 1.0395138 0.20180278 0.135876
v 1.0395138 0.20180278 0.135876
v 1.0320431 0.20265818 0.1337407
v 1.0320431 0.20265818 0.1337407
v 0.98861974 0.23182665 0.12726486
v 0.98861974 0.23182665 0.12726486
v 1.0045931 0.25347286 0.1283325
v 1.0045931 0.25347286 0.1283325
v 0.9736984 0.27240923 0.107711636
v 0.9736984 0.27240923 0.107711636
v 0.9582717 0.25164908 0.11377238
v 0.9582717 0.25164908 0.11377238
v 1.0545435 0.46264067 0.12182156
v 1.0545435 0.46264067 0.12182156
v 1.0673563 0.47988316 0.122752234
v 1.0673563 0.47988316 0.122752234
v 0.989378 0.39255023 0.0735441
v 0.96356606 0.41119564 0.05892366
v 0.9720815 0.36927402 0.06768991
v 0.9462695 0.3879195 0.056972295
v 0.97072554 0.46816438 0.058334664
v 0.9808624 0.43447188 0.05697228
v 1.0528951 0.42664143 0.045495167
v 1.0296263 0.29981765 0.045495167
v 1.0733435 0.33136037 0.045495167
v 1.028763 0.32768956 0.065738484
v 1.0460595 0.35096574 0.067689896
v 0.92752075 0.43731138 0.058334664
v 0.9107008 0.38738745 0.05833468
v 0.9750612 0.32189846 0.045495167
v 1.0660734 0.48007467 0.015622467
v 0.95950985 0.5549786 0.015622497
v 0.8913494 0.46325335 0.0156225115
v 0.8231888 0.37152797 0.015622497
v 1.0322154 0.2162016 0.015622482
v 0.9277021 0.29386473 0.015622497
v 1.1024263 0.31068605 0.015622467
v 1.1726371 0.4051705 0.015622467
v 1.0906763 0.3819742 0.045495167
v 1.0633559 0.37424207 0.0657385
v 1.0066744 0.41582635 0.067689896
v 1.0357547 0.3895409 0.17073935
v 1.0357547 0.3895409 0.17073935
v 1.0357547 0.3895409 0.17073935
v 1.0390857 0.39562857 0.16572931
v 1.0390857 0.39562857 0.16572931
v 1.0342801 0.39537904 0.16903849
v 1.0342801 0.39537904 0.16903849
v 1.0405598 0.38979053 0.1674305
v 1.0405598 0.38979053 0.1674305
v 1.0405598 0.38979053 0.1674305
v 0.9763062 0.35225758 0.0712883
v 0.9777806 0.34641922 0.07298927
v 0.9777806 0.34641922 0.07298927
v 0.97297513 0.34616992 0.07629855
v 0.97297513 0.34616992 0.07629855
v 0.9715006 0.35200787 0.07459752
v 1.0306432 0.3670838 0.16217645
v 0.97923994 0.39775458 0.05638133
v 1.0356233 0.36929494 0.16007544
v 0.97425973 0.39554358 0.05848275
v 0.92222464 0.4559897 0.14721453
v 0.92222464 0.4559897 0.14721453
v 0.9165489 0.455431 0.1459592
v 0.9165489 0.455431 0.1459592
v 0.9219316 0.4508805 0.15081395
v 0.9219316 0.4508805 0.15081395
v 0.9219316 0.4508805 0.15081395
v 0.9162554 0.4503218 0.14955875
v 0.9162554 0.4503218 0.14955875
v 0.9162554 0.4503218 0.14955875
v 0.9499182 0.38177058 0.054990634
v 0.9499182 0.38177058 0.054990634
v 0.95021176 0.38688034 0.051391274
v 0.94424176 0.38121217 0.053735465
v 0.94424176 0.38121217 0.053735465
v 0.94453555 0.38632205 0.050136164
v 0.96851313 0.4134071 0.12162335
v 0.96851313 0.4134071 0.12162335
v 0.9698453 0.41865572 0.119438864
v 0.9698453 0.41865572 0.119438864
v 0.9642923 0.41605404 0.12540857
v 0.9642923 0.41605404 0.12540857
v 0.9642923 0.41605404 0.12540857
v 0.9656253 0.42130315 0.12322401
v 0.9656253 0.42130315 0.12322401
v 0.9656253 0.42130315 0.12322401
v 0.87905455 0.40218237 0.040064678
v 0.87905455 0.40218237 0.040064678
v 0.8832756 0.39953518 0.03627944
v 0.8803878 0.4074318 0.037880108
v 0.8803878 0.4074318 0.037880108
v 0.8846086 0.40478438 0.034095004
v 1.1252294 0.405003 0.14922237
v 1.1252294 0.405003 0.14922237
v 1.1252294 0.405003 0.14922237
v 1.1193042 0.4016331 0.15439855
v 1.1193042 0.4016331 0.15439855
v 1.1244886 0.3997271 0.15250416
v 1.1244886 0.3997271 0.15250416
v 1.120044 0.406909 0.15111698
v 1.120044 0.406909 0.15111698
v 1.120044 0.406909 0.15111698
v 1.0660532 0.35503146 0.05553873
v 1.0660532 0.35503146 0.05553873
v 1.0653125 0.34975588 0.058820635
v 1.0712388 0.3531256 0.053644136
v 1.0712388 0.3531256 0.053644136
v 1.0704981 0.34784982 0.056926027
v 1.0850554 0.39927086 0.11506209
v 1.057353 0.3080682 0.0395948
v 1.063442 0.30662778 0.039619938
v 1.0789666 0.40071246 0.11503693
v 1.0629948 0.37077802 0.17073935
v 1.0629948 0.37077802 0.17073935
v 1.0629948 0.37077802 0.17073935
v 1.0562177 0.36928633 0.16572931
v 1.0562177 0.36928633 0.16572931
v 1.0595648 0.36582884 0.16903847
v 1.0595648 0.36582884 0.16903847
v 1.059648 0.37423497 0.16743052
v 1.059648 0.37423497 0.16743052
v 1.059648 0.37423497 0.16743052
v 1.1336002 0.35543692 0.07298927
v 1.1336002 0.35543692 0.07298927
v 1.1301699 0.35048795 0.07128829
v 1.1369472 0.35197958 0.076298535
v 1.1369472 0.35197958 0.076298535
v 1.1335173 0.34703067 0.07459751
v 1.078338 0.38398817 0.16007544
v 1.098896 0.32049116 0.058482736
v 1.0939562 0.32279065 0.0563813
v 1.0832781 0.38168877 0.16217646
v 1.0715227 0.341074 0.14955872
v 1.0715227 0.341074 0.14955872
v 1.0715227 0.341074 0.14955872
v 1.0673704 0.34498417 0.15081394
v 1.0673704 0.34498417 0.15081394
v 1.0673704 0.34498417 0.15081394
v 1.0674795 0.3379366 0.14595917
v 1.0674795 0.3379366 0.14595917
v 1.0633277 0.34184632 0.1472145
v 1.0633277 0.34184632 0.1472145
v 1.101052 0.41150457 0.054990605
v 1.101052 0.41150457 0.054990605
v 1.0970087 0.4083667 0.05139126
v 1.1052046 0.40759394 0.05373545
v 1.1052046 0.40759394 0.05373545
v 1.1011608 0.40445617 0.05013615
v 0.98117125 0.32977965 0.123224005
v 0.98117125 0.32977965 0.123224005
v 0.98117125 0.32977965 0.123224005
v 0.9860029 0.3322258 0.12540856
v 0.9860029 0.3322258 0.12540856
v 0.9860029 0.3322258 0.12540856
v 0.980392 0.33470017 0.11943885
v 0.980392 0.33470017 0.11943885
v 0.98522305 0.3371465 0.121623345
v 0.98522305 0.3371465 0.121623345
v 1.0524887 0.2771119 0.040064678
v 1.0524887 0.2771119 0.040064678
v 1.0517088 0.28203294 0.036279425
v 1.0476563 0.27466577 0.037880093
v 1.0476563 0.27466577 0.037880093
v 1.0468767 0.27958676 0.034095004
v 0.8885362 0.4607682 0.1492224
v 0.8885362 0.4607682 0.1492224
v 0.8885362 0.4607682 0.1492224
v 0.8949709 0.45851827 0.15439856
v 0.8949709 0.45851827 0.15439856
v 0.89299893 0.46367803 0.15250418
v 0.89299893 0.46367803 0.15250418
v 0.8905087 0.45560765 0.151117
v 0.8905087 0.45560765 0.151117
v 0.8905087 0.45560765 0.151117
v 0.96509385 0.44902414 0.05553876
v 0.96509385 0.44902414 0.05553876
v 0.9695561 0.45193404 0.05882065
v 0.9631214 0.45418474 0.053644165
v 0.9631214 0.45418474 0.053644165
v 0.96758366 0.45709482 0.056926027
v 0.91926473 0.43426228 0.115062095
v 1.0062032 0.4733401 0.039594814
v 1.0032859 0.47887537 0.039619952
v 0.9221811 0.4287264 0.11503694
v 1.0327263 0.37021077 0.07895793
v 1.0327263 0.37021077 0.07895793
v 0.9798647 0.2990738 0.06174794
v 1.0497662 0.3527135 0.07907288
v 1.0497662 0.3527135 0.07907288
v 0.9946719 0.27857175 0.061862886
v 1.0696276 0.37944147 0.114622205
v 1.0696276 0.37944147 0.114622205
v 1.0514715 0.39543658 0.11450726
v 1.0514715 0.39543658 0.11450726
v 1.1048604 0.426855 0.1275884
v 1.085588 0.44134802 0.12747346
v 0.77905875 0.8404836 0.23987031
v 0.77905875 0.8404836 0.23987031
v 0.77646756 0.7083695 0.15766847
v 0.77646756 0.7083695 0.15766847
v 0.77646756 0.7083695 0.15766847
v 0.8074878 0.8400036 0.23987031
v 0.8074878 0.8400036 0.23987031
v 0.80129343 0.6825329 0.15705991
v 0.80129343 0.6825329 0.15705991
v 0.6236995 0.7109516 0.14783514
v 0.6236995 0.7109516 0.14783514
v 0.6202743 0.68098474 0.14732333
v 0.6202743 0.68098474 0.14732333
v 0.7934712 0.67688054 0.15538386
v 0.7934712 0.67688054 0.15538386
v 0.783445 0.97252524 0.15942705
v 0.783445 0.97252524 0.15942705
v 0.783445 0.97252524 0.15942705
v 0.81033826 1.0035013 0.16623273
v 0.81033826 1.0035013 0.16623273
v 0.80166984 1.0088551 0.16333959
v 0.80166984 1.0088551 0.16333959
v 0.65660393 0.97791046 0.1316042
v 0.65660393 0.97791046 0.1316042
v 0.6559411 1.0135826 0.13611434
v 0.6559411 1.0135826 0.13611434
v 0.4387802 0.71789503 0.15766844
v 0.4387802 0.71789503 0.15766844
v 0.4387802 0.71789503 0.15766844
v 0.44364068 0.8499454 0.23987028
v 0.44364068 0.8499454 0.23987028
v 0.41522977 0.8510685 0.23987028
v 0.41522977 0.8510685 0.23987028
v 0.4125374 0.6934991 0.1570599
v 0.4125374 0.6934991 0.1570599
v 0.56731284 0.6824787 0.14732331
v 0.56731284 0.6824787 0.14732331
v 0.577099 0.71226615 0.14783514
v 0.577099 0.71226615 0.14783514
v 0.42002857 0.6874149 0.15538383
v 0.42002857 0.6874149 0.15538383
v 0.446603 0.97841656 0.15704435
v 0.446603 0.97841656 0.15704435
v 0.446603 0.97841656 0.15704435
v 0.42149872 1.0108595 0.15704435
v 0.42149872 1.0108595 0.15704435
v 0.43045503 1.015716 0.1541512
v 0.43045503 1.015716 0.1541512
v 0.5013178 1.0170889 0.14537701
v 0.5013178 1.0170889 0.14537701
v 0.5004116 0.98065037 0.14682359
v 0.5004116 0.98065037 0.14682359
v 0.5504055 1.0186732 0.12709591
v 0.5504055 1.0186732 0.12709591
v 0.54941744 0.983643 0.118884094
v 0.54941744 0.983643 0.118884094
v 0.60752666 0.7096807 0.13800183
v 0.60752666 0.7096807 0.13800183
v 0.6067059 0.68058616 0.1392628
v 0.6067059 0.68058616 0.1392628
v 0.66962844 0.8767568 0.06507288
v 0.62649006 0.8773915 0.07959433
v 0.6685204 0.8374812 0.06771684
v 0.62538207 0.83811575 0.08752623
v 0.7048472 0.76868886 0.06691879
v 0.66741264 0.79820573 0.065072894
v 0.5813796 0.75091666 0.049522385
v 0.48463696 0.8407756 0.049522385
v 0.5312632 0.8794954 0.07695034
v 0.5086446 0.90975904 0.049522385
v 0.53015524 0.84021974 0.0795943
v 0.728822 0.8365082 0.066918775
v 0.70869195 0.9049895 0.066918805
v 0.58636516 0.92765695 0.049522415
v 0.6082786 0.6813705 0.009047538
v 0.7847626 0.6810516 0.009047538
v 0.7934945 0.990601 0.009047523
v 0.78912854 0.8358263 0.009047538
v 0.6171417 0.9955757 0.009047523
v 0.44078898 1.0005504 0.009047523
v 0.4362916 0.84111995 0.009047493
v 0.43179438 0.6816896 0.009047508
v 0.504734 0.77113026 0.049522385
v 0.62427413 0.7988402 0.079594314
v 0.5290473 0.8009439 0.07695036
v 0.5726048 0.796069 0.19749299
v 0.5726048 0.796069 0.19749299
v 0.5715708 0.80541426 0.20428117
v 0.5715708 0.80541426 0.20428117
v 0.5715708 0.80541426 0.20428117
v 0.5664317 0.80140287 0.19979794
v 0.5664317 0.80140287 0.19979794
v 0.5664317 0.80140287 0.19979794
v 0.5777446 0.8000807 0.20197661
v 0.5777446 0.8000807 0.20197661
v 0.60240316 0.8983285 0.07183835
v 0.60240316 0.8983285 0.07183835
v 0.60857683 0.89299446 0.06953369
v 0.60754293 0.9023397 0.07632214
v 0.60754293 0.9023397 0.07632214
v 0.6137165 0.8970062 0.074017406
v 0.5559825 0.8279869 0.18983248
v 0.6444877 0.8465426 0.052183315
v 0.6406786 0.84021825 0.049336046
v 0.55979145 0.8343113 0.19267917
v 0.7455704 0.82579184 0.17728399
v 0.7455704 0.82579184 0.17728399
v 0.7455704 0.82579184 0.17728399
v 0.74921584 0.81989354 0.17240709
v 0.74921584 0.81989354 0.17240709
v 0.755081 0.82492447 0.17070621
v 0.755081 0.82492447 0.17070621
v 0.7514362 0.8308232 0.17558329
v 0.7514362 0.8308232 0.17558329
v 0.7514362 0.8308232 0.17558329
v 0.6608003 0.8807458 0.04745175
v 0.6608003 0.8807458 0.04745175
v 0.6644455 0.8748465 0.042574972
v 0.66666645 0.885777 0.04575114
v 0.66666645 0.885777 0.04575114
v 0.6703115 0.8798773 0.04087439
v 0.66474843 0.8311822 0.13773325
v 0.66474843 0.8311822 0.13773325
v 0.6673488 0.8243215 0.13477348
v 0.6673488 0.8243215 0.13477348
v 0.67148995 0.83152455 0.14286193
v 0.67148995 0.83152455 0.14286193
v 0.67148995 0.83152455 0.14286193
v 0.6740899 0.82466286 0.13990203
v 0.6740899 0.82466286 0.13990203
v 0.6740899 0.82466286 0.13990203
v 0.7553132 0.9131625 0.02722843
v 0.7553132 0.9131625 0.02722843
v 0.74857116 0.9128203 0.022099733
v 0.7579132 0.9063003 0.024268478
v 0.7579132 0.9063003 0.024268478
v 0.75117105 0.90595835 0.01914002
v 0.48428106 0.71871835 0.17512755
v 0.48428106 0.71871835 0.17512755
v 0.48428106 0.71871835 0.17512755
v 0.48823833 0.7270632 0.18214077
v 0.48823833 0.7270632 0.18214077
v 0.481003 0.7251495 0.17957407
v 0.481003 0.7251495 0.17957407
v 0.49151745 0.7206328 0.17769456
v 0.49151745 0.7206328 0.17769456
v 0.49151745 0.7206328 0.17769456
v 0.51112425 0.8201693 0.048194394
v 0.51112425 0.8201693 0.048194394
v 0.50784636 0.8266002 0.052641094
v 0.5038878 0.81825453 0.0456274
v 0.5038878 0.81825453 0.0456274
v 0.5006097 0.8246856 0.050074026
v 0.48428297 0.879054 0.026591763
v 0.5244146 0.7563013 0.12884334
v 0.5322927 0.75943327 0.12880924
v 0.47640565 0.8759207 0.026625812
v 0.5331186 0.8119917 0.19749299
v 0.5331186 0.8119917 0.19749299
v 0.52675605 0.80506927 0.20428117
v 0.52675605 0.80506927 0.20428117
v 0.52675605 0.80506927 0.20428117
v 0.53315705 0.80383337 0.19979797
v 0.53315705 0.80383337 0.19979797
v 0.53315705 0.80383337 0.19979797
v 0.52671677 0.8132279 0.20197661
v 0.52671677 0.8132279 0.20197661
v 0.43643153 0.77538395 0.069533676
v 0.43647033 0.76722527 0.07183835
v 0.43647033 0.76722527 0.07183835
v 0.43006876 0.7684615 0.07632212
v 0.43006876 0.7684615 0.07632212
v 0.43002954 0.7766198 0.07401739
v 0.5127233 0.7771966 0.19267917
v 0.45509943 0.83426785 0.049336016
v 0.5199931 0.7784836 0.1898325
v 0.44782978 0.8329811 0.052183285
v 0.50390244 0.8369213 0.17240705
v 0.50390244 0.8369213 0.17240705
v 0.49625596 0.838034 0.17070618
v 0.49625596 0.838034 0.17070618
v 0.5018541 0.8302969 0.17728394
v 0.5018541 0.8302969 0.17728394
v 0.5018541 0.8302969 0.17728394
v 0.4942068 0.83140975 0.17558326
v 0.4942068 0.83140975 0.17558326
v 0.4942068 0.83140975 0.17558326
v 0.5161676 0.73029166 0.047451735
v 0.5161676 0.73029166 0.047451735
v 0.5182166 0.7369165 0.042574942
v 0.50851965 0.7314049 0.045751125
v 0.50851965 0.7314049 0.045751125
v 0.51056933 0.7380301 0.040874362
v 0.58570856 0.91416126 0.13990203
v 0.58570856 0.91416126 0.13990203
v 0.58570856 0.91416126 0.13990203
v 0.582247 0.9076914 0.14286192
v 0.582247 0.9076914 0.14286192
v 0.582247 0.9076914 0.14286192
v 0.5903974 0.9093057 0.13477346
v 0.5903974 0.9093057 0.13477346
v 0.5869367 0.90283614 0.13773325
v 0.5869367 0.90283614 0.13773325
v 0.46562427 0.91719216 0.0272284
v 0.46562427 0.91719216 0.0272284
v 0.47031426 0.9123364 0.022099718
v 0.46908662 0.9236624 0.024268478
v 0.46908662 0.9236624 0.024268478
v 0.4737763 0.9188066 0.019140005
v 0.79031944 0.84077084 0.17512757
v 0.79031944 0.84077084 0.17512757
v 0.79031944 0.84077084 0.17512757
v 0.7814293 0.8382673 0.1821408
v 0.7814293 0.8382673 0.1821408
v 0.7876278 0.83407307 0.1795741
v 0.7876278 0.83407307 0.1795741
v 0.7841197 0.84496546 0.17769457
v 0.7841197 0.84496546 0.17769457
v 0.7841197 0.84496546 0.17769457
v 0.69622296 0.7943088 0.04819441
v 0.69622296 0.7943088 0.04819441
v 0.6935318 0.7876113 0.052641124
v 0.7024226 0.790114 0.04562743
v 0.7024226 0.790114 0.04562743
v 0.6997316 0.78341645 0.05007407
v 0.7356156 0.84630865 0.12884335
v 0.6694936 0.7353731 0.026591763
v 0.6770331 0.7314967 0.026625842
v 0.7280766 0.8501862 0.12880926
v 0.5309285 0.9605039 0.056763068
v 0.5273994 0.8353993 0.080081105
v 0.5273994 0.8353993 0.080081105
v 0.5632957 0.9492565 0.05660732
v 0.5599096 0.82922184 0.07992536
v 0.5599096 0.82922184 0.07992536
v 0.55870885 0.7866565 0.1280916
v 0.55870885 0.7866565 0.1280916
v 0.5261272 0.7902991 0.12824734
v 0.5261272 0.7902991 0.12824734
v 0.5238703 0.71029496 0.14581542
v 0.5565236 0.7091869 0.14565966
v 0.25723603 0.50918394 0.11766525
v 0.25723603 0.50918394 0.11766525
v 0.25723603 0.50918394 0.11766525
v 0.27808908 0.63799846 0.21256554
v 0.27808908 0.63799846 0.21256554
v 0.2506942 0.63651645 0.21256554
v 0.2506942 0.63651645 0.21256554
v 0.28289694 0.486015 0.11707806
v 0.28289694 0.486015 0.11707806
v 0.10877836 0.47214475 0.10768331
v 0.10877836 0.47214475 0.10768331
v 0.110025585 0.50122094 0.108177155
v 0.110025585 0.50122094 0.108177155
v 0.2757549 0.48004007 0.11546083
v 0.2757549 0.48004007 0.11546083
v 0.24453622 0.7954492 0.119362116
v 0.24453622 0.7954492 0.119362116
v 0.24453622 0.7954492 0.119362116
v 0.26830134 0.8271018 0.12592885
v 0.26830134 0.8271018 0.12592885
v 0.25959215 0.8316617 0.12313726
v 0.25959215 0.8316617 0.12313726
v 0.14215034 0.8286795 0.12962487
v 0.14215034 0.8286795 0.12962487
v 0.1203593 0.7946975 0.096867874
v 0.1203593 0.7946975 0.096867874
v 0.15079531 0.7883785 0.1288448
v 0.15079531 0.7883785 0.1288448
v 0.12343714 0.76040983 0.092516065
v 0.12343714 0.76040983 0.092516065
v -0.068427324 0.4952567 0.11766522
v -0.068427324 0.4952567 0.11766522
v -0.068427324 0.4952567 0.11766522
v -0.07278061 0.6226825 0.21256551
v -0.07278061 0.6226825 0.21256551
v -0.100202024 0.6218205 0.21256551
v -0.100202024 0.6218205 0.21256551
v -0.09201658 0.46998158 0.117078036
v -0.09201658 0.46998158 0.117078036
v 0.0577029 0.46996036 0.1076833
v 0.0577029 0.46996036 0.1076833
v 0.06508446 0.4992988 0.10817716
v 0.06508446 0.4992988 0.10817716
v -0.08439046 0.4646379 0.1154608
v -0.08439046 0.4646379 0.1154608
v -0.07871592 0.7465343 0.11706305
v -0.07871592 0.7465343 0.11706305
v -0.07871592 0.7465343 0.11706305
v -0.10509676 0.7760425 0.117063046
v -0.10509676 0.7760425 0.117063046
v -0.09680873 0.7813292 0.11427147
v -0.09680873 0.7813292 0.11427147
v -0.028699696 0.78749686 0.10580533
v -0.028699696 0.78749686 0.10580533
v -0.02707988 0.7523643 0.107201114
v -0.02707988 0.7523643 0.107201114
v 0.018436968 0.7923792 0.08816606
v 0.018436968 0.7923792 0.08816606
v 0.019881904 0.75859606 0.080242544
v 0.019881904 0.75859606 0.080242544
v 0.094546616 0.49889156 0.09868909
v 0.094546616 0.49889156 0.09868909
v 0.09574664 0.470833 0.09990579
v 0.09574664 0.470833 0.09990579
v 0.07826823 0.63764036 0.07650037
v 0.13055277 0.6024923 0.08796084
v 0.1289329 0.6403695 0.095614284
v 0.079888046 0.5997632 0.07394923
v 0.038600087 0.70136636 0.07573034
v 0.076648295 0.6755175 0.07394923
v 0.11601791 0.72519654 0.058944732
v 0.17304718 0.60487175 0.08540973
v 0.21527493 0.645327 0.058944732
v 0.17142737 0.6427489 0.08796084
v 0.19688654 0.577291 0.058944717
v 0.020163655 0.6344527 0.075730324
v 0.04422158 0.5699186 0.07573034
v 0.1233072 0.5547495 0.058944732
v 0.08537221 0.7902921 0.01989089
v -0.084509194 0.778529 0.01989086
v -0.078125834 0.6292651 0.019890875
v -0.071742356 0.48000163 0.019890904
v -0.071742356 0.48000163 0.019890904
v 0.098331034 0.487275 0.019890904
v 0.098331034 0.487275 0.019890904
v 0.26840448 0.49454817 0.019890934
v 0.26840448 0.49454817 0.019890934
v 0.2552537 0.80205524 0.019890934
v 0.19116896 0.7109836 0.058944777
v 0.26182905 0.6483017 0.01989092
v 0.1698074 0.68062615 0.085409716
v 0.12731305 0.6782466 0.087960854
v 0.0988273 0.47567108 0.0068515837
v 0.26890075 0.4829443 0.0068515837
v -0.071246386 0.46839768 0.006851539
v 0.08443767 0.5554539 0.15609157
v 0.08443767 0.5554539 0.15609157
v 0.08280331 0.5643776 0.16264144
v 0.08280331 0.5643776 0.16264144
v 0.08280331 0.5643776 0.16264144
v 0.07813138 0.5601655 0.1583156
v 0.07813138 0.5601655 0.1583156
v 0.07813138 0.5601655 0.1583156
v 0.089110196 0.55966675 0.1604178
v 0.089110196 0.55966675 0.1604178
v 0.106123984 0.65591305 0.034848556
v 0.106123984 0.65591305 0.034848556
v 0.11243054 0.6512014 0.03262481
v 0.11079627 0.6601252 0.039174914
v 0.11079627 0.6601252 0.039174914
v 0.11710286 0.6554143 0.03695108
v 0.066256404 0.58503693 0.14870003
v 0.15017039 0.6089493 0.01588358
v 0.1469369 0.6026019 0.013136268
v 0.06948972 0.5913844 0.15144677
v 0.24887794 0.5958909 0.13659206
v 0.24887794 0.5958909 0.13659206
v 0.24887794 0.5958909 0.13659206
v 0.25279015 0.59046334 0.1318864
v 0.25279015 0.59046334 0.1318864
v 0.25809106 0.59570646 0.13024524
v 0.25809106 0.59570646 0.13024524
v 0.25417963 0.6011347 0.13495111
v 0.25417963 0.6011347 0.13495111
v 0.25417963 0.6011347 0.13495111
v 0.1635316 0.6429842 0.011318147
v 0.1635316 0.6429842 0.011318147
v 0.1674433 0.63755584 0.006612569
v 0.16883343 0.64822793 0.009677231
v 0.16883343 0.64822793 0.009677231
v 0.1727452 0.6427991 0.004971713
v 0.17072117 0.5955513 0.09842994
v 0.17072117 0.5955513 0.09842994
v 0.17369318 0.58912593 0.095574066
v 0.17369318 0.58912593 0.095574066
v 0.17718622 0.59634185 0.10337856
v 0.17718622 0.59634185 0.10337856
v 0.17718622 0.59634185 0.10337856
v 0.1801582 0.5899156 0.100522555
v 0.1801582 0.5899156 0.100522555
v 0.1801582 0.5899156 0.100522555
v 0.2522798 0.6806484 -0.008195177
v 0.2522798 0.6806484 -0.008195177
v 0.24581417 0.6798579 -0.013143793
v 0.25525144 0.6742214 -0.011051178
v 0.25525144 0.6742214 -0.011051178
v 0.24878576 0.6734311 -0.015999585
v 0.004719317 0.47496602 0.13451132
v 0.004719317 0.47496602 0.13451132
v 0.004719317 0.47496602 0.13451132
v 0.007957578 0.48326844 0.14127836
v 0.007957578 0.48326844 0.14127836
v 0.0011247993 0.48093182 0.13880174
v 0.0011247993 0.48093182 0.13880174
v 0.011553407 0.47730374 0.13698822
v 0.011553407 0.47730374 0.13698822
v 0.011553407 0.47730374 0.13698822
v 0.023616552 0.57444495 0.012034699
v 0.023616552 0.57444495 0.012034699
v 0.020021856 0.58041006 0.016325295
v 0.01678276 0.5721071 0.009557828
v 0.01678276 0.5721071 0.009557828
v 0.013187826 0.57807255 0.013848349
v -0.006244302 0.6292834 -0.008809477
v 0.040776134 0.51388305 0.089852124
v 0.0481444 0.51743644 0.08981924
v -0.0136117935 0.625729 -0.00877662
v -0.3128335 0.28707057 0.15705991
v -0.3128335 0.28707057 0.15705991
v -0.31902784 0.12959984 0.2398703
v -0.31902784 0.12959984 0.2398703
v -0.28800768 0.261234 0.15766844
v -0.28800768 0.261234 0.15766844
v -0.28800768 0.261234 0.15766844
v -0.2905988 0.12911987 0.2398703
v -0.2905988 0.12911987 0.2398703
v -0.13181436 0.28861874 0.14732331
v -0.13181436 0.28861874 0.14732331
v -0.30501133 0.29272294 0.15538384
v -0.30501133 0.29272294 0.15538384
v -0.1352396 0.2586518 0.14783514
v -0.1352396 0.2586518 0.14783514
v -0.29498512 -0.002921762 0.15942705
v -0.29498512 -0.002921762 0.15942705
v -0.29498512 -0.002921762 0.15942705
v -0.3218783 -0.033897866 0.16623272
v -0.3218783 -0.033897866 0.16623272
v -0.31320995 -0.03925157 0.16333957
v -0.31320995 -0.03925157 0.16333957
v -0.1674813 -0.04397918 0.13611433
v -0.1674813 -0.04397918 0.13611433
v -0.16814405 -0.008306952 0.1316042
v -0.16814405 -0.008306952 0.1316042
v 0.07323015 0.11853492 0.23987028
v 0.07323015 0.11853492 0.23987028
v 0.07592249 0.27610433 0.15705988
v 0.07592249 0.27610433 0.15705988
v 0.049679756 0.25170842 0.15766843
v 0.049679756 0.25170842 0.15766843
v 0.049679756 0.25170842 0.15766843
v 0.044819295 0.11965804 0.23987028
v 0.044819295 0.11965804 0.23987028
v -0.08863908 0.25733733 0.1478351
v -0.08863908 0.25733733 0.1478351
v -0.07885295 0.2871247 0.14732331
v -0.07885295 0.2871247 0.14732331
v 0.06843132 0.2821886 0.15538381
v 0.06843132 0.2821886 0.15538381
v 0.041856945 -0.008813122 0.15704434
v 0.041856945 -0.008813122 0.15704434
v 0.041856945 -0.008813122 0.15704434
v 0.06696117 -0.041256048 0.15704434
v 0.06696117 -0.041256048 0.15704434
v 0.058004856 -0.046112463 0.15415117
v 0.058004856 -0.046112463 0.15415117
v -0.011951625 -0.011046868 0.14682359
v -0.011951625 -0.011046868 0.14682359
v -0.012857914 -0.04748531 0.14537701
v -0.012857914 -0.04748531 0.14537701
v -0.06095755 -0.014039585 0.118884094
v -0.06095755 -0.014039585 0.118884094
v -0.061945617 -0.049069643 0.12709588
v -0.061945617 -0.049069643 0.12709588
v -0.119066715 0.25992277 0.13800181
v -0.119066715 0.25992277 0.13800181
v -0.11824602 0.28901732 0.1392628
v -0.11824602 0.28901732 0.1392628
v -0.18006039 0.13212219 0.052780688
v -0.13803011 0.09221199 0.06465815
v -0.13692212 0.13148773 0.07259008
v -0.1811685 0.092846595 0.0501367
v -0.21638733 0.20091459 0.051982626
v -0.1789527 0.1713978 0.050136715
v -0.09291965 0.21868683 0.034586236
v -0.041695297 0.12938379 0.06465815
v -0.042803228 0.09010812 0.062014177
v 0.0038229823 0.12882784 0.03458622
v -0.020184577 0.059844453 0.03458622
v -0.24036205 0.13309515 0.05198264
v -0.22023207 0.06461394 0.051982626
v -0.09790522 0.041946564 0.034586236
v -0.11981869 0.2882329 -0.005888641
v -0.29630268 0.28855175 -0.005888611
v -0.3006686 0.13377711 -0.005888611
v -0.30503458 -0.020997733 -0.005888626
v -0.12868184 -0.025972448 -0.005888656
v 0.0476709 -0.030947011 -0.005888656
v 0.0566656 0.28791377 -0.005888641
v -0.016274035 0.19847323 0.034586236
v 0.05216837 0.12848344 -0.005888641
v -0.13581419 0.17076331 0.06465815
v -0.040587366 0.16865955 0.062014177
v -0.08311087 0.16418919 0.20428117
v -0.08311087 0.16418919 0.20428117
v -0.08311087 0.16418919 0.20428117
v -0.08414477 0.17353447 0.19749299
v -0.08414477 0.17353447 0.19749299
v -0.08928466 0.16952273 0.20197661
v -0.08928466 0.16952273 0.20197661
v -0.07797176 0.16820057 0.19979794
v -0.07797176 0.16820057 0.19979794
v -0.07797176 0.16820057 0.19979794
v -0.11394322 0.07127495 0.071838334
v -0.11394322 0.07127495 0.071838334
v -0.12011695 0.076609045 0.069533676
v -0.11908299 0.0672638 0.07632212
v -0.11908299 0.0672638 0.07632212
v -0.12525654 0.072597206 0.074017376
v -0.067522526 0.14161648 0.18983248
v -0.1560278 0.123060904 0.052183285
v -0.15221858 0.1293852 0.049336046
v -0.0713315 0.13529208 0.19267915
v -0.25711048 0.14381157 0.17728397
v -0.25711048 0.14381157 0.17728397
v -0.25711048 0.14381157 0.17728397
v -0.26662105 0.14467895 0.1707062
v -0.26662105 0.14467895 0.1707062
v -0.26297617 0.13878022 0.17558329
v -0.26297617 0.13878022 0.17558329
v -0.26297617 0.13878022 0.17558329
v -0.2607559 0.14970985 0.17240706
v -0.2607559 0.14970985 0.17240706
v -0.17234033 0.08885757 0.047451735
v -0.17234033 0.08885757 0.047451735
v -0.17598563 0.094756916 0.042574942
v -0.1782065 0.08382644 0.045751125
v -0.1782065 0.08382644 0.045751125
v -0.18185157 0.08972602 0.040874377
v -0.18563002 0.14494064 0.13990203
v -0.18563002 0.14494064 0.13990203
v -0.18563002 0.14494064 0.13990203
v -0.18303007 0.13807885 0.1428619
v -0.18303007 0.13807885 0.1428619
v -0.18303007 0.13807885 0.1428619
v -0.1788888 0.14528199 0.13477346
v -0.1788888 0.14528199 0.13477346
v -0.17628849 0.13842133 0.13773325
v -0.17628849 0.13842133 0.13773325
v -0.26685327 0.056440856 0.0272284
v -0.26685327 0.056440856 0.0272284
v -0.2601112 0.05678304 0.022099718
v -0.26945323 0.06330311 0.024268478
v -0.26945323 0.06330311 0.024268478
v -0.26271117 0.063645065 0.01914002
v 0.00022155046 0.2425403 0.18214077
v 0.00022155046 0.2425403 0.18214077
v 0.0041788816 0.25088516 0.17512754
v 0.0041788816 0.25088516 0.17512754
v 0.0041788816 0.25088516 0.17512754
v -0.0030575395 0.24897073 0.17769454
v -0.0030575395 0.24897073 0.17769454
v -0.0030575395 0.24897073 0.17769454
v 0.0074569583 0.24445394 0.17957407
v 0.0074569583 0.24445394 0.17957407
v -0.022664309 0.14943415 0.04819438
v -0.022664309 0.14943415 0.04819438
v -0.01938641 0.14300333 0.05264108
v -0.015427828 0.15134881 0.04562737
v -0.015427828 0.15134881 0.04562737
v -0.012149811 0.14491785 0.05007401
v 0.0041769743 0.09054942 0.026591748
v -0.035954714 0.2133022 0.12884334
v -0.0438329 0.2101702 0.12880924
v 0.012054324 0.09368273 0.026625797
v -0.038296103 0.1645342 0.20428117
v -0.038296103 0.1645342 0.20428117
v -0.038296103 0.1645342 0.20428117
v -0.04465872 0.15761177 0.19749299
v -0.04465872 0.15761177 0.19749299
v -0.038256824 0.15637556 0.20197661
v -0.038256824 0.15637556 0.20197661
v -0.044697106 0.16577007 0.19979796
v -0.044697106 0.16577007 0.19979796
v -0.044697106 0.16577007 0.19979796
v 0.052028358 0.19421954 0.06953366
v 0.051989615 0.2023782 0.071838334
v 0.051989615 0.2023782 0.071838334
v 0.058391154 0.201142 0.07632212
v 0.058391154 0.201142 0.07632212
v 0.058430374 0.1929837 0.074017376
v -0.024263442 0.19240694 0.19267917
v 0.03336048 0.13533556 0.049336016
v -0.03153324 0.19111985 0.18983248
v 0.04063016 0.13662234 0.052183285
v -0.013394237 0.13930662 0.17728393
v -0.013394237 0.13930662 0.17728393
v -0.013394237 0.13930662 0.17728393
v -0.0077959895 0.13156947 0.17070617
v -0.0077959895 0.13156947 0.17070617
v -0.0057468414 0.13819371 0.17558324
v -0.0057468414 0.13819371 0.17558324
v -0.0057468414 0.13819371 0.17558324
v -0.015442491 0.13268216 0.17240703
v -0.015442491 0.13268216 0.17240703
v -0.027707696 0.23931181 0.04745172
v -0.027707696 0.23931181 0.04745172
v -0.029756665 0.23268694 0.042574912
v -0.020059705 0.23819856 0.04575111
v -0.020059705 0.23819856 0.04575111
v -0.022109449 0.23157336 0.040874362
v -0.09724867 0.055442218 0.13990201
v -0.09724867 0.055442218 0.13990201
v -0.09724867 0.055442218 0.13990201
v -0.093787074 0.061912097 0.1428619
v -0.093787074 0.061912097 0.1428619
v -0.093787074 0.061912097 0.1428619
v -0.10193753 0.060297795 0.13477346
v -0.10193753 0.060297795 0.13477346
v -0.09847683 0.066767365 0.13773325
v -0.09847683 0.066767365 0.13773325
v 0.022835672 0.05241129 0.0272284
v 0.022835672 0.05241129 0.0272284
v 0.01814568 0.05726702 0.022099689
v 0.019373298 0.045941032 0.024268478
v 0.019373298 0.045941032 0.024268478
v 0.014683664 0.05079676 0.019140005
v -0.29296935 0.13133612 0.18214078
v -0.29296935 0.13133612 0.18214078
v -0.30185956 0.12883261 0.17512757
v -0.30185956 0.12883261 0.17512757
v -0.30185956 0.12883261 0.17512757
v -0.29565978 0.12463798 0.17769457
v -0.29565978 0.12463798 0.17769457
v -0.29565978 0.12463798 0.17769457
v -0.29916793 0.13553031 0.17957409
v -0.29916793 0.13553031 0.17957409
v -0.20776296 0.17529471 0.048194394
v -0.20776296 0.17529471 0.048194394
v -0.20507187 0.1819921 0.052641094
v -0.21396267 0.17948942 0.0456274
v -0.21396267 0.17948942 0.0456274
v -0.2112717 0.18618707 0.050074056
v -0.18103373 0.23423034 0.026591748
v -0.24715567 0.12329482 0.12884334
v -0.23961669 0.11941718 0.12880924
v -0.18857318 0.23810676 0.026625797
v -0.07144964 0.14038163 0.07992534
v -0.07144964 0.14038163 0.07992534
v -0.07483578 0.02034692 0.056607306
v -0.038939476 0.13420421 0.080081105
v -0.038939476 0.13420421 0.080081105
v -0.042468548 0.009099595 0.056763038
v -0.0702489 0.182947 0.12809157
v -0.0702489 0.182947 0.12809157
v -0.037667215 0.17930427 0.12824732
v -0.037667215 0.17930427 0.12824732
v -0.06806368 0.2604165 0.14565964
v -0.035410345 0.25930858 0.1458154
v -0.7194598 -0.16207778 0.12956822
v -0.7194598 -0.16207778 0.12956822
v -0.7194598 -0.16207778 0.12956822
v -0.6088394 -0.17998548 0.21106443
v -0.6088394 -0.17998548 0.21106443
v -0.6101122 -0.15645996 0.21106443
v -0.6101122 -0.15645996 0.21106443
v -0.73935616 -0.18411428 0.12906398
v -0.73935616 -0.18411428 0.12906398
v -0.7512673 -0.03458885 0.12099617
v -0.7512673 -0.03458885 0.12099617
v -0.7444873 -0.177981 0.12767516
v -0.7444873 -0.177981 0.12767516
v -0.726298 -0.03565991 0.121420264
v -0.726298 -0.03565991 0.121420264
v -0.4736277 -0.15117179 0.1310254
v -0.4736277 -0.15117179 0.1310254
v -0.4736277 -0.15117179 0.1310254
v -0.44644582 -0.17158023 0.13666463
v -0.44644582 -0.17158023 0.13666463
v -0.44253004 -0.16410112 0.13426735
v -0.44253004 -0.16410112 0.13426735
v -0.445091 -0.063247256 0.13983864
v -0.445091 -0.063247256 0.13983864
v -0.4742732 -0.044534057 0.11170834
v -0.4742732 -0.044534057 0.11170834
v -0.47969985 -0.07067116 0.13916871
v -0.47969985 -0.07067116 0.13916871
v -0.5037179 -0.04717715 0.10797121
v -0.5037179 -0.04717715 0.10797121
v -0.7314198 0.11758761 0.12956819
v -0.7314198 0.11758761 0.12956819
v -0.7314198 0.11758761 0.12956819
v -0.6227324 0.14487435 0.21106441
v -0.6227324 0.14487435 0.21106441
v -0.75312495 0.13784501 0.12906395
v -0.75312495 0.13784501 0.12906395
v -0.6219921 0.12132602 0.2110644
v -0.6219921 0.12132602 0.2110644
v -0.7577139 0.13129607 0.12767515
v -0.7577139 0.13129607 0.12767515
v -0.7531433 0.009272532 0.12099617
v -0.7531433 0.009272532 0.12099617
v -0.72794855 0.0029335609 0.12142027
v -0.72794855 0.0029335609 0.12142027
v -0.5156337 0.126423 0.12905109
v -0.5156337 0.126423 0.12905109
v -0.5156337 0.126423 0.12905109
v -0.49029326 0.14907774 0.12905109
v -0.49029326 0.14907774 0.12905109
v -0.4857533 0.14196031 0.12665379
v -0.4857533 0.14196031 0.12665379
v -0.4804567 0.08347127 0.11938345
v -0.4804567 0.08347127 0.11938345
v -0.51062715 0.082080245 0.12058208
v -0.51062715 0.082080245 0.12058208
v -0.5052755 0.04175154 0.09743125
v -0.5052755 0.04175154 0.09743125
v -0.47626412 0.042992372 0.104235604
v -0.47626412 0.042992372 0.104235604
v -0.7282984 -0.02236725 0.113272324
v -0.7282984 -0.02236725 0.113272324
v -0.7523937 -0.02339777 0.11431718
v -0.7523937 -0.02339777 0.11431718
v -0.60914695 -0.008388104 0.06855737
v -0.6416743 -0.009779122 0.06636655
v -0.6393306 -0.05328773 0.07839914
v -0.6068034 -0.05189669 0.08497159
v -0.5544219 0.025677176 0.06789611
v -0.57661974 -0.00699698 0.06636655
v -0.5339576 -0.040805843 0.05348137
v -0.63728726 -0.08978009 0.07620834
v -0.6025461 -0.12604344 0.05348137
v -0.60476005 -0.088389084 0.07839914
v -0.66097236 -0.110252246 0.05348137
v -0.61188436 0.041509554 0.06789613
v -0.66730344 0.020849649 0.06789611
v -0.68033016 -0.047065515 0.053481385
v -0.48815787 0.131398 0.01994364
v -0.4780563 -0.014488652 0.01994364
v -0.7445202 0.120434396 0.019943625
v -0.7445202 0.120434396 0.019943625
v -0.6163392 0.1259163 0.01994364
v -0.7382742 -0.025617134 0.01994364
v -0.7382742 -0.025617134 0.01994364
v -0.73202837 -0.17166875 0.01994367
v -0.73202837 -0.17166875 0.01994367
v -0.59999144 -0.16602209 0.01994367
v -0.5461631 -0.10534225 0.05348137
v -0.46795464 -0.16037546 0.01994367
v -0.5742762 -0.050505653 0.07839914
v -0.5722327 -0.086997904 0.07620834
v -0.74823904 -0.02604333 0.008746013
v -0.7419932 -0.17209494 0.008746073
v -0.75448513 0.12000847 0.008746028
v -0.6720618 -0.01228267 0.16819179
v -0.6720618 -0.01228267 0.16819179
v -0.6720618 -0.01228267 0.16819179
v -0.67972505 -0.0136861745 0.16256708
v -0.67972505 -0.0136861745 0.16256708
v -0.6761074 -0.017698739 0.16628224
v -0.6761074 -0.017698739 0.16628224
v -0.67567897 -0.008270606 0.16447698
v -0.67567897 -0.008270606 0.16447698
v -0.67567897 -0.008270606 0.16447698
v -0.5934552 -0.03230939 0.05844891
v -0.5934552 -0.03230939 0.05844891
v -0.5975013 -0.037725214 0.056539252
v -0.589838 -0.03632176 0.062164173
v -0.589838 -0.03632176 0.062164173
v -0.5938835 -0.04173759 0.060254455
v -0.6543205 0.0019271392 0.15621953
v -0.6337856 -0.07013453 0.042162582
v -0.63923645 -0.06735768 0.039803326
v -0.6488695 -0.00084950123 0.15857832
v -0.6496606 -0.15825988 0.1417807
v -0.6496606 -0.15825988 0.1417807
v -0.64515805 -0.16281207 0.14037135
v -0.64515805 -0.16281207 0.14037135
v -0.6449996 -0.15490027 0.14582174
v -0.6449996 -0.15490027 0.14582174
v -0.6449996 -0.15490027 0.14582174
v -0.6404965 -0.15945306 0.14441255
v -0.6404965 -0.15945306 0.14441255
v -0.6404965 -0.15945306 0.14441255
v -0.6045579 -0.08160851 0.038241997
v -0.6045579 -0.08160851 0.038241997
v -0.60921955 -0.08496774 0.034201056
v -0.60005486 -0.086161524 0.03683284
v -0.60005486 -0.086161524 0.03683284
v -0.6047169 -0.08952076 0.032791957
v -0.650131 -0.09588673 0.11484684
v -0.650131 -0.09588673 0.11484684
v -0.650131 -0.09588673 0.11484684
v -0.64461243 -0.09333449 0.11729943
v -0.64461243 -0.09333449 0.11729943
v -0.64461243 -0.09333449 0.11729943
v -0.65080917 -0.09033482 0.11059729
v -0.65080917 -0.09033482 0.11059729
v -0.6452912 -0.08778263 0.11304979
v -0.6452912 -0.08778263 0.11304979
v -0.57221365 -0.15782158 0.021484822
v -0.57221365 -0.15782158 0.021484822
v -0.57289255 -0.15226921 0.017235175
v -0.5777328 -0.1603735 0.01903221
v -0.5777328 -0.1603735 0.01903221
v -0.57841146 -0.15482107 0.014782727
v -0.7488445 0.054772504 0.14403492
v -0.7488445 0.054772504 0.14403492
v -0.7488445 0.054772504 0.14403492
v -0.74171484 0.05199163 0.14984614
v -0.74171484 0.05199163 0.14984614
v -0.74372137 0.05785936 0.14771932
v -0.74372137 0.05785936 0.14771932
v -0.74683714 0.048903704 0.14616194
v -0.74683714 0.048903704 0.14616194
v -0.74683714 0.048903704 0.14616194
v -0.6634164 0.038544353 0.038857356
v -0.6634164 0.038544353 0.038857356
v -0.65829384 0.041631285 0.04254192
v -0.665424 0.0444129 0.036730334
v -0.665424 0.0444129 0.036730334
v -0.6603012 0.047500074 0.040414855
v -0.7154243 0.023808513 0.10568355
v -0.6163235 0.06418759 0.020957261
v -0.6193758 0.07051444 0.020985499
v -0.7123729 0.017480925 0.1056553
v -0.5133467 0.6965622 0.26216465
v -0.5133467 0.6965622 0.26216465
v -0.4039991 0.70217997 0.18066843
v -0.4039991 0.70217997 0.18066843
v -0.4039991 0.70217997 0.18066843
v -0.51461935 0.7200877 0.26216465
v -0.51461935 0.7200877 0.26216465
v -0.3841027 0.7242165 0.18016419
v -0.3841027 0.7242165 0.18016419
v -0.37219155 0.57469106 0.17209639
v -0.37219155 0.57469106 0.17209639
v -0.37897164 0.7180832 0.17877537
v -0.37897164 0.7180832 0.17877537
v -0.3971609 0.57576215 0.17252049
v -0.3971609 0.57576215 0.17252049
v -0.6498312 0.691274 0.18212563
v -0.6498312 0.691274 0.18212563
v -0.6498312 0.691274 0.18212563
v -0.67701304 0.71168244 0.18776485
v -0.67701304 0.71168244 0.18776485
v -0.6809288 0.7042033 0.18536755
v -0.6809288 0.7042033 0.18536755
v -0.678368 0.60334945 0.19093883
v -0.678368 0.60334945 0.19093883
v -0.64918566 0.5846363 0.16280855
v -0.64918566 0.5846363 0.16280855
v -0.64375913 0.6107734 0.19026893
v -0.64375913 0.6107734 0.19026893
v -0.61974096 0.5872793 0.15907142
v -0.61974096 0.5872793 0.15907142
v -0.39203906 0.42251462 0.18066841
v -0.39203906 0.42251462 0.18066841
v -0.39203906 0.42251462 0.18066841
v -0.5014669 0.4187762 0.26216462
v -0.5014669 0.4187762 0.26216462
v -0.5007266 0.39522785 0.2621646
v -0.5007266 0.39522785 0.2621646
v -0.3703339 0.4022572 0.18016416
v -0.3703339 0.4022572 0.18016416
v -0.39551026 0.5371687 0.17252047
v -0.39551026 0.5371687 0.17252047
v -0.37031573 0.53082967 0.17209639
v -0.37031573 0.53082967 0.17209639
v -0.365745 0.40880612 0.17877534
v -0.365745 0.40880612 0.17877534
v -0.6078253 0.4136792 0.18015128
v -0.6078253 0.4136792 0.18015128
v -0.6078253 0.4136792 0.18015128
v -0.6331656 0.3910245 0.18015128
v -0.6331656 0.3910245 0.18015128
v -0.63770556 0.39814195 0.177754
v -0.63770556 0.39814195 0.177754
v -0.61283183 0.45802197 0.1716823
v -0.61283183 0.45802197 0.1716823
v -0.64300215 0.45663095 0.17048366
v -0.64300215 0.45663095 0.17048366
v -0.6181834 0.49835068 0.14853147
v -0.6181834 0.49835068 0.14853147
v -0.64719486 0.4971099 0.15533581
v -0.64719486 0.4971099 0.15533581
v -0.39516056 0.5624694 0.16437253
v -0.39516056 0.5624694 0.16437253
v -0.37106508 0.5635 0.16541739
v -0.37106508 0.5635 0.16541739
v -0.5143119 0.5484904 0.104721434
v -0.48412824 0.59339 0.11456319
v -0.51665556 0.59199893 0.12113564
v -0.4817847 0.54988134 0.10253063
v -0.56903696 0.5144251 0.10406016
v -0.5468391 0.54709923 0.10253063
v -0.58950126 0.5809081 0.089645416
v -0.4624865 0.6503545 0.089645416
v -0.5209129 0.6661457 0.08964543
v -0.4861716 0.62988234 0.11237238
v -0.51869893 0.62849134 0.114563204
v -0.5115745 0.49859262 0.104060166
v -0.45615542 0.5192526 0.10406016
v -0.44312882 0.58716774 0.08964543
v -0.64540255 0.5545909 0.056107715
v -0.635301 0.40870422 0.0561077
v -0.50711966 0.4141859 0.0561077
v -0.37893867 0.41966778 0.0561077
v -0.37893867 0.41966778 0.0561077
v -0.39143062 0.71177095 0.05610773
v -0.39143062 0.71177095 0.05610773
v -0.3851847 0.56571937 0.0561077
v -0.3851847 0.56571937 0.0561077
v -0.52346754 0.70612437 0.05610773
v -0.6555042 0.7004777 0.05610773
v -0.5772958 0.6454445 0.08964543
v -0.55122614 0.62710017 0.11237239
v -0.5491828 0.59060794 0.11456319
v -0.37521982 0.5661455 0.04491009
v -0.3814658 0.71219707 0.044910103
v -0.36897373 0.42009372 0.044910073
v -0.4437338 0.55378836 0.2136673
v -0.4437338 0.55378836 0.2136673
v -0.45139706 0.55238485 0.21929201
v -0.45139706 0.55238485 0.21929201
v -0.45139706 0.55238485 0.21929201
v -0.4477799 0.5483728 0.21557719
v -0.4477799 0.5483728 0.21557719
v -0.4477799 0.5483728 0.21557719
v -0.44735157 0.55780095 0.21738245
v -0.44735157 0.55780095 0.21738245
v -0.53000367 0.57241166 0.109549105
v -0.53000367 0.57241166 0.109549105
v -0.5259576 0.57782745 0.10763945
v -0.53362095 0.576424 0.11326438
v -0.53362095 0.576424 0.11326438
v -0.52957535 0.58183986 0.11135466
v -0.46913838 0.5381751 0.20731974
v -0.48967326 0.61023676 0.0932628
v -0.4842224 0.60745996 0.090903535
v -0.47458935 0.5409517 0.20967853
v -0.47845924 0.6950025 0.19692194
v -0.47845924 0.6950025 0.19692194
v -0.47845924 0.6950025 0.19692194
v -0.4783008 0.7029143 0.19147158
v -0.4783008 0.7029143 0.19147158
v -0.48296237 0.6995552 0.19551276
v -0.48296237 0.6995552 0.19551276
v -0.48296237 0.6995552 0.19551276
v -0.47379827 0.6983621 0.19288091
v -0.47379827 0.6983621 0.19288091
v -0.518901 0.6217108 0.08934221
v -0.518901 0.6217108 0.08934221
v -0.5142393 0.62507 0.085301265
v -0.523404 0.6262638 0.08793306
v -0.523404 0.6262638 0.08793306
v -0.51874197 0.62962306 0.08389217
v -0.47884655 0.63343674 0.16839965
v -0.47884655 0.63343674 0.16839965
v -0.47884655 0.63343674 0.16839965
v -0.4726498 0.6304371 0.1616975
v -0.4726498 0.6304371 0.1616975
v -0.47332788 0.63598895 0.16594705
v -0.47332788 0.63598895 0.16594705
v -0.47332788 0.63598895 0.16594705
v -0.47816765 0.62788486 0.16415
v -0.47816765 0.62788486 0.16415
v -0.55124533 0.69792384 0.07258503
v -0.55124533 0.69792384 0.07258503
v -0.55056643 0.6923715 0.068335384
v -0.54572606 0.7004758 0.07013242
v -0.54572606 0.7004758 0.07013242
v -0.5450474 0.69492334 0.06588295
v -0.38174403 0.48811057 0.20094635
v -0.38174403 0.48811057 0.20094635
v -0.3746143 0.48532972 0.19513512
v -0.3746143 0.48532972 0.19513512
v -0.3746143 0.48532972 0.19513512
v -0.37662178 0.4911985 0.19726215
v -0.37662178 0.4911985 0.19726215
v -0.37662178 0.4911985 0.19726215
v -0.37973744 0.48224285 0.19881952
v -0.37973744 0.48224285 0.19881952
v -0.46004248 0.5015578 0.089957565
v -0.46004248 0.5015578 0.089957565
v -0.46516514 0.49847093 0.09364214
v -0.45803487 0.49568933 0.08783053
v -0.45803487 0.49568933 0.08783053
v -0.46315777 0.49260214 0.091515034
v -0.5071354 0.47591463 0.0720575
v -0.40803456 0.5162937 0.15678374
v -0.41108608 0.5226213 0.1567555
v -0.50408304 0.4695878 0.07208571
v -0.8296397 -0.39875126 0.17166781
v -0.8296397 -0.39875126 0.17166781
v -0.835834 -0.556222 0.25447822
v -0.835834 -0.556222 0.25447822
v -0.804814 -0.4245879 0.17227636
v -0.804814 -0.4245879 0.17227636
v -0.804814 -0.4245879 0.17227636
v -0.8074051 -0.55670196 0.25447822
v -0.8074051 -0.55670196 0.25447822
v -0.6486206 -0.39720312 0.16193122
v -0.6486206 -0.39720312 0.16193122
v -0.82181764 -0.39309895 0.16999176
v -0.82181764 -0.39309895 0.16999176
v -0.65204585 -0.42717 0.16244304
v -0.65204585 -0.42717 0.16244304
v -0.8117912 -0.68874353 0.17403495
v -0.8117912 -0.68874353 0.17403495
v -0.8117912 -0.68874353 0.17403495
v -0.83868456 -0.7197197 0.18084063
v -0.83868456 -0.7197197 0.18084063
v -0.83001614 -0.7250734 0.17794748
v -0.83001614 -0.7250734 0.17794748
v -0.6842874 -0.72980094 0.15072224
v -0.6842874 -0.72980094 0.15072224
v -0.68495023 -0.6941288 0.1462121
v -0.68495023 -0.6941288 0.1462121
v -0.4435761 -0.56728685 0.2544782
v -0.4435761 -0.56728685 0.2544782
v -0.44088376 -0.4097174 0.17166778
v -0.44088376 -0.4097174 0.17166778
v -0.4671265 -0.4341133 0.17227633
v -0.4671265 -0.4341133 0.17227633
v -0.4671265 -0.4341133 0.17227633
v -0.471987 -0.5661637 0.2544782
v -0.471987 -0.5661637 0.2544782
v -0.6054454 -0.4284844 0.16244303
v -0.6054454 -0.4284844 0.16244303
v -0.59565914 -0.39869705 0.16193122
v -0.59565914 -0.39869705 0.16193122
v -0.448375 -0.40363318 0.16999173
v -0.448375 -0.40363318 0.16999173
v -0.47494924 -0.69463485 0.17165226
v -0.47494924 -0.69463485 0.17165226
v -0.47494924 -0.69463485 0.17165226
v -0.44984496 -0.7270777 0.17165224
v -0.44984496 -0.7270777 0.17165224
v -0.4588014 -0.7319342 0.1687591
v -0.4588014 -0.7319342 0.1687591
v -0.5287579 -0.6968686 0.16143149
v -0.5287579 -0.6968686 0.16143149
v -0.52966416 -0.73330706 0.15998492
v -0.52966416 -0.73330706 0.15998492
v -0.5777637 -0.6998612 0.13349201
v -0.5777637 -0.6998612 0.13349201
v -0.5787518 -0.7348913 0.1417038
v -0.5787518 -0.7348913 0.1417038
v -0.63587296 -0.42589897 0.15260974
v -0.63587296 -0.42589897 0.15260974
v -0.6350522 -0.39680448 0.1538707
v -0.6350522 -0.39680448 0.1538707
v -0.69686675 -0.55369955 0.06738861
v -0.6548363 -0.5936098 0.07926606
v -0.65372837 -0.55433404 0.08719799
v -0.6979748 -0.5929752 0.06474462
v -0.73319364 -0.48490724 0.06659055
v -0.69575894 -0.514424 0.06474462
v -0.60972595 -0.46713492 0.049194157
v -0.5585015 -0.5564379 0.07926606
v -0.5596094 -0.59571356 0.076622084
v -0.5129832 -0.5569938 0.049194142
v -0.53699076 -0.6259773 0.049194142
v -0.7571683 -0.5527267 0.06659055
v -0.73703825 -0.6212078 0.06659053
v -0.6147114 -0.6438752 0.049194157
v -0.63662493 -0.39758897 0.00871928
v -0.8131089 -0.39727008 0.008719295
v -0.81747484 -0.55204475 0.00871931
v -0.82184076 -0.7068196 0.00871928
v -0.645488 -0.71179426 0.008719265
v -0.46913528 -0.7167687 0.00871928
v -0.4601407 -0.39790797 0.00871928
v -0.53308034 -0.48734856 0.049194142
v -0.46463788 -0.5573383 0.008719265
v -0.65262043 -0.5150585 0.07926607
v -0.55739367 -0.5171622 0.076622084
v -0.5999172 -0.5216327 0.21888909
v -0.5999172 -0.5216327 0.21888909
v -0.5999172 -0.5216327 0.21888909
v -0.6009511 -0.5122873 0.21210091
v -0.6009511 -0.5122873 0.21210091
v -0.6060909 -0.51629907 0.21658452
v -0.6060909 -0.51629907 0.21658452
v -0.59477794 -0.5176212 0.21440585
v -0.59477794 -0.5176212 0.21440585
v -0.59477794 -0.5176212 0.21440585
v -0.63074946 -0.6145468 0.08644624
v -0.63074946 -0.6145468 0.08644624
v -0.6369232 -0.6092127 0.08414158
v -0.6358893 -0.61855793 0.09093003
v -0.6358893 -0.61855793 0.09093003
v -0.6420628 -0.61322457 0.08862528
v -0.5843288 -0.54420525 0.20444039
v -0.67283404 -0.5627609 0.06679121
v -0.6690248 -0.5564366 0.06394394
v -0.58813787 -0.55052966 0.20728706
v -0.7739167 -0.54201025 0.19189188
v -0.7739167 -0.54201025 0.19189188
v -0.7739167 -0.54201025 0.19189188
v -0.78342724 -0.5411429 0.18531412
v -0.78342724 -0.5411429 0.18531412
v -0.77978253 -0.5470416 0.1901912
v -0.77978253 -0.5470416 0.1901912
v -0.77978253 -0.5470416 0.1901912
v -0.77756214 -0.53611195 0.18701498
v -0.77756214 -0.53611195 0.18701498
v -0.6891465 -0.5969642 0.062059656
v -0.6891465 -0.5969642 0.062059656
v -0.6927917 -0.5910648 0.057182863
v -0.6950127 -0.6019954 0.06035903
v -0.6950127 -0.6019954 0.06035903
v -0.6986579 -0.59609574 0.055482283
v -0.7024362 -0.5408811 0.15450993
v -0.7024362 -0.5408811 0.15450993
v -0.7024362 -0.5408811 0.15450993
v -0.69983625 -0.5477429 0.15746981
v -0.69983625 -0.5477429 0.15746981
v -0.69983625 -0.5477429 0.15746981
v -0.69569504 -0.54053986 0.14938137
v -0.69569504 -0.54053986 0.14938137
v -0.69309473 -0.54740053 0.15234116
v -0.69309473 -0.54740053 0.15234116
v -0.78365946 -0.62938106 0.04183632
v -0.78365946 -0.62938106 0.04183632
v -0.77691746 -0.6290388 0.03670764
v -0.7862594 -0.6225187 0.0388764
v -0.7862594 -0.6225187 0.0388764
v -0.7795174 -0.62217677 0.033747926
v -0.51658475 -0.44328144 0.19674867
v -0.51658475 -0.44328144 0.19674867
v -0.51262736 -0.4349366 0.18973546
v -0.51262736 -0.4349366 0.18973546
v -0.51262736 -0.4349366 0.18973546
v -0.5198637 -0.43685105 0.19230247
v -0.5198637 -0.43685105 0.19230247
v -0.5198637 -0.43685105 0.19230247
v -0.50934935 -0.4413678 0.19418198
v -0.50934935 -0.4413678 0.19418198
v -0.53947055 -0.53638756 0.062802285
v -0.53947055 -0.53638756 0.062802285
v -0.53619266 -0.54281837 0.067248985
v -0.5322341 -0.5344728 0.06023529
v -0.5322341 -0.5344728 0.06023529
v -0.52895594 -0.5409038 0.06468193
v -0.5126293 -0.59527236 0.041199654
v -0.55276096 -0.47251955 0.14345124
v -0.56063914 -0.4756516 0.14341715
v -0.5047519 -0.59213907 0.041233703
v -0.55510235 -0.5212875 0.21888909
v -0.55510235 -0.5212875 0.21888909
v -0.55510235 -0.5212875 0.21888909
v -0.561465 -0.52821 0.21210091
v -0.561465 -0.52821 0.21210091
v -0.5550631 -0.5294462 0.21658453
v -0.5550631 -0.5294462 0.21658453
v -0.5615034 -0.52005166 0.21440588
v -0.5615034 -0.52005166 0.21440588
v -0.5615034 -0.52005166 0.21440588
v -0.46477783 -0.49160212 0.08414157
v -0.4648167 -0.48344353 0.08644624
v -0.4648167 -0.48344353 0.08644624
v -0.45841503 -0.48467976 0.09093003
v -0.45841503 -0.48467976 0.09093003
v -0.4583758 -0.49283797 0.08862528
v -0.5410696 -0.49341482 0.20728707
v -0.48344576 -0.5504861 0.06394394
v -0.5483395 -0.49470192 0.2044404
v -0.47617602 -0.5491993 0.06679121
v -0.53020036 -0.5465151 0.19189185
v -0.53020036 -0.5465151 0.19189185
v -0.53020036 -0.5465151 0.19189185
v -0.5246023 -0.55425227 0.18531407
v -0.5246023 -0.55425227 0.18531407
v -0.5225531 -0.54762805 0.19019115
v -0.5225531 -0.54762805 0.19019115
v -0.5225531 -0.54762805 0.19019115
v -0.53224874 -0.55313957 0.18701494
v -0.53224874 -0.55313957 0.18701494
v -0.54451394 -0.44650996 0.062059626
v -0.54451394 -0.44650996 0.062059626
v -0.5465629 -0.45313483 0.057182834
v -0.53686595 -0.44762322 0.060359016
v -0.53686595 -0.44762322 0.060359016
v -0.53891575 -0.4542484 0.05548227
v -0.6140549 -0.6303796 0.15450993
v -0.6140549 -0.6303796 0.15450993
v -0.6140549 -0.6303796 0.15450993
v -0.6105933 -0.62390965 0.15746981
v -0.6105933 -0.62390965 0.15746981
v -0.6105933 -0.62390965 0.15746981
v -0.6187438 -0.62552404 0.14938137
v -0.6187438 -0.62552404 0.14938137
v -0.615283 -0.6190545 0.15234116
v -0.615283 -0.6190545 0.15234116
v -0.4939705 -0.63341045 0.041836306
v -0.4939705 -0.63341045 0.041836306
v -0.49866056 -0.62855476 0.03670761
v -0.49743295 -0.6398807 0.038876384
v -0.49743295 -0.6398807 0.038876384
v -0.50212264 -0.635025 0.03374791
v -0.8097755 -0.5544858 0.1967487
v -0.8097755 -0.5544858 0.1967487
v -0.81866574 -0.5569892 0.18973547
v -0.81866574 -0.5569892 0.18973547
v -0.81866574 -0.5569892 0.18973547
v -0.81246614 -0.56118387 0.19230248
v -0.81246614 -0.56118387 0.19230248
v -0.81246614 -0.56118387 0.19230248
v -0.8159741 -0.55029154 0.194182
v -0.8159741 -0.55029154 0.194182
v -0.7245692 -0.51052713 0.062802315
v -0.7245692 -0.51052713 0.062802315
v -0.7218782 -0.5038297 0.067249015
v -0.73076904 -0.5063324 0.06023532
v -0.73076904 -0.5063324 0.06023532
v -0.728078 -0.49963474 0.06468196
v -0.69784 -0.45159152 0.04119967
v -0.7639619 -0.562527 0.14345124
v -0.7564229 -0.56640464 0.14341715
v -0.7053795 -0.44771504 0.04123372
v -0.5882559 -0.5454401 0.09453326
v -0.5882559 -0.5454401 0.09453326
v -0.591642 -0.6654747 0.07121521
v -0.5557457 -0.5516175 0.09468901
v -0.5557457 -0.5516175 0.09468901
v -0.5592748 -0.6767221 0.071370944
v -0.5870552 -0.50287473 0.1426995
v -0.5870552 -0.50287473 0.1426995
v -0.5544735 -0.5065174 0.14285524
v -0.5544735 -0.5065174 0.14285524
v -0.58487 -0.42540526 0.16026755
v -0.55221665 -0.42651322 0.16042331
v -0.316593 -0.607581 0.010258287
v -0.26028168 -0.69902486 -0.003541544
v -0.25849557 -0.63455963 0.04639131
v -0.2917431 -0.57634246 0.029208079
v -0.25728333 -0.50474715 0.09632415
v -0.25849462 -0.37480623 0.046391338
v -0.28334332 -0.42421505 0.029185236
v -0.3002264 -0.50147206 0.034749866
v 0.20159414 -0.6298333 0.052048117
v 0.20159414 -0.6298333 0.052048117
v 0.2117289 -0.6548686 0.05217187
v 0.2117289 -0.6548686 0.05217187
v 0.21174803 -0.62738544 0.052157417
v 0.21174803 -0.62738544 0.052157417
v 0.20163691 -0.6573103 0.0520519
v 0.20163691 -0.6573103 0.0520519
v 0.20153236 -0.62983966 0.08868854
v 0.20153236 -0.62983966 0.08868854
v 0.21162432 -0.62739813 0.08871871
v 0.21162432 -0.62739813 0.08871871
v -0.24748558 -0.2742124 0.17241739
v -0.2476244 -0.45544744 0.17241736
v -0.24730659 -0.27429628 0.17698446
v -0.24730659 -0.27429628 0.17698446
v -0.24744529 -0.4553641 0.17698443
v -0.24744529 -0.4553641 0.17698443
v -0.24273467 -0.27459586 0.17698458
v -0.2428726 -0.4550766 0.17698456
v -0.24906754 -0.27348778 0.17713538
v -0.24906754 -0.27348778 0.17713538
v -0.24920833 -0.45648128 0.1931452
v -0.24920833 -0.45648128 0.1931452
v -0.24889672 -0.27325565 0.18072289
v -0.24889672 -0.27325565 0.18072289
v -0.24903756 -0.4560874 0.19671859
v -0.24903756 -0.4560874 0.19671859
v -0.24452108 -0.2737853 0.1771614
v -0.24466157 -0.45619565 0.19312021
v -0.24627715 -0.40574995 0.19069815
v -0.24627715 -0.40574995 0.19069815
v -0.24730521 -0.40963128 0.17671083
v -0.24730521 -0.40963128 0.17671083
v -0.24621749 -0.40996748 0.19062549
v -0.24621749 -0.40996748 0.19062549
v -0.24736619 -0.40540412 0.17678343
v -0.24736619 -0.40540412 0.17678343
v -0.24417883 -0.4051919 0.17678347
v -0.24310553 -0.40553862 0.1906981
v -0.24411649 -0.40941992 0.17671084
v -0.24304402 -0.40975705 0.19062549
v -0.24435347 -0.2735532 0.18074894
v -0.2444936 -0.45580184 0.1966936
v -0.06463045 -0.27519837 0.17408213
v -0.06463045 -0.27519837 0.17408213
v -0.06463045 -0.27519837 0.17408213
v -0.06463045 -0.27519837 0.17408213
v -0.064457774 -0.38082638 0.21736774
v -0.064457774 -0.38082638 0.21736774
v -0.064457774 -0.38082638 0.21736774
v -0.064457774 -0.38082638 0.21736774
v -0.018749058 -0.38354996 0.22262008
v -0.018749058 -0.38354996 0.22262008
v -0.018749058 -0.38354996 0.22262008
v -0.018749058 -0.38354996 0.22262008
v -0.018749058 -0.38354996 0.22262008
v -0.018749058 -0.38354996 0.22262008
v 0.084584415 -0.27546287 0.17358634
v 0.084584415 -0.27546287 0.17358634
v 0.084584415 -0.27546287 0.17358634
v 0.043459237 -0.38627365 0.19941883
v 0.043459237 -0.38627365 0.19941883
v 0.043459237 -0.38627365 0.19941883
v 0.043459237 -0.38627365 0.19941883
v 0.08533448 -0.5392531 0.17325667
v 0.08533448 -0.5392531 0.17325667
v 0.08533448 -0.5392531 0.17325667
v -0.06428504 -0.48645422 0.19033542
v -0.06428504 -0.48645422 0.19033542
v -0.06428504 -0.48645422 0.19033542
v -0.06428504 -0.48645422 0.19033542
v -0.06428504 -0.48645422 0.19033542
v -0.19765323 -0.44428548 0.17468862
v -0.19765323 -0.44428548 0.17468862
v -0.19765323 -0.44428548 0.17468862
v -0.19765323 -0.44428548 0.17468862
v -0.19765323 -0.44428548 0.17468862
v -0.030665278 -0.74422 0.17389247
v 0.08533436 -0.74498093 0.17325664
v -0.030665219 -0.49708432 0.19017513
v -0.030665219 -0.49708432 0.19017513
v -0.030665219 -0.49708432 0.19017513
v -0.030665219 -0.49708432 0.19017513
v -0.06371468 -0.48645434 0.20204997
v -0.06371462 -0.61524117 0.2260448
v -0.06371462 -0.61524117 0.2260448
v -0.030094802 -0.49708426 0.20188968
v -0.030094862 -0.6206522 0.22588453
v -0.030094862 -0.6206522 0.22588453
v -0.19765335 -0.4729131 0.17468864
v -0.19765335 -0.4729131 0.17468864
v -0.19765335 -0.4729131 0.17468864
v -0.19765335 -0.74326724 0.17468861
v -0.19765335 -0.74326724 0.17468861
v -0.06428498 -0.7440281 0.17405275
v -0.21383953 -0.472913 0.17468864
v -0.21383947 -0.7432672 0.17468861
v -0.20872909 -0.7399523 0.29824024
v -0.20872909 -0.7399523 0.29824024
v -0.20872909 -0.7399523 0.29824024
v -0.06466615 -0.7696402 0.4052119
v -0.06466615 -0.7696402 0.4052119
v -0.06501585 -0.7387176 0.40521193
v -0.06501585 -0.7387176 0.40521193
v -0.2360571 -0.76773506 0.2975784
v -0.2360571 -0.76773506 0.2975784
v -0.24457192 -0.5047472 0.27377778
v -0.24457192 -0.5047472 0.27377778
v -0.24244219 -0.7594042 0.29575545
v -0.24244219 -0.7594042 0.29575545
v -0.21302414 -0.52985126 0.27377778
v -0.21302414 -0.52985126 0.27377778
v -0.21310097 -0.48102245 0.21937005
v -0.21310097 -0.48102245 0.21937005
v -0.25442153 -0.44424006 0.21937004
v -0.25442153 -0.44424006 0.21937004
v -0.19512308 -0.44420263 0.21937004
v -0.19512308 -0.44420263 0.21937004
v -0.1930877 -0.48099226 0.21937005
v -0.1930877 -0.48099226 0.21937005
v 0.0747481 -0.739437 0.2975615
v 0.0747481 -0.739437 0.2975615
v 0.0747481 -0.739437 0.2975615
v 0.10924989 -0.7677251 0.2975615
v 0.10924989 -0.7677251 0.2975615
v 0.11480448 -0.7581367 0.29441482
v 0.11480448 -0.7581367 0.29441482
v 0.08403939 -0.40364364 0.20401621
v 0.08403939 -0.40364364 0.20401621
v 0.12213597 -0.5392995 0.21608852
v 0.12213597 -0.5392995 0.21608852
v 0.12354049 -0.40133557 0.20401621
v 0.12354049 -0.40133557 0.20401621
v 0.08290589 -0.5577347 0.21608853
v 0.08290589 -0.5577347 0.21608853
v 0.11847022 -0.6811374 0.2848718
v 0.11847022 -0.6811374 0.2848718
v 0.078826964 -0.6810051 0.2864451
v 0.078826964 -0.6810051 0.2864451
v 0.08403939 -0.3386972 0.24798131
v 0.08403939 -0.3386972 0.24798131
v 0.12354067 -0.33638915 0.24798131
v 0.12354067 -0.33638915 0.24798131
v -0.25628632 -0.2748467 0.20998037
v -0.25628632 -0.2748467 0.20998037
v -0.25101876 -0.24258494 0.17514488
v -0.25628632 -0.27484667 0.17474139
v -0.25101876 -0.24258497 0.21038774
v -0.25101876 -0.24258497 0.21038774
v -0.06463045 -0.27519843 0.25434127
v -0.06463045 -0.27519843 0.25434127
v 0.08403939 -0.27375072 0.25538334
v 0.08403939 -0.27375072 0.25538334
v 0.08403939 -0.27375072 0.25538334
v -0.0644483 -0.23211588 0.25569084
v -0.0644483 -0.23211588 0.25569084
v 0.11818585 -0.23414527 0.25569084
v 0.11818585 -0.23414527 0.25569084
v -0.24547887 -0.23597565 0.20877017
v -0.24547887 -0.23597565 0.20877017
v -0.19763786 -0.27484676 0.20997648
v -0.19763786 -0.27484676 0.20997648
v 0.12499595 -0.24208787 0.25569084
v 0.12354061 -0.2714427 0.25538334
v 0.12354061 -0.2714427 0.25538334
v -0.030094922 -0.6644704 0.27544877
v -0.030094922 -0.6644704 0.27544877
v -0.06371468 -0.66166896 0.27560905
v -0.06371468 -0.66166896 0.27560905
v -0.06371468 -0.7440282 0.29368705
v -0.030094922 -0.74422 0.29352677
v -0.19308782 -0.4809922 0.1684735
v -0.19763786 -0.27484676 0.17474139
v 0.009976983 -0.2753306 0.17383423
v -0.083378136 -0.8043286 0.16665798
v -0.083378136 -0.8043286 0.16665798
v -0.049892724 -0.76820236 0.18353131
v -0.049892724 -0.76820236 0.18353131
v -0.049892724 -0.76820236 0.18353131
v -0.049892724 -0.76820236 0.18353131
v -0.10005206 -0.76845676 0.16665807
v -0.014130235 -0.8023164 0.16665795
v -0.014130235 -0.8023164 0.16665795
v -0.048634052 -0.81525517 0.16665792
v -0.048634052 -0.81525517 0.16665792
v 0.0019987822 -0.76636887 0.16665792
v -0.31579626 -0.50456876 -0.0035415143
v -0.29807228 -0.41623342 -0.0035414994
v -0.26028037 -0.3102366 -0.0035414845
v 0.12095061 -0.7102797 0.18035567
v 0.19626698 -0.7002357 0.12979716
v 0.19626698 -0.7002357 0.12979716
v 0.19626698 -0.7002357 0.12979716
v 0.12244251 -0.6982248 0.18285444
v 0.20449087 -0.7103021 0.13207012
v 0.20449087 -0.7103021 0.13207012
v 0.2077055 -0.70704234 0.13205391
v 0.2077055 -0.70704234 0.13205391
v 0.19895172 -0.6692697 0.09455053
v 0.19895172 -0.6692697 0.09455053
v 0.20971712 -0.6688002 0.09597195
v 0.20971712 -0.6688002 0.09597195
v 0.19622368 -0.5220541 0.078092605
v 0.20964542 -0.5220541 0.07832828
v 0.20449069 -0.30556598 0.13205793
v 0.20449069 -0.30556598 0.13205793
v 0.1985606 -0.3165644 0.13180785
v 0.1985606 -0.3165644 0.13180785
v 0.1985606 -0.3165644 0.13180785
v 0.20770529 -0.308826 0.13205394
v 0.20770529 -0.308826 0.13205394
v 0.20964542 -0.4704237 0.0783283
v 0.19623408 -0.4704237 0.07785691
v 0.12123796 -0.31334198 0.18025702
v 0.1209504 -0.30558857 0.18034957
v -0.071048856 -0.4364921 0.29590625
v -0.071048856 -0.4364921 0.29590625
v -0.071048856 -0.4364921 0.29590625
v -0.080631495 -0.43782678 0.28892106
v -0.080631495 -0.43782678 0.28892106
v -0.076355815 -0.44299728 0.29353485
v -0.076355815 -0.44299728 0.29353485
v -0.075324 -0.43132222 0.29129297
v -0.075324 -0.43132222 0.29129297
v -0.075324 -0.43132222 0.29129297
v 0.025418818 -0.46551076 0.15961932
v 0.025418818 -0.46551076 0.15961932
v 0.020111263 -0.4720158 0.15724777
v 0.0296942 -0.47068122 0.16423324
v 0.0296942 -0.47068122 0.16423324
v 0.024387062 -0.4771862 0.1618616
v -0.048282385 -0.41980267 0.28103822
v -0.026627958 -0.5103021 0.13939378
v -0.033243537 -0.5065674 0.13646385
v -0.041666687 -0.4235372 0.28396752
v -0.051000595 -0.70295656 0.3053342
v -0.051000595 -0.70295656 0.3053342
v -0.045655668 -0.7088434 0.30358398
v -0.045655668 -0.7088434 0.30358398
v -0.045039356 -0.6990355 0.31035265
v -0.045039356 -0.6990355 0.31035265
v -0.045039356 -0.6990355 0.31035265
v -0.039693773 -0.7049232 0.3086026
v -0.039693773 -0.7049232 0.3086026
v -0.039693773 -0.7049232 0.3086026
v 0.009027362 -0.6102451 0.17675209
v 0.009027362 -0.6102451 0.17675209
v 0.0030651689 -0.6141657 0.17173374
v 0.014372945 -0.61613315 0.1750021
v 0.014372945 -0.61613315 0.1750021
v 0.008410156 -0.6200538 0.16998382
v -0.048274696 -0.62554246 0.27188572
v -0.048274696 -0.62554246 0.27188572
v -0.048274696 -0.62554246 0.27188572
v -0.04129213 -0.62266886 0.27493155
v -0.04129213 -0.62266886 0.27493155
v -0.04129213 -0.62266886 0.27493155
v -0.04882157 -0.61861813 0.2666083
v -0.04882157 -0.61861813 0.2666083
v -0.04183978 -0.6157444 0.269654
v -0.04183978 -0.6157444 0.269654
v 0.045114458 -0.7065221 0.15594175
v 0.045114458 -0.7065221 0.15594175
v 0.04456669 -0.69959694 0.15066421
v 0.03813106 -0.70939547 0.1528959
v 0.03813106 -0.70939547 0.1528959
v 0.03758371 -0.70247036 0.14761859
v -0.017795384 -0.26497522 0.27302074
v -0.017795384 -0.26497522 0.27302074
v -0.017795384 -0.26497522 0.27302074
v -0.024575233 -0.25664258 0.26782414
v -0.024575233 -0.25664258 0.26782414
v -0.025428772 -0.26243848 0.27428827
v -0.025428772 -0.26243848 0.27428827
v -0.025428772 -0.26243848 0.27428827
v -0.016943276 -0.2591788 0.2665568
v -0.016943276 -0.2591788 0.2665568
v -0.074376464 -0.3799764 0.16243462
v -0.074376464 -0.3799764 0.16243462
v -0.07352269 -0.37418032 0.15597035
v -0.082009494 -0.37743956 0.16370222
v -0.082009494 -0.37743956 0.16370222
v -0.081156075 -0.3716435 0.15723807
v -0.016728163 -0.2925377 0.2903941
v -0.10700047 -0.3419609 0.15570773
v -0.10652053 -0.3337074 0.15292303
v -0.017208338 -0.30079114 0.29317987
v -0.12002951 -0.62488496 0.35254186
v -0.12002951 -0.62488496 0.35254186
v -0.12002951 -0.62488496 0.35254186
v -0.11272448 -0.6312287 0.34555668
v -0.11272448 -0.6312287 0.34555668
v -0.111638665 -0.6246078 0.35017037
v -0.111638665 -0.6246078 0.35017037
v -0.12111497 -0.631505 0.34792852
v -0.12111497 -0.631505 0.34792852
v -0.12111497 -0.631505 0.34792852
v -0.15318525 -0.5328371 0.21388334
v -0.16157639 -0.5331136 0.21625492
v -0.16157639 -0.5331136 0.21625492
v -0.16049051 -0.5264931 0.22086881
v -0.16049051 -0.5264931 0.22086881
v -0.15209979 -0.5262161 0.21849717
v -0.14910698 -0.6112593 0.3406031
v -0.09207475 -0.5503306 0.19309947
v -0.14757228 -0.6186998 0.3376738
v -0.09360933 -0.5428902 0.19602938
v -0.09387994 -0.5906399 0.32301098
v -0.09387994 -0.5906399 0.32301098
v -0.09387994 -0.5906399 0.32301098
v -0.09480268 -0.5985385 0.32476106
v -0.09480268 -0.5985385 0.32476106
v -0.09480268 -0.5985385 0.32476106
v -0.08700651 -0.5925556 0.31799236
v -0.08700651 -0.5925556 0.31799236
v -0.08792925 -0.60045314 0.3197426
v -0.08792925 -0.60045314 0.3197426
v -0.19725418 -0.616163 0.19116049
v -0.19725418 -0.616163 0.19116049
v -0.19038045 -0.6180786 0.18614212
v -0.19633108 -0.608264 0.18941048
v -0.19633108 -0.608264 0.18941048
v -0.18945688 -0.61018026 0.1843922
v -0.04250878 -0.4696846 0.28053176
v -0.04250878 -0.4696846 0.28053176
v -0.033354104 -0.4753251 0.2753578
v -0.033354104 -0.4753251 0.2753578
v -0.033354104 -0.4753251 0.2753578
v -0.03520763 -0.4674544 0.27631047
v -0.03520763 -0.4674544 0.27631047
v -0.03520763 -0.4674544 0.27631047
v -0.040655553 -0.47755462 0.27957854
v -0.040655553 -0.47755462 0.27957854
v -0.11945504 -0.46952653 0.12949742
v -0.11945504 -0.46952653 0.12949742
v -0.12675649 -0.47175694 0.13371912
v -0.117601395 -0.47739798 0.1285452
v -0.117601395 -0.47739798 0.1285452
v -0.12490314 -0.47962782 0.13276684
v -0.078491986 -0.7398528 0.32975888
v -0.078491986 -0.7398528 0.32975888
v -0.07565904 -0.74892455 0.32254204
v -0.07565904 -0.74892455 0.32254204
v -0.07565904 -0.74892455 0.32254204
v -0.07152414 -0.74242574 0.32518357
v -0.07152414 -0.74242574 0.32518357
v -0.07152414 -0.74242574 0.32518357
v -0.08262652 -0.74635017 0.32711765
v -0.08262652 -0.74635017 0.32711765
v -0.12618083 -0.6534836 0.19192466
v -0.12618083 -0.6534836 0.19192466
v -0.13314801 -0.6509098 0.19650045
v -0.13031554 -0.6599824 0.18928318
v -0.13031554 -0.6599824 0.18928318
v -0.13728309 -0.6574085 0.19385888
v -0.18757844 -0.62769914 0.16969503
v -0.07154989 -0.6924945 0.2749144
v -0.06778008 -0.68462694 0.27487937
v -0.19134694 -0.63556695 0.1697301
vt 0.01634249 1.0189475
vt 0.01634249 1.0189475
vt 0.01634249 1.0189475
vt 0.019146102 1.0810812
vt 0.019146102 1.0810812
vt 0.0058440426 1.0812731
vt 0.0058440426 1.0812731
vt 0.0034202123 1.0070474
vt 0.0034202123 1.0070474
vt 0.008446615 1.0040262
vt 0.008446615 1.0040262
vt 0.07750344 1.0167198
vt 0.07750344 1.0167198
vt 0.07671642 1.0306586
vt 0.07671642 1.0306586
vt 0.173707 1.0811616
vt 0.173707 1.0811616
vt 0.17573678 1.0327766
vt 0.17573678 1.0327766
vt 0.17573678 1.0327766
vt 0.1869961 1.0810982
vt 0.1869961 1.0810982
vt 0.18800472 1.0203699
vt 0.18800472 1.0203699
vt 0.18384643 1.0183725
vt 0.18384643 1.0183725
vt 0.15045354 1.0170543
vt 0.15045354 1.0170543
vt 0.15039618 1.03131
vt 0.15039618 1.03131
vt 0.12733018 1.0295995
vt 0.12733018 1.0295995
vt 0.12733018 1.0158936
vt 0.12733018 1.0158936
vt 0.3450784 0.3465209
vt 0.3274663 0.34815156
vt 0.3274663 0.3537801
vt 0.33973128 0.3465209
vt 0.3274663 0.34815156
vt 0.3274663 0.3537801
vt 0.3450784 0.34136343
vt 0.3274663 0.34815156
vt 0.33973128 0.34136343
vt 0.3274663 0.3537801
vt 0.37523693 0.34815156
vt 0.37523693 0.35378033
vt 0.37523693 0.35378033
vt 0.37523693 0.34815156
vt 0.37523693 0.35378033
vt 0.37523693 0.34815156
vt 0.01634249 1.0189475
vt 0.01634249 1.0189475
vt 0.01634249 1.0189475
vt 0.0034202123 1.0070474
vt 0.0034202123 1.0070474
vt 0.008446615 1.0040262
vt 0.008446615 1.0040262
vt 0.07671642 1.0306586
vt 0.07671642 1.0306586
vt 0.07750344 1.0167198
vt 0.07750344 1.0167198
vt 0.18800472 1.0203699
vt 0.18800472 1.0203699
vt 0.17573678 1.0327766
vt 0.17573678 1.0327766
vt 0.17573678 1.0327766
vt 0.18384643 1.0183725
vt 0.18384643 1.0183725
vt 0.15045354 1.0170543
vt 0.15045354 1.0170543
vt 0.15039618 1.03131
vt 0.15039618 1.03131
vt 0.12733018 1.0295995
vt 0.12733018 1.0295995
vt 0.12733018 1.0158936
vt 0.12733018 1.0158936
vt 0.33973128 0.34136343
vt 0.3274663 0.3537801
vt 0.33973128 0.3465209
vt 0.3274663 0.34815156
vt 0.3274663 0.3537801
vt 0.3450784 0.34136343
vt 0.3274663 0.34815156
vt 0.3450784 0.3465209
vt 0.3274663 0.34815156
vt 0.3274663 0.3537801
vt 0.37523693 0.34815156
vt 0.37523693 0.35378033
vt 0.37523693 0.35378033
vt 0.37523693 0.34815156
vt 0.37523693 0.35378033
vt 0.37523693 0.34815156
vt 0.13225247 0.07876539
vt 0.110967174 0.09514701
vt 0.111197494 0.07899809
vt 0.13034353 0.095909595
vt 0.15624452 0.0490427
vt 0.13130799 0.061804175
vt 0.089373544 0.039711535
vt 0.057581704 0.07837039
vt 0.057581704 0.09566605
vt 0.030646272 0.07805008
vt 0.043696783 0.108701825
vt 0.17059144 0.07887286
vt 0.15711088 0.109912395
vt 0.089373544 0.11754185
vt 0.10644605 0.009444177
vt 0.2108501 0.0114943385
vt 0.2108501 0.07965177
vt 0.2108501 0.1478092
vt 0.10644605 0.1478092
vt 0.0020419979 0.1478092
vt 0.0020419979 0.007394016
vt 0.043696783 0.04765451
vt 0.0020419979 0.07760167
vt 0.111007325 0.06267589
vt 0.057581704 0.061074734
vt 0.68296283 0.32245398
vt 0.6653507 0.32408464
vt 0.66535074 0.32971317
vt 0.6776157 0.3172965
vt 0.66535074 0.32971317
vt 0.68296283 0.3172965
vt 0.6653507 0.32408464
vt 0.6776157 0.32245398
vt 0.6653507 0.32408464
vt 0.66535074 0.32971317
vt 0.71312135 0.32408464
vt 0.71312135 0.3297134
vt 0.71312135 0.3297134
vt 0.71312135 0.32408464
vt 0.71312135 0.3297134
vt 0.71312135 0.32408464
vt 0.66535074 0.32971317
vt 0.71312135 0.32408464
vt 0.71312135 0.3297134
vt 0.6653507 0.32408464
vt 0.6776157 0.32245398
vt 0.6653507 0.32408464
vt 0.66535074 0.32971317
vt 0.68296283 0.3172965
vt 0.6653507 0.32408464
vt 0.68296283 0.32245398
vt 0.6653507 0.32408464
vt 0.66535074 0.32971317
vt 0.6776157 0.3172965
vt 0.66535074 0.32971317
vt 0.71312135 0.32408464
vt 0.71312135 0.3297134
vt 0.71312135 0.3297134
vt 0.71312135 0.32408464
vt 0.71312135 0.3297134
vt 0.71312135 0.32408464
vt 0.67904496 0.3465209
vt 0.66143286 0.34815156
vt 0.66143286 0.3537801
vt 0.6736978 0.3465209
vt 0.66143286 0.34815156
vt 0.66143286 0.3537801
vt 0.67904496 0.34136343
vt 0.66143286 0.34815156
vt 0.6736978 0.34136343
vt 0.66143286 0.3537801
vt 0.7092035 0.34815156
vt 0.7092035 0.35378033
vt 0.7092035 0.35378033
vt 0.7092035 0.34815156
vt 0.7092035 0.35378033
vt 0.7092035 0.34815156
vt 0.6776157 0.3172965
vt 0.66535074 0.32971317
vt 0.68296283 0.32245398
vt 0.6653507 0.32408464
vt 0.66535074 0.32971317
vt 0.6776157 0.32245398
vt 0.6653507 0.32408464
vt 0.66535074 0.32971317
vt 0.68296283 0.3172965
vt 0.6653507 0.32408464
vt 0.71312135 0.32408464
vt 0.71312135 0.3297134
vt 0.71312135 0.3297134
vt 0.71312135 0.32408464
vt 0.71312135 0.3297134
vt 0.71312135 0.32408464
vt 0.7092035 0.34815156
vt 0.66143286 0.3537801
vt 0.66143286 0.34815156
vt 0.7092035 0.35378033
vt 0.68296283 0.32245398
vt 0.6653507 0.32408464
vt 0.66535074 0.32971317
vt 0.6776157 0.3172965
vt 0.66535074 0.32971317
vt 0.68296283 0.3172965
vt 0.6653507 0.32408464
vt 0.6776157 0.32245398
vt 0.6653507 0.32408464
vt 0.66535074 0.32971317
vt 0.71312135 0.3297134
vt 0.71312135 0.32408464
vt 0.71312135 0.3297134
vt 0.71312135 0.32408464
vt 0.71312135 0.3297134
vt 0.71312135 0.32408464
vt 0.6776157 0.32245398
vt 0.6653507 0.32408464
vt 0.66535074 0.32971317
vt 0.68296283 0.3172965
vt 0.6653507 0.32408464
vt 0.68296283 0.32245398
vt 0.6653507 0.32408464
vt 0.66535074 0.32971317
vt 0.6776157 0.3172965
vt 0.66535074 0.32971317
vt 0.71312135 0.32408464
vt 0.71312135 0.3297134
vt 0.71312135 0.3297134
vt 0.71312135 0.32408464
vt 0.71312135 0.3297134
vt 0.71312135 0.32408464
vt 0.67904496 0.3465209
vt 0.66143286 0.34815156
vt 0.66143286 0.3537801
vt 0.6736978 0.3465209
vt 0.66143286 0.34815156
vt 0.66143286 0.3537801
vt 0.67904496 0.34136343
vt 0.66143286 0.34815156
vt 0.6736978 0.34136343
vt 0.66143286 0.3537801
vt 0.7092035 0.34815156
vt 0.7092035 0.35378033
vt 0.7092035 0.35378033
vt 0.7092035 0.34815156
vt 0.7092035 0.35378033
vt 0.7092035 0.34815156
vt 0.6776157 0.3172965
vt 0.66535074 0.32971317
vt 0.68296283 0.32245398
vt 0.6653507 0.32408464
vt 0.66535074 0.32971317
vt 0.6776157 0.32245398
vt 0.6653507 0.32408464
vt 0.66535074 0.32971317
vt 0.68296283 0.3172965
vt 0.6653507 0.32408464
vt 0.71312135 0.32408464
vt 0.71312135 0.3297134
vt 0.71312135 0.3297134
vt 0.71312135 0.32408464
vt 0.71312135 0.3297134
vt 0.71312135 0.32408464
vt 0.7092035 0.34815156
vt 0.66143286 0.3537801
vt 0.66143286 0.34815156
vt 0.7092035 0.35378033
vt 0.16473451 -0.9205389
vt 0.16473451 -0.9205389
vt 0.16473453 -0.9711628
vt 0.17990045 -0.92110884
vt 0.17990045 -0.92110884
vt 0.17990045 -0.97387516
vt 0.16473451 -0.8870076
vt 0.16473451 -0.8870076
vt 0.17990045 -0.88650644
vt 0.17990045 -0.88650644
vt 0.1647345 -0.852823
vt 0.17990044 -0.85125065
vt 0.18045986 -0.9634973
vt 0.18247144 -0.91488314
vt 0.18247144 -0.91488314
vt 0.16646427 -0.9611864
vt 0.16813307 -0.9143925
vt 0.16813307 -0.9143925
vt 0.17990045 -0.88650644
vt 0.17990045 -0.88650644
vt 0.16473451 -0.8870076
vt 0.16473451 -0.8870076
vt 0.17990044 -0.85125065
vt 0.1647345 -0.852823
vt 0.0045681642 1.1445414
vt 0.0045681642 1.1445414
vt 0.005889177 1.0826553
vt 0.005889177 1.0826553
vt 0.016616927 1.1347144
vt 0.016616927 1.1347144
vt 0.016616927 1.1347144
vt 0.019220855 1.0827378
vt 0.019220855 1.0827378
vt 0.08896215 1.1483685
vt 0.08896215 1.1483685
vt 0.008181106 1.1468375
vt 0.008181106 1.1468375
vt 0.088975266 1.137036
vt 0.088975266 1.137036
vt 0.01634249 1.0189475
vt 0.01634249 1.0189475
vt 0.01634249 1.0189475
vt 0.0034202123 1.0070474
vt 0.0034202123 1.0070474
vt 0.008446615 1.0040262
vt 0.008446615 1.0040262
vt 0.07750344 1.0167198
vt 0.07750344 1.0167198
vt 0.07671642 1.0306586
vt 0.07671642 1.0306586
vt 0.18696591 1.0829164
vt 0.18696591 1.0829164
vt 0.188009 1.1445414
vt 0.188009 1.1445414
vt 0.17596023 1.1347144
vt 0.17596023 1.1347144
vt 0.17596023 1.1347144
vt 0.17362739 1.0830593
vt 0.17362739 1.0830593
vt 0.111383826 1.1363178
vt 0.111383826 1.1363178
vt 0.1155649 1.1482638
vt 0.1155649 1.1482638
vt 0.18439606 1.1468375
vt 0.18439606 1.1468375
vt 0.17573678 1.0327766
vt 0.17573678 1.0327766
vt 0.17573678 1.0327766
vt 0.18800472 1.0203699
vt 0.18800472 1.0203699
vt 0.18384643 1.0183725
vt 0.18384643 1.0183725
vt 0.15039618 1.03131
vt 0.15039618 1.03131
vt 0.15045354 1.0170543
vt 0.15045354 1.0170543
vt 0.12733018 1.0295995
vt 0.12733018 1.0295995
vt 0.12733018 1.0158936
vt 0.12733018 1.0158936
vt 0.09628859 1.1360648
vt 0.09628859 1.1360648
vt 0.09628859 1.1474484
vt 0.09628859 1.1474484
vt 0.13225247 0.07876539
vt 0.110967174 0.09514701
vt 0.111197494 0.07899809
vt 0.13034353 0.095909595
vt 0.15624452 0.0490427
vt 0.13130799 0.061804175
vt 0.089373544 0.039711535
vt 0.057581704 0.07837039
vt 0.057581704 0.09566605
vt 0.030646272 0.07805008
vt 0.043696783 0.108701825
vt 0.17059144 0.07887286
vt 0.15711088 0.109912395
vt 0.089373544 0.11754185
vt 0.10644605 0.009444177
vt 0.2108501 0.0114943385
vt 0.2108501 0.07965177
vt 0.2108501 0.1478092
vt 0.10644605 0.1478092
vt 0.0020419979 0.1478092
vt 0.0020419979 0.007394016
vt 0.043696783 0.04765451
vt 0.0020419979 0.07760167
vt 0.111007325 0.06267589
vt 0.057581704 0.061074734
vt 0.68296283 0.32245398
vt 0.6653507 0.32408464
vt 0.66535074 0.32971317
vt 0.6776157 0.3172965
vt 0.66535074 0.32971317
vt 0.68296283 0.3172965
vt 0.6653507 0.32408464
vt 0.6776157 0.32245398
vt 0.6653507 0.32408464
vt 0.66535074 0.32971317
vt 0.71312135 0.32408464
vt 0.71312135 0.3297134
vt 0.71312135 0.3297134
vt 0.71312135 0.32408464
vt 0.71312135 0.3297134
vt 0.71312135 0.32408464
vt 0.66535074 0.32971317
vt 0.71312135 0.32408464
vt 0.71312135 0.3297134
vt 0.6653507 0.32408464
vt 0.6776157 0.32245398
vt 0.6653507 0.32408464
vt 0.66535074 0.32971317
vt 0.68296283 0.3172965
vt 0.6653507 0.32408464
vt 0.68296283 0.32245398
vt 0.6653507 0.32408464
vt 0.66535074 0.32971317
vt 0.6776157 0.3172965
vt 0.66535074 0.32971317
vt 0.71312135 0.32408464
vt 0.71312135 0.3297134
vt 0.71312135 0.3297134
vt 0.71312135 0.32408464
vt 0.71312135 0.3297134
vt 0.71312135 0.32408464
vt 0.67904496 0.3465209
vt 0.66143286 0.34815156
vt 0.66143286 0.3537801
vt 0.6736978 0.3465209
vt 0.66143286 0.34815156
vt 0.66143286 0.3537801
vt 0.67904496 0.34136343
vt 0.66143286 0.34815156
vt 0.6736978 0.34136343
vt 0.66143286 0.3537801
vt 0.7092035 0.34815156
vt 0.7092035 0.35378033
vt 0.7092035 0.35378033
vt 0.7092035 0.34815156
vt 0.7092035 0.35378033
vt 0.7092035 0.34815156
vt 0.6776157 0.3172965
vt 0.66535074 0.32971317
vt 0.68296283 0.32245398
vt 0.6653507 0.32408464
vt 0.66535074 0.32971317
vt 0.6776157 0.32245398
vt 0.6653507 0.32408464
vt 0.66535074 0.32971317
vt 0.68296283 0.3172965
vt 0.6653507 0.32408464
vt 0.71312135 0.32408464
vt 0.71312135 0.3297134
vt 0.71312135 0.3297134
vt 0.71312135 0.32408464
vt 0.71312135 0.3297134
vt 0.71312135 0.32408464
vt 0.7092035 0.34815156
vt 0.66143286 0.3537801
vt 0.66143286 0.34815156
vt 0.7092035 0.35378033
vt 0.68296283 0.32245398
vt 0.6653507 0.32408464
vt 0.66535074 0.32971317
vt 0.6776157 0.3172965
vt 0.66535074 0.32971317
vt 0.68296283 0.3172965
vt 0.6653507 0.32408464
vt 0.6776157 0.32245398
vt 0.6653507 0.32408464
vt 0.66535074 0.32971317
vt 0.71312135 0.3297134
vt 0.71312135 0.32408464
vt 0.71312135 0.3297134
vt 0.71312135 0.32408464
vt 0.71312135 0.3297134
vt 0.71312135 0.32408464
vt 0.6653507 0.32408464
vt 0.71312135 0.3297134
vt 0.66535074 0.32971317
vt 0.71312135 0.32408464
vt 0.6776157 0.32245398
vt 0.6653507 0.32408464
vt 0.66535074 0.32971317
vt 0.68296283 0.3172965
vt 0.6653507 0.32408464
vt 0.68296283 0.32245398
vt 0.6653507 0.32408464
vt 0.66535074 0.32971317
vt 0.6776157 0.3172965
vt 0.66535074 0.32971317
vt 0.71312135 0.32408464
vt 0.71312135 0.3297134
vt 0.71312135 0.3297134
vt 0.71312135 0.32408464
vt 0.71312135 0.3297134
vt 0.71312135 0.32408464
vt 0.67904496 0.3465209
vt 0.66143286 0.34815156
vt 0.66143286 0.3537801
vt 0.6736978 0.3465209
vt 0.66143286 0.34815156
vt 0.66143286 0.3537801
vt 0.67904496 0.34136343
vt 0.66143286 0.34815156
vt 0.6736978 0.34136343
vt 0.66143286 0.3537801
vt 0.7092035 0.34815156
vt 0.7092035 0.35378033
vt 0.7092035 0.35378033
vt 0.7092035 0.34815156
vt 0.7092035 0.35378033
vt 0.7092035 0.34815156
vt 0.6776157 0.3172965
vt 0.66535074 0.32971317
vt 0.68296283 0.32245398
vt 0.6653507 0.32408464
vt 0.66535074 0.32971317
vt 0.6776157 0.32245398
vt 0.6653507 0.32408464
vt 0.66535074 0.32971317
vt 0.68296283 0.3172965
vt 0.6653507 0.32408464
vt 0.71312135 0.32408464
vt 0.71312135 0.3297134
vt 0.71312135 0.3297134
vt 0.71312135 0.32408464
vt 0.71312135 0.3297134
vt 0.71312135 0.32408464
vt 0.7092035 0.34815156
vt 0.66143286 0.3537801
vt 0.66143286 0.34815156
vt 0.7092035 0.35378033
vt 0.16473451 -0.9205389
vt 0.16473451 -0.9205389
vt 0.16473453 -0.9711628
vt 0.17990045 -0.92110884
vt 0.17990045 -0.92110884
vt 0.17990045 -0.97387516
vt 0.16473451 -0.8870076
vt 0.16473451 -0.8870076
vt 0.17990045 -0.88650644
vt 0.17990045 -0.88650644
vt 0.1647345 -0.852823
vt 0.17990044 -0.85125065
vt 0.003741935 1.0829096
vt 0.003741935 1.0829096
vt 0.0045681642 1.1445414
vt 0.0045681642 1.1445414
vt 0.016616927 1.1347144
vt 0.016616927 1.1347144
vt 0.016616927 1.1347144
vt 0.017152343 1.0830355
vt 0.017152343 1.0830355
vt 0.088975266 1.137036
vt 0.088975266 1.137036
vt 0.08896215 1.1483685
vt 0.08896215 1.1483685
vt 0.008181106 1.1468375
vt 0.008181106 1.1468375
vt 0.01634249 1.0189475
vt 0.01634249 1.0189475
vt 0.01634249 1.0189475
vt 0.0034202123 1.0070474
vt 0.0034202123 1.0070474
vt 0.008446615 1.0040262
vt 0.008446615 1.0040262
vt 0.06421756 1.0025287
vt 0.06421756 1.0025287
vt 0.06091499 1.0191354
vt 0.06091499 1.0191354
vt 0.07750344 1.0167198
vt 0.07750344 1.0167198
vt 0.07671642 1.0306586
vt 0.07671642 1.0306586
vt 0.188009 1.1445414
vt 0.188009 1.1445414
vt 0.18883522 1.0829096
vt 0.18883522 1.0829096
vt 0.17596023 1.1347144
vt 0.17596023 1.1347144
vt 0.17596023 1.1347144
vt 0.17542481 1.0830355
vt 0.17542481 1.0830355
vt 0.1155649 1.1482638
vt 0.1155649 1.1482638
vt 0.18439606 1.1468375
vt 0.18439606 1.1468375
vt 0.111383826 1.1363178
vt 0.111383826 1.1363178
vt 0.17573678 1.0327766
vt 0.17573678 1.0327766
vt 0.17573678 1.0327766
vt 0.18800472 1.0203699
vt 0.18800472 1.0203699
vt 0.18384643 1.0183725
vt 0.18384643 1.0183725
vt 0.15045354 1.0170543
vt 0.15045354 1.0170543
vt 0.15039618 1.03131
vt 0.15039618 1.03131
vt 0.12733018 1.0295995
vt 0.12733018 1.0295995
vt 0.12733018 1.0158936
vt 0.12733018 1.0158936
vt 0.09628859 1.1360648
vt 0.09628859 1.1360648
vt 0.09628859 1.1474484
vt 0.09628859 1.1474484
vt 0.083682716 0.09592235
vt 0.109783724 0.09617859
vt 0.109783724 0.07888299
vt 0.083682716 0.07862669
vt 0.13505033 0.04906404
vt 0.089373544 0.039711535
vt 0.109783724 0.061587393
vt 0.057581704 0.09566605
vt 0.057581704 0.07837039
vt 0.030646272 0.07805008
vt 0.043696783 0.108701825
vt 0.14810085 0.07920331
vt 0.13505034 0.109086215
vt 0.089373544 0.11754185
vt 0.10644605 0.009444177
vt 0.2108501 0.0114943385
vt 0.2108501 0.1478092
vt 0.2108501 0.1478092
vt 0.2108501 0.07965177
vt 0.0020419979 0.1478092
vt 0.0020419979 0.1478092
vt 0.10644605 0.1478092
vt 0.10644605 0.1478092
vt 0.0020419979 0.07760167
vt 0.043696783 0.04765451
vt 0.0020419979 0.007394016
vt 0.08368271 0.061331034
vt 0.057581704 0.061074734
vt 0.10644605 0.1478092
vt 0.0020419979 0.1478092
vt 0.2108501 0.1478092
vt 0.68296283 0.32245398
vt 0.6653507 0.32408464
vt 0.66535074 0.32971317
vt 0.6776157 0.3172965
vt 0.66535074 0.32971317
vt 0.6776157 0.32245398
vt 0.6653507 0.32408464
vt 0.66535074 0.32971317
vt 0.68296283 0.3172965
vt 0.6653507 0.32408464
vt 0.71312135 0.32408464
vt 0.71312135 0.3297134
vt 0.71312135 0.3297134
vt 0.71312135 0.32408464
vt 0.71312135 0.3297134
vt 0.71312135 0.32408464
vt 0.71312135 0.32408464
vt 0.66535074 0.32971317
vt 0.71312135 0.3297134
vt 0.6653507 0.32408464
vt 0.68296283 0.32245398
vt 0.6653507 0.32408464
vt 0.66535074 0.32971317
vt 0.68296283 0.3172965
vt 0.6653507 0.32408464
vt 0.6776157 0.32245398
vt 0.6653507 0.32408464
vt 0.66535074 0.32971317
vt 0.6776157 0.3172965
vt 0.66535074 0.32971317
vt 0.71312135 0.32408464
vt 0.71312135 0.3297134
vt 0.71312135 0.3297134
vt 0.71312135 0.32408464
vt 0.71312135 0.3297134
vt 0.71312135 0.32408464
vt 0.6736978 0.3465209
vt 0.66143286 0.34815156
vt 0.66143286 0.3537801
vt 0.67904496 0.3465209
vt 0.66143286 0.34815156
vt 0.66143286 0.3537801
vt 0.67904496 0.34136343
vt 0.66143286 0.34815156
vt 0.6736978 0.34136343
vt 0.66143286 0.3537801
vt 0.7092035 0.34815156
vt 0.7092035 0.35378033
vt 0.7092035 0.35378033
vt 0.7092035 0.34815156
vt 0.7092035 0.35378033
vt 0.7092035 0.34815156
vt 0.68296283 0.32245398
vt 0.6653507 0.32408464
vt 0.66535074 0.32971317
vt 0.6776157 0.3172965
vt 0.66535074 0.32971317
vt 0.6776157 0.32245398
vt 0.6653507 0.32408464
vt 0.66535074 0.32971317
vt 0.68296283 0.3172965
vt 0.6653507 0.32408464
vt 0.71312135 0.32408464
vt 0.71312135 0.3297134
vt 0.71312135 0.3297134
vt 0.71312135 0.32408464
vt 0.71312135 0.3297134
vt 0.71312135 0.32408464
vt 0.66143286 0.3537801
vt 0.7092035 0.34815156
vt 0.66143286 0.34815156
vt 0.7092035 0.35378033
vt 0.016616927 1.1347144
vt 0.016616927 1.1347144
vt 0.016616927 1.1347144
vt 0.005889177 1.0826553
vt 0.005889177 1.0826553
vt 0.019220855 1.0827378
vt 0.019220855 1.0827378
vt 0.0045681642 1.1445414
vt 0.0045681642 1.1445414
vt 0.08896215 1.1483685
vt 0.08896215 1.1483685
vt 0.088975266 1.137036
vt 0.088975266 1.137036
vt 0.008181106 1.1468375
vt 0.008181106 1.1468375
vt 0.01634249 1.0189475
vt 0.01634249 1.0189475
vt 0.01634249 1.0189475
vt 0.0034202123 1.0070474
vt 0.0034202123 1.0070474
vt 0.008446615 1.0040262
vt 0.008446615 1.0040262
vt 0.07750344 1.0167198
vt 0.07750344 1.0167198
vt 0.07671642 1.0306586
vt 0.07671642 1.0306586
vt 0.18696591 1.0829164
vt 0.18696591 1.0829164
vt 0.188009 1.1445414
vt 0.188009 1.1445414
vt 0.17596023 1.1347144
vt 0.17596023 1.1347144
vt 0.17596023 1.1347144
vt 0.17362739 1.0830593
vt 0.17362739 1.0830593
vt 0.18439606 1.1468375
vt 0.18439606 1.1468375
vt 0.1155649 1.1482638
vt 0.1155649 1.1482638
vt 0.111383826 1.1363178
vt 0.111383826 1.1363178
vt 0.17573678 1.0327766
vt 0.17573678 1.0327766
vt 0.17573678 1.0327766
vt 0.18800472 1.0203699
vt 0.18800472 1.0203699
vt 0.18384643 1.0183725
vt 0.18384643 1.0183725
vt 0.15045354 1.0170543
vt 0.15045354 1.0170543
vt 0.15039618 1.03131
vt 0.15039618 1.03131
vt 0.12733018 1.0295995
vt 0.12733018 1.0295995
vt 0.12733018 1.0158936
vt 0.12733018 1.0158936
vt 0.09628859 1.1360648
vt 0.09628859 1.1360648
vt 0.09628859 1.1474484
vt 0.09628859 1.1474484
vt 0.111197494 0.07899809
vt 0.13225247 0.07876539
vt 0.110967174 0.09514701
vt 0.13034353 0.095909595
vt 0.15624452 0.0490427
vt 0.13130799 0.061804175
vt 0.089373544 0.039711535
vt 0.043696783 0.108701825
vt 0.030646272 0.07805008
vt 0.057581704 0.09566605
vt 0.057581704 0.07837039
vt 0.17059144 0.07887286
vt 0.15711088 0.109912395
vt 0.089373544 0.11754185
vt 0.10644605 0.009444177
vt 0.2108501 0.0114943385
vt 0.2108501 0.07965177
vt 0.2108501 0.1478092
vt 0.0020419979 0.1478092
vt 0.10644605 0.1478092
vt 0.0020419979 0.07760167
vt 0.0020419979 0.007394016
vt 0.043696783 0.04765451
vt 0.057581704 0.061074734
vt 0.111007325 0.06267589
vt 0.68296283 0.32245398
vt 0.6653507 0.32408464
vt 0.66535074 0.32971317
vt 0.6776157 0.3172965
vt 0.66535074 0.32971317
vt 0.68296283 0.3172965
vt 0.6653507 0.32408464
vt 0.6776157 0.32245398
vt 0.6653507 0.32408464
vt 0.66535074 0.32971317
vt 0.71312135 0.32408464
vt 0.71312135 0.3297134
vt 0.71312135 0.3297134
vt 0.71312135 0.32408464
vt 0.71312135 0.3297134
vt 0.71312135 0.32408464
vt 0.66535074 0.32971317
vt 0.71312135 0.32408464
vt 0.71312135 0.3297134
vt 0.6653507 0.32408464
vt 0.6776157 0.3172965
vt 0.66535074 0.32971317
vt 0.68296283 0.3172965
vt 0.6653507 0.32408464
vt 0.6776157 0.32245398
vt 0.6653507 0.32408464
vt 0.66535074 0.32971317
vt 0.68296283 0.32245398
vt 0.6653507 0.32408464
vt 0.66535074 0.32971317
vt 0.71312135 0.32408464
vt 0.71312135 0.3297134
vt 0.71312135 0.3297134
vt 0.71312135 0.32408464
vt 0.71312135 0.3297134
vt 0.71312135 0.32408464
vt 0.6736978 0.34136343
vt 0.66143286 0.3537801
vt 0.67904496 0.34136343
vt 0.66143286 0.34815156
vt 0.6736978 0.3465209
vt 0.66143286 0.34815156
vt 0.66143286 0.3537801
vt 0.67904496 0.3465209
vt 0.66143286 0.34815156
vt 0.66143286 0.3537801
vt 0.7092035 0.34815156
vt 0.7092035 0.35378033
vt 0.7092035 0.35378033
vt 0.7092035 0.34815156
vt 0.7092035 0.35378033
vt 0.7092035 0.34815156
vt 0.68296283 0.32245398
vt 0.6653507 0.32408464
vt 0.66535074 0.32971317
vt 0.6776157 0.3172965
vt 0.66535074 0.32971317
vt 0.68296283 0.3172965
vt 0.6653507 0.32408464
vt 0.6776157 0.32245398
vt 0.6653507 0.32408464
vt 0.66535074 0.32971317
vt 0.71312135 0.32408464
vt 0.71312135 0.3297134
vt 0.71312135 0.3297134
vt 0.71312135 0.32408464
vt 0.71312135 0.3297134
vt 0.71312135 0.32408464
vt 0.66143286 0.3537801
vt 0.7092035 0.34815156
vt 0.7092035 0.35378033
vt 0.66143286 0.34815156
vt 0.68296283 0.32245398
vt 0.6653507 0.32408464
vt 0.66535074 0.32971317
vt 0.6776157 0.3172965
vt 0.66535074 0.32971317
vt 0.68296283 0.3172965
vt 0.6653507 0.32408464
vt 0.6776157 0.32245398
vt 0.6653507 0.32408464
vt 0.66535074 0.32971317
vt 0.71312135 0.32408464
vt 0.71312135 0.3297134
vt 0.71312135 0.3297134
vt 0.71312135 0.32408464
vt 0.71312135 0.3297134
vt 0.71312135 0.32408464
vt 0.6653507 0.32408464
vt 0.71312135 0.3297134
vt 0.66535074 0.32971317
vt 0.71312135 0.32408464
vt 0.68296283 0.32245398
vt 0.6653507 0.32408464
vt 0.66535074 0.32971317
vt 0.6776157 0.32245398
vt 0.6653507 0.32408464
vt 0.66535074 0.32971317
vt 0.68296283 0.3172965
vt 0.6653507 0.32408464
vt 0.6776157 0.3172965
vt 0.66535074 0.32971317
vt 0.71312135 0.32408464
vt 0.71312135 0.3297134
vt 0.71312135 0.3297134
vt 0.71312135 0.32408464
vt 0.71312135 0.3297134
vt 0.71312135 0.32408464
vt 0.67904496 0.3465209
vt 0.66143286 0.34815156
vt 0.66143286 0.3537801
vt 0.6736978 0.3465209
vt 0.66143286 0.34815156
vt 0.66143286 0.3537801
vt 0.67904496 0.34136343
vt 0.66143286 0.34815156
vt 0.6736978 0.34136343
vt 0.66143286 0.3537801
vt 0.7092035 0.34815156
vt 0.7092035 0.35378033
vt 0.7092035 0.35378033
vt 0.7092035 0.34815156
vt 0.7092035 0.35378033
vt 0.7092035 0.34815156
vt 0.68296283 0.32245398
vt 0.6653507 0.32408464
vt 0.66535074 0.32971317
vt 0.6776157 0.3172965
vt 0.66535074 0.32971317
vt 0.68296283 0.3172965
vt 0.6653507 0.32408464
vt 0.6776157 0.32245398
vt 0.6653507 0.32408464
vt 0.66535074 0.32971317
vt 0.71312135 0.32408464
vt 0.71312135 0.3297134
vt 0.71312135 0.3297134
vt 0.71312135 0.32408464
vt 0.71312135 0.3297134
vt 0.71312135 0.32408464
vt 0.66143286 0.34815156
vt 0.7092035 0.35378033
vt 0.66143286 0.3537801
vt 0.7092035 0.34815156
vt 0.16473451 -0.9205389
vt 0.16473451 -0.9205389
vt 0.16473453 -0.9711628
vt 0.17990045 -0.92110884
vt 0.17990045 -0.92110884
vt 0.17990045 -0.97387516
vt 0.16473451 -0.8870076
vt 0.16473451 -0.8870076
vt 0.17990045 -0.88650644
vt 0.17990045 -0.88650644
vt 0.17990044 -0.85125065
vt 0.1647345 -0.852823
vt 0.016616927 1.1347144
vt 0.016616927 1.1347144
vt 0.016616927 1.1347144
vt 0.003741935 1.0829096
vt 0.003741935 1.0829096
vt 0.017152343 1.0830355
vt 0.017152343 1.0830355
vt 0.0045681642 1.1445414
vt 0.0045681642 1.1445414
vt 0.08896215 1.1483685
vt 0.08896215 1.1483685
vt 0.008181106 1.1468375
vt 0.008181106 1.1468375
vt 0.088975266 1.137036
vt 0.088975266 1.137036
vt 0.01634249 1.0189475
vt 0.01634249 1.0189475
vt 0.01634249 1.0189475
vt 0.0034202123 1.0070474
vt 0.0034202123 1.0070474
vt 0.008446615 1.0040262
vt 0.008446615 1.0040262
vt 0.06421756 1.0025287
vt 0.06421756 1.0025287
vt 0.07750344 1.0167198
vt 0.07750344 1.0167198
vt 0.06091499 1.0191354
vt 0.06091499 1.0191354
vt 0.07671642 1.0306586
vt 0.07671642 1.0306586
vt 0.17596023 1.1347144
vt 0.17596023 1.1347144
vt 0.17596023 1.1347144
vt 0.18883522 1.0829096
vt 0.18883522 1.0829096
vt 0.188009 1.1445414
vt 0.188009 1.1445414
vt 0.17542481 1.0830355
vt 0.17542481 1.0830355
vt 0.18439606 1.1468375
vt 0.18439606 1.1468375
vt 0.1155649 1.1482638
vt 0.1155649 1.1482638
vt 0.111383826 1.1363178
vt 0.111383826 1.1363178
vt 0.17573678 1.0327766
vt 0.17573678 1.0327766
vt 0.17573678 1.0327766
vt 0.18800472 1.0203699
vt 0.18800472 1.0203699
vt 0.18384643 1.0183725
vt 0.18384643 1.0183725
vt 0.15045354 1.0170543
vt 0.15045354 1.0170543
vt 0.15039618 1.03131
vt 0.15039618 1.03131
vt 0.12733018 1.0295995
vt 0.12733018 1.0295995
vt 0.12733018 1.0158936
vt 0.12733018 1.0158936
vt 0.09628859 1.1360648
vt 0.09628859 1.1360648
vt 0.09628859 1.1474484
vt 0.09628859 1.1474484
vt 0.109783724 0.07888299
vt 0.109783724 0.09617859
vt 0.083682716 0.09592235
vt 0.083682716 0.07862669
vt 0.13505033 0.04906404
vt 0.109783724 0.061587393
vt 0.089373544 0.039711535
vt 0.057581704 0.09566605
vt 0.030646272 0.07805008
vt 0.057581704 0.07837039
vt 0.043696783 0.108701825
vt 0.14810085 0.07920331
vt 0.13505034 0.109086215
vt 0.089373544 0.11754185
vt 0.2108501 0.0114943385
vt 0.10644605 0.009444177
vt 0.2108501 0.1478092
vt 0.2108501 0.1478092
vt 0.2108501 0.07965177
vt 0.10644605 0.1478092
vt 0.10644605 0.1478092
vt 0.0020419979 0.1478092
vt 0.0020419979 0.1478092
vt 0.0020419979 0.07760167
vt 0.043696783 0.04765451
vt 0.0020419979 0.007394016
vt 0.08368271 0.061331034
vt 0.057581704 0.061074734
vt 0.10644605 0.1478092
vt 0.0020419979 0.1478092
vt 0.2108501 0.1478092
vt 0.68296283 0.32245398
vt 0.6653507 0.32408464
vt 0.66535074 0.32971317
vt 0.6776157 0.3172965
vt 0.66535074 0.32971317
vt 0.68296283 0.3172965
vt 0.6653507 0.32408464
vt 0.6776157 0.32245398
vt 0.6653507 0.32408464
vt 0.66535074 0.32971317
vt 0.71312135 0.32408464
vt 0.71312135 0.3297134
vt 0.71312135 0.3297134
vt 0.71312135 0.32408464
vt 0.71312135 0.3297134
vt 0.71312135 0.32408464
vt 0.66535074 0.32971317
vt 0.71312135 0.32408464
vt 0.71312135 0.3297134
vt 0.6653507 0.32408464
vt 0.68296283 0.3172965
vt 0.6653507 0.32408464
vt 0.68296283 0.32245398
vt 0.6653507 0.32408464
vt 0.66535074 0.32971317
vt 0.6776157 0.32245398
vt 0.6653507 0.32408464
vt 0.66535074 0.32971317
vt 0.6776157 0.3172965
vt 0.66535074 0.32971317
vt 0.71312135 0.32408464
vt 0.71312135 0.3297134
vt 0.71312135 0.3297134
vt 0.71312135 0.32408464
vt 0.71312135 0.3297134
vt 0.71312135 0.32408464
vt 0.67904496 0.3465209
vt 0.66143286 0.34815156
vt 0.66143286 0.3537801
vt 0.6736978 0.3465209
vt 0.66143286 0.34815156
vt 0.66143286 0.3537801
vt 0.67904496 0.34136343
vt 0.66143286 0.34815156
vt 0.6736978 0.34136343
vt 0.66143286 0.3537801
vt 0.7092035 0.34815156
vt 0.7092035 0.35378033
vt 0.7092035 0.35378033
vt 0.7092035 0.34815156
vt 0.7092035 0.35378033
vt 0.7092035 0.34815156
vt 0.68296283 0.32245398
vt 0.6653507 0.32408464
vt 0.66535074 0.32971317
vt 0.6776157 0.3172965
vt 0.66535074 0.32971317
vt 0.68296283 0.3172965
vt 0.6653507 0.32408464
vt 0.6776157 0.32245398
vt 0.6653507 0.32408464
vt 0.66535074 0.32971317
vt 0.71312135 0.32408464
vt 0.71312135 0.3297134
vt 0.71312135 0.3297134
vt 0.71312135 0.32408464
vt 0.71312135 0.3297134
vt 0.71312135 0.32408464
vt 0.66143286 0.3537801
vt 0.7092035 0.34815156
vt 0.7092035 0.35378033
vt 0.66143286 0.34815156
vt 0.016616927 1.1347144
vt 0.016616927 1.1347144
vt 0.016616927 1.1347144
vt 0.005889177 1.0826553
vt 0.005889177 1.0826553
vt 0.019220855 1.0827378
vt 0.019220855 1.0827378
vt 0.0045681642 1.1445414
vt 0.0045681642 1.1445414
vt 0.08896215 1.1483685
vt 0.08896215 1.1483685
vt 0.088975266 1.137036
vt 0.088975266 1.137036
vt 0.008181106 1.1468375
vt 0.008181106 1.1468375
vt 0.01634249 1.0189475
vt 0.01634249 1.0189475
vt 0.01634249 1.0189475
vt 0.0034202123 1.0070474
vt 0.0034202123 1.0070474
vt 0.008446615 1.0040262
vt 0.008446615 1.0040262
vt 0.07671642 1.0306586
vt 0.07671642 1.0306586
vt 0.07750344 1.0167198
vt 0.07750344 1.0167198
vt 0.18696591 1.0829164
vt 0.18696591 1.0829164
vt 0.188009 1.1445414
vt 0.188009 1.1445414
vt 0.17596023 1.1347144
vt 0.17596023 1.1347144
vt 0.17596023 1.1347144
vt 0.17362739 1.0830593
vt 0.17362739 1.0830593
vt 0.1155649 1.1482638
vt 0.1155649 1.1482638
vt 0.111383826 1.1363178
vt 0.111383826 1.1363178
vt 0.18439606 1.1468375
vt 0.18439606 1.1468375
vt 0.17573678 1.0327766
vt 0.17573678 1.0327766
vt 0.17573678 1.0327766
vt 0.18800472 1.0203699
vt 0.18800472 1.0203699
vt 0.18384643 1.0183725
vt 0.18384643 1.0183725
vt 0.15045354 1.0170543
vt 0.15045354 1.0170543
vt 0.15039618 1.03131
vt 0.15039618 1.03131
vt 0.12733018 1.0295995
vt 0.12733018 1.0295995
vt 0.12733018 1.0158936
vt 0.12733018 1.0158936
vt 0.09628859 1.1360648
vt 0.09628859 1.1360648
vt 0.09628859 1.1474484
vt 0.09628859 1.1474484
vt 0.111197494 0.07899809
vt 0.13225247 0.07876539
vt 0.110967174 0.09514701
vt 0.13034353 0.095909595
vt 0.15624452 0.0490427
vt 0.13130799 0.061804175
vt 0.089373544 0.039711535
vt 0.043696783 0.108701825
vt 0.030646272 0.07805008
vt 0.057581704 0.09566605
vt 0.057581704 0.07837039
vt 0.17059144 0.07887286
vt 0.15711088 0.109912395
vt 0.089373544 0.11754185
vt 0.10644605 0.009444177
vt 0.2108501 0.0114943385
vt 0.2108501 0.07965177
vt 0.2108501 0.1478092
vt 0.0020419979 0.1478092
vt 0.10644605 0.1478092
vt 0.0020419979 0.07760167
vt 0.0020419979 0.007394016
vt 0.043696783 0.04765451
vt 0.057581704 0.061074734
vt 0.111007325 0.06267589
vt 0.68296283 0.32245398
vt 0.6653507 0.32408464
vt 0.66535074 0.32971317
vt 0.6776157 0.3172965
vt 0.66535074 0.32971317
vt 0.68296283 0.3172965
vt 0.6653507 0.32408464
vt 0.6776157 0.32245398
vt 0.6653507 0.32408464
vt 0.66535074 0.32971317
vt 0.71312135 0.3297134
vt 0.71312135 0.32408464
vt 0.71312135 0.3297134
vt 0.71312135 0.32408464
vt 0.71312135 0.3297134
vt 0.71312135 0.32408464
vt 0.6653507 0.32408464
vt 0.71312135 0.3297134
vt 0.66535074 0.32971317
vt 0.71312135 0.32408464
vt 0.6776157 0.3172965
vt 0.66535074 0.32971317
vt 0.68296283 0.3172965
vt 0.6653507 0.32408464
vt 0.6776157 0.32245398
vt 0.6653507 0.32408464
vt 0.66535074 0.32971317
vt 0.68296283 0.32245398
vt 0.6653507 0.32408464
vt 0.66535074 0.32971317
vt 0.71312135 0.32408464
vt 0.71312135 0.3297134
vt 0.71312135 0.3297134
vt 0.71312135 0.32408464
vt 0.71312135 0.3297134
vt 0.71312135 0.32408464
vt 0.6736978 0.34136343
vt 0.66143286 0.3537801
vt 0.67904496 0.34136343
vt 0.66143286 0.34815156
vt 0.6736978 0.3465209
vt 0.66143286 0.34815156
vt 0.66143286 0.3537801
vt 0.67904496 0.3465209
vt 0.66143286 0.34815156
vt 0.66143286 0.3537801
vt 0.7092035 0.34815156
vt 0.7092035 0.35378033
vt 0.7092035 0.35378033
vt 0.7092035 0.34815156
vt 0.7092035 0.35378033
vt 0.7092035 0.34815156
vt 0.68296283 0.32245398
vt 0.6653507 0.32408464
vt 0.66535074 0.32971317
vt 0.6776157 0.3172965
vt 0.66535074 0.32971317
vt 0.68296283 0.3172965
vt 0.6653507 0.32408464
vt 0.6776157 0.32245398
vt 0.6653507 0.32408464
vt 0.66535074 0.32971317
vt 0.71312135 0.32408464
vt 0.71312135 0.3297134
vt 0.71312135 0.3297134
vt 0.71312135 0.32408464
vt 0.71312135 0.3297134
vt 0.71312135 0.32408464
vt 0.66143286 0.3537801
vt 0.7092035 0.34815156
vt 0.7092035 0.35378033
vt 0.66143286 0.34815156
vt 0.68296283 0.32245398
vt 0.6653507 0.32408464
vt 0.66535074 0.32971317
vt 0.6776157 0.3172965
vt 0.66535074 0.32971317
vt 0.68296283 0.3172965
vt 0.6653507 0.32408464
vt 0.6776157 0.32245398
vt 0.6653507 0.32408464
vt 0.66535074 0.32971317
vt 0.71312135 0.32408464
vt 0.71312135 0.3297134
vt 0.71312135 0.3297134
vt 0.71312135 0.32408464
vt 0.71312135 0.3297134
vt 0.71312135 0.32408464
vt 0.66535074 0.32971317
vt 0.71312135 0.32408464
vt 0.71312135 0.3297134
vt 0.6653507 0.32408464
vt 0.68296283 0.32245398
vt 0.6653507 0.32408464
vt 0.66535074 0.32971317
vt 0.6776157 0.32245398
vt 0.6653507 0.32408464
vt 0.66535074 0.32971317
vt 0.68296283 0.3172965
vt 0.6653507 0.32408464
vt 0.6776157 0.3172965
vt 0.66535074 0.32971317
vt 0.71312135 0.32408464
vt 0.71312135 0.3297134
vt 0.71312135 0.3297134
vt 0.71312135 0.32408464
vt 0.71312135 0.3297134
vt 0.71312135 0.32408464
vt 0.67904496 0.3465209
vt 0.66143286 0.34815156
vt 0.66143286 0.3537801
vt 0.6736978 0.3465209
vt 0.66143286 0.34815156
vt 0.66143286 0.3537801
vt 0.67904496 0.34136343
vt 0.66143286 0.34815156
vt 0.6736978 0.34136343
vt 0.66143286 0.3537801
vt 0.7092035 0.34815156
vt 0.7092035 0.35378033
vt 0.7092035 0.35378033
vt 0.7092035 0.34815156
vt 0.7092035 0.35378033
vt 0.7092035 0.34815156
vt 0.68296283 0.32245398
vt 0.6653507 0.32408464
vt 0.66535074 0.32971317
vt 0.6776157 0.3172965
vt 0.66535074 0.32971317
vt 0.68296283 0.3172965
vt 0.6653507 0.32408464
vt 0.6776157 0.32245398
vt 0.6653507 0.32408464
vt 0.66535074 0.32971317
vt 0.71312135 0.32408464
vt 0.71312135 0.3297134
vt 0.71312135 0.3297134
vt 0.71312135 0.32408464
vt 0.71312135 0.3297134
vt 0.71312135 0.32408464
vt 0.66143286 0.3537801
vt 0.7092035 0.34815156
vt 0.7092035 0.35378033
vt 0.66143286 0.34815156
vt 0.16473451 -0.9205389
vt 0.16473451 -0.9205389
vt 0.16473453 -0.9711628
vt 0.17990045 -0.92110884
vt 0.17990045 -0.92110884
vt 0.17990045 -0.97387516
vt 0.17990045 -0.88650644
vt 0.17990045 -0.88650644
vt 0.16473451 -0.8870076
vt 0.16473451 -0.8870076
vt 0.17990044 -0.85125065
vt 0.1647345 -0.852823
vt 0.019220855 1.0827378
vt 0.019220855 1.0827378
vt 0.016616927 1.1347144
vt 0.016616927 1.1347144
vt 0.016616927 1.1347144
vt 0.005889177 1.0826553
vt 0.005889177 1.0826553
vt 0.0045681642 1.1445414
vt 0.0045681642 1.1445414
vt 0.088975266 1.137036
vt 0.088975266 1.137036
vt 0.08896215 1.1483685
vt 0.08896215 1.1483685
vt 0.008181106 1.1468375
vt 0.008181106 1.1468375
vt 0.01634249 1.0189475
vt 0.01634249 1.0189475
vt 0.01634249 1.0189475
vt 0.0034202123 1.0070474
vt 0.0034202123 1.0070474
vt 0.008446615 1.0040262
vt 0.008446615 1.0040262
vt 0.07671642 1.0306586
vt 0.07671642 1.0306586
vt 0.07750344 1.0167198
vt 0.07750344 1.0167198
vt 0.17596023 1.1347144
vt 0.17596023 1.1347144
vt 0.17596023 1.1347144
vt 0.17362739 1.0830593
vt 0.17362739 1.0830593
vt 0.18696591 1.0829164
vt 0.18696591 1.0829164
vt 0.188009 1.1445414
vt 0.188009 1.1445414
vt 0.1155649 1.1482638
vt 0.1155649 1.1482638
vt 0.111383826 1.1363178
vt 0.111383826 1.1363178
vt 0.18439606 1.1468375
vt 0.18439606 1.1468375
vt 0.17573678 1.0327766
vt 0.17573678 1.0327766
vt 0.17573678 1.0327766
vt 0.18800472 1.0203699
vt 0.18800472 1.0203699
vt 0.18384643 1.0183725
vt 0.18384643 1.0183725
vt 0.15045354 1.0170543
vt 0.15045354 1.0170543
vt 0.15039618 1.03131
vt 0.15039618 1.03131
vt 0.12733018 1.0158936
vt 0.12733018 1.0158936
vt 0.12733018 1.0295995
vt 0.12733018 1.0295995
vt 0.09628859 1.1360648
vt 0.09628859 1.1360648
vt 0.09628859 1.1474484
vt 0.09628859 1.1474484
vt 0.13034353 0.095909595
vt 0.110967174 0.09514701
vt 0.13225247 0.07876539
vt 0.111197494 0.07899809
vt 0.15624452 0.0490427
vt 0.13130799 0.061804175
vt 0.089373544 0.039711535
vt 0.030646272 0.07805008
vt 0.057581704 0.09566605
vt 0.043696783 0.108701825
vt 0.057581704 0.07837039
vt 0.17059144 0.07887286
vt 0.15711088 0.109912395
vt 0.089373544 0.11754185
vt 0.10644605 0.009444177
vt 0.2108501 0.0114943385
vt 0.2108501 0.1478092
vt 0.2108501 0.07965177
vt 0.10644605 0.1478092
vt 0.0020419979 0.1478092
vt 0.0020419979 0.07760167
vt 0.0020419979 0.007394016
vt 0.043696783 0.04765451
vt 0.111007325 0.06267589
vt 0.057581704 0.061074734
vt 0.6776157 0.3172965
vt 0.66535074 0.32971317
vt 0.68296283 0.32245398
vt 0.6653507 0.32408464
vt 0.66535074 0.32971317
vt 0.6776157 0.32245398
vt 0.6653507 0.32408464
vt 0.66535074 0.32971317
vt 0.68296283 0.3172965
vt 0.6653507 0.32408464
vt 0.71312135 0.32408464
vt 0.71312135 0.3297134
vt 0.71312135 0.3297134
vt 0.71312135 0.32408464
vt 0.71312135 0.3297134
vt 0.71312135 0.32408464
vt 0.66535074 0.32971317
vt 0.71312135 0.32408464
vt 0.71312135 0.3297134
vt 0.6653507 0.32408464
vt 0.6776157 0.32245398
vt 0.6653507 0.32408464
vt 0.66535074 0.32971317
vt 0.6776157 0.3172965
vt 0.66535074 0.32971317
vt 0.68296283 0.3172965
vt 0.6653507 0.32408464
vt 0.68296283 0.32245398
vt 0.6653507 0.32408464
vt 0.66535074 0.32971317
vt 0.71312135 0.32408464
vt 0.71312135 0.3297134
vt 0.71312135 0.3297134
vt 0.71312135 0.32408464
vt 0.71312135 0.3297134
vt 0.71312135 0.32408464
vt 0.6736978 0.34136343
vt 0.66143286 0.3537801
vt 0.67904496 0.34136343
vt 0.66143286 0.34815156
vt 0.6736978 0.3465209
vt 0.66143286 0.34815156
vt 0.66143286 0.3537801
vt 0.67904496 0.3465209
vt 0.66143286 0.34815156
vt 0.66143286 0.3537801
vt 0.7092035 0.34815156
vt 0.7092035 0.35378033
vt 0.7092035 0.35378033
vt 0.7092035 0.34815156
vt 0.7092035 0.35378033
vt 0.7092035 0.34815156
vt 0.68296283 0.32245398
vt 0.6653507 0.32408464
vt 0.66535074 0.32971317
vt 0.6776157 0.3172965
vt 0.66535074 0.32971317
vt 0.68296283 0.3172965
vt 0.6653507 0.32408464
vt 0.6776157 0.32245398
vt 0.6653507 0.32408464
vt 0.66535074 0.32971317
vt 0.71312135 0.32408464
vt 0.71312135 0.3297134
vt 0.71312135 0.3297134
vt 0.71312135 0.32408464
vt 0.71312135 0.3297134
vt 0.71312135 0.32408464
vt 0.7092035 0.34815156
vt 0.66143286 0.3537801
vt 0.66143286 0.34815156
vt 0.7092035 0.35378033
vt 0.6776157 0.3172965
vt 0.66535074 0.32971317
vt 0.68296283 0.32245398
vt 0.6653507 0.32408464
vt 0.66535074 0.32971317
vt 0.6776157 0.32245398
vt 0.6653507 0.32408464
vt 0.66535074 0.32971317
vt 0.68296283 0.3172965
vt 0.6653507 0.32408464
vt 0.71312135 0.3297134
vt 0.71312135 0.32408464
vt 0.71312135 0.3297134
vt 0.71312135 0.32408464
vt 0.71312135 0.3297134
vt 0.71312135 0.32408464
vt 0.6653507 0.32408464
vt 0.71312135 0.3297134
vt 0.66535074 0.32971317
vt 0.71312135 0.32408464
vt 0.6776157 0.3172965
vt 0.66535074 0.32971317
vt 0.68296283 0.3172965
vt 0.6653507 0.32408464
vt 0.6776157 0.32245398
vt 0.6653507 0.32408464
vt 0.66535074 0.32971317
vt 0.68296283 0.32245398
vt 0.6653507 0.32408464
vt 0.66535074 0.32971317
vt 0.71312135 0.32408464
vt 0.71312135 0.3297134
vt 0.71312135 0.3297134
vt 0.71312135 0.32408464
vt 0.71312135 0.3297134
vt 0.71312135 0.32408464
vt 0.67904496 0.3465209
vt 0.66143286 0.34815156
vt 0.66143286 0.3537801
vt 0.6736978 0.3465209
vt 0.66143286 0.34815156
vt 0.66143286 0.3537801
vt 0.67904496 0.34136343
vt 0.66143286 0.34815156
vt 0.6736978 0.34136343
vt 0.66143286 0.3537801
vt 0.7092035 0.34815156
vt 0.7092035 0.35378033
vt 0.7092035 0.35378033
vt 0.7092035 0.34815156
vt 0.7092035 0.35378033
vt 0.7092035 0.34815156
vt 0.68296283 0.32245398
vt 0.6653507 0.32408464
vt 0.66535074 0.32971317
vt 0.6776157 0.3172965
vt 0.66535074 0.32971317
vt 0.68296283 0.3172965
vt 0.6653507 0.32408464
vt 0.6776157 0.32245398
vt 0.6653507 0.32408464
vt 0.66535074 0.32971317
vt 0.71312135 0.32408464
vt 0.71312135 0.3297134
vt 0.71312135 0.3297134
vt 0.71312135 0.32408464
vt 0.71312135 0.3297134
vt 0.71312135 0.32408464
vt 0.66143286 0.3537801
vt 0.7092035 0.34815156
vt 0.7092035 0.35378033
vt 0.66143286 0.34815156
vt 0.17990045 -0.97387516
vt 0.17990045 -0.92110884
vt 0.17990045 -0.92110884
vt 0.16473453 -0.9711628
vt 0.16473451 -0.9205389
vt 0.16473451 -0.9205389
vt 0.16473451 -0.8870076
vt 0.16473451 -0.8870076
vt 0.17990045 -0.88650644
vt 0.17990045 -0.88650644
vt 0.17990044 -0.85125065
vt 0.1647345 -0.852823
vt 0.016616927 1.1347144
vt 0.016616927 1.1347144
vt 0.016616927 1.1347144
vt 0.003741935 1.0829096
vt 0.003741935 1.0829096
vt 0.017152343 1.0830355
vt 0.017152343 1.0830355
vt 0.0045681642 1.1445414
vt 0.0045681642 1.1445414
vt 0.08896215 1.1483685
vt 0.08896215 1.1483685
vt 0.088975266 1.137036
vt 0.088975266 1.137036
vt 0.008181106 1.1468375
vt 0.008181106 1.1468375
vt 0.01634249 1.0189475
vt 0.01634249 1.0189475
vt 0.01634249 1.0189475
vt 0.0034202123 1.0070474
vt 0.0034202123 1.0070474
vt 0.008446615 1.0040262
vt 0.008446615 1.0040262
vt 0.06421756 1.0025287
vt 0.06421756 1.0025287
vt 0.07750344 1.0167198
vt 0.07750344 1.0167198
vt 0.06091499 1.0191354
vt 0.06091499 1.0191354
vt 0.07671642 1.0306586
vt 0.07671642 1.0306586
vt 0.17596023 1.1347144
vt 0.17596023 1.1347144
vt 0.17596023 1.1347144
vt 0.17542481 1.0830355
vt 0.17542481 1.0830355
vt 0.18883522 1.0829096
vt 0.18883522 1.0829096
vt 0.188009 1.1445414
vt 0.188009 1.1445414
vt 0.1155649 1.1482638
vt 0.1155649 1.1482638
vt 0.111383826 1.1363178
vt 0.111383826 1.1363178
vt 0.18439606 1.1468375
vt 0.18439606 1.1468375
vt 0.17573678 1.0327766
vt 0.17573678 1.0327766
vt 0.17573678 1.0327766
vt 0.18800472 1.0203699
vt 0.18800472 1.0203699
vt 0.18384643 1.0183725
vt 0.18384643 1.0183725
vt 0.15045354 1.0170543
vt 0.15045354 1.0170543
vt 0.15039618 1.03131
vt 0.15039618 1.03131
vt 0.12733018 1.0158936
vt 0.12733018 1.0158936
vt 0.12733018 1.0295995
vt 0.12733018 1.0295995
vt 0.09628859 1.1360648
vt 0.09628859 1.1360648
vt 0.09628859 1.1474484
vt 0.09628859 1.1474484
vt 0.109783724 0.07888299
vt 0.083682716 0.09592235
vt 0.083682716 0.07862669
vt 0.109783724 0.09617859
vt 0.13505033 0.04906404
vt 0.109783724 0.061587393
vt 0.089373544 0.039711535
vt 0.057581704 0.09566605
vt 0.030646272 0.07805008
vt 0.057581704 0.07837039
vt 0.043696783 0.108701825
vt 0.14810085 0.07920331
vt 0.13505034 0.109086215
vt 0.089373544 0.11754185
vt 0.10644605 0.009444177
vt 0.2108501 0.0114943385
vt 0.2108501 0.07965177
vt 0.2108501 0.1478092
vt 0.2108501 0.1478092
vt 0.10644605 0.1478092
vt 0.10644605 0.1478092
vt 0.0020419979 0.1478092
vt 0.0020419979 0.1478092
vt 0.0020419979 0.007394016
vt 0.043696783 0.04765451
vt 0.0020419979 0.07760167
vt 0.057581704 0.061074734
vt 0.08368271 0.061331034
vt 0.10644605 0.1478092
vt 0.0020419979 0.1478092
vt 0.2108501 0.1478092
vt 0.6776157 0.3172965
vt 0.66535074 0.32971317
vt 0.68296283 0.32245398
vt 0.6653507 0.32408464
vt 0.66535074 0.32971317
vt 0.6776157 0.32245398
vt 0.6653507 0.32408464
vt 0.66535074 0.32971317
vt 0.68296283 0.3172965
vt 0.6653507 0.32408464
vt 0.71312135 0.32408464
vt 0.71312135 0.3297134
vt 0.71312135 0.3297134
vt 0.71312135 0.32408464
vt 0.71312135 0.3297134
vt 0.71312135 0.32408464
vt 0.66535074 0.32971317
vt 0.71312135 0.32408464
vt 0.71312135 0.3297134
vt 0.6653507 0.32408464
vt 0.6776157 0.32245398
vt 0.6653507 0.32408464
vt 0.66535074 0.32971317
vt 0.6776157 0.3172965
vt 0.66535074 0.32971317
vt 0.68296283 0.3172965
vt 0.6653507 0.32408464
vt 0.68296283 0.32245398
vt 0.6653507 0.32408464
vt 0.66535074 0.32971317
vt 0.71312135 0.32408464
vt 0.71312135 0.3297134
vt 0.71312135 0.3297134
vt 0.71312135 0.32408464
vt 0.71312135 0.3297134
vt 0.71312135 0.32408464
vt 0.6736978 0.34136343
vt 0.66143286 0.3537801
vt 0.67904496 0.34136343
vt 0.66143286 0.34815156
vt 0.6736978 0.3465209
vt 0.66143286 0.34815156
vt 0.66143286 0.3537801
vt 0.67904496 0.3465209
vt 0.66143286 0.34815156
vt 0.66143286 0.3537801
vt 0.7092035 0.34815156
vt 0.7092035 0.35378033
vt 0.7092035 0.35378033
vt 0.7092035 0.34815156
vt 0.7092035 0.35378033
vt 0.7092035 0.34815156
vt 0.68296283 0.32245398
vt 0.6653507 0.32408464
vt 0.66535074 0.32971317
vt 0.6776157 0.3172965
vt 0.66535074 0.32971317
vt 0.68296283 0.3172965
vt 0.6653507 0.32408464
vt 0.6776157 0.32245398
vt 0.6653507 0.32408464
vt 0.66535074 0.32971317
vt 0.71312135 0.32408464
vt 0.71312135 0.3297134
vt 0.71312135 0.3297134
vt 0.71312135 0.32408464
vt 0.71312135 0.3297134
vt 0.71312135 0.32408464
vt 0.7092035 0.34815156
vt 0.66143286 0.3537801
vt 0.66143286 0.34815156
vt 0.7092035 0.35378033
vt 0.0045681642 1.1445414
vt 0.0045681642 1.1445414
vt 0.005889177 1.0826553
vt 0.005889177 1.0826553
vt 0.016616927 1.1347144
vt 0.016616927 1.1347144
vt 0.016616927 1.1347144
vt 0.019220855 1.0827378
vt 0.019220855 1.0827378
vt 0.08896215 1.1483685
vt 0.08896215 1.1483685
vt 0.008181106 1.1468375
vt 0.008181106 1.1468375
vt 0.088975266 1.137036
vt 0.088975266 1.137036
vt 0.01634249 1.0189475
vt 0.01634249 1.0189475
vt 0.01634249 1.0189475
vt 0.0034202123 1.0070474
vt 0.0034202123 1.0070474
vt 0.008446615 1.0040262
vt 0.008446615 1.0040262
vt 0.07750344 1.0167198
vt 0.07750344 1.0167198
vt 0.07671642 1.0306586
vt 0.07671642 1.0306586
vt 0.18696591 1.0829164
vt 0.18696591 1.0829164
vt 0.188009 1.1445414
vt 0.188009 1.1445414
vt 0.17596023 1.1347144
vt 0.17596023 1.1347144
vt 0.17596023 1.1347144
vt 0.17362739 1.0830593
vt 0.17362739 1.0830593
vt 0.111383826 1.1363178
vt 0.111383826 1.1363178
vt 0.1155649 1.1482638
vt 0.1155649 1.1482638
vt 0.18439606 1.1468375
vt 0.18439606 1.1468375
vt 0.17573678 1.0327766
vt 0.17573678 1.0327766
vt 0.17573678 1.0327766
vt 0.18800472 1.0203699
vt 0.18800472 1.0203699
vt 0.18384643 1.0183725
vt 0.18384643 1.0183725
vt 0.15039618 1.03131
vt 0.15039618 1.03131
vt 0.15045354 1.0170543
vt 0.15045354 1.0170543
vt 0.12733018 1.0295995
vt 0.12733018 1.0295995
vt 0.12733018 1.0158936
vt 0.12733018 1.0158936
vt 0.09628859 1.1360648
vt 0.09628859 1.1360648
vt 0.09628859 1.1474484
vt 0.09628859 1.1474484
vt 0.13225247 0.07876539
vt 0.110967174 0.09514701
vt 0.111197494 0.07899809
vt 0.13034353 0.095909595
vt 0.15624452 0.0490427
vt 0.13130799 0.061804175
vt 0.089373544 0.039711535
vt 0.057581704 0.07837039
vt 0.057581704 0.09566605
vt 0.030646272 0.07805008
vt 0.043696783 0.108701825
vt 0.17059144 0.07887286
vt 0.15711088 0.109912395
vt 0.089373544 0.11754185
vt 0.10644605 0.009444177
vt 0.2108501 0.0114943385
vt 0.2108501 0.07965177
vt 0.2108501 0.1478092
vt 0.10644605 0.1478092
vt 0.0020419979 0.1478092
vt 0.0020419979 0.007394016
vt 0.043696783 0.04765451
vt 0.0020419979 0.07760167
vt 0.111007325 0.06267589
vt 0.057581704 0.061074734
vt 0.68296283 0.32245398
vt 0.6653507 0.32408464
vt 0.66535074 0.32971317
vt 0.6776157 0.3172965
vt 0.66535074 0.32971317
vt 0.68296283 0.3172965
vt 0.6653507 0.32408464
vt 0.6776157 0.32245398
vt 0.6653507 0.32408464
vt 0.66535074 0.32971317
vt 0.71312135 0.32408464
vt 0.71312135 0.3297134
vt 0.71312135 0.3297134
vt 0.71312135 0.32408464
vt 0.71312135 0.3297134
vt 0.71312135 0.32408464
vt 0.66535074 0.32971317
vt 0.71312135 0.32408464
vt 0.71312135 0.3297134
vt 0.6653507 0.32408464
vt 0.6776157 0.32245398
vt 0.6653507 0.32408464
vt 0.66535074 0.32971317
vt 0.68296283 0.3172965
vt 0.6653507 0.32408464
vt 0.68296283 0.32245398
vt 0.6653507 0.32408464
vt 0.66535074 0.32971317
vt 0.6776157 0.3172965
vt 0.66535074 0.32971317
vt 0.71312135 0.32408464
vt 0.71312135 0.3297134
vt 0.71312135 0.3297134
vt 0.71312135 0.32408464
vt 0.71312135 0.3297134
vt 0.71312135 0.32408464
vt 0.67904496 0.3465209
vt 0.66143286 0.34815156
vt 0.66143286 0.3537801
vt 0.6736978 0.3465209
vt 0.66143286 0.34815156
vt 0.66143286 0.3537801
vt 0.67904496 0.34136343
vt 0.66143286 0.34815156
vt 0.6736978 0.34136343
vt 0.66143286 0.3537801
vt 0.7092035 0.34815156
vt 0.7092035 0.35378033
vt 0.7092035 0.35378033
vt 0.7092035 0.34815156
vt 0.7092035 0.35378033
vt 0.7092035 0.34815156
vt 0.6776157 0.3172965
vt 0.66535074 0.32971317
vt 0.68296283 0.32245398
vt 0.6653507 0.32408464
vt 0.66535074 0.32971317
vt 0.6776157 0.32245398
vt 0.6653507 0.32408464
vt 0.66535074 0.32971317
vt 0.68296283 0.3172965
vt 0.6653507 0.32408464
vt 0.71312135 0.32408464
vt 0.71312135 0.3297134
vt 0.71312135 0.3297134
vt 0.71312135 0.32408464
vt 0.71312135 0.3297134
vt 0.71312135 0.32408464
vt 0.7092035 0.34815156
vt 0.66143286 0.3537801
vt 0.66143286 0.34815156
vt 0.7092035 0.35378033
vt 0.68296283 0.32245398
vt 0.6653507 0.32408464
vt 0.66535074 0.32971317
vt 0.6776157 0.3172965
vt 0.66535074 0.32971317
vt 0.68296283 0.3172965
vt 0.6653507 0.32408464
vt 0.6776157 0.32245398
vt 0.6653507 0.32408464
vt 0.66535074 0.32971317
vt 0.71312135 0.3297134
vt 0.71312135 0.32408464
vt 0.71312135 0.3297134
vt 0.71312135 0.32408464
vt 0.71312135 0.3297134
vt 0.71312135 0.32408464
vt 0.6653507 0.32408464
vt 0.71312135 0.3297134
vt 0.66535074 0.32971317
vt 0.71312135 0.32408464
vt 0.6776157 0.32245398
vt 0.6653507 0.32408464
vt 0.66535074 0.32971317
vt 0.68296283 0.3172965
vt 0.6653507 0.32408464
vt 0.68296283 0.32245398
vt 0.6653507 0.32408464
vt 0.66535074 0.32971317
vt 0.6776157 0.3172965
vt 0.66535074 0.32971317
vt 0.71312135 0.32408464
vt 0.71312135 0.3297134
vt 0.71312135 0.3297134
vt 0.71312135 0.32408464
vt 0.71312135 0.3297134
vt 0.71312135 0.32408464
vt 0.67904496 0.3465209
vt 0.66143286 0.34815156
vt 0.66143286 0.3537801
vt 0.6736978 0.3465209
vt 0.66143286 0.34815156
vt 0.66143286 0.3537801
vt 0.67904496 0.34136343
vt 0.66143286 0.34815156
vt 0.6736978 0.34136343
vt 0.66143286 0.3537801
vt 0.7092035 0.34815156
vt 0.7092035 0.35378033
vt 0.7092035 0.35378033
vt 0.7092035 0.34815156
vt 0.7092035 0.35378033
vt 0.7092035 0.34815156
vt 0.6776157 0.3172965
vt 0.66535074 0.32971317
vt 0.68296283 0.32245398
vt 0.6653507 0.32408464
vt 0.66535074 0.32971317
vt 0.6776157 0.32245398
vt 0.6653507 0.32408464
vt 0.66535074 0.32971317
vt 0.68296283 0.3172965
vt 0.6653507 0.32408464
vt 0.71312135 0.32408464
vt 0.71312135 0.3297134
vt 0.71312135 0.3297134
vt 0.71312135 0.32408464
vt 0.71312135 0.3297134
vt 0.71312135 0.32408464
vt 0.7092035 0.34815156
vt 0.66143286 0.3537801
vt 0.66143286 0.34815156
vt 0.7092035 0.35378033
vt 0.16473451 -0.9205389
vt 0.16473451 -0.9205389
vt 0.16473453 -0.9711628
vt 0.17990045 -0.92110884
vt 0.17990045 -0.92110884
vt 0.17990045 -0.97387516
vt 0.16473451 -0.8870076
vt 0.16473451 -0.8870076
vt 0.17990045 -0.88650644
vt 0.17990045 -0.88650644
vt 0.1647345 -0.852823
vt 0.17990044 -0.85125065
vt 0.016616927 1.1347144
vt 0.016616927 1.1347144
vt 0.016616927 1.1347144
vt 0.003741935 1.0829096
vt 0.003741935 1.0829096
vt 0.017152343 1.0830355
vt 0.017152343 1.0830355
vt 0.0045681642 1.1445414
vt 0.0045681642 1.1445414
vt 0.08896215 1.1483685
vt 0.08896215 1.1483685
vt 0.008181106 1.1468375
vt 0.008181106 1.1468375
vt 0.088975266 1.137036
vt 0.088975266 1.137036
vt 0.01634249 1.0189475
vt 0.01634249 1.0189475
vt 0.01634249 1.0189475
vt 0.0034202123 1.0070474
vt 0.0034202123 1.0070474
vt 0.008446615 1.0040262
vt 0.008446615 1.0040262
vt 0.06421756 1.0025287
vt 0.06421756 1.0025287
vt 0.07750344 1.0167198
vt 0.07750344 1.0167198
vt 0.06091499 1.0191354
vt 0.06091499 1.0191354
vt 0.07671642 1.0306586
vt 0.07671642 1.0306586
vt 0.17596023 1.1347144
vt 0.17596023 1.1347144
vt 0.17596023 1.1347144
vt 0.18883522 1.0829096
vt 0.18883522 1.0829096
vt 0.188009 1.1445414
vt 0.188009 1.1445414
vt 0.17542481 1.0830355
vt 0.17542481 1.0830355
vt 0.18439606 1.1468375
vt 0.18439606 1.1468375
vt 0.1155649 1.1482638
vt 0.1155649 1.1482638
vt 0.111383826 1.1363178
vt 0.111383826 1.1363178
vt 0.17573678 1.0327766
vt 0.17573678 1.0327766
vt 0.17573678 1.0327766
vt 0.18800472 1.0203699
vt 0.18800472 1.0203699
vt 0.18384643 1.0183725
vt 0.18384643 1.0183725
vt 0.15045354 1.0170543
vt 0.15045354 1.0170543
vt 0.15039618 1.03131
vt 0.15039618 1.03131
vt 0.12733018 1.0295995
vt 0.12733018 1.0295995
vt 0.12733018 1.0158936
vt 0.12733018 1.0158936
vt 0.09628859 1.1360648
vt 0.09628859 1.1360648
vt 0.09628859 1.1474484
vt 0.09628859 1.1474484
vt 0.109783724 0.07888299
vt 0.109783724 0.09617859
vt 0.083682716 0.09592235
vt 0.083682716 0.07862669
vt 0.13505033 0.04906404
vt 0.109783724 0.061587393
vt 0.089373544 0.039711535
vt 0.057581704 0.09566605
vt 0.030646272 0.07805008
vt 0.057581704 0.07837039
vt 0.043696783 0.108701825
vt 0.14810085 0.07920331
vt 0.13505034 0.109086215
vt 0.089373544 0.11754185
vt 0.2108501 0.0114943385
vt 0.10644605 0.009444177
vt 0.2108501 0.1478092
vt 0.2108501 0.1478092
vt 0.2108501 0.07965177
vt 0.10644605 0.1478092
vt 0.10644605 0.1478092
vt 0.0020419979 0.1478092
vt 0.0020419979 0.1478092
vt 0.0020419979 0.07760167
vt 0.043696783 0.04765451
vt 0.0020419979 0.007394016
vt 0.08368271 0.061331034
vt 0.057581704 0.061074734
vt 0.10644605 0.1478092
vt 0.0020419979 0.1478092
vt 0.2108501 0.1478092
vt 0.68296283 0.32245398
vt 0.6653507 0.32408464
vt 0.66535074 0.32971317
vt 0.6776157 0.3172965
vt 0.66535074 0.32971317
vt 0.68296283 0.3172965
vt 0.6653507 0.32408464
vt 0.6776157 0.32245398
vt 0.6653507 0.32408464
vt 0.66535074 0.32971317
vt 0.71312135 0.32408464
vt 0.71312135 0.3297134
vt 0.71312135 0.3297134
vt 0.71312135 0.32408464
vt 0.71312135 0.3297134
vt 0.71312135 0.32408464
vt 0.66535074 0.32971317
vt 0.71312135 0.32408464
vt 0.71312135 0.3297134
vt 0.6653507 0.32408464
vt 0.6776157 0.3172965
vt 0.66535074 0.32971317
vt 0.68296283 0.3172965
vt 0.6653507 0.32408464
vt 0.6776157 0.32245398
vt 0.6653507 0.32408464
vt 0.66535074 0.32971317
vt 0.68296283 0.32245398
vt 0.6653507 0.32408464
vt 0.66535074 0.32971317
vt 0.71312135 0.32408464
vt 0.71312135 0.3297134
vt 0.71312135 0.3297134
vt 0.71312135 0.32408464
vt 0.71312135 0.3297134
vt 0.71312135 0.32408464
vt 0.67904496 0.3465209
vt 0.66143286 0.34815156
vt 0.66143286 0.3537801
vt 0.6736978 0.3465209
vt 0.66143286 0.34815156
vt 0.66143286 0.3537801
vt 0.67904496 0.34136343
vt 0.66143286 0.34815156
vt 0.6736978 0.34136343
vt 0.66143286 0.3537801
vt 0.7092035 0.34815156
vt 0.7092035 0.35378033
vt 0.7092035 0.35378033
vt 0.7092035 0.34815156
vt 0.7092035 0.35378033
vt 0.7092035 0.34815156
vt 0.68296283 0.32245398
vt 0.6653507 0.32408464
vt 0.66535074 0.32971317
vt 0.6776157 0.3172965
vt 0.66535074 0.32971317
vt 0.68296283 0.3172965
vt 0.6653507 0.32408464
vt 0.6776157 0.32245398
vt 0.6653507 0.32408464
vt 0.66535074 0.32971317
vt 0.71312135 0.32408464
vt 0.71312135 0.3297134
vt 0.71312135 0.3297134
vt 0.71312135 0.32408464
vt 0.71312135 0.3297134
vt 0.71312135 0.32408464
vt 0.66143286 0.3537801
vt 0.7092035 0.34815156
vt 0.7092035 0.35378033
vt 0.66143286 0.34815156
vt 0.017152343 1.0830355
vt 0.017152343 1.0830355
vt 0.016616927 1.1347144
vt 0.016616927 1.1347144
vt 0.016616927 1.1347144
vt 0.003741935 1.0829096
vt 0.003741935 1.0829096
vt 0.0045681642 1.1445414
vt 0.0045681642 1.1445414
vt 0.08896215 1.1483685
vt 0.08896215 1.1483685
vt 0.008181106 1.1468375
vt 0.008181106 1.1468375
vt 0.088975266 1.137036
vt 0.088975266 1.137036
vt 0.01634249 1.0189475
vt 0.01634249 1.0189475
vt 0.01634249 1.0189475
vt 0.0034202123 1.0070474
vt 0.0034202123 1.0070474
vt 0.008446615 1.0040262
vt 0.008446615 1.0040262
vt 0.06421756 1.0025287
vt 0.06421756 1.0025287
vt 0.07750344 1.0167198
vt 0.07750344 1.0167198
vt 0.06091499 1.0191354
vt 0.06091499 1.0191354
vt 0.07671642 1.0306586
vt 0.07671642 1.0306586
vt 0.17596023 1.1347144
vt 0.17596023 1.1347144
vt 0.17596023 1.1347144
vt 0.17542481 1.0830355
vt 0.17542481 1.0830355
vt 0.18883522 1.0829096
vt 0.18883522 1.0829096
vt 0.188009 1.1445414
vt 0.188009 1.1445414
vt 0.111383826 1.1363178
vt 0.111383826 1.1363178
vt 0.1155649 1.1482638
vt 0.1155649 1.1482638
vt 0.18439606 1.1468375
vt 0.18439606 1.1468375
vt 0.17573678 1.0327766
vt 0.17573678 1.0327766
vt 0.17573678 1.0327766
vt 0.18800472 1.0203699
vt 0.18800472 1.0203699
vt 0.18384643 1.0183725
vt 0.18384643 1.0183725
vt 0.15039618 1.03131
vt 0.15039618 1.03131
vt 0.15045354 1.0170543
vt 0.15045354 1.0170543
vt 0.12733018 1.0295995
vt 0.12733018 1.0295995
vt 0.12733018 1.0158936
vt 0.12733018 1.0158936
vt 0.09628859 1.1360648
vt 0.09628859 1.1360648
vt 0.09628859 1.1474484
vt 0.09628859 1.1474484
vt 0.109783724 0.07888299
vt 0.083682716 0.09592235
vt 0.083682716 0.07862669
vt 0.109783724 0.09617859
vt 0.13505033 0.04906404
vt 0.109783724 0.061587393
vt 0.089373544 0.039711535
vt 0.043696783 0.108701825
vt 0.030646272 0.07805008
vt 0.057581704 0.09566605
vt 0.057581704 0.07837039
vt 0.14810085 0.07920331
vt 0.13505034 0.109086215
vt 0.089373544 0.11754185
vt 0.10644605 0.009444177
vt 0.2108501 0.0114943385
vt 0.2108501 0.07965177
vt 0.2108501 0.1478092
vt 0.2108501 0.1478092
vt 0.0020419979 0.1478092
vt 0.0020419979 0.1478092
vt 0.10644605 0.1478092
vt 0.10644605 0.1478092
vt 0.0020419979 0.07760167
vt 0.0020419979 0.007394016
vt 0.043696783 0.04765451
vt 0.057581704 0.061074734
vt 0.08368271 0.061331034
vt 0.10644605 0.1478092
vt 0.0020419979 0.1478092
vt 0.2108501 0.1478092
vt 0.6776157 0.3172965
vt 0.66535074 0.32971317
vt 0.68296283 0.32245398
vt 0.6653507 0.32408464
vt 0.66535074 0.32971317
vt 0.6776157 0.32245398
vt 0.6653507 0.32408464
vt 0.66535074 0.32971317
vt 0.68296283 0.3172965
vt 0.6653507 0.32408464
vt 0.71312135 0.32408464
vt 0.71312135 0.3297134
vt 0.71312135 0.3297134
vt 0.71312135 0.32408464
vt 0.71312135 0.3297134
vt 0.71312135 0.32408464
vt 0.66535074 0.32971317
vt 0.71312135 0.32408464
vt 0.71312135 0.3297134
vt 0.6653507 0.32408464
vt 0.6776157 0.32245398
vt 0.6653507 0.32408464
vt 0.66535074 0.32971317
vt 0.68296283 0.3172965
vt 0.6653507 0.32408464
vt 0.68296283 0.32245398
vt 0.6653507 0.32408464
vt 0.66535074 0.32971317
vt 0.6776157 0.3172965
vt 0.66535074 0.32971317
vt 0.71312135 0.32408464
vt 0.71312135 0.3297134
vt 0.71312135 0.3297134
vt 0.71312135 0.32408464
vt 0.71312135 0.3297134
vt 0.71312135 0.32408464
vt 0.6736978 0.3465209
vt 0.66143286 0.34815156
vt 0.66143286 0.3537801
vt 0.67904496 0.34136343
vt 0.66143286 0.34815156
vt 0.67904496 0.3465209
vt 0.66143286 0.34815156
vt 0.66143286 0.3537801
vt 0.6736978 0.34136343
vt 0.66143286 0.3537801
vt 0.7092035 0.34815156
vt 0.7092035 0.35378033
vt 0.7092035 0.35378033
vt 0.7092035 0.34815156
vt 0.7092035 0.35378033
vt 0.7092035 0.34815156
vt 0.6776157 0.3172965
vt 0.66535074 0.32971317
vt 0.68296283 0.32245398
vt 0.6653507 0.32408464
vt 0.66535074 0.32971317
vt 0.6776157 0.32245398
vt 0.6653507 0.32408464
vt 0.66535074 0.32971317
vt 0.68296283 0.3172965
vt 0.6653507 0.32408464
vt 0.71312135 0.32408464
vt 0.71312135 0.3297134
vt 0.71312135 0.3297134
vt 0.71312135 0.32408464
vt 0.71312135 0.3297134
vt 0.71312135 0.32408464
vt 0.7092035 0.34815156
vt 0.66143286 0.3537801
vt 0.66143286 0.34815156
vt 0.7092035 0.35378033
vt 0.0045681642 1.1445414
vt 0.0045681642 1.1445414
vt 0.005889177 1.0826553
vt 0.005889177 1.0826553
vt 0.016616927 1.1347144
vt 0.016616927 1.1347144
vt 0.016616927 1.1347144
vt 0.019220855 1.0827378
vt 0.019220855 1.0827378
vt 0.08896215 1.1483685
vt 0.08896215 1.1483685
vt 0.008181106 1.1468375
vt 0.008181106 1.1468375
vt 0.088975266 1.137036
vt 0.088975266 1.137036
vt 0.01634249 1.0189475
vt 0.01634249 1.0189475
vt 0.01634249 1.0189475
vt 0.0034202123 1.0070474
vt 0.0034202123 1.0070474
vt 0.008446615 1.0040262
vt 0.008446615 1.0040262
vt 0.07750344 1.0167198
vt 0.07750344 1.0167198
vt 0.07671642 1.0306586
vt 0.07671642 1.0306586
vt 0.18696591 1.0829164
vt 0.18696591 1.0829164
vt 0.188009 1.1445414
vt 0.188009 1.1445414
vt 0.17596023 1.1347144
vt 0.17596023 1.1347144
vt 0.17596023 1.1347144
vt 0.17362739 1.0830593
vt 0.17362739 1.0830593
vt 0.111383826 1.1363178
vt 0.111383826 1.1363178
vt 0.1155649 1.1482638
vt 0.1155649 1.1482638
vt 0.18439606 1.1468375
vt 0.18439606 1.1468375
vt 0.17573678 1.0327766
vt 0.17573678 1.0327766
vt 0.17573678 1.0327766
vt 0.18800472 1.0203699
vt 0.18800472 1.0203699
vt 0.18384643 1.0183725
vt 0.18384643 1.0183725
vt 0.15039618 1.03131
vt 0.15039618 1.03131
vt 0.15045354 1.0170543
vt 0.15045354 1.0170543
vt 0.12733018 1.0295995
vt 0.12733018 1.0295995
vt 0.12733018 1.0158936
vt 0.12733018 1.0158936
vt 0.09628859 1.1360648
vt 0.09628859 1.1360648
vt 0.09628859 1.1474484
vt 0.09628859 1.1474484
vt 0.13225247 0.07876539
vt 0.110967174 0.09514701
vt 0.111197494 0.07899809
vt 0.13034353 0.095909595
vt 0.15624452 0.0490427
vt 0.13130799 0.061804175
vt 0.089373544 0.039711535
vt 0.057581704 0.07837039
vt 0.057581704 0.09566605
vt 0.030646272 0.07805008
vt 0.043696783 0.108701825
vt 0.17059144 0.07887286
vt 0.15711088 0.109912395
vt 0.089373544 0.11754185
vt 0.10644605 0.009444177
vt 0.2108501 0.0114943385
vt 0.2108501 0.07965177
vt 0.2108501 0.1478092
vt 0.10644605 0.1478092
vt 0.0020419979 0.1478092
vt 0.0020419979 0.007394016
vt 0.043696783 0.04765451
vt 0.0020419979 0.07760167
vt 0.111007325 0.06267589
vt 0.057581704 0.061074734
vt 0.68296283 0.32245398
vt 0.6653507 0.32408464
vt 0.66535074 0.32971317
vt 0.6776157 0.3172965
vt 0.66535074 0.32971317
vt 0.68296283 0.3172965
vt 0.6653507 0.32408464
vt 0.6776157 0.32245398
vt 0.6653507 0.32408464
vt 0.66535074 0.32971317
vt 0.71312135 0.32408464
vt 0.71312135 0.3297134
vt 0.71312135 0.3297134
vt 0.71312135 0.32408464
vt 0.71312135 0.3297134
vt 0.71312135 0.32408464
vt 0.66535074 0.32971317
vt 0.71312135 0.32408464
vt 0.71312135 0.3297134
vt 0.6653507 0.32408464
vt 0.6776157 0.32245398
vt 0.6653507 0.32408464
vt 0.66535074 0.32971317
vt 0.68296283 0.3172965
vt 0.6653507 0.32408464
vt 0.68296283 0.32245398
vt 0.6653507 0.32408464
vt 0.66535074 0.32971317
vt 0.6776157 0.3172965
vt 0.66535074 0.32971317
vt 0.71312135 0.32408464
vt 0.71312135 0.3297134
vt 0.71312135 0.3297134
vt 0.71312135 0.32408464
vt 0.71312135 0.3297134
vt 0.71312135 0.32408464
vt 0.67904496 0.3465209
vt 0.66143286 0.34815156
vt 0.66143286 0.3537801
vt 0.6736978 0.3465209
vt 0.66143286 0.34815156
vt 0.66143286 0.3537801
vt 0.67904496 0.34136343
vt 0.66143286 0.34815156
vt 0.6736978 0.34136343
vt 0.66143286 0.3537801
vt 0.7092035 0.34815156
vt 0.7092035 0.35378033
vt 0.7092035 0.35378033
vt 0.7092035 0.34815156
vt 0.7092035 0.35378033
vt 0.7092035 0.34815156
vt 0.6776157 0.3172965
vt 0.66535074 0.32971317
vt 0.68296283 0.32245398
vt 0.6653507 0.32408464
vt 0.66535074 0.32971317
vt 0.6776157 0.32245398
vt 0.6653507 0.32408464
vt 0.66535074 0.32971317
vt 0.68296283 0.3172965
vt 0.6653507 0.32408464
vt 0.71312135 0.32408464
vt 0.71312135 0.3297134
vt 0.71312135 0.3297134
vt 0.71312135 0.32408464
vt 0.71312135 0.3297134
vt 0.71312135 0.32408464
vt 0.7092035 0.34815156
vt 0.66143286 0.3537801
vt 0.66143286 0.34815156
vt 0.7092035 0.35378033
vt 0.68296283 0.32245398
vt 0.6653507 0.32408464
vt 0.66535074 0.32971317
vt 0.6776157 0.3172965
vt 0.66535074 0.32971317
vt 0.68296283 0.3172965
vt 0.6653507 0.32408464
vt 0.6776157 0.32245398
vt 0.6653507 0.32408464
vt 0.66535074 0.32971317
vt 0.71312135 0.3297134
vt 0.71312135 0.32408464
vt 0.71312135 0.3297134
vt 0.71312135 0.32408464
vt 0.71312135 0.3297134
vt 0.71312135 0.32408464
vt 0.6653507 0.32408464
vt 0.71312135 0.3297134
vt 0.66535074 0.32971317
vt 0.71312135 0.32408464
vt 0.6776157 0.32245398
vt 0.6653507 0.32408464
vt 0.66535074 0.32971317
vt 0.68296283 0.3172965
vt 0.6653507 0.32408464
vt 0.68296283 0.32245398
vt 0.6653507 0.32408464
vt 0.66535074 0.32971317
vt 0.6776157 0.3172965
vt 0.66535074 0.32971317
vt 0.71312135 0.32408464
vt 0.71312135 0.3297134
vt 0.71312135 0.3297134
vt 0.71312135 0.32408464
vt 0.71312135 0.3297134
vt 0.71312135 0.32408464
vt 0.67904496 0.3465209
vt 0.66143286 0.34815156
vt 0.66143286 0.3537801
vt 0.6736978 0.3465209
vt 0.66143286 0.34815156
vt 0.66143286 0.3537801
vt 0.67904496 0.34136343
vt 0.66143286 0.34815156
vt 0.6736978 0.34136343
vt 0.66143286 0.3537801
vt 0.7092035 0.34815156
vt 0.7092035 0.35378033
vt 0.7092035 0.35378033
vt 0.7092035 0.34815156
vt 0.7092035 0.35378033
vt 0.7092035 0.34815156
vt 0.6776157 0.3172965
vt 0.66535074 0.32971317
vt 0.68296283 0.32245398
vt 0.6653507 0.32408464
vt 0.66535074 0.32971317
vt 0.6776157 0.32245398
vt 0.6653507 0.32408464
vt 0.66535074 0.32971317
vt 0.68296283 0.3172965
vt 0.6653507 0.32408464
vt 0.71312135 0.32408464
vt 0.71312135 0.3297134
vt 0.71312135 0.3297134
vt 0.71312135 0.32408464
vt 0.71312135 0.3297134
vt 0.71312135 0.32408464
vt 0.7092035 0.34815156
vt 0.66143286 0.3537801
vt 0.66143286 0.34815156
vt 0.7092035 0.35378033
vt 0.16473451 -0.9205389
vt 0.16473451 -0.9205389
vt 0.16473453 -0.9711628
vt 0.17990045 -0.92110884
vt 0.17990045 -0.92110884
vt 0.17990045 -0.97387516
vt 0.16473451 -0.8870076
vt 0.16473451 -0.8870076
vt 0.17990045 -0.88650644
vt 0.17990045 -0.88650644
vt 0.1647345 -0.852823
vt 0.17990044 -0.85125065
vt 0.057476923 0.10937059
vt 0.021090833 0.09894079
vt 0.047896422 0.082779765
vt 0.07113388 0.097515106
vt 0.10180809 0.06781423
vt 0.15570566 0.086981654
vt 0.13450725 0.09795725
vt 0.1018689 0.09980786
vt 0.16756965 0.12601185
vt 0.22056445 1.0856586
vt 0.18003498 0.1360007
vt 0.03831681 0.07230693
vt 0.16654186 0.1370601
vt 0.22291842 1.0856439
vt 0.18106079 0.12502116
vt 0.03831681 0.07230693
vt 0.22051916 1.067831
vt 0.16757177 0.12046069
vt 0.22287315 1.0678163
vt 0.16654594 0.13145357
vt 0.64432496 0.3027439
vt 0.7092451 0.3027568
vt 0.6443549 0.30383968
vt 0.6443549 0.30383968
vt 0.70921516 0.30385256
vt 0.70921516 0.30385256
vt 0.64445996 0.3044238
vt 0.70910996 0.30443668
vt 0.64388484 0.30274987
vt 0.64388484 0.30274987
vt 0.70927304 0.3027789
vt 0.70927304 0.3027789
vt 0.6439137 0.30505896
vt 0.6439137 0.30505896
vt 0.7092442 0.30508792
vt 0.7092442 0.30508792
vt 0.64398897 0.30404043
vt 0.7091688 0.30406946
vt 0.6470759 0.3072827
vt 0.64704347 0.30902153
vt 0.70481473 0.30904675
vt 0.7047823 0.30520558
vt 0.6470759 0.30904675
vt 0.64704347 0.30520558
vt 0.70481473 0.3072827
vt 0.7047823 0.30902153
vt 0.7047823 0.30726177
vt 0.64704347 0.30726177
vt 0.7047823 0.30696535
vt 0.64704347 0.30696535
vt 0.6440179 0.305964
vt 0.70914 0.3059929
vt 0.19437742 -0.9275522
vt 0.19437742 -0.9275522
vt 0.19437742 -0.9275522
vt 0.19437742 -0.9275522
vt 0.1539537 -0.92795837
vt 0.1539537 -0.92795837
vt 0.1539537 -0.92795837
vt 0.1539537 -0.92795837
vt 0.15275905 -0.9448434
vt 0.15275905 -0.9448434
vt 0.15275905 -0.9448434
vt 0.15275905 -0.9448434
vt 0.15275905 -0.9448434
vt 0.15275905 -0.9448434
vt 0.19427851 -0.9845011
vt 0.19427851 -0.9845011
vt 0.19427851 -0.9845011
vt 0.15196331 -0.9686426
vt 0.15196331 -0.9686426
vt 0.15196331 -0.9686426
vt 0.15196331 -0.9686426
vt 0.09539643 -0.9847877
vt 0.09539643 -0.9847877
vt 0.09539643 -0.9847877
vt 0.11518886 -0.92765594
vt 0.11518886 -0.92765594
vt 0.11518886 -0.92765594
vt 0.11518886 -0.92765594
vt 0.11518886 -0.92765594
vt 0.13099505 -0.87678266
vt 0.13099505 -0.87678266
vt 0.12373464 0.115208685
vt 0.13099505 -0.87678266
vt 0.13099505 -0.87678266
vt 0.018564325 -0.9405155
vt 0.018279072 -0.9847877
vt 0.111206494 -0.94048643
vt 0.111206494 -0.94048643
vt 0.111206494 -0.94048643
vt 0.111206494 -0.94048643
vt 0.17990045 -0.97387516
vt 0.17990045 -0.92110884
vt 0.17990045 -0.92110884
vt 0.16473453 -0.9711628
vt 0.16473451 -0.9205389
vt 0.16473451 -0.9205389
vt 0.1202642 -0.87678266
vt 0.1202642 -0.87678266
vt 0.1202642 -0.87678266
vt 0.018921468 -0.87678266
vt 0.018921468 -0.87678266
vt 0.018636398 -0.92768383
vt 0.1202642 -0.87060475
vt 0.018921468 -0.87060475
vt 0.020164255 -0.87255573
vt 0.020164255 -0.87255573
vt 0.020164255 -0.87255573
vt 0.009035624 -0.9275384
vt 0.009035624 -0.9275384
vt 0.02062684 -0.9274051
vt 0.02062684 -0.9274051
vt 0.009749727 -0.8621254
vt 0.009749727 -0.8621254
vt 0.11070495 -0.85977435
vt 0.11070495 -0.85977435
vt 0.012872643 -0.8596883
vt 0.012872643 -0.8596883
vt 0.10026462 -0.8718754
vt 0.10026462 -0.8718754
vt 0.1172242 -0.8708868
vt 0.1172242 -0.8708868
vt 0.13101205 -0.8551165
vt 0.13101205 -0.8551165
vt 0.13102622 -0.877748
vt 0.12376846 0.09865087
vt 0.11723542 -0.87852526
vt 0.108778015 0.09865087
vt 0.020357303 -0.9807472
vt 0.020357303 -0.9807472
vt 0.020357303 -0.9807472
vt 0.009753313 -0.99391484
vt 0.009753313 -0.99391484
vt 0.013347455 -0.99603486
vt 0.013347455 -0.99603486
vt 0.14622979 -0.9842937
vt 0.14622979 -0.9842937
vt 0.095378876 -0.99883294
vt 0.095378876 -0.99883294
vt 0.14709501 -0.9993694
vt 0.14709501 -0.9993694
vt 0.088468485 -0.9838605
vt 0.088468485 -0.9838605
vt 0.04221082 -0.99743414
vt 0.04221082 -0.99743414
vt 0.042260464 -0.9823041
vt 0.042260464 -0.9823041
vt 0.17057484 -0.9842937
vt 0.17057484 -0.9842937
vt 0.17144017 -0.9993694
vt 0.17144017 -0.9993694
vt 0.22481067 0.044004142
vt 0.19450943 -0.8544048
vt 0.23918326 0.05690384
vt 0.22481067 0.05705321
vt 0.23918326 0.043853223
vt 0.20660278 -0.85641503
vt 0.19437742 -0.9275522
vt 0.19437742 -0.9275522
vt 0.19492036 -0.9842937
vt 0.19492036 -0.9842937
vt 0.19492036 -0.9842937
vt 0.21052703 -0.92762184
vt 0.21052703 -0.92762184
vt 0.2097665 -0.99732614
vt 0.2097665 -0.99732614
vt 0.20908044 -0.85852957
vt 0.20908044 -0.85852957
vt 0.19450943 -0.8767884
vt 0.19450943 -0.8767884
vt 0.20678933 -0.9999244
vt 0.1957856 -0.9993694
vt 0.1957856 -0.9993694
vt 0.16473451 -0.8870076
vt 0.16473451 -0.8870076
vt 0.17990045 -0.88650644
vt 0.17990045 -0.88650644
vt 0.17990044 -0.85125065
vt 0.1647345 -0.852823
vt 0.108778015 0.11751187
vt 0.19450943 -0.8767884
vt 0.19432797 -0.9560267
vt 0.027464882 1.08798
vt 0.027464882 1.08798
vt 0.040109858 1.105618
vt 0.040109858 1.105618
vt 0.040109858 1.105618
vt 0.040109858 1.105618
vt 0.021168381 1.1054938
vt 0.053614676 1.0889624
vt 0.053614676 1.0889624
vt 0.04058513 1.0826454
vt 0.04058513 1.0826454
vt 0.059705444 1.1065131
vt 0.10015032 0.11637676
vt 0.13741003 0.11263323
vt 0.18245521 0.10523021
vt 0.20568442 0.016629934
vt 0.20204389 0.10596275
vt 0.20204389 0.10596275
vt 0.20204389 0.10596275
vt 0.19979139 0.018322706
vt 0.2071271 0.1141296
vt 0.2071271 0.1141296
vt 0.20558172 0.11772859
vt 0.20558172 0.11772859
vt 0.022087172 0.038642287
vt 0.1868865 0.11530757
vt 0.022087172 0.038642287
vt 0.18684052 0.12674546
vt 0.1145612 0.12037587
vt 0.11479123 0.13484412
vt 0.008413574 0.12939745
vt 0.008413574 0.12939745
vt 0.013711876 0.12261188
vt 0.013711876 0.12261188
vt 0.013711876 0.12261188
vt 0.010069308 0.1327489
vt 0.010069308 0.1327489
vt 0.089442216 0.13679141
vt 0.08921243 0.12236965
vt 0.010804653 0.031927466
vt 0.0069930307 0.03189504
vt 0.68296283 0.32245398
vt 0.6653507 0.32408464
vt 0.66535074 0.32971317
vt 0.6776157 0.3172965
vt 0.66535074 0.32971317
vt 0.68296283 0.3172965
vt 0.6653507 0.32408464
vt 0.6776157 0.32245398
vt 0.6653507 0.32408464
vt 0.66535074 0.32971317
vt 0.71312135 0.32408464
vt 0.71312135 0.3297134
vt 0.71312135 0.3297134
vt 0.71312135 0.32408464
vt 0.71312135 0.3297134
vt 0.71312135 0.32408464
vt 0.66535074 0.32971317
vt 0.71312135 0.32408464
vt 0.71312135 0.3297134
vt 0.6653507 0.32408464
vt 0.6776157 0.3172965
vt 0.66535074 0.32971317
vt 0.68296283 0.3172965
vt 0.6653507 0.32408464
vt 0.6776157 0.32245398
vt 0.6653507 0.32408464
vt 0.66535074 0.32971317
vt 0.68296283 0.32245398
vt 0.6653507 0.32408464
vt 0.66535074 0.32971317
vt 0.71312135 0.32408464
vt 0.71312135 0.3297134
vt 0.71312135 0.3297134
vt 0.71312135 0.32408464
vt 0.71312135 0.3297134
vt 0.71312135 0.32408464
vt 0.67904496 0.3465209
vt 0.66143286 0.34815156
vt 0.66143286 0.3537801
vt 0.6736978 0.3465209
vt 0.66143286 0.34815156
vt 0.66143286 0.3537801
vt 0.67904496 0.34136343
vt 0.66143286 0.34815156
vt 0.6736978 0.34136343
vt 0.66143286 0.3537801
vt 0.7092035 0.34815156
vt 0.7092035 0.35378033
vt 0.7092035 0.35378033
vt 0.7092035 0.34815156
vt 0.7092035 0.35378033
vt 0.7092035 0.34815156
vt 0.6776157 0.32245398
vt 0.6653507 0.32408464
vt 0.66535074 0.32971317
vt 0.68296283 0.3172965
vt 0.6653507 0.32408464
vt 0.68296283 0.32245398
vt 0.6653507 0.32408464
vt 0.66535074 0.32971317
vt 0.6776157 0.3172965
vt 0.66535074 0.32971317
vt 0.71312135 0.32408464
vt 0.71312135 0.3297134
vt 0.71312135 0.3297134
vt 0.71312135 0.32408464
vt 0.71312135 0.3297134
vt 0.71312135 0.32408464
vt 0.66143286 0.3537801
vt 0.7092035 0.34815156
vt 0.7092035 0.35378033
vt 0.66143286 0.34815156
vt 0.68296283 0.32245398
vt 0.6653507 0.32408464
vt 0.66535074 0.32971317
vt 0.6776157 0.3172965
vt 0.66535074 0.32971317
vt 0.68296283 0.3172965
vt 0.6653507 0.32408464
vt 0.6776157 0.32245398
vt 0.6653507 0.32408464
vt 0.66535074 0.32971317
vt 0.71312135 0.3297134
vt 0.71312135 0.32408464
vt 0.71312135 0.3297134
vt 0.71312135 0.32408464
vt 0.71312135 0.3297134
vt 0.71312135 0.32408464
vt 0.6653507 0.32408464
vt 0.71312135 0.3297134
vt 0.66535074 0.32971317
vt 0.71312135 0.32408464
vt 0.68296283 0.32245398
vt 0.6653507 0.32408464
vt 0.66535074 0.32971317
vt 0.6776157 0.32245398
vt 0.6653507 0.32408464
vt 0.66535074 0.32971317
vt 0.68296283 0.3172965
vt 0.6653507 0.32408464
vt 0.6776157 0.3172965
vt 0.66535074 0.32971317
vt 0.71312135 0.32408464
vt 0.71312135 0.3297134
vt 0.71312135 0.3297134
vt 0.71312135 0.32408464
vt 0.71312135 0.3297134
vt 0.71312135 0.32408464
vt 0.6736978 0.34136343
vt 0.66143286 0.3537801
vt 0.67904496 0.3465209
vt 0.66143286 0.34815156
vt 0.66143286 0.3537801
vt 0.6736978 0.3465209
vt 0.66143286 0.34815156
vt 0.66143286 0.3537801
vt 0.67904496 0.34136343
vt 0.66143286 0.34815156
vt 0.7092035 0.34815156
vt 0.7092035 0.35378033
vt 0.7092035 0.35378033
vt 0.7092035 0.34815156
vt 0.7092035 0.35378033
vt 0.7092035 0.34815156
vt 0.6776157 0.3172965
vt 0.66535074 0.32971317
vt 0.68296283 0.32245398
vt 0.6653507 0.32408464
vt 0.66535074 0.32971317
vt 0.6776157 0.32245398
vt 0.6653507 0.32408464
vt 0.66535074 0.32971317
vt 0.68296283 0.3172965
vt 0.6653507 0.32408464
vt 0.71312135 0.32408464
vt 0.71312135 0.3297134
vt 0.71312135 0.3297134
vt 0.71312135 0.32408464
vt 0.71312135 0.3297134
vt 0.71312135 0.32408464
vt 0.7092035 0.34815156
vt 0.66143286 0.3537801
vt 0.66143286 0.34815156
vt 0.7092035 0.35378033
f 3014/3014 3006/3006 3013/3013
f 3029/3029 3028/3028 3023/3023
f 3060/3060 3059/3059 3056/3056
f 3071/3071 3069/3069 3067/3067
f 3306/3306 3302/3302 3305/3305
f 3287/3287 3292/3292 3298/3298
f 3332/3332 3331/3331 3328/3328
f 3315/3315 3326/3326 3318/3318
f 3547/3547 3546/3546 3543/3543
f 3530/3530 3541/3541 3533/3533
f 3577/3577 3573/3573 3576/3576
f 3558/3558 3563/3563 3569/3569
f 3714/3714 3710/3710 3713/3713
f 3702/3702 3696/3696 3708/3708
f 3740/3740 3739/3739 3736/3736
f 3723/3723 3730/3730 3726/3726
f 3955/3955 3951/3951 3954/3954
f 3943/3943 3937/3937 3947/3947
f 3985/3985 3984/3984 3981/3981
f 3971/3971 3975/3975 3967/3967
f 4122/4122 4118/4118 4121/4121
f 4110/4110 4104/4104 4116/4116
f 4148/4148 4147/4147 4144/4144
f 4131/4131 4142/4142 4134/4134
f 4363/4363 4359/4359 4362/4362
f 4351/4351 4347/4347 4357/4357
f 4389/4389 4388/4388 4385/4385
f 4377/4377 4383/4383 4371/4371
f 4604/4604 4600/4600 4603/4603
f 4592/4592 4586/4586 4598/4598
f 4634/4634 4633/4633 4630/4630
f 4622/4622 4628/4628 4616/4616
f 4771/4771 4767/4767 4770/4770
f 4752/4752 4757/4757 4763/4763
f 4797/4797 4796/4796 4793/4793
f 4780/4780 4791/4791 4783/4783
f 5012/5012 5008/5008 5011/5011
f 5000/5000 4994/4994 5004/5004
f 5042/5042 5041/5041 5038/5038
f 5028/5028 5032/5032 5024/5024
f 5179/5179 5175/5175 5178/5178
f 5167/5167 5163/5163 5171/5171
f 5209/5209 5208/5208 5205/5205
f 5197/5197 5203/5203 5191/5191
f 5346/5346 5342/5342 5345/5345
f 5327/5327 5332/5332 5338/5338
f 5372/5372 5371/5371 5368/5368
f 5355/5355 5366/5366 5358/5358
f 5619/5619 5623/5623 5627/5627
f 5633/5633 5636/5636 5640/5640
f 5643/5643 5624/5624 5648/5648
f 5649/5649 5665/5665 5644/5644
f 5701/5701 5697/5697 5700/5700
f 5681/5681 5675/5675 5685/5685
f 5637/5637 5628/5628 5656/5656
f 5642/5642 5638/5638 5657/5657
f 5651/5651 5625/5625 5620/5620
f 5652/5652 5621/5621 5748/5748
f 5658/5658 5630/5630 5646/5646
f 5635/5635 5631/5631 5639/5639
f 5647/5647 5632/5632 5626/5626
f 5750/5750 5752/5752 5756/5756
f 5757/5757 5753/5753 5759/5759
f 5760/5760 5754/5754 5751/5751
f 5761/5761 5755/5755 5758/5758
f 5772/5772 5767/5767 5771/5771
f 5780/5780 5782/5782 5785/5785
f 3005/3005 3008/3008 3010/3010
f 3005/3005 3010/3010 3012/3012
f 3007/3007 3016/3016 3018/3018
f 3015/3015 3016/3016 3007/3007
f 3020/3020 3022/3022 3025/3025
f 3027/3027 3025/3025 3022/3022
f 3024/3024 3031/3031 3030/3030
f 3031/3031 3024/3024 3033/3033
f 3034/3034 3035/3035 3032/3032
f 3032/3032 3035/3035 3037/3037
f 3036/3036 3017/3017 3038/3038
f 3017/3017 3036/3036 3019/3019
f 3039/3039 3042/3042 3045/3045
f 3045/3045 3042/3042 3047/3047
f 3049/3049 3048/3048 3043/3043
f 3048/3048 3049/3049 3051/3051
f 3040/3040 3050/3050 3044/3044
f 3040/3040 3052/3052 3050/3050
f 3046/3046 3054/3054 3053/3053
f 3053/3053 3041/3041 3046/3046
f 3055/3055 3011/3011 3009/3009
f 3011/3011 3055/3055 3058/3058
f 3057/3057 3062/3062 3064/3064
f 3064/3064 3061/3061 3057/3057
f 3026/3026 3066/3066 3068/3068
f 3026/3026 3068/3068 3021/3021
f 3072/3072 3073/3073 3070/3070
f 3070/3070 3073/3073 3075/3075
f 3074/3074 3077/3077 3076/3076
f 3077/3077 3074/3074 3079/3079
f 3078/3078 3065/3065 3063/3063
f 3065/3065 3078/3078 3080/3080
f 3081/3081 3083/3083 3086/3086
f 3086/3086 3083/3083 3088/3088
f 3091/3091 3082/3082 3093/3093
f 3082/3082 3091/3091 3084/3084
f 3094/3094 3085/3085 3092/3092
f 3085/3085 3094/3094 3089/3089
f 3087/3087 3095/3095 3096/3096
f 3095/3095 3087/3087 3090/3090
f 3122/3122 3125/3125 3127/3127
f 3125/3125 3122/3122 3129/3129
f 3130/3130 3132/3132 3134/3134
f 3134/3134 3126/3126 3130/3130
f 3135/3135 3131/3131 3123/3123
f 3131/3131 3135/3135 3133/3133
f 3137/3137 3124/3124 3128/3128
f 3124/3124 3137/3137 3136/3136
f 3138/3138 3139/3139 3140/3140
f 3139/3139 3138/3138 3141/3141
f 3142/3142 3145/3145 3147/3147
f 3145/3145 3142/3142 3150/3150
f 3151/3151 3152/3152 3154/3154
f 3152/3152 3151/3151 3143/3143
f 3155/3155 3144/3144 3148/3148
f 3144/3144 3155/3155 3153/3153
f 3146/3146 3157/3157 3156/3156
f 3146/3146 3156/3156 3149/3149
f 3158/3158 3161/3161 3164/3164
f 3164/3164 3161/3161 3166/3166
f 3168/3168 3167/3167 3162/3162
f 3167/3167 3168/3168 3170/3170
f 3171/3171 3163/3163 3159/3159
f 3163/3163 3171/3171 3169/3169
f 3165/3165 3173/3173 3172/3172
f 3165/3165 3172/3172 3160/3160
f 3174/3174 3176/3176 3179/3179
f 3176/3176 3174/3174 3182/3182
f 3184/3184 3175/3175 3180/3180
f 3175/3175 3184/3184 3186/3186
f 3177/3177 3187/3187 3185/3185
f 3177/3177 3185/3185 3181/3181
f 3183/3183 3189/3189 3188/3188
f 3188/3188 3178/3178 3183/3183
f 3190/3190 3191/3191 3192/3192
f 3191/3191 3190/3190 3193/3193
f 3194/3194 3197/3197 3199/3199
f 3197/3197 3194/3194 3201/3201
f 3202/3202 3204/3204 3198/3198
f 3204/3204 3202/3202 3205/3205
f 3195/3195 3207/3207 3206/3206
f 3206/3206 3203/3203 3195/3195
f 3209/3209 3196/3196 3200/3200
f 3196/3196 3209/3209 3208/3208
f 3210/3210 3213/3213 3215/3215
f 3213/3213 3210/3210 3218/3218
f 3211/3211 3220/3220 3222/3222
f 3222/3222 3219/3219 3211/3211
f 3221/3221 3216/3216 3223/3223
f 3216/3216 3221/3221 3212/3212
f 3225/3225 3217/3217 3214/3214
f 3217/3217 3225/3225 3224/3224
f 3226/3226 3229/3229 3232/3232
f 3232/3232 3229/3229 3234/3234
f 3236/3236 3235/3235 3230/3230
f 3235/3235 3236/3236 3238/3238
f 3239/3239 3231/3231 3227/3227
f 3231/3231 3239/3239 3237/3237
f 3233/3233 3241/3241 3240/3240
f 3240/3240 3228/3228 3233/3233
f 3242/3242 3244/3244 3247/3247
f 3244/3244 3242/3242 3250/3250
f 3248/3248 3252/3252 3254/3254
f 3248/3248 3254/3254 3243/3243
f 3255/3255 3249/3249 3245/3245
f 3249/3249 3255/3255 3253/3253
f 3246/3246 3257/3257 3256/3256
f 3257/3257 3246/3246 3251/3251
f 3258/3258 3259/3259 3260/3260
f 3259/3259 3258/3258 3261/3261
f 3262/3262 3264/3264 3265/3265
f 3267/3267 3265/3265 3264/3264
f 3268/3268 3266/3266 3270/3270
f 3266/3266 3268/3268 3263/3263
f 3272/3272 3269/3269 3273/3273
f 3273/3273 3269/3269 3271/3271
f 3274/3274 3275/3275 3277/3277
f 3277/3277 3275/3275 3278/3278
f 3276/3276 3280/3280 3279/3279
f 3279/3279 3280/3280 3282/3282
f 3281/3281 3284/3284 3283/3283
f 3283/3283 3284/3284 3285/3285
f 3286/3286 3288/3288 3290/3290
f 3290/3290 3288/3288 3293/3293
f 3295/3295 3297/3297 3291/3291
f 3295/3295 3291/3291 3299/3299
f 3289/3289 3301/3301 3294/3294
f 3301/3301 3289/3289 3304/3304
f 3303/3303 3308/3308 3310/3310
f 3308/3308 3303/3303 3307/3307
f 3312/3312 3314/3314 3316/3316
f 3312/3312 3316/3316 3319/3319
f 3321/3321 3317/3317 3323/3323
f 3325/3325 3323/3323 3317/3317
f 3313/3313 3327/3327 3330/3330
f 3327/3327 3313/3313 3320/3320
f 3329/3329 3334/3334 3336/3336
f 3336/3336 3333/3333 3329/3329
f 3338/3338 3337/3337 3335/3335
f 3337/3337 3338/3338 3340/3340
f 3309/3309 3339/3339 3311/3311
f 3339/3339 3309/3309 3341/3341
f 3296/3296 3342/3342 3344/3344
f 3342/3342 3296/3296 3300/3300
f 3345/3345 3322/3322 3324/3324
f 3322/3322 3345/3345 3343/3343
f 3371/3371 3374/3374 3376/3376
f 3374/3374 3371/3371 3378/3378
f 3379/3379 3381/3381 3383/3383
f 3383/3383 3375/3375 3379/3379
f 3384/3384 3380/3380 3372/3372
f 3380/3380 3384/3384 3382/3382
f 3386/3386 3373/3373 3377/3377
f 3373/3373 3386/3386 3385/3385
f 3387/3387 3388/3388 3389/3389
f 3388/3388 3387/3387 3390/3390
f 3391/3391 3394/3394 3396/3396
f 3394/3394 3391/3391 3399/3399
f 3400/3400 3401/3401 3403/3403
f 3401/3401 3400/3400 3392/3392
f 3404/3404 3393/3393 3397/3397
f 3393/3393 3404/3404 3402/3402
f 3395/3395 3406/3406 3405/3405
f 3395/3395 3405/3405 3398/3398
f 3407/3407 3410/3410 3413/3413
f 3413/3413 3410/3410 3415/3415
f 3417/3417 3416/3416 3411/3411
f 3416/3416 3417/3417 3419/3419
f 3420/3420 3412/3412 3408/3408
f 3412/3412 3420/3420 3418/3418
f 3414/3414 3422/3422 3421/3421
f 3414/3414 3421/3421 3409/3409
f 3423/3423 3425/3425 3428/3428
f 3425/3425 3423/3423 3431/3431
f 3433/3433 3424/3424 3429/3429
f 3424/3424 3433/3433 3435/3435
f 3426/3426 3436/3436 3434/3434
f 3426/3426 3434/3434 3430/3430
f 3432/3432 3438/3438 3437/3437
f 3437/3437 3427/3427 3432/3432
f 3439/3439 3440/3440 3441/3441
f 3440/3440 3439/3439 3442/3442
f 3443/3443 3446/3446 3448/3448
f 3446/3446 3443/3443 3450/3450
f 3451/3451 3453/3453 3447/3447
f 3453/3453 3451/3451 3454/3454
f 3444/3444 3456/3456 3455/3455
f 3455/3455 3452/3452 3444/3444
f 3458/3458 3445/3445 3449/3449
f 3445/3445 3458/3458 3457/3457
f 3459/3459 3460/3460 3461/3461
f 3460/3460 3459/3459 3462/3462
f 3463/3463 3466/3466 3468/3468
f 3466/3466 3463/3463 3471/3471
f 3464/3464 3473/3473 3475/3475
f 3475/3475 3472/3472 3464/3464
f 3474/3474 3469/3469 3476/3476
f 3469/3469 3474/3474 3465/3465
f 3478/3478 3470/3470 3467/3467
f 3470/3470 3478/3478 3477/3477
f 3479/3479 3482/3482 3485/3485
f 3485/3485 3482/3482 3487/3487
f 3489/3489 3488/3488 3483/3483
f 3488/3488 3489/3489 3491/3491
f 3492/3492 3484/3484 3480/3480
f 3484/3484 3492/3492 3490/3490
f 3486/3486 3494/3494 3493/3493
f 3493/3493 3481/3481 3486/3486
f 3495/3495 3497/3497 3500/3500
f 3497/3497 3495/3495 3503/3503
f 3501/3501 3505/3505 3507/3507
f 3501/3501 3507/3507 3496/3496
f 3508/3508 3502/3502 3498/3498
f 3502/3502 3508/3508 3506/3506
f 3499/3499 3510/3510 3509/3509
f 3510/3510 3499/3499 3504/3504
f 3511/3511 3512/3512 3513/3513
f 3512/3512 3511/3511 3514/3514
f 3515/3515 3517/3517 3518/3518
f 3520/3520 3518/3518 3517/3517
f 3521/3521 3519/3519 3523/3523
f 3519/3519 3521/3521 3516/3516
f 3525/3525 3522/3522 3526/3526
f 3526/3526 3522/3522 3524/3524
f 3527/3527 3529/3529 3531/3531
f 3527/3527 3531/3531 3534/3534
f 3536/3536 3532/3532 3538/3538
f 3540/3540 3538/3538 3532/3532
f 3528/3528 3542/3542 3545/3545
f 3542/3542 3528/3528 3535/3535
f 3549/3549 3551/3551 3553/3553
f 3553/3553 3551/3551 3555/3555
f 3557/3557 3559/3559 3561/3561
f 3561/3561 3559/3559 3564/3564
f 3566/3566 3568/3568 3562/3562
f 3562/3562 3570/3570 3566/3566
f 3560/3560 3572/3572 3565/3565
f 3572/3572 3560/3560 3575/3575
f 3574/3574 3579/3579 3581/3581
f 3579/3579 3574/3574 3578/3578
f 3582/3582 3580/3580 3583/3583
f 3583/3583 3580/3580 3585/3585
f 3544/3544 3552/3552 3550/3550
f 3550/3550 3548/3548 3544/3544
f 3584/3584 3554/3554 3556/3556
f 3554/3554 3584/3584 3586/3586
f 3539/3539 3587/3587 3537/3537
f 3587/3587 3539/3539 3589/3589
f 3590/3590 3567/3567 3571/3571
f 3590/3590 3571/3571 3588/3588
f 3622/3622 3625/3625 3627/3627
f 3625/3625 3622/3622 3630/3630
f 3632/3632 3628/3628 3634/3634
f 3626/3626 3634/3634 3628/3628
f 3635/3635 3629/3629 3633/3633
f 3629/3629 3635/3635 3623/3623
f 3637/3637 3624/3624 3636/3636
f 3624/3624 3637/3637 3631/3631
f 3638/3638 3639/3639 3640/3640
f 3639/3639 3638/3638 3641/3641
f 3642/3642 3645/3645 3647/3647
f 3645/3645 3650/3650 3647/3647
f 3652/3652 3651/3651 3654/3654
f 3651/3651 3652/3652 3648/3648
f 3655/3655 3649/3649 3653/3653
f 3649/3649 3655/3655 3643/3643
f 3644/3644 3656/3656 3646/3646
f 3646/3646 3656/3656 3657/3657
f 3658/3658 3661/3661 3664/3664
f 3664/3664 3666/3666 3658/3658
f 3668/3668 3667/3667 3670/3670
f 3667/3667 3668/3668 3659/3659
f 3671/3671 3660/3660 3669/3669
f 3660/3660 3671/3671 3662/3662
f 3665/3665 3672/3672 3673/3673
f 3672/3672 3665/3665 3663/3663
f 3674/3674 3677/3677 3679/3679
f 3677/3677 3674/3674 3682/3682
f 3684/3684 3678/3678 3686/3686
f 3678/3678 3684/3684 3680/3680
f 3681/3681 3685/3685 3675/3675
f 3675/3675 3685/3685 3687/3687
f 3689/3689 3683/3683 3688/3688
f 3676/3676 3688/3688 3683/3683
f 3690/3690 3691/3691 3692/3692
f 3691/3691 3690/3690 3693/3693
f 3694/3694 3697/3697 3699/3699
f 3697/3697 3694/3694 3701/3701
f 3703/3703 3695/3695 3705/3705
f 3703/3703 3707/3707 3695/3695
f 3698/3698 3709/3709 3700/3700
f 3709/3709 3698/3698 3712/3712
f 3711/3711 3716/3716 3718/3718
f 3715/3715 3716/3716 3711/3711
f 3720/3720 3722/3722 3724/3724
f 3720/3720 3724/3724 3727/3727
f 3729/3729 3731/3731 3725/3725
f 3725/3725 3731/3731 3733/3733
f 3721/3721 3735/3735 3738/3738
f 3735/3735 3721/3721 3728/3728
f 3737/3737 3742/3742 3741/3741
f 3742/3742 3737/3737 3744/3744
f 3745/3745 3746/3746 3743/3743
f 3743/3743 3746/3746 3748/3748
f 3747/3747 3717/3717 3749/3749
f 3717/3717 3747/3747 3719/3719
f 3750/3750 3704/3704 3706/3706
f 3704/3704 3750/3750 3752/3752
f 3732/3732 3753/3753 3734/3734
f 3734/3734 3753/3753 3751/3751
f 3779/3779 3782/3782 3784/3784
f 3782/3782 3779/3779 3786/3786
f 3787/3787 3789/3789 3791/3791
f 3791/3791 3783/3783 3787/3787
f 3792/3792 3788/3788 3780/3780
f 3788/3788 3792/3792 3790/3790
f 3794/3794 3781/3781 3785/3785
f 3781/3781 3794/3794 3793/3793
f 3795/3795 3796/3796 3797/3797
f 3796/3796 3795/3795 3798/3798
f 3799/3799 3801/3801 3803/3803
f 3801/3801 3806/3806 3803/3803
f 3800/3800 3809/3809 3811/3811
f 3809/3809 3800/3800 3804/3804
f 3812/3812 3805/3805 3807/3807
f 3805/3805 3812/3812 3810/3810
f 3802/3802 3814/3814 3813/3813
f 3802/3802 3813/3813 3808/3808
f 3815/3815 3817/3817 3819/3819
f 3817/3817 3822/3822 3819/3819
f 3825/3825 3816/3816 3820/3820
f 3816/3816 3825/3825 3827/3827
f 3828/3828 3821/3821 3823/3823
f 3821/3821 3828/3828 3826/3826
f 3818/3818 3830/3830 3829/3829
f 3818/3818 3829/3829 3824/3824
f 3831/3831 3834/3834 3836/3836
f 3834/3834 3831/3831 3838/3838
f 3839/3839 3841/3841 3843/3843
f 3839/3839 3843/3843 3835/3835
f 3832/3832 3844/3844 3842/3842
f 3832/3832 3842/3842 3840/3840
f 3846/3846 3833/3833 3837/3837
f 3833/3833 3846/3846 3845/3845
f 3847/3847 3848/3848 3849/3849
f 3848/3848 3847/3847 3850/3850
f 3851/3851 3854/3854 3856/3856
f 3854/3854 3851/3851 3858/3858
f 3855/3855 3861/3861 3863/3863
f 3861/3861 3855/3855 3859/3859
f 3852/3852 3864/3864 3862/3862
f 3862/3862 3860/3860 3852/3852
f 3857/3857 3866/3866 3865/3865
f 3857/3857 3865/3865 3853/3853
f 3867/3867 3868/3868 3869/3869
f 3868/3868 3867/3867 3870/3870
f 3871/3871 3874/3874 3877/3877
f 3877/3877 3874/3874 3879/3879
f 3881/3881 3880/3880 3875/3875
f 3880/3880 3881/3881 3883/3883
f 3882/3882 3872/3872 3884/3884
f 3872/3872 3882/3882 3876/3876
f 3878/3878 3886/3886 3885/3885
f 3878/3878 3885/3885 3873/3873
f 3887/3887 3890/3890 3893/3893
f 3893/3893 3890/3890 3895/3895
f 3897/3897 3896/3896 3891/3891
f 3896/3896 3897/3897 3899/3899
f 3900/3900 3892/3892 3888/3888
f 3892/3892 3900/3900 3898/3898
f 3894/3894 3902/3902 3901/3901
f 3901/3901 3889/3889 3894/3894
f 3903/3903 3906/3906 3908/3908
f 3906/3906 3903/3903 3910/3910
f 3911/3911 3913/3913 3915/3915
f 3911/3911 3915/3915 3907/3907
f 3916/3916 3912/3912 3904/3904
f 3912/3912 3916/3916 3914/3914
f 3905/3905 3918/3918 3917/3917
f 3918/3918 3905/3905 3909/3909
f 3919/3919 3920/3920 3921/3921
f 3920/3920 3919/3919 3922/3922
f 3923/3923 3925/3925 3926/3926
f 3928/3928 3926/3926 3925/3925
f 3929/3929 3927/3927 3931/3931
f 3927/3927 3929/3929 3924/3924
f 3933/3933 3930/3930 3932/3932
f 3930/3930 3933/3933 3934/3934
f 3935/3935 3938/3938 3940/3940
f 3938/3938 3935/3935 3942/3942
f 3944/3944 3946/3946 3936/3936
f 3944/3944 3936/3936 3948/3948
f 3939/3939 3950/3950 3941/3941
f 3950/3950 3939/3939 3953/3953
f 3957/3957 3959/3959 3961/3961
f 3959/3959 3963/3963 3961/3961
f 3965/3965 3968/3968 3970/3970
f 3968/3968 3965/3965 3972/3972
f 3974/3974 3976/3976 3966/3966
f 3966/3966 3976/3976 3978/3978
f 3969/3969 3980/3980 3983/3983
f 3980/3980 3969/3969 3973/3973
f 3982/3982 3987/3987 3986/3986
f 3987/3987 3982/3982 3989/3989
f 3991/3991 3988/3988 3990/3990
f 3988/3988 3991/3991 3993/3993
f 3952/3952 3958/3958 3962/3962
f 3956/3956 3958/3958 3952/3952
f 3992/3992 3960/3960 3994/3994
f 3960/3960 3992/3992 3964/3964
f 3995/3995 3945/3945 3949/3949
f 3945/3945 3995/3995 3997/3997
f 3977/3977 3998/3998 3979/3979
f 3979/3979 3998/3998 3996/3996
f 4030/4030 4033/4033 4035/4035
f 4033/4033 4030/4030 4037/4037
f 4040/4040 4034/4034 4038/4038
f 4034/4034 4040/4040 4042/4042
f 4043/4043 4039/4039 4031/4031
f 4039/4039 4043/4043 4041/4041
f 4036/4036 4044/4044 4032/4032
f 4036/4036 4045/4045 4044/4044
f 4046/4046 4047/4047 4048/4048
f 4047/4047 4046/4046 4049/4049
f 4050/4050 4052/4052 4055/4055
f 4050/4050 4055/4055 4058/4058
f 4060/4060 4059/4059 4056/4056
f 4059/4059 4060/4060 4062/4062
f 4063/4063 4057/4057 4053/4053
f 4057/4057 4063/4063 4061/4061
f 4051/4051 4065/4065 4064/4064
f 4064/4064 4054/4054 4051/4051
f 4066/4066 4069/4069 4072/4072
f 4074/4074 4072/4072 4069/4069
f 4076/4076 4075/4075 4070/4070
f 4075/4075 4076/4076 4078/4078
f 4079/4079 4071/4071 4067/4067
f 4071/4071 4079/4079 4077/4077
f 4073/4073 4081/4081 4080/4080
f 4073/4073 4080/4080 4068/4068
f 4082/4082 4085/4085 4087/4087
f 4085/4085 4082/4082 4089/4089
f 4090/4090 4092/4092 4094/4094
f 4090/4090 4094/4094 4086/4086
f 4083/4083 4095/4095 4093/4093
f 4083/4083 4093/4093 4091/4091
f 4097/4097 4084/4084 4088/4088
f 4084/4084 4097/4097 4096/4096
f 4098/4098 4099/4099 4100/4100
f 4099/4099 4098/4098 4101/4101
f 4102/4102 4105/4105 4107/4107
f 4109/4109 4105/4105 4102/4102
f 4111/4111 4103/4103 4113/4113
f 4111/4111 4115/4115 4103/4103
f 4106/4106 4117/4117 4108/4108
f 4117/4117 4106/4106 4120/4120
f 4124/4124 4119/4119 4126/4126
f 4123/4123 4126/4126 4119/4119
f 4128/4128 4130/4130 4132/4132
f 4128/4128 4132/4132 4135/4135
f 4133/4133 4137/4137 4139/4139
f 4141/4141 4137/4137 4133/4133
f 4129/4129 4143/4143 4146/4146
f 4143/4143 4129/4129 4136/4136
f 4145/4145 4150/4150 4149/4149
f 4150/4150 4145/4145 4152/4152
f 4153/4153 4154/4154 4151/4151
f 4151/4151 4154/4154 4156/4156
f 4155/4155 4127/4127 4157/4157
f 4127/4127 4155/4155 4125/4125
f 4158/4158 4112/4112 4114/4114
f 4112/4112 4158/4158 4160/4160
f 4138/4138 4161/4161 4140/4140
f 4140/4140 4161/4161 4159/4159
f 4187/4187 4190/4190 4192/4192
f 4190/4190 4187/4187 4194/4194
f 4195/4195 4197/4197 4191/4191
f 4197/4197 4195/4195 4198/4198
f 4200/4200 4196/4196 4188/4188
f 4196/4196 4200/4200 4199/4199
f 4202/4202 4189/4189 4193/4193
f 4189/4189 4202/4202 4201/4201
f 4203/4203 4204/4204 4205/4205
f 4204/4204 4203/4203 4206/4206
f 4207/4207 4209/4209 4211/4211
f 4209/4209 4214/4214 4211/4211
f 4212/4212 4217/4217 4219/4219
f 4219/4219 4208/4208 4212/4212
f 4220/4220 4213/4213 4215/4215
f 4213/4213 4220/4220 4218/4218
f 4222/4222 4216/4216 4210/4210
f 4216/4216 4222/4222 4221/4221
f 4223/4223 4225/4225 4227/4227
f 4225/4225 4230/4230 4227/4227
f 4228/4228 4233/4233 4235/4235
f 4235/4235 4224/4224 4228/4228
f 4231/4231 4236/4236 4234/4234
f 4231/4231 4234/4234 4229/4229
f 4238/4238 4232/4232 4226/4226
f 4232/4232 4238/4238 4237/4237
f 4239/4239 4242/4242 4244/4244
f 4242/4242 4239/4239 4246/4246
f 4247/4247 4249/4249 4251/4251
f 4247/4247 4251/4251 4243/4243
f 4252/4252 4248/4248 4240/4240
f 4248/4248 4252/4252 4250/4250
f 4241/4241 4254/4254 4253/4253
f 4254/4254 4241/4241 4245/4245
f 4255/4255 4256/4256 4257/4257
f 4256/4256 4255/4255 4258/4258
f 4259/4259 4262/4262 4264/4264
f 4262/4262 4259/4259 4266/4266
f 4267/4267 4269/4269 4271/4271
f 4271/4271 4263/4263 4267/4267
f 4272/4272 4268/4268 4260/4260
f 4268/4268 4272/4272 4270/4270
f 4274/4274 4261/4261 4265/4265
f 4261/4261 4274/4274 4273/4273
f 4275/4275 4276/4276 4277/4277
f 4276/4276 4275/4275 4278/4278
f 4279/4279 4282/4282 4285/4285
f 4285/4285 4282/4282 4287/4287
f 4289/4289 4288/4288 4283/4283
f 4288/4288 4289/4289 4291/4291
f 4292/4292 4284/4284 4280/4280
f 4284/4284 4292/4292 4290/4290
f 4286/4286 4294/4294 4293/4293
f 4293/4293 4281/4281 4286/4286
f 4295/4295 4298/4298 4301/4301
f 4301/4301 4298/4298 4303/4303
f 4304/4304 4305/4305 4307/4307
f 4305/4305 4304/4304 4299/4299
f 4308/4308 4300/4300 4296/4296
f 4300/4300 4308/4308 4306/4306
f 4302/4302 4310/4310 4309/4309
f 4302/4302 4309/4309 4297/4297
f 4311/4311 4314/4314 4316/4316
f 4314/4314 4311/4311 4318/4318
f 4321/4321 4315/4315 4319/4319
f 4315/4315 4321/4321 4323/4323
f 4312/4312 4324/4324 4322/4322
f 4312/4312 4322/4322 4320/4320
f 4317/4317 4326/4326 4325/4325
f 4325/4325 4313/4313 4317/4317
f 4327/4327 4328/4328 4329/4329
f 4328/4328 4327/4327 4330/4330
f 4331/4331 4333/4333 4334/4334
f 4336/4336 4334/4334 4333/4333
f 4337/4337 4332/4332 4335/4335
f 4332/4332 4337/4337 4339/4339
f 4341/4341 4340/4340 4338/4338
f 4340/4340 4341/4341 4342/4342
f 4343/4343 4345/4345 4348/4348
f 4350/4350 4348/4348 4345/4345
f 4346/4346 4352/4352 4354/4354
f 4346/4346 4354/4354 4356/4356
f 4349/4349 4358/4358 4344/4344
f 4358/4358 4349/4349 4361/4361
f 4365/4365 4360/4360 4367/4367
f 4364/4364 4367/4367 4360/4360
f 4369/4369 4372/4372 4374/4374
f 4374/4374 4376/4376 4369/4369
f 4370/4370 4378/4378 4380/4380
f 4378/4378 4370/4370 4382/4382
f 4375/4375 4384/4384 4387/4387
f 4384/4384 4375/4375 4373/4373
f 4386/4386 4391/4391 4390/4390
f 4391/4391 4386/4386 4393/4393
f 4395/4395 4392/4392 4397/4397
f 4392/4392 4394/4394 4397/4397
f 4368/4368 4398/4398 4366/4366
f 4398/4398 4368/4368 4396/4396
f 4399/4399 4355/4355 4353/4353
f 4355/4355 4399/4399 4401/4401
f 4400/4400 4381/4381 4402/4402
f 4381/4381 4379/4379 4402/4402
f 4428/4428 4430/4430 4433/4433
f 4430/4430 4428/4428 4436/4436
f 4434/4434 4438/4438 4440/4440
f 4440/4440 4429/4429 4434/4434
f 4441/4441 4435/4435 4431/4431
f 4435/4435 4441/4441 4439/4439
f 4443/4443 4432/4432 4437/4437
f 4432/4432 4443/4443 4442/4442
f 4444/4444 4445/4445 4446/4446
f 4445/4445 4444/4444 4447/4447
f 4448/4448 4451/4451 4453/4453
f 4453/4453 4455/4455 4448/4448
f 4452/4452 4458/4458 4460/4460
f 4458/4458 4452/4452 4449/4449
f 4461/4461 4450/4450 4456/4456
f 4450/4450 4461/4461 4459/4459
f 4454/4454 4463/4463 4462/4462
f 4454/4454 4462/4462 4457/4457
f 4464/4464 4466/4466 4468/4468
f 4466/4466 4471/4471 4468/4468
f 4474/4474 4465/4465 4469/4469
f 4465/4465 4474/4474 4476/4476
f 4477/4477 4470/4470 4472/4472
f 4470/4470 4477/4477 4475/4475
f 4467/4467 4479/4479 4478/4478
f 4467/4467 4478/4478 4473/4473
f 4480/4480 4483/4483 4485/4485
f 4483/4483 4480/4480 4487/4487
f 4490/4490 4484/4484 4488/4488
f 4484/4484 4490/4490 4492/4492
f 4481/4481 4493/4493 4491/4491
f 4481/4481 4491/4491 4489/4489
f 4486/4486 4495/4495 4494/4494
f 4494/4494 4482/4482 4486/4486
f 4496/4496 4497/4497 4498/4498
f 4497/4497 4496/4496 4499/4499
f 4500/4500 4502/4502 4505/4505
f 4502/4502 4500/4500 4508/4508
f 4506/4506 4510/4510 4501/4501
f 4510/4510 4506/4506 4511/4511
f 4503/4503 4513/4513 4512/4512
f 4512/4512 4507/4507 4503/4503
f 4515/4515 4504/4504 4509/4509
f 4504/4504 4515/4515 4514/4514
f 4516/4516 4517/4517 4518/4518
f 4517/4517 4516/4516 4519/4519
f 4520/4520 4522/4522 4524/4524
f 4522/4522 4527/4527 4524/4524
f 4525/4525 4530/4530 4532/4532
f 4532/4532 4521/4521 4525/4525
f 4531/4531 4528/4528 4533/4533
f 4528/4528 4531/4531 4526/4526
f 4535/4535 4529/4529 4523/4523
f 4529/4529 4535/4535 4534/4534
f 4536/4536 4539/4539 4542/4542
f 4542/4542 4539/4539 4544/4544
f 4546/4546 4545/4545 4540/4540
f 4545/4545 4546/4546 4548/4548
f 4549/4549 4541/4541 4537/4537
f 4541/4541 4549/4549 4547/4547
f 4543/4543 4551/4551 4550/4550
f 4550/4550 4538/4538 4543/4543
f 4552/4552 4555/4555 4557/4557
f 4555/4555 4552/4552 4559/4559
f 4560/4560 4562/4562 4564/4564
f 4560/4560 4564/4564 4556/4556
f 4565/4565 4561/4561 4553/4553
f 4561/4561 4565/4565 4563/4563
f 4554/4554 4567/4567 4566/4566
f 4567/4567 4554/4554 4558/4558
f 4568/4568 4569/4569 4570/4570
f 4569/4569 4568/4568 4571/4571
f 4572/4572 4573/4573 4575/4575
f 4575/4575 4573/4573 4576/4576
f 4578/4578 4574/4574 4580/4580
f 4574/4574 4578/4578 4577/4577
f 4581/4581 4582/4582 4579/4579
f 4579/4579 4582/4582 4583/4583
f 4584/4584 4587/4587 4589/4589
f 4591/4591 4587/4587 4584/4584
f 4593/4593 4585/4585 4595/4595
f 4585/4585 4593/4593 4597/4597
f 4588/4588 4599/4599 4590/4590
f 4599/4599 4588/4588 4602/4602
f 4606/4606 4608/4608 4610/4610
f 4608/4608 4612/4612 4610/4610
f 4614/4614 4617/4617 4619/4619
f 4619/4619 4621/4621 4614/4614
f 4615/4615 4623/4623 4625/4625
f 4623/4623 4615/4615 4627/4627
f 4620/4620 4629/4629 4632/4632
f 4629/4629 4620/4620 4618/4618
f 4631/4631 4636/4636 4635/4635
f 4636/4636 4631/4631 4638/4638
f 4640/4640 4637/4637 4642/4642
f 4637/4637 4639/4639 4642/4642
f 4611/4611 4601/4601 4607/4607
f 4605/4605 4607/4607 4601/4601
f 4609/4609 4643/4643 4613/4613
f 4643/4643 4609/4609 4641/4641
f 4644/4644 4594/4594 4596/4596
f 4594/4594 4644/4644 4646/4646
f 4645/4645 4626/4626 4647/4647
f 4626/4626 4624/4624 4647/4647
f 4679/4679 4681/4681 4684/4684
f 4681/4681 4679/4679 4687/4687
f 4685/4685 4689/4689 4691/4691
f 4691/4691 4680/4680 4685/4685
f 4692/4692 4686/4686 4682/4682
f 4686/4686 4692/4692 4690/4690
f 4694/4694 4683/4683 4688/4688
f 4683/4683 4694/4694 4693/4693
f 4695/4695 4696/4696 4697/4697
f 4696/4696 4695/4695 4698/4698
f 4699/4699 4702/4702 4704/4704
f 4704/4704 4706/4706 4699/4699
f 4703/4703 4709/4709 4711/4711
f 4709/4709 4703/4703 4700/4700
f 4712/4712 4701/4701 4707/4707
f 4701/4701 4712/4712 4710/4710
f 4705/4705 4714/4714 4713/4713
f 4705/4705 4713/4713 4708/4708
f 4715/4715 4717/4717 4719/4719
f 4717/4717 4722/4722 4719/4719
f 4725/4725 4716/4716 4720/4720
f 4716/4716 4725/4725 4727/4727
f 4728/4728 4721/4721 4723/4723
f 4721/4721 4728/4728 4726/4726
f 4718/4718 4730/4730 4729/4729
f 4718/4718 4729/4729 4724/4724
f 4731/4731 4734/4734 4736/4736
f 4734/4734 4731/4731 4738/4738
f 4741/4741 4735/4735 4739/4739
f 4735/4735 4741/4741 4743/4743
f 4732/4732 4744/4744 4742/4742
f 4732/4732 4742/4742 4740/4740
f 4737/4737 4746/4746 4745/4745
f 4745/4745 4733/4733 4737/4737
f 4747/4747 4748/4748 4749/4749
f 4748/4748 4747/4747 4750/4750
f 4751/4751 4753/4753 4755/4755
f 4755/4755 4753/4753 4758/4758
f 4760/4760 4762/4762 4756/4756
f 4760/4760 4756/4756 4764/4764
f 4754/4754 4766/4766 4759/4759
f 4766/4766 4754/4754 4769/4769
f 4768/4768 4773/4773 4775/4775
f 4773/4773 4768/4768 4772/4772
f 4777/4777 4779/4779 4781/4781
f 4777/4777 4781/4781 4784/4784
f 4786/4786 4782/4782 4788/4788
f 4790/4790 4788/4788 4782/4782
f 4778/4778 4792/4792 4795/4795
f 4792/4792 4778/4778 4785/4785
f 4794/4794 4799/4799 4801/4801
f 4801/4801 4798/4798 4794/4794
f 4803/4803 4802/4802 4800/4800
f 4802/4802 4803/4803 4805/4805
f 4774/4774 4804/4804 4776/4776
f 4804/4804 4774/4774 4806/4806
f 4761/4761 4807/4807 4809/4809
f 4807/4807 4761/4761 4765/4765
f 4810/4810 4787/4787 4789/4789
f 4787/4787 4810/4810 4808/4808
f 4836/4836 4839/4839 4841/4841
f 4839/4839 4836/4836 4843/4843
f 4844/4844 4846/4846 4848/4848
f 4848/4848 4840/4840 4844/4844
f 4849/4849 4845/4845 4837/4837
f 4845/4845 4849/4849 4847/4847
f 4851/4851 4838/4838 4842/4842
f 4838/4838 4851/4851 4850/4850
f 4852/4852 4853/4853 4854/4854
f 4853/4853 4852/4852 4855/4855
f 4856/4856 4859/4859 4861/4861
f 4859/4859 4856/4856 4864/4864
f 4865/4865 4866/4866 4868/4868
f 4866/4866 4865/4865 4857/4857
f 4869/4869 4858/4858 4862/4862
f 4858/4858 4869/4869 4867/4867
f 4860/4860 4871/4871 4870/4870
f 4860/4860 4870/4870 4863/4863
f 4872/4872 4875/4875 4878/4878
f 4878/4878 4875/4875 4880/4880
f 4882/4882 4881/4881 4876/4876
f 4881/4881 4882/4882 4884/4884
f 4885/4885 4877/4877 4873/4873
f 4877/4877 4885/4885 4883/4883
f 4879/4879 4887/4887 4886/4886
f 4879/4879 4886/4886 4874/4874
f 4888/4888 4890/4890 4893/4893
f 4890/4890 4888/4888 4896/4896
f 4898/4898 4889/4889 4894/4894
f 4889/4889 4898/4898 4900/4900
f 4891/4891 4901/4901 4899/4899
f 4891/4891 4899/4899 4895/4895
f 4897/4897 4903/4903 4902/4902
f 4902/4902 4892/4892 4897/4897
f 4904/4904 4905/4905 4906/4906
f 4905/4905 4904/4904 4907/4907
f 4908/4908 4911/4911 4913/4913
f 4911/4911 4908/4908 4915/4915
f 4916/4916 4918/4918 4912/4912
f 4918/4918 4916/4916 4919/4919
f 4909/4909 4921/4921 4920/4920
f 4920/4920 4917/4917 4909/4909
f 4923/4923 4910/4910 4914/4914
f 4910/4910 4923/4923 4922/4922
f 4924/4924 4925/4925 4926/4926
f 4925/4925 4924/4924 4927/4927
f 4928/4928 4931/4931 4933/4933
f 4931/4931 4928/4928 4936/4936
f 4929/4929 4938/4938 4940/4940
f 4940/4940 4937/4937 4929/4929
f 4939/4939 4934/4934 4941/4941
f 4934/4934 4939/4939 4930/4930
f 4943/4943 4935/4935 4932/4932
f 4935/4935 4943/4943 4942/4942
f 4944/4944 4947/4947 4950/4950
f 4950/4950 4947/4947 4952/4952
f 4954/4954 4953/4953 4948/4948
f 4953/4953 4954/4954 4956/4956
f 4957/4957 4949/4949 4945/4945
f 4949/4949 4957/4957 4955/4955
f 4951/4951 4959/4959 4958/4958
f 4958/4958 4946/4946 4951/4951
f 4960/4960 4962/4962 4965/4965
f 4962/4962 4960/4960 4968/4968
f 4966/4966 4970/4970 4972/4972
f 4966/4966 4972/4972 4961/4961
f 4973/4973 4967/4967 4963/4963
f 4967/4967 4973/4973 4971/4971
f 4964/4964 4975/4975 4974/4974
f 4975/4975 4964/4964 4969/4969
f 4976/4976 4977/4977 4978/4978
f 4977/4977 4976/4976 4979/4979
f 4980/4980 4982/4982 4983/4983
f 4985/4985 4983/4983 4982/4982
f 4986/4986 4984/4984 4988/4988
f 4984/4984 4986/4986 4981/4981
f 4990/4990 4987/4987 4991/4991
f 4991/4991 4987/4987 4989/4989
f 4992/4992 4995/4995 4997/4997
f 4995/4995 4992/4992 4999/4999
f 5001/5001 5003/5003 4993/4993
f 5001/5001 4993/4993 5005/5005
f 4996/4996 5007/5007 4998/4998
f 5007/5007 4996/4996 5010/5010
f 5014/5014 5016/5016 5018/5018
f 5016/5016 5020/5020 5018/5018
f 5022/5022 5025/5025 5027/5027
f 5025/5025 5022/5022 5029/5029
f 5031/5031 5033/5033 5023/5023
f 5023/5023 5033/5033 5035/5035
f 5026/5026 5037/5037 5040/5040
f 5037/5037 5026/5026 5030/5030
f 5039/5039 5044/5044 5043/5043
f 5044/5044 5039/5039 5046/5046
f 5048/5048 5045/5045 5047/5047
f 5045/5045 5048/5048 5050/5050
f 5009/5009 5015/5015 5019/5019
f 5013/5013 5015/5015 5009/5009
f 5049/5049 5017/5017 5051/5051
f 5017/5017 5049/5049 5021/5021
f 5052/5052 5002/5002 5006/5006
f 5002/5002 5052/5052 5054/5054
f 5034/5034 5055/5055 5036/5036
f 5036/5036 5055/5055 5053/5053
f 5087/5087 5090/5090 5092/5092
f 5090/5090 5087/5087 5094/5094
f 5095/5095 5097/5097 5099/5099
f 5099/5099 5091/5091 5095/5095
f 5100/5100 5096/5096 5088/5088
f 5096/5096 5100/5100 5098/5098
f 5102/5102 5089/5089 5093/5093
f 5089/5089 5102/5102 5101/5101
f 5103/5103 5104/5104 5105/5105
f 5104/5104 5103/5103 5106/5106
f 5107/5107 5109/5109 5111/5111
f 5109/5109 5114/5114 5111/5111
f 5108/5108 5117/5117 5119/5119
f 5117/5117 5108/5108 5112/5112
f 5120/5120 5113/5113 5115/5115
f 5113/5113 5120/5120 5118/5118
f 5110/5110 5122/5122 5121/5121
f 5110/5110 5121/5121 5116/5116
f 5123/5123 5126/5126 5129/5129
f 5131/5131 5129/5129 5126/5126
f 5133/5133 5132/5132 5127/5127
f 5132/5132 5133/5133 5135/5135
f 5136/5136 5128/5128 5124/5124
f 5128/5128 5136/5136 5134/5134
f 5130/5130 5138/5138 5137/5137
f 5130/5130 5137/5137 5125/5125
f 5139/5139 5142/5142 5144/5144
f 5142/5142 5139/5139 5146/5146
f 5149/5149 5143/5143 5147/5147
f 5143/5143 5149/5149 5151/5151
f 5140/5140 5152/5152 5150/5150
f 5140/5140 5150/5150 5148/5148
f 5145/5145 5154/5154 5153/5153
f 5153/5153 5141/5141 5145/5145
f 5155/5155 5156/5156 5157/5157
f 5156/5156 5155/5155 5158/5158
f 5159/5159 5161/5161 5164/5164
f 5166/5166 5164/5164 5161/5161
f 5168/5168 5170/5170 5162/5162
f 5162/5162 5172/5172 5168/5168
f 5174/5174 5165/5165 5177/5177
f 5165/5165 5174/5174 5160/5160
f 5181/5181 5183/5183 5185/5185
f 5183/5183 5187/5187 5185/5185
f 5189/5189 5192/5192 5194/5194
f 5194/5194 5196/5196 5189/5189
f 5198/5198 5190/5190 5200/5200
f 5202/5202 5200/5200 5190/5190
f 5204/5204 5195/5195 5193/5193
f 5195/5195 5204/5204 5207/5207
f 5211/5211 5213/5213 5206/5206
f 5213/5213 5210/5210 5206/5206
f 5215/5215 5217/5217 5214/5214
f 5215/5215 5214/5214 5212/5212
f 5180/5180 5182/5182 5176/5176
f 5182/5182 5186/5186 5176/5176
f 5184/5184 5216/5216 5188/5188
f 5216/5216 5184/5184 5218/5218
f 5219/5219 5169/5169 5173/5173
f 5169/5169 5219/5219 5221/5221
f 5222/5222 5220/5220 5199/5199
f 5222/5222 5199/5199 5201/5201
f 5254/5254 5256/5256 5259/5259
f 5256/5256 5254/5254 5262/5262
f 5260/5260 5264/5264 5266/5266
f 5266/5266 5255/5255 5260/5260
f 5267/5267 5261/5261 5257/5257
f 5261/5261 5267/5267 5265/5265
f 5269/5269 5258/5258 5263/5263
f 5258/5258 5269/5269 5268/5268
f 5270/5270 5271/5271 5272/5272
f 5271/5271 5270/5270 5273/5273
f 5274/5274 5277/5277 5279/5279
f 5277/5277 5274/5274 5282/5282
f 5283/5283 5284/5284 5286/5286
f 5284/5284 5283/5283 5275/5275
f 5287/5287 5276/5276 5280/5280
f 5276/5276 5287/5287 5285/5285
f 5278/5278 5289/5289 5288/5288
f 5278/5278 5288/5288 5281/5281
f 5290/5290 5293/5293 5295/5295
f 5290/5290 5298/5298 5293/5293
f 5300/5300 5299/5299 5291/5291
f 5299/5299 5300/5300 5302/5302
f 5303/5303 5292/5292 5296/5296
f 5292/5292 5303/5303 5301/5301
f 5294/5294 5305/5305 5304/5304
f 5294/5294 5304/5304 5297/5297
f 5306/5306 5308/5308 5311/5311
f 5308/5308 5306/5306 5314/5314
f 5316/5316 5307/5307 5312/5312
f 5307/5307 5316/5316 5318/5318
f 5309/5309 5319/5319 5317/5317
f 5309/5309 5317/5317 5313/5313
f 5315/5315 5321/5321 5320/5320
f 5320/5320 5310/5310 5315/5315
f 5322/5322 5323/5323 5324/5324
f 5323/5323 5322/5322 5325/5325
f 5326/5326 5328/5328 5330/5330
f 5330/5330 5328/5328 5333/5333
f 5335/5335 5337/5337 5331/5331
f 5335/5335 5331/5331 5339/5339
f 5329/5329 5341/5341 5334/5334
f 5341/5341 5329/5329 5344/5344
f 5343/5343 5348/5348 5350/5350
f 5348/5348 5343/5343 5347/5347
f 5352/5352 5354/5354 5356/5356
f 5352/5352 5356/5356 5359/5359
f 5361/5361 5357/5357 5363/5363
f 5365/5365 5363/5363 5357/5357
f 5353/5353 5367/5367 5370/5370
f 5367/5367 5353/5353 5360/5360
f 5369/5369 5374/5374 5376/5376
f 5376/5376 5373/5373 5369/5369
f 5378/5378 5377/5377 5375/5375
f 5377/5377 5378/5378 5380/5380
f 5349/5349 5379/5379 5351/5351
f 5379/5379 5349/5349 5381/5381
f 5336/5336 5382/5382 5384/5384
f 5382/5382 5336/5336 5340/5340
f 5385/5385 5362/5362 5364/5364
f 5362/5362 5385/5385 5383/5383
f 5411/5411 5414/5414 5416/5416
f 5414/5414 5411/5411 5418/5418
f 5419/5419 5421/5421 5423/5423
f 5423/5423 5415/5415 5419/5419
f 5424/5424 5420/5420 5412/5412
f 5420/5420 5424/5424 5422/5422
f 5426/5426 5413/5413 5417/5417
f 5413/5413 5426/5426 5425/5425
f 5427/5427 5428/5428 5429/5429
f 5428/5428 5427/5427 5430/5430
f 5431/5431 5434/5434 5436/5436
f 5434/5434 5431/5431 5439/5439
f 5440/5440 5441/5441 5443/5443
f 5441/5441 5440/5440 5432/5432
f 5444/5444 5433/5433 5437/5437
f 5433/5433 5444/5444 5442/5442
f 5435/5435 5446/5446 5445/5445
f 5435/5435 5445/5445 5438/5438
f 5447/5447 5450/5450 5453/5453
f 5453/5453 5450/5450 5455/5455
f 5457/5457 5456/5456 5451/5451
f 5456/5456 5457/5457 5459/5459
f 5460/5460 5452/5452 5448/5448
f 5452/5452 5460/5460 5458/5458
f 5454/5454 5462/5462 5461/5461
f 5454/5454 5461/5461 5449/5449
f 5463/5463 5465/5465 5468/5468
f 5465/5465 5463/5463 5471/5471
f 5473/5473 5464/5464 5469/5469
f 5464/5464 5473/5473 5475/5475
f 5466/5466 5476/5476 5474/5474
f 5466/5466 5474/5474 5470/5470
f 5472/5472 5478/5478 5477/5477
f 5477/5477 5467/5467 5472/5472
f 5479/5479 5480/5480 5481/5481
f 5480/5480 5479/5479 5482/5482
f 5483/5483 5486/5486 5488/5488
f 5486/5486 5483/5483 5490/5490
f 5491/5491 5493/5493 5487/5487
f 5493/5493 5491/5491 5494/5494
f 5484/5484 5496/5496 5495/5495
f 5495/5495 5492/5492 5484/5484
f 5498/5498 5485/5485 5489/5489
f 5485/5485 5498/5498 5497/5497
f 5499/5499 5500/5500 5501/5501
f 5500/5500 5499/5499 5502/5502
f 5503/5503 5506/5506 5508/5508
f 5506/5506 5503/5503 5511/5511
f 5504/5504 5513/5513 5515/5515
f 5515/5515 5512/5512 5504/5504
f 5514/5514 5509/5509 5516/5516
f 5509/5509 5514/5514 5505/5505
f 5518/5518 5510/5510 5507/5507
f 5510/5510 5518/5518 5517/5517
f 5519/5519 5522/5522 5525/5525
f 5525/5525 5522/5522 5527/5527
f 5529/5529 5528/5528 5523/5523
f 5528/5528 5529/5529 5531/5531
f 5532/5532 5524/5524 5520/5520
f 5524/5524 5532/5532 5530/5530
f 5526/5526 5534/5534 5533/5533
f 5533/5533 5521/5521 5526/5526
f 5535/5535 5537/5537 5540/5540
f 5537/5537 5535/5535 5543/5543
f 5541/5541 5545/5545 5547/5547
f 5541/5541 5547/5547 5536/5536
f 5548/5548 5542/5542 5538/5538
f 5542/5542 5548/5548 5546/5546
f 5539/5539 5550/5550 5549/5549
f 5550/5550 5539/5539 5544/5544
f 5551/5551 5552/5552 5553/5553
f 5552/5552 5551/5551 5554/5554
f 5555/5555 5557/5557 5558/5558
f 5560/5560 5558/5558 5557/5557
f 5561/5561 5559/5559 5563/5563
f 5559/5559 5561/5561 5556/5556
f 5565/5565 5562/5562 5566/5566
f 5566/5566 5562/5562 5564/5564
f 5575/5575 5577/5577 5579/5579
f 5577/5577 5575/5575 5581/5581
f 5583/5583 5580/5580 5585/5585
f 5580/5580 5583/5583 5576/5576
f 5587/5587 5588/5588 5589/5589
f 5591/5591 5589/5589 5588/5588
f 5593/5593 5592/5592 5594/5594
f 5592/5592 5593/5593 5590/5590
f 5595/5595 5597/5597 5599/5599
f 5601/5601 5599/5599 5597/5597
f 5603/5603 5604/5604 5598/5598
f 5598/5598 5596/5596 5603/5603
f 5605/5605 5607/5607 5609/5609
f 5607/5607 5605/5605 5611/5611
f 5613/5613 5606/5606 5614/5614
f 5606/5606 5613/5613 5612/5612
f 5610/5610 5615/5615 5616/5616
f 5615/5615 5610/5610 5608/5608
f 5617/5617 5602/5602 5618/5618
f 5602/5602 5617/5617 5600/5600
f 5641/5641 5653/5653 5654/5654
f 5653/5653 5641/5641 5655/5655
f 5659/5659 5660/5660 5662/5662
f 5662/5662 5660/5660 5663/5663
f 5666/5666 5668/5668 5645/5645
f 5645/5645 5668/5668 5670/5670
f 5671/5671 5672/5672 5667/5667
f 5667/5667 5672/5672 5669/5669
f 5673/5673 5676/5676 5678/5678
f 5676/5676 5673/5673 5680/5680
f 5682/5682 5684/5684 5686/5686
f 5686/5686 5684/5684 5674/5674
f 5687/5687 5688/5688 5683/5683
f 5683/5683 5688/5688 5690/5690
f 5689/5689 5692/5692 5691/5691
f 5692/5692 5689/5689 5694/5694
f 5677/5677 5696/5696 5679/5679
f 5696/5696 5677/5677 5699/5699
f 5703/5703 5705/5705 5707/5707
f 5705/5705 5703/5703 5709/5709
f 5711/5711 5706/5706 5710/5710
f 5710/5710 5713/5713 5711/5711
f 5715/5715 5708/5708 5717/5717
f 5708/5708 5715/5715 5704/5704
f 5719/5719 5721/5721 5722/5722
f 5721/5721 5719/5719 5723/5723
f 5725/5725 5727/5727 5730/5730
f 5732/5732 5730/5730 5727/5727
f 5731/5731 5734/5734 5736/5736
f 5731/5731 5736/5736 5726/5726
f 5737/5737 5724/5724 5720/5720
f 5724/5724 5737/5737 5735/5735
f 5738/5738 5728/5728 5739/5739
f 5728/5728 5738/5738 5733/5733
f 5698/5698 5712/5712 5714/5714
f 5702/5702 5712/5712 5698/5698
f 5729/5729 5718/5718 5740/5740
f 5718/5718 5729/5729 5716/5716
f 5741/5741 5661/5661 5743/5743
f 5661/5661 5741/5741 5664/5664
f 5744/5744 5745/5745 5742/5742
f 5742/5742 5745/5745 5746/5746
f 5695/5695 5650/5650 5693/5693
f 5650/5650 5695/5695 5747/5747
f 5749/5749 5629/5629 5634/5634
f 5622/5622 5629/5629 5749/5749
f 5765/5765 5766/5766 5769/5769
f 5766/5766 5765/5765 5770/5770
f 5774/5774 5578/5578 5582/5582
f 5578/5578 5774/5774 5776/5776
f 5778/5778 5586/5586 5779/5779
f 5586/5586 5778/5778 5584/5584
f 5783/5783 5787/5787 5786/5786
f 5787/5787 5783/5783 5788/5788
f 5789/5789 5784/5784 5790/5790
f 5781/5781 5790/5790 5784/5784
f 5773/5773 5777/5777 5768/5768
f 5768/5768 5777/5777 5775/5775
f 5791/5791 5794/5794 5796/5796
f 5794/5794 5791/5791 5798/5798
f 5799/5799 5801/5801 5803/5803
f 5803/5803 5795/5795 5799/5799
f 5804/5804 5800/5800 5792/5792
f 5800/5800 5804/5804 5802/5802
f 5806/5806 5793/5793 5797/5797
f 5793/5793 5806/5806 5805/5805
f 5807/5807 5808/5808 5809/5809
f 5808/5808 5807/5807 5810/5810
f 5811/5811 5813/5813 5815/5815
f 5813/5813 5818/5818 5815/5815
f 5812/5812 5821/5821 5823/5823
f 5821/5821 5812/5812 5816/5816
f 5824/5824 5817/5817 5819/5819
f 5817/5817 5824/5824 5822/5822
f 5814/5814 5826/5826 5825/5825
f 5814/5814 5825/5825 5820/5820
f 5827/5827 5830/5830 5833/5833
f 5835/5835 5833/5833 5830/5830
f 5837/5837 5836/5836 5831/5831
f 5836/5836 5837/5837 5839/5839
f 5840/5840 5832/5832 5828/5828
f 5832/5832 5840/5840 5838/5838
f 5834/5834 5842/5842 5841/5841
f 5834/5834 5841/5841 5829/5829
f 5843/5843 5846/5846 5848/5848
f 5846/5846 5843/5843 5851/5851
f 5853/5853 5852/5852 5844/5844
f 5852/5852 5853/5853 5855/5855
f 5849/5849 5854/5854 5845/5845
f 5854/5854 5849/5849 5856/5856
f 5847/5847 5858/5858 5857/5857
f 5857/5857 5850/5850 5847/5847
f 5859/5859 5860/5860 5861/5861
f 5860/5860 5859/5859 5862/5862
f 5863/5863 5866/5866 5868/5868
f 5866/5866 5863/5863 5870/5870
f 5871/5871 5873/5873 5867/5867
f 5873/5873 5871/5871 5874/5874
f 5864/5864 5876/5876 5875/5875
f 5875/5875 5872/5872 5864/5864
f 5878/5878 5865/5865 5869/5869
f 5865/5865 5878/5878 5877/5877
f 5879/5879 5880/5880 5881/5881
f 5880/5880 5879/5879 5882/5882
f 5883/5883 5886/5886 5889/5889
f 5889/5889 5886/5886 5891/5891
f 5887/5887 5893/5893 5895/5895
f 5895/5895 5892/5892 5887/5887
f 5894/5894 5884/5884 5896/5896
f 5884/5884 5894/5894 5888/5888
f 5898/5898 5885/5885 5890/5890
f 5885/5885 5898/5898 5897/5897
f 5899/5899 5901/5901 5904/5904
f 5901/5901 5899/5899 5907/5907
f 5905/5905 5909/5909 5911/5911
f 5905/5905 5911/5911 5900/5900
f 5902/5902 5910/5910 5906/5906
f 5910/5910 5902/5902 5912/5912
f 5903/5903 5914/5914 5913/5913
f 5914/5914 5903/5903 5908/5908
f 5915/5915 5917/5917 5920/5920
f 5917/5917 5915/5915 5923/5923
f 5921/5921 5925/5925 5927/5927
f 5921/5921 5927/5927 5916/5916
f 5928/5928 5922/5922 5918/5918
f 5922/5922 5928/5928 5926/5926
f 5919/5919 5930/5930 5929/5929
f 5930/5930 5919/5919 5924/5924
f 5931/5931 5932/5932 5933/5933
f 5932/5932 5931/5931 5934/5934
f 3619/3619 3611/3611 3620/3620
f 3611/3611 3619/3619 3613/3613
f 3621/3621 3613/3613 3619/3619
f 3613/3613 3621/3621 3608/3608
f 4021/4021 4027/4027 4028/4028
f 4027/4027 4021/4021 4019/4019
f 4019/4019 4029/4029 4027/4027
f 4029/4029 4019/4019 4016/4016
f 4670/4670 4676/4676 4677/4677
f 4676/4676 4670/4670 4668/4668
f 4668/4668 4678/4678 4676/4676
f 4678/4678 4668/4668 4666/4666
f 5078/5078 5084/5084 5085/5085
f 5084/5084 5078/5078 5076/5076
f 5076/5076 5086/5086 5084/5084
f 5086/5086 5076/5076 5073/5073
f 5243/5243 5251/5251 5252/5252
f 5251/5251 5243/5243 5245/5245
f 5245/5245 5253/5253 5251/5251
f 5253/5253 5245/5245 5241/5241
f 5567/5567 5568/5568 5569/5569
f 5569/5569 5570/5570 5567/5567
f 5569/5569 5571/5571 5570/5570
f 5762/5762 5567/5567 5570/5570
f 5570/5570 5571/5571 5574/5574
f 5570/5570 5574/5574 5762/5762
f 5571/5571 5573/5573 5574/5574
f 5574/5574 5573/5573 5762/5762
f 5571/5571 5572/5572 5573/5573
f 5763/5763 5762/5762 5573/5573
f 5573/5573 5572/5572 5763/5763
f 5572/5572 5764/5764 5763/5763
f 3111/3111 3112/3112 3101/3101
f 3101/3101 3112/3112 3113/3113
f 3101/3101 3103/3103 3111/3111
f 3101/3101 3113/3113 3108/3108
f 3111/3111 3103/3103 3118/3118
f 3117/3117 3111/3111 3118/3118
f 3117/3117 3118/3118 3119/3119
f 3101/3101 3102/3102 3103/3103
f 3108/3108 3102/3102 3101/3101
f 3118/3118 3103/3103 3121/3121
f 3103/3103 3102/3102 3120/3120
f 3103/3103 3120/3120 3121/3121
f 3118/3118 3106/3106 3119/3119
f 3106/3106 3118/3118 3121/3121
f 3121/3121 3120/3120 3104/3104
f 3106/3106 3121/3121 3104/3104
f 3102/3102 3099/3099 3120/3120
f 3099/3099 3104/3104 3120/3120
f 3107/3107 3119/3119 3106/3106
f 3116/3116 3119/3119 3107/3107
f 3104/3104 3105/3105 3106/3106
f 3107/3107 3106/3106 3105/3105
f 3104/3104 3099/3099 3105/3105
f 3107/3107 3115/3115 3116/3116
f 3099/3099 3102/3102 3097/3097
f 3102/3102 3108/3108 3097/3097
f 3115/3115 3107/3107 3110/3110
f 3110/3110 3107/3107 3105/3105
f 3098/3098 3105/3105 3099/3099
f 3105/3105 3098/3098 3110/3110
f 3097/3097 3098/3098 3099/3099
f 3098/3098 3097/3097 3100/3100
f 3100/3100 3110/3110 3098/3098
f 3097/3097 3108/3108 3100/3100
f 3109/3109 3115/3115 3110/3110
f 3109/3109 3110/3110 3100/3100
f 3108/3108 3109/3109 3100/3100
f 3113/3113 3109/3109 3108/3108
f 3115/3115 3109/3109 3114/3114
f 3113/3113 3114/3114 3109/3109
f 3360/3360 3361/3361 3350/3350
f 3350/3350 3361/3361 3362/3362
f 3350/3350 3352/3352 3360/3360
f 3350/3350 3362/3362 3357/3357
f 3360/3360 3352/3352 3367/3367
f 3366/3366 3360/3360 3367/3367
f 3366/3366 3367/3367 3368/3368
f 3350/3350 3351/3351 3352/3352
f 3357/3357 3351/3351 3350/3350
f 3367/3367 3352/3352 3370/3370
f 3352/3352 3351/3351 3369/3369
f 3352/3352 3369/3369 3370/3370
f 3367/3367 3355/3355 3368/3368
f 3355/3355 3367/3367 3370/3370
f 3370/3370 3369/3369 3353/3353
f 3355/3355 3370/3370 3353/3353
f 3351/3351 3348/3348 3369/3369
f 3348/3348 3353/3353 3369/3369
f 3356/3356 3368/3368 3355/3355
f 3365/3365 3368/3368 3356/3356
f 3353/3353 3354/3354 3355/3355
f 3356/3356 3355/3355 3354/3354
f 3353/3353 3348/3348 3354/3354
f 3356/3356 3364/3364 3365/3365
f 3348/3348 3351/3351 3346/3346
f 3351/3351 3357/3357 3346/3346
f 3364/3364 3356/3356 3359/3359
f 3359/3359 3356/3356 3354/3354
f 3347/3347 3354/3354 3348/3348
f 3354/3354 3347/3347 3359/3359
f 3346/3346 3347/3347 3348/3348
f 3347/3347 3346/3346 3349/3349
f 3349/3349 3359/3359 3347/3347
f 3346/3346 3357/3357 3349/3349
f 3358/3358 3364/3364 3359/3359
f 3358/3358 3359/3359 3349/3349
f 3357/3357 3358/3358 3349/3349
f 3362/3362 3358/3358 3357/3357
f 3364/3364 3358/3358 3363/3363
f 3362/3362 3363/3363 3358/3358
f 3607/3607 3609/3609 3603/3603
f 3607/3607 3603/3603 3612/3612
f 3603/3603 3609/3609 3602/3602
f 3612/3612 3603/3603 3604/3604
f 3609/3609 3595/3595 3602/3602
f 3606/3606 3595/3595 3609/3609
f 3595/3595 3606/3606 3605/3605
f 3603/3603 3602/3602 3592/3592
f 3603/3603 3592/3592 3604/3604
f 3602/3602 3595/3595 3597/3597
f 3592/3592 3602/3602 3593/3593
f 3602/3602 3597/3597 3593/3593
f 3591/3591 3592/3592 3593/3593
f 3592/3592 3591/3591 3604/3604
f 3591/3591 3593/3593 3594/3594
f 3594/3594 3593/3593 3597/3597
f 3598/3598 3604/3604 3591/3591
f 3591/3591 3594/3594 3598/3598
f 3601/3601 3612/3612 3604/3604
f 3601/3601 3604/3604 3598/3598
f 3610/3610 3612/3612 3601/3601
f 3614/3614 3610/3610 3601/3601
f 3598/3598 3600/3600 3601/3601
f 3614/3614 3601/3601 3600/3600
f 3598/3598 3594/3594 3599/3599
f 3598/3598 3599/3599 3600/3600
f 3599/3599 3594/3594 3617/3617
f 3594/3594 3597/3597 3617/3617
f 3600/3600 3599/3599 3618/3618
f 3599/3599 3617/3617 3618/3618
f 3615/3615 3614/3614 3600/3600
f 3600/3600 3618/3618 3615/3615
f 3614/3614 3615/3615 3616/3616
f 3605/3605 3616/3616 3615/3615
f 3596/3596 3618/3618 3617/3617
f 3596/3596 3615/3615 3618/3618
f 3605/3605 3615/3615 3596/3596
f 3596/3596 3617/3617 3597/3597
f 3605/3605 3596/3596 3595/3595
f 3595/3595 3596/3596 3597/3597
f 3768/3768 3769/3769 3758/3758
f 3770/3770 3758/3758 3769/3769
f 3768/3768 3758/3758 3760/3760
f 3758/3758 3770/3770 3765/3765
f 3776/3776 3768/3768 3760/3760
f 3776/3776 3775/3775 3768/3768
f 3774/3774 3775/3775 3776/3776
f 3758/3758 3759/3759 3760/3760
f 3765/3765 3759/3759 3758/3758
f 3760/3760 3777/3777 3776/3776
f 3760/3760 3759/3759 3778/3778
f 3777/3777 3760/3760 3778/3778
f 3774/3774 3776/3776 3762/3762
f 3777/3777 3762/3762 3776/3776
f 3777/3777 3778/3778 3764/3764
f 3762/3762 3777/3777 3764/3764
f 3778/3778 3759/3759 3754/3754
f 3764/3764 3778/3778 3754/3754
f 3774/3774 3762/3762 3761/3761
f 3772/3772 3774/3774 3761/3761
f 3762/3762 3764/3764 3763/3763
f 3761/3761 3762/3762 3763/3763
f 3764/3764 3754/3754 3763/3763
f 3772/3772 3761/3761 3773/3773
f 3754/3754 3759/3759 3755/3755
f 3759/3759 3765/3765 3755/3755
f 3763/3763 3754/3754 3756/3756
f 3754/3754 3755/3755 3756/3756
f 3767/3767 3761/3761 3763/3763
f 3763/3763 3756/3756 3767/3767
f 3773/3773 3761/3761 3767/3767
f 3756/3756 3755/3755 3757/3757
f 3757/3757 3767/3767 3756/3756
f 3755/3755 3765/3765 3757/3757
f 3767/3767 3766/3766 3773/3773
f 3766/3766 3767/3767 3757/3757
f 3765/3765 3766/3766 3757/3757
f 3770/3770 3766/3766 3765/3765
f 3771/3771 3773/3773 3766/3766
f 3766/3766 3770/3770 3771/3771
f 4018/4018 4020/4020 4009/4009
f 4022/4022 4009/4009 4020/4020
f 4018/4018 4009/4009 4012/4012
f 4009/4009 4022/4022 4007/4007
f 4011/4011 4018/4018 4012/4012
f 4011/4011 4015/4015 4018/4018
f 4015/4015 4011/4011 4017/4017
f 4012/4012 4009/4009 4006/4006
f 4007/4007 4006/4006 4009/4009
f 4011/4011 4012/4012 4000/4000
f 4001/4001 4012/4012 4006/4006
f 4000/4000 4012/4012 4001/4001
f 4017/4017 4011/4011 4010/4010
f 4000/4000 4010/4010 4011/4011
f 3999/3999 4000/4000 4001/4001
f 4010/4010 4000/4000 3999/3999
f 4006/4006 4002/4002 4001/4001
f 3999/3999 4001/4001 4002/4002
f 4017/4017 4010/4010 4003/4003
f 4013/4013 4017/4017 4003/4003
f 4010/4010 3999/3999 4004/4004
f 4003/4003 4010/4010 4004/4004
f 4004/4004 3999/3999 4002/4002
f 4013/4013 4003/4003 4014/4014
f 4003/4003 4004/4004 4005/4005
f 4003/4003 4005/4005 4014/4014
f 4004/4004 4002/4002 4025/4025
f 4005/4005 4004/4004 4025/4025
f 4002/4002 4006/4006 4008/4008
f 4008/4008 4025/4025 4002/4002
f 4006/4006 4007/4007 4008/4008
f 4025/4025 4008/4008 4026/4026
f 4026/4026 4008/4008 4007/4007
f 4026/4026 4005/4005 4025/4025
f 4007/4007 4023/4023 4026/4026
f 4023/4023 4005/4005 4026/4026
f 4023/4023 4014/4014 4005/4005
f 4022/4022 4023/4023 4007/4007
f 4024/4024 4014/4014 4023/4023
f 4023/4023 4022/4022 4024/4024
f 4176/4176 4177/4177 4166/4166
f 4178/4178 4166/4166 4177/4177
f 4176/4176 4166/4166 4168/4168
f 4166/4166 4178/4178 4173/4173
f 4184/4184 4176/4176 4168/4168
f 4176/4176 4184/4184 4183/4183
f 4182/4182 4183/4183 4184/4184
f 4166/4166 4167/4167 4168/4168
f 4173/4173 4167/4167 4166/4166
f 4168/4168 4185/4185 4184/4184
f 4168/4168 4167/4167 4186/4186
f 4185/4185 4168/4168 4186/4186
f 4182/4182 4184/4184 4170/4170
f 4185/4185 4170/4170 4184/4184
f 4185/4185 4186/4186 4172/4172
f 4170/4170 4185/4185 4172/4172
f 4186/4186 4167/4167 4162/4162
f 4172/4172 4186/4186 4162/4162
f 4169/4169 4182/4182 4170/4170
f 4180/4180 4182/4182 4169/4169
f 4170/4170 4172/4172 4171/4171
f 4169/4169 4170/4170 4171/4171
f 4172/4172 4162/4162 4171/4171
f 4180/4180 4169/4169 4181/4181
f 4162/4162 4167/4167 4163/4163
f 4167/4167 4173/4173 4163/4163
f 4171/4171 4162/4162 4164/4164
f 4162/4162 4163/4163 4164/4164
f 4171/4171 4175/4175 4169/4169
f 4171/4171 4164/4164 4175/4175
f 4181/4181 4169/4169 4175/4175
f 4164/4164 4163/4163 4165/4165
f 4165/4165 4175/4175 4164/4164
f 4173/4173 4165/4165 4163/4163
f 4175/4175 4174/4174 4181/4181
f 4174/4174 4175/4175 4165/4165
f 4173/4173 4174/4174 4165/4165
f 4178/4178 4174/4174 4173/4173
f 4179/4179 4181/4181 4174/4174
f 4174/4174 4178/4178 4179/4179
f 4421/4421 4422/4422 4412/4412
f 4412/4412 4422/4422 4423/4423
f 4421/4421 4412/4412 4416/4416
f 4412/4412 4423/4423 4410/4410
f 4421/4421 4416/4416 4415/4415
f 4419/4419 4421/4421 4415/4415
f 4419/4419 4415/4415 4420/4420
f 4411/4411 4416/4416 4412/4412
f 4410/4410 4411/4411 4412/4412
f 4415/4415 4416/4416 4403/4403
f 4416/4416 4411/4411 4404/4404
f 4403/4403 4416/4416 4404/4404
f 4415/4415 4414/4414 4420/4420
f 4403/4403 4414/4414 4415/4415
f 4403/4403 4404/4404 4405/4405
f 4414/4414 4403/4403 4405/4405
f 4411/4411 4406/4406 4404/4404
f 4404/4404 4406/4406 4405/4405
f 4407/4407 4420/4420 4414/4414
f 4418/4418 4420/4420 4407/4407
f 4407/4407 4417/4417 4418/4418
f 4414/4414 4405/4405 4408/4408
f 4407/4407 4414/4414 4408/4408
f 4405/4405 4406/4406 4408/4408
f 4417/4417 4407/4407 4409/4409
f 4407/4407 4408/4408 4409/4409
f 4406/4406 4426/4426 4408/4408
f 4409/4409 4408/4408 4426/4426
f 4406/4406 4411/4411 4413/4413
f 4413/4413 4426/4426 4406/4406
f 4411/4411 4410/4410 4413/4413
f 4426/4426 4413/4413 4427/4427
f 4413/4413 4410/4410 4427/4427
f 4426/4426 4427/4427 4409/4409
f 4410/4410 4425/4425 4427/4427
f 4409/4409 4427/4427 4425/4425
f 4425/4425 4417/4417 4409/4409
f 4423/4423 4425/4425 4410/4410
f 4417/4417 4425/4425 4424/4424
f 4423/4423 4424/4424 4425/4425
f 4662/4662 4663/4663 4652/4652
f 4652/4652 4663/4663 4664/4664
f 4652/4652 4654/4654 4662/4662
f 4652/4652 4664/4664 4659/4659
f 4672/4672 4662/4662 4654/4654
f 4671/4671 4662/4662 4672/4672
f 4671/4671 4672/4672 4673/4673
f 4652/4652 4653/4653 4654/4654
f 4659/4659 4653/4653 4652/4652
f 4672/4672 4654/4654 4674/4674
f 4654/4654 4653/4653 4675/4675
f 4654/4654 4675/4675 4674/4674
f 4672/4672 4656/4656 4673/4673
f 4656/4656 4672/4672 4674/4674
f 4674/4674 4675/4675 4657/4657
f 4656/4656 4674/4674 4657/4657
f 4653/4653 4650/4650 4675/4675
f 4675/4675 4650/4650 4657/4657
f 4658/4658 4673/4673 4656/4656
f 4669/4669 4673/4673 4658/4658
f 4658/4658 4667/4667 4669/4669
f 4655/4655 4656/4656 4657/4657
f 4658/4658 4656/4656 4655/4655
f 4657/4657 4650/4650 4655/4655
f 4667/4667 4658/4658 4661/4661
f 4661/4661 4658/4658 4655/4655
f 4650/4650 4649/4649 4655/4655
f 4655/4655 4649/4649 4661/4661
f 4650/4650 4653/4653 4648/4648
f 4648/4648 4649/4649 4650/4650
f 4653/4653 4659/4659 4648/4648
f 4649/4649 4648/4648 4651/4651
f 4648/4648 4659/4659 4651/4651
f 4651/4651 4661/4661 4649/4649
f 4660/4660 4651/4651 4659/4659
f 4660/4660 4661/4661 4651/4651
f 4660/4660 4667/4667 4661/4661
f 4664/4664 4660/4660 4659/4659
f 4667/4667 4660/4660 4665/4665
f 4664/4664 4665/4665 4660/4660
f 4825/4825 4826/4826 4815/4815
f 4815/4815 4826/4826 4827/4827
f 4815/4815 4817/4817 4825/4825
f 4815/4815 4827/4827 4822/4822
f 4825/4825 4817/4817 4832/4832
f 4831/4831 4825/4825 4832/4832
f 4831/4831 4832/4832 4833/4833
f 4815/4815 4816/4816 4817/4817
f 4822/4822 4816/4816 4815/4815
f 4832/4832 4817/4817 4835/4835
f 4817/4817 4816/4816 4834/4834
f 4817/4817 4834/4834 4835/4835
f 4832/4832 4820/4820 4833/4833
f 4820/4820 4832/4832 4835/4835
f 4835/4835 4834/4834 4818/4818
f 4820/4820 4835/4835 4818/4818
f 4816/4816 4813/4813 4834/4834
f 4813/4813 4818/4818 4834/4834
f 4821/4821 4833/4833 4820/4820
f 4830/4830 4833/4833 4821/4821
f 4818/4818 4819/4819 4820/4820
f 4821/4821 4820/4820 4819/4819
f 4818/4818 4813/4813 4819/4819
f 4821/4821 4829/4829 4830/4830
f 4813/4813 4816/4816 4811/4811
f 4816/4816 4822/4822 4811/4811
f 4829/4829 4821/4821 4824/4824
f 4824/4824 4821/4821 4819/4819
f 4812/4812 4819/4819 4813/4813
f 4819/4819 4812/4812 4824/4824
f 4811/4811 4812/4812 4813/4813
f 4812/4812 4811/4811 4814/4814
f 4814/4814 4824/4824 4812/4812
f 4811/4811 4822/4822 4814/4814
f 4823/4823 4829/4829 4824/4824
f 4823/4823 4824/4824 4814/4814
f 4822/4822 4823/4823 4814/4814
f 4827/4827 4823/4823 4822/4822
f 4829/4829 4823/4823 4828/4828
f 4827/4827 4828/4828 4823/4823
f 5075/5075 5077/5077 5066/5066
f 5079/5079 5066/5066 5077/5077
f 5075/5075 5066/5066 5069/5069
f 5066/5066 5079/5079 5064/5064
f 5068/5068 5075/5075 5069/5069
f 5068/5068 5072/5072 5075/5075
f 5072/5072 5068/5068 5074/5074
f 5069/5069 5066/5066 5063/5063
f 5064/5064 5063/5063 5066/5066
f 5068/5068 5069/5069 5057/5057
f 5058/5058 5069/5069 5063/5063
f 5057/5057 5069/5069 5058/5058
f 5074/5074 5068/5068 5067/5067
f 5057/5057 5067/5067 5068/5068
f 5056/5056 5057/5057 5058/5058
f 5067/5067 5057/5057 5056/5056
f 5063/5063 5059/5059 5058/5058
f 5056/5056 5058/5058 5059/5059
f 5074/5074 5067/5067 5060/5060
f 5070/5070 5074/5074 5060/5060
f 5067/5067 5056/5056 5061/5061
f 5060/5060 5067/5067 5061/5061
f 5061/5061 5056/5056 5059/5059
f 5070/5070 5060/5060 5071/5071
f 5060/5060 5061/5061 5062/5062
f 5060/5060 5062/5062 5071/5071
f 5061/5061 5059/5059 5082/5082
f 5062/5062 5061/5061 5082/5082
f 5059/5059 5063/5063 5065/5065
f 5065/5065 5082/5082 5059/5059
f 5063/5063 5064/5064 5065/5065
f 5082/5082 5065/5065 5083/5083
f 5083/5083 5065/5065 5064/5064
f 5083/5083 5062/5062 5082/5082
f 5064/5064 5080/5080 5083/5083
f 5080/5080 5062/5062 5083/5083
f 5080/5080 5071/5071 5062/5062
f 5079/5079 5080/5080 5064/5064
f 5081/5081 5071/5071 5080/5080
f 5080/5080 5079/5079 5081/5081
f 5237/5237 5238/5238 5227/5227
f 5239/5239 5227/5227 5238/5238
f 5237/5237 5227/5227 5229/5229
f 5227/5227 5239/5239 5234/5234
f 5248/5248 5237/5237 5229/5229
f 5248/5248 5247/5247 5237/5237
f 5246/5246 5247/5247 5248/5248
f 5227/5227 5228/5228 5229/5229
f 5234/5234 5228/5228 5227/5227
f 5229/5229 5249/5249 5248/5248
f 5229/5229 5228/5228 5250/5250
f 5249/5249 5229/5229 5250/5250
f 5246/5246 5248/5248 5231/5231
f 5249/5249 5231/5231 5248/5248
f 5233/5233 5249/5249 5250/5250
f 5231/5231 5249/5249 5233/5233
f 5228/5228 5225/5225 5250/5250
f 5233/5233 5250/5250 5225/5225
f 5246/5246 5231/5231 5230/5230
f 5242/5242 5246/5246 5230/5230
f 5231/5231 5233/5233 5232/5232
f 5230/5230 5231/5231 5232/5232
f 5232/5232 5233/5233 5225/5225
f 5242/5242 5230/5230 5244/5244
f 5236/5236 5230/5230 5232/5232
f 5230/5230 5236/5236 5244/5244
f 5232/5232 5225/5225 5224/5224
f 5236/5236 5232/5232 5224/5224
f 5225/5225 5228/5228 5223/5223
f 5223/5223 5224/5224 5225/5225
f 5228/5228 5234/5234 5223/5223
f 5224/5224 5223/5223 5226/5226
f 5223/5223 5234/5234 5226/5226
f 5226/5226 5236/5236 5224/5224
f 5234/5234 5235/5235 5226/5226
f 5235/5235 5236/5236 5226/5226
f 5244/5244 5236/5236 5235/5235
f 5239/5239 5235/5235 5234/5234
f 5240/5240 5244/5244 5235/5235
f 5235/5235 5239/5239 5240/5240
f 5400/5400 5401/5401 5390/5390
f 5390/5390 5401/5401 5402/5402
f 5390/5390 5392/5392 5400/5400
f 5390/5390 5402/5402 5397/5397
f 5400/5400 5392/5392 5407/5407
f 5406/5406 5400/5400 5407/5407
f 5406/5406 5407/5407 5408/5408
f 5390/5390 5391/5391 5392/5392
f 5397/5397 5391/5391 5390/5390
f 5407/5407 5392/5392 5410/5410
f 5392/5392 5391/5391 5409/5409
f 5392/5392 5409/5409 5410/5410
f 5407/5407 5395/5395 5408/5408
f 5395/5395 5407/5407 5410/5410
f 5410/5410 5409/5409 5393/5393
f 5395/5395 5410/5410 5393/5393
f 5391/5391 5388/5388 5409/5409
f 5388/5388 5393/5393 5409/5409
f 5396/5396 5408/5408 5395/5395
f 5405/5405 5408/5408 5396/5396
f 5393/5393 5394/5394 5395/5395
f 5396/5396 5395/5395 5394/5394
f 5393/5393 5388/5388 5394/5394
f 5396/5396 5404/5404 5405/5405
f 5388/5388 5391/5391 5386/5386
f 5391/5391 5397/5397 5386/5386
f 5404/5404 5396/5396 5399/5399
f 5399/5399 5396/5396 5394/5394
f 5387/5387 5394/5394 5388/5388
f 5394/5394 5387/5387 5399/5399
f 5386/5386 5387/5387 5388/5388
f 5387/5387 5386/5386 5389/5389
f 5389/5389 5399/5399 5387/5387
f 5386/5386 5397/5397 5389/5389
f 5398/5398 5404/5404 5399/5399
f 5398/5398 5399/5399 5389/5389
f 5397/5397 5398/5398 5389/5389
f 5402/5402 5398/5398 5397/5397
f 5404/5404 5398/5398 5403/5403
f 5402/5402 5403/5403 5398/5398
o village_empire_burned.lod4.0
v 0.77278405 -0.14204343 0.26020843
v 0.77278405 -0.14204343 0.26020843
v 0.77278405 -0.14204343 0.26020843
v 0.77278405 -0.14204341 0.09767573
v 0.77278405 -0.14204341 0.09767573
v 0.77278405 -0.14204341 0.09767573
v 0.6030975 -0.1410659 0.09767585
v 0.6030975 -0.1410659 0.09767585
v 0.6030975 -0.1410659 0.09767585
v 0.6030975 -0.1410659 0.09767585
v 0.6030975 -0.14106587 0.32088357
v 0.6030975 -0.14106587 0.32088357
v 0.77914155 0.07213748 0.21966541
v 0.77914155 0.07213748 0.21966541
v 0.77914155 0.07213748 0.21966541
v 0.7697827 0.16600256 0.09767564
v 0.7697827 0.16600256 0.09767564
v 0.7697827 0.16600256 0.09767564
v 0.8058969 0.19334687 0.12732425
v 0.8058969 0.19334687 0.12732425
v 0.8058969 0.19334687 0.12732425
v 0.8058969 0.19334687 0.12732425
v 0.8058969 0.19334687 0.12732425
v 0.80629075 0.07203172 0.2278772
v 0.80629075 0.07203172 0.2278772
v 0.7989237 -0.16189885 0.2655675
v 0.80718297 -0.16846882 0.12822099
v 0.80718297 -0.16846882 0.12822099
v 0.80718297 -0.16846882 0.12822099
v 0.80718297 -0.16846882 0.12822099
v 0.7960939 0.18565105 0.25637907
v 0.7960939 0.18565105 0.25637907
v 0.7697827 0.16600259 0.25782564
v 0.7697827 0.16600259 0.25782564
v 0.7697827 0.16600259 0.25782564
v 0.6061345 0.16579404 0.31984663
v 0.6061345 0.16579404 0.31984663
v 0.6061345 0.16579394 0.097675756
v 0.6061345 0.16579394 0.097675756
v 0.6061345 0.16579394 0.097675756
v 0.6061345 0.16579394 0.097675756
v 0.60121065 -0.1735006 0.128221
v 0.60121065 -0.1735006 0.128221
v 0.60121065 -0.1735006 0.128221
v 0.6028406 -0.16701779 0.32162657
v 0.60488963 0.19822487 0.1264276
v 0.60488963 0.19822487 0.1264276
v 0.60488963 0.19822487 0.1264276
v 0.60639113 0.19172141 0.3205649
v 0.42991102 -0.14027204 0.26020846
v 0.42991102 -0.14027204 0.26020846
v 0.42991102 -0.14027204 0.26020846
v 0.42991102 -0.14027204 0.26020846
v 0.42991102 -0.14027202 0.097675785
v 0.42991102 -0.14027202 0.097675785
v 0.439009 0.1677047 0.09767567
v 0.439009 0.1677047 0.09767567
v 0.439009 0.1677047 0.09767567
v 0.439009 0.1677047 0.09767567
v 0.42779332 0.07395739 0.21966545
v 0.42779332 0.07395739 0.21966545
v 0.4068811 -0.1596544 0.26556754
v 0.4068811 -0.1596544 0.26556754
v 0.40414512 0.074334025 0.22787726
v 0.40380865 0.19564891 0.12732428
v 0.40380865 0.19564891 0.12732428
v 0.40380865 0.19564891 0.12732428
v 0.39536116 -0.166111 0.128221
v 0.39536116 -0.166111 0.128221
v 0.39536116 -0.166111 0.128221
v 0.39536116 -0.166111 0.128221
v 0.41658968 0.18782374 0.2563791
v 0.43900907 0.16770472 0.25782567
v 0.43900907 0.16770472 0.25782567
v 0.43900907 0.16770472 0.25782567
v 0.60277647 -0.17350063 -0.07519114
v 0.60277647 -0.17350063 -0.07519114
v 0.80874884 -0.16846877 -0.07519117
v 0.80874884 -0.16846877 -0.07519117
v 0.80746275 0.19334687 -0.07519126
v 0.80746275 0.19334687 -0.07519126
v 0.80746275 0.19334687 -0.07519126
v 0.60645545 0.19822489 -0.07519129
v 0.60645545 0.19822489 -0.07519129
v 0.39692694 -0.166111 -0.07519108
v 0.39692694 -0.166111 -0.07519108
v 0.40537435 0.1956489 -0.0751912
v 0.40537435 0.1956489 -0.0751912
v 0.2126433 -0.66592616 0.15691434
v 0.21552011 -0.666062 0.23973967
v 0.22562549 -0.50576514 0.15609124
v 0.22562549 -0.50576514 0.15609124
v 0.2084119 -0.6657266 -0.003127724
v 0.21825561 -0.49474612 -0.003127724
v 0.21825561 -0.49474612 -0.003127724
v 0.2084119 -0.6657266 -0.003127724
v 0.20961785 -0.8402275 -0.003127709
v 0.20961785 -0.8402275 -0.003127709
v 0.21700391 -0.8322365 0.1646555
v 0.21700391 -0.8322365 0.1646555
v 0.24654025 -0.53442794 0.15753782
v 0.24654025 -0.53442794 0.15753782
v 0.24654025 -0.53442794 0.15753782
v 0.24654025 -0.53442794 0.15753782
v 0.24394909 -0.666542 0.23973967
v 0.24394909 -0.666542 0.23973967
v 0.24394909 -0.66654193 -0.0032361448
v 0.24394909 -0.66654193 -0.0032361448
v 0.24394909 -0.66654193 -0.0032361448
v 0.24394909 -0.66654193 -0.0032361448
v 0.24654019 -0.53442794 -0.003236279
v 0.24654019 -0.53442794 -0.003236279
v 0.24654019 -0.53442794 -0.003236279
v 0.23956296 -0.7985835 0.15929642
v 0.23956296 -0.7985835 0.15929642
v 0.23956296 -0.7985835 0.15929642
v 0.23956296 -0.79858357 -0.003236249
v 0.23956296 -0.79858357 -0.003236249
v 0.23956296 -0.79858357 -0.003236249
v 0.23956296 -0.79858357 -0.003236249
v 0.366404 -0.8039688 0.13147356
v 0.366404 -0.8039688 0.13147356
v 0.4735905 -0.80970126 0.11875346
v 0.4735905 -0.80970126 0.11875346
v 0.4735905 -0.80970126 0.11875346
v 0.5764049 -0.80447495 -0.003236279
v 0.5764049 -0.80447495 -0.003236279
v 0.5764049 -0.80447495 -0.003236279
v 0.61489373 -0.6771927 -0.0031277537
v 0.6147042 -0.5059292 -0.0031277537
v 0.6147042 -0.5059292 -0.0031277537
v 0.6067248 -0.5165153 0.15609121
v 0.6067248 -0.5165153 0.15609121
v 0.6067248 -0.5165153 0.15609121
v 0.6077781 -0.6771269 0.23973966
v 0.6106579 -0.6771534 0.15691432
v 0.59703106 -0.839346 0.15546712
v 0.59703106 -0.839346 0.15546712
v 0.6052094 -0.8490089 -0.0031277537
v 0.6052094 -0.8490089 -0.0031277537
v 0.6052094 -0.8490089 -0.0031277537
v 0.61489373 -0.6771927 -0.0031277537
v 0.47260237 -0.84473133 0.12696525
v 0.47260237 -0.84473133 0.12696525
v 0.5842277 -0.5439533 0.15753779
v 0.5842277 -0.5439533 0.15753779
v 0.5842277 -0.5439533 0.15753779
v 0.5842277 -0.5439533 0.15753779
v 0.5842277 -0.5439533 0.15753779
v 0.5842277 -0.5439533 0.15753779
v 0.5842277 -0.5439533 -0.0032362938
v 0.5842277 -0.5439533 -0.0032362938
v 0.57936704 -0.6760035 -0.0032361746
v 0.57936704 -0.6760035 -0.0032361746
v 0.57936704 -0.6760035 -0.0032361746
v 0.57936704 -0.6760035 -0.0032361746
v 0.5793672 -0.67600375 0.23973966
v 0.5793672 -0.67600375 0.23973966
v 0.5764049 -0.8044749 0.15691371
v 0.5764049 -0.8044749 0.15691371
v 0.5764049 -0.8044749 0.15691371
v 0.39979097 -0.535 0.08599159
v 0.39979097 -0.535 0.08599159
v 0.39979097 -0.535 0.08599159
v 0.39979097 -0.535 0.08599159
v 0.39979097 -0.535 0.08599159
v 0.39979097 -0.535 0.08599159
v 0.45063585 -0.5368282 0.0859718
v 0.45063585 -0.5368282 0.0859718
v 0.45063585 -0.5368282 0.0859718
v 0.45063585 -0.5368282 0.0859718
v 0.45196253 -0.5040614 0.08597177
v 0.45196253 -0.5040614 0.08597177
v 0.45196253 -0.5040614 0.08597177
v 0.45196253 -0.5040614 0.08597177
v 0.4007693 -0.50261736 0.08597179
v 0.4007693 -0.50261736 0.08597179
v 0.4007693 -0.50261736 0.08597179
v 0.36706674 -0.839641 0.1359837
v 0.45209712 -0.49758944 -0.003127724
v 0.45209712 -0.49758944 -0.003127724
v 0.39979097 -0.5350001 -0.003232807
v 0.39979097 -0.5350001 -0.003232807
v 0.45063585 -0.5368282 -0.0032327473
v 0.45063585 -0.5368282 -0.0032327473
v 0.45063585 -0.5368282 -0.0032327473
v 0.4016369 -0.49658778 -0.003127724
v 0.4016369 -0.49658778 -0.003127724
v 0.56910336 -0.96034545 -0.020033494
v 0.56910336 -0.96034545 -0.020033494
v 0.57368666 -0.8153916 -0.020033479
v 0.567269 -0.8246318 0.117723264
v 0.5629805 -0.96019953 0.20289713
v 0.5629805 -0.96019953 0.20289713
v 0.55036575 -1.1309115 0.124373026
v 0.55036575 -1.1309115 0.124373026
v 0.5572831 -1.1393294 -0.020033464
v 0.5572831 -1.1393294 -0.020033464
v 0.5443798 -0.84529823 0.11824702
v 0.5443798 -0.8452983 -0.020126894
v 0.5385447 -0.9588773 -0.020126805
v 0.5385447 -0.9588773 -0.020126805
v 0.5385447 -0.9588773 -0.020126805
v 0.53854454 -0.9588776 0.20289713
v 0.53854454 -0.9588776 0.20289713
v 0.5330517 -1.100644 0.1197606
v 0.5330517 -1.100644 0.1197606
v 0.5330517 -1.100644 0.1197606
v 0.5330518 -1.1006439 -0.020126894
v 0.5330518 -1.1006439 -0.020126894
v 0.5330518 -1.1006439 -0.020126894
v 0.44501862 -1.0912657 -0.020127043
v 0.44501862 -1.0912657 -0.020127043
v 0.44501862 -1.0912657 -0.020127043
v 0.42945594 -1.0700285 -0.020127177
v 0.42945594 -1.0700285 -0.020127177
v 0.42945594 -1.0700285 -0.020127177
v 0.42503256 -1.0693892 0.095814206
v 0.42503256 -1.0693892 0.095814206
v 0.42503256 -1.0693892 0.095814206
v 0.44943577 -1.0943369 0.12821905
v 0.44943577 -1.0943369 0.12821905
v 0.44943577 -1.0943369 0.12821905
v 0.4195085 -1.1051595 -0.020033479
v 0.4424008 -1.1370219 -0.020033479
v 0.4417246 -1.130285 0.1289149
v 0.42228717 -1.0999734 0.099695966
v 0.2194359 -0.9453916 -0.020033509
v 0.2194359 -0.9453916 -0.020033509
v 0.22554862 -0.94576913 0.2028971
v 0.22554862 -0.94576913 0.2028971
v 0.23284996 -0.8103303 0.11772323
v 0.22724473 -0.80057585 -0.020033509
v 0.21726826 -1.0934882 -0.020033509
v 0.21726826 -1.0934882 -0.020033509
v 0.22487903 -1.0856913 0.11646484
v 0.22487903 -1.0856913 0.11646484
v 0.33137348 -1.0979055 0.091934025
v 0.33137348 -1.0979055 0.091934025
v 0.2538913 -0.83287543 0.118247
v 0.25000829 -0.94653803 0.2028971
v 0.25000829 -0.94653803 0.2028971
v 0.25000829 -0.946538 -0.02012682
v 0.25000829 -0.946538 -0.02012682
v 0.25389135 -0.8328755 -0.020126939
v 0.24471408 -1.0570124 0.11770986
v 0.24471408 -1.0570124 0.11770986
v 0.24471393 -1.0570124 -0.020126909
v 0.24471393 -1.0570124 -0.020126909
v 0.24471393 -1.0570124 -0.020126909
v 0.3326623 -1.0677713 0.08486636
v 0.3326623 -1.0677713 0.08486636
v 0.3326623 -1.0677713 0.08486636
v 0.3326623 -1.0677713 0.08486636
v 0.3392972 -1.0687307 -0.020127326
v 0.3392972 -1.0687307 -0.020127326
v 0.33787084 -1.1020856 -0.020033509
v 0.33787084 -1.1020856 -0.020033509
v 0.8366358 -0.6804072 0.14388795
v 0.83672845 -0.6782315 0.20652828
v 0.7274582 -0.67058885 0.14326546
v 0.7274582 -0.67058885 0.14326546
v 0.8364998 -0.68360734 0.022849068
v 0.7199468 -0.67616266 0.022849098
v 0.7199468 -0.67616266 0.022849098
v 0.8364998 -0.68360734 0.022849068
v 0.9554526 -0.6826955 0.022849098
v 0.9554526 -0.6826955 0.022849098
v 0.9500054 -0.67710936 0.14974256
v 0.9500054 -0.67710936 0.14974256
v 0.7469968 -0.65477115 0.1443595
v 0.7469968 -0.65477115 0.1443595
v 0.7469968 -0.65477115 0.1443595
v 0.7469968 -0.65477115 0.1443595
v 0.8370557 -0.6567308 0.20652826
v 0.8370557 -0.6567308 0.20652826
v 0.8370556 -0.65673083 0.022767082
v 0.8370556 -0.65673083 0.022767082
v 0.8370556 -0.65673083 0.022767082
v 0.8370556 -0.65673083 0.022767082
v 0.7469968 -0.6547712 0.022766978
v 0.7469968 -0.6547712 0.022766978
v 0.7469968 -0.6547712 0.022766978
v 0.927065 -0.660048 0.14568952
v 0.927065 -0.660048 0.14568952
v 0.927065 -0.660048 0.14568952
v 0.927065 -0.66004807 0.022766992
v 0.927065 -0.66004807 0.022766992
v 0.927065 -0.66004807 0.022766992
v 0.930736 -0.56411886 0.124647245
v 0.930736 -0.56411886 0.124647245
v 0.930736 -0.56411886 0.124647245
v 0.9309931 -0.56803596 0.022766754
v 0.9309931 -0.56803596 0.022766754
v 0.9309931 -0.56803596 0.022766754
v 0.9593062 -0.56150514 0.022849083
v 0.95505285 -0.56361765 0.12805824
v 0.84431607 -0.3761875 0.022849068
v 0.72757006 -0.37633085 0.022849068
v 0.72757006 -0.37633085 0.022849068
v 0.7347864 -0.3823656 0.14326543
v 0.7347864 -0.3823656 0.14326543
v 0.7347864 -0.3823656 0.14326543
v 0.8442712 -0.38156906 0.20652823
v 0.8442893 -0.3793911 0.14388794
v 0.9548518 -0.38969696 0.14279345
v 0.9548518 -0.38969696 0.14279345
v 0.9614388 -0.38351178 0.022849068
v 0.9614388 -0.38351178 0.022849068
v 0.84431607 -0.3761875 0.022849068
v 0.95744294 -0.4466769 0.13506356
v 0.9585229 -0.4838017 0.12123764
v 0.9585229 -0.4838017 0.12123764
v 0.7534902 -0.39938003 0.14435947
v 0.7534902 -0.39938003 0.14435947
v 0.7534902 -0.39938003 0.14435947
v 0.7534902 -0.39938003 0.14435947
v 0.7534902 -0.39938003 0.14435947
v 0.7534902 -0.39938003 0.14435947
v 0.7534902 -0.39938006 0.022766978
v 0.7534902 -0.39938006 0.022766978
v 0.8435054 -0.40305614 0.022767067
v 0.8435054 -0.40305614 0.022767067
v 0.8435054 -0.40305614 0.022767067
v 0.8435054 -0.40305614 0.022767067
v 0.8435055 -0.40305603 0.20652825
v 0.8435055 -0.40305603 0.20652825
v 0.93108106 -0.4052964 0.14388749
v 0.93108106 -0.4052964 0.14388749
v 0.93108106 -0.4052964 0.14388749
v 0.93108106 -0.40529642 0.022766978
v 0.93108106 -0.40529642 0.022766978
v 0.93108106 -0.40529642 0.022766978
v 0.93108106 -0.40529642 0.022766978
v 0.93464375 -0.4830544 0.11502711
v 0.93464375 -0.4830544 0.11502711
v 0.93464375 -0.4830544 0.11502711
v 0.93464375 -0.4830544 0.11502711
v 0.9326038 -0.44599152 0.13615757
v 0.9326038 -0.44599152 0.13615757
v 0.93502927 -0.4889299 0.02276662
v 0.93502927 -0.4889299 0.02276662
v 0.7473869 -0.5388685 0.09024949
v 0.7473869 -0.5388685 0.09024949
v 0.7473869 -0.5388685 0.09024949
v 0.7473869 -0.5388685 0.09024949
v 0.7473869 -0.5388685 0.09024949
v 0.7473869 -0.5388685 0.09024949
v 0.74863315 -0.5004148 0.09023453
v 0.74863315 -0.5004148 0.09023453
v 0.74863315 -0.5004148 0.09023453
v 0.74863315 -0.5004148 0.09023453
v 0.7262969 -0.49941143 0.09023452
v 0.7262969 -0.49941143 0.09023452
v 0.7262969 -0.49941143 0.09023452
v 0.7262969 -0.49941143 0.09023452
v 0.7253125 -0.5381286 0.09023452
v 0.7253125 -0.5381286 0.09023452
v 0.7253125 -0.5381286 0.09023452
v 0.96146065 -0.48975703 0.022849083
v 0.96146065 -0.48975703 0.022849083
v 0.7218851 -0.4993097 0.022849068
v 0.7218851 -0.4993097 0.022849068
v 0.7473869 -0.53886855 0.0227696
v 0.7473869 -0.53886855 0.0227696
v 0.7486331 -0.5004149 0.02276966
v 0.7486331 -0.5004149 0.02276966
v 0.7486331 -0.5004149 0.02276966
v 0.7212022 -0.5374725 0.022849068
v 0.7212022 -0.5374725 0.022849068
v 1.0781003 -0.7454907 -0.011688173
v 1.0781003 -0.7454907 -0.011688173
v 1.0779749 -0.7396503 0.20095578
v 1.0779749 -0.7396503 0.20095578
v 0.95913017 -0.74070257 0.11902407
v 0.95913017 -0.74070257 0.11902407
v 0.9513836 -0.7473792 -0.011688173
v 0.9513836 -0.7473792 -0.011688173
v 1.231981 -0.7342158 -0.011688173
v 1.231981 -0.7342158 -0.011688173
v 1.2247436 -0.7276176 0.12605499
v 1.2247436 -0.7276176 0.12605499
v 0.97918916 -0.72190773 0.12021165
v 0.97918916 -0.72190773 0.12021165
v 0.97918916 -0.72190773 0.12021165
v 1.0768384 -0.7163419 0.20095575
v 1.0768384 -0.7163419 0.20095575
v 1.0768381 -0.7163421 -0.011777192
v 1.0768381 -0.7163421 -0.011777192
v 1.0768381 -0.7163421 -0.011777192
v 0.97918916 -0.7219079 -0.011777282
v 0.97918916 -0.7219079 -0.011777282
v 0.97918916 -0.7219079 -0.011777282
v 1.1987213 -0.7111025 0.121655405
v 1.1987213 -0.7111025 0.121655405
v 1.1987213 -0.7111025 0.121655405
v 1.1987213 -0.71110255 -0.011777297
v 1.1987213 -0.71110255 -0.011777297
v 1.1987213 -0.71110255 -0.011777297
v 1.1906586 -0.6271315 -0.011777446
v 1.1906586 -0.6271315 -0.011777446
v 1.1906586 -0.6271315 -0.011777446
v 1.1932988 -0.6313448 0.12972352
v 1.1932988 -0.6313448 0.12972352
v 1.1932988 -0.6313448 0.12972352
v 1.1718502 -0.6080676 0.098813936
v 1.1718502 -0.6080676 0.098813936
v 1.1718502 -0.6080676 0.098813936
v 1.1724 -0.6122869 -0.011777595
v 1.1724 -0.6122869 -0.011777595
v 1.1724 -0.6122869 -0.011777595
v 1.2026036 -0.6027985 -0.0116882175
v 1.1981449 -0.6054489 0.10251657
v 1.2242051 -0.62398946 0.13038725
v 1.2299972 -0.62463456 -0.0116882175
v 1.0652438 -0.4119578 -0.011688292
v 1.0652438 -0.4119578 -0.011688292
v 0.9388446 -0.42207882 -0.011688292
v 0.9388446 -0.42207882 -0.011688292
v 0.9470767 -0.42799708 0.11902397
v 0.9470767 -0.42799708 0.11902397
v 0.9470767 -0.42799708 0.11902397
v 1.0655684 -0.41778845 0.20095566
v 1.1858659 -0.4171498 0.118511625
v 1.1858659 -0.4171498 0.118511625
v 1.1925691 -0.40989023 -0.011688262
v 1.1925691 -0.40989023 -0.011688262
v 1.196367 -0.5187303 0.09511278
v 1.196367 -0.5187303 0.09511278
v 0.9685087 -0.44482335 0.12021157
v 0.9685087 -0.44482335 0.12021157
v 0.9685087 -0.44482335 0.12021157
v 0.9685087 -0.44482335 0.12021157
v 0.9685087 -0.44482335 0.12021157
v 0.9685087 -0.44482335 -0.011777386
v 0.9685087 -0.44482335 -0.011777386
v 1.0662295 -0.44111946 -0.011777282
v 1.0662295 -0.44111946 -0.011777282
v 1.0662295 -0.44111943 0.20095566
v 1.0662295 -0.44111943 0.20095566
v 1.1612093 -0.43606958 0.119699225
v 1.1612093 -0.43606958 0.119699225
v 1.1612093 -0.4360695 -0.011777386
v 1.1612093 -0.4360695 -0.011777386
v 1.1612093 -0.4360695 -0.011777386
v 1.1704593 -0.5199596 0.08837123
v 1.1704593 -0.5199596 0.08837123
v 1.1704593 -0.5199596 0.08837123
v 1.1704593 -0.5199596 0.08837123
v 1.1712842 -0.5262884 -0.011777744
v 1.1712842 -0.5262884 -0.011777744
v 0.9715737 -0.59637845 0.061475098
v 0.9715737 -0.59637845 0.061475098
v 0.9715737 -0.59637845 0.061475098
v 0.9715737 -0.59637845 0.061475098
v 0.9715737 -0.59637845 0.061475098
v 0.97025627 -0.5546354 0.06145884
v 0.97025627 -0.5546354 0.06145884
v 0.97025627 -0.5546354 0.06145884
v 0.9460016 -0.5554557 0.061458826
v 0.9460016 -0.5554557 0.061458826
v 0.9460016 -0.5554557 0.061458826
v 0.9476208 -0.59746164 0.061458826
v 0.9476208 -0.59746164 0.061458826
v 1.199961 -0.52492785 -0.011688247
v 1.199961 -0.52492785 -0.011688247
v 0.94121754 -0.55572224 -0.011688232
v 0.94121754 -0.55572224 -0.011688232
v 0.9715737 -0.59637845 -0.011774495
v 0.9715737 -0.59637845 -0.011774495
v 0.97025627 -0.55463547 -0.011774436
v 0.97025627 -0.55463547 -0.011774436
v 0.97025627 -0.55463547 -0.011774436
v 0.9431249 -0.5971019 -0.0116882175
v 0.9431249 -0.5971019 -0.0116882175
v 0.8772823 0.47180986 0.13587645
v 0.878964 0.47050986 0.1970061
v 0.95293224 0.5631441 0.13526897
v 0.95293224 0.5631441 0.13526897
v 0.8748086 0.47372174 0.017756596
v 0.9531413 0.5729258 0.017756596
v 0.9531413 0.5729258 0.017756596
v 0.8748086 0.47372174 0.017756596
v 0.80166596 0.36771163 0.017756611
v 0.80166596 0.36771163 0.017756611
v 0.8095142 0.36941606 0.14158988
v 0.8095142 0.36941606 0.14158988
v 0.95344305 0.5369613 0.13633662
v 0.95344305 0.5369613 0.13633662
v 0.95344305 0.5369613 0.13633662
v 0.95344305 0.5369613 0.13633662
v 0.89594847 0.45818478 0.1970061
v 0.89594847 0.45818478 0.1970061
v 0.89594847 0.4581848 0.017676562
v 0.89594847 0.4581848 0.017676562
v 0.89594847 0.4581848 0.017676562
v 0.89594847 0.4581848 0.017676562
v 0.95344305 0.53696126 0.017676473
v 0.95344305 0.53696126 0.017676473
v 0.95344305 0.53696126 0.017676473
v 0.83739936 0.380212 0.13763455
v 0.83739936 0.380212 0.13763455
v 0.83739936 0.380212 0.13763455
v 0.83739936 0.380212 0.017676502
v 0.83739936 0.380212 0.017676502
v 0.83739936 0.380212 0.017676502
v 0.974181 0.2744192 0.107711636
v 0.974181 0.2744192 0.107711636
v 0.974181 0.2744192 0.107711636
v 1.038553 0.23405448 0.017676458
v 1.038553 0.23405448 0.017676458
v 1.038553 0.23405448 0.017676458
v 1.1880916 0.3983357 0.017756581
v 1.1880916 0.3983357 0.017756581
v 1.178786 0.39531347 0.13526896
v 1.178786 0.39531347 0.13526896
v 1.178786 0.39531347 0.13526896
v 1.1114309 0.29776525 0.19700608
v 1.0362611 0.20424041 0.13480833
v 1.0362611 0.20424041 0.13480833
v 1.0371149 0.1949363 0.017756581
v 1.0371149 0.1949363 0.017756581
v 1.0371149 0.1949363 0.017756581
v 1.115705 0.29471314 0.017756596
v 1.115705 0.29471314 0.017756596
v 0.9587543 0.25365904 0.11377238
v 0.9587543 0.25365904 0.11377238
v 1.1535695 0.38824874 0.1363366
v 1.1535695 0.38824874 0.1363366
v 1.1535695 0.38824874 0.1363366
v 1.1535695 0.38824874 0.1363366
v 1.1535695 0.38824874 0.1363366
v 1.1535695 0.38824874 0.1363366
v 1.1535695 0.38824877 0.017676473
v 1.1535695 0.38824877 0.017676473
v 1.0947298 0.31047165 0.017676562
v 1.0947298 0.31047165 0.017676562
v 1.0947298 0.31047165 0.017676562
v 1.0947298 0.31047165 0.017676562
v 1.0947298 0.31047148 0.19700608
v 1.0947298 0.31047148 0.19700608
v 1.038553 0.23405445 0.135876
v 1.038553 0.23405445 0.135876
v 1.038553 0.23405445 0.135876
v 1.045853 0.47173956 0.08353157
v 1.045853 0.47173956 0.08353157
v 1.045853 0.47173956 0.08353157
v 1.045853 0.47173956 0.08353157
v 1.045853 0.47173956 0.08353157
v 1.045853 0.47173956 0.08353157
v 1.0758188 0.44911 0.08351697
v 1.0758188 0.44911 0.08351697
v 1.0758188 0.44911 0.08351697
v 1.0758188 0.44911 0.08351697
v 1.090492 0.46835852 0.08351694
v 1.090492 0.46835852 0.08351694
v 1.090492 0.46835852 0.08351694
v 1.090492 0.46835852 0.08351694
v 1.060153 0.4909033 0.08351694
v 1.060153 0.4909033 0.08351694
v 1.060153 0.4909033 0.08351694
v 1.0933132 0.47221434 0.017756596
v 1.0933132 0.47221434 0.017756596
v 1.045853 0.4717396 0.01767905
v 1.045853 0.4717396 0.01767905
v 1.0758188 0.4491101 0.01767908
v 1.0758188 0.4491101 0.01767908
v 1.0758188 0.4491101 0.01767908
v 1.0632302 0.49418142 0.017756581
v 1.0632302 0.49418142 0.017756581
v 0.81084716 0.84187776 0.15704498
v 0.8079704 0.84201354 0.23987031
v 0.7978649 0.6817166 0.15622188
v 0.7978649 0.6817166 0.15622188
v 0.81507856 0.8416781 -0.0029970855
v 0.80523485 0.67069757 -0.0029970706
v 0.80523485 0.67069757 -0.0029970706
v 0.81507856 0.8416781 -0.0029970855
v 0.8138727 1.0161791 -0.0029970706
v 0.8138727 1.0161791 -0.0029970706
v 0.80648667 1.0081881 0.16478616
v 0.80648667 1.0081881 0.16478616
v 0.7769502 0.7103794 0.15766847
v 0.7769502 0.7103794 0.15766847
v 0.7769502 0.7103794 0.15766847
v 0.7769502 0.7103794 0.15766847
v 0.7795414 0.84249353 0.23987031
v 0.7795414 0.84249353 0.23987031
v 0.7795414 0.8424935 -0.0031055212
v 0.7795414 0.8424935 -0.0031055212
v 0.7795414 0.8424935 -0.0031055212
v 0.7795414 0.8424935 -0.0031055212
v 0.7769502 0.71037936 -0.0031056255
v 0.7769502 0.71037936 -0.0031056255
v 0.7769502 0.71037936 -0.0031056255
v 0.78392756 0.97453517 0.15942705
v 0.78392756 0.97453517 0.15942705
v 0.78392756 0.97453517 0.15942705
v 0.78392756 0.9745351 -0.0031056106
v 0.78392756 0.9745351 -0.0031056106
v 0.78392756 0.9745351 -0.0031056106
v 0.54990005 0.9856529 0.118884094
v 0.54990005 0.9856529 0.118884094
v 0.54990005 0.9856529 0.118884094
v 0.44708562 0.98042643 -0.0031056553
v 0.44708562 0.98042643 -0.0031056553
v 0.44708562 0.98042643 -0.0031056553
v 0.40859675 0.8531442 -0.0029971004
v 0.40878624 0.6818808 -0.0029971153
v 0.40878624 0.6818808 -0.0029971153
v 0.41676563 0.6924669 0.15622187
v 0.41676563 0.6924669 0.15622187
v 0.41676563 0.6924669 0.15622187
v 0.4157124 0.8530784 0.23987028
v 0.41283262 0.85310507 0.15704496
v 0.4264595 1.0152977 0.15559778
v 0.4264595 1.0152977 0.15559778
v 0.4182811 1.0249606 -0.0029971004
v 0.4182811 1.0249606 -0.0029971004
v 0.4182811 1.0249606 -0.0029971004
v 0.40859675 0.8531442 -0.0029971004
v 0.5508882 1.0206832 0.12709591
v 0.5508882 1.0206832 0.12709591
v 0.4392628 0.71990496 0.15766844
v 0.4392628 0.71990496 0.15766844
v 0.4392628 0.71990496 0.15766844
v 0.4392628 0.71990496 0.15766844
v 0.4392628 0.71990496 0.15766844
v 0.4392628 0.71990496 0.15766844
v 0.4392628 0.7199049 -0.0031056553
v 0.4392628 0.7199049 -0.0031056553
v 0.44412345 0.85195506 -0.003105536
v 0.44412345 0.85195506 -0.003105536
v 0.44412345 0.85195506 -0.003105536
v 0.44412345 0.85195506 -0.003105536
v 0.4441233 0.85195535 0.23987028
v 0.4441233 0.85195535 0.23987028
v 0.44708562 0.9804265 0.15704435
v 0.44708562 0.9804265 0.15704435
v 0.44708562 0.9804265 0.15704435
v 0.6236995 0.71095157 0.086122245
v 0.6236995 0.71095157 0.086122245
v 0.6236995 0.71095157 0.086122245
v 0.6236995 0.71095157 0.086122245
v 0.6236995 0.71095157 0.086122245
v 0.6236995 0.71095157 0.086122245
v 0.5728546 0.7127799 0.08610244
v 0.5728546 0.7127799 0.08610244
v 0.5728546 0.7127799 0.08610244
v 0.5728546 0.7127799 0.08610244
v 0.5715279 0.68001306 0.08610241
v 0.5715279 0.68001306 0.08610241
v 0.5715279 0.68001306 0.08610241
v 0.5715279 0.68001306 0.08610241
v 0.62272114 0.67856896 0.086102426
v 0.62272114 0.67856896 0.086102426
v 0.62272114 0.67856896 0.086102426
v 0.5713933 0.673541 -0.0029971004
v 0.5713933 0.673541 -0.0029971004
v 0.6236995 0.7109515 -0.0031021684
v 0.6236995 0.7109515 -0.0031021684
v 0.5728546 0.71277976 -0.003102094
v 0.5728546 0.71277976 -0.003102094
v 0.5728546 0.71277976 -0.003102094
v 0.6218535 0.67253923 -0.0029971004
v 0.6218535 0.67253923 -0.0029971004
v 0.28543594 0.64017195 -0.037359506
v 0.28543594 0.64017195 -0.037359506
v 0.2785717 0.6400084 0.21256554
v 0.2785717 0.6400084 0.21256554
v 0.27980852 0.4850375 0.11626945
v 0.27980852 0.4850375 0.11626945
v 0.2876556 0.47493607 -0.037359506
v 0.2876556 0.47493607 -0.037359506
v 0.27218434 0.840829 -0.037359476
v 0.27218434 0.840829 -0.037359476
v 0.26442936 0.83139163 0.12453306
v 0.26442936 0.83139163 0.12453306
v 0.25771865 0.5111939 0.11766525
v 0.25771865 0.5111939 0.11766525
v 0.25771865 0.5111939 0.11766525
v 0.25771865 0.5111939 0.11766525
v 0.2511768 0.6385264 0.21256554
v 0.2511768 0.6385264 0.21256554
v 0.25117695 0.6385261 -0.037464112
v 0.25117695 0.6385261 -0.037464112
v 0.25117695 0.6385261 -0.037464112
v 0.25771865 0.5111939 -0.03746423
v 0.25771865 0.5111939 -0.03746423
v 0.24501884 0.7974591 0.119362116
v 0.24501884 0.7974591 0.119362116
v 0.24501884 0.7974591 0.119362116
v 0.24501884 0.79745907 -0.0374642
v 0.24501884 0.79745907 -0.0374642
v 0.24501884 0.79745907 -0.0374642
v 0.14632589 0.78694534 -0.03746441
v 0.14632589 0.78694534 -0.03746441
v 0.14632589 0.78694534 -0.03746441
v 0.15127793 0.7903884 0.1288448
v 0.15127793 0.7903884 0.1288448
v 0.15127793 0.7903884 0.1288448
v 0.123919755 0.76241976 0.092516065
v 0.123919755 0.76241976 0.092516065
v 0.123919755 0.76241976 0.092516065
v 0.12887874 0.76313657 -0.03746453
v 0.12887874 0.76313657 -0.03746453
v 0.12887874 0.76313657 -0.03746453
v 0.11772674 0.8025215 -0.037359506
v 0.12084192 0.79670745 0.096867874
v 0.14263296 0.83068943 0.12962487
v 0.14339104 0.838242 -0.037359506
v -0.10657239 0.62340724 -0.037359536
v -0.10657239 0.62340724 -0.037359536
v -0.09467679 0.45858532 -0.037359536
v -0.09467679 0.45858532 -0.037359536
v -0.08772087 0.46931967 0.11626941
v -0.08772087 0.46931967 0.11626941
v -0.08772087 0.46931967 0.11626941
v -0.099719405 0.62383044 0.21256551
v -0.100470066 0.7806958 0.11566726
v -0.100470066 0.7806958 0.11566726
v -0.10900247 0.7894367 -0.037359536
v -0.10900247 0.7894367 -0.037359536
v 0.018919587 0.7943891 0.08816606
v 0.018919587 0.7943891 0.08816606
v -0.067944705 0.49726665 0.11766522
v -0.067944705 0.49726665 0.11766522
v -0.067944705 0.49726665 0.11766522
v -0.067944705 0.49726665 0.11766522
v -0.067944705 0.49726665 0.11766522
v -0.067944705 0.49726668 -0.03746423
v -0.067944705 0.49726668 -0.03746423
v -0.07229799 0.62469244 -0.03746414
v -0.07229799 0.62469244 -0.03746414
v -0.07229799 0.62469244 0.21256551
v -0.07229799 0.62469244 0.21256551
v -0.0782333 0.7485442 0.11706305
v -0.0782333 0.7485442 0.11706305
v -0.07823342 0.74854416 -0.03746423
v -0.07823342 0.74854416 -0.03746423
v -0.07823342 0.74854416 -0.03746423
v 0.020364523 0.760606 0.080242544
v 0.020364523 0.760606 0.080242544
v 0.020364523 0.760606 0.080242544
v 0.020364523 0.760606 0.080242544
v 0.027802825 0.7616816 -0.03746468
v 0.027802825 0.7616816 -0.03746468
v 0.11018127 0.5012634 0.048630938
v 0.11018127 0.5012634 0.048630938
v 0.11018127 0.5012634 0.048630938
v 0.11018127 0.5012634 0.048630938
v 0.11018127 0.5012634 0.048630938
v 0.061119795 0.49954554 0.04861182
v 0.061119795 0.49954554 0.04861182
v 0.061119795 0.49954554 0.04861182
v 0.061119795 0.49954554 0.04861182
v 0.06208396 0.46791792 0.04861182
v 0.06208396 0.46791792 0.04861182
v 0.06208396 0.46791792 0.04861182
v 0.06208396 0.46791792 0.04861182
v 0.11145434 0.47002932 0.048611835
v 0.11145434 0.47002932 0.048611835
v 0.11145434 0.47002932 0.048611835
v 0.026203692 0.7990753 -0.037359506
v 0.026203692 0.7990753 -0.037359506
v 0.062397182 0.4616796 -0.037359506
v 0.062397182 0.4616796 -0.037359506
v 0.11018118 0.5012634 -0.037460893
v 0.11018118 0.5012634 -0.037460893
v 0.11018118 0.5012634 -0.037460893
v 0.061119795 0.49954554 -0.037460804
v 0.061119795 0.49954554 -0.037460804
v 0.061119795 0.49954554 -0.037460804
v 0.11103156 0.4641668 -0.037359506
v 0.11103156 0.4641668 -0.037359506
v -0.32142192 0.13174565 0.15704498
v -0.31854522 0.13160978 0.2398703
v -0.30843985 0.2919067 0.15622187
v -0.30843985 0.2919067 0.15622187
v -0.32565337 0.13194521 -0.0029970855
v -0.31580967 0.30292574 -0.0029971004
v -0.31580967 0.30292574 -0.0029971004
v -0.32565337 0.13194521 -0.0029970855
v -0.32444763 -0.042555638 -0.0029970706
v -0.32444763 -0.042555638 -0.0029970706
v -0.31706154 -0.03456477 0.16478615
v -0.31706154 -0.03456477 0.16478615
v -0.28752506 0.26324394 0.15766844
v -0.28752506 0.26324394 0.15766844
v -0.28752506 0.26324394 0.15766844
v -0.28752506 0.26324394 0.15766844
v -0.2901162 0.13112983 0.2398703
v -0.2901162 0.13112983 0.2398703
v -0.2901162 0.13112986 -0.0031055212
v -0.2901162 0.13112986 -0.0031055212
v -0.2901162 0.13112986 -0.0031055212
v -0.2901162 0.13112986 -0.0031055212
v -0.28752506 0.26324394 -0.0031056404
v -0.28752506 0.26324394 -0.0031056404
v -0.28752506 0.26324394 -0.0031056404
v -0.2945025 -0.00091181695 0.15942705
v -0.2945025 -0.00091181695 0.15942705
v -0.2945025 -0.00091181695 0.15942705
v -0.2945025 -0.0009118449 -0.0031056404
v -0.2945025 -0.0009118449 -0.0031056404
v -0.2945025 -0.0009118449 -0.0031056404
v -0.2945025 -0.0009118449 -0.0031056404
v -0.16766143 -0.006297007 0.1316042
v -0.16766143 -0.006297007 0.1316042
v -0.060474932 -0.01202964 0.118884094
v -0.060474932 -0.01202964 0.118884094
v -0.060474932 -0.01202964 0.118884094
v 0.042339563 -0.0068032052 -0.0031056553
v 0.042339563 -0.0068032052 -0.0031056553
v 0.042339563 -0.0068032052 -0.0031056553
v 0.071144044 -0.051337227 -0.0029971153
v 0.071144044 -0.051337227 -0.0029971153
v 0.071144044 -0.051337227 -0.0029971153
v -0.061463 -0.0470597 0.12709588
v -0.061463 -0.0470597 0.12709588
v -0.16699868 -0.041969232 0.13611433
v 0.08082843 0.12047898 -0.0029971302
v 0.080638885 0.2917425 -0.0029971153
v 0.080638885 0.2917425 -0.0029971153
v 0.07265955 0.28115642 0.15622185
v 0.07265955 0.28115642 0.15622185
v 0.07265955 0.28115642 0.15622185
v 0.073712766 0.120544866 0.23987028
v 0.076592565 0.12051822 0.15704495
v 0.06296563 -0.04167431 0.15559776
v 0.06296563 -0.04167431 0.15559776
v 0.08082843 0.12047898 -0.0029971302
v 0.050162375 0.25371838 0.15766843
v 0.050162375 0.25371838 0.15766843
v 0.050162375 0.25371838 0.15766843
v 0.050162375 0.25371838 0.15766843
v 0.050162375 0.25371838 0.15766843
v 0.050162375 0.25371838 0.15766843
v 0.050162375 0.25371838 -0.003105685
v 0.050162375 0.25371838 -0.003105685
v 0.045301735 0.12166817 -0.003105536
v 0.045301735 0.12166817 -0.003105536
v 0.045301735 0.12166817 -0.003105536
v 0.045301735 0.12166817 -0.003105536
v 0.045301914 0.12166798 0.23987028
v 0.045301914 0.12166798 0.23987028
v 0.042339563 -0.0068031773 0.15704434
v 0.042339563 -0.0068031773 0.15704434
v 0.042339563 -0.0068031773 0.15704434
v -0.13427436 0.26267177 0.08612223
v -0.13427436 0.26267177 0.08612223
v -0.13427436 0.26267177 0.08612223
v -0.13427436 0.26267177 0.08612223
v -0.13427436 0.26267177 0.08612223
v -0.13427436 0.26267177 0.08612223
v -0.083429396 0.26084346 0.086102426
v -0.083429396 0.26084346 0.086102426
v -0.083429396 0.26084346 0.086102426
v -0.083429396 0.26084346 0.086102426
v -0.082102716 0.2936103 0.08610241
v -0.082102716 0.2936103 0.08610241
v -0.082102716 0.2936103 0.08610241
v -0.082102716 0.2936103 0.08610241
v -0.13329601 0.2950544 0.08610241
v -0.13329601 0.2950544 0.08610241
v -0.13329601 0.2950544 0.08610241
v -0.08196813 0.30008224 -0.0029971004
v -0.08196813 0.30008224 -0.0029971004
v -0.13427436 0.26267177 -0.0031021684
v -0.13427436 0.26267177 -0.0031021684
v -0.083429456 0.26084355 -0.0031021088
v -0.083429456 0.26084355 -0.0031021088
v -0.083429456 0.26084355 -0.0031021088
v -0.13242835 0.301084 -0.0029971004
v -0.13242835 0.301084 -0.0029971004
v -0.60821646 -0.18387026 -0.0035602301
v -0.60821646 -0.18387026 -0.0035602301
v -0.6083568 -0.17797554 0.21106443
v -0.6083568 -0.17797554 0.21106443
v -0.74143916 -0.1790377 0.12836957
v -0.74143916 -0.1790377 0.12836957
v -0.7501138 -0.1857764 -0.0035602301
v -0.7501138 -0.1857764 -0.0035602301
v -0.43590087 -0.17249036 -0.0035602003
v -0.43590087 -0.17249036 -0.0035602003
v -0.4440053 -0.16583075 0.13546598
v -0.4440053 -0.16583075 0.13546598
v -0.71897715 -0.16006784 0.12956822
v -0.71897715 -0.16006784 0.12956822
v -0.71897715 -0.16006784 0.12956822
v -0.6096296 -0.15445001 0.21106443
v -0.6096296 -0.15445001 0.21106443
v -0.6096298 -0.15445015 -0.0036500543
v -0.6096298 -0.15445015 -0.0036500543
v -0.6096298 -0.15445015 -0.0036500543
v -0.71897715 -0.16006786 -0.0036501586
v -0.71897715 -0.16006786 -0.0036501586
v -0.71897715 -0.16006786 -0.0036501586
v -0.47314507 -0.14916185 0.1310254
v -0.47314507 -0.14916185 0.1310254
v -0.47314507 -0.14916185 0.1310254
v -0.47314507 -0.14916186 -0.0036501288
v -0.47314507 -0.14916186 -0.0036501288
v -0.47314507 -0.14916186 -0.0036501288
v -0.48217386 -0.06440862 -0.0036503077
v -0.48217386 -0.06440862 -0.0036503077
v -0.48217386 -0.06440862 -0.0036503077
v -0.47921723 -0.06866122 0.13916871
v -0.47921723 -0.06866122 0.13916871
v -0.47921723 -0.06866122 0.13916871
v -0.5032353 -0.045167208 0.10797121
v -0.5032353 -0.045167208 0.10797121
v -0.5032353 -0.045167208 0.10797121
v -0.5026198 -0.04942579 -0.003650412
v -0.5026198 -0.04942579 -0.003650412
v -0.5026198 -0.04942579 -0.003650412
v -0.727505 -0.033369206 0.07028459
v -0.727505 -0.033369206 0.07028459
v -0.727505 -0.033369206 0.07028459
v -0.727505 -0.033369206 0.07028459
v -0.727505 -0.033369206 0.07028459
v -0.727505 -0.033369206 0.07028459
v -0.72898024 0.008762664 0.07026817
v -0.72898024 0.008762664 0.07026817
v -0.72898024 0.008762664 0.07026817
v -0.72898024 0.008762664 0.07026817
v -0.7309372 0.119597554 0.12956819
v -0.7309372 0.119597554 0.12956819
v -0.7309372 0.119597554 0.12956819
v -0.7309372 0.119597554 0.12956819
v -0.7309372 0.119597554 0.12956819
v -0.46879774 -0.039848953 -0.0035602152
v -0.4737906 -0.042524114 0.11170834
v -0.4446084 -0.061237313 0.13983864
v -0.43812257 -0.061888337 -0.0035602152
v -0.62261313 0.15276927 -0.003560245
v -0.62261313 0.15276927 -0.003560245
v -0.764155 0.1425539 -0.003560245
v -0.764155 0.1425539 -0.003560245
v -0.75493675 0.13658048 0.12836954
v -0.75493675 0.13658048 0.12836954
v -0.75493675 0.13658048 0.12836954
v -0.6222498 0.14688429 0.21106441
v -0.6222498 0.14688429 0.21106441
v -0.48981065 0.15108769 0.12905109
v -0.48981065 0.15108769 0.12905109
v -0.4800343 0.15485618 -0.003560245
v -0.4800343 0.15485618 -0.003560245
v -0.4800343 0.15485618 -0.003560245
v -0.4800343 0.15485618 -0.003560245
v -0.48527068 0.14397025 0.12665379
v -0.48527068 0.14397025 0.12665379
v -0.4757815 0.04500232 0.104235604
v -0.4757815 0.04500232 0.104235604
v -0.7309372 0.11959754 -0.0036501735
v -0.7309372 0.11959754 -0.0036501735
v -0.6215095 0.12333595 -0.0036500692
v -0.6215095 0.12333595 -0.0036500692
v -0.6215095 0.123335965 0.2110644
v -0.6215095 0.123335965 0.2110644
v -0.5151511 0.12843296 0.12905109
v -0.5151511 0.12843296 0.12905109
v -0.5151511 0.12843306 -0.0036501586
v -0.5151511 0.12843306 -0.0036501586
v -0.5151511 0.12843306 -0.0036501586
v -0.75614053 0.007934675 0.070268154
v -0.75614053 0.007934675 0.070268154
v -0.75614053 0.007934675 0.070268154
v -0.75614053 0.007934675 0.070268154
v -0.75432736 -0.03446249 0.07026817
v -0.75432736 -0.03446249 0.07026817
v -0.75432736 -0.03446249 0.07026817
v -0.7614978 0.0076656938 -0.0035602301
v -0.7614978 0.0076656938 -0.0035602301
v -0.50479287 0.043761484 0.09743125
v -0.50479287 0.043761484 0.09743125
v -0.50479287 0.043761484 0.09743125
v -0.727505 -0.033369154 -0.0036472678
v -0.727505 -0.033369154 -0.0036472678
v -0.72898024 0.008762659 -0.003647223
v -0.72898024 0.008762659 -0.003647223
v -0.72898024 0.008762659 -0.003647223
v -0.75936204 -0.0340994 -0.0035602152
v -0.75936204 -0.0340994 -0.0035602152
v -0.51427716 0.7279924 0.047539994
v -0.51427716 0.7279924 0.047539994
v -0.51413673 0.72209764 0.26216465
v -0.51413673 0.72209764 0.26216465
v -0.38105458 0.7231598 0.17946978
v -0.38105458 0.7231598 0.17946978
v -0.38105458 0.7231598 0.17946978
v -0.37237984 0.72989845 0.047539994
v -0.37237984 0.72989845 0.047539994
v -0.68659276 0.7166124 0.04754001
v -0.68659276 0.7166124 0.04754001
v -0.67848843 0.7099528 0.1865662
v -0.67848843 0.7099528 0.1865662
v -0.40351647 0.7041899 0.18066843
v -0.40351647 0.7041899 0.18066843
v -0.40351647 0.7041899 0.18066843
v -0.51286405 0.6985721 0.26216465
v -0.51286405 0.6985721 0.26216465
v -0.5128638 0.69857234 0.047450155
v -0.5128638 0.69857234 0.047450155
v -0.5128638 0.69857234 0.047450155
v -0.40351647 0.70419 0.047450066
v -0.40351647 0.70419 0.047450066
v -0.40351647 0.70419 0.047450066
v -0.64934856 0.6932839 0.18212563
v -0.64934856 0.6932839 0.18212563
v -0.64934856 0.6932839 0.18212563
v -0.64934856 0.6932839 0.047450066
v -0.64934856 0.6932839 0.047450066
v -0.64934856 0.6932839 0.047450066
v -0.64031976 0.60853076 0.0474499
v -0.64031976 0.60853076 0.0474499
v -0.64031976 0.60853076 0.0474499
v -0.6432765 0.6127833 0.19026893
v -0.6432765 0.6127833 0.19026893
v -0.6432765 0.6127833 0.19026893
v -0.61925834 0.58928925 0.15907142
v -0.61925834 0.58928925 0.15907142
v -0.61925834 0.58928925 0.15907142
v -0.61987394 0.5935479 0.047449768
v -0.61987394 0.5935479 0.047449768
v -0.61987394 0.5935479 0.047449768
v -0.39498866 0.5774913 0.1213848
v -0.39498866 0.5774913 0.1213848
v -0.39498866 0.5774913 0.1213848
v -0.39498866 0.5774913 0.1213848
v -0.39498866 0.5774913 0.1213848
v -0.39498866 0.5774913 0.1213848
v -0.39351344 0.53535944 0.12136839
v -0.39351344 0.53535944 0.12136839
v -0.39351344 0.53535944 0.12136839
v -0.39351344 0.53535944 0.12136839
v -0.39155644 0.42452458 0.18066841
v -0.39155644 0.42452458 0.18066841
v -0.39155644 0.42452458 0.18066841
v -0.39155644 0.42452458 0.18066841
v -0.39155644 0.42452458 0.18066841
v -0.6536959 0.583971 0.047539994
v -0.64870304 0.5866462 0.16280855
v -0.67788535 0.6053594 0.19093883
v -0.6843712 0.60601044 0.047539994
v -0.4998805 0.39135286 0.04753998
v -0.4998805 0.39135286 0.04753998
v -0.3583386 0.4015682 0.047539964
v -0.3583386 0.4015682 0.047539964
v -0.3675568 0.40754163 0.17946975
v -0.3675568 0.40754163 0.17946975
v -0.3675568 0.40754163 0.17946975
v -0.50024396 0.3972378 0.2621646
v -0.63495296 0.39659318 0.17895265
v -0.63495296 0.39659318 0.17895265
v -0.64245933 0.38926595 0.04753998
v -0.64245933 0.38926595 0.04753998
v -0.64671224 0.49911985 0.15533581
v -0.64671224 0.49911985 0.15533581
v -0.39155644 0.42452455 0.047450036
v -0.39155644 0.42452455 0.047450036
v -0.50098425 0.42078617 0.047450125
v -0.50098425 0.42078617 0.047450125
v -0.50098425 0.42078617 0.26216462
v -0.50098425 0.42078617 0.26216462
v -0.60734266 0.41568917 0.18015128
v -0.60734266 0.41568917 0.18015128
v -0.60734266 0.41568908 0.047450036
v -0.60734266 0.41568908 0.047450036
v -0.60734266 0.41568908 0.047450036
v -0.61770076 0.5003606 0.14853147
v -0.61770076 0.5003606 0.14853147
v -0.61770076 0.5003606 0.14853147
v -0.61770076 0.5003606 0.14853147
v -0.6186244 0.5067483 0.047449633
v -0.6186244 0.5067483 0.047449633
v -0.3663531 0.5361874 0.12136838
v -0.3663531 0.5361874 0.12136838
v -0.3663531 0.5361874 0.12136838
v -0.3663531 0.5361874 0.12136838
v -0.3681662 0.57858455 0.12136838
v -0.3681662 0.57858455 0.12136838
v -0.3681662 0.57858455 0.12136838
v -0.3681662 0.57858455 0.12136838
v -0.6507365 0.5053751 0.04753998
v -0.6507365 0.5053751 0.04753998
v -0.36099583 0.5364564 0.04753998
v -0.36099583 0.5364564 0.04753998
v -0.39498866 0.5774913 0.047452927
v -0.39498866 0.5774913 0.047452927
v -0.39351344 0.53535944 0.04745297
v -0.39351344 0.53535944 0.04745297
v -0.39351344 0.53535944 0.04745297
v -0.36313176 0.5782215 0.047539964
v -0.36313176 0.5782215 0.047539964
v -0.8382283 -0.5540762 0.17165288
v -0.8353514 -0.5542121 0.25447822
v -0.82524616 -0.39391515 0.17082979
v -0.82524616 -0.39391515 0.17082979
v -0.8424596 -0.55387664 0.011610821
v -0.8326158 -0.38289616 0.011610836
v -0.8326158 -0.38289616 0.011610836
v -0.8424596 -0.55387664 0.011610821
v -0.8412538 -0.7283775 0.011610836
v -0.8412538 -0.7283775 0.011610836
v -0.8338676 -0.7203866 0.17939405
v -0.8338676 -0.7203866 0.17939405
v -0.80433136 -0.42257795 0.17227636
v -0.80433136 -0.42257795 0.17227636
v -0.80433136 -0.42257795 0.17227636
v -0.80433136 -0.42257795 0.17227636
v -0.8069225 -0.55469203 0.25447822
v -0.8069225 -0.55469203 0.25447822
v -0.8069225 -0.55469203 0.0115024
v -0.8069225 -0.55469203 0.0115024
v -0.8069225 -0.55469203 0.0115024
v -0.8069225 -0.55469203 0.0115024
v -0.80433136 -0.42257792 0.011502266
v -0.80433136 -0.42257792 0.011502266
v -0.80433136 -0.42257792 0.011502266
v -0.81130856 -0.6867336 0.17403495
v -0.81130856 -0.6867336 0.17403495
v -0.81130856 -0.6867336 0.17403495
v -0.81130856 -0.68673366 0.011502281
v -0.81130856 -0.68673366 0.011502281
v -0.81130856 -0.68673366 0.011502281
v -0.57728106 -0.6978513 0.13349201
v -0.57728106 -0.6978513 0.13349201
v -0.57728106 -0.6978513 0.13349201
v -0.47446662 -0.692625 0.011502251
v -0.47446662 -0.692625 0.011502251
v -0.47446662 -0.692625 0.011502251
v -0.43597776 -0.5653427 0.011610791
v -0.4361673 -0.39407918 0.011610791
v -0.4361673 -0.39407918 0.011610791
v -0.4441467 -0.40466532 0.17082976
v -0.4441467 -0.40466532 0.17082976
v -0.4441467 -0.40466532 0.17082976
v -0.44309348 -0.5652769 0.2544782
v -0.44021362 -0.56530344 0.17165285
v -0.45384055 -0.7274961 0.17020567
v -0.45384055 -0.7274961 0.17020567
v -0.4456622 -0.737159 0.011610791
v -0.4456622 -0.737159 0.011610791
v -0.4456622 -0.737159 0.011610791
v -0.43597776 -0.5653427 0.011610791
v -0.5782692 -0.73288137 0.1417038
v -0.5782692 -0.73288137 0.1417038
v -0.46664387 -0.43210334 0.17227633
v -0.46664387 -0.43210334 0.17227633
v -0.46664387 -0.43210334 0.17227633
v -0.46664387 -0.43210334 0.17227633
v -0.46664387 -0.43210334 0.17227633
v -0.46664387 -0.43210334 0.17227633
v -0.46664387 -0.4321033 0.011502236
v -0.46664387 -0.4321033 0.011502236
v -0.4715045 -0.56415355 0.01150237
v -0.4715045 -0.56415355 0.01150237
v -0.4715045 -0.56415355 0.01150237
v -0.4715045 -0.56415355 0.01150237
v -0.4715044 -0.5641538 0.2544782
v -0.4715044 -0.5641538 0.2544782
v -0.47446662 -0.6926249 0.17165226
v -0.47446662 -0.6926249 0.17165226
v -0.47446662 -0.6926249 0.17165226
v -0.65108055 -0.42315003 0.10073014
v -0.65108055 -0.42315003 0.10073014
v -0.65108055 -0.42315003 0.10073014
v -0.65108055 -0.42315003 0.10073014
v -0.65108055 -0.42315003 0.10073014
v -0.65108055 -0.42315003 0.10073014
v -0.60023564 -0.4249783 0.10071035
v -0.60023564 -0.4249783 0.10071035
v -0.60023564 -0.4249783 0.10071035
v -0.60023564 -0.4249783 0.10071035
v -0.59890896 -0.3922115 0.10071031
v -0.59890896 -0.3922115 0.10071031
v -0.59890896 -0.3922115 0.10071031
v -0.59890896 -0.3922115 0.10071031
v -0.6501022 -0.3907674 0.10071032
v -0.6501022 -0.3907674 0.10071032
v -0.6501022 -0.3907674 0.10071032
v -0.5987744 -0.3857395 0.011610821
v -0.5987744 -0.3857395 0.011610821
v -0.65108055 -0.42315003 0.011505738
v -0.65108055 -0.42315003 0.011505738
v -0.60023564 -0.42497823 0.0115057975
v -0.60023564 -0.42497823 0.0115057975
v -0.60023564 -0.42497823 0.0115057975
v -0.6492346 -0.3847378 0.011610821
v -0.6492346 -0.3847378 0.011610821
v -0.0642429 -0.7707621 0.29756212
v -0.06418353 -0.7676303 0.4052119
v -0.23876703 -0.7615597 0.29666692
v -0.23876703 -0.7615597 0.29666692
v -0.2563784 -0.77492434 -0.003541544
v -0.2563784 -0.77492434 -0.003541544
v -0.06440556 -0.7811196 -0.0035415292
v -0.06396556 -0.2301059 0.13461557
v -0.06396556 -0.2301059 0.13461557
v -0.06472129 -0.22509085 -0.0035414845
v -0.25651622 -0.2303905 -0.0035414845
v -0.25651622 -0.2303905 -0.0035414845
v -0.24873042 -0.2366485 0.17284355
v -0.24873042 -0.2366485 0.17284355
v -0.06396568 -0.23010594 0.25569084
v -0.2558037 -0.27283671 0.17474139
v -0.2558037 -0.27283671 0.17474139
v -0.2558037 -0.27283671 0.17474139
v -0.25461245 -0.44223815 0.17468862
v -0.25461245 -0.44223815 0.17468862
v -0.25461245 -0.44223815 0.17468862
v -0.19717062 -0.44227552 0.17468862
v -0.19717062 -0.44227552 0.17468862
v -0.19715524 -0.2728368 0.17474139
v -0.19715524 -0.2728368 0.17474139
v -0.19715524 -0.2728368 0.17474139
v -0.2539389 -0.4422301 0.21937004
v -0.2539389 -0.4422301 0.21937004
v -0.19464046 -0.44219267 0.21937004
v 0.11250982 -0.76092094 0.29598814
v 0.11250982 -0.76092094 0.29598814
v 0.12711036 -0.7765951 -0.003541544
v 0.12711036 -0.7765951 -0.003541544
v 0.13162628 -0.537322 -0.0035415292
v 0.122618586 -0.53728956 0.21608852
v -0.06440556 -0.7811196 -0.0035415292
v 0.12641972 -0.2310926 -0.0035414845
v 0.12641972 -0.2310926 -0.0035414845
v 0.11866847 -0.23213533 0.25569084
v 0.11866847 -0.23213533 0.25569084
v -0.06472129 -0.22509085 -0.0035414845
v -0.04790163 -0.82577825 0.16665795
v -0.04790163 -0.82577825 0.16665795
v -0.04790163 -0.82577825 0.16665795
v -0.04794061 -0.84472895 -0.0094896555
v 0.057166815 -0.76402885 -0.009489596
v 0.047460377 -0.7488101 0.16665791
v 0.047460377 -0.7488101 0.16665791
v -0.15422249 -0.76843035 -0.009489626
v -0.14443862 -0.7527362 0.16665816
v -0.14443862 -0.7527362 0.16665816
v 0.21316272 -0.4682609 -0.009489581
v 0.21316272 -0.4682609 -0.009489581
v 0.21155515 -0.29929826 -0.009489566
v 0.20658061 -0.30518606 0.13205594
v 0.20658061 -0.30518606 0.13205594
v 0.21012804 -0.46841374 0.0783283
v 0.21012804 -0.46841374 0.0783283
v 0.1967167 -0.46841374 0.07785691
v 0.1967167 -0.46841374 0.07785691
v 0.19975114 -0.468261 -0.009960964
v 0.19975114 -0.468261 -0.009960964
v 0.19975114 -0.468261 -0.009960964
v 0.21012804 -0.52004415 0.07832828
v 0.21012804 -0.52004415 0.07832828
v 0.21316272 -0.5229045 -0.009489596
v 0.21316272 -0.5229045 -0.009489596
v 0.19975129 -0.52290463 -0.009960964
v 0.1967063 -0.52004415 0.078092605
v 0.1967063 -0.52004415 0.078092605
v 0.21155533 -0.71255016 -0.009489611
v 0.21155533 -0.71255016 -0.009489611
v 0.20658079 -0.7066623 0.13206202
v 0.20658079 -0.7066623 0.13206202
v 0.12392029 -0.29769093 -0.009489566
v 0.12143302 -0.30357862 0.18034957
v 0.12392041 -0.7141577 -0.009489611
v 0.12143323 -0.7082698 0.18035567
v -0.20824647 -0.7379424 0.29824024
v -0.20824647 -0.7379424 0.29824024
v -0.06453323 -0.7367077 0.40521193
v -0.06453323 -0.7367077 0.40521193
v -0.06453341 -0.73670757 0.17575872
v -0.06453341 -0.73670757 0.17575872
v -0.20824647 -0.73794234 0.17529427
v -0.20824647 -0.73794234 0.17529427
v -0.21261835 -0.4790125 0.21937005
v -0.21261835 -0.4790125 0.21937005
v -0.21261835 -0.4790125 0.21937005
v -0.21261835 -0.4790125 0.1684735
v -0.21261835 -0.4790125 0.1684735
v -0.1926052 -0.47898224 0.1684735
v -0.19260508 -0.4789823 0.21937005
v 0.07523072 -0.73742706 0.2975615
v 0.07523072 -0.73742706 0.2975615
v 0.07523072 -0.73742706 0.1752913
v 0.07523072 -0.73742706 0.1752913
v 0.07523072 -0.73742706 0.1752913
v 0.08338851 -0.5557248 0.21608853
v 0.08338851 -0.5557248 0.21608853
v 0.08338851 -0.5557248 0.21608853
v 0.0858171 -0.5372432 0.17325667
v 0.0858171 -0.5372432 0.17325667
v 0.0858171 -0.5372432 0.17325667
v 0.08452201 -0.27174076 0.25538334
v 0.08452201 -0.27174076 0.25538334
v 0.08452201 -0.27174076 0.25538334
v 0.085067034 -0.2734529 0.17358634
v 0.085067034 -0.2734529 0.17358634
v 0.085067034 -0.2734529 0.17358634
v -0.19715524 -0.2728368 0.20997648
v -0.19715524 -0.2728368 0.20997648
v -0.2558037 -0.27283674 0.20998037
v -0.06414783 -0.2731884 0.17408213
v -0.06414783 -0.2731884 0.17408213
v -0.06414783 -0.27318847 0.25434127
v -0.06414783 -0.27318847 0.25434127
v -0.06414783 -0.27318847 0.25434127
v -0.03018266 -0.7422101 0.17389247
v -0.03018266 -0.7422101 0.17389247
v -0.03018266 -0.7422101 0.17389247
v -0.03018266 -0.7422101 0.17389247
v -0.029612303 -0.7422101 0.29352677
v -0.029612303 -0.7422101 0.29352677
v -0.063232064 -0.7420183 0.29368705
v -0.063232064 -0.7420183 0.29368705
v -0.06380236 -0.74201816 0.17405275
v -0.06380236 -0.74201816 0.17405275
v -0.06380236 -0.74201816 0.17405275
v -0.06380236 -0.74201816 0.17405275
v -0.063232064 -0.659659 0.27560905
v -0.063232064 -0.659659 0.27560905
v -0.063232005 -0.61323124 0.2260448
v -0.063232005 -0.61323124 0.2260448
v -0.06351721 -0.48444432 0.1961927
v -0.029897392 -0.49507436 0.1960324
v -0.029612243 -0.6186423 0.22588453
v -0.029612243 -0.6186423 0.22588453
v -0.029612303 -0.66246045 0.27544877
v -0.029612303 -0.66246045 0.27544877
v -0.21254152 -0.5278412 0.1752914
v -0.21254152 -0.5278412 0.1752914
v -0.21254152 -0.5278412 0.1752914
v -0.21254152 -0.5278413 0.27377778
v -0.21254152 -0.5278413 0.27377778
v -0.049410105 -0.76619244 0.18353131
v -0.049410105 -0.76619244 0.18353131
v -0.25979775 -0.30822664 -0.0035414845
v -0.25979906 -0.6970149 -0.003541544
v 0.1967496 -0.6982256 -0.008160472
v 0.1967496 -0.6982256 -0.008160472
v 0.12292519 -0.69621474 -0.008150488
v 0.12292513 -0.69621485 0.18285444
v 0.1967496 -0.6982258 0.12979716
v 0.1967496 -0.6982258 0.12979716
v 0.19975129 -0.52290463 -0.009960964
v 0.19904321 -0.31455445 0.13180785
v 0.19904321 -0.31455445 0.13180785
v 0.19904321 -0.31455445 0.13180785
v 0.19904307 -0.3145543 -0.008160055
v 0.19904307 -0.3145543 -0.008160055
v 0.12172058 -0.31133202 0.18025702
v 0.121720344 -0.31133202 -0.008150935
v -0.2568007 -0.5027372 0.09632415
v -0.2440893 -0.5027373 0.27377778
vt 0.006676154 0.038600445
vt 0.006676154 0.038600445
vt 0.0040465184 0.054616928
vt 0.009692233 0.12130219
vt 0.004178025 0.122369945
vt 0.004178025 0.122369945
vt 0.082645126 0.12042022
vt 0.082645126 0.12042022
vt 0.082645126 0.12042022
vt 0.082645126 0.12042022
vt 0.08210729 0.0014841557
vt 0.08210729 0.0014841557
vt 0.10499088 0.072425306
vt 0.10499088 0.072425306
vt 0.04912454 0.07289773
vt 0.15603471 0.11952376
vt 0.02562511 0.12039715
vt 0.0032809197 0.12143391
vt 0.51349026 0.49428064
vt 0.070844635 0.49839628
vt 0.074876264 0.48367584
vt 0.46571252 0.376805
vt 0.04894367 0.38772106
vt 0.43144 0.40898418
vt 0.014452009 0.40898418
vt 0.29234803 0.3846053
vt 0.2930656 0.49626482
vt 0.4932441 0.38728404
vt 0.24395703 0.37693727
vt 0.24395703 0.37693727
vt 0.07136446 0.39148426
vt 0.076294705 0.3896129
vt 0.025629325 0.041619778
vt 0.025629325 0.041619778
vt 0.0034713126 0.05656326
vt 0.0828264 0.002042234
vt 0.0828264 0.002042234
vt 0.08237586 0.12039691
vt 0.08237586 0.12039691
vt 0.08237586 0.12039691
vt 0.08237586 0.12039691
vt 0.19328842 0.49628747
vt 0.41976464 0.38728404
vt 0.41976464 0.38728404
vt 0.19324806 0.33691013
vt 0.17006153 0.4839437
vt 0.12186405 0.38815802
vt 0.12186405 0.38815802
vt 0.17018156 0.3375969
vt 0.006676154 0.038600445
vt 0.006676154 0.038600445
vt 0.0040465184 0.054616928
vt 0.0040465184 0.054616928
vt 0.009692233 0.12130219
vt 0.004178025 0.122369945
vt 0.15609573 0.11952299
vt 0.15609573 0.11952299
vt 0.02562511 0.12039715
vt 0.0032809197 0.12143391
vt 0.10499088 0.072425306
vt 0.04912454 0.07289773
vt 0.4661679 0.38554096
vt 0.09338508 0.3846053
vt 0.32796946 0.40898407
vt 0.26904774 0.49110293
vt 0.1954172 0.38772106
vt 0.1954172 0.38772106
vt 0.46565244 0.49625283
vt 0.0926079 0.49625516
vt 0.34466723 0.38728404
vt 0.34466723 0.38728404
vt 0.26785177 0.3905486
vt 0.025629325 0.041619778
vt 0.025629325 0.041619778
vt 0.0034713126 0.05656326
vt 0.42047045 0.48641986
vt 0.42047045 0.48641986
vt 0.493609 0.48641986
vt 0.24408418 0.48992074
vt 0.46583965 0.48978853
vt 0.46583965 0.48978853
vt 0.048581943 0.48641992
vt 0.12115805 0.48641992
vt 0.12115805 0.48641992
vt 0.3450265 0.48641986
vt 0.3450265 0.48641986
vt 0.19504288 0.48641992
vt 0.19504288 0.48641992
vt 0.07264323 0.03452462
vt 0.07204715 0.0074310303
vt 0.12979549 0.03543043
vt 0.012739714 0.0019189715
vt 0.072675236 0.08735567
vt 0.13353069 0.086564004
vt 0.006761377 0.07065326
vt 0.07267157 0.08735567
vt 0.0105783865 0.087941885
vt 0.004899648 0.07691938
vt 0.012318907 0.03199756
vt 0.010025434 0.009922206
vt 0.1452362 0.059091806
vt 0.1452362 0.059091806
vt 0.22484817 0.049699485
vt 0.22484817 0.049699485
vt 0.08411851 0.012530506
vt 0.08411851 0.012530506
vt 0.08459027 0.14930254
vt 0.08459027 0.14930254
vt 0.08459027 0.14930254
vt 0.08459027 0.14930254
vt 0.14524029 0.14930296
vt 0.22433682 0.13105947
vt 0.22433682 0.13105947
vt 0.006676154 0.05599779
vt 0.006676154 0.05599779
vt 0.0040465184 0.0677287
vt 0.009692233 0.15033543
vt 0.004178025 0.13548172
vt 0.004178025 0.13548172
vt 0.004178025 0.13548172
vt 0.05784374 0.08041459
vt 0.05784374 0.08041459
vt 0.10499088 0.085537076
vt 0.10499088 0.085537076
vt 0.04912454 0.0860095
vt 0.15616447 0.13265109
vt 0.02562511 0.14930302
vt 0.0032809197 0.13454568
vt 0.07267504 0.08735567
vt 0.13333184 0.08651239
vt 0.03706616 0.07255733
vt 0.12979549 0.03543043
vt 0.19172332 -0.0003619194
vt 0.0068206377 0.0017871857
vt 0.07279055 0.007361293
vt 0.07264323 0.03452462
vt 0.013397408 0.034295917
vt 0.009505392 0.01273787
vt 0.009581036 0.087353766
vt 0.0045083943 0.076293945
vt 0.1982663 0.079055786
vt 0.07267202 0.08735567
vt 0.07074763 0.029035687
vt 0.13138998 0.028901577
vt 0.1452362 0.059091806
vt 0.1452362 0.059091806
vt 0.06433419 0.04993564
vt 0.06433419 0.04993564
vt 0.22284676 0.049302936
vt 0.22284676 0.049302936
vt 0.1452362 0.14930284
vt 0.2117047 0.13071841
vt 0.08460185 0.14930278
vt 0.08460185 0.14930278
vt 0.08460185 0.14930278
vt 0.08460185 0.14930278
vt 0.08506979 0.01252526
vt 0.08506979 0.01252526
vt 0.025629325 0.059441984
vt 0.025629325 0.059441984
vt 0.0034713126 0.06967503
vt 0.15248184 0.08587301
vt 0.15248184 0.08587301
vt 0.15248184 0.08587301
vt 0.15248184 0.08587301
vt 0.18425089 0.39320648
vt 0.22955844 0.35495663
vt 0.12831102 0.08591133
vt 0.16170047 0.08576709
vt 0.18927395 0.39508754
vt 0.18174952 0.35462976
vt 0.1192896 0.032413483
vt 0.08553916 0.032405436
vt 0.21648657 0.39532948
vt 0.18150759 0.38184237
vt 0.09525002 0.03271991
vt 0.15736514 0.3931746
vt 0.22956514 0.38176775
vt 0.07815551 0.022963345
vt 0.090488136 0.07067424
vt 0.22185874 0.44335938
vt 0.15218815 0.13148624
vt 0.18425089 0.44127142
vt 0.16153689 0.13181823
vt 0.16153689 0.13181823
vt 0.18927407 0.4436087
vt 0.15234298 0.44169694
vt 0.094178095 0.07267964
vt 0.072675236 0.08735567
vt 0.07267157 0.08735567
vt 0.13602564 0.08722746
vt 0.13221957 0.0345186
vt 0.07252374 0.0019059777
vt 0.07252374 0.0019059777
vt 0.012318907 0.03199756
vt 0.010025434 0.009922206
vt 0.0105783865 0.087941885
vt 0.004899648 0.07691938
vt 0.1452362 0.059091806
vt 0.14524029 0.14930296
vt 0.08459027 0.14930254
vt 0.08459027 0.14930254
vt 0.08459027 0.14930254
vt 0.08459964 0.003905177
vt 0.08459964 0.003905177
vt 0.006676154 0.05599779
vt 0.006676154 0.05599779
vt 0.0040465184 0.0677287
vt 0.009692233 0.15033543
vt 0.004178025 0.13548172
vt 0.004178025 0.13548172
vt 0.04903703 0.13365585
vt 0.04903703 0.13365585
vt 0.04903703 0.13365585
vt 0.056581356 0.13394511
vt 0.056581356 0.13394511
vt 0.056581356 0.13394511
vt 0.05784374 0.08041459
vt 0.05784374 0.08041459
vt 0.05784374 0.08041459
vt 0.047754884 0.06515485
vt 0.047754884 0.06515485
vt 0.047754884 0.06515485
vt 0.07848751 0.07548493
vt 0.06458977 0.07672399
vt 0.06662859 0.0099057555
vt 0.07815551 0.022963345
vt 0.07267504 0.08735567
vt 0.07267202 0.08735567
vt 0.07252374 0.0019059777
vt 0.07252374 0.0019059777
vt 0.13221957 0.0345186
vt 0.13656981 0.08734083
vt 0.009581036 0.087353766
vt 0.0045083943 0.076293945
vt 0.013397408 0.034295917
vt 0.009505392 0.01273787
vt 0.07074763 0.029035687
vt 0.13138998 0.028901577
vt 0.1452362 0.059091806
vt 0.08459964 0.003905177
vt 0.08459964 0.003905177
vt 0.08460185 0.14930278
vt 0.08460185 0.14930278
vt 0.1452362 0.14930284
vt 0.025629325 0.059441984
vt 0.0034713126 0.06967503
vt 0.02562511 0.14930302
vt 0.0032809197 0.13454568
vt 0.0032809197 0.13454568
vt 0.04912454 0.0860095
vt 0.04912454 0.0860095
vt 0.10499088 0.085537076
vt 0.10499088 0.085537076
vt 0.05242102 0.13362944
vt 0.105142675 0.13333315
vt 0.0710456 0.0755527
vt 0.12756279 0.07556522
vt 0.07264323 0.03452462
vt 0.07204715 0.0074310303
vt 0.12979549 0.03543043
vt 0.19474083 0.0006133914
vt 0.072675236 0.08735567
vt 0.13353069 0.086564004
vt 0.19783387 0.0695982
vt 0.07267157 0.08735567
vt 0.0105783865 0.087941885
vt 0.004899648 0.07691938
vt 0.012318907 0.03199756
vt 0.010025434 0.009922206
vt 0.1452362 0.059091806
vt 0.1452362 0.059091806
vt 0.22484817 0.049699485
vt 0.22484817 0.049699485
vt 0.08411851 0.012530506
vt 0.08411851 0.012530506
vt 0.08459027 0.14930254
vt 0.08459027 0.14930254
vt 0.08459027 0.14930254
vt 0.08459027 0.14930254
vt 0.14524029 0.14930296
vt 0.22433682 0.13105947
vt 0.22433682 0.13105947
vt 0.006676154 0.05599779
vt 0.006676154 0.05599779
vt 0.0040465184 0.0677287
vt 0.009692233 0.15033543
vt 0.004178025 0.13548172
vt 0.004178025 0.13548172
vt 0.05784374 0.08041459
vt 0.05784374 0.08041459
vt 0.05784374 0.08041459
vt 0.056581356 0.13394511
vt 0.056581356 0.13394511
vt 0.056581356 0.13394511
vt 0.07848751 0.07548493
vt 0.07815551 0.022963345
vt 0.07267504 0.08735567
vt 0.13333184 0.08651239
vt 0.03706616 0.07255733
vt 0.12979549 0.03543043
vt 0.012739714 0.0019189715
vt 0.0068206377 0.0017871857
vt 0.07279055 0.007361293
vt 0.07264323 0.03452462
vt 0.013397408 0.034295917
vt 0.009505392 0.01273787
vt 0.009581036 0.087353766
vt 0.0045083943 0.076293945
vt 0.07267202 0.08735567
vt 0.04380857 0.01627165
vt 0.07074763 0.029035687
vt 0.13138998 0.028901577
vt 0.1452362 0.059091806
vt 0.1452362 0.059091806
vt 0.06434069 0.04994428
vt 0.06434069 0.04994428
vt 0.22284362 0.049302995
vt 0.22284362 0.049302995
vt 0.1452362 0.14930284
vt 0.21170153 0.13071847
vt 0.08460185 0.14930278
vt 0.08460185 0.14930278
vt 0.08460185 0.14930278
vt 0.08460185 0.14930278
vt 0.08506979 0.01252526
vt 0.08506979 0.01252526
vt 0.025629325 0.059441984
vt 0.025629325 0.059441984
vt 0.0034713126 0.06967503
vt 0.02562511 0.14930302
vt 0.0032809197 0.13454568
vt 0.0032809197 0.13454568
vt 0.0032809197 0.13454568
vt 0.04912454 0.0860095
vt 0.04912454 0.0860095
vt 0.10499088 0.085537076
vt 0.10499088 0.085537076
vt 0.027280174 0.073794544
vt 0.027280174 0.073794544
vt 0.05242102 0.13362944
vt 0.105142675 0.13333315
vt 0.15248184 0.08587301
vt 0.15248184 0.08587301
vt 0.15248184 0.08587301
vt 0.15248184 0.08587301
vt 0.18425089 0.39320648
vt 0.22955844 0.35495663
vt 0.1283125 0.085914016
vt 0.16170047 0.08576709
vt 0.18927395 0.39508754
vt 0.18174952 0.35462976
vt 0.08553916 0.032405436
vt 0.08553916 0.032405436
vt 0.21648657 0.39532948
vt 0.18150759 0.38184237
vt 0.11022437 0.03219843
vt 0.15736514 0.3931746
vt 0.22956514 0.38176775
vt 0.0710456 0.0755527
vt 0.12756279 0.07556522
vt 0.090488136 0.07067424
vt 0.22185874 0.44335938
vt 0.15218815 0.13148624
vt 0.18425089 0.44127142
vt 0.16153689 0.13181823
vt 0.16153689 0.13181823
vt 0.18927407 0.4436087
vt 0.15234298 0.44169694
vt 0.094178095 0.07267964
vt 0.072675236 0.08735567
vt 0.07267157 0.08735567
vt 0.07252374 0.0019059777
vt 0.07252374 0.0019059777
vt 0.12979549 0.03543043
vt 0.012739714 0.0019189715
vt 0.13353069 0.086564004
vt 0.006761377 0.07065326
vt 0.0105783865 0.087941885
vt 0.004899648 0.07691938
vt 0.012318907 0.03199756
vt 0.010025434 0.009922206
vt 0.1452362 0.059091806
vt 0.22484817 0.049699485
vt 0.22484817 0.049699485
vt 0.08459964 0.003905177
vt 0.08459964 0.003905177
vt 0.08459027 0.14930254
vt 0.08459027 0.14930254
vt 0.08459027 0.14930254
vt 0.14524029 0.14930296
vt 0.22433682 0.13105947
vt 0.22433682 0.13105947
vt 0.006676154 0.05599779
vt 0.006676154 0.05599779
vt 0.0040465184 0.0677287
vt 0.009692233 0.15033543
vt 0.004178025 0.13548172
vt 0.004178025 0.13548172
vt 0.04903703 0.13365585
vt 0.04903703 0.13365585
vt 0.04903703 0.13365585
vt 0.047754884 0.06515485
vt 0.047754884 0.06515485
vt 0.047754884 0.06515485
vt 0.05784374 0.08041459
vt 0.05784374 0.08041459
vt 0.05784374 0.08041459
vt 0.056581356 0.13394511
vt 0.056581356 0.13394511
vt 0.056581356 0.13394511
vt 0.07848751 0.07548493
vt 0.07815551 0.022963345
vt 0.06662859 0.0099057555
vt 0.06458977 0.07672399
vt 0.07267504 0.08735567
vt 0.07267202 0.08735567
vt 0.13333184 0.08651239
vt 0.03706616 0.07255733
vt 0.12979549 0.03543043
vt 0.19503838 0.0011489391
vt 0.0068206377 0.0017871857
vt 0.07252374 0.0019059777
vt 0.013397408 0.034295917
vt 0.009505392 0.01273787
vt 0.009581036 0.087353766
vt 0.0045083943 0.076293945
vt 0.07074763 0.029035687
vt 0.13138998 0.028901577
vt 0.1452362 0.059091806
vt 0.06432388 0.0499413
vt 0.06432388 0.0499413
vt 0.22284846 0.049302876
vt 0.22284846 0.049302876
vt 0.1452362 0.14930284
vt 0.21170641 0.13071841
vt 0.08460185 0.14930278
vt 0.08460185 0.14930278
vt 0.08459964 0.003905177
vt 0.08459964 0.003905177
vt 0.025629325 0.059441984
vt 0.0034713126 0.06967503
vt 0.02562511 0.14930302
vt 0.0032809197 0.13454568
vt 0.0032809197 0.13454568
vt 0.04912454 0.0860095
vt 0.04912454 0.0860095
vt 0.10499088 0.085537076
vt 0.10499088 0.085537076
vt 0.05242102 0.13362944
vt 0.105142675 0.13333315
vt 0.15248184 0.08587301
vt 0.15248184 0.08587301
vt 0.15248184 0.08587301
vt 0.15248184 0.08587301
vt 0.18425089 0.39320648
vt 0.12830703 0.085913956
vt 0.16170047 0.08576709
vt 0.18927395 0.39508754
vt 0.12011939 0.032788336
vt 0.08553916 0.032405436
vt 0.21648657 0.39532948
vt 0.09525002 0.03271991
vt 0.15736514 0.3931746
vt 0.0710456 0.0755527
vt 0.12756279 0.07556522
vt 0.090488136 0.07067424
vt 0.22185874 0.44335938
vt 0.15218815 0.13148624
vt 0.18425089 0.44127142
vt 0.16153689 0.13181823
vt 0.16153689 0.13181823
vt 0.18927407 0.4436087
vt 0.15234298 0.44169694
vt 0.094178095 0.07267964
vt 0.07264323 0.03452462
vt 0.07204715 0.0074310303
vt 0.12979549 0.03543043
vt 0.012739714 0.0019189715
vt 0.072675236 0.08735567
vt 0.13353069 0.086564004
vt 0.006761377 0.07065326
vt 0.07267157 0.08735567
vt 0.0105783865 0.087941885
vt 0.004899648 0.07691938
vt 0.012318907 0.03199756
vt 0.010025434 0.009922206
vt 0.1452362 0.059091806
vt 0.1452362 0.059091806
vt 0.22484817 0.049699485
vt 0.22484817 0.049699485
vt 0.08411851 0.012530506
vt 0.08411851 0.012530506
vt 0.08459027 0.14930254
vt 0.08459027 0.14930254
vt 0.08459027 0.14930254
vt 0.08459027 0.14930254
vt 0.14524029 0.14930296
vt 0.22433682 0.13105947
vt 0.22433682 0.13105947
vt 0.006676154 0.05599779
vt 0.006676154 0.05599779
vt 0.0040465184 0.0677287
vt 0.009692233 0.15033543
vt 0.004178025 0.13548172
vt 0.004178025 0.13548172
vt 0.10499088 0.085537076
vt 0.10499088 0.085537076
vt 0.04912454 0.0860095
vt 0.15422177 0.13225281
vt 0.02562511 0.14930302
vt 0.0032809197 0.13454568
vt 0.13333184 0.08651239
vt 0.03706616 0.07255733
vt 0.12979549 0.03543043
vt 0.19172326 -0.0003620386
vt 0.0068206377 0.0017871857
vt 0.07279055 0.007361293
vt 0.013397408 0.034295917
vt 0.009505392 0.01273787
vt 0.009581036 0.087353766
vt 0.0045083943 0.076293945
vt 0.19826628 0.079055786
vt 0.07267504 0.08735567
vt 0.07267202 0.08735567
vt 0.07074763 0.029035687
vt 0.13138998 0.028901577
vt 0.1452362 0.059091806
vt 0.1452362 0.059091806
vt 0.06433414 0.04993564
vt 0.06433414 0.04993564
vt 0.22284676 0.049302936
vt 0.22284676 0.049302936
vt 0.1452362 0.14930284
vt 0.21170469 0.13071841
vt 0.08460185 0.14930278
vt 0.08460185 0.14930278
vt 0.08460185 0.14930278
vt 0.08460185 0.14930278
vt 0.08506979 0.01252526
vt 0.08506979 0.01252526
vt 0.025629325 0.059441984
vt 0.025629325 0.059441984
vt 0.0034713126 0.06967503
vt 0.15248184 0.08587301
vt 0.15248184 0.08587301
vt 0.15248184 0.08587301
vt 0.15248184 0.08587301
vt 0.18425089 0.39320648
vt 0.22955844 0.35495663
vt 0.12831101 0.08591133
vt 0.16170047 0.08576709
vt 0.18927395 0.39508754
vt 0.18174952 0.35462976
vt 0.11928959 0.032413423
vt 0.08553916 0.032405436
vt 0.21648657 0.39532948
vt 0.18150759 0.38184237
vt 0.09525002 0.03271991
vt 0.15736514 0.3931746
vt 0.22956514 0.38176775
vt 0.090488136 0.07067424
vt 0.22185874 0.44335938
vt 0.15218815 0.13148624
vt 0.18425089 0.44127142
vt 0.16153689 0.13181823
vt 0.16153689 0.13181823
vt 0.18927407 0.4436087
vt 0.15234298 0.44169694
vt 0.094178095 0.07267964
vt 0.07264323 0.03452462
vt 0.07204715 0.0074310303
vt 0.12979549 0.03543043
vt 0.012739714 0.0019189715
vt 0.072675236 0.08735567
vt 0.13353069 0.086564004
vt 0.006761377 0.07065326
vt 0.07267157 0.08735567
vt 0.0105783865 0.087941885
vt 0.004899648 0.07691938
vt 0.012318907 0.03199756
vt 0.010025434 0.009922206
vt 0.1452362 0.059091806
vt 0.1452362 0.059091806
vt 0.22484817 0.049699485
vt 0.22484817 0.049699485
vt 0.08411851 0.012530506
vt 0.08411851 0.012530506
vt 0.08459027 0.14930254
vt 0.08459027 0.14930254
vt 0.08459027 0.14930254
vt 0.08459027 0.14930254
vt 0.14524029 0.14930296
vt 0.22433682 0.13105947
vt 0.22433682 0.13105947
vt 0.006676154 0.05599779
vt 0.006676154 0.05599779
vt 0.0040465184 0.0677287
vt 0.009692233 0.15033543
vt 0.004178025 0.13548172
vt 0.004178025 0.13548172
vt 0.10499088 0.085537076
vt 0.10499088 0.085537076
vt 0.04912454 0.0860095
vt 0.1542218 0.13225281
vt 0.02562511 0.14930302
vt 0.0032809197 0.13454568
vt 0.07267504 0.08735567
vt 0.13333184 0.08651239
vt 0.03706616 0.07255733
vt 0.12979549 0.03543043
vt 0.19172329 -0.0003619194
vt 0.0068206377 0.0017871857
vt 0.07279055 0.007361293
vt 0.07264323 0.03452462
vt 0.013397408 0.034295917
vt 0.009505392 0.01273787
vt 0.009581036 0.087353766
vt 0.0045083943 0.076293945
vt 0.19415379 0.07845491
vt 0.07267202 0.08735567
vt 0.07074763 0.029035687
vt 0.13138998 0.028901577
vt 0.1452362 0.059091806
vt 0.1452362 0.059091806
vt 0.06433421 0.04993564
vt 0.06433421 0.04993564
vt 0.22284675 0.049302936
vt 0.22284675 0.049302936
vt 0.1452362 0.14930284
vt 0.21170469 0.13071841
vt 0.08460185 0.14930278
vt 0.08460185 0.14930278
vt 0.08460185 0.14930278
vt 0.08460185 0.14930278
vt 0.08506979 0.01252526
vt 0.08506979 0.01252526
vt 0.025629325 0.059441984
vt 0.025629325 0.059441984
vt 0.0034713126 0.06967503
vt 0.15248184 0.08587301
vt 0.15248184 0.08587301
vt 0.15248184 0.08587301
vt 0.15248184 0.08587301
vt 0.18425089 0.39320648
vt 0.22955844 0.35495663
vt 0.12831102 0.08591133
vt 0.16170047 0.08576709
vt 0.18927395 0.39508754
vt 0.18174952 0.35462976
vt 0.11928961 0.032413483
vt 0.08553916 0.032405436
vt 0.21648657 0.39532948
vt 0.18150759 0.38184237
vt 0.09525002 0.03271991
vt 0.15736514 0.3931746
vt 0.22956514 0.38176775
vt 0.090488136 0.07067424
vt 0.22185874 0.44335938
vt 0.15218815 0.13148624
vt 0.18425089 0.44127142
vt 0.16153689 0.13181823
vt 0.16153689 0.13181823
vt 0.18927407 0.4436087
vt 0.094178095 0.07267964
vt 0.15234298 0.44169694
vt 0.072675236 0.08735567
vt 0.07267157 0.08735567
vt 0.07252374 0.0019059777
vt 0.07252374 0.0019059777
vt 0.12979549 0.03543043
vt 0.012739714 0.0019189715
vt 0.13353069 0.086564004
vt 0.006761377 0.07065326
vt 0.0105783865 0.087941885
vt 0.004899648 0.07691938
vt 0.012318907 0.03199756
vt 0.010025434 0.009922206
vt 0.1452362 0.059091806
vt 0.064690456 0.04979378
vt 0.22484817 0.049699485
vt 0.22484817 0.049699485
vt 0.08459964 0.003905177
vt 0.08459964 0.003905177
vt 0.08459027 0.14930254
vt 0.08459027 0.14930254
vt 0.08459027 0.14930254
vt 0.14524029 0.14930296
vt 0.22433682 0.13105947
vt 0.006676154 0.05599779
vt 0.006676154 0.05599779
vt 0.0040465184 0.0677287
vt 0.009692233 0.15033543
vt 0.004178025 0.13548172
vt 0.004178025 0.13548172
vt 0.04903703 0.13365585
vt 0.04903703 0.13365585
vt 0.04903703 0.13365585
vt 0.047754884 0.06515485
vt 0.047754884 0.06515485
vt 0.047754884 0.06515485
vt 0.05784374 0.08041459
vt 0.05784374 0.08041459
vt 0.05784374 0.08041459
vt 0.056581356 0.13394511
vt 0.056581356 0.13394511
vt 0.056581356 0.13394511
vt 0.07848751 0.07548493
vt 0.07815551 0.022963345
vt 0.06662859 0.0099057555
vt 0.06458977 0.07672399
vt 0.07267504 0.08735567
vt 0.07267202 0.08735567
vt 0.13333184 0.08651239
vt 0.03706616 0.07255733
vt 0.12979549 0.03543043
vt 0.19172311 -0.0003619194
vt 0.0068206377 0.0017871857
vt 0.07252374 0.0019059777
vt 0.013397408 0.034295917
vt 0.009505392 0.01273787
vt 0.009581036 0.087353766
vt 0.0045083943 0.076293945
vt 0.07074763 0.029035687
vt 0.13138998 0.028901577
vt 0.1452362 0.059091806
vt 0.22484817 0.049699485
vt 0.22484817 0.049699485
vt 0.22284676 0.049302876
vt 0.22284676 0.049302876
vt 0.1452362 0.14930284
vt 0.2117047 0.13071841
vt 0.08460185 0.14930278
vt 0.08460185 0.14930278
vt 0.08459964 0.003905177
vt 0.08459964 0.003905177
vt 0.025629325 0.059441984
vt 0.0034713126 0.06967503
vt 0.02562511 0.14930302
vt 0.0032809197 0.13454568
vt 0.0032809197 0.13454568
vt 0.04912454 0.0860095
vt 0.04912454 0.0860095
vt 0.10499088 0.085537076
vt 0.10499088 0.085537076
vt 0.05242102 0.13362944
vt 0.105142675 0.13333315
vt 0.13748689 0.08577001
vt 0.13748689 0.08577001
vt 0.15248184 0.08587301
vt 0.18425089 0.39320648
vt 0.22955844 0.35495663
vt 0.16170047 0.08576709
vt 0.16170047 0.08576709
vt 0.18927395 0.39508754
vt 0.18174952 0.35462976
vt 0.1192896 0.032413483
vt 0.08553916 0.032405436
vt 0.21648657 0.39532948
vt 0.18150759 0.38184237
vt 0.09525002 0.03271991
vt 0.15736514 0.3931746
vt 0.22956514 0.38176775
vt 0.0710456 0.0755527
vt 0.12756279 0.07556522
vt 0.090488136 0.07067424
vt 0.22185874 0.44335938
vt 0.15218815 0.13148624
vt 0.15218815 0.13148624
vt 0.18425089 0.44127142
vt 0.16153689 0.13181823
vt 0.16153689 0.13181823
vt 0.18927407 0.4436087
vt 0.15234298 0.44169694
vt 0.094178095 0.07267964
vt 0.07264323 0.03452462
vt 0.07204715 0.0074310303
vt 0.12979549 0.03543043
vt 0.012739714 0.0019189715
vt 0.072675236 0.08735567
vt 0.13353069 0.086564004
vt 0.006761377 0.07065326
vt 0.07267157 0.08735567
vt 0.0105783865 0.087941885
vt 0.004899648 0.07691938
vt 0.012318907 0.03199756
vt 0.010025434 0.009922206
vt 0.1452362 0.059091806
vt 0.1452362 0.059091806
vt 0.22484817 0.049699485
vt 0.22484817 0.049699485
vt 0.08411851 0.012530506
vt 0.08411851 0.012530506
vt 0.08459027 0.14930254
vt 0.08459027 0.14930254
vt 0.08459027 0.14930254
vt 0.08459027 0.14930254
vt 0.14524029 0.14930296
vt 0.22433682 0.13105947
vt 0.22433682 0.13105947
vt 0.006676154 0.05599779
vt 0.006676154 0.05599779
vt 0.0040465184 0.0677287
vt 0.009692233 0.15033543
vt 0.004178025 0.13548172
vt 0.004178025 0.13548172
vt 0.004178025 0.13548172
vt 0.05784374 0.08041459
vt 0.05784374 0.08041459
vt 0.10499088 0.085537076
vt 0.10499088 0.085537076
vt 0.04912454 0.0860095
vt 0.1561645 0.13265109
vt 0.02562511 0.14930302
vt 0.0032809197 0.13454568
vt 0.1982663 0.079055786
vt 0.009581036 0.087353766
vt 0.0045083943 0.076293945
vt 0.13138998 0.028901577
vt 0.07074763 0.029035687
vt 0.07815551 0.022963345
vt 0.07267504 0.08735567
vt 0.13333184 0.08651239
vt 0.03706616 0.07255733
vt 0.12979549 0.03543043
vt 0.19172327 -0.0003620386
vt 0.0068206377 0.0017871857
vt 0.07279055 0.007361293
vt 0.07264323 0.03452462
vt 0.013397408 0.034295917
vt 0.009505392 0.01273787
vt 0.07267202 0.08735567
vt 0.1452362 0.059091806
vt 0.1452362 0.059091806
vt 0.0643374 0.049932063
vt 0.0643374 0.049932063
vt 0.22284675 0.049302936
vt 0.22284675 0.049302936
vt 0.1452362 0.14930284
vt 0.21170469 0.13071841
vt 0.08460185 0.14930278
vt 0.08460185 0.14930278
vt 0.08460185 0.14930278
vt 0.08460185 0.14930278
vt 0.08506979 0.01252526
vt 0.08506979 0.01252526
vt 0.025629325 0.059441984
vt 0.025629325 0.059441984
vt 0.0034713126 0.06967503
vt 0.15248184 0.08587301
vt 0.15248184 0.08587301
vt 0.15248184 0.08587301
vt 0.15248184 0.08587301
vt 0.18425089 0.39320648
vt 0.22955844 0.35495663
vt 0.128311 0.08591133
vt 0.16170047 0.08576709
vt 0.18927395 0.39508754
vt 0.18174952 0.35462976
vt 0.11928963 0.032413423
vt 0.08553916 0.032405436
vt 0.21648657 0.39532948
vt 0.18150759 0.38184237
vt 0.09525002 0.03271991
vt 0.15736514 0.3931746
vt 0.22956514 0.38176775
vt 0.090488136 0.07067424
vt 0.22185874 0.44335938
vt 0.15218815 0.13148624
vt 0.18425089 0.44127142
vt 0.16153689 0.13181823
vt 0.16153689 0.13181823
vt 0.18927407 0.4436087
vt 0.094178095 0.07267964
vt 0.15234298 0.44169694
vt 0.072675236 0.08735567
vt 0.07267157 0.08735567
vt 0.07252374 0.0019059777
vt 0.07252374 0.0019059777
vt 0.12979549 0.03543043
vt 0.012739714 0.0019189715
vt 0.13353069 0.086564004
vt 0.006761377 0.07065326
vt 0.0105783865 0.087941885
vt 0.004899648 0.07691938
vt 0.012318907 0.03199756
vt 0.010025434 0.009922206
vt 0.1452362 0.059091806
vt 0.06467099 0.04979396
vt 0.22484817 0.049699485
vt 0.08459964 0.003905177
vt 0.08459964 0.003905177
vt 0.08459027 0.14930254
vt 0.08459027 0.14930254
vt 0.08459027 0.14930254
vt 0.14524029 0.14930296
vt 0.22433682 0.13105947
vt 0.22433682 0.13105947
vt 0.006676154 0.05599779
vt 0.006676154 0.05599779
vt 0.0040465184 0.0677287
vt 0.009692233 0.15033543
vt 0.004178025 0.13548172
vt 0.004178025 0.13548172
vt 0.04903703 0.13365585
vt 0.04903703 0.13365585
vt 0.04903703 0.13365585
vt 0.047754884 0.06515485
vt 0.047754884 0.06515485
vt 0.047754884 0.06515485
vt 0.05784374 0.08041459
vt 0.05784374 0.08041459
vt 0.05784374 0.08041459
vt 0.056581356 0.13394511
vt 0.056581356 0.13394511
vt 0.056581356 0.13394511
vt 0.13748689 0.08577001
vt 0.13748689 0.08577001
vt 0.15248184 0.08587301
vt 0.15248184 0.08587301
vt 0.18425089 0.39320648
vt 0.22955844 0.35495663
vt 0.16170047 0.08576709
vt 0.16170047 0.08576709
vt 0.18927395 0.39508754
vt 0.18174952 0.35462976
vt 0.22484817 0.049699485
vt 0.22484817 0.049699485
vt 0.1452362 0.059091806
vt 0.22284675 0.049302936
vt 0.22284675 0.049302936
vt 0.07848751 0.07548493
vt 0.07815551 0.022963345
vt 0.06662859 0.0099057555
vt 0.06458977 0.07672399
vt 0.07267504 0.08735567
vt 0.07267202 0.08735567
vt 0.13333184 0.08651239
vt 0.03706616 0.07255733
vt 0.12979549 0.03543043
vt 0.19172314 -0.0003620386
vt 0.0068206377 0.0017871857
vt 0.07252374 0.0019059777
vt 0.07252374 0.0019059777
vt 0.011871324 0.03366232
vt 0.011871324 0.03366232
vt 0.009581036 0.087353766
vt 0.009581036 0.087353766
vt 0.0045083943 0.076293945
vt 0.19826639 0.079055786
vt 0.0149234915 0.034929454
vt 0.009505392 0.01273787
vt 0.07074763 0.029035687
vt 0.13138998 0.028901577
vt 0.1452362 0.14930284
vt 0.21170469 0.13071841
vt 0.08460185 0.14930278
vt 0.08460185 0.14930278
vt 0.08459964 0.003905177
vt 0.08459964 0.003905177
vt 0.025629325 0.059441984
vt 0.0034713126 0.06967503
vt 0.02562511 0.14930302
vt 0.15616436 0.13265109
vt 0.0032809197 0.13454568
vt 0.11928961 0.032413423
vt 0.08553916 0.032405436
vt 0.21648657 0.39532948
vt 0.18150759 0.38184237
vt 0.09525002 0.03271991
vt 0.15736514 0.3931746
vt 0.22956514 0.38176775
vt 0.090488136 0.07067424
vt 0.22185874 0.44335938
vt 0.10499088 0.085537076
vt 0.10499088 0.085537076
vt 0.04912454 0.0860095
vt 0.15218815 0.13148624
vt 0.18425089 0.44127142
vt 0.16153689 0.13181823
vt 0.16153689 0.13181823
vt 0.18927407 0.4436087
vt 0.094178095 0.07267964
vt 0.15234298 0.44169694
vt 0.072675236 0.08735567
vt 0.07267157 0.08735567
vt 0.07252374 0.0019059777
vt 0.07252374 0.0019059777
vt 0.12979549 0.03543043
vt 0.19481987 0.0005906224
vt 0.012739714 0.0019189715
vt 0.13353069 0.086564004
vt 0.006761377 0.07065326
vt 0.0105783865 0.087941885
vt 0.004899648 0.07691938
vt 0.012318907 0.03199756
vt 0.010025434 0.009922206
vt 0.1452362 0.059091806
vt 0.22484817 0.049699485
vt 0.22484817 0.049699485
vt 0.08459964 0.003905177
vt 0.08459964 0.003905177
vt 0.08459027 0.14930254
vt 0.08459027 0.14930254
vt 0.08459027 0.14930254
vt 0.14524029 0.14930296
vt 0.22433682 0.13105947
vt 0.22433682 0.13105947
vt 0.006676154 0.05599779
vt 0.006676154 0.05599779
vt 0.0040465184 0.0677287
vt 0.009692233 0.15033543
vt 0.004178025 0.13548172
vt 0.004178025 0.13548172
vt 0.04903703 0.13365585
vt 0.04903703 0.13365585
vt 0.04903703 0.13365585
vt 0.047754884 0.06515485
vt 0.047754884 0.06515485
vt 0.047754884 0.06515485
vt 0.05784374 0.08041459
vt 0.05784374 0.08041459
vt 0.05784374 0.08041459
vt 0.056581356 0.13394511
vt 0.056581356 0.13394511
vt 0.056581356 0.13394511
vt 0.15248184 0.08587301
vt 0.15248184 0.08587301
vt 0.15248184 0.08587301
vt 0.15248184 0.08587301
vt 0.18425089 0.39320648
vt 0.22955844 0.35495663
vt 0.12846123 0.085788965
vt 0.16170047 0.08576709
vt 0.18927395 0.39508754
vt 0.18174952 0.35462976
vt 0.06488721 0.049485683
vt 0.06488721 0.049485683
vt 0.1452362 0.059091806
vt 0.22284676 0.049302936
vt 0.22284676 0.049302936
vt 0.07848751 0.07548493
vt 0.07815551 0.022963345
vt 0.06662859 0.0099057555
vt 0.06458977 0.07672399
vt 0.07267504 0.08735567
vt 0.07267202 0.08735567
vt 0.13333184 0.08651239
vt 0.03706616 0.07255733
vt 0.12979549 0.03543043
vt 0.012739714 0.0019189715
vt 0.0068206377 0.0017871857
vt 0.07252374 0.0019059777
vt 0.013397408 0.034295917
vt 0.009505392 0.01273787
vt 0.009581036 0.087353766
vt 0.0045083943 0.076293945
vt 0.07074763 0.029035687
vt 0.13138998 0.028901577
vt 0.1452362 0.14930284
vt 0.2117047 0.13071841
vt 0.08460185 0.14930278
vt 0.08460185 0.14930278
vt 0.08459964 0.003905177
vt 0.08459964 0.003905177
vt 0.025629325 0.059441984
vt 0.0034713126 0.06967503
vt 0.02562511 0.14930302
vt 0.0032809197 0.13454568
vt 0.0032809197 0.13454568
vt 0.04912454 0.0860095
vt 0.04912454 0.0860095
vt 0.10499088 0.085537076
vt 0.10499088 0.085537076
vt 0.05242102 0.13362944
vt 0.105142675 0.13333315
vt 0.08553916 0.032405436
vt 0.08553916 0.032405436
vt 0.21648657 0.39532948
vt 0.18150759 0.38184237
vt 0.11022437 0.03219843
vt 0.15736514 0.3931746
vt 0.22956514 0.38176775
vt 0.09525002 0.03271991
vt 0.0710456 0.0755527
vt 0.12756279 0.07556522
vt 0.090488136 0.07067424
vt 0.22185874 0.44335938
vt 0.15218815 0.13148624
vt 0.18425089 0.44127142
vt 0.16153689 0.13181823
vt 0.16153689 0.13181823
vt 0.18927407 0.4436087
vt 0.15234298 0.44169694
vt 0.094178095 0.07267964
vt 0.07264323 0.03452462
vt 0.07204715 0.0074310303
vt 0.12979549 0.03543043
vt 0.012739714 0.0019189715
vt 0.072675236 0.08735567
vt 0.13353069 0.086564004
vt 0.006761377 0.07065326
vt 0.07267157 0.08735567
vt 0.0105783865 0.087941885
vt 0.004899648 0.07691938
vt 0.012318907 0.03199756
vt 0.010025434 0.009922206
vt 0.1452362 0.059091806
vt 0.1452362 0.059091806
vt 0.22484817 0.049699485
vt 0.22484817 0.049699485
vt 0.08411851 0.012530506
vt 0.08411851 0.012530506
vt 0.08459027 0.14930254
vt 0.08459027 0.14930254
vt 0.08459027 0.14930254
vt 0.08459027 0.14930254
vt 0.14524029 0.14930296
vt 0.22433682 0.13105947
vt 0.22433682 0.13105947
vt 0.006676154 0.05599779
vt 0.006676154 0.05599779
vt 0.0040465184 0.0677287
vt 0.009692233 0.15033543
vt 0.004178025 0.13548172
vt 0.004178025 0.13548172
vt 0.10499088 0.085537076
vt 0.10499088 0.085537076
vt 0.04912454 0.0860095
vt 0.15422183 0.13225281
vt 0.02562511 0.14930302
vt 0.0032809197 0.13454568
vt 0.07267504 0.08735567
vt 0.13333184 0.08651239
vt 0.03706616 0.07255733
vt 0.12979549 0.03543043
vt 0.18993062 0.00013273954
vt 0.0068206377 0.0017871857
vt 0.07279055 0.007361293
vt 0.07264323 0.03452462
vt 0.013397408 0.034295917
vt 0.009505392 0.01273787
vt 0.009581036 0.087353766
vt 0.0045083943 0.076293945
vt 0.19415382 0.07845491
vt 0.07267202 0.08735567
vt 0.07074763 0.029035687
vt 0.13138998 0.028901577
vt 0.1452362 0.059091806
vt 0.1452362 0.059091806
vt 0.064337485 0.049932063
vt 0.064337485 0.049932063
vt 0.22284679 0.049302936
vt 0.22284679 0.049302936
vt 0.1452362 0.14930284
vt 0.21170473 0.13071841
vt 0.08460185 0.14930278
vt 0.08460185 0.14930278
vt 0.08460185 0.14930278
vt 0.08460185 0.14930278
vt 0.08506979 0.01252526
vt 0.08506979 0.01252526
vt 0.025629325 0.059441984
vt 0.025629325 0.059441984
vt 0.0034713126 0.06967503
vt 0.15248184 0.08587301
vt 0.15248184 0.08587301
vt 0.15248184 0.08587301
vt 0.15248184 0.08587301
vt 0.18425089 0.39320648
vt 0.22955844 0.35495663
vt 0.12831105 0.08591133
vt 0.16170047 0.08576709
vt 0.18927395 0.39508754
vt 0.18174952 0.35462976
vt 0.119289584 0.032413423
vt 0.08553916 0.032405436
vt 0.21648657 0.39532948
vt 0.18150759 0.38184237
vt 0.09525002 0.03271991
vt 0.15736514 0.3931746
vt 0.22956514 0.38176775
vt 0.090488136 0.07067424
vt 0.22185874 0.44335938
vt 0.15218815 0.13148624
vt 0.18425089 0.44127142
vt 0.16153689 0.13181823
vt 0.16153689 0.13181823
vt 0.18927407 0.4436087
vt 0.094178095 0.07267964
vt 0.15234298 0.44169694
vt 0.07264323 0.03452462
vt 0.07252374 0.0019059777
vt 0.12979549 0.03543043
vt 0.012739714 0.0019189715
vt 0.13843353 0.12592047
vt 0.007937198 0.124459505
vt 0.07269922 0.12592041
vt 0.076581776 0.0725981
vt 0.076581776 0.0725981
vt 0.07687329 0.12309277
vt 0.14977442 0.12309277
vt 0.24409688 0.12446189
vt 0.14677751 0.058823347
vt 0.24225989 0.06225425
vt 0.076581776 0.028346598
vt 0.3886137 0.45767355
vt 0.3886137 0.45767355
vt 0.22869198 0.051367104
vt 0.2662305 0.45689106
vt 0.1501179 0.057951868
vt 0.1529287 0.051382124
vt 0.26620334 0.41915858
vt 0.12796149 0.057951868
vt 0.3886137 0.41914845
vt 0.3886137 0.41914845
vt 0.14055657 0.12280476
vt 0.14985807 0.041621447
vt 0.15272754 0.033281326
vt 0.1269855 0.041621447
vt 0.009505392 0.01273787
vt 0.013397408 0.034295917
vt 0.0018190666 0.12307179
vt 0.0070643085 0.12592047
vt 0.10698273 0.12307179
vt 0.106997155 0.041742325
vt 0.07269922 0.12592065
vt 0.24340768 0.12307179
vt 0.0044600437 0.12309283
vt 0.2429432 0.027077436
vt 0.00613634 0.028346598
vt 0.07687329 0.12309277
vt 0.081607096 1.010266
vt 0.41195866 0.3534966
vt 0.41195866 0.3534966
vt 0.08163671 1.0806653
vt 0.0019648678 1.0806653
vt 0.009322404 1.0102661
vt 0.46965215 0.3534966
vt 0.16219874 1.0806653
vt 0.1547826 1.010266
vt 0.3537411 0.3534966
vt 1.1695696 0.12273437
vt 0.23084147 0.12226999
vt 1.0636904 0.12273437
vt 1.0628908 0.060369134
vt 1.0628908 0.060369134
vt 1.1675866 0.08338833
vt 0.22896503 0.05806458
vt 0.22067188 0.058409214
vt 1.0412152 0.08285338
vt 0.22254835 0.12261462
vt 1.0395324 0.1229766
vt 1.0395324 0.1229766
vt 1.0035002 0.082948446
vt 1.0035002 0.082948446
vt 1.0035002 0.12295002
vt 1.0035002 0.12295002
vt 1.0068543 0.12295002
vt 1.0068543 0.082861364
vt 1.1712289 0.08397007
vt 1.1341974 0.12295002
vt 1.1341974 0.12295002
vt 1.1314142 0.059657693
vt 1.1314142 0.059657693
vt 1.0038093 0.12273437
vt 1.0046895 0.03599173
vt 1.1835111 0.12295002
vt 1.1835111 0.036669612
vt 0.1452362 0.059091806
vt 0.22484817 0.049699485
vt 0.08459964 0.003905177
vt 0.08459964 0.003905177
vt 0.08459965 0.12227988
vt 0.08459965 0.12227988
vt 0.1452362 0.12251949
vt 0.22484817 0.1071043
vt 0.33295494 0.38201278
vt 0.1087657 0.09865087
vt 0.1087657 0.09865087
vt 0.3390539 0.38201296
vt 0.1087657 0.11751187
vt 0.30191463 0.38350958
vt 0.2934328 0.38350838
vt 0.025629325 0.059441984
vt 0.0034713126 0.06967503
vt 0.025629355 0.12252104
vt 0.0034712995 0.11498529
vt 0.0034712995 0.11498529
vt 0.0775083 0.09986693
vt 0.0775083 0.09986693
vt 0.0775083 0.09986693
vt 0.08503883 0.115739286
vt 0.08503883 0.115739286
vt 0.08503883 0.115739286
vt 0.19322126 0.08530533
vt 0.19322126 0.08530533
vt 0.021709098 0.08120167
vt 0.19252363 0.115617156
vt 0.02147916 0.12340063
vt 0.02147916 0.12340063
vt 0.3886137 0.41914845
vt 0.14055657 0.10462701
vt 0.3886137 0.45767355
vt 0.084437035 0.123144865
vt 0.084437035 0.123144865
vt 0.08443702 0.08173925
vt 0.08443702 0.08173925
vt 0.08443702 0.08173925
vt 0.266199 0.32494426
vt 0.08460188 0.10589796
vt 0.08460188 0.10589796
vt 0.08460188 0.10589796
vt 0.266199 0.32494426
vt 0.08460188 0.045226514
vt 0.2658035 0.32494426
vt 0.08467333 0.045145154
vt 0.2658035 0.32494426
vt 0.084673345 0.10581666
vt 0.084673345 0.10581666
vt 0.084673345 0.10581666
vt 0.11534652 0.054313302
vt 0.11534652 0.054313302
vt 0.13263768 0.079449356
vt 0.13263768 0.079449356
vt 0.18094707 0.09477937
vt 0.17699122 0.09487051
vt 0.13062248 0.0795306
vt 0.13062248 0.0795306
vt 0.1143032 0.054394543
vt 0.1143032 0.054394543
vt 0.13355413 0.10710323
vt 0.08886979 0.11498529
vt 0.08886979 0.11498529
vt 0.13355413 0.06111884
vt 0.08899041 0.07866442
vt 0.40549517 0.39389575
vt 0.46851975 0.39448148
vt 0.21286745 0.124510884
vt 0.039020766 0.124510884
vt 1.0448991 0.12234777
vt 1.0448991 0.12234777
vt 1.0067288 0.12219995
vt 1.0067288 0.037503242
vt 1.044899 0.061173677
vt 1.044899 0.061173677
vt 1.1699153 0.12302333
vt 1.1364067 0.059399128
vt 1.1364067 0.059399128
vt 1.1364067 0.059399128
vt 1.1364068 0.12330836
vt 1.1364068 0.12330836
vt 1.183748 0.036676884
vt 1.1837481 0.12270385
vt 0.12589201 0.08353919
vt 0.12572165 0.010686517
f 5935/5935 5938/5938 5941/5941
f 5942/5942 5945/5945 5936/5936
f 5939/5939 5937/5937 5947/5947
f 5948/5948 5950/5950 5940/5940
f 5954/5954 5965/5965 5959/5959
f 5967/5967 5970/5970 5972/5972
f 5973/5973 5951/5951 5968/5968
f 5984/5984 5946/5946 5943/5943
f 5944/5944 5988/5988 5985/5985
f 5990/5990 5994/5994 5986/5986
f 5987/5987 5989/5989 5991/5991
f 6007/6007 5992/5992 5974/5974
f 5975/5975 5971/5971 6008/6008
f 5995/5995 5993/5993 6009/6009
f 5963/5963 6013/6013 6014/6014
f 6015/6015 5956/5956 5964/5964
f 6035/6035 6039/6039 6041/6041
f 6042/6042 6045/6045 6036/6036
f 6048/6048 6051/6051 6043/6043
f 6044/6044 6040/6040 6049/6049
f 6052/6052 6055/6055 6057/6057
f 6058/6058 6060/6060 6053/6053
f 6074/6074 6072/6072 6077/6077
f 6079/6079 6085/6085 6087/6087
f 6088/6088 6091/6091 6080/6080
f 6093/6093 6092/6092 6089/6089
f 6090/6090 6061/6061 6094/6094
f 6081/6081 6037/6037 6096/6096
f 6097/6097 6102/6102 6082/6082
f 6098/6098 6038/6038 6046/6046
f 6047/6047 6116/6116 6099/6099
f 6118/6118 6086/6086 6083/6083
f 6084/6084 6103/6103 6119/6119
f 6140/6140 6139/6139 6136/6136
f 6137/6137 6143/6143 6141/6141
f 6146/6146 6149/6149 6152/6152
f 6153/6153 6155/6155 6147/6147
f 6185/6185 6189/6189 6183/6183
f 6184/6184 6181/6181 6186/6186
f 6150/6150 6190/6190 6187/6187
f 6188/6188 6154/6154 6151/6151
f 6156/6156 6142/6142 6144/6144
f 6145/6145 6148/6148 6157/6157
f 6205/6205 6209/6209 6211/6211
f 6212/6212 6215/6215 6206/6206
f 6218/6218 6221/6221 6213/6213
f 6214/6214 6210/6210 6219/6219
f 6224/6224 6227/6227 6222/6222
f 6223/6223 6220/6220 6225/6225
f 6248/6248 6254/6254 6256/6256
f 6257/6257 6260/6260 6249/6249
f 6262/6262 6261/6261 6258/6258
f 6259/6259 6265/6265 6263/6263
f 6269/6269 6273/6273 6266/6266
f 6267/6267 6275/6275 6270/6270
f 6274/6274 6264/6264 6268/6268
f 6250/6250 6207/6207 6277/6277
f 6278/6278 6283/6283 6251/6251
f 6228/6228 6226/6226 6271/6271
f 6272/6272 6276/6276 6229/6229
f 6279/6279 6208/6208 6216/6216
f 6217/6217 6298/6298 6280/6280
f 6300/6300 6255/6255 6252/6252
f 6253/6253 6284/6284 6301/6301
f 6328/6328 6331/6331 6323/6323
f 6324/6324 6321/6321 6329/6329
f 6334/6334 6337/6337 6340/6340
f 6341/6341 6343/6343 6335/6335
f 6380/6380 6376/6376 6378/6378
f 6379/6379 6384/6384 6381/6381
f 6365/6365 6318/6318 6386/6386
f 6387/6387 6391/6391 6366/6366
f 6344/6344 6342/6342 6382/6382
f 6383/6383 6385/6385 6345/6345
f 6338/6338 6336/6336 6332/6332
f 6333/6333 6330/6330 6339/6339
f 6388/6388 6319/6319 6326/6326
f 6327/6327 6403/6403 6389/6389
f 6405/6405 6370/6370 6367/6367
f 6368/6368 6392/6392 6406/6406
f 6422/6422 6426/6426 6428/6428
f 6429/6429 6432/6432 6423/6423
f 6435/6435 6438/6438 6430/6430
f 6431/6431 6427/6427 6436/6436
f 6439/6439 6437/6437 6441/6441
f 6442/6442 6444/6444 6440/6440
f 6456/6456 6454/6454 6460/6460
f 6462/6462 6468/6468 6470/6470
f 6471/6471 6474/6474 6463/6463
f 6476/6476 6475/6475 6472/6472
f 6473/6473 6445/6445 6477/6477
f 6464/6464 6424/6424 6479/6479
f 6480/6480 6485/6485 6465/6465
f 6481/6481 6425/6425 6433/6433
f 6434/6434 6498/6498 6482/6482
f 6500/6500 6469/6469 6466/6466
f 6467/6467 6486/6486 6501/6501
f 6517/6517 6521/6521 6523/6523
f 6524/6524 6527/6527 6518/6518
f 6530/6530 6533/6533 6525/6525
f 6526/6526 6522/6522 6531/6531
f 6534/6534 6532/6532 6536/6536
f 6537/6537 6539/6539 6535/6535
f 6553/6553 6551/6551 6556/6556
f 6558/6558 6564/6564 6566/6566
f 6567/6567 6570/6570 6559/6559
f 6572/6572 6571/6571 6568/6568
f 6569/6569 6540/6540 6573/6573
f 6560/6560 6519/6519 6575/6575
f 6576/6576 6581/6581 6561/6561
f 6577/6577 6520/6520 6528/6528
f 6529/6529 6594/6594 6578/6578
f 6596/6596 6565/6565 6562/6562
f 6563/6563 6582/6582 6597/6597
f 6624/6624 6627/6627 6620/6620
f 6621/6621 6618/6618 6625/6625
f 6630/6630 6633/6633 6636/6636
f 6637/6637 6639/6639 6631/6631
f 6676/6676 6672/6672 6674/6674
f 6675/6675 6680/6680 6677/6677
f 6661/6661 6614/6614 6682/6682
f 6683/6683 6687/6687 6662/6662
f 6640/6640 6638/6638 6678/6678
f 6679/6679 6681/6681 6641/6641
f 6634/6634 6632/6632 6628/6628
f 6629/6629 6626/6626 6635/6635
f 6702/6702 6684/6684 6615/6615
f 6616/6616 6623/6623 6703/6703
f 6705/6705 6666/6666 6663/6663
f 6664/6664 6688/6688 6706/6706
f 6722/6722 6726/6726 6728/6728
f 6729/6729 6732/6732 6723/6723
f 6735/6735 6738/6738 6730/6730
f 6731/6731 6727/6727 6736/6736
f 6739/6739 6742/6742 6744/6744
f 6745/6745 6747/6747 6740/6740
f 6752/6752 6765/6765 6754/6754
f 6767/6767 6773/6773 6775/6775
f 6776/6776 6779/6779 6768/6768
f 6781/6781 6780/6780 6777/6777
f 6778/6778 6748/6748 6782/6782
f 6769/6769 6724/6724 6784/6784
f 6785/6785 6790/6790 6770/6770
f 6786/6786 6725/6725 6733/6733
f 6734/6734 6803/6803 6787/6787
f 6805/6805 6774/6774 6771/6771
f 6772/6772 6791/6791 6806/6806
f 6833/6833 6836/6836 6828/6828
f 6829/6829 6826/6826 6834/6834
f 6839/6839 6842/6842 6845/6845
f 6846/6846 6848/6848 6840/6840
f 6851/6851 6857/6857 6861/6861
f 6862/6862 6823/6823 6852/6852
f 6885/6885 6882/6882 6880/6880
f 6883/6883 6886/6886 6887/6887
f 6849/6849 6847/6847 6909/6909
f 6910/6910 6898/6898 6850/6850
f 6843/6843 6841/6841 6837/6837
f 6838/6838 6835/6835 6844/6844
f 6853/6853 6824/6824 6831/6831
f 6832/6832 6912/6912 6854/6854
f 6914/6914 6890/6890 6864/6864
f 6865/6865 6858/6858 6915/6915
f 6943/6943 6946/6946 6938/6938
f 6939/6939 6936/6936 6944/6944
f 6949/6949 6952/6952 6955/6955
f 6956/6956 6958/6958 6950/6950
f 6961/6961 6967/6967 6971/6971
f 6972/6972 6933/6933 6962/6962
f 7005/7005 7001/7001 7003/7003
f 7004/7004 7009/7009 7006/7006
f 6959/6959 6957/6957 7007/7007
f 7008/7008 7010/7010 6960/6960
f 6953/6953 6951/6951 6947/6947
f 6948/6948 6945/6945 6954/6954
f 6963/6963 6934/6934 6941/6941
f 6942/6942 7023/7023 6964/6964
f 7025/7025 6995/6995 6974/6974
f 6975/6975 6968/6968 7026/7026
f 7042/7042 7046/7046 7048/7048
f 7049/7049 7052/7052 7043/7043
f 7055/7055 7058/7058 7050/7050
f 7051/7051 7047/7047 7056/7056
f 7059/7059 7057/7057 7061/7061
f 7062/7062 7064/7064 7060/7060
f 7078/7078 7076/7076 7081/7081
f 7083/7083 7089/7089 7091/7091
f 7092/7092 7095/7095 7084/7084
f 7097/7097 7096/7096 7093/7093
f 7094/7094 7065/7065 7098/7098
f 7085/7085 7044/7044 7100/7100
f 7101/7101 7106/7106 7086/7086
f 7102/7102 7045/7045 7053/7053
f 7054/7054 7119/7119 7103/7103
f 7121/7121 7090/7090 7087/7087
f 7088/7088 7107/7107 7122/7122
f 7224/7224 7227/7227 7222/7222
f 7223/7223 7220/7220 7225/7225
f 7230/7230 7233/7233 7228/7228
f 7229/7229 7226/7226 7231/7231
f 7234/7234 7232/7232 7242/7242
f 7243/7243 7240/7240 7235/7235
f 7253/7253 7251/7251 7256/7256
f 7254/7254 7258/7258 7260/7260
f 7261/7261 7262/7262 7245/7245
f 7246/7246 7263/7263 7264/7264
f 7247/7247 7265/7265 7249/7249
f 7255/7255 7257/7257 7259/7259
f 7213/7213 7270/7270 7267/7267
f 7268/7268 7216/7216 7214/7214
f 7168/7168 7271/7271 7176/7176
f 7173/7173 7272/7272 7169/7169
f 7282/7282 7285/7285 7187/7187
f 7188/7188 7185/7185 7283/7283
f 6746/6746 6783/6783 6749/6749
f 6741/6741 6737/6737 6743/6743
f 6054/6054 6050/6050 6056/6056
f 6059/6059 6095/6095 6062/6062
f 5949/5949 5969/5969 5952/5952
f 6538/6538 6574/6574 6541/6541
f 7063/7063 7099/7099 7066/7066
f 6911/6911 6896/6896 6899/6899
f 6443/6443 6478/6478 6446/6446
f 5977/5977 6010/6010 6012/6012
f 6012/6012 5962/5962 5977/5977
f 5957/5957 6016/6016 6017/6017
f 6017/6017 5981/5981 5957/5957
f 6004/6004 6019/6019 6011/6011
f 6011/6011 5978/5978 6004/6004
f 5982/5982 6018/6018 6021/6021
f 6021/6021 6000/6000 5982/5982
f 6001/6001 6022/6022 6020/6020
f 6020/6020 6005/6005 6001/6001
f 6065/6065 6114/6114 6107/6107
f 6107/6107 6068/6068 6065/6065
f 6120/6120 6104/6104 6108/6108
f 6108/6108 6115/6115 6120/6120
f 6111/6111 6100/6100 6117/6117
f 6117/6117 6121/6121 6111/6111
f 6105/6105 6101/6101 6112/6112
f 6112/6112 6109/6109 6105/6105
f 6123/6123 6125/6125 6126/6126
f 6126/6126 6127/6127 6123/6123
f 6129/6129 6131/6131 6124/6124
f 6124/6124 6128/6128 6129/6129
f 6133/6133 6134/6134 6135/6135
f 6135/6135 6138/6138 6133/6133
f 6162/6162 6164/6164 6166/6166
f 6166/6166 6167/6167 6162/6162
f 6163/6163 6168/6168 6170/6170
f 6170/6170 6165/6165 6163/6163
f 6169/6169 6172/6172 6171/6171
f 6191/6191 6172/6172 6169/6169
f 6174/6174 6175/6175 6177/6177
f 6177/6177 6179/6179 6174/6174
f 6180/6180 6182/6182 6178/6178
f 6178/6178 6176/6176 6180/6180
f 6234/6234 6296/6296 6288/6288
f 6288/6288 6237/6237 6234/6234
f 6302/6302 6285/6285 6289/6289
f 6289/6289 6297/6297 6302/6302
f 6292/6292 6281/6281 6299/6299
f 6299/6299 6303/6303 6292/6292
f 6286/6286 6282/6282 6293/6293
f 6293/6293 6290/6290 6286/6286
f 6305/6305 6307/6307 6309/6309
f 6309/6309 6311/6311 6305/6305
f 6306/6306 6313/6313 6315/6315
f 6315/6315 6308/6308 6306/6306
f 6317/6317 6320/6320 6322/6322
f 6322/6322 6325/6325 6317/6317
f 6350/6350 6352/6352 6354/6354
f 6354/6354 6357/6357 6350/6350
f 6351/6351 6357/6357 6358/6358
f 6358/6358 6360/6360 6351/6351
f 6361/6361 6359/6359 6362/6362
f 6399/6399 6361/6361 6362/6362
f 6364/6364 6369/6369 6371/6371
f 6371/6371 6373/6373 6364/6364
f 6375/6375 6374/6374 6372/6372
f 6372/6372 6377/6377 6375/6375
f 6353/6353 6401/6401 6395/6395
f 6395/6395 6356/6356 6353/6353
f 6407/6407 6393/6393 6396/6396
f 6396/6396 6402/6402 6407/6407
f 6398/6398 6390/6390 6404/6404
f 6404/6404 6408/6408 6398/6398
f 6457/6457 6461/6461 6421/6421
f 6421/6421 6419/6419 6457/6457
f 6448/6448 6496/6496 6490/6490
f 6490/6490 6451/6451 6448/6448
f 6502/6502 6487/6487 6491/6491
f 6491/6491 6497/6497 6502/6502
f 6494/6494 6483/6483 6499/6499
f 6499/6499 6503/6503 6494/6494
f 6488/6488 6484/6484 6495/6495
f 6495/6495 6492/6492 6488/6488
f 6554/6554 6557/6557 6516/6516
f 6516/6516 6514/6514 6554/6554
f 6544/6544 6592/6592 6586/6586
f 6586/6586 6547/6547 6544/6544
f 6598/6598 6583/6583 6587/6587
f 6587/6587 6593/6593 6598/6598
f 6590/6590 6579/6579 6595/6595
f 6595/6595 6600/6600 6590/6590
f 6584/6584 6580/6580 6591/6591
f 6591/6591 6588/6588 6584/6584
f 6601/6601 6603/6603 6605/6605
f 6605/6605 6607/6607 6601/6601
f 6602/6602 6609/6609 6611/6611
f 6611/6611 6604/6604 6602/6602
f 6613/6613 6617/6617 6619/6619
f 6619/6619 6622/6622 6613/6613
f 6646/6646 6648/6648 6650/6650
f 6650/6650 6653/6653 6646/6646
f 6647/6647 6653/6653 6654/6654
f 6654/6654 6656/6656 6647/6647
f 6657/6657 6655/6655 6658/6658
f 6698/6698 6657/6657 6658/6658
f 6660/6660 6665/6665 6667/6667
f 6667/6667 6669/6669 6660/6660
f 6671/6671 6670/6670 6668/6668
f 6668/6668 6673/6673 6671/6671
f 6649/6649 6700/6700 6692/6692
f 6692/6692 6652/6652 6649/6649
f 6707/6707 6689/6689 6693/6693
f 6693/6693 6701/6701 6707/6707
f 6696/6696 6685/6685 6704/6704
f 6704/6704 6708/6708 6696/6696
f 6690/6690 6686/6686 6697/6697
f 6697/6697 6694/6694 6690/6690
f 6758/6758 6801/6801 6795/6795
f 6795/6795 6761/6761 6758/6758
f 6807/6807 6792/6792 6796/6796
f 6796/6796 6802/6802 6807/6807
f 6799/6799 6788/6788 6804/6804
f 6804/6804 6809/6809 6799/6799
f 6793/6793 6789/6789 6800/6800
f 6800/6800 6797/6797 6793/6793
f 6810/6810 6812/6812 6814/6814
f 6814/6814 6816/6816 6810/6810
f 6811/6811 6818/6818 6820/6820
f 6820/6820 6813/6813 6811/6811
f 6822/6822 6825/6825 6827/6827
f 6827/6827 6830/6830 6822/6822
f 6870/6870 6872/6872 6874/6874
f 6874/6874 6877/6877 6870/6870
f 6879/6879 6881/6881 6871/6871
f 6871/6871 6878/6878 6879/6879
f 6863/6863 6889/6889 6891/6891
f 6891/6891 6893/6893 6863/6863
f 6895/6895 6894/6894 6892/6892
f 6892/6892 6897/6897 6895/6895
f 6873/6873 6907/6907 6901/6901
f 6901/6901 6876/6876 6873/6873
f 6916/6916 6859/6859 6902/6902
f 6902/6902 6908/6908 6916/6916
f 6905/6905 6855/6855 6913/6913
f 6913/6913 6918/6918 6905/6905
f 6860/6860 6856/6856 6906/6906
f 6906/6906 6903/6903 6860/6860
f 6919/6919 6921/6921 6923/6923
f 6923/6923 6926/6926 6919/6919
f 6920/6920 6928/6928 6930/6930
f 6930/6930 6922/6922 6920/6920
f 6932/6932 6935/6935 6937/6937
f 6937/6937 6940/6940 6932/6932
f 6980/6980 6982/6982 6984/6984
f 6984/6984 6987/6987 6980/6980
f 6981/6981 6987/6987 6988/6988
f 6988/6988 6990/6990 6981/6981
f 6991/6991 6989/6989 6992/6992
f 7019/7019 6991/6991 6992/6992
f 6973/6973 6994/6994 6996/6996
f 6996/6996 6998/6998 6973/6973
f 7000/7000 6999/6999 6997/6997
f 6997/6997 7002/7002 7000/7000
f 7011/7011 7015/7015 6924/6924
f 6924/6924 6985/6985 7011/7011
f 6983/6983 7021/7021 7012/7012
f 7012/7012 6986/6986 6983/6983
f 7027/7027 6969/6969 7013/7013
f 7013/7013 7022/7022 7027/7027
f 7016/7016 6965/6965 7024/7024
f 7024/7024 7028/7028 7016/7016
f 6970/6970 6966/6966 7017/7017
f 7017/7017 7014/7014 6970/6970
f 7079/7079 7082/7082 7041/7041
f 7041/7041 7039/7039 7079/7079
f 7069/7069 7117/7117 7111/7111
f 7111/7111 7072/7072 7069/7069
f 7123/7123 7108/7108 7112/7112
f 7112/7112 7118/7118 7123/7123
f 7115/7115 7104/7104 7120/7120
f 7120/7120 7125/7125 7115/7115
f 7109/7109 7105/7105 7116/7116
f 7116/7116 7113/7113 7109/7109
f 7141/7141 7144/7144 7147/7147
f 7147/7147 7149/7149 7141/7141
f 7152/7152 7154/7154 7148/7148
f 7148/7148 7145/7145 7152/7152
f 7180/7180 7182/7182 7177/7177
f 7177/7177 7179/7179 7180/7180
f 7181/7181 7179/7179 7200/7200
f 7200/7200 7201/7201 7181/7181
f 7178/7178 7183/7183 7184/7184
f 7184/7184 7186/7186 7178/7178
f 7189/7189 7191/7191 7193/7193
f 7193/7193 7194/7194 7189/7189
f 7196/7196 7192/7192 7190/7190
f 7190/7190 7198/7198 7196/7196
f 7202/7202 7197/7197 7199/7199
f 7199/7199 7203/7203 7202/7202
f 7204/7204 7206/7206 7208/7208
f 7208/7208 7210/7210 7204/7204
f 7212/7212 7215/7215 7217/7217
f 7217/7217 7218/7218 7212/7212
f 7219/7219 7221/7221 7209/7209
f 7209/7209 7207/7207 7219/7219
f 7150/7150 7236/7236 7238/7238
f 7238/7238 7142/7142 7150/7150
f 7239/7239 7241/7241 7237/7237
f 7237/7237 7151/7151 7239/7239
f 7244/7244 7248/7248 7250/7250
f 7250/7250 7252/7252 7244/7244
f 7211/7211 7266/7266 7269/7269
f 7269/7269 7205/7205 7211/7211
f 7275/7275 7277/7277 7278/7278
f 7278/7278 7279/7279 7275/7275
f 7195/7195 7281/7281 7276/7276
f 7276/7276 7280/7280 7195/7195
f 7287/7287 7288/7288 7286/7286
f 7286/7286 7284/7284 7287/7287
f 7018/7018 7029/7029 6927/6927
f 6927/6927 6925/6925 7018/7018
f 6030/6030 6031/6031 6033/6033
f 6023/6023 6030/6030 6033/6033
f 6023/6023 6033/6033 6024/6024
f 6023/6023 6024/6024 6025/6025
f 6027/6027 6023/6023 6025/6025
f 6027/6027 6025/6025 6028/6028
f 6063/6063 6064/6064 6066/6066
f 6063/6063 6066/6066 6070/6070
f 6066/6066 6069/6069 6070/6070
f 6070/6070 6069/6069 6071/6071
f 6070/6070 6071/6071 6076/6076
f 6071/6071 6073/6073 6076/6076
f 6075/6075 6078/6078 6113/6113
f 6113/6113 6032/6032 6075/6075
f 6113/6113 6034/6034 6032/6032
f 6200/6200 6201/6201 6203/6203
f 6193/6193 6200/6200 6203/6203
f 6193/6193 6203/6203 6194/6194
f 6193/6193 6194/6194 6195/6195
f 6197/6197 6193/6193 6195/6195
f 6197/6197 6195/6195 6198/6198
f 6232/6232 6233/6233 6235/6235
f 6232/6232 6235/6235 6239/6239
f 6235/6235 6238/6238 6239/6239
f 6239/6239 6238/6238 6240/6240
f 6239/6239 6240/6240 6244/6244
f 6240/6240 6242/6242 6244/6244
f 6316/6316 6314/6314 6349/6349
f 6349/6349 6348/6348 6316/6316
f 6348/6348 6349/6349 6346/6346
f 6346/6346 6347/6347 6348/6348
f 6347/6347 6346/6346 6400/6400
f 6400/6400 6363/6363 6347/6347
f 6417/6417 6418/6418 6420/6420
f 6410/6410 6417/6417 6420/6420
f 6410/6410 6420/6420 6411/6411
f 6410/6410 6411/6411 6412/6412
f 6414/6414 6410/6410 6412/6412
f 6414/6414 6412/6412 6415/6415
f 6512/6512 6513/6513 6515/6515
f 6505/6505 6512/6512 6515/6515
f 6505/6505 6515/6515 6506/6506
f 6505/6505 6506/6506 6507/6507
f 6509/6509 6505/6505 6507/6507
f 6509/6509 6507/6507 6510/6510
f 6542/6542 6543/6543 6545/6545
f 6542/6542 6545/6545 6549/6549
f 6545/6545 6548/6548 6549/6549
f 6549/6549 6548/6548 6550/6550
f 6549/6549 6550/6550 6555/6555
f 6550/6550 6552/6552 6555/6555
f 6612/6612 6610/6610 6645/6645
f 6645/6645 6644/6644 6612/6612
f 6644/6644 6645/6645 6642/6642
f 6642/6642 6643/6643 6644/6644
f 6643/6643 6642/6642 6699/6699
f 6699/6699 6659/6659 6643/6643
f 6717/6717 6718/6718 6720/6720
f 6710/6710 6717/6717 6720/6720
f 6710/6710 6720/6720 6711/6711
f 6710/6710 6711/6711 6712/6712
f 6714/6714 6710/6710 6712/6712
f 6714/6714 6712/6712 6715/6715
f 6750/6750 6753/6753 6755/6755
f 6755/6755 6719/6719 6750/6750
f 6755/6755 6721/6721 6719/6719
f 6756/6756 6757/6757 6759/6759
f 6756/6756 6759/6759 6763/6763
f 6759/6759 6762/6762 6763/6763
f 6763/6763 6762/6762 6764/6764
f 6763/6763 6764/6764 6766/6766
f 6764/6764 6751/6751 6766/6766
f 6884/6884 6888/6888 6867/6867
f 6867/6867 6866/6866 6884/6884
f 6866/6866 6867/6867 6868/6868
f 6868/6868 6869/6869 6866/6866
f 6869/6869 6868/6868 6821/6821
f 6821/6821 6819/6819 6869/6869
f 6931/6931 6929/6929 6979/6979
f 6979/6979 6978/6978 6931/6931
f 6978/6978 6979/6979 6976/6976
f 6976/6976 6977/6977 6978/6978
f 6977/6977 6976/6976 7020/7020
f 7020/7020 6993/6993 6977/6977
f 7037/7037 7038/7038 7040/7040
f 7030/7030 7037/7037 7040/7040
f 7030/7030 7040/7040 7031/7031
f 7030/7030 7031/7031 7032/7032
f 7034/7034 7030/7030 7032/7032
f 7034/7034 7032/7032 7035/7035
f 7067/7067 7068/7068 7070/7070
f 7067/7067 7070/7070 7074/7074
f 7070/7070 7073/7073 7074/7074
f 7074/7074 7073/7073 7075/7075
f 7074/7074 7075/7075 7080/7080
f 7075/7075 7077/7077 7080/7080
f 7155/7155 7157/7157 7159/7159
f 7159/7159 7160/7160 7155/7155
f 7160/7160 7159/7159 7162/7162
f 7162/7162 7164/7164 7160/7160
f 7161/7161 7158/7158 7156/7156
f 7126/7126 7161/7161 7156/7156
f 7126/7126 7156/7156 7127/7127
f 7126/7126 7127/7127 7128/7128
f 7126/7126 7128/7128 7130/7130
f 7126/7126 7130/7130 7132/7132
f 7163/7163 7166/7166 7165/7165
f 7166/7166 7134/7134 7165/7165
f 7134/7134 7140/7140 7165/7165
f 7133/7133 7138/7138 7140/7140
f 7133/7133 7136/7136 7138/7138
f 7133/7133 7135/7135 7136/7136
f 6026/6026 6067/6067 6106/6106
f 6106/6106 6110/6110 6026/6026
f 6029/6029 6026/6026 6110/6110
f 6110/6110 6122/6122 6029/6029
f 6159/6159 6132/6132 6130/6130
f 6130/6130 6160/6160 6159/6159
f 6158/6158 6159/6159 6160/6160
f 6160/6160 6161/6161 6158/6158
f 6192/6192 6158/6158 6161/6161
f 6161/6161 6173/6173 6192/6192
f 6243/6243 6241/6241 6245/6245
f 6243/6243 6245/6245 6246/6246
f 6294/6294 6243/6243 6246/6246
f 6196/6196 6236/6236 6287/6287
f 6287/6287 6291/6291 6196/6196
f 6199/6199 6196/6196 6291/6291
f 6291/6291 6304/6304 6199/6199
f 6310/6310 6355/6355 6394/6394
f 6394/6394 6397/6397 6310/6310
f 6312/6312 6310/6310 6397/6397
f 6397/6397 6409/6409 6312/6312
f 6413/6413 6450/6450 6489/6489
f 6489/6489 6493/6493 6413/6413
f 6416/6416 6413/6413 6493/6493
f 6493/6493 6504/6504 6416/6416
f 6508/6508 6546/6546 6585/6585
f 6585/6585 6589/6589 6508/6508
f 6511/6511 6508/6508 6589/6589
f 6589/6589 6599/6599 6511/6511
f 6606/6606 6651/6651 6691/6691
f 6691/6691 6695/6695 6606/6606
f 6608/6608 6606/6606 6695/6695
f 6695/6695 6709/6709 6608/6608
f 6713/6713 6760/6760 6794/6794
f 6794/6794 6798/6798 6713/6713
f 6716/6716 6713/6713 6798/6798
f 6798/6798 6808/6808 6716/6716
f 6815/6815 6875/6875 6900/6900
f 6900/6900 6904/6904 6815/6815
f 6817/6817 6815/6815 6904/6904
f 6904/6904 6917/6917 6817/6817
f 7129/7129 7274/7274 7131/7131
f 7289/7289 7274/7274 7129/7129
f 7129/7129 7290/7290 7289/7289
f 7290/7290 7153/7153 7146/7146
f 7146/7146 7289/7289 7290/7290
f 7289/7289 7146/7146 7143/7143
f 7143/7143 7273/7273 7289/7289
f 7137/7137 7273/7273 7143/7143
f 7143/7143 7139/7139 7137/7137
f 5953/5953 5958/5958 5960/5960
f 5960/5960 5961/5961 5953/5953
f 5976/5976 5961/5961 5960/5960
f 5960/5960 5979/5979 5976/5976
f 5976/5976 5979/5979 5997/5997
f 5997/5997 6003/6003 5976/5976
f 5966/5966 5955/5955 5980/5980
f 5980/5980 5983/5983 5966/5966
f 6006/6006 5983/5983 5980/5980
f 5980/5980 5999/5999 6006/6006
f 5999/5999 5998/5998 6006/6006
f 5996/5996 5998/5998 5999/5999
f 5999/5999 6002/6002 5996/5996
f 6231/6231 6204/6204 6202/6202
f 6202/6202 6230/6230 6231/6231
f 6231/6231 6230/6230 6295/6295
f 6295/6295 6247/6247 6231/6231
f 6458/6458 6455/6455 6459/6459
f 6458/6458 6447/6447 6455/6455
f 6447/6447 6452/6452 6455/6455
f 6447/6447 6449/6449 6452/6452
f 6452/6452 6453/6453 6455/6455
f 7033/7033 7071/7071 7110/7110
f 7110/7110 7114/7114 7033/7033
f 7033/7033 7114/7114 7124/7124
f 7124/7124 7036/7036 7033/7033
f 7171/7171 7172/7172 7167/7167
f 7167/7167 7170/7170 7171/7171
f 7174/7174 7170/7170 7167/7167
f 7167/7167 7175/7175 7174/7174
o village_empire_burned.lod4.1
v 0.6028406 -0.16701779 0.32162657
v 0.6028406 -0.16701779 0.32162657
v 0.6028406 -0.16701779 0.32162657
v 0.6028406 -0.16701779 0.32162657
v 0.7989237 -0.16189885 0.2655675
v 0.7989237 -0.16189885 0.2655675
v 0.77278405 -0.14204343 0.26020843
v 0.77278405 -0.14204343 0.26020843
v 0.77278405 -0.14204343 0.26020843
v 0.77278405 -0.14204343 0.26020843
v 0.6030975 -0.14106587 0.32088357
v 0.6030975 -0.14106587 0.32088357
v 0.80629075 0.07203172 0.2278772
v 0.80629075 0.07203172 0.2278772
v 0.80629075 0.07203172 0.2278772
v 0.80629075 0.07203172 0.2278772
v 0.77914155 0.07213748 0.21966541
v 0.77914155 0.07213748 0.21966541
v 0.7697827 0.16600259 0.25782564
v 0.7697827 0.16600259 0.25782564
v 0.7697827 0.16600259 0.25782564
v 0.7697827 0.16600259 0.25782564
v 0.7960939 0.18565105 0.25637907
v 0.7960939 0.18565105 0.25637907
v 0.60639113 0.19172141 0.3205649
v 0.60639113 0.19172141 0.3205649
v 0.60639113 0.19172141 0.3205649
v 0.60639113 0.19172141 0.3205649
v 0.6061345 0.16579404 0.31984663
v 0.6061345 0.16579404 0.31984663
v 0.42991102 -0.14027204 0.26020846
v 0.42991102 -0.14027204 0.26020846
v 0.42991102 -0.14027204 0.26020846
v 0.42991102 -0.14027204 0.26020846
v 0.4068811 -0.1596544 0.26556754
v 0.4068811 -0.1596544 0.26556754
v 0.42779332 0.07395739 0.21966545
v 0.42779332 0.07395739 0.21966545
v 0.40414512 0.074334025 0.22787726
v 0.40414512 0.074334025 0.22787726
v 0.40414512 0.074334025 0.22787726
v 0.40414512 0.074334025 0.22787726
v 0.43900907 0.16770472 0.25782567
v 0.43900907 0.16770472 0.25782567
v 0.43900907 0.16770472 0.25782567
v 0.43900907 0.16770472 0.25782567
v 0.41658968 0.18782374 0.2563791
v 0.41658968 0.18782374 0.2563791
v 0.6087502 0.013471372 0.17463665
v 0.78724134 0.17553039 0.115582675
v 0.4229199 0.1761889 0.11558271
v 0.41390705 -0.14331731 0.1155827
v 0.7779573 -0.15358658 0.11558266
v 0.21552011 -0.666062 0.23973967
v 0.21552011 -0.666062 0.23973967
v 0.21552011 -0.666062 0.23973967
v 0.24394909 -0.666542 0.23973967
v 0.24394909 -0.666542 0.23973967
v 0.24394909 -0.666542 0.23973967
v 0.24654025 -0.53442794 0.15753782
v 0.24654025 -0.53442794 0.15753782
v 0.24654025 -0.53442794 0.15753782
v 0.22562549 -0.50576514 0.15609124
v 0.22562549 -0.50576514 0.15609124
v 0.21700391 -0.8322365 0.1646555
v 0.21700391 -0.8322365 0.1646555
v 0.21700391 -0.8322365 0.1646555
v 0.23956296 -0.7985835 0.15929642
v 0.23956296 -0.7985835 0.15929642
v 0.23956296 -0.7985835 0.15929642
v 0.36706674 -0.839641 0.1359837
v 0.36706674 -0.839641 0.1359837
v 0.36706674 -0.839641 0.1359837
v 0.366404 -0.8039688 0.13147356
v 0.366404 -0.8039688 0.13147356
v 0.366404 -0.8039688 0.13147356
v 0.6077781 -0.6771269 0.23973966
v 0.6077781 -0.6771269 0.23973966
v 0.6077781 -0.6771269 0.23973966
v 0.6067248 -0.5165153 0.15609121
v 0.6067248 -0.5165153 0.15609121
v 0.5842277 -0.5439533 0.15753779
v 0.5842277 -0.5439533 0.15753779
v 0.5842277 -0.5439533 0.15753779
v 0.5793672 -0.67600375 0.23973966
v 0.5793672 -0.67600375 0.23973966
v 0.5793672 -0.67600375 0.23973966
v 0.59703106 -0.839346 0.15546712
v 0.59703106 -0.839346 0.15546712
v 0.59703106 -0.839346 0.15546712
v 0.5764049 -0.8044749 0.15691371
v 0.5764049 -0.8044749 0.15691371
v 0.5764049 -0.8044749 0.15691371
v 0.47260237 -0.84473133 0.12696525
v 0.47260237 -0.84473133 0.12696525
v 0.47260237 -0.84473133 0.12696525
v 0.47260237 -0.84473133 0.12696525
v 0.4735905 -0.80970126 0.11875346
v 0.4735905 -0.80970126 0.11875346
v 0.5822189 -0.8266087 -0.0060192645
v 0.59121346 -0.507748 -0.0060192645
v 0.42185822 -0.6670761 0.047233894
v 0.23824522 -0.5071101 -0.0060192496
v 0.2295134 -0.8166596 -0.0060192496
v 0.5629805 -0.96019953 0.20289713
v 0.5629805 -0.96019953 0.20289713
v 0.5629805 -0.96019953 0.20289713
v 0.567269 -0.8246318 0.117723264
v 0.5443798 -0.84529823 0.11824702
v 0.5443798 -0.84529823 0.11824702
v 0.53854454 -0.9588776 0.20289713
v 0.53854454 -0.9588776 0.20289713
v 0.53854454 -0.9588776 0.20289713
v 0.55036575 -1.1309115 0.124373026
v 0.55036575 -1.1309115 0.124373026
v 0.55036575 -1.1309115 0.124373026
v 0.5330517 -1.100644 0.1197606
v 0.5330517 -1.100644 0.1197606
v 0.5330517 -1.100644 0.1197606
v 0.42228717 -1.0999734 0.099695966
v 0.42228717 -1.0999734 0.099695966
v 0.42228717 -1.0999734 0.099695966
v 0.4417246 -1.130285 0.1289149
v 0.4417246 -1.130285 0.1289149
v 0.4417246 -1.130285 0.1289149
v 0.44943577 -1.0943369 0.12821905
v 0.44943577 -1.0943369 0.12821905
v 0.44943577 -1.0943369 0.12821905
v 0.42503256 -1.0693892 0.095814206
v 0.42503256 -1.0693892 0.095814206
v 0.42503256 -1.0693892 0.095814206
v 0.22554862 -0.94576913 0.2028971
v 0.22554862 -0.94576913 0.2028971
v 0.22554862 -0.94576913 0.2028971
v 0.25000829 -0.94653803 0.2028971
v 0.25000829 -0.94653803 0.2028971
v 0.25000829 -0.94653803 0.2028971
v 0.2538913 -0.83287543 0.118247
v 0.2538913 -0.83287543 0.118247
v 0.23284996 -0.8103303 0.11772323
v 0.22487903 -1.0856913 0.11646484
v 0.22487903 -1.0856913 0.11646484
v 0.22487903 -1.0856913 0.11646484
v 0.24471408 -1.0570124 0.11770986
v 0.24471408 -1.0570124 0.11770986
v 0.24471408 -1.0570124 0.11770986
v 0.33137348 -1.0979055 0.091934025
v 0.33137348 -1.0979055 0.091934025
v 0.33137348 -1.0979055 0.091934025
v 0.33137348 -1.0979055 0.091934025
v 0.3326623 -1.0677713 0.08486636
v 0.3326623 -1.0677713 0.08486636
v 0.42115888 -0.96193916 0.064433455
v 0.23954654 -1.0855516 0.02213788
v 0.54261166 -1.1065366 0.02213791
v 0.25093433 -0.8192682 0.022137895
v 0.25093433 -0.8192682 0.022137895
v 0.40263808 -0.8257559 0.022137895
v 0.40263808 -0.8257559 0.022137895
v 0.5543419 -0.8322435 0.02213791
v 0.5543419 -0.8322435 0.02213791
v 0.5547846 -0.8218929 0.010506958
v 0.40308076 -0.8154053 0.010506928
v 0.25137678 -0.8089176 0.010506928
v 0.83672845 -0.6782315 0.20652828
v 0.83672845 -0.6782315 0.20652828
v 0.83672845 -0.6782315 0.20652828
v 0.8370557 -0.6567308 0.20652826
v 0.8370557 -0.6567308 0.20652826
v 0.8370557 -0.6567308 0.20652826
v 0.7469968 -0.65477115 0.1443595
v 0.7469968 -0.65477115 0.1443595
v 0.7469968 -0.65477115 0.1443595
v 0.7274582 -0.67058885 0.14326546
v 0.7274582 -0.67058885 0.14326546
v 0.9500054 -0.67710936 0.14974256
v 0.9500054 -0.67710936 0.14974256
v 0.9500054 -0.67710936 0.14974256
v 0.927065 -0.660048 0.14568952
v 0.927065 -0.660048 0.14568952
v 0.927065 -0.660048 0.14568952
v 0.95505285 -0.56361765 0.12805824
v 0.95505285 -0.56361765 0.12805824
v 0.95505285 -0.56361765 0.12805824
v 0.930736 -0.56411886 0.124647245
v 0.930736 -0.56411886 0.124647245
v 0.930736 -0.56411886 0.124647245
v 0.8442712 -0.38156906 0.20652823
v 0.8442712 -0.38156906 0.20652823
v 0.8442712 -0.38156906 0.20652823
v 0.7347864 -0.3823656 0.14326543
v 0.7347864 -0.3823656 0.14326543
v 0.7534902 -0.39938003 0.14435947
v 0.7534902 -0.39938003 0.14435947
v 0.7534902 -0.39938003 0.14435947
v 0.8435055 -0.40305603 0.20652825
v 0.8435055 -0.40305603 0.20652825
v 0.8435055 -0.40305603 0.20652825
v 0.9548518 -0.38969696 0.14279345
v 0.9548518 -0.38969696 0.14279345
v 0.9548518 -0.38969696 0.14279345
v 0.93108106 -0.4052964 0.14388749
v 0.93108106 -0.4052964 0.14388749
v 0.93108106 -0.4052964 0.14388749
v 0.95744294 -0.4466769 0.13506356
v 0.95744294 -0.4466769 0.13506356
v 0.95744294 -0.4466769 0.13506356
v 0.95744294 -0.4466769 0.13506356
v 0.9326038 -0.44599152 0.13615757
v 0.9326038 -0.44599152 0.13615757
v 0.93464375 -0.4830544 0.11502711
v 0.93464375 -0.4830544 0.11502711
v 0.93464375 -0.4830544 0.11502711
v 0.9585229 -0.4838017 0.12123764
v 0.9585229 -0.4838017 0.12123764
v 0.9585229 -0.4838017 0.12123764
v 0.82327986 -0.5345467 0.06448269
v 0.72880995 -0.3940967 0.020662218
v 0.728375 -0.6610447 0.020662233
v 0.93938696 -0.66764855 0.020662233
v 0.94616914 -0.40089932 0.020662218
v 1.0779749 -0.7396503 0.20095578
v 1.0779749 -0.7396503 0.20095578
v 1.0779749 -0.7396503 0.20095578
v 1.0768384 -0.7163419 0.20095575
v 1.0768384 -0.7163419 0.20095575
v 1.0768384 -0.7163419 0.20095575
v 0.97918916 -0.72190773 0.12021165
v 0.97918916 -0.72190773 0.12021165
v 0.97918916 -0.72190773 0.12021165
v 0.95913017 -0.74070257 0.11902407
v 0.95913017 -0.74070257 0.11902407
v 1.2247436 -0.7276176 0.12605499
v 1.2247436 -0.7276176 0.12605499
v 1.2247436 -0.7276176 0.12605499
v 1.1987213 -0.7111025 0.121655405
v 1.1987213 -0.7111025 0.121655405
v 1.1987213 -0.7111025 0.121655405
v 1.1981449 -0.6054489 0.10251657
v 1.1981449 -0.6054489 0.10251657
v 1.1981449 -0.6054489 0.10251657
v 1.1718502 -0.6080676 0.098813936
v 1.1718502 -0.6080676 0.098813936
v 1.1718502 -0.6080676 0.098813936
v 1.1932988 -0.6313448 0.12972352
v 1.1932988 -0.6313448 0.12972352
v 1.1932988 -0.6313448 0.12972352
v 1.2242051 -0.62398946 0.13038725
v 1.2242051 -0.62398946 0.13038725
v 1.2242051 -0.62398946 0.13038725
v 1.0655684 -0.41778845 0.20095566
v 1.0655684 -0.41778845 0.20095566
v 1.0655684 -0.41778845 0.20095566
v 0.9470767 -0.42799708 0.11902397
v 0.9470767 -0.42799708 0.11902397
v 0.9685087 -0.44482335 0.12021157
v 0.9685087 -0.44482335 0.12021157
v 0.9685087 -0.44482335 0.12021157
v 1.0662295 -0.44111943 0.20095566
v 1.0662295 -0.44111943 0.20095566
v 1.0662295 -0.44111943 0.20095566
v 1.1858659 -0.4171498 0.118511625
v 1.1858659 -0.4171498 0.118511625
v 1.1858659 -0.4171498 0.118511625
v 1.1612093 -0.43606958 0.119699225
v 1.1612093 -0.43606958 0.119699225
v 1.1612093 -0.43606958 0.119699225
v 1.196367 -0.5187303 0.09511278
v 1.196367 -0.5187303 0.09511278
v 1.196367 -0.5187303 0.09511278
v 1.196367 -0.5187303 0.09511278
v 1.1704593 -0.5199596 0.08837123
v 1.1704593 -0.5199596 0.08837123
v 1.0795803 -0.6072216 0.043770537
v 1.2037874 -0.72022134 -0.0031995177
v 1.1857457 -0.4311405 -0.0031996071
v 0.9568099 -0.44200283 -0.0031996071
v 0.9568099 -0.44200283 -0.0031996071
v 0.96238756 -0.5867066 -0.0031995624
v 0.96238756 -0.5867066 -0.0031995624
v 0.96796525 -0.7314103 -0.0031995177
v 0.96796525 -0.7314103 -0.0031995177
v 0.9534887 -0.5871288 -0.0142938495
v 0.9590664 -0.7318326 -0.014293775
v 0.9479109 -0.4424248 -0.014293894
v 0.878964 0.47050986 0.1970061
v 0.878964 0.47050986 0.1970061
v 0.878964 0.47050986 0.1970061
v 0.89594847 0.45818478 0.1970061
v 0.89594847 0.45818478 0.1970061
v 0.89594847 0.45818478 0.1970061
v 0.95344305 0.5369613 0.13633662
v 0.95344305 0.5369613 0.13633662
v 0.95344305 0.5369613 0.13633662
v 0.95293224 0.5631441 0.13526897
v 0.95293224 0.5631441 0.13526897
v 0.8095142 0.36941606 0.14158988
v 0.8095142 0.36941606 0.14158988
v 0.8095142 0.36941606 0.14158988
v 0.83739936 0.380212 0.13763455
v 0.83739936 0.380212 0.13763455
v 0.83739936 0.380212 0.13763455
v 0.9587543 0.25365904 0.11377238
v 0.9587543 0.25365904 0.11377238
v 0.9587543 0.25365904 0.11377238
v 0.9587543 0.25365904 0.11377238
v 0.974181 0.2744192 0.107711636
v 0.974181 0.2744192 0.107711636
v 1.1114309 0.29776525 0.19700608
v 1.1114309 0.29776525 0.19700608
v 1.1114309 0.29776525 0.19700608
v 1.178786 0.39531347 0.13526896
v 1.178786 0.39531347 0.13526896
v 1.1535695 0.38824874 0.1363366
v 1.1535695 0.38824874 0.1363366
v 1.1535695 0.38824874 0.1363366
v 1.0947298 0.31047148 0.19700608
v 1.0947298 0.31047148 0.19700608
v 1.0947298 0.31047148 0.19700608
v 1.0362611 0.20424041 0.13480833
v 1.0362611 0.20424041 0.13480833
v 1.0362611 0.20424041 0.13480833
v 1.038553 0.23405445 0.135876
v 1.038553 0.23405445 0.135876
v 1.038553 0.23405445 0.135876
v 1.002177 0.4020108 0.058386177
v 1.1731198 0.40718046 0.015622467
v 0.9599925 0.55698854 0.015622497
v 0.82367146 0.37353793 0.015622497
v 1.032698 0.21821155 0.015622482
v 0.8079704 0.84201354 0.23987031
v 0.8079704 0.84201354 0.23987031
v 0.8079704 0.84201354 0.23987031
v 0.7795414 0.84249353 0.23987031
v 0.7795414 0.84249353 0.23987031
v 0.7795414 0.84249353 0.23987031
v 0.7769502 0.7103794 0.15766847
v 0.7769502 0.7103794 0.15766847
v 0.7769502 0.7103794 0.15766847
v 0.7978649 0.6817166 0.15622188
v 0.7978649 0.6817166 0.15622188
v 0.80648667 1.0081881 0.16478616
v 0.80648667 1.0081881 0.16478616
v 0.80648667 1.0081881 0.16478616
v 0.78392756 0.97453517 0.15942705
v 0.78392756 0.97453517 0.15942705
v 0.78392756 0.97453517 0.15942705
v 0.5508882 1.0206832 0.12709591
v 0.5508882 1.0206832 0.12709591
v 0.5508882 1.0206832 0.12709591
v 0.5508882 1.0206832 0.12709591
v 0.54990005 0.9856529 0.118884094
v 0.54990005 0.9856529 0.118884094
v 0.4157124 0.8530784 0.23987028
v 0.4157124 0.8530784 0.23987028
v 0.4157124 0.8530784 0.23987028
v 0.41676563 0.6924669 0.15622187
v 0.41676563 0.6924669 0.15622187
v 0.4392628 0.71990496 0.15766844
v 0.4392628 0.71990496 0.15766844
v 0.4392628 0.71990496 0.15766844
v 0.4441233 0.85195535 0.23987028
v 0.4441233 0.85195535 0.23987028
v 0.4441233 0.85195535 0.23987028
v 0.4264595 1.0152977 0.15559778
v 0.4264595 1.0152977 0.15559778
v 0.4264595 1.0152977 0.15559778
v 0.44708562 0.9804265 0.15704435
v 0.44708562 0.9804265 0.15704435
v 0.44708562 0.9804265 0.15704435
v 0.61798507 0.8222847 0.06698856
v 0.432277 0.68369955 0.009047508
v 0.78524524 0.68306154 0.009047538
v 0.79397714 0.99261093 0.009047523
v 0.4412716 1.0025604 0.009047523
v 0.2785717 0.6400084 0.21256554
v 0.2785717 0.6400084 0.21256554
v 0.2785717 0.6400084 0.21256554
v 0.2511768 0.6385264 0.21256554
v 0.2511768 0.6385264 0.21256554
v 0.2511768 0.6385264 0.21256554
v 0.25771865 0.5111939 0.11766525
v 0.25771865 0.5111939 0.11766525
v 0.25771865 0.5111939 0.11766525
v 0.27980852 0.4850375 0.11626945
v 0.27980852 0.4850375 0.11626945
v 0.26442936 0.83139163 0.12453306
v 0.26442936 0.83139163 0.12453306
v 0.26442936 0.83139163 0.12453306
v 0.24501884 0.7974591 0.119362116
v 0.24501884 0.7974591 0.119362116
v 0.24501884 0.7974591 0.119362116
v 0.12084192 0.79670745 0.096867874
v 0.12084192 0.79670745 0.096867874
v 0.12084192 0.79670745 0.096867874
v 0.123919755 0.76241976 0.092516065
v 0.123919755 0.76241976 0.092516065
v 0.123919755 0.76241976 0.092516065
v 0.15127793 0.7903884 0.1288448
v 0.15127793 0.7903884 0.1288448
v 0.15127793 0.7903884 0.1288448
v 0.14263296 0.83068943 0.12962487
v 0.14263296 0.83068943 0.12962487
v 0.14263296 0.83068943 0.12962487
v -0.099719405 0.62383044 0.21256551
v -0.099719405 0.62383044 0.21256551
v -0.099719405 0.62383044 0.21256551
v -0.08772087 0.46931967 0.11626941
v -0.08772087 0.46931967 0.11626941
v -0.067944705 0.49726665 0.11766522
v -0.067944705 0.49726665 0.11766522
v -0.067944705 0.49726665 0.11766522
v -0.07229799 0.62469244 0.21256551
v -0.07229799 0.62469244 0.21256551
v -0.07229799 0.62469244 0.21256551
v -0.100470066 0.7806958 0.11566726
v -0.100470066 0.7806958 0.11566726
v -0.100470066 0.7806958 0.11566726
v -0.0782333 0.7485442 0.11706305
v -0.0782333 0.7485442 0.11706305
v -0.0782333 0.7485442 0.11706305
v 0.018919587 0.7943891 0.08816606
v 0.018919587 0.7943891 0.08816606
v 0.018919587 0.7943891 0.08816606
v 0.018919587 0.7943891 0.08816606
v 0.020364523 0.760606 0.080242544
v 0.020364523 0.760606 0.080242544
v 0.12292531 0.64210176 0.07509588
v 0.25573632 0.80406517 0.019890934
v -0.084026575 0.7805389 0.01989086
v -0.07125974 0.4820116 0.019890904
v -0.07125974 0.4820116 0.019890904
v 0.09881365 0.48928496 0.019890904
v 0.09881365 0.48928496 0.019890904
v 0.2688871 0.49655813 0.019890934
v 0.2688871 0.49655813 0.019890934
v 0.09930992 0.47768104 0.0068515837
v 0.26938337 0.48495427 0.0068515837
v -0.07076377 0.47040763 0.006851539
v -0.31854522 0.13160978 0.2398703
v -0.31854522 0.13160978 0.2398703
v -0.31854522 0.13160978 0.2398703
v -0.2901162 0.13112983 0.2398703
v -0.2901162 0.13112983 0.2398703
v -0.2901162 0.13112983 0.2398703
v -0.28752506 0.26324394 0.15766844
v -0.28752506 0.26324394 0.15766844
v -0.28752506 0.26324394 0.15766844
v -0.30843985 0.2919067 0.15622187
v -0.30843985 0.2919067 0.15622187
v -0.31706154 -0.03456477 0.16478615
v -0.31706154 -0.03456477 0.16478615
v -0.31706154 -0.03456477 0.16478615
v -0.2945025 -0.00091181695 0.15942705
v -0.2945025 -0.00091181695 0.15942705
v -0.2945025 -0.00091181695 0.15942705
v -0.16699868 -0.041969232 0.13611433
v -0.16699868 -0.041969232 0.13611433
v -0.16699868 -0.041969232 0.13611433
v -0.16766143 -0.006297007 0.1316042
v -0.16766143 -0.006297007 0.1316042
v -0.16766143 -0.006297007 0.1316042
v 0.073712766 0.120544866 0.23987028
v 0.073712766 0.120544866 0.23987028
v 0.073712766 0.120544866 0.23987028
v 0.07265955 0.28115642 0.15622185
v 0.07265955 0.28115642 0.15622185
v 0.050162375 0.25371838 0.15766843
v 0.050162375 0.25371838 0.15766843
v 0.050162375 0.25371838 0.15766843
v 0.045301914 0.12166798 0.23987028
v 0.045301914 0.12166798 0.23987028
v 0.045301914 0.12166798 0.23987028
v 0.06296563 -0.04167431 0.15559776
v 0.06296563 -0.04167431 0.15559776
v 0.06296563 -0.04167431 0.15559776
v 0.042339563 -0.0068031773 0.15704434
v 0.042339563 -0.0068031773 0.15704434
v 0.042339563 -0.0068031773 0.15704434
v -0.061463 -0.0470597 0.12709588
v -0.061463 -0.0470597 0.12709588
v -0.061463 -0.0470597 0.12709588
v -0.061463 -0.0470597 0.12709588
v -0.060474932 -0.01202964 0.118884094
v -0.060474932 -0.01202964 0.118884094
v -0.12855995 0.15133859 0.052052394
v 0.05714822 0.28992373 -0.005888641
v -0.29582006 0.2905617 -0.005888611
v -0.30455196 -0.018987788 -0.005888626
v 0.04815352 -0.028937066 -0.005888656
v -0.6083568 -0.17797554 0.21106443
v -0.6083568 -0.17797554 0.21106443
v -0.6083568 -0.17797554 0.21106443
v -0.6096296 -0.15445001 0.21106443
v -0.6096296 -0.15445001 0.21106443
v -0.6096296 -0.15445001 0.21106443
v -0.71897715 -0.16006784 0.12956822
v -0.71897715 -0.16006784 0.12956822
v -0.71897715 -0.16006784 0.12956822
v -0.74143916 -0.1790377 0.12836957
v -0.74143916 -0.1790377 0.12836957
v -0.4440053 -0.16583075 0.13546598
v -0.4440053 -0.16583075 0.13546598
v -0.4440053 -0.16583075 0.13546598
v -0.47314507 -0.14916185 0.1310254
v -0.47314507 -0.14916185 0.1310254
v -0.47314507 -0.14916185 0.1310254
v -0.4737906 -0.042524114 0.11170834
v -0.4737906 -0.042524114 0.11170834
v -0.4737906 -0.042524114 0.11170834
v -0.5032353 -0.045167208 0.10797121
v -0.5032353 -0.045167208 0.10797121
v -0.5032353 -0.045167208 0.10797121
v -0.47921723 -0.06866122 0.13916871
v -0.47921723 -0.06866122 0.13916871
v -0.47921723 -0.06866122 0.13916871
v -0.4446084 -0.061237313 0.13983864
v -0.4446084 -0.061237313 0.13983864
v -0.4446084 -0.061237313 0.13983864
v -0.6222498 0.14688429 0.21106441
v -0.6222498 0.14688429 0.21106441
v -0.6222498 0.14688429 0.21106441
v -0.75493675 0.13658048 0.12836954
v -0.75493675 0.13658048 0.12836954
v -0.7309372 0.119597554 0.12956819
v -0.7309372 0.119597554 0.12956819
v -0.7309372 0.119597554 0.12956819
v -0.6215095 0.123335965 0.2110644
v -0.6215095 0.123335965 0.2110644
v -0.6215095 0.123335965 0.2110644
v -0.48981065 0.15108769 0.12905109
v -0.48981065 0.15108769 0.12905109
v -0.48981065 0.15108769 0.12905109
v -0.5151511 0.12843296 0.12905109
v -0.5151511 0.12843296 0.12905109
v -0.5151511 0.12843296 0.12905109
v -0.5151511 0.12843296 0.12905109
v -0.48527068 0.14397025 0.12665379
v -0.48527068 0.14397025 0.12665379
v -0.4757815 0.04500232 0.104235604
v -0.4757815 0.04500232 0.104235604
v -0.4757815 0.04500232 0.104235604
v -0.4757815 0.04500232 0.104235604
v -0.50479287 0.043761484 0.09743125
v -0.50479287 0.043761484 0.09743125
v -0.6065591 -0.044313252 0.06735127
v -0.46747202 -0.15836552 0.01994367
v -0.48767525 0.13340795 0.01994364
v -0.74403757 0.12244434 0.019943625
v -0.74403757 0.12244434 0.019943625
v -0.7377916 -0.023607189 0.01994364
v -0.7377916 -0.023607189 0.01994364
v -0.73154575 -0.16965881 0.01994367
v -0.73154575 -0.16965881 0.01994367
v -0.7477564 -0.024033384 0.008746013
v -0.74151057 -0.170085 0.008746073
v -0.7540025 0.12201841 0.008746028
v -0.51413673 0.72209764 0.26216465
v -0.51413673 0.72209764 0.26216465
v -0.51413673 0.72209764 0.26216465
v -0.51286405 0.6985721 0.26216465
v -0.51286405 0.6985721 0.26216465
v -0.51286405 0.6985721 0.26216465
v -0.40351647 0.7041899 0.18066843
v -0.40351647 0.7041899 0.18066843
v -0.40351647 0.7041899 0.18066843
v -0.38105458 0.7231598 0.17946978
v -0.38105458 0.7231598 0.17946978
v -0.39155644 0.42452458 0.18066841
v -0.39155644 0.42452458 0.18066841
v -0.39155644 0.42452458 0.18066841
v -0.3675568 0.40754163 0.17946975
v -0.3675568 0.40754163 0.17946975
v -0.67848843 0.7099528 0.1865662
v -0.67848843 0.7099528 0.1865662
v -0.67848843 0.7099528 0.1865662
v -0.64934856 0.6932839 0.18212563
v -0.64934856 0.6932839 0.18212563
v -0.64934856 0.6932839 0.18212563
v -0.64870304 0.5866462 0.16280855
v -0.64870304 0.5866462 0.16280855
v -0.64870304 0.5866462 0.16280855
v -0.61925834 0.58928925 0.15907142
v -0.61925834 0.58928925 0.15907142
v -0.61925834 0.58928925 0.15907142
v -0.6432765 0.6127833 0.19026893
v -0.6432765 0.6127833 0.19026893
v -0.6432765 0.6127833 0.19026893
v -0.67788535 0.6053594 0.19093883
v -0.67788535 0.6053594 0.19093883
v -0.67788535 0.6053594 0.19093883
v -0.50024396 0.3972378 0.2621646
v -0.50024396 0.3972378 0.2621646
v -0.50024396 0.3972378 0.2621646
v -0.50098425 0.42078617 0.26216462
v -0.50098425 0.42078617 0.26216462
v -0.50098425 0.42078617 0.26216462
v -0.63495296 0.39659318 0.17895265
v -0.63495296 0.39659318 0.17895265
v -0.63495296 0.39659318 0.17895265
v -0.60734266 0.41568917 0.18015128
v -0.60734266 0.41568917 0.18015128
v -0.60734266 0.41568917 0.18015128
v -0.64671224 0.49911985 0.15533581
v -0.64671224 0.49911985 0.15533581
v -0.64671224 0.49911985 0.15533581
v -0.64671224 0.49911985 0.15533581
v -0.61770076 0.5003606 0.14853147
v -0.61770076 0.5003606 0.14853147
v -0.5159345 0.5884354 0.103515305
v -0.6550216 0.70248765 0.05610773
v -0.6348184 0.41071418 0.0561077
v -0.37845606 0.42167774 0.0561077
v -0.37845606 0.42167774 0.0561077
v -0.3847021 0.5677293 0.0561077
v -0.3847021 0.5677293 0.0561077
v -0.390948 0.7137809 0.05610773
v -0.390948 0.7137809 0.05610773
v -0.3747372 0.5681554 0.04491009
v -0.38098317 0.714207 0.044910103
v -0.3684911 0.42210367 0.044910073
v -0.8353514 -0.5542121 0.25447822
v -0.8353514 -0.5542121 0.25447822
v -0.8353514 -0.5542121 0.25447822
v -0.8069225 -0.55469203 0.25447822
v -0.8069225 -0.55469203 0.25447822
v -0.8069225 -0.55469203 0.25447822
v -0.80433136 -0.42257795 0.17227636
v -0.80433136 -0.42257795 0.17227636
v -0.80433136 -0.42257795 0.17227636
v -0.82524616 -0.39391515 0.17082979
v -0.82524616 -0.39391515 0.17082979
v -0.8338676 -0.7203866 0.17939405
v -0.8338676 -0.7203866 0.17939405
v -0.8338676 -0.7203866 0.17939405
v -0.81130856 -0.6867336 0.17403495
v -0.81130856 -0.6867336 0.17403495
v -0.81130856 -0.6867336 0.17403495
v -0.5782692 -0.73288137 0.1417038
v -0.5782692 -0.73288137 0.1417038
v -0.5782692 -0.73288137 0.1417038
v -0.5782692 -0.73288137 0.1417038
v -0.57728106 -0.6978513 0.13349201
v -0.57728106 -0.6978513 0.13349201
v -0.44309348 -0.5652769 0.2544782
v -0.44309348 -0.5652769 0.2544782
v -0.44309348 -0.5652769 0.2544782
v -0.4441467 -0.40466532 0.17082976
v -0.4441467 -0.40466532 0.17082976
v -0.46664387 -0.43210334 0.17227633
v -0.46664387 -0.43210334 0.17227633
v -0.46664387 -0.43210334 0.17227633
v -0.4715044 -0.5641538 0.2544782
v -0.4715044 -0.5641538 0.2544782
v -0.4715044 -0.5641538 0.2544782
v -0.45384055 -0.7274961 0.17020567
v -0.45384055 -0.7274961 0.17020567
v -0.45384055 -0.7274961 0.17020567
v -0.47446662 -0.6926249 0.17165226
v -0.47446662 -0.6926249 0.17165226
v -0.47446662 -0.6926249 0.17165226
v -0.64536625 -0.5344832 0.066660285
v -0.4596581 -0.395898 0.00871928
v -0.8126263 -0.39526013 0.008719295
v -0.82135814 -0.70480967 0.00871928
v -0.46865267 -0.71475875 0.00871928
v -0.06414783 -0.2731884 0.17408213
v -0.06414783 -0.2731884 0.17408213
v -0.06414783 -0.2731884 0.17408213
v -0.06414783 -0.2731884 0.17408213
v -0.063975155 -0.37881643 0.21736774
v -0.063975155 -0.37881643 0.21736774
v -0.063975155 -0.37881643 0.21736774
v -0.063975155 -0.37881643 0.21736774
v -0.01826644 -0.38154 0.22262008
v -0.01826644 -0.38154 0.22262008
v -0.01826644 -0.38154 0.22262008
v -0.01826644 -0.38154 0.22262008
v -0.01826644 -0.38154 0.22262008
v -0.01826644 -0.38154 0.22262008
v 0.085067034 -0.2734529 0.17358634
v 0.085067034 -0.2734529 0.17358634
v 0.085067034 -0.2734529 0.17358634
v 0.043941855 -0.3842637 0.19941883
v 0.043941855 -0.3842637 0.19941883
v 0.043941855 -0.3842637 0.19941883
v 0.043941855 -0.3842637 0.19941883
v 0.0858171 -0.5372432 0.17325667
v 0.0858171 -0.5372432 0.17325667
v 0.0858171 -0.5372432 0.17325667
v -0.06351721 -0.48444432 0.1961927
v -0.06351721 -0.48444432 0.1961927
v -0.06351721 -0.48444432 0.1961927
v -0.06351721 -0.48444432 0.1961927
v -0.06351721 -0.48444432 0.1961927
v -0.06351721 -0.48444432 0.1961927
v -0.19717062 -0.44227552 0.17468862
v -0.19717062 -0.44227552 0.17468862
v -0.19717062 -0.44227552 0.17468862
v -0.19717062 -0.44227552 0.17468862
v -0.19717062 -0.44227552 0.17468862
v -0.029897392 -0.49507436 0.1960324
v -0.029897392 -0.49507436 0.1960324
v -0.029897392 -0.49507436 0.1960324
v -0.029897392 -0.49507436 0.1960324
v -0.029897392 -0.49507436 0.1960324
v -0.029897392 -0.49507436 0.1960324
v -0.029897392 -0.49507436 0.1960324
v -0.03018266 -0.7422101 0.17389247
v 0.08581698 -0.742971 0.17325664
v 0.08581698 -0.742971 0.17325664
v -0.063232005 -0.61323124 0.2260448
v -0.063232005 -0.61323124 0.2260448
v -0.063232005 -0.61323124 0.2260448
v -0.029612243 -0.6186423 0.22588453
v -0.029612243 -0.6186423 0.22588453
v -0.029612243 -0.6186423 0.22588453
v -0.19717073 -0.7412573 0.17468861
v -0.19717073 -0.7412573 0.17468861
v -0.19717073 -0.7412573 0.17468861
v -0.06380236 -0.74201816 0.17405275
v -0.19717073 -0.47090313 0.17468864
v -0.19717073 -0.47090313 0.17468864
v -0.21335691 -0.47090304 0.17468864
v -0.21335685 -0.74125725 0.17468861
v -0.06418353 -0.7676303 0.4052119
v -0.06418353 -0.7676303 0.4052119
v -0.06418353 -0.7676303 0.4052119
v -0.06453323 -0.7367077 0.40521193
v -0.06453323 -0.7367077 0.40521193
v -0.06453323 -0.7367077 0.40521193
v -0.20824647 -0.7379424 0.29824024
v -0.20824647 -0.7379424 0.29824024
v -0.20824647 -0.7379424 0.29824024
v -0.23876703 -0.7615597 0.29666692
v -0.23876703 -0.7615597 0.29666692
v -0.23876703 -0.7615597 0.29666692
v -0.21254152 -0.5278413 0.27377778
v -0.21254152 -0.5278413 0.27377778
v -0.21254152 -0.5278413 0.27377778
v -0.2440893 -0.5027373 0.27377778
v -0.2440893 -0.5027373 0.27377778
v -0.2440893 -0.5027373 0.27377778
v -0.21261835 -0.4790125 0.21937005
v -0.21261835 -0.4790125 0.21937005
v -0.21261835 -0.4790125 0.21937005
v -0.2539389 -0.4422301 0.21937004
v -0.2539389 -0.4422301 0.21937004
v -0.19260508 -0.4789823 0.21937005
v -0.19260508 -0.4789823 0.21937005
v -0.19464046 -0.44219267 0.21937004
v -0.19464046 -0.44219267 0.21937004
v 0.11250982 -0.76092094 0.29598814
v 0.11250982 -0.76092094 0.29598814
v 0.11250982 -0.76092094 0.29598814
v 0.07523072 -0.73742706 0.2975615
v 0.07523072 -0.73742706 0.2975615
v 0.07523072 -0.73742706 0.2975615
v 0.11866847 -0.23213533 0.25569084
v 0.11866847 -0.23213533 0.25569084
v 0.08452201 -0.27174076 0.25538334
v 0.08452201 -0.27174076 0.25538334
v 0.08338851 -0.5557248 0.21608853
v 0.08338851 -0.5557248 0.21608853
v 0.122618586 -0.53728956 0.21608852
v 0.122618586 -0.53728956 0.21608852
v 0.122618586 -0.53728956 0.21608852
v -0.2558037 -0.27283671 0.17474139
v -0.2558037 -0.27283674 0.20998037
v -0.2558037 -0.27283674 0.20998037
v -0.24873042 -0.2366485 0.17284355
v -0.24873042 -0.2366485 0.17284355
v -0.24873042 -0.2366485 0.17284355
v -0.06396568 -0.23010594 0.25569084
v -0.06396568 -0.23010594 0.25569084
v -0.06414783 -0.27318847 0.25434127
v -0.06414783 -0.27318847 0.25434127
v -0.19715524 -0.2728368 0.20997648
v -0.19715524 -0.2728368 0.20997648
v -0.063232064 -0.659659 0.27560905
v -0.063232064 -0.659659 0.27560905
v -0.063232064 -0.659659 0.27560905
v -0.029612303 -0.66246045 0.27544877
v -0.029612303 -0.66246045 0.27544877
v -0.029612303 -0.66246045 0.27544877
v -0.063232064 -0.7420183 0.29368705
v -0.063232064 -0.7420183 0.29368705
v -0.029612303 -0.7422101 0.29352677
v -0.1926052 -0.47898224 0.1684735
v -0.19715524 -0.2728368 0.17474139
v -0.2568007 -0.5027372 0.09632415
v -0.31531364 -0.5025588 -0.0035415143
v -0.25979906 -0.6970149 -0.003541544
v -0.25979775 -0.30822664 -0.0035414845
v 0.20658079 -0.7066623 0.13206202
v 0.20658079 -0.7066623 0.13206202
v 0.20658079 -0.7066623 0.13206202
v 0.1967496 -0.6982258 0.12979716
v 0.1967496 -0.6982258 0.12979716
v 0.1967496 -0.6982258 0.12979716
v 0.12292513 -0.69621485 0.18285444
v 0.12292513 -0.69621485 0.18285444
v 0.12143323 -0.7082698 0.18035567
v 0.21012804 -0.52004415 0.07832828
v 0.21012804 -0.52004415 0.07832828
v 0.1967063 -0.52004415 0.078092605
v 0.20658061 -0.30518606 0.13205594
v 0.20658061 -0.30518606 0.13205594
v 0.20658061 -0.30518606 0.13205594
v 0.19904321 -0.31455445 0.13180785
v 0.19904321 -0.31455445 0.13180785
v 0.19904321 -0.31455445 0.13180785
v 0.1967167 -0.46841374 0.07785691
v 0.1967167 -0.46841374 0.07785691
v 0.21012804 -0.46841374 0.0783283
v 0.12143302 -0.30357862 0.18034957
v 0.12143302 -0.30357862 0.18034957
v 0.12172058 -0.31133202 0.18025702
vt 0.0058440426 1.0812731
vt 0.0058440426 1.0812731
vt 0.0058440426 1.0812731
vt 0.0058440426 1.0812731
vt 0.0059334137 1.0055368
vt 0.0059334137 1.0055368
vt 0.01634249 1.0189475
vt 0.01634249 1.0189475
vt 0.01634249 1.0189475
vt 0.01634249 1.0189475
vt 0.019146102 1.0810812
vt 0.019146102 1.0810812
vt 0.12733018 1.0158936
vt 0.12733018 1.0158936
vt 0.12733018 1.0158936
vt 0.12733018 1.0158936
vt 0.12733018 1.0295995
vt 0.12733018 1.0295995
vt 0.17573678 1.0327766
vt 0.17573678 1.0327766
vt 0.17573678 1.0327766
vt 0.17573678 1.0327766
vt 0.18592557 1.0193712
vt 0.18592557 1.0193712
vt 0.1869961 1.0810982
vt 0.1869961 1.0810982
vt 0.1869961 1.0810982
vt 0.1869961 1.0810982
vt 0.173707 1.0811616
vt 0.173707 1.0811616
vt 0.01634249 1.0189475
vt 0.01634249 1.0189475
vt 0.01634249 1.0189475
vt 0.01634249 1.0189475
vt 0.0059334137 1.0055368
vt 0.0059334137 1.0055368
vt 0.12733018 1.0295995
vt 0.12733018 1.0295995
vt 0.12733018 1.0158936
vt 0.12733018 1.0158936
vt 0.12733018 1.0158936
vt 0.12733018 1.0158936
vt 0.17573678 1.0327766
vt 0.17573678 1.0327766
vt 0.17573678 1.0327766
vt 0.17573678 1.0327766
vt 0.18592557 1.0193712
vt 0.18592557 1.0193712
vt 0.09885616 0.07869989
vt 0.0020419979 0.007394016
vt 0.2108501 0.0114943385
vt 0.2108501 0.1478092
vt 0.0020419979 0.1478092
vt 0.005889177 1.0826553
vt 0.005889177 1.0826553
vt 0.005889177 1.0826553
vt 0.019220855 1.0827378
vt 0.019220855 1.0827378
vt 0.019220855 1.0827378
vt 0.016616927 1.1347144
vt 0.016616927 1.1347144
vt 0.016616927 1.1347144
vt 0.0063746353 1.1456895
vt 0.0063746353 1.1456895
vt 0.0059334137 1.0055368
vt 0.0059334137 1.0055368
vt 0.0059334137 1.0055368
vt 0.01634249 1.0189475
vt 0.01634249 1.0189475
vt 0.01634249 1.0189475
vt 0.07750344 1.0167198
vt 0.07750344 1.0167198
vt 0.07750344 1.0167198
vt 0.07671642 1.0306586
vt 0.07671642 1.0306586
vt 0.07671642 1.0306586
vt 0.18696591 1.0829164
vt 0.18696591 1.0829164
vt 0.18696591 1.0829164
vt 0.18620253 1.1456895
vt 0.18620253 1.1456895
vt 0.17596023 1.1347144
vt 0.17596023 1.1347144
vt 0.17596023 1.1347144
vt 0.17362739 1.0830593
vt 0.17362739 1.0830593
vt 0.17362739 1.0830593
vt 0.18592557 1.0193712
vt 0.18592557 1.0193712
vt 0.18592557 1.0193712
vt 0.17573678 1.0327766
vt 0.17573678 1.0327766
vt 0.17573678 1.0327766
vt 0.12733018 1.0158936
vt 0.12733018 1.0158936
vt 0.12733018 1.0158936
vt 0.12733018 1.0158936
vt 0.12733018 1.0295995
vt 0.12733018 1.0295995
vt 0.0020419979 0.1478092
vt 0.0020419979 0.007394016
vt 0.09774539 0.07968736
vt 0.2108501 0.0114943385
vt 0.2108501 0.1478092
vt 0.003741935 1.0829096
vt 0.003741935 1.0829096
vt 0.003741935 1.0829096
vt 0.0045681642 1.1445414
vt 0.016616927 1.1347144
vt 0.016616927 1.1347144
vt 0.017152343 1.0830355
vt 0.017152343 1.0830355
vt 0.017152343 1.0830355
vt 0.0059334137 1.0055368
vt 0.0059334137 1.0055368
vt 0.0059334137 1.0055368
vt 0.01634249 1.0189475
vt 0.01634249 1.0189475
vt 0.01634249 1.0189475
vt 0.07750344 1.0167198
vt 0.07750344 1.0167198
vt 0.07750344 1.0167198
vt 0.06421756 1.0025287
vt 0.06421756 1.0025287
vt 0.06421756 1.0025287
vt 0.06091499 1.0191354
vt 0.06091499 1.0191354
vt 0.06091499 1.0191354
vt 0.07671642 1.0306586
vt 0.07671642 1.0306586
vt 0.07671642 1.0306586
vt 0.18883522 1.0829096
vt 0.18883522 1.0829096
vt 0.18883522 1.0829096
vt 0.17542481 1.0830355
vt 0.17542481 1.0830355
vt 0.17542481 1.0830355
vt 0.17596023 1.1347144
vt 0.17596023 1.1347144
vt 0.188009 1.1445414
vt 0.18592557 1.0193712
vt 0.18592557 1.0193712
vt 0.18592557 1.0193712
vt 0.17573678 1.0327766
vt 0.17573678 1.0327766
vt 0.17573678 1.0327766
vt 0.12733018 1.0158936
vt 0.12733018 1.0158936
vt 0.12733018 1.0158936
vt 0.12733018 1.0158936
vt 0.12733018 1.0295995
vt 0.12733018 1.0295995
vt 0.088741235 0.07862663
vt 0.2108501 0.0114943385
vt 0.0020419979 0.007394016
vt 0.2108501 0.1478092
vt 0.2108501 0.1478092
vt 0.10644605 0.1478092
vt 0.10644605 0.1478092
vt 0.0020419979 0.1478092
vt 0.0020419979 0.1478092
vt 0.0020419979 0.1478092
vt 0.10644605 0.1478092
vt 0.2108501 0.1478092
vt 0.005889177 1.0826553
vt 0.005889177 1.0826553
vt 0.005889177 1.0826553
vt 0.019220855 1.0827378
vt 0.019220855 1.0827378
vt 0.019220855 1.0827378
vt 0.016616927 1.1347144
vt 0.016616927 1.1347144
vt 0.016616927 1.1347144
vt 0.0063746353 1.1456895
vt 0.0063746353 1.1456895
vt 0.0059334137 1.0055368
vt 0.0059334137 1.0055368
vt 0.0059334137 1.0055368
vt 0.01634249 1.0189475
vt 0.01634249 1.0189475
vt 0.01634249 1.0189475
vt 0.07750344 1.0167198
vt 0.07750344 1.0167198
vt 0.07750344 1.0167198
vt 0.07671642 1.0306586
vt 0.07671642 1.0306586
vt 0.07671642 1.0306586
vt 0.18696591 1.0829164
vt 0.18696591 1.0829164
vt 0.18696591 1.0829164
vt 0.18620253 1.1456895
vt 0.18620253 1.1456895
vt 0.17596023 1.1347144
vt 0.17596023 1.1347144
vt 0.17596023 1.1347144
vt 0.17362739 1.0830593
vt 0.17362739 1.0830593
vt 0.17362739 1.0830593
vt 0.18592557 1.0193712
vt 0.18592557 1.0193712
vt 0.18592557 1.0193712
vt 0.17573678 1.0327766
vt 0.17573678 1.0327766
vt 0.17573678 1.0327766
vt 0.15045354 1.0170543
vt 0.15045354 1.0170543
vt 0.15045354 1.0170543
vt 0.15045354 1.0170543
vt 0.15039618 1.03131
vt 0.15039618 1.03131
vt 0.12733018 1.0295995
vt 0.12733018 1.0295995
vt 0.12733018 1.0295995
vt 0.12733018 1.0158936
vt 0.12733018 1.0158936
vt 0.12733018 1.0158936
vt 0.10607198 0.07083392
vt 0.0020419979 0.007394016
vt 0.2108501 0.0114943385
vt 0.2108501 0.1478092
vt 0.0020419979 0.1478092
vt 0.003741935 1.0829096
vt 0.003741935 1.0829096
vt 0.003741935 1.0829096
vt 0.017152343 1.0830355
vt 0.017152343 1.0830355
vt 0.017152343 1.0830355
vt 0.016616927 1.1347144
vt 0.016616927 1.1347144
vt 0.016616927 1.1347144
vt 0.0063746353 1.1456895
vt 0.0063746353 1.1456895
vt 0.0059334137 1.0055368
vt 0.0059334137 1.0055368
vt 0.0059334137 1.0055368
vt 0.01634249 1.0189475
vt 0.01634249 1.0189475
vt 0.01634249 1.0189475
vt 0.07750344 1.0167198
vt 0.07750344 1.0167198
vt 0.07750344 1.0167198
vt 0.07671642 1.0306586
vt 0.07671642 1.0306586
vt 0.07671642 1.0306586
vt 0.06091499 1.0191354
vt 0.06091499 1.0191354
vt 0.06091499 1.0191354
vt 0.06421756 1.0025287
vt 0.06421756 1.0025287
vt 0.06421756 1.0025287
vt 0.18883522 1.0829096
vt 0.18883522 1.0829096
vt 0.18883522 1.0829096
vt 0.18620253 1.1456895
vt 0.18620253 1.1456895
vt 0.17596023 1.1347144
vt 0.17596023 1.1347144
vt 0.17596023 1.1347144
vt 0.17542481 1.0830355
vt 0.17542481 1.0830355
vt 0.17542481 1.0830355
vt 0.18592557 1.0193712
vt 0.18592557 1.0193712
vt 0.18592557 1.0193712
vt 0.17573678 1.0327766
vt 0.17573678 1.0327766
vt 0.17573678 1.0327766
vt 0.12733018 1.0158936
vt 0.12733018 1.0158936
vt 0.12733018 1.0158936
vt 0.12733018 1.0158936
vt 0.12733018 1.0295995
vt 0.12733018 1.0295995
vt 0.08636075 0.07862663
vt 0.0020419979 0.007394016
vt 0.2108501 0.0114943385
vt 0.2108501 0.1478092
vt 0.2108501 0.1478092
vt 0.10644605 0.1478092
vt 0.10644605 0.1478092
vt 0.0020419979 0.1478092
vt 0.0020419979 0.1478092
vt 0.10644605 0.1478092
vt 0.0020419979 0.1478092
vt 0.2108501 0.1478092
vt 0.005889177 1.0826553
vt 0.005889177 1.0826553
vt 0.005889177 1.0826553
vt 0.019220855 1.0827378
vt 0.019220855 1.0827378
vt 0.019220855 1.0827378
vt 0.016616927 1.1347144
vt 0.016616927 1.1347144
vt 0.016616927 1.1347144
vt 0.0063746353 1.1456895
vt 0.0063746353 1.1456895
vt 0.0059334137 1.0055368
vt 0.0059334137 1.0055368
vt 0.0059334137 1.0055368
vt 0.01634249 1.0189475
vt 0.01634249 1.0189475
vt 0.01634249 1.0189475
vt 0.12733018 1.0158936
vt 0.12733018 1.0158936
vt 0.12733018 1.0158936
vt 0.12733018 1.0158936
vt 0.12733018 1.0295995
vt 0.12733018 1.0295995
vt 0.18696591 1.0829164
vt 0.18696591 1.0829164
vt 0.18696591 1.0829164
vt 0.18620253 1.1456895
vt 0.18620253 1.1456895
vt 0.17596023 1.1347144
vt 0.17596023 1.1347144
vt 0.17596023 1.1347144
vt 0.17362739 1.0830593
vt 0.17362739 1.0830593
vt 0.17362739 1.0830593
vt 0.18592557 1.0193712
vt 0.18592557 1.0193712
vt 0.18592557 1.0193712
vt 0.17573678 1.0327766
vt 0.17573678 1.0327766
vt 0.17573678 1.0327766
vt 0.10607198 0.07083392
vt 0.0020419979 0.007394016
vt 0.2108501 0.0114943385
vt 0.2108501 0.1478092
vt 0.0020419979 0.1478092
vt 0.005889177 1.0826553
vt 0.005889177 1.0826553
vt 0.005889177 1.0826553
vt 0.019220855 1.0827378
vt 0.019220855 1.0827378
vt 0.019220855 1.0827378
vt 0.016616927 1.1347144
vt 0.016616927 1.1347144
vt 0.016616927 1.1347144
vt 0.0063746353 1.1456895
vt 0.0063746353 1.1456895
vt 0.0059334137 1.0055368
vt 0.0059334137 1.0055368
vt 0.0059334137 1.0055368
vt 0.01634249 1.0189475
vt 0.01634249 1.0189475
vt 0.01634249 1.0189475
vt 0.12733018 1.0158936
vt 0.12733018 1.0158936
vt 0.12733018 1.0158936
vt 0.12733018 1.0158936
vt 0.12733018 1.0295995
vt 0.12733018 1.0295995
vt 0.18696591 1.0829164
vt 0.18696591 1.0829164
vt 0.18696591 1.0829164
vt 0.18620253 1.1456895
vt 0.18620253 1.1456895
vt 0.17596023 1.1347144
vt 0.17596023 1.1347144
vt 0.17596023 1.1347144
vt 0.17362739 1.0830593
vt 0.17362739 1.0830593
vt 0.17362739 1.0830593
vt 0.18592557 1.0193712
vt 0.18592557 1.0193712
vt 0.18592557 1.0193712
vt 0.17573678 1.0327766
vt 0.17573678 1.0327766
vt 0.17573678 1.0327766
vt 0.10607198 0.07083392
vt 0.0020419979 0.007394016
vt 0.2108501 0.0114943385
vt 0.2108501 0.1478092
vt 0.0020419979 0.1478092
vt 0.003741935 1.0829096
vt 0.003741935 1.0829096
vt 0.003741935 1.0829096
vt 0.017152343 1.0830355
vt 0.017152343 1.0830355
vt 0.017152343 1.0830355
vt 0.016616927 1.1347144
vt 0.016616927 1.1347144
vt 0.016616927 1.1347144
vt 0.0063746353 1.1456895
vt 0.0063746353 1.1456895
vt 0.0059334137 1.0055368
vt 0.0059334137 1.0055368
vt 0.0059334137 1.0055368
vt 0.01634249 1.0189475
vt 0.01634249 1.0189475
vt 0.01634249 1.0189475
vt 0.07750344 1.0167198
vt 0.07750344 1.0167198
vt 0.07750344 1.0167198
vt 0.07671642 1.0306586
vt 0.07671642 1.0306586
vt 0.07671642 1.0306586
vt 0.06091499 1.0191354
vt 0.06091499 1.0191354
vt 0.06091499 1.0191354
vt 0.06421756 1.0025287
vt 0.06421756 1.0025287
vt 0.06421756 1.0025287
vt 0.18883522 1.0829096
vt 0.18883522 1.0829096
vt 0.18883522 1.0829096
vt 0.18620253 1.1456895
vt 0.18620253 1.1456895
vt 0.17596023 1.1347144
vt 0.17596023 1.1347144
vt 0.17596023 1.1347144
vt 0.17542481 1.0830355
vt 0.17542481 1.0830355
vt 0.17542481 1.0830355
vt 0.18592557 1.0193712
vt 0.18592557 1.0193712
vt 0.18592557 1.0193712
vt 0.17573678 1.0327766
vt 0.17573678 1.0327766
vt 0.17573678 1.0327766
vt 0.12733018 1.0158936
vt 0.12733018 1.0158936
vt 0.12733018 1.0158936
vt 0.12733018 1.0158936
vt 0.12733018 1.0295995
vt 0.12733018 1.0295995
vt 0.08636075 0.07862663
vt 0.0020419979 0.007394016
vt 0.2108501 0.0114943385
vt 0.2108501 0.1478092
vt 0.2108501 0.1478092
vt 0.10644605 0.1478092
vt 0.10644605 0.1478092
vt 0.0020419979 0.1478092
vt 0.0020419979 0.1478092
vt 0.10644605 0.1478092
vt 0.0020419979 0.1478092
vt 0.2108501 0.1478092
vt 0.005889177 1.0826553
vt 0.005889177 1.0826553
vt 0.005889177 1.0826553
vt 0.019220855 1.0827378
vt 0.019220855 1.0827378
vt 0.019220855 1.0827378
vt 0.016616927 1.1347144
vt 0.016616927 1.1347144
vt 0.016616927 1.1347144
vt 0.0063746353 1.1456895
vt 0.0063746353 1.1456895
vt 0.0059334137 1.0055368
vt 0.0059334137 1.0055368
vt 0.0059334137 1.0055368
vt 0.01634249 1.0189475
vt 0.01634249 1.0189475
vt 0.01634249 1.0189475
vt 0.07750344 1.0167198
vt 0.07750344 1.0167198
vt 0.07750344 1.0167198
vt 0.07671642 1.0306586
vt 0.07671642 1.0306586
vt 0.07671642 1.0306586
vt 0.18696591 1.0829164
vt 0.18696591 1.0829164
vt 0.18696591 1.0829164
vt 0.18620253 1.1456895
vt 0.18620253 1.1456895
vt 0.17596023 1.1347144
vt 0.17596023 1.1347144
vt 0.17596023 1.1347144
vt 0.17362739 1.0830593
vt 0.17362739 1.0830593
vt 0.17362739 1.0830593
vt 0.18592557 1.0193712
vt 0.18592557 1.0193712
vt 0.18592557 1.0193712
vt 0.17573678 1.0327766
vt 0.17573678 1.0327766
vt 0.17573678 1.0327766
vt 0.12733018 1.0158936
vt 0.12733018 1.0158936
vt 0.12733018 1.0158936
vt 0.12733018 1.0158936
vt 0.12733018 1.0295995
vt 0.12733018 1.0295995
vt 0.10607198 0.07083392
vt 0.0020419979 0.007394016
vt 0.2108501 0.0114943385
vt 0.2108501 0.1478092
vt 0.0020419979 0.1478092
vt 0.003741935 1.0829096
vt 0.003741935 1.0829096
vt 0.003741935 1.0829096
vt 0.017152343 1.0830355
vt 0.017152343 1.0830355
vt 0.017152343 1.0830355
vt 0.016616927 1.1347144
vt 0.016616927 1.1347144
vt 0.016616927 1.1347144
vt 0.0063746353 1.1456895
vt 0.0063746353 1.1456895
vt 0.0059334137 1.0055368
vt 0.0059334137 1.0055368
vt 0.0059334137 1.0055368
vt 0.01634249 1.0189475
vt 0.01634249 1.0189475
vt 0.01634249 1.0189475
vt 0.07750344 1.0167198
vt 0.07750344 1.0167198
vt 0.07750344 1.0167198
vt 0.07671642 1.0306586
vt 0.07671642 1.0306586
vt 0.07671642 1.0306586
vt 0.06091499 1.0191354
vt 0.06091499 1.0191354
vt 0.06091499 1.0191354
vt 0.06421756 1.0025287
vt 0.06421756 1.0025287
vt 0.06421756 1.0025287
vt 0.18883522 1.0829096
vt 0.18883522 1.0829096
vt 0.18883522 1.0829096
vt 0.18620253 1.1456895
vt 0.18620253 1.1456895
vt 0.17596023 1.1347144
vt 0.17596023 1.1347144
vt 0.17596023 1.1347144
vt 0.17542481 1.0830355
vt 0.17542481 1.0830355
vt 0.17542481 1.0830355
vt 0.18800472 1.0203699
vt 0.18800472 1.0203699
vt 0.18800472 1.0203699
vt 0.17573678 1.0327766
vt 0.17573678 1.0327766
vt 0.17573678 1.0327766
vt 0.17573678 1.0327766
vt 0.18384643 1.0183725
vt 0.18384643 1.0183725
vt 0.12733018 1.0158936
vt 0.12733018 1.0158936
vt 0.12733018 1.0158936
vt 0.12733018 1.0158936
vt 0.12733018 1.0295995
vt 0.12733018 1.0295995
vt 0.08636075 0.07862663
vt 0.0020419979 0.007394016
vt 0.2108501 0.0114943385
vt 0.2108501 0.1478092
vt 0.2108501 0.1478092
vt 0.10644605 0.1478092
vt 0.10644605 0.1478092
vt 0.0020419979 0.1478092
vt 0.0020419979 0.1478092
vt 0.10644605 0.1478092
vt 0.0020419979 0.1478092
vt 0.2108501 0.1478092
vt 0.003741935 1.0829096
vt 0.003741935 1.0829096
vt 0.003741935 1.0829096
vt 0.017152343 1.0830355
vt 0.017152343 1.0830355
vt 0.017152343 1.0830355
vt 0.016616927 1.1347144
vt 0.016616927 1.1347144
vt 0.016616927 1.1347144
vt 0.0063746353 1.1456895
vt 0.0063746353 1.1456895
vt 0.17596023 1.1347144
vt 0.17596023 1.1347144
vt 0.17596023 1.1347144
vt 0.18620253 1.1456895
vt 0.18620253 1.1456895
vt 0.0059334137 1.0055368
vt 0.0059334137 1.0055368
vt 0.0059334137 1.0055368
vt 0.01634249 1.0189475
vt 0.01634249 1.0189475
vt 0.01634249 1.0189475
vt 0.07750344 1.0167198
vt 0.07750344 1.0167198
vt 0.07750344 1.0167198
vt 0.07671642 1.0306586
vt 0.07671642 1.0306586
vt 0.07671642 1.0306586
vt 0.06091499 1.0191354
vt 0.06091499 1.0191354
vt 0.06091499 1.0191354
vt 0.06421756 1.0025287
vt 0.06421756 1.0025287
vt 0.06421756 1.0025287
vt 0.18883522 1.0829096
vt 0.18883522 1.0829096
vt 0.18883522 1.0829096
vt 0.17542481 1.0830355
vt 0.17542481 1.0830355
vt 0.17542481 1.0830355
vt 0.18592557 1.0193712
vt 0.18592557 1.0193712
vt 0.18592557 1.0193712
vt 0.17573678 1.0327766
vt 0.17573678 1.0327766
vt 0.17573678 1.0327766
vt 0.12733018 1.0158936
vt 0.12733018 1.0158936
vt 0.12733018 1.0158936
vt 0.12733018 1.0158936
vt 0.12733018 1.0295995
vt 0.12733018 1.0295995
vt 0.08636075 0.07862663
vt 0.0020419979 0.007394016
vt 0.2108501 0.0114943385
vt 0.2108501 0.1478092
vt 0.2108501 0.1478092
vt 0.10644605 0.1478092
vt 0.10644605 0.1478092
vt 0.0020419979 0.1478092
vt 0.0020419979 0.1478092
vt 0.10644605 0.1478092
vt 0.0020419979 0.1478092
vt 0.2108501 0.1478092
vt 0.005889177 1.0826553
vt 0.005889177 1.0826553
vt 0.005889177 1.0826553
vt 0.019220855 1.0827378
vt 0.019220855 1.0827378
vt 0.019220855 1.0827378
vt 0.016616927 1.1347144
vt 0.016616927 1.1347144
vt 0.016616927 1.1347144
vt 0.0063746353 1.1456895
vt 0.0063746353 1.1456895
vt 0.0059334137 1.0055368
vt 0.0059334137 1.0055368
vt 0.0059334137 1.0055368
vt 0.01634249 1.0189475
vt 0.01634249 1.0189475
vt 0.01634249 1.0189475
vt 0.12733018 1.0158936
vt 0.12733018 1.0158936
vt 0.12733018 1.0158936
vt 0.12733018 1.0158936
vt 0.12733018 1.0295995
vt 0.12733018 1.0295995
vt 0.18696591 1.0829164
vt 0.18696591 1.0829164
vt 0.18696591 1.0829164
vt 0.18620253 1.1456895
vt 0.18620253 1.1456895
vt 0.17596023 1.1347144
vt 0.17596023 1.1347144
vt 0.17596023 1.1347144
vt 0.17362739 1.0830593
vt 0.17362739 1.0830593
vt 0.17362739 1.0830593
vt 0.18592557 1.0193712
vt 0.18592557 1.0193712
vt 0.18592557 1.0193712
vt 0.17573678 1.0327766
vt 0.17573678 1.0327766
vt 0.17573678 1.0327766
vt 0.10607198 0.07083392
vt 0.0020419979 0.007394016
vt 0.2108501 0.0114943385
vt 0.2108501 0.1478092
vt 0.0020419979 0.1478092
vt 0.19437742 -0.9275522
vt 0.19437742 -0.9275522
vt 0.19437742 -0.9275522
vt 0.19437742 -0.9275522
vt 0.1539537 -0.92795837
vt 0.1539537 -0.92795837
vt 0.1539537 -0.92795837
vt 0.1539537 -0.92795837
vt 0.15275905 -0.9448434
vt 0.15275905 -0.9448434
vt 0.15275905 -0.9448434
vt 0.15275905 -0.9448434
vt 0.15275905 -0.9448434
vt 0.15275905 -0.9448434
vt 0.19427851 -0.9845011
vt 0.19427851 -0.9845011
vt 0.19427851 -0.9845011
vt 0.15196331 -0.9686426
vt 0.15196331 -0.9686426
vt 0.15196331 -0.9686426
vt 0.15196331 -0.9686426
vt 0.09539643 -0.9847877
vt 0.09539643 -0.9847877
vt 0.09539643 -0.9847877
vt 0.11518886 -0.92765594
vt 0.17990045 -0.97387516
vt 0.11518886 -0.92765594
vt 0.11518886 -0.92765594
vt 0.11518886 -0.92765594
vt 0.11518886 -0.92765594
vt 0.13099505 -0.87678266
vt 0.13099505 -0.87678266
vt 0.12373464 0.115208685
vt 0.13099505 -0.87678266
vt 0.13099505 -0.87678266
vt 0.111206494 -0.94048643
vt 0.111206494 -0.94048643
vt 0.16473453 -0.9711628
vt 0.16473453 -0.9711628
vt 0.111206494 -0.94048643
vt 0.111206494 -0.94048643
vt 0.111206494 -0.94048643
vt 0.018564325 -0.9405155
vt 0.018279072 -0.9847877
vt 0.018279072 -0.9847877
vt 0.17990045 -0.92110884
vt 0.17990045 -0.92110884
vt 0.17990045 -0.92110884
vt 0.16473451 -0.9205389
vt 0.16473451 -0.9205389
vt 0.16473451 -0.9205389
vt 0.018921468 -0.87678266
vt 0.018921468 -0.87678266
vt 0.018921468 -0.87678266
vt 0.018636398 -0.92768383
vt 0.1202642 -0.87678266
vt 0.1202642 -0.87678266
vt 0.1202642 -0.87060475
vt 0.018921468 -0.87060475
vt 0.009035624 -0.9275384
vt 0.009035624 -0.9275384
vt 0.009035624 -0.9275384
vt 0.02062684 -0.9274051
vt 0.02062684 -0.9274051
vt 0.02062684 -0.9274051
vt 0.020164255 -0.87255573
vt 0.020164255 -0.87255573
vt 0.020164255 -0.87255573
vt 0.011311185 -0.86090684
vt 0.011311185 -0.86090684
vt 0.011311185 -0.86090684
vt 0.10026462 -0.8718754
vt 0.10026462 -0.8718754
vt 0.10026462 -0.8718754
vt 0.11070495 -0.85977435
vt 0.11070495 -0.85977435
vt 0.11070495 -0.85977435
vt 0.1172242 -0.8708868
vt 0.1172242 -0.8708868
vt 0.1172242 -0.8708868
vt 0.13101205 -0.8551165
vt 0.13101205 -0.8551165
vt 0.11723542 -0.87852526
vt 0.108778015 0.09865087
vt 0.13102622 -0.877748
vt 0.12376846 0.09865087
vt 0.011550384 -0.99497485
vt 0.011550384 -0.99497485
vt 0.011550384 -0.99497485
vt 0.020357303 -0.9807472
vt 0.020357303 -0.9807472
vt 0.020357303 -0.9807472
vt 0.2097665 -0.99732614
vt 0.2097665 -0.99732614
vt 0.19492036 -0.9842937
vt 0.19492036 -0.9842937
vt 0.088468485 -0.9838605
vt 0.088468485 -0.9838605
vt 0.095378876 -0.99883294
vt 0.095378876 -0.99883294
vt 0.095378876 -0.99883294
vt 0.22481067 0.05705321
vt 0.22481067 0.044004142
vt 0.19450943 -0.8544048
vt 0.23918326 0.05037856
vt 0.2078416 -0.8574723
vt 0.2078416 -0.8574723
vt 0.21052703 -0.92762184
vt 0.21052703 -0.92762184
vt 0.19437742 -0.9275522
vt 0.19437742 -0.9275522
vt 0.19450943 -0.8767884
vt 0.19450943 -0.8767884
vt 0.17990045 -0.88650644
vt 0.17990045 -0.88650644
vt 0.17990045 -0.88650644
vt 0.16473451 -0.8870076
vt 0.16473451 -0.8870076
vt 0.16473451 -0.8870076
vt 0.17990044 -0.85125065
vt 0.17990044 -0.85125065
vt 0.1647345 -0.852823
vt 0.108778015 0.11751187
vt 0.19450943 -0.8767884
vt 0.10180809 0.06781423
vt 0.10015032 0.11637676
vt 0.021090833 0.09894079
vt 0.18245521 0.10523021
vt 0.20635441 0.11592913
vt 0.20635441 0.11592913
vt 0.1960057 0.12132257
vt 0.20204389 0.10596275
vt 0.19529626 0.11138147
vt 0.19529626 0.11138147
vt 0.19979139 0.018322706
vt 0.19979139 0.018322706
vt 0.20568442 0.016629934
vt 0.11479123 0.13484412
vt 0.11479123 0.13484412
vt 0.1145612 0.12037587
vt 0.009241441 0.13107318
vt 0.009241441 0.13107318
vt 0.009241441 0.13107318
vt 0.013711876 0.12261188
vt 0.013711876 0.12261188
vt 0.013711876 0.12261188
vt 0.08921243 0.12236965
vt 0.08921243 0.12236965
vt 0.089442216 0.13679141
vt 0.0069930307 0.03189504
vt 0.0069930307 0.03189504
vt 0.010804653 0.031927466
f 7291/7291 7295/7295 7297/7297
f 7298/7298 7301/7301 7292/7292
f 7303/7303 7307/7307 7299/7299
f 7300/7300 7296/7296 7304/7304
f 7309/7309 7313/7313 7315/7315
f 7316/7316 7319/7319 7310/7310
f 7305/7305 7314/7314 7311/7311
f 7312/7312 7308/7308 7306/7306
f 7293/7293 7302/7302 7321/7321
f 7322/7322 7325/7325 7294/7294
f 7323/7323 7327/7327 7329/7329
f 7330/7330 7326/7326 7324/7324
f 7333/7333 7320/7320 7317/7317
f 7318/7318 7337/7337 7334/7334
f 7331/7331 7328/7328 7335/7335
f 7336/7336 7338/7338 7332/7332
f 7344/7344 7347/7347 7350/7350
f 7351/7351 7353/7353 7345/7345
f 7355/7355 7358/7358 7348/7348
f 7349/7349 7346/7346 7356/7356
f 7361/7361 7364/7364 7359/7359
f 7360/7360 7357/7357 7362/7362
f 7367/7367 7370/7370 7372/7372
f 7373/7373 7375/7375 7368/7368
f 7378/7378 7369/7369 7376/7376
f 7377/7377 7381/7381 7379/7379
f 7384/7384 7380/7380 7382/7382
f 7383/7383 7388/7388 7385/7385
f 7365/7365 7363/7363 7386/7386
f 7387/7387 7389/7389 7366/7366
f 7395/7395 7398/7398 7399/7399
f 7400/7400 7401/7401 7396/7396
f 7404/7404 7397/7397 7402/7402
f 7403/7403 7407/7407 7405/7405
f 7410/7410 7413/7413 7416/7416
f 7417/7417 7419/7419 7411/7411
f 7422/7422 7425/7425 7428/7428
f 7429/7429 7430/7430 7423/7423
f 7431/7431 7434/7434 7426/7426
f 7427/7427 7424/7424 7432/7432
f 7437/7437 7441/7441 7435/7435
f 7436/7436 7433/7433 7438/7438
f 7414/7414 7406/7406 7408/7408
f 7409/7409 7418/7418 7415/7415
f 7420/7420 7442/7442 7439/7439
f 7440/7440 7412/7412 7421/7421
f 7455/7455 7458/7458 7461/7461
f 7462/7462 7464/7464 7456/7456
f 7466/7466 7469/7469 7459/7459
f 7460/7460 7457/7457 7467/7467
f 7472/7472 7475/7475 7470/7470
f 7471/7471 7468/7468 7473/7473
f 7478/7478 7481/7481 7483/7483
f 7484/7484 7486/7486 7479/7479
f 7489/7489 7480/7480 7487/7487
f 7488/7488 7492/7492 7490/7490
f 7495/7495 7491/7491 7493/7493
f 7494/7494 7499/7499 7496/7496
f 7501/7501 7504/7504 7497/7497
f 7498/7498 7500/7500 7502/7502
f 7476/7476 7474/7474 7505/7505
f 7506/7506 7503/7503 7477/7477
f 7512/7512 7515/7515 7518/7518
f 7519/7519 7521/7521 7513/7513
f 7523/7523 7526/7526 7516/7516
f 7517/7517 7514/7514 7524/7524
f 7529/7529 7532/7532 7535/7535
f 7536/7536 7538/7538 7530/7530
f 7541/7541 7544/7544 7546/7546
f 7547/7547 7549/7549 7542/7542
f 7552/7552 7543/7543 7550/7550
f 7551/7551 7555/7555 7553/7553
f 7558/7558 7554/7554 7556/7556
f 7557/7557 7562/7562 7559/7559
f 7539/7539 7537/7537 7527/7527
f 7528/7528 7525/7525 7540/7540
f 7533/7533 7531/7531 7560/7560
f 7561/7561 7563/7563 7534/7534
f 7576/7576 7579/7579 7582/7582
f 7583/7583 7585/7585 7577/7577
f 7587/7587 7590/7590 7580/7580
f 7581/7581 7578/7578 7588/7588
f 7593/7593 7597/7597 7591/7591
f 7592/7592 7589/7589 7594/7594
f 7599/7599 7602/7602 7604/7604
f 7605/7605 7607/7607 7600/7600
f 7610/7610 7601/7601 7608/7608
f 7609/7609 7613/7613 7611/7611
f 7595/7595 7612/7612 7614/7614
f 7615/7615 7598/7598 7596/7596
f 7621/7621 7624/7624 7627/7627
f 7628/7628 7630/7630 7622/7622
f 7632/7632 7635/7635 7625/7625
f 7626/7626 7623/7623 7633/7633
f 7638/7638 7642/7642 7636/7636
f 7637/7637 7634/7634 7639/7639
f 7644/7644 7647/7647 7649/7649
f 7650/7650 7652/7652 7645/7645
f 7655/7655 7646/7646 7653/7653
f 7654/7654 7658/7658 7656/7656
f 7640/7640 7657/7657 7659/7659
f 7660/7660 7643/7643 7641/7641
f 7666/7666 7669/7669 7672/7672
f 7673/7673 7675/7675 7667/7667
f 7677/7677 7680/7680 7670/7670
f 7671/7671 7668/7668 7678/7678
f 7683/7683 7686/7686 7689/7689
f 7690/7690 7692/7692 7684/7684
f 7695/7695 7698/7698 7700/7700
f 7701/7701 7703/7703 7696/7696
f 7706/7706 7697/7697 7704/7704
f 7705/7705 7709/7709 7707/7707
f 7712/7712 7708/7708 7710/7710
f 7711/7711 7716/7716 7713/7713
f 7693/7693 7691/7691 7681/7681
f 7682/7682 7679/7679 7694/7694
f 7687/7687 7685/7685 7714/7714
f 7715/7715 7717/7717 7688/7688
f 7730/7730 7733/7733 7736/7736
f 7737/7737 7739/7739 7731/7731
f 7741/7741 7744/7744 7734/7734
f 7735/7735 7732/7732 7742/7742
f 7747/7747 7750/7750 7745/7745
f 7746/7746 7743/7743 7748/7748
f 7753/7753 7756/7756 7758/7758
f 7759/7759 7761/7761 7754/7754
f 7764/7764 7755/7755 7762/7762
f 7763/7763 7767/7767 7765/7765
f 7770/7770 7766/7766 7768/7768
f 7769/7769 7774/7774 7771/7771
f 7751/7751 7749/7749 7772/7772
f 7773/7773 7775/7775 7752/7752
f 7781/7781 7784/7784 7787/7787
f 7788/7788 7790/7790 7782/7782
f 7792/7792 7795/7795 7785/7785
f 7786/7786 7783/7783 7793/7793
f 7798/7798 7801/7801 7804/7804
f 7805/7805 7807/7807 7799/7799
f 7810/7810 7813/7813 7815/7815
f 7816/7816 7818/7818 7811/7811
f 7821/7821 7812/7812 7819/7819
f 7820/7820 7824/7824 7822/7822
f 7828/7828 7823/7823 7825/7825
f 7830/7830 7829/7829 7826/7826
f 7827/7827 7834/7834 7831/7831
f 7808/7808 7806/7806 7796/7796
f 7797/7797 7794/7794 7809/7809
f 7802/7802 7800/7800 7832/7832
f 7833/7833 7835/7835 7803/7803
f 7848/7848 7851/7851 7854/7854
f 7855/7855 7857/7857 7849/7849
f 7864/7864 7867/7867 7852/7852
f 7853/7853 7850/7850 7865/7865
f 7870/7870 7873/7873 7876/7876
f 7877/7877 7879/7879 7871/7871
f 7882/7882 7863/7863 7860/7860
f 7861/7861 7885/7885 7883/7883
f 7888/7888 7884/7884 7886/7886
f 7887/7887 7891/7891 7889/7889
f 7894/7894 7890/7890 7892/7892
f 7893/7893 7898/7898 7895/7895
f 7880/7880 7878/7878 7868/7868
f 7869/7869 7866/7866 7881/7881
f 7874/7874 7872/7872 7896/7896
f 7897/7897 7899/7899 7875/7875
f 7912/7912 7915/7915 7918/7918
f 7919/7919 7921/7921 7913/7913
f 7923/7923 7926/7926 7916/7916
f 7917/7917 7914/7914 7924/7924
f 7929/7929 7933/7933 7927/7927
f 7928/7928 7925/7925 7930/7930
f 7935/7935 7938/7938 7940/7940
f 7941/7941 7943/7943 7936/7936
f 7946/7946 7937/7937 7944/7944
f 7945/7945 7949/7949 7947/7947
f 7931/7931 7948/7948 7950/7950
f 7951/7951 7934/7934 7932/7932
f 7957/7957 7961/7961 7965/7965
f 7971/7971 7974/7974 7978/7978
f 7981/7981 7962/7962 7987/7987
f 7992/7992 7999/7999 8000/8000
f 8001/8001 7979/7979 7993/7993
f 7994/7994 7982/7982 8002/8002
f 8003/8003 8005/8005 7995/7995
f 8008/8008 8011/8011 7983/7983
f 8016/8016 8019/8019 8022/8022
f 8023/8023 8025/8025 8017/8017
f 8026/8026 8024/8024 8028/8028
f 8029/8029 8031/8031 8027/8027
f 8032/8032 8030/8030 8034/8034
f 8035/8035 8037/8037 8033/8033
f 8043/8043 8046/8046 8020/8020
f 8021/8021 8018/8018 8044/8044
f 8056/8056 8054/8054 8047/8047
f 8048/8048 8045/8045 8057/8057
f 8058/8058 8059/8059 8061/8061
f 8060/8060 8069/8069 8063/8063
f 8006/8006 8004/8004 8070/8070
f 8071/8071 8073/8073 8007/8007
f 8074/8074 8072/8072 8076/8076
f 8077/8077 8078/8078 8075/8075
f 7975/7975 7966/7966 7996/7996
f 7980/7980 7976/7976 7997/7997
f 7990/7990 7963/7963 7958/7958
f 7991/7991 7959/7959 8080/8080
f 7998/7998 7967/7967 7985/7985
f 7972/7972 7968/7968 7977/7977
f 7960/7960 7969/7969 7973/7973
f 7986/7986 7970/7970 7964/7964
f 8085/8085 8088/8088 8091/8091
f 8092/8092 8093/8093 8086/8086
f 8094/8094 8096/8096 8089/8089
f 8090/8090 8087/8087 8095/8095
f 8097/8097 8100/8100 8103/8103
f 8104/8104 8105/8105 8098/8098
f 8106/8106 8108/8108 8101/8101
f 8102/8102 8099/8099 8107/8107
f 7354/7354 7352/7352 7374/7374
f 7374/7374 7371/7371 7354/7354
f 7465/7465 7463/7463 7485/7485
f 7485/7485 7482/7482 7465/7465
f 7522/7522 7520/7520 7548/7548
f 7548/7548 7545/7545 7522/7522
f 7586/7586 7584/7584 7606/7606
f 7606/7606 7603/7603 7586/7586
f 7631/7631 7629/7629 7651/7651
f 7651/7651 7648/7648 7631/7631
f 7676/7676 7674/7674 7702/7702
f 7702/7702 7699/7699 7676/7676
f 7740/7740 7738/7738 7760/7760
f 7760/7760 7757/7757 7740/7740
f 7791/7791 7789/7789 7817/7817
f 7817/7817 7814/7814 7791/7791
f 7858/7858 7856/7856 7859/7859
f 7859/7859 7862/7862 7858/7858
f 7922/7922 7920/7920 7942/7942
f 7942/7942 7939/7939 7922/7922
f 8012/8012 8009/8009 7984/7984
f 7988/7988 8012/8012 7984/7984
f 8013/8013 8014/8014 8015/8015
f 8015/8015 8010/8010 8013/8013
f 8038/8038 8036/8036 8039/8039
f 8039/8039 8041/8041 8038/8038
f 8049/8049 8051/8051 8053/8053
f 8053/8053 8055/8055 8049/8049
f 8064/8064 8066/8066 8052/8052
f 8052/8052 8050/8050 8064/8064
f 8065/8065 8062/8062 8068/8068
f 8068/8068 8067/8067 8065/8065
f 8040/8040 8079/8079 7989/7989
f 7989/7989 8042/8042 8040/8040
f 8081/8081 8082/8082 8083/8083
f 8084/8084 8082/8082 8081/8081
f 7574/7574 7572/7572 7570/7570
f 7570/7570 7573/7573 7574/7574
f 7573/7573 7570/7570 7568/7568
f 7568/7568 7575/7575 7573/7573
f 7728/7728 7726/7726 7724/7724
f 7724/7724 7727/7727 7728/7728
f 7727/7727 7724/7724 7722/7722
f 7722/7722 7729/7729 7727/7727
f 7846/7846 7844/7844 7842/7842
f 7842/7842 7845/7845 7846/7846
f 7845/7845 7842/7842 7840/7840
f 7840/7840 7847/7847 7845/7845
f 7910/7910 7908/7908 7906/7906
f 7906/7906 7909/7909 7910/7910
f 7909/7909 7906/7906 7904/7904
f 7904/7904 7911/7911 7909/7909
f 7449/7449 7451/7451 7452/7452
f 7452/7452 7453/7453 7449/7449
f 7447/7447 7449/7449 7453/7453
f 7453/7453 7454/7454 7447/7447
f 7339/7339 7340/7340 7341/7341
f 7339/7339 7343/7343 7340/7340
f 7339/7339 7341/7341 7342/7342
f 7339/7339 7342/7342 7343/7343
f 7392/7392 7391/7391 7393/7393
f 7390/7390 7391/7391 7392/7392
f 7392/7392 7393/7393 7394/7394
f 7392/7392 7394/7394 7390/7390
f 7507/7507 7508/7508 7509/7509
f 7507/7507 7511/7511 7508/7508
f 7507/7507 7509/7509 7510/7510
f 7507/7507 7510/7510 7511/7511
f 7616/7616 7617/7617 7618/7618
f 7616/7616 7620/7620 7617/7617
f 7616/7616 7618/7618 7619/7619
f 7616/7616 7619/7619 7620/7620
f 7661/7661 7662/7662 7663/7663
f 7661/7661 7665/7665 7662/7662
f 7661/7661 7663/7663 7664/7664
f 7661/7661 7664/7664 7665/7665
f 7776/7776 7777/7777 7778/7778
f 7776/7776 7780/7780 7777/7777
f 7776/7776 7778/7778 7779/7779
f 7776/7776 7779/7779 7780/7780
f 7952/7952 7953/7953 7954/7954
f 7952/7952 7956/7956 7953/7953
f 7952/7952 7954/7954 7955/7955
f 7952/7952 7955/7955 7956/7956
f 7443/7443 7444/7444 7445/7445
f 7443/7443 7445/7445 7450/7450
f 7443/7443 7446/7446 7444/7444
f 7443/7443 7450/7450 7448/7448
f 7448/7448 7446/7446 7443/7443
f 7564/7564 7565/7565 7566/7566
f 7564/7564 7571/7571 7565/7565
f 7564/7564 7566/7566 7567/7567
f 7569/7569 7571/7571 7564/7564
f 7564/7564 7567/7567 7569/7569
f 7718/7718 7719/7719 7720/7720
f 7718/7718 7725/7725 7719/7719
f 7718/7718 7720/7720 7721/7721
f 7723/7723 7725/7725 7718/7718
f 7718/7718 7721/7721 7723/7723
f 7836/7836 7837/7837 7838/7838
f 7836/7836 7843/7843 7837/7837
f 7836/7836 7838/7838 7839/7839
f 7841/7841 7843/7843 7836/7836
f 7836/7836 7839/7839 7841/7841
f 7900/7900 7901/7901 7902/7902
f 7900/7900 7907/7907 7901/7901
f 7900/7900 7902/7902 7903/7903
f 7905/7905 7907/7907 7900/7900
f 7900/7900 7903/7903 7905/7905
